Animal_ID,Trial_ID,timebin_1,timebin_2,timebin_3,timebin_4,timebin_5,timebin_6,timebin_7,timebin_8,timebin_9,timebin_10,timebin_11,timebin_12,timebin_13,timebin_14,timebin_15,timebin_16,timebin_17,timebin_18,timebin_19,timebin_20,timebin_21,timebin_22,timebin_23,timebin_24,timebin_25,timebin_26,timebin_27,timebin_28,timebin_29,timebin_30,timebin_31,timebin_32,timebin_33,timebin_34,timebin_35,timebin_36,timebin_37,timebin_38,timebin_39,timebin_40,timebin_41,timebin_42,timebin_43,timebin_44,timebin_45,timebin_46,timebin_47,timebin_48,timebin_49,timebin_50,timebin_51,timebin_52,timebin_53,timebin_54,timebin_55,timebin_56,timebin_57,timebin_58,timebin_59,timebin_60,timebin_61,timebin_62,timebin_63,timebin_64,timebin_65,timebin_66,timebin_67,timebin_68,timebin_69,timebin_70,timebin_71,timebin_72,timebin_73,timebin_74,timebin_75,timebin_76,timebin_77,timebin_78,timebin_79,timebin_80,timebin_81,timebin_82,timebin_83,timebin_84,timebin_85,timebin_86,timebin_87,timebin_88,timebin_89,timebin_90,timebin_91,timebin_92,timebin_93,timebin_94,timebin_95,timebin_96,timebin_97,timebin_98,timebin_99,timebin_100,timebin_101,timebin_102,timebin_103,timebin_104,timebin_105,timebin_106,timebin_107,timebin_108,timebin_109,timebin_110,timebin_111,timebin_112,timebin_113,timebin_114,timebin_115,timebin_116,timebin_117,timebin_118,timebin_119
1,121,1.0042691155805,1.02501724979046,0.999713191909618,1.00217284843337,0.919494491321108,0.937988004208914,0.966932224640458,0.971497410378642,0.999152939531508,1.01447224937965,1.00760008486407,1.0137791303716,1.00947531259642,1.0267332432137,1.02710049561389,1.01531150271936,1.01824602388085,1.01824602388085,1.02279845768504,1.01921229486052,1.01984392362158,1.02878072567262,0.977285907022815,0.975145926902901,0.970368170161573,0.967276071922087,0.980857455474021,0.990404636601246,0.998544463609037,0.994662431201555,0.994662431201555,0.995621412911313,0.989170045031387,0.980536922115371,0.984903361315216,0.975797354115717,0.971413795209286,0.971577112348327,0.966517393421121,0.963922067132175,0.961783115060702,0.959641265284638,0.958046829002836,0.961559850169392,0.961559850169392,0.958197655269043,0.952490955245642,0.952192395505256,0.951101287399685,0.955160726248833,0.954142689379012,0.956609107011295,0.956723006333363,0.967214844130521,0.967214844130521,0.954701360456125,0.94768182675279,0.947258533435701,0.945990618671015,0.952904176536487,0.960815446373116,0.960846888103412,0.977639174478631,0.988301767694496,0.986060817972097,0.978802321121347,0.895763336098478,0.895029332606881,0.893550861999753,0.91168839767392,0.945699493856797,0.946017910211504,0.982673295937055,0.989495744920453,0.989495744920453,1.00875348721204,1.00935265398979,1.01255386507644,1.0119740814382,1.01172174275201,1.01146606626762,1.01109109813604,1.00967380669154,1.01162689618393,1.01162689618393,1.01135821777106,1.00622327431489,1.00889947651126,1.0084201764659,0.960517556582116,0.934974646097087,0.937927227915575,0.948048968713225,1.02201911332247,1.02262239394466,1.03911492306787,1.05617019715059,1.05998180690968,1.05921914853848,1.05882324136553,1.07386657740655,1.07178514032636,1.08601859036112,1.08695382194986,1.08900272617741,1.07820964640526,1.05407802474281,1.04276358196098,1.04778687876005,1.03897048425091,1.02625888759216,1.02642906524908,1.01930542504516,1.00889171762701,1.01003561454363,1.00906928427271,1.01254802236229,1.00300980181677,1.00489074227445
1,122,0.998157934355867,1.01557066856128,1.01498438443016,1.01021699130579,1.01147471551682,1.00578252023286,1.0042730854543,1.0044585727903,1.00234823172536,1.00369952277725,0.991831746813665,0.991567247368448,0.992342522882666,0.985471069772555,0.985086908313161,0.988955291478623,0.999053309777334,0.998308907088379,0.996416369355199,0.992409269907396,0.993671733742765,0.994160518349298,0.987069274643422,0.993253509935998,0.993687788832541,1.00130949198517,1.02747015407205,1.03363965717192,1.03363965717192,1.03521696681298,1.03256788543587,1.03268257539772,1.02359680136934,1.01848777935616,1.01600527309614,1.01650682389811,1.00737897525377,1.00782907322522,1.00759782588937,0.99861376282691,1.00461181308407,1.00427176087198,0.99972669070403,0.979999151727272,0.979444681524858,1.01560147239091,1.01741919611145,1.0196932185735,1.01917369764256,1.04049411798647,1.06220901398703,1.06309756894603,1.07410061155211,1.08434813129603,1.11127760225734,1.11127760225734,1.13193167111826,1.13239139472525,1.13335302835983,1.11993314767402,1.03623920101059,1.0184821105932,0.797707401394357,0.644864472131638,0.672906848659816,0.674139455673962,0.664579299996485,0.646141041923192,0.646180552478786,0.661034144407689,0.668789269492538,0.668789269492538,0.697087840797533,0.741539009876799,0.785546259751009,0.787774510159875,0.797817791431838,0.810338469893384,0.810624836694132,0.811630800415537,0.815024620416636,0.814176091946284,0.819322014570291,0.815791887756481,0.815193930673325,0.814790276964981,0.830787006985237,0.734944930047886,0.735180734913554,0.6926750404951,0.660027488121438,0.66554748668489,0.666704784719919,0.67513663270702,0.683112804792967,0.683112804792967,0.708824184181166,0.721438219512133,0.734326096948311,0.737894456225463,0.739090076926819,0.748643732377273,0.752854886042033,0.760118743037422,0.7666147800662,0.7666147800662,0.75876335900792,0.808221563396247,0.808557399561582,0.900319544262038,0.952625478926329,1.00142623494532,1.00210905023753,1.05255845410394,1.08823962092062,1.08685583374362,1.09467337501293,1.11825077373067,1.11059794282762
1,123,0.966261105327411,0.992693540493708,0.992693540493708,1.01289238365384,1.03245306180243,1.05469714424659,1.05469714424659,1.07220716377189,1.07567710071043,1.07519735171587,1.08156220638861,1.07348825211965,1.05744544680915,1.05378013523229,0.980438973292476,0.897430596930592,0.895942863905801,0.82246246572405,0.807979523134903,0.831047219662525,0.831041110138887,0.879893861101146,0.881483645406117,0.941247847972588,0.943640416802219,0.952910628668647,0.950120945910378,0.971034115388275,0.979433840639478,0.973242643275838,0.972633335029429,0.974889127538916,0.96927969078135,0.968954969587211,0.967228461161454,0.9542033452707,0.9542033452707,0.948765092716183,0.940831099709296,0.940589792685904,0.941327301474465,0.937188210521856,0.939062130105925,0.93560760673749,0.934417006856652,0.931171139406905,0.932413051244132,0.936960489305345,0.947281441578048,0.958700805324139,0.959192798251724,0.950986303323144,0.96811809658563,0.968473154103488,0.98969056279142,0.987829822762746,0.976036798160481,0.975554383163356,0.974131270613744,0.966319907524334,0.9681313000415,0.960391961138663,0.956789802705714,0.972875934768298,0.972875934768298,0.970548410465868,0.974959761296679,0.976286802146897,0.978685230419644,0.979031193797516,0.984243974909062,0.981569331023455,0.969482823881961,0.971408707242637,0.966250194330356,0.957545361986163,0.908385643924804,0.908576954440114,0.8666707948925,0.781957698346527,0.781957698346527,0.768283905442591,0.776678630600197,0.782895113598944,0.783395898605805,0.80312065169305,0.813709403289736,0.814126452928284,0.822554706593971,0.825462366104006,0.82663782916354,0.826176250602694,0.826854789662642,0.819575753853071,0.815750968559133,0.842737158203386,0.85246789186442,0.851692877142811,0.863163758729847,0.874344952088407,0.894775275436585,0.894698318694389,0.913714870604909,0.918837313957346,0.919442305683346,0.916321451344126,0.915149173895641,0.914817804902295,0.914317503139783,0.9148814095275,0.9148814095275,0.914152639203489,0.909118092237692,0.897085700198585,0.897727246322785,0.842896523842101,0.848329606489688,0.848797738251535,0.843714528416269
1,124,1.03720270293945,1.06419919128322,1.06503304314712,1.0655405189053,1.04690333548901,1.04579575434948,0.970350651008807,0.966898449389578,0.988357571252064,0.987436492388895,0.98540755257242,0.983010621534044,0.982421695445901,0.978306252352599,0.97549853248571,0.970689572641633,0.971372566352402,0.959708477178009,0.95586701928436,0.95586701928436,0.961715636166961,0.961416798214643,0.961202647729036,1.01152012551798,1.0209147886341,1.05682965709908,1.06309644031151,1.0872896213409,1.09617888830972,1.09684311535948,1.08630067860292,1.07931464580494,1.07888026574201,1.06553221926359,1.06154128976629,0.981801001429837,0.981801001429837,0.922073757221086,0.949645522174671,0.950740506681804,0.987171853841443,1.00663766397162,1.00718249513217,1.01107657720087,1.02060663841442,1.05123248132194,1.05113311717774,1.0515288124519,1.07295693007445,1.07210418923917,1.10344570520285,1.1213704285965,1.11448618572313,1.11523410043731,1.1188890724571,1.11131188616072,1.11146956676425,1.09426699833672,1.08378015419438,1.08299192341151,1.09188774083648,1.01697092276807,0.870088287984929,0.866411891901207,0.818485731182387,0.827157219898529,0.827157219898529,0.83044489397932,0.811393516314567,0.809316437464683,0.809316437464683,0.818028947148875,0.805943369724022,0.805900108650324,0.806689229064044,0.804418846354462,0.805294490623949,0.794536724221166,0.793721144341921,0.788968961670934,0.785009778372096,0.785856962618349,0.78316285522655,0.783557159220075,0.785374955534705,0.792608630986652,0.793939895475765,0.865135202539535,0.887063401614426,0.938520549623565,0.940138265463921,0.986005338099196,1.00168453081332,1.00168453081332,1.00643644329813,0.990949511222115,0.98277461318429,0.98277461318429,0.989645958336436,0.995021736056267,0.993776300873489,0.992976854101506,0.989990696212087,0.985767582964021,0.973591614869375,0.956833407338854,0.961085530756486,0.960139973185859,0.95449241081843,0.962570244802445,0.963340120229739,0.951434478613651,0.948900712081532,0.9505600423292,0.942906638833432,0.938450150104944,0.930110568327934,0.930110568327934,0.926319482631542
1,125,1.03398994838216,1.03474519857892,1.02837813982466,1.01969255281306,1.0033586100735,1.00385774767215,0.991134401079858,0.988995431158504,0.988921830764791,0.981138403385165,0.98393378965305,0.97424293013638,0.984532287241993,0.970797273795345,0.989126470064347,0.988582152837681,1.00704440651012,1.0135949885917,1.01393343743664,1.02259869503826,1.01246027177573,1.01081161083348,1.00846583281087,1.00580311129974,1.00492532489527,1.00885935439848,1.01287032473613,1.01153914066473,1.01085715116911,1.00411735574261,0.991489452916794,0.98502020637742,0.986778850791278,0.975815788781974,0.966632965999169,0.966632965999169,0.968289201085721,0.959367301298451,0.958767190781244,0.949573822972818,0.951571744383691,0.954291094258594,0.954285779991794,0.968150938539964,0.980002477327684,0.976756736818163,0.998012392214223,1.00113600309887,1.00196072280236,1.00423614913894,1.02570370061424,1.07469562303403,1.07465188281574,1.07899937088387,1.10385488277704,1.10186483729328,1.16472237295437,1.1798914924713,1.21362663254523,1.21362663254523,1.23590389956965,1.25323372642331,1.25305221767681,1.26529416579051,1.2603093313465,1.24920692447174,1.2489491385786,1.23248987680994,1.23202260358143,1.23202260358143,1.2263647564429,1.21046345564709,1.21046345564709,1.20799234187734,1.20435804026085,1.20139628125883,1.20236301490147,1.13344321100684,1.1026071381484,1.10438041957667,1.1229833750947,1.11711114022778,1.11698238653923,1.12198476352352,1.11578272941552,1.13720272061041,1.13655283962099,1.1465655823881,1.14782142866927,1.14812416772051,1.13896865899985,1.14087993629743,1.13547463291937,1.12761469880901,1.12911410739021,1.12940141264653,1.12879858465318,1.12403090743412,1.06623843329929,1.06217331934052,1.01273651132274,1.02058764079358,1.05954932934159,1.06000568701766,1.07579311362907,1.08917329103015,1.08897778283717,1.08535299635704,1.0804726262032,1.07922584252484,1.07496609337338,1.06453335097353,1.05849260271403,1.05820522071092,1.05653354896771,1.05574252398454,1.05343379568045,1.04636048664069,1.04948268309396
1,126,0.9855218417662,0.9855218417662,0.991353924885172,0.985858977589147,0.986072254354783,0.993166366579729,0.989513971219963,0.987206036462154,0.987240842833131,0.945787574834697,0.92308213323013,0.924359362732873,0.979606392544117,1.02635370640871,1.02644417952708,1.05630168707015,1.0676198425036,1.07949453184608,1.07949453184608,1.08721001411072,1.07885804616984,1.07800838711078,1.04315599372815,1.02748480300777,1.02470700576763,0.991626517706233,0.994404132024713,1.0442159746366,1.04421514593249,1.05030034143674,1.07163590599174,1.07153451391921,1.1036482640972,1.12155167517736,1.1290341763771,1.12852297798646,1.12046818987191,1.11958053087246,1.12169327162247,1.1182924561138,1.10644015768897,1.09417534820903,1.09573665280343,1.08683720442855,1.06050879547397,1.06050879547397,1.0628783830697,1.05157606558838,1.0521158372088,1.06145091577366,1.08960337581157,1.08912632248845,1.11177621397433,1.12425204588357,1.13463219702862,1.13478784832137,1.15638303358028,1.15360020111094,1.15496217800111,1.15798894022472,1.14947051504311,1.14563099415077,1.14563099415077,1.14048611652468,1.1324489191719,1.13197794191211,1.13449361985497,1.1329850834116,1.13361901882422,1.13234792274926,1.13042087691908,1.12974300655744,1.1304303447579,1.12516178692303,1.12719424654045,1.12742397051226,1.12243176923413,1.12163072228298,1.11917240073934,1.11917240073934,1.13122496352423,1.12657513074485,1.12695681527521,1.12199383721262,1.12188711544819,1.12178209375308,1.08004667203035,1.07662446415582,1.10893829204259,1.11363952613963,1.14136483592532,1.14423078098066,1.14451221266584,1.19306353927462,1.2187425856132,1.21875707447789,1.23407276247134,1.23027721416309,1.22695984962479,1.22653337201141,1.21607665201731,1.20562304545267,1.20482917848294,1.19354561367524,1.15287605034908,1.11970500913094,1.12335997303817,1.1317463604659,1.16217218192261,1.16042049254283,1.20806257565904,1.23064052348561,1.23064052348561,1.24276505221593,1.25879816393998,1.27373202333153,1.27276311897685,1.25898719739917,1.25121650816632
1,127,1.00029275734484,1.00909507918792,1.01074187857153,1.0095615103834,1.01737665208184,1.003395935801,1.003395935801,0.990090514109381,0.976838954386624,0.976232252070356,0.967982387058742,0.973675098637694,0.974244957925259,0.992170917797606,1.00663759724769,1.02165484515965,1.01927451590178,1.02427806225268,1.02306014828103,1.02306020656882,1.00541960677092,0.96187574255303,0.963814733959262,0.963224815050342,0.976544867094963,0.995355987622671,0.995735632449649,1.00016316902071,1.00477085159708,1.00477085159708,0.996742854505057,0.998002319460223,0.99563252484894,0.995538370127987,0.995359496685983,0.99424546885142,0.992418396689872,0.990979293742024,0.98747353807297,0.987029016666274,0.991017488896817,0.988572899988665,0.994829733004901,0.99940933931827,1.00326297198539,0.993211212784825,0.993211212784825,0.984603075558031,0.975372454723205,0.976079998569952,0.982348862153063,0.976645034472178,0.978070109171798,0.98042488377104,0.983271762243624,0.990137602310303,0.98608957634622,0.995060735368391,1.00939084757627,1.01789601244865,1.01801971389413,1.00678004527494,1.00432574295174,1.00432574295174,1.0108755074089,1.00785332718617,0.995364653547736,0.994504874380348,0.991299893684121,0.983860753016309,0.983466847439081,0.973419381132553,0.969401781753974,0.970066314354839,0.970254252952909,0.975977586916575,0.965200365404701,0.973436383574407,0.977197373560306,0.989231209214441,0.989339808174092,1.00080824596485,0.992293070041655,0.992480565303269,0.987977515709946,0.978809966360178,0.986489962838534,0.987184084762856,0.98411211644334,0.981366737250601,0.982792236560411,0.976556015653136,0.987424089552646,0.9874235898551,0.988408935963764,0.988142035805865,0.999666567868916,0.999395679271627,1.00234947252362,1.0057671285637,1.00489983723644,0.991081400717705,0.991322788030907,0.984957576474067,0.985679628760772,0.986531433006395,0.979286750231511,0.979784461479273,0.973766138731465,0.972382410556391,0.977682752586469,0.977979549329447,NaN,NaN,NaN,NaN,NaN,NaN,NaN
1,128,1.01661192361705,1.01618337237513,1.00771153852756,1.01127004796594,1.00319341392493,1.00370874392619,1.00150441356294,1.00449931016345,0.998814443178081,1.00178304425302,1.00980713243604,1.00314096892114,1.00211782759481,1.00317839575133,0.996243715792523,0.995659777321038,0.94664836100964,0.989701013992621,0.988222555686563,1.01818984312371,1.02419429808433,1.02421200451243,1.03383496099429,1.01608175283824,1.02162659084287,1.02087266452979,1.0373742680261,1.05116505707838,1.05018017770607,1.05888769874569,1.04218014926143,1.03022773392129,1.03337563499321,1.02194508487272,1.01623145876121,1.01689578840719,1.02163556852382,1.01574646420649,1.0190965523622,1.01901183202113,1.00897640430729,1.0189887825536,1.01914422037437,1.03203229422542,1.04718306899363,1.04831614003215,1.06164308883324,1.05737189461291,1.05491881350193,1.05472795211153,1.06228006383471,1.0718151265789,1.07193419439995,1.08359568202243,1.0679684988268,1.07052024534166,1.07495164860364,1.08716311628268,1.09894823322571,1.10364296999817,1.11444731121008,1.09701587097114,1.09972793271023,1.09265714339972,1.08284110992136,1.08284110992136,1.08290125513041,1.07396044767352,1.06923046659133,1.06968929444594,1.05228709652129,1.03573396900813,1.04102906492562,1.02476038610814,0.982792789482193,1.04321547277233,1.03869216449682,1.04854192974737,1.06101828711097,1.06101828711097,1.05009474126854,1.04255515038424,1.04559969743962,1.04554462557124,1.03026658353426,1.03194910411905,1.03194910411905,1.02851752091162,1.02422014525513,1.02390870113441,1.01963072828679,1.01813049275291,1.01657238657358,1.01751088271819,1.01207157883021,1.01300014091675,1.01180780784766,1.01694404136439,1.02009807640563,1.02263206636846,1.00964160670945,1.01755942343003,1.01619060222811,1.01619060222811,1.01490953641532,1.01869968929413,1.01690432682588,1.01679690540509,1.01860609535657,1.0179500101639,1.00818596505996,1.0041307546574,1.02753527483908,1.0333489693705,1.04762494804782,1.05768316500493,1.05768316500493,1.0628909470053,1.05702879518826
1,129,1.03193420094697,1.02726008103617,1.02357314326348,1.02745672916503,1.02309470720047,1.02645115356794,1.0244613363919,1.02003687657789,1.02063923888059,1.01701725256699,1.00740310013827,1.02814751560771,1.02651295361603,1.02136552390201,1.01300105264868,1.01085543682585,0.927420911018729,0.861631927799783,0.86173685884549,0.834684586530713,0.839711209355155,0.858156939441243,0.859171255346591,0.872352371228844,0.888005674233682,0.88821953937869,0.910713958541976,0.927942061543979,0.928743853688318,0.925755976654037,0.920614029903641,0.914084671347477,0.913972455806059,0.905217394001977,0.89843508733225,0.897884367517957,0.8887081184533,0.887628140800547,0.887296828912748,0.879495513152608,0.883088668794637,0.881196296958514,0.880953139970259,0.882990056737345,0.882931379483305,0.88137597586964,0.884091504482027,0.884007067073535,0.879211096186693,0.878898568862103,0.875040597248604,0.880247207182876,0.880461133726562,0.87845313316101,0.875443763273956,0.87933811134522,0.875924142481106,0.875071438646959,0.873299641217556,0.873299641217556,0.869898653014232,0.868576747784046,0.868576652834495,0.861611938212229,0.877599108611482,0.883020023626402,0.898591380386418,0.897259705454023,0.902925873285173,0.903371221331524,0.904591449220401,0.897971050028009,0.896001174264174,0.87490464720253,0.910160074239034,0.912874154132988,0.91440957441778,0.889544776811424,0.909291270278798,0.910300855846576,0.915104641650323,0.906372584506859,0.908564563750927,0.891529938957624,0.884093052116892,0.88285542664313,0.881978720458425,0.877085368059962,0.876483083557452,0.873919412415788,0.874983267764418,0.871729781523562,0.868133078543167,0.867053164397032,0.869063016370825,0.886670637791789,0.886552793361346,0.910729616026208,0.927395460044416,0.927799167334282,0.930396538401066,0.934876764951348,0.941607487252675,0.938016487187523,0.942430061738422,0.935335092430104,0.935927884003883,0.932364892454441,0.930137691585589,0.930127259853641,0.932437723587958,0.929669509506869,0.927396325108376,0.927396325108376,0.92759660531327,0.927898332043987,0.927314135444293,0.93262690655657,0.938977828652741
1,130,NaN,NaN,NaN,NaN,NaN,NaN,NaN,NaN,NaN,NaN,NaN,NaN,NaN,NaN,NaN,NaN,NaN,NaN,NaN,NaN,NaN,NaN,NaN,NaN,NaN,NaN,NaN,NaN,NaN,NaN,NaN,NaN,NaN,NaN,NaN,NaN,NaN,NaN,NaN,NaN,NaN,NaN,NaN,NaN,NaN,NaN,NaN,NaN,NaN,NaN,NaN,NaN,NaN,NaN,NaN,NaN,NaN,NaN,NaN,NaN,NaN,NaN,NaN,NaN,NaN,NaN,NaN,NaN,NaN,NaN,NaN,NaN,NaN,NaN,NaN,NaN,NaN,NaN,NaN,NaN,NaN,NaN,NaN,NaN,NaN,NaN,NaN,NaN,NaN,NaN,NaN,NaN,NaN,NaN,NaN,NaN,NaN,NaN,NaN,NaN,NaN,NaN,NaN,NaN,NaN,NaN,NaN,NaN,NaN,NaN,NaN,NaN,NaN,NaN,NaN,NaN,NaN,NaN,NaN
1,131,0.913977685250466,0.91869795768817,0.915844598743465,0.918702224419216,0.922167832125016,0.935287412321482,0.937985278510479,0.9674353319372,0.990943014929797,1.02976680000677,1.0223834559874,1.05721757863984,1.06843513060644,1.06897232286178,1.05840053248313,1.0465132427228,1.06282321325927,1.06282321325927,1.10162317424801,1.11622286297597,1.11547813310898,1.09463855138791,1.11006101621994,1.10784386015222,1.10752755044253,1.10919428571685,1.11636500224567,1.11724167601095,1.11394224825847,1.11521767559311,1.10932364083027,1.09370714438207,1.08343606152556,1.08311730070257,1.07165040570632,1.07470854761996,1.06570304784328,1.06349130076662,1.05795752941199,1.06049568578831,1.06049568578831,1.05924380488277,1.04390492867185,1.04465639668858,1.05929787343789,1.06364056733371,1.06319547936077,1.06460322436858,1.04649209301384,1.04009843000379,1.03858060100878,1.03555176364464,1.03622629053939,1.03781357231348,1.03928809806343,1.0408427014967,1.01548365521505,1.01548262244652,0.945139505917446,NaN,NaN,NaN,NaN,NaN,NaN,NaN,0.800726738254575,0.800676008414666,0.800878727574806,0.800228077863826,0.80056097452224,0.815947951193908,0.834932524750648,0.831681935286852,0.832410810186954,0.828429778441716,0.824561155522406,0.825441801904845,0.830474344925664,0.83380007173307,0.824660866896469,0.823747287219643,0.823918624397574,0.817477888654332,0.819127870505495,0.818484047183659,0.832780125159622,0.833541966193454,0.784616537828231,0.79640891136224,0.84667452412327,0.852393668505578,0.882925570062943,0.993738910269167,0.991789338050965,1.11531537198329,1.2063341394302,1.29950030739586,1.30211424572133,1.39395028194401,1.43578785043844,1.43595709987574,1.470021134374,1.52271408126349,1.52170993647897,1.55562992779693,1.57117070174818,1.53603518017097,1.53603518017097,1.53839583205417,1.49675136496909,1.49581127575859,1.47330785471575,1.43065777819859,1.42947457696327,1.40870363543617,NaN,NaN,NaN
1,132,1.04311776802436,1.05264525625581,1.05362219768437,0.991901638728004,0.991901638728004,0.934812841274743,0.947426595545923,0.94715245772048,0.986440801602325,1.01267342525439,1.01471078138194,0.990447775428429,0.987074052909116,0.992583771730291,0.993840893114913,1.01529204750413,1.01275719973888,1.00958123908612,1.02201761828778,1.02768799590661,1.05630618211464,1.05507003739373,1.19813060646846,1.28799415292006,1.28675218305445,1.34588631626,1.41640134978599,1.45266451676074,1.45234678800152,1.45416264414388,1.43847755823229,1.44715189390408,1.43031761759301,1.4148960609969,1.41304222085564,1.39379974599485,1.39078074855467,1.39078074855467,1.3732334033309,1.36933639029624,1.37333637086267,1.37333637086267,1.36919144612124,1.37022599867993,1.3706426436932,1.37305236131551,1.39483147829563,1.4021628075686,1.40066343180174,1.40962143405864,1.4324437858588,1.4325126694075,1.44790115004101,1.46620640188361,1.46736794993474,1.48467315000522,1.48744485925175,1.49903385972473,1.4967297135223,1.4999497759204,1.50813801334601,1.51041751943439,1.51763915722662,1.55230793190307,1.467019548736,1.45109759588606,1.48265233554457,1.49033843411853,1.48942111469317,1.48886157508433,1.47620014093588,1.47621789258623,1.47542345966094,1.47961946420267,1.48024410884717,1.47500821018582,1.4701245162995,1.4655065875132,1.46793977794614,1.48640835922915,1.4630674367313,1.46180740466826,1.48107729837715,1.47197258477917,1.46332012974018,1.4624415953346,1.44640249225965,1.44540801213146,1.44708767620912,1.45436868613445,1.4528184650982,1.46521371167531,1.46565002075015,1.49054277967841,1.49851595437272,1.4953418379942,1.49907555436269,1.49576180946044,1.49586800919594,1.50320589441542,1.4986488741116,1.48501109337002,1.48156702122358,1.47737379523032,1.47296836002482,1.47286171386859,1.47136489809453,1.47843510743656,1.47935382937976,1.50742724396597,1.52250217854647,1.54810534285114,1.5471586659587,1.56467549130314,1.54786910275558,1.54504559337765,1.53874609594716,1.53609725401755,1.54784231325647
1,133,1.00999572674258,1.00899191332155,1.01040312349427,0.996889455382425,0.996909732896105,0.989686779370285,0.99137491044993,0.980041146158272,0.979610824092937,0.98775514011476,1.00018634804247,1.00062764951402,1.00530871948043,1.01060706532092,1.01365546762607,1.01362904529451,1.00526669586962,0.999575997523322,0.99948425930552,1.0010832857555,0.990960024652379,0.990108614322057,1.01497253907241,1.04612432931433,1.09556026150088,1.09571211879314,1.12077533425829,1.1336717410919,1.13405948547608,1.11162009009518,1.059717238282,1.07309302335475,1.07402740918631,1.07800305068589,1.07460967891197,1.0720177425057,1.06633474626505,1.07610032832298,1.0762726336079,1.05958770556436,1.05810786131061,1.05810786131061,1.04604945076445,1.04482147374482,1.02995133006356,1.02995131898596,1.03318490774853,1.03338437254946,1.0359439579038,1.05322677986124,1.07223369139899,1.04594818695499,1.04721125248561,0.991804163949905,0.887233403030984,0.886825480250195,0.871624015808779,0.876183265015108,0.910348667519855,0.910362793593771,0.933684266007546,1.00819868050025,1.01072416467466,1.02768382097945,1.03294305075443,1.0380236595539,1.0447137739978,1.06293899069895,1.07100689688256,1.07026397284048,1.07566284508323,1.07566907621887,1.07531072551818,1.01041317614085,0.96227047500024,0.962260093454528,0.994961159980108,1.00665924666805,1.01498437202321,1.01543291404594,1.03067917572837,1.03042237695031,1.03558051932471,1.02900898807764,1.02947040849511,1.03021335840349,1.02310141016512,1.01772421780934,1.01596407623585,1.01639894217317,1.01202842997864,1.00653545630694,1.00691779437199,1.00672005405331,1.00709144740113,0.997855669877568,0.997551520234351,0.983373870495365,0.981063701099364,0.981383500674599,0.994381846472891,0.991155807917482,0.980594173636112,0.925150865441606,0.94053561224814,0.968483593761233,0.968638833063217,0.982424706175135,0.987417329603336,0.986992199111081,0.974492493119775,0.975014143759288,0.975105866429675,0.978565096375911,0.973129935056091,0.966655190560552,0.966339687604999,0.952480793489896,0.965018179346279
1,134,1.00922059788198,1.01713444919246,1.02041970914481,1.02371603510412,1.01170088436686,1.0045886159378,1.00554343106683,1.00019874154947,1.00019874154947,0.990721867043875,0.994119914008785,0.994497568630603,0.995320067686539,0.991878139081055,0.986388266555598,0.987818943524932,0.989193516621637,0.988762831458474,0.988577679594694,0.990986625608137,0.993034510809865,0.989182504599149,0.99002254379578,1.00826810661517,1.0167156852081,1.01656292746641,1.02298004968361,1.03678811036742,1.03702121224947,1.03530980076867,1.0295464647327,1.01726343293745,1.01726343293745,1.00442660318638,0.991657919676785,0.988215994110643,0.997480953952382,0.991635038336413,1.00030322034473,1.00030322034473,0.983122627601972,0.992660794111867,0.993008879064072,0.978884162964497,0.995630384904839,0.995714599861022,1.00047879906071,1.02013239888649,1.04814062965491,1.04620155192089,1.10705265173892,1.12504041596962,1.12546107137257,1.14570860738239,1.19810470729331,1.19103376385602,1.21862418401236,1.21630000942699,1.24901600863015,1.24962405186116,1.2616459431327,1.28290940245278,1.28365674292685,1.28154256518645,1.29461027218013,1.30235091052921,1.30458261425854,1.31791567069013,1.32573584277292,1.32489773656414,1.35029032382744,1.33179080389356,1.33179080389356,1.33825101641708,1.34122184651813,1.33260557482845,1.33295624805101,1.33474512792465,1.32200719941612,1.32259630315892,1.31230000540747,1.32101940242839,1.32422241892993,1.31707711810056,1.30217819733505,1.28391627600116,1.28769513707805,1.2812626610167,1.26560497069736,1.26695875677807,1.25608362514157,1.2018231021266,1.1183893881011,1.07632753862958,1.00876558668701,0.949288642638134,0.949288642638134,1.02003044764276,1.05775053554377,1.059087901736,1.03800716538196,1.10888763134286,1.15160723086491,1.15211383371281,1.14926105805307,1.17897265922055,1.17969015106079,1.19005078250889,1.19316462379269,1.17825565126273,1.17825565126273,1.17008052839189,1.16219903652697,1.16258288787367,1.17256028616911,1.16699479280939,1.16658581452244,1.16731108376144,1.16816556085364
1,135,1.0003293458933,0.976311852873359,0.975545106612412,0.984564326978836,1.00167379046417,1.00210709789624,1.00740638310377,1.02016742270534,1.01220993952428,1.01184821578281,1.02114535893282,1.00639034493418,1.00324351380907,0.998895469823466,1.00056244739792,1.00090713371842,0.997954921969914,0.997257973397344,0.981479354182339,0.981479354182339,0.978691748104265,0.951013294573503,0.949498163196233,0.919982944773348,0.939264601653708,0.939802696387591,0.956169876284632,0.962786129622721,0.960978186693765,0.956355150533221,0.954434990151938,0.954436457919189,0.95647932767866,0.95458861263624,0.948433542851784,0.943129908473524,0.943129908473524,0.934097666980909,0.90317988411588,0.90317988411588,0.938137561616613,0.942116724797804,0.944520876924575,0.95039830776801,0.937649146769331,0.952344202103406,0.952198520028055,0.959708982152344,0.970813032612185,0.969460154412695,0.986062311958751,1.00310456105983,0.995943433562378,1.01170577452104,1.01185965440852,1.01098930372668,1.01802943801059,1.01793065727558,1.0077598869818,1.00825195842137,1.00940154128019,1.00050415680079,1.00287966264955,1.00359968370919,0.996137870657009,0.996018205941791,0.996449757260496,0.986593974624777,0.984066931404242,0.984066931404242,0.97224959359117,0.978402036251538,0.978799113804718,0.978405996311226,0.986263907423577,0.979468674796424,0.979216601650096,1.00117141451805,1.0195396239884,1.01955275181656,1.02948532134262,1.0364414802792,1.04255552924264,1.04405769245117,1.04988338656494,1.03677444733546,1.03379329351886,1.02962732315071,1.03991319888334,1.03722183146578,1.05571157955617,1.06184812058468,1.06690441119531,1.06562625565285,1.06357827309,1.05891263893953,1.05563567088389,1.05035337642402,1.0321221615791,1.02803561075267,1.02875242231365,1.01673376443009,1.02173316544721,1.0200391375071,1.02091510888775,1.02095231823628,1.02183968259443,1.02064731328405,1.02672052267031,1.02842950367067,1.02816689863305,1.02289801172824,1.01679599064134,1.01691950645674,0.993948479894024,0.95208803415449,0.913057896842146,0.914480123196843,0.955132347708584
1,136,1.00704563013173,1.00583034103458,0.999217141282924,0.998361347354274,0.997878264478176,0.996434484140927,0.993820954001415,0.993815472925702,0.993020567514873,0.991081894452563,0.990224750954737,1.00205537245784,1.00335463053633,1.00324333854572,1.00379372699403,1.00173810824808,1.0060804299333,1.00661710505935,1.00638643995346,1.0127328279435,1.0127328279435,1.03177674301752,1.04118443021228,1.06401396361925,1.06401396361925,1.08261406164425,1.09465345627108,1.09508854021673,1.08998288709876,1.07647797927142,1.06798415353235,1.0694360338327,1.0513644215493,1.03750699430148,1.03845478162137,1.0362429646769,1.04062841050857,1.04340920850776,1.05650935819195,1.04665124727959,1.05447391126665,1.05496463936851,1.0535370950202,1.05177743545724,1.05155990969595,1.04846156883122,1.05856595245643,1.05700509210727,1.04594167383952,1.04452566946184,1.04748968948933,1.04751806213437,1.07374032861471,1.08914669981133,1.08055837763499,1.11412589479157,1.10352995104051,1.0973647240945,1.09016252092656,1.1073015409247,1.10312081992405,1.10420705032044,1.12743266798318,1.11673868399634,1.11809503919298,1.12922013842435,1.13940964640015,1.13457945858745,1.13382635368034,1.13534989821871,1.13199865362675,1.13155494945359,1.12908672341596,1.12049103959269,1.10800495172908,1.11047534639295,1.10163027988976,1.09856070180794,1.09211454814356,1.0830631891454,1.09415672384505,1.09460062507123,1.08677896884227,1.09191040726192,1.09161298677485,1.08074685430353,1.08086599971052,1.077025784686,1.077025784686,1.08527383211624,1.08761548223591,1.08884478640621,1.08369306385814,1.07995301431748,1.07614348532891,1.07614348532891,1.07764292258272,1.07327626780059,1.07231911128437,1.06415435183607,1.06966539318454,1.06912854261288,1.0712971701783,1.07589069344025,1.07450452636044,1.07450452636044,1.06667210614842,1.07343667231459,1.07672973081507,1.0788521561208,1.0851569667328,1.08750423037175,1.0878795899517,1.08610577777067,1.07343650908068,1.07530579912658,1.07039497131758,1.06533023017813,1.06734021405727
1,137,0.96942234113583,0.969638495512671,0.977646114868172,0.970347152091477,0.950014027436065,0.952399456002544,0.967253890367616,0.985932802972024,0.982079099889525,1.00235393455072,1.00744320626751,1.0072308186167,1.00845140043969,1.01718504479081,1.05764450791476,1.05815292908222,1.06452458915326,1.02657193933543,1.02570824957298,0.928541052628023,0.91172333283106,0.895162925817416,0.883621556247197,0.907478934867226,0.943854030318928,0.943854105018288,0.944043300093975,0.948984239743956,0.950039486902376,0.951874208304382,0.954062454647055,0.936322712646524,0.935955197122638,0.933266978445978,0.928621738606431,0.928987130902487,0.902680090180811,0.851550977252856,0.867090690759997,0.867802214921985,0.876613972091584,0.872744599256089,0.873384144664999,0.878903424553927,0.919503356581496,0.919729194326598,0.932295545772204,0.950197266282293,0.950197266282293,0.983012139659195,1.00053006650416,1.0299195471697,1.02799491963513,1.04027148344679,1.05253188107564,1.05219498401918,1.06758595864244,1.09788984380675,1.0713896349514,1.07399821457905,1.01283504272136,1.02957963076122,1.03059559047246,1.03990705418551,1.04312620357855,1.04312620357855,1.06168153610359,1.08352112441016,1.09526587258434,1.09583739300419,1.08885484123269,1.06884569695097,1.07288270392674,1.08880144107575,1.083792195215,1.09751391698167,1.09858227930069,1.10423282957386,1.12331254935947,1.12331254935947,1.11743076629733,1.11781579697644,1.11848827715261,1.12725992228096,1.12693501348394,1.12702255476166,1.11017398078905,1.10869323109559,1.08982211239476,1.08662587836773,1.0956678678862,1.11055889811861,1.11104526417352,1.1247339311995,1.12086336688983,1.11561548476412,1.11561548476412,1.11947325254335,1.11469664575091,1.11469664575091,1.09569399611829,1.08885761509057,1.08951441311893,1.08951441311893,1.0839476194163,1.08368587229051,1.08385881404755,1.06953597936984,1.06412639586491,1.06422262411901,1.06313131029324,1.06327847597999,1.05698056181241,1.0578403499804,1.05721412109547,1.05130896417486,1.05130896417486,1.05347320498495,1.05120980176136
1,138,1.01536905408832,1.016006143023,0.997547967369272,0.990709837388541,0.991215175856419,0.998243751860577,0.996849853686411,0.995382061084676,0.995430899458047,1.00556173219226,0.999577084336134,1.00068146352508,1.00149962065492,0.999414621742658,0.998505293656537,0.999701209606059,1.00343442516243,0.997121338563685,0.997748466744968,0.994116569336158,0.985951279452867,0.985744377543537,0.98662416950353,0.986806015000561,0.985587227199104,0.990877937645595,1.00389973878762,1.00522695492218,1.00532997713588,1.00266100333309,1.00025617570465,1.00025617570465,0.9985361850412,0.996338935196941,0.988898394563194,0.990085848575672,0.993455430414362,0.987508153756086,0.990592156357448,0.977757012636961,0.979006749324456,0.980098542683307,0.98510070880327,0.99297349140446,0.991589547572927,0.995892101185829,0.991105224449031,0.99272492534838,0.993814572993176,1.00416522841669,1.00401603736498,1.00515483339959,1.0110181717522,1.00466420252537,1.01323953503746,1.00448495007626,0.998076564345944,0.99207634053239,0.991728423985746,0.988616582421602,0.990058793057165,0.990763498002382,0.992795891423231,1.00275252914716,0.994338360307875,0.996527872138289,1.00319434343098,0.982237496122169,0.979677163825957,0.979327884875288,0.986633976307165,0.991905613337913,0.994570839247217,1.00241902383257,0.996896192402488,0.997848964278691,1.01720107435249,1.01855171638858,1.01796455193018,1.0429725854631,1.04029678823148,1.02121065794954,1.01964813516477,1.02845111837023,1.04541526256908,1.0385430209274,1.04250356971984,1.05753227147764,1.05664581930609,1.05925524971936,1.06566177439985,1.08348311100002,1.08245122691378,1.0968767049991,1.07740099127208,1.07750599270365,1.06694611144578,1.07766514299241,1.08610891214361,1.08913334406527,1.09584915186822,1.10550230605939,1.1009462584649,1.11204822483984,1.12399326209324,1.12362649354448,1.11695016987324,1.12259756056059,1.09989263841028,1.09989263841028,1.10851660663256,1.09960109651995,1.09979412471354,1.09277821319102,1.0930710757607,1.09253689856167,1.09076693442817,1.0901269114393,1.08095694674142
1,139,1.02180898222866,1.01588449200348,1.01627594294537,1.00602862380814,1.00253979914136,1.00525247556441,1.00218019716473,1.00680356868566,0.999253841824144,0.994406481722744,0.992412374350188,0.99249737697606,0.99249737697606,0.992894907313018,0.993122080433323,0.993908607653846,0.991168631706047,0.989788255034057,0.991275984468699,0.991275984468699,0.986872553150933,0.977456641916463,0.977427751896597,0.98439629043482,0.988686231615098,0.998115795200252,0.998115795200252,1.01021489226425,1.0099753390925,1.00982534238312,1.00871783332066,1.00189231258053,1.00209840493971,1.00175155893517,0.99306063071152,0.991280353475598,0.991134376976784,0.993377236857635,0.985409457046124,0.985429821645321,0.977148939447371,0.978463727584321,0.978412335695641,0.975414029465969,0.981755518619468,0.989247046974061,0.989780668335095,0.989186240783697,0.99280823837597,0.993573534360108,0.997894983581785,0.999573422598404,1.00035514384254,0.996527328726677,1.00133956816965,1.00094761769698,1.00273831312176,1.00772409082569,1.00950377223717,1.00950377223717,1.00798039508785,1.00236712196254,0.998460644463811,0.996240811287611,0.987000592317813,0.984558034589404,0.987012245742219,0.977646768620117,0.975542759738341,0.9782726952397,0.975812672118722,0.976409182989252,0.975142498019316,0.968376255412506,0.971148645645585,0.972747683839192,0.972747683839192,0.973821754487013,0.968409132502559,0.96822480779063,0.963188181106135,0.960628771315935,0.971084309946119,0.970290853627753,0.975790333445049,0.97817395568943,0.978719162136989,0.978856378898961,0.982813201305204,0.972759581189173,0.972662324115896,0.958055813328333,0.957942922339451,0.957034672837359,0.960453636426538,0.979794822924084,0.979860945858958,0.996797417768492,1.01398182440911,1.03654274852055,1.03655330462697,1.049126034859,1.04742476621918,1.04739478062712,1.0500415529686,1.05207411028666,1.05024498670635,1.04332064744117,1.03255719338313,1.02596781374805,1.02731870114288,1.01615447522749,1.01514735380153,1.01406597917844,1.00073793245611,0.995657624175274,0.996082992675821,0.989214585984164,NaN
1,140,0.990868303526641,0.997455537654635,0.996985381203701,0.996642425852078,1.00396366521684,1.01229858003647,1.01182395274769,1.00920652618339,1.00355457110659,1.0003791631368,0.996143894254924,1.00086056258283,1.00086056258283,0.997536828339565,0.990276441973272,0.999590190377492,0.996561204281217,1.00020864615393,0.994783562789098,0.999455206137789,0.996203899229905,0.993763235147202,0.992499849658213,0.998862468501052,1.0008980699293,0.965862136582384,0.965989295899267,0.992159591832124,0.999582125132014,0.999064110808269,0.992294380781752,0.989654327822741,0.984578021980017,0.984866617627474,0.98821473220426,0.980071075321641,0.979712313675265,0.982363311966624,0.978956607152747,0.978385777082494,0.976513846626541,0.97981699425657,0.97638889414511,0.977679203554834,0.976852492562745,0.96906149408618,0.971680396041198,0.965119594030016,0.971411244653216,0.971411244653216,0.968782584151511,0.971205782603316,0.9912855515507,0.9912855515507,0.993439326849103,0.99962183665446,1.00043029364697,1.01685534485371,1.03237824319635,1.04641734895687,1.04984153700604,1.04829816998144,1.04020637133434,1.04020637133434,1.04066793510419,1.03314634983477,1.02659421050535,1.02533048085384,1.01020000046882,1.00268019481508,1.00373917460146,0.999993643411813,0.998478159245574,0.998518508673457,0.98689974987359,0.985977750951481,0.988318127211946,1.00365655767063,1.00948719925295,0.996905209757237,0.996905209757237,0.95407790028967,0.98284856695138,0.98217630315251,0.998963777959084,1.01179555821878,1.01178484667249,1.02688372273141,1.03343289444346,1.05124455764181,1.05124455764181,1.05883288271026,1.04449931595245,1.04443458933453,1.05262478600741,1.07935633847868,1.04267088238175,1.042671701328,1.03349358923929,1.03516893828945,1.03549866948671,1.04719121906638,1.06244138728094,1.0568747248612,1.05706128509447,1.06276918580882,1.03747535495029,1.03743922858932,1.04118524094096,1.03564553121123,1.03500139184977,1.02681825438998,1.02005593213735,1.02381192041391,1.02205079593875,1.02316377268246,1.02042829808266,1.02056287367868,1.01096713876426
2,121,NaN,NaN,NaN,NaN,NaN,NaN,NaN,NaN,NaN,NaN,NaN,NaN,NaN,NaN,NaN,NaN,NaN,NaN,NaN,NaN,NaN,NaN,NaN,NaN,NaN,NaN,NaN,NaN,NaN,NaN,NaN,NaN,NaN,NaN,NaN,NaN,NaN,NaN,NaN,NaN,NaN,NaN,NaN,NaN,NaN,NaN,NaN,NaN,NaN,NaN,NaN,NaN,NaN,NaN,NaN,NaN,NaN,NaN,NaN,NaN,NaN,NaN,NaN,NaN,NaN,NaN,NaN,NaN,NaN,NaN,NaN,NaN,NaN,NaN,NaN,NaN,NaN,NaN,NaN,NaN,NaN,NaN,NaN,NaN,NaN,NaN,NaN,NaN,NaN,NaN,NaN,NaN,NaN,NaN,NaN,NaN,NaN,NaN,NaN,NaN,NaN,NaN,NaN,NaN,NaN,NaN,NaN,NaN,NaN,NaN,NaN,NaN,NaN,NaN,NaN,NaN,NaN,NaN,NaN
2,122,1.01574499147857,1.01278315204596,1.00885778568248,1.00167018575958,1.00167018575958,1.00606296341532,1.00286298585593,1.00237393516529,1.00168523185338,0.99913385166476,0.999564583229635,0.999564583229635,0.99776394832963,0.996275206998191,0.996522362321401,0.990788233293145,0.991713592389555,0.987488254113771,0.987473967414186,0.986920180487047,0.998129445204415,0.998129445204415,1.01800182904857,1.03456569512607,1.03392541799362,1.04864181901527,1.06216379782959,1.0614597163437,1.05916534482808,1.05484630597748,1.04178956273684,1.04019751204792,1.03419119320864,1.03223953241294,1.0293959225395,1.03048053399957,1.02725706290571,1.02725706290571,1.02131495388493,1.0219867449286,1.02118354674301,1.02118354674301,1.0196833638077,1.01664715709953,1.01646352858982,1.00940698454364,0.997535224973958,1.00329325627662,1.00156576443583,1.00422188360947,1.00473873811555,1.00468368677343,1.0126405690876,1.01650185336949,1.01181786073944,1.01117963370586,1.0064103419895,1.00169917647446,1.00054449534129,0.996654939220296,1.00469984932526,1.00367844808865,1.0133906903885,1.01819235763464,1.00899721021285,1.00837625929968,1.00820748848266,1.00871888775278,1.00448276004448,0.998016092588649,0.992428416590948,0.992640011080432,0.982573021977481,0.998469964755159,1.0039584155993,1.00465591067658,1.01286319417869,1.01989601590635,1.0191730314949,1.03103707235579,1.05247561902523,1.05140533889189,1.0714631389535,1.06799446212313,1.05983286666781,1.05983286666781,1.05200412848883,1.0399875688441,1.0399875688441,1.03688782945917,1.02997034989181,1.02587730440538,1.02587730440538,1.02353215759303,1.02375991406761,1.02418550379684,1.02139360300558,1.02395392744375,1.02174075149983,1.02483569741938,1.02699760259144,1.02709639143593,1.02664464862519,1.03060772769644,1.03274161670018,1.03167366762305,1.0306714787684,1.03317138117834,1.03087410158632,1.02083633675607,1.01252449428682,1.00395485331282,1.00395593685498,1.03273494734625,1.04805470825201,1.04888428827649,1.05555795877355,1.0556373188274,1.05181620277436
2,123,0.974156088640976,0.963179609813369,0.991220684850344,0.991610219345196,0.991731000653516,1.00765835951021,1.01077142976215,1.01278726301453,1.01548482888812,1.01331220935858,1.01301890804976,1.00493900947417,1.00729377625363,1.00330360163527,1.00030892573843,0.999006802025512,0.999858357059185,0.999858357059185,1.00050056886787,0.994573688574958,0.994266613350274,0.989768655498971,0.992304019973807,0.988493245212352,0.99859495472364,1.03007596761941,1.03931780503716,1.03772822840035,1.03444285484258,1.0288691288966,1.02512758494443,1.01677643861763,1.01222674407819,1.01205918431817,1.01165480884211,1.01155354705751,1.0095045088945,1.00960125449889,1.00217699998664,1.00007885018882,1.00014715356245,0.999775626351725,0.996199979053747,0.986658362196997,0.987205790532509,0.990590240157466,0.984256817804932,0.984509954149759,0.987898918038677,0.986930109738484,0.989439966008833,0.990998557576695,0.991445436309607,0.989087253230435,0.98851414832774,0.984175291702636,0.984862419841386,0.983111173368271,0.973817506849054,0.976286623334738,0.980412245966898,0.98027350835771,0.983296382821823,0.98087414190667,0.981302587635279,0.979700231036763,0.981367810115074,0.975341243979327,0.978789030949458,0.986722819346524,0.990944800384177,0.988550240639011,0.999226398809452,1.00645048112826,1.00759570228214,1.00195957008169,0.997918297078074,1.00299155789913,1.00319834358025,1.01290576699095,1.02356476384506,1.022108491651,1.03660977350483,1.0025042582461,1.003310054957,0.955183083236841,0.910164642403736,0.90149697576216,0.901505935941659,0.928038101928916,0.991047078626795,0.990168123227354,1.01773369160752,1.0330854653813,1.03591505490561,1.06102602761465,1.07109954860531,1.07668396383625,1.07668396383625,1.07264295965792,1.0677475965574,1.0676969187003,1.05000963251589,1.04405095644238,1.04357269876932,1.04465531525478,1.04089674988364,1.04078218446779,1.04085659324029,1.03551206412626,1.03739316810288,1.0353227569071,1.02739597554341,1.0322549949786,1.03567079581169,1.03547823991958,1.03825573963316,1.04203748953676,1.04241096548847
2,124,1.00558125468515,1.00598715377825,1.00422091137779,0.994912604830006,0.996267834418626,0.999491850847504,0.99970255987946,0.997466328950126,0.99006264852783,0.993465527233996,0.992502616628575,0.988654007496723,0.989529193706224,0.995335606012617,0.992302431581658,1.00825628097015,1.01660415503404,1.01361756207892,1.01603947196235,1.01438717854673,1.01392929744283,0.990504990639766,0.990545542692888,0.999385065852743,0.999995132216753,1.01123844676602,1.0347689999206,1.03418983484196,1.04744223053982,1.04669454422432,1.04180552036755,1.03838290622964,1.03141317232286,1.02936683514291,1.02912122444327,1.02615516991498,1.01629414730268,1.01412280403602,1.01087019480251,1.0108708787021,1.00678962609721,1.00862199939346,1.00538754070608,1.00127212075845,1.00453948897822,0.980680678691755,0.976359426865433,0.984917505063574,0.984917505063574,0.997086007311514,0.994512573467965,0.994015193855744,0.996560014991554,1.01170226296563,1.01256031039934,1.02197226531727,1.00813630787863,0.993848350634411,0.997603153534681,0.998010656412438,1.00290271904783,0.99900389615805,0.995682500991013,1.01690819976114,1.01690819976114,1.01770637382034,1.02180393902545,1.0221842207059,1.02575932193243,1.03636407715106,1.02491784085303,1.02358148461669,1.02001877764758,1.00688855408871,1.00558200082044,1.00134290611349,1.00737402402281,0.999692575897419,0.996090719857329,0.994096887550041,0.987584097895106,0.987971603804313,0.982611133737649,0.963711716808736,0.948335470611081,0.94740064046298,0.96469576435131,0.978631698498124,0.978463292787167,0.988360765963724,0.983670048948862,0.977356382255253,0.97874043338551,0.982092514374424,0.978960913635645,0.978960913635645,0.977244530150223,0.975231829454204,0.975231829454204,0.970288674192562,0.951631993428343,0.950255624017542,0.968184676747687,0.96745563890297,0.804011525997826,0.790336255479406,0.764333266627269,0.790040702958364,0.789825789944691,0.816960138361102,0.830169932938035,0.846537385428293,0.846537385428293,0.864798304861279,0.865821538963592,0.865821538963592,0.864000248495482,0.868684211917542,0.868967275027182
2,125,1.01940591873708,1.02008402871085,1.01233207507978,0.998429500586994,0.997884461299538,0.966084144685351,0.95864737324452,1.00223246482647,1.00066928736497,1.01211314180545,1.01472598245228,1.01486817418996,1.01196054826825,1.00350123809325,0.995857200318518,0.996120626531845,0.995183315247965,0.989909270190248,0.989991248366681,0.98636946071305,0.99970454787961,1.03818239191047,1.03920522372695,1.06640308327805,1.09669661903864,1.09490032271801,1.13577526972469,1.14996639371737,1.14996639371737,1.15134656914162,1.1470051607331,1.13729040883753,1.13729040883753,1.13396093221592,1.12745668324609,1.12745668324609,1.12292934172008,1.1220273358428,1.12098061165262,1.11924531318458,1.12179584041042,1.11656091197185,1.11662628974682,1.11442889390292,1.08310035404181,1.08200740765035,1.04826833339965,1.03142916017841,1.02838013623753,1.03203019605018,1.02568751439412,1.02037025119664,1.02069909596659,1.0219965979179,1.02052665535517,1.02076906854614,1.01543716391561,1.01602273013718,1.01466282251554,1.01606334873435,1.00832064485318,1.01029669653944,1.01274905432991,1.01077279974011,1.00822421391749,1.00968968848642,1.01182082720167,1.00797212821617,0.998298938200786,0.998631443470404,1.00360385250121,0.99683947321183,0.995387306155519,0.996427043820017,0.997466781484514,0.995339837035625,1.02425378314259,1.07231007992774,1.11847428839414,1.12269835030424,1.16033949322561,1.17499663886872,1.17339856462133,1.18242567957135,1.19381376636804,1.19034929490972,1.19034929490972,1.20687421920544,1.23202886124106,1.23190685321259,1.23596291562406,1.22823207544154,1.2284029063638,1.21590567581902,1.19532706061103,1.189541324681,1.18855875336215,1.18127634641987,1.18221827018937,1.17723745610842,1.1765015366702,1.1716894553251,1.16546298049713,1.1658728646405,1.16249144622171,1.16162541446882,1.16033220425913,1.16018605710173,1.14802237755271,1.14291297170202,1.10018390248981,1.0598444603599,1.05975176555464,1.06882707669226,1.07608654038729,1.07781984012567,1.07644473673074,1.0770105240417,1.06066815812804
2,126,0.965453920847534,0.968982483717678,0.967744802719167,0.983543180280593,1.00188821416424,1.0020517623002,1.00247131992996,0.996436314496644,0.997125954943947,0.998876946939499,1.00691082493889,1.00831443058361,1.00821681786606,1.01091331249754,1.01475022139623,1.01426832632854,1.01614849318693,1.01792543935889,1.01797723350385,1.01804961479632,1.01805109762492,1.06015570823204,1.06117190535015,1.09027953070951,1.11489442792829,1.11397392852958,1.15210178892247,1.18366329469321,1.18792686216021,1.18792971323491,1.18014793801006,1.17119002402137,1.17119257842952,1.161713755026,1.15575057958285,1.15593131716846,1.1513979623322,1.14647623866815,1.13550147278542,1.13577354314763,1.13061262439831,1.13682160956762,1.13688249121522,1.13658833572277,1.13764045384722,1.14751863608602,1.14272651386792,1.00266252460998,0.972520942046993,0.972060878440098,1.04313648595007,1.04915609006525,1.04915609006525,1.06921397700582,1.08354584756537,1.10660564766574,1.10462681046243,1.1071631417819,1.10768095712196,1.10859667435155,1.09862628050028,1.09246122467624,1.08704906709937,1.08558293989817,1.08697117378324,1.08573034981752,1.08573034981752,1.08709067510417,1.0858875067145,1.08600420989268,1.09356649549335,1.09460011264246,1.09482433651236,1.09528692389814,1.09138926559948,1.08724314864913,1.08386093320239,1.09467386678347,1.09973292658144,1.09929458342174,1.09705090804873,1.09361127318951,1.09246785259617,1.09243351195059,1.08974830166305,1.09071616838532,1.09193807349267,1.10235309553187,1.10322935868428,1.10896156757154,1.10794936097497,1.10435479592922,1.10138224586247,1.09660224625958,1.08508502399344,1.08798696225379,1.08794298030815,1.12954724877034,1.15375987938669,1.16195380460664,1.16097874695781,0.978338055778125,1.04547074105964,1.04602151790085,1.0412762199804,1.0416846310399,1.04233723554294,1.05798340381437,1.07797684933904,1.08198784133518,1.08109303024064,1.06256778728359,1.05726301971073,1.0569880398345,1.03839937158655,1.03530522012284,1.03525797307128,1.0423156337203,1.03684220758362
2,127,0.987227400560724,1.01844050248817,1.02890869363832,1.02165399151839,1.02046317308519,1.01327667402673,1.00186981503546,1.00195177636882,0.997312415316991,0.993046308000801,0.99218576418659,0.98670387029953,0.992995442717519,0.993734439436527,0.989979705441933,0.991963456557598,0.989993573139988,0.985506739442323,0.992786258738392,1.02428851705212,1.02381104921191,1.08809523126442,1.00865501025672,0.979177753349069,0.979177753349069,1.02256666873975,1.04217031718749,1.04253418129122,1.03957451703994,1.02319794883618,1.02345909696415,1.01869054896776,1.00809031202464,0.994363357824676,0.994363357824676,0.970599789401292,0.965191094328215,0.965103470898088,0.979647436346361,0.985785239917099,0.991056248388026,0.991056248388026,0.979238248732633,0.987585103962912,0.983771043022309,0.972684180248356,0.969047284458405,0.961870705164255,0.961870705164255,0.984929751351039,0.987716654432934,0.988494549723272,0.989050657323356,0.990228172479756,0.983162330005693,0.988806570507314,0.9860344685317,0.987450073155004,0.987450073155004,0.979754475582829,0.97891988465332,0.979039313913187,0.9792530467847,0.972516532207539,0.973219123907435,0.981527327153344,0.992233055608997,0.99205957312014,0.991422054146242,0.998556837225162,1.00866653772348,1.01016048985663,1.03432806940662,1.03699172715708,1.02672836311586,1.03982949644432,1.02984518247023,1.04059055487049,1.03168253718266,1.04536258105727,1.08189774342625,1.08143388553144,1.10804640901767,1.13504644946987,1.18606840440151,1.1896412752322,1.22950226744773,1.24770333154023,1.24741524150418,1.23537577469069,1.23340037397563,1.23301969540312,1.21602453643458,1.20439614910109,1.20533879223587,1.20533879223587,1.20463438843355,1.20033786408705,1.20106334698505,1.17637330242041,1.14033002562762,1.13985714343037,1.16907466202592,1.17808631200128,1.18131125303223,1.18068680798428,1.17895447751808,1.16832815050315,1.16808291998633,1.16077671178703,1.15283879468022,1.14576968780902,1.1463028861397,1.14278504879762,1.14133062332449,1.14133062332449,1.12256930846977,1.13273789540305,1.13273789540305
2,128,0.998974803701566,0.995741740096764,0.998551031092697,0.999173289078151,0.993810172577118,0.994609128328849,0.995357951554239,0.990214039163836,0.987198461082354,0.993221631281495,0.99053874753094,0.991440400415976,0.995550107574104,0.995550107574104,0.995231844126627,1.00937014160151,1.02210584472751,1.02359918415417,1.02976137433799,1.02083645224913,1.02083645224913,1.04485534447149,1.02499054561523,1.0251207978402,1.05679004344917,1.09100458568523,1.0913065149997,1.12062750813893,1.11555242168319,1.10879566361442,1.10669404202416,1.09834007214319,1.08287563116581,1.08302414203866,1.07200421421279,1.06957559344723,1.06885422756166,1.06945878042426,1.05776025744711,1.05712765535934,1.05418768419188,1.057378909449,1.05670054504104,1.0565804029971,1.05362599162417,1.0394238645178,1.03990837039684,1.03899710897654,1.0295257576907,0.98512682702995,0.984708042821108,1.03295301831759,1.08503090016052,1.09987983317749,1.09985062599151,1.13281619592277,1.16895020232204,1.16873145079257,1.19506242028894,1.22972755401704,1.22936557634457,1.19377785564936,1.22131521878354,1.26210131188748,1.26255853258994,1.27086572662485,1.19054648233355,1.19160900600508,1.21385245067371,1.22123054446781,1.22334516816205,1.21320376073888,1.19754774286247,1.20309626667877,1.20336235733711,1.21542201145349,1.22141363915469,1.22041113468728,1.27277998309438,1.29727872947864,1.23583174579468,1.2353001220214,NaN,NaN,NaN,NaN,NaN,NaN,NaN,NaN,NaN,NaN,NaN,0.587784672382244,0.582500608858261,0.639907282707244,0.679044720088146,0.679645493165792,0.703850238127567,0.720931272779286,0.676136496311298,0.676959516836619,0.560745703879898,0.59877101777277,0.599057560672082,0.63836616292479,0.66110957199102,0.66110957199102,0.70279111913979,0.721147213143874,0.732919122065636,0.732919122065636,0.740609372224168,0.761930983686884,0.759642891992854,0.819917643315685,0.856952301160735,0.871566594632666,0.871566594632666
2,129,1.00933995457099,1.00512823852165,1.0046843370207,1.00517809504623,0.996829766927341,0.996086567752952,0.996539504505431,0.993901165210295,0.991764581289326,0.99329870815556,0.996753191398564,0.995816125525894,0.999029876702082,0.998451751628741,0.996868387810635,0.996071256885874,0.99549498360723,1.00682089924262,1.02194260819789,1.0209198806067,1.05321081235779,1.250228472536,1.31577535663998,1.3164496814258,1.37784198748179,1.47392813344486,1.47380967082256,1.52440545374262,1.54146540922077,1.52884122452111,1.52794061157336,1.50931753194494,1.50864884594397,1.50870244441508,1.49099304183437,1.48784976206185,1.49287585894647,1.48949485324969,1.48377287481357,1.48328630682874,1.4833372281175,1.47147274730577,1.47666165524864,1.47222163481014,1.46376938928387,1.46350738794818,1.46169459027836,1.46324202142386,1.47855759912894,1.46575569079957,1.46391576299006,1.47098126821589,1.47012933112812,1.46721526014576,1.46031994554156,1.46279927085942,1.46616164496842,1.46698809861527,1.47781047525022,1.48000111647335,1.47818160739125,1.48097495040019,1.47407448947552,1.47407448947552,1.47249762084885,1.47063359456495,1.47700396721698,1.47700396721698,1.50784947403707,1.52071941840577,1.52199344881586,1.51842870310695,1.51649917881934,1.51744431763587,1.50409647214729,1.50156376962097,1.50054672356024,1.50101854102673,1.50595732611435,1.49990079776568,1.50089584488825,1.48927259163437,1.49679590697618,1.49651081762023,1.48987513466957,1.49510698530268,1.48350005424972,1.47997707282933,1.56348855525038,1.57574124175857,1.57465432263844,1.58134912667745,1.57287156396538,1.5592504519051,1.56515679685276,1.55073019167196,1.54592923906594,1.54231646082862,1.53427446976353,1.54080393053708,1.52538068941955,1.52603838775594,1.51704593344492,1.51695205649222,1.52053766402754,1.52442471542384,1.5133781183379,1.5133781183379,1.51154172801097,1.51227167624929,1.51285253675504,1.51513921660562,1.52548892441132,1.52504110946288,1.52566580167086,1.51206161802595,1.50587426122054,1.50383179027669,1.50597803175216
2,130,0.981135777695471,0.984616211920561,0.989558334548066,0.990466604120577,0.984343808554419,0.992626818829525,0.992616086570708,1.00491681397656,1.0150268467392,1.0151784624584,1.01465639510995,1.00944872607414,1.01034009501634,1.01496685198959,1.00596926210488,1.00322510293174,1.00322510293174,0.993940061225962,0.993742637202189,0.993755797353129,0.990123055839403,0.988512601035115,1.00398902058184,1.00625254028676,1.01757001222203,1.03797139493031,1.03868463223732,1.04706416159464,1.04961448459982,1.04301896642205,1.04393839421365,1.03725347743659,1.02348963053595,1.02389370025485,1.02812131729139,1.01760139267634,1.01715431537247,1.01969668670229,1.01361330037865,1.0024363321535,1.00241034868018,0.993558563412988,1.00028227546829,1.00032347549119,1.00218475673302,1.00440784967325,1.00316489889849,1.00754849838099,1.02240139702481,1.03689416339798,1.03668726807613,1.04308414928865,1.04561000418545,1.04330736696074,1.03529247771495,1.03329120143128,1.03419029641663,1.0267597155765,1.02530457782253,1.01466504955738,1.01549358132443,1.00967358270681,1.01433238945584,1.01433634927266,1.02866746817539,1.04271961599648,1.07310225355316,1.07425765339158,1.10656103575906,1.1104953588627,1.11168674359794,1.11601849320285,1.11957748561702,1.11869794288762,1.11758591933705,1.10413722989503,1.09769835714764,1.09671178970096,1.08992167135421,1.08933528034462,1.09146561842733,1.09665155429956,1.06407467827792,1.06091332545275,1.07630343809597,1.07288828743688,1.08224061729076,1.08317615191734,1.13145052485889,1.15549589750673,1.15666201000369,1.1528181909464,1.1465917062124,1.14621089545018,1.1290896538328,1.11989816936913,1.07063752497485,1.07105255784667,1.13368502777339,1.15958436179012,1.15560378945512,1.12090081229634,1.11866391729832,1.14020528162771,1.13945715883077,1.1338795232332,1.1514359878007,1.15187211952557,1.1708334330814,1.1775842496027,1.13513706881232,1.13321105463189,1.15603640583514,1.17155622904158,1.17379816734454,1.15148738703748,1.16973911428691,1.16999293054501,1.01188675033988
2,131,0.973687801037218,0.986349200040354,0.985847294987607,0.992341672278806,0.992821527394853,0.994372357081231,0.991199684031221,0.995633504351085,0.986553925502515,0.986174424843854,0.985793890748207,0.989871362259186,0.990927279191172,0.983080039399152,1.01297332099521,1.01480185148646,1.03621031282543,1.04031333681195,1.0610472147345,1.06118953397419,1.04971527588476,1.0247157357798,1.02501516484747,1.03527457860732,1.07106613146802,1.07057850641601,1.08826417582704,1.08563240318552,1.09469204247095,1.09365118564583,1.08187976900516,1.08583431170045,1.08538086093072,1.07469401297873,1.07223481418643,1.0699564768757,1.0699564768757,1.06474866272751,1.06719652011109,1.06972015333216,1.06107567377582,1.05960025786772,1.05918186060207,1.05039137473711,1.05798323636575,1.0650395017586,1.06437159108046,1.06386694813576,1.05481412865356,1.05945038200592,1.05915865114942,1.07253405309932,1.06962005448321,1.06901561621947,1.04745738960196,1.04123519272966,1.04410383918577,1.03506160568674,1.0403560809946,1.0397434666307,1.06137283490562,1.06202425440685,1.05123267040967,1.05123267040967,1.05410686946201,1.07223565654376,1.07156239318015,1.07173869234495,1.07601497908056,1.07601497908056,1.06738661202055,1.05183217697501,1.03239480866117,1.03401057859082,1.02211739917058,1.03547319704801,1.02985189912105,1.04204360719443,1.04620290783083,1.05218132007301,1.05218132007301,1.04617937671726,1.04862728674417,1.04847413317787,1.06108833927975,1.06800234738545,1.06803987926027,1.06290819872654,1.06786616443371,1.06651636329155,1.072392874048,1.09409139884542,1.11965011674229,1.11894315939278,1.12837714148667,1.11939226162607,1.11842121119506,1.12165952526565,1.13185841749549,1.12132393198711,1.12308887716109,1.09958601008419,1.10655867510108,1.10655867510108,1.09770141808764,1.10821219870334,1.11953495801848,1.11953495801848,1.10340093367461,1.07669856029403,1.07669856029403,1.04687703403499,1.06750352464845,1.06451558989327,1.07923621950353,1.09621153014849,1.10492600001776,1.10523746384925,1.11840857259673
2,132,0.95897242849866,0.96117893218678,0.96117893218678,0.975986369259116,0.986653443628825,0.987810427624699,1.02043960354302,1.04365786078682,1.04244549728936,1.03954895186093,0.974076605647356,1.00649728220459,1.01233733379026,1.00340193385174,1.007126366376,1.007126366376,1.00221983847117,1.00486480510236,1.00447702131553,1.00467410041512,0.989292077524997,0.988976179377262,0.989017133151671,0.996041032474127,0.999438337860899,0.998920208072403,1.00992283574353,1.00131834110416,1.00113980819231,0.99738761745426,1.00123455351871,0.99953412838755,0.99951489807131,0.992479316746065,0.991818702129806,0.991877304280115,0.983133605852036,0.942942090901116,0.946215088662947,0.946001017752613,0.960784130289202,0.95669660630599,0.958469795699064,0.964996257123205,0.984875683900424,0.984875683900424,0.983201673046469,0.956827462523655,0.972617171094164,0.972617171094164,0.986886833181989,0.987135601308232,0.988084757563157,0.978448929246074,0.995640201067573,0.995835302352269,0.998432242679091,0.996943415769554,0.994331080152355,0.992880007630764,0.991263824837827,0.992447037684395,0.993440654542068,0.986261500016924,0.983725177756326,0.978454467058629,0.977314882277128,0.973061021312078,0.975818371347987,0.9703738482777,0.967135045010783,0.967210122022161,0.971694141343138,0.971721110318195,0.970222600876517,0.969857320671055,0.969794015593644,0.96702106955657,0.964677626591869,0.967908886004829,0.968742490296439,0.964711916926077,0.956973581798437,0.956231559272829,0.946333675754486,0.968241380575501,0.968386119486089,0.979627358957215,0.986933126294056,0.986647783658634,0.974577165668638,0.9949581742034,0.999235798512673,0.999235798512673,1.0007426476757,1.01513969483552,1.01565356215237,1.01860864607452,1.0126026163056,1.0126026163056,1.01286584460118,0.997081331852739,0.993473349223763,0.99225428383814,0.991850048334048,0.996979419657425,0.997667020731765,0.987409060966858,0.980012652771669,0.96013548428518,0.96013548428518,0.951493074679405,0.976438269727407,0.976421273552309,0.986288415317075,0.994455836514343,0.994455836514343,0.984015280357239,0.97488243638462
2,133,0.98435952181984,0.983541445174574,0.976897491555581,0.985594102159923,0.997864383676867,0.999060295318573,1.00641008068652,1.01024740776685,1.01269818115671,1.01050706121959,1.01676751651164,1.01221248919739,1.0111024981168,0.999121360705272,1.00105308155569,0.999692676104912,1.00026229564093,0.996304055816165,0.996304055816165,0.999171600254419,0.981688549580451,0.967463793112411,0.967463793112411,0.964314839942561,0.990847797563371,0.991268970742477,1.00359370492128,1.01098328500393,1.01069335960688,0.988983447209817,0.985064679872925,1.001045809338,1.001045809338,1.00420658878706,1.00988788266017,1.00984171635309,1.0099228019698,1.00711929415613,0.999555340842913,1.00148989929511,1.01026674860642,1.00461423610585,1.00569498260702,1.00080596257829,1.01750738113919,1.02457645989069,1.0243367166819,1.02335299940315,0.999499116889868,0.99850920082347,1.00392607023144,0.993493675119387,0.992633146206846,0.995313040972619,0.98587799108869,0.983834238024999,0.9317109718704,0.907559000744566,0.942337933279443,0.942337933279443,0.962746481560928,0.992304396973705,0.992742493496901,1.02305881106468,1.0496699478316,1.04305281912577,1.03910355296605,1.0686463949483,1.07634550570935,1.07273677606315,1.06965977212508,1.05370286705285,1.04985058671176,1.0455396245901,1.06297389031827,1.03903207765461,1.03776481299806,1.04057872250595,1.04542777084163,1.04542777084163,1.03976081325177,1.0610748328869,1.07481989600177,1.07493273989793,1.08417196340988,1.0727613892114,1.07336238094287,1.09041553039657,1.07519425588091,1.07457625264645,1.09410813165217,1.0811443617747,1.07306590402,1.06734111505594,1.05085128647272,1.05104705702256,1.05104705702256,1.03576601454469,1.03237221158414,1.03340338333333,1.03909048617159,1.02844221773763,1.02433170085902,1.02586561432344,1.01303277846595,1.02389644675843,1.02379640246096,1.02688264562285,1.04318270785973,1.0461604047653,1.04822426200891,1.04332843381215,1.03840920854731,1.04090633365194,1.03814449121487,1.03289315189502,1.0340818872695,1.02873696119742,1.02641290195077
2,134,0.973959558361538,0.975547414541421,0.992513356568587,1.01534151903706,1.01093916182031,1.00466750785086,1.01707180178844,1.01786776853594,1.01758084208825,1.01314460792864,1.01124277031343,1.0002443273574,1.00108056859655,0.99267155992569,0.992065438164052,0.993925329979556,0.990399510329457,0.99019738355801,0.989539573254811,0.99333890102717,0.978815416365541,0.972078874719343,0.96456837365902,0.979431915876736,0.996135228949804,0.996135228949804,1.0095175955563,1.02217938892069,1.02217938892069,1.02052537812794,1.01952345712131,1.01255127359146,1.01350983191346,1.00751289602283,1.0014564667445,1.0014564667445,0.997682749593942,0.991768359608929,0.991768359608929,0.994937550221844,0.992578942241137,0.99472841673487,0.993634570050537,0.989769293012248,0.983784197604127,0.984119069880724,0.980369739504641,0.980312781563763,0.991287762052089,0.990817532146997,0.993898970016806,0.995698719321154,0.992874578433656,0.991200669552689,0.986189715087036,0.986189715087036,0.989421356491098,0.983864139060035,0.983190392008934,0.987310523925727,0.989277267511452,0.997870193435633,0.998755063560615,0.986902869116081,0.974949723278713,0.974447953757966,0.981952982795424,1.01036636218201,1.02923259224249,1.02923259224249,1.02869320955512,1.02832335273455,1.02814407121525,1.03280832651488,1.01048184546289,0.997934878830113,0.997523107774574,1.00721118113946,1.02067888410187,1.02067888410187,1.04220549273712,1.05584049071637,1.05607155670362,1.05363193018169,1.05293238368898,1.03976654026397,1.04012342708318,1.02440027027699,0.94116901886953,0.940186736866352,0.939449281795448,0.987904108217764,0.987295316441775,0.991240499944929,0.991786369561548,1.00102428351912,1.00180541407662,1.01247013942501,1.02325229572065,1.02032423980499,1.03092088740562,1.05748872436551,1.05526383081667,1.06693129050228,1.03882436675878,1.04866375873724,1.04925547420079,1.0532561307584,1.02773224751272,1.02683337159182,1.04262031486109,1.05109629689329,1.04225308797571,1.04167923435425,1.04516001308891,1.05925140536848,1.05925140536848,1.06553480023756,1.07542773228314
2,135,0.982573841735132,0.984424459662213,0.984892377994527,1.00198113325287,0.999533684194881,1.00821726548485,1.00821726548485,1.00485539518334,1.00480924283511,1.00480924283511,1.00854512308009,1.00430250826168,0.997870978988199,0.997870978988199,1.00444447206791,1.00038252276224,1.00037470721431,0.999650506202256,1.00224429377223,1.00269971265065,0.998463540025036,0.987730914918769,0.988448140360609,0.985403556253367,1.00470406283986,1.01962257354793,1.01358468758475,1.02557768071379,1.03285609891291,1.03331715294379,1.01636552746744,1.02077097445097,1.02101156993502,1.0132099447218,1.01666860043292,1.01738740253374,1.01723646287114,1.00746503408463,1.00522109558533,0.999431801815025,0.997157681290553,0.998521587746714,0.996601403416472,0.993093631035089,0.995156149474839,0.994511609561693,0.995928015286247,0.994531883432451,0.990637325014391,0.993335581020128,0.99227164780618,1.00543545379434,1.01555575705617,1.01278824345678,1.01394304455723,1.01146804567544,1.0111925700475,1.01566108028877,1.01637446566309,1.01227935505553,1.00732772635232,1.00474525456872,1.00704845437797,1.00247128994502,1.00503057096937,0.997761875190451,0.997761875190451,0.995381693568255,0.995228609318037,0.999270147955145,0.999270147955145,1.00447959108178,0.999033395768922,0.999472458798804,0.997344552001111,0.998951980249005,1.00671577020542,1.00471913231549,0.99182676403649,0.9890320653866,0.989082721007202,0.985949350044208,0.998233441759334,0.990932725329981,0.990932725329981,1.0131891844731,1.03517901491217,1.03517901491217,1.04279017470926,1.05766275621249,1.05794618761349,1.06488375509786,1.06068513799548,1.06068513799548,1.05664398222655,1.05127527905611,1.04221911645196,1.04283708416475,1.03192497948296,1.0318316419019,1.03170546600372,1.02360256941227,1.02137317259267,1.02089442097332,1.01982063405359,1.01578445576925,1.01390733673253,1.01318694145679,1.02054011655334,1.02628337866685,1.02564518587179,1.01538460275076,0.99566970358047,1.02140103938163,1.0214532086884,1.03352039289005,1.0343209811456,1.03593599587944,1.01689446964827
2,136,0.974746892311317,0.982535913607897,0.982502406763801,0.983172764285986,0.994891946980507,1.01221880927974,1.00623274411004,1.01459038256604,1.01577468495792,1.016091441274,1.02165802949113,1.02036481564112,0.992615891118802,0.986865504528546,0.988081175333418,1.00224915399062,1.00301040994095,1.00299955946577,0.999397474352409,1.00067579688614,0.999228583941016,1.00154076726063,1.00765430476361,1.0070560439636,1.01657173575564,1.01028046670288,1.00882422174947,1.00850311193565,0.993270744573015,0.993482809416201,0.966355638375719,0.973525223456332,0.967028513549644,0.967122924553538,0.98494612762286,0.989896634515944,0.98967721663513,0.989958869655757,0.992766176969626,0.992724026216636,0.991329913482232,1.00499378657927,1.00032836723898,1.00032836723898,1.00263114671488,0.987160311223493,0.987259235246031,1.00851342012165,1.01050709612855,1.01303267739847,1.01303267739847,1.01199657400552,1.0252687324461,1.02402401961486,1.03369500638318,1.02182303984724,1.02128159995345,1.03299426917897,1.03925159701462,1.03691323902937,1.03817957512384,1.03376149087202,1.02048101802941,1.02095803826756,1.0341640507591,1.02559423109568,1.0282367188062,1.02893563322964,1.02132015697846,1.02145318246155,1.02194023177053,1.01636821086309,1.00562438733194,1.00490625314325,1.00792834303699,0.993941709329582,0.986606949489427,0.985484836720323,0.980645481981032,0.975519426520357,0.975963210280687,0.974215201498483,0.98222697992292,0.977356646938479,0.983592531135202,0.979371868482163,0.98419431755353,0.976883016307418,0.97279797945643,0.973371743496871,0.975000895138987,0.969034735103157,0.966610214691413,0.968023894240509,0.968547208492352,0.969254187123236,0.968997540857623,0.968540461743864,0.970636703796681,0.968869265107924,0.968869265107924,0.974672652596697,0.968400374721466,0.967767961356551,0.969143133793754,0.973395289790293,0.975093036362087,0.975353259060768,0.970788776915509,0.95225633251457,0.952090710608072,0.957146124371108,0.967671202967102,0.978785301217549,0.978785301217549,0.984551978298958,0.991443918901919,0.991443918901919,0.987759554635769
2,137,0.958509738918387,0.964844190872612,0.96484098902691,0.96920323512917,0.975052888894437,0.970942167373039,0.979916636362472,0.984839765775359,0.997172891349823,0.994464331808128,1.00217046049016,1.0227901083785,1.0227901083785,1.0230658818496,1.03174080125645,1.03174080125645,1.03321500598531,1.03921123090226,1.03348876599243,1.03295604832987,1.01990320039507,1.00450927094981,1.00354153628286,1.01199439527492,1.00791836990768,1.01273108106322,1.00996093435131,1.01476130421583,1.0046427807193,1.0046427807193,0.99891467548001,0.993789259384799,0.993789259384799,0.989150820125117,0.990433462217889,0.98588899681032,0.984808414272689,0.98613192469048,0.990031268252769,0.990706793713357,0.98212898306384,0.99140524580884,0.985091577154506,0.984689808654177,0.957596114660101,0.93816508139839,0.93524372359176,0.938481548607296,0.965049255367249,0.963159040006034,0.971146207329012,0.981027470919873,0.990999545235391,0.991394274539338,1.00228483299178,1.00681350785457,1.00876034625287,1.00410737529009,1.00872860183348,1.00872860183348,1.00341487750113,1.00138107444684,0.993991772326144,0.994276702375394,0.989826279648342,0.98222770233616,0.982984304081549,0.98498051409704,0.976210998559272,0.976251359517309,0.973088706495998,0.970723997518321,0.977079767323006,0.974527766894367,0.979292679789901,0.974668855689782,0.974899279868896,0.97933001457014,0.979201583179112,0.979418718278872,0.980198583025452,0.974831033742774,0.98090252455364,0.981339499866994,0.97576484448187,0.976379638185264,0.973498992338515,0.971399511413959,0.976721208935108,0.975016528613042,0.974942756330925,0.976727594687854,0.965559575229024,0.965053876058671,0.971899464409641,0.98375690067559,0.986578180068296,0.986572145819005,0.984014969288198,0.985788779326348,0.984457428004553,0.977692730711531,0.977668647320882,0.977179235682513,0.971394357159367,0.958907667866766,0.961930207661077,0.952801578193304,0.953888329901272,0.952555190652447,0.951707844735694,0.969276707652065,0.976885920560839,0.978116313290836,0.986969558647103,0.978565428014572,0.996903526916523,0.996903526916523,0.999892537556304
2,138,0.993673221754018,0.99311270844733,1.0029543561117,1.00945856195766,1.00945856195766,1.00824755307699,0.997940885352204,0.998018866545132,0.995930389455802,0.997919768083297,1.0035552174324,1.0035552174324,1.00649937206543,0.994744680703965,0.99494044759741,0.993780822493136,0.996593703560799,1.00022296858319,0.999392697389475,0.992253393670753,0.99078502996846,0.986626554208818,0.981323395018193,0.987279939883425,1.00049852130676,1.00062595041834,1.01636046868612,1.01806564683968,1.01886329975238,1.01924766739068,1.00749405143875,1.00581740107002,0.989569203296276,0.98561370844849,0.982466740896118,0.986863181290593,0.990462844593524,1.00321234324626,0.997662564050864,1.0051747004145,0.998176730637254,0.998149310813648,1.00686143015369,1.00683873196681,0.988136411193106,0.987990284205215,0.986624776277345,0.985260897999274,0.984980429676502,0.999357053336391,1.00362208864446,1.00463972026408,1.00131894326622,0.981685173876352,0.980673647555009,0.9827737658923,0.987116929043541,0.993053377179853,0.993053377179853,1.01293027923306,1.01627753863374,1.03705862214057,1.03705862214057,1.04182794800463,1.03774004725194,1.03755516895336,1.01926873196984,1.01834392810332,1.02290764397982,1.02222136912194,1.01929056001556,1.02684032363304,1.02684032363304,1.03240767747916,1.05006347625065,1.04859624786762,1.03412985744876,1.03384635408673,1.03331132623171,1.03592028503858,1.05114817591402,1.05722399429347,1.05430882871858,1.02977018757296,1.03953847296575,1.03780247380036,1.03925556086232,1.05767184230937,1.09108073466593,1.08302060373765,1.07134685258254,1.04009353872318,1.04009353872318,1.03975477130051,1.03900826819397,1.03919706111975,1.0489869255255,1.04756422900904,1.04767289437971,1.04738846299464,1.04293881583009,1.03899586569335,1.0391099406308,1.02441562260649,1.0240375910239,1.02247672568407,1.02247672568407,1.02803253129797,1.01819643194644,1.02004697107809,1.02083105223811,1.01528736176535,1.01528736176535,1.01783136341948,1.01959352280533,1.02304920881165,1.01696296616015,1.00913489496763,1.00485620449286
2,139,1.00156758291052,0.998788217290702,0.995077152382641,0.992732767670905,1.00358578139412,0.999978197221868,0.999978197221868,0.994695139107852,0.99724225215743,0.998822382715337,1.00408269503973,1.0029831784708,1.0029831784708,1.00456900885291,0.998644183170044,0.99957328372508,0.99957328372508,1.00109164310069,1.00403187537162,1.00332719945751,0.988620343978408,0.986033457186095,0.985960661514202,0.998757170656399,1.01135768240889,1.02184932789399,1.02159055152815,1.03314302938565,1.03848568191772,1.03720802358864,1.03136703211602,1.0244457441652,1.02105096941833,1.02105096941833,1.02108974393516,1.01678616969466,1.01642363831743,1.01105211541706,1.00718392984789,1.00794155359424,1.00736942878054,1.00397685682702,0.995093405700586,0.993305594478204,0.9981164529484,0.997772366363273,0.991061838363249,0.998770163190657,1.00308356177681,1.00338313691691,1.00258754727891,1.00765690443849,1.01212414416955,1.01382057349185,1.02002333357886,1.02694613185946,1.02766829670424,1.02240385495182,1.01588758687196,1.00676389659915,1.00534736816477,1.00869383976208,1.00793611500662,1.00826371612981,1.00168976819565,1.00561799336911,1.00179286231485,1.00841780062087,1.01418003298012,0.999982692245941,1.00002407789342,0.998443593527067,1.0020348704125,0.992949363465671,0.993150211762411,1.00916215395892,1.02541507753365,1.02567611633614,1.02479359420158,1.02700731483598,1.02700731483598,1.0201902663141,1.01419951738816,1.01205382093017,1.01424038943201,1.01084210615654,1.01049953047383,1.00303833146318,1.00320954492267,1.00061405123056,0.998142550277593,0.99370277074426,1.00748002248574,1.00763222611897,1.00972214063629,1.01697733342664,1.02579391156531,1.02614386826997,1.02140871379367,1.00808256040535,1.01102724576095,1.00870237061834,1.00977504292015,1.0196504213042,1.01184972457441,1.02389118506881,1.02125568372743,1.02125568372743,1.01990801405398,1.02050430843011,1.01854729559039,1.00624687578756,1.00327425447206,1.00298647427608,1.00240391192273,1.01067605053809,1.01071577627681,1.01007067678804,1.01008457017324
2,140,0.970073362605623,0.985985061204005,0.99144762162833,0.991936387483917,0.998085671520588,0.982300281449083,0.982240485417775,0.979939359674232,0.983666957730847,0.986492652374451,0.984119504295278,1.00073350995991,1.01115363311016,1.00899289960397,1.0182192668058,1.0203744487387,1.01987956117882,1.03759746052454,1.04676187469398,1.05072762856492,1.04041717467935,1.05380234668498,1.0459257564323,1.05205797833619,1.05053299216222,1.05954281203038,1.05954281203038,1.06615460294808,1.04097366415558,1.01667572049376,1.01566022920373,1.01720044691122,1.02229402809837,1.02268098156354,NaN,NaN,NaN,NaN,NaN,NaN,NaN,NaN,NaN,NaN,NaN,0.826300452077826,0.879789826229018,0.880995643919193,0.900515546772057,0.9156009339792,0.914761845585152,0.929210443667501,0.936521543713694,0.937009827683077,0.956688058246752,0.966317714251094,0.966528344236085,0.953233325647599,0.940204257428843,0.950382613963838,0.949915056868568,0.955086133831534,0.951558285896243,0.951159099045949,0.952694701502205,0.952019136653249,0.954304969046162,0.953825414821975,0.949708002354372,0.940595806048298,0.941026390103627,0.933396385578817,0.93579593429388,0.932539148203641,0.928842997379968,0.928211119425729,0.938020985518612,0.936507717670069,0.937376250972442,0.936812682664798,0.937233590786588,0.936674952495194,0.940020798294526,0.931404509896674,0.93024767521523,0.928819534052165,0.929598423155543,0.929655609691375,0.936023272630236,0.941792304070814,0.93613096147673,0.941968738815728,0.943119131309979,0.936023227599183,0.936079192405366,0.916996926956191,0.923078059165498,0.920754777419546,0.925465694641587,0.928679124464797,0.928316908666709,0.923466159577328,0.924625363273912,0.92423204330713,0.919303141073899,0.922486830253203,0.932836239975755,0.932836239975755,0.934950145225893,0.931846948545066,0.92960591288421,0.929622805983416,0.920613173290813,0.93643160935778,0.934847232823843,0.953656883626901,0.956471017287969,0.953301343274791,0.96086792342244
3,121,1.01542726823492,1.02039788040936,1.02166548001985,1.01394980777476,1.01506261616616,1.015187632998,1.01901022180153,1.02246129781438,1.0243966282544,1.01918514027599,1.00907142330867,0.9946200688718,1.00101694278975,0.970702765517907,0.969441765146768,0.969501452219441,0.968684092206538,0.964751861279004,0.965465654910763,0.967757661807182,0.959133420478346,0.962216089022472,0.962885283776354,0.979831249537173,0.972291394596777,0.972973537032708,0.971702977740413,0.972688035443583,0.963865363766408,0.963514880926145,0.965646098820915,0.966065718527774,0.966092382977609,0.972602054533416,0.971143593485481,0.971854150901589,0.968925523314799,0.961198196840242,0.965040111500749,0.965368455703195,0.968655708329244,0.974190359669063,0.973958910788298,0.970014325248707,0.974874201518003,0.974870669265215,0.976231307104552,0.972504096034779,0.971285889598991,0.971065125880316,0.972911407328359,0.969592396193732,0.969282636720604,0.96786096731984,0.969085947199868,0.970825459737041,0.970646209391751,0.971369212060098,0.966722885224708,0.966680788019483,0.963992313091634,0.964994596261254,0.967073540045213,1.00539460986552,1.02507746906993,1.03356898836017,1.03523956936564,1.03898187123434,1.02798060457628,1.02705570864181,1.01960958689686,1.02191797773218,1.01375510382143,1.01263445992108,1.00965094651602,1.00921910329303,1.00930429849699,1.00753149297991,1.00674890384588,1.00633137974442,1.00405828421148,1.0043907626246,1.00663770377082,0.995662220113124,0.97726264915448,0.978860595137953,0.984255730763476,1.01458145410109,0.9485679470892,0.947760531528563,0.841934143521018,0.860391450383938,0.839713178029101,0.8397809213154,0.808910882132808,0.817047644849407,0.81722123603233,0.804991826500677,0.80285359326936,0.794528828192605,0.789205591430932,0.771811310635419,0.754294258013034,0.754874561270412,0.744280676378618,0.731847608370868,0.731296955477393,0.728487612974258,0.728539852575164,0.736815590134863,0.733411469175011,0.741674285453167,0.747901476740429,0.746601795472752,0.742324112980877,0.748696174555721,0.748797446647019,0.764316864343898,0.830715520583591
3,122,0.920930776835108,0.923300919936716,0.939307691521631,0.939166644806938,0.937579359604573,0.961765117864984,0.961291551885282,0.976608421714759,0.992510345821754,0.99198741638956,1.02778652196785,1.04923110055917,1.06523292537898,1.06597173838776,1.06773843496171,1.04709397116148,1.04709397116148,1.05111279607322,1.03429029396704,1.02803224414703,1.03268487004112,1.02154141182767,1.0357906486862,1.03562216046158,0.997160562677698,0.999002825078068,1.00042244222479,1.01477846297802,1.01360180337855,1.01393512779408,1.01471330103975,1.01152446049612,1.00663710217358,1.00777350665155,0.998996812742118,0.995902274698766,0.996212616883594,0.997244776356376,0.99111379900493,0.985336027355564,0.983966383645188,0.981370383315658,0.979220179921322,0.979220179921322,0.974059831036993,0.975503736628092,0.975068078723636,0.985857529342404,0.982325249907401,0.969753136513174,0.969844249148343,0.969647457739472,0.973023034580826,0.974439240516563,0.976652531079596,0.969548399236551,0.970623414564528,0.968881265984027,0.969100382561607,0.966751633400726,0.966689472681697,0.989866281090655,0.994122320807744,0.99447428677399,1.00823711146913,1.0206023096277,1.01809063686654,1.01568454440082,1.00742084535765,1.00972335606876,1.00695411706395,0.994790463611678,0.985554261226956,0.986621673085348,0.982919594904328,0.98039886169747,0.976964160906874,0.977146890324531,0.991167038083474,1.00608422810952,1.00544886409106,1.02946318760014,1.03852049818058,1.03160927767887,1.03061509370981,1.03745516277268,1.03628642272387,1.03149163772049,1.03269889539748,1.02578583775252,1.02427299136978,1.02206123332942,1.0160520693822,1.01859611401294,1.01486898662437,1.01418324613501,1.01198090754041,1.01700692973724,1.0094752674754,1.0120473870149,1.0120841695834,1.01595698911236,1.0150828501656,1.02650113636059,1.02650113636059,1.01119559102374,1.01682888006379,1.01682888006379,1.01926006065909,1.00789166868334,1.01327130631034,1.01379600455999,1.02892901581673,1.04750706225726,1.04920725745751,1.06887866465287,1.093733434817,1.09323240802729,1.08699123055663
3,123,1.12639637211059,1.12570241809894,1.0239455344741,1.00558459551331,1.01340454968261,1.013262814642,0.993316754817859,0.996702490203566,0.996715430420232,0.987090763522851,0.975779305392714,0.976937096640842,0.972576673442398,0.974089273157224,0.964973424425185,0.964973424425185,0.962806003871799,0.962632462557265,0.963110612601333,0.976170296884042,0.984550662817509,0.983836281598974,1.02340693877291,1.02655346104431,1.05335024789025,1.05549005340994,1.09018082888732,1.10564383081057,1.10609042363286,1.09868616938604,1.07397481376177,1.07376151945229,1.06295212277668,1.05917381358025,1.04725103956078,1.04670787850766,1.04150604055272,1.03273409604951,1.03257817414033,1.02909858889022,1.02648312304372,1.02697798220697,1.02737063496042,1.02344839840244,1.02217152817531,1.02157981262188,1.01649024465474,1.02335049600188,1.03170049584821,1.03288996952518,1.01662272397944,1.03193374001707,1.03193374001707,1.04308267689153,1.05639811454545,1.05660030719455,1.05279189869298,1.03695494662806,1.03695494662806,1.03956873640063,1.03591678719059,1.04538001592149,1.04538001592149,1.03781254389984,1.03385449518473,1.03385449518473,1.03897016782858,1.04795671463057,1.04069318089173,1.03981324562763,1.04189074516488,1.03244362830229,1.03244362830229,1.03029844145682,1.03606451958256,1.03714208713442,1.03185705581686,1.03339394751022,1.03242224704331,1.03112508396473,1.02828597908634,1.03122631981245,1.02482534706016,1.02924194684755,1.03308337817399,1.02414175682626,1.02553276120986,1.02449760808578,1.03967965412919,1.03927699297078,1.06286570541267,1.08489210978393,1.08501344171496,1.08906088029919,1.0906869505436,1.09289296539921,1.08877786414465,1.08598617175347,1.07721087346185,1.07856369226623,1.06635025004339,1.06757934485467,1.06596820576156,1.05381628661604,1.07967538933409,1.08887939340018,1.08929157791809,1.09926376754154,1.12202796196763,1.12332583480558,1.14390718266091,1.14552561222663,1.14010882131815,1.13423810662389,1.11789312552387,1.11107170493781,1.11107170493781,1.10035888953926,1.09675110511262
3,124,0.881036840183795,0.905809464503361,0.932659410405866,0.932522238006814,0.962238906106962,1.00111475055241,1.01650858274354,1.01578667444964,1.04062887550089,1.06716913354581,1.06610625944696,1.05352126475898,1.0571517425995,0.991960780243649,1.00207449530854,0.99176084646607,1.03516645654219,1.03219045164064,1.0145928269944,1.00467275340679,1.00921197754372,1.00921197754372,1.01076611514378,0.99444829736616,0.994069087352895,1.01619597258651,0.984686046479893,0.985067207833065,0.984505642299034,0.976646893824296,0.97710014080877,0.967066717940985,0.956803918442365,0.949315323994214,0.949448925455919,0.953076902093553,0.94609675042149,0.946149786671848,0.935971723087641,0.94561271817937,0.932863978798358,0.932364218638761,0.938508041911628,0.935017672746017,0.933373745432596,0.937724392235231,0.938143062650767,0.932363347668976,0.933795738627461,0.940414937344966,0.9366564461458,0.9366564461458,0.931519176103004,0.93563411549959,0.937160487518735,0.933639045676278,0.931861575087298,0.930963364043426,0.930628734887842,0.932270518564079,0.903890306186585,0.903769558154974,0.888364278035654,0.903761319629376,0.903761389682097,0.894980504412149,0.892410157518778,0.892814348114861,0.89237531215006,0.88745162492348,0.884785530732011,0.880589759130146,0.884922585966087,0.874970310383063,0.873885821362406,0.877553111560406,0.877037903061383,0.87225796858486,0.87217217579239,0.88016724951147,0.875290544938077,0.875295303669336,0.882052079265831,0.886496809439921,0.885696924973152,0.882081465466278,0.878286846465001,0.876624173620293,0.879681749405338,0.878311067873215,0.872979501593885,0.872718401102009,0.852650764665702,0.882847184825846,0.923172060505523,0.923172060505523,0.959502001241128,0.97857741723346,0.978615409848378,0.977973415902352,0.989614496504134,0.989383873865027,0.985912275823459,0.98006000872369,0.971940480348743,0.973136308262129,0.970030145733116,0.9689863290907,0.969400838280612,0.96414154283904,0.958383064056593,0.958239067836631,0.963724980850863,0.959280171601431,0.956385185185999,0.957355415310356,0.954791851628105,0.955591677389692,0.957810609349767
3,125,1.01148099902249,1.00954802279255,1.01115619836483,1.00690350346094,0.99837189032869,0.992306062822794,0.99226111248918,0.995757759706844,0.996521978771059,0.997325417218788,0.999511142010478,0.990828278146839,0.9932227528715,0.997499711590382,1.00552813891601,1.00247198936396,1.00160271760714,0.995488992358369,1.00221333215714,1.00221333215714,1.00378234916678,0.996794770456126,0.987743628956106,0.989035807463226,1.00131384008066,1.01575972621337,1.01469598988902,1.02921089597599,1.02888318121675,1.03674319638336,1.03917029939637,1.03582437855396,1.02798527047318,1.02870112266754,1.01828096499661,1.01787599198772,1.01787599198772,1.02603193158817,1.02104662752366,1.02128157376971,1.01772860545943,1.01327871873063,1.01318040280348,1.01373824653609,1.01543549033119,1.01379125087902,1.01400608873347,1.01547919951403,1.00760558451601,1.00404203481252,1.00911688186432,1.0121516499695,1.01671094299574,1.01653971388539,1.01412941987868,1.01819919172462,1.01588174974952,1.01555584841652,1.01976105028757,1.01033334352615,1.01410971126246,1.00814485369461,1.01294601314267,1.01294601314267,1.00655054488766,1.00692142118356,1.00028674959238,1.00393287829572,1.00780163420672,1.02368981541028,1.02368981541028,1.02438860531239,1.03111411392046,1.0299842709807,1.03146000697588,1.02648582308113,1.02175663610025,1.01989399775351,1.02119738493165,1.01896059359398,1.02130757570966,1.0168311827193,1.01598365173274,1.01925170373047,1.01104157282843,1.00913835084877,1.00960058117106,1.01403134783783,1.0114105555782,1.02039716339706,1.02039716339706,1.02621828499478,1.0266150088586,1.03215815031383,1.02658546752242,1.00625509178163,0.984283860462217,0.989689082608634,1.00440588855223,1.01692749038363,1.01692749038363,1.02857131195713,1.03572579688107,1.04809659904201,1.04972157985341,1.05063205436796,1.0452673018281,1.04970990775191,1.03618952256186,1.02547411580988,1.02593974213552,1.02939177000157,1.02297997798183,1.01705549117405,1.01705549117405,1.02053291457239,1.01744894986701,1.01726375972458,1.00652384683577
3,126,1.00619930391913,1.01480872585432,1.01480872585432,1.00901658354415,0.965772150107359,0.965772150107359,0.9580955018831,0.982344721644602,1.00072126311755,1.00198394529597,1.00876741639409,1.01339191973491,1.01339191973491,1.01167164441551,1.01297795247062,1.01053916999644,1.00610190923912,1.00533078849775,0.998304208188782,1.00645505948285,0.99647494246462,0.978644398123972,0.977439964813225,0.989190380542655,1.01499405039892,1.0378365875156,1.03558368090577,1.05177825651367,1.06970647199618,1.0697881798028,1.06674135928227,1.05862644543349,1.0587744255083,1.05025726731826,1.0463443589977,1.03272727781399,1.03061782340308,1.03206968061681,1.03057625792713,1.03057625792713,1.03066465617209,1.02760289945409,1.02770759220894,1.02104160022824,1.01856295270542,1.01168594732522,1.01167169798131,1.00443267273463,1.00258499211207,0.999073953213546,1.00224667079474,1.00118371937349,0.999734691336575,1.00184529446778,0.994790232658617,0.997137447801656,0.998474450722826,1.00315430515362,1.00066189863377,1.00169430140818,1.00428847595496,1.00786019633713,1.00343873410319,1.00488392985953,1.00078737113934,1.0036608631451,1.00388386167096,1.01163249320109,1.01217392352062,1.01479265017956,1.01966846587949,1.01230280984089,1.00362579946129,1.00502391900224,1.00328737028721,1.00015294505512,1.00015294505512,0.999654821532037,1.00229588501011,1.00224125331757,1.0065241356392,1.00428250629452,0.997902083878396,0.999638835876467,1.00437062969304,1.00340426949422,1.00392107947187,1.0039497342884,0.999651281784536,1.00525578140799,1.00494610974073,1.00775615195592,1.01138840018292,1.01117923006217,1.01879779885531,1.01369749828658,1.01111827439787,1.01163184250888,0.991879219150065,1.00609194555633,1.006018922655,1.00555417538719,1.02703819789222,1.02570825785024,1.03047683399867,1.03325530340765,1.04694750656555,1.04964168405534,1.04971897604004,1.0527889802461,1.0527889802461,1.08681041214768,1.10600614857005,1.1044712850527,1.10992390349903,1.0992921338338,1.09958522441823,1.08508312543304,1.04938751740455
3,127,0.980674604004714,0.990944878417022,0.987726039541035,0.98752532175063,0.98752532175063,0.991886514125247,0.999661764034669,0.999661764034669,0.999220531440778,1.0054192610168,1.00758587913843,1.00742747269757,1.00843528025652,1.00801092191998,1.00658100351159,1.00951231034928,1.00783163895427,1.00707087491392,1.00729861814225,1.0093321102209,1.00876167518725,1.00959026317495,1.01849096824268,1.01870062953159,1.01853422438491,1.03075852865382,1.0415147954963,1.04018276018787,1.04310758119335,1.0410243490623,1.02931713487693,1.02931713487693,1.02209301029829,1.02176627534976,1.02176627534976,1.00832034324345,1.01166707577624,1.010935343189,1.00524442253905,0.996451849119453,1.00258460950172,1.00143451029659,1.00610938391289,0.996307835172688,0.99819751985686,1.00314604202861,1.00206928707039,1.00163234043569,0.996137716883895,0.988698966976062,0.993238346867848,0.995284959339668,0.997560457957918,0.999283028010644,1.0060261037446,0.998608596822017,1.00013311196999,1.00522995830642,1.00146768705751,0.998912981951249,0.99951612549793,1.00063578853176,0.998417556104258,0.995203140163747,1.00443312329196,1.00415508019587,0.999949220853696,1.00254115300979,1.00279109774327,0.993651027491409,0.992942185964763,0.993367150503699,0.99512097878279,0.997923019891228,1.00085382831254,0.998858974938628,1.00558878355887,1.00434832643099,1.00485708889793,1.00992284800095,1.02488223729301,1.0258719026848,1.03055043173573,1.02806863148076,1.0358931707603,1.03267768320727,1.02770539548226,1.02176651944434,1.01965726723741,1.01208775894731,1.0077622336951,1.00927626370303,1.01729047695409,1.01804459712831,1.01703065100313,1.02063819771372,1.02139273540341,1.0204500118401,1.01836814175255,1.01350043174897,1.03022399321524,1.04143685554226,1.04125027937744,1.03800311593269,1.04106806412795,1.04106806412795,1.0361223811728,1.02967262107036,1.02944324855101,1.02896506061716,1.02308541126418,1.02131810651158,1.0226777135145,1.01821473655847,1.01394138481076,1.01769938761328,1.01458321617883,1.01192815901929,1.01181696304947
3,128,0.98522231958185,0.991782836929609,0.996975602431373,0.996318139743677,0.989386630689749,0.993413159840697,1.00474904055538,1.00404677150331,1.01016329088055,1.01512230069826,1.01574604554114,1.0155377414872,1.00717958601237,1.0093872034077,1.00206260353949,0.992906846878467,0.990754127670618,0.990361592391915,0.988884160216648,0.982024760844901,0.981921739793305,0.975147032808272,0.964121994345133,0.967766630145172,0.99566249001778,1.01721888590689,1.01679752340426,1.01757524592679,1.02031393700188,1.02806479693005,1.02814927247998,1.02530213356381,0.897489688671345,0.816735663728096,0.816795069390467,0.870307074275391,0.8799948706118,0.879070878345498,0.875917537159888,0.879296594984554,0.883194039226124,0.886871137990463,0.889945737515156,0.888294032885181,0.888227071779349,0.891240954007415,0.892234585630394,0.893304919346877,0.890149837260909,0.88427276623167,0.885668520626256,0.888985112703403,0.891600941168547,0.890283470976976,0.889023261842238,0.892548048199705,0.905212013853211,0.905073804599179,0.931385388760869,0.939031973044834,0.938750626062271,0.933452480857367,0.925597783859784,0.921829202118484,0.925412482377443,0.920838439956558,0.918400099340058,0.91747035736269,0.909027736136182,0.911770498653942,0.914170483895998,0.915964880993936,0.918042573993296,0.909005039888149,0.909099778857685,0.907826191319755,0.918522433163081,0.911238717856578,0.912055973243633,0.90811907730973,0.901647808761036,0.903521161629568,0.905642095813689,0.898699139113197,0.89746000234629,0.908711485636309,0.904882760914473,0.904625354484209,0.902745210333949,0.924326473946034,0.928707914745358,0.92817015432886,0.927040300705543,0.941504537946599,0.94231930972408,0.847311865171903,0.863227197373911,0.911547161072652,0.910717815472753,0.92464595862819,0.922298708597305,0.921433608261757,0.917777346039583,0.922149016848579,0.92218930216275,0.924846527965454,0.922992510162397,0.925946713874466,0.921594925308678,0.922304129858141,0.915901899244603,0.917476855067112,0.924323087311439,0.930252448833734,0.92279015154573,0.922640510746752,0.928164265395893,0.917012584046101,0.916402619450875
3,129,0.963947277279135,0.967879265663579,0.973766847577023,0.972510254263584,0.972715278435439,0.975130434360046,0.975677470269574,0.976569284467757,0.973029259958905,0.964853904531545,0.964896498865634,0.985479900445316,0.993552493437331,0.995489636250548,1.04033481056605,1.06307037429912,1.08432944092513,1.08322199035919,1.07354557804509,1.06084743672249,1.06065003294486,1.03745143648705,1.01570188747096,1.01518918939413,1.01955901873402,1.05258609773855,1.07474532385081,1.0739467851657,1.08096480379918,1.07940852467225,1.07879624377264,1.05891806803104,1.04576711674622,1.04604024644079,1.03427948961387,1.03429223024945,1.03417843991447,1.02947396778941,1.02500001614469,1.02260166641658,1.0225556611447,1.02044871298616,1.01990121499012,1.01563553174387,1.01563553174387,1.01233640284018,1.00461619712933,1.00514480532474,1.01601068459828,1.00577106446178,0.995771565821184,0.997033262633044,1.00070891456129,1.00972528088006,1.00964216062321,0.985063079926838,0.987263637075957,0.985210455749382,1.00596687098612,1.0038802346839,1.00321854632223,0.998365151824341,1.001603596045,0.986277054792533,0.981939970607626,0.982573453654398,0.978835992185508,0.976115852229547,0.969106080769024,0.976860131820875,0.9751301859364,0.973721546635626,0.982315051812002,0.985592308684494,0.985592308684494,0.985363630011952,0.962318451567977,0.961481846118386,0.93526460906681,0.927391639990027,0.933798938890975,0.933798938890975,0.942890578531686,0.941281571430297,0.941122654911916,0.931026598110599,0.934230760093703,0.931996739905408,0.937569587352969,0.94456284868688,0.946025866660486,0.945791542701973,0.940427247429873,0.943229164742751,0.946116621215568,0.94735928150232,0.957427742390997,0.955640908049724,0.959618559456818,0.970659372511612,0.964190076158217,0.961057552838234,0.970982158289727,0.976953777994879,0.974022533868723,0.98554275049149,0.989841496438418,1.00641612712332,1.00432408337375,1.00717340089084,1.01533749385521,1.00916984785845,1.00241133815883,0.993954750523059,0.979948924818165,0.978693365276791,0.970427773924808,0.9831576187808,0.98633038261926
3,130,0.9386153428223,0.936079135442593,0.932741513354999,0.933134474259115,0.921416220562468,0.920843667301931,0.915601041366345,0.919611563544271,0.940821996792089,0.938784815688461,0.954446117064454,1.01658225927128,1.01625573181509,1.05714922690767,1.09639161523238,1.11509903425115,1.1155604767218,1.15202065341103,1.17884511419058,1.18413048636662,NaN,NaN,NaN,NaN,NaN,NaN,NaN,NaN,NaN,NaN,NaN,NaN,0.959407477644142,0.960074383419834,0.980943279317872,0.987553026648049,0.990081616879539,0.990265660671827,0.988686202065937,0.990689602025879,1.0022197302119,0.999394004495121,1.00583011054237,1.00738056715774,1.00193030887649,0.953953651589273,0.94389058336445,0.919310029846513,0.919573189771311,0.912306354969153,0.912447759479813,0.906249862777748,0.906176379786973,0.906714930862472,0.913569109077476,0.917067402266561,0.912690108914143,0.923442678057475,0.935076007154119,0.935298165218535,0.943789804562334,0.953660212907542,0.941693262831992,0.941553429789799,0.935025429457948,0.929676587974623,0.932402927127572,0.928188809857883,0.925549730938353,0.932474357971945,0.931627918297608,0.923233207773896,0.92946274331892,0.923414665983766,0.91505426088811,0.905866135489366,0.942667899611503,0.94298091697944,0.960678716281602,0.984214316440132,0.983240806243595,0.983090930146008,0.971155053188388,0.971432988702359,0.975665890249975,0.977112525125454,0.976757747173473,0.975535607019974,0.974475978882419,0.973323989540343,0.973919030732086,0.978560405146249,0.973901195369157,0.975059886809501,0.979795419824872,0.987548036796005,0.99771277695941,0.997806510573106,0.990079053712356,0.982971777817984,0.98543090802508,0.986918013684476,0.988010946863206,0.986336449697427,0.98164373840833,0.985404872609488,0.989058172009854,0.990391122688312,0.996521766621419,1.01149013185579,1.0116447847393,1.02327943374001,1.01425301882888,1.01338986137307,1.0134558005095,1.02715710421014,1.03156458335896,1.02819677079199,1.02353552539593
3,131,1.0084001849085,0.998757971339335,0.997606806775879,1.00834083429842,1.02701025264624,1.03176372660605,1.02664335149541,1.02289844649292,1.00863794461041,0.994724014740704,0.996569449268001,0.988349821846251,0.994776185824779,0.995283605322766,0.979640868630476,0.976804469990822,0.978236255147621,0.97970483939877,0.98585097065664,0.989284664621852,0.984572612321084,0.995561443911023,1.01739852574073,1.01666938205725,1.0315741284293,1.03372154968969,1.03792876215446,1.03930593138927,1.0328451730935,1.02505658096555,1.02559521545393,1.01833932022317,1.00996778542536,1.01450796659919,1.0139095614833,1.01174324226339,1.01189037599442,1.00704729753734,1.01000346203963,1.0078290105367,1.0078290105367,1.00809614870028,1.00432173789378,1.0047784004554,1.00046866083925,0.99946918511718,1.00335131339167,1.00288946030723,1.02589946315893,1.05764060605047,1.06019879561554,1.05484519384551,1.08258057575715,1.10618776316893,1.10618099904859,1.07641849316489,1.07349445515234,1.06689086621784,1.07036284645346,1.06938802650964,1.06938798835278,1.06215704609242,1.05888802718926,1.05202555976618,1.05202555976618,1.04504825121335,1.03808457059185,1.03808457059185,1.03820761970725,1.03201312399009,1.03049979054452,1.02963813717223,1.03319150272947,1.03144212878596,1.0252192658115,1.0248677153147,1.02894436879642,1.02894436879642,1.04427811349375,1.05847717801207,1.05509677843512,1.05983894112187,1.06115484599553,1.05649857110007,1.05626389130307,1.05220153397024,1.05202542201089,1.05188559491079,1.02212414251387,1.03010605759782,1.05424764503906,1.0545637472905,1.06746098490513,1.08523152587179,1.0816462980416,1.07974975247979,1.07383139304906,1.05829406038749,1.04875332562891,1.04524437368859,1.04274570656833,1.04394562570168,1.03998882414993,1.04093781001593,1.03991793261273,1.03569366993569,1.03264566562218,1.03267974530449,1.03019009107761,1.03297584112998,1.03113826690427,1.02862234296024,1.02661990758703,1.0211796542773,1.02119020089842,1.04506013351834,1.06596708426984,1.07713262001891,1.0754947093185
3,132,0.998645117208891,0.987851563873802,0.98714170667256,0.985611602391514,0.988912413323852,1.00239128707825,1.00344272751848,1.01976326423716,1.01705615268503,1.01747267260663,1.01285126635789,1.00450752559256,1.0033644270117,1.00353283000125,0.995371995561475,0.994651288983478,0.993213663398618,0.990195865119398,0.994022630377464,0.994464090859955,0.999716272041692,1.00104428286639,1.04507060338365,1.04538853452967,1.05099557998314,1.05217938059074,1.05471707434969,1.06418927010414,1.06431450232169,1.06286433042085,1.04972953276543,1.03852418197282,1.0253226445858,1.02293911328042,1.01539169743199,1.00422131275968,1.00545249964617,1.00030345154705,0.995795453770987,0.995866968913303,0.995405398746204,0.999838314333534,0.998553379427851,0.999779450185807,0.996520921490478,0.990015114559661,0.987837793475289,0.980419783943517,0.989425671386353,0.984437254896518,0.986604162196682,0.995192884802516,0.991407649460522,0.991392700485667,0.991163469446896,0.994386540329904,0.994064504152163,0.992644446562221,0.985470853195069,0.961481173826221,0.962741454283897,0.962703129169079,0.978534405306563,0.980306933017377,0.991830770452635,0.997038375874602,0.994219549167174,1.00008623829762,0.992405470697175,0.991786671051626,0.991786671051626,0.984934705385142,0.979095112899737,0.978658270405919,0.983501601370674,0.975868110192854,0.970618672368133,0.971639335191615,0.978786535437713,0.992203635923378,0.995793235114371,0.966753136274479,0.940736751169699,0.93826046153338,0.954662192835549,1.00752081155986,1.0325203949493,1.02943401815679,1.07761213617358,1.11172249323863,1.11035159354412,1.13070558656167,1.12341346681352,1.12416643728255,1.10667495622319,1.10050571414502,1.08606543884844,1.08619813053783,1.08686711670839,1.07724400615939,1.07748347939828,1.07755660033351,1.07696345887448,1.08035103400196,1.06986576579195,1.06072408566042,1.06053056833563,1.06000355624603,1.06047194430996,1.0567989449353,1.0567989449353,1.06424519796525,1.05684197979833,1.0598495701169,1.0576727987898,1.05148656816417,1.04978740432766,1.05192883633268,1.04799091025179
3,133,1.00222488395037,0.99551254841505,0.978121619216057,0.978485913795895,0.984388693959365,0.985744593919702,1.0023387179854,1.00277397098422,1.01796482808195,1.00910254588672,1.01445411973212,1.01012084225159,1.01103890274709,1.00675414327687,1.00579468083169,0.998354777178098,0.999011854242103,0.99948531594326,0.998327047602456,0.995501354169628,0.995501354169628,0.960679698998713,0.962036963577147,0.973646333540125,0.97397215817589,0.992757015495609,1.01292724479806,1.01410231038974,1.00727116446501,1.00614880712238,1.00588616750956,0.997361527186138,0.994073009498053,0.995215494726329,0.995668200157007,0.996034249458759,0.991333024104965,0.99152031683763,0.98763466661139,0.986880108047236,0.980479584691362,0.980585481076582,0.973320528341161,0.972266474237284,0.972516319114881,0.974395826163957,0.978452276211123,0.978452276211123,0.981762591438346,0.98216280453005,0.976240721985689,0.97643323349258,0.978416115502036,0.97380659305277,0.973400703997892,0.974712033205186,0.98481776475852,0.984817478184831,0.981562331763273,0.976309863511795,0.968578832021565,0.96853818699546,0.972603828243367,0.973745495927176,0.972426540091047,0.978785119623635,0.985216633681792,0.980025590334246,0.979372433972369,0.97766988394294,0.971339416049932,0.970341984645194,0.969765448730867,0.964403393406167,0.964342050156666,0.955958264247419,0.958301822942728,0.958753504438012,0.957783767195536,0.955826884954536,0.959918483641955,0.959693081515535,0.957976452491475,0.967910691858686,0.982867353165392,0.982867353165392,0.988007778686195,0.992154307686673,0.994366853614888,0.98787215357483,0.989664267252242,0.986446288381111,0.982690926655994,0.981450644162313,0.980616332277587,0.97479766141969,0.973410010668129,0.975491346733273,0.975579947636766,0.984513263165261,0.974655850015055,0.978121259327095,0.978149301099095,0.977903041705076,0.994961986387156,0.997218742137529,0.995231695224554,0.983706290520703,0.983454892592383,0.978445339198044,0.97336350805134,0.973275113951237,0.974866397189331,0.969054481257759,0.969855813946515,0.96727214373282,0.963268866632638,0.969327195099865,0.971326468246734
3,134,0.989461886473269,0.99095910656129,0.994657669256625,0.993138514583103,0.98685198954019,0.988756187011796,0.988338868173033,0.990888562981361,1.00803242183177,1.00798014795675,1.0116765076928,1.01911253865905,1.02000583679522,1.01195418084205,1.00745972820707,1.00813050936607,0.999895796502823,0.992617592033391,0.990081955532334,0.989946621209078,0.985802139578242,0.977647560778885,0.977699101385484,0.97625954601789,0.979849850205334,0.97963609062058,0.994160748854899,1.00582142019938,1.0053174287322,1.00691700149948,1.00022756169066,1.00049330432128,0.999471733403746,0.991539351524759,0.990132749617589,0.990083984033781,0.985999404764212,0.979587912585372,0.981236013044802,0.98137557645597,0.949114538842797,0.931534188592294,0.928171079674482,0.942646261553916,0.982769354742664,1.00426963031489,1.00424176703231,1.00304982643178,1.00215089499534,1.0019709963272,0.999197599971314,0.994764571910926,0.985705645745297,0.985710810743149,0.991007786542409,0.989267376413375,0.990668206524164,0.984146623118383,0.981153283078168,0.98341064837243,0.978904323427807,0.981199608525691,0.981255017765461,0.979087191224243,0.981270704353298,0.982417477675298,0.982215793268838,0.975129997195377,0.976252294327213,0.976256395658345,0.982043851588877,0.979709290807298,0.979899746667028,0.979803011536987,0.956327972402856,0.966157548144935,0.967791721009687,0.979459318428882,1.00252711350121,1.00229042830624,1.01566839367468,1.01761500297674,1.00903677920269,1.01097716068579,0.999011372299476,0.991552732522824,0.988867701329946,0.990843446984631,0.982773903515962,0.975026383138011,0.977808978562519,0.973127021751894,0.971391477283648,0.971875487960803,0.957041480200652,0.953467122316498,0.953640634019567,0.986285979756499,1.00274736452099,1.00265097848741,0.993926933065991,0.933575763049032,0.918873048584102,0.920234045438284,0.898216221390744,0.883312130010642,0.883781776761919,0.894571216074168,0.908664160808787,0.912882247705397,0.913138346095705,0.919066282556366,0.916860547719437,0.916396502629408,0.909601523216951,0.912827298874001,0.909399524509737,0.909288642967907,0.91103106985453
3,135,0.980260914309269,0.980192682113178,0.981269258661725,0.978195123046939,0.965046522445884,0.965046522445884,0.957672570796717,0.959131990674985,0.95923151137586,0.975688322954351,0.980985016400201,0.987606932106742,0.986373297222572,1.00869489873694,1.04106878533109,1.04102850002653,1.0517992366163,1.1042500126154,1.09645790211943,1.09477311290918,1.07965540815456,1.10058278891086,1.10058278891086,1.12638625706426,1.12246697978034,1.12276871067973,1.11036490561819,1.11465239869354,1.11497975912349,1.10490123060356,1.09554052355498,1.07249376908017,1.07213715560443,1.06984466273176,1.06347618463484,1.06092861524456,1.06384324149729,1.05944246070656,1.02709664605196,1.02684903931037,0.976308628680427,1.01038097201071,1.01060755545261,1.01710414488058,1.03040627463942,1.03049297331325,1.02390478155152,1.01890115832065,1.02685121757462,1.02697436056126,1.0217175482954,1.01271190258114,1.01173594308653,1.01001267564438,1.01257270210453,1.00531203032354,1.0016907646522,1.00727333280045,1.00167396128793,1.0042743565403,1.00109200808814,1.0000431267222,1.00114588801156,1.0095172692577,1.00420340394377,1.00442549426441,1.00195850280593,1.00558069882847,1.00877750440207,1.00849906716274,1.01311344952645,1.01636364580857,1.01713485990537,1.00830388589652,1.00558570457707,1.0031906302667,1.00442158914147,1.0012692400925,0.996084499588464,0.996431346295726,0.998234832824158,1.01119545411403,1.03462414234271,1.03514776259812,1.04541148029476,1.04260482149324,1.0414314199538,1.03470659159734,1.04395417741507,1.0436952666857,1.06524032989675,1.06614257132311,1.0645496216071,1.05898454152067,1.05719088959188,1.04567951756896,1.04458962858064,1.03672240738497,1.03478561323614,1.03547614431696,1.01257445535744,1.03754757678201,1.03889270169789,1.03889270169789,1.04649152669445,1.03395087336058,1.03432071830984,1.02800999701769,1.03121985156195,1.03033515811209,1.03732360930484,1.02822490366988,1.02286859204603,1.02214796239293,1.02186258715611,0.99996212205516,1.00104725983494,0.993332709552579,1.00723137937386
3,136,0.996846819658902,1.00034817003596,0.995946245423788,1.00290282661679,0.999988481264881,0.999988481264881,1.00162015877601,1.00767065038052,1.00832829382886,1.0090394261754,1.00812533883727,1.00519411550784,1.00784580828674,1.00372859341208,0.989251224388503,0.992168871372698,0.987242874329353,0.993000573443404,0.990763046996112,0.996542939078892,1.00185139875296,0.987888893984161,0.986514722883514,0.993007844597496,1.00768994133245,1.00715859247644,1.03056570332078,1.04308341628491,1.03993871991929,1.03993871991929,1.02400748352104,1.01102932275066,1.01095549192234,1.00290794895622,0.993864580503526,1.0007789696091,0.997810769954754,0.990450038528469,0.991033679908186,0.987473240325989,0.97912887385586,0.981453454033526,0.982479921179784,0.979817436779774,0.977602571711344,0.979093407014389,0.979839762134991,0.981735711223879,0.982479750533295,0.980866172908293,0.977761960309342,0.980543203445557,0.980223780005563,0.978151024700433,0.983876889006949,0.98621595703879,0.98621595703879,0.988318597732716,1.00139225761246,1.00245160362903,1.01901909576308,1.04476670951224,1.0447793494482,1.05978050156129,1.0615755054204,1.05928211641858,1.05928696892456,1.04726919295578,1.03036048996272,1.02916626676774,1.01129620713936,1.01123333994541,1.00854162261533,0.996882851083912,0.989731238647701,0.991456599290542,0.993319386262498,1.0109159195459,1.02673059206677,1.02534536666906,1.03385402761337,1.03059704706268,1.0316112357877,1.02075825759829,1.01468198296801,1.00924522350826,1.008147125025,1.00633882312522,1.00685954032202,1.00635085392654,1.00237163987869,1.00654948326034,1.00053108399117,1.0005850154235,0.996156847448893,0.995468863549264,0.994857784831374,0.986495254826602,1.00163218530302,1.00077631359037,1.00984455904634,1.0277391427421,1.03231573611344,1.03391963238531,1.03251500510769,1.02135471147162,1.01997892200395,1.01501263637662,1.01368717784551,1.00987273616724,1.008419716826,1.00252921012255,1.00105108617253,1.00368076922958,1.00024604133018,0.993030140292833,0.994847331113584,0.997032335454975,0.994756048654739
3,137,0.997016082262453,0.999308764977047,0.993350550751188,0.991089749839765,0.986747827465088,0.981641847013939,0.990188540107793,0.990094526757318,1.00704842537302,1.01048573881886,1.01363372562688,1.01363372562688,1.00715353461003,1.00464199427485,0.99790899656594,1.0010993628115,1.00634071660373,1.00338443877654,1.00523145173719,1.00790466420934,0.994037386114758,0.994037386114758,1.0046782220973,1.02889912937359,1.03350141424171,1.03501720822006,1.05729685698213,1.09959855910898,1.09959848764471,1.11272912560602,1.11107419146149,1.11140793144144,1.08350306569614,1.09411685440366,1.08512473036848,1.08512473036848,1.08212465097231,1.06074235922702,1.05863715660272,1.04901684255178,1.03992562972388,1.041495288688,1.03895663888073,0.997538974750799,0.961638248033488,0.929083696153823,0.895700043519506,0.862316390885189,0.863675859853951,0.907967304855805,0.950768156079724,0.950768156079724,0.959757546403587,0.958975928526243,0.987492616082031,0.987492616082031,1.00596780477925,0.994305162134119,0.9944286608002,0.985407936330741,0.985324258423605,0.980738554521618,0.981082881068197,0.974139619319659,0.987538131226695,0.988187540197001,0.921760526716352,0.861174246037119,0.861174246037119,0.814020840996487,0.801180391471018,0.840558226684117,0.837247441926508,0.85513303350054,0.860050089922664,0.863553669314444,0.861244364146499,0.864566714742966,0.865087146740627,0.86758902097135,0.872212723813872,0.871759608312516,0.868731757093845,0.875288640645493,0.869870853603534,0.870538397913559,0.871521956446505,0.875904209392358,0.876633912797174,0.878867210795947,0.883522934158707,0.884771001108864,0.875292445472951,0.875815161796964,0.880995404420528,0.876930666355096,0.874270585379668,0.876035466226725,0.877201130158429,0.874903866429601,0.881869056653592,0.876246773256675,0.877148567837158,0.852417412627951,0.883915813556982,0.88386612425351,0.919951190019272,0.941135320401154,0.944361309293791,0.944361309293791,0.939755399954862,0.936626805489207,0.936626805489207,0.921836168302205,0.915918055935519,0.916561758724282,0.917208154033407,0.917028703432964,0.919865944176064
3,138,0.999496631406362,0.997362091130729,1.00598451112246,1.00023570431412,0.999816101211368,0.995336462163354,0.992838775322346,0.993027601234807,0.993746457637387,0.992519220091382,0.990283194692759,0.996258287808497,0.996121001382515,1.00183273691575,1.00171601586024,1.00973943460759,1.01474165266835,1.01241879475763,1.00652532567235,1.00467575793897,1.00399202290539,1.00287233135411,1.03980078628254,1.06204323992973,1.05245804650386,1.07181336638785,1.09653582253442,1.0910382918437,1.10089571141298,1.09939743538216,1.07187491029805,1.07206417244552,1.05164748721015,1.04979258848626,1.04693737435543,1.03604915084082,1.03739555181367,1.03356770853248,1.03246682072954,1.02930889856245,1.01860285486323,1.01993524092603,1.01239149156551,1.01678261267654,1.01676082154412,1.02694616910202,1.03926756630725,1.02804284781145,1.0293659196967,1.03866033412091,1.03786326297231,1.04043328736331,1.04550610229002,1.0546422018397,1.05242254497287,1.04454789022763,1.0472714937445,1.04106342029323,1.04123250582986,1.04045222347361,1.04878902389194,1.05335503547948,1.04878893319612,1.04717525431015,1.04644705426831,1.05695399168237,1.04585341115898,1.03714539761505,1.03635119139564,1.04059629836074,1.04621137494706,1.04718593519006,1.05770055279756,1.04851641579842,1.0484974397027,1.08144615897302,1.08116552220013,1.08000378720754,1.08009032736923,1.07646538604449,1.08150750753397,1.0810038492328,1.08473034327417,1.0768136673769,1.08183740559533,1.08015289247909,1.07179005556087,1.07614625219892,1.07683266386986,1.07030173306903,1.06889769102907,1.07827709142684,1.07827709142684,1.07487244785285,1.11155620780709,1.11187528032999,1.10726934773727,1.07466155641691,1.07485417414022,1.07169432813721,1.08903782130881,1.08829237627001,1.0925229453076,1.0905491841278,1.07039543503096,1.07158974198202,1.07404161832844,1.06934152405976,1.06973960827339,1.06923070476823,1.06529363683646,1.06002475115105,1.06113657665773,1.05346342534331,1.05005605017867,1.05250909632486,1.05194028307227,1.04712989344269,1.0466321364805
3,139,1.00394791321528,1.00402493672016,1.01441682560318,1.01362282792917,1.0117335480337,1.01119360953148,1.00255924508597,0.993490841319485,0.993493230624493,0.999245121223346,0.993871453547015,0.992914906741022,0.98621499479568,0.986851912171738,0.994054451872659,0.994005275940977,0.982521806889728,1.01063162464095,1.01120547411397,1.02337471566237,1.02748824302933,1.02856364673414,1.01987610976223,1.01511087433108,1.02795467331955,1.0277696177546,1.04421352223313,1.05359939855617,1.0542085373684,1.05340114272054,1.04587919140203,1.04626865596202,1.04039071519139,1.0338375920079,1.03302156246615,1.03235970884689,1.0377556061324,1.03302288480219,1.02387903000408,1.02498371561876,1.02187319105902,1.02200671673,1.01877538546934,1.01599368699546,1.00158489220946,1.00904089206113,1.00020045203143,1.0070460776112,1.0070460776112,1.00311828389388,1.00619603234545,1.00340241236185,0.999356076387816,0.997918705617938,1.00154180789056,1.00098946538944,1.00101198793959,1.00312877724261,0.997882790689738,0.997598709844379,1.00498242283731,1.00408254642038,1.00423688947712,1.00400733242278,1.01817886193388,1.01723000701781,1.02218094765344,1.02584084210079,1.02700892678801,1.03037772198115,1.02517031113181,1.02235115163354,1.02235115163354,1.02486848905346,1.01856137168332,1.01856137168332,0.999204396424876,1.00144773357256,NaN,NaN,NaN,NaN,NaN,NaN,0.987486780856914,0.987493970189257,1.02925545541621,1.03213389111863,1.04332849072397,1.04207100580735,1.07198337787036,1.09511619167916,1.09547594440076,1.10222707681121,1.0922598704174,1.07958590657346,1.07830620850842,1.05750777482266,1.05128600071584,1.04963983729478,1.04851196221407,1.05069199409518,1.04929699415758,1.05026769476225,1.03814831162772,1.04425537711007,1.03461731764769,1.03089178449651,1.02592420069041,1.02650343490484,1.02651917829342,1.02248085135847,1.02552046847999,1.01379021434192,1.01793760883786,1.02093562438852,1.02093562438852,1.02136685647346,1.0308764681047
3,140,1.0011605023872,0.992106675234552,0.992099335055081,0.990840910346578,0.982886043659908,0.993823814957974,0.991324100882395,0.993718071238395,0.994497128907336,0.996162522814067,0.996382525962792,0.993095306538172,0.993429738854097,0.984381740427785,1.00251740846454,1.00174024747257,1.016291983994,1.03275694808783,1.05078499471473,1.05078499471473,1.06199327980466,1.07237452719607,1.0704691926488,1.08828023495722,1.06422096749217,1.07336420204583,1.07336420204583,1.06751305197546,1.0630007144427,1.0630007144427,1.05277331366707,1.04379122267894,1.04377038222348,1.03457602271273,1.02921562443476,1.02719288219859,1.02473262871571,1.02176431426218,1.02405108154773,1.02198566844468,1.01794056794211,1.01781433302859,1.01903636532594,1.00913336702004,1.0083781602768,1.01288320290742,1.0141951436274,1.01412203826334,1.01230981064996,1.01259376135408,1.00838461322927,1.00641945446925,1.00565927353121,1.00886513181073,1.01305163570369,1.00371970152498,1.00371970152498,1.00567205860946,0.998507337458785,0.999390951106376,1.00488408347272,1.0210721479482,1.01633584048399,1.01462913429376,1.02579451795462,1.0192411907884,1.01798413532928,1.01305444722116,1.00948026720444,1.00951405705912,1.0126389731389,1.00877159169791,1.01003230032235,1.00884281072767,1.00714494734016,1.01521735124507,1.01462131554094,1.01950610016771,1.04226898180247,1.04246329880938,1.0363397099794,1.06461715210534,1.08008686057679,1.08099995013715,1.12061292591751,1.14535602709052,1.14634886039273,1.15307306592617,1.20050180935452,1.206418704656,1.206418704656,1.18620198420207,1.16478560436071,1.16541495384241,1.16051508169377,1.14914980181154,1.14964634035282,1.16397744354169,1.16531675883146,1.15934508545881,1.15934508545881,1.15188017574167,1.15285025895458,1.15395685960963,1.1483981689753,1.14166696732574,1.14231225035624,1.12295614816671,1.10790130472286,1.10410325979942,1.10410325979942,1.09887029644238,1.1010202116363,1.1008990255424,1.10007444480514,1.09537186034496,1.10475444551465,1.09265088235634,1.0821819596832
4,121,1.04830235472325,1.0378981619012,0.998465426114489,0.998465426114489,0.952385023501873,0.949335258539774,0.949467310142278,0.980230403396985,1.00126847950164,1.00171692706877,1.03329171903938,1.03723959545735,1.0434863596524,1.04100717482598,0.99046901582723,1.00318312212546,1.00237680840119,0.962237162566019,0.96917427110024,0.944971534827489,0.942669992261462,0.930516055984441,0.936246512831055,0.935946525126596,0.980707932648951,1.01029558174701,1.0286554935089,1.0286554935089,1.02374748871867,1.00817696536029,1.00848507333609,0.993751459407937,0.968116139285675,0.968079461508153,0.97559128437036,0.97709043319396,0.97709043319396,0.980769337313757,0.986722914564981,0.991511206176189,0.987131913123791,0.98528252139914,0.966141329128877,0.966192525637941,0.960560506096673,0.946697496822307,0.921769987596144,0.92224924874889,0.921529779217872,0.934271120000083,0.934199287329571,0.953963574285375,0.97647663349783,0.976407813725868,0.972588053584596,0.954976104184073,0.959457628467979,0.958718959090738,0.960307901361162,0.962941468977567,0.962733066150967,0.95441482561601,0.944824301308629,0.942208364903953,0.942629658141528,0.942143219243084,0.936295749895989,0.935195971162393,0.92987408030359,0.901504293709004,0.897758823997975,0.913974093400622,0.919425785197625,0.919061478383722,0.95976711432795,0.979109237241382,0.997179897810278,0.997540310282986,1.0243634271625,1.03457822903139,1.03457822903139,1.03916226680388,1.02884326990448,1.01294643265064,1.01359652886333,0.993811986575518,0.976304689561052,0.97367912073008,0.960423429865656,0.956826847056797,0.955369029572102,0.955369029572102,0.949097141831324,1.02935150062446,1.02735708435444,1.05122731637602,1.07403552524889,1.07493566029815,1.10248278821527,1.10764617152191,1.12598550778406,1.12148591117405,1.12931352210347,1.11320746487185,1.11035555886458,1.07430972780884,1.0772135081743,1.07737789394175,1.07890727745017,1.08954242399763,1.11265417555513,1.11265417555513,NaN,NaN,NaN,NaN,NaN,NaN,NaN
4,122,1.04226347674352,1.05630695373538,1.05687995043307,1.05659909448532,1.04717163593746,1.04944268288,1.0494976610175,1.04524704204056,1.02217168879107,1.02042352381154,0.955557796827062,0.932168317304902,0.931880046424679,0.942710420539857,0.937115830244796,0.951565738519897,0.951565738519897,0.974382917580694,0.977049484162805,0.977226151156495,0.977513909346386,0.965843903766132,0.933845085602302,0.933726412328629,0.925690729303926,0.919530323862945,0.91956126782491,0.914134929823773,0.905271612312459,0.905271612312459,0.902397228448217,0.891907108284782,0.886217323162454,0.886545845582706,0.886361903780853,0.885945457113768,0.883558099573241,0.876172496339695,0.871317718745457,0.871350182457921,0.871506069317341,0.856107032166148,0.853727307386044,0.852274294894894,0.870070727830959,0.902308297535222,0.906571054443575,0.923311507330501,0.957874039252861,0.958453616902771,0.967521546704416,0.96702017537275,0.958858270667552,0.958858270667552,0.965580725171597,0.960190506138452,0.960190506138452,0.947556967193344,0.938753102478392,0.93713791420303,0.936405641834073,0.926361768046932,0.925337871286667,0.926007010063465,0.921310142635548,0.909015886736678,0.90610252573482,0.90739058965739,0.909875205500319,0.909283751000351,0.906827048251201,0.908232276664675,0.902909531045865,0.902909531045865,0.90418226155601,0.896518563319628,0.791040892271717,0.790003474840525,0.819892800895366,0.827490082444782,0.827144057233253,0.85364811694209,0.870880822101836,0.871164555139669,0.873933320011903,0.868681988932149,0.862722940834241,0.862722940834241,0.86890283910133,0.866283527517691,0.871156278886676,0.857658239603133,0.864106325609409,0.865682387291191,0.871748020340077,0.87408133338708,0.86965516002384,0.867707528890136,0.867092226039388,0.854709634946569,0.854709634946569,0.85609136012679,0.856397061099862,0.856496215691688,0.863052222947662,0.882468309725409,0.89797067132351,0.89797067132351,0.910809421577905,0.919873681964178,0.919148408379287,0.941779301798226,0.945633596257558,0.956247987802788,0.956563591070047,0.965750694278,0.96532745112454,0.9652972829581,0.954825419479594
4,123,1.00313894604575,1.00682181665392,1.00756130918061,0.997687572364158,0.975989574864226,0.973722724070382,0.976599475535509,0.975140511092238,0.98953018413032,0.988749430399972,1.01004870915693,1.01457450923001,1.01437688923708,1.02160402573136,1.01510877279104,1.01510877279104,1.01509710630258,1.00411149267734,0.995028177745534,0.995028177745534,0.996733402490785,0.967188631464312,0.967528918157166,0.929270066590908,0.95423799620853,0.986506560000925,0.986857044106267,1.0180418276313,1.02731008258849,1.02690192321353,1.03386244677487,1.02673974178778,1.01215741277707,1.01255294397606,1.01337206914882,1.01474933016852,1.00932825628795,1.01845158912122,1.02653896887256,1.0260197492828,1.02084848373571,1.00704515640451,0.993002348547488,0.993064856874371,0.975328078527364,0.998063171624851,0.998244038883406,1.02669882782346,1.01381926565013,1.01402570163664,1.01990412975488,1.02691348997663,1.02410292670154,1.02503504319692,1.02004020043066,1.0113257037683,1.01141357619508,1.0030558767522,1.00235250222958,1.00234234213125,0.997637435504918,1.00044462193075,1.00151053070734,1.00151053070734,0.998565916713017,0.998810757868902,0.997493602959502,0.989389669959855,0.974683739019382,0.948350187948868,0.947552242850084,0.973181544518364,0.996326407125265,0.995664256174301,1.01337574804114,1.02389030920222,1.02275090338841,1.02531979505894,1.01498380169218,1.00853740062212,1.00886843850933,1.00417979839655,1.00122823309603,1.00122823309603,0.994927502133699,0.99014079725579,0.990654395503296,0.987311429344533,0.98486595944109,0.981279338098075,0.981884000497933,0.948248197722747,0.937587204557978,0.936232169534519,1.01174880828074,1.0322595501304,1.04967877525695,1.04967877525695,1.05301258189236,1.06111345532156,1.06072797059471,1.05404529378596,1.03820421313671,1.03820421313671,1.03319588299184,1.0175257280203,1.01682107391913,1.01701975139999,1.00627866163718,1.0065694487473,1.00664498453353,0.999207789746189,0.990180166832152,0.988659617628536,0.984595929203488,0.982823690253198,0.982924160914615,0.984761045279132,0.982847250296962
4,124,1.03457957529419,1.03531412761533,1.03392771234173,1.03026148194337,1.02223119227642,1.02223119227642,1.02159108748802,1.01656773766473,1.01755713251197,1.01940076349029,1.01355668819216,1.01318770809854,1.01257303100307,0.947394042378145,0.934521757270206,0.934002351022078,0.948950838173513,0.970486986020052,0.971664594939767,0.991156602271969,0.994808811735066,0.990858738495845,0.972490305173615,0.958813683347624,0.941317032960724,0.940379395469317,0.943199732207388,0.934945623146414,0.935441539129918,0.949598151920356,0.97054454387451,0.993255226942434,0.994303101017445,1.01627425299869,1.02891028246258,1.02891028246258,1.03097375813555,1.02613390965411,1.02651590553824,1.00878574918412,0.998548598423277,0.973565196453367,0.972635042100645,0.954285366200236,0.956818079453459,0.965754341714745,0.952957364137337,0.910269730329015,0.910347444137172,0.946511820874471,0.961473701863174,0.971060672214837,0.971060672214837,0.98625659323622,0.993881702240973,0.993816632013271,0.982685308474278,0.984577482207192,0.974927443189525,0.975443851921767,0.973200416992801,0.963300077263609,0.963244085927005,0.958600239179204,0.955618435921482,0.953590147251341,0.953487152245105,0.95817103757559,0.969122212028961,0.972637049849724,0.982300082650716,0.98994653263832,0.988934991440716,0.991377792612637,1.00674086287419,1.00763416250518,1.00917356049459,1.00327743552834,0.991486130193995,0.990367524567517,0.985450912501411,0.974273088710688,0.974273088710688,0.972024960724053,0.970136120708295,0.969135917647493,0.967235559106901,0.964285453529802,0.957744396562341,0.957744396562341,0.951530879491168,0.944290714261632,0.944290714261632,0.88161448826101,0.921681663961528,0.981810496015481,0.98115501577882,1.00996440954476,1.04983137010223,1.05067331770309,1.06362935405427,1.07244630640287,1.08815752628428,1.08815752628428,1.09197337575867,1.07819420959983,1.07895955681445,1.06873597203597,1.04945819323162,1.051564347817,1.04448213168169,1.0282761839142,1.03315688194496,1.02182459383756,NaN,NaN,NaN,NaN,NaN
4,125,0.999374232213328,1.00091324845552,0.998601222182442,1.0013660312774,1.0013660312774,0.997736515630437,0.996607482608058,0.99694809978918,0.980230315186246,0.945345583552593,0.951888389370056,0.952244933887887,1.00505477493554,1.01888943393386,1.01956347913552,1.03279360827701,1.0350168083051,1.0350168083051,1.03104300167733,1.01829956556106,0.956080285810619,0.96074673639865,0.941930583927428,0.97336298515206,0.976449765619387,0.970858263472133,0.990472061626462,0.983366122491099,0.978734127181945,1.01995419808896,1.02751834907868,1.02751834907868,0.990790475245335,1.01889143877181,1.0191121229312,1.03659892893688,1.018549645312,1.00478306302518,1.00468613884994,0.964592866630777,0.974166548032569,0.973807432875802,0.967737165797031,0.95949222157842,0.960024303442834,0.965130981526417,0.963275874739223,0.955611785570516,0.957473090431746,0.953188316234201,0.95317707836306,0.951383706081912,0.95714141910872,0.95967799391982,0.963716589572509,0.965703002509021,0.965940225049385,0.957712122934327,0.958105970207638,0.958935900821204,0.954337446190928,0.953858220430502,0.95426290159964,0.948528984057705,0.949693760602413,0.946569794204984,0.945949080685019,0.94452803713966,0.944023459125418,0.942226490005782,0.936087047183283,0.934226712985157,0.934226712985157,0.926645997208889,0.932054062216694,0.932443295493798,0.930811725789297,0.931328023349563,0.93170543996624,0.932728664909638,0.92684802974477,0.923849642743984,0.926086231605814,0.921878332677167,0.934846035141751,0.938692676916416,0.94753356007965,0.94253697141261,0.94253697141261,0.953984735457435,0.963998548381036,0.963891831705848,0.963179944096381,0.960223887143022,0.952398620055874,0.950882373476477,0.949007488378252,0.954609537126045,0.954609537126045,0.94744934885621,0.941269467535186,0.937868735759695,0.937787876273888,0.942561856921826,0.932791373833652,0.933397325051856,0.92452808690236,0.887962191735816,0.912776968505013,0.912268003767189,0.941296991529349,0.962905300912054,0.962851959683433,0.974991843042828,0.990530636397675,0.989174494706879,0.987826847627441,0.978078158102345,0.980940001367092
4,126,0.901319008027389,0.958335012638536,0.982108502918798,0.988396158841084,0.988700395500484,1.02529606125486,1.03162950703588,1.03086688547866,1.03477691422736,1.02090880130602,1.02095453685494,1.01652619149344,1.00783749074905,1.00065426565448,0.999627999675519,0.996873674026021,0.998766640309044,1.00026932832911,0.996152625679338,0.989829793504233,0.990581413247821,0.979765998330607,0.947468187649077,0.946182323000373,0.946150060588957,0.950640767338783,0.976215832123728,0.975903229757868,0.987268669820817,0.977898595380388,0.97747158081534,0.979675905108679,0.957518440249875,0.94769713889362,0.948575014604577,0.962251839574891,0.967000831658626,0.96708884787863,0.963790685828071,0.957410210091182,0.95715502047072,0.958202567068415,0.939714189611558,0.93979109550468,0.941432077037633,0.950549788038798,0.990000321085131,1.01681920914223,1.01398024169042,1.03175382214939,1.05004068425303,1.04974535024199,1.06259878450376,1.07190375437202,1.07212141102017,1.08016204665762,1.07968971803865,1.07956621088675,1.0570645003128,1.05170831810055,1.03800305526636,1.0374276660272,1.02776387177764,1.01054676149353,1.01155907857415,1.02862000379644,1.01551178138145,1.0440571995315,1.04502205329388,1.08497691848646,1.10351047218013,1.09959018075371,1.10700786842773,1.10280476727032,1.10331823370273,1.09703696549748,1.08449137585474,1.0825572604768,1.0825572604768,1.06806251382301,1.08066508877491,1.0803236484883,1.09687293581428,1.12151953036063,1.13742868893664,1.13636452807969,1.13536657440012,1.13590945133138,1.13540839982365,1.12224225381775,1.10005574926677,1.09908457544802,1.10782816834877,1.08917294064763,1.08917294064763,1.08225121114693,1.0791506414007,1.0717970298607,1.07146777458774,1.05178964169094,1.04109634170158,1.04757474542228,1.03413885906405,1.03037453838632,1.03155263775017,1.02280787393985,1.01740834850958,1.01562690458739,1.01593200198702,1.01325517822963,1.00796503869217,1.00390965125025,1.00390965125025,1.00900585107637,1.00470861809291,1.00428954139039,1.00749379904789,1.00526608907477,1.00796365115354
4,127,1.01738167612103,1.02389800116957,1.03015423382713,1.03015423382713,1.02846258131461,1.01926186096531,1.01121219816647,1.00747483307966,0.99869379274482,0.986813314510631,0.989740776561854,0.987204360841157,0.990619651661019,0.986182513036548,0.980863681735882,0.978084665760227,0.977111271141644,0.977111271141644,0.979575082393661,0.9762045625437,0.975875440434032,0.959217138565826,0.904630388815926,0.924078230635295,0.923818773984818,0.933940077203703,0.97169162240641,0.974015554044728,0.980950421360856,0.981360865366334,0.990351397664372,0.978382204294231,0.964105955157952,0.960768366236918,0.959611375717345,0.950882473651122,0.948552258383275,0.948453090775136,0.942381699702532,0.935966184922859,0.937222855966142,0.937222855966142,0.892438959689421,0.886915037742329,0.8867563562123,0.888223888792961,0.890064837170216,0.894906141100413,0.89658824801649,0.912744175730932,0.912409107238702,0.912409107238702,0.914839528887165,0.907262063915086,0.906507632794272,0.903801971286299,0.904484547484201,0.899848852869933,0.903022789618032,0.904559251264626,0.90192951202419,0.903689862003776,0.902207717013419,0.899011252996843,0.898067140175898,0.899824755292903,0.898512684909558,0.898512684909558,0.892839016541964,0.89161255847863,0.890999695020648,0.890999695020648,0.890487821011134,0.887788376071406,0.887948355904126,0.852370732500737,0.813173872436461,0.802207638656321,0.802207638656321,0.820038651550948,0.836940230184227,0.837580894294803,0.856899270957667,0.851909944712733,0.855547215227157,0.855262285871919,0.85487185208983,0.857141546058536,0.850520167162015,0.845530401631455,0.840512032771714,0.839905472210753,0.841067935550026,0.840118492085356,0.834781676939924,0.834781676939924,0.830620537956593,0.829332759624492,0.828997143471536,0.828061868998413,0.8220690216932,0.821977167561992,0.827327543936308,0.828317385476596,0.825244588587571,0.826118695607725,0.832290310646865,0.831760818137671,0.831208495686365,0.825184095610829,0.823957365731511,0.825157859028377,0.824137030616511,0.828238156171575,0.836241678966594,0.836241678966594,0.833864721929551,0.837345530907339,0.837298260335263
4,128,0.999794199019808,1.0122980202335,1.01251337254943,1.01814103724701,1.01058566386775,1.01049318842201,1.00616954430959,0.9964079102943,0.987068969335524,0.987068969335524,0.985805041975605,0.968630947947637,0.968419305141088,0.987181086507413,0.994660039569293,1.00027779794042,0.999929968990142,1.02627713757015,1.0282777997438,1.02733780248916,1.03881667631533,0.953603861085685,0.953603861085685,0.896246415537348,0.911053755127567,0.940639500390138,0.94264773338726,0.974353647547604,0.994784793610006,0.995948830654376,1.00567314557325,1.00682291434739,1.00779189546099,1.01188712795676,0.987968857488546,0.987162841952486,0.987070809511119,0.995877331020882,1.03578180176541,1.03578067346099,1.04955635351912,1.05909755239124,1.05911275599045,1.08316619732162,1.0966322904156,1.11147278029383,1.11260594204776,1.09555480662014,1.10592278412985,1.10725142676296,1.11281792174238,1.12825690809417,1.12881113799628,1.12881866220204,1.12939425461797,1.13744423320732,1.1358055133018,1.12007676322806,1.10254585199252,1.0910257439028,1.0910257439028,1.10357001917512,1.12550241868198,1.12588789302404,1.14903889653769,1.1348167760499,1.13579534479255,1.1283125762403,1.14141906112817,1.12562257749837,1.11838756089083,1.14234129911204,1.14245684263068,1.14245684263068,1.13145471433424,1.13195064720041,1.13145302168892,1.12929878125336,1.11692527690356,1.11117853853953,1.11117853853953,1.09231487993135,1.080384392561,1.08124493539214,1.07640142250451,1.06541658246928,1.06506764230222,1.05423816832038,1.05697446650605,1.04983422033598,1.04983422033598,1.04060688351657,1.03887304769559,1.03858350439161,1.04082687056808,1.04101110350804,1.03828118360431,1.03664567901958,1.04613879888686,1.04159854685521,1.04233240871794,1.03972499985398,1.03462438031493,1.03361489450671,1.02796279669749,1.02989335118255,1.02939091478287,1.03269111277017,1.04525469391916,1.04946002446984,1.049950109089,1.05699094552154,1.08160035014072,1.08154696246619,1.09688172221902,1.10664287755402,1.11663218694553,1.11663218694553,1.1140987762749
4,129,1.03153065501491,1.03256465673647,1.03055603191837,1.0177000994524,1.01787184383942,1.00923597691987,1.00152125974171,1.00103265327951,1.00070791646585,0.992909455123482,0.985313628174614,0.98992891587581,0.986974463967122,0.983471473053756,0.984066441048315,0.983542744367428,0.985014629387091,0.983353830093244,0.982703325540628,0.982020238766238,0.970651050680956,0.970525810045205,0.913704025120858,0.913304810141983,0.968270917662658,0.968384613972185,1.00651211027714,1.03298074203531,1.03195256382265,1.03973059589975,1.04145649153729,1.04135879546347,1.04067573399773,1.03341801223454,1.01821922665822,1.01908077661408,1.01016236374925,0.998160253876026,0.997897884096912,0.993925886093103,0.987769568194324,0.997364611979441,0.99738738490148,0.992728108112132,0.973932193716407,0.973932193716407,0.967069195987497,0.960887317542028,0.961131445414657,0.977713939845482,0.989827938845057,1.01494603864637,1.01494603864637,1.03083362400604,1.03446048288072,1.04293501645811,1.04828897288128,1.05685375051493,1.05648444625708,1.06045715680877,1.0431086240022,1.02939722765084,1.02939722765084,1.02064615669198,1.01396946226286,1.01514802269614,1.01471213114377,1.00770360289309,1.00611788690219,1.00692632780083,1.00108899390823,1.00189472882894,1.00187987167619,0.996116437940056,0.991182425045947,0.991182425045947,0.980952914169148,0.982866387543036,0.989138279551637,0.98927238624608,0.989781903669635,0.990141135465069,0.990582597399616,0.985171875771477,0.969606394144455,0.968835424879677,0.963012138555414,0.965685021246865,0.994447728018876,0.994399872172538,1.01960842965974,1.03231360760854,1.03231360760854,1.0294775875742,1.02566881128834,1.01523419313685,1.01397529388149,0.991387464398733,0.982477983062461,0.982215617479952,0.981519006301778,0.97507712147814,0.975220677316055,0.98111698192914,0.981605830513926,0.985049471829026,0.985049471829026,0.984435392712668,0.975676494694827,0.975954252209254,0.953691285759981,0.894700894300193,0.893466084578064,0.894696134361599,0.89586671425635,0.90855141709372,0.92123611993109,0.93392082276846,0.943462738643724
4,130,0.94872012617308,0.949366053602525,0.962801083074984,0.958650720005754,0.963218667013764,0.954135711253351,0.927286488088936,0.92670382108206,0.948650730208971,1.00702883875056,1.00679546326784,1.04086976518074,1.0580066890113,1.0592866283936,1.06098498476502,1.06666728144262,1.05681187027528,1.05645821853025,1.04755685987936,1.03822046722276,1.02850414843884,1.02850414843884,0.998672068088576,0.970433769111095,0.970433769111095,0.976962634118236,0.98736537828748,0.98839601955486,0.989851487374389,1.00107186343787,1.00118852426616,1.00091491732229,0.993443484731444,0.976269145337237,0.975475662533591,0.978444196619452,0.994749683107913,0.986753208058522,0.987697718412372,0.985951081592564,0.972722368724188,0.972696877395961,0.964727946413047,0.971693097212801,0.971095045957817,0.975138454750075,0.97464852267009,0.957542372953955,0.957344568834803,0.961723432904072,0.97303521110669,0.973745978750633,1.01674865211466,NaN,NaN,NaN,NaN,NaN,NaN,NaN,NaN,NaN,NaN,NaN,NaN,NaN,1.05848096474579,1.07371963278908,1.07502371764053,1.07996817148037,1.03501341200846,1.03530668053491,1.01297865384004,0.997307945678927,1.01148010265979,1.01209554495006,1.00149652779741,0.998192241876765,0.99808574107078,0.98548262247796,0.976135242123888,0.972217492342006,0.964378602951385,0.954554093985552,0.945803059421205,0.94316822753513,0.943851374067441,0.944623093238677,0.944519446368375,0.94222922976669,0.945062229055378,0.941292061653077,0.940639727576172,0.938876689538116,0.936047870687337,0.936047870687337,0.936875713733358,0.939425998205776,0.939425998205776,0.940341047996614,0.936959763011298,0.929965280801248,0.929220551665416,0.912377802825933,0.946684323807025,0.946684323807025,1.00946216695014,1.02648490300928,1.05485160317451,1.05485160317451,1.06691254905549,1.0812563652227,1.0812563652227,1.08337803453916,1.05943375290641,1.06025366102268,1.04401770141385,1.0426101142752,1.0419532979149
4,131,0.988561674114767,0.964544729957489,0.964818304939286,0.999501855747484,1.0236687119689,1.0382223568452,1.0382223568452,1.04039278492742,1.01968877390153,1.01968877390153,1.00686386263448,0.99761698273453,0.997896164548989,0.993531676537827,0.986237913671506,0.986521250649792,0.980678949583149,0.979775672016315,0.973567204474597,0.978118439799187,0.968751867533193,0.938135820221989,0.93820782188737,0.933870037373439,0.972033071457492,1.01333153428521,1.01333153428521,1.0374550540482,1.05014855573215,1.05014855573215,1.04365957955807,1.03718740962447,1.02685374243331,1.02685374243331,1.02399235304411,1.02996700131899,1.02929202328338,1.02355138850671,1.01445196398599,1.01436418234049,1.01101752466424,0.999128839971817,0.985902213877311,0.985902213877311,1.01038829027336,1.00580506980892,1.00859678862697,1.02208466784317,1.02669428083515,1.02665098615333,1.02567599586224,1.01953413357604,1.01843570373981,1.01811490215564,1.00782278612334,1.00643292472062,1.00625608123881,1.00790715909174,1.00757368901725,1.00964680878794,1.00621170493616,1.00368668126804,1.00219945393227,1.00306267856669,0.998630963384838,0.999992552692527,0.998303373613982,1.00114752181252,0.997616688050245,1.00942638425606,1.00360304932801,1.01125545672536,1.01544911644649,1.0139387640938,1.01762601948096,1.01373589775241,1.00262734994329,1.00258293856497,1.00168663521552,1.00122478984437,1.00056117499667,0.9667414173516,0.959710808504907,0.964128924280942,0.981371990899959,0.997228694547535,1.01147761284046,1.0103297738428,1.00837426251706,1.00706216931612,1.0035051501273,1.00473376381111,0.998672100747489,0.997328849101738,0.990894391691502,0.980211798609284,0.97863703599097,0.97863703599097,0.994903963709589,0.993600216583719,0.99334872555776,1.02412681462485,1.04206590359951,1.04160709149788,1.04484292909236,1.03781843789424,1.02841679338393,1.02842131944013,1.02128108278327,1.00800859324461,1.00760423556168,0.992918448464346,0.990571583733842,0.98024933613406,0.98024933613406,0.981942249659937,0.986410740286365,0.987331348061104,0.985811651072111
4,132,0.956556923097584,0.961097235355324,0.955483247491875,0.949316455025133,0.949316423204899,0.946057075915241,0.945532820095374,0.945814043595553,0.949360462475481,0.964017298319557,0.989976912490028,0.989124678989289,1.02645386041461,1.05787078626829,1.05735662863852,1.06650213623613,1.09081068660019,1.09056506755979,1.10878725822712,1.11520105659681,1.08557500449082,1.0861404540016,1.07113239897087,1.0886045464951,1.08759180425022,1.08700879265244,1.08881294930243,1.0898769618295,1.09210226722869,1.08504437436825,1.08455161915446,1.08455161915446,1.07245379608256,1.05370825413743,1.05302477326143,1.04932607802676,1.04821724733334,1.03886068479426,1.03886068479426,1.0360529691323,1.03088312157575,1.03103646951886,1.02869908132106,1.01914950583555,1.02006910709026,1.01896497684205,0.980802511229083,0.94677782284079,0.948090326282813,0.947240610572289,0.973267406759305,0.973571221685384,0.988412346614062,1.01083905677334,1.01094274948517,1.01935544433129,1.02019319304549,1.0145063487415,1.01503441166245,1.00532316864256,1.00472263271217,1.00448480637485,0.999094313701073,0.991421408615319,0.985100451502579,0.986908075520265,0.982507728700777,0.982461628027075,0.980518182516791,0.983287817234148,0.97733737963042,0.978473622312767,0.97644910689163,0.971932445759111,0.969651709203226,0.968989037045027,0.971283254511619,0.976391578975888,0.975922901538109,0.974359703845112,0.974200576052467,0.978737191090674,0.977321566763276,0.975005436670974,0.970745745777214,0.97567659951,0.975410445324486,0.971146276679801,0.97216345904605,0.971292983111209,0.971378571434208,0.971070215866225,0.963703431296673,0.94664491853132,0.932511883620817,0.932468975617045,0.962284253327167,0.961819945423797,0.962063146532895,0.959438983786896,0.95129696948334,0.943333685425399,0.943361759098549,0.931735941089021,0.924896155210305,0.924679093996886,0.928508086903736,0.92776095965616,0.922565917602182,0.922481226735749,0.922909399164569,0.922842634232928,0.922073678797674,0.946679737614529,0.954176826120418,0.94967964085402,0.955242837099431,0.952459074730347,0.948357013587278
4,133,0.971656086497226,0.969373798987213,0.969019995779545,0.96760581259067,0.963359804904979,0.962907445306919,0.987693893413982,1.02233774838931,1.02799178989248,1.02799178989248,1.0279416467221,1.0170922339317,1.01709865834101,1.01685724101842,1.01637070300573,1.01598384620976,1.00944261659762,1.00451238988271,1.00476249863614,1.00520166747011,0.997523001118701,0.980377737376745,0.980377737376745,0.987138334514768,0.989702903259077,1.0134005684773,1.01386301382265,1.04153165254632,1.05234997503138,1.05812831212815,1.05867635349199,1.03996479443334,1.03965376160587,1.0346295107582,1.020474697714,1.02813512786538,1.0220471112272,1.02808442001585,1.03117344109513,1.03363352766576,1.03666383160799,1.04926363973118,1.04192386810603,1.04230273963187,1.03204414777447,1.00818593963953,1.00871844589981,1.00356230977099,0.99648533906484,0.996258759712869,1.02454091741013,1.07680906852448,1.07735532319401,1.10342471247594,1.06912747800088,1.09014105387791,1.09415451618331,1.09804193306813,1.09717789007029,1.09891793057368,1.08781519324344,1.08220387257486,1.07806167322276,1.07792670400658,1.07602270453698,1.07227620043536,1.0611296454666,1.05827914073562,1.05829101337655,1.04780192661947,1.04780192661947,1.04918166886997,1.05001629645408,1.05038846115159,1.039106459804,1.04023752403157,1.03819434181462,1.04239090469858,1.01980069820801,0.977120461686167,0.976199289990525,1.0053770861766,1.04977023653455,1.05050710633268,1.07091131831291,1.08477522548587,1.083963496823,1.09880239785013,1.09742023524549,1.09351909780184,1.09351909780184,1.08577778121129,1.07597101903359,1.07848771771984,1.07152430613335,1.06718527817206,1.0696141554594,1.06812478467122,1.06515444487671,1.06182813847023,1.06182813847023,1.04624712837221,1.04421545860219,1.04406121530334,1.06084366037079,1.0576397409476,1.05597006430227,1.05585658524582,1.05430878068671,1.04811722335254,1.04829539362175,1.04012986933755,1.0433682794543,1.04515483930595,1.04470268039797,1.0419106307451,1.03383550741764,1.03383550741764,1.02632484545767
4,134,NaN,NaN,NaN,NaN,NaN,NaN,NaN,NaN,NaN,NaN,NaN,NaN,NaN,NaN,NaN,NaN,NaN,NaN,NaN,NaN,NaN,NaN,NaN,NaN,NaN,NaN,NaN,NaN,NaN,NaN,NaN,NaN,NaN,NaN,NaN,NaN,NaN,NaN,NaN,NaN,NaN,NaN,NaN,NaN,NaN,NaN,NaN,NaN,NaN,NaN,NaN,NaN,NaN,NaN,NaN,NaN,NaN,NaN,NaN,NaN,NaN,NaN,NaN,NaN,NaN,NaN,NaN,NaN,NaN,NaN,NaN,NaN,NaN,NaN,NaN,NaN,NaN,NaN,NaN,NaN,NaN,NaN,NaN,NaN,NaN,NaN,NaN,NaN,NaN,NaN,NaN,NaN,NaN,NaN,NaN,NaN,NaN,NaN,NaN,NaN,NaN,NaN,NaN,NaN,NaN,NaN,NaN,NaN,NaN,NaN,NaN,NaN,NaN,NaN,NaN,NaN,NaN,NaN,NaN
4,135,1.03338714390836,1.01732671592063,1.01732671592063,1.01001899715621,1.00865686975228,1.0085718192828,1.0038951313433,1.00205241638922,1.00261772676332,1.00185086788331,0.991714926668337,0.99143332716372,0.990695029657558,0.988506284854181,0.978742474637549,0.990412761885079,0.990690934735056,0.989999021855793,0.982100834222656,0.978851875535896,0.989342053134006,0.959414470494191,0.959084514139536,0.970004206841752,1.00023782680869,1.02448341060181,1.02435654895658,1.04347740166272,1.07364055388527,1.0757050398117,1.09305042648598,1.08896526170024,1.08607236580983,1.08632900924091,1.0626247350315,1.07019327346795,1.07282911297295,1.05868343472098,1.04171500363634,1.04340280077601,1.03641946867431,1.03094401720507,1.03244630011289,1.02617866282297,1.0249142419082,1.02486045897933,1.02651831523269,1.01559996690129,1.02246986697509,1.02365928133894,1.019187543717,1.01684615020828,1.01957619966441,1.01732291086104,1.01819848577425,1.01921502841713,1.01734376931105,1.01614536003611,1.01386334221671,1.01419667951875,1.01430743473161,1.00657346596157,1.00851471313207,1.00879798327881,1.01553803763491,1.01511170512216,1.01654583570751,1.00812194746351,1.02606612737841,1.03831359038183,1.03831359038183,1.03483428097241,NaN,NaN,NaN,NaN,NaN,NaN,NaN,NaN,NaN,NaN,NaN,NaN,NaN,NaN,NaN,NaN,NaN,NaN,NaN,NaN,NaN,NaN,NaN,NaN,NaN,NaN,NaN,NaN,NaN,1.05311521171193,1.08926432849967,1.12282632907316,1.12362818894096,1.13099361881763,1.12958775523748,1.1310360497096,1.14825081329687,1.17588578582352,1.17453650137016,1.19467932510686,1.19065980950768,1.18422333153755,1.17950588908407,1.17960921248645,1.15191319582021,1.14528132705757,1.0692821925557
4,136,0.977207311729138,0.879932196355637,0.879814244120647,0.894529952484984,0.94891050497028,0.951153812469708,0.963426206127101,0.980607479550899,0.975187724733947,1.02143254149994,1.04255520849545,1.04384407274932,1.0425394117706,1.02434740985235,1.06316744993262,1.06501352234235,1.06999622907925,1.07757102312285,1.09876369861292,1.09419465807641,1.09829098634063,1.105258264467,1.10526593276939,1.10048827409536,1.09873165689684,1.09104138245211,1.0919483292535,1.07317865423299,1.03760780557058,1.04499686715969,0.993442888558434,1.002375753496,1.00274049641024,1.01917774226145,0.993032483435561,1.01712138461403,1.0169122965462,1.04394623552794,1.05822500561878,1.05699250704228,1.05423084623997,1.06120589367332,1.06108283485638,1.04776238707156,1.05152458007458,1.02402002139284,1.02484103153474,1.03304272944373,1.01599665251679,1.01786594342786,1.0209410080778,1.02705186752919,1.0271557929288,1.03866637135863,1.05433005863276,1.06061635549947,1.06109153560684,1.06912940947047,1.06831741213514,1.06896623094474,1.05775474394606,1.04788786827005,1.03162240859741,1.03162240859741,1.03125859570912,1.0271175477816,1.02824731958211,1.02641077550053,1.02674604875418,1.02780731821506,1.02791874984198,1.02160156615714,1.01583041714006,1.01463959659869,1.01542160008455,1.00917966848833,1.00836717318979,1.01453893072092,1.00687428958907,1.0067432559188,1.00950840733825,1.00555765116845,1.00684727555795,1.00708691978255,1.00797472258837,1.01104295291377,1.01204403368359,1.00886062332913,1.0130489811998,1.01278043369247,1.01262638905591,1.00727204060263,1.0023774686705,1.00316809641427,1.00993888810237,1.00928017641,1.00928017641,1.02132532038955,1.03081366891105,1.02828950524639,1.02828950524639,1.02792684513532,1.02377717581706,1.02359548362422,1.02258894858234,1.02440267780879,1.01148839513385,1.01258017677984,1.01122024900269,1.01006463697627,1.00943127824329,1.01204392109826,1.02358383885902,1.02327232716222,1.01952402665559,1.01591438810012,1.01049165873596,1.00220841998427,1.01057761822755
4,137,1.0007404998156,0.999072154405891,1.0018650718788,1.00154430877234,1.0009056097079,0.997929371144806,0.998210180801031,0.999002470063471,0.998080652604673,0.995816858184265,0.99048568181108,0.986838703319156,0.983723036677612,0.990981271978708,0.989109041432378,1.01191729328236,1.02846797759141,1.01623251859204,1.00907729793649,1.00870452701556,0.994532900618448,0.994532900618448,1.00370713236366,1.01346934384913,1.01346934384913,1.03407566421726,1.04215960126427,1.04214430600954,1.04472847830167,1.03658372659654,1.0311974679687,1.03154856817712,1.00785524825463,1.00992359178794,1.01031793339214,1.00568182181602,1.00348474733047,1.00543460068492,1.00461510078271,1.00424724607035,0.99926172161732,0.99926172161732,1.00205748660864,1.0016436543868,1.00026262520636,0.999652166050958,0.976094877920341,0.97042415455141,0.970353929190778,0.969781600458766,0.97915918980008,0.972560887379782,1.00407114197169,1.02489369175304,1.02496094364025,1.04871901465184,1.05641714483188,1.05857295468802,1.05844703643998,1.06682524317584,1.05664377075172,1.05664507549361,1.04442213962339,1.03434340379982,1.03603505558332,1.03323602149738,1.01910413426792,1.01857614172307,1.01919399193963,1.01302637467637,1.01636851879836,1.01904496298303,1.01384781306444,1.0171050927861,1.01704031760601,1.01860844905395,1.01451792088556,1.00782992220048,1.00782992220048,1.00712481352415,1.0045820464761,1.0062352340997,0.990671290192235,0.979188600780439,0.99245509105488,0.99245509105488,1.01092817440324,0.996895315366648,0.996834311728886,1.00624806330441,0.996139518794726,0.995530975561179,0.995589595657734,1.00891059034542,1.01602931138503,1.00532266807442,1.00600190682157,1.00594532705549,1.0039639911974,0.997824563783642,0.990100605941126,0.993124662965472,0.98501038860909,0.982346282809694,0.975740020942467,0.975739993379282,0.982594547879084,0.967114389315346,0.967162401514324,0.970995617317827,0.970773854345822,0.968928079191177,0.968403085865183,0.967282721551733,0.957506156289978,0.957873753332702,0.919653411385312,0.852390701578373,0.852173085515246
4,138,1.03940429363708,1.03631854114708,1.03646774014819,1.02997211700164,1.02997819011992,1.02314588630257,1.01899484148728,1.01953952326931,1.01580548881536,1.01533903345417,1.01863448806836,1.01726872088794,1.01222602837079,1.00015807898497,1.00022650443022,0.920105350128112,0.909863298655493,0.909658951472725,0.946892923618787,0.964422878624544,0.972337559209779,0.972384802790734,0.986291155925224,1.00805297949868,1.006038886544,1.012399041543,1.00411798717893,1.00406662847725,1.00077609140671,0.996595325771389,NaN,NaN,NaN,NaN,NaN,NaN,1.08687180071475,1.08638346474145,1.08811748036286,1.07225243275295,1.04555928774666,1.04555928774666,1.04076662838365,1.05096577520127,1.05042356818404,1.04818356041564,1.05264080022087,1.05463341005892,1.06129333231544,1.06049541486772,1.040021215298,1.040021215298,1.0355753559769,1.03518726012845,1.03409859223508,1.02496328671433,1.02428304525805,1.01985784349236,1.02038221907291,1.02526914598439,1.01790505134394,1.01877383232067,1.02104648411697,1.01741846664143,1.0237285227839,1.0237285227839,1.0181072650377,1.01829961143619,1.01909985621883,1.01635250562671,1.01969334508726,1.02056522853172,1.01432152575074,1.0076186867336,1.01420116724852,1.0134785771296,1.01069605419498,1.0175125334645,1.01772606771743,1.01266295625428,1.0132805842041,1.01265944043257,0.973975441084873,0.956639838765338,0.944303235864876,0.944303235864876,0.959760567898663,0.984153867764604,0.984153867764604,1.00905927947242,1.0085516567181,1.00747721814976,1.00433719175813,0.989647047263862,0.970173096221311,0.976785257329891,0.961164628648608,0.957402139602015,0.957031474529672,0.954414170150976,0.952541043042447,0.947097877974285,0.947518313415782,0.937272080485452,0.935237477038966,0.940310475632775,0.937663440621818,0.932107983561815,0.932107983561815,0.933477436256417,0.928721320375742,0.924086229604553,0.924086229604553,0.936081448409032,0.936021731939232,0.936021731939232,0.96025893350125,0.971549947155338,0.971259666775005
4,139,0.998528207182477,0.999253955502132,0.999354809877584,0.997656533268491,0.993603061240226,0.997614897204801,0.996981687130061,0.998046636949385,0.998164409091276,0.997241774237132,0.99079063057665,0.987614246966462,0.986793374988148,0.989899465913744,0.9941644094176,1.01619713263707,1.01628708628726,1.01754725829944,1.02426042323007,1.02245246174083,1.01843450042085,0.97076749718653,1.01437540793745,1.02278809988763,1.05734977261739,1.08022771946297,1.08040530933672,1.12369156678599,1.14690827508726,1.14865721628219,1.14843966557884,1.14303218117761,1.13256361943691,1.13195733902044,1.12553288907694,1.12618716888188,1.12524304048616,1.12068963973887,1.11820738057067,1.11294703191381,1.11294703191381,1.10111143278148,1.10445703231222,1.10445703231222,1.10460408848226,1.09977104321806,1.09881603053309,1.05390101054893,1.02338284365214,1.02442874290703,1.00611231076031,1.01091502449774,1.0289015042721,1.02767454011063,1.0454070575725,1.06295931443098,1.06345867834259,1.07073195493968,1.07187200526009,1.07768864354572,1.07669912605802,1.0684545497062,1.07168293843058,1.07361920197587,1.05562714735084,1.04611445700689,1.03359183863843,1.03303698335672,1.02807279544575,0.996188506479417,0.996188506479417,0.965995604170335,0.947729681924,0.947838046985688,0.990331510485949,1.02632847886428,1.03385139623043,1.03957930992912,1.0716979417955,1.09141698998345,1.0929176160873,1.13762363295684,1.14762726691592,1.1468962408715,1.15525463787719,1.14647967927123,1.08721698424945,1.08721698424945,1.09725685138038,1.11995319389009,1.12024169526895,1.13987121016651,1.11229670228289,1.14176638864859,1.14146472115631,1.12845178855635,1.10099906673726,1.09988704617907,1.08460963237226,1.06279020214361,1.06262914584489,1.05173372866899,0.985985101436659,0.952562901035214,0.951196767942374,0.947906022408026,0.946789617697116,0.944612120021235,0.953027080310998,0.960286837988204,0.96091376224457,0.974893217735166,0.968963855741072,0.961425367512749,0.964267475332709,0.966251935218787,0.96444843068453,0.959632352825861,0.957423815556373
4,140,NaN,NaN,NaN,NaN,NaN,NaN,NaN,NaN,NaN,NaN,NaN,NaN,NaN,NaN,NaN,NaN,NaN,NaN,NaN,NaN,NaN,NaN,NaN,NaN,NaN,NaN,NaN,NaN,NaN,NaN,NaN,NaN,NaN,NaN,NaN,NaN,NaN,NaN,NaN,NaN,NaN,NaN,NaN,NaN,NaN,NaN,NaN,NaN,NaN,NaN,NaN,NaN,NaN,NaN,NaN,NaN,NaN,NaN,NaN,NaN,NaN,NaN,NaN,NaN,NaN,NaN,NaN,NaN,NaN,NaN,NaN,NaN,NaN,NaN,NaN,NaN,NaN,NaN,NaN,NaN,NaN,NaN,NaN,NaN,NaN,NaN,NaN,NaN,NaN,NaN,NaN,NaN,NaN,NaN,NaN,NaN,NaN,NaN,NaN,NaN,NaN,NaN,NaN,NaN,NaN,NaN,NaN,NaN,NaN,NaN,NaN,NaN,NaN,NaN,NaN,NaN,NaN,NaN,NaN
5,121,1.00304619593925,0.998391622647345,0.998311856085785,0.997325768140393,0.99465433733426,0.996739685127135,0.994984870902442,0.994470177299581,1.00081637762618,1.0015113093814,0.991978007058789,0.982269797976494,0.981114893972485,0.987588774515619,0.985961219953632,1.01263150065448,1.01233477685923,1.02661350176003,1.03925532676548,1.03924642368542,1.04354758556443,1.07532974757979,1.07467131921947,1.09967359544107,1.12558790367458,1.1335767564298,1.13391855509281,1.1567834572535,1.159059579502,1.15944462695918,1.15755751920066,1.11810345998495,1.11363015227992,1.11333554647741,1.06744672106716,0.967171690453641,0.96875470695311,0.962948379036191,0.978237568898937,0.978237568898937,0.996224236255708,1.11173072697125,1.12708802911246,1.12700100971336,1.13102488022845,1.1195961759414,1.12082849490996,1.10688120564476,1.09455858827044,1.09306555144691,NaN,NaN,NaN,NaN,NaN,NaN,NaN,NaN,NaN,NaN,NaN,NaN,NaN,NaN,NaN,NaN,NaN,NaN,NaN,1.03156201473988,1.03156201473988,1.03565638201024,1.03853177890641,1.03918103659439,1.05417446337505,1.0438597891603,1.04507919956177,1.01281956242956,1.03707468958356,1.04537224422804,1.04555846774814,1.0536782719103,1.06723753266221,1.06723753266221,1.00616168301667,1.02953542500421,1.02910641942794,1.06505006314988,1.08452262737315,1.08191884526719,1.08237410184668,1.12050629474935,1.14617847116906,1.14544489972215,1.16541810090339,1.209684816484,1.20722725371497,1.21307286685871,1.24846715947952,1.25054605183224,1.24909704319951,1.27124938392074,1.30304726684527,NaN,NaN,NaN,NaN,NaN,NaN,NaN,NaN,NaN,NaN,NaN,NaN,NaN,NaN,NaN,NaN
5,122,1.04508838535738,1.05191230254194,1.0522253633876,1.06746470674309,1.0662733693533,1.06693334075841,1.06696391752123,1.06767685291027,1.06611710362664,1.06611710362664,1.06236271426677,1.03122481391573,1.03080857165367,0.961146428580273,0.914967966669319,0.864271186873283,0.865676304427929,0.841194099017342,0.811575468769193,0.811360215628343,NaN,NaN,NaN,NaN,NaN,NaN,NaN,NaN,NaN,NaN,0.790237963674476,0.809279443908283,0.878710554506435,0.878710554506435,0.909357541718425,0.91214086822542,0.90221182168709,0.906030358375153,0.90688754221383,0.905580713529145,0.913593537838182,0.9140716830802,0.91906742232953,0.919129117670982,0.91308521261474,0.911889995905762,0.911889995905762,0.920707205441171,0.921126836355052,0.918927579761114,0.906172254448065,0.906702142881776,0.918077830806249,0.918261505352717,0.914851780294864,0.931285955951317,0.932618599203365,0.881372661041228,0.835775157982062,0.787097783460875,0.788448185879059,0.790661276462376,0.771296699542506,0.766484425404814,0.743830575064366,0.715774294469159,0.695587729088064,0.695632906453878,0.6716795677732,0.634829266878883,0.635219870526639,0.613899932889024,NaN,NaN,NaN,NaN,NaN,NaN,NaN,NaN,NaN,NaN,0.843657968267166,0.844150355607298,0.888410214068664,0.915839073360956,0.9276668659514,0.927497683244109,0.912289958322254,0.90397757105071,0.905086578051417,0.890858313083169,0.889357979712455,0.890511259016057,0.866077445370683,0.874347337151748,0.877492260389527,0.877473195628913,0.8908019936169,0.88627359242885,0.886726826411975,0.886797594425841,0.886868362439708,0.886939130453575,0.886939130453575,0.888978723772963,0.886715270614663,0.886611015448414,0.887936359976506,0.891432839054747,0.891832431745313,0.90994075368164,0.910336119236366,0.899735555993703,0.900702145246501,0.896927903023258,0.896922226933782,0.899891748211119,0.886312865307962
5,123,NaN,NaN,NaN,NaN,NaN,NaN,NaN,NaN,NaN,NaN,NaN,NaN,NaN,NaN,NaN,NaN,NaN,NaN,NaN,NaN,NaN,NaN,NaN,NaN,NaN,NaN,NaN,NaN,NaN,NaN,NaN,NaN,NaN,NaN,NaN,NaN,NaN,NaN,NaN,NaN,NaN,NaN,NaN,NaN,NaN,NaN,NaN,NaN,NaN,NaN,NaN,NaN,NaN,NaN,NaN,NaN,NaN,NaN,NaN,NaN,NaN,NaN,NaN,NaN,NaN,NaN,NaN,NaN,NaN,NaN,NaN,NaN,NaN,NaN,NaN,NaN,NaN,NaN,NaN,NaN,NaN,NaN,NaN,NaN,NaN,NaN,NaN,NaN,NaN,NaN,NaN,NaN,NaN,NaN,NaN,NaN,NaN,NaN,NaN,NaN,NaN,NaN,NaN,NaN,NaN,NaN,NaN,NaN,NaN,NaN,NaN,NaN,NaN,NaN,NaN,NaN,NaN,NaN,NaN
5,124,0.990047686057087,0.992122837371724,0.986093103159419,0.987057443832839,0.963611624345759,0.981992920971568,1.00817947890691,1.00816653173667,1.00777894378767,1.02354924037931,1.0246209700961,1.02669985383388,1.0301224011908,1.02135530782695,1.02115315638299,0.972307213405098,0.97183259642328,0.972224679378991,1.01108401091296,1.05811958171192,1.05519633671326,1.09071365494717,1.0833558031209,1.1167971559933,1.11652404709618,1.14712440635683,1.16819222732802,1.16454215015569,1.14609759475747,1.13673684901767,1.11670154351431,1.1173310867849,1.09565260447852,1.11838481436511,1.11801440577248,1.08439457654017,1.10868877006511,1.10939424178856,1.12313944581683,1.12377044427745,1.12254322574582,1.11589402587581,1.11751016811571,1.11198322770091,1.11152559913784,1.10544293141314,1.0967464237779,1.09496733079824,1.06459685320942,1.03500106327998,1.03281640643577,1.03123987333071,1.03360151104653,1.03152374216841,1.03126099188039,1.00376134525675,1.00572746016135,1.00503814839977,1.00926218954737,0.993610636741062,0.997143359407853,0.997309142162601,0.986914236362777,0.983181665205001,0.983181665205001,0.968840716115912,0.965920982956401,0.965870896153473,0.965407515737072,0.971551571160583,0.957302811295133,0.957302811295133,0.937372027608549,0.929457238496226,0.929194634509483,0.921244591520002,0.916790585905888,0.906078422512016,0.906078422512016,0.905924559361156,0.902857980541325,0.902857980541325,0.907108095639595,0.920576223905088,0.920136993560748,0.917489183677867,0.946823916205129,0.942209997565902,0.942209997565902,0.902799947656911,0.88892263529044,0.889507194264255,0.873212713237574,0.85732202277022,0.859855324377263,0.862539078006925,0.865368660605093,0.868340501782917,0.86839689542055,0.915765876251889,0.946766435955552,0.942049560150598,0.983817166750792,1.02645303437739,1.04231971055262,1.0416275529341,1.05835743218384,1.07068286933173,1.07068286933173,1.06390208488186,0.965949183819697,0.966141118071419,0.973564045050853,0.967729603937456,0.9742941769895,0.975041612994804,0.979191846838432,0.987044078805759,0.987515041002133
5,125,0.942053961321635,0.912176118942027,0.911611023713753,0.911231520774551,0.85467422378936,0.828666085864165,0.831861743779588,0.978870573971452,1.02737260065002,1.02604847126111,1.03102776217089,1.06556556065793,1.06309989879755,1.08849757416624,1.09844531272445,1.10127283556067,1.10229082717097,1.10554239593336,1.11969150875029,1.12589180069531,1.12916981684131,1.13107872606537,1.15317336308071,1.15469731778558,1.06417910702891,1.13084410719079,1.13039779880301,1.16873221877272,1.17446576115891,1.17555370560913,1.17225010950857,1.14506971000178,1.14065185243227,1.14170057333596,1.12431667371849,1.10768699267009,1.10894288474697,1.09975914168187,1.09242104930015,1.09107336809851,1.08997522704369,1.10258491991354,1.09702769262507,1.09381614305958,1.09059128959326,1.08713841137945,1.08823833036332,1.08855884561162,1.02460000265688,0.839879843550251,0.838695457828512,0.734241853506965,0.720113449844657,0.72096465955601,0.676397400374031,0.650600469732033,0.651168383160274,0.702265556094716,0.719513426565006,0.732465513669231,0.732667764670783,0.740790431822604,0.770310798438812,0.770310798438812,0.784515544464581,0.807185212659939,0.807478522908724,0.809161288752086,0.802968862099731,0.794506956395835,0.793962216971852,0.794246197958109,0.789417218116061,0.790351679268276,0.78670488007755,0.783062001958179,0.795184847514992,0.79599164697444,0.812712809821476,0.757766632549731,0.757095509908352,0.763511005513547,0.911925971639083,0.9119437879956,0.959839428711056,0.958737080240823,0.978082482609515,0.977998990681723,0.983446032670141,1.00771558186996,1.00505994913482,1.0078186260885,0.986204833480607,0.980404817829338,0.978783356002666,0.977443849428025,0.976664740747194,0.974621579642273,0.970626059354782,0.963205965415902,0.964150522625634,0.956999929803879,0.953039321437448,0.968774525638868,0.967451373181264,0.972341016810199,0.981479306562635,0.979897912323954,0.97684883331031,1.00553750651099,1.02430602326222,1.02430602326222,1.03521379590311,1.0362307170995,1.03658493670993,1.03431771496036,1.02585343525461,1.0178992307279,1.01002045138566
5,126,NaN,NaN,NaN,NaN,NaN,NaN,NaN,NaN,NaN,NaN,NaN,NaN,NaN,NaN,NaN,NaN,NaN,NaN,NaN,NaN,NaN,NaN,NaN,NaN,NaN,NaN,NaN,NaN,NaN,NaN,NaN,NaN,NaN,NaN,NaN,NaN,NaN,NaN,NaN,NaN,NaN,NaN,NaN,NaN,NaN,NaN,NaN,NaN,NaN,NaN,NaN,NaN,NaN,NaN,NaN,NaN,NaN,NaN,NaN,NaN,NaN,NaN,NaN,NaN,NaN,NaN,NaN,NaN,NaN,NaN,NaN,NaN,NaN,NaN,NaN,NaN,NaN,NaN,NaN,NaN,NaN,NaN,NaN,NaN,NaN,NaN,NaN,NaN,NaN,NaN,NaN,NaN,NaN,NaN,NaN,NaN,NaN,NaN,NaN,NaN,NaN,NaN,NaN,NaN,NaN,NaN,NaN,NaN,NaN,NaN,NaN,NaN,NaN,NaN,NaN,NaN,NaN,NaN,NaN
5,127,NaN,NaN,NaN,NaN,NaN,NaN,NaN,NaN,NaN,NaN,NaN,NaN,NaN,NaN,NaN,NaN,NaN,NaN,NaN,NaN,NaN,NaN,NaN,NaN,NaN,NaN,NaN,NaN,NaN,NaN,NaN,NaN,NaN,NaN,NaN,NaN,NaN,NaN,NaN,NaN,NaN,NaN,NaN,NaN,NaN,NaN,NaN,NaN,NaN,NaN,NaN,NaN,NaN,NaN,NaN,NaN,NaN,NaN,NaN,NaN,NaN,NaN,NaN,NaN,NaN,NaN,NaN,NaN,NaN,NaN,NaN,NaN,NaN,NaN,NaN,NaN,NaN,NaN,NaN,NaN,NaN,NaN,NaN,NaN,NaN,NaN,NaN,NaN,NaN,NaN,NaN,NaN,NaN,NaN,NaN,NaN,NaN,NaN,NaN,NaN,NaN,NaN,NaN,NaN,NaN,NaN,NaN,NaN,NaN,NaN,NaN,NaN,NaN,NaN,NaN,NaN,NaN,NaN,NaN
5,128,1.01304370230118,1.01269161279477,1.00738466883141,1.00628932602686,0.99551310368104,0.995228492313661,0.995950401722084,0.987480203985805,0.987790283526144,0.981624827432041,0.977915602215964,0.9737197367805,0.981917211681052,0.998867015600191,1.00958411696157,1.00958411696157,1.01683823504149,1.02435740109094,1.02421994105173,1.02682241528244,1.02421963222391,1.02518096266134,1.01877884400967,NaN,NaN,NaN,NaN,NaN,NaN,NaN,0.615354243378262,0.644660142641025,0.645834111848066,0.642011609585846,0.645908159925758,0.645908159925758,0.657629991514674,0.652955413759882,0.652053555157017,0.650934528296743,0.654410772638209,0.658735549462809,0.654142147258752,0.654187339193417,0.655023836359734,0.656204597216428,0.65366850513127,0.658426742171142,0.658426742171142,0.656953259261627,0.657657188663731,0.663339956608395,0.6627244855546,0.676186103268112,0.692916414638788,0.691719500158488,0.704801040114701,0.705921540618206,0.709232583437941,0.709232583437941,0.712969079808881,0.705435713363571,0.705648952630332,0.695630762866833,0.671235485111491,0.670472787691226,0.593504291965556,0.474419242147551,0.406730604973575,0.406746442524614,0.432184295783708,0.445019492619957,0.444651953836576,0.499066262007148,0.539171219623879,0.557947087416208,0.557951663481421,0.564815296722754,0.590393336893726,0.589897112716035,0.635957864674678,0.672550505517948,0.673445562119884,0.691123026284672,0.704003252815727,0.699835358073271,0.708534441342673,0.710062846579665,0.711280049534069,0.711280049534069,0.700352044993533,0.70121600003656,0.701201535428842,0.701264669795532,0.696249395453455,0.710173484340151,0.71335837714126,0.721250521126553,0.725598465164902,0.724715364571499,0.71731659899225,0.711570256567238,0.715538102596836,0.715538102596836,0.719550012447003,0.717114838884171,0.71791297161844,0.720482416717558,0.716710996297406,0.716710996297406,0.739591750212428,0.779915868418024,0.801776473782622,0.803006953993969,0.810357065239089,0.822454023380021,0.814551070882456,0.8265785059087,0.827792795879321
5,129,0.991606929971037,0.990900674549741,1.02161588663904,1.02113350710745,1.02331806391413,1.00387084063479,1.00268425231969,1.00154592520828,1.00154592520828,1.01272334277922,1.00029923166677,1.00023525155272,0.992366025172932,0.986782259280054,0.992529876146872,0.99230647617956,0.983707693714364,0.988464031624941,0.99236380633013,0.98821480179997,0.98700440530277,0.988808021356281,0.975419975688458,0.893572910157436,0.894204715815699,0.935244799851817,0.986749033475475,1.00616185064863,1.00615914114161,1.00198538810004,0.993338998325609,0.994188500234625,0.98789853671636,0.975915383532573,0.974754301883651,0.971643774818074,0.962789049391547,0.960439612831674,0.953788975247245,0.946563565996588,0.944082960620725,0.94497974852946,0.955600383522273,0.948158542576818,0.947234919815093,0.952300381760328,0.950745046795529,0.95438602676802,0.955313086726769,0.95549519068767,0.974738533890901,0.999464657526521,1.00037027991284,1.011974589543,1.01200644181558,1.01327713026983,1.01153411401616,1.00592493419765,0.999984339420946,0.994283971432941,0.990732094250564,0.992840922886589,0.990064953236349,0.980410450062297,0.980299793786864,0.980100682534786,0.977382473084951,0.980298832720932,0.980487821632952,0.977264917842199,0.974779481333338,0.975150311950359,0.975436850007228,0.976157706976439,0.988556618550527,0.989484409780698,1.00235875726341,1.00951883523961,1.08319493088931,1.08350627355191,1.14485338525774,1.18490523838018,1.18428967105394,1.21086241739774,1.23723885051207,1.23739358886012,1.25726109980311,1.26429453204086,1.26518076846897,1.26518076846897,1.25158480385209,1.23872795738343,1.23745143257288,1.23433877105585,1.23151844237048,1.22132486128497,1.21686203293988,1.21227790005705,1.21635945944601,1.21635945944601,1.21279387833482,1.22058705249309,1.22065470469414,1.21628934579292,1.21552572278491,1.21623696701672,1.22892702743814,1.25018149306745,1.26159590048428,1.26159590048428,1.26874942291058,1.28255465870067,1.2840411524223,1.28458361525349,1.28425940062727,1.28141470641778,1.28114622924815,1.28710655020179,1.27112886825407
5,130,NaN,NaN,NaN,NaN,NaN,NaN,NaN,NaN,NaN,NaN,NaN,NaN,NaN,NaN,NaN,NaN,NaN,NaN,NaN,NaN,NaN,NaN,NaN,NaN,NaN,NaN,NaN,NaN,NaN,NaN,NaN,NaN,NaN,NaN,NaN,NaN,NaN,NaN,NaN,NaN,NaN,NaN,NaN,NaN,NaN,NaN,NaN,NaN,NaN,NaN,NaN,NaN,NaN,NaN,NaN,NaN,NaN,NaN,NaN,NaN,NaN,NaN,NaN,NaN,NaN,NaN,NaN,NaN,NaN,NaN,NaN,NaN,NaN,NaN,NaN,NaN,NaN,NaN,NaN,NaN,NaN,NaN,NaN,NaN,NaN,NaN,NaN,NaN,NaN,NaN,NaN,NaN,NaN,NaN,NaN,NaN,NaN,NaN,NaN,NaN,NaN,NaN,NaN,NaN,NaN,NaN,NaN,NaN,NaN,NaN,NaN,NaN,NaN,NaN,NaN,NaN,NaN,NaN,NaN
5,131,0.986684699366158,0.995613147527425,0.995982159552961,1.00395478902053,1.0102044712818,1.01377456845563,1.01355734291512,1.02220778629447,1.02014669350453,1.01767984202848,1.00268276470048,1.00295899486305,0.999040176266973,0.999299291310674,0.994246873763467,0.987365034860468,0.986916614108907,0.968802968378594,0.978881781800289,0.982451373376686,0.973680248424889,0.984061188889033,0.955391598569624,0.955391598569624,0.969098823612126,0.968412999780719,0.966728197385209,0.992859958538362,1.00153513711196,1.00153513711196,0.994320800913304,0.998464327638392,0.998934371316236,0.997888332369695,0.99347258300176,0.9871026100848,0.9871026100848,0.979004592146846,0.971288380439639,0.971310737391832,0.96770348173587,0.97205034137799,0.972096570514571,0.971877666670926,0.956496331481098,0.950823805615083,0.950868307631385,0.957272440118274,0.948256887369704,0.944134260977134,0.944891437761637,0.950889053607885,0.963391298775495,0.963141258676922,0.973599142248431,0.975836131656726,0.974551937719497,0.981281879604272,0.98617004245591,0.978877757070038,0.979202471633503,0.971987129392435,0.9740195593302,0.974716143398196,0.974273351866861,0.972963261088431,0.97579003312571,0.977703805704606,0.932536781695528,0.925889745431448,0.925366938644707,0.953350261778637,0.968704762477037,0.968549204882776,0.969517010124043,0.967560630208548,0.964318603522369,0.965223290755077,0.959221971593666,0.957545962845065,0.957545962845065,0.964848610600412,0.958202936711648,0.959553339687214,0.957136790427109,0.961355561134778,0.960627212557236,0.95972394079726,0.958152077554473,0.960771742152246,0.960771742152246,0.945062634165542,0.898384782707077,0.898480848523895,0.886016057789064,0.949060681566514,0.963576713046391,0.963080657620023,0.976625887360639,0.973755628193829,0.974968147998999,0.97557619701701,0.972554222029758,0.97283663276733,0.972015817251371,0.97113412534385,0.974659341596158,0.975077506954992,0.97317538231036,0.966151774327163,0.967654238138611,0.97026872185277,0.963348910072448,0.97527796102178,0.973290695144183,0.970190537128562,0.97052408334576,0.971287271965137,0.976085332059749
5,132,0.980583486549261,0.979514229016849,0.998421718454586,1.00817345092716,1.01051472807543,1.00912494151515,1.01630896295797,1.00338169971269,1.00338169971269,0.999046054061768,1.00413084212172,1.00143385029807,0.997167756421424,1.00161582168732,1.00251090280921,0.997156142609855,0.996275780740433,0.995628966164205,0.995628966164205,0.992371557444603,0.989397559406733,0.988745987739655,0.930482418262232,0.895820654915603,0.944088246727149,0.943977578066792,0.957575802174095,0.966651931764292,0.965742845544329,0.967253417417403,0.961450154662457,0.960596990971773,0.955709257134479,0.953380993898034,0.94293758762979,0.941697541341756,0.956699116379711,0.957125538958718,0.959271386836473,0.950436059220274,0.953751370357578,0.942208407264592,0.942208407264592,0.937220577929076,0.94460242977794,0.944526914277871,0.934567388455705,0.914532976782591,0.913443429875062,0.872516428182726,0.817722712619774,0.798903160036636,0.778911117476163,0.79757000795678,0.828168285682116,0.827912462002197,0.854102201412416,0.885133424888927,0.884940798165659,0.89841983430756,0.900801753511332,0.898068736615587,0.900040276120041,0.889865465469452,0.896454580512945,0.898124672290993,0.893058792267901,0.88534943379265,0.890532973533983,0.889235229289189,0.896869740881135,0.888752698443561,0.888750166629119,0.893718249394646,0.89266195521246,0.891584337298057,0.893398845047289,0.896605005980137,0.898453248173871,0.898453248173871,0.894258936111866,0.887936244907725,0.888876997046395,0.885212785586373,0.884851217844092,0.870877225034013,0.870716297839929,0.836668797427417,0.801578624942712,0.785928932668568,0.682633703682718,0.669166017049563,0.655027225789146,0.668381371531426,0.73172623381504,0.731659957522004,0.766628011971705,0.779227560627229,0.793884368912389,0.796406141483032,0.794760124317137,0.793580661577791,0.794010637553176,0.790506809113158,0.78627127997435,0.782001939601182,0.782076713062293,0.779683549876107,0.780679560432787,0.781337537750081,0.752301699557352,0.750243896617306,0.750642047129252,0.71506078966484,0.6553442829369,0.613203101499915,0.606540113620049,0.624730557382529,0.64250379386753
5,133,0.893879401311214,0.886900128648091,0.887222724319998,0.881963667366064,0.876026147087665,0.873631177081986,0.874302527103735,0.88306402225372,0.882613634821319,0.882613634821319,0.919174504964431,1.05907195088172,1.05766566919585,1.15275936996626,1.19179452713703,1.19957717101527,1.19896782422923,1.19480813374608,1.20396378404901,1.20913380631284,1.20178247742625,1.21948557106935,1.21968334767616,1.27548583631346,1.30068208089862,1.31734762018322,1.31339925460786,1.33699261395852,1.26889218365541,1.26889218365541,1.33698330361457,1.3365704230021,1.33715648790074,1.30827481209823,1.26327855219329,1.24282688323117,1.24420498860846,1.21649286679766,1.21338965090992,1.21146462291748,1.18906547047751,1.1856210862551,1.17886178866718,1.17886178866718,1.16778632239717,1.16617680915114,1.16548981159621,1.14442385357204,1.04236263990643,0.934610778178751,0.935104764571238,0.849003005091374,0.682603203093436,0.677580049712673,0.552518684695762,0.492110126055171,0.492110126055171,0.510777191296426,0.533717391191738,0.534020585638587,0.564049390278359,0.592055123260633,0.599046416653913,0.599368558666812,0.607465914668171,0.616218699055339,0.616381281421038,0.613012025728973,0.703791032270393,0.74030898862284,0.740226710426315,0.7769359957257,0.82691825862846,0.826711109113762,0.848905617392852,0.869083830484771,0.868914060743421,0.885992919108723,0.899359313793352,0.898654705936561,0.898654705936561,0.900469730240266,0.90452314181904,0.907379896068919,0.909723656082729,0.911985392982058,0.906144615192492,0.904868938855537,0.90700588786142,0.916629547569492,0.915832595500208,NaN,NaN,NaN,NaN,NaN,NaN,NaN,0.474911151362821,0.485244072267551,0.483084599661507,0.500209625548857,0.539203726223991,0.540130439641299,0.587370109747144,0.59737951054276,0.608077349423777,0.607662140206419,0.609464508056443,0.611169261476912,0.60947204771981,0.622696052647765,0.623654029019603,0.64818309485078,0.64818309485078,0.66248101321522,0.663197228561204,0.663089651320284,0.659546686316017
5,134,1.24171580656303,1.24038852147696,1.21804223004678,1.22344303362517,1.23793356048092,1.23711211007373,1.11663451859394,1.08605286984643,0.86425485853883,0.714587486055651,0.710270948789523,0.710270948789523,0.790739825859942,0.890896091554045,0.892924755905324,0.928291787981379,0.96883932853116,0.962993666221136,0.964607651066534,0.95663090030463,0.959171620543397,0.959085780033224,0.989067108660872,0.97469155399901,1.01380620350311,1.01317054322717,1.12845039693182,1.19440389892894,1.18554954062283,1.20288685555961,1.19466812792635,1.19466812792635,1.16825502787645,1.1467625332714,1.15900992462217,1.16559903405688,1.14366527205601,1.13260718558492,1.12573678307201,1.12014634762445,1.12943274021921,1.12740473263643,1.15329643823827,1.15167455129766,1.14712959919565,1.14712959919565,1.14628790363021,0.834123881184895,0.830040956739228,0.891062957414225,0.854201568599828,0.862637355640131,0.671591348349551,0.579278098817588,0.531376893871537,0.530848177341014,0.537208569689436,0.570625807358967,0.570913015920797,0.63518604075249,0.643042195223822,0.651581280581247,0.651581280581247,0.660296917911553,0.710520670080819,0.710206199798186,0.732981193197963,0.726293178035021,0.715783755522473,0.733771530874333,0.768612180820925,0.765435660873925,0.802740298598473,0.816338803935703,0.804591070821221,0.804591070821221,0.799917243697432,0.789617857170249,0.789783859480593,0.774716084399032,0.778768256095277,0.76514131939727,0.766490485006861,0.752960990427312,0.749243394262071,0.749243394262071,0.745488621240629,0.743233599611384,0.782253827239285,0.781355265831303,0.864300719210225,0.923293645273485,0.906895935482044,0.860423658836624,0.763336801245474,0.762819017960371,0.770985322933541,0.739568762370065,0.716857471215223,0.716857471215223,0.716096693517514,0.694520102605654,0.69384659730266,0.685378967309964,0.689369750476004,0.681088463320007,0.68273668432257,0.694009399319179,0.698285653161124,0.698405441743917,0.704825693780277,0.705325767707662,0.706478509687895,0.729212556577456,0.889770076958716,0.889677918680396,1.12946471980566,1.22698099152928,1.31430389062361
5,135,0.977630121963427,0.970128998601719,0.971827126815505,0.969109066677418,0.968965471907947,0.964077897370544,0.973699202526127,0.972044826539232,0.990801602871067,0.998524388642528,0.994678774509573,1.01697567114109,1.03324686871201,1.05725758893706,1.05973916206455,1.06899276666118,1.02837020199599,1.02872723416413,0.955203027898901,0.798211349685449,0.650480701109604,0.586069981643538,0.474460807492862,0.431296021717347,0.431033403485168,0.432791575160508,0.466068247046558,0.46590262472466,0.48898217804291,0.500855830561221,0.508313334176033,0.506432132591144,0.510543163604468,0.515111690283569,0.510601339125776,0.499166925020256,0.502133520020567,0.500757383737035,0.500757383737035,0.506684393987029,0.510536722813846,0.507249012884194,0.515181782628623,0.513871175342083,0.512649470405726,0.517841691196241,0.508645458827308,0.508645458827308,0.504997550169776,0.504757575990028,0.507988629469161,0.505962594906458,0.501744068711925,0.502387520351648,0.502387520351648,0.509359786611441,0.502999796186337,0.508241842405811,0.508241842405811,0.512552057886641,0.534005695946405,0.533347404139136,0.620995474089417,0.756701217771591,0.767838814549121,0.768771223539784,0.811642335093682,0.86174462675677,0.861877479999643,0.959162677037456,0.999684850505978,0.999684850505978,1.00035872925372,1.00113283540798,0.999793449851601,0.999793449851601,0.997182191171155,0.97891034701399,0.977987013955651,0.966514981688904,0.973142647306215,0.971158342789769,0.91690558766761,NaN,NaN,NaN,NaN,NaN,NaN,NaN,0.484891962198495,0.48492748092539,0.513387547135435,0.542864433522765,0.535738682565301,0.535611233231995,0.537790398452204,0.528161211481829,0.526280909837094,0.510155406261684,0.514294989662408,0.521970498679807,0.522244695684841,0.529304684762491,0.532149043043635,0.52069742700432,0.514002917545747,0.524882097422776,0.526383895059213,0.542324575521644,0.542465786708223,0.552446183020731,0.546908792308785,0.566283647926438,0.55730917292422,0.557195060864907,0.554157411609615,0.55769818822897,0.550614698536706
5,136,0.746189406227008,0.734871347729695,0.775615014443524,0.818741613817665,0.816869986801693,0.852734500477752,0.895983008549501,0.917872062408852,0.901687451042979,0.993506927204744,1.11560901324081,1.11560901324081,1.19640384656457,1.19508765447435,1.19379380686018,1.19267674625491,1.18688467382056,1.17605384349765,1.17381008334274,1.17913632825838,1.17676907304575,1.17819855813492,1.25531661024232,1.6994907213749,1.79135219038769,1.79257324526371,1.81804627014232,1.91203448027058,1.9129855402443,2.0096719539319,2.01980746616156,2.03182041995723,2.03182063521604,2.01078759764332,2.00625770821052,2.00570859734018,1.97949897855949,1.9885225107599,1.9652363649273,1.94015788938026,1.95119682888284,1.95502736179724,1.95346457871648,1.95995423649805,1.93750483713339,1.94245775128033,1.94875489305739,1.97203837804484,1.97644282908699,1.94895190568554,NaN,NaN,NaN,NaN,NaN,NaN,0.678125048647487,0.619388412346509,0.619888601047556,0.699825971311134,0.729569983901836,0.78294252150027,0.78294252150027,0.822770881270422,0.811225449944058,0.811225449944058,0.820422592055187,0.832368418769809,0.82609661525621,0.826226002511406,0.837380785312257,0.865260877232287,0.857012316119005,0.887765983923325,0.883252544987006,0.888394782395997,0.884959021036973,0.893801680378424,0.885980925587245,0.887070648708702,0.909673674025744,0.919893424021221,0.922634519968507,0.922610014150745,0.951981736467155,0.943336327810975,0.969023539718586,0.935326760518832,0.901629981319078,0.902112715605193,0.964206099974569,1.00559620500677,1.00569070204102,1.02069696047747,0.989869452234323,1.03525887981624,1.02638883760924,1.0308766401113,1.11679683333498,1.12014562571285,1.09943248311301,1.09004632098023,1.0904342909039,1.07840710073919,1.12211566979221,1.14313997353877,1.14572491944981,1.2239340863231,1.02849018387728,1.02831105619874,0.830787691690431,0.816695220009015,0.799583121594188,0.689546725286376,0.742316230996196,0.792343190076357,0.791266936852965,0.798446710037535,0.800706457084287
5,137,1.38608096103341,1.2256658372757,1.10669734013345,1.10636549685799,0.955991126109294,0.843800842296185,0.843014277346907,0.86645187884686,0.937115981529553,0.937115981529553,0.982899915372042,0.973082944789591,0.974418778568923,0.993027849554379,0.992990841561719,0.996545242531177,0.974316936580367,0.956218823879809,0.948198944203093,0.951997188427675,0.930590244553722,0.938839237105288,1.11760101135876,1.11714640412085,1.16513697959813,1.07417954677996,1.07266485756962,0.939422296002633,0.988154745747768,0.964933726617615,0.964515074404088,0.972090182863883,1.00053674385661,1.00138500928941,0.964465914206123,0.959113164528002,0.972133343324093,0.971026737804611,0.961340439033964,0.975427008539603,0.972764075860876,0.943954796061377,NaN,NaN,NaN,NaN,NaN,NaN,1.17650635497591,1.48647806732147,1.46556436386682,1.56178544660005,1.62713061556985,1.60461112776805,1.6067278051227,1.60551243507683,1.69558057074869,1.65766202239127,1.70071455728029,1.72433791895189,1.72433791895189,1.70530992406715,1.70608420294423,1.73607158392029,1.73606914051314,1.74413714649467,1.7580243574843,1.75710432876158,1.76424846648516,1.84773174534629,1.82417223482247,1.9180280696121,2.16332484886928,2.32113469273211,2.33927069987016,2.47490626134031,2.56951126865048,2.57134355323503,2.64328204309648,2.71247139435701,2.71671896866397,2.78305058210039,2.7902356922548,2.79698170489477,2.79255227012267,2.83627769093615,2.84204924982001,2.83019783446587,2.88876926102427,NaN,NaN,NaN,NaN,NaN,NaN,NaN,NaN,NaN,NaN,0.914038039818388,0.912784963103445,1.04414459823646,1.05763351750496,1.08550794028411,1.08599761762165,1.07148413227108,1.06950885894489,1.07479022180942,1.08432186526528,1.08365054369644,1.09467305199642,1.1130433598327,1.07017014008679,1.06680322535857,1.06687538369949,1.06845081734162,1.10074121737037,1.09266031605243,1.2465521134097
5,138,0.911676038428456,0.91829078788855,0.918479566234663,0.918493235924284,0.933635825288344,0.944806032093801,0.962339696550194,0.96231639852317,0.961787611338997,0.974012850420148,0.967243717669419,0.988382706181911,1.01698926184733,1.02023159186334,1.06947064711739,1.08557807652764,1.1348405547913,1.13601543290409,1.17540996840696,1.19663809984104,1.19663809984104,1.19333350722535,1.13996821080873,0.782857474148597,0.782792009448677,0.747778979951747,0.747970060289885,0.747970060289885,0.802812513054276,0.805460320234896,0.806213858841318,0.839090943839336,0.857340439809874,0.861151123084824,0.861151123084824,0.862664394748819,0.851706206930442,0.852401197173271,0.867704542629655,0.864399734506347,0.863819876300652,0.864852279446759,0.871444333558146,0.884690048207094,0.884690048207094,0.889520961704044,0.892155879267079,0.892155879267079,0.739989353387952,0.690975935359113,0.673143446493746,0.5775608398959,0.46062732175795,0.504467420086983,0.497304015001705,0.510133036826723,0.502274984878574,0.4977597136713,0.50880188791649,0.497245358826581,0.506195981691394,0.504530007000301,0.535046652691728,0.551787624229846,0.547327783728408,0.547954483414031,0.556707972556525,0.571241526420022,0.572054427043398,0.579897143981033,0.588764330942975,0.59205502912543,0.637173997981743,0.652392679772852,0.652396784651,0.658697847585818,0.663327224295072,0.665071259775521,0.67142582332775,0.690432714637224,0.627739788482487,0.623798263733744,0.503469777951171,0.389626064387713,0.382239460836511,0.379197539982054,0.375598859996363,0.427055946319264,0.418732691818936,0.462231063798233,0.466371038033402,0.460497294160746,0.450379528493427,0.452614983072857,0.455603733240855,0.453658246869808,0.459012249264082,0.491752341272034,0.490745869521193,0.542331829637095,0.552889215813665,0.551108632561559,0.560808231636463,0.600935810769535,0.633236951274272,0.633240831573244,0.626473088611433,0.629321424257897,0.629910315386874,0.635310763466728,0.632589755414261,0.632044589817863,0.65342042667645,0.672258353349939,0.671463647645738,0.684681552737164,0.695612541770019,0.712756787387124,0.713356497163781
5,139,0.944410826187201,0.947691327344092,0.949034820357788,0.955641876508284,0.963620299266063,0.971350744929311,0.970891770816584,0.989667735779694,1.01716537354894,1.0162824945706,1.02903801995902,1.02805305857726,1.03282333706751,1.03048269384733,1.03663576280438,1.03302846579102,1.03364878251013,1.01605798678015,1.03447462335466,1.03691900371515,0.986615716007669,0.898849062806205,0.896874985318495,0.894732348127487,0.909150328335582,0.930355800721519,0.929991060369109,0.94872210492932,0.973953852420639,0.977351995447353,0.976744880006661,0.969847404551217,0.963118835707105,0.94800821806027,0.93764823144499,0.937353353234841,0.937161885227837,0.933966821804134,0.929877293906698,0.919620147666869,0.917070440291209,0.919296839598899,0.926125814769906,0.918322433206876,0.921863347600898,0.932632226405684,0.931904090766743,0.926615714692983,0.919570634502019,0.925482889128714,0.925114417823278,0.917984571517911,0.933794900087961,0.933229999875227,0.95178668417938,0.968441379938785,0.968420747351365,0.984693699888663,0.986286881608535,1.00874485351818,1.00874485351818,0.939859320134456,0.79280727802231,0.795094576747227,0.742728819664902,0.637449331283644,0.636622263876908,0.470751115729229,0.443161649321322,0.463352764610795,0.462920186997005,0.516323316255583,0.53670400901201,0.537192262007079,0.540062255888384,0.547258701965341,0.547258701965341,0.547590461392195,0.554459083101981,0.550217503456357,0.550217503456357,0.538073814558362,0.544833871155916,0.544315408089754,0.544064390539501,0.547694539038653,0.543988502190091,0.537666690477879,0.536704377388985,0.5484446939985,0.5484446939985,0.551661324857911,0.562053794224429,0.566515224959973,0.592910187982877,0.675037609454634,0.745387459552592,0.745326132455979,0.755676574224792,0.774209121655803,0.757866511458329,0.7888627823676,0.794070948282672,0.818247557610027,0.816544871323669,0.815372499945717,0.799955875348162,0.788714191016927,0.795282707437041,0.780424264452312,0.780424264452312,0.765501696653922,0.768996080419815,0.805772688515499,0.805772688515499,0.793471865425694,0.794683934333268,0.79442850079566,0.739483264436983
5,140,0.974858420812925,0.96665841032482,0.966909294825677,0.967355827697804,0.973604856265782,0.979687490093494,0.973825013945968,0.961405335085706,0.969650630031852,0.969650630031852,0.964556527624443,0.986274598392665,1.02764032828987,1.02571035003471,1.05385907900721,1.09070446924761,1.09183929547604,1.05642094007565,0.999388502735927,0.994960008487151,0.94976005359846,0.933012306755887,0.985038690239572,0.985028046968848,1.03050080029895,1.0729492687406,1.07095889759525,1.10324575901525,1.14177276660755,1.15646871851408,1.15533706380921,1.20207060554738,1.21388949801739,1.20788087689805,1.20829439120812,1.22104183196092,1.22130264298351,1.23151329265456,1.234174995464,1.24110352666986,1.24312928034456,1.24211969692454,1.23941474716738,1.23147255460465,1.23246311123859,1.22579908761616,1.22474553925571,1.20130293753816,NaN,NaN,NaN,NaN,NaN,NaN,NaN,NaN,0.460696973564168,0.460696973564168,0.519418969998688,0.529860364544336,0.530098882099517,0.54779728516599,0.587103856985505,0.586605823555533,0.575058892624267,0.575364199806379,0.567152834142546,0.56658322456847,0.56207451028244,0.567080984322239,0.565343416811321,0.576133307438799,0.579362314852992,0.578770174854112,0.599735682209013,0.601212235705534,0.638367004098462,0.640666104608698,0.658007879276693,0.686602087404444,0.682969495987329,0.685466886000956,0.498233055171388,0.498230520087692,0.377828577953371,0.331515449779098,0.398102486938439,0.398852165059689,0.420777173560817,0.440089144449045,0.440448445926108,0.445338532899101,0.445464731163454,0.432726636494028,0.43261680317062,0.423125279818838,0.429715245792702,0.429913774561609,0.428713852872443,0.431235106580195,0.432272923325047,0.434334765086297,0.433357252714971,0.426487096903012,0.424384653469059,0.43275170171383,0.431884324955547,0.425070010615004,0.429207307202146,0.452237333296982,0.451877962082613,0.484445061618247,0.465650459328583,0.313178243441004,0.313535430952737,0.342084985996612,0.39196243503425,0.391661464040279,0.484466496413234
6,121,0.973506544042712,0.974925729761401,0.972933735842864,0.986641766633492,1.01705723857072,1.01665611820465,1.0306377576606,1.03510951603653,1.03386121643805,1.02178035588222,1.00962949177787,1.00609761720479,1.00707497422394,0.994701475433641,0.986151639946255,0.984525927741082,0.979447808849656,0.981253671724255,0.98800741402526,1.00892128092059,1.01564949126569,0.987306994407654,0.986828080125971,1.00821405270878,0.999161888599157,0.99564146434475,1.02185504372153,1.04901780993237,1.05268942364993,1.05312910182904,1.04604863487622,1.03624445160567,1.03733349258107,1.01411704872193,1.00720838770372,1.00447065813667,1.00461150557788,1.00279986893485,0.994292203403374,0.995529133270723,0.987272278050792,0.979531646157055,0.980096837303678,0.986067269986385,0.982159321546715,0.982764663483232,0.982836916973982,1.00904535435654,1.01584406748333,1.01535211088615,1.00070808439674,1.01785488847009,1.01725831934579,1.02651778497135,0.992018464735081,0.917893562901435,0.91504379855022,0.898760146627768,0.939972613474062,0.938533029347668,1.03738042768316,1.07038755219928,1.07244380256374,1.0743702718599,1.08691853798339,1.09293669851735,1.09343678016587,1.10340037374556,1.10856513787675,1.1112193847718,1.09286105600487,1.08157115864369,1.08157115864369,1.07349603563656,1.08237188421942,1.07836375695861,1.07601833240163,1.08277640668834,1.08174109496976,1.08174109496976,1.07649208042089,1.07822802674254,1.08338515142382,1.08784774684723,1.05944538562514,0.96945007891098,0.969864099864679,0.991636973714933,1.01299729608495,1.01338570750929,1.01741652643007,1.02560081910187,1.01384198916061,1.01286054168156,0.98930154968876,0.979548880777039,0.973548582085524,0.965231119360518,0.974640460768797,0.964214834828771,0.964214834828771,0.96258389208463,0.975632899165233,0.975098979803466,1.00956670338356,1.01546698395782,1.01386346955175,1.0506932292592,1.08033930346251,1.10478204921741,1.10835073250304,1.12166052809231,1.10746366813852,1.11133581865195,1.09929488235035,1.07824352352271,1.07095891908949,1.06385798566594,1.06901333025404
6,122,1.0535505951769,1.0408220838763,1.04113883322895,1.01966137101178,1.01494967207975,1.00771744719315,1.00071359000921,1.0016155447691,0.995024224268785,1.0003595943358,0.988189745655935,0.981633493514862,0.985756070755512,0.978032840130876,0.974044548691443,0.97922025452244,0.9700023620117,0.96897450438392,0.99859322438357,0.99859322438357,1.03237596259411,1.04276363002602,1.04454358110512,1.05614647422862,1.06088480851548,1.05075377116136,1.05128548111858,1.03849908936414,1.02141892509827,1.02187734400947,1.01484674684157,1.00891646013845,1.00891646013845,1.00151149236834,0.99849988414555,0.983854171612449,0.984002191662028,0.978108208972667,0.974976838288062,0.976581721558307,0.975894868930432,0.998594286096812,0.995578526543406,1.01314238266241,1.00928921512849,0.994055667500996,0.994888236249366,0.964210483711393,0.996019203404628,0.996306814093424,0.983308253789454,0.978438313653476,0.975040615357893,0.980922266535786,0.973419151038293,0.966120079631067,0.959115676617619,0.956413459265256,0.947063811151566,0.94232356412838,0.936730277110367,0.938403376584587,0.928965689145605,0.929292730625117,0.927841732749065,0.940489077579865,0.940725817841984,0.941982695599727,0.953113303520315,0.948989913844276,0.95533491003743,0.946659943811224,0.943989306959503,0.94254107338235,0.938430356554616,0.934116448201992,0.934558421474281,0.932272740326971,0.939685602410465,0.941373943488802,0.942972944251249,0.959449954089144,0.956486480836081,0.953935291354367,0.959887132753301,0.974009184693717,0.974009184693717,0.992815464875071,1.03976198729508,1.09150202026304,1.0876306718413,1.19730568012899,1.28566958577985,1.29063185895187,1.38765809192069,1.47812268971235,1.56080529376895,1.56080529376895,1.58235788995931,1.59756364699722,1.59658800757062,1.62764654636312,1.61951369167181,1.61858425584913,1.5964789943005,1.53999979668861,1.55637500798592,1.55637500798592,1.45489341702113,1.49983083352856,1.49755660545129,1.50430825918956,1.51222813973796,1.51127920835376,1.50653385881226,1.48835182053024,1.47524323529247,1.47524323529247,1.45341962984337
6,123,1.02268922614952,1.03050127741837,1.02265007394736,1.0178751495395,1.01728056185803,1.00235664434058,1.00108581524772,0.991826870515415,0.992757102352362,0.992129218862782,0.988392598884121,0.986770613436543,0.989582733570118,0.989190967619242,0.989631102548183,0.98737522653989,0.99252623824074,0.991210067362097,0.994168511567424,0.994680161678642,0.996044854045642,0.994263614891665,0.968486878454704,0.977537139767045,0.986196351396794,0.983351955564223,1.01496498796282,1.04649475694214,1.0456439916849,1.06100334012674,1.06060765490651,1.04591985613093,1.04379107739951,1.03274925181302,1.02478525601838,1.02495010749064,1.0147158203252,1.0067116342527,1.0067116342527,1.00115152482096,0.999594758408223,0.999742510967627,0.995666577759557,0.993405725266501,0.988807331078941,0.985840586010536,0.979385274537326,0.982104366898636,0.983057683674255,0.992600443322173,0.993704775061823,0.985828279538761,0.985828279538761,0.985764290654973,0.985887008908869,0.986543905873926,0.984757896596205,0.987454441344182,0.982002267540856,0.982566715773768,0.977854492485729,0.978783570969841,0.978350004323735,0.984382467282176,0.982347878974429,0.990810040915587,0.996244291470152,1.00322029224255,0.992790835768818,0.99250315281671,0.995629313213735,0.990571146371167,0.990135909010807,0.992801338662586,0.995210510868171,0.994591172998603,0.988881831128225,0.983848344260548,0.979870798357865,0.979874248957903,0.990422232055938,1.01571492511231,1.01540410404151,1.04997501073373,1.07602900315559,1.07426737480792,1.08739341091162,1.08031653085289,1.07826675004867,1.07843739934904,1.06510528997016,1.06489728937537,1.06252397331101,1.05946328557852,1.03290897626448,1.02158225084872,1.02049000322393,1.01542957489406,1.01743694812345,1.01183815711787,1.05739603052749,1.0608286396287,1.06287399489591,1.08094183237142,1.1073132395685,1.11439655228315,1.11526373736395,1.11734235881263,1.10669694015841,1.10745235324816,1.09378637078931,1.08576455288906,1.08556900763248,1.07652820412239,1.07280992156699,1.06522303949557,1.06321853049042,1.05810934570864,1.05335060876877
6,124,0.99911280836754,0.999359332124405,0.991073585792873,0.98561262319657,0.985924018837029,0.992676407858762,0.998140286238781,1.00528631180639,1.00326853362735,1.00854620615986,1.00226191895494,1.00130336986016,1.0055068556404,1.00410243348615,0.994282677277596,0.994282677277596,1.00357412765125,1.01325405733048,1.01243176851186,1.0197068574968,1.01676335580766,0.99714494399118,0.996325389276716,0.996973212189769,1.00492914771447,1.00467846417338,1.0262713978314,1.05042101262545,1.05199013101804,1.06035354267916,1.05883676913995,1.04601629450065,1.04601629450065,1.035180123422,1.0245849080761,1.02437337160481,1.02335513927578,1.01872290273776,1.01862081963177,1.01036792247827,1.01577682988584,1.01292355453511,1.01391507973562,1.00799293328737,1.003327748813,1.00245708003552,0.99922904024098,0.990258495393079,0.991387549050701,0.979136508333218,0.985643808810703,0.984156225893483,0.986523851051142,0.99356452324674,0.986729765783366,0.987775549927959,0.989830801571473,0.997344926346471,1.01075515067554,1.013469083819,1.01647753996478,1.01379337350941,1.01258001147112,0.99981037739815,0.948009782490072,0.943410602486324,0.850010789428157,0.762023027643957,0.774644274168818,0.77456884634514,0.822621378195069,0.870018396893957,0.869678794326201,0.908882428679404,0.943666104143176,0.942684410219449,0.945147146978162,0.938857274693081,0.936049224084099,0.935855095136423,0.928249260583466,0.917888543769148,0.916874100691558,0.911380197322842,0.91620180883424,0.922311434347252,0.919820061039424,0.921495718348632,0.92529560685257,0.927905675936878,0.923205589937847,0.91837616396882,0.91837616396882,0.920270763606422,0.931296684229816,0.936652948851167,0.936652948851167,0.94539738544388,0.929506359831851,0.929506359831851,0.933238163783034,0.936299396477012,0.937203609907878,0.928519751262293,0.945023474107988,0.951732663919818,0.951991119466699,0.949136757591249,0.993147393330092,0.993309597387436,1.02855213844313,1.01092805355476,1.01022352770008,1.02260044981418,1.05224146094482,1.04669850971521,1.04399468843458,1.0486686516321,1.06404610377545
6,125,0.987940136227834,0.991940348838893,0.987403902127405,0.989214404395324,0.992096778170738,0.989645185284758,0.992804041777311,1.00290381946696,1.00290381946696,0.996725252746066,0.993312834858435,0.993518957776314,0.989638399508688,0.992278623469867,1.01167923059591,1.0119875527066,1.02330203336644,1.02460240373318,1.02610227548232,1.01751825905923,1.0016314238591,1.00255140013396,0.971519059674802,0.96455653161235,0.973961879261766,0.974277402140208,1.00087198488599,1.01816806370396,1.01767219734694,1.01879517704586,1.01133991968599,1.01367255709403,0.99231175243934,0.98279593684568,0.974660665556208,0.974660665556208,0.972461912756943,0.96030291152774,0.961423615909119,0.956348271789368,0.955909098887664,0.957514564037564,0.95807747538738,0.958929979084453,0.948279859899093,0.948785263289769,0.945886690969258,0.947659320494805,0.948732207162225,0.947746278919397,0.945131943910034,0.930358436826506,0.934583624815692,0.935601920229557,0.942650760341158,0.942678351893816,0.950033336179429,0.947567620552052,0.955506047417918,0.956312561926439,0.969801238886698,0.972980336295754,0.971754914674406,0.968262639085385,0.987681341773394,0.987681341773394,0.988700020179073,0.987110444253367,0.986153058993632,0.972278438090247,0.96940230665636,0.96914034271951,0.967824104240249,0.966382172747693,0.958906287416128,0.958592226980634,0.957586409892713,0.947982927676698,0.951338075312452,0.956975182374692,0.956477686730958,0.94990450452446,0.962554932386741,0.967305481626121,0.970157761150147,0.970757607141692,0.976113219154005,0.97313301902927,0.972897222943786,0.973377150102245,0.96584531933475,0.951919615691798,0.951769722689574,0.939890844397218,0.954005224143935,0.980013074215867,0.984925562565532,0.998474538261485,1.00230758859295,1.00753738235831,0.997302982313243,0.993135886165654,0.993135886165654,0.984502411186515,0.973513686062079,0.975793623802536,0.971049258376313,0.966432199940496,0.966209152933804,0.966209152933804,0.965265040431462,0.970552780137895,0.9691525225848,0.968765605259734,0.975295249441819,0.985491095635582,0.984260106405594,0.996629646588651,0.998499592007101
6,126,0.964035836711716,0.96730621972214,0.973568650532196,0.97344646317327,0.984919292618317,0.986081313529402,0.985763147420371,0.991347907962388,0.981766603729436,0.977978259302307,0.984372176212405,1.01504666754881,1.0205738686096,1.0205738686096,1.01997748236922,1.03418311611487,1.03251007334176,1.03930820269977,1.04724084979243,1.05376812424365,1.05038594400284,1.04925096530829,1.04300858718022,1.04347434458242,1.03497523186849,1.04775966720513,1.05339146125733,1.05161283959938,1.03352157831427,0.980078916555827,0.979629302452125,0.982054343695406,0.967743637780999,0.967014925599277,0.799529401968998,0.783409639508528,0.807857850632117,0.806249080011806,0.762217660216401,NaN,NaN,NaN,NaN,NaN,NaN,NaN,NaN,NaN,NaN,NaN,NaN,NaN,0.837981289505583,0.833005773143714,0.895514355051818,0.920355044414903,0.949839824180708,0.949839824180708,0.974411485813406,0.97633761756257,0.976455760597847,0.974097642325958,0.969856835743367,0.963879506377202,0.963879506377202,0.970298127594073,0.969827887988796,0.969397377058855,0.957736621372869,0.949263235025849,0.956546726850164,0.955187015931769,0.95011920483118,0.939173346436601,0.937535831545793,0.94064450043231,0.950005203806091,0.948797882770085,0.961081552598082,0.969361427898524,0.969064393916627,0.978406238396547,NaN,NaN,NaN,NaN,NaN,NaN,0.895706244381161,0.908285373938172,0.955134788818803,0.955571350643354,0.96537171636021,0.985177426480017,0.985446583387813,0.916777169509483,0.850099126849509,0.765174759147913,0.765012818975219,0.766664620066116,0.751156066567849,0.750539540290697,0.748550930425365,0.746030785793099,0.7436546573604,0.734693318798833,0.738163208945421,0.736488927179642,0.736488927179642,0.740674145702016,0.737155938189228,0.737562707514072,0.754408607122002,0.753418356609922,0.754049010524565,0.747676240591462,0.747289906247105,0.742378854641218,0.742828459110791
6,127,1.0174390474407,1.01075801915106,1.01075801915106,1.00961615381202,1.00878117529522,1.0068785707075,1.00531609882924,1.00217258072687,0.992594066848036,0.992899964423216,0.992942827284645,0.990432651327553,0.991570705896593,0.990663328796488,0.97647058124378,0.983919768395264,0.983168274949188,0.983505460323033,1.05011270539854,1.05003343231776,1.06822640350216,1.06624830888253,1.06041653506722,1.06021304177616,1.04627686123528,1.02876089057418,1.02952326816016,1.03046776641891,1.02373106437402,1.02738528666318,1.02042047951126,1.00944346444736,1.00944998897402,1.00382033573002,0.997589627951109,0.989355463835247,0.989520601039735,0.987235161407433,0.979877688883318,0.979945502739341,0.971075295669053,0.96706401540871,0.937150053362783,0.937239854300648,0.827744465433466,0.795983245589677,0.794819390298609,0.765284234016746,0.773193900492072,0.759722649656882,0.758085338022141,0.766042709383056,0.759438037366589,0.76018327476366,0.768659940078166,0.778343770512996,0.779031616978358,0.77939981311731,0.788563236190574,0.793381270189889,0.793381270189889,0.799732280004765,0.801004861447979,0.801995059988251,0.805896839788323,0.80833124682222,0.812479173852544,0.813938990185602,0.805597583484235,0.811578034375484,0.810538796991479,0.804371777341904,0.799561491037915,0.803151773631502,0.810217987306291,0.823162183885136,0.826381483322106,0.816816221150413,0.790958060549039,0.822639067776251,0.822419816044534,0.83657775337656,0.837317169957341,0.836218579538066,0.833745963789961,0.825921595371734,0.818206896349182,0.818423389010191,0.811503872537324,0.8109429386742,0.81511788469877,0.81080811535527,0.810352084994642,0.805064831840319,0.804623160932696,0.802561876010864,0.805123245707881,0.804656270933765,0.806433699680662,0.81954214628073,0.811618844703022,0.81114240739238,0.818347740209715,0.818783693828051,0.810276605367882,0.803307538283599,0.810398429411563,0.810398429411563,0.82116440374394,0.829878887262088,0.831935461167386,0.839211565765514,0.837193287878566,0.838149878643907,0.836010583896799,0.84134035023146,0.839348073479041,0.837630925847007,0.832983858137059
6,128,1.00574484592347,1.00676562333625,1.00174485827966,0.995845719428645,0.996231415989147,0.994709662710873,1.0015559131878,1.00138950310005,1.0008356358767,0.995877973988687,0.995202301222306,0.998503378690179,0.992852298826643,0.99147057150482,0.997046291285524,0.996669503619886,1.00687344456741,1.01071124035762,1.00996981810434,1.01003559881767,1.00574521213569,0.994017231354379,0.994017231354379,0.992228203888506,0.992137459381939,0.993185278286995,1.0044609728538,1.01854515317719,1.01816924733134,1.01847138940789,1.01538878122007,1.01370362583506,1.01431065306911,1.00782729363766,1.00161964318123,0.995570303421035,0.990220350652402,0.980316739150882,0.995929945778298,0.995929945778298,0.975440067083335,0.968365539800725,0.970322225856078,0.998055762433837,1.02121846319083,1.01994002099465,1.01854962867232,1.00783786087251,1.00091035074446,1.0039805553686,0.988488024240765,0.983441913068169,0.9904432917439,0.977210509821304,0.967706845846456,0.967841871853205,0.964657466111925,0.970369959045593,0.967695804613853,0.967331893831104,1.02756902483628,1.01125683733468,1.01350831835374,0.9937945699944,1.01318987397907,1.0312661333089,1.03094925148062,1.02817263298395,1.01771183500127,1.01714162504994,1.0085547360053,1.00395669431025,1.00395669431025,0.998639474179627,0.989718237366953,0.992261728775064,0.987897007870618,0.98196557948589,0.989774281467141,0.992892020116145,0.996204312318415,1.00494470542509,1.00680819643763,1.01237742076536,1.01624494740685,1.00861279590553,1.00890977571064,1.0041421484369,0.995074248649817,0.995839810654541,0.991344284574997,0.988302369209315,0.9777281374537,0.982593520807563,1.0063901140462,1.01021936981174,1.00874455739546,1.04793449379676,1.07388029780522,1.07449424831052,1.08848211722699,1.09051308336234,1.09254404949768,1.09347122519337,1.13074031412828,1.14251655130639,1.14268346763283,1.16370159705759,1.17066506256304,1.17477776544035,1.19443852251198,1.23841392640891,1.31095557193076,1.31095564588716,1.34964697290615,1.42291178156901,1.42603936504078,1.47706199947595,1.51230418729558
6,129,1.00471681559546,1.0005754411634,1.00081005483534,1.0006891670834,1.00120534938356,1.00191696322993,0.999519180182474,0.988292638144917,0.988307359007356,0.990015873269002,0.990741014960751,0.994140211171962,0.994586078504942,1.00202133759792,1.01077198294739,1.0109289415031,1.00594841425993,1.00751581271137,1.00729736444778,1.0087586276093,1.00006517127052,0.977173511703482,0.977173511703482,0.972674283765388,0.990814024799042,1.00889963569136,1.00885234438162,1.02999499839839,1.04027127289463,1.04062320476401,1.04336228019777,1.03229763811566,1.03292372253192,1.01860390601067,1.01548083732062,1.00603970456816,1.00844765839805,1.00518951302006,1.00276148519205,0.998311587810109,0.943935865356802,0.929272154711477,0.931698496078104,0.933197289798682,0.933998579063113,0.935407362669697,0.935804414669663,0.932954952248437,0.933688405385233,0.932158562285345,0.926622999907905,0.922851184142708,0.921972213430861,0.923255227759968,0.926050229177897,0.920734846222192,0.92686540466575,0.919391629418998,0.924428738069316,0.924428738069316,0.920016746032558,0.925457496073341,0.928474485633662,0.928474485633662,0.924737522313522,0.931805984658491,0.931665321874462,0.929430801023755,0.93068339352428,0.93117792455384,0.934620979257505,0.932714256121,0.938278172951438,0.93817883497194,0.937899878911022,0.942002497394929,0.940885297611106,0.961487047796724,1.00400866539971,1.00552127015734,1.03043120758922,1.04994067902841,1.06753491016956,1.07046611751213,1.07825069418075,1.07559010462936,1.0709806448052,1.05727301519577,1.04390052837253,1.03008353147781,1.03008353147781,1.02750455612296,1.01209323788983,1.01176806461084,1.00724747329031,1.00079509148688,1.00073110920354,1.00073110920354,0.99782206016755,1.0014836699895,1.00005361559334,0.998431049546833,0.996156357586273,0.998572748076234,0.99971282911557,1.00392442197113,0.99788736057904,0.994630408915216,0.992538141948596,0.989706762279066,0.98946984410815,0.995533349248723,1.00057138215613,0.999948016534902,1.00379996695196,1.00608550393668,1.00758232983375,1.00281483009592,0.996052852179673
6,130,1.02361139508971,1.01179968241113,1.01208648664251,1.0049907764021,1.0037044314609,1.00312198479588,0.99741185301826,0.99803993189038,0.995721012811022,0.996044705772341,0.984179821791968,0.998059860001173,0.997514518426522,0.997031701016711,1.01342650109086,1.01387586582051,0.99612470792704,0.948561754822664,1.00469300880832,1.00469300880832,1.00129946946665,0.991054835614331,0.99282093979913,1.00240877813383,1.01752676370476,1.01752676370476,1.03672524255411,1.05483535559174,1.05704697002089,1.05704697002089,1.04592296325851,1.04235575090623,1.04235575090623,1.02905559271477,1.02635528901016,1.01700292760063,1.01700292760063,1.0186670610448,1.01424574851805,1.01293304622075,1.00390161831929,0.999168809513627,0.998896771988152,1.00190859181647,1.00437218997472,1.01010649738837,1.01080780228344,1.00919799057544,1.00102161083727,1.00153899845543,0.997870190946378,0.956996137858227,0.95834263016562,0.886036025158235,0.817622235766903,0.752911080515583,0.753583939939868,0.82275302722186,0.848126898960303,0.848209946113545,0.923290575755891,0.951567013509096,0.969026739971461,0.969167359816937,0.994665168127139,0.995975911264431,0.996659547880131,1.00040902944236,0.992859063731344,0.994302908829055,0.99370375439362,0.98580056905219,0.978714339753132,0.978027697735209,0.982995700625744,0.982643903583092,0.983285544600721,0.980567676920597,0.978286679589611,0.980419911127531,0.955472460085061,0.941773830985666,0.954312446028163,0.956020131639427,0.963128926370048,0.964983066582738,0.970029125568284,0.968068506252318,0.964464461092633,0.964063566594254,0.964227166732409,0.958110618554718,0.956383421657884,0.956868324700353,0.953009702101544,0.947360445786807,0.952091509834591,0.951964253071645,0.95385781921928,0.954776127096637,0.957358768305869,0.944764217504449,0.947304816823051,0.94890445844306,0.95219269841707,0.958703699722903,0.965082848793839,0.968773688969299,0.968276130897699,0.966400909265223,0.966400909265223,0.969254349705349,0.968023792530965,0.968158477950824,0.960787453673094,0.953188161958193,0.953006485554377,0.94791477808326,0.969194590383536
6,131,0.995953766415159,1.00381687992137,1.00365699644602,1.01089771715527,1.01759649815026,1.01331991380477,1.01331991380477,1.01161670175855,1.00427834828982,1.00427122229789,0.997976484134137,0.995084224527365,0.993868999456075,0.989007114905294,0.987499504514391,0.989589034736528,0.99185591455766,0.989205719665446,0.987185045459212,0.987625109752137,0.991559047445832,0.964886187372326,0.965329881138463,0.972482334316798,0.983160460948377,1.013554672173,1.01488736922848,1.03934190971572,1.05034153622238,1.04895782646968,1.04750372972534,1.03483118681412,1.01999469508654,1.02165807979252,1.01499956463103,1.0053490289647,1.00231480020785,0.994449242184929,0.98558380146919,0.98558380146919,0.981439641752231,0.983646427640843,0.976199504541171,0.976112423657141,0.979662492872734,0.965212734237812,0.967897169552781,0.753410650360762,0.726254185872608,0.72437257852941,0.750781452195863,0.784522246406287,0.787476523594506,0.792730956500226,0.791960444702248,0.798171946875213,0.798192692342114,0.802284866029409,0.803048740860133,0.807727970685276,0.807310331279463,0.802495788172329,0.812349189072124,0.811734989520464,0.791657756430802,0.761170203910872,0.768606094440055,0.707622758138845,0.693458604496582,0.694024530444471,0.694403174023917,0.715425024263654,0.706823513236263,0.706536113060233,0.720735683839952,0.717811138063662,0.715894662053373,0.716803004646729,0.71496481727792,0.714560635879597,0.715911928317933,0.711770010671,0.705104540605605,0.700943411450586,0.701496272859127,0.697169523493407,0.697169523493407,0.70072410109494,0.704243806428936,0.701911419167928,0.701911419167928,0.704282728220162,0.711760538635097,0.71222641861333,0.796668435175925,0.863762751590753,0.936287553368298,0.936034725513152,1.00617926592748,0.98174931039673,0.981865609018722,0.96840257729754,0.98460214343785,0.981211330468001,0.99290619076941,0.967099937910962,0.946402328752815,0.95732542009129,0.935816534876862,0.915426386378217,0.920032460415301,0.886640065795083,0.879486955810161,0.871125250086248,0.871128755852831,0.862837009271477,0.854063950383895,0.854037361753753,0.845394318097059
6,132,1.00250972077596,0.994979149614773,1.01928764142694,1.01928764142694,1.0214168144251,1.01578112508816,1.02399875526041,1.01388005998483,1.00151353088459,1.00153605970838,1.00153605970838,0.983954837286093,0.989155640744072,0.989155640744072,0.988627993427053,0.990838837201891,0.987067656339766,0.979607228423632,0.975865607528959,0.986502996246646,0.986502996246646,0.995026107485968,1.00819610548841,1.00780212498082,0.992442168234102,1.02032593694754,1.01917611483982,1.05683960557509,1.09048564064771,1.09460112450288,1.09474256804971,1.08064785559908,1.05710942691276,1.05789066324174,1.03716110269437,0.970272498918506,0.967068382633432,0.94133265768871,0.935643983203069,0.928839289475791,0.928910304335127,0.919526457032946,0.920940857559189,0.920959942598807,0.924666992370766,0.921701825869553,0.913664420321174,0.913006904460225,0.860084443446161,0.807161982432096,0.754239521418032,0.701317060403967,0.773511390787566,0.770461008427865,0.811447414528231,0.851063824999314,0.862706772518012,0.864686823584219,0.87068707448344,0.864031757401917,0.862317324454878,0.859419044959828,0.861610262930424,0.864299061429974,0.861635647135729,0.861142006273529,0.861089701832749,0.859836105462431,0.850728494496485,0.853430073127065,0.852050606601139,0.875476420552817,0.880706268260562,0.891097144672721,0.891869102614707,0.895464324120976,0.901619474682166,0.895832048927955,0.900264366777634,0.901678724778452,0.896079081149269,0.898190151653369,0.897746625034293,0.935826354501112,0.933998775917249,0.990517441899708,1.05125651726786,1.05200999379763,1.10594910671882,1.13828096387246,1.15717086835515,1.15567852387541,1.15896294485368,1.12979408909772,1.1280026238281,1.11489412819114,1.09606372761829,1.08825212727523,1.08934730520049,1.06810286364581,1.06914560111525,1.06891293833229,1.04982909519894,1.07720521550757,1.07588445431969,1.08232026753356,1.08758011583469,1.08758011583469,1.10374854994845,1.1080018502714,1.10798614972507,1.1101583493932,1.10539573522406,1.09410037200808,1.08963249763154,1.08618058204987,1.07729397180331,1.0699901575629,1.0699901575629
6,133,1.04586827694841,1.04637315967321,1.03106701613017,1.01502740269281,1.00636711150318,1.00918477173055,1.00608381959458,0.999283105812473,0.999438584532904,0.989378415346437,0.986129839858705,0.983798015305794,0.984299231803684,0.982264711229035,0.981039228219795,0.980228867836958,0.984223312342124,0.984951432093488,0.984993697345693,0.99468876552091,0.984769612508241,0.968007691693618,0.967118589650745,0.974784142988286,0.94545244023712,0.944771809092526,0.960475354816228,0.98240079832788,0.98545753376574,0.990759366091088,0.969323064636437,0.95748479190519,0.95748479190519,0.952337132378232,0.939613444143663,0.938674582212015,0.935979307659197,0.931537721289871,0.921751892044106,0.922139510327896,0.917074257578062,0.917934205111125,0.918412732610667,0.923372378707079,0.923804116032089,0.920160060494365,0.924200360098106,0.939480999210538,0.941657653686019,0.936515391996524,0.936654081675804,0.932238949337893,0.932372136954982,0.919391483595339,0.914622284240882,0.916167595716003,0.916477245223672,0.912040651008649,0.927550284477494,0.927868315995261,0.853885247289171,0.741745556819561,0.743280728088113,0.735054654309677,0.789750632739765,0.789179540672362,0.8274837800795,0.838698972134311,NaN,NaN,NaN,NaN,NaN,NaN,NaN,NaN,NaN,NaN,NaN,NaN,1.55695207483411,1.56762523469172,1.55590538358975,1.55526375791198,1.53675902625818,1.50475681491204,1.50565065963594,1.48038950403771,1.43991778244717,1.44054508969506,1.42702118338479,1.43435241884351,1.44110709049472,1.44811654232745,1.45530991064632,1.45471940382808,1.45529107834239,1.44114168857694,1.42169229818329,1.42803158635394,1.41651713932415,1.4091671117783,1.39930795731602,1.39677293939675,1.39390112556846,1.3837454127291,1.38518881575004,1.38563828700506,1.37766027241744,1.38023035288928,1.38585936139137,1.38469822776067,1.3807656769706,1.38452873042325,1.38184332899038,1.38569715793303,1.38406926157501,1.38324573802325,1.3936879032174
6,134,1.00743888180267,1.0028675151389,1.00132006255956,1.00327726758,1.00165113822837,1.00205180459207,1.00309598023787,0.99648818629004,0.997598171841469,0.997554068009068,0.996756545700159,0.999214976229875,0.995712025837195,0.99473633566352,1.00147328341412,1.00104870655634,1.00363202276906,0.995983160192706,0.998099867357005,1.01380118969117,1.01078717239529,0.999822494811854,1.01364723362733,1.0133020944174,1.01943033464589,1.03325127877566,1.03383499191342,1.05297391193697,1.05478426006013,1.05395934715927,1.05230107135314,1.03487677482078,1.0210352134566,1.02753402717959,1.02135597359573,1.01781649583793,1.01765702866025,1.01669473394383,1.01506142621543,1.00844751864831,1.00594061053388,1.00467154701652,1.00267959997407,1.00561288084065,0.996982480085441,0.981262779063785,0.981035778712039,0.982615214130354,0.94647315876719,0.947708784480787,0.94680421799966,0.977109583672249,0.98977812692785,0.991348203629946,0.986255078740597,0.975357010031094,0.974937701017999,0.974937701017999,0.965920429661548,0.974903860915292,0.973810559018156,0.969230801561743,0.96952608889612,0.968574208650326,0.963868683591293,0.957027916317047,0.963873619400884,0.963915427304778,0.970147518080729,0.98294343994499,0.98359062789168,0.998324812816882,0.996811713144768,0.996300889395036,0.993237098048087,0.988665763643817,0.983711367409548,0.983156088305583,0.985326320797497,0.975374230274312,0.976525440287954,0.97028608943016,0.974155720988765,0.968579463500306,0.970559027634699,0.972068010410832,0.979756389235375,0.979756389235375,0.972572688346892,0.980094719076005,0.980365952145454,0.98534790473389,0.991885937276662,0.987863469237686,0.98792078131369,0.98089294123091,0.980933501899378,0.977870371834407,0.972442824347034,0.971998996135957,0.971998996135957,0.973635818380482,0.967641781020637,0.967756708677536,0.967756708677536,0.960853061097529,0.958202951312369,0.958401509426584,0.963666007011066,0.968216793361199,0.975561902511991,0.982704011226285,0.974443526262277,0.97572435835543,0.976190718877942,0.965844504337835,0.963866164763943,0.9667289024362,0.96843330387914
6,135,0.973966299731701,0.978238393964838,0.97085283916463,0.9711807329791,0.977115352579103,0.976414707229821,0.977171129989177,0.974733140285647,0.974798463638491,0.99521722000441,0.996357739300588,1.01468902883062,1.0335012900355,1.03348247741962,1.03684876243715,1.02959950492824,1.02998718414653,1.03145709866184,1.024388634673,1.01930572168716,1.02075349431374,0.989576750101764,0.97683825116943,0.976177174655777,0.987869362920646,0.999983722631945,1.01611800334481,1.01335394685348,1.01769028099215,1.0191289612775,1.01747512031786,1.01718740451264,1.01317013334275,1.00564898015074,1.00314227616676,1.00098774030725,1.00447745106416,1.00485517306645,0.993181032880448,0.983475794995923,0.984007198839287,0.982021997215884,0.98195285684634,0.980661829056903,0.980149398415655,0.973520549164574,0.960952893398533,0.960597094800154,0.886773675619922,0.850337335562461,0.851990296095778,0.888957051727739,0.91514694289132,0.934523252984464,0.932303631749154,0.949205697155745,0.95924851368416,0.959963981846146,0.968870311322642,0.965004294506098,0.953033836328465,0.955372747794705,0.950009162443496,0.951609337533179,0.949538151568209,0.947772760911077,0.937064758307244,0.937942999908867,0.9342675824347,0.936737967760328,0.941428760880489,0.944302776381937,0.959212089620413,0.969376818014892,0.977223135123547,0.974090036090519,0.972691688009055,0.972716257546574,0.968723774669654,0.958394738263984,0.95432446486792,0.95443485065383,0.953324808005191,0.944316264372813,0.943665297682672,0.934576439173377,0.907495546187893,0.907495546187893,0.930460043084604,0.945524598606949,0.977884014442142,0.977692060639538,0.980997037834595,0.980426057837156,0.980659772859683,0.991945553669335,0.999761138385663,1.00259460282146,1.00250848629862,0.995611553732425,0.991311600453662,0.991405557194358,0.980837439867578,0.980974180796645,0.982166249990936,0.966951992946134,0.965665846370005,0.961648772835622,0.960902439719316,0.958249666641021,0.957302842416753,0.958083084166971,0.956042819323679,0.959765104096472,0.960245091916871,0.962021467063643,0.962496905300939,0.965789474836139,0.965716360382477
6,136,1.017996189455,1.01886417438687,1.02213913742556,1.01373183502012,1.01448295092481,1.01311032197662,1.00683167350421,1.00641528489252,1.00195857084891,1.00309313328514,0.997501162506916,0.997501162506916,0.989002113670673,0.984355073575664,0.985162082210996,0.981408697465086,0.980419283189982,0.982996704977887,0.983030448176105,0.980703458485622,0.981247981326311,0.98094982496863,0.969462639007991,0.960191277738792,0.962192752862309,0.97252429920965,0.997974575637076,1.01334476070888,1.01268891414721,1.01441448404171,1.01885474041058,1.01800588675865,1.00931641203686,1.00300216113192,0.994322184172291,0.99147623926126,0.988216151748053,0.98514975795904,0.982687402923036,0.980559839319382,0.978111201364862,0.973219390968864,0.970979959006462,0.95915256679561,0.969400219093658,0.969400219093658,0.95307751046315,0.953544174289437,0.954137044638808,0.953720220246211,0.955909970682743,0.95657605797278,0.949449379285809,0.951147564227175,0.953835004544396,0.953835004544396,0.960884659588576,0.957800531200306,0.957511692438382,0.954774430690054,0.954525587350979,0.952385245251675,0.952025551746909,0.952511494767878,0.955499035006578,0.956620687440968,0.958956002430474,0.952393776990376,0.953960599572536,0.96518341571888,0.962844923938674,0.973941394761053,0.974048866847276,0.998855785898522,0.998340964336097,0.998321758088311,1.00198338451256,0.996654435617063,0.995700972444869,0.984809713612951,0.981326040165564,0.976567957117572,0.976376718839957,0.979860884003468,0.973502202340053,0.973063579501414,0.974799677724483,0.970644105742655,0.968758650966393,0.969336605148239,0.962859263405082,0.964336203646107,0.964421318100399,0.965873324489156,0.966479119116417,0.968073994643361,0.964072580442113,0.955695661300333,0.955149602123147,0.956760582189813,0.961029036220345,0.963912315361913,0.96403691888383,0.97503817627406,0.986136484908467,0.984973047668968,0.983807117186487,0.987153051806184,0.98214876176335,0.980118159500775,0.975928800348375,0.975092056713161,0.97703024488585,0.978530291766333,0.973343627176973,0.973783875683193,0.967868284831058,0.967112688264873,0.966364305389566
6,137,1.01808029586287,1.01384992673708,1.01241583075046,1.00778977851584,1.01446678156876,1.01446678156876,1.01006815445915,1.00317882582167,1.00552908766784,1.00646223087087,1.00215702223465,0.997776191423525,0.997823094144892,0.977652351686109,0.960966704643171,0.981100300549259,0.982076632864871,0.992654992753632,1.00148501587659,1.00148501587659,1.00532537674854,1.01334749270287,1.01485083676748,1.02172679478848,1.0186081632797,1.02974775646236,1.03287356831342,1.04978558291257,1.05292488727889,1.06019214463823,1.05812491168353,1.04857600577757,1.03260129400519,1.03260129400519,1.03482720815268,1.02691984625958,1.02651560387392,1.01852162113941,1.01317687276044,1.0127061340639,1.00657688884288,1.00229194582882,0.998179178638923,1.00250126685187,0.999673038126596,0.957191305000767,0.960478095896882,0.955181858441376,0.958834606299671,0.958822217346419,0.96037788706061,0.970752238893298,0.978165607497053,0.982714164733041,0.99009402542715,1.00004707179753,1.00169150152846,0.997814760685071,0.995278646930473,0.999711631595355,0.995515005748021,0.991508954028549,0.990865824110152,0.992248952566396,0.987850987541557,0.984277219771545,0.984277219771545,0.985835696105019,0.969892673428438,0.951777269733846,0.951559788647323,0.98113958396067,1.00883169142933,1.00800033630743,1.03267754225206,1.03807257831222,1.04121186313928,1.04831482070841,1.05196630680912,1.03585313428445,1.0359178265884,1.02784137057113,1.01507531528917,1.01511477879919,0.976382306452684,0.934120141650484,0.937761357048668,0.954120928989343,0.98219684469407,0.992036630109083,0.990999675393608,0.991810061109015,1.00335020864947,1.00332256968106,1.01648876979351,1.02580550425943,1.02917842316984,1.02907497691216,1.04025061122922,1.0364105740336,1.0358804294521,1.04685406559946,1.05344962538396,1.04902518339582,1.0492962498781,1.04611792063797,1.03666838230301,1.03753057334246,1.03020044530156,1.02588629653649,1.02541918369507,1.02049676336556,1.0214917642661,1.02031949463378,1.02036671149984,1.00672298635203,0.990426837040316,0.990053887395072,1.01304739509982
6,138,0.980063948520631,0.979182217611048,0.992629271593453,0.99257022994776,0.997809851269284,1.01155911442985,1.01729589742556,1.01729589742556,1.01453020876944,1.01149430880073,1.0108476693864,1.00483452663288,1.00344333807804,1.00243757190484,0.997482765646972,0.993954791306321,0.992522039744332,0.992181937766784,0.987864413740121,0.991946254522544,0.991190172729972,0.985497986681458,0.992744294461182,0.994087401153478,0.995564424411926,1.00522159562248,1.02021025877829,1.02022352352753,1.02767107438095,1.02694590719109,1.02730117375978,1.0165548931462,1.00552161698401,0.996167028239541,0.999622209580394,0.999572955690396,0.996985934881167,0.990069543943986,0.987277964053853,0.980252065663465,0.981365944787693,0.979580139949084,0.97524366505715,0.981723534217638,0.980971205293683,0.973847279437264,0.973213031645125,0.972263919991113,0.969589261509828,0.975787042669516,0.97650661777166,0.98242056239239,0.970131633120292,0.969251137733811,0.954443602194668,0.95760772253704,1.00019827045668,1.00053657454547,1.03894080499222,1.0509559210135,1.07047267835772,1.07467746114667,1.09064089703368,1.1142594408173,1.1142594408173,1.13222792388244,1.13609930205843,1.13639605144714,1.14463126473139,1.10148697696261,1.10079028028026,1.10532770390598,1.10404343707179,1.09670367612956,1.09670367612956,1.11353775802776,1.10156391513807,1.10210084059641,1.11285479080538,1.12583187557245,1.12110599132017,1.12028729587276,1.11548933416434,1.10819625577917,1.10998565291437,1.12293314748794,1.07633862351814,1.03271489818573,1.03118976308248,1.06839734867121,1.05471763334404,1.05478599521235,1.04808458835433,1.02870590242512,1.02863524906521,0.953922828941146,0.917110014094725,0.928881120383804,0.930234204739514,0.937079294287472,0.934138690145877,0.934319142008878,0.919243310523367,0.919818664121816,0.916836464444274,0.917372666414715,0.920439592865028,0.931474905084199,0.932478905969046,0.939895021149628,0.934215096669236,0.933112703557295,0.938803627590094,0.946984222907801,0.945779128949297,0.946617981577605,0.939266306144467,0.936162511180095,0.936173820288681
6,139,1.01343810511448,1.01071440056717,1.00328420139055,1.00284746432953,1.00284746432953,1.0026524407941,1.00526778293352,1.00073092089171,1.00007522695886,1.00043177712298,0.990017809986452,0.990017809986452,0.989298848866676,0.99304976138615,0.98458043406593,0.992973087873847,1.00556977004394,1.00421225900061,1.00799043435751,1.00771269650285,1.02102867601264,1.01919176287938,1.03868089402985,1.0535154223763,1.06431341535174,1.06431341535174,1.07600745670402,1.09560922828675,1.09560922828675,1.10479081385854,1.09971903719667,1.09015761188619,1.08929880617201,1.08076277965952,1.07883627385501,1.07352045001177,1.06875638853099,1.06830617128376,1.06851435413217,1.06482613450625,1.06048919594199,1.05974366493773,1.06011338431634,1.05864602234103,1.05362322204842,1.05052437887788,1.04704532975416,1.05040103754631,1.05040103754631,1.0328797810838,1.03604946438118,1.0421988561147,1.04155053283355,1.04364790930923,1.04294807547646,1.04294807547646,1.04901662731516,1.05012913566473,1.04903082920849,1.04800713548669,1.03375198131808,1.03017250599702,1.0282141052193,1.03819932205889,1.04969284546054,1.05093414513493,1.05829729441216,1.06682214710729,1.06261784787971,1.06192440244979,1.05646948827199,1.05831315276252,1.05831315276252,1.05414722492861,1.05449715830814,1.06112952291024,1.06191454875345,1.04457819791597,1.04079856469999,1.04059707274005,1.04641566096269,1.0610010754025,1.0610010754025,1.05855268555347,1.06262279310058,1.06178536252344,1.05949812166379,1.06043247294793,1.06525493405453,1.06828556193741,1.05209919764981,1.05447502054471,1.05403261450616,1.04974451484254,1.04722534884493,1.04692185725128,1.04506556914588,1.04830553250872,1.04423934142091,1.04353114880651,1.03956915428643,1.04286091421903,1.043147395859,1.03169035577546,1.03689026894487,1.03488240556419,1.03511864845638,1.03416688614837,1.03201884704929,1.0323036212815,1.02403999601023,1.03308927299869,1.04086600440632,1.0388297435276,1.05122530950733,1.0576680752467,1.0540325500393,1.06225053723731,1.06768255882106
6,140,0.984545270092904,0.996681201142995,1.00950499966066,1.01309283507813,1.01309283507813,1.01320923640238,1.00976219823648,1.00832462959726,1.00048573891056,1.00382778049792,1.0038336473985,1.00119473269464,0.998087445823696,0.993823872692473,0.991546258028842,0.992364679585215,0.990366874637621,0.991485186997825,0.984770577443767,0.989976244853588,0.985453227456451,0.979451242992687,0.977638249514108,0.981493791940005,0.981171732944064,1.00340501116419,1.02709311255898,1.02709311255898,1.03386262427442,1.04053218211279,1.04080005788747,1.02745622870236,1.02498165593649,1.01232866121444,1.01324952169719,1.00585271391843,1.00543655375619,1.00350329938826,0.99566581400938,0.997873689949297,0.997877800630059,0.996213497367067,0.997261535591932,0.994876680507473,0.996067093709407,0.988928533860816,0.98761920096191,0.988020384386016,0.989886364194132,0.988702503593996,0.99171887097865,0.992891007781373,0.988822660117785,0.987355527078219,0.991018387186686,0.990350341866794,0.989970108126727,0.989970108126727,0.991352952678988,0.989897748568778,0.986513968496307,0.98638759894686,0.969153758365151,0.971629967301801,0.971729307029409,0.988740275045117,1.02226380551454,1.03541487068399,1.03529565024406,1.03978893683658,1.04349571270853,1.04340976891519,1.03704070559923,1.02957789563775,1.02874189239874,1.02190408188847,1.02054165207117,1.01684282594441,1.01486095246473,1.01034731183383,1.01058576123382,1.00953973598025,1.00672209355966,1.00265122891093,1.00400518055462,1.00093300267643,1.00922141724885,1.0055221615364,1.00544854809639,0.999119516862171,0.985132271148638,0.984161398546788,1.00348622030369,1.0215608834205,1.02208726887347,1.03779575025326,1.04548492905186,1.0490752792884,1.04833114925297,1.04769117150065,1.0480033142843,1.04919140662401,1.04811390266571,1.04249451824703,1.03297393307988,1.03297393307988,1.03089999868809,1.02821989136454,1.02657307235017,1.0145881528622,1.01005293619985,1.0084303578907,1.00719982105102,1.01019780504503,1.0224372135994,1.02247413680977,1.04260680330501,1.05582684656583,1.05596389030364
7,121,1.00079535149838,0.998523096049336,0.999149374455704,0.994825587460636,0.995631073526349,0.989318825675892,0.99161365059615,0.983379519247234,0.971712315380396,0.974939689300762,0.975984929559243,0.99282190390435,1.01668605297772,1.01673045818478,1.02628570221286,1.01338936403228,1.01307347734773,1.02343513007714,1.02170449851307,1.01409564373317,1.01518888725501,0.978408617215205,0.967486591082388,0.968124710350553,0.982735540796249,0.994390694356426,0.994390694356426,1.00035499690895,0.994955640538979,0.996783922484,0.996554379549076,0.998089689619124,1.00752050216328,1.00913923118399,1.0100986337041,1.01188936977469,1.01081191812991,1.0043292477149,0.998642293768381,0.999920426152843,1.00553795973355,0.993491175181646,0.995552908333562,0.994987180938624,0.993563760544508,0.984627116079945,0.986067462149805,0.975831051760491,0.969901091946626,0.948552215850563,0.946831688941573,0.957465058813891,0.95968674605561,0.95968674605561,0.96725334600189,0.972678531373968,0.975547184223792,0.976824291327681,0.977547738680301,0.982815709524408,0.983402944183014,0.988612743969784,0.985055100864404,0.986970473203015,0.986980939680328,0.981661398106177,0.981612420572687,0.981039843760352,0.976798126126317,0.980464218710953,0.980028101803546,0.981643364524493,0.986868333244387,0.988622716029138,0.985937384573656,0.987638280751591,0.987295649954934,0.987354104740844,0.987180587589884,0.990753747540784,0.990460172638613,0.994748547849546,0.995096756892289,0.996291898363425,0.997089341871332,0.992456680938374,0.995600049957388,0.996165781289979,0.992915399531307,0.99565694870546,0.993700553943435,0.985703475047884,0.989168198633991,0.976492563385878,0.976945349912372,0.974436102760432,0.955523894988889,0.958323911417518,0.94955013115618,0.980416841265557,0.991242642828409,0.99093168523169,0.992287147196837,1.00537093325522,1.00593592051721,1.02914468163487,1.02327373722754,1.02275311587284,1.01740307331711,1.0198444941714,1.01951733966235,1.03163734942064,1.03960079299967,1.03747042422644,1.03842982528484,1.03472895876292,1.02681308797007,1.02919953650543,1.02812966645609
7,122,0.998456057744158,0.998734555427717,0.998773135271829,0.991965602748013,0.967844189508991,0.9682517458131,0.982935126448787,0.993296409032869,0.992868708485134,1.00531173627848,1.01532209800832,1.01528649931459,1.01605641239033,1.01382282613204,1.01286997394109,1.01174323851487,1.00832480422796,1.00416216859896,1.00397471211276,1.00915982029099,1.00586519020708,0.986764069639299,0.988424074716649,0.99227372478429,1.00825747040859,1.0078820694876,1.01055213576368,1.01291771226011,1.01298700728349,1.01348672585001,1.00892157727195,1.01421897773896,1.01386505776679,1.00687486189868,0.999779055586702,1.00166178926492,1.00052920418921,0.993102866387914,0.993102866387914,0.989933244783665,0.975908650836595,0.985338567201742,0.983580614399327,0.990675105884619,0.986540450226353,0.987899182412546,0.985081183644827,0.988288612859408,0.988333838326008,0.988408639016859,0.992078420444414,0.987204354047662,0.989536083316973,0.989754218834598,0.988489152076825,0.988489152076825,0.98815116042396,0.98728182407275,0.987536041687515,0.987563267702668,0.981893541641918,0.983045251269922,0.983045251269922,0.985249378703627,0.982097407958161,0.985027102219488,0.98401122392368,0.981520809460168,0.974228964857201,0.974228964857201,0.971456549027669,0.972343645625797,0.978260121176926,0.97958369090722,0.994416690010066,0.994407819066688,0.999828342926747,0.980227552085007,0.991393373966495,0.990947863190285,1.0092262276487,1.01806505219977,1.01825956661446,1.0263989720925,1.02378950562823,1.01883560281216,1.01883560281216,1.02438485349355,1.0161833893955,1.0161833893955,1.01606203896184,1.02128860992007,1.01844667113691,1.01844667113691,1.01720397981784,1.01627592676087,1.01609343937395,1.01027504841644,1.01082453625086,1.01114380261379,1.00671157717355,1.00734047853742,1.00795898290653,1.00626301210191,1.00299834560909,1.00703606444574,1.00703606444574,1.00736988793827,1.00279800071468,1.0026465100167,1.0019425536551,1.00102638525704,1.00723518816224,1.00627466303503,0.991908049441698,0.974736137645577,0.97578041589373,0.965874625254585,0.97906663782506
7,123,0.998206336680023,0.99546637247605,1.0012677514551,1.0012677514551,1.00520257079972,1.00142884463072,1.00319442188585,1.00319442188585,1.0034360598319,0.999132331184446,0.996855892686602,1.00162371360617,0.998529733731742,0.997213237141408,0.994256426249157,0.992878132089821,1.00008412013796,0.999177373842318,1.00758450823006,0.996784441038718,0.998332523489518,0.957864990954142,0.989692909684748,1.00096168201202,1.0009295958361,1.00584949696624,1.01989198607896,1.01903693865138,1.01640335053117,1.02040729433099,1.01914842776575,1.02063670300967,1.02034848094138,1.01810603838192,1.01436803071392,1.00969458920461,1.00641695747976,1.00911404721237,1.00949423470819,1.00560066075673,1.01207642951926,1.00917973613123,1.00919134193557,1.00899425389645,1.00771302401543,1.00709559843711,1.00553942571354,1.0076371918902,1.00618234362692,1.00148278274273,1.00136645087346,1.0027446060732,1.00152897486986,1.00769352231397,1.00755209455381,1.0074697839627,1.00755377420653,1.00927285533989,1.00858757336251,1.01240346254013,1.0131291409871,1.0107545343417,1.00610466459271,1.00343582039583,1.00521437293072,1.00961915439362,1.00696377017405,1.00696377017405,1.00987108428477,1.00888581343382,1.0009282716492,1.00161894055152,1.00012314198632,0.999163314762803,0.999134549567592,1.00343404269926,1.00238947270338,1.0039245424058,1.00431483608541,1.00912007357119,1.00381358385757,1.00403452941226,1.00788900076991,1.00377678296859,1.00226149278843,1.00926480778338,1.01632853750707,1.01975375980901,1.02529715804967,1.02271576504296,1.02172249663734,1.02183452672788,1.02523094192922,1.02239998047695,1.02118340034805,1.01526895922758,1.0156656678972,1.01315957059059,1.01265337938475,1.01399950319945,1.0028499961222,1.00302851351743,1.00807742403902,1.01192782103588,1.01091716706342,1.00014640159476,1.00978297314515,1.01354137119784,1.01445992035777,1.01985785572114,1.02177365071775,1.02550441487551,1.02861616942291,1.03611531808609,1.03787536346767,1.03787536346767,1.03588737814121,1.02630018252656,1.02630018252656
7,124,NaN,NaN,NaN,NaN,NaN,NaN,NaN,NaN,NaN,NaN,NaN,NaN,NaN,NaN,NaN,NaN,NaN,NaN,NaN,NaN,NaN,NaN,NaN,NaN,NaN,NaN,NaN,NaN,NaN,NaN,NaN,NaN,NaN,NaN,NaN,NaN,NaN,NaN,NaN,NaN,NaN,NaN,NaN,NaN,NaN,NaN,NaN,NaN,NaN,NaN,NaN,NaN,NaN,NaN,NaN,NaN,NaN,NaN,NaN,NaN,NaN,NaN,NaN,NaN,NaN,NaN,NaN,NaN,NaN,NaN,NaN,NaN,NaN,NaN,NaN,NaN,NaN,NaN,NaN,NaN,NaN,NaN,NaN,NaN,NaN,NaN,NaN,NaN,NaN,NaN,NaN,NaN,NaN,NaN,NaN,NaN,NaN,NaN,NaN,NaN,NaN,NaN,NaN,NaN,NaN,NaN,NaN,NaN,NaN,NaN,NaN,NaN,NaN,NaN,NaN,NaN,NaN,NaN,NaN
7,125,1.00851694057783,1.01107537971222,1.00853349321597,1.00428435079313,1.00053411356722,0.999804813916178,0.996157217528275,0.993236126436877,0.997990621363005,0.996904765082638,0.995555748019372,0.992361133204014,0.995017417500151,0.999361141210377,0.997940430974422,0.99929160585106,0.998717920848755,1.0051997968627,0.999516983335812,0.999662187275274,0.988788542737373,0.978028860538869,0.980053497795504,0.988440875676396,0.994791297961397,0.999449075326991,0.999110784889612,1.00846652950895,1.01468069440661,1.01499189901035,1.01299735927021,1.01102339530276,1.01145677813387,1.01383966844642,1.0147857144769,1.01473238284305,1.0164828979684,1.01040204196103,1.01181429765204,1.01181429765204,1.00591600147851,1.00618517338109,1.00668451339217,1.00588314872987,1.00516278997995,1.00538545306363,1.00538545306363,0.967798221567277,0.982614103872347,0.982411323670511,0.988709429212719,0.992387443676019,0.996788140203826,0.996788140203826,1.00010938124486,1.00755804456044,1.00836655219668,1.00853308199613,1.0067894531032,1.00748405348116,1.00327171625119,1.00321247879066,1.00067796253454,1.00067806650609,0.998508404122874,0.989000145495099,0.989000145495099,0.979353459557522,0.986950806004838,0.986950806004838,0.988850147716709,0.988490319450239,0.992054611090543,0.992054611090543,0.99107983687825,0.988018966315532,0.987484664663393,1.00525360484961,1.0202789048941,1.02065238452349,1.02783767627071,1.0294702198242,1.03215347473191,1.03757982265992,1.03534960021143,1.03312328568476,1.03095305514568,1.03427598696531,1.02892854411861,1.02709985410812,1.0288358262951,1.02134883342853,1.0281739207356,1.0281739207356,1.02562582488814,1.02553762371747,1.01774511912743,1.01769274238474,1.01202832928309,1.01214791738525,1.01226750548741,1.01238709358957,1.01274523395639,1.01875266916331,1.0116609771357,1.01040091483315,1.00878654422725,1.00866633386291,1.0073092318758,1.00968490976589,1.00907216377252,1.00934903800698,1.00725630844158,1.00720029806792,1.00742276099491,1.00876011384903,1.00827420419567,1.01147285682008,1.00500214649912
7,126,1.00452248716056,1.00440436480773,0.999685574401076,0.983411471693678,0.983395622408961,0.992162961254529,0.998002392758629,0.999564054789981,1.00265312907484,1.01027829881797,1.00747871608836,1.00430893003465,1.0052606414081,1.0058921938459,1.00060489653117,0.997847657345756,0.997832975382073,1.00142242398678,1.00127120820925,1.00060711706895,0.982751802941688,0.982311481158725,0.988328085420248,0.988768437266993,1.00022133164765,1.00162784887982,1.01448189027398,1.02027880770517,1.01899457282336,1.01898579325239,1.01391233018456,1.01558611442032,1.01170027036298,1.00949160078876,1.01159303571363,1.01123648383778,1.00875521923763,1.00667736987487,1.00926816866623,1.00674782303409,0.980229844294791,0.980239490107188,0.993695546971704,0.98927575722704,0.983081128573501,0.983081128573501,0.984078899119941,0.981217000824515,0.98131200368654,0.988237885250904,0.993214887832466,0.992905394455717,0.964607049511672,0.979740561489389,0.989180254263121,0.989665303292606,0.984170758907212,0.986787233471312,0.987006809279495,0.993344244547518,0.986755216773483,0.983123659805837,0.983123659805837,0.992856226174774,0.999193613079793,0.998158356279189,0.993592071817529,0.99277161906229,0.99246058870311,0.998063261282643,0.991864711230934,0.990361237983553,0.992034866482171,0.992166053027262,0.995592432195803,0.993742703273014,0.997435827032975,0.996998024131298,0.994829264441782,0.995200211933746,0.994029230340165,0.991244053802073,0.991791096040237,0.991943714516565,0.98971565811781,0.988737560643583,0.988531117592941,0.985689136840886,0.982110477756381,0.984128858386433,0.987081949113199,0.984667627959834,0.985468951884408,0.98559751722422,0.982962964803208,0.98299910391596,0.984052633093526,0.981885951664634,0.985110565567923,0.984063350628823,0.992741639280056,0.992679619143444,0.992795785973768,0.992336644409271,0.98952537589823,0.994615105003779,0.990781760507397,0.988546455208109,0.989862907922136,0.989321567517039,0.991418445251051,0.992753851406134,0.993010660257802,0.989128444209677,0.990823267599671,0.991908186073551,0.988858066453499,0.979155273920706,0.971555682215531
7,127,1.00607230230836,1.00366454010906,0.999175477984318,0.99825039147107,0.995701117228876,1.00191021850491,1.00191021850491,0.992595816117896,0.989693023392842,0.99515587230123,0.992436805997781,1.00078221418228,1.00840971897589,1.00840971897589,1.01293838729635,1.01514214232645,1.01548492517764,0.983918918603587,0.978348190540644,0.983319234934728,0.984778400746227,0.98724195559304,0.995239803323114,0.990263989786226,0.996584115806343,1.00742424709423,1.01563926524335,1.01648712074101,1.01930296114723,1.01699915041781,1.01832663707565,1.01396279200241,1.0092129759605,1.00790862349782,1.00908631934817,1.00684351926234,0.998335039188663,0.998081743384,0.99375944582398,1.00386016144302,1.00478279384163,0.996048651982485,0.997250166036824,0.995884314439228,0.995460202541072,0.995515238993705,0.99864122229304,0.998565056561438,1.00348262602954,1.00359780838675,1.00315613111016,1.00080584448938,0.999321314741608,0.997014204419323,0.996522050204226,0.999464631065809,1.00123256112605,1.00187099379706,1.00170388485791,1.00106276499979,1.00067513140813,0.978094927079675,0.979328610101996,0.97579979227737,0.976404755896342,0.981828963742561,0.97655753325922,0.976755742730196,0.97641500452527,0.983566494385215,0.991498043533119,0.991498043533119,0.995423477127032,0.995777385093441,0.995339245973748,0.994514670166091,0.970267565410512,0.970781382529831,0.942758638402864,0.967768325416095,0.966549988526462,0.989400074395757,1.00117516968667,1.00279968423394,1.00279968423394,1.00101752115508,1.00632438825876,1.00632438825876,1.00109556287425,1.0102900383797,0.998867824415697,0.998867824415697,1.00405187357377,1.0033597234533,1.0033597234533,0.998144166515875,1.0014705900972,0.998115037140458,0.998115037140458,0.995492460926263,0.995587693613753,0.995057530082466,1.00451238951162,1.00871608436176,1.00881752118903,1.01594428675151,1.02446245881631,1.01932119285385,1.01980943303631,1.02480277606116,1.02078626147285,1.01857281743876,1.01521874248558,NaN,NaN,NaN,NaN,NaN,NaN
7,128,1.01766198568489,1.01773942715243,1.02053807151663,1.02051191401635,1.01712439967655,1.01404529768244,1.01624981309862,1.0159327053432,1.01733961409517,1.01657528947388,1.01543811168584,1.01413777947918,1.01187957176271,1.01082269340859,1.01061024132383,0.990553838379862,0.947143458655012,0.912408360657665,0.913287426907142,0.933542964472038,0.942924914198976,0.942821867248642,0.958917644379187,0.982417025838235,0.981905790865126,0.990527820003062,0.989596811014146,0.9906598509646,0.990315518466793,0.983663049007451,0.987312918981868,0.987462707684212,0.980409206148705,0.977611044810799,0.979556896023669,0.980019175833752,0.977564485788716,0.973894227861775,0.973741221306177,0.979451824274308,0.979731857060118,0.981588371961608,0.975609682013749,0.970945229376602,0.968644572749414,0.985480464142851,0.96880172830474,0.964722138183437,0.964186128214019,0.95916514178068,0.962973686302874,0.965809599935264,0.968167746898245,0.973696665968563,0.9756017518513,0.980374487744927,0.983906439596585,0.979801175045836,0.978413851789044,0.942987936454275,0.938214977748161,0.931232600058906,0.931997695424521,0.942642316080348,0.95710975817494,0.95710975817494,0.972929063936352,0.976954184775048,0.977252037384021,0.981720829484928,0.976430168476365,0.978361011120452,0.981145924942294,0.981407418077534,0.98300279948934,0.983154424699766,0.979125554866184,0.977353056195306,0.976847182202124,0.983406033510367,0.979562888375172,0.982795483921112,0.982250067430825,0.982066640073685,0.981984718011474,0.981623447343185,0.984650486222941,0.980936126278891,0.980681653927086,0.979608055055915,0.973758195688328,0.974774456090958,0.977995702643136,0.977654852477246,0.983948217609948,0.983372125911505,0.981987263264079,0.973034497623315,0.953192784356791,0.950054832615847,0.942333669717247,0.933035575889963,0.931514583120332,0.949715510952306,0.960278228770674,0.960278228770674,0.971812994236107,0.976592678949955,0.986302761854825,0.986400219727759,0.986828076294656,0.994680898201401,0.995075255251805,0.989476417927404,0.991576980168176,0.991867674018606,0.98556840934482,0.98782763693375,0.984040069904808
7,129,0.986805499415115,0.994058536068074,0.998473775087906,0.997267637105413,0.997126811311185,1.00146853242589,1.00451081465225,1.00437273946091,1.00148683697783,1.00345662750585,1.00345662750585,1.00156186421907,0.994516131300345,0.985854897849278,0.986425689935835,1.00164594434675,1.00763885877064,1.01207276536821,1.01779941069361,0.981075794097975,0.979783118070679,0.989188662048595,0.994539645340159,0.989742022777583,0.992136888522682,1.0032527681878,1.01032443018631,1.01006981715835,1.01288588101691,1.0080184922627,1.00230022464685,1.0006357729194,0.999697427744747,0.975739382903225,0.97003533398733,0.949030660383627,0.971138143326816,0.984469756502832,0.984991702326114,0.994992900135406,0.999026981369723,0.997342559284089,1.0012946941848,1.00183891399461,1.00168817535854,1.00232907694888,0.996250189465479,0.96741005816502,0.967685927844225,0.962469515266309,0.967769761561797,0.967769761561797,0.972325848253463,0.97971524941674,0.97971524941674,0.980470216096652,0.986370142577087,0.984254441855396,0.989048744419807,0.984720580784972,0.985801583935554,0.987275198341043,0.988024449881443,0.985442141149019,0.985384738516231,0.991764857927352,0.981907997600272,0.980896956439372,0.980699429881289,0.990541055504166,1.00330733620215,1.00330733620215,1.01793183967402,1.02450887014044,1.03052004271773,1.03053996844566,1.02660704621491,1.02433402357839,1.02430525523636,1.02431636069238,1.02070350112493,1.02077428282533,1.01872908045901,1.02235824525673,1.02213687385482,1.02191505633179,1.01980542516877,1.01789446087031,1.01807056591534,1.01390619384665,1.01353881708733,1.014936109804,1.01081526499569,1.01358002717143,1.01615003593272,1.01614975968605,1.02095639240605,1.01820739241837,1.01653214528374,1.02080310309201,1.01776361735427,1.01997529230113,1.01975691133268,1.01635414400461,1.01956258495082,1.02287796893977,1.02199001365652,1.01297355926644,1.01297355926644,1.00875202902154,1.01248254054059,1.0155919311549,1.01534562408265,1.01839493668281,1.02131729294679,1.0172792202276,1.00244092942719,1.00804498822437,1.01396100782647
7,130,0.984539980702945,0.988785854352441,0.997477346796724,0.999775349148735,0.998429676951281,1.00251297080632,1.00307591538879,1.00328015181628,1.00454429151688,1.00256217645997,1.00383875923286,1.00442212210397,1.00001554230258,0.999874602049646,0.99989818238229,0.998740535697045,1.00406897692899,1.00404412190407,1.00011344345817,0.999107888092015,0.996834920462039,0.958059933666114,0.978822585157718,0.98961614912646,0.989257401544646,0.996436304454728,1.00219285268457,1.00770125722739,1.01397457533794,1.01226788130223,1.00822693132069,1.00969598427937,1.00696327589514,1.00229571834355,1.00360666316108,1.00695476148977,0.99870938338541,0.998361593534885,0.999559563057533,1.0007753777621,0.999335189314824,0.999975384980146,0.99324197977749,0.985230784626248,0.985488062977371,0.991953201336556,0.990110360072035,0.979298263795182,0.978314135033553,0.964550772349019,0.97501834648709,0.973483874852227,0.973852829433257,0.97147273102539,0.973938370451352,0.976338459260735,0.979952983265793,0.981150936164722,0.981226470972543,0.983808025791338,0.983630022678894,0.982642125304887,0.984907954467395,0.985489318948983,0.986682504828422,0.988040003419504,0.988183096059508,0.983999823460083,0.984266454115858,0.985525711320241,0.984425927127491,0.987519336737423,0.99398530251291,1.00257960885133,1.00782804672347,1.00787688899893,1.00781011125917,1.00507951007811,1.00574771572221,1.00699146058954,1.00677295903074,1.00677295903074,1.00219708710401,1.00290310211552,0.999965200626905,1.00182645708881,1.00220477299804,0.993324017175423,0.995666627474455,0.99958059363338,0.996055980183737,0.99698131288811,1.00144093969044,0.999100900315596,1.00480382132429,1.00527033244267,1.00435778997946,0.999970870115455,0.999850130734476,1.00039795929561,0.998291494957914,0.999188638768776,1.00066940651407,0.999610713421958,1.00136071999526,1.00213119695572,1.00171909445735,1.00450119184156,1.0035370365669,0.995315125227218,0.995110422965428,0.981018858178921,0.980288005735699,0.986803360260005,0.979643405174403,0.980639459820968,1.01253859292798,1.02667733602898,1.03050138161122
7,131,0.99454640081283,0.992165338544147,1.00451772512845,1.00942767219424,1.01330116997008,1.01120704057336,1.01117981605589,1.01132243186297,1.00476787692036,0.995953123599269,0.996343476997698,0.993023160568187,0.99553542247763,0.998572902335807,0.998689859573323,0.996545843982856,0.992625917235955,0.988919429219114,0.991355391947834,0.969165836756019,0.97414105259138,0.973447053637192,0.968521801053132,0.981543351295933,0.981465805047781,0.99775768498864,1.0061072072142,1.00469630094771,1.00807813388487,1.00982597266249,1.01163885966882,1.01053672806304,1.01274811846363,1.00900848887979,1.01218894105233,1.01184691622233,1.00371741013908,1.00388858136653,0.999699394616928,1.00258015615269,0.999437647927684,1.0021805037728,0.998929928936047,1.00109579722563,1.0007686267118,0.99963524701444,0.993318771212911,0.981328797485894,0.981324708070619,0.981347162377439,0.976100421713147,0.977670036959507,0.981604162708644,0.98703428751034,0.98721067108523,0.999571438520139,1.00187888330923,1.00108878800406,1.00097609375734,1.00227816823996,0.998397744357442,0.997997471097464,0.995894896437689,1.00105207581072,1.00105207581072,0.998448464811094,0.996045826820897,0.98773808008493,0.989888192334627,0.975810394008844,0.981436141796947,0.982954526347183,0.991471507335344,0.994712068423353,0.994712068423353,0.998708891308161,1.0032310702211,0.997843700648371,0.997853389054056,0.99894906773269,1.0003396407262,0.99623142258402,0.997899670057843,1.00123799407398,0.996539737339627,0.998093681682275,0.995647098858635,0.996336696956941,1.00238382712941,1.00382047723626,1.00275589947012,0.999766499264689,0.998972204509363,1.00114200646961,0.999808874352515,1.00243038829146,0.996891630682982,1.00742479654375,1.00740285737659,1.00370056175102,0.985890082122806,0.986154261690186,0.977372431921237,0.997233027596295,1.00297736118595,1.00417290003393,1.00984593263165,1.00776514424527,1.00761626008779,1.00913299635126,1.00923563519752,1.00814187962009,1.00776725506394,1.00769751879007,1.00598995519425,1.00519532079686,1.00511377131613,1.00145084260715,1.00430579054638
7,132,0.996199929557658,0.994992930825779,0.991731712270298,0.994252443849759,0.992798409714671,0.988375871052523,0.988928936657015,0.978700864943896,0.989057332019962,0.989040581049331,0.993542865886881,0.996483574869124,1.00739596700769,1.00686045829858,1.01345730861058,1.01936347843731,1.02084404383691,1.01835942273267,1.01961386837937,1.0169534289214,1.00806754397705,0.99564026447879,1.00141125026871,1.00037292646085,1.00831519957219,1.0101252366047,1.01356018269655,1.01204916684738,1.0088541593275,1.00953546682544,1.00713519699122,1.00723484812738,1.00473384325119,1.00425268482352,1.00316336053783,1.00423407790033,1.0021147594506,1.00197090584979,1.00132025631715,1.00123910073138,1.00182066531215,0.987737964117605,0.996173785353152,0.996737702895189,0.9924353447049,0.98822606725207,0.988529696961854,0.983416823729974,0.986329811939299,0.980323943931084,0.982956298874766,0.982610697174598,0.963633288835936,0.962059826663313,0.967173924328088,0.969949171086052,0.96984888122628,0.97771170616747,0.977240514017869,0.986209191183593,0.986091980645074,0.987308012463725,0.988236773322835,0.988557323725081,0.983194071423989,0.976839169128668,0.977177192980585,0.984995345193161,0.994289957898489,0.996869447845972,0.996869447845972,1.0039964944798,1.00263056813606,1.00263900307056,1.00524230219517,1.00397098875312,0.990448349745756,0.990411044879762,0.976017439369719,0.98281251986049,0.982527590737195,0.980537176244426,0.982719810724676,0.986536968090086,0.988020721841558,0.987700604736578,0.98913149688236,0.9900857812593,0.986584173041312,0.977823959083674,0.977699425514737,0.984927921123057,0.986050544912838,0.98592109484494,0.988270291553573,0.985797889644686,0.981773558989511,0.985915731802282,0.960852384138909,0.964444754947864,0.967377425227652,0.955288985829135,0.962153138895991,0.962153138895991,0.971431424086165,0.980153490168948,0.984252988498265,0.984252988498265,0.983367794082405,0.98440184313232,0.983835433422486,0.982624811690323,0.980252240945513,0.975302982944147,0.980156951276546,0.975769980977694,0.97893648801771,0.980124086700645,0.979728600541101
7,133,1.003552402329,1.00023522804275,0.998210628809056,1.00191322554948,1.00163570112701,0.996273851291628,1.0011002386779,1.00093513943696,1.00026349566919,1.00381765704475,1.00232616223524,1.00336379010251,0.998310611788547,0.998374220744243,0.998648186130963,0.99766231801174,0.993657635864351,1.00030086183853,0.99941864530615,0.996758425825433,0.933386757663272,0.93546923466563,0.949166789405784,0.971518327719123,0.971291336031807,0.987032965568104,1.00275345572389,1.00059639875338,1.0076943571895,1.00754661722084,1.00291970008812,1.00529495179862,0.996123561861156,0.995130672109007,0.990919898286167,0.995265756861355,0.992486223140115,0.99164679641713,0.99164679641713,0.987115726328989,0.985985759200487,0.986697974799682,0.987886213755197,0.98537096092207,0.987238295472891,0.983120933633982,0.982622326253,0.987015605255551,0.987500926436753,0.991316931176753,0.991818174177555,0.994893822442044,0.993031590959346,0.987114234147897,0.987600754377336,0.96702621549019,0.977919090093804,0.980532361667416,0.980657587383313,0.977612681383038,0.974519175956345,0.975230389035838,0.975491029219549,0.971546006467156,0.972450696682518,0.974152955656149,0.972654169810925,0.971219389411148,0.972439862342231,0.969343069087855,0.962527718200187,0.961851726717032,0.974407360842085,0.980986440017235,0.993341508235859,0.993541347276254,0.996127094181652,0.995647027424587,0.995647027424587,0.983336525120559,0.982001402868285,0.969648584380032,0.969648584380032,0.976576402487524,0.983895463995306,0.985182397763959,0.973465725369988,0.97660520990795,0.976618934841768,0.985320981092951,0.991644341096813,0.991946154809788,0.991843083647459,0.987068152474497,0.988550673344768,0.982492886545748,0.985244871914036,0.980177100292268,0.980025725272943,0.958601120960893,0.971646313065862,0.985694092112349,0.98474337092651,0.991485292999259,0.987284510390091,0.987896885858006,0.991021679220207,0.989853561308139,0.99157535173946,0.982873034718375,0.981269810165398,0.983619921215155,0.983619921215155,0.983481407118659,0.983952582128799,0.984234355583168,0.982728248872355,0.986769934241223,0.98944284153618
7,134,1.00913972610312,1.0068373143695,1.0068373143695,0.995406103539844,1.00406907926259,1.00406907926259,0.99988081083281,0.997906889449022,0.999335225929624,0.999389405718578,0.999523625542559,0.996839161375895,0.996688901029307,0.992576006469736,0.996886577947618,0.996883678263377,1.0000853900266,1.00011912094276,0.997526589564982,0.997526589564982,0.990433285004018,0.987944592432297,0.988033062524619,0.991826646161656,0.999202115773309,0.999825879017684,1.00557213996067,1.0107891181458,1.01298103962769,1.01223934226933,1.00470290645106,1.00815843689813,1.00747076320048,1.00404105091053,0.999895059291062,1.00139666802758,0.999841375820905,1.0005213737464,0.994952562081889,0.994952562081889,1.00079752744777,0.995264327099314,0.990783223685655,0.993665510379204,0.987799801379792,0.985318285850699,0.982455949127022,0.989146134015573,1.00243183171148,1.00243183171148,1.00383691539217,1.00068315335091,1.00456623730491,1.00456623730491,1.00346155493709,1.00755064887859,1.00789548521101,1.00801600788276,1.00572046708499,0.999903886394705,1.00662318732754,1.00880805237679,1.00774292165492,1.00618764547373,1.00367448095238,1.00484310489248,1.00540638698652,1.00105550803005,1.00070598164176,1.00066004042686,0.997310905794516,0.996123300634839,1.00038297844047,0.998821012726796,0.996288096337813,0.997417106876,0.998599123677727,1.00182957362315,0.99920192691139,1.00014962835395,0.999818137006951,1.00236138343392,1.01014483251662,1.01011173808385,1.02153132892959,1.02776780639896,1.02759154706507,1.03145725741357,1.03425618754783,1.03441501105657,1.03441501105657,1.03178070925961,1.03341148426661,1.03269367611365,1.03909279105582,1.04599474026959,1.04656707346847,1.03902139263904,1.03940682813472,1.03246856431998,1.02992781714597,1.01221387678587,1.00741212301427,1.00261036924268,0.997808615471077,0.995137865264132,0.993921192118192,1.0105368992004,1.02700220471307,1.03462970831964,1.03416863465906,1.03919347386385,1.03777917800597,1.03777917800597,1.02998699309172,1.03018826245119,1.0238297959033,1.0238297959033,1.0221537898585
7,135,1.00573005205551,1.0075104516423,1.00466751792759,1.00474817752286,1.00128534216947,1.00756605025021,1.00195889049726,0.999831210668172,1.00044166328163,0.997597003640985,0.995233290502539,0.995303715116099,0.99880146914722,0.994848577955738,0.998251177841068,0.99701572944022,0.998343720696804,0.99502395569401,0.99584200395032,1.00040036127567,0.987633597693878,0.987082608916339,0.989643195501483,0.986517503701214,0.98693132684053,0.993467987476583,1.00873978640356,1.01163222364803,1.01263021674432,1.00649020341086,1.01561613176961,1.014563272686,1.01050008802057,1.0111280622968,1.00969604219647,1.00941339794079,1.01357417063844,1.01003982855616,1.00973197817147,1.00488526606205,1.00534852974771,1.00679285562342,1.00286821722285,0.999650181310002,1.00034535368165,1.00034368818531,1.00328761471045,1.00312476252172,1.00312476252172,0.996700425367804,0.998251977042134,0.993493085664443,0.995118582601163,0.994192259154677,0.998011321422861,0.998881548759817,1.00450687714719,1.01634977163096,1.01585716396096,1.01445864255408,1.01575439273826,1.0198425758906,1.0198425758906,1.01265443036461,0.98483271823338,0.985225838022931,0.969078663894978,0.981523891166798,0.982654681681057,0.990944257177008,0.995627203684431,1.00169891037663,1.00147650761761,1.00448346157435,1.00016678248804,1.00015571143491,0.999929277562683,0.985635093978146,0.983464864399094,0.98698937990453,0.99365468715665,0.995783727779627,0.996565857688413,0.998032692042374,1.01125241855254,1.01119221891393,1.01214084966419,1.0103871028508,1.0132501801171,1.0089136667535,1.00887183747013,0.996241094034084,0.994537290351121,0.974136368212119,0.973572801382114,0.975577192036175,0.989421714270134,0.985318253354172,0.984321144730064,0.985403416595919,0.980253502845288,0.972322070010932,0.972141350927445,0.988680333928784,0.985387144189034,0.985387144189034,0.989120771183404,0.992795585066812,1.00368410548959,1.00054743025436,1.00143484037361,1.00067581324388,1.00215183457107,0.999042989363785,0.995050253919101,0.994506019618674,0.993958431915782,0.981187016713459,0.959749399240599
7,136,0.988382529010385,0.974239683214127,1.00177931021237,1.00393882228736,1.00778756644577,1.01018706955949,1.01019935972244,1.00574190386826,1.00446482400137,1.00244334761942,1.0022016393247,0.998928828384616,1.00170890854631,1.00062673723536,1.00061904236386,0.996483847605098,0.997900037436051,0.99720112342502,0.995165419737968,0.992490212143648,0.996348731951735,0.977905792042107,0.980565590452639,0.980749742838871,0.994569027148643,1.00149909277412,1.0014723207264,1.00593003342322,1.00417886865003,1.00481496856926,1.00473740976611,0.997169705044562,0.994477722952038,0.993995544839334,0.994450541669031,0.991095249015992,0.993926996706623,0.993926996706623,0.979265767433842,0.976044814660365,0.976044752776712,0.985520127130069,0.981265111485866,0.98451351129008,0.982559803868494,0.984447720585799,0.979307973239942,0.980022620285772,0.981596874046802,0.982958303671153,0.982495326463606,0.974195280508623,0.980722889636357,0.976978344961479,0.978444299920849,0.980555628330082,0.982932142825789,0.982798681969645,0.981871421038092,0.979289013875187,0.97828052180003,0.975676619615001,0.970782155991926,0.971622306402726,0.972681043530152,0.976456754410329,0.97941839695497,0.977437727439306,0.975577724495828,0.973419959041216,0.973419959041216,0.97411231494849,0.975135453842369,0.972685530970538,0.973271384347766,0.970930935120118,0.970289764177308,0.970289764177308,0.972093955609105,0.971103188233106,0.974160593544825,0.976420524825341,0.973884074939216,0.973718341405236,0.976404885402674,0.976973971917996,0.973573762036597,0.972315828664059,0.974340991039624,0.977030186324554,0.977704079156854,0.975716765719587,0.972002310126918,0.970057078629654,0.970057078629654,0.970484478674505,0.969918863814231,0.970090933535104,0.970202573439635,0.98011861798157,0.981094163932373,0.980373696916781,0.988461961730167,1.00207501968184,1.00207501968184,1.01280711114143,1.01753008165169,1.02283033992118,1.02181385159024,1.01749366026599,1.02099365138022,1.01373769120408,1.00844043569938,0.988670759629133,0.988670759629133,0.985187752996035,0.997993956906653,0.996384815026964,0.996041464653151
7,137,1.00729907641696,1.00343249197006,1.00380301454177,1.00380301454177,1.00939598484308,0.993202766054754,0.991812186647268,0.99130946328566,0.990852070060541,1.00728303135909,1.00401660923753,1.00080266660363,1.00405231117541,1.00135847866186,1.00019027294492,0.997834641514485,0.997264033846004,0.997238150719008,0.995049735576203,0.996001060845896,0.99769881038081,0.969200249950574,0.990478118163948,1.00462847193486,1.00462847193486,1.00659530903919,1.00956376709102,1.00956316465366,1.00463604549849,1.00440368406721,0.999051669794411,0.999049777755928,0.999587341636723,1.00074263238304,1.00074263238304,0.997283044946056,0.997611656895602,0.996639898195579,0.996620259370239,0.997617149316519,0.993773963980265,0.993540924685558,0.990061644552858,0.995754570306352,0.996528771664872,0.998340653148839,0.992993441765233,0.993268850631763,0.995052536190768,0.995308756963753,0.993908179337791,0.99411880007653,0.985123267580672,0.993388291475908,0.993551050534924,1.00058387981403,0.990765523362184,0.985583193005021,0.985583193005021,0.992695979205158,1.00659658409986,1.00647955840085,1.0180977416521,1.0190370718401,1.01833293880987,1.03050072412314,1.03526945450151,1.03160768326838,1.03160768326838,1.02842650828745,1.01835562391009,1.01786285837455,1.01117671179547,0.999804800554096,0.998849758316244,1.00105670252683,1.01346374939404,1.00941649566281,1.00990276416153,1.02060971906307,1.0354012068345,1.0354012068345,1.03639273411433,1.03601776887583,1.03179005446775,1.02624785462418,1.02933274548775,1.01488310104463,1.01227710087076,1.00609350148672,1.00952805377364,1.00927989868361,1.00783420442866,1.00592127047963,1.00935478828943,1.00935478828943,1.01184713953675,1.01231116572408,1.01266606604408,1.01242657774999,1.00251565091002,1.00802932709781,1.00762275354194,1.00217577435398,1.00339732682064,1.00365478596248,1.00075234716295,1.00056998943037,1.00332075351372,1.00871570632951,1.0042248292237,1.0004159758079,0.997897461209052,1.00423467361935,1.00623371621532,1.00571080455208,1.0034464148947,1.00312259912677,1.00236373441019
7,138,1.00283039744227,1.00040326379036,1.00028768526668,1.00046362074392,0.998986238577728,0.999155674352421,0.993843646352547,0.993843646352547,0.992541135153152,1.00149391914317,1.00099108064437,0.997735430700871,0.998568151468663,0.997721457472589,1.00044632215628,1.00386450887774,1.00598599449164,1.00605100476112,1.00478682225192,0.997484855620682,1.00030490600047,0.959972820703473,0.966343110323492,0.971981849179237,0.970583597114446,0.984493733786322,0.989612960320002,0.989612960320002,0.987336055177657,0.991903669237626,0.991903669237626,0.995402175057328,0.997576313752827,0.982828353702179,0.982750468596812,0.973291523434793,0.978190156709475,0.978477757916125,0.975809978265814,0.978132864412338,0.977897747258882,0.972367306446261,0.975287732666972,0.97815385086111,0.978190062850012,0.982809920062128,0.975437465002556,0.973874817303543,0.971357268675297,0.96741186012743,0.955551186017403,0.956035573876805,0.953616043896375,0.941985912902424,0.942314961122511,0.963820410484175,0.974009074390104,0.976961780245913,0.981844646800412,0.985574507907816,0.987082370797326,0.987082370797326,0.985608740062387,0.986630605468618,0.986630605468618,0.987375738895744,0.982404147489687,0.983062939342266,0.979245148913644,0.978026220675962,0.978288633991127,0.978367155288415,0.977497610437468,0.977103228585776,0.976755782975268,0.972697878698369,0.95530456312995,0.954540618749897,0.897931888406805,0.907020055227903,0.938234115886683,0.938959544014032,0.965004992866196,0.972769731828511,0.972862876148469,0.974084098203749,0.975355905770572,0.972643900923394,0.972643900923394,0.969921244808022,0.974023567028456,0.974085501253169,0.974227420696701,0.974144121772283,0.970158221517834,0.970158221517834,0.980350067433096,0.983463223518659,0.983401236112496,0.987700134805994,0.981111467722457,0.980698810891884,0.95766661063286,0.972482313562486,0.988101437257882,0.98696436757271,1.01215183637934,1.00551874741455,1.00883432844066,1.01478498049708,1.02587086060575,1.02608680977908,1.03895629498356,1.04198834379207,1.03593915102487,1.03439634623628,1.03752228860997,1.0324189872749,1.03224286461468
7,139,0.992774874715259,0.988939074990364,0.991887116131034,0.998277908079398,0.994242661129475,0.993223098978957,0.987261355882308,0.997275310446229,1.00003288342981,1.00405766557389,1.00800618223013,1.0071417685313,1.01094025770101,1.0082822101488,1.00401876706931,1.00474942141714,1.00121844051998,1.0037162951325,1.00395470789311,1.00323060803107,1.00075739932857,0.98543441078297,0.9852703977683,0.989784506706029,0.995823977429635,0.996024578349323,1.00876601511096,1.01552432233858,1.01607518296145,1.01421061379303,1.01602017836405,1.02009856952763,1.0201592259226,1.01345939715218,1.0120432064852,1.00782836700915,1.01179308808206,0.995148682896709,0.992578059548709,0.996997926732348,0.998117143353085,0.992542839615158,0.992378432978856,0.990255782112172,0.992754980160126,0.993005989700369,1.00042203507683,1.00489537815361,1.00331711400406,1.00315904500765,1.00170395614545,1.00646459768905,1.0059048706773,1.01003853448865,0.990095694799796,0.988575402185838,0.965672855892869,0.984955968023932,0.995828172228035,0.995828172228035,0.990385338263051,0.991736312717846,0.991757874133027,1.00286727154337,1.00788687116552,1.00185317957244,1.0025059836562,1.00702511607114,0.993139700592307,0.991394117592458,0.990685217616665,0.998658064836808,0.999361122272611,1.00066435454795,0.994036907567878,0.993479321601139,0.996608214271991,1.00123898545771,1.00668432180951,1.00394594431862,1.0069766033711,1.01099283617713,1.00687053226524,0.998869544627895,0.994751829705045,0.99407624599195,0.996883012508467,0.999699940019343,0.999123990727647,1.00013813806071,1.0007627995599,0.999070687499066,0.999070687499066,0.992197879143089,0.99829145344878,0.997405352303477,0.99674266922909,0.996269538033884,0.994695546855235,0.994962171956266,0.994407413568175,1.00308392388736,1.00243714215969,1.00275634820906,0.998637926803014,0.999673904925404,1.0004674982408,1.00125837063767,0.996937487080211,0.99700345277932,0.99482161709267,0.997143051631566,0.993826092471413,0.993826092471413,0.996939969554761,0.994611913788652,0.994379364925579,0.996168889741974,0.996456012883298
7,140,1.00571147338395,1.00785915739547,0.993644025600905,0.997840392008051,0.998239033240046,1.00048582001251,0.99983234629276,0.999796835377674,0.99939401732197,0.998633639982361,1.00236519370086,1.00082430885858,0.996186544397865,0.999997625769577,0.999921042798619,1.00100601468122,1.00129173278344,0.998545107371857,0.998425689022285,0.996618689106852,0.982949247695781,0.983425814385544,0.98897360067804,0.992893967000997,1.01377162351483,1.0100356629135,1.01940680549787,1.00147331634117,0.99696605383443,1.01139331992109,1.03225512753535,1.03278410157487,1.03213967100425,1.04475389970622,1.04515531119938,1.04900597588484,1.03508749107294,1.0262467221115,1.0262467221115,1.01565625337959,1.00786845961841,1.00855854708598,1.00027632890544,0.99647281902303,0.991053719652434,0.991053719652434,0.98325951545954,0.984764941952109,0.984396910769675,0.982584172222583,0.982013825859478,0.981710269205867,0.971763380284614,0.972582715089286,0.971788706010727,0.972262364539336,0.977455273031673,0.98424721959908,0.983759206066107,0.995468256312574,1.00773555350217,1.01835068503288,1.01617877974365,1.01181797460266,1.01389430038752,1.01554175566205,1.00911227463651,1.00271157043078,1.00271157043078,0.998259393105512,0.988057028807491,0.986230549967691,0.979947968443922,0.98581073591267,0.987172936584228,0.986920764974606,0.982424259333001,0.990764244504832,0.989678463247876,0.988716017605809,0.98482845905836,0.983880867145848,0.984381051714712,0.977647236547597,0.97358299976562,0.974199141366384,0.978834453199795,0.979534454023001,0.980574023166209,0.97936438153677,0.981383932586998,0.977440454345849,0.978688629225122,0.976408802220505,0.976015593048283,0.976192735942672,0.972795776746937,0.974533545004706,0.975912999187641,0.978329109856846,0.972534577248122,0.964104586072863,0.967412986986669,0.931821607531415,0.961111988190781,0.963264465571524,0.968965752391135,0.978079249506068,0.970933272935641,0.970219957015973,0.979569202420825,0.976679953742243,0.978149238857531,0.980446856351415,0.980965033446169,0.978851265750463,0.984240110654985,0.982490450202226,0.977949219641688
8,121,0.957625352188325,0.952853762635562,0.947372020009521,0.947088258892712,0.945074211929075,0.979355234110732,0.986860100017324,0.985828255859149,1.03398606679503,1.05025587417597,1.06916648659472,1.06916648659472,1.07529524358898,1.05117742869242,1.05092554769501,1.03179709963667,0.978824323727826,0.984688168834898,0.98732022760099,0.989952286367082,1.05725314436314,1.05772849559799,1.06450743388504,1.07429878458777,1.08078076604737,1.03819975745236,1.00800516140433,0.97673626896398,0.977427174865091,1.02193294254771,1.0462458654761,1.04804095294464,1.09284291158762,1.12012199901918,1.12086395771406,1.13026548116807,1.12021051991193,1.11722207030442,1.1153245798125,1.10668988206787,1.10432497318793,1.10667757914724,1.09937946903205,1.09897169380354,1.09523896127139,1.08671995860628,1.08253135992996,1.0714621069717,1.07662869081529,0.997512494063061,0.895673586224065,0.895623614751782,0.939481308118395,0.938596765619064,0.937595673774058,0.912191493078602,0.969887772702545,1.01102996279763,1.00969352423788,1.05620376884524,1.08853263898238,1.08812917760872,1.10431855933679,1.12554209265739,1.13439325471718,1.13439325471718,1.13224625958278,1.12256162009958,1.12138267971123,1.11470094461461,1.10324825103185,1.10125896993096,1.09991611127745,1.08769513664572,1.08495645437519,1.08633072399767,1.08346007850736,1.0759782014091,1.07939243784795,1.07559556121706,1.08451969321311,1.08452303611984,1.08153957660772,1.0769082884167,1.07638298653148,1.07619820123077,1.06878857049888,1.05260244869021,1.0542269419076,1.04192162991565,1.06121425476055,1.07989002593855,1.08063668987941,1.10575164736693,1.1221907566574,1.12344091661355,1.14657603377444,1.16230266910108,1.16133913984017,1.16393229130655,1.1472517621472,1.13610315200914,1.13646371395978,1.13068020600124,1.12182160668293,1.12759349404016,1.11656880186521,1.1147090429063,1.11435422936886,1.11221746975675,1.10887220709859,1.10676143831254,1.10563217041712,1.10180882902687,1.09501608019524,1.09161395409824,1.08577883103539,1.08843937318299,1.08841988831905
8,122,0.983013998534125,0.982477702096665,0.994043897218798,0.99310548820859,0.961666435631703,0.961420292662708,0.963071405894559,0.967058486226805,0.967668718987155,0.975631879924364,1.00064226680004,1.00198648564918,0.99878309800339,1.01811928825191,1.04518598773217,1.04518598773217,1.0464581455629,1.04716384639202,1.04731658849074,1.05108639058729,1.04671176005495,1.04731154448626,1.03566957278651,1.03466914733453,1.02871211975424,1.02971580096743,1.02687627667265,0.988384346514866,0.988445761641806,0.932193321511502,0.948317163199464,0.972855080799348,0.972855080799348,0.99555649128505,0.997840400283379,0.997891361811226,1.0059687169031,0.997606042270809,0.986082053153288,0.984407428009936,0.980946186976955,0.977525969195369,0.977256431972824,0.968262379891884,0.962856229807423,0.966308792639419,0.965801193239178,0.965823460435975,0.965823460435975,0.963462278241653,0.956626962055369,0.962126435719822,0.962126435719822,0.960055696950602,0.965045310406447,0.965722884476335,0.972221588529287,0.96409012891094,0.962105655640246,0.969230205936243,0.958064428912956,0.957150409342309,0.962228398797273,0.964252696741657,0.962775968670203,0.96279725601199,0.970432325572529,0.961063885538694,0.961676524540973,0.963042054867183,0.964567295729832,0.958434257202046,0.961210384549839,0.960289817993766,0.957590340590828,0.952925237023387,0.957503659687076,0.955797301718982,0.954351086041187,0.955521707144064,0.953650056398813,0.956660657255696,0.957276043861049,0.959295987486987,0.96219601144789,0.96219601144789,0.96272931657458,0.967928940309826,0.959200426113776,0.963006247787818,0.968080445501682,0.958103780699655,0.957316108467946,0.95667157605767,0.958140761511511,0.972773960336107,0.973420980652135,0.980555556098696,0.998122087602666,0.997958454521853,1.00949997342537,1.024343959711,1.02436816271091,1.02537417949464,1.02876616659742,1.02600269447433,1.03007420362822,1.01901689516873,1.00496077664527,1.00578412442056,0.994179075739955,1.01564832123799,1.0131922501121,1.01453863219898,1.03442083417347,1.04061764950237,1.04104382749095,1.04781807437596,1.0580604719191
8,123,0.994752124659406,0.996350011565695,0.997162599829865,0.997613392855838,0.966022646701946,0.908338618267887,0.904920111448034,0.95596925984327,0.986702662668921,1.01096495382297,1.01096495382297,1.0290155054706,1.03956064540173,1.03956064540173,1.03584072446025,1.03739601066967,1.03605151253207,1.02899698170095,1.02381663887619,1.01386608087471,1.01369151629598,1.00695085609949,1.0072107951102,1.00672978872227,1.00142589883879,0.998519020787791,0.995503156336817,0.992527588889663,0.939880272093996,0.946192814175935,0.945730850769166,0.970620130194485,0.983941432782778,0.985640299812956,0.998242461748592,0.998137484074828,0.999214853523965,0.998962125844465,0.985977304857306,0.993518780043763,0.992249950113726,0.986997663120589,0.981882670039048,0.976814796527018,0.978623632530645,0.971990674275865,0.968662868530269,0.969583512094933,0.962151629476587,0.961261254901045,0.962470303068895,0.958886855998117,0.960627007778056,0.964648415132257,0.972245418418602,0.968596223544537,0.972377790237732,0.969313344254323,0.970710607089335,0.980293978679801,0.983861867614643,0.98862257758254,0.993294454366854,0.987785848327098,0.987785848327098,0.988718366461095,0.982168372326225,0.98151266642458,0.983349560667577,0.97547693641841,0.97547693641841,0.973892702172547,0.971370736007697,0.959731831026993,0.961308917833909,0.963395260492479,0.960240616374797,0.960085910547082,0.965452137101063,0.96981531901255,0.974939762994306,0.976384979092149,0.9811145074108,0.982488106249627,0.982799270214992,0.983772777680653,0.990745947250016,0.989225815692248,0.985740366393131,0.980512818486376,0.984073572295665,0.993001610161186,NaN,NaN,NaN,NaN,NaN,NaN,NaN,0.959950724725079,0.994062964655009,0.995055534095557,0.998565375975238,0.998367423492803,0.998915447207291,0.989700209654639,0.978264570497703,0.970366022782192,0.970012717278434,0.962387458132752,0.957146898684143,0.959611001407634,0.945966555635825,0.945219975445021,0.94308126588628,0.94790190806486,0.940790015688282,0.941768937417631,0.941768937417631
8,124,1.01676078796799,1.01099526801717,1.01076348476635,1.00803162118686,1.00582631246915,1.00241028892844,0.99757503013128,0.997432674760276,0.998367993732434,0.998724201260477,0.996501760540446,0.998206540225017,0.993991551860967,0.992874140855126,0.996814680294616,0.998618344993425,0.992035252646733,0.992848836401714,0.991221228961529,0.991215393688488,0.993331586218595,1.0188415979955,1.01931851312111,1.02222661388079,1.02182971732277,1.02468194751163,1.03041782714044,1.03056178105584,1.01371667316917,1.01786683030112,1.02104442743255,1.02738062060176,1.045034843198,1.04612301148345,1.05577593470785,1.05114498934695,1.04822773425906,1.04822773425906,1.03625065257546,1.03467659796146,1.03267603986461,1.03790180591555,1.03419511957574,1.0260435612601,1.02948327812248,1.02344065141178,0.996715201759978,0.998254159968769,0.980507879815582,1.00411504644372,1.00657063095339,1.01445502389594,1.02732758008594,1.03296218636291,1.04239751960472,1.04306902963349,1.05484585421839,1.05484585421839,1.06211871796687,1.05597601161235,1.08608059030402,1.08644728820724,1.10552487000538,1.10888806569551,1.10883210818439,1.10942183127287,1.10573286333962,1.09868218444868,1.10018029564623,1.13288205901289,1.13402155366261,1.14299581145512,1.15834442683465,1.16079112209344,1.16094462413462,1.17636398288471,1.19945074640199,1.20029367747784,1.19472660144517,1.20386394155408,1.2012944785252,1.20312350646084,1.20723080849089,1.19866420609735,1.20492111988851,1.1853030754647,1.16576445558034,1.15452697612708,1.15055336613443,1.14316616075528,1.1344070391773,1.13765282926313,1.13129055141595,1.13480629050577,1.1261233913696,1.12748700611029,1.11986218745961,1.11794956904078,1.11704146260586,1.11555433413456,1.11024589040495,1.11504685298458,1.11064824026639,1.11208717173576,1.12196210835785,1.12219208637931,1.1276039700126,1.12557345653147,1.12614829719897,1.12776093001483,1.12887363080385,1.12618734977008,1.13022172571298,1.12163573233759,1.12596557670624,1.12625426016311,1.1115419372565,1.1032169941584,1.10283269139025
8,125,0.957894320671608,0.983597854000455,1.00450397736789,1.0058310846327,1.02334816795574,1.02394076930005,1.02485794911406,1.02107088572823,1.02110946986981,1.02033977597528,1.00766934394653,0.998642490323126,1.00088517776706,1.00057760411144,0.997013889218886,0.978294027149444,0.978294027149444,0.975702737041168,0.97642644867708,0.976843326353387,0.980467525727197,0.982626591973852,0.982088607269561,0.98282948606062,0.974793186435272,0.97028913716128,0.97028913716128,0.971069115044714,0.962593468082129,0.965167185458126,0.96694097259228,0.975357560156681,0.977062238781317,0.977441549982965,0.98069859643699,0.98536190091587,0.98536190091587,0.991714890440956,0.983635660013102,0.985348422124743,0.985348422124743,0.980721934313696,0.980215509653132,0.979392726316378,0.976410668703884,0.970452330215359,0.971120620769884,0.969030505927131,0.964206449501942,0.961084315107996,0.962644736942535,0.963964905117775,0.959158144048792,0.962480957825971,0.952028771114109,0.956056214960341,0.956122707582106,0.954629575797369,0.956873357910879,0.963713528035253,0.963713528035253,0.964352386059089,0.965962047617125,0.967057982621562,0.965457560102539,0.958836376786615,0.957260296083933,0.957456621273671,0.959471368649365,0.952667147774063,0.952564174594036,0.954784957748728,0.943563933342903,0.942894171303114,0.946150045236649,0.947507442813547,0.960940688686614,0.960350600617289,0.965745374542973,0.966863599352642,0.966374798031513,0.96881942006989,0.970291483713951,0.969271891366295,0.965036776437002,0.959743824771931,0.958269532816196,0.957776273754701,0.949752604010303,0.966338860829627,0.966338860829627,0.976098346991949,0.975319905262761,0.970396431356995,0.970396431356995,0.954732780166848,0.983896963487141,0.984612718973266,0.995986336049785,1.02192985409927,1.03736935487594,1.03736935487594,1.0494882346769,1.06204050341351,1.06204050341351,1.05941793351606,1.04938025623673,1.04854773059626,1.04571998014934,1.043456398776,1.04498156619941,1.03203877142501,1.02751983004328,1.02611795119816,1.02598724257402,1.01915525863764,1.02262001726998,1.02552189353489,1.01550243172009
8,126,0.989434435093063,1.00042972304798,1.00316673149506,1.00960359018197,1.0135575869177,1.01336261725617,1.00924293874596,1.00870203622657,1.00402020723074,1.00318592642514,1.00697056718884,1.00350407035797,0.993729382137164,0.992344283410486,0.991544318670477,0.989482697408009,0.988549571222455,0.988549571222455,0.990619745761802,0.990415478045906,0.982880443744676,0.985022794480892,0.988211964991149,0.991280605646223,0.992561239444556,1.00642449709411,1.00940167822587,1.00969236647609,1.00684605536199,0.980672680552916,0.982471540635409,0.985815842667679,0.988160100034064,1.0061267355781,1.00714058143292,1.00999917347626,0.999616568730957,0.998226294570297,0.999279774630813,0.988460360178483,0.98651619718091,0.98651619718091,0.984922932290862,0.975629266738946,0.97508203908681,0.968889809844618,0.963877037350939,0.963609216163439,0.960959399255362,0.957303492490841,0.955850152518445,0.963079087806067,0.951679350277723,0.95449964368509,0.954030753646373,0.952368415182171,0.958319461129155,0.955921390438257,0.955490917905236,0.956085578692572,0.956665737069584,0.954548505003576,0.957178536179619,0.958597423348433,0.957113149951615,0.95994323709648,0.959914837665794,0.95985168822444,0.95985168822444,0.972819862465042,0.973647707812619,0.974192141944095,0.972757566356902,0.975861374372455,0.975267118113958,0.973571145359836,0.969337333708159,0.967066917535052,0.966852620608972,0.972575215553171,0.970318967212407,0.973156095661735,0.967312395618575,0.98247450284375,0.988291907223517,0.990924103251105,1.00928630045907,1.02259811693505,1.02297729815004,1.01525834215362,1.03385471551864,1.03004657414319,1.04932553110287,1.0575239311849,1.08308101402265,1.07855470376206,1.06841497211696,NaN,NaN,NaN,NaN,NaN,NaN,NaN,NaN,NaN,NaN,0.867851406595024,0.868263834736878,0.901974818808963,0.917117802356849,0.91528967098922,0.928079280152227,0.939476512948388,0.939323210142597,0.945106602409418,0.941823732040191,0.948322182434533,0.948322182434533
8,127,0.984176543443157,0.99024347353663,0.983658456202523,0.98368862749427,0.982637227274903,0.981889594591751,0.984629337961234,0.984629337961234,0.99711777304809,1.00265387045617,1.00308426583197,1.01290900063871,1.01222552615108,1.00919671671883,1.01398032550782,1.01836797026497,1.02303797257308,1.02608106280495,1.00579291753863,0.938198273028233,0.941988769331986,0.884169486926902,0.921109246955989,0.920949548647375,0.946200961061023,0.9730021193112,1.01345558832365,1.01417946601628,1.04265280685572,1.06709471042118,1.06751149311572,1.07933123091625,1.09779704659615,1.10156288396333,1.10156288396333,1.09793165499115,1.08647583656226,1.08705366100721,1.07388231131205,1.06415481073399,1.05501263205297,1.0549840870126,1.04261597281773,1.031892725399,1.03182027437459,1.02423193768238,1.02247226523083,1.02351291818294,1.02441688508374,1.02613589187102,1.02535375027316,1.03097037759623,0.958916068325963,0.932443927768484,0.933133979447934,0.924592616184881,0.956717817356551,0.956719431571994,1.00405768596442,1.0272102709912,1.06168869791584,1.0647211812589,1.08859437184935,1.09527598587376,1.09527598587376,1.10147654940735,1.11399355974841,1.11302024936402,1.11104249058734,1.10132593440903,1.06877062929594,1.06876234938082,0.956377496684912,0.955738837299565,0.952014608710703,0.902455038196072,0.958386247036442,0.995818144063028,0.997860193993462,1.01125045910341,1.02655428921821,1.02576036761055,1.0310885071031,1.02639860788209,1.02393519419831,1.02639649604405,1.01625324712469,1.01834353415432,1.01249586934675,1.00667818551391,0.997526273352524,0.997279440169044,1.0026551242328,0.995617984179216,0.996348930700775,0.990252220613799,0.987688074577628,0.988810830495487,0.988097076133848,0.985542978390547,0.982669694329155,0.98324660731137,0.982139812966876,0.98513273788171,0.983448019199874,0.980364926212093,0.980737454350635,0.987820342469968,0.99514143787357,0.990668845085492,0.992609290992519,0.997760079744503,0.9991578873147,0.996228792806017,0.973505252390376,0.973331690484641,0.942929173694129,0.922555867299644,0.922504526447351
8,128,1.0696167297921,1.06562855151728,1.07074471729247,1.06378231872629,1.06360786834983,1.04484422564071,1.02818485307975,1.0268412439351,1.02951980909496,0.978702899970731,0.948339566845152,0.947355813543106,0.938328549788133,0.943133915743224,0.943544899025498,0.948972666619342,0.955318771995801,0.955318771995801,0.978213827044703,0.999293523885684,0.999019799734192,0.998797724400487,1.00160103120873,1.01303733592911,1.01303733592911,1.00952217380021,1.00120419251065,1.0018295714944,0.969995741715957,0.895038875580984,0.846247051261895,0.846247051261895,0.870519900292549,0.89316373403975,0.89316373403975,0.922883147891624,0.957063997988768,0.967915029624441,0.967915029624441,0.964436402480013,0.958671924197378,0.958671924197378,0.961197124472123,0.955277359672169,0.955881350349581,0.957542830930081,0.957788472664451,0.952591969170552,0.953129949424628,0.950083216707656,0.951313359102941,0.951020959261887,0.931070405663511,0.896442426029166,0.91365055770975,0.91365055770975,0.922828389571286,0.917802749554516,0.917124120376678,0.895467312078029,0.853149773512563,0.852844666553912,0.845786549042318,0.847542129682775,0.846118364513328,0.848152798622926,0.841908733943456,0.83891189993861,0.838800952250755,0.834448157309309,0.836654260625056,0.836654260625056,0.827155029063001,0.828650774236836,0.822985211721541,0.822985211721541,0.825221580060537,0.82036993930812,0.82036993930812,0.822729025384392,0.821172346123144,0.821504346769868,0.821504346769868,0.821595651012799,0.820582965680982,0.82129637632597,0.822078894585091,0.817812162794854,0.816028035994845,0.817078889819129,0.817744733661543,0.814143594951575,0.813434740922788,0.815882144036935,0.816952603706248,0.813923328167229,0.809759004245765,0.810843515861338,0.810843515861338,0.815189374081116,0.845071133402754,0.844870261835399,0.864164190793365,0.869840188835147,0.882198840297016,0.882255769110597,0.88793653555497,0.889671888113065,0.889135780251989,0.893325898314709,0.881902142043127,0.881085643210541,0.879990936313742,0.874575282915148,0.875061820624849,0.874507185408493,0.868840345912654,0.878473722595614,0.884887349373356
8,129,0.994662505573327,1.00168271201797,1.0140495477895,1.0140495477895,1.02036656631642,1.02413727434659,1.0107834924835,1.0093935808615,1.00446474581774,0.998848544909773,0.99919893232586,0.997881691402303,0.992825436744109,0.993080130759069,0.991074386092808,0.98596556724139,0.98170280928364,0.981590813893535,0.984241714351485,0.979706587965743,0.978183620804667,0.980196563109153,0.984702263679363,0.9825143219292,0.98236212450227,0.980735525829186,0.992682655585268,0.991815309289922,0.994762426287518,0.9843318309591,0.9843318309591,0.999564074098663,1.00788548852896,1.01441189557844,1.01542129873324,1.01845313227154,1.01066336215123,1.01080543813297,1.00935611768216,1.00319633670856,1.00320387744855,0.998128948008829,0.996874117008048,0.987971674258545,0.988344907270213,0.983218527640233,0.977854513242612,0.977696541485782,0.987106239627212,0.986318803551687,0.989753765682546,0.991897223331584,0.988000546558503,0.97926001348345,0.982011567829193,0.980420601635626,0.975011037624517,0.974848705798728,0.972687475740376,0.973547157739198,0.971600958509481,0.972270806446205,0.972967414686094,0.963688986452225,0.968528083998595,0.968094726955466,0.967113212440745,0.960612571291263,0.96471861212355,0.960071189457981,0.966170072342671,0.966170072342671,1.01541989629416,1.04149180108821,1.04071769485079,1.03472209360324,0.957942299596742,0.931571138769785,0.93361849794033,0.945059951759325,0.939642932223585,0.937603548478984,0.940507806694688,0.935889186478478,0.935473811725512,0.93857571241547,0.935463576902842,0.936802375248101,0.936199559817316,0.935692197176287,0.931272997539815,0.931215974144579,0.923012739444763,0.920804475898658,0.917277458540032,0.917749168300362,0.917671538938713,0.923865838248048,0.922773723402434,0.93266211730066,0.943892315416542,0.93925346901859,0.925879077015817,NaN,NaN,NaN,NaN,NaN,NaN,NaN,NaN,NaN,0.794760876892848,0.848545481883357,0.868460066184392,0.869849931229097,0.881835462877137,0.873825797455816,0.874440186743736
8,130,1.01343535562915,1.00367973279173,1.00626320629493,1.00495385065544,1.00214557488479,0.993787552283584,0.992672437045754,0.991470028085707,0.993103733756092,0.993496985678001,1.00601050392247,1.00748980394948,1.01033416133033,1.01009918829331,1.00269982725384,0.995159207637109,0.994102834830302,0.989430107594668,0.989665908083319,0.986339198565848,0.974956341324576,0.979920742492382,0.97786990794135,0.977786856434328,0.966325317725303,0.96916907825073,0.971757804145806,0.992195043773762,0.962586618588448,1.02143789000947,1.02041211647609,1.04186617146494,1.05686258838925,1.05729753784577,1.07547920031141,1.08147017802545,1.08147017802545,1.06568579133027,1.0589333216698,1.05768455896291,1.03533368951384,1.01427802325426,1.00069217511714,1.00127591592371,0.98791080562837,0.983450980471411,0.982530089895366,0.982375974061705,0.979951290002203,0.973423916700691,0.97607086933435,0.976416201439549,0.966280113398556,0.966677942271258,0.964464803953744,0.96541596111956,0.972539406719865,0.973933207060065,0.975902274659633,0.988344752501606,0.988128010972201,0.991936664859438,0.989820923465595,0.990364346796477,1.00309621502436,1.01085734526351,1.00352741510728,1.00457225172363,1.01197471642374,1.00394700860391,1.00313770305434,1.00026813322567,0.989233386147419,0.989233386147419,0.987960947715905,0.982378702134457,0.987815810183231,0.989878787047824,1.00330331175944,1.02623508504573,1.01622946435468,1.05371263403878,1.00972614641549,1.009114170704,1.02570201136192,1.03913580132714,1.04487612350912,1.04517018909018,1.03402577827054,1.02501237451932,1.02332795146291,1.01054436140373,1.00239838797423,0.999623144234865,1.00052474486944,0.991585054328073,0.980555751646956,0.980771878999333,0.984598617128838,0.995286392543111,0.998114604938747,0.992933475007451,1.00099231795564,1.02475108573723,1.02533862443495,1.0339489994595,1.03353407745041,1.0331475813665,1.0248824237969,1.02006533262006,1.01789229538574,1.01628560775839,1.00567944925684,0.984326229033103,0.984326229033103,0.966632098160051,0.984858651223003,0.984858651223003,0.997758780448422
8,131,1.00564949928026,1.00524505396769,1.00488725919178,1.00303224125358,1.00468049804505,1.0043873641934,1.00069416801365,0.998492209345266,0.993158605774542,0.994233942514298,0.994196765502098,0.999686929836374,1.00015113493954,1.00123524585351,0.998003870388438,1.00297791380284,1.00247297151886,0.995331748630485,0.991482577948324,0.990687192054557,0.990573246593574,0.988578273862613,0.988606267205223,0.987330309524802,0.991482910289064,0.997149944298249,0.994666615861309,1.00020914265456,1.03909266398562,1.0398335094094,1.04053898981195,1.05639190854015,1.05742029054012,1.0965065357792,1.10522626909029,1.10022401331679,1.09952811679257,1.07890369892279,1.06411170643623,1.06574696619732,1.04579046430714,1.0436876341172,1.02679779950967,1.02565687363621,1.01890655469301,1.0195868078842,1.01944413299955,1.02134943901184,1.01368029067912,1.01083497825335,1.00484625594855,1.00087805431808,1.01791752950565,1.01832857937659,1.01772594753619,1.03603202090327,1.03763930905602,1.1193565536637,1.13046474747739,1.1355622709752,1.14035824421595,1.13755959610977,1.13604497904784,1.13604497904784,1.13627328871599,1.13930554938799,1.13930554938799,1.12438481665663,1.11649096600163,1.11636246701612,1.10517325738904,1.09579754731977,1.08428001603018,1.08325555549714,1.08429327799347,1.0736749513936,1.07359907319883,1.06869166042708,1.07171440184587,1.0689300625162,1.06935792061152,1.07530502605177,1.07604998600109,1.06894348595878,1.06700084200445,1.0772645716364,1.07793020038793,1.08040434918531,1.01472434604427,0.98458322473399,0.985748892590544,0.978985822718137,0.980198806953087,0.981197439893287,1.02591627438583,1.0338710992427,1.03282451738964,1.01738091709961,1.00681905010882,1.0049100524729,1.00773584065088,0.993261295318236,0.993383949656202,0.993383949656202,0.989394602493256,0.992597448633335,0.991931239642138,0.965685385309182,0.964784021628137,0.964876764629345,0.965175630848291,1.00299060422811,1.02301437148294,1.02184114409985,1.02985423988025,1.02093000656664,1.00350819253603,1.00373855299443,0.996320667623704
8,132,0.90937909063715,0.913792087264129,0.92659347114026,0.926168923173711,0.935816933969142,0.942468091186344,0.942892866570888,0.949358885119381,0.956523157994427,0.957197100475449,0.957533728733676,0.965703902842697,1.020374515828,1.02045234747077,1.06047275876043,1.12266527372463,1.15536082789381,1.15680610985462,1.18043992736049,1.19831472075972,1.19831472075972,1.20392978059774,1.20306447891249,1.20781716497965,1.20402922528144,1.18885306541913,1.15755124270213,1.16404953323528,1.14064410965534,1.11390445052809,1.1128044015126,1.0923250447292,1.08801049253665,1.08653435892725,1.08265127472007,1.08440421901013,1.0718061351293,1.0718061351293,1.05692925382296,1.05606752260961,1.05603851898912,1.05650174292848,1.04794307961167,1.04449718838644,1.04385863565122,1.0412684590139,1.02773814210215,1.02834462401159,1.01707562308061,1.01718119223858,0.989224626562943,0.990771779321795,0.931568324295989,0.968076299991385,0.95539231484635,0.985513772099469,1.01809325681685,1.020979342754,1.03972327835631,1.06343077787094,1.06395058053988,1.07589093250598,1.07313653751581,1.06949183972822,1.06876956982046,1.07040966674352,1.06526890694643,1.06651956251306,1.06090506717732,1.0584215334177,1.05678401694789,1.05114328934376,1.04258822844079,0.974259648207495,0.974473097007072,1.02732446380548,1.023449958668,1.01591809100123,1.03866968214569,NaN,NaN,NaN,NaN,NaN,NaN,NaN,NaN,NaN,NaN,NaN,NaN,NaN,NaN,0.766048707447507,0.766564509577217,0.796792936097609,0.838070510554119,0.838070510554119,0.849531554100403,0.864506409927327,0.858670809627659,0.85680158455177,0.863257981664651,0.856790792881793,0.856790792881793,0.859475227843191,0.865469126863728,0.861394742629131,0.860605446261682,0.813214416274273,0.783424150336334,0.782808163716129,0.767319127095826,0.778075405730986,0.780288792490808,0.780281814995456,0.774952884352394,0.767161323797088,0.767148824304824
8,133,0.933105870630225,0.941626724589901,0.940872312565332,0.963650082487615,0.978233585642083,0.997875631142903,0.99578057261514,0.993300133296616,1.0046196183506,1.00065376828084,0.986627066291927,0.974718941074909,0.965223593598417,0.962639071757923,1.06228938277881,1.06348711480909,1.06457901432606,1.08280987853565,1.08790763722596,1.08883449532021,1.09139651497068,1.1064096724549,1.11267689577591,1.1142720698346,1.1110039443777,1.10718318508235,1.10546139054789,1.09965851703292,1.06838425898363,1.04467492957272,1.0445546769694,1.02777852080466,1.020630080009,1.02073605283833,1.04077203674127,1.03755912881664,1.03722079232996,1.02811069140857,1.02326015830893,1.01135849858677,1.00845157723458,1.00571105392445,1.00033060350975,0.998773291177166,1.00383468173615,0.999262085130494,0.999191530832073,1.00638844012483,1.05035501169942,1.13519458401338,1.13382842048344,1.17845297434714,1.22410421562197,1.22410421562197,1.29207752209814,1.28868744376041,1.2970176021711,1.2970176021711,1.30254367391907,1.35414476198761,1.3534856823134,1.35794095046026,1.36793347416978,1.40721892011469,1.41151583276772,NaN,NaN,NaN,NaN,NaN,NaN,NaN,0.631987270658796,0.631987270658796,0.637029309081202,0.650422898321461,0.662954505955336,0.663189364583514,0.666469180032792,0.671506381068766,0.671849038589548,0.66446256616848,0.662774893280079,0.663544827630876,0.663096992232803,0.65621015379598,0.665107957185493,0.665182879921601,0.649814599691643,0.671807816899716,0.67180784808205,0.664854390008792,0.671662996562719,0.669156007383354,0.670158304709957,0.682454619790927,0.692318646483146,0.695857331707198,0.68400392771123,0.679680858928204,0.680890665725087,0.680890665725087,0.683362975979143,0.682761033207799,0.682507746149467,0.678917767330762,0.675675039430942,0.675675039430942,0.679799481712045,0.680644771883195,0.681200434602909,0.68004772652978,0.684626623549373,0.691272680645633,0.693974047476532,0.689915925576463,0.690034606760243,0.688268621562272,0.68705583776816
8,134,0.925046195666303,0.949171691103694,0.987067732008078,0.98703179654429,1.01028541178417,1.02685598153764,1.02581441832774,1.04280714484377,1.04422537229817,1.04406995078284,1.03270814014073,1.01205354080198,0.9950925983765,0.995371831596949,0.985609043374334,0.98132161405858,0.98214566932287,0.990035122763649,0.9832867446677,0.972037148713096,0.971137617729565,0.960245333417184,0.962048561667827,0.963944004838369,0.964577464937789,0.961457308458197,0.967100529795327,0.951499762706686,0.929333338596937,0.92058122111424,0.920489756378006,0.924818690830696,0.931589635392895,0.934176265804552,0.943482186041966,0.933396338202692,0.938316828197643,0.9240530811035,0.907735831937764,0.902469886021347,0.902846018689849,0.896265444682137,0.903319720107951,0.903045846926389,0.908201359174671,0.878737612699659,0.884256750831947,0.883807014508917,0.89983079361098,0.915382909244414,0.917543646961659,0.922087456856779,0.908705959509396,0.90833422246583,0.90833422246583,0.95210917379566,0.967477647733103,0.966665504211162,0.983092755003245,0.992025935346995,0.999170763775158,1.02741465321873,1.02855170452342,1.03694956808629,1.03761044565816,1.03934590448994,1.0674637624035,1.06825734761397,1.07873879514221,1.08019859938148,1.0796082050239,1.08547134859963,1.08274442807007,1.08269630963908,1.09304705064575,1.07412940873131,1.00451967730938,1.00319719837814,1.05279282178316,1.05716764720769,1.05293264524142,1.04188667497763,1.02967199004605,1.01855834650135,1.01906716466832,0.983957247025771,0.892359955756153,0.887370507208816,0.86931234910077,0.871682083257856,0.876924451866219,0.874694706315642,0.889950588306973,0.894488688543236,0.895878483010839,0.887895407807386,0.885877307248717,0.888420082432748,0.876479486265377,0.871266182617082,0.870388593599302,0.872762502461515,0.867857603982534,0.870310494266985,0.870310494266985,0.865103414140941,0.873417431770575,0.873300226702276,0.889024659514694,0.922949054345134,0.943434475263201,0.943533002436187,0.94816349198202,0.95455335372541,0.953890850682398,0.964666367993131,0.969319262527557,0.964433366754915,0.968260853827405
8,135,0.967819247426641,0.97902470282498,0.982979436186833,0.983567977817141,0.990026663699084,1.00410335628853,1.00410335628853,1.00076227057794,1.00624978204999,1.00628623042565,1.0111503018525,1.00986807516412,1.01154492112084,1.00884410211652,1.00624965001666,1.01045556458016,1.01086692384202,1.00551682552582,1.00058061219605,0.998370638029876,1.00462811323964,1.00460365929118,1.0111229166217,1.0111229166217,1.01751373662088,1.02135656768081,1.0216232703068,1.01433087195697,0.95331722164576,0.95155584188121,0.943346858385815,0.951107867386453,0.986844038612662,0.996281235625457,1.01490351997921,1.02708143251091,1.02754373998858,1.02712563188848,1.02143850000388,1.02143850000388,1.01652735865457,1.00274521400195,1.00166456997854,1.00386379533163,0.991275979093459,0.987690166148231,0.987880205031397,0.98197398912903,0.976855230935456,0.976269247866663,0.965227642504449,0.957935124970269,0.969641868876903,0.968897275116844,0.980272719488455,0.98712842037327,0.987167794855959,1.00018959086331,1.00626589464136,1.01280414110635,1.01231268855894,1.02330839825432,1.02517819742003,1.02686697384202,1.02150509731991,1.020176068265,1.01133373589048,1.01082636283213,1.00699281818025,1.00002735787748,1.00002004622987,0.995306686006476,0.987340899545537,0.989413761573983,0.98248812043468,0.980079989658156,0.974196924034616,0.974196924034616,0.968224849598547,0.973044148613674,0.973143771118132,0.965769927829722,0.966831508384767,0.96679926654027,0.975820753478881,0.978546804357415,0.98987798952371,0.990275182115532,0.987493956758599,0.988433900199367,0.99066410687096,0.989990786302815,0.998462886366511,1.00257808293326,1.04362850176056,1.06414005846755,1.08440598767197,1.08449432860069,1.09109156951149,1.09196089888367,1.09239984440628,1.09599321851281,1.09005527754338,1.09014300275702,1.08859360251162,1.0825519367725,1.07317623349613,1.07095639290977,1.03284406102796,1.03736183306791,1.03685686534373,1.0173669506874,1.04910730017891,1.06892850594369,1.0693004862502,1.08776006485129,1.09509491370358,1.09424824513022,1.09181057122439
8,136,0.988874295177945,0.98837742116915,0.990641018321285,0.99333989100974,0.993638246045098,0.993526228273625,0.993792597222617,0.99375587842447,0.992374526068194,0.992424966140634,0.971448938113849,0.976717131511139,0.985120220299853,1.00545005151727,1.00545005151727,1.02707208741789,1.03550421642507,1.03696827918321,1.0355239561617,1.03699535239986,1.03524421471201,1.03649907485405,1.02197950947689,1.0220307619786,1.00309325352775,1.00489824301123,0.973663899892231,0.923058344836141,0.923470092169974,0.933761723933824,0.950007846613166,0.950621938527149,0.968034943610711,0.965899791879773,1.00904695530915,1.01448628791566,1.01639381786967,1.02199902422453,1.02199902422453,1.0188114577717,1.02094607922073,1.04237560189824,1.04262678275685,0.999208583548364,0.959978115851079,0.960765212330396,0.666941932484492,0.720816387524613,0.722297122359315,0.754252115957608,0.747244144137684,0.74639143681354,0.747489209481532,0.765444862298388,0.779357147463373,0.779189938095483,0.789355074967696,0.779357863939757,0.781128155793966,0.790321293610635,0.797412858636281,0.796059277214707,0.794324348578676,0.801467933556058,0.798202996863636,0.799602394069776,0.79696826785112,0.798430325555621,0.790236667519386,0.792211953311918,0.790312198570526,0.792415802660652,0.790878707628774,0.788678044581572,0.786834049108777,0.786834049108777,0.779768047402753,0.7803651509087,0.777918973741032,0.777918973741032,0.785302408289916,0.788653372067518,0.788714770611176,0.78945845176701,0.785743797779139,0.781186143181601,0.725006259432755,0.689577143870676,NaN,NaN,NaN,NaN,NaN,NaN,NaN,NaN,NaN,0.437277337410791,0.471184010285664,0.470115078871543,0.531648723978574,0.595480564019724,0.597569634049376,0.567728626756252,0.53208172231462,0.524867881949013,0.524929274282295,0.547814600703244,0.558454526854497,0.561920128342577,0.563365385980033,0.58125837291011,0.596982554473971,0.596982554473971,0.601511506636835,0.605006292102672,0.605328270982481,0.620757740601786,0.623108852255292
8,137,0.921382908456886,0.924647196760647,0.919796283459159,0.919693809448551,0.924866606906648,0.934356847077467,0.969197433340065,0.969074908102299,1.00284251109199,1.02688901469388,1.02497610949202,1.05341393311094,1.05240063733289,1.05171629324814,1.07423194510978,1.04413176745309,1.04447406662109,1.08196676336494,1.05994096492952,1.08835381107699,1.0901400532598,1.14236176346377,1.10578528303239,1.10629841742707,1.12301990298533,1.13109165310634,1.12979148174081,1.13008558969607,0.972737859764882,0.945483607283337,0.945483607283337,0.928903587331963,0.918772416532338,0.918800021440535,0.902988170639868,0.89700569102271,0.872872420451726,0.872356592539467,0.848924847238768,0.866593379865403,0.865132234134006,0.86342061376039,0.847390657576696,0.847016843912347,0.849103040314709,0.849458925598735,0.848782589248376,0.848782589248376,0.842556012665275,0.83367891268504,0.833687169682226,0.842963881787577,0.845223218455253,0.875939151641063,0.875939151641063,0.912637223263144,0.92634487817465,0.925788837168912,0.939965292354009,0.944345903952544,0.943770558447051,0.905796300473923,0.898275846289494,0.920863348082906,0.920367216385084,0.939229428474379,0.940886138873347,0.941131315746388,0.949485084223678,0.951189939426981,0.94836235778877,0.947997379480251,0.941170560019973,0.936905610823805,0.936972999284479,0.932364053660425,0.93225053905949,0.928948353026595,0.923400028137227,0.92100761639679,0.923690958033423,0.922612380586074,0.920131126640495,0.91914825626344,0.91914825626344,0.918009823709199,0.926459053973697,0.926739900736535,0.923018787185673,0.917787828731854,0.923191684787164,0.921489070337811,0.939565018275199,0.951644424979495,0.952041550092482,0.948294964161075,0.958801923871175,0.958518279226355,0.972077706654524,0.977206833088546,0.984041310820949,0.98343728853339,0.989889545174328,0.988662396098149,0.99186593232966,0.990677149836469,0.978327544074772,0.968261903397117,0.968261903397117,0.958763645576835,0.954196126714898,0.954196126714898,0.949963221788378,0.944853485657298,0.94616351421287,0.94616351421287,0.944498057634478,0.939950929599409,0.940233491770831
8,138,0.995917108183186,0.989580871361048,0.991899581990721,0.998812415845182,0.993229955901406,0.989200834653425,0.98422197541034,0.979873526691135,0.973200362667576,0.971977493636332,0.969956823067396,0.975963835264348,0.974789245577067,0.983821730044449,0.988823358568687,1.03022307999868,1.03270321230411,1.07326031448846,1.10254427434646,1.10374051262819,1.12279764515172,1.14309017538976,1.14422663709121,1.15672093420299,1.15523500939932,1.15256049884912,1.15221761623224,1.13038031768254,NaN,NaN,NaN,NaN,NaN,NaN,0.866945952894081,0.896279803358616,0.896279803358616,0.913093989659057,0.925939980105058,0.927985704959042,0.94996018769321,0.953573837812535,0.959109973483965,0.959219158420509,0.968360490552271,0.963263457457444,0.96154032094339,0.957405234355938,0.95073850917848,0.951101471953814,0.94875973684953,0.954799825930816,0.918254215071664,0.91703042305609,0.907707522350769,0.945678283483382,0.944904773184719,0.986365782662725,1.00298254740461,1.00298254740461,1.01290957596711,1.01829286259849,1.02178058534074,1.02197118703881,1.02376301157007,1.01313042351427,1.01395476346938,1.01186287567679,1.00859115358699,1.0083979862972,1.0203881948601,1.02903095452734,1.04377256358626,1.04069543903592,1.06308905279946,1.07407639623412,1.08043768202173,1.08831971011743,1.09354757648631,1.09529171873569,1.09529171873569,1.10313024698726,1.09800780835701,1.0980681493081,1.0826316816427,1.09101009573775,1.11698333266577,1.11547735826003,1.12623166963472,1.17872600643812,1.18167767698134,1.21531477317864,1.21292237856246,1.21364636921486,1.22879805055697,1.24815718446346,1.24815718446346,1.25372271365188,1.2928304105942,1.30493383617004,1.31137852988816,1.23633907909636,1.27649795549672,1.28354891504487,1.28822923780199,1.2868075678611,1.2807468282986,1.28071100556628,1.3028558513413,1.31168932153875,1.31168932153875,1.32836449038667,1.30781188441127,1.30781188441127,1.34592619104623,1.37014721161232,1.3424952986188,1.34325918098839,1.36799283598685
8,139,1.03680211967679,1.0368845928278,1.03071199389183,1.0157036125415,1.01559224719586,1.0106922969822,0.998208876248782,0.995024480030156,0.991771735944,0.98823987143351,0.984584227050568,0.985472394195108,0.987448662839076,0.983266283840484,0.983578463098543,0.988173000714967,0.987756743291085,0.989883693405921,0.990204704791832,0.981055154830597,0.976031902514364,0.975970746469581,0.976219676742713,0.966474051839506,0.966474051839506,0.973508136557967,0.979303528331746,0.976492914621242,0.976653800036561,0.975067870747494,0.972577389149169,0.972836322445074,0.983488372433996,0.997787660747774,0.997814939764725,1.0021124427511,0.992834557702383,0.988625921743127,0.988625921743127,0.983638493536148,0.981650069916388,0.980939040801398,0.972212680605346,0.970797272572428,0.974426712494923,0.975419167152216,0.975031783299631,0.98897588316991,0.986861363221903,0.991882920362893,0.984173567340566,0.984122561827426,1.00728510710148,0.981070926388983,0.958729362054735,0.962088922445951,0.968400029856044,0.964378274511278,0.964378274511278,0.997892802459818,1.01922766110614,1.01884836007127,1.01922737182105,1.03526142548338,1.05625996159522,1.05728896509656,1.10613865242605,1.1296908905312,1.12387255540186,1.10573331949691,1.11003775152152,1.11813764168673,1.11924631703863,1.12995213497107,1.15768659120649,1.15840045208558,1.147048570461,1.15045128618081,1.15105473916617,1.1503084161292,1.16401396633212,1.15176650786325,1.15176650786325,1.15933883688177,1.16526855881382,1.16543327314437,1.17124005820767,1.1440297608665,1.12019864540745,1.11987252035225,1.13082620805617,1.13609633356248,1.13609634034159,1.14447870336618,1.15245095946232,1.15243266141744,1.12080973449053,1.1374588893948,1.1374588893948,1.14231371216197,1.14087712246831,1.11313064310883,1.11264870741008,1.12812220765307,1.14169077463161,1.14144375898393,1.14455809649545,1.14772603561993,1.09709290380427,1.09707928302387,1.11168204856152,1.12987328950562,1.13223346268255,1.14415353847115,1.1552312119257,1.14776550942643,1.14403602442016,1.13293447903543,1.12313467382049
8,140,0.994097622263335,0.994097622263335,1.02660386760941,0.988612221022479,0.989355414107285,0.998631905122519,0.992723091936932,0.98077589641659,0.98077589641659,0.984817122501188,0.993271564805244,0.998879446221733,0.996509088868663,1.00141900019391,1.00334380511715,1.01176070779046,1.01997261412938,1.02229679369383,1.02205631951997,1.03278783933842,1.00372445288578,1.0028061161262,1.02593099774431,1.03485892208603,1.03532235041189,1.03547175795074,1.03247430579169,1.04742569977837,1.04481788907852,1.04292366541067,1.01259515032923,1.0123835279586,1.0187709731481,1.00354251715214,0.990301658458315,0.989546021254459,0.975606038583476,1.00431260268794,1.00503565828078,0.994234566264504,0.993053842815041,0.993463511134581,0.992513607273896,0.996958639622897,0.990882306727158,0.990640386589176,0.97280184753626,1.00919869889466,1.00900798954691,1.01327216335634,1.0168514945922,1.01643556822173,1.02394370396151,1.0179857284657,1.01360955744846,1.01360219407901,1.00815427873621,0.997781037465,0.992055080513513,0.984309538663949,0.98104153888059,0.981281825486083,0.984380793259145,0.986540345859287,0.982626188080012,0.982626188080012,0.978638927065219,0.984202734970801,0.984266312216309,0.981149035824635,0.983012051836124,0.981111321394712,0.984391396214469,0.986531627334577,0.988309365513144,0.988290074497428,0.987230230199297,0.986882079206025,0.985928107031629,0.985928107031629,0.987866703865518,0.99269781130046,0.992698723041795,0.992810604548903,0.992350433221414,0.989020427439438,0.985173625924305,0.986775798609147,0.985866652619574,0.985896650732313,0.984737756581506,0.988434085225915,0.988560860638382,0.998519900178378,1.00306697016977,0.996745773665142,0.995631734282367,0.989720003833593,0.985206717008156,0.985763892842052,0.947613862079765,0.955686362152667,0.953928075027306,0.91608599601415,0.915574713997449,0.916085506277117,0.94850105425378,0.951707863088035,0.979390128231138,0.97939011163258,0.973004527346379,0.965897864385533,0.963326111712516,1.00063954217213,1.00864875897236,1.03947760938976,1.03899734379433,1.04019266856819,1.04017177041215
9,121,1.00857338259133,1.006428902441,0.999741011991672,0.996693474795589,1.00185007396501,1.00036213093882,0.996731974853982,1.00485495257167,1.00087731778914,1.00072232103965,0.997068530407743,0.99691091577199,0.998141993665731,0.99656280596235,0.999077817521967,0.995588271330969,1.00041484372449,1.00077806719433,0.998621211442558,0.996180332210492,0.993637542577167,0.992918643256213,0.937140886689314,0.926761088610165,0.925505325929156,0.96872961252202,0.980640223852313,0.980640223852313,0.983649082887246,0.984795749754207,0.987947119568419,0.983413543311047,0.987570521426523,0.983633257134534,0.983447578525739,0.974629223500271,0.976581747379415,0.980275543724567,0.979230926339293,0.974183315081516,0.974929590107562,0.975014244869907,0.97192986183342,0.968235124371763,0.968235124371763,0.973716161402806,0.971375628027164,0.96943918476866,0.969707316741453,0.969734251448268,0.971665089905428,0.971840812908453,0.973522172068546,0.975438592075436,0.967255574137994,0.967255574137994,0.973674275487003,0.979454889328858,0.98007276806139,0.975535502468003,0.975866054802884,0.97634206439648,0.982248446470372,0.980494773134453,0.977706928056141,0.976651939881008,0.973884481357867,0.978299939788819,0.978012719626372,0.95938836348888,0.856466504762883,0.856597783079417,0.867877981598444,0.877578134113134,0.882288671212359,0.882288671212359,0.875710316351164,0.895947917696722,0.894339819180796,0.920668219297612,0.924876858202012,0.931576446732718,0.931576446732718,0.932624001687762,0.933856217010567,0.934873792263308,0.927878662624601,0.936754200584764,0.936754200584764,0.93258798251489,0.924539835104587,0.92284416868839,0.922479531100665,0.920601067856438,0.920281945900233,0.920281945900233,0.919284688030971,0.916566811696039,0.91692977790792,0.891328149969755,0.890925954176294,0.929024997899842,0.929811796315577,0.931823708345506,0.939894449694814,0.937805690644985,0.931139136223024,0.925259306569215,0.925259306569215,0.916626786110622,0.911118671348301,0.914087598822869,0.914087598822869,0.909655674659714,0.904323674325964,0.907692906486798,0.901534226017623,0.900200274415933,0.90434026545435
9,122,0.997966982074756,0.998583712456106,0.999348140575227,0.997774199057777,1.00220573866132,1.00285288669297,0.991964221006293,0.992600369362868,0.987679801261631,0.986718421993887,0.991921972136892,0.991921972136892,0.985630325473932,1.00259500984445,1.00429824105,1.01297938005676,1.01791420357315,1.01752221129254,1.01752221129254,1.02284943167405,1.0096058234685,1.01075775463534,0.96535167402922,0.987506926502503,0.997569233455994,0.996981574059855,0.999440129944936,0.997461939718995,0.997094856256202,1.00263515633161,1.00658239556733,1.00534190658699,1.00539840930869,0.999985689181132,1.003969899467,1.00205702104554,0.998183667326673,0.99431919137305,0.994401203965915,0.990139339576965,0.939555868462258,0.93553364781453,0.94388455184842,0.950831370177392,0.958322598321416,0.958318129873351,0.959105862445994,0.994854837681756,0.994854837681756,0.996192254808888,1.0343227400877,1.03428549849931,1.02637026108598,1.04278980003514,1.05652220070391,1.05652220070391,1.08321811330891,1.08145213765866,1.08116413182636,1.0184230161692,0.940963387114345,0.899167492886127,0.89353849998482,0.92896330299545,0.962807773665313,0.962807773665313,0.990102962950486,1.03529900836492,1.03539454846488,1.04963991894937,1.05864989184823,1.05864989184823,1.06047070274739,1.06886421889745,1.06740757333752,1.06695868361393,1.04815603181464,1.04383896106471,1.04428140308026,1.03699573061742,1.03708837022357,1.03821422789887,1.03821422789887,1.03072130661011,1.0313277408748,1.02922203332697,1.02274452745154,1.02514828439828,1.02224264557992,1.02254158047138,1.01930963161157,1.01805801754021,1.01782024560766,1.02446720408847,1.02257684415204,1.01834113163611,1.02095776325346,1.02607772452529,1.03555417242531,1.03495883269079,1.03814257895798,1.03502573715521,1.03932333425921,1.02878597656554,1.02675239612935,1.02637890592081,1.02544228170452,1.0352655861275,1.04258564147457,1.04280169654501,1.04349471236908,1.03580633915767,1.03607870427987,1.03700961780035,1.03642894592163,1.03240288078543,1.03328669692974,1.02579890819171,1.02253800692063
9,123,0.987167344972731,0.985180474726157,0.98195084584155,0.981893983252063,0.969852334858384,0.973248719157942,0.980220120336893,0.979358518528592,0.992370659297363,1.00756921562878,1.00946480445207,1.01533264383855,1.02063603349769,1.02158394684876,1.02540232724732,1.02090276966654,1.01654150104544,1.01662876991267,1.0146949868905,1.00920806520418,1.01096333157131,0.982501451523771,0.932992140404724,0.945716224392714,0.945660510834323,0.98605648158339,0.998926906992861,0.998307945149525,1.00233166668698,1.0049188269666,1.00474085088415,1.01921037746453,1.03259534544986,1.02732912422883,1.02884057377164,0.98301635070229,0.967012096107125,0.966705064919621,0.868375218220686,0.852924934708613,0.85288912221739,0.82765369916239,0.894147082459283,0.962397083428678,0.9625680279689,0.990854183493696,1.02397266240104,1.02414063768296,1.05080519809827,1.05696136445779,1.05590226434474,1.05501018698131,1.05065554815486,1.04354373249682,1.042540366473,1.03002385204927,1.02931348152021,1.02856572144418,0.967895579116004,0.853818276161737,0.842664060443555,0.84228396416418,0.842606098743001,0.888680055252001,0.895632987983046,0.90183777805001,0.933518473762053,0.933817811063341,0.952372108349621,0.962575399170161,0.979766586591759,0.979588293503071,0.980322545957151,0.981786406222809,0.982979423652325,0.978476848255878,0.973290107555874,0.969797253228015,0.969663561803469,0.965762755750889,0.969731619104791,0.969988180189858,0.964653733697021,0.960124063559865,0.959949604338621,0.96935323059517,0.968649611131123,0.967408140481572,0.967818785627711,0.883105669187098,0.832552649693406,0.832250646281243,0.85872933907993,0.895270460387665,0.895080797526288,0.90625091319045,0.905375627359697,0.913507110801972,0.915998417064824,0.917907745440534,0.922472881456135,0.920595978876083,0.926296644925214,0.916922857718268,0.916482130073118,0.915498945708523,0.911092386084626,0.9092906653131,0.909327545239678,0.909192640516053,0.895975527012763,0.895976548406889,0.869817940322754,0.869273618812933,0.898658120251688,0.901552371918668,0.911696657452778,0.920937215122258,0.924057332912094
9,124,1.00371921671753,1.00305666353126,1.00831156375425,1.00790642768601,1.00552923808935,1.00472957197057,1.01048264341577,1.00346880836,1.00132099353382,1.00198039724801,1.00257425022049,0.996695136661999,0.997196353764105,0.99291532219337,0.994023069401724,0.991768512695305,0.991034967283301,0.99489462138264,0.988392242090519,0.989742647749402,0.990198449376457,0.977382048205536,0.937459566387507,0.938081353568371,0.986702575188795,0.996682887403615,0.99696759370184,1.01077282864067,1.0130166605917,1.0160497883775,1.00721555762633,0.998065323808446,0.983322343339626,0.983322343339626,0.974275223297069,0.971979151381831,0.971110702512482,0.966314846589561,0.971051032159235,0.965967010551759,0.969883634042745,0.961919822512623,0.95960350214579,0.959701200682837,0.962373638137109,0.960811449896502,0.960759312998257,0.950645762067104,0.9192016641554,0.944904125887193,0.944904125887193,0.952050973763957,0.96101839405145,0.960443487669004,0.968043498251335,0.974748825411802,0.974748825411802,0.971654453833745,0.974836613600874,0.977097116916393,0.976730037175948,0.976678371621351,0.97506009533395,0.969005807650338,0.970312003391723,0.97034078527264,0.97034078527264,0.970407074916044,0.886873878812495,0.826861094924882,0.826463671756981,0.845292636682952,0.870284373904025,0.870284373904025,0.883354616170834,0.881312681106801,0.880228151949632,0.88373708043597,0.882392712623239,0.880419795958205,0.879949269231593,0.880645882076907,0.880859551956985,0.877955084642549,0.877637838453807,0.880906666651289,0.878113169915347,0.882166991011799,0.878119959816301,0.876360561401565,0.877482603621931,0.87920077903634,0.875452097638278,0.884546590901182,0.885073501769351,0.889015617750302,0.893339150304321,0.893334429422259,0.889527253957467,0.887428319224604,0.887428319224604,0.895740894736297,0.89208205005597,0.891927721611511,0.893232680514099,0.895899777165995,0.875132708897512,0.875166671516057,0.819809354337668,0.839022413166492,0.840710664843842,0.850438909619092,0.856065867276767,0.889191217243141,0.889277010158409,0.907077767899072,0.922667900033844,0.922978864933668,0.919764367402421
9,125,1.03308155789478,1.03383468363361,1.02770955478425,1.01660822464736,1.0177412169229,1.00706892576163,0.995858602354495,0.996181969241269,0.994283409327971,0.997661375371469,0.998175062010756,0.991309449183321,0.984018589697401,0.989229768915609,0.989309172677522,0.984619454204564,0.980704409388755,0.981817270531873,0.980787303450455,0.983663683345631,0.968398215314138,0.968454593620734,0.85453773439929,0.840725928317442,0.83799260793769,0.865833932337984,0.934244914578371,0.933342336838306,0.943277143522092,0.950728028370915,0.951861735676796,0.951588896424182,0.94461951957045,0.939593844772327,0.941382546229754,0.929411551418742,0.929717561775769,0.927145678659629,0.921711442603005,0.919379922699843,0.923463673733168,0.923463673733168,0.920275795561942,0.917940291427923,0.913817293138778,0.913631544580238,0.916580765821429,0.91397210991574,0.91027841353126,0.915189998437468,0.920083135213365,0.919868698143197,0.882189807395579,0.859250484687207,0.897982467763294,0.898712080691412,0.934150436481569,0.883607058488163,0.883261682722943,0.866030691157427,0.92419119426082,0.924621618902119,0.946260797590204,0.94328724257295,0.942597607619689,0.959660107369114,0.970386608636343,0.962217877347057,0.963576528540828,0.953784228512718,0.945191582091589,0.945003490702967,0.937029015406977,0.925223582672546,0.911860212581272,0.911860212581272,0.904425840790942,0.880057720507178,0.883197133025881,0.934084309540809,0.969069144570756,0.968765283886319,0.983026622018085,1.00337539593866,1.0238323318342,1.02388444008325,1.02938292361843,1.0224276797997,1.0224276797997,1.01763100324605,1.00765856543066,1.00156324165385,0.999674213735379,0.98886286292688,0.99268083963807,0.99268083963807,0.988417921347365,0.972041188070308,0.972861559027869,0.856352096225806,0.822637895381123,0.822545630059776,0.877679991764081,0.906728483119664,0.91854228942816,0.919988074300764,0.915215868829129,0.922813072215647,0.922478949966531,0.919999646698965,0.919866745070895,0.931162616400053,0.929654620041518,0.948051616445931,0.959559988237859,0.958002814526212,0.949343321141188,0.955381882451557,0.954235031291361
9,126,0.986327432642207,0.99816100332951,1.00473842548212,1.01033557136571,1.01388221624431,1.00810720060912,1.01023897902684,0.998448684358532,0.99478750458661,0.996618746252499,0.997390503273362,0.993965196861203,0.997423199348607,0.997423199348607,0.99367899889953,0.994262805397292,0.999493057944747,1.00297588147869,1.0017413935505,0.993233493190426,0.993933735579469,0.988483903265041,0.969138461405828,0.969138461405828,1.01941216720833,1.04675967213563,1.04961300356726,1.07562770353886,1.09829184673358,1.11384419431773,1.1168400374904,1.09986058221336,1.08303875187615,1.08201349805738,1.04914603108633,1.04144711054541,NaN,NaN,NaN,NaN,NaN,NaN,NaN,NaN,NaN,0.946455110449202,0.950654758123166,0.950654758123166,0.967794596429885,0.982119032764433,0.981827186270674,0.996833328044065,1.01489070762104,1.01570823772169,1.01322775816201,0.992759020056826,0.979148358257034,0.979133726870954,0.974072655848391,0.97798181718986,0.976930417434543,0.970691581010301,0.973754144210711,0.972377317704056,0.97993672523316,0.980588213120957,0.933169365944609,0.933235792241788,0.892155846527743,0.901013385671598,0.902474713446802,0.932145777888922,0.948990483628627,0.954993126160182,0.954441967998732,0.962337906753827,0.96414943306912,0.963867857769162,0.959746078270711,0.964412387318081,0.963922205308481,0.967961315240729,0.964042453381133,0.965462053451222,0.965913222870671,0.968282843654933,0.965504947656793,0.966429591752104,0.963836291292564,0.959660584353825,0.922837203144755,0.921467993776026,0.948119367061621,0.97140593749179,0.969958910821165,0.976343625310983,0.975934184564614,0.975888472656244,0.982625908396698,0.973569019269571,0.972859576179368,0.964519296668001,0.96005861010763,0.957030777402858,0.956953999007203,0.944580360755229,0.940464724457786,0.939432196637736,0.952695432915434,0.984469107557699,1.00907831564874,1.01162265863284,1.01475090410402,1.01755388459034,1.01755388459034,1.01453701371839,1.01631584421305,1.00306561369738,1.00306561369738
9,127,1.01067173926033,1.01050786585547,1.0079038335526,1.00680782024642,1.005284647834,0.996866533730512,0.992925379638491,0.990336040143088,0.990249351444008,0.983918375677062,0.988097191647071,0.990292430316463,1.00041143396308,1.00802656601663,1.00778300038734,1.00700882326854,1.00260051680606,1.00108032262474,0.999228127588083,0.99892358658623,0.991677964690255,0.991253684190679,0.943601276543022,0.980280481978083,0.97999956680952,0.992246522337435,1.00814566485634,1.00761184415718,1.00659639568518,1.02125299907916,1.02389745590594,1.02528951267176,1.01647752101777,0.986460330723737,0.979888478281146,0.975782102105731,0.960048653034008,0.949702755488649,0.94954945639709,0.943023477567417,0.944571568811404,0.979463123398577,0.980441281143515,0.992058470541875,0.995241393204572,0.995172348900986,0.999982461821431,1.0037889445056,1.00519042316621,1.00542384736095,0.999743672120263,0.993835464348498,0.992389995055683,0.988668797510664,0.988999637062575,0.985060868739328,0.991934397494084,0.998170875499962,0.997949140397142,0.999191207215498,0.998379110780786,0.999722165235909,1.00002264461285,0.990883388903106,0.991701396187538,0.993503398842848,0.947026050520062,0.877188828518071,0.87670071616328,0.846305978067957,0.832886960899464,0.819138789703167,0.812567682787568,0.867778033613433,0.896898031475322,0.895163423885384,0.944053519420755,0.979660773837045,1.00605175934607,1.00494367770903,1.00808190790141,1.00589177159072,1.00589177159072,1.00415760187046,0.995298103228181,0.99615655402475,0.973550202646662,0.885652759831222,0.821947193742736,0.82248519916625,0.811552916343045,0.833358128608499,0.833358128608499,0.844493636253666,0.847667854933569,0.847666410739923,0.851412939741795,0.8453593327306,0.845238898714384,0.845808446377534,0.847183694859372,0.845045374290849,0.844882734225219,0.840198549279919,0.842565644020714,0.840333488016732,0.840714603743167,0.847300865000278,0.843267411685895,0.843491205021528,0.848425111439346,0.861566115216078,0.861287347394716,0.870954289515777,0.877234699247569,0.871957031455986,0.87193796168271,0.87166721047287,0.870094414484525
9,128,1.00901620269132,1.01378357207514,1.01425999391201,1.01425999391201,1.01314163019624,1.00819954861156,1.00788892520798,1.00217739206613,0.996822141698202,0.997911887855598,0.991976631399436,0.990056218851769,0.991813077653194,0.992429738533922,0.989568439385386,0.993253714129399,0.994729327238963,0.988696377496079,0.990015187085671,0.988367532396857,0.990331967439715,0.965320710453368,0.888897106682219,0.888724737948402,0.888467048647481,0.913498187947918,0.913050313205604,0.931159857101079,0.936737110998147,0.936396692051812,0.919542577614734,0.917795139124643,0.915624034954424,0.913981255885413,0.916649995581694,0.908847300211963,0.908847300211963,0.913242833682816,0.910555626502892,0.927678568271435,0.927224889978447,0.951881876548639,NaN,NaN,NaN,NaN,NaN,NaN,NaN,NaN,NaN,0.975995186940243,1.01059231184303,1.01023472641186,1.01759162408278,1.02888743612832,1.08230622474832,1.08230622474832,1.08052436001724,1.11224518196016,1.11224187923393,1.10785501680008,NaN,NaN,NaN,NaN,NaN,NaN,1.13274302100635,1.13985008452333,1.13835174027312,1.12718807979492,1.11244679770539,1.12021905127525,1.12058570407472,NaN,NaN,NaN,NaN,NaN,NaN,1.07972700400893,1.0775353786423,1.06537556126151,1.07393545181236,1.08636695040844,1.09656830880714,1.09656830880714,1.09804091449289,1.09177262177683,1.09183810805383,1.07502516600025,1.07483576731848,1.07064319901357,1.07072091367657,1.06413934392404,1.0657337322481,1.06705423249883,1.06310171337279,1.06437577645381,1.05798074010334,1.06364587427466,1.05416332609989,1.06360128052572,1.06349039769602,1.06370671109094,1.05970430764758,1.05970430764758,1.0679879554534,1.06052099568005,1.06099496898565,1.06013759011002,1.05121686177846,1.05563173958162,1.05669304479356,1.05975012867935,1.0665995486223,1.06153191350462,1.06152003458234
9,129,0.982681856605186,0.982681856605186,1.00439082462903,1.01762212406042,1.02113356297932,1.02096424729065,1.02777316610108,1.02222238525763,1.02297637602408,1.00739220802883,1.00496766826307,1.00362705716741,1.00362707325513,0.987048844125535,0.984672065789262,0.984338836337906,0.978284969709731,0.971797438885263,0.971797438885263,0.966967904738036,0.961756275507939,0.927344839675688,0.927279455923606,0.921470030310365,0.942219465213854,0.942343092915935,0.969239679073249,0.987713565399216,0.990280454138623,0.992453722393498,0.991177290571243,0.985187607668957,0.981452138497114,0.975877040513998,0.975591817162687,0.975859873218201,0.968174053754085,0.962411686902572,0.964621676641376,0.965658813168881,0.949452871842026,0.947098679546986,0.945916449002239,0.937725958159998,0.934261377606526,0.932805900040634,0.950068647194268,0.984365399037099,0.984880953114568,0.985085333875078,0.970006199683931,0.963434731569227,0.963434731569227,NaN,NaN,NaN,NaN,NaN,NaN,NaN,0.935449626239712,0.955299869044964,0.955476527463025,0.979183264003165,1.00149029615384,1.00198658626326,0.994782499617036,1.01421051843617,1.02555150652571,1.02163500807446,1.02493808249638,1.02638514431032,1.02731298699154,1.01411564263232,0.995394085804063,0.985229351892734,0.985593592065351,0.981662817657329,0.974782623842423,0.974782623842423,0.979818732328586,0.972884019170197,0.972425839297069,0.9718358445377,0.972142615552876,0.969584116156969,0.969584116156969,0.966583924040812,0.967547158422326,0.965792984445703,0.963525519674264,0.961477364674508,0.961477364674508,0.954776521109368,0.95684342089982,0.959778000942025,0.962378917496318,0.962092257812294,0.964222047717517,0.96359343969067,0.960464887457564,0.967014039509724,0.968452109831603,0.972892188912172,0.972420707781423,0.963950394183878,0.965177720836195,0.969289578099072,0.95948317479695,0.95948317479695,0.959053033446661,0.96105417315143,0.962603359232631,0.963319194082584,0.969612609221826,0.971969955209299,0.968608169627144,0.964822032695129,0.970974233653564
9,130,1.00787473230084,1.00769769363706,1.00428223984383,1.00077704883594,1.00609899180178,1.00242024134622,1.00539845631919,1.00103722811124,1.00118145936431,0.998496617822413,0.997871298476222,0.9969886628272,0.997768079691299,0.996750081053525,0.996750081053525,0.998300402471932,1.00378374849894,0.989815815554294,0.986707120990231,0.970641442361111,0.967030137816418,0.964831114129498,0.980740797204324,0.981850484028043,0.981621642689382,0.978568319687788,0.987840571748835,0.98529490581371,0.985516351838103,0.992549176896701,0.999888560615379,0.999888560615379,1.00081642523914,0.994523775023918,0.99809657804754,0.998882538403075,1.00177361909117,0.993955730259064,0.993800078696026,0.991266542486677,0.988387421958157,0.98797087477685,0.989007101995275,0.988613268275594,0.989108248394102,0.988971242228662,0.993700863968361,0.988651897413917,0.988458079520519,0.96863912793967,0.985879560825676,0.985129386866127,0.99351768974459,0.999367808170873,1.0063965011527,1.0071268207327,1.0205540173472,1.02139619897376,1.02065936271161,1.00966370438199,1.00551011787642,1.00462788572699,1.00349553841867,0.998850390226235,0.998015041496383,0.99748129141766,0.986854933577257,0.988336486353856,0.988376168232634,0.987963931118119,0.985041222770364,0.982711851925245,0.984669362001943,0.947160659276658,0.912671332057403,0.912552202667101,0.919421393984879,NaN,NaN,NaN,NaN,NaN,NaN,NaN,NaN,NaN,1.03834418845355,1.05303158243363,1.05322115569967,1.08570939216094,NaN,NaN,NaN,NaN,NaN,NaN,NaN,NaN,NaN,NaN,NaN,NaN,NaN,NaN,0.943561518499202,0.941070319938058,0.938313274083853,0.93976401236711,0.935271280822383,0.934988231358519,0.936135881717288,0.936630571767131,0.936579075128181,0.944389622496649,0.942161125648521,NaN,NaN,NaN,NaN
9,131,1.00185276005783,1.00782227755223,1.00151260170241,1.00023084196135,1.00070170244601,0.997869156721042,0.989751773531945,0.997206923925606,0.999076373213512,0.995068747061888,0.995068730328707,0.996430570792193,1.00257256676322,1.00755315258412,1.00768350924891,1.00245568574524,0.999198110751524,1.00118819659031,0.996756319021947,0.99804374866383,0.998193235917571,0.960752056665098,0.942541677403209,0.982507132592391,0.982373977202542,0.995210956716475,1.01348947126287,1.01263118307717,1.0206879107147,1.01866615221404,1.0187950254894,1.01631313700622,1.00624068283956,1.00323900067352,1.00436600978043,1.00159634476953,1.00047023150293,1.00047023150293,0.992917753689468,0.994321035840109,0.989611096672723,0.989449994324056,0.99181004625814,0.988258751419212,0.988263353365234,0.993855516966427,0.991584685380231,0.984818229273573,0.987823043400493,0.976176615441878,0.946678649456628,0.949164350165445,0.9299280490778,NaN,NaN,NaN,NaN,NaN,NaN,0.93400693498961,0.933087700233447,0.933290793401233,0.938976162603615,0.940497455248432,0.939652977625071,0.944345331054459,0.939205922337949,NaN,NaN,NaN,NaN,NaN,NaN,0.916604562901733,0.902985297769974,0.902770625912544,0.903732812276024,0.904881443884919,0.904326073505121,0.907222889657721,0.899830561971986,0.899806318279184,0.896983249988458,0.901415526050813,0.891748871635664,0.890341570435696,0.904474332769662,0.904289262396991,0.903591633537047,NaN,NaN,NaN,NaN,NaN,NaN,NaN,0.907420271679552,0.889342144083126,0.893108922287815,0.895364949321472,0.902465831590018,0.904194411583275,0.904463855878242,0.896831065205635,0.904964213650971,0.904857524612394,0.917886635286829,0.914701081701469,0.911289589673597,0.911367859407447,0.911243258210285,0.916958132584105,0.916958132584105,0.909109131395273,0.903952410624892,0.903294391697925,0.89891613563082,0.904327526047753,0.90627980494008
9,132,0.926888207568261,0.929798580417468,0.978603676304907,0.9965250151161,0.996593529362891,0.992974916652279,1.00826921005671,1.01216980243356,1.01962872140668,1.01755218354751,1.01979282353554,1.01951074376284,1.01766033666989,1.01197527439758,1.012521903208,1.01196499130128,1.01165928469437,1.00785612830644,1.00805467125769,1.00440139444496,1.00084794747861,1.00762223286612,0.937360862239956,0.932863220881968,0.935950426328246,0.936751565498509,0.97415531867095,0.993135536407781,0.992694748908936,1.00348641605122,0.990486000684764,0.990752845611667,0.997959252547767,0.990277364794105,0.989741049406161,0.988456737548384,0.987424607407776,0.986135172579538,0.986135172579538,0.974581109430027,0.968809473621422,0.968900476985603,0.971828664548767,0.96936633437448,0.965462659812023,0.965462659812023,0.96802994680966,0.968908136066563,0.967117785487024,0.964356430362482,0.958751535465508,0.959535491348081,0.959039246418886,0.959226251286867,0.960264872781743,0.960264872781743,0.966570561480617,0.965865728805717,0.965772686873926,0.964481267513969,0.965413416332348,0.95925048550339,0.95925048550339,0.961202112846308,0.959882306586982,0.95967744740535,0.955601424071473,0.962900946401289,0.963015186971701,0.962735604413446,0.95832808334668,0.958986269440808,0.960808944131189,0.957975327958384,0.957171675986663,0.957664895721837,0.955674330686271,0.96112961861217,0.960741962520953,0.970902429729808,0.983258799050578,0.984108312981824,0.983916494371479,0.978677918312136,0.970885129394136,0.976460151491531,0.959330255822823,0.91769717977955,0.957478745143126,0.956505296826676,0.996439076791309,NaN,NaN,NaN,NaN,NaN,NaN,NaN,NaN,NaN,NaN,0.986478171570732,0.985886964276789,1.03108566871637,1.05000102828981,1.04820495239248,1.04567601168494,1.04381985427692,1.02790956942925,1.03057500746253,1.02695636443,1.02538617902327,1.02538617902327,1.01722207847454,1.01309953573364,1.00936552222261,1.00971374374222,1.0010393638683,1.00191748579441
9,133,NaN,NaN,NaN,NaN,NaN,NaN,NaN,NaN,NaN,NaN,NaN,NaN,NaN,NaN,NaN,NaN,NaN,NaN,NaN,NaN,NaN,NaN,NaN,NaN,NaN,NaN,NaN,NaN,NaN,NaN,NaN,NaN,NaN,NaN,NaN,NaN,NaN,NaN,NaN,NaN,NaN,NaN,NaN,NaN,NaN,NaN,NaN,NaN,NaN,NaN,NaN,NaN,NaN,NaN,NaN,NaN,NaN,NaN,NaN,NaN,NaN,NaN,NaN,NaN,NaN,NaN,NaN,NaN,NaN,NaN,NaN,NaN,NaN,NaN,NaN,NaN,NaN,NaN,NaN,NaN,NaN,NaN,NaN,NaN,NaN,NaN,NaN,NaN,NaN,NaN,NaN,NaN,NaN,NaN,NaN,NaN,NaN,NaN,NaN,NaN,NaN,NaN,NaN,NaN,NaN,NaN,NaN,NaN,NaN,NaN,NaN,NaN,NaN,NaN,NaN,NaN,NaN,NaN,NaN
9,134,1.00026919631659,1.00110773860579,1.00259181310398,1.00399849812902,1.00070733338014,0.998458062885707,0.99570648088722,0.998306084157021,0.994511713507318,0.999779409007585,0.997291639731544,0.997291639731544,0.997534774153197,0.998018935260941,1.00008720097824,1.00015560678975,1.00369881986954,1.00528453009622,1.00520052340865,1.00743550440781,0.998000799048728,0.997761620137898,0.972022774482782,0.927257178427476,0.939885216924797,0.944386884023529,1.00336507084017,1.02937313971882,1.02759028904362,1.03736806844407,1.06030413034832,1.06091446726611,1.09310774930987,1.09593467385251,1.08790695766455,1.09009173331334,1.08254596484258,1.0764781923094,1.07762115130885,1.07561255619012,1.07297552297916,1.07338136148954,1.06596044396986,1.0595317402653,1.05459071068994,1.05446104090673,1.06257140627216,1.06460213561703,1.06457376137159,1.05341023248773,1.05392930745389,1.06367314407881,1.06508368894713,1.06644561588467,1.06333263485371,1.06405269388472,1.0627012678519,1.07288928865801,1.07165912694575,1.0805419208663,1.09303425321233,1.09464042698463,1.1012741744823,1.08996047402816,1.08882023940883,1.08925887413138,1.08591376198401,1.0874507892504,1.08643890342261,1.08181398421993,1.07851169252922,1.07747944923506,1.0757407028488,1.07738604874512,1.07467909428405,1.07422457028464,1.06829025764876,1.07604648265711,1.04120886502762,1.04197210503328,NaN,NaN,NaN,NaN,NaN,NaN,NaN,NaN,1.05386347440086,1.05459654262435,1.12858943214408,1.17378571742648,1.17329314919169,1.19352730362012,1.25747752442789,1.25621421577548,1.27371828323645,1.2438559338797,1.26310869123309,1.26578993769292,1.26905690853411,1.27298767268837,1.27329208676031,1.2634916092706,1.25605881984511,1.23568353142914,1.23654431897671,1.22643507917119,1.2071999699797,1.20632845483701,1.19634008098446,1.17683532273433,1.17670279189175,1.17248557262527,NaN,NaN,NaN,NaN,NaN
9,135,0.990866315382157,0.985838705899951,0.986155079204164,0.991783659658227,0.996947807375316,1.0139225443519,1.01404807844057,1.00990293019609,1.00479052364162,1.00452552762405,1.00100620004286,0.999694244495853,0.999916548221096,1.00920381466849,1.00080414787549,1.00188928482034,1.00188928482034,0.993043915865576,0.993771387415905,0.992786363937447,0.984398254321321,0.95243711288475,0.854692733163492,0.855837461429354,0.851459209650176,0.892760536589461,0.892825778153766,0.922343043813433,0.909794926558011,0.909568273199315,0.911820497936926,0.883513834981375,0.878395237676928,0.874401405582452,0.866797631238652,0.856163440267257,0.86341195699421,0.864802717885787,0.857927984386316,0.85709535357815,0.860756785004071,0.856756505862896,0.848810663318629,0.848810663318629,0.848329022795292,0.839830765192799,0.838926180866266,0.838504630908932,0.83592407228413,0.823139487020593,0.823817242024424,0.755188917840592,0.784257815476829,0.784367119725252,0.826699387001727,0.870240192315839,0.878347730628876,0.876970302016605,0.860128794553165,0.872011324061789,0.87030969991123,0.870615904792613,0.873241254083234,0.87333282347922,0.873695542804501,0.870199927369249,0.870199927369249,0.862628908142146,0.856852449104026,0.86314988244227,0.86244362649888,0.866595039229817,0.867487563478973,0.862657333940852,0.856092634210013,0.862092199929842,0.857342261937608,0.857342261937608,0.859726083001881,0.864661811688043,0.864674581267843,0.870550377791454,0.875740178533014,0.877861932123386,0.894820858567631,0.90762585333407,0.904794525193083,0.905492090163026,0.907769676033604,0.907447185457039,0.911562461420754,0.911000032013466,0.902903799463312,0.900967618959993,0.903797510633913,0.908541149334039,0.901091472308225,0.9005584502204,0.901027714173599,0.895418392113392,0.893657707661542,0.902941714356759,0.897413564328014,0.897413562495619,0.892551659664575,0.891793672826604,0.896863003298948,0.896863003298948,0.89585237262951,0.892053266398583,0.881556262979712,0.881850671658362,0.821377257055858,0.807552552358343,0.806361239220295,0.847170043389505,0.853714823831854,0.858374030687908,0.887854791163077
9,136,0.882585860647498,0.882570069701528,0.887907954248986,0.89297775427884,0.892871672328755,0.901354939996516,0.867721612220057,0.946315729771438,0.950405014404052,1.00079680771592,1.04077360321227,1.04426038735748,1.09901431688438,1.1171543533682,1.1181978621184,1.10588169414366,1.12847193069075,1.12036921845563,1.12036921845563,1.08428591836043,0.97715741618043,0.988682497270318,1.00421211909064,1.00018140129548,1.00090069374959,0.997798372082527,1.01802046022382,1.04979569486638,1.04925765641183,1.06994939212241,1.09666847034347,1.09666844394352,1.13921113540526,1.16771091074309,1.16800059083727,1.19247062151485,1.16037311649951,1.19210100174697,1.19210100174697,1.19717194879528,1.19074759293548,1.19074759293548,1.21518838424854,1.2203154155507,1.22479962515639,1.23016161714371,1.19107197133922,1.21238102362733,1.22712045986668,1.24884822666998,1.23695896699957,1.17060470784798,1.17184354107617,1.07503778210164,1.05970201971084,1.05970201971084,1.08895676135001,1.0905433239945,1.09310692319944,1.07657205150579,1.0713031827348,1.07129750011858,1.07266805287105,1.08764386530083,1.06571035980378,1.06828946500579,1.06398485169212,1.036287668948,1.04949631244519,1.04204231264994,1.03930047834707,1.02842057103441,1.03182796048816,1.0365144900517,1.03126212808145,1.02825304822821,1.03768963443355,1.03833296986768,1.0298631117731,1.03092666451745,1.03598013399491,1.03627660560812,1.0259209579498,1.02119879406942,1.00547747189781,1.00547747189781,0.944997941730934,0.92426802672765,0.89987772804283,0.8984385178879,0.94482821246764,0.926264821496594,0.926095264782139,0.914944839216061,0.94079421151678,0.942053245003215,0.961235669910252,0.957247495592456,0.972789582915766,0.973759653830568,0.968214654949769,0.972849690239804,0.972849690239804,0.969478797479858,0.954040644926348,0.954040644926348,0.951750797407074,0.948551214885639,0.936373589658484,0.936495114429278,NaN,NaN,NaN,NaN,NaN,NaN,NaN,0.719951281587836,0.768142391773746
9,137,0.939571914441195,0.940657735174224,0.882879623272456,0.89487676114453,0.893334684695696,0.948995525428439,1.01779081518729,1.02967175622506,1.02870332635984,1.03970981087911,1.03159178387438,1.0322797352051,1.06325430779963,1.05077474016638,1.05052298255261,1.00793569217684,1.04153210358012,1.05241469777395,1.05350200406315,1.05605748897659,1.06897640755197,1.06886445802359,1.04572989509545,1.02163816143354,1.0215743879024,1.05644294355413,1.07257537666177,1.07591302067748,1.07128034883317,1.0521284429168,1.05356857373437,1.05320118007104,1.04221665943087,1.02479226087121,1.02449995728528,1.03642664018988,1.01239162635419,1.0131494699541,1.0138011154405,1.01470683236365,1.01157542287022,1.01157542287022,1.00142981097377,0.991736309908839,0.993546836735562,0.99578231458352,0.994414889824286,0.996791625488751,0.997271532740074,0.993767045569399,0.990696539016314,0.963902144390738,0.963902144390738,0.992827406441073,0.981404079887699,0.98466707274992,0.983807350510775,0.982792335443693,0.975364352808574,0.988385124459906,0.986484971172793,0.980428512349038,0.982718670882659,0.977484826079571,0.965114235450747,0.965114235450747,0.961919552275503,0.963141373521406,0.963141373521406,0.958344019750637,0.973388659566864,0.971715504717537,0.97004234986821,0.968369195018883,0.968153774180878,0.977256948648202,0.967719195310713,0.957929537946914,0.95799603447608,0.945512307687152,1.04760824270806,1.14144691281272,1.1417874408765,1.16338884647653,1.17371306155844,1.17371306155844,1.09700905083864,NaN,NaN,NaN,NaN,NaN,NaN,NaN,1.15310540076001,1.15310540076001,1.23846589457813,1.28348444973763,1.29466054908071,1.29619770472052,1.3275940149541,1.34042909835802,1.34117368288879,1.3144441431683,1.29360840206937,1.29784863510913,1.3018724957524,1.25366928305785,1.2486836734448,1.24825146823228,1.24453937025731,1.13672682160467,1.13961932961441,1.08571802407203,1.04029105273161,1.04112430116712,1.04184532328151,1.05600463488797,1.0429092663009
9,138,1.0136992235258,1.00292705860885,0.992793567848165,0.991510973712148,0.996958776945287,0.996736052687804,0.996736249029135,1.00206216388747,1.00201533014248,0.996726129376556,0.996726129376556,1.00041428235356,0.999677255090084,0.999585539952691,1.00601096297282,0.996586072406469,0.99994637534488,1.00187983377389,1.00700802296535,1.02370905636679,1.02466726417374,1.01855897420774,0.915584520505884,0.916685560866428,0.890274287808972,0.939053198113723,1.00518782056473,1.00455291860958,1.02614262385247,1.01312574845733,1.01104890952294,1.00151448353097,0.986470458529801,0.986747081037442,0.978733120706616,0.986755917285312,0.964323177918929,0.965283447921026,0.96660900553243,0.961000413558651,0.959912688769396,0.963809446882276,0.965481615278279,0.965481615278279,0.961922996882398,0.959705253236881,0.961583255429206,0.961505993670077,0.962691272691179,0.956321661739559,0.953661534386512,0.961306324704524,0.981209467395639,0.990059761272713,0.991028238171308,0.937667526614812,0.892326583934053,0.893533380778554,0.89463069018332,0.949113637817494,0.952460780504374,0.98293066624399,0.968577920882605,0.954887859253945,0.954963171132066,0.943076900886305,0.974689623697391,0.97462970614887,0.95682089609181,0.943787576872673,0.942243088197602,0.927871949635709,0.924709863796423,0.921547777957137,0.918385692117851,0.915223606278565,0.916772304632319,0.917683085093329,0.923201966924126,0.899160314198304,NaN,NaN,NaN,NaN,NaN,NaN,NaN,NaN,NaN,0.915259189158819,0.942033794426466,0.942478691545347,0.981636338910657,1.03699117300745,1.04384738020613,1.09499238324048,1.13277074724371,1.13346973190979,1.22617449435467,1.27173834067083,1.30936590413061,1.30804282933064,1.31529830894159,1.31595010083203,1.31595010083203,1.31268703990832,1.31651497006128,1.31762624438,1.32061743560432,1.30605075179691,1.29730587177034,1.29589315012382,1.28336945829719,1.26511400185057,1.26511400185057,1.25814457864569,1.25368545287508,1.2480950931926,1.24729723145481
9,139,1.03026985874807,1.0161578394376,1.01753000722865,1.01753000722865,1.00079649882231,0.999479231215318,1.00523516563999,0.997919561834806,0.987815417916659,0.988304565149555,1.0056982838993,0.998592801713474,0.992429375411869,0.992830771117074,0.984113593751258,0.993538632544502,0.993538632544502,0.994029036113559,0.984190719682844,0.981992622360684,0.981477738825433,0.980409343039248,0.898206387465429,0.897709230397461,0.877203387925972,0.908034811761401,0.907424032798638,0.933739222656879,0.931102866951833,0.936737385425431,0.93693094003073,0.943845057072808,0.934483013378286,0.93449845988922,0.929367411366988,0.933840465082742,0.936401895438978,0.928773138796007,0.916888848527694,0.919122818588833,0.927491569457632,0.922533024392352,0.925955242644866,0.925955242644866,0.920562920889971,0.876030168817691,0.859547592679931,0.859270121352946,0.875579173372667,0.916774382566762,0.915460407953073,0.894789510953,0.911191798534892,0.912030124795826,0.913859353957534,0.95467327811602,0.938042118095235,0.936515791844391,0.943017010917422,0.955371688596441,0.955474004984569,0.954375063432685,0.943402152886927,0.939518785831593,0.942721967266205,0.950937779376111,0.941012765551958,0.941012765551958,0.934752183065423,0.929825177427927,0.929325956822802,0.930153513151644,0.927353500092422,0.926928040509944,0.937060764435194,0.861821795875976,0.868670312603755,0.868670312603755,0.892125652182141,0.887203456646361,0.887912903987222,0.885319940026439,0.876825078335061,0.868242325636447,0.868410019312366,0.858902653433203,0.86026100731173,0.860112663078152,0.864837522099232,0.85817257654798,0.860259243721481,0.859756172457764,0.85739088660122,0.856547728573082,0.863641233902745,0.862360767955697,0.854878911159618,0.854878911159618,0.863418901314812,0.850780185952049,0.85149941960556,0.856997229918385,0.858801530876439,0.866939786831477,0.865448377206225,0.831092789100625,0.751712481606174,0.753809885051388,0.718201916769613,0.737842240837631,0.752547032717227,0.753063943384068,0.773878535896035,0.782623081604228,0.7824168548494,0.804674290717931,0.9073371219981,0.906854355068521,0.909034439665347
9,140,NaN,NaN,NaN,NaN,NaN,NaN,NaN,NaN,NaN,NaN,NaN,NaN,NaN,NaN,NaN,NaN,NaN,NaN,NaN,NaN,NaN,NaN,NaN,NaN,NaN,NaN,NaN,NaN,NaN,NaN,NaN,NaN,NaN,NaN,NaN,NaN,NaN,NaN,NaN,NaN,NaN,NaN,NaN,NaN,NaN,NaN,NaN,NaN,NaN,NaN,NaN,NaN,NaN,NaN,NaN,NaN,NaN,NaN,NaN,NaN,NaN,NaN,NaN,NaN,NaN,NaN,NaN,NaN,NaN,NaN,NaN,NaN,NaN,NaN,NaN,NaN,NaN,NaN,NaN,NaN,NaN,NaN,NaN,NaN,NaN,NaN,NaN,NaN,NaN,NaN,NaN,NaN,NaN,NaN,NaN,NaN,NaN,NaN,NaN,NaN,NaN,NaN,NaN,NaN,NaN,NaN,NaN,NaN,NaN,NaN,NaN,NaN,NaN,NaN,NaN,NaN,NaN,NaN,NaN
