   0.0000000e+00   2.2292618e-15   0.0000000e+00   0.0000000e+00   0.0000000e+00  -3.3420457e-18
   6.1410298e-03   1.8080250e-02  -1.4248445e-01  -3.1559305e-04  -3.2667064e-04  -5.6465889e-04
  -4.0060297e-03  -1.2425071e-01  -4.4180249e-02  -1.6187402e-03   4.7656736e-04  -4.4112273e-04
  -1.1339844e-02   2.8209780e-02  -3.0152815e-01  -4.0953051e-04  -4.6930416e-04  -1.5653811e-04
  -2.7793534e-02  -3.4832609e-03  -2.0239468e-01  -8.8753712e-04   5.6770620e-04   1.2436581e-04
  -2.4503183e-02  -2.6739546e-02  -2.3431702e-01  -6.6120096e-05   4.8971349e-04  -2.2201787e-04
  -2.5538664e-02   2.0312219e-02  -2.1374986e-01  -9.3648375e-05   1.7847826e-04  -1.9099470e-04
  -2.5760252e-02   3.4157718e-02  -2.3812001e-01  -8.0788457e-04  -6.3821889e-05  -2.6296321e-04
   2.7566384e-03  -7.1039330e-02  -2.9741504e-01  -9.2530547e-04   4.8779441e-04  -5.8618584e-04
  -3.4088785e-02   1.6469452e-02  -4.1923941e-01  -2.5696455e-04  -7.8406798e-06  -2.2006104e-04
  -5.1650763e-02  -2.5367538e-02  -3.2415845e-01  -6.6636712e-04   3.0153979e-04  -2.5229919e-04
  -5.2158981e-02  -1.3046257e-02  -3.5839967e-01  -4.6205078e-04   2.0040040e-04  -3.5569206e-04
  -4.7745444e-02   2.4219946e-02  -3.1725101e-01  -3.9171845e-04   2.0509931e-04  -4.2827755e-04
  -7.3598049e-02   4.9235729e-01   3.5902287e-02  -1.3670898e-03  -4.2840839e-04   7.5295315e-04
  -1.3906890e-01   1.9534657e-01   1.9242107e+00  -1.3399186e-03  -1.5556971e-04   3.5937098e-03
  -8.9246972e-02   5.9001078e-01  -1.1829067e+00  -1.3100316e-02  -2.2779531e-05   5.4378463e-03
  -1.1324095e-01   6.1639707e-01  -2.9628439e-01  -2.6923254e-03   1.3544885e-03   3.7803601e-03
  -1.1089015e-01   5.2418138e-01  -2.0554352e-01  -2.2203270e-03   1.2689677e-03   3.7714896e-03
  -1.0337974e-01   4.7812861e-01  -1.0751614e-01  -2.0521954e-03   1.0093753e-03   3.6926277e-03
  -1.2561947e-01   4.5710618e-01  -7.3394257e-02  -1.9274266e-03   1.3419331e-03   3.9088503e-03
  -1.1436413e-01   4.4262340e-01  -4.9279035e-02  -2.4153144e-03   1.4583373e-03   3.5908636e-03
  -1.1960887e-01   4.4005817e-01  -4.4261232e-02  -2.1863078e-03   1.2015158e-03   3.7213130e-03
  -1.1941775e-01   4.1462143e-01  -3.5296890e-02  -2.2727086e-03   1.2880237e-03   3.6586882e-03
  -1.1748272e-01   4.2957516e-01  -6.5255275e-03  -2.3228963e-03   1.4471958e-03   3.4321273e-03
  -1.2633754e-01   5.7058429e-01   6.4893117e-02  -1.7878797e-03   1.7656199e-03   3.6464386e-03
  -1.1965901e-01   1.6716962e-01  -1.4917365e+00  -1.1145412e-02  -1.8041571e-03   4.7742883e-03
  -2.2995341e-01   3.1227630e-01   3.3368254e+00   1.2456472e-02   2.8068758e-03   4.8793409e-03
  -2.0326794e-01   2.3790208e-01   2.8365379e+00   6.9125689e-03   2.8606661e-03   4.2558541e-03
  -1.8076646e-01   1.9580858e-01   2.7557129e+00   6.1463850e-03   2.6857985e-03   3.9861751e-03
  -1.7529906e-01   1.8258940e-01   2.7493761e+00   6.0995480e-03   2.4404570e-03   3.7998655e-03
  -1.6875341e-01   1.9800628e-01   2.7165106e+00   5.9488912e-03   2.4260094e-03   3.7007388e-03
  -1.8406107e-01   1.6861778e-01   2.7188791e+00   5.6652312e-03   2.2210056e-03   3.6649751e-03
  -1.8450528e-01   1.6678188e-01   2.7070577e+00   5.7354028e-03   2.3565847e-03   3.7342759e-03
  -1.8037514e-01   1.3933978e-01   2.6907887e+00   5.8671302e-03   2.2818502e-03   3.7060770e-03
  -1.9784242e-01   1.5261823e-01   2.6722611e+00   5.9825321e-03   2.1203561e-03   3.6951048e-03
  -1.8032122e-01   1.2443789e-01   2.6735059e+00   5.7369745e-03   2.0215522e-03   3.4064796e-03
  -1.8881323e-01   1.4198823e-01   2.6474077e+00   5.6559538e-03   2.0078157e-03   3.4005260e-03
  -2.3639053e-01   3.8010176e-01   2.7169690e+00   7.0632443e-03   2.5042511e-03   4.6187669e-03
  -2.3215061e-01   2.8932840e-01   2.7186832e+00   6.1804718e-03   2.0953276e-03   4.1143993e-03
  -1.7839575e-01   2.4542926e-01   2.4203610e+00   4.6057461e-03   3.8464802e-04   3.2647494e-03
  -1.4208919e-01   2.6583347e-01   1.9932262e+00   2.8415001e-03   2.3692229e-04   2.0082649e-03
  -1.8940921e-01   3.0834285e-01   9.5548296e-01  -2.7510283e-03  -8.7200337e-05   3.4358208e-03
  -1.8820168e-01   2.0047733e-01   1.3283152e+00   3.5517960e-04   2.3083988e-03   4.3157834e-03
  -2.0740480e-01   2.8741759e-01   1.2187169e+00  -5.8504618e-04   7.2575540e-04   3.8323144e-03
  -1.8069972e-01   2.5317346e-01   1.2313580e+00  -8.7843413e-04   6.6015619e-04   3.3342676e-03
  -1.6711110e-01   1.1244981e-01   1.0558654e+00  -7.3109279e-04   1.1009475e-03   2.9474986e-03
  -1.9395430e-01   2.3064811e-01   1.1208551e+00  -4.5908569e-04   5.4198600e-04   3.0038621e-03
  -1.9523826e-01   1.9707473e-01   1.1351838e+00  -5.6709793e-04   3.6209730e-04   3.0473727e-03
  -1.6853747e-01   1.7455863e-01   1.1812423e+00  -6.8528283e-05   1.0896983e-03   2.6929597e-03
  -1.7257810e-01   2.6441022e-01   1.0872643e+00  -8.6968681e-04   8.0886342e-05   2.7742865e-03
  -2.0868722e-01   2.8291304e-01   1.1208066e+00  -5.9993717e-04   3.1460186e-04   3.2960861e-03
  -1.8771771e-01   2.1656031e-01   1.1371873e+00  -8.3465267e-04   3.4682347e-04   2.7187625e-03
  -1.9996017e-01   2.5496353e-01   1.1291827e+00  -1.1798918e-03   1.7099685e-04   3.2503730e-03
  -1.9343033e-01   2.2454855e-01   1.1487933e+00  -5.9788369e-04   2.1412923e-04   2.7982354e-03
  -2.0582715e-01   1.7204504e-01   1.2513051e+00  -1.3857512e-04   3.6619491e-04   2.9656357e-03
  -1.9204788e-01   1.6854049e-01   1.2654077e+00  -7.0907633e-04   2.5150730e-04   2.6012883e-03
  -1.8238906e-01   1.7554231e-01   1.1771933e+00  -7.6050877e-04  -6.5674303e-05   2.0868176e-03
  -2.1191356e-01   1.2068260e-02   1.0753356e+00  -7.4135164e-04   1.5891535e-03   2.4616575e-03
  -2.1184042e-01   1.5639650e-01   9.5898215e-01  -1.0681469e-03   5.6275643e-04   2.2211106e-03
  -2.1571171e-01   1.1848692e-01   1.0883489e+00  -5.8182437e-04   4.1715490e-04   2.8531181e-03
  -2.2282559e-01   2.6683714e-01   7.7010428e-01  -9.5271906e-04   2.9814166e-04   2.6869266e-03
  -2.2474482e-01   2.4463435e-01   8.4469712e-01  -1.8080559e-03   6.6547201e-05   2.7542478e-03
  -2.2310894e-01   8.3586075e-02   8.2335797e-01  -2.5108778e-03   1.2456730e-04   3.4812949e-03
  -2.3672586e-01   1.8608477e-01   9.9768171e-01  -5.6088362e-05   2.2072323e-04   2.7892262e-03
  -2.1882490e-01   5.4981663e-02   1.0460095e+00  -1.9092888e-03   1.0641499e-03   2.9924451e-03
  -2.1728200e-01   1.8794083e-02   8.5895959e-01   5.5749250e-04   9.4225418e-04   2.4109776e-03
  -2.5450318e-01   7.4275778e-02   1.0215351e+00   6.4173620e-04   8.5407436e-04   2.5936067e-03
  -2.6018698e-01   5.0435707e-02   9.8792871e-01  -7.9920668e-05   1.3601092e-03   2.7455864e-03
  -2.3928030e-01   8.9094390e-02   1.0053778e+00  -5.5531441e-04   7.9449433e-04   2.7800686e-03
  -2.4917364e-01   7.4024096e-02   8.9611149e-01   1.5742256e-04   5.7407739e-04   2.1712022e-03
  -2.4517427e-01   1.0145021e-01   8.2055868e-01  -4.2641375e-04   8.2624525e-04   2.0472592e-03
  -2.4110474e-01   1.2616388e-01   4.0572194e-01  -9.1336402e-04   7.5838917e-04   2.7954451e-03
  -2.5946018e-01   2.1140788e-01   2.0800471e-01  -2.5931168e-03   2.2539219e-04   2.3577485e-03
  -2.6087607e-01   2.4444096e-01   2.7004080e-01  -2.7118764e-03   9.4141402e-05   2.6708199e-03
  -2.6849396e-01   2.1909823e-01   2.7204119e-01  -2.8873634e-03   1.8272219e-05   2.3854868e-03
  -2.6687922e-01   2.0499069e-01   2.7761572e-01  -2.7376355e-03   1.0453622e-04   2.2772587e-03
  -2.6634054e-01   2.0296969e-01   5.2836814e-01  -2.6160412e-03   6.3095403e-04   2.7625139e-03
  -2.7018375e-01   2.0838706e-01   3.7044665e-01  -1.9424497e-03  -2.5554251e-04   2.2140917e-03
  -2.5887741e-01   1.2362772e-02   6.8766925e-01  -5.8524527e-04   2.8122106e-04   2.8490191e-03
  -2.5202959e-01   1.5180349e-01   2.3399770e-01  -1.8568258e-03  -1.1291290e-04   2.1482241e-03
  -2.6511044e-01   1.2816945e-01   2.4420271e-01  -2.1911981e-03   5.2630574e-04   2.2936290e-03
  -2.6089249e-01   9.2216404e-02   1.9877544e-01  -1.9026516e-03   3.8320707e-04   2.1470375e-03
  -2.3749189e-01   2.0247370e-02   7.0345519e-02  -1.1387513e-03   9.7281135e-04   1.9159548e-03
  -3.1672871e-01   3.0403257e-02  -1.9180508e-01  -3.6745520e-03   4.0968360e-04   2.9982261e-03
  -2.9333929e-01  -1.6027255e-02   1.2608213e-01  -1.7762457e-03   1.9918625e-04   2.3410166e-03
  -2.8355269e-01  -2.1659184e-01   4.1142076e-01  -2.2435655e-04   1.0896773e-03   2.0082639e-03
  -2.4098718e-01  -2.1626473e-01   5.0117336e-01  -9.8454355e-05   1.2749357e-03   1.2104191e-03
  -2.5654820e-01  -2.9698407e-01   2.0668607e-01  -4.2326608e-04   1.1205833e-03   5.1105699e-04
  -2.5214391e-01  -3.7617815e-01   5.0434406e-01   6.0893340e-04   1.3998210e-03  -5.8879712e-05
  -2.7591186e-01  -4.6347471e-01   5.6364455e-01   6.3457358e-04   1.3359221e-03  -3.2757854e-04
  -3.0677442e-01  -2.1097786e-01   2.5357068e-01   2.2933345e-03   1.3118258e-03   2.6358751e-04
  -2.8791775e-01  -3.9639717e-01   4.5144260e-01   2.3385159e-03   1.4572394e-03  -6.5347969e-04
  -3.0863983e-01  -3.8812425e-01   5.3995427e-01   1.6189922e-03   1.6948092e-03   1.5705509e-03
  -2.9185938e-01  -4.1450582e-01   7.3927832e-01   1.5511130e-03   2.0790523e-03   4.5476248e-04
  -2.9687493e-01  -4.7306240e-01   8.0368842e-01   5.6662854e-04   2.3952009e-03   1.8657767e-04
  -3.2418146e-01  -1.1411580e-01   3.5606483e-01   9.7865922e-04   1.0613791e-03   8.6435304e-04
  -3.3764368e-01  -1.8537068e-01   3.8623813e-01   6.8482748e-04   1.2240018e-03   4.6572045e-04
  -3.8520763e-01  -1.7944543e-01   7.5596632e-01   1.3282412e-03   1.5118200e-03   2.0654841e-03
  -2.9151433e-01  -4.6871328e-01   5.5147694e-01   1.3831679e-04   1.8660387e-03   4.2667639e-04
  -3.2575569e-01  -3.3289764e-01   4.1054507e-01   9.8321951e-04   1.3886773e-03   1.5283269e-03
  -3.0562484e-01  -3.5777084e-01   5.7968499e-01   1.4361040e-03   1.2817455e-03   5.8673527e-04
  -2.9457813e-01  -3.7737949e-01   6.0971172e-01  -1.8970541e-03   1.7198011e-03   2.2492937e-04
  -3.0596752e-01  -7.1997506e-02   4.3251006e-01  -2.5348237e-04   8.6750932e-04   8.6090955e-04
  -3.2780739e-01  -1.6559153e-02   3.5918109e-01  -1.5337168e-03   6.8767119e-04   9.2777231e-04
  -2.9697198e-01   1.6603850e-02   1.3482356e-01  -1.6934710e-03   3.8000007e-04   8.1144877e-04
  -3.1944922e-01   1.3950518e-02   2.9496314e-01  -1.1471873e-03   9.4335276e-04   1.3535330e-03
  -3.1811104e-01  -1.3561184e-02   1.7397684e-01  -1.7226894e-03   9.8273551e-04   1.0440782e-03
  -3.1038931e-01   6.3804062e-02   1.3730301e-01  -1.9268541e-03   6.5079005e-04   1.2385987e-03
  -3.2182766e-01   3.0360592e-01   2.8152870e-01  -2.0309844e-03   2.4670988e-04   2.0221657e-03
  -3.2446611e-01   2.9946610e-01  -6.3272358e-02  -3.9358299e-03  -8.9464357e-05   2.6361707e-03
  -3.3449824e-01   1.9009646e-01   2.0540861e-01  -4.5950255e-03   8.0599054e-04   2.4312850e-03
  -3.4673871e-01   9.3381798e-02   4.1314580e-01  -9.6834609e-06   8.9371667e-04   2.5119029e-03
  -3.6105335e-01   1.5121695e-01   2.1345956e-02  -2.1447709e-03   3.7766025e-04   1.8348184e-03
  -2.9100889e-01  -6.4486812e-02  -6.8641001e-02  -4.0025272e-03   8.8097731e-04   1.9779372e-03
  -3.2331372e-01   1.7704426e-01   1.5401374e-02  -1.9855965e-03  -1.8147106e-04   1.7821950e-03
  -3.4109881e-01   1.5389348e-01  -5.6060896e-02  -3.2175193e-03  -2.4211728e-04   1.6611754e-03
  -3.1036358e-01   1.7871530e-01   2.2015905e-01  -1.4240632e-03  -2.1337821e-04   2.5166042e-03
  -3.2894629e-01   2.0051163e-01  -2.8665139e-01  -4.4013304e-03  -6.9956769e-04   1.9392309e-03
  -3.4947383e-01   1.2196440e-01   2.0067183e-01  -3.3055957e-03   4.6667800e-04   2.6745080e-03
  -3.4315185e-01   6.9244450e-02  -4.7561776e-03  -2.2286841e-03   1.8905764e-04   1.9214776e-03
  -3.3951939e-01   1.3651572e-01   3.8680413e-01  -8.8646444e-04   8.8014849e-04   2.4274439e-03
  -3.4943258e-01   1.6646750e-01   1.0475777e-01  -2.9612168e-03  -1.8534985e-04   2.6614983e-03
  -3.6748050e-01   1.3138168e-01   4.0027733e-01  -1.3021996e-03   4.6235995e-04   2.7030173e-03
  -3.8038434e-01   1.2302660e-01   3.3014940e-01  -2.0121529e-03   1.5628913e-04   2.2697087e-03
  -3.8269647e-01   5.0697039e-02   4.0745106e-01  -1.7431958e-03   8.3291902e-04   2.5096894e-03
  -3.7465272e-01   6.8355030e-02   3.6195790e-01  -1.3268354e-03   5.1527393e-04   2.1808662e-03
  -3.7505083e-01   2.5358053e-02   4.0223513e-01  -1.2597967e-03   1.1626815e-03   2.0696909e-03
  -3.8376592e-01   4.2298389e-02   3.3928673e-01  -8.6446203e-04   1.2577707e-03   2.2387642e-03
  -3.7502846e-01   2.6968547e-02   2.1986760e-01  -1.6952549e-03   1.5054461e-03   2.8634821e-03
  -4.0279161e-01   6.8467988e-02  -1.7474096e-01  -3.9911441e-03   5.8691478e-04   3.8661695e-03
  -3.8320467e-01   3.0176491e-02  -8.5984035e-01  -4.6376931e-03   4.7573142e-04   4.0625422e-03
  -3.5647995e-01   3.0074740e-01  -5.6085545e-01  -6.2353685e-03  -2.0281956e-04   3.0131059e-03
  -3.6483672e-01   2.7919678e-01  -2.0064472e-01  -3.6845252e-03  -7.4326179e-04   2.5700860e-03
  -3.5503755e-01   2.1065684e-01  -1.8801998e-01  -3.6345483e-03  -7.0389909e-04   2.1356641e-03
  -3.5665953e-01   4.6797099e-02   2.1872424e-01  -1.3629903e-03   1.5282271e-04   2.4844024e-03
  -3.7015261e-01   1.4502291e-01  -5.0314274e-01  -2.9598297e-03  -7.5532373e-04   1.8088651e-03
  -3.7122902e-01   1.0849655e-01  -5.1451877e-01  -3.2654621e-03  -4.8238470e-04   1.8414793e-03
  -3.6379972e-01   1.3591045e-01  -5.3531562e-01  -3.3901972e-03  -3.5789905e-04   1.5905769e-03
  -3.7302392e-01   1.3006670e-01  -5.4290083e-01  -3.4456032e-03  -4.2973204e-04   1.5593297e-03
  -3.5951236e-01   5.8326254e-02   4.3728649e-02  -2.3605346e-03   4.3921287e-04   1.7096103e-03
  -3.6778136e-01   5.7727310e-02  -2.2203505e-01  -2.4820606e-03  -2.7853389e-04   1.3164394e-03
  -3.7531729e-01   7.6627287e-02  -2.0242813e-01  -2.7563695e-03  -4.4549765e-04   1.4103863e-03
  -3.7887080e-01   2.0399882e-02   3.1282855e-03  -1.9389027e-03   7.5065728e-04   1.6973056e-03
  -3.9660204e-01   1.1537967e-01  -4.6783866e-02  -2.1365152e-03  -1.5111170e-04   1.7095141e-03
  -3.8691852e-01   8.5877067e-02  -6.1056525e-02  -1.9176363e-03   5.9362973e-05   1.7183807e-03
  -3.1430602e-01  -2.7548887e-02  -8.9264958e-03  -5.1060048e-03   7.1657506e-04   1.6226808e-03
  -3.8751004e-01   8.0946225e-02   2.0436128e-01  -1.4551587e-03  -6.4242058e-05   1.8460267e-03
  -3.9953727e-01   8.7011730e-02   1.4781288e-02  -2.0624688e-03   9.0110808e-05   1.3593344e-03
  -3.6918159e-01  -2.9210810e-02   5.5533229e-02   2.1052819e-05  -2.9173127e-04   1.6781578e-03
  -3.8412835e-01  -1.3985506e-02  -2.5465997e-01  -2.3764160e-03   7.0433274e-04   1.1732409e-03
  -3.6967121e-01  -4.5554650e-03  -1.8709955e-01  -2.3323191e-03   8.2634634e-04   1.0505312e-03
  -3.8249265e-01   5.7792107e-02   1.2473033e-01  -8.1716329e-04   4.5729006e-04   1.9137088e-03
  -3.7379145e-01   1.0946744e-01  -8.3783884e-02  -4.4612616e-03   3.6051068e-04   2.4469651e-03
  -3.6255848e-01   1.5845492e-01  -6.9680983e-01  -3.3352336e-03  -5.5775835e-04   1.4228541e-03
  -3.7444600e-01   1.0665177e-01  -8.1231600e-01  -4.2761158e-03  -1.1223547e-04   1.4136806e-03
  -3.8114079e-01   1.0524667e-01  -7.6386746e-01  -5.0256142e-03  -2.5770719e-04   1.8347003e-03
  -3.7959339e-01   8.9205188e-02  -3.9787034e-01  -2.5731596e-03   2.2885813e-04   1.2022658e-03
  -3.8400966e-01   1.7697714e-01   8.1433264e-02   1.6524134e-04   3.5902818e-04   2.4074220e-03
  -3.9659689e-01   1.2960718e-01  -3.5174597e-01  -2.9460252e-03  -1.4214835e-04   1.8542766e-03
  -3.9092966e-01   1.2256509e-01  -3.9453453e-01  -3.4424541e-03  -2.6212949e-05   1.5788908e-03
  -3.5879905e-01   2.5190818e-02  -4.2277959e-01  -4.4558224e-03   3.8833408e-04   1.7434299e-03
  -4.0158847e-01   8.0453490e-02  -2.0356899e-01  -1.9469088e-03   1.5917744e-04   2.0446842e-03
  -4.0543205e-01   6.8074261e-02  -2.2361387e-01  -2.8861037e-03   2.7848114e-04   1.9567744e-03
  -4.0613272e-01   6.7654577e-02  -2.5393900e-01  -2.7988844e-03   7.0303109e-04   2.0041616e-03
  -3.8542952e-01   9.0394480e-02  -5.7592338e-01  -5.5937934e-04  -4.5977465e-04   1.8645871e-03
  -4.2012724e-01   1.3533555e-01  -6.2504496e-01  -3.6219140e-03  -4.5872868e-04   1.8954110e-03
  -4.1086064e-01   1.2374604e-01  -6.1143589e-01  -3.6602906e-03  -1.6009757e-04   1.7487342e-03
  -4.1882893e-01   2.1736095e-01   3.5707849e-02  -8.9259221e-04   1.3842345e-03   3.2440764e-03
  -4.4101761e-01   2.1233857e-01  -3.2856523e-01  -2.8036562e-03  -1.7283876e-04   2.9613010e-03
  -3.8992199e-01  -9.9020632e-02  -3.2284911e-01  -6.3374291e-03   2.7855873e-04   2.5111246e-03
  -4.0370026e-01   1.6220343e-01  -5.1113191e-01  -2.8771742e-03  -4.8423998e-04   1.8445018e-03
  -3.9391234e-01  -9.7998783e-02  -6.1053758e-01  -5.1090931e-03   1.2421043e-04   2.4659646e-03
  -4.1174469e-01   1.1516282e-01  -6.3452890e-01  -2.2820944e-03  -6.2924394e-05   1.5279049e-03
  -4.1022368e-01   9.6712797e-02  -6.0837545e-01  -3.0769458e-03   2.8701072e-05   1.3861231e-03
  -3.9163037e-01   1.0449890e-01  -3.8922396e-02  -1.6041828e-03   2.5461825e-05   2.2156575e-03
  -4.0855581e-01   1.3193095e-01  -5.3043298e-01  -3.3466894e-03   2.0793255e-05   2.0634258e-03
  -3.9386429e-01   7.2569103e-02   3.2113096e-02   1.1405976e-04  -6.8148061e-04   2.3461565e-03
  -4.0601875e-01   1.0648330e-01  -6.4867528e-01  -3.1265668e-03  -1.0007367e-04   2.3134376e-03
  -4.0393134e-01   9.0646090e-02  -1.1797715e-01  -1.3328140e-03   1.8992390e-04   2.4961611e-03
  -4.1508065e-01   1.0020345e-01  -3.3849641e-01  -2.5335129e-03  -2.1448025e-04   1.9245133e-03
  -4.2916484e-01   7.2558337e-03  -3.7304212e-01  -3.2962363e-03   4.0217222e-04   2.0090457e-03
  -4.3110600e-01   9.5677980e-02  -5.2576327e-01  -3.0351711e-03   4.1022765e-05   1.9029310e-03
  -4.3268051e-01   1.0621947e-01  -5.2108050e-01  -3.3364987e-03  -6.2898371e-05   1.8743809e-03
  -4.0093051e-01   5.9073940e-02  -2.8883104e-01  -4.0174476e-04  -1.1797217e-03   1.5927914e-03
  -4.2712386e-01   9.2344033e-02  -5.6989937e-01  -3.3115126e-03  -2.1226666e-04   1.9707289e-03
  -4.1552831e-01   7.8655985e-02  -3.5732586e-01  -2.1958222e-03  -4.1676572e-04   2.0176509e-03
  -4.2165097e-01   1.0529911e-01  -5.3168943e-01  -3.8941798e-03  -5.3589287e-04   1.9881714e-03
  -4.2495913e-01   7.5027252e-02  -5.4637057e-01  -3.8237232e-03  -2.4688694e-04   1.6933066e-03
  -3.9672127e-01  -4.2136810e-03  -4.1674381e-01  -2.4061954e-03  -1.4139101e-04   1.8204325e-03
  -4.3242998e-01   9.5120215e-02  -4.5886539e-01  -3.1656245e-03  -1.8456494e-04   1.9271936e-03
  -3.9882761e-01   1.7716555e-02  -5.1557848e-01  -4.2757154e-03   7.1332614e-05   1.8115317e-03
  -4.3068433e-01   1.4537086e-01  -4.6327206e-01  -3.1253861e-03  -5.0156695e-04   2.1000759e-03
  -4.3046397e-01   9.5870590e-02  -4.9610166e-01  -3.7714243e-03  -4.5709576e-06   1.8380774e-03
  -4.3626668e-01   9.8022490e-02  -6.1302687e-01  -3.8004428e-03  -9.9733975e-05   1.8120853e-03
  -3.9159258e-01  -1.3970838e-03  -6.5862801e-01  -5.6593712e-03  -1.7157357e-04   1.6267288e-03
  -4.1880343e-01   1.2789477e-01  -5.8244812e-01  -3.7168576e-03  -6.9888683e-04   1.3556619e-03
  -4.3146556e-01   1.1312566e-01  -5.8182209e-01  -3.5078194e-03  -3.8228568e-04   1.4149209e-03
  -4.3362580e-01   6.0872735e-02  -2.2143841e-01  -2.3152723e-03   4.2202971e-05   1.9767163e-03
  -4.4832326e-01   1.2352186e-01  -7.5786689e-01  -4.2396954e-03  -3.1525751e-04   1.8831079e-03
  -4.3118045e-01   9.2716825e-02  -7.4269753e-01  -4.2413466e-03  -3.0661232e-05   1.5545398e-03
  -4.3169193e-01   6.9649689e-02  -6.9252008e-01  -4.2443337e-03   3.3644764e-04   1.4991721e-03
  -4.1224783e-01   8.9698063e-02  -6.5074832e-01  -4.9754690e-03   7.9040359e-05   1.5804460e-03
  -4.5017009e-01   1.5408995e-01  -2.8520740e-01  -1.8596169e-03  -3.9544667e-04   2.2464108e-03
  -4.6283581e-01   1.3297170e-01  -4.4336546e-01  -2.8165080e-03  -2.7321765e-04   1.9114857e-03
  -4.1433903e-01  -1.0598442e-01  -5.3884365e-01  -5.2706665e-03   2.2529771e-04   1.6330349e-03
  -4.5469868e-01   1.0933131e-01  -5.4542825e-01  -2.5658052e-03  -4.7249897e-04   1.8421299e-03
  -4.3931623e-01   2.2373019e-02  -5.3375530e-01  -3.3363310e-03  -7.1130438e-05   2.5064225e-03
  -4.6692304e-01   1.4816227e-01  -1.0818389e+00  -5.1516188e-03  -1.2283831e-03   2.9076747e-03
  -4.5453114e-01   8.6493153e-02  -1.0518662e+00  -3.9738896e-03  -7.9640102e-04   1.9493259e-03
  -4.4184782e-01   4.9374837e-02  -1.0102405e+00  -5.1809665e-03  -4.3774519e-04   1.8309010e-03
  -4.8633847e-01   2.8865421e-02  -7.4376155e-01  -1.9448848e-03  -5.8590301e-05   2.1694874e-03
  -4.8811568e-01   1.9162643e-02  -8.4288577e-01  -2.8982279e-03   1.4516702e-04   1.7469281e-03
  -4.3912071e-01   1.0540847e-01  -7.9279527e-01  -4.2091928e-03  -5.5003558e-05   2.1262790e-03
  -4.3466841e-01   2.0334218e-01  -2.1641622e-01  -2.2897396e-03  -6.7651311e-04   2.8014105e-03
  -4.5154017e-01   1.7349150e-01  -6.5591109e-01  -2.5755092e-03  -1.1906129e-03   2.1781566e-03
  -4.4342379e-01   1.3395897e-01  -3.7385819e-01  -1.5178640e-03  -7.3238122e-04   2.7989804e-03
  -4.6116198e-01   1.6103055e-01  -9.1426091e-01  -3.8384939e-03  -1.3055071e-03   2.3182837e-03
  -4.0124990e-01   3.5787956e-02  -9.2564173e-01  -7.0814594e-03  -9.3095919e-04   2.4675553e-03
  -4.4123935e-01   2.1211044e-01  -1.1474567e+00  -3.3678564e-03  -1.1449712e-03   1.8627799e-03
  -4.4024651e-01   1.4584745e-01  -1.3060457e+00  -4.7526326e-03  -6.4784158e-04   1.5631427e-03
  -4.1930758e-01   2.6796173e-02  -1.2823460e+00  -7.2217548e-03  -8.3043933e-04   1.8955521e-03
  -4.4945275e-01   1.1179280e-01  -8.0954162e-01  -2.8124290e-03  -1.2739521e-03   1.6550563e-03
  -4.7465989e-01   5.1459918e-02  -8.9362880e-01  -3.2336560e-03  -6.6784965e-04   1.0543755e-03
  -4.7941453e-01   7.2827020e-02  -8.8834076e-01  -2.9662031e-03  -1.0106196e-03   5.7575052e-04
  -4.7567792e-01   9.2611937e-02  -8.9212419e-01  -3.0874631e-03  -9.5396176e-04   5.8891314e-04
  -3.9668583e-01   9.0389823e-02  -6.4744295e-01  -6.3750995e-03   3.1339118e-04   1.9405824e-03
  -4.5622251e-01   1.8129825e-01  -8.0676341e-01  -3.0777630e-03  -1.3133912e-03   1.8025979e-03
  -4.4076610e-01   5.1459010e-02  -8.4518989e-01  -4.5711406e-03  -6.5287957e-04   1.6887068e-03
  -4.5667557e-01   1.2265509e-01  -6.4927141e-01  -2.9784121e-03  -9.6667200e-04   2.1465474e-03
  -4.5117009e-01   1.2192153e-01  -5.4864149e-01  -2.5047965e-03  -4.2289484e-04   1.8235841e-03
  -4.6547469e-01   6.7385236e-02  -5.2449521e-01  -2.4198273e-03   3.1902058e-04   1.6825633e-03
  -4.6938961e-01   8.3479375e-02  -6.5309412e-01  -2.8535262e-03  -1.4172276e-04   1.6278577e-03
  -4.3479606e-01  -4.5285733e-03  -7.2808900e-01  -3.4154230e-03   2.6695099e-04   1.8206511e-03
  -4.4117887e-01   1.2912486e-01  -8.9007586e-01  -1.0779637e-03  -1.5095330e-03   1.6148699e-03
  -4.3471417e-01   2.2071738e-01  -7.0985439e-01  -2.5599286e-03  -2.9401072e-04   2.2815474e-03
  -4.5469338e-01   2.1170397e-01  -9.8372614e-01  -5.1444638e-03  -1.1313977e-03   2.1549560e-03
  -4.5678131e-01   1.5848190e-01  -9.0214341e-01  -4.7465054e-03  -9.0447881e-04   1.8291122e-03
  -4.5064005e-01   1.8392626e-01  -9.1053586e-01  -4.3944423e-03  -7.9231915e-04   1.6464146e-03
  -4.5718371e-01   1.8805892e-01  -9.1511627e-01  -4.2813764e-03  -6.5591308e-04   1.5513433e-03
  -4.4983980e-01  -5.3898578e-02  -8.3858095e-01  -5.7408503e-03   6.2759391e-05   1.9952736e-03
  -4.8669129e-01   1.0757996e-01  -8.9522480e-01  -3.1964184e-03  -4.2690547e-04   1.4785196e-03
  -4.6577058e-01   3.9228858e-02  -9.2712592e-01  -5.3271052e-03  -3.1721393e-04   2.3528961e-03
  -4.7080140e-01   1.3325164e-01  -8.5243534e-01  -3.2047075e-03  -6.9847041e-04   1.7067377e-03
  -4.7372414e-01   1.2441526e-01  -8.7067550e-01  -3.7555079e-03  -2.1036938e-04   1.7205926e-03
  -4.7282742e-01   1.2156776e-01  -8.8975879e-01  -4.0136961e-03   6.1843528e-05   1.8837957e-03
  -4.6005472e-01   7.8743902e-02  -5.9443458e-01  -1.7122791e-03  -5.5507562e-04   1.7150895e-03
  -4.7251132e-01   1.1049577e-01  -7.1153558e-01  -3.3555242e-03  -5.5726075e-04   1.7983873e-03
  -4.6878674e-01   6.7733374e-02  -6.7925352e-01  -3.1970078e-03  -3.3724323e-04   1.7700675e-03
  -4.7498472e-01   4.4106071e-02  -5.2316924e-01  -2.1639824e-03   2.8239947e-04   2.3241293e-03
  -4.8646959e-01   8.6518633e-02  -7.5882859e-01  -3.7972332e-03  -5.6730526e-05   1.9874514e-03
  -4.8167538e-01   1.1262275e-01  -7.4150663e-01  -3.4143507e-03  -1.9821239e-04   1.9138682e-03
  -5.1088253e-01   1.4539820e-01  -7.5851371e-01  -2.5861830e-03  -1.4295450e-05   1.9182802e-03
  -5.1594847e-01   1.4249484e-01  -8.3010106e-01  -2.9356970e-03  -4.9479370e-05   1.8515407e-03
  -5.1388961e-01   1.3277099e-01  -8.1146155e-01  -3.2970067e-03  -3.3330900e-04   1.6643520e-03
  -4.9950430e-01   9.2959579e-02  -6.6610570e-01  -2.1642680e-03  -1.3817858e-04   1.6215772e-03
  -4.4586256e-01   1.1579993e-02  -7.3779909e-01  -4.5827148e-03   2.3302275e-04   1.5060668e-03
  -4.6659279e-01   2.0174475e-01  -1.4831538e+00  -7.1332643e-03  -1.2936464e-03   1.7416458e-03
  -4.8019670e-01   1.7388132e-01  -1.3353078e+00  -5.3267048e-03  -1.1044322e-03   1.7104473e-03
  -4.8522892e-01   1.7441027e-01  -1.2063192e+00  -5.1814559e-03  -7.2913726e-04   1.6903602e-03
  -4.7830253e-01   1.9633445e-01  -1.1529216e+00  -4.8173461e-03  -9.1583338e-04   1.7521116e-03
  -4.5256419e-01  -1.5792820e-02  -1.2522054e+00  -6.6391170e-03  -6.6531453e-04   1.9562773e-03
  -5.0987085e-01   1.7692100e-01  -1.0736177e+00  -3.6853526e-03  -1.0267145e-03   1.9926927e-03
  -4.6507824e-01   1.0576658e-01  -9.3285583e-01  -3.1021597e-03  -3.4376531e-04   2.1613521e-03
  -4.8745470e-01   1.0269767e-01  -1.1758341e+00  -3.9962141e-03  -5.2037004e-04   1.8968328e-03
  -5.0465381e-01   7.9862484e-02  -1.1925132e+00  -4.0978297e-03  -4.9033970e-05   1.8749983e-03
  -4.9389953e-01   6.4322596e-02  -1.2799941e+00  -4.2687382e-03   5.2286016e-05   1.3827705e-03
  -4.9088639e-01   8.8422799e-02  -1.3314282e+00  -3.8484660e-03   2.6207740e-05   1.4118351e-03
  -4.8452999e-01   9.8965289e-02  -1.3044516e+00  -3.9545248e-03   3.2937100e-05   1.2757195e-03
  -4.8567446e-01   1.1597899e-01  -1.3304386e+00  -4.0933801e-03   1.3860266e-06   1.2030455e-03
  -4.7583289e-01   1.2747258e-01  -1.1598757e+00  -3.1137735e-03   2.1582048e-04   2.0447886e-03
  -4.8803201e-01   1.4192534e-01  -1.1480204e+00  -5.0815606e-03   3.9455658e-06   2.3777652e-03
  -5.0765811e-01   1.5776666e-01  -9.9831945e-01  -3.6451014e-03  -1.1319113e-04   2.2899346e-03
  -4.9672669e-01   1.4758354e-01  -1.0022805e+00  -3.8258197e-03  -1.2618760e-05   2.0489479e-03
  -4.6553480e-01   1.0966883e-01  -5.7511703e-01  -4.2370543e-03   1.3504394e-04   1.8877805e-03
  -4.8539225e-01   1.9525417e-01  -1.0450579e+00  -3.1785464e-03  -6.1744694e-04   1.7463750e-03
  -4.9139549e-01   1.5104456e-01  -1.1716345e+00  -3.7635361e-03  -5.3256455e-04   1.6514969e-03
  -4.3984069e-01   1.1776022e-01  -9.1560248e-01  -6.0283303e-03   1.5823379e-04   1.7378025e-03
  -4.8782610e-01   1.4007397e-01  -1.3932826e+00  -4.0108164e-03  -5.0917740e-04   1.7429518e-03
  -4.8619174e-01   1.0025151e-01  -1.3880922e+00  -4.3955457e-03  -1.9957735e-04   1.7969907e-03
  -4.9813647e-01   1.1779042e-01  -1.1692316e+00  -3.5092619e-03  -2.1797105e-04   1.4722303e-03
  -5.0147569e-01   2.3070454e-02  -7.5648489e-01  -1.0800348e-03   1.0910622e-04   1.3671984e-03
  -5.0556372e-01   6.3751836e-02  -1.0233810e+00  -2.2927257e-03  -1.1858778e-04   1.2090160e-03
  -4.9682866e-01   5.5808140e-02  -1.0354177e+00  -2.7840943e-03  -9.2864832e-05   1.1567398e-03
  -5.0602167e-01   8.7532401e-02  -1.0471920e+00  -2.1957876e-03  -1.8397903e-05   2.1799301e-03
  -5.1234618e-01   8.0744675e-02  -8.8099166e-01  -3.1125088e-03  -2.6944904e-05   2.5066831e-03
  -5.0939010e-01   4.2232339e-02  -1.1108983e+00  -2.8390206e-03   1.0587094e-04   1.8057357e-03
  -5.1052094e-01   4.1197451e-02  -1.1738929e+00  -3.3986234e-03   2.4946758e-04   1.5799401e-03
  -5.1596748e-01   6.2592816e-02  -1.1893374e+00  -3.5618639e-03   3.6894947e-04   1.5932501e-03
  -4.9438989e-01   3.5881241e-02  -7.5282009e-01  -8.9553316e-04  -9.9605284e-05   1.8613110e-03
  -4.7655631e-01  -1.0967628e-01  -1.1242759e+00  -4.4545795e-03  -2.2224150e-04   1.5909860e-03
  -5.0638124e-01   7.4735095e-02  -9.6539125e-01  -2.4183491e-03  -5.6082642e-04   1.9604862e-03
  -5.0373115e-01   4.6115845e-02  -1.0658595e+00  -3.7812288e-03  -1.6449978e-04   1.7674728e-03
  -5.0530791e-01   8.6220462e-02  -1.0615253e+00  -2.5358083e-03  -5.8205801e-05   1.5361307e-03
  -5.0933006e-01   9.6262468e-02  -9.4729481e-01  -3.3205722e-03   5.6111399e-04   1.8228353e-03
  -5.1105119e-01   6.7523987e-02  -9.5531363e-01  -2.9314175e-03  -2.1146723e-05   2.0567693e-03
  -5.2149660e-01   7.2580182e-02  -9.7479448e-01  -3.1028385e-03   2.0229283e-05   1.9042132e-03
  -5.1682836e-01   7.0291426e-02  -1.0651065e+00  -2.8945423e-03   1.2421657e-04   1.8052981e-03
  -5.2855585e-01   8.7153859e-02  -1.0724123e+00  -3.2489879e-03   2.9006283e-04   2.0271173e-03
  -5.1081395e-01   9.8433409e-02  -1.0597801e+00  -3.3920759e-03   6.4149655e-05   1.6383413e-03
  -5.2777978e-01   5.2050109e-02  -9.4236207e-01  -3.0867587e-03   1.0179807e-04   1.2678536e-03
  -5.2207439e-01   6.0566251e-02  -9.9734034e-01  -2.6351264e-03  -1.7920952e-04   1.4090069e-03
  -5.2201604e-01   6.0125398e-02  -9.6211612e-01  -2.7682184e-03   4.2613146e-05   1.3845168e-03
  -5.0205401e-01   5.9790231e-02  -1.0085113e+00  -2.9993045e-03   2.0588605e-04   1.3492478e-03
  -5.1767728e-01   6.0589140e-02  -8.9290493e-01  -2.2589584e-03  -6.5622703e-05   1.8517458e-03
  -5.1235079e-01   6.0394735e-02  -9.0164636e-01  -2.4516003e-03  -1.2588279e-04   1.6381754e-03
  -5.3395896e-01   3.2796393e-01  -7.6385085e-01  -2.6537667e-03  -7.9580294e-04   2.0637743e-03
  -5.2014605e-01   2.4641668e-01  -1.0857299e+00  -4.3376418e-03  -7.5466605e-04   2.4705868e-03
  -4.8982225e-01   2.3964354e-01  -7.1201560e-01   3.3332805e-04  -1.3088786e-03   2.0672781e-03
  -5.3575033e-01   2.0141667e-01  -1.3718876e+00  -4.3691539e-03  -6.1549195e-04   2.4749268e-03
  -5.1808727e-01   1.0416396e-01  -1.4301814e+00  -4.6361776e-03   1.6894165e-05   1.7169471e-03
  -5.3143685e-01   1.3442016e-01  -1.1483026e+00  -3.7984093e-03   1.0678548e-04   3.1853068e-03
  -5.1789415e-01   3.6423015e-02  -1.0184156e+00  -1.7400690e-03  -9.3116620e-05   1.7025869e-03
  -5.3056251e-01   3.9760735e-02  -1.0904036e+00  -2.4468987e-03   1.3861630e-04   1.7709713e-03
  -5.1841854e-01   4.7630889e-02  -1.0923586e+00  -2.9137733e-03   1.1192180e-04   1.4536032e-03
  -5.3684873e-01   5.8832432e-02  -1.0152030e+00  -2.1696017e-03  -7.4112309e-05   1.8272581e-03
  -5.3084259e-01   6.7079940e-02  -9.7262629e-01  -2.4085831e-03   1.6814084e-04   1.7417792e-03
  -5.3668334e-01   2.8334403e-02  -1.0079385e+00  -2.1964396e-03   6.2001676e-04   1.7439544e-03
  -5.1693630e-01   8.7266876e-02  -8.9737994e-01  -2.3856495e-03   6.1156979e-04   2.0046896e-03
  -5.1977926e-01   1.0220808e-01  -1.0140548e+00  -3.2982203e-03  -1.1934869e-04   2.0877087e-03
  -5.1368455e-01   9.2727865e-02  -1.0124338e+00  -3.4557727e-03  -1.1620069e-04   1.9660749e-03
  -5.0856663e-01   1.1834786e-01  -1.0127308e+00  -3.5226104e-03   6.3442376e-05   2.0062526e-03
  -5.3481578e-01   5.8906286e-02  -8.1348150e-01  -2.2002391e-03   6.8004404e-04   2.5380068e-03
  -5.2559808e-01   1.0576153e-01  -1.0876785e+00  -2.7330259e-03   2.6667572e-04   2.1435176e-03
  -5.2337485e-01   1.3013224e-01  -1.1015662e+00  -3.3355076e-03   2.1157307e-04   2.1447810e-03
  -5.1593853e-01   1.1778041e-01  -1.1040091e+00  -3.1761536e-03   2.6548212e-04   1.8986574e-03
  -5.1154175e-01   5.5678028e-02  -1.2199118e+00  -2.0422519e-03   8.8430429e-04   2.2475251e-03
  -5.2223435e-01   6.0200341e-02  -1.3881341e+00  -3.2717402e-03   7.6179540e-04   1.9445334e-03
  -5.0891785e-01   4.1867376e-02  -1.4124992e+00  -3.6661287e-03   7.6279398e-04   1.5111829e-03
  -5.0792079e-01   8.9534125e-02  -1.2456358e+00  -4.8349443e-03   5.0324849e-04   2.4518869e-03
  -5.1032437e-01   1.0516235e-01  -1.1144660e+00  -3.2448897e-03  -1.1166664e-04   2.0163822e-03
  -5.1907557e-01   9.3629747e-02  -1.1497283e+00  -3.4272697e-03   1.0934840e-04   1.7946868e-03
  -5.1277823e-01   9.0053675e-02  -1.1625947e+00  -3.1931644e-03   2.0986721e-04   2.1209393e-03
  -5.1200210e-01   1.4315556e-02  -1.3182771e+00  -3.1806924e-03   7.1800493e-04   2.2130349e-03
  -5.0642369e-01   9.2903675e-02  -1.5283285e+00  -1.8349625e-03  -6.3708477e-04   3.1537253e-03
  -5.7427793e-01   5.4883314e-02  -1.5508978e+00  -5.1686546e-03   2.5505832e-03   3.7231242e-03
  -5.4746422e-01   1.2773544e-01  -2.0058032e+00  -5.9189088e-03  -4.5297072e-05   3.0479962e-03
  -5.4997683e-01   3.2839941e-02  -1.9587018e+00  -5.4663632e-03   7.0868930e-04   2.7859810e-03
  -5.4886295e-01   3.5221255e-02  -1.8200397e+00  -4.6229569e-03   6.1123073e-04   2.4606021e-03
  -5.5563015e-01   2.0178550e-02  -1.8354499e+00  -5.3639282e-03   4.5364064e-04   2.2966339e-03
  -5.7581975e-01   4.2629892e-02  -1.6091380e+00  -3.9290847e-03   9.8992428e-04   2.0643443e-03
  -5.6417645e-01   6.0444724e-02  -1.6773591e+00  -4.6643739e-03   8.2753629e-04   1.9678897e-03
  -5.6232504e-01   3.3762076e-02  -1.6842708e+00  -4.9441284e-03   9.7154923e-04   2.0043387e-03
  -5.5954251e-01   4.1906230e-02  -1.6626411e+00  -5.1378725e-03   9.0888269e-04   2.0415385e-03
  -5.5993417e-01   4.5643852e-02  -1.6584801e+00  -4.6583866e-03   7.7383837e-04   1.7975326e-03
  -5.5302713e-01   3.0430286e-02  -1.6569206e+00  -4.7513621e-03   8.1772426e-04   1.7414379e-03
  -5.5191976e-01   1.6327686e-02  -1.6605838e+00  -4.2413780e-03   9.2092376e-04   1.6704090e-03
  -5.4925020e-01   3.0810029e-02  -1.6637744e+00  -4.5448573e-03   9.0567769e-04   1.7008858e-03
  -5.4564739e-01   2.7526785e-02  -1.6367738e+00  -3.8520241e-03   4.9430642e-04   1.6446929e-03
  -5.5267194e-01   4.9355425e-02  -1.6474252e+00  -4.8526689e-03   4.8693842e-04   1.5432705e-03
  -5.4298003e-01   5.6815370e-02  -1.6678245e+00  -3.9043305e-03   3.9953931e-04   1.6386909e-03
  -5.4413130e-01   1.8507005e-02  -1.5582610e+00  -3.6074706e-03   8.5162546e-04   1.9118609e-03
  -5.4459390e-01   5.8846709e-02  -1.6221145e+00  -4.3352110e-03   5.5203576e-04   1.8502458e-03
  -5.4057163e-01  -1.8074478e-02  -1.5862868e+00  -4.9878298e-03   7.2342443e-04   1.6493861e-03
  -5.4893559e-01   4.0074372e-02  -1.5147892e+00  -3.5407467e-03   5.9502707e-04   1.9230800e-03
  -5.5510352e-01  -9.1335842e-03  -1.5279551e+00  -3.7456472e-03   7.5643579e-04   1.6107771e-03
  -5.5275511e-01   6.3507644e-02  -1.5921877e+00  -3.4433910e-03   2.7207411e-04   1.6903594e-03
  -5.4823915e-01   6.2892360e-02  -1.6264423e+00  -4.0958617e-03   4.5928665e-04   1.6019973e-03
  -5.5857121e-01  -9.1662203e-03  -1.6755896e+00  -2.6746420e-03   2.8251388e-04   1.6251671e-03
  -5.4525710e-01   5.9944711e-02  -1.7462985e+00  -3.6160654e-03   1.8024194e-04   1.5801793e-03
  -5.2804206e-01   6.9545624e-02  -1.7220168e+00  -3.8489132e-03   3.2890442e-04   1.0980450e-03
  -5.8094386e-01   5.3120705e-01  -1.8983301e+00   1.8125704e-03   2.3249173e-04   3.3536816e-03
  -5.5408770e-01   4.0317748e-01  -7.6456466e+00   2.4411824e-03  -1.4338130e-03  -6.6290307e-04
  -5.7864900e-01   4.0476370e-01  -7.9690561e+00  -7.7450807e-03  -4.5868589e-04   4.8231836e-04
  -6.2570338e-01   5.3598594e-01  -3.1605566e+00  -1.1370051e-02   3.6245849e-05   5.3439222e-03
  -5.9245343e-01   8.0005376e-02  -2.1526628e+00  -3.4418270e-03   3.4586659e-03   4.6510867e-03
  -5.8938578e-01  -1.3028301e-01  -2.1233246e+00  -2.8718225e-03   2.4304461e-03   3.0556188e-03
  -5.8436715e-01  -2.0084173e-01  -1.9470648e+00  -1.7450117e-03   1.8545982e-03   1.8840583e-03
  -5.4336833e-01  -5.8965916e-02  -2.3040741e+00  -1.3294098e-03   1.6836445e-03   1.3552683e-03
  -5.2635395e-01  -1.6900620e-01  -2.3438931e+00  -3.6169873e-03   1.8895314e-03   8.5277883e-04
  -5.9571582e-01  -2.6325542e-01  -2.0477749e+00  -2.1518942e-03   1.7657442e-03   1.3451445e-03
  -5.8719661e-01  -5.7405271e-02  -2.1355284e+00   4.4296769e-04   1.0707613e-03   1.0065311e-03
  -6.1242264e-01  -3.4424171e-01  -2.1890772e+00  -4.2836330e-03   1.3102317e-03   1.8142814e-03
  -5.7874508e-01   4.8307608e-02  -2.2813228e+00  -4.5613870e-03   2.3915515e-03   2.0419910e-03
  -7.0225910e-01  -2.6341270e-02  -1.9125559e-01  -2.6842117e-03   3.3882908e-03   4.7892391e-03
  -4.9983535e-01   1.5055002e-01   3.7598214e-01   2.3621680e-03   1.3775940e-03   3.5765554e-03
  -5.3462704e-01   2.0372598e-01  -1.1281723e-01  -1.9269620e-03   1.9152386e-03   4.5314662e-03
  -5.2225326e-01   1.6662067e-01  -1.0244541e-01  -2.1905536e-03   1.9179136e-03   4.0690822e-03
  -5.4043957e-01   1.5818070e-01  -1.3629428e-01  -2.1835935e-03   1.8885840e-03   3.9339693e-03
  -5.4234450e-01   1.3833063e-01  -1.2955848e-01  -2.1634598e-03   1.6893630e-03   3.4671912e-03
  -5.3144135e-01   2.1597056e-02  -2.4903058e-01  -1.3756275e-04   2.1908652e-03   3.4082633e-03
  -5.5117577e-01   4.1452369e-02  -3.6124884e-02  -9.1780733e-04   2.2111136e-03   3.7837904e-03
  -5.5279702e-01   5.6197488e-02  -8.7433481e-02  -1.6576116e-03   2.0648410e-03   3.6862089e-03
  -5.2154007e-01  -1.7529237e-04  -1.0543608e-01  -1.7388977e-03   2.5881532e-03   3.7879899e-03
  -5.5457472e-01   7.3322592e-02  -5.0038215e-01  -2.6924133e-03   9.9113428e-04   4.3282336e-03
  -5.5654544e-01   1.8072759e-02  -4.2551345e-01  -1.5038419e-03   9.3736589e-04   3.4233014e-03
  -5.3845291e-01   1.1424641e-02  -4.7075801e-01  -2.3175189e-03   8.7959320e-04   3.0375762e-03
  -5.3264884e-01   1.1565144e-02  -4.5969403e-01  -2.4505289e-03   8.7256131e-04   2.8052397e-03
  -5.4373733e-01   1.1251960e-02  -4.6841822e-01  -2.4978597e-03   8.1106389e-04   2.5276247e-03
  -5.2332001e-01   1.4192402e-02  -4.7684907e-01  -2.4293009e-03   7.8231556e-04   2.4405013e-03
  -5.3832674e-01   8.2179411e-02  -4.5142753e-01  -3.0303761e-03   6.3925778e-04   3.1979902e-03
  -5.4584782e-01   3.9621978e-02  -5.2316654e-01  -2.5045416e-03   8.7020272e-04   2.7428916e-03
  -5.4191048e-01  -6.1898352e-02  -7.3968304e-01  -2.0418400e-03   6.9671417e-04   2.7724022e-03
  -5.4052955e-01  -3.6905564e-03  -8.8466290e-01  -2.9690869e-03   7.6354554e-04   2.5291652e-03
  -5.3968615e-01   2.8001757e-02  -8.7684767e-01  -2.9437248e-03   6.2426379e-04   2.5422427e-03
  -5.3952864e-01   2.0534307e-02  -1.0225620e+00  -3.2803107e-03   7.6029842e-04   2.2443447e-03
  -5.4466167e-01   6.9565709e-02  -1.1036637e+00  -3.9343607e-03   7.6279843e-04   2.4277853e-03
  -5.5929904e-01   7.0778078e-02  -1.1296972e+00  -3.8134009e-03   9.8294186e-04   2.3959565e-03
  -5.4962508e-01   6.0873962e-02  -1.1329150e+00  -3.6725385e-03   9.4851269e-04   2.3814105e-03
  -5.5123182e-01   6.3586671e-02  -1.1363885e+00  -3.6203610e-03   1.0090802e-03   2.3833197e-03
  -5.3664479e-01   5.7491383e-02  -1.1264607e+00  -3.8866946e-03  -1.2094044e-04   2.7113128e-03
  -5.2933622e-01   1.0124545e-01  -1.2421385e+00  -5.3996079e-03  -8.4135900e-04   2.6718011e-03
  -5.6061836e-01   7.2834592e-02  -1.4539107e+00  -3.8344245e-03   1.7601729e-04   2.5510053e-03
  -5.5022108e-01   1.2288899e-01  -1.6630962e+00  -5.7767864e-03  -2.1576115e-04   2.5617093e-03
  -5.3848151e-01   6.3580169e-02  -1.5973017e+00  -4.9184212e-03  -3.1304672e-04   2.1038522e-03
  -5.4552740e-01   8.7172724e-02  -1.7062602e+00  -6.4222500e-03  -2.5422194e-04   2.6502427e-03
  -5.1509164e-01   8.5800883e-02  -1.5630164e+00  -4.8598773e-03  -9.2561842e-04   2.6322609e-03
  -5.5156826e-01   8.3600931e-03  -1.8810147e+00  -5.0412388e-03  -4.0245145e-04   2.1941046e-03
  -5.7691508e-01  -5.7069236e-02  -1.5410146e+00  -3.2604007e-03  -2.9037891e-04   2.1768614e-03
  -5.6904458e-01  -1.8487845e-02  -1.7056033e+00  -3.7559384e-03  -2.6540469e-04   1.5542646e-03
  -5.6128502e-01  -1.4130087e-02  -1.7089657e+00  -4.1417074e-03  -2.0721896e-04   1.3454354e-03
  -5.8309712e-01  -2.4255315e-02  -1.7573947e+00  -4.4486317e-03  -1.7884094e-04   1.8363831e-03
  -5.8205455e-01   2.5335565e-02  -1.7789133e+00  -5.1011053e-03  -3.7029903e-05   1.9357454e-03
  -5.9228225e-01  -1.3616685e-02  -1.7783912e+00  -4.9801625e-03   8.8348813e-05   1.9414009e-03
  -5.1791216e-01   1.2386980e-01  -1.7352503e+00  -6.7266466e-03  -2.2995289e-04   2.5667262e-03
  -5.5393059e-01   1.2599304e-01  -2.0897125e+00  -6.9988052e-03  -7.7580273e-04   2.0577427e-03
  -5.1594582e-01   1.6955232e-02  -1.9524741e+00  -9.1210288e-03  -1.0379832e-03   2.4687484e-03
  -5.4087826e-01   2.0374951e-01  -2.1195607e+00  -6.6269728e-03  -9.1710617e-04   2.0706306e-03
  -5.4706932e-01   1.3757315e-01  -2.1247252e+00  -6.2382405e-03  -6.7602676e-04   1.8014216e-03
  -5.5515122e-01   6.0895998e-02  -2.2117601e+00  -6.9209183e-03  -8.5909965e-04   2.2924085e-03
  -5.2926131e-01   9.8336528e-02  -1.7842900e+00  -9.1213125e-04  -9.9308626e-04   3.2810070e-03
  -5.7639720e-01   1.6541404e-01  -2.3454282e+00  -6.6881543e-03  -1.3453973e-03   3.5727339e-03
  -5.6615868e-01   2.8218959e-02  -2.2650393e+00  -8.5402291e-03  -7.9640168e-04   3.2134333e-03
  -5.5682006e-01   8.8857008e-02  -1.9369929e+00  -5.6837278e-03  -9.4424524e-04   2.8211412e-03
  -5.5531452e-01   5.6299417e-02  -1.9815649e+00  -6.0708826e-03  -8.5344483e-04   2.5453604e-03
  -5.4168302e-01   4.1091453e-02  -1.9974366e+00  -5.8077840e-03  -5.4505556e-04   2.3518659e-03
  -5.5932974e-01   1.6802611e-02  -1.9416703e+00  -6.2929692e-03  -3.3819413e-04   3.3755243e-03
  -5.4739082e-01   1.5016474e-01  -2.1081994e+00  -6.9644644e-03  -1.1810118e-03   3.6491133e-03
  -6.1681858e-01   1.6100569e-01  -2.6708035e+00  -9.6407655e-03  -1.1233826e-03   4.2801851e-03
  -5.8156860e-01   8.6618310e-02  -2.4927058e+00  -6.2116178e-03  -9.6451595e-04   2.8778752e-03
  -5.7203044e-01   8.8215897e-02  -2.5048748e+00  -6.7931321e-03  -7.0233780e-04   2.5759405e-03
  -5.5242893e-01   6.7576968e-02  -2.4493571e+00  -7.4102464e-03  -5.8209280e-04   2.6949605e-03
  -5.3984854e-01   1.1245299e-01  -2.4165724e+00  -6.6056319e-03  -7.3677813e-04   2.0571264e-03
  -5.2238003e-01   1.8389646e-01  -1.9218914e+00  -4.8849447e-03  -5.8404201e-05   4.5207156e-03
  -5.5493108e-01   1.7093166e-01  -2.2355589e+00  -6.6612442e-03  -5.7791140e-04   4.0030837e-03
  -5.7089475e-01   9.1985553e-02  -1.6023588e+00  -4.0925943e-03   5.8164373e-04   4.1665372e-03
  -5.5952952e-01   9.6824586e-02  -2.0429934e+00  -4.6336535e-03   5.8723014e-05   3.2721543e-03
  -5.5632829e-01   8.4055717e-02  -2.1087393e+00  -5.3660260e-03   3.2197512e-04   2.8674955e-03
  -5.4319239e-01   7.1524989e-02  -2.1221246e+00  -5.1986266e-03   6.2769779e-04   2.6463404e-03
  -5.5294822e-01   7.0255266e-02  -2.1432632e+00  -4.8655790e-03   6.1807115e-04   2.6144588e-03
  -5.7983077e-01   1.9369787e-02  -1.8308378e+00  -4.4723859e-03  -5.1623505e-04   3.8730438e-03
  -6.2679349e-01  -2.3668675e-02  -2.0391562e+00  -2.6583123e-03   5.3925368e-04   4.4186061e-03
  -6.2219127e-01   5.1460926e-02  -2.1010056e+00  -3.2281660e-03  -4.3593680e-05   4.1341326e-03
  -6.2435538e-01   4.8648676e-02  -2.1157485e+00  -3.3404182e-03   2.4366138e-04   3.2395830e-03
  -5.9993404e-01   8.6517484e-02  -2.4320699e+00  -4.7951187e-03  -5.7438840e-04   3.1563860e-03
  -5.7321648e-01   4.2668044e-03  -2.4906532e+00  -4.6802620e-03  -4.1644104e-04   2.1374529e-03
  -5.8513078e-01   4.8332014e-02  -2.2294786e+00  -3.9802998e-03  -6.1751353e-04   2.7069950e-03
  -5.8909477e-01   3.4316884e-02  -2.2945786e+00  -4.5789799e-03  -3.0392906e-04   2.4829112e-03
  -5.8645627e-01   4.3049184e-02  -2.3140125e+00  -4.2106602e-03  -6.0646313e-05   2.4006394e-03
  -5.9936015e-01   2.3043327e-02  -2.1630702e+00  -3.6231310e-03  -3.5039803e-04   3.0999960e-03
  -6.0580669e-01   8.5446401e-02  -2.2769808e+00  -4.6843703e-03  -2.2418973e-04   3.1953512e-03
  -5.6329711e-01   2.5611216e-02  -2.0352148e+00  -1.3754811e-03  -7.2096723e-04   3.0251027e-03
  -5.7884948e-01   7.5074796e-02  -2.2818397e+00  -3.8224016e-03  -3.3755708e-04   2.8615824e-03
  -5.7954657e-01   7.2181291e-02  -2.2912087e+00  -4.1424944e-03  -3.0942495e-05   2.5730467e-03
  -5.7882891e-01   6.9794034e-02  -2.3058563e+00  -4.0000769e-03   1.2549073e-04   2.5624174e-03
  -5.8561847e-01   6.9119276e-02  -2.3572663e+00  -4.1808897e-03   2.4184398e-04   2.5897503e-03
  -5.8814914e-01   6.3152122e-02  -2.3187121e+00  -4.4803148e-03   1.2193894e-04   2.5806451e-03
  -5.7520607e-01  -4.0368655e-02  -2.3443433e+00  -4.0005908e-03   3.3423839e-04   2.4403105e-03
  -5.7929306e-01   5.4317166e-02  -2.2094525e+00  -4.0826899e-03  -8.3775487e-04   2.4775683e-03
  -5.7090377e-01  -1.2475105e-01  -2.3241904e+00  -4.7192990e-03  -6.1442782e-05   1.3963674e-03
  -5.6699935e-01   8.3941193e-02  -2.4879713e+00  -4.3870805e-03  -1.2021623e-03   2.1124710e-03
  -5.8638134e-01   6.6914502e-02  -2.5523926e+00  -4.5546370e-03  -6.4745816e-04   2.0738952e-03
  -6.0042001e-01   9.9035490e-02  -2.5482316e+00  -5.8127319e-03  -6.0365666e-04   2.6590239e-03
  -5.8950035e-01   5.7340294e-02  -2.3097624e+00  -3.1753063e-03  -6.1447061e-04   3.0125305e-03
  -5.9933046e-01   9.1772397e-02  -2.4019997e+00  -4.4612449e-03  -3.2031292e-04   2.8471156e-03
  -6.0301806e-01   7.8320157e-02  -2.4793818e+00  -4.6205124e-03   4.5418979e-06   2.7327671e-03
  -5.8470141e-01   6.0654705e-02  -2.5228128e+00  -4.6588483e-03   2.3342088e-04   2.4197161e-03
  -5.8147591e-01   2.4179884e-02  -2.2123771e+00  -4.1875585e-03   3.5620315e-05   2.5742219e-03
  -5.6422933e-01   3.0332983e-02  -2.1867055e+00  -3.0126840e-03  -3.5283423e-04   1.6934231e-03
  -5.7860124e-01   5.2825213e-02  -2.1550726e+00  -3.7342870e-03  -7.8451261e-04   2.0635070e-03
  -5.8083819e-01  -7.7502975e-03  -2.2770433e+00  -3.8682216e-03  -3.5433953e-04   2.2227599e-03
  -5.8197689e-01   4.4722533e-02  -2.1919866e+00  -3.6068737e-03  -1.0561388e-03   1.9993112e-03
  -5.9591084e-01   9.9513629e-02  -2.2536744e+00  -4.0817338e-03  -7.6257993e-04   2.4922499e-03
  -5.8635103e-01   4.7820118e-02  -2.2556287e+00  -3.6740343e-03  -5.1206276e-04   2.3031686e-03
  -5.7820052e-01   9.1937936e-03  -2.3006580e+00  -3.7922122e-03  -4.1602771e-04   2.0600582e-03
  -6.5449992e-01  -6.3463842e-02  -2.1617557e+00  -1.0239344e-03   7.2983542e-04   3.9177598e-03
  -6.6008128e-01  -9.6596331e-02  -1.9975162e+00  -1.5641069e-03   1.0694875e-03   4.2045448e-03
  -6.2523042e-01  -3.8666802e-02  -2.2243619e+00  -2.8909505e-03   6.5802467e-04   3.3100877e-03
  -5.8468384e-01  -6.7007655e-03  -2.2395921e+00  -3.6126937e-03   3.4438247e-04   1.9612405e-03
  -5.7478548e-01   5.0974298e-02  -2.2771606e+00  -3.9685792e-03   3.7860194e-04   2.0026967e-03
  -4.6305006e-01   2.9017206e-01  -1.7738269e+00  -8.9235910e-03  -1.5237470e-03   2.6560293e-03
  -5.0721575e-01   3.3023973e-01  -1.5111914e+00  -9.4549747e-03  -5.9643896e-04   3.1599875e-03
  -5.0930605e-01   3.9416247e-01  -1.4590255e+00  -8.2943524e-03  -1.1862736e-03   2.8663375e-03
  -6.0685276e-01   3.5503897e-01  -1.0763573e+00  -6.8759800e-03   1.0082155e-05   4.7468333e-03
  -5.1860068e-01   2.6191939e-01  -7.4947615e-01  -2.6330596e-03  -4.9249815e-04   3.3146663e-03
  -5.0477307e-01   2.0720668e-01  -9.3543850e-01  -4.0022519e-03  -5.8640178e-04   2.7282264e-03
  -5.2684302e-01   1.4271010e-01  -9.0979291e-01  -3.9684476e-03  -4.0825154e-04   2.5704074e-03
  -5.2716569e-01   4.4422086e-02  -9.2352606e-01  -1.2339444e-03   9.5855665e-06   1.4162040e-03
  -5.6818617e-01   1.6207632e-01  -1.7065333e+00  -4.8794773e-03  -1.3800143e-03   3.3858272e-03
  -6.2169804e-01   1.9156790e-01  -1.3758188e+00  -1.9407558e-03   7.3963190e-04   5.4200564e-03
  -5.5143848e-01   3.1354386e-01  -1.4795778e+00  -4.3120916e-03   1.2179975e-03   4.7597574e-03
  -5.5173957e-01   2.4114460e-01  -1.5168000e+00  -5.2208505e-03   1.0323190e-03   4.9237798e-03
  -5.5420154e-01   2.2988809e-01  -1.5170831e+00  -5.4202886e-03   8.7607147e-04   4.5219790e-03
  -5.5061901e-01   2.1665767e-01  -1.4789699e+00  -5.4903588e-03   7.8301551e-04   4.1292896e-03
  -5.2924220e-01   1.7030209e-01  -1.3371271e+00  -4.8887560e-03   1.3607657e-03   3.7583281e-03
  -5.5447876e-01   1.6787952e-01  -1.3753167e+00  -4.8879991e-03   8.8664261e-04   3.8722831e-03
  -5.4803142e-01   1.6946731e-01  -1.3472760e+00  -5.0107285e-03   7.9483216e-04   3.7133495e-03
  -5.1745053e-01   1.0987500e-01  -1.4048873e+00  -4.3402502e-03   6.6387285e-04   3.0881084e-03
  -5.5384743e-01   1.6638319e-01  -1.2728402e+00  -4.1204993e-03   8.5384364e-04   3.7749730e-03
  -5.5093475e-01   1.4561953e-01  -1.3874612e+00  -4.0755304e-03   6.4714975e-04   3.6504049e-03
  -5.4819866e-01   1.6234023e-01  -1.3243193e+00  -4.5771209e-03   8.0398207e-04   3.5389035e-03
  -5.4208413e-01   1.6066333e-01  -1.3156648e+00  -4.6175780e-03   7.3569701e-04   3.3885885e-03
  -5.3959776e-01   1.7007768e-01  -1.3069905e+00  -5.0821854e-03   7.8638487e-04   3.4894870e-03
  -5.5651610e-01   1.5005347e-01  -1.3123610e+00  -4.6692287e-03   6.9793440e-04   3.6199854e-03
  -5.3902114e-01   6.5115291e-02  -1.4153402e+00  -3.6122628e-03   5.4179337e-04   3.0085875e-03
  -5.5014209e-01   9.6176554e-02  -1.2356626e+00  -3.6418590e-03   6.0550971e-04   3.3603572e-03
  -5.5431476e-01   5.1394129e-02  -1.1633230e+00  -3.1182091e-03   1.1930656e-03   3.0514468e-03
  -5.3823878e-01  -5.5640276e-03  -1.1870124e+00  -2.9429283e-03   9.0372170e-04   2.2987872e-03
  -5.5189710e-01   7.8166386e-02  -1.2737891e+00  -3.1690545e-03   3.7637875e-04   2.8290372e-03
  -5.4601628e-01   9.3406387e-02  -1.2808520e+00  -3.3928472e-03   5.6040303e-04   2.7744054e-03
  -5.4053182e-01   1.0785747e-01  -1.2840596e+00  -3.4208791e-03   6.7508252e-04   2.8177375e-03
  -5.4210271e-01   1.0457955e-01  -1.3313932e+00  -3.5470435e-03   6.0275344e-04   2.8369274e-03
  -5.3616636e-01   6.1842376e-02  -1.4251368e+00  -3.9358047e-03   1.0091490e-03   2.2618479e-03
  -5.5477807e-01   8.0680137e-02  -1.3249250e+00  -3.5197504e-03   5.3288156e-04   2.5446984e-03
  -5.2913203e-01   1.7552356e-01  -1.2833405e+00  -4.1802657e-03   4.4283189e-04   3.2446468e-03
  -5.4791269e-01   1.4348161e-01  -1.3429092e+00  -3.3999678e-03   4.8626638e-04   3.0526470e-03
  -5.5325532e-01   7.8401795e-02  -1.4212469e+00  -3.3134741e-03   1.6188723e-04   3.1939662e-03
  -5.5837856e-01   9.5763641e-02  -1.4796711e+00  -4.3208975e-03   2.0499903e-04   2.7675090e-03
  -5.5153791e-01   9.7224308e-02  -1.4582189e+00  -4.0006413e-03   3.1508173e-04   2.3211380e-03
  -5.6802491e-01   4.0743064e-02  -1.4077341e+00  -3.5656294e-03   1.3592965e-03   2.5549343e-03
  -5.5620037e-01   8.9488837e-02  -1.3583472e+00  -3.0408150e-03   7.4962877e-04   2.7014567e-03
  -5.6912507e-01   9.7133600e-02  -1.4093754e+00  -3.4660555e-03   1.2045963e-03   2.9464139e-03
  -5.4286047e-01   9.6458959e-02  -1.3917278e+00  -2.6857691e-03   7.8636267e-04   2.5931339e-03
  -5.5441904e-01   1.1611070e-01  -1.4487026e+00  -4.0289392e-03   6.3796646e-04   2.7646086e-03
  -5.4972190e-01   1.0274860e-01  -1.4436299e+00  -3.5347987e-03   6.7301170e-04   2.9343091e-03
  -5.8445468e-01   1.2590714e-01  -1.4036249e+00  -3.8822380e-03   9.8844622e-04   4.1661631e-03
  -5.7081700e-01   1.4074252e-01  -1.3740131e+00  -4.9684922e-03   3.3155471e-04   3.4509938e-03
  -5.3669328e-01   4.2190983e-01  -1.3298640e+00  -7.0150065e-03  -9.9072809e-05   3.6881317e-03
  -5.6596516e-01   4.0526187e-01  -1.3083764e+00  -5.7752321e-03  -5.3475621e-04   4.3867540e-03
  -5.6684370e-01   3.8206293e-01  -1.2825856e+00  -5.9047705e-03  -7.5529286e-04   4.2236910e-03
  -5.6276951e-01   3.1197061e-01  -1.2263040e+00  -5.5501545e-03  -6.5519998e-04   3.8794723e-03
  -5.2412895e-01   1.8678519e-01  -1.3544967e+00  -5.1098430e-03  -2.1424820e-04   3.6335531e-03
  -5.6308403e-01   2.5492376e-01  -1.1524319e+00  -4.2714119e-03   3.3036249e-04   4.2664648e-03
  -5.8184076e-01   2.2911823e-01  -1.0570025e+00  -4.3568057e-03  -6.5890943e-05   4.2518386e-03
  -5.6955458e-01   1.9063709e-01  -1.1346122e+00  -4.5451224e-03  -2.0629634e-05   3.8220509e-03
  -5.7001470e-01   1.1719182e-01  -9.7553172e-01  -9.1680661e-04   1.5137002e-03   4.3293104e-03
  -6.0029601e-01   1.5561433e-01  -1.1278835e+00  -1.2348323e-03   2.2588468e-03   5.2135516e-03
  -5.4092882e-01   1.4400897e-01  -1.3880621e+00  -4.5062064e-03   4.7153066e-04   4.0236677e-03
  -5.5592327e-01   1.5869463e-01  -1.3887482e+00  -5.1340557e-03   4.6061260e-04   4.1665308e-03
  -5.3710694e-01   1.4450228e-01  -1.3473403e+00  -5.1479347e-03   5.4485851e-04   3.6780945e-03
  -5.4472635e-01   1.7137343e-01  -1.4151835e+00  -5.2604316e-03   1.4433202e-04   3.6293843e-03
  -5.3394069e-01   1.6978044e-01  -1.4337540e+00  -5.1842987e-03   1.6688832e-04   3.4047884e-03
  -5.7179158e-01   1.5011849e-01  -1.3054199e+00  -4.9597314e-03   9.7644660e-04   4.1316964e-03
  -5.6315136e-01   1.6163903e-01  -1.2927913e+00  -4.7068317e-03  -2.6456272e-04   3.8935090e-03
  -5.5549474e-01   1.2310874e-01  -1.2591118e+00  -4.4826005e-03   5.2130464e-05   3.5641060e-03
  -5.3021450e-01   1.6842573e-01  -1.2833914e+00  -4.7809397e-03   3.6530469e-05   3.4143188e-03
  -5.4691004e-01   1.5671468e-01  -1.2538331e+00  -4.7306599e-03   4.4784789e-05   3.5049234e-03
  -5.4048425e-01   1.5752944e-01  -1.2369274e+00  -4.8871376e-03   1.7482764e-04   3.3013886e-03
  -5.4891440e-01   1.8485010e-01  -1.2858567e+00  -5.1004053e-03   6.1269724e-05   3.6007701e-03
  -5.4501636e-01   2.4379036e-01  -1.4954791e+00  -4.6405969e-03   4.7806683e-04   3.8887936e-03
  -5.7928310e-01   2.1653578e-01  -1.4118501e+00  -4.8405349e-03   5.5839498e-05   4.0069203e-03
  -5.7173264e-01   1.8034623e-01  -1.4014416e+00  -5.0338035e-03   7.4625257e-05   3.8254249e-03
  -5.7815998e-01   1.7782100e-01  -1.4735797e+00  -3.6045466e-03   5.0800661e-04   4.0625919e-03
  -5.7496481e-01   1.6949754e-01  -1.5108203e+00  -3.7441344e-03   6.1377905e-04   3.9349462e-03
  -5.6928347e-01   1.4517033e-01  -1.5270106e+00  -4.6465129e-03   4.3106988e-04   3.7526054e-03
  -6.0145766e-01   5.2060516e-02  -1.5174542e+00  -1.8100296e-03   1.5944323e-03   4.3693745e-03
  -5.9784452e-01   1.2089813e-01  -1.8050687e+00  -3.2479295e-03   4.8132095e-04   3.2695216e-03
  -5.4849018e-01   3.3241403e-02  -1.7351003e+00  -3.8843574e-03   8.8631845e-04   2.6331405e-03
  -5.6015573e-01   1.1073203e-01  -1.6993459e+00  -3.4760288e-03   3.6844200e-04   2.9228024e-03
  -5.7656747e-01   1.1595180e-01  -1.7081187e+00  -3.9796611e-03   4.8865787e-04   2.6692134e-03
  -5.8925807e-01   4.5342911e-02  -1.8007943e+00  -1.6825229e-03   1.5893113e-03   3.3956015e-03
  -5.7732645e-01   1.2814805e-01  -2.0733773e+00  -4.4670739e-03   5.4525771e-04   4.0260190e-03
  -4.9774576e-01   4.2739486e-01  -1.9389754e+00  -3.0387266e-03   3.0176490e-04   2.8056464e-03
  -5.6476540e-01   3.9780643e-01  -1.8205491e+00  -6.4379700e-03   8.6855117e-04   4.2975079e-03
  -5.4914895e-01   4.0993170e-01  -1.8676734e+00  -7.4436376e-03  -5.9689908e-04   4.2638935e-03
  -5.4322716e-01   2.4434776e-01  -1.8610284e+00  -7.8637040e-03  -7.4217748e-04   3.7749705e-03
  -5.3615233e-01   3.3509958e-01  -1.6731080e+00  -6.2381590e-03  -7.2203980e-04   3.1382026e-03
  -5.3438696e-01   2.7778945e-01  -1.6193295e+00  -6.0224146e-03  -4.7159062e-04   3.1672270e-03
  -5.4382585e-01   2.7513444e-01  -1.6609851e+00  -6.3464054e-03  -3.4855512e-04   2.9982965e-03
  -5.4229819e-01   2.9632438e-01  -1.5586891e+00  -6.1936823e-03  -4.3671567e-04   2.8259756e-03
  -5.2375087e-01   2.6006736e-01  -1.5604495e+00  -5.8127128e-03  -2.5818180e-04   2.4495357e-03
  -5.2965139e-01   2.9583735e-01  -1.5860868e+00  -6.8232893e-03   1.5087057e-04   4.3396836e-03
  -5.7863996e-01   3.1414567e-01  -1.3073523e+00  -5.2528810e-03   1.1080673e-04   4.2603007e-03
  -6.2304605e-01   3.6869341e-01  -1.0013327e+00  -3.7017386e-03   1.3833853e-03   2.8581265e-03
  -5.6418471e-01   4.4742638e-01  -1.2303141e+00  -5.4650564e-03  -4.7353355e-04   3.1274760e-03
  -5.6991898e-01   4.1236815e-01  -1.2690750e+00  -5.7722608e-03   8.2782873e-06   3.8947702e-03
  -5.6433229e-01   3.3791054e-01  -1.4010819e+00  -4.8973451e-03   9.1271686e-05   3.8022558e-03
  -5.5966962e-01   2.9950528e-01  -1.4165503e+00  -5.0637082e-03   5.9969055e-05   3.6420031e-03
  -5.6666380e-01   3.1131133e-01  -1.4424161e+00  -5.6994944e-03   7.5010973e-05   3.4129821e-03
  -5.7626444e-01   3.2046882e-01  -1.4368318e+00  -5.4539373e-03  -5.3683664e-06   3.9765493e-03
  -5.6963043e-01   3.5442323e-01  -1.6974402e+00  -6.5506480e-03  -3.4558843e-04   3.6865258e-03
  -6.0238365e-01   2.4348994e-01  -1.4952434e+00  -3.6968637e-03   7.0350235e-04   4.3835088e-03
  -5.9013552e-01   2.4081633e-01  -1.4971656e+00  -4.4348777e-03   5.2249973e-05   3.7288998e-03
  -5.5283005e-01   2.4267997e-01  -1.4305589e+00  -4.2634036e-03   4.8790513e-04   3.6877668e-03
  -5.7557004e-01   2.6415473e-01  -1.4406213e+00  -3.5280280e-03  -2.5205295e-05   3.6644184e-03
  -5.5715214e-01   3.8583342e-01  -1.3920844e+00  -4.2609799e-03   5.3786213e-04   3.2390120e-03
  -5.7169665e-01   4.1945374e-01  -1.3112486e+00  -5.4663861e-03   3.9817710e-04   3.9336274e-03
  -6.2173903e-01   2.4153516e-01  -1.5000578e+00  -6.9842703e-04   2.5357028e-03   4.3205944e-03
  -5.8578797e-01   3.0336396e-01  -1.9236774e+00  -4.3945426e-03   6.8679416e-04   4.0795062e-03
  -5.7334278e-01   2.3730236e-01  -1.8149643e+00  -3.9533131e-03   8.6211978e-04   3.4337449e-03
  -5.5946222e-01   2.8227099e-01  -1.7971158e+00  -4.7114046e-03   7.0703920e-04   3.1642634e-03
  -5.5561623e-01   2.9889185e-01  -1.8661956e+00  -4.0466914e-03   2.4190556e-04   3.2580307e-03
  -5.5712241e-01   2.6874271e-01  -1.8492064e+00  -5.0862810e-03   1.3943091e-04   2.9130324e-03
  -5.3947372e-01   1.9787886e-01  -1.7665965e+00  -6.0446711e-03   8.0364703e-04   5.0626182e-03
  -6.0826136e-01   2.2483049e-01  -1.7770111e+00  -4.2657403e-03   1.1176351e-03   3.4209506e-03
  -5.5299474e-01   2.7173611e-01  -1.5912269e+00  -4.9396185e-03   1.3575810e-03   3.7855873e-03
  -5.4979825e-01   3.2208161e-01  -1.6679999e+00  -5.4336506e-03   7.9787590e-04   3.6621537e-03
  -5.7330609e-01   2.0667654e-01  -1.7598648e+00  -4.2112078e-03   1.0548605e-03   4.6937942e-03
  -5.8075100e-01   2.5932240e-01  -1.9721482e+00  -5.1575791e-03   1.5053450e-04   4.0860728e-03
  -5.6300180e-01   1.7646785e-01  -1.8814158e+00  -5.7808971e-03   1.3955030e-04   3.8346820e-03
  -5.6122332e-01   2.4382841e-01  -1.7374407e+00  -4.5346848e-03   4.8609575e-04   3.3041166e-03
  -5.5302826e-01   2.8245567e-01  -1.8149990e+00  -4.9615916e-03   6.0935374e-04   3.8913115e-03
  -5.9437571e-01   1.6848688e-01  -2.1372772e+00  -4.9320881e-03   3.5689190e-04   3.4260711e-03
  -6.0530331e-01   1.3361130e-01  -2.1875341e+00  -4.7945580e-03   1.0720982e-03   2.7163366e-03
  -5.9123362e-01   1.1607148e-01  -2.0153541e+00  -3.7118589e-03   1.1377539e-03   2.0731764e-03
  -5.8574820e-01   1.1145983e-01  -2.0189388e+00  -3.6147604e-03   1.1978776e-03   1.5582399e-03
  -5.9963328e-01   1.9794626e-01  -1.7738615e+00  -4.3700327e-03   1.6505311e-03   3.8876039e-03
  -5.6445275e-01   2.6207021e-01  -1.5280554e+00  -5.0022923e-03   3.5494923e-04   3.1326558e-03
  -5.6209956e-01   2.3649067e-01  -1.5601731e+00  -5.4633736e-03   3.1956730e-04   2.9158645e-03
  -5.0838021e-01   3.4519522e-01  -1.4382041e+00  -4.9445983e-03   6.3949388e-04   2.0024066e-03
  -5.1815115e-01   3.3674580e-01  -1.5629549e+00  -6.2763444e-03   7.4072149e-04   3.5115814e-03
  -5.4756251e-01   3.1987199e-01  -1.6229995e+00  -2.6588571e-03   1.4873927e-05   3.2494100e-03
  -5.5591565e-01   2.5276684e-01  -1.6000695e+00  -3.1937416e-03   2.6833303e-04   2.8411047e-03
  -5.5113370e-01   2.3627608e-01  -1.6359764e+00  -3.7430605e-03   2.7900112e-04   2.6405826e-03
  -5.7670317e-01   2.1841644e-01  -1.7092943e+00  -1.8299527e-03   7.4542798e-04   3.6052610e-03
  -5.7473534e-01   2.3651960e-01  -1.6880953e+00  -3.4871518e-03   5.8250782e-04   3.4746666e-03
  -5.8828808e-01   2.1534317e-01  -1.6941511e+00  -3.7299806e-03   5.7918680e-04   3.3021552e-03
  -5.7527871e-01   2.4069492e-01  -1.6884216e+00  -2.3826321e-03   1.3428095e-03   4.1139821e-03
  -5.8655347e-01   2.5115340e-01  -1.7735421e+00  -3.5105007e-03   1.0663538e-03   4.1361809e-03
  -5.7621187e-01   2.2043565e-01  -1.7320777e+00  -3.4252492e-03   1.0413879e-03   3.3811524e-03
  -5.7684154e-01   2.0796659e-01  -1.7021347e+00  -3.5491054e-03   6.8952688e-04   3.3409507e-03
  -5.0234053e-01   3.6698508e-01  -1.7396809e+00  -4.8070621e-03   6.1743621e-04   2.4118910e-03
  -5.3085484e-01   3.4272293e-01  -1.7533470e+00  -6.1793541e-03   1.6102568e-04   3.4684219e-03
  -5.5554239e-01   2.3053575e-01  -2.1262352e+00  -1.1369470e-02   1.2301248e-03   5.2705196e-03
  -6.1405504e-01   2.2775176e-01  -1.3090963e+00  -3.5028967e-03   2.9981848e-03   5.7145324e-03
  -6.1505152e-01   1.9985455e-01  -1.4698970e+00  -2.5750101e-03   3.0024494e-03   5.7447930e-03
  -5.8627135e-01   2.1492514e-01  -1.7266958e+00  -4.8648762e-03   2.3062322e-03   5.0265676e-03
  -5.6718156e-01   2.1551493e-01  -1.7339040e+00  -5.0517448e-03   2.2611961e-03   4.6294215e-03
  -5.7813172e-01   1.9679866e-01  -1.9483478e+00  -4.3016236e-03   1.5939095e-03   4.1370971e-03
  -5.7028327e-01   1.6571771e-01  -2.0736246e+00  -4.7223947e-03   1.8604830e-03   3.4577469e-03
  -5.7047549e-01   2.1171527e-01  -1.7999145e+00  -5.1404995e-03   1.7591810e-03   4.2250074e-03
  -5.8031408e-01   1.3558257e-01  -1.8444024e+00  -3.4109205e-03   1.6451589e-03   3.2710315e-03
  -5.7881658e-01   1.8312523e-01  -1.8590510e+00  -4.6540754e-03   1.3815141e-03   3.6628026e-03
  -5.7986495e-01   1.7707891e-01  -1.9368842e+00  -4.4718826e-03   1.4457418e-03   3.5087940e-03
  -5.5781403e-01   1.9033512e-01  -2.0401351e+00  -4.1995914e-03   1.7070639e-03   3.6267879e-03
  -5.8453528e-01   2.1873437e-01  -1.9524089e+00  -4.9139053e-03   1.7326028e-03   3.8198308e-03
  -5.9143873e-01   2.1392341e-01  -1.9465774e+00  -5.0135468e-03   1.6747066e-03   3.9756617e-03
  -5.3208527e-01   3.0818283e-01  -1.9134330e+00  -5.4871162e-03   2.0116441e-03   3.7276077e-03
  -6.0455828e-01   2.2967287e-01  -2.5318048e+00  -5.4734115e-03   1.5661375e-03   4.2771703e-03
  -5.4847185e-01   3.3838428e-01  -2.7411071e+00  -7.1163830e-03   1.4300998e-04   4.1304896e-03
  -5.5916846e-01   3.0686587e-01  -2.6484907e+00  -7.1587060e-03   3.8051686e-04   4.2121772e-03
  -5.4529747e-01   2.4319880e-01  -2.5028505e+00  -6.7062287e-03   5.2886926e-04   3.6972305e-03
  -5.4527974e-01   2.5825682e-01  -2.3608986e+00  -6.2747810e-03   3.1025987e-04   3.6399140e-03
  -5.4309257e-01   2.1926649e-01  -2.3197447e+00  -6.1967863e-03   1.3463426e-04   3.5540652e-03
  -5.0807034e-01   4.6346816e-01  -2.2121222e+00  -7.0098266e-03  -9.0490312e-04   1.9724655e-03
  -5.6282498e-01   4.5064338e-01  -2.1461554e+00  -7.7818502e-03  -7.3602152e-04   3.5168716e-03
  -5.3060893e-01   3.3049824e-01  -2.0851843e+00  -7.5178553e-03  -2.8236463e-04   3.1111874e-03
  -5.6121976e-01   2.8657421e-01  -1.9388072e+00  -5.0101296e-03   9.3404769e-05   3.4137977e-03
  -5.6762438e-01   2.9148184e-01  -1.9455582e+00  -5.1270006e-03   2.4099185e-04   3.3565913e-03
  -5.9106426e-01   2.7118764e-01  -1.9944104e+00  -4.2475539e-03   1.0958384e-03   3.9660657e-03
  -5.8867224e-01   2.3487798e-01  -1.8474731e+00  -5.0331668e-03   8.3958762e-04   4.2653099e-03
  -6.2418387e-01   1.2395157e-01  -1.9200302e+00  -1.6115293e-03   2.2471926e-03   4.9630645e-03
  -6.0440666e-01   1.6994737e-01  -2.0329785e+00  -3.1660356e-03   1.6630606e-03   3.9535315e-03
  -6.0196477e-01   1.4129927e-01  -2.0638665e+00  -3.1945305e-03   2.1299936e-03   3.9135026e-03
  -5.6820113e-01   3.3743750e-01  -1.8505401e+00  -5.1594572e-03   1.8120799e-03   4.0075961e-03
  -5.9587979e-01   2.5241562e-01  -1.6607989e+00  -3.1905936e-03   2.0249179e-03   4.2803281e-03
  -6.0079102e-01   2.2324164e-01  -1.8354016e+00  -3.7475394e-03   1.2725389e-03   3.8154910e-03
  -5.8213337e-01   2.2611673e-01  -1.8799426e+00  -3.7078600e-03   1.4039688e-03   3.4257506e-03
  -5.8973985e-01   2.3271456e-01  -1.8965318e+00  -4.0069281e-03   1.2982596e-03   3.2911567e-03
  -6.0584413e-01   1.6870861e-01  -1.8983495e+00  -2.4863519e-03   2.6515056e-03   4.3024579e-03
  -6.0169881e-01   1.7711467e-01  -2.0075706e+00  -4.0702689e-03   2.0965179e-03   3.8500142e-03
  -5.9291616e-01   2.2177704e-01  -2.1328187e+00  -3.4567039e-03   2.1381556e-03   4.1394461e-03
  -6.0343400e-01   2.0740638e-01  -2.0841760e+00  -4.2265473e-03   1.9193771e-03   3.8181130e-03
  -5.9311955e-01   2.1965632e-01  -2.0427658e+00  -4.2907267e-03   1.7740288e-03   3.7883703e-03
  -5.5916101e-01   2.0523176e-01  -2.0635959e+00  -4.0498832e-03   1.3079507e-03   3.8484064e-03
  -5.4577741e-01   2.1888820e-01  -2.0953341e+00  -4.6062263e-03   4.5457105e-04   2.8784048e-03
  -5.4121378e-01   2.0522657e-01  -2.0337055e+00  -4.3618251e-03   3.5224726e-04   2.8956046e-03
  -5.3618834e-01   1.9326092e-01  -2.0226605e+00  -4.5813056e-03   3.6053519e-04   2.9616743e-03
  -5.2057513e-01   3.6587831e-01  -1.8817642e+00  -6.3203050e-03  -2.9249049e-05   2.7281382e-03
  -5.4574115e-01   3.0966484e-01  -2.0541388e+00  -4.8831445e-03  -2.7692425e-04   3.2268983e-03
  -5.6792796e-01   3.0334246e-01  -1.9946626e+00  -5.4243503e-03   1.3189791e-05   3.3260905e-03
  -5.7348667e-01   2.8669167e-01  -2.0676660e+00  -4.9403073e-03  -5.4493995e-04   3.0206931e-03
  -5.9425956e-01   2.5888642e-01  -2.1880753e+00  -4.7433648e-03   4.0593356e-04   3.5413744e-03
  -5.6774104e-01   2.2034776e-01  -2.1584774e+00  -3.7655427e-03   7.2979675e-04   3.4020747e-03
  -6.1027290e-01   2.5232411e-01  -2.4280098e+00  -4.9839660e-03   3.9671188e-04   3.9083885e-03
  -6.0162525e-01   1.9371091e-01  -2.3597344e+00  -5.7005699e-03   1.5180658e-03   4.4079726e-03
  -6.1940942e-01   1.3395562e-01  -2.0763857e+00  -1.0959534e-02   2.2923208e-03   5.4611752e-03
  -5.6463686e-01   1.1338375e-01  -2.3218822e+00  -8.8663761e-03  -7.2462517e-04   4.3166089e-03
  -5.5741939e-01   2.5237394e-01  -2.6130457e+00  -7.4474132e-03   4.9785238e-04   3.8827957e-03
  -5.5745285e-01   4.2622298e-01  -2.2959190e+00  -6.4430792e-03   9.7268994e-04   3.2413916e-03
  -5.5792810e-01   4.0549264e-01  -2.2124290e+00  -6.7681107e-03  -4.5003395e-05   3.8001482e-03
  -5.7828473e-01   3.5984482e-01  -2.1447134e+00  -6.5714241e-03  -2.2428750e-04   3.9917114e-03
  -5.6289836e-01   3.2553823e-01  -2.0751719e+00  -6.0725705e-03   1.1732391e-04   3.7509624e-03
  -5.7956788e-01   2.4777778e-01  -2.0767414e+00  -4.2670993e-03   4.0387304e-04   4.3623618e-03
  -6.0125042e-01   2.8181057e-01  -1.9064878e+00  -3.8529407e-03   6.9351096e-04   4.4136480e-03
  -5.7771201e-01   2.5949045e-01  -1.8823190e+00  -3.9235827e-03   1.2013920e-03   4.0667491e-03
  -5.9414362e-01   2.6466550e-01  -1.8183367e+00  -3.6209316e-03   1.4440748e-03   4.4176884e-03
  -5.9282826e-01   2.4160508e-01  -1.7915950e+00  -3.4405171e-03   1.2746925e-03   4.2620257e-03
  -6.2449113e-01   2.1338365e-01  -1.6867041e+00  -2.8347752e-03   2.2452937e-03   4.6464606e-03
  -6.0508549e-01   2.2867333e-01  -1.6662961e+00  -2.6432519e-03   1.6248441e-03   4.4350672e-03
  -5.9899446e-01   2.0942473e-01  -1.6027774e+00  -2.5219251e-03   1.2141277e-03   4.2642822e-03
  -5.4423013e-01   3.0725311e-01  -1.5713614e+00  -4.2291577e-03   3.4897791e-04   3.2642865e-03
  -5.6413143e-01   2.9421029e-01  -1.5719588e+00  -3.7394441e-03   3.7321059e-04   3.6025911e-03
  -5.7362596e-01   2.6753312e-01  -1.5749978e+00  -2.5815904e-03   5.4213207e-04   3.3414575e-03
  -5.6263299e-01   2.3835394e-01  -1.5515617e+00  -3.1084042e-03   6.6052235e-04   3.0245504e-03
  -6.0237796e-01   8.6657637e-02  -1.6173796e+00  -5.4581576e-04   2.4952304e-03   4.3337318e-03
  -6.0814160e-01   1.6758190e-01  -1.9143186e+00  -2.7578651e-03   1.0274089e-03   3.7331187e-03
  -5.9904961e-01   1.1374129e-01  -1.9367429e+00  -2.8481974e-03   1.1620977e-03   3.1337253e-03
  -5.3586816e-01   2.4434794e-01  -2.0304670e+00  -3.4942053e-03   1.0061463e-03   3.3737389e-03
  -5.4049833e-01   1.4240650e-01  -2.0530411e+00  -3.9383364e-03   1.0802186e-03   3.6983642e-03
  -5.6377693e-01   2.1837149e-01  -2.4186197e+00  -5.3867227e-03  -6.7899059e-04   3.1101462e-03
  -5.3641600e-01   1.9816386e-01  -2.3137132e+00  -6.3083418e-03   5.9345593e-06   3.5205837e-03
  -5.6148489e-01   2.4209231e-01  -2.2596802e+00  -4.9836144e-03   3.8887673e-04   3.6572923e-03
  -5.7920243e-01   3.1032984e-01  -1.8984560e+00  -4.6612194e-03   1.3444857e-03   3.8985706e-03
  -5.8866286e-01   3.1124199e-01  -2.0348428e+00  -4.5133709e-03   4.4196811e-04   4.2771525e-03
  -5.8140558e-01   2.4410503e-01  -2.0870509e+00  -4.4205922e-03   4.5396717e-04   3.7521809e-03
  -5.6425571e-01   2.4175813e-01  -2.2516013e+00  -4.3147626e-03   3.9524583e-04   3.3960190e-03
  -5.9959984e-01   1.4448986e-01  -2.2130124e+00  -3.1242408e-03   1.9284232e-03   4.3438182e-03
  -5.8711646e-01   1.7372611e-01  -2.2786951e+00  -3.7420895e-03   1.1486509e-03   3.5556124e-03
  -5.4148500e-01   2.5705014e-01  -2.2590245e+00  -4.5822428e-03   1.0602678e-03   3.6346233e-03
  -5.6654549e-01   1.8044034e-01  -2.3082344e+00  -3.9866438e-03   1.2213026e-03   3.2003948e-03
  -5.7102277e-01   2.0409084e-01  -2.3246855e+00  -3.4295188e-03   1.5256468e-03   3.9205170e-03
  -5.8015754e-01   2.3846303e-01  -2.3451072e+00  -3.7755060e-03   1.2212389e-03   3.8454888e-03
  -5.6570870e-01   2.1071206e-01  -2.3716270e+00  -4.1358011e-03   1.0821854e-03   3.3426427e-03
  -5.4729023e-01   3.7822749e-01  -2.3213261e+00  -5.0422284e-03   1.1918510e-03   3.5049634e-03
  -5.9348111e-01   3.2177061e-01  -2.2856133e+00  -4.9025174e-03   9.0870380e-04   4.8411038e-03
  -5.9212973e-01   2.9541239e-01  -2.3075051e+00  -4.0000068e-03   8.1119453e-04   4.2563047e-03
  -5.9978341e-01   2.3247155e-01  -2.3276806e+00  -3.7402469e-03   1.2213701e-03   4.0601579e-03
  -5.8839037e-01   2.6048226e-01  -2.3320991e+00  -3.6878367e-03   1.0863961e-03   3.7812274e-03
  -6.0874859e-01   1.8776572e-01  -2.1557384e+00  -2.6892856e-03   2.1130911e-03   4.2099584e-03
  -5.9426621e-01   2.1529802e-01  -2.2058985e+00  -3.4246798e-03   1.1995259e-03   3.3790139e-03
  -5.8218417e-01   1.9900610e-01  -2.2905812e+00  -3.9412443e-03   1.3597062e-03   3.5605414e-03
  -6.1224346e-01   1.2287139e-01  -2.2120612e+00  -2.8239952e-03   1.9118801e-03   4.1242257e-03
  -5.9137630e-01   1.2996077e-01  -2.2598055e+00  -2.3383217e-03   1.4009019e-03   3.2442201e-03
  -5.9671761e-01   8.6149756e-02  -2.3411471e+00  -1.1771628e-03   1.6063907e-03   2.7435728e-03
  -6.0389458e-01   1.0756460e-01  -2.3739988e+00  -1.6185659e-03   1.6656902e-03   2.9018805e-03
  -4.8052121e-01   3.6570764e-01  -2.2482440e+00  -4.4960753e-03   1.2346991e-03   2.7588296e-03
  -5.5350041e-01   2.9805994e-01  -2.2829557e+00  -4.6206935e-03   1.0820399e-03   3.9150876e-03
  -5.7540774e-01   2.7285249e-01  -2.2756121e+00  -4.7840131e-03   6.2561063e-04   4.3594853e-03
  -5.7534028e-01   2.4192789e-01  -2.3339539e+00  -3.5382126e-03   7.9550414e-04   3.6868660e-03
  -6.1029234e-01   1.4700424e-01  -2.1650626e+00  -2.5670011e-03   2.5411317e-03   4.5918238e-03
  -5.8493032e-01   1.8549457e-01  -2.2953074e+00  -3.2777372e-03   1.4085994e-03   3.9391919e-03
  -5.8498315e-01   1.8731570e-01  -2.3550039e+00  -3.4930392e-03   1.7582039e-03   3.8230574e-03
  -5.8016041e-01   2.1505804e-01  -2.3298832e+00  -3.5025380e-03   1.4725229e-03   3.8134225e-03
  -5.6343640e-01   2.4244499e-01  -2.3058712e+00  -4.0624588e-03   1.5696154e-03   4.3148063e-03
  -5.4186083e-01   2.2036450e-01  -2.4669292e+00  -2.7654456e-03   2.9540259e-04   3.3019239e-03
  -5.5633602e-01   2.3711656e-01  -2.4666004e+00  -4.2513398e-03   3.2416624e-05   3.1472123e-03
  -5.3788075e-01   4.2082471e-01  -2.3693259e+00  -4.5881277e-03  -5.9650933e-04   2.9527439e-03
  -5.7506185e-01   2.8692509e-01  -2.3975492e+00  -3.6288953e-03   1.7855652e-03   5.2285299e-03
  -5.7879583e-01   3.2441535e-01  -2.1565517e+00  -5.5810810e-03   1.6516995e-03   4.8826444e-03
  -5.9218416e-01   3.1415708e-01  -2.2413246e+00  -3.9660116e-03   1.5837173e-03   4.9930251e-03
  -5.7806022e-01   2.4463349e-01  -2.1561083e+00  -4.3431884e-03   1.3515290e-03   4.5641969e-03
  -5.6463576e-01   2.2227406e-01  -2.1986926e+00  -4.1511467e-03   1.2888612e-03   4.2098600e-03
  -5.6138236e-01   2.0327721e-01  -2.2579900e+00  -4.0184154e-03   1.2879466e-03   3.9065378e-03
  -5.7492345e-01   2.1546939e-01  -2.2342547e+00  -3.7716105e-03   1.1364604e-03   3.5567520e-03
  -5.5679785e-01   1.8666392e-01  -2.2398495e+00  -3.5326183e-03   1.3729553e-03   3.2977181e-03
  -5.8175414e-01   1.8558676e-01  -2.9043490e+00  -5.4802915e-03   8.3943264e-04   3.4225832e-03
  -5.9786594e-01   2.4598772e-01  -2.7764729e+00  -4.5871233e-03   1.0521934e-03   3.7581896e-03
  -5.9511791e-01   1.9913826e-01  -2.7500113e+00  -4.6775773e-03   8.5293150e-04   3.9221042e-03
  -5.7988028e-01   2.1261849e-01  -2.8444975e+00  -2.8650107e-03   9.3690672e-04   4.6048247e-03
  -6.3737721e-01   3.0327832e-01  -2.5908860e+00  -2.3719153e-03   1.5827954e-03   5.4616115e-03
  -7.7153206e-01   5.0976360e-02  -5.1777647e-01  -9.9511146e-03   1.8038383e-03   7.5770628e-03
  -7.4402916e-01  -3.5810773e-01   7.2564169e-01   3.3302289e-03   4.8340440e-04   6.1586821e-03
  -8.0084646e-01  -2.2525479e-01   4.1230474e-01   6.5974479e-03   4.0642566e-03   5.2460262e-03
  -6.9115799e-01   2.4830818e-02  -2.0443803e-01   8.8082008e-03   4.6480087e-03   5.3758244e-03
  -6.5348814e-01   1.8567045e-01  -1.2204918e+00  -1.5510853e-03   4.3686694e-03   6.1128834e-03
  -6.2486358e-01   1.3511138e-01  -1.2230178e+00  -1.4304295e-03   4.1149839e-03   5.8914912e-03
  -6.2179110e-01   1.5233473e-01  -1.3134258e+00  -2.0035196e-03   3.7192375e-03   5.5872139e-03
  -6.2663574e-01   1.5151126e-01  -1.3808569e+00  -2.3087447e-03   3.5486635e-03   5.4341958e-03
  -6.3253130e-01   1.5251891e-01  -1.3796254e+00  -2.3240755e-03   3.5928994e-03   5.1055030e-03
  -6.1610440e-01   1.2291498e-01  -1.4077415e+00  -2.2016422e-03   3.4240511e-03   4.9512824e-03
  -6.1688947e-01   1.1340902e-01  -1.4128463e+00  -2.0604223e-03   3.7811795e-03   5.0829676e-03
  -5.6774455e-01   3.4122909e-01  -1.3581674e+00  -2.7412036e-03   3.0841658e-03   4.9059780e-03
  -5.8993275e-01   3.6437541e-01  -1.4545243e+00  -4.4316753e-03   2.5239835e-03   5.4548550e-03
  -5.9061342e-01   3.0169058e-01  -1.3693424e+00  -3.8151090e-03   2.4115186e-03   5.4405394e-03
  -5.7790771e-01   2.7532506e-01  -1.3489915e+00  -2.7540123e-03   2.5459395e-03   5.0470712e-03
  -5.8023776e-01   2.8359383e-01  -1.3767730e+00  -2.8972576e-03   2.6997358e-03   5.2798746e-03
  -5.9419939e-01   2.7964934e-01  -1.3718835e+00  -2.8535450e-03   2.7624082e-03   5.5029843e-03
  -5.8726031e-01   2.4440135e-01  -1.4054541e+00  -2.9390619e-03   2.5063117e-03   5.4081266e-03
  -5.8202430e-01   2.5624360e-01  -1.4274757e+00  -2.9618386e-03   2.3817508e-03   5.1055591e-03
  -5.8163948e-01   2.4451174e-01  -1.4543518e+00  -2.9537008e-03   2.4633821e-03   4.8129567e-03
  -5.7421313e-01   2.6020460e-01  -1.4457495e+00  -2.9084569e-03   2.2263123e-03   4.7684458e-03
  -5.4622239e-01   2.4271153e-01  -1.6635994e+00  -3.2161526e-03   1.7952016e-03   4.6105886e-03
  -5.5827035e-01   3.8137321e-01  -1.6678784e+00  -3.5358891e-03   2.0452333e-03   3.8936700e-03
  -5.7316100e-01   3.5497220e-01  -1.7155105e+00  -4.5326816e-03   1.7326179e-03   4.7216272e-03
  -5.5980764e-01   2.6447361e-01  -1.7313878e+00  -4.1685792e-03   1.6387560e-03   4.4895388e-03
  -5.8143008e-01   2.5879750e-01  -1.7953453e+00  -3.0632410e-03   2.4583602e-03   4.7731092e-03
  -5.8911020e-01   2.9706256e-01  -1.8257339e+00  -3.5306302e-03   2.1405875e-03   4.8181198e-03
  -5.8052325e-01   2.9177247e-01  -1.7999306e+00  -3.2867369e-03   1.9965484e-03   4.5539035e-03
  -6.1654682e-01   3.2910318e-01  -1.8182660e+00  -3.8365627e-03   2.4075592e-03   5.5974599e-03
  -6.4280691e-01   1.9175625e-01  -1.6835585e+00  -1.2075340e-03   4.0518801e-03   6.1427756e-03
  -6.0553557e-01   1.7843683e-01  -1.8067629e+00  -2.5181837e-03   3.2048176e-03   4.5265153e-03
  -5.4879217e-01   2.1202330e-01  -1.8477679e+00  -3.6680332e-03   3.0889567e-03   4.6848526e-03
  -5.4598795e-01   2.1071994e-01  -2.0884502e+00  -3.6834731e-03   1.8255323e-03   4.0769785e-03
  -5.4847481e-01   2.5607201e-01  -2.0547539e+00  -4.5907121e-03   1.9801479e-03   3.4674567e-03
  -5.5136613e-01   3.4662273e-01  -1.9808096e+00  -5.1341724e-03   1.5243346e-03   4.6557857e-03
  -5.7161753e-01   2.9939135e-01  -1.9706215e+00  -4.7991833e-03   1.6322917e-03   4.8287099e-03
  -5.6753108e-01   3.0273840e-01  -1.9626348e+00  -4.1104853e-03   2.1788682e-03   5.0864602e-03
  -5.9329681e-01   2.5072762e-01  -2.0059890e+00  -4.2958010e-03   2.1106490e-03   5.4909070e-03
  -6.4339059e-01   1.3706140e-01  -1.7237172e+00  -2.1131264e-03   4.0449527e-03   6.4135432e-03
  -6.3676658e-01  -4.4863715e-02  -1.2856786e+00  -2.7571846e-03   1.0505997e-03   5.9058495e-03
  -6.7514785e-01   1.3822837e-01  -1.8564415e+00  -8.5360199e-04   3.3807601e-03   5.9066801e-03
  -6.3839731e-01   1.8866915e-01  -2.6015783e+00  -3.0487367e-03   2.8529645e-03   5.5640567e-03
  -6.3328542e-01   1.6064235e-01  -2.3553136e+00  -3.0759585e-03   2.6775255e-03   4.8799860e-03
  -6.2184882e-01   1.1996614e-01  -2.3879890e+00  -2.5810176e-03   2.9873151e-03   4.4919964e-03
  -6.1041311e-01   1.8661791e-01  -2.3029613e+00  -3.4297758e-03   2.6897521e-03   4.4239873e-03
  -5.5445253e-01   3.0928936e-01  -2.2616897e+00  -5.0374399e-03   3.6232580e-03   4.5832556e-03
  -5.4806397e-01   3.1611462e-01  -2.2343028e+00  -5.3093652e-03   2.5716862e-03   5.2664096e-03
  -5.5981742e-01   3.1003448e-01  -2.2375457e+00  -5.5858216e-03   2.7211363e-03   5.4202597e-03
  -5.6996820e-01   2.8626356e-01  -2.2119580e+00  -5.3642970e-03   2.5830104e-03   5.2277108e-03
  -5.7289785e-01   2.6513960e-01  -2.2848271e+00  -4.2980122e-03   2.8063968e-03   5.2966397e-03
  -5.7731579e-01   3.0993922e-01  -2.2583006e+00  -4.6680447e-03   3.0643440e-03   5.4402469e-03
  -5.8205473e-01   2.7271422e-01  -2.2445390e+00  -4.3564309e-03   3.1103937e-03   5.2327219e-03
  -5.8106726e-01   2.9311566e-01  -2.2513544e+00  -4.5419542e-03   2.9511204e-03   5.0821415e-03
  -5.7554117e-01   2.7250360e-01  -2.2394812e+00  -4.1158136e-03   2.9380330e-03   4.7705699e-03
  -5.8752411e-01   2.5534244e-01  -2.2649811e+00  -4.4322984e-03   2.9235540e-03   4.6388944e-03
  -5.7886260e-01   2.5101195e-01  -2.2973395e+00  -4.1244555e-03   3.4892228e-03   4.5041860e-03
  -5.6999470e-01   2.6166923e-01  -2.2728319e+00  -4.3296710e-03   3.3092261e-03   4.4267239e-03
  -5.5335054e-01   1.8524426e-01  -1.7426478e+00  -2.8399616e-03   1.7363685e-03   3.9034813e-03
  -5.8306999e-01   2.3571690e-01  -1.7739301e+00  -3.2568162e-03   2.1510235e-03   4.4879141e-03
  -5.7657268e-01   1.9292408e-01  -1.7846410e+00  -2.4457887e-03   1.8777133e-03   4.2085181e-03
  -5.7380924e-01   2.0313578e-01  -1.8126032e+00  -2.5974727e-03   1.8220739e-03   3.9552637e-03
  -5.7187107e-01   1.7361759e-01  -1.8731839e+00  -2.3744848e-03   1.8253177e-03   3.6611871e-03
  -6.1381550e-01   1.9176762e-01  -2.0687385e+00  -3.0074961e-03   2.6649843e-03   4.5147098e-03
  -5.9354738e-01   2.1355893e-01  -2.0948414e+00  -3.2634152e-03   2.2009447e-03   4.1413833e-03
  -5.7100415e-01   2.0974393e-01  -2.1285010e+00  -2.9451976e-03   2.2414447e-03   3.8861835e-03
  -5.6674350e-01   2.2265830e-01  -2.1834083e+00  -3.4363999e-03   2.1896711e-03   3.6545328e-03
  -5.7858854e-01   1.7017074e-01  -2.2374561e+00  -2.9444173e-03   2.4231615e-03   3.8030829e-03
  -5.9260819e-01   2.4290701e-01  -2.2191916e+00  -3.4364615e-03   2.3220839e-03   4.1956973e-03
  -5.5168768e-01   1.4873419e-01  -2.1383621e+00  -4.1147483e-03   2.1957332e-03   3.8886000e-03
  -4.7242915e-01   4.6847817e-01  -2.0460084e+00  -4.4855025e-03   5.8896152e-04   3.1207204e-03
  -4.8431143e-01   4.2575042e-01  -2.0688816e+00  -4.4525491e-03   1.0381847e-03   3.1829827e-03
  -4.8595790e-01   4.0063913e-01  -1.9942039e+00  -3.5300907e-03   1.5194300e-03   3.2031079e-03
  -4.8916532e-01   4.2363846e-01  -2.0375547e+00  -3.5166817e-03   1.4351779e-03   3.0385735e-03
  -5.0237910e-01   4.1795714e-01  -2.0783104e+00  -3.9412578e-03   1.4822195e-03   3.1603449e-03
  -4.9900915e-01   3.5154984e-01  -2.0851772e+00  -3.7305185e-03   2.5826209e-03   4.0508087e-03
  -5.5567269e-01   2.7729492e-01  -1.8886695e+00  -1.6975725e-03   3.4077046e-03   4.9240137e-03
  -5.3459912e-01   3.2345160e-01  -1.9661435e+00  -1.4707734e-03   3.1320662e-03   4.4637836e-03
  -5.1773570e-01   3.0182800e-01  -2.0277065e+00  -2.2472071e-03   3.2287432e-03   4.3286750e-03
  -5.3222604e-01   2.5634246e-01  -1.9170452e+00  -1.1017166e-03   3.7418847e-03   4.2806970e-03
  -5.2390542e-01   3.1335485e-01  -2.0445548e+00  -2.2949051e-03   2.8644314e-03   4.1844874e-03
  -4.8368799e-01   3.9229706e-01  -2.0475057e+00  -3.3349449e-03   2.3523277e-03   3.6392572e-03
  -5.1286579e-01   4.0290832e-01  -2.0220264e+00  -3.1032549e-03   2.2622322e-03   4.1288424e-03
  -4.7441191e-01   4.1108261e-01  -2.1048263e+00  -3.0375163e-03   2.1259531e-03   3.5973742e-03
  -4.7841669e-01   3.8381754e-01  -2.0897598e+00  -3.0453653e-03   2.1046701e-03   3.5373563e-03
  -4.8036358e-01   3.5828624e-01  -2.1283016e+00  -2.7931572e-03   2.1317294e-03   3.4810653e-03
  -4.8117619e-01   3.8845903e-01  -2.0947238e+00  -2.9896985e-03   2.0463205e-03   3.4530197e-03
  -5.1360575e-01   3.2301355e-01  -2.0994933e+00  -2.0586230e-03   2.9779809e-03   3.8954723e-03
  -5.0671903e-01   3.1638507e-01  -2.1345395e+00  -1.8548379e-03   2.7196797e-03   2.9532121e-03
  -4.8450421e-01   3.0153838e-01  -2.1816555e+00  -1.3783659e-03   2.6554695e-03   2.6456996e-03
  -4.8427942e-01   3.1665752e-01  -2.1160820e+00  -1.7454883e-03   2.4274065e-03   2.8469704e-03
  -4.9199261e-01   3.2421202e-01  -2.1492912e+00  -2.5003368e-03   2.5801649e-03   3.0486299e-03
  -4.8458051e-01   3.2893730e-01  -2.1515418e+00  -2.1150910e-03   2.5997425e-03   2.9853448e-03
  -5.0339194e-01   4.0625096e-01  -2.1031206e+00  -3.1255658e-03   2.6799092e-03   3.0968434e-03
  -5.1134406e-01   3.8747449e-01  -2.0823713e+00  -2.9742697e-03   2.5049906e-03   3.2623713e-03
  -5.0377213e-01   3.6004518e-01  -2.1300525e+00  -2.2327248e-03   2.3124276e-03   3.0460399e-03
  -6.1790606e-01   1.4201318e-01  -2.0942758e+00  -1.8885252e-03   3.4322654e-03   4.6991247e-03
  -6.0196017e-01   2.1226169e-01  -2.1238148e+00  -2.2012631e-03   2.3714462e-03   4.3588078e-03
  -5.8098798e-01   1.7903827e-01  -2.1613906e+00  -2.4379375e-03   2.2878662e-03   3.8747551e-03
  -5.3229748e-01   2.0111312e-01  -2.4946234e+00  -4.2290276e-03   1.2618591e-03   3.4506090e-03
  -5.6233675e-01   2.6337194e-01  -2.4041270e+00  -4.2370344e-03   1.9271710e-03   3.2182748e-03
  -5.5270121e-01   2.3178570e-01  -2.3592335e+00  -4.0381361e-03   1.9343961e-03   2.8528704e-03
  -5.2940609e-01   1.6506438e-01  -2.4019925e+00  -4.1643425e-03   1.8618747e-03   3.3179506e-03
  -5.4221441e-01   2.2535970e-01  -2.6878704e+00  -4.3828987e-03   1.2212145e-03   3.1961714e-03
  -4.9141312e-01   4.1559150e-01  -2.5453351e+00  -6.5628082e-03   1.7722213e-03   3.2561056e-03
  -5.6280284e-01   2.4521639e-01  -2.3416293e+00  -3.3360868e-03   2.4920146e-03   4.5206286e-03
  -5.6862546e-01   2.9061283e-01  -2.4492094e+00  -4.6721110e-03   1.8537359e-03   4.1172488e-03
  -5.5125768e-01   2.8225480e-01  -2.4109572e+00  -4.5266317e-03   1.8939588e-03   3.7700223e-03
  -5.5632104e-01   1.7944174e-01  -2.4663320e+00  -3.1374224e-03   2.3036811e-03   4.2591327e-03
  -5.8497162e-01   1.8868202e-01  -2.4052141e+00  -2.9689645e-03   2.2141282e-03   4.1865528e-03
  -5.8078499e-01   2.2701314e-01  -2.3999425e+00  -2.9025924e-03   2.3659329e-03   4.0762441e-03
  -5.9121801e-01   2.1105458e-01  -2.4243380e+00  -2.7744104e-03   2.6980428e-03   4.2067503e-03
  -5.5957151e-01   2.1883471e-01  -2.4872313e+00  -3.7231804e-03   2.2653211e-03   3.6201742e-03
  -5.3510414e-01   2.1077635e-01  -2.3852706e+00  -4.0626820e-03   1.6960599e-03   3.2971397e-03
  -6.3668193e-01   1.5739941e-01  -2.4241370e+00  -1.3014011e-03   2.3526315e-03   5.1027230e-03
  -6.0035553e-01   2.1919317e-01  -2.5359181e+00  -3.0869378e-03   2.3160760e-03   4.5543743e-03
  -5.2954947e-01   3.8314393e-01  -2.4821501e+00  -3.8334050e-03   2.9438227e-03   4.3996512e-03
  -5.2782450e-01   4.2280898e-01  -2.4313489e+00  -5.0305248e-03   1.8269516e-03   3.4953632e-03
  -5.3043476e-01   3.6255363e-01  -2.4622998e+00  -4.7060518e-03   1.6593554e-03   3.9060387e-03
  -5.2441061e-01   2.2557416e-01  -2.5558528e+00  -4.0717427e-03   1.8560328e-03   4.1380016e-03
  -5.1898259e-01   2.7789820e-01  -3.0242818e+00  -6.6492183e-03   3.1419609e-04   3.1614326e-03
  -5.3167301e-01   3.4629345e-01  -2.9678413e+00  -6.5171713e-03   7.4817973e-04   3.2475103e-03
  -5.2609623e-01   2.9438768e-01  -2.9022669e+00  -6.4091046e-03   9.1154472e-04   3.2343127e-03
  -5.2660652e-01   2.8512772e-01  -2.8813650e+00  -6.4944247e-03   1.1191544e-03   3.1151518e-03
  -5.2815267e-01   2.9815612e-01  -2.9181809e+00  -6.2336047e-03   1.3697567e-03   3.1209598e-03
  -5.5959947e-01   2.9472459e-01  -2.7865551e+00  -5.7379282e-03   1.5745996e-03   3.5624370e-03
  -5.4979268e-01   2.6611395e-01  -2.7772317e+00  -5.4593030e-03   1.5330214e-03   3.3786295e-03
  -5.1473903e-01   3.0217467e-01  -2.7270085e+00  -5.5389019e-03   1.1007081e-03   3.1628944e-03
  -4.8752951e-01   4.1808095e-01  -2.6454012e+00  -5.0870844e-03   2.3334200e-03   8.4163688e-04
  -5.3448338e-01   3.5609550e-01  -2.4898794e+00  -4.7311719e-03   1.3151124e-03   3.5441433e-03
  -5.4211927e-01   3.0650511e-01  -2.5071101e+00  -4.5978545e-03   1.3988023e-03   3.5427731e-03
  -5.4438911e-01   2.6846284e-01  -2.5450489e+00  -3.8909557e-03   1.2823542e-03   2.9776274e-03
  -5.3209656e-01   2.9826169e-01  -2.5300544e+00  -4.1096464e-03   1.4120587e-03   2.9810947e-03
  -5.5174235e-01   2.7443459e-01  -2.5719826e+00  -4.1575769e-03   1.6398993e-03   3.1267221e-03
  -5.5068370e-01   2.4856150e-01  -2.5916103e+00  -3.8733916e-03   1.7602445e-03   3.0673777e-03
  -5.5499473e-01   2.7202380e-01  -2.5693105e+00  -4.1370100e-03   1.5231643e-03   3.0421452e-03
  -5.5333237e-01   2.3157122e-01  -2.6189864e+00  -3.8177036e-03   2.0371241e-03   2.7995456e-03
  -5.5991356e-01   2.7130385e-01  -2.6215562e+00  -4.1150090e-03   1.5377281e-03   3.0722021e-03
  -5.3816072e-01   2.6701327e-01  -2.6257230e+00  -5.2149927e-03   1.4583726e-03   2.9936730e-03
  -5.9682880e-01   1.7930729e-01  -3.5511952e+00  -8.1951566e-03  -1.3738099e-03   4.4972524e-03
  -6.5145625e-01   3.1358045e-01  -3.3918230e+00  -7.4872747e-03   4.7180933e-04   5.9244736e-03
  -6.3413377e-01   3.0181647e-01  -3.5456484e+00  -5.8301362e-03   1.2837933e-03   5.5968158e-03
  -6.3630340e-01   2.6552259e-01  -3.4670679e+00  -5.3071947e-03   1.2499574e-03   5.6553030e-03
  -6.1798804e-01   2.3408811e-01  -3.4402423e+00  -5.3289579e-03   1.1745691e-03   4.8465491e-03
  -5.9791318e-01   2.2160695e-01  -3.2898519e+00  -5.4406594e-03   1.5218374e-03   4.4763143e-03
  -6.0538701e-01   2.1039790e-01  -3.2337695e+00  -4.7720911e-03   1.7640764e-03   4.3949107e-03
  -5.9675205e-01   1.7014791e-01  -3.2825691e+00  -4.0198715e-03   2.1108788e-03   4.1410814e-03
  -6.0627248e-01   1.5757460e-01  -3.3787763e+00  -4.0603594e-03   1.7636024e-03   3.9971105e-03
  -5.7858950e-01   2.0912058e-01  -3.3144747e+00  -4.4053930e-03   1.9528748e-03   3.7055114e-03
  -5.9476019e-01   1.9511961e-01  -3.3237846e+00  -4.3382095e-03   2.0725106e-03   3.8841998e-03
  -6.0664383e-01   2.0106825e-01  -3.3636825e+00  -4.9128955e-03   2.1095933e-03   4.0549498e-03
  -5.9057061e-01   1.8338686e-01  -3.3073746e+00  -5.0903965e-03   1.6993120e-03   3.8720054e-03
  -5.9110515e-01   2.0288604e-01  -3.3196795e+00  -5.0383746e-03   1.6119381e-03   3.8619883e-03
  -4.9090851e-01   3.7945518e-01  -2.9206083e+00  -5.9637627e-03   9.5388607e-04   2.9080380e-03
  -4.9832832e-01   3.8716084e-01  -3.0490885e+00  -6.0684795e-03   7.0560863e-04   2.9392183e-03
  -4.9866064e-01   3.9280189e-01  -3.0165048e+00  -5.6956266e-03   7.4797694e-04   2.8438829e-03
  -4.8935523e-01   3.6144473e-01  -3.0901176e+00  -5.4407935e-03   7.7375002e-04   2.4397013e-03
  -4.9352711e-01   3.2410991e-01  -3.0711895e+00  -4.9488600e-03   1.0890036e-03   2.2709284e-03
  -5.1996998e-01   3.1398998e-01  -2.9429371e+00  -4.2748286e-03   7.9913975e-04   2.7740611e-03
  -5.3432875e-01   2.9940853e-01  -2.9841756e+00  -4.2294256e-03   1.3745845e-03   3.0428198e-03
  -6.2027329e-01   1.1311843e-01  -2.3850126e+00  -1.0730962e-02   2.0519030e-03   4.5182603e-03
  -6.7559475e-01   1.0240038e-02  -2.0830470e+00   6.8259448e-03  -4.4716811e-05   3.9669005e-03
  -7.9662397e-01  -2.3864031e-01   4.3622779e-02   2.1381906e-03   2.0100852e-03   5.9598445e-03
  -7.1578750e-01   9.4050544e-02  -1.2483796e+00   5.6072958e-03   3.9285794e-03   5.2595622e-03
  -6.5050245e-01   1.3490170e-01  -2.2622232e+00  -2.4248249e-03   3.4599118e-03   4.9914490e-03
  -6.5037656e-01   1.4258881e-01  -2.2976752e+00  -2.6493042e-03   3.2463616e-03   4.9304163e-03
  -6.4494984e-01   1.3083803e-01  -2.3133615e+00  -3.2339564e-03   3.2610721e-03   4.9702029e-03
  -6.4567701e-01   1.4994570e-01  -2.4019092e+00  -3.4851279e-03   3.4930494e-03   4.9175404e-03
  -6.4762009e-01   1.5073317e-01  -2.4011072e+00  -3.4637966e-03   3.6242634e-03   4.8423085e-03
  -5.7203916e-01   2.7899085e-01  -2.3036549e+00  -4.2883748e-03   3.6050636e-03   4.7701497e-03
  -5.8759661e-01   2.7097605e-01  -2.3959435e+00  -5.1160766e-03   3.4856276e-03   5.1830903e-03
  -5.7520859e-01   2.3200849e-01  -2.4156623e+00  -4.6156604e-03   3.4907854e-03   4.6976617e-03
  -5.8148448e-01   2.4892572e-01  -2.4762246e+00  -4.8383489e-03   3.6084300e-03   4.5443473e-03
  -5.7372590e-01   2.6065723e-01  -2.5159992e+00  -5.3022377e-03   3.3943055e-03   4.6787694e-03
  -5.6400852e-01   2.5979255e-01  -2.5809375e+00  -4.3754634e-03   3.3498103e-03   4.4616756e-03
  -5.7698618e-01   2.7235501e-01  -2.6170635e+00  -5.1941110e-03   2.9634205e-03   4.4663143e-03
  -5.6043737e-01   2.5744847e-01  -2.6817671e+00  -5.5092759e-03   3.0852782e-03   4.1004545e-03
  -5.6780647e-01   2.6751030e-01  -2.7072933e+00  -5.6322336e-03   3.0274381e-03   4.1816691e-03
  -5.6899019e-01   2.3894810e-01  -2.6909894e+00  -5.1784506e-03   2.9366311e-03   4.0197841e-03
  -5.5777021e-01   2.7926590e-01  -2.6801916e+00  -5.3921450e-03   2.8560030e-03   3.8604271e-03
  -5.5563362e-01   2.4924519e-01  -2.6880132e+00  -4.8571466e-03   3.1217215e-03   3.3993134e-03
  -5.7093058e-01   2.3971709e-01  -2.7420065e+00  -4.3899454e-03   3.1868462e-03   3.7836758e-03
  -5.7772098e-01   2.4726958e-01  -2.7509356e+00  -4.9673219e-03   2.9938191e-03   3.4775599e-03
  -5.5623431e-01   2.1001027e-01  -3.1490772e+00  -7.0423515e-03   2.0019436e-03   3.7593977e-03
  -5.4915289e-01   2.9968407e-01  -3.0790196e+00  -6.1104906e-03   1.7107106e-03   3.8765253e-03
  -5.4656484e-01   2.5508964e-01  -3.0874700e+00  -6.1559744e-03   1.8157877e-03   3.7337449e-03
  -5.4668732e-01   2.5888176e-01  -3.1141462e+00  -6.2386086e-03   1.9243250e-03   3.6225135e-03
  -5.4670460e-01   2.7680185e-01  -3.0911295e+00  -6.4535923e-03   1.8868132e-03   3.4827124e-03
  -5.0997534e-01   3.2123880e-01  -2.7550845e+00  -4.9536982e-03   2.1270337e-03   3.2294624e-03
  -5.2385980e-01   3.5223312e-01  -2.7821428e+00  -5.5847330e-03   1.9152874e-03   3.4836478e-03
  -5.0483426e-01   3.3662427e-01  -2.7170644e+00  -5.3849544e-03   1.6079390e-03   3.4975806e-03
  -5.0949413e-01   3.2906726e-01  -2.7727381e+00  -5.2532926e-03   1.8690859e-03   3.3018022e-03
  -5.0731649e-01   3.0209074e-01  -2.7793830e+00  -5.1634796e-03   1.9411640e-03   3.0992921e-03
  -4.8690814e-01   3.3120381e-01  -2.8095525e+00  -5.1924228e-03   1.6770020e-03   2.8070753e-03
  -4.9819007e-01   3.3998100e-01  -2.8324388e+00  -5.9341948e-03   1.7181229e-03   2.8204340e-03
  -5.2720467e-01   2.7981216e-01  -2.8538722e+00  -5.0777401e-03   2.5123672e-03   3.2525104e-03
  -5.2641752e-01   3.3587881e-01  -2.8347953e+00  -5.8629531e-03   1.9130109e-03   3.1822618e-03
  -4.9083216e-01   3.1198980e-01  -2.8971324e+00  -4.5270636e-03   1.5612110e-03   2.8488885e-03
  -5.1402706e-01   3.1075661e-01  -3.0830986e+00  -6.2949212e-03   1.1990841e-03   3.0100388e-03
  -5.2518492e-01   3.0096589e-01  -3.0993200e+00  -6.6882037e-03   1.3235522e-03   2.8388894e-03
  -5.1330186e-01   2.3456814e-01  -3.2517977e+00  -6.3232550e-03   1.6900595e-03   2.7348911e-03
  -5.3298142e-01   3.1201628e-01  -3.1732871e+00  -5.8799804e-03   1.4503169e-03   3.1222683e-03
  -5.2817407e-01   2.9650406e-01  -3.1411977e+00  -6.1505110e-03   1.4513652e-03   3.0187388e-03
  -5.0507601e-01   3.0272089e-01  -3.1192141e+00  -5.9895198e-03   1.4721606e-03   2.6496737e-03
  -5.1527034e-01   2.9690367e-01  -3.1272761e+00  -5.6755021e-03   1.5992746e-03   2.7563634e-03
  -5.0703468e-01   3.0223651e-01  -3.1170742e+00  -5.7087659e-03   1.5769824e-03   2.6187559e-03
  -5.1515033e-01   2.7156236e-01  -3.1324606e+00  -5.7597231e-03   1.6256887e-03   2.8792584e-03
  -5.1814524e-01   2.8140603e-01  -3.1187370e+00  -5.5184561e-03   1.6782197e-03   2.7746421e-03
  -5.1427351e-01   2.9198047e-01  -3.1468956e+00  -5.6239451e-03   1.5838627e-03   2.7524822e-03
  -5.2781178e-01   2.7622970e-01  -3.1704662e+00  -5.0973412e-03   1.9129384e-03   2.9363991e-03
  -5.1025772e-01   2.6579092e-01  -3.2374947e+00  -5.9741620e-03   1.9317924e-03   2.6938990e-03
  -4.9715961e-01   2.5325989e-01  -3.1613140e+00  -6.3776901e-03   1.4915307e-03   2.2147743e-03
  -5.3018947e-01   2.6233502e-01  -3.3266779e+00  -5.4428216e-03   1.4015079e-03   2.4289847e-03
  -5.2397009e-01   2.7254483e-01  -3.3495759e+00  -5.7215948e-03   1.5126989e-03   2.3370872e-03
  -5.1071867e-01   2.5612623e-01  -3.3750210e+00  -5.4947154e-03   1.5437640e-03   2.4166510e-03
  -4.8744080e-01   2.8813841e-01  -3.3846550e+00  -5.8691574e-03   1.4397887e-03   2.2799195e-03
  -5.0282032e-01   2.9278797e-01  -3.4210082e+00  -6.0896729e-03   1.2540360e-03   2.4636430e-03
  -4.9984047e-01   2.9095476e-01  -3.4272543e+00  -6.4424962e-03   1.2733312e-03   2.2403613e-03
  -5.0195337e-01   2.6718934e-01  -3.4228036e+00  -6.2354668e-03   1.3797612e-03   2.2351731e-03
  -4.9243866e-01   2.4031160e-01  -3.3638002e+00  -5.7671648e-03   1.1809378e-03   2.1557831e-03
  -4.9213421e-01   2.8291677e-01  -3.3774988e+00  -6.0430896e-03   1.3624281e-03   2.1299225e-03
  -4.9264500e-01   2.9012710e-01  -3.3181126e+00  -6.0679845e-03   1.1334892e-03   2.3763756e-03
  -4.9347758e-01   2.8098706e-01  -3.2993113e+00  -6.1175122e-03   1.2289650e-03   2.3979263e-03
  -5.0571210e-01   2.2363409e-01  -3.1621870e+00  -4.2233736e-03   1.2664149e-03   2.1395446e-03
  -5.7589200e-01   2.2358768e-01  -3.2043702e+00  -3.7041938e-03   2.0604035e-03   3.5235876e-03
  -5.5430325e-01   2.0964518e-01  -3.1937905e+00  -5.0113126e-03   1.7995070e-03   2.8203616e-03
  -5.5525322e-01   1.3706590e-01  -3.1369350e+00  -3.6616546e-03   1.5899664e-03   3.1564069e-03
  -5.4650082e-01   1.6657855e-01  -3.1222035e+00  -3.4387820e-03   1.6626797e-03   2.4171426e-03
  -5.5226534e-01   9.3374728e-02  -3.1518154e+00  -2.6553793e-03   1.9875892e-03   2.3946268e-03
  -5.8218527e-01   9.6532443e-02  -3.0103044e+00  -2.9841359e-03   2.3668210e-03   2.6238494e-03
  -5.8700743e-01   1.2611675e-01  -3.0826815e+00  -3.3367658e-03   2.0393390e-03   3.1142388e-03
  -5.9098019e-01   1.5254108e-01  -3.1027722e+00  -3.6206416e-03   2.0407190e-03   3.4818033e-03
  -5.9847508e-01   1.1987829e-01  -3.2629010e+00  -2.8210132e-03   2.2579623e-03   3.5293836e-03
  -6.2492552e-01   1.5565464e-01  -3.0905264e+00  -2.0020866e-03   2.6728228e-03   3.9064899e-03
  -6.0663133e-01   1.4489769e-01  -3.1305176e+00  -3.1877119e-03   2.4810224e-03   3.5459893e-03
  -5.7372323e-01   1.2270261e-01  -3.3718212e+00  -2.4912265e-03   2.5774936e-03   2.8082885e-03
  -5.8649328e-01   1.3203876e-01  -3.2839378e+00  -3.7452389e-03   2.3373451e-03   3.2617399e-03
  -5.8296604e-01   1.4121104e-01  -3.3318742e+00  -4.0843590e-03   2.3071042e-03   3.1587078e-03
  -5.5713249e-01   1.2092041e-01  -3.2893047e+00  -4.1629267e-03   2.3098011e-03   3.0010360e-03
  -5.8262673e-01   1.3469900e-01  -3.2773801e+00  -3.4414570e-03   2.3078470e-03   3.3102097e-03
  -5.9087668e-01   1.0127970e-01  -3.3037368e+00  -3.9176469e-03   2.5106228e-03   3.4169425e-03
  -5.7789784e-01   1.2256175e-01  -3.5823642e+00  -4.2461991e-03   1.7046717e-03   3.3382456e-03
  -5.7912295e-01   1.8202686e-01  -3.5278773e+00  -5.1149439e-03   1.4797579e-03   3.5012283e-03
  -5.8858135e-01   1.8018647e-01  -3.4958205e+00  -5.3163145e-03   1.6396482e-03   3.6324281e-03
  -5.6601232e-01   1.5426361e-01  -3.4800291e+00  -4.8244363e-03   1.5314190e-03   3.2853520e-03
  -5.8791881e-01   1.5022573e-01  -3.3904005e+00  -6.3518427e-03   1.8745199e-03   3.1414999e-03
  -6.3042035e-01   1.6325376e-01  -3.0264254e+00  -4.3460640e-03   2.6204241e-03   4.6841690e-03
  -6.1378010e-01   1.6645479e-01  -3.1358463e+00  -3.7777329e-03   2.4128257e-03   4.3550621e-03
  -5.9557180e-01   2.1689332e-01  -3.1878348e+00  -2.7984538e-03   2.1327902e-03   3.8078207e-03
  -5.8733524e-01   1.2199262e-01  -3.1988076e+00  -3.6822290e-03   2.1282968e-03   3.5868614e-03
  -5.6278299e-01   1.3435658e-01  -3.1887298e+00  -4.1062183e-03   2.1510528e-03   3.4927185e-03
  -5.6276832e-01   1.3204201e-01  -3.1768238e+00  -3.5467613e-03   1.8156451e-03   3.3372229e-03
  -5.5881135e-01   1.4591331e-01  -3.1915211e+00  -3.9101140e-03   1.8067181e-03   3.4890194e-03
  -5.5907914e-01   1.3451200e-01  -3.1986111e+00  -3.6646212e-03   1.8789845e-03   3.3613974e-03
  -5.6574911e-01   1.4397436e-01  -3.2248012e+00  -3.8506585e-03   1.9093670e-03   3.0604743e-03
  -6.1566068e-01   1.5513940e-01  -3.2144151e+00  -3.5264083e-03   2.2483820e-03   4.0985696e-03
  -5.9711544e-01   1.5623839e-01  -3.1621220e+00  -3.6878055e-03   2.0506674e-03   3.9852707e-03
  -5.6983564e-01   1.5307185e-01  -3.1770746e+00  -3.8572362e-03   1.8817198e-03   3.5757695e-03
  -5.8292328e-01   1.2623621e-01  -3.1972386e+00  -3.4959925e-03   2.1937884e-03   3.6303312e-03
  -5.8521793e-01   1.5068847e-01  -3.1916548e+00  -3.7484126e-03   2.0182187e-03   3.8108359e-03
  -5.7959544e-01   1.4610687e-01  -3.2268329e+00  -3.7059515e-03   1.9627019e-03   3.7399231e-03
  -5.8364325e-01   1.2269787e-01  -3.2392076e+00  -3.6253820e-03   2.0772928e-03   3.5861473e-03
  -6.0077322e-01   8.7432532e-02  -3.1972859e+00  -3.2299141e-03   2.4441648e-03   3.8436821e-03
  -5.9491684e-01   9.9861386e-02  -3.1649490e+00  -2.9582361e-03   2.1303170e-03   3.7139975e-03
  -5.8590531e-01   9.0946358e-02  -3.1632022e+00  -2.8329056e-03   2.2239532e-03   3.8603121e-03
  -6.5980849e-01  -8.2763451e-02  -2.3803603e+00  -7.4765240e-03   1.5959077e-03   5.2602942e-03
  -6.2710038e-01   6.2880861e-02  -3.4924466e+00   5.6909242e-04   1.1594150e-03   4.7503252e-03
  -6.2280836e-01   1.6595602e-01  -3.6017441e+00  -5.2601643e-03   8.7279381e-04   4.3927637e-03
  -6.0479369e-01   1.3345281e-01  -3.5781372e+00  -4.3179433e-03   5.5261522e-04   3.7002957e-03
  -6.0227265e-01   1.1977384e-01  -3.5329426e+00  -4.3559017e-03   3.1534991e-04   3.5733186e-03
  -6.0701990e-01   1.1287306e-01  -3.5196621e+00  -4.9976301e-03   4.8118353e-04   3.5821098e-03
  -6.1317823e-01   1.0905024e-01  -3.5950619e+00  -4.7068486e-03   1.0505422e-03   3.4212198e-03
  -6.1249516e-01   1.2348796e-01  -3.5923238e+00  -4.9758149e-03   1.2736352e-03   3.6695263e-03
  -5.9468961e-01   1.4084135e-01  -3.5740295e+00  -5.0930548e-03   1.3200582e-03   3.4772627e-03
  -5.8304860e-01   1.3476930e-01  -3.5236909e+00  -5.1573535e-03   1.2973903e-03   3.3032661e-03
  -5.8777192e-01   1.2959448e-01  -3.4772665e+00  -4.8456391e-03   1.2835144e-03   3.4233470e-03
  -5.8198992e-01   1.0123650e-01  -3.5009217e+00  -4.5759610e-03   1.1541297e-03   3.1453110e-03
  -5.8909709e-01   1.2442669e-01  -3.5059190e+00  -5.0190140e-03   1.2031161e-03   3.1551872e-03
  -5.6957719e-01   1.2712045e-01  -3.4948093e+00  -5.0935297e-03   1.0184218e-03   2.9599903e-03
  -5.8462436e-01   1.2732597e-01  -3.4920095e+00  -4.7828568e-03   1.1213696e-03   2.9234671e-03
  -5.9681595e-01   1.2861753e-01  -3.4458189e+00  -5.0886240e-03   1.1433858e-03   3.2243991e-03
  -5.9416381e-01   9.1874298e-02  -3.4415864e+00  -4.6601337e-03   1.1635919e-03   3.1098147e-03
  -5.9118648e-01   7.7036015e-02  -3.4349238e+00  -4.3247387e-03   1.3060893e-03   2.9234652e-03
  -5.9040654e-01   8.9385198e-02  -3.4226191e+00  -4.4317566e-03   1.1572890e-03   3.0404892e-03
  -5.8658193e-01   7.8102028e-02  -3.4339592e+00  -4.3323618e-03   1.1248259e-03   3.0061761e-03
  -5.8780943e-01   8.2270148e-02  -3.4477781e+00  -4.5859566e-03   1.1069192e-03   2.9406673e-03
  -5.8715517e-01   9.7399301e-02  -3.3974735e+00  -4.4958556e-03   9.3856954e-04   3.1748572e-03
  -6.0670169e-01   1.2286091e-01  -3.3891886e+00  -4.7861037e-03   9.5785510e-04   3.2456223e-03
  -6.0154187e-01   1.1233485e-01  -3.4007392e+00  -4.2360090e-03   1.0068303e-03   3.4810481e-03
  -5.9336930e-01   1.0163610e-01  -3.4146405e+00  -4.3257306e-03   9.8955690e-04   3.2279477e-03
  -5.8661666e-01   9.3847805e-02  -3.4095943e+00  -4.5083423e-03   1.0876393e-03   3.1381761e-03
  -5.9312818e-01   1.0032753e-01  -3.4470901e+00  -4.5859329e-03   1.0788707e-03   3.1690646e-03
  -5.9600941e-01   1.0692081e-01  -3.4226825e+00  -4.2474832e-03   1.1104119e-03   3.1870067e-03
  -5.4897620e-01   1.9229580e-01  -3.3415343e+00  -5.3789331e-03   9.3629315e-04   4.0593015e-03
  -6.0982842e-01   1.2440958e-01  -3.2197775e+00  -2.9012055e-03   1.9482117e-03   4.0531746e-03
  -6.1300931e-01   1.7636911e-01  -3.2442309e+00  -3.5310865e-03   1.7306776e-03   4.3836335e-03
  -6.0734509e-01   1.6698749e-01  -3.3430124e+00  -4.4271283e-03   1.5320129e-03   4.0837066e-03
  -5.9028399e-01   1.1838406e-01  -3.3233305e+00  -3.9985245e-03   1.4104097e-03   3.7086477e-03
  -5.9578390e-01   1.3041526e-01  -3.3286366e+00  -3.8918276e-03   1.4365795e-03   3.5444939e-03
  -5.8808443e-01   1.5129169e-01  -3.3258013e+00  -4.0101911e-03   1.2935289e-03   3.5361551e-03
  -5.9293139e-01   7.5186415e-02  -3.8764317e+00  -3.8412643e-03   9.5651880e-04   3.0243604e-03
  -6.3535426e-01   1.2110953e-01  -3.5545437e+00  -2.6042750e-03   2.3089898e-03   4.1498867e-03
  -6.3610225e-01   9.9974949e-02  -3.5448440e+00  -2.7511423e-03   1.7181108e-03   4.1856745e-03
  -6.1235832e-01   9.8590934e-02  -3.5539213e+00  -2.8653320e-03   1.8016798e-03   3.6622137e-03
  -6.0755299e-01   8.1425262e-02  -3.4925615e+00  -2.8522693e-03   1.6594379e-03   3.2492894e-03
  -5.8697373e-01   5.9263518e-02  -3.4596082e+00  -3.0673820e-03   1.3113438e-03   2.7172344e-03
  -5.8995160e-01   1.4418207e-01  -3.4607703e+00  -3.7164347e-03   1.2528895e-03   3.1471363e-03
  -5.9602285e-01   8.7783896e-02  -3.6854030e+00  -3.7398190e-03   1.0185338e-03   2.9190634e-03
  -5.8559143e-01   1.2595382e-01  -3.7319169e+00  -3.5216085e-03   1.2548772e-03   2.5661168e-03
  -5.8512540e-01   1.3481839e-01  -3.5956231e+00  -3.8158967e-03   1.1866472e-03   2.9705940e-03
  -5.9476763e-01   1.2078614e-01  -3.6175526e+00  -3.6564579e-03   1.3619124e-03   2.9556515e-03
  -5.8770207e-01   1.0958137e-01  -3.5721816e+00  -4.4499727e-03   1.3828292e-03   2.4893150e-03
  -7.2431726e-01   1.6121903e-01  -3.2954634e+00  -1.9338496e-02   1.4383828e-03   5.0082448e-03
  -7.2847215e-01  -2.2033295e-01  -7.4531567e-01   5.1536823e-03   9.7751651e-04   4.6331397e-03
  -6.2388743e-01  -2.1187060e-02  -3.0564547e+00   4.0925143e-03   1.0521889e-03   4.5224174e-03
  -6.8161923e-01   1.9123620e-01  -3.3471374e+00  -2.4939841e-03   4.0122401e-03   5.4891123e-03
  -6.3531253e-01   1.8842405e-01  -3.4249632e+00  -4.6882163e-03   2.9888191e-03   5.1629746e-03
  -6.1293772e-01   1.4195722e-01  -3.2561262e+00  -3.9269711e-03   2.8870520e-03   5.0860718e-03
  -6.2770837e-01   1.6825480e-01  -3.2443581e+00  -4.0718774e-03   3.0700610e-03   5.0304528e-03
  -6.2787061e-01   1.3636795e-01  -3.2025519e+00  -3.8928803e-03   3.4905809e-03   4.9612213e-03
  -6.3025573e-01   1.4177590e-01  -3.1902106e+00  -4.1656704e-03   3.5445753e-03   4.9348480e-03
  -6.1772048e-01   1.3354639e-01  -3.1647522e+00  -4.1257621e-03   3.5201437e-03   4.6013765e-03
  -5.9972055e-01   1.3141823e-01  -3.2167053e+00  -3.8541874e-03   3.6242394e-03   3.9069259e-03
  -6.2233458e-01   1.1512692e-01  -3.1663126e+00  -4.0129473e-03   3.6753762e-03   4.4189351e-03
  -6.1326111e-01   1.1649562e-01  -3.1365795e+00  -4.0219705e-03   3.6297303e-03   4.0427180e-03
  -5.9020053e-01   1.7617883e-01  -4.0424860e+00  -6.6385432e-03   2.5649444e-03   3.9126668e-03
  -5.9810354e-01   1.6572370e-01  -3.8221663e+00  -5.2292720e-03   2.6776420e-03   4.1865699e-03
  -5.9626135e-01   1.5580402e-01  -3.7963674e+00  -5.2002986e-03   2.6434176e-03   4.2323462e-03
  -5.7364503e-01   1.7829534e-01  -3.8249592e+00  -5.1404563e-03   2.6812616e-03   3.8522634e-03
  -5.8508888e-01   1.6312994e-01  -3.7969673e+00  -5.0889441e-03   2.6960293e-03   3.8876298e-03
  -5.8857976e-01   1.6219868e-01  -3.7622089e+00  -5.1191212e-03   2.6536059e-03   3.9110334e-03
  -6.0769268e-01   1.8345812e-01  -3.8220433e+00  -5.2700773e-03   2.4786258e-03   4.1035894e-03
  -5.8878492e-01   1.7559787e-01  -3.8263846e+00  -5.3566165e-03   2.5576724e-03   3.9523693e-03
  -5.7492105e-01   1.6050253e-01  -3.8294408e+00  -5.0535340e-03   2.8485870e-03   3.3886972e-03
  -5.9685232e-01   1.6987082e-01  -3.8176320e+00  -5.1323295e-03   2.5985440e-03   3.8382338e-03
  -5.9933018e-01   1.5844873e-01  -3.7970716e+00  -4.9005235e-03   2.6153747e-03   3.9064790e-03
  -6.0711763e-01   1.6790907e-01  -3.8399276e+00  -5.1178638e-03   2.4388909e-03   3.9115139e-03
  -5.8271163e-01   1.7827068e-01  -3.8766630e+00  -4.9972592e-03   2.3930871e-03   3.8312703e-03
  -5.9459909e-01   1.8166013e-01  -3.8804618e+00  -5.2388098e-03   2.4652787e-03   3.8939889e-03
  -5.6837869e-01   1.9019715e-01  -3.7186675e+00  -5.8202904e-03   1.9600845e-03   3.6598157e-03
  -5.8772761e-01   2.2394421e-01  -3.6956843e+00  -4.7692055e-03   2.0807264e-03   4.1166367e-03
  -6.4314231e-01   6.7559556e-02  -2.6133616e+00  -9.7601944e-03   4.4226392e-03   4.9219960e-03
  -6.2341269e-01   1.0805892e-01  -2.3511871e+00  -7.9185702e-04   5.3044210e-04   4.1032811e-03
  -6.0326490e-01   9.6069131e-02  -2.4238824e+00  -1.4663941e-03   8.9199038e-04   3.8813002e-03
  -5.9050708e-01   1.9962922e-01  -3.9791682e+00  -2.7916236e-03  -1.2628768e-04   3.2232420e-03
  -6.0799980e-01   2.0653307e-01  -4.0099764e+00  -5.3166053e-03   1.3056474e-04   3.8370956e-03
  -5.9635641e-01   2.2419794e-01  -3.9609450e+00  -5.9214219e-03   9.5085063e-05   3.5902557e-03
  -5.9137912e-01   1.8234835e-01  -3.9063673e+00  -5.5918281e-03   2.7084412e-04   3.5054896e-03
  -5.9362874e-01   1.3578697e-01  -3.8157462e+00  -4.7964024e-03   5.6562443e-04   3.3853440e-03
  -5.9730779e-01   1.7238859e-01  -3.8369206e+00  -5.2571319e-03   7.0472505e-04   3.2915044e-03
  -5.8515472e-01   1.5504778e-01  -3.7972324e+00  -5.2425280e-03   6.5645386e-04   3.2005342e-03
  -5.6415284e-01   1.3088488e-01  -3.8005180e+00  -5.3253905e-03   5.1980799e-04   3.0591244e-03
  -5.6518700e-01   1.2926315e-01  -3.7359416e+00  -4.3859347e-03   5.7175246e-04   2.7994940e-03
  -5.7918820e-01   1.5365390e-01  -3.7819794e+00  -4.9595052e-03   4.7388239e-04   3.0004627e-03
  -5.8951684e-01   1.3996000e-01  -3.7702803e+00  -5.1456637e-03   5.2103479e-04   3.1909223e-03
  -5.8159853e-01   1.3273868e-01  -3.7758570e+00  -4.9702744e-03   4.7687926e-04   3.0776250e-03
  -5.8623580e-01   1.3977114e-01  -3.7847809e+00  -4.7438314e-03   8.1918134e-04   3.0144483e-03
  -5.7475420e-01   1.6346600e-01  -3.7184860e+00  -4.4287606e-03   8.1031224e-04   3.1035032e-03
  -5.8545784e-01   1.1159729e-01  -3.7771866e+00  -3.9479519e-03   9.8715765e-04   2.9766626e-03
  -6.0525770e-01   1.3727569e-01  -3.7866849e+00  -4.7779878e-03   8.6288703e-04   3.3653983e-03
  -5.8785770e-01   1.4841968e-01  -3.7593331e+00  -4.8397182e-03   7.9773586e-04   3.0327222e-03
  -5.9961889e-01   1.3187859e-01  -3.7594348e+00  -4.6936815e-03   7.3349325e-04   3.1521071e-03
  -5.8757854e-01   1.5392832e-01  -3.7134676e+00  -4.7481390e-03   7.1455517e-04   2.8194654e-03
  -5.8116197e-01   1.4557446e-01  -3.7067024e+00  -4.7370457e-03   6.2870440e-04   2.7512960e-03
  -5.7309836e-01   1.3675491e-01  -3.7029883e+00  -4.6216611e-03   7.2274100e-04   2.7460796e-03
  -5.7657587e-01   1.4669747e-01  -3.6860659e+00  -4.8564773e-03   6.7119624e-04   2.8912998e-03
  -6.0569503e-01   1.6702229e-01  -3.7252796e+00  -4.2360632e-03   7.3098276e-04   3.2710002e-03
  -6.0521239e-01   1.4023247e-01  -3.7056840e+00  -4.2246804e-03   8.4484252e-04   3.2249298e-03
  -6.2759681e-01   1.5535235e-01  -3.7174856e+00  -3.9536666e-03   1.1194736e-03   3.0996486e-03
  -6.2296104e-01   1.8076014e-01  -3.7230965e+00  -4.2560909e-03   7.9198991e-04   3.1916812e-03
  -6.0447447e-01   1.8768295e-01  -3.7220577e+00  -4.4653848e-03   7.7338628e-04   3.1925698e-03
  -6.0696563e-01   1.6406281e-01  -3.7432259e+00  -4.6190252e-03   6.5466161e-04   3.0241803e-03
  -6.2770855e-01   1.9216998e-01  -3.7356270e+00  -4.4908242e-03   1.0976186e-03   3.2672761e-03
  -6.2024437e-01   2.0900214e-01  -3.7321379e+00  -4.2934824e-03   7.8403624e-04   3.0941677e-03
  -6.2562325e-01   1.9238355e-01  -3.7290251e+00  -4.2435180e-03   6.1249009e-04   3.1243844e-03
  -6.1346040e-01   1.5870203e-01  -3.7283691e+00  -4.3198517e-03   8.3117135e-04   2.9135229e-03
  -6.2334502e-01   1.8706303e-01  -3.6963779e+00  -4.0238218e-03   1.0149304e-03   3.1043360e-03
  -6.2487289e-01   1.9364241e-01  -3.6952503e+00  -4.2059037e-03   8.9958066e-04   3.2561674e-03
  -5.7823591e-01   1.2523549e-01  -3.7944450e+00  -3.6139299e-03   5.7969828e-04   2.4553547e-03
  -6.1534151e-01   6.9921610e-02  -3.7052517e+00  -2.2628992e-03   1.2804402e-03   3.1262922e-03
  -6.0882935e-01   1.1859685e-01  -3.7221542e+00  -2.8303837e-03   1.1381202e-03   2.6846101e-03
  -5.9229634e-01   1.0066749e-01  -3.6410072e+00  -3.5910875e-03   9.9061994e-04   2.9364636e-03
  -6.0008489e-01   1.1890616e-01  -3.6588813e+00  -3.9878757e-03   8.5040262e-04   3.0336282e-03
  -5.8527396e-01   1.2573214e-01  -3.6557950e+00  -4.3466402e-03   7.2998592e-04   2.7760601e-03
  -5.9357107e-01   1.2517975e-01  -3.6351830e+00  -4.2322798e-03   8.4536035e-04   3.1716028e-03
  -5.8178695e-01   1.7202555e-01  -3.6180455e+00  -4.7542402e-03   6.7524677e-04   3.0042039e-03
  -5.7383439e-01   1.2836745e-01  -3.6252714e+00  -4.1105471e-03   6.2839062e-04   2.9168307e-03
  -5.6679091e-01   1.3223961e-01  -3.6341799e+00  -3.9883326e-03   8.1453266e-04   2.8038433e-03
  -5.7816377e-01   1.7383147e-01  -3.6027050e+00  -4.3515084e-03   7.6363592e-04   3.0585144e-03
  -5.8273458e-01   1.5728755e-01  -3.6027602e+00  -3.8330087e-03   9.5524675e-04   2.8976509e-03
  -6.2220686e-01  -1.7858266e-02  -3.2772093e+00  -9.0248673e-03   1.9060389e-03   3.1340741e-03
  -6.3273326e-01  -2.2397533e-02  -1.7413948e+00   3.4962352e-03   8.0248373e-04   3.2441028e-03
  -6.4925762e-01   7.7795056e-02  -2.6500691e+00  -1.3930701e-03  -2.6375111e-04   4.2343300e-03
  -6.1983233e-01   5.0275862e-02  -2.9178048e+00  -1.9860936e-03   2.3224701e-04   3.5927048e-03
  -6.1102528e-01  -4.5074582e-02  -2.8294502e+00  -3.3536654e-04   1.0009039e-04   3.2310522e-03
  -6.1059327e-01  -6.0618767e-02  -2.8599950e+00   2.7568986e-04   2.7995569e-05   2.9281809e-03
  -6.1411009e-01   7.9768763e-03  -2.8840150e+00  -1.0422980e-03  -2.2542403e-04   2.7582867e-03
  -6.2882967e-01   7.1435035e-03  -2.9556735e+00  -1.3497208e-03   1.6975457e-04   3.3052735e-03
  -6.2554041e-01  -1.3875286e-02  -2.9164425e+00  -1.3617254e-03   3.1496395e-05   2.9343308e-03
  -6.2630764e-01  -5.9438288e-03  -2.9121901e+00  -1.1591358e-03  -1.4259084e-04   2.9070609e-03
  -6.1694215e-01   8.1254971e-03  -2.9230149e+00  -1.3409067e-03  -1.1802980e-04   2.8443582e-03
  -6.0866976e-01   2.7591186e-02  -2.9412340e+00  -1.8159951e-03  -2.8196430e-04   2.6486552e-03
  -5.9742969e-01  -4.1187567e-03  -2.9407806e+00  -1.6367258e-03  -1.7804191e-04   2.5039083e-03
  -5.9068835e-01   2.6971670e-03  -2.8991662e+00  -1.0521437e-03  -1.9500511e-04   2.4934943e-03
  -5.8882827e-01  -1.3300963e-03  -2.9372305e+00  -1.2828463e-03  -2.4332311e-04   2.2653359e-03
  -5.9403559e-01   2.9858933e-02  -2.9137764e+00  -1.5767160e-03  -3.7940056e-04   2.6237533e-03
  -5.9722169e-01   4.8245592e-02  -2.9190485e+00  -1.7097604e-03  -3.2607087e-04   2.5195234e-03
  -5.8629513e-01   9.0090973e-03  -2.9421168e+00  -1.3407897e-03  -4.1978645e-04   2.3839321e-03
  -5.8565487e-01   2.8302324e-02  -2.9932095e+00  -1.5795740e-03  -1.2752920e-04   2.1768027e-03
  -6.1116356e-01   3.6067772e-02  -3.0576556e+00  -9.5972813e-04   3.9552619e-04   2.6256257e-03
  -6.1856437e-01   5.8340776e-02  -3.1506484e+00  -2.1373269e-03   2.3839205e-04   2.7391756e-03
  -5.9395284e-01   4.4407549e-02  -3.1458654e+00  -2.4022009e-03  -8.1566365e-05   2.5764092e-03
  -5.9429080e-01  -3.9374883e-03  -2.9136073e+00  -5.5370299e-03   6.6182812e-04   2.9947039e-03
  -7.1687102e-01   1.1239527e-01  -1.4684815e+00  -3.4099245e-03   2.8452634e-04   4.0547856e-03
  -7.1358923e-01  -1.3390994e-01  -1.3935603e+00   9.3954786e-03  -5.1814596e-04   3.4145648e-03
  -6.4444249e-01   2.2372677e-01  -3.6715740e+00  -3.9603233e-03   2.0580858e-03   4.4363716e-03
  -6.5686716e-01   1.9018205e-01  -3.4912890e+00  -2.4776063e-03   2.5095216e-03   4.8859899e-03
  -6.3290792e-01   1.5729367e-01  -3.5110208e+00  -2.5045333e-03   2.2258950e-03   4.6111436e-03
  -6.1768309e-01   1.7126538e-01  -3.4735686e+00  -2.6411476e-03   2.3515280e-03   4.2616723e-03
  -6.2163704e-01   1.6021234e-01  -3.3969993e+00  -2.4856108e-03   2.3617319e-03   4.4466178e-03
  -6.1751052e-01   1.3850776e-01  -3.3923897e+00  -2.1993751e-03   2.5896841e-03   4.3097142e-03
  -6.1358799e-01   1.5006643e-01  -3.4519761e+00  -2.6486952e-03   2.3068769e-03   4.2162927e-03
  -6.0406211e-01   1.5701030e-01  -3.5536359e+00  -2.7435787e-03   2.1232386e-03   3.9799578e-03
  -6.0911617e-01   1.4074743e-01  -3.4892914e+00  -2.7730245e-03   2.4301887e-03   4.0493470e-03
  -6.0799747e-01   1.4379904e-01  -3.5993172e+00  -3.3467800e-03   2.2238102e-03   3.7821828e-03
  -5.8942446e-01   1.2571216e-01  -3.5794380e+00  -2.8314903e-03   2.3731082e-03   3.4087946e-03
  -6.0265881e-01   1.1624038e-01  -3.5842841e+00  -2.8890041e-03   2.3640013e-03   3.5667650e-03
  -6.0646300e-01   1.2570809e-01  -3.5529640e+00  -2.8249268e-03   2.6571825e-03   3.3183114e-03
  -5.7709480e-01   2.7337463e-01  -3.6048933e+00  -2.9558488e-03   2.2855547e-03   4.0222916e-03
  -6.0600819e-01   8.3347581e-02  -4.0581468e+00  -3.8512077e-03   1.5126969e-03   3.3131177e-03
  -5.9996174e-01   1.7278732e-01  -3.9156101e+00  -4.0025079e-03   1.3907675e-03   3.5989962e-03
  -6.2681094e-01   1.8870536e-01  -3.8920864e+00  -3.2214638e-03   1.4573946e-03   3.7734438e-03
  -6.0226918e-01   1.5098422e-01  -3.9148533e+00  -2.8708218e-03   1.4309982e-03   3.4160665e-03
  -5.9144701e-01   1.6261351e-01  -3.9621004e+00  -3.3562341e-03   9.9697609e-04   3.5032909e-03
  -5.8572970e-01   1.7319055e-01  -4.0235120e+00  -3.9946693e-03   1.0167591e-03   3.2904069e-03
  -5.8324768e-01   1.4194093e-01  -3.9997208e+00  -3.6908510e-03   9.8588482e-04   3.2686669e-03
  -5.7134489e-01   1.7263719e-01  -3.9946991e+00  -3.6801071e-03   9.2068351e-04   3.1045257e-03
  -5.8155513e-01   1.5132709e-01  -4.0156027e+00  -3.7187511e-03   7.7049589e-04   3.1680906e-03
  -5.8697142e-01   1.6958566e-01  -3.9900063e+00  -3.9851839e-03   8.4064291e-04   3.2235880e-03
  -5.9239473e-01   2.0075357e-01  -4.0523467e+00  -3.0265722e-03   6.0063813e-04   3.1082768e-03
  -5.8144811e-01   1.5321184e-01  -4.0236835e+00  -3.9374057e-03   8.0765471e-04   3.1323920e-03
  -5.8748659e-01   1.6772780e-01  -4.0238777e+00  -4.4178748e-03   8.3466401e-04   3.1431138e-03
  -5.8095408e-01   1.4881416e-01  -3.9753775e+00  -3.6753135e-03   7.8753599e-04   3.1893136e-03
  -5.7929399e-01   1.5955282e-01  -3.9954582e+00  -3.6096853e-03   7.0762357e-04   2.9083220e-03
  -5.6689028e-01   1.3642244e-01  -3.9619659e+00  -3.7689008e-03   7.8835497e-04   2.9156696e-03
  -5.7074255e-01   1.6469521e-01  -3.9576715e+00  -4.1296181e-03   8.1760712e-04   3.0323357e-03
  -5.6347105e-01   1.5738047e-01  -3.9692685e+00  -3.6633690e-03   6.9271183e-04   2.7456980e-03
  -5.6178469e-01   1.5714322e-01  -3.9540531e+00  -4.2481562e-03   7.8105110e-04   2.8615600e-03
  -5.6004861e-01   1.4369040e-01  -3.9160609e+00  -3.8349012e-03   8.3087480e-04   2.9690134e-03
  -5.8401375e-01   1.4778118e-01  -3.9320009e+00  -3.3500465e-03   9.4345769e-04   3.0960993e-03
  -5.9218355e-01   1.5175705e-01  -3.9405987e+00  -3.6906239e-03   8.5417180e-04   3.2224097e-03
  -5.7279020e-01   1.2709624e-01  -3.9936464e+00  -3.5510493e-03   6.4840436e-04   3.1484417e-03
  -5.6076902e-01   1.1483423e-01  -3.9817329e+00  -3.4516633e-03   7.2104919e-04   2.5889287e-03
  -5.5675067e-01   1.4667017e-01  -4.0040004e+00  -3.6882255e-03   1.1246236e-03   2.5677804e-03
  -5.7102930e-01   1.7225005e-01  -3.9965455e+00  -3.8922918e-03   9.8739057e-04   3.1075552e-03
  -6.0154932e-01   6.7986014e-02  -3.8988601e+00  -7.5066882e-03   1.0777946e-03   3.9575911e-03
  -6.0873046e-01   2.2990010e-01  -3.9920704e+00  -2.5404770e-03   1.9391635e-03   3.8121487e-03
  -6.1053495e-01   2.0950665e-01  -4.1644738e+00  -3.6055260e-03   1.5333143e-03   3.4858748e-03
  -5.8225876e-01   2.1332223e-01  -4.1427860e+00  -4.5316872e-03   1.1626894e-03   3.3589672e-03
  -5.7086772e-01   1.9003929e-01  -4.1426285e+00  -4.7339608e-03   1.1167514e-03   3.0828675e-03
  -5.7801938e-01   2.1417991e-01  -4.1129574e+00  -4.6338315e-03   1.3079455e-03   3.1768285e-03
  -5.7532983e-01   2.1464402e-01  -4.1168781e+00  -4.7597622e-03   1.3277771e-03   3.0286411e-03
  -5.8978222e-01   1.8162807e-01  -4.1343762e+00  -4.2789480e-03   1.3566980e-03   3.1168481e-03
  -5.8864777e-01   1.7233394e-01  -4.1450051e+00  -3.9800083e-03   1.7620702e-03   3.0135347e-03
  -5.7723820e-01   1.8659172e-01  -4.1342337e+00  -4.1592314e-03   1.5482205e-03   2.8783313e-03
  -5.8325451e-01   1.8176440e-01  -4.1418178e+00  -4.0342320e-03   1.6379460e-03   2.9802339e-03
  -5.6061525e-01   7.7103820e-02  -4.0116952e+00  -2.9122197e-03   1.4234708e-03   2.5906001e-03
  -5.8695468e-01   1.3892992e-01  -4.0588354e+00  -3.2616121e-03   2.0886815e-03   2.9899689e-03
  -5.8671744e-01   1.7932491e-01  -4.1364272e+00  -4.0428158e-03   1.7783741e-03   3.0154792e-03
  -5.8012707e-01   1.5284250e-01  -4.1409626e+00  -3.7175221e-03   1.5017103e-03   2.8316770e-03
  -5.7779033e-01   1.8971028e-01  -4.1860449e+00  -4.2327333e-03   1.3259641e-03   2.8276875e-03
  -5.6183785e-01   1.4367520e-01  -4.1739977e+00  -4.0162547e-03   1.5410345e-03   2.6214404e-03
  -5.7331480e-01   1.4885879e-01  -4.1357675e+00  -4.0546686e-03   1.9073645e-03   2.7199679e-03
  -6.0076490e-01   1.9780949e-01  -4.1230278e+00  -3.9874570e-03   1.4797129e-03   3.1649314e-03
  -5.9385659e-01   1.7556417e-01  -4.1235797e+00  -4.0239814e-03   1.2739800e-03   3.1336447e-03
  -5.7972395e-01   1.4906491e-01  -4.1452742e+00  -3.8875291e-03   1.3623517e-03   2.8817596e-03
  -5.7366137e-01   1.5855626e-01  -4.1460557e+00  -3.9919357e-03   1.2405290e-03   2.6865090e-03
  -5.6121138e-01   1.7493361e-01  -4.1312810e+00  -4.1489874e-03   1.3185336e-03   2.7701719e-03
  -5.6243803e-01   1.7022375e-01  -4.1229291e+00  -4.2261228e-03   1.2970851e-03   2.6918524e-03
  -5.6698756e-01   1.7708578e-01  -4.0788396e+00  -4.4375059e-03   1.3064047e-03   2.6618799e-03
  -5.9943546e-01   1.4862207e-01  -4.0212131e+00  -2.8969486e-03   1.9117607e-03   3.2238893e-03
  -5.8949953e-01   1.1019680e-01  -3.8747195e+00  -1.7125320e-03   1.7633856e-03   2.8765713e-03
  -5.8399845e-01   1.4199600e-01  -3.9749521e+00  -3.1130132e-03   1.5859083e-03   2.9220147e-03
  -5.7425045e-01   1.1720616e-01  -4.1458065e+00  -3.1066043e-03   1.4774938e-03   2.8206893e-03
  -5.6383593e-01   1.4901090e-01  -4.1134010e+00  -3.1873349e-03   1.4498262e-03   2.5735101e-03
  -5.7120835e-01   1.4931463e-01  -4.2097755e+00  -3.8532784e-03   1.6113259e-03   2.6135167e-03
  -5.8515096e-01   1.5946507e-01  -4.1616426e+00  -3.7144535e-03   1.3582098e-03   2.9080194e-03
  -5.7159070e-01   1.6389106e-01  -4.2004873e+00  -3.8756912e-03   1.2549236e-03   2.7386057e-03
  -5.7301234e-01   1.3171902e-01  -4.1620334e+00  -3.6997790e-03   1.7186515e-03   2.5145073e-03
  -5.7926571e-01   1.3920246e-01  -4.1748596e+00  -3.2914914e-03   1.5371010e-03   2.8853750e-03
  -5.6606625e-01   1.4894707e-01  -4.1843518e+00  -4.1402140e-03   1.5165467e-03   2.6594205e-03
  -5.6961434e-01   1.3927773e-01  -4.1718729e+00  -3.9050362e-03   1.5078144e-03   2.8373631e-03
  -5.8322282e-01   1.6215196e-01  -4.2235192e+00  -4.4886723e-03   1.4527268e-03   2.9605018e-03
  -5.7473827e-01   1.7359634e-01  -4.0689286e+00  -2.8229548e-03  -1.7336850e-04   2.4344473e-03
  -5.8998152e-01   1.9171103e-01  -4.1863440e+00  -3.4862647e-03  -4.9880048e-05   3.1243352e-03
  -5.8184537e-01   1.7688396e-01  -4.2185796e+00  -4.2412847e-03  -3.4456738e-05   3.1157149e-03
  -5.6750012e-01   1.8101346e-01  -4.3748991e+00  -4.2611166e-03  -1.1697007e-04   2.8170192e-03
  -5.6160640e-01   1.9693390e-01  -4.2579864e+00  -4.3570393e-03  -2.4377294e-04   2.8439366e-03
  -5.8194976e-01   2.0146073e-01  -4.2820373e+00  -3.8196389e-03   4.3568745e-05   3.2667384e-03
  -5.6041112e-01   1.7022390e-01  -4.2196833e+00  -4.2459632e-03  -4.2966812e-04   3.1123984e-03
  -5.6439078e-01   8.8339275e-02  -3.9606483e+00  -7.8346987e-03  -8.3440735e-04   2.4622629e-03
  -5.5260515e-01   4.1085532e-01  -3.6177899e+00  -2.6691345e-03  -1.0106789e-03   3.3864785e-03
  -5.1955815e-01   3.1314243e-01  -4.0783002e+00  -6.0063730e-03  -1.9518781e-03   2.9482797e-03
  -5.5026964e-01   2.3285662e-01  -3.8532757e+00  -3.7605641e-03  -1.6132808e-03   3.1633195e-03
  -5.4478203e-01   2.0166716e-01  -3.9161799e+00  -4.6531452e-03  -1.8995699e-03   2.9197748e-03
  -5.7257540e-01   2.3515531e-01  -3.9409250e+00  -4.7029617e-03  -1.0036933e-03   3.6695398e-03
  -6.2764485e-01   1.9668555e-01  -3.6108420e+00  -3.4906839e-03   1.3756535e-03   4.5901245e-03
  -6.9976550e-01   5.7793269e-02  -1.4065357e+00  -6.5975902e-03   4.4347748e-03   5.4743190e-03
  -6.8061033e-01   1.2055127e-02  -2.9055966e-01   7.5425777e-03   2.4237047e-03   5.6104260e-03
  -6.9979442e-01   2.7014093e-02  -1.0284448e+00   2.0436952e-03   2.1195164e-03   6.1493546e-03
  -6.7865874e-01   4.6753262e-02  -1.0967973e+00   1.3264815e-03   1.7476795e-03   5.8281542e-03
  -6.5813869e-01   4.1518396e-03  -1.1431466e+00   1.1204185e-03   1.5787639e-03   5.3249541e-03
  -6.4611882e-01  -1.7666260e-02  -1.2341796e+00   8.7752826e-04   1.2614513e-03   4.8009084e-03
  -6.4254662e-01  -1.2848785e-02  -1.2706086e+00   1.0299599e-03   1.0501174e-03   5.0072612e-03
  -6.3771742e-01  -3.7171039e-02  -1.2970894e+00   8.4918193e-04   1.0919250e-03   4.6812549e-03
  -6.4582616e-01  -4.3463035e-02  -1.3458865e+00   1.0609418e-03   1.0166214e-03   4.5840776e-03
  -6.2896598e-01  -3.4816065e-02  -1.3540261e+00   8.0013153e-04   5.7469065e-04   4.3354998e-03
  -6.2244826e-01   2.9087589e-03  -1.4072340e+00   5.6429723e-04   1.6556933e-04   4.2719993e-03
  -6.2278201e-01  -2.9142789e-02  -1.4456748e+00   4.6687077e-04   3.7030090e-04   4.1970111e-03
  -6.1177136e-01  -2.7019784e-02  -1.4600326e+00   7.2459844e-04   4.2039702e-04   4.1592032e-03
  -6.3446533e-01  -2.8354786e-02  -1.4393749e+00   6.1310081e-04   4.7373567e-04   4.5089567e-03
  -6.2448168e-01   4.5633614e-03  -1.5123281e+00   6.9303975e-04   5.5661396e-04   4.1623479e-03
  -6.4133561e-01   2.6700412e-02  -1.5264617e+00   6.3003358e-04   8.5866633e-04   4.4179783e-03
  -6.6588295e-01   1.9594095e-03  -1.6481344e+00   2.3285594e-04   1.2491326e-03   4.7757493e-03
  -6.4537536e-01  -5.8129286e-03  -1.6317781e+00   4.8904777e-04   6.2700360e-04   4.6617679e-03
  -6.2686561e-01   3.1395717e-02  -1.6279446e+00   3.0011635e-04   3.3348586e-04   4.3709378e-03
  -6.3499652e-01   4.4803844e-02  -1.6384248e+00   9.3106858e-04   2.6696415e-04   4.4904191e-03
  -6.5173564e-01   3.5857405e-02  -1.6838642e+00  -2.3177996e-04   9.1637060e-04   4.6833271e-03
  -6.0851419e-01   3.8781646e-02  -1.7451093e+00   4.4739134e-04  -2.1124439e-04   3.8969655e-03
  -5.8768761e-01   8.6716170e-02  -1.7351674e+00  -2.5976500e-04  -1.0393673e-04   4.3988522e-03
  -6.0011683e-01   8.3601362e-02  -2.2226943e+00  -9.0121362e-06  -3.4189072e-04   3.6638445e-03
  -6.1406340e-01   1.2815470e-01  -2.6215526e+00  -1.6580041e-03  -8.6282916e-04   4.1969097e-03
  -6.0281707e-01   7.5109090e-02  -2.5675927e+00  -1.3944634e-03  -7.6459801e-04   3.8635619e-03
  -5.9684880e-01   1.0118229e-01  -2.5858543e+00  -1.2740968e-03  -7.3229110e-04   3.7184620e-03
  -6.2091029e-01   1.1770015e-01  -2.5101611e+00  -2.0537423e-03  -5.5049241e-04   4.1883424e-03
  -6.1877255e-01   1.0607495e-01  -2.6016862e+00  -1.8968868e-03  -8.7106503e-04   4.0611967e-03
  -6.1097254e-01   1.2134304e-01  -2.6002978e+00  -2.5169364e-03  -8.0215918e-04   4.0324548e-03
  -6.0217113e-01   7.6995935e-02  -2.5879651e+00  -1.8142924e-03  -7.6488898e-04   3.8916099e-03
  -6.0976382e-01   9.2672694e-02  -2.5568515e+00  -2.0693177e-03  -6.8983306e-04   4.0539518e-03
  -6.0562335e-01   1.1776902e-01  -2.5495538e+00  -2.2395376e-03  -7.6662520e-04   3.8559685e-03
  -5.9575378e-01   9.6207085e-02  -2.5479779e+00  -1.7670485e-03  -6.3485904e-04   3.6577696e-03
  -5.9067760e-01   1.3397440e-01  -2.5049227e+00  -2.3878460e-03  -9.9244821e-04   3.8362669e-03
  -5.9952487e-01   1.0225053e-01  -2.5276278e+00  -2.2885631e-03  -7.5004208e-04   4.0075443e-03
  -6.2224883e-01   7.7933794e-02  -2.4679970e+00  -8.7355410e-04  -9.9272723e-05   4.1443418e-03
  -6.1137858e-01   1.0371209e-01  -2.4812404e+00  -1.6324017e-03  -6.3730948e-04   4.1217316e-03
  -6.3468989e-01   7.4613018e-02  -2.5723715e+00  -1.2631275e-03  -4.0822763e-04   4.0498165e-03
  -6.1307867e-01   9.9340202e-02  -2.6115996e+00  -1.5972450e-03  -7.6379633e-04   4.0496875e-03
  -6.0928396e-01   8.2578376e-02  -2.5904028e+00  -1.7983579e-03  -7.1343182e-04   3.9586523e-03
  -6.0426638e-01   8.3552476e-02  -2.5518796e+00  -1.0450855e-03  -8.1935843e-04   3.9117301e-03
  -6.1969852e-01   8.2222211e-02  -2.6803799e+00  -1.5513259e-03  -1.0763335e-03   4.0743554e-03
  -6.0000059e-01   5.8609658e-02  -2.6643602e+00  -1.2683023e-03  -1.1097568e-03   3.9873324e-03
  -5.9416666e-01   7.5057764e-02  -2.6877488e+00  -1.4160915e-03  -1.3274986e-03   3.9587653e-03
  -5.9842969e-01   7.4830003e-02  -2.6828083e+00  -1.4492857e-03  -1.2102778e-03   3.8291876e-03
  -5.9759458e-01   7.0372955e-02  -2.6432138e+00  -1.5771183e-03  -1.2275191e-03   3.6874989e-03
  -6.1561397e-01   1.1880011e-01  -2.6526478e+00  -1.2722459e-03  -1.0765170e-03   4.1862484e-03
  -6.0733548e-01   1.1061127e-01  -2.6358474e+00  -1.2892421e-03  -1.1386044e-03   4.0061785e-03
  -5.9488611e-01   1.0007279e-01  -2.6510261e+00  -1.2689149e-03  -1.0212491e-03   3.9459374e-03
  -6.0172348e-01   9.2008784e-02  -2.6595581e+00  -1.3470505e-03  -1.1122381e-03   3.9222342e-03
  -5.9194817e-01   4.9789098e-02  -2.7668030e+00  -5.9676827e-04  -9.0651679e-04   3.6956989e-03
  -5.8327283e-01  -8.3228033e-02  -1.4928268e+00  -9.0255629e-03   7.1268945e-04   1.7607254e-03
  -6.3629163e-01  -3.4632478e-01  -2.3503497e+00   9.0041340e-03  -1.3398553e-03   1.9237334e-03
  -6.6139213e-01   2.7927834e-01  -3.8173227e+00  -5.6914731e-03   7.5097551e-04   5.9905865e-03
  -6.5740160e-01   2.4326304e-01  -3.1049872e+00  -8.5966625e-03   1.5935949e-03   5.6072371e-03
  -7.1501956e-01   5.6488883e-02  -2.0101233e+00  -1.3570358e-02   1.2734875e-03   4.8908797e-03
  -6.3474914e-01   7.9052768e-02  -1.0596049e+00   9.0812186e-03   2.9510139e-03   4.8899388e-03
  -6.4768679e-01   1.8326007e-01  -1.9295478e+00  -4.3944956e-04   3.3381951e-03   5.2955974e-03
  -6.3815036e-01   1.6592998e-01  -1.8503229e+00   5.6099002e-05   3.2695645e-03   5.2518639e-03
  -6.3965531e-01   1.8608461e-01  -1.8535417e+00   2.2748431e-05   3.4222783e-03   4.9911367e-03
  -6.3617564e-01   1.5599273e-01  -1.8340492e+00  -3.4900070e-04   3.4089365e-03   5.0020273e-03
  -6.3806335e-01   1.6334608e-01  -1.8148389e+00  -2.6049285e-04   3.4895612e-03   4.8252841e-03
  -6.3655087e-01   1.6141000e-01  -1.7823223e+00  -4.2713939e-04   3.3732757e-03   4.8158916e-03
  -6.2251412e-01   1.7697341e-01  -1.7629727e+00  -1.1313429e-06   3.6932917e-03   4.6895491e-03
  -6.1484263e-01   2.1078964e-01  -1.7654041e+00  -8.0188982e-04   3.3566608e-03   4.9235102e-03
  -6.1595961e-01   1.9413130e-01  -1.7265516e+00  -7.3306410e-04   2.9934084e-03   4.8065183e-03
  -5.9685975e-01   1.8553394e-01  -1.7106806e+00  -4.9476657e-05   3.0298639e-03   4.7080826e-03
  -5.9354082e-01   1.6051713e-01  -1.7268881e+00   2.7601135e-05   3.1544049e-03   4.5733511e-03
  -6.0333615e-01   2.0623591e-01  -1.7473194e+00   1.4411478e-04   3.0820208e-03   4.4908416e-03
  -5.8842579e-01   2.0290555e-01  -1.7927246e+00  -2.9761284e-04   2.8544231e-03   4.3891544e-03
  -5.8867340e-01   2.1160632e-01  -1.7801145e+00  -3.4812909e-04   2.8414221e-03   4.2429768e-03
  -5.8509411e-01   1.9509045e-01  -1.7832220e+00  -3.1617930e-04   2.8090166e-03   4.2165020e-03
  -5.7059288e-01   1.7095240e-01  -1.8150973e+00  -1.3035330e-04   2.6898275e-03   3.9134382e-03
  -5.7022835e-01   2.0928124e-01  -1.8065805e+00   2.4093180e-04   3.0109993e-03   4.0262662e-03
  -6.0538946e-01   2.2259362e-01  -1.8616934e+00  -1.6287800e-04   3.0620704e-03   4.4359162e-03
  -5.9576083e-01   2.1606548e-01  -1.8657045e+00  -4.1076586e-04   2.9558476e-03   4.3610050e-03
  -5.8526069e-01   2.1234227e-01  -1.8993998e+00  -2.7413272e-04   2.7801223e-03   4.2041439e-03
  -5.9767281e-01   2.3265250e-01  -1.8674980e+00  -7.0982184e-04   2.6878714e-03   4.4959546e-03
  -5.9473360e-01   2.2618776e-01  -1.9287349e+00  -1.6116426e-04   3.1317512e-03   4.3466385e-03
  -6.1728349e-01   1.8838594e-01  -2.1196746e+00   2.9958027e-03   3.9256970e-03   4.7155628e-03
  -5.9619641e-01   1.6199927e-01  -2.7000828e+00  -3.7285933e-04   3.8188047e-03   4.6761584e-03
  -5.7620377e-01   2.4183340e-01  -2.7718835e+00  -2.2095849e-03   2.4245197e-03   4.1534858e-03
  -5.8333337e-01   2.2215083e-01  -2.7689197e+00  -1.7411906e-03   2.6775516e-03   4.1125082e-03
  -5.7820993e-01   2.5066481e-01  -2.8114208e+00  -2.3976952e-03   2.5461034e-03   3.9636540e-03
  -5.7982504e-01   2.5632791e-01  -2.8320415e+00  -2.4484165e-03   2.4343177e-03   4.0796509e-03
  -5.7732622e-01   2.5838040e-01  -2.8058872e+00  -2.0281842e-03   2.7436442e-03   4.2876910e-03
  -5.8294357e-01   2.3815065e-01  -2.8288734e+00  -2.0816552e-03   2.5683810e-03   4.2555660e-03
  -5.7508407e-01   2.4191709e-01  -2.8202026e+00  -2.0292234e-03   2.6587161e-03   3.9409924e-03
  -5.7732795e-01   2.5339694e-01  -2.8198892e+00  -2.0529381e-03   2.7993837e-03   3.9285603e-03
  -5.8607774e-01   2.2384549e-01  -2.8248469e+00  -1.3811823e-03   2.7648536e-03   4.1277309e-03
  -5.6359651e-01   2.2778932e-01  -2.9438923e+00  -1.9353172e-03   2.4475545e-03   3.8554697e-03
  -5.6591791e-01   2.1744214e-01  -2.9258298e+00  -2.0070201e-03   2.3823489e-03   3.7878033e-03
  -5.7043856e-01   2.3586022e-01  -2.8768900e+00  -2.2052197e-03   2.1827442e-03   3.8024882e-03
  -5.6660403e-01   2.3248080e-01  -2.8976926e+00  -1.6959475e-03   3.0888392e-03   3.8691441e-03
  -5.8071095e-01   2.4126514e-01  -2.8828522e+00  -1.5595370e-03   2.9720709e-03   4.0971326e-03
  -5.8095946e-01   2.2157797e-01  -2.8841724e+00  -1.8610923e-03   2.7000620e-03   4.1254618e-03
  -5.7025610e-01   2.3145023e-01  -2.8683552e+00  -1.8924246e-03   2.3691455e-03   3.7708152e-03
  -5.7418597e-01   2.4203292e-01  -2.8510932e+00  -1.3021406e-03   2.6574930e-03   3.8883236e-03
  -5.9383156e-01   2.4721091e-01  -2.9300984e+00  -1.8959011e-03   2.9620484e-03   4.6989125e-03
  -5.9831751e-01   2.2001898e-01  -2.9561571e+00  -1.5664377e-03   2.9058912e-03   4.5134485e-03
  -5.7354853e-01   2.2451202e-01  -3.0633796e+00  -2.0776685e-03   2.5478735e-03   4.4591834e-03
  -5.4071394e-01   2.0008040e-01  -2.9342147e+00   1.8515351e-03   1.3915142e-03   3.4298054e-03
  -6.7624337e-01  -4.3794344e-01  -4.5050693e+00  -1.6381115e-02  -9.0339720e-04   4.3881609e-03
  -6.4976667e-01   8.5175610e-02  -7.4443498e-01   4.1318580e-03   2.7964282e-03   4.2992657e-03
  -6.8792910e-01   3.7213056e-02  -1.5507667e+00   2.4955488e-03   3.3855276e-03   4.7572404e-03
  -6.2015858e-01   1.2242556e-01  -1.9697233e+00   3.3969039e-03   2.3790390e-03   4.7357605e-03
  -6.0152058e-01   1.1156529e-01  -2.5270938e+00  -2.2091875e-03   1.4221704e-03   4.4388472e-03
  -6.0127665e-01   1.5028697e-01  -2.5835455e+00  -2.9334960e-03   1.5521801e-03   4.5250628e-03
  -5.9685855e-01   1.4663127e-01  -2.5687273e+00  -3.4960069e-03   1.4012644e-03   4.4176832e-03
  -5.8499560e-01   1.0511854e-01  -2.5388158e+00  -3.0770825e-03   1.1807365e-03   4.1746218e-03
  -5.8862129e-01   1.3979817e-01  -2.5368309e+00  -3.1062261e-03   1.4754451e-03   4.3070482e-03
  -5.8690205e-01   1.3882756e-01  -2.5455615e+00  -2.8295026e-03   1.5951406e-03   4.0354664e-03
  -6.0673721e-01   1.4690009e-01  -2.5718518e+00  -2.7114353e-03   1.5477049e-03   4.6936702e-03
  -6.9877654e-01   1.9896443e-01  -4.1702575e+00  -3.6128144e-02   2.6417089e-03   5.0869363e-03
  -6.0185082e-01   9.0970778e-02  -1.7658261e+00   8.2272971e-03  -3.8149204e-04   3.1172746e-03
  -6.3087921e-01   1.3115728e-01  -3.9491583e+00  -3.4561623e-03   3.0517320e-03   4.4370414e-03
  -6.0936966e-01   1.7052797e-01  -4.0828743e+00  -4.5149263e-03   2.8830826e-03   4.4274396e-03
  -5.9758901e-01   1.3858056e-01  -4.0695793e+00  -4.7779097e-03   2.4250099e-03   4.3764288e-03
  -5.8987960e-01   1.5968384e-01  -4.0760952e+00  -4.9885177e-03   2.2887520e-03   4.0829955e-03
  -5.8656596e-01   1.7689366e-01  -4.0719640e+00  -5.2414247e-03   2.5678349e-03   3.8443741e-03
  -5.9077032e-01   1.8136072e-01  -4.0545070e+00  -4.9399524e-03   2.3861998e-03   3.9993733e-03
  -5.8461158e-01   1.6592414e-01  -4.0340968e+00  -4.9155477e-03   2.4160881e-03   3.7004134e-03
  -5.7486913e-01   1.4588259e-01  -4.0462460e+00  -4.9061074e-03   2.4104179e-03   3.7175324e-03
  -5.7665362e-01   1.5324129e-01  -4.0865582e+00  -5.0116010e-03   2.5612244e-03   3.6321215e-03
  -5.6453645e-01   1.7031840e-01  -4.0006744e+00  -5.5150611e-03   2.8779492e-03   4.0146366e-03
  -5.5613746e-01   1.6979584e-01  -4.0023159e+00  -4.4454879e-03   2.5833378e-03   3.8477963e-03
  -5.4683531e-01   1.7488878e-01  -4.0074129e+00  -4.7286236e-03   2.4798665e-03   3.9263391e-03
  -5.4380357e-01   1.6276616e-01  -4.0143743e+00  -4.0687266e-03   2.0825634e-03   3.7351918e-03
  -5.3225663e-01   1.7054081e-01  -4.0152952e+00  -4.6238230e-03   2.1096696e-03   3.4877430e-03
  -5.5087120e-01   1.8100078e-01  -4.0898202e+00  -4.6126824e-03   2.3354827e-03   3.6229974e-03
  -5.6438380e-01   1.8762162e-01  -4.0786567e+00  -4.1569247e-03   3.2391641e-03   3.9094365e-03
  -5.6758876e-01   1.6725788e-01  -4.0248798e+00  -3.6060290e-03   3.5290249e-03   3.9363122e-03
  -5.5703212e-01   2.0177436e-01  -4.2004608e+00  -4.7153389e-03   2.7857630e-03   3.8269496e-03
  -5.3891353e-01   1.9928490e-01  -4.1500211e+00  -4.4487955e-03   2.8564154e-03   3.6141180e-03
  -5.4283859e-01   2.0103683e-01  -4.1380046e+00  -4.6565412e-03   2.6747080e-03   3.4618593e-03
  -5.2839894e-01   1.8837361e-01  -4.1879513e+00  -4.5200350e-03   2.4667217e-03   3.2736705e-03
  -5.3393735e-01   2.2012736e-01  -4.1494863e+00  -4.5719640e-03   2.6064088e-03   3.6099057e-03
  -5.2845800e-01   2.2295369e-01  -4.1749979e+00  -4.3885951e-03   2.5647232e-03   3.4184326e-03
  -5.3404027e-01   2.2968207e-01  -4.2215312e+00  -4.8064370e-03   2.6626018e-03   3.3467148e-03
  -5.4402014e-01   2.0437313e-01  -4.3154268e+00  -4.0080635e-03   2.6529931e-03   3.5044003e-03
  -5.4034453e-01   1.9368764e-01  -4.2190162e+00  -4.2757924e-03   2.4689077e-03   3.4763585e-03
  -5.4110310e-01   1.9949864e-01  -4.2703076e+00  -4.1959727e-03   2.6141846e-03   3.4521155e-03
  -5.3041608e-01   1.7509758e-01  -4.2746624e+00  -4.4168164e-03   2.6296036e-03   3.5277373e-03
  -5.6864729e-01   1.8134246e-01  -4.2070851e+00  -4.5712246e-03   3.0210080e-03   3.9878601e-03
  -5.7511819e-01   1.9872059e-01  -4.1732468e+00  -4.7611676e-03   3.0681950e-03   3.9815474e-03
  -6.0690857e-01   6.5895367e-02  -1.4326826e+00  -7.4045915e-03   2.0189078e-03   3.2831587e-03
  -6.0270371e-01   5.3996006e-03  -2.8447140e+00   2.1245852e-02  -1.2823738e-04   2.5287846e-03
  -6.1522643e-01   1.2268927e-01  -4.3901079e+00  -4.8705568e-03   1.1186819e-03   3.9577969e-03
  -6.0041954e-01   2.2905646e-01  -4.3911005e+00  -6.0727907e-03   1.2910023e-03   4.9710253e-03
  -5.7232905e-01   2.2480828e-01  -3.9182431e+00  -4.4061628e-03   1.1618070e-03   4.5752317e-03
  -5.8889460e-01   2.2768957e-01  -3.9459041e+00  -4.2205617e-03   1.3395197e-03   4.5402372e-03
  -5.9025134e-01   2.2614284e-01  -3.8843383e+00  -4.5828805e-03   1.1798086e-03   4.5306837e-03
  -5.8762422e-01   2.4005177e-01  -3.8688434e+00  -4.7133763e-03   1.0331393e-03   4.5193406e-03
  -5.7007375e-01   2.1172299e-01  -3.8700388e+00  -4.6481644e-03   1.1023718e-03   4.0667235e-03
  -5.5969964e-01   1.8434657e-01  -3.8802817e+00  -4.2785485e-03   1.0153598e-03   3.8234639e-03
  -5.6006475e-01   2.0444237e-01  -3.8258134e+00  -4.5503753e-03   1.0383446e-03   4.0065854e-03
  -5.5376458e-01   1.9008339e-01  -3.7930566e+00  -4.0510416e-03   1.0796856e-03   3.8777752e-03
  -5.4939855e-01   1.9263275e-01  -3.8302723e+00  -4.1225055e-03   1.2623405e-03   3.7962372e-03
  -5.6467978e-01   2.0598329e-01  -3.8193560e+00  -4.0109957e-03   1.1953670e-03   3.8171855e-03
  -5.5956293e-01   2.0684019e-01  -3.8206969e+00  -4.1219950e-03   1.2141464e-03   3.8436765e-03
  -5.5457414e-01   2.1771114e-01  -3.8382661e+00  -3.9976214e-03   1.1237022e-03   3.9428991e-03
  -5.5168853e-01   2.0898135e-01  -3.8475192e+00  -4.1636299e-03   9.6578382e-04   3.6712730e-03
  -5.7218753e-01   2.0381208e-01  -3.8699563e+00  -3.7145200e-03   8.9179116e-04   3.8908664e-03
  -5.4684177e-01   2.3980957e-01  -3.8378619e+00  -4.2118823e-03   1.0111705e-03   3.5339462e-03
  -5.7284375e-01   1.9411810e-01  -3.8702739e+00  -3.5357682e-03   1.2560247e-03   3.9584161e-03
  -5.5910538e-01   1.8978395e-01  -3.9080087e+00  -3.7234468e-03   1.0509784e-03   3.7811982e-03
  -5.7187600e-01   1.9173063e-01  -3.8788675e+00  -3.6953555e-03   1.0825217e-03   4.0363623e-03
  -5.8678480e-01   2.2892607e-01  -3.5117366e+00  -4.1599532e-03   9.8772768e-04   4.1574364e-03
  -5.7854408e-01   7.1878102e-02  -3.3475248e+00  -1.1153574e-03   1.3263813e-03   2.8237090e-03
  -6.1756347e-01   1.6198009e-01  -3.1870862e+00  -1.4760298e-03   1.9966905e-03   4.0101808e-03
  -6.3592454e-01   1.0521165e-01  -2.7917841e+00  -3.4659420e-06   1.8644329e-03   4.4860042e-03
  -5.9873440e-01   1.2562877e-01  -3.1427358e+00  -2.0533023e-03   8.4630808e-04   3.9957021e-03
  -5.8389506e-01   1.3459272e-01  -3.2625788e+00  -2.9304982e-03   6.5237863e-04   3.6665951e-03
  -5.7427794e-01   1.3797855e-01  -3.2511832e+00  -3.1605879e-03   6.3264716e-04   3.6426544e-03
  -5.6825248e-01   1.3024664e-01  -3.2768720e+00  -2.9874777e-03   4.1292349e-04   3.4299166e-03
  -5.7259692e-01   1.0986782e-01  -3.2335037e+00  -2.6547367e-03   4.4786808e-04   3.3533431e-03
  -5.7422585e-01   1.2275636e-01  -3.2521392e+00  -2.9218779e-03   4.3472097e-04   3.3369809e-03
  -5.5405230e-01   1.2898126e-01  -3.2455907e+00  -2.6155155e-03   7.9944416e-04   2.9965436e-03
  -5.7934077e-01   1.1792487e-01  -3.2509835e+00  -2.5721417e-03   5.7651445e-04   3.5011874e-03
  -5.6735813e-01   1.2472315e-01  -3.2539948e+00  -2.5258698e-03   4.3749429e-04   3.5881986e-03
  -5.6145947e-01   1.3920762e-01  -3.3102503e+00  -2.8467339e-03   3.7121790e-04   3.0814083e-03
  -5.6234585e-01   1.1094020e-01  -3.3103513e+00  -2.9266313e-03   4.9895944e-04   3.1381219e-03
  -5.6967543e-01   9.5742449e-02  -3.3049962e+00  -2.9365523e-03   4.2273434e-04   3.1865818e-03
  -5.4953462e-01   1.3180173e-01  -3.3050461e+00  -3.1043480e-03   7.0375887e-05   2.9797654e-03
  -5.5552629e-01   1.3462611e-01  -3.2525243e+00  -3.1864069e-03   1.9922846e-04   3.0614114e-03
  -5.3558513e-01   7.3236273e-02  -3.2945013e+00  -2.2238917e-03   1.6461566e-04   2.7556864e-03
  -6.1420253e-01   1.7991894e-01  -3.3001880e+00  -1.7622006e-03   1.6702967e-03   4.2948683e-03
  -8.0539290e-01   1.0316480e-01  -1.0106189e+00  -1.0949722e-02   1.9908544e-03   7.2954860e-03
  -7.4859470e-01   8.7236762e-02   3.3470625e-01   1.9507947e-02   2.1869976e-03   4.6873667e-03
  -6.3554097e-01   2.1657528e-01  -3.5690709e+00  -1.3718356e-03   2.3540633e-03   4.7288656e-03
  -6.2847813e-01   2.8703693e-01  -3.6414223e+00  -3.4988492e-03   2.5010861e-03   4.7810676e-03
  -6.1615007e-01   3.0194160e-01  -3.5456630e+00  -3.6759903e-03   2.7304233e-03   4.8223487e-03
  -6.1735658e-01   2.5085557e-01  -3.4215490e+00  -2.8315506e-03   3.1606277e-03   4.9742554e-03
  -6.1025497e-01   2.5155731e-01  -3.4647030e+00  -3.2342126e-03   2.8245794e-03   4.4696847e-03
  -5.7606197e-01   2.4175038e-01  -3.6613674e+00  -1.5551755e-03   2.1778560e-03   5.0379679e-03
  -6.1486548e-01   2.8503123e-01  -3.5256081e+00  -2.5545152e-03   2.3391870e-03   5.5687655e-03
  -5.9852044e-01   2.7563931e-01  -3.5320260e+00  -2.8640938e-03   2.1547139e-03   5.1402502e-03
  -5.9293663e-01   2.4900441e-01  -3.5640889e+00  -2.8208349e-03   2.0958720e-03   5.0088178e-03
  -5.8624505e-01   2.3080948e-01  -3.6027238e+00  -2.8294630e-03   2.2268496e-03   4.9197266e-03
  -5.6747557e-01   2.3734151e-01  -3.6326153e+00  -3.2414739e-03   2.0284523e-03   4.7296451e-03
  -5.6902677e-01   2.3915228e-01  -3.6476984e+00  -2.9941337e-03   2.0261777e-03   4.6277225e-03
  -5.6575351e-01   2.6383822e-01  -3.6821331e+00  -3.5294116e-03   1.8813289e-03   4.6578902e-03
  -5.6671026e-01   2.3600140e-01  -3.6975445e+00  -3.2832029e-03   2.0335918e-03   4.6629386e-03
  -5.6172457e-01   2.3233626e-01  -3.7176720e+00  -3.0356258e-03   1.9483810e-03   4.3068857e-03
  -5.7172730e-01   2.3459294e-01  -3.7110209e+00  -3.0417031e-03   2.0052174e-03   4.3919186e-03
  -5.6310148e-01   2.2951440e-01  -3.7132340e+00  -2.5202913e-03   1.9791145e-03   4.2358109e-03
  -5.6578886e-01   2.4325846e-01  -3.7315089e+00  -2.5857430e-03   2.0495906e-03   4.1516747e-03
  -5.7115878e-01   2.4723441e-01  -3.6839595e+00  -3.3439504e-03   2.0147545e-03   4.5329180e-03
  -5.6152078e-01   2.3138409e-01  -3.6939342e+00  -2.8342557e-03   1.8974480e-03   4.2314843e-03
  -5.5771855e-01   2.2931377e-01  -3.7004845e+00  -2.8197782e-03   1.8924771e-03   4.2118684e-03
  -5.7910541e-01   2.3875122e-01  -3.7087312e+00  -2.6630132e-03   1.9688973e-03   4.5127706e-03
  -5.6334496e-01   2.4260582e-01  -3.7377622e+00  -3.0429222e-03   1.7623521e-03   4.2986637e-03
  -5.5884024e-01   2.5052632e-01  -3.7936420e+00  -2.7999922e-03   1.7910027e-03   4.1717687e-03
  -5.5771000e-01   2.5290523e-01  -3.7599163e+00  -2.9133587e-03   1.8164229e-03   4.3570784e-03
  -5.6437597e-01   2.2720778e-01  -3.8023321e+00  -2.7520687e-03   1.8228218e-03   4.0975027e-03
  -5.5060048e-01   2.3378044e-01  -3.8034134e+00  -2.6488553e-03   1.8123321e-03   3.9392050e-03
  -5.7497079e-01   2.5108630e-01  -3.8159263e+00  -3.0770136e-03   1.6600092e-03   4.2925752e-03
  -5.7804689e-01   2.6996339e-01  -3.8015868e+00  -3.1197750e-03   1.6255957e-03   4.3213593e-03
  -6.7482421e-01   3.9324412e-01  -3.6854657e+00  -1.8356097e-03   8.5576128e-04   3.4038710e-03
  -5.9708779e-01   2.6322003e-01  -3.7983084e+00  -2.6021481e-03   2.1719765e-03   4.9287298e-03
  -5.7329880e-01   2.7679344e-01  -3.7812839e+00  -2.7561162e-03   2.1979783e-03   4.3263520e-03
  -5.6734503e-01   2.2415127e-01  -3.7904595e+00  -2.3966709e-03   2.2822935e-03   4.3031756e-03
  -6.1461846e-01   3.5338735e-01  -3.8167222e+00  -2.2565961e-03   1.9167718e-03   5.1127580e-03
  -5.2962948e-01   1.9180682e-01  -3.7565325e+00  -2.3635372e-03   1.5099279e-03   3.6867725e-03
  -5.4402639e-01   2.5592688e-01  -3.7993983e+00  -2.5785530e-03   1.6860379e-03   4.3375051e-03
  -5.1324441e-01   1.9354378e-01  -3.6971948e+00  -3.3558197e-03   1.6874600e-03   3.5630196e-03
  -5.5032117e-01   2.3771251e-01  -3.8792975e+00  -2.8537304e-03   9.7573904e-04   4.2179421e-03
  -5.5142519e-01   2.4220611e-01  -3.8387594e+00  -3.0713674e-03   9.9756685e-04   3.8768666e-03
  -5.3015248e-01   2.2025347e-01  -3.8027877e+00  -2.5447229e-03   1.1716406e-03   4.1672518e-03
  -5.4262496e-01   2.1315921e-01  -3.8068608e+00  -1.9011884e-03   1.2566236e-03   4.3690173e-03
  -5.2634924e-01   1.9096861e-01  -3.7834095e+00  -2.7907040e-03   1.4834584e-03   3.9408323e-03
  -5.4856394e-01   1.5043987e-01  -3.8057381e+00  -1.6417693e-03   1.6272854e-03   3.9642866e-03
  -5.4715803e-01   1.5493390e-01  -3.7322091e+00  -1.2741488e-03   1.7107799e-03   4.1093903e-03
  -5.4292004e-01   1.9473690e-01  -3.8249081e+00  -2.2099569e-03   1.5939234e-03   4.2171868e-03
  -5.3553738e-01   2.0038609e-01  -3.7179479e+00  -2.4648397e-03   1.5613732e-03   4.1079711e-03
  -5.5254024e-01   1.7501478e-01  -3.7531339e+00  -2.0551434e-03   1.6225091e-03   4.2554646e-03
  -5.2805091e-01   1.9804241e-01  -3.8215202e+00  -2.0690693e-03   1.4487120e-03   3.9873571e-03
  -5.6003251e-01   1.8787281e-01  -3.7288834e+00  -2.4116388e-03   1.7718516e-03   4.0076973e-03
  -5.3588919e-01   1.7567750e-01  -3.8189569e+00  -2.0104807e-03   1.2478332e-03   3.9018841e-03
  -5.2820119e-01   1.8017372e-01  -3.7863503e+00  -2.4654919e-03   1.1357988e-03   3.9794821e-03
  -5.3804401e-01   1.8469290e-01  -3.8335916e+00  -1.6429614e-03   1.3262104e-03   3.8695999e-03
  -5.3208863e-01   2.0147093e-01  -3.8025914e+00  -2.5238405e-03   1.0863299e-03   3.9320326e-03
  -5.2995651e-01   1.5160469e-01  -3.8242761e+00  -2.3265376e-03   1.0763720e-03   3.5532829e-03
  -5.2589263e-01   1.8348067e-01  -3.8607741e+00  -2.3522566e-03   1.2725346e-03   3.6200423e-03
  -5.6525977e-01   2.1361310e-01  -3.8603599e+00  -2.5963060e-03   1.5351772e-03   4.5095800e-03
  -5.9569458e-01   1.8855619e-01  -3.7837895e+00  -2.0786531e-03   1.9331064e-03   4.1715513e-03
  -6.2838220e-01   2.0367522e-01  -3.6597103e+00  -1.3397517e-03   3.5064962e-03   5.2794393e-03
  -5.9867421e-01   1.6824712e-01  -3.7519469e+00  -1.7069043e-03   2.8203149e-03   4.4936004e-03
  -5.4059063e-01   2.6949068e-01  -3.8949825e+00  -1.0852886e-03   1.7267638e-03   4.3018458e-03
  -5.5908891e-01   2.4134329e-01  -3.6018768e+00  -6.5707434e-03  -1.6855230e-04   3.1683897e-03
  -5.8711372e-01   1.8131445e-01  -3.3180076e+00  -9.5383377e-04   4.9050216e-04   4.7793130e-03
  -5.7933956e-01   2.3466286e-01  -3.6974950e+00  -3.0311812e-03   9.8820906e-04   4.7083562e-03
  -5.6892910e-01   2.2183027e-01  -3.7600599e+00  -3.5554942e-03   1.2154730e-03   4.2820242e-03
  -5.5984841e-01   1.9573361e-01  -3.7345671e+00  -3.2508234e-03   1.0882232e-03   4.1616636e-03
  -5.7206554e-01   1.9100419e-01  -3.7060569e+00  -2.9761532e-03   1.4017856e-03   3.9613708e-03
  -5.7291653e-01   2.0546821e-01  -3.7186852e+00  -3.5073582e-03   1.1697282e-03   4.0094834e-03
  -5.8401690e-01   1.7985528e-01  -3.6977425e+00  -3.2999735e-03   1.3761074e-03   3.9458705e-03
  -5.8104250e-01   1.9532214e-01  -3.8588591e+00  -5.0745720e-03   1.3540959e-03   3.7864023e-03
  -5.5131348e-01   2.2274352e-01  -3.8361265e+00  -3.4188268e-03   8.7716381e-04   3.3534997e-03
  -5.4607658e-01   2.1314476e-01  -3.7962539e+00  -4.1459108e-03   7.2871231e-04   3.6828061e-03
  -5.4634163e-01   1.7026641e-01  -3.7618144e+00  -2.9071662e-03   8.1408100e-04   3.5843081e-03
  -5.4641972e-01   1.9276974e-01  -3.9320208e+00  -2.0698649e-03   7.1398213e-04   3.5613582e-03
  -5.4399247e-01   1.5471968e-01  -4.0213845e+00  -2.3817979e-03   3.8650014e-04   3.3905443e-03
  -5.3296672e-01   1.8649633e-01  -4.0303352e+00  -3.0357374e-03   3.1262218e-04   3.4773296e-03
  -5.4155595e-01   1.5524688e-01  -4.0147234e+00  -2.6002271e-03   5.3963055e-04   3.4098145e-03
  -5.3982709e-01   1.1783015e-01  -4.0172539e+00  -2.4119264e-03   7.1696711e-04   3.3697517e-03
  -5.6791916e-01   1.1989635e-01  -3.9753354e+00  -2.2175659e-03   9.7442717e-04   3.5843670e-03
  -5.5626375e-01   1.0265759e-01  -3.9164618e+00  -2.1917006e-03   8.0357426e-04   3.5264933e-03
  -5.5292774e-01   1.3606065e-01  -3.9226152e+00  -2.3891662e-03   7.9298881e-04   3.7336644e-03
  -5.6058408e-01   1.2594229e-01  -3.9229880e+00  -2.4855080e-03   8.8294745e-04   3.5061720e-03
  -5.5478218e-01   1.6510968e-01  -3.8822443e+00  -2.8624567e-03   7.2675331e-04   3.7588474e-03
  -5.6213058e-01   1.6216714e-01  -3.7172256e+00  -2.2956677e-03   1.0806149e-03   4.3493892e-03
  -5.5888328e-01   1.9271432e-01  -3.7204202e+00  -2.2643855e-03   9.1590226e-04   4.4361313e-03
  -5.6288886e-01   1.3828551e-01  -3.7496809e+00  -1.9526056e-03   9.3231502e-04   4.2223782e-03
  -5.3308202e-01   1.7542071e-01  -3.7329610e+00  -3.0542462e-03   8.4652497e-04   3.7338113e-03
  -7.2557689e-01   3.1677403e-02  -1.8303907e+00  -1.7678755e-02   1.5966085e-03   5.6878075e-03
  -6.9655125e-01   1.9378568e-01  -1.4272316e+00  -2.2199299e-03   2.1804484e-04   4.4900384e-03
  -6.1500919e-01   3.4329579e-01  -3.1990115e+00  -4.0641426e-03   6.4962983e-04   6.0365639e-03
  -6.0611270e-01   2.9377269e-01  -3.1543136e+00  -3.0162782e-03   1.1961928e-03   5.7016378e-03
  -5.9213632e-01   2.8369198e-01  -3.0509810e+00  -3.2733546e-03   1.1843289e-03   5.3212869e-03
  -5.8903987e-01   2.6800793e-01  -3.0032184e+00  -3.5331598e-03   1.2071380e-03   5.2758161e-03
  -5.7659044e-01   2.6765490e-01  -2.9414569e+00  -3.2783666e-03   1.4736071e-03   4.9072755e-03
  -5.6626940e-01   2.5517335e-01  -2.9305907e+00  -2.6386124e-03   1.4983707e-03   4.9248073e-03
  -5.7149556e-01   2.7538699e-01  -2.9883903e+00  -3.3986266e-03   1.5736096e-03   5.0778215e-03
  -5.6162570e-01   2.8669629e-01  -3.0221978e+00  -3.6086086e-03   1.3209184e-03   5.0196953e-03
  -5.7225180e-01   2.8600442e-01  -3.0763328e+00  -3.7785220e-03   1.2764085e-03   4.9856514e-03
  -5.6825441e-01   2.5568386e-01  -3.0940058e+00  -3.8423122e-03   1.4785358e-03   4.7842320e-03
  -5.6516498e-01   2.7210553e-01  -3.0775250e+00  -4.0141084e-03   1.2409556e-03   4.8613991e-03
  -5.6118918e-01   2.5508519e-01  -3.1024356e+00  -3.8353420e-03   1.3651415e-03   4.6990462e-03
  -5.6446907e-01   2.8232180e-01  -3.1197176e+00  -3.7898073e-03   1.2957379e-03   4.6952115e-03
  -5.6217920e-01   2.7927473e-01  -3.1473523e+00  -3.8524246e-03   1.3594474e-03   4.8034281e-03
  -5.4240032e-01   2.9153255e-01  -3.6595191e+00  -4.1401667e-03   1.0958122e-03   4.5405535e-03
  -5.5452899e-01   2.6149592e-01  -3.3838739e+00  -3.0724633e-03   5.3296600e-04   4.7964416e-03
  -5.6156489e-01   2.6484463e-01  -3.3405987e+00  -3.2931334e-03   5.0394481e-04   4.4094256e-03
  -5.4714940e-01   2.3178029e-01  -3.3347038e+00  -3.1240385e-03   5.3315619e-04   4.1573194e-03
  -5.4292165e-01   2.5386873e-01  -3.3971724e+00  -2.9825712e-03   5.2494731e-04   4.1940512e-03
  -5.4150741e-01   2.6699649e-01  -3.3766744e+00  -3.5284976e-03   2.4239385e-04   4.1190022e-03
  -5.4054095e-01   2.5084982e-01  -3.4119184e+00  -3.3274770e-03   3.3370473e-04   4.1634752e-03
  -5.4225998e-01   2.6943791e-01  -3.3756237e+00  -3.5654072e-03   3.5381456e-04   4.1596850e-03
  -5.5223529e-01   2.5831450e-01  -3.3886703e+00  -3.3040044e-03   2.8876063e-04   4.2765670e-03
  -5.5825211e-01   2.5954523e-01  -3.3745145e+00  -3.5014369e-03   4.5708328e-04   4.2678730e-03
  -5.4517009e-01   2.6062442e-01  -3.3637890e+00  -3.1634769e-03   4.2822063e-04   4.1662980e-03
  -5.5053069e-01   2.5620936e-01  -3.4022071e+00  -3.6403241e-03   2.3289510e-04   4.1257785e-03
  -5.5122678e-01   2.6769031e-01  -3.3746106e+00  -3.2858312e-03   2.7121991e-04   4.2425622e-03
  -5.4898701e-01   2.8122122e-01  -3.4184985e+00  -3.7781137e-03   1.4359728e-04   4.2235636e-03
  -5.4984861e-01   2.5388806e-01  -3.4123367e+00  -3.5995286e-03   2.4712160e-04   4.0505839e-03
  -5.4754587e-01   2.4819554e-01  -3.4240398e+00  -3.4349808e-03   6.9158934e-04   4.0617893e-03
  -6.2446572e-01  -4.2979743e-01  -5.1664788e+00  -1.9748458e-02  -2.2637914e-03   2.0638728e-03
  -6.7928053e-01  -2.9273331e-01  -2.1136860e+00  -1.2768289e-02  -8.9754595e-04   3.2108711e-03
  -6.2828946e-01   1.9306207e-01  -4.4884366e+00  -5.3460552e-03   1.1348161e-04   3.5227257e-03
  -5.6884007e-01   2.2177519e-01  -4.6113554e+00  -6.0009957e-03  -4.0779356e-04   3.8160272e-03
  -5.6735482e-01   2.5406214e-01  -4.4042518e+00  -6.1935358e-03   9.3490945e-05   4.0126221e-03
  -5.6120090e-01   2.2772339e-01  -4.3130651e+00  -5.2898558e-03   8.0600053e-05   3.8597249e-03
  -5.1589109e-01   3.5733634e-01  -4.1865894e+00  -7.0486989e-03  -1.9225366e-04   4.3520300e-03
  -5.4741771e-01   3.2202236e-01  -4.1308758e+00  -6.1331602e-03   3.6169268e-04   4.7462086e-03
  -5.4722893e-01   2.6996277e-01  -4.0439204e+00  -5.4542121e-03   5.9821363e-04   4.3603740e-03
  -5.3386635e-01   2.6941175e-01  -4.0326197e+00  -5.5467346e-03   4.4305967e-04   4.3043299e-03
  -5.2878368e-01   2.8038014e-01  -4.1292150e+00  -6.1372006e-03   6.4538148e-04   4.1041309e-03
  -5.1260644e-01   2.8576652e-01  -3.9889552e+00  -7.0193767e-03   5.2478442e-04   4.2981015e-03
  -5.2512525e-01   2.8312661e-01  -3.9481495e+00  -5.2637913e-03   6.8556953e-04   4.2989609e-03
  -5.1884475e-01   2.6487930e-01  -3.8798198e+00  -5.8528083e-03   1.0136992e-03   4.3946553e-03
  -5.2559037e-01   2.5792775e-01  -3.7968498e+00  -5.6629364e-03   9.3431234e-04   4.3787473e-03
  -5.9994970e-01  -1.2368589e-01  -2.4505805e+00  -1.8589071e-02   2.0083987e-03   3.9832432e-03
  -6.9830800e-01  -2.7152510e-01   2.6783241e-01   5.9545510e-03   1.5415311e-03   3.6851325e-03
  -6.6538253e-01  -2.8262303e-01  -3.9851932e+00  -1.6226045e-02   1.8237407e-03   3.5307583e-03
  -5.9381325e-01   1.7647295e-01  -6.1024408e+00  -8.9553453e-03   3.1693272e-03   2.7135226e-03
  -5.6285305e-01   1.8530812e-01  -5.4711854e+00  -7.4444016e-03   2.8400692e-03   2.6735338e-03
  -5.4885317e-01   1.5032440e-01  -5.2501439e+00  -7.1639181e-03   2.4844796e-03   2.6756812e-03
  -5.4226127e-01   1.8242206e-01  -5.1704177e+00  -6.4496487e-03   2.5453697e-03   2.6173921e-03
  -5.4919839e-01   1.7009601e-01  -5.1287941e+00  -6.8604327e-03   2.6103008e-03   2.5496895e-03
  -5.5753015e-01   1.9446684e-01  -5.0589503e+00  -6.4918744e-03   2.7666630e-03   2.8708974e-03
  -5.4793248e-01   1.8528111e-01  -5.0459748e+00  -6.2004530e-03   2.8060929e-03   2.7204887e-03
  -5.4917058e-01   1.8417789e-01  -5.0381159e+00  -6.4352351e-03   2.7249482e-03   2.4991206e-03
  -5.0734899e-01   3.3390057e-01  -4.9539657e+00  -7.1814205e-03   2.4274578e-03   4.0242411e-03
  -5.1829601e-01   2.4176824e-01  -4.5899435e+00  -6.3231228e-03   2.8347335e-03   4.5329474e-03
  -5.2977425e-01   2.8727659e-01  -4.5745448e+00  -6.8447056e-03   2.5890409e-03   4.5505280e-03
  -5.0649640e-01   2.6766594e-01  -4.4381906e+00  -5.9242621e-03   2.3187352e-03   4.3085040e-03
  -5.1314576e-01   1.4618349e-01  -4.3641250e+00  -9.2484272e-03   1.5622624e-03   2.7728446e-03
