   0.0000000e+00   0.0000000e+00   0.0000000e+00   0.0000000e+00   1.7347235e-18   0.0000000e+00
  -1.0967722e-02  -2.0363124e-02  -9.5783377e-03  -4.7933779e-04  -5.9416463e-04   1.3268441e-04
   2.4186488e-02  -7.0002798e-02  -1.1792938e-01   5.2276492e-04  -1.0736004e-03  -5.6934864e-05
   1.6537715e-03   1.8533758e-02   6.1399415e-02   1.7565664e-03  -1.0664464e-03   2.6275693e-04
  -2.3334736e-03   5.4295153e-03   8.0916241e-02   7.8819893e-04  -1.6678668e-03   8.9121983e-04
  -1.1551055e-02   8.1908302e-03   2.9005589e-02   1.4679690e-03   1.4989821e-03   6.3114446e-04
   1.6414030e-03  -1.9781909e-02   7.7164827e-03   2.2582197e-04  -6.7333408e-04   1.2767138e-03
   5.2160065e-02  -2.6415162e-02   5.4923940e-01   7.0259563e-03  -1.0568745e-03  -6.8058864e-04
   4.8620257e-02  -9.7100955e-02   3.8185653e-01   5.6445704e-03  -2.9497270e-04   2.9631135e-04
   4.7742781e-02  -2.5788968e-02   4.4821663e-01   6.8893299e-03  -1.4102464e-03   1.0215019e-04
   3.7812205e-02  -5.7251157e-02   5.5925739e-01   8.6637682e-03  -3.2624049e-03   3.7557211e-05
   5.4468002e-02  -2.7354200e-03   2.3899005e-01   5.5695734e-03  -3.1580411e-03   7.6824625e-04
   5.1356952e-02  -1.5973044e-02   2.1673489e-01   4.7372323e-03  -3.9672960e-03   6.1569433e-04
   4.4270074e-02  -2.6271572e-02   1.7530076e-01   2.8870853e-03  -3.7347247e-03   2.8032541e-04
   4.4928890e-02  -9.2197763e-03   1.8438990e-01   2.4719772e-03  -3.6230227e-03   5.2335821e-04
   7.9010618e-02  -6.8830419e-02   1.9571191e-01   5.0289360e-04  -2.2727319e-03  -1.2937493e-03
   6.9805364e-02  -3.5778140e-02   5.5987521e-01   3.2926807e-03  -3.6483331e-03  -1.6377257e-03
   1.0092869e-01   3.2120589e-02   8.5062476e-01  -1.7699741e-02   1.0146848e-04  -2.8372051e-03
   1.3265802e-01   6.6088807e-03   1.7645488e+00  -5.1208260e-03  -9.7770819e-04  -4.6254849e-03
   2.1219877e-02  -2.2414258e-01   1.6844628e+00   1.2786066e-03  -1.0740802e-03  -7.5147665e-04
   6.3885221e-02  -2.5976846e-01   1.3376802e+00  -6.8078310e-03  -2.8199385e-03  -2.9765216e-03
   5.8497030e-02  -1.9392368e-01   1.2721036e+00  -1.0221621e-02  -2.5133483e-03  -3.0943062e-03
   3.8069241e-02  -2.2260752e-01   1.3054992e+00  -1.2819317e-02  -6.0505205e-04  -4.0293628e-03
   5.3373137e-02  -2.3542797e-01   1.2505567e+00  -1.3267139e-02  -1.1080786e-03  -4.4841598e-03
   3.4713900e-02  -2.6214256e-01   1.3340896e+00  -1.0921813e-02  -1.2686639e-03  -4.4258140e-03
   4.0589952e-02  -2.2165982e-01   1.2914460e+00  -1.3240845e-02  -4.1032167e-05  -3.7552989e-03
   2.8322110e-02  -2.2262550e-01   1.3522804e+00  -1.2376845e-02  -5.0697489e-04  -3.2743219e-03
   2.7990042e-02  -2.4062757e-01   1.3722815e+00  -1.1608316e-02   2.2374286e-04  -3.5812389e-03
   3.3067140e-02  -2.4153403e-01   1.2965918e+00  -1.2109474e-02   2.9861910e-03  -4.2677577e-03
   3.3412108e-02  -1.4008004e-01   9.4452204e-01  -1.6118546e-02   3.6369802e-04  -3.0986787e-03
  -2.2029620e-02  -1.3195280e-01   1.9905752e+00  -7.0601906e-03   3.3663493e-04   1.6751296e-03
   3.5619151e-02  -6.0845301e-02   1.7947173e+00  -6.5935382e-05  -3.3027461e-03   5.1180433e-04
   4.5641366e-02  -5.7337977e-02   1.5309653e+00  -3.7211629e-03  -5.7968076e-03   6.0618825e-04
   5.9834722e-02  -1.1116749e-01   1.6151081e+00  -2.5488983e-03  -6.6277786e-03   1.3483880e-04
   7.8325535e-02  -9.6087997e-02   1.6339054e+00  -2.4106904e-03  -6.2077065e-03  -2.6664646e-04
   6.7944979e-02  -1.1371088e-01   1.5802957e+00  -2.7754352e-03  -6.0254663e-03   8.1512734e-05
   7.0018365e-02  -1.3368114e-01   1.6046499e+00  -2.4393529e-03  -6.2877179e-03   7.2538127e-05
   6.1986030e-02  -1.0709035e-01   1.6342785e+00  -1.6228338e-03  -5.8737421e-03  -1.8265102e-05
   6.4515590e-02  -1.1893917e-01   1.5938131e+00  -2.3262372e-03  -5.7798012e-03  -3.6711608e-05
   8.4452518e-02  -1.4414291e-01   1.4508696e+00  -6.4693513e-04  -6.1421268e-03  -3.4879088e-04
   4.5029362e-02   5.2551605e-02   8.3321700e-01  -7.5065995e-03  -4.0878643e-03  -6.8920042e-04
   2.1359718e-02   8.9906628e-03   8.1651996e-01  -8.6601028e-03  -4.2547913e-03  -3.8970945e-04
   2.5937088e-02   4.4811626e-02   7.2173840e-01  -7.6774078e-03  -4.5725167e-03  -3.7685213e-04
  -2.7604495e-03  -1.3546262e-02   8.2473895e-01  -6.8792260e-03  -3.4898597e-03  -6.9924606e-04
   3.8778040e-03   2.6852662e-02   7.8612975e-01  -8.0088246e-03  -3.6245650e-03  -5.4378447e-04
  -2.6000215e-03   2.2429198e-02   7.4837666e-01  -9.8383258e-03  -4.0792981e-03  -6.4057201e-04
   1.0794938e-02   1.2414156e-02   7.5178110e-01  -7.7884907e-03  -3.6254254e-03  -6.3590741e-04
   3.2308080e-02   1.4918591e-02   6.8609961e-01  -7.7698251e-03  -3.5118292e-03  -9.9629533e-04
   2.5248389e-02  -9.5791550e-03   7.3151453e-01  -7.9120939e-03  -3.8567962e-03  -1.0222725e-03
   2.4230163e-02   2.2120105e-03   7.5453017e-01  -6.7660533e-03  -4.0198800e-03  -1.2871376e-03
   2.2853356e-02   1.8615562e-02   7.3553622e-01  -7.6663821e-03  -4.2629444e-03  -1.0732288e-03
   4.4287677e-02   8.9916473e-02   5.1482216e-01  -9.8871080e-03  -3.3747280e-03  -1.9598343e-03
   4.1481820e-02   1.0203908e-02   6.7581622e-01  -1.0309756e-02  -3.4216441e-03  -2.5380504e-03
   3.9452976e-02   4.7533715e-02   6.1926992e-01  -1.0162645e-02  -4.1037843e-03  -1.9753080e-03
   2.9726602e-02   4.1256570e-02   6.6698001e-01  -9.2260349e-03  -3.8749607e-03  -1.7391665e-03
   2.9796880e-02   2.7806885e-02   7.3680117e-01  -7.9448325e-03  -3.6877495e-03  -1.7877922e-03
   3.0215662e-02   2.2062141e-02   7.1142796e-01  -8.5710842e-03  -4.0037114e-03  -1.8360066e-03
   1.9842498e-02   3.1486918e-02   7.3323831e-01  -7.9552777e-03  -3.7953388e-03  -1.6789922e-03
   2.5102174e-02  -1.7813380e-02   7.0682169e-01  -8.5385707e-03  -4.2556656e-03  -1.6750874e-03
   3.2996602e-02   2.4693428e-02   7.1824434e-01  -8.4883608e-03  -4.2603351e-03  -1.9038240e-03
   4.2279821e-02   2.3127723e-03   7.1478413e-01  -8.2182215e-03  -4.1412913e-03  -1.9926071e-03
   3.9497453e-02   9.3508100e-03   6.7534926e-01  -8.7066971e-03  -4.6442546e-03  -1.8149911e-03
   2.7463362e-02  -1.2541217e-02   6.3785041e-01  -9.7530967e-03  -3.5578187e-03  -2.0157431e-03
   4.1054097e-02   6.4748333e-02   5.6748068e-01  -1.0545356e-02  -3.9478827e-03  -1.8433025e-03
   4.2596838e-02  -2.9686015e-03   6.2979250e-01  -9.0386071e-03  -4.1055888e-03  -1.6024250e-03
   3.6389728e-02  -5.7519912e-03   6.3010764e-01  -8.7678240e-03  -4.4721709e-03  -1.4939538e-03
   3.7998003e-02  -3.5138204e-02   7.0641229e-01  -9.0804223e-03  -3.1627302e-03  -2.1837237e-03
   3.2645051e-02  -2.0210079e-03   6.8970690e-01  -8.4269091e-03  -4.0033500e-03  -1.9663945e-03
   3.2101858e-02  -3.5152431e-02   7.1899111e-01  -7.3116776e-03  -4.0749622e-03  -1.9122332e-03
   2.7495436e-02  -1.1430229e-02   6.4060648e-01  -7.9916520e-03  -4.5103753e-03  -1.6506648e-03
   4.7169751e-02  -2.7938702e-02   7.5116753e-01  -6.2365359e-03  -4.4651076e-03  -1.8840055e-03
   3.7019841e-02  -5.4230783e-02   8.4165539e-01  -5.3375474e-03  -4.3871642e-03  -1.9052170e-03
   3.1599474e-02  -2.1128867e-02   7.6235061e-01  -6.8357205e-03  -4.0880184e-03  -1.8072875e-03
   4.9365723e-02  -8.1838635e-02   7.2764939e-01  -3.0149757e-03  -3.8887852e-03  -2.0390169e-03
   3.9281407e-03   1.9199136e-02   1.6291589e-02  -1.1589028e-02  -3.5794145e-03  -1.3913610e-03
   4.4720257e-03  -9.2951867e-03   5.7946012e-02  -1.1861768e-02  -3.2506946e-03  -1.2804597e-03
   1.4527971e-02   2.0884897e-02   2.3069876e-02  -1.2340196e-02  -3.3599164e-03  -1.6984716e-03
   1.1431201e-02  -7.5057863e-02   7.4697983e-02  -9.6906195e-03  -2.8120001e-03  -1.6521488e-03
  -2.4320005e-03  -2.4178942e-02   1.4860578e-01  -1.0240758e-02  -3.0498759e-03  -1.4294682e-03
   1.1420572e-03  -6.0464149e-02   1.9531646e-01  -1.1980995e-02  -2.7296711e-03  -1.3436612e-03
   1.0906708e-02  -2.0246063e-02   1.8592672e-01  -1.0433883e-02  -2.8319293e-03  -1.8539029e-03
   7.0315351e-03   1.0189314e-02   1.0378168e-01  -1.0998503e-02  -3.0203802e-03  -1.7335474e-03
   9.3540779e-03  -3.8442555e-02   1.7982572e-01  -1.0564562e-02  -2.5094854e-03  -1.6529044e-03
   2.9436492e-03  -4.2790546e-02   1.7728338e-01  -1.0697707e-02  -2.4655853e-03  -2.1148103e-03
  -3.5866977e-03  -4.1931615e-02   1.9247503e-01  -1.0037078e-02  -2.3426200e-03  -1.7788272e-03
   1.7580458e-02  -4.2685932e-02   2.6488354e-01  -8.2447864e-03  -3.7564478e-03  -2.1142372e-03
   3.1569880e-03  -3.3773240e-02   2.5467637e-01  -9.5626081e-03  -3.5403526e-03  -1.5186503e-03
   6.9910009e-03  -5.2153084e-02   2.0743813e-01  -1.0713637e-02  -3.9569303e-03  -1.5868664e-03
   1.2757877e-02  -2.3203298e-02   1.9944357e-01  -1.1590143e-02  -3.4308921e-03  -1.7243145e-03
   1.8408227e-02  -3.2532892e-02   2.5325782e-01  -9.3652368e-03  -3.7277524e-03  -1.7982777e-03
   4.3959794e-03  -1.9451046e-02   2.2688910e-01  -1.0198999e-02  -3.3361721e-03  -1.8654508e-03
   3.7866859e-03  -3.5342112e-02   2.2555835e-01  -1.0219457e-02  -3.7321348e-03  -1.7029112e-03
   2.4340703e-03  -4.2784240e-02   2.1299923e-01  -1.0203626e-02  -3.6450152e-03  -1.7418576e-03
   1.8680779e-02   1.5659300e-02   8.4749527e-02  -9.0904839e-03  -4.4715059e-03  -1.6922482e-03
   8.1818967e-03   6.4801033e-03   1.6972700e-01  -9.4141296e-03  -4.2096316e-03  -1.8652190e-03
   1.5252061e-02  -1.1444250e-02   2.1390364e-01  -8.6801263e-03  -5.0555776e-03  -1.2284992e-03
   1.7113708e-02  -3.0915331e-02   2.0070751e-01  -8.8491411e-03  -4.8162187e-03  -1.0789465e-03
   3.4629935e-03  -2.3476649e-02   3.5698326e-01  -6.3470124e-03  -1.4285068e-03  -1.7716544e-03
  -4.1379876e-03   1.9303419e-02   3.3343437e-01  -8.2460034e-03  -3.9287299e-03  -9.0518711e-04
   2.3714391e-02   1.3993858e-02   2.1729759e-01  -1.1488817e-02  -4.9576354e-03  -1.6231197e-03
   2.1480955e-02   1.6391866e-02   2.9933779e-01  -9.8361450e-03  -4.7554889e-03  -1.5252761e-03
   2.4062403e-02   6.7972759e-03   3.3639783e-01  -1.0300346e-02  -5.0973247e-03  -1.4055595e-03
   3.1381153e-02  -2.8193505e-02   3.2925403e-01  -9.7843233e-03  -4.7153824e-03  -1.7860314e-03
   2.3361768e-02  -6.7672415e-02   2.8161035e-01  -8.6729093e-03  -4.5815038e-03  -1.6977142e-03
   3.0179758e-02   8.4494819e-03   3.9941798e-01  -7.4202538e-03  -4.6681095e-03  -1.7867192e-03
   1.2277149e-02  -2.9198731e-02   4.3175179e-01  -8.0134054e-03  -4.1843932e-03  -1.6955541e-03
   1.0308675e-02   2.0674013e-02   2.5363456e-01  -9.7870834e-03  -4.0973920e-03  -1.1542327e-03
   1.9346860e-02   9.9899056e-03   3.8754432e-01  -7.3415800e-03  -4.0868158e-03  -1.6484088e-03
   1.6197789e-02  -1.4746989e-02   3.7101650e-01  -8.8099185e-03  -3.9087021e-03  -1.5928797e-03
   1.2436396e-02  -3.4705754e-02   3.4472566e-01  -8.1683720e-03  -3.7934165e-03  -1.5059104e-03
   1.9347033e-02  -8.5953055e-03   3.1541114e-01  -7.2428285e-03  -6.5386314e-03  -1.3291135e-03
   2.0342692e-02   7.3307154e-03   1.9370134e-01  -9.1326501e-03  -5.2624202e-03  -1.2048354e-03
   1.1936640e-02   3.0501805e-02   3.4598526e-01  -7.5380924e-03  -5.8545728e-03  -9.3782955e-04
   2.5509539e-02  -6.7246498e-02   3.6422147e-01  -8.0979708e-03  -5.5106134e-03  -1.7173715e-03
   1.3369871e-02  -9.6725261e-03   3.2564170e-01  -8.5740817e-03  -5.4071589e-03  -1.5824007e-03
   9.7290470e-03  -7.0822860e-03   3.0173459e-01  -8.7849410e-03  -5.0461265e-03  -1.5412704e-03
   1.4009418e-02  -3.2578908e-03   2.9743994e-01  -9.0712513e-03  -4.4907458e-03  -1.5947588e-03
   1.3760033e-02   1.7194869e-02   2.9186561e-01  -8.1465328e-03  -5.2471524e-03  -1.6556954e-03
  -5.1005736e-03  -7.0127052e-02   5.1362927e-01  -3.6589012e-03   4.3123735e-04  -1.9139906e-03
   3.5627681e-03  -6.5576199e-04   4.3727277e-01  -6.6966123e-03  -9.3454779e-04  -1.7940024e-03
   1.9961602e-02  -3.3772963e-02   4.3258199e-01  -7.1957039e-03  -1.3998689e-03  -2.2102649e-03
   2.1596790e-02  -4.3273326e-02   4.0296398e-01  -7.4653890e-03  -1.4356125e-03  -2.4243351e-03
   2.9325204e-02  -4.4683082e-03   3.8325248e-01  -6.5762947e-03  -3.5139580e-03  -1.8495813e-03
   2.7480246e-02  -1.2144755e-02   4.7846457e-01  -5.8392441e-03  -3.0885878e-03  -1.5803048e-03
   2.3455155e-02  -3.6994934e-02   4.5582805e-01  -6.3196372e-03  -3.8424844e-03  -1.4831112e-03
   3.0450717e-02  -1.8935566e-02   4.1986899e-01  -7.0918633e-03  -2.9763239e-03  -2.0536889e-03
   3.3411918e-02  -5.2703940e-02   4.1860608e-01  -4.9748230e-03  -4.0242336e-03  -1.8940762e-03
   1.9518281e-02  -3.9728543e-02   4.0982731e-01  -5.5646784e-03  -3.3955401e-03  -1.6590514e-03
   1.3261451e-02  -5.4894324e-02   3.5101026e-01  -5.4941792e-03  -3.2746918e-03  -1.6301062e-03
   4.5059110e-02  -1.3161533e-01   4.8750643e-01   1.7125786e-04  -3.0607906e-03  -1.5733704e-03
   5.9056708e-02  -1.3761327e-01   6.0807301e-01   3.4556649e-03  -3.6197453e-03  -6.0460180e-04
   2.6427270e-02  -1.4617425e-01   6.1006070e-01   1.8781150e-03  -4.2143948e-03  -1.1538948e-03
   6.1708593e-02  -7.9572449e-02   5.4011988e-01  -1.3874154e-03  -6.1281282e-03  -2.3106780e-03
   7.1813118e-02  -5.3002151e-02   5.3803130e-01  -1.4857857e-03  -6.1825088e-03  -1.8152337e-03
   8.1459846e-02  -8.0319338e-03   3.1099294e-01  -4.1939276e-03  -5.6454562e-03  -2.1105303e-03
   8.1336522e-02  -1.8241797e-02   3.6476986e-01  -4.4888003e-03  -6.1067202e-03  -2.2994063e-03
   6.1216308e-02  -1.6583975e-02   3.3968638e-01  -5.1729534e-03  -5.8094704e-03  -2.2449152e-03
   5.8454335e-02  -3.6069358e-02   3.6922969e-01  -4.2241393e-03  -5.6959199e-03  -2.2753418e-03
   4.6708854e-02  -2.0142026e-02   3.6328727e-01  -4.4379974e-03  -5.5289390e-03  -2.1053317e-03
   5.3920543e-02  -6.2705589e-02   4.6355643e-01  -3.4652535e-04  -5.3104162e-03  -2.0220186e-03
   5.0457170e-02  -4.3023108e-02   5.1120770e-01  -2.2391990e-03  -4.7906525e-03  -1.9709494e-03
   5.0289668e-02  -2.1499709e-02   4.7267101e-01  -2.7270779e-03  -4.8783905e-03  -2.1839255e-03
   4.2325571e-02  -7.0637286e-02   4.3270631e-01  -4.4523832e-03  -4.7585789e-03  -2.0541062e-03
   5.8477925e-02   2.1303927e-02   3.6782377e-01  -4.3068720e-03  -6.6010820e-03  -1.9900172e-03
   4.8442258e-02  -4.6358739e-02   5.9284604e-01  -2.2659631e-03  -5.9832819e-03  -2.0541913e-03
   4.1355780e-02  -2.2580642e-02   3.9842125e-01  -3.2357090e-03  -4.4732192e-03  -2.0482049e-03
   6.5883178e-02  -5.7487240e-02   4.6680848e-01  -3.5881920e-03  -6.8981919e-03  -2.1572712e-03
   4.9976313e-02  -4.4333534e-02   4.4607162e-01  -4.0599814e-03  -5.6921428e-03  -1.7582395e-03
   4.6283192e-02  -4.4996116e-02   4.3838743e-01  -4.6183357e-03  -5.7656498e-03  -1.7756395e-03
   5.1678958e-02  -7.0600598e-02   4.2969475e-01  -4.1373998e-03  -5.8220745e-03  -1.8604454e-03
   4.0390762e-02  -6.6184336e-02   3.8971992e-01  -4.6433894e-03  -5.2845129e-03  -1.5735210e-03
   3.4034905e-02  -7.4802319e-02   3.9446278e-01  -5.2225331e-03  -5.0397909e-03  -1.7662491e-03
   5.6829381e-02  -2.1003118e-02   3.2603602e-01  -2.8329357e-03  -5.6885368e-03  -1.7735030e-03
  -2.4483968e-02  -2.6075362e-02  -3.5798492e-01  -1.1130507e-02  -2.1733718e-03  -5.2324569e-04
  -8.5175238e-03   3.7140533e-02  -1.3695904e-01  -1.0192540e-02  -2.9877209e-03  -1.3643153e-03
   1.4206332e-03  -1.0542363e-02  -3.4930214e-02  -7.5221485e-03  -3.5035597e-03  -1.2150643e-03
  -3.2440628e-02  -6.3638791e-02   5.6541060e-02  -5.9563509e-03  -1.0300889e-03  -1.3512224e-03
  -2.1653305e-02  -6.6538743e-03  -5.0578684e-03  -8.0336815e-03  -2.1572932e-03  -1.4823281e-03
  -1.2590580e-02  -3.7253730e-02   3.2815787e-02  -8.2460051e-03  -2.3329410e-03  -1.6169139e-03
  -8.3564034e-03  -2.1652417e-02   9.7152986e-03  -7.9591943e-03  -2.3454927e-03  -1.6200329e-03
  -1.4810942e-02  -6.7473823e-02   4.4046688e-02  -8.4908553e-03  -2.1469464e-03  -1.9844931e-03
  -9.2787802e-03   2.1772900e-03  -8.5527674e-03  -1.0138703e-02  -1.8630792e-03  -1.7628563e-03
  -1.8717837e-03  -1.5056532e-02   1.1234674e-02  -7.5764879e-03  -3.4203977e-03  -1.6299018e-03
  -5.4369626e-03   2.3533882e-03   5.9614962e-02  -7.3803114e-03  -2.8304290e-03  -1.5479909e-03
  -7.9454855e-03  -5.8496150e-03   3.4210801e-02  -8.1908877e-03  -2.8952080e-03  -1.5141822e-03
  -1.8117295e-03  -1.6288882e-03  -4.2095148e-03  -6.3661986e-03  -3.0980740e-03  -1.3831469e-03
   1.1257246e-02  -1.8085637e-02   1.0058184e-01  -4.4091873e-03  -3.5502204e-03  -1.2999057e-03
   7.2063671e-03  -3.4806449e-03   1.3534473e-01  -4.2800302e-03  -3.5918394e-03  -1.4706296e-03
  -7.2206702e-03   3.3331475e-02   5.9101904e-02  -6.6072276e-03  -3.7640004e-03  -1.2699098e-03
   2.4516794e-02  -3.7298954e-03   9.5464103e-02  -7.5011651e-03  -5.5255253e-03  -1.1446924e-03
   2.5407442e-02  -6.6678237e-03   1.1019832e-01  -6.2939653e-03  -4.9475600e-03  -1.0023648e-03
   2.3481365e-02  -9.7143344e-03   1.3499040e-01  -7.2523757e-03  -4.9152896e-03  -1.1658753e-03
   3.4113070e-02   3.8310952e-02   8.2172607e-02  -7.8190632e-03  -4.3255292e-03  -1.6635644e-03
   1.1218433e-02   1.9161972e-03   1.1674762e-01  -6.8506009e-03  -4.3291717e-03  -1.2798452e-03
   1.0479617e-02  -2.4428010e-02   1.6276212e-01  -6.9170650e-03  -3.8572098e-03  -1.3068330e-03
   6.0612399e-03   3.0211531e-02   1.2991478e-01  -6.5430363e-03  -4.4384867e-03  -1.1670358e-03
   7.8958294e-03  -4.2546267e-02   1.9214089e-01  -5.4196945e-03  -2.0685989e-03  -1.7022400e-03
   5.6074825e-03  -3.8466192e-02   3.1811530e-01  -1.3925720e-03  -3.7376156e-03  -1.3426113e-03
   1.3508995e-02   6.8254627e-04   3.1069486e-01  -1.8552810e-03  -3.9108546e-03  -1.4968014e-03
   2.8465774e-02  -5.7258967e-02   2.8163742e-01   1.1829978e-03  -4.2772791e-03  -1.6831742e-03
   5.1301109e-02  -5.0948804e-02   2.9490449e-01  -1.7342998e-04  -6.0081985e-03  -1.4278732e-03
   6.1585691e-02  -8.8455290e-02   4.1547827e-01  -5.9296951e-04  -5.9683433e-03  -1.9418207e-03
   5.6134940e-02  -2.4066961e-02   3.3576490e-01  -3.6286223e-03  -5.8105385e-03  -1.8948455e-03
   6.0592129e-02  -4.1393989e-02   3.2976159e-01  -3.4365649e-03  -5.7414744e-03  -2.2263625e-03
   4.2955582e-02  -4.5093063e-02   2.6738384e-01  -4.3603551e-03  -5.5650572e-03  -1.7170987e-03
   4.5441516e-02  -7.1782368e-02   2.6950479e-01  -6.6578053e-04  -6.3385263e-03  -1.4608971e-03
   5.2539443e-02  -2.6453432e-02   3.7429461e-01  -1.3120099e-04  -5.5901313e-03  -2.1918293e-03
   2.1032246e-02  -6.3577601e-02   4.2063400e-01   1.0690021e-03  -4.0745578e-03  -2.0375572e-03
   3.3293140e-02   1.4981845e-02   3.3890565e-01  -1.5989202e-03  -3.8000827e-03  -1.5414731e-03
   2.1022361e-02  -3.9908692e-02   3.5727511e-01  -1.1776051e-03  -3.9858512e-03  -1.2575874e-03
   1.9886358e-02  -3.3261963e-02   3.5335386e-01  -1.5200595e-03  -3.5258356e-03  -1.3988661e-03
   2.5898082e-02  -2.5919488e-02   3.8322252e-01  -1.2111749e-03  -4.2708538e-03  -1.3928563e-03
   3.4852801e-02  -1.3129911e-02   3.6085815e-01  -1.8357923e-03  -4.5630486e-03  -1.5269176e-03
   2.9011085e-02  -7.1661945e-02   4.1382970e-01  -1.0897306e-03  -4.4034849e-03  -1.4443971e-03
   4.9780980e-02  -8.8595116e-02   3.2248882e-01  -2.0189985e-03  -6.1789198e-03  -1.5854012e-03
   5.9704306e-02  -1.5159285e-02   3.1770357e-01  -1.7857595e-03  -7.4301056e-03  -1.6245922e-03
   6.2550481e-02  -3.3806231e-02   3.4167030e-01  -1.9084525e-03  -7.5049683e-03  -1.7219796e-03
   3.9508023e-02  -2.5999400e-02   3.3872326e-01  -1.6223986e-03  -7.2056274e-03  -1.8173019e-03
   4.1151575e-02  -1.2071183e-01   3.3720462e-01   2.2455310e-03  -4.1029751e-03  -1.4864611e-03
   2.2917148e-02  -2.6870549e-02   2.8092318e-01  -4.6636481e-04  -4.2236665e-03  -1.0922674e-03
   1.9050707e-02  -2.8115214e-02   3.0660323e-01  -7.8778263e-04  -4.6578674e-03  -8.7826668e-04
   9.7760173e-03  -6.3929006e-02   3.5309383e-01   5.0821435e-04  -4.5017002e-03  -1.1032261e-03
   4.5421933e-03  -8.6882322e-03   3.4354972e-01   7.0773838e-04  -4.0015123e-03  -9.2762784e-04
   3.1199335e-02  -3.8297564e-02   3.1563845e-01   5.3763290e-04  -5.3473572e-03  -7.1887804e-04
   4.0407899e-02  -8.2853712e-02   4.4176277e-01   2.3762436e-03  -5.9820661e-03  -1.0980712e-03
   3.5744206e-02  -7.0054916e-02   3.5730958e-01   1.0566069e-03  -6.3638619e-03  -9.6673792e-04
   3.0417625e-02  -3.3970544e-02   3.2864371e-01   1.9909515e-04  -5.6062514e-03  -8.7490252e-04
   2.6180580e-02  -6.9691383e-02   2.8812983e-01   8.5667562e-04  -5.7361004e-03  -8.8248962e-04
   2.8742246e-02  -5.8311465e-02   2.0977880e-01  -3.1934413e-04  -5.4311415e-03  -8.2714869e-04
   2.9739136e-02  -1.7580856e-02   1.9451719e-01  -5.9159663e-04  -5.7091760e-03  -7.7817945e-04
   4.2075500e-03  -1.4667512e-02   3.0459833e-01   1.0378854e-03  -3.6616094e-03  -7.6578646e-04
  -3.7297555e-04  -3.4142336e-02   1.9935688e-01  -2.1626902e-04  -3.8537811e-03  -6.4448567e-04
  -6.8365704e-05   8.1582955e-03   1.8014132e-01  -1.3086421e-03  -3.8928185e-03  -7.9572199e-04
   1.2426864e-02   1.5163961e-02   1.3907414e-01  -1.2080410e-03  -4.1490105e-03  -9.1982723e-04
   2.0471639e-02  -6.3264727e-02   1.3687404e-01   2.0067904e-03  -2.5917707e-03  -1.3992759e-03
   4.9334318e-03  -1.4776110e-02  -1.6272394e-01  -3.0632733e-03  -3.1618199e-03  -5.1683110e-04
  -2.7680607e-03  -3.8488340e-02  -7.7950561e-02  -2.5505010e-03  -4.5661811e-03  -2.8287483e-04
  -1.2308683e-02  -2.9716230e-02  -1.1865996e-01  -3.4928154e-03  -4.5129220e-03  -1.8621581e-04
  -6.4173207e-03  -6.9792821e-02  -3.8374507e-02  -2.9628019e-03  -4.2737560e-03  -2.6115441e-04
   7.4027433e-03  -4.9178904e-02  -1.1650645e-01  -4.1165885e-03  -4.4855099e-03  -5.6077920e-04
  -1.9325451e-02  -4.7242066e-02   9.1046821e-02  -4.6928071e-04  -3.6322489e-03  -5.6377578e-04
  -2.9220516e-02   4.3342562e-03   3.5747600e-02  -2.1445978e-03  -4.6079098e-03   2.8097492e-04
   4.2804785e-03  -2.0144524e-02   1.4188332e-01  -2.6275962e-05  -3.9880098e-03  -4.8562834e-04
  -3.3487181e-04  -2.5502179e-02   8.7224470e-02  -4.5091686e-04  -4.0030535e-03  -3.1186422e-04
  -3.3907550e-03  -5.9153926e-02   1.2582550e-01   3.2260399e-04  -4.4698659e-03  -2.5199849e-04
   1.0820532e-03  -2.4623887e-02   6.7270009e-02  -1.3462809e-03  -5.2615089e-03  -2.5006882e-04
   1.7210844e-02  -4.0480993e-02   8.8069315e-02  -5.7680703e-04  -5.1046430e-03  -5.4003571e-04
   9.8165958e-03  -1.9978331e-02   7.1202165e-02  -2.8944026e-03  -5.9619500e-03  -2.3821597e-04
   2.3205127e-02  -5.1451241e-03   7.8270980e-02  -3.7765773e-03  -7.4061209e-03  -3.5040252e-04
   1.4716501e-02   2.9186100e-03   6.8222717e-02  -3.9722206e-03  -6.2856313e-03  -2.3609872e-04
   1.4670654e-02  -6.1055218e-03   7.3166832e-02  -4.2852342e-03  -7.0409989e-03  -1.8157811e-04
   9.5421928e-03  -1.0150875e-02   5.3155985e-02  -4.8299410e-03  -6.3341755e-03  -4.6360935e-04
   8.7449802e-03  -2.4257019e-02   1.1809078e-02  -4.8407656e-03  -6.2241226e-03  -4.1872784e-04
  -1.2119254e-02   1.5837795e-03   9.1611790e-03  -3.2907854e-03  -4.7372409e-03  -8.0101634e-04
   1.0579869e-03   9.2043668e-03   1.3238462e-01  -1.9894431e-03  -5.4400808e-03  -6.6584868e-04
   1.6456154e-02   3.5417706e-02   5.8495511e-02  -7.5062365e-04  -6.5716345e-03  -7.9597959e-04
  -1.4796143e-05  -2.7997012e-02   1.7855128e-01   1.7694267e-03  -4.9811317e-03  -7.3901029e-04
   1.4878280e-02  -8.4479001e-02   2.6723724e-01   3.5962554e-03  -5.4408574e-03  -2.4220908e-04
   1.6555102e-02  -1.4163913e-01   2.8888491e-01   4.1381706e-03  -5.0381741e-03  -4.6733832e-04
  -8.6153698e-02  -1.3619333e-01   3.9002722e-01   7.5373825e-04   3.7931217e-03  -5.1145860e-04
  -2.9179865e-02  -6.6387737e-02   7.7106576e-02  -4.5551206e-03   2.0011943e-04  -2.2867882e-04
  -2.5515199e-02  -3.9599246e-02   4.2040739e-02  -5.2672527e-03   1.2292356e-05  -1.5897660e-04
  -4.8738836e-02  -3.1922999e-02   1.8847169e-02  -5.8103056e-03  -3.9304009e-04  -3.0732454e-04
  -3.2776872e-02   1.2444125e-02  -8.3484502e-03  -6.1127411e-03  -1.3609780e-03  -3.9213522e-04
  -2.7594608e-02  -3.0990497e-02  -2.6614114e-02  -5.4461441e-03  -1.7665818e-03  -1.1499285e-04
  -3.8891434e-02  -3.9118536e-02  -1.1984301e-02  -5.2800498e-03  -2.2425601e-03   4.1744713e-04
   1.3423915e-02   5.9751074e-03   1.4034270e-01  -5.0197622e-04  -4.0770271e-03  -8.5759106e-04
  -2.2466544e-02   2.1678401e-02   7.8457221e-02  -2.2424457e-03  -3.5869769e-03  -2.9279656e-04
  -3.8760238e-02  -1.9629174e-02   3.8226003e-01   1.4090054e-03  -1.7991031e-03  -4.8332216e-04
  -1.4190347e-02   4.9505375e-03   2.0093434e-01   1.6290713e-03  -2.8771768e-03  -4.1906956e-04
  -1.0589523e-02   2.7134183e-02   2.3229712e-01   1.1409946e-04  -4.0648820e-03  -4.8045178e-04
  -6.2158814e-03  -1.5862265e-02   2.3030303e-01  -2.1983786e-04  -3.7262429e-03  -4.3765559e-04
   8.4156043e-03  -3.5794471e-02   4.1096176e-01  -2.4083060e-04  -4.9641766e-03  -1.0767977e-03
   1.6436581e-02  -1.5723321e-02   3.5864903e-01  -8.6212472e-04  -5.0869254e-03  -9.1988097e-04
   1.5603933e-02  -2.0422070e-02   3.3492027e-01  -1.1416495e-03  -4.9786426e-03  -9.7188795e-04
   6.5520863e-03  -4.9030795e-03   2.2195191e-01  -2.3246945e-03  -4.9528933e-03  -9.1163076e-04
   2.3630513e-02  -3.3607433e-02   2.1942957e-01   7.7984537e-04  -4.7802174e-03  -1.1009543e-03
   2.6278602e-02  -2.1289308e-02   2.7346737e-01   3.2626008e-04  -6.5804462e-03  -4.4395668e-04
   9.5897897e-04  -1.4090776e-02   1.8290347e-01  -2.4825933e-03  -1.5345957e-03   5.4171943e-05
  -1.6804119e-02   5.3766314e-03   3.3748191e-02  -4.2342283e-03  -1.6429895e-03   2.2220175e-04
  -2.1917642e-02  -1.8320976e-02   3.3669927e-02  -3.3781829e-03  -2.5839435e-03   1.5702080e-04
  -1.9382366e-02  -3.2894407e-03   2.2774849e-02  -3.5324590e-03  -2.9106692e-03   1.4324967e-05
  -1.4371007e-02  -3.4288120e-03   3.7913068e-02  -3.8948788e-03  -3.6997536e-03  -3.6877237e-05
   7.8090201e-03   1.0163624e-02  -1.0430830e-01  -4.9542703e-03  -6.8293755e-03   1.8670002e-04
  -3.1229050e-03   1.7624195e-02  -5.1748774e-02  -5.0532276e-03  -5.9410437e-03   2.5129427e-04
  -1.4824419e-02   1.4610616e-03   1.7332847e-03  -4.4097074e-03  -6.1258592e-03   2.9265400e-04
  -1.7778951e-02   4.0007288e-02  -4.8842503e-02  -5.1725523e-03  -5.6058820e-03   2.8447823e-04
  -2.5000275e-02   3.8395156e-02  -2.1137089e-02  -4.4154355e-03  -6.6155201e-03   3.2433807e-04
  -1.1376524e-02  -1.2374485e-02  -7.5162203e-03  -4.2850295e-03  -5.5657069e-03  -1.6862313e-05
  -1.4542223e-02   2.2371408e-02   2.5801212e-02  -3.2121828e-03  -5.4392579e-03  -1.5240664e-04
  -1.9117561e-02  -2.3253935e-02   3.9985572e-02  -3.5443634e-03  -5.2360735e-03  -2.6756297e-05
  -4.2442116e-02  -3.5825444e-02   1.3415290e-01  -1.4778737e-04  -3.6764671e-03   4.4902498e-04
  -5.1005138e-02  -2.7877233e-02   7.7157713e-02  -2.4273919e-03  -3.2018165e-03   7.1689481e-04
   1.4904251e-03  -9.7551639e-03   1.7085980e-02  -7.6478145e-04  -7.1228823e-03   2.2843831e-04
   2.0892670e-02  -2.8776630e-03  -5.5045853e-02  -1.2650431e-03  -8.2269029e-03   1.6477730e-04
   1.2035083e-02   1.5022792e-02   8.3223212e-03  -2.0976910e-03  -8.1036617e-03   5.8722356e-04
  -1.9036968e-03  -1.2427949e-02  -2.3507836e-02  -2.9485070e-03  -7.2220393e-03   5.3440442e-04
  -8.3927216e-03   1.7987321e-02  -8.5096598e-02  -3.7943991e-03  -7.8849996e-03   4.5815423e-04
  -7.3352808e-03  -1.9375565e-02  -8.3241078e-02  -3.4882809e-03  -7.0183497e-03   4.4208024e-04
   2.7920291e-03  -3.6143008e-02   6.7667197e-02   9.2011159e-05  -7.5838162e-03   1.4059758e-04
  -1.0609770e-02   3.4192405e-02   1.9411254e-02  -1.3398679e-03  -6.7095990e-03   3.2646039e-04
  -3.1888589e-03   1.4526859e-03   2.4715698e-02   8.2267498e-04  -5.0718579e-03  -9.3653892e-05
  -4.0091832e-02   8.6722590e-03   2.2359633e-02  -4.5469493e-04  -5.3477745e-03   3.3655391e-04
  -4.6887695e-02   4.1774026e-02  -4.9660478e-02  -2.3174388e-03  -5.7783255e-03   5.8801766e-04
  -4.6866385e-02  -2.0956216e-02  -1.0047531e-01  -1.2002123e-03  -5.4259856e-03   3.5292532e-04
  -3.0338107e-02   5.1629007e-04  -4.3760594e-02  -1.7819074e-03  -5.7445804e-03   3.3927662e-04
  -3.0869759e-02  -5.9542160e-03  -5.6628005e-02  -1.6576554e-03  -5.6400092e-03   6.0234130e-04
  -4.0047190e-02   1.2837733e-02  -9.9628823e-02  -2.7360036e-03  -5.4603366e-03   4.7621055e-04
  -4.6603008e-02  -1.5579573e-02  -2.9600915e-02  -3.2369659e-04  -1.3253058e-03   3.5308090e-05
  -6.8267871e-02  -2.0128797e-02  -6.3474868e-01  -9.0061794e-03   1.3392772e-04   2.4650441e-03
  -1.0962039e-01   4.1571023e-02  -5.5177934e-01  -4.0415318e-03   1.8027572e-03   3.2923398e-03
  -1.0033535e-01  -5.6148758e-03  -1.1052630e+00  -6.3419208e-03  -2.0277365e-03   2.5235374e-03
  -1.0760242e-01   8.7106496e-02  -1.0781788e+00  -8.9283522e-03  -1.0942512e-03   2.8890912e-03
  -1.0066874e-01   7.2616498e-02  -9.9822291e-01  -7.4073458e-03  -1.9680876e-03   2.7556090e-03
  -5.8334390e-02  -4.3675291e-02  -6.0883807e-01  -1.1576041e-03  -3.2231316e-03   1.3480564e-03
  -3.4555622e-02  -5.3243431e-03  -7.3129153e-01  -3.3275567e-03  -2.7934834e-03   1.5429622e-03
  -5.1843612e-02   1.1329947e-02  -5.0692960e-01  -1.3541727e-03  -2.8575629e-03   1.6478736e-03
  -3.8735886e-02   1.2122464e-02  -4.8111019e-01  -1.5274666e-03  -4.3810940e-03   1.4052368e-03
  -5.3639785e-02   1.4804584e-02  -4.9281916e-01  -2.7696372e-03  -3.7715358e-03   1.4587385e-03
  -4.5901150e-02   3.2396244e-02  -4.9401485e-01  -2.0748098e-03  -3.6963618e-03   1.3581950e-03
  -5.1968745e-02   3.1854393e-02  -5.1636533e-01  -3.2069110e-03  -3.6732890e-03   1.6278785e-03
  -6.8103945e-03   5.1406585e-02  -5.3414492e-01  -6.5114080e-03  -2.6702960e-03  -1.1486707e-03
  -1.6461262e-02   1.2140826e-02  -3.4045650e-01   3.7811318e-04  -3.2749989e-03   5.8230575e-04
  -3.0226645e-02   4.9336929e-02  -3.5291138e-01  -3.2987475e-04  -3.1484807e-03   8.6771743e-04
  -4.4254102e-02   3.1707310e-02  -4.0858149e-01  -1.8924316e-03  -2.6395673e-03   5.1508038e-04
  -5.0973801e-02   5.4649436e-02  -4.5051170e-01  -2.9423229e-03  -2.8591901e-03   5.4012984e-04
  -5.5003428e-02   5.8087230e-02  -4.6252511e-01  -2.0797546e-03  -2.7315244e-03   5.0324228e-04
  -5.9804460e-02   4.4917039e-02  -4.4473210e-01  -1.9369622e-03  -2.6937140e-03   5.6497964e-04
   7.0788896e-03   7.5923038e-04  -5.9334019e-01  -2.1882556e-03  -3.1397161e-03  -9.7012804e-04
  -3.1914941e-02   1.0366241e-02  -4.5635206e-01  -3.1354451e-03  -3.6740793e-03   2.3434615e-04
   4.7686996e-02   5.7258531e-03  -1.2101008e-01  -6.2689548e-04  -7.3646464e-03  -2.1275437e-03
   2.9743448e-02   1.1746681e-02  -2.6026079e-01  -1.9157788e-03  -6.8951999e-03  -1.5084470e-03
   1.2332992e-02   1.4173918e-02  -3.0020664e-01  -2.2831562e-03  -6.3892244e-03  -1.5178024e-03
  -1.6750459e-03   1.0646526e-02  -3.4724102e-01  -2.6153726e-03  -5.2184402e-03  -1.3764782e-03
   1.0384823e-03   3.4495712e-02  -2.8630835e-01  -1.1827220e-03  -4.9449019e-03  -1.3206575e-03
   1.2656121e-04   4.2371618e-02  -3.5433576e-01  -2.2095982e-03  -5.4430910e-03  -1.2569301e-03
  -1.4722483e-04   4.6024113e-02  -3.4772429e-01  -2.4598924e-03  -4.0576030e-03  -1.3033055e-03
  -1.4790650e-03   6.0551996e-02  -3.6323755e-01  -1.8952057e-03  -4.8135331e-03  -1.0474253e-03
  -7.9233365e-04   7.9823350e-03  -2.6452823e-01  -5.1938014e-04  -4.1910763e-03  -1.2891805e-03
  -6.5063257e-03   3.2749484e-02  -3.6765348e-01  -2.4480157e-03  -4.2320271e-03  -1.1678314e-03
  -4.3213026e-03  -4.6351028e-02  -1.2855410e-01   9.4377915e-04  -5.7555370e-03  -1.2630874e-03
   3.5753874e-02  -6.0531974e-03  -2.7973987e-01  -9.3411588e-04  -5.8174983e-03  -1.7193452e-03
  -1.2638718e-02  -4.3261304e-02  -3.4129556e-01   3.3012034e-04  -1.9811277e-03  -5.5645276e-04
  -6.8179278e-02   1.2216863e-02  -5.6618210e-01  -2.6856375e-03   1.3315417e-04   1.3996931e-03
  -5.5195170e-02  -1.2340742e-02  -5.5013329e-01  -2.9362420e-03  -5.3992103e-04   1.2445121e-03
  -5.2137686e-02  -7.1360925e-03  -5.4789935e-01  -2.1938387e-03  -7.8881406e-04   8.6508768e-04
  -5.3438144e-02   7.8300207e-03  -5.8992394e-01  -3.2100047e-03  -5.8392229e-04   9.5248105e-04
  -7.9520969e-04   5.1174156e-02  -4.9925326e-01  -2.0953692e-03  -2.8997674e-03   9.3495309e-05
  -2.5164237e-02  -6.2191349e-02  -1.1679539e-01   2.9176350e-03  -3.0896093e-03   3.0669516e-04
  -6.9045231e-03   4.1627484e-02  -3.1297630e-01   6.5683307e-04  -3.7247172e-03   4.3345851e-04
  -7.6351281e-03   2.7255553e-02  -3.3882802e-01  -3.2093359e-04  -4.9233975e-03   3.6699980e-04
  -7.2396460e-03   3.9244444e-02  -3.3889833e-01  -1.3894530e-03  -4.1554570e-03   3.3255086e-04
  -1.5198244e-02   3.8609720e-02  -3.1777633e-01  -1.7387645e-03  -4.1627720e-03   5.8137048e-04
  -7.1697899e-02  -1.6314368e-02  -4.3921028e-01  -1.4768368e-03  -9.4965154e-04   2.0796068e-03
  -5.0070157e-02   3.2004573e-02  -4.9921826e-01  -2.4247534e-03  -1.4542647e-03   1.4482605e-03
  -4.7554824e-02   3.6260685e-03  -5.0794745e-01  -1.5322120e-03  -2.6307345e-03   1.5270744e-03
  -4.3608859e-02   3.8324954e-02  -5.4844212e-01  -2.5281342e-03  -2.6775834e-03   1.1797673e-03
  -4.9369078e-02   2.4297902e-02  -5.5055923e-01  -1.7247204e-03  -2.3514070e-03   1.4352516e-03
  -4.3358846e-02   1.9742942e-02  -4.7956082e-01  -1.1402283e-02   2.4766408e-04   6.8583390e-04
  -1.0934181e-01   5.9582696e-03   3.5916025e-01  -1.0319526e-02   3.5913965e-03   2.5721729e-03
  -3.5341335e-03  -7.6330193e-02   6.8721812e-01  -2.5358129e-04  -3.3866157e-03   2.5247154e-03
  -5.5837872e-02  -1.5192270e-01  -3.0686413e-01  -5.0671039e-03  -7.2378203e-03   2.2464656e-03
  -6.5604128e-02  -7.6237851e-02  -2.4882829e-01  -7.9614361e-03  -6.8932932e-03   2.4116064e-03
  -3.2422208e-02  -1.4770720e-01  -7.3159601e-02  -6.3945280e-03  -6.4277869e-03   1.6793517e-03
  -4.0313968e-02  -1.6235216e-01   5.7239218e-02  -4.9167268e-03  -6.2029734e-03   1.6861345e-03
  -3.7546692e-02  -1.8581115e-01   1.6248370e-01  -4.8697345e-03  -5.4277123e-03   9.9460364e-04
  -1.3318303e-02  -1.4180102e-01   2.4421623e-01  -3.6355267e-03  -5.5100110e-03   8.3591317e-04
  -1.5080621e-02  -1.4927739e-01   3.0498992e-01  -2.7097734e-03  -5.5284618e-03   5.1538502e-04
  -1.3241854e-02  -1.4947797e-01   3.5714987e-01  -1.8349375e-03  -5.8804863e-03   8.3814975e-04
   5.7992205e-03  -1.2837596e-01   3.1800734e-01  -1.3706965e-03  -6.7465556e-03   2.8328708e-04
   2.6650178e-02  -1.3343620e-01   3.4347988e-01  -1.2631800e-03  -6.4680489e-03  -7.0733465e-05
   3.7629405e-02  -7.9242076e-02   4.2123895e-01  -9.8136894e-04  -7.5940723e-03  -5.1029890e-04
   3.2500534e-02  -1.2640145e-01   4.5205313e-01  -4.9398789e-04  -6.6144034e-03  -7.2687932e-04
   4.1441142e-02  -1.4538984e-01   7.5426320e-01   2.9742589e-03  -4.4649567e-03  -1.0997023e-03
   6.2036518e-02  -9.6837574e-02   7.7846024e-01   2.9797695e-03  -5.1042933e-03  -1.2388711e-03
   5.6831201e-02  -1.1568862e-01   7.6747874e-01   2.6264904e-03  -5.0923260e-03  -6.2279293e-04
   8.0618739e-02  -1.8880033e-01   7.6717420e-01   4.9157857e-03  -5.3256271e-03  -1.0155130e-03
   7.4698442e-02  -9.6123120e-02   8.4262117e-01   4.3265852e-03  -5.8106309e-03  -1.2414262e-03
   5.6675470e-02  -1.5192288e-01   7.9951318e-01   3.2941298e-03  -5.9281783e-03  -8.4246082e-04
   6.7337426e-02  -1.0235514e-01   7.3964470e-01   2.2964099e-03  -5.5198208e-03  -1.2248097e-03
   7.3573897e-02  -1.1340593e-01   7.6452059e-01   2.5758361e-03  -4.9040446e-03  -1.4149757e-03
   6.1065528e-02  -1.1023435e-01   7.2389494e-01   2.7545276e-03  -4.8439277e-03  -1.1664643e-03
   5.3837926e-02  -1.1590481e-01   7.6188091e-01   2.9081219e-03  -4.7403668e-03  -1.1908236e-03
   6.1308839e-02  -9.8693528e-02   7.5235372e-01   3.0348345e-03  -4.6712447e-03  -1.2539855e-03
   6.0029523e-02  -1.0205351e-01   7.5294962e-01   3.1573542e-03  -4.4460424e-03  -1.3435669e-03
   4.7868461e-02  -1.1659495e-01   7.3104700e-01   3.2702162e-03  -4.3115415e-03  -1.0439750e-03
   7.6080034e-02  -1.4121364e-01   9.3522848e-01   9.1008540e-03  -3.9595238e-03  -1.8414858e-03
   9.0011274e-02  -1.1893537e-01   8.2661288e-01   5.5091760e-03  -5.3220846e-03  -1.5447322e-03
   1.0721990e-01  -9.6218649e-02   7.6654464e-01   8.4079434e-03  -4.5219723e-03  -2.1333536e-03
   8.0938906e-02  -1.0534302e-01   7.8623000e-01   6.3846769e-03  -5.0061634e-03  -1.9690111e-03
   8.0453908e-02  -1.2244223e-01   7.6223263e-01   5.1542755e-03  -5.3100389e-03  -1.9241287e-03
   6.9127195e-02  -6.6744911e-02   7.2896924e-01   4.6177605e-03  -5.1910919e-03  -1.7698883e-03
   6.5972387e-02  -1.0176104e-01   7.5360072e-01   5.0828474e-03  -4.7700535e-03  -1.8914938e-03
   7.1169294e-02  -7.8842463e-02   7.5669233e-01   4.9027702e-03  -4.8819003e-03  -1.7706682e-03
   8.9896982e-02  -6.7901484e-02   7.6028269e-01   5.0283587e-03  -5.6482464e-03  -1.9546680e-03
   7.8055652e-02  -6.4927955e-02   6.9666160e-01   5.3483272e-03  -5.2271834e-03  -1.6039331e-03
   8.1645457e-02  -8.2365534e-02   7.2955055e-01   4.3742987e-03  -6.4777588e-03  -1.4558510e-03
   7.6028904e-02  -5.5467087e-02   7.2089189e-01   4.3541339e-03  -6.5200935e-03  -1.5290058e-03
   7.0374336e-02  -8.1155453e-02   6.2381045e-01   4.5946748e-03  -2.9030588e-03  -2.8426392e-03
   8.8194214e-02  -9.2768254e-02   7.2641541e-01   5.2314942e-03  -8.4963366e-03  -2.0901017e-03
   1.0127909e-01  -8.5022437e-02   6.9511218e-01   4.0629413e-03  -7.4409723e-03  -2.3129527e-03
   8.7264840e-02  -6.9946241e-02   7.0578437e-01   5.0151614e-03  -7.8846870e-03  -2.2932394e-03
   8.4008232e-02  -6.9971322e-02   7.5157642e-01   5.0887615e-03  -8.0409691e-03  -2.1444857e-03
   8.4422870e-02  -8.8282418e-02   7.0054644e-01   5.0545777e-03  -7.4772384e-03  -2.3063419e-03
   7.7074510e-02  -5.7730591e-02   6.5166560e-01   4.5913270e-03  -7.6462717e-03  -2.2204249e-03
   7.8376268e-02  -4.5640021e-02   6.6291424e-01   5.1810502e-03  -7.8820248e-03  -2.0361081e-03
   1.1259876e-01  -1.0256204e-01   8.0542496e-01   7.7679946e-03  -7.2304954e-03  -2.5900697e-03
   9.8506025e-02  -4.2568199e-02   7.3199668e-01   6.6665137e-03  -7.9039118e-03  -2.5025364e-03
   7.4612821e-02  -4.1216595e-02   6.8342732e-01   6.3609438e-03  -7.3122707e-03  -2.5223907e-03
   8.6535217e-02  -8.8727546e-02   7.2784154e-01   6.0398398e-03  -7.3710855e-03  -2.6748637e-03
   1.0318973e-01  -6.9656395e-02   6.9606734e-01   4.8546615e-03  -7.6360396e-03  -2.6046531e-03
   7.5377427e-02  -9.7966216e-02   8.8741794e-01   6.9926729e-03  -1.8658022e-03  -1.7197262e-03
   6.5669653e-02  -2.8114020e-02   8.9578002e-01   8.2369905e-03  -4.4053058e-03  -1.8008251e-03
   7.3268658e-02  -9.3021993e-02   8.5472414e-01   7.8123814e-03  -6.3116319e-03  -1.5500047e-03
   6.2563651e-02  -7.5751920e-02   8.3788656e-01   7.1792073e-03  -5.9859419e-03  -1.6714009e-03
   6.0346735e-02  -7.4417649e-02   7.9609139e-01   7.1793963e-03  -5.7858300e-03  -1.6146783e-03
   6.2789391e-02  -5.7178953e-02   7.8312657e-01   7.4565257e-03  -5.1731033e-03  -1.6518960e-03
   5.4341877e-02  -5.7447736e-02   8.5037375e-01   7.4779707e-03  -5.3005819e-03  -1.3404298e-03
   1.0180953e-01  -9.1645958e-02   8.2579947e-01   1.0559216e-02  -4.8725200e-03  -1.6159832e-03
   1.1387006e-01  -5.6252388e-02   8.9839182e-01   1.0740159e-02  -8.2111933e-03  -2.2022062e-03
   1.0217753e-01  -4.3366042e-02   8.0451969e-01   8.5829596e-03  -7.9566554e-03  -2.0994893e-03
   1.0617381e-01  -8.0009673e-02   7.5569021e-01   9.1558758e-03  -8.0358134e-03  -2.2026623e-03
   1.0071145e-01  -1.0061000e-01   8.1485306e-01   8.3395871e-03  -8.1344457e-03  -1.9247851e-03
   9.8988662e-02  -5.8032276e-02   7.5001451e-01   7.9360756e-03  -7.8529403e-03  -2.0297845e-03
   1.0402244e-01  -8.0280208e-02   7.5306263e-01   8.0127922e-03  -8.3193356e-03  -2.0741838e-03
   1.1235956e-01  -1.4652125e-02   6.8779037e-01   5.9233310e-03  -7.3963387e-03  -2.2005384e-03
   1.2606729e-01  -1.0048266e-01   8.0869116e-01   1.0664608e-02  -6.9997036e-03  -2.2246476e-03
   8.7253854e-02  -1.8216418e-01   9.2245446e-01   1.3423490e-02  -3.6952914e-03  -1.4203182e-03
   6.8291327e-02  -1.4667390e-01   9.2841996e-01   1.3652875e-02  -4.8482323e-03  -5.5949953e-04
   1.0554399e-01  -1.2368121e-01   9.3513003e-01   1.2996769e-02  -5.3709384e-03  -1.2978812e-03
   7.0868707e-02  -8.0748874e-02   7.7902211e-01   8.6797647e-03  -6.8375169e-03  -1.3105568e-03
   1.1150501e-01  -1.3053915e-01   5.0843479e-01   4.8001815e-03  -1.0422477e-02  -2.7440814e-03
   1.1110563e-01  -1.2926798e-01   5.3597537e-01   4.2421749e-03  -1.0310122e-02  -2.6773872e-03
   1.0594440e-01  -6.8859485e-02   5.1635595e-01   2.7991893e-03  -9.1306010e-03  -2.7194951e-03
   1.1468339e-01  -6.2702064e-02   5.2321855e-01   3.0363426e-03  -9.1122422e-03  -2.7831221e-03
   2.5380796e-02  -1.0752947e-01   7.5398070e-01   6.4381904e-03  -4.0665304e-03  -1.3544669e-03
   1.0259537e-01  -4.7318887e-02   7.0387442e-01   6.6298751e-03  -7.3546572e-03  -2.4438224e-03
   1.0394783e-01  -9.0279164e-02   7.6189570e-01   6.4075716e-03  -7.3881845e-03  -2.2598708e-03
   1.0392123e-01  -6.9152853e-02   7.1547941e-01   5.6404659e-03  -7.4600944e-03  -2.4947308e-03
   1.0256191e-01  -1.1139720e-01  -1.2381880e-01   9.2734578e-03  -1.0222654e-02  -2.4593376e-03
   5.9836462e-02  -1.1522452e-02  -3.5850659e-01  -1.9644663e-03  -9.4119231e-03  -1.0944218e-03
   7.6816182e-02  -1.6317990e-02  -2.4347939e-01   8.8116525e-04  -9.1875382e-03  -1.8475411e-03
   6.3128914e-02  -3.3286768e-02  -1.9443887e-01   1.1160883e-03  -8.7670726e-03  -1.6489581e-03
   6.6828455e-02  -5.7931044e-02  -1.5530580e-01   9.5002818e-04  -8.9284652e-03  -1.6633984e-03
   6.1804356e-02  -4.2827307e-02  -1.4659292e-01   1.4885349e-03  -7.4798934e-03  -1.5208219e-03
   7.0017998e-02  -3.0557823e-02  -1.6327973e-01   6.2953866e-04  -8.1021162e-03  -1.5505317e-03
   7.3918212e-02  -2.4084075e-02  -1.0920398e-01   2.1746983e-03  -7.7906723e-03  -1.8414280e-03
   5.7557205e-02  -7.0035748e-03  -1.0309104e-01   2.0883225e-03  -7.4055920e-03  -1.4504207e-03
   5.5732654e-02   1.1016339e-02  -1.2238599e-01   1.6255205e-03  -7.4845430e-03  -1.3898335e-03
   5.9586774e-02  -1.8833351e-02  -1.1298877e-01   1.7465846e-03  -7.4055902e-03  -1.2218412e-03
   4.2905257e-02  -5.7202841e-03  -1.2178004e-01   1.7687701e-03  -7.0943346e-03  -1.3203152e-03
   4.5731176e-02  -1.5144857e-03  -1.5886309e-01   1.1583206e-03  -7.1170517e-03  -1.3520960e-03
   4.7428930e-02  -5.4343816e-03  -1.2805270e-01   9.5506869e-04  -7.1901699e-03  -1.0325668e-03
   6.7007176e-03  -3.1229623e-02   5.5612123e-02   3.5012814e-03  -5.0661150e-03  -1.7397820e-04
   3.2539430e-02   3.5449960e-02  -3.3193485e-02   3.9583295e-03  -6.4343326e-03  -8.0798100e-04
   3.3160040e-02  -1.3088207e-02  -6.0816494e-02   2.6723814e-03  -6.2118242e-03  -8.7189572e-04
   1.7441218e-02  -2.8193989e-02  -6.4186076e-02   2.9663995e-03  -6.2638683e-03  -6.9178945e-04
   3.1859849e-02  -2.2118967e-02  -7.6643938e-02   2.9465130e-03  -4.7308205e-03  -1.4255111e-03
  -6.3366909e-03   3.3410059e-03  -2.0017729e-01   1.8214680e-03  -4.6328433e-03  -8.9892224e-06
   2.7176948e-02  -2.2497732e-02  -1.5195805e-01   2.3122213e-03  -6.4995297e-03  -5.2946392e-04
   3.9403674e-02  -2.6063616e-03  -1.5309079e-01   1.8234803e-03  -6.3518661e-03  -7.8056953e-04
   4.1211038e-02  -7.2017009e-03  -1.4441121e-01   1.9985042e-03  -6.9174586e-03  -7.6187376e-04
   4.2028426e-02  -2.4902220e-02   2.8013991e-02   4.2608030e-03  -7.0480061e-03  -9.6066875e-04
   6.8648650e-02   3.7945370e-02  -4.7127696e-02   3.5362329e-03  -8.3010385e-03  -1.2543513e-03
   6.1129839e-02   2.1438031e-02   1.4935581e-02   4.1329802e-03  -7.7734427e-03  -1.4182367e-03
   3.8031180e-02   3.6437872e-02  -5.1510691e-02   3.8748494e-03  -6.1705724e-03  -8.4251395e-04
  -6.6031425e-03  -3.4255944e-02   4.4950235e-01   4.6475515e-03  -4.1395314e-03  -9.7807831e-04
   5.6850906e-02  -1.1584926e-02   6.0262545e-01   9.2809993e-03  -2.5100135e-03  -2.5033004e-03
   9.8448133e-02   3.2311710e-02   3.9770291e-01   9.9863697e-03  -4.6744596e-03  -3.7725933e-03
   8.2047577e-02   2.9720990e-02   4.2288960e-01   9.0334229e-03  -4.9580185e-03  -3.2779312e-03
   7.2007413e-02  -7.5490043e-03   3.7132084e-01   7.4322550e-03  -5.4426067e-03  -3.1411555e-03
   5.9301104e-02   2.9823402e-02   3.7724137e-01   6.2986965e-03  -4.6441993e-03  -3.0969648e-03
   4.7908633e-02   1.3712181e-02   4.1365036e-01   8.5058643e-03  -4.3938504e-03  -2.6169291e-03
   6.0631344e-02   3.1437552e-02   3.9190385e-01   8.2933070e-03  -5.0350146e-03  -2.8022994e-03
   7.3806241e-02   1.7849819e-02   3.6320808e-01   7.5105136e-03  -5.5062034e-03  -2.8573141e-03
   7.6945582e-02   1.2002014e-02   3.6101018e-01   8.3189698e-03  -4.9731531e-03  -3.0356126e-03
   6.7970988e-02   1.2328500e-02   3.3338614e-01   7.9500414e-03  -4.6904623e-03  -2.8652559e-03
   7.1762467e-02   5.5794091e-02   3.2769331e-01   6.6806675e-03  -4.6163136e-03  -2.5962216e-03
   7.9483384e-02   5.7836095e-02   3.2689605e-01   8.0457845e-03  -5.2769422e-03  -2.8883444e-03
   7.8242663e-02   1.6226611e-02   3.0467535e-01   7.8317065e-03  -4.8550921e-03  -2.8512031e-03
   6.6873579e-02   3.9334538e-02   3.2538115e-01   7.2952211e-03  -5.4094262e-03  -2.6530115e-03
   7.5024408e-02   3.5921750e-02   3.1459579e-01   7.0241066e-03  -5.1741832e-03  -2.8881593e-03
   5.2646599e-02   1.6885137e-02   2.3773021e-01   6.7488437e-03  -5.4673876e-03  -2.2851680e-03
   5.9853054e-02   5.2428763e-02   2.4044854e-01   6.0341031e-03  -4.7269496e-03  -2.0154747e-03
   5.6554375e-02   7.7239039e-02   2.6101355e-01   6.6770521e-03  -5.7056020e-03  -2.2693708e-03
   4.8825666e-02   4.8498749e-02   1.5549090e-01   5.8053651e-03  -5.7626376e-03  -1.9321756e-03
   5.8462716e-02   7.7614638e-02   1.6184124e-01   5.0245041e-03  -6.3082474e-03  -2.1808803e-03
   6.0539979e-02   3.2866304e-02   1.8524368e-01   5.8417082e-03  -6.1785798e-03  -2.1279768e-03
   7.8665027e-02   5.4219621e-02   1.3361740e-01   4.5430500e-03  -6.9880447e-03  -2.2505627e-03
   1.3627882e-01   1.9983771e-02   3.3756616e-01   8.2856804e-03  -1.0106557e-02  -3.0260191e-03
   1.0927153e-01   1.6198457e-02   3.6859478e-01   7.0352415e-03  -9.1898919e-03  -2.5934120e-03
   1.1454865e-01   4.6413138e-02   3.6200782e-01   7.5718654e-03  -8.9170206e-03  -2.9216566e-03
   1.1953546e-01   4.0341969e-02   3.2132163e-01   6.1825428e-03  -8.3070138e-03  -3.0770396e-03
   1.0727451e-01   3.5374175e-02   3.2455509e-01   6.6852658e-03  -8.2608283e-03  -2.7942994e-03
   9.4230836e-02   5.7802337e-02   3.0965514e-01   6.5346443e-03  -8.3098352e-03  -2.8465051e-03
   1.0858965e-01   4.2000784e-02   3.3282688e-01   6.9925726e-03  -8.1134605e-03  -2.6085257e-03
   1.0864849e-01   4.5739887e-02   3.2436731e-01   7.8502939e-03  -8.1875070e-03  -2.8556264e-03
   1.8544369e-02   9.5835027e-02   4.1741938e-02   5.5390745e-03  -4.2816585e-03  -1.5357051e-03
   5.3048484e-02   6.3398130e-02   7.9732302e-02   6.7960714e-03  -5.3920218e-03  -2.1410525e-03
   3.1006302e-02   7.2955134e-02  -8.4620360e-02   5.6404444e-03  -3.6524543e-03  -2.2683237e-03
   3.5465228e-02   8.7945989e-02   3.6446993e-02   5.7061245e-03  -5.1232996e-03  -2.1622214e-03
   4.2542571e-02   3.3217912e-02   7.7436064e-02   5.7076515e-03  -4.6498472e-03  -2.4114979e-03
   4.5111778e-02   1.0348068e-01  -2.7319031e-03  -1.0270908e-03  -4.6421321e-03  -3.6862203e-03
   3.6929857e-02  -5.9658995e-02  -2.1836560e-01  -6.8790369e-03  -1.3887480e-03  -3.7410666e-03
   3.4489489e-02   2.3165520e-02  -3.3130798e-01  -8.8888762e-03  -1.7325862e-03  -3.5775060e-03
   2.2935363e-02   2.9656296e-02  -3.5238687e-01  -8.7180243e-03  -1.3275136e-03  -3.6485747e-03
   4.6956357e-02   6.8270995e-02  -2.4828022e-01  -1.3365695e-03  -3.9119353e-03  -3.7047445e-03
   2.9208082e-02   8.3979966e-02  -3.7626818e-01  -2.8932793e-03  -4.3837623e-03  -3.1437023e-03
   2.8798178e-02   9.8816102e-02  -3.9126178e-01  -2.8915792e-03  -4.1844386e-03  -3.3756476e-03
   3.2490570e-02   8.9299275e-02  -4.2505092e-01  -3.0647816e-03  -4.2312057e-03  -3.4067285e-03
  -2.7339578e-02   7.5726663e-02  -5.2109230e-01  -3.1028781e-03  -1.0329144e-03  -2.4006620e-03
  -1.2084313e-02   7.9520410e-02  -4.1356250e-01  -1.8958673e-03  -1.4454165e-03  -2.7423191e-03
   1.4010756e-02   8.8328851e-02  -5.7859902e-01  -3.8519239e-03  -5.3648531e-03  -1.5093933e-03
   2.2715341e-02   1.1280757e-01  -4.5170033e-01  -6.8856840e-03  -5.1988954e-03  -4.0220989e-03
   2.6189084e-02   9.3548334e-03  -2.4632400e-01  -1.0075111e-02   4.4517368e-03  -4.2452707e-03
  -1.0011528e-02   6.6192834e-03  -1.7958500e-01  -1.2180128e-02   4.0015108e-03  -1.4307600e-03
   5.3695641e-03   4.6119533e-02   1.1192085e-01  -1.7974067e-03   3.8044643e-03  -5.1830736e-04
   4.0640221e-04  -5.6812949e-02   7.8556056e-02  -3.2425594e-03   4.3096309e-03  -1.5619819e-03
  -2.9179603e-03   6.0776994e-02  -4.3004504e-02  -5.3674589e-03   3.6084320e-03  -2.1113364e-03
  -2.9757843e-02   4.7063660e-02  -9.3214561e-01  -1.0866805e-02   2.6119840e-04  -1.3691274e-03
  -4.2787923e-02   8.3102082e-02  -7.8806324e-01  -1.0695119e-02   1.0314853e-03  -1.3703734e-03
  -2.6663688e-02   1.8288620e-02  -7.4897376e-01  -9.8813940e-03   3.6812706e-04  -1.7750051e-03
  -2.8025631e-02   6.9048581e-02  -8.9216722e-01  -1.0453723e-02   1.5841612e-03  -2.0545436e-03
  -1.0060779e-02   1.0443154e-01  -8.1418577e-01  -1.0006445e-02  -4.8219445e-04  -1.8721943e-03
   7.1826969e-03   1.3490325e-01  -7.5172089e-01  -1.1729534e-02  -1.3292809e-03  -2.3707332e-03
  -4.1896954e-02   9.5216326e-02  -1.0194278e+00  -1.6904267e-02   5.5916162e-04  -1.1392727e-03
   3.8228723e-02   1.5134917e-01  -6.4490511e-01  -9.6694028e-03  -2.8949240e-03  -2.7009628e-03
   2.8009808e-02   1.2499093e-01  -5.4703352e-01  -9.5293735e-03  -2.3897116e-03  -2.6122224e-03
   3.8693046e-02   1.4517853e-01  -5.9171805e-01  -1.0276812e-02  -2.5025308e-03  -3.3692966e-03
   1.8053628e-02   1.5602992e-01  -5.9761854e-01  -1.1439399e-02  -1.9560303e-03  -3.1468871e-03
   3.9490851e-02   1.7063177e-01  -6.5785680e-01  -9.0175016e-03  -3.0680567e-03  -3.5114825e-03
   3.8913210e-02   1.2410180e-01  -6.0945777e-01  -8.0392030e-03  -3.1448445e-03  -3.5155706e-03
   1.6405277e-02   1.4234934e-01  -5.1952919e-01  -6.1842318e-03  -3.4819685e-03  -2.5010875e-03
   1.4264317e-02   1.3132462e-01  -4.9528543e-01  -5.6363066e-03  -3.2108615e-03  -2.2975297e-03
   2.0521879e-02   1.1336000e-01  -4.9432799e-01  -5.4206571e-03  -2.8110641e-03  -2.3724960e-03
   4.0008125e-02   1.2037846e-01  -5.4177494e-01  -7.1465840e-03  -3.5194653e-03  -3.6056985e-03
   2.1176635e-02   2.6894490e-02  -7.6241025e-01  -1.2746181e-02  -1.6775022e-03  -2.3069538e-03
   3.7176731e-02   2.3961693e-01  -6.3564176e-01  -5.8863626e-03  -4.7402754e-03  -2.3348508e-03
   1.4987994e-02   5.7834772e-02  -5.3655975e-01  -4.8416181e-03  -3.3025678e-03  -2.2119082e-03
   2.8285492e-02   7.8007412e-02  -4.1539050e-01  -2.6671794e-03  -4.4201731e-03  -2.6393756e-03
   2.2957365e-02   9.6606802e-02  -4.8013816e-01  -3.1489420e-03  -5.2438366e-03  -2.4026781e-03
   4.0734616e-02   8.5129806e-02  -5.1818449e-01  -3.5677218e-03  -4.9820817e-03  -2.5534880e-03
   5.1011193e-02  -2.1031427e-03  -4.3911366e-01   4.0618878e-04  -3.0696714e-03  -1.9649952e-03
   4.3350561e-02   7.0033272e-02  -4.6987121e-01  -5.2488963e-04  -4.6823458e-03  -1.8715870e-03
   4.2320308e-02   7.8233340e-02  -4.2101683e-01  -5.2431743e-04  -5.1599935e-03  -1.9732689e-03
   5.4986681e-02   7.5051817e-02  -4.5515662e-01  -1.3657099e-03  -5.2756074e-03  -2.3376490e-03
   2.7593831e-02   5.9602513e-02  -4.0966374e-01  -7.6168929e-04  -3.2631879e-03  -1.8458622e-03
   2.4311649e-02   9.5311731e-02  -5.3527912e-01  -9.1456465e-03  -2.7331828e-03  -2.7236339e-03
   2.2760089e-02   1.6022080e-01  -5.4653972e-01  -7.7654593e-03  -4.7480627e-03  -2.8017547e-03
   4.1468108e-02   1.4147709e-01  -5.5430053e-01  -8.4810245e-03  -5.7888929e-03  -3.1909065e-03
   6.1521999e-02   1.3997984e-01  -5.3184129e-01  -7.2355690e-03  -6.3619863e-03  -3.5776123e-03
   5.1642525e-02   1.3645957e-01  -5.2451878e-01  -6.7052988e-03  -5.9941086e-03  -3.4132998e-03
   3.3117511e-02   1.5357023e-01  -5.6645508e-01  -5.0434468e-03  -7.2425806e-03  -2.8590233e-03
   8.2000912e-03   1.5205579e-01  -6.9109610e-01  -6.6381885e-03  -4.9333457e-03  -2.1064403e-03
   1.3396174e-02   2.7520420e-02   2.3867167e-02   6.8319406e-04   5.2522561e-04  -9.9684753e-04
  -2.5089649e-02   3.8899858e-02  -2.3795767e-01  -8.6073428e-03   2.1723946e-03   7.4406611e-04
   3.3855843e-02  -2.0912933e-02   1.6517590e-01   3.7734270e-03  -3.8334842e-03  -2.3474305e-03
  -8.0287449e-04  -2.4658795e-02   5.5159183e-01   1.6233594e-03   4.0570626e-03  -8.9664059e-04
   3.9001451e-02   1.6314516e-02   2.1158042e-01  -2.0664341e-03   1.4595460e-03  -1.8595608e-03
   4.9296321e-02   2.6706565e-02   2.8719096e-01  -3.4190649e-04   1.1503902e-04  -3.0149939e-03
   5.2512655e-02  -9.1382729e-03   2.5848905e-01  -3.1864898e-04  -5.2422809e-04  -2.9393625e-03
   6.3175585e-02   2.1892838e-03   2.3162105e-01   6.1640590e-05   1.2409540e-04  -3.0585128e-03
   6.7767543e-02   1.8921963e-02   1.8383698e-01   1.6683076e-03  -5.3576003e-04  -2.6784156e-03
   4.9356946e-02  -9.9251051e-03   2.5364601e-01   2.0337214e-03  -7.2325670e-04  -2.5025550e-03
   4.8242756e-02  -1.8545148e-02   2.9387710e-01   2.2230549e-03   1.6108347e-05  -2.6805741e-03
   4.5764706e-02   1.0260916e-01   1.0321975e-01  -6.8320510e-04  -3.0255595e-04  -1.9868421e-03
   5.9525788e-02  -9.3263640e-03   3.0310411e-01   3.2912328e-03  -3.8021743e-04  -2.7483107e-03
   5.4563554e-02  -4.3709366e-02   3.5968079e-01   4.2935952e-03  -2.7615861e-05  -2.8769528e-03
   5.9412147e-02   1.3652511e-02   1.5911834e-01   1.0660205e-03  -1.2245450e-03  -2.4795251e-03
   6.0679349e-02   1.6300757e-02   1.8424019e-01   5.6576970e-04  -1.3692508e-03  -2.8290940e-03
   5.3070175e-02   4.5586786e-02   9.7657571e-02   5.0828909e-04  -1.5822393e-03  -2.6569770e-03
   5.9475714e-02   1.1479934e-02   1.2863265e-01   1.4074784e-04  -1.2417689e-03  -2.4940544e-03
   4.0794884e-02   4.0330316e-02   4.3858174e-02  -5.3098705e-04  -1.1725392e-03  -2.6647405e-03
   4.4243141e-02   2.2877112e-02   6.7865679e-02   3.5093180e-04  -1.0224135e-03  -2.5086579e-03
   4.2941020e-02   5.3886103e-02   2.8337490e-02  -5.1290985e-04  -1.2435453e-03  -2.6096258e-03
   4.2084690e-02   6.7934229e-02  -5.1921614e-03  -8.2290400e-04  -1.4835938e-03  -2.5119846e-03
   2.2515850e-02   5.5586429e-02  -8.8099037e-02   4.2689520e-04  -1.0797881e-03  -2.0879438e-03
   2.8755338e-02   5.9873969e-02  -7.8986410e-02   4.1084558e-04  -1.3807738e-03  -2.2695382e-03
   3.5835493e-02   4.5397195e-02  -1.6396610e-01  -8.8574575e-04  -1.0616481e-03  -2.4614096e-03
   5.0494401e-02   1.7771608e-02  -1.9470936e-02   1.8180903e-03  -2.2183609e-03  -2.5743264e-03
   3.9524312e-02   7.7917615e-03  -8.6478543e-02  -1.2248087e-04  -2.1939119e-03  -2.4098267e-03
   3.1726499e-02   2.0139547e-02  -1.1130868e-01   1.3785106e-04  -1.8389689e-03  -2.4257806e-03
   4.0928470e-02   4.4654794e-02  -1.6477211e-01  -4.2819023e-05  -2.3140175e-03  -2.4059355e-03
   4.1276304e-02   2.9310445e-02  -1.6395840e-01  -1.6300384e-04  -2.2803666e-03  -2.4313645e-03
   2.6813234e-02   6.9811528e-02  -3.5202091e-01  -9.3931335e-04  -2.2911935e-03  -2.0706815e-03
   3.6035436e-02   6.2367925e-02  -2.1517917e-01   6.2905972e-04  -7.5935087e-04  -2.3313381e-03
   4.7381898e-02   7.6852985e-02  -2.5773074e-01   1.3779529e-03  -2.1891312e-03  -1.9891351e-03
   5.7997172e-02   6.1449177e-03  -1.6231228e-01   4.5407439e-03  -2.1771034e-03  -1.3350738e-03
   4.7920662e-02  -6.9165945e-03  -7.5322445e-02   7.7697214e-03  -1.5660828e-03  -1.2714282e-03
   6.2609553e-02  -2.9521627e-02  -1.1829204e-01   6.9495530e-03  -4.0765451e-03  -2.6464770e-03
   7.3270048e-02   8.5295180e-02  -5.5501308e-01  -2.6399565e-04  -5.5029974e-03  -2.4382751e-03
   7.1205610e-02   6.1003165e-02  -5.4611797e-01  -1.0014451e-03  -5.4629372e-03  -2.5935494e-03
   3.9597712e-02   4.9823065e-02  -7.3503735e-01  -8.3115338e-03  -2.3598580e-03  -2.7377714e-03
   3.8280333e-02   1.6297218e-01  -8.6135289e-01  -8.7254705e-03  -3.6218023e-03  -2.1805928e-03
   4.2803140e-02   1.7992029e-01  -8.4658400e-01  -7.9851931e-03  -4.5894351e-03  -1.8185926e-03
   4.6510249e-02   1.6214317e-01  -7.9489676e-01  -6.5108181e-03  -4.0968481e-03  -2.2263172e-03
   4.9068101e-02   2.4403369e-01  -9.1166146e-01  -6.3278517e-03  -3.9995448e-03  -2.3147058e-03
   4.3493647e-02   1.9793763e-01  -8.3125421e-01  -6.7233148e-03  -4.6283029e-03  -2.0071465e-03
   4.0080757e-02   1.3666578e-01  -8.4760371e-01  -2.2623631e-03  -2.0064316e-03  -1.8051762e-03
  -4.7623583e-02   8.0291816e-02  -1.3332477e+00  -8.5860359e-03  -1.4737766e-03   1.1410565e-03
  -4.3946803e-02   1.9707417e-01  -1.3168209e+00  -8.7691207e-03  -2.1237102e-03   1.2695848e-03
  -3.3742248e-02   5.5913686e-02  -7.5556125e-01   1.1473889e-04  -8.2662259e-04   4.4567610e-04
  -4.2228634e-03   9.5572974e-02  -9.5430503e-01  -2.7792759e-03  -3.4274261e-03   3.0242913e-04
  -1.8858853e-02   1.6588636e-01  -1.1197242e+00  -8.5778209e-03  -2.3495972e-03  -8.2119823e-04
   3.5140903e-02   1.0593073e-01  -5.3361856e-01  -1.3387669e-05  -2.0147453e-03  -1.2332428e-03
  -4.2887717e-02   1.2390871e-01  -8.8396750e-01  -4.9445118e-03   9.9817513e-04   5.5841888e-04
  -1.8643336e-02   9.2997230e-02  -9.2471935e-01  -4.6151791e-03   1.4509338e-05  -3.6594672e-04
  -1.1873741e-02   1.0350215e-01  -8.6958216e-01  -3.6512325e-03  -9.3836831e-04  -2.3602110e-04
   7.5414899e-03   8.3465111e-02  -8.6836227e-01  -3.5371335e-03  -1.1289526e-03  -4.2596668e-04
  -1.4637970e-02   1.2253174e-01  -8.7328912e-01  -2.9174707e-03  -1.3842449e-03  -2.5769209e-04
  -7.1217000e-04   8.6517890e-02  -8.8552236e-01   5.6237620e-04  -1.8937559e-03  -6.0754094e-04
   7.2850217e-03   1.3099930e-01  -9.0627320e-01   4.9832405e-04  -2.4143633e-03  -8.8765023e-04
   1.0136818e-02   1.4410232e-01  -8.9198052e-01  -7.9804746e-04  -3.2106239e-03  -8.3949235e-04
   1.9557711e-02   1.2638194e-01  -8.9448269e-01  -1.0730453e-03  -3.6593792e-03  -8.0531197e-04
   4.5147210e-02   1.9358166e-01  -1.0799692e+00  -8.3993405e-03  -2.4546965e-03  -1.8623331e-03
   6.5296673e-03   2.0940586e-01  -1.2227129e+00  -1.2207810e-02  -6.7938935e-04  -1.7632194e-03
   1.6659857e-02   2.9779727e-01  -1.2571918e+00  -1.2763277e-02  -2.0811181e-03  -1.7846869e-03
   1.3933779e-02   2.5235395e-01  -1.2076461e+00  -1.0030170e-02  -3.3753343e-03  -1.8260694e-03
   1.8941872e-02   2.8760285e-01  -1.2323743e+00  -1.0845382e-02  -3.4582605e-03  -1.9826515e-03
  -2.3657169e-02   2.4118064e-01  -1.2979799e+00  -1.0009097e-02  -1.1149543e-03  -8.9516211e-04
   3.0597001e-02   1.9769274e-01  -1.0551581e+00  -6.6709959e-03  -5.3363954e-03  -1.4367091e-03
   4.0584389e-02   1.6923447e-01  -1.0529411e+00  -6.7242214e-03  -5.5590459e-03  -1.4307573e-03
   4.5220679e-02   2.1987070e-01  -1.0848993e+00  -7.0261836e-03  -6.0820511e-03  -1.5692797e-03
   4.4051816e-02   2.2767126e-01  -1.0361710e+00  -5.9466630e-03  -5.6506189e-03  -1.6165940e-03
   4.1086075e-02   2.3293124e-01  -1.0724607e+00  -8.3393073e-03  -2.9041583e-03  -2.0750990e-03
  -1.3394283e-02   7.4724986e-02  -5.9715846e-01  -1.1707576e-02   2.6596616e-03   8.6075796e-05
   9.6709786e-03   2.0990365e-01  -9.1579344e-01  -1.4587599e-02  -3.0094146e-04  -7.4859033e-04
  -9.1827940e-03   1.9232383e-01  -1.0287164e+00  -1.2768084e-02   1.6758977e-03  -1.2746540e-03
  -1.0024367e-03   2.4769139e-01  -9.8271865e-01  -1.1919613e-02   2.3285993e-04  -1.3987984e-03
   1.7046130e-02   2.0921373e-01  -9.2750686e-01  -1.1102226e-02  -8.0525928e-04  -1.6769009e-03
   1.1435696e-02   2.0861161e-01  -9.2990957e-01  -1.1102734e-02  -5.6776156e-04  -2.0298308e-03
   9.1842450e-04   2.1545760e-01  -9.5909352e-01  -1.1771659e-02  -1.0404399e-03  -1.6176059e-03
   1.6826621e-02   2.2319817e-01  -9.2532294e-01  -1.0486783e-02  -1.1430261e-03  -1.3128405e-03
   1.2595272e-02   2.7098610e-01  -9.4863716e-01  -7.0779889e-03  -1.5573280e-03  -1.8115791e-03
   2.5792026e-02   2.1742186e-01  -8.3612238e-01  -5.5004922e-03  -3.9300518e-03  -1.8076957e-03
   3.1981623e-03   2.1865792e-01  -9.3909435e-01  -7.1099772e-03  -2.9602938e-03  -1.7155277e-03
   1.8212202e-02   2.0046330e-01  -9.2670235e-01  -7.0935130e-03  -3.9707452e-03  -2.1716683e-03
   2.4759780e-02   2.1745103e-01  -9.1434107e-01  -6.5828614e-03  -3.8693725e-03  -2.1591595e-03
   2.8639184e-02   1.6684222e-01  -8.7524205e-01  -6.9977354e-03  -4.0096596e-03  -2.2852475e-03
   2.7844329e-02   2.1902292e-01  -9.6743592e-01  -6.8403177e-03  -4.2199624e-03  -2.4215275e-03
   3.5348008e-02   2.3788514e-01  -9.4144421e-01  -7.3989644e-03  -3.9970613e-03  -2.4448624e-03
   2.6578490e-02   1.9901935e-01  -9.1685382e-01  -6.4315501e-03  -4.0635718e-03  -2.3091897e-03
   4.9414735e-02   1.1822657e-01  -8.6585879e-01  -5.1435953e-03  -2.5196194e-03  -2.9053414e-03
   5.3064408e-02   2.0211198e-01  -8.4899974e-01  -3.7747936e-03  -3.6814618e-03  -2.3498432e-03
   4.1220617e-02   1.8459516e-01  -8.7824176e-01  -4.5090581e-03  -4.3519481e-03  -2.1757850e-03
   4.1979381e-02   1.8305769e-01  -9.1771811e-01  -4.2580023e-03  -4.5074602e-03  -1.9013963e-03
   5.5149862e-02   1.4789815e-01  -9.0002684e-01  -2.3093577e-03  -3.7598378e-03  -2.1527116e-03
   3.1301151e-02   2.1097406e-01  -8.9881835e-01  -4.6623031e-03  -3.8400638e-03  -1.7567550e-03
   2.8791482e-02   1.3305832e-01  -6.4865862e-01   3.4280500e-05  -2.6392695e-03  -2.5651306e-03
   3.6363955e-02   1.5675868e-01  -6.8323829e-01   1.3042338e-05  -3.3447512e-03  -2.6933391e-03
   6.4042940e-02   2.0764837e-01  -8.5273934e-01  -4.8060941e-03  -2.3748807e-03  -3.8388313e-03
   6.0275204e-02   2.0215384e-01  -8.8110610e-01  -7.1300344e-03  -2.8633923e-03  -3.9104361e-03
   6.0025769e-02   2.5551169e-01  -9.7045295e-01  -8.0632647e-03  -2.7231852e-03  -3.8110976e-03
   5.3527830e-02   2.4324694e-01  -9.7260947e-01  -7.7286088e-03  -2.7658934e-03  -3.5039010e-03
   5.1238192e-02   2.4253068e-01  -1.0149655e+00  -8.0866960e-03  -3.2881622e-03  -3.6612889e-03
   6.2408189e-02   2.5385846e-01  -1.0039311e+00  -6.0040307e-03  -3.9535991e-03  -3.8712283e-03
   5.7618194e-02   2.5860059e-01  -1.0704830e+00  -7.1996096e-03  -2.2234207e-03  -4.0872877e-03
   6.2351913e-02   2.4113160e-01  -1.0512072e+00  -5.5795312e-03  -3.2015217e-03  -3.5386419e-03
   2.5768204e-02   1.8960941e-01  -9.4103990e-01  -3.4714731e-03  -3.2308480e-03  -2.7215317e-03
   5.9948095e-02   1.3071960e-01  -8.2243835e-01   2.3391779e-04  -3.6075892e-03  -2.6533836e-03
   9.8294966e-02   5.1811333e-02  -5.0871468e-01   5.3830542e-03  -3.6085363e-03  -3.7527568e-03
   5.9919142e-02   1.2702772e-01  -6.2936005e-01  -2.1907317e-03  -5.6992497e-03  -8.3455166e-04
   1.1160208e-01   6.0263491e-02  -2.7303118e-01   9.4729013e-05  -3.5867653e-03  -4.9380981e-03
   9.9824353e-02   1.1323656e-01  -5.4262040e-01  -3.3958856e-03  -3.1763123e-03  -4.7016397e-03
   1.0525195e-01   1.1876525e-01  -5.8391130e-01  -2.5311154e-03  -3.6004303e-03  -4.5945537e-03
   9.1402463e-02   1.2489837e-01  -5.9160636e-01  -1.1375661e-04  -3.4820383e-03  -5.1141747e-03
   5.9919613e-02   1.6982424e-01  -7.5246156e-01  -1.9023607e-03  -2.9654438e-03  -4.3605952e-03
   9.2905964e-02   2.1559240e-01  -8.7303424e-01  -1.5422067e-03  -3.9639085e-03  -4.6323374e-03
   8.2816447e-02   1.9592521e-01  -8.1074476e-01  -1.3516393e-03  -3.5179493e-03  -4.5856197e-03
   8.1478168e-02   1.9059224e-01  -8.9286791e-01  -2.1439561e-03  -3.5886190e-03  -4.7223645e-03
   8.3611423e-02   1.6844443e-01  -8.3926443e-01  -1.2927114e-03  -3.6352480e-03  -4.9236802e-03
   8.5891092e-02   1.9592975e-01  -8.3466352e-01  -2.0701192e-03  -5.6786650e-03  -4.3461692e-03
   6.6045312e-02   1.7395060e-01  -9.3621632e-01   8.5355256e-04  -2.4296337e-03  -4.3775982e-03
   6.5686925e-02   1.6254151e-01  -9.3308937e-01  -6.9620626e-04  -3.3323241e-03  -4.3814723e-03
   5.0526613e-02   2.1048374e-01  -9.8860842e-01  -2.3023541e-03  -3.2820530e-03  -4.2915055e-03
   5.0278199e-02   1.9195685e-01  -9.3654854e-01  -9.7139031e-04  -3.4421474e-03  -4.0691773e-03
   7.2743583e-02   1.6816075e-01  -9.5739923e-01  -7.9017035e-04  -3.1220943e-03  -3.5393886e-03
   5.2440916e-02   1.8026583e-01  -9.4828340e-01   3.8509003e-04  -2.9776928e-03  -2.5376735e-03
   5.6685159e-02   1.9155278e-01  -9.8582708e-01  -4.2920182e-04  -4.4965216e-03  -2.9666161e-03
   7.1595513e-02   1.7897795e-01  -9.3003740e-01   3.8509455e-04  -5.0498700e-03  -2.9984922e-03
   8.0561649e-02   1.6418973e-01  -9.5809401e-01   6.1476793e-04  -5.3941988e-03  -3.0356150e-03
   8.5638105e-02   1.4382426e-01  -9.6135218e-01   1.1578615e-03  -3.9209473e-03  -3.6598188e-03
   5.0131042e-02   2.4680437e-01  -1.0727264e+00  -1.2203266e-05  -3.6807237e-03  -2.0979961e-03
   7.4723231e-02   2.0434716e-01  -9.8478033e-01  -2.8947101e-04  -4.6440542e-03  -2.8246975e-03
   9.8369190e-02   7.4188884e-02  -6.9213212e-01  -4.7191321e-03  -5.7334962e-03  -3.2148021e-03
   1.0329222e-03   1.8228947e-01  -8.5738480e-01  -9.2872414e-04   2.6742493e-03  -7.1128797e-04
   2.2675767e-02   9.1603940e-02  -7.8801624e-01  -2.9045446e-04   5.7596572e-04  -1.4762857e-03
   2.7441227e-02   1.3020723e-01  -8.3623580e-01  -1.0731355e-03  -4.9332668e-04  -1.7947054e-03
   2.7753092e-02   1.0656925e-01  -8.5983309e-01  -8.9884486e-04  -1.3149024e-03  -1.6182873e-03
   2.4830623e-02   1.2674452e-01  -9.0433988e-01  -4.7869994e-04  -1.0502731e-03  -1.7575254e-03
   2.2724093e-02   1.1875176e-01  -9.3421648e-01  -1.0090531e-03  -1.3930061e-03  -1.5991751e-03
   3.4737807e-02   1.2067869e-01  -9.2153214e-01   6.6842819e-04  -1.1645590e-03  -1.3551280e-03
   2.0606086e-02   1.4775270e-01  -1.5360846e+00  -4.7424160e-03  -2.8160038e-03  -1.0000341e-03
   1.5835583e-02   2.0896109e-01  -1.4332308e+00  -3.6333023e-03  -1.4779124e-03  -7.7424766e-04
   2.0317716e-02   1.4156113e-01  -1.4295509e+00  -1.9825423e-03  -3.1108267e-03  -1.0408845e-03
   2.0439969e-02   1.5721504e-01  -1.4275569e+00  -3.9424932e-03  -2.4194939e-03  -1.0399526e-03
   3.7665981e-02   2.8156173e-01  -1.6481371e+00  -1.0348636e-02  -3.5755113e-04  -2.5393701e-03
   6.9992086e-03   2.6192778e-01  -1.4855399e+00  -9.6495568e-03  -1.0173066e-03  -1.9475928e-03
   2.2176706e-02   2.5955246e-01  -1.5226793e+00  -9.2829552e-03  -3.9043334e-03  -2.0258928e-03
   2.9469777e-02   2.4019087e-01  -1.4650535e+00  -8.8604788e-03  -4.2618062e-03  -2.1749761e-03
   1.5271592e-02   2.5554749e-01  -1.4813229e+00  -8.8124386e-03  -3.6590164e-03  -1.9745246e-03
   9.3396789e-03   2.5106318e-01  -1.4344780e+00  -7.4255164e-03  -3.0928978e-03  -1.5565986e-03
  -3.7570639e-03   1.0056357e-01  -6.5856984e-01  -9.4589121e-03   1.4099300e-03   4.7805606e-04
  -3.7912676e-03  -1.0298527e-01  -1.1259632e+00  -2.0588899e-03  -2.7191520e-03   6.4448755e-04
   5.3468413e-02  -1.5730091e-03  -1.2773515e+00  -2.7168247e-03  -1.1064129e-03  -1.0956658e-03
   3.5485778e-03   1.7920646e-01  -1.9877799e+00  -1.4320205e-02  -1.4177615e-03  -8.0210080e-05
  -1.8856008e-02   2.1210589e-01  -2.0072466e+00  -1.4273240e-02  -2.2467456e-03   2.6510393e-04
  -2.1080162e-02   1.6450850e-01  -1.9874940e+00  -1.4471279e-02  -1.3660842e-03   3.7740108e-04
  -4.0762944e-02   2.6715053e-01  -2.1435566e+00  -2.0673166e-02   1.0869695e-03   2.8774526e-04
  -2.6554669e-02   2.7429512e-01  -2.0522992e+00  -2.0387413e-02   6.9794568e-06  -1.0364786e-04
  -2.5758445e-02   2.6045555e-01  -1.9634359e+00  -1.9694490e-02   6.2042347e-04  -2.2979463e-04
  -2.7509328e-02   2.3346999e-01  -1.9025482e+00  -1.8601743e-02   8.2134259e-04  -2.5084802e-07
  -2.6203873e-02   2.6552474e-01  -1.9191974e+00  -1.8811426e-02   9.9228642e-04  -3.5289170e-05
  -1.6640716e-02   2.8300406e-01  -1.8848579e+00  -1.8530903e-02   6.5503439e-04   4.1190829e-04
  -1.1838699e-02   2.8192123e-01  -1.8829969e+00  -1.7493803e-02   5.0807791e-05   1.7660630e-04
  -3.0797695e-02   2.9486805e-01  -1.8569594e+00  -1.6482610e-02   2.7639268e-03  -3.9257927e-05
  -4.5052702e-02   2.5159686e-01  -1.7746273e+00  -1.6856375e-02   1.9235462e-03   6.6273309e-04
  -2.3591692e-02   2.7020102e-01  -1.7809522e+00  -1.7221163e-02   1.5363330e-03   8.2597379e-05
  -3.9496618e-02   2.0984578e-01  -1.7284535e+00  -1.6937151e-02   1.3396668e-03  -7.6406457e-05
  -2.7324589e-02   1.8622631e-01  -1.7342084e+00  -1.7247606e-02   1.5853800e-03   2.2047568e-04
  -4.6832986e-03   3.2222357e-01  -1.3629854e+00  -1.6008049e-02   2.6166717e-03  -1.2575101e-03
  -8.3249652e-03   2.9914058e-01  -1.3322134e+00  -1.5427241e-02   1.8714024e-03  -6.4550713e-04
  -2.2931555e-02   2.4771832e-01  -1.1920069e+00  -1.2739748e-02   3.1666493e-03  -6.6983617e-04
  -2.2959565e-02   2.5090208e-01  -1.1550395e+00  -1.1564786e-02   3.0813920e-03  -1.0778765e-03
  -1.3936199e-02   2.2470075e-01  -1.1673891e+00  -1.1276810e-02   2.7989756e-03  -1.0393567e-03
  -3.3849911e-03   2.3084779e-01  -1.1956687e+00  -1.2217089e-02   1.9871804e-03  -1.0935972e-03
   1.0386066e-02   2.3536617e-01  -1.2600212e+00  -1.2076608e-02   9.2293671e-04  -1.1196020e-03
  -1.8565257e-03   2.1083134e-01  -1.2338010e+00  -1.1595517e-02   1.7056291e-03  -9.3903636e-04
   5.5999506e-03   2.2954472e-01  -1.2277019e+00  -1.1561859e-02   1.2877676e-03  -1.0430927e-03
   4.5587553e-03   1.9719872e-01  -1.2444049e+00  -1.2025818e-02   1.4448997e-03  -1.1490811e-03
  -9.3259002e-03   1.8963367e-01  -1.2712715e+00  -1.1220782e-02   1.1001442e-03  -7.4583647e-04
  -2.4424971e-02   1.6208517e-01  -1.3187819e+00  -1.1977280e-02   3.0792492e-03  -6.7116427e-04
  -1.0729407e-02   1.5011365e-01  -1.2724658e+00  -9.7469502e-03   6.0926370e-04   3.6989512e-04
  -3.9555013e-02   2.5283737e-01  -1.1930499e+00  -1.7784305e-02   2.8105254e-03  -1.7708578e-03
   3.2911861e-02   8.7166226e-02  -4.6692419e-01  -2.1211380e-03   2.1710560e-03   9.7577600e-05
  -4.0648769e-02   1.4262414e-01  -3.7329166e-01  -1.1545858e-03   5.8316703e-03   2.9120541e-03
  -5.3112338e-02   1.3808906e-01  -6.7239841e-01  -2.1438420e-03   5.3414884e-03   4.1939312e-03
  -3.2812792e-02   8.1857599e-02  -6.7138597e-01  -2.8323076e-03   3.5571634e-03   3.3523756e-03
  -3.8582349e-02   1.2337682e-01  -6.5377521e-01  -2.8589214e-03   2.9423528e-03   3.3200396e-03
  -2.0346925e-02   7.0018405e-02  -6.3472922e-01  -1.9332222e-03   2.6830502e-03   2.7523744e-03
  -1.6138570e-02   9.3317602e-02  -6.2853427e-01  -2.5782591e-03   2.1235901e-03   2.6707799e-03
  -2.8223880e-02   1.2036966e-01  -6.0399003e-01  -2.2364103e-03   2.8079338e-03   2.8332033e-03
  -4.3383381e-02   1.3533176e-01  -6.3986517e-01  -6.6423696e-03   3.8303978e-03   7.4246485e-04
   5.7324092e-03   2.2428012e-01  -7.0178793e-01  -7.5758645e-03   1.4896818e-03  -1.6391610e-05
   2.5994179e-02   1.7809792e-01  -7.2044139e-01  -7.7250651e-03  -1.2661159e-04  -6.5628515e-04
   2.3940297e-02   1.9013864e-01  -7.2435308e-01  -6.3567772e-03  -1.2125909e-05  -5.2893511e-04
   6.1343543e-02   1.9375729e-01  -7.6660264e-01  -4.4337411e-03  -2.7975645e-03  -1.7546981e-03
   6.1287581e-02   2.2185810e-01  -8.1752737e-01  -5.3652427e-03  -2.8244043e-03  -1.5966890e-03
   4.5412659e-02   1.8879511e-01  -8.5071610e-01  -4.3793504e-03  -2.4896119e-03  -1.5724009e-03
   6.9457529e-02   1.6158445e-01  -9.0235372e-01  -3.8843131e-03  -4.5653990e-03  -7.3075108e-04
   1.2689082e-01   5.9773634e-02  -4.7164142e-01  -9.2956753e-03   3.4013365e-04  -3.0504137e-03
   1.0966576e-01   2.1913603e-01   1.3486726e-01   2.5149517e-03  -7.5706948e-04  -1.7293944e-03
  -2.5331991e-02   1.0527784e-01  -3.8292836e-01  -8.7446193e-04   3.3321879e-03  -6.0467327e-04
   9.3823974e-03   8.2226581e-02  -3.4266197e-01   9.1118453e-04   1.9077895e-03  -1.2047631e-03
   7.2223698e-03   2.1836040e-01  -5.3717115e-01  -4.6319598e-03   1.9808872e-03  -1.5929129e-03
   4.7275943e-02   1.5821612e-01  -3.3894207e-01  -3.6456926e-03   1.2724468e-03  -2.4441877e-03
   4.6161132e-02   1.3295996e-01  -3.7698354e-01  -3.6619139e-03   8.2859911e-04  -2.4610963e-03
   4.0846133e-02   1.4590302e-01  -3.6640475e-01  -3.4006667e-03   1.1455426e-03  -2.6297604e-03
   5.0840324e-02   1.4892729e-01  -4.0300269e-01  -3.1605030e-03   5.1371043e-04  -2.6702570e-03
   6.3423167e-02   1.5996524e-01  -4.0799729e-01  -2.8843922e-03  -4.8858210e-04  -2.8968238e-03
   4.7244450e-02   1.6972894e-01  -4.0556727e-01  -2.7587825e-03   2.6888410e-05  -2.6010652e-03
   5.0969027e-02   1.6401776e-01  -3.7020960e-01  -1.9428715e-03   2.1256950e-04  -2.6366670e-03
   1.0116131e-01   1.0855200e-01   9.2725006e-01   7.9233745e-03   6.6584918e-03  -1.8673541e-03
   1.2263055e-01   1.6128842e-01   9.6619824e-01   8.9182066e-03   6.1749530e-03  -2.6120573e-03
   9.6615874e-02   1.0874316e-01   8.9394740e-01   9.4164065e-03   6.7947174e-03  -2.2096722e-03
   9.3019869e-02   1.1128477e-01   6.7628417e-01   8.2545809e-03   5.5904560e-03  -1.8650062e-03
   9.3941492e-02   8.3243626e-02   6.5174439e-01   8.2261781e-03   6.1839612e-03  -1.9934907e-03
   8.2273806e-02   6.9650556e-02   6.2634245e-01   8.1094991e-03   5.8942323e-03  -1.9141232e-03
   1.0042486e-01   1.1945830e-01   5.9961622e-01   7.4671513e-03   5.3791012e-03  -2.1863238e-03
   1.0167347e-01   8.7163533e-02   5.8530627e-01   7.1060138e-03   5.0766572e-03  -2.2175077e-03
   8.6602910e-02   1.0047127e-01   5.5312693e-01   6.5194670e-03   4.9514139e-03  -1.9814124e-03
   8.8357752e-02   1.1024828e-01   5.1431200e-01   5.7676422e-03   5.0550051e-03  -1.6539526e-03
   9.2532601e-02   1.2718221e-01   4.8126400e-01   6.7877108e-03   3.7210661e-03  -1.8347064e-03
   1.0307914e-01   1.1091175e-01   4.9335192e-01   6.3764136e-03   4.0190104e-03  -2.0653731e-03
   1.1662672e-01   1.3827672e-01   5.0371655e-01   6.2991906e-03   7.1975049e-03  -3.1587529e-03
   1.2898138e-01   1.3492593e-01   2.8527764e-01   8.6599452e-03   2.8170524e-03  -2.0691146e-03
   8.1904790e-02   1.6711650e-01   3.4336036e-01   8.0838794e-03   2.5994009e-03  -1.5488354e-03
   7.6545949e-02   7.6044222e-02   3.7899919e-01   9.3446135e-03   2.9593188e-03  -1.9111326e-03
   9.4338860e-02   1.0826119e-01   1.9692689e-01   4.9472425e-03   1.2138598e-03  -2.4130598e-03
   1.2348315e-01   1.9349713e-01   2.1455865e-01   5.2628422e-03  -4.1914404e-04  -2.8272624e-03
   1.1986109e-01   1.7356748e-01   2.5732363e-01   6.6797896e-03  -2.3090582e-04  -2.6931025e-03
   1.1102343e-01   2.0092699e-01   2.2121238e-01   5.9681932e-03  -7.3312089e-05  -3.0159040e-03
   1.3058634e-01   1.7046538e-01   1.4230674e-01   5.9023139e-03  -6.1066820e-04  -3.3617306e-03
   1.0954274e-01   1.8706434e-01   1.7568182e-01   6.4057491e-03  -1.3639871e-04  -2.9032033e-03
   8.6582991e-02   2.4278870e-01   2.6263270e-02   6.6349766e-03   1.8960221e-03  -2.7253550e-03
   9.7778589e-02   1.6685566e-01   8.3478799e-02   6.9886236e-03   1.6586790e-03  -2.6576655e-03
   7.5236513e-02   1.7782409e-01   1.0492647e-01   6.2905351e-03   2.4949893e-03  -2.5555794e-03
   5.7370852e-02   1.2351958e-01   1.2166294e-01  -1.2268005e-03   4.0046847e-03  -1.7464356e-03
   8.2995218e-02   8.8514073e-02  -2.5371593e-01   5.6337578e-03  -5.4120391e-03  -2.9310960e-03
  -1.2510011e-02  -6.9106244e-02  -3.2613806e-02  -9.9595318e-04  -1.5327486e-03  -8.8533476e-04
   5.4216161e-02   1.5347961e-01  -1.1355233e+00  -1.0159660e-04  -2.6535905e-03  -9.1477245e-04
   5.1066860e-02   9.6608465e-02  -9.9522891e-01   2.0067923e-04  -3.2068047e-03  -7.9842382e-04
   7.9387853e-02   7.6698641e-02  -9.4142115e-01   4.9738571e-06  -3.8784058e-03  -1.2745107e-03
   7.2625965e-02   8.5764796e-02  -8.9123125e-01   3.7551160e-04  -4.2419866e-03  -1.5425763e-03
   7.9368203e-02   6.3338677e-02  -8.4687519e-01   4.6232246e-04  -4.9002980e-03  -1.5568473e-03
   8.5291567e-02   3.8270905e-02  -8.0218580e-01   2.2956504e-03  -3.2888424e-03  -1.9292866e-03
   6.7840403e-02   3.0131203e-02  -6.5568381e-01   2.6499223e-03  -3.6071902e-03  -1.2962867e-03
   9.1170712e-02   5.6876710e-02  -6.4210968e-01   2.1587201e-03  -4.0658876e-03  -1.4607370e-03
   8.1808197e-02   5.9736504e-02  -6.2990221e-01   2.2829182e-03  -4.1572366e-03  -1.4687166e-03
   6.8544212e-02   7.6273116e-02  -6.5399599e-01   2.3937859e-03  -4.5086717e-03  -1.2204791e-03
   9.7204297e-02   1.2186807e-01  -7.0337174e-01  -2.4066894e-03  -5.8455823e-03  -2.1585909e-03
   1.2027753e-01   1.9912331e-01  -4.4383925e-01  -2.9387171e-03  -3.2472177e-03  -3.8430671e-03
   1.2198697e-01   1.9274388e-01  -4.4580185e-01  -3.4611615e-03  -3.4047620e-03  -4.0120039e-03
   1.2678853e-01   1.8183409e-01  -4.6753878e-01  -3.2704186e-03  -3.2528853e-03  -4.1476071e-03
   1.3720309e-01   1.6144471e-01  -4.8176700e-01  -2.8227435e-03  -3.4761886e-03  -4.4932122e-03
   1.4986936e-01   1.6184774e-01  -5.0188910e-01  -1.2932441e-03  -2.9614400e-03  -4.3809211e-03
   1.1365968e-01   2.3433368e-01  -6.8987433e-01  -3.7128052e-03  -3.1429223e-03  -3.7789566e-03
   1.1252670e-01   2.3361265e-01  -6.9542874e-01  -4.1675407e-03  -3.3741580e-03  -3.8672312e-03
   1.1459545e-01   2.1131961e-01  -6.7532744e-01  -3.5834129e-03  -3.7971626e-03  -3.4456365e-03
   1.1105147e-01   2.2021603e-01  -6.6776945e-01  -3.1107780e-03  -4.1416228e-03  -3.5482197e-03
   1.2413496e-01   2.0400133e-01  -6.6145437e-01  -3.4389019e-03  -4.0201523e-03  -3.7805342e-03
   1.2711099e-01   1.9325699e-01  -6.8199776e-01  -3.0906986e-03  -4.3637756e-03  -3.6414257e-03
   1.2743423e-01   2.0535108e-01  -6.8205378e-01  -3.0120889e-03  -3.6735774e-03  -3.9109379e-03
   1.1248313e-01   1.8336144e-01  -6.4568239e-01  -1.9220201e-03  -3.4560132e-03  -3.8463131e-03
   1.3467532e-01   1.8990526e-01  -6.2481647e-01  -2.2741660e-03  -3.3821356e-03  -4.0835065e-03
   1.1632868e-01   1.8571015e-01  -6.3684379e-01  -1.9578289e-03  -3.4423449e-03  -3.9030592e-03
   1.2725691e-01   1.1284257e-01  -6.6616872e-01  -2.2245784e-03  -3.1163592e-03  -3.9007123e-03
   1.6432419e-01   1.6758628e-01  -5.2084625e-01   2.3078351e-03  -6.5677648e-03  -4.3984616e-03
   1.5365580e-01   1.6909082e-01  -4.3067236e-01   2.3986595e-03  -5.4664705e-03  -4.2876624e-03
   1.5077147e-01   1.6332577e-01  -4.3329442e-01   2.3453796e-03  -5.7462864e-03  -4.2368231e-03
   1.4595006e-01   1.5993182e-01  -4.6856414e-01   2.3893965e-03  -5.5137187e-03  -4.2922763e-03
   1.5851539e-01   1.6044342e-01  -6.5756300e-01   2.5198641e-03  -6.6676792e-03  -3.7372534e-03
   1.4579243e-01   1.7474792e-01  -5.6082376e-01   2.6508405e-03  -6.2941487e-03  -3.5914558e-03
   1.5309103e-01   1.5653174e-01  -4.8395796e-01   2.9052526e-03  -5.9807128e-03  -4.2502812e-03
   1.6076347e-01   1.5341056e-01  -5.6883239e-01   3.0035947e-03  -6.3888778e-03  -3.7479699e-03
   1.4547773e-01   1.4491285e-01  -5.4251524e-01   3.5141825e-03  -6.5895957e-03  -3.6866153e-03
   1.0386894e-01   2.0296791e-01  -8.0623807e-01   4.3827215e-03  -7.3526299e-03  -2.0994156e-03
   1.2873876e-01   2.1291832e-01  -6.5738330e-01   6.0742033e-03  -8.1625995e-03  -2.6851085e-03
   1.2189030e-01   2.0101684e-01  -6.7646878e-01   6.2835705e-03  -8.2422090e-03  -2.6456769e-03
   1.2920899e-01   2.0066301e-01  -6.8905407e-01   5.9913443e-03  -8.6796904e-03  -2.7794721e-03
   1.2623118e-01   1.6916557e-01  -6.3308711e-01   7.1023317e-03  -9.1140581e-03  -2.9042083e-03
   1.4190563e-01   1.8629017e-01  -6.5280792e-01   6.6944147e-03  -9.1708243e-03  -2.8901236e-03
   1.3848001e-01   2.1332406e-01  -6.3283591e-01   6.4827367e-03  -8.9576895e-03  -3.0811822e-03
   1.3285428e-01   1.8236492e-01  -6.6225846e-01   7.0902771e-03  -8.4553191e-03  -2.9073083e-03
   1.3320190e-01   1.7337863e-01  -6.5630677e-01   6.7621748e-03  -9.1612148e-03  -2.6219849e-03
   1.2057578e-01   2.4474915e-01  -9.0341465e-01   2.3701223e-03  -6.6380957e-03  -3.4382687e-03
   1.3659943e-01   2.7885148e-01  -7.9946211e-01   2.2350415e-03  -8.9926316e-03  -3.0317665e-03
   1.4343864e-01   2.7344818e-01  -8.1677299e-01   1.8152473e-03  -9.0973468e-03  -3.2736584e-03
   1.4400080e-01   2.4365698e-01  -7.9809369e-01   2.0335320e-03  -8.3160120e-03  -3.4647937e-03
   1.2813162e-01   1.9699671e-01  -7.9480292e-01   3.1123795e-03  -6.8419458e-03  -2.9803252e-03
   1.6630511e-01   2.6959856e-01  -6.6865601e-01   4.6545010e-03  -8.6429178e-03  -2.9320794e-03
   1.4349450e-01   2.4079650e-01  -6.6869853e-01   3.9077882e-03  -8.5603087e-03  -2.5633617e-03
   1.5277399e-01   2.5469098e-01  -7.2463623e-01   3.4608311e-03  -8.9483052e-03  -2.6869705e-03
   1.5593374e-01   2.3003659e-01  -7.6987315e-01   3.7943949e-03  -8.7700198e-03  -2.7238785e-03
   1.1992799e-01   2.6096496e-01  -8.6202673e-01   1.7396587e-03  -7.4092519e-03  -2.0883333e-03
   1.4552499e-01   2.8882274e-01  -8.0272270e-01   1.9739397e-03  -8.8518132e-03  -2.4781113e-03
   5.9449356e-02   1.5926275e-01  -7.7443561e-01   4.6246441e-03  -2.5745041e-03  -1.3693578e-04
   9.6364289e-02   1.7103314e-01  -7.9310045e-01   3.5617340e-03  -4.4774282e-03  -9.5314727e-04
   1.2651481e-01   1.5810941e-01  -6.2359866e-01   4.9482278e-03  -6.5141191e-03  -1.4235298e-03
   1.2224316e-01   2.5371310e-01  -1.1978117e+00   6.7595625e-03  -1.0368324e-02  -1.2946247e-03
   1.3623076e-01   2.8156761e-01  -1.1773169e+00   6.5472479e-03  -1.0626445e-02  -1.4154790e-03
   1.1878072e-01   2.7943940e-01  -1.1618493e+00   7.8515621e-03  -9.5524578e-03  -1.1564619e-03
   1.1588405e-01   2.3551310e-01  -1.1697141e+00   8.0273590e-03  -9.1594271e-03  -1.4207039e-03
   1.1652866e-01   2.7091406e-01  -1.1583313e+00   7.0159822e-03  -9.9026101e-03  -1.3939164e-03
   1.2070178e-01   2.8481644e-01  -1.1415682e+00   6.5160423e-03  -1.0334446e-02  -1.4771682e-03
   1.2619968e-01   2.6676682e-01  -1.1304338e+00   7.4263926e-03  -1.0396383e-02  -1.4818995e-03
   1.2942677e-01   2.7378178e-01  -1.1533270e+00   7.2679641e-03  -1.0317607e-02  -1.5571582e-03
   1.2256035e-01   2.6656673e-01  -1.1404413e+00   8.3911330e-03  -1.0159507e-02  -1.6255794e-03
   1.1424690e-01   2.2492538e-01  -1.0874542e+00   8.5053614e-03  -9.9447276e-03  -1.2253210e-03
   1.4547484e-01   3.5609305e-01  -1.3526325e+00   2.0038310e-03  -8.0692560e-03  -3.2564272e-03
   1.3805636e-01   3.1755514e-01  -1.2009895e+00   2.9447259e-03  -9.9561331e-03  -3.1063953e-03
   1.4352488e-01   3.6042348e-01  -1.2306566e+00   2.6344117e-03  -1.0471763e-02  -3.1450480e-03
   1.3692611e-01   3.1926271e-01  -1.2618185e+00   2.6887817e-03  -9.9078078e-03  -3.0266018e-03
   1.4089029e-01   3.2158283e-01  -1.2000184e+00   3.7494009e-03  -1.0370396e-02  -3.1279345e-03
   1.5980785e-01   3.1341998e-01  -1.5995993e+00   1.2261366e-03  -1.1646545e-02  -2.8947457e-03
   7.7045313e-02   3.4679020e-01  -1.6574380e+00   2.2641773e-03  -9.3105566e-03  -1.0820589e-03
   1.0743928e-01   3.0839929e-01  -1.4930224e+00   2.8879592e-03  -9.7800632e-03  -1.6476889e-03
   1.0543036e-01   3.3923784e-01  -1.4617066e+00   3.0898826e-03  -9.8102785e-03  -2.1297068e-03
   1.2814160e-01   3.0780186e-01  -1.4602543e+00   2.8643218e-03  -1.0118959e-02  -2.0981387e-03
   8.8519549e-02   1.7907359e-01  -1.3083152e+00  -1.7638983e-03  -4.8829136e-03  -1.6002308e-03
   4.7696958e-02   3.4403681e-01  -8.2112553e-01  -1.1263953e-02  -8.2723768e-04  -3.4240756e-05
   1.2350465e-01   1.7165187e-01  -2.3537301e-01   9.9668808e-03  -3.4741460e-03  -2.5519816e-03
   1.4096417e-01   1.5965840e-01  -3.7995310e-01   9.8438540e-03  -4.7395306e-03  -2.7746737e-03
   1.3805998e-01   1.9589847e-01  -4.0822770e-01   9.1052663e-03  -4.1905655e-03  -2.5075595e-03
   1.3436619e-01   2.5845317e-01  -6.7294127e-01   7.3848414e-03  -7.8449704e-03  -1.9405873e-03
   1.4319927e-01   2.0234006e-01  -5.6207712e-01   8.9910146e-03  -6.5082587e-03  -2.2624309e-03
   8.5465514e-02   7.6053652e-02  -5.6546231e-01  -4.0623651e-03   4.1780064e-03  -1.3434383e-03
   1.1397940e-01   1.4387454e-01  -2.9756827e-01   5.3471176e-03   2.0765827e-03  -2.2410910e-03
   1.3090807e-01   1.3016188e-01  -3.6189771e-01   5.5559312e-03   5.0562777e-04  -2.9578229e-03
   1.4742294e-01   1.4435915e-01  -3.1553588e-01   5.7508928e-03  -8.6151696e-04  -3.2805070e-03
   1.5619895e-01   1.0981757e-01  -2.7733115e-01   6.4385390e-03  -5.0000156e-04  -3.3327555e-03
   1.4675213e-01   1.2678353e-01  -2.7391618e-01   6.2190768e-03  -4.7293298e-04  -3.1824349e-03
   1.4426039e-01   1.0909669e-01  -2.7140836e-01   6.3339881e-03   5.7642859e-05  -3.0846490e-03
   1.3749529e-01   1.1674523e-01  -2.9221307e-01   5.6232557e-03  -1.7345915e-04  -2.9917415e-03
   1.3433231e-01   1.3773132e-01  -2.8272466e-01   5.9448567e-03  -3.3620059e-04  -3.1117104e-03
   1.3009216e-01   1.2376866e-01  -2.6844717e-01   5.9340884e-03  -5.9109268e-05  -3.0024928e-03
   1.4082471e-01   1.5402384e-01  -2.6576960e-01   5.3957680e-03  -5.7814023e-04  -3.1690357e-03
   1.3007944e-01   1.0549755e-01  -2.3292793e-01   6.2410833e-03  -4.2082372e-04  -2.7986392e-03
   1.4584845e-01   1.4626360e-01  -2.6994057e-01   6.2486717e-03  -4.9001879e-05  -3.3628956e-03
   9.0847943e-02   1.4921933e-01  -2.6846987e-01   6.7698764e-03   3.4502691e-03  -2.2041578e-03
   1.1070197e-01   1.7982609e-01  -4.2965619e-01   4.8338058e-03   1.0117662e-03  -1.8466377e-03
   1.2339487e-01   1.8369181e-01  -4.3315031e-01   5.0055803e-03   3.2191640e-04  -2.2427241e-03
   1.2923801e-01   1.6153381e-01  -4.5104089e-01   5.5112736e-03   6.8133956e-05  -2.4069737e-03
   1.0887356e-01   1.9166390e-01  -4.8374424e-01   6.3947447e-04   4.7618056e-05  -2.4688346e-03
   1.2597596e-01   2.6704468e-01  -6.8303811e-01   1.0397120e-03  -1.5862641e-03  -2.6860625e-03
   1.4104911e-01   2.0302032e-01  -6.4923311e-01   1.9645694e-03  -2.1346563e-03  -2.7395289e-03
   1.4312953e-01   2.4308135e-01  -7.2034444e-01   1.8864939e-03  -3.0625423e-03  -2.9576127e-03
   1.6201820e-01   1.5835256e-01  -7.1206539e-01   5.5927446e-04  -2.9886579e-03  -3.3443439e-03
   9.1787032e-02   4.3380880e-02  -4.6728658e-01  -2.8543099e-03  -5.4022139e-03   1.9483611e-03
   9.0033517e-02   1.9334800e-01  -7.1565615e-01   3.3871757e-03  -2.2206828e-03   6.8928828e-04
   8.5391333e-02   2.5474523e-01  -2.3189093e+00  -6.0673104e-03  -8.8391654e-03  -1.1015276e-03
   6.0797336e-02   2.6823421e-01  -2.3686193e+00  -6.7347510e-03  -7.8230167e-03  -4.3487070e-04
   6.4454637e-02   2.3642134e-01  -2.3354725e+00  -7.4063007e-03  -8.1114854e-03  -7.3451761e-04
   7.3107295e-02   1.9249241e-01  -2.2659501e+00  -6.9732728e-03  -8.2083448e-03  -7.1183005e-04
   8.3546920e-02   2.3058722e-01  -2.2334506e+00  -8.9966735e-03  -8.3891626e-03  -5.8331010e-04
   1.3189203e-01   2.4121360e-01  -1.8206817e+00  -8.2475164e-03  -8.0164557e-03  -2.0985250e-03
   1.3847031e-01   2.5167103e-01  -1.7369489e+00  -7.1187185e-03  -8.1420660e-03  -1.7676054e-03
   1.3197552e-01   2.4078160e-01  -1.7263077e+00  -5.9005887e-03  -7.6067579e-03  -1.7449503e-03
   1.2350614e-01   2.4987847e-01  -1.8642081e+00  -6.8850815e-03  -8.1021893e-03  -1.4646362e-03
   1.3657160e-01   2.2317344e-01  -5.3394034e-01  -1.0565607e-02  -2.6353677e-03   8.5143501e-04
   2.5784687e-01   1.4708652e-01   1.5187183e-01   8.8759257e-03  -7.8159557e-03   9.1958090e-04
   2.0184312e-01   1.4642475e-01  -2.9194421e-01   4.6822606e-03  -9.5321455e-03   1.5153718e-04
   1.7872711e-01   1.3758934e-01  -2.3747416e-01   3.8064242e-03  -8.2525197e-03   4.2968880e-04
   1.8803713e-01   1.1991297e-01  -9.2542228e-02   5.2900498e-03  -6.4959150e-03  -5.9335739e-05
   1.7621467e-01   1.1625130e-01  -1.5314672e-02   6.3700107e-03  -5.5862624e-03  -3.1479046e-05
   1.8538545e-01   9.8847823e-02  -3.2777367e-03   6.9125960e-03  -4.9098108e-03  -2.5842480e-04
   1.6817653e-01   1.1210936e-01   2.3908732e-02   7.3103430e-03  -4.1892140e-03  -2.1870441e-04
   1.3097181e-01   1.6118296e-01  -1.8944183e-01   2.1755407e-03  -1.9947790e-03  -9.0275312e-04
   1.6215801e-01   1.6742665e-01  -2.1689002e-01   7.6941687e-04  -3.2419336e-03  -1.2872414e-03
   1.9513304e-01   1.2708882e-01  -1.8271447e-01   3.2269926e-03  -5.6603418e-03  -1.5574183e-03
   1.7312274e-01   1.5013773e-01  -1.8745962e-01   2.0178916e-03  -5.7370917e-03  -1.0670978e-03
   1.7635981e-01   1.2642421e-01  -1.4768889e-01   2.1384182e-03  -4.7787797e-03  -1.4509440e-03
   1.6934305e-01   1.6922045e-01  -1.5862724e-01   2.3951869e-03  -4.4185812e-03  -1.1392892e-03
   1.7200947e-01   1.7180924e-01  -1.6455003e-01   2.4760038e-03  -4.2976334e-03  -1.2216707e-03
   1.6106419e-01   1.3500978e-01  -1.6419544e-01   3.0305320e-03  -3.6790558e-03  -1.1817650e-03
   1.3359227e-01   1.6942541e-01  -2.5142051e-01   1.2668173e-03  -2.6212612e-03  -2.1127294e-04
   7.9162339e-02  -1.1618348e-02  -8.0618954e-02  -3.1676884e-03   3.3346566e-03  -4.3377786e-04
   9.0924279e-02   1.0317640e-01  -6.0860678e-01   1.8239203e-03   1.1988109e-03  -4.1227238e-04
   1.0577041e-01   1.9960661e-01  -1.2477276e+00  -5.0543575e-03  -2.3085138e-03   4.8900038e-04
   1.3597857e-01   3.1382030e-01  -1.3459541e+00  -9.1873152e-03  -2.2295337e-03  -8.7252754e-04
   1.3113458e-01   3.0394221e-01  -1.3088254e+00  -8.7988885e-03  -4.4018701e-03  -6.1243403e-04
   1.3727959e-01   2.9368844e-01  -1.2179435e+00  -7.8299860e-03  -4.1497088e-03  -1.0365856e-03
   1.2571375e-01   2.7159682e-01  -1.2417320e+00  -8.4157486e-03  -4.3323357e-03  -1.1280923e-03
   1.3408464e-01   2.7468327e-01  -1.2204423e+00  -8.5050233e-03  -4.1749930e-03  -1.9120916e-03
   1.4074722e-01   2.8444595e-01  -1.1159298e+00  -8.7168076e-03  -3.5924436e-03  -1.7607056e-03
   1.1950493e-01   3.0949563e-01  -1.0998562e+00  -7.8013350e-03  -4.1126316e-03  -1.6823176e-03
   1.0966825e-01   2.7287695e-01  -1.0664216e+00  -7.0404614e-03  -3.2876568e-03  -1.5372204e-03
   1.1711081e-01   2.6074363e-01  -1.0661905e+00  -6.9104188e-03  -3.8191100e-03  -1.8840964e-03
   1.1864974e-01   2.8429978e-01  -1.0785434e+00  -7.2133702e-03  -3.5243390e-03  -1.9401090e-03
   1.2800880e-01   2.1428210e-01  -1.1066030e+00  -5.2177807e-03  -3.6890986e-03  -1.5619066e-03
   1.1217560e-01   3.3206028e-01  -1.1233489e+00  -1.1154835e-02  -4.8845068e-03  -3.0963749e-03
   1.0355458e-01   3.9378431e-01  -1.4137267e+00  -1.0218827e-02   2.5818316e-04  -1.9397855e-03
   1.2547747e-01   3.8039505e-01  -1.3440620e+00  -1.1156492e-02  -3.4407665e-03  -2.2892088e-03
   1.2540743e-01   3.5321016e-01  -1.3173732e+00  -1.0240919e-02  -3.4917672e-03  -2.6167430e-03
   1.2704310e-01   3.3962422e-01  -1.3039873e+00  -9.9648540e-03  -3.4937652e-03  -2.7769969e-03
   1.3842524e-01   3.4517677e-01  -1.3070339e+00  -9.2434982e-03  -3.9552977e-03  -3.0957811e-03
   1.2567664e-01   3.4248563e-01  -1.2722905e+00  -9.1904410e-03  -4.7088178e-03  -2.8242295e-03
   1.3467676e-01   3.4447528e-01  -1.2422759e+00  -9.1288550e-03  -4.9503631e-03  -2.9090274e-03
   7.2676844e-02   1.9601071e-01  -1.1885189e+00  -1.5243666e-02  -2.0316069e-03  -1.8501307e-03
   9.3443724e-02   9.2507978e-02  -9.1807608e-01  -1.0314259e-02  -4.2671308e-03   9.9365353e-04
  -1.8773677e-02   5.5499249e-02  -1.5293978e+00  -1.6270968e-02   1.2692121e-03   1.0987605e-03
  -2.9245882e-03   2.7903476e-01  -1.9556331e+00  -1.2766101e-02   5.6456255e-03  -5.1452865e-05
  -1.0298554e-03   3.6128850e-01  -1.9065079e+00  -1.8824276e-02   4.4808044e-03   1.0878196e-03
   2.6484212e-02   3.2137574e-01  -1.6669014e+00  -1.4541528e-02   6.2644035e-03  -2.2703527e-04
   2.7134480e-03   2.4276890e-01  -1.4657522e+00  -1.3070573e-02   5.9411208e-03  -2.8671262e-04
   3.2899432e-03   2.3498392e-01  -1.3742865e+00  -1.1508845e-02   6.5318163e-03  -6.0272329e-04
   2.6938453e-04   2.2451164e-01  -1.3016543e+00  -1.0685925e-02   6.2785027e-03  -6.7897754e-04
   3.7188698e-03   2.7812875e-01  -1.3258633e+00  -1.0708864e-02   6.5628435e-03  -5.1276496e-04
   2.9929598e-03   2.3239424e-01  -1.2397460e+00  -9.5979635e-03   7.0931593e-03  -6.2031148e-04
   4.5141606e-02   2.6406760e-01  -1.2068480e+00  -9.3183263e-03   4.6356935e-03  -1.1241996e-03
   5.5105496e-02   2.4374846e-01  -1.1467450e+00  -8.1689272e-03   4.9139514e-03  -1.4262315e-03
   5.0752121e-02   2.6025737e-01  -1.1538185e+00  -8.0695830e-03   4.4361784e-03  -1.4922458e-03
   4.6276227e-02   2.4354396e-01  -1.1436104e+00  -7.5127697e-03   4.5593733e-03  -1.1557554e-03
   5.2639208e-02   2.4883011e-01  -1.1321135e+00  -7.4130313e-03   4.3434017e-03  -1.4227905e-03
   6.6539317e-02   1.8889095e-01  -1.0931787e+00  -7.3806781e-03   5.2774462e-03  -1.0137391e-03
   4.3308707e-02   2.3791508e-01  -6.3767010e-01  -4.0896653e-04   6.6857063e-03   2.0530569e-04
   5.0686742e-02   2.2033442e-01  -7.2488303e-01  -1.8920909e-03   5.8247121e-03   5.6328633e-04
   4.3953786e-02   2.3638885e-01  -7.6587168e-01  -2.2125497e-03   4.7463952e-03   8.5983595e-04
   4.8107759e-02   2.2409825e-01  -7.4752207e-01  -2.2388963e-03   4.8802905e-03   6.6213175e-04
   7.8981118e-02   2.2847444e-01  -7.3692336e-01  -2.2009580e-03   4.6751620e-03   9.7287200e-05
   3.8249339e-02   1.5291396e-01  -3.2113634e-01  -2.2053295e-03   5.0317069e-03   9.3021046e-04
   5.5355540e-02   1.2444612e-01  -6.7123100e-01  -3.0614256e-03   2.0311610e-03   8.6222357e-04
   6.2938935e-02   2.0009725e-01  -7.9184722e-01  -1.7786679e-03   3.3938973e-04   2.3846020e-03
   1.0484288e-01   1.9384279e-01  -7.9718245e-01  -2.3908213e-03  -1.3875133e-03   1.3068077e-03
   1.0930568e-01   1.7792810e-01  -7.1503883e-01   5.4198947e-04  -3.7663939e-03   8.6292704e-04
   1.2727573e-01   1.8589622e-01  -6.9032066e-01   5.7842965e-04  -4.1495105e-03   4.0557851e-04
   1.1963185e-01   1.6498044e-01  -5.9961273e-01   1.5416573e-03  -4.3236666e-03   3.5173651e-04
   1.4309723e-01   1.8181584e-01  -6.2840199e-01   1.4340192e-03  -4.3510290e-03  -1.5358506e-04
   1.2590631e-01   1.6792581e-01  -6.1317879e-01   8.4501567e-04  -4.1808466e-03  -2.2316038e-05
   1.3005916e-01   1.6381895e-01  -5.9441816e-01   2.2310751e-03  -3.6164053e-03  -1.3663333e-04
   1.3418643e-01   1.8613399e-01  -5.8288468e-01   2.8951965e-03  -5.0299461e-03  -6.4060361e-05
   1.4321587e-01   2.0163308e-01  -5.9699904e-01   1.8959422e-03  -4.9873630e-03  -7.6368701e-04
   1.5691339e-01   1.9323440e-01  -5.7025362e-01   3.0282165e-03  -6.3620659e-03  -7.2558184e-04
   1.5992674e-01   2.2358315e-01  -6.0182360e-01   2.1810181e-03  -6.3112796e-03  -8.9737176e-04
   1.7984790e-01   1.6451734e-01  -6.1133201e-01   2.8239479e-03  -7.3437318e-03  -8.5349110e-04
   1.7341976e-01   1.8323929e-01  -6.5569615e-01   1.4061922e-03  -6.6480798e-03  -9.6788386e-04
   1.6273502e-01   1.9530014e-01  -6.8988773e-01   2.6618826e-03  -8.1522440e-03  -7.6510305e-04
   1.4862768e-01   1.7082757e-01  -6.0112909e-01   2.3733957e-03  -4.2452362e-03  -1.0707313e-03
   1.3713315e-01   2.0996630e-01  -6.6194118e-01   1.7656815e-03  -4.1058101e-03  -7.5042872e-04
   1.3585323e-01   1.4481793e-01  -6.1816028e-01   2.1173100e-03  -4.8217264e-03  -5.5148280e-04
   1.4889874e-01   1.8774134e-01  -6.1491085e-01   2.7114728e-03  -4.7541477e-03  -8.7989323e-04
   1.4469488e-01   1.6901748e-01  -6.0354442e-01   3.3649548e-03  -5.2843779e-03  -6.6737664e-04
   1.6358308e-01   6.4879065e-02  -7.7714883e-01  -4.5990393e-03  -4.5012690e-03  -8.4651336e-04
   1.0240286e-01   1.9736396e-01  -9.5518909e-01  -1.7277870e-03   1.5821369e-03   6.7033602e-04
   1.2147652e-01   2.1092893e-01  -6.8401913e-01   2.2202141e-03   9.9388767e-05   4.1844752e-04
   1.3731406e-01   2.0273668e-01  -6.4564721e-01   2.0821939e-03  -1.0131840e-03   3.4636082e-05
   1.4817450e-01   1.8345013e-01  -6.2838446e-01   1.8704276e-03  -1.8060667e-03  -8.7126922e-05
   1.3641078e-01   2.1066583e-01  -5.8814199e-01   1.5459303e-03  -1.8992949e-03  -2.2785454e-04
   1.0715002e-01   2.4036003e-01  -5.2771958e-01  -1.8468623e-04   1.5825041e-03  -5.0939296e-05
   1.2134526e-01   1.4106925e-01  -4.3141226e-01   4.5524335e-03   2.2657164e-03   5.0326977e-04
   1.0953534e-01   1.2211020e-01  -4.0339187e-01   5.0238720e-03   2.2396026e-03   9.7267438e-04
   1.0656500e-01   2.0805732e-01  -3.8093285e-01   4.7356620e-03   1.2968536e-03   1.1527550e-03
   1.0934523e-01   1.7504922e-01  -3.5264658e-01   5.2917015e-03   9.1342077e-04   1.1070284e-03
   1.2236643e-01   1.9142572e-01  -3.5549574e-01   5.6108319e-03   8.1807326e-04   9.2916342e-04
   1.2473017e-01   1.8976000e-01  -3.6917738e-01   6.4503157e-03   1.2418095e-03   5.8487860e-04
   1.2063901e-01   2.2558447e-01  -3.9057908e-01   5.5524454e-03   4.2226969e-04   8.7124345e-04
   1.3723301e-01   1.7449131e-01  -3.5586720e-01   5.4205610e-03  -2.1657796e-04   6.4669819e-04
   1.3203821e-01   2.1167115e-01  -4.1192303e-01   4.5203727e-03  -5.4784544e-04   6.2541026e-04
   1.2021328e-01   2.0076578e-01  -4.4157334e-01   5.8154370e-03   2.6153689e-05   8.8204388e-04
   1.2717821e-01   2.1573437e-01  -4.1847400e-01   5.4582472e-03   7.0697291e-04   9.8568110e-04
   9.1777570e-02   2.3261057e-01  -3.8481996e-01   6.4106227e-03   1.9504174e-03   2.0067929e-03
   1.1816729e-01   2.1263245e-01  -4.5684360e-01   5.5388432e-03   7.5887678e-04   1.2442427e-03
   1.6552042e-02   2.7196284e-02  -3.4731194e-01  -1.4853487e-03  -7.1439979e-04   3.3513174e-03
   2.0362448e-01   1.2728127e-01  -6.1591181e-01   1.0695768e-02  -1.0755103e-03   2.1251142e-04
  -5.5518354e-02   3.0379834e-01  -2.8173018e+00  -8.6980872e-03  -2.1946497e-03   1.5118307e-03
  -3.0792783e-02   2.7541442e-01  -3.0063599e+00  -1.2089294e-02  -3.8068222e-03   1.2152890e-03
  -2.4685454e-02   3.3241558e-01  -3.0947249e+00  -1.4373344e-02  -3.3152892e-03   6.3044299e-04
  -3.4772565e-02   3.1065787e-01  -3.1226695e+00  -1.5394296e-02  -3.0375813e-03   3.4017954e-04
  -4.2330857e-02   3.3687919e-01  -3.1072815e+00  -1.6542650e-02  -2.5604933e-03   3.9512175e-04
  -3.8128507e-02   2.8404392e-01  -3.0280650e+00  -1.5040684e-02  -2.9121093e-03   4.6437138e-04
   3.9930820e-03   2.9429279e-01  -2.9349612e+00  -1.4017395e-02  -3.7330506e-03  -3.5490099e-04
   4.9135797e-03   2.8094628e-01  -2.9266764e+00  -1.4753255e-02  -4.1586928e-03  -2.8277841e-04
   6.3962454e-03   2.8876124e-01  -2.9013080e+00  -1.4354280e-02  -3.9858519e-03  -3.4145458e-04
   1.1954000e-02   2.8183930e-01  -2.8677252e+00  -1.4235328e-02  -3.8154873e-03  -5.7288447e-04
   1.1739997e-02   2.9563752e-01  -2.8493909e+00  -1.3510140e-02  -4.1516865e-03  -2.9682999e-04
  -1.0722543e-03   2.7411511e-01  -2.7868477e+00  -1.3180746e-02  -4.0230195e-03  -2.3854237e-04
   6.8653928e-03   3.1261909e-01  -2.7828987e+00  -1.2630191e-02  -4.3709923e-03  -1.5954512e-05
   1.1156613e-02   3.0923507e-01  -2.7929418e+00  -1.1954968e-02  -4.0231257e-03  -3.2187295e-04
   1.3566054e-02   2.9685964e-01  -2.7760172e+00  -1.1455023e-02  -4.3261691e-03  -2.1715733e-04
   3.4622411e-02   3.3661021e-01  -2.8949757e+00  -1.2449486e-02  -4.9238216e-03   2.1370977e-05
   4.9858432e-02   3.0868078e-01  -2.5443952e+00  -8.4603504e-03  -2.8064806e-03   1.8650119e-04
   4.6615459e-02   2.8803586e-01  -2.5446568e+00  -8.4280576e-03  -2.7908556e-03   2.8527797e-04
   2.9285713e-02   3.2262139e-01  -2.6253852e+00  -9.7017227e-03  -2.6469187e-03   4.7182366e-04
   1.6225375e-03   2.7571841e-01  -2.5339327e+00  -8.8319181e-03  -2.3135184e-03   1.0340290e-03
   6.3382665e-02   3.2987827e-01  -2.5258067e+00  -7.6217554e-03  -3.7314501e-03   6.2414237e-04
   6.5388994e-02   3.0954220e-01  -2.3725174e+00  -6.6714937e-03  -4.2633181e-03   3.3816872e-04
   6.3635896e-02   2.6176578e-01  -2.3952287e+00  -6.7064008e-03  -4.1205723e-03   4.2885549e-04
   6.5508530e-02   3.0011548e-01  -2.4047650e+00  -6.9485516e-03  -4.0643441e-03   3.3957657e-04
   5.4755542e-02   3.0478680e-01  -2.3993020e+00  -7.1780839e-03  -4.3792004e-03   3.1268714e-04
   4.7613067e-02   3.0074693e-01  -2.4469890e+00  -5.3961778e-03  -2.3742394e-03   4.7983128e-04
   6.7985091e-02   3.1856970e-01  -2.4259462e+00  -5.5779311e-03  -3.9001237e-03   9.2896417e-04
   4.7130892e-02   3.3826388e-01  -2.4602428e+00  -6.1915004e-03  -3.8760034e-03   1.0203548e-03
   2.5300469e-02   3.3412162e-01  -2.4444966e+00  -5.4003892e-03  -2.8640663e-03   1.6401246e-03
   6.0911825e-02   3.4638327e-01  -2.4870749e+00  -8.7590647e-03  -5.6127271e-03   1.2061833e-03
   3.7450416e-02   2.8236048e-01  -2.4522754e+00  -5.3653522e-03  -7.0704884e-04   1.1043976e-03
   7.3097529e-02   3.0567552e-01  -2.3051371e+00  -3.6511673e-03  -5.7661900e-03   1.9811228e-03
   9.6441328e-02   3.0070243e-01  -2.3763127e+00  -5.9898649e-03  -6.0996748e-03   1.1151952e-03
   7.7432110e-02   3.0635757e-01  -2.2787278e+00  -5.2602785e-03  -4.9877148e-03   1.3712401e-03
   3.1458594e-02   2.3759426e-01  -1.8198388e+00  -2.5841295e-02  -2.1592876e-03   3.4055050e-03
   1.5917213e-01   9.8736523e-02  -7.9452905e-01  -6.8579980e-03  -3.7349706e-03   2.9343532e-03
   2.2087915e-01   1.7427130e-01  -2.2018400e-01   7.2024744e-03  -6.2521075e-03   1.5318529e-04
   2.2168996e-01   2.0940137e-01  -1.9643639e-01   7.1472111e-03  -5.8589052e-03  -1.0485072e-04
   2.1867113e-01   1.4273755e-01  -2.1196924e-01   7.4300072e-03  -5.6706190e-03   1.0714262e-04
   2.2167650e-01   1.3217997e-01  -2.1273713e-01   7.7443757e-03  -4.5664164e-03  -2.1929416e-04
   2.0760152e-01   1.3302060e-01  -1.9245054e-01   8.5437734e-03  -4.7765828e-03  -2.2656879e-04
   2.1324258e-01   1.2238722e-01  -2.1075874e-01   9.2732346e-03  -4.6142096e-03  -9.9048719e-05
   2.0584102e-01   1.5085306e-01  -2.5112329e-01   7.4434582e-03  -4.7344254e-03  -3.9233030e-05
   1.9036916e-01   1.5015549e-01  -2.4890374e-01   7.6522346e-03  -4.0112437e-03   1.7378229e-04
   6.7093517e-02   4.4780296e-02  -5.6070773e-01  -6.5708091e-03   4.0714105e-03   2.0222752e-03
   7.7060642e-02   6.3790403e-02  -1.0105768e+00  -5.9255606e-03  -2.4728447e-03   5.1100970e-04
  -3.5300039e-02   3.7442203e-01  -1.8972125e+00  -1.6046155e-03  -1.1381115e-03   3.3109687e-03
   1.1617137e-02   3.5951793e-01  -2.2139884e+00  -1.0269763e-03  -2.7030816e-03   2.8137206e-03
   6.6303673e-03   3.5914411e-01  -2.3063788e+00  -2.4901299e-03  -3.4075923e-03   2.8800220e-03
   4.4486285e-03   3.6924067e-01  -2.3387752e+00  -2.9363916e-03  -3.4805459e-03   2.7458034e-03
  -5.4057997e-03   3.5873185e-01  -2.3382646e+00  -2.5969315e-03  -3.4952518e-03   2.8404885e-03
   9.9142154e-03   3.4798361e-01  -2.3350434e+00  -1.9851152e-03  -3.8599022e-03   2.7328730e-03
   1.3051699e-02   3.4430073e-01  -2.3214229e+00  -1.3016645e-03  -3.0457820e-03   2.4902913e-03
   6.4198176e-03   3.6270963e-01  -2.3658839e+00  -1.0925941e-03  -3.5961626e-03   2.6705295e-03
   6.1814882e-03   3.5271965e-01  -2.3907463e+00  -6.7149318e-04  -3.3095788e-03   2.7192679e-03
   1.6324223e-02   2.9971338e-01  -2.3491951e+00  -1.1115395e-03  -3.8568270e-03   1.8424539e-03
   6.9021448e-02   3.2223290e-01  -2.3528024e+00  -1.7023520e-03  -1.3839964e-03   3.5333912e-04
   4.9183165e-02   3.3600020e-01  -2.3613265e+00  -1.2285346e-03  -2.0452337e-03   7.2169835e-04
   1.8152361e-02   3.3820449e-01  -2.3597742e+00  -5.1850742e-04  -9.8135913e-04   1.5457207e-03
   3.2602033e-02   3.6476969e-01  -2.4221872e+00  -9.0050458e-04  -1.8426534e-03   1.4980868e-03
   3.2524379e-02   3.4033487e-01  -2.4124331e+00  -9.8591524e-04  -2.1271325e-03   1.0390257e-03
   7.2301157e-02   2.9705240e-01  -2.2896016e+00   1.5462681e-03  -3.1193931e-03   6.7326104e-04
   8.3518994e-02   3.1675719e-01  -2.3568284e+00   1.4335601e-03  -3.7575660e-03   9.5686228e-04
   1.2327404e-01   3.0804331e-01  -2.2691048e+00   1.1921273e-03  -3.6676978e-03   1.2460854e-04
   6.8699330e-02   3.5825095e-01  -2.4581931e+00  -1.0799264e-04  -2.8061940e-03   7.7414141e-04
   5.6012595e-02   3.6583472e-01  -2.4753404e+00  -1.0736069e-03  -2.9829636e-03   1.0639219e-03
   6.2030803e-02   3.4369119e-01  -2.4876778e+00  -6.0212813e-04  -3.7413300e-03   1.1918666e-03
   5.3719884e-02   3.4241319e-01  -2.4739864e+00  -3.5423597e-04  -2.8434946e-03   8.9830733e-04
   2.9264651e-02   3.5294070e-01  -2.4587611e+00  -4.3682997e-04  -1.9406771e-03   1.4523724e-03
   4.3429798e-02   3.5795951e-01  -2.4388306e+00   8.9898119e-06  -2.4997512e-03   1.4975010e-03
   5.2781773e-02   3.4720474e-01  -2.5126066e+00  -3.8616154e-04  -2.6733101e-03   1.0141217e-03
   5.1080425e-02   3.5044755e-01  -2.5391990e+00  -8.3261411e-04  -2.9359996e-03   1.3446221e-03
   5.5047499e-02   3.6091612e-01  -2.5364797e+00   5.5760238e-04  -2.9488981e-03   1.0924590e-03
   5.0028207e-02   3.9562461e-01  -2.4854565e+00   7.0827251e-04  -2.9751303e-03   1.0783403e-03
   4.4298588e-02   3.9552110e-01  -2.5172717e+00   7.8811128e-04  -2.7024363e-03   1.3193129e-03
   3.3527994e-02   3.7939992e-01  -2.4983080e+00   2.9657589e-04  -2.7759675e-03   1.5590121e-03
   3.2307708e-02   3.5649398e-01  -2.6436505e+00   1.2155765e-03  -3.9778938e-03   1.4865690e-03
   5.1829603e-02   4.1814793e-01  -2.5476807e+00   1.0842404e-03  -4.0058274e-03   1.2966448e-03
   5.5305662e-02   3.2640905e-01  -2.5393259e+00   7.3128568e-04  -3.6848968e-03   1.5456445e-03
   3.5906698e-02   3.7310077e-01  -2.6215209e+00  -2.9723540e-04  -3.7339511e-03   1.5090316e-03
   1.0923705e-01   3.3681893e-01  -2.5977886e+00   1.3122942e-03  -5.6672892e-03   3.2312918e-04
   7.5851569e-02   3.8553838e-01  -2.5535854e+00   5.1809387e-04  -4.5208551e-03   1.0143736e-03
   6.9508317e-02   3.8376928e-01  -2.5375345e+00   4.4219572e-04  -4.6348210e-03   1.0860477e-03
   7.1355967e-02   3.4724784e-01  -2.5443712e+00   1.8798028e-03  -4.6733708e-03   1.1215606e-03
   5.2314980e-02   3.6576644e-01  -2.5636908e+00   1.9233379e-03  -4.5927325e-03   1.2492538e-03
   6.0035751e-02   3.6356551e-01  -2.5911785e+00   1.3188004e-03  -3.8689747e-03   1.0337161e-03
   6.7672298e-02   3.8695900e-01  -2.6156184e+00   1.1983711e-03  -4.0313981e-03   9.9648161e-04
   2.8115800e-02   3.7544702e-01  -2.6021585e+00   2.4637775e-04  -3.8424654e-03   1.5891074e-03
   4.9264936e-02   3.9941304e-01  -2.6825096e+00  -2.3141524e-05  -4.6290141e-03   1.7256864e-03
   2.9695180e-02   3.9272377e-01  -2.6401143e+00  -6.9002107e-05  -3.6681865e-03   1.6506609e-03
   2.1490607e-02   3.2226370e-01  -2.6869359e+00   4.1233666e-03  -7.9354231e-04   9.1815313e-04
  -2.0428057e-02   3.9725716e-01  -2.8472485e+00  -5.6791647e-03   6.6677784e-04   1.7950788e-03
  -1.8042028e-02   1.4579274e-01  -1.5364849e+00  -4.7473628e-03   3.8585107e-03   1.3686396e-03
   5.3089869e-02   3.3444044e-01  -1.4219355e+00   1.4032652e-03   2.5764586e-03   1.5121958e-03
   4.3967012e-02   2.8470330e-01  -1.4216680e+00   1.6761915e-03   2.1176184e-03   1.0589952e-03
   6.3190743e-02   2.6468801e-01  -1.3691963e+00   9.4645454e-04   1.8888125e-03   3.5648468e-04
   4.8523129e-02   2.0231572e-01  -1.3173996e+00   1.7082924e-03   2.0914549e-03   2.2839628e-04
   7.5550734e-02   1.8205525e-01  -1.3080804e+00   2.4283471e-03   2.7594477e-03  -2.2528503e-04
   7.2004755e-02   2.6910163e-01  -1.2937575e+00   2.0614000e-03   2.7237223e-03  -6.0597421e-05
   6.5093555e-02   2.4368862e-01  -1.2313707e+00   3.2591070e-03   4.4110789e-03  -2.5666293e-04
   4.1555573e-02   2.4717520e-01  -1.2116832e+00   3.3597704e-03   4.3973021e-03   5.8738594e-04
   6.4806518e-02   2.4551028e-01  -1.2283933e+00   2.9689576e-03   4.2039610e-03  -1.1109213e-04
   2.4938660e-02   2.6445290e-01  -1.2301616e+00   3.5364819e-03   5.7347983e-03   7.3175960e-04
   4.9745880e-02   2.9114409e-01  -1.2365927e+00   3.4904686e-03   4.4802236e-03   1.7967720e-04
   6.2269928e-02   2.7244101e-01  -1.2199984e+00   2.0638372e-03   3.3603356e-03   3.8862601e-04
   8.4844613e-02   2.6268613e-01  -1.1276087e+00   4.1066203e-03   3.1346037e-03  -2.4938096e-04
   7.7860906e-02   2.5624048e-01  -1.1626956e+00   2.7644167e-03   3.5052439e-03  -4.2193167e-04
   6.3568360e-02   2.6718441e-01  -1.2147093e+00   2.7514298e-03   4.2620667e-03  -3.3648227e-04
   6.7161861e-02   2.5041913e-01  -1.2500263e+00   2.4667248e-03   3.2961305e-03  -3.3026966e-04
   6.2564850e-02   2.7219164e-01  -1.2748854e+00   2.6898613e-03   3.0329811e-03  -2.1179452e-04
   8.2423215e-02   2.3826874e-01  -1.2502749e+00   3.4898431e-03   4.7237794e-03  -9.0758403e-04
   6.2160950e-02   2.6964841e-01  -1.2175644e+00   2.9275923e-03   5.2448431e-03  -6.2879550e-05
   8.9763215e-02   2.6321559e-01  -5.2565610e-01   1.3745952e-03   3.8592582e-03  -9.7789762e-04
   1.0249117e-01   3.4708865e-01  -6.0096541e-01   3.4949074e-03   2.3177827e-03   3.0271933e-04
   1.4146000e-01   3.1043955e-01  -6.2465223e-01   4.3114401e-03   1.5797027e-03  -5.9041851e-04
   1.3438624e-01   2.3086874e-01  -8.7409282e-01   1.8121076e-03   7.4879527e-04  -1.3742322e-03
   1.1924725e-01   3.0174916e-01  -1.1086592e+00  -5.4665496e-03  -2.1421441e-03   2.0150202e-04
   1.7621800e-01   2.4956395e-01  -7.1717027e-01   2.6284733e-03  -2.2719065e-03   4.6800354e-04
   1.3220272e-02   3.6006114e-01  -2.4395522e+00   1.1961862e-03   5.6445095e-04   9.3065376e-04
  -2.1554460e-02   3.4202155e-01  -2.7890812e+00  -5.9492856e-03   2.8698180e-03   2.5551224e-03
  -3.6763038e-03   3.1391333e-01  -2.8040793e+00  -7.1150784e-03   2.0546138e-03   1.7034553e-03
   3.9726967e-03   3.1534813e-01  -2.7473476e+00  -6.5483873e-03   1.3984020e-03   1.2685310e-03
   2.3697242e-03   3.0998961e-01  -2.6847407e+00  -7.3038456e-03   1.3304336e-03   1.3323756e-03
   6.4117306e-03   2.8871821e-01  -2.6272024e+00  -7.0053951e-03   1.4776392e-03   9.8361997e-04
  -1.1670781e-02   2.7086159e-01  -2.5605405e+00  -4.6413044e-03   2.5114868e-03   8.4905841e-04
   1.3533427e-03   2.7428649e-01  -2.5359764e+00  -5.5742050e-03   2.1307084e-03   7.9973601e-04
  -1.6207754e-03   2.8035389e-01  -2.5252923e+00  -5.7413403e-03   1.7512885e-03   7.6358655e-04
   6.3901873e-02   2.2700222e-01  -2.5184934e+00  -3.9881779e-03   5.0522658e-04  -7.2696878e-04
   2.3499013e-02   3.0564834e-01  -2.5621507e+00  -5.9522092e-03   1.2729813e-03   4.0168059e-04
   1.7121140e-02   2.8602970e-01  -2.4832058e+00  -5.6690875e-03   1.7900567e-03   3.0908237e-04
   1.2899663e-02   3.1091910e-01  -2.4833809e+00  -5.1423545e-03   1.4394110e-03   4.0816726e-04
   5.1138948e-03   3.0491296e-01  -2.5207034e+00  -5.5293000e-03   1.4338373e-03   4.8579233e-04
  -4.0825026e-03   2.9575016e-01  -2.5176859e+00  -4.4953271e-03   2.2637672e-03   5.6944287e-04
  -7.7139294e-03   3.0772087e-01  -2.4555692e+00  -4.3093010e-03   2.1257418e-03   8.3145157e-04
   2.5107328e-03   3.0453645e-01  -2.4266787e+00  -4.3344313e-03   1.7158634e-03   6.6516715e-04
   1.4548954e-02   2.8311592e-01  -2.4307149e+00  -4.4540834e-03   1.7520423e-03   4.7618632e-04
   4.8181684e-03   2.8621567e-01  -2.4433539e+00  -4.1489359e-03   1.8877788e-03   5.5988228e-04
  -6.1789959e-03   2.7287769e-01  -2.4365233e+00  -4.0102045e-03   1.9280486e-03   8.3799013e-04
   1.7047699e-03   3.0507939e-01  -2.4306121e+00  -4.3571142e-03   1.5099353e-03   9.1799397e-04
  -1.7740991e-03   2.7811172e-01  -2.4599202e+00  -3.8123307e-03   1.0646285e-03   8.8194961e-04
   2.8441901e-02   2.9600961e-01  -2.6390965e+00  -4.9343202e-03   1.0373370e-03   5.2261915e-04
   3.9718389e-02   3.4087707e-01  -2.5702299e+00  -5.0455609e-03   1.8260182e-03   4.8192577e-04
  -1.8766173e-02   3.1877865e-01  -2.4484606e+00  -3.7734492e-03   4.9848797e-03   3.1090205e-04
  -2.4782143e-02   3.2983262e-01  -2.5049010e+00  -3.6471839e-03   3.8063648e-03   1.0182982e-03
   4.1205359e-02   2.3657058e-01  -1.2523045e+00  -1.2322344e-03   2.2985877e-03   3.4528461e-04
  -2.3625374e-02   3.0603710e-01  -1.8819268e+00  -1.1945167e-03   4.2216848e-03   8.3952241e-04
   4.3446592e-02   2.2661723e-01  -2.4184806e+00  -4.1510053e-03   1.6673616e-03  -6.3637410e-04
   3.3857187e-02   3.0817132e-01  -2.3320932e+00  -6.4458850e-03   1.5816946e-03  -2.9635168e-04
   5.2833872e-02   2.6601124e-01  -2.0780292e+00  -5.5504110e-03   1.8237340e-03  -1.0267705e-03
   5.5377837e-02   1.9984713e-01  -2.0132335e+00  -4.2475737e-03   1.9902296e-03  -1.3991577e-03
   5.7242364e-02   2.6250772e-01  -2.0014841e+00  -5.2198348e-03   1.5904148e-03  -1.4620081e-03
   5.0472068e-02   2.4213833e-01  -2.0053473e+00  -4.9351055e-03   1.7826495e-03  -1.3831474e-03
   4.8409604e-02   2.5575809e-01  -1.9988284e+00  -5.7386631e-03   1.5497955e-03  -1.3888505e-03
   4.0681667e-02   2.5603848e-01  -1.9573291e+00  -5.4739915e-03   1.4603240e-03  -1.1665391e-03
   4.5217457e-02   2.4669398e-01  -1.9689057e+00  -5.3347399e-03   1.0655362e-03  -1.0200958e-03
   3.1187252e-02   2.3855594e-01  -1.9778391e+00  -3.6103881e-03   3.5028044e-03  -1.1083126e-03
   3.3013222e-02   2.7531814e-01  -1.9258659e+00  -3.5605044e-03   2.5124595e-03  -7.5535949e-04
   3.8162654e-02   2.3264477e-01  -1.9517969e+00  -3.8866879e-03   2.0398078e-03  -6.6953687e-04
   2.0452595e-02   2.8114933e-01  -1.9395712e+00  -3.4781402e-03   2.1025884e-03  -6.1510914e-05
   6.4276013e-02   2.6322403e-01  -1.9610217e+00  -1.0938115e-03   2.2960540e-03  -5.0575284e-04
  -6.8177062e-03   2.5442905e-01  -1.7010022e+00  -2.1690872e-03   4.9634517e-03   8.6379358e-04
   1.4376252e-02   3.0270322e-01  -1.8458182e+00  -1.6443730e-03   4.5367950e-03   8.4063018e-04
  -1.9154900e-02  -1.4448990e-02  -1.1839548e+00  -1.2338675e-02   4.9601689e-03   4.3932852e-04
   2.3857408e-02   2.3382750e-02  -5.3073237e-01   9.2604591e-03  -1.9639596e-03   6.8795683e-04
   4.3468648e-02   1.6857327e-01  -1.8504223e+00   1.0447521e-04   1.8207284e-03   1.6091043e-03
   4.5577112e-02   2.0816971e-01  -1.8843374e+00  -3.1932567e-04   9.8506140e-04   1.7578419e-03
   6.2004499e-02   2.0481831e-01  -1.6338431e+00   2.4667397e-03   9.2931676e-04   1.8049754e-03
   7.3499167e-02   1.9348185e-01  -1.5465924e+00   2.9593655e-03   9.5627153e-04   1.5218065e-03
   8.1924521e-02   1.5631926e-01  -1.4503270e+00   2.9515633e-03   1.0568236e-03   1.0600848e-03
   8.6995113e-02   1.5196308e-01  -1.3856958e+00   3.4440607e-03   1.3801208e-03   1.0005594e-03
   8.0839892e-02   1.3734045e-01  -1.4081445e+00   2.7258488e-03   1.0994528e-03   1.5453576e-03
   9.4957114e-02   1.5160887e-01  -1.3966188e+00   2.1081398e-03   9.4896665e-04   1.3565185e-03
   8.1771033e-02   1.8029296e-01  -1.3956797e+00   1.4547701e-03   1.1693851e-03   1.6048843e-03
   7.9703308e-02   1.8703373e-01  -1.3851223e+00   1.4264868e-03   9.5806449e-04   1.4381808e-03
   8.5531425e-02   1.7662483e-01  -1.3656615e+00   1.9382182e-03   1.4978778e-03   1.5830923e-03
   7.6290350e-02   2.0094584e-01  -1.4069225e+00   2.7099340e-03   1.6469412e-03   1.4615236e-03
   8.4531290e-02   1.9536628e-01  -1.3819683e+00   2.4919492e-03   1.2774638e-03   1.3168327e-03
   8.5243378e-02   2.1186164e-01  -1.4184866e+00   2.7923004e-03   1.2903401e-03   1.5006517e-03
   6.8180465e-02   2.2680179e-01  -1.3822481e+00   2.2929993e-03   1.3884750e-03   1.7888438e-03
   7.9456779e-02   2.1259038e-01  -1.3735980e+00   3.9736891e-03   2.7525167e-03   1.1942933e-03
   6.1396416e-02   2.2712489e-01  -1.3901923e+00   2.8855259e-03   3.2836975e-03   1.5607855e-03
   6.7954516e-02   2.5750625e-01  -1.3921413e+00   4.0800552e-03   2.6367180e-03   2.0820897e-03
   5.9432549e-02   1.9931184e-01  -1.3754108e+00   2.4300506e-03   1.7551327e-03   2.1212181e-03
   5.9921353e-02   2.2286874e-01  -1.2605270e+00   3.9136744e-03   5.0882269e-03   1.7820772e-03
   5.0298442e-02   2.4023902e-01  -1.2654335e+00   3.2472043e-03   3.9083306e-03   2.1108711e-03
   5.8126789e-02   2.1244742e-01  -1.2556193e+00   4.4006767e-03   3.5115185e-03   2.0196838e-03
   4.2798879e-02   2.8289788e-01  -1.4415722e+00  -4.7347691e-03   4.8558515e-03   1.0762607e-04
   1.4819850e-01   1.5611701e-01  -1.1058919e+00  -3.6424331e-03  -7.3183655e-04   2.3432503e-03
   9.3940488e-02   1.3663908e-01  -1.2618139e+00   4.6253291e-04  -1.2169383e-04   4.5476697e-04
   6.8261556e-02   2.9535323e-01  -1.3560003e+00   6.0445834e-04   2.4918591e-03   2.6029654e-03
   6.4524815e-02   2.6225461e-01  -1.2304313e+00  -4.0630279e-04   2.5876045e-03   2.3008688e-03
   1.2389535e-01   2.3216467e-01  -8.8050789e-01   2.9355923e-03   1.6718856e-03   1.3900814e-03
   1.0846747e-01   2.0047168e-01  -8.3219321e-01   3.8632963e-03   2.0387046e-03   1.2794509e-03
   1.1783849e-01   2.0413433e-01  -8.4214767e-01   4.2821397e-03   1.4201558e-03   1.0101321e-03
   1.4464150e-01   2.2026514e-01  -7.6801135e-01   4.8555815e-03   7.5941772e-04  -1.7061627e-04
   6.8054159e-02   2.3506527e-01  -8.8851839e-01   3.5466568e-03   3.1899446e-03   1.8338400e-03
   1.5810261e-01   1.5510908e-01  -1.9360271e-01   1.4156842e-02   3.9732008e-03  -9.4251066e-04
   8.2386649e-02   2.9925352e-01  -4.6865033e-01   4.8474444e-03   4.9666055e-03   2.1865973e-03
   1.5035764e-01   2.1673773e-01  -6.2947313e-01   7.5437956e-03  -2.1501619e-03   1.7453908e-03
   2.8177852e-01   2.1364574e-01   7.7981723e-02   1.7062109e-02  -6.3133229e-03  -1.1929774e-04
   2.8853295e-01   2.5127888e-01  -4.2710530e-02   1.3832937e-02  -8.9400542e-03  -6.4882904e-04
   2.8455454e-01   2.2671730e-01   2.3572180e-02   1.4832379e-02  -9.2007017e-03  -1.1226000e-03
   2.6032353e-01   2.3044775e-01   3.0446685e-02   1.4093590e-02  -8.4184418e-03  -1.0617539e-03
   2.5778165e-01   1.9976922e-01  -6.6890424e-03   1.4375488e-02  -8.0398293e-03  -1.1091314e-03
   2.6000825e-01   1.9625859e-01   2.6656997e-02   1.6105727e-02  -6.7252948e-03  -1.2469265e-03
   2.4146050e-01   2.1536875e-01   2.3368394e-02   1.5610994e-02  -6.1256311e-03  -6.0248908e-04
   2.3918414e-01   2.0704885e-01  -4.6169576e-02   1.5643784e-02  -6.1432366e-03  -6.5456559e-04
   2.4012587e-01   2.2447114e-01  -1.4043764e-01   1.5823611e-02  -4.9504943e-03  -2.9807596e-04
   2.4444431e-01   2.3608780e-01  -2.2083082e-01   2.3160507e-02  -3.6545953e-03  -5.8857258e-04
   3.0085765e-01   8.2132611e-02  -8.6125566e-01   1.0784776e-02  -1.0090644e-02   5.6633246e-03
   1.1118719e-01   1.0314952e-01  -1.8224897e+00   2.1564502e-02  -5.4055640e-04   5.3563869e-03
   1.4429584e-01   2.1957235e-01  -3.0263923e+00   6.4055786e-03  -2.0097378e-03   5.1781537e-03
   1.0050234e-01   3.5463512e-01  -3.6779301e+00   2.0197082e-03  -7.6837603e-03   4.3558266e-03
   8.2563739e-02   4.0856374e-01  -3.8988583e+00   1.1518559e-04  -7.5957452e-03   5.1289469e-03
   9.0056234e-02   4.2437306e-01  -4.0277781e+00  -1.9432270e-03  -7.5347715e-03   5.0564652e-03
   9.4939852e-02   4.4988808e-01  -4.1103915e+00  -2.3179854e-03  -7.0838825e-03   4.6728776e-03
   7.2263454e-02   4.7631916e-01  -4.2214273e+00  -3.6284352e-03  -6.3887966e-03   4.5743850e-03
   7.6761706e-02   4.7969703e-01  -4.2009085e+00  -3.8074781e-03  -6.2713484e-03   4.5028419e-03
   8.4075192e-02   4.5585779e-01  -4.1181383e+00  -3.4861115e-03  -6.0768680e-03   4.0830468e-03
   8.1184551e-02   4.5503930e-01  -4.1685149e+00  -3.5745115e-03  -6.0293001e-03   3.8019061e-03
   7.1435303e-02   4.7187628e-01  -4.1621764e+00  -3.7023905e-03  -5.4727902e-03   3.8264243e-03
   8.0718431e-02   4.9066827e-01  -4.2152083e+00  -3.4806512e-03  -5.5765092e-03   3.8839092e-03
   7.4210506e-02   4.8300591e-01  -4.1987042e+00  -3.8985401e-03  -5.4282611e-03   4.1064445e-03
   8.2980810e-02   4.7498900e-01  -4.1936546e+00  -3.8952138e-03  -5.2181809e-03   3.7782625e-03
   7.5148362e-02   4.9184580e-01  -4.1857937e+00  -3.6307475e-03  -5.1018318e-03   4.1386304e-03
   7.3414508e-02   4.9604645e-01  -4.1718066e+00  -1.1733858e-03  -3.5634236e-03   3.3551299e-03
   5.1099833e-02   4.8794591e-01  -4.2377925e+00  -3.0893230e-03  -3.7874961e-03   3.7704642e-03
   3.9472523e-02   5.1226076e-01  -4.3000015e+00  -3.3430153e-03  -3.2630781e-03   3.9570059e-03
   2.9054023e-02   4.9481976e-01  -4.2864045e+00  -4.1412624e-03  -3.4175295e-03   3.8367293e-03
   3.8486759e-02   4.9019142e-01  -4.2898958e+00  -3.6444362e-03  -3.3979436e-03   3.6100385e-03
   4.0651479e-02   4.7747585e-01  -4.2680228e+00  -3.2026165e-03  -3.5556677e-03   3.9147601e-03
   3.7540035e-02   4.8248935e-01  -4.2783366e+00  -3.4065750e-03  -3.6125068e-03   3.9282540e-03
   4.2545982e-02   4.9453334e-01  -4.2868372e+00  -3.7905855e-03  -3.4116100e-03   3.7677540e-03
   4.0332580e-02   5.0766140e-01  -4.3059213e+00  -3.3134140e-03  -3.7558383e-03   3.9896574e-03
   2.7503338e-02   5.3587050e-01  -4.3786994e+00  -3.5802541e-03  -2.9937453e-03   3.7757937e-03
   2.7125948e-02   5.1250638e-01  -4.3754884e+00  -4.3085042e-03  -3.8795488e-03   3.3463577e-03
   3.0103527e-02   5.5023067e-01  -4.0555386e+00   2.0807116e-03  -6.5089746e-04   3.6960959e-03
   2.8049711e-02   5.4538274e-01  -4.1900578e+00  -5.6227869e-04  -2.0429656e-03   3.4900100e-03
   2.5544330e-02   5.3235790e-01  -4.1956037e+00  -4.8949403e-05  -9.7758406e-04   3.1580519e-03
  -6.1801876e-03   5.6676996e-01  -4.1320649e+00  -7.8070746e-03   4.5072887e-04   2.7963856e-03
  -4.4831243e-02   5.3535440e-01  -4.0960681e+00  -3.8044629e-03   7.8263858e-03   3.2720170e-03
  -6.3849508e-02   4.2369281e-01  -3.7209364e+00  -6.4327330e-04   9.2975670e-03   4.9284972e-03
  -3.6865245e-03   3.2394881e-01  -3.6102433e+00  -1.0708121e-03   5.8202751e-03   4.4418180e-03
  -9.2202094e-03   3.5168532e-01  -3.5760501e+00  -5.2914803e-04   4.9207097e-03   4.4048347e-03
   3.8390852e-03   3.2041961e-01  -3.4452692e+00   1.3180951e-03   5.7008033e-03   3.7931727e-03
   2.5867234e-03   3.1374800e-01  -3.4606907e+00  -6.0456490e-04   5.4691437e-03   3.4074451e-03
   8.4721276e-03   3.5994096e-01  -3.5130356e+00  -1.3928506e-03   4.6438222e-03   3.3943399e-03
   1.1924259e-02   3.7189116e-01  -3.5987620e+00  -2.4505997e-03   3.4579039e-03   3.4091482e-03
   2.4863261e-02   3.7854223e-01  -3.6002906e+00  -2.8834298e-03   3.2067850e-03   3.0269667e-03
   1.9008911e-02   4.0030359e-01  -3.5817054e+00  -2.6314506e-03   2.7295500e-03   3.1194186e-03
   3.8262473e-02   4.1848926e-01  -3.6074518e+00  -3.1498558e-03   3.1598457e-03   2.3451977e-03
  -9.9523660e-03   4.0273524e-01  -3.5172826e+00  -4.8554271e-03   4.7632854e-03   2.4726548e-03
  -1.6280306e-02   3.8576392e-01  -3.4684802e+00  -1.6009468e-02   4.1352190e-03   2.4987463e-03
   6.6613955e-02   2.7328899e-01  -2.4019932e+00   7.1872905e-04   5.5222473e-03   8.9026955e-04
   7.6792615e-02   2.4197680e-01  -2.3040240e+00  -1.2575330e-04   6.0197396e-03   1.6216422e-03
   9.6973134e-02   2.5550970e-01  -2.1857930e+00   5.7751986e-04   5.4031289e-03   1.0166470e-03
   9.8971335e-02   2.4358040e-01  -2.2364009e+00  -4.4468023e-04   4.3351622e-03   4.9397519e-04
   1.1508099e-01   2.2291035e-01  -2.1430797e+00   1.2387812e-04   3.9348375e-03   4.2488227e-04
   1.0381711e-01   2.2217095e-01  -2.0536792e+00   6.3969645e-04   4.2148661e-03   5.0845140e-04
   1.1208189e-01   2.1890665e-01  -2.0247029e+00   9.3259815e-04   4.6653229e-03  -4.3593700e-05
   1.0141230e-01   4.9050628e-02  -1.7297493e+00  -5.2768933e-03   4.2241971e-03   6.6275788e-04
   1.3846809e-01   1.4424985e-01  -1.9586461e+00   1.6639836e-02   1.8071740e-03   7.8764604e-04
   8.6648518e-02   2.5743725e-01  -2.2138052e+00   1.9864191e-03   5.9398931e-03   2.1797786e-03
   1.2217577e-01   2.5902142e-01  -2.2225508e+00  -1.7634480e-05   3.9729188e-03   1.4651927e-03
   1.2962730e-01   2.7457860e-01  -2.0004806e+00   2.6448863e-03   3.1783777e-03   1.3330372e-03
   1.4127558e-01   2.5463689e-01  -1.9765198e+00   2.9528982e-03   3.1685509e-03   8.9022656e-04
   1.4563650e-01   2.3268981e-01  -1.9321991e+00   2.3765143e-03   2.7206529e-03   8.3593225e-04
   1.4385879e-01   2.2475498e-01  -1.9199669e+00   2.5783735e-03   2.8340864e-03   6.6679404e-04
   1.2684947e-01   2.2838962e-01  -1.9345427e+00   2.8487906e-03   2.9206974e-03   8.3288323e-04
   1.3990927e-01   1.9118596e-01  -1.9034588e+00   2.4172154e-03   2.8663248e-03   5.1947382e-04
   1.4873826e-01   2.0742098e-01  -1.8680916e+00   3.1796156e-03   2.6998631e-03   3.3433753e-04
   1.3455524e-01   2.4685315e-01  -1.9260069e+00   3.1164420e-03   3.6893769e-03   3.2271451e-05
   1.2504740e-01   2.5304946e-01  -1.9564150e+00   2.4928529e-03   2.8021256e-03   6.9286431e-04
   1.2838376e-01   2.3318991e-01  -1.9687446e+00   3.3623735e-03   2.1978933e-03   3.7513089e-04
   7.6389315e-02   2.5282841e-01  -1.8723895e+00   6.0503147e-03   5.8306179e-03   1.4079054e-03
   9.4961544e-02   3.0307245e-01  -2.0010614e+00   3.3306081e-03   4.5348225e-03   7.1707677e-04
   7.5330585e-02   2.6482534e-01  -2.1326110e+00   2.1177522e-03   5.2304562e-03   1.3119198e-03
   9.3778824e-02   2.5594764e-01  -2.1649926e+00   1.7511345e-03   3.6980010e-03   1.0015061e-03
   1.1706117e-01   2.6282126e-01  -2.2091467e+00   2.2863333e-03   2.9713234e-03   5.9300810e-04
   7.4835808e-02   2.7288889e-01  -2.1747291e+00   3.4108173e-03   6.6344414e-03   9.1605685e-04
   7.6464758e-02   3.0661487e-01  -2.3339629e+00   1.4374935e-03   4.7319388e-03   9.5677551e-04
   9.2194598e-02   2.9342634e-01  -2.4063758e+00   1.6173776e-03   3.5359197e-03   8.0405035e-04
   7.5859632e-02   3.2109781e-01  -2.5646005e+00   1.4560194e-03   3.1221088e-03   1.0812923e-03
   6.4256919e-02   3.2923094e-01  -2.7313418e+00   6.0245204e-04   3.0889959e-03   1.3650561e-03
   7.1842141e-02   3.7257884e-01  -2.9206384e+00  -3.1534361e-05   9.5275479e-04   1.4776282e-03
   1.3906476e-02   4.1880893e-01  -2.9318656e+00   2.1412547e-03  -1.1992508e-03   4.9960510e-03
   1.3484362e-01   2.8265059e-01  -3.9674992e+00  -1.4221880e-03  -6.3832304e-03   5.4766445e-03
   1.8645068e-02   5.5803753e-01  -5.1050390e+00  -4.0868370e-03  -7.6743854e-03   5.2288178e-03
   3.7304443e-02   5.8364109e-01  -5.0788200e+00  -2.2569921e-03  -9.3493646e-03   4.8445433e-03
   4.9355314e-02   6.0680288e-01  -5.0969168e+00  -2.8218668e-03  -9.8485327e-03   4.9697845e-03
   7.3218317e-02   5.6944622e-01  -5.0501437e+00  -3.7039640e-03  -9.6993646e-03   4.5976154e-03
   5.9135718e-02   5.4327664e-01  -5.0153371e+00  -3.9583588e-03  -9.7861783e-03   4.8217145e-03
   7.2377027e-02   5.6138056e-01  -4.9864778e+00  -4.7068602e-03  -9.9011851e-03   4.2511874e-03
   6.7163666e-02   5.3287213e-01  -4.9400827e+00  -4.0922767e-03  -9.5530911e-03   4.2256908e-03
   1.0519221e-01   5.2216368e-01  -4.6968260e+00  -4.4989614e-03  -9.8774274e-03   3.3167900e-03
   1.2098413e-01   5.3012322e-01  -4.5728373e+00  -2.8669355e-03  -1.0885308e-02   3.0761783e-03
   1.0361777e-01   5.1653479e-01  -4.5241672e+00  -3.4342328e-03  -8.3979100e-03   2.5934824e-03
   6.7806531e-02   4.8919350e-01  -4.4083835e+00  -2.8753204e-03  -9.0470568e-03   3.5340334e-03
   7.8666729e-02   4.9117569e-01  -4.2957279e+00  -2.7995149e-03  -8.7238928e-03   3.3621051e-03
   7.4270982e-02   4.6803481e-01  -4.1922745e+00  -2.5137645e-03  -7.2355388e-03   3.5633712e-03
   3.9108376e-02   4.2454048e-01  -3.6646493e+00  -1.5725288e-02  -3.0358204e-03   5.9552750e-04
   1.6053659e-01   2.4185557e-01  -1.9120852e+00   6.5026564e-03   1.6995905e-04  -4.3619672e-04
   9.8895916e-02   2.9043612e-01  -2.2199771e+00   1.6097184e-03   2.7386312e-03   1.1934233e-03
   1.1304269e-01   2.5975594e-01  -1.9727465e+00   2.6099271e-03   1.7993207e-03   9.9287019e-04
   1.3436742e-01   2.5205691e-01  -1.8780782e+00   2.6712463e-03   1.6749588e-03   5.0192316e-04
   1.2608238e-01   2.2989624e-01  -1.7916404e+00   2.2275014e-03   1.6513448e-03   2.8851086e-04
   1.0997737e-01   2.4003836e-01  -1.7606798e+00   2.7346860e-03   2.4909882e-03   4.9632029e-04
   1.0573906e-01   2.0449413e-01  -1.7827868e+00   3.2434060e-03   2.5947004e-03   9.4085216e-04
   1.1967638e-01   2.1491339e-01  -1.7538707e+00   3.4851129e-03   1.6537358e-03   5.7032442e-04
   1.1505030e-01   2.1702386e-01  -1.7422888e+00   4.6718833e-03   1.5792117e-03   6.9563599e-04
   1.2129435e-01   2.3938902e-01  -1.7704770e+00   3.5388843e-03   1.1987067e-03   5.5181578e-04
   1.0742231e-01   2.0655239e-01  -1.7626630e+00   4.2445506e-03   1.5908696e-03   7.8583249e-04
   1.1823582e-01   2.2291809e-01  -1.7597086e+00   4.6081331e-03   1.6136996e-03   2.7902201e-04
   1.3791275e-01   2.0998950e-01  -1.3176556e+00   4.5097309e-03   5.2575659e-03   1.2119489e-05
   7.3804571e-02   2.3995419e-01  -1.7831269e+00  -1.2298090e-03   3.7625429e-03   2.3544043e-03
   1.3766389e-01   1.4952387e-01  -1.9527787e+00   2.1874905e-03   2.3878672e-03   2.0800476e-03
   5.8443231e-03   2.7435167e-01  -3.0538337e+00   9.9857014e-03   8.3053045e-03   8.1080881e-04
   8.9503791e-02   3.9597018e-01  -3.6585555e+00   3.3694597e-04   5.0651884e-03   7.5674587e-04
   9.4581060e-02   4.4932054e-01  -3.7309701e+00   7.4689966e-04   4.5333316e-03   9.0005537e-04
   9.5999828e-02   4.6502666e-01  -3.7420879e+00   4.2408952e-04   4.1105567e-03   8.9274493e-04
   8.3205990e-02   4.2005343e-01  -3.6953299e+00   1.2186363e-03   4.0003399e-03   1.4271405e-03
   4.3995121e-02   4.3315907e-01  -3.7350511e+00  -8.5850082e-04   5.4073895e-03   1.9637233e-03
   4.7407601e-02   4.1856849e-01  -3.6827730e+00  -6.0587481e-05   5.3054575e-03   1.6600430e-03
   4.7728829e-02   4.0336882e-01  -3.6886373e+00   7.5181141e-05   4.5914441e-03   1.4383814e-03
   6.1503123e-02   4.2605675e-01  -3.6037424e+00   1.5359709e-04   4.2492373e-03   1.5376171e-03
   5.1697840e-02   4.1428739e-01  -3.5837726e+00   6.0433587e-05   4.0028120e-03   1.6215317e-03
   7.5963459e-02   4.0277325e-01  -3.6429729e+00   6.8591609e-04   3.5533785e-03   1.1958421e-03
   7.6137942e-02   4.2346547e-01  -3.5886733e+00   2.2727605e-04   3.8705845e-03   7.1139425e-04
   3.3946041e-02   4.2897820e-01  -3.5406999e+00  -9.2207335e-03   4.0823650e-03   9.7221585e-04
   8.4208886e-02   4.4929319e-01  -2.9706159e+00   4.4416084e-04   5.8446807e-03   3.4632826e-04
   9.4649432e-02   3.8847814e-01  -2.7472556e+00  -6.2331274e-03   2.8430554e-03   1.1155824e-03
   1.1425946e-01   3.6562026e-01  -2.1324526e+00   4.4061224e-03   3.1573923e-03   3.0433588e-03
   8.9823085e-02   4.1038892e-01  -2.4743306e+00   5.7513333e-04   3.3158373e-03   3.3828328e-03
   1.0131590e-01   3.3138611e-01  -2.3431445e+00   2.3780099e-03   1.8577979e-03   3.0659258e-03
   1.1476378e-01   3.0939990e-01  -2.3331657e+00   1.4519870e-03   1.5366342e-03   2.1505895e-03
   1.0071303e-01   3.0282028e-01  -2.2528939e+00  -4.2092641e-04   2.3350047e-03   2.0826575e-03
   1.2901359e-01   2.3715712e-01  -2.0603510e+00  -9.1358334e-04   1.9500435e-03   1.1191428e-03
   1.5193852e-01   2.8489551e-01  -1.7585692e+00   7.0307257e-03   3.3877747e-03   1.6359726e-03
   1.6464409e-01   2.9743991e-01  -1.8089633e+00   6.4488628e-03   3.2177962e-03   1.1183273e-03
   1.5875970e-01   2.7502789e-01  -1.8020407e+00   5.4947196e-03   3.4028334e-03   9.7962508e-04
   1.6137522e-01   2.8858665e-01  -1.7685267e+00   4.8062676e-03   3.1463476e-03   8.6667788e-04
   1.5311943e-01   2.6287962e-01  -1.8115825e+00   4.9224393e-03   1.9397330e-03   1.1415373e-03
   1.5432866e-01   2.5959342e-01  -1.6061828e+00   9.1129499e-03   3.9396311e-03   5.7592715e-04
   8.1890488e-02   1.4172221e-01  -8.0143335e-01  -7.7334686e-04   7.5165604e-03   3.4098755e-04
   1.3282464e-01   3.5166146e-01  -9.0922755e-01   8.1873583e-03   9.7699001e-03  -1.1480100e-03
   1.6311644e-01   1.3841724e-01  -9.4824805e-01   1.0947240e-02   6.8940279e-03  -1.2594748e-03
   1.7976515e-01   1.7137996e-01  -8.8585557e-01   9.7982352e-03   7.0881458e-03  -1.4043087e-03
   1.8486922e-01   1.8880739e-01  -9.3882593e-01   7.7970988e-03   6.6402807e-03  -1.5116703e-03
   1.6222388e-01   1.8541346e-01  -9.7230997e-01   6.9527976e-03   6.6870179e-03  -9.7524362e-04
   7.4634119e-02   4.6793530e-02  -1.3254564e+00  -5.1455798e-03   6.4283173e-03  -1.1797588e-03
   2.7546279e-01   1.0219697e-01  -1.8189655e+00   2.7020343e-03  -3.0228477e-03   4.6771063e-03
   1.8753857e-02   2.5457240e-01  -3.2541607e+00  -3.3676139e-03  -7.3436637e-04   3.8353051e-03
   2.6330287e-02   2.3499007e-01  -3.4104082e+00  -4.7242208e-03  -1.6490137e-03   3.4560046e-03
   3.2397854e-02   2.6815233e-01  -3.3960219e+00  -5.8405637e-03  -2.2671877e-03   3.8865068e-03
   2.0429950e-02   3.4821934e-01  -3.4511554e+00  -7.0640161e-03  -1.2281953e-03   3.4752206e-03
   2.7241738e-02   2.4799373e-01  -3.3063870e+00  -5.6651750e-03  -1.4447396e-03   3.0585105e-03
   2.9897384e-02   2.5584631e-01  -3.2569214e+00  -4.6913160e-03  -1.4208819e-03   2.6937431e-03
   3.2484163e-02   2.1404504e-01  -3.2164622e+00  -4.5820219e-03  -1.5218153e-03   2.7501024e-03
   4.1997888e-02   2.5175672e-01  -3.1823065e+00  -4.1072896e-03  -1.0850378e-03   2.3949710e-03
   2.8739947e-02   2.5078452e-01  -3.1941934e+00  -4.9938356e-03  -9.9187005e-04   2.9026710e-03
   3.7276880e-02   2.2652554e-01  -3.1611816e+00  -4.4066717e-03  -1.2454940e-03   2.7393559e-03
   4.0132057e-02   2.5414884e-01  -3.1642463e+00  -3.8955712e-03  -7.0643365e-04   2.2875008e-03
   4.9281258e-02   2.4716364e-01  -3.1431058e+00  -3.5407352e-03   5.0896058e-04   1.7820570e-03
   3.9928052e-02   2.8530851e-01  -3.0206659e+00  -2.8003037e-03   1.3216081e-03   1.6458638e-03
   1.1697108e-01   3.0367804e-01  -2.2255663e+00   3.7032378e-03   2.4287808e-03   1.2230761e-03
   1.1893580e-01   2.8794234e-01  -2.2510141e+00   3.6250727e-03   3.4189249e-04   7.3478718e-04
   1.3023553e-01   2.6646190e-01  -2.2913421e+00   2.2078993e-03  -3.1208755e-05   2.3796890e-04
   1.4082518e-01   2.5865859e-01  -2.3176037e+00   1.1729443e-03  -5.3532430e-05  -4.4707250e-04
   1.5553639e-01   2.5143951e-01  -1.8220575e+00   2.7807595e-03   1.6702539e-03  -1.7154368e-03
   1.7075228e-01   3.0269738e-01  -2.1542939e+00   2.8551077e-03   9.0827863e-04   4.0724307e-04
   1.0393534e-01   2.8650750e-01  -2.2284208e+00   2.2436696e-03   2.5972619e-03   9.4828924e-04
   1.4156235e-01   3.1601856e-01  -1.7633823e+00  -5.6164715e-03   3.6273821e-04   7.3694194e-04
   2.3976214e-01   2.1162970e-01  -1.1663845e+00   1.3785446e-02   1.2743896e-03  -7.6862571e-04
   2.0468204e-01   2.9352466e-01  -1.4682196e+00   1.3552703e-02   1.3267161e-03   2.6963491e-03
   1.6470224e-01   2.2925204e-01  -2.2526260e+00   1.3326215e-03  -2.9080972e-03   9.7444466e-04
   1.6416557e-01   3.3350348e-01  -2.4140302e+00  -1.5327101e-03  -2.3365975e-03   1.1870906e-03
   1.7704921e-01   2.9492564e-01  -2.3401183e+00  -1.0442664e-03  -2.2629599e-03   7.6693238e-04
   1.5542305e-01   2.7297055e-01  -2.3390690e+00  -1.5284442e-03  -1.9130481e-03   9.1330642e-04
   1.6183927e-01   2.4964410e-01  -2.3107479e+00  -1.6616708e-03  -1.7724923e-03   7.8451019e-04
   1.6103303e-01   2.3760886e-01  -2.3223728e+00  -6.6685291e-04  -1.6532870e-03   5.1804776e-04
   1.3774135e-01   2.6108679e-01  -2.3691099e+00  -1.2000326e-03  -1.5177167e-03   1.0747396e-03
   1.3683838e-01   2.5277283e-01  -2.3397063e+00  -1.4744311e-04  -7.0443952e-04   9.7312291e-04
   1.3462555e-01   2.6184434e-01  -2.4179217e+00  -2.5526659e-04  -1.7433086e-04   6.8487097e-04
   8.4418977e-02   3.7100071e-01  -2.5798250e+00  -7.1506502e-03   1.3797631e-03   8.4363231e-04
   1.0149888e-01   8.8373943e-02  -2.7916413e+00  -2.9995675e-03  -1.9435683e-03   4.0336633e-03
   1.0091813e-01   2.3729829e-01  -2.8969402e+00   9.3456539e-05   2.6234422e-05   3.7080874e-03
   6.1264643e-02   5.5059095e-01  -4.6074617e+00  -1.2390314e-03  -2.6765973e-03   3.2585783e-03
   6.8065276e-02   5.6124986e-01  -4.6514378e+00  -1.4820583e-03  -3.9772813e-03   3.7320134e-03
   7.0816073e-02   5.8263592e-01  -4.7023909e+00  -2.3139831e-03  -3.9697247e-03   3.7902750e-03
   8.5369242e-02   5.2021281e-01  -4.6231832e+00  -7.9874686e-04  -3.7225959e-03   2.8152172e-03
   7.4214771e-02   4.9822800e-01  -4.4992161e+00  -2.0221191e-03  -1.6236054e-03   2.7547822e-03
   5.4152111e-02   5.0308878e-01  -4.4484169e+00  -2.1565791e-03  -1.2283795e-03   2.8174167e-03
   6.3064507e-02   5.1106758e-01  -4.3863009e+00  -2.6826120e-03  -1.2136462e-03   2.0552953e-03
   5.7380818e-02   5.0939052e-01  -4.3832448e+00  -2.1405847e-03  -1.1964964e-03   2.5856818e-03
   5.8432943e-02   4.9140069e-01  -4.4155379e+00  -2.2079032e-03  -1.1262339e-03   2.3409287e-03
   5.9447783e-02   4.7730064e-01  -4.3786697e+00  -2.5017743e-03  -1.2410327e-03   2.2949151e-03
   6.5236727e-02   4.9982722e-01  -4.3928298e+00  -2.7317050e-03  -9.7157248e-04   2.3798802e-03
   5.5507509e-02   4.8251812e-01  -4.3791515e+00  -2.7913943e-03  -9.7135325e-04   2.2412134e-03
   5.7269991e-02   5.0462219e-01  -4.4063862e+00  -2.5892048e-03  -8.0900189e-04   2.1461069e-03
   6.7876941e-02   5.1140877e-01  -4.4018161e+00  -3.7590550e-03  -8.7792483e-04   2.1857767e-03
   7.8010652e-02   4.8250635e-01  -4.0487946e+00  -4.3210889e-04   3.7684128e-04   1.8348698e-03
   8.7159339e-02   5.1083492e-01  -4.0740844e+00  -1.0152607e-03  -3.4754989e-04   1.9207335e-03
   8.8235240e-02   4.9300008e-01  -4.0864438e+00  -1.1944945e-03   8.7176818e-04   1.2262390e-03
   2.5731471e-02   3.2952622e-01  -3.4113645e+00  -2.1983993e-03   7.1585635e-03   1.4128683e-03
   6.1554874e-02   3.4185941e-01  -3.4221424e+00  -2.6849544e-05   8.4099142e-03   3.4522723e-03
   2.8978932e-02   3.0705344e-01  -3.1396610e+00  -4.4542733e-03   6.2658955e-03   3.8598849e-03
   5.0744819e-02   3.3851059e-01  -2.9881639e+00  -2.5716875e-03   6.3452861e-03   3.5735573e-03
   4.3364403e-02   3.2982394e-01  -2.8513162e+00  -6.6348752e-04   5.1023838e-03   3.4945827e-03
   5.2227119e-02   2.8143811e-01  -2.7420837e+00  -1.8915395e-04   6.1848499e-03   2.5020044e-03
   5.6258994e-02   2.7949550e-01  -2.6843074e+00  -5.6022199e-04   5.4450113e-03   2.5346579e-03
   4.8843844e-02   2.6537381e-01  -2.6517735e+00   2.4602590e-04   5.6990622e-03   2.7553443e-03
   4.7296897e-02   2.3884429e-01  -2.5609643e+00  -1.3291904e-02   9.8510808e-03  -1.0519134e-03
  -1.4373830e-02   2.7044988e-01  -2.8963778e+00   2.6425476e-03   4.8957500e-03   1.3375177e-03
   3.9336641e-03   3.0852158e-01  -3.4021091e+00  -5.6729230e-03   5.1124218e-03   3.1592390e-03
   7.5025222e-03   3.5488103e-01  -3.3473425e+00  -6.1696539e-03   5.0377183e-03   2.8165632e-03
   4.6985376e-03   3.3354373e-01  -3.2389399e+00  -5.4019937e-03   5.5707345e-03   2.7190510e-03
   1.5914372e-04   3.1242836e-01  -3.2029430e+00  -6.0535478e-03   5.6885725e-03   2.4629129e-03
  -3.7296608e-03   2.9046697e-01  -3.1506956e+00  -5.1809777e-03   5.9927664e-03   2.3827443e-03
   2.9856634e-03   2.8226908e-01  -3.1140243e+00  -4.3969231e-03   6.0748741e-03   2.1282747e-03
  -6.3149049e-03   2.9290873e-01  -3.0909971e+00  -3.8184069e-03   5.3442246e-03   2.3884146e-03
  -1.5476763e-02   2.6964325e-01  -3.0933452e+00  -4.4497988e-03   5.3837509e-03   2.5693987e-03
   9.6758070e-03   2.1705829e-01  -2.7162631e+00  -1.5259363e-02   1.0229915e-02  -3.4463791e-04
  -4.5265549e-02   4.2273335e-01  -2.8463994e+00  -1.5631271e-02   7.1744809e-03   4.3615835e-03
   8.2000031e-03   2.9873915e-01  -2.7720983e+00  -1.7029941e-03   8.1142595e-03   2.8294852e-03
  -6.8012138e-03   3.3322230e-01  -3.0301931e+00  -5.9085999e-03   7.9392326e-03   3.1712455e-03
   3.2423447e-02   3.2802685e-01  -2.9164551e+00  -4.0825773e-03   5.8472107e-03   2.4808374e-03
   4.7240101e-02   2.7521001e-01  -2.8551941e+00  -3.1047977e-03   5.0621321e-03   2.0509313e-03
   3.5971636e-02   2.9329235e-01  -2.8454395e+00  -3.1823882e-03   5.1033589e-03   1.7269985e-03
  -9.0913504e-03   2.7082849e-01  -1.9692636e+00  -4.1474374e-04   8.3944772e-03   1.6077647e-03
   7.9551689e-02   2.6340893e-01  -1.8941473e+00   3.4994463e-03   7.0747445e-03   1.0622065e-03
   7.8835652e-02   2.5399962e-01  -1.9402359e+00  -3.1734196e-03   4.3629835e-03   1.4760017e-03
   1.5144903e-01   2.9836108e-01  -1.6395870e+00   5.7818613e-03   2.6833785e-03   7.4891656e-04
   1.1517994e-01   1.9950304e-01  -1.6727873e+00   4.7094969e-03   4.5436490e-03  -1.4672030e-03
  -3.1754510e-03   4.0152936e-01  -3.1784316e+00  -8.2202342e-03   5.0944066e-03   1.3198699e-03
   6.2369759e-02   1.1789396e-01  -3.2201946e+00   1.0269066e-02   5.7100907e-04   3.2321791e-03
   3.7169702e-02   2.1225501e-01  -3.5297996e+00   7.6746158e-04   5.9003647e-03   3.9802763e-03
   5.0500999e-03   3.5725580e-01  -4.0618322e+00  -7.1230743e-03  -3.0305066e-03   4.5921546e-03
  -1.4281593e-02   4.2924911e-01  -4.1070105e+00  -8.5345631e-03  -3.1109532e-03   4.3866794e-03
   9.1974254e-03   3.9560464e-01  -4.0445574e+00  -8.3444485e-03  -1.7395021e-03   4.0114314e-03
   2.8462053e-02   3.6641078e-01  -3.9878148e+00  -8.3316673e-03  -1.5719461e-03   3.9251356e-03
   3.5647515e-02   3.4490311e-01  -3.9538996e+00  -6.6684884e-03  -1.3695708e-03   3.0312015e-03
   3.5154783e-02   3.4449047e-01  -3.9407010e+00  -6.9379144e-03  -1.0707778e-03   2.9957691e-03
   2.9947572e-02   3.4959618e-01  -3.9065197e+00  -7.3188320e-03  -7.4023671e-04   3.0948884e-03
   3.4019313e-02   3.2189680e-01  -3.9270655e+00  -7.1582884e-03  -3.9751529e-04   2.6505912e-03
   3.4733457e-02   3.2461594e-01  -3.8901031e+00  -6.8571042e-03  -2.0097935e-04   2.8553887e-03
   4.1798717e-02   3.5049267e-01  -3.8590987e+00  -7.5262667e-03  -7.8055895e-05   2.7968156e-03
   4.0632933e-02   3.6254667e-01  -3.8783830e+00  -8.0899950e-03  -1.3096075e-04   3.0445860e-03
   1.6713703e-02   3.6207822e-01  -3.8645719e+00  -7.5761644e-03   2.5453841e-04   3.1334346e-03
   3.7624124e-02   3.4286492e-01  -3.8767327e+00  -7.0358942e-03   3.6443953e-04   2.6266854e-03
   2.5816421e-02   3.4182626e-01  -3.8678198e+00  -7.3658832e-03   5.8924918e-04   2.9136912e-03
   4.5296003e-02   3.4272846e-01  -3.8670295e+00  -6.8830044e-03   8.6259254e-04   2.8247617e-03
   3.2898079e-02   3.6975600e-01  -3.8489950e+00  -7.3391473e-03   9.9162258e-04   2.9982721e-03
  -2.1821862e-02   3.5603421e-01  -2.7237144e+00  -4.8463898e-03   1.1350245e-02   4.2811463e-03
   3.6498430e-02   4.0101629e-01  -2.4307141e+00   2.9750621e-03   8.1369252e-03   1.7752685e-03
   4.6354818e-02   3.7448818e-01  -2.3363899e+00   4.0198078e-03   6.8131317e-03   2.5946591e-03
   9.9393001e-02   3.3851414e-01  -2.4111157e+00   5.0847035e-03   8.1855713e-03   7.0995782e-04
   7.8077400e-02   4.4177837e-01  -2.2246655e+00   3.9949018e-03   7.7341960e-03   1.2580719e-03
   7.1602730e-02   2.9490771e-01  -1.9392339e+00   4.7977422e-03   9.3819484e-03   1.8478550e-03
   1.1281727e-01   2.5220216e-01  -1.8169773e+00   5.8751143e-05   6.2665367e-03   1.2189167e-03
   1.8432650e-01   3.1635601e-01  -1.4466188e+00   9.1148965e-03   3.9520341e-05  -2.4215803e-05
   2.2112837e-01   2.8289454e-01  -1.4065687e+00   9.0932387e-03  -9.4945028e-04  -4.4501314e-04
   2.2362239e-01   2.7289962e-01  -1.3315793e+00   9.0346760e-03  -1.0937156e-03  -7.4758697e-04
   2.1370604e-01   2.5749138e-01  -1.3524793e+00   8.8738631e-03  -1.3475179e-03  -9.3671253e-04
   2.2695948e-01   2.7981548e-01  -1.3984271e+00   9.3296121e-03  -1.2852242e-03  -1.1283882e-03
   2.2882890e-01   2.6856349e-01  -1.3192141e+00   8.8216128e-03  -9.9882354e-04  -1.0118093e-03
   2.2957572e-01   2.3475883e-01  -1.2949134e+00   8.9066561e-03  -6.7322746e-04  -1.3195617e-03
   2.3250663e-01   2.4646562e-01  -1.3111719e+00   8.4361391e-03  -1.0588009e-03  -1.1797850e-03
   2.2152478e-01   2.4047013e-01  -1.2306765e+00   9.4763513e-03   8.5627388e-04  -1.5537499e-03
   2.1037510e-01   2.4978505e-01  -1.2600187e+00   9.7552651e-03  -4.5470427e-04  -7.9759419e-04
   2.5014112e-01   2.8550259e-01  -1.2461060e+00   2.4887564e-03   3.4442729e-04  -3.3994776e-03
   1.6573947e-01   1.5837199e-01  -4.0134195e-01   2.1990108e-02   1.7093524e-03  -9.0556611e-04
   1.2038649e-01   3.2912687e-01  -1.5521627e+00   9.0275327e-03   1.9633217e-03   1.2289594e-03
   1.4265319e-01   3.5982875e-01  -1.5550321e+00   1.0618561e-02   1.8734183e-03   1.1939845e-03
   1.2888263e-01   3.2880472e-01  -1.5399499e+00   1.1325157e-02   1.9586037e-03   1.6558170e-03
   1.4589816e-01   3.1692939e-01  -1.5373901e+00   1.1548826e-02   2.2587854e-03   1.1278892e-03
   1.1679748e-01   2.0239126e-01  -9.8448727e-01   3.8500833e-03   3.2195824e-04   2.8347347e-04
   2.3829220e-01   3.1386382e-01  -8.2921601e-01   1.3867308e-02  -2.6195061e-03  -1.5408495e-03
   2.5874221e-01   2.5794259e-01  -9.1012593e-01   1.4323563e-02  -2.9435677e-03  -1.8339746e-03
   2.4125189e-01   2.5855455e-01  -1.0364447e+00   1.3548191e-02  -2.5849909e-03  -1.1630213e-03
   2.4514531e-01   2.5822214e-01  -1.1959657e+00   1.3751229e-02  -2.8866367e-03  -1.1738769e-03
   2.5698481e-01   2.9898774e-01  -1.4075821e+00   1.3629419e-02  -2.0368170e-03  -1.6220568e-03
   2.3129473e-01   3.5347466e-01  -1.5906398e+00   1.4161574e-02  -1.9916961e-03  -1.1838855e-03
   2.7040599e-01   1.5069522e-01  -2.1631250e+00   1.0745753e-02  -1.0013544e-02   1.2976907e-03
   1.1353413e-01   3.5504498e-01  -2.9753248e+00   2.5442544e-03  -4.1550086e-03   5.4498049e-03
   1.9137878e-01   6.3000590e-01  -4.0105441e+00   1.5678266e-02  -4.7018384e-03   3.2560370e-03
   2.4246234e-01   6.6274756e-01  -4.0319352e+00   1.7973850e-02  -5.8366900e-03   1.9957684e-03
   2.2881892e-01   6.5453801e-01  -4.0465284e+00   1.7576209e-02  -6.4900661e-03   3.1416618e-03
   2.3608388e-01   6.5569381e-01  -4.0280907e+00   1.7583863e-02  -6.8985224e-03   3.2023952e-03
   2.2441134e-01   6.2135366e-01  -4.0234973e+00   1.6188784e-02  -7.6530244e-03   3.3863537e-03
   2.1254143e-01   6.2818451e-01  -4.0041685e+00   1.6214984e-02  -7.1534278e-03   3.3415463e-03
   2.2615053e-01   6.5163274e-01  -3.9924963e+00   1.5681966e-02  -6.5984242e-03   2.6609250e-03
   2.1278220e-01   6.2293544e-01  -3.9655988e+00   1.6186760e-02  -7.0785341e-03   2.8377389e-03
   1.9873975e-01   6.1985127e-01  -3.9798992e+00   1.5625063e-02  -6.9161134e-03   3.1239888e-03
   2.0668417e-01   6.1021747e-01  -3.9530743e+00   1.4834072e-02  -6.1656703e-03   2.1554361e-03
   1.8201482e-01   6.3119112e-01  -3.9119851e+00   1.5014577e-02  -6.1008510e-03   2.6987141e-03
   1.8680192e-01   6.0317750e-01  -3.8420328e+00   1.5407592e-02  -5.9586001e-03   2.7600629e-03
   1.8973037e-01   5.9964546e-01  -3.8122763e+00   1.5145046e-02  -6.1720379e-03   2.7726873e-03
   1.8560689e-01   6.3965837e-01  -3.7808186e+00   1.3377664e-02  -4.2080365e-03   1.9329034e-03
   1.5833874e-01   5.2277748e-01  -3.6625900e+00   8.2709461e-03  -3.3642570e-03   1.7701190e-03
   2.8517444e-01   5.3416069e-01  -2.4244142e+00   1.0740143e-02  -4.5940634e-03   1.0184924e-03
   1.0587639e-01   5.6919767e-01  -3.4483099e+00  -1.2630077e-02  -2.6439340e-03   4.2573816e-03
   1.6976084e-01   4.4953676e-01  -3.0519766e+00  -1.3527099e-03  -9.9582301e-04   9.4262575e-04
   1.5569578e-01   4.0188685e-01  -2.8735169e+00  -2.3678793e-03  -1.3420248e-03   8.6661142e-04
   1.5682938e-01   3.8549950e-01  -2.6408265e+00  -6.7718079e-04  -9.1554163e-04   7.5741478e-04
   1.6731076e-01   3.3881029e-01  -2.5191175e+00   6.0712200e-05  -4.0845767e-04   1.6372802e-04
   1.5412233e-01   3.3829127e-01  -2.4576079e+00   4.0454611e-04  -5.1393564e-04   3.5776620e-04
   1.6560830e-01   3.2462427e-01  -2.3993973e+00   7.8896634e-04  -4.5029476e-04  -1.3528511e-04
   1.5577086e-01   3.2617954e-01  -2.3924491e+00   7.1287371e-04  -6.1020817e-04   3.1774932e-04
   1.5933176e-01   3.2496578e-01  -2.3262157e+00   1.0487747e-03  -4.3448850e-04   5.4660749e-05
   1.2090706e-01   2.5738624e-01  -2.1884804e+00   4.1578817e-03   2.6846296e-03   1.9323205e-04
   1.6212351e-01   3.7813622e-01  -2.4707626e+00  -1.0754493e-02  -1.7181890e-03   2.2755905e-03
   1.9768333e-01   3.9274593e-01  -2.2718858e+00  -7.5423903e-04  -2.8618999e-03   7.9054632e-04
   1.0107275e-01   2.2828470e-01  -2.6780731e+00   1.1726221e-02   5.7554739e-04  -7.9986216e-04
   9.0463489e-02   3.5353005e-01  -3.5923485e+00  -5.9810291e-03  -6.6080177e-05   1.2764917e-03
   8.5334612e-02   3.7497579e-01  -3.5354770e+00  -6.0012416e-03  -3.4971989e-04   1.5263612e-03
   8.3355883e-02   3.2932153e-01  -3.3919643e+00  -4.6727650e-03  -4.3666842e-04   1.2265731e-03
   8.5654897e-02   3.1151845e-01  -3.3360371e+00  -4.0571087e-03  -4.6797309e-04   7.4870421e-04
   7.6736075e-02   2.9546033e-01  -3.2817194e+00  -3.1066557e-03  -7.9194316e-04   1.1198645e-03
   9.1076162e-02   3.0555154e-01  -3.2504777e+00  -2.9399945e-03  -9.7698831e-04   9.1195441e-04
   9.3958456e-02   3.1845770e-01  -3.2173396e+00  -3.8282284e-03  -2.6613049e-03   9.2898837e-04
   1.6335086e-01   2.9989914e-01  -3.0307913e+00  -6.1627947e-04  -3.6234735e-03   4.4998999e-05
   1.5430910e-01   2.9192281e-01  -2.9699379e+00  -8.6403428e-04  -1.7920077e-03  -4.5297513e-04
   1.2589906e-01   3.0848289e-01  -2.9710898e+00   3.0039164e-05  -1.7732705e-03   3.6151847e-04
   2.6807615e-01   3.1023455e-01  -1.2011377e+00   1.1359257e-02  -2.4776785e-03  -7.3068861e-04
   2.5334655e-01   3.4495850e-01  -1.3150897e+00   1.2221628e-02  -4.2731383e-03  -4.6034517e-04
   2.6047698e-01   2.6970696e-01  -1.3014106e+00   1.2048879e-02  -4.9763574e-03  -5.8337616e-04
   2.5753894e-01   2.9541717e-01  -1.3096706e+00   1.1776678e-02  -5.1863683e-03  -7.9387786e-04
   2.5728446e-01   2.5891176e-01  -1.3254717e+00   1.1813408e-02  -5.0130792e-03  -7.4719438e-04
   2.6009176e-01   2.7037880e-01  -1.3553579e+00   1.0582773e-02  -5.0509772e-03  -7.9800398e-04
   2.0891845e-01   2.5650252e-01  -1.5468804e+00   1.0162070e-02  -8.6768001e-04  -6.8681421e-05
   2.4464116e-01   2.7071985e-01  -1.5285252e+00   1.0999451e-02  -1.8207032e-03  -1.0936199e-03
   2.6087464e-01   2.3760835e-01  -1.2155273e+00   1.4147259e-02  -2.0004605e-03  -1.9878769e-03
   1.7050947e-01   2.9677560e-01  -1.4900417e+00   7.0127619e-03   2.2396064e-03   6.3242816e-04
   1.0805160e-02   1.7570014e-01  -1.4882066e+00   2.0626477e-02   2.4646555e-03   3.3798165e-03
   1.4088212e-01   2.8222477e-01  -2.6775530e+00   3.2886628e-03  -2.5249720e-03   2.8850019e-03
   1.4968904e-01   3.1235041e-01  -2.6087997e+00   1.7090630e-03  -2.9748185e-03   1.9950066e-03
   1.6296386e-01   2.6195952e-01  -2.4004834e+00   3.2997809e-03  -2.3540877e-03   1.5447797e-03
   1.5228775e-01   2.5578134e-01  -2.2510290e+00   5.7065113e-03  -2.3867245e-03   1.4283153e-03
   1.2649682e-01   2.5922197e-01  -2.6684632e+00   1.5045877e-03   7.7649510e-04   1.5412178e-03
   1.2548772e-01   2.5798034e-01  -2.6251835e+00   2.1700465e-03   1.4190102e-04   1.7874126e-03
   1.2157374e-01   2.3309062e-01  -2.6426981e+00   1.3689999e-03  -8.0281961e-05   1.5229484e-03
   1.4040891e-01   2.2610557e-01  -2.6095817e+00   8.7595417e-04  -4.5868588e-04   1.5448277e-03
   1.4212972e-01   2.4567557e-01  -2.5786567e+00   1.2732814e-03  -8.3704782e-04   1.2555817e-03
   1.2370515e-01   2.4679973e-01  -2.5802248e+00   2.9154804e-04  -4.3461565e-04   1.3849591e-03
   1.5832098e-01   2.7129534e-01  -1.9237567e+00  -1.4781871e-03   3.3152918e-03   8.9437757e-04
   1.7561937e-01   2.8838809e-01  -1.6057431e+00   1.0607247e-02   2.6059711e-03   1.6377674e-04
   2.1177674e-02   1.9596733e-01  -2.0688612e+00  -6.8986446e-03   6.0809031e-03   2.9539910e-03
   4.2996131e-02   2.0944483e-01  -2.9469720e+00  -6.1205713e-05   2.1036941e-03   4.0028582e-03
   1.0515705e-01   3.3962814e-01  -2.7244108e+00   1.4659769e-03   2.7173024e-03   2.8724921e-03
   1.1208484e-01   3.5008243e-01  -2.4937649e+00   3.1610909e-03   3.0537542e-03   2.9487688e-03
   9.1128398e-02   3.2365474e-01  -2.4019127e+00   4.1431594e-03   3.2809510e-03   2.4295228e-03
   9.0991581e-02   3.0083413e-01  -2.3204064e+00   5.2040575e-03   3.5785601e-03   2.2964113e-03
   1.1485053e-01   2.5081453e-01  -2.2625949e+00   6.9071459e-03   3.5952800e-03   1.8191783e-03
   1.0865223e-01   3.3333491e-01  -2.2964143e+00   9.6582279e-04   3.8658020e-03   1.4150399e-03
   1.4584014e-01   3.1721785e-01  -1.4609585e+00   1.0892028e-02   6.0999350e-03   8.5477772e-04
   1.6594892e-01   3.2393700e-01  -1.4160445e+00   1.0738645e-02   4.2336069e-03   5.7151796e-04
   1.6943647e-01   2.4885167e-01  -1.3818135e+00   1.1254485e-02   4.1674788e-03   3.8167332e-04
   1.8164346e-01   2.3980597e-01  -1.4458518e+00   1.0670785e-02   3.4741919e-03   1.5152220e-04
   1.9223549e-01   2.2728942e-01  -1.4169749e+00   1.0781800e-02   3.7911303e-03  -3.6447969e-05
   1.9673534e-01   2.1671848e-01  -1.4237909e+00   1.1216410e-02   3.2858398e-03  -8.5666608e-05
   1.9229352e-01   2.2957319e-01  -1.4084016e+00   1.1018186e-02   3.2547232e-03  -8.5520442e-05
   1.7760429e-01   2.5068886e-01  -1.4362788e+00   1.2575039e-02   5.9575261e-03  -1.0061653e-03
   1.1604544e-01   1.1085671e-01  -2.0872047e+00  -7.6678348e-03   3.3593195e-03   2.3703410e-03
   1.2304665e-01   4.4266515e-01  -2.6202184e+00   3.2619497e-03  -2.4535509e-03   2.3854705e-03
   1.4160565e-01   3.1186707e-01  -2.6102127e+00   3.6684253e-03   5.1039839e-05   1.0278965e-03
   1.3163467e-01   3.1694367e-01  -2.6228167e+00   2.5642116e-03  -1.4632231e-05   4.7377991e-04
   1.3655952e-01   3.3114584e-01  -2.5515803e+00   2.9139042e-03  -3.6700316e-04   6.0424541e-04
   1.5584977e-01   3.1413242e-01  -2.5537524e+00   2.7541160e-03  -1.3426779e-04   1.2817030e-04
   1.5675113e-01   2.6972193e-01  -2.5060633e+00   4.2342681e-03  -6.7626827e-06  -7.9565110e-05
   1.5842483e-01   3.1112892e-01  -2.4538917e+00   4.2598967e-03  -1.9074647e-04  -1.5184724e-04
   1.5106365e-01   3.0321577e-01  -2.4598824e+00   4.3788856e-03  -2.5300160e-04   1.2005093e-05
   1.5070565e-01   3.1473874e-01  -2.4792902e+00   3.5720403e-03  -5.9983285e-04  -9.5924867e-05
   1.5979198e-01   3.2425802e-01  -2.4971498e+00   3.7738143e-03  -1.1129710e-03  -1.8798500e-05
   1.5647035e-01   3.2556362e-01  -2.5040712e+00   3.5195430e-03  -4.0357323e-04   1.1639110e-05
   1.9238971e-01   1.6584564e-01  -2.0125942e+00   1.5371741e-02   1.1899599e-03   6.2648200e-04
   8.4040620e-02   3.8852895e-01  -2.4424575e+00  -1.1952535e-02   3.0532613e-03   2.3597948e-03
   2.1599695e-01   3.2984009e-01  -1.7297595e+00   1.0205795e-02  -2.4324015e-03   2.7081192e-04
   2.0563767e-01   3.4954398e-01  -2.0163837e+00   1.2445025e-02  -3.1246587e-03   5.1475286e-04
   1.8495233e-01   2.7380093e-01  -2.3416324e+00   4.7405129e-03  -3.5655553e-03   1.9882054e-04
   9.8990084e-02   3.5307727e-01  -2.3351527e+00   6.4179458e-03   1.1567489e-03   2.3636479e-03
   1.5583937e-01   2.8532107e-01  -2.1088599e+00   9.4773735e-03   1.2258861e-03   1.7188156e-03
   1.6763931e-01   3.0792332e-01  -2.0940696e+00   1.0027755e-02   6.7188214e-04   7.2551084e-04
   1.4622888e-01   3.1259936e-01  -2.1168693e+00   8.5733167e-03   1.2531222e-03   7.2019789e-04
   2.4144578e-01   2.7829563e-01  -2.1905568e+00   8.1379506e-03  -2.9745820e-03   1.3557178e-03
   3.3583149e-01   1.9051853e-01  -2.3695694e+00   5.4819247e-03  -7.6665892e-03   4.4707402e-03
   8.4283050e-02   4.0879144e-01  -3.6745783e+00  -4.0295428e-04  -1.4819226e-03   3.4267295e-03
   1.2841227e-01   4.2449502e-01  -3.5540060e+00   1.6259870e-03  -2.3663339e-03   2.8439721e-03
   1.2249592e-01   3.8387648e-01  -3.5240733e+00  -3.3352133e-04  -3.8961849e-03   4.0833573e-03
   1.1702401e-01   3.8803462e-01  -3.4825849e+00   1.0012001e-03  -2.8598469e-03   3.4852855e-03
   1.0959798e-01   3.5225748e-01  -3.4150182e+00   1.2445719e-03  -3.2224783e-03   3.2296768e-03
   1.1962395e-01   3.3896621e-01  -3.4118920e+00   1.3482673e-03  -3.2524470e-03   2.8978118e-03
   1.1377995e-01   3.7965734e-01  -3.4335524e+00   5.0153059e-04  -3.0158081e-03   2.8137230e-03
   1.1277604e-01   3.3492435e-01  -3.3579067e+00   1.5338499e-03  -2.9412903e-03   2.6163611e-03
   1.2076174e-01   3.3819684e-01  -3.3639834e+00   1.7987134e-03  -2.6989036e-03   2.2686750e-03
   1.2382519e-01   3.3580711e-01  -3.3232479e+00   1.3080829e-03  -2.7868212e-03   2.4219952e-03
   1.1973106e-01   3.5277118e-01  -3.3088200e+00   2.0612389e-03  -3.1917533e-03   2.2205118e-03
   1.1648220e-01   3.5698838e-01  -3.3012656e+00   2.8537119e-03  -2.4123827e-03   1.7891871e-03
   1.4002894e-01   4.0125764e-01  -3.3128388e+00  -1.3127916e-03  -1.4318843e-03  -4.1384089e-04
   1.2324804e-01   4.1166420e-01  -3.3240569e+00   1.8753807e-03  -1.7755888e-03   9.9148785e-04
   7.4005778e-02   3.7654493e-01  -3.3916081e+00  -7.3432663e-03  -1.5439089e-04   2.5752397e-04
   1.7984658e-01   3.9290033e-01  -2.4967579e+00   6.1110656e-03  -1.1158789e-03   7.5449993e-04
