   0.0000000e+00   0.0000000e+00   0.0000000e+00   0.0000000e+00   0.0000000e+00   0.0000000e+00
  -5.3038628e-03  -8.0224261e-03  -7.1568566e-03  -5.9249122e-04  -4.9437212e-04  -4.3356555e-05
   3.8402625e-02  -6.6466324e-02  -1.1454303e-01   9.4682815e-04  -1.0353605e-03  -1.4508211e-04
   4.2678222e-03   5.4688750e-03   6.7174086e-02   1.6562131e-03  -9.7733512e-04   2.6054227e-04
  -2.0605119e-04   8.9707141e-03   8.0364219e-02   5.0042394e-04  -1.5500299e-03   8.5649170e-04
  -7.4883330e-03   7.7119648e-03   2.5756806e-02   1.1188312e-03   1.4946518e-03   3.4139470e-04
   1.9460604e-02  -1.2494570e-02  -8.2580137e-03  -1.3339586e-03  -6.5280385e-04   6.4820056e-04
   5.4629188e-02  -5.6015016e-02   5.6675892e-01   6.7948286e-03  -8.0283396e-04  -5.0370176e-04
   5.4097429e-02  -1.2143972e-01   3.8636003e-01   5.3856913e-03   1.2257175e-04   2.6692535e-04
   5.0932850e-02  -5.5901431e-02   4.4631744e-01   6.3899001e-03  -1.3639603e-03   2.0101426e-04
   5.0719383e-02  -8.3293275e-02   5.7097552e-01   8.3186487e-03  -3.1145928e-03   1.6360595e-05
   6.2912535e-02  -1.9873089e-02   2.3247881e-01   5.5320596e-03  -3.0492394e-03   7.4205581e-04
   6.4213078e-02  -3.4005786e-02   2.1710215e-01   4.3193068e-03  -3.7406070e-03   4.7538466e-04
   5.8715663e-02  -4.2926410e-02   1.7604088e-01   2.8174193e-03  -3.5643958e-03   1.9805752e-04
   5.7488337e-02  -2.8210319e-02   1.7844660e-01   2.7226748e-03  -3.6065333e-03   5.5873038e-04
   9.3148162e-02  -1.0756079e-01   1.7582682e-01   1.8080405e-03  -2.4192215e-03  -6.1183271e-04
   6.5592795e-02  -5.0049989e-02   5.5739368e-01   4.3850971e-03  -3.8422282e-03  -8.3891081e-04
   1.0494933e-01   1.6917999e-01   1.2124193e+00  -3.1964079e-02   1.5175041e-03  -2.9147217e-03
   1.5110880e-01   1.2287067e-01   3.0959379e+00  -5.9166525e-03  -2.4641943e-03  -4.3729682e-03
  -2.4774670e-03  -4.1194145e-01   3.1454872e+00   1.8736679e-02   1.6548338e-03  -5.4963128e-05
   6.9225172e-02  -1.7424740e-01   1.4682115e+00  -4.8884292e-03  -2.5766397e-03  -2.3727959e-03
   4.7796943e-02  -1.2750760e-01   1.3360851e+00  -9.0657493e-03  -2.2972532e-03  -2.3677345e-03
   1.5041033e-03  -9.6908175e-02   1.3679002e+00  -1.2469770e-02   3.8876339e-04  -3.4220418e-03
   2.7500911e-02  -1.3419893e-01   1.3079901e+00  -1.2906278e-02  -2.9939416e-04  -3.6617391e-03
   1.6162142e-02  -1.6351442e-01   1.3870997e+00  -1.0241507e-02  -6.4395515e-04  -3.8049839e-03
   4.0981797e-02  -1.1354760e-01   1.3473553e+00  -1.2351704e-02   4.3071188e-04  -3.3635671e-03
   2.6631263e-02  -1.3754943e-01   1.4083018e+00  -1.1221056e-02  -5.6083889e-05  -2.8450935e-03
   2.8112651e-02  -1.4966146e-01   1.4254438e+00  -1.0653223e-02   8.6467254e-04  -3.1469366e-03
   4.0160362e-02  -1.3354306e-01   1.3409312e+00  -1.1622040e-02   4.2576802e-03  -4.4990263e-03
   8.7273549e-03  -1.5569472e-02   7.0506015e-01  -1.8652732e-02   4.4658362e-03  -3.5267408e-03
  -1.0382953e-01  -1.4989177e-01   2.7034822e+00  -3.8470607e-03   5.3081782e-03   5.2893211e-03
   5.4342079e-02  -1.1453345e-01   1.9486507e+00   5.1851172e-03  -3.0181148e-03   3.2114876e-03
   5.8028420e-02  -8.2303556e-02   1.5887201e+00  -1.9610741e-03  -6.3814929e-03   1.5508404e-03
   6.9440805e-02  -1.2204813e-01   1.6673736e+00  -1.6544212e-03  -6.6649547e-03   4.7829127e-04
   8.6573675e-02  -1.1559535e-01   1.6860857e+00  -1.7809779e-03  -6.0948387e-03  -1.0518007e-04
   7.6108348e-02  -1.1964866e-01   1.6307678e+00  -2.2281899e-03  -5.6872689e-03   8.9723611e-05
   7.9727270e-02  -1.3900508e-01   1.6533260e+00  -1.9827889e-03  -5.9632911e-03   6.3597070e-05
   7.2977513e-02  -1.2293232e-01   1.6873462e+00  -1.3177364e-03  -5.4960015e-03  -8.1240746e-05
   7.3234355e-02  -1.3419884e-01   1.6522089e+00  -1.9964730e-03  -5.4090427e-03  -1.3931366e-04
   9.1685843e-02  -1.7517564e-01   1.5066666e+00   5.6834405e-04  -5.3894223e-03  -4.3507550e-04
   3.1386318e-02   7.3331053e-02   8.6393607e-01  -7.5954302e-03  -2.7917860e-03  -7.7263405e-04
   2.0015772e-02   2.7107722e-02   8.5781842e-01  -8.4124469e-03  -3.1773016e-03  -5.0534007e-04
   2.7201546e-02   3.7646072e-02   7.6807078e-01  -7.1510813e-03  -3.9211610e-03  -3.6028730e-04
   2.4373187e-03  -9.0798430e-03   8.7111393e-01  -6.4152948e-03  -2.8838652e-03  -6.4076716e-04
   1.2084313e-02   2.2930928e-02   8.2825203e-01  -7.8987778e-03  -3.0046906e-03  -6.1385993e-04
   3.7032233e-03   3.8783021e-02   8.0030550e-01  -9.2515670e-03  -3.4275181e-03  -5.2780686e-04
   1.5327508e-02   1.1041811e-02   7.9663594e-01  -7.3136919e-03  -3.0943635e-03  -5.6633418e-04
   3.4726745e-02   1.4987407e-02   7.3867168e-01  -7.1855274e-03  -2.9208952e-03  -8.7904462e-04
   2.6756316e-02  -5.9415754e-04   7.7902249e-01  -7.3036092e-03  -3.2788618e-03  -8.2428747e-04
   3.0549219e-02  -2.6118842e-03   8.0039198e-01  -6.2305837e-03  -3.3611041e-03  -1.1560905e-03
   3.0807105e-02   2.6800800e-02   7.7954526e-01  -7.1602065e-03  -3.6903014e-03  -8.9641811e-04
   3.4300120e-02   9.3625887e-02   5.7288756e-01  -9.0077528e-03  -2.5628980e-03  -1.5760016e-03
   1.9526515e-02   5.1736786e-02   7.3327366e-01  -1.0059958e-02  -2.3163873e-03  -2.3183231e-03
   3.0441543e-02   5.2726228e-02   6.7172214e-01  -9.4050111e-03  -3.4905702e-03  -1.5932472e-03
   2.5006065e-02   4.0548344e-02   7.1844570e-01  -8.5592198e-03  -3.3957340e-03  -1.4517444e-03
   2.6292485e-02   2.0031735e-02   7.8420909e-01  -7.3434117e-03  -3.2268078e-03  -1.5263899e-03
   2.5711797e-02   2.3410008e-02   7.5837138e-01  -7.8946122e-03  -3.4216771e-03  -1.4318949e-03
   2.0022391e-02   2.6673315e-02   7.8002031e-01  -7.4023883e-03  -3.3028966e-03  -1.4181669e-03
   2.3281312e-02  -9.0772923e-03   7.5471254e-01  -7.8222855e-03  -3.7827081e-03  -1.3206023e-03
   2.6193091e-02   2.5662936e-02   7.6522337e-01  -7.8310512e-03  -3.7662636e-03  -1.5107763e-03
   3.7300017e-02   9.6804883e-03   7.6356823e-01  -7.5619025e-03  -3.5303577e-03  -1.6970829e-03
   3.7398319e-02   1.1565001e-02   7.2269170e-01  -8.2068986e-03  -4.1310870e-03  -1.5214772e-03
   2.8756851e-02   1.3554499e-02   6.8982800e-01  -8.9465736e-03  -3.0462563e-03  -1.7779911e-03
   4.1933211e-02   6.5452979e-02   6.1464989e-01  -9.8676940e-03  -3.4829347e-03  -1.6144169e-03
   4.2050977e-02   1.0261438e-02   6.8131639e-01  -8.3757286e-03  -3.5801496e-03  -1.4969367e-03
   3.5208972e-02   2.7195860e-03   6.7501536e-01  -8.2165358e-03  -3.9728607e-03  -1.3332073e-03
   2.5401195e-02  -2.7102397e-02   7.6088159e-01  -8.5096705e-03  -2.6880806e-03  -1.3695040e-03
   3.1437240e-02  -1.0233522e-04   7.3971794e-01  -7.8543500e-03  -3.4490426e-03  -1.6444518e-03
   3.1324824e-02  -2.2327405e-02   7.6522030e-01  -6.8945696e-03  -3.5180191e-03  -1.6579806e-03
   2.7770336e-02  -4.6361901e-03   6.8483905e-01  -7.6928234e-03  -3.9466421e-03  -1.4245184e-03
   4.4938894e-02  -2.2632643e-02   7.9625616e-01  -5.7926717e-03  -4.0022793e-03  -1.5456313e-03
   3.9744095e-02  -5.4547901e-02   8.9677651e-01  -4.8105356e-03  -3.9058504e-03  -1.6466922e-03
   3.1234352e-02  -2.2064535e-02   8.1274905e-01  -6.2863811e-03  -3.5520365e-03  -1.4706970e-03
   4.7768155e-02  -7.8390673e-02   7.5558537e-01  -2.4577931e-03  -3.5172025e-03  -1.5747869e-03
   5.0410471e-03   5.7394426e-02   5.3536159e-02  -1.0710468e-02  -3.0819037e-03  -1.1255896e-03
   5.9717829e-03   2.9706984e-02   9.6947255e-02  -1.0951278e-02  -2.8271067e-03  -1.0166578e-03
   1.9726201e-02   6.0759664e-02   7.1609944e-02  -1.1371365e-02  -2.9649489e-03  -1.5215747e-03
   1.7180517e-02  -2.7389689e-02   1.1813547e-01  -9.1371143e-03  -2.2866406e-03  -1.4561086e-03
   1.3808750e-03   9.2990494e-03   1.9662121e-01  -9.3028037e-03  -2.6019456e-03  -1.1868981e-03
   8.3851879e-03  -1.5091524e-02   2.4020615e-01  -1.1190495e-02  -2.3010645e-03  -1.2418913e-03
   1.5178167e-02   1.3778572e-02   2.3122346e-01  -9.5667999e-03  -2.4059093e-03  -1.5884023e-03
   1.1675543e-02   3.8511891e-02   1.5075236e-01  -1.0091494e-02  -2.5517841e-03  -1.4588541e-03
   1.2037938e-02   3.4551300e-03   2.2239562e-01  -9.6920532e-03  -2.1700945e-03  -1.4304438e-03
   5.0322789e-03  -4.3515236e-03   2.2596630e-01  -9.8839001e-03  -1.9227977e-03  -1.7592514e-03
  -3.4195757e-04  -3.1023106e-03   2.3843935e-01  -9.2286826e-03  -1.9544620e-03  -1.4720594e-03
   2.3687974e-02  -1.4643252e-02   3.0598367e-01  -7.5547702e-03  -3.3342191e-03  -1.7628197e-03
   6.0680375e-03  -3.8326536e-03   3.0075167e-01  -8.7327743e-03  -3.1637003e-03  -1.2291057e-03
   1.2519876e-02  -9.6468943e-03   2.5680076e-01  -9.8242156e-03  -3.5018545e-03  -1.3261594e-03
   1.5538743e-02   6.4598664e-03   2.4538178e-01  -1.0984985e-02  -2.9923598e-03  -1.4430402e-03
   2.0481739e-02   4.5332843e-03   2.9916240e-01  -8.5799440e-03  -3.3026120e-03  -1.4757341e-03
   4.4138385e-03   1.4323429e-02   2.7667451e-01  -9.2922946e-03  -2.9120704e-03  -1.5269413e-03
   7.0552075e-03   1.9959758e-03   2.7818924e-01  -9.3471282e-03  -3.3254439e-03  -1.4069985e-03
   7.4162542e-03  -2.1683390e-03   2.6453344e-01  -9.3028534e-03  -3.1828449e-03  -1.5267017e-03
   1.9764376e-02   3.9415798e-02   1.2680885e-01  -8.5473459e-03  -4.0696808e-03  -1.2978354e-03
   1.0877224e-02   3.2713380e-02   2.1487155e-01  -8.7009128e-03  -3.7070615e-03  -1.5142008e-03
   2.0655043e-02   1.5288677e-02   2.5028826e-01  -8.3149252e-03  -4.6735650e-03  -9.1252497e-04
   2.3666614e-02  -2.9166643e-04   2.4052218e-01  -8.2699971e-03  -4.3451304e-03  -8.1996298e-04
   8.5067272e-04  -2.4505537e-03   4.2061120e-01  -5.6104743e-03  -4.6316113e-04  -1.4451179e-03
   2.7665626e-03   4.0264768e-02   3.7190517e-01  -7.4542077e-03  -3.6405500e-03  -7.1353989e-04
   2.7035430e-02   8.3438248e-02   2.6484367e-01  -1.1105458e-02  -4.7334573e-03  -1.3121893e-03
   2.7033106e-02   4.6801579e-02   3.4377205e-01  -8.8083617e-03  -4.4202596e-03  -1.3442179e-03
   2.6160845e-02   3.4287969e-02   3.8848381e-01  -9.2663889e-03  -4.6493873e-03  -1.2679400e-03
   3.0213885e-02   9.3713134e-03   3.7800019e-01  -8.9157230e-03  -4.3364914e-03  -1.5023982e-03
   3.1726041e-02  -4.5769307e-02   3.2972162e-01  -7.8005651e-03  -4.1170012e-03  -1.4625274e-03
   2.8787234e-02   1.7091182e-02   4.4655545e-01  -6.7380695e-03  -4.2391952e-03  -1.4321565e-03
   1.7272294e-02  -2.2570600e-03   4.7858527e-01  -7.2587190e-03  -3.7235120e-03  -1.4681073e-03
   1.7758757e-02   5.1968059e-02   2.8505797e-01  -9.5185489e-03  -3.6834742e-03  -9.3018372e-04
   2.2001484e-02   1.9981085e-02   4.3257997e-01  -6.7249850e-03  -3.5988507e-03  -1.4248594e-03
   1.9229046e-02   1.2559420e-02   4.1498649e-01  -8.0736880e-03  -3.4719111e-03  -1.3680142e-03
   2.1568601e-02   1.9973439e-02   3.8417596e-01  -7.5596231e-03  -3.2888531e-03  -1.3302055e-03
   3.2774361e-02   2.8393551e-02   3.6301668e-01  -6.7730121e-03  -6.0746457e-03  -1.0903552e-03
   2.9927290e-02   3.7398789e-02   2.2221766e-01  -8.3568030e-03  -4.6952961e-03  -1.0572392e-03
   2.2687670e-02   4.1075714e-02   3.8556492e-01  -7.0716914e-03  -5.2055737e-03  -8.3342220e-04
   3.0612768e-02  -2.5086191e-02   4.0528531e-01  -7.6077243e-03  -4.9651616e-03  -1.4205644e-03
   2.0002632e-02   7.2480363e-03   3.7269593e-01  -8.0039316e-03  -4.8461708e-03  -1.3572222e-03
   1.4636858e-02   1.8806181e-02   3.4810613e-01  -8.1288475e-03  -4.5480463e-03  -1.3003120e-03
   1.9361413e-02   2.1458380e-02   3.4367183e-01  -8.5016803e-03  -4.0284642e-03  -1.3680842e-03
   1.7327248e-02   3.4933150e-02   3.2716426e-01  -7.8555659e-03  -4.7027064e-03  -1.3315593e-03
  -5.5664151e-03  -4.7335215e-02   5.5990010e-01  -3.1925092e-03   8.1397539e-04  -1.5456663e-03
   3.5519009e-03   6.5631398e-03   4.7382072e-01  -6.1221281e-03  -7.6256285e-04  -1.4486880e-03
   1.9792676e-02  -7.6226461e-03   4.6729782e-01  -6.5856612e-03  -1.2599772e-03  -1.7878363e-03
   1.9382860e-02  -1.6654834e-02   4.4289488e-01  -6.9629443e-03  -1.2006661e-03  -1.9856492e-03
   3.0645060e-02   1.0933669e-02   4.2399221e-01  -6.1542120e-03  -3.2773910e-03  -1.4302037e-03
   2.6762280e-02  -4.2223111e-03   5.1285476e-01  -5.4118526e-03  -2.8595477e-03  -1.2692812e-03
   2.2485696e-02  -2.2042734e-02   4.9519328e-01  -5.8529680e-03  -3.4640593e-03  -1.1356521e-03
   2.7935456e-02   1.5011237e-03   4.6277856e-01  -6.5490036e-03  -2.7086499e-03  -1.6577440e-03
   3.4706211e-02  -3.1798678e-02   4.6264352e-01  -4.6025891e-03  -3.6925656e-03  -1.5710772e-03
   2.2547898e-02  -2.1442335e-02   4.4831882e-01  -5.2014988e-03  -2.9838509e-03  -1.3714194e-03
   1.8819399e-02  -3.0246345e-02   3.8432946e-01  -5.4775938e-03  -2.7850622e-03  -1.3090992e-03
   5.2051519e-02  -1.0497601e-01   5.1239311e-01  -2.7872322e-04  -2.7012202e-03  -1.2280243e-03
   8.1516744e-02  -1.4802338e-01   6.4188882e-01   5.4624770e-03  -3.4895579e-03   1.2391162e-04
   3.8144174e-02  -1.1924213e-01   6.3264577e-01   1.9956079e-03  -3.6919826e-03  -9.9710760e-04
   5.8838765e-02  -7.1086545e-02   5.6008979e-01  -1.4293869e-03  -5.5219555e-03  -1.7480400e-03
   7.4769924e-02  -4.9351939e-02   5.5524769e-01  -2.1067123e-03  -5.7435567e-03  -1.4234136e-03
   7.9354543e-02  -2.3785524e-03   3.4660308e-01  -4.0484590e-03  -5.1213712e-03  -1.6883790e-03
   7.6778838e-02  -1.4145278e-02   4.0037645e-01  -4.3113299e-03  -5.6087179e-03  -1.7875999e-03
   6.1224620e-02  -8.1308535e-03   3.7626840e-01  -4.9758106e-03  -5.2753747e-03  -1.8752013e-03
   5.9272660e-02  -2.3855513e-02   4.0403359e-01  -4.2221297e-03  -5.1143966e-03  -1.8882749e-03
   4.8431574e-02  -1.2760012e-02   4.0070621e-01  -4.4035277e-03  -4.9756613e-03  -1.7181260e-03
   6.1553114e-02  -5.9683178e-02   4.9321971e-01  -7.7786899e-04  -4.6052144e-03  -1.7473475e-03
   5.5742903e-02  -4.1639233e-02   5.4007658e-01  -2.4141148e-03  -4.3330254e-03  -1.7083549e-03
   5.4520149e-02  -2.7427684e-02   5.0625968e-01  -2.7472330e-03  -4.3699328e-03  -1.8424443e-03
   4.8192324e-02  -4.9687219e-02   4.6961665e-01  -4.4983693e-03  -4.2449606e-03  -1.7183376e-03
   6.5580190e-02   1.2075590e-02   4.0394535e-01  -4.3023229e-03  -5.8561488e-03  -1.7229533e-03
   5.7376205e-02  -4.9109693e-02   6.2093898e-01  -2.4517075e-03  -5.3357523e-03  -1.7972806e-03
   4.5774580e-02  -2.5571323e-02   4.3011698e-01  -3.2997323e-03  -3.9331214e-03  -1.6959097e-03
   7.0397383e-02  -3.9484336e-02   4.9950172e-01  -3.4898526e-03  -6.2940917e-03  -1.7780596e-03
   5.7641542e-02  -3.6885443e-02   4.7565450e-01  -4.0314129e-03  -5.1630990e-03  -1.5174738e-03
   5.3460762e-02  -3.3682778e-02   4.7017361e-01  -4.5006917e-03  -5.3034781e-03  -1.5584945e-03
   5.4970096e-02  -5.2674915e-02   4.6594290e-01  -4.0163593e-03  -5.2901391e-03  -1.6098081e-03
   4.7645728e-02  -5.0553149e-02   4.2782228e-01  -4.4274101e-03  -4.8131348e-03  -1.4220889e-03
   4.4682475e-02  -5.4011603e-02   4.3170947e-01  -5.2530929e-03  -4.4935518e-03  -1.6359499e-03
   6.4542420e-02  -2.2488188e-02   3.6082786e-01  -2.8324740e-03  -4.8814325e-03  -1.2686422e-03
  -2.4899075e-02   4.2141713e-02  -3.4211314e-01  -1.0732103e-02  -1.5893222e-03  -2.6834214e-04
  -4.0375591e-03   6.2750223e-02  -1.0096679e-01  -9.6768507e-03  -2.4676893e-03  -1.1338141e-03
   1.0500960e-02   2.0487461e-02   5.3501356e-04  -7.1148667e-03  -3.1098739e-03  -1.0539320e-03
  -2.0858885e-02  -2.1964037e-02   8.4205562e-02  -5.7613382e-03  -4.6552439e-04  -1.2358248e-03
  -1.1553274e-02   1.9353241e-02   2.8714621e-02  -7.6221211e-03  -1.6969445e-03  -1.2500576e-03
  -6.2551701e-03   4.5863491e-03   6.9530315e-02  -7.8350738e-03  -1.8216556e-03  -1.3307425e-03
  -1.6473276e-03   1.3904843e-02   4.4077216e-02  -7.6095920e-03  -1.9503632e-03  -1.4063655e-03
  -7.8819341e-03  -1.7796093e-02   7.7516034e-02  -8.2272683e-03  -1.7736886e-03  -1.7529436e-03
  -3.1462308e-03   3.1143872e-02   3.2890621e-02  -1.0000308e-02  -1.4974302e-03  -1.5555310e-03
   3.9352435e-03   1.8922490e-02   4.7732542e-02  -7.2602544e-03  -2.8496668e-03  -1.3718575e-03
   1.7260178e-03   1.7804377e-02   9.4839061e-02  -7.0525524e-03  -2.3372797e-03  -1.2978304e-03
  -2.9313576e-04   1.5583530e-02   6.8602755e-02  -7.7903218e-03  -2.3491730e-03  -1.2226122e-03
   7.4359590e-03   1.9376585e-02   1.1805637e-02  -6.0126792e-03  -2.5540246e-03  -1.0672075e-03
   2.0606235e-02  -9.1983904e-04   1.2910224e-01  -4.1116303e-03  -3.1675764e-03  -1.0552277e-03
   1.3749958e-02   1.3797779e-02   1.6168070e-01  -4.3941690e-03  -2.9415497e-03  -1.0642023e-03
   3.7528034e-03   4.3596161e-02   8.6936951e-02  -6.4755614e-03  -3.1678942e-03  -9.8708010e-04
   4.3121775e-02   3.8251030e-02   1.3276905e-01  -7.2246981e-03  -5.0808459e-03  -8.7023747e-04
   4.0724211e-02   1.7065307e-02   1.4204331e-01  -6.0492051e-03  -4.4384618e-03  -9.6708526e-04
   3.7117929e-02   2.6452233e-02   1.7219223e-01  -7.3538802e-03  -4.4908462e-03  -1.0374797e-03
   4.3486989e-02   5.8822056e-02   1.2426794e-01  -7.4847190e-03  -3.8969149e-03  -1.3916440e-03
   1.9773656e-02   1.9772263e-02   1.5750521e-01  -6.4781395e-03  -3.7270851e-03  -1.0722276e-03
   1.9752672e-02   2.3398374e-03   2.0164455e-01  -6.5786737e-03  -3.4375965e-03  -1.1203531e-03
   1.7170557e-02   3.7713681e-02   1.7022641e-01  -6.2477475e-03  -3.8253020e-03  -9.6541355e-04
   1.8611358e-02  -1.8069679e-02   2.2279006e-01  -5.6651919e-03  -1.5681277e-03  -1.2617226e-03
   9.4794314e-03  -3.3805455e-02   3.4774864e-01  -1.5590324e-03  -3.1972283e-03  -9.3471038e-04
   2.2528944e-02  -1.1152976e-02   3.3557647e-01  -2.0052267e-03  -3.3370993e-03  -1.1942915e-03
   4.2605334e-02  -7.9195668e-02   2.9566673e-01   1.7434721e-03  -3.9113645e-03  -1.2268203e-03
   5.3975212e-02  -6.1380968e-02   3.2195562e-01  -2.4999121e-04  -5.5003463e-03  -8.5426856e-04
   6.5455156e-02  -6.7885646e-02   4.4421371e-01  -7.2696821e-04  -5.3708657e-03  -1.5683822e-03
   5.9683238e-02  -2.2302480e-02   3.6524061e-01  -3.6121425e-03  -5.1403674e-03  -1.5713484e-03
   6.0654891e-02  -2.7222976e-02   3.5957975e-01  -3.4698156e-03  -5.1671026e-03  -1.8215481e-03
   4.9950806e-02  -2.5462141e-02   2.9943098e-01  -4.3034004e-03  -4.9822821e-03  -1.5619923e-03
   4.9971141e-02  -6.3401827e-02   2.9528821e-01  -6.6468473e-04  -6.1137583e-03  -9.8751467e-04
   5.5700334e-02  -3.6184799e-02   4.0244694e-01  -2.9252889e-04  -4.9942300e-03  -1.7086886e-03
   3.1271711e-02  -7.2029406e-02   4.6006715e-01   1.0830814e-03  -3.0794423e-03  -1.8810628e-03
   3.7401957e-02  -8.3627249e-03   3.6561376e-01  -1.6387014e-03  -3.2830249e-03  -1.2266570e-03
   2.7011487e-02  -4.4462165e-02   3.8043783e-01  -1.2481335e-03  -3.4961456e-03  -1.0436462e-03
   2.5961590e-02  -3.6409466e-02   3.7749279e-01  -1.5949965e-03  -3.0760257e-03  -1.1403843e-03
   3.4190607e-02  -3.7578345e-02   4.1152607e-01  -1.2708572e-03  -3.7251393e-03  -1.1458981e-03
   4.0531279e-02  -2.8534317e-02   3.9009747e-01  -1.8080365e-03  -4.0117066e-03  -1.1929199e-03
   3.7758854e-02  -6.5873709e-02   4.3964026e-01  -1.1513153e-03  -3.7347356e-03  -1.1725623e-03
   6.0068105e-02  -8.1668145e-02   3.5217515e-01  -2.0026609e-03  -5.5579159e-03  -1.3265510e-03
   6.4297851e-02  -2.6544613e-02   3.4701246e-01  -1.8619337e-03  -6.5946872e-03  -1.2660497e-03
   7.1578956e-02  -3.7617249e-02   3.7127049e-01  -1.8647920e-03  -6.6954918e-03  -1.4575223e-03
   4.9615446e-02  -3.1622588e-02   3.7010155e-01  -1.7073632e-03  -6.3784758e-03  -1.4798720e-03
   4.4559804e-02  -1.1362500e-01   3.6167002e-01   1.9616315e-03  -3.3178599e-03  -8.5165081e-04
   3.7790346e-02  -2.7982908e-02   3.1825337e-01  -3.3589006e-04  -3.6697949e-03  -9.5371931e-04
   3.2013275e-02  -2.8455729e-02   3.3101075e-01  -8.7968268e-04  -4.0272993e-03  -6.4550072e-04
   2.4790438e-02  -6.0285492e-02   3.7585041e-01   2.9914634e-04  -3.8496019e-03  -8.6931927e-04
   1.6175914e-02  -2.3982892e-02   3.6534706e-01   5.6040936e-04  -3.4288781e-03  -6.6272280e-04
   4.3762739e-02  -4.2240925e-02   3.3185038e-01   1.6871013e-04  -4.9241445e-03  -5.8585616e-04
   4.8572042e-02  -7.8038551e-02   4.6303488e-01   2.0434545e-03  -5.4251077e-03  -7.1093988e-04
   4.5539274e-02  -6.7386135e-02   3.7660474e-01   8.0753733e-04  -5.7026915e-03  -7.1056175e-04
   3.8746512e-02  -3.7554336e-02   3.5164628e-01   2.4529191e-05  -5.0568103e-03  -6.2034191e-04
   3.5959947e-02  -5.6092423e-02   3.1406024e-01   4.8531670e-04  -5.0702653e-03  -6.5093440e-04
   3.9324427e-02  -4.3738927e-02   2.3732485e-01  -6.0396862e-04  -4.8351085e-03  -6.5209931e-04
   3.7814643e-02  -1.9087732e-02   2.2206564e-01  -8.3003811e-04  -5.0921513e-03  -5.5554805e-04
   2.0157738e-02  -3.3789422e-02   3.2670227e-01   9.2078906e-04  -3.0990695e-03  -6.2338448e-04
   1.4437345e-02  -3.4919641e-02   2.2006044e-01  -4.2910325e-04  -3.2748088e-03  -4.4450272e-04
   9.6217229e-03  -9.7440053e-07   2.0346783e-01  -1.4495436e-03  -3.3986653e-03  -5.3893828e-04
   2.0818353e-02   8.2944784e-03   1.6317524e-01  -1.3359116e-03  -3.5470819e-03  -6.6536916e-04
   3.0384342e-02  -4.3841542e-02   1.4032040e-01   2.0250845e-03  -1.6571273e-03  -1.1505669e-03
   1.7152583e-02  -5.4054016e-03  -1.3176133e-01  -2.7282705e-03  -2.7132827e-03  -3.2476806e-04
   1.1613184e-02  -2.2238397e-02  -5.2939517e-02  -2.3700815e-03  -4.0636487e-03  -1.6428915e-04
   3.1918770e-03  -1.4457679e-02  -9.1789865e-02  -3.2500906e-03  -3.9810754e-03  -8.6510574e-05
   9.9520071e-03  -4.7269917e-02  -1.0687547e-02  -2.8349576e-03  -3.7541809e-03  -2.2767580e-04
   2.1908128e-02  -2.8308142e-02  -8.3677168e-02  -3.9001300e-03  -3.9895712e-03  -4.1916714e-04
  -1.3588299e-03  -3.6242482e-02   1.1350880e-01  -4.9071411e-04  -3.1478278e-03  -4.5385930e-04
  -1.0153279e-02   9.7149873e-03   5.5085241e-02  -2.4740136e-03  -4.2452357e-03   4.2079590e-04
   1.5503086e-02  -1.7825730e-02   1.6304311e-01  -1.3434251e-04  -3.5259309e-03  -2.6429159e-04
   1.0328238e-02  -2.1656680e-02   1.0735252e-01  -5.8032644e-04  -3.5460577e-03  -1.0186365e-04
   7.6163165e-03  -4.8473362e-02   1.4477531e-01   9.6426899e-05  -3.9428713e-03  -4.5445072e-05
   1.5044286e-02  -2.1822169e-02   9.1986989e-02  -1.2999719e-03  -4.6650048e-03  -1.1699280e-04
   2.7943921e-02  -3.4323945e-02   1.1058051e-01  -7.5906105e-04  -4.5473080e-03  -3.4427201e-04
   2.2342926e-02  -9.1661296e-03   9.8723670e-02  -2.7776552e-03  -5.3576406e-03  -1.3141583e-04
   4.0592474e-02   3.1634349e-02   1.0654764e-01  -4.0232198e-03  -7.1432666e-03  -8.0007011e-05
   3.3984831e-02   1.0610666e-02   9.9665227e-02  -3.8431352e-03  -5.8790119e-03  -2.5397218e-04
   3.4184787e-02   1.5851338e-02   1.0300789e-01  -4.2055226e-03  -6.4970986e-03  -2.3981996e-04
   2.8047936e-02   5.9517940e-03   8.8041806e-02  -4.7181951e-03  -5.8132835e-03  -4.7507824e-04
   2.5618539e-02  -2.2569199e-03   5.1450039e-02  -4.7651126e-03  -5.6038276e-03  -4.0779599e-04
   4.2376258e-03   2.2827085e-03   3.1436741e-02  -3.0265142e-03  -4.1524862e-03  -5.2142310e-04
   1.2787340e-02   4.6346187e-03   1.6299233e-01  -1.9891664e-03  -4.8303374e-03  -4.5236031e-04
   2.5781115e-02   2.4539909e-02   7.9151371e-02  -9.1905386e-04  -5.8891648e-03  -5.5061378e-04
   1.7084120e-02  -3.3579144e-02   1.9193478e-01   1.3799778e-03  -4.3583321e-03  -5.1946948e-04
   2.6740759e-02  -7.7782998e-02   2.8012401e-01   3.3047916e-03  -4.8868171e-03  -1.2433430e-05
   3.0347583e-02  -1.2018860e-01   3.0443976e-01   3.8631547e-03  -4.4764487e-03  -2.6001202e-04
  -8.3968969e-02  -1.1241111e-01   4.3512729e-01   1.4029654e-03   4.6617045e-03  -3.4560896e-04
  -2.7705218e-02  -2.4667331e-02   1.0013946e-01  -4.3018991e-03   2.2041926e-04  -4.4454111e-05
  -2.2526110e-02  -1.0150002e-02   7.0316696e-02  -4.9048279e-03   5.7258577e-06  -4.0901630e-05
  -4.2057589e-02   5.6703337e-04   4.8804647e-02  -5.6522546e-03  -1.9843918e-04  -2.3664998e-04
  -2.8126210e-02   2.9228502e-02   2.1745414e-02  -5.9180888e-03  -1.0941835e-03  -2.6452137e-04
  -1.9310487e-02  -4.1200826e-03   4.4314672e-03  -5.2993161e-03  -1.5226354e-03  -1.0023177e-04
  -3.7304232e-02   4.7804447e-03   1.7621530e-02  -5.2318628e-03  -1.9987546e-03   9.3644929e-04
   2.2564738e-02  -9.6103854e-04   1.7017231e-01  -5.3064747e-04  -3.6465718e-03  -7.1828539e-04
  -1.0764640e-02   1.7859515e-02   1.0663692e-01  -2.1257221e-03  -3.1971757e-03  -1.6555277e-04
  -3.1448953e-02  -4.1460860e-02   4.1171167e-01   1.6538531e-03  -1.4053650e-03  -3.1617731e-04
   4.0116265e-04  -1.4087001e-02   2.1174608e-01   1.4687257e-03  -2.5321064e-03  -2.1100103e-04
   2.2212014e-03  -2.6631366e-03   2.5440714e-01   1.5015087e-04  -3.7252624e-03  -2.4121644e-04
   3.5183753e-03  -2.7931421e-02   2.5380547e-01  -1.4440534e-04  -3.4436445e-03  -2.3452380e-04
   1.7687330e-02  -3.8803498e-02   4.5494371e-01  -6.7499362e-05  -4.5078595e-03  -8.5236665e-04
   2.3848625e-02  -2.7529435e-02   3.8640328e-01  -1.0241901e-03  -4.6175381e-03  -7.0701761e-04
   2.1237241e-02  -2.3124638e-02   3.6621743e-01  -1.2997585e-03  -4.4596807e-03  -7.3908042e-04
   1.6658557e-02  -6.0627677e-03   2.5753182e-01  -2.4781063e-03  -4.4220120e-03  -7.8309509e-04
   3.1147167e-02  -3.7580098e-02   2.4391880e-01   4.5769780e-04  -4.2141473e-03  -8.5522386e-04
   3.4178729e-02  -3.5211764e-02   2.9857553e-01   5.4136284e-05  -6.0105158e-03  -2.2566488e-04
   1.0906240e-02  -7.2649361e-03   2.0765302e-01  -2.3308483e-03  -1.3932863e-03  -7.1773737e-05
  -2.1993813e-03   7.5432353e-03   6.4093975e-02  -3.9490089e-03  -1.4317939e-03   3.7238409e-05
  -8.4723189e-03  -1.1315351e-02   6.1050507e-02  -3.2969352e-03  -2.3530390e-03   4.7605110e-06
  -5.6683247e-03   6.6521050e-03   5.1186508e-02  -3.4987914e-03  -2.6782733e-03  -3.7310486e-05
  -1.4222612e-03   7.0181654e-03   6.9345980e-02  -3.7653306e-03  -3.4120626e-03  -5.5297115e-05
   2.2227115e-02   2.1850750e-02  -7.4303704e-02  -4.9603814e-03  -6.3079889e-03   1.1161074e-04
   1.2350719e-02   2.4115302e-02  -2.0170042e-02  -4.8639928e-03  -5.4725164e-03   1.8682147e-04
   3.8601722e-03   1.1999644e-02   3.3071377e-02  -4.2773095e-03  -5.6105155e-03   1.8684545e-04
  -2.3053959e-03   3.7922491e-02  -9.8772291e-03  -4.8967504e-03  -5.1326067e-03   2.3268365e-04
  -6.9733053e-03   3.6531623e-02   1.1101456e-02  -4.2684299e-03  -6.0431382e-03   2.4811792e-04
   3.8817336e-03   1.8312130e-03   2.5017861e-02  -4.1748570e-03  -5.0916555e-03  -3.8894650e-05
   1.9243969e-03   1.6502301e-02   5.5918448e-02  -3.1501612e-03  -5.0249796e-03  -1.5580677e-04
  -4.0740185e-03  -1.1375941e-02   7.3024854e-02  -3.4886063e-03  -4.8195821e-03  -1.1855970e-05
  -2.0275556e-02  -4.0528557e-02   1.6564153e-01  -1.2589961e-04  -3.0544676e-03   3.6523181e-04
  -3.2490868e-02  -1.7455932e-02   1.0352464e-01  -2.2294423e-03  -2.8288261e-03   6.4320381e-04
   2.0379583e-02  -1.3600097e-02   4.3311817e-02  -5.6175434e-04  -6.6176812e-03   2.7618648e-04
   4.3736141e-02   5.7073394e-03  -3.7161773e-02  -1.3690523e-03  -7.7555741e-03   1.3954257e-04
   3.0545300e-02   1.6792856e-02   3.4874351e-02  -2.0765729e-03  -7.6854561e-03   4.9971194e-04
   2.0314868e-02  -6.1986694e-04   4.9100385e-03  -2.9537539e-03  -6.7140242e-03   3.8609846e-04
   1.3548029e-02   2.5634343e-02  -5.2730632e-02  -3.6399533e-03  -7.3280052e-03   3.0752915e-04
   1.4899458e-02   1.6853260e-03  -5.4477570e-02  -3.3701114e-03  -6.5290571e-03   2.6392660e-04
   2.4571258e-02  -2.1873742e-02   9.0957869e-02  -9.8153732e-05  -7.1255604e-03   1.1633404e-04
   9.6221333e-03   1.7368431e-02   4.7034951e-02  -1.2580227e-03  -6.2399495e-03   2.9203006e-04
   1.6968095e-02  -1.3500514e-02   4.6327009e-02   9.7923933e-04  -4.3512127e-03   1.0740801e-04
  -1.6605756e-02   3.4941463e-03   4.2069273e-02  -6.2311623e-04  -4.7942111e-03   3.9559952e-04
  -2.3872910e-02   3.8057483e-02  -2.5224859e-02  -2.1969483e-03  -5.2432542e-03   5.7194036e-04
  -2.3045335e-02  -1.0386545e-02  -7.8090809e-02  -1.2569402e-03  -4.8789514e-03   3.5502993e-04
  -1.1033999e-02   6.1078674e-03  -1.6977177e-02  -1.7153298e-03  -5.2651857e-03   3.6403754e-04
  -1.0257716e-02  -2.6107934e-04  -3.3603985e-02  -1.6334685e-03  -5.1606028e-03   5.0535018e-04
  -1.8257406e-02   1.3643280e-02  -7.5226188e-02  -2.5597745e-03  -5.0445485e-03   4.2355791e-04
  -3.1205214e-02  -1.7396703e-03  -1.0099552e-02  -4.8496449e-04  -8.5771584e-04   1.6156561e-04
  -5.7676230e-02   5.5541227e-02  -6.2411947e-01  -9.1145094e-03   3.8269389e-04   2.4338887e-03
  -8.8261711e-02   6.2634218e-02  -5.3781994e-01  -3.7859405e-03   1.7231862e-03   2.7960807e-03
  -8.3250492e-02   8.6355366e-02  -1.2694317e+00  -8.0070431e-03  -1.7229698e-03   2.2772187e-03
  -8.8861355e-02   1.3860980e-01  -1.1032008e+00  -8.9339651e-03  -8.2695499e-04   2.4996582e-03
  -7.5815986e-02   1.2117694e-01  -9.9667173e-01  -7.2662048e-03  -1.8964477e-03   2.2692232e-03
  -3.1210434e-02  -2.6349969e-03  -5.9358378e-01  -1.1621876e-03  -3.0821939e-03   1.0105264e-03
  -8.7551901e-03   1.2709765e-02  -7.1805239e-01  -3.1486851e-03  -2.8575343e-03   1.2162803e-03
  -3.4628311e-02   3.1856302e-02  -4.9376567e-01  -1.2281983e-03  -2.8395358e-03   1.4946892e-03
  -2.0171747e-02   2.7744294e-02  -4.7245896e-01  -1.4619915e-03  -4.2434057e-03   1.3109735e-03
  -3.2318092e-02   3.1076657e-02  -4.8425131e-01  -2.6459500e-03  -3.6914192e-03   1.2706284e-03
  -2.6290781e-02   4.2669602e-02  -4.8280909e-01  -2.0507803e-03  -3.5726588e-03   1.1660474e-03
  -3.1483045e-02   4.4475327e-02  -5.0029518e-01  -3.0205242e-03  -3.5981574e-03   1.4106517e-03
   1.2813052e-02   6.2008829e-02  -5.2528075e-01  -9.6149467e-03  -7.3085419e-04  -3.9508688e-03
  -2.1966156e-03   1.7290496e-02  -3.2589344e-01   2.8755797e-04  -3.0679351e-03   5.5240281e-04
  -1.5216372e-02   4.5126275e-02  -3.4625305e-01  -5.0263470e-04  -2.9795054e-03   8.1867666e-04
  -2.6792838e-02   4.7192254e-02  -3.9626348e-01  -1.8918721e-03  -2.5858790e-03   5.0664541e-04
  -3.7838502e-02   6.0655074e-02  -4.3329543e-01  -2.9617027e-03  -2.6322227e-03   6.6038922e-04
  -3.7831489e-02   5.8631897e-02  -4.5123610e-01  -2.1142963e-03  -2.4985709e-03   4.6300333e-04
  -4.2214762e-02   4.8943380e-02  -4.3259260e-01  -1.9302885e-03  -2.4645534e-03   5.1285314e-04
   1.4215130e-02   5.6502115e-02  -6.0919328e-01  -2.6091843e-03  -2.9970677e-03  -3.6440316e-04
  -1.4023700e-02   2.5320953e-02  -4.3869068e-01  -3.2511522e-03  -3.3704798e-03   1.7423325e-04
   5.0237547e-02   1.9170450e-02  -9.1140194e-02  -5.0577077e-04  -6.9811470e-03  -1.6673276e-03
   3.4634850e-02   2.3137532e-02  -2.3698887e-01  -1.8977841e-03  -6.3308247e-03  -1.2208299e-03
   1.6956543e-02   3.1929767e-02  -2.7790579e-01  -2.4700060e-03  -5.7558211e-03  -1.2465287e-03
   5.0175189e-03   1.9803675e-02  -3.2784483e-01  -2.6027968e-03  -4.4250685e-03  -1.1393178e-03
   6.1242265e-03   3.3434853e-02  -2.6621071e-01  -1.4235863e-03  -4.4585983e-03  -1.1197970e-03
   6.7504670e-03   4.4142521e-02  -3.3189540e-01  -2.2637084e-03  -4.7877839e-03  -1.0734575e-03
   6.3869113e-03   4.7693409e-02  -3.2452906e-01  -2.5086851e-03  -3.6034363e-03  -1.1876442e-03
   1.0701571e-02   5.9212281e-02  -3.4512538e-01  -2.2110529e-03  -4.2313495e-03  -1.0263387e-03
   7.7811381e-03   8.7945492e-03  -2.4453971e-01  -5.4773933e-04  -3.7467535e-03  -1.1600903e-03
  -8.6216338e-04   3.7763867e-02  -3.4524386e-01  -2.2899400e-03  -3.7364514e-03  -9.9993689e-04
   9.4762928e-03  -3.8660787e-02  -1.1585863e-01   9.7285814e-04  -5.3110569e-03  -1.1506489e-03
   4.2988401e-02   1.3369948e-03  -2.5906507e-01  -1.0029417e-03  -5.3563917e-03  -1.5182000e-03
  -3.8664757e-04  -1.4998067e-02  -3.3373884e-01   1.3021270e-04  -1.4980046e-03  -3.7960340e-04
  -5.4534637e-02   3.6569135e-02  -5.6279080e-01  -2.6245073e-03   1.6136841e-04   1.1564850e-03
  -4.1594556e-02   1.2441204e-02  -5.4586528e-01  -2.9270692e-03  -5.3470748e-04   9.2155287e-04
  -3.4600916e-02   1.7124357e-02  -5.3944278e-01  -2.2969115e-03  -7.3147264e-04   5.6740586e-04
  -3.8576511e-02   3.2513225e-02  -5.7564621e-01  -3.1246418e-03  -5.4178402e-04   6.6608043e-04
   9.8686604e-03   5.7649090e-02  -4.8446488e-01  -2.1239052e-03  -2.7359769e-03  -2.8574984e-06
  -6.0576372e-03  -5.4970703e-02  -8.8454893e-02   2.9228330e-03  -2.9358002e-03   1.5553655e-04
   1.4707904e-03   3.5692373e-02  -2.9809055e-01   6.1558283e-04  -3.5572206e-03   4.8826218e-04
   6.6790402e-03   3.5675278e-02  -3.2722935e-01  -4.4559387e-04  -4.6334249e-03   2.9629419e-04
   2.8389319e-03   4.4808162e-02  -3.2112452e-01  -1.2333740e-03  -3.9629054e-03   3.0889113e-04
  -5.7025631e-03   4.5750849e-02  -3.0378721e-01  -1.7453318e-03  -4.0261043e-03   7.0065631e-04
  -5.3295561e-02   1.2367896e-02  -4.3081625e-01  -1.4977792e-03  -9.7073108e-04   1.6026186e-03
  -3.7283074e-02   4.6201280e-02  -4.8602031e-01  -2.2997031e-03  -1.4405490e-03   1.1461678e-03
  -3.1156923e-02   2.6037108e-02  -5.0088388e-01  -1.6203937e-03  -2.5007984e-03   1.1996215e-03
  -3.0857523e-02   5.8364386e-02  -5.3712228e-01  -2.5255675e-03  -2.5579122e-03   9.7573771e-04
  -3.3671977e-02   4.1083604e-02  -5.3760294e-01  -1.6240877e-03  -2.2046851e-03   1.1343273e-03
  -2.2611795e-02   3.5682143e-02  -4.5234806e-01  -1.1598035e-02   7.8148032e-04   3.2967918e-04
  -1.1403185e-01   7.2687790e-03   1.1181311e+00  -1.7508913e-02   9.8505682e-03   2.0735528e-03
   1.2170353e-02  -2.1688066e-01   1.8884496e+00   6.1107105e-03   2.6564923e-04   1.9221018e-03
  -2.9197910e-02  -8.1722540e-02  -2.7026520e-01  -4.2095562e-03  -7.1030206e-03   1.9532865e-03
  -3.8398637e-02  -2.6040774e-02  -2.0698617e-01  -6.9014177e-03  -6.6834613e-03   2.1044163e-03
  -1.2155666e-02  -8.4511611e-02  -3.6776412e-02  -5.4668881e-03  -6.2746016e-03   1.5168977e-03
  -2.1517186e-02  -1.0339807e-01   8.6093339e-02  -4.3159465e-03  -5.9928568e-03   1.5602664e-03
  -1.6904034e-02  -1.2571495e-01   1.9500658e-01  -4.2434009e-03  -5.1574500e-03   9.1152993e-04
   3.9184787e-03  -1.0146305e-01   2.7834737e-01  -3.0058705e-03  -5.3591681e-03   8.2790593e-04
   2.1659827e-03  -1.0817637e-01   3.3874536e-01  -2.1450357e-03  -5.3524549e-03   5.4784199e-04
   4.6712716e-03  -1.1452878e-01   3.8455784e-01  -1.3881369e-03  -5.7008453e-03   8.4091016e-04
   2.4535973e-02  -9.9180790e-02   3.4922345e-01  -1.0113874e-03  -6.5202498e-03   2.9489980e-04
   4.0130458e-02  -1.0132391e-01   3.7072011e-01  -9.7671229e-04  -6.2339927e-03   5.1499000e-05
   5.2386296e-02  -7.5257165e-02   4.4955956e-01  -6.3351055e-04  -7.2671087e-03  -2.5660087e-04
   4.6487418e-02  -1.0305852e-01   4.7457390e-01  -2.3888444e-04  -6.3426721e-03  -4.5943338e-04
   4.9834720e-02  -1.4006544e-01   7.7752664e-01   3.2377459e-03  -4.1057272e-03  -7.2173026e-04
   6.2138969e-02  -1.0374791e-01   7.9588214e-01   2.9272728e-03  -4.9597587e-03  -7.1388977e-04
   5.8192636e-02  -1.1351035e-01   7.8836040e-01   2.6628698e-03  -4.9643594e-03  -1.7943196e-04
   8.4916494e-02  -1.7384512e-01   7.7564383e-01   4.9042961e-03  -5.2731417e-03  -6.7262044e-04
   7.5624500e-02  -1.0468048e-01   8.6020844e-01   4.1618778e-03  -5.6483692e-03  -6.7154951e-04
   6.0853363e-02  -1.3775410e-01   8.1974485e-01   3.2643409e-03  -5.7715471e-03  -4.5286908e-04
   6.9948451e-02  -1.0515949e-01   7.6152067e-01   2.3579437e-03  -5.3283473e-03  -7.7475003e-04
   7.5339134e-02  -1.1470086e-01   7.8734027e-01   2.6559800e-03  -4.8672425e-03  -1.0061936e-03
   6.6724975e-02  -1.1236935e-01   7.5022012e-01   2.7635709e-03  -4.7857353e-03  -8.0415557e-04
   5.9003509e-02  -1.1685373e-01   7.8586459e-01   2.8908589e-03  -4.6572997e-03  -8.1781758e-04
   6.1954946e-02  -1.0594435e-01   7.7777127e-01   3.0963760e-03  -4.6256200e-03  -7.9786053e-04
   6.2476767e-02  -1.1190912e-01   7.7980792e-01   3.2892576e-03  -4.3946739e-03  -9.8024519e-04
   5.2985108e-02  -1.1761284e-01   7.5162249e-01   3.2084769e-03  -4.3015663e-03  -6.6485170e-04
   8.0925177e-02  -1.5770135e-01   9.5739430e-01   8.7352179e-03  -3.8064474e-03  -1.3869292e-03
   8.8291491e-02  -1.3208023e-01   8.4791634e-01   5.3582297e-03  -5.1215431e-03  -9.9633173e-04
   1.0647003e-01  -1.4303434e-01   7.6511536e-01   8.5479603e-03  -4.0360315e-03  -1.4827717e-03
   7.8539522e-02  -1.1980597e-01   8.0350862e-01   6.0455475e-03  -4.7908451e-03  -1.2896163e-03
   7.7130429e-02  -1.2845821e-01   7.8173854e-01   4.9242239e-03  -5.0471996e-03  -1.2883503e-03
   6.7721662e-02  -8.5910230e-02   7.4994444e-01   4.3987311e-03  -4.9006664e-03  -1.1632449e-03
   6.8739876e-02  -1.1245602e-01   7.7780781e-01   4.8103043e-03  -4.5011886e-03  -1.3735431e-03
   7.2388924e-02  -9.7198693e-02   7.7541185e-01   4.5348699e-03  -4.6088368e-03  -1.2539627e-03
   9.0385214e-02  -9.1342312e-02   7.7915179e-01   4.7498963e-03  -5.4693683e-03  -1.4014893e-03
   8.2504199e-02  -8.7069673e-02   7.1535349e-01   5.0927186e-03  -4.7681812e-03  -1.0776739e-03
   7.9301356e-02  -9.3501853e-02   7.5039514e-01   4.1526168e-03  -6.1861335e-03  -8.8107282e-04
   7.5358121e-02  -7.8862359e-02   7.4052712e-01   4.1366598e-03  -6.1954675e-03  -9.5069051e-04
   6.3751344e-02  -6.8478109e-02   6.3001472e-01   4.5252377e-03  -2.1786273e-03  -2.0241731e-03
   8.9589292e-02  -1.0469139e-01   7.5086724e-01   4.8909025e-03  -7.9035819e-03  -1.4858850e-03
   9.9524304e-02  -9.6219639e-02   7.2356747e-01   3.9888279e-03  -6.9070749e-03  -1.6645585e-03
   8.9371111e-02  -8.5136193e-02   7.2782688e-01   4.7201114e-03  -7.2786469e-03  -1.6984388e-03
   8.3694796e-02  -9.7398479e-02   7.7387151e-01   4.8847490e-03  -7.4739129e-03  -1.4847712e-03
   8.6137004e-02  -1.0203890e-01   7.2516170e-01   4.7216372e-03  -6.9578382e-03  -1.7196671e-03
   7.7549683e-02  -7.5168944e-02   6.7994856e-01   4.2823865e-03  -7.0297281e-03  -1.5645159e-03
   8.0152395e-02  -7.0415354e-02   6.8812309e-01   4.7765466e-03  -7.2123295e-03  -1.4632859e-03
   1.1239207e-01  -1.3007295e-01   8.3110142e-01   7.5249052e-03  -6.6279857e-03  -1.9540422e-03
   9.5269135e-02  -7.7456390e-02   7.5479686e-01   6.3644921e-03  -7.2070586e-03  -1.7767628e-03
   7.6550840e-02  -6.9985935e-02   6.9757107e-01   5.8516246e-03  -6.6497583e-03  -1.8315386e-03
   8.2359265e-02  -1.0856957e-01   7.4839791e-01   5.6852195e-03  -6.7480322e-03  -1.9184951e-03
   9.6259656e-02  -8.5960480e-02   7.1779933e-01   4.6522957e-03  -7.0947966e-03  -1.8464382e-03
   7.4239151e-02  -1.1759254e-01   9.3159501e-01   6.8164530e-03  -1.0451852e-03  -1.1630881e-03
   6.7486644e-02  -7.1038308e-02   9.1612826e-01   7.6953126e-03  -3.8775272e-03  -1.2116966e-03
   7.3957942e-02  -1.1254895e-01   8.7149816e-01   7.3584995e-03  -5.7926203e-03  -1.0726953e-03
   6.4119240e-02  -1.0655694e-01   8.5881777e-01   6.7240975e-03  -5.4859606e-03  -1.1698528e-03
   6.4396196e-02  -1.0378343e-01   8.1927535e-01   6.6509082e-03  -5.2695017e-03  -1.1607455e-03
   6.6356456e-02  -9.0773251e-02   8.0400695e-01   6.9272496e-03  -4.6073959e-03  -1.2159221e-03
   5.7685972e-02  -8.9695405e-02   8.6785490e-01   7.0427371e-03  -4.9338733e-03  -8.9429335e-04
   9.8474950e-02  -1.4194869e-01   8.2278504e-01   1.0275346e-02  -4.6127153e-03  -9.7858281e-04
   1.1063624e-01  -1.0621186e-01   9.1040723e-01   9.9320566e-03  -7.6221425e-03  -1.4774965e-03
   1.0158730e-01  -8.9584368e-02   8.2176095e-01   7.9909769e-03  -7.3751046e-03  -1.4466371e-03
   1.0766340e-01  -1.0912244e-01   7.7216222e-01   8.3613757e-03  -7.4587916e-03  -1.6274861e-03
   9.9881109e-02  -1.2405136e-01   8.3279054e-01   7.6805864e-03  -7.6105074e-03  -1.3531682e-03
   1.0051288e-01  -1.0015934e-01   7.7214013e-01   7.4437011e-03  -7.3044806e-03  -1.4939830e-03
   1.0460963e-01  -1.0888174e-01   7.6806384e-01   7.3872488e-03  -7.8423969e-03  -1.5313631e-03
   1.1168028e-01  -5.2456428e-02   7.0722656e-01   5.2454422e-03  -6.8968131e-03  -1.5891152e-03
   1.2763363e-01  -1.3284968e-01   8.1567859e-01   9.6553224e-03  -6.4116818e-03  -1.7164038e-03
   8.6129984e-02  -1.9629723e-01   9.3156271e-01   1.2422964e-02  -3.3635099e-03  -9.9749133e-04
   7.4354250e-02  -1.7557387e-01   9.3355571e-01   1.2706775e-02  -4.2802733e-03  -2.1105019e-04
   1.1203375e-01  -1.4832936e-01   9.3786358e-01   1.2185992e-02  -4.5658217e-03  -1.0327992e-03
   8.3055414e-02  -1.0901164e-01   7.8769679e-01   7.8818920e-03  -6.2820526e-03  -1.0541285e-03
   1.2409568e-01  -1.1156779e-01   5.2873731e-01   4.4789905e-03  -9.5822232e-03  -2.1980133e-03
   1.1696307e-01  -1.0899451e-01   5.5714316e-01   3.9864117e-03  -9.4721730e-03  -2.0297381e-03
   1.0983837e-01  -7.5607650e-02   5.4202418e-01   2.7531562e-03  -8.4429258e-03  -2.1525392e-03
   1.1732136e-01  -7.3032208e-02   5.4461553e-01   2.8451320e-03  -8.3563513e-03  -2.2531263e-03
   2.7281343e-02  -1.2051706e-01   7.9586791e-01   6.4356130e-03  -3.4231073e-03  -9.7868881e-04
   1.0559824e-01  -8.3752274e-02   7.3064641e-01   6.3663284e-03  -6.6455811e-03  -1.8525066e-03
   1.0683080e-01  -1.0737423e-01   7.9888313e-01   6.2378943e-03  -6.7553877e-03  -1.6805338e-03
   1.0519914e-01  -9.2926147e-02   7.5915243e-01   5.5332036e-03  -6.9081177e-03  -1.8475549e-03
   1.1117855e-01  -9.8560540e-02  -1.7454334e-01   8.5235890e-03  -9.6679430e-03  -1.8221916e-03
   6.8885212e-02   1.6099480e-03  -3.6150937e-01  -1.9491570e-03  -8.5476091e-03  -8.4835027e-04
   8.5124002e-02  -1.0305097e-02  -2.2146018e-01   1.0721131e-03  -8.5727373e-03  -1.4197379e-03
   7.3657790e-02  -2.1367125e-02  -1.7109918e-01   1.1879002e-03  -8.2120776e-03  -1.2950619e-03
   7.6367630e-02  -4.0535780e-02  -1.2754526e-01   1.0656286e-03  -8.3597887e-03  -1.2618905e-03
   6.9631065e-02  -3.2713709e-02  -1.2260465e-01   1.4967890e-03  -7.0880705e-03  -1.1137505e-03
   7.5272417e-02  -2.1926690e-02  -1.3588365e-01   6.4332608e-04  -7.6889861e-03  -1.1569494e-03
   8.1839820e-02  -1.8233095e-02  -8.8573700e-02   2.0407571e-03  -7.3507844e-03  -1.4366758e-03
   6.2561588e-02  -1.2289879e-02  -8.2351837e-02   2.0227707e-03  -7.0380389e-03  -9.9711939e-04
   6.3899965e-02   6.2153942e-04  -1.0038253e-01   1.6208507e-03  -7.0028881e-03  -1.0153933e-03
   6.6680467e-02  -1.8795355e-02  -9.0690958e-02   1.7391640e-03  -6.9472122e-03  -9.0011033e-04
   5.3659807e-02  -8.9470897e-03  -9.9255803e-02   1.7499428e-03  -6.6453639e-03  -1.0278427e-03
   5.5935444e-02  -7.8484208e-03  -1.3415277e-01   1.2021791e-03  -6.6224589e-03  -1.0345978e-03
   5.5100135e-02  -9.1171697e-03  -1.0244707e-01   1.0998602e-03  -6.7660111e-03  -7.1651305e-04
   2.0879908e-02  -3.3527409e-02   7.4430081e-02   3.4478054e-03  -4.7640278e-03  -9.8447238e-05
   4.3452817e-02   1.1416405e-02  -2.0020737e-02   3.6607190e-03  -5.9257714e-03  -5.1132816e-04
   4.3401113e-02  -1.1318277e-02  -4.7089238e-02   2.4194606e-03  -5.7986527e-03  -5.5036614e-04
   3.1994139e-02  -2.1150327e-02  -4.7874656e-02   2.7048840e-03  -5.8219179e-03  -5.0570665e-04
   3.9601533e-02  -1.9520532e-02  -5.9811273e-02   2.7949433e-03  -4.2478600e-03  -9.5992625e-04
   3.9867569e-03   4.0117297e-03  -1.7734843e-01   1.7428219e-03  -4.2062072e-03   1.5901504e-04
   4.0303894e-02  -1.5563864e-02  -1.3083179e-01   2.1910503e-03  -5.9755273e-03  -3.5441198e-04
   4.9457220e-02  -2.1225402e-03  -1.3253958e-01   1.7336515e-03  -5.8560773e-03  -5.1733507e-04
   5.3305276e-02  -3.1909123e-03  -1.2151064e-01   1.9615362e-03  -6.4573042e-03  -4.9661881e-04
   5.2487009e-02  -2.7721596e-02   4.4278207e-02   4.0392837e-03  -6.5808216e-03  -6.8846127e-04
   7.0684826e-02   1.7092466e-02  -3.2623390e-02   3.3075490e-03  -7.7814978e-03  -7.7197709e-04
   6.4818520e-02   1.3822913e-03   2.7483587e-02   3.8369458e-03  -7.2309268e-03  -9.6232418e-04
   3.8048161e-02   4.0118975e-02  -6.0297336e-02   3.6891002e-03  -5.8038041e-03  -3.2711944e-04
  -3.3407667e-03  -7.0063003e-02   4.8374652e-01   4.2244947e-03  -3.5929456e-03  -6.0128462e-04
   4.5096970e-02  -4.9461921e-02   6.6323069e-01   9.0514626e-03  -1.9026313e-03  -1.7741219e-03
   8.0251683e-02  -1.6605389e-02   4.0766803e-01   8.8005452e-03  -3.9389259e-03  -2.7433663e-03
   6.9347102e-02  -2.1983972e-02   4.3167795e-01   7.9405576e-03  -4.3232642e-03  -2.3857204e-03
   6.0270010e-02  -3.6159476e-02   3.8492881e-01   6.5676644e-03  -4.7851544e-03  -2.3235035e-03
   4.9788251e-02  -1.3015465e-02   3.9549522e-01   5.5026992e-03  -4.0976149e-03  -2.3186860e-03
   4.8580112e-02  -2.8709780e-02   4.2846585e-01   7.6080416e-03  -3.7252050e-03  -2.0707945e-03
   5.7163539e-02  -1.9239673e-02   4.0737793e-01   7.5055099e-03  -4.4587285e-03  -2.1412420e-03
   7.0398236e-02  -2.2647780e-02   3.7735995e-01   6.7679451e-03  -4.8846836e-03  -2.2098464e-03
   7.2232346e-02  -2.6563281e-02   3.7228214e-01   7.3652735e-03  -4.4150198e-03  -2.4004704e-03
   6.2529899e-02  -2.5026186e-02   3.4842651e-01   6.9940258e-03  -4.1720223e-03  -2.2036722e-03
   6.8926377e-02   8.8302348e-03   3.4300885e-01   5.8067501e-03  -4.0840858e-03  -2.0504208e-03
   7.4182630e-02  -1.9816635e-04   3.3848825e-01   7.2077749e-03  -4.6290078e-03  -2.2449287e-03
   7.5259448e-02  -2.2005105e-02   3.1329118e-01   6.8876344e-03  -4.2885016e-03  -2.2377050e-03
   6.2536175e-02  -7.2071424e-03   3.3843085e-01   6.4717774e-03  -4.7892948e-03  -1.9731043e-03
   6.9824906e-02  -8.2080567e-03   3.2968842e-01   6.3149183e-03  -4.6865706e-03  -2.1886186e-03
   5.1275970e-02  -2.1069856e-02   2.5146084e-01   5.7876795e-03  -4.8723629e-03  -1.7346650e-03
   6.0859189e-02   8.5342418e-03   2.5985465e-01   5.2105945e-03  -4.0576032e-03  -1.6105048e-03
   5.3595962e-02   2.7639028e-02   2.7181682e-01   5.9009913e-03  -5.0735925e-03  -1.6085592e-03
   5.1653630e-02   1.5952531e-02   1.6542289e-01   4.9952255e-03  -5.0910117e-03  -1.4696225e-03
   5.5466201e-02   3.1845462e-02   1.7558302e-01   4.4455546e-03  -5.6547207e-03  -1.5281490e-03
   6.0445464e-02   5.3604003e-03   1.9758849e-01   5.1164429e-03  -5.5848688e-03  -1.5826045e-03
   8.1613978e-02   2.5976384e-02   1.4841626e-01   3.5395024e-03  -6.3251105e-03  -1.9469422e-03
   1.3247658e-01  -1.8436946e-02   3.6617652e-01   7.8712066e-03  -9.3610552e-03  -2.3111572e-03
   1.0812312e-01  -2.2862438e-02   3.8688837e-01   6.5590943e-03  -8.4438770e-03  -1.9540635e-03
   1.1410432e-01  -3.9790786e-03   3.8668095e-01   7.0028612e-03  -8.0994179e-03  -2.2836997e-03
   1.1393510e-01  -1.8402183e-03   3.4079972e-01   5.6120259e-03  -7.6582120e-03  -2.3421561e-03
   1.0165997e-01  -9.6511052e-03   3.4454128e-01   6.1116084e-03  -7.5858928e-03  -2.1573368e-03
   9.1288450e-02   1.0784547e-02   3.3250309e-01   6.0031434e-03  -7.6403676e-03  -2.1673039e-03
   1.0306102e-01  -9.0256021e-03   3.5331991e-01   6.4001504e-03  -7.5125858e-03  -1.9458688e-03
   1.0330806e-01  -3.3492717e-03   3.4377689e-01   7.1457734e-03  -7.5612245e-03  -2.1331126e-03
   1.8684063e-02   5.2413799e-02   5.4632756e-02   4.9740375e-03  -3.7989524e-03  -1.0814375e-03
   5.0823904e-02   1.9188513e-02   9.2191818e-02   6.1070802e-03  -4.8877588e-03  -1.5294575e-03
   3.0725961e-02   3.8643364e-02  -7.4356184e-02   4.9413092e-03  -3.0576204e-03  -1.6784392e-03
   3.0400795e-02   3.6734422e-02   5.2125473e-02   5.1942436e-03  -4.4766952e-03  -1.5366217e-03
   3.8609395e-02   7.1581255e-04   9.3810698e-02   5.1239475e-03  -4.1061355e-03  -1.8015000e-03
   4.3680252e-02   2.5689259e-01  -1.8737052e-02  -1.0564221e-02  -9.2001854e-04  -5.1831273e-03
   8.2796629e-02   1.5533609e-01  -2.3499403e-01  -1.2179541e-02  -2.1736744e-03  -3.5112336e-03
   5.9602203e-02   1.6621849e-01  -3.2879818e-01  -1.2242113e-02  -2.0849439e-03  -3.3533006e-03
   5.1069166e-02   1.6642253e-01  -3.4766889e-01  -1.1657052e-02  -1.6317949e-03  -3.3286587e-03
   6.5892582e-02   8.4659059e-02  -2.1633496e-01  -1.1131256e-03  -3.3762918e-03  -3.2922084e-03
   3.7337127e-02   9.9458938e-02  -3.5349801e-01  -2.6351907e-03  -3.5023323e-03  -2.6569981e-03
   3.5073677e-02   1.0527546e-01  -3.6272345e-01  -2.7018064e-03  -3.3441249e-03  -2.7818026e-03
   3.8102393e-02   9.4626288e-02  -3.9712420e-01  -2.9299937e-03  -3.3711460e-03  -2.8621729e-03
  -2.1622572e-02   9.6105629e-02  -4.9549385e-01  -2.9385080e-03  -4.2879217e-04  -1.8846662e-03
  -9.6975938e-03   8.8865064e-02  -3.9405006e-01  -1.8985790e-03  -8.1120858e-04  -2.1363592e-03
   3.8223569e-02   1.3124831e-01  -5.5996116e-01  -4.2365155e-03  -5.3443928e-03  -1.1237538e-03
   4.4175386e-02   1.9497445e-01  -4.8861180e-01  -1.2895241e-02  -6.2081416e-03  -4.5157274e-03
   4.7733802e-02   1.9700463e-01  -2.2421229e-01  -1.3425518e-02   4.8289492e-03  -3.6527168e-03
  -1.0846253e-02   4.6633731e-02  -4.9045655e-02  -1.2777937e-02   4.5850435e-03  -1.0498165e-03
  -6.8779390e-04   3.1289875e-02   2.1222837e-01   3.3289234e-05   4.2452199e-03   3.4128262e-04
  -2.3329978e-02  -1.1740614e-02   1.7708777e-01  -1.7773029e-03   4.8972056e-03  -1.0458300e-03
  -1.7052354e-02   8.2833965e-02   2.1994949e-02  -4.4829356e-03   3.9598616e-03  -1.5710132e-03
  -3.3439500e-02   1.2381853e-01  -8.9275932e-01  -9.7318790e-03   3.7876206e-04  -9.9574060e-04
  -4.4540889e-02   1.3738009e-01  -7.4827224e-01  -9.5599647e-03   1.1017583e-03  -1.0519315e-03
  -3.2126285e-02   9.1871102e-02  -7.1439474e-01  -8.9400667e-03   5.5943038e-04  -1.3337005e-03
  -3.2602198e-02   1.2943592e-01  -8.5848711e-01  -9.5799038e-03   1.7825971e-03  -1.6125373e-03
  -1.3004033e-02   1.4771184e-01  -7.8127827e-01  -9.0331092e-03  -1.9513926e-04  -1.4495258e-03
   5.2703521e-02   2.7245194e-01  -7.4146488e-01  -1.2284206e-02  -1.8416407e-03  -3.0501170e-03
   7.4565447e-03   2.3699175e-01  -1.0069023e+00  -1.7442979e-02  -1.9637209e-04  -1.2060568e-03
   5.7618147e-02   1.9740575e-01  -6.0770512e-01  -8.6379037e-03  -2.6359812e-03  -2.6726263e-03
   4.3894013e-02   1.7458593e-01  -5.1133179e-01  -8.4837085e-03  -2.0365715e-03  -2.7169076e-03
   4.8860556e-02   1.8319436e-01  -5.4648711e-01  -9.1282394e-03  -2.0673752e-03  -3.3485740e-03
   2.9469526e-02   2.1843665e-01  -5.6249990e-01  -1.1047266e-02  -1.7286044e-03  -3.0470854e-03
   4.5240364e-02   2.0066767e-01  -6.2206842e-01  -8.2130379e-03  -2.6443664e-03  -3.2522408e-03
   4.6129943e-02   1.6178903e-01  -5.7364468e-01  -7.3369009e-03  -2.6774084e-03  -3.2318070e-03
   1.7204017e-02   1.5299900e-01  -4.8840408e-01  -5.6999694e-03  -2.9153089e-03  -1.9232563e-03
   1.4420924e-02   1.4351574e-01  -4.6773206e-01  -5.2094297e-03  -2.5932169e-03  -1.7379805e-03
   2.1630031e-02   1.2813099e-01  -4.6090286e-01  -4.8845028e-03  -2.2973457e-03  -1.8657369e-03
   7.9424779e-02   2.2784743e-01  -5.3730916e-01  -9.0681888e-03  -4.2282214e-03  -3.3378099e-03
   7.0166093e-02   1.6340567e-01  -7.2800099e-01  -1.2665621e-02  -2.2114720e-03  -2.6639335e-03
   4.1747513e-02   2.1912719e-01  -6.0656860e-01  -5.4484400e-03  -4.1775504e-03  -1.7810247e-03
   1.7556451e-02   9.0430611e-02  -5.0633522e-01  -4.3901531e-03  -2.8366294e-03  -1.6774773e-03
   3.2693260e-02   9.0390483e-02  -3.8776574e-01  -2.5576465e-03  -3.7484334e-03  -2.0091363e-03
   2.4831346e-02   1.0609221e-01  -4.4955065e-01  -2.8191653e-03  -4.5973252e-03  -1.7381954e-03
   4.0069833e-02   1.0146738e-01  -4.9162859e-01  -3.3678540e-03  -4.3628189e-03  -1.9103810e-03
   5.0579801e-02  -3.9980176e-03  -4.0922311e-01   1.3040513e-03  -2.2947957e-03  -1.0747197e-03
   4.3601658e-02   7.4349413e-02  -4.4892348e-01  -6.2433596e-04  -4.1217749e-03  -1.3067413e-03
   4.4937528e-02   8.2416515e-02  -4.0105866e-01  -5.0464730e-04  -4.5765345e-03  -1.4479233e-03
   5.5341453e-02   8.1721482e-02  -4.3116256e-01  -1.2433438e-03  -4.7641186e-03  -1.7319846e-03
   2.6722460e-02   6.4471094e-02  -3.8618571e-01  -6.6676139e-04  -2.7019879e-03  -1.2246812e-03
   6.9545963e-02   2.4373558e-01  -5.2029717e-01  -1.0351052e-02  -3.4557917e-03  -2.6212354e-03
   6.3386673e-02   2.4022651e-01  -5.1968734e-01  -8.0679928e-03  -4.7364929e-03  -2.6525293e-03
   7.1246223e-02   2.1373685e-01  -5.2567388e-01  -8.3993567e-03  -5.6256271e-03  -2.9431383e-03
   8.1727313e-02   1.8786366e-01  -4.9728210e-01  -6.8235520e-03  -5.9392357e-03  -3.3025940e-03
   6.7953260e-02   1.7959245e-01  -4.8870368e-01  -6.1988790e-03  -5.4855309e-03  -3.1227381e-03
   5.0062344e-02   1.7974349e-01  -5.3843164e-01  -4.8042795e-03  -6.5309624e-03  -2.5739336e-03
   2.2324958e-02   1.8943725e-01  -6.7010916e-01  -6.2921777e-03  -4.2597156e-03  -1.9821842e-03
   1.4924300e-02   3.2623708e-02   8.2370721e-02   1.5618217e-03   9.7161737e-04  -2.4842313e-04
  -1.8088492e-02   8.1688383e-02  -2.1220480e-01  -7.9481052e-03   2.4268772e-03   1.4266588e-03
   9.3152149e-02  -2.4211800e-02   3.4015034e-01   7.6867056e-03  -5.7115859e-03  -1.0031397e-03
  -4.3398897e-02  -2.2852463e-02   7.0351158e-01   3.8517304e-03   5.1680295e-03  -2.0456360e-04
   1.8253937e-02   3.7944790e-02   2.5870767e-01  -1.6187237e-03   1.2307524e-03  -1.3817841e-03
   2.4444911e-02   2.4265072e-02   3.2123620e-01   9.9540336e-05   8.0514832e-05  -2.3059140e-03
   2.9024853e-02  -1.2036681e-03   2.9496785e-01   1.0658990e-04  -4.8892222e-04  -2.2415476e-03
   4.1449318e-02   1.0442495e-02   2.6532871e-01   3.7534517e-04   1.9073900e-04  -2.4588253e-03
   5.0495401e-02   2.0155689e-02   2.0944607e-01   1.4713035e-03  -3.9066002e-04  -2.1593072e-03
   3.3125825e-02  -1.1325123e-03   2.7633650e-01   2.0408364e-03  -6.1432941e-04  -1.9936094e-03
   3.2121360e-02  -9.5507157e-03   3.1572387e-01   2.2180264e-03   5.7590055e-05  -2.1083430e-03
   3.5875068e-02   8.6907027e-02   1.2681154e-01  -6.7892472e-04  -2.7402456e-04  -1.6817682e-03
   4.5607310e-02  -1.3956177e-02   3.2509927e-01   3.2026858e-03  -2.3483114e-04  -2.2501642e-03
   4.5019513e-02  -3.8343278e-02   3.8554418e-01   4.1760897e-03   1.3222521e-04  -2.4274620e-03
   4.6188616e-02   1.1602942e-02   1.8821311e-01   1.2964251e-03  -1.1440089e-03  -1.9944508e-03
   4.4448365e-02   1.0554298e-02   2.1236605e-01   8.1603097e-04  -1.2540610e-03  -2.2394932e-03
   4.2151103e-02   3.8452805e-02   1.2550033e-01   6.6742950e-04  -1.3771474e-03  -2.1424625e-03
   4.3333276e-02   1.6556607e-02   1.5942626e-01   3.6934958e-04  -1.1278499e-03  -2.0009125e-03
   2.6756258e-02   3.9557636e-02   7.3140096e-02  -2.2968084e-04  -9.8189399e-04  -2.1034085e-03
   3.0123833e-02   2.8339690e-02   9.6196814e-02   4.2217553e-04  -9.2330494e-04  -1.9646609e-03
   2.8919573e-02   5.2941977e-02   5.9367027e-02  -3.3857277e-04  -1.1380892e-03  -2.0315330e-03
   3.5452693e-02   7.4875123e-02   2.5977981e-02  -7.4246151e-04  -1.4076775e-03  -2.0550866e-03
   1.6906756e-02   5.5960974e-02  -6.1251138e-02   3.7976065e-04  -8.5750954e-04  -1.7147694e-03
   2.1709399e-02   5.1545979e-02  -5.2977795e-02   4.6811745e-04  -1.1343842e-03  -1.8637493e-03
   2.5871437e-02   5.0058807e-02  -1.3272323e-01  -6.5801096e-04  -8.4507065e-04  -2.0005529e-03
   4.4174170e-02   1.6328478e-02   4.4608550e-03   1.6702758e-03  -1.9492765e-03  -2.1452948e-03
   3.2810304e-02   2.1325714e-02  -6.2067517e-02  -1.8420069e-05  -1.9269368e-03  -1.9667531e-03
   2.7832694e-02   3.2978874e-02  -8.3059096e-02   2.3551371e-04  -1.5544604e-03  -1.9960506e-03
   3.4887117e-02   4.7976915e-02  -1.3545788e-01   3.1549161e-05  -1.9637975e-03  -1.9909087e-03
   3.6482415e-02   4.4624580e-02  -1.3855795e-01  -2.5161756e-04  -1.9045401e-03  -2.0671688e-03
   2.2389387e-02   7.5142610e-02  -3.2394609e-01  -7.6849734e-04  -1.9476949e-03  -1.7616783e-03
   2.7387747e-02   5.9934279e-02  -1.9480043e-01   8.4159483e-04  -5.6705692e-04  -1.8690800e-03
   4.7549293e-02   5.7195590e-02  -2.4267092e-01   1.5117167e-03  -1.8592483e-03  -1.7000686e-03
   5.1765429e-02   4.6557699e-03  -1.5203265e-01   4.3788490e-03  -1.7122116e-03  -1.0287283e-03
   4.7691172e-02  -2.5813672e-02  -5.8103073e-02   8.4714358e-03  -1.3298596e-03  -5.5219292e-04
   6.8381033e-02  -3.2839006e-02  -8.4550299e-02   7.3749211e-03  -3.8012074e-03  -2.5042366e-03
   6.9021601e-02   8.6453469e-02  -5.3338788e-01   1.6165200e-04  -4.9489472e-03  -2.1806789e-03
   6.1277432e-02   6.6550249e-02  -5.2270913e-01  -4.9997515e-04  -4.9314781e-03  -2.2554170e-03
   8.2321625e-02   1.8183911e-01  -7.0669847e-01  -8.5757081e-03  -2.7649861e-03  -2.6508306e-03
   7.6208678e-02   2.3555551e-01  -8.3272472e-01  -8.4472724e-03  -3.6051200e-03  -2.4647009e-03
   7.6003380e-02   2.3921037e-01  -8.2316773e-01  -7.7004589e-03  -4.3710179e-03  -2.1063160e-03
   8.0707829e-02   2.1507915e-01  -7.6686157e-01  -6.3006119e-03  -3.8609050e-03  -2.5771396e-03
   7.6198164e-02   2.6876467e-01  -8.9946729e-01  -6.1716927e-03  -3.7011543e-03  -2.5331917e-03
   6.8028347e-02   2.3465247e-01  -8.0427828e-01  -6.3739673e-03  -4.3234181e-03  -2.2463122e-03
   4.5859981e-02   1.6025168e-01  -8.3604041e-01  -2.1579540e-03  -1.8693669e-03  -1.2005168e-03
  -3.0283495e-02   1.5533391e-01  -1.3441198e+00  -8.6084266e-03  -8.3654178e-04   8.8049410e-04
  -2.4425439e-02   2.3598349e-01  -1.3162388e+00  -8.3808341e-03  -1.6801732e-03   9.3741976e-04
  -1.3862542e-02   8.2141513e-02  -7.3659820e-01   3.5459349e-04  -6.2767387e-04   2.5459920e-04
   1.7531999e-02   1.2058145e-01  -9.3754582e-01  -2.5485848e-03  -3.0884315e-03   2.0209356e-04
   2.0168923e-02   2.9376099e-01  -1.1108592e+00  -1.0078533e-02  -3.4263674e-03  -5.3350917e-04
   5.5893553e-02   1.2250407e-01  -4.4489890e-01   7.6823154e-04  -1.5364775e-03  -1.3016015e-03
  -3.1456140e-02   1.4714191e-01  -8.6703475e-01  -4.4731665e-03   1.0134460e-03   3.8623487e-04
  -7.4041201e-03   1.2788509e-01  -9.0858115e-01  -4.2943516e-03   1.3917993e-04  -3.5821077e-04
   1.1792816e-03   1.2603222e-01  -8.4972711e-01  -3.3519847e-03  -7.4138107e-04  -2.8688493e-04
   1.6600747e-02   1.1362520e-01  -8.5160272e-01  -3.2769190e-03  -9.9322621e-04  -3.3402282e-04
  -3.0157255e-03   1.3447248e-01  -8.5177201e-01  -2.6537918e-03  -1.1710464e-03  -1.5418716e-04
   9.9160454e-03   1.1106957e-01  -8.8515441e-01   5.1860257e-04  -1.5255003e-03  -4.7333166e-04
   2.1283103e-02   1.3178605e-01  -8.9391855e-01   5.3999703e-04  -1.9822238e-03  -7.8759296e-04
   2.3140575e-02   1.4291321e-01  -8.7937560e-01  -6.1549578e-04  -2.9179107e-03  -7.5302709e-04
   3.2228420e-02   1.3026443e-01  -8.8034293e-01  -7.7546497e-04  -3.2510562e-03  -7.9765220e-04
   7.1883717e-02   3.7695490e-01  -1.1021743e+00  -1.2240062e-02  -1.6413900e-03  -2.6448273e-03
   3.5693980e-02   3.3622359e-01  -1.1986542e+00  -1.2796100e-02  -4.2859141e-04  -2.4416316e-03
   4.5049334e-02   3.5965536e-01  -1.2284923e+00  -1.2228867e-02  -1.8215294e-03  -2.2380410e-03
   4.0793867e-02   3.0319673e-01  -1.1754378e+00  -9.2762530e-03  -3.0233992e-03  -2.2344473e-03
   4.2405012e-02   3.2842610e-01  -1.1966093e+00  -1.0002767e-02  -2.9928364e-03  -2.3205504e-03
  -2.0987823e-03   2.7242447e-01  -1.2649387e+00  -9.3334740e-03  -9.0704133e-04  -1.1564318e-03
   3.9894312e-02   2.0651053e-01  -1.0224535e+00  -5.5984713e-03  -4.9041518e-03  -1.2431340e-03
   4.4671373e-02   1.7972213e-01  -1.0181887e+00  -5.6356817e-03  -5.0644432e-03  -1.1921669e-03
   5.0462111e-02   2.1003074e-01  -1.0520545e+00  -5.8313392e-03  -5.6313288e-03  -1.4923239e-03
   4.7816421e-02   2.0825446e-01  -1.0009882e+00  -4.5722993e-03  -4.9838546e-03  -1.5307009e-03
   4.0795074e-02   2.2669802e-01  -1.0329821e+00  -7.2677946e-03  -1.4388178e-03  -1.1768703e-03
  -2.3041328e-02   5.5937981e-02  -2.9506255e-01  -9.3271726e-03   4.4962239e-03   7.3827980e-04
  -2.6867087e-02   2.2813141e-01  -8.8678006e-01  -1.3537307e-02  -1.3160369e-03  -6.3872285e-04
   3.7705701e-02   3.0856590e-01  -9.7183694e-01  -1.1038637e-02   2.0332362e-03  -2.1578938e-03
   3.0913124e-02   3.0409476e-01  -9.3315393e-01  -1.0294706e-02   5.6783830e-04  -2.1024626e-03
   4.3874570e-02   2.6498897e-01  -8.8022260e-01  -9.6822507e-03  -2.9014204e-04  -2.3096164e-03
   3.7795485e-02   2.5932975e-01  -8.8196519e-01  -9.7478110e-03  -1.7967445e-04  -2.5754256e-03
   3.1319646e-02   2.8035138e-01  -9.0909497e-01  -1.0732165e-02  -6.0981041e-04  -2.3032273e-03
   4.2567788e-02   2.6876497e-01  -8.8327945e-01  -9.2642765e-03  -7.6964792e-04  -2.0120652e-03
   3.2409313e-02   2.8968324e-01  -9.3121620e-01  -6.3217186e-03  -9.0475872e-04  -2.2449900e-03
   3.5030622e-02   2.2230249e-01  -8.0561403e-01  -4.8196064e-03  -3.3844963e-03  -1.8054028e-03
   1.4972857e-02   2.3200963e-01  -9.0455256e-01  -6.2213584e-03  -2.4294375e-03  -1.6968579e-03
   2.7869398e-02   2.2130974e-01  -8.8885662e-01  -6.2290851e-03  -3.3945377e-03  -2.0410362e-03
   3.1422480e-02   2.2940953e-01  -8.7835837e-01  -5.8271319e-03  -3.3196885e-03  -2.0543173e-03
   3.7240514e-02   1.9784700e-01  -8.4144480e-01  -6.2029290e-03  -3.4534798e-03  -2.1598124e-03
   3.5067855e-02   2.3724361e-01  -9.2957057e-01  -6.1161535e-03  -3.5549520e-03  -2.1664018e-03
   3.8651871e-02   2.4815957e-01  -9.0684555e-01  -6.6083966e-03  -3.3340181e-03  -2.2488915e-03
   3.5319273e-02   2.2033134e-01  -8.8662181e-01  -5.8493622e-03  -3.4182858e-03  -2.1526296e-03
   5.8298273e-02   1.4565412e-01  -8.2667810e-01  -4.6518378e-03  -1.8661333e-03  -2.7456486e-03
   5.9286967e-02   1.9932882e-01  -8.1813822e-01  -3.3090254e-03  -3.0049880e-03  -2.1511229e-03
   5.1405481e-02   1.9462150e-01  -8.4663760e-01  -4.0367196e-03  -3.6373252e-03  -2.0350833e-03
   5.0155503e-02   1.9555036e-01  -8.8921661e-01  -3.7545809e-03  -3.8477427e-03  -1.8346311e-03
   6.9858956e-02   1.4551058e-01  -8.6779055e-01  -1.3090989e-03  -3.2044007e-03  -1.8290150e-03
   4.0446658e-02   2.1785161e-01  -8.6878117e-01  -4.2249060e-03  -3.2389160e-03  -1.5956850e-03
   5.1042379e-02   1.0410472e-01  -6.1187682e-01   1.7018769e-03  -2.2866886e-03  -2.0702867e-03
   5.2216287e-02   1.1259192e-01  -6.5596118e-01   1.5911789e-03  -2.9039745e-03  -1.9062341e-03
   1.0937513e-01   2.6844231e-01  -8.5219661e-01  -5.1097846e-03  -1.4188678e-03  -4.4341008e-03
   9.8794020e-02   2.5434686e-01  -8.4027362e-01  -6.5866276e-03  -2.1603375e-03  -4.5159921e-03
   8.9467214e-02   2.8590199e-01  -9.3744054e-01  -7.4689528e-03  -1.9687476e-03  -4.3567103e-03
   8.3419752e-02   2.7013935e-01  -9.3163974e-01  -6.9316037e-03  -2.0312110e-03  -4.0432593e-03
   7.7667014e-02   2.6998571e-01  -9.7671439e-01  -7.3104848e-03  -2.5799235e-03  -4.1067736e-03
   8.4429977e-02   2.7001052e-01  -9.6317491e-01  -5.5081334e-03  -3.1421462e-03  -4.1232882e-03
   7.7030384e-02   2.7385278e-01  -1.0392414e+00  -6.7786239e-03  -1.4833721e-03  -4.2436866e-03
   8.5579468e-02   2.5851198e-01  -1.0216307e+00  -5.2868429e-03  -2.3151050e-03  -3.8341541e-03
   4.3169208e-02   1.8716760e-01  -9.1073483e-01  -2.5567210e-03  -2.5700709e-03  -2.1293386e-03
   8.8777988e-02   7.0648466e-02  -7.9322838e-01   2.7259165e-03  -3.7747507e-03  -1.6366426e-03
   1.1403077e-01   2.1394830e-02  -4.8257059e-01   7.5485579e-03  -3.1343422e-03  -2.3150372e-03
   1.0808712e-01   1.8476309e-01  -6.3426618e-01  -3.7263313e-03  -5.5374111e-03  -3.5487071e-05
   1.2905025e-01   7.6766869e-02  -2.2850195e-01   5.1378031e-04  -2.8027643e-03  -4.8486412e-03
   1.1022247e-01   1.3092138e-01  -5.1630356e-01  -2.9139920e-03  -2.5172421e-03  -4.5860148e-03
   1.2010831e-01   1.5082149e-01  -5.6574760e-01  -2.6898618e-03  -3.0039468e-03  -4.6222185e-03
   9.9538905e-02   1.3985930e-01  -5.6530141e-01  -1.2562604e-04  -2.6254422e-03  -4.7367392e-03
   7.1624818e-02   1.7695777e-01  -7.3033526e-01  -1.8778502e-03  -2.2080539e-03  -4.1720148e-03
   9.7382953e-02   2.1770063e-01  -8.5639332e-01  -1.7143196e-03  -3.1842451e-03  -4.2168692e-03
   8.9804093e-02   1.9112454e-01  -7.8870265e-01  -1.2712326e-03  -2.7961860e-03  -4.2215719e-03
   8.6154795e-02   1.9239441e-01  -8.7159223e-01  -1.9658566e-03  -2.8261090e-03  -4.3101650e-03
   8.7642779e-02   1.7369237e-01  -8.1781973e-01  -1.1975713e-03  -2.8865887e-03  -4.4519146e-03
   9.1122646e-02   1.8751142e-01  -8.1047713e-01  -1.7778570e-03  -4.9066849e-03  -3.8997412e-03
   7.2319212e-02   1.7470454e-01  -9.2368921e-01   7.3519796e-04  -1.7936418e-03  -3.9701713e-03
   6.9912875e-02   1.7624411e-01  -9.1597950e-01  -7.0111042e-04  -2.6546744e-03  -3.8837409e-03
   5.8018127e-02   2.1345757e-01  -9.6373391e-01  -2.1972767e-03  -2.5013523e-03  -3.8767732e-03
   5.8414623e-02   1.9588655e-01  -9.1825792e-01  -1.0097883e-03  -2.6484041e-03  -3.6834939e-03
   7.5012143e-02   1.6368058e-01  -9.3148865e-01  -6.9400029e-04  -2.3511197e-03  -2.9863170e-03
   5.7003521e-02   1.7612519e-01  -9.3243240e-01   3.0828673e-04  -2.4346049e-03  -2.2246966e-03
   6.8588692e-02   1.8888045e-01  -9.6828371e-01  -4.5458653e-04  -3.8095249e-03  -2.5862304e-03
   8.0220092e-02   1.7331556e-01  -9.1400941e-01   3.8439291e-04  -4.3073119e-03  -2.6209975e-03
   8.9210147e-02   1.6263041e-01  -9.3668504e-01   5.8939010e-04  -4.6240869e-03  -2.6454724e-03
   9.1127308e-02   1.5548506e-01  -9.4635510e-01   9.7486334e-04  -3.1994745e-03  -3.1352122e-03
   5.8914516e-02   2.2929863e-01  -1.0636788e+00  -3.2758333e-04  -2.9977077e-03  -1.8339238e-03
   1.1833093e-01   2.4487680e-01  -9.8085766e-01  -1.2459396e-03  -4.3760988e-03  -4.2736688e-03
   1.1114895e-01   8.3390598e-02  -6.0513903e-01  -5.7328066e-03  -5.5288259e-03  -2.9466554e-03
   2.0415852e-02   1.8162816e-01  -8.4251062e-01  -7.0706406e-04   2.9982252e-03  -1.0615394e-03
   3.8224936e-02   1.2123703e-01  -7.7952855e-01  -2.8538933e-04   8.8255793e-04  -1.6609569e-03
   4.0442016e-02   1.4381390e-01  -8.2194909e-01  -9.1111942e-04  -4.7873476e-05  -1.8572966e-03
   4.3534467e-02   1.2627567e-01  -8.4455651e-01  -8.3006641e-04  -7.8680472e-04  -1.7491386e-03
   4.4213661e-02   1.4348244e-01  -8.8753971e-01  -4.7849672e-04  -5.5975299e-04  -1.9019738e-03
   3.9394830e-02   1.3847270e-01  -9.1788034e-01  -9.2056641e-04  -8.6959687e-04  -1.7065627e-03
   5.6590974e-02   1.3509168e-01  -9.0350528e-01   1.3002774e-03  -6.4239406e-04  -1.4835475e-03
   4.3074397e-02   1.8576882e-01  -1.5255493e+00  -4.0082152e-03  -2.4275786e-03  -1.1378939e-03
   3.4173867e-02   2.2111040e-01  -1.4284885e+00  -3.2171899e-03  -1.1031212e-03  -9.2189573e-04
   4.3817898e-02   1.7693274e-01  -1.4263275e+00  -1.8561685e-03  -2.6791434e-03  -1.2101937e-03
   3.8658936e-02   1.8694098e-01  -1.4149526e+00  -3.5365511e-03  -2.0257993e-03  -1.1590613e-03
   6.1704483e-02   4.4115798e-01  -1.6610218e+00  -1.2614608e-02   2.8405280e-04  -3.2109221e-03
   2.6665693e-02   3.4243114e-01  -1.4634134e+00  -1.0040697e-02  -3.6199049e-04  -2.5665469e-03
   4.2397902e-02   3.2468044e-01  -1.4984276e+00  -9.4435037e-03  -2.8900044e-03  -2.6371168e-03
   4.3385849e-02   2.9538228e-01  -1.4352429e+00  -8.8448063e-03  -3.2376374e-03  -2.7333590e-03
   3.1252073e-02   2.9915236e-01  -1.4493633e+00  -8.5949534e-03  -2.5484659e-03  -2.4570411e-03
   1.9146221e-02   2.9057975e-01  -1.4055253e+00  -7.0296841e-03  -2.2603226e-03  -1.5479044e-03
  -1.9133582e-02   7.6149735e-04   5.8364040e-01  -1.3317687e-02   6.2506279e-03   4.8624123e-04
  -7.2918192e-03  -1.4805670e-01  -3.4812671e-01   6.4508668e-03   3.3120554e-03  -2.2167649e-04
   8.1816719e-02   2.1781317e-02  -1.0708056e+00   3.2427242e-03  -5.0391636e-04  -1.5355971e-03
   4.1989489e-02   2.2274919e-01  -1.9305102e+00  -1.0740753e-02  -1.8641182e-03  -5.0915061e-04
   2.3102943e-02   2.2168323e-01  -1.9451287e+00  -1.0145469e-02  -2.7486858e-03  -5.1147140e-04
   2.1642482e-02   1.8173617e-01  -1.9286302e+00  -1.0202239e-02  -1.6814620e-03  -5.4750435e-04
   2.1907887e-02   4.0936839e-01  -2.0885319e+00  -1.8928009e-02   1.0371458e-03  -5.5795824e-04
   2.9745799e-02   3.9177396e-01  -1.9941023e+00  -1.8149176e-02   2.8042180e-04  -1.4109263e-03
   2.5844765e-02   3.6606963e-01  -1.9084577e+00  -1.7297372e-02   8.3855713e-04  -1.7192120e-03
   2.3217315e-02   3.3757196e-01  -1.8480882e+00  -1.6275467e-02   1.0894211e-03  -1.6267327e-03
   2.6677884e-02   3.5407382e-01  -1.8617057e+00  -1.6417948e-02   1.2534679e-03  -1.8350467e-03
   3.5249190e-02   3.6453458e-01  -1.8303966e+00  -1.6168992e-02   9.7043986e-04  -1.4294441e-03
   3.9393629e-02   3.5796303e-01  -1.8286386e+00  -1.5122609e-02   2.8497834e-04  -1.5500007e-03
   1.9866153e-02   3.7052239e-01  -1.8114780e+00  -1.4441166e-02   2.8138699e-03  -1.6492594e-03
   2.0892905e-03   3.3501373e-01  -1.7335912e+00  -1.4949608e-02   2.0462114e-03  -9.6655171e-04
   2.0968542e-02   3.4750516e-01  -1.7339307e+00  -1.5111627e-02   1.5664879e-03  -1.4821867e-03
  -3.0373842e-02   2.6134969e-01  -1.6791442e+00  -1.4976403e-02   1.2646780e-03  -4.5499312e-04
  -6.9170111e-03   2.5239334e-01  -1.6833414e+00  -1.5233842e-02   1.5259699e-03  -4.3419144e-04
   3.5121137e-02   3.8225993e-01  -1.3025249e+00  -1.4123639e-02   2.7429312e-03  -2.2861847e-03
   2.4322093e-02   3.4390384e-01  -1.2722720e+00  -1.3350007e-02   2.1049020e-03  -1.6851909e-03
   3.8540807e-04   2.8915309e-01  -1.1406001e+00  -1.0848191e-02   3.1811092e-03  -1.3290676e-03
   5.5082089e-03   2.8349563e-01  -1.1033107e+00  -9.8893859e-03   3.1763111e-03  -1.7378422e-03
   1.3566370e-02   2.6724262e-01  -1.1202442e+00  -9.7206174e-03   2.8966221e-03  -1.6755766e-03
   2.1553183e-02   2.7103268e-01  -1.1469790e+00  -1.0615948e-02   2.1333757e-03  -1.7032161e-03
   3.3284625e-02   2.7861039e-01  -1.2125235e+00  -1.0567665e-02   1.0394630e-03  -1.6859020e-03
   2.3535260e-02   2.6229810e-01  -1.1897996e+00  -1.0168278e-02   1.7601312e-03  -1.5233487e-03
   2.8605294e-02   2.7536349e-01  -1.1805156e+00  -1.0080584e-02   1.4464849e-03  -1.5163187e-03
   2.7464555e-02   2.5354603e-01  -1.1969601e+00  -1.0532092e-02   1.5410990e-03  -1.5976889e-03
   1.9321580e-02   2.5009551e-01  -1.2281793e+00  -9.9059821e-03   1.2435574e-03  -1.3306883e-03
   2.0616873e-02   3.3931425e-01  -1.3205150e+00  -1.2167276e-02   4.7148630e-03  -1.9346567e-03
   3.9395511e-02   2.2582340e-01  -1.2410420e+00  -8.6859388e-03   6.2161779e-04  -6.7035240e-04
  -5.2599407e-02   4.4438506e-01  -1.1648985e+00  -2.5706221e-02   7.6463365e-03  -7.8282192e-03
   7.5599986e-02   9.8955492e-02  -2.9449553e-01   1.0495269e-03   1.7720023e-03  -1.5503893e-04
  -3.5945915e-02   1.4170175e-01  -3.0785827e-01   1.5945891e-04   6.3983651e-03   2.8522435e-03
  -3.0569563e-02   1.4604212e-01  -6.3277494e-01  -8.1416237e-04   5.0576770e-03   3.7592944e-03
  -1.4493663e-02   1.0839304e-01  -6.4267955e-01  -1.8265631e-03   3.1806777e-03   2.9184361e-03
  -1.2644808e-02   1.3827592e-01  -6.2619348e-01  -2.0123680e-03   2.6920388e-03   2.8489919e-03
   4.7150609e-03   1.0006321e-01  -6.0959242e-01  -1.3279523e-03   2.4765336e-03   2.3026141e-03
   4.4469278e-03   1.1408260e-01  -5.9885984e-01  -1.9518973e-03   1.9153309e-03   2.3544440e-03
  -3.7863962e-03   1.2310748e-01  -5.7353239e-01  -1.3451247e-03   2.6991330e-03   2.5392207e-03
  -2.0325284e-02   2.8184624e-01  -6.3681038e-01  -8.1407072e-03   4.0892549e-03  -6.5473905e-04
   1.9607011e-02   2.6840798e-01  -6.6006735e-01  -7.2166578e-03   1.6034992e-03  -9.6340633e-04
   3.7419602e-02   2.3221641e-01  -6.7656357e-01  -7.1573010e-03   2.7920289e-04  -1.4888786e-03
   4.0017992e-02   2.3050544e-01  -6.7613638e-01  -5.5863979e-03   6.0405971e-04  -1.1922537e-03
   8.0003262e-02   2.1763471e-01  -7.2484821e-01  -3.5659339e-03  -2.2817459e-03  -2.0732099e-03
   7.5056800e-02   2.3643732e-01  -7.7432147e-01  -4.4149355e-03  -2.4114691e-03  -1.8412093e-03
   6.0768055e-02   2.1400000e-01  -8.0912364e-01  -3.6095435e-03  -2.0266154e-03  -1.7921104e-03
   9.0720822e-02   1.7385321e-01  -8.6740436e-01  -3.1985451e-03  -4.3280346e-03  -9.9239807e-04
   1.1866748e-01   7.2678870e-02  -4.0547306e-01  -1.0965208e-02   1.1749454e-03  -2.9357583e-03
   1.1147435e-01   1.3009911e-01   5.6607817e-01   7.1254677e-03  -1.0752399e-03  -1.9194728e-03
  -9.4308483e-03   6.8171716e-02  -3.3834706e-01   1.1673754e-03   3.8088822e-03  -9.1183204e-04
   2.1236356e-02   4.1156716e-02  -3.0532888e-01   2.7127611e-03   2.3377346e-03  -1.3261001e-03
   1.7806814e-02   2.4991177e-01  -5.2380438e-01  -4.6858144e-03   2.7280758e-03  -1.5265274e-03
   5.8108454e-02   1.6879457e-01  -2.9957659e-01  -3.0856764e-03   1.7409891e-03  -2.4169780e-03
   5.9758372e-02   1.5044276e-01  -3.3803189e-01  -3.1022540e-03   1.3731174e-03  -2.5982457e-03
   5.4588679e-02   1.6027608e-01  -3.2725837e-01  -3.0098552e-03   1.6784689e-03  -2.6641894e-03
   6.5024944e-02   1.5792194e-01  -3.6261701e-01  -2.6106121e-03   1.0394754e-03  -2.7529340e-03
   7.6313206e-02   1.6608984e-01  -3.7738371e-01  -2.5882373e-03  -1.0206005e-05  -2.8558146e-03
   6.2414256e-02   1.7108266e-01  -3.8135064e-01  -2.5173951e-03   5.0063254e-04  -2.6059049e-03
   6.4301568e-02   1.6651788e-01  -3.6573766e-01  -1.9141800e-03   3.9730667e-04  -2.6654824e-03
   6.2095677e-02   2.0153379e-02   1.2991992e+00   1.2103158e-02   9.9514412e-03  -1.0212040e-03
   1.0494123e-01   5.8139716e-02   1.1818009e+00   1.0311158e-02   8.1162301e-03  -2.1932827e-03
   8.2559879e-02   3.5171088e-02   9.8802414e-01   9.5528572e-03   7.7887823e-03  -1.9607298e-03
   8.4491427e-02   5.7498642e-02   7.0815192e-01   7.5489509e-03   5.7118723e-03  -1.6966296e-03
   8.8115628e-02   3.5733607e-02   6.8315838e-01   7.6206949e-03   6.2884746e-03  -1.9419685e-03
   7.6852169e-02   2.9340533e-02   6.5714685e-01   7.4786754e-03   5.9607346e-03  -1.8658643e-03
   9.4436218e-02   6.3410806e-02   6.2841865e-01   6.8620352e-03   5.4530116e-03  -2.1328243e-03
   9.7297534e-02   4.1203683e-02   6.1503749e-01   6.6248716e-03   5.2143759e-03  -2.1331165e-03
   8.5650292e-02   5.3107389e-02   5.8442272e-01   6.0488527e-03   5.1362042e-03  -1.9358679e-03
   9.2060697e-02   7.2985803e-02   5.4455082e-01   5.1787464e-03   5.2228870e-03  -1.8765001e-03
   9.0746758e-02   7.5276653e-02   5.0947158e-01   6.2281641e-03   3.9857600e-03  -1.7479215e-03
   9.8934625e-02   6.2691737e-02   5.2629796e-01   6.0044900e-03   4.2160841e-03  -1.9127533e-03
   1.0025255e-01   1.0216248e-01   5.3853584e-01   5.4552483e-03   7.8829590e-03  -2.1941754e-03
   1.1781620e-01   7.6313941e-02   3.0357584e-01   8.1766753e-03   3.1916370e-03  -1.7337463e-03
   7.8044908e-02   9.0570359e-02   3.6295792e-01   7.7011856e-03   2.8719807e-03  -1.3555836e-03
   7.4873955e-02   2.7360224e-02   4.0388075e-01   8.9543982e-03   3.3265960e-03  -1.6440999e-03
   1.2868217e-01   1.2300546e-01   2.1575374e-01   4.1770744e-03   6.9566508e-04  -2.2909414e-03
   1.3256767e-01   1.5230505e-01   2.4357701e-01   5.0037207e-03   6.6902360e-05  -2.5419457e-03
   1.2814995e-01   1.2228033e-01   2.8482876e-01   6.3547800e-03   3.1695736e-04  -2.4508365e-03
   1.2221149e-01   1.4831713e-01   2.5184208e-01   5.7269903e-03   3.9804712e-04  -2.8210159e-03
   1.3672739e-01   1.2045579e-01   1.7549143e-01   5.6372041e-03  -3.2005368e-05  -2.9802507e-03
   1.1723988e-01   1.3252410e-01   2.0287727e-01   5.9937910e-03   4.7016863e-04  -2.6412410e-03
   9.6512969e-02   1.7902157e-01   4.8421685e-02   6.0997236e-03   2.4916186e-03  -2.3813175e-03
   1.0063698e-01   1.1885915e-01   1.0902124e-01   6.6063586e-03   2.0775908e-03  -2.1898808e-03
   7.5505145e-02   1.2785558e-01   1.3331050e-01   6.1720336e-03   2.9889711e-03  -2.0705811e-03
   5.3601296e-02   6.8060725e-02   1.4582725e-01  -7.2928176e-03   4.8797075e-03  -9.7627491e-04
   1.1473222e-01  -7.4077347e-02   2.1727033e-02   1.2261113e-02  -5.5301396e-03  -3.6435533e-03
  -8.2649021e-03  -1.4337652e-01   5.6933578e-01  -2.2278009e-03   1.9046002e-03  -1.5150375e-03
   5.8249345e-02   1.7487108e-01  -1.1993788e+00  -2.0959610e-04  -2.2643590e-03  -5.4081727e-04
   5.9859446e-02   1.1556152e-01  -9.8167449e-01   4.4699335e-04  -2.8673355e-03  -4.8338702e-04
   8.6561309e-02   9.1386942e-02  -9.1841108e-01   4.0486296e-04  -3.6302613e-03  -9.3485121e-04
   8.3115520e-02   9.8187631e-02  -8.6492225e-01   7.7325694e-04  -4.0122192e-03  -1.1728729e-03
   9.0001074e-02   7.8373522e-02  -8.2589302e-01   7.3813957e-04  -4.5707021e-03  -1.2114757e-03
   9.2878970e-02   5.0860643e-02  -7.8434000e-01   2.6935079e-03  -2.9705441e-03  -1.5338201e-03
   8.0827235e-02   4.4864043e-02  -6.3872044e-01   2.8849730e-03  -3.3895963e-03  -1.0823873e-03
   9.9829895e-02   6.1615016e-02  -6.1986712e-01   2.6318458e-03  -3.8316203e-03  -1.0980404e-03
   9.1577636e-02   6.3102600e-02  -6.0887221e-01   2.7588942e-03  -3.8395819e-03  -1.1000631e-03
   8.2547726e-02   6.7307842e-02  -6.3231409e-01   3.0526794e-03  -4.3532577e-03  -7.7697404e-04
   1.5854095e-01   2.0504848e-01  -7.0521750e-01  -4.6355544e-03  -6.7862730e-03  -2.5515321e-03
   1.3317092e-01   2.5720966e-01  -4.0087767e-01  -3.6014969e-03  -2.7493203e-03  -3.5430034e-03
   1.3193504e-01   2.1712707e-01  -4.0148314e-01  -3.1328850e-03  -2.8120592e-03  -3.8659688e-03
   1.3769741e-01   2.0230229e-01  -4.2212046e-01  -2.7468836e-03  -2.5828454e-03  -4.1333172e-03
   1.4709858e-01   1.8480608e-01  -4.3142462e-01  -2.1978540e-03  -2.6690688e-03  -4.4430479e-03
   1.5614450e-01   1.7564694e-01  -4.5341521e-01  -7.7187838e-04  -2.1452804e-03  -4.2449998e-03
   1.2029150e-01   2.3771256e-01  -6.4409016e-01  -3.1723105e-03  -2.3260246e-03  -3.6769590e-03
   1.1905308e-01   2.3897207e-01  -6.5576973e-01  -3.6458233e-03  -2.5320371e-03  -3.6204566e-03
   1.2189657e-01   2.1754614e-01  -6.3517198e-01  -3.0225578e-03  -2.9674028e-03  -3.3182772e-03
   1.2266340e-01   2.2433288e-01  -6.2676297e-01  -2.6462808e-03  -3.2388118e-03  -3.4796053e-03
   1.3273336e-01   2.1608959e-01  -6.1678432e-01  -2.8396334e-03  -3.1355962e-03  -3.6847257e-03
   1.3465161e-01   2.0816084e-01  -6.3769250e-01  -2.5706311e-03  -3.5057202e-03  -3.5302860e-03
   1.3426655e-01   2.1382598e-01  -6.3446879e-01  -2.4677309e-03  -2.8686348e-03  -3.7253594e-03
   1.2493863e-01   1.9434755e-01  -6.0272655e-01  -1.5661035e-03  -2.6318599e-03  -3.7071725e-03
   1.4007383e-01   1.9877377e-01  -5.8087297e-01  -1.8516539e-03  -2.5852333e-03  -3.8211239e-03
   1.2464164e-01   1.9697811e-01  -5.9546484e-01  -1.5978317e-03  -2.6038770e-03  -3.6875260e-03
   1.3644153e-01   1.1635416e-01  -6.2143638e-01  -2.0108086e-03  -2.2713764e-03  -3.6796953e-03
   1.6756517e-01   1.4601423e-01  -4.8218300e-01   2.4930295e-03  -5.6442267e-03  -3.7859693e-03
   1.5471787e-01   1.4221361e-01  -3.9948248e-01   2.4789441e-03  -4.4918910e-03  -3.6702085e-03
   1.5334611e-01   1.3596312e-01  -4.0203616e-01   2.4690102e-03  -4.7864906e-03  -3.6518221e-03
   1.4719737e-01   1.4029868e-01  -4.3681436e-01   2.3593791e-03  -4.5720887e-03  -3.6849757e-03
   1.6351965e-01   1.4545748e-01  -6.2882902e-01   2.6045943e-03  -5.7884539e-03  -3.1810956e-03
   1.5006085e-01   1.5129478e-01  -5.3118787e-01   2.7900544e-03  -5.4238200e-03  -3.0498005e-03
   1.6039103e-01   1.3910972e-01  -4.5227919e-01   2.9486016e-03  -4.9662434e-03  -3.7076191e-03
   1.6500053e-01   1.4025742e-01  -5.3916785e-01   2.9788773e-03  -5.4523968e-03  -3.1911210e-03
   1.5397896e-01   1.3117600e-01  -5.1284690e-01   3.3846409e-03  -5.5884162e-03  -3.2026077e-03
   1.1566799e-01   1.7272066e-01  -7.8375127e-01   4.1543470e-03  -6.3862082e-03  -1.7585285e-03
   1.3906665e-01   1.7121983e-01  -6.3780796e-01   5.6838717e-03  -7.0481378e-03  -2.2178610e-03
   1.3267446e-01   1.6441736e-01  -6.5924021e-01   5.7850093e-03  -7.2454624e-03  -2.1526031e-03
   1.4053640e-01   1.6557240e-01  -6.6169426e-01   5.6155346e-03  -7.6748522e-03  -2.2947505e-03
   1.4004135e-01   1.4186870e-01  -6.1537395e-01   6.5273008e-03  -7.9148404e-03  -2.3766033e-03
   1.5234594e-01   1.5219288e-01  -6.2869086e-01   6.2239774e-03  -8.0636493e-03  -2.3992355e-03
   1.5150193e-01   1.6808126e-01  -6.1180374e-01   5.9758012e-03  -7.7423663e-03  -2.6052319e-03
   1.4482458e-01   1.5434341e-01  -6.4484149e-01   6.5343829e-03  -7.3756405e-03  -2.4545661e-03
   1.4836541e-01   1.4529071e-01  -6.3981424e-01   6.2280859e-03  -8.0488073e-03  -2.2967690e-03
   1.4548900e-01   2.9362946e-01  -8.9387304e-01   3.4483301e-04  -5.7822947e-03  -2.9229155e-03
   1.6080582e-01   2.6373046e-01  -7.7155605e-01   1.5975120e-03  -7.7017451e-03  -2.7000907e-03
   1.6432965e-01   2.5837183e-01  -7.8715212e-01   1.4184040e-03  -7.6416137e-03  -2.9822121e-03
   1.6307586e-01   2.3365258e-01  -7.6597064e-01   1.7084592e-03  -6.9536245e-03  -3.2029558e-03
   1.4980664e-01   1.7551468e-01  -7.8019599e-01   3.1561432e-03  -5.5988021e-03  -2.7267835e-03
   1.7595452e-01   2.2039177e-01  -6.3717801e-01   4.3114560e-03  -7.2365641e-03  -2.6353154e-03
   1.5660940e-01   2.0473479e-01  -6.3768420e-01   3.6321016e-03  -7.1753571e-03  -2.3584880e-03
   1.6462735e-01   2.1543369e-01  -6.9521739e-01   3.2441008e-03  -7.5807765e-03  -2.4651389e-03
   1.6574127e-01   2.0450999e-01  -7.4214571e-01   3.3687058e-03  -7.4161074e-03  -2.4575318e-03
   1.3112127e-01   2.3776410e-01  -8.3272494e-01   1.4222351e-03  -6.2002229e-03  -1.9116911e-03
   1.5551364e-01   2.5048460e-01  -7.7269566e-01   1.7705021e-03  -7.4293213e-03  -2.2934986e-03
   7.3326230e-02   1.4690206e-01  -7.5991951e-01   4.4929643e-03  -1.9981383e-03  -2.6168867e-04
   1.0963023e-01   1.5326478e-01  -7.7477595e-01   3.5597434e-03  -3.8185126e-03  -8.5471994e-04
   1.3626985e-01   1.4389477e-01  -5.9415639e-01   5.0215627e-03  -5.8688652e-03  -1.2202907e-03
   1.4656881e-01   2.1076125e-01  -1.1893192e+00   6.4204640e-03  -9.4247365e-03  -1.2661780e-03
   1.5509242e-01   2.2875891e-01  -1.1608374e+00   6.2958383e-03  -9.4737615e-03  -1.2683966e-03
   1.4053391e-01   2.2240015e-01  -1.1495423e+00   7.3693310e-03  -8.3670077e-03  -1.1246108e-03
   1.3675421e-01   1.9888260e-01  -1.1553673e+00   7.5110733e-03  -8.0981091e-03  -1.3153327e-03
   1.3633811e-01   2.2139724e-01  -1.1475325e+00   6.4592989e-03  -8.6874921e-03  -1.2773408e-03
   1.4179167e-01   2.3314871e-01  -1.1280412e+00   5.9434912e-03  -9.0562619e-03  -1.3711035e-03
   1.4482908e-01   2.2017789e-01  -1.1201120e+00   6.7664258e-03  -9.1144561e-03  -1.3201601e-03
   1.4833092e-01   2.2916729e-01  -1.1444377e+00   6.5295062e-03  -9.0340485e-03  -1.4066240e-03
   1.4469024e-01   2.1151914e-01  -1.1291251e+00   7.7162154e-03  -8.9114141e-03  -1.5032137e-03
   1.3586767e-01   1.9076391e-01  -1.0774785e+00   7.6349808e-03  -8.7152713e-03  -1.1407088e-03
   1.7304682e-01   4.0966712e-01  -1.3425222e+00  -1.1763233e-03  -7.1250937e-03  -3.2275729e-03
   1.6514738e-01   3.1561467e-01  -1.1876332e+00   1.2729173e-03  -8.7620690e-03  -2.8583044e-03
   1.6575221e-01   3.4009061e-01  -1.2124654e+00   1.1816510e-03  -8.7485835e-03  -2.9189429e-03
   1.6403016e-01   3.0800695e-01  -1.2394212e+00   1.5444249e-03  -8.2090499e-03  -2.9684380e-03
   1.6374105e-01   2.9640958e-01  -1.1772669e+00   2.5197083e-03  -8.7254517e-03  -2.9508161e-03
   1.7610527e-01   2.8898955e-01  -1.6189234e+00   9.6109529e-04  -1.0630155e-02  -2.4689084e-03
   1.0770459e-01   3.1097957e-01  -1.6443391e+00   2.0874461e-03  -8.0051210e-03  -1.1066787e-03
   1.3338430e-01   2.8297647e-01  -1.4816638e+00   2.5979896e-03  -8.5155730e-03  -1.5729949e-03
   1.2852815e-01   2.9925717e-01  -1.4433021e+00   2.9638766e-03  -8.5214380e-03  -1.8948459e-03
   1.4919662e-01   2.7542674e-01  -1.4416041e+00   2.7601867e-03  -8.8839319e-03  -1.8689109e-03
   1.0976722e-01   1.7831523e-01  -1.3007104e+00  -2.0317423e-03  -4.0295606e-03  -1.8010477e-03
   3.9078581e-02   3.3696501e-01  -5.8433004e-01  -1.5607479e-02   2.4451022e-03  -1.8050779e-04
   1.2878222e-01   1.0115291e-01  -1.8302185e-01   9.6991161e-03  -2.5962221e-03  -2.3779431e-03
   1.4835713e-01   1.0551951e-01  -3.5773239e-01   9.0957657e-03  -3.8782720e-03  -2.5124805e-03
   1.4415533e-01   1.6706691e-01  -3.9415611e-01   7.9865944e-03  -3.4927147e-03  -2.2447138e-03
   1.4886922e-01   2.0066408e-01  -6.6525933e-01   6.6139803e-03  -7.0222068e-03  -1.7542052e-03
   1.5325364e-01   1.4988713e-01  -5.5148908e-01   8.3364767e-03  -5.4855244e-03  -2.0593989e-03
   3.1409143e-02   1.8507095e-01  -8.0067433e-01  -1.0203413e-02   7.9081008e-03  -4.5340240e-04
   1.2139070e-01   1.1484793e-01  -2.7483936e-01   5.1063952e-03   2.5622165e-03  -2.2534084e-03
   1.3855544e-01   1.0349018e-01  -3.3885331e-01   5.3617711e-03   1.0370938e-03  -2.8460784e-03
   1.5502859e-01   1.1762914e-01  -2.9238186e-01   5.5644324e-03  -3.9300681e-04  -3.0344107e-03
   1.6038074e-01   8.3961417e-02  -2.5494016e-01   6.1360056e-03  -8.5969711e-05  -3.0775883e-03
   1.5403226e-01   9.8523882e-02  -2.5374030e-01   5.8160394e-03   5.4343523e-05  -2.9905657e-03
   1.5045016e-01   8.6955269e-02  -2.4634505e-01   6.0008849e-03   4.9495546e-04  -2.9394338e-03
   1.4638364e-01   9.1859758e-02  -2.6583047e-01   5.3831187e-03   2.7149848e-04  -2.9013725e-03
   1.4381713e-01   1.0490311e-01  -2.5656327e-01   5.6212948e-03   1.4432371e-04  -2.9607186e-03
   1.4046646e-01   9.7003624e-02  -2.4161601e-01   5.7053304e-03   4.1452057e-04  -2.8173111e-03
   1.4934128e-01   1.1466174e-01  -2.3435912e-01   5.3499805e-03  -5.7278861e-05  -3.0280655e-03
   1.3834895e-01   8.3361962e-02  -2.0722925e-01   5.9526309e-03  -2.8948934e-05  -2.7216709e-03
   1.5060017e-01   1.1458818e-01  -2.4093015e-01   6.0591142e-03   3.7351943e-04  -3.0681900e-03
   9.8482220e-02   1.1385918e-01  -2.3997140e-01   6.6290710e-03   3.6850026e-03  -2.1240963e-03
   1.1378596e-01   1.4360649e-01  -4.0525982e-01   4.8217965e-03   1.2993662e-03  -1.7858088e-03
   1.2681054e-01   1.4483736e-01  -4.0515307e-01   5.0162187e-03   6.1027286e-04  -2.1228639e-03
   1.3286399e-01   1.2905379e-01  -4.2494109e-01   5.3704520e-03   4.3029568e-04  -2.2595420e-03
   7.4701770e-02   2.9361537e-01  -4.9997461e-01  -5.8362302e-03   1.2775793e-04  -1.5945995e-03
   1.4204467e-01   2.6587149e-01  -6.4608673e-01   5.1023034e-04  -8.0161623e-04  -2.5374290e-03
   1.5061362e-01   1.9749491e-01  -6.0177537e-01   1.8200717e-03  -1.1986184e-03  -2.5818395e-03
   1.5344100e-01   2.2363527e-01  -6.6790787e-01   1.8128183e-03  -2.1423091e-03  -2.9078148e-03
   1.7266712e-01   1.3651829e-01  -6.3317618e-01   8.0551743e-04  -2.1310699e-03  -3.2568981e-03
   6.6015585e-02  -2.7817357e-01   1.0127005e+00  -4.0000186e-03  -3.7443003e-03   4.3957522e-03
   1.9097149e-01   8.4144810e-02   7.7153498e-01   9.1182666e-03  -2.5734716e-04   2.9143668e-03
   1.2461547e-01   3.3119910e-01  -2.5395942e+00  -5.7728052e-03  -9.3438741e-03  -6.7237499e-04
   9.4258970e-02   3.5837731e-01  -2.6621639e+00  -7.1664418e-03  -8.4224061e-03  -1.5107045e-04
   9.3835341e-02   3.1404697e-01  -2.5251755e+00  -7.3302285e-03  -8.5178507e-03  -4.8682275e-04
   1.0243989e-01   2.6379794e-01  -2.3794116e+00  -6.8391780e-03  -8.3590620e-03  -5.2528519e-04
   1.4777530e-01   3.3765632e-01  -2.3333533e+00  -9.2180866e-03  -8.2407574e-03  -2.2604717e-03
   1.4537007e-01   3.0282392e-01  -1.7784111e+00  -6.9627923e-03  -7.1514113e-03  -1.4725386e-03
   1.5073454e-01   2.8752198e-01  -1.7019501e+00  -5.9205011e-03  -7.4025982e-03  -1.6329163e-03
   1.4835822e-01   2.6829143e-01  -1.7128585e+00  -4.6349943e-03  -6.9493955e-03  -1.7894708e-03
   1.4705636e-01   2.9462606e-01  -1.9341646e+00  -5.8390589e-03  -7.8250385e-03  -1.5538546e-03
   1.4420804e-01   1.8941258e-01  -1.6388382e-01  -1.3460711e-02   2.1169547e-04   8.8332245e-04
   2.7070858e-01  -3.6882747e-02   2.2726726e+00   2.4128170e-02  -4.4642113e-03   2.9051518e-03
   2.1527981e-01   1.1567398e-01  -2.2693433e-01   5.2745751e-03  -9.1514509e-03   3.5771226e-04
   1.8309597e-01   1.1585565e-01  -1.9122020e-01   4.3217502e-03  -8.0385991e-03   4.8206576e-04
   1.8628480e-01   8.6466328e-02  -4.8843572e-02   5.5294070e-03  -6.3303859e-03   1.7306197e-05
   1.7701615e-01   7.9592280e-02   2.6947454e-02   6.5161611e-03  -5.4102459e-03  -3.8308031e-05
   1.8514917e-01   6.6960683e-02   3.5409319e-02   6.9229061e-03  -4.7626079e-03  -2.5370657e-04
   1.7193467e-01   7.7439715e-02   5.9113103e-02   7.3642181e-03  -4.0309590e-03  -3.3812317e-04
   1.3326326e-01   2.0750716e-01  -1.5068056e-01   1.2363554e-03  -1.4977364e-03  -1.3049948e-03
   1.5951495e-01   1.8541485e-01  -1.7773571e-01   5.0563948e-04  -2.8499484e-03  -1.6055370e-03
   2.0454915e-01   1.2535706e-01  -1.3895484e-01   3.7036337e-03  -5.3328547e-03  -1.4883508e-03
   1.8244129e-01   1.4129564e-01  -1.3979182e-01   2.7666311e-03  -5.4370078e-03  -1.1328697e-03
   1.8400542e-01   1.2248903e-01  -1.0157290e-01   2.8789000e-03  -4.5031131e-03  -1.5494909e-03
   1.7558085e-01   1.5031299e-01  -1.1256033e-01   3.0089369e-03  -4.1379046e-03  -1.2320317e-03
   1.7653304e-01   1.5278791e-01  -1.2027659e-01   3.0280566e-03  -3.9880147e-03  -1.3009972e-03
   1.6976087e-01   1.2647272e-01  -1.1886042e-01   3.5643449e-03  -3.3537253e-03  -1.2590500e-03
   1.2561521e-01   1.4389449e-01  -2.0276218e-01   1.7957160e-03  -2.3202453e-03   2.9358771e-04
   6.9882692e-02  -1.5789841e-02   4.6494567e-01  -4.2564795e-03   9.2608373e-03  -2.3638560e-03
   8.3021056e-02   8.5539305e-02  -5.5872980e-01   4.9229101e-03   2.4706117e-03  -1.2639103e-03
   9.4558760e-02   1.9049705e-01  -1.3022501e+00  -3.2007494e-03  -1.4667209e-03  -2.1366143e-04
   1.5059694e-01   3.6538287e-01  -1.3945101e+00  -8.7120519e-03  -1.4333402e-03  -1.2720180e-03
   1.6262054e-01   3.3107158e-01  -1.2613432e+00  -7.3381761e-03  -4.0276468e-03  -1.4877862e-03
   1.6277320e-01   3.1069364e-01  -1.1642930e+00  -6.4531256e-03  -3.6566419e-03  -1.9202332e-03
   1.5144228e-01   3.0029129e-01  -1.1875657e+00  -7.1517637e-03  -3.7344490e-03  -1.9846386e-03
   1.5731283e-01   3.0095284e-01  -1.1671901e+00  -7.1853549e-03  -3.4887547e-03  -2.5789666e-03
   1.5805526e-01   3.0796538e-01  -1.0703666e+00  -7.5799924e-03  -3.1477880e-03  -2.3684649e-03
   1.4160661e-01   3.1744443e-01  -1.0501519e+00  -6.6186715e-03  -3.4373341e-03  -2.2651204e-03
   1.3137180e-01   2.9025192e-01  -1.0233343e+00  -6.0387276e-03  -2.7608969e-03  -2.1238106e-03
   1.3885902e-01   2.8735624e-01  -1.0180662e+00  -5.9422349e-03  -3.1678826e-03  -2.4297447e-03
   1.3975761e-01   2.9914248e-01  -1.0275003e+00  -6.1870628e-03  -2.9169627e-03  -2.4908598e-03
   1.4659246e-01   2.3293049e-01  -1.0633438e+00  -4.2298448e-03  -3.1516973e-03  -2.0881933e-03
   7.6412289e-02   3.9827153e-01  -1.0837029e+00  -1.2979931e-02  -2.7723840e-03  -4.3696260e-03
   1.3279425e-01   4.2790160e-01  -1.3736690e+00  -8.7100644e-03   5.6189823e-04  -2.6916866e-03
   1.4329858e-01   4.0523575e-01  -1.2935734e+00  -9.6527705e-03  -2.9193741e-03  -2.9080444e-03
   1.4338737e-01   3.7857420e-01  -1.2619832e+00  -8.8221558e-03  -2.8580634e-03  -3.2246749e-03
   1.4359084e-01   3.7318754e-01  -1.2523489e+00  -8.7462642e-03  -2.9559573e-03  -3.3165698e-03
   1.5618882e-01   3.7775960e-01  -1.2575948e+00  -8.2794242e-03  -3.3740742e-03  -3.5853163e-03
   1.4565238e-01   3.7349913e-01  -1.2188661e+00  -8.0057587e-03  -4.0721279e-03  -3.3726705e-03
   1.5666163e-01   3.6833191e-01  -1.1878067e+00  -7.9629205e-03  -4.3061087e-03  -3.4787755e-03
   9.7669340e-02   1.7846833e-01  -1.1129041e+00  -1.8757988e-02  -1.1847714e-03  -1.8273392e-03
   1.3894253e-01  -5.2095670e-02   2.7385493e-02  -4.8918093e-03  -9.8358684e-03   4.9879128e-03
  -1.8262169e-02   2.7974914e-02  -1.4798581e+00  -1.5637577e-02   2.2235160e-03   3.7916038e-03
   3.2955514e-02   2.5737686e-01  -1.9299207e+00  -5.8264074e-03   4.7978247e-03   2.3596066e-03
   3.8667724e-02   4.9229086e-01  -1.8826275e+00  -1.8125702e-02   4.4133808e-03   6.5381287e-04
   3.7622498e-02   3.8980163e-01  -1.6080482e+00  -1.2468000e-02   5.9803346e-03  -9.9955883e-04
   6.7953567e-04   2.9801052e-01  -1.4072972e+00  -1.0990339e-02   5.6714652e-03  -6.1749744e-04
   2.8183901e-03   2.8450899e-01  -1.3158654e+00  -9.5646344e-03   6.2348008e-03  -9.6519975e-04
  -1.2431402e-03   2.7569242e-01  -1.2450232e+00  -8.9329490e-03   5.9887386e-03  -9.8625189e-04
   2.5820242e-03   3.0839322e-01  -1.2719063e+00  -8.9112953e-03   6.2390305e-03  -8.5441416e-04
   2.7712647e-03   2.7372096e-01  -1.1917338e+00  -8.0274632e-03   6.7268428e-03  -9.3742448e-04
   4.5401934e-02   2.8942002e-01  -1.1550246e+00  -7.5600179e-03   4.3581964e-03  -1.3736405e-03
   5.0864006e-02   2.7609711e-01  -1.0941858e+00  -6.5197545e-03   4.6937422e-03  -1.5481939e-03
   4.7035700e-02   2.8585354e-01  -1.0954465e+00  -6.3999334e-03   4.2814498e-03  -1.5766216e-03
   4.2792207e-02   2.7473112e-01  -1.0916386e+00  -6.0331496e-03   4.3731742e-03  -1.3353220e-03
   4.8062194e-02   2.8167303e-01  -1.0785198e+00  -6.0300033e-03   4.2787647e-03  -1.4991914e-03
   6.9497098e-02   2.2709050e-01  -1.0372616e+00  -5.7113246e-03   5.0320736e-03  -1.0086292e-03
   4.6457687e-02   2.1953313e-01  -5.8045999e-01   9.2257690e-04   6.4195702e-03  -9.5767473e-05
   5.5379945e-02   2.1651028e-01  -6.7647535e-01  -6.2045390e-04   5.4933220e-03   9.2616578e-05
   5.3769972e-02   2.2959695e-01  -7.1673705e-01  -1.1573735e-03   4.5947970e-03   2.9683367e-04
   5.5747065e-02   2.2479455e-01  -6.9878423e-01  -1.2152125e-03   4.7582765e-03   5.6690881e-05
   8.8738309e-02   2.2797520e-01  -6.8306804e-01  -1.0621703e-03   4.6673185e-03  -4.5323791e-04
   4.7293383e-02   1.3400196e-01  -6.8862892e-02  -1.5340157e-03   6.2892379e-03   7.0008169e-04
   6.4595712e-02   1.5669053e-01  -5.5036629e-01  -6.9111909e-04   2.0390778e-03   8.0855712e-04
   7.8436131e-02   2.0846505e-01  -7.3578814e-01  -1.0878718e-04   8.8065468e-05   1.9295937e-03
   1.1205604e-01   2.0328789e-01  -7.4428505e-01  -9.0551010e-04  -1.5643977e-03   1.0700144e-03
   1.1639969e-01   1.7773309e-01  -6.6697433e-01   1.6274335e-03  -3.5974724e-03   8.0099098e-04
   1.3676942e-01   1.8538696e-01  -6.4354355e-01   1.6010023e-03  -4.0081042e-03   3.4807471e-04
   1.2735456e-01   1.6456686e-01  -5.5472331e-01   2.4609785e-03  -4.0462948e-03   2.9086403e-04
   1.5166770e-01   1.7789714e-01  -5.8131900e-01   2.2641084e-03  -4.0830656e-03  -1.8404157e-04
   1.3372655e-01   1.6893801e-01  -5.6717823e-01   1.7302896e-03  -3.9300567e-03  -1.6888109e-05
   1.3775230e-01   1.6395490e-01  -5.4960956e-01   2.9587498e-03  -3.4036301e-03  -1.5902025e-04
   1.4794117e-01   1.7362579e-01  -5.4219794e-01   3.5309659e-03  -4.7143952e-03  -1.7241069e-04
   1.5320118e-01   1.9312058e-01  -5.5376810e-01   2.6405137e-03  -4.5817275e-03  -6.3464304e-04
   1.6840245e-01   1.8351488e-01  -5.3187324e-01   3.6394684e-03  -5.8826689e-03  -6.7481293e-04
   1.7139165e-01   2.0821482e-01  -5.6183923e-01   2.8795518e-03  -5.8176131e-03  -8.0088672e-04
   1.8882624e-01   1.6457925e-01  -5.7349777e-01   3.4370736e-03  -6.8506231e-03  -7.2793057e-04
   1.8109649e-01   1.7921128e-01  -6.1184135e-01   2.2490200e-03  -6.2612138e-03  -8.5626309e-04
   1.7540017e-01   1.8820605e-01  -6.4784190e-01   3.2101681e-03  -7.4422586e-03  -7.2705332e-04
   1.5918414e-01   1.7192187e-01  -5.6193459e-01   3.0909072e-03  -3.7306894e-03  -9.3026306e-04
   1.4566640e-01   1.9792494e-01  -6.1657762e-01   2.5169748e-03  -3.7144561e-03  -6.6750333e-04
   1.4780958e-01   1.5559282e-01  -5.7565802e-01   2.8035650e-03  -4.4121898e-03  -5.4970853e-04
   1.6006491e-01   1.8235164e-01  -5.7113061e-01   3.2825551e-03  -4.3553795e-03  -7.8270493e-04
   1.5536226e-01   1.6591432e-01  -5.6407073e-01   3.8182415e-03  -4.9060441e-03  -6.1270430e-04
   1.7013585e-01   6.3310775e-02  -7.4706612e-01  -4.7912624e-03  -4.4077447e-03  -8.2698251e-04
   1.0648619e-01   2.0752272e-01  -9.2581036e-01  -8.7062015e-04   2.0507149e-03   4.3753912e-04
   1.3541369e-01   1.9832112e-01  -6.5053424e-01   2.7585273e-03   2.3604498e-04   1.2545152e-04
   1.4979525e-01   1.9335022e-01  -6.1030193e-01   2.7957908e-03  -9.0258925e-04  -1.2502756e-04
   1.5808652e-01   1.8014202e-01  -5.8779727e-01   2.6025821e-03  -1.6187317e-03  -1.5324819e-04
   1.4749909e-01   1.9935238e-01  -5.5106267e-01   2.2302989e-03  -1.7593868e-03  -2.7257425e-04
   1.2122729e-01   1.9855764e-01  -4.8459622e-01   3.2885565e-04   1.6403176e-03  -3.1692859e-04
   1.3130465e-01   1.3774881e-01  -3.9318019e-01   5.1151253e-03   2.1527726e-03   2.3464606e-04
   1.2347126e-01   1.1834689e-01  -3.7702693e-01   5.4719429e-03   2.7510644e-03   4.4718657e-04
   1.2371785e-01   1.7983478e-01  -3.4595790e-01   5.1224916e-03   1.3706910e-03   7.3018426e-04
   1.2703578e-01   1.5548845e-01  -3.1763763e-01   5.6212289e-03   1.0070070e-03   6.7121972e-04
   1.3772233e-01   1.6619574e-01  -3.1975145e-01   5.7813237e-03   8.6574411e-04   5.5276280e-04
   1.4410890e-01   1.6221175e-01  -3.3736822e-01   6.3507427e-03   1.2993616e-03   1.8625210e-04
   1.4046106e-01   1.8858439e-01  -3.5483283e-01   5.7497329e-03   6.0855275e-04   4.2643087e-04
   1.5216934e-01   1.5240503e-01  -3.2510272e-01   5.5834052e-03  -1.0588068e-04   3.1324273e-04
   1.4663570e-01   1.8211826e-01  -3.7480792e-01   4.8443334e-03  -3.7404334e-04   3.2860882e-04
   1.3940389e-01   1.7540199e-01  -4.0216835e-01   5.9699043e-03   1.9500968e-04   4.8238270e-04
   1.4572231e-01   1.9360321e-01  -3.6135840e-01   5.8202676e-03   7.8431123e-04   6.2806189e-04
   1.0585923e-01   1.9262648e-01  -2.8680002e-01   6.9107213e-03   2.1850208e-03   1.6392834e-03
   1.3931621e-01   1.7605779e-01  -3.1580010e-01   6.4817313e-03   9.3596124e-04   7.6162071e-04
  -1.5371893e-02  -1.9931734e-01   1.0778937e+00  -3.7265292e-03   4.1178306e-03   3.7634239e-03
   2.8998116e-01   2.8730680e-02   7.9250276e-01   2.7109776e-02   3.4006047e-03   1.3435850e-03
  -8.8830375e-02   5.5327814e-01  -3.8070722e+00  -1.3413571e-02  -8.4659766e-04   1.6922327e-03
  -2.3325195e-02   5.0460089e-01  -3.7584953e+00  -1.6219423e-02  -4.0419158e-03   1.2639193e-03
  -1.1411367e-02   5.1695452e-01  -3.5621888e+00  -1.6491401e-02  -2.9958556e-03   5.9453325e-04
  -1.8142210e-02   4.5636344e-01  -3.3170746e+00  -1.5691209e-02  -2.3062070e-03   2.2339834e-04
  -2.0617886e-02   4.4790603e-01  -3.1553309e+00  -1.5481421e-02  -1.8624576e-03   2.0594547e-04
  -8.5214417e-03   3.9267135e-01  -3.0137781e+00  -1.3504704e-02  -2.3162180e-03   1.8054452e-04
   3.4962301e-02   3.8924948e-01  -2.8963994e+00  -1.2275627e-02  -3.2876677e-03  -5.7374004e-04
   3.7395824e-02   3.7911408e-01  -2.8878714e+00  -1.2857325e-02  -3.6574762e-03  -5.3469570e-04
   3.7629981e-02   3.8217034e-01  -2.8633307e+00  -1.2482617e-02  -3.4189899e-03  -5.8672729e-04
   4.1296921e-02   3.7907216e-01  -2.8307755e+00  -1.2442012e-02  -3.2340874e-03  -7.6512979e-04
   4.3078834e-02   3.8331744e-01  -2.8162792e+00  -1.1780793e-02  -3.5582851e-03  -5.4276356e-04
   3.3010336e-02   3.6697408e-01  -2.7487576e+00  -1.1418750e-02  -3.3926251e-03  -5.1977641e-04
   4.4358606e-02   3.9036930e-01  -2.7477742e+00  -1.0860410e-02  -3.6466226e-03  -3.3177372e-04
   4.8572273e-02   3.8753577e-01  -2.7575786e+00  -1.0372429e-02  -3.3308888e-03  -6.1720632e-04
   5.2205366e-02   3.7596945e-01  -2.7400020e+00  -9.9184731e-03  -3.5990112e-03  -5.3357414e-04
   8.1998722e-02   4.1332601e-01  -2.8631425e+00  -1.0876481e-02  -4.2857869e-03  -7.1599128e-04
   8.8070799e-02   3.5540289e-01  -2.4970583e+00  -6.8367306e-03  -2.3376488e-03  -1.0869116e-04
   8.6583301e-02   3.4317488e-01  -2.5063504e+00  -6.9093692e-03  -2.2892076e-03  -1.0842585e-04
   7.1412378e-02   3.7595081e-01  -2.5916112e+00  -8.0755207e-03  -2.1897823e-03   1.9665457e-06
   4.9691121e-02   3.4330556e-01  -2.5048307e+00  -7.4277396e-03  -1.8281826e-03   5.1748654e-04
   1.0177215e-01   3.7798432e-01  -2.5019871e+00  -6.3764928e-03  -3.4567790e-03   2.8295408e-04
   1.0828113e-01   3.5086189e-01  -2.3409351e+00  -5.3926955e-03  -3.7885514e-03  -7.3756165e-05
   1.0670904e-01   3.1741524e-01  -2.3637960e+00  -5.5426634e-03  -3.6255414e-03   2.4701176e-05
   1.0429870e-01   3.4730008e-01  -2.3730374e+00  -5.7495837e-03  -3.4845585e-03   1.7639291e-05
   9.6838641e-02   3.4973779e-01  -2.3668048e+00  -6.0185580e-03  -3.7704080e-03  -7.9918905e-05
   8.8678133e-02   3.5474157e-01  -2.4247657e+00  -4.5732795e-03  -1.8354977e-03   1.4442083e-04
   1.1340917e-01   3.7104947e-01  -2.4142740e+00  -4.3985304e-03  -3.6137878e-03   5.8702663e-04
   8.9584890e-02   3.7924858e-01  -2.4371772e+00  -5.1098983e-03  -3.3204227e-03   6.3283330e-04
   6.7910484e-02   3.7187126e-01  -2.4334106e+00  -4.3046757e-03  -2.3329331e-03   1.1179948e-03
   1.1269610e-01   3.8326663e-01  -2.4982698e+00  -7.7647753e-03  -5.0540362e-03   3.5930353e-04
   5.1455629e-02   3.7099869e-01  -2.6319365e+00  -5.4096290e-03   5.7922817e-04   9.0011782e-04
   1.0097325e-01   3.3183205e-01  -2.5488140e+00  -2.0640222e-03  -6.8533413e-03   1.4356347e-03
   1.5488520e-01   4.0074955e-01  -2.8770713e+00  -6.7103268e-03  -8.4107482e-03   5.4366386e-04
   1.1557193e-01   4.1808402e-01  -2.8459642e+00  -6.8059530e-03  -7.1952065e-03   1.1960585e-03
  -1.4435742e-02   2.8944289e-01  -1.9640297e+00  -3.4815457e-02  -1.3761954e-05   2.9816980e-03
   1.6292775e-01   7.1239921e-02  -5.8520291e-01  -9.0072562e-03  -5.0915956e-03   3.3178178e-03
   2.2602165e-01   1.0068414e-01  -1.1930945e-02   9.3364680e-03  -7.2221453e-03   2.5855854e-04
   2.2976874e-01   1.4092666e-01  -2.1704293e-02   8.6198941e-03  -6.8133630e-03  -3.3753849e-05
   2.2553562e-01   9.2472291e-02  -8.7001076e-02   8.4726053e-03  -6.5056758e-03   1.7687768e-04
   2.2855124e-01   8.6384818e-02  -9.2862332e-02   8.6195425e-03  -5.3198976e-03  -1.9620860e-04
   2.1829268e-01   8.5068392e-02  -6.5951098e-02   9.4264770e-03  -5.5189118e-03  -2.3264781e-04
   2.2848367e-01   7.3591148e-02  -6.7094485e-02   1.0332611e-02  -5.5077673e-03  -2.0978212e-04
   2.2226029e-01   9.5294483e-02  -8.7974741e-02   8.5943014e-03  -5.5505031e-03  -1.4236699e-04
   2.1229612e-01   9.5654290e-02  -3.5579111e-02   9.2911420e-03  -4.8847938e-03   2.1731703e-05
   1.8270264e-02  -9.8996155e-02  -1.3904134e-01  -1.3283717e-02   9.2954556e-03   2.1073533e-03
   1.2909310e-01   7.2479876e-03  -5.3077084e-01  -7.3337873e-03  -5.2915094e-04  -3.5175591e-03
  -8.1453826e-02   4.5240959e-01  -2.0115790e+00  -2.8810386e-03   1.3042468e-03   4.2709532e-03
   2.5618078e-02   3.8560104e-01  -2.3590868e+00  -1.4100709e-03  -1.1266530e-03   2.3409341e-03
   3.8914813e-02   3.7614616e-01  -2.3791671e+00  -2.4314391e-03  -2.2668106e-03   2.2257753e-03
   4.5728300e-02   3.7186183e-01  -2.3558851e+00  -2.7317618e-03  -2.5982346e-03   2.0118999e-03
   4.2305821e-02   3.6009799e-01  -2.3231217e+00  -2.1883325e-03  -2.9067471e-03   2.0807710e-03
   5.5509883e-02   3.4918742e-01  -2.3141487e+00  -1.7253022e-03  -3.2593139e-03   1.9902006e-03
   5.8125969e-02   3.4789098e-01  -2.3017452e+00  -1.0686541e-03  -2.5158693e-03   1.8005189e-03
   5.3406419e-02   3.6481926e-01  -2.3508748e+00  -9.6336808e-04  -3.0209231e-03   1.9705843e-03
   5.3773754e-02   3.6087301e-01  -2.3758865e+00  -6.2339570e-04  -2.7868657e-03   1.9175373e-03
   6.2497433e-02   3.0665554e-01  -2.3316202e+00  -8.5729752e-04  -3.3493178e-03   1.1715114e-03
   1.0370231e-01   3.3677402e-01  -2.3313773e+00  -1.2559453e-03  -1.0586866e-03  -4.3506327e-05
   8.2489116e-02   3.4027631e-01  -2.3463167e+00  -7.6675651e-04  -1.6072041e-03   3.0843801e-04
   5.3579313e-02   3.4555231e-01  -2.3492576e+00  -2.9024102e-04  -6.6962332e-04   1.1551931e-03
   7.0296250e-02   3.6371286e-01  -2.4105358e+00  -6.5336159e-04  -1.4072437e-03   1.0713554e-03
   6.9992057e-02   3.5572702e-01  -2.3997021e+00  -7.3318024e-04  -1.6865587e-03   6.3716883e-04
   1.1025568e-01   3.1196155e-01  -2.2741739e+00   1.6279776e-03  -2.7380629e-03   2.3302881e-04
   1.1653798e-01   3.2306930e-01  -2.3449465e+00   1.4870031e-03  -3.3445073e-03   6.1228014e-04
   1.6086539e-01   3.1122814e-01  -2.2447586e+00   1.5794616e-03  -3.4239319e-03  -3.4461107e-04
   1.0493805e-01   3.6289533e-01  -2.4501633e+00   1.0385169e-04  -2.3545398e-03   3.6970131e-04
   9.1414488e-02   3.7607531e-01  -2.4625624e+00  -8.7018992e-04  -2.4879267e-03   6.4489988e-04
   9.8805886e-02   3.5778388e-01  -2.4771681e+00  -5.1517513e-04  -3.2107403e-03   7.3972354e-04
   9.0051272e-02   3.5357856e-01  -2.4622310e+00  -2.7848131e-04  -2.2208225e-03   5.3409086e-04
   7.2070243e-02   3.5845151e-01  -2.4408810e+00  -1.3623321e-04  -1.4791174e-03   8.8200105e-04
   8.3399643e-02   3.6248078e-01  -2.4285198e+00   1.0250443e-04  -2.0913490e-03   9.4027134e-04
   9.0520105e-02   3.5680526e-01  -2.4984107e+00  -3.0293466e-04  -2.1586308e-03   5.7769184e-04
   8.9906420e-02   3.6275789e-01  -2.5217602e+00  -7.2185795e-04  -2.3718370e-03   8.3091352e-04
   9.3970062e-02   3.7147641e-01  -2.5204532e+00   5.6982470e-04  -2.3950934e-03   6.2875797e-04
   8.8525625e-02   3.8631810e-01  -2.4761367e+00   6.4300611e-04  -2.3546439e-03   5.8706568e-04
   8.4005149e-02   3.9054996e-01  -2.5077081e+00   7.3883932e-04  -2.1005709e-03   8.0893577e-04
   7.1533756e-02   3.8086740e-01  -2.4824126e+00   3.2038720e-04  -2.2075120e-03   1.0471536e-03
   7.2104650e-02   3.5629637e-01  -2.6397794e+00   8.8355223e-04  -3.2179142e-03   9.1676144e-04
   9.8695594e-02   4.0017292e-01  -2.5422487e+00   9.8218908e-04  -3.2658094e-03   6.8957422e-04
   9.5238667e-02   3.4554689e-01  -2.5339238e+00   7.2635867e-04  -3.1335761e-03   9.8133715e-04
   8.2088258e-02   3.8351189e-01  -2.6079542e+00  -2.7755532e-04  -3.0990523e-03   8.2795797e-04
   1.4746218e-01   3.5886804e-01  -2.5795792e+00   1.2029074e-03  -5.0132148e-03  -8.9643272e-05
   1.1704943e-01   3.8741793e-01  -2.5445132e+00   4.0822839e-04  -3.8483299e-03   4.4368405e-04
   1.0716953e-01   3.8179432e-01  -2.5236365e+00   4.5568941e-04  -3.9477201e-03   6.0755785e-04
   1.1183527e-01   3.5498138e-01  -2.5342880e+00   1.7261123e-03  -4.0004028e-03   5.6801736e-04
   9.7668920e-02   3.7134982e-01  -2.5514689e+00   1.6500523e-03  -3.9175548e-03   6.3167373e-04
   1.0034637e-01   3.7335533e-01  -2.5776697e+00   1.1318489e-03  -3.2271008e-03   5.2776638e-04
   1.0671825e-01   3.8756797e-01  -2.6024275e+00   1.0325375e-03  -3.3733815e-03   4.0335092e-04
   6.9167227e-02   3.8094190e-01  -2.5916562e+00   1.6343005e-04  -3.1228571e-03   1.0421564e-03
   9.1250595e-02   4.0020077e-01  -2.6731880e+00  -2.2158371e-04  -3.8720161e-03   1.0827005e-03
   7.4396662e-02   3.9657741e-01  -2.6333639e+00  -2.4293167e-05  -2.9104258e-03   1.0402159e-03
   5.5553450e-02   3.4212324e-01  -2.8093602e+00   5.5812241e-03   6.7133085e-04   2.9000733e-04
  -1.3487218e-02   4.4545480e-01  -3.0491240e+00  -6.9095372e-03   1.8913868e-03   2.1542874e-03
  -3.2904320e-02   6.7799712e-02  -1.0692863e+00  -5.7665740e-03   5.9918411e-03   1.3286697e-03
   6.5922146e-02   2.9574963e-01  -1.3183114e+00   2.5727655e-03   3.0726169e-03   1.0826590e-03
   5.7191151e-02   2.7185558e-01  -1.3868577e+00   1.9637613e-03   2.0615600e-03   7.0463632e-04
   7.6591156e-02   2.5792631e-01  -1.3436852e+00   1.3086050e-03   1.9472161e-03   7.8623691e-05
   6.4801763e-02   2.1276689e-01  -1.2963194e+00   1.8468100e-03   2.1558070e-03  -8.4612216e-05
   9.0284010e-02   1.9869696e-01  -1.2818797e+00   2.5069467e-03   2.8404397e-03  -4.6544193e-04
   8.7887878e-02   2.5050180e-01  -1.2595059e+00   2.4931541e-03   2.8585537e-03  -3.0204496e-04
   7.9467852e-02   2.3284843e-01  -1.2023784e+00   3.5931424e-03   4.5656688e-03  -3.4319138e-04
   5.8442232e-02   2.3197670e-01  -1.1847673e+00   3.6272305e-03   4.4729883e-03   2.8916267e-04
   7.8544893e-02   2.3556775e-01  -1.1997352e+00   3.3303306e-03   4.2877118e-03  -2.5540728e-04
   4.0132875e-02   2.4564457e-01  -1.2056003e+00   3.7407263e-03   5.7431326e-03   4.3487718e-04
   6.4621727e-02   2.6262296e-01  -1.2076493e+00   3.7159900e-03   4.5065056e-03  -2.7058860e-05
   7.8696716e-02   2.4640127e-01  -1.1871860e+00   2.4846745e-03   3.4253301e-03   2.1307499e-05
   9.9815336e-02   2.3681643e-01  -1.0947357e+00   4.3813377e-03   3.2431625e-03  -4.0631987e-04
   9.0914588e-02   2.3794875e-01  -1.1320354e+00   3.1471446e-03   3.6353659e-03  -5.3642673e-04
   7.7752355e-02   2.4538848e-01  -1.1842824e+00   3.0152745e-03   4.4202219e-03  -5.3779745e-04
   8.3530799e-02   2.3909903e-01  -1.2216998e+00   2.7250615e-03   3.4903497e-03  -5.5901032e-04
   7.6791897e-02   2.5406420e-01  -1.2475964e+00   2.8579547e-03   3.2298756e-03  -3.5447609e-04
   9.6292920e-02   2.3214624e-01  -1.2264375e+00   3.4470996e-03   5.0309716e-03  -9.3503706e-04
   7.7935357e-02   2.5588003e-01  -1.1982189e+00   3.0965893e-03   5.4168671e-03  -2.7534868e-04
   1.0111872e-01   1.8951512e-01  -4.6559281e-02   7.2610804e-03   4.6078184e-03  -5.4786290e-04
   9.7920792e-02   2.8155628e-01  -4.4749636e-01   5.3117878e-03   3.1635763e-03   4.2120964e-04
   1.4396111e-01   2.4263122e-01  -4.1756430e-01   6.8498914e-03   1.5868876e-03  -6.0081847e-04
   1.4348037e-01   1.7642923e-01  -7.0708810e-01   1.9719944e-03   5.3570365e-04  -1.5131283e-03
   1.2535344e-01   2.6660856e-01  -7.1815687e-01  -1.1682701e-02  -4.0642756e-03   8.1222381e-04
   2.2767385e-01   5.5837763e-02   4.7264472e-01   6.7811467e-03  -4.8636374e-03   9.2478975e-04
  -8.3612039e-04   4.3709204e-01  -3.2551227e+00  -2.8437861e-03   4.4740007e-04   1.5019307e-03
  -2.4398907e-02   4.1547265e-01  -2.9678614e+00  -6.3449153e-03   4.4692725e-03   2.3027768e-03
   1.3654469e-02   3.8342271e-01  -2.8563194e+00  -6.7236542e-03   2.7587304e-03   1.3429561e-03
   3.5372568e-02   3.6706434e-01  -2.7381255e+00  -5.6211421e-03   1.6083013e-03   8.2695644e-04
   3.5759400e-02   3.6075962e-01  -2.6597577e+00  -6.1743419e-03   1.5308593e-03   8.2341642e-04
   4.1906003e-02   3.4339660e-01  -2.5944626e+00  -5.8355032e-03   1.6274849e-03   5.0669472e-04
   2.7214502e-02   3.2352219e-01  -2.5372919e+00  -3.6618252e-03   2.5012187e-03   3.6312071e-04
   3.3103476e-02   3.2997962e-01  -2.5127086e+00  -4.5440080e-03   2.2102450e-03   4.3822119e-04
   3.2917477e-02   3.3149111e-01  -2.5012573e+00  -4.6444233e-03   1.9083020e-03   3.4177325e-04
   1.0171901e-01   2.9575494e-01  -2.4931901e+00  -3.1000239e-03   8.7874629e-04  -1.0812475e-03
   6.0153190e-02   3.5019162e-01  -2.5356983e+00  -4.8229568e-03   1.5276789e-03  -2.1509840e-05
   5.4375472e-02   3.3750149e-01  -2.4658513e+00  -4.6333167e-03   2.0801653e-03  -1.0308528e-04
   4.7594633e-02   3.4971723e-01  -2.4619392e+00  -4.2071072e-03   1.7855778e-03   6.0904832e-05
   4.4144916e-02   3.5298030e-01  -2.4975860e+00  -4.5260608e-03   1.8536609e-03   5.2961172e-05
   3.2206738e-02   3.4630816e-01  -2.4950834e+00  -3.5772562e-03   2.5621174e-03   1.5906729e-04
   3.2044769e-02   3.4198202e-01  -2.4337375e+00  -3.3636677e-03   2.4161457e-03   3.9051090e-04
   4.1590718e-02   3.4845889e-01  -2.4039782e+00  -3.4386989e-03   2.0116676e-03   2.5790915e-04
   5.0495214e-02   3.3267027e-01  -2.4050151e+00  -3.5958600e-03   2.0417317e-03   5.6427885e-05
   3.9379877e-02   3.3614530e-01  -2.4177226e+00  -3.2994504e-03   2.1318184e-03   1.4071646e-04
   3.4409550e-02   3.2370447e-01  -2.4130212e+00  -3.1813083e-03   2.1808346e-03   3.0619528e-04
   4.2898276e-02   3.4147107e-01  -2.4052556e+00  -3.4033901e-03   1.8099352e-03   2.8814728e-04
   4.2264371e-02   3.2783472e-01  -2.4332010e+00  -2.9957208e-03   1.3127058e-03   2.3403321e-04
   6.7414859e-02   3.4769684e-01  -2.6108960e+00  -3.9924537e-03   1.4395036e-03  -2.9529156e-05
   7.0502668e-02   3.7438946e-01  -2.5408431e+00  -3.9828604e-03   2.3018824e-03   1.2406922e-04
   1.8581513e-02   3.4789832e-01  -2.4276309e+00  -2.8872784e-03   5.2809716e-03  -3.5521870e-05
   9.9485378e-03   3.6311288e-01  -2.4845686e+00  -2.8247663e-03   4.0943594e-03   6.5147303e-04
   7.1274442e-02   1.5975002e-02   6.3726213e-01  -1.0978748e-03   3.9710334e-03   1.6270191e-03
  -3.9643467e-02   3.3220675e-01  -1.7916836e+00   5.8650422e-04   4.9559072e-03   1.2355534e-03
   6.5286192e-02   3.0232303e-01  -2.3955881e+00  -3.2144873e-03   1.6908168e-03  -7.7211933e-04
   5.2031632e-02   3.5184218e-01  -2.2968274e+00  -5.2973388e-03   1.6233104e-03  -4.5762289e-04
   6.9503192e-02   3.1186785e-01  -2.0416371e+00  -4.3672074e-03   1.7888320e-03  -1.1404281e-03
   7.0246504e-02   2.5522079e-01  -1.9808163e+00  -3.0869897e-03   2.0044044e-03  -1.4079092e-03
   7.3872806e-02   3.0353510e-01  -1.9620368e+00  -4.0720773e-03   1.6492982e-03  -1.6105224e-03
   6.8981503e-02   2.9002568e-01  -1.9714300e+00  -3.8793139e-03   1.7799170e-03  -1.5566657e-03
   6.3570346e-02   3.0450109e-01  -1.9643401e+00  -4.6533400e-03   1.7550466e-03  -1.4599385e-03
   6.1384283e-02   3.0133834e-01  -1.9194840e+00  -4.4111518e-03   1.5387587e-03  -1.2993824e-03
   6.4992655e-02   2.9563270e-01  -1.9332567e+00  -4.2852587e-03   1.1606485e-03  -1.1923853e-03
   5.2547904e-02   2.8798962e-01  -1.9437435e+00  -2.7709342e-03   3.6568091e-03  -1.3019886e-03
   5.2996902e-02   3.1365803e-01  -1.8946452e+00  -2.8046196e-03   2.6321881e-03  -9.7939515e-04
   5.5073316e-02   2.7799659e-01  -1.9186080e+00  -3.0072744e-03   2.2361462e-03  -8.1742128e-04
   3.9767493e-02   3.1888801e-01  -1.9072128e+00  -2.5546377e-03   2.1801055e-03  -2.2799435e-04
   8.9727796e-02   2.8623435e-01  -1.9328844e+00  -2.2224257e-04   2.5943224e-03  -5.2452496e-04
   1.6362539e-02   2.6806746e-01  -1.6671183e+00  -1.2508316e-03   5.2568443e-03   5.5916090e-04
   4.0278469e-02   3.1673535e-01  -1.8269542e+00  -1.1624329e-03   4.7857299e-03   3.9601371e-04
  -6.5309400e-02  -1.0624621e-01  -2.0291286e-01  -2.2121989e-02   1.1889313e-02  -7.5655238e-04
   1.5876841e-02  -3.3221535e-01   1.9797827e+00   2.0317142e-02   3.2452908e-03  -1.2087854e-04
   7.1953124e-02   2.0478317e-01  -1.8279348e+00   8.4374480e-04   1.8387652e-03   1.2363049e-03
   7.6134749e-02   2.2957853e-01  -1.8577591e+00   2.9770207e-04   1.1656763e-03   1.2282737e-03
   8.8673513e-02   2.1268521e-01  -1.6107423e+00   2.7295953e-03   1.1891457e-03   1.2206126e-03
   9.5150136e-02   2.0564579e-01  -1.5289389e+00   2.9997795e-03   1.1572585e-03   1.1001039e-03
   1.0676131e-01   1.6879586e-01  -1.4289631e+00   3.0687993e-03   1.2556454e-03   5.9312657e-04
   1.1349949e-01   1.6367808e-01  -1.3632573e+00   3.5913656e-03   1.4924738e-03   4.4926735e-04
   1.1740639e-01   1.6358045e-01  -1.3811657e+00   2.9950480e-03   1.2738356e-03   7.7349111e-04
   1.2837850e-01   1.7551530e-01  -1.3711380e+00   2.3772068e-03   1.1364436e-03   6.4238830e-04
   1.1722710e-01   1.9569492e-01  -1.3666420e+00   1.9802916e-03   1.3559401e-03   8.6218213e-04
   1.1332684e-01   1.9743664e-01  -1.3578812e+00   2.0115143e-03   1.1292305e-03   7.5089042e-04
   1.1919636e-01   1.8966000e-01  -1.3421189e+00   2.3269029e-03   1.5871163e-03   8.3810217e-04
   1.1252511e-01   2.0785170e-01  -1.3797467e+00   3.0218383e-03   1.8095145e-03   7.4787882e-04
   1.2016601e-01   2.0271111e-01  -1.3535640e+00   2.7933490e-03   1.4745782e-03   6.2846739e-04
   1.2072961e-01   2.1641375e-01  -1.3879737e+00   3.0995032e-03   1.5133861e-03   8.3827762e-04
   1.0289437e-01   2.2740767e-01  -1.3548624e+00   2.6460394e-03   1.6399688e-03   1.1537036e-03
   1.1113289e-01   2.1282282e-01  -1.3457175e+00   4.3079241e-03   2.9735182e-03   6.7086077e-04
   9.5684900e-02   2.2203848e-01  -1.3629683e+00   3.2042452e-03   3.5479350e-03   9.5041776e-04
   9.9385741e-02   2.4708347e-01  -1.3679797e+00   4.2471466e-03   2.8110362e-03   1.4334905e-03
   9.3414932e-02   2.2602336e-01  -1.3531626e+00   2.6604256e-03   1.9161448e-03   1.5195999e-03
   8.4146850e-02   2.2001416e-01  -1.2230411e+00   4.4705850e-03   5.1597631e-03   1.2071520e-03
   7.7195464e-02   2.3072732e-01  -1.2472777e+00   3.5437211e-03   3.9976057e-03   1.5329585e-03
   8.3827494e-02   2.1211833e-01  -1.2416419e+00   4.4315646e-03   3.5971320e-03   1.4134580e-03
   5.8171473e-02   2.9321021e-01  -1.4232390e+00  -6.9619036e-03   5.7584276e-03  -3.9335407e-04
   1.9200526e-01   1.8802889e-01  -9.0587107e-01  -5.5561610e-03  -2.5452828e-03   2.2604422e-03
   1.0529761e-01   1.6754874e-01  -1.2355654e+00   1.0142000e-03   1.2324477e-04   2.1733791e-04
   7.5099182e-02   2.8110540e-01  -1.3283872e+00   1.0388419e-03   2.1936594e-03   2.2055112e-03
   6.9334748e-02   2.5297125e-01  -1.1915646e+00   2.1036648e-04   2.3200891e-03   1.9277177e-03
   1.2567266e-01   2.1427137e-01  -8.4379526e-01   3.5134802e-03   1.3740377e-03   1.1025943e-03
   1.0949423e-01   1.8945756e-01  -7.9979095e-01   4.2083754e-03   1.7682295e-03   1.0471864e-03
   1.1905688e-01   1.9383905e-01  -8.1116966e-01   4.5169882e-03   1.2755961e-03   8.5372906e-04
   1.4992624e-01   2.0834282e-01  -7.4029823e-01   4.9210769e-03   8.9946089e-04  -1.5184963e-04
   6.5540037e-02   2.2759906e-01  -8.7972931e-01   3.4715517e-03   3.5557294e-03   1.5810105e-03
   1.4974459e-01   9.0207023e-02  -1.0676337e-01   1.4626183e-02   5.1819395e-03  -9.7259734e-04
   1.0919951e-01   3.0332118e-01  -4.8228971e-01   7.1056875e-04   3.1954889e-03   2.5565508e-03
   1.7811711e-01   1.9057927e-01  -5.9924189e-01   7.9680104e-03  -1.4020416e-03   7.5996200e-04
   2.6022425e-01   1.1398018e-01   2.5641327e-01   1.9308342e-02  -4.9564817e-03   2.3654892e-05
   2.8360409e-01   1.4623210e-01  -1.8152682e-03   1.3199398e-02  -8.2923529e-03  -5.4637514e-04
   2.8131545e-01   1.3022503e-01   6.4059267e-02   1.4026965e-02  -8.5123290e-03  -9.2222597e-04
   2.5513408e-01   1.3091646e-01   7.0408919e-02   1.3392410e-02  -7.7840929e-03  -7.3027459e-04
   2.5791278e-01   1.1708921e-01   3.9067513e-02   1.3545100e-02  -7.3890044e-03  -8.7069652e-04
   2.5732963e-01   1.0580891e-01   8.0801948e-02   1.5154576e-02  -6.1808902e-03  -9.0418058e-04
   2.3566283e-01   1.2006198e-01   1.0934467e-01   1.4491529e-02  -5.9285334e-03  -3.0348892e-04
   2.3605637e-01   1.2098298e-01   1.0295530e-01   1.4479547e-02  -6.2521770e-03  -5.0674978e-04
   2.2940975e-01   1.2707476e-01   1.0900415e-01   1.4401379e-02  -5.1808734e-03  -4.6842337e-05
   2.8798118e-01   1.1909529e-02   1.1509524e+00   3.6867296e-02   7.9416238e-04  -1.6720647e-03
   4.7362033e-01   9.4472071e-03  -1.6997960e-01   7.3084470e-03  -1.6280721e-02   8.4651978e-03
   1.1652989e-01   1.3208722e-01  -2.2872769e+00   3.9491274e-02   5.3944052e-04   7.6896121e-03
   1.3341588e-01   3.0043781e-01  -3.9431976e+00  -1.7979358e-03   1.1526648e-03   6.5383179e-03
   1.2902038e-01   5.3790385e-01  -4.5576244e+00  -3.1837094e-03  -7.4595899e-03   3.8550453e-03
   1.1684309e-01   5.5994713e-01  -4.5722597e+00  -4.6163378e-03  -7.0742231e-03   4.3257786e-03
   1.3218004e-01   5.2583237e-01  -4.3586204e+00  -4.6464165e-03  -7.0526579e-03   4.1278051e-03
   1.3729142e-01   5.1062121e-01  -4.2773127e+00  -3.6308198e-03  -6.4743244e-03   3.7376967e-03
   1.2450927e-01   5.2540019e-01  -4.3235652e+00  -4.6405880e-03  -5.9140796e-03   3.5361233e-03
   1.2870763e-01   5.2022285e-01  -4.2237750e+00  -4.2455439e-03  -5.6830073e-03   3.4004344e-03
   1.3806104e-01   4.8970460e-01  -4.1299980e+00  -3.7092167e-03  -5.4781556e-03   2.9921420e-03
   1.3258520e-01   4.9543462e-01  -4.1818775e+00  -3.8870395e-03  -5.4194317e-03   2.7828873e-03
   1.2483819e-01   5.0801793e-01  -4.1680553e+00  -3.9329739e-03  -4.8961669e-03   2.7307216e-03
   1.3654526e-01   5.1936750e-01  -4.2248269e+00  -3.7807165e-03  -4.9974811e-03   2.6865900e-03
   1.2756065e-01   5.2268012e-01  -4.2017809e+00  -4.1746859e-03  -4.8290734e-03   2.9355855e-03
   1.3578654e-01   5.1279935e-01  -4.1821698e+00  -4.0410395e-03  -4.7249965e-03   2.6305010e-03
   1.2438521e-01   5.2300966e-01  -4.1521252e+00  -3.6705720e-03  -4.5100540e-03   3.1506462e-03
   1.2101667e-01   5.2212514e-01  -4.1394454e+00  -1.0501629e-03  -2.8807975e-03   2.3371180e-03
   1.0219852e-01   5.2688491e-01  -4.2271392e+00  -3.3566765e-03  -3.2428887e-03   2.6715580e-03
   9.2494823e-02   5.4657210e-01  -4.3005461e+00  -3.4607199e-03  -2.8126006e-03   2.8187800e-03
   8.5041852e-02   5.3810735e-01  -4.2875144e+00  -4.2689501e-03  -2.9128862e-03   2.7100047e-03
   9.4536966e-02   5.3501184e-01  -4.2963008e+00  -3.8176109e-03  -2.8275999e-03   2.5002875e-03
   9.4383145e-02   5.2624787e-01  -4.2782817e+00  -3.5941463e-03  -3.0625380e-03   2.8527941e-03
   9.0896986e-02   5.2931052e-01  -4.2849844e+00  -3.6528783e-03  -3.0642020e-03   2.8376030e-03
   9.6975031e-02   5.3898011e-01  -4.2966896e+00  -4.0113501e-03  -2.8783137e-03   2.6744223e-03
   9.6294448e-02   5.4833166e-01  -4.3178529e+00  -3.5408303e-03  -3.1069507e-03   2.7926734e-03
   8.7423815e-02   5.7565666e-01  -4.3918247e+00  -3.9884253e-03  -2.5189167e-03   2.5814640e-03
   8.6236305e-02   5.5418334e-01  -4.3933805e+00  -4.7681544e-03  -3.4843001e-03   2.1654519e-03
   8.1706123e-02   5.4466650e-01  -4.0686592e+00   1.6578626e-03  -3.0846909e-04   2.4983325e-03
   7.7034209e-02   5.5369506e-01  -4.2114966e+00  -8.3754038e-04  -1.6826551e-03   2.4301676e-03
   7.8188667e-02   5.4879144e-01  -4.2417066e+00  -3.4655636e-04  -5.4944049e-04   2.1166830e-03
   3.2188981e-02   6.0121419e-01  -4.1899470e+00  -1.0513138e-02   7.3518364e-04   1.6660424e-03
  -3.3500243e-02   5.9602018e-01  -4.3402383e+00  -5.1871895e-03   9.8751573e-03   2.7974011e-03
  -2.6089296e-02   4.7919054e-01  -3.7408133e+00  -1.1257476e-03   9.4715318e-03   3.6332396e-03
   3.1528212e-02   3.9740086e-01  -3.6276273e+00  -1.2227707e-03   5.2506285e-03   3.3271772e-03
   3.1447886e-02   4.1588896e-01  -3.5880900e+00  -5.2658666e-04   4.3245375e-03   3.3831085e-03
   4.9261720e-02   3.6283641e-01  -3.4538040e+00   1.8045766e-03   5.4844731e-03   2.9463672e-03
   3.9757700e-02   3.9268551e-01  -3.4696466e+00  -5.1901607e-04   5.1864538e-03   2.3739572e-03
   4.3061158e-02   4.3320051e-01  -3.5231937e+00  -1.4210144e-03   4.1745922e-03   2.3830309e-03
   4.9792784e-02   4.3864857e-01  -3.6052570e+00  -2.3323529e-03   3.0550943e-03   2.4181740e-03
   6.2159568e-02   4.4390003e-01  -3.6066882e+00  -2.6296054e-03   2.8868485e-03   2.1106416e-03
   5.7319715e-02   4.5177879e-01  -3.5884156e+00  -2.3386848e-03   2.4504556e-03   2.2145478e-03
   7.9636497e-02   4.7420112e-01  -3.6242362e+00  -2.5902278e-03   2.8985896e-03   1.3910641e-03
   2.3037529e-02   4.4949477e-01  -3.5290417e+00  -4.2230993e-03   4.9148761e-03   1.7372185e-03
   6.8198988e-03   4.3841684e-01  -3.4437590e+00  -2.0961065e-02   4.0716004e-03   1.2144881e-03
   1.0614353e-01   2.3097702e-01  -2.0028253e+00   6.0238406e-03   5.3544837e-03  -7.1008023e-05
   9.2506207e-02   2.4917577e-01  -2.0885744e+00   9.8811430e-04   5.5603320e-03   1.0852931e-03
   1.1690812e-01   2.5341457e-01  -1.9541508e+00   2.1536712e-03   4.8504401e-03   4.5717129e-04
   1.2495367e-01   2.7445246e-01  -2.1152338e+00   6.3884992e-04   3.9453888e-03  -7.6988877e-05
   1.3242985e-01   2.5244604e-01  -2.0471076e+00   8.6182888e-04   3.6862921e-03  -4.4945719e-05
   1.2332342e-01   2.4927353e-01  -1.9838124e+00   1.4039124e-03   3.9342911e-03   3.8308958e-05
   1.2826979e-01   2.4729910e-01  -1.9842618e+00   1.2854863e-03   4.7172341e-03  -3.5788162e-04
   1.5282267e-01  -5.2799275e-02  -8.9286252e-01  -1.1351956e-02   2.4337756e-03  -4.2155643e-04
   1.7046691e-01  -5.0229486e-02  -1.8773590e+00   2.7849528e-02   2.4706175e-03   1.3283155e-04
   1.0463564e-01   2.6682666e-01  -2.1842560e+00   2.6311229e-03   5.5770654e-03   1.4907129e-03
   1.3550061e-01   2.5856763e-01  -2.1918219e+00   8.2875241e-04   3.9804849e-03   8.4918620e-04
   1.4345506e-01   2.7439850e-01  -1.9791921e+00   2.9220905e-03   2.9998217e-03   8.9756747e-04
   1.5527616e-01   2.5738419e-01  -1.9604557e+00   3.3264324e-03   3.0039426e-03   4.8972803e-04
   1.6110590e-01   2.4533503e-01  -1.9165364e+00   2.8276548e-03   2.5618063e-03   3.1110212e-04
   1.6179713e-01   2.3931179e-01  -1.9160306e+00   3.0173842e-03   2.6706724e-03   1.6604529e-04
   1.4891962e-01   2.4294112e-01  -1.9495781e+00   3.0344113e-03   2.8108355e-03   2.8042701e-04
   1.5957163e-01   2.1460172e-01  -1.9222739e+00   2.6890394e-03   2.7217762e-03   3.2050291e-05
   1.6671004e-01   2.2529698e-01  -1.8868788e+00   3.3996998e-03   2.3992082e-03  -7.0585656e-05
   1.5460887e-01   2.5931275e-01  -1.9663127e+00   3.1781532e-03   3.5959147e-03  -4.1965141e-04
   1.4355255e-01   2.6478054e-01  -1.9764528e+00   2.5838453e-03   2.7284766e-03   2.6058981e-04
   1.4997930e-01   2.4536588e-01  -1.9736664e+00   3.5554034e-03   2.1164564e-03  -8.0260875e-05
   9.5817725e-02   2.5506393e-01  -1.8481381e+00   6.4730442e-03   5.5389071e-03   6.8742964e-04
   1.1436412e-01   2.8723265e-01  -1.9834381e+00   3.6120485e-03   4.4756074e-03   2.6674935e-04
   9.6326146e-02   2.7982474e-01  -2.1234424e+00   2.3412846e-03   5.0483901e-03   7.6400315e-04
   1.1639805e-01   2.7282982e-01  -2.1445585e+00   2.1757628e-03   3.5881816e-03   4.4943193e-04
   1.3792670e-01   2.8279933e-01  -2.1859165e+00   2.5585160e-03   2.8690967e-03   1.3206918e-04
   9.9137413e-02   2.8414398e-01  -2.1279015e+00   3.8301192e-03   6.4541238e-03   2.5537859e-04
   9.9055304e-02   3.1166879e-01  -2.2523754e+00   1.6562007e-03   4.8501831e-03   3.8588720e-04
   1.1549090e-01   2.9584233e-01  -2.2119813e+00   1.8321797e-03   3.9959423e-03   2.1202849e-04
   1.0701625e-01   3.0375106e-01  -2.2502852e+00   1.9680658e-03   4.0200073e-03   3.2314374e-04
   9.5316482e-02   2.9479638e-01  -2.2463091e+00   2.4132267e-03   4.6781734e-03   4.0259886e-04
   1.0318556e-01   3.2031209e-01  -2.2973761e+00   1.6755982e-03   2.9287074e-03   5.1303118e-04
   6.0320381e-02   2.2893845e-01  -1.0600248e+00   8.5899296e-03   4.9701610e-03   4.2185228e-03
   3.0566068e-01   1.2634762e-01  -3.7995725e+00   1.1826533e-03  -1.0698815e-02   6.5147605e-03
   7.0536348e-02   9.4408013e-01  -6.2555316e+00  -1.0764837e-02  -1.0651024e-02   6.1727823e-03
   1.1720637e-01   6.9959914e-01  -5.5677720e+00  -2.7050832e-03  -1.1253688e-02   4.5579964e-03
   1.1909913e-01   6.9143112e-01  -5.4272532e+00  -3.2920938e-03  -1.0994270e-02   4.4646914e-03
   1.3101142e-01   6.2843245e-01  -5.2093991e+00  -3.8021621e-03  -9.7498269e-03   3.8572496e-03
   1.1830513e-01   5.9884212e-01  -5.1108917e+00  -3.7681200e-03  -9.5025232e-03   3.8030552e-03
   1.2738399e-01   6.1053211e-01  -5.0652077e+00  -4.5482833e-03  -9.4731789e-03   3.3469015e-03
   1.1922206e-01   5.8841713e-01  -5.0187628e+00  -3.8069368e-03  -9.0291361e-03   3.2979556e-03
   1.5724751e-01   5.6401580e-01  -4.7113941e+00  -4.1833792e-03  -9.3136327e-03   2.4651392e-03
   1.6702646e-01   5.5749166e-01  -4.5910933e+00  -2.5781331e-03  -1.0267782e-02   2.3369587e-03
   1.4886795e-01   5.5935198e-01  -4.5754428e+00  -2.9484124e-03  -7.7566574e-03   2.0151740e-03
   1.1552191e-01   5.3637859e-01  -4.4973892e+00  -2.5080618e-03  -8.4887344e-03   2.7830973e-03
   1.3310626e-01   5.4290336e-01  -4.4523924e+00  -2.2497558e-03  -8.5360609e-03   2.5680676e-03
   1.2462605e-01   5.4540241e-01  -4.4904013e+00  -2.3465671e-03  -7.3117373e-03   2.8814456e-03
   6.3658123e-02   4.9844396e-01  -3.6913125e+00  -1.9345790e-02  -1.9604220e-03  -6.2671033e-04
   2.1898568e-01   3.0572712e-02  -8.5949768e-01   1.8268815e-02   3.3596858e-03  -2.0383609e-03
   1.1166975e-01   2.8089125e-01  -2.0217363e+00   2.2983414e-03   4.3323423e-03   6.1640136e-04
   1.2679443e-01   2.5553328e-01  -1.8220477e+00   3.0598400e-03   2.7517974e-03   5.4097837e-04
   1.4541875e-01   2.5254710e-01  -1.7952538e+00   2.8716588e-03   2.2342205e-03   1.5617595e-04
   1.4067983e-01   2.4295740e-01  -1.7418857e+00   2.4120140e-03   1.8479993e-03  -9.2634072e-05
   1.3039552e-01   2.4790667e-01  -1.7313509e+00   2.8799465e-03   2.5694237e-03   4.8690191e-05
   1.2355323e-01   2.2155271e-01  -1.7660336e+00   3.3150766e-03   2.5803982e-03   4.9869880e-04
   1.3768655e-01   2.3017385e-01  -1.7392226e+00   3.4538258e-03   1.7476152e-03   2.0095795e-04
   1.3493595e-01   2.2745709e-01  -1.7325950e+00   4.4152543e-03   1.6380840e-03   2.4109711e-04
   1.4077401e-01   2.4468337e-01  -1.7518715e+00   3.5382759e-03   1.3360540e-03   1.9838600e-04
   1.2660847e-01   2.2706446e-01  -1.7416185e+00   4.1311680e-03   1.6167282e-03   4.3482053e-04
   1.4072208e-01   2.3176707e-01  -1.7294714e+00   4.5757011e-03   1.5949773e-03  -5.0280342e-05
   1.3820091e-01   1.1792668e-01  -6.7850479e-01   8.2584059e-03   6.8826336e-03   2.3788155e-04
   7.7386535e-02   2.5061733e-01  -1.5273008e+00  -3.0139978e-03   3.4876288e-03   2.7300204e-03
   1.5418629e-01  -1.3161998e-01  -1.0483765e+00   8.0766812e-03   2.5022721e-03   3.5759209e-03
  -2.4767076e-02   3.5602290e-01  -3.7464837e+00   1.5228265e-02   1.2984514e-02   3.8410642e-05
   9.8044017e-02   5.0124611e-01  -4.0763771e+00   3.4593993e-04   6.6709915e-03   3.4727031e-04
   1.1345113e-01   5.0957977e-01  -3.9876353e+00   7.8248798e-04   5.1717571e-03   3.6971033e-04
   1.2034738e-01   4.9481461e-01  -3.8566845e+00   5.6389523e-04   4.1809106e-03   2.5258884e-04
   1.1501197e-01   4.5223310e-01  -3.7407477e+00   1.2972112e-03   4.0446684e-03   7.1583648e-04
   7.9620518e-02   4.7169501e-01  -3.7501393e+00  -7.8909387e-04   5.3474111e-03   1.0968129e-03
   8.1571357e-02   4.6491066e-01  -3.6975857e+00  -1.7158724e-05   5.1071099e-03   1.0175097e-03
   8.5012569e-02   4.5329024e-01  -3.7003754e+00  -1.9985754e-04   4.5696525e-03   6.2110253e-04
   9.6265964e-02   4.6244320e-01  -3.6104809e+00   1.2372135e-04   4.1627773e-03   8.2090929e-04
   8.6001049e-02   4.4956392e-01  -3.5923998e+00   4.2595926e-05   3.9496938e-03   9.4553034e-04
   1.1119357e-01   4.4164202e-01  -3.6460780e+00   5.7896606e-04   3.5758698e-03   4.3775371e-04
   1.1001842e-01   4.5185991e-01  -3.5912470e+00   4.1475871e-04   3.9316246e-03   1.5899636e-04
   5.8373870e-02   4.4979901e-01  -3.4929573e+00  -1.0085708e-02   4.1961659e-03   1.5163559e-04
   1.0219973e-01   4.4041280e-01  -2.9236908e+00   9.5407914e-04   5.8032455e-03  -2.2016870e-04
   1.1258996e-01   3.6382746e-01  -2.4956520e+00  -9.5981845e-03   2.0463063e-03   7.8113817e-04
   1.0686151e-01   2.5340455e-01  -1.5998379e+00   7.0895523e-03   2.1700676e-03   2.8635300e-03
   1.0806041e-01   3.9123086e-01  -2.4118000e+00   8.5637673e-04   2.6806842e-03   2.6071238e-03
   1.2311614e-01   3.3833820e-01  -2.3136764e+00   2.4043873e-03   1.3902942e-03   2.2170977e-03
   1.3506067e-01   3.2183380e-01  -2.3101594e+00   1.6617096e-03   1.2963969e-03   1.4619664e-03
   1.1738766e-01   3.1311413e-01  -2.2268396e+00   1.6636415e-04   2.2318415e-03   1.5563973e-03
   1.4425442e-01   2.2991513e-01  -2.0180206e+00  -3.5225244e-04   1.6899889e-03   6.9392094e-04
   1.6130732e-01   2.6154483e-01  -1.7334512e+00   7.2676623e-03   3.0730576e-03   1.1157973e-03
   1.7155925e-01   2.7625036e-01  -1.7936292e+00   6.5106406e-03   2.9717980e-03   7.4503733e-04
   1.6866440e-01   2.6707481e-01  -1.7838261e+00   5.7103988e-03   3.1105475e-03   5.9523420e-04
   1.7065472e-01   2.7828520e-01  -1.7583823e+00   5.0329799e-03   2.8419704e-03   4.4968530e-04
   1.6526250e-01   2.6417493e-01  -1.8115123e+00   5.1449255e-03   1.8380512e-03   7.9640329e-04
   1.6555774e-01   2.3682570e-01  -1.6064509e+00   9.1837743e-03   3.9658744e-03   1.8544851e-04
   8.7333942e-02   5.6653792e-02  -9.1168619e-02  -5.5856259e-03   6.3309070e-03  -6.3711066e-04
   1.0992341e-01   2.8394185e-01  -8.3647999e-01   8.8217110e-03   1.0706327e-02  -1.2671982e-03
   1.5695474e-01   1.2222276e-01  -9.0733486e-01   1.0866851e-02   7.1059808e-03  -1.3653281e-03
   1.7597312e-01   1.4615369e-01  -8.0257759e-01   1.0264879e-02   7.0596193e-03  -1.5778759e-03
   1.8404297e-01   1.6456119e-01  -8.0833582e-01   8.8483749e-03   6.5683496e-03  -1.7574384e-03
   1.5452795e-01   1.5564765e-01  -7.8179084e-01   8.2875064e-03   6.8607652e-03  -1.1328173e-03
   9.2900729e-02  -2.0430556e-02  -3.8140303e-01  -1.5132327e-02   9.7098548e-03  -4.3143782e-03
   3.7193101e-01   1.7294045e-01  -1.5945669e+00   7.1962055e-03  -8.2427762e-03   8.0889671e-03
   3.8430913e-02   4.4683788e-01  -3.8491551e+00  -5.8185535e-03  -1.1356571e-03   3.8706056e-03
   7.6311339e-02   3.9187560e-01  -3.7794871e+00  -6.4660883e-03  -2.2492598e-03   2.9189841e-03
   6.9388035e-02   3.7605869e-01  -3.5001770e+00  -5.8695242e-03  -2.2116080e-03   3.2106895e-03
   5.6986598e-02   4.4119338e-01  -3.5016868e+00  -7.0797453e-03  -1.1999905e-03   2.8407396e-03
   7.3275218e-02   3.4992411e-01  -3.3031268e+00  -5.2861641e-03  -1.3988894e-03   2.2173619e-03
   7.8800413e-02   3.4752067e-01  -3.2550377e+00  -4.3750003e-03  -1.2935618e-03   1.8670095e-03
   7.8533644e-02   3.2225370e-01  -3.2056114e+00  -4.2000000e-03  -1.3249082e-03   1.9450156e-03
   8.9908652e-02   3.4094649e-01  -3.1734718e+00  -3.7577778e-03  -1.0217375e-03   1.5883664e-03
   7.9117807e-02   3.4791149e-01  -3.1824382e+00  -4.5280141e-03  -8.7033792e-04   2.0018313e-03
   8.7284362e-02   3.1602405e-01  -3.1509587e+00  -4.0016988e-03  -1.0425726e-03   1.7994765e-03
   8.8430124e-02   3.3880637e-01  -3.1543433e+00  -3.5428611e-03  -5.5798149e-04   1.4391770e-03
   9.3618679e-02   3.3198125e-01  -3.1318614e+00  -3.0499217e-03   7.1759160e-04   1.0410818e-03
   8.1044093e-02   3.4670625e-01  -3.0055951e+00  -2.1825284e-03   1.6028967e-03   1.0726144e-03
   1.3577638e-01   2.5339750e-01  -1.9041596e+00   8.0532663e-03   3.5565368e-03   8.4980838e-04
   1.3961223e-01   2.8339784e-01  -2.1985063e+00   4.1995505e-03   4.0439830e-04   4.2305775e-04
   1.4391636e-01   2.8858843e-01  -2.2694975e+00   2.5560316e-03  -5.3423525e-05  -4.6638355e-05
   1.5854235e-01   2.7852287e-01  -2.2932074e+00   1.5668982e-03   2.4860951e-05  -9.8694357e-04
   9.0644118e-02   3.6990679e-01  -1.6521992e+00   1.0121199e-03   5.4328986e-03  -3.6617482e-03
   1.8667699e-01   3.1172865e-01  -2.1350790e+00   3.1322152e-03   8.5565052e-04   1.1834703e-04
   1.2616613e-01   3.0118911e-01  -2.2191801e+00   2.4857904e-03   2.7188984e-03   4.7948154e-04
   1.6001993e-01   3.2861630e-01  -1.0986219e+00  -8.4191314e-03   4.2749865e-04   6.3597212e-04
   3.4318029e-01   6.0965460e-02  -1.2893866e-01   2.8335794e-02   1.3410779e-03  -2.4577122e-03
   2.3816477e-01   3.2856505e-01  -1.0622618e+00   2.1110793e-02   1.2499278e-03   3.5624259e-03
   1.8821105e-01   2.7690977e-01  -2.3014459e+00   7.3405637e-04  -3.0172930e-03   6.4182094e-04
   1.7852024e-01   3.6251621e-01  -2.4098991e+00  -9.0543242e-04  -2.4151156e-03   9.2125616e-04
   1.9087109e-01   3.2223646e-01  -2.3304272e+00  -4.6602097e-04  -2.1915539e-03   4.7719158e-04
   1.7443900e-01   3.1087735e-01  -2.3133025e+00  -8.8489525e-04  -1.8126686e-03   4.9911520e-04
   1.8184852e-01   2.8904044e-01  -2.2868759e+00  -8.9191055e-04  -1.6636922e-03   3.7976958e-04
   1.8051744e-01   2.7845161e-01  -2.2931337e+00  -1.7757612e-05  -1.4500207e-03   1.8024457e-04
   1.5718477e-01   3.0381703e-01  -2.3396339e+00  -4.8217355e-04  -1.3953340e-03   7.3030654e-04
   1.6034206e-01   2.8989576e-01  -2.2910170e+00   5.1333507e-04  -6.7325900e-04   5.2453320e-04
   1.6170076e-01   2.9654607e-01  -2.3047905e+00   6.8572186e-04  -1.1255476e-04   2.9626998e-04
   8.0195593e-02   4.3942655e-01  -2.3760706e+00  -1.1984317e-02   3.6037174e-03   3.1938638e-04
   8.6706260e-02   4.7743281e-02  -1.8484062e+00  -1.7944876e-03  -1.1438862e-03   7.6811410e-03
   1.4548405e-01   1.4562747e-01  -2.0048106e+00   8.6729356e-04   6.7105810e-03   3.2634083e-03
   6.4742315e-02   7.8106076e-01  -5.5990654e+00  -4.4172415e-03  -7.0672170e-04   4.1887574e-03
   9.6819418e-02   6.4241329e-01  -5.0881556e+00  -1.9137714e-03  -3.0500903e-03   3.4549633e-03
   1.0116065e-01   6.4388329e-01  -4.9100473e+00  -2.5220923e-03  -3.5255143e-03   3.3580258e-03
   1.1727532e-01   5.5788159e-01  -4.6808699e+00  -3.7005615e-04  -3.2884312e-03   2.3833632e-03
   1.0381326e-01   5.3415692e-01  -4.5069216e+00  -1.8376250e-03  -1.2814348e-03   2.2258079e-03
   8.8840614e-02   5.4289268e-01  -4.4522277e+00  -1.9710779e-03  -8.8563927e-04   2.2705445e-03
   9.4474153e-02   5.4713462e-01  -4.3925108e+00  -2.4224114e-03  -8.8242767e-04   1.4745577e-03
   9.2260206e-02   5.4234408e-01  -4.3895399e+00  -1.9481074e-03  -8.4125992e-04   2.0845704e-03
   9.4616995e-02   5.3312490e-01  -4.4198219e+00  -1.8789848e-03  -8.4367130e-04   1.8011636e-03
   9.5660555e-02   5.2277275e-01  -4.3848359e+00  -2.2803112e-03  -9.1124194e-04   1.6772154e-03
   9.9293655e-02   5.4540836e-01  -4.3954120e+00  -2.4245316e-03  -6.7043078e-04   1.8034186e-03
   9.3523470e-02   5.2762187e-01  -4.3830359e+00  -2.3975651e-03  -6.3013462e-04   1.5850069e-03
   9.2980627e-02   5.5244805e-01  -4.4048314e+00  -2.2414200e-03  -5.0277616e-04   1.5253732e-03
   1.0737195e-01   5.5517334e-01  -4.4061953e+00  -3.6232768e-03  -5.7629551e-04   1.4534039e-03
   1.1254458e-01   5.0867860e-01  -4.0446206e+00  -7.6355100e-05   5.7316487e-04   1.2065733e-03
   1.2151538e-01   5.3133691e-01  -4.0768411e+00  -6.9785921e-04  -9.5693828e-05   1.2669357e-03
   1.1694590e-01   5.3260349e-01  -4.0934081e+00  -8.5306829e-04   1.1918777e-03   9.0660635e-04
   4.3184998e-02   3.6690110e-01  -3.2637554e+00  -6.9673978e-04   9.1790776e-03   8.2034921e-04
   6.7655217e-02   3.1384265e-01  -3.1539601e+00   6.0110070e-03   1.0814700e-02   3.6498148e-03
   5.9681747e-02   3.7527441e-01  -3.0856409e+00  -3.7947700e-03   6.0880484e-03   2.8762271e-03
   7.8945915e-02   3.8233178e-01  -2.9250372e+00  -1.9505208e-03   5.7932907e-03   2.5994441e-03
   7.1625450e-02   3.6860662e-01  -2.8019070e+00  -7.3660365e-05   4.4012294e-03   2.7918319e-03
   8.0499335e-02   3.2614390e-01  -2.6932899e+00   4.5464366e-04   5.6162048e-03   1.7098256e-03
   8.4982545e-02   3.2320030e-01  -2.6459241e+00   2.7126835e-05   4.9662594e-03   1.7041213e-03
   8.0519305e-02   3.1423548e-01  -2.6243203e+00   7.4326728e-04   5.2563025e-03   1.8708807e-03
   5.5301062e-02   2.3161928e-01  -2.3486797e+00  -2.6428668e-02   1.2831321e-02  -4.9091847e-03
   2.1039977e-03   2.9473627e-01  -2.8217054e+00   5.9905993e-03   4.5336495e-03   4.6476641e-04
   1.3979440e-02   4.1079287e-01  -3.5302811e+00  -5.5683810e-03   5.4686329e-03   2.3870252e-03
   2.9403404e-02   4.3517666e-01  -3.4329850e+00  -5.6789383e-03   5.0803505e-03   2.0204084e-03
   3.2729811e-02   4.0295153e-01  -3.2679597e+00  -4.6247944e-03   5.6157444e-03   1.7595550e-03
   3.2916689e-02   3.8943524e-01  -3.2132043e+00  -5.1083491e-03   5.6985675e-03   1.5047643e-03
   3.2516854e-02   3.7356500e-01  -3.1536147e+00  -4.3972566e-03   5.9736827e-03   1.3822361e-03
   4.1275100e-02   3.6217169e-01  -3.1126886e+00  -3.6548083e-03   5.8924081e-03   1.1657860e-03
   3.4491773e-02   3.6609215e-01  -3.0836763e+00  -3.0573502e-03   5.2841640e-03   1.3907654e-03
   2.1896182e-02   3.4329501e-01  -3.0864438e+00  -3.6390529e-03   5.2976599e-03   1.8570485e-03
  -3.1648637e-03   2.8556002e-01  -2.5682460e+00  -2.2622750e-02   1.1589596e-02  -1.8015467e-03
  -7.3105860e-02   6.3252406e-01  -3.0289883e+00  -2.3051132e-02   7.1584128e-03   4.5529863e-03
   3.7130889e-02   3.6056702e-01  -2.7525399e+00  -6.2833411e-04   7.6971014e-03   1.9594483e-03
   2.4951062e-02   4.0052829e-01  -3.0121556e+00  -4.9490550e-03   7.5633714e-03   2.1805200e-03
   6.0909114e-02   3.8552287e-01  -2.8969465e+00  -3.1576580e-03   5.5176873e-03   1.6967854e-03
   7.7633413e-02   3.4519217e-01  -2.8384546e+00  -2.4703848e-03   4.8095940e-03   1.2825800e-03
   7.0318902e-02   3.5438791e-01  -2.8217521e+00  -2.3747927e-03   4.9054743e-03   9.9599197e-04
   1.6436180e-02   1.6413830e-01  -6.2277821e-01   9.9070073e-03   1.2065627e-02   1.6024821e-04
   1.0897774e-01   2.2850361e-01  -1.3655333e+00   6.6411899e-03   7.5740934e-03   3.6124447e-04
   8.3657882e-02   1.8613316e-01  -1.2519404e+00  -1.1365665e-02   2.4848178e-03   1.1861348e-03
   2.8468606e-01   1.6715416e-01   1.4079950e-01   2.0894926e-02  -4.8822078e-03  -6.7392001e-04
   2.2131664e-01  -4.4573882e-02  -7.9209306e-02   1.4182712e-02  -7.8226955e-05  -4.9869871e-03
   2.7260939e-02   5.7997608e-01  -3.3683151e+00  -1.2556641e-02   6.5991394e-03  -2.0636114e-04
   1.8093614e-01   1.4385988e-01  -3.8062013e+00   2.2021143e-02  -2.2532367e-03   3.8391954e-03
   7.4486801e-02   4.0336047e-01  -4.2603265e+00  -1.0331071e-03   8.6317175e-03   3.5734987e-03
   7.1703806e-02   5.4432794e-01  -4.5373442e+00  -9.2408764e-03  -5.1069571e-03   4.1235163e-03
   4.5613443e-02   6.0516664e-01  -4.4765403e+00  -1.0858528e-02  -3.9184434e-03   3.6673826e-03
   5.8332837e-02   5.3027929e-01  -4.1972700e+00  -9.0514203e-03  -1.6094219e-03   2.9979371e-03
   7.7379674e-02   4.7850040e-01  -4.0422300e+00  -8.0898002e-03  -1.4911533e-03   2.8045598e-03
   8.6233627e-02   4.5161153e-01  -3.9708978e+00  -6.1372343e-03  -1.0804980e-03   2.1107971e-03
   8.3468834e-02   4.5076479e-01  -3.9499804e+00  -6.5049466e-03  -7.3224616e-04   2.0209123e-03
   7.8355474e-02   4.5633652e-01  -3.9063397e+00  -6.7654924e-03  -3.9796016e-04   2.1422105e-03
   8.0293956e-02   4.3920688e-01  -3.9244670e+00  -6.5687023e-03  -3.8178069e-05   1.8297706e-03
   8.3684185e-02   4.3687590e-01  -3.8921896e+00  -6.2931717e-03   8.2626765e-05   1.9082334e-03
   8.8688812e-02   4.5061343e-01  -3.8576158e+00  -6.7821301e-03   1.5202848e-04   1.8479054e-03
   8.7958217e-02   4.6006536e-01  -3.8710105e+00  -7.1584835e-03   7.7420290e-05   2.0188347e-03
   6.7255692e-02   4.6425937e-01  -3.8576511e+00  -6.7974460e-03   5.3769721e-04   2.1271539e-03
   8.5269498e-02   4.4976499e-01  -3.8728535e+00  -6.3803500e-03   6.7066587e-04   1.6581733e-03
   7.3073095e-02   4.5084884e-01  -3.8646564e+00  -6.6310767e-03   8.7760189e-04   1.9262256e-03
   9.2418813e-02   4.4838672e-01  -3.8696018e+00  -6.2319700e-03   1.0484962e-03   1.7593921e-03
   7.9945731e-02   4.7436308e-01  -3.8632882e+00  -6.6714692e-03   1.0603547e-03   1.9210171e-03
  -1.2052172e-02   4.0066413e-01  -1.9645749e+00  -1.7283167e-03   1.5654371e-02   3.5102803e-03
   4.5768156e-02   3.6159151e-01  -2.1018620e+00   5.2334750e-03   9.4890109e-03   1.3115546e-03
   6.0951293e-02   3.4280609e-01  -2.1424666e+00   5.1998146e-03   7.1941761e-03   1.9418277e-03
   1.1148504e-01   3.2500397e-01  -2.2791411e+00   6.2288109e-03   9.5253440e-03   1.5417890e-04
   7.3703421e-02   4.1196767e-01  -2.1597587e+00   2.6987718e-03   8.1999784e-03   1.3847731e-03
   8.2181356e-02   2.7963905e-01  -1.8581231e+00   5.4346352e-03   9.6460520e-03   1.2382341e-03
   9.8749793e-02   1.5335153e-01  -1.6257522e+00  -4.1896466e-03   6.4064695e-03   6.7075682e-04
   1.9389367e-01   2.6810957e-01  -1.4076523e+00   8.9807548e-03  -3.3411078e-05  -1.3201911e-04
   2.2569836e-01   2.4551535e-01  -1.3801131e+00   8.8635890e-03  -8.9074586e-04  -4.9321551e-04
   2.2749477e-01   2.3835053e-01  -1.3055796e+00   8.8576386e-03  -8.7417106e-04  -7.3477941e-04
   2.2339608e-01   2.4161063e-01  -1.3255568e+00   8.5284464e-03  -1.1391471e-03  -9.4595689e-04
   2.3341202e-01   2.4735740e-01  -1.3934598e+00   8.9458167e-03  -9.5929815e-04  -1.1126631e-03
   2.3415933e-01   2.3938400e-01  -1.3098974e+00   8.6912406e-03  -8.7426575e-04  -9.1748825e-04
   2.3218329e-01   2.1477614e-01  -1.3038936e+00   8.7518465e-03  -6.3585336e-04  -1.1960741e-03
   2.3874825e-01   2.2536022e-01  -1.3475863e+00   8.1840088e-03  -9.7032444e-04  -1.0511941e-03
   2.2121381e-01   2.2228723e-01  -1.2809338e+00   9.1263325e-03   1.2639411e-03  -1.4052296e-03
   2.2051066e-01   2.2382239e-01  -1.3239660e+00   9.3384627e-03  -8.7953608e-05  -8.2735700e-04
   2.5252361e-01   2.6736643e-01  -1.2894339e+00  -3.0608391e-04   7.9930005e-04  -3.5890708e-03
   1.0892505e-01   6.8328098e-02  -3.3841445e-02   2.7040988e-02   6.2083658e-03   3.9980397e-05
   1.0358094e-01   3.1765447e-01  -1.7720867e+00   7.9015692e-03   4.3274952e-03   1.4801912e-03
   1.1883813e-01   3.2085534e-01  -1.7038050e+00   9.6854870e-03   4.1965948e-03   1.3197973e-03
   1.1938742e-01   2.8213065e-01  -1.5950673e+00   1.0660987e-02   3.2146856e-03   1.5753976e-03
   1.4640614e-01   2.6946323e-01  -1.5586340e+00   1.0714842e-02   3.1220545e-03   9.9967590e-04
   1.0851513e-01   1.7216950e-01  -7.6520623e-01   4.0712928e-03   1.7993127e-03  -1.0324086e-04
   2.2687969e-01   2.2232857e-01  -7.5921390e-01   1.3418166e-02  -2.4173805e-03  -1.2379978e-03
   2.4768752e-01   1.7585548e-01  -7.7112262e-01   1.3985480e-02  -2.7727267e-03  -1.5764844e-03
   2.2745156e-01   1.6976082e-01  -7.5845554e-01   1.3374110e-02  -2.3310737e-03  -1.1061335e-03
   2.3275889e-01   1.5156856e-01  -7.4221881e-01   1.4008014e-02  -2.5922672e-03  -1.4176459e-03
   2.5219236e-01   1.7872893e-01  -8.0550446e-01   1.4025605e-02  -1.3435583e-03  -2.0254460e-03
   2.0525907e-01   1.9592630e-01  -7.8672722e-01   1.5564436e-02  -2.9381617e-04  -1.3216408e-03
   4.0651038e-01  -2.0176939e-01  -1.0961461e+00   4.9336673e-03  -1.4878460e-02  -5.1512690e-04
   2.0119308e-02   3.1800088e-01  -2.9243102e+00  -1.1310756e-02  -3.2509960e-03   9.5533274e-03
   1.8558489e-01   6.5536590e-01  -4.7607338e+00   1.0666150e-02  -3.1126990e-03   3.3687383e-03
   2.6781596e-01   5.6563767e-01  -4.3702176e+00   1.8106244e-02  -4.1096642e-03   9.5145050e-04
   2.4757857e-01   5.5883859e-01  -4.2335979e+00   1.6622941e-02  -5.2605391e-03   2.2653499e-03
   2.5902698e-01   5.5494222e-01  -4.1383026e+00   1.5832424e-02  -5.9148420e-03   2.3203941e-03
   2.4665276e-01   5.3071279e-01  -4.0902884e+00   1.4171198e-02  -6.7471639e-03   2.4722644e-03
   2.3323790e-01   5.4409431e-01  -4.0490753e+00   1.4167645e-02  -6.2718112e-03   2.4664693e-03
   2.4745502e-01   5.5447777e-01  -4.0337902e+00   1.3746625e-02  -5.7698217e-03   1.8155288e-03
   2.3308003e-01   5.4037722e-01  -4.0040863e+00   1.4194987e-02  -6.1136063e-03   2.1168196e-03
   2.1591871e-01   5.5231446e-01  -4.0259568e+00   1.3613589e-02  -6.0235101e-03   2.5480343e-03
   2.2734174e-01   5.3539983e-01  -3.9935061e+00   1.3135217e-02  -5.2066774e-03   1.5917104e-03
   2.0771306e-01   5.4370077e-01  -3.9581415e+00   1.3213714e-02  -5.0307275e-03   1.8805520e-03
   2.1233199e-01   5.2525206e-01  -3.9018328e+00   1.3588482e-02  -5.0909379e-03   1.9691719e-03
   2.1029764e-01   5.2320651e-01  -3.8837778e+00   1.3776150e-02  -5.3181961e-03   2.1235549e-03
   1.9446835e-01   5.6252566e-01  -3.8851309e+00   1.2619203e-02  -3.3357420e-03   1.9551650e-03
   1.5816042e-01   4.4363361e-01  -3.7455165e+00   5.9214120e-03  -2.1803046e-03   1.9867866e-03
   4.8367421e-01   2.2007535e-01  -7.8113497e-01   2.8137085e-02  -9.5735463e-03  -1.1343855e-03
   3.1207247e-02   7.3400313e-01  -3.3258624e+00  -2.0871674e-02  -1.8623974e-03   6.0132652e-03
   1.9416186e-01   4.6113362e-01  -2.9630119e+00  -1.8908914e-03  -3.1077732e-04   1.8226205e-04
   1.6836489e-01   4.2067130e-01  -2.7720386e+00  -2.3849150e-03  -1.1794060e-03   4.5460730e-04
   1.6572196e-01   3.9872096e-01  -2.5327375e+00  -8.5857608e-04  -8.8250643e-04   4.5711462e-04
   1.7995459e-01   3.5404052e-01  -2.4110977e+00  -4.0691209e-05  -2.9886619e-04  -1.2552710e-04
   1.6840262e-01   3.5271300e-01  -2.3590137e+00   3.9502241e-04  -4.1458796e-04   4.2117447e-05
   1.8109842e-01   3.4183385e-01  -2.3051329e+00   8.7253104e-04  -3.5418617e-04  -4.1032136e-04
   1.7405221e-01   3.3774477e-01  -2.3076686e+00   1.0115031e-03  -4.1402830e-04  -7.4766134e-06
   1.7617677e-01   3.3071459e-01  -2.2302975e+00   1.5683045e-03  -2.5577200e-04  -1.9829189e-04
   1.2120543e-01   2.7186610e-01  -2.0318200e+00   5.5639021e-03   4.1293072e-03   6.0053786e-05
   1.4623772e-01   3.1770970e-01  -1.8151389e+00  -1.4457089e-02  -3.2742330e-03   3.5053076e-03
   2.3058194e-01   4.4159775e-01  -2.0473595e+00  -3.2345277e-03  -5.7584567e-03   5.9078088e-04
   9.6156416e-02   1.9506211e-01  -2.4876561e+00   2.1380770e-02   2.7243752e-03  -1.8472347e-03
   9.7264538e-02   5.2342431e-01  -3.9912445e+00  -7.6010266e-03   9.3103496e-04   9.2425145e-04
   1.0703277e-01   5.2875960e-01  -3.9190672e+00  -7.6053689e-03  -4.9483275e-05   1.0009825e-03
   1.0937950e-01   4.3625092e-01  -3.5770337e+00  -4.8604960e-03   1.3334188e-04   6.8699394e-04
   1.1666709e-01   4.0887041e-01  -3.4742271e+00  -4.3084423e-03   2.3304031e-04   1.3183972e-04
   1.1332763e-01   3.9595567e-01  -3.3972139e+00  -3.2309772e-03  -1.9041933e-04   4.2248536e-04
   1.2832859e-01   4.0532586e-01  -3.3898858e+00  -3.4598383e-03  -3.5549886e-04   2.6335959e-04
   1.3464293e-01   4.1364501e-01  -3.3646612e+00  -4.5496903e-03  -2.1601072e-03   2.4881188e-04
   2.0451832e-01   3.6805299e-01  -3.0867283e+00  -7.3657087e-04  -3.4094181e-03  -4.9522774e-04
   1.9148844e-01   3.6839039e-01  -3.0497239e+00  -1.1738204e-03  -1.5624959e-03  -7.9825014e-04
   1.5664031e-01   3.7730466e-01  -3.0932114e+00  -5.9840855e-04  -1.1789817e-03   3.4789541e-05
   2.6987911e-01   1.9261068e-01  -3.8773988e-01   2.1469842e-02  -1.5303458e-03  -4.5797416e-04
   2.6340152e-01   2.7383363e-01  -1.1042972e+00   1.3189692e-02  -4.1519317e-03  -3.1699723e-04
   2.7057057e-01   2.1409854e-01  -1.1399453e+00   1.2219878e-02  -5.0455170e-03  -5.0318549e-04
   2.6819342e-01   2.3983350e-01  -1.1789057e+00   1.1587982e-02  -5.1130986e-03  -7.0782557e-04
   2.6662092e-01   2.1590912e-01  -1.2142606e+00   1.1535559e-02  -4.8383089e-03  -6.7746585e-04
   2.7219534e-01   2.3273827e-01  -1.2646859e+00   1.0003857e-02  -4.8360395e-03  -7.5375597e-04
   2.2071816e-01   2.3601430e-01  -1.5032097e+00   9.8546964e-03  -1.3572573e-04  -2.5874875e-04
   2.5342837e-01   2.4200964e-01  -1.5021011e+00   1.0582921e-02  -1.3750521e-03  -1.1024964e-03
   2.8929297e-01   1.4196538e-01  -9.2999188e-01   1.7362784e-02  -5.8798121e-04  -2.7024331e-03
   1.6978248e-01   2.6195950e-01  -1.4507474e+00   4.4592778e-03   2.6469857e-03   7.1307683e-04
  -1.9268577e-01   1.7780852e-01  -9.5161084e-01   3.1814399e-02   1.7353614e-02   4.5072741e-03
   1.5240067e-01   3.2666598e-01  -2.7876601e+00   2.0115732e-03  -1.8560328e-03   2.2777247e-03
   1.7088422e-01   3.4622448e-01  -2.6206968e+00   1.2376322e-03  -2.4228180e-03   1.4345813e-03
   1.8197801e-01   2.8261165e-01  -2.3823370e+00   3.2939459e-03  -1.9897592e-03   1.0298749e-03
   1.7221413e-01   2.6873013e-01  -2.2322447e+00   5.7467918e-03  -1.9504725e-03   9.6387079e-04
   1.4759406e-01   3.1280441e-01  -2.6709990e+00   1.3231475e-03   1.1058981e-03   8.4543734e-04
   1.5007453e-01   2.9903058e-01  -2.6150573e+00   2.0378702e-03   5.0538526e-04   1.0406982e-03
   1.5024784e-01   2.8447209e-01  -2.6282141e+00   1.4960894e-03   1.8107230e-04   8.4634426e-04
   1.6750832e-01   2.7507607e-01  -2.5967207e+00   1.0386828e-03  -1.7092814e-04   8.4512095e-04
   1.6483024e-01   2.9017230e-01  -2.5594179e+00   1.5050027e-03  -4.6452700e-04   5.7460056e-04
   1.4997928e-01   2.9094535e-01  -2.5603141e+00   6.6247093e-04  -1.9535152e-04   8.7865132e-04
   1.5638851e-01   2.7444155e-01  -1.6046336e+00  -3.5548092e-03   4.8895888e-03   4.1138838e-04
   1.9491806e-01   2.3322611e-01  -1.3219040e+00   1.4232161e-02   1.9598950e-03  -3.4989583e-04
   4.0508723e-03   2.3498510e-01  -1.6202250e+00  -1.3915594e-02   1.1376477e-02   3.7741165e-04
   6.1948822e-02   3.2624047e-01  -3.2448467e+00  -4.1674396e-03   2.0986842e-03   3.5148534e-03
   1.2888764e-01   3.6419874e-01  -2.7222777e+00   1.6438089e-03   2.7842607e-03   1.9538388e-03
   1.3378966e-01   3.7578207e-01  -2.4883926e+00   2.8063498e-03   3.0054973e-03   2.0663669e-03
   1.1682829e-01   3.3982897e-01  -2.3939088e+00   3.9702530e-03   3.2485183e-03   1.5382561e-03
   1.1292402e-01   3.1473972e-01  -2.3087143e+00   5.0394436e-03   3.6373644e-03   1.5134754e-03
   1.3733961e-01   2.7815298e-01  -2.2566234e+00   6.4150723e-03   3.5340843e-03   1.0974997e-03
   1.2798146e-01   3.4629379e-01  -2.2925517e+00  -3.8691910e-04   3.8048338e-03   8.9018588e-04
   1.4505002e-01   2.6223437e-01  -1.3572163e+00   1.1331145e-02   6.1452102e-03   5.5658870e-04
   1.7066832e-01   2.6727877e-01  -1.3267747e+00   1.0838139e-02   4.0520705e-03   2.8243753e-04
   1.7506567e-01   2.1303727e-01  -1.2967753e+00   1.1364347e-02   3.9123001e-03   1.3250453e-04
   1.9200437e-01   2.1767425e-01  -1.3889669e+00   1.0436289e-02   3.3017279e-03  -1.7180344e-04
   1.9669359e-01   2.0658032e-01  -1.3701303e+00   1.0524221e-02   3.6207676e-03  -3.0696342e-04
   2.0206981e-01   2.0246125e-01  -1.3808227e+00   1.0806275e-02   3.2738932e-03  -3.3079227e-04
   2.0051205e-01   2.0884090e-01  -1.3671727e+00   1.0549506e-02   3.3335049e-03  -3.8983438e-04
   1.7897964e-01   2.2557867e-01  -1.4168588e+00   1.2016778e-02   6.1630484e-03  -1.1346584e-03
   1.1739612e-01   8.7542177e-02  -2.0621371e+00  -1.3725123e-02   3.3092732e-03   2.4517436e-03
   1.2585644e-01   5.4523041e-01  -3.0183252e+00  -6.4701916e-04  -3.7811549e-03   2.9744802e-03
   1.5740290e-01   3.4060748e-01  -2.6830514e+00   3.4850996e-03   9.5890224e-05   7.8828929e-04
   1.4680712e-01   3.5671131e-01  -2.6945043e+00   1.9108674e-03   1.2955780e-04   2.8685923e-04
   1.5469589e-01   3.5263818e-01  -2.5687395e+00   2.7927145e-03  -1.2509350e-04   3.0448856e-04
   1.7457818e-01   3.3184831e-01  -2.5572903e+00   2.7747315e-03   4.6033126e-05  -2.0671959e-04
   1.7825671e-01   2.9570181e-01  -2.4964947e+00   4.1205098e-03   1.6560571e-04  -4.2732476e-04
   1.7997210e-01   3.2419751e-01  -2.4419889e+00   4.2680969e-03  -1.9294115e-06  -4.5671143e-04
   1.7582286e-01   3.2198917e-01  -2.4426877e+00   4.3452370e-03  -6.4130018e-05  -4.1470621e-04
   1.7604122e-01   3.3715704e-01  -2.4593793e+00   3.5738129e-03  -3.4282571e-04  -5.3032153e-04
   1.8254644e-01   3.3969278e-01  -2.4774495e+00   3.8381643e-03  -7.8114583e-04  -3.6419670e-04
   1.7970108e-01   3.4691548e-01  -2.4848546e+00   3.7129797e-03  -2.6941510e-05  -3.3334638e-04
   1.8874635e-01   1.6629471e-01  -1.7999023e+00   1.8143712e-02   1.4457881e-03   1.2924625e-03
   6.6188754e-02   3.4677880e-01  -2.1055687e+00  -2.2942929e-02   3.8894400e-03   1.8769348e-03
   2.4257870e-01   2.7201005e-01  -1.4595959e+00   1.2416414e-02  -3.8504291e-03  -3.9455993e-06
   2.3539092e-01   2.9040536e-01  -1.9248848e+00   1.3283876e-02  -3.7771678e-03   1.1804387e-04
   2.0244976e-01   2.9059153e-01  -2.3234446e+00   4.6567156e-03  -3.3105093e-03  -6.2867427e-05
   4.6972293e-02   3.4049146e-01  -1.9282437e+00   9.1175166e-03   6.8862119e-03   1.9757890e-03
   1.5800902e-01   2.6192106e-01  -2.0384216e+00   9.4665940e-03   2.1465035e-03   1.3320941e-03
   1.8134546e-01   2.7692577e-01  -1.9896999e+00   1.0329580e-02   1.7638328e-03   1.8725507e-04
   1.5453547e-01   2.7635593e-01  -1.9813916e+00   8.7450292e-03   2.3299116e-03   3.9426236e-04
   3.6444247e-01   1.7021303e-01  -1.1755015e+00   1.7597806e-02  -4.9162442e-03  -2.1219454e-04
   5.0792536e-01   2.2463717e-01  -2.0866260e+00   4.4809282e-03  -1.5376068e-02   8.2576213e-03
   1.7535647e-02   6.6012824e-01  -4.2416465e+00  -7.4676819e-03   3.4132608e-04   4.4677465e-03
   1.4098050e-01   4.6611775e-01  -3.6808247e+00   1.4164010e-03  -1.8849359e-03   2.4330743e-03
   1.6739340e-01   4.3918292e-01  -3.5731795e+00   6.1282664e-05  -2.8413518e-03   2.9886822e-03
   1.4631074e-01   4.2043759e-01  -3.4880639e+00   9.7088865e-04  -2.4727046e-03   2.6210066e-03
   1.4519493e-01   3.9006828e-01  -3.4043918e+00   1.2125669e-03  -2.9097193e-03   2.3746113e-03
   1.5949821e-01   3.7958241e-01  -3.3908998e+00   1.4273801e-03  -2.9021823e-03   1.9754946e-03
   1.4766237e-01   4.1323377e-01  -3.4281355e+00   4.2268221e-04  -2.5786404e-03   2.0545230e-03
   1.5019054e-01   3.7734884e-01  -3.3389998e+00   1.6797686e-03  -2.5812339e-03   1.8585392e-03
   1.5863220e-01   3.7635491e-01  -3.3456802e+00   1.8481311e-03  -2.3752942e-03   1.5288053e-03
   1.6287935e-01   3.7188261e-01  -3.3097319e+00   1.4192798e-03  -2.4422312e-03   1.5205637e-03
   1.5930377e-01   3.8775288e-01  -3.2915088e+00   2.1613752e-03  -2.7433507e-03   1.4815836e-03
   1.5138158e-01   3.8845746e-01  -3.2883892e+00   2.7894588e-03  -2.0199116e-03   1.2883372e-03
   7.9178923e-02   5.7694739e-01  -3.3111663e+00  -7.9300186e-03   3.1971703e-03  -5.3860458e-03
   1.4750044e-01   4.3231426e-01  -3.3094329e+00   2.1387469e-03  -1.3744390e-03   8.4954265e-04
   6.4817316e-02   4.3845773e-01  -3.3706137e+00  -1.2335107e-02   9.6693349e-04  -1.4289939e-03
   2.4156870e-01   2.6341145e-01  -1.3295825e+00   1.4975379e-02   1.6505941e-03   2.6492530e-06
