   0.0000000e+00   0.0000000e+00   0.0000000e+00   0.0000000e+00   0.0000000e+00   0.0000000e+00
  -5.7507125e-02   7.5526608e-02   1.3837907e-01   1.1393997e-03   4.4650724e-04   7.2248329e-04
  -2.1222076e-02   2.2782463e-02  -4.5008805e-02  -4.2436228e-04   2.0576681e-04   4.3593126e-04
  -3.8126445e-03   1.9911785e-02   2.7346867e-02  -1.4686090e-03   7.1516115e-04   1.1894044e-04
   5.9886624e-04   3.1900791e-02   3.4806934e-02  -1.2527937e-03   9.7950614e-04   1.2092898e-04
  -5.1346547e-02   1.1762819e-02   1.2124970e-01   1.2136215e-03   1.9678124e-03   1.0616593e-03
  -1.7105616e-02   1.8797825e-02   6.6818381e-02  -1.0421919e-03   7.9154188e-04  -5.8322753e-05
  -3.0746616e-02  -3.2158036e-02  -5.9187802e-02   6.1894777e-04  -1.3524128e-03   3.1698861e-04
  -2.2388448e-02  -5.9539581e-02  -4.9031253e-02  -1.6214368e-03  -3.6566974e-04   7.8060135e-04
  -5.3235582e-02  -1.9320095e-02  -1.5433890e-01  -5.0867860e-04   2.6651815e-03   8.6745367e-04
  -4.8477315e-02  -4.9582786e-02   1.2637920e-01   8.5419807e-04   2.3782575e-03   1.3247290e-03
  -7.0377212e-02   1.3892683e-03   1.3912377e-02   8.2374469e-04   1.8810628e-03   1.2418561e-03
  -5.1816121e-02  -3.5820048e-02  -2.6450223e-02   3.5282731e-05   1.2533454e-03   7.9408271e-04
  -3.0974867e-02  -2.8674983e-02  -4.9879387e-02  -4.9240323e-04   1.4155669e-03   4.8373278e-04
  -3.5674050e-02  -7.0171592e-02  -7.5273150e-02  -1.0550184e-03   2.1525340e-03   8.5413096e-04
  -2.0910381e-02   8.9686367e-03  -1.4132597e-01  -4.3989454e-03  -1.5186786e-03   9.2832817e-04
  -9.8634956e-02   1.5402159e-01  -1.4587558e-01  -8.0070179e-03   2.0264863e-03   4.8127907e-03
  -1.7013280e-01   1.8080151e-01  -2.6001921e-01  -1.1872851e-02   9.6785062e-03   7.5981611e-03
  -1.6054267e-01   1.1019959e-01  -3.6591170e-01  -1.5116922e-02   6.5646026e-03   6.5686441e-03
  -1.2042269e-01   9.8438333e-02  -2.7810924e-01  -1.2436008e-02   5.1953205e-03   5.3627642e-03
  -1.0908502e-01   1.2648162e-01  -1.9075226e-01  -1.1701003e-02   4.9255445e-03   5.3451465e-03
  -1.2855271e-01   7.4100242e-02  -1.9387785e-01  -1.0155146e-02   2.9866246e-03   4.2671855e-03
  -1.1935837e-01   4.6649063e-02  -3.2079852e-01  -1.0529517e-02   5.2345873e-03   4.6814212e-03
  -1.2443789e-01   6.7400508e-02  -3.0042014e-01  -1.0481543e-02   2.9225629e-03   4.4661465e-03
  -1.1302415e-01   6.3336906e-02  -2.8249131e-01  -1.0705299e-02   3.4287259e-03   4.3906856e-03
  -9.1323935e-02   4.8649098e-02  -2.0744997e-01  -1.0301183e-02   7.9485458e-04   3.0259653e-03
  -4.9333586e-02   3.8371193e-02  -2.0945484e-01  -8.7401931e-03   3.6900589e-03   2.8369714e-03
   7.8978920e-02  -5.0568194e-02  -4.7564836e-01  -7.4730087e-03   4.7436920e-03  -3.5514634e-04
  -1.4538609e-01   4.0585980e-03  -7.2347673e-01  -9.9712675e-03   4.8180862e-03   5.3129839e-03
  -9.7917761e-02   2.9949837e-02  -7.1190987e-01  -1.2585393e-02   7.5005214e-04   4.5231457e-03
  -8.9638050e-02   1.5544659e-02  -5.9138565e-01  -1.2382328e-02   1.6978961e-03   3.9643325e-03
  -7.7320292e-02  -1.2601594e-02  -5.4346272e-01  -1.1994818e-02   4.7215480e-04   3.6465898e-03
  -7.0432586e-02   8.6003969e-03  -5.8279727e-01  -1.1836654e-02  -3.6586022e-04   3.7841065e-03
  -4.5528485e-02   1.5690320e-02  -5.4481999e-01  -9.9022367e-03   8.4477633e-05   3.4341154e-03
  -8.6137110e-02   1.9617474e-02  -5.1926894e-01  -1.0682298e-02   8.2005694e-04   4.2245152e-03
  -7.5835816e-02   1.1719963e-02  -3.7153505e-01  -4.6012897e-03  -2.1595038e-04   3.8929056e-03
  -8.1337201e-02  -6.1154864e-02   3.0318876e-01   3.5121525e-03   3.3807301e-03   4.0279814e-03
  -5.8371391e-02  -4.7890907e-02   4.1203885e-01  -7.5965210e-04   2.0654259e-03   3.1196230e-03
  -7.2824267e-02  -2.8690707e-02  -7.4085067e-02   1.9088892e-04   1.3545533e-03   2.9915324e-03
  -8.6160219e-02  -1.1954473e-01   3.2669889e-01   8.8436802e-03   1.3238320e-03   3.5453892e-03
  -4.0001313e-02  -9.2735170e-02   5.0537596e-02   8.7207022e-03   2.7431237e-03   2.9879197e-03
  -6.2977529e-02  -1.1931754e-01   2.0568537e-01   5.6823164e-03   7.4519634e-03   4.0614920e-03
  -6.5101472e-02  -1.1713307e-01   4.2063053e-01   8.6870929e-03   4.9112104e-03   3.1930270e-03
  -8.1906594e-02  -1.1452290e-02   1.5121963e-01  -9.7889037e-05   3.6218925e-03   2.4284936e-03
  -4.7107284e-02  -1.0716514e-02   1.7016307e-01  -3.7817120e-03   6.5447717e-03   3.2402321e-03
  -8.9558188e-02  -6.5148826e-03  -1.0354242e-02  -3.3964605e-03   3.4700644e-03   3.3371624e-03
  -7.9661850e-02   7.2879873e-03  -5.2607735e-02  -4.8298987e-03   2.8048105e-03   3.1782711e-03
  -5.7995769e-02  -1.2888487e-03  -1.1817218e-01  -6.8346205e-03   4.2244775e-03   2.5158108e-03
  -6.4235747e-02  -2.7996283e-02  -1.3640088e-01  -3.8990953e-03   8.0868609e-03   3.8064090e-03
  -7.0101280e-02  -3.3623967e-02  -2.2642099e-01  -2.9472287e-03   3.6825466e-03   2.9164167e-03
  -6.7049415e-02  -2.8519489e-02  -2.5116054e-01  -6.9588186e-03   4.5644386e-03   3.0106101e-03
  -6.0352771e-02  -3.8732532e-02  -2.5308262e-01  -6.9544559e-03   4.1404267e-03   2.8356064e-03
   8.3535172e-03  -2.3097974e-02  -1.9211246e-01  -6.8656831e-03   1.1195213e-03   1.2681362e-03
  -1.9469309e-02   5.2547234e-02  -1.2971076e-01  -7.2560309e-03   1.0771488e-03   1.3645887e-03
  -4.8720937e-02   2.4140329e-02  -1.3455820e-01  -7.0739288e-03   3.9459833e-03   2.5089829e-03
  -6.2807596e-02  -1.3446599e-02  -1.8519483e-01  -7.9814005e-03   3.0196724e-03   2.8830450e-03
  -7.3389802e-02   1.3199064e-02  -1.4763096e-01  -8.9872295e-03   3.4607628e-03   2.9443293e-03
  -8.3906515e-02   9.8279582e-03  -2.2249754e-01  -9.8961478e-03   5.1002354e-03   3.7367518e-03
  -6.3515645e-02  -8.3157760e-03  -1.3051085e-01  -8.9775802e-03   4.1725026e-03   2.8606565e-03
  -5.7328667e-02  -3.5754351e-02  -2.1123934e-01  -8.7185594e-03   9.3163576e-04   2.7864274e-03
   5.5355193e-03  -5.4922406e-02  -3.5230129e-01  -1.1437882e-02  -6.1159962e-04   5.6772499e-04
   1.2297278e-02  -5.2841674e-02  -1.6760173e-01  -1.0157623e-02   1.3007436e-04   5.5216324e-04
   5.9855185e-03  -4.5598320e-02  -1.7479801e-01  -9.7221244e-03   2.5137241e-03   5.1083761e-04
  -2.1667356e-02  -4.2870769e-03  -2.3867874e-01  -1.0364347e-02   1.6065261e-03   1.4174132e-03
  -1.2973206e-02  -1.3853948e-02  -2.0423612e-01  -1.0224753e-02   1.5348017e-03   1.3419972e-03
  -7.7297434e-03  -4.0906527e-02  -2.1321125e-01  -9.8099213e-03   8.5775367e-04   1.3293009e-03
  -3.9020281e-02  -1.9012616e-02  -2.3411838e-01  -9.3366571e-03   4.3198789e-03   1.4488333e-03
  -7.3832344e-02  -2.1501093e-02  -1.8409454e-01  -9.3761202e-03   3.3469901e-03   2.6617734e-03
  -3.6030189e-02  -2.1049153e-02  -2.9761904e-01  -1.1628576e-02   3.3501190e-03   1.7429767e-03
  -2.7954969e-02  -1.5993527e-02  -2.2930259e-01  -1.0057017e-02   2.8407075e-03   1.5922837e-03
  -2.9473990e-02  -3.7753220e-02  -2.1637576e-01  -9.2678596e-03   3.4005941e-03   1.2499302e-03
  -2.2329789e-02  -2.6255527e-02  -1.5802868e-01  -8.6812789e-03   2.7793912e-03   1.4247652e-03
  -7.4144790e-02   6.0549541e-02  -2.8845676e-01  -2.3799868e-03   2.4979927e-03   2.3941329e-03
  -3.2917919e-02  -5.4954063e-02  -5.5964416e-01  -1.0675299e-02   2.0016123e-03   1.6268491e-03
  -6.0778845e-02  -2.3687328e-02  -2.8392666e-01  -5.2149692e-03  -1.6900187e-03   1.3858233e-03
  -3.0298840e-02  -6.9034615e-02  -3.3213648e-01  -6.4491532e-03   3.1047463e-04   1.1332836e-03
  -2.1120072e-02  -5.1362245e-02  -2.3796136e-01  -5.6912966e-03   9.0306925e-04   1.2308632e-03
  -2.8981286e-02  -9.9169021e-02  -2.1271924e-01  -4.9702263e-03   2.1069865e-03   1.4665516e-03
  -5.2825783e-02  -5.2861051e-02  -9.4967531e-02  -2.9687101e-03   1.3678235e-03   1.4794602e-03
  -4.8555526e-02  -4.7733263e-02  -2.6177340e-01  -5.8267404e-03   2.5141383e-03   1.3977825e-03
  -5.8396202e-02  -2.0331346e-02  -1.4997503e-01  -5.4601660e-03   3.0472410e-03   1.6095686e-03
  -5.8239606e-02  -6.9329499e-02  -2.0608024e-01  -5.9248490e-03   2.8156485e-03   1.5690206e-03
  -7.0663048e-02  -4.5593765e-02  -2.5975920e-01  -5.7102117e-03   3.0806690e-03   2.0601828e-03
  -6.6140668e-02  -6.0144956e-02  -1.9590897e-01  -6.0350990e-03   2.0296431e-03   1.9503830e-03
  -6.4274671e-02  -4.7886534e-02  -1.9934617e-01  -6.1208194e-03   1.3327177e-03   1.5557518e-03
  -8.3562429e-02  -6.4618400e-02  -1.3436220e-01  -1.6423724e-03   9.5417759e-04   1.3825613e-03
  -7.6027966e-02  -5.4907182e-02  -2.2030869e-01  -4.5702641e-03   1.1419863e-03   2.0438601e-03
  -4.8343074e-02  -5.8469273e-02  -1.9799346e-01  -5.7040497e-03   6.6011462e-04   1.5143283e-03
  -5.0454080e-02  -6.2989743e-02  -2.7830887e-01  -5.2679295e-03   1.4158158e-03   1.7552364e-03
  -2.3760207e-02  -8.2415676e-02  -2.8931063e-01  -5.9168066e-03   3.3997657e-03   1.4758038e-03
  -4.6058474e-02  -9.6774705e-02  -1.9275339e-01  -4.8246142e-03   1.9883164e-03   1.3591164e-03
  -4.5141028e-02  -5.6864737e-02  -2.2731213e-01  -5.1539608e-03   1.4508699e-03   1.5523489e-03
  -3.5326430e-02  -6.0801734e-02  -2.0361999e-01  -6.3911173e-03   1.7567002e-03   1.3968973e-03
  -5.5173772e-02  -6.0631233e-02  -2.6162688e-01  -6.2698091e-03   1.7977669e-03   1.3857071e-03
  -2.6887243e-02  -2.8208968e-02  -7.0453273e-02  -4.1898015e-03   1.5000560e-03   1.3494688e-03
  -7.3129438e-02  -2.5145061e-02  -1.4871517e-01  -4.7959958e-03   1.7766782e-03   1.9236050e-03
  -6.3786808e-02  -3.5983617e-02  -1.2373170e-01  -5.7842557e-03   1.5690145e-03   1.7839005e-03
  -6.7164837e-02  -6.3912502e-02  -2.7475513e-01  -4.0144111e-03   1.1026794e-03   2.3125613e-03
  -5.0845170e-02  -3.6345491e-02  -2.0644988e-01  -6.1218571e-03   1.3992936e-03   1.8319300e-03
  -3.6376770e-02  -5.1350645e-02  -1.2601690e-01  -5.2763777e-03   8.1604355e-04   1.9193809e-03
  -3.6766712e-02  -6.4724324e-02  -1.1801807e-01  -6.1262032e-03   1.0264403e-03   1.5364369e-03
  -2.4211788e-02  -6.9992423e-02  -9.4121660e-02  -5.8970262e-03   2.7535669e-03   1.1528550e-03
  -1.9043158e-02  -6.6315129e-02  -9.4059454e-02  -4.7953589e-03   2.7081867e-03   1.1930762e-03
  -4.6314714e-02  -6.5277120e-02  -1.0113282e-01  -3.3587794e-03   3.8377710e-03   1.8058105e-03
  -5.2465478e-02  -4.9792952e-02  -7.0989037e-02  -3.1530766e-03   4.0290432e-03   1.4535204e-03
  -6.7700038e-02  -3.6163209e-02  -1.5419064e-01  -5.0606994e-03   2.0074858e-03   1.9488951e-03
  -5.7971659e-02  -3.0455518e-02  -1.5975320e-01  -4.5649526e-03   1.5361199e-03   1.9141818e-03
  -1.0049133e-01  -2.5257012e-02   7.5957931e-02   6.4764472e-04   3.6229916e-04   2.7951930e-03
  -6.1189362e-02  -4.1619595e-02  -1.5603740e-01  -3.4494274e-03   6.4086912e-04   1.9763289e-03
  -4.6950474e-02  -4.4665252e-02  -1.6226073e-01  -4.5117994e-03   1.0242939e-03   1.6620990e-03
  -3.8293566e-02  -7.8190816e-02  -1.4165918e-01  -5.1788788e-03   1.2602210e-03   1.5375174e-03
  -7.9802303e-02  -5.7242413e-02   1.1344586e-02  -5.0777630e-04   2.5792883e-03   2.6103930e-03
  -5.1038598e-02  -2.0798364e-02  -3.1265800e-02  -6.0350776e-04   1.9129167e-03   2.0593095e-03
  -6.5807546e-02  -3.9764392e-02  -1.3668699e-01  -2.6884321e-03   2.0701085e-03   1.7241333e-03
  -4.7160012e-02  -6.3970561e-02  -1.0660185e-01  -3.3289228e-03   1.9717421e-03   1.4907937e-03
  -3.3866964e-02  -6.7468670e-02  -6.5100220e-02  -3.3855908e-03   2.6519952e-03   1.6347121e-03
  -6.1351562e-02  -4.3685919e-02  -1.2068918e-01  -3.6925133e-03   2.2694410e-03   1.7742921e-03
  -4.6975260e-02  -4.6376712e-02  -6.4993483e-02  -3.4921684e-03   2.1604055e-03   1.5132194e-03
  -7.3175936e-02  -6.5392328e-02  -1.2397701e-01  -3.5764997e-03   3.6940730e-03   2.4389879e-03
  -6.7447575e-02  -4.4144944e-02  -1.4080387e-01  -4.0898004e-03   1.7575608e-03   2.3991890e-03
  -5.9979365e-02  -7.8899934e-02  -1.3833658e-01  -3.8489411e-03   1.6782517e-03   2.1205653e-03
  -1.0458739e-01  -8.6046837e-02  -2.3112859e-01  -1.9127342e-03   1.6944065e-03   2.4321351e-03
  -8.8607128e-02  -7.8264342e-02  -2.1720210e-01  -2.5463306e-03   1.9895180e-03   2.3743184e-03
  -3.8201839e-02   2.5703587e-02  -1.3046282e-01  -1.0606447e-02  -1.5341862e-03   2.0886659e-03
  -1.5088591e-01  -8.2120404e-02  -2.2771504e-01  -4.8667649e-03   4.0524635e-03   3.4109466e-03
  -1.2762603e-01  -8.5169655e-02  -1.9738275e-01  -5.6235068e-03   3.8939290e-03   2.9937249e-03
  -1.0553243e-01  -1.2484527e-01  -1.5975351e-01  -8.7992819e-03   2.3459081e-03   1.9950313e-03
  -6.0997050e-02  -8.2748092e-02  -3.4264649e-01  -1.0341638e-02   2.2235395e-03   1.0926765e-03
  -9.8270887e-02  -3.1867691e-02  -2.2363018e-01  -2.8870878e-03   3.0838409e-03   2.2876676e-03
  -9.0733463e-02  -5.6602431e-02  -2.4392289e-01  -5.6822177e-03   1.3946592e-03   2.1690398e-03
  -5.9133088e-02  -8.3132779e-02  -2.5770114e-01  -6.0569534e-03   2.0284674e-03   1.5426265e-03
  -7.7353611e-02  -6.1224692e-02  -2.6819377e-01  -5.8646043e-03   2.8235875e-03   1.9626889e-03
  -6.8370094e-02  -5.9928963e-02  -2.9544340e-01  -6.5715591e-03   2.6785365e-03   1.8726842e-03
  -6.7124542e-02  -7.1267144e-02  -2.4006436e-01  -6.6024432e-03   2.5749480e-03   1.7810245e-03
  -6.9417723e-02  -7.8438367e-02  -2.8679866e-01  -7.3684077e-03   2.1470606e-03   1.7284662e-03
  -6.3695667e-02  -4.7011717e-02  -2.1805674e-01  -6.7921394e-03   3.8306756e-03   1.3671791e-03
  -9.1342901e-02  -4.5994789e-02  -2.4551840e-01  -6.1276572e-03   3.3498405e-03   2.0118555e-03
  -6.9368013e-02  -4.8128798e-02  -2.4512131e-01  -8.0028454e-03   3.2913226e-03   1.6436322e-03
  -8.6834835e-02  -7.0051735e-02  -1.7787363e-01  -5.3056963e-03   4.9691705e-03   2.3928086e-03
  -8.8178715e-02  -4.2710063e-02  -2.4003081e-01  -7.2677207e-03   3.0403243e-03   1.9354864e-03
  -8.2604295e-02  -7.6166675e-02  -2.0385190e-01  -3.0242086e-03   1.7382370e-03   1.3041238e-03
  -7.3848545e-02  -7.6134713e-02  -2.8778184e-01  -6.8365452e-03   2.9742670e-03   1.8640807e-03
  -8.2750413e-02  -6.6937664e-02  -2.7193866e-01  -7.2968584e-03   2.1332768e-03   1.7547877e-03
  -8.1566786e-02  -9.3504720e-02  -2.5819984e-01  -4.8578919e-03   1.1676980e-03   2.0272960e-03
  -7.5611121e-02  -1.8552837e-01  -9.0517116e-01  -1.2086367e-02   7.7264793e-03   1.5817310e-03
  -1.3082882e-01  -1.1780837e-01  -7.0988355e-01  -8.9126118e-03   4.8992622e-03   3.4588678e-03
  -1.1312060e-01  -1.2241712e-01  -6.3071279e-01  -1.0365211e-02   3.7544714e-03   2.5352871e-03
  -9.4621543e-02  -1.3945500e-01  -5.7322129e-01  -1.0398113e-02   3.0033251e-03   2.4769564e-03
  -1.0644895e-01  -3.7859492e-03  -4.5532617e-01  -1.0047564e-02   3.9520485e-03   2.1709367e-03
  -9.3437490e-02  -4.9190289e-02  -3.3532817e-01  -5.9111278e-03   3.6624536e-03   1.9152490e-03
  -7.2337351e-02  -5.7471652e-02  -3.5229598e-01  -6.6507490e-03   3.8835295e-03   1.7535906e-03
  -9.1191774e-02  -1.9654944e-02  -4.8703484e-01   3.0499718e-03   3.7101686e-03   2.5169481e-03
  -1.1378732e-01  -1.0555004e-01  -8.7833086e-01  -7.3648290e-03   5.1073450e-03   2.4954847e-03
  -1.0730349e-01  -7.9158264e-02  -7.8702428e-01  -8.6394684e-03   5.0156639e-03   2.2123184e-03
  -9.6906604e-02  -1.0722894e-01  -7.1039666e-01  -7.9685359e-03   4.7529401e-03   1.9638536e-03
  -7.4984844e-02  -1.1522095e-01  -7.3284555e-01  -8.1751962e-03   4.2415423e-03   1.7227539e-03
  -1.0413102e-01  -1.0780455e-01  -6.1996570e-01  -8.1161818e-03   5.8577608e-03   2.5268661e-03
  -9.2769012e-02  -7.4109660e-02  -5.9066399e-01  -7.2819553e-03   4.5904523e-03   2.2424038e-03
  -8.2638241e-02  -9.3273463e-02  -5.9227250e-01  -7.3771420e-03   4.8972681e-03   2.0159859e-03
  -7.7356052e-02  -9.7854483e-02  -5.8738079e-01  -6.1638058e-03   5.4042338e-03   1.9281631e-03
  -9.7980828e-02  -6.9515665e-02  -4.6581959e-01  -6.0634835e-03   4.7481870e-03   2.1663370e-03
  -1.1296301e-01  -7.2663788e-02  -4.9534742e-01  -6.7565584e-03   5.7702710e-03   2.8416600e-03
  -8.6837812e-02  -4.1466029e-02  -5.3756583e-01  -7.7671369e-03   4.5486336e-03   2.1658589e-03
  -8.2085014e-02  -5.9083287e-02  -5.0067772e-01  -7.1352472e-03   4.5346597e-03   2.0780139e-03
  -1.0824092e-01  -4.8741656e-02  -2.7858379e-01  -1.6635492e-03   5.6528040e-03   3.3440681e-03
  -1.1286440e-01  -6.1295101e-02  -4.8865235e-01  -5.6612451e-03   3.7632999e-03   2.7105267e-03
  -9.7719123e-02   1.0840151e-02  -3.9206106e-01  -3.4735678e-03   8.6293242e-04   1.1113833e-03
  -1.2631277e-01  -5.2692422e-02  -4.6655103e-01  -2.2334675e-03   6.3078636e-03   2.8298073e-03
  -1.0327496e-01  -9.4244196e-02  -4.2572813e-01  -3.4134776e-03   4.8809803e-03   2.2696614e-03
  -9.3292399e-02  -9.8127162e-02  -3.8949975e-01  -4.8073058e-03   4.1457908e-03   1.9705003e-03
  -9.4055319e-02  -8.9569892e-02  -3.7680981e-01  -4.9224589e-03   4.0842414e-03   2.0189371e-03
  -7.9589576e-02  -8.7688495e-02  -3.2152805e-01  -4.1844555e-03   3.3883586e-03   1.6820791e-03
  -9.9135598e-02  -6.8504996e-02  -2.4889505e-01  -1.9160027e-03   5.0025814e-03   2.3536126e-03
  -9.8963662e-02  -6.9954289e-02  -3.4699584e-01  -3.9429963e-03   4.0722079e-03   2.2113485e-03
  -8.7307346e-02  -6.2789467e-02  -2.4079436e-01  -2.6186038e-03   6.2508692e-03   1.8556286e-03
  -8.6391579e-02  -6.4076794e-02  -4.1918212e-01  -5.6436227e-03   5.0538376e-03   2.1060423e-03
  -9.0503570e-02  -6.9080153e-02  -3.9638173e-01  -6.4233197e-03   4.5195206e-03   1.8912425e-03
  -7.4503486e-02  -9.5889217e-02  -3.6805756e-01  -5.9610651e-03   4.0709504e-03   1.8814122e-03
  -7.4366547e-02  -1.0476286e-01  -4.4150770e-01  -5.1070521e-03   4.5569699e-03   1.8860099e-03
  -9.3193193e-02  -9.0203370e-02  -4.1463537e-01  -4.1535941e-03   5.0610429e-03   2.2171423e-03
  -9.6675206e-02  -7.6415513e-02  -3.6112835e-01  -4.5361803e-03   4.9158090e-03   2.3395172e-03
  -1.1827831e-01  -6.0675280e-02  -3.3661245e-01  -4.3332455e-03   5.2577479e-03   2.9502691e-03
  -1.0809967e-01  -4.5257629e-02  -3.5600173e-01  -5.4858314e-03   4.9393056e-03   2.3939848e-03
  -2.1419931e-01   3.8148726e-01  -5.8936346e-01  -2.3725777e-02   9.7759612e-03   8.3799222e-03
  -1.1534271e-01  -3.1610976e-02  -3.5185666e-01  -4.8267341e-03   5.1764883e-03   2.0829652e-03
  -1.0578687e-01   2.1611340e-02  -4.7934973e-01  -3.4920295e-03   3.3743543e-03   2.2933518e-03
  -1.1728913e-01  -2.3311041e-02  -4.0433910e-01  -5.8178434e-03   5.8624761e-03   2.0250401e-03
  -9.3946387e-02  -2.5313965e-02  -4.5721959e-01  -5.9899453e-03   4.7937728e-03   1.8609893e-03
  -9.0131231e-02  -2.2238220e-02  -4.3052137e-01  -4.5184932e-03   5.1679267e-03   1.9813481e-03
  -9.1412458e-02  -3.4324145e-02  -3.9455510e-01  -4.5917566e-03   3.7324182e-03   1.6570293e-03
  -9.4748207e-02  -2.5043289e-02  -4.0319890e-01  -5.2364568e-03   4.0822475e-03   1.6534841e-03
  -8.7036907e-02  -5.1743750e-02  -3.6879307e-01  -5.1015628e-03   4.1578531e-03   1.6728344e-03
  -9.3035542e-02  -4.7465456e-02  -3.7861408e-01  -4.9163102e-03   5.7110856e-03   1.5457249e-03
  -1.1106087e-01  -4.2804359e-02  -3.8971375e-01  -7.7990950e-03   4.2889337e-03   2.4028077e-03
  -9.5627050e-02  -6.0519936e-02  -3.9819205e-01  -4.2627507e-03   3.5558828e-03   1.9535350e-03
  -8.4634200e-02  -5.5869885e-02  -4.6110246e-01  -7.0203788e-03   3.6688429e-03   1.9941174e-03
  -8.6140847e-02  -5.7348457e-02  -4.0447405e-01  -5.6968879e-03   3.7306748e-03   1.9798328e-03
  -9.2642625e-02  -3.9856145e-02  -5.0024384e-01  -3.9889718e-03   9.2906353e-04   2.6616627e-03
  -9.5280987e-02  -4.7538738e-02  -5.6510010e-01  -4.4861601e-03   3.5841308e-03   2.0508715e-03
  -9.0729682e-02  -5.0473982e-02  -4.9740257e-01  -3.8920388e-03   3.3810237e-03   1.7487663e-03
  -8.7178577e-02  -4.3698335e-02  -4.9960225e-01  -4.9150239e-03   3.6604240e-03   1.8999347e-03
  -7.6744685e-02  -5.5805993e-02  -5.2145432e-01  -4.1351419e-03   3.2814091e-03   1.6784339e-03
  -8.9978763e-02  -4.4905790e-02  -4.9688924e-01  -5.3398875e-03   3.1487254e-03   1.6844835e-03
  -8.5354455e-02  -4.5539591e-02  -4.6052199e-01  -4.8152106e-03   4.3075544e-03   2.1028446e-03
  -9.3520089e-02  -3.1404598e-02  -4.1909228e-01  -4.6530176e-03   4.1006618e-03   2.0223515e-03
  -7.9716417e-02  -4.1782905e-02  -4.3614007e-01  -4.8084424e-03   3.9927323e-03   1.9102896e-03
  -9.0730028e-02  -3.6336645e-02  -5.2181985e-01  -4.4209326e-03   3.7375963e-03   2.1628221e-03
  -8.8236971e-02  -1.0365409e-02  -4.8173980e-01  -5.2246547e-03   3.4780720e-03   1.8413042e-03
  -8.9903390e-02  -6.7049046e-02  -4.7536108e-01  -6.1931467e-03   2.8500567e-03   1.9131371e-03
  -1.0134347e-01  -4.2942847e-02  -5.1086527e-01  -3.4356510e-03   3.9079177e-03   2.1771659e-03
  -1.0229692e-01  -2.0214151e-02  -5.0193577e-01  -4.9385436e-03   3.1513584e-03   1.8145124e-03
  -8.3579438e-02  -4.2448756e-02  -4.5813552e-01  -3.9200576e-03   3.1183228e-03   1.6123964e-03
  -1.1435445e-01  -4.3337992e-02  -4.3219341e-01  -3.2114757e-03   3.8948097e-03   2.3980074e-03
  -1.0348575e-01  -3.9722213e-02  -4.1949582e-01  -3.0355128e-03   3.1561959e-03   2.0046421e-03
  -9.3081325e-02  -4.7726107e-02  -4.5238369e-01  -4.2187438e-03   3.4672677e-03   2.0331349e-03
  -8.1080308e-02  -5.4520447e-02  -3.9371524e-01  -3.0286740e-03   3.5231395e-03   1.7978937e-03
  -7.6969783e-02  -4.0958525e-02  -4.4132473e-01  -3.9733507e-03   2.7636716e-03   1.6898230e-03
  -8.7277876e-02  -4.5813148e-02  -4.6069324e-01  -3.8482275e-03   3.2913252e-03   1.6128014e-03
  -9.2485666e-02  -3.9596228e-02  -4.5721876e-01  -4.4445585e-03   3.0505242e-03   1.7495801e-03
  -8.6315885e-02  -3.1307494e-02  -4.4006821e-01  -3.8969786e-03   3.1431203e-03   1.9489623e-03
  -7.3049035e-02  -4.6551101e-02  -4.3995101e-01  -4.2411422e-03   3.0121043e-03   1.5291815e-03
  -7.7070085e-02  -4.1355786e-02  -4.6314512e-01  -4.3775448e-03   5.1101917e-03   1.8240629e-03
  -8.8267447e-02  -5.4831493e-02  -4.8880435e-01  -3.5665269e-03   4.1076821e-03   1.8364546e-03
  -1.0024286e-01  -4.8846606e-02  -4.9614284e-01  -4.2929150e-03   3.4532171e-03   2.0233057e-03
  -7.5707632e-02  -4.0854367e-02  -4.9077207e-01  -6.0278101e-03   4.2501783e-03   1.8011311e-03
  -1.0309510e-01  -3.4153801e-02  -4.7451717e-01  -3.1132867e-03   3.7553504e-03   2.0674852e-03
  -8.4713959e-02  -3.8077128e-02  -4.8137928e-01  -4.3032882e-03   3.6424396e-03   1.9639715e-03
  -8.6755693e-02  -7.4966727e-02  -4.8128627e-01  -1.9993029e-03   1.5430379e-03   1.6164476e-03
  -1.1723880e-01  -3.6516794e-02  -4.4941345e-01  -1.2293925e-03   5.1514633e-03   3.0663093e-03
  -1.1317303e-01  -4.2515992e-02  -3.9969036e-01  -2.7169901e-03   4.2880699e-03   2.4672814e-03
  -8.9798953e-02  -2.9795079e-02  -4.4213207e-01  -3.9324342e-03   3.6015851e-03   2.1197953e-03
  -8.9592862e-02  -1.5597043e-02  -3.9046132e-01  -3.8665063e-03   3.3867040e-03   2.0568452e-03
  -8.6066068e-02  -3.1949984e-02  -4.7666004e-01  -4.7150853e-03   3.5074601e-03   2.1118835e-03
  -8.7462853e-02  -2.5739590e-02  -4.4975931e-01  -4.8125036e-03   3.7407122e-03   1.9751985e-03
  -1.4299771e-01  -3.8386492e-02  -9.1543423e-01  -6.4705261e-03   4.8533918e-03   3.0663639e-03
  -1.4872706e-01  -9.6173873e-02  -2.3120545e-01   3.0512683e-03   6.4833326e-03   3.2083689e-03
  -1.3514126e-01  -1.3888074e-01   5.4987384e-02   6.3487751e-03   6.6235456e-03   2.8678946e-03
  -1.0391089e-01  -3.5605905e-02  -1.7267498e-01   2.5851164e-03   5.7144708e-03   2.0968790e-03
  -8.8308208e-02  -7.6409667e-02  -3.4178193e-01   5.1931965e-04   5.8218412e-03   2.2483239e-03
  -1.0087489e-01  -3.6314799e-02  -4.1039777e-01   2.3270756e-03   4.7591758e-03   2.1439854e-03
  -9.3364675e-02  -4.8208080e-02  -3.9651828e-01  -6.0196239e-04   4.4596414e-03   1.9779999e-03
  -9.0718008e-02  -5.6745596e-02  -4.6317660e-01  -2.3783649e-04   6.3507544e-03   1.9596202e-03
  -1.7238668e-01  -1.2242850e-02  -6.5764628e-01   2.1847752e-03   1.0773778e-02   3.8913561e-03
  -2.2711815e-01  -1.8615021e-01  -1.2635968e+00  -7.0075305e-03   1.6059577e-02   5.9419432e-03
  -1.9296794e-01  -1.6419407e-01  -1.1581304e+00  -6.2866892e-03   9.2016483e-03   4.3103748e-03
  -1.5332610e-01  -1.5608384e-01  -1.0053123e+00  -6.9737091e-03   7.8197345e-03   3.5994673e-03
  -6.9744410e-02  -1.3024291e-01  -8.3779429e-01  -6.9140154e-03   8.0933714e-03   2.7517942e-03
  -1.1506493e-01  -6.4774762e-02  -6.6638990e-01  -4.3272270e-03   5.5815160e-03   2.7399912e-03
  -8.9789336e-02  -7.8933297e-02  -5.6138829e-01  -2.7907902e-03   5.1714912e-03   2.3042710e-03
  -8.6952708e-02  -8.0711801e-02  -6.4162469e-01  -3.8579723e-03   5.2181944e-03   2.3784666e-03
  -7.8190960e-02  -7.5525217e-02  -6.0603117e-01  -4.2336635e-03   4.9930255e-03   1.9293891e-03
  -8.9960756e-02  -7.7624405e-02  -6.0075398e-01  -2.3246635e-03   6.3761362e-03   2.3653877e-03
  -1.0026757e-01  -6.5945787e-02  -5.8193356e-01  -3.6506605e-03   6.4770304e-03   2.4456776e-03
  -9.7500653e-02  -9.1281109e-02  -5.5929339e-01  -3.0282349e-03   6.5623827e-03   2.5471821e-03
  -1.1473581e-01  -6.6574883e-02  -4.8014163e-01  -1.5020713e-03   5.6139250e-03   2.6182008e-03
  -9.6133696e-02  -6.9188511e-02  -4.5796559e-01  -1.7602575e-03   4.4309663e-03   2.1249183e-03
  -9.2372072e-02  -6.5543430e-02  -4.5381279e-01  -2.9955620e-03   4.3428412e-03   2.0483073e-03
  -7.5535437e-02  -6.8820333e-02  -4.2766051e-01  -2.4771067e-03   4.0282641e-03   2.0655176e-03
  -8.8570604e-02  -1.3207421e-02  -4.4349553e-01  -1.9040490e-03   5.2396555e-03   2.2912009e-03
  -9.5938567e-02  -6.4188899e-02  -4.3682040e-01  -2.9314464e-03   5.6428985e-03   2.4110730e-03
  -1.9039744e-01  -5.3635842e-02  -3.3161708e-01  -2.4096403e-03   9.4398752e-03   4.6638445e-03
  -1.4425576e-01  -1.3347276e-02  -2.1583389e-01  -7.5532551e-04   9.3269728e-03   3.7128432e-03
  -1.4545815e-01  -2.8165698e-02  -2.1585599e-01   7.1641369e-04   7.0890435e-03   3.0064775e-03
  -1.2733840e-01  -8.1965674e-03  -2.2996064e-01  -2.5785381e-03   6.4643813e-03   2.7292499e-03
  -1.0569175e-01  -3.7371658e-02  -2.2090392e-01  -1.0595731e-03   5.7334203e-03   2.1806709e-03
  -1.0686670e-01  -3.4170664e-02  -2.1898231e-01  -1.2516854e-04   4.8730289e-03   2.3931838e-03
  -1.3653902e-01  -1.8483705e-02  -8.6764132e-02   8.3038530e-04   6.6179217e-03   2.6705456e-03
  -8.9129850e-02  -2.0081479e-01  -1.0186874e+00  -1.7731500e-02   1.3605410e-02   3.1788539e-03
  -1.7658460e-01  -1.6474556e-01  -9.2492547e-01  -1.2743220e-02   5.0575874e-03   3.5738849e-03
  -1.6221716e-01  -1.1572496e-01  -6.7897525e-01  -8.4173198e-03   5.5619042e-03   3.2636038e-03
  -1.4308631e-01  -1.1993058e-01  -5.8928043e-01  -8.4381726e-03   6.1226858e-03   2.9802454e-03
  -1.6452160e-01  -1.0965103e-01  -2.0689490e-01  -4.4063709e-03   7.5779856e-03   3.6263510e-03
  -1.5139466e-01  -1.0773262e-01  -2.7319591e-01  -5.3538751e-03   6.3409758e-03   3.7732361e-03
  -1.2501977e-01  -2.6712351e-01  -1.1579121e+00  -1.7281368e-02   5.1879471e-03   3.0791322e-03
  -1.0750744e-01  -1.4177220e-01  -7.0711017e-01  -1.2894427e-02   9.2118796e-03   2.3598418e-03
  -1.0648268e-01  -8.3072991e-02  -6.0593592e-01  -7.0149025e-03   6.1947749e-03   2.3890597e-03
  -9.6089838e-02  -1.0510617e-01  -5.5025587e-01  -6.6503352e-03   5.8081922e-03   2.1364976e-03
  -7.9413970e-02  -1.0192882e-01  -4.5962628e-01  -4.8861568e-03   6.0219120e-03   1.9242365e-03
  -1.2127574e-01  -7.8988004e-02  -6.4402536e-01  -1.1804095e-04   6.1000767e-03   1.7815270e-03
  -1.0833273e-01   3.2733989e-01  -1.2418402e+00   3.5374425e-02   5.7949773e-03   3.3044215e-03
  -1.4531932e-01   3.2575900e-03  -5.6148764e+00   2.4231164e-02   4.8734315e-03   2.5528624e-03
  -7.6153079e-02  -4.4723552e-01  -7.5245624e+00  -4.6496573e-02   2.3286490e-03   3.8706966e-05
  -2.9123326e-01   9.0755774e-01   1.8807677e+00   8.1183860e-02  -3.3075904e-03   3.4889659e-03
  -5.7528857e-02  -4.4365311e-01  -5.7993708e+00  -5.3810550e-02   1.6870206e-03  -2.3703624e-03
  -3.2613801e-01   3.3936613e-01  -1.0410536e+00   1.7125823e-02  -1.8046017e-03   3.1093423e-03
  -5.0532265e-02  -2.8178535e-01  -1.1705819e+00  -2.9238936e-02  -7.9828023e-03  -1.4869813e-03
  -5.1168849e-03  -4.7273927e-01  -4.3847648e+00  -7.0829215e-02  -1.0683758e-04  -3.6433075e-03
  -3.2073787e-02  -1.3060418e-01  -6.3836965e-01  -4.2698959e-03  -8.5650441e-03  -2.8307409e-03
  -1.1495628e-02  -1.3626420e-01  -6.3434719e-01  -5.5385383e-03  -8.5486115e-03  -3.0708345e-03
  -1.1799828e-03  -1.6719553e-01  -5.3657476e-01  -4.7905323e-03  -8.2515696e-03  -3.0010724e-03
  -1.2217592e-02  -1.7593507e-01  -4.4776408e-01  -2.6984568e-03  -7.0222786e-03  -2.7883482e-03
  -3.6012647e-02  -1.3497525e-01  -3.1739073e-01  -1.0168841e-03  -7.3173864e-03  -2.4217127e-03
  -2.4887510e-02  -1.4750510e-01  -3.1000890e-01  -9.9566022e-04  -7.4462867e-03  -2.4630427e-03
  -5.5089611e-02   1.8241549e-01  -5.9832121e-01   2.1664828e-02  -9.5433961e-03  -1.9223233e-03
  -4.3037380e-02  -2.9670994e-01  -2.6404823e+00  -2.2490420e-02  -7.3275894e-03  -1.6650490e-03
  -7.0385783e-02  -2.5868349e-01  -1.3430417e+00   3.1604216e-03  -6.6657968e-03  -4.3198963e-04
  -3.4950752e-02  -2.6466869e-01  -1.1609014e+00   4.5241185e-03  -6.9832888e-03  -7.8661068e-04
  -6.8390515e-02  -2.2763343e-01  -1.2981042e+00   5.6642832e-03  -5.1270477e-03   8.4829151e-05
  -6.9890392e-02  -3.3561856e-01  -1.0703175e+00   9.3585085e-03  -4.3031991e-03   8.0196752e-04
  -4.2659400e-02  -2.4347856e-01  -1.0046102e+00   6.7745434e-03  -3.3457282e-03  -8.7279983e-04
  -6.2958202e-02  -2.7177761e-01  -1.3690003e+00   2.8888190e-03  -3.3797183e-03  -2.3699472e-04
  -5.5609475e-02  -2.2288991e-01  -1.5308257e+00   1.5210008e-03  -4.2902615e-03  -3.9492460e-04
  -5.6158950e-02  -2.3421345e-01  -1.5317246e+00  -8.2605214e-04  -3.8402025e-03  -5.1154661e-04
  -8.3518458e-02  -2.2576446e-01  -2.6805987e+00  -6.5980601e-03  -9.0383628e-04   5.0123485e-04
  -7.0391247e-02  -3.4731912e-01  -1.9380059e+00   9.4454545e-04  -9.7396708e-04   1.0433558e-03
  -6.5013450e-02  -3.8795091e-01  -1.6088896e+00   3.9674353e-03  -3.0939179e-03   1.1038384e-04
  -4.0385890e-02  -3.8340169e-01  -1.4360939e+00   6.3160565e-03  -1.6764283e-03  -1.4401979e-03
  -7.9414934e-02  -2.6087228e-01  -1.2985402e+00   6.8337864e-03  -3.2569741e-03   7.6176642e-04
  -5.0021291e-02  -3.6388682e-01  -1.6196594e+00   1.2111848e-03  -1.6512406e-03  -2.4606314e-04
  -4.1103998e-02  -3.7127121e-01  -1.4328171e+00   8.2194397e-03  -2.9503393e-03  -6.9722914e-04
  -3.2742988e-02  -2.0162441e-01  -2.7089170e-01   1.4714186e-03  -1.0910620e-02  -6.4866368e-05
  -1.0325872e-01  -3.3762532e-01  -1.3213081e-02   1.6738149e-02  -1.3796226e-02   2.3976636e-03
  -9.7345246e-02  -3.0700939e-01  -1.8630730e+00   8.7629837e-03  -4.4173294e-03   9.8614500e-04
  -9.0457400e-02  -3.0931677e-01  -1.7430063e+00   6.9192480e-03  -2.0696423e-03   1.0035704e-03
  -8.1366545e-02  -2.9478310e-01  -1.7506437e+00   5.3439722e-03  -1.4543767e-03   7.7998049e-04
  -4.3701678e-02  -2.7775860e-01  -1.7831429e+00   6.3980437e-03  -2.3626130e-03  -2.2035945e-04
  -5.4902654e-02  -2.9427233e-01  -1.3826080e+00   6.7996514e-03  -2.9270958e-03   3.8124360e-04
  -1.7905986e-02  -2.8513338e-01  -1.3201339e+00   6.2748208e-03  -2.2436802e-03   1.3697529e-04
  -6.1995604e-02  -3.6957333e-01  -8.9853432e-01   1.1882636e-02  -6.2526469e-03   3.3597082e-04
  -6.6075481e-02  -3.7071828e-01  -8.7360106e-01   8.4799064e-03  -6.0258194e-03   8.7079994e-04
  -4.9294439e-02  -2.9868169e-01  -1.3795624e+00   7.3284168e-03  -2.9754487e-03   8.4474719e-05
  -3.7647950e-02  -3.4773775e-01  -1.0950805e+00   8.5891096e-03  -3.0834638e-03  -5.7982802e-05
  -5.4693122e-03  -1.5231551e-01  -6.0952286e-01  -2.6293659e-03  -3.2608401e-03   1.1519800e-04
  -3.6152818e-02  -1.4657064e-01   1.4865110e-01   2.8850247e-03  -8.5667735e-03   3.2875320e-05
  -1.1076856e-01  -3.3811535e-01  -1.9871038e+00   6.6652346e-03  -8.8774886e-04   1.7947652e-03
  -1.1050637e-01  -2.6100978e-01  -1.7412823e+00   6.1690915e-03  -2.4876681e-03   1.3289969e-03
  -1.1247429e-01  -2.5648433e-01  -1.6267279e+00   5.3343223e-03  -2.3329986e-03   1.2106153e-03
  -7.7918489e-02  -2.5948098e-01  -1.5944555e+00   5.1855879e-03   4.1813309e-04   8.4862982e-04
  -5.7049498e-02  -2.4332369e-01  -1.6141196e+00   3.8167517e-03   3.0241500e-04   3.9693992e-04
  -5.5468278e-02  -2.3968702e-01  -1.6616844e+00   2.5601582e-03   4.7000591e-04   3.7893355e-04
  -5.4709214e-02  -2.6214149e-01  -1.6727010e+00   1.7687304e-03   8.8873969e-04   4.9637622e-04
  -5.5406713e-02  -2.1867988e-01  -1.6659632e+00   2.9926096e-04   7.9055597e-04   6.7012834e-04
  -1.2405096e-01  -2.6312342e-01  -1.8874789e+00   3.7045272e-03   1.0929097e-03   4.2763899e-04
  -6.0475493e-02  -3.2113535e-01  -1.6417498e+00   3.8364782e-03  -3.8773737e-04   8.2999909e-04
  -5.7527801e-02  -3.5160901e-01  -1.4595284e+00   5.1737458e-03   1.2891935e-03   6.2577376e-04
  -4.4907184e-02  -3.7435936e-01  -1.1489207e+00   7.6779008e-03   9.2348349e-04  -8.9286891e-04
  -3.3054114e-02  -3.6529253e-01  -1.1994018e+00   8.6055290e-03  -1.3912795e-03  -1.4286131e-03
  -4.6092260e-02  -3.5940968e-01  -1.1902666e+00   8.2449029e-03  -5.1096182e-04  -4.0719267e-04
  -1.0270994e-01  -3.1335882e-01  -1.6602039e+00   2.7454821e-03  -2.8570467e-04   1.1134643e-03
  -6.9119401e-02  -3.3142549e-01  -1.5772455e+00   3.7687587e-03   1.1327612e-03   5.9996087e-04
  -2.3879130e-02  -3.4430682e-01  -1.3418867e+00   3.9119329e-03   1.8129655e-03  -6.8225908e-05
  -5.9669731e-02  -3.5037691e-01  -1.0797134e+00   7.1876537e-03   6.3620260e-04   4.3547253e-04
  -3.1300907e-02  -3.9335260e-01  -1.0767882e+00   1.0072686e-02   1.5138603e-04  -5.5748182e-04
  -4.4689090e-02  -4.1402657e-01  -9.8354278e-01   1.0874425e-02   1.8045790e-04  -2.2226667e-03
  -6.1796502e-02  -4.4993020e-01  -9.2423258e-01   1.3016042e-02  -1.1623808e-03  -6.6379601e-05
  -1.2039592e-02  -1.1964550e-01  -3.1150917e-01  -7.5094698e-03  -4.0667216e-03  -5.6093092e-04
  -4.9264913e-02  -2.9841904e-01   4.7815127e-02   7.9208433e-03  -5.4433065e-03   4.8864994e-04
   2.9117363e-03  -3.9561281e-01  -1.4489212e+00   1.1329067e-02  -8.2348284e-04   1.0632151e-04
  -6.6979667e-02  -3.2633639e-01  -1.5619780e+00   7.1871335e-03  -4.7616465e-05   6.7853307e-04
  -8.3320125e-02  -3.4363117e-01  -1.5718709e+00   5.7480388e-03   8.3898074e-04   8.8759847e-04
  -6.7946041e-02  -3.3113024e-01  -1.5608165e+00   3.9687780e-03   1.9249178e-03   9.6731151e-04
  -8.6423371e-02  -3.2813958e-01  -1.6888369e+00   4.4188441e-03  -8.2298148e-04   6.1334190e-04
  -8.1050644e-02  -3.0244619e-01  -1.7011360e+00   4.4429497e-03   1.6532532e-03   8.0874475e-04
  -1.0435398e-01  -2.7636418e-01  -1.9096045e+00   4.0270399e-03   4.2591022e-03   1.3812195e-03
  -1.0665332e-01  -2.8628686e-01  -1.9143798e+00   1.1806970e-03   1.9651294e-03   1.1791088e-03
  -9.5918383e-02  -2.8833243e-01  -1.9109619e+00   2.9939501e-04   1.4099200e-03   8.7811036e-04
  -7.9193232e-02  -2.9737982e-01  -1.9085084e+00  -8.1499795e-04   1.1273462e-03   5.8891650e-04
  -7.7866092e-02  -2.7173224e-01  -1.8855372e+00  -1.2393998e-03   1.7388045e-03   5.5010561e-04
  -1.1073838e-01  -3.0455301e-01  -1.8479013e+00  -3.6157722e-03   4.4180481e-03   1.3639695e-03
  -1.3375238e-01  -3.2777367e-01  -2.3102344e+00  -8.3331605e-03   5.3274831e-03   2.2486771e-03
  -1.5971455e-01  -2.3892476e-01  -1.8295812e+00  -1.0742931e-03   6.2146441e-03   2.7057620e-03
  -1.1372473e-01  -2.8103616e-01  -1.7658545e+00  -3.5084494e-04   4.4338423e-03   1.7099396e-03
  -1.1780804e-01  -2.7717330e-01  -1.7489683e+00  -7.7508522e-04   3.8496108e-03   1.7217090e-03
  -9.4634711e-02  -3.2978012e-01  -1.7639235e+00  -2.0434529e-03   4.6525774e-03   1.2824281e-03
  -1.1076832e-01  -2.5582900e-01  -1.9344686e+00  -1.2728235e-03   3.7924619e-03   1.3534944e-03
  -1.1199299e-01  -2.3831856e-01  -1.8898690e+00  -9.0242005e-04   2.6659918e-03   9.9036811e-04
  -9.7078771e-02  -2.5882714e-01  -1.9907236e+00  -1.8473287e-03   2.6302176e-03   1.1923794e-03
  -1.0082997e-01  -2.2894880e-01  -1.8845769e+00  -2.4318102e-03   2.5389347e-03   8.3705102e-04
  -9.3453559e-02  -2.9308969e-01  -1.8261760e+00  -5.1999393e-03   5.7102256e-03   4.9942990e-04
  -1.4420802e-01  -2.1719733e-01  -1.7518308e+00   1.8197074e-03   4.2823190e-03   2.3652367e-03
  -1.2678956e-01  -2.0048193e-01  -1.7544141e+00   3.9713528e-04   2.8999950e-03   1.4173661e-03
  -1.0649507e-01  -2.4651506e-01  -1.7238494e+00   3.2720303e-04   2.9130578e-03   1.1957169e-03
  -1.4956164e-01  -2.2499040e-01  -1.9242019e+00  -1.3945228e-03   5.2975086e-03   2.7205406e-03
  -1.1202077e-01  -2.1675406e-01  -1.8735893e+00  -2.7457327e-03   3.0929659e-03   1.2906482e-03
  -7.8261882e-02  -2.1935879e-01  -1.8457813e+00  -2.3162702e-03   4.1800271e-03   1.3623153e-03
  -9.3844607e-02  -2.1845888e-01  -1.8074261e+00  -1.3857885e-03   4.0360301e-03   1.2845395e-03
  -1.2771746e-01  -2.2415858e-01  -1.7530341e+00   2.1553395e-05   3.1433277e-03   1.8460917e-03
  -1.1028070e-01  -2.4738226e-01  -1.7039465e+00   1.6197433e-03   3.0489985e-03   2.6299459e-03
  -1.2855613e-01  -2.4287251e-01  -1.7517079e+00   3.2803089e-03   3.8055010e-03   1.9159976e-03
  -1.3840394e-01  -1.8955522e-01  -1.6060273e+00   2.9119753e-03   3.4548741e-03   1.6727548e-03
  -1.2365311e-01  -1.9729288e-01  -1.6582365e+00  -5.8381431e-04   4.9425154e-03   2.3603003e-03
  -1.3415208e-01  -1.9151550e-01  -1.6595324e+00   4.0700605e-04   4.8177777e-03   1.9509325e-03
  -1.4411127e-01  -1.7800178e-01  -1.5148728e+00   3.2364898e-03   4.4476463e-03   2.7950783e-03
  -1.3543561e-01  -1.6858935e-01  -1.6582598e+00   2.9154872e-03   3.1720327e-03   1.9109408e-03
  -1.3142237e-01  -1.9239520e-01  -1.6243279e+00   2.3509255e-03   3.3764881e-03   1.7723884e-03
  -1.2583881e-01  -1.9834279e-01  -1.7048657e+00   1.8882676e-03   4.5534256e-03   1.4679319e-03
  -1.2884272e-01  -1.8928645e-01  -1.6983525e+00   1.3347544e-03   4.2269104e-03   1.3352611e-03
  -1.3270565e-01  -2.0036447e-01  -1.7065718e+00   7.4978212e-04   4.2931578e-03   1.4339624e-03
  -1.5802818e-01  -1.8226585e-01  -1.7065309e+00   4.4038115e-03   3.9305370e-03   2.2227362e-03
  -1.5627744e-01  -1.9967152e-01  -1.7410472e+00   9.3275444e-04   5.1389554e-03   1.9360649e-03
  -1.3985469e-01  -1.9294251e-01  -1.7372384e+00   6.2255009e-05   5.0230871e-03   1.8226616e-03
  -1.2370250e-01  -1.9982215e-01  -1.7141016e+00   5.2844466e-04   5.4726805e-03   1.6011474e-03
  -1.3142284e-01  -1.4954223e-01  -1.6551518e+00   3.1355095e-04   4.7104008e-03   1.7851718e-03
  -1.2897147e-01  -1.8330235e-01  -1.6742151e+00  -8.7953662e-04   4.9938324e-03   1.4631023e-03
  -1.2133136e-01  -1.8585525e-01  -1.6460584e+00  -8.1363171e-04   4.8388243e-03   1.3590600e-03
  -1.1275981e-01  -1.8715015e-01  -1.6454467e+00  -6.9190194e-05   6.1406618e-03   1.6389458e-03
  -1.3800436e-01  -2.1346296e-01  -1.6688855e+00   7.9525053e-05   4.9102956e-03   1.4375495e-03
  -1.4388725e-01  -1.9666604e-01  -1.6773441e+00  -1.6511548e-04   5.3273422e-03   1.8094868e-03
  -1.3997248e-01  -1.9900292e-01  -1.7156391e+00  -1.0407267e-03   5.0671976e-03   1.4562461e-03
  -1.5577229e-01  -2.1298494e-01  -1.7176910e+00  -1.3616682e-03   6.0854056e-03   2.4506689e-03
  -1.6408286e-01  -2.5319933e-01  -1.7822370e+00   9.6308579e-04   5.1384615e-03   2.2983451e-03
  -1.3257426e-01  -2.0634641e-01  -1.7954315e+00   3.3957186e-04   5.6400803e-03   2.0078839e-03
  -1.3370424e-01  -1.8531344e-01  -1.7231477e+00  -6.2818076e-05   5.4761186e-03   1.8200080e-03
  -1.2071397e-01  -1.9584866e-01  -1.6708272e+00  -2.4168340e-04   5.6802036e-03   1.7319732e-03
  -1.2714127e-01  -2.2776758e-01  -1.7894698e+00  -1.2687807e-03   5.4407072e-03   2.5180946e-03
  -1.2553635e-01  -1.8800002e-01  -1.6191506e+00  -1.3887856e-04   5.2556913e-03   1.7582444e-03
  -1.2867415e-01  -1.8911546e-01  -1.5947263e+00  -1.6638568e-05   5.1598270e-03   1.4278409e-03
  -1.2849066e-01  -1.8819199e-01  -1.6099556e+00   8.5757733e-04   4.7629754e-03   1.3843283e-03
  -1.0650703e-01  -1.9594482e-01  -1.7695589e+00  -2.8044523e-03   5.5735692e-03   1.4708628e-03
  -1.1445438e-01  -2.0155804e-01  -1.6709156e+00   2.4283294e-04   3.5518892e-03   1.0792953e-03
  -1.1535105e-01  -1.7785766e-01  -1.3572410e+00   3.7549900e-03   4.2134632e-03   1.2409016e-03
  -1.2440780e-01  -1.6670260e-01  -1.4322551e+00   1.9924921e-03   4.2814664e-03   1.1075532e-03
  -1.2672377e-01  -1.7723523e-01  -1.5032790e+00   3.1515154e-03   5.2941145e-03   1.1982088e-03
  -1.6322241e-01  -1.0110863e-01  -1.6120409e+00   1.0553864e-02   2.0764967e-03   3.3954894e-03
  -1.2534112e-01  -2.2172021e-01  -1.9141537e+00   1.0285665e-03   4.1630979e-03   2.0772671e-03
  -1.1819654e-01  -2.0277542e-01  -1.8564318e+00   4.7073393e-05   4.0086481e-03   1.7718649e-03
  -1.0978480e-01  -2.1202574e-01  -1.8224728e+00  -1.0249253e-03   4.5875217e-03   1.6737021e-03
  -9.9482955e-02  -2.1253608e-01  -1.8194295e+00  -6.4126838e-04   4.5519680e-03   1.4588490e-03
  -1.0070372e-01  -2.1551235e-01  -1.8021871e+00  -1.1704641e-03   4.4815445e-03   1.4843493e-03
  -1.0036529e-01  -1.9229996e-01  -1.7681641e+00  -1.4165792e-03   4.4069143e-03   1.5706333e-03
  -9.8007375e-02  -2.4446401e-01  -1.7646040e+00  -2.0195517e-03   3.1377345e-03   6.9540996e-04
  -7.4347866e-02  -2.1280917e-01  -1.5897497e+00   5.9441859e-04   4.7425745e-03   1.2606392e-03
  -8.4495850e-02  -1.9550040e-01  -1.6269783e+00  -1.2336907e-03   4.3216672e-03   1.2328111e-03
  -8.5387919e-02  -2.6633858e-01  -1.5668001e+00  -4.5992027e-03   7.5818432e-03   1.0260586e-03
  -1.2073202e-01  -1.6183892e-01  -1.6262386e+00   4.7108115e-03   9.0415663e-03   2.1762334e-03
  -1.3092335e-01  -1.8446926e-01  -1.6014430e+00   2.2142404e-03   8.0252786e-03   1.8271345e-03
  -9.6477292e-02  -1.9931702e-01  -1.5439562e+00  -4.3755885e-03   8.7381723e-03   1.0873793e-03
  -1.1582825e-01  -1.4163983e-01  -1.5087222e+00  -2.4177809e-04   8.6224102e-03   1.9738023e-03
  -1.2010752e-01  -1.5338259e-01  -1.5076260e+00   1.0771007e-03   7.3810494e-03   2.5476484e-03
  -1.4640696e-01  -1.2716598e-01  -1.5403250e+00  -1.5661810e-03   9.4401874e-03   3.6482665e-03
  -1.0341860e-01  -1.2555323e-01  -1.5091317e+00  -2.8063502e-04   1.0863029e-02   2.1755974e-03
  -1.2240580e-01  -1.5474091e-01  -1.5360090e+00   8.6504676e-04   8.9615336e-03   2.2070142e-03
  -9.9944919e-02  -1.8179142e-01  -1.5687289e+00   2.0350686e-03   9.0482297e-03   1.7372377e-03
  -1.1752411e-01  -1.8608390e-01  -1.5651587e+00   1.3675632e-03   8.2948987e-03   1.7483238e-03
  -1.2402248e-01  -2.1062943e-01  -1.5846176e+00  -5.5416045e-05   7.9924550e-03   1.3584138e-03
  -1.3795326e-01  -2.0489843e-01  -1.5699274e+00   2.5017087e-04   1.0489863e-02   1.4234555e-03
  -1.2531910e-01  -1.8865205e-01  -1.6199477e+00   5.3698400e-04   8.8334215e-03   1.6626673e-03
  -1.8897231e-01  -1.9812441e-01  -1.4936421e+00   1.4793920e-03   8.9206218e-03   2.8594182e-03
  -1.5594373e-01  -1.4333995e-01  -1.5363236e+00   1.1269476e-03   9.3197127e-03   2.1364472e-03
  -1.4336988e-01  -1.6788142e-01  -1.5241391e+00  -1.2486648e-04   8.7325784e-03   1.9069829e-03
  -1.3517391e-01  -1.9102260e-01  -1.5546765e+00  -5.3888637e-04   9.2249416e-03   1.7883774e-03
  -1.2989924e-01  -1.8711702e-01  -1.5654365e+00  -1.7029842e-03   8.9554404e-03   1.5943399e-03
  -1.8047331e-01  -1.7014698e-01  -1.6477214e+00   8.2609148e-04   9.4224661e-03   2.5315118e-03
  -1.3248532e-01  -1.5369170e-01  -1.7003502e+00  -2.3265767e-05   8.4540850e-03   2.0065852e-03
  -1.2693955e-01  -2.0555108e-01  -1.7566491e+00  -4.1321672e-04   7.2477584e-03   2.4661677e-03
  -1.1564203e-01  -1.6301288e-01  -1.6488333e+00   6.8851806e-05   6.6159287e-03   1.9842738e-03
  -9.7104396e-02  -1.6195696e-01  -1.6940465e+00   2.2775710e-04   6.6075614e-03   1.8454269e-03
  -1.0472155e-01  -1.3187946e-01  -1.5209971e+00   2.9748750e-03   5.7768665e-03   1.3241998e-03
  -2.1011033e-01  -1.9170122e-01  -1.4103434e+00   6.7272526e-03   8.7837007e-03   4.9173373e-03
  -1.2444059e-01  -1.7227337e-01  -1.6495532e+00   2.8676851e-03   5.5902419e-03   2.5696849e-03
  -1.4374555e-01  -2.0164104e-01  -1.5965142e+00   2.4293844e-03   5.6231302e-03   2.9077988e-03
  -1.2679210e-01  -2.0308688e-01  -1.5971685e+00   1.8829332e-03   5.1928401e-03   2.2880763e-03
  -1.0442068e-01  -2.1995834e-01  -1.6143817e+00   8.7075194e-04   5.4660259e-03   2.0210532e-03
  -1.1542056e-01  -1.9291392e-01  -1.6117756e+00   8.7716701e-04   5.4067754e-03   2.0973767e-03
  -1.0872854e-01  -1.9152970e-01  -1.6154453e+00   1.2537930e-03   5.0946242e-03   1.8072139e-03
  -1.0466639e-01  -1.9701309e-01  -1.6241150e+00   1.4011684e-03   5.1603585e-03   1.9784105e-03
  -1.1314167e-01  -2.1333191e-01  -1.6326968e+00   8.7649910e-04   5.0918860e-03   1.9401011e-03
  -9.7220812e-02  -2.0551656e-01  -1.6664790e+00   4.6030900e-04   4.6585975e-03   1.7205921e-03
  -1.1580197e-01  -1.9596171e-01  -1.7326903e+00   5.2962685e-04   5.5941424e-03   2.1445336e-03
  -1.3215711e-01  -2.1879659e-01  -1.7550140e+00   3.0781849e-03   5.7229477e-03   2.9234745e-03
  -1.2530131e-01  -1.9214062e-01  -1.7327238e+00   1.9230450e-03   6.0809412e-03   2.6274707e-03
  -1.1981813e-01  -1.9450581e-01  -1.7940185e+00   8.6663736e-04   5.8294773e-03   2.1784403e-03
  -1.1094519e-01  -2.2971691e-01  -1.7459456e+00   6.8055257e-04   6.1275357e-03   2.2618984e-03
  -1.0979452e-01  -2.0339566e-01  -1.7455267e+00   6.2795553e-04   7.2339145e-03   2.3317038e-03
  -1.0389856e-01  -2.0707892e-01  -1.9087832e+00  -1.8234736e-04   8.4027982e-03   2.3317191e-03
  -1.3379447e-01  -2.1182302e-01  -1.7075518e+00   2.5670897e-03   7.0207786e-03   2.7593752e-03
  -1.3644696e-01  -1.7089207e-01  -1.7002946e+00   7.2326503e-04   6.1328679e-03   2.7163834e-03
  -1.1294458e-01  -2.1970874e-01  -1.6961325e+00   4.6851300e-05   6.4067899e-03   1.8969976e-03
  -9.5901596e-02  -1.4631076e-01  -1.4599171e+00   2.8264813e-03   6.4123475e-03   1.7403991e-03
  -9.2007937e-02  -1.6145476e-01  -1.5371428e+00   2.4071078e-03   6.7925566e-03   1.6981215e-03
  -9.0499353e-02  -1.9791304e-01  -1.5367707e+00   1.3106431e-03   6.9455347e-03   1.7215483e-03
  -9.9108844e-02  -1.7304329e-01  -1.5784750e+00   1.8749712e-03   7.0086874e-03   2.0788554e-03
  -9.4603598e-02  -1.6157553e-01  -1.5565023e+00   1.5114435e-03   7.0839485e-03   1.9184789e-03
  -9.2595431e-02  -1.9375666e-01  -1.5618766e+00   9.1881135e-04   7.3602431e-03   1.9606057e-03
  -1.1223131e-01  -2.1568487e-01  -1.5646088e+00   1.7559769e-03   8.2521084e-03   2.3715509e-03
  -1.0423905e-01  -1.7668408e-01  -1.5583668e+00   1.0901608e-03   7.2641063e-03   2.1526527e-03
  -1.1223280e-01  -1.9199387e-01  -1.5567723e+00   9.8067882e-04   7.4776946e-03   2.3404996e-03
  -1.3655710e-01  -1.9851625e-01  -1.6111182e+00   2.6485553e-03   8.0442135e-03   2.3426116e-03
  -1.2369102e-01  -1.7680630e-01  -1.6816092e+00   3.8299461e-05   8.1145400e-03   2.3585907e-03
  -1.1935692e-01  -1.4258163e-01  -1.6045036e+00   2.7043289e-04   6.6191723e-03   1.8557168e-03
  -1.1366811e-01  -1.3701531e-01  -1.6627202e+00   7.6678695e-04   7.1030580e-03   2.0748756e-03
  -1.0575985e-01  -1.6271210e-01  -1.5484382e+00   1.8650970e-03   6.0200489e-03   2.1098858e-03
  -1.2164094e-01  -1.7317401e-01  -1.5461959e+00   3.4000022e-03   5.3644642e-03   2.3146746e-03
  -1.4094220e-01  -1.9056680e-01  -1.5616173e+00   3.0648017e-03   7.4185400e-03   3.3844488e-03
  -1.3494087e-01  -1.4676304e-01  -1.5642701e+00   3.4670396e-03   7.0151065e-03   2.7852647e-03
  -1.2740851e-01  -2.1422171e-01  -1.5433464e+00   3.3691057e-03   6.6175478e-03   2.8199820e-03
   2.3363312e-02   1.6512395e-03  -1.9870972e+00  -1.6202371e-02  -1.0959140e-02   3.0053029e-03
  -6.4728731e-03  -6.6238224e-02  -1.2194185e+00  -1.4768860e-02  -7.3955374e-03   2.7581435e-03
  -4.8418612e-02  -4.0661434e-02  -1.1129931e+00  -5.2473125e-03  -1.5792638e-03   1.4128985e-03
  -1.4085752e-01  -2.5116449e-02  -1.1843532e+00  -3.0214193e-03   3.5896262e-03   3.6764538e-03
  -1.3878553e-01  -1.1769122e-01  -1.2218626e+00  -6.0581592e-03   3.8875591e-03   3.4398401e-03
  -1.0855309e-01  -1.2522984e-01  -1.3787261e+00  -4.1750984e-03   7.3761214e-03   3.4274774e-03
  -1.2014177e-01  -1.1076542e-01  -1.3479480e+00  -4.8779656e-03   6.0780203e-03   2.7518806e-03
  -1.0659187e-01  -1.3623147e-01  -1.4083268e+00  -4.5883093e-03   5.7299469e-03   2.5146500e-03
  -9.2918649e-02  -1.5460259e-01  -1.3487875e+00  -6.4598916e-03   5.7972954e-03   2.1233147e-03
  -8.8296809e-02  -1.4519969e-01  -1.3506655e+00  -6.1354887e-03   6.2142911e-03   2.0476836e-03
  -1.2255893e-01  -6.2392196e-02  -1.5852162e+00   5.9122785e-04   5.2954204e-03   3.1702842e-03
  -1.1093834e-01  -1.8104849e-01  -1.9200384e+00  -8.4711883e-03   3.8723213e-03   2.0852815e-03
   5.4463744e-03   2.6974749e-03  -1.5729383e+00  -1.6839028e-02  -9.7120172e-03   3.4266354e-03
  -3.5044006e-02   3.1045725e-03  -1.4715000e+00  -1.4125166e-02  -5.2196983e-03   1.8504838e-03
  -2.0158232e-01  -2.9580158e-01  -1.9060206e+00  -3.2097665e-02   3.3869124e-03   1.6231363e-03
  -2.3322961e-01  -1.3591675e-01  -7.2370944e-01  -8.3759749e-03   7.7662333e-03   7.1911440e-03
  -2.2093432e-01  -1.2738149e-01  -5.7660813e-01  -7.1851160e-03   5.3901281e-03   6.5537401e-03
  -1.9786194e-01  -1.3426198e-01  -5.2545593e-01  -6.7036726e-03   4.7360960e-03   5.6086231e-03
  -1.6290261e-01  -7.4513021e-02  -4.5827392e-01  -1.0486448e-02   5.1649495e-03   5.2409323e-03
  -9.9766352e-02  -1.8658366e-01  -1.0649061e+00  -1.3084869e-02   1.5140069e-03   3.5592535e-03
  -9.2360546e-02  -1.8165686e-01  -9.5937927e-01  -1.1191202e-02   8.7879145e-04   3.3426509e-03
  -9.6971063e-02  -1.7221502e-01  -9.5518545e-01  -1.0989407e-02   8.4090649e-04   3.2554775e-03
  -8.7167052e-02  -2.0262534e-01  -9.5159369e-01  -1.0770996e-02   7.0182315e-04   3.0913994e-03
  -6.1812764e-02  -1.8504355e-01  -9.3809299e-01  -1.4807967e-02   6.7429595e-05   4.4902479e-03
  -3.5285871e-02  -1.3197771e-02  -4.5980912e-01  -1.7218341e-02  -7.2674658e-03   3.9478057e-03
  -2.8636528e-02  -4.8989445e-04  -4.2024230e-01  -1.5531223e-02  -5.0938385e-03   3.5173220e-03
  -1.4544959e-02  -4.8476528e-02  -5.4471822e-01  -1.7981167e-02  -4.5695242e-03   2.8175016e-03
  -3.4151174e-02  -1.6018170e-01  -8.7007932e-01  -9.9163442e-03   3.5712352e-03   3.6914415e-03
  -1.1131476e-01  -2.1190529e-01  -1.2949336e+00  -1.5516821e-02   7.0048196e-05   4.3985829e-03
  -7.9922881e-02  -2.3143013e-01  -1.2142808e+00  -1.3670650e-02  -2.4205635e-03   3.0423156e-03
  -3.6826815e-02  -2.3511665e-01  -1.2398869e+00  -1.4909345e-02  -2.0525262e-03   2.1361132e-03
   1.0952236e-02  -1.9715632e-01  -1.2031245e+00  -1.4092430e-02  -2.3558381e-03   1.5859955e-03
  -2.3607284e-02  -2.5709044e-01  -1.5142324e+00  -1.4378196e-02  -1.1070925e-03   4.7189130e-04
  -1.0916464e-01  -2.4710430e-01  -1.4565379e+00  -1.3661207e-02   2.6424565e-03   2.2188662e-03
  -6.4709345e-02  -2.7524972e-01  -1.5697037e+00  -1.4720687e-02   7.7446735e-04   1.0366651e-03
  -5.1210233e-02  -2.8995724e-01  -1.4987150e+00  -1.4519964e-02   1.1599714e-04   5.4072099e-04
  -2.4787554e-02  -2.6145281e-01  -1.5705127e+00  -1.5869800e-02  -1.8038789e-03   6.8211597e-04
  -6.3919347e-02  -2.3184024e-01  -1.4146956e+00  -1.3793393e-02  -2.5954327e-03   1.1000685e-03
  -5.3934936e-02  -2.1800931e-01  -1.4044342e+00  -1.4880519e-02  -4.1583326e-03   1.2793465e-03
  -4.7652925e-02  -2.1334191e-01  -1.3144988e+00  -1.3320823e-02  -2.8621402e-03   1.1935475e-03
  -4.2218622e-02  -2.2766584e-01  -1.4028583e+00  -1.2915883e-02  -3.3559525e-03   1.2511320e-03
  -4.4744959e-02  -2.1633641e-01  -1.5246853e+00  -1.5714262e-02  -2.3329952e-03   1.4179890e-03
  -4.3426133e-02  -1.9232809e-01  -1.5002415e+00  -1.4367436e-02  -2.2677176e-03   1.9716557e-03
  -4.8110408e-02  -1.9831452e-01  -1.4462445e+00  -1.1962791e-02  -7.2276865e-04   1.7564615e-03
  -7.3707663e-02  -2.1395572e-01  -1.3520319e+00  -1.2281868e-02  -8.4779791e-04   2.0262935e-03
   5.8661012e-03  -1.0462738e-01  -1.4171918e+00  -2.6759691e-02  -2.2499552e-03  -1.3534560e-03
   2.0571949e-02  -6.7620494e-02  -1.2301739e+00  -2.2082774e-02  -1.4717361e-02   2.7442716e-03
   1.8750728e-02  -2.2048509e-02  -9.2120178e-01  -1.4472897e-02  -1.3122194e-02   2.3742489e-03
   2.3117921e-02  -7.2773751e-02  -8.7980002e-01  -1.5214622e-02  -1.2221221e-02   2.1403225e-03
   2.1056048e-02  -5.3305318e-02  -9.9353193e-01  -1.4385071e-02  -9.5277980e-03   2.4077213e-03
   1.5506777e-02  -9.4122322e-02  -1.0805483e+00  -1.4866882e-02  -9.1456821e-03   2.4357973e-03
   1.2491549e-02  -1.0740830e-01  -1.0814896e+00  -1.4569531e-02  -8.8403932e-03   2.2535051e-03
   2.4567075e-02  -1.3146407e-01  -1.0368070e+00  -1.5346179e-02  -6.4064224e-03   1.9429862e-03
  -5.2720346e-03  -1.5226952e-01  -1.4922828e+00  -1.6123657e-02  -5.5795085e-03   2.1197122e-03
  -4.5428886e-02  -1.2568740e-01  -1.4679303e+00  -1.4513475e-02  -4.7427852e-03   2.9371207e-03
  -4.9154379e-02  -1.7244195e-01  -1.3792519e+00  -1.5627403e-02  -5.0113090e-03   2.0509256e-03
  -1.8310870e-04  -1.1606182e-01  -1.1052541e+00  -1.2240962e-02  -8.0587294e-03   2.3128892e-03
  -3.9922842e-02  -5.8081423e-02  -1.6297594e+00  -2.5099540e-02  -1.1953069e-02   2.5131479e-03
   2.5692415e-02  -1.9256669e-02  -1.2013572e+00  -1.0415758e-02  -1.1554965e-02   2.4507493e-03
   7.4116138e-03  -6.4328201e-02  -1.4971055e+00  -1.8333851e-02  -9.2512942e-03   2.6691611e-03
   1.4595770e-02  -1.0093844e-01  -1.4096937e+00  -1.8013341e-02  -9.4306645e-03   2.2226431e-03
  -1.2580124e-05  -1.0888095e-01  -1.3574340e+00  -1.7632782e-02  -9.2096558e-03   2.5534846e-03
   5.2938282e-03  -1.1567640e-01  -1.3332996e+00  -1.6752256e-02  -8.3927347e-03   2.3446364e-03
   2.4617888e-02  -9.3273248e-02  -1.3136407e+00  -1.7083896e-02  -8.0912067e-03   2.2907727e-03
  -4.9531129e-04  -1.1607094e-01  -1.3319264e+00  -1.6566330e-02  -7.7952835e-03   2.4720792e-03
  -1.8165091e-03  -1.1350740e-01  -1.3135871e+00  -1.6794114e-02  -7.3511951e-03   2.3338411e-03
  -4.5149315e-02  -1.5037146e-01  -1.5239900e+00  -1.7850914e-02  -6.6411058e-03   2.4760758e-03
  -1.2514365e-02  -7.9901154e-02  -1.4419480e+00  -1.5659092e-02  -6.6013272e-03   2.8506683e-03
  -3.3937973e-02  -1.4833537e-01  -1.5129515e+00  -1.5797338e-02  -5.9548004e-03   2.5589977e-03
  -4.0866645e-02  -1.2725167e-01  -1.4835431e+00  -1.6477303e-02  -6.1662444e-03   2.6855291e-03
  -1.2939118e-02  -1.3029713e-01  -1.4421832e+00  -1.5593442e-02  -5.7211332e-03   1.9120155e-03
  -3.3180808e-02  -9.8533747e-02  -1.3922985e+00  -1.3637931e-02  -5.3330306e-03   3.1425186e-03
  -6.6899846e-02  -1.2588736e-01  -1.5630238e+00  -1.6030861e-02  -5.0351509e-03   2.8144403e-03
  -3.1925939e-02  -1.4488606e-01  -1.5507172e+00  -1.7561836e-02  -4.8914321e-03   2.0238872e-03
  -6.7828734e-02  -1.2824063e-01  -1.5199820e+00  -1.3964648e-02  -4.3477762e-03   2.5772842e-03
  -4.2113047e-02  -1.8443868e-01  -1.5227774e+00  -1.5572798e-02  -5.1087273e-03   1.8267379e-03
  -2.3084124e-02  -1.1784390e-01  -1.3375305e+00  -1.3733205e-02  -5.8369351e-03   1.5604126e-03
  -3.3766917e-02  -1.4804224e-01  -1.3527899e+00  -1.3457488e-02  -5.0120767e-03   1.9924873e-03
  -2.2899123e-02  -1.6921207e-01  -1.4403718e+00  -1.4028150e-02  -4.8060546e-03   1.7682453e-03
  -2.6382556e-02  -1.5188483e-01  -1.4263096e+00  -1.4510084e-02  -4.9542083e-03   1.7011676e-03
  -2.5026182e-02  -1.3814248e-01  -1.4069696e+00  -1.4649498e-02  -4.6839137e-03   1.6893342e-03
  -3.8395727e-02  -1.4692694e-01  -1.4231596e+00  -1.4531421e-02  -4.9850807e-03   1.6980483e-03
  -3.2751720e-02  -1.4965336e-01  -1.4309923e+00  -1.4884634e-02  -5.1336303e-03   1.7918991e-03
  -3.7605015e-02  -1.2128062e-01  -1.4182845e+00  -1.5022719e-02  -3.2813016e-03   2.4164800e-03
  -4.2573633e-02  -1.1339688e-01  -1.4279972e+00  -1.4813243e-02  -3.4140584e-03   2.2264177e-03
  -8.5727736e-02  -8.2285566e-02  -1.4146907e+00  -1.3052925e-02  -3.0713071e-04   3.4090681e-03
  -7.5018139e-02  -1.1357684e-01  -1.4886395e+00  -1.5119976e-02  -1.0980831e-03   2.6633565e-03
  -7.1053347e-02  -1.2881717e-01  -1.4623963e+00  -1.5070876e-02  -9.1589543e-04   2.6099040e-03
  -4.0808651e-02  -1.2961746e-01  -1.3539668e+00  -1.2520079e-02  -1.8645497e-03   2.0984960e-03
  -4.0937361e-02  -1.2520245e-01  -1.3379838e+00  -1.3419980e-02  -2.4211553e-03   1.8574856e-03
  -3.9811681e-02  -1.3872260e-01  -1.3331827e+00  -1.3689536e-02  -2.8358956e-03   2.1740122e-03
  -5.3501399e-02  -1.0768394e-01  -1.4923666e+00  -1.4904445e-02  -1.5633404e-03   2.3085910e-03
  -4.6842291e-02  -1.3668682e-01  -1.4544960e+00  -1.4424051e-02  -3.3279714e-03   2.0846077e-03
   2.2161889e-02  -1.1372242e-02  -1.3563414e+00  -2.2457127e-02  -1.2716544e-02   2.5237894e-03
   2.9093716e-02  -3.7762536e-02  -9.6864680e-01  -1.6526985e-02  -1.0974983e-02   1.8137410e-03
   1.0340820e-02  -2.2782698e-02  -8.3127915e-01  -1.4721174e-02  -1.0021567e-02   1.9345244e-03
   1.3548462e-02  -1.8493092e-02  -8.9297416e-01  -1.2867700e-02  -7.7145171e-03   2.1057838e-03
  -2.4556885e-02  -5.1837945e-02  -1.0409801e+00  -1.4615032e-02  -6.6186316e-03   2.7552875e-03
  -4.2943094e-02  -5.9633265e-02  -1.1227256e+00  -1.4230656e-02  -6.4093587e-03   2.5533591e-03
  -6.4165634e-03  -8.8224272e-02  -1.1565446e+00  -1.5125950e-02  -6.2511066e-03   2.0165840e-03
  -3.1434515e-02  -7.0688342e-02  -1.2121689e+00  -1.5170518e-02  -5.7864646e-03   2.8290483e-03
  -2.5371493e-02  -8.6620963e-02  -1.1624796e+00  -1.4716672e-02  -6.9900300e-03   2.9588192e-03
  -1.9130619e-02  -6.3266073e-02  -1.3728871e+00  -1.5351970e-02  -6.1309910e-03   2.2864191e-03
  -1.9644437e-02  -6.7519331e-02  -1.3035263e+00  -1.4192305e-02  -6.2028453e-03   2.1957225e-03
  -9.0798240e-03  -4.8562603e-02  -1.3420134e+00  -1.3457067e-02  -5.8492164e-03   1.2888257e-03
   3.2858078e-02  -2.8931783e-02  -1.2340639e+00  -1.9403796e-02  -1.0274397e-02   2.0313327e-03
   4.3873791e-03  -5.7795771e-02  -1.0275732e+00  -1.4152475e-02  -7.2025218e-03   1.1031755e-03
   4.6364108e-02  -1.9498487e-01  -1.2714258e+00  -9.9117215e-03  -8.7022186e-03  -1.7441962e-03
  -5.7448665e-02  -1.6656001e-01  -1.2409362e+00  -1.1264725e-02  -3.1048650e-03   1.0424642e-03
  -5.5726576e-02  -1.8146983e-01  -1.1918353e+00  -9.9070523e-03  -4.4082036e-03   9.4647764e-04
  -4.5810310e-02  -1.6403483e-01  -1.1581875e+00  -9.2281916e-03  -5.2442087e-03   6.5888230e-04
  -3.3033826e-02  -1.6343693e-01  -1.1520130e+00  -9.7064356e-03  -5.2344652e-03   5.7430895e-04
   2.9142677e-04  -1.9457927e-01  -1.1341998e+00  -9.7878062e-03  -9.7718436e-03   2.6298833e-04
  -2.9592021e-02  -1.5961554e-01  -1.1210635e+00  -6.6454938e-03  -5.3775896e-03   1.6122404e-03
  -2.7414924e-02  -1.6414852e-01  -1.2659911e+00  -1.0446834e-02  -5.7341288e-03   1.3736721e-03
  -5.3545489e-03  -1.7009638e-01  -1.2554425e+00  -1.1330396e-02  -6.0272160e-03   7.7992950e-04
   1.8142405e-02  -5.7831193e-02  -1.4422376e+00  -2.0515808e-02  -1.4362958e-02   1.8214977e-03
  -8.3667770e-03  -7.2987035e-02  -1.2443805e+00  -1.3500353e-02  -7.9076398e-03   1.6241617e-03
  -2.0242128e-02  -5.7598344e-02  -1.3244091e+00  -1.2937908e-02  -6.6968231e-03   1.8343625e-03
  -1.2535916e-02  -1.0382689e-01  -1.2011510e+00  -1.1405245e-02  -6.3020680e-03   1.8537416e-03
  -9.5286288e-03  -1.0742481e-01  -1.1417060e+00  -1.0623422e-02  -6.2974844e-03   1.2119219e-03
   1.6478940e-03  -8.0071666e-02  -1.1459850e+00  -9.7055175e-03  -6.0110387e-03   1.1099515e-03
   6.3251081e-03  -9.9496414e-02  -1.0647385e+00  -9.1720407e-03  -6.6885144e-03   1.2999922e-03
  -2.4832342e-04  -8.2694985e-02  -1.0392325e+00  -9.8213043e-03  -7.1569518e-03   1.2237944e-03
   4.9539122e-03  -8.3437690e-02  -1.0624751e+00  -1.0414119e-02  -7.1271845e-03   1.2058504e-03
  -1.9087127e-03  -1.0435546e-01  -1.0826508e+00  -9.9073857e-03  -6.1973417e-03   1.4550005e-03
   1.6453649e-02  -9.7945344e-02  -1.0522960e+00  -1.0487437e-02  -7.9074786e-03   1.1403802e-03
   1.5952954e-02  -1.5401622e-02  -1.2110305e+00  -1.7672071e-02  -1.4204105e-02   2.6008782e-03
   1.5335546e-02   3.9626955e-03  -1.1164920e+00  -1.6321651e-02  -1.4253213e-02   2.7964724e-03
   3.3314679e-02  -3.0363897e-02  -1.0779812e+00  -1.3645547e-02  -1.4452460e-02   2.2307487e-03
   2.8865532e-02  -2.8956444e-02  -9.8793645e-01  -1.2108063e-02  -1.0277882e-02   1.9063236e-03
  -3.4152487e-02  -1.0283996e-01  -1.2182891e+00  -1.1843246e-02  -6.7732047e-03   3.0211864e-03
  -2.3788019e-03  -1.2788521e-01  -1.4529016e+00  -1.3358959e-02  -8.0102558e-03   2.3335850e-03
   3.6578321e-03  -1.1406476e-01  -1.1954818e+00  -1.2203710e-02  -7.1754928e-03   2.0469706e-03
  -7.2522162e-03  -1.3374447e-01  -1.1911758e+00  -1.2934884e-02  -5.9873558e-03   1.7712889e-03
  -3.0878946e-02  -1.2712943e-01  -1.2627167e+00  -1.2239112e-02  -4.8022051e-03   1.9862575e-03
  -4.7081707e-02  -1.1499584e-01  -1.4604058e+00  -1.4263097e-02  -5.5727951e-03   2.4745593e-03
  -3.8361571e-02  -1.3248982e-01  -1.3791453e+00  -1.2304533e-02  -4.6642813e-03   1.9986673e-03
   3.0134048e-02  -2.6703818e-02  -1.4447586e+00  -1.9771736e-02  -5.6496541e-03  -2.7021964e-03
  -7.3539482e-03  -9.9093771e-02  -1.3801719e+00  -1.9299755e-02  -1.0500280e-02   3.2227143e-03
  -4.9045055e-02  -1.5599770e-02  -9.8983168e-01  -1.1317398e-02  -7.6374187e-03   3.6448946e-03
  -3.2656301e-02  -5.7724566e-02  -9.9773917e-01  -1.1016222e-02  -8.0838821e-03   3.0975678e-03
  -2.7858790e-02  -3.9717606e-02  -1.0538622e+00  -1.1911423e-02  -7.5503125e-03   2.7825368e-03
  -2.4515320e-02  -8.7248256e-02  -1.1206490e+00  -1.2233921e-02  -7.6441065e-03   2.6451933e-03
  -6.5651221e-02  -1.9728397e-01  -1.6107566e+00  -1.1082378e-02  -5.7725204e-03   1.0103170e-03
  -5.3351002e-02  -1.5310068e-01  -1.3877312e+00  -9.1565259e-03  -4.3888641e-03   9.1888423e-04
  -5.6278390e-02  -1.8063818e-01  -1.3543126e+00  -9.6344646e-03  -5.1693533e-03   7.3135367e-04
  -8.3846586e-02  -1.7702973e-01  -1.3608559e+00  -7.7936387e-03  -3.1590916e-03   1.6915159e-03
  -8.6244657e-02  -1.7498722e-01  -1.3442634e+00  -7.3815460e-03  -3.3918542e-03   1.5222930e-03
  -6.3799838e-02  -1.6555054e-01  -1.3304112e+00  -7.2660967e-03  -3.8883788e-03   1.0817926e-03
  -2.4085552e-02  -1.2540984e-01  -1.1861761e+00  -1.2496538e-02  -9.0084581e-03   2.3571134e-03
  -2.6991084e-02  -5.3623303e-02  -1.0885306e+00  -5.9478641e-03  -9.7682129e-03   2.3452531e-03
  -4.4378641e-03  -1.0126791e-01  -9.7065641e-01  -5.6372344e-03  -6.0261340e-03   2.1379212e-03
  -1.3383407e-01  -1.3430603e-01  -1.2608925e+00  -5.8013748e-03  -2.2709633e-03   3.9884638e-03
  -8.8227341e-02  -1.3496355e-01  -1.2849006e+00  -7.0547226e-03  -3.9573435e-03   3.0581946e-03
  -6.4191522e-02  -1.4708397e-01  -1.2914224e+00  -8.0971672e-03  -4.2865216e-03   2.6941080e-03
  -6.2563998e-02  -1.5253186e-01  -1.2805938e+00  -6.7347263e-03  -4.6762495e-03   2.4330356e-03
  -5.6401028e-02  -1.5515911e-01  -1.3339211e+00  -7.7502972e-03  -3.7946296e-03   2.4125147e-03
  -5.6350572e-02  -2.9213083e-01  -1.2562669e+00  -7.5292144e-03  -4.9169521e-04   3.2817971e-03
  -1.2756157e-01  -1.7172884e-01  -1.1465276e+00  -1.6070323e-03   5.1815134e-03   3.7240045e-03
  -1.8692586e-01  -2.3872742e-01  -1.9363182e+00  -1.1025604e-02   1.9511845e-03   4.6248698e-03
  -1.0205464e-01  -2.2251564e-01  -1.4919012e+00  -4.9182595e-03  -1.0968475e-03   3.0972952e-03
  -6.6776556e-02  -1.8677744e-01  -1.5425715e+00  -7.8390322e-03  -2.9499763e-03   2.9665521e-03
  -6.9256897e-02  -1.9122227e-01  -1.4539223e+00  -7.7218640e-03  -3.1691475e-03   3.0681830e-03
  -6.1031053e-02  -1.8860293e-01  -1.5406303e+00  -6.5789285e-03  -2.6156879e-03   3.0421732e-03
  -7.0677756e-02  -1.6856847e-01  -1.4844617e+00  -5.8154652e-03  -2.9543029e-03   2.8538168e-03
  -4.2224850e-02  -1.5928583e-01  -1.5286804e+00  -1.3642966e-02  -1.6540156e-03   2.3782028e-03
  -4.9067796e-02  -1.6771185e-01  -1.5221061e+00  -7.9912279e-03  -3.5423415e-03   2.4909802e-03
  -5.1808700e-02  -1.8788430e-01  -1.5118467e+00  -8.3758507e-03  -3.3236078e-03   2.4057315e-03
  -4.2167353e-02  -1.6774948e-01  -1.5068753e+00  -9.0149008e-03  -3.7721967e-03   2.2723065e-03
  -6.1537740e-02  -2.0375576e-01  -1.5148058e+00  -8.5497795e-03  -3.8604007e-03   2.3955022e-03
  -6.0635316e-02  -1.9022378e-01  -1.5217190e+00  -8.3923799e-03  -4.0602532e-03   2.5693585e-03
  -5.6339614e-02  -1.9734963e-01  -1.5138553e+00  -8.6290984e-03  -4.4692122e-03   2.2819948e-03
  -4.6965321e-02  -7.1499545e-02  -1.7334062e+00  -1.8995177e-02  -1.3833246e-02   4.8708405e-03
  -1.5173844e-02  -3.5133114e-02  -1.5106975e+00  -1.5934491e-02  -1.3034024e-02   4.6516666e-03
  -3.4471520e-02  -6.7328144e-02  -1.5004576e+00  -1.4413701e-02  -1.0708875e-02   4.2858438e-03
  -8.8232267e-03  -7.9696518e-02  -1.5504064e+00  -1.1293219e-02  -8.5126031e-03   3.6415357e-03
  -3.9086155e-02  -8.6622164e-02  -1.4997018e+00  -1.3023157e-02  -7.3300876e-03   3.8425710e-03
  -1.6425919e-02  -1.3710599e-01  -1.5342923e+00  -1.4626484e-02  -6.7107453e-03   3.3210781e-03
  -4.0276268e-02  -8.9879367e-02  -1.4024119e+00  -1.1745327e-02  -6.1082103e-03   3.7639905e-03
  -5.1652237e-02  -1.0263147e-01  -1.4008445e+00  -1.1362956e-02  -6.5132209e-03   3.4807045e-03
  -4.6929438e-02  -1.0492575e-01  -1.4056655e+00  -1.1379976e-02  -5.6806036e-03   3.4942299e-03
  -5.2492933e-02  -1.1822189e-01  -1.4368871e+00  -1.4048793e-02  -5.2790731e-03   3.5472745e-03
  -6.2131222e-02  -1.2469489e-01  -1.5045480e+00  -1.2859823e-02  -3.7021636e-03   3.7863928e-03
  -5.2631234e-02  -1.3578554e-01  -1.5046652e+00  -1.2432317e-02  -3.6412077e-03   3.4785687e-03
  -2.6867468e-03  -8.1279569e-02  -1.6485195e+00  -1.8415888e-02  -1.2471472e-02   4.1340929e-03
  -3.7483062e-02  -1.5552537e-01  -1.3643939e+00  -1.3905991e-02  -8.6738572e-03   1.6321614e-03
  -1.0302919e-01  -1.3619824e-01  -1.4141688e+00  -7.0238710e-03  -3.6705767e-03   3.5010074e-03
  -1.0159295e-01  -1.8068261e-01  -1.3999429e+00  -9.1119688e-03  -4.2812204e-03   2.8505994e-03
  -1.0361746e-01  -1.7810439e-01  -1.5029703e+00  -8.4015785e-03  -1.8747809e-03   3.2807198e-03
  -9.3260342e-02  -1.6863715e-01  -1.4633170e+00  -9.3571004e-03  -2.2035547e-03   2.5624792e-03
  -8.5196388e-02  -1.8692248e-01  -1.4532643e+00  -9.4505294e-03  -1.8902522e-03   2.2869217e-03
  -8.6071098e-02  -1.7732472e-01  -1.4328447e+00  -8.7971813e-03  -1.8185792e-03   2.0703935e-03
  -8.2574186e-02  -2.0026019e-01  -1.4764721e+00  -1.0253529e-02  -2.3410134e-03   1.7152642e-03
  -8.1895941e-02  -1.9908532e-01  -1.4488981e+00  -9.1164682e-03  -1.9789874e-03   1.9353440e-03
  -8.4574333e-02  -1.6155693e-01  -1.4343739e+00  -9.1250446e-03  -2.1805145e-03   1.9991777e-03
  -9.2803399e-02  -2.0633085e-01  -1.4370522e+00  -7.1552978e-03  -1.1117899e-03   2.0614309e-03
  -1.0425723e-01  -1.8824058e-01  -1.4859522e+00  -8.9722657e-03  -7.9041844e-04   2.5430298e-03
  -9.6749889e-02  -1.7631575e-01  -1.5148124e+00  -8.8539337e-03  -1.5243319e-03   2.2245390e-03
  -8.6158370e-02  -2.0311599e-01  -1.5128101e+00  -8.9502057e-03  -8.9541785e-04   2.0457614e-03
  -9.0049249e-02  -1.5518200e-01  -1.4900067e+00  -9.2801289e-03  -7.4852550e-04   2.2891054e-03
  -8.2819986e-02  -1.7675354e-01  -1.5024629e+00  -9.1437925e-03  -9.5167187e-04   2.2782181e-03
  -8.6861937e-02  -2.0816791e-01  -1.5955762e+00  -9.9715556e-03  -1.1129795e-03   2.0784722e-03
  -8.4758819e-02  -1.8418222e-01  -1.5340600e+00  -9.3101331e-03  -1.0799463e-03   2.1158160e-03
  -9.5665589e-02  -2.2260289e-01  -1.5214667e+00  -9.7327497e-03  -9.7647270e-04   2.1814522e-03
  -9.1643464e-02  -1.8850437e-01  -1.5874695e+00  -8.9493075e-03  -8.7217315e-05   2.5119994e-03
  -7.9550165e-02  -1.8855142e-01  -1.5225215e+00  -9.2621918e-03  -8.7768163e-04   2.0772959e-03
  -8.5305773e-02  -1.9145150e-01  -1.5409858e+00  -1.0255125e-02  -1.1266902e-03   2.0043748e-03
   1.0924673e-02  -6.6781483e-02  -1.5056178e+00  -1.7480685e-02  -1.1386211e-02   3.3071226e-03
  -6.6811900e-02  -9.5309653e-03  -9.9982464e-01  -1.1180821e-03  -6.7575162e-03   3.6189168e-03
  -1.3276543e-02  -6.2455577e-02  -1.2210365e+00  -7.8271475e-03  -1.0376317e-02   1.9398022e-03
  -1.2499144e-02  -1.0278292e-01  -1.0864626e+00  -5.9480461e-03  -8.6694653e-03   2.1312588e-03
  -1.8056985e-02  -1.1164077e-01  -1.0917725e+00  -5.8276680e-03  -7.9908296e-03   2.1953387e-03
  -1.5219230e-02  -1.0707384e-01  -1.0898143e+00  -5.9482117e-03  -8.8025240e-03   1.9602408e-03
  -1.5623750e-02  -1.0146182e-01  -1.0756662e+00  -7.0572614e-03  -8.3061535e-03   1.9437709e-03
  -6.1833709e-02  -9.0711287e-02  -1.2463436e+00  -8.1296566e-03  -5.1010047e-03   3.8066101e-03
  -4.8100115e-02  -6.5543253e-02  -1.1799948e+00  -6.6726465e-03  -5.7458380e-03   2.8438672e-03
  -4.3304325e-02  -8.8912139e-02  -1.1920377e+00  -6.9420018e-03  -5.4579345e-03   2.6234517e-03
  -5.1834746e-02  -1.0569148e-01  -1.1584535e+00  -6.7470295e-03  -5.4611995e-03   2.8257519e-03
  -4.0833943e-02  -3.7918944e-03  -1.3403127e+00  -1.4097234e-02  -1.3013597e-02   4.2204544e-03
  -3.1355945e-02  -1.7190193e-01  -1.0892110e+00  -3.7004444e-03  -2.7532887e-03   3.7599613e-04
  -9.8568777e-02  -2.0281751e-01  -1.2452876e+00  -6.3944964e-03   2.8086707e-03   3.0782750e-03
  -1.5218933e-01  -1.7127629e-01  -1.1083731e+00  -3.4955299e-03   3.0819988e-03   3.7393974e-03
  -1.2933198e-01  -1.7998281e-01  -1.0975747e+00  -1.9151361e-03   2.5643311e-03   2.8439088e-03
  -1.0746031e-01  -2.1985354e-01  -1.1479407e+00  -3.2973703e-03   2.3321479e-03   2.7483529e-03
  -9.3894171e-02  -2.0364849e-01  -1.1794240e+00  -4.0847739e-03   2.4936417e-03   2.3215310e-03
  -9.1038753e-02  -2.4450882e-01  -1.2319314e+00  -3.5623168e-03   3.0106072e-03   2.3744838e-03
  -8.8264489e-02  -1.9426144e-01  -1.2247861e+00  -3.9764387e-03   2.4634379e-03   2.2554583e-03
  -8.8188832e-02  -2.0298668e-01  -1.1880079e+00  -4.3290197e-03   4.2857290e-03   2.1724201e-03
  -1.0429682e-01  -2.2505447e-01  -1.2139702e+00  -3.2452162e-03   3.3009121e-03   2.6256226e-03
  -1.0613083e-01  -2.1962247e-01  -1.2185714e+00  -4.9782108e-03   3.2121148e-03   2.4060951e-03
  -4.8504398e-02  -4.8252099e-02  -1.5130569e+00  -1.3658003e-02  -1.1298719e-02   4.8796161e-03
  -3.7273798e-02  -6.8550819e-02  -1.3836836e+00  -1.2493212e-02  -7.5182733e-03   3.9380245e-03
  -1.4300192e-02  -1.1674854e-01  -1.3999870e+00  -8.8873013e-03  -5.7600432e-03   2.6004864e-03
  -1.6701098e-02  -1.4210491e-01  -1.3519008e+00  -6.4868037e-03  -4.3825274e-03   2.5404680e-03
   1.6770617e-02  -9.0406842e-02  -1.4139992e+00  -8.0618100e-03  -6.2784524e-03   2.8111545e-03
  -4.5161721e-02  -1.5248264e-01  -1.3792619e+00  -4.8214559e-03  -4.8412090e-03   3.6673555e-03
  -3.9631583e-02  -1.3897648e-01  -1.4073652e+00  -7.2914225e-03  -4.2827044e-03   3.3168717e-03
  -3.4930731e-02  -1.3822408e-01  -1.4392081e+00  -9.0337045e-03  -4.9292949e-03   3.4391508e-03
  -5.3144191e-02  -1.5573142e-01  -1.6950875e+00  -7.3670495e-03   8.3120373e-05   3.2690913e-03
  -6.1532084e-02  -1.4058091e-01  -1.6061329e+00  -8.9768330e-03  -8.7717860e-04   3.2102352e-03
  -4.7355316e-02  -1.3345246e-01  -1.5821290e+00  -8.6981485e-03  -1.8416003e-03   2.9548071e-03
  -4.6907210e-02  -1.5289896e-01  -1.5305318e+00  -9.1592588e-03  -2.1994191e-03   2.8352691e-03
  -3.4288939e-02  -1.4625339e-01  -1.5224253e+00  -9.4024923e-03  -2.0980851e-03   2.7154863e-03
  -2.8982201e-02  -1.5468640e-01  -1.4981451e+00  -9.3445465e-03  -1.6660561e-03   2.4229240e-03
  -5.8305855e-02  -1.5189972e-01  -1.5436748e+00  -9.0026538e-03  -8.2931526e-04   2.7828911e-03
  -5.2002466e-02  -1.4428367e-01  -1.5120229e+00  -8.2812337e-03  -1.0779445e-03   2.8693905e-03
  -5.0890318e-02  -1.6214079e-01  -1.5243922e+00  -9.0576291e-03  -9.6599349e-04   2.9105014e-03
  -6.1443797e-02  -1.5352137e-01  -1.5137879e+00  -7.1334978e-03  -1.7824371e-04   3.0472780e-03
  -6.8659269e-02  -1.7521448e-01  -1.5693799e+00  -9.0852950e-03  -2.6829087e-04   2.9950382e-03
  -6.5510881e-02  -1.6554630e-01  -1.5883566e+00  -8.9543087e-03  -1.5774614e-03   2.9742266e-03
  -5.0830599e-02  -1.6160313e-01  -1.5606413e+00  -8.3193757e-03  -1.1446307e-03   2.9359731e-03
  -3.9129915e-02  -1.6445141e-01  -1.5705001e+00  -8.9555646e-03  -1.1294535e-03   2.6844008e-03
  -2.4027286e-02  -1.4471168e-01  -1.5729967e+00  -1.1405683e-02   1.0533275e-03   2.1876051e-03
  -6.0934295e-02  -1.3852883e-01  -1.5958221e+00  -7.7873010e-03  -1.8791171e-03   2.9079085e-03
  -5.0005812e-02  -1.4257518e-03  -1.7804889e+00  -1.6910316e-02  -1.1624233e-02   5.2390410e-03
   7.7693257e-03  -5.0469583e-02  -1.5090072e+00  -1.2430512e-02  -8.2529112e-03   4.1055206e-03
   1.0469586e-03  -7.5864428e-02  -1.4781422e+00  -1.2428053e-02  -6.2567975e-03   3.4046879e-03
  -1.4248528e-02  -1.2188560e-01  -1.5265732e+00  -1.0686296e-02  -7.0191188e-03   2.9516325e-03
   6.8241015e-03  -1.2020719e-01  -1.5144243e+00  -1.0545209e-02  -7.3644989e-03   2.3788981e-03
   1.4969413e-03  -1.4495743e-01  -1.4915742e+00  -9.9489866e-03  -5.9627335e-03   2.3297555e-03
  -3.7651261e-02  -1.1992434e-01  -1.5127510e+00  -1.1337152e-02  -5.7642944e-03   3.3361047e-03
  -9.3488693e-02  -1.7732756e-01  -1.8120172e+00  -8.8071673e-03  -1.0429385e-03   4.2961086e-03
  -8.9446611e-02  -9.7455930e-02  -1.7766994e+00  -9.7867499e-03  -1.8800111e-03   3.6545956e-03
  -8.0233716e-02  -1.4956896e-01  -1.7346526e+00  -1.1209613e-02  -2.1747006e-03   3.2997346e-03
  -5.2549102e-02  -1.2746501e-01  -1.6845483e+00  -1.0105271e-02  -2.7058932e-03   2.7944488e-03
  -6.4276718e-02  -1.4137611e-01  -1.6535335e+00  -9.6095693e-03  -2.8473817e-03   3.3181097e-03
  -4.3484146e-03  -3.9681952e-02  -1.5353548e+00  -1.3279821e-02  -1.1535577e-02   3.5215595e-03
   3.1342728e-03  -1.9253019e-01  -1.4694159e+00  -7.2175588e-03  -7.9182736e-03   1.5446076e-04
  -7.6816361e-03  -1.6761860e-01  -1.2598899e+00  -4.5161724e-03  -5.6996222e-03   6.0167940e-04
  -5.3602531e-02  -1.5099926e-01  -1.4366424e+00  -6.8026089e-03  -3.7269430e-03   1.6602257e-03
  -2.9927124e-02  -1.4582952e-01  -1.3937587e+00  -6.3762979e-03  -3.0397559e-03   1.1099265e-03
  -4.2154930e-02  -1.9411425e-01  -1.5020237e+00  -2.0855610e-03  -1.7056985e-03   1.3388369e-03
  -9.4689315e-02  -1.7926363e-01  -1.5690441e+00  -5.3399340e-03   2.7603393e-04   2.6487312e-03
  -9.4000706e-02  -1.5907968e-01  -1.6076270e+00  -6.7030974e-03  -1.5525018e-03   2.1824696e-03
  -7.1529236e-02  -1.7778693e-01  -1.5648962e+00  -7.2693794e-03  -1.9257780e-03   1.8019249e-03
  -5.3065265e-02  -1.4796037e-01  -1.5973390e+00  -1.0260019e-02  -1.0149953e-03   1.6125516e-03
  -5.9160245e-02  -1.8944464e-01  -1.6198177e+00  -7.7538203e-03  -2.5385101e-03   1.7869246e-03
   1.9972271e-02  -1.9909866e-02  -1.7739472e+00  -1.5523382e-02  -1.4621052e-02   4.3763094e-03
   1.7544437e-02  -3.7987732e-02  -1.6690701e+00  -1.3448233e-02  -1.2219550e-02   3.7208235e-03
   3.3976147e-02  -6.3067427e-02  -1.5591972e+00  -1.1092654e-02  -1.0535521e-02   3.1180326e-03
   1.6501735e-02  -9.2389921e-02  -1.6002604e+00  -1.1486269e-02  -8.9782129e-03   2.8531697e-03
   1.4632897e-02  -9.5870636e-02  -1.6357500e+00  -1.1267541e-02  -8.9348728e-03   2.5245854e-03
   3.0025606e-02  -1.1773587e-01  -1.6627561e+00  -1.1573920e-02  -8.1321465e-03   2.3849331e-03
   2.1415709e-02  -1.2350891e-01  -1.6245562e+00  -1.0836290e-02  -8.5828695e-03   2.2430468e-03
   1.9598920e-02  -1.1238445e-01  -1.6461993e+00  -1.1120712e-02  -7.9447973e-03   2.1957908e-03
   2.4228557e-02  -1.2557827e-01  -1.6621693e+00  -1.1053490e-02  -8.0087136e-03   2.3132888e-03
   1.0893629e-02  -1.3533577e-01  -1.7384142e+00  -1.2599842e-02  -6.0992000e-03   2.0514810e-03
  -9.7645049e-03  -1.0942504e-01  -1.6938547e+00  -1.1523502e-02  -5.8586660e-03   2.5216352e-03
  -2.1448763e-02  -1.0622790e-01  -1.7873811e+00  -1.1052684e-02  -6.9431211e-03   1.7864016e-03
  -4.2485048e-02  -1.6102718e-01  -1.5851881e+00  -6.3299449e-03  -7.9448171e-04   1.5007890e-03
  -3.6681742e-02  -2.0168899e-01  -1.5730304e+00  -4.9341376e-03  -1.3856573e-03   1.3913108e-03
  -2.6214426e-03  -1.1906995e-01  -1.5704881e+00  -4.3823504e-03  -4.6892097e-03   1.3220080e-03
  -1.6034222e-02  -1.9917739e-01  -1.6388684e+00  -6.2840440e-03  -5.1501868e-03   2.1895314e-03
  -1.6788074e-02  -1.9159980e-01  -1.6765327e+00  -6.1946561e-03  -4.7701366e-03   2.1992746e-03
  -1.3848016e-02  -1.7975862e-01  -1.7042436e+00  -8.4359269e-03  -5.1573490e-03   1.8939130e-03
  -5.9131587e-03  -1.7323245e-01  -1.7283234e+00  -8.8487561e-03  -5.5012948e-03   2.3536887e-03
  -2.6155592e-02  -1.6545472e-01  -1.7577634e+00  -7.6583053e-03  -3.7924982e-03   2.7386508e-03
  -5.9616205e-02  -1.0116202e-01  -1.7733505e+00  -6.8703862e-03  -3.3521841e-03   3.2257916e-03
  -1.9891567e-02  -1.4505269e-01  -1.8034694e+00  -9.5645345e-03  -3.6983456e-03   2.1939344e-03
  -2.0836836e-02  -1.4302650e-01  -1.7109080e+00  -9.0813305e-03  -4.4283414e-03   2.2785543e-03
   7.2396088e-02   4.4886048e-02  -1.9040543e+00  -1.7189698e-02  -1.6590363e-02   3.3672124e-03
   1.7025622e-02  -6.8809544e-02  -1.6815663e+00  -1.2188716e-02  -9.0278720e-03   3.0436596e-03
   6.5010940e-03  -9.8846253e-02  -1.6563797e+00  -1.1001280e-02  -8.1653706e-03   2.8758624e-03
   1.2885671e-02  -1.0713871e-01  -1.6480314e+00  -1.0040925e-02  -7.9834605e-03   2.7586264e-03
  -1.0247482e-02  -1.1605461e-01  -1.6647798e+00  -8.3372796e-03  -7.4922849e-03   2.7836952e-03
  -2.9519326e-02  -1.3840275e-01  -1.8070518e+00  -8.5394625e-03  -6.0242626e-03   3.2958955e-03
  -2.4479043e-02  -1.2399313e-01  -1.6676472e+00  -7.6355550e-03  -5.2533604e-03   2.9821313e-03
  -1.9358787e-02  -1.2797635e-01  -1.7079773e+00  -9.0255025e-03  -4.7016887e-03   2.3830307e-03
  -2.1146597e-02  -1.1394456e-01  -1.6373365e+00  -7.4924840e-03  -5.4048444e-03   2.4379127e-03
  -1.1588474e-02  -1.3228230e-01  -1.6306609e+00  -9.3171513e-03  -2.5943700e-03   1.8655192e-03
  -4.7823614e-02  -1.3048406e-01  -1.6013795e+00  -5.2213404e-03  -4.2293483e-03   2.8186381e-03
  -4.7840045e-03  -3.1240904e-02  -1.7082394e+00  -1.4423843e-02  -1.3090571e-02   5.5410359e-03
   2.7207535e-02  -5.7229737e-02  -1.6720288e+00  -1.0615696e-02  -9.6636254e-03   2.1271262e-03
  -6.4479152e-03  -6.8119815e-02  -1.6075515e+00  -8.1596740e-03  -7.0075890e-03   2.8134982e-03
  -1.2692968e-02  -1.1862276e-01  -1.5871189e+00  -8.2923985e-03  -6.4273852e-03   2.4651515e-03
  -7.2487965e-03  -1.2271178e-01  -1.6155538e+00  -8.0353714e-03  -6.4970373e-03   2.4697567e-03
  -4.9913402e-03  -1.4492438e-01  -1.6589007e+00  -9.2325867e-03  -6.4405914e-03   2.7178606e-03
  -6.1368889e-02  -1.4462946e-01  -1.7573393e+00  -9.4502993e-03  -3.9002017e-03   3.6925374e-03
  -6.0113990e-02  -1.4229453e-01  -1.7228100e+00  -9.3247391e-03  -4.0010081e-03   3.2459964e-03
  -3.9238968e-02  -1.1660929e-01  -1.7424259e+00  -9.5645181e-03  -4.4786952e-03   3.1301746e-03
  -3.9661670e-02  -1.4558155e-01  -1.7223532e+00  -1.0628534e-02  -3.6904944e-03   2.7122725e-03
  -1.3709075e-01  -2.3697600e-01  -1.7356651e+00  -5.7574883e-03   7.3454435e-04   5.0996864e-03
  -1.0982699e-01  -2.2211829e-01  -1.8305751e+00  -6.6149545e-03   2.7406766e-03   4.7787059e-03
  -1.5568413e-01  -1.7630153e-01  -1.8312533e+00  -8.5002861e-03   1.7310905e-03   5.0141003e-03
  -1.1870651e-01  -2.3847300e-01  -1.7377222e+00  -6.4553356e-03   3.9598467e-04   4.0050192e-03
  -1.0384593e-01  -2.1347556e-01  -1.7602185e+00  -8.0452910e-03   1.1042736e-03   3.1104263e-03
  -6.5900675e-02  -2.0866155e-01  -1.7863851e+00  -7.9353827e-03   6.2971741e-04   2.7823716e-03
  -6.0665892e-02  -2.0721203e-01  -1.7905974e+00  -7.4970904e-03   7.4463337e-04   2.4756204e-03
  -7.8306943e-02  -1.7425247e-01  -1.8562328e+00  -7.3525943e-03   9.2406754e-06   2.5964608e-03
  -6.2239828e-02  -1.8062936e-01  -1.8336057e+00  -9.4151126e-03   7.9060355e-04   2.3601255e-03
  -5.9360299e-02  -2.0743234e-01  -1.8332963e+00  -8.3090764e-03   1.1246073e-03   2.1654671e-03
  -5.8695714e-02  -1.9622899e-01  -1.8639316e+00  -6.5658135e-03   1.5147643e-03   2.3369424e-03
  -6.2157782e-02  -2.1480113e-01  -1.8338977e+00  -7.5636772e-03   1.0524720e-03   2.3593169e-03
  -6.5128379e-02  -2.0243240e-01  -1.8231047e+00  -8.4409511e-03   1.2395561e-03   2.3207026e-03
  -7.9328318e-02  -2.2364319e-01  -1.8451672e+00  -8.1346639e-03   1.5459641e-03   2.6641258e-03
   6.4724196e-02  -9.7460277e-03  -2.0970202e+00  -1.9942020e-02  -1.5338650e-02   5.3890035e-03
   9.0805974e-03  -9.4638627e-02  -1.9954331e+00  -1.4186169e-02  -7.7988075e-03   3.6896443e-03
   9.9254167e-03  -1.6525605e-01  -2.0759751e+00  -9.9444956e-03  -5.3083757e-03   3.5252640e-03
   5.0407398e-03  -1.3049292e-01  -1.8434971e+00  -8.6319205e-03  -6.7198369e-03   3.3519671e-03
  -1.6053430e-02  -1.4696837e-01  -1.8964436e+00  -6.8874082e-03  -3.9116900e-03   3.6320044e-03
  -2.9319172e-02  -1.3315627e-01  -1.8336281e+00  -8.1473482e-03  -3.2767860e-03   3.1747061e-03
  -2.7928598e-02  -1.9307454e-01  -1.8194026e+00  -6.8592199e-03  -2.8001459e-03   2.9281655e-03
  -2.6197646e-02  -1.6887497e-01  -1.8519816e+00  -8.3763416e-03  -2.6465270e-03   3.0634243e-03
  -4.5844569e-02  -1.8975956e-01  -1.9756074e+00  -7.8951739e-03  -1.8727465e-03   3.7592518e-03
  -4.8137211e-02  -1.4709880e-01  -1.9741425e+00  -1.0151268e-02  -2.7926370e-03   3.4528992e-03
  -5.2164062e-02  -1.5622213e-01  -1.9496230e+00  -9.9209093e-03  -3.4628517e-03   3.2150237e-03
  -2.6425134e-02  -1.4781736e-01  -1.9669064e+00  -1.0321134e-02  -3.9778194e-03   3.0234189e-03
  -3.8737098e-02  -1.6227375e-01  -1.9885049e+00  -1.0534122e-02  -4.0083226e-03   3.1192187e-03
  -1.8058012e-02  -1.7139357e-01  -2.0135435e+00  -1.0467605e-02  -4.1136469e-03   3.1791078e-03
  -2.2614497e-02  -1.8271664e-01  -2.0109677e+00  -1.0742755e-02  -3.9477073e-03   3.1315007e-03
  -2.7598920e-02  -1.7122454e-01  -2.0097842e+00  -1.0936354e-02  -4.2449376e-03   3.2216741e-03
  -1.0454429e-02  -1.7211831e-01  -2.0163498e+00  -1.0441801e-02  -4.4904334e-03   2.9009075e-03
  -1.7169992e-02  -1.6738473e-01  -2.0270864e+00  -1.1180913e-02  -4.2489134e-03   2.8878372e-03
  -1.5060535e-02  -1.9949747e-01  -2.0452284e+00  -1.1121773e-02  -3.2900628e-03   2.2019033e-03
  -2.6594455e-02  -1.6426691e-01  -2.0986996e+00  -1.0749189e-02  -4.0089969e-03   2.7592964e-03
  -3.3615440e-02  -1.7137673e-01  -2.0441532e+00  -1.0006028e-02  -4.0331018e-03   2.7320760e-03
  -3.4203594e-02  -1.5949495e-01  -2.0627472e+00  -1.0484675e-02  -3.4590064e-03   2.6537428e-03
  -2.6857515e-02  -1.6686724e-01  -2.0662893e+00  -9.3199774e-03  -3.0394441e-03   2.7058373e-03
  -2.9625106e-02  -1.5326798e-01  -2.0571057e+00  -1.0492838e-02  -3.1709395e-03   2.7540746e-03
   2.2401061e-02  -6.8687809e-02  -2.2115217e+00  -1.6879146e-02  -1.0915691e-02   4.2946239e-03
   3.2388611e-02  -9.5422021e-02  -1.9690296e+00  -1.2163770e-02  -8.5242311e-03   3.5357757e-03
   3.6782268e-02  -9.1044626e-02  -1.9142118e+00  -1.1405478e-02  -8.2361862e-03   2.9035378e-03
   2.1172239e-02  -1.4305972e-01  -1.9499779e+00  -8.9863065e-03  -6.7882565e-03   2.5115761e-03
   1.3209802e-02  -1.2657348e-01  -1.9754915e+00  -1.0984377e-02  -6.0101821e-03   2.7152938e-03
   6.7193642e-03  -1.4775147e-01  -1.9365129e+00  -1.0557551e-02  -5.6979450e-03   2.6005058e-03
   2.3542434e-02  -1.2718270e-01  -1.9661714e+00  -9.7458962e-03  -5.9123295e-03   2.3332008e-03
  -1.1764363e-02  -1.4646558e-01  -1.9657292e+00  -9.3849847e-03  -4.2473813e-03   2.5358192e-03
  -7.5785178e-02  -1.5952513e-01  -2.0450357e+00  -9.9647389e-03  -3.7881514e-03   3.9424339e-03
  -1.5621985e-02  -1.3217278e-01  -1.9188393e+00  -8.7662398e-03  -3.9956603e-03   3.2063994e-03
  -2.7233351e-02  -1.7292175e-01  -1.9091703e+00  -8.0608252e-03  -3.1864834e-03   3.1334207e-03
   1.6571982e-02  -9.0356818e-02  -2.0328758e+00  -1.7905091e-02  -1.0605699e-02   5.9758468e-03
   4.4052615e-02  -9.9362591e-02  -1.8370586e+00  -9.1659470e-03  -7.6288724e-03   2.1581498e-03
   4.5042314e-02  -9.5100706e-02  -1.9052476e+00  -1.0590919e-02  -7.4567000e-03   2.6194104e-03
  -1.3226305e-01  -2.7567818e-01  -2.2319848e+00  -1.8386398e-03   4.0734823e-03   5.2263909e-03
  -1.3902126e-01  -2.2508113e-01  -2.2577627e+00  -7.2736223e-03   6.9098741e-03   5.3615846e-03
  -1.0769276e-01  -2.2501830e-01  -2.0797842e+00  -5.8305100e-03   5.4612004e-03   4.6350868e-03
  -9.4926405e-02  -2.3833463e-01  -2.0231293e+00  -5.3976187e-03   4.7437062e-03   4.1138718e-03
  -7.3978521e-02  -2.1700686e-01  -2.0268834e+00  -6.4860541e-03   4.6262081e-03   3.8421817e-03
  -8.2832784e-02  -2.4796690e-01  -2.1105069e+00  -1.2668684e-03   4.2123767e-03   3.6370756e-03
  -6.1758968e-02  -2.4478682e-01  -2.1228079e+00  -2.7244358e-03   2.6802575e-03   3.1676967e-03
  -8.9521632e-02  -2.1880378e-01  -2.0790324e+00  -4.5090566e-03   3.2092092e-03   3.6008897e-03
  -7.4420584e-02  -2.0059952e-01  -2.0536183e+00  -6.1314885e-03   2.6398721e-03   3.1216375e-03
  -7.7054666e-02  -2.3689575e-01  -2.0418816e+00  -6.1945359e-03   2.4018911e-03   2.8599946e-03
  -5.9977774e-02  -2.3544832e-01  -2.0396754e+00  -8.0044363e-03   2.7507680e-03   2.3988853e-03
  -8.0233196e-02  -2.4105833e-01  -2.0435705e+00  -5.5742358e-03   2.8356099e-03   3.2713981e-03
  -8.4140895e-02  -2.3006197e-01  -2.0381801e+00  -5.2587177e-03   2.5163648e-03   3.1335067e-03
  -6.5284926e-02  -2.0926412e-01  -2.0423496e+00  -6.6925370e-03   2.5515650e-03   2.8119233e-03
  -3.5752739e-02  -2.3870072e-01  -2.0133930e+00  -5.5652194e-03   1.2444882e-03   2.2469666e-03
  -3.5136600e-02  -1.8795721e-01  -2.0155709e+00  -4.4284347e-03   9.8560986e-04   2.2062451e-03
  -4.0578180e-02  -2.0370283e-01  -1.9679736e+00  -4.0250289e-03   1.1201108e-03   2.1634019e-03
  -4.0360188e-02  -2.1104651e-01  -1.9459297e+00  -4.4761252e-03   7.2804030e-04   2.0542517e-03
  -3.8197044e-02  -2.0709544e-01  -1.9382103e+00  -3.8512700e-03   9.0735794e-04   2.0724936e-03
  -5.7129898e-02  -1.9113285e-01  -1.9723648e+00  -2.8906500e-03   1.4413280e-03   2.0790847e-03
  -6.3296277e-02  -2.0221812e-01  -1.9746283e+00  -4.4445813e-03   1.4393991e-03   2.4208799e-03
   7.2655703e-02   1.6835971e-02  -2.1780365e+00  -1.7134122e-02  -1.3781225e-02   3.7465074e-04
   1.6380901e-02  -1.2875791e-01  -1.9032393e+00  -9.9124552e-03  -3.3025977e-03   1.9592181e-03
  -1.5663418e-02  -1.4345237e-01  -1.9960600e+00  -8.1460651e-03  -2.3531608e-03   2.2169461e-03
  -3.8842936e-03  -1.8200336e-01  -1.9331518e+00  -8.3382847e-03  -8.0361376e-04   1.4921640e-03
  -3.9586370e-02  -1.6938685e-01  -1.9867976e+00  -6.6605860e-03  -3.7221108e-04   2.3793797e-03
  -3.8307471e-02  -1.6043932e-01  -1.9678388e+00  -7.4833942e-03  -1.3896327e-04   1.8870259e-03
  -2.2303222e-02  -1.7640083e-01  -1.9978735e+00  -7.3178790e-03  -1.0480996e-03   1.6963936e-03
  -3.3297390e-02  -1.9161604e-01  -2.0047360e+00  -4.9207526e-03  -5.4559009e-04   1.8171538e-03
  -2.5137233e-02  -2.0023070e-01  -1.9757429e+00  -6.1754844e-03   6.1526351e-04   1.7684993e-03
  -6.6820483e-02  -2.1557394e-01  -1.9163003e+00  -3.3861642e-03   2.7346239e-03   2.9718831e-03
  -3.4824967e-02  -2.0266998e-01  -1.7665064e+00  -3.0257535e-03  -4.5764964e-04   2.0436500e-03
   1.1321250e-02  -1.2306471e-01  -1.8322875e+00  -7.7489106e-03  -6.2396425e-03   2.3326684e-03
  -1.7060206e-04  -1.1004862e-01  -1.7638139e+00  -6.4684079e-03  -5.3074479e-03   2.7232334e-03
   1.0621173e-02  -1.4502724e-01  -1.8020137e+00  -6.4790226e-03  -4.2530768e-03   2.4814110e-03
   1.3295178e-02  -1.4559762e-01  -1.8245605e+00  -7.0969619e-03  -4.0426269e-03   2.3032719e-03
   1.2046070e-02  -1.2575623e-01  -1.8198086e+00  -7.1206554e-03  -4.0380448e-03   2.2923642e-03
   6.6282649e-03  -1.3773295e-01  -1.8560142e+00  -7.2621675e-03  -3.4253532e-03   2.4116939e-03
   7.0716173e-03  -1.4492673e-01  -1.8798577e+00  -7.3735279e-03  -4.1999794e-03   2.3146053e-03
  -2.1413461e-02  -1.6430477e-01  -2.0187439e+00  -7.8704964e-03  -2.4363876e-03   2.6174444e-03
  -1.6447109e-02  -1.4265927e-01  -1.9903548e+00  -6.8373949e-03  -1.9692951e-03   2.4179590e-03
  -2.4507122e-03  -1.5573150e-01  -1.8831958e+00  -5.8993906e-03  -3.3441529e-03   2.2790029e-03
   4.1731247e-03  -1.5208788e-01  -1.8776028e+00  -5.0339394e-03  -1.9282386e-03   2.4746205e-03
  -1.9743295e-03  -1.5199357e-01  -1.9350354e+00  -6.0212779e-03  -3.0079501e-03   2.5285960e-03
   2.3939467e-03  -1.5644534e-01  -1.9227664e+00  -5.9479308e-03  -2.9616772e-03   2.3654935e-03
  -5.8007517e-03  -1.5500177e-01  -1.9407980e+00  -6.4184429e-03  -2.6900048e-03   2.4222767e-03
  -1.0675508e-03  -1.7719220e-01  -1.9537115e+00  -5.1033952e-03  -1.2328167e-03   2.6057923e-03
  -1.5879341e-02  -1.4760001e-01  -1.9667677e+00  -5.6717687e-03  -1.8819159e-03   2.7844413e-03
  -1.0418174e-02  -1.5157823e-01  -1.9507786e+00  -6.6692438e-03  -1.9708473e-03   2.3971388e-03
  -1.0177638e-02  -1.6541581e-01  -1.9482100e+00  -4.5090211e-03  -2.1817518e-04   2.5509087e-03
  -6.8862761e-02  -1.8797701e-01  -2.1092258e+00  -7.7496539e-03  -9.5455357e-04   3.5944165e-03
  -5.1334459e-02  -1.6800018e-01  -2.0299459e+00  -7.1359359e-03  -1.5680758e-03   3.2906737e-03
  -6.3651169e-02  -1.4878123e-01  -2.1182346e+00  -6.8492923e-03  -3.4974064e-04   3.0883827e-03
  -4.5742478e-02  -1.4675327e-01  -2.0735753e+00  -7.2804411e-03  -6.5301282e-04   3.1090054e-03
  -6.5711689e-02  -1.5989134e-01  -2.1702121e+00  -4.1687430e-03   7.5896824e-04   3.4159049e-03
  -6.8559737e-02  -1.7119946e-01  -2.1492621e+00  -6.8603830e-03   1.9167096e-04   3.2457190e-03
  -5.1725703e-02  -1.8492733e-01  -2.1259273e+00  -7.4792720e-03  -1.7042034e-04   3.0256863e-03
  -4.9877348e-02  -1.7797433e-01  -2.1369021e+00  -7.8418139e-03  -3.4362163e-04   2.8758446e-03
  -4.8375169e-02  -2.1877795e-01  -2.1769721e+00  -8.2927877e-03   1.3157158e-04   2.7709472e-03
  -4.0217758e-02  -1.8236800e-01  -2.2344292e+00  -6.4825617e-03  -5.8756569e-06   2.6433007e-03
  -6.8014477e-02  -2.0101994e-01  -2.1970747e+00  -7.9461614e-03   1.1364283e-04   3.0532969e-03
  -2.9581788e-02  -1.8876303e-01  -2.2613989e+00  -8.4300890e-03  -5.0715408e-04   2.4399516e-03
  -2.9003273e-02  -1.7060914e-01  -2.2159977e+00  -8.7406604e-03  -4.3340639e-04   2.4596977e-03
  -1.9137973e-02  -2.0693208e-01  -2.1921528e+00  -7.8426590e-03  -7.3101141e-04   2.3169187e-03
  -2.5681869e-02  -1.5849346e-01  -2.2250001e+00  -9.4233044e-03  -1.3497298e-03   2.1826706e-03
  -2.6308427e-02  -1.7751077e-01  -2.2477199e+00  -9.2469034e-03  -5.6350215e-04   2.3236645e-03
  -1.6061504e-02  -1.9645561e-01  -2.2542017e+00  -9.1150722e-03  -4.5865658e-04   1.8905324e-03
  -2.1558775e-02  -2.0115964e-01  -2.2512593e+00  -9.1134474e-03  -6.8128178e-04   1.8968464e-03
  -2.2083051e-02  -2.1056185e-01  -2.2430935e+00  -8.7178573e-03  -9.7292579e-04   2.1702501e-03
  -1.9446843e-02  -2.2800781e-01  -2.2954950e+00  -7.9386111e-03  -3.2762546e-05   2.3221886e-03
  -1.0197655e-02  -1.8077780e-01  -2.2233580e+00  -8.1504129e-03  -5.7155788e-04   2.0567921e-03
  -1.3083624e-02  -1.8116024e-01  -2.1271646e+00  -7.6637634e-03  -2.5580160e-04   2.0256740e-03
  -2.6757119e-02  -1.8533916e-01  -2.0609504e+00  -6.3600816e-03  -2.4448726e-04   2.1407463e-03
  -2.9768425e-02  -2.0788929e-01  -2.0000771e+00  -5.7013089e-03   3.6368565e-04   2.1885695e-03
   4.5356821e-02  -2.8948357e-01  -1.7380904e+00  -1.1276830e-03   9.3348605e-03   2.1493701e-04
  -1.0239322e-01  -4.0943374e-01  -1.3948502e+00  -3.8722872e-02   1.2043790e-02   3.4364449e-03
  -3.1233533e-01   9.1474932e-01   5.1692694e+00   7.3367038e-02   1.4648010e-02   1.0867646e-02
  -2.7004044e-01   2.8080427e-01   2.6981625e+00   3.3349444e-02   1.3571024e-02   9.7232072e-03
  -2.1860696e-01   2.2326823e-01   2.4180214e+00   2.4906573e-02   7.4558496e-03   7.3311609e-03
  -2.3104721e-01   3.1462621e-01   2.2506167e+00   1.4147582e-02  -5.8203342e-03   1.1991640e-02
  -1.8147184e-01   3.5875693e-01   2.3087219e+00   1.6369686e-02  -4.7414906e-03   8.6316452e-03
  -1.6937707e-01   3.4430767e-01   2.5024064e+00   1.9794115e-02  -4.9609489e-03   8.0120418e-03
  -1.5359780e-01   2.8084140e-01   2.5969816e+00   2.3352803e-02   6.4943324e-04   7.2015044e-03
  -1.7051793e-01   3.1964564e-01   2.4338048e+00   2.0939939e-02   3.1399470e-04   7.3043590e-03
  -1.6194990e-01   2.6590560e-01   2.4422449e+00   2.1105564e-02   1.5828624e-04   6.9117029e-03
  -1.6072256e-01   3.0345054e-01   2.4289206e+00   2.0052594e-02   2.3941960e-04   7.0009068e-03
  -1.6038987e-01   2.6624315e-01   2.4208504e+00   2.0508064e-02   1.2547605e-03   6.8345841e-03
  -1.5923318e-01   2.6833066e-01   2.4287730e+00   2.1459658e-02   1.0329755e-03   6.6013827e-03
  -1.6026070e-01   2.8625041e-01   2.3904498e+00   2.0599225e-02   3.3214935e-04   6.4239286e-03
  -1.2862635e-01   2.1068260e-01   2.2592752e+00   2.1310954e-02   3.0744009e-03   6.5073628e-03
  -1.4901629e-01   2.3471918e-01   2.3720765e+00   2.1364249e-02   1.1293034e-03   6.4968526e-03
  -1.3681281e-01   2.5062986e-01   2.3611569e+00   2.0957348e-02   1.1318726e-03   5.9204423e-03
  -1.2511130e-01   2.3323652e-01   2.3872549e+00   2.1062664e-02   4.1565390e-04   6.0346468e-03
  -1.3894249e-01   2.6371426e-01   2.3523416e+00   2.0570102e-02   2.2864570e-04   5.9834881e-03
  -1.0999406e-01   2.3588046e-01   2.3822726e+00   2.1067337e-02   1.2307747e-04   5.7740750e-03
  -8.9984944e-02   2.6435148e-01   2.3496003e+00   2.0298627e-02   6.6256217e-04   5.9160792e-03
  -1.2395961e-01   2.1445050e-01   2.2244125e+00   2.0535827e-02   2.0382504e-03   6.1231255e-03
  -1.3262226e-01   2.3422820e-01   2.3109947e+00   2.1160888e-02   1.0593109e-03   6.2121538e-03
  -1.2524192e-01   2.6057583e-01   2.3041488e+00   2.0793650e-02   9.1493606e-04   6.0817373e-03
  -1.2660588e-01   1.6807799e-01   1.9179581e+00   2.3096016e-02   2.5717051e-03   5.5175035e-03
  -1.2787905e-01   1.5233743e-01   1.7486154e+00   1.6323717e-02   5.5616156e-04   4.8034129e-03
  -8.5425260e-02   1.3129673e-01   1.7823114e+00   1.9621007e-02   1.9560620e-03   4.4841517e-03
  -1.4192862e-01   1.2013745e-01   1.7934644e+00   1.6915917e-02   1.5888659e-03   5.2709004e-03
  -1.1104804e-01   1.0280449e-01   1.8399713e+00   1.6831694e-02   1.3881233e-03   4.4446036e-03
  -1.2299596e-01   1.3501054e-01   1.8093517e+00   1.6989318e-02   7.6149454e-04   4.7594809e-03
  -1.1199069e-01   1.0762616e-01   1.8391059e+00   1.6976715e-02  -2.7264193e-04   4.4124458e-03
  -9.5222165e-02   1.3529418e-01   1.8181347e+00   1.7157856e-02   1.9039229e-04   4.3900377e-03
  -1.1428667e-01   9.6934591e-02   1.7962221e+00   1.7374700e-02   3.1887141e-04   4.6180049e-03
  -1.2093622e-01   1.2271392e-01   1.7962278e+00   1.6137242e-02   7.9887082e-04   4.6252855e-03
  -1.1406371e-01   1.1515520e-01   1.8193595e+00   1.6628732e-02   1.6357994e-04   4.3051827e-03
  -1.1716814e-01   1.2041940e-01   1.7814489e+00   1.5989583e-02   5.0486732e-04   4.4742204e-03
  -1.2502934e-01   7.9092885e-02   1.7848472e+00   1.6370946e-02   1.1220258e-03   4.0752609e-03
  -1.3687126e-01   1.1928871e-01   1.7792061e+00   1.7561129e-02   9.2615429e-04   4.9195471e-03
  -1.2842984e-01   1.3523758e-01   1.7919236e+00   1.7887439e-02   1.0183538e-03   4.8507367e-03
  -1.4276736e-01   1.4242240e-01   1.6850129e+00   1.6576216e-02   9.7870343e-04   5.1998846e-03
  -1.1991399e-01   1.3024079e-01   1.7259596e+00   1.6388322e-02   1.1777566e-03   4.6092757e-03
  -1.1452632e-01   1.0489191e-01   1.7248468e+00   1.6900770e-02   5.2736755e-04   4.7290897e-03
  -1.3005117e-01   1.2277996e-01   1.7226913e+00   1.6919397e-02  -6.8608444e-05   4.6926920e-03
  -1.1162091e-01   1.1396444e-01   1.7371676e+00   1.6679033e-02   4.2800230e-04   4.4740065e-03
  -1.1044677e-01   9.9633731e-02   1.7347472e+00   1.6686754e-02   6.5044703e-04   4.7431860e-03
  -1.1969736e-01   1.1023374e-01   1.9439885e+00   1.8795940e-02   8.7682544e-04   4.8434602e-03
  -1.2608228e-01   1.3426166e-01   1.9833911e+00   2.0569754e-02   1.8278749e-03   5.0932279e-03
  -1.1619831e-01   1.9074195e-01   1.9992133e+00   2.1528847e-02   2.0971163e-03   4.3165415e-03
  -2.8249535e-01  -2.9847135e-01   1.1210000e+00  -1.6529526e-02  -2.5685318e-03   5.5818600e-03
  -2.2895019e-01   7.0196134e-01   4.7245970e+00   6.5809284e-02   1.3296308e-02   9.2884007e-03
  -1.8285744e-01   2.7448275e-01   3.0593823e+00   3.1375961e-02   9.8655341e-03   7.5846446e-03
  -1.6419353e-01   2.5401727e-01   3.0034249e+00   2.9029849e-02   6.8377743e-03   6.8053778e-03
  -1.4103068e-01   2.5032333e-01   3.0085844e+00   2.7271460e-02   5.4310702e-03   5.6630491e-03
  -1.5060842e-01   2.3406440e-01   3.0543214e+00   2.7656740e-02   5.8944727e-03   5.8256173e-03
  -1.3912250e-01   2.3315885e-01   3.0906732e+00   2.7390399e-02   5.3241169e-03   5.4807358e-03
  -1.2792038e-01   2.3560172e-01   2.9866597e+00   2.9125823e-02   5.7821521e-03   5.7647987e-03
  -1.4053610e-01   2.1939913e-01   3.0513866e+00   2.7329006e-02   5.1137643e-03   5.3164283e-03
  -1.2655658e-01   2.2314903e-01   3.0545043e+00   2.7642877e-02   5.0193691e-03   5.2840754e-03
  -1.3138661e-01   2.1412896e-01   3.0472410e+00   2.7086168e-02   4.6709239e-03   5.3982083e-03
  -1.3256134e-01   2.2400127e-01   3.0475819e+00   2.8122133e-02   4.0909607e-03   5.0037302e-03
  -1.2089487e-01   2.2258515e-01   3.1102380e+00   2.8518834e-02   4.6483823e-03   5.0671619e-03
  -1.0182022e-01   2.6034138e-01   3.0783889e+00   2.3626306e-02   6.6268518e-03   4.7328969e-03
  -1.2009313e-01   2.2086583e-01   2.9741539e+00   2.7812303e-02   5.8431853e-03   5.4552316e-03
  -1.2716720e-01   2.1068117e-01   2.9867332e+00   2.7701162e-02   5.6155383e-03   5.3694673e-03
  -1.1774414e-01   2.1665761e-01   2.9580563e+00   2.7181345e-02   6.1953852e-03   5.4626375e-03
  -1.3444166e-01   2.2600378e-01   2.9471472e+00   2.6496389e-02   6.2904147e-03   5.7804062e-03
  -1.3037112e-01   2.0289859e-01   2.8875238e+00   2.7731886e-02   5.3801961e-03   5.5100476e-03
  -1.2790570e-01   2.0830736e-01   2.8869684e+00   2.6557979e-02   4.7336527e-03   5.2442435e-03
  -9.4028198e-02   2.3572486e-01   2.9426266e+00   2.7164615e-02   4.5498713e-03   4.8715836e-03
  -9.1130744e-02   2.0538165e-01   2.8939197e+00   2.7167005e-02   4.6759308e-03   4.7910625e-03
  -1.1354557e-01   1.7880977e-01   2.7988828e+00   2.7453957e-02   5.6758484e-03   5.2023095e-03
  -1.1420532e-01   3.1644901e-02   1.4368605e+00   2.1347612e-02   7.3759753e-03   5.1804047e-03
  -1.4073451e-01   4.0291295e-02   2.5392925e-01  -9.1363555e-03  -3.2224712e-03   5.2953579e-03
  -1.2027224e-01  -1.5334432e-02   1.2562016e+00   1.4616269e-02   6.6257867e-03   5.1107204e-03
  -2.8983445e-01   1.7590378e-01   1.7341654e+00   2.3850177e-02   6.3884412e-03   8.2731523e-03
  -1.0099984e-01  -7.8866394e-02   2.6876896e+00   5.6178755e-03   7.9329112e-04   6.2528899e-03
   5.2716417e-02   4.2213181e-01   3.3719798e+00   5.1838824e-02   5.2975285e-03   1.8009146e-03
  -1.3063545e-02  -2.3976194e-01  -1.7751324e+00  -1.5214756e-02   2.0385235e-03   1.9639739e-03
   1.6920550e-02  -2.6645567e-01  -1.9562200e+00  -2.1932007e-02   1.4193347e-03   8.3248934e-04
   1.6521235e-02  -3.1889021e-01  -1.7498831e+00  -2.0068818e-02   1.8455363e-03   4.4177872e-04
   3.9040563e-02  -3.1448761e-01  -1.5520588e+00  -1.7366271e-02   1.5950028e-03  -1.0776156e-04
   6.7260762e-02  -2.9658440e-01  -1.1557142e+00  -1.3481294e-02  -9.2752984e-05  -3.1452879e-04
   1.9390924e-02  -2.6319590e-01  -1.0473636e+00  -1.4169271e-02   6.2554399e-03   4.2917868e-04
  -8.0828889e-02  -3.1549620e-01  -1.2753650e+00  -1.2805983e-02   9.8934505e-03   3.3908303e-03
  -8.5767955e-02  -2.8446394e-01  -1.3775289e+00  -1.3996419e-02   9.7882473e-03   3.1883450e-03
   2.3351849e-02  -2.8247585e-01  -1.2588954e+00  -1.2598623e-02   6.6940879e-03   9.8269095e-04
  -1.3164932e-02  -2.7255596e-01  -1.5103557e+00  -1.7214296e-02   7.0182063e-03   1.2615899e-03
   5.5916584e-03  -3.3131039e-01  -1.6755525e+00  -1.6754926e-02   6.3736514e-03   7.3175600e-04
   1.4715398e-02  -3.3589684e-01  -1.6389831e+00  -1.6399302e-02   6.2917122e-03   6.7943100e-04
   1.4186810e-02  -3.3730409e-01  -1.6210610e+00  -1.6397350e-02   5.7432043e-03   5.7396309e-04
   2.5301128e-02  -3.2090690e-01  -1.6889911e+00  -1.5733246e-02   5.3682110e-03   5.7057708e-04
  -2.8585189e-02  -3.4472559e-01  -1.7955279e+00  -1.6808337e-02   7.1556104e-03   1.4505323e-03
  -5.5422406e-03  -3.3139996e-01  -1.7832626e+00  -1.7585698e-02   6.4015102e-03   1.1543264e-03
  -1.3114793e-02  -3.3136578e-01  -1.7894779e+00  -1.6690908e-02   6.3962007e-03   1.1239556e-03
   9.5318045e-03  -3.2757518e-01  -1.7905535e+00  -1.7551000e-02   6.1162211e-03   8.7208263e-04
   1.6948433e-02  -3.2481033e-01  -1.7764303e+00  -1.7207122e-02   6.0549015e-03   6.1779284e-04
   1.1877115e-02  -3.2696092e-01  -1.7678389e+00  -1.6640677e-02   6.3142156e-03   7.4255604e-04
   4.1794326e-02  -3.6786684e-01  -1.7819242e+00  -1.9483572e-02   4.7657468e-03   4.8549949e-04
  -4.4137203e-03  -2.7851371e-01  -1.5769815e+00  -1.2583618e-02   6.1856532e-03   1.0353446e-03
   8.4902044e-03  -3.3303746e-01  -1.6466056e+00  -1.5241805e-02   7.3434720e-03   9.8835803e-04
   4.4103584e-03  -3.3190407e-01  -1.6679277e+00  -1.5198934e-02   6.3759471e-03   8.4483472e-04
   2.0937935e-02  -4.1808164e-01  -1.5476296e+00  -2.0436886e-02   8.2485502e-03   9.3765694e-04
  -8.3830441e-02  -2.8605498e-01  -1.6975842e+00  -1.4087705e-02   1.1120947e-02   2.7715396e-03
  -1.2255030e-01  -2.7001333e-01  -1.8882028e+00  -1.6384361e-02   1.5096440e-02   4.4800050e-03
  -2.4649663e-02  -3.2026406e-01  -1.6961387e+00  -1.2561365e-02   9.2298915e-03   1.9786542e-03
  -1.5336867e-03  -2.6355640e-01  -1.6750584e+00  -1.2705460e-02   8.9278261e-03   1.3285366e-03
  -3.2862664e-03  -2.8378589e-01  -1.6652853e+00  -1.2769446e-02   8.7751653e-03   1.2147688e-03
   6.2702183e-03  -2.9224696e-01  -1.6643608e+00  -1.2731201e-02   8.6390783e-03   1.0067235e-03
   1.0161293e-02  -3.0102865e-01  -1.6354313e+00  -1.2885437e-02   8.3331135e-03   9.4893926e-04
   1.2246014e-02  -2.9033531e-01  -1.6389668e+00  -1.3800453e-02   9.7363527e-03   1.0203531e-03
   6.3259416e-03  -2.9172336e-01  -1.5904430e+00  -1.2421595e-02   8.9808758e-03   8.7630057e-04
   1.7210612e-02  -3.0193766e-01  -1.6244654e+00  -1.2756031e-02   7.8568443e-03   7.2066673e-04
   1.0361205e-02  -2.8590346e-01  -1.5898261e+00  -1.2095495e-02   8.1678853e-03   9.5730327e-04
   3.9392308e-02  -2.6899418e-01  -1.5229378e+00  -1.0815026e-02   6.9410371e-03   3.8856018e-04
   2.2317171e-02  -2.8658201e-01  -1.5356786e+00  -1.1746164e-02   7.6950724e-03   7.0968422e-04
   3.3014423e-02  -2.5750926e-01  -1.5955472e+00  -1.0839600e-02   1.0038520e-02   8.3225412e-04
  -1.8559352e-02  -2.6771857e-01  -1.5748310e+00  -1.1097308e-02   9.2150334e-03   1.4559617e-03
  -7.9781276e-02  -3.0611469e-01  -1.8635370e+00  -1.4547459e-02   1.0790260e-02   2.5598731e-03
  -2.1635996e-02  -2.9532416e-01  -1.7751546e+00  -1.3014277e-02   8.4698161e-03   1.7408677e-03
  -1.9242678e-01  -2.5210718e-01  -1.5459647e+00  -5.5874524e-02   2.3962413e-02   5.2941181e-03
  -2.5360918e-01   2.9455874e-01   3.7900989e+00   3.7856768e-02   9.0889490e-03   9.8566141e-03
  -1.6731864e-01   3.8444849e-01   3.9734643e+00   3.7241469e-02   1.2626770e-02   8.2780247e-03
  -8.4649715e-02   2.2146318e-01   1.9379384e+00   2.1673367e-02   1.3623293e-02   6.0780535e-03
  -4.3980362e-02   8.6070758e-02   1.7483211e+00   1.3227287e-02   1.1328399e-02   4.4425104e-03
  -3.9185350e-02   6.1721246e-02   1.7639791e+00   1.3194795e-02   1.0597293e-02   3.9804615e-03
  -3.4358124e-02   3.2998149e-02   1.8306238e+00   1.3504081e-02   1.0842565e-02   3.8633825e-03
  -4.2431006e-02   6.6415637e-02   1.8980776e+00   1.5421136e-02   1.0807715e-02   3.5619030e-03
  -2.7035945e-02   4.8894390e-02   1.8880699e+00   1.4697756e-02   1.0162275e-02   3.3176245e-03
  -2.2772447e-02   5.4684164e-02   1.9156319e+00   1.5640514e-02   1.0967798e-02   3.3670110e-03
  -2.6850038e-02   6.2339415e-02   1.8565976e+00   1.4804301e-02   1.0244408e-02   3.4708611e-03
  -2.1748694e-02   6.3591347e-02   1.8509815e+00   1.5461105e-02   1.0694723e-02   3.2722954e-03
  -2.1980607e-02   3.8382624e-02   1.8222924e+00   1.4616111e-02   9.8631294e-03   3.0460616e-03
  -1.9298111e-02   4.8159669e-02   1.8375822e+00   1.5337983e-02   9.8202302e-03   3.0050376e-03
  -1.9739357e-02   5.0326015e-02   1.8382775e+00   1.5940731e-02   9.7303657e-03   3.1087968e-03
  -2.6598215e-02   4.1330089e-02   1.8187078e+00   1.6195584e-02   9.4807027e-03   2.9702183e-03
  -2.9587848e-02   3.4137029e-02   1.7843642e+00   1.5272318e-02   9.9204982e-03   2.9187283e-03
  -2.2709034e-02   2.8865359e-02   1.7587102e+00   1.6834677e-02   9.6394177e-03   2.8530644e-03
  -2.6617185e-02   2.8298486e-02   1.6221219e+00   1.4126380e-02   9.5005223e-03   2.9768994e-03
  -3.3216007e-02   6.5153030e-03   1.6278885e+00   1.4407996e-02   9.3760789e-03   2.9786898e-03
  -3.3367018e-03   4.6474691e-03   1.6004606e+00   1.3592962e-02   8.9751487e-03   2.5163397e-03
  -1.7596980e-02   1.3238813e-02   1.5559294e+00   1.2974561e-02   8.4580930e-03   2.4988767e-03
  -8.2289383e-03   1.8088914e-02   1.5458566e+00   1.2519275e-02   8.9032509e-03   2.4615163e-03
  -1.6687452e-02   9.2036263e-03   1.5378340e+00   1.2884280e-02   8.2087719e-03   2.4584744e-03
   6.3954913e-05   2.8023299e-02   1.4769338e+00   1.1604549e-02   7.9711492e-03   2.3033799e-03
  -7.5431575e-03   3.4098268e-02   1.6067932e+00   1.4025192e-02   7.9056108e-03   2.4012478e-03
  -7.4373211e-02   2.6956107e-02   1.5196619e+00   1.4090191e-02   1.2718876e-02   3.9520274e-03
  -5.8747588e-02   3.7960359e-02   1.5011929e+00   1.3688588e-02   9.3530576e-03   3.1579596e-03
  -3.7296878e-02   3.3215779e-02   1.4980171e+00   1.3151184e-02   8.8380238e-03   2.8005397e-03
  -7.5790785e-02   2.1069117e-02   1.3617238e+00   1.2805892e-02   1.2257366e-02   3.9924659e-03
  -1.2101773e-02   3.8915841e-03   1.3758563e+00   1.2207915e-02   9.1110915e-03   2.5423068e-03
  -3.8103003e-02   7.3404931e-03   1.4121886e+00   1.2062147e-02   9.0158323e-03   2.9243326e-03
   2.5618733e-02  -9.7610023e-02   1.3291493e+00   7.8729955e-03   8.0546105e-03   2.1197659e-03
   1.2849728e-01  -1.7321390e-02   3.0877805e+00   1.9422695e-02   2.0945786e-02   4.1438235e-03
  -8.4011138e-02  -1.3917327e-02   2.2520091e+00   1.9018617e-02   1.2192440e-02   5.5162636e-03
  -1.1517519e-01   1.3226669e-01   3.9702513e+00   2.4223661e-02   8.3131325e-03   3.8683889e-03
  -3.0962038e-01   2.7442972e-01   3.1062688e+00   3.2910918e-02   8.0336661e-03   9.8251860e-03
  -1.3981119e-01   1.3096514e-01   1.1957246e+00   9.4641141e-03   1.6528345e-02   6.6106764e-03
  -1.0218120e-01   8.5296279e-02   8.2629978e-01   8.7174112e-03   1.2999649e-02   6.2382611e-03
  -8.5892233e-02  -4.5564559e-02   7.6818645e-01   3.6697025e-03   1.1640888e-02   5.4059190e-03
  -8.8900361e-02  -3.2387976e-02   7.9000862e-01   3.6535663e-03   1.0557247e-02   5.3292030e-03
  -8.7553187e-02  -5.1838970e-02   7.6496532e-01   3.7238621e-03   1.1398406e-02   5.0980047e-03
  -7.1604152e-02  -6.3575091e-02   8.0741442e-01   4.9874900e-03   9.4165749e-03   4.8479962e-03
  -8.4792692e-02  -5.8939740e-02   7.5373129e-01   3.6747498e-03   1.0117845e-02   4.9655916e-03
  -7.0337788e-02  -5.8572515e-02   7.8940775e-01   4.9507630e-03   1.0086694e-02   4.8894534e-03
  -6.7551671e-02  -6.4174044e-02   7.8686390e-01   5.2079800e-03   1.0169622e-02   4.8787591e-03
  -7.0508442e-02  -6.7855521e-02   7.3561207e-01   5.2902217e-03   1.0129241e-02   4.8185564e-03
  -7.0222159e-02  -9.1691295e-02   7.3084876e-01   4.8551974e-03   1.0257625e-02   4.7504836e-03
  -6.3592981e-02  -7.1131768e-02   7.0236925e-01   4.2798013e-03   1.0299434e-02   4.5496651e-03
  -5.2722724e-02  -7.6250968e-02   7.1102630e-01   5.4655036e-03   1.0480387e-02   4.5075850e-03
  -6.8316022e-02  -7.4830666e-02   6.6947257e-01   4.2990484e-03   1.0151764e-02   4.6648643e-03
  -5.5657864e-02  -9.4561927e-02   5.4573138e-01   3.0953249e-03   9.0444380e-03   4.0436821e-03
  -6.8868401e-02  -8.2963531e-02   5.4824570e-01   3.3716562e-03   9.4131890e-03   4.3933858e-03
  -1.0683000e-01  -1.5999762e-01  -2.7848772e-01  -1.7486338e-03   1.0447798e-02   5.1664425e-03
  -1.0652055e-01  -1.2126250e-01  -2.8949256e-01  -2.6547625e-03   9.8799080e-03   4.9477109e-03
  -8.4413282e-02  -1.4638765e-01  -2.2999641e-01  -1.9229800e-03   9.9928572e-03   4.6794148e-03
  -9.3421887e-02  -1.5093457e-01  -2.4956957e-01  -1.6433820e-03   9.7931614e-03   4.6530853e-03
  -8.3668050e-02  -1.5429873e-01  -2.5196768e-01  -1.8997514e-03   9.4544791e-03   4.5608743e-03
   5.9686378e-02  -1.8760253e-01  -4.5085142e-01  -1.1379048e-03   6.4372337e-03   1.9600222e-03
  -3.3724665e-02  -1.9407810e-01  -5.7452920e-01  -5.4002241e-03   8.8670860e-03   3.1449000e-03
  -2.5161612e-02  -2.1485175e-01  -5.2874987e-01  -3.8860282e-03   8.9269182e-03   3.1879563e-03
  -3.5810970e-02  -2.0336480e-01  -5.9488781e-01  -5.9010013e-03   9.3728961e-03   3.3067682e-03
  -4.7413467e-02  -2.2452671e-01  -5.6480823e-01  -4.7855520e-03   9.7845447e-03   3.5022021e-03
  -9.6421470e-02  -2.3084069e-01  -6.9881282e-01  -4.1295613e-03   1.1005004e-02   4.7141380e-03
  -8.5042728e-02  -2.3693785e-01  -7.6916518e-01  -6.2403164e-03   1.0207179e-02   4.1886352e-03
  -6.8882178e-02  -2.5488769e-01  -8.0245764e-01  -6.9461429e-03   1.0042905e-02   4.0389732e-03
  -4.8341142e-02  -2.6165448e-01  -8.2499830e-01  -8.4493442e-03   7.2623258e-03   3.4255456e-03
  -6.9960005e-02  -2.5101429e-01  -8.5531399e-01  -6.9846981e-03   1.0459773e-02   4.1662199e-03
  -8.7114846e-02  -2.2595971e-01  -8.7648501e-01  -3.7627055e-03   1.0414244e-02   4.3638585e-03
  -7.4032437e-02  -2.3673798e-01  -9.3483823e-01  -6.5393534e-03   1.1044482e-02   4.6251072e-03
  -5.9751445e-02  -2.3410165e-01  -9.1371748e-01  -7.2344161e-03   9.8720452e-03   4.2010822e-03
  -2.6193287e-02  -2.4879198e-01  -8.4962984e-01  -6.9212269e-03   7.6886018e-03   3.3745213e-03
  -4.9883790e-02  -2.3860512e-01  -8.6082190e-01  -6.4205992e-03   9.0058166e-03   3.7341880e-03
  -4.5112522e-02  -2.4818108e-01  -8.9205277e-01  -6.6283213e-03   8.8909269e-03   3.6852745e-03
  -4.5329689e-02  -2.4851625e-01  -9.0963868e-01  -6.1797101e-03   8.8088538e-03   3.5840446e-03
  -5.9931332e-02  -1.9865127e-01  -3.6321921e-01   6.3892327e-03   8.7741299e-03   4.6549228e-03
  -1.2558820e-01  -2.3394090e-01  -1.0777585e+00  -7.5881482e-03   1.1368443e-02   5.3850765e-03
  -4.1397590e-02  -2.4852772e-01  -1.0175340e+00  -7.6816364e-03   9.5003911e-03   3.8754442e-03
  -3.4102940e-02  -2.4789056e-01  -9.7236104e-01  -5.7815463e-03   1.0299024e-02   4.1599002e-03
  -4.6496952e-02  -2.4880992e-01  -9.6019563e-01  -5.8279886e-03   9.8230428e-03   4.2432339e-03
  -3.8995728e-02  -2.5114567e-01  -1.0136887e+00  -6.5855775e-03   9.3114245e-03   3.9037666e-03
  -3.5126184e-02  -2.4108556e-01  -9.9415118e-01  -5.7833477e-03   8.5218108e-03   3.8178858e-03
  -1.7392418e-02  -2.4717176e-01  -1.1571242e+00  -8.5639517e-03   8.3731951e-03   3.1142719e-03
  -3.3766864e-02  -2.5223622e-01  -1.0707926e+00  -7.6979042e-03   8.6765782e-03   3.3554092e-03
  -2.0008694e-02  -2.5738688e-01  -1.0443413e+00  -6.5288515e-03   8.4380371e-03   3.3344603e-03
  -2.3746325e-02  -2.6196531e-01  -1.0373301e+00  -7.4989185e-03   9.0685894e-03   3.2863987e-03
  -3.0866162e-02  -2.4968879e-01  -1.0232838e+00  -6.4397341e-03   9.0641710e-03   3.4645749e-03
  -4.1820422e-02  -2.5898097e-01  -1.0634809e+00  -6.9613323e-03   9.6357636e-03   4.0787084e-03
  -2.3592467e-02  -2.4747268e-01  -1.0587598e+00  -7.6118974e-03   9.3452486e-03   3.5635385e-03
  -4.5917701e-02  -2.4733179e-01  -1.0426655e+00  -7.6342870e-03   9.5770092e-03   3.6471257e-03
  -3.9319286e-02  -2.3846854e-01  -1.0680048e+00  -7.3723803e-03   9.1763939e-03   3.5922328e-03
   2.1136584e-02  -2.7395343e-01  -1.2022326e+00  -8.5101941e-03   5.7590265e-03   2.1662348e-03
   2.1518537e-02  -2.5735465e-01  -1.1509495e+00  -7.6378032e-03   7.2927491e-03   2.9121205e-03
  -9.1068203e-03  -2.5909738e-01  -1.1380859e+00  -7.7722936e-03   7.8451904e-03   3.0512011e-03
  -3.4998183e-03  -2.8213888e-01  -1.1377686e+00  -8.1767611e-03   8.0441353e-03   3.1058125e-03
   8.3433661e-03  -2.7604330e-01  -1.1341323e+00  -7.7919087e-03   6.9038265e-03   2.7939210e-03
   1.9847165e-02  -2.7810481e-01  -1.0944133e+00  -6.7985484e-03   6.7761906e-03   2.9168101e-03
  -1.2207801e-03  -2.8027590e-01  -1.1606540e+00  -6.3838630e-03   7.3097900e-03   2.6924390e-03
   2.2797666e-03  -2.5067646e-01  -1.1817740e+00  -7.1436358e-03   6.2395074e-03   2.3421748e-03
   1.7059564e-02  -2.5956951e-01  -1.2210196e+00  -8.1820153e-03   6.3776223e-03   2.3472620e-03
   2.1598572e-02  -2.7996089e-01  -1.2177250e+00  -8.3156338e-03   7.2720567e-03   2.1264778e-03
   2.1303894e-02  -2.5713278e-01  -1.2442595e+00  -8.1828861e-03   7.7744640e-03   2.5780510e-03
  -2.7260656e-02  -2.7492514e-01  -1.2200102e+00  -8.8409835e-03   9.6642730e-03   3.6457831e-03
  -2.5704321e-02  -2.7012981e-01  -1.2270722e+00  -8.3165487e-03   9.1088342e-03   3.3874377e-03
   2.3228139e-02  -2.8333127e-01  -1.2508377e+00  -8.9428155e-03   7.8428248e-03   2.2192186e-03
   3.3402292e-02  -2.9698331e-01  -1.3174641e+00  -9.7924156e-03   7.4138963e-03   2.1987776e-03
   2.1929560e-02  -2.8335265e-01  -1.2552957e+00  -9.0650161e-03   6.8236880e-03   2.3886657e-03
   2.6463555e-02  -2.8678691e-01  -1.2627808e+00  -8.2321490e-03   6.8727490e-03   2.5033349e-03
   3.9944809e-02  -2.8599420e-01  -1.2870251e+00  -8.0722486e-03   8.9808861e-03   2.1629913e-03
  -1.5788808e-02  -2.8231238e-01  -1.2692502e+00  -8.6156730e-03   8.8287588e-03   3.2074250e-03
  -2.4614962e-02  -2.7491048e-01  -1.2586324e+00  -8.2567111e-03   8.8744356e-03   3.4901746e-03
   1.9166175e-02  -2.8174417e-01  -1.2525906e+00  -8.6820603e-03   8.4784111e-03   2.8807546e-03
  -4.1317073e-03  -2.6952133e-01  -1.2517706e+00  -7.9132048e-03   7.9263748e-03   3.2176792e-03
   1.3942855e-02  -2.8893682e-01  -1.2279892e+00  -8.3919894e-03   7.5709302e-03   2.9397543e-03
   2.1065003e-02  -2.7647075e-01  -1.2333440e+00  -8.4232233e-03   7.6135241e-03   2.6436933e-03
   2.2152763e-02  -2.7385000e-01  -1.2284277e+00  -8.5753810e-03   8.1321484e-03   2.7360352e-03
   1.4270020e-02  -2.7544516e-01  -1.2306296e+00  -8.3636139e-03   8.2341259e-03   2.7888484e-03
   7.2929910e-03  -2.8079830e-01  -1.2415457e+00  -8.6350826e-03   8.8641963e-03   2.9990405e-03
  -1.8025678e-03  -2.6594301e-01  -1.1938314e+00  -1.0268554e-02   1.3644095e-02   3.1161684e-03
  -1.0171400e-01  -2.9816600e-01  -1.4516440e+00  -8.7084665e-03   1.1195464e-02   5.5672618e-03
  -1.0556349e-01  -2.8986821e-01  -1.5279421e+00  -8.5813865e-03   1.1674884e-02   5.2815888e-03
  -8.4644155e-02  -2.8609016e-01  -1.5445924e+00  -8.8081032e-03   9.7288702e-03   4.8446111e-03
  -4.6162900e-02  -2.8797507e-01  -1.5239119e+00  -8.1822635e-03   9.1319880e-03   4.2599969e-03
  -6.7929526e-02  -2.9041406e-01  -1.4991732e+00  -8.8371674e-03   9.1662307e-03   4.5067206e-03
  -3.3839423e-02  -3.0016686e-01  -1.5357859e+00  -9.7360234e-03   8.6637808e-03   4.2440322e-03
  -4.5832754e-02  -2.9798729e-01  -1.5245350e+00  -9.4707777e-03   8.3571229e-03   3.9085338e-03
  -2.6595333e-02  -3.1393812e-01  -1.5405880e+00  -9.5670690e-03   8.7910647e-03   3.6680385e-03
  -3.7536925e-02  -2.7712311e-01  -1.4982550e+00  -9.6324156e-03   9.0670861e-03   4.1812810e-03
  -4.5031113e-02  -2.9429803e-01  -1.5155852e+00  -9.4110158e-03   8.8176186e-03   4.3176316e-03
  -4.3075791e-02  -2.9110066e-01  -1.4718936e+00  -9.0254261e-03   8.7511346e-03   4.1399290e-03
  -4.7417478e-02  -3.1041796e-01  -1.4683587e+00  -9.3157565e-03   8.2969298e-03   4.2430653e-03
  -1.1422951e-02  -2.8601882e-01  -1.4046785e+00  -8.4815501e-03   7.2871735e-03   3.5571041e-03
  -1.5555353e-02  -2.8436763e-01  -1.3953601e+00  -9.2833309e-03   8.3691215e-03   3.5254199e-03
  -3.5459799e-02  -2.7097084e-01  -1.3838150e+00  -8.3342127e-03   9.4357489e-03   4.3590512e-03
  -3.5023703e-02  -2.8845644e-01  -1.3926662e+00  -8.7002203e-03   9.0932799e-03   4.2007082e-03
  -8.5951379e-03  -2.6674941e-01  -1.3604885e+00  -8.6654911e-03   7.8237679e-03   3.6381039e-03
  -2.0220307e-02  -2.3696804e-01  -1.0960644e+00  -1.4577608e-03   1.0973032e-02   4.5573617e-03
   1.4130693e-02  -2.3814314e-01  -1.3817349e+00  -7.0846467e-03   8.2467329e-03   3.0238187e-03
   3.0384078e-02  -2.8248081e-01  -1.4425583e+00  -1.0285827e-02   6.4665741e-03   2.3768075e-03
  -3.7183728e-02  -2.9676463e-01  -1.6395333e+00  -5.9566868e-03   9.6954441e-03   4.2105493e-03
  -2.0124871e-02  -2.8773071e-01  -1.9909045e+00  -1.2662787e-02   8.4809651e-03   3.3813512e-03
  -6.9916755e-03  -3.0493095e-01  -1.7206996e+00  -9.5905231e-03   8.2728172e-03   3.3518299e-03
  -1.1217475e-02  -2.7625450e-01  -1.5917701e+00  -9.1222854e-03   8.4092819e-03   2.8237889e-03
  -4.0000199e-03  -2.8657150e-01  -1.5724535e+00  -8.6445797e-03   8.2167921e-03   3.1040929e-03
  -1.2818174e-02  -2.9585517e-01  -1.5643053e+00  -8.5656073e-03   8.1261456e-03   3.1977802e-03
   1.0858361e-03  -2.6022899e-01  -1.5899676e+00  -1.1290262e-02   8.7276424e-03   3.1917042e-03
   8.5457795e-03  -3.3600373e-01  -1.8187198e+00  -9.5617453e-03   8.3298051e-03   2.7968389e-03
  -5.5118039e-03  -2.6429678e-01  -1.6667028e+00  -1.0273987e-02   8.4791487e-03   3.0445960e-03
  -1.2085492e-02  -2.8593096e-01  -1.6720348e+00  -1.0736568e-02   8.4735488e-03   3.1909410e-03
  -3.4321037e-02  -2.7838206e-01  -1.6371524e+00  -9.4877280e-03   9.8518581e-03   4.2837821e-03
  -3.4596973e-02  -2.8261581e-01  -1.6115605e+00  -8.9484740e-03   9.5757270e-03   4.0449855e-03
  -3.9433413e-02  -2.8703127e-01  -1.6229463e+00  -9.5413219e-03   9.2967616e-03   3.6867404e-03
  -1.8205398e-02  -2.9764544e-01  -1.6151314e+00  -1.0165590e-02   9.0344551e-03   3.6644088e-03
  -1.1125713e-02  -2.6660419e-01  -1.5867413e+00  -9.4161144e-03   8.3426941e-03   3.2157441e-03
   1.1600464e-02  -2.8436197e-01  -1.7645513e+00  -9.5010639e-03   8.3069694e-03   3.1229159e-03
   2.3552048e-02  -2.7281974e-01  -1.6801738e+00  -1.0382264e-02   8.1629153e-03   2.8022381e-03
   1.4698850e-02  -2.9504628e-01  -1.6477546e+00  -9.3473350e-03   8.1610313e-03   3.0858208e-03
   3.3674453e-03  -2.8709876e-01  -1.6723705e+00  -9.9729714e-03   8.1604868e-03   3.0802461e-03
   1.8711367e-02  -3.0624443e-01  -1.6387987e+00  -8.5867860e-03   8.5564976e-03   3.1410596e-03
   1.0836161e-02  -2.7730027e-01  -1.6318819e+00  -9.0806415e-03   8.1775241e-03   3.1411716e-03
  -1.0994263e-02  -2.9114105e-01  -1.7863442e+00  -7.7014559e-03   8.9851507e-03   3.3063369e-03
  -4.5699924e-03  -2.8754382e-01  -1.8313559e+00  -1.0597349e-02   9.6766726e-03   3.2737567e-03
  -3.6113458e-02  -2.7381112e-01  -1.7691315e+00  -1.0633659e-02   9.7567135e-03   3.8361367e-03
  -4.1147853e-02  -2.9382471e-01  -1.7452377e+00  -1.0284190e-02   9.7666645e-03   3.5758793e-03
  -3.2630195e-02  -2.6995930e-01  -1.7467429e+00  -1.0890427e-02   9.5810806e-03   3.3036465e-03
  -1.9359326e-02  -2.8264987e-01  -1.7490571e+00  -9.5779020e-03   6.8609960e-03   3.0132166e-03
   3.1116368e-02  -3.0114308e-01  -1.7972434e+00  -1.0794214e-02   7.2384985e-03   2.2125155e-03
   2.7062019e-02  -2.7291510e-01  -1.6253698e+00  -9.4078160e-03   8.2060570e-03   2.3649775e-03
   2.8006787e-02  -2.8672610e-01  -1.6180134e+00  -8.9511347e-03   8.1798723e-03   2.4076052e-03
   1.6660782e-03  -2.9176300e-01  -1.7888726e+00  -9.8327893e-03   9.4538121e-03   2.7256418e-03
   7.1827985e-03  -2.9244899e-01  -1.7003824e+00  -8.8251617e-03   9.0409550e-03   2.9674772e-03
   3.6828554e-02  -2.1162003e-01  -1.7048624e+00  -1.1394320e-02   7.7322906e-03   5.3929728e-03
  -6.3672011e-02  -2.7239088e-01  -2.3717289e+00  -1.6765257e-02   4.7957372e-03   3.2661767e-03
  -5.5603104e-02  -2.5839775e-01  -2.2156676e+00  -1.4677628e-02   4.9290925e-03   3.1338210e-03
   6.1750891e-04  -2.5664152e-01  -2.0823356e+00  -1.3399160e-02   5.1669118e-03   2.2038116e-03
  -8.0237619e-03  -2.8979519e-01  -2.0746060e+00  -1.2255724e-02   6.0226189e-03   2.6318437e-03
  -7.7711838e-03  -2.7094952e-01  -2.0889513e+00  -1.3358690e-02   6.1056787e-03   2.4285791e-03
  -1.3004490e-03  -2.9067695e-01  -2.0581849e+00  -1.2031098e-02   6.5450072e-03   2.5915662e-03
   2.0650887e-02  -2.8100220e-01  -2.0268064e+00  -1.2060061e-02   6.1226563e-03   2.0774586e-03
  -4.7099836e-03  -2.8770027e-01  -1.9793673e+00  -1.2777730e-02   6.5028944e-03   2.5716969e-03
  -7.4336814e-03  -2.7599433e-01  -1.9789976e+00  -1.2020514e-02   6.8046080e-03   2.5571913e-03
   1.9989983e-02  -2.7635274e-01  -1.9781841e+00  -1.2519883e-02   6.3552705e-03   1.9765963e-03
  -1.2961954e-02  -2.5104988e-01  -1.9635472e+00  -1.2366685e-02   7.6563262e-03   2.8749070e-03
  -1.5915989e-03  -2.8334380e-01  -1.9037232e+00  -1.0718760e-02   6.9415535e-03   2.6615386e-03
   1.5467083e-02  -2.5720124e-01  -1.8679729e+00  -1.1354881e-02   6.2922661e-03   2.0065415e-03
   1.5154159e-02  -2.7900797e-01  -1.8388574e+00  -1.0706892e-02   5.7503388e-03   2.0892617e-03
   1.9994180e-02  -2.6708025e-01  -1.8277798e+00  -1.1871394e-02   5.9400754e-03   2.2130016e-03
   1.3405768e-02  -2.6429938e-01  -1.7914837e+00  -1.0518032e-02   6.8159034e-03   2.6325667e-03
   2.0530388e-03  -3.0595010e-01  -1.7972613e+00  -1.1768640e-02   6.8920385e-03   2.3791361e-03
  -4.8786644e-02  -2.4609494e-01  -1.8300035e+00  -7.0374184e-03   6.5974738e-03   3.0912391e-03
   2.5878015e-02  -2.9866753e-01  -2.0670317e+00  -1.1364963e-02   7.0661340e-03   1.8529478e-03
   2.4740078e-02  -2.6122854e-01  -1.9637056e+00  -1.0352711e-02   6.4504196e-03   1.8965296e-03
   3.3566257e-02  -2.8274767e-01  -1.8710511e+00  -1.1392575e-02   6.4748182e-03   1.6027427e-03
   2.2571432e-02  -2.5652080e-01  -1.8225345e+00  -9.6572328e-03   6.5964011e-03   1.8757556e-03
   3.2984602e-02  -2.5368504e-01  -1.7909470e+00  -1.0413058e-02   6.9090833e-03   1.6920257e-03
  -3.8067785e-03  -2.8334924e-01  -1.7746544e+00  -9.8159903e-03   7.8186689e-03   2.4943162e-03
  -5.7297715e-04  -2.7981836e-01  -1.7629038e+00  -9.5798961e-03   7.3779505e-03   2.3911481e-03
   1.0549412e-02  -2.6606892e-01  -1.7781639e+00  -9.0283495e-03   7.4693009e-03   2.2626024e-03
   1.1497435e-02  -2.7692838e-01  -1.7762829e+00  -1.0259678e-02   6.7162182e-03   2.2151128e-03
   8.1869790e-04  -2.9897850e-01  -1.7576159e+00  -9.0491653e-03   7.4207107e-03   2.3429113e-03
  -1.4903859e-02  -3.3385895e-01  -2.1075496e+00  -1.1319841e-02   9.4063063e-03   3.2014178e-03
   8.2170526e-03  -2.8147355e-01  -2.0461537e+00  -1.0644192e-02   8.2641025e-03   2.3270658e-03
  -4.8110713e-04  -2.9321936e-01  -2.0453634e+00  -1.1487974e-02   8.7668914e-03   2.6027102e-03
   1.4879178e-02  -2.9433961e-01  -2.0115730e+00  -1.1895033e-02   1.0361780e-02   2.3568739e-03
  -2.9788032e-02  -2.8561869e-01  -2.0235913e+00  -1.1086204e-02   9.1403203e-03   2.8983711e-03
  -1.1516803e-02  -2.9823326e-01  -2.0067541e+00  -1.0952639e-02   9.2967356e-03   2.8556441e-03
  -3.3631260e-03  -3.1243988e-01  -2.0023176e+00  -1.0995774e-02   9.2441952e-03   2.6428769e-03
  -2.1540574e-02  -2.7102446e-01  -1.9632485e+00  -1.1311698e-02   1.1371765e-02   3.0967976e-03
  -5.4173890e-02  -3.0570934e-01  -2.0837069e+00  -1.3739825e-02   9.8529496e-03   3.3789210e-03
  -2.5856946e-02  -2.8573221e-01  -1.8911115e+00  -9.9739400e-03   9.4916879e-03   3.1491836e-03
  -1.0737058e-02  -3.0174573e-01  -1.8742978e+00  -1.0064322e-02   8.9950186e-03   2.7139445e-03
   2.3876335e-03  -3.0904533e-01  -1.8460520e+00  -9.6730631e-03   9.1668309e-03   2.6964319e-03
  -1.7952689e-02  -2.9920938e-01  -1.9107833e+00  -9.0253618e-03   9.9280702e-03   3.0166577e-03
  -3.2645636e-02  -2.8869974e-01  -1.9032135e+00  -1.0099513e-02   9.7922771e-03   3.2689421e-03
  -6.3095616e-03  -2.9170534e-01  -1.8999933e+00  -1.0537137e-02   9.0774780e-03   2.6815612e-03
  -5.3730150e-02  -3.0099755e-01  -1.9864718e+00  -8.4820130e-03   9.7501015e-03   3.6614815e-03
  -1.7308394e-02  -3.4189830e-01  -2.1158489e+00  -1.8883739e-02   6.8673183e-03   2.4206570e-03
  -1.2261659e-01  -2.6436781e-01  -1.6955238e+00  -7.3216151e-03   1.3805933e-02   5.4281478e-03
  -8.2532150e-02  -2.4905285e-01  -1.6336941e+00  -8.5813036e-03   1.0597183e-02   4.3776180e-03
  -4.8950976e-02  -2.6863408e-01  -1.8609957e+00  -1.6596753e-03   1.0796527e-02   4.2951254e-03
  -7.5236959e-02  -2.7615147e-01  -1.9193957e+00  -8.8524957e-03   1.0375695e-02   3.9805747e-03
  -2.7165929e-02  -2.8318449e-01  -1.6901945e+00  -6.8420124e-03   8.8500936e-03   3.4694435e-03
  -1.6561732e-02  -2.1685439e-01  -1.5668729e+00  -7.0444767e-03   9.6305950e-03   3.3039077e-03
  -4.1151667e-03  -2.5733914e-01  -1.5381584e+00  -7.2592258e-03   9.7581180e-03   3.3004252e-03
  -1.2380597e-03  -2.7926871e-01  -1.5113163e+00  -6.0293888e-03   1.0055871e-02   3.2724070e-03
  -4.7173679e-03  -2.6747133e-01  -1.5257172e+00  -6.8074697e-03   9.8945593e-03   3.0961758e-03
  -9.4840211e-03  -2.6397736e-01  -1.5085299e+00  -6.2994716e-03   9.9083612e-03   3.2601037e-03
  -7.3573471e-03  -2.6163143e-01  -1.5046485e+00  -6.1930758e-03   1.0151633e-02   3.1660403e-03
  -7.4462375e-04  -2.7476506e-01  -1.5163955e+00  -6.4467459e-03   1.0403267e-02   3.1432514e-03
  -2.5127483e-03  -2.7400733e-01  -1.5170888e+00  -6.7375988e-03   9.8920975e-03   2.8475299e-03
  -1.9229872e-03  -2.6355314e-01  -1.5011492e+00  -6.0579196e-03   1.0282364e-02   3.0609160e-03
  -6.0489890e-03  -2.8126013e-01  -1.5289125e+00  -7.4607210e-03   1.0344223e-02   3.0232687e-03
  -3.4373292e-03  -2.7473945e-01  -1.5277213e+00  -7.3906375e-03   1.0654891e-02   3.1806914e-03
   8.0160331e-03  -2.6268577e-01  -1.5141505e+00  -5.8572227e-03   1.0068253e-02   3.0926841e-03
   8.7413695e-03  -2.5633589e-01  -1.5141900e+00  -7.0248632e-03   9.7428564e-03   2.8065036e-03
   5.7165264e-02  -3.1496940e-01  -1.7923838e+00  -8.5264475e-03   7.6777302e-03   1.3459804e-03
   1.5083520e-02  -2.4971425e-01  -1.5985918e+00  -5.6112152e-03   1.0208973e-02   2.8537520e-03
  -1.3168911e-02  -2.7301284e-01  -1.5181027e+00  -5.6550148e-03   1.1715980e-02   3.5974843e-03
  -1.2732151e-02  -2.5079488e-01  -1.5057903e+00  -5.6835759e-03   1.1002406e-02   3.0908475e-03
  -2.1616835e-02  -2.7189448e-01  -1.4956846e+00  -6.1030428e-03   1.0916489e-02   3.1920897e-03
  -1.3717423e-02  -2.8064362e-01  -1.5065175e+00  -5.7066706e-03   1.0768902e-02   3.2623673e-03
  -1.6919868e-03  -2.7667578e-01  -1.4916873e+00  -5.4489029e-03   1.0070454e-02   3.1127149e-03
  -1.4227681e-02  -2.4953058e-01  -1.5362870e+00  -6.1513330e-03   1.0530110e-02   3.2998195e-03
  -6.9575086e-03  -2.5266627e-01  -1.5193867e+00  -6.1092300e-03   1.0442208e-02   3.1783345e-03
  -1.7784403e-02  -2.6128885e-01  -1.5478558e+00  -6.3781339e-03   1.0292327e-02   2.9963816e-03
   1.3153215e-02  -2.8832646e-01  -1.5155506e+00  -6.5928301e-03   1.0607855e-02   2.7838817e-03
  -3.1262514e-02  -2.2104827e-01  -1.4360662e+00  -5.3527682e-03   1.1482099e-02   3.7089659e-03
  -4.2813196e-02  -2.4736025e-01  -1.4896385e+00  -5.7673129e-03   1.1706408e-02   3.8561791e-03
  -3.1185130e-02  -2.4095004e-01  -1.4794641e+00  -5.7100945e-03   1.1702860e-02   3.9524302e-03
  -2.5988466e-02  -2.7704423e-01  -1.4788574e+00  -4.7429139e-03   1.1249224e-02   3.5813886e-03
  -2.5145637e-02  -2.4433208e-01  -1.4998319e+00  -6.0368826e-03   1.1218088e-02   3.5070159e-03
  -1.9800178e-02  -2.7179860e-01  -1.4692957e+00  -5.9492168e-03   1.1360216e-02   3.6758162e-03
  -2.2319865e-02  -2.6075011e-01  -1.4669330e+00  -6.0761358e-03   1.1457356e-02   3.5402702e-03
  -7.6336878e-03  -2.4960672e-01  -1.4896049e+00  -6.1847598e-03   1.1113484e-02   3.3379090e-03
  -2.5026899e-02  -2.8552014e-01  -1.6898798e+00  -6.4185594e-03   1.1484816e-02   3.8016176e-03
   9.4911572e-03  -2.6450343e-01  -1.6517704e+00  -7.3242766e-03   1.0355972e-02   2.8933704e-03
  -3.5953498e-04  -2.4083300e-01  -1.6643229e+00  -7.7272097e-03   9.5571186e-03   2.7948195e-03
  -1.3040674e-02  -2.5806505e-01  -1.5408395e+00  -6.3432792e-03   1.0437726e-02   3.4021289e-03
  -1.2138450e-02  -2.3956696e-01  -1.5075090e+00  -5.8766911e-03   9.8161631e-03   3.1417333e-03
  -1.3368760e-02  -3.0491292e-01  -1.8767207e+00  -6.3645710e-03   9.3881951e-03   3.7271260e-03
  -4.3435338e-02  -2.3739811e-01  -1.7166479e+00  -6.3418691e-03   1.0945024e-02   3.9379305e-03
   1.7056490e-02  -2.5241322e-01  -1.5332633e+00  -5.0076000e-03   9.3264117e-03   2.8975395e-03
   2.2034806e-02  -2.4756056e-01  -1.5936403e+00  -5.7050873e-03   9.2274630e-03   3.0337214e-03
   2.0291059e-02  -2.3436940e-01  -1.6190449e+00  -7.1041053e-03   9.2462664e-03   3.0661369e-03
   2.1073487e-02  -2.8143484e-01  -1.5581739e+00  -3.8363396e-03   1.1195163e-02   3.2588807e-03
  -7.2492067e-02  -3.1613135e-01  -1.5724839e+00  -7.1779266e-03   9.6536980e-03   4.4695853e-03
  -6.7854373e-02  -2.5549131e-01  -1.6214691e+00  -7.1316486e-03   9.7552810e-03   4.5897049e-03
  -5.2030638e-02  -2.7922157e-01  -1.5920222e+00  -6.7399401e-03   9.2727029e-03   4.0495242e-03
  -6.1925398e-02  -2.8448753e-01  -1.7263081e+00  -7.7172854e-03   9.9858297e-03   4.2556233e-03
  -4.3690703e-02  -2.9118385e-01  -1.7108414e+00  -8.0629195e-03   9.3716000e-03   3.9911542e-03
  -3.2511869e-02  -2.7188651e-01  -1.7445731e+00  -8.9272729e-03   8.9305244e-03   3.4489671e-03
   3.5713162e-03  -2.9943973e-01  -1.6437177e+00  -7.2141901e-03   8.7725285e-03   3.1844635e-03
  -1.3206954e-02  -2.5893191e-01  -1.6848410e+00  -8.0160214e-03   9.3022281e-03   3.4459926e-03
   8.0740029e-03  -2.8079951e-01  -1.5979038e+00  -7.0603915e-03   9.3904860e-03   3.1874569e-03
   9.0780912e-03  -2.7526452e-01  -1.6272069e+00  -6.7242417e-03   9.5154085e-03   3.0912340e-03
   1.4220824e-02  -2.8073062e-01  -1.6440826e+00  -7.8107112e-03   9.0985259e-03   2.8262735e-03
   5.3964227e-03  -2.6346590e-01  -1.6603942e+00  -6.9974820e-03   9.9930903e-03   3.2979713e-03
   1.7040983e-02  -2.9065874e-01  -1.6295211e+00  -7.2330960e-03   9.9099999e-03   3.1860853e-03
   3.1222852e-02  -2.7848344e-01  -1.5908786e+00  -9.2837650e-03   8.2223681e-03   2.5347807e-03
   2.4082260e-02  -2.6271664e-01  -1.5025549e+00  -5.3701122e-03   8.7198804e-03   2.9278783e-03
   1.5898859e-02  -2.5473754e-01  -1.5653082e+00  -5.6141195e-03   9.8632294e-03   3.1145984e-03
   1.8138328e-02  -2.8048246e-01  -1.5532977e+00  -6.5592460e-03   9.9992792e-03   3.2922369e-03
  -6.1993288e-03  -2.5454774e-01  -1.5854840e+00  -7.1683789e-03   1.0053917e-02   3.5071994e-03
  -9.0638401e-03  -3.2509324e-01  -1.5131136e+00  -1.9736530e-03   1.1451837e-02   3.9702477e-03
  -1.1869144e-01  -3.5060490e-01  -2.0213991e+00  -1.2492302e-02   1.2331422e-02   5.4458471e-03
  -8.5909553e-02  -2.4759751e-01  -1.9040249e+00  -6.3643157e-03   1.0190060e-02   5.1594862e-03
  -1.4713921e-02  -2.8547603e-01  -1.8624463e+00  -6.2335133e-03   7.6928997e-03   3.9912677e-03
   2.5262419e-02  -2.9875396e-01  -2.0810395e+00  -7.9425093e-03   7.5539337e-03   3.1580602e-03
   3.4163095e-02  -2.8506268e-01  -1.8085606e+00  -5.8297046e-03   8.8515783e-03   3.0561379e-03
   2.2882590e-02  -2.8449957e-01  -1.7644254e+00  -2.9099459e-03   1.0428428e-02   3.9286798e-03
   4.0695167e-02  -3.0306859e-01  -1.8360267e+00  -3.3832602e-03   8.7910271e-03   3.6668589e-03
   4.8269304e-02  -2.8382008e-01  -1.8372707e+00  -2.6814336e-03   1.0580873e-02   2.9187307e-03
   3.2658557e-02  -2.8752173e-01  -1.7984523e+00  -3.7191350e-03   8.7221271e-03   3.9512809e-03
   1.9522886e-02  -3.3087457e-01  -1.8135371e+00  -1.6654403e-03   9.0257135e-03   3.8495063e-03
   1.9664711e-02  -2.9848016e-01  -1.8004711e+00  -3.0719355e-03   9.9240218e-03   3.8855877e-03
   2.2189192e-02  -3.0031696e-01  -1.7944831e+00  -3.3712696e-03   9.7607263e-03   3.8515453e-03
   2.4806003e-02  -2.9876519e-01  -1.8055467e+00  -3.2598352e-03   9.9293603e-03   4.0739218e-03
   2.9981272e-02  -2.8352645e-01  -1.8403076e+00  -4.6563211e-03   9.9862038e-03   3.8300841e-03
   3.6913656e-02  -2.8271284e-01  -1.8383529e+00  -4.6155054e-03   9.6401884e-03   3.7525674e-03
   3.4164128e-02  -2.9745246e-01  -1.8121176e+00  -5.1842692e-03   1.0558663e-02   3.9249737e-03
   3.5187324e-02  -3.2412729e-01  -1.9619944e+00  -6.5945941e-03   1.0205908e-02   3.4704849e-03
  -4.7590135e-03  -2.6837870e-01  -1.9115415e+00  -4.6610529e-03   1.0086570e-02   4.1237268e-03
   1.3333887e-02  -2.7635565e-01  -1.8814716e+00  -4.7307891e-03   9.8094328e-03   4.0689725e-03
   1.0492950e-02  -2.8742808e-01  -1.8978816e+00  -4.3533318e-03   9.6735337e-03   4.1259860e-03
   3.0585441e-03  -3.1238441e-01  -1.9336332e+00  -5.5226264e-03   1.0864759e-02   4.2946400e-03
  -1.7945636e-04  -3.0598129e-01  -2.0493431e+00  -5.2506822e-03   9.9975487e-03   4.1956658e-03
   5.0207887e-03  -3.0141165e-01  -2.0407642e+00  -5.0880782e-03   9.2176512e-03   3.9554679e-03
   3.1231020e-02  -2.8863874e-01  -2.0868900e+00  -6.2988410e-03   9.2238990e-03   3.5452813e-03
   3.6308875e-02  -2.8507996e-01  -2.0416024e+00  -5.5372987e-03   8.8335214e-03   3.4784635e-03
   3.0484486e-02  -2.9866524e-01  -2.0455227e+00  -5.2142798e-03   8.9829265e-03   3.5860255e-03
   2.8516381e-02  -2.9432950e-01  -2.0760374e+00  -5.8069731e-03   8.8927307e-03   3.5902659e-03
   2.6569177e-02  -2.9058832e-01  -2.0842187e+00  -6.7261219e-03   8.1116916e-03   3.5247285e-03
   4.0368938e-02  -2.9425412e-01  -2.0811225e+00  -6.8806493e-03   8.6474660e-03   3.4761017e-03
   2.5542850e-02  -2.8485471e-01  -2.1094615e+00  -6.9708420e-03   8.5189207e-03   3.5186899e-03
   3.3628900e-02  -2.9216704e-01  -2.1092160e+00  -7.5788970e-03   8.8905820e-03   3.2482354e-03
   2.4952232e-02  -2.9931099e-01  -2.1102740e+00  -7.8316056e-03   8.8923225e-03   3.6309777e-03
   2.9895117e-02  -2.9751255e-01  -2.1140080e+00  -7.6359274e-03   9.1480812e-03   3.8112073e-03
   3.8717647e-02  -3.0068720e-01  -2.0952886e+00  -7.3476807e-03   8.8692980e-03   3.6590968e-03
   3.2227006e-02  -2.9754492e-01  -2.1373117e+00  -7.2585929e-03   8.3435856e-03   3.5362504e-03
   3.5507274e-02  -3.0497680e-01  -2.1380648e+00  -7.8453423e-03   8.8535338e-03   3.4322710e-03
   4.0256951e-02  -3.0286790e-01  -2.1415771e+00  -7.9999742e-03   8.9444262e-03   3.4263662e-03
   4.2022487e-02  -3.0292007e-01  -2.1473731e+00  -7.5001219e-03   9.8209959e-03   3.8435200e-03
   2.8277423e-02  -2.9800641e-01  -2.1207252e+00  -7.4795104e-03   9.4608371e-03   3.5359452e-03
   3.0614367e-02  -2.9987508e-01  -1.9834205e+00  -6.1245748e-03   9.4074209e-03   3.6117020e-03
   3.2808694e-02  -2.9308361e-01  -1.7872612e+00  -4.5237225e-03   1.0222501e-02   3.5229957e-03
   3.2854984e-02  -3.6832389e-01  -1.4331542e+00  -2.6549889e-02   1.8554404e-02   3.8433438e-03
   1.4648862e-02  -2.0398593e-01   1.6819119e+00   2.4026304e-03   2.8182411e-03   5.4643704e-03
  -1.1516988e-01  -7.0773336e-03   2.0406807e+00   3.7345660e-02   1.6589147e-02   1.0362579e-02
  -2.7510484e-02   1.0983188e-01  -1.0204992e-01   1.2212885e-02   8.6512229e-03   4.9003698e-03
  -4.2143139e-03  -1.5758805e-01  -8.4237272e-01  -9.8368403e-03   1.0105219e-02   4.6597841e-03
   1.1733555e-02  -1.9656240e-01  -6.1387886e-01  -9.3447689e-03   9.4327592e-03   4.3221087e-03
   1.8214129e-02  -1.9914767e-01  -6.2207548e-01  -8.0561432e-03   7.0997616e-03   3.4607814e-03
   2.2697769e-02  -2.2196978e-01  -5.7319083e-01  -8.3786380e-03   7.7081860e-03   3.4721325e-03
   1.2123606e-02  -2.3829712e-01  -6.3570391e-01  -7.1036763e-03   8.2353853e-03   3.6863037e-03
   6.4640568e-03  -2.5367803e-01  -5.4524874e-01  -5.9309466e-03   8.0594507e-03   3.4527617e-03
   1.0941862e-02  -2.5586222e-01  -5.2676138e-01  -5.8466168e-03   8.9558347e-03   3.7531854e-03
   1.1758983e-02  -2.4411905e-01  -4.8737615e-01  -5.0625318e-03   8.3816264e-03   3.6316933e-03
   1.1417876e-02  -2.5377468e-01  -4.6583350e-01  -5.2084011e-03   8.4884115e-03   3.5225585e-03
   2.1853399e-02  -2.5375298e-01  -4.6752993e-01  -5.5755268e-03   8.3344768e-03   3.4505350e-03
   2.0448090e-02  -2.4684650e-01  -4.8233211e-01  -4.7728333e-03   8.1469665e-03   3.6623389e-03
   2.2026299e-02  -2.5491484e-01  -4.9206783e-01  -5.4754427e-03   8.7029883e-03   3.4527065e-03
   1.3497978e-02  -2.5491647e-01  -4.8394449e-01  -5.2096627e-03   8.5257464e-03   3.5711681e-03
   1.1175071e-02  -2.4389929e-01  -4.8634514e-01  -5.1263914e-03   8.5709969e-03   3.7840816e-03
   9.0010893e-03  -2.3073463e-01  -4.9457863e-01  -3.9285157e-03   9.3930336e-03   4.0095868e-03
   6.6972103e-03  -2.4783611e-01  -4.8690585e-01  -4.4669727e-03   9.6225496e-03   4.0709322e-03
   3.0379766e-02  -2.5777319e-01  -5.4116072e-01  -4.9256745e-03   9.5899230e-03   3.7058769e-03
  -5.9365963e-03  -2.5902178e-01  -5.3482333e-01  -4.1282021e-03   1.0570017e-02   4.3303497e-03
  -7.0206828e-03  -2.3982306e-01  -5.1085688e-01  -4.4410947e-03   1.0456316e-02   4.4216889e-03
   1.0361262e-02  -2.1702220e-01  -4.9906449e-01  -4.2163388e-03   1.0055158e-02   4.3865356e-03
   2.0522440e-02  -2.2762766e-01  -5.3559685e-01  -4.5656682e-03   8.8321618e-03   3.8463149e-03
   2.2455521e-02  -2.1119310e-01  -5.3748086e-01  -4.5639520e-03   8.5308091e-03   3.4723056e-03
   2.9549430e-02  -2.3768052e-01  -5.1694754e-01  -4.1197375e-03   9.0132024e-03   3.5288150e-03
   3.5536295e-02  -2.2117558e-01  -5.2346772e-01  -4.3669740e-03   7.4567017e-03   2.9587350e-03
   2.4925426e-02  -2.3210321e-01  -4.9321472e-01  -2.8453611e-03   7.6090600e-03   3.3826188e-03
   3.2944377e-02  -2.4170655e-01  -4.2416984e-01  -3.0698891e-03   7.2066779e-03   3.2582912e-03
   3.4649206e-02  -2.2103942e-01  -3.9309409e-01  -8.8380552e-04   7.4721724e-03   3.5183733e-03
   2.3240558e-02  -2.1071204e-01  -3.9166047e-01  -1.1409268e-03   7.3434284e-03   3.4929993e-03
   4.9281182e-02  -2.1597649e-01  -4.0729246e-01  -1.5427913e-03   7.5421158e-03   3.3678629e-03
   4.3655611e-02  -1.9570373e-01  -4.2058106e-01  -2.1245428e-03   8.3369765e-03   3.5193610e-03
  -7.6941351e-03  -2.6588251e-01  -1.0077640e+00  -3.1645938e-03   8.5078841e-03   4.1312637e-03
   4.5465170e-03  -2.2772198e-01  -1.0386300e+00  -4.8967358e-03   8.2267353e-03   3.5626987e-03
   2.2474886e-03  -2.4027042e-01  -1.0538599e+00  -5.3143925e-03   1.0310848e-02   3.7338499e-03
  -2.1491775e-02  -3.2104795e-01  -1.4444212e+00  -8.6311238e-03   8.2014827e-03   4.0388880e-03
  -7.6333506e-04  -2.2479971e-01  -1.2572410e+00  -7.7461870e-03   9.2738510e-03   4.0250907e-03
  -4.7579674e-03  -2.5477521e-01  -1.1857663e+00  -5.8859910e-03   9.1071981e-03   4.2191943e-03
   4.1910148e-02  -2.2940489e-01  -1.0466624e+00  -5.8869499e-03   7.0070571e-03   3.2654946e-03
   4.2501213e-02  -2.0876005e-01  -9.4773202e-01  -1.0241930e-03   7.9256945e-03   3.5454047e-03
   2.7854536e-03  -2.0763292e-01  -1.0353165e+00  -3.8010368e-03   9.8167656e-03   4.1929608e-03
  -3.5503840e-02  -2.4675758e-01  -1.1076706e+00  -3.2002210e-03   9.6471987e-03   4.9895757e-03
  -4.7870486e-02  -3.2081803e-01  -1.0988895e+00  -7.3826240e-03   9.1551106e-03   5.2740092e-03
  -4.2773156e-02  -2.3830536e-01  -1.2456280e+00  -7.0224525e-03   1.1747800e-02   5.6115857e-03
  -1.0406947e-01  -2.6766987e-01  -1.2666166e+00  -6.2584735e-03   1.5717210e-02   6.9018962e-03
  -4.6385721e-03  -4.1348313e-01  -4.7222260e-01  -1.3973837e-02   9.4163122e-03   4.9099094e-03
  -7.9906361e-02   8.8918565e-02   3.3836807e+00   2.2835505e-02  -2.8887759e-03   4.5713767e-03
  -2.3512327e-01   1.4212987e-01   9.6403603e-02   4.3432568e-02   1.4103699e-02   8.8303272e-03
  -1.2791005e-02  -2.3291644e-01  -2.1914598e+00  -8.7086864e-03   9.8445308e-03   4.6798079e-03
   1.8511274e-02  -2.4084373e-01  -1.8886413e+00  -6.1531903e-03   8.7955390e-03   4.1472530e-03
   4.5654004e-02  -2.8608214e-01  -1.8734554e+00  -5.2685957e-03   7.9312403e-03   3.9407274e-03
   1.6121397e-02  -2.9724769e-01  -1.8047202e+00  -4.8936839e-03   1.0648322e-02   4.6018933e-03
  -2.5138042e-03  -2.9455624e-01  -1.7530899e+00  -4.8528872e-03   1.0115533e-02   4.6002581e-03
   1.3104951e-02  -2.8610590e-01  -1.7672909e+00  -4.6648144e-03   1.0194285e-02   4.2517810e-03
  -2.4547982e-02  -2.6439817e-01  -1.6829565e+00  -4.9124097e-03   8.7719192e-03   4.5371243e-03
  -3.0213403e-02  -2.7611718e-01  -1.6805846e+00  -6.0280280e-03   9.1323386e-03   4.5784698e-03
  -3.8250564e-02  -2.8962136e-01  -1.7102011e+00  -4.1481533e-03   9.4659914e-03   5.0055410e-03
  -3.5294456e-02  -3.0453499e-01  -1.7891174e+00  -1.4069809e-02   1.2684954e-02   4.9878614e-03
  -1.0252299e-01  -1.3360458e-01   3.5986038e-01   8.8594286e-03   4.6318447e-03   4.8172359e-03
  -8.9809232e-02  -1.2272508e-01   3.9544061e-01   1.1105982e-02   5.1593532e-03   5.1962990e-03
  -8.1284195e-02  -1.2350943e-01   3.9310228e-01   1.0247848e-02   5.0373106e-03   4.9871406e-03
  -7.6213183e-02  -1.4914437e-01   3.9435820e-01   1.0588837e-02   5.0107169e-03   4.6770844e-03
  -5.5163921e-02  -9.0976842e-02   4.1182443e-01   8.0561887e-03   8.1625094e-03   4.1161951e-03
  -7.6821040e-02  -1.3245267e-01   1.5643383e-01   9.0112440e-03   7.5237924e-03   5.0061000e-03
  -9.6321799e-02  -1.7522068e-01  -1.7375713e-01   3.1005744e-03   7.2207519e-03   5.1203903e-03
  -7.0284092e-02  -2.1436378e-01  -2.0128457e-01   8.7234149e-03   9.7861338e-03   5.4615051e-03
  -6.9452221e-02  -1.7422419e-01  -2.5899719e-01   3.8002338e-03   6.5489863e-03   4.6000445e-03
  -2.6626713e-02  -2.1275892e-01  -1.9139121e-01   4.5658431e-03   5.1417048e-03   3.9022351e-03
   8.5494979e-03  -1.6573109e-01  -2.2591028e-01   7.0586382e-03   1.2588635e-03   2.8967927e-03
   5.8355136e-02  -1.7078756e-01  -4.1222306e-01   5.2483820e-03   6.0419956e-04   1.6649502e-03
  -1.4917686e-02  -2.0974223e-01  -4.1900268e-01   3.0606543e-03   3.0571779e-03   2.9981749e-03
  -1.5456165e-02  -1.8750025e-01  -4.3639910e-01   2.9712963e-03   2.7179923e-03   3.0002725e-03
   4.2169176e-03  -2.1059861e-01  -4.1890584e-01   2.9545383e-03   2.9847136e-03   2.7277064e-03
   2.6283129e-03  -2.0022823e-01  -4.2510626e-01   2.4032577e-03   2.4075805e-03   2.6617870e-03
  -9.2915716e-03  -2.0572919e-01  -4.7733934e-01   3.0829718e-03   2.3999147e-03   2.7477565e-03
   1.3743689e-02  -1.9320478e-01  -4.4036003e-01   3.0604427e-03   1.8908722e-03   2.5653879e-03
   1.4022492e-02  -2.1418493e-01  -4.9753636e-01   1.9256287e-03   2.5420265e-03   2.4940752e-03
  -3.2678799e-03  -2.2149708e-01  -4.7483667e-01   3.4907596e-03   2.7232505e-03   3.0543528e-03
  -2.1858551e-02  -2.7130383e-01  -1.0467829e+00  -7.6568443e-04   2.2954866e-03   3.3999358e-03
  -1.4068776e-02  -2.2148640e-01  -9.6555120e-01  -8.7426425e-04   1.9045112e-03   2.9899168e-03
  -9.7074738e-03  -2.4827921e-01  -8.9650420e-01  -5.4124814e-04   1.7614896e-03   2.8367336e-03
  -5.9178960e-03  -2.4145928e-01  -8.9669083e-01  -2.3169130e-05   1.5701715e-03   2.6454903e-03
   1.7843982e-03  -2.0362882e-01  -8.7252124e-01  -2.8261820e-03   6.7357228e-03   2.4389983e-03
  -2.4934732e-02  -2.6042699e-01  -9.8913591e-01  -3.8034947e-04   2.5286327e-03   3.2592245e-03
  -2.4567451e-02  -2.2551462e-01  -9.6820588e-01  -1.1246625e-03   1.8036529e-03   3.2857315e-03
  -2.0367028e-02  -2.4220206e-01  -9.4865334e-01  -6.7527354e-04   1.7635967e-03   3.0806522e-03
   8.1205420e-03  -2.4886481e-01  -8.8567396e-01  -9.7496686e-04   5.2805538e-04   2.5742100e-03
   1.8650886e-02  -2.2528729e-01  -8.2469495e-01   3.5514038e-04   1.9810089e-03   2.6694718e-03
   4.8493171e-03  -2.4508816e-01  -8.4422524e-01   4.5769189e-04   1.4516394e-03   2.7103719e-03
  -5.0077287e-04  -2.1310461e-01  -9.8281663e-01   5.1780047e-03   3.8981881e-03   3.2204009e-03
  -1.1694152e-01  -3.1340897e-01  -8.9779098e-01  -4.7543918e-03   1.0492714e-02   7.4898313e-03
  -1.0494768e-01  -7.0656457e-02  -5.1289901e-01   1.2538671e-02   8.7519391e-03   6.4860806e-03
   2.2228118e-02  -3.5942291e-01  -1.7521129e+00  -2.7267763e-03   3.5474665e-03   3.3991226e-03
   2.6392905e-02  -3.7810640e-01  -1.5773337e+00  -5.7582840e-03   5.1068529e-04   2.5375999e-03
   2.8831855e-03  -3.2534411e-01  -1.4344893e+00  -4.4825238e-03  -5.4496538e-04   2.3635966e-03
   1.6287901e-02  -3.2639371e-01  -1.3368409e+00  -3.5948210e-03   6.8427165e-05   2.4184688e-03
   1.1906071e-02  -3.1799687e-01  -1.3095297e+00  -3.6755993e-03  -3.8428446e-05   2.2888124e-03
   1.4612339e-02  -3.2877265e-01  -1.2780236e+00  -4.0871553e-03   5.5189950e-05   2.2342068e-03
   1.0560309e-02  -3.2085960e-01  -1.2582380e+00  -4.1071822e-03  -8.7758321e-05   2.0931304e-03
   1.7000671e-02  -3.5077985e-01  -1.2517698e+00  -3.7413776e-03   2.3726180e-04   2.0128799e-03
   7.6226330e-03  -3.4360129e-01  -1.2843938e+00  -3.9564459e-03  -2.1529158e-04   2.1280932e-03
  -5.0743086e-03  -3.3910798e-01  -1.3016555e+00  -4.0318041e-03   6.9989455e-04   2.5500736e-03
  -1.3929642e-02  -3.0984094e-01  -1.3027776e+00  -4.6136786e-03   7.0804566e-04   2.4546972e-03
  -3.3327373e-02  -3.1620289e-01  -1.2984090e+00  -3.8271385e-03   1.8657476e-03   2.9908596e-03
  -1.8418121e-02  -2.9604368e-01  -1.2789060e+00  -5.5169933e-03   1.6058207e-05   2.3641234e-03
   4.0350553e-03  -2.8692983e-01  -1.1775576e+00  -3.0419838e-03   4.1849729e-04   2.4311869e-03
  -3.8688405e-02  -2.9526342e-01  -1.2407044e+00  -4.1364941e-03   1.9273280e-04   2.8604321e-03
  -9.9052178e-03  -3.1029566e-01  -1.2248544e+00  -3.9995341e-03  -1.3820350e-04   2.6285028e-03
   3.1765308e-03  -2.9138846e-01  -1.1520935e+00  -3.5831547e-03  -4.8407262e-04   2.4585063e-03
  -4.1909561e-03  -2.8016563e-01  -1.2094801e+00  -2.6687225e-03   4.9519218e-06   2.5000372e-03
  -1.8890220e-03  -2.7850377e-01  -1.2638200e+00  -4.8439574e-03  -2.0619988e-04   2.2307742e-03
   2.6764823e-05  -2.9726606e-01  -1.2241688e+00  -4.2160278e-03   5.6555429e-04   2.5634532e-03
  -2.0194530e-04  -2.8717197e-01  -1.2266754e+00  -3.9298306e-03   3.1189361e-04   2.4165734e-03
  -6.3582449e-03  -3.0150554e-01  -1.2380775e+00  -4.0065310e-03   8.4835568e-05   2.4729198e-03
   1.2985371e-02  -3.2060238e-01  -1.2210844e+00  -3.5138401e-03  -8.5210713e-04   2.0021289e-03
   5.2761183e-02  -3.2127052e-01  -9.8603581e-01  -1.4781141e-03  -5.1877269e-03   1.0749918e-03
  -2.5898488e-02  -2.4306075e-01  -1.0784091e+00  -1.9129952e-04   9.7759934e-04   2.7298842e-03
   8.9718846e-03  -2.8074822e-01  -1.0223347e+00  -1.4767417e-03   4.4171369e-04   2.2702565e-03
   1.5639792e-02  -2.8316743e-01  -1.0590114e+00  -2.5886856e-03  -1.4248525e-04   2.2387136e-03
   2.4146070e-02  -2.7826205e-01  -1.0271902e+00  -1.5247682e-03  -2.3877722e-04   2.0576075e-03
   1.8664351e-02  -2.7298070e-01  -1.0379648e+00  -1.6106394e-03   2.2459245e-04   2.2634225e-03
   2.8648454e-02  -2.9385334e-01  -1.0372291e+00  -1.8783377e-03  -7.9945346e-04   2.1915038e-03
   1.9120960e-02  -2.7616018e-01  -1.1230170e+00  -8.2296685e-04   3.3216840e-04   2.3778380e-03
   7.3294922e-03  -2.6919522e-01  -1.1817197e+00  -3.7909379e-03   2.3780761e-04   2.2248492e-03
   2.1968994e-03  -2.8182407e-01  -1.1037248e+00  -2.7185784e-03   2.4609369e-03   2.1933463e-03
   8.1004893e-03  -2.6293442e-01  -1.1525717e+00  -3.1913207e-03  -3.5950427e-04   2.2578365e-03
   1.2922958e-02  -2.7787713e-01  -1.1304638e+00  -2.6235974e-03  -9.7595775e-05   2.4879671e-03
   8.3757333e-03  -2.7179597e-01  -1.1757746e+00  -3.4127586e-03   3.6426164e-04   2.5376434e-03
   7.0806722e-03  -2.8742386e-01  -1.1914698e+00  -3.4545229e-03  -3.3507321e-04   2.5287268e-03
   8.7252341e-03  -2.8675838e-01  -1.2324383e+00  -4.1389837e-03  -2.7807835e-04   2.4299160e-03
   8.6621395e-03  -3.0029941e-01  -1.2174782e+00  -2.9700413e-03   7.2284776e-04   2.4680437e-03
   1.5129974e-02  -2.9101998e-01  -1.1895946e+00  -3.7885885e-03  -3.1520569e-04   2.1398019e-03
   2.0471308e-02  -2.7027031e-01  -1.1846955e+00  -3.7023501e-03   1.0799046e-03   2.4704877e-03
   4.9841079e-03  -3.0791557e-01  -1.1990617e+00  -3.5115318e-03   7.6837397e-04   2.5244247e-03
   7.8679478e-03  -2.7128472e-01  -1.1578786e+00  -3.1693040e-03  -4.1247563e-04   2.4590290e-03
   1.8925258e-02  -2.8204131e-01  -1.1803734e+00  -3.3411756e-03   2.3708612e-04   2.2594884e-03
   7.4657574e-03  -2.9133893e-01  -1.2514659e+00  -2.3548275e-03   1.5882674e-03   2.6309608e-03
   1.0808258e-02  -2.8061168e-01  -1.2292617e+00  -4.2564978e-03   3.3221987e-04   2.5798215e-03
   2.5128973e-02  -2.7550383e-01  -1.1965773e+00  -2.9430201e-03   2.6707121e-04   2.3547039e-03
   3.4018799e-02  -2.8320605e-01  -1.2177873e+00  -2.3710339e-03   8.3972679e-04   2.5334105e-03
   1.7848338e-02  -2.9062515e-01  -1.3156995e+00  -3.8507804e-03   1.4835256e-03   2.6500689e-03
   7.0634241e-02  -3.9456243e-01  -1.9184494e+00  -9.5866624e-03  -5.7028186e-04   1.2943480e-03
   4.7982360e-03  -2.7757862e-01  -1.2862107e+00  -6.4774813e-04   2.7536741e-04   3.1086661e-03
   5.6545585e-02  -2.7160226e-01  -8.4898980e-01   2.2843090e-03   3.3621621e-04   2.9928446e-03
  -1.3793568e-02  -2.4479596e-01  -1.0151597e+00   1.0642022e-04   3.7022150e-03   4.1806018e-03
   2.8310691e-02  -2.4900390e-01  -9.4631912e-01   1.1144736e-03   2.6225654e-03   3.4899128e-03
   3.3733460e-02  -2.3477691e-01  -9.0880238e-01   8.4638076e-04   1.7733585e-03   2.9995598e-03
   5.5987878e-02  -2.2260172e-01  -7.9883318e-01   1.2689783e-03   5.7083228e-04   2.7773254e-03
   4.4480348e-02  -2.4805280e-01  -8.4264001e-01   1.0089451e-03   1.1774751e-03   3.0222758e-03
   4.3142539e-02  -2.4146043e-01  -8.5334107e-01   1.1131432e-03   1.1100587e-03   2.9267808e-03
   4.5758733e-02  -2.4131284e-01  -9.2930375e-01   7.4570783e-06   1.1428423e-03   3.1005557e-03
   4.7878385e-02  -2.6021423e-01  -8.6801345e-01   1.0008181e-03   9.3365825e-04   2.9546291e-03
   5.0454789e-02  -2.6039477e-01  -8.8315419e-01   8.4153632e-04   1.0233351e-03   3.1765166e-03
   5.0734531e-02  -2.6483949e-01  -8.9784721e-01   5.5321088e-04   1.4936296e-03   2.8552596e-03
   4.8806893e-02  -2.5545013e-01  -9.1750386e-01   4.3248779e-04   1.7523932e-03   2.9551115e-03
   5.2796357e-02  -2.6456892e-01  -9.0073817e-01   1.4438528e-04   1.5696708e-03   2.9065242e-03
   4.6569225e-02  -2.5689924e-01  -9.0968099e-01   2.3125757e-04   1.6402738e-03   3.0336091e-03
   4.2392134e-02  -2.5761676e-01  -9.0382021e-01   8.3140912e-04   6.3017648e-04   3.1399869e-03
   5.3251835e-02  -2.3637191e-01  -9.1679106e-01   1.1145429e-03   1.6018292e-03   2.7159656e-03
   2.8623122e-02  -2.5818745e-01  -9.3765943e-01   1.0147231e-03   2.1382465e-03   3.3030161e-03
   3.1296034e-02  -2.5334408e-01  -9.4166380e-01   7.5323954e-04   1.5908802e-03   3.1465332e-03
   3.9846174e-02  -2.3356464e-01  -9.3166345e-01   5.1119006e-04   1.9860512e-03   2.9680032e-03
   3.0284122e-02  -2.5983419e-01  -9.7042814e-01   2.6724059e-05   2.1232305e-03   3.5043660e-03
   2.7208377e-02  -2.4210380e-01  -9.3959091e-01   2.0156954e-06   1.4277438e-03   3.2651643e-03
   4.1315065e-02  -2.6157770e-01  -9.0954076e-01   2.6925429e-04   1.0674481e-03   3.2531268e-03
   2.2436978e-02  -2.5818025e-01  -9.2035621e-01   1.2130606e-03   6.7089775e-04   3.4263278e-03
   4.5156800e-02  -2.3861262e-01  -9.1572896e-01   1.0675541e-03   5.9492317e-04   2.8122221e-03
   5.3508517e-02  -2.4286692e-01  -9.8357942e-01  -5.6076703e-04   4.6934401e-04   2.8449365e-03
   6.4729720e-02  -2.8064892e-01  -9.2165939e-01   9.1966166e-04   8.8728743e-04   2.5576362e-03
   6.6936189e-02  -2.6643907e-01  -1.0285874e+00  -5.0035662e-04   9.5013262e-04   2.6057337e-03
   3.1926604e-02  -2.4492417e-01  -1.0211912e+00  -6.1523953e-04   2.2703724e-03   3.0353354e-03
   2.6534613e-02  -2.6783601e-01  -1.0258504e+00   5.3910019e-04   1.9739220e-03   3.3331171e-03
   5.2590402e-02  -2.3855906e-01  -1.0761104e+00  -1.0065261e-03   2.4207686e-03   2.7643891e-03
   4.9460528e-02  -2.8706668e-01  -1.0292046e+00   7.4508082e-07   2.2773049e-03   2.9372272e-03
   5.1627414e-02  -2.2932158e-01  -1.0812629e+00  -2.0843663e-04   1.5024467e-03   2.6911047e-03
   7.1282046e-02  -2.5722813e-01  -1.0983051e+00  -1.0114563e-03   1.6209615e-03   2.8817588e-03
   6.8202715e-02  -2.3831340e-01  -1.0664541e+00  -1.2116631e-03   1.3857964e-03   2.6551015e-03
   5.6032563e-02  -2.6077604e-01  -1.0653195e+00  -3.4618905e-04   1.5692659e-03   2.9722234e-03
   6.6149654e-02  -2.4494037e-01  -1.0503380e+00   2.2793278e-04   1.7147375e-03   2.8646729e-03
   6.3661936e-02  -2.4525670e-01  -1.0766236e+00   3.6410769e-04   3.4440140e-04   2.5106468e-03
   6.6150258e-02  -2.5088928e-01  -1.2973378e+00  -3.3973064e-03   1.1088698e-03   2.7446120e-03
   3.5155465e-02  -2.5499269e-01  -1.1700272e+00  -1.1650835e-03   6.2358427e-04   2.8064681e-03
   4.0486939e-02  -2.4565587e-01  -1.1649925e+00  -1.7447611e-03   3.8768932e-04   2.9558482e-03
   4.7485608e-02  -2.7638142e-01  -1.2408971e+00  -1.7886469e-03   5.4697361e-04   3.1047121e-03
   3.1211646e-02  -2.5427460e-01  -1.1950502e+00  -1.4496283e-03   2.9647283e-04   2.9398037e-03
   4.3160727e-02  -2.6954413e-01  -1.1867954e+00  -2.2164337e-03  -1.7443358e-03   2.4227810e-03
   4.5770098e-02  -2.4821030e-01  -1.1142093e+00  -8.4066260e-04  -2.0309738e-04   2.5938976e-03
   5.8199532e-02  -2.4189694e-01  -1.0561989e+00  -7.0260074e-04  -1.0750901e-03   2.2790396e-03
   8.5005598e-02  -2.5205573e-01  -9.9115935e-01   5.7949740e-05  -6.7485111e-04   2.1151027e-03
   5.4795697e-02  -2.7957130e-01  -1.0480978e+00  -8.0241911e-05  -8.2070009e-04   2.6432933e-03
   5.7022084e-02  -2.3639201e-01  -1.0473391e+00  -7.1706195e-04   1.5309539e-04   2.5683666e-03
   7.2347004e-02  -2.4360835e-01  -9.8113584e-01   2.0069640e-04  -5.2466752e-05   2.3814113e-03
   7.6880481e-02  -2.5487319e-01  -1.0067072e+00  -2.0191405e-04  -2.6038532e-04   2.0057331e-03
   7.4974926e-02  -2.5179507e-01  -1.0938319e+00  -5.7000631e-04  -9.8626276e-04   2.0142604e-03
   6.5474354e-02  -2.3000186e-01  -7.7572084e-01   6.1223963e-03  -2.3673629e-03   2.1506038e-03
   5.0892010e-02  -2.0428218e-01  -9.3728420e-01   5.3678782e-04  -6.8682828e-04   2.1559086e-03
   4.2469105e-02  -2.4899232e-01  -9.8582923e-01   1.1313247e-03   3.2129238e-04   2.8721626e-03
   3.7664428e-02  -2.4937505e-01  -1.0008580e+00   2.7740284e-04   1.0266202e-04   2.6364597e-03
   6.6053269e-02  -2.3631873e-01  -1.0040329e+00  -1.1109701e-03   1.2356506e-03   1.8563843e-03
   3.2934701e-02  -2.5960232e-01  -1.1112728e+00  -3.9376424e-04   2.1172530e-04   2.8344564e-03
   3.9050056e-02  -2.6368492e-01  -1.0688242e+00  -5.4297695e-06   7.8332642e-04   2.7976051e-03
   6.1603773e-02  -2.6106842e-01  -9.7709603e-01   4.0535564e-03  -1.0757133e-03   2.4073593e-03
   4.6735569e-02  -2.4156422e-01  -9.3557645e-01   3.6536268e-03  -8.7123473e-04   2.8653761e-03
   1.0190104e-01  -3.0762999e-01  -1.0847173e+00   4.5301837e-03   3.8704750e-04   2.9551603e-03
  -3.2628982e-02  -2.3286133e-01  -1.0803791e+00   3.9630122e-03   2.8134425e-03   4.8655726e-03
  -1.2781245e-02  -2.5815899e-01  -1.0728187e+00   2.0355983e-03   9.2274188e-04   4.1093629e-03
  -3.0632412e-04  -2.8093384e-01  -1.0317199e+00   1.8520407e-03   4.9745319e-04   4.2306954e-03
   2.4093845e-02  -2.6045960e-01  -1.1049566e+00   2.8921269e-03  -1.4115212e-03   3.2257817e-03
   2.6728073e-02  -2.4330422e-01  -1.0339137e+00   2.3883379e-03  -2.4749386e-04   3.2648536e-03
   4.4081656e-02  -2.4884012e-01  -9.9971427e-01   3.7138178e-03   3.7913621e-05   3.0052133e-03
   1.5913463e-02  -2.5134467e-01  -1.2542892e+00   2.3949123e-03   8.4229204e-04   3.4210643e-03
  -6.3051878e-03  -2.6519059e-01  -1.1165740e+00   5.0692771e-03   2.3574914e-03   4.5018447e-03
   3.9067990e-02  -2.4259844e-01  -1.2203219e+00   7.8389410e-04   5.4281775e-04   2.9552742e-03
   5.3695340e-02  -2.7228243e-01  -1.1504337e+00   1.6545979e-03  -1.7179375e-05   2.9573018e-03
