   0.0000000e+00   0.0000000e+00   0.0000000e+00   0.0000000e+00   0.0000000e+00   0.0000000e+00
   1.6413526e-02   2.8449409e-02   3.5517702e-02   2.5189857e-03   1.7731671e-03  -5.3076925e-04
   2.4427518e-02   2.7059389e-02   8.9183503e-02   2.0405807e-03   8.5265883e-04   8.0050276e-05
  -5.3864453e-03   3.8291717e-02   3.7381825e-01   4.6840696e-03   9.1965422e-04  -7.9834420e-05
   8.2000132e-03   3.4728162e-02   3.2390900e-01   3.6774355e-03   8.1680025e-04  -8.4563306e-05
   7.4265162e-03   2.6885360e-02   4.9162212e-01   7.1272814e-04   1.8336229e-03  -7.2938568e-05
   7.1824993e-03   5.0198262e-02   5.2160140e-01   5.7041622e-03   2.5255923e-03  -5.4784395e-04
   2.1671782e-02   6.4574555e-03   4.5989621e-01   4.6144320e-03   2.2804741e-03  -1.2662744e-04
   1.1521373e-02   1.1279440e-03   4.3759654e-01   5.0550083e-03   5.2345908e-04   1.9197486e-04
   1.7335797e-02   4.3823842e-02   3.3220315e-01   5.0502477e-03   2.0435595e-03  -7.0553830e-05
   2.4418775e-02  -1.3178927e-02   3.6223941e-01   3.7772571e-03   2.3446123e-03   3.6831880e-04
   1.7971615e-02  -1.0047005e-02   3.3575059e-01   5.6089217e-03   2.4242325e-03   1.5704881e-04
   2.1363375e-02   9.6148852e-03   3.0195686e-01   4.4842172e-03   2.4926685e-03   2.4465196e-04
  -1.7075245e-03  -2.1629278e-02   3.1801954e-01   2.8694435e-03   2.9901339e-03   2.8915817e-05
  -7.9627953e-02   1.1190899e-04   2.8970931e-01  -4.8841713e-03   9.4660503e-03   1.9536857e-04
  -1.3539258e-01   8.6075939e-02   2.5935831e-01  -1.4091743e-03   1.1310609e-02   8.7699038e-04
  -1.2469114e-01   1.1902794e-01  -4.4412300e-02  -5.9333332e-03   9.7007858e-03  -3.9743676e-04
   2.5247380e-02   6.1211362e-02  -9.1842639e-02  -1.8788707e-03   7.0137632e-04  -2.4617950e-03
   4.5629578e-03   7.4224684e-02  -1.0350231e-01  -6.5798275e-03   3.4616237e-03  -2.5039566e-03
  -1.1122666e-02   2.6172121e-02  -7.5719306e-02  -1.0676457e-03   2.3620325e-03  -9.9267401e-05
   1.4439134e-02  -2.0693803e-03   5.2764758e-01   7.9566324e-03   4.6826815e-03  -5.4685387e-04
   3.3118261e-03  -1.0157239e-02   4.8923446e-01   7.8897264e-03   5.2930446e-03  -2.0459253e-06
   1.7427914e-02  -8.9503634e-02  -3.0472918e-02  -1.0844084e-03   3.6991246e-04  -4.1657528e-04
  -5.6432178e-02   5.6321321e-02   2.9311424e-01   1.1057493e-03   7.7825270e-03   2.0129118e-03
  -1.7878380e-01   4.5637574e-02  -2.0217274e-01  -2.7226763e-03   1.2905152e-02   3.3491544e-03
  -5.0528762e-02   1.1870516e-01  -1.0651227e+00  -1.1475314e-02   7.6477928e-03  -1.0911725e-03
  -4.0989119e-02   1.0314760e-01  -9.6515151e-01  -1.0554771e-02   7.6634886e-03  -1.4266120e-03
  -2.0987389e-02   7.3859613e-02  -8.5835507e-01  -9.7419547e-03   8.2366034e-03  -2.0642082e-03
   6.8392765e-03   4.8936042e-02  -8.1906093e-01  -6.8467946e-03   8.4181274e-03  -1.8264608e-03
   5.8199856e-04   5.7481260e-02  -6.4313445e-01  -6.6762171e-03   8.4785376e-03  -1.8572431e-03
  -4.9542497e-03  -8.3351435e-03  -6.0931236e-01  -3.3131638e-03   8.7154097e-03   2.3974416e-04
  -1.6167954e-02   6.0687240e-02  -7.9042323e-01  -3.3240067e-03   8.1242927e-03   1.8026710e-04
   3.3444753e-02  -1.7089322e-02  -8.3185336e-01  -5.9663820e-03   8.8166769e-03  -1.5502773e-03
   1.6127484e-02   5.0866252e-03  -7.7303212e-01  -6.0286624e-03   7.8298284e-03  -1.0992920e-03
   8.8616749e-02  -9.8024000e-02  -1.1499681e-01   7.2332064e-03   6.3083414e-03   7.8221491e-05
   5.6689683e-02  -1.3252242e-01   4.2928316e-01   1.2770170e-02   9.6375272e-03   3.7177279e-04
  -3.4503112e-02  -2.4788748e-02   7.6360610e-02   9.8741682e-03   1.0581470e-02   2.3285069e-03
   3.3415895e-02  -1.0377022e-01   6.4003596e-01   1.5613470e-02   1.5108326e-02   4.2894759e-04
   2.6020785e-02  -5.1965700e-02   6.2928204e-01   1.2215539e-02   1.1512398e-02  -1.6679545e-03
   4.7439735e-02  -1.3606401e-01   8.4598029e-01   1.7747329e-02   1.2273075e-02   1.4372948e-03
   5.6688075e-02  -1.3998103e-01   8.9657530e-01   1.6861178e-02   1.2624092e-02   6.7722582e-04
   6.3118814e-02  -6.4211541e-02   7.7753495e-01   1.7738905e-02   1.2685665e-02   6.2782366e-04
   5.2938868e-02  -7.5448078e-02   5.8650757e-01   1.3052708e-02   9.0549301e-03  -8.2916776e-04
   7.7288266e-02  -1.4248471e-01   6.0724739e-01   1.7127628e-02   9.9028121e-03  -2.9444156e-04
   5.0527723e-02  -7.2969978e-02   1.0490100e+00   1.9324467e-02   1.1558714e-02   6.9806851e-04
   1.1763709e-02   3.5993022e-03   1.3596273e+00   1.3199079e-02   1.2676775e-02  -1.3607849e-04
  -1.7868395e-02   1.6244883e-02   6.3380346e-01   1.3218140e-02   1.1145272e-02  -5.1843603e-05
  -6.3299488e-02   1.7061428e-02   2.3058390e-01  -7.9376069e-05   1.3617484e-02   7.6297493e-04
  -1.2947111e-01  -6.9153672e-02   1.5772702e+00   1.3867355e-02   1.5286200e-02   1.4411893e-03
  -1.2457635e-01  -1.3147062e-02   9.3076501e-01   1.3910134e-02   1.6627412e-02   2.2957501e-03
  -9.1900168e-02  -1.5710748e-02   1.1226260e+00   9.9278333e-03   2.1950029e-02   5.7325304e-04
  -2.1612758e-02   3.2550679e-02   9.7203551e-01   5.2257180e-03   1.9685717e-02  -3.4728050e-04
   2.6406626e-02   8.4701429e-04   9.9704332e-01   4.1749176e-03   2.0264289e-02  -1.4284882e-03
   3.8700957e-02  -8.5425566e-03   1.0937459e+00   4.1504916e-03   2.1250407e-02  -1.9514549e-03
   3.0668873e-02  -5.2030849e-03   1.1189411e+00   4.1423507e-03   2.0947176e-02  -1.8153422e-03
   4.1744494e-02   1.1102532e-02   1.1543459e+00   4.4194742e-03   2.1061476e-02  -1.5872370e-03
   2.9884696e-02   1.3164873e-02   1.1277732e+00   4.8359620e-03   2.0475971e-02  -4.7746362e-04
   1.8279386e-02   1.2310925e-02   1.2252183e+00   4.4576066e-03   2.0553800e-02  -5.2081564e-04
   2.3044134e-02   4.1708176e-03   1.2465971e+00   6.3871768e-03   2.2957121e-02  -1.1399329e-03
  -3.9505170e-03   5.1531903e-03   1.2350702e+00   4.3196526e-03   2.0895752e-02  -4.0821638e-04
  -9.9494894e-03  -2.2089576e-02   1.3234524e+00   7.3698791e-03   2.0369619e-02  -2.6119043e-04
   7.8222973e-03   1.9263640e-02   1.3710373e+00   5.1759797e-03   2.1412595e-02  -1.0047134e-03
   1.6895632e-03   4.4487034e-03   8.4034867e-01   1.7114933e-03   2.0899122e-02  -5.8722182e-04
   1.0150727e-02   4.3259443e-02   9.5066312e-01   1.8410999e-03   1.9736452e-02  -4.8395336e-05
   4.4130362e-02  -3.3705019e-02   8.2664525e-01   3.1595252e-03   1.8775110e-02   4.9382414e-04
   4.2792666e-02  -2.7397432e-02   6.8336975e-01   1.9996585e-03   1.9243697e-02   6.7155184e-05
   6.7969808e-02  -1.4912676e-02   9.3285103e-01   3.3775480e-03   1.9132733e-02  -8.9212629e-04
   5.1578112e-02  -9.8438277e-03   9.9368984e-01   4.1987334e-03   1.9803849e-02  -1.1756834e-04
   4.6672702e-02  -1.6450198e-03   9.6048136e-01   3.1177839e-03   1.9065019e-02  -4.3913059e-04
   5.6804245e-02  -2.0610419e-02   9.1776819e-01   3.0242576e-03   1.8914757e-02  -5.0041274e-04
   3.4989920e-02  -4.8244004e-02   1.0098339e+00   5.9240061e-03   2.0682069e-02  -2.3435317e-04
   6.0113987e-02  -5.3832556e-02   9.2658530e-01   3.8184182e-03   1.8780776e-02  -6.2778148e-04
   1.0796288e-01  -5.6122891e-03   1.1338302e+00   6.1520170e-03   1.7037172e-02  -1.4736235e-03
   9.2560848e-02   1.5088530e-02   8.9966201e-01   8.5304276e-04   1.6304515e-02  -5.8709780e-04
  -5.6948403e-02   3.4522069e-02   6.9674864e-01   4.0792691e-03   2.3938188e-02   1.0608908e-03
  -1.6971226e-03   1.9650492e-02   7.6574865e-01   4.5168266e-03   2.5341486e-02  -1.5475821e-04
   3.4618661e-02  -1.1028976e-02   8.7040466e-01   5.3495519e-03   2.4153873e-02  -6.6644419e-04
  -2.4845609e-03  -5.0761410e-02   8.4557821e-01   3.9795268e-03   2.3696435e-02  -8.4936958e-05
   2.5659739e-02  -1.0550427e-01   9.8401300e-01   6.4744457e-03   2.4347397e-02   8.6010691e-04
   4.6547938e-02  -5.7975243e-02   1.4829312e+00   9.9703802e-03   2.1594694e-02  -1.3073413e-03
   2.8000280e-02  -4.2047799e-02   1.5129591e+00   9.5490946e-03   2.1715817e-02  -7.5437093e-04
   2.8979127e-02  -3.2125709e-02   1.5519907e+00   1.0416977e-02   2.1471781e-02  -9.7451718e-04
   1.9353359e-02  -2.4034893e-02   1.3566760e+00   7.9935642e-03   1.9678854e-02  -2.8192162e-04
   4.4711603e-02  -3.2200007e-02   1.4711198e+00   8.9158697e-03   2.0355796e-02  -7.7835574e-04
   5.8162194e-02  -7.4282557e-02   1.5511741e+00   9.8131953e-03   2.0066671e-02  -8.3901198e-04
   1.4413297e-02  -6.0322290e-02   1.6623019e+00   9.7623093e-03   2.1554712e-02  -5.5994496e-04
   3.8828761e-02  -3.5525462e-02   1.6950135e+00   1.1408745e-02   2.0063915e-02  -1.4177543e-03
   5.6456939e-02  -5.3654556e-02   1.7140934e+00   1.0695892e-02   1.8949553e-02  -1.3000264e-03
   4.6171063e-02  -6.1695922e-02   1.5915388e+00   9.1234984e-03   1.7130886e-02  -6.9163298e-04
   7.2694939e-02  -1.3089510e-02   1.5051672e+00   8.6912011e-03   1.5868912e-02  -1.3259938e-03
   5.5895264e-02  -5.1249533e-02   1.5741228e+00   1.3923700e-02   1.9077327e-02  -3.2188372e-04
   3.9055791e-02  -4.0002382e-02   1.4477300e+00   9.7824193e-03   1.9355820e-02  -3.7255729e-04
   2.7423698e-02  -4.5641593e-02   1.4432046e+00   9.3548465e-03   1.8905339e-02  -4.1508948e-05
   2.8143094e-02  -1.1329822e-01   1.5540007e+00   9.5068939e-03   2.0708912e-02   1.1604181e-04
  -1.8010232e-02  -4.4488288e-02   1.3067947e+00   8.4629440e-03   2.0300786e-02   1.0738380e-04
   4.6902925e-02  -8.4896491e-02   1.2188761e+00   7.1860335e-03   1.7413341e-02  -1.0563696e-03
   4.0820975e-02  -7.5830138e-02   1.3539213e+00   8.6763100e-03   1.8355125e-02  -1.1440125e-03
   5.2361092e-02  -9.6029637e-02   1.3596114e+00   8.4457565e-03   1.7818198e-02  -1.3030970e-03
   4.9249649e-02  -8.6870859e-02   1.3240792e+00   8.5723514e-03   1.6158889e-02  -1.1634734e-03
   5.0215804e-02  -1.1116494e-01   1.3120876e+00   7.4065969e-03   1.8315407e-02  -1.2936837e-03
   9.9499535e-03  -1.3207568e-01   1.2013150e+00   8.4076707e-03   1.8661311e-02  -6.2919442e-04
   3.5746732e-02  -9.3944180e-02   9.1316351e-01   7.1417303e-03   1.7253157e-02  -1.4434244e-05
   5.9202940e-02  -1.2917745e-01   1.0483254e+00   6.9558188e-03   1.7221031e-02  -2.6746142e-04
   7.3474230e-02  -1.5900092e-01   1.1290441e+00   7.2539576e-03   1.5227816e-02  -6.6032443e-04
   5.3662056e-02  -1.4667284e-01   1.0575570e+00   6.3489884e-03   1.5416922e-02  -8.1395836e-04
   3.9050086e-02  -1.5620549e-01   1.0473597e+00   6.9869388e-03   1.7247660e-02  -1.6748333e-04
   3.8279122e-02  -9.2703812e-02   1.1494657e+00   6.3558454e-03   1.7888299e-02  -5.7454547e-04
   4.2317026e-02  -1.8512819e-01   1.0725981e+00   4.8261384e-03   1.6235310e-02  -3.8729412e-04
   5.2804945e-02  -1.1633035e-01   1.2726381e+00   7.8220772e-03   1.9530999e-02  -1.5871537e-03
   5.7726761e-02  -1.0490971e-01   1.3459736e+00   8.2014263e-03   1.9040801e-02  -1.1907902e-03
   4.6391827e-02  -1.1394339e-01   1.2933231e+00   8.4764008e-03   1.7838094e-02  -9.9103501e-04
   4.7520688e-02  -1.5283605e-01   1.2943454e+00   8.7269768e-03   1.8107677e-02  -1.1791802e-03
   5.8634907e-02  -1.1604362e-01   1.2984556e+00   7.5387696e-03   1.8709192e-02  -1.4133998e-03
   8.3977391e-03  -2.0201962e-01   1.2480330e+00   8.5347083e-03   1.7153039e-02   1.9111371e-04
   2.8532840e-02  -1.1474163e-01   1.3132263e+00   9.5928138e-03   2.0896593e-02  -9.7098879e-04
   3.2019551e-02  -1.6064392e-01   1.3208200e+00   8.8849835e-03   2.2207207e-02  -1.0850250e-03
   1.0290751e-02  -1.3493026e-01   1.2685290e+00   9.2919430e-03   2.1106507e-02  -3.6788175e-04
   1.8045043e-02  -1.3934506e-01   1.2443312e+00   8.2408683e-03   2.1599446e-02  -9.3328868e-04
   1.6593034e-02  -1.6398483e-01   1.2120874e+00   7.9012323e-03   2.0740811e-02  -4.5558355e-04
   2.6903386e-02  -1.3217295e-01   1.2715303e+00   6.9233888e-03   2.0967984e-02  -1.0022674e-03
   3.1666866e-02  -1.6107166e-01   1.2766807e+00   7.7803758e-03   2.0245607e-02  -1.9040568e-04
   4.6578295e-02  -1.3167946e-01   1.2943352e+00   8.3188069e-03   2.0074980e-02  -1.0334409e-03
   4.2146724e-02  -1.7229733e-01   1.3542704e+00   8.8666518e-03   2.0540107e-02  -1.1930087e-03
  -1.2495572e-02  -1.0375910e-01   1.4248533e+00   7.0446709e-03   2.1631666e-02  -5.3965944e-04
   5.0291642e-02  -7.8602437e-02   1.5124152e+00   1.1271139e-02   1.9772718e-02  -1.2336860e-03
   7.5034396e-02  -1.1272602e-01   1.0825110e+00   4.7462501e-03   1.7381941e-02  -1.7533455e-03
   5.0499998e-02  -1.1900794e-01   1.1809752e+00   6.3180413e-03   1.6630352e-02  -1.5229880e-03
   7.7474753e-02  -1.0781838e-01   1.3013096e+00   7.3692033e-03   1.6977824e-02  -1.6864763e-03
   8.1603717e-02  -1.2889284e-01   1.3708614e+00   8.3221926e-03   1.6317078e-02  -1.4489193e-03
   7.8371685e-02  -1.4074267e-01   1.3041974e+00   7.9985368e-03   1.7270823e-02  -1.4158369e-03
   6.0711902e-02  -1.2285461e-01   1.2981109e+00   7.1622771e-03   1.6743621e-02  -1.2384385e-03
   7.8274819e-02  -1.0936441e-01   1.3728410e+00   7.5846955e-03   1.6829614e-02  -1.4391186e-03
   7.7121777e-02  -1.3446750e-01   1.3668118e+00   7.6106608e-03   1.7029889e-02  -1.6788107e-03
   8.1904095e-02  -1.8200808e-01   1.3859900e+00   8.8229398e-03   1.5498715e-02  -6.4334513e-04
   4.6196436e-02  -1.1970473e-01   1.3796856e+00   1.2597433e-02   1.7309436e-02   7.1317368e-04
   6.0067657e-02  -1.1653923e-01   1.0424834e+00   6.2508465e-03   2.0436976e-02  -1.3858562e-03
   4.6293788e-02  -7.0470219e-02   1.1145835e+00   7.1139112e-03   2.0119474e-02  -1.5605917e-03
   5.9216492e-02  -1.0594943e-01   1.1584815e+00   6.4186191e-03   2.0115412e-02  -1.8625529e-03
   5.5418933e-02  -1.1501560e-01   1.0854812e+00   5.6116514e-03   1.7461337e-02  -1.7175931e-03
   5.7965054e-02  -1.4407016e-01   1.1301572e+00   6.9878782e-03   1.9471358e-02  -1.4312195e-03
   4.8145908e-02  -1.4357704e-01   1.1383551e+00   6.5065835e-03   1.9599155e-02  -7.8178592e-04
   6.4126763e-02  -1.2097616e-01   1.1914722e+00   5.8999772e-03   1.7982614e-02  -1.6948703e-03
   6.3931837e-02  -1.2692809e-01   1.2099829e+00   6.8699035e-03   1.9829008e-02  -1.6950428e-03
   4.8828808e-02  -1.0490955e-01   1.1547245e+00   6.7739185e-03   1.8673384e-02  -1.3599113e-03
   3.5036629e-02  -1.0815266e-01   1.1459643e+00   5.0838184e-03   1.8537268e-02  -5.2610449e-04
   3.1671901e-02  -1.3823243e-01   1.0771912e+00   6.4126060e-03   1.9275538e-02  -6.4444833e-04
   4.3144361e-02  -8.8323323e-02   1.1105823e+00   5.6552440e-03   1.9750122e-02  -7.3790947e-04
   5.3890745e-02  -1.0178600e-01   1.1272326e+00   6.1706103e-03   1.8187445e-02  -3.9090207e-04
   9.3787936e-02  -1.0194273e-01   1.2987778e+00   8.0044521e-03   1.7007656e-02  -1.7455383e-03
   7.4017863e-02  -1.0595773e-01   1.2255157e+00   6.7663782e-03   1.7491968e-02  -1.3653913e-03
   6.4981399e-02  -9.8589716e-02   1.1627269e+00   6.0791646e-03   1.5740909e-02  -8.1457557e-04
   6.6565674e-02  -1.0936714e-01   1.2742118e+00   1.0804176e-02   1.8255446e-02  -2.1900862e-04
   4.0889920e-02  -1.6950516e-01   1.1222128e+00   8.0386676e-03   1.9568894e-02   3.3037302e-05
   1.5889530e-02  -7.3593886e-02   9.4497221e-01   6.6135794e-03   1.9860997e-02  -3.4541266e-04
   4.2426294e-02  -8.7133947e-02   9.9988931e-01   6.6492719e-03   2.0165228e-02  -8.4384758e-04
   3.3769474e-02  -1.3592596e-01   9.4395930e-01   4.2396394e-03   1.9394783e-02  -8.7409457e-04
   4.5517393e-02  -1.0304276e-01   1.0749224e+00   4.8587596e-03   1.9750631e-02  -9.3191058e-04
   7.3388820e-02  -9.7243402e-02   1.1769966e+00   8.1430278e-03   1.8835528e-02  -1.8584614e-03
   7.6073322e-02  -1.2014290e-01   1.2569056e+00   8.1955238e-03   1.9369023e-02  -1.6120280e-03
   4.5766942e-02  -1.3595197e-01   1.3212442e+00   9.6701139e-03   1.9690616e-02  -1.3175689e-03
   4.7044065e-02  -1.0422084e-01   1.1848348e+00   7.5704709e-03   1.8714620e-02  -1.1479587e-03
   7.0621404e-02  -1.1075290e-01   1.1941070e+00   8.1174892e-03   1.9242005e-02  -1.3809623e-03
   4.8419755e-02  -9.6624822e-02   1.1915960e+00   7.8917306e-03   1.9131395e-02  -1.0866223e-03
   3.0309952e-02  -1.4924888e-01   1.1966401e+00   9.3049923e-03   1.9030330e-02   1.0217556e-04
   5.3608077e-02  -9.7051920e-02   1.1951233e+00   9.0449020e-03   2.0376882e-02  -1.3491344e-03
   5.8874678e-02  -1.4293871e-01   1.2617181e+00   9.9272537e-03   2.0313938e-02  -1.1486774e-03
   4.9986393e-02  -8.2746920e-02   1.2193836e+00   9.1359197e-03   2.0405999e-02  -9.7212493e-04
   5.5127957e-02  -1.5568639e-01   1.2059940e+00   9.0041736e-03   1.9870317e-02  -1.1482860e-03
   6.0790576e-02  -1.3711914e-01   1.0807885e+00   8.7021755e-03   1.6700242e-02  -1.1938225e-03
   6.2183995e-02  -8.2834388e-02   1.1274774e+00   8.6043406e-03   1.9116909e-02  -5.8230259e-04
   6.2788017e-02  -1.3875040e-01   1.1399503e+00   9.1530365e-03   2.0010689e-02  -7.9775051e-04
   6.6845695e-02  -1.5159696e-01   1.0636610e+00   8.2200496e-03   1.9205985e-02  -1.1249676e-03
   5.3361223e-02  -1.0343056e-01   1.0344825e+00   7.4375694e-03   1.8634546e-02  -1.1995197e-03
   4.3032395e-02  -1.1592589e-01   1.0732349e+00   8.0431217e-03   1.9639833e-02  -8.6011578e-04
   4.5398381e-02  -8.6105706e-02   1.0657679e+00   7.5446146e-03   1.9631770e-02  -1.1858485e-03
   1.4805531e-02  -1.2918399e-01   1.0149959e+00   6.6942536e-03   1.8491981e-02  -5.9340676e-04
   6.4203906e-02  -9.8525979e-02   1.1642430e+00   1.0262462e-02   1.9666343e-02  -6.0155331e-04
   5.8071239e-02  -1.0208876e-01   1.1674574e+00   9.0623373e-03   1.9566006e-02  -1.3126071e-03
   4.3068819e-02  -1.2364696e-01   1.1323000e+00   9.5227291e-03   1.8821655e-02   1.0261569e-04
   5.0129954e-02  -1.2190840e-01   1.0775873e+00   7.8450182e-03   2.0409473e-02  -1.3837408e-03
   3.8294897e-02  -1.2010615e-01   1.0303120e+00   6.4516779e-03   1.8447334e-02  -9.8749864e-04
   4.1218260e-02  -9.6092812e-02   1.1185642e+00   8.7349836e-03   1.9554401e-02  -1.0383596e-03
   3.7048509e-02  -1.2954257e-01   1.1116285e+00   7.9075874e-03   1.8015878e-02  -5.2938007e-04
   4.9665966e-02  -1.2426675e-01   1.0874934e+00   8.8607813e-03   1.9353560e-02  -4.1874717e-04
   3.9837820e-02  -9.2491453e-02   1.0922669e+00   7.5076967e-03   1.9993103e-02  -8.5503227e-04
   2.4665717e-02  -9.6956357e-02   1.0266956e+00   6.6315917e-03   1.8887893e-02  -1.6241521e-04
   4.5040939e-02  -1.2732922e-01   1.0553349e+00   7.2171588e-03   1.9358492e-02  -4.6104634e-04
   3.3693424e-02  -1.0682635e-01   1.0830360e+00   7.6231026e-03   1.9446778e-02  -3.9038733e-04
   4.1626092e-02  -1.0873602e-01   1.0579331e+00   6.3709981e-03   1.8432127e-02  -4.6743781e-04
   3.6855481e-02  -1.2033776e-01   1.1082894e+00   7.3154762e-03   1.8954191e-02  -4.4472252e-04
   3.9958443e-02  -1.4827032e-01   1.0712423e+00   7.3558491e-03   1.8774839e-02  -4.0785118e-04
   7.1486548e-02  -1.0692504e-01   9.6797182e-01   6.7851465e-03   1.7116939e-02  -9.1335120e-04
   2.5787181e-02  -2.8518416e-02   1.8790408e-01  -1.8740708e-03   2.2229574e-02  -8.7643221e-04
   4.7908053e-02  -3.8061140e-02   5.8098423e-01   3.0368685e-03   2.0887829e-02  -1.7759162e-03
   5.7406844e-02  -5.3497847e-02   5.9488946e-01   3.3032647e-03   1.9789452e-02  -2.1347272e-03
   4.5831654e-02  -7.0990347e-02   4.4707371e-01   2.1659016e-03   1.8701131e-02  -1.8418920e-03
   3.6520470e-02  -1.0453121e-01   2.6116085e-01  -3.6150424e-04   1.8532012e-02  -3.3573584e-03
  -1.0274825e-01   1.4730095e-02  -1.3388066e+00  -1.2418679e-02   1.4014243e-02   2.0367897e-03
  -8.3820084e-02   1.2057357e-01  -1.2225451e+00  -3.7723045e-03   1.5423189e-02   1.8500783e-03
  -3.8174847e-02   6.0405001e-02  -1.9033826e+00  -1.0006806e-02   1.2263680e-02   1.7798227e-03
  -1.3796325e-01  -1.0064301e-02  -1.3748301e+00  -4.1400656e-03   1.5866753e-02   3.3453148e-03
  -3.6238184e-02   6.7709950e-02  -1.4871651e+00  -8.4582368e-03   1.2396726e-02   1.5442175e-03
   9.2872558e-03   3.5671019e-02  -1.3482655e+00  -7.8594974e-03   1.2914973e-02   3.2167550e-04
   3.3348505e-02   3.2099862e-02  -1.2586092e+00  -7.9372244e-03   1.3504319e-02  -2.0738002e-04
   2.1729704e-02   2.8094716e-02  -1.1697222e+00  -6.5126631e-03   1.2907140e-02   2.4310309e-04
   4.6011289e-02   4.4787632e-03  -1.1421905e+00  -6.4463101e-03   1.3091580e-02   3.9118856e-05
   3.2478228e-02   7.8779847e-03  -1.1529751e+00  -5.8016577e-03   1.1369983e-02   1.3482455e-03
   4.3251763e-02   1.6748332e-02  -1.0760505e+00  -5.4286566e-03   1.3862257e-02   3.2977266e-04
   4.2348932e-02  -9.8284452e-04  -9.9406868e-01  -3.5705945e-03   1.4191916e-02   1.3188265e-03
  -1.0826443e-02   7.9864176e-02  -1.0544692e+00   6.3964210e-03   1.4316222e-02   2.3416673e-03
   2.9262910e-05   7.3365455e-02  -1.9992869e+00  -4.4721998e-03   1.1490726e-02   3.2995644e-03
   1.6838650e-02   5.3052390e-02  -1.9871161e+00  -1.4219744e-02   7.8404956e-03   2.5061561e-03
  -1.6507569e-01   9.9965203e-02  -1.4166768e+00  -1.2766401e-02   1.4043096e-02   4.7899487e-03
  -6.1306797e-02   1.0620338e-01  -1.1604305e+00   9.6150876e-04   1.4393044e-02   3.8124223e-03
  -3.7132987e-02  -1.6499329e-01  -1.4547278e+00  -2.2924546e-02   1.0249448e-02   2.0212803e-03
  -7.1294265e-03  -2.5045924e-04   7.5860180e-01  -4.9851740e-04   1.7098495e-02   1.0171501e-04
  -1.3858759e-02   6.5152484e-02   9.3472075e-01   2.6105906e-03   1.4812222e-02  -1.5848240e-04
   1.5092842e-02   2.0276283e-02   1.1017678e+00   4.1414552e-03   1.6011685e-02  -6.8490486e-04
   2.7912574e-02   8.2892287e-03   1.2183281e+00   4.8109015e-03   1.6517542e-02  -9.0182971e-04
   2.9158996e-02   1.2124337e-02   1.3177327e+00   5.5084450e-03   1.6885452e-02  -9.6577200e-04
   3.9389989e-02   2.7794008e-02   1.3576831e+00   5.9685701e-03   1.5201306e-02   6.4392282e-05
   3.8630141e-02   2.2995954e-03   1.3813497e+00   7.2789373e-03   1.4735947e-02  -7.2966704e-04
   3.8008568e-02   6.2307536e-02   1.4156996e+00   7.7174100e-03   1.4640365e-02  -3.6091429e-04
   3.3347647e-02   2.4533038e-02   1.3876316e+00   6.3970055e-03   1.3657364e-02  -4.1706777e-04
   4.6393649e-02   6.4984402e-03   1.3682155e+00   6.6376918e-03   1.4467127e-02  -7.0645688e-04
   4.1140357e-02   8.8260192e-03   1.4131744e+00   6.2164264e-03   1.4725471e-02  -7.8323390e-04
   5.5391026e-02   3.6171613e-02   1.4396074e+00   7.3725929e-03   1.5164869e-02  -1.2234017e-03
   3.7437158e-02   2.3260096e-02   1.3130690e+00   6.4772765e-03   1.3819486e-02  -7.1387061e-04
   5.0401558e-02   1.2391889e-02   1.4084623e+00   8.0608446e-03   1.6562717e-02  -1.3235713e-03
   5.9314377e-02   8.3857314e-03   1.3931649e+00   7.9636942e-03   1.6178969e-02  -1.3160613e-03
   4.4452489e-02  -1.7077227e-03   1.3442418e+00   7.3310497e-03   1.6742595e-02  -1.2574304e-03
   3.6337459e-02   1.7659361e-02   1.3017015e+00   7.0110392e-03   1.7328212e-02  -1.1253672e-03
   4.8539608e-02   1.3142574e-02   1.3210864e+00   6.2569431e-03   1.7153021e-02  -1.3430250e-03
   4.0269313e-02  -1.7087094e-02   1.3264377e+00   8.3876436e-03   1.7807938e-02  -1.1676886e-03
   1.6590010e-02   2.1585834e-02   1.2939835e+00   8.3443439e-03   1.7244348e-02  -7.7654598e-04
   1.0030429e-02  -1.7140365e-03   1.2129752e+00   6.4645869e-03   1.7011153e-02  -4.7336173e-04
   1.7673056e-02   3.1363537e-02   1.2705332e+00   7.0652533e-03   1.6803184e-02  -5.4865466e-04
   3.5606931e-02  -7.4211835e-03   1.2618397e+00   7.0286392e-03   1.6207425e-02  -7.5404578e-04
   4.7703470e-02   7.5155201e-03   1.2114972e+00   5.9475598e-03   1.6049123e-02  -1.3216848e-03
   1.3300813e-03   4.2632410e-04   1.1592460e+00   7.0644037e-03   1.6154426e-02  -3.6450944e-04
   3.2908584e-02   2.1854389e-02   1.2167069e+00   6.8483662e-03   1.6748134e-02  -7.0855312e-04
   4.7417150e-02   6.2848380e-03   1.2548334e+00   8.1471877e-03   1.7048460e-02  -1.0750141e-03
   4.2987870e-02  -2.0749650e-02   1.1977578e+00   6.9700760e-03   1.6000808e-02  -9.2476688e-04
   3.6058125e-02  -4.9911949e-03   1.1986001e+00   7.2146809e-03   1.5723432e-02   9.6204055e-05
   4.8390790e-02  -3.9414080e-02   6.8657110e-01   1.9298580e-03   1.3998924e-02  -2.8878285e-04
   6.4138535e-02  -7.2004290e-03   8.3754657e-01   5.7742733e-03   1.3996575e-02  -6.2361212e-05
   7.5751534e-02  -5.8610393e-02   9.7288395e-01   7.7272150e-03   1.2057654e-02  -3.1530332e-05
   7.5183085e-02  -3.7653745e-02   7.1182045e-01   3.8647517e-03   1.0593836e-02  -6.3023486e-04
   7.9755513e-02  -3.7375714e-02   8.8478581e-01   8.3523657e-03   1.1904018e-02   3.4290068e-04
   7.4222186e-02  -7.4820330e-02   1.0408894e+00   8.7510527e-03   1.5098936e-02  -9.2709776e-04
   6.3788615e-02  -5.5159905e-02   9.4390741e-01   7.0455113e-03   1.4291434e-02  -8.1630081e-04
   5.7543397e-02  -6.5802058e-02   9.6026019e-01   6.4352449e-03   1.4340842e-02  -8.1711207e-04
   9.6056370e-02  -5.8361159e-02   9.0342992e-01   5.9616773e-03   1.2612924e-02  -1.4702117e-03
   7.7464669e-02  -4.0677987e-02   9.7639445e-01   5.9069425e-03   1.2517387e-02  -1.2780603e-03
   3.4090314e-02  -8.1377680e-02   8.8229742e-01   9.0466324e-03   1.2711395e-02  -1.0510627e-04
   3.4319930e-02  -2.1461792e-02   8.1304976e-01   5.8086121e-03   1.4403589e-02   4.9008655e-05
   4.7783665e-02  -4.4302791e-02   8.8497819e-01   6.0406200e-03   1.4026581e-02   1.8781514e-04
   6.1793614e-02  -6.5468328e-02   8.3219949e-01   5.3480510e-03   1.3471080e-02  -4.9467302e-04
   6.0755057e-02  -3.9103390e-02   6.8252241e-01   2.5043913e-03   1.2063009e-02  -8.6054847e-04
   7.3056065e-02  -1.6098030e-02   8.9740643e-01   5.9404598e-03   1.3888222e-02  -1.0001391e-03
   7.6532332e-03  -5.9130431e-02   7.0265887e-01   4.2729171e-03   1.3294976e-02  -1.4451887e-04
   3.7026534e-02  -2.3060904e-02   8.5156351e-01   5.5566872e-03   1.4149223e-02  -8.4831461e-04
  -9.4790679e-04  -1.3069999e-02   6.8091677e-01   3.4164567e-03   1.5361928e-02   7.3405405e-05
   4.2493869e-02  -4.7631894e-03   8.0348063e-01   6.1658315e-03   1.5059489e-02  -2.2756213e-04
   1.8660625e-03  -5.7495043e-02   6.7620507e-01   4.7947727e-03   1.6235470e-02   4.5630133e-04
   3.5528513e-02  -5.4521073e-02   7.6301486e-01   6.2426922e-03   1.5218825e-02   1.0862063e-04
   5.9930190e-02  -2.6506311e-02   7.9281308e-01   5.4165220e-03   1.5259045e-02  -3.8032022e-04
   7.0378658e-02  -6.4563293e-02   8.1778393e-01   6.4351774e-03   1.4830930e-02  -6.6444208e-04
   9.3262293e-02  -3.0663424e-02   4.3857266e-01   2.3184006e-03   1.0369382e-02  -9.4318272e-04
   9.9689013e-02  -5.6322239e-02   5.9863215e-01   4.0937319e-03   1.1425832e-02  -5.8791758e-04
   8.0259777e-02  -5.4787418e-02   6.1313680e-01   4.3649465e-03   1.1090049e-02  -9.2813108e-04
   8.8403526e-02  -4.7741086e-02   5.5309696e-01   4.2766580e-03   1.1059696e-02  -1.0219946e-03
   9.2654352e-02  -6.5302953e-02   6.0251725e-01   4.2987628e-03   1.2615234e-02  -8.0628784e-04
   1.2917571e-01  -7.1029012e-02   3.4347027e-01   1.4051124e-03   8.6867288e-03  -1.6268298e-03
   1.0159864e-01  -6.9397936e-03   4.8028603e-01   3.4543163e-03   1.1228657e-02  -1.0950723e-03
   7.9238568e-02  -4.4095639e-02   5.2731196e-01   3.1831933e-03   1.1093565e-02  -4.0816059e-04
   7.8642331e-02  -5.2998571e-02   4.8954244e-01   3.6528040e-03   1.1737801e-02  -5.7758480e-04
   9.7410991e-02  -2.7009655e-02   5.8362639e-01   4.7820635e-03   1.2611926e-02  -1.0968603e-03
   8.0805621e-02  -4.0411510e-02   6.1105694e-01   5.3977709e-03   1.2969851e-02  -7.7429560e-04
   7.0262477e-02  -4.5339558e-02   4.1441354e-01   3.2047375e-03   1.1217963e-02  -1.9829915e-04
   9.6853625e-02  -2.7964590e-02   6.0115406e-01   6.0579228e-03   1.3572573e-02  -8.7854635e-04
   8.7473568e-02  -4.6258189e-02   5.4951688e-01   5.5800289e-03   1.3516961e-02   1.6465677e-04
   8.0689366e-02  -9.5858724e-03   5.0510531e-01   5.2721804e-03   1.3498830e-02  -6.3617230e-04
   1.0379774e-01  -4.5731033e-02   5.2691788e-01   4.9779540e-03   1.3865665e-02  -1.0590501e-03
   9.9865568e-02  -1.0786675e-01   4.9654705e-01   5.8339943e-03   1.3843571e-02  -6.5037697e-04
   8.1717893e-02  -3.2298164e-02   4.9906513e-01   5.2576775e-03   1.4764833e-02  -7.3555525e-04
   7.9419906e-02  -6.3511965e-02   4.6958280e-01   4.2214953e-03   1.3951720e-02  -7.5980515e-04
   7.8000589e-02  -1.2088791e-02   5.0427778e-01   5.0578829e-03   1.3434312e-02  -3.9112662e-04
   6.3223595e-02  -3.8205097e-02   5.5079615e-01   5.6503133e-03   1.4962556e-02  -5.3098104e-04
   7.9114780e-02  -2.5570222e-02   5.4828990e-01   5.9794305e-03   1.4717785e-02  -7.1376196e-04
   1.1587406e-01  -1.0091907e-01   5.7331514e-01   7.2275663e-03   1.3042671e-02  -6.8944265e-04
   1.2764136e-01  -2.5276491e-02   5.4921980e-01   4.8601993e-03   1.1385536e-02  -1.7348801e-03
   1.2004770e-01  -5.6808885e-02   5.9734578e-01   5.2053335e-03   1.1851549e-02  -1.2481021e-03
   1.2231665e-01  -1.2535266e-01   5.6943027e-01   7.0179165e-03   1.0331251e-02  -7.9716528e-04
   5.9603042e-02  -8.7283976e-02   1.8790099e-01   4.0907987e-03   1.4156687e-02   1.9533390e-04
   7.5284231e-02  -4.1582431e-02   9.7844237e-02   2.2169757e-03   1.5953600e-02   3.0056338e-04
   6.8461520e-02  -3.9283868e-02   2.2834451e-01   4.1289879e-03   1.6604439e-02   3.9582539e-04
   7.7722179e-02  -1.0163545e-01   2.9707231e-01   6.0805198e-03   1.6481884e-02   6.2009693e-04
   8.0685926e-02  -1.0402525e-01   3.8853298e-01   9.3030881e-03   1.6628323e-02   1.0674848e-03
   6.2039513e-02  -4.4076408e-02   4.1379547e-01   5.5201130e-03   1.7402138e-02  -2.1499504e-04
   7.5248733e-02  -3.7812786e-02   4.4847240e-01   5.7490475e-03   1.7056281e-02  -9.4552618e-05
   7.3425501e-02  -5.3807457e-02   3.1189764e-01   3.7942074e-03   1.7087136e-02  -8.9464217e-04
   7.0934650e-02  -5.8252046e-02   3.5061733e-01   4.1115496e-03   1.6520963e-02  -8.9499301e-04
   7.8714903e-02  -3.8381232e-02   3.3340057e-01   4.4422006e-03   1.6494868e-02  -6.5320759e-04
   8.0831274e-02  -4.4762071e-02   2.6584300e-01   6.1784838e-03   1.6068295e-02  -5.7217226e-04
   9.3404211e-02   1.0104035e-03   3.2324500e-01   5.0748454e-03   1.7192546e-02  -9.6227502e-04
   1.0428599e-01  -4.9769362e-02  -2.1925858e-01  -9.9367304e-04   1.5024336e-02  -1.4224652e-03
   9.8879074e-02  -1.1292147e-02  -3.1032204e-02   2.3979003e-03   1.3720685e-02  -1.5745424e-03
   8.7689876e-02  -5.4562308e-02   8.8535654e-02   4.1622997e-03   1.7092831e-02  -1.1996723e-03
   9.7520438e-02  -6.1265551e-02   1.0899605e-01   4.0185443e-03   1.6785819e-02  -1.3408151e-03
   1.0683466e-01  -7.2579359e-02   1.7077288e-01   6.4414111e-03   1.4221259e-02   4.4668077e-04
   9.3779523e-02  -3.8298430e-02   5.7175500e-02   4.2369972e-03   1.4780033e-02  -5.5277810e-04
   9.4078658e-02  -2.3720432e-02   2.2883376e-01   5.9527483e-03   1.6650206e-02  -3.9718979e-04
   8.6919447e-02  -6.1846238e-02   2.3864261e-01   6.1411419e-03   1.6813051e-02  -6.1539142e-05
   8.2154930e-02  -7.6595442e-02   2.4185497e-01   6.5716807e-03   1.7124129e-02  -1.2955557e-04
   7.6151785e-02  -7.2736940e-02   2.7676042e-01   6.6468574e-03   1.7122687e-02  -3.0634525e-05
   1.2019118e-01  -7.7161497e-02   2.2090203e-01   6.3544145e-03   1.6200816e-02  -2.2332602e-04
   1.1702940e-01  -6.8573334e-02   3.3652480e-01   7.9073383e-03   1.4825166e-02  -3.2634584e-04
   4.2994769e-02  -5.9571915e-02   1.8342983e-01   5.9370481e-03   1.5818558e-02  -5.6814372e-04
   6.7754520e-02  -4.6518576e-02   2.7211687e-01   6.8775840e-03   1.6679324e-02   1.2522165e-04
   8.6543314e-02  -7.9156065e-02   2.9547646e-01   7.2823223e-03   1.6577853e-02  -3.4927348e-04
   9.0090372e-02  -1.1015101e-01   2.8279491e-01   7.6352500e-03   1.5763060e-02  -4.4484666e-04
   9.9631052e-02  -6.4733479e-02   2.4438997e-01   6.6001032e-03   1.6013291e-02  -2.9747887e-04
   8.7310842e-02  -5.0657799e-02   1.5866182e-01   7.2638869e-03   1.4994490e-02  -8.1988222e-04
   1.0200927e-01  -6.7708671e-02   2.8433567e-01   7.8280022e-03   1.6082668e-02  -9.2954468e-04
   9.8502234e-02  -4.9052143e-02   3.9099550e-01   8.3754843e-03   1.6309975e-02  -8.5731775e-04
   1.0601934e-01  -7.0667804e-02   3.0074076e-01   6.9801876e-03   1.5030167e-02  -4.4560747e-04
   1.1741168e-01  -4.4464796e-02   1.3907678e-01   5.0466465e-03   1.3706088e-02  -1.7478276e-03
   1.1245633e-01  -4.7513537e-02   1.9255840e-01   4.6671762e-03   1.4244591e-02  -1.7588983e-03
   8.9541402e-02  -7.3252338e-02   1.5622776e-01   4.4999926e-03   1.2089552e-02  -1.2889556e-03
   1.1175007e-01  -7.2712142e-02   1.7969435e-01   5.2196668e-03   1.3588285e-02  -1.8879353e-03
   1.1406055e-01  -1.5897585e-01   9.3513495e-02   7.8844179e-03   1.2150951e-02  -6.6429820e-04
   9.1608475e-02  -3.9783625e-02   2.5706122e-01   6.9865388e-03   1.5485681e-02  -1.2934533e-03
   8.9030200e-02  -6.0785359e-02   3.0711104e-01   7.1911432e-03   1.6195670e-02  -1.1287997e-03
   9.9174698e-02  -7.0811251e-02   2.9803512e-01   7.6900397e-03   1.6401869e-02  -1.4802768e-03
   1.0117003e-01  -8.5305719e-02   2.6004543e-01   7.7282565e-03   1.5915732e-02  -1.6424058e-03
   1.2988805e-01  -7.7024849e-02   2.1512938e-01   5.2259443e-03   1.3828245e-02  -2.0076338e-03
   1.0993777e-01  -2.9151779e-02   3.2912260e-01   7.4511857e-03   1.5712064e-02  -1.6833212e-03
   1.0667908e-01  -8.6194110e-02   3.0824272e-01   7.0902214e-03   1.5894746e-02  -1.8938956e-03
   1.0694655e-01  -6.7822401e-02   2.8019959e-01   6.9753003e-03   1.6182389e-02  -1.8756006e-03
   1.1646936e-01  -7.7020340e-02   2.8699276e-01   7.2083290e-03   1.6220074e-02  -1.8306203e-03
   1.1864424e-01  -5.3659024e-02   2.6878308e-01   6.5057940e-03   1.5860705e-02  -1.4614343e-03
   1.1940560e-01  -7.7137680e-02   3.0263113e-01   7.4398878e-03   1.5185687e-02  -8.0783099e-04
   9.7543384e-02  -6.7595704e-02   1.3705742e-01   3.4043393e-03   1.3497800e-02  -1.2470600e-03
   9.0583568e-02  -2.8365662e-02   2.1707748e-01   4.5027511e-03   1.3820316e-02  -1.1618552e-03
   8.0466939e-02  -1.1842692e-01   7.6443861e-02   4.5499774e-03   1.2697001e-02  -9.1114330e-04
   9.9241830e-02  -8.4640140e-02   1.3020200e-01   5.2958228e-03   1.2173693e-02  -7.1365327e-04
   1.1011780e-01  -4.5067944e-02   1.9741062e-01   5.1522065e-03   1.3042610e-02  -1.1225581e-03
   1.0603586e-01  -6.9468591e-02   2.8525955e-01   7.8507152e-03   1.2514751e-02   2.4186409e-04
   1.0297235e-01  -7.8931330e-02   4.0908755e-01   8.1464625e-03   1.5129839e-02  -1.2622677e-03
   9.6347667e-02  -6.7684767e-02   3.3151105e-01   6.1520939e-03   1.5084921e-02  -1.8959554e-03
   1.0189252e-01  -5.7851005e-02   1.7359947e-01   5.6443518e-03   1.4144216e-02  -2.1526051e-03
   1.0159407e-01  -4.8603802e-02   2.2132946e-01   4.4942651e-03   1.5467257e-02  -2.3588669e-03
   1.2092007e-01  -6.6177309e-02   3.1195156e-01   6.4367500e-03   1.6163395e-02  -2.6456126e-03
   1.0652397e-01  -5.0556488e-02   2.4629057e-01   5.5383312e-03   1.5779108e-02  -2.6060284e-03
   1.1575374e-01  -5.2471050e-02   3.2551200e-01   6.9178587e-03   1.6270262e-02  -2.7182215e-03
   1.0753976e-01  -6.4076223e-02   1.9406704e-01   5.4431623e-03   1.6058279e-02  -2.4646495e-03
   1.1476321e-01  -6.5472838e-02   2.1711191e-01   5.6121689e-03   1.6101007e-02  -2.3755809e-03
   1.2460531e-01  -7.9169541e-02   5.5047718e-02   5.8461281e-03   1.4304903e-02  -2.5033251e-03
   9.4903211e-02  -1.6336929e-02   1.6448829e-01   5.5467881e-03   1.5778294e-02  -2.2302786e-03
   1.1350773e-01  -4.0531877e-02   1.8511516e-01   5.2775536e-03   1.6092859e-02  -2.0739119e-03
   1.0199145e-01  -1.0165187e-01  -6.4323508e-02   5.5104985e-03   1.2844811e-02  -1.3785723e-03
   4.1856646e-02  -7.5305991e-02   1.6813020e-01   6.9969353e-03   1.5303372e-02  -9.0159462e-05
   6.5425287e-02  -5.0657234e-02   1.0122613e-01   6.6591307e-03   1.6705473e-02  -4.4154346e-04
   8.2313711e-02  -9.1037300e-02   1.0357329e-01   6.1222759e-03   1.6550167e-02  -9.2138824e-04
   6.0294677e-02  -8.0698146e-02   6.6793785e-02   5.9341735e-03   1.6435585e-02  -3.0844051e-04
   9.6338564e-02  -1.0081376e-01   2.6349316e-01   8.5781697e-03   1.6698862e-02  -8.1908944e-04
   5.9929086e-02  -7.1269751e-02   1.2367268e-01   6.9891822e-03   1.5305567e-02   8.0268665e-05
   7.9750917e-02  -5.4161541e-02   2.2098584e-01   7.8808132e-03   1.6409762e-02  -6.7100642e-04
   6.6503716e-02  -1.4676737e-01  -2.5238937e-01   5.9359375e-03   1.6773392e-02  -1.3636469e-03
   7.2567198e-02  -2.5683194e-02  -2.2489958e-01   3.3281228e-03   1.6043945e-02  -1.0972208e-03
   8.5219699e-02  -5.5909879e-02  -8.7132423e-02   3.3412441e-03   1.5954633e-02  -1.0676441e-03
   9.6697978e-02  -6.4358851e-02   8.2115348e-03   5.7420611e-03   1.6744402e-02  -9.4901273e-04
   9.3819371e-02  -3.4493731e-02   1.1103721e-01   6.2004695e-03   1.7328683e-02  -1.7249243e-03
   8.8897033e-02  -8.1167098e-02   9.0695588e-02   5.5421193e-03   1.8292024e-02  -1.8203785e-03
   9.2188711e-02  -5.0199773e-02   1.1577955e-01   6.4294630e-03   1.7812902e-02  -2.0359649e-03
   1.1796993e-01  -9.7885011e-02   8.3858145e-02   6.4467015e-03   1.6258237e-02  -1.3923384e-03
   1.2130856e-01  -5.0868925e-02   4.1341756e-02   5.8389652e-03   1.6058232e-02  -1.9295278e-03
   9.6090749e-02  -5.1168588e-02   6.9969030e-02   4.9703969e-03   1.6251249e-02  -1.7600685e-03
   8.3618290e-02  -5.2107523e-02   6.1470224e-02   5.7978966e-03   1.6499083e-02  -1.7465401e-03
   7.6577161e-02  -4.3082670e-02   1.1081099e-02   5.0891708e-03   1.6977165e-02  -1.8894221e-03
   9.1660353e-02  -7.7885684e-02   5.2829597e-02   6.7239617e-03   1.7846783e-02  -1.2654256e-03
   6.7372355e-02  -3.3955183e-02   4.7855137e-02   5.6186389e-03   1.7419728e-02  -1.5196773e-03
   8.3264792e-02  -5.6517004e-02  -1.8462956e-01   3.7776784e-03   1.5708998e-02  -1.0562956e-03
   1.0336455e-01  -4.7713811e-02  -7.2917755e-02   4.7742271e-03   1.6195430e-02  -1.6770727e-03
   1.0052100e-01  -7.5090710e-02  -1.1611207e-02   5.7519028e-03   1.5925332e-02  -1.3927445e-03
   9.0462902e-02  -8.0432580e-02  -6.6828588e-02   5.8120099e-03   1.7079126e-02  -1.3283047e-03
   9.4127476e-02  -4.5979708e-02  -1.3024923e-02   5.6940070e-03   1.7160527e-02  -1.3328490e-03
   6.0335128e-02  -1.0967515e-01  -1.0981484e-01   5.0118190e-03   1.5101960e-02  -8.6547537e-06
   7.9285722e-02  -6.1214396e-02   1.1281954e-02   6.7098541e-03   1.5387057e-02  -6.8264953e-04
   1.0474461e-01  -1.0302053e-01   3.3990966e-02   6.4744504e-03   1.6365316e-02  -9.0613807e-04
   8.6267905e-02  -1.0457834e-01   7.6139445e-02   7.5484591e-03   1.6205906e-02  -4.3618151e-04
   9.0003217e-02  -8.7492542e-02   2.2900122e-02   7.6267338e-03   1.5674658e-02  -9.7319043e-04
   1.0233547e-01  -8.0596625e-02   3.5757102e-02   7.0960366e-03   1.5873506e-02  -1.1366304e-03
   1.0364335e-01  -7.1330546e-02   3.1091374e-02   7.0163234e-03   1.5950394e-02  -1.1748681e-03
   1.0624378e-01  -8.0514212e-02   4.6983704e-02   5.1471606e-03   1.3688316e-02  -1.7122780e-03
   1.0050170e-01  -5.0934825e-02   9.4988618e-02   6.7874859e-03   1.5014102e-02  -1.4886998e-03
   9.9156697e-02  -9.9813436e-02   1.5797434e-01   7.6119144e-03   1.4193968e-02  -1.4354326e-03
   9.4274203e-02  -7.5655755e-02   1.1668355e-01   6.9161793e-03   1.5296287e-02  -1.7594349e-03
   1.0874545e-01  -8.3697559e-02   1.3002433e-01   7.2364107e-03   1.5699295e-02  -1.9413296e-03
   1.1130756e-01  -7.5010914e-02   1.2951516e-01   7.1338291e-03   1.4832668e-02  -1.7870628e-03
   1.0115537e-01  -7.4523182e-02   1.3697102e-01   7.9184862e-03   1.5193991e-02  -1.5054861e-03
   6.6075151e-02  -7.0463165e-02   5.9788149e-02   6.7865644e-03   1.7642113e-02  -1.6063180e-03
   8.3962022e-02   2.8333360e-03   7.5101394e-02   2.8530217e-03   1.6956969e-02  -3.1339035e-03
   6.1142973e-02   4.3402643e-02  -8.9419914e-02   1.4457706e-03   1.6993289e-02  -2.5588901e-03
   7.3689222e-02   4.6425013e-02   9.2634204e-02   4.6025797e-03   1.8206792e-02  -3.5508539e-03
   8.9889955e-02   9.8131178e-03   1.2193506e-01   4.7989328e-03   1.8848551e-02  -3.7296466e-03
   8.9277123e-02  -6.5837357e-02  -2.3127757e-02   4.9090777e-03   1.4773786e-02  -1.8783292e-03
   1.0229059e-01   1.2559778e-02  -1.1673646e-01   2.6475513e-03   1.7947288e-02  -3.3398739e-03
   9.1497961e-02  -8.7141868e-03  -4.8718454e-02   3.6816442e-03   1.8064553e-02  -3.1325570e-03
   6.1303309e-02   3.1181146e-02  -7.9573387e-02   3.2188530e-03   1.7759547e-02  -3.3992027e-03
   9.3349756e-02  -7.8663104e-02  -5.0537046e-02   2.9659436e-03   1.5993636e-02  -2.4744109e-03
   1.1066507e-01  -1.3133216e-02   7.1561044e-02   5.2375746e-03   1.6298410e-02  -3.3415863e-03
   1.0134724e-01   6.0299705e-03   8.1908115e-02   4.5591793e-03   1.6953444e-02  -2.9164836e-03
   9.6642483e-02   2.7172344e-03   1.3241087e-01   5.4662037e-03   1.7624097e-02  -3.4177711e-03
   9.2695042e-02  -4.3942245e-02   8.9075171e-02   4.2597835e-03   1.7286489e-02  -3.4873430e-03
   1.2114208e-01  -3.4471085e-02   1.3009225e-01   5.4345086e-03   1.6870411e-02  -3.8217312e-03
   1.1569582e-01   9.3154733e-03   1.5087509e-01   5.6870871e-03   1.6692726e-02  -3.4432858e-03
   1.0535405e-01  -3.5437387e-03   1.2282249e-01   5.4009459e-03   1.7201809e-02  -3.6879595e-03
   7.9546507e-02  -2.1091258e-02   3.7962130e-02   3.6849030e-03   1.4393755e-02  -2.5740871e-03
   1.0493493e-01   1.5877678e-02   1.3469901e-01   6.3871739e-03   1.5434310e-02  -2.0511806e-03
   8.7238411e-02  -2.5622552e-02   9.5316018e-02   6.5015141e-03   1.7178399e-02  -2.5263084e-03
   8.1831812e-02  -2.4286051e-02   8.8071010e-02   6.0545944e-03   1.7636359e-02  -2.5891539e-03
   8.2550128e-02  -3.2776739e-02   1.3799025e-01   6.6561569e-03   1.7080468e-02  -2.6534815e-03
   1.0720089e-01  -5.3292243e-02  -9.2722444e-02   5.8576080e-03   1.3414101e-02  -2.6439217e-03
   8.6439354e-02  -1.3430203e-02  -1.8702780e-02   4.1746558e-03   1.5701931e-02  -2.8778033e-03
   3.7572952e-02  -1.0861568e-01  -5.4937366e-01   3.9258376e-03   1.7530995e-02  -9.7621975e-04
   5.0655192e-02  -1.3235391e-02  -4.8647730e-01   3.2185651e-03   1.6159436e-02  -1.6107975e-03
   6.9979034e-02  -3.0758571e-02  -3.6346399e-01   3.4561729e-03   1.7114130e-02  -1.6076245e-03
   7.5220542e-02  -6.4083660e-02  -3.5446911e-01   4.1383269e-03   1.6851531e-02  -1.2300963e-03
   6.9827278e-02  -5.7458573e-02  -3.9271077e-01   3.4346623e-03   1.6372892e-02  -1.3344584e-03
   8.7404729e-02  -1.1213175e-01  -3.2752955e-01   4.1749943e-03   1.6877753e-02  -7.4807984e-04
   6.2819616e-02  -1.1891170e-02  -2.0595686e-01   5.1721504e-03   1.7554818e-02  -1.2849050e-03
   5.8979689e-02  -4.6187852e-02  -2.7263108e-01   4.4685793e-03   1.5823812e-02  -5.5893844e-04
   5.0214688e-02  -3.0609225e-02  -2.3657859e-01   6.1741962e-03   1.7836020e-02  -5.3555398e-04
   5.4177936e-02  -3.1268712e-02  -2.7080243e-01   4.8593973e-03   1.7644078e-02  -8.0624399e-04
   8.3036639e-02  -7.4031974e-02  -2.0781403e-01   6.6775869e-03   1.7648005e-02  -7.5869696e-04
   8.5944858e-02  -6.3650550e-02  -3.7132906e-01   3.4733000e-03   1.4787773e-02  -1.8096510e-03
   8.4396022e-02  -3.8689086e-02  -2.2311352e-01   5.8933604e-03   1.5948755e-02  -1.5034316e-03
   8.8555688e-02  -5.6904831e-02  -1.6916476e-01   6.4333588e-03   1.6352425e-02  -1.2796078e-03
   7.2706523e-02  -4.8009318e-02  -2.3103242e-01   6.0501554e-03   1.6585277e-02  -1.3979716e-03
   8.9505472e-02  -5.8761443e-02  -1.8721988e-01   6.4595570e-03   1.6408093e-02  -1.6023083e-03
   9.6516589e-02  -8.0325978e-02  -1.8774412e-01   7.1813799e-03   1.5670332e-02  -1.3904841e-03
   8.9656047e-02  -8.7979839e-02  -2.0948505e-01   8.9214009e-03   1.4792202e-02  -6.1500399e-04
   9.8009737e-02  -5.1137890e-02  -1.5832468e-01   6.9368263e-03   1.6385278e-02  -1.3080419e-03
   8.9782585e-02  -8.8100949e-02   1.3514988e-01   9.3181045e-03   1.5743316e-02  -6.9260136e-04
   5.3726521e-02  -1.8554234e-02  -3.8985351e-01   4.6598916e-03   1.6003022e-02  -5.3069556e-04
   7.4935078e-02  -3.2318620e-02  -2.0168408e-01   6.1315118e-03   1.5860665e-02  -7.9538020e-04
   8.3944393e-02  -8.6858041e-02  -1.3989412e-01   6.7742885e-03   1.6481525e-02  -1.0368489e-03
   8.9157665e-02  -9.9687273e-02  -2.0082932e-01   5.4594445e-03   1.4377558e-02  -1.0111252e-04
   9.1652366e-02  -1.6297110e-02  -3.6206289e-01   1.3148196e-03   1.3499922e-02  -1.8013875e-03
   9.2598384e-02  -2.5767428e-02  -1.7903628e-01   5.0253628e-03   1.3898947e-02  -1.3172537e-03
   1.0009836e-01  -6.5227637e-02  -1.4842905e-01   5.8138478e-03   1.4607961e-02  -1.3650405e-03
   8.1508368e-02  -8.3293291e-02  -1.8872544e-01   6.0388607e-03   1.4107347e-02  -1.1393085e-03
   6.8597454e-02  -4.7563066e-02  -2.1408719e-01   5.0002863e-03   1.5414389e-02  -1.2169513e-03
   8.6241515e-02  -3.8660465e-02  -1.4262143e-01   6.0604306e-03   1.5843829e-02  -1.2618925e-03
   8.2539222e-02  -7.8671629e-02  -1.2970468e-01   6.8394412e-03   1.5565844e-02  -1.6926805e-03
   7.5444041e-02  -3.7895903e-02  -1.4092399e-01   6.5918490e-03   1.5456578e-02  -1.2808433e-03
   9.4422210e-02  -5.2315049e-02  -8.7995709e-02   6.4822779e-03   1.6078538e-02  -1.3866184e-03
   8.5463909e-02  -8.5829687e-02  -1.4899806e-01   6.2544645e-03   1.6043665e-02  -4.7512451e-04
   6.0512005e-02  -1.2851224e-01  -3.6501094e-02   8.7968591e-03   1.3081850e-02  -1.3032387e-03
   8.3267378e-02  -9.2396822e-02  -6.8473125e-02   7.9173524e-03   1.4059221e-02  -1.3118980e-03
   7.1655373e-02  -1.6866689e-01  -4.6374137e-02   8.3040545e-03   1.4561854e-02  -3.6795409e-04
   9.3153179e-02  -1.4048872e-01  -2.3212417e-02   1.0391471e-02   1.5568688e-02  -9.9658564e-04
   6.4505178e-02  -6.1786974e-02  -1.6811102e-01   7.3053795e-03   1.5094393e-02  -7.3155768e-04
   7.4788752e-02  -8.9732755e-02  -1.1063249e-01   8.7435129e-03   1.5708331e-02  -7.2186373e-04
   6.8248226e-02  -9.3119153e-02  -1.8433818e-01   7.5687392e-03   1.4941931e-02  -1.0402830e-03
   5.7441699e-02  -1.0507313e-01  -1.7493971e-01   7.7112848e-03   1.5386139e-02  -1.2317633e-03
   8.6041863e-02  -1.1611009e-01  -1.8448732e-01   7.2203582e-03   1.5759775e-02  -1.3847715e-03
   8.4891922e-02  -4.6414390e-02  -2.0341598e-01   6.6890461e-03   1.5337333e-02  -1.4987973e-03
   8.6815438e-02  -1.1020927e-01  -1.9263722e-01   7.9991757e-03   1.6223435e-02  -1.5925367e-03
   7.5531041e-02  -1.1069428e-01  -1.5177955e-01   9.0011981e-03   1.5669890e-02  -1.5132740e-03
   5.2676225e-02  -6.6557847e-02  -2.4792814e-01   2.3356884e-03   1.4528427e-02  -3.3055594e-03
   8.2122024e-02  -4.0555579e-02  -1.5425461e-01   5.7023969e-03   1.5828520e-02  -2.4466603e-03
   6.5160077e-02  -5.7274282e-02  -3.0163357e-02   8.4564705e-03   1.4567089e-02  -1.3787372e-03
   7.4470524e-02  -5.5397858e-03  -4.0526092e-02   6.8384155e-03   1.5529135e-02  -3.1632784e-03
   6.9115211e-02  -2.3702000e-02  -7.1923166e-02   5.9697118e-03   1.6246807e-02  -3.3135936e-03
   5.3366179e-02  -3.6285324e-02  -1.8045051e-01   7.7570870e-03   1.2928934e-02  -1.8344702e-03
   5.2273629e-02  -1.1029005e-02  -1.7708438e-01   5.8080707e-03   1.5308068e-02  -2.1243488e-03
   8.6494114e-02  -4.4091845e-02  -1.2296068e-01   6.5469146e-03   1.5857456e-02  -2.6346558e-03
   4.4869733e-02  -4.5245145e-02  -2.3356509e-01   2.3707764e-03   1.6230264e-02  -2.7941092e-03
   1.6297213e-01   9.8670800e-02  -3.9257685e-01  -7.1299107e-03   4.6206884e-03  -4.1600719e-03
   6.2774325e-02   8.7603089e-02  -7.1711878e-01  -4.0828122e-03  -4.7258518e-04  -1.0956631e-04
   1.1499845e-01   2.1046730e-01  -4.9715208e-01   1.3984227e-03   3.9347621e-04   7.2818318e-04
  -3.8467144e-02   1.2745690e-01  -1.5960307e+00  -9.7094619e-03   7.4809065e-03   1.7929676e-03
   1.6487536e-02   1.2403996e-01  -1.5177004e+00  -9.1316965e-03   7.7276210e-03  -2.9146855e-04
   2.3873739e-02   1.3613468e-01  -1.4224840e+00  -9.3047150e-03   8.6931122e-03  -8.8718489e-04
   3.9520842e-02   1.2875852e-01  -1.3204596e+00  -8.8087560e-03   9.6430459e-03  -8.9615783e-04
   5.4276029e-02   1.0430881e-01  -1.3291817e+00  -6.9564602e-03   9.4142999e-03   8.6985636e-05
   5.3550483e-02   8.8529042e-02  -1.2670875e+00  -5.3569174e-03   7.2720965e-03   2.3703515e-04
   6.0607596e-02   8.4949701e-02  -1.1823840e+00  -8.4528556e-03   7.6009073e-03  -7.9251658e-05
   4.6206818e-03   1.2822015e-01  -1.2474019e+00  -7.5771570e-03   8.2855806e-03   2.4181744e-04
   9.9356552e-02   1.2275960e-01  -1.2843847e+00  -1.3010617e-02   1.2576289e-03  -3.9369133e-03
   1.2160994e-01   1.7631216e-01  -1.2854578e+00  -1.8755731e-02  -6.6207714e-03  -3.3677352e-03
   1.2479039e-01   2.3602037e-01  -1.1068753e+00  -1.5034959e-02  -4.9553683e-03  -4.1766194e-03
   1.2108156e-01   1.6833392e-01  -9.7948424e-01  -1.2989412e-02  -2.6854359e-03  -4.1362291e-03
   1.1830128e-01   1.6125222e-01  -9.8318882e-01  -1.2191580e-02  -3.3115659e-03  -3.9844805e-03
   1.3089821e-01   1.5664476e-01  -1.2277908e+00  -1.4191163e-02  -5.2971366e-03  -3.6332049e-03
   1.1992664e-01   1.5636661e-01  -1.1513348e+00  -1.2995144e-02  -3.5717537e-03  -3.3521120e-03
   9.9688904e-02   1.2792467e-01  -1.0348472e+00  -1.0339252e-02  -3.4049850e-03  -3.2421948e-03
   1.0423516e-01   1.3691949e-01  -9.1543046e-01  -8.5659739e-03  -2.0787244e-03  -3.4237715e-03
   1.1394329e-01   1.2748567e-01  -8.9865975e-01  -1.1567326e-02  -3.9493723e-03  -2.8142593e-03
   1.0996695e-01   7.8603078e-02  -8.5886010e-01  -7.3011843e-03  -2.5007895e-03  -3.3323536e-03
   9.0002600e-02   9.7362116e-02  -6.8808447e-01  -7.3124521e-03  -7.7274322e-04  -3.2265797e-03
   9.8031150e-02   1.0358465e-01  -6.6742653e-01  -6.4205992e-03  -1.1949596e-03  -3.2553066e-03
   8.8776797e-02   1.3190278e-01  -7.1794307e-01  -6.6126675e-03  -8.1075658e-04  -3.1505817e-03
   1.1944270e-01   1.0585103e-01  -6.9149877e-01  -2.9732141e-03  -2.6858825e-03  -2.2170592e-03
   4.6497589e-02   7.5288743e-02  -1.0434085e+00  -2.2221828e-03  -3.1734576e-03   1.1147102e-03
  -6.3776846e-03   3.1611327e-02  -1.1549353e+00  -3.1411938e-03   2.1185168e-03   1.5354661e-03
   1.4746220e-02  -1.1391071e-02  -9.7936846e-01  -1.1891212e-03   1.5228173e-03   9.9062785e-04
   1.9489451e-03   2.2068550e-02  -1.0202997e+00  -3.9549783e-03   4.3230502e-04   1.2304651e-03
  -2.4205651e-03   5.5999564e-02  -9.9425308e-01  -1.9127444e-03   2.1236357e-03   1.0244591e-03
   6.0796263e-03   6.4659468e-02  -9.3531560e-01   7.7473643e-05   1.8028696e-03   1.7342247e-03
  -1.8828807e-02  -5.9976547e-02  -9.2515716e-01   2.3751581e-03   1.6364342e-03   1.4168363e-03
   1.7374228e-03   3.6572851e-02  -8.8147370e-01  -3.5942995e-04   1.2241473e-03   1.0147288e-03
   4.0768295e-02   1.7007303e-02  -1.1657372e+00  -1.5611451e-03  -5.1228013e-04   4.3344345e-04
   5.2283501e-02   3.0384537e-02  -1.0534365e+00  -1.1844023e-03   8.1167694e-04   1.3992633e-04
   6.5504349e-02   2.0612208e-02  -9.9840373e-01  -1.8461663e-03  -1.5978293e-04  -5.5032563e-04
   3.9338607e-02   5.5087403e-02  -1.0315375e+00   1.2303702e-03  -2.5524322e-04  -4.9945876e-04
   6.8993316e-02   4.8160292e-02  -1.1664410e+00  -2.3227566e-03  -2.0240703e-03  -6.2698221e-04
   6.1228107e-02   1.8252039e-02  -1.0320752e+00   7.7354287e-04  -2.2607877e-04   6.6882075e-04
   1.0882986e-02   2.7950581e-02  -1.0729006e+00  -4.2738644e-04   1.8050536e-03   1.7753825e-04
   3.3325033e-02   6.5128703e-02  -1.0293803e+00  -6.3280903e-04   8.9300015e-04  -4.7897482e-04
   4.8831293e-02   4.4319395e-02  -1.1602486e+00  -2.9442433e-03   2.8476480e-04  -6.8013256e-04
   1.0252189e-01  -1.9134792e-02  -1.2670366e+00  -8.2613196e-03  -1.4303729e-03  -8.5381513e-04
   4.7414959e-02   1.2641723e-02  -5.7088724e-01  -2.0327514e-03  -2.9507135e-03  -1.0889651e-04
  -4.8335759e-02  -2.3041243e-02  -1.5640621e+00  -6.7924079e-03  -9.5454193e-04   1.8232687e-03
   5.6156960e-02   1.2507851e-01  -4.6778473e-01  -6.2156218e-03   1.6384567e-04  -4.9971289e-03
   1.0862583e-01   2.1150948e-01  -8.8505434e-01  -1.0360303e-02  -5.3931222e-03  -5.4295252e-03
   9.5470048e-02   2.1443602e-01  -9.5790149e-01  -1.1207810e-02  -2.8486027e-03  -5.0404753e-03
   1.0633134e-01   1.7840773e-01  -1.0025385e+00  -1.1619340e-02  -1.3314256e-03  -4.3750684e-03
   1.2617137e-01   1.5430930e-01  -9.1819915e-01  -9.8788066e-03  -1.8319162e-03  -4.8343212e-03
   1.0982790e-01   1.8906455e-01  -1.0450844e+00  -9.3171750e-03  -1.4129447e-03  -4.2710532e-03
   1.1665033e-01   1.6001928e-01  -1.0006227e+00  -7.6629052e-03  -9.1046141e-04  -4.2266062e-03
   1.0451655e-01   1.7114419e-01  -9.8380149e-01  -7.4926651e-03   2.0787651e-03  -4.1620064e-03
   1.6187881e-01   9.9966456e-02  -1.5446390e+00  -7.6039987e-03  -5.8562957e-03  -3.1592501e-03
   1.0311970e-01   1.8019131e-01  -1.5067755e+00  -9.8306725e-03  -7.9061122e-04  -2.8723842e-03
   2.3859681e-02   1.9472965e-02  -1.3620728e+00  -4.7231753e-03   5.3607758e-03  -8.4654637e-04
   3.7107192e-02   8.3736447e-02  -1.2483983e+00  -3.3959926e-03   4.5448810e-03  -9.9323193e-04
   6.1017669e-02   8.5703177e-02  -1.2374521e+00   1.0707499e-03   4.5105353e-03   2.0500734e-04
  -1.4746281e-02   3.3012110e-02  -1.4121843e+00  -8.8210657e-04   5.1683117e-03   1.2110072e-03
  -2.5892358e-02   8.4245027e-02  -1.6485114e+00  -2.6206636e-03   6.5965292e-03   1.5034643e-03
  -1.8429665e-02   3.5086672e-02  -1.4412586e+00  -1.6165631e-03   5.6935954e-03   2.0024602e-03
   1.1554282e-02   4.7963269e-02  -1.4652495e+00  -2.9663513e-03   7.5326898e-03   6.8465602e-04
  -4.6985173e-02   6.3581063e-02  -1.3303936e+00  -7.2094585e-04   9.4386653e-03   1.8309503e-03
  -2.3203893e-02   1.3484944e-02  -1.2458832e+00  -7.8180404e-06   9.7268531e-03   8.5724266e-04
  -8.8290939e-03   7.9796686e-02  -1.6116089e+00  -5.2119718e-03   7.1831111e-03  -4.5623637e-04
   1.4550880e-02   5.0707598e-02  -1.4189795e+00   7.7149853e-04   6.4322430e-03   5.1955006e-04
   3.3234525e-02   5.1896382e-02  -1.2317997e+00  -8.2786238e-04   8.1867902e-03  -1.1228832e-03
   1.7851413e-03   4.8468496e-02  -1.4826302e+00  -7.3032837e-04   4.3849810e-03   1.7365999e-04
   4.6970480e-02   9.8401359e-02  -1.7658324e+00  -8.8686263e-03   7.4245421e-03  -2.6749693e-03
   1.4496373e-01   1.2358901e-01  -1.1600448e+00  -1.0030509e-02  -4.3080154e-03  -2.4827188e-03
   1.0919711e-01   2.1515887e-01  -1.0508164e+00  -5.5810368e-03  -3.7829934e-03  -2.3741530e-03
   2.0264256e-02   1.5168321e-01  -1.3540967e+00   1.2421828e-03  -4.1099052e-03   8.6855971e-05
   1.7151355e-02   1.6949121e-01  -1.5604270e+00  -5.4167372e-03  -2.2267005e-03  -4.7398744e-04
   4.5187877e-02   1.2653677e-01  -1.4842709e+00  -5.6947468e-03  -2.4052565e-03  -8.3085255e-04
   5.8108985e-02   1.5632877e-01  -1.4623683e+00  -4.7242939e-03  -3.5023756e-03  -2.0065345e-04
   7.7860911e-02   1.4379869e-01  -1.5968494e+00  -6.2095398e-03  -3.1900872e-03  -7.7407437e-04
   1.5388801e-01   9.7242512e-02  -1.5196569e+00  -7.8665766e-03  -1.1094673e-02  -1.5736194e-03
   1.3798340e-01   1.4240180e-01  -1.3980973e+00  -6.1984726e-03  -9.9039139e-03  -1.6564473e-03
   1.3607502e-01   1.1995039e-01  -1.3166163e+00  -3.9010438e-03  -8.4307291e-03  -2.0114938e-03
   1.3229525e-01   1.0754720e-01  -1.4921031e+00  -8.4417711e-03  -1.1597983e-02  -1.2154007e-03
   1.7751522e-01   2.0150752e-01  -1.1566800e+00  -1.6009904e-02  -7.2467329e-03  -4.9033028e-03
   1.3984036e-01   2.2097171e-01  -1.1976518e+00  -1.3206180e-02  -1.0297456e-02  -2.7440469e-03
   1.2837391e-01   2.5794567e-01  -1.0024686e+00  -8.6631566e-03  -8.3376148e-03  -2.9833506e-03
   1.3724043e-01   1.6385514e-01  -9.4160618e-01  -8.3071064e-03  -7.5516076e-03  -3.1624734e-03
   1.7018178e-01   2.4371210e-01  -9.9655132e-01  -6.5339604e-03  -1.2449600e-02  -2.8641663e-03
   1.3693683e-02   1.7171662e-01  -1.7045922e+00  -7.4413291e-03  -3.0684359e-03   8.6731694e-04
   4.5346903e-02   1.6473342e-01  -1.5860044e+00  -8.4980708e-03  -2.7368598e-03   5.9009688e-04
   6.1783402e-02   1.6398659e-01  -1.4995946e+00  -7.4338018e-03  -2.6517784e-03  -4.3330538e-04
   4.7777971e-02   1.9064494e-01  -1.6081407e+00  -8.2814314e-03   1.1667057e-04  -1.2627244e-03
   6.0153916e-02   1.9885963e-01  -1.4321960e+00  -7.2778047e-03   3.7889574e-05  -1.4543366e-03
   7.5439728e-02   1.5745612e-01  -1.3702473e+00  -5.5170085e-03  -5.9882685e-04  -1.6269685e-03
   5.4228435e-02   1.4557064e-01  -1.4042908e+00  -4.5864809e-03  -1.0987457e-03  -6.9871577e-04
   7.1798377e-02   2.6143721e-01  -1.3709826e+00  -1.5694990e-02   3.2232490e-03  -3.8182166e-03
   1.4394471e-01   1.8419643e-01  -1.0956458e+00  -4.2186668e-03  -2.2873856e-03  -9.7444352e-04
   5.7993223e-02   2.8471229e-01  -1.2473618e+00  -7.3557753e-03   4.3991760e-03  -2.0048128e-03
   8.8289780e-02   2.0698100e-01  -1.1584045e+00  -6.5410826e-03   4.1331537e-03  -2.3765473e-03
   5.6813998e-02   1.8351695e-01  -1.2756737e+00  -6.7890382e-03   3.4647672e-03  -1.7198186e-03
   9.5219880e-02   1.9506165e-01  -1.1149844e+00  -5.2526749e-03   2.9401537e-03  -2.3535074e-03
   1.1106345e-01   1.6162941e-01  -1.1140290e+00  -5.5724419e-03   1.3162528e-04  -1.2581494e-03
   7.0530425e-02   2.0001109e-01  -1.1921844e+00  -4.7997411e-03   2.8696998e-03  -1.8128004e-03
   7.7419275e-02   2.2411639e-01  -1.1225679e+00  -3.8552697e-03   3.6100427e-03  -2.4307009e-03
   8.2614428e-02   1.9353372e-01  -1.1123748e+00  -3.6698587e-03   3.2797033e-03  -2.3809928e-03
   3.4925265e-02   1.3202195e-01  -1.1956112e+00  -3.4718032e-03   3.8100917e-03  -1.0288965e-03
   7.9854415e-02   1.5328271e-01  -1.0513921e+00  -2.4776758e-03   3.6339556e-03  -1.6255751e-03
   1.6846365e-01   1.9368211e-01  -8.8978639e-01  -8.6922474e-03  -3.5225459e-03  -4.6442491e-03
   1.4971851e-01   2.3882415e-01  -8.8161294e-01  -6.6653849e-03  -3.7365588e-03  -4.1258502e-03
   1.6127484e-01   2.0178803e-01  -8.4571600e-01  -7.3560221e-03  -4.5975874e-03  -4.3489610e-03
   1.7205093e-01   1.6561646e-01  -7.7543886e-01  -5.1425412e-03  -4.7952752e-03  -3.8725455e-03
   1.8658356e-01   2.1502155e-01  -9.1171091e-01  -5.2872682e-03  -4.0627275e-03  -4.6761253e-03
   1.7566505e-01   1.8791086e-01  -1.3602252e+00  -7.1634913e-03  -7.3755341e-03  -3.7721516e-03
   1.5957319e-01   1.9747046e-01  -1.1903953e+00  -5.0754982e-03  -4.8137101e-03  -3.8806606e-03
   1.5848099e-01   1.2623833e-01  -1.1376594e+00  -3.7369222e-03  -3.3824559e-03  -3.8683804e-03
   1.5893314e-01   1.6271241e-01  -1.1147792e+00  -3.2215355e-03  -3.3368093e-03  -3.7042080e-03
   1.6877454e-01   1.6388032e-01  -1.1438729e+00  -3.7691833e-03  -2.8555116e-03  -3.8193432e-03
   2.0959584e-01   1.2755476e-01  -1.0298523e+00  -4.4985496e-03  -8.9746191e-03  -3.7104353e-03
   2.0535216e-01   1.9795600e-01  -9.5465078e-01  -4.2079862e-03  -8.6419885e-03  -3.8236107e-03
   2.0366516e-01   2.0772748e-01  -8.2592732e-01  -9.2293253e-03  -8.8721062e-03  -5.1463584e-03
   7.7061282e-02   1.7671076e-01  -1.1280051e+00  -6.2819033e-03  -2.9551019e-03  -7.4176590e-04
  -5.2715952e-02  -7.8462616e-02  -5.8201593e-01  -4.3327485e-03   4.0401088e-03  -7.3824966e-04
  -5.6322941e-02   5.8567937e-02  -5.3712890e-01  -1.2771020e-02   1.4305313e-02   1.8849868e-03
  -7.7495283e-02   1.3386838e-01  -3.4135868e-01   9.8051701e-04   1.8348695e-02  -8.1517343e-04
  -7.1945139e-02   2.5425186e-01  -7.8370597e-01  -6.8762986e-03   2.1184717e-02  -1.3140425e-03
  -5.4206819e-02   1.8057149e-01  -8.3291307e-01  -8.0780848e-03   2.1819948e-02  -1.9237184e-03
  -2.6775092e-02   1.7831675e-01  -5.1985464e-01  -3.9502708e-03   2.2490490e-02  -2.5688461e-03
  -1.7715360e-02   6.4031507e-02  -4.4868018e-01  -1.9763809e-04   2.1790623e-02   3.7592794e-04
  -5.8232625e-02   1.1681722e-01  -7.0049386e-01  -2.4988112e-03   2.0830298e-02   6.2166936e-04
  -1.0891999e-01   1.2572561e-01  -7.3408331e-01  -1.6855282e-03   2.5968920e-02   1.2256109e-03
  -5.7994341e-02   1.1916921e-01  -6.2407373e-01  -1.7512571e-03   2.6648935e-02   8.9778758e-05
  -3.6828661e-02   1.1345638e-01  -6.3715303e-01  -7.7356846e-04   2.5089794e-02   3.2874045e-05
  -2.2531494e-02   1.0885220e-01  -6.5736050e-01  -3.0048000e-03   2.3723448e-02  -6.7131221e-04
  -1.4802513e-02   1.4620795e-01  -6.0333497e-01  -2.5003843e-03   2.4320841e-02  -9.1339636e-04
  -9.2185863e-02   7.5009699e-02  -6.6225595e-01  -2.0615912e-03   2.5057876e-02   7.8485184e-04
  -7.6132698e-02   1.1252188e-01  -5.2955742e-01  -2.1368068e-04   2.2982782e-02   6.7651634e-04
  -4.9169246e-02   1.0093680e-01  -4.5056150e-01   7.8605457e-04   2.3164958e-02   2.1131934e-04
  -6.9100752e-02   9.7167252e-02  -4.7594229e-01  -4.1497219e-04   2.2887523e-02   4.3010214e-04
  -4.7444525e-02   9.9779692e-02  -5.3761036e-01   1.6187435e-03   2.2336543e-02  -1.1137078e-04
  -4.8572605e-02   8.1658500e-02  -4.8715855e-01   1.3398734e-03   2.2351821e-02   1.6152764e-04
  -1.9043809e-02   1.1222771e-01  -3.7365078e-01   1.6140341e-03   2.2095940e-02  -3.3707843e-04
   6.2156608e-03   9.3383527e-02  -3.7751057e-01   1.8399277e-03   2.1206221e-02  -9.7409911e-04
   1.9737001e-02   1.0486134e-01  -3.9015435e-01   8.1351027e-04   1.9945065e-02  -1.2937869e-03
   9.9097196e-03   1.2004673e-01  -3.0399848e-01   2.2241161e-03   2.0839923e-02  -1.3426166e-03
   1.2487653e-03   1.0176198e-01  -4.8809709e-01  -8.0420940e-04   2.0156870e-02  -1.2275616e-03
  -2.4651687e-02   1.0209643e-01  -5.1085734e-01   1.3910059e-03   1.8998116e-02  -4.8860136e-04
  -1.9179185e-02   1.4182060e-01  -3.1176250e-01   1.7885388e-03   2.3075655e-02  -1.5004465e-03
   9.5423895e-03   9.7763999e-02  -3.0733454e-01   1.9102731e-03   2.2268530e-02  -1.7456540e-03
   4.9746499e-03   1.2769035e-01  -3.2730252e-01   1.4751866e-03   2.1399771e-02  -2.0397305e-03
   5.8371031e-03   1.5464235e-01  -3.8920431e-01   1.3284296e-03   2.0654648e-02  -2.4001857e-03
   1.3779161e-02   1.5644442e-01  -3.4818963e-01   1.5686485e-03   2.2091962e-02  -3.0556277e-03
  -2.2565152e-02   1.5240817e-01  -3.2855154e-01   8.7384374e-04   2.3182830e-02  -2.0783171e-03
  -5.1698067e-02   1.1964561e-01  -3.8191007e-01   1.9015080e-03   2.3747700e-02  -1.8885405e-03
  -2.2246032e-02   1.6915699e-01  -3.4072977e-01   8.8077470e-04   2.2430891e-02  -2.5275358e-03
   1.2916654e-01   1.2304526e-01  -5.4825716e-01  -3.1228456e-03   9.2885662e-03  -4.1203593e-03
   4.2588574e-02   1.8025334e-01  -3.1156997e-01   1.0989400e-03   1.2113808e-02  -3.8357802e-03
   3.4725676e-02   1.6474493e-01  -2.0171382e-01   1.8161641e-03   1.3182627e-02  -3.5189345e-03
   3.6261406e-02   1.4935571e-01  -3.4053716e-01   1.8224289e-03   1.3232270e-02  -3.5159915e-03
   3.6052190e-02   1.5321859e-01  -2.6287673e-01   2.4977867e-03   1.2681949e-02  -3.3079296e-03
   4.3259762e-02   1.6917932e-01  -1.8936754e-01   2.3427991e-03   1.2899769e-02  -3.1606352e-03
   4.5441197e-02   1.5207318e-01  -2.5040899e-01   3.5470892e-03   1.1185153e-02  -2.2921775e-03
   4.8888497e-02   1.8168526e-01  -2.2091502e-01   1.9589321e-03   1.1564015e-02  -3.0359638e-03
   3.9630759e-02   1.1856134e-01  -3.5036683e-01   1.1738565e-03   1.3673530e-02  -2.3320301e-03
   6.0314616e-02   1.2097342e-01  -3.1488036e-01   1.3960028e-03   1.1967431e-02  -2.8188502e-03
   8.0362798e-02   1.4216283e-01  -2.6071568e-01   1.9269421e-03   6.6676562e-03  -2.2577788e-03
   9.7076312e-02   1.2443170e-01  -4.7294089e-01  -5.6460856e-05   5.5427355e-03  -3.0313752e-03
   1.1579786e-01   1.8890875e-01  -5.2527684e-01  -6.3970626e-03   5.6454807e-03  -4.7887987e-03
   1.0166151e-01   2.1901668e-01  -4.1978184e-01  -3.3876803e-03   6.3141600e-03  -4.7055284e-03
   7.7128510e-02   2.1911691e-01  -3.0325071e-01  -3.0945600e-03   6.9151703e-03  -4.0308226e-03
   7.5645097e-02   1.6738923e-01  -1.6209536e-01   4.9594615e-04   9.7657956e-03  -3.7300895e-03
   5.6607191e-02   1.8058388e-01  -1.5711511e-01   1.0776743e-03   1.0209370e-02  -3.1616136e-03
   5.6996617e-02   1.6296325e-01  -1.1826112e-01   7.5327366e-04   1.0985932e-02  -3.1551360e-03
   4.9274447e-02   1.3652351e-01  -2.0353401e-01   4.2440163e-03   8.1797571e-03  -2.8280418e-03
   7.3204362e-02   1.7910437e-01  -2.1273012e-01   1.7636597e-03   1.0439103e-02  -3.3513814e-03
   8.1735741e-02   1.3758522e-01  -1.7053192e-01   2.2414684e-03   1.1243021e-02  -3.7346411e-03
  -5.9394240e-04   8.9460620e-02  -3.3293127e-01   4.8314422e-03   9.6638212e-03  -9.4222323e-04
   3.1630779e-02   1.4235533e-01  -1.7141407e-01   5.2850298e-03   1.3668501e-02  -1.3598655e-03
   3.5101447e-03   9.5865898e-02  -3.1798229e-01   2.2250524e-03   1.3399261e-02  -3.2566873e-04
   4.7749164e-02   1.4663643e-01  -2.3440883e-01   2.8228053e-03   1.3144618e-02  -3.7862991e-03
   8.1313392e-02   1.7686751e-01  -5.3005986e-01  -1.5616281e-04   9.0169836e-03  -2.7751654e-03
   8.1153588e-02   1.8014324e-01  -3.6579446e-01   1.6477636e-03   7.9681218e-03  -1.5784529e-03
   7.6625454e-02   1.3953979e-01  -5.6739224e-01  -3.0314923e-04   7.7518562e-03  -2.3818538e-03
   6.5097619e-03   1.0786224e-01  -6.2669356e-01   3.2385074e-03   1.1899771e-02  -3.0045407e-04
   3.2881102e-02   1.3252229e-01  -5.6429371e-01   3.1412692e-03   1.1522008e-02   6.1231951e-04
   4.9595943e-02   6.8159373e-02  -3.6780092e-01   5.5767422e-03   1.1646785e-02   6.6698426e-04
   3.9712333e-02   1.1280922e-01  -4.8287752e-01   3.6342903e-03   1.2882698e-02  -1.1789636e-04
   6.9979174e-02   1.1013729e-01  -6.1347969e-01  -1.4789986e-04   9.1073967e-03  -1.3952992e-03
   6.7308366e-02   1.1948010e-01  -4.2682116e-01   2.8764947e-03   8.5949942e-03  -1.5631164e-03
   7.4711723e-02   1.0207037e-01  -3.7945073e-01   2.1817806e-03   8.9154352e-03  -1.8274783e-03
   8.0413373e-02   1.4485218e-01  -6.4802554e-01  -5.0649124e-04   8.0332800e-03  -2.6037573e-03
   1.3067063e-01   1.6581846e-01  -7.6143633e-01  -4.6966081e-03   6.1118458e-03  -3.4606232e-03
   1.2665666e-01   2.1351348e-01  -5.0200793e-01  -1.0886574e-03   7.3739086e-03  -3.6448123e-03
   1.0655886e-01   1.8288014e-01  -5.3382705e-01   3.5832125e-04   4.4471988e-03  -2.9378997e-03
   8.1903593e-02   1.1857381e-01  -3.7860563e-01   4.9133225e-03   7.0486124e-03  -2.9127592e-04
   4.2458287e-02   1.1763975e-01  -3.7855478e-01   4.7747811e-03   1.2466727e-02  -8.8803847e-04
   6.5268350e-02   1.1983786e-01  -6.7296840e-01   2.0322787e-03   8.6164423e-03  -1.1817511e-03
   9.0190463e-02   1.3030318e-01  -5.3222846e-01   2.4616807e-03   8.5865947e-03  -1.0303936e-03
   9.4956431e-02   9.9597386e-02  -3.6579780e-01   4.6326242e-03   8.6952258e-03  -1.4122051e-03
   6.5148409e-02   1.1338221e-01  -3.7069825e-01   4.9942716e-03   1.0543411e-02  -9.2626500e-04
   5.2023559e-02   9.3018424e-02  -4.2926090e-01   4.7581704e-03   1.1146920e-02  -8.3907367e-04
   3.6866935e-02   1.1497125e-01  -4.6493566e-01   2.7650963e-03   1.3497097e-02  -1.4227566e-03
   7.5106245e-02   1.6775920e-01  -3.7624525e-01   1.4660633e-03   1.1629458e-02  -1.9619691e-03
   8.9550833e-02   1.5064899e-01  -6.3583646e-01  -3.0864098e-03   6.0203606e-03  -3.3668650e-03
   1.0052040e-01   1.5504982e-01  -5.5515124e-01  -4.9866307e-04   6.0130108e-03  -2.3885563e-03
   8.0991688e-02   1.5088811e-01  -4.4543494e-01   1.2339278e-03   8.3058381e-03  -2.1978190e-03
   3.8907666e-02   1.4315608e-01  -4.5081080e-01   3.0039608e-03   9.0751564e-03  -1.0761447e-03
   2.6327408e-02   1.3263880e-01  -4.4655043e-01   2.5349885e-03   1.2038450e-02  -1.1848924e-03
   3.9767276e-02   1.1167108e-01  -3.6710029e-01   2.8444469e-03   1.1554673e-02  -1.2532288e-03
   7.0968525e-02   5.2738599e-02  -4.0609801e-01   2.7759491e-03   8.9477612e-03  -1.4601852e-03
   2.7336224e-02   1.5397951e-01  -3.7609885e-01   3.4080423e-03   1.3425547e-02  -1.7790540e-03
   5.1493449e-02   1.1519376e-01  -2.7198168e-01   4.2958726e-03   1.3536790e-02  -1.7318122e-03
   7.0671335e-02   9.0231062e-02  -3.1554347e-01   4.3716831e-03   1.3139111e-02  -2.3718658e-03
   2.6828958e-02   9.2918488e-02  -3.0258970e-01   2.4751804e-03   1.2534596e-02   8.1856272e-05
   3.7450829e-02   1.1060924e-01  -3.3663130e-01   2.0487686e-03   1.2402980e-02  -3.3824198e-03
   8.6230855e-02   1.7454171e-01  -4.5799449e-01  -7.7515370e-04   7.8895540e-03  -2.5140402e-03
   6.0810292e-02   1.6951103e-01  -4.5874050e-01   1.0579968e-04   7.8865639e-03  -2.1383136e-03
   6.8291810e-02   1.1363649e-01  -4.2132110e-01   4.0601736e-03   6.7850548e-03  -1.1432385e-03
   1.6198696e-02   7.8571349e-02  -6.0131619e-01   5.9936413e-03   8.8580618e-03   4.4085316e-04
   1.1097298e-02   1.1583450e-01  -6.0372561e-01   2.1040910e-03   1.2012516e-02  -1.0395295e-04
   1.6279287e-02   9.3684791e-02  -5.4505427e-01   3.2373209e-03   1.1936401e-02  -4.7091641e-04
   1.8188014e-02   9.1249565e-02  -6.0222076e-01   1.9402312e-03   1.2005994e-02  -1.6615409e-03
  -1.4227098e-02   1.0985249e-01  -6.4681751e-01   2.8241169e-03   1.2618105e-02  -9.1117723e-04
  -1.9198550e-02   1.6588018e-01  -5.3232486e-01   1.6715956e-03   1.3433642e-02  -4.6567896e-04
   2.7650561e-02   5.4048941e-02  -5.0544181e-01  -3.0375878e-03   1.2835098e-02  -1.9422696e-03
  -8.5947904e-02   1.5990515e-01  -1.4826489e+00   3.4113760e-03   1.4540938e-02   1.7630020e-03
  -4.4251982e-02   8.4665157e-02  -1.8600144e+00  -1.7314113e-02   1.6344779e-02   3.0129958e-03
  -1.1731651e-01   1.3294364e-01  -1.2922360e+00  -5.5998124e-03   2.1651597e-02  -1.3118168e-04
  -3.2651586e-02   2.7137928e-01  -1.8464983e+00  -1.2593951e-02   2.0777929e-02  -1.9595951e-03
   3.8807825e-02   2.1835492e-01  -1.5971694e+00  -9.4480907e-03   1.9847118e-02  -3.3589946e-03
   4.7059251e-02   1.9132446e-01  -1.3995353e+00  -7.3388661e-03   2.0134758e-02  -3.6999842e-03
   7.1780191e-02   6.5513395e-02  -1.3029302e+00  -2.1487930e-03   1.8931598e-02  -8.4716700e-04
  -1.2489029e-02   1.5360026e-01  -1.5388136e+00  -2.8923971e-03   1.7578995e-02   3.6170604e-05
   2.3178094e-02   1.5890696e-01  -1.3864560e+00  -3.2963746e-03   1.8679149e-02  -4.3008991e-04
   2.9844717e-02   1.4738590e-01  -1.3471285e+00  -3.8614158e-03   1.8080906e-02  -7.6735666e-04
   2.8044534e-02   1.7919870e-01  -1.3352706e+00  -4.2741268e-03   1.7281959e-02  -1.0652527e-03
   3.0985637e-02   1.6506067e-01  -1.2963757e+00  -4.6882464e-03   1.6601683e-02  -7.4323657e-04
  -1.2614305e-03   1.5643665e-01  -1.2354670e+00  -4.4169612e-03   1.8477102e-02  -4.2516750e-04
   1.4173076e-02   1.9506167e-01  -1.3096063e+00  -7.1219579e-03   2.0281966e-02  -2.9670900e-03
   1.4940729e-01   8.4867171e-02  -1.1424915e+00  -4.8004851e-03   7.6771945e-03  -1.3667064e-03
   5.5231863e-02   2.1192360e-01  -1.1037834e+00  -2.5894851e-03   1.2032621e-02  -1.9373914e-03
   5.2106549e-02   1.2550847e-01  -9.1143409e-01  -1.3488080e-03   1.3696747e-02  -1.7561108e-03
   5.5685800e-02   1.0312255e-01  -9.1397870e-01   2.5584949e-03   1.3432924e-02  -4.5946401e-04
   3.8839141e-02   1.4042725e-01  -9.0912699e-01   1.7387972e-03   1.5911053e-02  -7.5419544e-04
   5.3690157e-02   1.2685562e-01  -8.5643101e-01   1.6752420e-03   1.4963107e-02  -7.6495257e-04
   1.9322643e-02   1.0414610e-01  -1.0421626e+00   1.0753997e-03   1.2643289e-02   9.3308743e-04
   3.7479630e-03   1.7043523e-01  -9.5914224e-01   1.2574429e-03   1.6897074e-02  -3.7605621e-04
   1.5365173e-02   1.7912241e-01  -9.1840840e-01   2.6870719e-04   1.7140918e-02  -1.2338019e-03
   6.7015699e-02   1.2492030e-01  -1.0777082e+00  -2.6762951e-03   1.2183376e-02  -1.8391087e-03
   7.3037603e-02   1.6164887e-01  -1.0378884e+00  -3.6384118e-03   1.1329698e-02  -3.3257888e-03
   6.7512417e-02   1.6966649e-01  -9.5716951e-01  -2.3192718e-03   1.3597045e-02  -3.5211081e-03
   5.8331575e-02   1.6655711e-01  -9.2252037e-01  -1.8236831e-03   1.3720908e-02  -3.3279550e-03
   3.0965385e-02   1.1761712e-01  -9.6277390e-01   1.2572516e-03   1.2111399e-02  -1.1922739e-03
   4.9469702e-02   1.9340532e-01  -9.1560342e-01  -1.0971440e-03   1.4120955e-02  -2.2952177e-03
   7.9724379e-02   1.4396516e-01  -9.3782875e-01  -9.4374169e-04   1.4290239e-02  -2.2001771e-03
   5.9798917e-02   1.7850129e-01  -1.1514949e+00   1.4731384e-04   1.2580515e-02  -2.3773019e-03
   3.6891354e-03   1.9571538e-01  -1.1803192e+00  -3.0573426e-03   1.6988682e-02  -1.8978299e-03
   4.4820393e-02   2.0617314e-01  -1.0303802e+00  -1.6437935e-03   1.6585409e-02  -2.6846997e-03
   5.6066668e-02   1.8366392e-01  -9.7033629e-01  -3.4254261e-04   1.6822197e-02  -3.0852475e-03
   6.3777524e-02   1.5543500e-01  -1.0167583e+00  -2.8179706e-04   1.4214659e-02  -1.4059147e-03
  -1.1529644e-01   1.7849206e-01  -1.2679771e+00  -5.5137206e-03   2.1842393e-02   9.9510247e-04
  -1.1213285e-01   2.3132405e-01  -1.5178486e+00  -4.4297126e-03   1.8049189e-02   2.2527864e-03
   9.1780596e-03   2.6592191e-01  -1.6253577e+00  -9.4161813e-03   1.6382317e-02  -2.9453378e-03
   3.2159066e-02   2.6345329e-01  -1.5006649e+00  -7.8034157e-03   1.1074987e-02  -3.0265950e-03
   3.6677272e-02   3.3215083e-02  -1.2735110e+00  -8.5826821e-03   1.1047934e-02   5.1496160e-04
  -3.2462186e-02  -4.4285033e-02  -7.2579944e-01   7.9503407e-03   1.4136836e-02   1.8435597e-03
  -1.3583241e-01   1.6535104e-01  -1.2746381e+00  -5.7711339e-04   1.5303205e-02   2.8375171e-03
  -9.3625064e-02   1.5526649e-01  -1.7963646e+00  -8.4559540e-03   1.4225924e-02   1.8566065e-03
  -2.3636491e-02   1.0695883e-01  -1.4246534e+00  -4.0794159e-03   1.3927995e-02   7.5250467e-04
  -4.4824967e-03   1.2556730e-01  -1.3069383e+00  -2.7412327e-03   1.3944355e-02   3.0079692e-04
  -5.8868798e-04   1.3095068e-01  -1.2793285e+00  -3.1072661e-03   1.4245452e-02   1.4158032e-04
  -1.0937835e-02   1.6401071e-01  -1.2480983e+00  -3.0665271e-03   1.4161244e-02   1.0100434e-04
  -6.4856981e-03   1.3002795e-01  -1.2521796e+00  -2.1226563e-03   1.4161556e-02  -1.1222607e-04
  -2.7813525e-02   8.5088409e-02  -1.1875037e+00  -2.0605223e-03   1.5775400e-02   3.4559476e-04
  -9.4034383e-03   1.6301417e-01  -1.2757075e+00  -3.4969849e-03   1.3962881e-02   2.1466450e-04
   5.6049860e-03   1.6366654e-01  -1.2245298e+00  -2.9480770e-03   1.3689686e-02  -2.4918927e-04
   1.9964381e-02   1.2052049e-01  -1.2115505e+00  -2.3380140e-03   1.3819002e-02  -5.9155516e-04
   2.2187065e-02   1.4775478e-01  -1.2169318e+00  -2.6356634e-03   1.4640672e-02  -7.2765043e-04
   1.2057069e-02   1.3654737e-01  -1.3554128e+00  -2.6323422e-03   1.1737689e-02   2.9394753e-04
   2.5406187e-02   1.4383720e-01  -1.1232131e+00  -7.9394954e-04   1.2223365e-02  -4.2785035e-04
   4.6941366e-02   1.1923768e-01  -1.1026421e+00  -2.2668966e-04   1.2682419e-02  -9.0031934e-04
  -6.5064478e-02   1.6266029e-01  -1.2818759e+00  -1.7534474e-03   1.5587070e-02   7.2261515e-04
  -9.1033812e-02   1.2152999e-01  -1.3671049e+00  -1.0544224e-03   1.7113438e-02   1.3405758e-03
  -2.9371805e-02   1.3845251e-01  -1.2259349e+00  -2.2962795e-03   1.6037118e-02   3.1292438e-04
  -4.0846703e-02   1.1300273e-01  -1.2818497e+00  -1.0417666e-03   1.5707266e-02   1.2586063e-03
  -2.0963242e-02   1.0721705e-01  -1.2455899e+00  -3.9448728e-03   1.5101261e-02   5.3742796e-04
  -3.6442270e-02   1.0937592e-01  -1.3223432e+00  -5.6786331e-03   1.5284882e-02  -2.6441874e-03
   3.5140161e-02   1.5766049e-01  -1.3250301e+00  -8.1524916e-03   9.3618891e-03  -1.4103112e-03
  -2.6221968e-02   1.5405659e-01  -1.1839824e+00  -2.6718114e-03   1.1715921e-02   1.0618724e-04
  -1.4386301e-01   1.9619033e-01  -2.4416844e+00  -2.2889890e-02   1.3521306e-02   3.2829886e-03
  -8.7466859e-02   1.0561952e-01  -2.7670168e+00  -1.3467863e-02   1.3625397e-02   3.0798624e-03
  -1.0387200e-01   2.0942648e-01  -2.5009426e+00  -1.1902324e-02   1.7972666e-02  -4.5436347e-05
   1.3728176e-02   1.5409664e-01  -2.6039579e+00  -1.1131459e-02   1.6971848e-02  -1.1269078e-03
   2.7791367e-02   1.2473997e-01  -2.3253248e+00  -9.8489382e-03   1.7096227e-02  -1.2122695e-03
   3.8865646e-03   1.6291283e-01  -2.6556527e+00  -7.1814779e-03   1.2458398e-02   1.2019010e-03
   6.3642778e-05   1.5324406e-01  -2.6566419e+00  -8.0247638e-03   1.2791332e-02   9.3363660e-04
   6.3650032e-03   1.3544174e-01  -2.5603798e+00  -8.1072035e-03   1.2546178e-02   8.6363701e-04
   2.4342673e-02   1.3019427e-01  -2.4506098e+00  -6.8049739e-03   1.2689125e-02   3.9313009e-04
   1.0629727e-02   1.9353999e-01  -2.5453818e+00  -1.5265821e-02   1.5188603e-02  -2.7674455e-03
   1.0521792e-01   1.4479156e-01  -1.8386386e+00  -8.5438595e-03   7.5002220e-03  -2.5602255e-03
   1.1418332e-01   1.7277109e-01  -1.7834061e+00  -6.9137191e-03   8.0841595e-03  -2.2390427e-03
   7.3977471e-02   1.2604076e-01  -1.6671017e+00  -5.5933280e-03   6.6582173e-03  -1.9965650e-03
   5.1301762e-02   1.1005548e-01  -1.5499573e+00  -1.5086156e-03   8.1729046e-03   1.3028297e-04
   2.2648722e-02   1.3469377e-01  -1.6319873e+00  -3.0312336e-03   1.0789172e-02  -6.7189911e-04
   3.0520270e-02   1.3030925e-01  -1.6006715e+00  -2.6862668e-03   1.1127134e-02  -1.2199594e-03
   4.6847887e-02   4.5371722e-02  -1.5913687e+00  -1.9330074e-03   1.0041257e-02   9.8197403e-04
   2.8405718e-02   1.1062727e-01  -1.6764944e+00  -2.1804696e-03   1.1358191e-02   1.7014653e-04
   3.3153182e-02   1.2047891e-01  -1.6722499e+00  -2.1584159e-03   1.0451782e-02   5.6319481e-04
   4.0333450e-02   1.2883950e-01  -1.6092805e+00   2.4015172e-05   1.0353695e-02   2.3673297e-04
   5.8596014e-02   1.1328449e-01  -1.6548020e+00  -1.2261670e-03   1.0518439e-02  -1.4215298e-05
   4.3099239e-02   1.0607840e-01  -1.6701935e+00  -1.8899470e-03   1.0167641e-02   3.8246478e-04
   4.7149158e-02   1.3535745e-01  -1.6581850e+00  -1.7880324e-03   1.0244304e-02   3.1730660e-04
   3.8290153e-02   1.1770546e-01  -1.6634945e+00  -1.9640277e-03   8.7558759e-03   6.0499921e-04
   7.9899247e-02   1.0637983e-01  -1.6358578e+00  -6.3094652e-04   8.6877639e-03   1.7275441e-04
   5.9776785e-02   1.3279421e-01  -1.7102437e+00  -1.7930342e-03   8.5603973e-03   1.5422519e-04
   5.4301754e-02   9.5420678e-02  -1.7058017e+00  -1.8174417e-03   9.2165119e-03   4.0977217e-04
   7.8821156e-02   8.7846017e-02  -1.7143614e+00  -5.6953551e-03   6.9596863e-03  -2.9451356e-04
   7.1254699e-02   1.2439629e-01  -1.7459180e+00  -3.3956800e-03   7.8878928e-03  -1.5202725e-03
   2.9800336e-02   1.4244991e-01  -1.6510907e+00   1.0454771e-03   9.2221575e-03  -6.7518414e-04
   3.0786577e-02   1.6850824e-01  -1.9798576e+00  -4.9285067e-03   8.6183709e-03  -1.3367643e-03
   9.7524498e-02   9.7116811e-02  -1.9118107e+00  -6.1262712e-03   4.7617186e-03  -2.3282775e-03
   8.4101294e-02   1.3371653e-01  -1.7477222e+00  -7.6327790e-03   5.7998533e-03  -2.6092495e-03
   1.2639244e-01   1.0400581e-01  -1.6291890e+00  -6.2313900e-03   2.9657913e-03  -3.0747859e-03
   6.3428418e-02   7.7484449e-02  -1.3269082e+00  -2.8981808e-03   3.9552275e-03  -1.7678620e-04
   2.3619948e-03   1.4178545e-01  -1.5765356e+00  -6.5692485e-04   9.4822150e-03   2.1601996e-04
   1.7917423e-02   8.8647453e-02  -1.4693266e+00   8.4292089e-04   9.3360852e-03   1.1198306e-03
   1.8924866e-02   9.3093210e-02  -1.4993656e+00   1.6530843e-03   1.0352688e-02   1.9969915e-03
   4.2154164e-02   6.9508405e-02  -1.3563165e+00   2.7996605e-03   9.9517088e-03   1.3376123e-03
   4.4846516e-02   8.3840468e-02  -1.4944052e+00   1.7984637e-04   9.3176834e-03   6.5880593e-04
   5.4430485e-02   3.9089885e-02  -1.4292505e+00   9.9125831e-04   9.1572489e-03   4.1975026e-05
   1.0925819e-01   1.1361695e-01  -1.6772665e+00  -2.9762618e-03   6.3660016e-03  -1.1866908e-03
   5.4338903e-02   1.3701002e-01  -1.7440153e+00  -2.2987642e-03   8.4267064e-03  -9.5503822e-04
   4.5743094e-02   1.4727519e-01  -1.7320068e+00  -3.8783843e-03   9.4880042e-03  -2.9331905e-03
   1.2881006e-01   1.8807247e-01  -1.6432967e+00  -6.3769951e-03   2.3524374e-03  -2.4632630e-03
   9.3995560e-02   1.5126293e-01  -1.7062707e+00  -1.1491260e-03   3.7403886e-03  -1.7068759e-03
   7.7571518e-02   1.0601046e-01  -1.5411271e+00   9.6893429e-04   5.2521001e-03   3.4550812e-04
   3.4775833e-02   1.1902746e-01  -1.7722778e+00  -1.2552776e-03   9.5610713e-03  -2.9171059e-04
   3.4659008e-02   9.5885061e-02  -1.7750249e+00  -2.2530466e-04   8.2242984e-03   5.5386901e-04
  -3.4469191e-02   9.7059232e-02  -1.8661261e+00  -3.4591358e-04   1.1829654e-02   1.1343021e-03
   1.2092920e-02   1.2041267e-01  -1.8877576e+00   1.2533469e-03   9.5988635e-03   5.4299262e-04
   4.7281306e-02   1.1556522e-01  -2.0198900e+00  -2.7485982e-03   8.9817367e-03  -9.9194836e-04
  -2.6412889e-02   8.6781518e-02  -2.1714734e+00  -3.0281002e-03   9.1420478e-03   7.5293194e-04
   1.0119886e-02   1.3163983e-01  -2.0747204e+00  -4.4814758e-03   1.1699094e-02  -1.2570072e-03
   2.1014643e-02   1.0147813e-01  -2.2046602e+00  -4.1654711e-03   1.0350175e-02  -2.0065913e-03
   2.9672712e-03   2.9098039e-01  -2.2704470e+00  -6.7063774e-03   1.4359323e-02   2.4956630e-04
  -1.0351266e-01   3.0437668e-01  -2.3472583e+00  -1.6872675e-02   1.9425440e-02   1.2976961e-03
  -1.0912449e-01   2.8707689e-02  -2.1989414e+00  -9.8845264e-03   1.9622066e-02   2.9780325e-03
  -8.9489118e-02   2.3797129e-01  -3.3609885e+00  -5.6536203e-03   1.3993914e-02   1.5462237e-03
  -1.4838191e-02   2.5400917e-01  -3.5505428e+00  -1.0552433e-02   1.1485496e-02  -4.2393200e-04
  -1.1167464e-02   2.0712555e-01  -3.4096666e+00  -1.4256883e-02   1.3815594e-02  -1.7394140e-03
   8.7926306e-03   2.2933450e-01  -3.1574443e+00  -1.1697568e-02   1.3374431e-02  -2.1195103e-03
  -2.7798882e-02   1.1617804e-01  -3.0762014e+00  -4.6346435e-03   1.1840597e-02   5.6015306e-04
  -3.6104722e-02   1.8215402e-01  -3.1177420e+00  -6.8590352e-03   1.4032753e-02   5.5606026e-04
   4.7779490e-03   1.2413845e-01  -2.9454768e+00  -2.4767862e-03   1.3513984e-02   9.5180865e-04
  -6.6171563e-02   6.0943656e-02  -3.1646946e+00  -5.8398120e-03   1.3799538e-02   1.9563014e-03
  -4.0956154e-02   1.5168304e-01  -3.2200391e+00  -8.1576655e-03   1.4583786e-02   1.2862451e-03
   3.7420498e-03   7.3900936e-02  -3.1811540e+00  -5.7650932e-03   1.3516981e-02   1.2133251e-03
   2.3688133e-03   1.1038868e-01  -2.9894884e+00  -6.6437510e-03   1.5469365e-02   7.0258094e-04
   8.2874372e-03   1.2921316e-01  -2.8969437e+00  -6.5808115e-03   1.5066079e-02   7.8979965e-04
   2.0707145e-02   1.0685752e-01  -2.9356663e+00  -5.4520219e-03   1.4321658e-02   1.6725869e-04
  -7.8569430e-04   1.2927165e-01  -2.9757435e+00  -9.3888931e-03   1.4941171e-02   3.7250268e-04
  -5.6814443e-02   1.4023558e-01  -2.6303356e+00  -6.8244345e-03   1.8860249e-02  -2.7599603e-04
  -7.6066578e-02   9.1774013e-02  -2.8722487e+00  -3.9582367e-04   1.5351140e-02   1.8043184e-03
  -4.7452602e-02   1.6057332e-01  -3.0465993e+00  -8.0920322e-03   1.5656462e-02   7.3132995e-04
  -2.9838095e-02   1.0311745e-01  -3.0033381e+00  -9.8235749e-03   1.4687862e-02   6.6556402e-04
   2.9847608e-02   1.1379414e-01  -2.7754762e+00  -6.3504899e-03   1.4318808e-02  -3.9386331e-04
  -3.1055981e-04   4.8698060e-02  -2.6961866e+00  -2.3482366e-03   1.6399455e-02   1.1478194e-03
  -1.1310144e-02   1.1979194e-01  -2.6387428e+00  -4.4106436e-03   1.7067897e-02   1.0744182e-04
  -4.0422885e-02   1.9090504e-01  -2.7492474e+00  -1.4178794e-02   1.6981051e-02  -1.5078238e-03
   7.0603031e-02   1.7941068e-01  -2.2470715e+00  -9.0208726e-03   7.3051727e-03  -3.4191681e-03
   6.0213963e-02   1.8909978e-01  -2.0581977e+00  -6.2633870e-03   8.9163595e-03  -3.1479972e-03
   6.1972757e-02   1.4657654e-01  -2.0493674e+00  -4.5074065e-03   8.9916721e-03  -2.9142738e-03
   7.0824720e-02   1.7521924e-01  -2.2685062e+00  -5.3483116e-03   9.8630523e-03  -2.8858744e-03
   6.0444917e-02   1.3499848e-01  -2.1389381e+00  -3.4395494e-03   1.0205482e-02  -1.6539103e-03
   1.8749258e-02   2.0856542e-01  -2.3052082e+00  -6.5918288e-03   1.2209605e-02  -1.4765451e-03
   3.0372603e-02   1.4329909e-01  -2.2327133e+00  -3.9096701e-03   1.0603387e-02  -9.1201027e-04
   4.7285211e-02   1.1729917e-01  -2.0304631e+00  -3.2016930e-03   9.7042891e-03  -4.1798093e-04
   6.1031277e-02   1.3921145e-01  -2.0532339e+00  -3.1114362e-03   1.0495324e-02  -1.3247581e-03
   1.0403225e-01   9.8813714e-02  -2.2310371e+00  -3.5761865e-03   6.1858013e-03  -2.1192128e-03
   5.6046680e-02   1.6038907e-01  -2.1482706e+00  -2.6953077e-03   1.1116734e-02  -1.3817994e-03
   3.0202268e-02   1.9703817e-01  -2.2652992e+00  -7.1229319e-03   1.2444947e-02  -1.7348168e-03
   8.6130323e-02   1.1051690e-01  -2.0951022e+00  -7.7963681e-03   4.9663137e-03  -2.7190052e-03
   1.1054249e-01   1.0488772e-01  -1.8851968e+00  -1.9202745e-03   5.9246290e-03  -1.6316863e-03
   9.9015235e-02   1.4097322e-01  -1.8243667e+00  -2.1740651e-03   8.1967431e-03  -2.9262292e-03
   4.7586489e-02   5.8278053e-02  -1.9188595e+00   5.4129618e-03   8.3485994e-03   9.3635223e-04
   1.8044328e-04   9.7707127e-02  -2.4193629e+00  -3.4022565e-03   1.0251603e-02   2.6803411e-03
   2.2380366e-02   1.1463648e-01  -2.0992618e+00  -2.7540042e-04   1.1223032e-02   1.8290104e-03
   3.2315083e-02   7.1092802e-02  -2.1501574e+00  -2.0975316e-03   1.0161642e-02   1.6445764e-03
   8.8071651e-02   8.4570614e-02  -2.3474718e+00  -1.7914050e-03   4.7904959e-03   5.0454681e-04
   1.0137023e-01   8.6863102e-02  -2.2789901e+00  -2.8665137e-03   7.1801772e-03  -1.6814079e-04
   1.0369933e-01   7.9312913e-02  -2.1301341e+00  -6.8127373e-06   7.2544215e-03   5.3055444e-04
   3.6147854e-02   7.9801211e-02  -2.2776732e+00  -2.0395176e-03   9.2532020e-03   6.0339606e-04
   5.1935999e-02   1.4462665e-01  -2.1736079e+00  -4.6326276e-03   8.3488798e-03  -1.3305853e-03
  -3.2734483e-02   1.3248398e-01  -2.4579959e+00  -1.9155252e-03   1.4092827e-02   1.3259993e-03
  -3.8264262e-02   7.8649938e-02  -2.1912560e+00  -4.1405885e-03   1.3395188e-02   2.1519873e-03
  -3.8532780e-02   1.2518947e-01  -2.8645808e+00  -8.7534753e-03   1.4272359e-02   1.8873275e-03
  -3.6757934e-02   1.7800267e-01  -2.6521881e+00  -5.9981659e-03   1.3235735e-02   1.1902675e-03
  -2.7492600e-02   1.2771860e-01  -2.5798697e+00  -3.0281042e-03   1.3370636e-02   2.3520022e-03
  -2.5490728e-02   1.5782020e-01  -2.8318287e+00  -6.2116327e-03   1.4326438e-02   1.2047017e-03
   1.6410347e-02   1.0422940e-01  -2.7839010e+00  -7.0275042e-03   1.3514980e-02   1.2651994e-03
   3.3445994e-02   9.1870119e-02  -2.5447472e+00  -2.7134577e-03   1.3282721e-02   1.2469316e-03
   5.6499556e-02   9.4552263e-02  -2.2134922e+00   1.0200848e-04   1.1881661e-02   1.6908930e-03
   1.3535142e-02   9.1584672e-02  -3.0267620e+00  -3.9098754e-03   1.2660082e-02   2.1385958e-03
  -2.4181676e-03   1.1281882e-01  -2.8769790e+00  -5.7743541e-03   1.0461939e-02   9.7047628e-04
   3.6101017e-02   1.6597036e-01  -2.5886381e+00  -8.3760827e-03   7.9603591e-03  -1.2704501e-03
   2.9914103e-02   1.7897780e-01  -2.5132117e+00  -7.3573825e-03   8.2604151e-03  -1.2829522e-03
   5.6935080e-02   1.4802872e-01  -2.3395112e+00  -5.3386504e-03   8.4827723e-03  -1.8131483e-03
   5.5993629e-02   1.5052133e-01  -2.4031764e+00  -4.4404164e-03   9.9136293e-03  -2.1043128e-03
   5.6728510e-02   1.7381616e-01  -2.4259868e+00  -3.1050811e-03   9.8467110e-03  -1.5741102e-03
   6.1983400e-02   1.8135007e-01  -2.4318236e+00  -4.1127595e-03   1.0592129e-02  -1.6168832e-03
   5.4382010e-02   1.7553313e-01  -2.4134229e+00  -5.0048228e-03   1.0327704e-02  -1.3317679e-03
   9.3364734e-02   1.5591794e-01  -2.5258407e+00  -3.2790104e-03   7.5146148e-03  -1.7531407e-03
   5.3666078e-02   1.7063574e-01  -2.4672658e+00  -3.7794031e-03   8.5594985e-03  -1.3535824e-03
   5.0974380e-02   1.5689204e-01  -2.4005567e+00  -3.7987958e-03   1.0133579e-02  -1.1525026e-03
   5.6111059e-02   1.2030314e-01  -2.4117997e+00  -3.4790399e-03   1.0703463e-02  -1.5502745e-03
   7.4588528e-02   1.1762968e-01  -2.4538912e+00  -6.5033543e-03   5.2898569e-03  -2.3268639e-03
   6.2002053e-02   2.0949597e-01  -2.3558757e+00  -5.6627351e-03   7.5354636e-03  -2.2241789e-03
   5.7744088e-02   1.3102653e-01  -2.4671799e+00  -5.1005246e-03   9.5785306e-03  -1.4750299e-03
   5.6131167e-02   1.7595325e-01  -2.4562278e+00  -2.5575959e-03   7.9588792e-03  -1.1521610e-03
   6.5459968e-02   1.3947195e-01  -2.4528639e+00  -4.0065787e-03   8.9782084e-03  -1.6942484e-03
  -1.0043275e-03   5.6544052e-02  -2.4978953e+00  -2.9921085e-03   8.0387725e-03   8.5271012e-04
   4.0121714e-02   1.2143894e-01  -2.4038594e+00  -3.1337037e-03   8.9506898e-03   1.7915706e-04
  -6.8259864e-03   1.0960283e-01  -2.8826373e+00  -3.6270772e-03   1.1351786e-02   2.0811789e-03
  -5.0668465e-03   1.2860736e-01  -3.1885160e+00  -6.0745461e-03   1.0188452e-02   2.3954589e-03
   1.3626909e-02   1.3662369e-01  -3.0337590e+00  -5.9970707e-03   1.0826463e-02   2.4673382e-03
   3.3823003e-02   1.6939810e-02  -2.9712411e+00  -1.0497660e-03   1.1906970e-02   1.7507596e-03
   3.0640025e-02   1.4144536e-01  -2.7181658e+00  -7.7663782e-03   1.0908474e-02  -1.7362008e-03
   5.2467195e-02   1.8063418e-01  -2.5738215e+00  -6.0134116e-03   1.2904235e-02  -2.0972204e-03
   5.3428231e-02   1.6397740e-01  -2.5550220e+00  -5.9530717e-03   1.3177165e-02  -2.2519682e-03
   5.5718859e-02   1.3705586e-01  -2.5165523e+00  -5.8194305e-03   1.2393372e-02  -2.1675860e-03
   6.2748169e-02   1.1246647e-01  -2.3081751e+00  -3.0407684e-03   1.2179501e-02  -2.4268879e-03
   4.4552870e-02   1.2907379e-01  -2.3824071e+00  -3.9207088e-03   1.2519519e-02  -1.7950627e-03
   3.5351426e-02   1.1628309e-01  -2.4512984e+00  -3.3966475e-03   1.1813115e-02  -1.1484733e-03
   2.1492627e-02   8.6383402e-02  -2.5232703e+00  -3.8315481e-03   1.3922201e-02  -9.9904258e-04
   1.7112430e-02   1.2481005e-01  -2.5341422e+00  -4.1125010e-03   1.3816229e-02  -8.3277008e-04
  -1.1318724e-01   3.9931047e-02  -2.9562456e+00  -1.3043768e-02   1.3618261e-02   3.5176430e-03
  -1.3094605e-01   9.5105825e-02  -2.4694158e+00  -4.2530959e-03   1.6364560e-02   4.9761611e-03
  -1.0291212e-01  -1.1410188e-01  -2.2370572e+00  -7.0364948e-03   2.0038346e-02   4.7721042e-03
  -4.1084422e-02  -1.7518640e-01  -2.2233844e+00  -4.6834452e-03   1.1897447e-02   2.9643448e-03
   3.3611931e-02  -5.9627536e-02  -2.6466275e+00   3.2133880e-03   6.8881566e-03  -8.5610959e-04
   1.0875852e-01  -9.4710673e-02  -2.1817067e+00  -2.7590417e-03   1.0541756e-02  -1.4942012e-03
  -4.2711035e-02   1.8514303e-01  -2.2595505e+00  -2.1581733e-03   1.9020905e-02  -1.1940762e-03
  -1.5789374e-02   1.5000091e-01  -2.4010999e+00  -4.9677201e-03   1.8863997e-02  -1.5248148e-03
  -1.3291911e-02   1.6996693e-01  -2.3504234e+00  -5.0752885e-03   1.7781678e-02  -1.2348410e-03
  -3.3959385e-03   5.7899798e-02  -2.7409946e+00  -7.4355058e-03   1.4898015e-02   8.4059273e-05
   3.0381386e-02   1.7177065e-01  -2.8968020e+00  -4.8811467e-03   1.4621803e-02   5.3799456e-05
  -1.5275572e-02   7.0619516e-02  -3.0701876e+00  -1.3133157e-02   1.5550308e-02   1.6210679e-03
  -7.0716258e-02   1.4993431e-01  -3.2852144e+00  -9.8785719e-03   1.3651122e-02   2.7272819e-03
  -4.3918126e-02   1.4453912e-01  -3.1186746e+00  -7.4784889e-03   1.5473754e-02   1.6477771e-03
   5.6571197e-02   1.7745704e-01  -2.5786726e+00  -8.7420033e-03   6.9368878e-03  -2.5606385e-03
   7.1568183e-02   1.7618939e-01  -2.6306709e+00  -1.1083926e-02   7.7944514e-03  -1.4785993e-03
   2.2518354e-02   2.6920463e-01  -2.3472349e+00  -1.7738674e-02   1.1188249e-02   3.7366168e-04
  -1.4535694e-01   1.7833869e-01  -2.2395829e+00  -5.5172204e-03   1.8387470e-02   2.8666033e-03
  -3.3929743e-02   1.1731426e-01  -2.0453690e+00  -4.6799788e-03   1.6297342e-02   9.7945960e-04
  -1.3872361e-02   3.9121794e-02  -2.5185257e+00  -3.8368661e-03   1.4435093e-02   1.3723947e-03
   6.2965092e-03   1.2790630e-01  -2.2974310e+00  -7.6211591e-03   1.6106692e-02   1.1911757e-04
   1.3260550e-02   1.3296392e-01  -2.1101269e+00  -5.7580051e-03   1.5650552e-02   5.2827803e-05
   2.7122894e-03   1.6496931e-01  -2.0897104e+00  -2.6302662e-03   1.6535059e-02   6.8746938e-04
  -4.6983568e-02   1.8952387e-01  -2.6391894e+00  -8.0854255e-03   1.5898287e-02   5.3676229e-04
  -1.8503742e-02   1.9515138e-01  -2.5437506e+00  -8.6674876e-03   1.6794786e-02   1.4656494e-04
  -8.8424465e-04   2.0273061e-01  -2.6521787e+00  -1.6546403e-02   1.5844119e-02  -1.8782411e-03
   7.0082389e-02   2.0674353e-01  -2.1451059e+00  -1.0370196e-02   8.1523342e-03  -2.3926120e-03
   8.3560573e-02   2.0236411e-01  -1.9658612e+00  -6.5083777e-03   9.4325777e-03  -2.5998317e-03
   5.0879018e-02   1.9253198e-01  -2.2793751e+00  -6.0441063e-03   9.4076413e-03  -1.5154792e-03
   7.2940587e-02   1.0957536e-01  -1.9958639e+00  -7.0560451e-03   1.0259431e-02   6.5197477e-04
   2.4579830e-02   1.7863144e-01  -1.7371825e+00  -1.8321967e-03   1.3441175e-02  -1.4045948e-04
   4.3301262e-02   7.1662168e-02  -1.8605500e+00   1.9631284e-04   1.0670403e-02   3.1975646e-04
   6.3896741e-02   1.1229643e-01  -1.7715183e+00   5.4357189e-03   1.1938264e-02   4.8776122e-04
   4.9517711e-02   1.8895026e-01  -2.1748719e+00  -3.2480671e-03   1.3346270e-02   9.2467383e-04
  -5.3195954e-03   1.5073308e-01  -2.2979248e+00  -3.1727403e-03   1.5973592e-02   2.2651918e-03
   2.2837815e-02   8.8003914e-02  -2.2378940e+00  -1.6474423e-03   1.5388088e-02   1.9314778e-03
   3.3716131e-02   1.1443604e-01  -2.1904512e+00  -1.8035078e-03   1.5322260e-02   1.3799115e-03
   2.1728142e-02   1.2597874e-01  -2.2849655e+00  -4.3536524e-03   1.5456111e-02   1.5951162e-03
   3.6289153e-02   9.7998580e-02  -2.0792055e+00  -1.5542598e-03   1.5995932e-02   1.3103478e-03
  -2.9344278e-02   1.3487597e-01  -2.2057311e+00  -1.9813829e-03   1.7191518e-02   2.1363416e-03
   3.1582363e-02   1.1161449e-01  -2.2091579e+00  -1.8041238e-03   1.6049118e-02   1.0869260e-03
   2.8593900e-02   1.0525130e-01  -2.1434412e+00  -1.5149791e-03   1.5932973e-02   1.0778999e-03
  -3.1893049e-02   1.3549410e-01  -2.1570761e+00  -2.3781314e-03   1.7519159e-02   1.8942094e-03
   1.8882405e-02   1.1794965e-01  -2.2149468e+00  -3.6455463e-03   1.7372357e-02   6.1890502e-04
   7.2993847e-02   1.9605666e-01  -2.1732020e+00  -5.5195502e-03   1.4581065e-02  -1.4653302e-03
   1.1656425e-01   1.6332633e-01  -2.0388060e+00  -3.1704475e-03   1.2023903e-02  -2.2136049e-03
   1.0471616e-01   1.6765230e-01  -2.0959343e+00  -3.4275646e-03   1.2838450e-02  -2.0841808e-03
   1.0718787e-01   1.6686326e-01  -2.1477572e+00  -3.2692101e-03   1.3055806e-02  -1.4609092e-03
   6.7073748e-02   9.8231292e-02  -2.1107758e+00  -3.5809042e-03   1.5014449e-02  -1.1084791e-03
   4.0293814e-02   1.5241411e-01  -2.1192102e+00  -3.0787308e-03   1.5637017e-02  -6.0263842e-04
   5.5240685e-02   1.3209674e-01  -2.3127179e+00  -4.0316520e-03   1.5786137e-02  -2.6013557e-04
   3.0698706e-02   3.3979326e-02  -2.5006330e+00  -1.6638936e-04   1.2871138e-02   1.7474337e-03
  -1.4542428e-02   6.5857053e-02  -2.9599504e+00  -5.2242192e-03   1.5546325e-02   3.1524191e-03
  -1.5152715e-02   1.1706477e-01  -2.5740455e+00   1.2539639e-04   1.8325413e-02   3.7435591e-03
   1.9726896e-04   1.1029406e-01  -2.4287564e+00  -2.5814021e-03   1.7919154e-02   2.8846921e-03
   3.0588094e-02   9.3513000e-02  -2.3665903e+00  -1.2322648e-03   1.7031936e-02   1.5075225e-03
   4.1228071e-02   1.0432687e-01  -2.3584626e+00  -1.4238660e-03   1.7431679e-02   1.3298324e-03
   1.7878525e-02   1.1179930e-01  -2.5500504e+00  -3.1208649e-03   1.7043867e-02   1.2120142e-03
   4.0690860e-02   7.9965415e-02  -2.3388417e+00  -6.7858969e-04   1.6688926e-02   1.8326178e-03
   2.4737026e-02   1.0617064e-01  -2.2705103e+00  -8.7911134e-04   1.6215213e-02   8.9166653e-04
   7.6677577e-02   8.8012470e-02  -2.0013271e+00   3.8405539e-05   1.1876562e-02  -1.1965963e-03
   8.1313062e-02   9.8214402e-02  -1.9766133e+00   4.2515938e-04   1.3158772e-02   4.5122142e-04
   8.0293135e-02   1.0552340e-01  -1.9611460e+00   2.9937077e-04   1.3117072e-02   2.8389556e-04
   7.5966614e-02   9.7629994e-02  -1.9675357e+00   6.1381502e-04   1.2432625e-02   2.2011736e-04
  -7.7990893e-03   1.1190120e-01  -2.9137199e+00  -6.9996686e-03   1.5627268e-02   2.4017580e-03
  -5.2407017e-02   4.6619585e-02  -1.3535513e+00   1.1817397e-02   1.3878909e-02   2.6552516e-03
  -5.1890235e-02   2.0675752e-01  -2.6248874e+00  -1.3780183e-02   1.6934475e-02   3.4956329e-03
  -6.7415387e-02   1.1994380e-01  -2.4689340e+00  -1.7781395e-02   2.0334356e-02   3.6623200e-03
  -2.4522121e-02   1.7337300e-01  -2.0364157e+00  -1.7515623e-02   2.5344827e-02  -1.1676666e-03
  -4.9796926e-02   1.9243490e-01  -2.3319533e+00  -1.0595738e-02   2.2458387e-02   1.0859466e-04
  -2.7600214e-02   1.2941618e-01  -2.0054141e+00  -1.0521891e-02   2.3930679e-02  -7.4853978e-04
  -2.1319670e-02   1.5538324e-01  -1.8900355e+00  -8.8347838e-03   2.4273639e-02  -9.7274785e-04
  -7.1950408e-03   2.3228651e-01  -1.8201126e+00  -7.2353382e-03   2.4695956e-02  -1.0883379e-03
  -4.7850145e-02   6.0565802e-02  -8.8574505e-01   3.3590101e-04   2.5882532e-02  -1.3276614e-03
  -3.5052163e-02   2.0521381e-01  -8.7930342e-01   1.4211718e-03   2.6992677e-02  -1.7838531e-03
  -2.1687008e-02   1.6128412e-01  -8.6280183e-01   1.4439717e-03   2.8558083e-02  -1.9531830e-03
  -2.3529965e-02   1.6523587e-01  -9.2163499e-01   1.8435212e-03   2.8178210e-02  -2.2224298e-03
  -3.1373572e-02   1.5854049e-01  -8.8435951e-01   2.2350763e-04   2.8875105e-02  -1.1960287e-03
  -3.3339699e-02   1.8714786e-01  -7.4389697e-01   3.4721048e-03   2.9338459e-02  -1.3022172e-03
  -3.1715215e-02   1.6364119e-01  -7.6419047e-01   2.4882743e-03   2.7878451e-02  -1.3597505e-03
  -8.3436388e-02   1.4820111e-01  -9.3661254e-01   2.4168080e-03   3.0252989e-02   9.7052571e-04
  -8.9652406e-02   1.4051363e-01  -1.3140008e+00   1.0426298e-03   3.2027720e-02   1.3616973e-04
  -5.5472874e-02   1.5841159e-01  -1.1485681e+00   3.0689038e-03   3.0495760e-02  -1.6116526e-05
  -4.8345631e-02   1.4696579e-01  -1.1521717e+00   3.3230340e-03   2.9903447e-02  -5.4741734e-04
  -5.1175059e-02   1.2331397e-01  -1.3387560e+00   6.2144292e-03   2.6404708e-02   1.0733411e-03
  -4.2592807e-02   1.7930103e-01  -1.5209184e+00   5.0679949e-03   2.7308804e-02   1.5987488e-03
  -4.8113947e-02   1.1439178e-01  -1.8569087e+00   1.2617586e-03   2.6858982e-02   1.8355482e-03
  -1.0657796e-02   1.5946168e-01  -1.8186027e+00  -1.7446009e-03   2.6987079e-02   8.7289483e-04
  -4.7466352e-03   1.4570710e-01  -1.8137700e+00  -1.6118617e-04   2.6169466e-02   3.2210210e-04
  -1.0809205e-02   1.5879241e-01  -1.8317721e+00  -9.2703110e-04   2.5639452e-02   4.0466320e-04
  -3.6977948e-02   1.7336634e-01  -1.7918798e+00  -5.0862552e-04   2.7544650e-02   1.1231156e-03
  -1.2051731e-02   1.8210535e-01  -1.7555967e+00  -9.7164717e-04   2.6945654e-02   6.8890176e-04
  -5.2353352e-02   1.7455174e-01  -1.8719599e+00  -1.9312924e-03   2.7861038e-02   1.0119659e-03
  -4.9649453e-02   2.0090313e-01  -1.8163910e+00  -1.1279553e-03   2.9376862e-02   2.0725832e-04
  -3.2877315e-02   1.9015441e-01  -1.8021209e+00  -1.6111828e-03   2.9018391e-02  -1.1220764e-03
   1.6647925e-02   1.9558581e-01  -1.7986771e+00  -3.4421274e-03   2.6577570e-02  -1.6744399e-03
   2.6756755e-02   2.2136721e-01  -1.5818879e+00   6.2396710e-04   2.6615252e-02  -2.1715595e-03
   2.6190413e-02   2.0783051e-01  -1.6073545e+00  -3.6057726e-04   2.6181103e-02  -2.0396937e-03
  -4.9322597e-02   1.6958166e-01  -1.8066189e+00  -9.4412495e-04   2.9173124e-02   3.8652952e-04
   3.6362278e-04   1.7452597e-01  -1.6331004e+00   2.7049951e-03   2.5720900e-02   1.2223614e-04
   2.5639597e-02   1.6716632e-01  -1.5482596e+00   1.7006367e-03   2.6267583e-02   4.0722105e-05
   2.8415639e-02   1.8933280e-01  -1.4980046e+00   1.6079334e-03   2.7108717e-02  -1.9331775e-03
  -1.1977804e-02   1.8693515e-01  -1.6692440e+00  -6.8499627e-04   2.6971475e-02  -1.4711179e-03
   7.3414805e-03   2.2626578e-01  -1.6836124e+00  -1.0409143e-03   2.6460495e-02  -1.9595660e-03
   4.3309138e-02   2.1602270e-01  -2.1283012e+00  -3.5513468e-03   2.3566614e-02  -1.7374721e-03
   6.0007191e-02   2.1138682e-01  -2.0104853e+00  -2.9759633e-03   2.4147795e-02  -2.1939776e-03
   5.4302263e-02   1.5360671e-01  -1.9950404e+00  -2.3855089e-03   2.4458936e-02  -4.2326617e-04
  -3.2619916e-02   1.9947091e-01  -2.2121787e+00  -3.3398714e-03   2.5777151e-02  -1.4522756e-04
   8.1091112e-03   1.7573507e-01  -2.0332764e+00  -9.6423181e-04   2.6106624e-02  -8.2172407e-04
   4.3899360e-02   1.7416358e-01  -1.9693743e+00  -3.0625875e-03   2.1995167e-02  -1.3390733e-03
   4.3868548e-02   2.1713643e-01  -1.8531899e+00  -1.0700198e-03   2.2018678e-02  -1.3794560e-03
   5.2719567e-02   1.5560204e-01  -1.7645775e+00   3.6852252e-04   2.2400779e-02  -1.0414951e-03
   1.1377114e-02   1.6312255e-01  -1.9111318e+00  -2.2809093e-04   2.4443050e-02  -2.0935127e-04
   4.3789502e-02   1.4657831e-01  -1.7706514e+00   2.3909340e-03   2.1037607e-02  -2.9333996e-04
   4.4556704e-02   1.4095631e-01  -1.7769859e+00   1.2872608e-03   2.1376975e-02  -2.2851198e-04
   5.8429714e-02   1.2911851e-01  -1.7390799e+00   2.4333897e-03   2.1436311e-02  -8.1640992e-04
   3.9742889e-02   1.3338215e-01  -1.8171029e+00   2.4550796e-03   1.9822206e-02   1.1822942e-03
   5.6323434e-02   1.7205810e-01  -1.9551577e+00   3.0098593e-04   2.1045311e-02   1.3657855e-04
   5.1216045e-02   1.7857536e-01  -1.8733772e+00   7.0439084e-04   2.1603585e-02   2.4770931e-04
   6.5781376e-02   1.1798238e-01  -1.8530025e+00   2.0293753e-03   2.1528274e-02  -4.6127928e-04
   4.6711340e-02   1.5089071e-01  -1.8786076e+00   1.5477645e-03   2.1138530e-02  -2.1622373e-04
   5.2604587e-02   1.4493948e-01  -1.8802176e+00   1.5909696e-03   2.1111570e-02   1.0475668e-04
   5.9461503e-02   1.6288803e-01  -1.8759827e+00   1.4799814e-03   2.1408431e-02  -8.0278441e-05
   6.3793325e-02   1.4022914e-01  -2.0744002e+00   1.6127012e-03   1.9528839e-02   7.2588658e-04
   7.0751706e-02   8.4216120e-02  -1.9839479e+00   3.3429606e-03   1.9628921e-02   1.1739200e-03
  -9.5210225e-02   2.0644621e-01  -1.9495730e+00   6.7115427e-04   2.1117165e-02   5.0369517e-04
  -6.0686648e-02   3.4025599e-01  -2.4953197e+00   9.4520136e-04   2.3705950e-02   3.3311234e-03
   1.6376665e-04   2.9333241e-01  -1.7190143e+00   2.1373644e-02   1.8106689e-02   2.8975282e-03
  -5.0360943e-02   2.9116268e-01  -3.3907958e+00  -4.2383398e-03   1.6028075e-02   1.9850323e-04
  -5.8655130e-02   2.8670971e-01  -3.4994407e+00  -5.8006351e-03   1.5562768e-02   3.2794181e-04
  -2.9787269e-02   2.7907703e-01  -3.5237562e+00  -6.6712801e-03   1.5137395e-02  -3.2902958e-04
  -1.4351749e-02   4.2217667e-01  -3.0810564e+00  -3.7430432e-03   1.4114230e-02   1.4582517e-03
  -3.4277736e-02   2.9156151e-01  -2.5103925e+00   5.3098456e-04   1.6412436e-02   2.6638766e-04
  -5.0769590e-02   2.3187015e-01  -2.9499801e+00  -5.3137591e-03   1.9939755e-02   2.9039762e-04
  -3.8000130e-02   2.1463086e-01  -2.8558818e+00  -3.2687212e-03   1.7356570e-02   1.4263705e-04
  -1.2145752e-02   1.8451928e-01  -2.8738078e+00  -4.8796425e-03   1.7809028e-02  -2.0695112e-04
  -5.3024893e-03   1.4919027e-01  -2.8354268e+00  -1.1801280e-03   1.6277542e-02   1.1858467e-03
  -2.0131182e-02   1.7885650e-01  -2.7688833e+00  -4.2594840e-03   1.6880764e-02   6.9543381e-04
  -1.2334002e-02   1.7941334e-01  -2.7324313e+00  -5.4259146e-03   1.5799867e-02   6.3365598e-04
  -1.6368557e-02   1.6777564e-01  -2.6701978e+00  -4.3721173e-03   1.6323270e-02   3.1732753e-04
  -1.6273625e-02   1.3487010e-01  -2.8129540e+00  -4.0893553e-03   1.4618160e-02   1.4701939e-03
  -1.2215652e-02   1.6187002e-01  -2.6740929e+00  -4.7783189e-03   1.5182997e-02   3.5361617e-04
  -1.0193722e-02   1.6429083e-01  -2.6404479e+00  -5.3358130e-03   1.5498174e-02   2.6232877e-04
  -3.7925630e-03   1.5694533e-01  -2.6345773e+00  -4.8147657e-03   1.5475840e-02  -2.1243155e-04
  -6.5491666e-03   1.7292320e-01  -2.6334597e+00  -4.8411034e-03   1.4644313e-02  -2.1928214e-04
  -3.1381567e-02   1.6503186e-01  -2.7947623e+00  -5.9687137e-03   1.0782766e-02   5.1745930e-04
  -7.5830588e-03   1.6453990e-01  -2.7054342e+00  -4.1515161e-03   1.0935700e-02   1.1601005e-03
  -1.3717228e-01   1.7356701e-01  -2.4292849e+00   1.5102317e-03   1.4027760e-02   3.4705230e-03
  -8.2463269e-02   1.1273951e-01  -3.0490173e+00  -1.4590174e-02   1.2898275e-02   3.1396881e-03
  -1.0329738e-01  -9.2633581e-02  -1.8906881e+00  -1.9005036e-03   1.6088301e-02   2.4749994e-03
  -8.5290259e-02   1.0807177e-01  -2.6828695e+00  -1.8006019e-02   1.3092426e-02   3.1843476e-03
  -6.7190962e-02   1.7347209e-01  -1.2887925e+00  -3.8325664e-03   1.3418798e-02  -7.7198937e-04
  -2.5340333e-02   1.5311626e-01  -1.4202641e+00   3.6074333e-03   1.4957857e-02  -1.5350871e-04
  -2.9108367e-02   1.9942297e-01  -1.6028178e+00   5.5405520e-04   1.4227983e-02  -3.0150460e-04
  -1.9399834e-02   1.2676429e-01  -1.7409995e+00  -2.3870343e-03   1.2734719e-02  -1.0157639e-03
   6.1368223e-03   1.7293439e-01  -1.5764608e+00  -1.2694502e-03   1.2535493e-02  -1.5976527e-03
   2.3998177e-03   1.7207528e-01  -1.5167592e+00  -9.4978397e-04   1.2756007e-02  -1.4307761e-03
   1.3489616e-03   1.9367391e-01  -1.5028510e+00  -1.2748700e-03   1.3291333e-02  -1.5842850e-03
  -5.0224222e-03   2.3069165e-01  -1.5622560e+00  -1.6761289e-03   1.2853532e-02  -1.0889579e-03
   3.4763724e-03   1.8590008e-01  -1.5462762e+00  -2.1619928e-03   1.2766780e-02  -1.2242205e-03
   5.3886390e-03   2.0240477e-01  -1.5161065e+00  -1.3637260e-03   1.2313222e-02  -1.4253822e-03
   9.3486249e-03   1.9731130e-01  -1.4993335e+00  -8.3776410e-04   1.2534594e-02  -1.4234403e-03
  -1.0786453e-02   1.2596574e-01  -1.7403248e+00  -1.2783176e-03   1.0584439e-02   1.2134092e-03
   2.0542613e-02   1.3733192e-01  -1.6016873e+00   1.1974863e-03   1.0952359e-02   3.6924169e-04
  -1.6440456e-02   1.4032690e-01  -1.5973483e+00   8.9397179e-04   1.0098948e-02   1.5245029e-03
   1.3408584e-02   1.4948534e-01  -1.5658389e+00   1.5801056e-03   1.1167544e-02   6.1010185e-04
   3.2936890e-03   1.6732136e-01  -1.5500395e+00   1.0227841e-03   1.0974433e-02   7.2171568e-04
   1.1102621e-03   1.3435057e-01  -1.7251613e+00  -3.7247062e-04   1.1200609e-02   4.6975276e-04
   2.6343164e-02   1.4286940e-01  -1.6419039e+00   1.1007004e-03   1.1102116e-02   1.0889535e-04
   2.2783338e-02   1.3776003e-01  -1.6685177e+00   8.1528689e-04   1.0956936e-02  -9.1293723e-05
   3.3970995e-02   1.4335783e-01  -1.6349044e+00   1.1296797e-03   1.0873037e-02  -2.1588530e-05
   3.1956229e-02   1.5340030e-01  -1.5989162e+00   1.4406577e-03   9.5454831e-03   2.5601401e-05
   3.0111263e-02   1.7813942e-01  -1.6138559e+00   5.6908997e-03   9.7368928e-03   7.8229185e-04
  -1.3483693e-02   1.6965360e-01  -1.9069545e+00  -3.8681658e-04   1.2293998e-02   3.3379281e-04
   2.6659704e-02   7.4566101e-02  -1.6323976e+00   5.4949714e-03   7.0855213e-03  -1.0188263e-03
   5.3685779e-03   1.5334060e-01  -1.8427613e+00   2.8558911e-04   1.0771273e-02  -9.1439243e-04
   7.8135212e-04   1.4363940e-01  -1.7578954e+00   2.0295077e-04   1.0581880e-02  -1.1459840e-03
  -7.8956268e-03   1.5433602e-01  -1.8240510e+00   7.6068996e-04   9.8182572e-03  -9.5723918e-04
   8.9798415e-03   7.7218535e-02  -1.7223285e+00  -3.2185059e-04   1.0105944e-02  -6.3245467e-04
   1.3919290e-02   1.2594740e-01  -1.5857799e+00   3.1900403e-03   9.5864992e-03  -7.1838572e-04
   3.1076744e-02   1.3967242e-01  -1.5871965e+00   3.0070862e-03   9.4701063e-03  -6.8462935e-04
  -4.8544314e-03   1.3264281e-01  -1.6130690e+00   3.2151369e-03   8.6652353e-03  -4.9147939e-04
   8.2598703e-03   1.4795475e-01  -1.6814846e+00   2.1714054e-03   8.8394116e-03  -3.6438855e-04
   2.4968188e-02   1.0954614e-01  -1.6230347e+00   2.9780152e-03   9.0669395e-03  -3.5257229e-04
   1.9381743e-02   1.3209840e-01  -1.5966239e+00   3.8713879e-03   9.1019862e-03  -7.0092874e-04
   2.5398148e-02   1.2128607e-01  -1.5744689e+00   2.8145556e-03   8.8227320e-03  -3.8983257e-04
   4.0978636e-02   1.5066458e-01  -1.6409066e+00   1.6591876e-03   7.4728737e-03  -6.5025242e-04
   3.7239377e-02   1.2988044e-01  -1.5361334e+00   4.3826137e-03   7.4772189e-03  -5.6647129e-04
   4.3876721e-02   1.3609036e-01  -1.5528667e+00   3.6260506e-03   7.1156506e-03  -9.5499904e-04
   3.6307836e-02   1.2693630e-01  -1.5864565e+00   3.0494235e-03   6.7284546e-03  -6.1991489e-04
   6.5949963e-02   1.3806273e-01  -1.6387645e+00   1.2435929e-02   6.6939424e-03  -2.2207415e-03
   7.8667663e-03   1.7171595e-01  -2.5050031e+00   1.3868962e-02   9.9475768e-03   2.4511262e-03
   3.2407757e-02   1.1379973e-01  -2.6100276e+00   1.1205952e-02   7.8609947e-03   2.7252229e-03
  -2.0117480e-02   2.6578223e-01  -2.3245900e+00  -5.1781750e-03   1.7631867e-02   2.1106463e-03
  -3.5804244e-02   1.5010523e-01  -2.1941293e+00   7.9115956e-03   2.1071870e-02   1.7611508e-03
  -2.9632401e-02   8.9587108e-03  -1.7945663e+00   1.4049028e-02   2.0519836e-02   1.5424904e-03
  -7.9698710e-03   3.2379702e-02  -1.9136244e+00   1.3424934e-02   1.7935648e-02   1.0193547e-03
  -2.9960044e-02   4.4229343e-02  -1.8506140e+00   1.3545280e-02   1.8530672e-02   1.2375715e-03
  -6.0107427e-02   2.1351461e-01  -1.9629433e+00   4.8582617e-03   2.2111445e-02  -1.7485507e-03
  -1.3959028e-01   3.0156815e-01  -2.3651366e+00  -5.8851023e-03   2.4647409e-02   2.4499112e-03
  -1.2314612e-01   1.8367976e-01  -3.0654915e+00  -8.2844755e-03   2.3713303e-02   9.2364440e-04
  -1.8007045e-01   1.4511400e-01  -2.0682204e+00   9.2897381e-03   2.0502371e-02   9.0107948e-04
  -1.5351554e-01   2.4809161e-01  -2.3672651e+00   2.2402680e-03   2.3769053e-02   7.1485680e-05
  -1.2208846e-01   1.8794135e-01  -2.4198362e+00   2.9623928e-04   2.2169464e-02  -6.4475009e-04
  -1.1978069e-01   2.3573097e-01  -2.3921151e+00  -4.4460520e-04   2.1995031e-02  -7.9066004e-04
  -1.0948187e-01   2.4698222e-01  -2.3246052e+00  -7.4738128e-04   2.2620059e-02  -8.5133803e-04
  -1.0589374e-01   2.3849796e-01  -2.3581799e+00  -8.4531278e-04   2.2705285e-02  -9.5697471e-04
  -1.0852320e-01   2.5159722e-01  -2.3946910e+00  -1.4525670e-03   2.2586825e-02  -9.2143332e-04
  -1.0920050e-01   2.4651944e-01  -2.4248163e+00  -2.7618569e-03   2.2283846e-02  -9.1469310e-04
  -2.5249844e-02   2.5328984e-01  -3.5733591e+00  -9.6955079e-03   1.8142444e-02  -1.0561717e-03
  -7.1899736e-03   2.7935016e-01  -3.5205979e+00  -9.8918897e-03   1.7669977e-02  -1.2372009e-03
  -4.0221054e-04   2.5743109e-01  -3.4858336e+00  -8.8903196e-03   1.7699621e-02  -1.1152740e-03
   7.6847701e-03   1.6976749e-01  -3.5288979e+00  -1.3115570e-02   1.5737988e-02   7.5954090e-04
  -3.3306740e-02   2.1932504e-01  -3.1355880e+00  -7.4117277e-03   1.7722226e-02  -3.7654379e-05
  -4.7929306e-02   1.7337345e-01  -3.4067195e+00  -4.1471575e-03   1.5267298e-02   8.2335583e-04
  -2.1717967e-02   1.6672736e-01  -3.4550974e+00  -1.1415429e-02   1.6888015e-02  -1.6164243e-04
  -2.5843186e-02   2.0385962e-01  -3.2766893e+00  -7.8804160e-03   1.6445582e-02  -5.3772885e-04
  -1.9378420e-02   1.4982442e-01  -3.5368933e+00  -9.1214127e-03   1.3622077e-02   1.7005772e-03
  -2.8423628e-02   1.6279773e-01  -3.2880317e+00  -6.4641952e-03   1.3104592e-02   9.7513055e-04
   2.9198814e-02   1.5316125e-01  -3.2452653e+00  -8.0033835e-03   1.1542840e-02  -7.4138360e-04
  -4.3556952e-03   1.5752800e-01  -3.2451983e+00  -7.1534010e-03   1.3438697e-02  -1.0117281e-03
   2.5682674e-03   1.8285973e-01  -3.2323216e+00  -7.7900201e-03   1.3831739e-02  -1.2205663e-03
  -8.2454273e-03   2.0858117e-01  -3.2166439e+00  -6.0254651e-03   1.3784491e-02   4.6656530e-04
  -1.0723858e-01   8.5790872e-02  -3.4411688e+00  -3.7738511e-03   1.7440207e-02   3.0231081e-03
  -7.0786950e-02   1.8336669e-01  -3.5404197e+00  -7.3166997e-03   1.4073310e-02   2.2981942e-03
  -4.7465388e-02   1.1434596e-01  -3.3421924e+00  -3.6036493e-03   1.5120533e-02   2.0586460e-03
  -3.5569511e-02   1.3089151e-01  -3.2024403e+00  -3.9229725e-03   1.4523663e-02   1.4256061e-03
  -2.0083578e-02   9.7607868e-02  -3.4636790e+00  -4.2452831e-03   1.2655946e-02   9.3419782e-04
  -1.2863764e-02   1.8116855e-01  -3.4631505e+00  -5.0786670e-03   1.3426084e-02   1.0077555e-03
  -1.7674928e-02   1.6515953e-01  -3.4845281e+00  -5.7286987e-03   1.3911384e-02   7.5866324e-04
  -4.5342056e-03   1.5054225e-01  -3.4687980e+00  -5.2200481e-03   1.5088994e-02  -1.4768384e-05
   1.0100750e-02   1.3045376e-01  -3.3207402e+00  -5.8075294e-03   1.4348819e-02   4.2075054e-04
  -9.3728914e-03   1.6079186e-01  -3.3204678e+00  -5.4713824e-03   1.4201100e-02   2.8250054e-04
  -1.0418085e-02   8.4942983e-02  -3.2596283e+00  -9.2235809e-03   1.4622221e-02   1.8392111e-03
  -1.7410190e-01   2.1151779e-01  -3.4706430e+00  -8.9371041e-03   2.1371427e-02   3.6425921e-03
  -1.0114142e-01   1.7283562e-01  -3.3130037e+00  -6.9503902e-03   1.8915159e-02   1.1916585e-03
  -6.6532057e-02   1.5081043e-01  -3.2752328e+00  -7.2498833e-03   1.8014039e-02   7.0493705e-04
  -6.1959100e-02   1.4743274e-01  -3.3294420e+00  -7.2232200e-03   1.6283830e-02   5.3550265e-04
  -4.3203725e-02   1.5406103e-01  -3.3655097e+00  -8.7094098e-03   1.6151130e-02   1.2754286e-03
  -8.2534761e-02   1.7859442e-01  -3.2255813e+00  -7.3964548e-03   1.6964834e-02   9.6298973e-04
  -9.1172117e-02   1.4736748e-01  -3.5241369e+00  -9.7189023e-03   1.6146256e-02   1.1886993e-03
  -4.4281382e-02   1.6541932e-01  -3.2610726e+00  -6.0502294e-03   1.5677100e-02   3.3632593e-04
  -6.6335120e-02   1.7141954e-01  -3.3025350e+00  -6.6619254e-03   1.5412445e-02   1.3689394e-03
  -3.8808190e-02   1.7347536e-01  -3.5301560e+00  -8.4169620e-03   1.1386557e-02   2.1249198e-03
  -2.9721419e-02   1.5820043e-01  -3.3521255e+00  -5.8776321e-03   1.3119053e-02   2.3844647e-03
  -1.2404276e-02   6.8547902e-02  -3.1026574e+00  -1.7693115e-03   1.3666756e-02   3.1202466e-03
   2.3849850e-02   5.0404890e-02  -3.1882485e+00   2.0509649e-03   1.1001330e-02   1.2269748e-03
  -6.8728469e-02   1.3721811e-01  -3.6679317e+00  -4.3462323e-03   1.4563339e-02   2.3976592e-03
  -6.6597592e-02   1.5877487e-01  -3.6079870e+00  -7.3019312e-03   1.5212835e-02   1.5555028e-03
  -3.2233237e-02   1.1418289e-01  -3.5573333e+00  -6.7144484e-03   1.4221518e-02   6.7922433e-04
  -6.5713093e-02   1.0964975e-01  -3.8640756e+00  -4.5183987e-03   1.4950645e-02   2.0782948e-03
  -7.2416599e-02   1.5327127e-01  -3.7153928e+00  -6.3299067e-03   1.6085493e-02   1.8616945e-03
  -3.1798482e-02   9.4341925e-02  -3.5859986e+00  -2.7492049e-03   1.4777511e-02   1.6713163e-03
  -3.0706087e-02   1.2169215e-01  -3.6188169e+00  -5.5631079e-03   1.4869136e-02   1.2507212e-03
  -3.5864245e-02   1.1602390e-01  -3.8096082e+00  -4.4507270e-03   1.4539630e-02   1.6717818e-03
  -1.9654523e-02   1.1627662e-01  -3.6005243e+00  -3.7250626e-03   1.4731485e-02   1.5913001e-03
  -2.0694150e-02   9.7463475e-02  -3.5946893e+00  -4.2678823e-03   1.4237415e-02   1.3092635e-03
  -6.2594542e-02   1.4112170e-01  -3.5962056e+00  -5.1624619e-03   1.4057315e-02   1.9296345e-03
  -7.4814632e-02   1.0673708e-01  -3.9145640e+00  -6.1999802e-03   1.4080380e-02   3.0066196e-03
  -1.5600131e-02   1.1615685e-01  -3.6596350e+00  -4.6574065e-03   1.4504410e-02   1.4097718e-03
  -6.9810270e-03   7.0460477e-02  -3.5854676e+00  -4.7206458e-03   1.4001255e-02   1.2431793e-03
   1.0320350e-03   9.8491104e-02  -3.5573083e+00  -4.5162275e-03   1.3373296e-02   8.6483704e-04
   1.1558226e-02   1.0914499e-01  -3.6651604e+00  -6.1300475e-03   1.2389035e-02   8.2091554e-04
   1.7625709e-03   1.7171971e-01  -3.8289689e+00  -6.8510040e-03   1.3895705e-02   6.1255332e-04
   5.3881213e-04   1.5004102e-01  -3.6256156e+00  -5.9953013e-03   1.4359073e-02   3.4913909e-04
   1.8879880e-02   9.6721176e-02  -3.6629887e+00  -6.7899303e-03   1.3331110e-02  -1.4826476e-04
   4.9865456e-02   1.5293627e-01  -3.5822002e+00  -5.3957750e-03   1.2127583e-02  -4.8192099e-04
   2.0050403e-02   1.7587208e-01  -3.6183105e+00  -5.8111414e-03   1.2995514e-02   4.3384029e-04
   1.5432385e-02   3.6691601e-02  -3.8387241e+00  -6.3088906e-03   1.3934018e-02   1.6601376e-04
  -2.2131880e-02   1.4128334e-01  -3.9516368e+00  -5.7543980e-03   1.6573965e-02   1.4612982e-03
   1.1250695e-02   1.2324399e-01  -3.5282263e+00  -8.7386203e-04   2.0735892e-02  -2.1069176e-04
   2.4581274e-02  -4.5377646e-02  -3.2615328e+00  -1.2579304e-03   1.8855399e-02   2.1515035e-03
   6.0641228e-02  -7.2055993e-02  -2.7862197e+00   1.1723971e-02   2.1852202e-02  -9.4955189e-05
   5.2941531e-02  -6.4690963e-02  -2.6326075e+00   1.3681825e-02   1.9794128e-02   1.7345046e-03
   7.5810114e-02  -1.2101417e-01  -2.5137705e+00   1.5687962e-02   2.1326064e-02   1.2863696e-03
   9.5840438e-02  -1.0686672e-01  -2.5436575e+00   1.5069576e-02   2.0199510e-02   8.0088984e-04
   1.0089854e-01  -1.0646409e-01  -2.5715278e+00   1.4591731e-02   1.9061404e-02   7.5858755e-04
   1.2013758e-01  -1.3897909e-01  -2.5807127e+00   1.4685506e-02   1.9159592e-02   1.1062327e-04
   8.5389878e-02  -9.0463273e-02  -2.6241722e+00   1.4790188e-02   2.0398888e-02   1.9569247e-04
   1.0127478e-01  -3.1632274e-02  -2.6788500e+00   9.6320014e-03   1.8491265e-02   8.7656800e-04
   1.2842807e-01  -2.8029737e-02  -3.0513138e+00   1.2032642e-02   1.5333593e-02   1.3361424e-03
   1.3336338e-01  -1.0076691e-01  -2.6972798e+00   1.6014019e-02   1.5181939e-02   7.9891063e-04
   1.3914412e-01  -5.1999630e-02  -2.4801095e+00   1.5500107e-02   1.8816941e-02  -1.3677297e-03
   1.2671221e-01  -4.1750602e-02  -2.8711556e+00   1.2089940e-02   1.6378834e-02  -3.2881258e-04
   1.4167819e-01  -1.4429807e-01  -2.6547593e+00   1.5941139e-02   1.6521397e-02  -3.4682917e-04
   1.3738786e-01  -1.0990461e-01  -2.6394184e+00   1.7292360e-02   1.5425618e-02   8.0158076e-04
   1.5049985e-01  -6.6027567e-02  -2.5323077e+00   1.6084362e-02   1.7877114e-02  -1.1066898e-03
   1.5939653e-01  -1.2398907e-01  -2.4151000e+00   1.9197987e-02   1.6706533e-02  -5.0379369e-04
   1.0148740e-01  -9.7090103e-02  -2.6347354e+00   1.6588732e-02   1.6516155e-02   1.5170495e-03
   1.1085649e-01  -9.0134379e-02  -2.6040576e+00   1.6631365e-02   1.5972513e-02   9.1143531e-04
   1.2731532e-01  -9.9343829e-02  -2.5306032e+00   1.6511195e-02   1.6172406e-02   6.1326207e-04
   9.3578133e-02   4.9901822e-02  -3.5643872e+00   3.2615250e-03   1.4837613e-02  -5.8170587e-05
   4.8423472e-02   1.6855662e-01  -3.7363208e+00  -1.0312629e-03   1.7211218e-02  -7.7139080e-04
   3.3115824e-02   1.4699958e-01  -3.8337486e+00  -3.5852462e-03   1.6593083e-02  -7.6678272e-04
   4.2055871e-02   1.7800317e-01  -3.7008882e+00  -2.7570691e-04   1.6109642e-02  -1.6583957e-03
   2.2762101e-02   1.8355172e-01  -3.7584693e+00  -2.7978379e-03   1.6673576e-02  -1.1655142e-03
   5.2698491e-02   1.8275478e-01  -3.6864008e+00  -1.4869722e-03   1.6827737e-02  -1.6041395e-03
   8.1839016e-02   1.9017886e-01  -3.4680714e+00  -2.7338732e-03   1.4846471e-02  -1.1762603e-03
  -7.1063987e-02   1.6476375e-01  -3.4856354e+00  -4.7600125e-03   1.6621048e-02   2.1802219e-03
  -3.0837016e-02   1.1217946e-01  -3.5317224e+00  -4.5991547e-03   1.6184107e-02   1.4632561e-03
  -8.5849121e-03   1.0181109e-01  -3.4076776e+00  -3.4976241e-03   1.4937676e-02   9.6222855e-04
  -3.6797302e-03   6.6111844e-02  -3.2795599e+00  -1.6326050e-03   1.4794815e-02   4.3260272e-04
   1.6616293e-02   7.6325279e-02  -3.2738084e+00  -2.6914674e-03   1.4848267e-02   4.4598395e-05
   2.2029993e-02   1.0503763e-01  -3.2713952e+00  -3.3815817e-03   1.4883819e-02  -1.9192244e-04
   2.5977852e-02   1.0933870e-01  -3.3008791e+00  -4.4855350e-03   1.3799038e-02   3.3536434e-04
   1.4375063e-02   1.4747912e-01  -3.2377525e+00  -3.3924428e-03   1.2331336e-02   8.5247516e-04
   2.9126464e-03   7.7246783e-02  -3.3702244e+00   8.3495337e-06   1.1312243e-02   1.5646482e-03
  -7.2579818e-02   1.5200482e-01  -3.4873165e+00  -7.0459900e-03   1.5760450e-02   3.1890390e-03
  -2.4328361e-02   1.2254219e-01  -3.3662607e+00  -1.8647797e-03   1.6777582e-02   2.2310232e-03
  -6.7615045e-03   7.9644952e-02  -3.3509911e+00  -9.9487954e-04   1.5707071e-02   2.1373549e-03
  -2.1525644e-04   9.0609302e-02  -3.2821950e+00  -6.7335268e-04   1.4941641e-02   2.9012736e-03
   3.4855127e-02   8.5933889e-02  -3.2655933e+00  -4.1170611e-03   1.4508661e-02   1.0555857e-03
   3.0845279e-02   1.4485020e-01  -3.2743916e+00  -4.5666860e-03   1.3648426e-02   8.2037999e-04
   4.0811810e-02   1.0295348e-01  -3.2134834e+00  -4.3950113e-03   1.4273557e-02   1.9720820e-04
   4.8120579e-02   8.4274138e-02  -3.2074320e+00  -2.0036949e-03   1.2927967e-02   1.8890371e-04
   2.2907580e-02   1.0102647e-01  -2.8308620e+00   3.0560283e-03   1.0912854e-02   1.2143264e-03
   3.9615476e-02   1.0169181e-01  -3.0832406e+00   3.0618370e-04   1.2678486e-02   9.7753638e-04
   1.8854518e-02   8.2407966e-02  -3.1821335e+00  -6.3367973e-05   1.3403036e-02   7.6615477e-04
  -4.3257992e-03   1.3034678e-01  -3.3135574e+00  -1.2612925e-03   1.2647530e-02   1.7737108e-03
   2.7143316e-02   1.3054770e-01  -3.2079071e+00  -5.4333356e-04   1.4764002e-02   9.5774147e-04
   1.4962227e-02   1.3204537e-01  -3.2158911e+00  -1.2406818e-03   1.3930597e-02   1.5548612e-03
  -2.7008250e-02   1.0517940e-01  -3.3114209e+00   4.7646801e-04   1.2708138e-02   1.8237694e-03
   2.1128783e-02   1.2233255e-01  -3.2588494e+00  -2.8194634e-03   1.3411087e-02   1.0980855e-03
   4.0145164e-02   1.4672429e-01  -3.3305691e+00  -3.3336051e-03   1.2644111e-02   2.8099700e-04
   1.8023800e-02   1.1589656e-01  -3.2918443e+00  -1.0912925e-03   1.3543438e-02   1.0293039e-03
   1.2868369e-02   1.0544057e-01  -3.3881561e+00   1.5906578e-04   1.3591297e-02   1.9096115e-03
  -9.7015058e-03   1.2547083e-01  -3.3127019e+00  -1.5691661e-04   1.4341229e-02   1.1209394e-03
   3.4969975e-02   7.4699393e-02  -3.2742648e+00  -8.8017569e-05   1.4238875e-02   6.3983946e-04
   1.7855338e-02   8.2420683e-02  -3.3183730e+00  -5.2123636e-04   1.2982476e-02   8.1155283e-04
   6.2689424e-03   8.3229822e-02  -3.3111265e+00  -3.1802809e-04   1.3683263e-02   1.5668768e-03
  -2.8330093e-02   1.4505646e-01  -3.4113745e+00  -1.9898902e-03   1.4066968e-02   1.6839216e-03
   2.0264635e-02   1.0271962e-01  -3.3578736e+00  -8.8861358e-04   1.3208056e-02   9.1938125e-04
  -5.8232768e-02   9.2056533e-02  -3.3761999e+00   1.3697830e-03   1.4756128e-02   1.7735896e-03
  -2.7558559e-02   1.1947892e-01  -3.3832270e+00  -1.0572899e-03   1.5308082e-02   1.2332710e-03
   3.9759865e-02   4.1100077e-02  -3.1994147e+00   1.6305859e-03   1.1305172e-02   1.1174603e-03
   2.7758884e-02   1.1454309e-01  -3.2567599e+00   9.5262507e-04   1.2041216e-02   9.4543290e-04
   3.2138582e-02   8.6340309e-02  -3.2375272e+00   1.7144725e-03   1.2882367e-02   8.4182229e-04
   5.1285677e-02   1.0819193e-01  -3.5727113e+00  -4.9063101e-04   8.9448630e-03   6.5601742e-04
   6.9142602e-02   2.5105239e-02  -3.2990463e+00   3.2269156e-03   9.8958406e-03   2.4861694e-04
   5.5916402e-02   1.4987535e-01  -3.4299094e+00  -5.0276052e-04   8.4160806e-03   2.2096692e-04
   6.6109310e-02   9.3583955e-02  -3.4129315e+00  -2.0706062e-03   9.5991743e-03   1.3616691e-04
   1.7931874e-02   7.3046964e-02  -3.7610015e+00  -2.5298900e-03   9.3591561e-03   4.9350235e-04
   2.7187799e-02   1.5641679e-01  -3.6621207e+00  -3.9647713e-03   1.1001045e-02   3.4062245e-04
   3.0629808e-02   1.2282495e-01  -3.5758501e+00  -2.0667786e-03   1.1621668e-02   3.0012757e-04
   1.6964218e-02   1.3910993e-01  -3.6456105e+00  -4.0767315e-03   1.1723893e-02   2.8813223e-05
   5.3444732e-02   1.4488521e-01  -3.6293572e+00  -3.9843598e-03   1.0388928e-02  -2.1318784e-04
   6.2426896e-02   1.6841747e-01  -3.5321060e+00  -3.3233850e-03   8.6852658e-03   2.1933277e-04
   3.5024792e-02   1.0023827e-01  -3.4969896e+00  -1.3096988e-03   1.0277541e-02   1.2423182e-03
  -2.3104489e-03   1.1093500e-01  -3.6823374e+00  -3.6173823e-03   1.1122336e-02   1.8223716e-03
   4.7463337e-03   1.3628044e-01  -3.4540050e+00  -1.9185429e-03   1.0726152e-02   1.8301480e-03
   2.7968758e-02   8.7157963e-02  -3.5650122e+00  -2.1012652e-03   1.1048269e-02   9.4710058e-04
   5.1911859e-02   7.4437460e-02  -3.4754803e+00  -8.5157388e-04   1.0500260e-02   1.3852949e-03
   3.7949135e-02   8.3110250e-02  -3.4841063e+00  -1.0663731e-03   9.2737695e-03   1.1925891e-03
   1.8921390e-02   1.4269059e-01  -3.5962130e+00  -2.7947685e-03   1.0603209e-02   9.4670429e-04
   4.4613571e-02   1.3823802e-01  -3.6222207e+00  -2.4634639e-03   9.5018177e-03   6.9524950e-04
   6.0313777e-02   8.2273084e-02  -3.7395882e+00  -1.7936437e-03   6.5381829e-03   1.4435876e-03
   2.5498192e-02   1.3596053e-01  -3.9446163e+00  -5.0878494e-03   8.8440062e-03   9.4518468e-04
   4.3882315e-02   9.9748213e-02  -3.6873671e+00  -3.5280309e-03   1.0731334e-02   1.6559620e-03
   4.3511653e-02   1.1313079e-01  -3.5990023e+00  -1.7769646e-03   1.0688941e-02   3.9363206e-04
   4.8696031e-02   8.7837236e-02  -3.6015308e+00  -2.2149837e-03   1.1151125e-02   2.0718400e-04
   6.3300187e-02   1.2671020e-01  -3.6156076e+00   2.2826772e-03   9.8948718e-03   4.9707823e-04
   2.5809635e-02   1.0644136e-01  -3.8976664e+00  -4.2078323e-03   9.0452859e-03   1.7204811e-03
   5.0094715e-02   1.2055204e-01  -3.6285211e+00  -1.8048891e-03   9.0465530e-03   7.5533705e-04
   5.3703415e-02   9.0893067e-02  -3.6561727e+00  -2.0665403e-03   9.1655285e-03   5.1507204e-04
   4.2097123e-02   1.2245028e-01  -3.6400317e+00  -2.0194791e-03   9.8764609e-03   3.7919042e-04
   6.7656761e-02   7.3243114e-02  -3.7952241e+00  -3.6015722e-03   7.2049211e-03   1.1954043e-03
   5.9228447e-02   1.6552725e-01  -3.5640488e+00  -1.9035397e-03   9.9128810e-03  -2.0594708e-04
   4.6751277e-02   1.7085912e-01  -3.8569756e+00  -4.9875916e-03   1.0504124e-02  -6.6474776e-04
   5.6845734e-02   1.4787416e-01  -3.7104040e+00  -6.6849018e-03   1.0503699e-02  -9.0023963e-04
   5.8850728e-02   1.8193880e-01  -3.3978742e+00  -3.3729940e-03   9.7416110e-03  -1.2700390e-03
   4.5893738e-02   1.3982853e-01  -3.4399087e+00  -4.5526366e-03   9.9785289e-03  -4.4881495e-04
   7.8061321e-03   1.3619799e-01  -3.3046894e+00  -2.9071615e-04   1.3099524e-02  -7.9530951e-04
  -3.1759258e-02   2.4872055e-01  -3.5625245e+00  -4.6930600e-03   1.4991380e-02   3.7338395e-06
  -3.4465925e-03   1.7021493e-01  -3.4768570e+00  -3.6490029e-03   1.4819595e-02  -7.1138222e-04
   1.0756941e-02   1.8599322e-01  -3.4618793e+00  -3.1657048e-03   1.4248361e-02  -1.7624268e-04
   1.3592439e-02   1.8479269e-01  -3.6603269e+00  -5.8696025e-03   1.4177688e-02  -4.8744348e-04
   2.4843842e-02   1.7490102e-01  -3.5691776e+00  -4.2530067e-03   1.2043103e-02  -1.7485184e-05
   3.0574485e-02   1.4139817e-01  -3.6376163e+00  -4.5706906e-03   1.1370565e-02  -4.3202062e-04
  -7.0262171e-02   1.2361213e-01  -3.3144138e+00   1.5365777e-03   1.5193630e-02   2.0202585e-03
  -2.0796215e-02   1.8968716e-01  -3.4539480e+00  -2.5732812e-03   1.5215521e-02   1.0977064e-03
   1.0841545e-02   9.1111900e-02  -3.4047518e+00  -1.3529378e-03   1.4010571e-02   9.8946169e-04
   1.3886276e-02   1.1846409e-01  -3.4627736e+00  -1.5604714e-03   1.1753548e-02   1.0661307e-03
   2.7815251e-03   1.5038250e-01  -3.4186951e+00  -2.2989475e-03   1.3108385e-02   1.4141369e-03
   2.9121382e-03   1.4345334e-01  -3.3514537e+00  -2.2532241e-03   1.2381260e-02   1.7177266e-03
   3.3167433e-02   6.2795679e-02  -3.3867575e+00   2.4919894e-03   1.2147075e-02   2.9545623e-03
   1.4952340e-02   1.4313101e-01  -3.4303465e+00  -1.2446574e-03   1.3926147e-02   1.1664353e-03
   2.4345366e-02   1.1818048e-01  -3.4148298e+00   1.6765770e-03   1.3865207e-02   1.5783065e-03
   5.0032041e-02   3.4850702e-02  -2.9417714e+00   9.8328264e-03   1.5281898e-02   1.6931259e-03
   3.8677320e-02   3.7003560e-02  -2.9358191e+00   1.0677156e-02   1.5288056e-02   1.8199362e-03
   4.3567193e-02   1.3112689e-01  -2.9042161e+00   6.9754503e-03   1.4865895e-02   5.2109946e-04
   8.0364451e-03   1.8676396e-01  -3.4596703e+00  -7.6888483e-04   1.4018519e-02   4.8272881e-04
   2.1062037e-02   1.7730044e-01  -3.3744414e+00  -2.0349886e-03   1.5086140e-02  -4.6395551e-04
  -6.6808597e-02   1.0980879e-01  -3.9876506e+00  -3.0995435e-03   2.0946044e-02   1.6355736e-03
  -7.0858581e-02   1.9662366e-01  -4.0520223e+00  -5.2020941e-03   1.8000306e-02   1.6911207e-03
  -3.3682334e-02   1.5383883e-01  -4.0113196e+00  -4.1108588e-03   1.9508419e-02   3.7371406e-04
  -3.9567534e-02   2.2225700e-01  -3.9408594e+00  -4.5656913e-03   2.0032348e-02  -6.3686138e-06
  -1.4851623e-02   1.7346589e-01  -3.9727404e+00  -4.8516408e-03   1.9010698e-02  -2.6679667e-04
  -8.8546338e-03   1.7184648e-01  -3.9098704e+00  -3.0157421e-03   1.8401672e-02   3.0633556e-04
  -1.3947317e-02   1.4951615e-01  -3.9699320e+00  -6.1663475e-03   1.7841248e-02   2.9328513e-04
   1.6193119e-03   1.7570171e-01  -3.9036057e+00  -5.6189174e-03   1.7148133e-02   3.9789115e-06
   3.3177796e-03   2.0115654e-01  -3.8945727e+00  -5.6482239e-03   1.6352001e-02   2.7688290e-04
  -2.9456779e-03   1.3247159e-01  -3.8980503e+00  -3.9028303e-03   1.6034787e-02   6.2979273e-04
   8.5876850e-03   1.7202519e-01  -3.8349194e+00  -3.4872684e-03   1.6789538e-02   4.3805645e-04
   2.2790648e-03   1.5543750e-01  -3.8435955e+00  -2.9150889e-03   1.7160690e-02   4.5272916e-04
  -7.1487119e-03   1.7276104e-01  -3.9691515e+00  -5.1461889e-03   1.6808715e-02   2.7023713e-04
  -6.0265513e-02   1.8880248e-01  -4.5830601e+00  -1.4283115e-02   1.5744083e-02   3.0406690e-03
  -8.5194964e-02   4.1506664e-01  -4.3620375e+00  -1.8163680e-02   1.6543612e-02   2.2084298e-03
  -1.2515338e-01   2.4699668e-01  -4.2348763e+00  -4.0492053e-03   1.6711982e-02   4.4473711e-03
  -6.7460033e-02   2.0947353e-01  -5.1037048e+00  -1.4354845e-02   1.5144062e-02   2.1699853e-03
  -5.7607071e-02   2.8979986e-01  -5.0843206e+00  -1.5590971e-02   1.2451018e-02   2.0434901e-03
  -2.9283359e-02   2.1662025e-01  -4.8402728e+00  -1.5033333e-02   1.2155867e-02   1.5106950e-03
  -2.0304821e-02   2.6660913e-01  -5.1644091e+00  -1.7314840e-02   1.0342568e-02   2.9236923e-03
  -2.2172119e-02   2.6821534e-01  -5.0683121e+00  -1.4011928e-02   9.4846614e-03   2.3566516e-03
   1.3006246e-02   2.3550939e-01  -4.9175036e+00  -1.3555502e-02   8.9805616e-03   2.0939757e-03
   1.0012439e-02   2.2425973e-01  -4.8355984e+00  -1.3375331e-02   8.8164354e-03   1.9718098e-03
   2.8481774e-02   2.2907491e-01  -4.7226546e+00  -1.2301504e-02   9.5386039e-03   1.4667787e-03
   1.3572347e-02   2.3192717e-01  -4.7170533e+00  -1.4635519e-02   9.3942369e-03   1.4396824e-03
   2.8281544e-02   2.6822396e-01  -4.6954802e+00  -1.4259657e-02   9.9230455e-03   8.6491573e-04
  -6.6036340e-02   2.5957879e-01  -4.8314458e+00  -1.5168006e-02   1.2114440e-02   3.6071739e-03
  -4.0652207e-03   2.3053832e-01  -4.6013494e+00  -9.6277748e-03   1.0794668e-02   2.0454316e-03
   4.1132396e-02   2.0017280e-01  -4.5464748e+00  -9.8625985e-03   1.1092848e-02   8.4947242e-04
  -5.2197579e-02   2.4248962e-01  -5.0947995e+00  -1.8479156e-02   1.0420167e-02   3.4862190e-03
  -5.6203592e-02   2.4694732e-01  -5.0674766e+00  -1.3641714e-02   1.0427049e-02   3.1691124e-03
  -3.8079730e-02   2.3055042e-01  -4.8505824e+00  -1.3439270e-02   1.1021619e-02   2.2797183e-03
  -5.1490649e-02   2.1359557e-01  -4.7728522e+00  -1.4594768e-02   1.2296159e-02   2.4978030e-03
  -4.5491146e-02   2.2597333e-01  -4.4686113e+00  -1.1518681e-02   1.2547246e-02   1.8438125e-03
  -6.1819828e-03   2.0059156e-01  -4.3678203e+00  -7.2988349e-03   1.1803579e-02   1.7426758e-03
  -5.1655669e-02   2.0980506e-01  -4.6188815e+00  -1.5193359e-02   1.4391679e-02   2.5760697e-03
  -1.4737042e-01   3.5818806e-01  -3.3008807e+00  -1.7135306e-02   1.6784036e-02   2.6885746e-03
  -1.9902598e-01   3.7240742e-01  -3.9563053e+00  -1.5734180e-02   2.1491215e-02   4.1924484e-03
  -1.0364222e-01   2.6732519e-01  -3.3386887e+00  -8.4543882e-03   1.9621696e-02   4.3855362e-03
  -6.9668396e-02   2.9109858e-01  -2.6286954e+00  -4.4256183e-03   1.8820562e-02  -1.3588122e-03
  -5.1213720e-02   3.0582125e-01  -2.8175620e+00  -6.9576650e-03   1.9712084e-02  -6.6236388e-04
  -1.5145830e-02   2.5605597e-01  -2.7394110e+00  -6.5452597e-03   1.9208786e-02  -8.6190598e-04
  -1.0931796e-02   2.5806903e-01  -2.6767249e+00  -5.5627262e-03   1.9991366e-02  -1.0401535e-03
   8.6610979e-04   2.1435105e-01  -2.7105140e+00  -3.7894310e-03   1.8665723e-02  -7.3149851e-05
   2.1257130e-02   2.2140914e-01  -2.6599249e+00  -4.5991556e-03   1.9245731e-02   1.0248448e-04
   3.8950999e-03   2.4593856e-01  -2.6756627e+00  -3.9265242e-03   1.9359090e-02   2.0505691e-04
  -7.6479742e-03   2.7002052e-01  -2.8334434e+00  -6.1872998e-03   1.9715006e-02   4.4562722e-05
  -2.1384748e-02   2.4284687e-01  -2.9801080e+00  -8.1157756e-03   1.7782721e-02   4.6800860e-04
  -1.8040330e-02   3.0646741e-01  -2.9622628e+00  -7.3699925e-03   1.8710041e-02   3.9325524e-04
  -2.8525155e-02   3.0425990e-01  -3.0262164e+00  -8.9789544e-03   1.9141817e-02   8.1121631e-04
  -1.3510415e-02   2.7175448e-01  -2.9657022e+00  -8.6685953e-03   1.8039193e-02   4.4313022e-04
  -1.6765347e-02   3.0221904e-01  -2.9915717e+00  -8.1189874e-03   1.7428516e-02   3.7222611e-04
  -6.3247655e-02   2.7596856e-01  -3.1213235e+00  -9.6779660e-03   1.8702399e-02   1.3611138e-03
  -4.3237635e-02   2.5022811e-01  -3.0325721e+00  -7.5519499e-03   1.8779937e-02   1.2221516e-03
  -7.3483666e-02   2.7374535e-01  -3.1432746e+00  -8.5551102e-03   1.9154284e-02   1.4931438e-03
  -2.6720934e-02   2.3652778e-01  -3.1079542e+00  -7.0210638e-03   1.8141917e-02   1.3346875e-03
   1.1337441e-02   2.0522421e-01  -3.3072197e+00  -8.2063972e-03   1.6596022e-02   1.3270230e-03
   3.7526213e-02   2.1560862e-01  -3.5003023e+00  -7.8627318e-03   1.3555216e-02   1.2135189e-03
   4.0452770e-02   2.0174539e-01  -3.3384586e+00  -5.0615516e-03   1.4860648e-02   1.7306813e-03
   1.0902713e-02   1.9829037e-01  -3.2567656e+00  -4.0754537e-03   1.7083609e-02   1.4795210e-03
   2.7797488e-02   2.1488656e-01  -3.3615591e+00  -4.2232369e-03   1.6281651e-02   4.5192747e-04
   5.1506135e-02   2.0206947e-01  -3.4597946e+00  -6.9623446e-03   1.6173835e-02   1.3893205e-04
   4.3087925e-02   2.4314251e-01  -3.5227600e+00  -7.1317538e-03   1.5680616e-02   1.1180827e-04
   3.2937035e-02   2.2375478e-01  -3.5069811e+00  -6.4498717e-03   1.7842366e-02   1.0663920e-03
  -4.3548937e-02   2.2728645e-01  -3.8674932e+00  -1.1176202e-02   1.9628043e-02   1.2625644e-03
   2.5732197e-02   2.3115697e-01  -3.7684297e+00  -9.4557116e-03   1.7584366e-02   2.0975798e-04
   5.6862275e-03   2.1489135e-01  -3.6350935e+00  -7.8141268e-03   1.8067587e-02   8.5147144e-05
   2.1006182e-02   1.5905969e-01  -3.5283779e+00  -5.7218466e-03   1.7700526e-02   4.0165785e-04
  -2.1605659e-02   1.2858581e-01  -3.5764179e+00  -3.2007661e-03   1.7632318e-02   2.2383260e-03
  -4.8704858e-02   2.6619373e-01  -4.0407915e+00  -9.8799106e-03   1.8605384e-02   1.8803320e-03
  -1.7140749e-02   1.9321316e-01  -3.7498971e+00  -8.1045882e-03   1.7194050e-02  -2.7603445e-04
   3.4189708e-02   2.3650594e-01  -3.9429895e+00  -9.7873577e-03   1.3531652e-02  -1.5566111e-03
   3.0702969e-02   2.2602184e-01  -3.9104912e+00  -1.2090385e-02   1.2495034e-02  -9.3355844e-04
   3.0344101e-02   2.5527594e-01  -3.8289588e+00  -9.6697827e-03   1.5274117e-02  -9.4139405e-04
   3.0835334e-02   2.0329114e-01  -3.7452115e+00  -8.7861403e-03   1.5554099e-02  -7.8244247e-04
   2.7288420e-02   2.0660175e-01  -3.6536604e+00  -8.1847154e-03   1.6419500e-02  -1.1222586e-03
   4.5578457e-02   2.3736521e-01  -3.7444694e+00  -9.3184806e-03   1.4855711e-02  -1.1712388e-03
  -5.2026201e-04   2.0246533e-01  -3.9418443e+00  -9.4798420e-03   1.4495045e-02   2.8788133e-04
   1.5255527e-02   1.6835467e-01  -3.9116004e+00  -9.9532214e-03   1.3941924e-02   9.6840157e-04
  -3.9149250e-02   2.4216330e-01  -3.9710020e+00  -1.1373232e-02   1.7260639e-02   1.8078459e-03
  -3.9777008e-02   2.1066578e-01  -3.7863151e+00  -7.4739695e-03   1.5793644e-02   1.3936424e-03
  -1.5454151e-02   1.8246595e-01  -3.8075572e+00  -7.3936166e-03   1.5174094e-02   1.3646664e-03
   1.5167289e-02   1.7737210e-01  -3.7769664e+00  -8.1089434e-03   1.4997171e-02   4.1537357e-04
   1.2315812e-02   1.9960892e-01  -3.6638987e+00  -7.5008600e-03   1.4880151e-02   3.6532369e-04
   2.2323095e-02   2.1700508e-01  -3.6231864e+00  -4.8978243e-03   1.5218663e-02  -2.2902903e-04
   4.9301827e-03   2.3797444e-01  -3.6745923e+00  -7.4280672e-03   1.5572342e-02  -2.9402305e-04
   3.0957637e-03   1.3562355e-01  -3.6075858e+00  -3.3202881e-03   1.3515603e-02   1.6725696e-03
   1.9021172e-02   1.8937953e-01  -4.4064158e+00  -1.1117524e-02   1.2464239e-02   7.5552777e-04
   2.1422050e-02   1.8638768e-01  -4.1364081e+00  -9.9932176e-03   1.2244553e-02   6.0120122e-04
   2.5789031e-02   2.0729438e-01  -4.0699134e+00  -1.0327939e-02   1.2678675e-02   4.9394504e-04
   2.8416135e-02   1.9448826e-01  -3.9219817e+00  -9.0894931e-03   1.3929374e-02   5.5566933e-04
   1.7829571e-02   1.8868444e-01  -4.0373713e+00  -1.0754332e-02   1.3299910e-02   1.0807955e-03
   4.1392017e-02   1.8394734e-01  -3.8602081e+00  -5.5021458e-03   1.3097079e-02   5.7729426e-04
  -3.0668630e-02   1.4925100e-01  -4.0486710e+00  -5.7719895e-03   1.4189263e-02   1.9620850e-03
   1.6056006e-02   2.3425840e-01  -3.9686875e+00  -8.5526452e-03   1.4459791e-02   6.1181020e-04
  -3.2682494e-02   1.8794030e-01  -4.2574874e+00  -8.3539002e-03   1.5492628e-02   6.5794585e-04
  -1.0817954e-02   2.2466055e-01  -4.1278403e+00  -8.8177436e-03   1.5151056e-02   2.6200327e-04
  -1.4871593e-03   2.3943076e-01  -4.1084344e+00  -8.6094423e-03   1.5263241e-02   2.7424057e-04
  -1.8356121e-02   1.9126093e-01  -4.0076388e+00  -8.5486682e-03   1.5884104e-02   3.3504981e-04
  -3.4918456e-02   1.9421687e-01  -3.9489374e+00  -4.9275723e-03   1.5576377e-02   1.2022589e-03
   1.2043802e-02   2.2384582e-01  -4.0460862e+00  -7.3088252e-03   1.4565937e-02   5.1267547e-04
   4.9058055e-02   1.6718809e-01  -4.1081343e+00  -2.2624522e-02   1.2663591e-02   1.8075209e-03
  -7.1876250e-02   2.5921721e-01  -3.7841526e+00  -1.7169979e-02   1.4538314e-02   4.4610167e-03
  -1.4399876e-01   1.8075108e-01  -3.4790948e+00  -1.2551410e-02   1.2792421e-02   2.3917140e-03
  -9.6498200e-02   2.4223812e-01  -3.8620655e+00  -1.0694368e-02   1.6621843e-02   1.2589839e-03
  -4.6522219e-02   4.6570117e-01  -4.4452846e+00  -2.1295785e-02   1.5728145e-02  -1.6848098e-03
   1.2056807e-03   3.7114582e-01  -4.2051521e+00  -2.0456517e-02   1.6995480e-02  -2.1181603e-03
   1.0045813e-02   3.7447573e-01  -3.8983893e+00  -1.8076710e-02   1.8572916e-02  -2.3457694e-03
   1.6125889e-02   3.3275268e-01  -3.7837696e+00  -1.6876583e-02   1.9519159e-02  -2.4558535e-03
   2.2221065e-02   3.3068342e-01  -3.7439577e+00  -1.5560089e-02   1.9876657e-02  -2.1380248e-03
  -1.0985315e-02   3.2217095e-01  -4.0288734e+00  -1.5332013e-02   1.8895016e-02  -1.4848345e-03
   3.7087965e-04   3.6969398e-01  -4.0067166e+00  -1.7516769e-02   2.0734205e-02  -1.5564348e-03
  -3.6531639e-03   3.4089026e-01  -3.9703908e+00  -1.7108749e-02   2.0692943e-02  -1.1840084e-03
  -3.9483655e-02   2.9210866e-01  -3.8068900e+00  -1.5449244e-02   2.0200619e-02   8.8522630e-05
  -1.3957620e-02   2.8672780e-01  -3.8001144e+00  -1.4317585e-02   1.9217795e-02   1.4959914e-04
  -1.7698431e-02   2.9283764e-01  -3.7542775e+00  -1.3469820e-02   1.9492777e-02  -2.0662226e-04
  -5.6985008e-03   3.1107721e-01  -3.7538389e+00  -1.4525900e-02   1.8685019e-02   3.5148644e-04
   4.7760295e-02   2.9284041e-01  -3.5109097e+00  -1.1876745e-02   1.9665061e-02  -1.2569008e-03
  -2.9768595e-03   2.7100605e-01  -3.6280118e+00  -1.2157865e-02   1.9007839e-02  -2.6194439e-05
   7.8436466e-03   2.4706209e-01  -3.4229994e+00  -1.0363239e-02   1.8880414e-02  -3.0008940e-04
   1.2669175e-02   2.5709833e-01  -3.4188203e+00  -1.0753003e-02   1.8268112e-02   6.5026600e-05
   2.2110562e-02   2.8503424e-01  -3.3738311e+00  -9.7122933e-03   1.7397999e-02   1.3857455e-04
   5.3314632e-02   1.9669230e-01  -3.5735110e+00  -1.1960807e-02   1.7241869e-02   2.6391823e-04
   4.5424625e-02   1.9283032e-01  -3.3260671e+00  -7.8284252e-03   1.7499001e-02  -5.9368962e-05
   9.4693715e-04   2.7954864e-01  -3.5121682e+00  -1.0733254e-02   1.9576536e-02   6.6464925e-04
   1.4515245e-02   2.7619718e-01  -3.4882150e+00  -1.0187068e-02   1.9106504e-02   5.3738858e-04
   3.8452145e-02   2.1807219e-01  -3.4054453e+00  -8.2699083e-03   1.8592512e-02  -5.1801529e-06
   2.9401927e-02   2.2055691e-01  -3.4924201e+00  -6.7269058e-03   1.8185846e-02   1.9269785e-04
   4.2395201e-02   1.9983518e-01  -3.8004776e+00  -1.1823014e-02   1.6466191e-02   1.2089686e-04
   7.4052992e-02   2.3344614e-01  -3.6853710e+00  -1.0517941e-02   1.5130948e-02   2.5354573e-04
   5.9971523e-02   2.1846740e-01  -3.4584165e+00  -7.2453510e-03   1.4093805e-02  -2.0643884e-04
   6.2297687e-02   2.2984183e-01  -3.6350368e+00  -1.0500373e-02   1.3525916e-02  -2.1145452e-04
   7.2860847e-02   2.0736433e-01  -3.4585014e+00  -8.0896868e-03   1.5336505e-02  -4.6256957e-04
   6.8309610e-02   2.2683350e-01  -3.4272526e+00  -7.4336567e-03   1.5506516e-02  -2.0749710e-04
   7.2904399e-02   2.0361484e-01  -3.4134378e+00  -6.9089231e-03   1.4815808e-02  -3.6060585e-04
   1.0292912e-01   2.3945259e-01  -3.4860381e+00  -9.0394913e-03   1.4033458e-02  -1.0205112e-03
   8.5101997e-02   2.4626761e-01  -3.4306405e+00  -7.9837998e-03   1.5694879e-02  -6.2173338e-04
   9.1605146e-02   1.8284825e-01  -3.4291016e+00  -7.7005010e-03   1.5609896e-02  -7.1590279e-04
   7.5886829e-02   2.4790674e-01  -3.3078780e+00  -7.0469576e-03   1.3228947e-02  -7.7460727e-04
   8.6200144e-02   2.1189023e-01  -3.2956372e+00  -7.0050006e-03   1.4988782e-02  -7.9648277e-04
   7.7018555e-02   2.4864491e-01  -3.3509439e+00  -5.1901268e-03   1.4678190e-02  -7.0794535e-04
   6.9820588e-02   2.3964289e-01  -3.3956264e+00  -6.5406226e-03   1.4438291e-02  -6.7555881e-04
   8.8235488e-02   2.1521848e-01  -3.4219426e+00  -3.7988784e-03   1.3452194e-02  -3.7684859e-05
   8.2378594e-02   2.3333941e-01  -3.4774592e+00  -7.3150384e-03   1.4172734e-02  -4.2694799e-04
   7.5125455e-02   2.3753197e-01  -3.4481642e+00  -7.3065831e-03   1.4417337e-02  -6.8215410e-04
   7.2040192e-02   2.3395662e-01  -3.4728570e+00  -7.3101191e-03   1.4484833e-02  -6.5542195e-04
   5.4729409e-02   2.1385004e-01  -3.4848984e+00  -8.6111530e-03   1.3551112e-02  -3.5441770e-04
   8.1901386e-02   2.1865446e-01  -3.4496336e+00  -7.3098149e-03   1.4752140e-02  -4.7241962e-04
   1.2019509e-01   2.3093056e-01  -3.3672209e+00  -7.2277692e-03   1.3081768e-02   2.5392862e-04
   8.8959414e-02   2.2639355e-01  -3.2848155e+00  -3.9235214e-03   1.3710981e-02   7.5416715e-04
   7.4104322e-02   2.2368211e-01  -3.3170453e+00  -5.1324852e-03   1.5704851e-02   1.1656806e-04
   6.8655080e-02   2.0205427e-01  -3.5744791e+00  -7.2092392e-03   1.4364040e-02   2.3664060e-04
   2.3186314e-02   3.2677177e-01  -3.8442136e+00  -1.2804357e-02   1.6982684e-02   5.2056265e-04
   2.0186678e-02   2.4040728e-01  -3.5228624e+00  -1.1366599e-02   1.9223837e-02   7.1388086e-05
   4.1839710e-02   2.7110794e-01  -3.3717336e+00  -7.5597070e-03   1.8125986e-02  -7.5729498e-04
   6.0250311e-02   2.9235234e-01  -3.8108979e+00  -1.5136744e-02   1.6807117e-02  -9.4315940e-04
   6.6092289e-02   2.9262925e-01  -3.5306604e+00  -8.9945296e-03   1.8220035e-02  -1.1212694e-03
   7.7364532e-02   2.6444848e-01  -3.4061850e+00  -7.6077819e-03   1.7598425e-02  -7.0500755e-04
   7.2978363e-02   1.9479994e-01  -3.5700625e+00  -8.0629335e-03   1.7436209e-02  -6.1920234e-04
   7.2447869e-02   2.7643567e-01  -3.7628005e+00  -1.0363139e-02   1.7530708e-02  -7.2096105e-04
   7.1588426e-02   2.2995516e-01  -3.6683781e+00  -9.3101525e-03   1.7997237e-02  -3.5334833e-04
   6.2818834e-02   2.2177512e-01  -3.6650989e+00  -7.8042795e-03   1.7821981e-02  -1.1570107e-04
   5.3095421e-02   2.7858783e-01  -3.6365170e+00  -1.0801645e-02   1.7300697e-02  -4.1120172e-04
   3.1688445e-02   1.2829719e-01  -3.6928382e+00  -1.6042529e-03   1.6860694e-02   1.4853142e-03
   1.8683005e-02   2.6352805e-01  -3.7023196e+00  -5.3487184e-03   1.7682364e-02   1.1468965e-03
   6.9656194e-02   1.9520287e-01  -3.4845383e+00  -4.7898424e-03   1.6146743e-02   4.5601637e-04
   7.6345623e-02   2.0642802e-01  -3.4325764e+00  -3.7381561e-03   1.5853924e-02   1.6640807e-04
   4.7207613e-02   2.1428198e-01  -3.4589727e+00  -5.2513774e-03   1.6021942e-02   3.2843903e-04
  -2.8582177e-02   1.5848549e-01  -3.5920958e+00  -4.7967569e-03   1.7865712e-02   1.5122317e-03
   5.1661883e-02   1.8855841e-01  -3.5325365e+00  -6.4426146e-03   1.5913603e-02   4.6518495e-04
   1.3510498e-02   2.2704145e-01  -4.1261776e+00  -1.1384169e-02   2.2631420e-02   2.0935527e-04
  -3.9975190e-03   2.8644891e-01  -4.1149940e+00  -1.1182987e-02   1.9909481e-02  -2.2013514e-04
  -5.9654277e-02   1.9244748e-01  -3.6301724e+00  -1.4766586e-02   2.1551880e-02  -3.5941515e-05
  -1.9418634e-01   3.5277307e-01  -3.5725386e+00  -4.1207329e-03   2.3114469e-02   2.1376999e-03
  -9.1125629e-02   3.2974014e-01  -4.2726630e+00  -1.0446166e-02   1.8403614e-02   1.5026103e-03
  -3.2546539e-02   5.1164805e-02  -3.9460071e+00  -1.2952681e-02   1.4999847e-02   5.8803219e-04
  -8.6957544e-02   2.2167335e-01  -3.7975993e+00  -4.4796091e-03   1.7838509e-02   1.1076984e-03
  -5.9280216e-02   1.5442410e-01  -3.6148200e+00  -4.2570113e-03   1.8220890e-02   3.3073322e-04
  -1.6483504e-02   1.3687220e-01  -3.6678996e+00  -2.7511825e-03   1.5069382e-02   1.2090031e-03
   2.7802303e-02   2.0593735e-01  -3.6632522e+00  -5.3539397e-03   1.6950922e-02   4.4056961e-04
  -8.1715228e-03   1.3794741e-01  -3.6900562e+00  -5.7104072e-03   1.7145945e-02   9.1557385e-04
  -1.6398407e-02   1.9638483e-01  -3.6929186e+00  -5.8394514e-03   1.7389420e-02   4.6903284e-04
  -1.5837350e-03   1.7444863e-01  -3.6223237e+00  -4.5058329e-03   1.7248172e-02   4.2091207e-04
  -1.6256710e-02   2.0557680e-01  -3.7329455e+00  -4.5035138e-03   1.6363860e-02   1.3322034e-03
   2.2050908e-02   1.4952341e-01  -3.7300406e+00  -5.1379372e-03   1.5395813e-02   1.3692255e-03
   8.6711797e-03   1.6469232e-01  -4.1564512e+00  -9.7675892e-03   1.6111779e-02  -2.3127245e-04
   2.6163405e-02   2.2272762e-01  -3.9424863e+00  -7.9823661e-03   1.6093356e-02  -7.1047210e-04
   1.8677705e-02   2.1431951e-01  -3.9397908e+00  -7.5942217e-03   1.6211630e-02   1.8284704e-04
   1.9545028e-02   2.0560999e-01  -3.8641391e+00  -7.3966539e-03   1.6245081e-02   5.9843311e-05
  -1.1782697e-02   1.5730735e-01  -3.8229044e+00  -7.2162657e-03   1.6476951e-02   1.1740460e-03
   2.2089263e-02   1.7665941e-01  -3.7381779e+00  -5.0606382e-03   1.5879710e-02   5.7601077e-04
  -1.3750489e-02   1.1721951e-01  -3.4126281e+00  -1.8126121e-03   1.2555354e-02   1.6742538e-03
   9.8455204e-05   8.2403924e-02  -3.4165050e+00  -1.8483345e-03   1.3250752e-02   7.6671478e-04
  -1.5061307e-02   7.0669382e-02  -3.4189648e+00  -2.3652840e-04   1.3333286e-02   1.1021336e-03
   1.1270713e-02   9.1074259e-02  -3.6039680e+00  -3.1709381e-03   1.2858127e-02   7.6927702e-04
   3.2329146e-02   6.9826810e-02  -3.3706572e+00   1.9998468e-03   1.1896176e-02   1.9233243e-03
  -4.6152765e-02   2.6250692e-01  -3.7903786e+00  -7.9293876e-03   1.4072895e-02   1.5226988e-03
  -6.7521569e-02   1.1970675e-02  -3.2273916e+00   5.7829857e-03   6.0308494e-03   3.0110252e-03
  -7.8830378e-02   9.2425957e-02  -2.9876571e+00  -8.6463040e-03   1.5063901e-02  -4.0216823e-04
  -4.6317141e-02   2.1538086e-01  -4.1431638e+00  -1.1022201e-02   1.0739918e-02   1.1657870e-03
  -1.0681940e-02   1.6215435e-01  -3.8190965e+00  -3.9578097e-03   1.0290697e-02   7.1769571e-04
  -7.4832185e-04   9.4699221e-02  -3.7064509e+00  -5.2636520e-03   1.1683658e-02   8.4808568e-05
  -3.4317852e-02   1.2966322e-01  -3.8872976e+00  -4.1749146e-03   9.7776051e-03   1.2021753e-03
  -6.8661002e-02  -1.9614350e-03  -2.9544640e+00   2.0699758e-03   8.8630362e-03   1.2268077e-03
  -4.6913452e-02   1.7488184e-01  -3.2707937e+00  -2.7876490e-03   1.4828798e-02   9.0480342e-04
  -3.2557832e-02   1.4192605e-01  -3.2055013e+00  -2.8698473e-03   1.5423915e-02   3.9179568e-04
  -2.5823857e-02   1.2695183e-01  -3.1170017e+00  -2.1868989e-03   1.7656677e-02  -6.4291350e-05
  -4.1118277e-02   1.4552452e-01  -3.1586540e+00  -3.5398029e-03   1.7251089e-02  -3.0271902e-04
  -2.1026375e-02   1.6860531e-01  -3.0125020e+00  -2.7708514e-03   1.6655572e-02  -2.4562253e-04
  -2.6315053e-02   1.5778706e-01  -3.0639782e+00  -2.2601721e-03   1.6311903e-02   1.6702570e-05
  -8.9207617e-02   8.4895310e-02  -3.2964054e+00  -6.3774354e-03   1.4888282e-02   3.0769663e-03
  -1.1635017e-01  -1.2988494e-02  -2.1394599e+00   1.2630568e-02   1.5426725e-02   2.2168200e-03
  -1.6635180e-01   2.5224045e-01  -2.1502029e+00  -4.6649744e-03   2.2744454e-02   8.4385069e-04
  -8.7418097e-02   2.8229660e-01  -1.8480676e+00   3.9360618e-03   2.0710070e-02  -9.0651674e-05
  -6.0818132e-02   1.5447968e-01  -1.8357921e+00   3.7000459e-03   2.1689225e-02  -6.4887394e-04
  -4.7044985e-02   1.6050873e-01  -1.8638938e+00   4.6352231e-03   1.9985047e-02  -2.1585530e-04
  -4.2570114e-02   2.1079074e-01  -1.7262807e+00   4.3848792e-03   2.1001656e-02  -8.4187432e-04
  -3.4055436e-02   1.9922603e-01  -1.7449049e+00   3.7534435e-03   2.2293370e-02  -1.1137027e-03
  -3.7183827e-02   1.7513212e-01  -1.9188972e+00   2.2165366e-03   2.0447185e-02  -1.2403517e-03
  -2.7818029e-03   2.0002911e-01  -1.8691876e+00   5.7721781e-04   1.7175079e-02  -1.3044785e-03
   2.2457289e-02   2.1013761e-01  -1.8353663e+00   1.8910080e-03   1.8035545e-02  -1.3107574e-03
  -1.8621356e-02   1.6089755e-01  -2.1097468e+00  -9.5148262e-04   1.7603864e-02   1.3583465e-04
  -7.0402599e-02   3.6357823e-02  -1.9223695e+00   7.1600822e-03   1.9255505e-02   1.4681289e-03
  -6.3019002e-02   2.1221314e-01  -2.6596498e+00  -3.3137483e-03   2.1182537e-02   8.6484618e-04
  -7.7428825e-02   1.9762015e-01  -2.5212189e+00  -2.2153992e-03   2.2196255e-02   3.3317140e-04
  -8.0744421e-02   1.8739371e-01  -2.6991864e+00  -2.8084399e-03   1.9118455e-02   5.4113238e-04
  -1.9740782e-02   1.7455984e-01  -2.5038708e+00  -1.3251017e-03   1.6788773e-02   7.4654224e-04
  -5.4692144e-02   2.1061837e-01  -2.3999906e+00  -5.0943690e-04   2.0489042e-02   4.8219395e-04
  -5.1140448e-02   1.9199847e-01  -2.3385861e+00   5.6334021e-05   2.0587397e-02   5.4064313e-06
  -1.2174976e-01   1.5646811e-01  -2.6005159e+00  -3.3015616e-06   2.1613828e-02   1.3382370e-03
  -1.5581505e-01   1.2604144e-01  -2.9524938e+00  -1.0997969e-03   2.6007056e-02   1.2229714e-03
  -8.1018302e-02   4.2897568e-01  -2.8817133e+00  -5.5060195e-03   2.9251160e-02  -1.6281394e-03
  -3.9184904e-02   3.7858032e-01  -3.6503077e+00  -1.4073048e-02   2.6707491e-02  -2.3809074e-03
  -2.4070712e-02   3.2410882e-01  -3.4208824e+00  -1.0371253e-02   2.6345810e-02  -3.0126491e-03
  -3.1334666e-03   3.7873397e-01  -3.3479733e+00  -6.8157725e-03   2.5415498e-02  -2.3520344e-03
  -1.0277783e-02   3.1959104e-01  -3.6517548e+00  -1.0486902e-02   2.5507147e-02  -1.9598549e-03
  -9.3722959e-03   3.0161827e-01  -3.5949941e+00  -1.0374089e-02   2.5911712e-02  -1.7999811e-03
  -3.8126607e-02   2.8188778e-01  -3.6306693e+00  -1.0363808e-02   2.5622650e-02  -1.2276923e-03
  -2.9673686e-02   2.9229673e-01  -3.5421404e+00  -9.2516276e-03   2.5337521e-02  -1.0761920e-03
  -7.6695791e-03   2.4771041e-01  -3.4848609e+00  -8.5377336e-03   2.5240958e-02  -1.2029477e-03
  -1.8172986e-02   2.2700182e-01  -3.3380823e+00  -6.3988915e-03   2.2815342e-02   8.4099544e-04
  -4.0436309e-02   2.7119137e-01  -3.2924455e+00  -5.8367688e-03   2.3682188e-02   7.4125243e-04
  -1.0449073e-02   2.6258422e-01  -3.3097176e+00  -6.5806571e-03   2.2579971e-02   9.5897126e-05
   1.0358173e-02   2.3131550e-01  -3.3374066e+00  -7.1990399e-03   2.1379909e-02  -7.0201869e-05
   3.2315757e-02   2.5588496e-01  -3.1970781e+00  -5.4603415e-03   1.9927379e-02  -3.7827207e-04
   1.8752016e-02   2.3013452e-01  -3.2353783e+00  -4.2543853e-03   2.1289627e-02   2.6226640e-05
   4.2003139e-03   2.4474394e-01  -3.2632235e+00  -4.9811883e-03   2.1317146e-02  -9.7262045e-05
  -3.3052966e-02   2.3899162e-01  -3.2264575e+00  -4.5041691e-03   2.2260159e-02   5.6162466e-04
  -1.9530751e-02   1.2894714e-01  -3.1644531e+00  -8.0362638e-03   2.4082476e-02  -9.4492561e-04
  -4.7083637e-02   2.6071609e-01  -3.1297067e+00  -5.5922887e-03   2.4609765e-02  -3.3874997e-04
  -9.5735713e-02   1.6419057e-01  -3.2423079e+00  -3.1548953e-03   2.3375621e-02   1.5838282e-03
  -1.2501502e-01   1.9603508e-01  -3.4854315e+00  -3.8204426e-03   2.5099567e-02   2.8071052e-03
  -1.2471225e-01   1.1163854e-01  -3.6015297e+00  -1.4649348e-02   1.3988608e-02   5.1897934e-03
  -1.0748650e-01   3.3463643e-01  -3.2472218e+00  -1.1724186e-02   1.5228091e-02   4.1524759e-03
  -1.6369063e-01   1.9352885e-01  -3.7664145e+00   7.6862712e-04   2.0305675e-02   3.3605791e-03
  -5.3337108e-02   3.6243310e-01  -4.5002942e+00  -1.5248451e-02   1.8396728e-02   1.2129311e-03
  -4.1218234e-02   3.0604450e-01  -4.3482789e+00  -1.5332213e-02   1.8822166e-02   5.7497495e-04
  -3.7379064e-02   3.0148046e-01  -4.1656806e+00  -1.4475446e-02   1.8463007e-02   5.0661693e-04
  -6.8223255e-02   2.3328003e-01  -4.4115080e+00  -1.1227121e-02   1.5884418e-02   2.4875114e-03
  -2.3795024e-02   3.2411293e-01  -4.5434074e+00  -1.5600764e-02   1.6154128e-02   1.0821501e-03
  -4.2146941e-02   3.0310606e-01  -4.4712026e+00  -1.4772878e-02   1.7759706e-02   1.9580129e-03
  -1.7673823e-02   2.6767229e-01  -4.3648204e+00  -1.3732065e-02   1.7688178e-02   9.9109575e-04
  -5.9195554e-02   3.0893454e-01  -4.5710827e+00  -1.7696171e-02   1.7319323e-02   2.0270078e-03
  -5.5192915e-03   2.6850281e-01  -4.3056441e+00  -1.4163361e-02   1.8507823e-02   9.4746496e-04
   2.8334291e-02   2.4489485e-01  -4.1009897e+00  -1.5109308e-02   1.8870529e-02   3.9890158e-04
   2.7274662e-02   1.9600737e-01  -4.0340899e+00  -1.2953142e-02   1.6554274e-02   4.4033275e-04
  -3.0948102e-02   2.7711230e-01  -4.1272437e+00  -1.2222271e-02   1.7939711e-02   1.6184538e-03
  -4.8574075e-02   2.7703589e-01  -3.9485982e+00  -1.0920946e-02   1.7619767e-02   1.2465254e-03
  -3.6486024e-02   2.9498118e-01  -4.1195516e+00  -1.3452433e-02   1.6049623e-02   8.1247424e-04
  -5.3117573e-03   2.5810479e-01  -4.0475370e+00  -1.1994931e-02   1.7394428e-02   6.4374429e-05
  -4.5308066e-02   2.5117829e-01  -4.0703481e+00  -1.0127987e-02   1.8572566e-02   8.0046227e-04
   4.5754959e-03   2.7558543e-01  -4.0498304e+00  -1.0162177e-02   1.7150604e-02   2.7686531e-04
   6.9904233e-03   2.7981189e-01  -3.9977551e+00  -9.6068351e-03   1.7414735e-02   1.4935991e-04
  -1.0663874e-02   2.8563518e-01  -4.1809055e+00  -1.0905101e-02   1.7195971e-02   8.7737100e-04
   6.8734436e-03   2.8896812e-01  -4.0779382e+00  -1.1364929e-02   1.6757384e-02   5.6780429e-05
   4.0908492e-02   2.7437938e-01  -3.9532828e+00  -9.9870118e-03   1.7009752e-02  -5.6719640e-04
   4.9697272e-02   2.1453074e-01  -4.1223020e+00  -1.0085245e-02   1.4905413e-02  -9.4491965e-05
   3.4650847e-02   2.7469708e-01  -3.9671367e+00  -9.3328401e-03   1.5471687e-02  -1.8243861e-04
  -5.3851328e-02   2.9047900e-01  -4.0874238e+00  -1.1766414e-02   1.7230801e-02   1.2256267e-03
  -5.0163160e-03   3.0804417e-01  -3.9505350e+00  -9.2787636e-03   1.7000540e-02   5.8715747e-04
  -5.4031898e-03   2.8076026e-01  -4.1557898e+00  -1.1929139e-02   1.5809384e-02   1.2789711e-03
  -9.0204244e-03   2.7703491e-01  -4.0265532e+00  -1.0072042e-02   1.4741598e-02   1.1381192e-03
   1.1542725e-02   3.1179541e-01  -4.0142783e+00  -1.1007830e-02   1.5501336e-02   6.7913819e-04
   2.8054416e-02   2.6264343e-01  -3.9601330e+00  -1.0060301e-02   1.5314410e-02   9.4241562e-04
   3.6363970e-02   2.3146445e-01  -3.9389275e+00  -9.5279830e-03   1.3036962e-02   4.4432150e-04
   3.0862637e-02   2.3814699e-01  -3.9401171e+00  -9.3254662e-03   1.4432384e-02   1.4015237e-03
   6.4723255e-02   2.3780449e-01  -3.7793652e+00  -6.2263642e-03   1.2810656e-02   1.7029516e-03
   5.5048673e-02   2.3490862e-01  -3.7389363e+00  -4.6209133e-03   1.3192090e-02   2.3037969e-03
   3.1895292e-02   1.2409673e-01  -3.5185610e+00   3.1056226e-04   1.3633122e-02   2.5469681e-03
   4.7450922e-02   1.6948791e-01  -3.8120426e+00   1.1926165e-03   1.2521741e-02   8.1015984e-04
