   0.0000000e+00   0.0000000e+00   0.0000000e+00   0.0000000e+00   0.0000000e+00   0.0000000e+00
   1.0307785e-02   8.9397701e-03   9.0614208e-02  -6.7992362e-04  -8.3092832e-04  -8.8675671e-04
   2.7861154e-04  -1.4224029e-02   6.7482631e-02  -2.2071968e-03   5.9574945e-04  -9.1721565e-04
   4.1062539e-02  -5.2730674e-02   1.5359252e-01  -2.5492860e-03  -1.6058052e-03  -8.6950659e-04
   2.6114671e-02  -7.6369656e-02   2.6901636e-01   2.6962719e-03  -1.1815627e-03  -1.5491296e-03
   2.8965950e-02  -4.6768435e-02   8.1976614e-02   2.9897549e-04  -1.8300584e-03  -1.5842906e-03
   2.3330340e-02  -1.5857990e-01   6.0449563e-01   7.9446980e-03  -2.5812386e-03  -2.7046946e-03
   3.5064616e-02  -1.0078404e-01   1.2684663e-01   3.6410381e-03  -2.3522168e-03  -3.1684024e-03
   2.2351911e-02  -9.7870450e-02   1.9510716e-01   2.8417544e-03  -1.8775792e-03  -3.2572938e-03
   3.7739323e-02  -5.3336648e-02   4.0657597e-03  -9.0789416e-04  -7.9289797e-04  -3.1366588e-03
   3.0293618e-02  -6.5549177e-02   6.4815952e-02  -6.8813292e-04  -1.1532053e-03  -3.3840027e-03
   3.7939381e-02  -8.5693930e-02   7.6116896e-02   3.1559244e-04  -1.6853598e-03  -3.5701908e-03
   3.1463455e-02  -8.3267868e-02   1.2578204e-01   1.1211325e-03  -6.0434458e-04  -3.5409075e-03
   6.6662816e-02   1.2128739e-01   3.4808593e-01  -6.3831516e-03  -6.9340108e-04  -1.0449924e-03
   1.0583024e-01   5.3730688e-01   3.6483906e-01  -4.1480009e-02   8.5212111e-04   6.3035254e-03
   6.6957608e-02   1.5599994e-01   2.7341945e+00  -8.3855203e-03  -5.7186091e-03   1.3286525e-03
   1.1825066e-02  -1.3545773e-01   2.2169043e+00  -8.7165249e-03   5.8883809e-04   3.3921923e-03
   1.2623918e-01   1.1810266e-01   2.4662009e+00   3.9141561e-04  -8.2271187e-03   2.7402575e-03
   9.6541594e-02   9.9923200e-02   2.0459755e+00  -8.0390057e-03  -4.9582106e-03   2.9527983e-04
   1.1836702e-01   9.7189076e-02   2.0520475e+00  -1.3456956e-02  -7.8954929e-03   4.8687936e-03
  -1.2339796e-01  -1.6007501e-01   2.3037496e+00   6.5924957e-03  -1.9883201e-02   6.7016340e-03
   7.6471822e-02   1.4378925e-01   1.8011315e+00  -4.1958019e-04  -7.1985127e-03   5.1089968e-03
   1.1823499e-01   1.1668898e-01   1.4500830e+00  -7.0673782e-03  -7.6457387e-03   3.6722818e-03
   1.2771375e-01   8.9669671e-02   1.3949097e+00  -5.7907984e-03  -9.7686412e-03   3.9149001e-03
  -3.5198241e-03  -1.5409856e-01   2.3904898e+00  -4.2953070e-03  -6.7366655e-03   1.2373060e-03
   5.1352023e-02   3.0440930e-01   1.3537703e+00  -2.9774663e-02  -1.0179836e-02   1.5064010e-02
  -4.3195464e-02   2.8367886e-01   1.3659782e+00  -1.1007345e-02  -7.8298633e-04   3.3017348e-03
  -3.9409534e-03  -3.7019323e-01   2.3889174e+00  -9.5181046e-04  -9.3967825e-03   3.5277716e-03
   2.1445011e-01   1.1072547e-01   1.2489631e+00  -1.0714363e-02  -3.4805152e-03   3.0421986e-03
   1.6842809e-01   1.9678638e-01   9.4500518e-01  -1.6975807e-02  -6.7595871e-03   2.9556615e-03
   1.5764100e-01   1.9953749e-01   1.0520799e+00  -1.1576264e-02  -6.7285959e-03   5.0308230e-03
   1.0194336e-01   1.7325560e-01   4.1147693e-01  -1.8093192e-02  -8.6977812e-03   4.4226789e-03
   9.3996786e-02   1.9750862e-01   4.3078266e-01  -1.8354254e-02  -7.9189220e-03   4.6045064e-03
  -1.0018998e-01  -2.8121048e-01   2.2125286e+00   1.1580632e-02  -6.0196164e-03   3.9913231e-03
   9.2681061e-02   1.6495979e-01   1.3913424e+00  -1.4785386e-02  -5.4439164e-03   3.6796326e-03
   9.3766942e-02   1.5434207e-01   1.4298220e+00  -1.5793771e-02  -5.4888741e-03   2.9279985e-03
   5.6957664e-02   1.0661711e-01   1.6264108e+00  -2.8651014e-02  -9.4126024e-03   5.6303149e-03
   1.5451078e-01   1.8611523e-01   6.0968143e-01  -1.5549868e-02  -9.7307717e-03   7.2734322e-03
   1.4123459e-01   7.1208236e-02   1.0269414e+00  -8.2696197e-03  -1.7279294e-02   7.5794929e-03
   1.4349893e-01   1.7683622e-01   7.1185567e-01  -1.4334241e-02  -1.8767145e-02   6.9867664e-03
   1.1884115e-01   1.4277608e-01   8.5773047e-01  -1.4078623e-02  -1.7704236e-02   6.7165945e-03
   1.0245732e-01   1.2478746e-01   8.9436754e-01  -1.2404971e-02  -1.7629473e-02   6.9127974e-03
   9.6343107e-02   1.2631205e-01   9.2912312e-01  -1.1696658e-02  -1.5436141e-02   6.9725047e-03
   8.1487175e-02   9.0347364e-02   9.0085725e-01  -1.0509250e-02  -1.6588353e-02   6.9724071e-03
   8.7479475e-02   9.9258638e-02   8.8322610e-01  -1.1075496e-02  -1.6995991e-02   6.9561886e-03
   8.4814032e-02   8.6282957e-02   8.8560847e-01  -9.2313425e-03  -1.8358267e-02   6.8241508e-03
   9.7370746e-02   1.4224691e-01   8.6285880e-01  -9.9100420e-03  -1.8081238e-02   6.7933839e-03
   1.0791672e-01   2.5238949e-01   1.0514565e+00  -1.8837242e-02  -1.0083494e-02   1.0531623e-03
   9.6842673e-02   2.6624928e-01   1.0714709e+00  -1.9730509e-02  -1.2005701e-02   2.4327606e-03
   6.1778927e-02   2.7351815e-01   7.7612877e-01  -2.0768380e-02  -1.2862828e-02   5.2431772e-03
   5.3076909e-02   2.4594934e-01   8.2684242e-01  -1.9350455e-02  -1.3793879e-02   4.9935025e-03
   2.2701990e-02   2.1330721e-01   7.4735468e-01  -1.7007304e-02  -1.3103496e-02   5.5641567e-03
   8.3266915e-02   2.3109016e-01   6.1538595e-01  -2.0395993e-02  -1.2477397e-02   4.7329419e-03
   5.9761419e-02   1.8820930e-01   7.8306211e-01  -1.7866144e-02  -1.3725682e-02   5.3547247e-03
   6.5552585e-02   1.9104715e-01   7.0821257e-01  -1.6540427e-02  -1.5241659e-02   5.2036712e-03
   5.6365447e-02   1.4248165e-01   7.9250946e-01  -1.5313356e-02  -1.4106419e-02   4.8608365e-03
   5.4556174e-02   1.7347951e-01   7.7912843e-01  -1.5188508e-02  -1.4585732e-02   5.4054049e-03
   5.0894938e-02   1.5410764e-01   8.3301295e-01  -1.5323197e-02  -1.3957542e-02   5.0511011e-03
   4.0602255e-02   1.7090312e-01   8.1848780e-01  -1.5229839e-02  -1.2210022e-02   5.4147137e-03
   3.7139913e-02   1.4102539e-01   8.1064051e-01  -1.5580851e-02  -1.2192190e-02   4.1734046e-03
   6.9449360e-02   3.3800636e-01   6.9015586e-01  -1.9008443e-02  -1.2335395e-02   6.8901491e-03
   6.3272120e-02   2.9987964e-01   5.5676871e-01  -1.9410796e-02  -1.4332695e-02   6.4621989e-03
   4.3601765e-02   2.2582964e-01   6.0630694e-01  -1.7653967e-02  -1.3950592e-02   6.7092965e-03
   4.3194075e-02   1.5346431e-01   5.5115302e-01  -1.6544425e-02  -1.3636288e-02   6.0517021e-03
   4.5987053e-02   1.8514489e-01   5.3952611e-01  -1.7261494e-02  -1.3028365e-02   5.7061440e-03
   3.4459159e-02   1.9438022e-01   5.7179398e-01  -1.6335300e-02  -1.3720057e-02   5.9291910e-03
   6.7620973e-02  -1.4690660e-02   7.2138901e-01  -8.5210185e-04  -1.3129988e-02   6.2050606e-03
   1.2634922e-02  -3.2417908e-01   1.4044105e+00   1.4745807e-02  -1.5545253e-02   6.2648257e-03
  -2.9041724e-02  -4.9983743e-01   1.5611113e+00   1.8579783e-02  -1.0991150e-02   3.8524670e-03
  -2.0303086e-01  -5.2667358e-01   1.6661373e+00   2.1937275e-02  -7.4504525e-03   6.6537630e-03
  -1.4605643e-01  -6.2463541e-01   1.6768942e+00   2.2003552e-02  -5.0762120e-03   2.2322640e-03
  -8.7954165e-02  -6.1124235e-01   1.7145870e+00   2.3396550e-02  -6.7761449e-03   6.8529348e-04
  -8.1851731e-02  -3.0321014e-01   1.7916463e+00   1.5361735e-02  -1.0167919e-02   7.5046737e-03
  -5.2674406e-02  -2.4323477e-01   1.6974816e+00   1.2769242e-02  -1.2884168e-02   6.8278789e-03
  -8.2238310e-02  -3.5662803e-01   1.6997869e+00   1.6430021e-02  -1.0644658e-02   7.5095827e-03
  -1.4335016e-01  -4.7280916e-01   1.8914167e+00   2.2148917e-02  -8.1878859e-03   6.5733081e-03
  -8.1967844e-02  -5.6738285e-01   2.1134828e+00   2.7216024e-02  -7.3540539e-03   3.5359226e-03
   8.9580215e-03  -9.4340453e-02   7.4793750e-01   1.9408662e-03  -9.2247910e-03   2.9108783e-03
  -1.4094421e-02  -7.6899626e-02   8.2206726e-01  -7.2124773e-04  -8.8601258e-03   3.2294342e-03
  -9.3055045e-03  -9.9969640e-02   8.4522861e-01  -6.8669902e-04  -9.2595392e-03   3.2196416e-03
   1.0347339e-01   4.0966326e-02   1.0055715e+00  -8.4958633e-03  -1.5256488e-02   4.9249250e-03
   4.6017408e-02  -4.4548816e-02   9.9394475e-01   2.0291576e-03  -1.2062801e-02   3.4265858e-03
   1.3584648e-02   1.7034753e-02   1.1981114e+00   4.1789933e-03  -9.6878197e-03   5.3345539e-03
   4.9770264e-02   1.3367783e-01   7.6371001e-01  -9.8706452e-03  -8.4288420e-03   3.0739246e-03
   2.5981013e-02   6.5817848e-02   8.5599301e-01  -9.4691726e-03  -8.3364321e-03   3.0891703e-03
   8.3643155e-03   3.1883311e-02   8.4263061e-01  -9.9267057e-03  -8.3682855e-03   3.2477240e-03
   4.3321979e-02   6.1912707e-02   6.7978125e-01  -1.1774248e-02  -6.6473459e-03   2.5340407e-03
   2.4254478e-02   6.2603781e-02   1.2259132e+00  -3.2671031e-03  -8.8951624e-03   4.0433025e-03
   1.2100857e-02  -1.4908004e-02   9.4684379e-01  -5.8290033e-03  -6.5438902e-03   2.9970128e-03
  -1.5011148e-02  -1.4665693e-03   8.3404250e-01  -7.5226507e-03  -6.6196969e-03   4.1578571e-03
  -2.4398599e-02   3.5277473e-03   7.9250352e-01  -2.1030150e-03  -6.0736246e-03   3.9254433e-03
  -2.5992083e-02  -7.9557591e-03   5.7624185e-01  -5.9982612e-03  -5.5544953e-03   3.1153965e-03
  -9.7811227e-03  -4.4056287e-02   5.4941270e-01  -5.3488034e-03  -5.6848275e-03   2.4044135e-03
   2.3517906e-02  -2.5463655e-02   5.0711144e-01  -7.5015770e-03  -5.6486198e-03   1.9966631e-03
   8.1093274e-02   1.2559264e-01   1.3709650e+00  -6.8935943e-03  -1.3562807e-02   1.5172321e-03
   1.3202455e-01   1.3814625e-01   9.2536547e-01  -1.1467759e-02  -1.7836873e-02   3.2330035e-03
   9.9195337e-02   7.9452747e-02   9.3032852e-01  -1.0353302e-02  -1.5851552e-02   3.1645078e-03
   8.1498262e-02   2.0116732e-02   8.4383648e-01  -9.3501018e-03  -1.4832756e-02   3.4357705e-03
   6.8655070e-02   3.8937880e-02   8.5546046e-01  -9.5193198e-03  -1.3068994e-02   3.1853924e-03
   4.3277904e-02  -3.3390745e-03   7.6438908e-01  -7.0144323e-03  -1.0480791e-02   3.0399838e-03
   4.8615896e-02   1.6784018e-02   8.4460736e-01  -8.1192053e-03  -1.0839923e-02   2.8880810e-03
   6.2437696e-02   5.9288539e-02   3.9269794e-01  -3.8745414e-03  -1.0081218e-02   3.9735404e-03
   2.7280494e-02   5.4022673e-02   3.3995328e-01  -9.3661903e-03  -9.4775195e-03   3.3153365e-03
  -5.9213367e-03   1.8723411e-03   3.1406112e-01  -1.1252069e-02  -7.4282647e-03   3.8034929e-03
   1.7400533e-02   1.5645705e-02   6.5366314e-01  -2.9282652e-03  -1.0091733e-02   4.4016109e-03
  -1.8192914e-03  -5.4212149e-02   5.8051413e-01  -2.7393883e-03  -8.9864144e-03   3.4419221e-03
   9.2912207e-02   1.7148784e-01   5.1490627e-01  -1.4925145e-02  -1.1445236e-02   2.8341709e-03
   4.7784773e-02   1.3804311e-01   5.5392084e-01  -1.4590267e-02  -1.1236888e-02   3.3373248e-03
   3.5720796e-02   6.3041463e-02   9.8394515e-01  -1.0680779e-02  -8.9375938e-03   2.3605882e-03
   2.8206834e-02   4.4287075e-02   8.5515157e-01  -1.0420423e-02  -9.2730242e-03   2.9942641e-03
   4.4749328e-02   3.1302388e-02   8.1338831e-01  -1.1077631e-02  -9.0961726e-03   2.5853614e-03
   4.5335542e-02   4.6625782e-02   7.8474890e-01  -1.1952713e-02  -9.6801007e-03   2.8285985e-03
   4.3305873e-02   3.9584525e-02   7.3961244e-01  -1.1116126e-02  -8.5891584e-03   2.3559291e-03
  -1.6353509e-02  -1.2784363e-01   1.2836720e+00   8.4019334e-03  -6.6070780e-03   3.5199827e-03
  -2.1495534e-02  -9.5618230e-03   5.8737665e-01  -3.2696670e-03  -8.7825002e-03   3.0041621e-03
  -1.3195016e-02  -2.6575264e-02   1.4039887e+00   4.0870275e-03  -7.7389865e-03   3.7425934e-03
  -4.2085925e-02  -4.5658496e-02   4.5674915e-01  -2.9458254e-03  -5.7769590e-03   2.3421203e-03
  -2.7148657e-02  -3.5769175e-02   3.8537659e-01  -5.3285147e-03  -4.6777596e-03   1.4535645e-03
   1.1136963e-01   2.7066903e-01   2.2033860e-01  -1.9446175e-02  -1.0336468e-02   1.6537713e-03
   4.6849697e-02   1.9017555e-01   3.4430716e-01  -1.6430535e-02  -8.9554971e-03   2.0651540e-03
   1.7122090e-02   1.5582087e-01   3.7965399e-01  -1.6190689e-02  -8.3615415e-03   2.3643703e-03
  -2.0688239e-02   4.0564832e-03   4.4984962e-01  -8.4208582e-03  -5.9126505e-03   2.0310598e-03
  -2.0105781e-02  -8.5302061e-04   9.3426361e-01  -3.1383062e-03  -7.7092558e-03   2.7663090e-03
   1.6161205e-02   4.1130279e-02   7.4353649e-01  -4.9563606e-03  -8.9200329e-03   3.7697974e-03
  -3.9142548e-02  -9.8921008e-03   8.9567060e-01  -1.4335263e-03  -5.5886700e-03   2.8700472e-03
  -7.8628294e-02  -5.2335557e-02   6.3262308e-01  -3.4672001e-03  -3.6448421e-03   9.6281349e-04
  -4.9134891e-02  -5.9060781e-02   6.7988603e-01  -2.4766762e-03  -4.5343329e-03   8.5208761e-04
  -4.6674668e-02  -1.0647740e-01   9.7434072e-01   3.2424460e-04  -4.1631968e-03  -2.0494130e-04
  -4.5775611e-02  -7.5430980e-02   7.5403810e-01  -3.2120584e-03  -3.7290657e-03   2.0141185e-04
   2.1280141e-01   2.5775022e-01   4.5960540e-01  -1.8931401e-02  -1.2992119e-02  -1.1440211e-03
   4.4712467e-02   7.3326964e-02   9.4224206e-01  -8.8089775e-03  -1.1439123e-02   2.7875169e-03
   4.3037945e-02   5.0306025e-02   9.1881722e-01  -8.8525810e-03  -1.0520904e-02   2.5836040e-03
   1.8472677e-02   7.5881339e-04   9.5306733e-01  -6.5548123e-03  -8.9969256e-03   2.3948297e-03
   1.8751600e-02  -2.0570256e-02   9.3842175e-01  -2.8908105e-03  -7.8008225e-03   2.5675362e-03
  -1.4446785e-01   3.9141336e-01   9.9107576e-01  -1.3652009e-02  -2.1734406e-03   4.4282509e-03
  -2.7667466e-02   4.2083332e-02   7.1336349e-01  -2.1187151e-03  -9.2186003e-03   4.7351671e-03
  -4.6490824e-02   8.9852680e-03   7.2979147e-01  -4.1923322e-03  -5.9812622e-03   2.4353257e-03
  -2.3386304e-02  -1.7151495e-02   7.9950765e-01  -3.4207317e-03  -6.5269772e-03   2.1253257e-03
  -5.1946097e-02   5.8872990e-03   7.3114682e-01  -1.6351548e-02   9.0835428e-04  -3.9438354e-04
  -4.0898563e-02   8.1117767e-02  -1.2448794e-01  -9.6189908e-03  -8.7835667e-03   4.1130587e-03
  -4.0243566e-02   2.5390293e-02   1.0575194e-01  -7.0748105e-03  -5.7586289e-03   2.2475502e-03
  -3.0781572e-02  -1.0005781e-02   1.4992989e-01  -6.5740228e-03  -4.7643345e-03   1.3542038e-03
   6.0785966e-02   2.3418796e-01   6.1193610e-02  -1.8709405e-02  -7.6445276e-03   1.2386139e-03
   9.5850960e-03   1.8264160e-01   1.5259865e-01  -1.9026065e-02  -7.9864406e-03   1.7490275e-03
   1.7560895e-02   1.2415742e-01   3.3325449e-01  -1.4022640e-02  -6.4081291e-03   1.3663087e-03
   2.0045107e-02   9.4363062e-02   4.1424428e-01  -1.2781823e-02  -6.8368215e-03   1.3794688e-03
   6.0555889e-03   6.0889683e-02   4.5919532e-01  -1.1797499e-02  -6.2152221e-03   9.1876327e-04
  -2.5846180e-02  -4.5198285e-02   1.1140122e+00   2.6767136e-03  -6.1824888e-03   1.3846029e-03
  -2.7469231e-02  -1.2949885e-02   7.3266503e-01  -3.8258874e-03  -6.0892897e-03   8.8953144e-04
   1.4195901e-01   1.7876399e-01   1.0798322e+00  -6.4554258e-03  -1.2038754e-02   6.3805014e-04
  -1.2389580e-01   3.9792643e-02   8.4107939e-01  -1.3616366e-02   9.7700304e-03  -3.1402574e-03
  -4.9520868e-02  -1.9576193e-02   6.6334811e-01  -2.2402902e-03  -5.2074457e-03   1.7834705e-03
  -3.2529939e-02  -7.8668397e-02   7.7836064e-01  -1.6890852e-03  -4.2714516e-03   9.3778517e-05
  -5.9606773e-02  -8.2507742e-02   6.4619515e-01  -4.1092211e-03  -4.8190136e-03   1.1217879e-03
   5.7182330e-02   1.4357349e-01   8.5720469e-01  -1.0735063e-02  -1.1796394e-02   2.0237879e-03
   2.1760889e-02   1.0326411e-01   8.4131486e-01  -1.0145901e-02  -1.1184616e-02   2.1035746e-03
  -8.4474388e-03   1.7463439e-02   8.6029094e-01  -9.0520578e-03  -8.7075950e-03   1.4293944e-03
  -3.5100214e-03  -6.0724700e-02   1.2928814e+00  -5.6540028e-03  -3.8974292e-03   2.2917113e-03
  -4.5885490e-02   2.5351886e-02   7.5638320e-01  -7.3371204e-03  -7.5754246e-03   1.2381260e-03
  -7.5415128e-02  -2.3044618e-02   8.9552751e-01  -5.3118063e-03  -3.5455006e-03   5.1973131e-04
  -3.3408608e-02  -2.3132552e-02   7.1307431e-01  -6.2060311e-03  -6.4402022e-03   1.0205425e-03
  -3.5828212e-02  -1.8012715e-02   7.9881989e-01  -5.5371332e-03  -5.9792164e-03   7.6546720e-04
   1.4277659e-03   7.4052728e-02   7.0237965e-01  -1.1224870e-02  -7.8796695e-03   2.2627932e-03
  -5.6132772e-02  -4.7725673e-02   8.5480985e-01   1.7893714e-04  -5.1148697e-03   1.4923149e-03
  -6.1997558e-02  -2.2314579e-02   6.4527610e-01  -5.0067156e-03  -4.1918202e-03   7.7685831e-04
   2.0746666e-02   1.1180640e-01   6.6513367e-01  -1.0017288e-02  -7.9864590e-03   3.1583284e-03
   1.9420549e-02   8.7442376e-02   7.4606162e-01  -7.7882290e-03  -9.7287735e-03   2.6880207e-03
  -1.6806576e-02   2.8244367e-02   7.5169217e-01  -6.8178726e-03  -7.2754053e-03   1.7937540e-03
  -1.7762120e-01   3.1748435e-01   6.2751737e-01  -1.2174267e-02  -4.5176304e-03   5.5302428e-03
  -3.5571635e-02   9.8387014e-03   4.7210040e-01  -8.6069560e-03  -4.2703579e-03   1.2796653e-04
  -3.4137929e-02  -9.6660563e-03   6.1298872e-01  -8.6229543e-03  -3.5762701e-03  -1.6526828e-04
  -1.2342967e-01  -5.6784908e-02   1.0860959e+00   5.0649443e-04  -1.7266466e-03   8.3108299e-04
  -8.5590759e-02  -1.4009469e-02   4.6348044e-01  -5.8358002e-03  -3.6923421e-03   9.7621932e-04
  -8.0402445e-02  -1.5787572e-01   2.6077043e-01   2.3611185e-03  -5.1362531e-03   1.9114733e-03
  -9.3752737e-02  -9.1900819e-03  -8.3659968e-03  -5.5278211e-03  -3.8976480e-03   5.7986105e-04
  -6.1178692e-02  -5.4579395e-02  -3.4259893e-02  -5.8472035e-03  -4.8003875e-03   7.7925068e-05
   1.3641559e-03   5.6818158e-01  -1.5606909e-01  -2.5427567e-02  -9.4501858e-03   3.8702888e-03
   4.8419699e-02   1.5558036e-01   4.6891290e-01  -1.4589474e-02  -1.1392654e-02   1.6201700e-03
  -1.2759130e-02   1.2166451e-01   5.2839842e-01  -1.2425494e-02  -1.0339453e-02   1.7627175e-03
  -1.9955809e-02   5.1371927e-02   4.6876351e-01  -1.1181776e-02  -8.9023069e-03   1.6718714e-03
  -9.2363088e-03   7.3117561e-02   4.8251455e-01  -1.1082767e-02  -9.0414058e-03   1.3405033e-03
  -1.8277486e-02   5.0451163e-02   4.5054981e-01  -9.7495376e-03  -8.8605661e-03   1.8250304e-03
  -1.9389238e-02   4.4660558e-02   4.8122965e-01  -9.2721849e-03  -8.3923563e-03   1.2585070e-03
  -2.0191023e-02   6.5337613e-02   4.2280896e-01  -1.1227822e-02  -7.5952795e-03   1.4393852e-03
  -6.4650838e-02  -3.2050730e-03   6.8917566e-01  -4.6197911e-03  -4.4855818e-03   1.1711386e-03
  -7.1022347e-02  -6.7611322e-04   9.3411271e-01  -2.3833708e-03  -4.9670401e-03   1.0161997e-03
  -8.3045468e-02  -3.9106540e-02   5.8880383e-01  -4.9449843e-03  -5.9511178e-03   8.3458021e-04
  -7.3248157e-02  -4.7266223e-02   5.3565099e-01  -6.0101927e-03  -5.2488039e-03  -3.8516827e-07
   3.4816384e-02   1.7987641e-01   3.9604980e-01  -1.5579289e-02  -1.0779303e-02   1.6918216e-03
  -1.1592464e-02   1.2105721e-01   4.3813945e-01  -1.3484073e-02  -1.0109694e-02   1.8684063e-03
  -1.2571412e-02   7.2645447e-02   5.0291075e-01  -1.2183249e-02  -9.4004591e-03   1.5526610e-03
  -1.0734256e-02   1.0387133e-01   4.1117084e-01  -1.2756674e-02  -9.2755647e-03   1.3782046e-03
  -3.3796535e-02   4.4520750e-02   9.7129545e-01  -4.5850520e-03  -7.8111287e-03   2.1651931e-03
  -6.3550416e-02  -1.0739957e-01   6.5616582e-01  -3.3853373e-03  -6.1492769e-03   1.1797686e-03
  -5.9971843e-02  -5.2446446e-02   5.9869487e-01  -3.6830222e-03  -6.4067986e-03   5.7713735e-04
  -5.0183773e-02  -3.0485437e-02   5.9776277e-01  -3.8191524e-03  -6.1073349e-03   2.1972132e-04
  -5.2373106e-02  -1.4830638e-02   4.0408379e-01  -6.2629565e-03  -5.7956980e-03  -1.5037166e-04
  -3.6083748e-02  -2.3832554e-02   4.3883114e-01  -6.1061251e-03  -4.9064806e-03  -7.7554372e-04
  -6.7988446e-02  -2.6311428e-02   5.0182907e-01  -5.4783200e-03  -4.6074543e-03   6.8460020e-05
  -5.3182518e-03   1.0510421e-01   3.8873632e-01  -1.1211853e-02  -5.7118995e-03   2.8846630e-03
   5.5593136e-02   2.3686032e-01   3.9096124e-01  -1.5705000e-02  -1.1348738e-02   2.0126412e-03
  -7.3365076e-03   1.8268106e-01   4.2236976e-01  -1.4910143e-02  -1.0712405e-02   2.4862503e-03
   2.0569167e-02   1.3602780e-01   4.8592259e-01  -1.3737846e-02  -8.9901302e-03   1.8664881e-03
  -6.9131910e-03   6.6020357e-02   4.9247834e-01  -8.3792751e-03  -9.3982776e-03   2.4683631e-03
  -2.4590361e-02  -3.7465130e-02   8.5205505e-01  -4.1487427e-03  -2.9987117e-03   1.5612965e-03
  -6.7662781e-02  -5.0723801e-02   6.1749709e-01  -5.0170867e-04  -5.7536115e-03   1.7348804e-03
  -5.8538958e-02  -4.9148811e-02   5.8517497e-01   1.0027116e-03  -4.7184467e-03   1.3479634e-03
  -8.7290912e-02  -7.0352918e-02   6.8965904e-01  -7.1328327e-04  -5.0463645e-03   1.6898904e-03
  -7.9620514e-02  -2.9676240e-02   5.3395738e-01  -1.7412150e-03  -6.0860050e-03   1.5841762e-03
  -4.8537208e-02  -1.6209340e-02   5.4216932e-01  -3.2784593e-03  -6.5062470e-03   1.5795560e-03
   2.9576547e-02   1.4357657e-01   3.5144281e-01  -1.1038880e-02  -1.2186134e-02   2.1059917e-03
   2.0834078e-02   1.5628266e-01   4.4252595e-01  -1.2428884e-02  -1.1322135e-02   2.3225642e-03
  -2.6338642e-02   1.1284105e-01   4.8781796e-01  -1.0810354e-02  -1.0454603e-02   2.3952600e-03
  -3.0273174e-02   5.9238256e-02   5.1770700e-01  -9.3141677e-03  -9.3517691e-03   2.0632410e-03
  -1.8120386e-02   1.0162242e-01   5.1689479e-01  -9.9505521e-03  -9.1892348e-03   1.6304474e-03
  -3.8255128e-02   8.2988660e-02   3.5856507e-01  -1.0430418e-02  -6.7424485e-03   1.6817019e-03
  -2.2014510e-02   5.6113521e-02   4.2528610e-01  -8.6511608e-03  -6.9854490e-03   1.3502871e-03
  -9.0660618e-03   6.5426357e-02   4.0655992e-01  -1.0056964e-02  -7.6050233e-03   1.1638458e-03
  -2.5966410e-03   1.5420066e-02   1.7415920e+00  -7.8975139e-03  -1.1337631e-02   3.0618064e-03
  -1.1100098e-01  -2.1674364e-01   1.6122149e+00   4.6216604e-03  -8.7139443e-03   2.4397014e-03
  -1.9360822e-01   8.4143839e-03   1.2562038e+00  -4.3026117e-03   2.4808007e-03   3.6543089e-03
  -1.4871478e-01  -5.9904181e-02   4.1427141e-01  -6.8680774e-03  -4.1268298e-03   2.8188962e-03
  -5.5740438e-02   1.7656851e-01   5.4408273e-01  -1.5009755e-02  -4.8089267e-03   2.2318865e-03
  -7.1415377e-03   1.4776024e-01   5.6149210e-01  -1.3675442e-02  -9.5893321e-03   1.6312965e-03
  -5.1915618e-02   9.4501629e-02   5.9910225e-01  -1.2182943e-02  -8.0773011e-03   1.8472884e-03
  -8.9599783e-02  -1.6772401e-02   6.2905100e-01  -8.6060046e-03  -5.5151166e-03   1.6218932e-03
  -1.1214287e-01   7.3137282e-03   4.5471440e-01   9.8712776e-04  -4.5620120e-03   1.4476716e-03
  -9.3897883e-02   7.8145998e-02  -1.6632323e-01  -1.2046405e-02  -7.0304687e-03   1.3957394e-03
  -1.0208307e-01   7.6571135e-02  -1.4680612e-01  -1.3087932e-02  -6.7186410e-03   1.5959602e-03
  -6.5292103e-02   1.8053753e-02  -4.4859416e-02  -1.3474852e-02  -5.6747786e-03   1.1825629e-03
  -9.1388060e-02  -3.6497520e-02   4.1227482e-01  -4.8374374e-03  -4.5931243e-03   8.6491720e-04
  -9.5034886e-02  -1.1606840e-02   4.2015852e-01  -6.0002156e-03  -5.3629060e-03   8.4696325e-04
  -9.4497166e-02  -3.0503795e-02   3.8609341e-01  -6.1576338e-03  -4.6458044e-03   7.7219088e-04
  -9.0476493e-02  -1.4725492e-02   2.1931510e-01  -9.6138566e-03  -3.2222865e-03   4.7779406e-04
  -3.1097945e-02   3.6747188e-02   4.5514318e-01  -9.3595790e-03  -5.6607697e-03   5.8344204e-05
  -5.8955641e-02   4.4019639e-02   4.6157361e-01  -1.0571771e-02  -5.6232064e-03   5.6164705e-04
  -5.5941349e-02  -1.6505972e-02   4.6581975e-01  -8.8541407e-03  -5.5947782e-03   3.7184123e-04
  -3.6531451e-02   3.7894777e-02   3.7830632e-01  -1.0052208e-02  -6.4749959e-03   7.3380104e-04
  -4.8361675e-02   2.3845058e-02   3.8506230e-01  -9.3661349e-03  -4.9187384e-03   2.9478082e-04
  -5.1438768e-02   8.5333685e-03   3.7861202e-01  -8.9416859e-03  -4.7294355e-03   2.6137359e-04
  -8.9369723e-02  -5.5547315e-02   8.2931538e-01   6.5445286e-04  -5.2895852e-03   7.6235039e-04
  -9.9334531e-02  -5.2790934e-02   5.4167454e-01  -4.2461302e-03  -4.4616008e-03   1.2516407e-04
  -7.3979146e-02  -5.4828220e-02   5.3744800e-01  -3.8366111e-03  -4.2326894e-03  -2.8013461e-05
  -8.2864541e-02  -6.4085140e-02   6.4724129e-01  -1.0683273e-03  -5.1692676e-03  -3.4569301e-04
  -1.1255456e-01  -1.0145544e-01   5.5441954e-01  -4.0723097e-03  -3.5909775e-03  -2.8689387e-04
   4.4705617e-02   1.5476898e-01   4.6264562e-01  -1.0255362e-02  -1.2114790e-02   2.1024048e-03
  -4.0241220e-02   5.2479009e-02   4.7497044e-01  -8.7425060e-03  -8.5120668e-03   1.5789608e-03
  -4.4513505e-02   1.9245198e-02   4.7826584e-01  -7.6957911e-03  -8.9193163e-03   1.6063533e-03
  -4.7109054e-02   4.4836869e-02   4.0803389e-01  -7.2061879e-03  -7.4016212e-03   1.2938691e-03
  -8.5175416e-02  -3.8470962e-02   4.4545882e-01  -3.8699337e-03  -6.8870580e-03   9.7933217e-04
  -6.8963864e-02  -2.6433671e-02   4.6348999e-01  -3.9816945e-03  -7.6476510e-03   4.7811398e-04
  -4.8733525e-02  -1.8653173e-02   4.2220572e-01  -5.6871906e-03  -7.5879932e-03   3.4701393e-04
  -1.0783874e-01  -3.5525337e-02   5.0542774e-01  -5.8559822e-03  -5.2510817e-03   1.2066892e-03
  -8.4795580e-02   5.7952561e-03   3.4487425e-01  -3.8637895e-03  -7.8270044e-03   1.1155891e-03
  -1.5278770e-01  -4.7187439e-02   7.0149941e-01  -1.2656774e-03  -4.0283184e-03   7.5390158e-04
  -9.8372145e-02   1.3017487e-02   2.8475457e-01  -5.0452976e-03  -7.0996448e-03   6.6986362e-04
  -9.1303150e-02  -3.0651273e-02   5.3333036e-01  -2.0597948e-03  -5.9373043e-03  -7.3838243e-05
  -4.3718997e-02   4.9098746e-02   3.3243957e-01  -6.9039472e-03  -7.3099727e-03   5.6649564e-04
  -6.0005272e-02   1.1755371e-02   3.5414129e-01  -6.0711862e-03  -8.3761520e-03   8.2499186e-04
  -5.3330722e-02  -5.6161656e-03   4.0788392e-01  -5.9738221e-03  -8.7328272e-03   1.2610079e-03
  -4.5155689e-02   1.8370222e-02   3.0569156e-01  -6.3267393e-03  -8.9653263e-03   1.5099977e-03
  -6.5528873e-02   3.7769889e-02   2.4680451e-01  -5.7120984e-03  -8.4059956e-03   1.5821918e-03
  -3.1869830e-02   5.9188506e-02   2.1875251e-01  -8.6353653e-03  -8.1422857e-03   1.0079136e-03
  -5.5556414e-02   8.2703447e-02   1.5135550e-01  -8.4545963e-03  -8.5098762e-03   1.1870630e-03
  -6.0869413e-02   5.5566699e-02   2.1325809e-01  -7.1714184e-03  -7.6285047e-03   9.4786521e-04
  -6.1320764e-02   2.6008342e-02   1.9245435e-01  -7.5080376e-03  -7.2270107e-03   1.6923876e-04
  -7.6760153e-02   3.6248169e-02   1.0681289e-01  -7.8144852e-03  -7.4541446e-03   2.7125498e-04
  -6.8567696e-02   5.2183008e-02   1.9589683e-01  -1.0248507e-02  -6.8616258e-03  -3.3577538e-04
   4.8042547e-02   3.1377483e-02   3.4549740e-01  -1.0017175e-02  -1.6754009e-02   3.2885858e-03
   1.1645166e-01   2.6116998e-01   3.0151372e-01  -1.4568614e-02  -2.1647961e-02   3.7203450e-03
   2.4933569e-02   1.5890860e-01   3.1341460e-01  -1.2233684e-02  -1.9082575e-02   3.4835451e-03
   6.2968179e-03   1.0485318e-01   3.7153028e-01  -1.1113734e-02  -1.6815194e-02   2.8274692e-03
   5.9347430e-03   1.1479147e-01   3.3785261e-01  -1.0247512e-02  -1.5643915e-02   2.4273269e-03
  -1.7576259e-02   7.3349665e-02   3.6639555e-01  -8.0145445e-03  -1.2978540e-02   2.3136725e-03
  -4.8720702e-02   4.5930128e-02   3.3829996e-01  -7.7302282e-03  -1.2336589e-02   1.8322160e-03
  -2.7633190e-02   6.2918444e-02   3.6402258e-01  -7.3338228e-03  -1.2146270e-02   1.7900055e-03
  -1.0478429e-02   6.4372638e-02   3.0305518e-01  -7.9011533e-03  -1.1963024e-02   1.5648042e-03
  -3.8607549e-02   1.2942461e-01   2.5315338e-01  -1.0416627e-02  -1.0586859e-02   1.1296895e-03
  -5.1200231e-02   7.3530669e-02   2.6950208e-01  -9.4348785e-03  -1.1200150e-02   1.1933688e-03
  -3.6128821e-02   8.3448564e-02   2.1703400e-01  -1.1000074e-02  -1.3381099e-02   1.9231962e-03
  -9.1441827e-03   9.2958690e-02   3.6892947e-01  -1.0186343e-02  -1.4033360e-02   1.6296417e-03
  -2.0144087e-03   1.5932583e-01   3.0740544e-01  -1.2141416e-02  -1.4097789e-02   3.1891477e-03
  -4.1906311e-02   8.4527450e-02   4.2653933e-01  -9.2596496e-03  -1.2371423e-02   1.5380830e-03
  -3.8053272e-02   5.8856709e-02   4.0521752e-01  -9.9749578e-03  -1.1034382e-02   1.4355018e-03
  -2.1915058e-01   3.8569532e-01   5.0495687e-01  -1.7352107e-02  -3.6175848e-03   4.0073730e-03
  -5.7495777e-02   1.3142118e-01   3.4242371e-01  -8.6931762e-03  -1.2043933e-02   2.5925800e-03
  -4.5031867e-02   1.2255253e-01   3.0954568e-01  -1.0810974e-02  -1.0753126e-02   1.5207263e-03
  -4.8163835e-02   6.2286056e-02   3.9050356e-01  -6.2582956e-03  -1.0665691e-02   1.0865754e-03
  -8.1688899e-02   5.6703097e-02   2.9901544e-02  -1.7848853e-03  -1.0174913e-02   3.0155656e-03
  -1.1776715e-01   7.6974482e-02   2.2185216e-02  -7.4012352e-03  -8.1204584e-03   1.0307414e-03
  -1.0513128e-01   3.7023499e-02   5.2642147e-02  -7.1823447e-03  -6.0313823e-03  -4.9751272e-05
   5.7060528e-03   2.0010883e-01  -1.2870986e-01  -1.3649059e-02  -1.1678946e-02   1.2464022e-03
  -1.2772671e-02   1.6914262e-01  -8.2055030e-02  -1.4368739e-02  -1.0952516e-02   1.3790905e-03
  -2.2349528e-02   1.7963046e-01  -6.8381601e-02  -1.4915480e-02  -9.8955178e-03   1.1827762e-03
  -3.5187499e-02   9.5363152e-02   7.6514255e-02  -1.2086565e-02  -9.3368711e-03   8.8181496e-04
  -3.9150247e-02   5.7672023e-02   1.1193924e-01  -1.0343933e-02  -8.2604913e-03   1.2294653e-03
  -1.5706945e-02   1.4349743e-01   3.4350930e-02  -1.3084010e-02  -1.0679582e-02   1.1754875e-03
  -2.6480086e-02   9.1369386e-02   8.0300362e-02  -1.0953066e-02  -8.3764080e-03   7.0946510e-04
  -4.6846334e-02   1.1780033e-01  -1.8188005e-03  -1.0707196e-02  -9.2068703e-03   1.2003371e-03
  -3.0158112e-02   2.7068996e-02   2.4837920e-01  -2.6429565e-03  -1.0169220e-02   1.8408433e-03
  -6.3958936e-02   6.0790064e-02   6.0754209e-02  -5.6486029e-03  -9.1626971e-03   1.3054881e-03
  -1.2806686e-01  -7.7518994e-02   4.6703672e-01   6.6175442e-04  -3.5251280e-03  -7.2751969e-04
  -1.0844488e-01   9.2601227e-03   9.0876619e-02  -6.5221926e-03  -5.6665661e-03  -3.8587976e-04
   1.5972044e-02   1.2294703e-01   2.5001125e-01  -1.0852353e-02  -1.2052317e-02   8.7376124e-04
  -1.6790995e-02   1.2773156e-01   1.9507659e-01  -1.1470889e-02  -1.0825419e-02   1.0672835e-03
  -4.5585337e-02   5.8362301e-02   2.3532346e-01  -9.3564688e-03  -9.8570759e-03   9.3916921e-04
  -4.3723593e-02  -1.8325193e-02   4.3097412e-01  -2.8866863e-03  -1.0405505e-02   5.0902205e-05
  -7.0767291e-02   4.6373033e-03   2.3371020e-01  -4.5600967e-03  -9.2941396e-03  -1.3579383e-04
  -8.5599125e-02   3.0222567e-03   2.6549210e-01  -5.7077778e-03  -8.0014826e-03  -5.8188500e-04
  -5.3826811e-02   1.6637936e-02   1.9029061e-01  -6.6312011e-03  -7.9769118e-03  -7.9116734e-04
  -6.3948158e-02   5.9770739e-03   3.1116837e-01  -4.3127808e-03  -8.6133027e-03  -8.2918593e-04
  -7.3117423e-02   3.2310805e-02   2.0436151e-01  -5.4488095e-03  -8.3487946e-03  -3.7343325e-05
  -9.9191410e-02   1.3208169e-02   1.6623125e-01  -4.1894928e-03  -8.2469217e-03  -3.5871403e-04
  -1.3631754e-01  -7.7219378e-04   6.0373443e-02  -5.3294348e-03  -5.5849430e-03  -1.0011952e-03
  -1.4012900e-01  -1.7339382e-03   5.0724174e-02  -6.0884704e-03  -5.5553502e-03  -1.4554918e-03
  -3.9654026e-02   1.0695943e-01   4.0341224e-02  -1.0738444e-02  -9.5316745e-03   2.7553037e-04
  -6.7251169e-02   1.0719114e-01   2.6656282e-02  -1.0588546e-02  -9.5819867e-03   8.1530736e-04
  -6.5765159e-02   9.3969256e-02  -1.0616505e-01  -1.1277932e-02  -8.4595718e-03   5.0768720e-04
  -1.0647534e-01   2.1035935e-03  -2.5243892e-02  -6.8445311e-03  -6.0600239e-03  -2.5927868e-04
  -6.0862635e-02   5.5447803e-02  -8.3007561e-02  -7.7583061e-03  -7.8398820e-03   2.8236325e-04
  -7.1449638e-02  -3.6013314e-02   4.8942980e-01  -7.6478571e-06  -7.6287507e-03   3.0084050e-04
  -7.5496272e-02  -1.8648030e-02   3.2775379e-01  -2.3818771e-03  -7.9086308e-03   1.6145552e-04
  -9.3628424e-02  -4.8555403e-02   4.4519548e-01  -3.7736829e-04  -5.9326835e-03  -2.1735017e-04
  -8.4870296e-02  -3.1459544e-02   3.3978866e-01  -1.5221806e-03  -5.9711678e-03  -5.7065812e-04
  -8.8059229e-02  -5.0638797e-02   3.3652112e-01  -1.4614167e-03  -5.0154465e-03  -7.3582833e-04
  -1.0002025e-01  -6.8894215e-03   2.2290998e-01  -3.1940632e-03  -5.4027197e-03  -8.4211353e-05
  -1.1068234e-01  -5.7667268e-02   3.4079123e-01  -5.4884521e-04  -3.7359804e-03  -6.2733618e-04
  -2.7183653e-02   8.1024567e-02   2.7981441e-01  -9.2691311e-03  -6.4801231e-03   5.6080084e-04
  -4.0552466e-02   6.4940720e-02   3.3467640e-01  -6.8069969e-03  -1.0018531e-02   9.3904479e-04
  -5.5215780e-02   5.2029856e-02   2.8053454e-01  -7.7381301e-03  -9.3785846e-03   8.6815232e-04
  -4.8305184e-02   1.6704733e-02   2.7094082e-01  -6.5426800e-03  -8.0296513e-03   5.2055389e-04
  -2.2916408e-02   4.0445410e-02   1.1938297e-01  -7.6594698e-03  -7.1822192e-03   3.0143785e-04
  -4.8430039e-02   2.1326396e-02   1.2266243e-01  -5.6750991e-03  -7.5139323e-03   1.3245167e-04
  -4.8829457e-02   9.2790684e-03   1.5417251e-01  -5.1772314e-03  -6.9543825e-03   8.0214474e-05
  -8.1051139e-02  -2.1204681e-02  -2.3113677e-02  -4.2658537e-03  -7.8972273e-03  -3.0016969e-04
  -1.1588273e-01  -7.3820957e-02   3.5140575e-01   4.3110287e-04  -3.2219044e-03   3.6067418e-04
  -1.2207605e-01  -1.9306761e-02   1.8385447e-01  -3.3090471e-03  -4.4713704e-03  -1.9083681e-04
  -1.6787938e-01  -1.6547951e-02   4.5425591e-01   1.2774542e-03  -3.0156323e-03  -5.3377017e-05
  -1.3082971e-01  -3.7653334e-03   1.3394409e-01  -2.9733722e-03  -4.4406139e-03  -3.8023437e-04
  -7.7448557e-02   5.8402146e-02   1.9702369e-01  -4.6583856e-03  -4.8307813e-03   2.5414294e-04
  -5.7390176e-02   6.5767096e-02   9.4818591e-02  -6.8966198e-03  -6.6760946e-03   4.8426272e-04
  -9.1399530e-02   3.2283782e-02   9.5027552e-02  -5.9240325e-03  -5.7955067e-03   5.7978846e-04
  -9.7740830e-02   2.9044374e-02   6.4939143e-02  -5.2421652e-03  -4.9370603e-03  -3.1889031e-04
  -9.7092886e-02   5.4335357e-02   1.5933721e-02  -6.4989931e-03  -5.3331557e-03  -2.0846645e-04
  -1.2406548e-01  -2.6261911e-02   3.9180341e-01  -1.0900798e-03  -3.2981596e-03  -1.1152825e-03
  -1.5154848e-01  -3.3521490e-02   2.4210938e-01  -1.2143176e-03  -3.8070662e-03  -9.2982231e-04
  -1.4246507e-01  -3.5020536e-02   1.9029419e-01  -2.4910333e-03  -3.4806213e-03  -1.3072812e-03
  -9.8070278e-02  -1.0523948e-02   7.3736852e-02  -4.9818788e-03  -3.6777519e-03  -1.5050174e-03
  -1.1538253e-01  -5.4581602e-02   5.1406215e-01   1.9233656e-03  -5.2585898e-03  -7.1467278e-04
  -1.1649751e-01  -5.5625890e-02   2.5392002e-01   2.5149994e-04  -5.4805115e-03  -7.2262860e-04
  -1.2008710e-01  -5.7815842e-02   2.0220935e-01  -1.2046611e-03  -4.2025835e-03  -1.1874858e-03
  -2.4357658e-02   7.3916086e-02   4.2489117e-02  -7.4665267e-03  -8.1723074e-03   2.8803928e-04
  -6.9994675e-02  -4.7453559e-02   1.3598428e+00   1.5936700e-03  -4.8530776e-03   1.6404157e-03
  -6.1824102e-02   1.5103717e-01  -2.8920567e-01  -9.6034671e-03  -1.1070029e-02   3.3232109e-03
  -3.8705053e-02   1.2830177e-01  -2.0814664e-01  -9.2288924e-03  -9.7911155e-03   2.3566739e-03
  -5.9263556e-02   8.9620234e-02  -1.6339820e-01  -1.1188304e-02  -5.8920440e-03   4.5424908e-05
  -6.7035501e-02   6.5284274e-02  -1.0840181e-01  -8.2297256e-03  -6.7135184e-03  -1.0032600e-04
  -9.9156054e-02  -8.8120269e-02   4.2815666e-01   1.4372504e-03  -6.3884319e-03  -1.0711592e-03
  -9.2945797e-02  -7.6779694e-02   2.2038628e-01  -1.3112037e-03  -5.8415649e-03  -1.4598111e-03
  -9.8024365e-02  -3.8306544e-02   1.8193596e-01  -2.7680449e-03  -5.8870478e-03  -1.5776001e-03
  -8.9339881e-02   2.2935420e-02   2.1196348e-01  -3.1182961e-03  -4.5960739e-03   1.7559294e-04
  -1.1656402e-01  -2.0667895e-02   2.8271402e-01  -9.5080014e-04  -5.3193557e-03  -5.5310226e-04
  -1.1089604e-01  -3.5214427e-02   2.8566073e-01  -2.5422785e-03  -4.8543908e-03  -4.6917104e-04
  -3.2884180e-02   7.1782521e-02   2.2923021e-01  -8.0119266e-03  -9.1519973e-03   3.4784508e-04
  -6.8192525e-02   5.9317872e-02   2.1803907e-01  -6.6483155e-03  -8.5817702e-03   3.5268363e-04
  -7.2755703e-02   1.9108947e-02   2.3400380e-01  -5.7111361e-03  -7.1963253e-03  -1.8123834e-04
  -9.4188513e-02  -1.6969498e-02   1.3779723e-01  -4.4488103e-03  -4.2618570e-03  -7.8271675e-04
  -9.4538060e-02   2.5455133e-02   1.3312580e-01  -5.4636820e-03  -5.7185692e-03  -3.7687312e-04
  -8.3786027e-02   2.1682245e-03   9.3721461e-02  -4.1879351e-03  -5.1035993e-03  -6.4745323e-04
  -6.2633490e-02   1.2163930e-02   1.3085762e-01  -4.6640931e-03  -4.9599526e-03  -9.2512324e-04
  -6.1119467e-02   1.9925078e-02   9.6786153e-02  -4.6401031e-03  -5.0092232e-03  -8.5394327e-04
  -6.2842537e-02   3.3552455e-02  -1.7964933e-02  -4.6107898e-03  -5.6372059e-03  -5.3789159e-04
  -7.4692957e-02   5.1205293e-02   5.7189747e-03  -4.7949068e-03  -5.2074218e-03  -7.9032835e-04
  -7.9138388e-02   3.8564605e-02  -2.7342587e-02  -5.0052341e-03  -4.8098728e-03  -3.4529868e-04
   3.0877566e-02   5.0800049e-02   1.3418760e-01  -6.6885499e-03  -1.3197389e-02   2.7973084e-04
  -1.3564671e-02   6.6624167e-02   6.8884162e-02  -7.2771057e-03  -1.2339328e-02   5.9272193e-04
  -1.8217406e-02   3.3225183e-02   1.3725049e-01  -6.4028959e-03  -1.0537347e-02   3.9201279e-05
  -1.8320836e-02   4.8021256e-02   7.6909340e-03  -6.9634975e-03  -9.9659228e-03  -5.6827697e-05
  -5.2130737e-02   8.0083040e-02   2.4786620e-03  -4.9781091e-03  -8.1101238e-03   2.0656677e-03
  -6.4429044e-02   3.5553280e-02   4.5760914e-02  -3.8630497e-03  -8.1867945e-03   1.4880275e-04
  -7.4466710e-02   7.5255651e-03   4.5409966e-02  -4.1712356e-03  -7.5487889e-03   1.3604389e-06
  -6.2855646e-02   4.7401854e-02   1.5931642e-02  -4.2055709e-03  -7.9622824e-03   3.9634455e-04
  -7.2698141e-02   2.0687672e-02  -1.0246903e-01  -4.5299076e-03  -5.1794418e-03  -2.9732954e-04
  -1.0485759e-01   3.8041353e-02  -3.3707863e-02  -5.9529702e-03  -5.1911206e-03  -6.3830949e-04
  -1.1042624e-01  -3.0978481e-02   4.6106578e-02  -4.0366423e-04  -3.7550029e-03  -1.2586375e-04
  -1.1399165e-01   1.8787246e-02  -4.7178475e-02  -1.9228469e-03  -4.6871780e-03  -4.9949893e-04
  -4.5372627e-02   9.0327509e-02  -1.3562881e-01  -6.5200821e-03  -8.1936743e-03   5.7658063e-04
  -5.2976392e-02   7.9174405e-02  -8.1507790e-02  -5.9542669e-03  -7.5164089e-03   4.1428282e-04
  -6.3569235e-02   7.2232013e-02  -1.1532183e-01  -6.4739324e-03  -6.9169395e-03   1.5757629e-04
  -6.4461990e-02   6.4093675e-02  -3.0036413e-01  -6.0909112e-03  -5.2537306e-03  -3.1476452e-04
  -9.1894207e-03  -2.3120354e-03  -3.5201254e-01  -5.4772397e-03  -9.2543568e-03  -5.7863905e-04
  -1.3610101e-01  -7.3482486e-02  -1.1186402e-01   3.0310642e-03  -4.3803156e-03   1.0716356e-03
  -1.0354551e-01   9.4882442e-02  -7.8141927e-01  -7.0242481e-03  -7.3514996e-03   8.3000403e-04
  -1.0597208e-01   4.0280848e-02  -6.9202734e-01  -6.2309151e-03  -4.7737806e-03  -7.7728546e-04
  -1.2037740e-01   5.0923667e-02  -6.5726945e-01  -6.6687139e-03  -4.5954994e-03  -1.3344524e-03
  -1.1507085e-01   4.1651695e-02  -6.8169398e-01  -5.9946025e-03  -4.9220734e-03  -1.3722034e-03
  -1.1806962e-01   4.2349100e-02  -6.9788318e-01  -6.6244894e-03  -4.9625435e-03  -1.2763191e-03
  -1.2728908e-01   3.4566508e-02  -6.7801641e-01  -6.1549778e-03  -4.4340608e-03  -1.3440783e-03
  -5.1181839e-02   4.1183614e-01  -5.2066110e-01  -1.8700874e-02  -7.3137724e-03   1.2303675e-03
  -1.2367394e-02   8.1452253e-02  -3.0298489e-01  -4.7050714e-03  -9.5861228e-03   5.5338354e-04
  -4.5414341e-02   7.0430728e-02  -4.3324782e-01  -7.1546917e-03  -7.9272836e-03   3.2743644e-04
  -1.2278964e-01  -3.0453993e-02  -2.3548796e-01  -4.1044274e-03  -4.7113124e-03  -7.9723572e-04
  -1.2687902e-01  -1.3584499e-02  -3.2590945e-01  -3.0885190e-03  -5.1944354e-03  -1.6825893e-03
  -1.0126203e-01  -3.2584725e-03  -1.4386843e-01  -2.1185490e-03  -4.2814719e-03  -1.4112150e-03
  -6.4504761e-02  -2.3966375e-02  -4.1478655e-01  -3.9582028e-03  -7.7899816e-03  -1.4671614e-03
  -9.6439943e-02  -9.3694654e-03  -1.2646313e-01  -1.3951694e-03  -5.4390087e-03  -1.9516797e-03
  -4.4394360e-02   6.8064650e-02  -1.8510176e-01  -4.3315481e-03  -6.9513735e-03  -8.5614886e-04
  -6.4643296e-02   7.9290628e-02  -2.9093777e-01  -5.1818486e-03  -6.6133136e-03  -8.5956753e-04
  -7.2132555e-02   6.4662377e-02  -3.4084221e-01  -5.4322104e-03  -6.2635167e-03  -9.1441923e-04
  -1.3995026e-01  -5.7049251e-04  -2.0275013e-01  -1.9079144e-03  -2.0424010e-03  -1.1769380e-03
  -1.4676017e-01   6.5032735e-03  -3.0351198e-02  -1.5469145e-03  -1.4733576e-03  -1.1331575e-03
  -7.5413306e-02   7.4161134e-02  -2.4107687e-01  -6.8104050e-03  -5.9732582e-03   3.4764441e-04
  -9.0240924e-02   1.0408222e-01  -2.5893396e-01  -7.8530924e-03  -5.9673058e-03   1.5481667e-04
  -1.0699515e-01   5.8495934e-02  -2.2069769e-01  -7.6530050e-03  -5.1307425e-03   1.7081339e-04
  -8.8434671e-02   2.3550772e-02  -2.0219322e-01  -3.5425847e-03  -5.6926047e-03  -1.1418709e-03
  -1.0674018e-01   4.3255954e-02  -2.5196136e-01  -4.7415512e-03  -5.1866636e-03  -9.9156797e-04
  -8.8533726e-02   2.3631794e-02  -2.4884307e-01  -5.0840377e-03  -4.9926532e-03  -1.0175907e-03
  -7.8975062e-02   6.4108751e-02  -3.1863135e-01  -5.3665205e-03  -5.0357934e-03  -9.5398247e-04
  -9.3871154e-02   2.6987838e-02  -3.3625385e-01  -5.6687361e-03  -3.5987498e-03  -1.7300959e-03
  -1.3594335e-01   1.6451730e-02  -3.0901540e-01  -7.2408602e-03  -1.6508071e-03  -8.3231031e-04
  -1.0048921e-01   1.7248835e-02  -2.6801861e-01  -3.6139987e-03  -4.3025154e-03  -6.1534195e-04
  -1.2568313e-01   3.2348349e-02  -3.1639288e-01  -4.0658469e-03  -3.9777255e-03  -7.3460469e-04
  -1.9939928e-02   5.4521203e-02  -4.4374207e-02  -5.6453306e-03  -7.7461164e-03   1.0592881e-04
  -6.1053980e-02   4.7610204e-02  -1.7930934e-01  -6.3433659e-03  -7.0924986e-03  -8.8777743e-05
  -6.2006988e-02   6.3718588e-02  -1.9184177e-01  -6.7531177e-03  -7.1573273e-03  -6.5422267e-07
  -5.2983127e-02   7.6729947e-02  -3.1499795e-01  -6.4607645e-03  -7.3054384e-03  -6.2649191e-05
  -6.5033333e-02   7.5420395e-02  -3.8448584e-01  -6.7969247e-03  -6.5407542e-03  -3.0427723e-04
  -6.8947364e-02   7.1185993e-02  -4.0053321e-01  -7.4555869e-03  -6.8805553e-03  -1.5410428e-04
  -8.1597631e-02   8.2168016e-02  -5.3254875e-03  -5.7157804e-03  -4.4726577e-03   3.4450392e-04
  -1.6243089e-01   2.5356984e-02  -1.4130087e-01  -4.5387878e-03   9.1029029e-04   7.2504699e-04
  -1.7044023e-01   2.0015197e-02  -1.1430571e-01  -3.1265372e-03   1.3011572e-04   2.4681120e-04
  -1.4153993e-01  -4.8248448e-02  -1.3834236e-01  -4.8445310e-03  -8.6037138e-04  -2.7124276e-04
  -1.0627269e-01  -2.1904404e-02  -1.6317299e-01  -3.0022720e-04  -3.8706210e-03  -4.1418715e-04
  -1.2516335e-01   3.8642091e-03  -1.6532879e-01  -1.9744376e-03  -3.0565695e-03  -8.9512943e-04
  -1.8281471e-02   1.0563299e-02  -1.6737721e-01  -3.2963407e-03  -8.6046107e-03  -7.6521752e-04
  -5.6980932e-02   4.4957261e-02  -2.4852865e-01  -5.2837965e-03  -7.2105377e-03  -5.1872489e-04
  -7.4351541e-02   5.1123452e-02  -3.5599667e-01  -5.6998298e-03  -6.1858494e-03  -7.3780711e-04
  -7.0861774e-02   3.6983959e-02  -2.9090042e-01  -5.0782674e-03  -5.9147252e-03  -8.0656555e-04
  -7.4312608e-02   6.9526054e-02  -3.7939751e-01  -6.5910092e-03  -5.8740195e-03  -8.5767593e-04
  -1.0112645e-01   1.1987973e-01  -3.4540500e-01  -6.6586836e-03  -5.4475151e-03   2.9095057e-04
  -1.5356054e-01   5.1676365e-02  -3.3383971e-01  -4.2859498e-03  -6.9838939e-04   1.4541593e-03
  -1.7896834e-01   1.5299759e-01  -3.8321506e-01  -5.5006907e-03  -1.9162443e-04   6.8393411e-04
  -1.3074527e-01   8.1361590e-03  -3.9986758e-01  -2.9100468e-03  -3.2192698e-03  -3.4158119e-04
  -1.2233405e-01   3.9163298e-03  -2.5029393e-01  -1.1349216e-03  -3.7119513e-03  -3.5575480e-04
  -1.0238661e-01  -2.7248715e-03  -2.8862067e-01  -2.1595966e-03  -3.8355817e-03  -1.5043381e-03
  -9.8498080e-02   1.4971269e-02  -1.7989647e-01  -4.0509333e-03  -4.1423952e-03  -1.7058616e-03
   1.1013748e-02   1.3341964e-01   1.2537040e-02  -7.3272575e-03  -9.2450641e-03   1.1807409e-03
  -5.3321194e-02   6.7883299e-02  -7.1350242e-02  -4.8725522e-03  -7.4051585e-03   5.4033664e-04
  -6.3916700e-02   5.0181114e-02  -7.8493155e-02  -3.8484478e-03  -5.7109176e-03   3.5810304e-04
  -6.4463662e-02   2.5224146e-02  -2.0754468e-01  -3.0430175e-03  -5.2218988e-03  -1.3935810e-03
  -7.3417845e-02   1.5401990e-02  -1.9590038e-01  -3.0177536e-03  -5.6883952e-03  -1.0868401e-03
  -8.4296552e-02   1.2687146e-02  -1.7246343e-01  -2.9478979e-03  -4.9625295e-03  -1.2065806e-03
  -7.3861706e-02   3.5270040e-02  -2.2195516e-01  -3.8457714e-03  -5.3999645e-03  -1.0387876e-03
  -4.7083874e-02   5.6471085e-02  -3.6615635e-01  -4.9706459e-03  -4.8162096e-03  -1.0317256e-03
  -7.2247978e-02   3.4604160e-02  -2.5517060e-01  -3.1472073e-03  -4.9591670e-03  -8.0289787e-04
  -6.5613995e-02   1.8070170e-02  -2.8241757e-01  -2.7777549e-03  -5.4922920e-03  -7.3001274e-04
  -3.1459036e-02   9.4772057e-02  -3.7343662e-01  -6.3300437e-03  -7.5787485e-03   2.1786555e-04
  -5.3726975e-02   5.1722164e-02  -2.8449168e-01  -5.1495593e-03  -7.1275486e-03   3.0120848e-04
  -6.0338181e-02   1.4663452e-02  -2.6067998e-01  -4.0537226e-03  -6.7905017e-03   5.6013047e-05
  -6.4785874e-02   5.5873784e-02  -3.5930577e-01  -3.9779253e-03  -6.7086106e-03   4.8198122e-04
  -7.0868691e-02   5.2489905e-02  -3.6327084e-01  -3.7860963e-03  -6.5223392e-03   1.4397009e-04
  -7.6562970e-02   5.9933705e-02  -3.5862765e-01  -3.5775096e-03  -5.6175877e-03  -1.1819097e-04
  -5.8483753e-02   1.1359793e-01  -8.7276985e-01  -1.8856004e-02  -8.8388444e-03   8.9817394e-04
  -9.9535561e-02   1.2980740e-01  -6.7017181e-01  -2.7908139e-03  -6.6187017e-03   2.6115097e-03
  -1.5247909e-01   2.2995536e-01  -8.0233507e-01  -9.3296009e-03  -2.2883852e-03   4.9421874e-03
  -9.6725432e-02   5.8352854e-02  -7.0579328e-01  -6.0932610e-03  -3.9079119e-03   2.3730025e-03
  -1.1416748e-01   7.2401956e-02  -6.4591734e-01  -6.1170725e-03  -3.1563538e-03   1.3144505e-03
   5.1012154e-02   2.8985189e-01  -7.2689327e-01  -1.3259811e-02  -6.8378589e-03   3.0109451e-03
  -5.8486623e-02   8.0968622e-02  -5.3984352e-01  -6.2918508e-03  -6.9515017e-03   1.2661986e-03
  -6.2336088e-02   1.0755827e-01  -5.2099686e-01  -7.3243740e-03  -6.3114723e-03   1.1629353e-03
  -7.1748675e-02   7.3863037e-02  -5.1286428e-01  -5.9699742e-03  -5.9416482e-03   9.4148367e-04
  -8.7513317e-02   9.7434439e-02  -4.9952446e-01  -6.5532578e-03  -5.0057002e-03   8.0762330e-04
  -7.8356354e-02   8.6072534e-02  -5.5832471e-01  -6.4875246e-03  -5.3545532e-03   8.0898533e-04
  -1.0285836e-01   6.7527791e-02  -5.4259083e-01  -6.3535043e-03  -3.2491268e-03   3.6124727e-04
  -1.0013508e-01   2.6410218e-02  -4.7919842e-01  -2.5960106e-03  -5.4087295e-03  -3.4643054e-04
  -9.9799799e-02   2.9605207e-02  -5.0571883e-01  -2.7603972e-03  -5.2002164e-03  -1.5544117e-04
  -9.0024720e-02   4.3225948e-02  -5.5967971e-01  -3.6545485e-03  -5.4001054e-03  -3.0730377e-04
  -9.7723359e-02   4.2226764e-02  -5.3019891e-01  -4.3507569e-03  -4.6293525e-03  -4.7443495e-04
  -1.0005660e-01   3.6593100e-02  -5.4164953e-01  -4.0366121e-03  -4.9395545e-03  -3.3461651e-04
  -7.6339628e-02   5.3719188e-02  -4.3504130e-01  -4.7600970e-03  -6.5164549e-03   2.0613407e-04
  -1.0085238e-01   1.5447272e-01  -4.9698284e-01  -7.4923854e-03  -7.3831087e-03   1.4106949e-03
   7.4424419e-02   3.4001203e-01  -1.2426048e+00  -1.7297417e-02  -2.3112471e-02   2.4569352e-03
   5.6263013e-02   4.5633004e-01  -1.1541018e+00  -1.6469372e-02  -2.0397635e-02   5.5947006e-03
   1.5045116e-02   2.3915481e-01  -1.0894992e+00  -2.4276971e-02  -1.2972092e-02   2.1418038e-03
   1.6981952e-02   3.5702164e-01   9.6881213e-03  -1.8306770e-02  -1.3614644e-02   2.2308685e-03
  -2.1134002e-01  -8.0419740e-02   1.1457703e+00  -3.3041248e-03  -5.3724658e-03   3.0124176e-03
  -1.3013906e-01   1.5861478e-01  -5.8667973e-01  -7.7672121e-03  -9.8707214e-03   4.3963316e-03
  -1.1744383e-01   7.3162798e-02  -3.1105490e-01  -5.0570142e-03  -8.1104879e-03   2.5272483e-03
  -1.2043860e-01   4.5501794e-02  -2.5403423e-01  -4.2780127e-03  -7.4325587e-03   2.1979234e-03
  -1.1491298e-01   3.3148073e-02  -1.8891052e-01  -3.6059797e-03  -7.2528823e-03   1.7113383e-03
   3.8333321e-03   3.7741345e-01  -4.0420943e-01  -1.8375898e-02  -1.3183159e-02   1.5564317e-03
  -1.4081034e-02   3.1403620e-01  -5.0081988e-01  -1.6865482e-02  -1.6795589e-02   3.1456140e-03
  -5.9926753e-02   2.1991833e-01  -4.4426149e-01  -1.3663248e-02  -1.5615470e-02   3.0693778e-03
  -6.6533882e-02   1.6385323e-01  -4.0758176e-01  -1.1632006e-02  -1.5096791e-02   2.7543379e-03
  -7.2375706e-02   1.4480395e-01  -4.0664975e-01  -1.0712238e-02  -1.3752033e-02   2.5700384e-03
  -6.2469035e-02   1.2937364e-01  -3.6781928e-01  -9.6101368e-03  -1.3517380e-02   2.5344592e-03
  -8.2646365e-02   1.3838834e-01  -3.1737647e-01  -8.4650364e-03  -1.2300474e-02   2.9295423e-03
  -5.3249458e-02   8.5664545e-02  -3.4103171e-01  -7.3317362e-03  -1.3496358e-02   2.5333305e-03
  -7.0670346e-02   1.2057254e-01  -3.9059524e-01  -8.7610028e-03  -1.1462925e-02   2.4599404e-03
  -6.2842542e-02   1.3207109e-01  -4.1261678e-01  -8.1755788e-03  -1.0067762e-02   2.6916833e-03
  -6.9020983e-02   8.9230007e-02  -2.9165802e-01  -7.1966741e-03  -1.0715532e-02   2.1057083e-03
   9.9081850e-03   2.4571772e-01  -4.0086003e-01  -1.2055010e-02  -1.5360050e-02   3.5699538e-03
  -3.4290368e-02   1.3935293e-01  -3.8321564e-01  -1.0167690e-02  -1.3721115e-02   3.1185482e-03
   9.1076953e-02   2.5303946e-01  -4.4444762e-01  -1.7126277e-02  -1.7414023e-02   1.0882016e-03
   6.4004376e-02   1.9884618e-01  -2.4572288e-01  -1.1198879e-02  -2.2662367e-02   4.0713997e-03
   4.7207509e-02   2.2405705e-01  -3.4052086e-01  -1.0441039e-02  -2.3711426e-02   4.2713510e-03
   7.1903759e-02   1.6601957e-01  -3.7254670e-01  -1.1705161e-02  -2.0722781e-02   2.5562577e-03
   2.2864522e-02   1.2135155e-01  -4.4795944e-01  -1.0539591e-02  -1.7941390e-02   2.6682249e-03
   2.2495881e-02  -4.1325313e-02  -2.6233533e-01  -5.9711525e-03  -1.6914853e-02   1.0839706e-03
  -1.5677641e-02   2.9557445e-02  -6.0098943e-02  -2.0075926e-03  -1.4424233e-02   1.6523362e-03
  -4.3693848e-02  -1.8264484e-02  -5.8901441e-02  -3.9110008e-04  -1.2487678e-02   1.2265533e-03
   4.4350841e-02   1.3705608e-01  -1.8340184e-01  -7.6211572e-03  -1.8145549e-02   3.0050109e-03
   8.6259914e-02   1.5781552e-01  -3.1106176e-01  -4.3681402e-03  -2.0128353e-02   3.3528028e-03
   3.8936616e-02   1.4952491e-01  -6.1078965e-01  -9.5619949e-03  -2.1875884e-02   4.3132475e-03
   1.0663234e-02   1.3483184e-01  -4.8028663e-01  -8.8060943e-03  -2.0179033e-02   3.9708707e-03
   4.6387055e-03   1.0388174e-01  -5.6310103e-01  -8.3400939e-03  -1.8589827e-02   3.6626675e-03
  -2.5829496e-02   9.0694351e-02  -5.3534970e-01  -4.9200191e-03  -1.3841057e-02   2.0937410e-03
  -3.1360108e-02   5.2514618e-02  -3.7903127e-01  -4.2777238e-03  -1.3455910e-02   1.6916680e-03
  -3.1330005e-02   4.9274258e-02  -3.5219947e-01  -3.8286691e-03  -1.2971246e-02   1.3444117e-03
  -2.5282856e-02   5.8773007e-02  -3.8811343e-01  -3.8852988e-03  -1.3060033e-02   1.4308640e-03
  -2.9157906e-02   9.3568866e-02  -5.1013444e-01  -6.1804814e-03  -1.1000608e-02   8.6145653e-04
  -5.1947969e-02   8.9903789e-03  -3.7229450e-01  -2.7135077e-03  -9.7549804e-03   5.4473099e-04
  -4.7726098e-02   1.5967185e-02  -3.5667738e-01  -1.8144126e-03  -1.1340415e-02   3.8636548e-04
  -5.3162449e-02   5.5779125e-03  -3.7081047e-01  -1.3590304e-03  -1.1308393e-02   8.2498916e-04
   5.9201751e-02   1.7437260e-01  -5.1291408e-01  -7.6818845e-03  -1.7090805e-02   2.3681371e-03
  -5.2079226e-03   1.4697136e-01  -4.9550152e-01  -7.0304909e-03  -1.4519503e-02   2.3623742e-03
   4.5208885e-02   2.7160342e-01  -5.7440443e-01  -1.3558234e-02  -1.6023092e-02   1.7341908e-03
   4.9636967e-02   2.3806533e-01  -4.6153770e-01  -1.0440848e-02  -1.8124407e-02   2.9404398e-03
   2.5731877e-02   2.1368542e-01  -5.0088575e-01  -1.0245046e-02  -1.6888122e-02   2.2601448e-03
  -4.2503406e-02   1.4194333e-01  -4.9252682e-01  -4.7410285e-03  -1.1792806e-02   2.7731935e-03
  -7.5568371e-02   3.9391607e-02  -3.5394295e-01  -1.0694928e-03  -8.5126707e-03   2.4153504e-03
  -7.9417640e-02   8.5888166e-02  -5.8566015e-01  -4.3539321e-03  -9.5534876e-03   2.2621756e-03
  -7.5529280e-02   7.5250781e-02  -5.8849972e-01  -4.9083723e-03  -9.4931505e-03   2.2307508e-03
  -6.4111085e-02   8.1804016e-02  -6.4315629e-01  -5.0792110e-03  -9.7304225e-03   1.9757290e-03
  -6.6717707e-02   7.6663298e-02  -6.1987052e-01  -4.9046481e-03  -8.8789934e-03   1.6239165e-03
  -1.7247860e-02   1.4166368e-01  -5.5277893e-01  -5.5559372e-03  -1.0981102e-02   2.2480465e-03
   1.2279247e-02   2.0364339e-01  -6.2997296e-01  -9.6876284e-03  -1.3605528e-02   2.2125201e-03
  -2.3351902e-02   1.4859552e-01  -5.2918924e-01  -9.1466427e-03  -1.1168934e-02   1.9200323e-03
   1.2855370e-01   2.8214244e-01  -5.3508825e-01  -1.2006282e-02  -1.9072434e-02   3.7225216e-04
   1.0528096e-01   2.8201462e-01  -5.8701638e-01  -1.0892543e-02  -1.7742973e-02   9.3633981e-04
   9.8332562e-02   2.6621800e-01  -5.8643750e-01  -1.1543353e-02  -1.6318047e-02   3.1648941e-04
   8.5746218e-02   1.8019984e-01  -5.0595030e-01  -8.7570089e-03  -1.4879876e-02   1.1935373e-04
   1.0419839e-01   2.0767200e-01  -4.5127833e-01  -7.2440591e-03  -1.5427736e-02   6.0972136e-04
   6.1990141e-02   2.1234391e-01  -5.1943266e-01  -8.2080385e-03  -1.4353910e-02   2.4597481e-04
   7.1531508e-02   2.4458946e-01  -5.6524020e-01  -9.2055452e-03  -1.3275323e-02   1.0172393e-03
   4.8812901e-02   1.7602983e-01  -5.3850529e-01  -7.5288665e-03  -1.2285708e-02  -1.0115816e-03
   2.8574649e-02   2.0757301e-01  -6.1411588e-01  -8.6143310e-03  -1.0899709e-02  -1.7440133e-03
  -1.8361643e-02   2.4166423e-01  -6.4905394e-01  -3.6845928e-03  -6.6418457e-03   8.4982963e-04
  -3.0043023e-02   2.8252516e-01  -1.3349316e+00  -1.5140613e-02  -1.1759718e-02   9.1977242e-04
  -5.8741151e-02   3.0058292e-01  -1.3217498e+00  -1.5977607e-02  -1.1901665e-02   1.4461112e-03
  -2.2007724e-03   3.6508103e-01  -1.3805012e+00  -1.7995682e-02  -1.4711342e-02   1.9860485e-03
  -4.2164324e-02   3.0656576e-01  -1.3423733e+00  -1.5686272e-02  -1.3232939e-02   2.0329537e-03
  -3.8299145e-02   2.7955346e-01  -1.2869367e+00  -1.4239426e-02  -1.2219169e-02   1.7249520e-03
  -1.7041635e-02   1.8530003e-01  -1.3180020e+00  -1.4212346e-02  -1.3610859e-02   1.6638352e-03
  -2.4384600e-02   1.4945592e-01  -8.9254257e-01  -7.7693569e-03  -9.7177891e-03   1.3372820e-04
  -4.9383607e-02   1.4473988e-01  -8.8823277e-01  -8.8866315e-03  -8.4175988e-03  -1.6722435e-04
  -6.1771446e-02   1.1709316e-01  -8.4463255e-01  -7.1272404e-03  -8.6137269e-03  -3.8042110e-04
  -4.8784252e-02   1.0014432e-01  -8.4005269e-01  -6.6915781e-03  -8.8666771e-03  -1.4067294e-04
  -5.7214020e-02   6.2375151e-02  -8.6513930e-01  -5.0108031e-03  -7.5225420e-03  -5.7998397e-04
  -4.9833912e-02   8.7495309e-02  -9.0155509e-01  -6.1412723e-03  -8.9818089e-03  -3.3960023e-04
   3.5544745e-02   2.2801814e-01  -9.7344461e-01  -1.2212854e-02  -1.4231034e-02   1.2393224e-03
   5.0612906e-03   1.9998096e-01  -9.2606866e-01  -1.1182034e-02  -1.3669741e-02   1.5389121e-03
   5.0863306e-02   3.6310522e-01  -1.2052340e+00  -1.6909051e-02  -1.8800562e-02   2.1769310e-03
   2.1806808e-02   2.7504051e-01  -1.1574431e+00  -1.3846453e-02  -1.7439559e-02   2.5612817e-03
   8.0889005e-04   2.4850341e-01  -1.1738370e+00  -1.3190879e-02  -1.5586666e-02   1.8194206e-03
   5.4489105e-02   1.7347422e-01  -7.9619843e-01  -1.2606292e-02  -1.5560029e-02   9.3260970e-04
   2.9187860e-02   1.6631773e-01  -7.9155783e-01  -9.2120346e-03  -1.4985830e-02   9.3403722e-04
   2.1522032e-02   1.5946303e-01  -7.9762992e-01  -1.0325067e-02  -1.3010402e-02   4.8655976e-04
  -8.2399680e-03   1.4857730e-01  -9.5054431e-01  -8.2682915e-03  -1.1067329e-02   3.3930688e-04
  -1.6162477e-02   1.4074854e-01  -9.2708519e-01  -6.5936397e-03  -1.0530037e-02   1.0605798e-03
  -3.0543084e-02   1.2970046e-01  -8.1301602e-01  -6.5070397e-03  -1.1253610e-02   1.3133122e-03
  -3.7136884e-02   1.1061689e-01  -8.3881270e-01  -5.8429940e-03  -1.0714167e-02   9.0154851e-04
   2.2754225e-02   1.8557814e-01  -8.8339151e-01  -9.6813066e-03  -1.4456082e-02   1.8443308e-03
  -4.4971054e-03   1.7825225e-01  -8.5476925e-01  -1.0132342e-02  -1.3620809e-02   2.2467989e-03
   5.9147815e-02   3.1345863e-01  -1.3046553e+00  -1.5176804e-02  -1.8556056e-02   1.4215406e-03
  -2.6153707e-02   2.0928756e-01  -1.0398087e+00  -9.4228585e-03  -9.4482536e-03   2.0658575e-03
  -6.6093205e-02   7.5772163e-02  -1.0038719e+00  -4.5670799e-03  -9.8191335e-03   2.3042427e-03
  -5.2727729e-02   1.2743310e-01  -1.0027425e+00  -6.2801461e-03  -1.0492741e-02   2.0787879e-03
  -5.8300038e-02   8.2071733e-02  -9.0938877e-01  -6.4641242e-03  -7.2644636e-03   4.1645035e-04
  -5.4778121e-02   9.8022149e-02  -8.9817755e-01  -5.2595265e-03  -9.4611484e-03   4.6438182e-04
  -6.4153676e-02   8.9587228e-02  -7.0561517e-01  -5.4549255e-03  -7.9137630e-03   5.6699796e-04
  -4.1784191e-02   7.1655856e-02  -6.9309461e-01  -2.4315240e-03  -8.9379985e-03   3.4115264e-04
  -5.4789485e-02   6.7185242e-02  -7.1062169e-01  -3.4750605e-03  -8.9306195e-03   3.9291435e-04
  -3.3911140e-02   8.0301356e-02  -7.2223034e-01  -4.4626601e-03  -1.0051875e-02   7.6585345e-04
  -4.2431292e-02   1.1700802e-01  -7.6300755e-01  -6.1681433e-03  -1.0073815e-02   8.4925397e-04
   7.3917687e-02   2.3407399e-01  -9.0649245e-01  -1.1646743e-02  -1.8823485e-02   2.3074381e-03
   1.4398103e-02   9.9434026e-03  -2.7905184e-01  -1.2442948e-03  -1.1084044e-02  -1.7955530e-04
  -1.5430924e-02   3.8767407e-02  -3.3017239e-01  -3.1003834e-03  -1.0248590e-02   1.7170276e-04
  -1.0268113e-02   4.9122929e-02  -4.0912179e-01  -4.0176564e-03  -1.0159341e-02   1.1081531e-04
  -1.2740472e-02   1.2879351e-02  -6.5763157e-01  -5.8357483e-03  -8.2556207e-03  -3.8144100e-04
  -7.3559657e-02   6.8845642e-02  -4.9378837e-01  -3.5800436e-03  -6.7786098e-03   6.6823642e-04
  -1.3213137e-01  -1.8036310e-01  -4.1086000e-01   1.1410241e-02  -9.3532318e-03   1.7902242e-03
  -9.2535650e-02  -1.9380498e-01   5.8322038e-02   1.7437811e-02  -1.4037607e-02   4.0524013e-03
  -1.7872829e-01  -2.6125441e-01   1.0497407e-01   1.7075008e-02  -8.8606593e-03   4.0884135e-03
  -3.8626064e-02  -2.6220830e-02  -7.0965603e-01   4.2283322e-03  -1.2315097e-02   2.0906840e-03
  -1.1478603e-01  -3.1520069e-01   1.1318962e-01   1.8839749e-02  -1.1563026e-02   1.8949062e-03
  -1.3395630e-01  -2.8570373e-01   2.0003498e-01   2.0235146e-02  -1.1505463e-02   3.8753567e-03
  -1.5592888e-01  -3.6722901e-01   1.0295421e-01   2.0719958e-02  -1.1280840e-02   4.3263293e-03
  -1.8032304e-01  -4.1764399e-01   2.1914365e-01   2.3632938e-02  -9.2755398e-03   2.6026521e-03
  -1.9505315e-02  -1.5547737e-01  -3.2014418e-01   6.3918163e-03  -1.5138757e-02   9.2479291e-04
  -9.8963988e-02  -1.8964971e-01  -3.0633354e-01   1.5162611e-02  -7.6935164e-03   1.7621023e-03
  -1.7253612e-01  -3.5518613e-01   1.4228991e-01   2.1560625e-02  -8.2444858e-03   2.2758135e-03
  -1.6689922e-01  -5.6328028e-01   2.9459705e-01   2.6282570e-02  -7.4935384e-03  -1.2703851e-04
  -8.0604689e-02  -1.6274387e-01  -3.4458028e-01   9.2864885e-03  -8.3305873e-03  -6.2427888e-04
  -1.8667330e-01  -3.3351824e-01   8.3047739e-02   1.9809813e-02  -7.1635599e-03   1.2094217e-03
   1.0007512e-02  -2.0011392e-01   6.3041375e-02   1.4635611e-02  -1.6210733e-02   2.3707542e-03
  -9.0971571e-02  -3.2002566e-01   2.4929937e-01   1.8824379e-02  -1.2998737e-02   2.8539185e-03
  -4.5518265e-02   1.6478220e-01  -2.6489294e-01   1.9850207e-03  -1.5797592e-02   3.7091248e-03
   3.6235215e-02   2.0804858e-01  -6.4820723e-01  -4.8835309e-03  -1.8890987e-02   3.1934469e-03
   2.4788406e-02   2.1111451e-01  -8.3828714e-01  -5.8319275e-03  -1.6556930e-02   2.7220007e-03
   2.1213876e-02   1.4004705e-01  -7.6026492e-01  -5.0179336e-03  -1.5834726e-02   2.5364645e-03
   2.6440555e-02   1.3005337e-01  -7.4157477e-01  -4.6246944e-03  -1.5837075e-02   2.4171446e-03
  -5.3109370e-02   1.6137827e-01  -7.9119364e-01  -1.0154938e-02  -5.9853016e-03   3.9332361e-04
  -1.2665644e-01   2.2866301e-02  -7.0823077e-01   1.7380317e-03  -8.1662531e-03   2.3764755e-03
  -9.4363024e-02   5.4976952e-02  -6.7334403e-01  -2.8367296e-04  -8.1516448e-03   2.2240629e-03
  -8.7623774e-02  -4.3245645e-03  -6.4486531e-01   8.7388381e-04  -7.2993417e-03   8.5390557e-04
  -8.3816358e-02   3.7153873e-02  -7.2097164e-01  -7.2427233e-04  -9.1650641e-03   1.2226338e-03
   9.5974120e-02   7.9869639e-02  -4.4188396e-01  -4.2949787e-03  -1.7175165e-02   3.4443828e-03
   2.0576762e-02   2.5943925e-01  -9.1011041e-01  -1.0163001e-02  -1.4490863e-02   5.0043205e-03
   2.1004940e-02   2.6501144e-01  -8.1470044e-01  -1.1695794e-02  -1.4833463e-02   3.0280015e-03
   9.7923082e-03   2.2022643e-01  -8.1175376e-01  -1.0587539e-02  -1.4070276e-02   2.8272122e-03
  -2.8810504e-03   1.3334403e-01  -7.7602099e-01  -9.1576285e-03  -1.3236212e-02   2.6885721e-03
  -1.3159265e-04   1.4952214e-01  -7.7547502e-01  -7.9256192e-03  -1.0508307e-02   1.5668617e-03
  -7.8254197e-02   1.6008942e-02  -7.9367817e-01   5.2236556e-04  -5.8052121e-03   2.1567111e-03
  -6.4710619e-02   1.4052794e-01  -1.4294094e+00  -7.6369201e-03  -8.4669343e-03   1.3982790e-03
  -1.0240859e-01   1.2410619e-01  -1.2051662e+00  -7.3165781e-03  -7.5272051e-03   1.7381306e-04
  -7.9409653e-02   8.2658000e-02  -1.2142014e+00  -5.9806649e-03  -8.8198320e-03   7.3355683e-04
  -8.8889303e-02   9.7824961e-02  -1.2456703e+00  -6.5946093e-03  -7.9204406e-03   6.2907159e-04
  -5.8831334e-02   1.2838823e-01  -1.3210255e+00  -6.7641346e-03  -9.2594302e-03   8.6318292e-04
   4.5213569e-02   1.3053069e-01  -1.1754025e+00  -8.2915668e-03  -1.4536825e-02   1.5268997e-03
   2.5575241e-02   1.8670587e-01  -1.2576553e+00  -1.1051106e-02  -1.4227363e-02   1.6129095e-03
   7.2472984e-02   2.6349016e-01  -1.1880046e+00  -1.3179494e-02  -1.6401695e-02   2.5873219e-03
   3.0985944e-02   2.4796566e-01  -1.1856406e+00  -1.0678188e-02  -1.5508788e-02   2.5813998e-03
   1.8851850e-02   1.9532383e-01  -1.1247221e+00  -9.8809283e-03  -1.4163910e-02   2.3360851e-03
   1.2052549e-02   1.9919470e-01  -1.2002483e+00  -9.4151382e-03  -1.2866326e-02   2.3971588e-03
   3.1311187e-03   1.6694265e-01  -1.1875202e+00  -8.0607577e-03  -1.1671552e-02   1.9697853e-03
   4.7426779e-02   2.5690502e-01  -1.2248032e+00  -1.0986999e-02  -1.1972420e-02   1.8471438e-03
  -3.7850498e-02   1.3692939e-01  -1.1636363e+00  -5.4966928e-03  -7.8270288e-03   2.0395160e-03
  -2.2146880e-02   1.1155846e-01  -9.9395197e-01  -2.7367335e-03  -6.6161371e-03   2.0765770e-03
  -6.9739833e-02   2.4680705e-02  -9.6277918e-01   1.9761654e-03  -7.0667855e-03   3.4317772e-03
   9.1808856e-02   2.4715734e-01  -1.1267319e+00  -1.0484179e-02  -1.9419099e-02   3.6392640e-03
   1.0384245e-01   2.3810743e-01  -1.0065394e+00  -9.7222171e-03  -1.5708557e-02   3.9494972e-03
   5.6891677e-02   3.0371169e-01  -1.1435424e+00  -1.1502125e-02  -1.4206513e-02   5.6588672e-03
   1.5201873e-02   2.5068809e-01  -1.2492080e+00  -1.2061548e-02  -1.4506787e-02   5.0278635e-03
   3.3221148e-02   2.2308247e-01  -1.2438285e+00  -9.9263080e-03  -1.5756716e-02   4.3231567e-03
  -6.1151657e-02   5.3823103e-02  -9.0649233e-01  -9.2181439e-04  -8.2138263e-03   2.8061203e-03
  -8.3974876e-02   5.9544770e-02  -9.2221709e-01  -2.2544842e-03  -6.5535960e-03   1.5297884e-03
  -1.1878022e-01  -2.5964587e-02  -8.6737460e-01  -5.4291035e-04  -4.9263205e-03   6.4485685e-04
  -1.0704867e-01  -2.9444565e-02  -8.8394943e-01   2.1821282e-04  -3.3802966e-03   1.1120873e-03
  -1.3577378e-01   2.5391628e-02  -9.1763005e-01   1.0221034e-04  -4.4983335e-03   1.5191959e-03
  -1.1796538e-01   9.4480662e-03  -9.0183572e-01  -9.4919193e-05  -4.5975081e-03   1.4603900e-03
  -7.0910202e-02   4.0494683e-03  -9.7781412e-01  -5.5136437e-03  -6.9558312e-03   1.4321005e-03
   7.2735722e-02   2.6263946e-01  -7.6386009e-01  -1.0679585e-02  -1.3473837e-02   6.8798278e-03
   2.9435798e-02   1.6262018e-01  -8.7182129e-01  -7.1254626e-03  -1.2999818e-02   3.5759570e-03
   9.6973473e-03   1.2072396e-01  -6.8851909e-01  -3.7870783e-03  -1.3315845e-02   3.1589694e-03
  -8.5229817e-03   7.3383874e-02  -6.6902063e-01  -2.3368042e-03  -1.2147097e-02   3.1329540e-03
   1.2129174e-02   9.4940128e-02  -8.8385318e-01  -4.3574711e-03  -1.1713114e-02   2.9269529e-03
  -3.1589042e-03   6.2272173e-02  -7.7843477e-01  -2.5915960e-03  -1.1045626e-02   2.2438515e-03
  -1.5343783e-02   7.5445918e-02  -7.1364175e-01  -1.1294367e-03  -1.1227881e-02   2.5585735e-03
  -2.3227749e-02   4.8165825e-02  -6.7966800e-01  -1.0548861e-03  -1.0473121e-02   2.3240811e-03
  -2.7861714e-02   6.3050842e-02  -7.2762422e-01  -2.3699150e-03  -1.0247805e-02   2.1396596e-03
  -3.2809051e-02   5.3364436e-02  -6.8986475e-01  -1.5088335e-03  -9.1961875e-03   2.0357483e-03
  -7.2959761e-03   1.1367157e-02  -7.5980437e-01  -2.1501105e-03  -1.0234235e-02   5.9280161e-04
  -2.9518316e-02   7.2149715e-02  -8.0690317e-01  -1.5824950e-03  -9.5859273e-03   1.5225472e-03
   4.0422163e-02   2.5813588e-01  -9.4482461e-01  -9.0300494e-03  -1.2745271e-02   4.1020556e-03
  -5.6600806e-03   1.6128790e-01  -8.6939152e-01  -6.7547380e-03  -1.1453853e-02   3.3993984e-03
  -3.8852003e-02   1.5897816e-01  -8.4447125e-01  -8.4005452e-03  -9.6656126e-03   2.2300212e-03
  -8.2855502e-02   2.1923131e-03  -9.1895467e-01  -1.7801927e-03  -5.4077936e-03   2.0983748e-03
  -1.3436629e-01  -1.1381897e-01  -1.5066873e-01   6.0900433e-03   1.2174917e-03   2.2164336e-03
  -1.3570899e-01  -3.6042173e-01   1.2083582e+00  -1.0855251e-02   8.6382338e-04   4.1857074e-03
  -2.8716069e-01  -5.6607108e-01   1.9715768e+00   1.0534272e-02   6.6563606e-04   9.1983807e-03
  -1.9560118e-01  -1.3873200e-01   3.4657586e-01   1.0683678e-02  -2.1822517e-03   4.9088262e-03
  -1.2978876e-01   1.9176703e-01  -9.4856817e-01  -1.1249485e-02  -4.8124710e-04   3.7881881e-03
  -1.1477504e-01   7.6436508e-02  -8.3069246e-01  -7.8357989e-03  -6.8076109e-04   3.5070417e-03
  -1.0833713e-01   2.9206867e-02  -7.8170425e-01  -6.9289648e-03  -8.1573897e-04   2.6821372e-03
  -1.1834817e-01   6.5371894e-02  -8.0491110e-01  -8.5901868e-03   1.3614388e-04   2.2401883e-03
  -7.8449194e-03  -1.4025433e-01  -4.3414417e-01   1.4164742e-03  -7.6522314e-03   3.6269492e-04
  -3.8797351e-02   1.6584065e-01  -9.7005584e-01  -1.1875578e-02  -7.3596959e-03   6.2921035e-04
  -4.7080364e-02   1.0623588e-01  -8.6152976e-01  -1.0774544e-02  -6.4376044e-03   1.0761505e-03
   7.2338615e-03   2.6925265e-01  -1.0123639e+00  -1.6668422e-02  -1.2070988e-02   2.6302400e-03
  -7.0630080e-03   2.0661149e-01  -9.8443004e-01  -1.2634370e-02  -1.1448407e-02   3.4784380e-03
  -2.2592989e-02   9.4404353e-02  -9.3496108e-01  -7.9293087e-03  -1.0629920e-02   3.1052632e-03
  -1.8339997e-02   1.3160341e-01  -9.3336684e-01  -7.6639747e-03  -1.1163545e-02   3.1033224e-03
   5.1023712e-03   5.3283639e-02  -8.7680704e-01  -6.7675294e-03  -1.1814001e-02   2.9286820e-03
   4.3367154e-02   2.0260880e-03  -1.0273043e+00  -2.4503678e-03  -1.2796869e-02   1.7090563e-03
   1.2759709e-05   8.9951140e-02  -9.6315135e-01  -2.8782174e-03  -1.0465613e-02   2.2246608e-03
  -2.8883694e-02  -9.3331123e-02  -1.1272428e+00  -6.8599912e-03  -7.0495945e-03   3.1641324e-04
  -4.2865142e-02  -1.2243541e-02  -9.5272541e-01  -1.1189733e-05  -6.1075183e-03   2.5481181e-04
  -1.2884879e-01  -4.7765755e-02  -7.4403250e-01  -3.7619084e-03   5.4319551e-04  -2.4286969e-03
   3.1296501e-02   1.1798694e-01  -1.1456892e+00  -5.7682950e-03  -1.0658864e-02   3.0193363e-03
   2.5786005e-02   1.2472997e-01  -1.0713852e+00  -8.1307576e-03  -1.0417893e-02   2.8967827e-03
   6.6509059e-02   2.3238441e-01  -1.1176238e+00  -1.1484073e-02  -1.4143250e-02   3.0814243e-03
   1.5492964e-02   1.5499886e-01  -1.0720100e+00  -9.3678889e-03  -1.0891305e-02   2.3447563e-03
   1.4301598e-02   7.5979801e-02  -1.1580016e+00  -5.1084445e-03  -1.1143824e-02   2.9650663e-03
  -9.7200469e-03   6.0799932e-02  -1.1261495e+00  -2.9623154e-03  -9.4715471e-03   2.7588197e-03
  -2.9684418e-03   1.1572902e-01  -1.1373731e+00  -3.7827172e-03  -9.7725312e-03   2.6554133e-03
   7.8007268e-04   1.2539408e-01  -1.1902549e+00  -5.2938614e-03  -1.0400642e-02   2.5224303e-03
  -4.2590665e-02   2.2532791e-02  -1.1329028e+00  -2.7292386e-03  -6.7598545e-03   2.7385300e-03
  -3.9021780e-02   1.4446114e-01  -1.2256217e+00  -5.6316414e-03  -8.3836077e-03   2.9731857e-03
  -7.4083904e-02   1.3770444e-01  -1.3839763e+00   3.0274499e-03  -8.2095837e-03   3.3333207e-03
  -2.6672405e-02   2.5266696e-01  -2.1578579e+00  -1.0399877e-02  -1.2635364e-02   3.7532549e-03
  -2.8188404e-02   2.7684484e-01  -2.1068890e+00  -1.1978382e-02  -1.2265960e-02   3.6940070e-03
  -6.3570136e-02   3.2485861e-01  -2.0976205e+00  -1.2983531e-02  -1.0164394e-02   4.1640834e-03
  -2.5683739e-02   2.8786154e-01  -2.2700997e+00  -1.3229944e-02  -1.0603646e-02   2.6990109e-03
  -6.0525352e-02   2.5729943e-01  -2.1934269e+00  -1.1554528e-02  -1.0304772e-02   3.1107033e-03
  -6.6284087e-02   2.4414652e-01  -2.1860371e+00  -1.1260977e-02  -1.0492751e-02   3.0416626e-03
  -3.7985583e-02   2.2661188e-01  -2.1159557e+00  -1.0421721e-02  -1.0388378e-02   2.6888458e-03
  -4.7984241e-02   2.4983926e-01  -2.1544417e+00  -1.0881382e-02  -1.0258826e-02   3.1080274e-03
  -5.8231030e-02   2.4905005e-01  -2.1953636e+00  -1.1480264e-02  -1.0582596e-02   2.9823752e-03
  -5.6220369e-02   2.4951420e-01  -2.1776660e+00  -1.1648448e-02  -1.0730516e-02   2.9225336e-03
  -7.0731235e-02   2.1685325e-01  -2.1148228e+00  -1.0579405e-02  -1.0031083e-02   2.7780134e-03
  -5.0502395e-02   2.4931287e-01  -2.1686446e+00  -1.1144108e-02  -1.0772713e-02   2.8514457e-03
  -5.0877605e-02   2.4441990e-01  -2.2047116e+00  -1.2249686e-02  -1.1543725e-02   2.8967162e-03
   1.2318668e-01   3.3929340e-01  -2.0215007e+00  -1.6695307e-02  -2.1526111e-02   3.8409990e-03
   5.6425873e-02   3.0419878e-01  -1.9180797e+00  -1.2617318e-02  -1.8332673e-02   3.6281408e-03
   4.5094051e-02   2.6762175e-01  -1.8816082e+00  -1.1507660e-02  -1.6356849e-02   3.5389842e-03
   4.5919426e-02   2.2511896e-01  -1.9560005e+00  -1.0613355e-02  -1.6513978e-02   3.1434324e-03
  -1.1596442e-03   1.9582066e-01  -1.7676598e+00  -9.2183078e-03  -1.1858420e-02   2.6806246e-03
  -2.9722706e-02   1.9579852e-01  -1.8439372e+00  -9.0674967e-03  -8.6420696e-03   1.8698163e-03
  -3.9159362e-02   1.9408067e-01  -1.8071316e+00  -8.8705354e-03  -9.8791072e-03   2.6992184e-03
  -1.7408823e-02   1.7200775e-01  -1.9009601e+00  -1.0167384e-02  -1.1311164e-02   1.7342276e-03
  -3.6063731e-02   1.4885650e-01  -1.8783843e+00  -7.7143677e-03  -9.9255373e-03   1.3804219e-03
  -5.7384869e-02   1.4432663e-01  -1.8561632e+00  -8.6220623e-03  -7.0004237e-03   7.6192189e-04
  -3.5408267e-02   1.5248857e-01  -1.9273382e+00  -1.0022641e-02  -9.0835395e-03   8.2905413e-04
  -5.4864756e-02   1.3058608e-01  -1.8720575e+00  -9.9302381e-03  -9.0556699e-03   9.0095884e-04
  -6.0277139e-02   1.3780180e-01  -1.9237951e+00  -1.0228694e-02  -9.0825608e-03   9.4373280e-04
  -5.9820860e-02   1.3452350e-01  -1.9418728e+00  -9.5152093e-03  -8.1670036e-03   1.1097106e-03
  -6.3156555e-02   1.6724303e-01  -1.9973266e+00  -1.0884293e-02  -8.6916803e-03   1.4218032e-03
  -6.7021601e-02   8.8091838e-02  -1.6048790e+00  -5.8648711e-03  -6.4591555e-03   1.5751243e-03
  -9.6320963e-02   1.6365151e-01  -1.6441902e+00  -9.0451296e-03  -4.6296267e-03   8.7222445e-04
  -8.2220658e-02   1.3439065e-01  -1.7014836e+00  -8.3048205e-03  -5.2405914e-03   5.4329547e-04
  -3.8632048e-02   1.9409923e-01  -1.7749613e+00  -1.0891444e-02  -6.5952889e-03   4.4711186e-04
  -6.2820330e-02   1.8451786e-01  -1.7703754e+00  -1.0430858e-02  -6.7621081e-03   5.4272316e-04
  -5.3262908e-02   1.6607355e-01  -1.7769327e+00  -9.4793672e-03  -7.0617863e-03   8.9669267e-04
  -1.1872179e-02   1.7472590e-01  -1.8523402e+00  -7.5497625e-03  -9.0430770e-03   1.8415750e-03
  -1.5548622e-02   2.3850748e-01  -1.9358831e+00  -1.0920606e-02  -1.0151879e-02   2.3916469e-03
  -1.9749834e-02   2.0610063e-01  -1.9364860e+00  -1.0791387e-02  -1.0043657e-02   2.3931942e-03
   7.0376045e-02   3.7965124e-01  -2.0267873e+00  -1.7402178e-02  -1.4732240e-02   3.1545543e-03
   9.0312810e-02   4.0485494e-01  -2.0227192e+00  -1.5348892e-02  -1.6470379e-02   3.7837325e-03
   2.0999352e-02   2.6957637e-01  -1.9289844e+00  -1.3114974e-02  -1.3042116e-02   2.9659930e-03
   1.4038153e-02   2.7935920e-01  -1.9477142e+00  -1.3369263e-02  -1.3594817e-02   3.2270139e-03
   2.7017468e-02   9.4083252e-02  -1.7992409e+00  -3.7837747e-03  -1.4533044e-02   2.6296443e-03
  -1.0588174e-02   1.5499429e-01  -1.7766834e+00  -7.1694517e-03  -1.0085484e-02   2.9173387e-03
  -2.9027245e-02   1.3482732e-01  -1.9118034e+00  -6.5921105e-03  -1.0265611e-02   2.8512773e-03
  -3.5359927e-02   1.4216364e-01  -1.9045779e+00  -5.3583204e-03  -9.8853058e-03   2.5015273e-03
  -4.2206752e-02   1.0872884e-01  -1.9156856e+00  -5.6054034e-03  -9.4071975e-03   2.1485237e-03
   9.3937427e-04   1.9354466e-01  -1.9968847e+00  -8.5846289e-03  -1.1718270e-02   3.3362088e-03
   8.3239096e-03   1.9470532e-01  -1.9753127e+00  -8.6700675e-03  -1.2201567e-02   4.0267539e-03
   2.6995490e-02   2.8364726e-01  -1.9490514e+00  -1.3733655e-02  -1.1973243e-02   2.2157235e-03
   5.6173904e-03   3.9253546e-01  -1.9672532e+00  -1.8142367e-02  -1.0577595e-02   5.0589159e-03
  -2.0479895e-03   2.1441716e-01  -1.8226690e+00  -8.1905995e-03  -1.2272403e-02   3.9719600e-03
  -1.7156890e-02   1.7027059e-01  -1.7999308e+00  -7.4026101e-03  -1.0858226e-02   4.2363151e-03
   1.3413761e-02   1.6015574e-01  -1.7806424e+00  -5.2744066e-03  -1.1889460e-02   3.6838832e-03
  -4.4731871e-02   8.5531660e-02  -1.8107349e+00  -1.0181916e-03  -8.9018074e-03   3.2947732e-03
   9.5209755e-03   1.8030548e-01  -2.4752490e+00  -7.7425077e-03  -1.3985709e-02   3.6688166e-03
  -2.2990228e-02   2.2364765e-01  -2.4820469e+00  -7.8927242e-03  -1.2924101e-02   3.7371908e-03
  -2.2814442e-02   2.0959891e-01  -2.4655143e+00  -8.5240291e-03  -1.2227161e-02   3.6778657e-03
   1.9257891e-02   1.5815819e-01  -2.3579616e+00  -1.2157391e-02  -1.4681448e-02   2.3733097e-03
   2.3776725e-02   2.0252516e-01  -2.1724394e+00  -6.2107223e-03  -1.2622181e-02   3.6997154e-03
  -1.3851394e-02   2.4890483e-01  -2.1318887e+00  -9.1049705e-03  -1.1744832e-02   4.4343999e-03
  -4.1581107e-03   1.8796890e-01  -2.1087411e+00  -8.9018010e-03  -1.1648858e-02   3.8930890e-03
   5.7080681e-03   2.0021542e-01  -2.1049880e+00  -8.1923426e-03  -1.1513849e-02   3.7522210e-03
  -2.0871451e-03   2.0363215e-01  -2.1029181e+00  -8.3930104e-03  -1.0897402e-02   3.3365713e-03
  -1.3825076e-03   1.7337268e-01  -2.0246206e+00  -7.0994609e-03  -1.0748483e-02   3.2358012e-03
  -1.9353094e-02   1.9774422e-01  -2.0501627e+00  -8.1825239e-03  -1.0246071e-02   3.3570516e-03
  -2.7923877e-02   1.6195264e-01  -2.0550589e+00  -6.8217713e-03  -9.6981850e-03   2.9704790e-03
  -2.1275801e-02   1.6740845e-01  -2.0384680e+00  -6.9033697e-03  -9.1861667e-03   2.9253013e-03
  -3.1076117e-02   1.5795047e-01  -2.0454013e+00  -6.4758095e-03  -9.2991535e-03   3.1373616e-03
  -5.8448432e-02   1.2805370e-01  -2.0067613e+00  -5.3028362e-03  -5.6933555e-03   2.2875384e-03
   5.1614287e-02   3.5926717e-01  -2.0224989e+00  -1.3595048e-02  -1.2746705e-02   2.9026459e-03
   6.9692708e-03   2.5623840e-01  -2.0019268e+00  -1.0918738e-02  -1.2298645e-02   3.2087908e-03
   8.2621774e-03   2.3809599e-01  -1.9714563e+00  -1.0472903e-02  -1.2222815e-02   2.9676024e-03
   9.4016042e-03   2.7856200e-01  -2.0933570e+00  -1.1599020e-02  -1.1677926e-02   3.1660069e-03
  -5.4460708e-03   2.2121258e-01  -2.0324363e+00  -9.5193646e-03  -1.0514678e-02   2.8453584e-03
  -1.2895982e-02   2.1940771e-01  -2.0793588e+00  -9.1661322e-03  -9.3949675e-03   2.6054480e-03
  -6.4607161e-03   2.4346561e-01  -2.1089140e+00  -9.6902917e-03  -1.0231893e-02   2.8071329e-03
  -1.1738524e-02   2.3595596e-01  -2.0749679e+00  -9.5662442e-03  -9.6107161e-03   2.6273886e-03
  -3.3602993e-03   2.3743163e-01  -2.0950467e+00  -1.0062059e-02  -9.4352654e-03   2.4493523e-03
  -9.8174391e-03   2.3327761e-01  -2.1470967e+00  -1.0242694e-02  -9.5356349e-03   2.5814425e-03
  -5.4667418e-02   1.8380117e-01  -2.1097184e+00  -7.6926102e-03  -7.7238510e-03   2.1960485e-03
   4.1482858e-02   2.7040914e-01  -2.2180335e+00  -1.2904533e-02  -1.3467255e-02   3.0376226e-03
   8.2281119e-02   1.3185388e-01  -1.6087064e+00  -4.9353547e-03  -1.5531811e-02   3.4353548e-03
   9.7858160e-02   3.6064493e-01  -1.9069851e+00  -1.4525696e-02  -1.6559682e-02   3.1643358e-03
   5.6409473e-02   2.4789201e-01  -1.9131465e+00  -1.0811323e-02  -1.4491894e-02   2.8644515e-03
   4.1690285e-02   2.2246946e-01  -1.8295225e+00  -1.2317392e-02  -1.2123291e-02   3.5831514e-03
  -4.3081276e-02   1.4421484e-01  -1.9367905e+00  -4.7271940e-03  -6.7516705e-03   2.9000871e-03
  -5.1347261e-02   1.1793887e-01  -1.8474989e+00  -4.2536336e-03  -7.4652718e-03   2.5352597e-03
  -4.3233630e-02   1.0560448e-01  -1.8432402e+00  -4.3609495e-03  -6.9079051e-03   1.4983565e-03
  -5.3240768e-02   1.2709463e-01  -1.8932739e+00  -5.3150286e-03  -7.0797952e-03   1.7070232e-03
  -5.9215461e-02   1.0180664e-01  -1.8692754e+00  -4.3736077e-03  -5.8953665e-03   1.4529091e-03
  -4.7150368e-02   8.1714894e-02  -1.7854637e+00  -1.7271967e-03  -6.5054364e-03   2.0266683e-03
   7.4250193e-02   3.0129365e-01  -1.9988831e+00  -9.4010260e-03  -1.4649662e-02   4.1730154e-03
   1.9153114e-02   2.3602239e-01  -1.9199948e+00  -7.2913179e-03  -1.1672568e-02   3.8693785e-03
   8.1671360e-02   3.7308139e-01  -2.0461850e+00  -1.3736088e-02  -1.3776362e-02   3.3583383e-03
   2.3183456e-02   2.6364383e-01  -1.9919958e+00  -9.5725016e-03  -1.1872966e-02   3.0403175e-03
   7.2932409e-03   2.8640002e-01  -1.9989562e+00  -1.0050671e-02  -1.1200523e-02   3.3699753e-03
   8.7337306e-04   2.3606987e-01  -1.9909675e+00  -8.7860615e-03  -1.0842162e-02   3.1655602e-03
  -7.8631686e-03   2.3253887e-01  -1.9883329e+00  -8.0675138e-03  -9.5883946e-03   2.8982649e-03
  -2.0929403e-02   9.2244074e-02  -1.7607920e+00  -3.3118473e-03  -7.9153942e-03   2.8431016e-03
  -4.4503649e-02   1.5598760e-01  -1.8894775e+00  -5.3276414e-03  -6.8442562e-03   2.7818505e-03
  -5.3566090e-02   1.2998085e-01  -1.8753698e+00  -5.9739514e-03  -5.8326241e-03   2.5361529e-03
  -3.7127761e-02   1.3187028e-01  -1.8776571e+00  -4.9999154e-03  -6.9772345e-03   2.3405613e-03
  -4.4526590e-02   1.6262074e-01  -1.7977485e+00  -3.9992109e-03  -7.0580316e-03   2.3983039e-03
   9.6140539e-03   2.2853493e-01  -1.8980065e+00  -7.4036066e-03  -1.0162966e-02   3.3904629e-03
  -8.7684560e-03   2.3475375e-01  -1.8951889e+00  -8.2145849e-03  -1.0437089e-02   3.6861279e-03
   4.8343478e-02   3.3735973e-01  -2.0440534e+00  -1.3674602e-02  -1.1864722e-02   3.6227754e-03
   3.0973039e-03   2.7879019e-01  -1.9551817e+00  -1.0418138e-02  -1.0941112e-02   3.4841897e-03
  -3.7468486e-03   2.5684889e-01  -1.9071164e+00  -9.9110347e-03  -9.9807759e-03   3.2329606e-03
  -4.4480280e-04   2.5378374e-01  -1.9431239e+00  -9.5704755e-03  -1.0048613e-02   3.0208947e-03
   2.4443904e-02   2.1241380e-01  -2.0200208e+00  -8.7531049e-03  -1.2764536e-02   2.7876818e-03
   3.2197649e-02   2.2454252e-01  -2.1421411e+00  -9.8739095e-03  -1.0441271e-02   2.2176318e-03
  -3.0333512e-03   2.3207724e-01  -2.0519299e+00  -9.2146791e-03  -8.8022703e-03   2.3298528e-03
   5.8165697e-02   1.7075446e-01  -1.9268628e+00  -1.8132725e-02  -9.9609499e-03   9.6815945e-04
  -3.7462932e-02  -2.9282089e-02  -1.3091896e+00  -3.1585131e-03  -5.4664785e-03   6.9672084e-04
  -1.1931188e-01   1.5755788e-01  -1.6008972e+00  -4.9145750e-03  -9.0488979e-03   4.6667701e-03
   2.2862749e-02   5.5697692e-01  -2.3721302e+00  -1.7249390e-02  -1.5622818e-02   7.4299328e-03
   4.6184004e-02   5.8560844e-01  -2.6764504e+00  -2.4345219e-02  -1.4712030e-02   3.7542874e-03
   2.8322352e-02   4.7659085e-01  -2.4841379e+00  -2.0798472e-02  -1.4477901e-02   4.9978567e-03
   1.9522684e-02   4.2132268e-01  -2.4191847e+00  -1.9174459e-02  -1.2455890e-02   3.3583835e-03
   9.3389560e-03   3.6574304e-01  -2.3106888e+00  -1.7325318e-02  -1.1192513e-02   3.3884637e-03
  -1.2672394e-02   3.5506937e-01  -2.2518238e+00  -1.5500882e-02  -1.0723518e-02   3.3938014e-03
  -3.7256533e-03   3.4396556e-01  -2.3395959e+00  -1.5924102e-02  -9.3983495e-03   2.3162160e-03
   4.6370088e-03   3.4023547e-01  -2.2708393e+00  -1.5228968e-02  -9.9886245e-03   3.5635177e-03
  -2.0281251e-02   3.4737091e-01  -2.1934671e+00  -1.5340866e-02  -9.8146676e-03   2.4421437e-03
  -1.4546994e-02   2.9254861e-01  -2.2236748e+00  -9.5452756e-03  -9.5192907e-03   3.0552063e-03
   1.3708390e-02   2.7741775e-01  -2.4954936e+00  -1.2897010e-02  -1.0103120e-02   2.6871196e-03
   7.8027716e-02   4.6947082e-01  -2.5462434e+00  -2.0076171e-02  -1.3780029e-02   2.6315946e-03
   6.4549816e-02   3.4868680e-01  -2.3734062e+00  -1.6126387e-02  -1.4304999e-02   2.6558477e-03
   9.5009058e-02   4.9076993e-01  -2.4929541e+00  -2.0334989e-02  -1.5527143e-02   2.7688557e-03
   5.0204726e-02   3.5345058e-01  -2.4115208e+00  -1.6873415e-02  -1.3027556e-02   2.2694870e-03
   5.7654912e-02   3.7681816e-01  -2.4329433e+00  -1.7627549e-02  -1.2583712e-02   2.0229986e-03
   2.3181212e-02   3.3386101e-01  -2.4457189e+00  -1.5455245e-02  -1.0558979e-02   1.8400851e-03
   2.1940345e-02   2.8280590e-01  -2.4494304e+00  -1.4659677e-02  -9.3338440e-03   1.7681602e-03
   1.5689995e-02   2.9444156e-01  -2.3697811e+00  -1.3772024e-02  -1.0055672e-02   1.9689195e-03
  -6.9488856e-03   2.4191317e-01  -2.2529496e+00  -1.0932227e-02  -7.2650106e-03   1.1475973e-03
   1.3690778e-02   3.3582759e-01  -2.3738569e+00  -1.2312069e-02  -7.9137882e-03   2.3277584e-03
  -5.8286363e-02   2.2162887e-01  -2.3475828e+00  -1.1312256e-02  -5.3450335e-03   1.3519468e-03
  -5.9221656e-02   3.2002791e-01  -2.3519601e+00  -1.2576833e-02  -4.7228404e-03   2.8628794e-03
  -6.3227549e-03   2.2288609e-01  -2.3323741e+00  -9.4691119e-03  -7.6532881e-03   2.0606424e-03
   2.8161548e-02   3.1129238e-01  -2.3486730e+00  -1.4270630e-02  -1.0235054e-02   2.6297831e-03
  -2.4387439e-02   2.8423764e-01  -2.2538688e+00  -1.4978225e-02  -4.9809240e-03   4.5912848e-03
   2.9251738e-02   1.6850345e-01  -2.2557762e+00  -7.0805027e-03  -9.9665372e-03   2.9934442e-03
   1.4774050e-02   1.6904141e-01  -2.2629186e+00  -7.2011593e-03  -9.5109997e-03   2.8399099e-03
   2.5562407e-02   1.7141722e-01  -2.3449039e+00  -6.4652443e-03  -8.9147688e-03   2.2392694e-03
   7.1752006e-03   1.5605514e-01  -2.2657951e+00  -6.3982612e-03  -9.5028365e-03   2.0424156e-03
   1.2100239e-02   1.3734646e-01  -2.1168025e+00  -5.3343208e-03  -9.4922829e-03   1.9028202e-03
  -1.3739992e-02   1.4576457e-01  -2.1363157e+00  -6.3944398e-03  -8.4770108e-03   1.4691037e-03
  -1.9059918e-02   1.2639186e-01  -2.1580558e+00  -7.0585260e-03  -7.9097993e-03   1.2106973e-03
   4.3042170e-02   2.3799174e-01  -2.1157374e+00  -9.7279271e-03  -9.3030767e-03   2.0250378e-03
  -8.6998158e-03   1.3400061e-01  -2.1094928e+00  -7.1022199e-03  -8.0835801e-03   9.9407847e-04
   4.6286016e-02   9.4616283e-02  -2.1969377e+00  -5.0347497e-03  -1.0386591e-02   1.4712477e-03
   4.3412031e-02   1.4291253e-01  -2.2080947e+00  -6.2068934e-03  -1.1524000e-02   1.9637966e-03
   2.4882048e-02   1.2266996e-01  -2.3008454e+00  -6.3141046e-03  -1.0051648e-02   1.7086125e-03
   1.9242334e-02   1.3698264e-01  -2.2598529e+00  -7.7363031e-03  -9.9619192e-03   2.0755047e-03
   6.9834561e-02   2.9476970e-01  -2.4332104e+00  -1.1038740e-02  -1.1540421e-02   3.5786617e-03
  -6.9450293e-03   2.2366106e-01  -2.3532452e+00  -9.1541226e-03  -8.8368949e-03   2.9901052e-03
   7.1124226e-04   1.7174494e-01  -2.3072200e+00  -7.2919292e-03  -8.5178167e-03   2.3471494e-03
   1.2733596e-02   1.9563024e-01  -2.3432406e+00  -7.8796938e-03  -8.2334628e-03   2.4058191e-03
  -2.7934387e-03   2.4637607e-01  -2.4829736e+00  -9.4352624e-03  -7.9927481e-03   2.5711778e-03
  -3.9501576e-02   1.4024589e-01  -2.2795310e+00  -6.9861892e-03  -4.9081549e-03   7.3590765e-04
  -3.2018400e-02   1.3020456e-01  -2.2368990e+00  -5.1678643e-03  -6.8596150e-03   8.9426715e-04
  -3.1257119e-02   1.2278936e-01  -2.2437087e+00  -4.5403028e-03  -6.5454529e-03   9.0187284e-04
  -2.0343431e-02   1.5564686e-01  -2.3853045e+00  -9.1289592e-03  -8.2780704e-03   1.4415476e-03
   7.6200121e-02   1.7158945e-01  -2.2833049e+00  -7.5393893e-03  -1.4440945e-02   2.9113386e-03
   1.5126304e-01   5.1264684e-01  -2.2678340e+00  -1.9732090e-02  -1.9478817e-02   5.7049961e-03
   1.0324488e-01   4.0585773e-01  -2.2334428e+00  -1.6008833e-02  -1.5131235e-02   2.2669486e-03
   2.4554689e-02   3.9380050e-01  -2.2362705e+00  -1.5063014e-02  -9.5753199e-03   3.9800801e-03
  -1.8862361e-02   1.8432261e-01  -2.3609324e+00  -8.3477519e-03  -7.1527558e-03   3.1482996e-03
  -1.0262864e-02   1.8951052e-01  -2.3216758e+00  -6.8850411e-03  -8.1180845e-03   2.8223041e-03
   3.5211149e-02   1.3685684e-01  -2.2976362e+00  -6.7953272e-03  -8.6405322e-03   1.5259601e-03
  -3.1957896e-02   1.9509145e-01  -2.2895930e+00  -6.5135369e-03  -4.9129565e-03   2.1150546e-03
  -5.1250556e-02   1.7763535e-01  -2.3738544e+00  -7.1398049e-03  -4.2656917e-03   1.7840114e-03
  -3.7357994e-02   1.5691703e-01  -2.3889102e+00  -7.0698968e-03  -4.9984792e-03   1.5895133e-03
  -3.5522533e-02   1.4242692e-01  -2.2177303e+00  -5.0200545e-03  -4.6262329e-03   1.5190328e-03
  -5.5575314e-02   1.2437303e-01  -2.3149295e+00  -3.9055223e-03  -1.9975418e-03   1.4152644e-03
   5.0875271e-02   2.3823657e-01  -2.5220675e+00  -1.7343239e-02  -9.6018646e-03   2.9390691e-03
   1.1276520e-01   4.0238401e-01  -2.2832658e+00  -1.3172751e-02  -8.1247708e-03  -2.9933760e-04
   8.4232547e-02   3.4370060e-01  -2.2798886e+00  -1.3955792e-02  -1.2851909e-02   3.9583780e-03
   4.4973298e-02   2.8669783e-01  -2.2003137e+00  -1.2453687e-02  -1.1180837e-02   3.4553724e-03
   3.5072064e-02   2.4152602e-01  -2.1525089e+00  -1.0530076e-02  -1.0096975e-02   3.3521372e-03
   4.6325365e-02   1.6567445e-01  -2.2001079e+00  -8.1652117e-03  -9.3296349e-03   2.3664039e-03
   3.8404083e-02   2.3625136e-01  -2.2309821e+00  -7.8321868e-03  -1.0105975e-02   3.0192380e-03
   2.7430720e-02   1.9704900e-01  -2.1938828e+00  -7.0859026e-03  -9.4189390e-03   2.9083611e-03
   1.6847446e-02   2.0932176e-01  -2.1959318e+00  -7.3096959e-03  -9.1311079e-03   2.7878201e-03
  -7.3286514e-03   1.9397445e-01  -2.2387977e+00  -7.3447705e-03  -6.7786851e-03   3.1991859e-03
  -1.7678283e-02   1.9474933e-01  -2.2494101e+00  -7.5549992e-03  -7.7675152e-03   3.2385260e-03
  -2.1546754e-02   1.7027784e-01  -2.2213909e+00  -6.8119873e-03  -7.4397804e-03   3.0444704e-03
   8.1435903e-02   3.1063728e-01  -2.2879162e+00  -1.1264421e-02  -1.3463575e-02   3.9654598e-03
   3.7165787e-02   2.7148814e-01  -2.1355320e+00  -9.9838932e-03  -1.1807661e-02   3.9259291e-03
   1.3960163e-01   4.0409528e-01  -2.2444716e+00  -1.5347085e-02  -1.5342020e-02   3.0766880e-03
   6.3170621e-02   3.0917678e-01  -2.1926093e+00  -1.1427798e-02  -1.3579606e-02   3.8065533e-03
   5.3001717e-02   2.9016532e-01  -2.2064848e+00  -1.1573647e-02  -1.2335955e-02   4.0445958e-03
   4.2566369e-02   2.8518132e-01  -2.3466260e+00  -1.2292323e-02  -9.0773554e-03   2.5126498e-03
   2.1982725e-02   2.8209189e-01  -2.3106351e+00  -1.0597605e-02  -8.9823292e-03   2.9348684e-03
  -5.0225809e-03   1.9543781e-01  -2.2764602e+00  -8.4536747e-03  -4.8276956e-03   2.9671580e-03
  -4.0196472e-02   1.6765724e-01  -2.4441641e+00  -6.5914557e-03  -4.7008246e-03   2.3973547e-03
  -6.6704081e-03   7.3920976e-02  -2.3527612e+00  -5.4345168e-03  -5.0590399e-03   1.4230443e-03
  -1.5186445e-02   1.4424612e-02  -2.2985904e+00  -2.1471094e-03  -3.6501568e-03   1.4130277e-03
  -7.7770339e-03   6.7531313e-02  -2.2146927e+00  -4.9911181e-03  -8.6836572e-03   2.5642330e-03
   3.9093933e-02   1.4083635e-01  -2.0756686e+00  -5.0995188e-03  -9.6184903e-03   2.9994295e-03
   5.5246146e-02   3.3758210e-01  -2.3368369e+00  -1.3867776e-02  -1.1004208e-02   4.1339631e-03
   5.0430861e-02   2.8055103e-01  -2.2789880e+00  -1.1391107e-02  -1.0978942e-02   3.4723006e-03
   3.5499189e-02   2.4226505e-01  -2.2482184e+00  -9.4330007e-03  -1.0103116e-02   3.3870167e-03
   3.2028523e-02   2.4877764e-01  -2.2500071e+00  -9.9313504e-03  -9.7425377e-03   3.3231331e-03
   2.6194196e-02   2.3925426e-01  -2.2896595e+00  -9.9145711e-03  -9.0570491e-03   2.9658381e-03
   2.9687249e-02   2.3035999e-01  -2.3277494e+00  -9.6882401e-03  -9.5284555e-03   2.7836067e-03
  -1.2543423e-02   1.0116371e-01  -2.2248319e+00  -2.4753847e-03  -8.3543038e-03   2.9637119e-03
  -4.0929735e-03   1.7805742e-01  -2.7121295e+00  -8.0168210e-03  -8.4765253e-03   2.2036869e-03
  -5.2094430e-03   1.8047580e-01  -2.6545312e+00  -7.4064179e-03  -8.1391012e-03   1.9962481e-03
   3.6344390e-03   1.5751318e-01  -2.6424477e+00  -6.1071639e-03  -7.9815306e-03   1.7040444e-03
   6.1960586e-02   2.1148936e-01  -2.7577139e+00  -8.0791295e-03  -1.1048068e-02   2.0332237e-03
   8.4429878e-02   3.5874322e-01  -2.8434448e+00  -1.3667519e-02  -1.3551878e-02   3.2017939e-03
   9.5303672e-02   4.3665811e-01  -2.8797342e+00  -1.8075782e-02  -1.4411513e-02   2.9227656e-03
   7.0099251e-02   3.1972523e-01  -2.7789635e+00  -1.3764802e-02  -1.3031512e-02   2.3869089e-03
   4.4185113e-02   2.9304110e-01  -2.7152735e+00  -1.1944991e-02  -1.1332823e-02   1.9261736e-03
   4.1862920e-02   2.7030496e-01  -2.7279784e+00  -1.1838926e-02  -1.0008634e-02   1.7142370e-03
   4.6789026e-02   2.0643426e-01  -2.8322834e+00  -1.2292505e-02  -1.0426027e-02   1.7749152e-03
  -4.7504705e-02   1.5724359e-01  -2.5592529e+00  -8.0447889e-03  -2.9941877e-03   8.2178986e-04
  -7.4131190e-02   1.8034756e-01  -2.5327442e+00  -7.7170539e-03  -3.3950208e-03   4.3914164e-04
  -7.3909840e-02   1.5569140e-01  -2.5512986e+00  -7.5638058e-03  -3.0538782e-03   1.3089629e-04
  -1.3184834e-01   4.4423268e-01  -2.6061142e+00  -2.2984958e-02  -6.9816225e-04  -1.4903908e-03
  -4.1295064e-02  -3.0309312e-02  -1.4804720e+00  -4.9490459e-03  -6.7352994e-03   1.7032251e-03
  -1.2116948e-01   1.2995425e-01  -1.5944068e+00   2.6487033e-04  -2.0516318e-03   4.5254021e-03
  -1.5012869e-01   6.5368657e-01  -2.0902792e+00  -2.2046651e-02   3.1573879e-03   1.8891787e-03
   7.4691375e-04   2.0131353e-01  -2.7489815e+00  -1.2999171e-02  -6.0870423e-03   4.9531382e-03
   8.7614666e-03   2.3669283e-01  -2.4608832e+00  -9.5399336e-03  -7.0993044e-03   3.9020672e-03
  -8.6516707e-03   1.6470997e-01  -2.3139837e+00  -7.7838894e-03  -6.4491421e-03   3.6232678e-03
  -1.8507119e-02   1.4857332e-01  -2.2456231e+00  -7.7821737e-03  -5.6048696e-03   1.8487669e-03
  -2.9653307e-02   1.6566944e-01  -2.1885011e+00  -6.9088527e-03  -5.5198808e-03   1.8469603e-03
  -3.6886580e-02   1.2920853e-01  -2.1646021e+00  -6.4669062e-03  -4.8780563e-03   1.6017865e-03
  -3.8234914e-02   1.5755538e-01  -2.2129244e+00  -7.1841335e-03  -5.7240684e-03   1.9961118e-03
  -4.0242819e-02   1.4694702e-01  -2.2021804e+00  -6.9178126e-03  -4.6675142e-03   1.4523737e-03
  -4.3381127e-02   1.4920013e-01  -2.2293450e+00  -7.1751528e-03  -5.0694790e-03   1.5486099e-03
  -4.8877828e-02   1.3387877e-01  -2.2436880e+00  -7.6404069e-03  -4.9059637e-03   1.4845523e-03
  -4.6181019e-02   1.4392577e-01  -2.2347809e+00  -7.8079700e-03  -5.1916827e-03   1.3916760e-03
   1.1132372e-01   4.8398138e-01  -2.3465505e+00  -2.1667959e-02  -9.3159580e-03   1.6181343e-03
   3.2120268e-02   2.2105594e-01  -2.1224300e+00  -7.7966725e-03  -9.1695763e-03   2.1021159e-03
   1.9199345e-02   2.3082567e-01  -2.1220384e+00  -8.4025613e-03  -7.2735173e-03   1.6677114e-03
   1.5952022e-02   1.8944648e-01  -2.1315943e+00  -6.4304787e-03  -7.9031086e-03   1.5369249e-03
   1.5977921e-02   1.9108375e-01  -2.1182936e+00  -5.6015258e-03  -7.0613174e-03   1.2947956e-03
   3.7834895e-03   1.8341751e-01  -2.1294687e+00  -5.8543895e-03  -6.2215066e-03   7.8754465e-04
  -2.7398829e-03   1.4520625e-01  -2.1278522e+00  -5.7474374e-03  -5.4653689e-03   2.5964764e-04
   9.9373149e-03   1.1811459e-01  -2.1109422e+00  -3.7728813e-03  -5.5051697e-03  -2.7070221e-05
  -1.7162481e-02   6.9460430e-02  -2.0771930e+00  -1.1969906e-03  -4.3140158e-03   7.1341508e-04
  -2.7434614e-02   8.4543183e-02  -2.0856347e+00  -2.5943936e-03  -3.9114368e-03   3.5824221e-04
  -5.2931515e-02   4.8678692e-02  -2.0118214e+00  -1.8377448e-03  -3.0448979e-03   3.2256887e-04
  -6.1951580e-02   7.4223479e-02  -2.0228051e+00  -3.0932531e-03  -2.5698701e-03  -9.6390996e-05
  -5.6494893e-02   6.0212113e-02  -1.9916843e+00  -3.0253983e-03  -2.1076496e-03  -3.1825397e-04
  -5.5263342e-02   3.0273531e-02  -1.9980882e+00  -1.5423694e-03  -2.2911734e-03  -5.2113257e-04
  -8.2060785e-02   5.4761952e-02  -2.0424240e+00  -3.3865123e-03  -1.2435780e-03  -4.5137026e-04
  -6.8087990e-02   7.6210209e-02  -2.1030365e+00  -4.1561929e-03  -9.7654868e-04  -1.0167646e-03
  -8.8375151e-02   7.7406458e-02  -2.0466883e+00  -3.5694615e-03  -1.0341186e-03  -9.2206195e-04
  -7.6967117e-02   7.7236463e-02  -1.9846186e+00  -2.1293178e-03  -7.1006992e-04  -5.5958139e-04
  -6.1870800e-02   8.0217162e-02  -2.0834646e+00  -2.8170266e-03  -1.4457038e-03  -5.9038772e-04
  -2.0312048e-02   7.2986657e-02  -2.1242452e+00  -3.1088883e-03  -4.3832639e-03  -3.3577325e-04
  -2.5604307e-02   1.0393252e-01  -2.1567888e+00  -3.6675962e-03  -3.5469626e-03  -3.4943613e-04
  -5.5677121e-02   9.0490520e-02  -2.1695472e+00  -4.2858894e-03  -2.3082350e-03  -4.0701682e-04
  -4.5876409e-02   8.6138991e-02  -2.1757843e+00  -4.4008199e-03  -2.3999142e-03  -5.0404923e-04
   1.6841648e-02   5.5808120e-02  -1.9985033e+00  -3.5224178e-03  -7.6360553e-03  -5.7266888e-05
  -1.4764186e-02   1.2206502e-01  -2.1035528e+00  -4.9335186e-03  -6.5952486e-03   4.4864630e-04
  -2.2253681e-02   7.5869749e-02  -2.1439545e+00  -4.8136109e-03  -5.1951108e-03   1.0636548e-05
  -4.2168781e-02   9.0736242e-02  -2.1881444e+00  -4.8896801e-03  -2.7333878e-03   3.6758938e-04
  -5.0529009e-02   8.0152895e-02  -2.1517169e+00  -4.1484021e-03  -2.3396650e-03   9.3913920e-04
  -7.1806081e-02   1.2810627e-01  -2.5651498e+00  -5.1389043e-03  -3.1254619e-03   5.7568363e-04
  -6.0304302e-02   1.0087943e-01  -2.4705451e+00  -4.1288512e-03  -3.0394797e-03   1.1835211e-04
  -6.6794713e-02   1.0490692e-01  -2.4474057e+00  -4.3342754e-03  -2.9108682e-03   2.2083001e-04
  -4.7939069e-02   1.2361382e-01  -2.5300583e+00  -7.6158588e-03  -3.6276174e-03   3.2297733e-04
  -6.2385739e-02   9.3392041e-02  -2.3059635e+00  -4.9556891e-03  -1.4384816e-03  -9.4426086e-04
  -6.1329255e-02   9.3982274e-02  -2.3325025e+00  -5.3800385e-03  -1.5718987e-03  -1.0270585e-03
  -7.4680617e-02   6.3763754e-02  -2.2618934e+00  -4.3665299e-03  -2.1246055e-03  -7.4399383e-04
  -8.1823564e-02   7.1900321e-02  -2.3460276e+00  -5.1604863e-03  -1.7741482e-03  -4.6464382e-04
  -8.2641781e-02   7.6302388e-02  -2.3300213e+00  -4.7801460e-03  -1.5422557e-03  -6.0140194e-04
  -9.1382172e-02   9.5572842e-02  -2.3515503e+00  -5.6355712e-03  -1.8588585e-03  -6.0135630e-04
  -7.4185728e-02   8.4433085e-02  -2.3485645e+00  -4.7746813e-03  -2.5452226e-03  -6.6534674e-04
  -6.6461984e-02   8.2503566e-02  -2.3490573e+00  -5.0023784e-03  -2.2915217e-03  -6.3147005e-04
  -7.9843414e-02   1.4913831e-01  -2.4932648e+00  -6.9990081e-03  -4.8750695e-04  -7.1802509e-04
  -8.6111819e-02   1.4291548e-01  -2.5382531e+00  -6.4821703e-03  -6.1182705e-04  -7.6739290e-04
  -7.5840565e-02   1.4113136e-01  -2.5065769e+00  -6.9021413e-03  -1.2720792e-03  -4.8967153e-04
  -5.5327213e-02   1.5534929e-01  -2.5175972e+00  -5.3716280e-03  -3.5785654e-04  -7.9180335e-04
  -1.2604771e-01   8.5010453e-02  -2.3967229e+00  -3.5057250e-03   5.2110974e-04   3.5630476e-04
   1.2424301e-02   1.3580655e-01  -2.4207073e+00  -1.1122246e-02  -6.4465098e-03  -9.8033390e-04
  -8.0558499e-05   8.5729461e-02  -2.3565591e+00  -4.8132941e-03  -5.6766717e-03  -1.3307944e-03
  -2.6855422e-02   8.0572014e-02  -2.3627349e+00  -4.3986163e-03  -4.0630143e-03  -1.1826260e-03
   6.3697628e-02   4.2171308e-01  -2.5320203e+00  -1.5952119e-02  -1.0656224e-02   3.2094526e-03
  -3.4165174e-02   2.0863840e-01  -2.4119642e+00  -8.9476796e-03  -3.3855630e-03   2.1842380e-04
  -4.3486522e-02   1.9715868e-01  -2.4155575e+00  -9.6457637e-03  -2.9727014e-03  -5.0645771e-04
  -2.9738516e-02   1.8048346e-01  -2.4433835e+00  -9.1615491e-03  -3.5468084e-03  -3.7332371e-04
  -2.3048627e-02   1.8177667e-01  -2.5181991e+00  -9.2577645e-03  -3.3070725e-03  -5.5016079e-04
  -3.9582084e-02   1.7298225e-01  -2.4751555e+00  -8.2702812e-03  -3.2963982e-03  -3.6261148e-04
  -2.0837701e-02   1.1433026e-01  -2.7135884e+00  -6.3706965e-03  -1.6022137e-03  -6.6688519e-04
  -5.4385666e-03   7.5429310e-02  -2.6000699e+00  -4.7709473e-03  -2.1129839e-03  -3.4304402e-04
  -9.3042081e-02   6.3958453e-02  -2.5187698e+00  -3.5171564e-03   1.0453284e-03  -1.2900385e-03
  -7.9877974e-02   4.8705162e-02  -2.4607205e+00  -3.8338973e-03   9.0771571e-04  -2.1219014e-03
  -7.2214472e-02   6.2766887e-02  -2.4761920e+00  -5.0589856e-03   4.2686093e-04  -2.0302357e-03
  -8.6585151e-02   1.4977104e-01  -2.5409852e+00  -6.4693121e-03   4.5127982e-04  -1.6417899e-04
  -9.7392952e-02   1.1277789e-01  -2.5261280e+00  -5.4568599e-03   1.3725850e-03  -1.0226798e-03
  -1.1650467e-01   1.2537415e-01  -2.5068533e+00  -5.7620765e-03   1.8224460e-03  -1.6793818e-03
  -9.2877268e-02   1.3196947e-01  -2.6010790e+00  -6.9119868e-03   1.1078296e-03  -1.2263282e-03
  -2.5552355e-02   9.2931943e-02  -2.2743035e+00  -2.2635796e-03  -3.9312761e-03   1.0088388e-03
  -1.4170990e-01  -1.1607856e-01   2.9068601e-01  -8.3879421e-03  -1.8437804e-02   7.7354056e-03
  -8.2692357e-02  -2.9627990e-01  -1.5069762e+00  -1.7249964e-02  -1.5424941e-02   7.1996074e-03
  -2.8911910e-01  -9.1371735e-01   5.5294473e-01   4.6248061e-02  -1.3118969e-02   1.8086081e-02
  -2.3042785e-02   1.8839870e-02  -1.3953257e+00   2.6755321e-03  -1.1016148e-02   6.0222967e-03
   2.0889523e-01   3.7049382e-01  -1.6906662e+00  -1.0109784e-02  -1.8923078e-02   5.3139589e-03
   6.2030210e-02   1.2651334e-01  -1.4531458e+00  -4.8153643e-03  -1.3006100e-02   4.0003249e-03
   4.6849920e-02   5.8168067e-02  -1.4806004e+00  -4.2992582e-03  -1.2664038e-02   3.6293567e-03
   6.2359305e-02   3.3039246e-02  -1.5001690e+00  -3.4193420e-03  -1.5261910e-02   3.2136270e-03
   1.4570459e-01   6.8289779e-02  -1.9870830e+00  -4.3230983e-03  -2.0443294e-02   2.4326359e-03
   8.5345453e-02   9.2238970e-02  -1.7949845e+00  -3.4079093e-03  -1.8879745e-02   2.9225265e-03
   7.8486780e-02   3.7399457e-02  -1.7330158e+00  -3.1736391e-03  -1.7274909e-02   3.0290951e-03
   9.2511898e-02   9.7195923e-04  -1.7221918e+00  -3.1360795e-04  -1.6971134e-02   1.8742263e-03
   8.7447502e-02  -1.5904549e-02  -1.6498203e+00   9.4215076e-04  -1.6666066e-02   1.8460249e-03
   7.8389519e-02  -4.6264970e-02  -1.6295636e+00   2.1695836e-03  -1.6623860e-02   2.0351882e-03
   7.8980663e-02  -2.3410986e-02  -1.6352683e+00   1.2769729e-03  -1.6116875e-02   1.7821260e-03
   7.1971868e-02  -4.7209047e-02  -1.6046765e+00   1.9981985e-03  -1.5514479e-02   1.5943852e-03
   5.5250479e-02   1.7692677e-02  -1.6628592e+00   9.9240969e-04  -1.5082435e-02   2.2806653e-03
   1.6089104e-02  -4.0449526e-02  -1.5830314e+00   2.7177828e-03  -1.3007891e-02   3.1980838e-03
   5.8376403e-03  -3.1944821e-02  -1.5575834e+00   2.1448974e-03  -1.3509158e-02   3.2185748e-03
   8.3024477e-03  -2.4067984e-02  -1.5264977e+00   3.0433519e-03  -1.3546337e-02   2.8637844e-03
   1.3138835e-02  -3.6950046e-02  -1.5718214e+00   3.0968746e-03  -1.3287026e-02   2.7434615e-03
   1.5189173e-02  -1.3282513e-02  -1.6097084e+00   2.9787090e-03  -1.3117917e-02   2.6901880e-03
  -8.9272879e-03  -6.0645572e-02  -1.7519386e+00   4.8922554e-03  -1.0101758e-02   2.3614264e-03
  -8.4061002e-03  -1.4769293e-02  -1.7508147e+00   4.3460880e-03  -1.0700816e-02   2.3561334e-03
   1.0001990e-02  -5.7861821e-02  -1.7309820e+00   5.0817889e-03  -1.1841124e-02   1.8776415e-03
   1.7280373e-02  -3.5822356e-02  -1.7491319e+00   4.8880062e-03  -1.1547892e-02   1.9649269e-03
   4.0930485e-03  -3.8085218e-02  -1.7379945e+00   4.6120885e-03  -1.0314322e-02   1.9250617e-03
  -4.4769710e-02  -2.7194728e-02  -1.8414836e+00   3.4410302e-03  -8.7219724e-03   1.7927332e-03
  -2.8707157e-02   4.4906775e-03  -1.8723832e+00   2.9456648e-03  -9.9781792e-03   1.7567064e-03
  -3.0321272e-02  -3.0026094e-02  -1.8662883e+00   2.6986875e-03  -1.0269456e-02   1.8147890e-03
  -2.1761794e-02  -3.2124830e-02  -1.8596354e+00   3.1735206e-03  -1.0397713e-02   1.4337069e-03
  -3.5988788e-02  -3.2675134e-02  -1.9021256e+00   2.6309363e-03  -9.7549331e-03   1.6581778e-03
  -3.1922324e-02  -3.2281777e-02  -1.8928378e+00   2.7290606e-03  -1.0558435e-02   1.8389819e-03
  -3.6819734e-03  -4.4492127e-02  -1.8107598e+00   3.6150999e-03  -1.1138233e-02   1.3533572e-03
   2.7047934e-03  -5.4990213e-03  -9.0124381e-01  -2.9042667e-02  -1.0637175e-02   2.2111757e-03
   4.3454656e-02   1.6900739e-01  -8.6255956e-01  -6.3542004e-03  -1.9928241e-02   4.9893906e-03
  -1.0687525e-01  -2.2491774e-01   5.9224835e-01   6.6638426e-03  -1.1160077e-02   2.6814090e-03
  -1.4005455e-01   2.9539375e-01  -1.1462132e+00   4.8214390e-03  -1.3106758e-02   6.1393940e-03
  -6.1324832e-02   2.2736266e-01  -3.2248406e+00  -1.3282485e-02  -1.1195676e-02   5.5155458e-03
  -5.1621085e-02   1.6685355e-01  -2.9327668e+00  -1.0634144e-02  -1.1197732e-02   4.1428913e-03
  -4.4415936e-02   1.1013536e-01  -2.8298001e+00  -9.2167043e-03  -1.0325092e-02   3.3577072e-03
  -4.2014521e-02   1.0039288e-01  -2.7742861e+00  -8.8263786e-03  -9.6392590e-03   2.7986004e-03
  -5.6654040e-02   4.6297296e-02  -2.6947833e+00  -1.0234952e-02  -8.3694084e-03   9.2836152e-04
  -7.8785793e-03   6.8822398e-02  -2.2779495e+00  -1.0502247e-02  -2.9123034e-03   5.8135393e-04
  -9.5660583e-03   3.9028774e-02  -2.2885761e+00  -5.2597096e-03  -6.7003180e-03   1.5175775e-03
  -1.6340793e-02   2.0564548e-02  -2.3113422e+00  -3.8803898e-03  -7.0587092e-03   1.6305032e-03
  -4.3612271e-03   2.1123966e-02  -2.3189879e+00  -3.6544685e-03  -6.9688421e-03   1.2919721e-03
  -1.0157264e-02   3.7022877e-02  -2.3303272e+00  -4.7435522e-03  -6.0166355e-03   8.2722709e-04
  -5.1468865e-02   5.6191933e-03  -2.3231325e+00  -3.1802165e-03  -3.6554328e-03  -7.0675931e-04
  -1.8601347e-02  -1.1515638e-02  -2.3158151e+00  -4.0212822e-03  -4.8589236e-03  -5.3629442e-04
  -2.1180484e-02   1.2998212e-03  -2.2221206e+00  -2.1903499e-03  -5.5018734e-03   5.4042445e-04
  -3.1794092e-02  -2.8979463e-02  -2.1550035e+00  -2.4672561e-03  -3.8018728e-03  -4.5438235e-04
  -4.8808719e-02  -3.8322399e-02  -2.2248990e+00  -3.0414248e-03  -4.2086491e-03  -1.5264438e-04
   2.1324060e-02  -1.2496783e-01  -1.8530407e+00  -1.3840259e-02  -8.3054208e-03   1.1715727e-03
  -6.6791505e-02  -2.2263307e-02  -2.1129221e+00  -4.9873789e-03  -3.6100532e-03   3.0308505e-04
  -7.9202187e-02  -9.5910564e-03  -2.0643912e+00  -6.1737287e-03  -1.9796807e-03  -8.4073366e-04
  -8.4338847e-02  -2.1335284e-02  -2.0714818e+00  -6.1364849e-03  -5.8747896e-04  -1.4500510e-03
  -8.3697389e-02   3.2796987e-02  -2.1829734e+00  -5.1310321e-03  -3.6530095e-04  -1.6018547e-03
  -1.8338637e-01   8.6457167e-02  -2.0117960e+00  -1.1098321e-02   4.9318263e-03  -4.1919329e-03
  -1.3715842e-01   1.7656234e-03  -2.0465996e+00  -5.6491559e-03   8.3845123e-05  -1.7683462e-03
  -1.0973375e-01   4.5300789e-03  -2.1016735e+00  -4.7259305e-03  -1.0238550e-03  -1.0938052e-03
  -1.4973070e-01   1.9057808e-03  -2.0323553e+00  -6.1504273e-03   1.7975615e-03  -2.8416990e-03
  -1.3092556e-01   4.3658833e-02  -2.0952152e+00  -6.8804227e-03   2.5692771e-04  -4.5080119e-04
  -1.2602511e-01   3.7497573e-02  -2.4523356e+00  -9.2483060e-03   4.4492445e-04  -2.5229620e-03
  -1.3516779e-01  -4.6855674e-02  -1.9445497e+00   9.8162742e-04  -3.0448892e-04  -1.7367039e-03
  -1.5085881e-01   6.9069995e-02  -2.3362159e+00  -7.0158004e-03   1.6183098e-03  -2.8956858e-03
  -1.3685052e-01   9.1954689e-03  -2.2014645e+00  -6.4620071e-03   1.1325591e-03  -3.1255394e-03
  -1.2530849e-01   2.2799809e-02  -2.1846590e+00  -5.7358467e-03   6.1519350e-04  -3.0708986e-03
  -1.3884469e-01   2.2919655e-02  -2.1193335e+00  -5.5942116e-03   1.2328729e-03  -3.2372662e-03
  -9.9939637e-02  -7.5958419e-03  -2.1723203e+00  -5.2012874e-03  -1.4441326e-04  -2.2618148e-03
  -1.1431546e-01   3.8396628e-03  -2.1667845e+00  -4.2605402e-03  -2.5727039e-04  -2.3648824e-03
  -1.0800134e-01  -2.9156064e-02  -2.1436006e+00  -3.7519356e-03  -2.0233041e-04  -2.7356266e-03
  -1.0913080e-01  -3.3387421e-02  -2.1975061e+00  -3.4425522e-03  -8.5218110e-04  -2.3743736e-03
  -1.0015438e-01  -1.3491160e-03  -2.4720341e+00  -5.5144017e-03  -1.2596257e-03  -9.5457315e-04
  -7.5519465e-02   1.4243947e-02  -2.4150925e+00  -5.5367598e-03  -1.7959492e-03  -2.0580859e-03
  -8.7471683e-02   6.7280445e-04  -2.3472588e+00  -6.0640972e-03  -1.2228143e-03  -2.5658087e-03
  -7.5691437e-02  -1.5743631e-02  -2.3590727e+00  -5.6557214e-03  -1.3994250e-03  -2.7467779e-03
  -7.4234313e-02  -1.8153886e-02  -2.3832828e+00  -5.3283927e-03  -1.6665057e-03  -2.4489588e-03
  -9.0158038e-02  -1.3827329e-02  -2.3192105e+00  -5.0504026e-03  -6.7923062e-04  -2.7210407e-03
  -9.4248894e-02  -1.3044547e-03  -2.4264757e+00  -5.6482660e-03  -1.1490073e-03  -2.5971926e-03
  -9.7449444e-02  -5.9803174e-03  -2.2653434e+00  -6.4064548e-03  -8.8362327e-04  -2.9798088e-03
  -7.9464884e-02  -1.6897932e-02  -2.1698915e+00  -2.3942620e-03  -2.5654472e-03  -1.2764220e-03
  -1.0034139e-01   1.0417786e-02  -2.1771670e+00  -4.7044118e-03  -3.3833046e-04  -2.9341328e-03
  -6.6616360e-02  -3.6602740e-02  -2.1949003e+00  -3.2671686e-03  -2.1961799e-03  -2.5923988e-03
  -5.3492060e-02  -6.6439746e-02  -2.1707980e+00  -1.6553629e-03  -2.4966583e-03  -1.8907401e-03
  -4.7968072e-02  -6.8881961e-02  -2.2224629e+00  -1.6812012e-03  -2.8616887e-03  -2.2858031e-03
  -2.9090332e-02  -1.1508945e-01  -1.7953271e+00  -4.7578417e-03  -4.0886274e-03  -2.5335506e-03
  -8.7429325e-02   6.5485509e-02  -2.5799205e+00  -6.9940316e-03  -2.7003056e-03  -3.7869771e-04
  -6.5210138e-02   4.2710123e-02  -2.4309002e+00  -6.1264728e-03  -2.7607425e-03  -1.4121287e-03
  -5.0589966e-02   9.6467871e-03  -2.4216217e+00  -5.2819767e-03  -2.9005855e-03  -1.6703476e-03
  -7.7719647e-02   4.5761913e-02  -2.5867234e+00  -7.2014989e-03  -1.9964876e-03  -2.1693180e-03
  -6.8703998e-02   2.3771821e-02  -2.4313805e+00  -5.3434042e-03  -2.8344992e-03  -1.9384775e-03
  -7.7415535e-02   1.9505321e-03  -2.4211285e+00  -5.9727489e-03  -2.3681322e-03  -2.2486700e-03
  -7.4420329e-02   1.2594809e-02  -2.4124361e+00  -5.2314952e-03  -2.8509082e-03  -1.9143323e-03
   2.5763780e-03   9.2340842e-03  -2.6719935e+00  -5.1783484e-03  -6.8257185e-03  -9.6881632e-05
  -1.8821087e-02   3.9349141e-02  -2.5452865e+00  -4.4093500e-03  -6.3070864e-03  -5.2545217e-04
  -3.6036940e-02  -2.1361091e-02  -2.4732247e+00  -2.4245738e-03  -5.5279273e-03  -7.4938318e-04
  -1.8843561e-02  -1.2169413e-02  -2.5178384e+00  -3.4694639e-03  -5.4542068e-03  -1.1868114e-03
  -2.7450370e-02  -1.7231002e-02  -2.4480754e+00  -3.0472149e-03  -4.5020208e-03  -1.4770072e-03
  -2.6923080e-02  -3.5095075e-02  -2.4217775e+00  -1.9437659e-03  -4.0586792e-03  -1.4587973e-03
  -2.8019034e-02   1.3179392e-02  -2.4436318e+00  -2.4169761e-03  -4.4109775e-03  -1.0292575e-03
   2.5345672e-02   6.4812653e-03  -3.2356135e+00  -2.7847518e-03  -1.1308735e-02   1.7742337e-05
  -3.1466111e-03   8.2850880e-02  -2.9588493e+00  -2.9790881e-03  -4.4939612e-03  -7.9757143e-04
  -2.2072367e-02  -1.5646142e-02  -2.6673507e+00  -1.8661683e-03  -3.7071503e-03  -6.8759029e-05
  -2.4568182e-02   4.9592785e-03  -2.5115987e+00  -4.3629557e-04  -4.3888472e-03  -2.6819082e-04
  -2.3564917e-02   2.0699835e-02  -2.4882062e+00  -1.0226122e-03  -4.4688433e-03  -4.0537547e-04
  -2.3238513e-02   7.0464597e-03  -2.4866976e+00  -9.1453391e-04  -4.0801879e-03  -3.3473330e-04
  -1.0082349e-02   4.9904947e-03  -2.5248486e+00  -2.7276510e-04  -5.2002069e-03   2.4065670e-04
  -3.8696203e-02   1.5254546e-02  -2.5237957e+00  -2.0518366e-03  -3.9804403e-03  -3.6222943e-04
  -3.8069067e-02  -1.8377718e-02  -2.4869028e+00  -1.0872035e-03  -3.8035417e-03  -4.6894694e-04
  -4.6740849e-02  -1.1677200e-02  -2.4234814e+00   9.2453571e-05  -3.8698629e-03  -2.5699214e-04
  -5.3508102e-02  -1.0240666e-02  -2.4641519e+00  -8.2915163e-04  -3.6143688e-03  -7.6497284e-04
  -4.7118591e-02   6.6053795e-03  -2.5097806e+00  -1.9038780e-03  -3.7225593e-03  -7.0854368e-04
  -4.6455471e-02   2.7657655e-03  -2.5050040e+00  -1.0614727e-03  -4.1442079e-03  -4.0000069e-04
  -4.5514972e-02  -6.1735820e-03  -2.5991755e+00  -1.5987073e-03  -3.6207615e-03  -5.2072362e-04
  -3.8242794e-02   4.2480739e-02  -2.6138387e+00  -2.3368753e-03  -4.1299351e-03  -4.1566399e-04
  -5.1188896e-02  -1.4053609e-02  -2.5397403e+00  -1.9148866e-03  -3.0722822e-03  -7.5524503e-04
  -4.7399475e-02   1.5482495e-02  -2.6103752e+00  -2.2464890e-03  -3.3113763e-03  -6.2082139e-04
  -3.7986928e-02   4.2572741e-02  -2.6055000e+00  -3.2305108e-03  -4.1805383e-03  -8.3260817e-04
  -1.8382365e-01   1.6824489e-01  -2.5445820e+00  -6.2512369e-03  -7.0894883e-04  -9.8568610e-04
  -7.8185033e-02   1.8811024e-02  -2.5671248e+00  -2.4287339e-03  -1.9776088e-03  -2.2227394e-03
   1.0753175e-02  -6.8885559e-02  -2.4180270e+00   1.2437751e-03  -6.0279622e-03  -1.6138896e-03
  -4.3292369e-02  -1.4407273e-02  -2.4269746e+00  -1.2153271e-03  -2.8517816e-03  -2.1521756e-03
  -5.5235561e-02  -3.1992526e-02  -2.4041397e+00  -1.6454341e-03  -1.7013086e-03  -2.2574973e-03
  -4.2441040e-02   2.2160694e-02  -2.5587701e+00  -2.6746512e-03  -1.3337792e-03  -2.0095418e-03
  -4.9587580e-02   1.2129763e-02  -2.5165565e+00  -1.1990503e-03  -2.5128349e-03  -1.8930746e-03
  -2.9899656e-02  -6.7486327e-02  -2.4609570e+00  -4.2963611e-03  -2.3529274e-03  -1.8581055e-03
  -3.4669365e-02  -2.2647987e-02  -2.4011611e+00  -5.8446295e-04  -2.9739261e-03  -2.0016864e-03
  -4.4446898e-02  -7.2274758e-02  -2.4312614e+00   2.3058303e-04  -2.6053506e-03  -4.3229665e-04
  -3.6768626e-02  -7.4268566e-02  -2.3701115e+00   1.3298749e-03  -3.4332780e-03  -5.5446699e-04
  -5.7704813e-02  -1.9648469e-01  -2.2183069e+00   7.4789522e-03  -1.8624042e-03  -6.3979191e-04
  -3.8550050e-02  -8.4241508e-02  -2.2336666e+00   4.5314117e-03  -4.4383691e-03  -9.6995404e-04
  -6.7427550e-02   1.2318692e-02  -2.3854182e+00   1.0122762e-03  -4.5912092e-03  -1.0342528e-03
  -6.2965147e-02  -5.8147272e-02  -2.3758858e+00   1.0905446e-03  -2.6670897e-03  -1.6608343e-03
  -5.9155915e-02  -4.1677240e-02  -2.4356622e+00  -2.0777140e-05  -2.5372920e-03  -1.7583123e-03
   1.0602016e-02   4.3514791e-04  -2.4643935e+00  -5.8206368e-04  -9.4072623e-03  -7.2372703e-04
  -7.1844231e-02  -3.2115406e-03  -2.5669980e+00   1.1268291e-03  -2.7377651e-03  -1.4936355e-03
  -7.5064552e-02   2.8321676e-02  -2.6088915e+00  -3.3006002e-03  -2.0709842e-03  -2.2126815e-03
  -6.9098193e-02  -1.0723225e-02  -2.5496075e+00  -2.3447401e-03  -2.2226749e-03  -2.3143994e-03
  -6.5845019e-02  -3.1454481e-02  -2.5983970e+00  -1.7371055e-03  -2.5683174e-03  -2.1665364e-03
  -4.7890547e-02  -4.5988346e-03  -2.5931399e+00  -2.1316613e-03  -3.2517624e-03  -1.8221708e-03
  -4.2583942e-02   3.7161043e-02  -2.6704172e+00  -3.4913661e-03  -4.9172349e-03  -1.4341282e-03
  -2.2127302e-02  -8.7618311e-02  -2.4262235e+00   2.7335120e-03  -1.7158289e-02   1.8637585e-03
   9.7043102e-02  -5.5470503e-02  -1.9448121e+00  -2.5990471e-03  -1.9855599e-02   1.6849027e-03
  -1.2237101e-02  -8.4423841e-02  -1.6881357e+00  -2.2172062e-03  -8.0143951e-03  -1.9262639e-03
   1.0394397e-01   2.6111277e-01  -2.7620252e+00  -9.8524180e-03  -1.7798952e-02   2.8011136e-03
  -2.0091197e-02   7.6396871e-02  -2.6040312e+00  -5.3294846e-03  -8.8449125e-03   8.4358760e-05
  -4.5598269e-02  -4.1658161e-02  -2.4822412e+00  -2.1849630e-03  -8.1926177e-03  -6.7382313e-04
  -3.3883538e-02  -5.0547116e-02  -2.4360504e+00  -2.7957119e-03  -7.3592567e-03  -1.6709182e-03
  -4.8751266e-02  -2.4332568e-02  -2.4421745e+00  -2.5931841e-03  -7.6934871e-03  -1.4222323e-03
  -2.5229098e-02  -6.6832151e-02  -2.4579944e+00   3.4488278e-04  -8.6625619e-03  -1.9093227e-04
  -3.4781089e-02  -3.5756691e-02  -2.4392771e+00   5.2201219e-04  -8.1270542e-03  -4.4926764e-04
  -3.5423284e-02  -1.3985347e-02  -2.4654554e+00  -3.5943067e-04  -8.4038299e-03   2.9192460e-05
  -2.1714423e-02  -2.3067758e-02  -2.4331780e+00  -5.3099843e-04  -8.6281191e-03  -1.1021198e-04
  -3.1061305e-02  -2.7823467e-02  -2.4179990e+00   3.3863150e-05  -8.8009362e-03  -2.8875713e-04
  -3.5230884e-02  -2.9987952e-02  -2.4266749e+00  -3.4108794e-04  -8.3999965e-03  -5.8318210e-04
  -3.3403201e-02  -2.7845028e-02  -2.4292234e+00  -1.5625616e-03  -8.1626008e-03  -9.4777817e-04
  -4.4920316e-02  -4.1033222e-02  -2.4151440e+00  -1.4557521e-03  -7.8466128e-03  -1.3556489e-03
  -5.1225126e-02  -4.2051012e-02  -2.4115509e+00  -1.4021862e-03  -7.0476761e-03  -1.4258536e-03
  -3.4946084e-02  -6.9533923e-02  -2.3962160e+00  -7.0580277e-04  -6.7836646e-03  -1.6098142e-03
  -4.9266870e-02  -5.1160500e-02  -2.4187728e+00  -7.2621479e-04  -7.1463441e-03  -1.2575895e-03
  -4.5824594e-02  -6.5439219e-02  -2.4200726e+00  -8.0647224e-04  -6.5538393e-03  -1.7439775e-03
  -4.1383016e-02  -6.1633477e-02  -2.4209010e+00  -1.0965913e-03  -6.3138049e-03  -2.0524961e-03
  -5.9702689e-02  -5.4189510e-02  -2.4147787e+00  -1.3747378e-03  -5.8984067e-03  -2.2557795e-03
  -6.0873489e-02  -3.6558690e-02  -2.4300620e+00  -1.6998320e-03  -6.5260287e-03  -2.0982326e-03
  -6.3561244e-02  -4.6222656e-02  -2.4317452e+00  -1.4913801e-03  -5.7231605e-03  -2.1316178e-03
  -1.0135671e-01   8.9652402e-02  -2.1763763e+00  -1.1730678e-02  -2.8421317e-03  -1.6122302e-03
  -1.7184639e-02  -4.7277466e-02  -2.4635411e+00  -5.6790380e-03  -5.4409283e-03  -5.4290303e-06
  -2.0098438e-02  -6.5758548e-02  -2.0184783e+00   1.0926016e-03  -4.4558185e-03  -1.7658744e-03
  -3.5438731e-02  -1.6045696e-01  -2.0247436e+00   2.7134649e-03  -3.6116668e-03  -2.2420086e-03
  -3.2954613e-02  -1.5194925e-01  -1.9914627e+00   2.7843515e-03  -4.1614384e-03  -1.7630334e-03
  -4.3779282e-02  -1.0746552e-01  -2.0562673e+00   1.6168613e-03  -3.4924660e-03  -1.8342958e-03
  -5.6845007e-02  -1.1046928e-01  -2.0409890e+00   1.4242590e-03  -3.3457684e-03  -1.9778641e-03
  -5.0815178e-02  -1.0373959e-01  -2.0381485e+00   2.0295257e-03  -3.6730247e-03  -1.9687834e-03
  -4.7787535e-02  -1.0687145e-01  -2.0478134e+00   2.3631024e-03  -3.9986133e-03  -1.9502692e-03
  -5.5796613e-02  -3.0340494e-02  -2.2352146e+00   2.7598193e-04  -3.2297209e-03  -2.5019031e-03
  -6.6338914e-02  -5.7443163e-02  -2.2862814e+00   1.3181770e-04  -2.8469202e-03  -1.4707627e-03
  -6.4321148e-02  -3.5419309e-02  -2.2723052e+00   1.9027950e-04  -3.5511576e-03  -1.5785413e-03
  -6.2051258e-02  -2.0223181e-02  -2.4592626e+00  -3.3527928e-03  -1.5944985e-03  -3.0495341e-03
  -2.1375764e-02  -3.2325604e-02  -2.4241765e+00  -2.2783563e-03  -5.0809359e-03  -2.1834898e-03
  -4.1556542e-02  -7.7760028e-02  -2.1592958e+00   6.7456592e-04  -4.4334252e-03  -2.4236105e-03
  -4.6080812e-02  -9.2207345e-02  -2.1669095e+00   5.6916825e-04  -4.5777665e-03  -2.2781133e-03
  -3.8186342e-02  -9.2294798e-02  -2.1708751e+00   2.1093731e-03  -5.5947781e-03  -2.4781372e-03
  -7.8240356e-02   7.0359384e-02  -2.4206841e+00  -1.5512606e-03  -2.7831982e-03  -1.5708727e-04
  -6.4727883e-02  -4.2280711e-02  -2.4419360e+00   2.5454518e-04  -3.6644626e-03  -2.2468193e-03
   2.3457500e-02  -4.2382834e-02  -2.3849374e+00   9.3335229e-04  -8.3669817e-03  -2.3426706e-03
  -1.3946214e-02  -6.8423241e-02  -2.4255387e+00   1.0092017e-03  -6.6425886e-03  -2.5283360e-03
  -4.5529658e-02  -4.5162653e-02  -2.3938039e+00   1.0528465e-03  -5.8083166e-03  -2.1095183e-03
  -5.6147525e-02  -1.5698529e-02  -2.5497090e+00   9.1521681e-04  -4.8963160e-03  -5.6252280e-04
  -5.5431783e-02  -2.0206168e-02  -2.4819657e+00  -8.7599343e-04  -4.8401672e-03  -1.7570235e-03
  -5.5142776e-02  -4.4272485e-02  -2.4764622e+00  -1.1288295e-03  -5.0595164e-03  -1.9400067e-03
  -5.6449897e-02  -5.1718273e-02  -2.4943394e+00  -1.6613870e-03  -4.7759676e-03  -2.1469150e-03
  -3.7148037e-02  -5.2981466e-02  -2.5318435e+00  -1.0539779e-03  -5.8201402e-03  -2.4033243e-03
  -4.5054232e-02  -3.7557634e-02  -2.5329414e+00  -1.6590233e-03  -4.5076735e-03  -2.2785562e-03
  -3.6671625e-02  -4.4082908e-02  -2.5792731e+00  -7.6894175e-04  -6.3165635e-03  -1.5962377e-03
  -6.2350498e-02  -2.6780878e-02  -2.5317443e+00  -5.0965621e-04  -2.6750068e-03  -1.0908555e-03
  -5.1025160e-02   2.6502256e-03  -2.5519152e+00  -8.8915957e-04  -3.5099157e-03  -1.4775173e-03
  -1.1993755e-02  -3.7866900e-02  -2.5975612e+00  -1.2244989e-03  -6.2500529e-03  -1.0058867e-03
   1.0098936e-02   2.1005581e-02  -3.4753053e+00  -5.4184150e-03  -7.3627988e-03  -1.3404558e-03
   2.2948774e-02   5.4356442e-02  -3.2879487e+00  -2.8029199e-03  -6.6718155e-03  -1.6902028e-03
  -8.9922023e-03   1.0306089e-02  -3.2263111e+00  -2.4148381e-03  -5.8161492e-03  -1.8308311e-03
  -9.1401163e-03   5.8308681e-03  -3.2437911e+00  -2.5922847e-03  -5.5365326e-03  -1.9511408e-03
  -2.3401471e-03   1.3519976e-02  -3.2350783e+00  -3.9221632e-03  -7.3803049e-03  -2.1847904e-03
  -6.5311598e-03  -1.4213863e-02  -3.1219026e+00  -1.1777023e-03  -6.3571535e-03  -1.9957060e-03
  -1.3989897e-02  -2.9527054e-04  -3.1502048e+00  -2.0492305e-03  -6.8352534e-03  -2.1320470e-03
  -4.6822892e-02   2.2198886e-02  -3.2199661e+00  -2.5097245e-03  -5.6477991e-03  -1.8139213e-03
  -2.9191565e-02   3.9124076e-02  -3.1660187e+00  -2.3914677e-03  -4.5483822e-03  -1.0549819e-03
  -1.6414210e-02   1.6767326e-02  -3.1444870e+00  -4.6208223e-03  -5.6807800e-03  -9.0619669e-04
  -5.1092400e-02   2.8498221e-02  -3.1087478e+00  -8.7835179e-04  -4.3538304e-03  -1.2251386e-03
  -2.9820968e-02   4.1790202e-02  -3.1296540e+00  -1.8756724e-03  -4.3433445e-03  -1.2729310e-03
   1.6721016e-02   4.4213540e-02  -3.3241765e+00  -1.8362088e-03  -7.4614136e-03  -1.3464130e-03
  -2.9123322e-03   6.3942430e-02  -3.2425637e+00  -1.9769818e-03  -6.2143985e-03  -1.9561942e-03
  -2.3097869e-02   5.4187058e-02  -3.1697225e+00  -2.6753342e-03  -4.9904086e-03  -1.6884697e-03
  -3.8539151e-02   5.8942728e-02  -3.2614897e+00  -3.7053063e-03  -3.3037951e-03  -1.3106857e-03
  -2.5336114e-02   3.5022930e-02  -3.1483009e+00  -1.9849365e-03  -4.3448392e-03  -1.8404375e-03
  -4.0549844e-02  -1.5018407e-02  -3.0957747e+00  -1.8914625e-03  -3.8420151e-03  -1.9284476e-03
  -4.2478523e-02   1.4027718e-03  -3.1123653e+00  -2.5147256e-03  -3.5785338e-03  -2.2529627e-03
  -5.0865757e-02  -4.4574896e-04  -3.1227532e+00  -1.9976133e-03  -4.3905710e-03  -1.3921842e-03
   1.4706017e-02   4.0920284e-02  -3.1184006e+00  -8.4306215e-04  -7.7840101e-03  -1.7425712e-03
   9.5464389e-02   4.3728487e-02  -3.1871732e+00  -6.1862573e-03  -1.0760672e-02  -1.9190139e-03
   1.4515307e-02  -2.8585776e-02  -2.9503802e+00   3.6914907e-03  -7.9327223e-03  -6.3143386e-04
  -2.3741185e-03   7.6684637e-02  -3.3410683e+00  -3.5676887e-03  -6.0597412e-03  -1.5608162e-03
  -1.8792095e-02   2.6821866e-02  -3.2341163e+00  -2.5610034e-03  -5.9046393e-03  -1.7961591e-03
  -2.4817487e-02   2.3205832e-02  -3.1949750e+00  -2.8031593e-03  -5.0759380e-03  -1.7946762e-03
  -2.5523383e-02   1.9272151e-02  -3.2330794e+00  -2.6535406e-03  -5.7719622e-03  -1.7630959e-03
  -3.5773321e-02   2.6463979e-02  -3.2268802e+00  -2.3929956e-03  -5.5934995e-03  -1.5259611e-03
  -4.0552572e-02   2.9680538e-02  -3.1792320e+00  -3.1011098e-03  -4.9746480e-03  -1.8183388e-03
  -2.5567613e-02   1.8586986e-02  -3.0768531e+00  -2.4022677e-03  -4.7685160e-03  -2.3196010e-04
  -3.6174106e-02   5.8000013e-02  -3.1126324e+00  -3.6545111e-03  -4.7217594e-03  -1.3061708e-03
  -2.9651704e-02   2.1501760e-02  -3.0907436e+00  -1.7791424e-03  -4.9612540e-03  -1.6127821e-03
  -2.8352801e-02   1.7497087e-02  -3.0982854e+00  -2.2952205e-03  -4.8930008e-03  -1.6998948e-03
  -4.6692490e-02   1.5032469e-02  -3.0805881e+00  -2.5391985e-03  -4.4692599e-03  -1.4837731e-03
  -5.0272126e-02   1.1083848e-02  -3.0934017e+00  -3.3537088e-03  -4.9007913e-03  -1.0032421e-03
  -4.1943116e-02  -8.3937632e-04  -2.9840520e+00  -9.0221358e-05  -4.5483460e-03  -9.9018619e-04
  -3.9582672e-02  -1.5722222e-04  -2.9367442e+00  -7.7569203e-04  -3.8313569e-03  -1.3310789e-03
  -5.5852253e-02   2.5501201e-02  -2.9896239e+00  -7.3966640e-04  -3.3806854e-03  -4.4531246e-04
  -6.9879554e-02   1.5642961e-02  -2.9720235e+00  -9.4679803e-04  -2.9516676e-03  -1.0373402e-03
  -5.2318074e-02  -6.6515458e-04  -3.0113791e+00  -1.2190716e-03  -3.7930353e-03  -1.3027333e-03
  -5.0873081e-02   8.6055129e-03  -3.0580899e+00  -2.0192009e-03  -5.4307339e-03  -1.2917288e-03
   5.9597495e-02   5.9155843e-02  -3.3042694e+00  -1.2811186e-02  -1.0553722e-02  -1.3641857e-03
  -5.4061911e-03  -2.2983093e-02  -2.7100316e+00   4.3237792e-04  -4.9595270e-03  -5.4288224e-04
   1.4668263e-03  -1.1671121e-02  -2.6537699e+00  -6.7840587e-04  -3.0366633e-03  -2.2012230e-03
  -1.5124213e-02  -3.1723115e-02  -2.6588121e+00  -3.6827832e-06  -2.9066882e-03  -2.2111992e-03
   3.7002572e-02   1.3616745e-01  -2.8920835e+00  -4.2682284e-03  -4.6389797e-03  -2.7660872e-03
   1.9832090e-02   4.0373916e-02  -2.7127597e+00  -1.9130838e-03  -4.1365653e-03  -1.2332029e-03
   1.1513979e-03   4.8110959e-02  -2.7014809e+00  -1.7937004e-03  -3.4753469e-03  -1.6195263e-03
  -1.0766584e-02   4.8081086e-03  -2.7222591e+00  -1.6617827e-03  -3.2464053e-03  -1.4984080e-03
  -6.3204459e-03   3.6765068e-02  -2.7426254e+00  -2.7957843e-03  -3.0556563e-03  -1.5547062e-03
  -5.7736847e-03   1.0176569e-02  -2.7227741e+00  -2.8756769e-03  -3.5114244e-03  -1.3027425e-03
  -2.7706757e-02   1.6590462e-02  -2.7162830e+00  -3.4520167e-03  -3.4089627e-03  -1.2865647e-03
  -2.8381527e-02  -1.0458905e-02  -2.7130882e+00  -3.0443560e-03  -3.3007283e-03  -1.0402467e-03
  -3.7732930e-02  -4.8261917e-03  -2.7031526e+00  -2.3768317e-03  -2.9517447e-03  -1.0464913e-03
  -3.6919288e-02   3.3780645e-02  -2.6961880e+00  -2.3247869e-03  -2.2069979e-03  -1.1291858e-03
  -3.3225405e-02   4.6501507e-02  -2.7405088e+00  -3.4180730e-03  -2.7549241e-03  -1.3764670e-03
   1.0707700e-02   3.1273928e-02  -2.6361712e+00  -1.0527778e-03  -4.4767901e-03  -1.3301808e-03
   1.5750748e-03   4.2672226e-02  -2.6890057e+00  -2.4896480e-03  -3.6283115e-03  -1.4408580e-03
  -5.0931647e-03  -1.1861177e-02  -2.5800873e+00  -1.7935180e-03  -2.7309419e-03  -9.3766011e-04
  -2.0443487e-02   2.0755171e-02  -2.7558515e+00  -2.8907881e-03  -2.5093455e-03  -1.4494101e-03
  -3.5653003e-02   2.5090442e-02  -2.7377764e+00  -2.7784352e-03  -1.7183766e-03  -1.6251888e-03
   2.5807805e-02   3.3960543e-03  -2.8291634e+00  -6.6921674e-03  -6.4019792e-03  -8.5567599e-04
  -4.1719099e-02   1.2098808e-02  -2.6775189e+00  -2.0430367e-03  -2.5073173e-03  -7.6352520e-04
  -7.0230650e-02   2.6097387e-02  -2.6613528e+00  -2.4023578e-03  -1.4308599e-03  -7.2085396e-04
  -3.9688223e-02   1.9469440e-02  -2.7261003e+00  -3.7050346e-03  -2.2338452e-03  -1.4113362e-03
  -5.6056748e-02  -2.0557746e-02  -2.7389259e+00  -2.5074649e-03  -2.3596993e-03  -1.2971536e-03
  -6.0542796e-02   6.0538762e-04  -2.7285339e+00  -2.0349170e-03  -2.1691822e-03  -1.1305147e-03
  -2.4029142e-02  -3.4647787e-02  -2.7063513e+00  -1.6196348e-03  -3.2837474e-03  -1.3312259e-03
  -1.5323916e-02  -2.0904254e-03  -2.7729423e+00  -2.3032438e-03  -3.3949841e-03  -1.4108018e-03
  -2.5615237e-02  -2.3623733e-02  -2.7458751e+00  -1.7584767e-03  -3.6976076e-03  -9.9358163e-04
  -2.3735046e-02  -4.9117331e-03  -2.7434766e+00  -1.9836853e-03  -3.2201389e-03  -1.3155485e-03
  -2.9107289e-02  -1.1542015e-02  -2.7433297e+00  -2.3484466e-03  -3.1664765e-03  -1.2081456e-03
  -6.5736948e-03   5.9031556e-02  -2.9351915e+00  -6.1473246e-03  -2.9257917e-03  -2.2436354e-03
  -2.7252157e-02   2.5148944e-02  -2.8154333e+00  -4.3271394e-03  -2.6831798e-03  -2.4331664e-03
  -3.3256157e-02   6.3126685e-03  -2.8299777e+00  -5.1032741e-03  -2.6616843e-03  -2.4006694e-03
  -5.3072451e-02   1.3808568e-01  -2.9467742e+00  -7.1163309e-03  -2.2901643e-04  -3.9464667e-04
   9.2578998e-02   3.4480535e-01  -3.3763148e+00  -2.0447327e-02  -9.7784519e-03   4.5660745e-03
   2.4149633e-02   1.8955354e-01  -3.0939326e+00  -4.1317523e-03  -4.5582779e-03  -1.8381415e-03
   4.9265725e-02   7.5563601e-02  -3.2494295e+00  -4.9192898e-03  -7.2507496e-03  -1.1760351e-03
   6.8200448e-02  -5.9350768e-02  -2.4707537e+00   6.7160631e-03  -9.3199051e-03   4.3339162e-04
  -3.7344297e-02   5.3923633e-02  -3.0705106e+00  -4.6766450e-03  -2.9066998e-03  -1.0321630e-03
  -3.9499520e-02   4.6954294e-02  -2.9883794e+00  -4.7043191e-03  -2.6607157e-03  -1.6263807e-03
  -3.7323231e-02   3.9380357e-02  -2.9766189e+00  -5.7323564e-03  -3.5529620e-03  -1.6185497e-03
  -3.0322139e-02   2.2557150e-02  -2.9026551e+00  -4.8381931e-03  -2.8632903e-03  -1.5936025e-03
  -3.9392781e-02   1.1789119e-02  -2.9034043e+00  -4.0076223e-03  -3.4150624e-03  -1.5957560e-03
  -3.5745218e-02   2.5348157e-02  -2.9398830e+00  -5.1112104e-03  -3.5173886e-03  -1.4370742e-03
  -5.5969474e-02   6.4924700e-03  -2.9325460e+00  -4.5429594e-03  -3.1040185e-03  -1.4895768e-03
  -4.6368825e-02   1.4346628e-02  -2.9049674e+00  -4.4321971e-03  -3.1336346e-03  -1.2960063e-03
  -4.9824504e-02   8.6764742e-03  -2.8948714e+00  -4.2027034e-03  -3.1108350e-03  -1.2823450e-03
  -3.6553361e-02   3.0951523e-02  -2.9578418e+00  -4.8650186e-03  -3.4509639e-03  -1.3896914e-03
  -5.4499291e-02   4.2704818e-02  -2.9133632e+00  -2.3914715e-03  -2.7589837e-03   5.0640001e-04
  -5.0858165e-02   1.5259816e-01  -2.8187096e+00  -4.7101633e-03  -1.0838771e-03   8.3356235e-04
  -2.1160738e-02   1.0294292e-01  -3.2372247e+00  -3.6403286e-04  -5.3657369e-03   9.7147001e-04
   1.8792447e-02   9.4884906e-02  -3.4756207e+00  -3.3591831e-03  -7.2067482e-03   9.8067934e-04
   5.2096845e-03   5.6542311e-02  -3.1134318e+00  -9.9746566e-04  -6.8094455e-03  -2.2086561e-04
  -6.3808878e-03   4.7737839e-02  -3.1270326e+00  -1.9055240e-03  -4.5974222e-03  -7.9364539e-04
  -5.0537937e-02   5.8884038e-02  -3.0673782e+00  -4.9813505e-03  -3.2823934e-03  -5.6244938e-04
   4.0061064e-03   4.9449582e-02  -3.0825714e+00  -2.7667184e-03  -3.6058943e-03  -1.8510244e-03
  -1.7311844e-02   5.9448035e-02  -3.0337682e+00  -3.4348692e-03  -3.0588904e-03  -1.8719229e-03
  -1.3825972e-02   4.5596142e-02  -3.0289156e+00  -2.9061297e-03  -2.8318452e-03  -1.9031915e-03
  -3.9483462e-02   7.6809431e-02  -3.0872486e+00  -4.1170341e-03  -2.3719027e-03  -1.5709739e-03
  -3.3405334e-02   5.4269228e-02  -3.0767953e+00  -3.9581848e-03  -2.7322526e-03  -1.9609516e-03
  -2.1834419e-02   2.9888876e-02  -2.9775509e+00  -2.3893475e-03  -2.5571580e-03  -2.1016839e-03
  -2.5214709e-02   4.6388860e-02  -2.9946790e+00  -3.1161775e-03  -3.0605108e-03  -1.9505632e-03
   2.1110304e-02   2.6808461e-02  -3.0646662e+00  -4.1059185e-03  -5.7912243e-03  -1.0519040e-03
   3.1057015e-02   3.5693840e-02  -3.0236383e+00  -3.4870857e-03  -6.0179345e-03  -1.1153458e-03
  -1.1740195e-01   2.8447809e-01  -2.9954047e+00  -1.0399179e-02   6.2531348e-04  -1.6237869e-03
  -2.0374011e-02   6.2075859e-02  -3.1340127e+00  -2.1680280e-03  -4.8491625e-03  -1.3373867e-05
   1.1456443e-02   7.5038231e-02  -3.1475980e+00  -3.0591251e-03  -5.0986274e-03  -1.2588185e-04
  -2.8115014e-03   3.9277337e-02  -3.0906040e+00  -3.1897921e-03  -5.1561204e-03  -1.8631542e-04
   1.6385746e-02   4.8344967e-02  -3.0545623e+00  -1.9820455e-03  -6.3823909e-03  -3.5589071e-04
   4.8471001e-03   4.1078823e-02  -3.0634177e+00  -2.3798578e-03  -5.4523252e-03  -3.7811036e-04
  -2.6822965e-02   2.6977300e-02  -2.9102878e+00  -2.1425968e-03  -3.4140101e-03  -1.0801591e-03
  -1.7686760e-02   5.5064914e-02  -2.9965196e+00  -2.1679091e-03  -3.3208232e-03  -1.0828201e-03
  -1.0946350e-02   4.0252741e-02  -3.0408007e+00  -2.2640813e-03  -3.9352963e-03  -1.0819398e-03
  -2.7848637e-02   4.2784172e-02  -3.0544818e+00  -2.1065687e-03  -3.3465170e-03  -5.6036353e-04
  -4.0844572e-02   3.4055438e-02  -3.0341133e+00  -4.5836707e-03  -2.6341457e-03  -4.8864507e-04
  -1.3163566e-02   5.5309547e-02  -3.0052309e+00  -2.3304567e-03  -3.3795284e-03  -9.1609039e-04
   7.4303095e-04   4.2191549e-02  -3.0447945e+00  -3.0531971e-03  -2.8709087e-03  -1.1912206e-03
  -2.0250227e-02   4.9174679e-02  -2.9997570e+00  -2.8996499e-03  -2.5746596e-03  -1.2568701e-03
  -2.1459419e-02   2.9668819e-02  -3.0262616e+00  -3.3912694e-03  -2.4636665e-03  -1.2502167e-03
  -2.6639800e-02   2.6143660e-02  -3.0422587e+00  -2.9104900e-03  -2.6653045e-03  -1.4977276e-03
  -3.5402056e-02   2.3618993e-02  -3.0142826e+00  -2.5282705e-03  -2.4250246e-03  -1.3937436e-03
  -3.1917114e-02   7.3120903e-02  -3.1685437e+00  -4.0168628e-03  -1.8283395e-03  -8.3817831e-04
  -1.6504826e-02  -3.3531218e-03  -2.9197515e+00  -2.9505155e-03  -3.4574933e-03   8.9943421e-05
  -2.1558898e-02  -1.0296553e-02  -3.0614792e+00   2.3905692e-03  -2.9648219e-03   2.8879661e-04
  -2.9795863e-02   3.1602217e-02  -3.1011021e+00  -1.2364367e-03  -2.2414244e-03  -1.0368212e-03
  -6.2004156e-02  -2.9707240e-02  -2.7731744e+00  -3.0391334e-05  -6.0694275e-03  -6.3606954e-05
   7.9998883e-03  -6.1427863e-04  -2.7839852e+00   1.0843145e-05  -5.0199248e-03  -1.4579909e-03
  -2.5644901e-02  -7.7411476e-03  -2.7183413e+00  -7.1467071e-05  -4.4584775e-03  -1.5039120e-03
  -1.6923810e-02  -5.1910240e-02  -2.7920401e+00  -8.9841888e-04  -6.0868718e-03  -1.5514491e-03
   3.3256391e-02   4.5067688e-02  -3.8105704e+00  -4.5812013e-03  -1.4920381e-02   7.2057523e-04
   7.4495360e-02  -8.2008756e-02  -3.1626118e+00   2.2335199e-03  -1.1873969e-02  -6.7286381e-04
   2.9018730e-02  -1.7483226e-03  -3.1647901e+00  -1.7566947e-03  -7.7403654e-03  -1.3476273e-03
   2.8719317e-03  -4.0051698e-02  -3.1510439e+00  -2.9265750e-03  -6.7961152e-03  -9.6035532e-04
   5.2580689e-02   1.4314370e-02  -3.2108538e+00  -2.8173873e-03  -9.3417885e-03  -1.1690035e-03
  -9.8599751e-03   4.8329399e-02  -3.2239770e+00  -2.0746336e-03  -6.5644977e-03   4.8939651e-04
   3.4693631e-03   4.3297090e-02  -3.0400011e+00  -2.6028196e-03  -5.4926139e-03  -2.2346123e-04
   1.4108858e-01   3.2477548e-01  -3.2144064e+00  -1.0870526e-02  -1.3743212e-02   4.2213908e-03
   2.3972811e-02   5.1910350e-02  -3.0935055e+00  -1.6093092e-03  -5.1956845e-03  -2.6854470e-03
  -3.7048079e-03   5.4848382e-02  -3.0503444e+00  -2.1417568e-03  -5.4111378e-03  -8.0933959e-04
  -2.4243942e-02   1.8615949e-02  -2.9783385e+00  -1.3671607e-03  -5.3157464e-03  -2.0418122e-04
  -2.5408253e-02   4.4081037e-02  -3.0575767e+00  -2.0404757e-03  -5.2391313e-03   1.7463626e-04
   1.7765099e-01   1.6808698e-01  -3.0185123e+00  -4.8665749e-03  -1.6526841e-02   2.0167884e-03
   1.1507185e-01   1.6585343e-01  -3.0922691e+00  -6.1799170e-03  -1.3920073e-02   1.6887654e-03
   9.6497608e-02   1.2345198e-01  -3.1074557e+00  -5.9370744e-03  -1.2516786e-02   1.4563273e-03
   8.7136811e-02   1.0936818e-01  -3.1350703e+00  -4.5558222e-03  -1.2414214e-02   1.2124925e-03
   6.0046253e-02   1.5159208e-01  -3.1968593e+00  -4.2805424e-03  -1.1152153e-02   1.4758578e-03
   6.0210362e-02   1.4789653e-01  -3.2521163e+00  -5.3429030e-03  -1.0871246e-02   6.0499635e-04
  -1.6955369e-02   1.0731206e-01  -3.2329147e+00  -3.1755516e-03  -7.8716657e-03   1.5962163e-03
  -1.5706112e-02   7.1838200e-02  -3.0370250e+00  -2.3498722e-03  -7.1360389e-03   9.8675122e-04
   4.1374857e-02   1.7386151e-01  -3.2335152e+00  -6.1761262e-03  -9.4440953e-03   9.1827371e-04
   3.2884257e-02   1.5384592e-01  -3.1846040e+00  -7.2606937e-03  -8.8630065e-03   9.3573004e-04
   4.5881024e-02   1.4281416e-01  -3.1776811e+00  -6.4094470e-03  -9.2785281e-03   9.0556647e-04
   4.3675855e-02   2.3988280e-01  -3.2439375e+00  -8.0292350e-03  -9.9415681e-03   1.9567238e-03
   4.2995146e-02   1.1551456e-01  -3.0894913e+00  -4.9004669e-03  -9.3672924e-03  -3.9211722e-04
   3.9600081e-02   9.9815870e-02  -3.0920687e+00  -4.5711326e-03  -9.1063777e-03  -4.1190249e-04
   1.9368678e-02   1.1961672e-01  -3.1571863e+00  -6.0227767e-03  -8.2097072e-03  -3.4913874e-04
   1.0456617e-02   1.2968564e-01  -3.1998886e+00  -7.1930914e-03  -6.9785727e-03  -2.0213027e-04
   1.8349078e-03   1.1375018e-01  -3.2145461e+00  -6.1648765e-03  -6.7612724e-03   1.8083671e-04
  -2.5653082e-02   1.2001081e-01  -3.1350296e+00  -4.4117209e-03  -6.1153276e-03   5.9048731e-04
   4.6577926e-02   1.0936323e-01  -2.7353203e+00  -1.7306708e-02  -1.0025187e-02   2.3675666e-03
  -3.6238200e-02  -4.8133842e-01  -6.6322887e-02   9.9689942e-03  -1.9258146e-02   8.8030050e-03
  -2.2541277e-01  -3.1643405e-01   1.3684520e-01   1.3683740e-02   2.0194775e-03   1.2801892e-02
   7.1106416e-02   1.4673356e-01  -2.8724390e+00  -8.0128424e-03  -1.6308700e-02   8.4698048e-03
   1.3137321e-01   4.6612443e-01  -3.7711781e+00  -1.9237802e-02  -2.0625179e-02   5.8337798e-03
   8.5522375e-02   3.3612153e-01  -3.6923194e+00  -1.6581198e-02  -1.7153452e-02   4.1512060e-03
   7.1150245e-02   3.0410756e-01  -3.5469652e+00  -1.6163744e-02  -1.6380063e-02   3.5817928e-03
   5.7845330e-02   2.7156698e-01  -3.4939487e+00  -1.5906405e-02  -1.6544449e-02   3.4056202e-03
   5.6822315e-02   2.3290753e-01  -3.4621200e+00  -1.6113238e-02  -1.5927885e-02   3.3698737e-03
   4.8241814e-02   2.2817592e-01  -3.4181217e+00  -1.5091027e-02  -1.5680616e-02   3.2104991e-03
   5.5329248e-02   2.2809411e-01  -3.4059761e+00  -1.4559047e-02  -1.6296446e-02   3.4045133e-03
   1.8211451e-02   1.4284272e-01  -3.3255266e+00  -8.8847370e-03  -1.3499869e-02   4.5603676e-03
   6.1843272e-03   1.6031552e-01  -3.1946007e+00  -1.0137004e-02  -1.2933883e-02   4.2743943e-03
   1.1802016e-01   2.4583692e-01  -3.0525184e+00  -1.2201974e-02  -1.8578140e-02   4.9530322e-03
   9.5490057e-02   2.5378148e-01  -3.0744964e+00  -1.1950153e-02  -1.8058001e-02   5.1577657e-03
   9.7508388e-02   2.2608833e-01  -3.0642085e+00  -1.2033420e-02  -1.7602856e-02   4.8095704e-03
   1.1123388e-01   1.6584709e-01  -3.1973603e+00  -9.8074734e-03  -1.9341155e-02   3.9690189e-03
   7.1979594e-02   1.7859063e-04  -2.9893155e+00  -5.6202119e-03  -1.7893109e-02   2.2384243e-03
   4.3588532e-02   6.9837054e-02  -2.8865043e+00  -7.6391128e-03  -1.3892512e-02   1.5936305e-03
   6.3560443e-03   6.6022332e-02  -2.8407645e+00  -7.0610061e-03  -1.3408630e-02   2.2869540e-03
   3.9532915e-02  -4.2499852e-03  -2.8820679e+00  -5.2039885e-03  -1.1479826e-02   2.8998642e-04
   6.3218820e-03   2.7513295e-02  -2.7591803e+00  -4.9908551e-03  -1.3222754e-02   1.6827619e-03
   4.7745898e-03   2.6224077e-02  -2.6959799e+00  -3.9322821e-03  -1.2679671e-02   1.6643271e-03
  -1.6732961e-02  -5.6323268e-03  -2.6882194e+00  -4.5359456e-03  -1.1070581e-02   6.6002200e-04
  -8.5652649e-03   3.0039324e-02  -2.6931845e+00  -4.4501998e-03  -1.1579639e-02   1.7019660e-03
  -3.5274056e-02  -6.3057971e-03  -2.6456061e+00  -3.4672218e-03  -1.0817240e-02   1.2278450e-03
  -2.6186209e-02  -1.2455379e-02  -2.6823492e+00  -4.1768107e-03  -1.0840037e-02   8.3890285e-04
  -8.9016677e-03  -1.3334658e-01  -2.8483709e+00   2.4084237e-03  -1.2618001e-02   3.7160454e-03
  -3.4068375e-02   2.4565288e-03  -2.9925939e+00  -3.9438919e-03  -6.7756310e-03   4.0053876e-04
  -4.9751642e-02  -7.7259019e-02  -2.5699065e+00  -1.0415659e-03  -6.4362980e-03   7.4432031e-04
   2.2481248e-02  -1.5615175e-01  -2.6601748e+00   5.9322920e-03  -8.3266370e-03   4.3431671e-04
  -5.0927264e-02  -1.4482497e-01  -2.4513531e+00   4.3571853e-03  -6.0216166e-03   8.5588166e-04
  -5.4337995e-02  -1.1050542e-01  -2.4962209e+00   2.3752206e-03  -5.7218848e-03   3.7953823e-04
  -9.0879418e-02  -1.1047336e-01  -2.5348725e+00   3.1397798e-03  -4.7025369e-03   1.1177475e-03
  -8.3652076e-02  -6.9430579e-02  -2.5970246e+00   3.2428836e-04  -4.9178491e-03  -6.9960829e-06
  -9.0733683e-02  -9.0326732e-02  -2.6499902e+00  -2.6003949e-04  -5.1952629e-03  -3.9028771e-04
  -5.3769485e-02  -7.4527639e-02  -2.6682068e+00  -6.9704125e-04  -5.7565348e-03  -4.9741630e-04
  -5.9635758e-02  -6.5691629e-02  -2.6340933e+00  -2.2159243e-04  -5.7918830e-03  -3.7659493e-04
  -2.1190792e-02  -1.2914612e-01  -2.9460392e+00   9.4884769e-03  -8.5643629e-03   2.7525710e-03
  -2.8356785e-03   2.0922900e-02  -3.9491308e+00  -3.7541628e-03  -1.1841406e-02   2.2798701e-03
  -1.7326461e-02   5.9321580e-02  -3.7762604e+00  -3.1229753e-03  -1.0248360e-02   1.3909915e-03
  -8.8604882e-03  -2.7416577e-05  -3.7584361e+00  -3.7461010e-03  -1.1841670e-02   9.5794832e-04
   1.1239914e-02   5.5687922e-02  -3.5290397e+00  -2.6934782e-03  -8.2354936e-03   5.2502656e-04
  -4.6643450e-02  -2.5760920e-03  -3.3961397e+00  -1.6333928e-03  -7.5928145e-03   1.0111506e-03
  -2.2226731e-02  -4.6370734e-02  -2.9268601e+00  -5.3057115e-03  -6.6263536e-03  -5.0354213e-04
  -5.6900442e-02  -2.5328574e-02  -2.9019017e+00  -1.8443634e-03  -4.5986772e-03  -1.6065191e-03
  -5.6287191e-02   6.3282642e-02  -2.8815401e+00  -2.0054200e-03  -4.9521154e-03   1.3851334e-03
  -7.2501921e-02  -2.4189576e-02  -2.8982729e+00  -1.3214211e-03  -5.2385903e-03  -6.6605799e-05
  -6.8878536e-02  -4.5113042e-02  -2.8687792e+00  -8.8761215e-04  -5.1163854e-03  -3.2403177e-04
  -8.0836493e-02  -4.8653095e-02  -2.8770537e+00  -1.7937994e-04  -5.5901464e-03   2.9433608e-04
  -8.0452995e-02  -3.1277079e-02  -2.9176237e+00  -5.5350528e-04  -5.9570445e-03   1.9627758e-04
  -8.6994284e-02  -3.6059969e-02  -2.8844430e+00  -1.9815998e-03  -4.7992294e-03  -5.1988079e-04
  -6.9901556e-02  -3.0619026e-02  -2.9155073e+00  -1.3898851e-03  -6.3230309e-03  -6.5375767e-06
  -6.2619000e-02  -4.3807995e-02  -2.8390983e+00  -7.1310481e-04  -5.5806200e-03  -6.8543652e-04
  -5.9292817e-02  -3.4787027e-02  -2.8433419e+00  -2.3083629e-03  -4.6905597e-03  -5.3413207e-04
  -7.2288676e-02  -1.8560014e-02  -2.8265795e+00  -1.3306592e-03  -5.2085172e-03  -5.1643472e-04
  -5.2591521e-02  -1.2508905e-02  -2.8887626e+00  -8.5608166e-04  -6.4446629e-03  -5.9078561e-04
  -5.6635225e-02  -4.5645605e-02  -2.8779859e+00  -6.3718507e-04  -5.8772711e-03  -9.2718176e-04
  -5.2238546e-02  -4.4330576e-02  -2.9031690e+00  -5.9030881e-04  -6.3074832e-03  -5.7441622e-04
  -6.0723453e-02  -4.7223410e-02  -2.8834634e+00  -8.6985229e-04  -5.9604191e-03  -8.6930551e-04
  -6.0377018e-02  -3.0696728e-02  -2.9193521e+00  -1.1815626e-03  -5.4457182e-03  -9.0105624e-04
   2.9107530e-02  -6.5589894e-02  -3.0477814e+00  -2.4650907e-04  -1.1645439e-02  -3.5717174e-05
  -1.2506057e-01   1.8498736e-02  -3.3293174e+00  -1.9454024e-03  -6.1345624e-03   1.0383569e-03
  -3.9947633e-02   1.3838588e-01  -3.3425638e+00  -8.6832432e-03  -6.5573628e-03  -4.2513519e-04
  -5.0724517e-02  -1.2867791e-02  -3.1564914e+00  -4.3437368e-03  -6.1478354e-03  -7.9038347e-04
  -2.4121455e-02  -4.5509110e-02  -3.1806751e+00  -3.1293103e-03  -6.8456208e-03  -9.6729277e-04
  -2.0148592e-02  -6.9288099e-03  -3.1928960e+00  -3.0513609e-03  -8.0592033e-03  -6.5488155e-04
  -3.9095906e-02  -5.6394111e-03  -3.0819208e+00  -2.4496176e-03  -6.9644692e-03  -6.1414131e-04
  -2.7647400e-02  -1.7886229e-02  -3.0825757e+00  -2.8612864e-03  -7.9509650e-03  -4.6297606e-04
  -7.1972698e-02   1.1267535e-02  -3.1816191e+00  -4.0881052e-03  -7.2790023e-03  -7.3460328e-06
  -5.4545533e-02   1.4982759e-03  -3.1177939e+00  -3.1593207e-03  -7.6059586e-03  -1.8495710e-04
  -2.0205511e-02  -1.2158463e-02  -3.1208355e+00  -1.6903350e-03  -8.1993709e-03  -3.7912805e-04
  -2.3110535e-02  -1.2400342e-02  -3.1025250e+00  -1.7133239e-03  -8.2245838e-03  -1.7834687e-04
  -6.8494838e-03  -1.1143205e-02  -3.0887063e+00  -1.1506314e-03  -9.2440921e-03  -2.3413806e-04
  -1.3456543e-02  -2.1874049e-02  -3.0726194e+00  -1.2601472e-03  -8.8490724e-03  -7.3812708e-05
  -1.8158235e-02  -1.9999606e-02  -3.0663640e+00  -1.2284109e-03  -8.2838145e-03  -2.9560030e-04
  -3.0388756e-02  -4.6710566e-02  -3.0494274e+00  -8.7585850e-04  -7.9310409e-03  -9.4254316e-05
  -2.9392710e-02  -3.4344470e-02  -3.0847407e+00   3.0517775e-04  -8.5146211e-03   6.3654830e-05
  -4.1321927e-02  -2.9465619e-01  -1.5630228e+00   7.3615888e-03  -1.1892026e-02  -9.5023638e-04
  -7.0588384e-02  -3.3013195e-01  -7.3382360e-01  -4.2801432e-04  -1.9533044e-02   1.7468183e-03
  -1.2028360e-01  -2.2156967e-01  -1.0000375e+00   8.2400864e-03  -1.3716163e-02   3.3547197e-03
  -7.4117258e-02   8.0221170e-02  -2.8249865e+00   1.8717134e-05  -1.1359506e-02   3.7600684e-03
  -5.1835682e-02   2.8815685e-02  -3.1000531e+00  -3.6386718e-03  -1.2453770e-02   2.4779870e-03
  -4.2553657e-02  -9.1860006e-04  -2.9784003e+00  -1.8615709e-03  -1.2241294e-02   2.3055040e-03
  -2.8435125e-02   2.3021972e-03  -2.9495035e+00  -1.6531618e-03  -1.2173466e-02   1.8331589e-03
  -3.3658753e-02   7.3118851e-03  -2.9086597e+00  -2.2483697e-03  -1.1806546e-02   1.7975167e-03
  -1.2835770e-02  -2.0390694e-02  -3.3212057e+00  -4.9753693e-03  -1.1628782e-02   2.0973970e-03
  -1.3098857e-02   5.1821359e-02  -3.1728876e+00  -4.7740873e-03  -1.2079608e-02   2.4107218e-03
  -1.9488754e-02   2.2487317e-02  -3.1167726e+00  -3.0115339e-03  -1.2115385e-02   2.3488627e-03
  -3.7350544e-02   3.0664176e-02  -3.0942666e+00  -2.4618014e-03  -1.1057815e-02   2.8401920e-03
  -2.8644296e-02   7.3737677e-03  -3.1112028e+00  -2.5913581e-03  -1.1866183e-02   2.6238156e-03
  -3.9488382e-02   1.2367445e-02  -3.0419284e+00  -2.7079476e-03  -1.1313672e-02   2.4211270e-03
  -1.2279169e-02  -3.4752168e-02  -2.9723574e+00  -6.5704481e-04  -1.2607040e-02   2.4504518e-03
  -3.3206618e-02  -1.4031456e-02  -2.9317195e+00  -1.5415655e-03  -1.1422318e-02   1.8602500e-03
  -1.8932253e-02  -6.0877256e-02  -2.9639633e+00  -2.4281700e-03  -1.1249174e-02   1.0650535e-03
  -3.0472498e-02  -9.0513317e-03  -2.9377805e+00  -2.3715513e-03  -1.0171744e-02   1.1234420e-04
   9.6747842e-03  -6.8158175e-02  -2.5907448e+00   1.4605369e-05  -1.3086869e-02   3.0364967e-04
  -7.5437918e-03  -6.4691056e-02  -2.6657286e+00   9.2165024e-04  -1.2440300e-02   1.2695218e-03
  -1.8600997e-02  -5.8398101e-02  -2.6767216e+00   2.8799780e-04  -1.1847932e-02   7.0040654e-04
  -2.1197398e-02  -5.7770308e-02  -2.6767987e+00   7.8688221e-04  -1.1502824e-02   7.7824737e-04
  -1.1870814e-02  -8.5180875e-02  -2.7039523e+00   1.0713794e-03  -1.1517805e-02   6.4946527e-04
  -3.1519527e-02  -6.0735414e-02  -2.7107611e+00   2.3555599e-04  -1.0392843e-02   4.0259379e-04
  -1.8523809e-02  -7.4121750e-02  -2.7393885e+00   8.2000931e-04  -1.1280996e-02   4.8981637e-04
   2.6222430e-02  -7.6424222e-02  -2.7766772e+00   2.2977871e-03  -1.3424065e-02   1.4222015e-03
   1.4740134e-02  -3.8535580e-02  -2.8912540e+00   1.8987077e-03  -1.2972679e-02   1.1114103e-03
  -5.8168164e-02  -2.5228382e-02  -2.7858647e+00   1.3754844e-03  -9.3577952e-03   1.6006709e-03
  -4.7998692e-02  -5.9574411e-02  -2.8242358e+00   2.8910825e-04  -8.3739664e-03   8.6299048e-04
  -5.8762030e-02  -4.1622420e-02  -2.7734969e+00   8.5008738e-05  -7.8802326e-03   2.2029716e-04
  -7.4039690e-02  -1.9045857e-02  -2.7781420e+00  -8.6937834e-04  -7.8368324e-03   4.2524227e-04
  -5.9276136e-02  -1.4271352e-02  -2.9647526e+00  -6.8468130e-04  -8.1579579e-03   4.6229335e-04
  -6.3553793e-02  -1.9532115e-02  -2.9254227e+00  -7.7930523e-04  -7.9390492e-03   2.0143100e-04
  -7.0960660e-02  -4.2583225e-02  -2.8608385e+00   5.7748315e-04  -7.6688945e-03  -6.7430906e-05
  -1.3040458e-01   1.1312058e-02  -2.8511954e+00  -6.6284872e-03  -3.2061974e-03  -3.5525285e-03
  -8.2830266e-02  -1.2092669e-02  -2.8503936e+00  -2.6801437e-03  -6.8765451e-03  -1.2915305e-03
  -6.4477254e-02  -2.4808291e-02  -2.7723691e+00  -1.3831034e-03  -5.5490717e-03  -1.7902602e-03
  -7.3152581e-02  -4.5128960e-02  -2.8322303e+00  -3.5532330e-04  -6.7080319e-03  -1.4727969e-03
   1.1923189e-02  -1.0856173e-01  -2.1011646e+00   1.0771331e-02  -1.1148210e-02   7.0321977e-05
   1.1761646e-01   4.9761518e-01  -3.2821490e+00  -1.6312394e-02  -9.9069833e-03   3.2876883e-03
  -2.8916452e-02   9.6360007e-02  -3.4088999e+00  -1.2054565e-03  -7.4775721e-03   2.4824380e-03
  -3.9348993e-02   1.1851740e-02  -3.4449528e+00  -1.3274607e-03  -4.3940847e-03   5.4487983e-04
  -4.2543558e-02   7.1671809e-03  -3.2931398e+00  -1.6042768e-03  -4.8339194e-03   3.3819723e-04
  -4.5107800e-02  -1.5552413e-02  -3.1404984e+00  -1.9149471e-03  -6.1094137e-03  -7.8746903e-04
  -6.2564174e-02  -6.7696190e-03  -3.0745987e+00  -2.7604438e-03  -5.2219813e-03  -1.3573571e-03
  -6.7758526e-02  -4.3651728e-02  -3.0784133e+00  -8.2385144e-04  -7.3269927e-03   1.2768564e-04
  -8.0032316e-02  -2.2870537e-01  -2.9633232e+00   1.0227957e-02  -9.9286246e-03   1.8645415e-03
  -1.3043414e-01  -4.0725750e-01  -2.3517671e+00   1.9317466e-02  -1.1140358e-02   2.4310579e-03
  -7.6186048e-02  -4.9222600e-01  -2.4103515e+00   2.2881338e-02  -1.2093605e-02   4.7044786e-04
  -1.0953958e-01  -4.4943177e-01  -2.3478131e+00   2.1522680e-02  -1.2134558e-02   1.9988551e-03
  -1.3033945e-01  -4.5868301e-01  -2.3784255e+00   2.1977413e-02  -1.1191523e-02   1.7432612e-03
  -1.5415758e-01  -4.7275026e-01  -2.3719790e+00   2.2333472e-02  -1.0717479e-02   2.7274175e-03
  -1.0679431e-01  -5.2250728e-01  -2.3605936e+00   2.3210274e-02  -1.1061709e-02   1.6657444e-03
  -1.5823750e-01  -5.1081963e-01  -2.3759520e+00   2.1888752e-02  -9.1478676e-03   1.0150249e-03
  -1.4994988e-02  -2.4807370e-01  -2.5571087e+00   1.8806291e-02  -1.4766710e-02   3.3443361e-03
  -1.1094046e-01  -7.6924149e-02  -3.0495662e+00   5.4675375e-03  -5.5739175e-03  -7.4202906e-04
  -1.8613431e-01  -1.9796430e-01  -2.7675034e+00   8.8144049e-03  -4.5563124e-03   1.2891308e-04
  -1.6213515e-01  -1.6365295e-01  -2.7042761e+00   8.3364891e-03  -5.8339653e-03  -4.0212479e-04
  -1.4894687e-01  -1.4062510e-01  -2.7230316e+00   6.1869699e-03  -5.6153100e-03  -5.2071041e-04
  -1.2826742e-01  -1.3590654e-01  -2.7691144e+00   5.4745354e-03  -5.6614686e-03  -8.4778061e-04
  -9.7990827e-02  -1.1727868e-01  -2.5427133e+00   4.2626138e-03  -8.4902182e-03   1.8824742e-03
  -1.0187168e-01  -7.7820801e-02  -2.8847623e+00   4.0684972e-03  -6.9275712e-03   6.2498645e-04
  -5.1451400e-02  -6.9459228e-02  -3.0041741e+00   1.7332496e-03  -7.7027313e-03  -1.3288914e-03
  -7.4943307e-02  -9.4866318e-02  -2.9191877e+00   2.6313139e-03  -6.8346899e-03  -9.5880126e-04
  -7.0916629e-02  -1.0101250e-01  -2.9621162e+00   1.7469523e-03  -7.1175983e-03  -8.4557518e-04
  -5.3204508e-02  -5.4147221e-02  -2.9353915e+00   5.5221321e-03  -7.9443860e-03   7.7449519e-04
  -2.5175245e-02  -8.3248665e-02  -3.0202914e+00   3.5397745e-03  -9.9648097e-03   5.1239952e-04
  -5.7820527e-02  -9.5070713e-02  -3.0591641e+00   8.0646256e-03  -8.4724204e-03   1.8057301e-03
  -4.1933012e-02  -1.5640241e-01  -2.6038217e+00   6.6367736e-03  -7.4145629e-03   1.6821167e-03
  -1.4040184e-01   6.2249473e-02  -3.1909959e+00  -8.1563402e-05  -7.6841731e-04   6.7679345e-04
  -6.6004835e-02  -4.9643859e-03  -3.6559446e+00  -6.6740239e-03  -8.7879947e-03   3.5705037e-03
  -3.7326850e-02  -2.8108342e-02  -3.4522016e+00   1.1102272e-03  -7.3925259e-03   1.1589755e-03
  -4.0940205e-02  -9.7795980e-02  -3.3074796e+00   2.2259151e-03  -7.8225606e-03   7.5331806e-04
  -3.9150510e-02  -7.7345914e-02  -3.3226765e+00   1.7991157e-03  -8.1573381e-03   6.1289827e-04
  -4.7596504e-02  -6.0400123e-02  -3.2991594e+00   1.6116537e-04  -6.7584849e-03   3.8138223e-04
  -4.9249500e-02  -6.3943551e-02  -3.2451279e+00   5.5944133e-04  -7.0073981e-03   3.2879198e-04
  -7.3542939e-02  -5.7000163e-02  -3.2141665e+00   6.5341137e-04  -6.4963310e-03   1.9034787e-04
  -7.8623628e-02  -3.7073798e-02  -3.1965648e+00  -6.0136776e-04  -6.3250528e-03   1.4889773e-04
  -1.1335107e-01  -4.1898164e-02  -2.9759599e+00   2.3230089e-05  -5.4010360e-03  -1.9455944e-04
  -9.4917942e-02  -5.0137288e-02  -3.0005236e+00   9.1435060e-05  -5.0966470e-03  -6.3989862e-04
  -8.5493763e-02  -5.7501188e-02  -2.9777057e+00   2.2129273e-03  -5.6638155e-03   1.1520849e-04
  -3.4250239e-02  -1.2419155e-02  -3.0581370e+00  -3.2225066e-03  -7.5801006e-03   6.4645703e-04
  -8.2925380e-02  -6.3772506e-02  -2.8873360e+00   1.8887748e-03  -5.4027200e-03  -5.7380508e-04
  -8.7743299e-02  -3.9696343e-02  -2.9296744e+00  -3.6878927e-04  -5.1759331e-03  -9.6034821e-04
  -9.4937713e-02  -7.1155111e-02  -2.9261049e+00   4.7118898e-05  -5.3002414e-03  -1.0715740e-03
  -8.8919347e-02  -6.8684740e-02  -2.9854330e+00  -6.9670301e-05  -5.8593878e-03  -3.3070657e-04
  -9.2903208e-02  -6.1506033e-02  -2.9699348e+00   1.1311604e-04  -6.0478222e-03  -5.4626158e-04
  -8.9635461e-02  -4.5723889e-02  -2.9865962e+00  -2.9947596e-04  -5.8569941e-03  -1.0196796e-03
  -4.9094847e-02  -7.8628589e-02  -2.9025745e+00   1.5055189e-03  -8.1011605e-03  -7.3631256e-04
  -6.5508335e-02  -5.8731985e-02  -2.9541372e+00  -2.8540394e-04  -6.8775958e-03  -8.7048332e-04
  -7.3168551e-02  -7.0235523e-02  -2.9837863e+00   1.5339645e-03  -6.9285067e-03  -8.1931047e-04
  -3.6789641e-02  -1.2557719e-01  -2.9127318e+00   9.8312981e-04  -8.8293128e-03  -6.0795504e-05
  -6.0213487e-02  -2.6354634e-02  -3.0078908e+00   3.8638507e-04  -5.2596073e-03  -3.8818416e-04
  -8.3073440e-02  -2.0298175e-02  -2.9211632e+00  -1.8931585e-04  -4.8579776e-03  -7.9464347e-04
  -5.1618777e-02   3.9149948e-02  -2.9773491e+00   3.8232145e-04  -6.2160999e-03   1.4454519e-03
  -8.4214478e-02  -3.5229427e-02  -2.9021760e+00   1.3693365e-03  -5.0949148e-03   2.0435479e-05
  -8.2992252e-02  -4.3267400e-03  -2.9326484e+00  -4.1349581e-04  -5.2831947e-03  -8.8003271e-05
  -6.9999622e-02  -3.7670804e-02  -2.9455088e+00   3.0149047e-04  -5.4224740e-03  -7.1978324e-06
  -7.8251758e-02  -4.6565642e-02  -2.9289456e+00   3.4207191e-04  -5.2446643e-03  -3.4276769e-04
  -6.9256715e-02  -2.8354041e-02  -2.9350230e+00   9.0506716e-05  -5.2470262e-03  -6.6247657e-04
  -6.7629735e-02  -5.2002598e-02  -2.8757711e+00  -1.3666264e-04  -5.1333569e-03  -9.4555883e-04
  -7.7198963e-02  -3.6090961e-02  -2.8928563e+00   4.2499215e-04  -4.2141474e-03  -6.2469603e-04
  -7.9649174e-02  -3.0446787e-02  -2.9527537e+00  -3.4898380e-04  -4.7647489e-03  -6.2963683e-04
  -2.4999597e-02  -4.9243418e-02  -2.8755634e+00  -3.8987717e-03  -8.4908731e-03   2.2211477e-03
  -7.3095267e-02   1.9760987e-02  -3.1078465e+00  -5.0814971e-03  -8.1354067e-03   2.9849190e-03
   8.2582043e-03   4.3012359e-01  -4.2462693e+00  -1.6813683e-02  -5.5862428e-03   4.7503008e-03
  -5.1765376e-02  -2.5032174e-01  -3.1102722e+00   1.1972787e-02  -8.3872363e-03   4.0287583e-03
  -1.1255497e-01  -4.1491299e-01  -2.7482392e+00   1.7504566e-02  -4.3188398e-03   2.2922893e-03
  -1.4238778e-01  -5.3109889e-01  -2.4021074e+00   2.3061974e-02  -5.3468354e-03   2.3095923e-03
  -1.4935039e-01  -5.6075226e-01  -2.3942022e+00   2.5304187e-02  -6.5755419e-03   3.3224401e-03
  -9.4359126e-02  -6.0838867e-01  -2.4744142e+00   2.3302988e-02  -6.2226713e-03   6.0855924e-04
  -1.2812339e-01  -5.4256053e-01  -2.3556976e+00   2.3915504e-02  -5.0710018e-03   1.6445110e-03
  -6.7193759e-02  -5.5535854e-01  -2.5452037e+00   2.3462862e-02  -8.2757245e-03   1.5396712e-03
  -7.9005511e-02  -6.1191413e-01  -2.5004810e+00   2.2936620e-02  -5.9176255e-03  -8.8088677e-04
  -1.4463267e-01  -6.2344657e-01  -2.3394995e+00   2.5186230e-02  -6.6351849e-03   1.3241740e-03
  -1.2425311e-01  -2.7736842e-01  -2.6169609e+00   1.7314610e-02  -5.3747837e-03   7.4630907e-04
  -1.1425527e-01  -2.4322368e-01  -2.9202307e+00   1.1490649e-02  -3.6179894e-03   5.0461682e-04
  -9.6127967e-02  -2.3068324e-01  -2.9295319e+00   1.0151816e-02  -3.5435391e-03   1.8004131e-04
  -7.3166111e-02  -2.0249360e-01  -3.0274568e+00   7.4781656e-03  -4.4161612e-03  -7.9067860e-05
  -2.7255497e-02  -2.4046957e-01  -2.9308838e+00   8.8543669e-03  -6.2750688e-03   1.9031266e-04
  -2.4712358e-02  -1.9975791e-01  -2.9183821e+00   9.0285225e-03  -6.8024144e-03   5.7297981e-04
   6.4093869e-03  -2.5960704e-01  -2.9457059e+00   1.0609404e-02  -8.8741890e-03   5.3494255e-04
  -1.7053931e-02  -1.4394819e-01  -3.2283541e+00   6.8488199e-03  -5.6641051e-03   9.9842489e-04
  -5.9358977e-02  -1.9920883e-01  -3.1584866e+00   8.1890825e-03  -5.3575730e-03   1.7333662e-03
  -1.7511701e-02  -1.4722540e-01  -3.0846073e+00   6.8739090e-03  -7.1499245e-03   1.5386645e-03
  -2.4246436e-02  -1.2658262e-01  -3.0269905e+00   4.6853197e-03  -5.5735277e-03   4.5919658e-04
  -7.1292799e-02  -7.2926781e-02  -3.0235361e+00   1.7280658e-03  -2.5891724e-03   1.6434393e-03
  -5.9225142e-02  -1.3567084e-01  -3.2584293e+00   2.8020001e-03  -4.6433452e-03   9.4063467e-04
  -7.1692292e-02  -1.1656957e-01  -3.1300307e+00   2.5457967e-03  -3.4815743e-03   4.9471058e-04
  -4.7092034e-02  -1.4461728e-01  -3.0999119e+00   2.6026481e-03  -3.6239972e-03  -7.1798766e-05
  -5.8281372e-02  -8.6769892e-02  -3.1372719e+00   9.9507950e-04  -2.4518362e-03  -4.7137878e-04
  -6.1617311e-02  -1.3558217e-01  -3.1354116e+00   1.5992364e-03  -3.0059230e-03  -3.1761375e-05
  -5.7056962e-02  -8.5780306e-02  -3.1489145e+00  -2.0380793e-04  -3.3734830e-03   1.3906135e-04
  -3.9981444e-02  -1.2182348e-01  -3.1037512e+00   2.3699909e-03  -4.2088637e-03  -2.7712788e-04
  -3.1522713e-02  -4.3048707e-02  -3.1496020e+00   2.0998343e-03  -4.4098530e-03   5.8503577e-04
  -2.2449647e-02  -8.8288752e-02  -3.1200894e+00   3.9771703e-03  -5.8148200e-03   2.1093429e-04
  -2.9822154e-02  -6.0759284e-02  -3.3193978e+00  -3.6133216e-03  -3.6843454e-03  -1.3008670e-04
  -8.4753532e-02  -2.5811321e-02  -3.3622444e+00  -2.1154640e-03  -1.2226697e-03  -3.0183762e-04
  -6.5707182e-02  -1.0348430e-01  -3.2309390e+00   2.6136717e-03  -3.5123463e-03   4.4802706e-04
  -9.9096547e-02  -2.2130591e-02  -3.0770001e+00   8.3502800e-04   1.7948011e-03  -9.6509555e-04
  -9.0650861e-02  -6.8753651e-02  -3.0421423e+00   1.1915323e-03   1.0920741e-03  -1.2323271e-03
  -8.5226331e-02  -7.0555246e-02  -3.0716873e+00   1.2750710e-04   5.1828163e-04  -1.5342622e-03
  -9.4337375e-02  -1.1000700e-01  -3.1004951e+00   3.9858944e-03   1.2474647e-03  -1.7812112e-03
  -9.1838853e-02  -2.8277182e-02  -3.3224360e+00  -2.0265130e-03   1.1899736e-03  -1.4311794e-03
  -8.8129765e-02  -2.5569225e-02  -3.2943689e+00  -1.5433938e-03   8.4165414e-04  -1.1465505e-03
  -1.2130519e-01   1.8036971e-02  -3.2825077e+00  -2.2616261e-03   2.4136326e-03  -1.4571628e-03
  -9.6734755e-02  -2.8512628e-02  -3.2924247e+00   2.8748456e-04   9.3391446e-04  -1.1366200e-05
  -9.3524347e-02  -2.7555460e-02  -3.2433814e+00   8.9063197e-05   9.2539263e-04  -4.9293050e-04
  -7.5260667e-02  -4.8895986e-02  -3.2650101e+00  -6.0577123e-04   7.5721289e-04  -1.3289813e-03
  -9.0594184e-02  -3.3136978e-02  -3.2620953e+00  -1.1237682e-04   1.2485060e-03  -1.1082304e-03
  -4.5155130e-02  -1.2027898e-01  -3.2307885e+00   1.3863056e-03  -1.5624177e-03  -3.9694851e-04
  -1.7883263e-02  -4.7904401e-02  -3.6140349e+00  -2.6569514e-04  -3.7885477e-03  -2.3290676e-04
   1.7830109e-02   1.8623991e-01  -3.6877128e+00  -2.3852657e-02  -7.3142490e-03   8.1720162e-04
  -1.6863599e-02  -3.8701539e-01  -1.6660106e+00  -8.7141544e-03  -2.2436284e-02   9.0089729e-03
  -1.8938225e-01  -6.0653199e-01  -8.0240139e-01   1.5464545e-02  -1.4257816e-02   1.2726040e-02
  -2.0604964e-01   1.5216076e-01  -3.0318028e+00  -1.1648799e-02  -2.9326656e-03   5.2613725e-03
  -3.2559737e-02   1.8364431e-01  -3.8191103e+00  -1.3071895e-02  -7.1930311e-03   3.7018620e-03
  -3.6906902e-02   7.4667320e-02  -3.4524404e+00  -7.2807814e-03  -8.1139049e-03   3.4954891e-03
  -2.9758281e-02  -2.2514902e-02  -3.3526648e+00  -3.7348731e-03  -8.8080883e-03   3.4214337e-03
