   0.0000000e+00   0.0000000e+00   0.0000000e+00   0.0000000e+00   0.0000000e+00   0.0000000e+00
  -2.8311401e-02   1.9543933e-02   4.7504889e-01  -1.8130218e-04   7.4170598e-04   1.4205760e-04
  -3.3999915e-03   3.3573575e-03  -3.9839842e-02   1.9917290e-03  -1.6850480e-03   1.8562573e-04
   1.7429598e-03   2.4614157e-02   3.2308435e-01  -7.3422745e-04  -7.6632344e-04   1.0756262e-04
   4.8193135e-03   1.8808048e-03   1.9105806e-01   9.2014091e-04  -1.4115197e-03  -4.3868743e-04
  -2.0416023e-02   4.8442578e-02   3.1775091e-01   3.8671896e-03  -9.9326325e-04   2.7907326e-04
  -7.7658187e-03   2.7503766e-02   1.5183592e-01   7.7949961e-04  -1.6641703e-03  -5.8686651e-05
  -4.0635365e-02   1.0404226e-02   2.5933724e-01   5.4185835e-04  -1.3507374e-03   1.1502921e-03
  -9.9630833e-03   1.5688656e-02   2.3333161e-01   3.7767330e-03   8.3925581e-06   6.2346339e-04
  -1.5813401e-02   3.0730480e-02   1.9515085e-01   1.9421759e-03  -1.5127256e-04   6.8147936e-04
  -2.1518101e-02   1.2562743e-01   4.0570522e-01   1.0587551e-02  -1.8447433e-03   6.0688993e-04
  -1.3768166e-02  -2.5694464e-04  -3.8548442e-01  -3.3943589e-03  -2.4239043e-03   1.3320282e-04
  -1.4335810e-02   2.5077107e-02   2.6569301e-01   3.3919489e-03  -4.3558656e-05   4.2551219e-04
  -2.6943232e-02   4.4886897e-02   1.9124378e-01   7.2620356e-04  -1.4256976e-04   3.1424672e-04
   8.7000150e-03   4.5776722e-02   7.3437639e-02  -9.3140430e-03  -2.1824030e-03  -1.8909037e-03
   1.3303521e-01   1.0042163e-01  -5.3246537e-02  -5.3219607e-03   1.5313681e-04  -4.1066770e-03
   2.9338768e-02  -2.7028826e-02  -7.6026607e-02  -2.3104891e-02  -4.8432366e-03  -1.1856153e-03
   6.3957620e-02   5.2652482e-02   4.7099974e-01  -1.1320345e-02  -9.5984526e-03  -2.4103978e-03
   3.2886085e-02   1.2333564e-01   1.9960714e-01  -1.2149032e-02  -4.9932029e-03  -2.3351765e-03
   7.7836214e-02   6.1766840e-02   5.4687521e-01  -2.5982462e-02  -3.6945681e-04  -1.4988046e-03
   7.0376907e-02   1.4717795e-01   1.1884614e+00  -1.5516125e-02  -7.0505395e-04  -9.3378839e-04
   4.8139903e-02   8.7490098e-02   1.1611950e+00  -7.5102766e-03  -3.6990012e-03  -8.8293626e-04
   7.0926463e-02   8.8784813e-02   1.0572361e+00  -1.4141000e-02  -6.6413796e-03  -1.5923667e-03
   7.9785463e-02   1.1306087e-01   1.1208895e+00  -1.3994316e-02  -6.3291696e-03  -1.6075958e-03
   7.3610241e-02   1.0933148e-01   1.1841079e+00  -1.2222073e-02  -6.0863159e-03  -1.4148744e-03
   8.2738592e-02   8.7861235e-02   1.1014114e+00  -1.2136695e-02  -5.7044962e-03  -1.3848017e-03
   1.0617783e-01   9.7277271e-02   1.0791852e+00  -1.6876449e-02  -6.3827981e-03  -2.4992142e-03
   1.4869671e-01   2.5595133e-02   1.1795983e+00  -9.3529789e-03  -2.0782749e-03  -1.8377675e-03
   1.1076515e-01   4.2748731e-02   1.3512123e+00  -1.4554618e-02  -4.4018713e-03  -1.7243424e-03
   1.4384404e-01   5.9930169e-02   8.7846027e-01  -1.5525037e-02  -4.3032663e-03  -2.1564542e-03
   1.5156530e-01  -1.1968347e-02   6.3116736e-01  -2.0867358e-02  -1.5655416e-03  -1.8313808e-03
   1.5275812e-01   1.5317732e-02   6.1041191e-01  -2.0474451e-02  -8.0150962e-04  -1.7498034e-03
   1.7960531e-01  -3.7871635e-02   5.4831226e-01  -1.8692241e-02  -2.4479420e-04  -1.8941356e-03
   1.7192433e-01  -4.2975897e-02   1.5335885e+00  -6.1295429e-03   4.2941352e-04  -1.0026900e-03
   9.2386391e-02  -1.4373529e-02   1.3837296e+00  -5.1715008e-03  -3.3214104e-03   2.9168618e-04
   8.9967486e-02  -2.4230790e-02   1.1862642e+00  -6.7648945e-03  -3.6705261e-03   4.6315914e-04
   9.9010299e-02  -5.4421569e-02   9.7921557e-01  -8.2377208e-03  -4.4777071e-03   3.7915439e-04
   1.2649601e-01  -5.5112948e-02   7.6871981e-01  -1.1413244e-02  -5.8634310e-03  -1.0412416e-03
   7.7029093e-02  -1.1759866e-01   1.2491618e-01  -1.1577667e-02  -9.4758996e-03  -2.8742446e-04
   1.7986360e-01  -1.9737659e-01  -4.0064730e-01  -1.1898486e-02  -9.4583699e-03  -1.1588346e-04
   9.9812856e-02  -2.1769971e-01  -1.2124715e+00  -6.8059783e-03  -7.4636521e-03   5.4589547e-04
   8.4481066e-02  -1.1000110e-01  -1.7357604e+00  -1.7142547e-02  -9.9388072e-03   3.5709007e-04
   1.1518213e-01  -1.1671794e-01  -1.9156181e+00  -1.8983722e-02  -1.0341527e-02  -1.9611661e-04
   1.2749805e-01  -1.2486411e-01  -2.0341736e+00  -2.0566686e-02  -1.0340244e-02  -5.5775291e-04
   1.4249252e-01  -1.2274555e-01  -2.1251174e+00  -2.2240351e-02  -1.0734365e-02  -7.7156289e-04
   1.5285596e-01  -1.1338278e-01  -2.2141444e+00  -2.3204358e-02  -1.1033533e-02  -1.2038141e-03
   1.6699030e-01  -7.6645316e-02  -2.2433706e+00  -2.3315952e-02  -1.1053911e-02  -1.2466700e-03
   1.7632907e-01  -7.0320133e-02  -2.2807544e+00  -2.3880734e-02  -1.1515063e-02  -1.3445632e-03
   1.7575486e-01  -8.3992643e-02  -2.3562181e+00  -2.5077720e-02  -1.1411360e-02  -1.4965970e-03
   1.5674705e-01  -6.5945284e-02  -2.3538173e+00  -2.5734688e-02  -1.1622895e-02  -1.2010893e-03
   1.7409664e-01  -9.4312292e-02  -2.2949318e+00  -2.4158486e-02  -1.0499891e-02  -1.3746504e-03
   1.6575385e-01  -7.9614055e-02  -2.3459877e+00  -2.5358111e-02  -1.0917131e-02  -1.1688375e-03
   1.7207693e-01  -9.8463045e-02  -2.3915724e+00  -2.5956180e-02  -1.1256675e-02  -1.3787561e-03
   1.7529223e-01  -9.3924026e-02  -2.4551883e+00  -2.6524124e-02  -1.0563349e-02  -1.5798330e-03
   1.6508071e-01  -6.7762555e-02  -2.6199943e+00  -2.7220016e-02  -1.0962794e-02  -1.5347623e-03
   1.8649787e-01  -6.9041482e-02  -2.5166217e+00  -2.5863767e-02  -1.1107263e-02  -1.2796643e-03
   1.7597114e-01  -4.4006110e-02  -2.5498713e+00  -2.6675700e-02  -1.1315124e-02  -1.2194613e-03
   1.9076637e-01  -6.9706784e-02  -2.5551843e+00  -2.7336063e-02  -1.1067833e-02  -1.3592396e-03
   1.9086896e-01  -6.7879133e-02  -2.5840982e+00  -2.7760839e-02  -1.1747053e-02  -1.5048062e-03
   1.9296257e-01  -8.8065951e-02  -2.6227619e+00  -2.9346042e-02  -1.1523043e-02  -1.7380736e-03
   1.7989649e-01  -3.9093008e-02  -2.5602179e+00  -2.7356367e-02  -1.1911903e-02  -1.3406582e-03
   1.7916391e-01  -6.4058329e-02  -2.5464320e+00  -2.7555910e-02  -1.2075137e-02  -1.4623054e-03
   2.1304537e-01  -7.8383610e-02  -2.4908734e+00  -2.8621220e-02  -1.0724650e-02  -2.6491986e-03
   1.9748402e-01  -7.9229048e-02  -2.4643077e+00  -2.8414516e-02  -1.0159732e-02  -2.4965053e-03
   2.0007321e-01  -5.3727326e-02  -2.5385684e+00  -3.0239850e-02  -1.1265293e-02  -2.4313507e-03
   1.8968831e-01  -4.1190880e-02  -2.4765153e+00  -2.9902825e-02  -1.1570869e-02  -2.2202717e-03
   2.0504636e-01  -6.8417332e-02  -2.4218508e+00  -2.8060331e-02  -1.1549731e-02  -2.2844650e-03
   1.9195391e-01  -7.7284519e-02  -2.3420664e+00  -2.7794614e-02  -1.1658850e-02  -2.4127296e-03
   1.9968056e-01  -7.0397087e-02  -2.1949216e+00  -2.6301395e-02  -1.2292801e-02  -2.4373794e-03
   1.8807082e-01  -7.3805495e-02  -2.0563212e+00  -2.4442284e-02  -1.2959065e-02  -2.5391321e-03
   1.7579870e-01  -1.2868380e-01  -1.9800654e+00  -2.8290620e-02  -1.3975088e-02  -2.9378903e-03
   8.1204927e-02  -1.0081288e-02  -5.3651617e-01  -2.1695265e-02  -1.3151812e-02  -2.7106330e-03
   9.0724869e-02   6.7519928e-03  -1.6014952e-01  -1.3107230e-03  -1.7299173e-02  -1.8031969e-03
   7.4697620e-02   7.1773132e-02  -1.4429052e-02  -2.8109477e-03  -1.7827674e-02  -2.5360170e-03
   4.7204364e-02  -1.2548422e-02  -8.1108196e-02  -3.5670172e-03  -1.9975897e-02  -2.5940267e-03
   4.0999115e-02   5.1635893e-02  -1.1696047e-02  -8.0555972e-03  -1.9756939e-02  -3.0668413e-03
   4.4602497e-02   2.8982551e-02   1.3263517e-01  -6.9106640e-03  -1.9160078e-02  -3.2260805e-03
   3.8487671e-02   3.8973728e-03   1.5413179e-01  -6.6087585e-03  -1.8988345e-02  -3.1793929e-03
   3.9280450e-02   1.6849721e-02   1.7345089e-01  -6.6226354e-03  -1.9367365e-02  -3.2969522e-03
   4.5799007e-02   3.5132992e-04   1.8407565e-01  -5.6208292e-03  -1.9648704e-02  -3.3962978e-03
   4.5052585e-02   2.1828288e-02   1.6818728e-01  -5.6736290e-03  -1.9912757e-02  -3.2342576e-03
   3.9617543e-02   1.6647693e-02   1.5953644e-01  -6.2967654e-03  -1.9249726e-02  -3.1540474e-03
   4.6084495e-02   8.9573752e-03   1.9241709e-01  -5.9888205e-03  -1.8953908e-02  -3.2613492e-03
   5.7781487e-02   8.4138502e-03   2.0653010e-01  -5.9281215e-03  -1.8501932e-02  -3.5144598e-03
   4.6497944e-02   1.7072874e-02   1.9516797e-01  -5.8848632e-03  -1.8204844e-02  -3.1162590e-03
   5.1611961e-02   1.9245918e-02   1.8161993e-01  -6.1947630e-03  -1.8293373e-02  -3.3040175e-03
   5.4982601e-02   1.5834022e-02   1.8013417e-01  -5.3180549e-03  -1.8157115e-02  -3.4043571e-03
   5.1816770e-02   2.2797012e-02   1.6616518e-01  -6.4110068e-03  -1.7455590e-02  -3.3871951e-03
   4.9739214e-02   3.7976405e-02   1.9317806e-01  -6.4103951e-03  -1.7529580e-02  -3.3018094e-03
   4.1946204e-02   3.1100065e-02   1.6374793e-01  -6.3640202e-03  -1.7321603e-02  -3.2727118e-03
   3.1949180e-02   6.5038129e-02   1.3698584e-01  -6.6937461e-03  -1.7624448e-02  -2.9341962e-03
   4.9140393e-02   4.3591620e-02   1.6448074e-01  -6.6675216e-03  -1.7069466e-02  -3.2639808e-03
   9.7507138e-03   5.2338932e-02   1.2708835e-01  -6.0951047e-03  -1.7997743e-02  -2.1764245e-03
   1.9382996e-02   5.9179050e-02   6.2949858e-02  -7.1436276e-03  -1.7008874e-02  -2.7127478e-03
   1.9801181e-02   3.8446577e-02   1.1056933e-01  -6.1428565e-03  -1.6988127e-02  -2.5764407e-03
   1.9062344e-02   5.5941428e-02   9.3323254e-02  -6.4849200e-03  -1.6349696e-02  -2.7395428e-03
   1.9167841e-02   7.4153978e-02   7.6969334e-02  -5.4053676e-03  -1.5842492e-02  -2.6519872e-03
   1.6301112e-02   3.6905063e-02   3.3924547e-02  -6.4702743e-03  -1.5453727e-02  -2.6903478e-03
   3.7236903e-02   2.7738257e-02   1.5277580e-02  -8.1636014e-03  -1.5522442e-02  -2.9211109e-03
   3.6323758e-02   6.4579853e-02   5.4183984e-02  -7.1815092e-03  -1.6055941e-02  -2.9396387e-03
   2.8059338e-02   5.2765187e-02   6.3198666e-02  -8.6125680e-03  -1.4913333e-02  -2.8294062e-03
   3.2764119e-02   2.3694903e-02   4.5677012e-02  -7.9843017e-03  -1.5450036e-02  -2.9279446e-03
   3.5680691e-02   7.0892319e-02   5.8522943e-02  -8.3844014e-03  -1.4547709e-02  -3.0015974e-03
   2.2179165e-02   4.9013851e-02   6.5168713e-02  -7.8355042e-03  -1.5315950e-02  -3.0792039e-03
   2.7978098e-02   1.5957813e-02   3.6652617e-02  -8.4529458e-03  -1.4950841e-02  -3.1045735e-03
   3.2218263e-02   5.5030468e-02   2.8830433e-02  -9.2828817e-03  -1.4325068e-02  -3.2569621e-03
   1.7458611e-02   4.2629980e-02   7.9337001e-02  -6.7174220e-03  -1.3884957e-02  -2.7057214e-03
   2.0007825e-02   3.3254071e-02   2.9002478e-02  -8.4391785e-03  -1.3474172e-02  -2.7615194e-03
   6.4770053e-03   8.2348645e-02   2.1479663e-02  -9.7500773e-03  -1.3939291e-02  -2.4880807e-03
   3.2555494e-02  -6.6768679e-02  -7.0734688e-01  -1.3501322e-02  -1.1912198e-02  -1.9629818e-03
   8.5868989e-02  -2.9596665e-03  -2.4370790e-01  -5.6762392e-03  -5.7016782e-03  -1.9454485e-03
   1.5313700e-02  -1.3381711e-02  -6.8802370e-01  -1.2761063e-02  -5.0256702e-03  -3.9550529e-04
   1.8645959e-02  -2.1793447e-02  -6.7999484e-01  -1.4118224e-02  -5.0020970e-03  -7.5374173e-04
   4.0761002e-02  -7.4221083e-02  -6.5026953e-01  -2.0081578e-02  -7.1998185e-03  -3.1186267e-04
   1.9445929e-02   4.1388730e-03  -3.8930629e-01  -1.3548553e-02  -6.5061685e-03   2.4749997e-04
   3.1655334e-02  -1.0040975e-02  -4.2835254e-01  -1.5428913e-02  -6.4488976e-03  -3.5781247e-04
   5.2205667e-02  -3.0325303e-02  -2.4005453e-01  -9.6193370e-03  -4.3809104e-03  -6.6031078e-04
   6.0950502e-02  -1.3005851e-02  -6.1250351e-01  -9.1598220e-03  -3.4114953e-03  -9.6448524e-04
   1.6089864e-02  -1.5966244e-02  -8.9157357e-02  -5.3649189e-03  -3.5069307e-03   1.1115752e-03
   1.3394320e-02   3.6130559e-02  -5.4742519e-01  -8.4728498e-03  -4.1794319e-03   2.8393512e-04
   2.7767755e-02  -4.2671410e-02  -5.6972626e-01  -1.1706711e-02  -3.4748348e-03   1.7133815e-04
   1.9232377e-02  -2.2201285e-02  -3.8749724e-01  -3.4677104e-03  -2.1707904e-03   3.9912187e-04
   6.3613229e-03  -5.3350123e-02  -4.9666006e-01  -4.7344362e-03  -2.2866290e-03   2.5853232e-04
   2.1158083e-02  -6.2156433e-02  -4.8465343e-01  -1.3145269e-02  -1.5472324e-03  -3.5459602e-04
  -2.0990327e-02  -2.1702683e-02  -3.7768610e-01  -6.1625203e-03  -2.2119379e-03   2.9271635e-04
  -1.9099674e-02  -1.8450723e-02  -4.3274792e-01  -7.5706566e-03  -2.9683646e-03   1.6233057e-04
   4.0074464e-02  -2.3875994e-02  -1.0244240e-01  -5.6965903e-03  -2.0513743e-03   4.6701070e-04
   3.4192377e-03  -2.4730930e-02  -5.6325099e-01  -4.8789304e-03  -4.8152171e-03   2.5054394e-04
  -1.1948414e-02  -1.9465583e-02  -6.6740438e-01  -8.4926532e-03  -5.2005748e-03   1.8499564e-04
   1.4590979e-02  -2.1770482e-02   2.9111450e-02  -1.8473095e-03  -1.9907735e-03   7.5970525e-05
   7.7300483e-03  -1.0987739e-02  -5.3291069e-01  -8.7783516e-03  -2.3814092e-03   2.7846939e-05
   3.1393958e-02  -5.5263136e-02  -1.7270059e-01  -2.4905565e-03  -1.5535336e-03  -5.9974350e-04
   1.3294755e-02  -5.5530151e-03  -3.1693008e-01  -5.1957044e-03  -1.7658488e-03  -4.5533488e-04
   4.1132376e-02  -6.1570556e-02  -2.5642103e-01  -4.7996838e-03  -2.0340054e-03  -1.1074310e-03
   2.8911311e-02   1.9936071e-02  -3.9946299e-01  -7.5910244e-03  -1.8837911e-03  -1.1217447e-03
   2.8534680e-02  -5.5122622e-02  -4.0237944e-01  -8.4823214e-03  -2.2403455e-03  -1.0269762e-03
   2.5373597e-02   9.3763591e-04  -4.7616194e-01  -1.0782530e-02  -2.4770182e-03  -1.1983722e-03
   2.4180871e-02  -2.0199086e-02  -4.0016684e-01  -8.8740258e-03  -2.3864813e-03  -1.1642269e-03
   4.2905506e-02  -8.4970424e-02  -7.2091559e-02  -3.2910045e-03   4.4433038e-05  -7.3352990e-04
   1.4389604e-02  -2.7076785e-02  -3.2997518e-01  -2.8482150e-03  -1.8667546e-03  -3.5216117e-04
   8.0078317e-03  -1.7160947e-02  -3.8400582e-01  -5.0776339e-03  -2.6477224e-03  -5.2447285e-04
   1.1517297e-02  -3.6248336e-02   2.4887046e-02  -3.3544826e-03  -3.2354421e-03   4.6293676e-05
   2.7695645e-03   1.6836098e-03  -4.3251674e-01  -6.6342652e-03  -2.6652509e-03  -1.6282151e-04
   8.1086863e-03  -5.9391248e-03  -4.3499983e-01  -8.7001091e-03  -3.2777973e-03  -7.6557069e-04
   1.9688029e-02  -2.6983895e-02  -4.9263023e-01  -9.9309146e-03  -3.3308530e-03  -9.0132208e-04
   3.9490804e-02  -4.7718657e-02  -1.2871408e-01  -6.0893769e-03  -3.8423753e-03  -1.1138638e-03
   1.3492217e-02  -2.1959355e-03  -2.5692087e-01  -8.5043658e-03  -3.5950100e-03  -7.1355336e-04
   2.5861338e-02  -2.8187310e-02  -3.2079399e-01  -9.8311274e-03  -3.6086924e-03  -1.0863897e-03
   1.8246056e-02  -2.1742568e-02  -3.2814006e-01  -9.9004243e-03  -3.9564737e-03  -1.0337541e-03
   1.6997603e-02  -1.6919639e-02  -3.5461539e-01  -8.0077769e-04  -4.9732048e-03  -3.8035294e-04
   1.5634156e-02  -5.2180936e-02  -7.5550525e-01  -1.0277269e-02  -6.0517949e-03  -1.9701484e-04
   1.8740712e-02   3.3457331e-02  -1.8152052e-01  -8.2542841e-03  -3.2138777e-03   7.4445966e-04
   3.0122381e-02  -4.2515498e-02  -5.0830356e-01  -7.7766346e-03  -3.7960540e-03  -5.9926873e-05
   1.4255079e-02  -1.5324721e-02  -5.5162620e-01  -9.7472904e-03  -3.9598688e-03  -1.2581922e-04
   4.7071827e-02  -4.2473585e-02  -4.9468899e-01  -9.6283975e-03  -3.9769801e-03  -8.1601122e-04
   2.1520820e-02  -2.2209708e-02  -5.4496966e-01  -7.1789940e-03  -3.1028277e-03  -5.5981030e-04
   3.2860282e-02  -6.7624019e-03  -5.5531623e-01  -9.9109480e-03  -2.9326569e-03  -7.9690733e-04
   3.1116377e-02  -2.0576726e-02  -5.4197528e-01  -1.1041647e-02  -2.7335239e-03  -7.9821454e-04
   4.6342737e-02  -2.4188469e-02  -4.9652180e-01  -9.8824983e-03  -2.8751194e-03  -9.8146667e-04
   2.0986209e-03   2.3031513e-02  -3.2597560e-02  -6.5571705e-03  -1.3417998e-03   4.6971577e-04
   4.7588495e-02  -1.8845933e-02  -2.6862248e-01  -5.2126433e-03  -2.0303395e-03  -5.4432776e-04
   4.6556127e-02  -2.7783839e-02  -4.0378847e-01  -8.2469981e-03  -1.9962768e-03  -6.6663037e-04
   1.6036228e-02  -2.7917985e-02  -4.8766944e-02  -3.1358042e-03  -1.4358083e-03  -6.7821105e-04
   9.1868859e-03  -7.5709621e-03  -3.3144805e-01  -7.2967802e-03  -1.5181522e-03  -8.6765445e-04
   3.4559414e-02  -2.4211745e-02   9.7735321e-03  -5.6056307e-03  -8.2631362e-04  -7.7337463e-05
  -2.6393687e-03  -3.7185839e-02  -3.7176986e-01  -4.8852703e-03  -1.9532961e-03  -1.0593754e-05
  -8.9576505e-03  -4.8942585e-03  -4.6986815e-01  -7.0525907e-03  -2.0160761e-03  -8.0404180e-05
   3.5444035e-02  -3.6400925e-02  -2.3623126e-01  -8.9278490e-03  -1.7267244e-03  -1.1413639e-03
   4.6208603e-02  -1.0097801e-02  -3.5008879e-01  -5.2494219e-03  -1.2798258e-03  -1.2434187e-03
   4.2687540e-02  -8.5371988e-04  -3.5149293e-01  -7.6860439e-03  -1.5982697e-03  -1.3869447e-03
   3.6452229e-02   1.3506785e-03  -3.6608915e-01  -8.4643083e-03  -1.3487120e-03  -1.2711140e-03
   3.9756428e-02  -1.8488052e-02  -3.9571740e-01  -8.4397069e-03  -1.2183616e-03  -1.5043027e-03
   5.6015184e-02  -8.8498946e-03  -3.5715829e-01  -8.0260972e-03  -1.4998262e-03  -1.6414346e-03
   5.9872510e-02  -1.1420761e-02  -3.4749795e-01  -8.3633282e-03  -1.9660600e-03  -1.8979004e-03
   6.4394345e-03  -1.5966173e-02  -3.0248816e-01  -5.5524860e-03  -1.9344156e-03  -6.3518232e-04
   2.9081740e-02   2.7567557e-02  -3.9289725e-01  -8.2269534e-03  -1.7084939e-03  -1.0466367e-03
  -4.1626455e-03   1.4642696e-02   8.3570812e-02  -3.8014218e-04  -2.0162138e-03  -2.4866240e-04
   1.2315538e-02   7.7345361e-03  -4.8181293e-01  -7.6924236e-03  -2.3711071e-03  -5.9690195e-04
   1.1983639e-02   3.6264554e-02  -4.9351130e-01  -8.7805490e-03  -2.2902662e-03  -9.0528547e-04
   4.6212724e-02   1.3923360e-02  -3.2398558e-01  -1.2505369e-02  -2.2964782e-03  -6.6692149e-04
  -1.6781408e-02  -1.2210055e-02  -4.2572907e-01  -9.5597059e-03  -4.3385580e-03  -2.7128598e-04
   1.1029658e-02  -7.1939635e-03  -9.7310763e-02  -8.8320650e-03  -2.2520078e-03  -5.4797559e-05
   8.5364751e-03  -1.8808411e-02  -2.7869755e-01  -7.9263642e-03  -2.9276337e-03  -3.3920293e-04
   1.3975850e-02  -3.7818516e-02  -3.2560557e-01  -8.2572087e-03  -2.0120683e-03  -6.8967077e-04
   1.8004409e-02  -2.9488154e-02  -2.7972545e-01  -7.3898142e-03  -2.1021331e-03  -7.0425962e-04
   1.7936005e-02  -4.0814739e-02  -2.7910351e-01  -7.2611698e-03  -2.0110581e-03  -7.9005735e-04
   1.4969419e-02  -1.3390749e-02  -3.0121587e-01  -8.1368325e-03  -1.9304969e-03  -9.4239690e-04
   1.5040745e-02  -3.0999368e-02  -2.6608536e-01  -6.6374671e-03  -2.3135951e-03  -1.0339154e-03
   2.7253472e-02  -6.7944052e-02  -3.8303517e-01  -7.6562401e-03  -1.6961149e-03  -1.1483728e-03
   1.4469892e-02   4.2684036e-02  -3.7299527e-01  -8.1540434e-03  -2.7141345e-03  -7.8214014e-04
   5.1058129e-03  -8.6065950e-02  -2.7309966e-01  -5.5270842e-03  -1.8054430e-03  -7.9482552e-04
  -2.6337007e-03  -2.9047405e-02  -3.6015508e-01  -6.2432007e-03  -3.1916754e-03  -5.0123583e-04
   1.6164596e-02  -5.9715240e-02  -3.6756056e-01  -7.8671633e-03  -2.9540028e-03  -7.6638125e-04
   2.2012320e-02  -5.0010024e-02  -3.7177947e-01  -8.3276081e-03  -2.8839629e-03  -9.2073259e-04
   1.3380732e-02   4.4634684e-03  -3.7428423e-01  -7.9075387e-03  -3.0003310e-03  -7.6484178e-04
   4.5982779e-02  -8.7724957e-02  -3.5810907e-01  -6.5986915e-03  -1.1543620e-03  -1.4239373e-03
  -3.3052281e-02  -4.9108782e-02  -9.4917838e-01  -9.3415956e-03  -4.1364834e-03   1.4142963e-04
  -2.2114610e-02  -5.1891543e-02  -8.9635277e-01  -7.4170943e-03  -3.1854387e-03  -4.7915559e-04
  -8.6576569e-03  -5.0474968e-02  -9.4330836e-01  -1.3912701e-02  -4.6577018e-03  -3.9249887e-04
  -3.2573519e-02   3.2555712e-02  -2.7659934e-01  -1.4828997e-03  -2.7186612e-03   6.5419629e-04
  -1.5806830e-02  -3.6701363e-02  -7.1574469e-01  -9.2105374e-03  -2.6224068e-03  -3.9785151e-04
   1.0678873e-02  -2.6810694e-04  -2.5374177e-01  -3.3180028e-03  -1.6145968e-03  -1.7416834e-04
  -7.5981860e-03   3.0938424e-03  -4.8090704e-01  -7.3555628e-03  -1.6148633e-03   5.7424645e-05
  -2.1316779e-03  -3.5235985e-02  -5.4036602e-01  -9.1173280e-03  -1.8770513e-03  -4.3759433e-04
   1.3247185e-03   4.9493055e-03  -5.2110056e-01  -8.5602090e-03  -2.3078175e-03  -2.8819250e-04
   5.1978427e-04  -1.5754365e-02  -5.0996430e-01  -9.0578428e-03  -2.1176058e-03  -2.8944169e-04
  -9.6800179e-04   1.5809755e-02  -4.8895379e-01  -9.0137986e-03  -2.4106503e-03  -3.2248550e-04
   2.1795212e-02  -4.1285745e-02  -2.4184199e-01  -9.2573224e-03   2.5325083e-05  -1.9854674e-04
  -1.2627069e-02   5.9755496e-03  -3.7331321e-01  -2.2670696e-03  -2.9750595e-03   9.9102968e-05
  -2.4411165e-03  -1.9747920e-02  -5.9870591e-01  -7.7142383e-03  -1.7879806e-03  -6.0341243e-04
   1.8073243e-03  -2.8592871e-02  -5.5719678e-01  -6.8647123e-03  -2.2267900e-03  -9.4207766e-04
   8.8316864e-03  -2.7679621e-02  -5.8300798e-01  -6.8015559e-03  -2.5390992e-03  -8.7470684e-04
   6.4729502e-03  -4.3722646e-03  -2.5444467e-01  -9.5867639e-03  -5.1135337e-04  -2.6356182e-04
   1.0545546e-02  -1.7103291e-02  -5.1903320e-01  -4.6903357e-03  -2.2233128e-03  -1.5884037e-04
   1.8616955e-03  -2.6477436e-02  -5.4131510e-01  -4.9826687e-03  -1.6030639e-03  -5.3540180e-04
  -4.2858050e-02  -2.3986079e-03  -2.0458373e-01  -3.7728816e-03  -2.3290100e-03   2.7807726e-04
  -4.1515953e-02   1.6546049e-02  -4.0662262e-01  -8.1058367e-03  -1.7878804e-03   1.6301411e-04
  -1.4557626e-02  -9.4416374e-02  -3.7766354e-01  -9.4291604e-03  -4.5919801e-04  -5.4179650e-04
  -3.6633758e-03  -2.5102423e-02  -2.7502747e-01  -1.9130642e-03  -8.7087129e-04   2.4139817e-04
  -4.5510815e-03  -3.9820606e-02  -5.7032910e-01  -6.9645208e-03  -5.1978191e-04  -1.7321794e-04
  -1.7256465e-02  -8.1563113e-03  -5.8029956e-01  -7.7056373e-03   7.3825309e-04  -3.9121641e-04
   8.7862480e-03  -4.6626763e-02  -5.8797151e-01  -7.8964584e-03  -8.4952098e-04  -1.0004763e-03
   1.0833470e-02  -3.9994263e-03  -6.0155707e-01  -8.5978445e-03  -7.8122289e-04  -9.7907245e-04
   1.1163450e-02   4.5411809e-03  -5.2253755e-01  -8.9784902e-03  -5.1022045e-04  -7.1448091e-04
   9.0427780e-03   1.7755489e-02  -5.3032144e-01  -8.8232020e-03  -9.2400120e-04  -9.1175284e-04
   1.9786509e-02  -1.0967800e-03  -5.1387306e-01  -8.4872113e-03  -9.8814867e-04  -1.1379397e-03
   1.1820481e-02   3.1257206e-03  -5.5629128e-01  -9.4565738e-03  -8.1189266e-04  -1.0424447e-03
   2.7895249e-02  -3.2598118e-02  -1.4891932e-01  -6.0869234e-03  -1.2266891e-03   3.0325249e-05
  -2.6255260e-02  -2.3979190e-03  -4.2984045e-01  -4.9234684e-03  -3.5560125e-03   1.0217823e-04
  -7.0960679e-03  -1.7284387e-02  -4.9219813e-01  -8.0800970e-03  -2.1762666e-03  -7.1682146e-04
  -1.3783388e-02   1.4202038e-03  -3.2509326e-02  -4.4401329e-05  -2.8122642e-03   4.9523383e-04
  -1.2963629e-02  -1.9273311e-02  -4.1267342e-01  -5.3799625e-03  -2.5535413e-03   2.1902599e-05
  -1.2579733e-02  -9.7561585e-03   2.5464260e-02   1.9726106e-03  -2.1254251e-03   2.5943441e-04
  -1.0864369e-02  -2.5917553e-02  -4.7061624e-01  -3.8356066e-03  -2.2170719e-03   1.4548316e-04
  -1.1958239e-02  -1.5804693e-02  -5.4078960e-01  -6.2384788e-03  -2.1317539e-03  -1.2780080e-04
  -3.6810067e-03  -5.0564275e-03  -5.2520778e-01  -5.0590851e-03  -1.9443840e-03  -1.8956026e-04
  -4.7416539e-03  -9.5050721e-03  -5.4119361e-01  -6.8017246e-03  -2.0433118e-03  -1.6061552e-04
  -1.0340577e-02  -6.6686500e-03  -5.5440664e-01  -7.0827678e-03  -2.2125800e-03  -2.9699404e-04
   7.3983095e-03  -1.7795502e-02  -4.8659194e-01  -6.0497871e-03  -1.8929720e-03  -5.8751116e-04
  -8.1842212e-03   7.0783545e-03  -5.6092072e-01  -6.8397236e-03  -1.8056588e-03  -3.5724642e-04
   1.2372573e-02   1.6226456e-02  -5.1080615e-01  -6.6609271e-03  -2.0009499e-03  -5.7565948e-04
   2.0170449e-02  -1.8078945e-02  -4.6062221e-01  -7.6752616e-03  -2.6172496e-03  -8.7125751e-04
  -1.7437969e-02  -2.8446243e-02  -2.9363247e-01  -6.3708776e-03  -1.4836665e-03  -1.9180178e-04
   2.8868215e-02  -4.0941394e-02  -4.5282383e-01  -2.9532126e-03  -2.0032967e-03  -4.9570128e-04
   1.4324291e-02   7.5672740e-02  -3.7303259e-01  -1.7774267e-03  -2.6239564e-03  -3.1904070e-04
   5.7505304e-03  -4.4213200e-02  -1.0536639e+00  -9.4402630e-03  -4.8987918e-03  -5.0373774e-04
  -1.2600050e-02  -2.2049511e-02  -1.0837782e+00  -1.0953394e-02  -4.7279493e-03  -5.1212554e-04
  -5.7993294e-03  -3.7298002e-02  -1.0434092e+00  -1.0692854e-02  -4.2259053e-03  -6.7077080e-04
   1.3109250e-03  -1.7631967e-02  -9.8645370e-01  -1.0351035e-02  -4.7013123e-03  -9.2127238e-04
   1.8266596e-02  -1.3980657e-02  -9.8531841e-01  -1.0683448e-02  -4.3307387e-03  -1.3070508e-03
   1.9576567e-02  -5.3352963e-03  -9.6366714e-01  -1.0973345e-02  -4.3489854e-03  -9.3939444e-04
   1.3204073e-02  -7.2474225e-03  -9.7930170e-01  -1.1711359e-02  -4.5446603e-03  -1.0417231e-03
   9.6004617e-03   1.6104417e-02  -1.0074536e+00  -1.1988537e-02  -4.4793902e-03  -1.0679162e-03
   2.2637870e-02  -6.8131087e-02  -8.4345393e-01  -9.8775686e-03  -1.9636519e-03  -4.5557397e-04
  -4.9434528e-03  -4.6315616e-02  -7.4751134e-01  -4.3691065e-03   8.8489296e-04  -4.3414354e-04
   1.4068462e-03  -2.6715689e-02  -8.3828506e-01  -7.1783560e-03  -1.2934623e-04  -3.5584547e-04
   8.5980048e-03  -1.1279949e-01  -7.8963072e-01  -1.1924474e-02  -1.7387013e-03   5.7645431e-04
   3.0302270e-02  -1.9927577e-02  -6.8682077e-01  -5.5587903e-03  -2.5240795e-03  -2.2375799e-04
   9.1284398e-03  -2.9386041e-02  -7.9458967e-01  -7.8565713e-03  -2.6431007e-03  -7.0177987e-05
   4.2726851e-02  -8.4766232e-02  -7.8557106e-01  -1.0202899e-02  -7.1595174e-04  -1.3174623e-03
   1.9063288e-02  -4.5292701e-02  -5.6921844e-01  -6.4673472e-04  -2.9883611e-03  -2.7508344e-04
   6.6295210e-03  -8.7796833e-03  -8.6775723e-01  -6.8364441e-03  -3.6181001e-03  -1.5470986e-04
   1.6741573e-02  -1.2870258e-03  -8.3574647e-01  -7.2610744e-03  -2.9764651e-03  -2.8290521e-04
   1.3333397e-02  -2.2854620e-02  -9.1831978e-01  -8.3016592e-03  -2.5986791e-03  -4.4568123e-04
   2.6082040e-02  -3.8143398e-02  -8.5032156e-01  -7.2422100e-03  -2.5110275e-03  -6.9802513e-04
   1.1551399e-02  -3.4735254e-02  -4.3627819e-01  -5.5268971e-03  -1.5139947e-03   1.2267029e-03
   1.1976725e-02  -4.4971974e-02  -7.4872201e-01  -1.1923513e-03  -8.6783495e-04  -4.5450601e-05
   9.2763512e-03  -7.2229163e-02  -8.3316172e-01  -3.8818678e-03  -9.8097244e-04  -1.4211910e-04
   1.5508996e-02   1.2626043e-02  -1.7511449e-01   9.6714415e-04  -1.1163069e-03  -2.7930132e-04
   5.2196803e-04   9.6766979e-04  -8.1250061e-01  -5.9825760e-03  -2.0490631e-03   2.1504399e-05
  -1.0091552e-02   2.1429969e-02  -3.5107441e-01  -2.7160995e-04  -1.5919975e-03   4.7855239e-04
   1.5307489e-03   1.2522910e-02  -6.9081840e-01  -5.8006765e-03  -1.6588034e-03   8.5443424e-05
   8.7430603e-03  -7.6286930e-03  -6.8634784e-01  -5.9455846e-03  -1.8279567e-03  -3.6014992e-04
   4.0099550e-03  -1.5542070e-02  -6.6947319e-01  -6.4947813e-03  -1.9720671e-03  -2.4323671e-04
   2.7999592e-02  -5.6549693e-02  -5.0439948e-01  -1.0310197e-02  -2.4490433e-04  -5.5380629e-04
  -1.3160218e-02  -3.6633141e-02  -6.4093499e-01  -2.6253780e-03  -1.4639635e-03  -7.9226765e-05
  -1.0363334e-02  -4.0347276e-02  -7.2010614e-01  -5.3890632e-03  -1.2224814e-03  -3.4388119e-04
  -5.4854161e-03  -5.9421319e-02  -8.1347598e-01  -1.1601746e-02  -2.2674366e-03  -5.3332324e-04
   1.3081365e-02  -2.7880845e-02  -6.3678784e-01  -5.0732315e-03  -1.1684186e-04  -6.9149064e-04
   8.0505305e-04  -5.5588841e-02  -6.6910672e-01  -8.4120991e-03   1.9154794e-03  -9.2718312e-05
   1.5168798e-03  -1.9068022e-02  -6.1562926e-01  -2.5767477e-03  -6.3889563e-04  -2.4508747e-04
  -2.5204588e-02   9.7235885e-03  -7.4496683e-01  -5.7541345e-03  -9.3224900e-04  -1.9688851e-05
   1.4001132e-02  -4.1034907e-02  -3.8812461e-01  -2.2931868e-03   3.8069291e-05  -4.2444138e-04
   2.1927344e-03  -7.7136703e-02  -7.4834662e-01  -7.2897679e-03  -5.1154467e-04  -9.0828312e-04
   7.1482353e-03  -4.1535375e-02  -4.4807872e-01  -1.2704229e-03  -9.8121658e-04  -4.7216114e-05
  -3.1897783e-03  -9.9252034e-03  -5.8964418e-01  -3.9316903e-03  -1.2658455e-03  -7.7957681e-05
   1.2310590e-02  -2.6115373e-02  -6.1659421e-01  -4.7795420e-03  -1.0214746e-03  -5.0518906e-04
  -2.9737316e-03  -1.1855873e-02  -6.1140818e-01  -4.6696519e-03  -5.8294832e-04  -3.8414373e-04
   3.1558442e-02   5.5351578e-02  -5.6448654e-01  -3.5464373e-03  -8.7532171e-04  -7.3513844e-04
  -2.2678922e-02  -3.5868919e-02  -9.7860330e-01  -7.6880966e-03  -2.7813596e-03  -4.6623580e-05
  -9.8525481e-03   1.3252995e-02  -1.0286483e+00  -9.3728317e-03  -2.2301512e-03  -4.0449208e-04
   1.2998981e-04  -1.6192636e-02  -9.7198801e-01  -9.4892586e-03  -2.6006441e-03  -4.5026165e-04
  -6.6364034e-04  -3.2700027e-02  -1.0200871e+00  -9.8267939e-03  -2.8647774e-03  -7.1487095e-04
  -2.0994745e-02   6.6927316e-03  -3.5420218e-01  -3.1478632e-03  -1.4646843e-03   9.1317968e-04
  -1.8478460e-02   7.7566812e-04  -8.3381041e-01  -4.9106811e-03  -1.7082848e-03   1.4838825e-04
  -1.6100465e-02  -3.9252137e-02  -8.5718259e-01  -5.5315066e-03  -6.3656026e-04  -2.8276425e-04
  -2.8444984e-03  -6.1429540e-02  -8.6437580e-01  -5.7420256e-03  -5.2625021e-04  -6.6371064e-04
  -1.7671889e-02  -2.9933689e-03  -3.7840571e-01  -2.8469361e-03  -1.8339627e-04   1.3457582e-04
  -6.4588781e-03  -4.8168149e-03  -5.7042565e-01  -5.4650454e-03  -7.6526155e-04   6.4373135e-06
   1.5252828e-02  -5.6240499e-02  -5.1154404e-01  -7.8498593e-03   9.1490590e-04  -3.1997793e-04
  -4.0992054e-02   2.7853387e-02  -6.2399532e-01  -5.3025195e-03  -8.4885867e-04   6.6040304e-04
  -7.0835070e-03   8.0841354e-02  -4.3921068e-01  -5.3440666e-03   3.9072919e-04  -1.4128200e-04
  -3.6380405e-02   2.6929603e-02  -8.6878204e-01  -8.7262908e-03   5.4323484e-05   5.2845299e-04
  -3.5229476e-02   9.9342804e-03  -8.3063877e-01  -8.3702929e-03  -6.3088599e-04   2.2671987e-05
  -6.4392822e-03   5.5674677e-03  -8.9727813e-01  -9.5641452e-03  -4.1422970e-04  -4.3127222e-04
   1.3055538e-02  -7.1060815e-02  -8.3618101e-01  -8.5320030e-03   1.7063462e-04  -7.4746575e-04
   5.5488652e-03  -7.7046932e-02  -7.4471014e-01  -9.8503334e-03   1.9864009e-03  -2.6607193e-04
   1.4337963e-02  -4.1726945e-02  -6.5458786e-01  -4.3272784e-03  -1.7832868e-04  -4.0254401e-04
  -9.5853091e-03  -3.0056849e-02  -6.8949618e-01  -5.6314021e-03  -2.1706876e-04  -7.0063501e-05
   1.6024043e-02  -4.9077399e-02  -7.1287261e-01  -7.0104968e-03   2.0838756e-04  -4.8797522e-04
   1.8750600e-02  -3.2317626e-02  -7.4141565e-01  -6.6317580e-03   3.0665296e-04  -5.7843221e-04
   4.5917703e-04  -6.7512825e-03  -7.3833003e-01  -7.7161125e-03   1.2049473e-04  -2.7807936e-04
  -2.3869869e-02   1.3590629e-02  -3.7731637e-01   3.8179237e-03   7.8747233e-04   1.7066041e-04
  -7.0107517e-03   9.3610717e-03  -9.0906229e-01  -4.7443941e-03  -7.3653448e-04  -5.5892692e-05
  -4.2571663e-03   2.7592473e-02  -4.3889244e-01  -2.4952405e-03   6.8752392e-04  -9.8336312e-06
  -2.6600228e-02  -2.3928508e-02  -7.9448644e-01  -4.1259984e-03  -1.3351578e-03  -1.2530009e-04
  -3.3715505e-02  -9.7874715e-04  -8.2732023e-01  -6.2665166e-03  -1.1677072e-03  -7.8852542e-06
  -2.5631645e-02  -9.9045705e-03  -8.1461812e-01  -5.0533138e-03  -1.8265897e-03  -3.4823164e-05
  -1.6225162e-02  -5.4510858e-02  -8.7538585e-01  -7.3062551e-03  -1.6215150e-03  -9.1819019e-04
  -1.2391248e-02  -2.7261324e-02  -4.2563770e-01  -2.5670575e-03   2.3067860e-04  -3.8363020e-04
  -5.5917070e-03  -3.9854575e-02  -5.4476640e-01  -4.1912501e-03   8.4427817e-05  -2.4370731e-04
  -1.3434193e-02  -1.8935685e-02  -6.0107148e-01  -6.1800214e-03   2.7371508e-04  -3.9921534e-04
  -3.5462069e-02   3.9097485e-02  -2.7850260e-01   4.9861476e-04  -2.3383664e-04   4.7496624e-04
  -1.5815637e-04   2.5704852e-03  -7.6527338e-01  -4.7356524e-03  -9.6499100e-04  -1.7638019e-04
  -2.4490456e-02   1.9963216e-02  -3.5178177e-01  -6.0604733e-04  -7.3406530e-04   2.1039223e-04
  -1.7434764e-02   5.2624169e-03  -8.0348358e-01  -7.2351919e-03   4.3555542e-05   2.0350650e-04
  -2.4166675e-02  -1.5767131e-02  -8.8904327e-01  -9.2145523e-03  -4.0297854e-04   1.1996922e-05
  -2.2205757e-02  -1.7949654e-02  -9.0227704e-01  -8.8279180e-03   2.7928240e-04  -4.1781018e-04
  -2.2549030e-02  -9.3757457e-03  -8.7944994e-01  -8.1391043e-03  -4.1932213e-04  -4.1250256e-04
  -2.7027541e-02   4.0190506e-03  -8.7939603e-01  -8.3722726e-03  -7.6788380e-04  -2.5088975e-04
  -1.9642869e-02   4.4145687e-03  -8.8537210e-01  -9.3124038e-03  -1.1785313e-03  -3.5432584e-04
  -2.1610079e-02   2.4610005e-02  -9.1588525e-01  -9.7559067e-03  -3.6393086e-04  -3.0870298e-04
   3.8015163e-03   8.6629812e-02  -6.4110461e-01  -3.0230934e-03   7.2073947e-05  -6.7705366e-04
  -1.9713564e-02  -1.6371304e-02  -1.4352054e+00  -1.0791716e-02  -1.9182403e-03   1.9051700e-04
  -8.6851277e-03   1.4984726e-02  -1.4347362e+00  -1.0788170e-02  -8.8090151e-04  -2.2389188e-04
  -1.8115459e-02  -1.1858970e-02  -6.3399645e-01   7.4894814e-04  -9.1943813e-04   2.3708073e-04
   1.4691598e-02  -1.7522577e-02  -1.1346687e+00  -6.8374941e-03  -1.1826036e-03  -2.0356623e-04
   1.1734335e-02  -1.6172437e-02  -1.1640661e+00  -7.7686194e-03  -6.4045810e-04  -3.2935066e-04
  -2.3013709e-02  -2.5601469e-02  -6.2925733e-01   5.7418075e-04  -5.8656663e-04   1.3744582e-04
   1.2605846e-02  -2.9154071e-02  -9.7781310e-01  -5.1723166e-03  -6.7626115e-04  -1.9756386e-04
   1.4370994e-02  -4.3593380e-02  -9.9935190e-01  -6.0029932e-03  -8.1478349e-04  -5.7282827e-04
   1.4825131e-02  -3.6968619e-02  -9.8234841e-01  -6.4735870e-03  -1.3806492e-03  -7.2965626e-04
   2.4336222e-03  -6.1016720e-03  -1.0681551e+00  -7.4078025e-03  -9.4535864e-04  -5.3108902e-04
   4.1819262e-03  -3.7638056e-02  -5.5777529e-01  -7.8949724e-04  -8.9058546e-04   2.8851495e-04
  -4.7503757e-02   2.9007466e-03  -1.0685872e+00  -3.1480761e-03  -3.1851061e-03   8.4715303e-04
  -1.5858646e-03   3.4593056e-02  -6.3069147e-01  -3.6515260e-03  -1.3980283e-03   2.4127456e-04
  -3.4174321e-02   3.3605838e-02  -9.4994470e-01  -4.9815801e-03  -1.0862093e-03   8.0630063e-04
  -1.7950518e-02   2.1249808e-02  -8.8610150e-01  -5.1516513e-03  -7.3444562e-04   3.3917883e-04
  -2.7246691e-02   2.3904783e-02  -1.0299946e+00  -5.9652193e-03  -7.4975820e-04   3.4972603e-04
  -2.6527314e-02   1.9604960e-02  -9.5683385e-01  -5.5385882e-03  -9.6115289e-04   9.9548371e-05
  -2.1152683e-03   2.0307068e-03  -6.5594852e-01  -5.5249374e-03  -1.3088799e-04   2.5285261e-04
  -1.0608056e-02  -1.3409979e-02  -1.1085511e+00  -4.6650333e-03  -1.2568185e-03   7.9030768e-05
  -3.1258198e-02  -5.3850397e-02  -6.8064549e-01   7.6920996e-04  -7.8439545e-04   3.2885438e-04
  -2.0297877e-02  -1.6968343e-02  -9.7901641e-01  -3.9090626e-03  -7.2574786e-04   9.1115505e-05
  -2.7378128e-02  -2.0151098e-02  -1.0218299e+00  -5.8547439e-03  -4.3463025e-04   1.8054847e-04
  -5.0514620e-03  -3.1192012e-02  -1.0131900e+00  -6.0609751e-03  -4.9014284e-04  -7.0920861e-06
  -1.9125708e-04  -4.5992251e-02  -9.2159648e-01  -1.1740985e-02  -9.2633496e-04   7.3460885e-04
  -8.2556166e-03  -3.7309830e-02  -9.8601990e-01  -5.3440197e-03  -1.8216778e-03   1.5948604e-04
  -2.4773014e-02   1.4603254e-02  -5.2199215e-01  -3.8295898e-03  -1.5734746e-03   7.7494945e-04
  -3.2873489e-02   1.4079977e-02  -8.8648033e-01  -5.0082092e-03  -1.5312013e-03   7.9119699e-04
  -1.5132011e-02  -7.7609557e-03  -1.0194575e+00  -1.1144255e-02  -1.9084255e-03   3.1766673e-04
  -1.5618113e-02  -1.6156995e-02  -8.5868598e-01  -1.9714245e-03   1.0623576e-03   2.7932725e-04
  -3.7193265e-02  -7.0612780e-03  -9.7563687e-01  -5.0314783e-03   1.3801488e-04   7.0992017e-04
  -2.4208093e-02   1.1761364e-03  -1.0244323e+00  -6.1031915e-03   2.5842237e-04   3.4101214e-04
  -8.2284692e-02   2.0310017e-02  -7.5878730e-01   2.1572328e-04  -1.0548769e-03   8.7690852e-04
   2.0371997e-03  -2.8815751e-02  -1.0018173e+00  -5.6636886e-03   8.0933441e-04  -1.4826696e-04
  -3.5431536e-03  -3.6923658e-04  -9.8604208e-01  -6.6576296e-03   1.1973411e-03  -2.3961674e-04
   5.0183875e-04  -4.0777438e-02  -1.0519116e+00  -8.2396277e-03   5.1021401e-04  -3.2262179e-04
   2.1486191e-03  -8.9558197e-03  -1.0505328e+00  -8.3200748e-03   8.8429873e-04  -2.1155861e-04
   1.1887090e-03  -2.9552978e-02  -1.0129834e+00  -7.2235148e-03   2.1894363e-03  -6.7952647e-04
   1.5248723e-03  -2.9882052e-04  -6.8834431e-01  -6.4692010e-03   1.5058349e-03   8.0350899e-04
  -3.2028096e-02   1.0341488e-02  -1.0729928e+00  -4.9288218e-03   1.0636283e-03   3.5409677e-04
  -1.0450368e-02   2.3421574e-02  -8.1142176e-01  -6.1872457e-03   1.4687609e-03  -7.5773299e-05
  -1.4570252e-02  -1.5091701e-02  -1.5322738e+00  -8.8676796e-03   1.2434471e-03   3.9968158e-04
  -1.5887792e-02  -5.9139365e-03  -1.5558970e+00  -9.5349595e-03   1.5684449e-03   1.1254087e-04
  -1.0934317e-02   6.9172661e-03  -8.5746308e-01  -1.0138658e-02   2.6553337e-03   8.7009211e-05
  -1.0272679e-03  -1.4918144e-02  -1.0523237e+00  -4.4814794e-03   9.8051641e-04  -1.3343154e-05
   1.2919588e-03  -6.1349027e-02  -1.0727172e+00  -4.6663901e-03   1.5585843e-03  -3.5913861e-04
   1.3294431e-02  -6.2464549e-02  -1.1090418e+00  -5.2904245e-03   1.1889741e-03  -5.1802143e-04
   2.0822917e-02  -3.6675492e-02  -1.1232139e+00  -6.5471091e-03   2.0131711e-03  -9.6679838e-04
   1.9877392e-02  -4.2689007e-02  -1.1084743e+00  -6.5101012e-03   1.9085904e-03  -7.8646603e-04
   4.4235716e-02  -4.6428693e-02  -9.3132909e-01  -8.7684920e-03   2.3668781e-03  -2.4715930e-04
   3.8607281e-02   2.8969135e-02  -1.1071205e+00  -5.1536456e-03   1.5990335e-03  -5.3403900e-04
   1.8146771e-02  -3.9069763e-03  -1.2203411e+00  -7.5297202e-03   1.9777066e-03  -6.0999024e-04
  -1.4776129e-02   1.6332895e-03  -5.6070518e-01   1.0054522e-03   1.6519370e-03   1.8575893e-04
  -1.2744809e-02   1.4863037e-02  -9.7653955e-01  -4.9938712e-03   2.1257391e-03  -1.9218758e-05
  -6.6820510e-03  -1.3402639e-02  -1.0282474e+00  -6.4336366e-03   2.0643885e-03  -3.3280679e-04
   3.2648596e-03   3.3336905e-03  -1.0679881e+00  -6.5217663e-03   2.2436333e-03  -3.5456323e-04
  -1.9388280e-02   1.3849412e-02  -5.9312572e-01  -1.4425291e-03   2.1684004e-03   8.3034792e-05
  -1.6316674e-02   5.7251906e-04  -9.9188565e-01  -4.7352420e-03   1.2474965e-03   2.8049490e-04
  -1.8766880e-03  -1.9524239e-02  -1.0647274e+00  -6.9786356e-03   1.4877296e-03  -1.3585069e-04
   2.4450190e-03  -3.1739087e-02  -1.0762456e+00  -7.0494884e-03   1.9444515e-03  -3.2313664e-04
   6.3529236e-03  -2.2717880e-02  -1.0863091e+00  -6.9463084e-03   2.6864586e-03  -4.6831411e-04
  -1.4515317e-02  -2.7113018e-02  -1.1201233e+00  -7.3124773e-03   1.8797009e-03  -3.1634023e-04
   1.5035985e-03  -2.4389196e-03  -1.1454471e+00  -7.5392382e-03   1.9809841e-03  -6.5064167e-04
  -2.1807372e-03  -1.5252776e-02  -1.0253036e+00  -7.0807220e-03   2.5638189e-03  -9.7892801e-04
  -9.9668059e-03   2.5086260e-02  -6.9182144e-01  -2.5598289e-03   1.7257676e-03   6.3205354e-05
  -3.6767088e-02   6.9193940e-03  -1.1541585e+00  -5.5415497e-03   1.0646521e-03   7.6703371e-04
  -2.0787248e-02  -2.0765454e-02  -1.1867558e+00  -7.1214627e-03   8.8960471e-04   3.9138375e-04
  -1.6830188e-02   1.2719744e-03  -1.2039554e+00  -7.4233658e-03   1.4486682e-03  -2.6369034e-05
  -1.5160712e-02  -8.5179285e-03  -1.2341867e+00  -8.1052567e-03   7.8971292e-04   7.0696159e-06
  -1.9297625e-02  -1.9323614e-02  -1.2752028e+00  -8.3560199e-03   7.5815565e-04  -4.2088546e-05
  -2.1099443e-02  -1.8168165e-02  -1.2455966e+00  -7.4544848e-03   1.4085376e-03   2.4149582e-05
  -1.5714422e-02   5.3960204e-03  -1.2198730e+00  -7.8248275e-03   1.1163584e-03   1.2514227e-05
  -1.9889727e-02   2.4068907e-02  -1.2203264e+00  -7.7652710e-03   1.3698110e-03  -4.0512243e-05
  -2.3782972e-02   1.5788271e-02  -1.2154946e+00  -8.0161948e-03   1.0353653e-03   1.8823529e-04
  -1.5182613e-02   1.7221741e-02  -1.1985937e+00  -8.0644591e-03   9.1141174e-04  -1.1058790e-04
  -2.0105227e-02   8.2722119e-03  -1.1993391e+00  -7.4672389e-03   1.1957047e-03  -4.4488966e-04
  -1.6625528e-02  -7.0273313e-03  -1.2242419e+00  -8.0860470e-03   1.1185746e-03  -2.8552571e-04
  -9.4514696e-03   1.2140921e-03  -1.2411447e+00  -8.5770753e-03   9.8601866e-04  -3.1146059e-04
  -6.5728466e-03  -2.1967098e-03  -1.2244607e+00  -8.0015841e-03   1.7329657e-03  -3.6387254e-04
  -3.2651944e-03  -1.9674469e-03  -1.2668982e+00  -8.0578952e-03   1.5639015e-03  -4.7306353e-04
  -8.2319904e-04  -1.8217457e-02  -1.2596979e+00  -9.1402765e-03   2.3920803e-03  -4.6361327e-04
   2.7969668e-02   2.0080134e-02  -1.0488632e+00  -1.1127584e-02  -2.2316201e-03  -1.3218355e-03
   2.2505751e-02   2.8296003e-02  -1.1618097e+00  -1.0986451e-02  -1.5403580e-04  -7.4675114e-04
   1.7305796e-02   5.3423860e-02  -1.1740371e+00  -1.1581629e-02  -6.5439376e-05  -6.0193473e-04
   2.0183545e-02   3.2605569e-02  -1.2182672e+00  -1.3132969e-02   1.3293447e-04  -9.5708248e-04
   2.5312791e-02   5.4093399e-02  -1.1800409e+00  -1.2163903e-02   4.1652904e-04  -1.1051531e-03
   3.5257545e-02   1.0301108e-02  -1.1766971e+00  -1.1522731e-02   4.8289804e-05  -9.8939288e-04
   2.5861695e-02   4.6106936e-02  -1.1627124e+00  -1.0542306e-02   4.1132344e-04  -7.9790574e-04
   2.3317637e-02   2.6770623e-02  -1.1445973e+00  -1.0337705e-02   1.0535032e-03  -9.5728699e-04
   2.3209874e-02   1.2441082e-02  -1.1993175e+00  -1.0904644e-02  -1.0520008e-04  -8.9404635e-04
   3.6451267e-02   3.6760578e-02  -1.2404189e+00  -1.1525819e-02   2.4009271e-04  -9.5699148e-04
   1.1060722e-02   3.2460532e-02  -1.1999918e+00  -1.0489135e-02   3.5635243e-04  -6.8856286e-04
   2.5173557e-02   1.7029093e-02  -1.1930089e+00  -1.1662469e-02   1.5913641e-03  -1.5031777e-03
   4.0729276e-02   2.9068129e-02  -1.3255598e+00  -1.2633374e-02   3.6920415e-04  -1.3962500e-03
  -1.3927740e-02   6.0655813e-02  -1.1986913e+00  -1.3602825e-02  -3.9844599e-04  -7.9997216e-04
  -9.0483161e-03   6.1992588e-02  -1.0983980e+00  -6.5252246e-03   1.4545915e-04  -3.1246853e-04
  -1.1222111e-02   1.3427947e-02  -1.1706933e+00  -8.5879485e-03   1.3073460e-03  -3.6349408e-04
  -3.3877918e-03   3.0815865e-03  -1.1881259e+00  -8.0822748e-03   1.8259312e-03  -1.2223856e-03
   3.5471169e-03   1.4627232e-02  -1.2108583e+00  -7.4078348e-03   1.2745304e-03  -7.6606772e-04
  -8.7876487e-04   2.6091461e-02  -1.2514491e+00  -7.9374112e-03   1.2347527e-03  -9.2097634e-04
   1.4323862e-03   3.3309451e-02  -1.2856745e+00  -9.2034065e-03   1.5613321e-03  -8.6153484e-04
   1.6092262e-02  -2.8951593e-02  -1.2620329e+00  -1.0056657e-03   2.4748384e-03  -1.4227933e-03
  -2.1704478e-02  -2.6283062e-02  -1.9305768e+00  -1.0152810e-02   2.3057369e-03  -3.9990037e-04
  -5.9473941e-03   1.6489852e-02  -1.9229425e+00  -1.0907506e-02   2.4414435e-03  -8.6368468e-04
   1.1656706e-02  -4.1158731e-02  -1.8490094e+00  -1.4471061e-02  -1.3300578e-04  -1.8364799e-03
  -1.3903407e-02   2.1928511e-02  -1.9147553e+00  -1.2531731e-02   5.1904357e-03  -5.5133408e-04
  -4.6252732e-03   1.3086903e-02  -1.8944226e+00  -1.3603253e-02   5.7067179e-03  -7.6901582e-04
   7.2236506e-03  -2.9023802e-02  -1.8204976e+00  -1.2002874e-02   5.4047873e-03  -7.4895299e-04
   1.9435906e-02  -1.8790251e-03  -1.8742361e+00  -1.3235045e-02   5.4653313e-03  -9.1207018e-04
  -3.9229820e-02   1.9120250e-02  -1.1733690e+00  -2.4403590e-03   2.9954868e-03   7.0353960e-04
  -6.1969508e-02  -1.1657839e-04  -1.5555154e+00  -7.1305241e-03   2.4397594e-03   1.1309275e-03
  -1.9517566e-02   2.1076738e-02  -1.1161465e+00  -1.0965808e-03   1.7389597e-03   3.4322212e-04
  -6.5668336e-04  -3.6345932e-03  -1.5749273e+00  -8.3212546e-03   1.9368188e-03   1.5287702e-04
   2.5406862e-03  -1.8870926e-03  -1.5697632e+00  -9.6223806e-03   1.6289686e-03  -7.5110753e-05
   9.8132097e-04  -4.3325576e-02  -1.5115572e+00  -1.2270366e-02   2.2173615e-03   3.0326654e-04
  -4.9762285e-02  -4.2612434e-02  -1.5216727e+00  -3.2257410e-03   2.4032632e-03  -1.3941879e-04
  -4.5834658e-02  -3.2555658e-02  -1.6003442e+00  -5.5177469e-03   3.1805254e-03  -2.3428659e-04
  -5.7949178e-02  -4.9532088e-04  -1.6659217e+00  -7.6848142e-03   3.5779537e-03  -4.5667249e-05
  -1.6136745e-02  -2.5576860e-02  -1.5472668e+00  -1.3055811e-02   3.2577358e-03  -4.7095909e-04
  -3.1341422e-02  -5.1533170e-04  -1.5452194e+00  -7.3420352e-03   2.9335261e-03   5.8435115e-05
  -2.2931599e-02  -3.1990877e-03  -8.5744221e-01   7.3483543e-04   2.9034161e-03   6.4481852e-05
   2.4331979e-03  -3.0882146e-02  -1.2061111e+00  -1.9530631e-03   3.0667548e-03  -9.1477223e-04
  -9.1890872e-03  -3.6371045e-02  -1.2613135e+00  -3.4805078e-03   3.6053016e-03  -8.3558001e-04
  -3.9785200e-03  -4.2099300e-02  -1.3174099e+00  -4.0811605e-03   4.2475519e-03  -8.9591449e-04
  -6.1725126e-04  -5.3946706e-02  -1.2605105e+00  -4.5328929e-03   4.3758807e-03  -9.5268312e-04
   3.6119655e-03  -3.9918359e-02  -1.2494698e+00  -3.9515298e-03   4.2312992e-03  -1.3600203e-03
   9.3449336e-03  -5.1686628e-02  -1.2888852e+00  -7.9611926e-03   3.3541468e-03  -1.1885537e-03
   1.5303048e-02  -1.3617140e-02  -1.3835612e+00  -3.7447316e-03   3.5165268e-03  -1.3533667e-03
   2.4298324e-02  -4.3896307e-02  -1.5024500e+00  -6.3915035e-03   2.7833919e-03  -1.6796052e-03
   1.8481315e-02  -1.1639371e-02  -1.5555745e+00  -8.3768844e-03   3.0900777e-03  -1.8756361e-03
   2.4791874e-02  -3.9592882e-02  -1.5736419e+00  -8.7386590e-03   2.5339368e-03  -1.9326956e-03
   1.4429776e-02  -2.0154259e-02  -1.4864151e+00  -6.4591909e-03   2.4348952e-03  -1.9203537e-03
   9.0015706e-03  -2.0899503e-03  -1.5945139e+00  -8.5697280e-03   2.5546443e-03  -1.5101912e-03
   3.6778655e-02  -3.6344032e-02  -1.5338028e+00  -1.1543755e-02   3.5228294e-03  -1.3298031e-03
  -1.2201467e-03  -6.6385999e-03  -1.4798423e+00  -4.0327902e-03   3.6643985e-03  -3.6558393e-04
   7.4475698e-03  -3.9618653e-02  -1.5351436e+00  -5.1183061e-03   3.5602817e-03  -8.3203975e-04
   2.3143741e-02  -1.4258480e-02  -1.5895529e+00  -6.0927602e-03   3.6329147e-03  -1.8931701e-03
   4.8281563e-03  -1.4439281e-02  -1.7170025e+00  -6.1962426e-03   3.7106000e-03  -1.5306906e-03
   2.1882195e-03  -5.1441148e-03  -1.6997817e+00  -7.3768435e-03   4.2965414e-03  -1.5169539e-03
  -6.2885989e-03  -1.3290944e-02  -1.7050398e+00  -7.1587740e-03   4.2746977e-03  -1.4943798e-03
   9.7673797e-03  -6.2827313e-03  -1.6230559e+00  -6.3641465e-03   3.4188999e-03  -1.8473123e-03
   8.3821808e-03  -1.6902436e-02  -1.6544563e+00  -7.4027610e-03   3.5853723e-03  -1.8516539e-03
  -2.9552412e-04   9.6646619e-03  -1.6627313e+00  -7.3365119e-03   3.7744310e-03  -1.7387914e-03
   9.7800055e-03  -2.5592276e-02  -1.6765285e+00  -7.5748574e-03   3.8239568e-03  -1.8457191e-03
  -7.9717883e-04   5.4696842e-03  -1.7043812e+00  -7.7284122e-03   4.2545218e-03  -1.9109207e-03
  -1.3146185e-02  -8.2900023e-03  -1.7430476e+00  -9.0271333e-03   3.9465442e-03  -1.7788301e-03
  -8.3987334e-03   9.8548404e-03  -1.4061252e+00  -3.1369315e-03   4.1368380e-03  -1.5582042e-03
  -8.1303437e-03   8.6406882e-03  -1.7763092e+00  -9.3320759e-03   4.9348243e-03  -1.7465606e-03
   2.4148613e-02  -4.5228946e-02  -1.5205154e+00  -9.6887481e-03   5.3928112e-03  -1.1603232e-03
  -6.7898726e-03  -1.7664654e-02  -1.6878290e+00  -5.8800061e-03   3.6407797e-03  -6.0199105e-04
   2.1325522e-02   6.4889081e-02  -1.4323970e+00  -5.1134164e-03   3.0357747e-03  -5.7874642e-04
  -3.5116739e-02   1.4996503e-02  -1.7884522e+00  -8.5809227e-03   1.4874071e-03  -6.8414820e-05
  -5.3306947e-03   2.8345077e-02  -1.8322891e+00  -1.4769186e-02   9.0545780e-04  -2.0345702e-03
   7.5490146e-02  -3.0694348e-02  -1.8574991e+00  -2.2022391e-02   1.1534462e-03  -2.9996072e-03
   6.3633229e-02   1.3459172e-01  -1.2271048e+00  -1.4256343e-02   4.5960395e-03  -1.0299463e-03
  -1.5868106e-02   8.3972920e-02  -1.0898152e+00  -1.1303974e-02   4.4392424e-03  -8.4880177e-04
  -3.5779649e-03   9.0640863e-02  -1.1032623e+00  -1.3275673e-02   9.5518617e-04  -4.8097159e-04
   1.0668402e-02   7.2077287e-02  -1.1225831e+00  -1.2951657e-02   1.3718796e-03  -8.1286795e-04
   7.7819656e-03   8.1411979e-02  -1.1069801e+00  -1.3364037e-02   1.5196048e-03  -6.0655362e-04
   1.2853616e-02   4.8692477e-02  -1.0926197e+00  -1.1958879e-02   2.2636869e-04  -9.9322423e-04
   5.5811217e-03   6.4666930e-02  -1.1299982e+00  -1.2909489e-02   6.8232045e-04  -8.3457772e-04
   1.0122936e-02   4.5223495e-02  -1.0950543e+00  -1.1416601e-02   1.2527904e-03  -9.2657552e-04
   6.1196658e-02   2.8773027e-02  -9.7519876e-01  -8.2188906e-03   4.6503394e-04  -1.5035266e-03
   5.6619719e-02   5.2073602e-02  -8.8865454e-01  -5.6588256e-03   2.1453069e-03  -2.6742811e-03
   5.5468421e-02   3.2216480e-02  -1.4316417e+00  -1.1181502e-02   3.9074662e-03  -2.4263084e-03
   3.4668206e-02   4.5209834e-02  -1.4912556e+00  -1.2054555e-02   3.6901448e-03  -2.0870628e-03
   3.4648617e-02   1.7023055e-02  -1.5042893e+00  -1.3077999e-02   3.9545700e-03  -2.3498516e-03
   3.7875608e-02   2.8274862e-02  -1.4651641e+00  -1.1792160e-02   3.7071618e-03  -2.1151164e-03
   4.2044295e-02   2.8526494e-02  -1.4532600e+00  -1.2438610e-02   3.6750476e-03  -2.2935703e-03
   5.8750930e-02   3.1424948e-02  -1.4206375e+00  -1.1318834e-02   3.1501897e-03  -2.3694285e-03
   5.7141606e-02   4.0450554e-02  -1.4377614e+00  -1.3363750e-02   3.2273136e-03  -2.3337619e-03
   4.0098515e-02  -2.0848785e-02  -1.4304739e+00  -5.7396148e-03   4.0541978e-03  -1.2998390e-03
   5.2198018e-02   4.0076598e-02  -1.5184689e+00  -8.9215003e-03   4.7552971e-03  -1.4037374e-03
   5.8378547e-02   1.1422785e-02  -1.5554280e+00  -9.5199649e-03   4.7352557e-03  -1.5486740e-03
   5.0599318e-02  -3.4606760e-04  -1.5577882e+00  -9.6474131e-03   5.0378749e-03  -1.6165203e-03
   4.9382491e-02  -2.5285430e-03  -1.5729340e+00  -1.0585070e-02   4.5730722e-03  -1.5744920e-03
   2.9478142e-02   2.4340347e-02  -1.6258246e+00  -1.0040195e-02   3.7436203e-03  -1.3958507e-03
   1.0324535e-02   2.2257123e-02  -1.1950702e+00  -3.2931830e-03   4.5013140e-03  -8.2077126e-04
   1.3318709e-02   2.8089327e-02  -1.5175943e+00  -7.4021107e-03   4.2220325e-03  -9.0091577e-04
   1.4030740e-02  -5.4953092e-03  -1.6061873e+00  -1.3836397e-02   2.8238992e-03  -2.0911078e-03
   2.6318709e-02   7.9801919e-03  -1.6203214e+00  -9.4828854e-03   3.7863682e-03  -1.4816839e-03
   1.6648642e-02  -3.4374723e-03  -1.6074388e+00  -1.0261818e-02   3.8706669e-03  -1.1713450e-03
   2.3702856e-02   1.4443062e-02  -1.6457055e+00  -1.0568390e-02   4.2036709e-03  -1.3891573e-03
   2.5176374e-02  -1.5479483e-02  -1.6231091e+00  -9.1012146e-03   3.1806568e-03  -1.5889567e-03
   3.2286492e-02   1.1692862e-02  -1.7857178e+00  -1.0220270e-02   3.8396695e-03  -1.6408408e-03
   4.2665736e-02  -5.6329824e-03  -1.7708093e+00  -1.1078517e-02   3.5305491e-03  -1.5434175e-03
   3.9486870e-02   2.4198928e-02  -1.7629288e+00  -1.1952632e-02   3.2155867e-03  -1.5231045e-03
   4.1615477e-02   2.1159139e-02  -1.7644067e+00  -1.1831330e-02   3.0930144e-03  -1.5171949e-03
   3.9073998e-02   8.6401044e-03  -1.7261747e+00  -1.1297082e-02   3.4422527e-03  -1.6991880e-03
   5.1055705e-02   6.5664709e-03  -1.7046673e+00  -1.0866432e-02   3.8631103e-03  -1.9795893e-03
   4.3162892e-02   5.8620578e-03  -1.7130956e+00  -1.1143947e-02   3.2881291e-03  -1.9362622e-03
   3.7398023e-02   2.5918210e-02  -1.7420210e+00  -1.1555287e-02   3.5166155e-03  -2.0337442e-03
   5.4126956e-02  -4.5386116e-02  -1.6493950e+00  -1.1516180e-02   5.3053770e-03  -2.0750670e-03
   1.5060752e-02   2.3422534e-02  -1.7147042e+00  -9.1355072e-03   5.5273786e-03  -1.3610789e-03
   4.0712148e-02  -6.2491602e-02  -1.5220175e+00  -1.0046483e-02   5.8780419e-03  -1.5173518e-03
   4.3843422e-02  -1.1198088e-02  -1.5546865e+00  -6.3432862e-03   6.1987726e-03  -1.5962117e-03
   7.6762508e-02   1.5298022e-02  -1.3935388e+00  -8.4655990e-03   7.0177926e-03  -2.0236448e-03
   9.4676613e-02  -3.7324560e-02  -1.4710940e+00  -6.5708574e-03   7.3191468e-03  -2.6510310e-03
   9.2762715e-02  -1.0151930e-02  -1.6437307e+00  -1.3094767e-02   3.9448078e-03  -2.6678802e-03
   9.4026390e-02   7.1649890e-02  -1.6886507e+00  -1.4379427e-02   4.4068464e-03  -2.7517063e-03
  -1.4810586e-02   4.5141231e-02  -1.6547321e+00  -1.0063602e-02   4.7413111e-03  -1.0327392e-03
  -3.6473475e-02   2.8090637e-02  -1.5019432e+00  -8.7111797e-03   6.1756560e-03  -8.7486406e-04
   8.9904495e-03   6.3338172e-02  -1.5621708e+00  -8.0689587e-03   3.8898560e-03  -8.9071260e-04
  -2.3262755e-02   1.2383536e-03  -1.8745008e+00  -1.0072165e-02   4.0437603e-03  -2.2671122e-04
  -6.5769921e-03   2.4423216e-02  -1.9584382e+00  -1.6177099e-02   3.8554840e-03  -7.1803067e-04
  -9.2352889e-03   2.9370884e-02  -1.6692907e+00  -8.5392932e-03   4.4395174e-03   1.5902076e-04
   1.0451422e-02   2.6863651e-02  -1.6720289e+00  -8.8297971e-03   3.8715515e-03  -5.9678409e-04
   2.7525392e-02  -1.8471738e-02  -1.7153095e+00  -1.1175588e-02   4.7790129e-03  -1.0071728e-03
   3.8380159e-03  -1.2291350e-02  -1.5875756e+00  -6.2783348e-03   4.1091239e-03  -4.4021390e-04
  -1.5025677e-03   5.0399067e-02  -1.7139715e+00  -1.4920604e-02   2.5730998e-03  -2.0692272e-03
   2.3107582e-03   7.4173893e-02  -1.7635925e+00  -1.7313379e-02   1.7284685e-03  -1.5138076e-03
   1.3289124e-02   9.4128232e-02  -1.7715261e+00  -1.6977806e-02   2.3425540e-03  -1.4195359e-03
   1.5626222e-02   5.9539731e-02  -1.7714476e+00  -1.6825397e-02   2.7769334e-03  -1.5620717e-03
   1.8166286e-02   5.2188183e-02  -1.7667920e+00  -1.6321558e-02   2.7906539e-03  -1.6140190e-03
   1.8529037e-02   6.5347364e-02  -1.7613146e+00  -1.6251932e-02   2.8053655e-03  -1.5722317e-03
   2.1238462e-02   4.4286543e-02  -1.7351030e+00  -1.4893619e-02   4.2218220e-03  -1.8747178e-03
   1.1875938e-02   5.5667214e-02  -1.7356664e+00  -1.5683451e-02   3.0354864e-03  -1.7060615e-03
   2.2096886e-02   4.5240866e-02  -1.7272682e+00  -1.5456396e-02   3.0648710e-03  -1.8064226e-03
   8.2394166e-03   1.0505507e-01  -1.7161272e+00  -1.4748988e-02   2.7416237e-03  -1.6290342e-03
   1.7746090e-02   4.6750965e-02  -1.7551591e+00  -1.5129346e-02   2.0060597e-03  -1.6498853e-03
   2.6009802e-02   9.5761104e-02  -1.7744088e+00  -1.7617984e-02   2.2706421e-03  -2.4079254e-03
   2.6006452e-02   5.8686575e-02  -1.7646143e+00  -1.8307756e-02   2.1657442e-03  -2.0707264e-03
   2.6959768e-02   1.1764761e-01  -1.5569200e+00  -1.2081084e-02   4.2663549e-03  -8.2218134e-04
   2.8399032e-02   5.0019508e-02  -1.5742106e+00  -1.2031573e-02   4.2474373e-03  -8.2167013e-04
  -2.6639166e-02   9.5981480e-02  -1.1609760e+00  -1.2714047e-03   5.5502242e-03   3.9793078e-04
   2.1311276e-02   3.6263782e-02  -1.6755996e+00  -7.7745799e-03   5.7903944e-03   4.7389894e-05
   3.7049437e-02   2.9346596e-02  -1.6805941e+00  -8.8431712e-03   6.1398423e-03  -4.2791969e-04
   4.8082483e-02   5.6704269e-03  -1.7223590e+00  -1.3417358e-02   6.0477348e-03  -1.1488931e-03
   3.7862249e-02   2.6467825e-02  -1.4976254e+00  -3.8351160e-03   4.4183902e-03  -7.2541009e-04
   1.8068853e-02   2.0738104e-02  -1.6931997e+00  -7.4989237e-03   4.8435041e-03  -9.6929881e-04
   3.7750586e-02   2.8802158e-02  -1.6607352e+00  -9.0005507e-03   4.5414288e-03  -1.3073060e-03
   4.3380689e-02   3.4431287e-02  -1.7126791e+00  -1.3029412e-02   4.6876461e-03  -1.2962367e-03
   3.7407733e-02  -1.2671957e-02  -1.6660652e+00  -8.6348741e-03   5.2511377e-03  -1.0768892e-03
   2.9525812e-02   1.2311823e-02  -1.6699923e+00  -9.5299813e-03   5.6575333e-03  -1.0553312e-03
   2.3210820e-02   3.3228818e-02  -1.6843352e+00  -9.8030486e-03   5.7769241e-03  -9.5040915e-04
   3.1494867e-02  -1.3706416e-03  -1.7253568e+00  -1.0448099e-02   5.5383860e-03  -1.6824253e-03
   3.3183595e-02  -2.0951958e-03  -1.7221991e+00  -6.0016613e-03   4.7893848e-03  -1.2938473e-03
   3.3697150e-02   7.8962333e-03  -1.8161369e+00  -1.1191946e-02   5.1813463e-03  -2.1893177e-03
   3.0268575e-02   3.0746930e-02  -1.8442076e+00  -9.6417664e-03   3.8200785e-03  -1.2102327e-03
   2.6445244e-02   3.6027850e-02  -1.8674920e+00  -9.9108354e-03   3.8278849e-03  -1.1411919e-03
   3.1121106e-02   3.2532200e-03  -1.8168223e+00  -8.9342518e-03   4.0562799e-03  -1.1726225e-03
   3.3072326e-02   2.2710942e-02  -1.8414212e+00  -1.2282177e-02   5.4216233e-03  -2.0597532e-03
   3.0121947e-02   3.9564410e-02  -1.8441084e+00  -9.9842922e-03   4.4417758e-03  -1.3767073e-03
   1.9807847e-02   3.1354817e-02  -1.8327325e+00  -1.0448829e-02   4.7352939e-03  -1.5755589e-03
   6.0381514e-02  -4.5260776e-03  -1.7566540e+00  -1.3868325e-02   3.9156189e-03  -2.5259811e-03
   7.8697462e-02   9.1651743e-02  -1.7859183e+00  -1.6465052e-02   4.8002550e-03  -2.2118352e-03
   7.6061091e-03   9.3988678e-02  -1.2380537e+00  -6.3075281e-03   5.1986969e-03  -6.0692623e-04
   4.8713546e-02   6.4308187e-02  -1.5857125e+00  -1.0472697e-02   5.0206582e-03  -7.8238391e-04
   4.6241344e-02   6.0103782e-02  -1.6088122e+00  -1.0508929e-02   5.2325357e-03  -9.5477721e-04
   4.7283411e-02   4.0022894e-02  -1.6636061e+00  -1.1082921e-02   5.0101464e-03  -1.2987511e-03
   5.5312303e-02   8.0573009e-03  -1.6773670e+00  -9.4652114e-03   5.6280835e-03  -1.3422497e-03
   4.8347516e-02   2.4651609e-02  -1.6495024e+00  -9.4921573e-03   5.3485731e-03  -1.2322109e-03
   4.7281625e-02   3.5164606e-02  -1.6395304e+00  -9.5448944e-03   5.3255966e-03  -1.0125885e-03
   3.4456685e-02   6.8685566e-02  -1.6652477e+00  -1.0870390e-02   5.4104722e-03  -1.1392825e-03
   4.2297488e-02   3.7872741e-02  -1.7065104e+00  -9.8415853e-03   4.8183967e-03  -1.3064062e-03
   3.4510180e-02   3.7924688e-02  -1.7149547e+00  -1.1467496e-02   5.0998767e-03  -1.0507236e-03
   5.1519207e-02   6.8923874e-02  -1.6379171e+00  -1.5176769e-02   2.4402242e-03  -1.9703805e-03
   7.5269540e-02   5.0509953e-02  -1.6067235e+00  -1.4386180e-02   4.0855029e-03  -1.9422383e-03
   1.6859809e-02   7.5030832e-02  -1.8140235e+00  -1.2469032e-02   6.3441273e-03  -3.4684399e-04
   9.8905695e-03   2.6986384e-02  -1.7573527e+00  -1.1342017e-02   6.7291037e-03  -7.0694220e-04
   3.5246643e-02   3.0473397e-02  -1.7444189e+00  -1.1490032e-02   7.3398728e-03  -1.3845935e-03
   2.8273512e-02   8.5256787e-02  -1.7365695e+00  -1.2225266e-02   4.5245458e-03  -9.6033833e-04
   2.2403505e-02   4.3524615e-02  -1.7542078e+00  -1.2554008e-02   5.3020732e-03  -7.9379959e-04
   3.4827132e-02   4.3711969e-02  -1.7418704e+00  -1.1974507e-02   5.0784597e-03  -1.2701679e-03
   2.6754432e-02   5.9596084e-02  -1.7322965e+00  -1.1828647e-02   5.5300827e-03  -1.5964042e-03
   4.7404029e-02   1.2282049e-02  -1.7629297e+00  -1.2433239e-02   5.4972623e-03  -1.6015277e-03
   3.5596650e-02   5.4729879e-02  -1.7702071e+00  -1.3393692e-02   5.9329382e-03  -1.4113004e-03
   3.8508101e-02   4.0988007e-02  -1.7492305e+00  -1.2660449e-02   5.6386062e-03  -1.6425791e-03
   1.7474557e-02   9.2009849e-02  -1.7292046e+00  -1.2986830e-02   4.9961871e-03  -1.0555181e-03
   3.5674768e-02   5.7210688e-02  -1.7964135e+00  -1.2788632e-02   5.1685503e-03  -1.3838992e-03
   1.6100633e-02   6.9450656e-02  -1.7905105e+00  -1.4366980e-02   4.5504197e-03  -1.0615137e-03
   4.2582495e-02   5.2141674e-02  -1.5197528e+00  -9.3020982e-03   5.4948287e-03  -1.5056300e-03
   4.2958736e-02   2.3877103e-02  -1.9815492e+00  -1.0788191e-02   6.6518534e-03  -1.4775035e-03
   5.6138931e-02   4.1271553e-02  -2.0068138e+00  -1.1965221e-02   6.9794038e-03  -1.6280268e-03
   5.1323412e-02   4.7156143e-02  -2.0465758e+00  -1.3278249e-02   8.0734109e-03  -1.8854830e-03
   3.9274139e-02   5.4559504e-02  -2.1107487e+00  -1.4412425e-02   7.2495779e-03  -1.5158792e-03
   1.8136461e-02   5.2251150e-02  -2.0817363e+00  -1.4222821e-02   6.2526201e-03  -1.2205232e-03
   1.7805274e-02   1.1640086e-02  -2.0620464e+00  -1.4167581e-02   6.7581608e-03  -7.3677713e-04
   4.5954015e-02   4.7033966e-02  -1.9462024e+00  -8.1238720e-03   5.3455608e-03  -7.0718996e-04
   6.7781505e-02   1.2109764e-02  -2.0989960e+00  -1.1967477e-02   4.5855178e-03  -9.7231911e-04
   6.0569675e-02   4.2199164e-02  -2.0388469e+00  -1.6165546e-02   4.7676090e-03  -2.1379357e-03
   5.0094881e-02   7.3151903e-02  -2.0125021e+00  -1.5254532e-02   4.3414292e-03  -1.6579618e-03
   1.5291443e-02   7.5824078e-02  -1.4033853e+00  -3.9271534e-03   3.9489145e-03  -5.4226365e-04
   3.5250936e-02   3.3113175e-02  -1.8461480e+00  -9.0140684e-03   3.0580179e-03  -8.9512268e-04
   4.8665716e-02   1.0725554e-02  -1.8494689e+00  -1.0065697e-02   4.0023282e-03  -1.4669064e-03
   5.1933351e-02   6.9929418e-03  -1.8415087e+00  -8.0675907e-03   4.2589813e-03  -1.3758962e-03
   4.8452671e-02   2.5571352e-02  -1.9121002e+00  -8.9055084e-03   3.8827504e-03  -1.3063581e-03
   1.5407335e-02   5.6660150e-02  -1.6364845e+00  -6.4425053e-03   4.2632827e-03  -4.9253276e-04
   1.3942413e-02   2.8990936e-02  -1.9804755e+00  -7.5343733e-03   4.5812457e-03  -8.1934219e-04
   1.7569983e-02   2.0285658e-02  -1.9605071e+00  -8.3708689e-03   3.6755364e-03  -9.5504242e-04
   2.4539401e-02   4.9176592e-02  -1.9913861e+00  -9.3548388e-03   3.7082733e-03  -9.3995668e-04
   2.8570816e-02   5.2291637e-02  -1.9496712e+00  -9.5683766e-03   3.3685320e-03  -1.1410181e-03
   3.9263099e-02   2.6075073e-02  -1.9465305e+00  -9.0360373e-03   3.0957655e-03  -1.0514956e-03
   4.4474966e-02   3.0820769e-02  -1.9511493e+00  -8.7226056e-03   3.2981255e-03  -1.4496386e-03
   4.1452576e-02   3.3513174e-02  -1.9650250e+00  -8.8972511e-03   3.2580771e-03  -1.1482839e-03
   4.1300836e-02   3.8687269e-02  -1.9572822e+00  -9.3035027e-03   3.4154285e-03  -1.0898044e-03
   5.0106470e-02   4.5969487e-02  -1.9696429e+00  -9.5793617e-03   3.0013578e-03  -1.3100988e-03
   4.5985562e-02   3.7141359e-02  -1.9811782e+00  -9.7008651e-03   3.5603573e-03  -1.1706637e-03
   5.0419253e-02   5.1283129e-02  -1.9906002e+00  -1.0131733e-02   3.6665139e-03  -1.4750204e-03
   5.9082019e-02   3.9966222e-02  -1.9962039e+00  -1.1114225e-02   3.1007275e-03  -1.5561338e-03
   7.1145228e-02   3.0805975e-02  -1.9989333e+00  -1.0871070e-02   3.8730271e-03  -1.9506602e-03
   8.4387364e-02   4.6763845e-02  -1.9397730e+00  -1.5478141e-02   4.0687444e-03  -2.2802781e-03
   2.9959454e-02   4.3391507e-02  -1.9326906e+00  -1.1642217e-02   6.1320537e-03  -1.1353676e-03
   3.3140716e-02   3.2203001e-02  -1.9576957e+00  -1.2506903e-02   6.4429428e-03  -1.0950057e-03
   2.4886117e-02   2.8889763e-02  -1.4571411e+00  -1.8449585e-03   6.2108289e-03  -5.8022007e-04
   4.9319364e-02   4.7721577e-02  -1.9260204e+00  -8.8761355e-03   5.6768430e-03  -9.9726523e-04
   6.3173841e-02  -2.3571993e-06  -2.0074264e+00  -1.4550131e-02   5.7145132e-03  -1.7886981e-03
   6.6303517e-02   2.1633118e-02  -1.4705256e+00  -1.0193011e-03   6.1171340e-03  -8.7360713e-04
   9.5929727e-02  -3.4215500e-03  -1.7491680e+00  -5.1067483e-03   6.6573852e-03  -1.8515572e-03
   1.1177226e-01  -1.9281192e-02  -1.7270576e+00  -5.8403204e-03   7.3079687e-03  -2.1543078e-03
   6.7741655e-02   3.4520332e-02  -1.5585080e+00  -6.7116209e-03   7.0030960e-03  -1.8596886e-03
   3.9827133e-02   2.4241113e-02  -1.9329635e+00  -7.1376525e-03   6.9195199e-03  -1.6826807e-03
   3.5145401e-02   1.7843503e-02  -1.9447134e+00  -1.0736930e-02   6.5139444e-03  -1.7933164e-03
   1.1761131e-02  -4.4017761e-03  -1.7372257e+00  -2.9300042e-03   5.8301504e-03  -8.1334431e-04
   2.9495827e-02  -1.3234149e-02  -1.8304025e+00  -5.5833297e-03   6.1627022e-03  -1.2472700e-03
   2.8620181e-02   1.9263885e-02  -1.8146610e+00  -6.7722696e-03   6.3496926e-03  -1.2217601e-03
   2.8237629e-02   2.9067173e-02  -1.6813165e+00  -6.6224015e-03   6.9365530e-03  -1.0670905e-03
   2.7042573e-02   3.5026036e-02  -1.8000114e+00  -5.7647934e-03   6.1423936e-03  -1.0239948e-03
   2.2343744e-02  -1.9515933e-03  -1.9039083e+00  -7.9482827e-03   5.7280797e-03  -1.2885559e-03
   4.5081627e-02   4.9043558e-03  -1.8956801e+00  -8.3798643e-03   5.3539563e-03  -1.5188621e-03
   3.4051235e-02   8.7824894e-03  -1.8397831e+00  -5.9427524e-03   6.1680319e-03  -1.6671712e-03
   4.1992244e-02  -3.3652848e-03  -1.8799945e+00  -7.9951326e-03   6.1097779e-03  -1.7156618e-03
   3.7506948e-02  -2.1595805e-03  -1.8574664e+00  -7.5105665e-03   5.8499918e-03  -1.8340248e-03
   2.9833256e-02   2.5504245e-02  -1.9176963e+00  -8.2156995e-03   5.8346335e-03  -1.5302346e-03
   5.0471483e-02   3.6568242e-02  -1.9125854e+00  -8.4393983e-03   6.4469854e-03  -2.1465210e-03
   3.5577542e-02   1.7773462e-02  -1.8944964e+00  -8.0896436e-03   5.8211117e-03  -1.9690913e-03
   5.5248651e-02   8.8181089e-02  -1.8799551e+00  -9.9369849e-03   4.9402633e-03  -1.7640248e-03
   4.6037087e-02   3.4087295e-02  -1.5816408e+00  -9.8797326e-03   7.2394480e-03  -2.3615699e-03
   4.1139645e-02   6.8954208e-02  -1.7062315e+00  -1.2652162e-02   7.8050837e-03  -1.9182780e-03
   4.0310017e-02   2.0957075e-02  -1.7174707e+00  -1.1201094e-02   7.2326881e-03  -1.9039900e-03
   4.5688338e-02  -2.0891898e-02  -1.9306684e+00  -9.5657819e-03   5.0604663e-03  -1.2984553e-03
   2.6461226e-02   6.3538228e-03  -1.9236957e+00  -1.0042108e-02   5.8651149e-03  -1.2007707e-03
   3.7059362e-02   1.1244560e-02  -2.0238916e+00  -1.0593999e-02   5.4397179e-03  -1.1987223e-03
   4.6085088e-02   1.3327779e-02  -2.0785451e+00  -1.0226113e-02   5.8877455e-03  -1.2881193e-03
   3.8136685e-02   6.7348618e-02  -1.6680914e+00  -6.3459341e-03   8.4969269e-03  -1.1579347e-03
   5.9189529e-02   3.3327396e-02  -1.9313904e+00  -8.2756902e-03   7.2652278e-03  -1.1068617e-03
   4.8960032e-02   2.9575250e-02  -1.9062313e+00  -8.8035922e-03   7.0289474e-03  -1.0793654e-03
   5.7607619e-02   2.8234020e-02  -1.9832215e+00  -9.6795237e-03   6.5562180e-03  -1.2895566e-03
   5.8792222e-02   6.6376747e-02  -1.9174676e+00  -1.3887928e-02   4.9928273e-03  -2.2398804e-03
   4.0594821e-02   8.9847541e-02  -1.9279648e+00  -1.4200931e-02   4.9367892e-03  -1.5978536e-03
   5.7964312e-02   9.0540569e-02  -1.9451888e+00  -1.5541476e-02   5.1057801e-03  -1.7498345e-03
  -6.9780695e-03   4.0356104e-02  -1.6651811e+00  -2.4230914e-03   5.2807607e-03  -3.0206808e-04
   2.6269136e-02   2.4722580e-02  -1.9614812e+00  -1.1755336e-02   5.6903959e-03  -9.1580691e-04
   5.1516044e-02   4.3996555e-02  -1.8898702e+00  -8.0752437e-03   5.4806335e-03  -7.7592652e-04
   5.0254496e-02   3.7172099e-02  -1.9500190e+00  -8.6389627e-03   5.4735062e-03  -1.1872498e-03
   1.3629328e-02   8.9370470e-02  -1.5585391e+00  -4.7569029e-03   6.1906876e-03  -2.1188014e-04
   2.9375528e-02   5.2139125e-02  -1.8876339e+00  -6.2213491e-03   5.2506354e-03  -1.8025100e-04
   4.6553263e-02   1.9667529e-02  -1.9333665e+00  -7.2561300e-03   5.2520924e-03  -1.1001168e-03
  -1.0171011e-02  -7.4897464e-03  -1.6380894e+00  -2.2882152e-03   4.7007987e-03   3.0883103e-04
   7.6023653e-03   3.9097190e-02  -1.8859344e+00  -6.8617489e-03   4.9227534e-03  -3.1680486e-04
   4.1806344e-02   4.0908930e-02  -1.9923159e+00  -1.5648179e-02   4.4936266e-03  -1.3376725e-03
  -1.2906134e-02   7.6955522e-02  -1.6532374e+00  -6.2216252e-03   2.4919597e-03   2.0299053e-04
  -3.7545341e-03   4.5669503e-02  -1.7536879e+00  -8.5786236e-03   3.4356230e-03  -1.5252227e-04
   5.2352597e-03   2.1204227e-02  -1.7584061e+00  -8.2912390e-03   3.4090075e-03  -1.8763462e-04
   3.3562285e-03   6.7525274e-02  -1.7570081e+00  -8.4903379e-03   2.7295338e-03  -3.3517806e-04
   1.4771414e-02   4.0209153e-02  -1.7183670e+00  -6.8126701e-03   3.6905382e-03  -6.7984231e-04
   1.5375003e-02   3.4125021e-02  -1.7665390e+00  -8.6651796e-03   4.0304568e-03  -8.8257923e-04
   4.3340553e-02   3.0635081e-02  -1.8208784e+00  -1.1961147e-02   4.7936703e-03  -2.3110380e-03
   1.3536312e-02   7.1352395e-02  -1.9055562e+00  -5.9886631e-03   5.8001318e-03  -4.4619327e-04
   1.6879608e-02   2.7383047e-02  -1.9624935e+00  -7.2850023e-03   5.8551701e-03  -4.2126926e-04
   3.3804078e-02   7.6816415e-02  -1.7349187e+00  -5.9494182e-03   5.6917359e-03  -1.3881402e-03
   5.9851358e-03   7.2664428e-02  -2.0481448e+00  -1.3756137e-02   4.3067137e-03  -1.6498207e-03
   1.6406046e-02   1.2432740e-01  -1.8879173e+00  -1.1724395e-02   4.5039828e-03  -1.3986919e-03
   1.2221524e-02   6.6565374e-02  -1.8228053e+00  -1.0611898e-02   4.5265223e-03  -1.1768857e-03
   3.6411602e-03   5.5713028e-02  -1.9293518e+00  -1.0737336e-02   4.6919820e-03  -1.3926293e-03
   2.4473929e-02   4.5142776e-02  -1.9117004e+00  -9.7304172e-03   4.9361592e-03  -1.6245084e-03
   1.7860950e-02   4.6600298e-02  -1.9125771e+00  -9.6718108e-03   4.7520789e-03  -1.5372653e-03
   2.0723521e-02   4.7440520e-02  -1.8518830e+00  -8.4995458e-03   4.9317950e-03  -1.5424079e-03
   3.2120867e-02   3.9409962e-02  -1.7847109e+00  -8.0702887e-03   5.2338354e-03  -1.5083472e-03
   1.9508300e-02   3.1000966e-02  -1.8593058e+00  -8.2234336e-03   5.0493503e-03  -1.3037574e-03
   2.6838562e-02   4.6986887e-02  -1.9489539e+00  -9.8572402e-03   4.5246936e-03  -1.6269954e-03
   2.5056279e-02   2.0672719e-02  -1.9665071e+00  -1.1147597e-02   4.3325978e-03  -1.6732873e-03
   5.8969330e-02   8.2428212e-03  -1.9545353e+00  -1.0735471e-02   6.0869209e-03  -2.2950875e-03
   2.8532080e-02   3.3820123e-02  -1.9059715e+00  -9.2677517e-03   6.3358102e-03  -1.7019966e-03
   6.4384091e-03   4.0978952e-02  -1.7475515e+00  -7.6947445e-03   7.9871924e-03  -1.7107676e-03
   2.2045409e-02   4.5124840e-02  -1.8465077e+00  -9.9350763e-03   8.7279711e-03  -1.7787780e-03
   3.4279330e-02   1.7518582e-02  -1.7626416e+00  -8.2853112e-03   6.8527628e-03  -1.7172272e-03
   3.3058603e-02   6.6329000e-02  -1.9395486e+00  -1.0384311e-02   6.5998288e-03  -1.7781032e-03
   4.2889442e-02   3.6417812e-02  -1.9688182e+00  -1.0320523e-02   6.0961837e-03  -1.8259973e-03
   5.0934481e-02   5.5875084e-02  -1.9444556e+00  -1.1900050e-02   8.2510933e-03  -2.7173493e-03
   1.8757504e-02   3.1932251e-02  -2.1684972e+00  -8.8340273e-03   7.6557070e-03  -1.1137566e-03
   2.5257302e-02   4.5853907e-02  -2.0897210e+00  -8.5291167e-03   7.3948387e-03  -1.3986926e-03
   2.7443214e-02   5.5198074e-02  -2.0816439e+00  -1.0617209e-02   7.2515546e-03  -1.4293462e-03
   8.7097397e-02   2.3918840e-02  -1.9315253e+00  -1.4976425e-02   7.0882013e-03  -3.3232516e-03
   3.7843842e-02   5.7427564e-02  -1.9835005e+00  -1.2465828e-02   7.7638622e-03  -2.2960369e-03
   2.5644882e-02   6.9732190e-02  -1.9869700e+00  -1.2693633e-02   7.0448543e-03  -1.4687345e-03
   4.2224421e-02   7.3689319e-02  -1.9970810e+00  -8.2416991e-03   6.8115730e-03  -1.3382750e-03
  -1.1950052e-02   4.0324655e-02  -2.4240609e+00  -1.1182471e-02   6.3525046e-03  -4.0298863e-04
   3.8581518e-02   3.0359087e-02  -2.3622835e+00  -1.0860872e-02   8.0614090e-03  -1.8591644e-03
   2.7699835e-02   1.1559955e-02  -2.3227147e+00  -1.0281603e-02   7.6476906e-03  -1.2112076e-03
   2.0848626e-02   1.4347055e-02  -2.1908891e+00  -8.0502562e-03   8.2690106e-03  -1.5108835e-03
   4.2242619e-02   1.9922224e-02  -2.2403414e+00  -9.0642332e-03   8.8413545e-03  -1.7926458e-03
  -9.3290305e-03   2.4754802e-02  -2.1769367e+00  -4.8657589e-03   7.3876963e-03  -3.3135832e-04
   1.3463488e-02   7.2104325e-02  -2.3737349e+00  -9.7646252e-03   7.4239288e-03  -9.2162421e-04
   2.6672696e-02   6.8702518e-02  -2.3485985e+00  -1.0072553e-02   7.4001121e-03  -1.4970771e-03
   2.1101109e-02   3.4720837e-02  -2.3545009e+00  -9.6493717e-03   6.2734217e-03  -8.1280717e-04
   4.0801856e-02   3.0459871e-02  -2.2421509e+00  -1.3861714e-02   9.0249405e-03  -1.8707958e-03
   4.8244747e-02   8.9846846e-02  -1.9585412e+00  -6.4154373e-03   9.8029598e-03  -7.6620998e-04
  -3.8150110e-03   7.8126182e-02  -2.2082394e+00  -9.6068306e-03   9.7045903e-03   1.3723054e-04
   1.2360532e-02   5.8559786e-02  -2.2145248e+00  -9.1218086e-03   9.7090825e-03  -5.2138208e-04
   2.4535324e-02   3.3717264e-02  -2.2324586e+00  -9.2490599e-03   9.3205621e-03  -7.6510932e-04
   3.5147930e-02   6.7589613e-02  -2.2709601e+00  -1.1506123e-02   1.0011810e-02  -1.2014850e-03
   4.7790437e-02   1.1757505e-02  -2.1618677e+00  -8.5948801e-03   1.0150675e-02  -1.4549532e-03
   3.7244608e-02   4.7193261e-02  -2.1652540e+00  -7.6198962e-03   1.0086369e-02  -1.0711215e-03
   3.8786158e-02   3.6518223e-02  -2.1978848e+00  -7.9909325e-03   9.2019998e-03  -1.0751512e-03
   4.9157445e-02   3.9494796e-02  -2.1767863e+00  -9.0128623e-03   9.0907246e-03  -1.7623283e-03
   4.6026633e-02   5.6316161e-02  -2.1378642e+00  -8.6045345e-03   9.2817226e-03  -1.5842404e-03
   4.3814841e-02   6.6390987e-02  -2.0846211e+00  -8.7695018e-03   1.0320809e-02  -1.0858802e-03
   2.6766162e-02   5.7912250e-02  -2.2032440e+00  -8.9059626e-03   8.0911997e-03  -9.2319200e-04
   4.3849270e-02   3.8910374e-02  -2.1766922e+00  -8.7231073e-03   7.6982386e-03  -1.0756546e-03
   5.0118475e-02   6.0029192e-02  -2.1434027e+00  -8.5046810e-03   7.3789796e-03  -1.3140671e-03
   5.1548536e-02   5.2508997e-02  -2.1748506e+00  -9.2440697e-03   7.2551415e-03  -1.4795868e-03
   6.1956316e-02   5.1279935e-02  -2.1904654e+00  -9.4927577e-03   7.3637229e-03  -1.6947776e-03
   5.1365408e-02   1.7321319e-02  -2.1465473e+00  -6.6554233e-03   7.8217274e-03  -1.8884320e-03
   3.7709668e-02   3.0300927e-02  -2.2120961e+00  -1.1578737e-02   8.2677645e-03  -1.1290286e-03
   4.6436268e-02   5.4534442e-02  -2.2378685e+00  -7.0628588e-03   6.1565840e-03  -4.9617058e-04
   5.3679928e-02   1.4400746e-02  -2.3148429e+00  -8.5496338e-03   5.6858511e-03  -9.1377632e-04
   6.6037340e-02   3.7467315e-02  -2.3310701e+00  -9.8245886e-03   6.4413962e-03  -9.2659218e-04
   6.5999156e-02   7.3010140e-02  -2.1417135e+00  -1.3500868e-02   5.5490425e-03  -1.7691230e-03
   7.6175544e-02   5.4373512e-02  -1.9812879e+00  -5.8729427e-03   4.9816158e-03  -1.1417096e-03
   5.6182402e-02   6.7228327e-02  -2.1578519e+00  -1.0162082e-02   5.0902962e-03  -8.3235775e-04
   6.8471069e-02   4.3094624e-02  -2.0287799e+00  -8.3533197e-03   4.9326876e-03  -1.3179803e-03
   8.5410945e-02   5.7245836e-02  -2.1303176e+00  -8.6524253e-03   6.0080019e-03  -1.7418529e-03
   7.9374516e-02   1.4748694e-02  -2.1109452e+00  -7.2141399e-03   4.7076740e-03  -1.5643476e-03
   5.5099197e-02   3.3921558e-02  -1.9694519e+00  -1.0427983e-02   5.4811836e-03   2.4417964e-04
   2.9645267e-02   8.1922494e-02  -2.1684989e+00  -5.6624280e-03   1.5574226e-03   4.0533380e-04
   4.8727676e-02  -8.1869822e-03  -2.2476695e+00  -6.6788907e-03   2.0767974e-03  -2.9479775e-04
   5.8471915e-02   7.9522786e-03  -2.2779081e+00  -7.6098891e-03   2.0997148e-03  -6.9821207e-04
   5.4215145e-02   1.1448855e-02  -2.2462668e+00  -7.2859807e-03   2.4460171e-03  -4.0874355e-04
   6.9571977e-02   2.8522886e-02  -1.9588310e+00  -1.0319179e-02   3.7047584e-03  -1.9711446e-03
   5.3447684e-02   7.8440286e-02  -2.0294409e+00  -1.0409205e-02   3.1392271e-03  -1.1210198e-03
   5.8333157e-02   5.1807682e-02  -2.0649351e+00  -9.9992182e-03   2.7944147e-03  -1.2977008e-03
   6.4494642e-02   2.0125993e-02  -2.0768063e+00  -8.3213781e-03   3.4405146e-03  -1.4169256e-03
   6.7126106e-02   4.2690335e-02  -2.0570257e+00  -8.5452662e-03   3.7364949e-03  -1.4186625e-03
   6.5110410e-02   5.8980478e-03  -2.0722510e+00  -8.8300724e-03   4.1554823e-03  -1.1658390e-03
   7.0438833e-02   3.0181092e-02  -2.1109842e+00  -8.4978052e-03   3.6336848e-03  -1.6329045e-03
   6.8639852e-02   3.6235208e-02  -2.0995241e+00  -9.2869798e-03   4.3234841e-03  -1.5946114e-03
   7.0241098e-02   2.3519014e-02  -2.0914291e+00  -8.6052911e-03   4.3784541e-03  -1.5185045e-03
   7.3867586e-02  -6.0247134e-03  -2.0878131e+00  -6.4495353e-03   4.6221167e-03  -1.6757747e-03
   3.6605044e-02   3.5055307e-02  -2.1297485e+00  -9.0917028e-03   4.7664497e-03  -1.0015879e-03
   7.5422925e-02   7.2830066e-02  -2.1174666e+00  -1.3908015e-02   4.0547761e-03  -2.1362482e-03
   8.1970374e-02   4.9889841e-02  -1.9354409e+00  -4.8651239e-03   4.6330907e-03  -6.7990400e-04
   5.0096920e-02   8.4589568e-02  -2.1776808e+00  -7.9988331e-03   3.7243688e-03  -2.9418316e-04
   5.6146381e-02   6.3669478e-02  -2.1813854e+00  -8.0393134e-03   3.4638721e-03  -4.2160138e-04
   6.0860278e-02  -1.5215954e-02  -2.0285333e+00  -4.3747454e-03   5.4560182e-03  -4.7610658e-04
   1.1860087e-02   5.4300005e-02  -2.2044695e+00  -6.4279075e-03   3.7030712e-03   2.9889336e-04
   2.7349790e-02   3.0079995e-02  -2.2523661e+00  -8.5571408e-03   3.6871477e-03  -1.9008543e-04
   5.0517522e-02   4.9527313e-02  -2.2787173e+00  -8.2467712e-03   3.2534126e-03  -7.1950192e-04
   2.6252382e-02  -1.0553411e-02  -2.2638509e+00  -8.7898901e-03   5.2601451e-03  -2.8509597e-04
   7.0011257e-03  -1.3783033e-02  -2.3344536e+00  -1.0167827e-02   8.1681855e-03  -1.3088594e-03
   6.4671146e-02  -3.2884137e-03  -2.2334545e+00  -7.0964658e-03   6.0067824e-03  -8.8851082e-04
   2.2862916e-02   1.0795218e-01  -2.2704142e+00  -1.3726790e-02   6.4917888e-03  -1.1510720e-03
   1.5013564e-02   9.9143866e-02  -2.1151136e+00  -1.2254089e-02   5.4856570e-03  -7.6412841e-04
   2.3637418e-02   7.6364574e-02  -2.1213706e+00  -1.1889721e-02   6.5788219e-03  -1.1645673e-03
   4.0441936e-02   5.7543913e-02  -2.1061474e+00  -9.4835258e-03   4.3637905e-03  -9.6350280e-04
   5.3698229e-02  -7.0947524e-03  -2.4678039e+00  -3.7177639e-03   3.4704696e-03  -9.8451104e-04
   1.2160080e-03   6.0794164e-02  -2.7940158e+00  -1.5071085e-02   5.5318840e-03  -1.8445353e-04
   7.6986531e-03   6.5700995e-02  -2.6939562e+00  -1.4457512e-02   5.2194874e-03  -5.6920631e-05
   2.2207896e-02   3.5493399e-02  -2.5866137e+00  -1.1537320e-02   6.3197187e-03  -1.6827984e-04
   3.4495658e-02   5.1082832e-02  -2.5591679e+00  -1.0351804e-02   5.7030600e-03  -9.1159679e-05
   3.6442836e-02   3.4050328e-02  -2.4533440e+00  -9.7114616e-03   5.5644443e-03  -3.4052851e-04
   5.5838315e-02   1.2388961e-02  -2.4195534e+00  -9.4444299e-03   5.5364578e-03  -8.0490748e-04
   5.5005179e-02   3.8110513e-02  -2.4242074e+00  -1.0138525e-02   6.1758300e-03  -9.3968853e-04
   4.4587584e-02   7.7147163e-03  -2.3945213e+00  -8.9563355e-03   6.2663265e-03  -6.5564019e-04
   6.0589384e-02   5.0022691e-02  -2.1460494e+00  -1.2179650e-02   6.6653347e-03  -1.6052472e-03
   9.6345647e-02   2.7445721e-02  -2.4270347e+00  -9.0106664e-03   5.8663168e-03  -1.4884390e-03
   8.0134403e-02   2.1749985e-02  -2.4716989e+00  -1.0914157e-02   8.1391489e-03  -1.2689328e-03
   8.1448668e-02   2.6317737e-02  -2.4501596e+00  -1.2695244e-02   8.7192617e-03  -1.4966471e-03
   9.5139321e-02  -1.3753786e-02  -2.1870496e+00  -7.3381269e-03   7.5906633e-03  -1.8252373e-03
   8.0616815e-02   2.8071559e-02  -2.3144771e+00  -9.6461523e-03   6.1678567e-03  -1.3794288e-03
   8.4815051e-02   2.5626760e-03  -2.2793945e+00  -8.0729585e-03   5.5208654e-03  -1.3678930e-03
   8.8534373e-02   5.4813458e-02  -2.2744509e+00  -8.6207317e-03   6.2180227e-03  -1.6925772e-03
   9.4698274e-02   3.8950630e-02  -2.2926695e+00  -9.4562086e-03   6.4374177e-03  -1.9672702e-03
   8.0366361e-02   3.8313792e-02  -2.2507361e+00  -9.4935863e-03   6.7968475e-03  -1.8727206e-03
   1.0449155e-01   1.1146300e-02  -2.0806999e+00  -1.2577086e-02   7.6809285e-03  -1.8933082e-03
   3.9489604e-02   4.9297393e-02  -2.0375857e+00  -1.0937511e-02   3.7534679e-03  -1.4873227e-03
   5.7468310e-02   6.0159088e-02  -1.9833330e+00  -1.1164968e-02   2.9890035e-03  -1.5810115e-03
   6.5842618e-02   4.7622278e-02  -1.9995344e+00  -1.1106908e-02   3.1300758e-03  -1.3728259e-03
   8.5789895e-02   6.3876412e-02  -2.0883979e+00  -1.1535484e-02   2.5881643e-03  -1.5226145e-03
   7.9804286e-02   2.0102987e-02  -2.0836289e+00  -1.0455902e-02   2.3856844e-03  -1.6515999e-03
   7.7675760e-02   3.1471111e-02  -2.1419508e+00  -1.0903604e-02   2.7278725e-03  -1.7027950e-03
   6.2509073e-02   2.9070414e-02  -2.0939759e+00  -6.2457654e-03   3.8980681e-03  -8.4059352e-04
   6.1528126e-02   6.6255811e-02  -2.2741228e+00  -9.7806911e-03   3.7150407e-03  -8.7787236e-04
   6.5683789e-02   5.5867848e-02  -2.2409224e+00  -9.8374254e-03   3.9825037e-03  -1.0188214e-03
   7.9332637e-02   6.2094697e-02  -2.2717820e+00  -1.1000834e-02   2.9059454e-03  -1.0922156e-03
   4.3494082e-02   3.7729483e-02  -2.3038640e+00  -1.0082532e-02   3.0549268e-03  -3.9044563e-04
   6.1711767e-02   4.2328786e-02  -2.2796810e+00  -1.1007921e-02   3.7295014e-03  -8.7596377e-04
   7.7039188e-02   2.2416525e-02  -2.2599437e+00  -1.0313937e-02   4.0385194e-03  -9.5174647e-04
   7.3414201e-02   4.0608730e-02  -2.2779472e+00  -1.2351290e-02   5.7507868e-03  -2.1091168e-03
   8.8432812e-02  -1.5886036e-02  -2.3417400e+00  -9.3809469e-03   5.6117699e-03  -1.2312067e-03
   8.0047635e-02   4.6137083e-02  -2.3854949e+00  -9.4124978e-03   4.2354406e-03  -1.1198786e-03
   7.6514408e-02   2.8888314e-02  -2.4114313e+00  -1.1113946e-02   4.1891334e-03  -9.9448186e-04
   1.0033924e-01   6.0581736e-02  -2.3782766e+00  -1.1024418e-02   4.2954658e-03  -1.7063886e-03
   9.9496131e-02   3.0945872e-02  -2.3373540e+00  -1.3410398e-02   6.4296336e-03  -3.4054504e-03
   1.0572529e-01   4.5570824e-02  -2.1694271e+00  -6.6055277e-03   4.7708171e-03  -1.2661380e-03
   1.1502106e-01   2.1122825e-02  -2.2805471e+00  -9.4418033e-03   3.4224402e-03  -1.7068591e-03
   1.3243631e-01   4.2640657e-02  -2.2048183e+00  -8.0733970e-03   3.6959477e-03  -1.8190827e-03
   9.9712758e-02   4.3836394e-02  -2.2535504e+00  -1.4149085e-02   4.0183304e-03  -2.6188060e-03
   1.1828942e-01   8.5088760e-02  -2.2610416e+00  -1.3963203e-02   4.8115767e-03  -2.1362702e-03
   1.0122507e-01   8.1959503e-02  -2.2399822e+00  -1.2736543e-02   4.8090009e-03  -2.2068153e-03
   1.0060684e-01   7.6826295e-02  -2.2739755e+00  -1.3171457e-02   4.7550968e-03  -2.2089007e-03
   9.0357506e-02   2.9973266e-02  -2.0454250e+00  -6.6970158e-03   5.8669388e-03  -9.8664809e-04
   5.9473633e-02   1.0349413e-01  -2.2451197e+00  -7.8693066e-03   3.8565944e-03  -2.3064006e-04
   7.2397871e-02   6.7630912e-02  -2.2875616e+00  -8.8575728e-03   3.8588119e-03  -8.5638687e-04
   7.1302851e-02   5.5196326e-02  -2.3020320e+00  -9.0997156e-03   3.8291472e-03  -8.3540456e-04
   6.5809320e-02   7.6492407e-02  -2.2999459e+00  -1.0276399e-02   3.9841653e-03  -6.3229383e-04
   7.6898350e-02   7.9482110e-02  -2.2771180e+00  -8.6923125e-03   3.5420447e-03  -8.9537064e-04
   5.8746894e-02   7.5404145e-02  -2.1337855e+00  -5.6241882e-03   4.1480661e-03  -1.2438759e-03
   4.1306955e-02   7.9832246e-02  -2.4388893e+00  -1.0596308e-02   7.5064029e-03   4.2687350e-05
   3.1467438e-02   5.1060217e-02  -2.4555249e+00  -1.0219223e-02   6.0661974e-03   4.5169515e-04
   4.3777190e-02   4.7627522e-02  -2.4901352e+00  -1.1896670e-02   4.9426280e-03   1.6028105e-04
   8.6018487e-02   4.6382892e-02  -2.3970370e+00  -9.1829439e-03   5.5800385e-03  -6.7600856e-04
   7.7729263e-02   6.7799663e-02  -2.4210115e+00  -9.7974380e-03   5.4162299e-03  -5.4042207e-04
   9.7113100e-02   2.9033561e-02  -2.4126349e+00  -9.6974785e-03   5.5950254e-03  -1.3426158e-03
   9.0276894e-02   2.7046326e-02  -2.4309626e+00  -1.0660017e-02   6.5294149e-03  -1.5160598e-03
   7.7388383e-02   2.7140421e-02  -2.4947295e+00  -9.0013772e-03   6.7860749e-03  -5.8740529e-04
   6.6175950e-02   6.1011021e-02  -2.4654268e+00  -8.8868481e-03   6.0706123e-03  -2.9525903e-04
   6.3725442e-02   4.6013792e-02  -2.4465527e+00  -9.4187856e-03   5.6139391e-03  -4.6318605e-04
   7.2269051e-02   3.6412163e-02  -2.3894357e+00  -8.8213766e-03   5.5896787e-03  -3.4514937e-04
   8.5647811e-02   4.4354378e-02  -2.3563289e+00  -9.3788702e-03   7.4177064e-03  -1.2162736e-03
   6.9573754e-02  -6.5496462e-03  -3.0597264e+00  -1.8757494e-02   4.9165674e-03  -1.6515819e-03
   2.8060907e-02   4.0013525e-02  -2.8485827e+00  -1.3270385e-02   8.3665563e-03   5.4658951e-04
   1.5963603e-02   5.8402688e-02  -2.6377980e+00  -1.0275817e-02   6.7590240e-03  -2.1744601e-06
   2.9355278e-02   6.4866877e-02  -2.6027464e+00  -1.0818532e-02   7.5786288e-03  -7.4212833e-04
   4.8263786e-02   5.3058495e-02  -2.6036252e+00  -1.0667934e-02   7.2813272e-03  -8.9617341e-04
   3.4846115e-02   6.5214050e-02  -2.5531997e+00  -1.0100735e-02   7.8059557e-03  -1.1022425e-03
   5.8649922e-02   3.8552707e-02  -2.5228906e+00  -9.7945523e-03   7.9216338e-03  -1.2949444e-03
   8.0471682e-02   5.9496858e-02  -2.4845969e+00  -9.7675174e-03   8.4541853e-03  -1.5817478e-03
   7.7397577e-02   3.7637989e-02  -2.4119174e+00  -9.2010488e-03   8.0319705e-03  -1.9517533e-03
   7.6951484e-02   2.6985468e-02  -2.4962499e+00  -1.2567365e-02   9.0905963e-03  -2.0587823e-03
   5.2885262e-02   5.7473963e-02  -2.4998834e+00  -9.7689956e-03   6.9865304e-03  -7.2386084e-04
   4.5851237e-02   3.1398428e-02  -2.4801238e+00  -1.0719110e-02   7.2951478e-03  -7.2795044e-04
   8.5572957e-02   4.4569553e-02  -2.4647659e+00  -1.3856396e-02   7.1470458e-03  -2.5818802e-03
   6.6317979e-02   8.5682625e-02  -2.3356158e+00  -1.2014443e-02   6.4779052e-03  -1.7156674e-03
   5.6423476e-02   6.6773380e-02  -2.3944268e+00  -1.2500898e-02   5.6288790e-03  -1.6070884e-03
   6.8411874e-02   3.9706538e-02  -2.4310128e+00  -1.1479341e-02   6.9785933e-03  -1.1923612e-03
   4.1913228e-02   9.2540660e-02  -2.3504180e+00  -9.8630155e-03   6.2871112e-03  -6.9648977e-04
   6.1719262e-02   5.1988763e-02  -2.3292168e+00  -1.0286262e-02   5.9949569e-03  -1.0960466e-03
   4.6754012e-02   5.3306593e-02  -2.3568546e+00  -1.0719554e-02   5.9560734e-03  -8.1225936e-04
   7.2963276e-02   6.1044540e-02  -2.4044978e+00  -1.1529488e-02   5.8161202e-03  -1.0464599e-03
   6.0861228e-02   2.9905204e-02  -2.4012232e+00  -1.0152379e-02   5.8273172e-03  -9.0223767e-04
   8.1911756e-02   5.0077859e-02  -2.3459905e+00  -9.8508425e-03   6.7002143e-03  -1.3664008e-03
   7.2361817e-02   3.7897040e-02  -2.3602963e+00  -1.0563132e-02   5.6549171e-03  -7.9203286e-04
   5.4945677e-02   2.3908815e-02  -2.3396608e+00  -9.0691226e-03   6.0486054e-03  -5.9983714e-04
   6.8022870e-02   4.4848751e-02  -2.1992600e+00  -7.0840464e-03   5.5523141e-03  -8.0083552e-04
   1.0174816e-01   1.4933842e-01  -1.8665846e+00  -8.6168710e-03   2.6116863e-03  -2.5959689e-03
   9.3683927e-02   9.3820945e-02  -1.2703065e+00   6.4029860e-03   7.1220704e-03  -2.6908612e-03
   1.5457912e-01  -2.3270836e-02  -1.5661021e+00  -1.1920627e-02   9.3950796e-03  -3.6083025e-03
   1.1828926e-01   7.6908690e-02  -1.4005638e+00  -3.5380354e-03   8.2305053e-03  -3.1167599e-03
   6.7266527e-02   1.4255769e-01  -1.6584745e+00  -1.0799130e-02   5.8725220e-03  -1.6781539e-03
   8.8136840e-02   1.0597241e-01  -1.6199897e+00  -9.9065861e-03   5.9616354e-03  -1.9635217e-03
   1.4329526e-01   7.2798264e-02  -1.6683279e+00  -8.9800092e-03   5.6239152e-03  -2.8316540e-03
   1.8460022e-01  -2.6981129e-02  -2.1590061e+00  -4.7874638e-03   4.2225952e-04  -3.6241750e-03
   1.9230386e-01   4.8127300e-02  -2.2811198e+00  -9.2424994e-03   2.2289416e-03  -3.4027719e-03
   1.9555674e-01   9.4839798e-03  -2.2641785e+00  -9.0608868e-03   1.3915027e-03  -3.3496936e-03
   1.5265715e-01   7.0200631e-02  -2.3431993e+00  -1.3817761e-02  -1.9010996e-03  -3.3881162e-03
   1.8612258e-01   7.0219600e-02  -2.4946729e+00  -1.4706497e-02  -8.5580292e-04  -3.5426469e-03
   1.6668265e-01   7.4602362e-02  -2.3580721e+00  -1.2802124e-02   8.3037920e-04  -3.1172280e-03
   1.6977210e-01   3.5451207e-02  -2.3619889e+00  -1.1686914e-02   3.1331103e-04  -3.1468631e-03
   1.8091882e-01   3.4037253e-02  -2.4323046e+00  -1.2420395e-02   2.2794986e-04  -3.4337728e-03
   1.7552884e-01   5.9793594e-02  -2.3967990e+00  -1.2245718e-02   3.0029410e-04  -3.0432798e-03
   1.7478044e-01   4.3167556e-02  -2.4263398e+00  -1.1907692e-02   1.0614713e-03  -3.1466790e-03
   1.7198279e-01   4.2761306e-02  -2.4335642e+00  -1.2255939e-02   1.0280572e-03  -3.1285213e-03
   1.5964920e-01   4.3839017e-02  -2.4312361e+00  -1.1656109e-02   1.0904941e-03  -3.0271892e-03
   1.7413716e-01   3.3195620e-02  -2.4778984e+00  -1.1543651e-02   1.0133415e-03  -3.0825928e-03
   1.6560140e-01   4.8007184e-02  -2.5360771e+00  -1.3901854e-02   1.5710550e-03  -3.0616999e-03
   1.7250072e-01   7.7297998e-02  -2.3917121e+00  -1.4785101e-02   2.7724795e-04  -2.8538595e-03
   1.8087678e-01   8.0416196e-02  -2.5458349e+00  -1.4237025e-02   8.5704199e-04  -2.7799818e-03
   1.7454341e-01   5.7511692e-02  -2.5585422e+00  -1.5431566e-02   1.0419216e-03  -2.5428230e-03
   2.0509533e-01  -2.8825876e-02  -2.5427896e+00  -1.0065506e-02   1.5270067e-03  -2.5753337e-03
   1.5670995e-01   6.0812025e-02  -2.7999483e+00  -1.5020868e-02   3.3879666e-03  -1.9633114e-03
   1.7001599e-01   1.9073572e-02  -2.8033451e+00  -1.4381319e-02   2.7052062e-03  -2.2564219e-03
   1.8207220e-01   1.3981984e-02  -2.8390755e+00  -1.4904810e-02   2.9725206e-03  -2.1843065e-03
   1.6812680e-01   3.8189015e-02  -2.8349451e+00  -1.4375272e-02   3.1298017e-03  -2.1623030e-03
   1.8770370e-01   1.0536617e-02  -2.8292897e+00  -1.4621825e-02   3.3729026e-03  -2.2569311e-03
   1.7499570e-01   9.5929276e-03  -2.8064036e+00  -1.3388967e-02   3.1162251e-03  -2.1387352e-03
   1.6353049e-01   3.1184008e-02  -2.8147896e+00  -1.5839277e-02   3.2749896e-03  -2.1003574e-03
   1.8031794e-01   6.8969990e-02  -2.7264571e+00  -2.0513654e-02   1.4405207e-03  -2.8552225e-03
   1.7382346e-01   6.6247791e-02  -2.5228546e+00  -1.7548862e-02   5.1144701e-03  -1.9970873e-03
   1.6421375e-01   9.0520137e-02  -2.6156914e+00  -1.8422722e-02   5.1699548e-03  -1.9867613e-03
   1.8212279e-01   6.0820936e-02  -2.6261749e+00  -1.6879605e-02   5.2700815e-03  -2.3259485e-03
   1.6037795e-01   2.7916963e-02  -2.6990159e+00  -1.8721682e-02   5.9253513e-03  -2.4120179e-03
   1.2912227e-01  -1.0254521e-02  -3.0449259e+00  -1.4287568e-02   6.0177290e-03  -5.3084323e-04
   1.2018672e-01   3.7681531e-02  -3.0618201e+00  -1.4501635e-02   5.0443879e-03  -7.6697516e-04
   1.4981318e-01   3.0001682e-02  -3.1027797e+00  -1.6150370e-02   4.1227532e-03  -1.9634205e-03
   1.4902829e-01  -3.2627927e-02  -3.4383780e+00  -1.9876219e-02   8.9351080e-03  -1.7666055e-03
   5.4223544e-02  -1.3980598e-02  -3.2796913e+00  -1.4979630e-02   7.6225513e-03   1.3471519e-04
   8.9864158e-02   3.5573655e-02  -3.3240735e+00  -1.7052951e-02   6.2866181e-03  -7.5765696e-04
   8.8108170e-02   1.0705590e-01  -3.4363830e+00  -2.3756288e-02   4.3374051e-03  -2.0909543e-03
   8.4629815e-02   1.3674174e-01  -3.3092807e+00  -2.2664146e-02   4.3412241e-03  -1.3152827e-03
   1.0800913e-01   1.1182451e-01  -3.2129083e+00  -2.1787944e-02   3.8330328e-03  -1.4855041e-03
   1.3034854e-01   8.5156729e-02  -2.9622139e+00  -1.8427729e-02   3.5733551e-03  -1.6189345e-03
   1.2238011e-01   1.1571142e-01  -2.9652141e+00  -1.9331388e-02   3.8940529e-03  -1.4007222e-03
   1.3151189e-01   6.5952156e-02  -2.9466396e+00  -1.8835417e-02   4.3229234e-03  -1.5903442e-03
   1.4226880e-01   8.2398678e-02  -2.9056393e+00  -1.8149903e-02   4.5387775e-03  -2.0915678e-03
   1.2667572e-01   7.1414416e-02  -2.9465967e+00  -1.8890868e-02   4.5667950e-03  -1.8138102e-03
   1.3188812e-01   9.5376122e-02  -2.9173500e+00  -1.8322088e-02   4.4797650e-03  -1.9154835e-03
   1.4846392e-01   5.9485845e-02  -2.8837139e+00  -1.6497575e-02   4.7997963e-03  -2.0466967e-03
   1.3626675e-01   8.8668828e-02  -2.9213498e+00  -1.7485671e-02   4.8248029e-03  -1.7386428e-03
   1.3652643e-01   5.3928714e-02  -2.9027127e+00  -1.6868863e-02   5.0319786e-03  -2.0779452e-03
   1.2051217e-01   7.2016811e-02  -2.8945884e+00  -1.9128654e-02   3.9910236e-03  -1.7324593e-03
   1.4015212e-01   8.8843900e-02  -2.7858949e+00  -1.6481895e-02   4.6892714e-03  -2.1056982e-03
   1.4588269e-01   6.7776008e-02  -2.7916742e+00  -1.6477396e-02   3.9909425e-03  -1.9901996e-03
   1.3550451e-01   6.1860926e-02  -2.8418393e+00  -1.7367881e-02   3.9733432e-03  -2.0023931e-03
   1.4770356e-01   4.2351562e-02  -2.8956651e+00  -1.7035458e-02   3.5171186e-03  -2.1679997e-03
   1.3975282e-01   5.6582400e-02  -2.9091322e+00  -1.6567664e-02   4.2616507e-03  -1.7398923e-03
   1.3108107e-01   6.9505447e-02  -2.8781856e+00  -1.7256963e-02   4.0143990e-03  -1.7239023e-03
   1.5466836e-01   6.1763660e-02  -2.9086392e+00  -1.7310207e-02   3.2958342e-03  -2.0396736e-03
   1.3795529e-01   6.4799908e-02  -2.9012564e+00  -1.6881769e-02   3.8168909e-03  -1.8865004e-03
   1.3911826e-01   4.9322026e-02  -2.9108316e+00  -1.7481197e-02   4.1535254e-03  -1.6161102e-03
   1.5745616e-01   3.7754775e-02  -2.8869834e+00  -2.0766053e-02   3.4765725e-03  -1.4683099e-03
   1.4833646e-01   5.3203109e-02  -2.5967209e+00  -1.5350734e-02   6.2474660e-03  -1.3929648e-03
   1.5112749e-01   1.2286201e-02  -2.5511351e+00  -1.3699070e-02   7.2079462e-03  -1.5502875e-03
   1.5560133e-01   2.8685040e-02  -2.5640035e+00  -1.4676330e-02   5.9309099e-03  -1.7392784e-03
   1.4544904e-01   5.2959907e-02  -2.6558602e+00  -1.7197769e-02   5.4989307e-03  -1.5364646e-03
   1.7722843e-01   7.2620299e-03  -2.6542956e+00  -1.5413208e-02   5.5247337e-03  -2.2455499e-03
   1.5733208e-01   6.3906666e-02  -2.6962211e+00  -1.6492542e-02   6.1420925e-03  -2.2247817e-03
   1.6129201e-01   5.4748873e-02  -2.7326438e+00  -1.6079023e-02   5.9545962e-03  -2.0182858e-03
   1.5742818e-01   2.3664581e-02  -2.7734820e+00  -1.6040439e-02   5.7439355e-03  -1.9445644e-03
   1.6126683e-01   2.8221817e-02  -2.7773756e+00  -1.6942272e-02   6.4716902e-03  -2.3194273e-03
   1.5208480e-01   2.5987667e-02  -2.7598544e+00  -1.5824013e-02   7.2035966e-03  -2.4393565e-03
   1.5902955e-01   1.2973375e-02  -2.7253451e+00  -1.5651154e-02   6.9891617e-03  -2.3760628e-03
   1.4593819e-01   3.3261413e-02  -2.7545915e+00  -1.6323053e-02   6.7665988e-03  -2.3991548e-03
   1.4789378e-01   4.7213920e-02  -2.7259966e+00  -1.7159440e-02   6.7003347e-03  -2.4751784e-03
   1.3976258e-01   1.5507521e-02  -2.6839425e+00  -1.5321308e-02   7.8832130e-03  -2.3840070e-03
   1.5302369e-01   5.2504143e-02  -2.7522692e+00  -1.6091474e-02   7.3698027e-03  -2.6347277e-03
   1.3685684e-01   3.8971162e-02  -2.8730135e+00  -1.4944921e-02   6.2357867e-03  -2.8154252e-03
   1.8303492e-01   2.0562910e-03  -2.4326880e+00  -5.4776364e-03   5.2165222e-03  -2.9945348e-03
   2.1724118e-01   5.1259912e-02  -2.8075144e+00  -9.8796270e-03   4.6140627e-03  -3.4719287e-03
   1.3566674e-01   1.3573929e-02  -2.7256447e+00  -8.4923424e-03   4.1584557e-03  -2.2424462e-03
   1.6211033e-01  -1.7393397e-04  -2.7409288e+00  -9.7359392e-03   3.9931863e-03  -3.1143430e-03
   1.6975298e-01   3.5616065e-02  -2.7576603e+00  -9.8285672e-03   4.8548892e-03  -3.6771711e-03
   1.7023233e-01   3.6027265e-02  -2.7966962e+00  -1.0454566e-02   4.4769359e-03  -3.5838984e-03
   1.8213549e-01   3.6369132e-02  -2.7889714e+00  -1.1365330e-02   4.3846525e-03  -3.6713823e-03
   1.8498294e-01   3.8428218e-02  -2.7856819e+00  -1.1624000e-02   4.6182306e-03  -3.6298184e-03
   1.8813583e-01   2.7398587e-02  -2.7566891e+00  -1.0809732e-02   5.0469794e-03  -3.7818744e-03
   1.8586633e-01   5.0752248e-02  -2.7725807e+00  -1.1434536e-02   5.3879569e-03  -3.7140247e-03
   1.9133443e-01   1.3075390e-02  -2.8090898e+00  -1.1701114e-02   5.7622822e-03  -3.9229967e-03
   2.0776203e-01   3.5015170e-02  -2.8212589e+00  -1.2108627e-02   6.1594901e-03  -4.0058506e-03
   1.9347408e-01   4.5727756e-02  -2.8217535e+00  -1.2401179e-02   5.8789423e-03  -3.9370286e-03
   1.7749174e-01   5.8630329e-02  -2.8359421e+00  -1.3417555e-02   7.0341105e-03  -4.2334214e-03
   1.9465329e-01   6.0616954e-02  -2.8227754e+00  -1.3333300e-02   6.6184827e-03  -4.2431620e-03
   2.0034206e-01   4.6484710e-02  -2.8330936e+00  -1.2649623e-02   6.9403945e-03  -4.4029072e-03
   1.8714530e-01   5.2348495e-02  -2.8498402e+00  -1.3784528e-02   6.7272875e-03  -4.1550411e-03
   2.0682517e-01   3.0671455e-02  -2.7966723e+00  -1.6037685e-02   5.3946326e-03  -4.6614802e-03
   1.9682709e-01   5.1653640e-02  -2.9507348e+00  -1.5881847e-02   1.0377867e-02  -4.0093620e-03
   1.9123641e-01   1.9949361e-02  -3.0150420e+00  -1.6492335e-02   9.9390383e-03  -3.8418614e-03
   1.8791891e-01   2.3106369e-02  -2.9927294e+00  -1.7343396e-02   9.9846242e-03  -3.8464182e-03
   1.9171718e-01   1.3212971e-02  -2.9781254e+00  -1.5494279e-02   9.8588969e-03  -3.8951990e-03
   1.7439930e-01   1.3354582e-02  -3.0241105e+00  -1.7080719e-02   9.5268944e-03  -3.7690343e-03
   1.8642051e-01   4.9822551e-02  -2.9934932e+00  -1.6170861e-02   9.0836187e-03  -3.8157550e-03
   1.9275780e-01   3.6149974e-02  -3.0170963e+00  -1.6653137e-02   8.9038223e-03  -4.0139597e-03
   1.8636475e-01   1.0752728e-02  -3.0132741e+00  -1.6525920e-02   8.7506049e-03  -3.8878300e-03
   1.6666963e-01   3.8130591e-02  -2.7630738e+00  -1.0118852e-02   1.1148853e-02  -3.5085039e-03
   1.7124334e-01   6.6995735e-02  -2.9757344e+00  -1.7655792e-02   7.7962475e-03  -4.6255301e-03
   7.0225733e-02   5.1162154e-02  -3.3259874e+00  -9.1030899e-03   6.8418920e-03  -4.4608761e-04
  -4.9852746e-02  -1.5465965e-02  -3.5139419e+00  -1.7870631e-02   1.3283942e-02   1.1459588e-03
  -1.3325586e-02   6.0395142e-02  -3.7197534e+00  -2.1318310e-02   1.0024726e-02   6.6833589e-04
   6.4568320e-02   1.0962896e-01  -3.5659623e+00  -1.9308367e-02   1.0688364e-02  -1.8569388e-03
   5.5040336e-02  -3.5339791e-02  -3.6910357e+00  -1.2196193e-02   8.0431757e-03  -7.4381762e-04
   4.4922889e-02  -1.1875098e-02  -3.7240647e+00  -1.3204910e-02   6.0812101e-03  -3.3563176e-04
   9.1773977e-02  -3.2948150e-02  -3.6455598e+00  -1.2999411e-02   5.9630974e-03  -1.2793458e-03
   9.7059980e-02  -1.4411066e-02  -3.6364332e+00  -1.3503210e-02   6.2563926e-03  -1.2814981e-03
   8.9544345e-02   3.2358179e-02  -3.6518702e+00  -1.4872137e-02   6.3104113e-03  -1.2852830e-03
   9.5743885e-02   3.5847191e-03  -3.6266634e+00  -1.3598380e-02   6.1514843e-03  -1.6108428e-03
   1.1709608e-01   3.2392000e-02  -3.6244944e+00  -1.4790008e-02   6.5248525e-03  -2.1460149e-03
   1.2322715e-01   2.9343503e-02  -3.6044252e+00  -1.5055820e-02   5.8816358e-03  -2.3852236e-03
   1.3257091e-01   1.9730071e-02  -3.5930629e+00  -1.5159015e-02   6.3315915e-03  -3.0178379e-03
   1.7318916e-01   2.0560398e-02  -3.5595113e+00  -1.4042167e-02   5.6818554e-03  -3.3317846e-03
   1.7826987e-01   4.1252417e-02  -3.5865859e+00  -1.5126136e-02   5.2977894e-03  -3.2014543e-03
   1.5407269e-01   2.2769438e-02  -3.5382687e+00  -1.4364648e-02   5.6028899e-03  -2.6727280e-03
   1.6206356e-01   8.8968251e-03  -3.5208345e+00  -1.3851000e-02   4.8383370e-03  -2.7187623e-03
   1.6678353e-01   1.4473582e-02  -3.5046272e+00  -1.4164562e-02   5.7208128e-03  -2.7021914e-03
   1.5269654e-01   2.4040862e-02  -3.4539293e+00  -1.3710562e-02   5.2123690e-03  -2.5912507e-03
   1.6117995e-01   8.9143467e-03  -3.4462175e+00  -1.3525148e-02   5.3075581e-03  -2.5858705e-03
   1.6771692e-01  -4.7948472e-03  -3.4606295e+00  -1.3528053e-02   4.7708056e-03  -2.4054380e-03
   1.6568296e-01   3.3708494e-02  -3.4796098e+00  -1.3933650e-02   4.5998412e-03  -2.5625384e-03
   1.6770733e-01  -8.4035241e-04  -3.4654722e+00  -1.3330085e-02   5.0709158e-03  -2.6173572e-03
   1.5278409e-01   4.9812713e-02  -3.4951191e+00  -1.3560819e-02   4.3981966e-03  -2.2936744e-03
   1.5383462e-01   7.1918662e-02  -3.3642273e+00  -1.5151405e-02   5.3639540e-03  -2.0162667e-03
   1.6002604e-01  -1.1964254e-02  -3.4467969e+00  -9.3973884e-03   2.2417355e-03  -1.9728982e-03
   1.5523242e-01  -1.2146952e-02  -3.4156399e+00  -1.0354367e-02   1.8656268e-03  -1.8788568e-03
   1.5971544e-01   2.4780523e-02  -3.4242942e+00  -1.1313345e-02   1.5459358e-03  -2.0498009e-03
   1.6697669e-01  -3.3802410e-03  -3.4275244e+00  -1.2857252e-02   1.8366462e-03  -2.3049450e-03
   1.8598740e-01   4.0487592e-02  -3.3988562e+00  -1.2450235e-02   1.2808556e-03  -2.6382166e-03
   1.7309781e-01  -3.8174715e-03  -3.4062410e+00  -1.2035631e-02   1.4989896e-03  -2.4072530e-03
   1.8587758e-01  -3.0592892e-02  -3.1920593e+00  -7.7770160e-03   5.2781765e-03  -2.9507035e-03
   2.1436461e-01  -2.0927258e-02  -3.2495414e+00  -8.3182441e-03   4.8095867e-03  -3.3793904e-03
   2.1583386e-01   7.3277664e-03  -3.3231843e+00  -1.0324033e-02   2.5412818e-03  -3.4149998e-03
   2.1331661e-01  -1.4434892e-02  -3.3946305e+00  -1.1742237e-02   2.2514957e-03  -3.4380513e-03
   2.0397242e-01   3.8605171e-02  -3.4188187e+00  -1.5504119e-02   1.6324945e-03  -3.6000653e-03
   1.5583166e-01  -5.3123598e-03  -3.4445627e+00  -9.4839463e-03   3.4296017e-03  -2.5772800e-03
   1.5366321e-01   4.1903453e-02  -3.4469977e+00  -1.1013307e-02   2.8627076e-03  -2.8381960e-03
   1.6422864e-01   3.3170835e-02  -3.4018342e+00  -1.0899798e-02   2.5234604e-03  -2.7141989e-03
   1.7744338e-01  -5.3244479e-03  -3.3778645e+00  -1.1011742e-02   2.6764481e-03  -2.8957468e-03
   1.7229270e-01   5.6279633e-02  -3.3636890e+00  -1.0607978e-02   2.4430523e-03  -2.7637304e-03
   1.8993322e-01   6.6479659e-03  -3.4117886e+00  -1.1276279e-02   2.5382516e-03  -3.1010563e-03
   1.8108480e-01  -2.1654313e-02  -3.1149101e+00  -8.5739162e-03   3.9438409e-03  -2.7858007e-03
   1.3514494e-01   3.5165310e-02  -3.2499153e+00  -8.9488832e-03   4.0642791e-03  -1.6399257e-03
   1.6111333e-01   2.8517052e-04  -3.1579268e+00  -7.8602355e-03   3.8223861e-03  -1.9157207e-03
   1.5656392e-01   5.1008956e-02  -3.3198331e+00  -1.0276649e-02   2.9429028e-03  -2.3608801e-03
   1.6127580e-01   2.2625261e-02  -3.3083311e+00  -1.0521075e-02   3.1369441e-03  -2.5607894e-03
   1.5679019e-01   2.3766331e-02  -3.3385609e+00  -1.1447105e-02   3.2331598e-03  -2.7705423e-03
   1.6883296e-01   1.9076908e-02  -3.3271599e+00  -1.0516647e-02   3.0131987e-03  -2.9261023e-03
   1.6341597e-01   2.7090470e-02  -3.3416214e+00  -1.1423720e-02   3.0857349e-03  -2.7024857e-03
   1.7312820e-01  -1.8537169e-02  -3.3434076e+00  -1.1620206e-02   2.8172610e-03  -2.8475015e-03
   1.7800732e-01   2.7946889e-02  -3.3593500e+00  -1.1079882e-02   3.4815793e-03  -3.3066297e-03
   1.4473104e-01  -2.1788102e-02  -3.2432673e+00  -5.3665949e-03   3.7852888e-03  -2.3106663e-03
   1.7273005e-01  -9.2027677e-02  -2.6744803e+00   2.1834980e-03   4.2689406e-03  -1.2400258e-03
   1.7989893e-01  -8.8385866e-02  -2.7159831e+00   4.1817569e-03   5.4102274e-03  -2.9093128e-03
   1.7820147e-01  -1.8611494e-01  -2.6176170e+00   4.3093772e-03   5.1386044e-03  -1.8752347e-03
   1.4033104e-01  -1.4726188e-01  -2.8847015e+00   4.3360687e-03   4.0003560e-03  -1.3213622e-03
   1.6024487e-01  -1.0298390e-01  -2.6742727e+00   4.9163045e-03   6.0715878e-03  -1.7242396e-03
   1.7756520e-01  -1.2567126e-01  -2.5012547e+00   5.8327000e-03   5.6748303e-03  -1.2346237e-03
   1.7439243e-01  -1.1715772e-01  -2.4258800e+00   6.8617441e-03   5.7257294e-03  -1.4824201e-03
   1.3534294e-01  -1.4379963e-01  -2.9169696e+00   4.3180388e-04   7.3475375e-03  -2.5643399e-03
   9.7317216e-02  -8.4138481e-02  -3.0080637e+00  -4.9872277e-04   9.0431667e-03  -1.7593722e-03
   1.0923810e-01  -9.6427076e-02  -3.0138371e+00  -5.4643761e-04   7.0516260e-03  -1.4683982e-03
   1.4062769e-01  -5.7306858e-02  -3.1080775e+00  -1.6720744e-03   5.1567802e-03  -2.0600177e-03
   1.5963963e-01  -6.5400088e-02  -3.0869658e+00  -2.1897105e-03   5.5360796e-03  -2.2636460e-03
   1.5784196e-01  -5.3944168e-02  -3.0662103e+00  -3.3024592e-03   5.2829530e-03  -2.1954062e-03
   1.7290340e-01  -5.5867769e-02  -3.0561573e+00  -3.1880356e-03   4.2047574e-03  -2.1847741e-03
   1.5745387e-01   4.0664610e-03  -3.1304367e+00  -4.2831908e-03   4.2659414e-03  -2.0455816e-03
   1.6253236e-01  -1.9437072e-02  -3.1832528e+00  -5.2282633e-03   4.5090424e-03  -2.1804954e-03
   1.8090925e-01  -2.0398959e-02  -3.1985957e+00  -5.9683933e-03   3.8040514e-03  -2.3124676e-03
   1.8734385e-01  -3.3612312e-02  -3.1918829e+00  -6.3660487e-03   4.6640889e-03  -2.8495763e-03
   1.9337900e-01   8.9627991e-03  -3.2502320e+00  -8.7459979e-03   3.6657566e-03  -3.1494807e-03
   2.0496239e-01  -2.9975580e-02  -3.1842336e+00  -1.2289364e-02   5.8626025e-03  -2.9197428e-03
   1.2258571e-01   1.3876555e-03  -3.1520197e+00  -4.6104895e-03   7.5673454e-03  -2.0741918e-03
   1.7271813e-01  -4.2247036e-02  -2.9536050e+00  -5.4517208e-03   8.2679107e-03  -2.9265554e-03
   1.8163861e-01   1.5026845e-02  -2.9468536e+00  -6.7892257e-03   8.2413716e-03  -3.2846640e-03
   1.8611622e-01  -3.7356922e-02  -2.9427161e+00  -6.0288703e-03   7.2520194e-03  -3.3588690e-03
   1.8878663e-01  -4.1314181e-02  -3.0264043e+00  -6.4329645e-03   7.3505820e-03  -3.4812900e-03
   1.6842930e-01   1.8365786e-02  -2.9538785e+00  -7.1990959e-03   7.8144219e-03  -3.3019041e-03
   1.8343886e-01  -2.6876101e-02  -2.9516184e+00  -6.2123405e-03   7.6073065e-03  -3.6155274e-03
   1.9568124e-01   3.4468161e-02  -2.9808536e+00  -7.9333286e-03   7.7923856e-03  -3.7904815e-03
   1.8267034e-01   1.6784828e-02  -2.8867929e+00  -6.8044236e-03   7.5554990e-03  -3.5718060e-03
   1.4151943e-01  -4.7411731e-02  -3.0086512e+00  -3.7409925e-03   6.9552172e-03  -2.5916782e-03
   1.6677032e-01   5.7633011e-02  -3.0893916e+00  -8.9534477e-03   3.5248021e-03  -2.7558144e-03
   1.4697117e-01   2.6541005e-02  -3.1336082e+00  -7.1638063e-03   4.7194602e-03  -2.3245530e-03
   1.1331580e-01   3.1545952e-02  -3.0197886e+00  -7.3219698e-03   5.3620343e-03  -1.5128022e-03
   1.0951059e-01   4.5630146e-02  -3.0619065e+00  -7.8651962e-03   5.5876337e-03  -1.2006380e-03
   1.3253471e-01   1.3491692e-01  -2.8679342e+00  -1.1441438e-02   7.6894933e-03  -2.3757369e-03
   1.5732822e-01   3.4695179e-03  -2.6482353e+00  -9.4137739e-03   8.3369036e-03  -3.0430482e-03
   5.2023165e-02   5.0054625e-02  -3.4653758e+00  -1.7755829e-02   3.3168821e-03  -6.5427157e-04
   7.6417225e-02   5.2467574e-02  -3.5020718e+00  -1.9327030e-02   3.0831710e-03  -1.2229370e-03
   9.3000881e-02   2.5383214e-02  -3.5111598e+00  -1.9674580e-02   3.5276643e-03  -1.3252179e-03
   9.5325790e-02   1.0642996e-02  -3.5725792e+00  -1.9932771e-02   2.9503539e-03  -1.4424028e-03
   1.1008753e-01  -1.5953746e-02  -3.6169548e+00  -1.9859026e-02   2.6499806e-03  -1.7127876e-03
   1.0146837e-01   4.1710254e-02  -3.6613309e+00  -2.0966675e-02   2.7863395e-03  -1.5692930e-03
   1.2039382e-01   2.7505547e-02  -3.6808466e+00  -2.1382894e-02   3.0315054e-03  -1.7934712e-03
   1.1863944e-01  -4.2731095e-03  -3.7199757e+00  -2.1761777e-02   2.5212363e-03  -1.7301652e-03
   1.1443344e-01   4.4907018e-02  -3.6302248e+00  -2.1116150e-02   1.7575206e-03  -1.5970196e-03
   1.1922062e-01   1.7037005e-02  -3.6666767e+00  -2.1186889e-02   1.9054267e-03  -1.6768282e-03
   1.2110339e-01   2.6587261e-02  -3.6931820e+00  -2.0287590e-02   2.0776703e-03  -1.7387555e-03
   1.0476946e-01   2.1216430e-02  -3.6508749e+00  -2.1220002e-02   3.0533448e-03  -1.3350341e-03
   1.2547942e-01   2.7285819e-02  -3.6730769e+00  -2.1084682e-02   2.9674211e-03  -1.8682517e-03
   1.2888796e-01   2.4963457e-02  -3.6904697e+00  -2.1235373e-02   2.9172374e-03  -2.0145212e-03
   2.0066343e-01  -1.6118849e-02  -3.6846350e+00  -2.5425022e-02   1.4899615e-03  -3.4151345e-03
   1.2144825e-01   1.8245998e-02  -3.5596110e+00  -2.3546302e-02   4.1414975e-03  -1.0183179e-03
   7.7542173e-02  -5.9126733e-02  -4.7231290e+00  -2.7577158e-02   1.8326374e-03   1.0543264e-03
   9.2166199e-02   3.4058672e-02  -4.7395760e+00  -2.9431584e-02   6.7770511e-04   6.0705970e-04
   1.3207419e-01  -4.7121777e-02  -4.6025379e+00  -2.6641302e-02   4.5004320e-03   9.0945943e-05
   1.5989707e-01  -6.9728380e-02  -4.3659380e+00  -2.1867412e-02   6.7135654e-03  -1.0718421e-03
   2.1193640e-01  -8.0521777e-02  -4.4673506e+00  -2.3788630e-02   6.5591260e-03  -2.2375830e-03
   1.6793248e-01  -4.3152071e-02  -4.5997732e+00  -2.6723154e-02   4.4586520e-03  -1.2111318e-03
   1.7385851e-01  -5.8282599e-02  -4.6957687e+00  -2.7018921e-02   4.0440166e-03  -1.3922094e-03
   1.7982784e-01  -2.3078789e-02  -4.7288596e+00  -2.7570861e-02   4.0523824e-03  -1.3541953e-03
   1.6409515e-01  -1.1792474e-03  -4.6935349e+00  -2.7742575e-02   4.0029513e-03  -1.3651109e-03
   1.6521051e-01   6.3102260e-03  -4.6650090e+00  -2.9352641e-02   4.4544162e-03  -1.9552622e-03
   1.6520560e-01   2.3627380e-02  -4.6918688e+00  -2.9536713e-02   4.3097339e-03  -2.0698828e-03
   1.6869934e-01   1.6499586e-02  -4.7114934e+00  -2.9175349e-02   3.5539943e-03  -1.5983188e-03
   1.6004949e-01   2.6127810e-02  -4.6934470e+00  -2.8144912e-02   3.6250047e-03  -1.7034664e-03
   1.8621648e-01  -5.3357795e-02  -4.6982519e+00  -2.6904335e-02   3.1772184e-03  -1.9584671e-03
   1.8026999e-01  -1.7088253e-02  -4.6952558e+00  -3.0430487e-02   2.9914594e-03  -2.3834991e-03
   2.0386518e-01   5.8060175e-03  -4.2464477e+00  -2.3830753e-02   2.5458889e-03  -2.4540799e-03
   1.8901139e-01   1.0358966e-02  -4.3264088e+00  -2.5284869e-02   2.4727613e-03  -2.2945008e-03
   2.0403919e-01  -4.0737146e-02  -4.4212547e+00  -2.4121423e-02   2.5947794e-03  -2.5834383e-03
   2.1301077e-01  -2.1924681e-02  -4.4454434e+00  -2.5619338e-02   3.5303844e-03  -2.7250909e-03
   1.7707820e-01   2.7343819e-02  -4.3741649e+00  -2.4902621e-02   3.1580798e-03  -2.2226947e-03
   1.9062360e-01  -8.5093332e-03  -4.3952849e+00  -2.5592312e-02   2.4078170e-03  -2.6663523e-03
   2.0470242e-01   6.8291410e-04  -4.2724291e+00  -2.3524088e-02   2.6947906e-03  -2.7809089e-03
   1.9164429e-01  -6.7949786e-03  -4.3440826e+00  -2.5256557e-02   3.0926585e-03  -2.3705067e-03
   2.1061282e-01  -1.1692536e-02  -4.3471018e+00  -2.4326418e-02   3.1812786e-03  -2.6133067e-03
   1.9809780e-01  -9.6884840e-03  -4.3621128e+00  -2.4759473e-02   3.0805832e-03  -2.4433283e-03
   1.9528791e-01  -1.9622895e-04  -4.3920084e+00  -2.5104959e-02   2.9145123e-03  -2.4663839e-03
   1.9918283e-01  -5.1668651e-03  -4.4142782e+00  -2.5631309e-02   3.0434168e-03  -2.4884543e-03
   2.1123124e-01  -3.7491493e-02  -4.3081387e+00  -2.4657699e-02   3.0177844e-03  -2.6142879e-03
   2.1836638e-01   6.0686675e-04  -4.3530567e+00  -2.4350232e-02   4.8611400e-03  -2.8107320e-03
   1.8287018e-01   4.0373656e-03  -4.2009952e+00  -1.7036072e-02   1.9875964e-03  -2.1806799e-03
   1.7693360e-01   1.9844462e-02  -4.3983308e+00  -1.9859385e-02   2.1099544e-03  -2.3820126e-03
   1.9679909e-01  -3.1140141e-03  -4.4388247e+00  -2.0542267e-02   2.4496386e-03  -2.9997551e-03
   1.8971902e-01  -1.6251141e-02  -4.5011474e+00  -2.2145061e-02   2.6766779e-03  -2.7652307e-03
   1.9065368e-01   2.6186797e-02  -4.5416640e+00  -2.2231900e-02   2.5654100e-03  -2.7358262e-03
   2.0001235e-01   1.6116945e-02  -4.6429892e+00  -2.3647801e-02   2.5609811e-03  -2.9981761e-03
   1.9987287e-01   7.8892721e-03  -4.6386137e+00  -2.3296556e-02   2.9353569e-03  -2.8275874e-03
   2.0004674e-01   1.4656022e-02  -4.6472525e+00  -2.3591191e-02   2.2835382e-03  -3.1475191e-03
   1.9047370e-01   1.3769519e-02  -4.6202088e+00  -2.3184101e-02   3.5268906e-03  -2.6365452e-03
   1.7610879e-01   4.3822749e-03  -4.5195320e+00  -2.4007761e-02   3.9359827e-03  -2.5034015e-03
   1.8785584e-01   1.1777421e-03  -4.5139264e+00  -2.2818854e-02   4.0825338e-03  -2.5915287e-03
   2.0232552e-01   1.6556912e-02  -4.5349929e+00  -2.3550659e-02   4.3570320e-03  -2.9761286e-03
   1.9966951e-01   1.1207031e-02  -4.5108439e+00  -2.3630785e-02   4.7915789e-03  -2.6673284e-03
   1.9240912e-01   3.8331625e-03  -4.5407008e+00  -2.5508171e-02   3.9793598e-03  -2.9843814e-03
   1.9329318e-01   3.1454253e-02  -4.5040023e+00  -2.3742111e-02   4.5090536e-03  -2.9620356e-03
   1.8912135e-01   3.8578993e-02  -4.4835269e+00  -2.4045967e-02   5.3753068e-03  -2.7860013e-03
   2.0961269e-01  -6.6453162e-03  -4.4511004e+00  -2.3428191e-02   4.1998803e-03  -3.2064474e-03
   1.8234382e-01   2.7324729e-02  -4.3063008e+00  -2.0780481e-02   7.2438080e-03  -2.9276561e-03
   1.8415879e-01   2.5582108e-02  -4.3202825e+00  -2.0817345e-02   7.2190069e-03  -3.0027405e-03
   1.8964085e-01   2.1547654e-02  -4.3421303e+00  -2.2261872e-02   6.8414448e-03  -3.4738215e-03
   2.0063966e-01   1.3698062e-02  -4.2356966e+00  -2.0299824e-02   5.9414111e-03  -3.3981255e-03
   1.8658953e-01   2.4590465e-02  -4.2365700e+00  -2.0871039e-02   6.6218445e-03  -3.2011439e-03
   1.8174554e-01   3.0634466e-02  -4.1845244e+00  -2.1447804e-02   7.0733310e-03  -3.2236398e-03
   1.8656924e-01   1.0109272e-02  -4.2175421e+00  -2.1024001e-02   6.9102865e-03  -2.9191288e-03
   1.8341486e-01   1.3236296e-02  -4.2301715e+00  -2.1179374e-02   6.6756047e-03  -3.0398981e-03
   1.6292870e-01   1.9327640e-02  -4.2931783e+00  -2.2195469e-02   6.1856347e-03  -2.4318033e-03
   1.8090625e-01   3.6763635e-02  -4.2523594e+00  -2.2370113e-02   5.6751434e-03  -2.7348026e-03
   1.7239970e-01   2.2086290e-02  -4.2722677e+00  -2.2382863e-02   5.9311531e-03  -2.7846746e-03
   1.7617433e-01  -3.0640519e-02  -4.2709167e+00  -2.1939971e-02   6.1719166e-03  -2.9254437e-03
   1.7492753e-01   1.5946258e-02  -4.3140833e+00  -2.2333856e-02   6.2314076e-03  -2.6628102e-03
   1.8568731e-01   3.2239073e-02  -4.2532901e+00  -2.0692357e-02   9.1526322e-03  -3.5565992e-03
   1.7782366e-01   3.5229098e-02  -4.3712382e+00  -1.9185997e-02   7.0179396e-03  -2.6172218e-03
   1.7376242e-01   2.0402641e-02  -4.3781443e+00  -2.0332731e-02   6.8152058e-03  -2.5608949e-03
   1.6524457e-01   1.6235994e-02  -4.3817172e+00  -2.0784593e-02   6.6820062e-03  -2.5825874e-03
   1.7953497e-01  -5.8661145e-03  -4.3874464e+00  -2.0848098e-02   6.1686900e-03  -2.7747867e-03
   1.8522243e-01   1.8964700e-02  -4.3842023e+00  -2.2023065e-02   6.4312064e-03  -2.7038394e-03
   1.9882755e-01  -1.0623479e-02  -4.3587890e+00  -2.0524181e-02   6.8091127e-03  -2.8873061e-03
   1.8988422e-01   2.7322172e-02  -4.3513209e+00  -2.0035918e-02   5.1167100e-03  -2.4449617e-03
   1.7784702e-01   2.1123009e-02  -4.2896275e+00  -2.0296786e-02   6.0213823e-03  -2.5509992e-03
   1.8898883e-01   5.8398966e-03  -4.3265694e+00  -2.0682644e-02   6.1323673e-03  -2.7125546e-03
   1.8980339e-01  -2.1882976e-02  -4.2620121e+00  -1.8891311e-02   5.0593631e-03  -2.7199216e-03
   1.7106140e-01   3.6270937e-02  -4.3460444e+00  -2.0785904e-02   5.3922267e-03  -2.6009038e-03
   1.9535817e-01   1.0137429e-02  -4.3698985e+00  -2.0991645e-02   5.5760478e-03  -2.9407985e-03
   2.1961632e-01  -3.3026984e-02  -4.1170609e+00  -2.0527394e-02   4.6470955e-03  -3.5713185e-03
   1.9098100e-01   3.5474101e-03  -4.1536752e+00  -1.9894374e-02   4.6805194e-03  -3.2068693e-03
   1.8769121e-01   4.7357599e-03  -4.1226912e+00  -2.0355368e-02   5.0431007e-03  -3.0919978e-03
   1.9263030e-01   2.2455038e-03  -4.1236137e+00  -2.0327129e-02   5.2140340e-03  -3.2331150e-03
   2.0366451e-01  -2.9130381e-02  -4.0453027e+00  -1.9339443e-02   5.6655137e-03  -3.6970209e-03
   1.9460018e-01   6.7137768e-03  -4.1403470e+00  -1.9959397e-02   5.7891614e-03  -3.2901340e-03
   1.8702922e-01  -1.2754511e-02  -4.1713438e+00  -2.0034694e-02   6.3975582e-03  -2.9573915e-03
   1.8524360e-01   2.3915884e-02  -4.1948775e+00  -2.0519691e-02   6.0013792e-03  -2.8714632e-03
   1.8208387e-01   8.9535494e-03  -4.2125353e+00  -2.0785794e-02   6.1514477e-03  -3.2187892e-03
   2.0443542e-01   1.1016633e-02  -4.0531113e+00  -1.8651785e-02   6.0187312e-03  -3.5885628e-03
   1.7980105e-01   2.5667262e-02  -4.2108321e+00  -1.9952554e-02   6.5444849e-03  -2.9557067e-03
   1.7774490e-01  -6.5424950e-03  -4.2416183e+00  -2.0112632e-02   6.1785664e-03  -2.7444348e-03
   1.8251576e-01   2.3232291e-02  -4.2016042e+00  -2.0450151e-02   6.8511075e-03  -2.9919202e-03
   1.7373399e-01  -1.6227138e-02  -4.2150127e+00  -1.9855849e-02   6.9076214e-03  -3.1554133e-03
   1.7051225e-01   3.3402028e-03  -4.2171546e+00  -2.0089880e-02   7.1789279e-03  -2.9297196e-03
   1.6415842e-01   1.1618936e-02  -3.5999453e+00  -2.2509434e-02   1.5864678e-02  -3.5756296e-03
   1.3730621e-01   7.9983011e-02  -3.1510590e+00  -1.5946344e-02   1.4033993e-02  -2.4841492e-03
   1.4720216e-01   3.5842545e-02  -3.1580850e+00  -1.6439246e-02   1.3378365e-02  -2.7809512e-03
   1.9128986e-01   2.4212741e-02  -3.0825091e+00  -1.2625346e-02   1.5149009e-02  -3.4693138e-03
   1.6753787e-01   3.7788446e-02  -3.3790047e+00  -1.6340655e-02   1.9356918e-02  -2.3967145e-03
   1.5748591e-01   4.4895738e-02  -3.3957299e+00  -1.7445763e-02   1.8741842e-02  -2.3571156e-03
   1.7013005e-01   2.4280212e-02  -3.4482182e+00  -1.3057561e-02   1.6766160e-02  -2.3480824e-03
   1.7984563e-01   3.3214647e-03  -3.8449979e+00  -2.0838233e-02   1.5191340e-02  -1.9790201e-03
   1.9399883e-01   3.0880906e-02  -3.7257256e+00  -2.0753170e-02   1.5012364e-02  -2.9822310e-03
   2.2584314e-01   3.1146095e-02  -3.5265412e+00  -1.8306892e-02   1.5041223e-02  -3.4196420e-03
   2.2046554e-01   3.8644063e-02  -3.5205133e+00  -1.9375563e-02   1.3700231e-02  -3.2094184e-03
   2.2768697e-01   3.7664030e-02  -3.5373604e+00  -1.9874796e-02   1.3827027e-02  -3.1632716e-03
   2.0627727e-01   2.9406791e-02  -3.5844645e+00  -2.0139495e-02   1.3864307e-02  -2.9302124e-03
   2.1417460e-01   2.9692757e-02  -3.6050150e+00  -1.9492300e-02   1.4302463e-02  -2.8994315e-03
   2.0229455e-01   2.7481746e-02  -3.6242372e+00  -1.9962857e-02   1.3662401e-02  -2.6051928e-03
   2.0114282e-01   2.8345788e-02  -3.5888292e+00  -1.9218731e-02   1.3369409e-02  -2.6708727e-03
   2.0030191e-01   3.2185784e-02  -3.6132737e+00  -1.9021556e-02   1.2934968e-02  -2.7894291e-03
   1.9912182e-01   3.4621990e-02  -3.6155156e+00  -1.9444615e-02   1.2903742e-02  -2.7207127e-03
   2.1034294e-01   2.0326611e-02  -3.5872218e+00  -1.9002895e-02   1.2635071e-02  -2.9135448e-03
   2.0786389e-01   4.2944783e-02  -3.5659054e+00  -1.8301038e-02   1.2647157e-02  -2.8000749e-03
   2.0759881e-01   3.1284732e-02  -3.5865262e+00  -1.8926840e-02   1.2806307e-02  -2.8253952e-03
   2.0861488e-01   3.3308594e-02  -3.5709957e+00  -1.8835015e-02   1.1987936e-02  -2.5874954e-03
   2.0982268e-01   2.4463946e-02  -3.5684807e+00  -1.9558359e-02   1.1610963e-02  -2.7461053e-03
   2.1254093e-01   2.2527308e-02  -3.5642582e+00  -1.8471788e-02   1.1331734e-02  -2.8183121e-03
   2.2412422e-01   1.1166702e-02  -3.5344751e+00  -1.7947597e-02   1.2047079e-02  -2.7507509e-03
   1.9969026e-01   2.6760555e-02  -3.5653074e+00  -1.8204733e-02   1.2360717e-02  -2.5508948e-03
   2.0285816e-01  -3.0507376e-03  -3.6035085e+00  -1.8309685e-02   1.1774289e-02  -2.5493438e-03
   2.1602441e-01   2.8903674e-02  -3.6362470e+00  -1.9108398e-02   1.1520333e-02  -2.7181603e-03
   2.5325768e-01  -1.3994155e-02  -3.4783779e+00  -1.3988519e-02   1.3549231e-02  -3.2348908e-03
   2.3160762e-01   1.2451065e-02  -3.5753086e+00  -1.4791674e-02   1.3775312e-02  -2.6201103e-03
   2.2778093e-01  -9.4433047e-03  -3.4637414e+00  -1.3641823e-02   1.3999218e-02  -2.5800040e-03
   1.5635809e-01   5.2345462e-03  -3.6478386e+00  -1.5730796e-02   1.3201639e-02  -1.5026268e-03
   1.6930546e-01  -1.1412965e-02  -3.7056151e+00  -1.8601811e-02   1.3991616e-02  -1.5797111e-03
   1.3263813e-01   9.0380301e-03  -3.7273807e+00  -1.8312215e-02   1.2154673e-02  -7.5873737e-04
   2.1213103e-01   6.4613884e-02  -3.6701232e+00  -2.5890553e-02   1.1725554e-02  -2.5446356e-03
   1.0414492e-01   4.3780393e-02  -3.9139250e+00  -1.5383296e-02   4.2035641e-03  -1.8627000e-05
   1.6044081e-01   2.3284862e-02  -3.9010726e+00  -1.4699210e-02   7.0375859e-03  -1.8580024e-03
   1.8572112e-01   4.4321952e-02  -3.8387321e+00  -1.5982617e-02   8.0399962e-03  -2.2834927e-03
   1.5109832e-01   8.3540043e-02  -3.8274484e+00  -1.6396062e-02   6.6931867e-03  -1.9372797e-03
   1.3540346e-01   4.5734684e-02  -4.0440185e+00  -1.4746558e-02   3.7323649e-03  -1.4087338e-03
   1.7472018e-01   3.8918725e-03  -3.9966333e+00  -1.5883184e-02   4.7984290e-03  -2.2365204e-03
   1.5859439e-01   3.3162990e-02  -3.9191642e+00  -1.3900098e-02   3.9797214e-03  -2.1036675e-03
   1.6153708e-01   5.4619257e-02  -3.9241523e+00  -1.4913617e-02   3.8056695e-03  -2.0059758e-03
   1.6860400e-01   2.5602311e-02  -3.9075594e+00  -1.4716858e-02   3.8896448e-03  -2.4255770e-03
   1.5891361e-01   1.9963965e-02  -3.9321302e+00  -1.5125756e-02   3.9197969e-03  -2.1154808e-03
   1.6674692e-01   4.2492389e-02  -3.9667679e+00  -1.5577496e-02   4.2523623e-03  -2.1961701e-03
   1.8398008e-01   3.5316823e-03  -3.9452250e+00  -1.5466446e-02   3.9627014e-03  -2.4782558e-03
   1.8442927e-01   1.4528530e-02  -3.8820519e+00  -1.5040502e-02   4.0884133e-03  -2.4015343e-03
   1.8729365e-01   8.0724652e-03  -3.9019187e+00  -1.4849775e-02   4.6567881e-03  -2.4121857e-03
   1.9858488e-01   1.2916937e-02  -3.9470886e+00  -1.5635457e-02   5.7148140e-03  -3.2333535e-03
   1.9131279e-01  -2.2875887e-02  -3.8606917e+00  -1.5646288e-02   5.1094610e-03  -2.1864937e-03
   1.7200037e-01   4.4781728e-02  -3.7036858e+00  -1.1063156e-02   5.4689919e-03  -1.9899270e-03
   1.8077823e-01   2.3506341e-02  -3.7883375e+00  -1.3398342e-02   5.3055614e-03  -2.1853443e-03
   1.8753359e-01   1.0780828e-02  -3.8262094e+00  -1.3490541e-02   4.6177103e-03  -2.2630498e-03
   1.7695536e-01   2.9869714e-02  -3.8546551e+00  -1.4622542e-02   5.2376318e-03  -2.2342303e-03
   1.8780496e-01  -2.3852234e-02  -3.9021164e+00  -1.4451103e-02   4.9380992e-03  -2.5475849e-03
   1.8824206e-01   2.0931003e-02  -3.8932061e+00  -1.4843238e-02   5.3396798e-03  -2.5679174e-03
   1.6305001e-01   2.6286555e-02  -3.9031430e+00  -1.5827757e-02   5.7242864e-03  -2.3039827e-03
   1.8069756e-01  -4.1106904e-03  -3.8634483e+00  -1.4933946e-02   5.3915458e-03  -2.2719437e-03
   1.8025724e-01   3.8440508e-02  -3.9216712e+00  -1.5874931e-02   5.3591496e-03  -2.5469512e-03
   1.8665289e-01   1.0327249e-02  -3.9177347e+00  -1.5660728e-02   4.9137977e-03  -2.6012541e-03
   1.9453676e-01  -7.1005672e-03  -3.9346519e+00  -1.5212439e-02   4.7785087e-03  -2.6228952e-03
   1.9296740e-01   2.3122000e-02  -3.9745969e+00  -1.5873381e-02   5.4385555e-03  -2.5457683e-03
   2.0925886e-01   1.0544411e-02  -3.9879317e+00  -1.6190280e-02   6.3248916e-03  -3.5062017e-03
   2.0255174e-01   9.7454497e-03  -4.0047884e+00  -1.6610302e-02   6.4988427e-03  -3.2696880e-03
   1.9039212e-01   1.1378731e-02  -4.0137361e+00  -1.6728723e-02   6.4064904e-03  -3.0019141e-03
   1.8930887e-01   6.9397095e-03  -4.0078712e+00  -1.6874080e-02   6.5149097e-03  -2.8287430e-03
   2.0071970e-01  -1.0587481e-02  -3.9985404e+00  -1.5746188e-02   6.2681759e-03  -3.1555212e-03
   1.8127713e-01   2.8339974e-02  -3.9970176e+00  -1.6746721e-02   7.0047151e-03  -2.7801516e-03
   1.8867994e-01  -5.5410428e-03  -3.9605751e+00  -1.6670130e-02   7.1072903e-03  -3.0259170e-03
   1.8863440e-01   2.2072451e-02  -3.9960100e+00  -1.6942542e-02   6.7248895e-03  -3.0712910e-03
   1.9028766e-01  -2.4798351e-02  -3.9805990e+00  -1.5984469e-02   6.4136910e-03  -3.1535927e-03
   1.9673051e-01  -1.0065537e-02  -4.0054080e+00  -1.6209907e-02   5.8598851e-03  -3.2332635e-03
   1.9424316e-01  -3.5416855e-03  -3.9584529e+00  -1.5839762e-02   6.6173912e-03  -3.0225385e-03
   1.9806959e-01   1.7101582e-02  -4.0025288e+00  -1.6299644e-02   6.5595930e-03  -3.1889497e-03
   1.8875075e-01   2.6895054e-03  -4.0442296e+00  -1.8451963e-02   6.6457368e-03  -3.2115478e-03
   2.0090132e-01  -1.5249658e-03  -4.0040843e+00  -1.6059902e-02   6.1783009e-03  -2.8645986e-03
   2.0414548e-01   1.7916066e-02  -3.9687741e+00  -1.6317458e-02   6.5247666e-03  -3.1907159e-03
   2.0137523e-01  -5.3507497e-03  -3.8965950e+00  -1.5765624e-02   6.0799534e-03  -3.1904750e-03
   2.1063850e-01  -9.0250395e-03  -3.9588537e+00  -1.6696173e-02   6.5261082e-03  -3.4490594e-03
   1.8467495e-01  -1.1574459e-02  -3.9290523e+00  -1.6299514e-02   7.4003698e-03  -3.0777615e-03
   1.9798869e-01  -1.8576976e-02  -3.9259496e+00  -1.5940811e-02   7.1574956e-03  -3.3433006e-03
   1.9324930e-01   2.4679056e-02  -3.9296648e+00  -1.6550348e-02   7.2776636e-03  -3.3320104e-03
   2.0376600e-01  -1.5941607e-02  -3.9905006e+00  -1.9426474e-02   6.9680680e-03  -3.7556047e-03
   1.8143657e-01  -1.1118271e-02  -3.6196189e+00  -1.2160740e-02   5.4926983e-03  -2.7318249e-03
   1.9544724e-01   4.8989897e-02  -3.7429764e+00  -1.5133194e-02   5.4585258e-03  -3.0232035e-03
   2.0831495e-01   1.1099901e-02  -3.7690468e+00  -1.4769522e-02   6.0619422e-03  -3.4386932e-03
   2.1241860e-01   3.9712066e-03  -3.8192992e+00  -1.6924224e-02   7.3561043e-03  -4.4242381e-03
   2.1353620e-01  -3.1950421e-02  -3.8890852e+00  -1.6295908e-02   6.3844396e-03  -3.5747396e-03
   2.0604834e-01   2.4364646e-02  -3.8885930e+00  -1.7177020e-02   6.6366831e-03  -3.4876841e-03
   2.0604077e-01   8.6316693e-03  -3.9270235e+00  -1.7530951e-02   6.2410388e-03  -3.5769597e-03
   2.0123400e-01   1.0155890e-02  -3.9388261e+00  -1.7728710e-02   6.6932778e-03  -3.5215146e-03
   1.8098829e-01   2.3656208e-02  -3.9457793e+00  -1.5700154e-02   8.7944083e-03  -3.4764033e-03
   1.9053507e-01   1.8046795e-02  -3.9876105e+00  -1.8310940e-02   7.6473686e-03  -3.2171484e-03
   1.8341754e-01  -3.9493603e-03  -3.9755764e+00  -1.6975549e-02   6.7889444e-03  -3.1397882e-03
   2.0795128e-01   1.9260179e-02  -3.9564329e+00  -1.7388706e-02   6.6148970e-03  -3.3510678e-03
   2.0772546e-01   9.9417483e-03  -4.0001837e+00  -1.7734663e-02   6.2208676e-03  -3.3645438e-03
   1.8636456e-01   1.2558300e-02  -3.9749363e+00  -1.7820139e-02   6.4743485e-03  -3.0917698e-03
   1.8820656e-01   1.5048474e-02  -3.9575125e+00  -1.7927767e-02   6.4794210e-03  -3.1143847e-03
   2.1237167e-01  -3.4113423e-03  -3.9620207e+00  -1.7475436e-02   6.3317718e-03  -3.3798645e-03
   2.1047528e-01   1.5307298e-02  -3.9749905e+00  -1.7840271e-02   6.6261329e-03  -3.3083826e-03
   1.9099393e-01  -4.4079251e-03  -4.0066434e+00  -1.8437358e-02   6.1402918e-03  -3.1822214e-03
   2.0012190e-01  -5.4285413e-03  -4.0229441e+00  -1.9407730e-02   6.9175877e-03  -3.9241584e-03
   2.1146986e-01  -2.4403570e-02  -3.9830298e+00  -1.7978451e-02   6.7067052e-03  -3.6470369e-03
   2.0178155e-01   6.8189873e-04  -3.9936318e+00  -1.8377702e-02   6.7532682e-03  -3.2825669e-03
   1.9304578e-01   1.3039383e-02  -3.9818144e+00  -1.7798931e-02   7.0570450e-03  -3.1836421e-03
   2.0314331e-01  -6.9454530e-03  -4.0057689e+00  -1.7668272e-02   5.9890855e-03  -3.0091945e-03
   2.3513364e-01   1.0931485e-02  -3.8531777e+00  -1.6623221e-02   9.9368975e-03  -4.3440299e-03
   2.1747289e-01   4.7247113e-02  -3.8519300e+00  -1.2737074e-02   1.3286457e-02  -3.4808355e-03
   7.2210343e-02   1.7381228e-02  -4.2504410e+00  -1.9380438e-02   1.1852280e-02  -4.0422689e-04
   1.5565122e-01   1.2923642e-02  -4.0136276e+00  -1.6591091e-02   1.1761296e-02  -2.3602069e-03
   1.6972822e-01   3.7318452e-02  -4.5767445e+00  -2.0309894e-02   1.5950763e-02  -2.3280237e-03
   1.7150686e-01   5.9205192e-02  -4.6141865e+00  -2.2225229e-02   1.6721432e-02  -2.9309473e-03
   1.6632427e-01   3.0898679e-02  -4.5737923e+00  -2.2722426e-02   1.7457874e-02  -2.9053472e-03
   1.6359837e-01   3.8041246e-02  -4.6062792e+00  -2.3062456e-02   1.7087915e-02  -2.8520024e-03
   1.8569131e-01   3.4679231e-02  -4.6035935e+00  -2.2609096e-02   1.6946025e-02  -2.8560074e-03
   1.9567428e-01   2.2813092e-02  -4.6012944e+00  -2.2958597e-02   1.7335862e-02  -3.2117756e-03
   2.4625996e-01  -3.4762427e-02  -4.4168531e+00  -1.9166463e-02   1.7512803e-02  -3.6656285e-03
   2.4617037e-01  -3.1257017e-02  -4.4031984e+00  -1.8114330e-02   1.8587107e-02  -4.0458508e-03
   2.5029002e-01  -4.5626383e-02  -4.3237020e+00  -1.7518205e-02   1.7462834e-02  -3.8426913e-03
   2.2489220e-01  -1.3192199e-02  -4.4338025e+00  -2.0435556e-02   1.6326700e-02  -3.5796185e-03
   1.7982679e-01  -5.8427506e-02  -4.6523901e+00  -1.8206208e-02   1.7861087e-02  -3.9872408e-03
   1.9005535e-01  -2.0938849e-02  -4.7145488e+00  -2.1200356e-02   1.6714559e-02  -3.4018185e-03
   1.6566931e-01   1.9061635e-02  -4.7503196e+00  -2.2708200e-02   1.5869860e-02  -3.1324306e-03
   1.8062724e-01   1.5068731e-02  -4.6949321e+00  -2.2516005e-02   1.5433202e-02  -3.1829370e-03
   1.8241807e-01   4.2818900e-02  -4.6616286e+00  -2.2180408e-02   1.5202370e-02  -3.3388593e-03
   1.7475497e-01   1.8129191e-02  -4.7747289e+00  -2.2265837e-02   1.4373255e-02  -2.9028822e-03
   1.8368981e-01   2.0700882e-02  -4.6923214e+00  -2.2103032e-02   1.4740187e-02  -2.9792574e-03
   1.8293823e-01   4.3828385e-03  -4.6649409e+00  -2.1881731e-02   1.4718277e-02  -3.0125604e-03
   2.0365149e-01   1.9210158e-02  -4.2259086e+00  -1.6881733e-02   1.8370931e-02  -3.9648281e-03
   1.8599527e-01   7.4461459e-02  -4.5154482e+00  -2.1331285e-02   1.7139467e-02  -2.8681596e-03
   1.3716266e-01   1.9519456e-02  -4.5087136e+00  -2.3877061e-02   1.9380730e-02  -4.0637481e-03
   1.6150168e-01   4.1486860e-02  -4.4495336e+00  -2.2581058e-02   1.8021039e-02  -3.1211721e-03
   1.7597428e-01   8.0176239e-03  -4.4358068e+00  -2.1635217e-02   1.7388191e-02  -3.2359725e-03
   2.0047977e-01   2.5253350e-02  -4.4428498e+00  -2.2120718e-02   1.6139044e-02  -3.2894408e-03
   1.9663408e-01  -6.9221718e-03  -4.4375709e+00  -2.1472053e-02   1.4964999e-02  -3.4166023e-03
   1.9008749e-01   7.4529520e-05  -4.5391306e+00  -2.0581789e-02   1.2264438e-02  -2.7935917e-03
   2.2935662e-01   6.2031244e-02  -3.8827569e+00  -3.2520731e-02   1.2273440e-02  -3.7436794e-03
   2.0788697e-01   9.5427753e-02  -3.2855772e+00  -1.7144804e-02   5.7293561e-03  -4.5601861e-03
   2.3290590e-01  -6.4152466e-03  -3.3519472e+00  -1.7822261e-02   5.4840565e-03  -4.2772215e-03
   2.5123999e-01   2.3223097e-02  -3.3648054e+00  -1.5511438e-02   3.2910895e-03  -3.8493649e-03
   2.6747952e-01   6.0552372e-02  -3.3123090e+00  -1.4394911e-02   3.6557759e-03  -5.2235792e-03
   2.4086873e-01  -2.1667607e-02  -4.0856927e+00  -2.3465863e-02  -8.4427230e-04  -4.2690574e-03
   2.3348406e-01  -5.0072895e-02  -3.7139818e+00  -1.1783960e-02   1.0868316e-03  -4.6863835e-03
   2.4506432e-01   7.9159691e-03  -3.8721983e+00  -1.7001536e-02   2.0178480e-03  -4.6520434e-03
   2.5892744e-01  -1.9940607e-02  -3.6956600e+00  -1.4741432e-02   2.7827547e-03  -5.2605544e-03
   2.4359964e-01  -2.4462845e-03  -3.7126586e+00  -1.4866349e-02   2.8549467e-03  -4.9786909e-03
   2.3431654e-01  -4.9074791e-03  -3.7948635e+00  -1.6360485e-02   3.8164431e-03  -5.0275849e-03
   2.3581043e-01  -3.5885849e-02  -3.7967377e+00  -1.5678972e-02   3.3272092e-03  -4.9245772e-03
   2.4715060e-01  -6.1081933e-03  -3.8208969e+00  -1.5663949e-02   3.9818375e-03  -4.9570507e-03
   2.3567507e-01  -3.0452095e-02  -3.8005136e+00  -1.5689720e-02   4.4021707e-03  -4.9052384e-03
   2.2946811e-01  -2.2791135e-03  -3.7436572e+00  -1.4860582e-02   4.4198430e-03  -4.8799879e-03
   2.2851619e-01  -1.0883594e-02  -3.7095073e+00  -1.5188508e-02   5.1350551e-03  -4.7852744e-03
   2.2039698e-01  -2.6813724e-04  -3.6482556e+00  -1.4569951e-02   5.7066228e-03  -4.7277532e-03
   2.3943297e-01   1.4078144e-02  -3.6153299e+00  -1.9781957e-02   6.7569565e-03  -6.1273102e-03
   2.1474314e-01  -6.3422290e-03  -3.2263578e+00  -6.3036915e-03   1.9096159e-03  -4.8713809e-03
   2.1069863e-01   1.2236652e-01  -2.4799131e+00  -1.2933684e-02   1.2005078e-02  -3.4106701e-03
   1.8785920e-01  -5.3253674e-02  -2.2259399e+00  -1.6455783e-02   1.0684791e-02  -1.0964097e-03
   1.3818535e-01  -2.9659934e-02  -2.0820294e+00  -7.2656437e-03   9.9933934e-03  -5.4065336e-04
   1.0241137e-01   5.9417159e-02  -2.1652542e+00  -1.1582139e-02   1.2737698e-02   5.8083417e-05
   1.2601625e-01   3.1546295e-02  -2.0880937e+00  -1.2812626e-02   1.4305888e-02  -4.0548538e-04
   1.2647031e-01   2.2363098e-02  -2.0414405e+00  -1.3229297e-02   1.4964225e-02  -2.7309062e-04
   1.2872567e-01   1.1432740e-02  -2.0528844e+00  -1.3611584e-02   1.5518803e-02  -5.6631178e-04
   1.3713126e-01   2.6268878e-02  -2.0742324e+00  -1.3786641e-02   1.5610455e-02  -5.9074645e-04
   1.3859379e-01   2.1138546e-02  -2.0734710e+00  -1.3592817e-02   1.5417022e-02  -4.8506935e-04
   1.4054191e-01   3.6346039e-02  -2.0798483e+00  -1.3798272e-02   1.6273545e-02  -4.5451169e-04
   1.4584124e-01   3.4002554e-02  -2.0921280e+00  -1.3588185e-02   1.6249663e-02  -5.6546733e-04
   1.2814058e-01   1.2050926e-02  -2.0814514e+00  -1.1456319e-02   1.6842320e-02  -1.0064497e-04
   1.2001142e-01   2.6526343e-02  -2.1404961e+00  -1.2557587e-02   1.7076533e-02   1.7022326e-04
   1.4107722e-01   1.0479583e-02  -2.0549000e+00  -1.1803781e-02   1.6827404e-02  -3.9513639e-04
   1.4650246e-01   1.9226494e-02  -2.1091803e+00  -1.1353025e-02   1.6106130e-02  -3.8692875e-04
   1.5233994e-01   1.8760867e-02  -2.1813611e+00  -1.1226209e-02   1.5405076e-02  -6.0594413e-04
   1.5350694e-01   1.6907122e-02  -2.1900915e+00  -1.1436570e-02   1.5025322e-02  -5.7652834e-04
   1.4841525e-01   2.0449101e-02  -2.2443570e+00  -1.2769521e-02   1.5057556e-02  -5.0270162e-04
   1.3382379e-01   3.4271146e-02  -2.2708242e+00  -1.3436521e-02   1.5872718e-02  -1.4413736e-05
   1.4527998e-01  -9.0930583e-03  -2.2031401e+00  -1.1562352e-02   1.5328596e-02  -9.2265722e-05
   1.5612170e-01   1.2194123e-02  -2.2616874e+00  -1.2285540e-02   1.5234654e-02  -3.0520590e-04
   1.6539085e-01   1.3517148e-02  -2.2757357e+00  -1.2159586e-02   1.4956674e-02  -6.2958208e-04
   1.6718613e-01   3.2873855e-02  -2.3014104e+00  -1.0829913e-02   1.4322986e-02  -5.4683264e-04
   1.9386450e-01  -5.9537435e-02  -2.7606814e+00  -1.6996653e-02   1.6244287e-02  -9.9926962e-04
   1.8572052e-01   1.8743813e-02  -2.6637986e+00  -1.6817306e-02   1.6058309e-02  -9.4698967e-04
   2.0915276e-01   1.5880970e-03  -2.5466870e+00  -1.4399237e-02   1.5439120e-02  -1.2958748e-03
   2.1656852e-01   1.7067822e-02  -2.4445494e+00  -1.2803252e-02   1.6145414e-02  -1.5446380e-03
   2.2786705e-01  -2.2437043e-02  -2.4848113e+00  -1.2700217e-02   1.5371020e-02  -1.6782497e-03
   2.1883130e-01   5.9235019e-03  -2.4900908e+00  -1.3698476e-02   1.5862750e-02  -1.7918337e-03
   2.1707087e-01   6.4192067e-03  -2.5127108e+00  -1.4651415e-02   1.6027192e-02  -1.9048801e-03
   2.3050568e-01   5.1566329e-03  -2.5558545e+00  -1.5116968e-02   1.6455653e-02  -2.1850672e-03
   2.1855462e-01   1.9142000e-02  -2.5294666e+00  -1.4370862e-02   1.6503631e-02  -2.1477423e-03
   2.0626615e-01  -3.6624815e-03  -2.5642599e+00  -1.4835344e-02   1.6143451e-02  -1.7775127e-03
   2.1279830e-01   8.4181517e-03  -2.5474474e+00  -1.4234135e-02   1.6365261e-02  -2.0053108e-03
   2.2428500e-01   1.3762491e-02  -2.5899953e+00  -1.4613011e-02   1.6837241e-02  -2.0482037e-03
   2.1811948e-01   2.8037237e-03  -2.5599440e+00  -1.3403993e-02   1.6457851e-02  -1.8853322e-03
   2.2510899e-01  -1.5293389e-02  -2.5830372e+00  -1.3666949e-02   1.5462964e-02  -2.0626125e-03
   2.1629667e-01  -2.2185377e-02  -2.5909172e+00  -1.3602086e-02   1.5722967e-02  -2.1758494e-03
   2.3851195e-01   2.4768278e-03  -2.5699337e+00  -1.3421700e-02   1.6041044e-02  -2.5921654e-03
   2.2850747e-01   6.0377627e-03  -2.5197055e+00  -1.3887307e-02   1.5983347e-02  -2.3685914e-03
   2.2593161e-01  -1.1454740e-02  -2.5443996e+00  -1.3631864e-02   1.5393413e-02  -2.5244726e-03
   2.3790698e-01  -7.8650964e-03  -2.5233047e+00  -1.3811252e-02   1.5952994e-02  -2.6195358e-03
   2.2439310e-01   2.6143740e-02  -2.5642410e+00  -1.4087387e-02   1.5613449e-02  -2.4372182e-03
   2.3566560e-01   3.6671759e-02  -2.5000540e+00  -1.4036037e-02   1.6127951e-02  -2.8845083e-03
   2.3502954e-01   1.6271725e-02  -2.5607539e+00  -1.4012533e-02   1.5734986e-02  -2.8402066e-03
   2.3214234e-01   1.1864613e-02  -2.5473421e+00  -1.4068417e-02   1.5901751e-02  -2.9689617e-03
   2.2103445e-01  -4.2926535e-03  -2.4244200e+00  -1.1047926e-02   1.6620319e-02  -2.4301277e-03
   2.3798385e-01   3.9036895e-02  -2.5244825e+00  -1.3840594e-02   1.8820176e-02  -2.9807878e-03
   2.2420205e-01   5.5210106e-03  -2.4958329e+00  -1.2386186e-02   1.7090057e-02  -2.3148685e-03
   2.1116497e-01   2.5762569e-02  -2.5496649e+00  -1.3306600e-02   1.7149174e-02  -1.9918112e-03
   2.2196878e-01  -5.4799517e-03  -2.5559524e+00  -1.3522290e-02   1.6825973e-02  -2.4184751e-03
   2.2371314e-01  -2.5343914e-03  -2.5922462e+00  -1.3003257e-02   1.6510587e-02  -2.6734749e-03
   2.3061318e-01   4.6144294e-02  -2.6481347e+00  -1.4293884e-02   1.7043702e-02  -2.6735594e-03
   2.2938633e-01  -3.0523359e-03  -2.6598546e+00  -1.4174432e-02   1.6525478e-02  -2.6125608e-03
   2.3195699e-01   4.4024827e-02  -2.6419005e+00  -1.4824966e-02   1.6397514e-02  -2.5569238e-03
   2.3908274e-01  -4.0835486e-03  -2.6187194e+00  -1.3276749e-02   1.5702021e-02  -2.7316483e-03
   2.2815518e-01   3.3698487e-03  -2.6553884e+00  -1.3937095e-02   1.5705919e-02  -2.5186980e-03
   2.3309550e-01  -2.2087598e-02  -2.6822565e+00  -1.4130974e-02   1.6220720e-02  -2.5495198e-03
   2.3111691e-01  -9.5004095e-03  -2.6517743e+00  -1.3371533e-02   1.6706564e-02  -2.6842183e-03
   2.6320445e-01  -7.6249992e-03  -2.6315470e+00  -1.2249179e-02   1.6079201e-02  -2.9978394e-03
   2.8937740e-01  -3.1088801e-02  -2.9960333e+00  -1.2852898e-02   1.4458046e-02  -3.1951888e-03
   2.9293616e-01  -6.1421417e-03  -2.8751363e+00  -1.2051218e-02   1.5540089e-02  -3.4291365e-03
   2.7624678e-01  -6.2649441e-02  -3.0807807e+00  -1.3600171e-02   1.3102421e-02  -2.9278429e-03
   2.6612324e-01  -1.7169312e-02  -3.0806940e+00  -1.4539034e-02   1.3249100e-02  -2.6656333e-03
   2.5579639e-01  -2.2039939e-02  -3.0496673e+00  -1.4237314e-02   1.2649623e-02  -2.5184682e-03
   2.5562041e-01  -8.5959679e-03  -3.0816606e+00  -1.4251234e-02   1.2621094e-02  -2.4452618e-03
   2.5519896e-01  -8.4185352e-03  -3.0824262e+00  -1.5383970e-02   1.2821412e-02  -2.3501287e-03
   2.5095150e-01  -2.5069338e-02  -3.0833916e+00  -1.4665317e-02   1.2444111e-02  -2.3730578e-03
   2.6133478e-01  -5.4541936e-03  -3.0693185e+00  -1.5013543e-02   1.2181617e-02  -2.3843417e-03
   2.4993225e-01  -1.1567947e-02  -3.0675371e+00  -1.5136944e-02   1.2624495e-02  -2.4572118e-03
   2.4774167e-01  -1.0726392e-02  -3.0935312e+00  -1.5300108e-02   1.4395705e-02  -3.1645644e-03
   2.2538426e-01  -1.9571533e-02  -3.2363079e+00  -1.7376930e-02   1.3893790e-02  -2.2088274e-03
   2.2429941e-01  -1.1492033e-02  -3.2005526e+00  -1.7115399e-02   1.3703694e-02  -1.9890184e-03
   2.5673569e-01  -4.6029535e-02  -3.2255420e+00  -1.6098228e-02   1.3208083e-02  -2.2914499e-03
   2.3896317e-01   1.7593629e-02  -3.1898939e+00  -1.6077761e-02   1.3232546e-02  -2.0371273e-03
   2.4390283e-01  -1.3936722e-02  -3.1572141e+00  -1.5331513e-02   1.3331867e-02  -1.9932253e-03
   2.4646635e-01  -3.0407364e-02  -3.2065901e+00  -1.5922174e-02   1.3312928e-02  -2.0809980e-03
   2.4823668e-01  -2.9914930e-02  -3.2166594e+00  -1.6574077e-02   1.3168123e-02  -2.1341334e-03
   2.6128420e-01  -2.1283600e-02  -3.0835564e+00  -1.5059218e-02   1.2263298e-02  -2.2023971e-03
   2.3876443e-01   7.2998367e-03  -3.1541522e+00  -1.5452886e-02   1.2542734e-02  -1.9928694e-03
   2.4070255e-01   6.2651727e-03  -3.1699220e+00  -1.6155933e-02   1.3207671e-02  -2.3309476e-03
   2.3624567e-01   5.8148554e-03  -3.1013053e+00  -1.6813828e-02   1.5071472e-02  -1.9312060e-03
   1.4627439e-01  -4.0143340e-02  -3.1915128e+00  -1.3389001e-02   1.9145340e-02   3.3515927e-04
   1.7280185e-01   4.8444004e-03  -3.4616490e+00  -1.9066874e-02   1.6053619e-02  -6.1917056e-04
   1.9995383e-01  -4.1418767e-02  -3.4852011e+00  -1.8839109e-02   1.5471000e-02  -1.3809036e-03
   2.0737572e-01  -3.0734717e-02  -3.4910256e+00  -1.9457139e-02   1.5327516e-02  -1.9348798e-03
   1.9654525e-01  -3.8794557e-02  -3.4706382e+00  -1.8617854e-02   1.4876485e-02  -1.1315604e-03
   2.1439405e-01  -1.3158967e-02  -3.4379647e+00  -1.8834622e-02   1.5900197e-02  -1.7945926e-03
   2.2929224e-01  -3.3493602e-02  -3.4425262e+00  -1.8026853e-02   1.5588129e-02  -1.9543148e-03
   2.2914136e-01  -2.7589951e-02  -3.4376473e+00  -1.8215733e-02   1.5658672e-02  -1.8814390e-03
   2.2647173e-01  -1.7948121e-02  -3.4465813e+00  -1.7713561e-02   1.5452986e-02  -1.6997714e-03
   2.3202624e-01  -2.3820399e-02  -3.4103948e+00  -1.8218720e-02   1.5061106e-02  -1.9169957e-03
   2.3416340e-01  -5.7544687e-02  -3.3767828e+00  -1.7283525e-02   1.4693682e-02  -2.1765866e-03
   2.3136016e-01  -2.4582747e-02  -3.2558916e+00  -1.6153464e-02   1.4448835e-02  -2.2048134e-03
   2.2588763e-01  -2.1200131e-03  -3.2630753e+00  -1.6934080e-02   1.4022020e-02  -1.9231751e-03
   2.2045865e-01   5.1019881e-03  -3.2310410e+00  -1.5966866e-02   1.4423295e-02  -2.0601048e-03
   2.4488368e-01  -1.7729385e-02  -3.2968898e+00  -1.7623359e-02   1.5275806e-02  -2.5383853e-03
   2.3315425e-01   7.6850127e-03  -3.2766564e+00  -1.7065835e-02   1.4812800e-02  -2.1919560e-03
   2.4117891e-01   1.4729708e-02  -3.1045741e+00  -1.6577703e-02   1.5005877e-02  -1.9457328e-03
   2.3506044e-01   8.6174423e-03  -3.0975481e+00  -1.4608852e-02   1.2914214e-02  -2.2833185e-03
   2.4844077e-01  -1.9447767e-02  -3.0810191e+00  -1.4643841e-02   1.3076440e-02  -2.3512786e-03
   2.7007315e-01  -3.8082909e-02  -3.1200037e+00  -1.2266445e-02   1.1450396e-02  -2.7656222e-03
   2.5644530e-01  -1.2843887e-02  -3.2214912e+00  -1.5697221e-02   1.2773846e-02  -2.7187468e-03
   2.5761242e-01  -3.7689914e-03  -3.1920646e+00  -1.5907688e-02   1.3311174e-02  -2.6078572e-03
   2.6572848e-01  -1.3181914e-02  -3.2131747e+00  -1.5662698e-02   1.4164241e-02  -2.9265463e-03
   2.4967205e-01  -2.0021145e-02  -3.2071649e+00  -1.5574216e-02   1.3574078e-02  -2.4997749e-03
   2.5553413e-01   1.6624389e-04  -3.1728964e+00  -1.5729861e-02   1.3651278e-02  -2.6695470e-03
   2.6366735e-01  -5.3403736e-02  -3.1951185e+00  -1.4544103e-02   1.2602623e-02  -2.6286937e-03
   2.6019515e-01   3.4978823e-03  -3.1624405e+00  -1.5728929e-02   1.3971393e-02  -3.2517869e-03
   2.6168757e-01  -5.4886898e-02  -3.1807207e+00  -1.4060580e-02   1.4134323e-02  -3.4768498e-03
   2.4614591e-01  -4.0299739e-03  -3.2323429e+00  -1.6000138e-02   1.4178167e-02  -3.0437471e-03
   2.7039399e-01  -4.9188191e-02  -3.1757179e+00  -1.4750142e-02   1.4182583e-02  -3.4307153e-03
   2.5876440e-01  -1.1326286e-02  -3.2191085e+00  -1.5387449e-02   1.3594731e-02  -3.2598008e-03
   2.5957368e-01   5.8106010e-03  -3.1723707e+00  -1.4971674e-02   1.3857822e-02  -2.9846765e-03
   2.5200630e-01  -2.9655084e-02  -3.1542228e+00  -1.4789102e-02   1.3743387e-02  -3.0994847e-03
   2.5510341e-01  -9.7891163e-02  -3.6286682e+00  -1.7684105e-02   1.4340069e-02  -2.4142044e-03
   2.4257690e-01   1.8485283e-02  -3.5247542e+00  -1.7564154e-02   1.4371945e-02  -2.6832682e-03
   2.4185640e-01  -3.7286153e-02  -3.4492174e+00  -1.6670423e-02   1.3948111e-02  -2.6071510e-03
   2.4759148e-01  -5.4618295e-02  -3.5060097e+00  -1.7918115e-02   1.3761244e-02  -2.6242057e-03
   2.7272706e-01  -3.9640711e-02  -3.4092832e+00  -1.7163384e-02   1.4097983e-02  -3.0762882e-03
   2.5879631e-01  -3.6674094e-02  -3.3697087e+00  -1.7167566e-02   1.4929546e-02  -3.7269730e-03
   2.5308896e-01  -4.3822827e-02  -3.3928593e+00  -1.6540007e-02   1.4500374e-02  -3.3296679e-03
   2.6511184e-01  -1.6964367e-03  -3.3876150e+00  -1.6449550e-02   1.3858096e-02  -3.5447413e-03
   2.4958037e-01  -2.0654880e-02  -3.4185075e+00  -1.6983116e-02   1.3256738e-02  -3.1140779e-03
   2.6265183e-01  -2.4042074e-02  -3.3782737e+00  -1.6210696e-02   1.3616132e-02  -3.0656609e-03
   2.4031734e-01  -1.3392568e-02  -3.3751337e+00  -1.5995606e-02   1.3190114e-02  -2.7402829e-03
   2.4465239e-01  -1.7348248e-02  -3.3509950e+00  -1.5689639e-02   1.2484752e-02  -2.9398728e-03
   2.4740683e-01  -2.4194964e-02  -3.3124758e+00  -1.5512789e-02   1.3431715e-02  -3.1058253e-03
   2.5032096e-01  -4.9167983e-02  -3.2789749e+00  -1.4308603e-02   1.2548516e-02  -2.7920551e-03
   2.4710834e-01  -2.2762902e-02  -3.3490704e+00  -1.4801804e-02   1.3799512e-02  -2.8307140e-03
   2.2546443e-01   1.0556050e-03  -3.3674839e+00  -1.5495199e-02   1.2780757e-02  -2.3043268e-03
   2.3176067e-01  -2.8981387e-02  -3.3096449e+00  -1.4666946e-02   1.2964035e-02  -2.5114181e-03
   2.4546628e-01   4.0565951e-03  -3.3263140e+00  -1.4932973e-02   1.3008188e-02  -2.8354731e-03
   2.2922565e-01  -2.0614360e-02  -3.3492007e+00  -1.4826214e-02   1.2505689e-02  -2.3975547e-03
   2.4521142e-01  -9.3856529e-03  -3.3728665e+00  -1.5628330e-02   1.2460451e-02  -2.7757502e-03
   2.3671863e-01   7.6584649e-03  -3.3313814e+00  -1.5878676e-02   1.2664422e-02  -2.4592232e-03
   2.3567499e-01  -2.7404009e-02  -3.3320612e+00  -1.5547101e-02   1.2741389e-02  -2.4825773e-03
   2.5004882e-01  -1.8503657e-02  -3.3329246e+00  -1.5342227e-02   1.2747205e-02  -2.7763924e-03
   2.2661688e-01  -1.6496633e-02  -3.3453956e+00  -1.5994197e-02   1.2708739e-02  -2.4254166e-03
   2.4283242e-01  -3.9443732e-03  -3.3396688e+00  -1.5297335e-02   1.2749178e-02  -2.7512299e-03
   2.5311270e-01  -4.2989561e-02  -3.3663959e+00  -1.4846093e-02   1.2586367e-02  -2.8811869e-03
   2.7535069e-01  -1.1297201e-02  -3.1481724e+00  -1.3545560e-02   1.6485025e-02  -3.6897388e-03
   2.4364152e-01   1.6260643e-02  -3.4231047e+00  -1.6046771e-02   1.8161756e-02  -2.6017861e-03
   2.3363609e-01  -7.1953296e-03  -3.4218762e+00  -1.6598075e-02   1.7801739e-02  -2.5766914e-03
   2.4081483e-01  -7.0806106e-03  -3.3964375e+00  -1.5963822e-02   1.6586141e-02  -2.5530484e-03
   2.3844316e-01  -5.8770670e-03  -3.4832745e+00  -1.6610006e-02   1.6452654e-02  -2.7371668e-03
   2.3454563e-01  -6.0765873e-03  -3.5109035e+00  -1.6948830e-02   1.6113005e-02  -2.6052383e-03
   2.3364504e-01   1.0427954e-02  -3.4495923e+00  -1.6502761e-02   1.5747551e-02  -2.5928276e-03
   2.4753714e-01  -4.3582222e-02  -3.4170104e+00  -1.5548695e-02   1.5169364e-02  -3.0755656e-03
   2.3122438e-01  -2.1385743e-02  -3.4147464e+00  -1.5514127e-02   1.4496721e-02  -2.7767586e-03
   2.4071627e-01  -3.0471609e-02  -3.3738716e+00  -1.4369430e-02   1.4399793e-02  -2.8421575e-03
   2.4106995e-01   7.9418500e-03  -3.3924718e+00  -1.5242626e-02   1.4566533e-02  -2.8008198e-03
   2.3485364e-01   6.3703980e-03  -3.3375546e+00  -1.4755216e-02   1.4630392e-02  -2.7373337e-03
   2.4267711e-01  -5.5379871e-02  -3.3517710e+00  -1.3235331e-02   1.4857813e-02  -3.4402228e-03
   2.3570338e-01   3.7085257e-02  -3.3951241e+00  -1.4705407e-02   1.4265255e-02  -3.1249928e-03
   2.3538402e-01   4.8643994e-03  -3.3521159e+00  -1.5196748e-02   1.4624488e-02  -3.1732365e-03
   2.3541856e-01   1.0285526e-02  -3.2687026e+00  -1.4766591e-02   1.6204982e-02  -3.2338033e-03
   2.3534153e-01   1.1231984e-02  -3.2562894e+00  -1.4329048e-02   1.5916046e-02  -3.4870582e-03
   2.3787700e-01   4.0628521e-03  -3.2852594e+00  -1.4405414e-02   1.5424008e-02  -3.6041086e-03
   2.2926491e-01   1.1198460e-02  -3.2911241e+00  -1.4298227e-02   1.5052093e-02  -3.5075401e-03
   2.2640812e-01  -3.7025773e-03  -3.4496474e+00  -1.5541209e-02   1.4816270e-02  -2.9710948e-03
   2.3002062e-01   2.6670726e-03  -3.3786273e+00  -1.4751526e-02   1.4290009e-02  -3.1241656e-03
   2.4259560e-01   1.5011022e-02  -3.3783566e+00  -1.5021662e-02   1.4541023e-02  -3.5598293e-03
   2.3808344e-01   7.7997328e-03  -3.5273484e+00  -1.3913525e-02   1.4657766e-02  -3.4851612e-03
   2.2288765e-01   2.2809910e-02  -3.6040085e+00  -1.5039745e-02   1.5070798e-02  -2.8430177e-03
   2.1067285e-01  -2.8567021e-03  -3.5812078e+00  -1.7106340e-02   1.5549290e-02  -2.6784003e-03
   2.2626852e-01  -2.1003637e-02  -3.5393930e+00  -1.6313549e-02   1.5009682e-02  -2.9601436e-03
   2.2522108e-01   1.7520433e-02  -3.5387829e+00  -1.6979318e-02   1.4204564e-02  -2.9567867e-03
   2.3708710e-01  -1.6195129e-02  -3.5271636e+00  -1.5936887e-02   1.3942479e-02  -3.1354710e-03
   2.3392419e-01   1.3807445e-02  -3.5123323e+00  -1.6238791e-02   1.4068119e-02  -2.9432310e-03
   2.3622435e-01   4.6567256e-03  -3.4961747e+00  -1.6501051e-02   1.4296544e-02  -3.1896393e-03
   2.2708183e-01  -3.2899277e-03  -3.5124482e+00  -1.6488139e-02   1.4208868e-02  -2.9505242e-03
   2.4208241e-01  -2.5994931e-03  -3.5134260e+00  -1.5961011e-02   1.4305352e-02  -3.2359917e-03
   2.4750608e-01  -9.9300052e-03  -3.5354462e+00  -1.7259350e-02   1.4615412e-02  -3.3561494e-03
   2.3836295e-01  -3.1929116e-03  -3.5330382e+00  -1.6313175e-02   1.4773953e-02  -3.2747284e-03
   2.3013669e-01   7.8641589e-03  -3.5195448e+00  -1.7297153e-02   1.4599553e-02  -3.0601145e-03
   2.3569750e-01   7.2216841e-03  -3.5231341e+00  -1.6502325e-02   1.4297163e-02  -3.4670254e-03
   2.4300098e-01   1.8528091e-02  -3.4874800e+00  -1.6761758e-02   1.4405267e-02  -3.5938221e-03
   2.4286314e-01  -7.1558543e-03  -3.4816608e+00  -1.6958536e-02   1.3913948e-02  -3.3821128e-03
   2.4196166e-01  -4.1665131e-03  -3.4893069e+00  -1.6924424e-02   1.3999428e-02  -3.4847795e-03
   2.3995368e-01  -1.1275665e-02  -3.4945978e+00  -1.6646419e-02   1.4188787e-02  -3.3037017e-03
   2.4471680e-01  -3.7563906e-03  -3.5023694e+00  -1.7305514e-02   1.4486726e-02  -3.5121602e-03
   2.4921347e-01  -3.7895980e-02  -3.5228161e+00  -1.6740851e-02   1.4245475e-02  -3.7208562e-03
   2.4660214e-01  -1.6827867e-04  -3.5135086e+00  -1.7425251e-02   1.4626783e-02  -3.5919491e-03
   2.4854393e-01  -3.8877890e-05  -3.4869062e+00  -1.7148795e-02   1.4665844e-02  -3.4926978e-03
   2.4324185e-01   1.5452271e-02  -3.5191560e+00  -1.7821564e-02   1.4412360e-02  -3.3177543e-03
   2.4039478e-01  -1.7879093e-02  -3.5385018e+00  -1.6915860e-02   1.4185700e-02  -3.2061429e-03
   2.4106431e-01  -3.6899992e-03  -3.5513072e+00  -1.7552517e-02   1.4528826e-02  -3.1845876e-03
   2.4895813e-01  -2.6534830e-02  -3.5407825e+00  -1.6504624e-02   1.4827602e-02  -3.3054965e-03
   2.4139929e-01  -3.4302579e-03  -3.4918590e+00  -1.6354862e-02   1.4151421e-02  -2.9430919e-03
   2.4945258e-01  -1.8232261e-02  -3.4836753e+00  -1.6113530e-02   1.4398974e-02  -3.3412539e-03
   2.4685439e-01  -1.1268239e-02  -3.4973806e+00  -1.6585504e-02   1.4609909e-02  -3.2961208e-03
   2.4279095e-01  -1.2755248e-02  -3.4984508e+00  -1.6864704e-02   1.4549001e-02  -3.2079150e-03
   2.5030366e-01  -3.7627182e-03  -3.4832891e+00  -1.6980377e-02   1.4907146e-02  -3.5479785e-03
   2.4618497e-01  -6.1893683e-03  -3.5071341e+00  -1.5083581e-02   1.4995056e-02  -3.3631850e-03
   2.4198090e-01  -1.1877060e-03  -3.5360540e+00  -1.6478025e-02   1.4332942e-02  -3.0588131e-03
   2.7138375e-01  -1.9730677e-02  -3.4842797e+00  -1.6287232e-02   1.3917704e-02  -3.7108221e-03
   2.5606883e-01   1.6094478e-02  -3.5098013e+00  -1.6525811e-02   1.2345353e-02  -3.5782346e-03
   2.6296937e-01  -4.4013379e-02  -3.5121695e+00  -1.5891704e-02   1.2616322e-02  -3.7321570e-03
   2.7169058e-01  -1.8360602e-02  -3.5556265e+00  -1.6246200e-02   1.2484996e-02  -3.6505018e-03
   2.7423125e-01  -1.6355228e-02  -3.5683776e+00  -1.6059921e-02   1.2342578e-02  -3.6068638e-03
   2.8542735e-01  -2.4421445e-02  -3.5409822e+00  -1.4698625e-02   1.2418357e-02  -3.9307140e-03
   2.8677235e-01   5.3614190e-03  -3.5461287e+00  -1.5117233e-02   1.1497194e-02  -3.6871787e-03
   2.9152962e-01  -1.9039968e-02  -3.4745617e+00  -1.4988180e-02   1.2144350e-02  -3.9034655e-03
   2.7812826e-01  -1.2448183e-02  -3.4707209e+00  -1.4006928e-02   1.2085868e-02  -3.7515627e-03
   2.6646062e-01  -4.8691892e-02  -3.3319967e+00  -1.5679167e-02   1.3083495e-02  -3.4880561e-03
   2.6815042e-01  -5.9700391e-03  -3.2367839e+00  -1.0565924e-02   9.1615780e-03  -3.0469176e-03
   2.6526601e-01   3.2239455e-03  -3.2023593e+00  -1.1317947e-02   1.0498768e-02  -3.5768830e-03
   2.7776142e-01  -2.0061220e-02  -3.1740510e+00  -9.0630098e-03   1.0573302e-02  -4.3237715e-03
   3.1914621e-01   2.6125398e-02  -3.4502046e+00  -2.7073761e-02   1.2371177e-02  -4.6277712e-03
   1.7873583e-01   7.9046760e-03  -3.6506515e+00  -2.2085297e-02   1.2317983e-02  -2.7198491e-03
   2.4217839e-01  -2.4061254e-02  -3.6414116e+00  -2.2265476e-02   1.2544569e-02  -2.7517817e-03
   2.4276392e-01   6.8148320e-02  -3.2039615e+00  -1.5751331e-02   1.3400548e-02  -2.9562399e-03
   2.3807531e-01   5.3734350e-02  -3.1583645e+00  -1.5830415e-02   1.4069245e-02  -2.9616967e-03
   2.4529272e-01   1.6788544e-02  -3.1168294e+00  -1.3154831e-02   1.2518993e-02  -2.9673575e-03
   2.4075482e-01   4.6841941e-02  -3.1362232e+00  -1.4236548e-02   1.2419847e-02  -3.1031685e-03
   2.3770550e-01   3.2238368e-02  -3.0886732e+00  -1.2824995e-02   1.2493142e-02  -2.9923658e-03
   2.5803898e-01   2.8681073e-02  -3.0956781e+00  -1.1706486e-02   1.2383725e-02  -3.0586283e-03
   2.1726993e-01   2.9083194e-02  -3.1798313e+00  -1.3777532e-02   1.4164842e-02  -2.5484486e-03
   2.3708630e-01  -3.0702118e-03  -3.1803272e+00  -1.3167262e-02   1.3382643e-02  -2.8685036e-03
   2.4725841e-01   1.2345390e-02  -3.2027354e+00  -1.4060408e-02   1.3032587e-02  -2.9528637e-03
   2.4621833e-01   1.9426754e-02  -3.2051956e+00  -1.3991347e-02   1.3237125e-02  -2.9144512e-03
   2.4345938e-01  -9.8993007e-03  -3.1842540e+00  -1.0118813e-02   1.5807963e-02  -2.5980238e-03
   2.6388331e-01  -5.4331670e-02  -3.6487033e+00  -1.3528572e-02   1.5538619e-02  -2.8487550e-03
   2.1880775e-01  -1.7453510e-02  -3.8132239e+00  -1.9578547e-02   1.6363255e-02  -1.9701358e-03
   2.3951936e-01   2.1901670e-03  -3.7644515e+00  -1.9126289e-02   1.6709079e-02  -2.4359651e-03
   2.3187116e-01  -1.0301235e-02  -3.8035218e+00  -1.9674370e-02   1.6572374e-02  -2.6473029e-03
   2.4486874e-01  -4.1482310e-02  -3.7571771e+00  -1.9684997e-02   1.6146110e-02  -2.7064030e-03
   2.5543501e-01  -3.1320438e-03  -3.6605228e+00  -1.8825249e-02   1.6270596e-02  -3.1832122e-03
   2.5610110e-01   1.1709801e-02  -3.6656547e+00  -1.8895417e-02   1.6136109e-02  -3.2854574e-03
   2.5266058e-01  -4.8327084e-04  -3.6231777e+00  -1.8058116e-02   1.6027894e-02  -3.2328126e-03
   2.5680370e-01  -4.7631832e-03  -3.6187228e+00  -1.7965229e-02   1.5668936e-02  -3.2813675e-03
   2.4856511e-01  -1.4842685e-02  -3.6316268e+00  -1.7444709e-02   1.5604706e-02  -3.1018398e-03
   2.5455365e-01  -6.4690513e-03  -3.5946573e+00  -1.6811160e-02   1.5276752e-02  -3.4403826e-03
   2.3825556e-01  -1.9349596e-03  -3.6381611e+00  -1.6569278e-02   1.7697557e-02  -3.9783804e-03
   3.1146228e-01  -8.8701493e-02  -3.0461985e+00  -3.5329765e-03   1.7287346e-02  -2.9652576e-03
   2.9821644e-01  -7.8728447e-02  -2.8955474e+00  -1.0861842e-03   1.7526519e-02  -2.8704713e-03
   2.3699017e-01  -1.2417008e-01  -3.3315258e+00  -5.0052332e-03   1.5342105e-02  -3.0510686e-03
   2.8022028e-01  -1.3511856e-01  -2.9865105e+00  -5.5949699e-04   1.6823974e-02  -2.9694912e-03
   3.1802569e-01  -1.1804658e-01  -2.7428261e+00   6.1529145e-04   1.8637053e-02  -3.4782227e-03
   3.3127447e-01  -1.4742978e-01  -2.7033582e+00   2.5445935e-03   1.8778812e-02  -3.4624605e-03
   3.4478011e-01  -1.3632414e-01  -2.6376273e+00   2.8171494e-03   1.9352310e-02  -3.9354796e-03
   3.3864346e-01  -1.3146426e-01  -2.6559170e+00   2.8933237e-03   1.7932881e-02  -3.3789680e-03
   3.2625615e-01  -1.1989525e-01  -2.6739122e+00   3.3701929e-03   1.7593711e-02  -3.0215231e-03
   2.7292567e-01  -1.2084834e-01  -3.3076872e+00  -3.5980552e-03   1.6128390e-02  -4.0245122e-03
   2.5217447e-01  -1.1767568e-01  -3.3124856e+00  -4.0589002e-03   1.5781588e-02  -3.1112138e-03
   2.4880888e-01  -1.0476186e-01  -3.3109387e+00  -3.8614593e-03   1.5546207e-02  -2.9909679e-03
   2.5748366e-01  -5.6418175e-02  -3.3314951e+00  -5.0443049e-03   1.4878566e-02  -3.1344402e-03
   2.4880396e-01  -8.0320800e-02  -3.3076040e+00  -5.4118631e-03   1.5261875e-02  -2.9342163e-03
   2.6875487e-01  -7.1567786e-02  -3.3590686e+00  -6.4607852e-03   1.4866932e-02  -3.1402872e-03
   2.5432231e-01  -9.6418333e-02  -3.3970548e+00  -6.0354755e-03   1.4399131e-02  -3.0219511e-03
   2.9819254e-01  -4.5259833e-03  -3.4652610e+00  -1.0420925e-02   1.1409940e-02  -3.7508448e-03
   2.7401531e-01  -2.8165020e-02  -3.5901962e+00  -5.9307563e-03   1.1548195e-02  -3.5568757e-03
   2.7137315e-01  -5.3935632e-02  -3.1643560e+00  -4.6473152e-03   9.4626966e-03  -3.5206787e-03
   2.6148512e-01   3.1216395e-03  -3.3180193e+00  -4.6023746e-03   5.8572403e-03  -3.3888395e-03
   2.6092567e-01  -4.6631902e-03  -3.2650004e+00  -4.3342211e-03   7.3535054e-03  -3.3977167e-03
   2.4461987e-01  -5.0937497e-03  -3.3405674e+00  -5.3640623e-03   7.8217854e-03  -3.5272913e-03
   2.6025047e-01  -1.8628797e-02  -3.3436252e+00  -6.9344591e-03   7.8896349e-03  -3.7447816e-03
   2.5966670e-01   7.5658314e-03  -3.3357009e+00  -7.1528417e-03   8.2692580e-03  -3.8613903e-03
   2.5318277e-01   2.3800192e-02  -3.3092569e+00  -7.8012438e-03   8.3089234e-03  -3.5991699e-03
