   0.0000000e+00   0.0000000e+00   0.0000000e+00   0.0000000e+00   0.0000000e+00   0.0000000e+00
  -2.6713592e-02   7.0155478e-02   8.4603363e-01   1.5525046e-03   3.8517925e-04   4.6698977e-04
   2.0542735e-02   6.7442493e-03   7.7553293e-02   1.8723009e-03  -2.7429957e-03   2.9602982e-04
   3.1576752e-02   7.8184512e-02   8.0537973e-01   7.0922224e-04  -5.5221373e-04   3.5034127e-04
   2.4404845e-02   2.2261410e-02   3.7387259e-01   9.1932625e-04  -2.0664966e-03  -3.1655314e-04
   5.6026938e-03   6.9369352e-02   6.1598774e-01   6.6942914e-03  -1.9404041e-03   2.6450774e-04
   1.4949852e-02   5.1274196e-02   3.3393827e-01   8.6799381e-04  -2.3273372e-03  -4.0845254e-05
  -3.0328495e-03   9.1095542e-02   6.9663643e-01  -4.0541205e-04  -6.8717416e-04   1.3993968e-03
   1.1839173e-02   3.7926681e-02   4.2238198e-01   4.1640293e-03  -6.1273592e-04   7.0407409e-04
   1.0607273e-02   4.7743861e-02   3.8551101e-01   2.3507567e-03  -6.7148269e-04   6.9927128e-04
  -1.1805720e-02   1.5396667e-01   1.3270336e+00   2.1418121e-02  -1.7790797e-03   6.1993218e-04
   1.9702386e-02  -7.1175319e-03  -3.8795784e-01  -3.4932624e-03  -2.5576353e-03   4.1304172e-04
   1.3340896e-02   4.1518941e-02   5.1764547e-01   6.4328309e-03  -9.9358210e-04   9.6502650e-04
   4.3851140e-03   3.6968092e-02   3.8638816e-01   3.0673803e-03  -1.0943356e-03   1.0492219e-03
  -1.0519750e-02   2.4633420e-01   1.8240194e-01  -1.4416627e-02  -2.0702039e-03  -1.2864907e-03
   1.4366251e-01   2.2418777e-01  -1.4793144e-01   2.3350155e-03   4.4775306e-04  -4.7009288e-03
   3.2636461e-02   2.0639425e-01  -1.3782872e+00  -5.5477907e-02  -3.6591605e-03  -8.4526723e-04
   7.8306716e-02   1.4909117e-01   6.8734118e-01  -1.1285396e-02  -1.3251440e-02  -2.6454099e-03
   3.5286582e-02   1.8922427e-01  -1.2688677e-01  -1.3098328e-02  -7.1563525e-03  -2.1864898e-03
   9.0050627e-02   1.7800177e-01   4.8776297e-01  -3.8885427e-02   4.0311026e-03  -9.3261926e-05
   1.0235050e-01   2.1932215e-01   1.8542312e+00  -2.0189757e-02   6.9284694e-04  -9.5623000e-04
   3.0311294e-02   3.1669876e-02   1.5791009e+00   2.3358840e-03  -3.3830295e-03   1.4001530e-03
   6.8975678e-02   1.7068307e-01   1.2754295e+00  -1.3562579e-02  -8.6365020e-03  -1.0773813e-03
   7.1443035e-02   1.6763286e-01   1.3112440e+00  -1.3793294e-02  -8.2703114e-03  -1.1112065e-03
   6.9838991e-02   1.4792555e-01   1.3764087e+00  -1.1392943e-02  -8.3193734e-03  -1.0162099e-03
   6.7406032e-02   1.1221390e-01   1.2863194e+00  -1.0416933e-02  -7.4074064e-03  -6.6534398e-04
   7.9098199e-02   1.8992535e-01   1.2486232e+00  -1.7778426e-02  -8.0045289e-03  -2.0714566e-03
   1.0392116e-01  -8.0128936e-02   8.6242971e-01  -4.5529439e-03  -9.7746878e-03  -2.7026807e-03
   7.3825068e-02   1.4581940e-01   1.5824346e+00  -1.4765769e-02  -6.9587630e-03  -3.8161520e-04
   1.6228687e-01   1.0540113e-01   5.4998499e-01  -2.0715765e-02  -5.5466284e-03  -2.2493165e-03
   1.2216628e-01   9.5051675e-02   1.1607525e-01  -3.4125898e-02   2.9848486e-03  -1.2415989e-03
   1.1775580e-01   1.0695065e-01   2.1111424e-01  -3.2398469e-02   4.0679549e-03  -1.3060232e-03
   1.4777561e-01   8.8305789e-02   1.8828216e-01  -2.9187722e-02   3.4265523e-03  -4.6184967e-04
   2.2755044e-01   2.0024249e-01   3.7323490e+00   1.5620811e-02   1.0947421e-02   9.6724661e-04
   7.3311929e-02   9.6480456e-02   2.2376790e+00   6.6832700e-04  -1.7741171e-03   1.7722027e-03
   7.2008678e-02   9.8270321e-02   2.0268678e+00  -3.2223706e-03  -2.0060420e-03   1.7008941e-03
   7.8937414e-02   7.3079616e-02   1.8589669e+00  -3.9439924e-03  -2.0503793e-03   1.4809195e-03
   1.1784979e-01   2.2025687e-01   1.7225726e+00  -1.5291114e-02  -3.7662739e-03  -1.5838062e-03
   5.7851464e-03  -1.0757347e-01   5.0231023e-01  -1.3275996e-02  -1.4908006e-02   1.3431282e-03
   2.2063808e-01  -2.7534754e-01  -2.8493032e-01  -9.7638540e-03  -1.2325095e-02   8.3716368e-04
   1.2971026e-01  -6.4950871e-01  -3.8367279e+00  -5.5749026e-03  -1.5666617e-02   5.9965841e-04
   1.1287724e-01  -6.0491413e-03  -2.5096681e+00  -2.2599007e-02  -1.2293736e-02   5.7668709e-04
   1.4721003e-01  -1.5861915e-02  -2.3019392e+00  -2.2616257e-02  -1.1347917e-02  -9.6835241e-05
   1.4576050e-01  -3.9363840e-02  -2.1157881e+00  -2.2130434e-02  -1.0573022e-02  -2.9695330e-04
   1.5397680e-01  -5.3948507e-02  -2.0191261e+00  -2.1850363e-02  -1.0624545e-02  -4.4605320e-04
   1.5458955e-01  -5.3579750e-02  -2.0263877e+00  -2.1825518e-02  -1.0903939e-02  -6.7060643e-04
   1.5952660e-01  -4.3004134e-02  -2.0128195e+00  -2.1275723e-02  -1.0950304e-02  -6.0732574e-04
   1.6579054e-01  -4.1234872e-02  -2.0381049e+00  -2.1652725e-02  -1.1320986e-02  -7.1423934e-04
   1.6447361e-01  -4.8402426e-02  -2.1138430e+00  -2.2830264e-02  -1.1185101e-02  -8.3005203e-04
   1.5247328e-01  -3.6491776e-02  -2.1079073e+00  -2.3421037e-02  -1.1330109e-02  -6.9645805e-04
   1.6449644e-01  -5.2081814e-02  -2.0370176e+00  -2.1720587e-02  -1.0267874e-02  -6.1433566e-04
   1.5633431e-01  -4.1663563e-02  -2.0746596e+00  -2.2889529e-02  -1.0802321e-02  -5.2150511e-04
   1.6046304e-01  -5.8093815e-02  -2.1030890e+00  -2.3191658e-02  -1.1160546e-02  -6.6570374e-04
   1.6411154e-01  -5.8778912e-02  -2.1538028e+00  -2.3500980e-02  -1.0440058e-02  -8.9846006e-04
   1.4792835e-01  -5.5287678e-02  -2.3413529e+00  -2.4258862e-02  -1.0815187e-02  -8.3474065e-04
   1.7318980e-01  -4.1510338e-02  -2.2198200e+00  -2.2741605e-02  -1.0930567e-02  -4.8936257e-04
   1.6217435e-01  -2.7998688e-02  -2.2619693e+00  -2.3517914e-02  -1.1180386e-02  -5.0743604e-04
   1.7576955e-01  -3.9083091e-02  -2.2758415e+00  -2.4302995e-02  -1.0835027e-02  -6.7059559e-04
   1.7906472e-01  -3.6279256e-02  -2.3256467e+00  -2.5085463e-02  -1.1568067e-02  -8.3821378e-04
   1.7850757e-01  -4.6066678e-02  -2.3675740e+00  -2.6699574e-02  -1.1275830e-02  -9.7577863e-04
   1.7004670e-01  -1.4680741e-02  -2.3116951e+00  -2.4797713e-02  -1.1662440e-02  -6.6988218e-04
   1.6771971e-01  -2.7336947e-02  -2.2967901e+00  -2.4997429e-02  -1.1757194e-02  -7.3897067e-04
   1.8914544e-01  -3.0033772e-02  -2.2398437e+00  -2.6062676e-02  -1.0351865e-02  -1.7764735e-03
   1.7623475e-01  -2.8870825e-02  -2.2115760e+00  -2.5818938e-02  -9.8287537e-03  -1.5016562e-03
   1.7898898e-01  -1.0222034e-02  -2.3023029e+00  -2.7866910e-02  -1.0799094e-02  -1.5558494e-03
   1.7643859e-01  -3.0659277e-03  -2.2795176e+00  -2.8022615e-02  -1.0742667e-02  -1.5057265e-03
   1.8919622e-01  -8.3840673e-03  -2.3041383e+00  -2.7095147e-02  -1.0500069e-02  -1.3654664e-03
   1.8140227e-01  -1.6968767e-02  -2.3266628e+00  -2.8221506e-02  -1.0288489e-02  -1.5795184e-03
   1.9657339e-01  -6.1075916e-03  -2.2744427e+00  -2.8354011e-02  -1.0804613e-02  -1.6776001e-03
   1.9901815e-01  -1.5258379e-02  -2.2898459e+00  -2.8274917e-02  -1.1439137e-02  -1.9388558e-03
   2.0247568e-01  -6.6177960e-02  -2.4182174e+00  -3.6664029e-02  -1.3042063e-02  -2.2221324e-03
   1.0236753e-01   1.0089685e-01   6.1592980e-01  -2.9210238e-02  -1.1913647e-02  -4.2957274e-03
   8.8378024e-02   2.4424096e-02   6.6837794e-01   1.3533204e-02  -1.9972889e-02  -1.6126604e-03
   9.4500436e-02   2.5030024e-01   1.3943293e+00   9.3633050e-03  -1.6069146e-02  -3.1162241e-03
   7.5178914e-02  -3.0640405e-03   2.5884016e-01   8.4425393e-04  -2.1763942e-02  -2.6418583e-03
   6.9823813e-02   9.5762440e-02   2.3867467e-01  -7.8446794e-03  -2.0463891e-02  -3.6900150e-03
   7.2881357e-02   6.8677623e-02   3.7054974e-01  -6.7359897e-03  -1.9552004e-02  -3.6605354e-03
   6.7206440e-02   5.1386825e-02   3.6134694e-01  -6.8185085e-03  -1.9191747e-02  -3.5367317e-03
   6.7594509e-02   5.2103933e-02   3.7050460e-01  -6.7332395e-03  -1.9557868e-02  -3.5075694e-03
   7.7131056e-02   3.7313351e-02   3.7498228e-01  -5.8549899e-03  -1.9749203e-02  -3.5940832e-03
   7.7539050e-02   5.7512921e-02   3.5917698e-01  -5.8543858e-03  -1.9917530e-02  -3.4062936e-03
   7.2395295e-02   5.5657670e-02   3.4825681e-01  -6.4791837e-03  -1.9264790e-02  -3.3098098e-03
   7.7370588e-02   4.6903756e-02   3.8276371e-01  -6.1419781e-03  -1.8986044e-02  -3.3965936e-03
   8.5366350e-02   4.8935657e-02   3.9463105e-01  -6.1287833e-03  -1.8521327e-02  -3.5781551e-03
   7.7493840e-02   5.9044475e-02   3.8560520e-01  -6.0569516e-03  -1.8131560e-02  -3.2425809e-03
   8.0443253e-02   5.5521136e-02   3.6607379e-01  -6.3275665e-03  -1.8262011e-02  -3.3685793e-03
   8.1107017e-02   5.2874303e-02   3.6875076e-01  -5.4959115e-03  -1.8207831e-02  -3.4512736e-03
   8.0052678e-02   6.0537977e-02   3.5509259e-01  -6.5792034e-03  -1.7481488e-02  -3.4238204e-03
   7.8992020e-02   7.0176772e-02   3.7905207e-01  -6.6115338e-03  -1.7597723e-02  -3.3971050e-03
   7.4348714e-02   6.3439376e-02   3.5359232e-01  -6.5724058e-03  -1.7402551e-02  -3.4519342e-03
   6.5591535e-02   8.2341718e-02   3.2808193e-01  -6.8267507e-03  -1.7655266e-02  -3.1401203e-03
   8.0948382e-02   7.3816660e-02   3.4857657e-01  -6.8787209e-03  -1.7197670e-02  -3.3406632e-03
   4.7226097e-02   7.8535127e-02   3.1642558e-01  -6.3566182e-03  -1.8106004e-02  -2.3920742e-03
   5.7984328e-02   8.2908743e-02   2.4939840e-01  -7.2849943e-03  -1.6966462e-02  -2.8877354e-03
   5.6539421e-02   7.1664485e-02   2.9633751e-01  -6.3964320e-03  -1.7071248e-02  -2.7888241e-03
   5.5859609e-02   7.4864308e-02   2.8233348e-01  -6.5443520e-03  -1.6405098e-02  -2.9673941e-03
   5.6129476e-02   9.5281957e-02   2.6561597e-01  -5.5747768e-03  -1.5928889e-02  -2.8034292e-03
   5.2158460e-02   6.6091131e-02   2.1949706e-01  -6.5319014e-03  -1.5570001e-02  -2.8411554e-03
   6.6703977e-02   7.1699654e-02   2.0073632e-01  -8.2909902e-03  -1.5824786e-02  -2.9906916e-03
   6.7572133e-02   8.6669001e-02   2.3970811e-01  -7.3553757e-03  -1.6350655e-02  -3.0982373e-03
   6.5179327e-02   8.0072278e-02   2.4873305e-01  -8.7576157e-03  -1.5126905e-02  -3.0110630e-03
   6.5360250e-02   6.0556007e-02   2.3535444e-01  -8.0322226e-03  -1.5649008e-02  -3.0579727e-03
   6.8864122e-02   8.6035027e-02   2.4694304e-01  -8.4454042e-03  -1.4892681e-02  -3.1650390e-03
   5.5892584e-02   7.1566421e-02   2.5691506e-01  -7.8717197e-03  -1.5492463e-02  -3.2113455e-03
   6.1432093e-02   5.0736360e-02   2.3283180e-01  -8.4903042e-03  -1.5272901e-02  -3.2453959e-03
   6.4789151e-02   7.3188307e-02   2.2668490e-01  -9.6828612e-03  -1.4765031e-02  -3.3255142e-03
   5.1893467e-02   6.7383598e-02   3.1551689e-01  -5.6631595e-03  -1.5015152e-02  -2.8686137e-03
   5.9503440e-02   6.0951959e-02   2.6335326e-01  -7.5307621e-03  -1.4453698e-02  -2.9512687e-03
   4.6212839e-02   9.9204965e-02   2.7774278e-01  -8.8793599e-03  -1.5295781e-02  -2.8508782e-03
   5.0437420e-02  -2.1902278e-02  -6.2529974e-01  -1.4463400e-02  -1.2776125e-02  -2.0172474e-03
   1.0377625e-01   1.2060179e-04  -7.0957964e-03  -3.1937568e-03  -5.0747693e-03  -1.5213859e-03
   2.8167419e-02  -2.5529121e-03  -5.7579546e-01  -1.2854904e-02  -2.2579892e-03   1.1160827e-04
   3.9574788e-02  -1.4538469e-03  -5.2753251e-01  -1.3842678e-02  -3.5169471e-03  -5.2753963e-04
   8.8778188e-02   1.7528135e-02  -4.8310486e-01  -2.1438845e-02  -8.3941924e-03  -7.7848000e-04
   3.6065294e-02   3.4890326e-02  -1.8149160e-01  -1.2874475e-02  -7.6233060e-03   2.8436402e-04
   4.7835107e-02   2.0157973e-02  -2.2223756e-01  -1.4648268e-02  -7.4408057e-03  -3.0701920e-04
   6.8804222e-02   5.4496588e-02   2.0877304e-01  -7.0605499e-03  -4.6359896e-03  -5.9876035e-04
   7.7895764e-02   1.3385500e-02  -4.3370444e-01  -8.6405783e-03  -4.0857249e-03  -9.8646945e-04
   3.1357952e-02   3.2112462e-02   4.8010075e-01  -1.4151123e-03  -2.5443915e-03   1.5051896e-03
   3.7079631e-02   5.1694532e-02  -3.5215522e-01  -7.7291629e-03  -5.0533117e-03   1.6744797e-04
   4.1835785e-02  -3.0552184e-03  -3.6475496e-01  -1.0953391e-02  -4.2063000e-03   5.4140626e-04
   3.7124695e-02   1.6374104e-02  -1.8001146e-01  -2.1435430e-03  -3.4448928e-03   4.7403275e-04
   2.9652667e-02  -7.2443292e-03  -3.0520434e-01  -3.9572110e-03  -3.0393841e-03   3.3001201e-04
   4.1752441e-02   1.7379126e-04  -2.3852859e-01  -1.3393354e-02  -1.7652830e-03   1.1280027e-04
   4.6946473e-03   1.7188656e-02  -1.7617274e-01  -5.1647643e-03  -3.1054918e-03   3.2437071e-04
   5.8602636e-03   1.9349147e-02  -2.3521762e-01  -6.6778577e-03  -3.7803426e-03   2.3492251e-04
   5.3741099e-02   7.7302854e-02   3.9561898e-01  -3.4541199e-03  -3.8574327e-03   9.2878471e-04
   2.6095669e-02   9.4789634e-03  -3.7489514e-01  -4.2200391e-03  -5.7018702e-03   2.7950248e-04
   1.7633041e-02   8.5473125e-03  -4.7573439e-01  -7.9324337e-03  -6.0115934e-03   7.5794641e-05
   8.7851790e-03   1.1450499e-02   6.7794286e-01   5.3266482e-03  -4.4908221e-03   4.5224284e-04
   2.4511124e-02   1.5909463e-02  -3.3918768e-01  -8.1190980e-03  -3.1539610e-03   2.0299690e-04
   3.7409104e-02  -6.2133304e-03   6.7137428e-02  -5.3888021e-04  -2.7751961e-03  -3.7926671e-04
   2.2735392e-02   1.9055360e-02  -1.1597062e-01  -4.3261564e-03  -2.4713493e-03  -3.1827024e-04
   4.7457591e-02  -5.6986158e-03  -5.3243431e-02  -4.0001360e-03  -2.8359133e-03  -9.1013520e-04
   3.8896466e-02   3.9218002e-02  -2.0408799e-01  -6.8030643e-03  -2.7751711e-03  -1.0116856e-03
   4.2940531e-02  -8.9649337e-04  -2.0589617e-01  -7.6400265e-03  -3.0436073e-03  -9.6926868e-04
   4.3107567e-02   3.0011987e-02  -2.8779391e-01  -1.0887281e-02  -3.5594179e-03  -1.1940047e-03
   3.9271307e-02   1.8467684e-02  -2.0080249e-01  -8.0670988e-03  -3.1605119e-03  -1.1541069e-03
   5.0766853e-02  -4.6223144e-02   2.5108785e-01  -1.2681978e-03   1.0684559e-03   2.0037032e-05
   3.8945921e-02  -9.4524556e-03  -1.2957572e-01  -1.6734881e-03  -2.2838592e-03  -1.7786024e-04
   3.2742118e-02  -2.8619787e-03  -1.9118944e-01  -4.1017673e-03  -3.1286333e-03  -3.8926368e-04
   3.0312863e-02   3.5374639e-02   5.7407686e-01  -1.3521807e-05  -3.1966558e-03   3.7750158e-04
   2.1884444e-02   2.6152597e-02  -2.4038957e-01  -6.0109247e-03  -3.4572278e-03  -6.0747176e-05
   2.7478345e-02   2.3211365e-02  -2.3619764e-01  -7.8843995e-03  -3.8749763e-03  -6.5249124e-04
   3.8602443e-02   9.0460774e-03  -2.9253418e-01  -9.2307822e-03  -4.0264070e-03  -8.5967058e-04
   4.0438996e-02  -1.7249600e-03   1.4456789e-01  -3.8541212e-03  -4.9193785e-03  -8.4778977e-04
   2.6769002e-02   2.3592882e-02  -6.1729094e-02  -7.8321254e-03  -4.5609139e-03  -6.7612935e-04
   3.9454867e-02   1.4320428e-02  -1.2529932e-01  -9.2495294e-03  -4.4974674e-03  -1.0477661e-03
   3.1994137e-02   2.1307419e-02  -1.2866281e-01  -9.1723112e-03  -4.8956310e-03  -9.8446123e-04
   2.1987857e-02  -3.0405516e-02  -1.4939981e-01   3.0320214e-03  -6.9973623e-03  -3.6397654e-04
   3.6153574e-02  -1.5130103e-02  -5.9754752e-01  -9.6346093e-03  -7.1375682e-03  -1.9411027e-04
   2.0526359e-02   9.1739922e-02   3.8090660e-01  -4.4681327e-03  -3.0531133e-03   1.1382557e-03
   4.0889280e-02  -5.6752995e-03  -3.0615994e-01  -6.9872130e-03  -4.5288261e-03   7.4154050e-05
   3.2763941e-02   6.4944581e-03  -3.4923822e-01  -8.9077150e-03  -4.6884125e-03  -1.5984963e-04
   6.1183945e-02  -4.0989200e-03  -2.9118152e-01  -8.8963608e-03  -4.6684940e-03  -7.5862370e-04
   4.2725573e-02   3.7887976e-03  -3.5937668e-01  -6.3300569e-03  -3.9304850e-03  -5.6507052e-04
   5.0580787e-02   2.0253934e-02  -3.6350198e-01  -9.2266771e-03  -3.8203477e-03  -7.3745992e-04
   5.1402657e-02   8.0912013e-03  -3.4332469e-01  -1.0333150e-02  -3.7104826e-03  -8.1042299e-04
   6.0215742e-02   1.2027823e-02  -2.9703171e-01  -9.2067003e-03  -3.8944864e-03  -9.2044931e-04
  -1.4347434e-03   1.0686801e-01   8.5843475e-01  -4.0920960e-05  -2.2892933e-03   1.1364122e-03
   5.8387457e-02   1.2137182e-02  -7.5532166e-02  -4.5492963e-03  -3.2211703e-03  -2.7338774e-04
   5.3333045e-02   6.0479235e-03  -2.0900701e-01  -7.7604306e-03  -2.6623260e-03  -1.9821817e-04
   9.8816727e-03  -6.0024829e-03   3.8482916e-01   2.2424774e-03  -2.9863181e-03  -3.9426721e-04
   2.1226471e-02   1.7752341e-02  -1.3458330e-01  -6.6314209e-03  -2.3685587e-03  -7.3389176e-04
   3.6733057e-02   7.3648403e-02   8.1990043e-01  -6.5636464e-04  -5.6548197e-04   8.5783088e-04
   1.5300344e-02   3.0044823e-04  -1.7955243e-01  -4.2446803e-03  -2.7335082e-03   2.0660682e-04
   1.3273820e-02   1.9732866e-02  -2.7325777e-01  -6.3080641e-03  -2.4982413e-03  -1.3640732e-05
   4.2078980e-02   3.8211496e-02   1.0538652e-01  -8.0962859e-03  -2.5481170e-03  -5.6612444e-04
   5.4204340e-02   1.8345388e-02  -1.6823560e-01  -4.7185544e-03  -2.3269876e-03  -9.7041810e-04
   5.2201290e-02   3.1039405e-02  -1.6183718e-01  -7.0308838e-03  -2.4883385e-03  -1.1470826e-03
   4.9494884e-02   3.5903247e-02  -1.7320657e-01  -7.8789588e-03  -2.3298073e-03  -1.1144706e-03
   4.9052213e-02   2.1272213e-02  -1.9822876e-01  -7.7933255e-03  -2.0521394e-03  -1.2577796e-03
   6.2375450e-02   2.6648486e-02  -1.6398977e-01  -7.3488959e-03  -2.4260775e-03  -1.3416594e-03
   6.7576351e-02   2.8458993e-02  -1.5433559e-01  -7.5552459e-03  -2.9860599e-03  -1.5554749e-03
   2.3910759e-02   1.3813313e-02  -5.7591340e-02  -3.8151293e-03  -3.0400344e-03  -4.8192336e-04
   4.6710235e-02   3.0279567e-02  -1.9892722e-01  -7.4681010e-03  -2.6209939e-03  -1.0219036e-03
  -4.7034182e-03   2.1321782e-02   5.8386016e-01   5.9421054e-03  -3.6826346e-03   1.5860116e-05
   2.9838323e-02   2.9451011e-02  -2.9103997e-01  -6.8303552e-03  -3.0719732e-03  -4.9291648e-04
   3.2866139e-02   4.6533663e-02  -3.0205943e-01  -8.0622875e-03  -2.9997228e-03  -8.6554485e-04
   6.4953909e-02   7.4914613e-02   7.4261050e-03  -1.1068185e-02  -2.5848861e-03  -4.1198700e-04
   1.2139955e-03   1.7729402e-02  -2.3334009e-01  -8.8082212e-03  -5.2487462e-03  -1.1413927e-04
   2.3647206e-02   6.8887172e-02   3.6366008e-01  -6.5270050e-03  -3.1443905e-03   5.6602572e-04
   2.7354615e-02   1.8177806e-02  -8.0752367e-02  -7.1562470e-03  -3.8092381e-03  -3.0619655e-04
   2.9401152e-02  -2.3958374e-03  -1.2000783e-01  -6.9104610e-03  -2.5315839e-03  -5.7031920e-04
   3.0876638e-02   1.5579518e-03  -7.4764250e-02  -6.1216670e-03  -2.4855611e-03  -6.1121044e-04
   3.2965212e-02  -6.9170802e-03  -7.0384468e-02  -5.9489990e-03  -2.4680575e-03  -7.3120909e-04
   2.9230982e-02   7.5138316e-03  -9.1520333e-02  -6.7879113e-03  -2.3899667e-03  -8.2513100e-04
   2.8845125e-02  -2.1111459e-03  -5.5288023e-02  -5.2969237e-03  -2.6939801e-03  -8.9779389e-04
   4.0775234e-02  -2.1423147e-02  -1.6976481e-01  -6.0605160e-03  -1.8783031e-03  -9.6805140e-04
   3.1758912e-02   4.4345197e-02  -1.6556231e-01  -6.7823216e-03  -3.0883231e-03  -7.2058545e-04
   1.5524317e-02  -5.0695178e-02  -3.9347171e-02  -3.6405948e-03  -2.1297114e-03  -4.8504468e-04
   1.3694925e-02  -2.7045531e-03  -1.5252059e-01  -4.9558240e-03  -3.5816263e-03  -3.6735467e-04
   2.9209305e-02  -2.0243401e-02  -1.5966100e-01  -6.5327381e-03  -3.4603367e-03  -6.0242420e-04
   3.3655923e-02  -1.2214190e-02  -1.6336223e-01  -7.0765092e-03  -3.3843935e-03  -7.5966564e-04
   2.8042378e-02   1.9078495e-02  -1.7022643e-01  -6.7202898e-03  -3.5387185e-03  -7.1065309e-04
   5.6055314e-02  -3.9454236e-02  -1.4646572e-01  -5.9753961e-03  -1.2575809e-03  -1.0075684e-03
  -6.3874752e-03  -3.0356513e-02  -9.6621363e-01  -1.0049616e-02  -5.2514487e-03   2.1463233e-04
   4.0432989e-03  -3.3478503e-02  -8.4770497e-01  -7.1547553e-03  -3.6797276e-03  -5.0963130e-04
   2.8950845e-02  -3.2275316e-03  -9.0482477e-01  -1.7260640e-02  -6.8982799e-03  -2.6883895e-04
  -9.4855631e-03   3.4581837e-02  -3.1081762e-03   8.0355762e-04  -4.3012543e-03   5.8931964e-04
   1.6016938e-02  -2.4196518e-02  -5.3375960e-01  -8.6283488e-03  -3.2084937e-03  -6.1101856e-04
   2.6731845e-02   3.5039354e-02  -1.5462817e-02  -1.6443174e-03  -2.9306152e-03  -1.0443976e-05
   1.1356117e-02   2.7552412e-02  -2.8658929e-01  -6.6329163e-03  -2.5997305e-03   1.2070111e-04
   1.6683434e-02   5.1786090e-03  -3.4388091e-01  -8.3790821e-03  -2.6952216e-03  -3.3882960e-04
   2.0955260e-02   3.4186081e-02  -3.2486594e-01  -7.8938167e-03  -3.2570362e-03  -2.9744275e-04
   2.2107704e-02   1.7340174e-02  -3.0870448e-01  -8.1740110e-03  -3.1266639e-03  -2.8519001e-04
   2.3083694e-02   3.8435010e-02  -2.9180032e-01  -8.3418326e-03  -3.4386605e-03  -4.5472491e-04
   4.8695498e-02   2.3372257e-02   1.5655481e-01  -9.5877461e-03   4.7326239e-04   4.5235549e-04
   1.6095964e-02   2.2111286e-02  -1.5919213e-01  -1.1169986e-03  -4.1455160e-03   6.8514079e-05
   1.9352532e-02   3.6523635e-03  -4.0044319e-01  -6.8416220e-03  -2.1594857e-03  -5.0287872e-04
   1.9732219e-02   6.1776738e-04  -3.6042128e-01  -6.2063178e-03  -2.7305600e-03  -7.6435110e-04
   2.6307264e-02   8.8037914e-03  -3.8311664e-01  -6.0541186e-03  -3.0346151e-03  -7.0537162e-04
   1.9219712e-02   7.8676046e-02   2.7953608e-01  -9.0390453e-03  -3.0523881e-04   2.9121893e-04
   2.4197050e-02   1.2564652e-02  -3.3045265e-01  -3.9907770e-03  -2.9123827e-03   1.0107747e-04
   1.9800062e-02  -1.4215215e-03  -3.4304895e-01  -4.1615316e-03  -1.9539545e-03  -4.2950557e-04
  -2.7760034e-02   1.1001652e-03   1.6721317e-01   6.7729572e-04  -3.7083274e-03   3.9764250e-04
  -1.9793233e-02   3.3212208e-02  -2.0987416e-01  -7.4074610e-03  -2.5612352e-03   2.2707953e-04
  -7.2445450e-03  -4.6000946e-02  -1.7571130e-01  -9.3663246e-03  -9.3740493e-04  -1.1286182e-04
   2.3097312e-03   4.1866753e-03   8.8029964e-03   8.4566131e-04  -2.1686375e-03   3.9775626e-04
   1.0902105e-02  -8.8934159e-03  -3.7378461e-01  -6.1459853e-03  -1.2495053e-03  -1.0694527e-04
   2.5766250e-03   6.3857415e-03  -3.8090643e-01  -6.6644610e-03   1.3190668e-04  -3.0916256e-04
   2.0730123e-02  -1.0480449e-02  -3.8899992e-01  -6.9873813e-03  -1.4338935e-03  -8.2812636e-04
   2.5424675e-02   2.1130707e-02  -4.0199800e-01  -7.6800222e-03  -1.4630108e-03  -8.5233298e-04
   2.8641950e-02   2.7228611e-02  -3.2370424e-01  -8.0303123e-03  -1.3791315e-03  -6.9498422e-04
   2.5676000e-02   2.8830433e-02  -3.3296713e-01  -7.8401932e-03  -1.6396098e-03  -8.4956249e-04
   3.3022990e-02   2.3000981e-02  -3.1611645e-01  -7.5604935e-03  -1.6990710e-03  -9.7509015e-04
   2.8071596e-02   2.6512087e-02  -3.5594139e-01  -8.5088369e-03  -1.5487117e-03  -9.8167380e-04
   4.0772076e-02   2.8394710e-02   2.6003307e-01  -4.6977883e-03  -1.4878952e-03   5.6638953e-04
  -4.1501917e-03   1.9064746e-02  -2.3493910e-01  -4.1563720e-03  -4.4464005e-03   1.2835777e-04
   1.7321438e-02  -8.9193205e-03  -3.0123346e-01  -8.5009779e-03  -2.7310138e-03  -9.1464701e-04
  -9.7171690e-03   1.7248501e-02   4.3678498e-01   5.5974865e-03  -4.5205672e-03   7.5168898e-04
   8.3941036e-03   1.0369168e-02  -2.2129517e-01  -4.6456943e-03  -3.4430723e-03   9.5840801e-05
  -2.3145049e-02   8.5360315e-03   7.0035248e-01   1.0320684e-02  -4.4021191e-03   6.2235133e-04
   1.0818346e-02   6.3439188e-03  -2.7808135e-01  -3.1565971e-03  -2.9144090e-03   1.8582094e-04
   8.9442753e-03   1.1868507e-02  -3.4671249e-01  -5.5179352e-03  -2.8158610e-03  -6.7387747e-05
   1.5220962e-02   2.1379836e-02  -3.3120509e-01  -4.4252289e-03  -2.7227211e-03  -1.3453122e-04
   1.4602789e-02   2.1288883e-02  -3.4560765e-01  -6.0626174e-03  -2.8260082e-03  -1.5911564e-04
   1.3434061e-02   2.1023100e-02  -3.6103369e-01  -6.3837344e-03  -2.9138341e-03  -3.4627884e-04
   2.3418148e-02   1.5712843e-02  -2.9375439e-01  -5.3982413e-03  -2.6060117e-03  -4.8346642e-04
   1.4326608e-02   3.2266327e-02  -3.6438620e-01  -6.0545997e-03  -2.6447170e-03  -3.6936573e-04
   3.2385267e-02   3.5891178e-02  -3.1429745e-01  -5.8951316e-03  -2.8979565e-03  -5.8641336e-04
   3.8832770e-02   1.4979630e-02  -2.5601379e-01  -6.9079011e-03  -3.5695672e-03  -7.9856331e-04
  -5.2036606e-03   2.2187300e-02   2.4570458e-01  -3.2609602e-03  -5.7443855e-04   1.3962669e-04
   3.9140402e-02   1.1537252e-03  -2.5321896e-01  -2.2025783e-03  -2.8513226e-03  -2.5984707e-04
   3.2682158e-02   1.4566278e-01   9.8365781e-02  -1.2855414e-04  -2.1335769e-03  -6.6197868e-05
   2.3040192e-02  -1.6881591e-02  -8.7737019e-01  -8.9666247e-03  -5.9105508e-03  -4.6201446e-04
   9.5044185e-03   2.9813667e-03  -9.0288236e-01  -1.0437560e-02  -5.6285762e-03  -5.1410157e-04
   1.5015672e-02  -8.1916856e-03  -8.5225741e-01  -9.9910086e-03  -5.1944351e-03  -6.8961233e-04
   2.2476633e-02   5.6692721e-03  -7.9090990e-01  -9.6293744e-03  -5.5227857e-03  -8.6472113e-04
   3.7659394e-02   9.5913272e-03  -7.9330542e-01  -1.0118486e-02  -5.2194869e-03  -1.2301594e-03
   3.5111151e-02   1.8955328e-02  -7.6951220e-01  -1.0265323e-02  -5.1881944e-03  -8.5721713e-04
   3.1679936e-02   1.5087923e-02  -7.8235648e-01  -1.0894141e-02  -5.4019612e-03  -9.5747674e-04
   2.9274781e-02   3.3611037e-02  -8.0921361e-01  -1.1209783e-02  -5.4138565e-03  -1.0279804e-03
   2.5258508e-02  -2.8085928e-02  -6.2827057e-01  -8.8951010e-03  -2.0514166e-03   1.8251764e-04
   9.2216814e-03  -2.5937626e-02  -5.4412584e-01  -2.9420761e-03   1.0761478e-03  -1.6257567e-04
   1.6518126e-02  -8.5565010e-03  -6.3811128e-01  -5.9931634e-03  -2.4574274e-04  -7.3046064e-05
   1.6728532e-02  -5.2184703e-02  -5.2628267e-01  -1.1921069e-02  -1.4198733e-03   1.4833444e-03
   3.8708273e-02   1.5135372e-02  -4.9151172e-01  -4.8525986e-03  -3.5555929e-03   9.9517194e-05
   2.3933981e-02  -3.2082824e-03  -5.9793581e-01  -7.0209015e-03  -3.4036994e-03   1.0250185e-04
   4.3485696e-02  -5.0533198e-02  -5.6341730e-01  -9.8988470e-03  -4.5446736e-04  -1.0992213e-03
   2.6565842e-02  -1.2029510e-02  -3.1240950e-01   1.6654904e-03  -4.1239392e-03  -1.5531190e-05
   2.4807276e-02   1.0934693e-02  -6.7370236e-01  -5.9447555e-03  -4.1749033e-03  -5.9538440e-05
   3.4486210e-02   1.3867739e-02  -6.4050991e-01  -6.3324578e-03  -3.5857104e-03  -2.4983605e-04
   3.2311718e-02  -2.0683531e-04  -7.2059454e-01  -7.2729594e-03  -3.1647789e-03  -4.3229193e-04
   3.8945100e-02  -7.4442498e-03  -6.5105590e-01  -6.3120304e-03  -3.0734835e-03  -5.3902078e-04
   2.7456715e-02   2.9517430e-02   3.1148787e-02  -4.7168622e-03  -1.4574617e-03   1.9869721e-03
   2.5751157e-02  -2.2365252e-02  -5.5561303e-01  -1.6555802e-04  -1.4395874e-03   1.7425995e-04
   2.3156584e-02  -4.1911914e-02  -6.3642938e-01  -2.8099168e-03  -1.4322809e-03   5.8374714e-05
  -3.6736808e-03   2.9874082e-02   5.1616872e-01   9.5864111e-03  -1.4967706e-03   3.1616046e-04
   1.7136461e-02   2.2157379e-02  -6.1964004e-01  -5.1607390e-03  -2.7248981e-03   2.0663098e-04
  -5.4136137e-03   2.1978579e-02  -3.8695187e-03   3.6683420e-03  -2.3489780e-03   7.2269538e-04
   1.5913095e-02   3.0754820e-02  -4.9536601e-01  -4.9857263e-03  -2.4240187e-03   2.1669953e-04
   2.2770599e-02   1.7612828e-02  -4.9198915e-01  -5.1561600e-03  -2.5552048e-03  -1.9914131e-04
   2.0747754e-02   1.1705663e-02  -4.7231816e-01  -5.7392535e-03  -2.8065206e-03  -1.7311793e-04
   3.2849628e-02   4.6323438e-03  -2.0478090e-01  -1.1385822e-02  -3.9431931e-04   2.4940311e-04
   4.9950612e-03  -6.8521134e-03  -4.4380944e-01  -1.7967555e-03  -2.0791498e-03   5.9431757e-05
   1.0311247e-02  -1.3823709e-02  -5.2406755e-01  -4.5085151e-03  -1.6821976e-03  -2.2631549e-04
   9.5939624e-04  -2.4587662e-02  -6.1367575e-01  -1.3216694e-02  -2.6455708e-03  -8.4966406e-05
   2.3035470e-02   1.0424071e-02  -4.4350678e-01  -4.4912986e-03  -8.8087922e-04  -3.8361858e-04
   4.0901148e-03  -9.5568729e-04  -4.6142741e-01  -8.1017855e-03   1.9064802e-03   6.2790101e-04
   1.4037822e-02   1.3279956e-02  -4.2665361e-01  -1.9837491e-03  -1.1574107e-03   9.9621620e-05
  -4.2889899e-03   2.7528653e-02  -5.4843758e-01  -4.9573311e-03  -1.3519758e-03   1.9824580e-04
   2.2531455e-02   2.5780482e-02   6.8941425e-03   2.8993138e-04  -2.4955538e-04   8.0121274e-05
   1.4805241e-02  -3.7981186e-02  -5.5870792e-01  -7.3974360e-03  -9.7815619e-04  -6.3056901e-04
   2.3786573e-02  -2.7544625e-03  -2.2172363e-01   3.5636368e-04  -1.8449393e-03   1.6119256e-04
   1.3716489e-02   1.3903664e-02  -3.9887587e-01  -3.1614155e-03  -1.7791102e-03   1.4513616e-04
   2.7393043e-02   1.1834383e-02  -4.2096583e-01  -4.0362778e-03  -1.6462613e-03  -2.4066899e-04
   1.4472013e-02   1.9852682e-02  -4.1455798e-01  -3.7671303e-03  -1.2460836e-03  -1.6284063e-04
   3.6519671e-02   1.2656859e-01  -2.0952290e-01  -2.4846866e-03  -1.0948274e-03  -1.6105162e-04
  -6.5039361e-04  -3.9573135e-03  -7.8565016e-01  -6.8634016e-03  -3.4026637e-03   1.0292938e-04
   7.9030220e-03   2.3671288e-02  -8.3680021e-01  -8.5197474e-03  -2.9190713e-03  -2.5110830e-04
   1.7914324e-02   1.0538780e-02  -7.7433955e-01  -8.6124704e-03  -3.2947111e-03  -2.5030864e-04
   1.4863203e-02  -4.3537530e-03  -8.2445629e-01  -8.9164854e-03  -3.4929375e-03  -5.1970674e-04
  -2.5604653e-02   6.2703489e-02   4.9149289e-01   3.1075749e-03  -1.5484775e-03   1.6582706e-03
  -7.0841226e-05   2.1342097e-02  -6.4399223e-01  -4.1846575e-03  -2.4095026e-03   3.1847531e-04
  -1.0457718e-03  -1.2002003e-02  -6.5725500e-01  -4.3748402e-03  -9.0439323e-04  -1.0901667e-04
   9.8666696e-03  -2.3736546e-02  -6.5863012e-01  -4.4863213e-03  -5.8742476e-04  -4.8587486e-04
  -1.4461612e-02   5.4328549e-03   3.8269443e-03   1.6091097e-03  -8.6579071e-04   4.8188492e-04
   1.1574802e-02   2.3139233e-02  -3.7491250e-01  -4.6821006e-03  -1.6390931e-03   2.0892753e-04
   3.4034567e-02   8.5795058e-03  -2.2976248e-01  -8.2546414e-03   8.7970114e-04   3.6817270e-04
  -9.0475105e-03   4.8027175e-02  -4.3163086e-01  -4.7183244e-03  -1.6631334e-03   6.0931314e-04
   1.1626498e-02   1.3494527e-01   1.3456193e-01  -2.1284959e-03   5.0547641e-04   2.1645371e-04
  -1.1749349e-02   4.8632911e-02  -6.7173049e-01  -7.8911026e-03  -6.8205232e-04   5.7202991e-04
  -7.2330262e-03   3.0798623e-02  -6.3088249e-01  -7.3592045e-03  -1.2722771e-03   8.1758924e-06
   1.8280173e-02   2.8511091e-02  -6.9725009e-01  -8.6426451e-03  -1.2884924e-03  -4.6292782e-04
   2.6715125e-02  -2.4422688e-02  -6.3544300e-01  -7.5416866e-03  -5.8389408e-04  -5.6370133e-04
   1.8487205e-02  -2.5404968e-02  -4.7838901e-01  -8.7412057e-03   2.2219294e-03   2.8986656e-04
   2.9111120e-02  -4.8270577e-03  -4.6464799e-01  -3.6074160e-03  -9.9383528e-04  -1.5872910e-04
   1.2495932e-02   6.2575327e-04  -4.9457705e-01  -4.8400137e-03  -9.5495104e-04   5.4891955e-05
   3.1780313e-02  -9.1980702e-03  -5.1906077e-01  -6.2981467e-03  -6.1282440e-04  -2.8119790e-04
   3.3024534e-02  -6.4379640e-04  -5.4545755e-01  -5.9216345e-03  -6.2923951e-04  -3.7792728e-04
   1.4842013e-02   2.1756331e-02  -5.3988369e-01  -7.0343775e-03  -6.7696892e-04   6.6643033e-05
  -9.9731355e-03   7.3151981e-03   3.0366320e-02   9.1333078e-03  -1.4029259e-04   4.2252024e-04
   1.8445883e-02   2.7573262e-02  -7.2664110e-01  -3.9635510e-03  -1.2856637e-03   1.0885940e-04
   1.5801684e-02   5.9201149e-02  -8.7402434e-02   3.9603107e-04  -3.1224561e-04   3.4766299e-04
  -2.8182373e-03   1.2202422e-02  -6.0072953e-01  -3.4309945e-03  -1.9258898e-03   1.5343339e-04
  -6.8499301e-03   2.0577784e-02  -6.3266279e-01  -5.4986163e-03  -1.7932425e-03   1.3823387e-04
   1.0455116e-03   1.9987189e-02  -6.1909589e-01  -4.3878052e-03  -2.4526236e-03   1.4099178e-04
   5.9481535e-03  -3.7115090e-02  -6.7692625e-01  -6.9330236e-03  -2.1403769e-03  -8.5265177e-04
  -2.4324828e-03   1.0930041e-02  -1.5660460e-01  -6.6478778e-05  -1.0179585e-03  -3.0070126e-06
   7.5005911e-03   1.5009947e-03  -3.5408500e-01  -3.4990800e-03  -7.2894566e-04   8.1654253e-05
   1.4847079e-03   1.6279789e-02  -4.0444289e-01  -5.3813692e-03  -5.4167978e-04  -1.0953930e-04
  -3.7805345e-02   2.4415026e-02   2.7387436e-01   7.7844678e-03  -1.8572743e-03   8.8596055e-04
   1.7068188e-02   2.2237750e-02  -5.7403044e-01  -4.0061361e-03  -1.6307286e-03   5.0727761e-05
  -3.4997212e-02   7.7609835e-03   1.9960401e-01   7.1127708e-03  -2.2831378e-03   7.3619798e-04
   2.8471074e-03   2.6986805e-02  -6.0907687e-01  -6.4933815e-03  -7.8174152e-04   3.3604853e-04
  -2.8493966e-03   1.1904123e-02  -6.9054181e-01  -8.3285699e-03  -1.1879550e-03   1.5625271e-04
  -1.8629597e-04   1.1533974e-02  -6.9970548e-01  -7.8699826e-03  -4.3305009e-04  -2.3767701e-04
   1.8344918e-03   1.8083208e-02  -6.7757575e-01  -7.2334437e-03  -1.0249431e-03  -2.9066088e-04
  -2.3453006e-03   2.9105328e-02  -6.8009270e-01  -7.4619450e-03  -1.4559419e-03  -1.4249106e-04
   5.5176275e-03   3.1452717e-02  -6.8676399e-01  -8.4181358e-03  -1.8048266e-03  -2.6914282e-04
   4.2371081e-03   3.8876721e-02  -7.1429240e-01  -8.7805418e-03  -1.1105928e-03  -2.1946003e-04
   2.6284669e-02   1.3741886e-01  -8.5957176e-02   1.1216601e-03   2.9088984e-04  -6.0365486e-04
   3.2573626e-03  -5.7956943e-03  -1.3685274e+00  -1.1195035e-02  -3.3303236e-03   2.4035068e-04
   1.3418730e-02   2.2981263e-02  -1.3467477e+00  -1.0734289e-02  -1.9152937e-03   1.0530516e-04
  -2.3959064e-03  -6.6100884e-03  -2.9245796e-01   4.5005824e-03  -2.0232511e-03   4.4020803e-04
   2.8783857e-02   7.4444481e-03  -9.4448780e-01  -5.9502679e-03  -1.7875077e-03   7.0537135e-05
   2.9009055e-02   6.5163145e-03  -9.6549716e-01  -6.7721979e-03  -1.2316006e-03  -1.3971645e-04
  -1.7482759e-02  -3.0217009e-02  -1.5903186e-01   6.8132157e-03  -1.9709528e-03   4.9454482e-04
   2.7311199e-02  -1.9869699e-04  -7.8406403e-01  -4.2608806e-03  -1.3629519e-03   1.2216999e-04
   3.2347360e-02  -7.5610984e-03  -8.0160529e-01  -5.0817988e-03  -1.3284196e-03  -3.1508617e-04
   2.9634087e-02  -1.0407874e-03  -7.8213760e-01  -5.5580903e-03  -1.8459244e-03  -3.6389178e-04
   2.1804968e-02   1.5630559e-02  -8.6724420e-01  -6.4285080e-03  -1.5261918e-03  -3.0298163e-04
   1.7473967e-02   2.2455409e-02   2.1978917e-01   6.2387387e-03  -1.0572063e-03   7.3730188e-04
  -1.6330820e-02   1.3253066e-02  -8.8254781e-01  -2.4481313e-03  -3.9838955e-03   8.4528759e-04
   6.5276070e-03   1.1647866e-01  -1.1105365e-02   7.5041858e-04  -1.4995487e-03   6.9245821e-04
  -6.9451028e-03   4.8786436e-02  -7.6110700e-01  -4.3633523e-03  -2.0626470e-03   8.4746565e-04
   3.6018265e-03   4.6043115e-02  -6.8836331e-01  -4.3178438e-03  -1.6052361e-03   5.0857383e-04
   5.4390455e-04   4.0077019e-02  -8.4043622e-01  -5.1901287e-03  -1.5496519e-03   3.8641638e-04
  -1.1150215e-03   3.4863542e-02  -7.6623331e-01  -4.7034100e-03  -1.7784991e-03   1.5020333e-04
   1.8764555e-02   5.6384160e-02  -2.2577571e-01  -3.9832384e-03   1.5546472e-04   6.0368799e-04
   1.2850958e-02   1.4188262e-02  -9.1816478e-01  -3.8932700e-03  -2.0171136e-03   1.9641393e-04
  -1.1206269e-02  -3.9670312e-02  -3.7040885e-01   4.2740156e-03  -1.4429517e-03   5.0064818e-04
  -1.2715478e-03   8.6374397e-03  -7.8245386e-01  -2.9904900e-03  -1.2685566e-03   3.7634305e-04
  -3.3968288e-03   1.0557574e-02  -8.2962517e-01  -4.9902686e-03  -1.1375356e-03   3.6719431e-04
   1.2321054e-02   6.3017156e-03  -8.1607022e-01  -5.1005534e-03  -1.2497538e-03   2.1904415e-04
   3.0093702e-02   1.1385971e-02  -6.1057081e-01  -1.1779766e-02  -1.8592738e-03   1.0821060e-03
   1.0987468e-02  -1.0959677e-03  -7.9335122e-01  -4.6860821e-03  -2.6085587e-03   3.7637397e-04
  -2.7641310e-02   5.8601806e-02   2.0575252e-01   3.0723002e-03  -2.6963692e-03   1.0545751e-03
  -8.0954397e-03   3.1617715e-02  -6.9450589e-01  -4.3629162e-03  -2.5638541e-03   8.0461438e-04
   1.5234210e-02   3.2407389e-02  -8.4952190e-01  -1.2479728e-02  -4.1501885e-03   2.8354807e-04
   5.9055626e-03   1.5313840e-02  -6.2956803e-01  -2.3927659e-04  -4.8811031e-05   4.4780357e-04
  -7.9905578e-03   1.8688550e-02  -7.8065493e-01  -4.2654550e-03  -5.3694723e-04   7.4756376e-04
   4.7506277e-03   2.4822128e-02  -8.2749088e-01  -5.2396797e-03  -4.7751718e-04   3.7878025e-04
  -8.0180045e-02  -1.5816941e-02  -3.2021048e-01   6.4526681e-03  -1.7507768e-03   1.1087118e-03
   2.4270652e-02   2.5122046e-03  -8.1493033e-01  -4.9626681e-03  -2.8879919e-05   3.3827793e-05
   1.9548014e-02   2.0994003e-02  -7.9303107e-01  -5.8394489e-03   2.1339141e-04  -7.3545676e-05
   2.1810264e-02  -2.6185484e-03  -8.5450028e-01  -7.3131661e-03  -4.6216630e-04  -1.1667910e-04
   2.7026674e-02   1.6299253e-02  -8.5282663e-01  -7.4425442e-03  -6.8289424e-05  -1.5485288e-04
   2.1335411e-02   1.7942882e-03  -8.1598441e-01  -6.1165820e-03   1.3562591e-03  -3.3766378e-04
   1.9831226e-02   1.0144106e-01   2.6850825e-02  -3.9488986e-03   1.5156311e-03   1.2986590e-03
  -2.8285633e-03   2.5961172e-02  -8.8505258e-01  -4.2106621e-03   1.2680250e-04   3.8955502e-04
  -3.7827694e-03   9.0442168e-02  -2.2989212e-01  -4.1453136e-03   1.4701492e-03   3.9556946e-04
   8.6376030e-03  -4.4864372e-04  -1.3955026e+00  -8.2729456e-03   2.3543429e-04   4.7429149e-04
   4.7797961e-03   6.4337208e-03  -1.4188743e+00  -8.9649691e-03   5.5990490e-04   2.1064155e-04
  -1.3167094e-02   1.0737287e-01  -2.1218076e-01  -7.8746793e-03   1.7994563e-03   1.1118188e-03
   1.5637577e-02   1.0139409e-02  -8.6396291e-01  -3.7261363e-03   1.0111672e-04   1.6056138e-04
   1.6319049e-02  -2.4456005e-02  -8.7846594e-01  -3.7686410e-03   9.3117114e-04  -8.6729374e-05
   2.5493809e-02  -2.2657390e-02  -9.0961306e-01  -4.2397396e-03   4.1810977e-04  -2.2398298e-04
   3.3902452e-02  -3.5372999e-03  -9.2421683e-01  -5.4916686e-03   1.3770765e-03  -6.6886911e-04
   2.9261235e-02  -8.8175843e-03  -9.1282517e-01  -5.4633559e-03   1.1507722e-03  -4.6454085e-04
   5.7618741e-02   2.4340806e-02  -6.0475192e-01  -8.7580167e-03   1.9783057e-03   4.2618674e-04
   5.4508416e-02   5.5354829e-02  -9.2945818e-01  -4.7323354e-03   2.5660409e-04  -3.2045911e-04
   3.8361669e-02   2.1115785e-02  -1.0299905e+00  -6.7058851e-03   9.9157733e-04  -4.4417422e-04
  -2.1018297e-02   7.2313686e-03  -4.0103959e-02   7.6161744e-03   1.0893773e-03   7.8050381e-04
   7.5173522e-03   3.5484153e-02  -7.8796353e-01  -4.2907595e-03   1.1426551e-03   1.9212694e-04
   1.1331795e-02   2.3502521e-02  -8.3728823e-01  -5.8338914e-03   1.0582995e-03  -5.4974592e-05
   2.0493433e-02   3.7652686e-02  -8.7555282e-01  -5.8639445e-03   1.1560025e-03  -1.0717293e-04
  -2.3094342e-02   2.3184914e-02  -9.4273670e-03   4.9525123e-03   1.1939937e-03   2.8513760e-04
   7.0827361e-03   2.5380348e-02  -8.0416123e-01  -4.0110662e-03   2.9657629e-04   4.1973242e-04
   1.7248195e-02   1.6043492e-02  -8.7235372e-01  -6.1448855e-03   5.3887465e-04   1.0333515e-04
   1.8714822e-02   9.6061183e-03  -8.8166060e-01  -6.2321147e-03   1.0048961e-03  -6.1596692e-05
   2.3012640e-02   1.6581913e-02  -8.8901707e-01  -6.1458095e-03   1.7566879e-03  -2.2279926e-04
   7.0993832e-03   1.2189529e-02  -9.2443970e-01  -6.5385623e-03   1.0315418e-03  -1.3458041e-04
   2.1602711e-02   2.9756232e-02  -9.4995630e-01  -6.7083427e-03   1.1233931e-03  -4.2657502e-04
   1.5932137e-02   2.2786630e-02  -8.2639001e-01  -6.1026188e-03   1.5729818e-03  -6.9495389e-04
  -5.3600038e-03   1.0068745e-01   8.7057921e-02   3.3849608e-03   1.1540356e-03   3.8238300e-04
  -1.0829491e-02   2.1816757e-02  -9.7143652e-01  -4.8648827e-03   9.6275424e-05   8.1875093e-04
   2.2754512e-04   6.4229636e-03  -9.9565188e-01  -6.3401400e-03  -1.2955303e-05   5.3175642e-04
   6.5206704e-03   2.2815271e-02  -1.0126147e+00  -6.7430102e-03   5.5269045e-04   7.1792391e-05
   5.3932796e-03   2.0231664e-02  -1.0429170e+00  -7.4392222e-03  -9.5915675e-05   1.5307628e-04
   3.1524612e-03   1.1647466e-02  -1.0877955e+00  -7.7295262e-03  -8.2328253e-05   5.9852503e-05
   2.2606827e-03   6.4582961e-03  -1.0519603e+00  -6.6027824e-03   5.6285524e-04   1.3301292e-04
   1.0349587e-02   2.7678485e-02  -1.0283924e+00  -7.0939200e-03   2.3584158e-04   1.0039336e-04
   6.3832339e-03   3.8178875e-02  -1.0287807e+00  -7.0330387e-03   5.2366014e-04   3.4711093e-05
   2.5578284e-03   3.5861067e-02  -1.0250031e+00  -7.2093284e-03   1.8567443e-04   2.7158587e-04
   6.5297241e-03   3.5245378e-02  -1.0086296e+00  -7.3266576e-03   4.8512209e-05   4.5035241e-05
   3.8245903e-03   2.5592231e-02  -1.0077700e+00  -6.7297465e-03   3.7000910e-04  -2.2369011e-04
   7.2278144e-03   1.4527258e-02  -1.0326733e+00  -7.3074542e-03   2.6346374e-04  -1.0032932e-04
   1.2591034e-02   2.1779135e-02  -1.0415212e+00  -7.7017685e-03   2.6517619e-04  -1.1182439e-04
   1.6468423e-02   1.8898694e-02  -1.0285190e+00  -7.0724359e-03   9.9165983e-04  -1.8374601e-04
   1.8512605e-02   2.3634275e-02  -1.0750512e+00  -7.2780776e-03   7.8014299e-04  -2.6018777e-04
   1.3726776e-02   1.0280132e-02  -1.0556803e+00  -7.8598020e-03   2.1879006e-03   1.4039668e-05
   3.9286986e-02   6.4013452e-02  -8.5078913e-01  -1.1494691e-02  -3.1388898e-03  -2.3287423e-03
   3.8650526e-02   7.1658118e-02  -9.9093040e-01  -1.0891382e-02  -2.0441117e-03  -4.8912293e-04
   2.8341055e-02   7.8426321e-02  -9.9185977e-01  -1.1167417e-02  -1.6396891e-03  -3.3250661e-04
   3.3645745e-02   5.9679572e-02  -1.0290966e+00  -1.2595125e-02  -1.2069835e-03  -7.6797829e-04
   3.7910515e-02   6.5434522e-02  -9.8794967e-01  -1.1501456e-02  -8.4972330e-04  -9.4165085e-04
   4.7434060e-02   3.8412717e-02  -9.8285119e-01  -1.0791059e-02  -1.1062535e-03  -8.1727425e-04
   4.0954907e-02   5.8317430e-02  -9.7059559e-01  -9.7534769e-03  -6.8976255e-04  -6.1826851e-04
   3.6194967e-02   4.1193746e-02  -9.5114077e-01  -9.5746241e-03   2.6046757e-05  -6.9982890e-04
   3.7354577e-02   3.6561536e-02  -1.0032109e+00  -1.0182352e-02  -1.0718176e-03  -6.7126105e-04
   4.7870778e-02   5.1836871e-02  -1.0471302e+00  -1.0802193e-02  -8.3612168e-04  -7.2841045e-04
   3.2467931e-02   4.5984990e-02  -1.0077838e+00  -9.6705855e-03  -7.9472649e-04  -6.4355008e-04
   4.2476533e-02   3.6713401e-02  -9.9786883e-01  -1.0754043e-02   5.7318210e-04  -1.2188096e-03
   4.9858998e-02   6.8808268e-02  -1.1337169e+00  -1.1919975e-02  -9.6520096e-04  -9.8693423e-04
   1.1831271e-02   6.1407821e-02  -9.8946036e-01  -1.2629838e-02  -1.8589829e-03  -8.0854318e-04
   1.9737238e-02   6.4558222e-02  -9.0104873e-01  -5.5368020e-03  -5.4162075e-04  -3.3162842e-04
   1.2163137e-02   3.2479861e-02  -9.7584443e-01  -7.6501636e-03   6.5591490e-04  -2.6100669e-04
   1.9939019e-02   2.1804899e-02  -9.9388554e-01  -6.9773481e-03   1.1640830e-03  -1.0332431e-03
   2.5481439e-02   3.4920710e-02  -1.0126560e+00  -6.4769200e-03   6.2177285e-04  -6.2382691e-04
   2.3117122e-02   4.2313738e-02  -1.0550324e+00  -7.0036462e-03   5.8014711e-04  -7.7066807e-04
   2.7117786e-02   5.0810765e-02  -1.0894249e+00  -8.2961649e-03   8.8140484e-04  -7.6469394e-04
   3.2481360e-02   2.9700997e-03  -1.0585870e+00   1.0181082e-03   2.3151580e-03  -1.0756957e-03
   3.9888897e-03  -4.2453657e-03  -1.7551984e+00  -9.0963564e-03   1.4162508e-03  -2.9615164e-04
   2.0489389e-02   2.3789800e-02  -1.7320031e+00  -9.7537887e-03   1.5787822e-03  -7.3717722e-04
   3.3954412e-02  -7.6649925e-03  -1.6543548e+00  -1.3662967e-02  -1.5296438e-03  -1.9261513e-03
   9.6437835e-03   3.5384166e-02  -1.7337274e+00  -1.1631862e-02   4.3236611e-03  -3.9608782e-04
   9.4776242e-03   2.7034150e-02  -1.7068478e+00  -1.2673617e-02   4.7742562e-03  -4.5021383e-04
   2.0336890e-02   4.0037902e-03  -1.6189327e+00  -1.0640688e-02   4.4315847e-03  -4.4719702e-04
   3.2841614e-02   1.3639419e-02  -1.6783852e+00  -1.2137127e-02   4.7095096e-03  -5.9633818e-04
  -3.4069256e-02   3.3688083e-02  -7.0936282e-01   2.9573049e-03   2.1198697e-03   1.0500866e-03
  -2.8650563e-02   1.8169991e-02  -1.3663313e+00  -6.2236925e-03   1.4647040e-03   1.1127431e-03
  -1.1870733e-02   7.1511527e-03  -5.6862110e-01   5.9202275e-03  -9.8756918e-04   6.0091533e-04
   1.8857074e-02   2.2809948e-02  -1.3874067e+00  -7.5276288e-03   6.8816330e-04   2.4472044e-04
   2.2900301e-02   2.6878184e-02  -1.3812226e+00  -8.7861850e-03   4.1470226e-04   7.1125127e-05
   1.6629145e-02  -3.0852077e-03  -1.2878513e+00  -1.3078927e-02   1.4120884e-03   9.0942241e-04
  -2.5703204e-02  -9.5882913e-03  -1.3296871e+00  -2.2872922e-03   1.4065961e-03   6.1830275e-05
  -2.1818623e-02  -2.7562765e-03  -1.4134852e+00  -4.6467761e-03   2.2079324e-03  -5.2490691e-05
  -3.1963919e-02   1.8117961e-02  -1.4753671e+00  -6.7192709e-03   2.5066450e-03   8.1970092e-05
  -4.0916399e-02   1.0202555e-01  -1.3417062e+00  -1.3872781e-02   4.6537718e-03   6.4003044e-04
  -8.6942786e-03   2.2167193e-02  -1.3597297e+00  -6.5700294e-03   1.7361849e-03   3.0432501e-04
  -1.4040965e-02  -4.8059252e-03  -3.1351474e-01   7.4298378e-03   1.2159858e-03   4.2211362e-04
   1.1049659e-02   1.3376079e-03  -1.0134227e+00  -8.2862844e-04   2.6454646e-03  -2.8703836e-04
   4.2165134e-03  -9.5884267e-03  -1.0607278e+00  -2.1620883e-03   3.4296208e-03  -4.1493515e-04
   9.6916486e-03  -2.2210403e-02  -1.1266200e+00  -2.6625590e-03   4.3516586e-03  -5.4096253e-04
   1.1505876e-02  -2.5248280e-02  -1.0544863e+00  -2.9408763e-03   4.6072161e-03  -6.1575580e-04
   1.2488061e-02  -1.5077826e-02  -1.0466556e+00  -2.6347493e-03   4.1274873e-03  -9.1929201e-04
   1.4863025e-02  -6.4314634e-04  -1.0878204e+00  -7.4735098e-03   2.3478446e-03  -4.4078471e-04
   2.5636471e-02   2.0657775e-02  -1.1991303e+00  -3.0752606e-03   2.6160244e-03  -1.0676962e-03
   3.3270689e-02  -4.6342170e-03  -1.3128265e+00  -5.5159684e-03   1.9612182e-03  -1.3144664e-03
   2.7678221e-02   1.5075505e-02  -1.3609463e+00  -7.4974277e-03   2.3222118e-03  -1.4975892e-03
   3.5136085e-02   2.9271957e-03  -1.3793325e+00  -7.9103052e-03   1.5962309e-03  -1.5781785e-03
   2.5833757e-02   1.4803579e-02  -1.2969908e+00  -5.8136467e-03   1.5461917e-03  -1.5723078e-03
   2.2940973e-02   2.3031562e-02  -1.3983630e+00  -7.6771306e-03   1.7001075e-03  -1.2114734e-03
   4.4192291e-02   7.2939298e-03  -1.3056861e+00  -1.1325206e-02   2.8424153e-03  -5.4663165e-04
   1.7050964e-02   1.7880273e-02  -1.2976236e+00  -3.4194476e-03   2.5733440e-03  -1.3446004e-04
   2.1278966e-02  -9.1220073e-03  -1.3483898e+00  -4.0445020e-03   2.6935478e-03  -4.5577322e-04
   4.4962683e-02   1.4372057e-02  -1.4021030e+00  -5.3116784e-03   2.5099093e-03  -1.6759859e-03
   3.0061998e-02   1.2304707e-02  -1.5398150e+00  -5.6631187e-03   2.6236583e-03  -1.3948384e-03
   2.5919822e-02   1.6592682e-02  -1.5217984e+00  -6.8186444e-03   3.2201235e-03  -1.3684892e-03
   1.9022615e-02   1.3014985e-02  -1.5192870e+00  -6.3903273e-03   3.2945175e-03  -1.3673844e-03
   3.2351141e-02   2.2748552e-02  -1.4397878e+00  -5.7245660e-03   2.4062817e-03  -1.6701287e-03
   2.8450955e-02   1.4370992e-02  -1.4696084e+00  -6.6569431e-03   2.6184960e-03  -1.6032763e-03
   1.9245537e-02   3.5451702e-02  -1.4739384e+00  -6.6686945e-03   2.7724386e-03  -1.4918371e-03
   3.1400594e-02   1.5337290e-02  -1.4884956e+00  -6.8061878e-03   2.9568283e-03  -1.6147137e-03
   1.8349732e-02   2.9380494e-02  -1.5160380e+00  -6.9606244e-03   3.2828551e-03  -1.6552127e-03
   7.1400085e-03   2.3253786e-02  -1.5516709e+00  -8.1844236e-03   3.1498763e-03  -1.5557304e-03
   8.1023411e-03   8.8961665e-03  -1.1640922e+00  -1.4197100e-03   3.1627841e-03  -1.1696168e-03
   7.7140770e-03   2.3702412e-02  -1.5826493e+00  -8.2481528e-03   4.1874470e-03  -1.4510477e-03
   5.7668124e-02  -9.3584478e-03  -1.1976568e+00  -7.9726089e-03   5.3390968e-03  -7.2305549e-04
   1.5306750e-02  -3.3570015e-03  -1.4962043e+00  -4.3050652e-03   2.6529832e-03  -3.6780721e-04
   4.2704312e-02   1.0445866e-01  -1.0187156e+00  -1.6138714e-03   2.6752183e-03  -5.3986628e-04
  -1.2426221e-02   2.1262204e-02  -1.6185139e+00  -7.7569324e-03   3.3827537e-04  -4.2905362e-06
   8.7372936e-02   1.2897937e-01  -1.7119506e+00  -1.6669097e-02  -1.4441350e-03  -6.5001995e-03
   1.4853720e-01   1.2760827e-01  -1.8348563e+00  -2.8983719e-02  -4.4714987e-03  -4.4487269e-03
   1.6179653e-01   2.5926888e-01  -1.1297695e+00  -1.9294081e-02  -5.4072646e-04  -1.8351829e-03
  -1.3588962e-02   9.0305610e-02  -8.8504995e-01  -1.0103485e-02   4.0593437e-03  -2.3806083e-04
   3.2180052e-02   1.3334808e-01  -9.2446271e-01  -1.3494668e-02  -1.1886093e-03  -5.2756633e-04
   3.5463672e-02   1.0444870e-01  -9.3453446e-01  -1.2672482e-02  -3.3190802e-04  -6.6823574e-04
   2.9232002e-02   1.0674416e-01  -9.1752221e-01  -1.3128076e-02  -5.6003870e-06  -5.0000189e-04
   3.5124298e-02   8.3380996e-02  -9.0576524e-01  -1.1769566e-02  -1.2500695e-03  -7.8401732e-04
   2.6187985e-02   9.2673322e-02  -9.4115372e-01  -1.2594701e-02  -7.2816272e-04  -6.4132905e-04
   2.7876395e-02   7.4067746e-02  -9.0640969e-01  -1.1041762e-02  -1.2369603e-04  -6.6240242e-04
   6.7055370e-02   6.9463151e-02  -7.6121216e-01  -7.5317788e-03  -1.9548960e-03  -1.1765130e-03
   5.3294845e-02   8.6487605e-02  -6.5690223e-01  -4.8873063e-03   2.0447203e-04  -2.1147706e-03
   6.5609345e-02   5.3134768e-02  -1.2469326e+00  -1.0486735e-02   2.8600137e-03  -1.9345492e-03
   4.4618853e-02   6.4184356e-02  -1.3012505e+00  -1.1287008e-02   2.7462307e-03  -1.6387817e-03
   4.6336352e-02   4.1762246e-02  -1.3112306e+00  -1.2203584e-02   2.9837390e-03  -1.9367950e-03
   4.4316696e-02   5.5035214e-02  -1.2697424e+00  -1.1006442e-02   2.7827401e-03  -1.6539747e-03
   4.9587102e-02   5.2474273e-02  -1.2566426e+00  -1.1595356e-02   2.7902597e-03  -1.8215485e-03
   6.7096752e-02   6.0298000e-02  -1.2242296e+00  -1.0548465e-02   2.2961840e-03  -1.9166727e-03
   6.7983672e-02   5.3457273e-02  -1.2407207e+00  -1.2824472e-02   2.5469705e-03  -2.1264834e-03
   5.2259112e-02   2.3780251e-02  -1.2415795e+00  -4.8551356e-03   2.9970949e-03  -8.7760462e-04
   6.5232975e-02   5.9679684e-02  -1.3294706e+00  -8.1523071e-03   3.6692404e-03  -9.9669655e-04
   6.9008959e-02   4.2766145e-02  -1.3665635e+00  -8.7878553e-03   3.6913101e-03  -1.1644290e-03
   6.0404649e-02   3.5480112e-02  -1.3674379e+00  -8.8470214e-03   3.8983902e-03  -1.1594434e-03
   5.9767684e-02   3.4796880e-02  -1.3791973e+00  -9.7322152e-03   3.4560528e-03  -1.1357390e-03
   4.3320466e-02   5.0234496e-02  -1.4342974e+00  -9.2859600e-03   2.7149504e-03  -1.0323268e-03
  -6.4568868e-04   2.8197712e-02  -8.0925102e-01   1.1516951e-03   2.9030813e-03  -1.6294736e-04
   2.9254010e-02   4.0797529e-02  -1.3293658e+00  -6.6010011e-03   3.3313626e-03  -5.5821378e-04
   2.7337511e-02   2.4516492e-02  -1.4136994e+00  -1.4290791e-02   1.9217405e-03  -1.7598580e-03
   3.5532533e-02   2.6164924e-02  -1.4356842e+00  -8.7421187e-03   2.7238629e-03  -1.0996976e-03
   2.9344721e-02   2.4338046e-02  -1.4131036e+00  -9.3664887e-03   3.0249681e-03  -8.3177717e-04
   3.6319323e-02   3.3827774e-02  -1.4501951e+00  -9.6701252e-03   3.3105762e-03  -1.0643106e-03
   3.5209775e-02   1.4253101e-02  -1.4295848e+00  -8.1071335e-03   2.3542016e-03  -1.1464840e-03
   4.2444961e-02   2.8372626e-02  -1.5928724e+00  -9.2516694e-03   2.9381020e-03  -1.2302795e-03
   5.4360725e-02   2.2988809e-02  -1.5767980e+00  -1.0065603e-02   2.6203919e-03  -1.1841355e-03
   5.0936779e-02   4.2905959e-02  -1.5676175e+00  -1.1026859e-02   2.2993415e-03  -1.1684891e-03
   5.2804390e-02   3.7222346e-02  -1.5669524e+00  -1.0812050e-02   2.2230802e-03  -1.1909755e-03
   4.7329885e-02   3.1228578e-02  -1.5284192e+00  -1.0296495e-02   2.6990854e-03  -1.2074060e-03
   5.6696409e-02   2.7517447e-02  -1.5031464e+00  -9.7520959e-03   3.1109341e-03  -1.4546307e-03
   4.8016592e-02   3.5699442e-02  -1.5151411e+00  -1.0074676e-02   2.6333306e-03  -1.3810815e-03
   4.1737104e-02   4.0600533e-02  -1.5417872e+00  -1.0380198e-02   2.8598636e-03  -1.4899604e-03
   4.3982895e-02   1.5782131e-03  -1.4188703e+00  -1.0774354e-02   4.8183717e-03  -1.0522812e-03
   1.8226442e-02   4.5540708e-02  -1.5233228e+00  -8.2250721e-03   4.7484503e-03  -8.1789384e-04
   3.7891108e-02  -2.1359832e-02  -1.3027101e+00  -8.6753185e-03   5.3122659e-03  -6.2796401e-04
   4.4517168e-02   2.0736717e-02  -1.3601279e+00  -5.2600798e-03   5.3936482e-03  -9.5407705e-04
   6.9923694e-02   5.7821499e-02  -1.0531583e+00  -6.4299870e-03   6.2515708e-03  -1.2423206e-03
   8.8446230e-02   7.8318878e-03  -1.2794462e+00  -5.5265548e-03   6.3697565e-03  -1.9715539e-03
   1.1703898e-01   7.9278806e-02  -1.4846320e+00  -1.3779125e-02   6.5814949e-04  -2.7000071e-03
   1.1176275e-01   1.1508021e-01  -1.5279810e+00  -1.5074148e-02   1.5068735e-03  -2.7568372e-03
   4.4350113e-02   1.3184940e-01  -1.4750490e+00  -9.9955445e-03   2.0479815e-03  -1.4370466e-03
  -1.3132571e-02   5.9144075e-02  -1.3016512e+00  -7.6069802e-03   5.6556415e-03  -5.6317114e-04
   3.2461341e-02   1.0353850e-01  -1.3615149e+00  -7.4267472e-03   2.5310906e-03  -2.9642054e-04
   4.6591836e-03   4.4628351e-02  -1.6864372e+00  -9.5086764e-03   2.7170589e-03  -1.4625603e-04
   1.7950928e-02   5.9829929e-02  -1.7715965e+00  -1.5744748e-02   2.1770711e-03  -5.4279905e-04
   1.7960807e-02   6.5381482e-02  -1.4823158e+00  -7.8304734e-03   2.7569282e-03   2.7157973e-04
   3.1974921e-02   5.1623542e-02  -1.4881031e+00  -8.1009170e-03   2.2762169e-03  -3.8988015e-04
   4.6667959e-02   1.9792785e-02  -1.5242488e+00  -1.0165393e-02   3.5288855e-03  -2.4676479e-04
   1.9946118e-02   2.0256794e-02  -1.3932302e+00  -4.8559228e-03   3.0829066e-03   2.0667273e-04
   4.7508607e-02   1.3579228e-01  -1.5548197e+00  -1.5864572e-02  -4.3165712e-04  -2.5504355e-03
   4.2464021e-02   1.2681068e-01  -1.5870281e+00  -1.7456766e-02  -6.2743756e-04  -1.8417041e-03
   4.6041668e-02   1.2372563e-01  -1.5912103e+00  -1.6758666e-02   2.7422902e-04  -1.6384958e-03
   4.4898547e-02   9.4308956e-02  -1.5902723e+00  -1.6482078e-02   9.0595077e-04  -1.6737948e-03
   4.5292704e-02   8.5854149e-02  -1.5770896e+00  -1.5869175e-02   1.0635397e-03  -1.6408817e-03
   4.4864643e-02   9.4596560e-02  -1.5747102e+00  -1.5839386e-02   9.8620631e-04  -1.5957353e-03
   4.5699426e-02   7.3664129e-02  -1.5457634e+00  -1.4202884e-02   2.7030613e-03  -1.7814714e-03
   3.7944212e-02   9.0510288e-02  -1.5497061e+00  -1.5257025e-02   1.3689417e-03  -1.6938359e-03
   4.8297496e-02   8.5079120e-02  -1.5398832e+00  -1.4919041e-02   1.4492547e-03  -1.7809489e-03
   3.8472199e-02   1.1999265e-01  -1.5312290e+00  -1.4386190e-02   1.0503076e-03  -1.6379535e-03
   4.4796048e-02   8.5093985e-02  -1.5676881e+00  -1.4716253e-02   4.3452192e-04  -1.6181354e-03
   1.0385706e-01   2.0971749e-01  -1.6495720e+00  -2.0245933e-02  -1.8952917e-03  -3.5161894e-03
   6.8335416e-02   1.1795140e-01  -1.6201761e+00  -2.1111399e-02  -1.4506382e-03  -2.2572425e-03
   5.1869808e-02   1.3305534e-01  -1.3824163e+00  -1.1994228e-02   2.3974345e-03  -8.8543180e-04
   5.0411791e-02   8.2917223e-02  -1.3950220e+00  -1.1835767e-02   2.5760934e-03  -7.5813932e-04
  -2.2472473e-02   8.7827863e-02  -6.2896477e-01   4.7514029e-03   4.1655613e-03   8.3834660e-04
   4.0558941e-02   6.5388432e-02  -1.4979090e+00  -7.2884841e-03   4.1999076e-03   2.2769722e-04
   5.2546301e-02   5.6263462e-02  -1.4975604e+00  -8.3293253e-03   4.6252820e-03  -1.7036513e-04
   6.1052108e-02   4.4661596e-02  -1.5353790e+00  -1.3012676e-02   4.4365666e-03  -6.2435418e-04
   5.2109689e-02   6.2702597e-02  -1.2837758e+00  -2.4943778e-03   2.5047343e-03  -4.1025242e-04
   3.8999081e-02   4.7640623e-02  -1.5094324e+00  -6.9130671e-03   3.5600230e-03  -7.5784042e-04
   5.3742652e-02   6.1673703e-02  -1.4724651e+00  -8.3763537e-03   3.1818318e-03  -1.0232460e-03
   5.3352248e-02   7.1686119e-02  -1.5173057e+00  -1.2386283e-02   3.4416200e-03  -7.7677408e-04
   4.6187152e-02   3.8851536e-02  -1.4817042e+00  -8.0729628e-03   3.7101427e-03  -6.9663468e-04
   4.1161804e-02   4.6923922e-02  -1.4842208e+00  -8.8775791e-03   4.1996560e-03  -7.0017543e-04
   3.6446911e-02   6.0104053e-02  -1.4945852e+00  -9.1141932e-03   4.3711225e-03  -6.8069343e-04
   4.3512659e-02   3.6587602e-02  -1.5343145e+00  -9.6956521e-03   4.2424273e-03  -1.4303067e-03
   4.5299871e-02   3.9350602e-02  -1.5264520e+00  -5.1016546e-03   3.4959209e-03  -9.4476242e-04
   2.3444037e-02   6.5518952e-02  -1.6198159e+00  -1.3712689e-02   7.6273190e-03  -3.4855991e-03
   4.3934084e-02   5.7285311e-02  -1.6540528e+00  -8.7816611e-03   2.6490183e-03  -8.2599277e-04
   4.5222056e-02   5.1232629e-02  -1.6780383e+00  -9.1344761e-03   2.6619976e-03  -8.9955374e-04
   4.6975228e-02   3.1936545e-02  -1.6305725e+00  -8.2397462e-03   2.9044550e-03  -9.3959183e-04
   9.7777227e-03   1.0578457e-01  -1.6524743e+00  -1.3446485e-02   5.8930578e-03  -1.9781638e-03
   4.2632876e-02   6.7960241e-02  -1.6541392e+00  -9.1489703e-03   3.2307439e-03  -9.6554737e-04
   3.5479685e-02   5.5093329e-02  -1.6439437e+00  -9.5787701e-03   3.6632836e-03  -1.2653415e-03
   1.0436812e-01   1.1679221e-01  -1.6074097e+00  -1.6391692e-02   8.1831381e-04  -3.2215546e-03
   9.6684837e-02   1.3284494e-01  -1.6256460e+00  -1.7272489e-02   2.5852085e-03  -2.4561947e-03
   2.8623428e-02   1.0150778e-01  -8.6241152e-01  -2.9163059e-03   2.7257007e-03  -4.7967569e-04
   5.9724866e-02   8.9442554e-02  -1.4052612e+00  -1.0114130e-02   3.3540585e-03  -5.5629850e-04
   5.8963863e-02   8.6035448e-02  -1.4267555e+00  -1.0057935e-02   3.5608775e-03  -7.6590475e-04
   5.7487877e-02   7.4272769e-02  -1.4799532e+00  -1.0641397e-02   3.3762171e-03  -1.0340549e-03
   6.5190030e-02   4.6572785e-02  -1.4984378e+00  -8.6661141e-03   3.9947511e-03  -1.0777920e-03
   5.8455887e-02   6.0241343e-02  -1.4657916e+00  -9.0931461e-03   3.7577706e-03  -9.7531732e-04
   5.4888001e-02   6.7313457e-02  -1.4545639e+00  -8.9774456e-03   3.7403523e-03  -7.5069736e-04
   4.8370838e-02   8.7701108e-02  -1.4797298e+00  -1.0266525e-02   3.8468284e-03  -9.4470361e-04
   5.2467996e-02   6.0757309e-02  -1.5233149e+00  -9.2819114e-03   3.1827749e-03  -1.0286799e-03
   4.8722990e-02   6.4660890e-02  -1.5273285e+00  -1.0818389e-02   3.5094275e-03  -8.9049946e-04
   1.0179549e-01   1.5773562e-01  -1.5012353e+00  -1.7140163e-02  -1.9743589e-03  -2.3855782e-03
   9.1595625e-02   8.2625710e-02  -1.4177156e+00  -1.4390433e-02   2.5150759e-03  -1.4540710e-03
   4.1697620e-02   8.8688642e-02  -1.6378073e+00  -1.1999187e-02   5.1817732e-03  -7.9688272e-05
   3.3136967e-02   5.3603460e-02  -1.5669745e+00  -1.0360017e-02   5.5379502e-03  -3.7774811e-04
   4.6676097e-02   6.4318074e-02  -1.5439586e+00  -1.0353167e-02   6.7237574e-03  -8.7339450e-04
   7.3970184e-02   1.2469526e-01  -1.5597429e+00  -1.2317254e-02   2.6272880e-03  -1.2875966e-03
   4.5775050e-02   6.7035855e-02  -1.5661151e+00  -1.2051369e-02   3.7670577e-03  -7.2603219e-04
   5.7136540e-02   6.5858294e-02  -1.5568818e+00  -1.1592629e-02   3.6453517e-03  -1.1544460e-03
   4.3470097e-02   7.8030494e-02  -1.5408012e+00  -1.1357260e-02   4.1604504e-03  -1.3542160e-03
   5.8286516e-02   5.3836686e-02  -1.5754636e+00  -1.2031556e-02   4.0673202e-03  -1.2715609e-03
   4.8608505e-02   8.7489716e-02  -1.5820133e+00  -1.2908189e-02   4.5166086e-03  -1.0390408e-03
   5.1095461e-02   7.1173085e-02  -1.5595970e+00  -1.2118429e-02   4.2642401e-03  -1.3035729e-03
   3.4603418e-02   1.0227887e-01  -1.5390296e+00  -1.2452722e-02   3.6190605e-03  -8.5429795e-04
   5.1544640e-02   7.6908288e-02  -1.6157019e+00  -1.1923405e-02   3.7742521e-03  -1.1543576e-03
   3.2525960e-02   8.9757214e-02  -1.6006927e+00  -1.3766564e-02   3.1953331e-03  -8.2587521e-04
   5.1591753e-02   6.8124474e-02  -1.2485091e+00  -6.6147527e-03   3.3989020e-03  -1.1453340e-03
   4.6543042e-02   4.8041806e-02  -1.7884017e+00  -9.6223263e-03   5.0145600e-03  -1.2152469e-03
   6.1897514e-02   6.6805843e-02  -1.8217264e+00  -1.1349351e-02   5.5024330e-03  -1.2944307e-03
   5.8547465e-02   7.0945167e-02  -1.8560165e+00  -1.2485984e-02   6.5634792e-03  -1.5115752e-03
   4.9222448e-02   7.0899295e-02  -1.9192750e+00  -1.3596672e-02   5.7116365e-03  -1.2188806e-03
   3.6126757e-02   7.3080031e-02  -1.8907689e+00  -1.3404548e-02   4.9012784e-03  -1.0501719e-03
   2.7743584e-02   5.1568583e-02  -1.8709855e+00  -1.3428638e-02   5.4255549e-03  -1.9207778e-04
   5.4735589e-02   6.8619842e-02  -1.7646780e+00  -7.6047141e-03   3.7084924e-03  -4.8374924e-04
   7.0345665e-02   4.7101054e-02  -1.9135833e+00  -1.1195403e-02   3.1686445e-03  -5.9360157e-04
   9.9282848e-02   1.1831092e-01  -1.8773601e+00  -1.6749733e-02   1.6014253e-03  -2.5213934e-03
   7.6025199e-02   1.0957369e-01  -1.8399851e+00  -1.5372174e-02   1.9868297e-03  -1.8094039e-03
  -3.0411769e-03   8.1163058e-02  -7.7418499e-01   3.8084130e-03   2.3708289e-03   7.8663649e-05
   5.3602436e-02   6.6054502e-02  -1.6672433e+00  -8.5832259e-03   1.4737686e-03  -7.7343199e-04
   6.4639299e-02   4.1541574e-02  -1.6606530e+00  -9.3486210e-03   2.6562798e-03  -1.3054268e-03
   6.2798351e-02   4.6349551e-02  -1.6533443e+00  -7.5172304e-03   2.8621512e-03  -1.1316130e-03
   6.3015872e-02   5.6889472e-02  -1.7241814e+00  -8.2634857e-03   2.5614585e-03  -1.1174046e-03
   3.0147652e-02   9.8298170e-02  -1.3590882e+00  -5.2447833e-03   3.5929988e-03  -9.4730799e-05
   3.1609594e-02   5.2081719e-02  -1.7928371e+00  -6.7317861e-03   3.4457834e-03  -5.7572767e-04
   3.7260599e-02   5.0442175e-02  -1.7734505e+00  -7.6678209e-03   2.4781146e-03  -7.1330915e-04
   4.3456770e-02   6.9535375e-02  -1.7997311e+00  -8.6448166e-03   2.4500119e-03  -7.6658927e-04
   4.6070903e-02   6.9179314e-02  -1.7608997e+00  -8.9341106e-03   2.1691912e-03  -9.5923040e-04
   5.4346363e-02   5.3416143e-02  -1.7541297e+00  -8.3740559e-03   1.8624629e-03  -8.2028414e-04
   6.0074431e-02   5.6789871e-02  -1.7599820e+00  -8.0283671e-03   2.0568273e-03  -1.2333369e-03
   5.6123776e-02   5.6095044e-02  -1.7754121e+00  -8.1866998e-03   1.9790708e-03  -9.4828277e-04
   5.5871475e-02   5.9580196e-02  -1.7679521e+00  -8.5440365e-03   2.1799172e-03  -8.5771038e-04
   6.3558137e-02   6.5946196e-02  -1.7788836e+00  -8.8189862e-03   1.8498806e-03  -1.0567190e-03
   6.0016060e-02   6.2192546e-02  -1.7908323e+00  -8.8831459e-03   2.2598642e-03  -9.4800042e-04
   6.2248121e-02   7.1483320e-02  -1.8003867e+00  -9.4844282e-03   2.4319986e-03  -1.1946645e-03
   7.0488385e-02   6.3930698e-02  -1.8031495e+00  -1.0217259e-02   1.8544726e-03  -1.2583414e-03
   7.4932881e-02   6.1952406e-02  -1.8067167e+00  -1.0080656e-02   2.6581003e-03  -1.5510154e-03
   9.1414842e-02   1.0221075e-01  -1.7353019e+00  -1.5757983e-02   2.9548091e-03  -1.7972480e-03
   3.6376402e-02   6.9237848e-02  -1.7479587e+00  -1.0987591e-02   4.5950879e-03  -8.2554981e-04
   4.5083413e-02   6.0253284e-02  -1.7726744e+00  -1.1766159e-02   4.9045666e-03  -9.1077887e-04
   5.6335792e-03   2.2085228e-02  -1.0855545e+00   2.0314855e-03   5.6060597e-03   1.7775854e-04
   5.4643591e-02   6.7611299e-02  -1.7426197e+00  -8.1833784e-03   4.3899733e-03  -5.8762995e-04
   6.7055858e-02   3.7926140e-02  -1.8184532e+00  -1.5591410e-02   4.9477811e-03  -1.3975365e-03
   6.8331488e-02   3.2651352e-02  -1.1632935e+00   2.3737281e-03   4.3729063e-03  -4.0504371e-04
   9.8057932e-02   3.2901103e-02  -1.5634316e+00  -4.0659584e-03   5.6332558e-03  -1.0743763e-03
   1.1026968e-01   1.3780832e-02  -1.5317672e+00  -4.5281268e-03   6.1069197e-03  -1.5314515e-03
   7.7494237e-02   9.7792173e-02  -1.1364419e+00  -3.8710975e-03   6.2668767e-03  -1.3034912e-03
   4.7366548e-02   4.7203808e-02  -1.7474418e+00  -6.4206533e-03   5.8280951e-03  -1.1861764e-03
   4.8274635e-02   5.3487009e-02  -1.7588562e+00  -1.0586373e-02   5.5572436e-03  -1.5456401e-03
   2.5845570e-02   3.4360594e-02  -1.5189211e+00  -1.2155326e-03   4.3920845e-03  -4.7456885e-04
   3.8454895e-02   2.1357747e-02  -1.6449652e+00  -4.7413681e-03   5.1219799e-03  -8.5275278e-04
   3.6658621e-02   4.2383755e-02  -1.6257122e+00  -5.8982266e-03   5.2851224e-03  -8.1637035e-04
   4.0194250e-02   5.8911355e-02  -1.4412773e+00  -5.3851175e-03   6.1152181e-03  -6.3018752e-04
   3.6866186e-02   5.3656731e-02  -1.6150461e+00  -4.9283787e-03   5.0079941e-03  -6.6858519e-04
   3.2591130e-02   3.4533223e-02  -1.7130240e+00  -6.9548713e-03   4.6866545e-03  -9.0344345e-04
   5.1480857e-02   3.8844231e-02  -1.7007057e+00  -7.4307513e-03   4.5112334e-03  -1.1233108e-03
   3.8468562e-02   4.2310109e-02  -1.6478161e+00  -5.0546665e-03   5.1813508e-03  -1.1687234e-03
   4.6223910e-02   2.9318707e-02  -1.6886047e+00  -6.9789753e-03   5.2260210e-03  -1.2699434e-03
   4.1158891e-02   3.1607559e-02  -1.6621804e+00  -6.5264866e-03   5.1065764e-03  -1.3456200e-03
   3.6576378e-02   5.3316750e-02  -1.7259875e+00  -7.2753812e-03   4.9150131e-03  -1.0668061e-03
   5.2620934e-02   5.5503134e-02  -1.7172539e+00  -7.4004775e-03   5.5354074e-03  -1.6281231e-03
   4.3058159e-02   4.4650914e-02  -1.6982325e+00  -7.0632499e-03   4.9979919e-03  -1.5248875e-03
   7.1493273e-02   1.0789511e-01  -1.6969457e+00  -9.4567120e-03   3.4823553e-03  -1.4863347e-03
   8.9534524e-02   1.3664769e-01  -1.4044544e+00  -1.1291832e-02   2.7419281e-03  -2.5789335e-03
   7.0496345e-02   1.3049869e-01  -1.5593860e+00  -1.4448847e-02   4.5041130e-03  -2.0831029e-03
   5.2186673e-02   8.9106305e-02  -1.5201076e+00  -1.3160224e-02   4.5429387e-03  -9.3976325e-04
   5.3471959e-02   1.5816627e-02  -1.7454173e+00  -8.9492924e-03   3.7048849e-03  -9.7128654e-04
   3.8036649e-02   2.9679549e-02  -1.7286735e+00  -9.0630176e-03   4.6620980e-03  -1.0192267e-03
   4.9482947e-02   3.4136831e-02  -1.8280568e+00  -9.5902563e-03   4.3233669e-03  -1.0046950e-03
   6.0720507e-02   3.0995168e-02  -1.8849296e+00  -9.2666623e-03   4.7122395e-03  -1.2722561e-03
   4.4547962e-02   8.8353026e-02  -1.4328469e+00  -5.0369704e-03   7.2884083e-03  -7.0406748e-04
   6.5546382e-02   5.5414030e-02  -1.7466947e+00  -7.5010529e-03   6.0008849e-03  -6.7723732e-04
   5.8134411e-02   5.8068650e-02  -1.7168848e+00  -7.9612239e-03   5.7760151e-03  -7.2880606e-04
   6.3560605e-02   5.7427703e-02  -1.7918450e+00  -8.8891966e-03   5.3783440e-03  -8.7428290e-04
   1.0443258e-01   1.5086460e-01  -1.7722109e+00  -1.5500158e-02   1.3492864e-03  -2.5825305e-03
   7.5988289e-02   1.2843502e-01  -1.7613134e+00  -1.4690068e-02   2.3141611e-03  -1.8626309e-03
   8.5292487e-02   1.1437675e-01  -1.7755028e+00  -1.6146539e-02   2.9271544e-03  -2.0117389e-03
   1.7142486e-02   4.9675867e-02  -1.4113395e+00  -4.3318657e-04   3.6760908e-03  -2.4642619e-04
   4.2505823e-02   5.5348436e-02  -1.7721794e+00  -1.1060690e-02   4.2418945e-03  -5.5763100e-04
   6.4809021e-02   7.5540757e-02  -1.7061076e+00  -7.4865044e-03   3.8989462e-03  -4.4111359e-04
   6.5735619e-02   6.1379263e-02  -1.7654729e+00  -7.9191456e-03   3.9874879e-03  -9.0043241e-04
   2.9556118e-02   1.2129439e-01  -1.1065046e+00  -1.6977834e-03   5.2006097e-03   6.4053940e-05
   4.4283743e-02   7.3810855e-02  -1.7079582e+00  -5.7378516e-03   3.8150668e-03   1.2613540e-04
   6.2540465e-02   5.1816031e-02  -1.7448459e+00  -6.4371104e-03   4.2761718e-03  -9.5407027e-04
   2.2809372e-03   2.1108587e-02  -1.3579090e+00   3.1067507e-04   3.5802857e-03   6.1460422e-04
   2.5952500e-02   6.2662483e-02  -1.6978232e+00  -6.2922045e-03   3.5963814e-03   7.1427412e-06
   7.0236692e-02   1.1539046e-01  -1.8425177e+00  -1.8488844e-02   1.3908942e-03  -1.3218970e-03
   2.3130454e-02   9.7822614e-02  -1.4539531e+00  -5.4293017e-03   8.1253350e-04   1.7777837e-04
   2.4768640e-02   7.7127031e-02  -1.5727624e+00  -8.1520640e-03   1.9741182e-03  -9.6919237e-06
   3.2897219e-02   6.1168230e-02  -1.5716955e+00  -7.8147185e-03   2.0732491e-03  -5.5199693e-06
   3.5325845e-02   9.1046166e-02  -1.5679929e+00  -7.9852207e-03   1.5158998e-03  -2.2840068e-04
   3.4438069e-02   6.8806088e-02  -1.5294370e+00  -6.2140242e-03   2.3765987e-03  -3.6292944e-04
   3.2967889e-02   6.5748518e-02  -1.5753491e+00  -7.9237218e-03   2.7813164e-03  -5.5009038e-04
   5.6217365e-02   6.2706758e-02  -1.6333538e+00  -1.2095058e-02   3.7546628e-03  -1.8156083e-03
   2.8282877e-02   1.0271821e-01  -1.7248688e+00  -5.3155063e-03   4.4455844e-03   7.2297651e-05
   3.1701203e-02   5.8717250e-02  -1.7759903e+00  -6.4110584e-03   4.7551356e-03  -8.7247637e-05
   4.2999664e-02   9.6661639e-02  -1.4983812e+00  -4.9456781e-03   4.7612660e-03  -1.1002311e-03
   6.6313669e-02   1.5333153e-01  -1.9147223e+00  -1.5487402e-02   5.7824387e-04  -2.3267206e-03
   5.1776555e-02   1.5010546e-01  -1.7257825e+00  -1.2182376e-02   2.0679589e-03  -1.5845199e-03
   3.7835389e-02   9.9481094e-02  -1.6481968e+00  -1.0298628e-02   2.8466339e-03  -1.0844574e-03
   2.7418301e-02   8.3658131e-02  -1.7451654e+00  -1.0219085e-02   3.1681641e-03  -1.2358303e-03
   4.0444498e-02   7.9807976e-02  -1.7247628e+00  -9.1789206e-03   3.4562710e-03  -1.3379213e-03
   3.7928433e-02   7.6585926e-02  -1.7276328e+00  -9.1090846e-03   3.1190346e-03  -1.3156060e-03
   4.0042812e-02   7.8003613e-02  -1.6687203e+00  -7.9551099e-03   3.4038787e-03  -1.2978104e-03
   4.7178045e-02   7.0594765e-02  -1.6005156e+00  -7.5085764e-03   3.7474985e-03  -1.2311942e-03
   4.0261213e-02   6.2946030e-02  -1.6722292e+00  -7.6014485e-03   3.6496060e-03  -1.1133421e-03
   4.5297671e-02   7.5993035e-02  -1.7586382e+00  -9.1789375e-03   3.1098771e-03  -1.4052959e-03
   4.1068657e-02   6.1734605e-02  -1.7772162e+00  -1.0421318e-02   2.9437021e-03  -1.3976643e-03
   6.2438465e-02   5.9513727e-02  -1.7683200e+00  -1.0129511e-02   4.6640848e-03  -1.6482635e-03
   4.1663427e-02   6.4408219e-02  -1.7177630e+00  -8.5809498e-03   4.8384905e-03  -1.3371856e-03
   5.0458044e-03   7.4730877e-02  -1.5196509e+00  -6.5204518e-03   6.6602256e-03  -1.1347752e-03
   2.9466265e-02   6.8966626e-02  -1.6585300e+00  -9.2189088e-03   7.2577671e-03  -1.3362520e-03
   4.2889199e-02   6.2025146e-02  -1.5704147e+00  -7.5606095e-03   5.4342603e-03  -1.2773475e-03
   4.2459213e-02   8.4629873e-02  -1.7486791e+00  -9.5747222e-03   5.2851319e-03  -1.3672510e-03
   5.1053245e-02   6.8502787e-02  -1.7781185e+00  -9.4594473e-03   4.7342593e-03  -1.4230218e-03
   6.1821414e-02   8.5470728e-02  -1.7514798e+00  -1.1671372e-02   7.5091617e-03  -2.1224789e-03
   3.0021727e-02   6.4134824e-02  -1.9800037e+00  -7.9713730e-03   6.4474701e-03  -6.6040075e-04
   3.2537851e-02   6.4385495e-02  -1.9020427e+00  -7.6374563e-03   6.1401329e-03  -8.8779333e-04
   3.6258249e-02   7.4889339e-02  -1.8908730e+00  -9.6782402e-03   6.0644308e-03  -9.8198082e-04
   1.5397528e-01   2.2972412e-01  -1.7949767e+00  -2.0859920e-02   2.3896690e-03  -4.2871645e-03
   7.0565359e-02   1.1528467e-01  -1.8243804e+00  -1.3247106e-02   5.0960990e-03  -2.3155029e-03
   4.9527679e-02   1.1511253e-01  -1.8106595e+00  -1.2556227e-02   4.8453914e-03  -1.2661120e-03
   5.7992863e-02   1.1545057e-01  -1.8177454e+00  -8.0984681e-03   4.9567198e-03  -6.3077591e-04
   1.5248854e-02   5.6472190e-02  -2.2351194e+00  -1.0356964e-02   5.2905438e-03  -2.6781522e-04
   4.0308630e-02   5.0957796e-02  -2.1714776e+00  -9.5357410e-03   7.2200061e-03  -1.1569966e-03
   3.7954687e-02   2.7261751e-02  -2.1157601e+00  -8.5831189e-03   7.5476117e-03  -9.7635409e-04
   3.2564533e-02   4.1872148e-02  -1.9918936e+00  -6.6939527e-03   7.4714766e-03  -1.0935272e-03
   5.2994777e-02   2.9227675e-02  -2.0390177e+00  -7.6101870e-03   8.2312651e-03  -1.5410588e-03
   1.4708760e-03   4.8701243e-02  -1.9469634e+00  -2.9998488e-03   6.1015979e-03   7.4339784e-05
   2.5498611e-02   8.0029896e-02  -2.1869122e+00  -8.9318230e-03   6.2703094e-03  -5.2355147e-04
   3.9118393e-02   8.0792292e-02  -2.1611295e+00  -9.2231614e-03   6.2336891e-03  -1.0618046e-03
   3.5055055e-02   5.8598144e-02  -2.1562829e+00  -8.6675788e-03   5.1204099e-03  -4.8178336e-04
   8.6565667e-02   1.4054058e-01  -2.1045307e+00  -1.5795910e-02   4.6139858e-03  -2.1539514e-03
   7.1729509e-02   1.1801228e-01  -1.6429533e+00  -4.4679832e-03   8.3258688e-03  -4.0831343e-04
   1.8895286e-02   9.1677234e-02  -2.0263324e+00  -9.0610649e-03   8.3220494e-03   4.5631472e-04
   3.0467880e-02   7.3743054e-02  -2.0260978e+00  -8.3060852e-03   8.4268710e-03  -1.3674057e-04
   4.1683101e-02   6.2069100e-02  -2.0394122e+00  -8.4894055e-03   8.1206660e-03  -4.2712165e-04
   1.8761778e-02   1.3927712e-01  -2.0869989e+00  -1.0780604e-02   8.4842043e-03  -6.0362349e-05
   5.0210830e-02   5.6804516e-02  -1.9703075e+00  -7.7534346e-03   9.0519747e-03  -8.1433727e-04
   4.6258183e-02   6.9966011e-02  -1.9719891e+00  -6.8666285e-03   8.9836829e-03  -5.2673828e-04
   4.9443019e-02   6.3092616e-02  -2.0062932e+00  -7.1235600e-03   8.1490647e-03  -5.4398025e-04
   5.3255673e-02   6.6529659e-02  -1.9842231e+00  -8.0798376e-03   7.9887172e-03  -1.1420145e-03
   5.1455507e-02   8.0778868e-02  -1.9494079e+00  -7.8489885e-03   7.9765153e-03  -1.0564442e-03
   5.2940856e-02   1.0120248e-01  -1.8828983e+00  -7.6837101e-03   9.4830755e-03  -6.0845893e-04
   3.7577438e-02   7.8922901e-02  -2.0141114e+00  -8.1089962e-03   6.8578116e-03  -4.8541176e-04
   5.1223099e-02   6.5213632e-02  -1.9850446e+00  -7.8572086e-03   6.5668573e-03  -5.9659848e-04
   5.6021453e-02   8.5802341e-02  -1.9552247e+00  -7.7699645e-03   6.1485268e-03  -7.6358472e-04
   5.6837790e-02   7.7315720e-02  -1.9839391e+00  -8.4461835e-03   6.0648861e-03  -9.4496150e-04
   6.6623213e-02   7.3495041e-02  -1.9980713e+00  -8.6807008e-03   6.2161159e-03  -1.1918899e-03
   5.8547083e-02   5.4856578e-02  -1.9488117e+00  -5.7830700e-03   6.8257823e-03  -1.2544273e-03
   4.0668893e-02   5.9269909e-02  -2.0141116e+00  -1.0869296e-02   7.6355491e-03  -3.6401951e-04
   5.7917851e-02   8.0261591e-02  -2.0524950e+00  -6.4642370e-03   4.9167002e-03  -9.7902683e-05
   6.2886250e-02   4.4712484e-02  -2.1261647e+00  -7.7523014e-03   4.5407983e-03  -4.4800099e-04
   6.9399795e-02   6.5482438e-02  -2.1393558e+00  -8.9781123e-03   5.2501318e-03  -4.2191420e-04
   1.1155978e-01   1.4962010e-01  -1.9957311e+00  -1.4726327e-02   1.6758302e-03  -2.0502443e-03
   9.5291311e-02   7.2895632e-02  -1.7826696e+00  -5.2290461e-03   3.0277711e-03  -9.1218504e-04
   7.5904967e-02   8.3779696e-02  -1.9772011e+00  -9.7283720e-03   3.5457028e-03  -6.4758198e-04
   8.1843013e-02   6.9489113e-02  -1.8383811e+00  -7.7611242e-03   3.6063406e-03  -1.0052259e-03
   9.1113780e-02   7.2311350e-02  -1.9406124e+00  -7.7956387e-03   4.8353141e-03  -1.2166978e-03
   8.5602274e-02   4.9650257e-02  -1.9241626e+00  -6.6363246e-03   3.2643337e-03  -1.1491331e-03
   7.2707731e-02   8.7865806e-02  -1.6195933e+00  -1.0078760e-02   4.8722404e-03   1.1455360e-03
   5.6148036e-02   8.7102207e-02  -1.9852556e+00  -5.2019141e-03   3.0812844e-04   4.8098972e-04
   6.7213040e-02   2.3878687e-02  -2.0593654e+00  -5.9985746e-03   1.0187009e-03  -7.9191212e-05
   7.3796887e-02   3.3047882e-02  -2.0867718e+00  -6.9210069e-03   1.0973048e-03  -4.5171096e-04
   7.1053405e-02   3.8631535e-02  -2.0533547e+00  -6.5441679e-03   1.3632232e-03  -1.8810674e-04
   1.0238865e-01   8.3356465e-02  -1.7696084e+00  -1.0155588e-02   1.4767221e-03  -2.1173175e-03
   7.9350002e-02   1.0159032e-01  -1.8442993e+00  -9.8984576e-03   1.6024666e-03  -1.1043553e-03
   7.9931069e-02   8.0190380e-02  -1.8727057e+00  -9.2913721e-03   1.4102676e-03  -1.1590952e-03
   8.1199189e-02   5.3361798e-02  -1.8837333e+00  -7.5464011e-03   2.2267800e-03  -1.1300920e-03
   8.3730016e-02   6.6318639e-02  -1.8653410e+00  -7.7833905e-03   2.5193581e-03  -1.2325288e-03
   8.1859396e-02   4.2930451e-02  -1.8796253e+00  -7.8287774e-03   2.8857892e-03  -9.4498699e-04
   8.2714967e-02   5.5892157e-02  -1.9189283e+00  -7.6268242e-03   2.4272024e-03  -1.3160984e-03
   7.8014704e-02   6.2844481e-02  -1.9063081e+00  -8.3189757e-03   3.1317628e-03  -1.2333388e-03
   7.9898077e-02   5.3009565e-02  -1.8968090e+00  -7.6147240e-03   3.2134532e-03  -1.1835692e-03
   8.4743074e-02   3.2679812e-02  -1.8910484e+00  -5.4826345e-03   3.6614539e-03  -1.2528667e-03
   5.2282555e-02   6.0202838e-02  -1.9360104e+00  -8.1076058e-03   3.6670008e-03  -7.2146248e-04
   1.3312842e-01   2.3292153e-01  -2.0290959e+00  -2.0473998e-02  -4.8456272e-04  -2.9343776e-03
   1.0802256e-01   7.9595167e-02  -1.7462522e+00  -4.4587559e-03   2.8905096e-03  -5.2866697e-04
   7.8073538e-02   9.9963874e-02  -1.9965920e+00  -7.6652673e-03   2.0883526e-03  -3.1009739e-04
   8.1670505e-02   8.6807366e-02  -1.9990152e+00  -7.6685253e-03   1.8774434e-03  -3.4565301e-04
   8.0423929e-02   4.4918838e-02  -1.7691436e+00  -3.0474726e-03   4.7410500e-03  -8.6040571e-05
   4.6073056e-02   7.6707842e-02  -2.0231578e+00  -6.0478513e-03   2.3132826e-03   3.6389250e-04
   5.5476984e-02   5.4666978e-02  -2.0666066e+00  -7.9724439e-03   2.3520118e-03  -1.6491527e-06
   7.5116944e-02   6.8440279e-02  -2.0895154e+00  -7.7073602e-03   1.9149515e-03  -5.4001546e-04
   4.9320919e-02   2.3913236e-02  -2.0660443e+00  -7.8051713e-03   4.5940053e-03   2.4948367e-04
   3.6559712e-02  -1.9293659e-02  -2.1255633e+00  -1.0229488e-02   9.0991457e-03  -3.1756561e-03
   8.4301789e-02   3.2575877e-02  -2.0519295e+00  -6.4390494e-03   4.2442374e-03  -5.9655306e-04
   1.0310638e-01   2.7246975e-01  -2.1703951e+00  -1.8587278e-02   2.6113596e-03  -3.0894513e-03
   6.1315338e-02   1.5900052e-01  -1.9639160e+00  -1.4136404e-02   2.5622869e-03  -1.4197607e-03
   5.5683893e-02   1.0124992e-01  -1.9441471e+00  -1.2260200e-02   4.6665181e-03  -1.2137684e-03
   6.4288788e-02   8.7800351e-02  -1.9036714e+00  -8.8619352e-03   2.5510383e-03  -8.6350753e-04
   7.1146992e-02  -4.8082810e-03  -2.3383538e+00  -3.0381725e-03   1.3912515e-03  -6.8776028e-04
   3.4331963e-02   8.2919151e-02  -2.6184939e+00  -1.4520012e-02   4.2243163e-03  -1.7012618e-04
   3.7926936e-02   8.4338807e-02  -2.5080226e+00  -1.3562427e-02   3.7348362e-03   3.7944627e-05
   5.0238698e-02   6.2737998e-02  -2.3944886e+00  -1.0633086e-02   5.0146292e-03   1.4575546e-04
   6.0328961e-02   6.4990593e-02  -2.3707070e+00  -9.5732761e-03   4.2171928e-03   1.1025689e-04
   6.2267709e-02   5.5775161e-02  -2.2630281e+00  -8.9501254e-03   4.1928235e-03  -2.0391273e-04
   7.6065506e-02   4.0529050e-02  -2.2268087e+00  -8.6519321e-03   4.2390404e-03  -5.4135461e-04
   7.6711101e-02   5.6383408e-02  -2.2343636e+00  -9.2593118e-03   4.8882301e-03  -7.4397279e-04
   6.1043213e-02   3.4006996e-02  -2.2035767e+00  -8.1217726e-03   4.8136407e-03  -2.0743295e-04
   8.9195780e-02   2.0791690e-01  -1.9497053e+00  -1.4987001e-02   4.2243533e-03  -1.0720097e-03
   9.6556236e-02   5.2756304e-02  -2.2356480e+00  -7.8518624e-03   4.8335839e-03  -6.7293748e-04
   7.8036621e-02   4.3109934e-02  -2.2757270e+00  -9.5995520e-03   7.1782474e-03  -5.0419792e-04
   7.8284648e-02   5.1784838e-02  -2.2537009e+00  -1.1260244e-02   7.8244457e-03  -7.5016996e-04
   8.9415881e-02   2.2150807e-02  -1.9760402e+00  -5.8726785e-03   6.4699537e-03  -9.9716154e-04
   8.2937780e-02   4.8939604e-02  -2.1158745e+00  -8.4155500e-03   5.2754562e-03  -7.1519975e-04
   9.2839080e-02   2.7454092e-02  -2.0801374e+00  -6.8360082e-03   4.7591181e-03  -8.2863778e-04
   8.7475808e-02   6.4553848e-02  -2.0731215e+00  -7.3291570e-03   5.4461659e-03  -9.8291865e-04
   9.0068469e-02   5.9906908e-02  -2.0889467e+00  -8.1793116e-03   5.6711119e-03  -1.1253840e-03
   7.8264130e-02   5.4155913e-02  -2.0491909e+00  -8.1567145e-03   6.1212971e-03  -1.0900369e-03
   9.7459114e-02   6.0714956e-02  -1.8480298e+00  -1.1298386e-02   7.0040863e-03  -7.4350566e-04
   8.3938870e-02   1.2423447e-01  -1.8641010e+00  -1.1831730e-02   2.0071439e-04  -1.6350101e-03
   8.3663482e-02   1.1173278e-01  -1.8087042e+00  -1.1558691e-02   5.0087883e-04  -1.3930759e-03
   8.8183874e-02   9.0706901e-02  -1.8179591e+00  -1.0957697e-02   1.1753975e-03  -1.1685872e-03
   1.0459282e-01   9.0296111e-02  -1.8993020e+00  -1.1034729e-02   1.0858111e-03  -1.3441194e-03
   9.2543778e-02   6.2536829e-02  -1.8875180e+00  -9.7262221e-03   1.1417932e-03  -1.2469459e-03
   9.4993185e-02   6.7513103e-02  -1.9487921e+00  -1.0185764e-02   1.5562038e-03  -1.4234934e-03
   8.7745518e-02   6.8117131e-02  -1.9041741e+00  -5.8094318e-03   2.4203985e-03  -5.3546372e-04
   7.9309318e-02   8.4846594e-02  -2.0867256e+00  -9.1828015e-03   2.3563878e-03  -5.7891123e-04
   8.4178370e-02   8.1853514e-02  -2.0491911e+00  -9.1124087e-03   2.5792497e-03  -6.4887408e-04
   9.5626005e-02   8.2006148e-02  -2.0822932e+00  -1.0258361e-02   1.4817944e-03  -7.9995230e-04
   6.6536579e-02   6.8795673e-02  -2.1147559e+00  -9.3801191e-03   1.6124955e-03  -1.3673453e-04
   8.1197608e-02   7.0282460e-02  -2.0897943e+00  -1.0215375e-02   2.2587051e-03  -5.7686795e-04
   9.3334899e-02   5.6920321e-02  -2.0678205e+00  -9.4962544e-03   2.5990793e-03  -5.3334825e-04
   1.0190762e-01   1.6196551e-02  -2.0710556e+00  -1.3038028e-02   6.7412095e-03  -4.5116170e-03
   9.5772156e-02   3.0313729e-02  -2.1500337e+00  -8.6371413e-03   4.2743250e-03  -7.5321304e-04
   9.0295220e-02   6.2748805e-02  -2.1909723e+00  -8.5296922e-03   2.9834541e-03  -6.2447680e-04
   8.8258150e-02   5.5375082e-02  -2.2163460e+00  -1.0156010e-02   2.9056399e-03  -5.2289808e-04
   1.0500435e-01   7.6592781e-02  -2.1851354e+00  -1.0139190e-02   2.9810088e-03  -1.0742680e-03
   7.2194875e-02   1.1546789e-01  -2.1246539e+00  -1.6944892e-02   1.0778662e-02  -4.6557189e-03
   1.1661726e-01   6.7733234e-02  -1.9809771e+00  -5.9776985e-03   3.4136763e-03  -7.3075759e-04
   1.2836305e-01   4.6383591e-02  -2.0898605e+00  -8.3782127e-03   1.9417348e-03  -1.1955413e-03
   1.4217505e-01   6.9080944e-02  -2.0162557e+00  -7.3778865e-03   2.1155229e-03  -1.4127495e-03
   1.3795280e-01   1.3660820e-01  -2.1154113e+00  -1.6433010e-02   3.4208032e-04  -3.2939043e-03
   1.3834519e-01   1.2704055e-01  -2.0924317e+00  -1.4466233e-02   2.3951522e-03  -2.1133056e-03
   1.1918406e-01   1.1175655e-01  -2.0604349e+00  -1.2798694e-02   2.7889022e-03  -2.0747077e-03
   1.1657821e-01   9.9247314e-02  -2.0924183e+00  -1.2985249e-02   2.9248944e-03  -2.0111083e-03
   8.8345214e-02   6.8011758e-02  -1.7123843e+00  -4.3986466e-03   5.1706453e-03  -5.8452722e-04
   8.2435380e-02   1.1769898e-01  -2.0585454e+00  -7.4118359e-03   2.4483731e-03  -7.2429624e-05
   9.0721810e-02   8.9683338e-02  -2.1004306e+00  -8.2840444e-03   2.5669315e-03  -5.6850836e-04
   8.8785404e-02   8.6770632e-02  -2.1139075e+00  -8.6233840e-03   2.4994986e-03  -5.5195001e-04
   8.7719493e-02   9.8803850e-02  -2.1118879e+00  -9.7503523e-03   2.6307363e-03  -4.6948708e-04
   9.4504524e-02   9.7283217e-02  -2.0853699e+00  -8.2548591e-03   2.1940248e-03  -6.2646997e-04
   7.2522998e-02   1.0151503e-01  -1.7264634e+00  -1.8035697e-03   1.9339096e-03  -9.8493864e-04
   7.5046958e-02   9.6418035e-02  -2.2545898e+00  -9.8509574e-03   6.4296765e-03   4.1916219e-04
   5.7493921e-02   7.1496080e-02  -2.2670870e+00  -9.5121633e-03   4.7421304e-03   6.8801016e-04
   6.8200137e-02   6.6702644e-02  -2.3026453e+00  -1.1031664e-02   3.6380843e-03   3.6535701e-04
   1.0652856e-01   6.7879037e-02  -2.2092533e+00  -8.6249982e-03   4.0310481e-03  -4.0177506e-04
   9.7492270e-02   8.2791709e-02  -2.2340971e+00  -9.2253381e-03   3.8997653e-03  -3.4313380e-04
   1.1228587e-01   6.2720088e-02  -2.2290783e+00  -9.1408613e-03   4.0262525e-03  -1.0495971e-03
   9.6301928e-02   5.9488272e-02  -2.2407759e+00  -1.0005682e-02   5.1122519e-03  -9.9658168e-04
   8.6315602e-02   6.0446620e-02  -2.3042720e+00  -8.2396634e-03   5.5275527e-03  -1.5312538e-04
   8.4697144e-02   7.7987471e-02  -2.2746695e+00  -8.0838936e-03   4.7125115e-03  -3.2526387e-05
   8.1418904e-02   6.9566053e-02  -2.2558425e+00  -8.6359950e-03   4.2553648e-03  -1.4167416e-04
   9.0062157e-02   6.9706694e-02  -2.1997674e+00  -8.0419742e-03   4.3696113e-03  -7.2272703e-05
   9.8319373e-02   6.9523461e-02  -2.1621106e+00  -8.3918792e-03   6.2760839e-03  -7.7426857e-04
   1.2310017e-01   7.1439272e-02  -2.9868148e+00  -2.1469511e-02   7.5274702e-04  -2.1651647e-03
   5.3290864e-02   6.9352468e-02  -2.6873177e+00  -1.2819230e-02   7.4109831e-03   6.9651189e-04
   4.9259154e-02   6.9730058e-02  -2.4456435e+00  -9.4077430e-03   5.6756003e-03   1.8262995e-04
   5.2860824e-02   8.4976046e-02  -2.4098408e+00  -9.9135708e-03   6.5379933e-03  -4.3810444e-04
   6.6849725e-02   7.5394691e-02  -2.4084007e+00  -9.7984865e-03   6.3009618e-03  -5.0317141e-04
   5.4536918e-02   7.7133208e-02  -2.3556567e+00  -9.1822683e-03   6.8645725e-03  -6.8995463e-04
   7.0197965e-02   6.5703668e-02  -2.3237379e+00  -8.7882679e-03   6.9749351e-03  -7.4196838e-04
   8.6025227e-02   7.7810004e-02  -2.2916375e+00  -8.7631988e-03   7.4629145e-03  -9.7595839e-04
   8.5677174e-02   6.4323430e-02  -2.2133643e+00  -8.1840918e-03   7.1336572e-03  -1.3829040e-03
   6.5653397e-02   8.4551842e-02  -2.2929709e+00  -1.1933599e-02   8.8107428e-03  -6.8583416e-04
   7.0366771e-02   7.4138379e-02  -2.3068276e+00  -8.8679529e-03   5.8391324e-03  -3.9409752e-04
   6.5952269e-02   5.4841249e-02  -2.2874278e+00  -9.7353402e-03   6.1641772e-03  -4.2857599e-04
   1.5530476e-01   2.2253955e-01  -2.3575473e+00  -1.7629508e-02   2.5890641e-03  -4.0026460e-03
   9.1351973e-02   1.3149017e-01  -2.1613672e+00  -1.2239750e-02   3.9663631e-03  -1.6597563e-03
   7.6003425e-02   1.0437506e-01  -2.2082774e+00  -1.2102753e-02   3.8257457e-03  -1.4326668e-03
   8.4500210e-02   7.6629576e-02  -2.2372077e+00  -1.0553367e-02   5.7341269e-03  -8.0205975e-04
   6.0099525e-02   1.1111922e-01  -2.1596560e+00  -9.1574916e-03   4.9502282e-03  -4.2903962e-04
   7.3889316e-02   7.9136658e-02  -2.1377931e+00  -9.5046932e-03   4.6571663e-03  -6.7748744e-04
   6.4268056e-02   8.4853207e-02  -2.1618777e+00  -9.9174235e-03   4.6482630e-03  -5.3620681e-04
   8.5698776e-02   9.2315342e-02  -2.2119347e+00  -1.0793215e-02   4.4980381e-03  -7.1080303e-04
   7.0310891e-02   6.6204313e-02  -2.2138147e+00  -9.4175273e-03   4.5642208e-03  -4.6768303e-04
   9.6715251e-02   7.8749370e-02  -2.1564686e+00  -9.0737834e-03   5.5568633e-03  -1.0312335e-03
   8.3937786e-02   6.7859502e-02  -2.1699707e+00  -9.7649315e-03   4.6329947e-03  -4.2886413e-04
   7.1096195e-02   5.8460554e-02  -2.1564070e+00  -8.2285857e-03   4.9148779e-03  -2.5191472e-04
   9.5244145e-02   9.2228661e-02  -2.0276717e+00  -6.9898692e-03   3.5554306e-03  -8.4293844e-04
   1.6417182e-01   1.6352273e-01  -1.7096109e+00  -8.8817204e-03  -1.0184150e-03  -3.8024643e-03
   8.0842463e-02   2.1268206e-01   8.9455867e-01   4.3168801e-02  -9.4722222e-04  -3.0485954e-03
   1.9074196e-01   3.7821907e-02  -6.3805091e-01  -7.9202370e-03   6.9886617e-03  -3.7111231e-03
   1.3465964e-01   1.2211517e-01  -8.8482880e-01   3.0504581e-03   6.6743899e-03  -2.2631393e-03
   9.0524501e-02   1.8853930e-01  -1.4613999e+00  -1.2018476e-02   4.4159322e-03  -1.1932159e-03
   9.6870689e-02   1.4394730e-01  -1.4087118e+00  -1.0572876e-02   4.9289387e-03  -1.2661214e-03
   1.5472740e-01   1.1160069e-01  -1.4693907e+00  -8.8539241e-03   4.2108541e-03  -2.4563271e-03
   1.9143715e-01  -9.1753369e-03  -1.9546123e+00  -2.8875904e-03  -1.1527162e-03  -3.0667765e-03
   1.9386996e-01   5.1443235e-02  -2.0917481e+00  -7.7913645e-03   1.8186161e-03  -2.7063651e-03
   1.9085647e-01   2.8902343e-02  -2.0609808e+00  -7.2241493e-03   1.3602363e-03  -2.5201555e-03
   2.0217592e-01   1.4767695e-01  -2.1877894e+00  -1.4814150e-02  -4.6754147e-03  -3.4951501e-03
   2.0333657e-01   1.1616398e-01  -2.3256808e+00  -1.4695236e-02  -2.6083725e-03  -3.2383789e-03
   1.8196343e-01   1.0894755e-01  -2.1767238e+00  -1.2542323e-02  -6.0857951e-04  -2.7578511e-03
   1.8145281e-01   8.2285817e-02  -2.1740187e+00  -1.1322351e-02  -1.0661576e-03  -2.6693966e-03
   1.8493954e-01   7.9288902e-02  -2.2421675e+00  -1.1990136e-02  -1.0149325e-03  -2.8226641e-03
   1.8364379e-01   9.5516382e-02  -2.2045081e+00  -1.1762615e-02  -9.2734290e-04  -2.4894243e-03
   1.7970718e-01   8.4123436e-02  -2.2373061e+00  -1.1463719e-02  -1.7296004e-04  -2.5178610e-03
   1.7665536e-01   8.2202689e-02  -2.2421559e+00  -1.1744364e-02  -1.1813243e-04  -2.4706936e-03
   1.6461030e-01   7.9950632e-02  -2.2408738e+00  -1.1162176e-02  -7.8157344e-05  -2.3649704e-03
   1.7889429e-01   7.2410368e-02  -2.2890001e+00  -1.1035729e-02  -1.5754215e-04  -2.4590239e-03
   1.6962723e-01   8.8603119e-02  -2.3444357e+00  -1.3294725e-02   3.4647069e-04  -2.4146482e-03
   1.9801052e-01   1.3785875e-01  -2.2079816e+00  -1.4862802e-02  -1.9572902e-03  -2.6805922e-03
   1.9090042e-01   1.1951243e-01  -2.3584176e+00  -1.3874663e-02  -7.8096475e-04  -2.3153861e-03
   1.8345039e-01   1.0528128e-01  -2.3666237e+00  -1.4868843e-02  -3.9282438e-04  -2.0549821e-03
   2.0505961e-01   3.1550341e-02  -2.3478196e+00  -9.3798471e-03   2.4910577e-04  -1.7756326e-03
   1.7028957e-01   9.2330687e-02  -2.6070439e+00  -1.4308368e-02   2.1009645e-03  -1.5151153e-03
   1.7938722e-01   6.8484298e-02  -2.6040558e+00  -1.3583092e-02   1.6027782e-03  -1.6470460e-03
   1.8738618e-01   6.0517171e-02  -2.6370724e+00  -1.3925033e-02   1.9503060e-03  -1.5871853e-03
   1.7574768e-01   6.8934100e-02  -2.6357045e+00  -1.3391285e-02   2.0777331e-03  -1.6474859e-03
   1.9036175e-01   5.4801966e-02  -2.6293650e+00  -1.3604254e-02   2.2763511e-03  -1.6149401e-03
   1.7978565e-01   4.9309479e-02  -2.6047177e+00  -1.2414896e-02   2.0397380e-03  -1.5259752e-03
   1.7035110e-01   6.2814975e-02  -2.6120174e+00  -1.4698726e-02   2.2671894e-03  -1.5748931e-03
   2.3402469e-01   1.9354705e-01  -2.5806476e+00  -2.3640226e-02  -2.3890207e-03  -3.1135946e-03
   1.8154550e-01   1.1752958e-01  -2.3085245e+00  -1.6978519e-02   3.0693567e-03  -1.6032865e-03
   1.7306002e-01   1.3230067e-01  -2.4130074e+00  -1.7875213e-02   3.2184691e-03  -1.6112401e-03
   1.8391691e-01   1.0480824e-01  -2.4216014e+00  -1.5969158e-02   3.5093183e-03  -1.8000051e-03
   1.5031866e-01   8.5139111e-02  -2.4957244e+00  -1.8469513e-02   4.6788504e-03  -1.6160710e-03
   1.3281792e-01   3.3942852e-02  -2.8463963e+00  -1.2938765e-02   4.7423609e-03  -2.7254962e-05
   1.3013414e-01   6.0035950e-02  -2.8568760e+00  -1.3186438e-02   3.8035751e-03  -4.0925939e-04
   1.6118437e-01   5.2882803e-02  -2.8989652e+00  -1.4782159e-02   2.7424013e-03  -1.6173554e-03
   1.2532701e-01   4.5310195e-04  -3.3609226e+00  -1.9843299e-02   1.1609906e-02  -1.2629621e-03
   5.5287027e-02  -9.5427064e-03  -3.0568167e+00  -1.1649943e-02   7.9253716e-03   8.0804846e-04
   9.7522658e-02   2.4199367e-02  -3.1002496e+00  -1.4043017e-02   6.8748991e-03  -3.9150171e-04
   1.3903387e-01   2.1245784e-01  -3.2998613e+00  -2.4848075e-02   1.9236167e-03  -2.8524611e-03
   1.1294582e-01   1.6523773e-01  -3.1167451e+00  -2.2076446e-02   2.5274401e-03  -1.3556809e-03
   1.2469339e-01   1.3694164e-01  -3.0135761e+00  -2.0894056e-02   2.2501206e-03  -1.3080798e-03
   1.4208637e-01   1.2402315e-01  -2.7627655e+00  -1.7642859e-02   2.0396073e-03  -1.3365939e-03
   1.3458361e-01   1.4182204e-01  -2.7644047e+00  -1.8454306e-02   2.4309942e-03  -1.1555234e-03
   1.3949326e-01   1.0951840e-01  -2.7464830e+00  -1.7945726e-02   2.8418474e-03  -1.2418275e-03
   1.4876575e-01   1.2291672e-01  -2.7049220e+00  -1.7210526e-02   3.0151298e-03  -1.6555985e-03
   1.3472948e-01   1.1482615e-01  -2.7484332e+00  -1.7935942e-02   3.0730083e-03  -1.4248326e-03
   1.3726699e-01   1.2790387e-01  -2.7170338e+00  -1.7445080e-02   2.9680141e-03  -1.4735630e-03
   1.5222496e-01   9.9105974e-02  -2.6829083e+00  -1.5641426e-02   3.3035657e-03  -1.5622953e-03
   1.4314366e-01   1.2327607e-01  -2.7213495e+00  -1.6607864e-02   3.3334681e-03  -1.3287610e-03
   1.4020203e-01   9.5799649e-02  -2.7029580e+00  -1.5954268e-02   3.6174235e-03  -1.5836583e-03
   1.4110267e-01   1.3142429e-01  -2.7021019e+00  -1.8528080e-02   2.1408351e-03  -1.5490462e-03
   1.4788905e-01   1.2529185e-01  -2.5943374e+00  -1.5731913e-02   3.0178179e-03  -1.7282127e-03
   1.4875621e-01   1.1432106e-01  -2.5935071e+00  -1.5673836e-02   2.4584122e-03  -1.4327820e-03
   1.4283881e-01   1.0590857e-01  -2.6417032e+00  -1.6412184e-02   2.5539786e-03  -1.5798974e-03
   1.5091133e-01   9.5834398e-02  -2.6945973e+00  -1.6177636e-02   2.0361021e-03  -1.6914697e-03
   1.4596571e-01   9.6544685e-02  -2.7116745e+00  -1.5566216e-02   2.6667346e-03  -1.2830551e-03
   1.3928783e-01   1.1238478e-01  -2.6791475e+00  -1.6333433e-02   2.5439399e-03  -1.3155111e-03
   1.5915546e-01   1.0567751e-01  -2.7039059e+00  -1.6360961e-02   1.9122689e-03  -1.5256334e-03
   1.4447241e-01   1.0383122e-01  -2.7030565e+00  -1.6009293e-02   2.3483730e-03  -1.4630164e-03
   1.4787195e-01   9.4803933e-02  -2.7103888e+00  -1.6477402e-02   2.6494608e-03  -1.2745358e-03
   1.5975269e-01   7.5415403e-02  -2.6800686e+00  -1.9372773e-02   2.0706795e-03  -1.0015111e-03
   1.5523730e-01   8.5441720e-02  -2.3953293e+00  -1.4191468e-02   4.4519503e-03  -9.9439340e-04
   1.4986768e-01   4.9647143e-02  -2.3520151e+00  -1.2352033e-02   5.6847301e-03  -9.1500160e-04
   1.5609848e-01   7.0424575e-02  -2.3619726e+00  -1.3614848e-02   4.2739799e-03  -1.1614117e-03
   1.4809203e-01   8.7972606e-02  -2.4544875e+00  -1.5999218e-02   3.9533154e-03  -1.0702770e-03
   1.7008148e-01   6.0085931e-02  -2.4487437e+00  -1.4282748e-02   4.0571823e-03  -1.6066813e-03
   1.5123754e-01   9.6005028e-02  -2.4908284e+00  -1.5289309e-02   4.8039360e-03  -1.5962091e-03
   1.5345696e-01   8.8875637e-02  -2.5258403e+00  -1.4864443e-02   4.6201748e-03  -1.3605121e-03
   1.5306786e-01   6.6379073e-02  -2.5700689e+00  -1.4831220e-02   4.4171813e-03  -1.3173391e-03
   1.5466239e-01   7.1196179e-02  -2.5736831e+00  -1.5623514e-02   5.0743497e-03  -1.6486943e-03
   1.4417655e-01   6.2236588e-02  -2.5537851e+00  -1.4403709e-02   6.0325819e-03  -1.7314241e-03
   1.5014483e-01   6.3353338e-02  -2.5134580e+00  -1.4219723e-02   5.8253646e-03  -1.6592465e-03
   1.3634971e-01   7.0711990e-02  -2.5477531e+00  -1.4884992e-02   5.5503808e-03  -1.6650497e-03
   1.3976019e-01   8.3230352e-02  -2.5197216e+00  -1.5744426e-02   5.4895633e-03  -1.7670418e-03
   1.3362719e-01   6.7877664e-02  -2.4701149e+00  -1.3801578e-02   6.6369619e-03  -1.6949397e-03
   9.6709189e-02   1.5862903e-01  -2.5515078e+00  -1.5637524e-02   7.1949359e-03  -6.1850369e-04
   1.4320564e-01   6.2122522e-02  -2.7060298e+00  -1.4294289e-02   4.8199481e-03  -2.5420662e-03
   2.4009388e-01  -9.4902038e-03  -1.9047591e+00   2.4567356e-03   2.3117422e-03  -2.6530490e-03
   2.1745166e-01   6.7748385e-02  -2.6227817e+00  -8.0708589e-03   4.4728426e-03  -2.6448467e-03
   1.3456431e-01   3.6226577e-02  -2.5050709e+00  -6.7148174e-03   3.7651094e-03  -1.4399633e-03
   1.5457882e-01   3.0409197e-02  -2.5296870e+00  -8.1974872e-03   3.7577642e-03  -2.2060717e-03
   1.5441976e-01   5.8797724e-02  -2.5437737e+00  -8.3867202e-03   4.8020521e-03  -2.6612272e-03
   1.5557867e-01   5.3716381e-02  -2.5849230e+00  -9.0064293e-03   4.3856910e-03  -2.6034577e-03
   1.6839765e-01   5.8765334e-02  -2.5756483e+00  -9.8795778e-03   4.3914494e-03  -2.7231004e-03
   1.6862789e-01   6.2940830e-02  -2.5677392e+00  -1.0048815e-02   4.5741037e-03  -2.6129337e-03
   1.7097011e-01   5.8151731e-02  -2.5403919e+00  -9.2830781e-03   5.0438527e-03  -2.7587610e-03
   1.6868837e-01   7.3458962e-02  -2.5577714e+00  -9.8899140e-03   5.2711132e-03  -2.6636829e-03
   1.7161172e-01   4.8221480e-02  -2.5945469e+00  -1.0176841e-02   5.6246898e-03  -2.8473022e-03
   1.8283791e-01   7.6783907e-02  -2.6140047e+00  -1.0669919e-02   6.0779196e-03  -2.5088557e-03
   1.7533092e-01   6.6713388e-02  -2.6050990e+00  -1.0791660e-02   5.9053705e-03  -2.8855963e-03
   1.5964438e-01   7.4168093e-02  -2.6191851e+00  -1.1684166e-02   6.9766421e-03  -3.1745461e-03
   1.7098793e-01   8.3001157e-02  -2.6071407e+00  -1.1774350e-02   6.5309489e-03  -3.1287039e-03
   1.7745413e-01   7.0321775e-02  -2.6150319e+00  -1.0987047e-02   6.8443116e-03  -3.2407684e-03
   1.6439988e-01   7.4828879e-02  -2.6340322e+00  -1.2116363e-02   6.5989218e-03  -3.0223803e-03
   1.7939741e-01   6.8397818e-02  -2.5770994e+00  -1.4342105e-02   5.1446665e-03  -3.4864143e-03
   1.7455980e-01   8.0817415e-02  -2.7422065e+00  -1.4391083e-02   9.7337542e-03  -2.9495406e-03
   1.6328554e-01   5.6766998e-02  -2.8014222e+00  -1.4844689e-02   9.4089560e-03  -2.7302508e-03
   1.6325960e-01   5.6692869e-02  -2.7787790e+00  -1.5604724e-02   9.4507417e-03  -2.7569374e-03
   1.6781065e-01   4.9200100e-02  -2.7597868e+00  -1.3732353e-02   9.3476451e-03  -2.7907119e-03
   1.5460827e-01   5.1172570e-02  -2.8078044e+00  -1.5385252e-02   8.9852056e-03  -2.7629090e-03
   1.6474484e-01   7.5360626e-02  -2.7752994e+00  -1.4484581e-02   8.5565167e-03  -2.7998779e-03
   1.6681280e-01   6.6054927e-02  -2.7972323e+00  -1.4910273e-02   8.3823195e-03  -2.8353232e-03
   1.6426031e-01   4.9588947e-02  -2.7900848e+00  -1.4738347e-02   8.3703475e-03  -2.8148345e-03
   1.3314007e-01   3.0496222e-02  -2.4007539e+00  -5.7054937e-03   1.0905673e-02  -2.3022917e-03
   1.4576458e-01   1.3242541e-01  -2.6485792e+00  -2.0033801e-02   8.3652529e-03  -4.4968262e-03
   7.4170416e-02   2.8636917e-02  -3.2259080e+00  -7.4157225e-03   5.1316576e-03   3.3852349e-04
  -5.3220360e-02   2.8364504e-02  -3.3225641e+00  -1.6534735e-02   1.4224885e-02   2.2737861e-03
  -1.4110590e-02   8.3834125e-02  -3.5455453e+00  -2.0573770e-02   1.0566919e-02   1.5012421e-03
   6.0945960e-02   1.7311100e-01  -3.3743417e+00  -1.8315807e-02   1.0307384e-02  -1.1202648e-03
   4.7537531e-02   4.2301534e-03  -3.4981328e+00  -1.0408297e-02   7.7330650e-03   1.4071938e-04
   4.8925242e-02   1.5143700e-02  -3.5246302e+00  -1.1581330e-02   5.4174063e-03   2.4859971e-04
   8.5993650e-02   4.8267911e-03  -3.4367365e+00  -1.1486281e-02   5.5486356e-03  -5.4174671e-04
   8.9495510e-02   1.7950005e-02  -3.4300067e+00  -1.2042869e-02   5.6199180e-03  -5.5362747e-04
   8.8486933e-02   5.2024469e-02  -3.4470105e+00  -1.3444216e-02   5.6834391e-03  -6.7948997e-04
   9.5603919e-02   2.8391901e-02  -3.4195784e+00  -1.2216996e-02   5.4918950e-03  -1.0076062e-03
   1.0533535e-01   5.1403838e-02  -3.4196001e+00  -1.3343651e-02   5.8825294e-03  -1.3548923e-03
   1.0932187e-01   5.3133535e-02  -3.3950309e+00  -1.3542596e-02   5.3120243e-03  -1.5441413e-03
   1.2293707e-01   3.6282605e-02  -3.3828263e+00  -1.3468101e-02   5.8707898e-03  -2.2765696e-03
   1.5730521e-01   4.4077634e-02  -3.3491380e+00  -1.2569793e-02   5.1108671e-03  -2.4512298e-03
   1.5946733e-01   6.4237860e-02  -3.3815678e+00  -1.3576353e-02   4.6937396e-03  -2.1967382e-03
   1.4504204e-01   4.8236221e-02  -3.3278749e+00  -1.2786631e-02   5.2111507e-03  -1.9389186e-03
   1.5032030e-01   3.5930290e-02  -3.3092922e+00  -1.2314289e-02   4.4046166e-03  -1.9160161e-03
   1.5417592e-01   3.8234986e-02  -3.2924953e+00  -1.2577005e-02   5.3244894e-03  -1.8797330e-03
   1.4306742e-01   5.1918294e-02  -3.2424605e+00  -1.2154956e-02   4.8951083e-03  -1.7732562e-03
   1.4936380e-01   3.6016063e-02  -3.2360546e+00  -1.2000666e-02   4.8776698e-03  -1.7753706e-03
   1.5667117e-01   2.6935938e-02  -3.2479701e+00  -1.1951305e-02   4.5131906e-03  -1.6672639e-03
   1.5436352e-01   5.1260728e-02  -3.2654854e+00  -1.2383659e-02   4.3122220e-03  -1.7818120e-03
   1.5714235e-01   2.9735183e-02  -3.2549254e+00  -1.1763981e-02   4.6667429e-03  -1.8179656e-03
   1.4605837e-01   5.8466082e-02  -3.2831305e+00  -1.2067395e-02   3.9538167e-03  -1.6090736e-03
   1.4076889e-01   9.7563098e-02  -3.1353936e+00  -1.3560890e-02   5.1962392e-03  -1.0685974e-03
   1.4942841e-01   1.7038225e-02  -3.2455551e+00  -8.1595628e-03   1.7696220e-03  -1.1755611e-03
   1.4812733e-01   1.7658107e-02  -3.2096254e+00  -8.9251374e-03   1.4412606e-03  -1.1033636e-03
   1.5004706e-01   4.2757926e-02  -3.2214683e+00  -1.0013100e-02   1.1774696e-03  -1.2610393e-03
   1.5801923e-01   2.8447734e-02  -3.2189670e+00  -1.1474970e-02   1.4430731e-03  -1.5160546e-03
   1.7332942e-01   5.9613533e-02  -3.1904312e+00  -1.1187991e-02   8.6321463e-04  -1.8057857e-03
   1.6740253e-01   3.0378527e-02  -3.1939456e+00  -1.0650616e-02   1.0970111e-03  -1.6070311e-03
   1.6560629e-01  -3.6254032e-03  -2.9324337e+00  -4.9879684e-03   5.8028411e-03  -2.0620103e-03
   1.9607199e-01   8.2688417e-03  -3.0237210e+00  -6.1645390e-03   5.5567566e-03  -2.5149750e-03
   1.9137201e-01   3.3384568e-02  -3.1125296e+00  -8.8263032e-03   2.2905334e-03  -2.2916740e-03
   1.9162312e-01   2.1129601e-02  -3.1810128e+00  -1.0159958e-02   2.0466340e-03  -2.4072820e-03
   1.6368690e-01   1.1842099e-01  -3.2075578e+00  -1.5733468e-02   2.7713203e-03  -2.0998094e-03
   1.4531095e-01   1.9522355e-02  -3.2437017e+00  -8.2117571e-03   3.1219694e-03  -1.6477245e-03
   1.4831520e-01   4.8799850e-02  -3.2437357e+00  -9.5613163e-03   2.5725137e-03  -1.9892243e-03
   1.5662166e-01   4.5030326e-02  -3.1950654e+00  -9.4754850e-03   2.1047971e-03  -1.8629907e-03
   1.6766688e-01   3.0383311e-02  -3.1756942e+00  -9.7930138e-03   2.3068326e-03  -2.0311054e-03
   1.6420445e-01   6.6502211e-02  -3.1589210e+00  -9.3872993e-03   2.0101360e-03  -1.9558527e-03
   1.7820986e-01   3.6400813e-02  -3.2074733e+00  -1.0052989e-02   2.1603078e-03  -2.2147376e-03
   1.6390227e-01   1.4994949e-02  -2.8136085e+00  -6.0999986e-03   3.9115828e-03  -1.8218291e-03
   1.3304722e-01   5.1430533e-02  -3.0486307e+00  -7.7313326e-03   3.6334678e-03  -9.4961216e-04
   1.5304574e-01   3.1170042e-02  -2.9514967e+00  -6.4725973e-03   3.4030271e-03  -1.2093731e-03
   1.5002326e-01   6.2289899e-02  -3.1171462e+00  -8.8503136e-03   2.5150323e-03  -1.6296450e-03
   1.5017607e-01   4.4291069e-02  -3.1034526e+00  -9.1946312e-03   2.7866923e-03  -1.7629823e-03
   1.4817898e-01   4.3414141e-02  -3.1318592e+00  -1.0126076e-02   2.9259601e-03  -1.9925176e-03
   1.5602647e-01   4.2880007e-02  -3.1215478e+00  -9.2284250e-03   2.6992499e-03  -2.0787826e-03
   1.5491259e-01   5.1556549e-02  -3.1402962e+00  -1.0280978e-02   2.7317468e-03  -1.9667702e-03
   1.6240754e-01   2.1765588e-02  -3.1453866e+00  -1.0651872e-02   2.4227446e-03  -2.0772784e-03
   1.6894622e-01   6.4155124e-02  -3.1711528e+00  -1.0979463e-02   3.0969795e-03  -2.5945018e-03
   1.4698842e-01  -4.6676028e-03  -3.0551954e+00  -3.5978858e-03   3.7249194e-03  -1.9020600e-03
   1.7061228e-01  -9.1931749e-02  -2.4026753e+00   5.7328573e-03   4.4775570e-03  -3.9829045e-04
   1.5850084e-01  -4.7764643e-02  -2.4887592e+00   7.2231676e-03   5.8832652e-03  -1.8769235e-03
   1.6869076e-01  -2.1719475e-01  -2.3283858e+00   9.9165537e-03   6.2656907e-03  -1.0061512e-03
   1.2778736e-01  -1.4268435e-01  -2.6863159e+00   8.1282119e-03   5.1505090e-03  -6.4339304e-04
   1.4418105e-01  -1.2170142e-01  -2.4273282e+00   9.4564032e-03   6.9507573e-03  -9.2552775e-04
   1.6083519e-01  -1.3485738e-01  -2.1789465e+00   1.3349877e-02   6.1889341e-03   9.6860781e-04
   1.7942464e-01  -1.4335070e-01  -2.0156965e+00   1.5543966e-02   7.0152582e-03   7.1016825e-04
   1.3229317e-01  -9.9361483e-02  -2.7126167e+00   3.0760130e-03   8.5782890e-03  -1.9034141e-03
   8.8552358e-02  -6.4485622e-02  -2.7950189e+00   1.7930363e-03   1.0369506e-02  -1.0394897e-03
   1.0722318e-01  -6.9209133e-02  -2.8023984e+00   1.4210995e-03   7.4462771e-03  -8.7614862e-04
   1.3265938e-01  -3.9589397e-02  -2.9231536e+00   5.4270268e-04   5.3629076e-03  -1.4902910e-03
   1.4727592e-01  -5.8171870e-02  -2.9270268e+00  -5.2298137e-04   5.6630605e-03  -1.5399932e-03
   1.4993410e-01  -3.1457029e-02  -2.8557157e+00  -1.5583707e-03   5.2891397e-03  -1.5418757e-03
   1.6272889e-01  -3.0428919e-02  -2.8440642e+00  -1.4961256e-03   4.2763993e-03  -1.5149503e-03
   1.5256338e-01  -1.0883977e-03  -2.9636112e+00  -2.5067810e-03   4.1593196e-03  -1.4608103e-03
   1.5669824e-01  -3.1138321e-03  -2.9839403e+00  -3.5985237e-03   4.7502830e-03  -1.5210476e-03
   1.7279121e-01  -5.7811621e-03  -2.9856218e+00  -4.2753464e-03   3.7602469e-03  -1.6230737e-03
   1.7682223e-01  -1.8420228e-02  -2.9757137e+00  -4.6313847e-03   4.8242051e-03  -2.1023441e-03
   1.8076292e-01   2.3262784e-02  -3.0373072e+00  -6.9612806e-03   3.2840767e-03  -2.3619002e-03
   1.9302852e-01   1.1816516e-02  -2.9670187e+00  -1.1857980e-02   5.8241258e-03  -1.9853028e-03
   1.1641667e-01   8.2373864e-03  -2.9628953e+00  -2.3971689e-03   7.5439943e-03  -1.2834802e-03
   1.5805356e-01  -1.4811693e-02  -2.7398953e+00  -3.7161977e-03   8.2035801e-03  -1.9682198e-03
   1.6360080e-01   2.4536635e-02  -2.7347578e+00  -5.0693828e-03   8.1535333e-03  -2.3013890e-03
   1.6543764e-01  -7.6898144e-03  -2.7285646e+00  -4.3496637e-03   7.2518036e-03  -2.3212113e-03
   1.6584851e-01  -1.0966310e-02  -2.8113177e+00  -4.7091939e-03   7.4917840e-03  -2.3420922e-03
   1.4953363e-01   3.1236761e-02  -2.7377762e+00  -5.3871615e-03   7.7610170e-03  -2.2437966e-03
   1.5845064e-01   3.6007581e-04  -2.7351046e+00  -4.4001727e-03   7.7628405e-03  -2.5778750e-03
   1.6744703e-01   3.9427819e-02  -2.7647268e+00  -6.1140273e-03   7.9951779e-03  -2.7358412e-03
   1.5913259e-01   3.0016871e-02  -2.6720186e+00  -5.0642616e-03   7.7042751e-03  -2.5415896e-03
   1.2938337e-01  -1.0462187e-02  -2.8051855e+00  -1.9234699e-03   7.2660167e-03  -1.6828941e-03
   2.8982771e-01   2.4043723e-01  -3.0276968e+00  -1.3249746e-02  -3.8676108e-03  -4.0196257e-03
   2.2898139e-01   1.3822473e-01  -2.9689019e+00  -6.2693277e-03   1.4077976e-03  -2.6263377e-03
   1.3467720e-01   6.5138422e-02  -2.8297839e+00  -6.3159830e-03   3.7485251e-03  -8.3514290e-04
   1.2972107e-01   5.4897762e-02  -2.8579839e+00  -6.2695634e-03   4.4043215e-03  -6.5839604e-04
   1.5079347e-01   1.8606440e-01  -2.5793877e+00  -1.0995702e-02   7.5030611e-03  -2.1189162e-03
   2.0798383e-01   1.1181061e-01  -1.3556572e+00  -9.0563168e-04   1.0923350e-02  -2.6068219e-03
   6.1200033e-02   8.0826286e-02  -3.2513932e+00  -1.6085771e-02   3.8952891e-03  -1.9184220e-04
   8.3537144e-02   7.7287459e-02  -3.2728857e+00  -1.7324066e-02   3.5860103e-03  -7.3012275e-04
   9.6811796e-02   5.7053913e-02  -3.2799501e+00  -1.7522274e-02   4.1115961e-03  -7.7165446e-04
   9.5417603e-02   4.7723971e-02  -3.3413711e+00  -1.7826082e-02   3.5149797e-03  -8.0500976e-04
   1.1185547e-01   2.8049797e-02  -3.3819833e+00  -1.7581159e-02   3.2037448e-03  -1.0930421e-03
   1.0556396e-01   6.2810485e-02  -3.4247914e+00  -1.8637843e-02   3.3319262e-03  -1.0248237e-03
   1.2053493e-01   5.5594986e-02  -3.4414452e+00  -1.9020291e-02   3.6067648e-03  -1.1586397e-03
   1.1448648e-01   3.2735411e-02  -3.4783949e+00  -1.9211486e-02   3.1657109e-03  -1.0866759e-03
   1.1387452e-01   6.4308849e-02  -3.3840107e+00  -1.8590382e-02   2.5031819e-03  -1.0131084e-03
   1.1898252e-01   4.4477699e-02  -3.4229047e+00  -1.8604151e-02   2.5249671e-03  -1.1405676e-03
   1.2609220e-01   4.8851910e-02  -3.4500933e+00  -1.7720207e-02   2.8414050e-03  -1.1035180e-03
   1.0712887e-01   4.8631248e-02  -3.4018679e+00  -1.8575267e-02   3.6747417e-03  -7.4446015e-04
   1.2270402e-01   5.2272448e-02  -3.4107141e+00  -1.8253657e-02   3.4752469e-03  -1.1504407e-03
   1.2468873e-01   4.7799434e-02  -3.4074945e+00  -1.8227988e-02   3.2272697e-03  -1.2747999e-03
   2.1259421e-01  -2.6524050e-02  -3.2753165e+00  -2.5084429e-02  -2.2384455e-04  -3.8507444e-03
   1.5877059e-01   1.4719656e-01  -1.9728176e+00  -1.2282088e-02   8.1722493e-03  -7.7233635e-05
   8.1283111e-02   1.7648674e-02  -4.8279719e+00  -3.0379900e-02   1.0279219e-03   2.4986991e-03
   1.2255667e-01   1.0106403e-01  -4.6144042e+00  -2.9157451e-02  -1.6798993e-03   1.3630711e-03
   1.3745332e-01   1.7154138e-02  -4.3965193e+00  -2.4117896e-02   3.4611332e-03   6.9791657e-04
   1.5119211e-01   8.7352801e-04  -4.1279103e+00  -1.8737489e-02   5.7760500e-03  -1.8648549e-04
   1.9553672e-01   6.2981383e-04  -4.2185532e+00  -2.0834752e-02   6.4886221e-03  -1.2984353e-03
   1.5513198e-01   2.0905596e-02  -4.3589560e+00  -2.3906105e-02   3.8773701e-03  -4.5985887e-04
   1.6248520e-01   1.3856625e-02  -4.4532659e+00  -2.4225138e-02   3.4899983e-03  -6.6427745e-04
   1.6939741e-01   3.5348318e-02  -4.4889531e+00  -2.4817564e-02   3.3023988e-03  -6.9778366e-04
   1.5772949e-01   4.9575820e-02  -4.4523251e+00  -2.4963863e-02   3.3755361e-03  -7.5853818e-04
   1.5578943e-01   5.9610982e-02  -4.4243253e+00  -2.6608587e-02   3.8785004e-03  -1.1650007e-03
   1.4987131e-01   7.8781650e-02  -4.4515779e+00  -2.7061716e-02   4.0166751e-03  -1.2638975e-03
   1.6255166e-01   6.7755774e-02  -4.4699224e+00  -2.6518730e-02   3.1218236e-03  -9.7223289e-04
   1.5515146e-01   6.7121641e-02  -4.4518918e+00  -2.5568509e-02   3.2537368e-03  -1.1144567e-03
   1.7472220e-01   1.4835441e-02  -4.4536607e+00  -2.4125027e-02   2.8191910e-03  -1.1963672e-03
   1.6257279e-01   4.4526236e-02  -4.4513710e+00  -2.7694235e-02   2.6830223e-03  -1.5563680e-03
   1.9118567e-01   4.6919880e-02  -3.9781917e+00  -2.0668376e-02   1.6467651e-03  -1.6813283e-03
   1.7667748e-01   5.6337865e-02  -4.0844084e+00  -2.2633980e-02   1.8530825e-03  -1.4916885e-03
   1.8672491e-01   3.6743976e-03  -4.2048679e+00  -2.1265453e-02   2.1553242e-03  -1.6844891e-03
   1.9183557e-01   4.5042105e-02  -4.2112877e+00  -2.3165938e-02   3.0496789e-03  -1.7458658e-03
   1.6605034e-01   6.9035094e-02  -4.1378541e+00  -2.2362850e-02   2.7358746e-03  -1.4594067e-03
   1.7712665e-01   4.1162855e-02  -4.1551952e+00  -2.2920148e-02   2.0585878e-03  -1.8521206e-03
   1.9045290e-01   4.3642784e-02  -4.0309419e+00  -2.0920779e-02   2.3372748e-03  -1.8910081e-03
   1.7904399e-01   4.3310391e-02  -4.1078138e+00  -2.2676134e-02   2.6709684e-03  -1.5720289e-03
   1.9068317e-01   3.8560071e-02  -4.1085228e+00  -2.1752787e-02   2.8125203e-03  -1.6866290e-03
   1.8179821e-01   4.1883576e-02  -4.1248648e+00  -2.2170434e-02   2.7328011e-03  -1.5956414e-03
   1.8102819e-01   4.5776814e-02  -4.1557803e+00  -2.2570380e-02   2.5452619e-03  -1.6209526e-03
   1.8166856e-01   4.8292031e-02  -4.1714843e+00  -2.2997371e-02   2.6908378e-03  -1.5766081e-03
   1.9145130e-01   3.5858718e-02  -4.0616964e+00  -2.2018210e-02   2.8680506e-03  -1.6164559e-03
   1.9338128e-01   5.0845664e-02  -4.1114259e+00  -2.1707052e-02   4.9783339e-03  -1.7263003e-03
   1.7600391e-01   1.7521953e-02  -3.9451824e+00  -1.4106678e-02   1.5685511e-03  -1.4128613e-03
   1.7300271e-01   3.9342163e-02  -4.1733122e+00  -1.7630376e-02   1.7386645e-03  -1.6523328e-03
   1.8107484e-01   2.3227501e-02  -4.2141971e+00  -1.8255171e-02   2.0884014e-03  -2.0771905e-03
   1.7882734e-01   2.4809524e-02  -4.2737258e+00  -1.9893056e-02   2.3675355e-03  -1.9092000e-03
   1.8169504e-01   5.3577755e-02  -4.3139280e+00  -2.0055443e-02   2.1678144e-03  -1.8984647e-03
   1.8891652e-01   4.7464864e-02  -4.4182273e+00  -2.1443107e-02   2.1724644e-03  -2.0968448e-03
   1.8622581e-01   3.6184524e-02  -4.4136895e+00  -2.0996914e-02   2.5678240e-03  -1.9464952e-03
   1.8799861e-01   4.4534762e-02  -4.4193013e+00  -2.1241173e-02   1.8829385e-03  -2.2952942e-03
   1.7778318e-01   4.8539674e-02  -4.3887897e+00  -2.0715285e-02   3.1616892e-03  -1.7168872e-03
   1.6232107e-01   4.6366589e-02  -4.2896261e+00  -2.1535212e-02   3.5481572e-03  -1.6190751e-03
   1.7262045e-01   3.9203660e-02  -4.2807920e+00  -2.0354124e-02   3.6886332e-03  -1.6872702e-03
   1.8353968e-01   5.4589064e-02  -4.3035251e+00  -2.1130124e-02   3.9139742e-03  -2.0331980e-03
   1.8102177e-01   5.0201317e-02  -4.2817155e+00  -2.1253843e-02   4.2526537e-03  -1.7061862e-03
   1.7634385e-01   4.9999582e-02  -4.3055673e+00  -2.3010827e-02   3.5644922e-03  -2.0492007e-03
   1.7712236e-01   6.6325377e-02  -4.2716735e+00  -2.1433650e-02   3.9944614e-03  -2.1349115e-03
   1.7267918e-01   6.5283844e-02  -4.2524782e+00  -2.1525665e-02   4.9881264e-03  -1.9257216e-03
   1.8906501e-01   3.6416041e-02  -4.2181464e+00  -2.1020744e-02   3.7968235e-03  -2.2481235e-03
   1.6743475e-01   5.3512249e-02  -4.0851445e+00  -1.8554708e-02   6.5902705e-03  -2.0987942e-03
   1.7008399e-01   4.9934615e-02  -4.1046162e+00  -1.8720472e-02   6.5348094e-03  -2.1983989e-03
   1.7145915e-01   5.3446171e-02  -4.1191407e+00  -2.0115359e-02   6.2721059e-03  -2.5405475e-03
   1.8341310e-01   5.0106537e-02  -4.0081695e+00  -1.8112447e-02   5.3594313e-03  -2.5010177e-03
   1.7168231e-01   5.7611270e-02  -4.0114664e+00  -1.8704295e-02   6.0472369e-03  -2.2917661e-03
   1.6252919e-01   6.2476342e-02  -3.9579495e+00  -1.9242764e-02   6.5522453e-03  -2.2625922e-03
   1.6830570e-01   4.8845217e-02  -3.9908941e+00  -1.8822462e-02   6.3746561e-03  -1.9625273e-03
   1.6722029e-01   5.0970120e-02  -4.0052539e+00  -1.8999272e-02   6.1009970e-03  -2.0961039e-03
   1.5572199e-01   4.4695961e-02  -4.0678997e+00  -1.9902531e-02   5.5879649e-03  -1.7191889e-03
   1.7025032e-01   6.5221825e-02  -4.0281386e+00  -2.0219183e-02   5.1999078e-03  -1.9484508e-03
   1.5914806e-01   5.4590334e-02  -4.0448625e+00  -2.0201273e-02   5.4855568e-03  -1.9345355e-03
   1.5939293e-01   2.7698251e-02  -4.0404648e+00  -1.9718401e-02   5.8729063e-03  -1.9608467e-03
   1.5882647e-01   4.9942843e-02  -4.0874725e+00  -2.0183874e-02   5.7377585e-03  -1.7894816e-03
   1.6165570e-01   7.5740021e-02  -4.0247920e+00  -1.8384068e-02   9.3796468e-03  -2.4526301e-03
   1.5598598e-01   6.0186736e-02  -4.1520820e+00  -1.7061719e-02   6.5229969e-03  -1.6998924e-03
   1.5574829e-01   5.1242269e-02  -4.1575399e+00  -1.8146239e-02   6.3191754e-03  -1.6249891e-03
   1.4794099e-01   4.7441462e-02  -4.1573197e+00  -1.8564459e-02   6.2241221e-03  -1.7050181e-03
   1.5826401e-01   3.7063780e-02  -4.1603410e+00  -1.8600170e-02   5.8078582e-03  -1.8278765e-03
   1.6502439e-01   5.6721501e-02  -4.1594254e+00  -1.9824717e-02   5.9582758e-03  -1.7994883e-03
   1.8189964e-01   3.0870572e-02  -4.1320942e+00  -1.8246700e-02   6.2668248e-03  -2.0007193e-03
   1.7714916e-01   4.9164029e-02  -4.1228152e+00  -1.7726651e-02   4.8032975e-03  -1.7357464e-03
   1.6587528e-01   4.5004781e-02  -4.0664534e+00  -1.8095833e-02   5.5709572e-03  -1.8056546e-03
   1.7018707e-01   3.8555541e-02  -4.0995669e+00  -1.8453512e-02   5.6434098e-03  -1.8631392e-03
   1.7567973e-01   1.9732540e-02  -4.0279088e+00  -1.6580392e-02   4.7451972e-03  -1.9157459e-03
   1.5988480e-01   5.5150154e-02  -4.1175474e+00  -1.8471645e-02   4.9763909e-03  -1.8279611e-03
   1.7762819e-01   4.1423608e-02  -4.1419851e+00  -1.8641606e-02   5.2461558e-03  -2.0647766e-03
   1.9858240e-01   2.2190086e-02  -3.8318042e+00  -1.7809448e-02   4.1086868e-03  -2.5253935e-03
   1.7574830e-01   3.9213674e-02  -3.9251082e+00  -1.7572304e-02   4.2829140e-03  -2.2954241e-03
   1.7117031e-01   3.9668070e-02  -3.8922510e+00  -1.7984112e-02   4.6210714e-03  -2.1700381e-03
   1.7144486e-01   3.7709222e-02  -3.8895301e+00  -1.7990089e-02   4.8762032e-03  -2.2485587e-03
   1.7603878e-01   1.7770536e-02  -3.7884106e+00  -1.8122784e-02   6.8706907e-03  -3.5484424e-03
   1.7278003e-01   3.9900892e-02  -3.9132646e+00  -1.7670327e-02   5.3595356e-03  -2.2976191e-03
   1.6911416e-01   2.6528652e-02  -3.9414030e+00  -1.7637956e-02   5.9779225e-03  -2.0383116e-03
   1.6875644e-01   5.0784631e-02  -3.9665186e+00  -1.8113580e-02   5.6174169e-03  -2.0130203e-03
   1.6468024e-01   3.9790089e-02  -3.9852249e+00  -1.8507595e-02   5.7101324e-03  -2.2739554e-03
   1.8443211e-01   3.8581119e-02  -3.8197717e+00  -1.6273560e-02   5.3398686e-03  -2.5991576e-03
   1.6120787e-01   4.8896119e-02  -3.9880982e+00  -1.7730396e-02   6.0316506e-03  -2.0144021e-03
   1.6415097e-01   3.0517640e-02  -4.0293432e+00  -1.7920577e-02   5.6070642e-03  -1.9288933e-03
   1.6520089e-01   5.1956853e-02  -3.9984463e+00  -1.8403249e-02   5.9472536e-03  -2.0953330e-03
   1.6013855e-01   2.7865197e-02  -4.0287199e+00  -1.7966552e-02   5.8297367e-03  -2.2209392e-03
   1.6303918e-01   4.1580839e-02  -4.0593599e+00  -1.8471424e-02   5.6283701e-03  -2.0876500e-03
   1.4251103e-01   4.8845039e-02  -3.3182795e+00  -2.1316638e-02   1.6530046e-02  -2.1178060e-03
   1.3254499e-01   8.3882247e-02  -2.5253732e+00  -8.3265654e-03   1.1022530e-02  -1.4377054e-03
   1.4641467e-01   4.3106419e-02  -2.6171906e+00  -9.9937054e-03   1.0112206e-02  -1.8298039e-03
   1.8634976e-01   3.6929684e-02  -2.5335863e+00  -6.1335820e-03   1.1786277e-02  -2.4244761e-03
   1.2717502e-01   6.3935729e-02  -3.1503377e+00  -1.4115286e-02   1.8743433e-02  -1.1619905e-03
   1.2082892e-01   6.9926604e-02  -3.1829503e+00  -1.5426319e-02   1.7765167e-02  -1.1336029e-03
   1.3898182e-01   6.0080629e-02  -3.2460890e+00  -1.1003687e-02   1.5664359e-02  -1.1530673e-03
   1.4761567e-01   5.7028063e-02  -3.6568129e+00  -1.9344314e-02   1.4519812e-02  -8.6213106e-04
   1.5973092e-01   5.1118576e-02  -3.5122816e+00  -1.8210996e-02   1.3902829e-02  -1.9146453e-03
   1.9478293e-01   7.7433507e-02  -3.3153161e+00  -1.6449391e-02   1.3590079e-02  -2.2761988e-03
   1.8959055e-01   7.8902084e-02  -3.3097322e+00  -1.7455924e-02   1.2263197e-02  -2.0582330e-03
   1.9538103e-01   7.9340329e-02  -3.3288269e+00  -1.7933054e-02   1.2229576e-02  -2.0420657e-03
   1.7806480e-01   7.3094705e-02  -3.3711994e+00  -1.8187494e-02   1.2354447e-02  -1.8767995e-03
   1.8566916e-01   7.3753190e-02  -3.3930335e+00  -1.7582992e-02   1.2868650e-02  -1.8153831e-03
   1.7363879e-01   7.1942139e-02  -3.4115547e+00  -1.7999821e-02   1.2334516e-02  -1.5304936e-03
   1.7118517e-01   6.8284296e-02  -3.3772850e+00  -1.7232915e-02   1.1953392e-02  -1.5433492e-03
   1.7148980e-01   7.0311258e-02  -3.4019383e+00  -1.7105900e-02   1.1597550e-02  -1.6959883e-03
   1.6981461e-01   7.8345530e-02  -3.3985738e+00  -1.7437909e-02   1.1554946e-02  -1.6023821e-03
   1.7930199e-01   6.5897017e-02  -3.3713929e+00  -1.7013199e-02   1.1347390e-02  -1.8097566e-03
   1.7692827e-01   7.6014172e-02  -3.3517397e+00  -1.6392904e-02   1.1353039e-02  -1.7159765e-03
   1.7629600e-01   6.8460116e-02  -3.3706075e+00  -1.6917532e-02   1.1585666e-02  -1.7056342e-03
   1.7799993e-01   7.2592098e-02  -3.3572203e+00  -1.6826483e-02   1.0732877e-02  -1.5013789e-03
   1.7978175e-01   7.0644406e-02  -3.3535531e+00  -1.7572538e-02   1.0398194e-02  -1.6949860e-03
   1.8143939e-01   6.3120386e-02  -3.3478644e+00  -1.6517097e-02   1.0123014e-02  -1.6956924e-03
   1.9343539e-01   5.8169504e-02  -3.3193460e+00  -1.5973426e-02   1.0943486e-02  -1.6489508e-03
   1.7061341e-01   6.8331754e-02  -3.3455728e+00  -1.6187698e-02   1.1287525e-02  -1.4636226e-03
   1.7131133e-01   4.5763335e-02  -3.3830554e+00  -1.6298976e-02   1.0667880e-02  -1.4308817e-03
   1.8554968e-01   6.6660479e-02  -3.4198234e+00  -1.7150958e-02   1.0373033e-02  -1.6224071e-03
   2.1182400e-01   3.9641231e-02  -3.2111155e+00  -1.1480401e-02   1.2879186e-02  -1.8719615e-03
   1.9533908e-01   4.4631788e-02  -3.3586161e+00  -1.2502854e-02   1.3125790e-02  -1.4186006e-03
   1.8689190e-01   3.6105822e-02  -3.2241770e+00  -1.1130172e-02   1.4319264e-02  -1.1924152e-03
   1.3352079e-01   4.3928407e-02  -3.4310526e+00  -1.3669627e-02   1.2392439e-02  -4.8902769e-04
   1.4325697e-01   3.7806276e-02  -3.4810198e+00  -1.6563652e-02   1.3582566e-02  -4.5366411e-04
   1.1233397e-01   5.7150047e-02  -3.5070368e+00  -1.6392732e-02   1.1712953e-02   1.8954720e-04
   1.9625902e-01   1.0681663e-01  -3.3402116e+00  -2.9359266e-02   1.0731408e-02  -1.3544062e-03
   1.8782920e-01   2.3195739e-01  -3.8979405e+00  -1.8029938e-02  -3.5730461e-03  -1.1767232e-04
   1.5810906e-01   5.9699613e-02  -3.6886904e+00  -1.2977550e-02   6.1262542e-03  -1.2081079e-03
   1.6883323e-01   7.0998284e-02  -3.6178603e+00  -1.3810720e-02   7.5836891e-03  -1.4922891e-03
   1.7040913e-01   1.9855506e-01  -3.6581571e+00  -1.6079688e-02   4.0720375e-03  -2.0770672e-03
   1.3769961e-01   6.5173511e-02  -3.8447786e+00  -1.3201605e-02   2.9768448e-03  -9.3631770e-04
   1.6582494e-01   3.9366709e-02  -3.7814438e+00  -1.4005414e-02   4.3332024e-03  -1.4916918e-03
   1.5390682e-01   5.3519617e-02  -3.7029953e+00  -1.2226934e-02   3.6314377e-03  -1.4147348e-03
   1.5792338e-01   6.8551571e-02  -3.7086901e+00  -1.3200981e-02   3.5240536e-03  -1.4051765e-03
   1.6058583e-01   5.3481602e-02  -3.6885649e+00  -1.2993242e-02   3.6052352e-03  -1.6627017e-03
   1.5439857e-01   4.2854999e-02  -3.7144840e+00  -1.3346029e-02   3.6503922e-03  -1.4694819e-03
   1.6274997e-01   5.9322449e-02  -3.7490643e+00  -1.3702401e-02   3.9691569e-03  -1.6286113e-03
   1.7035215e-01   3.6218807e-02  -3.7300712e+00  -1.3727821e-02   3.8432678e-03  -1.7448601e-03
   1.7113045e-01   4.1703853e-02  -3.6657852e+00  -1.3262362e-02   3.8462977e-03  -1.6558841e-03
   1.7548758e-01   4.0495948e-02  -3.6813605e+00  -1.2967930e-02   4.4975409e-03  -1.6893034e-03
   1.6967820e-01   6.5058439e-02  -3.7282053e+00  -1.3500269e-02   5.8735193e-03  -1.9878365e-03
   1.7283476e-01   1.4077169e-02  -3.6238476e+00  -1.3899762e-02   5.3351703e-03  -1.1326680e-03
   1.6300135e-01   5.4059813e-02  -3.4828682e+00  -9.1770720e-03   5.2759263e-03  -1.2715258e-03
   1.7275885e-01   4.1736856e-02  -3.5749893e+00  -1.1571717e-02   5.1319299e-03  -1.5014493e-03
   1.7750598e-01   3.1681829e-02  -3.6091276e+00  -1.1616756e-02   4.5265518e-03  -1.5210724e-03
   1.6874807e-01   4.6803181e-02  -3.6377574e+00  -1.2750461e-02   5.1083742e-03  -1.5170353e-03
   1.7367271e-01   1.3742947e-02  -3.6786971e+00  -1.2588301e-02   4.8497409e-03  -1.7116145e-03
   1.7715000e-01   4.9269815e-02  -3.6728208e+00  -1.3013649e-02   5.1358852e-03  -1.7054062e-03
   1.5475283e-01   4.6171626e-02  -3.6777597e+00  -1.3765246e-02   5.6670754e-03  -1.5366890e-03
   1.6823503e-01   2.9116479e-02  -3.6400596e+00  -1.2833715e-02   5.3317869e-03  -1.4468003e-03
   1.6760568e-01   5.2780765e-02  -3.6995995e+00  -1.3866420e-02   5.1894067e-03  -1.7111201e-03
   1.7120972e-01   3.5781264e-02  -3.6903418e+00  -1.3518612e-02   4.8736115e-03  -1.7196444e-03
   1.7771050e-01   2.2591162e-02  -3.7107690e+00  -1.3152081e-02   4.7498797e-03  -1.7993800e-03
   1.7691399e-01   4.0170751e-02  -3.7542325e+00  -1.3826682e-02   5.2928324e-03  -1.6932070e-03
   1.8384607e-01   3.6030410e-02  -3.7666986e+00  -1.4106136e-02   6.2438612e-03  -2.4037542e-03
   1.7705822e-01   3.7342029e-02  -3.7801729e+00  -1.4473764e-02   6.4190240e-03  -2.2343830e-03
   1.6820221e-01   3.7878580e-02  -3.7883109e+00  -1.4610369e-02   6.3333779e-03  -2.0113061e-03
   1.6437393e-01   3.3595326e-02  -3.7852550e+00  -1.4758407e-02   6.4830066e-03  -1.8229944e-03
   1.7640525e-01   2.5318867e-02  -3.7727863e+00  -1.3613023e-02   6.2668560e-03  -2.1156775e-03
   1.6030534e-01   4.9913483e-02  -3.7702932e+00  -1.4435213e-02   6.9801049e-03  -1.8000695e-03
   1.6617753e-01   2.6237558e-02  -3.7384421e+00  -1.4425038e-02   7.0566091e-03  -2.0053617e-03
   1.6574901e-01   4.3199990e-02  -3.7706056e+00  -1.4750821e-02   6.6638975e-03  -2.0352904e-03
   1.6575934e-01   1.5786711e-02  -3.7518680e+00  -1.3806106e-02   6.4050414e-03  -2.0566267e-03
   1.7132509e-01   2.5470045e-02  -3.7766301e+00  -1.3997700e-02   5.9097933e-03  -2.1519475e-03
   1.6918287e-01   2.8438510e-02  -3.7330732e+00  -1.3605310e-02   6.6049459e-03  -1.9742903e-03
   1.7272066e-01   3.7741884e-02  -3.7798906e+00  -1.4112235e-02   6.5066214e-03  -2.1104063e-03
   1.6592839e-01   2.7478776e-02  -3.8138706e+00  -1.6013332e-02   6.7021515e-03  -2.1627265e-03
   1.7731932e-01   2.8440027e-02  -3.7782426e+00  -1.3906127e-02   6.1536078e-03  -1.8815512e-03
   1.7782843e-01   3.9589203e-02  -3.7473441e+00  -1.4153387e-02   6.4690934e-03  -2.1404870e-03
   1.7621887e-01   2.5163832e-02  -3.6685437e+00  -1.3471299e-02   6.0883609e-03  -2.1554348e-03
   1.8343538e-01   2.3851994e-02  -3.7305773e+00  -1.4349755e-02   6.5855632e-03  -2.2860916e-03
   1.5901357e-01   2.3457345e-02  -3.7040468e+00  -1.4005027e-02   7.3936624e-03  -2.0048164e-03
   1.7115259e-01   1.9862706e-02  -3.6981041e+00  -1.3610470e-02   7.1130997e-03  -2.2573014e-03
   1.6491000e-01   4.4315684e-02  -3.7083061e+00  -1.4333215e-02   7.2243541e-03  -2.2236699e-03
   1.6811531e-01   1.4238181e-02  -3.7642228e+00  -1.7864584e-02   6.9965308e-03  -2.6753046e-03
   1.5032095e-01   7.2393175e-03  -3.2921011e+00  -7.8745130e-03   5.5268071e-03  -1.6140407e-03
   1.7101721e-01   5.5252199e-02  -3.5111347e+00  -1.2742407e-02   5.3892026e-03  -2.0165309e-03
   1.8038582e-01   3.1435157e-02  -3.5432658e+00  -1.2578613e-02   6.0526104e-03  -2.3714447e-03
   1.9251098e-01  -1.5095274e-02  -3.5855255e+00  -1.5759016e-02   8.9606718e-03  -5.1940018e-03
   1.8072901e-01   7.3679324e-03  -3.6588404e+00  -1.4001842e-02   6.5359239e-03  -2.3460456e-03
   1.7546259e-01   4.3399816e-02  -3.6609273e+00  -1.4804972e-02   6.6481441e-03  -2.3243433e-03
   1.7488521e-01   3.1985014e-02  -3.6971080e+00  -1.5139554e-02   6.3826193e-03  -2.4564160e-03
   1.6938931e-01   3.8480538e-02  -3.7075114e+00  -1.5338432e-02   6.8287008e-03  -2.2812457e-03
   1.5251517e-01   4.1463335e-02  -3.7188541e+00  -1.3359037e-02   8.9607070e-03  -2.2599055e-03
   1.5726839e-01   4.1990109e-02  -3.7583141e+00  -1.5853073e-02   7.7143555e-03  -2.0046316e-03
   1.5422077e-01   2.6139298e-02  -3.7499813e+00  -1.4638822e-02   6.9167841e-03  -1.9848885e-03
   1.7489186e-01   3.8524899e-02  -3.7258695e+00  -1.5024508e-02   6.7364693e-03  -2.1669369e-03
   1.7418071e-01   3.4954669e-02  -3.7705928e+00  -1.5361906e-02   6.3772756e-03  -2.1634820e-03
   1.5880174e-01   3.4699551e-02  -3.7420370e+00  -1.5392775e-02   6.6051519e-03  -1.9898155e-03
   1.5971078e-01   3.6679737e-02  -3.7262049e+00  -1.5496274e-02   6.6197736e-03  -1.9847125e-03
   1.7711999e-01   2.7950096e-02  -3.7299559e+00  -1.5056832e-02   6.4370305e-03  -2.1595263e-03
   1.7773487e-01   3.7137604e-02  -3.7429470e+00  -1.5391886e-02   6.6269270e-03  -2.1524740e-03
   1.6070818e-01   2.2627268e-02  -3.7770673e+00  -1.6005718e-02   6.2768065e-03  -2.0366808e-03
   1.6626826e-01   2.3753741e-02  -3.7914482e+00  -1.6941139e-02   7.0851538e-03  -2.7512581e-03
   1.7559357e-01   1.6240512e-02  -3.7507326e+00  -1.5565993e-02   6.8669336e-03  -2.4141484e-03
   1.6838281e-01   3.4344604e-02  -3.7642210e+00  -1.5958751e-02   6.8314755e-03  -2.1440452e-03
   1.6412413e-01   3.5829553e-02  -3.7494404e+00  -1.5366234e-02   7.1604521e-03  -2.0855886e-03
   1.7580965e-01   2.3388919e-02  -3.7736191e+00  -1.5207602e-02   6.0380047e-03  -1.9837489e-03
   2.0491341e-01   4.7340826e-02  -3.5013068e+00  -1.4962990e-02   9.5901279e-03  -3.0769685e-03
   1.9686667e-01   1.1117888e-02  -3.3286628e+00  -4.7317054e-03   1.2033578e-02  -2.7497747e-03
   1.5466722e-02   7.0939609e-02  -3.9242173e+00  -1.6578098e-02   1.1719496e-02   1.0693057e-03
   7.8700448e-02   4.4405335e-02  -3.5407948e+00  -1.1512435e-02   1.1888428e-02  -7.6761148e-04
   1.2911166e-01   6.9931364e-02  -4.3987142e+00  -1.8806337e-02   1.6384205e-02  -1.2697170e-03
   1.3346218e-01   8.6034961e-02  -4.4063295e+00  -2.0170759e-02   1.6552160e-02  -1.8933973e-03
   1.3360856e-01   6.6964123e-02  -4.3585019e+00  -2.0454145e-02   1.6868143e-02  -1.8489765e-03
   1.3304956e-01   6.6939206e-02  -4.3826639e+00  -2.0649920e-02   1.6485475e-02  -1.8161106e-03
   1.4973259e-01   6.5842590e-02  -4.3774859e+00  -2.0144816e-02   1.6301200e-02  -1.7853839e-03
   1.5991986e-01   5.1132073e-02  -4.3730781e+00  -2.0228200e-02   1.6797177e-02  -2.1002228e-03
   2.0532117e-01   1.1891080e-02  -4.1789030e+00  -1.6329865e-02   1.7277713e-02  -2.5108940e-03
   2.0426333e-01   4.0204074e-03  -4.1363327e+00  -1.4381083e-02   1.9421761e-02  -2.7719128e-03
   2.0815650e-01  -1.5316737e-03  -4.0218358e+00  -1.3791331e-02   1.7134736e-02  -2.5907870e-03
   1.7851892e-01   2.8884367e-02  -4.1829164e+00  -1.7249848e-02   1.5746410e-02  -2.1403319e-03
   1.3614440e-01  -3.4465660e-02  -4.4248542e+00  -1.4563464e-02   1.7825872e-02  -2.7266804e-03
   1.5169095e-01   1.6994540e-02  -4.4807530e+00  -1.8293423e-02   1.6561611e-02  -2.2447128e-03
   1.3324375e-01   4.2372526e-02  -4.5224494e+00  -1.9869161e-02   1.5827606e-02  -1.9908671e-03
   1.4638228e-01   4.1393876e-02  -4.4624739e+00  -1.9676978e-02   1.5211243e-02  -2.0777228e-03
   1.5120024e-01   6.2407511e-02  -4.4236049e+00  -1.9353130e-02   1.4913021e-02  -2.2362461e-03
   1.4506596e-01   4.6498790e-02  -4.5679589e+00  -1.9168007e-02   1.3970225e-02  -1.8458392e-03
   1.5222018e-01   4.6659412e-02  -4.4583180e+00  -1.9269021e-02   1.4513284e-02  -1.9454709e-03
   1.4971853e-01   3.7687589e-02  -4.4280857e+00  -1.8970802e-02   1.4509635e-02  -1.8673682e-03
   1.7920046e-01   4.8768946e-02  -3.7465297e+00  -1.0954728e-02   1.7026244e-02  -2.9749882e-03
   1.5198719e-01   7.5741420e-02  -4.2969844e+00  -1.8707460e-02   1.6634305e-02  -1.7891452e-03
   6.3954065e-02   9.2591246e-02  -4.2839979e+00  -2.2957853e-02   2.1120943e-02  -2.9139869e-03
   1.2500248e-01   6.1881611e-02  -4.2245247e+00  -2.0001687e-02   1.7886604e-02  -2.0195806e-03
   1.3580738e-01   4.2473393e-02  -4.2156890e+00  -1.9105746e-02   1.7329524e-02  -2.0383239e-03
   1.4931807e-01   5.8590404e-02  -4.2423959e+00  -1.9922916e-02   1.6434409e-02  -1.9238158e-03
   1.4089793e-01   3.2134608e-02  -4.2644411e+00  -1.9601860e-02   1.5834593e-02  -1.9642031e-03
   1.2525044e-01   5.0562322e-02  -4.5518920e+00  -2.0074126e-02   1.4775294e-02  -1.3971780e-03
   1.8787411e-01   2.0659905e-01  -3.0957188e+00  -4.8512528e-02   1.3435803e-02  -8.5929727e-04
   2.3664462e-01   2.8478756e-01  -1.1677096e-01   1.4502046e-02   1.1187317e-03  -5.2806117e-03
   2.1105384e-01   2.2426269e-02  -2.0393059e+00  -7.5980114e-03   8.7731237e-03  -3.7631732e-03
   2.6853500e-01   4.7275839e-02  -2.5326609e+00  -5.8407122e-03  -7.7578396e-04  -3.2659483e-03
   2.6827890e-01   5.5043691e-02  -2.5548608e+00  -5.4252262e-03   5.9675666e-04  -4.5699386e-03
   2.4070049e-01   1.7993459e-02  -3.9017649e+00  -2.2718404e-02  -2.6147177e-03  -3.8320133e-03
   2.2549245e-01  -3.4138428e-02  -3.4044110e+00  -7.4985544e-03  -4.8143428e-04  -3.9909276e-03
   2.2993466e-01   3.3751359e-02  -3.6598912e+00  -1.5118192e-02   1.8310634e-03  -3.8225665e-03
   2.4116401e-01   3.6255212e-03  -3.4833554e+00  -1.2926711e-02   2.5805704e-03  -4.3309601e-03
   2.2803920e-01   2.0595646e-02  -3.4969568e+00  -1.3083879e-02   2.7435926e-03  -4.1082873e-03
   2.1873147e-01   2.2525419e-02  -3.5842198e+00  -1.4521837e-02   3.8239188e-03  -4.0532432e-03
   2.1688477e-01   9.8908730e-04  -3.5877912e+00  -1.3798784e-02   3.2556552e-03  -3.9047956e-03
   2.2727913e-01   2.8386015e-02  -3.6509183e+00  -1.4275142e-02   4.0113563e-03  -3.9492589e-03
   2.1861986e-01   1.3004763e-02  -3.6346801e+00  -1.4268700e-02   4.4443214e-03  -3.9183419e-03
   2.1646299e-01   3.0558959e-02  -3.5933922e+00  -1.3309535e-02   4.2195869e-03  -3.9284700e-03
   2.1655101e-01   3.4617230e-02  -3.6136570e+00  -1.4347359e-02   4.8324042e-03  -3.8935964e-03
   2.1357635e-01   3.9522723e-02  -3.5913930e+00  -1.3841123e-02   5.2676589e-03  -3.9418268e-03
   2.1444910e-01   1.0575518e-01  -3.6313763e+00  -2.2622163e-02   7.4206676e-03  -5.3235752e-03
   2.5177598e-01  -1.1940456e-04  -3.2176817e+00   2.2412819e-03  -2.6923997e-03  -5.2646968e-03
   2.5848063e-01   1.9687949e-01  -1.3711659e+00  -3.6093882e-03   1.1781925e-02  -3.1989952e-03
   1.9178140e-01   4.1556539e-02  -1.0210539e+00  -1.4847836e-02   8.1147957e-03   1.5272840e-03
   1.2377335e-01  -1.8110857e-02  -1.2137182e+00   7.0495149e-03   7.9258842e-03   1.0553819e-03
   9.3256718e-02   9.9751913e-02  -1.8761009e+00  -9.1536926e-03   1.2513076e-02   1.0086508e-03
   1.1351342e-01   8.0752815e-02  -1.8363544e+00  -1.0831479e-02   1.3749375e-02   4.2768268e-04
   1.1494460e-01   8.1286540e-02  -1.8051417e+00  -1.1427622e-02   1.4237348e-02   4.8910817e-04
   1.2017554e-01   7.5595559e-02  -1.8268483e+00  -1.1889837e-02   1.4683985e-02   1.8990115e-04
   1.2094652e-01   8.2215414e-02  -1.8576150e+00  -1.2085039e-02   1.4515307e-02   2.8220181e-04
   1.2432248e-01   7.6983097e-02  -1.8592976e+00  -1.1908626e-02   1.4529548e-02   3.7487374e-04
   1.2391959e-01   9.8268638e-02  -1.8638167e+00  -1.1984065e-02   1.5233898e-02   5.0918245e-04
   1.2981440e-01   9.0796263e-02  -1.8738996e+00  -1.1708733e-02   1.5286404e-02   3.6759926e-04
   1.1841385e-01   8.1847301e-02  -1.8661964e+00  -9.7155119e-03   1.5835570e-02   9.0884411e-04
   1.0745736e-01   8.3882481e-02  -1.9258683e+00  -1.0653100e-02   1.5773228e-02   1.1083163e-03
   1.2658036e-01   7.6193074e-02  -1.8419024e+00  -1.0005078e-02   1.5601930e-02   5.3971801e-04
   1.2919823e-01   7.8452044e-02  -1.8957740e+00  -9.5313490e-03   1.4924887e-02   5.8211904e-04
   1.3588321e-01   7.9296578e-02  -1.9643682e+00  -9.3320570e-03   1.4323772e-02   3.4400110e-04
   1.3806868e-01   7.6349278e-02  -1.9764650e+00  -9.6047264e-03   1.3938655e-02   3.6419857e-04
   1.3778194e-01   8.6273340e-02  -2.0297576e+00  -1.1038957e-02   1.3997212e-02   4.5434902e-04
   1.2111607e-01   9.1813956e-02  -2.0487017e+00  -1.1363465e-02   1.4863751e-02   8.8848121e-04
   1.2834749e-01   6.2306825e-02  -1.9913583e+00  -9.7121432e-03   1.4260834e-02   8.8507050e-04
   1.3709744e-01   7.6361757e-02  -2.0446043e+00  -1.0386990e-02   1.4129862e-02   6.7410754e-04
   1.4678908e-01   7.3495918e-02  -2.0574721e+00  -1.0212885e-02   1.4032545e-02   3.8841792e-04
   1.5042309e-01   9.1298643e-02  -2.0897918e+00  -9.0686151e-03   1.3277450e-02   4.5868688e-04
   1.6170889e-01   3.2027529e-02  -2.5659137e+00  -1.5339943e-02   1.5401365e-02   2.3610822e-04
   1.6026150e-01   7.5455211e-02  -2.4447176e+00  -1.4640080e-02   1.4913827e-02   1.0417743e-04
   1.7835952e-01   6.4196220e-02  -2.3298798e+00  -1.2278569e-02   1.4193950e-02  -1.5801430e-04
   1.8734756e-01   7.0846992e-02  -2.2320634e+00  -1.0708536e-02   1.4855018e-02  -4.9157525e-04
   1.9614165e-01   5.0765840e-02  -2.2669094e+00  -1.0693131e-02   1.4092816e-02  -5.5904110e-04
   1.8900067e-01   6.7925198e-02  -2.2761270e+00  -1.1681877e-02   1.4588810e-02  -6.5450704e-04
   1.8227888e-01   7.1382470e-02  -2.2973141e+00  -1.2577826e-02   1.4715845e-02  -6.9771931e-04
   1.9255616e-01   7.0954822e-02  -2.3406358e+00  -1.3063124e-02   1.5106515e-02  -9.2289821e-04
   1.8117723e-01   7.6632681e-02  -2.3135588e+00  -1.2254053e-02   1.5204031e-02  -9.1084886e-04
   1.6945538e-01   6.6974298e-02  -2.3479290e+00  -1.2692978e-02   1.4915582e-02  -5.7511022e-04
   1.7642795e-01   7.6611891e-02  -2.3299339e+00  -1.2145006e-02   1.5113033e-02  -7.7998768e-04
   1.8574610e-01   7.7823431e-02  -2.3741299e+00  -1.2483696e-02   1.5478531e-02  -8.2282187e-04
   1.8308069e-01   6.7745024e-02  -2.3424319e+00  -1.1300532e-02   1.5207937e-02  -7.3687953e-04
   1.8538379e-01   5.7679461e-02  -2.3645508e+00  -1.1529009e-02   1.4295358e-02  -8.0860745e-04
   1.7789836e-01   5.5882528e-02  -2.3739554e+00  -1.1517501e-02   1.4635945e-02  -9.6585695e-04
   1.9525700e-01   7.3551936e-02  -2.3546334e+00  -1.1413539e-02   1.4898167e-02  -1.2364216e-03
   1.8993437e-01   7.6198739e-02  -2.3045675e+00  -1.1756106e-02   1.4787957e-02  -1.0888474e-03
   1.8781950e-01   6.2990249e-02  -2.3261547e+00  -1.1627435e-02   1.4390516e-02  -1.2875986e-03
   1.9677492e-01   6.5880888e-02  -2.3075097e+00  -1.1776412e-02   1.4734400e-02  -1.3138414e-03
   1.8660313e-01   8.8083179e-02  -2.3440059e+00  -1.2015086e-02   1.4555040e-02  -1.2223452e-03
   1.9541944e-01   9.4689471e-02  -2.2879988e+00  -1.2051867e-02   1.4918974e-02  -1.6350234e-03
   1.9324860e-01   7.7677518e-02  -2.3466541e+00  -1.2050081e-02   1.4594796e-02  -1.5339044e-03
   1.8968798e-01   7.7987779e-02  -2.3344699e+00  -1.2157925e-02   1.4717932e-02  -1.5572187e-03
   1.8455328e-01   6.8481063e-02  -2.2031071e+00  -8.9107172e-03   1.5348684e-02  -1.1624622e-03
   1.7697971e-01   1.2493408e-01  -2.3188556e+00  -1.3083249e-02   1.8791671e-02  -1.4250605e-03
   1.8351798e-01   8.1338283e-02  -2.2812334e+00  -1.0447555e-02   1.5850043e-02  -9.3934450e-04
   1.7484958e-01   8.7974539e-02  -2.3366626e+00  -1.1283560e-02   1.5917309e-02  -7.1575270e-04
   1.8273708e-01   7.1052553e-02  -2.3429815e+00  -1.1579065e-02   1.5690537e-02  -1.1281496e-03
   1.8015498e-01   7.4098237e-02  -2.3747220e+00  -1.1016529e-02   1.5413774e-02  -1.2081981e-03
   1.8743198e-01   1.0415842e-01  -2.4312550e+00  -1.2228083e-02   1.5847894e-02  -1.2771596e-03
   1.8467566e-01   7.0104716e-02  -2.4456099e+00  -1.2077052e-02   1.5368367e-02  -1.2013819e-03
   1.9311928e-01   9.7556232e-02  -2.4228764e+00  -1.2709186e-02   1.5231612e-02  -1.2450784e-03
   1.9764464e-01   7.2465358e-02  -2.3979075e+00  -1.1210951e-02   1.4661163e-02  -1.3634741e-03
   1.8566987e-01   6.8476639e-02  -2.4346627e+00  -1.1842503e-02   1.4670143e-02  -1.1488342e-03
   1.8863335e-01   5.1638029e-02  -2.4629498e+00  -1.1986050e-02   1.5162229e-02  -1.1753339e-03
   1.8907087e-01   5.0008240e-02  -2.4296614e+00  -1.0941792e-02   1.5725884e-02  -1.3287263e-03
   2.1887122e-01   6.5010500e-02  -2.4071714e+00  -1.0168443e-02   1.5050127e-02  -1.7233256e-03
   2.3406740e-01   2.8131286e-02  -2.7683042e+00  -1.0381982e-02   1.3833578e-02  -1.7143474e-03
   2.3135839e-01   9.5194633e-02  -2.6458572e+00  -9.5041617e-03   1.6465204e-02  -1.7060097e-03
   2.2609893e-01   1.3438703e-02  -2.8515950e+00  -1.0974972e-02   1.2322641e-02  -1.3887745e-03
   2.1813243e-01   4.2799946e-02  -2.8538199e+00  -1.2006148e-02   1.2501080e-02  -1.1887623e-03
   2.1068059e-01   4.1580991e-02  -2.8225054e+00  -1.1825279e-02   1.1951847e-02  -1.0369955e-03
   2.1369204e-01   4.8509170e-02  -2.8511589e+00  -1.1777606e-02   1.1972298e-02  -1.0815824e-03
   2.1285083e-01   4.8388033e-02  -2.8592714e+00  -1.3033141e-02   1.1912553e-02  -1.0154813e-03
   2.0920037e-01   3.8257811e-02  -2.8570169e+00  -1.2376636e-02   1.1598227e-02  -1.0769084e-03
   2.1890165e-01   5.3084949e-02  -2.8416777e+00  -1.2618996e-02   1.1372207e-02  -1.0416672e-03
   2.0924162e-01   4.9166767e-02  -2.8406573e+00  -1.2818360e-02   1.1828142e-02  -1.0907410e-03
   2.0353100e-01   5.9151017e-02  -2.8673135e+00  -1.3067507e-02   1.3521521e-02  -1.4847437e-03
   1.7946860e-01   5.3380751e-02  -3.0064040e+00  -1.4999974e-02   1.3099583e-02  -7.2174296e-04
   1.8581675e-01   5.1698523e-02  -2.9704779e+00  -1.4591512e-02   1.2853338e-02  -6.5470899e-04
   2.0947578e-01   2.6974306e-02  -2.9956611e+00  -1.3596603e-02   1.2359117e-02  -8.5168889e-04
   1.9994174e-01   6.3565517e-02  -2.9614564e+00  -1.3650714e-02   1.2345520e-02  -7.2656077e-04
   2.0247475e-01   4.4499609e-02  -2.9285891e+00  -1.2856830e-02   1.2546251e-02  -6.8761124e-04
   2.0476937e-01   3.3634432e-02  -2.9755727e+00  -1.3385423e-02   1.2436292e-02  -8.1053649e-04
   2.0736106e-01   3.1873241e-02  -2.9880948e+00  -1.4005696e-02   1.2265007e-02  -8.3304840e-04
   2.2244502e-01   4.0442723e-02  -2.8490970e+00  -1.2470048e-02   1.1266785e-02  -8.8681243e-04
   2.0336109e-01   6.1036738e-02  -2.9217557e+00  -1.2980873e-02   1.1566266e-02  -7.8416180e-04
   1.9807736e-01   6.3294100e-02  -2.9411159e+00  -1.3738168e-02   1.2234625e-02  -8.9214084e-04
   2.0192671e-01   6.5762310e-02  -2.8729746e+00  -1.4741473e-02   1.4484132e-02  -4.1227852e-04
   9.8596751e-02   2.3304771e-02  -2.9178530e+00  -9.9124703e-03   1.9147734e-02   1.7413550e-03
   1.3846876e-01   6.1484697e-02  -3.2382527e+00  -1.6551617e-02   1.5174417e-02   4.7728999e-04
   1.5927210e-01   3.3683683e-02  -3.2540834e+00  -1.6194476e-02   1.4519111e-02  -2.2651300e-05
   1.6130911e-01   3.5424790e-02  -3.2573924e+00  -1.6990250e-02   1.4698403e-02  -5.0615145e-04
   1.6293891e-01   3.8062475e-02  -3.2365891e+00  -1.5994966e-02   1.4081263e-02   1.3112066e-04
   1.7049530e-01   5.6086277e-02  -3.2054003e+00  -1.6185326e-02   1.4975181e-02  -4.2309387e-04
   1.8042514e-01   3.9079977e-02  -3.2134405e+00  -1.5497771e-02   1.4606507e-02  -4.7186759e-04
   1.8137648e-01   4.1320585e-02  -3.2093251e+00  -1.5684702e-02   1.4643576e-02  -4.5881510e-04
   1.7911277e-01   4.8792134e-02  -3.2187267e+00  -1.5232209e-02   1.4496479e-02  -2.8412855e-04
   1.8582603e-01   4.3332695e-02  -3.1828445e+00  -1.5690519e-02   1.4089819e-02  -5.2378235e-04
   1.8898470e-01   2.8870779e-02  -3.1462275e+00  -1.4827217e-02   1.3828992e-02  -7.4565410e-04
   1.9030056e-01   4.7681181e-02  -3.0230399e+00  -1.3631155e-02   1.3532982e-02  -8.4685949e-04
   1.8639145e-01   5.6408910e-02  -3.0396372e+00  -1.4479977e-02   1.2989103e-02  -6.3501449e-04
   1.7989759e-01   6.1029109e-02  -3.0028750e+00  -1.3553311e-02   1.3506970e-02  -7.5126001e-04
   1.9356920e-01   5.2737182e-02  -3.0726647e+00  -1.5280957e-02   1.4459516e-02  -1.0345395e-03
   1.8862536e-01   6.6110813e-02  -3.0508678e+00  -1.4634363e-02   1.3940953e-02  -8.5788454e-04
   1.9783904e-01   8.0332227e-02  -2.8275442e+00  -1.3714701e-02   1.4127386e-02  -5.9834283e-04
   1.9460163e-01   5.3831738e-02  -2.8640460e+00  -1.2056855e-02   1.2212038e-02  -1.0460775e-03
   2.0789958e-01   4.0193507e-02  -2.8505526e+00  -1.2104532e-02   1.2368952e-02  -1.1423336e-03
   2.3336198e-01   1.8153008e-02  -2.8840646e+00  -9.8083637e-03   1.0533959e-02  -1.5556589e-03
   2.1343706e-01   4.5098763e-02  -2.9933660e+00  -1.3239036e-02   1.2089233e-02  -1.4440329e-03
   2.1686436e-01   5.1045301e-02  -2.9667802e+00  -1.3454722e-02   1.2603671e-02  -1.3246321e-03
   2.1616513e-01   4.3879658e-02  -2.9825920e+00  -1.3123501e-02   1.3458403e-02  -1.4643091e-03
   2.0397247e-01   4.1465702e-02  -2.9804102e+00  -1.3102344e-02   1.2876608e-02  -1.1581308e-03
   2.0864975e-01   4.7664712e-02  -2.9467054e+00  -1.3256298e-02   1.2929541e-02  -1.2754072e-03
   2.1544731e-01   1.6213708e-02  -2.9640472e+00  -1.2068268e-02   1.2072642e-02  -1.2749815e-03
   2.0577153e-01   5.7695016e-02  -2.9343865e+00  -1.3275717e-02   1.3337413e-02  -1.7187311e-03
   2.0629084e-01   2.0773430e-02  -2.9540346e+00  -1.1719932e-02   1.3553544e-02  -1.9006033e-03
   1.9516751e-01   4.8343285e-02  -3.0060251e+00  -1.3539974e-02   1.3467975e-02  -1.6219884e-03
   2.1379242e-01   2.0872549e-02  -2.9479370e+00  -1.2322728e-02   1.3556105e-02  -1.8418268e-03
   2.0397656e-01   4.4597805e-02  -2.9904406e+00  -1.2988302e-02   1.3027725e-02  -1.7317492e-03
   2.0683360e-01   5.5388875e-02  -2.9456387e+00  -1.2542351e-02   1.3228467e-02  -1.5319276e-03
   2.0389547e-01   3.2328830e-02  -2.9271286e+00  -1.2332474e-02   1.3106171e-02  -1.7566456e-03
   1.9896038e-01  -9.3411296e-03  -3.4317172e+00  -1.5704606e-02   1.4119289e-02  -9.2661903e-04
   1.9393456e-01   6.0620812e-02  -3.3086105e+00  -1.5335582e-02   1.3647561e-02  -1.3391501e-03
   1.9281386e-01   2.5339315e-02  -3.2241796e+00  -1.4270639e-02   1.3083634e-02  -1.1837843e-03
   1.9912706e-01   1.3748325e-02  -3.2770923e+00  -1.5450812e-02   1.2887061e-02  -1.2127345e-03
   2.1903859e-01   2.8160829e-02  -3.1817451e+00  -1.4735487e-02   1.3201448e-02  -1.6027895e-03
   2.0998517e-01   1.7329877e-02  -3.1402579e+00  -1.4799659e-02   1.4004028e-02  -2.3013038e-03
   1.9959101e-01   2.4577634e-02  -3.1632633e+00  -1.4134921e-02   1.3632793e-02  -1.8001731e-03
   2.0974421e-01   5.2963925e-02  -3.1613531e+00  -1.4086659e-02   1.3016071e-02  -1.9409926e-03
   1.9910520e-01   4.0713109e-02  -3.1905930e+00  -1.4633717e-02   1.2461926e-02  -1.6307835e-03
   2.1176011e-01   3.6411565e-02  -3.1535914e+00  -1.3881233e-02   1.2682034e-02  -1.5308488e-03
   1.9601306e-01   4.4404058e-02  -3.1487990e+00  -1.3688266e-02   1.2430397e-02  -1.3766034e-03
   2.0091645e-01   4.1856450e-02  -3.1252271e+00  -1.3434306e-02   1.1734851e-02  -1.5000142e-03
   2.0229960e-01   3.6555713e-02  -3.0852973e+00  -1.3183378e-02   1.2662983e-02  -1.6622260e-03
   2.0553968e-01   2.5130410e-02  -3.0538241e+00  -1.2107999e-02   1.1812149e-02  -1.4134317e-03
   1.9913471e-01   3.9261498e-02  -3.1232794e+00  -1.2546930e-02   1.2905058e-02  -1.3391519e-03
   1.8354769e-01   5.1085458e-02  -3.1432829e+00  -1.3203040e-02   1.2083667e-02  -9.5380359e-04
   1.8922894e-01   3.2111169e-02  -3.0885539e+00  -1.2451656e-02   1.2116212e-02  -1.1639176e-03
   2.0003121e-01   5.4443459e-02  -3.1061360e+00  -1.2749119e-02   1.2055409e-02  -1.4304142e-03
   1.8535443e-01   3.6908946e-02  -3.1276491e+00  -1.2599219e-02   1.1785416e-02  -1.0562303e-03
   2.0145948e-01   4.6517818e-02  -3.1474133e+00  -1.3428929e-02   1.1617533e-02  -1.4271007e-03
   1.9684524e-01   5.6693866e-02  -3.1076824e+00  -1.3549383e-02   1.1796440e-02  -1.1702863e-03
   1.9584167e-01   3.4512283e-02  -3.1072175e+00  -1.3235398e-02   1.1865468e-02  -1.1952010e-03
   2.0602083e-01   4.0438398e-02  -3.1083410e+00  -1.3105242e-02   1.1877374e-02  -1.4103645e-03
   1.8940388e-01   3.9478540e-02  -3.1232704e+00  -1.3746144e-02   1.1830785e-02  -1.1840564e-03
   1.9959409e-01   4.9873978e-02  -3.1202247e+00  -1.3155004e-02   1.1797919e-02  -1.3360636e-03
   2.0725645e-01   2.2139395e-02  -3.1432660e+00  -1.2626922e-02   1.1757034e-02  -1.4989332e-03
   2.3295009e-01   5.4700990e-02  -2.8137872e+00  -1.0581565e-02   1.6443276e-02  -2.1855689e-03
   1.9476986e-01   5.9283320e-02  -3.2133948e+00  -1.3937227e-02   1.6997246e-02  -1.2629198e-03
   1.8736909e-01   4.2094691e-02  -3.2117091e+00  -1.4487440e-02   1.6614836e-02  -1.2135735e-03
   1.9280623e-01   4.5686807e-02  -3.1786169e+00  -1.3788324e-02   1.5389027e-02  -1.1656270e-03
   1.9304095e-01   5.1311656e-02  -3.2654235e+00  -1.4486142e-02   1.5349846e-02  -1.3812012e-03
   1.8979133e-01   4.5585793e-02  -3.2922854e+00  -1.4757378e-02   1.5042467e-02  -1.2927713e-03
   1.8951287e-01   5.6125653e-02  -3.2278487e+00  -1.4265776e-02   1.4751280e-02  -1.2334553e-03
   2.0054686e-01   2.2815570e-02  -3.1963449e+00  -1.3355388e-02   1.4241185e-02  -1.6235187e-03
   1.9205006e-01   3.1300406e-02  -3.1947897e+00  -1.3391283e-02   1.3624457e-02  -1.4702041e-03
   1.9748590e-01   2.7418483e-02  -3.1535959e+00  -1.2196699e-02   1.3578489e-02  -1.4250075e-03
   1.9712458e-01   4.8979370e-02  -3.1741461e+00  -1.3075859e-02   1.3723843e-02  -1.4431048e-03
   1.9155166e-01   4.9797303e-02  -3.1225353e+00  -1.2707033e-02   1.3674537e-02  -1.3854718e-03
   1.9328395e-01   1.7686991e-02  -3.1327216e+00  -1.1243604e-02   1.4017621e-02  -1.8858489e-03
   1.8957800e-01   7.4289551e-02  -3.1741064e+00  -1.2574337e-02   1.3397313e-02  -1.6859885e-03
   1.9070214e-01   5.1682513e-02  -3.1363645e+00  -1.3083683e-02   1.3774024e-02  -1.7667095e-03
   1.8869019e-01   5.8005336e-02  -3.0455418e+00  -1.2552180e-02   1.5412310e-02  -1.7544262e-03
   1.8836941e-01   5.8933960e-02  -3.0358840e+00  -1.2230247e-02   1.5020970e-02  -1.9926340e-03
   1.9102283e-01   5.2909657e-02  -3.0615654e+00  -1.2224312e-02   1.4590968e-02  -2.0726241e-03
   1.8490517e-01   5.6282051e-02  -3.0688331e+00  -1.2151008e-02   1.4289290e-02  -2.0355256e-03
   1.7787837e-01   5.0495238e-02  -3.2306376e+00  -1.3420764e-02   1.3845522e-02  -1.5426970e-03
   1.8841694e-01   5.3208278e-02  -3.1597693e+00  -1.2638737e-02   1.3384272e-02  -1.7391063e-03
   1.9155901e-01   6.2251257e-02  -3.1593530e+00  -1.2893424e-02   1.3606005e-02  -1.9842423e-03
   1.8983585e-01   5.8617781e-02  -3.3067178e+00  -1.1832904e-02   1.3994765e-02  -1.9802480e-03
   1.8057941e-01   6.6996886e-02  -3.3828524e+00  -1.2868687e-02   1.4370215e-02  -1.4794483e-03
   1.6523618e-01   5.1949370e-02  -3.3594572e+00  -1.4912830e-02   1.4702349e-02  -1.2673417e-03
   1.8302698e-01   4.2577134e-02  -3.3146856e+00  -1.4068591e-02   1.4249254e-02  -1.5346238e-03
   1.8127106e-01   6.2445325e-02  -3.3147005e+00  -1.4774545e-02   1.3440375e-02  -1.5311701e-03
   1.9136145e-01   4.5354464e-02  -3.3000871e+00  -1.3766425e-02   1.3207387e-02  -1.6873131e-03
   1.9063469e-01   5.8994384e-02  -3.2875621e+00  -1.4064198e-02   1.3217444e-02  -1.5706120e-03
   1.9048198e-01   5.8446593e-02  -3.2751711e+00  -1.4414645e-02   1.3484138e-02  -1.7309150e-03
   1.8528012e-01   4.7255620e-02  -3.2852101e+00  -1.4208182e-02   1.3468442e-02  -1.5861330e-03
   1.9332298e-01   5.5186340e-02  -3.2829301e+00  -1.3685912e-02   1.3657788e-02  -1.6953098e-03
   1.9648370e-01   4.7823471e-02  -3.3102438e+00  -1.5033686e-02   1.3756574e-02  -1.8521374e-03
   1.8722517e-01   5.0592749e-02  -3.3091131e+00  -1.4106693e-02   1.4007881e-02  -1.7280123e-03
   1.8069126e-01   5.4143831e-02  -3.2977114e+00  -1.5054526e-02   1.3851095e-02  -1.5772502e-03
   1.8727352e-01   5.6001216e-02  -3.2962836e+00  -1.4244910e-02   1.3643923e-02  -1.9229627e-03
   1.9227897e-01   6.3706935e-02  -3.2631284e+00  -1.4557789e-02   1.3679055e-02  -2.0532770e-03
   1.9357655e-01   4.7443353e-02  -3.2539895e+00  -1.4706878e-02   1.3321789e-02  -1.8407018e-03
   1.9533726e-01   5.0125517e-02  -3.2625463e+00  -1.4724079e-02   1.3282662e-02  -2.0172541e-03
   1.9139089e-01   4.6428649e-02  -3.2660478e+00  -1.4389221e-02   1.3481461e-02  -1.7925862e-03
   1.9445943e-01   4.9467853e-02  -3.2748784e+00  -1.4968771e-02   1.3722069e-02  -2.0074509e-03
   1.9463711e-01   2.8649728e-02  -3.2952392e+00  -1.4481312e-02   1.3588783e-02  -2.1218856e-03
   1.9744343e-01   5.1472723e-02  -3.2873280e+00  -1.5110452e-02   1.3920460e-02  -2.0809677e-03
   1.9529595e-01   5.4833208e-02  -3.2619854e+00  -1.4918703e-02   1.3894481e-02  -1.8906298e-03
   1.9343129e-01   6.5114273e-02  -3.2943702e+00  -1.5575487e-02   1.3588406e-02  -1.7948986e-03
   1.9077405e-01   4.0336377e-02  -3.3121578e+00  -1.4676102e-02   1.3448893e-02  -1.7184294e-03
   1.9159957e-01   5.0103775e-02  -3.3246267e+00  -1.5256183e-02   1.3713454e-02  -1.6336122e-03
   2.0168635e-01   2.9934304e-02  -3.3202537e+00  -1.4186000e-02   1.3992029e-02  -1.7973257e-03
   1.9448157e-01   4.7402632e-02  -3.2684269e+00  -1.4063503e-02   1.3334717e-02  -1.5053343e-03
   2.0067432e-01   3.8731115e-02  -3.2603712e+00  -1.3793249e-02   1.3586128e-02  -1.8180207e-03
   1.9424487e-01   4.4929281e-02  -3.2764791e+00  -1.4350450e-02   1.3809930e-02  -1.7566271e-03
   1.9269195e-01   4.6443547e-02  -3.2732884e+00  -1.4549741e-02   1.3782774e-02  -1.7061658e-03
   1.9881546e-01   5.0065337e-02  -3.2604848e+00  -1.4780933e-02   1.4103129e-02  -2.0423640e-03
   1.9779594e-01   3.4450120e-02  -3.2844896e+00  -1.2807177e-02   1.4191785e-02  -1.9015001e-03
   1.9230467e-01   5.0590065e-02  -3.3104261e+00  -1.4205558e-02   1.3472119e-02  -1.5416809e-03
   2.2526220e-01   3.5157274e-02  -3.2565320e+00  -1.3962569e-02   1.3139695e-02  -2.2111824e-03
   2.0961864e-01   6.0216084e-02  -3.2849390e+00  -1.4277833e-02   1.1681664e-02  -2.1465136e-03
   2.1158743e-01   2.5744594e-02  -3.2918881e+00  -1.3775343e-02   1.2062299e-02  -2.2400047e-03
   2.1968548e-01   3.8295334e-02  -3.3317183e+00  -1.4050656e-02   1.1788211e-02  -2.0913110e-03
   2.2080939e-01   3.3149208e-02  -3.3410818e+00  -1.3792398e-02   1.1701896e-02  -2.0378819e-03
   2.3203493e-01   3.1961965e-02  -3.3159691e+00  -1.2436072e-02   1.1815427e-02  -2.3990837e-03
   2.3573983e-01   4.7787139e-02  -3.3224236e+00  -1.2860186e-02   1.0965218e-02  -2.1840717e-03
   2.3576469e-01   3.5005723e-02  -3.2538120e+00  -1.2776813e-02   1.1558180e-02  -2.2531894e-03
   2.2676497e-01   3.7798071e-02  -3.2482004e+00  -1.1833116e-02   1.1425927e-02  -2.1811622e-03
   2.1350107e-01   8.2043440e-03  -3.0710821e+00  -1.2488306e-02   1.3226814e-02  -1.8331551e-03
   2.2730710e-01   2.6223883e-02  -3.0139708e+00  -8.1850584e-03   8.4675510e-03  -1.6894272e-03
   2.2071190e-01   4.0556929e-02  -2.9819591e+00  -9.1687466e-03   9.9098152e-03  -2.1175342e-03
   2.2578334e-01   2.6861206e-02  -2.9543384e+00  -6.8490103e-03   9.9956113e-03  -2.7503598e-03
   2.9822787e-01   1.3049793e-01  -3.2328268e+00  -3.1037294e-02   9.8311896e-03  -3.4178562e-03
   2.1048329e-01   3.5006137e-01  -3.7059138e+00  -3.4460075e-02   6.3577373e-03  -2.7074638e-03
   2.0029270e-01   6.7433406e-02  -3.5960608e+00  -2.4850653e-02   1.2364773e-02  -1.2391977e-03
   2.1362696e-01   1.0106797e-01  -2.9905898e+00  -1.4120984e-02   1.2308723e-02  -1.7568008e-03
   2.0463404e-01   9.0863961e-02  -2.9472445e+00  -1.4092129e-02   1.2991003e-02  -1.7258998e-03
   2.0949977e-01   7.0207216e-02  -2.8989595e+00  -1.1419375e-02   1.1764731e-02  -1.7287161e-03
   2.0894477e-01   7.9030836e-02  -2.9149419e+00  -1.2162622e-02   1.1840629e-02  -1.8820978e-03
   2.0443687e-01   6.7769620e-02  -2.8686979e+00  -1.0887370e-02   1.1887904e-02  -1.7664349e-03
   2.2803513e-01   7.3848080e-02  -2.8796909e+00  -9.9783128e-03   1.1734972e-02  -1.8278842e-03
   1.8738382e-01   6.9193987e-02  -2.9591893e+00  -1.1832086e-02   1.3577195e-02  -1.3353428e-03
   2.0324288e-01   4.7199460e-02  -2.9598695e+00  -1.1278634e-02   1.2790774e-02  -1.5946918e-03
   2.1316903e-01   5.3863489e-02  -2.9800134e+00  -1.2100642e-02   1.2521548e-02  -1.6871699e-03
   2.1000658e-01   6.1358124e-02  -2.9790088e+00  -1.1966024e-02   1.2589734e-02  -1.6475185e-03
   2.0922979e-01   2.7834442e-02  -2.9470489e+00  -7.5703060e-03   1.5625928e-02  -1.0641021e-03
   2.2690647e-01  -1.5749049e-02  -3.4425254e+00  -1.0682143e-02   1.5329244e-02  -1.5778886e-03
   1.7468335e-01   4.3658293e-02  -3.6410994e+00  -1.8310979e-02   1.6363174e-02  -6.2171182e-04
   1.9564927e-01   4.9915483e-02  -3.5623244e+00  -1.7252341e-02   1.6367420e-02  -1.1039257e-03
   1.8933263e-01   4.7942607e-02  -3.6037497e+00  -1.7804590e-02   1.6323544e-02  -1.2897415e-03
   1.9868093e-01   2.1438601e-02  -3.5404792e+00  -1.7459075e-02   1.5642604e-02  -1.2626246e-03
   2.0784364e-01   4.5632300e-02  -3.4366535e+00  -1.6441108e-02   1.5584447e-02  -1.7193017e-03
   2.0962286e-01   5.6209764e-02  -3.4421240e+00  -1.6487518e-02   1.5366529e-02  -1.8732593e-03
   2.0867926e-01   4.9512290e-02  -3.4028554e+00  -1.5762712e-02   1.5249138e-02  -1.8637121e-03
   2.1170051e-01   4.7829987e-02  -3.3995430e+00  -1.5887640e-02   1.4913889e-02  -1.9621414e-03
   2.0284000e-01   4.3587352e-02  -3.4129949e+00  -1.5822154e-02   1.4807322e-02  -1.7562760e-03
   2.0685232e-01   4.9940675e-02  -3.3934983e+00  -1.6318866e-02   1.4249710e-02  -2.1869201e-03
   1.6230080e-01   1.0124423e-01  -3.4568537e+00  -1.7281377e-02   1.9368214e-02  -2.6314905e-03
   2.5754126e-01  -6.6267744e-02  -2.7957953e+00   8.8070067e-04   1.6674122e-02  -1.2795949e-03
   2.4259233e-01  -9.1635465e-02  -2.6071281e+00   3.9791764e-03   1.8059547e-02  -1.1478324e-03
   1.8152968e-01  -4.5350729e-02  -3.1557912e+00  -1.6497258e-03   1.5242620e-02  -1.5353114e-03
   2.2122356e-01  -1.0653438e-01  -2.7528676e+00   3.0995181e-03   1.6880168e-02  -1.2783818e-03
   2.7615024e-01  -8.6378772e-02  -2.3839060e+00   4.7630305e-03   2.0608334e-02  -2.0080586e-03
   2.9103031e-01  -1.4681401e-01  -2.3565191e+00   8.2604502e-03   2.0117183e-02  -2.5287424e-03
   2.9275756e-01  -1.0296888e-01  -2.1971428e+00   7.4345086e-03   2.1797570e-02  -1.9234468e-03
   2.8067354e-01  -1.0830294e-01  -2.3226545e+00   7.8187426e-03   1.7690497e-02  -9.6673085e-04
   2.7366204e-01  -9.9932890e-02  -2.3626693e+00   7.6742542e-03   1.8323941e-02  -1.0041488e-03
   2.1279807e-01  -7.9502893e-02  -3.1382044e+00  -2.6352536e-04   1.6499785e-02  -2.4585561e-03
   2.0461469e-01  -5.9911182e-02  -3.1049355e+00  -8.1832002e-04   1.5825635e-02  -1.8535793e-03
   2.0274100e-01  -5.6456194e-02  -3.0978637e+00  -1.2395277e-03   1.5622366e-02  -1.7389564e-03
   2.1351734e-01  -2.5667403e-02  -3.1181204e+00  -2.5009482e-03   1.4902768e-02  -1.8700825e-03
   2.0636321e-01  -3.5769760e-02  -3.0933128e+00  -2.8825611e-03   1.5341654e-02  -1.6484937e-03
   2.2221259e-01  -2.6688126e-02  -3.1450577e+00  -4.0959784e-03   1.5047041e-02  -1.8931178e-03
   2.1092307e-01  -4.2482340e-02  -3.1848506e+00  -3.7055111e-03   1.4582867e-02  -1.7554839e-03
   2.8474557e-01   3.2287799e-02  -3.4213245e+00  -1.2262551e-02   9.2409349e-03  -3.2294661e-03
   2.6437357e-01  -1.9779919e-02  -3.5624049e+00  -4.5431267e-03   1.1813440e-02  -2.6027003e-03
   2.6849830e-01  -1.5978081e-02  -2.9329948e+00  -3.7148849e-03   8.4211167e-03  -2.8965034e-03
   2.5556698e-01   1.1331330e-02  -3.0901781e+00  -2.3480592e-03   5.4925220e-03  -2.5132208e-03
   2.4661852e-01   1.3129912e-02  -3.0556091e+00  -2.4928225e-03   7.0497620e-03  -2.4007724e-03
   2.2727317e-01   1.6902854e-02  -3.1264603e+00  -3.5569713e-03   7.7846950e-03  -2.4527132e-03
   2.3900203e-01   1.1491980e-02  -3.1306444e+00  -5.1098299e-03   7.8652537e-03  -2.6464929e-03
   2.4050360e-01   3.2775130e-02  -3.1212856e+00  -5.2911606e-03   8.2830346e-03  -2.7487468e-03
   2.3749669e-01   3.8748201e-02  -3.0904210e+00  -5.6877243e-03   8.5247268e-03  -2.5651971e-03
