   0.0000000e+00   0.0000000e+00   0.0000000e+00   0.0000000e+00   0.0000000e+00   0.0000000e+00
   3.2821714e-02   3.0335914e-02  -5.6389361e-02   6.1938063e-03  -2.6484823e-03  -4.5752442e-04
   2.7158892e-02   2.2613053e-02  -1.1196024e-02   5.9163375e-03  -2.8382136e-03  -7.2648160e-04
  -2.0155662e-02  -4.0531569e-02   6.7569661e-02   4.0376246e-03  -2.6867358e-03   5.2472060e-05
   2.2888203e-02   6.2994621e-02   2.6302406e-01   8.5924952e-03  -2.9248272e-03  -4.1862822e-04
  -1.6352029e-02   1.4336641e-01   3.2219096e-01   5.4450258e-03   2.7527713e-04   6.9866542e-04
  -1.1223467e-02   6.0697056e-02   2.6117864e-01   7.6496012e-03  -5.7210184e-04   3.3109048e-04
   1.2398085e-02   4.5129079e-02   3.1043270e-01   8.7199168e-03  -2.6710858e-03   2.0006919e-04
   4.2600229e-02   2.0040760e-02   4.2129546e-01   1.3335506e-02  -4.5480788e-03  -9.8579717e-04
   6.3188102e-02  -7.8219474e-02   3.3083964e-01   5.4683954e-03  -4.4548465e-03  -8.4201515e-04
  -8.1293281e-04   5.8589274e-02   1.4661337e-01   7.7425049e-03  -9.2419214e-04  -3.0284560e-04
   9.3156676e-02   4.0529758e-01   5.5808644e-02  -3.7399387e-03  -2.4717600e-03   5.4744913e-08
   1.4284035e-01   6.3023931e-01   2.0124622e+00  -1.2246577e-02  -2.0018718e-02   1.8580717e-04
   2.0302979e-01   5.5942208e-01   4.5480723e+00   3.3913335e-02  -8.6019652e-03   9.1981125e-04
   1.1454573e-01   4.5464735e-01   3.6219478e+00   2.9676900e-02   4.9081673e-04   6.1900743e-04
   7.7195807e-02   4.5711812e-01   2.8920691e+00   2.0430296e-02  -3.7131476e-03   2.7108486e-03
  -5.6779690e-02   6.5905418e-01   2.5289108e+00   9.6269478e-03   1.2954650e-03   4.0696924e-03
  -8.2622021e-03   5.7101085e-01   2.4867038e+00   9.8544226e-03  -1.7192732e-03   3.3653979e-03
   8.7973689e-02   4.8251551e-01   3.4046150e+00   2.4440447e-02  -9.9065928e-04   3.8032396e-03
   3.2759633e-02   4.8261026e-01   2.8510143e+00   1.6894525e-02  -2.5819957e-03   2.8124750e-03
   2.4088082e-02   4.8495175e-01   2.8005715e+00   1.6127279e-02  -3.4708543e-03   3.2636613e-03
   3.6677281e-02   4.5380996e-01   2.8418677e+00   1.6962345e-02  -2.2702752e-03   3.0984548e-03
   1.3201176e-02   4.2589508e-01   2.6845680e+00   1.6381685e-02  -4.4462443e-03   3.1273544e-03
  -3.6681177e-02   5.5664232e-01   2.7126531e+00   1.2705968e-02   2.5057893e-03   4.6967091e-03
   1.0226371e-01   6.3584077e-01   2.2563875e+00  -3.7338449e-04   2.1101289e-03   9.0070586e-04
   1.0078891e-02   5.2490497e-01   4.9224207e+00   4.3735528e-02  -7.0257822e-03   1.7347846e-03
   6.5436268e-02   3.1946054e-01   3.0574504e+00   3.2211834e-02  -3.0609173e-03   1.6007529e-03
   9.8542255e-03   3.9246798e-01   2.3582779e+00   1.3517135e-02  -3.8747585e-03   3.2156634e-03
   9.8854886e-03   4.0079539e-01   2.5109565e+00   1.5411105e-02  -4.6056932e-03   3.1929184e-03
   3.3084645e-02   3.5932663e-01   2.4771231e+00   1.5975077e-02  -5.5432354e-03   2.5125212e-03
   2.6292541e-02   3.4414256e-01   2.4550038e+00   1.5484194e-02  -5.8858632e-03   2.7928025e-03
   3.4497452e-02   3.7679728e-01   2.5182578e+00   1.5086919e-02  -4.6953943e-03   2.9803756e-03
   3.0214846e-02   3.6917225e-01   2.4476952e+00   1.4402813e-02  -4.8988325e-03   2.7557613e-03
   2.2372682e-02   3.3799996e-01   2.4507329e+00   1.5297895e-02  -4.8859852e-03   2.8904459e-03
   2.0568289e-02   3.4004394e-01   2.4954324e+00   1.5899601e-02  -4.8740827e-03   2.8582292e-03
   2.4213611e-02   4.5291946e-01   2.4100307e+00   8.2752113e-03   2.1728793e-03   1.9471652e-03
   3.8964794e-02   4.9678891e-01   2.0430692e+00   8.7159777e-03  -4.6062491e-03   1.2712617e-03
   3.0142058e-02   2.9616309e-01   2.5978790e+00   1.7900757e-02  -3.3021975e-03   1.9578773e-03
   4.8246169e-03   2.8107686e-01   4.2864669e+00   3.5459739e-02  -2.7939894e-03   1.1406411e-04
   4.3422517e-02   2.6895817e-01   4.7958302e+00   4.5506086e-02  -6.7102933e-03  -1.8104075e-03
   1.1847200e-01   2.9511135e-01   3.7450792e+00   4.5640809e-02  -1.3136208e-02  -3.3385079e-03
   7.0220427e-02   2.0482131e-01   2.3256157e+00   1.8037861e-02  -1.2506237e-02   5.7809371e-04
   5.6156209e-02   2.4554852e-01   2.4553503e+00   2.2707181e-02  -1.5468516e-02   2.5323502e-04
   2.3550567e-02   2.2809290e-01   2.4337557e+00   1.7972954e-02  -1.5535169e-02   8.1012487e-04
   3.2241517e-02   1.9933228e-01   2.3855936e+00   1.9429011e-02  -1.5907819e-02   4.6820804e-04
   2.2580289e-02   2.0491297e-01   2.3855086e+00   1.7607528e-02  -1.5714936e-02   1.5342852e-03
   1.4920008e-02   2.1935861e-01   2.4386643e+00   1.9212701e-02  -1.3676821e-02   1.3399883e-03
   1.9532750e-02   2.2518911e-01   2.4002337e+00   1.6411302e-02  -1.4051774e-02   1.3142573e-03
   8.3420224e-02   2.1899262e-01   4.5407734e+00   2.8430603e-02   3.6511571e-03   2.6376254e-04
   8.1102161e-02   2.0541190e-01   3.0498062e+00   3.0872561e-02  -2.6899041e-03  -1.2381711e-03
   6.3708388e-02   1.8356856e-01   2.8394516e+00   2.8226427e-02  -2.4550905e-03  -6.7337180e-04
   4.8925205e-02   1.5173196e-01   2.7370329e+00   2.6187117e-02  -3.1613781e-03  -4.8628598e-04
   3.4657035e-02   1.4719229e-01   2.6938208e+00   2.4881847e-02  -4.2062568e-03  -8.0189282e-04
   4.6076523e-02   1.3925523e-01   2.7701041e+00   2.5587650e-02  -4.8540377e-03  -7.2102592e-04
   4.5081935e-02   1.5563335e-01   2.7671917e+00   2.6079402e-02  -5.1051190e-03  -7.1843035e-04
   5.0175212e-02   1.2153411e-01   2.7318909e+00   2.8450398e-02  -5.1554896e-03  -1.2093519e-03
   4.0224180e-02   1.2741343e-01   2.7352851e+00   2.6091294e-02  -5.5998514e-03  -9.8614332e-04
   5.1530716e-02   1.3911956e-01   2.6831327e+00   2.2562137e-02  -6.8899748e-03  -5.2773446e-04
   3.5412636e-02   1.6473306e-01   2.6672591e+00   2.4399181e-02  -3.2204313e-03  -8.1595170e-04
   9.7763687e-02   2.5074692e-01   3.6559790e+00   3.0076104e-02   3.6099664e-03  -6.0257863e-04
  -2.4108600e-02   1.8579042e-01   3.2101934e+00   3.3030949e-02  -1.1663115e-03  -9.4360349e-04
   1.5173691e-02   1.2998515e-01   2.6948567e+00   2.5517319e-02  -3.6895935e-03  -1.4341399e-03
   3.8730309e-02   1.1909614e-01   2.7437016e+00   2.5329440e-02  -5.5212011e-03  -1.9088886e-03
   2.0038817e-02   8.6585199e-02   2.7060035e+00   2.7032576e-02  -5.2139028e-03  -1.8908733e-03
   4.4157699e-02   1.3054864e-01   2.6955462e+00   2.6215926e-02  -6.3171293e-03  -2.2210288e-03
   6.2154350e-02   9.3391009e-02   2.6094045e+00   2.6549978e-02  -8.3307332e-03  -2.7927025e-03
   4.3732706e-02   8.3718174e-02   2.6625523e+00   2.6664257e-02  -7.5362342e-03  -2.6179346e-03
   5.2533690e-02   8.3102243e-02   2.6670176e+00   2.5783178e-02  -8.7301046e-03  -2.7133291e-03
   6.2924019e-02   9.5481103e-02   2.6733997e+00   2.7089739e-02  -7.6710379e-03  -3.2188657e-03
   1.7592189e-03   9.2182315e-02   2.7208343e+00   2.6528520e-02  -6.3939317e-03  -2.3895195e-03
   4.4469432e-02   1.1544449e-01   2.6518465e+00   2.5600841e-02  -6.2685534e-03  -2.3828202e-03
   3.5384748e-02   8.2827917e-02   2.6238287e+00   2.5214590e-02  -5.9331699e-03  -2.3384632e-03
   6.3047813e-02   8.1657447e-02   2.6187700e+00   1.0291615e-02  -3.2599388e-03  -1.6900183e-03
   3.8464671e-01   3.3029829e-01   5.5548713e+00   6.5789262e-02   1.1673478e-03  -3.9215866e-03
   1.2134448e-01   2.2150567e-01   4.1461533e+00   4.7662919e-02   5.1036297e-03  -2.6583019e-03
   1.2224366e-01   1.9058549e-01   3.6803005e+00   3.9643264e-02   4.9286707e-03  -2.1966761e-03
   1.1932209e-01   2.0187408e-01   3.5049611e+00   4.0389698e-02  -3.3971993e-04  -2.5760176e-03
   9.9321280e-02   1.4901087e-01   3.3234609e+00   3.2868486e-02  -1.4958449e-03  -1.8674040e-03
   1.0092183e-01   1.7681314e-01   3.2985392e+00   3.1853370e-02  -1.5704073e-03  -1.8802202e-03
   8.5357006e-02   1.5216250e-01   3.2002594e+00   3.4136719e-02  -3.0639392e-03  -2.1416222e-03
   7.7560060e-02   1.9541064e-01   3.2987418e+00   3.1843176e-02  -5.3497700e-04  -2.0777443e-03
  -5.8326814e-02  -5.3142351e-02  -1.4196183e-01  -4.5165202e-03   4.4597706e-03  -4.4068404e-04
   1.8430850e-02   4.1764147e-02  -1.2403085e-01  -1.4855390e-03   6.9522349e-04   4.0837916e-04
   1.2923391e-03   4.0128051e-02  -9.7114001e-02  -2.1752637e-03  -3.1533942e-04  -1.4320422e-04
  -1.8288464e-02   3.2856780e-03   1.6033307e-01   2.3551583e-03  -2.2513886e-04  -5.0951300e-05
  -2.0664676e-03  -8.0034268e-03  -6.1724493e-02  -1.3523999e-03  -1.3834612e-03  -4.9174793e-04
   5.9147601e-04   8.6457050e-03  -4.9458759e-02  -8.6614718e-04  -1.5734007e-03   7.0449333e-05
   1.4764508e-02   6.1154744e-03   5.2735300e-01   1.0525244e-02  -2.9931682e-03  -1.0537661e-03
  -1.2575799e-04   1.6035576e-02   1.9573391e-01   5.2839695e-03  -2.8260963e-03  -6.2591200e-04
   1.0592470e-01   4.9531961e-03   2.5627861e-01   4.9476421e-03  -9.1797720e-03  -2.5771312e-03
   1.0010978e-01  -3.0877529e-02   8.3320453e-02   3.2419034e-03  -7.2287523e-03  -2.6137289e-03
   8.4105111e-02  -2.3882899e-02   1.5925591e-01   2.8169967e-03  -7.6204926e-03  -2.4254745e-03
   1.1711494e-01  -6.5631200e-02   1.7940300e-01   2.9601587e-03  -1.4324103e-02  -3.5080174e-03
   1.3505124e-01   1.3868311e-02   1.1447579e-01   5.7781183e-03  -1.2237574e-02  -3.7377567e-03
   5.3446966e-02  -3.6605561e-02  -2.4757547e-01  -9.3683243e-04  -8.5476026e-03  -2.7030678e-03
   5.4062088e-02  -3.4002671e-02  -1.2152686e-01   3.1590118e-04  -7.3522771e-03  -2.5368752e-03
   1.0693998e-02  -1.3686115e-04   6.7717217e-01   1.0349202e-02   9.5840929e-04  -1.5640523e-03
   4.8872685e-02  -2.3377342e-02   2.7773103e-01   8.8079784e-03  -3.5283312e-03  -1.5440494e-03
   4.5953684e-02  -4.1600988e-02   2.6557592e-01   7.2578860e-03  -4.0541346e-03  -1.6219066e-03
   4.6374618e-02  -1.3773033e-02   2.5843346e-01   7.7042259e-03  -2.6833133e-03  -1.7109283e-03
   4.6870597e-02   3.0099262e-03   2.8315951e-01   6.7322519e-03  -2.2061422e-03  -1.6767614e-03
   3.8049425e-02  -2.7542723e-02   2.6071532e-01   6.0519588e-03  -2.6540815e-03  -1.4596626e-03
   3.3923802e-02  -5.5231394e-02   3.9013678e-01   9.8887526e-03  -4.6502254e-03  -1.9220932e-03
   3.9459805e-02  -5.4947017e-04   3.6085454e-01   9.2650693e-03  -3.7664960e-03  -1.5402935e-03
   2.8691495e-03  -6.5960242e-02  -3.2241177e-01   4.7946635e-03  -1.9894921e-03  -1.2101392e-03
  -7.3240640e-03  -6.3337693e-03  -4.3433638e-01  -1.0869595e-03  -1.4386270e-03  -6.6757852e-04
  -4.1813359e-03  -3.0573682e-02  -3.7088964e-01  -6.3733058e-04  -1.3327738e-03  -1.0109344e-03
  -7.4592414e-03  -3.0182588e-02  -3.5545021e-01  -8.1521713e-04  -1.9626283e-03  -7.7167625e-04
   6.3248069e-03  -4.4274987e-02  -2.3045259e-01   2.9674719e-04  -2.6636967e-03  -1.0683492e-03
  -7.7861302e-03  -2.8795848e-02  -3.1097572e-01  -3.4369046e-04  -1.6713467e-03  -1.0490494e-03
   5.0486214e-02  -3.6412302e-02  -2.6900419e-01   3.2825506e-04  -2.1020371e-03  -1.8910723e-03
   3.1584614e-02  -2.9475510e-02  -2.4602745e-01   8.8252731e-04  -1.9966203e-03  -1.5384637e-03
   6.0195407e-02  -8.7978446e-02  -3.7893239e-02   6.0856191e-03  -3.7052891e-03  -2.3502860e-03
   5.7928028e-02   7.2499989e-03  -1.6252832e-01   1.5260399e-03  -3.7407655e-03  -2.2821440e-03
   4.7414323e-03  -8.2251135e-02  -1.8905645e-01   7.4772464e-03  -2.4397999e-04  -1.0261699e-03
   1.4917896e-02  -3.3050928e-02  -1.5499048e-01   4.2716775e-03   1.6383252e-03  -1.1001514e-03
   1.8880914e-02  -2.9587067e-02  -1.5343460e-01   3.1178874e-03   1.3700444e-03  -8.8860637e-04
   2.8239241e-02  -3.8746264e-02  -1.4737369e-01   8.3261314e-04   7.9423801e-04  -5.6174760e-04
   4.3768756e-02   1.1258370e-02   3.8560865e-02   5.0016598e-03  -5.3048817e-04  -4.4801331e-04
   5.6477086e-02  -3.5614538e-03   1.6581421e-02   3.8180049e-03  -1.3779248e-04  -1.1406795e-03
   3.9117998e-02  -3.5877325e-03  -1.9865681e-02   3.3233245e-03  -1.1959983e-03  -1.0534114e-03
   8.6673050e-04  -7.2301115e-02   2.3922384e-01   1.8662258e-02   4.6442353e-03  -2.2607941e-04
   6.8722675e-03  -6.0187931e-02  -3.0040168e-01   4.6767425e-03   1.4939902e-03  -3.8175113e-04
   2.1378379e-02  -6.1165906e-02  -4.1758655e-01   2.8492470e-03   2.1337326e-04  -7.0370667e-04
  -3.4227078e-03  -9.2686586e-02  -5.0650930e-01   1.6914026e-03  -1.7610861e-03   2.1409673e-04
  -3.2593350e-03  -6.8717171e-02  -3.1172940e-01   5.4606305e-03   6.0629615e-05  -6.4771644e-04
   3.9546613e-02  -7.7646073e-02  -4.4158696e-01   2.0803765e-03  -2.4216652e-04  -1.5861267e-03
   4.6973893e-02  -5.0913724e-02  -4.0225308e-01   2.4506032e-03  -2.5194899e-04  -1.7615156e-03
   5.7243250e-02  -4.6710004e-02  -4.2078106e-01   1.4791905e-03  -9.8542674e-04  -1.9340914e-03
   3.7963322e-02  -4.3641294e-02  -3.7808848e-01   1.8561453e-03  -1.5404520e-04  -1.5996351e-03
   3.5745145e-02  -9.4633959e-02  -4.5560446e-01   3.8300353e-03   3.5716961e-04  -2.1011598e-03
  -4.9401604e-02  -3.9058935e-02  -2.7518224e-01   3.9575075e-03   5.0673028e-04  -5.7622144e-04
  -3.0659704e-03  -5.7770132e-02  -3.9877239e-01   1.5539784e-03   1.4124588e-04  -1.1209626e-03
  -3.5135211e-02   2.3474224e-02  -4.1504448e-01   1.7095356e-03   2.5707189e-03  -9.4799645e-04
   3.0512505e-03  -7.6666865e-02  -4.3185690e-01   3.3796014e-03   8.1880303e-04  -1.0715907e-03
  -3.3822094e-03  -8.0737866e-02  -4.7286590e-01  -2.5247018e-03   1.1643805e-03  -1.0345806e-04
  -1.0671513e-02  -5.9458912e-02  -6.4197527e-01   3.2683955e-04   2.5568613e-03  -1.2280865e-05
   3.7473646e-02  -8.2217638e-02  -5.5819984e-01   2.5802221e-03   1.0612600e-03  -1.6873743e-03
   3.9190683e-02  -5.7400310e-02  -5.4288440e-01   2.1660586e-03   9.4704677e-04  -1.2514045e-03
   5.5401162e-02  -9.0618359e-02  -5.7948110e-01   1.6404278e-03  -5.1513686e-05  -1.3349593e-03
   1.4400866e-02  -4.6383144e-02  -5.4196342e-01   9.8407457e-04   1.0819846e-03  -8.2251769e-04
   2.3588293e-02  -5.4978147e-02  -4.9902794e-01   7.6817502e-04   1.5809801e-03  -1.2983255e-03
   2.5707670e-02  -4.9639483e-02  -5.0866654e-01   1.4152408e-04   1.4445955e-03  -9.2924388e-04
   1.7598319e-02  -6.2550462e-02  -3.1269478e-01   1.7820303e-03  -1.7805598e-03  -1.5416288e-03
  -2.5993637e-02  -4.1891210e-02  -2.5277798e-01   5.2083000e-03  -2.1630523e-03  -4.5127376e-04
   1.2328762e-02  -5.4008070e-02  -2.9973014e-01   3.7459856e-03  -2.6056768e-04  -6.8981156e-04
   8.7611106e-03  -1.1773925e-01  -3.3367731e-01   1.7234720e-03  -6.3650700e-04  -9.3917996e-04
   8.3671710e-02  -5.6850276e-02  -8.3094072e-02   1.5981628e-02  -2.3921352e-03  -1.1182647e-03
   4.8316464e-02  -5.3619489e-02  -6.8736334e-01   2.5253345e-03  -1.2011653e-03  -9.5290671e-04
  -2.1143538e-02  -2.9279149e-02  -5.9352102e-01  -9.3027180e-03   1.5080080e-03   9.6657143e-05
   2.5149281e-02  -5.3206136e-02  -4.7802282e-01   3.1387855e-03  -1.2732556e-03  -6.4728940e-04
   3.2582664e-03  -8.0271672e-02  -3.7544478e-01   4.7660213e-03   8.1403251e-04  -6.5414531e-04
   7.8224417e-03  -3.8330286e-02  -5.1250261e-01   1.3107963e-03  -2.5422162e-04  -4.4415199e-04
   1.2036330e-02  -6.2537421e-02  -5.1939512e-01   1.1050639e-03  -1.1532214e-03  -4.5590679e-04
   3.1362033e-02  -7.4413910e-02  -5.8330952e-01   1.1085909e-03  -1.3538612e-03  -1.0276899e-03
   3.5434460e-02  -3.8759034e-02  -4.6582862e-01   1.3208952e-03  -1.7647462e-04  -1.4400333e-03
   2.3950500e-02  -7.3039129e-02  -3.8289945e-01   3.5494962e-03  -4.7318999e-04  -1.2236651e-03
  -1.5813263e-02  -8.2399583e-02  -3.8180120e-01   2.2354976e-03  -8.7838509e-04  -9.3543796e-04
  -1.5100425e-02  -3.7488632e-02  -3.8754041e-01   1.0008875e-03  -8.1834874e-04   2.3315135e-05
   2.1367422e-02  -4.5842644e-02  -2.2776544e-01   7.0280312e-03   6.0203008e-04  -7.0705918e-04
   3.9516897e-02  -6.5047373e-02  -3.4853157e-01   7.1855711e-03  -1.6176453e-03  -1.0168900e-03
   1.1424900e-02  -1.2679074e-01  -2.4822077e-01   4.1776529e-03  -1.3522569e-03  -1.0064337e-03
   9.3751211e-02  -5.0044022e-02   4.6002830e-01   1.3317617e-02  -5.2285075e-03  -2.7835442e-03
   9.0668647e-02  -3.5638267e-02   3.8154152e-01   1.0907326e-02  -4.8315929e-03  -2.4870961e-03
   7.9408928e-02  -6.4452431e-02   3.5532263e-01   9.8281094e-03  -4.1686053e-03  -2.1833123e-03
   1.0780338e-01  -4.9987912e-02   2.0331968e-01   9.3349922e-03  -5.4617352e-03  -2.8145550e-03
   7.8934460e-02  -3.5224209e-02   2.4313774e-01   8.7822417e-03  -4.4136662e-03  -2.2367745e-03
   7.4665415e-02  -7.3271379e-02   2.3408781e-01   1.0538963e-02  -3.0213943e-03  -2.4174943e-03
   5.7627712e-02  -2.4684265e-02   2.2529977e-01   9.2294916e-03  -3.4195151e-03  -1.8603705e-03
   7.2723232e-02  -3.2869643e-02   2.7004347e-01   1.2675726e-02  -4.5244855e-03  -2.8025245e-03
   1.9952781e-02  -5.7035192e-02  -1.4318784e-01   9.0926655e-03  -4.5408680e-04  -1.5271253e-03
   4.2913822e-02  -8.4569480e-02  -1.5577280e-01   7.6775800e-03  -2.0234996e-03  -2.1964812e-03
   1.5535009e-02  -1.4889489e-01  -1.0659944e-01   7.6717941e-03  -2.8599457e-03  -1.0278216e-03
   8.1476397e-03  -8.5661047e-02  -2.8475621e-01   1.3718585e-02   4.8057537e-03  -1.2838327e-03
   3.4905420e-03  -1.0529716e-01  -5.3678691e-01   5.1153358e-03   3.2630481e-03  -1.1856121e-03
   2.0931599e-03  -9.1119750e-02  -5.9534128e-01   3.8123174e-03   2.2301846e-03  -9.1557275e-04
   1.1509414e-03  -7.8080385e-02  -5.0831459e-01   3.5952279e-03   1.9716618e-03  -9.1905474e-04
   2.7251694e-03  -7.7556303e-02  -4.9992793e-01   2.2908212e-03   1.7980921e-03  -1.1331362e-03
   3.6218372e-02  -7.3866716e-02  -4.1822296e-01   4.6627528e-03   8.1160841e-04  -1.2414905e-03
   8.7825213e-03  -8.3537710e-02  -2.9123132e-01   5.9155592e-03  -5.1571965e-04  -9.5333163e-04
   1.1777607e-02  -8.3154094e-02  -9.6458036e-02   7.9905924e-03  -1.2060953e-03  -1.1134790e-03
   1.7519966e-02  -1.5718312e-01  -3.7063863e-01   5.3080104e-03   1.1422347e-03  -1.8395525e-03
   7.0323737e-02  -7.2652466e-02  -3.9993280e-01   8.7911979e-03  -4.8952591e-05  -2.0119249e-03
   2.8360533e-02  -9.4251328e-02  -5.1171934e-01   5.5442921e-03   9.3182419e-04  -2.0450449e-03
   1.2292664e-02  -7.9650291e-02  -5.1525531e-01   4.5442781e-03   3.8698352e-04  -1.2649991e-03
   1.2633965e-02  -5.1029929e-02   4.2485636e-01   1.6338908e-02  -1.9312435e-05  -7.0008375e-04
   6.1681164e-03  -7.7317259e-02  -5.8133814e-01   4.7509926e-03  -2.9634350e-03  -1.5530055e-03
   7.0238839e-03  -8.9163338e-02  -5.3243782e-01   3.7597652e-03  -2.4647793e-03  -1.5844274e-03
  -4.1687049e-03  -7.6697805e-02  -5.6042318e-01   3.1130387e-03  -3.1404882e-03  -1.3019110e-03
   2.9069809e-02  -3.9958682e-02  -1.5190395e-01   4.8119716e-03  -4.5427981e-03  -1.0334518e-03
   1.8965238e-02  -7.9821927e-02  -4.0704935e-01   5.2361041e-03  -4.1862281e-03  -2.2685328e-03
   9.6261208e-02  -9.8905764e-02  -8.0751271e-03   9.7862137e-03  -7.7742720e-03  -2.9774517e-03
   7.3324310e-02  -7.0953009e-02  -1.6407438e-01   6.7137538e-03  -5.4656807e-03  -2.3035294e-03
   8.4059210e-02  -7.2623128e-02  -1.7870291e-01   6.5922350e-03  -5.6388616e-03  -2.6710829e-03
   5.3533069e-02  -1.4294600e-01   1.4300662e-01   1.4191723e-02  -3.3442660e-03  -2.1715706e-03
   2.5111371e-02  -7.3767402e-02  -2.6440426e-01   7.7919721e-03  -3.7797364e-03  -1.8321633e-03
   2.4795923e-02  -8.7840304e-02  -3.1221190e-01   7.7526966e-03  -4.4440538e-03  -2.3797985e-03
   1.2367596e-02  -6.8768500e-02  -3.7589004e-01   5.8028342e-03  -4.4120886e-03  -1.7389018e-03
   2.4191444e-02  -9.6267876e-02  -3.5038917e-01   5.8549763e-03  -4.0505576e-03  -2.0515297e-03
   3.2341795e-02  -7.7157420e-02  -3.8673668e-01   4.9480240e-03  -4.7780393e-03  -1.9076618e-03
   1.2184722e-02  -8.7771319e-02  -4.3839585e-01   4.5759160e-03  -3.7671624e-03  -1.3453274e-03
   1.7358451e-02  -6.2772422e-02  -4.2992879e-01   1.2392529e-03  -3.6221411e-03  -1.6596599e-03
   7.3922988e-03  -8.4331895e-02  -3.4951636e-01   5.7370154e-03  -3.0303359e-03  -1.3535834e-03
   2.2430693e-02  -9.3305607e-02  -2.0270851e-01   7.9488605e-03  -3.6167699e-03  -1.6166618e-03
   1.9812451e-02  -6.7915487e-02  -2.6770756e-01   6.6088937e-03  -3.4567646e-03  -1.5675458e-03
   1.6383814e-02  -7.7420812e-02  -2.4405744e-01   6.2215567e-03  -3.5015940e-03  -1.5143263e-03
   5.7888208e-02  -8.2923284e-02  -4.3103578e-01   4.6210774e-03  -4.8411972e-03  -2.1280728e-03
   3.5876418e-02  -1.4866256e-01  -5.1541527e-01   6.5875514e-03   1.6201594e-04  -6.5062173e-04
   5.6963466e-03  -1.2276669e-01  -1.2311237e+00  -1.4321247e-04  -5.8323830e-03  -1.6016336e-03
   1.3758547e-03  -8.7187137e-02  -1.2221052e+00  -1.0156898e-03  -4.9040176e-03  -1.6199239e-03
  -5.2726891e-03  -1.2771831e-01  -9.0176908e-01   2.1444359e-03  -4.3412678e-03  -1.3683907e-03
  -1.5887913e-02  -8.2687293e-02  -9.0443875e-01   1.8340822e-03  -5.0816656e-03  -1.1361664e-03
   5.7801099e-03  -1.0948656e-01  -9.2768541e-01   2.7460353e-03  -5.2460289e-03  -1.5018493e-03
   1.2469823e-03  -9.8022102e-02  -9.2358208e-01   1.0702548e-04  -4.3529094e-03  -2.0132223e-03
   9.1644550e-03  -1.1106254e-01  -9.2300501e-01   2.5555969e-03  -5.1879213e-03  -1.5801874e-03
  -6.6776719e-03  -1.0208367e-01  -9.5762748e-01   1.4073571e-03  -5.5047321e-03  -1.6620330e-03
  -1.3679179e-02  -9.4156552e-02  -9.8024716e-01   2.1977118e-04  -5.0005305e-03  -1.5172656e-03
  -4.7291717e-03  -1.1767086e-01  -9.6116233e-01   6.2678877e-04  -5.2299695e-03  -1.5465386e-03
   8.0531190e-03  -1.1712223e-01  -1.0278835e+00   1.1348215e-03  -5.7834478e-03  -1.6097008e-03
  -3.5206790e-03  -1.0399780e-01  -9.7254070e-01   6.9535762e-04  -5.8314433e-03  -1.4792503e-03
  -5.5949239e-03  -1.3527968e-01  -9.7640932e-01  -2.1966756e-03  -3.5041489e-03  -2.1117124e-03
   3.0087503e-02  -8.9430667e-02  -4.2036439e-01   8.4371115e-03  -4.8380224e-03  -1.8115626e-03
   2.7293515e-02  -7.1890196e-02  -4.7596567e-01   6.5988738e-03  -4.3458955e-03  -1.8056425e-03
   3.0927986e-02  -1.1152080e-01  -5.0674098e-01   6.0715994e-03  -5.1270649e-03  -1.6419086e-03
   3.8903646e-02  -1.0622859e-01  -5.5064864e-01   4.7490887e-03  -6.3819503e-03  -1.4179252e-03
   5.6589971e-02  -7.2256920e-02   3.4384988e-01   2.2324165e-02  -7.0263326e-03  -1.8180221e-03
   4.2487648e-02  -6.6158882e-02  -7.0597019e-01   5.6433080e-03  -5.2212350e-03  -1.7664203e-03
   3.6648498e-02  -1.1015064e-01   5.4242228e-01   2.6057101e-02   3.6466354e-04  -7.0887460e-04
   6.3539175e-02  -9.3171670e-02  -7.4797491e-01   9.9730627e-03  -3.4690167e-03  -1.8441359e-03
   3.4488141e-02  -1.4316932e-01  -9.1882903e-01   6.8234791e-03  -1.8574526e-03  -1.9475056e-03
   3.0434591e-02  -1.0468735e-01  -8.8853173e-01   5.4361108e-03  -2.0943867e-03  -1.9471130e-03
  -1.3728978e-02  -1.4152086e-01  -2.2942594e-01   1.5954760e-02  -1.7034257e-03  -6.4941360e-04
  -2.4775104e-03  -1.0084870e-01  -9.2765580e-01   3.8293119e-03  -1.4861789e-03  -1.2358732e-03
  -4.9355626e-03  -1.1592089e-01  -9.4629573e-01   7.6561745e-04  -1.5129619e-03  -1.0653559e-03
   8.5400204e-03  -1.1832841e-01  -9.8779666e-01   2.5364441e-03  -1.8196386e-03  -1.2575072e-03
   1.6680657e-02  -1.2001001e-01  -1.0324157e+00   1.7008504e-03  -1.7907500e-03  -1.2668469e-03
   6.4165762e-03  -1.0874125e-01  -1.0743009e+00   5.7876528e-04  -1.6209297e-03  -1.1608402e-03
  -9.2410745e-03  -6.7001212e-02  -7.8992429e-01   1.5190616e-03  -2.5409135e-03  -1.5234710e-03
  -7.3839825e-04  -1.2196036e-01  -8.3979765e-01   6.0886292e-03  -2.6544995e-03  -1.7027604e-03
  -8.4749210e-03  -9.1161610e-02  -9.1520637e-01   3.1202328e-03  -2.4685175e-03  -1.6603614e-03
   4.7985705e-03  -1.3078997e-01  -9.2827730e-01   2.5418646e-03  -3.0978106e-03  -1.8829196e-03
   6.8023103e-03  -1.0200415e-01  -9.0154923e-01   4.1758241e-03  -2.7429854e-03  -1.8088333e-03
   1.5368994e-02  -1.1456818e-01  -8.1586968e-01   4.4435995e-03  -2.9299103e-03  -2.0236919e-03
   3.9365816e-02  -5.6116971e-02  -6.4554656e-01   1.6722323e-02  -1.1876488e-03  -1.1442213e-03
  -4.2217580e-03  -9.1774325e-02  -1.3008154e+00  -8.0231499e-05  -1.9743044e-03  -6.6517247e-04
  -3.2826427e-02  -6.8732785e-02  -1.3023778e+00  -1.3680695e-03  -1.5205719e-03  -2.7127112e-04
  -2.0920166e-02  -9.4867889e-02  -1.3089597e+00  -1.4631341e-03  -2.1701109e-03  -2.5698444e-04
  -2.7292713e-02  -8.1924606e-02  -1.2765152e+00  -6.1932125e-04  -1.5305832e-03  -9.1033814e-04
  -1.8183993e-02  -1.0126771e-01  -1.2814155e+00  -4.0599809e-03  -4.0975335e-04  -1.4118119e-03
   1.8515820e-02  -1.3618687e-01  -8.1061885e-01   1.2117884e-02  -4.9442255e-03  -1.7416880e-03
  -6.4870270e-03  -1.3982517e-01  -1.1370648e+00   6.1795872e-03  -2.8410587e-03  -2.0379403e-03
  -3.4572438e-02  -1.3097943e-01  -1.0721539e+00   7.9624638e-03  -4.8225191e-03  -2.1337956e-03
  -5.7016133e-02  -1.8491284e-01  -1.0084883e+00   7.1071494e-03  -4.7360587e-03  -5.7348442e-04
   1.3355374e-02  -1.7739216e-01  -1.1123515e+00   6.5235734e-03  -3.9400293e-03  -2.4310765e-03
   6.1207121e-02  -1.5196834e-01  -6.5373534e-01   1.1122582e-02  -3.3574615e-04  -2.5614491e-03
   5.0583713e-02  -1.5622321e-01  -1.1958335e+00   3.8158845e-03  -2.0295191e-03  -3.0608053e-03
   8.2646703e-02  -1.4130702e-01  -9.4705941e-01   1.0529363e-02  -4.6730897e-04  -2.6809906e-03
   6.2358037e-02  -1.2525177e-01  -1.1713703e+00   4.3526819e-03  -8.1132188e-04  -2.3543230e-03
   5.7202531e-02  -1.4334207e-01  -1.2209744e+00   1.4931665e-03  -1.3581683e-03  -2.4987755e-03
   7.0488671e-02  -1.3720542e-01  -1.0297117e+00   4.1904578e-03  -2.7841330e-03  -2.6683787e-03
   5.9482583e-02  -1.1685925e-01  -1.0286444e+00   3.9894353e-03  -3.0012281e-03  -2.3625295e-03
   3.4029461e-02  -1.3622035e-01  -9.7665454e-01   5.0150165e-03  -7.8511654e-04  -2.2467525e-03
   3.5957614e-02  -1.4208922e-01  -9.8728432e-01   1.0425595e-03  -1.8280962e-03  -1.4224598e-03
   7.2556684e-02  -1.4467372e-01  -7.2110297e-01   1.5653973e-02   3.1027786e-04  -2.3939042e-03
   3.3986555e-02  -1.2378236e-01  -1.3172310e+00   3.8033231e-03  -9.8284285e-04  -2.1218556e-03
   3.6879264e-02  -1.3640842e-01  -8.6818030e-01   1.0149504e-02  -2.6263991e-03  -2.2541744e-03
   1.1305698e-02  -1.2865057e-01  -1.1711654e+00   3.8922818e-03  -2.0520983e-03  -2.1637844e-03
   2.2692447e-02  -1.4788782e-01  -1.1712562e+00   3.1351481e-03  -2.1979316e-03  -2.0231385e-03
   3.5990842e-02  -1.6369899e-01  -1.2060835e+00   2.6734688e-03  -3.4666315e-03  -2.5907471e-03
   2.6551814e-02  -1.3944239e-01  -1.1967408e+00   3.1430010e-03  -3.0643418e-03  -2.4075863e-03
  -1.4781743e-02  -1.3581839e-01  -1.1965808e+00   2.4076514e-03  -1.9881845e-03  -4.0611772e-04
   3.5864704e-02  -1.4575118e-01  -1.1179862e+00   7.4216933e-03  -2.7816583e-03  -2.8321839e-03
   2.4559022e-02  -1.3549793e-01  -1.2554417e+00   3.4588480e-03  -2.3561095e-03  -2.5581014e-03
   2.1731911e-02  -1.6259886e-01  -1.3171759e+00   3.4973126e-03  -2.2158065e-03  -2.5947002e-03
   3.0673587e-02  -1.4028380e-01  -1.2589060e+00   3.7120796e-03  -3.1046181e-03  -2.7726932e-03
   1.7854540e-02  -1.4372174e-01  -1.1773009e+00   3.3680186e-03  -2.1070643e-03  -2.3022471e-03
   1.7418268e-02  -1.4415492e-01  -1.2242351e+00   2.9786111e-03  -1.9635687e-03  -2.4883254e-03
  -4.1283735e-03  -1.3162983e-01  -1.2655913e+00   1.8766977e-03  -2.4405745e-03  -2.1721490e-03
   2.7357952e-02  -1.6483417e-01  -1.2882400e+00   1.8973992e-03  -2.7097430e-03  -2.4676124e-03
   3.3732905e-02  -1.3579901e-01  -1.2325139e+00   2.2413480e-03  -2.3996022e-03  -2.7993269e-03
   8.7342934e-03  -1.3474349e-01  -1.2270964e+00   2.1651428e-03  -2.3007532e-03  -2.2136973e-03
   6.2845151e-03  -1.5470233e-01  -1.2070144e+00   2.4549160e-03  -2.1567691e-03  -2.3844304e-03
   9.6128518e-03  -1.4264118e-01  -1.3419921e+00   2.0781491e-03  -1.9123064e-03  -2.5619671e-03
   1.9383387e-02  -1.4989944e-01  -1.2327435e+00   3.0272554e-03  -2.2979945e-03  -2.4826736e-03
  -1.7152699e-03  -1.7549023e-01  -1.2127235e+00   1.9898193e-03   4.7103934e-04  -1.6119338e-03
   7.3741405e-03  -1.5630834e-01  -1.4384579e+00   1.2655473e-03  -1.8354814e-04  -2.2726181e-03
  -3.9218385e-03  -1.3009147e-01  -1.4313308e+00   5.2339422e-04  -1.4308346e-04  -2.0367039e-03
   6.0034619e-02  -1.3493305e-01  -5.1276940e-01   1.5098103e-02  -3.2421087e-03  -2.8394762e-03
   5.4045144e-02  -1.1912062e-01  -1.0522450e+00   5.7880427e-03  -1.9657329e-03  -2.9535239e-03
   5.7689902e-02  -1.6229104e-01  -1.0715981e+00   6.6338547e-03  -3.0849087e-03  -2.9576825e-03
  -3.0174734e-04  -1.3365703e-01   3.2949605e-01   2.1591897e-02  -1.5458798e-03  -1.2480050e-03
   5.7346078e-02  -1.2897527e-01  -7.8772201e-01   8.7503603e-03  -5.5226892e-03  -2.7018321e-03
   4.2449186e-02  -1.3062166e-01  -8.0136879e-01   7.8606761e-03  -5.0975277e-03  -2.1899217e-03
   2.5316622e-02  -1.3499434e-01  -8.4337158e-01   6.0839113e-03  -4.6861099e-03  -2.1301396e-03
   5.7128478e-02  -1.4451422e-01  -9.4321198e-01   5.4609188e-03  -5.1972071e-03  -2.4210120e-03
   5.8509068e-02  -1.2212975e-01  -1.0189568e+00   4.2620199e-03  -6.1488232e-03  -2.7820267e-03
   2.7178851e-02  -1.2853800e-01  -8.2444695e-01   6.4528211e-03  -5.2338479e-03  -2.1871306e-03
   3.7402881e-02  -1.1481992e-01  -8.4607543e-01   4.9225836e-03  -5.7230693e-03  -2.2624345e-03
   2.6691783e-02  -1.2266820e-01  -8.1022757e-01   5.9965325e-03  -5.8765527e-03  -2.3460873e-03
   2.7570969e-02  -9.7490449e-02  -8.0916101e-01   5.8501776e-03  -4.3144801e-03  -3.2659713e-03
   2.1270068e-02  -1.1943087e-01  -7.8500378e-01   7.8148662e-03  -5.6538864e-03  -2.2109877e-03
  -6.7414287e-04  -1.1484859e-01  -3.3988796e-01   1.6200970e-02  -1.4482717e-03  -5.6752741e-04
   2.3151172e-02  -1.4366841e-01  -9.2137872e-01   1.0179438e-02  -2.4068931e-03  -1.5812363e-03
   4.3612008e-02  -1.6300780e-01  -1.0718578e+00   5.5023669e-03  -3.5645142e-03  -2.1126976e-03
   6.6473824e-02  -1.3645705e-01  -9.7059069e-01   6.8414743e-03  -3.7181140e-03  -2.4746230e-03
   4.0658775e-02  -2.7275775e-01  -1.0505328e+00  -1.5537246e-03  -3.3646284e-03  -2.5455790e-03
   2.2132829e-02  -1.0350136e-01  -1.8870828e+00   3.3720944e-04   5.8104131e-03  -1.6455483e-03
  -4.4837814e-03  -1.3191160e-01  -1.9528371e+00  -1.1916295e-03   3.8745010e-03  -1.0829700e-03
  -1.7122230e-02  -1.1239461e-01  -1.9344762e+00  -2.1660151e-03   2.8025479e-03  -7.8846172e-04
  -2.6166492e-02  -1.0858077e-01  -1.9125632e+00  -2.4458690e-03   2.3735383e-03  -9.0469004e-04
   2.0288824e-02  -1.8901350e-01  -1.9304472e+00  -1.0508512e-02   9.6840777e-04  -1.6311677e-03
  -1.3673275e-02  -2.3142101e-01  -8.0376589e-01   1.2299206e-02   2.9958009e-03  -1.5918792e-03
  -4.0577127e-02  -1.6404442e-01  -1.0898150e+00   6.7152856e-03   2.8869661e-04  -8.9023268e-04
  -3.1295686e-02  -1.4190261e-01  -1.2213773e+00   5.0117081e-03  -1.4871248e-03  -1.5367111e-03
   1.8127542e-02  -1.5560502e-01  -1.2470680e+00   5.6116201e-03  -2.8714683e-03  -1.9638402e-03
  -1.3847593e-03  -1.6555506e-01  -1.2700069e+00   4.1444500e-03  -2.3364764e-03  -1.5554310e-03
   2.6052443e-02  -1.5793115e-01  -1.4130915e+00   3.0538430e-03  -3.3434411e-03  -2.0378227e-03
   2.8651082e-03  -1.3934171e-01  -1.2960977e+00   3.9645686e-03  -3.3056278e-03  -1.7558119e-03
   6.3311576e-03  -1.8446489e-01  -1.2793087e+00   2.0729731e-03  -2.5171640e-03  -1.3842764e-03
   9.2759434e-03  -1.4673990e-01  -9.6281940e-01   7.5032700e-03  -5.1336617e-03  -1.6691154e-03
  -9.8277453e-03  -1.5096630e-01  -1.0337034e+00   6.7722217e-03  -3.6870021e-03  -1.3137147e-03
   2.5360109e-03  -1.2901567e-01  -1.0538088e+00   5.0636108e-03  -3.2272196e-03  -1.5304323e-03
   9.5782095e-03  -1.6589689e-01  -1.2125767e+00   3.7365289e-03  -3.1307589e-03  -2.7451456e-03
   4.1084314e-02  -1.5216565e-01  -1.2580935e+00   5.9776297e-03  -2.5735907e-03  -1.9753183e-03
   3.1971408e-02  -1.5076737e-01  -1.2397032e+00   5.0836308e-03  -3.6204383e-03  -1.9677972e-03
   7.0727566e-03  -1.4448304e-01  -1.2808955e+00   4.5017982e-03  -3.4742844e-03  -1.8768702e-03
   2.3485305e-02  -1.3185682e-01  -1.3226256e+00   2.7072305e-03  -3.4495400e-03  -1.7002574e-03
   2.4061847e-02  -1.5242779e-01  -1.2837450e+00   3.2696495e-03  -3.6150961e-03  -1.8095468e-03
   8.8018961e-03  -1.5727568e-01  -1.2733940e+00   3.5487286e-03  -2.6157517e-03  -1.6759537e-03
   1.7027200e-02  -1.5609410e-01  -1.2484747e+00   3.7923732e-03  -2.4787654e-03  -2.0247097e-03
   1.0604119e-02  -1.5135603e-01  -1.2739365e+00   3.6715267e-03  -3.0716110e-03  -1.9912874e-03
   5.3763350e-03  -1.2072436e-01  -1.1682155e+00   5.6521177e-03  -4.7973303e-03  -1.5270715e-03
  -1.1612937e-02  -1.3147414e-01  -9.5549440e-01   6.7444551e-03  -5.7660154e-03  -1.6567819e-03
  -2.8792410e-03  -1.3912237e-01  -1.1588769e+00   5.6876868e-03  -5.1256095e-03  -1.6872778e-03
   6.2117418e-03  -1.5689790e-01  -1.1526909e+00   1.8573878e-03  -6.6031882e-03  -1.2866071e-03
   3.3382870e-02  -1.4397696e-01  -9.2901288e-01   9.3239373e-03  -5.5588606e-03  -1.8828050e-03
   2.4665229e-02  -1.6089114e-01  -1.0689271e+00   6.5291496e-03  -4.5804842e-03  -1.8767769e-03
   2.1972143e-02  -1.4783894e-01  -1.1254976e+00   5.0049005e-03  -4.3892116e-03  -1.5790828e-03
   2.2215332e-02  -1.8472114e-01  -1.1354962e+00   5.1774711e-03  -4.3900584e-03  -1.8467552e-03
   4.1580437e-02  -1.5224554e-01  -1.1967917e+00  -9.2203242e-04  -5.2814335e-04  -3.2781639e-03
  -9.9953742e-03  -1.6146958e-01  -1.1822956e+00   9.0605041e-03  -4.3207060e-04  -1.2175297e-03
  -2.0121078e-02  -1.4070990e-01  -1.5163046e+00   2.7310536e-03  -3.1206661e-04  -1.2029570e-03
  -2.5383615e-02  -1.5388054e-01  -1.5082179e+00   2.0887354e-03  -5.6218377e-04  -1.1157358e-03
   1.7104043e-03  -1.4559118e-01  -1.5724413e+00   3.9473311e-03  -2.7503946e-03  -1.5610313e-03
  -5.1675677e-05  -1.6272875e-01  -1.3293058e+00   5.3824283e-03  -3.4526102e-03  -1.5349378e-03
   1.2879479e-02  -1.6779332e-01  -1.3482002e+00   4.6216758e-03  -3.1171157e-03  -1.4842830e-03
   2.3753307e-02  -1.6811554e-01  -1.3058464e+00   3.7502376e-03  -3.3520564e-03  -1.8575344e-03
   8.7147726e-03  -1.6981714e-01  -1.3111380e+00   5.7580170e-03  -4.7766781e-03  -1.6247168e-03
   3.6470694e-02  -1.6252179e-01  -1.3022302e+00   6.5451825e-03  -6.2885958e-03  -2.0915826e-03
   1.2124214e-02  -1.4949116e-01  -1.3608188e+00   4.7986473e-03  -5.3234153e-03  -1.8267015e-03
   4.1646170e-02  -1.8519946e-01  -1.4053905e+00   3.7423815e-03  -5.9460500e-03  -1.8660544e-03
   3.7925145e-02  -1.7696651e-01  -1.4160440e+00   4.9837725e-03  -5.6372407e-03  -2.1234476e-03
   5.5419070e-02  -1.7036422e-01  -1.4408334e+00   3.5474707e-03  -5.6688630e-03  -2.4388820e-03
   3.4912345e-02  -1.5560198e-01  -1.4728664e+00   4.8503833e-03  -4.6981125e-03  -2.1900591e-03
   2.6456102e-02  -1.5686240e-01  -1.4249674e+00   4.2700411e-03  -4.5304919e-03  -1.9856317e-03
   2.2871095e-02  -1.5078189e-01  -1.4299428e+00   4.4387702e-03  -5.1125194e-03  -2.5021777e-03
   4.1912451e-03  -1.5877212e-01  -1.3600657e+00   7.0247827e-03  -3.4241898e-03  -1.9605313e-03
   8.9208880e-03  -1.5317531e-01  -1.4617972e+00   4.3075897e-03  -3.0765664e-03  -1.9578628e-03
   3.0576811e-03  -1.6474622e-01  -1.4527441e+00   4.5620109e-03  -3.2246014e-03  -1.7925185e-03
   2.3321074e-02  -1.5282229e-01  -1.4758275e+00   4.3036613e-03  -3.9692197e-03  -2.0651040e-03
   1.8482938e-02  -1.6405654e-01  -1.4507259e+00   4.6881981e-03  -4.3948037e-03  -1.8150742e-03
   3.7533025e-02  -1.6931514e-01  -1.5094861e+00   2.9471316e-03  -4.6026561e-03  -2.3608462e-03
   3.5138559e-02  -1.6148290e-01  -1.3855377e+00   5.7576067e-03  -5.3324008e-03  -2.3186592e-03
   2.8635045e-02  -1.8638587e-01  -1.5657857e+00   3.6936244e-03  -4.9971499e-03  -2.5439894e-03
   1.9906738e-02  -1.7795877e-01  -1.3901019e+00   6.6139086e-03  -5.8754788e-03  -2.4143259e-03
  -3.4924971e-03  -1.5583087e-01  -1.4407222e+00   5.3826948e-03  -4.4052531e-03  -1.7263096e-03
   1.2570760e-02  -1.7285884e-01  -1.4981194e+00   4.9451718e-03  -5.1408972e-03  -2.2079474e-03
   4.4266469e-03  -1.4541712e-01  -1.4754137e+00   4.8875696e-03  -4.8847133e-03  -1.9723016e-03
   1.9265090e-02  -1.6893708e-01  -1.4357999e+00   7.4062783e-03  -4.5625172e-03  -2.3420762e-03
   9.6578198e-03  -1.4751878e-01  -1.5568354e+00   3.5373315e-03  -3.8731699e-03  -2.0615397e-03
   5.5269277e-02  -1.8577335e-01  -1.2381397e+00   7.9786338e-03  -6.8042412e-03  -2.8201954e-03
   2.9538828e-02  -1.3857953e-01  -1.4571924e+00   5.5222970e-03  -5.7247828e-03  -2.2856846e-03
   3.8006448e-02  -1.6576454e-01  -1.3792989e+00   5.6780006e-03  -5.9599045e-03  -2.3403633e-03
   3.5533332e-02  -1.7904770e-01  -1.4108305e+00   5.1266221e-03  -6.4086601e-03  -2.3945998e-03
   2.9723534e-02  -1.5623368e-01  -1.4149501e+00   5.0529021e-03  -5.8432875e-03  -2.2968701e-03
   2.5580522e-02  -1.9097385e-01  -1.4200083e+00   5.3068629e-03  -6.2262379e-03  -2.3591819e-03
   2.8838161e-02  -1.7316149e-01  -1.4258876e+00   5.2927169e-03  -5.9004062e-03  -2.6646775e-03
   1.3312629e-02  -1.6747780e-01  -1.3415079e+00   7.2696820e-03  -5.8118927e-03  -1.9484772e-03
   2.4602407e-02  -1.5751096e-01  -1.4086182e+00   5.2334825e-03  -5.7615042e-03  -2.2845747e-03
   2.6248564e-02  -1.7770892e-01  -1.3990909e+00   5.7730887e-03  -5.9203491e-03  -2.3196803e-03
   1.6411620e-02  -1.7039269e-01  -1.4206555e+00   6.2700270e-03  -6.5928720e-03  -2.3148515e-03
   2.0858128e-02  -1.4879365e-01  -1.4141990e+00   5.7852822e-03  -6.2969572e-03  -2.2776977e-03
   1.3016934e-02  -1.6456211e-01  -1.4427669e+00   4.7419822e-03  -6.1335194e-03  -2.0634447e-03
   1.3515564e-02  -1.5507636e-01  -1.4571705e+00   4.6124615e-03  -5.8680166e-03  -2.2497156e-03
   2.1920991e-02  -1.6775074e-01  -1.4529969e+00   5.1145573e-03  -5.6280231e-03  -2.3086313e-03
   4.5164502e-02  -1.8396605e-01  -1.4564307e+00  -5.3146361e-03  -7.6680638e-03  -3.1964080e-03
   1.3872422e-01  -1.0113878e-01  -6.8974091e-01   1.7565904e-02  -1.1746794e-02  -4.7624119e-03
   5.6139183e-02  -1.3158537e-01  -1.0729214e-01   1.3426930e-02  -1.2421724e-02  -2.0790217e-04
  -8.8091666e-02  -1.4452546e-01  -1.8207122e-01   1.5057609e-02  -1.1731895e-03   7.0501595e-04
  -3.7264821e-02  -1.1034023e-01  -6.8111787e-01   6.8733129e-03  -4.7773535e-03  -1.9267245e-04
  -3.5947871e-02  -1.2227473e-01  -6.6574964e-01   7.3176179e-03  -5.8002965e-03  -2.3470144e-04
  -5.3089293e-02  -1.0845840e-01  -3.6857133e-01   1.8032587e-02  -9.3135296e-03  -2.3946260e-05
   1.0154189e-02  -1.3668383e-01  -1.1746334e+00   7.3863505e-03  -6.0538562e-03  -7.5178414e-04
   7.3906061e-03  -1.3225590e-01  -1.1347332e+00   6.4152051e-03  -6.3267230e-03  -7.3400055e-04
  -2.7435657e-02  -7.9700605e-02  -3.5360639e-01   1.8306580e-02  -7.2315666e-03   7.1440054e-05
   3.3277686e-03  -1.1753886e-01  -8.8054663e-01   1.0091626e-02  -6.5829718e-03  -7.2905805e-04
  -2.0899717e-02  -1.0529151e-01  -5.7831141e-01   1.0202179e-02  -5.8549954e-03  -6.7150958e-04
  -1.3166859e-02  -8.2039401e-02  -7.6652280e-01   7.7824427e-03  -5.5240943e-03   2.0444288e-04
  -2.7610518e-02  -8.3996027e-02  -7.2142213e-01   8.1677660e-03  -4.7260207e-03  -2.0234247e-04
  -1.7548588e-02  -1.0819574e-01  -7.3071646e-01   8.3284530e-03  -4.8061092e-03  -4.8142287e-04
  -3.1531913e-02  -9.9427392e-02  -7.3941419e-01   9.1930518e-03  -4.5722095e-03  -4.4202094e-04
  -1.1709689e-02  -7.7241564e-02  -7.5585350e-01   8.0878499e-03  -5.1351216e-03  -4.5133122e-04
  -9.9713109e-03  -1.1170734e-01  -7.7187729e-01   7.8186853e-03  -5.3164854e-03  -4.5761251e-04
  -3.2661201e-02  -1.0973581e-01  -7.4758554e-01   8.5781749e-03  -4.8368815e-03  -6.4343981e-04
  -3.0316241e-02  -1.5394138e-01  -7.9439903e-01   9.3342586e-03  -3.6280597e-03  -7.7199024e-04
  -1.4456138e-02  -1.1408867e-01  -8.1482334e-01   7.6282179e-03  -3.7297730e-03  -9.1784612e-04
  -1.4993939e-02  -1.1756763e-01  -7.8993231e-01   8.4430611e-03  -3.4771682e-03  -1.2329705e-03
  -1.7408267e-02  -1.1716079e-01  -8.0104405e-01   8.7130875e-03  -3.9489504e-03  -9.6886014e-04
  -2.1840401e-02  -1.0929363e-01  -8.1004265e-01   7.6573410e-03  -3.7605899e-03  -7.0839946e-04
  -2.2072749e-02  -9.2674738e-02  -7.4397595e-01   8.1287958e-03  -3.6613933e-03  -8.2817947e-04
  -2.7641034e-02  -1.3795542e-01  -7.4373430e-01   8.5511634e-03  -3.7158540e-03  -6.7262108e-04
  -2.7461586e-02  -9.7954193e-02  -7.8755845e-01   8.2873903e-03  -4.0043350e-03  -7.1162429e-04
  -2.0851122e-02  -1.1948926e-01  -7.7874528e-01   8.8437157e-03  -3.1178260e-03  -4.2220420e-04
  -3.5270774e-02  -1.2780312e-01  -7.7272531e-01   8.6223554e-03  -3.1848245e-03  -7.4817307e-04
  -2.8849348e-02  -1.2053555e-01  -7.8357237e-01   9.1040340e-03  -3.7663953e-03  -9.6755803e-04
  -3.3333288e-02  -1.2570385e-01  -7.7516112e-01   8.1494465e-03  -3.5491662e-03  -5.1871769e-04
  -3.0977151e-02  -1.2164585e-01  -7.6008209e-01   8.1920523e-03  -3.6884832e-03  -5.3094956e-04
  -4.8743934e-02  -1.0001079e-01  -7.7677376e-01   6.8291380e-03  -3.8747474e-03  -6.0103022e-05
  -2.4161251e-02  -1.3847530e-01  -2.5104024e-01   1.6864950e-02  -4.5264242e-03  -5.0693386e-04
  -2.9334588e-02  -1.1179728e-01  -4.8755666e-01   1.2068055e-02  -4.7995964e-03  -1.4541948e-03
   1.7024502e-02  -1.0907814e-01  -3.4930975e-01   1.4218502e-02  -6.4515211e-03  -1.1579728e-03
   1.9789610e-02  -1.3814476e-01  -3.9366374e-01   1.3177816e-02  -5.3752721e-03  -1.2755058e-03
   2.4158403e-02  -1.4727215e-01  -5.6720060e-01   1.2245453e-02  -6.7148953e-03  -1.4427871e-03
   1.9361073e-02  -1.4895717e-01  -4.3555507e-01   1.3532270e-02  -6.1821229e-03  -1.4060188e-03
  -6.2587824e-03  -1.8179735e-01  -3.3268216e-01   1.4695609e-02  -7.5090085e-03  -1.8509397e-03
   2.1927102e-02  -1.5869112e-01  -8.2757261e-01   6.9528269e-03  -3.7121281e-03  -1.8781627e-03
  -3.5880012e-02  -1.3465052e-01  -7.7988256e-02   1.4730854e-02  -3.6465599e-04  -1.4842988e-03
  -4.3313211e-02  -1.7034059e-01  -6.5002444e-01   1.2451978e-02   6.4772300e-04  -1.5294393e-03
  -2.4435380e-02  -1.3683525e-01  -8.5208957e-01   7.5492318e-03   2.9437967e-04  -1.9353862e-03
  -3.3164809e-02  -2.0705478e-01  -2.9973207e-01   1.5717910e-02  -2.6593153e-03  -1.4601560e-03
  -1.4292811e-02  -1.5205872e-01  -5.8213743e-01   1.3226367e-02  -2.2272359e-03  -1.5797495e-03
  -2.1979321e-02  -1.8081318e-01  -5.4470982e-01   1.2542606e-02  -2.4843633e-03  -1.6696815e-03
  -1.4510064e-02  -1.5330563e-01  -5.8560940e-01   1.0935541e-02  -4.2272150e-03  -1.9711560e-03
  -1.7480827e-02  -1.7706100e-01  -4.9541713e-01   1.1185517e-02  -1.0438509e-04  -2.0323561e-03
   9.7138783e-03  -1.2955353e-01  -5.1973823e-01   1.3631619e-02  -7.3978312e-04  -2.3427968e-03
  -6.0208824e-03  -1.4519180e-01  -5.0305771e-01   1.2081711e-02  -4.7572672e-04  -1.7760792e-03
  -5.4808238e-04  -1.4768107e-01  -5.2043542e-01   1.1898821e-02  -6.5999214e-04  -1.6767159e-03
   9.7841346e-05  -1.4932447e-01  -5.0163983e-01   1.1232144e-02  -1.2594905e-03  -1.7732477e-03
   6.3510383e-03  -1.6592387e-01  -4.7290284e-01   1.2155258e-02  -1.4086935e-03  -1.9546996e-03
   9.1174127e-03  -1.6537822e-01  -5.0749474e-01   1.1762512e-02  -1.0574796e-03  -1.9986133e-03
  -7.7556318e-04  -1.5839987e-01  -4.9937494e-01   1.3479925e-02  -1.7319710e-03  -2.4423493e-03
  -1.0832695e-02  -1.4990745e-01  -3.8742852e-01   1.3842148e-02  -1.7211829e-03  -1.9287959e-03
   2.0501553e-02  -1.9071793e-01   6.4266379e-02   2.7011544e-02  -3.3937949e-03  -2.7204145e-03
  -1.1704281e-02  -1.7729179e-01  -4.6010625e-01   1.5052093e-02  -1.5623556e-03  -2.0322952e-03
  -5.6155665e-03  -1.7579698e-01  -4.3599384e-01   1.4635145e-02  -2.0853270e-03  -1.8687072e-03
  -1.4249052e-02  -2.0748615e-01  -5.2598112e-01   1.3562039e-02  -3.7008386e-03  -2.1147190e-03
  -3.4793328e-02  -2.0434175e-01  -2.0238927e-01   1.8180361e-02  -6.5829106e-03  -1.0649326e-03
  -1.5668335e-01  -3.1903893e-01  -9.3576947e-02   2.7249944e-02   6.8032453e-04  -5.6073108e-04
  -1.5606466e-01  -3.3920694e-01  -1.7442242e-01   2.3097493e-02  -1.7559458e-03  -1.0291274e-03
  -1.5050924e-01  -3.3079960e-01  -1.5644297e-01   2.3872869e-02  -2.9287386e-03  -1.6885058e-03
  -1.3209293e-01  -2.9222308e-01   3.3189014e-02   2.1664169e-02  -4.2499137e-03  -1.8993465e-03
  -7.3237404e-02  -3.0482111e-01  -6.2545758e-01   2.1907089e-02  -5.8941520e-03  -1.5163407e-03
  -1.3114829e-01  -3.5905950e-01  -9.0613294e-02   2.6204195e-02  -5.0236832e-03  -1.3888719e-03
  -1.5299298e-01  -3.1107302e-01  -6.6039162e-02   2.6217222e-02  -4.5762953e-03  -2.1333887e-03
  -1.2871509e-01  -3.3988379e-01   5.2689313e-02   2.6099202e-02  -6.0921546e-03  -2.0631776e-03
  -5.6721697e-02  -1.0008553e-01  -3.4539186e-01   1.6496730e-02   8.4386827e-04  -1.2179175e-03
   2.1832786e-02  -1.6597646e-01  -1.4674670e-01   2.0723237e-02  -5.2636804e-03  -1.9139332e-03
   2.2580055e-02  -1.6027354e-01  -2.0986717e-01   1.7413566e-02  -5.3333555e-03  -2.1873412e-03
   3.1317889e-02  -1.6291224e-01  -3.2189737e-01   1.7891381e-02  -4.5073232e-03  -2.0267567e-03
   1.6199733e-02  -1.6899316e-01  -3.1925615e-01   1.7120706e-02  -4.2891862e-03  -1.6795694e-03
   3.7158839e-02  -1.6826719e-01  -4.0568836e-01   1.5893042e-02  -5.7861381e-03  -1.6334846e-03
   6.3465416e-02  -2.0893428e-01   3.9922110e-01   3.3205295e-02  -5.9590728e-03  -2.1968114e-03
   3.7038534e-02  -1.5888157e-01  -2.8863857e-01   1.9384308e-02  -5.1827528e-03  -2.3463299e-03
   2.5600749e-02  -1.6011895e-01  -2.2821258e-01   1.8856474e-02  -5.6047769e-03  -2.0102259e-03
   1.5348185e-02  -1.5232777e-01  -2.8049578e-01   1.7416451e-02  -5.3907669e-03  -2.0884458e-03
   1.8071549e-02  -1.5676662e-01  -2.8426212e-01   1.7466116e-02  -5.2563810e-03  -1.8754158e-03
   3.1292670e-02  -1.6461098e-01  -2.6605163e-01   1.7418144e-02  -4.9959588e-03  -1.9567165e-03
   1.3896915e-02  -1.5038125e-01  -4.2461118e-01   1.7494232e-02  -2.0879873e-03  -1.7004945e-03
   9.1153720e-03  -1.1945662e-01  -3.1730771e-01   1.6222816e-02  -1.7726438e-03  -1.6531115e-03
   2.9382016e-02  -1.4513744e-01  -3.6841235e-01   1.6435169e-02  -3.2380897e-03  -1.9617090e-03
   1.0782440e-02  -1.5279011e-01  -3.1073082e-01   1.7140322e-02  -3.3002636e-03  -1.4436186e-03
   2.7944589e-02  -1.4114337e-01  -3.5795092e-01   1.3905324e-02  -4.3881856e-03  -1.6892890e-03
  -1.9973484e-03  -1.4399773e-01  -3.6389338e-01   1.7403047e-02  -2.1138956e-03  -1.0653080e-03
   1.4763874e-02  -1.4504187e-01  -3.8568733e-01   1.6048734e-02  -1.6755305e-03  -1.3863353e-03
   1.2631633e-02  -1.3265037e-01  -3.9258286e-01   1.5863687e-02  -1.3914491e-03  -1.3419866e-03
  -1.5533144e-03  -1.6293336e-01  -4.6140302e-01   1.5596673e-02  -1.2979418e-03  -1.3880177e-03
  -2.4656604e-03  -1.4266412e-01  -4.9857255e-01   1.5025426e-02  -4.1606090e-03  -1.4361896e-03
  -5.1837095e-03  -1.2920464e-01  -4.2424003e-01   1.5789894e-02  -2.3314016e-03  -1.3321146e-03
   4.6482566e-03  -1.4585965e-01  -4.1804805e-01   1.5451108e-02  -2.1979969e-03  -1.1867228e-03
   6.6130309e-03  -1.3168516e-01  -4.4239799e-01   1.5164228e-02  -2.1645959e-03  -1.4643142e-03
   1.0113867e-01  -2.6484171e-02  -4.6844806e-01   5.7148450e-03  -7.2827688e-03  -1.0704514e-03
   1.3399018e-01  -3.2688594e-02   1.3789516e+00   2.5051842e-02  -1.7735323e-02  -4.7322745e-03
   9.3824109e-02   2.7024864e-01   6.0837074e-01   2.5741849e-02  -8.0761930e-03   5.1854938e-04
   2.2000152e-02  -3.0372614e-02  -3.7566718e-01   1.2278252e-02  -4.0790946e-03  -1.3415995e-04
   8.3780624e-03  -6.5027036e-02  -2.3719923e-01   1.5425406e-02  -4.5925698e-03  -2.8004975e-04
   2.7959945e-03  -9.0508057e-02  -2.3572247e-01   1.4249120e-02  -4.6237606e-03  -4.8956222e-04
   3.9532517e-02  -8.7143312e-02  -3.4947909e-01   1.6437234e-02  -3.8925825e-03  -1.3745033e-03
   1.6144165e-02  -5.6140448e-02  -2.7715360e-01   1.5165666e-02  -3.4183544e-03  -6.5477745e-04
   7.7365644e-03  -1.1003263e-01  -3.1813993e-01   1.7016376e-02  -2.2526950e-03  -9.9389591e-04
   3.6627036e-02  -1.0819821e-01  -4.6319333e-01   1.2219882e-02  -2.7480538e-03  -1.8493432e-03
   2.2542355e-02  -1.2897205e-01  -4.0668665e-01   1.5677390e-02  -4.3344168e-03  -1.0823168e-03
   5.8066578e-02  -9.1513390e-02  -5.1626322e-01   1.3913951e-02  -3.4012178e-03  -1.4568688e-03
   1.5184479e-01   7.2769913e-03  -2.5615404e-01   6.5847346e-03  -8.8743237e-03  -8.6180539e-04
   1.7567003e-01  -1.7390324e-03   9.9920029e-01   2.4056762e-02  -7.2836270e-03  -1.5283872e-03
   1.7167012e-01  -9.8237128e-04   3.6929686e-01   2.2251661e-02  -1.0292908e-02  -2.7303009e-03
   1.4285109e-01  -4.9856713e-02   2.5211762e-01   2.2075298e-02  -7.5814280e-03  -2.3552126e-03
   1.3340402e-01  -7.2448523e-02   1.8286729e-01   2.0451909e-02  -7.0128484e-03  -2.2916856e-03
   1.0903458e-01  -8.9211206e-02   1.8439312e-01   2.0061710e-02  -6.7245195e-03  -2.2438000e-03
   4.7242860e-02  -1.3077485e-01   1.9463513e-01   2.7490127e-02  -5.0910916e-03  -1.3553364e-03
   5.0288257e-02  -9.7319780e-02  -1.5415167e-01   2.0444919e-02  -4.1682677e-03  -1.0066287e-03
   4.8003610e-02  -1.1767843e-01  -2.1412920e-01   1.7690213e-02  -4.2029403e-03  -1.1940954e-03
   5.5693089e-02  -1.3187606e-01   2.0674401e-01   3.0469036e-02  -2.3887004e-03  -7.9624414e-04
   5.0446719e-02  -1.5171650e-01  -2.8704851e-01   2.0416353e-02  -3.4263462e-03  -6.0760722e-04
   9.4595445e-02  -3.4018483e-02  -8.9655319e-02   1.7197286e-02  -4.9854901e-03  -2.7526722e-04
   9.2282500e-02  -4.9950625e-02   8.9548590e-02   1.7452165e-02  -3.7375507e-03  -1.2879664e-03
   1.3003166e-01  -4.1845943e-02   3.5231162e-01   2.5352029e-02  -1.9546938e-03  -1.2744483e-03
   1.1708442e-01  -8.3616629e-02   2.5503648e-01   2.3146446e-02  -2.1662144e-03  -1.4185586e-03
   9.9214911e-02  -7.5033950e-02   1.9939996e-01   2.2250159e-02  -3.0845954e-03  -1.6028918e-03
   8.2015065e-02  -7.6305616e-02   1.6248259e-01   2.1184714e-02  -3.2046205e-03  -1.4090409e-03
   9.4242435e-02  -9.2445425e-02   1.6375173e-01   2.1495646e-02  -2.9444458e-03  -1.3371812e-03
   7.3653139e-02  -8.2016561e-02   1.5188285e-01   2.1298978e-02  -3.7948579e-03  -1.4293479e-03
   7.3430996e-02  -9.3891483e-02   1.5587548e-01   2.1328826e-02  -3.4340256e-03  -1.3242459e-03
   6.3429803e-02  -8.2493581e-02   1.5651052e-01   2.1089113e-02  -4.0891731e-03  -1.2984951e-03
   7.1728824e-02  -6.3290624e-02   1.4092174e-01   2.0326072e-02  -3.3735294e-03  -1.1892245e-03
   6.8455156e-02  -6.7219242e-02   1.2512895e-01   1.9508695e-02  -3.3919505e-03  -1.3472882e-03
   7.3222590e-02  -7.5219850e-02   7.9712787e-02   1.8861325e-02  -3.3470633e-03  -1.6224520e-03
   7.0889378e-02  -6.4912132e-02   5.4510950e-02   1.8595829e-02  -2.9738068e-03  -1.4535650e-03
   7.3102989e-02  -6.5700830e-02   5.2638322e-02   1.8820562e-02  -3.0495553e-03  -1.4807916e-03
   6.2019941e-02  -7.4765437e-02   4.9873589e-02   1.9039546e-02  -3.1601006e-03  -1.2828168e-03
   6.0175893e-02  -3.7907504e-02   7.9990963e-02   1.8816206e-02  -3.7781378e-03  -9.0991879e-04
   4.4502290e-02  -6.4624880e-02   7.1679783e-02   1.8646634e-02  -3.1945746e-03  -9.3471239e-04
   4.9483697e-02  -9.4617923e-02   6.3767717e-02   1.8581752e-02  -4.5789531e-03  -1.1324708e-03
   3.9774174e-02  -5.1521457e-02  -4.3127500e-02   1.8454186e-02  -2.7465817e-03  -9.9607478e-04
  -2.9504343e-02  -9.5860790e-02  -3.2048342e-01   1.6881096e-02  -1.9465645e-04   9.3390050e-05
   3.0689404e-02  -1.0509344e-01  -3.8271590e-01   1.6505327e-02  -1.0931219e-04  -8.0044338e-04
   1.9711785e-02  -9.5767221e-02  -4.0179187e-01   1.5069612e-02   1.3365521e-04  -5.6553387e-04
   2.3527162e-02  -1.2608811e-01  -4.0482648e-01   1.4827354e-02  -2.1862940e-04  -4.6126282e-04
   3.3839863e-02  -1.1357101e-01  -4.3678732e-01   1.5499085e-02  -8.2336868e-04  -7.4994000e-04
   3.0225787e-02  -1.1102554e-01  -3.7807354e-01   1.4949420e-02  -4.5942420e-04  -5.2552980e-04
   3.5381739e-02  -1.0334768e-01  -1.6450562e-01   1.7448156e-02  -5.1801337e-04  -4.6064597e-04
   4.6730513e-02  -1.3244326e-01  -2.4063059e-02   2.1230793e-02  -3.1254620e-03  -1.3012549e-03
  -4.3428237e-02  -1.4244071e-01  -1.2938744e-01   2.2728790e-02  -1.1805204e-03   7.7228677e-05
  -6.3098520e-02  -1.2341679e-01  -2.6354508e-01   1.9792511e-02  -4.3322335e-04   3.5783433e-05
  -7.8298964e-02  -1.6536319e-01  -2.1271067e-01   2.0793785e-02  -9.5084818e-04   4.4176781e-04
  -1.6208205e-02  -1.6219626e-01  -3.5610399e-01   1.7735938e-02  -9.5493915e-04   1.2401012e-04
  -2.2850859e-03  -1.3271202e-01  -2.5346229e-01   1.7280984e-02  -1.1988056e-03   2.8077090e-05
  -2.2405617e-03  -1.2230894e-01  -2.4487651e-01   1.6699246e-02  -1.1586852e-03   9.7701805e-05
   4.5839717e-02  -6.6618874e-02  -3.2046647e-01   1.4238733e-02  -3.1542429e-03   7.1907256e-04
   5.5452570e-02  -5.6584813e-02  -2.4661125e-01   1.4830580e-02  -4.9418866e-03   4.4042348e-04
   4.0238689e-02  -7.5391901e-02  -2.1427000e-01   1.5248418e-02  -4.1147792e-03   2.6352759e-04
   2.8423076e-02  -8.8144960e-02  -2.1794021e-01   1.2757446e-02  -3.8795562e-03  -1.8446895e-05
   3.7898900e-02  -9.6842232e-02  -2.6190270e-01   1.5523251e-02  -3.3336369e-03  -4.0962202e-04
   1.8855910e-02  -1.2061817e-01   8.8547846e-02   2.7482724e-02  -4.1883713e-03   6.4812289e-04
   2.6796960e-02  -1.0838142e-01  -4.8071136e-01   1.5735508e-02  -1.7044627e-03   3.7333030e-04
   3.2332452e-02  -1.7161589e-01  -4.8449825e-01   1.0355863e-02   2.2688879e-04  -4.2692950e-04
   1.3686473e-02  -1.0520925e-01  -5.5260723e-01   1.6721706e-02  -2.7030226e-03   4.7841165e-04
   2.1567680e-02  -1.2603029e-01  -6.7109347e-01   1.3675531e-02  -2.1057935e-03   3.0362187e-05
   1.9540925e-02  -1.1131507e-01  -6.5158974e-01   1.3787594e-02  -2.2758038e-03   2.8354623e-04
   1.8565856e-02  -1.1522038e-01  -6.6837104e-01   1.3357377e-02  -2.4783060e-03   1.6646410e-04
   2.9166438e-02  -9.1481710e-02  -6.4134302e-01   1.3595536e-02  -2.6205191e-03  -5.5796294e-05
   8.9991033e-03  -1.2519055e-01  -6.2944521e-01   1.3166863e-02  -1.5517855e-03   3.1573195e-04
   6.0190433e-03  -1.2008605e-01  -5.7156361e-01   1.3619196e-02  -1.9653970e-03   2.1817477e-04
   7.3631185e-03  -1.1028990e-01  -6.0298982e-01   1.2954632e-02  -1.9648415e-03   4.4415529e-04
   1.1213346e-02  -1.1113823e-01  -5.9747171e-01   1.2112915e-02  -2.1347587e-03   2.2675375e-04
   5.9219647e-05  -1.1665713e-01  -5.9623553e-01   1.2810146e-02  -2.7134316e-03   4.9664319e-04
  -8.1726447e-04  -1.0432588e-01  -5.9319082e-01   1.3086449e-02  -2.2031903e-03   3.5185349e-04
   1.8680142e-02  -1.9059854e-01  -5.1995506e-01   1.4416071e-02  -4.6367738e-03  -6.2030575e-04
   1.1974316e-02  -1.3677152e-01  -6.9645545e-01   1.4479171e-02  -3.3858342e-03  -1.5969478e-04
   1.5146665e-02  -1.4003421e-01  -6.8446215e-01   1.3858665e-02  -3.8036604e-03  -2.2303426e-04
   7.5068297e-02  -2.2029334e-02  -7.3751783e-01   1.2039796e-02  -3.7802727e-03  -1.5591488e-03
   4.5289358e-02  -8.6460948e-02  -7.0844964e-01   1.0252011e-02  -5.4444822e-03   7.8885837e-04
   6.6457417e-02  -7.2951678e-02  -4.1263172e-01   1.4303372e-02  -7.0625212e-03   3.5281225e-04
   5.5939936e-02  -1.0413878e-01  -4.4732690e-01   1.4358130e-02  -6.7067357e-03   1.9095356e-05
   5.9787123e-02  -1.0549105e-01  -4.8107820e-01   1.4242447e-02  -6.6503998e-03   1.1215839e-04
   9.0869597e-02  -1.1826526e-01   8.1864325e-03   2.5164427e-02  -6.3489777e-03  -4.0036768e-04
   7.7637901e-02  -1.2963215e-01  -4.8636461e-01   1.5687301e-02  -6.3527046e-03  -6.3536889e-04
   6.7142253e-02  -1.2603995e-01  -5.0611198e-01   1.5107122e-02  -6.0929046e-03  -3.2758348e-04
   5.6248814e-02  -1.2930076e-01  -5.3327071e-01   1.4705432e-02  -5.9282581e-03  -4.3489657e-04
   9.2228353e-02  -1.4937035e-01  -6.3014173e-01   1.4294380e-02  -5.7940884e-03  -1.4287068e-03
   7.4185419e-02  -1.1918069e-01  -6.9393582e-01   1.2093190e-02  -5.1572483e-03  -8.4933537e-04
   5.7007770e-02  -1.1054871e-01  -7.0037537e-01   1.1964518e-02  -4.1569017e-03  -5.9329374e-04
   6.2785498e-02  -1.2529363e-01  -6.9282075e-01   1.2129250e-02  -4.0838032e-03  -6.9858679e-04
   5.5334523e-02  -1.1374461e-01  -7.0626015e-01   1.1857313e-02  -4.1724551e-03  -6.5724823e-04
   4.9197351e-02  -1.3592483e-01  -7.0469423e-01   1.2228488e-02  -4.4058708e-03  -5.5195529e-04
   5.1458323e-02  -9.8986552e-02  -7.0314795e-01   1.2039625e-02  -4.0207318e-03  -2.4697409e-04
   4.6514775e-02  -1.1265826e-01  -6.8502086e-01   1.1827799e-02  -3.8274212e-03  -7.1877910e-04
   3.7992001e-02  -1.3374449e-01  -6.7163534e-01   1.2147217e-02  -3.8305150e-03  -2.9249556e-04
   3.8231570e-02  -1.2017666e-01  -6.7347426e-01   1.2429603e-02  -3.8646449e-03  -2.2283921e-04
   4.6080188e-02  -1.1114224e-01  -6.5508891e-01   1.2976420e-02  -3.5842315e-03  -2.3587191e-04
   5.1351002e-02  -1.4295235e-01  -6.6453632e-01   1.4511318e-02  -5.2548763e-03  -6.0212236e-04
   4.1574169e-03  -2.5247775e-01  -7.0367903e-01   1.6330559e-02  -3.8669986e-04  -5.1361999e-04
  -4.1306310e-02   1.4566913e-01  -7.4905123e-01  -1.9849107e-03   5.0223752e-03   4.9355591e-04
   1.7818346e-01   1.7440044e-01  -2.9703604e-01   6.2217382e-03  -5.8103217e-03  -9.9342637e-04
   1.0842742e-01   2.9538857e-03  -3.1460590e-01   1.0511836e-02  -2.4167129e-03  -1.2736582e-04
   8.6112872e-02  -3.3379306e-02  -3.9449823e-01   9.9279639e-03  -9.2235640e-04   4.7134032e-05
   8.4091227e-02  -4.5172593e-02  -3.9801432e-01   1.0328738e-02  -8.1782680e-04   4.7224557e-05
   7.2717135e-02  -5.7140929e-02  -4.1590268e-01   7.9564091e-03  -1.2933272e-03  -5.0517013e-04
   8.1445470e-02  -6.5150083e-02  -4.5480471e-01   1.0217331e-02  -5.2703848e-04  -5.8836779e-04
   8.3782253e-02  -7.9171886e-02  -4.3318708e-01   1.0668345e-02  -5.3172618e-04  -1.0010942e-03
   7.5049014e-02  -7.7604876e-02  -4.3498444e-01   1.1029873e-02  -7.6227945e-04  -6.1620852e-04
   7.9412572e-02  -8.5973951e-02  -4.9612674e-01   1.1088983e-02  -1.0188617e-03  -7.2657515e-04
   6.3973969e-02  -8.8112493e-02  -4.8955353e-01   1.1062950e-02  -7.5483253e-04  -5.8822919e-04
   8.7634272e-02  -9.1846942e-02  -5.0206678e-01   1.0382744e-02  -2.6666666e-03  -7.3662667e-04
   8.8001513e-02  -8.4000840e-02  -4.7234530e-01   1.1379787e-02  -1.8294785e-03  -8.1285530e-04
   1.2074347e-01  -3.0460677e-02  -5.4185350e-01   8.9224540e-03  -3.0360737e-03  -2.0355400e-04
   1.0558344e-01  -5.5492044e-02  -5.7612399e-01   1.1579215e-02  -2.4440935e-03   1.9078773e-04
   1.0788437e-01  -6.8030007e-02  -4.4917998e-01   1.1797500e-02  -1.6231948e-03  -4.1892233e-04
   9.3225262e-02  -8.0286323e-02  -4.4766668e-01   1.2442854e-02  -2.0746900e-03  -5.1042293e-04
   8.8666021e-02  -7.3472056e-02  -4.6848124e-01   1.2510610e-02  -1.4145288e-03  -2.7558436e-04
   9.8648868e-02  -8.6248815e-02  -4.9982211e-01   1.2059057e-02  -1.3480026e-03  -4.5439616e-04
   9.5278613e-02  -9.2944618e-02  -5.8838134e-01   1.1392774e-02  -2.6988051e-03  -9.1433916e-04
   4.0619308e-02  -8.2347329e-02  -6.0199906e-01   1.2937171e-02   2.0156372e-03  -7.9745522e-05
   3.6201505e-02  -9.4822246e-02  -5.9670043e-01   1.1856463e-02   1.2251335e-03  -2.6015833e-04
  -2.0068624e-02  -1.0187764e-01  -5.3162940e-01   1.6423662e-02  -1.2374488e-03   9.3168839e-04
  -7.3575871e-03  -1.8593935e-01  -6.8201320e-01   1.7495697e-02   2.8318397e-03   4.4895348e-04
  -1.9505585e-02  -1.7801437e-01  -8.6987224e-01   1.4257347e-02   3.0439388e-03   5.3212852e-04
   6.7528346e-02  -6.5306179e-02  -1.0386126e+00   8.8305258e-03  -1.1619741e-03   1.3227579e-03
   3.6107924e-02  -1.0134636e-01  -9.2855737e-01   1.0516525e-02  -3.8306834e-03   2.6768267e-04
   5.8106451e-02  -1.7391610e-01  -2.4234592e-01   2.7737242e-02  -9.1887934e-04  -4.4429369e-04
   5.0401039e-02  -1.5470391e-01  -7.9618661e-01   1.5225972e-02   3.6030806e-04  -6.2904985e-04
   6.6136819e-04  -1.9041901e-01  -6.8792866e-01   1.6194118e-02   6.2403441e-05  -6.1571360e-07
   1.9168275e-02  -1.6956162e-01  -7.3427788e-01   1.6121723e-02   1.0614440e-03  -3.9767750e-04
   3.7264559e-02  -1.9302663e-01  -8.7632379e-01   1.5844623e-02  -6.6512545e-05  -9.3588056e-04
   2.3004072e-02  -1.9002328e-01  -7.9628808e-01   1.5366966e-02   5.6348271e-04  -4.3148678e-04
   2.7617286e-02  -1.9214786e-01  -7.6019401e-01   1.5969340e-02   6.2004694e-04  -5.5867711e-04
   2.9386489e-02  -1.8305449e-01  -8.3505997e-01   1.5623054e-02   6.4564764e-04  -8.7879001e-04
   4.7812330e-02  -2.0595628e-01  -8.3130080e-01   1.5488700e-02   1.7119126e-04  -1.2263067e-03
   5.8873775e-02  -2.2029250e-01  -8.3268527e-01   1.5145238e-02   4.8078824e-04  -1.5727212e-03
   1.2898280e-01  -8.3321257e-02  -8.6389125e-01   1.1463986e-02  -4.7053971e-03   8.0514195e-05
   5.8000978e-02  -1.1204077e-01  -4.8725690e-01   1.2648938e-02  -5.1829398e-03  -4.2460108e-04
   2.8021802e-02  -2.3819392e-01  -9.3718434e-01   1.9244825e-02   4.4790310e-03  -3.5964491e-04
   7.1526752e-03  -2.0813029e-01  -1.0295887e+00   1.4343017e-02   3.0558663e-03  -3.9240632e-04
   1.5128738e-02  -1.9770287e-01  -1.1497615e+00   1.1219791e-02   1.6728864e-03  -9.6482190e-04
  -1.3219970e-02  -2.1975175e-01  -1.1230106e+00   1.3189362e-02   4.3209312e-04   8.1633646e-05
   4.9635553e-03  -2.1437400e-01  -1.1616332e+00   1.4282739e-02   1.6788901e-04  -9.9939158e-04
   5.7963221e-03  -2.0940942e-01  -1.0720319e+00   1.3345777e-02   4.6102078e-04  -3.4037012e-04
   2.8476742e-02  -2.3910254e-01  -1.1936317e+00   1.2975643e-02  -8.2135249e-05  -1.0003366e-03
   3.0394224e-02  -2.3819287e-01  -1.3383939e+00   1.4379146e-02  -2.1097518e-03  -1.5205014e-03
   1.2353382e-02  -2.1767090e-01  -1.2894896e+00   1.2462681e-02  -4.0767261e-04  -6.7941248e-04
   9.3725768e-03  -2.2360631e-01  -1.2492991e+00   1.1775215e-02  -4.1064322e-04  -7.7952324e-04
   5.3358271e-02  -1.4754075e-01  -1.3747536e+00   8.9414497e-03  -4.1376314e-03   5.5230636e-05
   4.3807415e-02  -1.5709392e-01  -1.3507153e+00   8.7672756e-03  -3.8811345e-03  -3.6521398e-04
   3.9194362e-02  -1.7246744e-01  -1.3387261e+00   8.6833131e-03  -3.7705145e-03  -3.8562333e-04
   4.1394070e-02  -1.8402980e-01  -1.3808393e+00   9.1050021e-03  -4.1566153e-03  -5.2697594e-04
   2.7856432e-02  -1.9883967e-01  -1.1011218e+00   1.1004322e-02  -4.0818256e-03  -8.4850542e-04
   4.9370743e-02  -1.8050540e-01  -1.1344861e+00   1.3093313e-02  -2.5517742e-03  -8.8938892e-04
   4.1442430e-02  -2.0710517e-01  -7.4702395e-01   1.7302484e-02  -4.9729462e-03  -1.5279464e-03
   4.8917997e-02  -2.2087691e-01  -1.0396670e+00   1.3461720e-02  -1.9598925e-03  -2.2022453e-03
   1.3159464e-02  -2.0417906e-01  -1.0904941e+00   1.4043296e-02  -2.4769904e-03  -1.2936907e-03
   3.4236104e-02  -2.3603075e-01  -1.1683164e+00   1.3851211e-02  -3.0918811e-03  -2.3987901e-03
   4.6031475e-04  -2.3444004e-01  -1.0329634e+00   1.6695018e-02  -2.6899667e-03  -1.8936969e-03
   3.9516591e-02  -1.8049990e-01  -1.0634756e+00   1.2892255e-02  -5.5025466e-03   1.6986757e-04
   5.2787645e-02  -1.5838374e-01  -1.0779730e+00   1.2009113e-02  -5.4647421e-03  -1.4116999e-04
   9.7430104e-02  -2.0691236e-01  -1.2006027e+00   1.0102964e-02  -5.4646095e-03  -2.0748508e-03
   7.8853662e-02  -2.2199892e-01  -1.1512834e+00   1.2070441e-02  -6.0139638e-03  -1.7557453e-03
   7.6519756e-02  -1.7122647e-01  -9.6768565e-01   1.3828766e-02  -6.8830341e-03  -1.2549541e-03
   8.1653370e-02  -1.9890611e-01  -1.2003960e+00   1.5010953e-02  -7.0317136e-03  -1.9391907e-03
   6.0055424e-02  -2.0846334e-01  -1.1973315e+00   1.2272113e-02  -5.4409514e-03  -1.6070028e-03
   6.5632793e-02  -2.6241540e-01  -1.1681802e+00   1.1900273e-02  -5.4472906e-03  -1.5769511e-03
   8.0141635e-02  -2.4077063e-01  -1.1485477e+00   1.5161603e-02  -6.4434497e-03  -1.7070755e-03
   7.5495445e-02  -2.3739724e-01  -1.0231409e+00   1.6310352e-02  -7.2820917e-03  -2.1617393e-03
   5.5631408e-02  -2.2158230e-01  -1.1562745e+00   1.2938855e-02  -4.9223587e-03  -1.6824481e-03
   4.3660924e-02  -2.1853863e-01  -1.1477828e+00   1.3301941e-02  -5.0382280e-03  -1.7392458e-03
   3.6912085e-02  -2.1759629e-01  -1.2011903e+00   1.1792122e-02  -4.7128840e-03  -1.4639597e-03
   3.7757367e-02  -2.1425982e-01  -1.1845441e+00   1.3446333e-02  -4.8070055e-03  -1.7144887e-03
   5.9158588e-02  -2.5165682e-01  -1.2838577e+00   1.4507633e-02  -4.4769423e-03  -2.2769567e-03
   4.8303738e-02  -2.2137813e-01  -1.1960209e+00   1.2729882e-02  -4.2379265e-03  -1.9857421e-03
   5.1468715e-02  -2.3700162e-01  -1.1623717e+00   1.4867189e-02  -4.9312328e-03  -2.0826703e-03
   4.2230719e-02  -2.2192686e-01  -1.1650320e+00   1.3890981e-02  -3.1188280e-03  -1.7904350e-03
   5.5669534e-02  -2.2967411e-01  -1.1524183e+00   1.2611083e-02  -3.4392870e-03  -2.2497392e-03
   5.1441545e-02  -2.2100484e-01  -1.1475448e+00   1.3769733e-02  -3.9728138e-03  -2.0174729e-03
   9.6962370e-02  -2.2671672e-01  -9.3590524e-01   2.0241694e-02  -3.6040145e-03  -2.4992099e-03
   6.3587062e-02  -1.9681831e-01  -1.1488591e+00   1.4567618e-02  -2.1949960e-03  -1.8488881e-03
   6.4873960e-02  -2.2890921e-01  -1.1886896e+00   1.3449255e-02  -2.4746234e-03  -1.6192929e-03
   6.8049095e-02  -2.3698015e-01  -1.2272768e+00   1.3427577e-02  -2.8820083e-03  -1.8434140e-03
   5.5744568e-02  -1.9775876e-01  -1.2525933e+00   1.1928210e-02  -2.2855629e-03  -1.5406800e-03
   5.6005505e-02  -2.2227966e-01  -1.2492263e+00   1.2099629e-02  -2.1185470e-03  -1.5298275e-03
   5.9294546e-02  -2.2006858e-01  -1.3076100e+00   1.2296585e-02  -2.5021964e-03  -1.6376081e-03
   5.5600147e-02  -2.0270394e-01  -1.2626081e+00   1.3001758e-02  -1.5109984e-03  -1.4870779e-03
   3.3857122e-02  -1.9163284e-01  -1.3140886e+00   1.1710662e-02  -1.4095825e-03  -1.2733311e-03
   6.3796584e-02  -1.6267973e-01  -1.3864052e+00   9.5912453e-03  -3.6230314e-03  -7.7654650e-04
   5.7538512e-02  -1.9659204e-01  -1.3340257e+00   1.0942882e-02  -1.9761504e-03  -1.4546679e-03
   5.3393180e-02  -2.0421580e-01  -1.3249100e+00   1.1500437e-02  -2.1617472e-03  -1.6180620e-03
   5.0606635e-02  -2.0259702e-01  -1.3312671e+00   1.1123404e-02  -2.5216459e-03  -1.5502437e-03
   6.4702867e-02  -2.0532934e-01  -1.3487550e+00   1.0924328e-02  -2.7637291e-03  -1.7012833e-03
   6.8488798e-02  -1.8144656e-01  -1.3403629e+00   1.1515255e-02  -3.7542638e-03  -1.6912882e-03
   6.4235359e-02  -2.1567243e-01  -1.3412395e+00   1.0862902e-02  -3.5247948e-03  -1.6998790e-03
   6.1112063e-02  -2.1927912e-01  -1.3522210e+00   1.1382629e-02  -2.8104267e-03  -1.6536486e-03
   6.2202077e-02  -2.1233790e-01  -1.3504037e+00   1.0924130e-02  -2.6150923e-03  -1.5838797e-03
   5.3151559e-02  -1.9241896e-01  -1.3487199e+00   1.1121680e-02  -2.7035541e-03  -1.4816211e-03
   4.3789924e-02  -1.8340689e-01  -1.3513537e+00   1.0956756e-02  -3.0913564e-03  -1.6108335e-03
   5.7441473e-02  -2.0325424e-01  -1.3212648e+00   1.2083679e-02  -3.1983209e-03  -1.9473860e-03
  -7.1557656e-03  -1.7923803e-01  -1.3490686e+00   5.4130854e-03   6.4170855e-04  -3.5199228e-03
   7.8169306e-02  -2.2095213e-01  -1.3740096e+00   1.4304889e-02  -3.9359670e-03  -1.9081831e-03
   3.9026018e-02  -2.3652042e-01  -1.2651376e+00   1.4333744e-02  -2.8629691e-03  -1.9073785e-03
   5.3740501e-02  -2.7750959e-01  -1.2468205e+00   1.5765977e-02  -5.2061782e-03  -2.3315756e-03
   1.1195635e-01   2.0077274e-02  -1.3457009e+00  -2.0027324e-03   9.6283402e-04  -2.0491894e-03
   8.6387943e-02  -4.4575229e-02  -1.8174201e+00   1.6021480e-03  -2.3257158e-03   3.8183790e-04
   1.0887429e-01  -2.1670203e-01  -1.5012864e+00   9.5574337e-03  -4.2011210e-03  -2.2564204e-03
   8.7644874e-02  -2.9030112e-01  -1.3886439e+00   2.2782047e-02  -8.2439828e-03  -1.9862763e-03
   4.5017283e-02  -2.2761385e-01  -1.6594067e+00   1.0612711e-02  -2.9774055e-03  -1.5056436e-03
   3.8016389e-02  -2.6102134e-01  -1.6323100e+00   1.1247308e-02  -2.9006939e-03  -1.5780015e-03
   3.2322096e-02  -2.2833537e-01  -1.6685887e+00   1.1746448e-02  -2.0714420e-03  -1.8058990e-03
   2.4838969e-02  -2.6507896e-01  -1.5522542e+00   1.3298216e-02  -1.1387522e-03  -1.8537129e-03
   3.5349428e-02  -2.3932603e-01  -1.5708238e+00   1.2921096e-02  -7.6256919e-04  -1.9944110e-03
   3.3157481e-02  -2.8004685e-01  -1.1115170e+00   2.1243999e-02  -1.6015498e-03  -1.7483845e-03
   7.0750713e-02  -2.3288086e-01  -1.5470874e+00   1.4000077e-02  -9.5269315e-04  -1.7257652e-03
   4.7364538e-02  -2.2754573e-01  -1.5491909e+00   1.2114210e-02  -1.0631444e-03  -1.3263017e-03
   1.6400969e-01   4.6355715e-03  -1.6341543e+00   5.7453655e-03  -8.3151655e-03  -4.6612086e-05
   8.8320958e-02  -1.5648081e-01  -1.5865816e+00   8.8436794e-03  -5.0176981e-03  -6.2377575e-04
   7.8140920e-02  -1.7602426e-01  -1.5322075e+00   9.2995125e-03  -3.6818651e-03  -9.2126123e-04
   8.7674387e-02  -2.3681221e-01  -1.6472426e+00   9.3832488e-03  -4.1881947e-03  -1.6884948e-03
   6.5436578e-02  -2.0374016e-01  -1.5515691e+00   1.0681828e-02  -3.6885711e-03  -1.5544224e-03
   6.5912226e-02  -2.0743469e-01  -1.5342607e+00   1.0572167e-02  -3.2878205e-03  -1.5296406e-03
   5.8232807e-02  -2.0584422e-01  -1.5020911e+00   1.1187454e-02  -3.6671875e-03  -1.5528107e-03
   6.2503266e-02  -2.3582539e-01  -1.4859866e+00   1.2198659e-02  -4.2719999e-03  -1.6094123e-03
   6.0253443e-02  -2.2302244e-01  -1.4873288e+00   1.2203458e-02  -4.1696357e-03  -1.5509565e-03
   8.3661304e-02  -3.1115012e-01  -1.3148624e+00   2.3178824e-02  -9.4257710e-04  -2.1232844e-03
   4.9090116e-02  -2.4445761e-01  -1.8926235e+00   9.8215194e-03  -6.0767679e-04  -2.0960238e-03
   5.6002251e-02  -2.7262923e-01  -1.9051089e+00   8.8517971e-03  -1.4258131e-03  -2.3942299e-03
   7.3738160e-02  -2.3442002e-01  -1.8667253e+00   9.4527779e-03  -3.1891024e-03  -2.6494570e-03
   8.8903465e-02  -1.9322397e-01  -1.9765209e+00   5.7220866e-03  -5.5004376e-03  -1.0375693e-03
   6.6996441e-02  -2.4869747e-01  -1.8914310e+00   7.4521753e-03  -4.0243416e-03  -1.5970100e-03
   7.5525635e-02  -2.1132705e-01  -1.8565979e+00   7.8141990e-03  -3.3941083e-03  -1.5714580e-03
   7.2020956e-02  -2.5176062e-01  -1.8116981e+00   8.9328398e-03  -3.8666499e-03  -2.0549090e-03
   6.0836830e-02  -2.1660020e-01  -1.7599852e+00   8.9296848e-03  -3.7240428e-03  -1.7694820e-03
   7.2848800e-02  -2.3625457e-01  -1.6506059e+00   1.0844075e-02  -4.8912431e-03  -1.6395177e-03
   6.6794271e-02  -2.3257106e-01  -1.6824504e+00   1.0274166e-02  -4.6594405e-03  -1.9868509e-03
   6.2194656e-02  -2.3067883e-01  -1.6939034e+00   1.0390765e-02  -5.0418594e-03  -2.0570143e-03
   6.4153760e-02  -2.9299643e-01  -1.6266989e+00   6.3466471e-03  -2.1125240e-03  -1.7092702e-03
   2.3450759e-02  -1.8620879e-01  -1.2036853e+00   1.1305493e-02  -4.2489062e-03  -2.1148020e-03
   6.4244699e-02  -2.6767988e-01  -2.3248147e+00   5.2619684e-03  -4.2329413e-03  -2.8513022e-03
   2.3175763e-02  -2.5274305e-01  -2.5098162e+00   1.2219007e-03  -3.4032650e-03  -2.6618049e-03
   2.4402274e-02  -2.5951366e-01  -2.4158750e+00   1.7178854e-03  -3.6646582e-03  -2.6273053e-03
   1.4107676e-02  -2.5617556e-01  -2.4075273e+00   1.7258814e-03  -3.8722459e-03  -2.5039050e-03
   1.6456021e-02  -2.6478818e-01  -2.3363411e+00   3.3152777e-03  -4.2318595e-03  -2.3892664e-03
   3.2268532e-02  -2.5524537e-01  -2.3619152e+00   2.9400203e-03  -3.7921356e-03  -2.4775280e-03
  -5.7874711e-03  -2.4225024e-01  -6.3005389e+00   5.5612604e-03   1.5919821e-02  -2.4259024e-03
   1.4965371e-02   2.8227529e-02  -9.1070681e+00  -1.9747389e-02   1.8333277e-02  -4.2417533e-03
  -2.8057656e-02  -2.3062205e-01  -9.0966664e+00  -5.5185809e-02   2.5312422e-02  -1.2302656e-03
   8.8516728e-02  -1.8094287e-01  -7.1604192e+00  -9.5223032e-03   1.3303286e-02  -1.9778582e-03
   8.1151864e-03  -2.6743327e-02  -4.1447960e-01  -9.1600783e-03   2.8256177e-02   6.5639483e-04
  -6.4518812e-02  -1.0378378e-01  -2.3130100e-01   2.2849492e-02   1.6238399e-02  -9.2548688e-04
   2.8620800e-02  -1.7506390e-01  -1.2724483e+00   1.2174041e-02   6.7145960e-03  -2.6816707e-03
   3.2927779e-02  -1.8373461e-01  -1.2671921e+00   1.1194357e-02   5.9595253e-03  -2.5607968e-03
   1.0956495e-01  -3.7206889e-02  -1.4717152e+00   3.4491831e-03  -2.8763535e-03   8.7453194e-04
   6.6177112e-02  -7.8655402e-02  -1.3244073e+00   6.1142902e-03  -1.5284497e-03   4.7163222e-04
   5.5403811e-02  -1.1850624e-01  -1.2661739e+00   8.2605086e-03   4.2555589e-04   8.2041436e-05
   5.7573122e-02  -1.5672158e-01  -1.2318650e+00   9.8608467e-03   7.3209586e-04  -2.3910197e-04
   4.9266720e-02  -1.4873122e-01  -1.1983176e+00   9.3429420e-03   7.1972721e-04  -6.2953972e-04
   4.8541045e-02  -1.5948712e-01  -1.2291804e+00   1.0313464e-02   2.1681977e-03  -8.1998915e-04
   5.3063720e-02  -1.8106317e-01  -1.2056823e+00   9.6723361e-03   2.7363700e-03  -9.7195538e-04
   1.9442774e-02  -1.6715206e-01  -1.1112799e+00   1.1994611e-02   3.8533394e-03  -5.4824373e-04
   2.4877965e-02  -1.7958396e-01  -1.1252511e+00   1.1473439e-02   3.3770109e-03  -8.9450360e-04
   2.2775079e-02  -1.8030073e-01  -1.0955312e+00   1.2246201e-02   2.7884082e-03  -9.3847266e-04
   3.3310967e-02  -1.8474974e-01  -1.1225492e+00   1.1797197e-02   2.8493530e-03  -9.2047606e-04
   3.0299443e-02  -1.9065877e-01  -1.1079114e+00   1.1699568e-02   2.9175263e-03  -1.2266646e-03
   2.7758496e-02  -1.8592341e-01  -1.1080654e+00   1.1031396e-02   2.9747617e-03  -9.4757611e-04
   1.0591578e-02  -2.0208823e-01  -8.6775682e-01   1.5873967e-02   8.1130401e-03  -4.2127542e-04
   3.5806038e-02  -2.2867730e-01  -1.5165190e+00   8.3512467e-03   8.7458125e-03  -1.3579841e-03
   4.4483936e-03  -2.3589868e-01  -1.3955560e+00   1.1509304e-02   4.2000832e-03  -6.8382101e-04
   1.5293154e-02  -1.9627823e-01  -1.4239791e+00   1.0087285e-02   3.7537849e-03  -7.9007475e-04
   3.0517033e-02  -2.6013733e-01  -1.4891339e+00   1.4722256e-02   3.2966956e-03  -9.7543351e-04
   2.2621845e-02  -1.8375283e-01  -1.4033893e+00   1.0599970e-02   3.6863706e-03  -1.0354683e-03
   2.5981465e-02  -2.1912363e-01  -1.3208360e+00   1.3468151e-02   3.8038094e-03  -1.3207478e-03
   1.5732749e-02  -1.8099200e-01  -1.3239810e+00   1.0472834e-02   4.0406732e-03  -9.5382940e-04
   2.9516169e-02  -1.9617242e-01  -1.3038395e+00   1.0605999e-02   3.9382255e-03  -1.2348786e-03
   3.2427244e-02  -1.9656406e-01  -1.2673422e+00   1.1408452e-02   5.3912842e-03  -1.0189937e-03
   1.3117388e-01  -1.9294071e-02  -1.3898516e+00   4.9363236e-03  -2.4826093e-03   1.4850024e-03
   1.4139804e-01  -1.6323778e-01  -9.3183351e-01   1.0363628e-02   2.3830017e-04  -1.2789596e-03
   1.0358700e-01  -1.6646532e-01  -9.9654135e-01   1.2923256e-02   2.9696751e-03  -1.2600241e-03
   9.5996818e-02  -2.0511626e-01  -9.9462572e-01   1.6755201e-02   2.2797091e-03  -1.7165549e-03
   8.6460716e-02  -1.9326813e-01  -9.1838397e-01   1.4881619e-02   2.4639133e-03  -1.3239805e-03
   8.3091720e-02  -1.9095113e-01  -1.0308133e+00   1.9919756e-02   5.1728486e-04  -1.5199509e-03
   5.9756993e-02  -1.9928834e-01  -1.1611984e+00   1.4211035e-02   2.3371632e-03  -1.0585052e-03
   6.3037881e-02  -2.2410884e-01  -1.1542273e+00   1.3089329e-02   2.0163071e-05  -1.5332512e-03
   6.9039512e-02  -2.0758285e-01  -1.0389584e+00   1.6610877e-02   1.1373062e-03  -1.1051430e-03
   6.8490129e-02  -1.9845368e-01  -1.0364473e+00   1.4846733e-02   2.0012239e-03  -1.1499917e-03
   7.2213884e-02  -2.2084658e-01  -1.0162665e+00   1.5321406e-02   1.9883871e-03  -1.1917727e-03
   1.3089573e-01  -7.2556512e-02  -1.0924456e+00   1.1232165e-02  -2.5530524e-03   1.2988113e-04
   8.2957652e-02  -1.5585483e-01  -1.0490246e+00   1.2980262e-02  -7.9259848e-04  -7.5285255e-04
   9.1612671e-02  -1.4720829e-01  -1.0665515e+00   1.1149416e-02  -6.4215998e-04  -1.2342501e-03
   1.0584332e-01  -1.7454188e-01  -1.0874023e+00   1.1783827e-02   7.4392146e-04  -1.1691695e-03
   9.4924033e-02  -1.6602532e-01  -1.0895200e+00   1.2393586e-02   8.0249622e-04  -1.1002878e-03
   1.0258606e-01  -1.7162197e-01  -1.0919086e+00   1.1933360e-02   4.3510045e-04  -1.1843655e-03
   8.5604156e-02  -1.9026643e-01  -1.1732741e+00   1.3844207e-02  -2.6411969e-04  -1.4837887e-03
   6.6959033e-02  -2.4935945e-01  -1.0252500e+00   1.5582334e-02   2.2663193e-03  -1.6322735e-03
   4.6274579e-02  -2.0179291e-01  -9.7802102e-01   1.6008174e-02   4.7845949e-04  -8.9140861e-04
   6.0948964e-02  -2.2727015e-01  -1.1580031e+00   1.7466486e-02   7.6406114e-04  -1.4003985e-03
   5.1355278e-02  -2.0119973e-01  -1.0665284e+00   1.4906288e-02   1.9101563e-03  -8.1490200e-04
   7.6606914e-02  -2.3619462e-01  -1.1087855e+00   1.5242707e-02   6.1280199e-04  -1.4241114e-03
   1.4085931e-01  -1.2534323e-01  -1.1643432e+00   1.1559085e-02  -3.0155879e-03  -3.8255513e-04
   1.0841754e-01  -1.4406376e-01  -1.0988815e+00   9.4653292e-03  -1.9296982e-03  -1.2034735e-03
   1.0005916e-01  -1.6767513e-01  -1.0964792e+00   1.3015244e-02  -1.3827754e-03  -9.3231494e-04
   1.0589901e-01  -1.7961466e-01  -1.0975108e+00   1.3356730e-02  -1.5220323e-03  -1.1232400e-03
   9.7201950e-02  -1.8996267e-01  -1.0959886e+00   1.3566113e-02  -1.2681758e-03  -9.6847728e-04
   8.3880750e-02  -3.0984331e-01  -9.5293066e-01   2.5798271e-02  -4.3478523e-05  -1.5185143e-03
   5.5300293e-02  -1.9198899e-01  -1.4230031e+00   1.2308902e-02   2.5963755e-03  -7.9208154e-04
   7.3420542e-02  -2.3959381e-01  -1.3369789e+00   1.4209396e-02   7.0450495e-04  -1.7055014e-03
   3.8268608e-02  -2.4146044e-01  -1.2653954e+00   1.5880829e-02   1.1688254e-04  -1.3372563e-03
   1.0248431e-02  -1.9830312e-01  -1.1737256e+00   1.8559194e-02  -1.2686075e-04  -1.1468530e-03
  -3.3652364e-03  -2.5379891e-01  -1.1639451e+00   1.6017521e-02  -1.6416985e-03  -4.7180476e-04
   6.7062318e-02  -2.9670806e-01  -1.4268933e+00   1.4736261e-02  -8.7465316e-04  -1.5685547e-03
   1.4234403e-01  -1.5671084e-01  -1.6141353e+00   9.5143735e-03  -5.1647708e-03  -3.1660637e-04
   9.9389401e-02  -2.0630187e-01  -1.4939786e+00   1.1710312e-02  -2.2692833e-03  -1.3418765e-03
   8.9315966e-02  -2.1883799e-01  -1.4513681e+00   1.1263934e-02  -2.2274997e-03  -1.1282078e-03
   8.2361639e-02  -1.9447885e-01  -1.4579118e+00   1.0990456e-02  -1.3628608e-03  -1.0934810e-03
   6.5443888e-02  -2.2614111e-01  -1.4609881e+00   7.5882955e-03   1.4262929e-03  -3.2981682e-03
   1.7789789e-01  -2.4919105e-01  -9.5702136e-01   2.4326650e-02  -3.3535259e-03  -2.9031744e-03
   9.4862665e-02  -2.5964202e-01  -1.5598181e+00   1.4907613e-02   9.1623680e-04  -2.1638405e-03
   6.3234816e-02  -2.4801641e-01  -1.6246540e+00   1.3316996e-02   2.2530517e-03  -1.2589390e-03
   7.7234348e-02  -2.5682548e-01  -1.6417112e+00   1.2342647e-02   3.0157953e-03  -2.1569055e-03
   6.6341340e-02  -2.3377391e-01  -1.5863583e+00   1.2573626e-02   1.8668206e-03  -2.0160100e-03
   9.5615641e-02  -2.6940781e-01  -1.6243766e+00   1.0776592e-02   2.4655744e-03  -2.4778256e-03
   8.4737359e-02  -2.5605926e-01  -1.4732548e+00   1.3887322e-02   1.0589133e-03  -2.0290853e-03
   1.2681055e-01  -1.1953742e-01  -1.5242192e+00   8.0110392e-03  -2.9962749e-03   1.8250204e-04
   1.3407489e-01  -1.4523175e-01  -1.4059464e+00   9.8783945e-03  -2.2859697e-03  -6.0438353e-04
   1.2219730e-01  -1.6865620e-01  -1.4070585e+00   1.0547501e-02  -1.6613711e-03  -8.8655818e-04
   1.0665303e-01  -1.6859306e-01  -1.5276206e+00   9.3656890e-03  -1.7625291e-03  -5.3958793e-04
   1.1486654e-01  -1.9372756e-01  -1.5217071e+00   9.1278204e-03  -1.4831264e-03  -1.0821300e-03
   1.0039307e-01  -1.7629674e-01  -1.5767746e+00   9.2549653e-03  -1.2179939e-03  -6.1060107e-04
   9.3162230e-02  -1.7726737e-01  -1.5534127e+00   9.1822625e-03  -5.5158117e-04  -5.0400200e-04
   9.3491479e-02  -1.6406386e-01  -1.6027640e+00   8.5834786e-03  -7.8340054e-04  -5.9526692e-04
   9.3136023e-02  -1.7945851e-01  -1.6039743e+00   9.1086258e-03  -7.9380285e-04  -6.3506650e-04
   8.9708930e-02  -1.6614532e-01  -1.6022445e+00   8.9680500e-03  -9.1387531e-04  -5.6858502e-04
   9.9236599e-02  -1.7879809e-01  -1.6045942e+00   8.3482675e-03  -1.6950384e-03  -9.3851167e-04
   2.4000796e-01  -6.4049728e-02  -1.1425135e+00   1.1045324e-02  -1.1763832e-02  -1.2310035e-03
   2.0000558e-01  -9.5258803e-02  -1.1468024e+00   1.2482123e-02  -9.6344248e-03  -1.5860294e-03
   1.7327156e-01  -1.5914753e-01  -1.1651035e+00   1.3367261e-02  -8.7159466e-03  -1.3480668e-03
   1.6109947e-01  -1.5126294e-01  -1.2653436e+00   1.2732429e-02  -6.9333804e-03  -1.0385351e-03
   1.5815070e-01  -2.2502434e-01  -1.2587861e+00   1.7091382e-02  -5.0036841e-03  -2.0166693e-03
   7.3832022e-02  -1.9878994e-01  -1.4660197e+00   1.3578830e-02   9.1193963e-04  -2.7370638e-04
   3.5092090e-02  -2.5643194e-01  -1.4457738e+00   1.6460593e-02  -2.6258534e-04  -6.0114836e-04
   2.1058243e-02  -2.5043628e-01  -1.6616861e+00   1.3812110e-02   8.0448165e-04  -1.0954691e-03
   1.8228272e-02  -2.7172595e-01  -1.6336691e+00   1.4500196e-02   1.2333719e-03  -9.2884342e-04
   2.9398782e-02  -2.5553727e-01  -1.6811253e+00   1.3065432e-02   1.6056529e-03  -6.7564232e-04
   7.3155126e-02  -2.4815373e-01  -1.8048205e+00   1.1040822e-02   6.3859994e-04  -9.0918629e-04
   1.4723028e-01  -1.2334496e-01  -1.9605231e+00   5.0772282e-03  -3.2351390e-03   6.8908599e-04
   1.1553303e-01  -1.6595750e-01  -1.8888577e+00   6.6680674e-03  -1.5910843e-03  -3.9956735e-04
   8.5275981e-02  -1.9773616e-01  -1.8756322e+00   7.5174746e-03  -1.1664421e-03  -6.1122619e-04
   8.3280928e-02  -1.8649531e-01  -1.8815330e+00   7.6385157e-03  -4.2452483e-04  -6.5784002e-04
   7.5860658e-02  -1.7390737e-01  -1.9014307e+00   7.1622087e-03  -7.2957802e-04  -5.5315756e-04
   7.7818060e-02  -2.0648417e-01  -2.0054078e+00   7.5519282e-03  -1.0315438e-04  -1.1630713e-03
   7.3994437e-02  -1.9731195e-01  -2.0025549e+00   6.5468764e-03   9.2760570e-04  -1.1710028e-03
   7.6131258e-02  -2.1126252e-01  -1.9752101e+00   5.9410202e-03   1.3134401e-03  -1.3366461e-03
   6.0266285e-02  -2.3183931e-01  -1.8902901e+00   9.1455707e-03   8.6694476e-04  -1.3994827e-03
   5.3876586e-02  -1.9636157e-01  -1.9176614e+00   8.7689791e-03   1.5616313e-03  -1.0966896e-03
   4.7609733e-02  -2.1585442e-01  -1.9144176e+00   8.3195677e-03   1.1161604e-03  -1.2147150e-03
   5.9666704e-02  -2.1814531e-01  -1.9314445e+00   8.3795786e-03   1.1527474e-03  -1.2641153e-03
   5.4855052e-02  -2.1512276e-01  -1.9485571e+00   7.7998186e-03   1.3814647e-03  -1.3044537e-03
   9.8899058e-02  -2.2768153e-01  -2.1186222e+00   9.1318349e-03   3.8971623e-06  -1.8945230e-03
   1.5261608e-01  -2.3982445e-01  -1.6010786e+00   1.6643684e-02  -2.4986511e-03  -3.1991257e-03
   1.1456496e-01  -2.2247820e-01  -1.7614547e+00   1.2195291e-02  -7.5111939e-04  -2.3933413e-03
   1.0440955e-01  -2.4730932e-01  -1.7890756e+00   1.1188780e-02  -6.9152447e-04  -1.9686143e-03
   1.1836842e-01  -2.5279310e-01  -1.8090182e+00   1.0691339e-02  -6.0073834e-04  -2.2854748e-03
   1.0309416e-01  -2.3732444e-01  -1.8024594e+00   1.0820657e-02  -2.1570918e-04  -2.1827851e-03
   1.1059996e-01  -2.4039918e-01  -1.9188943e+00   1.0899863e-02  -1.6548840e-03  -2.4357002e-03
   8.8061180e-02  -2.1191803e-01  -1.8451721e+00   1.0120015e-02   4.0070905e-04  -1.9764839e-03
   7.7407101e-02  -2.2693330e-01  -1.8123515e+00   1.0074446e-02   6.7165467e-04  -1.7971715e-03
   7.8443396e-02  -2.3297417e-01  -1.8373892e+00   9.6787330e-03   4.0114717e-04  -1.8204615e-03
   8.6304869e-02  -2.0558128e-01  -1.8989633e+00   9.9912844e-03  -1.2492181e-04  -1.8863897e-03
   8.4003681e-02  -2.3220798e-01  -1.8618886e+00   9.8338206e-03   4.7037714e-04  -2.0167591e-03
   7.1873290e-02  -2.1554180e-01  -1.8770286e+00   9.8543106e-03   4.1725664e-04  -1.8314439e-03
   8.0550526e-02  -2.3294751e-01  -1.8995022e+00   9.5857916e-03   1.0658879e-04  -1.6318138e-03
   8.1578199e-02  -2.3220527e-01  -1.8861376e+00   9.6703140e-03   1.0164664e-03  -1.8857541e-03
   7.3553875e-02  -2.4218198e-01  -1.9424147e+00   9.2848152e-03   9.0598102e-04  -1.7383307e-03
   7.9154352e-02  -2.2743513e-01  -1.9130409e+00   1.0214019e-02   5.8781755e-04  -1.9745680e-03
   8.6790571e-02  -2.4803149e-01  -1.9188206e+00   1.0604054e-02   7.0488351e-04  -2.0863339e-03
   7.5699022e-02  -2.3382641e-01  -1.8621864e+00   1.1226255e-02   9.8955885e-04  -1.9087766e-03
   8.6329645e-02  -2.5213526e-01  -1.8576335e+00   1.0923101e-02   9.1432057e-04  -2.0459899e-03
   1.0009257e-01  -2.3514306e-01  -1.8602064e+00   1.0102129e-02   1.3704842e-03  -2.1169909e-03
   9.0502502e-02  -2.3793448e-01  -1.8385479e+00   1.0357121e-02   1.7138585e-03  -2.2315165e-03
   9.5586779e-02  -2.3949272e-01  -1.8472441e+00   1.0473023e-02   1.8037627e-03  -2.2666001e-03
   1.0259099e-01  -2.4062290e-01  -1.8856382e+00   7.9833306e-03   1.4250316e-03  -2.3708088e-03
   8.6105552e-02  -2.3588828e-01  -1.8831860e+00   9.4652836e-03   8.6002494e-04  -1.9559807e-03
   6.7829870e-02  -2.3041399e-01  -1.8075984e+00   1.1162408e-02   7.7511956e-04  -1.6251798e-03
   8.5933819e-02  -2.3970911e-01  -1.8576081e+00   1.0935312e-02   1.9361035e-03  -2.1359681e-03
   8.5387081e-02  -2.2953933e-01  -1.8688551e+00   9.6454443e-03   1.5623342e-03  -2.1826537e-03
   8.2627986e-02  -2.3608887e-01  -1.8390894e+00   9.6870504e-03   1.4343577e-03  -1.9346263e-03
   8.2597767e-02  -2.4494158e-01  -1.8633734e+00   1.0346781e-02   1.0960545e-03  -2.0296485e-03
   8.5471191e-02  -2.2721317e-01  -1.8708705e+00   9.9337136e-03   1.2841442e-03  -1.7253271e-03
   7.8765039e-02  -2.3661209e-01  -1.9432342e+00   9.2549908e-03   1.8033622e-03  -1.7471316e-03
   7.8642770e-02  -2.5377394e-01  -1.9184604e+00   1.0118415e-02   7.1285679e-04  -1.8320882e-03
   1.3163786e-01  -1.2591255e-01  -1.8929765e+00   6.0123609e-03  -3.4838519e-03   4.2686839e-04
   1.4096725e-01  -1.3947065e-01  -1.7624638e+00   8.4231639e-03  -2.6093430e-03  -3.4697222e-04
   1.3251129e-01  -1.9407496e-01  -1.7503311e+00   7.9252455e-03  -1.8581864e-03  -1.1823887e-03
   1.2537199e-01  -1.8118787e-01  -1.8808559e+00   9.5558696e-03  -2.1435017e-03  -6.5266634e-04
   1.0277611e-01  -2.2196533e-01  -1.9001638e+00   9.7424937e-03  -9.9923810e-05  -1.6240528e-03
   1.2020574e-01  -2.0753034e-01  -1.8839215e+00   1.1862521e-02  -9.8089800e-04  -1.9648643e-03
   9.7903155e-02  -1.9124993e-01  -1.8412875e+00   1.0439958e-02  -7.5488301e-04  -1.3619568e-03
   1.0072456e-01  -2.6862909e-01  -1.8787181e+00   1.2206166e-02  -1.2697792e-03  -1.2079657e-03
   1.9397015e-01  -3.3249380e-01  -1.2327201e+00   1.5579754e-02  -3.6607407e-03  -2.7120802e-03
   1.0350624e-01  -2.4715879e-01  -1.6928893e+00   1.6549207e-02   1.0756600e-03  -2.0312090e-03
   8.6524498e-02  -2.9195232e-01  -1.5843573e+00   1.7299232e-02   9.8986140e-04  -1.8780301e-03
   2.2325981e-01  -2.2639114e-02  -1.5889909e+00   9.0569777e-03  -9.0277758e-03  -4.6922704e-04
   1.2747092e-01  -1.6854185e-01  -1.5752979e+00   1.2534895e-02  -3.8982114e-03  -6.3780087e-04
   1.7100332e-01  -2.2430911e-01  -1.8355009e+00   1.0905601e-02  -4.7398535e-03  -1.4544094e-03
   1.4287012e-01  -2.0744916e-01  -1.6896305e+00   1.1461279e-02  -3.3799313e-03  -1.0372068e-03
   1.5296550e-01  -1.8279863e-01  -1.7343301e+00   1.2743078e-02  -4.6668975e-03  -1.4618526e-03
   1.4399152e-01  -1.9363925e-01  -1.7177635e+00   1.0897099e-02  -2.6336816e-03  -1.0715551e-03
   1.3976839e-01  -1.9436156e-01  -1.6997610e+00   1.1315684e-02  -2.2806723e-03  -1.1553576e-03
   1.3766025e-01  -2.0009460e-01  -1.7629683e+00   1.3117650e-02  -3.1234966e-03  -1.7096815e-03
   1.1550571e-01  -1.9751608e-01  -1.7419539e+00   1.1069959e-02  -1.8393923e-03  -1.5150988e-03
   1.0671258e-01  -2.0661834e-01  -1.6951663e+00   1.1960213e-02  -2.5216688e-03  -1.3000771e-03
   1.1885052e-01  -2.4364772e-01  -1.6892214e+00   1.2906073e-02  -1.9841922e-03  -1.7898924e-03
   8.6775037e-02  -2.0736104e-01  -1.7360961e+00   1.1871076e-02  -7.6972193e-04  -1.2357525e-03
   1.0903434e-01  -2.3312019e-01  -1.7038776e+00   1.2332367e-02  -7.2867350e-04  -1.4220253e-03
   1.5721001e-01  -1.4003753e-01  -1.7625299e+00   8.1301608e-03  -5.2196532e-03  -3.3615494e-04
   1.5433526e-01  -1.6178893e-01  -1.5164293e+00   1.1685852e-02  -5.6737223e-03  -9.3194739e-04
   1.4993309e-01  -1.8414101e-01  -1.5548931e+00   1.1621463e-02  -5.0198737e-03  -1.0119312e-03
   1.5718289e-01  -1.8817197e-01  -1.5634972e+00   1.1919959e-02  -3.0333478e-03  -1.6777348e-03
   1.1479920e-01  -1.9693837e-01  -1.8642054e+00   1.0355539e-02  -8.1051152e-04  -1.0135176e-03
   1.2677872e-01  -2.1135221e-01  -1.8811368e+00   1.0638171e-02  -2.2302604e-03  -1.5544180e-03
   1.2098615e-01  -2.2973442e-01  -1.8357082e+00   1.1127593e-02  -9.4728895e-04  -1.4192141e-03
   1.1244161e-01  -2.3269602e-01  -1.8219601e+00   1.0362245e-02  -8.6143646e-04  -1.3619825e-03
   1.2079611e-01  -2.3366254e-01  -1.7933599e+00   1.1794751e-02  -2.5974952e-04  -1.2966291e-03
   1.3135009e-01  -2.2519418e-01  -1.8020059e+00   1.1268194e-02   4.2643422e-05  -1.5567558e-03
   1.1763871e-01  -2.2066473e-01  -1.8392328e+00   1.0134842e-02   8.1275403e-05  -1.3404432e-03
   2.5498067e-01   9.9183830e-03  -1.9468207e+00   3.3213379e-03  -9.3022993e-03   1.5222108e-03
   1.5244391e-01  -1.4545839e-01  -1.8586321e+00   7.7574901e-03  -2.2244515e-03  -6.3569467e-04
   1.5838446e-01  -1.8673984e-01  -1.8981147e+00   8.3904937e-03  -1.8755160e-03  -1.2472650e-03
   1.3956748e-01  -1.7442954e-01  -1.8557732e+00   9.0420406e-03  -1.5651403e-03  -1.0206599e-03
   1.2559444e-01  -2.2001691e-01  -1.8772758e+00   9.3107083e-03  -8.5115588e-04  -1.2052623e-03
   1.2716034e-01  -2.0543278e-01  -1.8631096e+00   1.1078314e-02  -2.3371977e-03  -1.0149514e-03
   1.2984342e-01  -1.7980719e-01  -1.8804722e+00   9.0162605e-03  -2.0820472e-03  -1.1418354e-03
   1.3683585e-01  -2.1447813e-01  -1.7426343e+00   1.3544569e-02  -2.7678797e-03  -1.4006260e-03
   1.3116149e-01  -2.1765398e-01  -1.9134918e+00   9.6591657e-03  -1.9561582e-03  -1.4078715e-03
   1.1071751e-01  -2.0272679e-01  -1.9087432e+00   9.5759832e-03  -1.1030940e-03  -1.1271913e-03
   1.0642620e-01  -1.8867611e-01  -1.9337932e+00   9.5051635e-03  -7.3675891e-04  -1.0080375e-03
   1.1913051e-01  -2.3084569e-01  -1.9873574e+00   8.6135317e-03  -1.1454262e-03  -1.1983983e-03
   1.1489833e-01  -2.2466507e-01  -1.8487128e+00   1.0264772e-02  -1.6582679e-03  -1.0085463e-03
   1.6787214e-01  -1.5968609e-01  -1.9317819e+00   7.6981922e-03  -5.0593324e-03   6.7561406e-05
   1.5046461e-01  -1.4986371e-01  -1.8639092e+00   5.8398547e-03  -2.1477621e-03  -9.4161057e-04
   1.4954456e-01  -1.8500075e-01  -1.6961619e+00   1.1167644e-02  -3.4877187e-03  -7.9550155e-04
   1.6430417e-01  -2.0309267e-01  -1.8198132e+00   1.0270559e-02  -3.2186637e-03  -1.7171316e-03
   1.3087612e-01  -1.9280399e-01  -1.9170142e+00   9.5892764e-03  -2.2806340e-03  -7.8402117e-04
   1.2492480e-01  -1.8159929e-01  -1.9550133e+00   8.0061179e-03  -1.8313648e-03  -9.0189564e-04
   1.2083387e-01  -2.5116213e-01  -2.1851037e+00   7.3068435e-03   8.7560864e-04  -1.1998699e-03
   1.1186092e-01  -2.3715709e-01  -2.0990775e+00   9.5969711e-03   9.5830499e-04  -1.2134144e-03
   1.2106169e-01  -2.1000190e-01  -2.1506314e+00   7.8506576e-03   8.3504788e-04  -1.1657571e-03
   9.8142758e-02  -2.3465696e-01  -2.1272282e+00   8.4250939e-03  -2.3130183e-04  -1.0571430e-03
   1.2804148e-01  -2.6658463e-01  -2.1440305e+00   8.6671240e-03   9.3965644e-05  -1.4813735e-03
   1.0091338e-01  -2.0933698e-01  -2.1081254e+00   9.0225360e-03   3.4829732e-04  -1.1903095e-03
   1.6558836e-01  -1.4456388e-01  -2.1274556e+00   6.0734510e-03  -2.4237025e-03  -2.2063104e-04
   1.4461431e-01  -1.6307993e-01  -2.0022387e+00   7.4622960e-03   1.4249317e-04  -7.1962757e-04
   1.4353948e-01  -1.8397331e-01  -1.9531185e+00   8.5829315e-03  -4.4577408e-04  -9.8484481e-04
   1.2029313e-01  -2.1330482e-01  -2.0188704e+00   8.4165190e-03  -7.0874109e-04  -5.7362911e-04
   1.1798337e-01  -1.9459432e-01  -2.0123115e+00   8.0762881e-03  -4.7345223e-04  -5.8908400e-04
   1.0742674e-01  -2.0378341e-01  -1.9915118e+00   9.3262129e-03  -4.9924871e-04  -4.8814992e-04
   1.0767216e-01  -1.7918107e-01  -2.0015257e+00   8.0462559e-03  -8.4640312e-05  -5.5956370e-04
   1.2685345e-01  -1.8626816e-01  -2.0947640e+00   8.9105799e-03  -7.5930203e-04  -8.8531553e-04
   1.0901435e-01  -1.8949197e-01  -2.1498986e+00   7.1190696e-03  -1.3318214e-04  -5.8994799e-04
   1.1000507e-01  -1.8658233e-01  -2.1485322e+00   6.5242678e-03   1.4262011e-04  -4.9129936e-04
   1.0526965e-01  -1.8825245e-01  -2.1500263e+00   6.6471910e-03   1.0067995e-05  -4.8545364e-04
   1.2638679e-01  -2.2456600e-01  -2.1417696e+00   6.5926449e-03  -6.4859586e-04  -9.1618622e-04
   2.1430864e-01  -2.3594737e-01  -2.0104050e+00   1.0556481e-02  -5.2753101e-03  -2.0500840e-03
   1.7393592e-01  -2.4805981e-01  -1.9421183e+00   1.4170747e-02  -1.7647071e-03  -1.8708030e-03
   1.4698150e-01  -2.2857667e-01  -2.1672281e+00   8.0899308e-03  -2.3895060e-03  -1.6708024e-03
   1.5273262e-01  -2.2103521e-01  -2.1533878e+00   9.0834628e-03  -3.0951506e-03  -1.6447045e-03
   1.3606968e-01  -2.2777362e-01  -2.1454521e+00   8.7949267e-03  -1.7660044e-03  -1.4434994e-03
   1.3269678e-01  -2.3517434e-01  -2.1813971e+00   7.6520258e-03  -1.9099682e-03  -1.3724056e-03
   1.3706799e-01  -2.2197693e-01  -2.1729587e+00   8.6000129e-03  -1.7581781e-03  -1.4271300e-03
   1.2963638e-01  -2.0675262e-01  -2.1657182e+00   8.2265157e-03  -1.9130475e-03  -1.4303566e-03
   1.2912205e-01  -2.2216991e-01  -2.0777444e+00   9.4596341e-03  -8.7792192e-04  -1.1844644e-03
   1.2501120e-01  -2.0619663e-01  -2.1103292e+00   8.1905588e-03  -1.1690331e-03  -1.1358240e-03
   2.1265239e-01  -2.6365900e-01  -1.9094259e+00   1.4534394e-02  -4.3333310e-03  -2.3819106e-03
   1.5586379e-01  -2.0355502e-01  -2.0288759e+00   1.0062776e-02  -2.1801001e-03  -1.4503283e-03
   1.4707475e-01  -2.0425108e-01  -2.0163981e+00   8.9931882e-03  -1.1701561e-03  -1.3633188e-03
   1.5716769e-01  -2.5549756e-01  -1.9351749e+00   1.2556256e-02  -1.5800043e-03  -1.4198485e-03
   1.4235156e-01  -2.1350027e-01  -2.1071227e+00   9.0971476e-03  -1.1978450e-03  -1.2651798e-03
   1.1997223e-01  -2.0827909e-01  -2.1264670e+00   8.4718701e-03  -5.9186126e-04  -1.2767102e-03
   1.1366518e-01  -2.2736292e-01  -2.1479278e+00   8.6095140e-03  -7.0422538e-04  -1.0269675e-03
   1.2259189e-01  -2.2746543e-01  -2.1576300e+00   8.5339297e-03  -4.7092203e-04  -1.1885077e-03
   1.2073004e-01  -2.3048767e-01  -2.1692796e+00   8.7489099e-03  -5.9616253e-04  -1.1568990e-03
   1.3301340e-01  -2.2962512e-01  -2.1603893e+00   8.2351939e-03  -7.9611465e-04  -1.3701390e-03
   1.1616038e-01  -2.3942848e-01  -2.1485698e+00   8.3249385e-03  -6.1250775e-04  -1.0378850e-03
   1.1404037e-01  -2.0152429e-01  -2.1467257e+00   8.4388838e-03  -9.6141824e-07  -7.6161219e-04
   1.1629331e-01  -2.2424197e-01  -2.1672294e+00   8.4241619e-03   7.0581102e-05  -9.1892972e-04
   1.2245360e-01  -2.3072388e-01  -2.1355803e+00   8.3198814e-03  -5.9593239e-04  -9.8791330e-04
   1.2564553e-01  -2.3547663e-01  -2.1581378e+00   7.6390111e-03  -5.7070618e-04  -9.1594303e-04
   1.2355017e-01  -2.3821814e-01  -2.1629500e+00   7.8380528e-03  -4.5998407e-04  -1.0390265e-03
   1.1206629e-01  -2.2022379e-01  -2.1276604e+00   9.0292498e-03  -7.6507855e-04  -8.2570518e-04
   1.3417599e-01  -2.1705881e-01  -2.1202900e+00   9.4586781e-03  -6.2846282e-04  -1.0320026e-03
   1.0342209e-01  -2.2268654e-01  -2.0977046e+00   9.0577003e-03  -3.2499091e-04  -8.4218133e-04
   1.1647250e-01  -2.1863824e-01  -2.1538177e+00   7.8650350e-03   1.6454352e-04  -1.0188268e-03
   1.1478571e-01  -2.2735594e-01  -2.1603061e+00   9.0094900e-03  -4.9960501e-04  -1.1095554e-03
   1.0731509e-01  -2.2836886e-01  -2.1619167e+00   8.2108738e-03  -1.9986956e-04  -8.6676062e-04
   1.0618362e-01  -2.4235334e-01  -2.1653103e+00   8.2091930e-03   4.4649922e-04  -1.0760419e-03
   1.1292647e-01  -2.4046169e-01  -2.1780144e+00   8.7888887e-03   6.8448115e-04  -1.2436002e-03
   1.1348445e-01  -2.3379845e-01  -2.1622942e+00   8.5572759e-03   3.5089867e-04  -1.3245701e-03
   1.2618498e-01  -2.3628366e-01  -2.1617667e+00   9.0573608e-03   9.5196686e-04  -1.1838531e-03
   1.0477763e-01  -2.2461967e-01  -2.1716634e+00   7.1116836e-03   1.4132562e-03  -1.1544357e-03
   1.1751403e-01  -2.6191959e-01  -2.1354029e+00   9.9774220e-03   1.7043114e-03  -1.3446123e-03
   1.1927673e-01  -2.4088552e-01  -2.1767644e+00   8.6549613e-03   1.7354049e-03  -1.2924830e-03
   1.2619084e-01  -2.5222602e-01  -2.1518047e+00   8.2897416e-03   1.6850670e-03  -1.5562137e-03
   1.4393243e-01  -2.2628874e-01  -2.0040996e+00   1.0265346e-02   1.3375876e-03  -1.6809213e-03
   1.2960885e-01  -2.4539534e-01  -1.9707393e+00   1.0964781e-02   1.8740445e-03  -1.3591168e-03
   1.3097260e-01  -2.4073074e-01  -2.0947769e+00   9.8420911e-03   1.6062089e-03  -1.3368453e-03
   1.2222750e-01  -2.3830758e-01  -2.0909675e+00   8.9715728e-03   1.7190574e-03  -1.3330598e-03
   1.3669333e-01  -2.2856114e-01  -2.1152956e+00   8.4656493e-03   1.0062082e-03  -1.5481622e-03
   1.5129763e-01  -2.4526457e-01  -2.2281378e+00   9.2380541e-03   5.1318305e-04  -1.7604275e-03
   1.2774725e-01  -2.3583347e-01  -2.0791663e+00   9.1648122e-03   1.6487557e-03  -1.4308939e-03
   1.3930862e-01  -2.4392278e-01  -2.0227351e+00   1.2332019e-02   1.8853263e-03  -1.3670837e-03
   1.2802555e-01  -2.0625943e-01  -2.1969591e+00   7.7116285e-03   1.6811405e-03  -1.1456421e-03
   1.2749503e-01  -2.4194308e-01  -2.1590281e+00   8.2899961e-03   1.8700938e-03  -1.3073279e-03
   1.8376200e-01  -3.0066179e-01  -2.1154053e+00   1.1379189e-02   1.8484598e-03  -2.4495730e-03
   1.1795404e-01  -2.0342691e-01  -1.9597275e+00   8.8701808e-03   1.3899629e-03  -2.2145862e-03
   2.8599462e-02  -3.2307795e-02  -1.4280256e+00  -3.3103359e-03   2.2043979e-02  -8.6493202e-04
   2.3227001e-01  -1.4476065e-01   3.6369114e-01   2.7153865e-02  -1.8483145e-02  -4.4609021e-03
   1.6540994e-01  -2.6719510e-01  -1.7303642e+00   1.0997750e-02  -7.9549440e-03  -2.6539416e-03
   1.4683476e-01  -2.4308039e-01  -1.7605734e+00   1.0237538e-02  -8.0292388e-03  -2.5537016e-03
   1.2458907e-01  -2.4203301e-01  -1.7512382e+00   1.0103531e-02  -7.6631370e-03  -2.2149209e-03
   9.7103224e-02  -2.6147327e-01  -1.6543822e+00   1.1043593e-02  -8.6063351e-03  -1.7469300e-03
   1.1888724e-01  -2.5344999e-01  -1.6893794e+00   1.0940606e-02  -7.4972762e-03  -2.1578541e-03
   1.3322041e-01  -2.5104543e-01  -1.6759692e+00   1.1108024e-02  -7.9562153e-03  -1.8874436e-03
   1.2181751e-01  -2.6305878e-01  -1.6232775e+00   1.1964478e-02  -7.6569643e-03  -2.0310463e-03
   1.3070437e-01  -2.6359888e-01  -1.7344365e+00   1.3000052e-02  -9.0595856e-03  -2.0034939e-03
   1.3126194e-01  -2.3633134e-01  -1.7066165e+00   1.0752766e-02  -7.4842943e-03  -1.9833861e-03
   1.3164116e-01  -2.3296370e-01  -1.6833264e+00   1.1404078e-02  -8.0609875e-03  -2.2763640e-03
   1.5383895e-01  -2.5288539e-01  -1.6664974e+00   1.3582698e-02  -8.4349389e-03  -2.7024836e-03
   1.3032103e-01  -2.4787276e-01  -1.6583955e+00   1.1765793e-02  -6.4712403e-03  -2.1129811e-03
   1.2201603e-01  -2.6342557e-01  -1.6135880e+00   1.2245983e-02  -5.9010594e-03  -2.3646347e-03
   1.3829960e-01  -2.4947867e-01  -1.6365650e+00   1.2462828e-02  -6.2415808e-03  -2.5418204e-03
   1.1662458e-01  -2.3245538e-01  -1.6524168e+00   1.1904671e-02  -6.5828907e-03  -2.1249286e-03
   1.2082073e-01  -2.4824001e-01  -1.6530322e+00   1.2334456e-02  -5.5447397e-03  -2.0757120e-03
   1.2520440e-01  -2.4993085e-01  -1.6531492e+00   1.2071568e-02  -5.8387315e-03  -2.0548628e-03
   1.2886803e-01  -2.6458479e-01  -1.6512490e+00   1.2391916e-02  -6.1001839e-03  -2.2340666e-03
   1.1861085e-01  -2.5490865e-01  -1.6762605e+00   1.2062565e-02  -6.1373802e-03  -1.8669819e-03
   1.2516295e-01  -2.3586055e-01  -1.6833536e+00   1.1833058e-02  -5.5823487e-03  -2.0625293e-03
   1.3620321e-01  -2.4432868e-01  -1.7230426e+00   1.1895064e-02  -4.7847293e-03  -2.2009854e-03
   1.1940182e-01  -2.6131066e-01  -1.8328754e+00   1.0818426e-02  -5.3656462e-03  -2.5131351e-03
   1.2622294e-01  -2.6727556e-01  -1.6715339e+00   1.2785786e-02  -5.0841684e-03  -2.3342986e-03
   1.4052080e-01  -2.5112011e-01  -1.6338874e+00   1.4218169e-02  -5.8147986e-03  -2.3554708e-03
   1.4178956e-01  -2.5491738e-01  -1.8423572e+00   1.1067260e-02  -4.6145761e-03  -2.5303425e-03
   1.4841329e-01  -2.4901248e-01  -1.7951326e+00   1.2534724e-02  -4.9698726e-03  -2.4826317e-03
   1.5735992e-01  -2.8239571e-01  -1.8226068e+00   1.3161181e-02  -5.1713898e-03  -2.8038503e-03
   1.4653167e-01  -2.6685336e-01  -1.8647689e+00   1.1950767e-02  -4.8440854e-03  -2.5924186e-03
   1.5633166e-01  -2.5869981e-01  -1.8616761e+00   1.1987888e-02  -5.0948581e-03  -2.6727816e-03
   1.5015614e-01  -2.5187063e-01  -1.8311074e+00   1.1739949e-02  -5.1446719e-03  -2.5285273e-03
   1.5814218e-01  -2.7429264e-01  -1.8624605e+00   1.2157846e-02  -4.8813288e-03  -2.8467604e-03
   1.4192408e-01  -2.5222093e-01  -1.8189071e+00   1.1655623e-02  -4.7379159e-03  -2.5781994e-03
   1.3604348e-01  -2.5444996e-01  -1.7916803e+00   1.1758874e-02  -5.0039196e-03  -2.2677766e-03
   1.3868215e-01  -2.6211084e-01  -1.8280308e+00   1.1649137e-02  -4.8740521e-03  -2.4895886e-03
   1.4352081e-01  -2.6525250e-01  -1.8506586e+00   1.1516699e-02  -5.0362554e-03  -2.2369707e-03
   1.3921601e-01  -2.7028402e-01  -1.8692874e+00   1.1427770e-02  -5.0081708e-03  -2.2344316e-03
   1.3420676e-01  -2.7010650e-01  -1.8601438e+00   1.1147220e-02  -5.4116040e-03  -2.2699589e-03
   1.6628746e-01  -2.7453117e-01  -1.8316794e+00   1.2277230e-02  -6.2754792e-03  -2.9159911e-03
   1.5458923e-01  -2.4842099e-01  -1.7762104e+00   1.2207383e-02  -5.4571695e-03  -2.6819055e-03
   1.5330122e-01  -2.4289530e-01  -1.8088413e+00   1.1457204e-02  -6.0270245e-03  -2.4384026e-03
   1.7001086e-01  -2.9069823e-01  -1.8102397e+00   1.2488138e-02  -6.6894512e-03  -2.6819031e-03
   1.6022307e-01  -2.6098020e-01  -1.7836781e+00   1.1843034e-02  -5.7596618e-03  -3.1059698e-03
   1.1656775e-01  -2.7679156e-01  -2.0320725e+00   1.6504825e-02  -2.1211637e-03  -3.2301617e-03
   6.9366121e-02  -2.7182585e-01  -2.4591854e+00   7.3223545e-03  -7.2909695e-04  -2.4245043e-03
   6.8326228e-02  -2.9105704e-01  -2.2842334e+00   1.0686824e-02  -2.6704320e-03  -2.4524416e-03
   6.7387678e-02  -3.2303970e-01  -2.2065796e+00   1.1407077e-02  -2.1677512e-03  -1.7892215e-03
   7.7333523e-02  -2.9349578e-01  -2.3174733e+00   8.6881004e-03  -1.3327463e-03  -2.2835165e-03
   9.4588609e-02  -3.0582262e-01  -2.3225113e+00   7.9459702e-03  -1.2370214e-03  -1.8728268e-03
   9.0602614e-02  -2.8699798e-01  -2.3247966e+00   7.6399709e-03  -1.7033328e-03  -1.8327649e-03
   8.9130589e-02  -2.9295710e-01  -2.2884852e+00   7.8118290e-03  -1.4295264e-03  -2.0091324e-03
   8.6527203e-02  -2.6851840e-01  -2.2924251e+00   7.4384481e-03  -1.2356055e-03  -2.1589122e-03
   9.2484630e-02  -2.7784025e-01  -2.2889812e+00   7.6307554e-03  -1.3760445e-03  -2.2077749e-03
   9.2891394e-02  -2.7852976e-01  -2.3313328e+00   7.0680737e-03  -1.3841986e-03  -2.1834554e-03
   1.0209476e-01  -2.5739898e-01  -2.3963106e+00   5.7656594e-03  -1.0945485e-03  -2.2610627e-03
   1.0246314e-01  -2.8665673e-01  -2.3161934e+00   7.7904740e-03  -6.9133375e-04  -2.4036257e-03
   9.4190881e-02  -2.5746381e-01  -2.2999427e+00   7.5245770e-03  -1.4994713e-03  -2.2055469e-03
   1.1859516e-01  -2.9644502e-01  -2.3703557e+00   8.6904266e-03  -9.6467149e-04  -2.5437154e-03
   1.0056878e-01  -2.6311792e-01  -2.3131663e+00   7.6369361e-03  -7.8240430e-04  -2.5497079e-03
   1.0705566e-01  -2.5846869e-01  -2.2736836e+00   8.0418178e-03  -1.4916383e-04  -2.6421555e-03
   1.1479440e-01  -2.7913751e-01  -2.3077764e+00   7.8816861e-03  -1.1031935e-03  -2.7628323e-03
   1.2819252e-01  -3.0612501e-01  -2.3093240e+00   6.5237579e-03  -9.6842460e-04  -3.0717245e-03
   1.2030220e-01  -2.8091626e-01  -2.2700571e+00   9.0111791e-03  -1.8288615e-03  -2.3967480e-03
   1.0615240e-01  -2.7163951e-01  -2.2738304e+00   8.1852527e-03  -1.3816217e-03  -2.5093816e-03
   1.1815492e-01  -2.7985912e-01  -2.2788757e+00   8.5794291e-03  -1.5132071e-03  -2.7116402e-03
   1.1709025e-01  -2.9940645e-01  -2.2855096e+00   8.6856937e-03  -1.5311067e-03  -2.7538582e-03
   1.1641535e-01  -2.9873862e-01  -2.3911647e+00   8.6754902e-03  -1.8922274e-03  -2.6895219e-03
   1.0674624e-01  -2.6439146e-01  -2.3230081e+00   8.3332294e-03  -1.8552674e-03  -2.6220759e-03
   1.1803199e-01  -2.7630167e-01  -2.3226225e+00   9.0036229e-03  -1.9769880e-03  -2.7310299e-03
   1.1304690e-01  -2.8028447e-01  -2.3026253e+00   8.5954334e-03  -2.2585716e-03  -2.4791110e-03
   1.1622927e-01  -2.9443047e-01  -2.3359265e+00   8.2737964e-03  -2.6871742e-03  -2.5521287e-03
   1.1350895e-01  -2.8738300e-01  -2.2923244e+00   8.5336992e-03  -2.3835416e-03  -2.5688925e-03
   1.2392730e-01  -2.7695405e-01  -2.2970097e+00   8.2315705e-03  -2.5222056e-03  -2.8214690e-03
   1.3410148e-01  -2.6223657e-01  -2.3275646e+00   9.9172135e-03  -3.0027538e-03  -3.0852597e-03
   1.0804929e-01  -2.8656769e-01  -2.2659337e+00   8.9305604e-03  -1.8010730e-03  -2.4617941e-03
   1.2253787e-01  -2.8096538e-01  -2.2354962e+00   8.7336713e-03  -2.6309445e-03  -2.8249703e-03
   1.2137277e-01  -2.7969342e-01  -2.3356085e+00   7.5451324e-03  -2.0509481e-03  -2.7283966e-03
   2.5723229e-01   1.6878893e-01  -2.5795874e+00  -1.0235661e-02  -1.3422074e-02   1.8198741e-03
   1.1633529e-01  -2.5863459e-01  -2.7059953e+00   7.8415319e-03  -2.2804272e-03  -2.6384513e-03
   6.0313092e-02  -3.0108076e-01  -3.2004428e+00   4.5985354e-03  -2.9672221e-03  -5.8247110e-04
   1.0864193e-01  -2.4823554e-01  -3.5665227e+00  -3.9396597e-03  -3.2956589e-03  -1.2989350e-03
   9.6992474e-02  -2.9648988e-01  -3.2975839e+00  -9.6169944e-04  -3.2052717e-03  -9.9253832e-04
   9.2652448e-02  -2.5739473e-01  -3.2275322e+00  -6.9785964e-04  -3.3756119e-03  -1.1016400e-03
   1.0466246e-01  -2.8310296e-01  -3.2102799e+00   1.2899992e-03  -4.5244837e-03  -1.5260336e-03
   8.0504953e-02  -2.6278852e-01  -3.0525876e+00   9.5872268e-04  -3.6315130e-03  -1.1252966e-03
   5.7926539e-02  -2.6275387e-01  -3.0287096e+00   1.9981572e-03  -2.6247083e-03  -8.3687025e-04
   6.8465343e-02  -2.6753671e-01  -2.9876266e+00   1.4548538e-03  -2.8761263e-03  -1.0102338e-03
   7.8817236e-02  -2.8650152e-01  -2.9811647e+00   1.7825707e-03  -2.8865954e-03  -1.0049932e-03
   6.9700980e-02  -2.6746688e-01  -2.9940828e+00   9.7009867e-04  -3.0278789e-03  -9.1788435e-04
   6.2135366e-02  -2.3935027e-01  -3.0000781e+00   1.1474883e-03  -2.5448534e-03  -6.8131736e-04
   6.0357056e-02  -2.7386973e-01  -2.9903360e+00   2.3009252e-03  -2.7241458e-03  -1.0305572e-03
   5.0680020e-02  -2.6849687e-01  -2.4941712e+00  -9.0482509e-04   2.0648409e-04  -1.4133714e-03
   1.2428224e-01  -2.9992524e-01  -1.8191592e+00   1.5770365e-02  -4.5405028e-03  -2.0796496e-03
   1.2185337e-01  -3.0344744e-01  -2.5150137e+00   1.0054909e-02  -4.9371473e-03  -2.4375520e-03
   1.2567857e-01  -3.1406745e-01  -2.5696482e+00   7.2469727e-03  -5.4084456e-03  -2.6754136e-03
   1.5119036e-01  -3.4180130e-01  -2.6539810e+00   7.5689742e-03  -4.3901716e-03  -2.5904466e-03
   1.3695832e-01  -2.7013491e-01  -2.6825707e+00   5.9638547e-03  -4.5013557e-03  -2.3338684e-03
   1.3408594e-01  -2.8531857e-01  -2.6568838e+00   6.6305932e-03  -4.4784183e-03  -2.3399803e-03
   1.4301315e-01  -2.9609240e-01  -2.6417755e+00   6.2025257e-03  -5.0179240e-03  -2.3058983e-03
   1.5107358e-01  -2.0127892e-01  -2.4682927e+00  -5.4809785e-03  -3.7667038e-03  -1.9103990e-03
   5.3911121e-02  -2.6509345e-01   1.9614025e-01   1.1603385e-02  -5.4559123e-04  -2.0578437e-03
   3.0425899e-03  -1.5649192e-01  -7.0696923e-01  -7.6594347e-03  -3.0261622e-03  -2.5990676e-03
  -4.3601196e-03  -1.6014252e-01  -4.6387694e-01   2.5501640e-02   6.8088201e-03  -9.1062582e-04
   8.2443222e-02  -1.4384235e-01  -1.4403592e+00   1.1775828e-02   1.5121845e-03  -1.7554989e-03
   8.0549013e-02  -1.8079056e-01  -1.2333113e+00   1.3718458e-02  -1.1643134e-03  -1.5638882e-03
   9.4341215e-02  -1.5430305e-01  -1.2301543e+00   1.3302959e-02  -1.5531261e-03  -1.6322003e-03
   8.7543308e-02  -1.7752095e-01  -1.1794982e+00   1.4168436e-02  -1.7085141e-03  -1.4837242e-03
   9.8295116e-02  -1.7962991e-01  -1.1767681e+00   1.4528315e-02  -1.7948629e-03  -1.5627368e-03
   1.0977458e-01  -1.8673010e-01  -1.2302294e+00   1.4181409e-02  -1.1207423e-03  -2.1611948e-03
   1.0862455e-01  -1.6916080e-01  -1.2282208e+00   1.4063915e-02  -1.4302621e-03  -1.9235560e-03
   1.0757263e-01  -1.8562179e-01  -1.2503614e+00   1.4121093e-02  -1.1106944e-03  -1.8790081e-03
   1.1417733e-01  -1.8617388e-01  -1.2263651e+00   1.4289689e-02  -1.6855731e-03  -1.8907423e-03
   1.2537200e-01  -1.7410538e-01  -1.2634555e+00   1.3604337e-02  -1.1301155e-03  -1.9740300e-03
   1.2377577e-01  -1.9819854e-01  -1.2670643e+00   1.4418930e-02  -9.8802573e-04  -2.1806882e-03
   1.2062477e-01  -1.7322761e-01  -1.2858698e+00   1.3332827e-02  -9.6601437e-04  -2.1614617e-03
   1.2106196e-01  -1.7578372e-01  -1.2937098e+00   1.3568771e-02  -1.6750553e-03  -1.9965126e-03
   1.2473208e-01  -1.8441714e-01  -1.2836962e+00   1.4513984e-02  -1.2285144e-03  -2.2465048e-03
   1.2084532e-01  -1.7361368e-01  -1.3275819e+00   1.4083063e-02  -5.4051023e-04  -2.2450866e-03
   1.2981509e-01  -1.9459297e-01  -1.3155072e+00   1.4364329e-02  -6.2671629e-04  -2.1225576e-03
   1.2953044e-01  -1.6383481e-01  -1.3663184e+00   1.5834474e-02  -1.2769023e-03  -1.9741052e-03
   1.2634172e-01  -1.7454012e-01  -1.3345955e+00   1.5244606e-02   5.1216367e-04  -2.3220923e-03
   1.2892613e-01  -1.6356416e-01  -1.3578857e+00   1.4609347e-02   9.5449296e-05  -2.5671869e-03
   1.3601088e-01  -1.7008290e-01  -1.3945640e+00   1.4093064e-02   2.8832030e-04  -2.6274061e-03
   1.3379381e-01  -1.7261800e-01  -1.4139454e+00   1.4041504e-02  -3.8028819e-04  -2.6598589e-03
   1.2228357e-01  -1.5366717e-01  -1.4280591e+00   1.4175961e-02   3.9648332e-04  -2.6081508e-03
   1.2482957e-01  -1.7912083e-01  -1.4515271e+00   1.3918488e-02  -1.3554647e-04  -2.4321893e-03
   5.4663574e-02  -2.3674824e-01  -2.2606613e+00   7.9340595e-03   1.3681797e-03  -1.2204265e-03
   5.6533041e-02  -2.0525217e-01  -2.4438235e+00   3.5718978e-03   1.0764544e-03  -1.5116658e-03
   6.4688555e-02  -2.3948143e-01  -2.3952039e+00   7.3907568e-03   1.6520009e-03  -1.7687915e-03
   7.5363567e-02  -2.2160675e-01  -2.2007620e+00   6.6814655e-03   1.3900274e-03  -1.6202898e-03
   8.6260701e-02  -2.2943767e-01  -2.1172566e+00   9.8522219e-03  -6.9284267e-04  -1.9738662e-03
   7.3786818e-02  -2.5166888e-01  -2.0295101e+00   1.1970469e-02  -3.2697301e-04  -1.7146219e-03
   2.0050388e-02  -2.3329895e-01  -1.8374379e+00   1.2661868e-02   9.6267300e-04  -1.0354190e-03
   9.8487962e-02  -2.7273270e-01  -2.0207593e+00   1.2190427e-02   1.2893395e-03  -2.1164370e-03
   1.0547856e-01  -2.6106537e-01  -1.9654520e+00   1.1418007e-02   1.6076201e-03  -1.9618702e-03
   1.0788084e-01  -2.5273022e-01  -2.0104991e+00   1.0736517e-02   1.3628495e-03  -2.0042621e-03
   1.1342949e-01  -2.5380557e-01  -2.0234981e+00   1.0950319e-02   1.4276966e-03  -1.8631106e-03
   1.0491836e-01  -2.5121210e-01  -2.0499741e+00   1.0143446e-02   8.2698902e-04  -1.5692567e-03
   1.0272554e-01  -2.4688466e-01  -2.0645683e+00   1.0179046e-02   1.0314638e-03  -1.8440158e-03
   9.3386653e-02  -2.5809202e-01  -2.0384878e+00   1.0740690e-02   1.2220237e-03  -1.6418422e-03
   1.1391286e-01  -2.6593239e-01  -1.9787151e+00   1.3792996e-02   6.9451923e-04  -1.9625732e-03
   1.1485050e-01  -2.3358679e-01  -2.1850121e+00   8.3343061e-03  -1.4336863e-03  -2.0806862e-03
   1.4060817e-01  -2.3467146e-01  -2.0273917e+00   1.0743118e-02   3.8695590e-04  -2.3440520e-03
   1.0831038e-01  -2.3317731e-01  -2.1231844e+00   1.1293982e-02  -4.2693110e-04  -2.3127152e-03
   1.2472705e-01  -2.8009595e-01  -2.0024344e+00   1.4832891e-02   8.2465867e-04  -1.9136898e-03
   1.3056540e-01  -2.2578050e-01  -2.3306585e+00   8.9028085e-03  -1.1552899e-03  -2.3024051e-03
   1.2163014e-01  -2.2747788e-01  -2.2710257e+00   9.8248184e-03  -1.7583498e-03  -1.8847139e-03
   1.0679657e-01  -2.4125729e-01  -2.2931679e+00   8.8399682e-03  -2.9344734e-04  -1.7869462e-03
   1.0341337e-01  -2.4320207e-01  -2.2807792e+00   9.2977129e-03  -3.2677090e-04  -1.9156400e-03
   1.0254335e-01  -2.1937746e-01  -2.2476509e+00   1.0489496e-02   8.0466592e-05  -1.7530513e-03
   9.5720490e-02  -2.4169876e-01  -2.5581131e+00   9.8170555e-03   4.2227026e-03  -1.5393873e-03
   1.0261754e-01  -2.3151437e-01  -2.7054365e+00   5.4762722e-03   2.0908719e-03  -1.8633875e-03
   1.2272219e-01  -2.2137598e-01  -2.6945560e+00   5.6693962e-03   2.2763160e-03  -1.7851476e-03
   7.8829398e-02  -2.2232239e-01  -2.8291239e+00   2.4713805e-03   4.2051058e-03  -1.1484336e-03
   1.0608720e-01  -1.9712525e-01  -3.0712691e+00   1.2435532e-03   3.6969257e-03  -1.8030747e-03
   8.9413345e-02  -2.5555349e-01  -2.9784523e+00   2.7972193e-03   3.4758963e-03  -1.5296319e-03
   9.0596063e-02  -2.3810946e-01  -3.0513482e+00   1.9409071e-03   3.8840778e-03  -1.3465783e-03
   1.1782959e-01  -2.6995040e-01  -3.0028070e+00   3.7068028e-03   2.6794572e-03  -1.9492454e-03
   7.9814575e-02  -2.2513524e-01  -3.8395488e+00  -5.6499728e-03   8.0811778e-03  -1.6665274e-03
   6.5456513e-02  -2.2495728e-01  -3.7618909e+00  -5.4635769e-03   6.5957496e-03  -1.3204866e-03
   7.0255107e-02  -2.3544394e-01  -3.7242230e+00  -4.3819260e-03   4.8492264e-03  -1.1485671e-03
   6.6213014e-02  -2.3643640e-01  -3.7569618e+00  -5.4392004e-03   4.3088288e-03  -1.2249006e-03
   6.4781460e-02  -2.4194591e-01  -3.7359674e+00  -4.9649036e-03   4.1623930e-03  -1.1009258e-03
   5.8118653e-02  -2.4108887e-01  -3.6967190e+00  -4.4823718e-03   4.3739925e-03  -1.0248165e-03
   7.2322930e-02  -2.5190067e-01  -3.6888843e+00  -4.1736690e-03   4.4486795e-03  -1.1154258e-03
   9.4174576e-02  -2.5597073e-01  -3.6806647e+00  -2.6068248e-03   4.1488246e-03  -1.4821128e-03
   6.5211904e-02  -2.0368994e-01  -3.7915183e+00  -5.7311940e-03   4.1296449e-03  -1.2327893e-03
   6.8734578e-02  -2.4435334e-01  -3.6805361e+00  -7.3905703e-03   5.2752633e-03  -1.4140585e-03
   2.3725335e-01  -3.3068068e-01  -1.9986386e+00   2.2739761e-02  -8.4582315e-04  -3.5034202e-03
   1.4132160e-01  -2.9455767e-01  -3.1301609e+00   4.8577726e-03   3.6140427e-03  -2.4412472e-03
   1.2173639e-01  -2.8671643e-01  -3.0642207e+00   3.6265794e-03   4.6219837e-03  -2.1294104e-03
   1.4516443e-01  -2.8283058e-01  -3.0559982e+00   1.5779167e-03   1.8243369e-03  -2.2719862e-03
   1.4157954e-01  -3.1129884e-01  -3.4943630e+00   2.7631891e-03   4.7426248e-03  -2.1810262e-03
   1.1387899e-01  -2.3904961e-01  -3.9058453e+00  -5.1118341e-03   2.1154079e-03  -2.0289455e-03
   1.0866536e-01  -2.8085288e-01  -3.9010036e+00  -4.7852954e-03   2.1416135e-03  -1.9359865e-03
   1.1515900e-01  -2.5526351e-01  -3.7834371e+00  -5.5296202e-03   1.4545375e-03  -1.9585328e-03
   1.0372926e-01  -2.5151271e-01  -3.7910829e+00  -4.3147532e-03   1.4555283e-03  -1.7626017e-03
   9.4323314e-02  -2.7619141e-01  -3.7621792e+00  -4.1645013e-03   1.9432407e-03  -1.5589728e-03
   8.8484777e-02  -2.7674824e-01  -3.7726071e+00  -4.5218287e-03   1.8143820e-03  -1.6179506e-03
   1.0056508e-01  -2.7337316e-01  -3.7241222e+00  -5.2381322e-03   1.4196588e-03  -1.9946307e-03
   9.5362606e-02  -2.6890332e-01  -3.7624007e+00  -4.3124549e-03   1.2067521e-03  -1.7850780e-03
   1.1773273e-01  -1.4531175e-01  -1.9691633e+00  -3.4354842e-02   4.7081448e-03  -9.5049491e-04
   8.5276495e-02  -1.9119041e-02   8.7098229e-01   4.0032329e-02   3.3012807e-03  -1.1779361e-03
   1.8947147e-01   1.1425281e-01   2.2515502e+00   6.1572978e-02   1.2870173e-03   1.1737582e-04
   1.4906217e-01  -1.3382696e-01  -5.7286317e-01   2.4087446e-02   5.3513850e-03  -1.3799824e-03
   5.8227446e-02  -1.9949847e-01  -1.4067163e+00   1.4838351e-02   6.2918809e-03   5.9854308e-04
   6.4642087e-02  -2.0932991e-01  -1.2254801e+00   1.6606146e-02   4.4503439e-03   4.2451385e-04
   8.0829993e-02  -1.9537212e-01  -1.2008878e+00   1.6263349e-02   3.5383500e-03   5.4065567e-04
   7.8538257e-02  -2.0078362e-01  -1.1780292e+00   1.6627478e-02   2.8556668e-03   4.0674073e-04
   7.9937620e-02  -2.0395737e-01  -1.1645175e+00   1.6878376e-02   2.3935763e-03   1.5684129e-04
   7.9742617e-02  -2.1090123e-01  -1.1413374e+00   1.7157563e-02   1.8926007e-03   3.3270680e-05
   9.2359117e-02  -2.2623513e-01  -1.1599616e+00   1.7046488e-02   1.3295018e-03  -6.3010421e-04
   9.2233673e-02  -2.1177918e-01  -1.1365366e+00   1.7377691e-02   2.0978655e-03  -5.8377936e-04
   8.6454241e-02  -2.1035598e-01  -1.0889409e+00   1.7860808e-02   1.3437426e-03  -5.0373674e-04
   8.3143744e-02  -2.1698572e-01  -1.1193831e+00   1.7203702e-02   1.3651748e-03  -3.1332580e-04
   8.6157013e-02  -2.0845729e-01  -1.1139422e+00   1.7124065e-02   7.7602270e-04  -5.4347097e-04
   7.3814619e-02  -2.1044260e-01  -1.1221542e+00   1.7108083e-02   7.5781598e-04  -2.5309136e-04
   8.4159481e-02  -2.1121150e-01  -1.0994585e+00   1.7966164e-02   2.5156926e-04  -6.7512692e-04
   8.6449083e-02  -1.8833113e-01  -1.1308755e+00   1.7448122e-02   1.6222109e-03  -8.1206814e-04
   7.4200731e-02  -1.8262637e-01  -1.1759780e+00   1.6295647e-02   1.4575598e-03  -2.2463552e-04
   7.6442536e-02  -1.9753895e-01  -1.1388261e+00   1.6969332e-02   4.2185612e-04  -2.1689301e-04
   1.1674426e-01  -2.8868002e-01  -1.0929228e+00   1.2733990e-02  -1.2009551e-03  -1.6782758e-03
   1.4586407e-01  -2.4096698e-01  -1.7723491e+00   1.4028717e-02  -3.2258630e-04  -2.0598581e-03
   1.3196521e-01  -2.3410787e-01  -1.7485866e+00   1.1258329e-02   9.9903412e-05  -2.2371162e-03
   1.2703497e-01  -2.4075136e-01  -1.7019695e+00   1.0982775e-02  -9.5426782e-04  -1.8247629e-03
   1.1884316e-01  -2.3983461e-01  -1.6819777e+00   1.1438871e-02  -1.0951618e-03  -1.6803745e-03
   1.2217704e-01  -2.4229855e-01  -1.6868917e+00   1.1255759e-02  -1.4621022e-03  -1.8935338e-03
   1.1679981e-01  -2.2796200e-01  -1.7151912e+00   1.0949259e-02  -1.6556902e-03  -1.9597753e-03
   1.2851444e-01  -2.4157050e-01  -1.7226344e+00   1.1490083e-02  -1.0670413e-03  -1.8338294e-03
   1.6006642e-01  -2.0869791e-01  -1.4503161e+00  -9.1920545e-04  -6.9116443e-04  -2.8506487e-03
   2.5083966e-01  -1.6517899e-01   2.6746253e-01   3.2110249e-02  -4.5393679e-04  -2.7812811e-03
   2.3017039e-01  -1.8488249e-01  -1.0176222e+00   1.7237847e-02  -3.4900168e-03  -5.1276257e-03
   2.3636327e-01  -1.3655669e-01   9.4191990e-01   4.6292429e-02  -1.9917777e-03  -1.4783300e-03
   2.4476938e-01  -1.2078144e-01   1.4570360e+00   4.7843741e-02  -6.6347536e-03  -2.7020015e-03
   1.0244520e-01  -1.6732670e-01  -9.0753675e-01   2.1084421e-02   4.7499294e-04  -2.2975980e-03
   9.1622947e-02  -2.3697737e-01  -8.0239343e-01   1.7026377e-02  -1.3636395e-03  -1.8554645e-03
   1.1164954e-01  -2.1700849e-01  -7.4753708e-01   1.8721703e-02  -2.6691489e-03  -2.0890643e-03
   9.3250299e-02  -2.1087570e-01  -8.4591042e-01   1.7246887e-02  -3.4623299e-03  -2.0511626e-03
   1.0578904e-01  -2.3139387e-01  -9.2784289e-01   2.0057994e-02  -5.7926135e-03  -2.2084790e-03
   1.1251978e-01  -2.1510168e-01  -9.3596889e-01   1.8752585e-02  -4.3943499e-03  -1.8430302e-03
   9.4687226e-02  -1.9410498e-01  -8.5517488e-01   1.8137357e-02  -1.0730862e-03  -1.9279537e-03
   9.6975542e-02  -2.1827303e-01  -8.7854126e-01   1.8259623e-02  -1.3013406e-03  -2.0045525e-03
   1.1642543e-01  -2.1750943e-01  -1.0012403e+00   2.1277294e-02  -1.9600471e-03  -2.3466552e-03
   9.7284608e-02  -2.2431751e-01  -8.6334781e-01   1.9217198e-02  -1.8434881e-03  -1.9763691e-03
   8.9672290e-02  -2.2156877e-01  -8.7679218e-01   2.2394831e-02  -1.2233100e-04  -1.9269022e-03
   1.6022693e-01  -3.5393045e-01  -3.0832833e+00   9.8328674e-03   6.4998288e-03  -2.5582873e-03
   1.3996447e-01  -3.3438764e-01  -3.0785231e+00   5.3262140e-03   4.7440158e-03  -2.1928475e-03
   1.1284339e-01  -2.7113793e-01  -3.1379572e+00   3.3926314e-03   4.2216547e-03  -1.8425422e-03
   1.1175377e-01  -2.9060730e-01  -3.1968320e+00   4.6310072e-03   4.0623400e-03  -1.5764001e-03
   1.0663808e-01  -2.8624965e-01  -3.1003645e+00   3.8145071e-03   3.3895571e-03  -1.4966689e-03
   1.0987323e-01  -2.9602318e-01  -3.1168565e+00   5.6762995e-03   4.3439674e-03  -1.2755704e-03
   8.9929737e-02  -2.9394348e-01  -2.8252760e+00   8.0593810e-03   2.4388790e-03  -1.7395522e-03
   1.1057783e-01  -3.0409049e-01  -2.9341710e+00   6.0532044e-03   2.6456847e-03  -1.8905123e-03
   2.1782196e-01  -3.3452143e-01  -2.6593408e+00   8.1301626e-03  -3.0819368e-03  -3.5980318e-03
   2.1801250e-01  -3.0634813e-01  -2.7305769e+00   8.0944627e-03  -3.7003726e-03  -3.8063752e-03
   2.0878668e-01  -3.4865527e-01  -2.6970785e+00   9.2672223e-03  -3.3103626e-03  -3.4451349e-03
   2.0418765e-01  -3.1008121e-01  -2.7274418e+00   9.0696265e-03  -2.8611697e-03  -3.4303732e-03
   1.9644404e-01  -3.1420838e-01  -2.7407037e+00   8.0094749e-03  -2.5133081e-03  -3.6230285e-03
   1.9504807e-01  -3.1104315e-01  -2.7223381e+00   7.6937344e-03  -2.3794601e-03  -3.3884974e-03
   1.2187902e-01  -3.4088763e-01  -2.6035983e+00   9.3321958e-03  -8.7929975e-05  -2.2912875e-03
   1.4625298e-01  -2.8700300e-01  -2.6932915e+00   8.6745968e-03   6.7518961e-04  -2.6444764e-03
   1.4554368e-01  -3.2239731e-01  -2.7081271e+00   8.5738478e-03   6.1789794e-04  -2.4869564e-03
   3.0571565e-02  -4.0878287e-01  -2.5509095e+00   1.4873133e-02  -3.9749857e-04  -2.0329139e-03
   1.0322345e-02  -4.3876461e-01  -2.1490975e+00   1.8352059e-02   8.4206162e-05  -1.8776496e-03
   1.5124596e-02  -4.6689423e-01  -2.0560997e+00   2.1941816e-02   4.4000337e-04  -2.6736342e-03
   3.6547535e-02  -4.0864749e-01  -2.0617608e+00   1.9565356e-02  -1.7018232e-03  -1.5104369e-03
   3.7600357e-02  -4.7082779e-01  -2.2649309e+00   2.1094659e-02   7.4486583e-04  -2.4627850e-03
  -4.0615857e-02  -4.5707030e-01  -2.1530262e+00   2.1043098e-02   1.6994930e-03  -1.9853708e-03
  -3.4030649e-02  -4.5042370e-01  -2.0448627e+00   2.2901822e-02  -5.9149119e-04  -1.4103994e-03
   5.8075533e-02  -4.7547659e-01  -2.4189587e+00   2.0600969e-02   1.7428101e-04  -2.6497997e-03
   8.5138804e-03  -4.5850358e-01  -2.1796349e+00   2.0408527e-02   9.7797403e-05  -2.4956902e-03
   3.0872061e-02  -4.1074062e-01  -1.9788252e+00   1.9637058e-02  -1.6902274e-03  -2.2616717e-03
  -2.0369354e-03  -4.7680643e-01  -2.2202886e+00   2.1760027e-02  -1.0160306e-03  -2.5612675e-03
  -8.7230654e-03  -4.4524591e-01  -2.0250394e+00   2.3105326e-02   7.5095919e-04  -1.7842233e-03
   7.0125674e-03  -4.4019642e-01  -2.1689910e+00   1.9021350e-02   1.6367680e-03  -2.3158174e-03
  -1.5953934e-03  -4.6921752e-01  -2.2207987e+00   2.1387435e-02  -1.6580776e-04  -2.1451398e-03
   1.9922459e-02  -4.2343353e-01  -2.2666139e+00   1.8597025e-02   6.6867261e-04  -2.5914290e-03
  -9.3423297e-03  -4.4189272e-01  -2.0181981e+00   2.1210368e-02  -3.2516339e-06  -1.9107106e-03
   3.2648890e-03  -4.4794683e-01  -2.0533896e+00   2.0173830e-02   1.6010405e-04  -2.0281959e-03
   6.2551637e-02  -3.5126081e-01  -2.8419096e+00   1.7195226e-02  -2.0898180e-03  -1.0527005e-03
   1.9631074e-01  -3.5201823e-01  -3.3846306e+00   7.3912089e-03  -5.4068036e-03  -3.5036320e-03
   1.1896010e-01  -4.1972744e-01  -3.4466467e+00   2.5492085e-03  -2.9634243e-03  -2.3840693e-03
   1.3271775e-01  -3.9552559e-01  -2.0449963e+00   2.7350736e-02  -7.3442276e-03  -2.9014608e-03
   1.1255240e-01  -2.7569400e-01  -2.7724405e+00   1.3119773e-02  -6.1651648e-03  -2.1220912e-03
   1.8536063e-01  -3.5587358e-01  -3.2729905e+00   6.2269501e-03  -7.2477960e-03  -3.0902239e-03
   1.7726616e-01  -3.2563171e-01  -3.2206074e+00   6.3158418e-03  -6.0567415e-03  -3.1860254e-03
   1.7537039e-01  -3.4150965e-01  -3.1947259e+00   6.3724085e-03  -5.7762313e-03  -2.9767488e-03
   2.5114660e-01  -3.7717360e-01  -2.2556848e+00   1.9732997e-02  -6.5184504e-03  -3.2406568e-03
   1.6080536e-01  -3.1397503e-01  -2.9613341e+00   1.0424062e-02  -4.8068390e-03  -2.9559272e-03
   1.7256691e-01  -3.6151381e-01  -2.9141473e+00   1.0501006e-02  -4.2921721e-03  -3.1042033e-03
   1.2974840e-01  -3.2813817e-01  -2.8504095e+00   1.0623564e-02  -4.8242016e-03  -2.3770979e-03
   1.2575381e-01  -3.1796788e-01  -2.9000351e+00   9.2548614e-03  -4.5251809e-03  -2.3779308e-03
   1.3567474e-01  -3.4033793e-01  -2.9064231e+00   8.6630314e-03  -5.4273677e-03  -2.4162047e-03
   1.4639879e-01  -3.3887728e-01  -3.0294572e+00   7.6528407e-03  -4.2092979e-03  -2.8942354e-03
   1.4800133e-01  -4.5601918e-01  -3.6262474e+00   1.4956809e-02   1.5973211e-03  -1.7282131e-03
   7.3247578e-02  -3.1106129e-01  -3.9627594e+00  -1.9673474e-03  -4.4985897e-05  -1.9073256e-03
   7.9761959e-02  -3.2539516e-01  -3.8755174e+00  -1.3597858e-03  -1.4275735e-03  -1.8411203e-03
   6.5613291e-02  -3.0093328e-01  -3.8201225e+00  -1.3537416e-03  -1.8001260e-03  -1.6942938e-03
   8.0488077e-02  -3.0924777e-01  -3.7639909e+00  -4.6078858e-04  -2.3216383e-03  -1.9500275e-03
   7.2391836e-02  -3.1124859e-01  -3.7798094e+00  -9.8639056e-04  -2.6520983e-03  -2.0165862e-03
   7.1549006e-02  -3.2828702e-01  -3.7966217e+00  -1.1008281e-03  -2.4008124e-03  -1.6825669e-03
   8.2671075e-02  -3.2709874e-01  -3.7832510e+00  -5.8112440e-04  -2.6986917e-03  -2.0906463e-03
   7.4067836e-02  -3.1298851e-01  -3.8057214e+00  -6.0452208e-04  -2.5884843e-03  -2.0089859e-03
   7.7897995e-02  -3.0461316e-01  -3.8138187e+00  -1.4151118e-03  -2.2850885e-03  -1.8333736e-03
   6.0083231e-02  -3.2658374e-01  -3.8343549e+00  -1.9656072e-03  -1.7530031e-03  -1.6395700e-03
   7.2321145e-02  -3.1718638e-01  -3.8295801e+00  -2.0064684e-03  -1.7760389e-03  -2.0010581e-03
   7.7363882e-02  -3.4221073e-01  -3.8087752e+00  -6.7723610e-04  -2.1529258e-03  -1.7924562e-03
   7.9550427e-02  -3.3076302e-01  -3.8402914e+00  -1.1733296e-03  -1.7026010e-03  -1.9539453e-03
   6.8812972e-02  -3.0952066e-01  -3.8052267e+00  -1.1796944e-03  -1.8629781e-03  -1.8094046e-03
   6.7756481e-02  -3.0295625e-01  -3.8282939e+00  -1.3355765e-03  -1.5763343e-03  -1.6786492e-03
   7.3655165e-02  -3.2007215e-01  -3.8319481e+00  -2.8016602e-03  -1.0364627e-03  -2.3064852e-03
   9.8297607e-02  -3.3111021e-01  -3.2420570e+00   7.0027220e-04   2.3955879e-04  -1.8979336e-03
   7.6994430e-02  -2.9752906e-01  -3.0775629e+00   8.8893744e-03   2.1873827e-04  -2.1971021e-03
   9.3921710e-02  -3.2408734e-01  -3.0160755e+00   5.8358749e-03  -1.6193651e-03  -2.8426517e-03
   1.4265686e-01  -3.4896295e-01  -2.7156455e+00   1.2764359e-02  -6.6892969e-03  -3.3309411e-03
   1.0809023e-01  -3.6739496e-01  -2.7776708e+00   1.2067004e-02  -6.7060572e-03  -3.0522450e-03
   1.3320845e-01  -3.5682942e-01  -2.7304237e+00   1.0611863e-02  -5.7770091e-03  -2.5427575e-03
   1.7370758e-01  -4.0035153e-01  -2.9322627e+00   9.4330675e-03  -4.8130317e-03  -3.3403442e-03
   1.6512958e-01  -3.4783224e-01  -2.8912982e+00   9.4813516e-03  -4.2308392e-03  -3.0298898e-03
   1.5331119e-01  -3.5215569e-01  -2.8121001e+00   1.0085444e-02  -3.6468167e-03  -2.8940275e-03
   1.3936316e-01  -3.5791816e-01  -2.8941166e+00   9.1050028e-03  -3.0210973e-03  -2.6152004e-03
   1.3246295e-01  -3.3410244e-01  -2.9038819e+00   8.5123493e-03  -3.8906729e-03  -2.6757145e-03
   1.4031206e-01  -3.5410848e-01  -3.0728944e+00   7.3006195e-03  -3.8932201e-03  -2.9634881e-03
   1.2427371e-01  -3.1665545e-01  -2.9521839e+00   6.3852204e-03  -4.8776666e-03  -2.9125158e-03
   1.4933812e-01  -2.9790661e-01  -2.8544218e+00   8.3064690e-03  -1.0930729e-03  -3.9577979e-03
   1.1209052e-01  -3.2832070e-01  -2.9012471e+00   9.3138107e-03  -4.2869914e-03  -2.1233740e-03
   1.1892971e-01  -3.2652863e-01  -2.9250119e+00   7.6731032e-03  -3.9539871e-03  -2.3264575e-03
   1.2960862e-01  -3.2134783e-01  -2.8424943e+00   8.7118365e-03  -4.7515058e-03  -2.3023891e-03
   1.2485888e-01  -3.3449719e-01  -2.9138472e+00   8.5856165e-03  -4.5115829e-03  -2.2541297e-03
   1.4324070e-01  -3.4935321e-01  -2.9303724e+00   8.5052573e-03  -4.4124589e-03  -2.6795452e-03
   1.2341487e-01  -3.1595959e-01  -2.9862923e+00   7.7545810e-03  -4.2281509e-03  -2.5295566e-03
   1.2653307e-01  -3.4374857e-01  -2.9944355e+00   7.3903410e-03  -4.4155249e-03  -2.3449128e-03
   1.4832593e-01  -3.1486655e-01  -3.1003786e+00   1.0138662e-02  -4.1592918e-03  -2.8011408e-03
   1.1536281e-01  -3.2846389e-01  -3.0426792e+00   7.1468043e-03  -2.0229600e-03  -2.2305060e-03
   1.2013582e-01  -3.3344041e-01  -3.0225532e+00   7.1475391e-03  -1.9238475e-03  -2.3746249e-03
   1.2091438e-01  -3.0806618e-01  -3.0222378e+00   6.9936210e-03  -2.2177526e-03  -1.9852733e-03
   1.1097940e-01  -3.5735122e-01  -3.0326928e+00   7.4869102e-03  -1.5323707e-03  -2.1655838e-03
   1.0674655e-01  -3.2369376e-01  -3.0378406e+00   6.5419511e-03  -1.7214832e-03  -2.1283891e-03
   1.1634100e-01  -3.3782460e-01  -3.0244059e+00   6.5372347e-03  -2.1172090e-03  -2.0202376e-03
   1.0404232e-01  -3.2183488e-01  -3.0108847e+00   7.1449227e-03  -2.0497827e-03  -1.8451246e-03
   1.0777949e-01  -3.1274615e-01  -3.0099015e+00   6.7116679e-03  -1.4742703e-03  -2.1285732e-03
   1.2633940e-01  -3.4760640e-01  -2.9988777e+00   7.5491118e-03  -2.4878556e-03  -2.7889510e-03
   9.9269838e-02  -3.0829115e-01  -3.3257725e+00   4.2424691e-03   8.6984606e-04  -2.2620654e-03
   1.0648503e-01  -3.3436793e-01  -3.2797157e+00   4.7909584e-03  -1.9378652e-04  -2.1529264e-03
   1.1994061e-01  -3.3602010e-01  -3.2396572e+00   4.8529062e-03  -1.0458374e-03  -2.4748749e-03
   1.3231113e-01  -3.4877520e-01  -3.2556746e+00   7.6204581e-03  -2.1498708e-03  -2.8078714e-03
   9.7042185e-02  -3.1970285e-01  -3.1391677e+00   7.1904381e-03  -2.4013779e-03  -1.7541349e-03
   1.3275613e-01  -3.2773440e-01  -3.1771707e+00   6.5549866e-03  -3.3869077e-03  -2.4946207e-03
   1.3611349e-01  -3.5347883e-01  -3.2022682e+00   6.8074377e-03  -3.7674640e-03  -2.7735360e-03
   1.1316948e-01  -3.3870998e-01  -3.1318371e+00   7.3843961e-03  -3.4766432e-03  -2.4845223e-03
   1.1843495e-01  -3.4673984e-01  -3.1114708e+00   7.0319965e-03  -3.4351579e-03  -2.4643956e-03
   1.2462697e-01  -3.6356492e-01  -3.0042139e+00   8.0736858e-03  -2.2178320e-03  -2.2935019e-03
   1.3133880e-01  -3.0901156e-01  -3.1692170e+00   6.2320475e-03  -1.8279983e-03  -2.5990061e-03
   1.3607051e-01  -3.5254813e-01  -3.1902094e+00   5.7466637e-03  -2.0394300e-03  -2.4048424e-03
   1.3129954e-01  -3.4514854e-01  -3.2048942e+00   5.5153124e-03  -1.7703088e-03  -2.4791006e-03
   1.1888883e-01  -3.3271089e-01  -3.2394448e+00   5.4308352e-03  -2.1356546e-03  -2.1909300e-03
   1.1606833e-01  -3.2457465e-01  -3.2151311e+00   5.1691251e-03  -2.1388802e-03  -2.3847382e-03
   1.4313512e-01  -3.4783191e-01  -3.2958414e+00   5.5482907e-03  -3.2562430e-03  -2.8012679e-03
   1.0933183e-01  -3.2668798e-01  -3.2458275e+00   4.9212737e-03  -1.2083930e-03  -2.2855151e-03
   1.3309326e-01  -3.1988334e-01  -3.1527576e+00   6.0360030e-03  -2.2036118e-03  -2.6012376e-03
   1.3286239e-01  -3.3954598e-01  -3.1706502e+00   6.0335770e-03  -2.0470368e-03  -2.8387505e-03
   1.3643586e-01  -3.2596974e-01  -3.0825209e+00   6.5997112e-03  -1.8698102e-03  -2.5480198e-03
   1.3638256e-01  -3.4709169e-01  -3.1142592e+00   7.0738818e-03  -1.4286143e-03  -2.7782532e-03
   1.1828753e-01  -3.1397401e-01  -3.1241244e+00   6.1255263e-03  -1.1427876e-03  -2.4917202e-03
   1.3591578e-01  -3.3630735e-01  -3.1564844e+00   5.8464674e-03  -9.8759296e-04  -2.3617030e-03
   1.4226938e-01  -3.1697329e-01  -3.1603329e+00   5.8893806e-03  -1.5725830e-03  -2.5020540e-03
   1.3356414e-01  -3.2603643e-01  -3.1386616e+00   5.8048654e-03  -1.6794722e-03  -2.4998250e-03
   1.3320440e-01  -3.1814614e-01  -3.1569771e+00   5.4104667e-03  -1.7976717e-03  -2.5173069e-03
   1.3732840e-01  -3.3072005e-01  -3.2107360e+00   5.2745983e-03  -1.0808297e-03  -2.5382598e-03
   1.3084308e-01  -3.5751553e-01  -3.3544842e+00   5.3021668e-03  -1.7078684e-03  -2.2839345e-03
   1.3902162e-01  -3.1839849e-01  -3.4933043e+00   3.3200083e-03  -2.0094810e-03  -2.6058392e-03
   1.1731853e-01  -3.0213410e-01  -3.4461248e+00   2.4684552e-03  -1.0986559e-03  -2.4384411e-03
   1.2913534e-01  -3.3900511e-01  -3.4279362e+00   3.6013777e-03  -9.4336727e-04  -2.3064617e-03
   1.4099808e-01  -3.3589314e-01  -3.4413098e+00   3.1793947e-03  -1.2722927e-03  -2.3703781e-03
   1.3015206e-01  -3.1308041e-01  -3.4347070e+00   3.2591886e-03  -1.1792441e-03  -2.3411573e-03
   1.3992436e-01  -3.2042626e-01  -3.4415947e+00   2.4182134e-03  -1.0339511e-03  -2.4268113e-03
   1.3006570e-01  -3.2349163e-01  -3.4356397e+00   2.5628517e-03  -1.5170553e-03  -2.0693613e-03
   1.3002021e-01  -3.2687349e-01  -3.4486356e+00   3.7546476e-03  -1.0829778e-03  -2.3314084e-03
   6.1885023e-02   7.7615445e-01  -2.1235152e+00  -1.5472959e-02   3.6674600e-03   6.6783323e-03
   1.9314385e-01  -1.8649003e-01  -1.0866782e+00   2.8064933e-02   5.0096921e-04  -1.2342602e-03
   1.9258181e-01  -3.2521102e-01  -2.2648928e+00   2.5935005e-02   1.9096991e-03  -2.0736568e-03
   1.4376431e-01  -2.5426662e-01  -3.2612741e+00   1.4061738e-03  -4.5612733e-04  -1.6763776e-03
   1.3854201e-01  -2.7603407e-01  -3.0753485e+00   3.4932435e-03   3.0941646e-04  -1.6612397e-03
   1.4323479e-01  -2.9566372e-01  -3.0534771e+00   4.8304321e-03   8.6678104e-04  -1.2917905e-03
   1.4463030e-01  -2.8072465e-01  -3.0518294e+00   3.5651502e-03   2.5639403e-04  -1.2604015e-03
   1.4458531e-01  -2.8010621e-01  -2.9585509e+00   5.5470093e-03   5.1103445e-05  -1.7592705e-03
   1.3812549e-01  -2.8878287e-01  -2.9915974e+00   5.1054215e-03  -1.1326991e-03  -1.9536710e-03
   1.4758618e-01  -2.9152529e-01  -2.9149463e+00   6.9671411e-03  -1.0818093e-03  -1.9599468e-03
   1.5305502e-01  -3.0743668e-01  -2.8896415e+00   7.9215082e-03  -4.8617660e-04  -2.0854844e-03
   1.5322712e-01  -3.0532998e-01  -2.9077366e+00   6.7036895e-03   3.8358259e-04  -2.1125521e-03
   1.3967253e-01  -2.9696964e-01  -2.8716162e+00   6.8731919e-03   3.8150287e-04  -1.7900083e-03
   1.4122448e-01  -2.9779988e-01  -2.8279808e+00   7.6654633e-03   2.9096012e-04  -1.7634626e-03
   1.4678136e-01  -2.9020103e-01  -2.8264057e+00   7.4886453e-03   7.6083457e-04  -2.1148262e-03
   1.4496470e-01  -2.9731262e-01  -2.8082812e+00   7.8599058e-03  -1.8623934e-05  -1.9149027e-03
   1.4700334e-01  -3.2064618e-01  -2.7902498e+00   8.6240451e-03  -8.6572576e-05  -2.0563351e-03
   1.3118451e-01  -2.9585726e-01  -2.7744693e+00   8.4421101e-03  -4.1440016e-05  -1.7456537e-03
   1.5300592e-01  -3.1247517e-01  -2.7948417e+00   6.5710180e-03   4.8152983e-04  -2.5319427e-03
   1.2626239e-01  -3.3492311e-01  -2.3152561e+00   1.6040565e-02   2.5145157e-03  -1.6544847e-03
   1.3229399e-01  -2.9197287e-01  -2.5259329e+00   1.1575612e-02   1.6029712e-03  -1.9316157e-03
   1.4654434e-01  -3.4210707e-01  -2.4905154e+00   1.2761414e-02   1.2336141e-03  -2.0872022e-03
   1.6107401e-01  -3.0654916e-01  -2.5407661e+00   1.3742872e-02   6.7645346e-04  -2.4397652e-03
   1.4127036e-01  -3.0734792e-01  -2.4961470e+00   1.2459526e-02   6.6133318e-04  -2.1003638e-03
   1.5892013e-01  -3.2315167e-01  -2.5007489e+00   1.1625665e-02  -4.0360084e-04  -2.1277523e-03
   1.5191271e-01  -3.6604592e-01  -2.0406793e+00   2.0534804e-02  -9.2866539e-04  -1.9630971e-03
   1.9888192e-01  -3.1386058e-01  -2.4172058e+00   1.4011351e-02  -7.5690307e-04  -2.7387157e-03
   1.9042901e-01  -3.1460546e-01  -2.5103447e+00   1.2704365e-02  -1.5702850e-03  -2.3231517e-03
   1.7757600e-01  -3.3102729e-01  -2.5186932e+00   1.2913747e-02  -1.1308101e-03  -2.3559374e-03
   1.7718496e-01  -3.3794536e-01  -2.5822299e+00   1.2150499e-02  -1.0980264e-03  -2.3385388e-03
   1.7708313e-01  -3.2099628e-01  -2.5689781e+00   1.2642045e-02   1.5576579e-04  -2.3693436e-03
   1.8963347e-01  -3.5355633e-01  -2.9820681e+00   1.1100852e-02  -8.3729131e-04  -2.9238796e-03
   1.6336033e-01  -3.1154513e-01  -3.0689456e+00   6.5933224e-03  -4.9469604e-04  -2.3964481e-03
   1.6512004e-01  -3.3422355e-01  -2.9869606e+00   6.8589106e-03  -2.4262019e-03  -2.2416188e-03
   1.4444745e-01  -3.2809616e-01  -2.9772600e+00   9.2092177e-03   4.9359143e-05  -2.2237840e-03
   1.6599257e-01  -3.1653180e-01  -2.9074767e+00   7.8429863e-03   1.8308561e-04  -2.5360157e-03
   1.6262447e-01  -3.2522472e-01  -2.8121807e+00   9.1722363e-03   5.4102764e-06  -2.2188976e-03
   1.6346233e-01  -2.9782711e-01  -2.8155471e+00   8.2292173e-03  -6.1944793e-04  -2.1511604e-03
   1.6231864e-01  -3.2553195e-01  -2.8255478e+00   8.8709456e-03  -1.0170732e-03  -2.1350701e-03
   1.6556008e-01  -3.1347030e-01  -2.7967740e+00   8.3614520e-03  -9.5027134e-04  -2.3233815e-03
   1.6319023e-01  -3.2119458e-01  -2.7590843e+00   8.4548909e-03  -6.6542305e-04  -2.3573548e-03
   1.5859055e-01  -2.9556879e-01  -2.7511467e+00   8.9496591e-03  -3.1561461e-04  -2.2708966e-03
   1.6233030e-01  -3.0410796e-01  -2.7435232e+00   7.8404417e-03  -3.5636836e-04  -2.3569082e-03
   1.5376100e-01  -3.2381207e-01  -2.8404637e+00   8.5349166e-03  -1.1089075e-03  -2.4200595e-03
   1.6051972e-01  -3.1387428e-01  -2.7262795e+00   7.7693419e-03  -2.1916401e-03  -2.4615767e-03
   1.9587955e-01  -2.8971510e-01  -2.6298472e+00   1.0334206e-02  -1.4553921e-03  -2.8337089e-03
   1.6921612e-01  -3.0790357e-01  -2.6924901e+00   8.9015348e-03  -7.4795941e-04  -2.3244322e-03
   1.7606303e-01  -3.2912742e-01  -2.6630269e+00   1.0174164e-02  -1.8434621e-03  -2.2565547e-03
   1.8739830e-01  -3.0805945e-01  -2.7760931e+00   8.6575498e-03  -1.3758877e-03  -2.4846017e-03
   1.8151324e-01  -3.1701831e-01  -2.7721769e+00   8.4325761e-03  -1.4384843e-03  -2.5408465e-03
   1.8025997e-01  -3.3339270e-01  -2.7668619e+00   9.3379070e-03  -2.5951308e-03  -2.2955488e-03
   1.6449999e-01  -3.1565237e-01  -2.7815770e+00   8.4985720e-03  -1.5016637e-03  -1.9583159e-03
   1.8854791e-01  -3.3542168e-01  -2.7570291e+00   9.5085680e-03  -2.7538082e-03  -2.4152074e-03
   1.7226673e-01  -2.9908229e-01  -2.7098713e+00   1.0448313e-02  -4.4035618e-03  -2.6465252e-03
   1.6421284e-01  -3.2686660e-01  -2.7299937e+00   1.0748044e-02  -3.1711210e-03  -2.4804473e-03
   1.5064115e-01  -3.3604078e-01  -2.6890343e+00   1.1150761e-02  -3.5460682e-03  -2.1482992e-03
   1.6334714e-01  -3.1902857e-01  -2.7299103e+00   1.0253707e-02  -2.8633058e-03  -2.0511972e-03
   1.7182822e-01  -3.1697443e-01  -2.8284728e+00   8.5521856e-03  -3.2714382e-03  -2.2873088e-03
   1.7201047e-01  -3.1460589e-01  -2.8120386e+00   8.7691529e-03  -2.9682144e-03  -2.1869857e-03
   1.7451549e-01  -3.2486257e-01  -2.8856263e+00   7.9290673e-03  -2.6153864e-03  -2.2116688e-03
   1.6753146e-01  -3.1041447e-01  -2.8362942e+00   7.8837811e-03  -2.6518795e-03  -2.2895259e-03
   1.6866778e-01  -3.1796932e-01  -2.8458291e+00   9.7353522e-03  -2.1861946e-03  -2.3140903e-03
   1.5032080e-01  -3.3002823e-01  -2.8375787e+00   9.8287582e-03  -1.2917911e-03  -1.8764178e-03
   1.6960327e-01  -3.1146606e-01  -2.9746987e+00   1.0401073e-02   4.7847431e-05  -2.4661922e-03
   1.6804668e-01  -2.7375023e-01  -2.9401812e+00   7.7852788e-03   3.3966311e-04  -2.4100252e-03
   1.6901308e-01  -3.0733991e-01  -2.9209978e+00   7.8277806e-03   3.6773464e-04  -2.3117894e-03
   1.7888366e-01  -3.1250482e-01  -2.9167021e+00   8.2349222e-03   5.0329437e-04  -2.2491109e-03
   2.0232430e-01  -3.4139345e-01  -2.6862309e+00   1.5842545e-02  -8.8816745e-04  -2.7854475e-03
   1.7752059e-01  -3.0093427e-01  -2.9969127e+00   8.3541849e-03  -1.2298587e-04  -2.5076482e-03
   1.6665253e-01  -3.2969343e-01  -3.0131561e+00   7.8126733e-03   6.3465176e-05  -2.3777949e-03
   1.8120236e-01  -3.2269773e-01  -3.0103631e+00   7.3317592e-03  -1.1964494e-03  -2.4773556e-03
   1.7622013e-01  -2.9814943e-01  -3.0139497e+00   7.3877176e-03  -1.3840992e-03  -2.4309904e-03
   1.5717192e-01  -3.1834303e-01  -3.0184229e+00   7.5289951e-03  -8.8806335e-04  -2.2396086e-03
   1.4691122e-01  -3.1008875e-01  -3.0305267e+00   6.6845477e-03  -3.1855009e-04  -1.7854896e-03
   1.5921795e-01  -3.0785590e-01  -3.0031872e+00   7.6951123e-03  -2.1812923e-03  -1.9575824e-03
   1.5803225e-01  -2.8069300e-01  -3.0155755e+00   6.4397523e-03  -1.1696081e-03  -1.7721366e-03
   1.6000510e-01  -2.8877369e-01  -3.0296556e+00   6.2030612e-03  -9.1571156e-04  -2.2303799e-03
   1.6115519e-01  -2.8355002e-01  -3.0186015e+00   6.6935222e-03  -1.1831567e-03  -2.0462468e-03
   1.6813024e-01  -3.0404618e-01  -3.0193831e+00   6.6369082e-03  -1.6191028e-03  -2.1588371e-03
   2.0801775e-01   2.3276870e-03  -3.1028333e+00   1.4962871e-03  -3.9045660e-03  -5.7852684e-04
   2.1541347e-01  -1.5577108e-01  -2.5974470e+00   4.2172388e-03  -1.1260378e-02   2.5527335e-03
   2.1306302e-01  -2.6762017e-01  -3.2716328e+00  -2.5821673e-03  -7.6130898e-03  -4.1583070e-03
   2.7119790e-01  -2.9381598e-01  -1.4250930e+00   2.7132652e-02  -5.3694994e-03  -3.8315917e-03
   2.0974226e-01  -2.7932519e-01  -2.0509123e+00   1.4234476e-02  -2.4172979e-03  -2.9361642e-03
   1.8727727e-01  -2.7649487e-01  -2.0802118e+00   1.3718858e-02  -1.9293478e-03  -2.3802465e-03
   1.8162774e-01  -2.6638584e-01  -2.1040305e+00   1.2792175e-02  -2.2813349e-03  -2.0938750e-03
   1.7624213e-01  -2.8140229e-01  -2.1007952e+00   1.2208062e-02  -2.5343131e-03  -1.9739861e-03
   1.3304182e-01  -2.8440026e-01  -2.0488390e+00   1.5024873e-02  -4.4152718e-03  -1.8804242e-03
   1.4586426e-01  -2.6972539e-01  -2.0884299e+00   1.4051778e-02  -2.8914579e-03  -1.9044794e-03
   1.4376519e-01  -2.7739718e-01  -2.0573760e+00   1.4884394e-02  -2.5156457e-03  -1.9493239e-03
   1.3788355e-01  -2.7364466e-01  -2.0734014e+00   1.4232284e-02  -2.6268720e-03  -1.6924585e-03
   1.3993177e-01  -2.8092806e-01  -2.0857636e+00   1.4030096e-02  -2.4986285e-03  -1.8416295e-03
   1.5913261e-01  -2.8881834e-01  -2.2626458e+00   1.2483234e-02  -4.6151719e-03  -2.0758916e-03
   1.5003740e-01  -2.7983883e-01  -2.1399735e+00   1.4738918e-02  -2.8064418e-03  -1.9238726e-03
   1.4162336e-01  -2.7425294e-01  -2.1388327e+00   1.3462873e-02  -2.3493274e-03  -1.8292185e-03
   1.4295386e-01  -3.0494125e-01  -2.0070917e+00   1.6213964e-02  -3.0586536e-03  -2.0436352e-03
   1.4573277e-01  -2.5389501e-01  -2.1044485e+00   1.4102532e-02  -3.0562491e-03  -2.0545082e-03
   1.5252029e-01  -2.9795822e-01  -2.1439176e+00   1.4015154e-02  -3.1930487e-03  -1.8360219e-03
   1.6004381e-01  -3.1217351e-01  -2.2712960e+00   1.2044597e-02  -2.8009276e-03  -2.1006772e-03
   1.6730343e-01  -2.8485654e-01  -2.0683583e+00   1.3819705e-02  -1.4244361e-03  -2.2144046e-03
   1.7152681e-01  -3.1784994e-01  -2.0688709e+00   1.4178314e-02  -1.4931267e-03  -2.2898086e-03
   1.6294060e-01  -2.7891888e-01  -2.0487000e+00   1.4536928e-02  -1.6308616e-03  -2.0305153e-03
   1.6170266e-01  -3.1169622e-01  -2.0390988e+00   1.4399493e-02  -1.4747754e-03  -2.1974659e-03
   1.8239242e-01  -2.7607596e-01  -2.0783757e+00   1.3150132e-02  -2.3512423e-03  -2.4651778e-03
   1.7594480e-01  -2.8804662e-01  -2.0634198e+00   1.3518533e-02  -2.3166168e-03  -2.3909858e-03
   1.6673392e-01  -2.8123804e-01  -2.0454507e+00   1.4525845e-02  -2.2027000e-03  -1.9516422e-03
   1.7537622e-01  -3.0698116e-01  -2.1413980e+00   1.3927487e-02  -1.7822406e-03  -2.2685168e-03
   1.7834690e-01  -3.0154968e-01  -2.1246637e+00   1.3616903e-02  -1.3942850e-03  -2.3447738e-03
   1.6837702e-01  -2.7580816e-01  -2.1355021e+00   1.3745478e-02  -2.0482939e-03  -2.0406073e-03
   1.7688696e-01  -2.8070736e-01  -2.1518094e+00   1.3487243e-02  -1.6759736e-03  -2.2377653e-03
   1.7603202e-01  -2.8897558e-01  -2.1618220e+00   1.3078198e-02  -1.7814981e-03  -2.4234364e-03
   1.7037067e-01  -2.8611351e-01  -2.1782676e+00   1.2433396e-02  -1.1931037e-03  -2.1557269e-03
   1.8453279e-01  -2.8743257e-01  -2.0416552e+00   1.5287659e-02  -3.7435338e-04  -2.2992928e-03
   1.7304283e-01  -2.7223228e-01  -2.0382931e+00   1.5153590e-02  -3.8225412e-04  -2.3393709e-03
   1.8905246e-01  -2.9309179e-01  -2.0393887e+00   1.5051571e-02  -4.7538541e-04  -2.5502097e-03
   1.8950116e-01  -2.8217520e-01  -2.0795602e+00   1.5820336e-02  -8.1865790e-04  -2.3256331e-03
   1.7597625e-01  -2.8328964e-01  -2.0390727e+00   1.5305355e-02  -6.8603620e-04  -2.1111595e-03
   1.4678497e-01  -2.8800834e-01  -2.7104283e+00   5.7876307e-03   1.2998704e-03  -2.1219381e-03
   1.8445089e-01  -2.7239132e-01  -2.7336413e+00   9.0147391e-03  -1.8972911e-03  -2.4495313e-03
   1.2227006e-01  -2.6316397e-01  -2.5586737e+00   1.0281324e-02   1.8596658e-03  -1.4921769e-03
   1.4677444e-01  -2.5783527e-01  -2.6060747e+00   8.8821343e-03   1.5094582e-03  -1.4754971e-03
   1.3969875e-01  -3.3581855e-01  -1.9958266e+00   1.7605475e-02  -1.9421328e-03  -1.5135543e-03
   1.7060803e-01  -3.2011695e-01  -2.1701288e+00   1.7463872e-02  -2.2468597e-03  -2.5984208e-03
   1.3869142e-01  -3.5115981e-01  -2.1295098e+00   1.9564683e-02  -2.8008982e-03  -2.0416661e-03
   1.1176604e-01  -3.8694394e-01  -2.5176573e+00   1.6840152e-02  -2.6318236e-03  -1.9082382e-03
   1.7906783e-01  -3.5669159e-01  -2.7250742e+00   1.2048927e-02  -1.2256463e-03  -1.8513296e-03
   1.7639338e-01  -3.8633483e-01  -2.6724873e+00   1.2989492e-02  -2.2249253e-03  -1.8141146e-03
   1.7613392e-01  -3.7014482e-01  -2.7194496e+00   1.3176932e-02  -1.6841796e-03  -1.9847139e-03
   1.7188953e-01  -3.6555603e-01  -2.7338870e+00   1.1403264e-02  -1.5399771e-03  -1.8622915e-03
   1.5446035e-01  -3.7214613e-01  -2.6735557e+00   1.1532659e-02  -1.0944471e-03  -1.4787655e-03
   1.5312081e-01  -3.5233278e-01  -2.6628486e+00   1.1732250e-02  -1.2069008e-03  -1.6310909e-03
   1.6111518e-01  -3.4063990e-01  -2.6537864e+00   1.0964427e-02  -1.6501335e-03  -1.7362268e-03
   1.5748940e-01  -3.2404726e-01  -2.6615105e+00   1.0732593e-02  -1.6466145e-03  -1.5553013e-03
   1.5836311e-01  -3.3156186e-01  -2.6598623e+00   1.1468454e-02  -1.1216338e-03  -1.6127442e-03
   1.4775731e-01  -3.2257794e-01  -2.6616729e+00   1.0449736e-02  -1.0266122e-03  -1.6946034e-03
   1.5761832e-01  -3.2840939e-01  -2.6468261e+00   1.2028371e-02  -1.5736130e-03  -1.5945350e-03
   1.5589890e-01  -3.2171316e-01  -2.6724355e+00   1.0462028e-02  -1.8189795e-03  -1.4559605e-03
   1.5792692e-01  -3.3470517e-01  -2.6476541e+00   1.1042665e-02  -1.6320633e-03  -1.7378630e-03
   1.5184893e-01  -3.3460373e-01  -2.5831927e+00   1.1626310e-02  -1.7893555e-03  -1.4936940e-03
   1.5999258e-01  -3.5840941e-01  -2.5527561e+00   1.1966744e-02  -1.8270388e-03  -1.5801011e-03
   1.5308914e-01  -3.2539617e-01  -2.5721348e+00   1.1044825e-02  -1.8009912e-03  -1.4159903e-03
   1.6025604e-01  -3.3792014e-01  -2.5911505e+00   1.1361832e-02  -1.3436421e-03  -1.5700028e-03
   1.6399084e-01  -3.2780966e-01  -2.5959427e+00   1.0536177e-02  -2.1225779e-03  -1.5408771e-03
   1.6163483e-01  -3.3135821e-01  -2.6517045e+00   1.1533464e-02  -2.1719464e-03  -1.7011442e-03
   1.6101816e-01  -3.2512973e-01  -2.6637380e+00   1.0676432e-02  -1.8085173e-03  -1.4820593e-03
   1.6064104e-01  -3.1791325e-01  -2.6561019e+00   1.0980436e-02  -1.9988958e-03  -1.4322221e-03
   1.6451892e-01  -3.0676482e-01  -2.6507335e+00   1.0855273e-02  -1.9059552e-03  -1.7461495e-03
   1.8252947e-01  -3.3476996e-01  -2.7703502e+00   9.4611294e-03  -8.2438092e-04  -1.8598107e-03
   1.7357081e-01  -3.2635405e-01  -2.6365061e+00   9.8232872e-03  -1.8547384e-03  -2.2808832e-03
   2.0438848e-01  -3.4174321e-01  -2.5335053e+00   1.2232592e-02  -1.1086226e-03  -2.3759088e-03
   1.9383263e-01  -3.2274694e-01  -2.5718992e+00   1.1794867e-02  -1.7205687e-03  -2.3668030e-03
   1.9102427e-01  -3.4464194e-01  -2.5407998e+00   1.2067404e-02  -2.7066089e-03  -1.9852703e-03
   1.7168780e-01  -3.1866124e-01  -2.5540910e+00   1.2031106e-02  -2.9309581e-03  -1.5356131e-03
   1.9443227e-01  -3.4915417e-01  -2.5797162e+00   1.1559554e-02  -2.4037907e-03  -2.0346906e-03
   1.8302029e-01  -3.0013223e-01  -2.5707565e+00   1.1202238e-02  -2.4353847e-03  -2.2471398e-03
   1.8478145e-01  -3.0912301e-01  -2.5372206e+00   1.1668280e-02  -2.8336881e-03  -2.1687963e-03
   1.6890635e-01  -3.3704308e-01  -2.5578199e+00   1.1841045e-02  -2.8722027e-03  -1.4949880e-03
   1.7099466e-01  -3.3407062e-01  -2.5919565e+00   1.1450661e-02  -1.6830469e-03  -1.9859404e-03
   1.6130566e-01  -3.1978813e-01  -2.6141003e+00   1.1198953e-02  -1.9949811e-03  -1.7762651e-03
   1.6895555e-01  -3.3467616e-01  -2.5984888e+00   1.1710652e-02  -1.9535412e-03  -1.8182513e-03
   1.7996849e-01  -3.1210860e-01  -2.5996667e+00   1.1701096e-02  -1.7119434e-03  -2.0067740e-03
   1.6762841e-01  -3.0035271e-01  -2.6074431e+00   1.0842736e-02  -1.8097084e-03  -1.7016583e-03
   1.7174894e-01  -3.2933781e-01  -2.6722874e+00   1.1786557e-02  -2.6136287e-03  -1.9106951e-03
   1.7084980e-01  -3.1921340e-01  -2.5931931e+00   1.2043722e-02  -1.7127609e-03  -1.6705368e-03
   1.7836182e-01  -3.0922461e-01  -2.5871243e+00   1.1287593e-02  -1.8671709e-03  -1.6451786e-03
   1.8587232e-01  -3.5923244e-01  -2.5880819e+00   1.2667424e-02  -2.3401833e-03  -2.0243658e-03
   1.6317794e-01  -3.0991385e-01  -2.6093443e+00   1.1302229e-02  -1.5843443e-03  -1.5824602e-03
   1.6876379e-01  -3.2595272e-01  -2.5798661e+00   1.1830989e-02  -1.5258715e-03  -1.6366214e-03
   1.6501874e-01  -3.1922357e-01  -2.5916018e+00   1.1775519e-02  -1.4479860e-03  -1.5651798e-03
   1.7993239e-01  -3.4271137e-01  -2.6016970e+00   1.1493456e-02  -2.1006015e-03  -1.6472951e-03
   1.7760283e-01  -3.4207784e-01  -2.6271269e+00   1.2584399e-02  -2.8468289e-03  -1.5698708e-03
   1.8412999e-01  -3.3056209e-01  -2.6366412e+00   1.1940810e-02  -2.5009870e-03  -2.1353615e-03
   1.7376835e-01  -3.1222847e-01  -2.6235339e+00   1.1484573e-02  -2.4506507e-03  -2.1266583e-03
   1.9114417e-01  -3.2150681e-01  -2.6338580e+00   1.0944227e-02  -2.5082170e-03  -1.9097101e-03
   1.8266013e-01  -3.2631725e-01  -2.6063275e+00   1.1571900e-02  -2.5989312e-03  -2.0745676e-03
  -1.2566807e-02  -7.1830441e-02  -2.6362448e+00  -2.4102778e-03   1.7008284e-02  -2.4683247e-03
   2.0435313e-01  -3.2895730e-01  -2.5268155e+00   1.3128679e-02  -1.9667944e-03  -1.9301036e-03
   1.7680178e-01  -3.1736784e-01  -2.7681604e+00   1.2711387e-02  -2.5018432e-03  -2.1865965e-03
   1.9653436e-01  -3.2528085e-01  -2.6671952e+00   1.0773738e-02  -3.0169903e-03  -2.3705189e-03
   1.9186035e-01  -3.3890830e-01  -2.5869084e+00   1.1757596e-02  -3.2239864e-03  -2.4898096e-03
   1.8490128e-01  -3.2839081e-01  -2.5923132e+00   1.2077512e-02  -3.4565937e-03  -2.1930545e-03
   1.8592177e-01  -3.3552842e-01  -2.6117065e+00   1.1224928e-02  -3.7657608e-03  -1.7226173e-03
   1.7531785e-01  -3.1810957e-01  -2.6129293e+00   1.1403112e-02  -3.6878850e-03  -1.9427002e-03
   1.8432993e-01  -3.1335998e-01  -2.5981474e+00   1.1026809e-02  -3.0271884e-03  -2.0061800e-03
   1.7373485e-01  -3.1807613e-01  -2.6004173e+00   1.1472329e-02  -3.3392787e-03  -1.8423158e-03
   1.8461948e-01  -2.5418725e-01  -2.3963640e+00   9.9929337e-03  -3.9811443e-03  -2.3789031e-03
   2.3133479e-01  -3.0952626e-01  -3.1656657e+00   5.0395806e-03   3.2916389e-03  -3.2409311e-03
   2.2310094e-01  -3.1679330e-01  -2.7714075e+00   9.4091877e-03   2.8452033e-03  -2.9351608e-03
   2.1044978e-01  -3.0567978e-01  -2.7052256e+00   9.5843228e-03   1.7193307e-03  -2.8720314e-03
   2.0757817e-01  -3.3465638e-01  -2.6198953e+00   1.1143016e-02   1.4371266e-03  -2.7667794e-03
   2.0453254e-01  -3.1513744e-01  -2.6449583e+00   1.0062708e-02   4.9920379e-04  -2.6092294e-03
   2.0931199e-01  -3.2001557e-01  -2.5719470e+00   1.0946536e-02   5.4523300e-04  -2.7747717e-03
   2.1531858e-01  -3.1621879e-01  -2.5714314e+00   1.1806836e-02  -1.6255575e-04  -2.8212717e-03
   2.0245028e-01  -3.1041252e-01  -2.5346010e+00   1.1237793e-02   3.1334670e-04  -2.7642940e-03
   2.0325617e-01  -3.1547373e-01  -2.5195088e+00   1.1323542e-02   1.2512818e-04  -2.6485950e-03
   2.0429165e-01  -3.1527257e-01  -2.5324340e+00   1.1592150e-02  -2.7056912e-05  -2.8406231e-03
   1.9516977e-01  -3.2053802e-01  -2.5183416e+00   1.1777470e-02  -6.9846096e-05  -2.7111972e-03
   2.0256367e-01  -3.0271184e-01  -2.5465359e+00   1.1039319e-02  -2.0689254e-04  -2.8806885e-03
   2.0831445e-01  -3.1216491e-01  -2.5157868e+00   1.1510209e-02   3.5776495e-05  -2.9141761e-03
   2.5104405e-01  -3.2109553e-01  -2.4373971e+00   1.3153882e-02   9.5882958e-04  -3.6682020e-03
   3.8837481e-01   1.4860844e-02  -2.4849882e+00  -5.2013240e-03  -9.2943885e-03  -2.8769153e-03
  -4.3145810e-03  -2.1795053e-01  -2.7996274e-01   1.6316091e-02  -6.4647370e-03  -3.0274153e-03
  -9.3699055e-02  -3.8010750e-01  -1.4986820e+00   4.9234523e-03  -1.5039908e-03  -1.5454323e-03
   1.5186738e-01  -3.0059104e-01  -3.2636729e+00   8.8798610e-03  -1.0777285e-03  -1.6353991e-03
   1.6923511e-01  -2.0946033e-01  -3.6998942e+00  -1.0703404e-04   5.8774713e-04  -1.5524234e-03
   1.7431334e-01  -2.1241100e-01  -3.6349251e+00  -2.4505745e-03  -9.5196169e-04  -1.7088332e-03
   1.6919070e-01  -2.3553551e-01  -3.5185951e+00  -1.0044749e-03  -1.0415270e-03  -1.8890518e-03
   1.4807594e-01  -2.5380602e-01  -3.5619343e+00  -2.1599185e-03  -1.2192663e-03  -1.6194067e-03
   1.4333382e-01  -2.3669693e-01  -3.1768358e+00   3.0521020e-04   2.2446305e-03  -1.2408225e-03
   1.3698461e-01  -2.3686782e-01  -3.2800316e+00  -1.1517608e-04   2.6984865e-03  -1.2344157e-03
   1.4542100e-01  -2.3976743e-01  -3.4219502e+00  -1.8540777e-03   2.8158767e-03  -1.0593655e-03
   1.3370502e-01  -2.1614689e-01  -3.3677366e+00  -3.9928431e-04   2.2209738e-03  -1.1339139e-03
   1.2258288e-01  -2.3097441e-01  -3.3950258e+00   1.4734561e-05   2.1936078e-03  -7.7095483e-04
   1.1335475e-01  -2.3111679e-01  -3.4395740e+00  -7.9616395e-04   2.6525175e-03  -6.9458299e-04
   9.9614192e-02  -2.1137491e-01  -3.4050885e+00  -3.2388896e-03   4.8618803e-03  -1.5985665e-03
   1.4630839e-01  -2.0664021e-01  -3.3298398e+00  -1.6547665e-02  -1.7560420e-03  -1.1694271e-03
   2.2760696e-01  -1.5754464e-01  -8.0039680e-01   1.7849168e-02  -1.0819030e-02  -1.0210153e-03
   2.3009494e-01  -3.2666913e-01  -2.4147341e+00   1.0022422e-02  -1.8870838e-03  -1.8718187e-03
   2.8121522e-01  -2.9514774e-01  -2.1039815e+00   1.2678233e-02  -9.0770813e-03  -3.0612905e-03
   2.5590335e-01  -2.8466970e-01  -2.0229261e+00   1.2308996e-02  -8.9680923e-03  -2.7756777e-03
   2.5276841e-01  -2.8361225e-01  -1.9700353e+00   1.2534548e-02  -8.9814143e-03  -3.1608068e-03
   2.5105126e-01  -2.7802896e-01  -1.9082725e+00   1.2755125e-02  -9.3828674e-03  -2.8977723e-03
   2.2752671e-01  -2.9347393e-01  -1.8923035e+00   1.2479501e-02  -8.8895943e-03  -2.7574384e-03
   2.4075901e-01  -2.8260268e-01  -1.8212350e+00   1.3390214e-02  -9.2381398e-03  -2.8688623e-03
   2.4621097e-01  -2.6774371e-01  -1.8412048e+00   1.3309846e-02  -9.4960925e-03  -2.7881165e-03
   2.1863186e-01  -2.8631693e-01  -1.9759816e+00   1.5149289e-02  -8.6765522e-03  -2.6445248e-03
   2.1079130e-01  -1.9775036e-01  -1.7528496e+00  -2.0882468e-05  -4.1744246e-03  -1.6176102e-03
   2.4742477e-01  -1.7247161e-01  -2.2663438e-01   2.6911618e-02  -6.9391537e-03  -3.2497275e-03
   1.2486722e-01   1.5536511e-01   2.3945012e+00   4.3819685e-02  -3.6942810e-03  -7.5054252e-04
   2.6217591e-01  -1.9526941e-01  -9.2575400e-01   2.2826027e-02   7.5637308e-03  -1.9099824e-03
   2.2017944e-01  -1.8409828e-01  -1.0384564e+00   2.0473346e-02   7.4101113e-03  -1.6272698e-03
   2.0421071e-01  -2.2652746e-01  -1.0376043e+00   2.1402792e-02   6.3584751e-03  -1.9818980e-03
   2.0157555e-01  -1.9284523e-01  -8.9705696e-01   2.2081295e-02   6.8439212e-03  -1.8257306e-03
   2.0577067e-01  -2.0751713e-01  -8.8908549e-01   2.2829024e-02   6.2831112e-03  -2.1931971e-03
   2.1149447e-01  -2.0972973e-01  -8.7211187e-01   2.3161264e-02   6.1180966e-03  -2.1904506e-03
   2.0526566e-01  -2.2114523e-01  -9.1347863e-01   2.2756421e-02   6.0472587e-03  -1.9775157e-03
   2.3840981e-01  -2.3483929e-01  -9.3836276e-01   1.6611092e-02   2.6613675e-03  -3.7387423e-03
   2.1094341e-01  -2.0215523e-01  -1.8733691e+00   9.5702426e-04  -1.8122994e-03  -3.0650058e-03
   3.3032342e-01  -2.2008942e-01  -1.4054943e+00   2.2917296e-02  -1.2701175e-03  -4.4246839e-03
