Pre_Conditioning,Test_Conditioning,Pre_Control,Test_Control,Delta_Conditioning,Delta_Control
0.325791395017599,0.485636575418511,0.387726564553585,0.263284830884516,0.159845180400911,-0.124441733669069
0.246583985812899,0.493042033580519,0.393876806617738,0.257563436156007,0.24645804776762,-0.136313370461731
0.226841260549317,0.272435562874756,0.316931425563788,0.256847870589004,0.0455943023254386,-0.0600835549747845
0.308116926402407,0.403869877866718,0.296430625995518,0.227309016021437,0.0957529514643112,-0.0691216099740812
0.36839029233932,0.464784444332061,0.394526729463948,0.262136338997726,0.0963941519927412,-0.132390390466221
0.393075698769186,0.562209825213581,0.39670097332696,0.309500277390226,0.169134126444395,-0.0872006959367345
0.394019259536056,0.490661992239671,0.411579237212196,0.317353219170247,0.0966427327036147,-0.094226018041949
0.392852921869318,0.555768418587501,0.288073927780109,0.321660158656347,0.162915496718183,0.0335862308762381
0.343024334731234,0.304478175683487,0.285990140298972,0.236977348568062,-0.0385461590477472,-0.0490127917309099
0.241079511571002,0.376464411756975,0.323547616527647,0.232828274879338,0.135384900185973,-0.0907193416483086
0.260960275629286,0.222666134484365,0.33909187763328,0.310139061895889,-0.0382941411449209,-0.0289528157373913
0.360395954217448,0.525840239905988,0.445624785530468,0.331513456024486,0.16544428568854,-0.114111329505982
0.333379604476663,0.544494896069489,0.441326130130288,0.254818755945461,0.211115291592826,-0.186507374184828
0.32586151288749,0.437200688694543,0.347228222076868,0.275421728522772,0.111339175807052,-0.0718064935540957
0.220879221651526,0.432648882543321,0.273522504814593,0.255678213866439,0.211769660891795,-0.0178442909481535
0.315141030945568,0.44950506601122,0.319387971517218,0.261607587958819,0.134364035065652,-0.0577803835583982
0.281133625164299,0.352695169451004,0.258139615093554,0.275027082286714,0.0715615442867049,0.01688746719316
0.230103008304943,0.434142657753533,0.295359657784754,0.336344167371388,0.20403964944859,0.0409845095866338
0.346072624778474,0.535534597277532,0.276704889088888,0.271708030175077,0.189461972499058,-0.00499685891381058
0.247012632288953,0.319769168118225,0.344520862842018,0.278453912038182,0.0727565358292716,-0.0660669508038359
0.305715693896151,0.371908607433783,0.310174892103911,0.322424661718139,0.0661929135376321,0.0122497696142285
0.261766022133965,0.480020814568112,0.287613852921148,0.322332847350989,0.218254792434147,0.0347189944298403
0.24908922299983,0.275799404005646,0.330523634340415,0.298320574546487,0.0267101810058155,-0.0322030597939284
0.336680507078736,0.295323567716589,0.273259472234899,0.224138114795897,-0.0413569393621472,-0.0491213574390023
0.269539858293063,0.440319075273699,0.247170192727481,0.19983451546252,0.170779216980635,-0.0473356772649612
0.27676217934294,0.368655266836576,0.233359847147029,0.240186867547029,0.0918930874936354,0.0068270204000008
0.282520609291514,0.314599363417133,0.28741991030174,0.282334942386897,0.032078754125619,-0.00508496791484297
0.237268078712209,0.221479375295477,0.329235361030781,0.249564135542592,-0.0157887034167315,-0.0796712254881898
0.271963421255984,0.346651671860913,0.293924613059607,0.362789568239261,0.0746882506049288,0.0688649551796534
0.216813292435358,0.31867857966905,0.227826420403603,0.301538752662248,0.101865287233692,0.0737123322586453
0.238077119828958,0.394190975321641,0.349048161162723,0.298513894542982,0.156113855492683,-0.0505342666197411
0.239945787337051,0.387078778689444,0.270717667942019,0.28600831030739,0.147132991352394,0.0152906423653714
0.290038830902759,0.374678657947842,0.272254430866224,0.326606178966736,0.0846398270450828,0.054351748100512
0.244276426712846,0.385807393705333,0.223698725161089,0.292684706718501,0.141530966992487,0.0689859815574117
0.298179070012683,0.420385938969802,0.274510332270544,0.303542539818528,0.122206868957119,0.0290322075479838
0.332992397241628,0.422857816087096,0.276573654696773,0.317378566552026,0.0898654188454683,0.0408049118552528
0.262187861029346,0.374767860116082,0.297078738954802,0.251648078518301,0.112579999086736,-0.0454306604365009
0.310400687397604,0.403120402585041,0.279696301966747,0.285332922682924,0.0927197151874373,0.00563662071617765
0.287878760134994,0.454162844276463,0.28105089431684,0.235268447641428,0.166284084141469,-0.0457824466754118
0.213590098838757,0.506097285990506,0.33447917027145,0.284157239478809,0.292507187151749,-0.0503219307926414
0.235218339578908,0.514934726036751,0.27372361224373,0.360424803979854,0.279716386457843,0.0867011917361235
0.296477117365069,0.478318921034084,0.333642422803327,0.217069192526232,0.181841803669016,-0.116573230277096
0.292727670474439,0.464763584990531,0.266931052005372,0.26453998749815,0.172035914516092,-0.00239106450722237
0.211212015776873,0.390512817365565,0.331441386301394,0.253494993521438,0.179300801588693,-0.0779463927799551
0.248298267314834,0.521758994988614,0.37620544871975,0.249633801186622,0.27346072767378,-0.126571647533128
0.258733972657712,0.52530340492531,0.36441013694692,0.213168460887245,0.266569432267598,-0.151241676059674
0.198000742080904,0.432170948216968,0.278145556014015,0.219281567477586,0.234170206136064,-0.0588639885364289
0.254394884964138,0.406508471611972,0.251964477255421,0.296914962879532,0.152113586647835,0.044950485624111
0.289006283202679,0.465391629996926,0.397386147725994,0.247647653531186,0.176385346794247,-0.149738494194808
0.26675074639461,0.437848008153221,0.394879251124312,0.227907903753267,0.171097261758611,-0.166971347371045
0.264302232855469,0.501357873865639,0.312180281226281,0.247828805083723,0.237055641010171,-0.064351476142558
0.367674208539728,0.500114672611393,0.44843096945353,0.299287695197614,0.132440464071664,-0.149143274255916
0.330692405452339,0.487582595022597,0.390389938866618,0.256750787388321,0.156890189570258,-0.133639151478296
0.246583985812899,0.448463164046383,0.396693796965006,0.255857312562961,0.201879178233483,-0.140836484402046
0.227892450077791,0.272435562874756,0.321248722974372,0.253147213164794,0.044543112796965,-0.0681015098095779
0.297358575086925,0.403869877866718,0.30322727309054,0.229820166901859,0.106511302779794,-0.0734071061886805
0.358820939104353,0.466608065600973,0.394526729463948,0.265748120931534,0.10778712649662,-0.128778608532414
0.381434509999703,0.522932860159775,0.374649144416097,0.312495924557544,0.141498350160072,-0.0621532198585523
0.383712078320317,0.478936691966359,0.414363653298346,0.311937090550958,0.0952246136460418,-0.102426562747388
0.361650860795221,0.558119903222393,0.278504016358042,0.32758920087359,0.196469042427172,0.0490851845155481
0.314794117269662,0.304478175683487,0.293620878602214,0.239198696119734,-0.0103159415861759,-0.0544221824824793
0.24224067069931,0.355988924237124,0.308695477292206,0.230556085101675,0.113748253537813,-0.0781393921905313
0.263825460184256,0.234531998966789,0.304906146250186,0.309674881895124,-0.0292934612174674,0.00476873564493818
0.340541300410646,0.526967867425077,0.426712373951228,0.337085005243697,0.186426567014431,-0.0896273687075309
0.338832052742728,0.547750538032157,0.441326130130288,0.257886687194669,0.208918485289429,-0.18343944293562
0.328558097858726,0.44239189220593,0.333172656283202,0.270251803587824,0.113833794347204,-0.0629208526953777
0.222597991653007,0.436062115401192,0.277771743511019,0.258620369272169,0.213464123748185,-0.0191513742388509
0.318469454522164,0.453009321608777,0.312519057368611,0.266600230629065,0.134539867086613,-0.0459188267395455
0.285975009111766,0.372156618143779,0.262577609619631,0.278706728212061,0.0861816090320121,0.0161291185924301
0.233069298145735,0.436688961398247,0.291651045952628,0.340615166659918,0.203619663252512,0.0489641207072899
0.348815854150324,0.540669793861079,0.280102156013544,0.276741400309405,0.191853939710756,-0.00336075570413874
0.2504379828384,0.332086899171866,0.349558572791788,0.258415108945666,0.081648916333466,-0.0911434638461217
0.312523163993597,0.37416612205341,0.317240520692148,0.330672499769897,0.0616429580598126,0.0134319790777496
0.266439111124064,0.480362209954192,0.290861655256413,0.328070927822523,0.213923098830127,0.0372092725661107
0.242520607033934,0.273947739940035,0.322863389528634,0.303905883076533,0.0314271329061019,-0.0189575064521008
0.342457076593945,0.309162667611642,0.278424335372803,0.224138114795897,-0.0332944089823026,-0.054286220576906
0.275082501639594,0.444577520079529,0.251068293072145,0.202897821839006,0.169495018439934,-0.0481704712331386
0.268396712162627,0.373974908024889,0.230502461233566,0.245304019857427,0.105578195862261,0.014801558623861
0.282520609291514,0.338818624519619,0.292882354981024,0.284906793951232,0.0562980152281055,-0.00797556102979163
0.241817430282645,0.233301186875364,0.315147485911602,0.239152494511953,-0.00851624340728113,-0.0759949913996491
0.275311078702775,0.338807803161817,0.293924613059607,0.366258694401592,0.0634967244590414,0.0723340813419848
0.214698668023592,0.301373686169371,0.230834644946438,0.289675047688683,0.0866750181457795,0.0588404027422452
0.238077119828958,0.399706397178406,0.349048161162723,0.276888501534571,0.161629277349448,-0.0721596596281522
0.23784746066348,0.407028728531689,0.276011791454822,0.287277336613887,0.169181267868209,0.011265545159065
0.290038830902759,0.301416016469237,0.277944396639102,0.306718890700359,0.0113771855664783,0.0287744940612573
0.231260827557593,0.363760742348567,0.207581415371506,0.280459040667216,0.132499914790973,0.0728776252957109
0.303156886656605,0.425777780400668,0.279694698421771,0.281747356664906,0.122620893744062,0.00205265824313483
0.300475258709587,0.387750456910167,0.283888396551052,0.323360544628796,0.0872751982005793,0.0394721480777434
0.268858458859929,0.379030270806286,0.279186860429297,0.258145598832999,0.110171811946356,-0.021041261596298
0.317177034692351,0.408252488245083,0.280372634574317,0.290741408987955,0.0910754535527322,0.0103687744136377
0.292390594627526,0.45854168072894,0.283600458275977,0.239607477662595,0.166151086101415,-0.043992980613382
0.206841850279616,0.509653366403182,0.33447917027145,0.289791642166072,0.302811516123566,-0.0446875281053778
0.235218339578908,0.490488062447107,0.275891608454054,0.360424803979854,0.255269722868199,0.0845331955257995
0.303173604790708,0.464490346993218,0.321623076920025,0.213950084955526,0.16131674220251,-0.107672991964498
0.291335695162989,0.470101512472332,0.259239043097445,0.268645438676183,0.178765817309343,0.00940639557873862
0.215042887717747,0.393190435169928,0.335224550697792,0.253494993521438,0.178147547452181,-0.0817295571763536
0.248298267314834,0.524177558639328,0.349958451822348,0.249633801186622,0.275879291324494,-0.100324650635725
0.258733972657712,0.528011191594647,0.36441013694692,0.213168460887245,0.269277218936935,-0.151241676059674
0.201734665248747,0.437832279973446,0.279776996966687,0.221857050607911,0.236097614724699,-0.0579199463587758
0.258188820136539,0.423440848705716,0.251964477255421,0.217795265238043,0.165252028569177,-0.0341692120173783
0.289006283202679,0.461021187474564,0.374712864232785,0.247647653531186,0.172014904271885,-0.1270652107016
0.26675074639461,0.444081234550647,0.394879251124312,0.225598342418218,0.177330488156036,-0.169280908706093
0.264302232855469,0.505252664660544,0.312180281226281,0.244277701140499,0.240950431805075,-0.0679025800857823
0.367674208539728,0.510179532523257,0.44843096945353,0.302326294750761,0.142505323983528,-0.14610467470277
0.332174328878684,0.494897355773091,0.391677769418827,0.253661328341665,0.162723026894407,-0.138016441077162
0.247713442208122,0.454267993295868,0.400528645447651,0.249737098298445,0.206554551087746,-0.150791547149206
0.224053641204887,0.272435562874756,0.32470549579614,0.256601301460203,0.0483819216698689,-0.0681041943359371
0.300832964526367,0.403869877866718,0.308145473207264,0.231665304683947,0.103036913340351,-0.0764801685233174
0.332482927704079,0.456734551651798,0.381885483962266,0.251931125569171,0.12425162394772,-0.129954358393095
0.384816100050632,0.522932860159775,0.381584740226822,0.295661734670085,0.138116760109144,-0.0859230055567367
0.386127529900742,0.485110920998057,0.416902454018343,0.315305032401066,0.0989833910973149,-0.101597421617277
0.334034316336113,0.561322766591716,0.279472122487954,0.331929992422623,0.227288450255604,0.0524578699346691
0.317923801426839,0.30359200311024,0.292059754800557,0.241819780198312,-0.0143317983165994,-0.050239974602245
0.231708082848151,0.37188289164197,0.31294330718504,0.225153775743552,0.14017480879382,-0.0877895314414872
0.259786569195796,0.227061401659842,0.306078167608403,0.311835599368348,-0.0327251675359547,0.00575743175994531
0.343499477139968,0.531625571913022,0.42902514960208,0.330398376798468,0.188126094773054,-0.0986267728036118
0.341113948907583,0.553581757904702,0.442721099700633,0.256058173095644,0.212467808997119,-0.186662926604989
0.331278346978046,0.448077181652732,0.336476924989144,0.275110699689318,0.116798834674686,-0.0613662252998265
0.223370678246139,0.438219108311899,0.283160705145238,0.261644366454204,0.21484843006576,-0.0215163386910335
0.300481951891925,0.434637196947816,0.317059136860907,0.269612644578846,0.13415524505589,-0.047446492282061
0.28659987704265,0.372156618143779,0.266958275927239,0.280257037137651,0.0855567411011288,0.0132987612104118
0.23691978257437,0.438002082775856,0.288745556030934,0.34415202576975,0.201082300201486,0.0554064697388155
0.351425470190255,0.488953214543026,0.285014386860162,0.266080720912835,0.137527744352771,-0.018933665947327
0.245309545145315,0.332086899171866,0.357280969441087,0.259881329065445,0.086777354026551,-0.0973996403756411
0.304848044217178,0.376646001451811,0.320225113098409,0.318363467733282,0.0717979572346336,-0.00186164536512701
0.267344609345443,0.480362209954192,0.296095700879506,0.3350683861679,0.213017600608748,0.0389726852883934
0.239149288829271,0.278083611642363,0.32746205566058,0.308912028337655,0.0389343228130914,-0.0185500273229254
0.345557304012397,0.319713990068912,0.272094145451518,0.227875600794852,-0.0258433139434848,-0.0442185446566662
0.27892175862157,0.449327400277955,0.229802870960929,0.200323151798498,0.170405641656384,-0.0294797191624314
0.272383331355382,0.356860643776596,0.231729377461784,0.239743670151076,0.0844773124212132,0.0080142926892928
0.285751887656857,0.351515846543884,0.261993806234469,0.286273170462631,0.0657639588870266,0.0242793642281623
0.250352368674341,0.224494956670621,0.319627105970235,0.234631678643392,-0.0258574120037197,-0.0849954273268427
0.279614285967711,0.349341321669033,0.332742819269477,0.348526081498499,0.0697270357013222,0.0157832622290213
0.217225522736921,0.308806809535956,0.218948050373608,0.29419659475085,0.0915812867990355,0.0752485443772416
0.246375620159161,0.389673302300553,0.313488996821196,0.276888501534571,0.143297682141392,-0.0366004952866251
0.241425654112932,0.407028728531689,0.28052571026043,0.290144169467412,0.165603074418757,0.00961845920698129
0.285078348909305,0.292394578894658,0.282112140297564,0.287310401016528,0.00731622998535308,0.00519826071896357
0.227858995364396,0.369268069702432,0.20401662449748,0.270053392986568,0.141409074338036,0.0660367684890882
0.308086492261037,0.429154268820122,0.286524505692504,0.284547173551386,0.121067776559085,-0.00197733214111862
0.292694516699622,0.393878315706795,0.278719211870017,0.326377044826112,0.101183799007174,0.0476578329560952
0.261058663041387,0.384034994858476,0.284208876408809,0.239340302806649,0.122976331817089,-0.0448685736021597
0.313943567201397,0.404689073676607,0.282867256940207,0.290355335314928,0.0907455064752097,0.00748807837472076
0.290223656229774,0.460407476656071,0.286301291854904,0.249574262746016,0.170183820426297,-0.0367270291088878
0.21009271871783,0.495101009508109,0.344523136362717,0.293618876127995,0.285008290790279,-0.0509042602347222
0.223665638047507,0.500469590106655,0.284567690472643,0.345823701955498,0.276803952059148,0.0612560114828549
0.307192690362021,0.454357338760399,0.323945479146884,0.217085723920644,0.147164648398378,-0.10685975522624
0.287711663708392,0.459039800988798,0.261249074379151,0.270952639107379,0.171328137280407,0.00970356472822759
0.211510266574842,0.387923958257615,0.317414084024233,0.236273616211131,0.176413691682774,-0.0811404678131017
0.252045172031449,0.500958710889506,0.341227530046886,0.22883107465456,0.248913538858056,-0.112396455392326
0.261858968497556,0.512094379015308,0.357934062866248,0.217166135410819,0.250235410517752,-0.140767927455429
0.205353733909294,0.441074778784314,0.281408778173998,0.226350179141815,0.235721044875021,-0.055058599032183
0.239373102733338,0.423440848705716,0.258955559566553,0.217795265238043,0.184067745972377,-0.0411602943285104
0.300800800495139,0.469591627272029,0.335677613799896,0.233958630737506,0.16879082677689,-0.10171898306239
0.2758303081214,0.446182761425994,0.377211336973558,0.228466434279756,0.170352453304594,-0.148744902693801
0.251856598684915,0.513903034310429,0.317943088523377,0.246453838709448,0.262046435625514,-0.0714892498139293
0.309852976222865,0.501950676073819,0.415498279639984,0.302326294750761,0.192097699850954,-0.113171984889224
0.328421741594796,0.498354583167441,0.395290958605893,0.24857049841672,0.169932841572645,-0.146720460189173
0.249767623414617,0.455958688833613,0.405090402451873,0.252498841974705,0.206191065418996,-0.152591560477168
0.227180858839261,0.272435562874756,0.326811418909404,0.260402447826589,0.0452547040354946,-0.0664089710828153
0.305741843835677,0.403869877866718,0.309840416487719,0.235707908401891,0.098128034031041,-0.0741325080858277
0.337832608760089,0.43788238735398,0.384657432530886,0.255755290491494,0.100049778593892,-0.128902142039392
0.37155968584649,0.526028159840724,0.359939327636284,0.29950022990408,0.154468473994235,-0.0604390977322034
0.389434776920628,0.488107055458947,0.420121265636533,0.312208091061252,0.0986722785383191,-0.107913174575281
0.320079697456104,0.543483036767868,0.280761163661661,0.335849889485299,0.223403339311764,0.0550887258236381
0.323236192853392,0.304162826134302,0.281174050312745,0.241615407902465,-0.0190733667190898,-0.03955864241028
0.235371966378481,0.387107286820351,0.314946033904589,0.229225018771993,0.15173532044187,-0.0857210151325961
0.232057889336435,0.233473732918946,0.30946946102865,0.296343688628658,0.00141584358251071,-0.0131257723999918
0.349604169987868,0.534852568359391,0.417292158421485,0.332432644905014,0.185248398371522,-0.0848595135164711
0.322066801551866,0.554578544617453,0.431116105876662,0.258539267664288,0.232511743065586,-0.172576838212374
0.325996970413848,0.452302471960066,0.330879061346254,0.27599140080769,0.126305501546219,-0.0548876605385639
0.212550973544843,0.44136588732817,0.282976012417008,0.263202214954451,0.228814913783326,-0.0197737974625568
0.300827677307964,0.440937579092811,0.323610444077008,0.273815803806991,0.140109901784847,-0.0497946402700171
0.281690574450529,0.38697423317825,0.274163673588204,0.270213977876519,0.10528365872772,-0.00394969571168508
0.23212692558832,0.442777106128154,0.294872213340892,0.340309130835573,0.210650180539834,0.0454369174946807
0.354761612928565,0.473556416208261,0.290684304761038,0.267692358280433,0.118794803279696,-0.0229919464806058
0.24647273897206,0.332086899171866,0.357280969441087,0.267224380026702,0.0856141601998066,-0.090056589414385
0.29333809663365,0.379681626322444,0.329489359529935,0.308806619729598,0.0863435296887934,-0.0206827398003364
0.269508560889363,0.482765875463946,0.29840391125313,0.337774672310199,0.213257314574583,0.0393707610570688
0.242805982129722,0.281677540018807,0.32746205566058,0.311429934393877,0.0388715578890849,-0.0160321212667037
0.350282494617186,0.318360753761248,0.257934530770639,0.227559279763345,-0.031921740855938,-0.0303752510072945
0.28307368274827,0.454434115911288,0.234874987044264,0.200123727685108,0.171360433163018,-0.0347512593591564
0.278180577698062,0.362916481191326,0.235815428924804,0.232741855080682,0.0847359034932639,-0.00307357384412268
0.287412465079931,0.340137880290261,0.258293663083886,0.294506277664789,0.05272541521033,0.0362126145809037
0.254146685379764,0.216149215635885,0.320889085385247,0.239586447143423,-0.037997469743879,-0.0813026382418245
0.279614285967711,0.326009812961034,0.293555228807321,0.327924510451409,0.0463955269933233,0.0343692816440888
0.219730668281771,0.304994564716326,0.223856176668416,0.282435801253221,0.0852638964345544,0.0585796245848055
0.249044267231718,0.394201539907641,0.28456909890143,0.276888501534571,0.145157272675923,-0.00768059736685844
0.246668146331022,0.407028728531689,0.285899422620995,0.288157436619466,0.160360582200667,0.00225801399847125
0.291527106614651,0.299139297171584,0.28449230185402,0.288816328479514,0.00761219055693296,0.00432402662549419
0.223030064315686,0.377170492553256,0.209148929953338,0.264882218500052,0.154140428237569,0.0557332885467148
0.311067875435892,0.42729296736252,0.274106669046645,0.28521233022756,0.116225091926628,0.011105661180915
0.292694516699622,0.368397184452606,0.282665144008487,0.329050054149769,0.0757026677529841,0.046384910141282
0.242223790455642,0.390455914148967,0.286868384541492,0.241999151924222,0.148232123693324,-0.0448692326172694
0.318513520397249,0.410197553804751,0.281161053905945,0.280757266198482,0.0916840334075016,-0.000403787707463243
0.290223656229774,0.46288366044259,0.289927968393603,0.249574262746016,0.172660004212816,-0.0403537056475866
0.202484399065214,0.483992729943426,0.339508531533685,0.293618876127995,0.281508330878213,-0.0458896554056907
0.226565387582823,0.503869995173785,0.28583520659654,0.348913778298352,0.277304607590962,0.0630785717018121
0.310263010171715,0.459684943238642,0.326992749098413,0.212136956207509,0.149421933066927,-0.114855792890904
0.284535102399803,0.449316070918239,0.265561049485897,0.276085892520208,0.164780968518436,0.0105248430343106
0.215783086288834,0.376851016208325,0.314723206727484,0.23118885960066,0.161067929919491,-0.0835343471268235
0.254883060735229,0.452135309326683,0.337191159612823,0.231414790908265,0.197252248591453,-0.105776368704558
0.265035555684668,0.48979924365882,0.362540489412236,0.221830796499439,0.224763687974152,-0.140709692912797
0.208754495958247,0.444452682665942,0.282141671269215,0.228513485813387,0.235698186707695,-0.0536281854558283
0.239373102733338,0.431318400394175,0.243631039987977,0.217795265238043,0.191945297660837,-0.0258357747499348
0.288482616880181,0.474109124929197,0.328967508109795,0.233958630737506,0.185626508049017,-0.0950088773722885
0.279152425582427,0.449089994101167,0.377211336973558,0.228179971449801,0.16993756851874,-0.149031365523757
0.236557107507038,0.492307828954232,0.321473595523247,0.250422861406053,0.255750721447195,-0.0710507341171949
0.309852976222865,0.496189060817745,0.415498279639984,0.297220733210963,0.18633608459488,-0.118277546429022
0.331006329099824,0.502235499602424,0.397511206809341,0.239637332660972,0.1712291705026,-0.15787387414837
0.252856054628642,0.458683691620844,0.409540748831137,0.254513814325183,0.205827636992202,-0.155026934505953
0.202600110762621,0.272435562874756,0.330431030453111,0.265845624899199,0.0698354521121345,-0.0645854055539123
0.30892143522365,0.403869877866718,0.298125727932145,0.231405793918891,0.0949484426430686,-0.0667199340132535
0.34040778368043,0.441330137032564,0.352247813967079,0.260923643984955,0.100922353352133,-0.0913241699821241
0.372249671329718,0.528154446948092,0.353525366931618,0.302994098101341,0.155904775618374,-0.0505312688302764
0.371548223683785,0.478965107455715,0.424274814740557,0.315866616667567,0.10741688377193,-0.10840819807299
0.321093139490097,0.547477154318431,0.269585897298454,0.321371057919138,0.226384014828333,0.0517851606206841
0.326071787694067,0.308045437946526,0.279153661684893,0.234730766732183,-0.018026349747541,-0.0444228949527103
0.235280538690748,0.387107286820351,0.293750751078026,0.223883831316586,0.151826748129603,-0.06986691976144
0.23531409570026,0.2394950750033,0.313051988621375,0.301917175019334,0.00418097930303948,-0.0111348136020411
0.3516170551774,0.538329428521748,0.420293283950265,0.326483402854876,0.186712373344348,-0.0938098810953885
0.325164049053806,0.52066161931291,0.433463856424979,0.255467042290277,0.195497570259104,-0.177996814134702
0.32821632221149,0.45459260284324,0.332995389456322,0.261995686543392,0.126376280631749,-0.0709997029129298
0.216341328806199,0.430643900775521,0.271020090186079,0.260513481696322,0.214302571969322,-0.0105066084897567
0.292218183517015,0.443401261408459,0.325489264564489,0.26963994990487,0.151183077891444,-0.0558493146596191
0.281287155164411,0.41665935168201,0.27772644205129,0.262925740343701,0.135372196517599,-0.0148007017075885
0.235178402493775,0.44406933127976,0.294872213340892,0.346657922554644,0.208890928785984,0.0517857092137517
0.343219794556082,0.476669434821186,0.292795624016944,0.254793323181916,0.133449640265103,-0.038002300835028
0.250058223440068,0.337443949089475,0.341052652574526,0.271581553160307,0.0873857256494066,-0.0694710994142185
0.29333809663365,0.3811110971044,0.300055621022654,0.271953579360798,0.0877730004707501,-0.0281020416618558
0.25906466576229,0.485083063075533,0.288807123533276,0.339792009285649,0.226018397313243,0.0509848857523728
0.244940760350591,0.288826427582286,0.322318301792563,0.315756221390563,0.0438856672316953,-0.00656208040199985
0.352470235053044,0.327032616767437,0.263254890923534,0.229314775013092,-0.0254376182856071,-0.0339401159104419
0.277496650489149,0.415603947151729,0.23363516393824,0.200885886240155,0.13810729666258,-0.0327492776980849
0.27982462561478,0.367016402035601,0.230091107407949,0.229433879038458,0.0871917764208208,-0.000657228369491614
0.290354032175343,0.308663070676723,0.261687832258913,0.294506277664789,0.0183090385013792,0.0328184454058766
0.258534473702748,0.224147775990659,0.326966676015283,0.24349912877427,-0.0343866977120892,-0.0834675472410129
0.282106237164181,0.322184708804273,0.315810730550397,0.330910120528722,0.040078471640092,0.0150993899783252
0.216249708914783,0.319792678196718,0.23404209451247,0.2754480012115,0.103542969281935,0.0414059066990297
0.251373129021416,0.397114514757204,0.28456909890143,0.280107282605695,0.145741385735789,-0.00446181629573461
0.239318892355857,0.422316074618427,0.28872375250134,0.292341016208565,0.182997182262569,0.00361726370722498
0.288707103546503,0.28765586412442,0.2879117946696,0.290240962185203,-0.00105123942208302,0.0023291675156033
0.224671828545937,0.403824023098111,0.214084942197073,0.262376207117922,0.179152194552174,0.0482912649208492
0.311777211264057,0.428288486394116,0.284518133325857,0.289347508951286,0.116511275130059,0.0048293756254294
0.292694516699622,0.35782085489183,0.286524659242377,0.334716283068653,0.0651263381922081,0.0481916238262756
0.239142588746668,0.37766054078596,0.290608914161362,0.237050459954409,0.138517952039292,-0.0535584542069524
0.281509556452554,0.411555413383539,0.287156278864285,0.286127572202049,0.130045856930986,-0.00102870666223565
0.291497813862814,0.464695594585976,0.292307887753276,0.254753890341699,0.173197780723163,-0.0375539974115769
0.205377009361562,0.466426848592405,0.340868514694161,0.293618876127995,0.261049839230842,-0.0472496385661663
0.220045316440644,0.508221344556104,0.288249183798432,0.352309045508889,0.28817602811546,0.0640598617104567
0.31152872259545,0.463230820252214,0.329887272718938,0.215316217320686,0.151702097656764,-0.114571055398252
0.285667695751001,0.439585019463372,0.243741574736135,0.278982949139892,0.153917323712371,0.0352413744037572
0.216956450543258,0.355775786109114,0.306407835852376,0.221264461247305,0.138819335565856,-0.0851433746050713
0.241146125100595,0.456281480829846,0.339798462058868,0.23401352738454,0.215135355729251,-0.105784934674329
0.242964923016166,0.495169525815922,0.365029944773983,0.214740908676083,0.252204602799756,-0.1502890360979
0.20299058673725,0.446712713673219,0.283675303423709,0.232728059584412,0.243722126935969,-0.0509472438392966
0.233504743057902,0.43487251309893,0.21085071952965,0.187565382776554,0.201367770041028,-0.0232853367530958
0.299821326350709,0.476740583877724,0.332702632443573,0.233958630737506,0.176919257527014,-0.0987440017060668
0.291072957261651,0.445744286868683,0.377211336973558,0.231333899382837,0.154671329607032,-0.145877437590721
0.247411072479956,0.496996859574338,0.312601554391237,0.251400904534593,0.249585787094382,-0.0612006498566447
0.257714943600864,0.503040151245302,0.415498279639984,0.279913150129532,0.245325207644438,-0.135585129510453
0.332733566252063,0.508748531662191,0.400846693947161,0.240564069943449,0.176014965410128,-0.160282624003712
0.252856054628642,0.444883823579777,0.415710437592876,0.246934063637,0.192027768951134,-0.168776373955876
0.205558304424688,0.272435562874756,0.336133385343731,0.269688354817099,0.0668772584500683,-0.0664450305266317
0.312020774062061,0.403869877866718,0.282522290497401,0.222998490402469,0.0918491038046569,-0.059523800094932
0.343516650265085,0.443672431651671,0.349459820065908,0.257452312987712,0.100155781386586,-0.0920075070781963
0.375612467319041,0.529935587755069,0.354994564824382,0.287009613890112,0.154323120436028,-0.0679849509342697
0.373592280196817,0.484150205669156,0.427706891920092,0.315454294210922,0.110557925472339,-0.112252597709171
0.322775850629546,0.550574565408493,0.274378131948774,0.320325717423538,0.227798714778947,0.0459475854747641
0.329283492146666,0.313132570287725,0.283565511020148,0.231342437173075,-0.0161509218589417,-0.0522230738470729
0.238941058833091,0.368710270899771,0.295641250116508,0.226580543123889,0.12976921206668,-0.0690607069926185
0.217236117880334,0.245997798471236,0.320566367112451,0.285709023631538,0.0287616805909012,-0.0348573434809121
0.355226113367949,0.540399202903214,0.408003306654413,0.332594579158494,0.185173089535265,-0.075408727495919
0.314549543016158,0.507293221136959,0.439945624621717,0.26135564179256,0.192743678120801,-0.178589982829157
0.332142299981751,0.446933040460733,0.337866946044877,0.253971848872868,0.114790740478982,-0.0838950971720095
0.211754522338306,0.433438583019073,0.263665265383237,0.264941204066478,0.221684060680767,0.00127593868324033
0.297117565515643,0.445800752967802,0.331456346045434,0.264260729747749,0.148683187452159,-0.0671956162976854
0.27490346428199,0.41665935168201,0.275521411376504,0.260035875961391,0.14175588740002,-0.0154855354151128
0.238927904917967,0.44406933127976,0.296623985991504,0.350141593485172,0.205141426361792,0.053517607493668
0.325663950020799,0.469919004851947,0.298024868518586,0.258915953752734,0.144255054831148,-0.0391089147658529
0.239574935567658,0.351696644124103,0.325532685567218,0.273203185117985,0.112121708556445,-0.0523295004492323
0.288395087286699,0.383496166449705,0.289739128742849,0.271562786715617,0.0951010791630059,-0.018176342027232
0.260018786774734,0.485083063075533,0.293310342305661,0.341886199774738,0.225064276300799,0.0485758574690776
0.241549287051151,0.279012875958005,0.318072205600157,0.31451223545149,0.037463588906854,-0.00355997014866749
0.335206633864166,0.327032616767437,0.263207038134012,0.231568013227156,-0.00817401709672916,-0.0316390249068553
0.280818637099983,0.399137007839441,0.239887927701299,0.205598283022388,0.118318370739459,-0.0342896446789109
0.284539414571216,0.356242324491736,0.234375616925817,0.232084952521514,0.0717029099205205,-0.00229066440430348
0.289907139289999,0.321045474741635,0.264462148860866,0.296249557544429,0.0311383354516357,0.0317874086835627
0.244489052365157,0.235064291793422,0.334063538008109,0.247239149547995,-0.00942476057173514,-0.0868243884601142
0.283688041565088,0.327974595935297,0.30340690029556,0.33234291208614,0.0442865543702082,0.02893601179058
0.20965531266092,0.309829806138538,0.236597718000882,0.270818841008647,0.100174493477618,0.0342211230077648
0.218025694331194,0.406435156213242,0.28456909890143,0.282551262211139,0.188409461882048,-0.00201783669029104
0.216680212419134,0.422316074618427,0.28407131333531,0.29473568160223,0.205635862199292,0.0106643682669197
0.294544339594108,0.296556770914158,0.283499758878156,0.294099621553492,0.00201243132005052,0.0105998626753361
0.226884165957659,0.406683351516294,0.205023441672189,0.25793152049004,0.179799185558635,0.0529080788178511
0.313730763390953,0.428288486394116,0.290817217976453,0.292111593120458,0.114557723003163,0.00129437514400499
0.292694516699622,0.365202110336105,0.275196412256333,0.341053900120482,0.0725075936364835,0.0658574878641489
0.229721480497712,0.379561436952361,0.2779975793802,0.239355224014765,0.149839956454649,-0.0386423553654347
0.28467510138935,0.404226676917315,0.283563886522208,0.290409001089262,0.119551575527965,0.0068451145670545
0.292730526105614,0.469094129018248,0.280621334713228,0.25985486185254,0.176363602912634,-0.0207664728606887
0.207356559765461,0.472471885981961,0.340868514694161,0.281907012760997,0.2651153262165,-0.0589615019331636
0.217351019159934,0.517000482211546,0.292054048353632,0.355791926884346,0.299649463051613,0.0637378785307135
0.313199823292938,0.453341598474111,0.333978352089688,0.215788480855,0.140141775181173,-0.118189871234687
0.287335862517621,0.427871670321486,0.246873435850853,0.276253278270573,0.140535807803865,0.02937984241972
0.216956450543258,0.360870597978785,0.308517973736997,0.222312017836042,0.143914147435527,-0.0862059559009547
0.245487443326451,0.462453675286216,0.344419925749279,0.235156616960138,0.216966231959765,-0.10926330878914
0.248919301506408,0.50457860106209,0.368781159518032,0.217044275519965,0.255659299555682,-0.151736883998067
0.204049802445005,0.447786415254076,0.288298822133005,0.232891599884819,0.243736612809072,-0.0554072222481863
0.233504743057902,0.431225047536931,0.214746669524077,0.18573307086942,0.197720304479029,-0.0290135986546574
0.302782670084932,0.47007350415899,0.332551607729399,0.238745024278604,0.167290834074058,-0.0938065834507948
0.273852123666186,0.45453327034538,0.377211336973558,0.220799377305204,0.180681146679194,-0.156411959668354
0.254527469934852,0.506211686298301,0.314303625040205,0.253417993753765,0.251684216363449,-0.0608856312864401
0.273608652844298,0.499232377892163,0.415498279639984,0.26428415808505,0.225623725047866,-0.151214121554934
0.257042900727781,0.35697496214446,0.349078734344878,0.414834135152051,0.0999320614166795,0.065755400807173
0.30777432501407,0.432440113346485,0.2928279031923,0.306339581291538,0.124665788332415,0.0135116780992377
0.325937105042887,0.248122582518316,0.304136949441565,0.278503936119334,-0.0778145225245708,-0.0256330133222309
0.171756234505181,0.280882408049014,0.268799052624042,0.44907426231272,0.109126173543833,0.180275209688678
0.27717411343933,0.358219263839539,0.363950676533579,0.345987251667534,0.0810451504002088,-0.0179634248660441
0.278085549467521,0.323735974188169,0.389108112581387,0.392807093394961,0.0456504247206483,0.00369898081357395
0.302505825686186,0.371691209690307,0.398892753447804,0.305156080393039,0.0691853840041211,-0.0937366730547642
0.322817065367567,0.3922722588837,0.385244059824544,0.348310909145543,0.0694551935161322,-0.0369331506790013
0.248124238703276,0.304243116320579,0.361221431028346,0.269181665792502,0.0561188776173028,-0.0920397652358444
0.377906781592184,0.273680152930661,0.315923560602537,0.224092130516022,-0.104226628661523,-0.0918314300865148
0.238626750292616,0.340042111793921,0.389448925179884,0.32142213390915,0.101415361501305,-0.0680267912707339
0.347980120749063,0.28715635736476,0.423048504663266,0.375997194511335,-0.0608237633843031,-0.0470513101519306
0.351370345005957,0.427428824448228,0.375306227841167,0.379619163466525,0.0760584794422702,0.00431293562535862
0.186478603289348,0.320698919551493,0.393283320367383,0.262152724767883,0.134220316262145,-0.131130595599499
0.342146231443767,0.230623317300188,0.359979704277128,0.230478343667177,-0.111522914143579,-0.129501360609951
0.285118339488146,0.234578781941357,0.409291170610663,0.337057160681413,-0.0505395575467891,-0.07223400992925
0.236654217395392,0.428792464281518,0.408894823856892,0.284545259084657,0.192138246886126,-0.124349564772236
0.315144254240141,0.382253790017482,0.296561065706152,0.221301421247213,0.0671095357773413,-0.0752596444589394
0.248958888629298,0.189404714372852,0.311193416439224,0.242611668327952,-0.0595541742564457,-0.0685817481112722
0.272919540689424,0.265046119893956,0.362438223512892,0.351645060039596,-0.00787342079546804,-0.0107931634732963
0.269353284904328,0.24161687427057,0.272911419647186,0.329791314071868,-0.0277364106337582,0.0568798944246817
0.333932162048608,0.196715179570644,0.463182805078511,0.2917454750366,-0.137216982477964,-0.171437330041912
0.294132192729228,0.29953490463063,0.309533365815618,0.384220730854285,0.00540271190140201,0.0746873650386677
0.215888420561731,0.216557992032333,0.439864836386148,0.376099389060206,0.000669571470602093,-0.0637654473259418
0.230463085533538,0.239810993089454,0.413173994784751,0.316257629634814,0.00934790755591622,-0.0969163651499369
0.223944913208096,0.237451846034231,0.345894816588568,0.26702634322387,0.0135069328261351,-0.0788684733646982
0.222716161862658,0.43079709676672,0.375789160014639,0.268583424056887,0.208080934904062,-0.107205735957753
0.346985384488652,0.286058068042717,0.3244694100679,0.232721544929884,-0.0609273164459351,-0.091747865138016
0.304727963918226,0.26837389346155,0.395382722791387,0.488904450862728,-0.0363540704566762,0.093521728071341
0.331266343969093,0.25738381438492,0.390331891271354,0.508872949158807,-0.0738825295841731,0.118541057887453
0.303540975361303,0.252940768906478,0.289278551196174,0.323551191756717,-0.0506002064548253,0.0342726405605437
0.261701315658567,0.395271790290542,0.358151807596623,0.328810803663568,0.133570474631975,-0.0293410039330549
0.28361044222981,0.353501294004713,0.3865790281323,0.38370699114472,0.0698908517749032,-0.00287203698757998
0.292412633036674,0.252284098364943,0.441419285990404,0.464820425427401,-0.0401285346717312,0.0234011394369971
0.342323114343785,0.342906086607089,0.402091183957131,0.390769397637162,0.00058297226330345,-0.0113217863199688
0.243828668144139,0.393510536072662,0.342723718271119,0.315786981603808,0.149681867928523,-0.0269367366673108
0.300858671893401,0.337884777927973,0.337983488296056,0.506941678028819,0.037026106034572,0.168958189732764
0.277776797727924,0.277075460821978,0.34150449357962,0.365466348830132,-0.000701336905945815,0.0239618552505123
0.325038488894698,0.254436771237461,0.282806832352282,0.427887714618425,-0.0706017176572375,0.145080882266143
0.23828513317144,0.317582226717604,0.271332002310824,0.343549607015173,0.0792970935461637,0.0722176047043483
0.29580979046848,0.361516253587987,0.359873162133645,0.262089174613795,0.0657064631195074,-0.0977839875198506
0.309879023983195,0.367455302781289,0.365135040427665,0.242891962311118,0.0575762787980936,-0.122243078116546
0.214920254737802,0.319101208475691,0.316108898262985,0.262363252004413,0.10418095373789,-0.0537456462585722
0.213208927885523,0.269480829532251,0.293574593623149,0.233344677363624,0.0562719016467286,-0.0602299162595251
0.30418758944553,0.373899129861676,0.310576483000833,0.216437387933146,0.0697115404161466,-0.0941390950676862
0.312633066280583,0.375202313279589,0.247050573619807,0.271672827121199,0.062569246999006,0.0246222535013923
0.198874393020844,0.191503566000555,0.228431693462498,0.373089244796981,-0.00737082702028954,0.144657551334483
0.191165506662264,0.204870261193828,0.202460249706247,0.272810342634025,0.0137047545315645,0.0703500929277778
0.216085285920638,0.31574833868675,0,0.204022495942237,0.0996630527661125,0.204022495942237
0.211371044560622,0.27032690177169,0.220840341656361,0.243887685989463,0.0589558572110673,0.0230473443331022
0.225056923775007,0.310749169757503,0.230838808953477,0.243307759148319,0.0856922459824959,0.0124689501948417
0.30581732717714,0.316483279966558,0.366409918973518,0.253266342750636,0.0106659527894181,-0.113143576222882
0.253595070645747,0.36240940147276,0.349078734344878,0.396165413166958,0.108814330827014,0.04708667882208
0.309046058279645,0.374216921781192,0.276924486145111,0.309516846215595,0.0651708635015474,0.0325923600704834
0.330553123395936,0.249566607043787,0.30430849145852,0.249257567590337,-0.0809865163521483,-0.0550509238681822
0.172809060872915,0.282000110016867,0.267503162222903,0.44907426231272,0.109191049143951,0.181571100089817
0.255081696479609,0.362278351458283,0.361852496184496,0.349502093742575,0.107196654978674,-0.0123504024419211
0.279047805188823,0.319556233126223,0.395082181085425,0.373822657783015,0.0405084279374004,-0.0212595233024102
0.304628002045582,0.376051635076384,0.403862556534242,0.306055754285205,0.0714236330308012,-0.0978068022490373
0.324781875567121,0.39966943209265,0.389965899702053,0.332942450989624,0.0748875565255293,-0.0570234487124291
0.239546454550005,0.294458809072499,0.367863887460905,0.275398952305418,0.0549123545224945,-0.0924649351554877
0.381862397499469,0.268892687075318,0.321220750279488,0.227381413131081,-0.112969710424152,-0.0938393371484074
0.243248871657882,0.344663350174478,0.390787613208278,0.303267549151398,0.101414478516596,-0.0875200640568795
0.351938281142419,0.281847295639517,0.426823515313469,0.358458712928906,-0.0700909855029019,-0.0683648023845638
0.354266004436843,0.433919217279298,0.377744203209037,0.380877739278409,0.0796532128424553,0.0031335360693715
0.190002463468436,0.325396002146587,0.399411052035687,0.265343618725326,0.135393538678151,-0.134067433310362
0.345553036173168,0.226753536629448,0.352030296208996,0.233384276133398,-0.11879949954372,-0.118646020075598
0.290235747689471,0.236576371006351,0.415380693229072,0.327383467053603,-0.05365937668312,-0.0879972261754697
0.241707100744231,0.407187692124415,0.395370882153854,0.274696649030219,0.165480591380184,-0.120674233123635
0.303894297421486,0.386415941567506,0.300387216786956,0.225041514294084,0.0825216441460201,-0.0753457024928718
0.239929558289825,0.193879307640401,0.315504798973184,0.246020160888942,-0.0460502506494235,-0.0694846380842426
0.275407645980027,0.267155774298468,0.364596732110077,0.35790796537821,-0.00825187168155894,-0.00668876673186664
0.261663284499085,0.24161687427057,0.277096491809808,0.334826756177187,-0.0200464102285152,0.0577302643673788
0.313445545454784,0.193010389135525,0.463182805078511,0.294363357850933,-0.120435156319259,-0.168819447227579
0.275011761184277,0.302592267316283,0.294265148754234,0.390596733025707,0.0275805061320063,0.0963315842714735
0.211044102100086,0.213801544300785,0.429622874296539,0.379170830753725,0.00275744220069912,-0.0504520435428145
0.233255980460652,0.234586526012381,0.389230015351659,0.317926433213897,0.00133054555172865,-0.0713035821377621
0.222106641341505,0.237451846034231,0.339097304911663,0.269675106590897,0.015345204692726,-0.0694221983207654
0.214407172861799,0.434718967862354,0.352754903317481,0.27120926687287,0.220311795000556,-0.0815456364446112
0.317327796928412,0.290805943158491,0.328768391153857,0.228082782197461,-0.0265218537699209,-0.100685608956395
0.312280023618809,0.272844961675609,0.400553978405315,0.491066648878805,-0.0394350619432008,0.0905126704734891
0.302414363341499,0.262533335021375,0.375305150319648,0.456298617969085,-0.0398810283201237,0.0809934676494375
0.298189105790294,0.25758897077685,0.289278551196174,0.323551191756717,-0.0406001350134435,0.0342726405605437
0.268004165621829,0.399670995731615,0.363944979591618,0.336337548804469,0.131666830109785,-0.0276074307871487
0.289600819246309,0.357449087127143,0.391806643044332,0.36932351050659,0.0678482678808338,-0.022483132537743
0.295981049677451,0.248268949530197,0.445375621048642,0.468616699236261,-0.0477121001472538,0.0232410781876188
0.34416660403472,0.3511274468858,0.385623269372122,0.379543300529324,0.00696084285108034,-0.00607996884279732
0.245975771390668,0.402686692951116,0.326530091250457,0.308253300174151,0.156710921560448,-0.0182767910763059
0.30280699252557,0.334652930217194,0.341735139628355,0.470101390031411,0.0318459376916234,0.128366250403056
0.271640639869553,0.270916582691959,0.340443519659295,0.368628880341931,-0.000724057177593274,0.0281853606826366
0.326789767944647,0.228780963872054,0.28587084063898,0.432407126678861,-0.0980088040725928,0.14653628603988
0.240849499907522,0.323713849641065,0.277859850892586,0.332496282191531,0.0828643497335428,0.0546364312989452
0.297363782890262,0.362830189159835,0.315099565764504,0.264008830556205,0.0654664062695725,-0.0510907352082989
0.311826432443053,0.360846168307048,0.361979148809704,0.240494820394022,0.0490197358639949,-0.121484328415682
0.216827192593503,0.323026682449467,0.319988663244285,0.267095149451696,0.106199489855964,-0.0528935137925895
0.205641137948386,0.273719374667952,0.294367855645596,0.231487367741109,0.0680782367195662,-0.0628804879044874
0.298019604126536,0.354606783128623,0.315161062286463,0.219010935389821,0.0565871790020873,-0.0961501268966426
0.312633066280583,0.381208430927165,0.247050573619807,0.275391391120634,0.0685753646465814,0.0283408175008268
0.202262293518024,0.191503566000555,0.228431693462498,0.369230826684237,-0.0107587275174693,0.140799133221739
0.189000909141141,0.208400226701347,0.202460249706247,0.270863906421964,0.0193993175602055,0.0684036567157163
0.211484402495793,0.31574833868675,0,0.195999462807586,0.104263936190957,0.195999462807586
0.212833436389178,0.274515649989976,0.220840341656361,0.243887685989463,0.0616822136007987,0.0230473443331022
0.22722910965605,0.305071769622054,0.236261026367848,0.227217104135254,0.0778426599660041,-0.00904392223259434
0.30833587274119,0.307586036979254,0.366409918973518,0.253266342750636,-0.000749835761936213,-0.113143576222882
0.25518048904678,0.366418160289236,0.338670756358465,0.396165413166958,0.111237671242456,0.0574946568084928
0.293090788346568,0.374216921781192,0.269471960674653,0.313864870144334,0.0811261334346243,0.0443929094696807
0.333048692142655,0.252349103578964,0.281655224029896,0.25439438125417,-0.0806995885636917,-0.027260842775726
0.173195635696946,0.282458252371772,0.274216862053035,0.44907426231272,0.109262616674827,0.174857400259684
0.238127817342426,0.366529279564222,0.368792442349442,0.339703584140083,0.128401462221796,-0.0290888582093592
0.280047520825461,0.323202791241794,0.399001353369595,0.364914095357882,0.0431552704163335,-0.034087258011713
0.30598212419187,0.38034561230149,0.393445799818943,0.286725424960807,0.0743634881096195,-0.106720374858136
0.325850678654608,0.403842742510002,0.381853775170713,0.335249802397466,0.0779920638553941,-0.0466039727732472
0.242211730910937,0.288721368155814,0.373864750746162,0.281501438693788,0.0465096372448764,-0.0923633120523735
0.358780533551976,0.273002167141602,0.317773133296415,0.227624585067674,-0.0857783664103747,-0.0901485482287411
0.250264891584172,0.351961470708045,0.383047955871328,0.306294591114028,0.101696579123873,-0.0767533647572998
0.353849914539973,0.285382865204068,0.419616067673186,0.329642034091275,-0.068467049335906,-0.0899740335819115
0.355645531700276,0.436225910052661,0.381298925801515,0.383655396921401,0.0805803783523849,0.00235647111988579
0.189664177436763,0.309910890589722,0.38938412240429,0.260701460949245,0.120246713152959,-0.128682661455046
0.348445158415262,0.222826476618425,0.357828043443936,0.227621839066727,-0.125618681796837,-0.130206204377209
0.298608054171727,0.23999639618266,0.418564231725276,0.32307317053982,-0.0586116579890671,-0.0954910611854561
0.23598356606921,0.39403157693349,0.396792145376049,0.281539792651845,0.158048010864279,-0.115252352724203
0.296482980128349,0.390877718438337,0.290028812160834,0.229112496478659,0.0943947383099875,-0.0609163156821751
0.230464718915631,0.192551994704712,0.31673580489476,0.24447298341425,-0.0379127242109188,-0.0722628214805099
0.26524862244315,0.27184011468495,0.368271821805596,0.361897099498808,0.00659149224179928,-0.00637472230678776
0.26441827523041,0.249893340497292,0.274498973654692,0.338286553577631,-0.0145249347331178,0.0637875799229387
0.306715229597476,0.193063650080766,0.463182805078511,0.279226836607342,-0.11365157951671,-0.18395596847117
0.27772612400142,0.307367881862548,0.287641256831783,0.376710920206788,0.0296417578611285,0.0890696633750045
0.197320491894135,0.218076246467171,0.405931524677257,0.369062441385131,0.0207557545730359,-0.0368690832921257
0.236305001086624,0.23012200773939,0.393338884323976,0.322828909617209,-0.0061829933472341,-0.0705099747067669
0.217372327298517,0.238740456209286,0.338015986168934,0.266499826320224,0.0213681289107688,-0.0715161598487103
0.212281578370033,0.393816339676661,0.357111013049706,0.278950056242778,0.181534761306628,-0.0781609568069279
0.264773877887177,0.272201084602424,0.334770762248884,0.231086944476819,0.00742720671524738,-0.103683817772065
0.305191660616214,0.266923670144096,0.405148928479252,0.479747588980778,-0.0382679904721179,0.0745986605015253
0.286075710202025,0.257815769137174,0.380988569668444,0.459669494660683,-0.0282599410648507,0.0786809249922391
0.300237716133205,0.261284037942284,0.289278551196174,0.323551191756717,-0.0389536781909206,0.0342726405605437
0.276653723565352,0.404712963994601,0.367729110895623,0.321409207476807,0.128059240429249,-0.046319903418816
0.297850588115223,0.363475327117359,0.367143892085429,0.335311410541502,0.0656247390021361,-0.0318324815439279
0.297615916870202,0.251550177453053,0.448839679908045,0.443436448450194,-0.0460657394171485,-0.00540323145785099
0.346170902352609,0.334095738032785,0.354295037351055,0.372205297034563,-0.0120751643198244,0.017910259683508
0.24675415620423,0.385425039747735,0.332552608009991,0.312948579841595,0.138670883543505,-0.0196040281683962
0.289365890901022,0.338754830217419,0.334945569874451,0.475579541480478,0.0493889393163972,0.140633971606027
0.272371033552723,0.27536206071769,0.346295552965004,0.372999298436368,0.0029910271649668,0.0267037454713642
0.326789767944647,0.219566306740207,0.283439817139615,0.436814034655806,-0.10722346120444,0.153374217516191
0.243759409183819,0.306368557591451,0.279345896222914,0.336419022771352,0.0626091484076312,0.0570731265484384
0.281281408706499,0.340821344153397,0.315099565764504,0.264008830556205,0.059539935446898,-0.0510907352082989
0.313448074537642,0.348010228101668,0.365761944710952,0.244569623962962,0.0345621535640255,-0.121192320747991
0.220047532341027,0.327352845484706,0.325635627681775,0.270160371387099,0.107305313143679,-0.0554752562946764
0.201663779097063,0.271367849419656,0.297870358690746,0.234346806703398,0.0697040703225931,-0.0635235519873482
0.300170562725403,0.359382253176847,0.317823794171702,0.216063662522839,0.0592116904514446,-0.101760131648863
0.313941733751083,0.385227162323984,0.254547288781442,0.262127662273972,0.0712854285729009,0.00758037349252982
0.206111695626872,0.1912904116252,0.224139077911844,0.372825100256099,-0.0148212840016714,0.148686022344255
0.192960348151225,0.195232155475885,0.207871955267957,0.271038357122229,0.00227180732466084,0.0631664018542718
0.205659467870227,0.31574833868675,0.234161836573363,0.192637762926014,0.110088870816523,-0.041524073647349
0.205928703613955,0.27863660297311,0.220840341656361,0.238151927938151,0.0727078993591549,0.0173115862817899
0.226645796098355,0.307746756767761,0.222462875222506,0.229761413786341,0.0811009606694061,0.00729853856383425
0.30833587274119,0.295961421003499,0.366409918973518,0.253266342750636,-0.0123744517376906,-0.113143576222882
0.258013781075245,0.33983253125999,0.340896221797597,0.398846052996808,0.0818187501847445,0.0579498311992112
0.296889227518033,0.374216921781192,0.274568506611056,0.313037824952574,0.0773276942631592,0.0384693183415174
0.309670777494339,0.252349103578964,0.283636957146687,0.242628203589897,-0.0573216739153756,-0.04100875355679
0.172929119631134,0.285075392623863,0.280516375694996,0.404204379538456,0.112146272992728,0.12368800384346
0.234847545125413,0.368490094496158,0.373176058020922,0.343965480811688,0.133642549370745,-0.0292105772092345
0.282279804546429,0.327138352632657,0.402620926150675,0.367418300678965,0.0448585480862279,-0.0352026254717095
0.308093252948479,0.382982195016239,0.383932766383388,0.274980962194609,0.0748889420677599,-0.108951804188779
0.328575591268079,0.406034995650815,0.386146263267434,0.320135808398879,0.0774594043827355,-0.0660104548685546
0.222083296527301,0.291690900492072,0.377193521145134,0.28680434645514,0.0696076039647712,-0.0903891746899943
0.342108846604815,0.269254346435159,0.318045994371258,0.229837500703034,-0.0728545001696569,-0.0882084936682243
0.247806493506674,0.356947068853105,0.384359157155565,0.312140287765918,0.109140575346431,-0.0722188693896468
0.355923715434853,0.288460101913336,0.406413198076793,0.3317327227599,-0.0674636135215169,-0.0746804753168935
0.358285601501379,0.409264362577687,0.373806192391487,0.385246513174519,0.0509787610763077,0.0114403207830312
0.181975534041731,0.312401773666585,0.392601419096662,0.255808347204877,0.130426239624854,-0.136793071891785
0.337994558463736,0.221888351244084,0.362884764281673,0.231262864057296,-0.116106207219652,-0.131621900224377
0.27821441146727,0.242660824348824,0.41038593167287,0.326834276638448,-0.0355535871184466,-0.0835516550344225
0.240586053273542,0.339919912190168,0.375370972488132,0.28575091589475,0.0993338589166267,-0.0896200565933823
0.299704449800657,0.390877718438337,0.27163376515102,0.232260659686579,0.0911732686376792,-0.0393731054644413
0.23170546689217,0.191469742372204,0.318465451803864,0.249187058268833,-0.0402357245199656,-0.0692783935350309
0.271488453644604,0.263991395901594,0.373899697573597,0.367528644711557,-0.00749705774301079,-0.00637105286203993
0.256092410655094,0.249893340497292,0.253042601023269,0.342718028158801,-0.00619907015780258,0.0896754271355322
0.311145638927089,0.193125145879304,0.463182805078511,0.28365579350919,-0.118020493047785,-0.179527011569321
0.282578442366715,0.310976080863237,0.290110172069348,0.381569628874123,0.028397638496521,0.0914594568047752
0.186337472637115,0.214122542014308,0.408716311572309,0.348882920108758,0.027785069377193,-0.059833391463551
0.233914048247098,0.221623302608654,0.396394700943043,0.324895302206394,-0.012290745638445,-0.0714993987366488
0.22006892388606,0.221398236688414,0.342246319073949,0.26937672082734,0.0013293128023546,-0.0728695982466092
0.214602692654641,0.396192437461224,0.357111013049706,0.282604775144286,0.181589744806583,-0.0745062379054197
0.270347167558957,0.276649419378647,0.340434273331789,0.215232138749953,0.00630225181968963,-0.125202134581836
0.308828845827919,0.267468463305445,0.41192727605746,0.485086842441707,-0.0413603825224734,0.0731595663842468
0.272037048033195,0.261212768282871,0.390427689228148,0.464009292886438,-0.0108242797503237,0.07358160365829
0.301630569964734,0.254603106908224,0.298249789468384,0.310874737089393,-0.0470274630565097,0.0126249476210092
0.277822990452736,0.404712963994601,0.370032312864965,0.313141786022255,0.126889973541865,-0.0568905268427095
0.300991705349485,0.368908692591063,0.371036482842808,0.340376833978596,0.0679169872415778,-0.0306596488642122
0.300347143483553,0.242417721538118,0.420700661993738,0.449016510749795,-0.0579294219454347,0.0283158487560574
0.338863163474474,0.335757110411463,0.34548776166848,0.375021408402906,-0.00310605306301098,0.0295336467344255
0.247990425630278,0.387409607388532,0.337539443965958,0.316872959438734,0.139419181758254,-0.0206664845272247
0.262811538831059,0.342200509550067,0.332575157741708,0.411248922908741,0.0793889707190075,0.0786737651670328
0.275183304758909,0.278962405541923,0.34743131578099,0.376776334893955,0.00377910078301341,0.0293450191129656
0.328224891875864,0.215438702726965,0.279350639300879,0.421011608448917,-0.112786189148898,0.141660969148038
0.245850261343221,0.307287047523868,0.283939645295312,0.340383932924488,0.0614367861806469,0.0564442876291769
0.281281408706499,0.308479618771787,0.30508757080977,0.262166105046787,0.0271982100652887,-0.0429214657629831
0.316915146133605,0.351619002707787,0.358484436669352,0.241182262187321,0.0347038565741821,-0.117302174482031
0.222318731165096,0.32986826244698,0.329609809537967,0.259159586104112,0.107549531281885,-0.0704502234338556
0.204947865662892,0.268627087641063,0.288667206776979,0.237491513886597,0.0636792219781709,-0.0511756928903816
0.303227262063727,0.346567034340932,0.323205149316109,0.215544782592944,0.0433397722772048,-0.107660366723166
0.294510553572683,0.388712963129126,0.245918746159149,0.255842936135254,0.0942024095564428,0.00992418997610561
0.199316639661242,0.186834056870438,0.248859508351791,0.375892189509272,-0.0124825827908039,0.127032681157481
0.19438688667064,0.199746959444148,0.211277861206075,0.274710345399572,0.0053600727735082,0.0634324841934962
0.210102899090656,0.246966234602079,0.234161836573363,0.201029116715382,0.0368633355114236,-0.0331327198579806
0.202852183625143,0.274734059030586,0.226076535296952,0.240760145551987,0.0718818754054437,0.0146836102550352
0.227736892687853,0.311624447140167,0.232528623541802,0.229262136117004,0.083887554452314,-0.00326648742479765
0.263882176384552,0.29988674989271,0.403766003891589,0.253266342750636,0.0360045735081582,-0.150499661140952
0.251474335419028,0.341761111029842,0.308916821996602,0.398846052996808,0.0902867756108142,0.0899292310002063
0.300295304761785,0.378284011298172,0.258877362666215,0.314489582931743,0.0779887065363865,0.055612220265528
0.309670777494339,0.246170397373082,0.290986105065499,0.24459535269028,-0.0635003801212568,-0.0463907523752186
0.175303037700721,0.272905967304444,0.283196741665448,0.404204379538456,0.0976029296037227,0.121007637873009
0.229525380839199,0.357700251052866,0.366478862645206,0.323211782464168,0.128174870213667,-0.0432670801810385
0.273755866594419,0.330627253519861,0.407614564609106,0.369521147028784,0.0568713869254421,-0.0380934175803219
0.293713029648218,0.386000153685938,0.389077934824599,0.271718114176343,0.09228712403772,-0.117359820648257
0.318776532254074,0.388180667303918,0.378732706727832,0.310066613707419,0.0694041350498446,-0.068666093020413
0.207775361322599,0.296270780587722,0.365509912509891,0.282906201044091,0.0884954192651229,-0.0826037114657995
0.342108846604815,0.273309918711964,0.322741741609356,0.235608660410232,-0.0687989278928516,-0.0871330811991239
0.252398141007191,0.315308244317372,0.380052155962765,0.315870450357719,0.0629101033101808,-0.0641817056050459
0.355923715434853,0.285274500876229,0.395164778753402,0.316383741903813,-0.0706492145586245,-0.0787810368495886
0.317070618174437,0.411307388200231,0.358907387169327,0.366395565776325,0.0942367700257942,0.0074881786069983
0.185234751297085,0.313927952713387,0.396497532778035,0.258007073753602,0.128693201416301,-0.138490459024434
0.337994558463736,0.224344213391085,0.366877342648185,0.235665018033667,-0.113650345072651,-0.131212324614518
0.269993035987855,0.246565583848525,0.41431080970077,0.33035081692273,-0.0234274521393305,-0.0839599927780399
0.243382006420363,0.347316417665124,0.378478712589304,0.291364823124062,0.103934411244761,-0.0871138894652422
0.30066862516416,0.357341962485566,0.257073540012408,0.23534194781113,0.0566733373214066,-0.0217315922012783
0.234352806743157,0.179590366588301,0.323813235202455,0.253049169171897,-0.0547624401548569,-0.0707640660305583
0.271488453644604,0.267254076177223,0.370212436015214,0.33827225411504,-0.00423437746738192,-0.0319401819001743
0.248639390157605,0.253225683568943,0.256445419658967,0.347857761298357,0.00458629341133865,0.0914123416393899
0.313105306735464,0.195418655031377,0.463182805078511,0.266962001349666,-0.117686651704087,-0.196220803728845
0.284199134738935,0.315337463261751,0.290988172238071,0.385072009459098,0.031138328522816,0.0940838372210266
0.190090541403428,0.212618912192569,0.401439902194889,0.353792791070427,0.0225283707891414,-0.0476471111244621
0.238009149151535,0.217928474215602,0.40106076654,0.32955056938994,-0.0200806749359332,-0.0715101971500606
0.223990983579484,0.227031811386333,0.339455562962139,0.272825715486596,0.00304082780684911,-0.0666298474755431
0.217208234216069,0.396192437461224,0.348713820907694,0.275020563021918,0.178984203245154,-0.0736932578857769
0.27095830073848,0.270755172034249,0.336723459341722,0.218594179794562,-0.000203128704231226,-0.118129279547161
0.30982795008354,0.259775178120703,0.414308624009182,0.486808642151651,-0.0500527719628374,0.0725000181424689
0.251835072908065,0.257162044813084,0.392566136922609,0.467273662316783,0.00532697190501891,0.074707525394174
0.304105209159143,0.249358116365033,0.253436601049965,0.29055026391805,-0.0547470927941102,0.0371136628680848
0.279090129600726,0.40818752916976,0.360382265672896,0.285346607879781,0.129097399569034,-0.0750356577931156
0.290606259586631,0.372917284281074,0.373965884909412,0.347235436193855,0.0823110246944425,-0.0267304487155563
0.305578091819387,0.244434405336253,0.423468927831108,0.452248779058079,-0.0611436864831335,0.0287798512269715
0.340631601417649,0.339689268609337,0.337880721213026,0.369816920616432,-0.000942332808311186,0.0319361994034061
0.246567243281619,0.368104567480622,0.341377279569422,0.311153398403053,0.121537324199004,-0.0302238811663689
0.266604345580662,0.345945286147013,0.338240753870185,0.414029086146513,0.0793409405663505,0.075788332276328
0.279904976605065,0.28273506183823,0.35033970363694,0.364569502968747,0.00283008523316458,0.0142297993318067
0.335225801129746,0.215781424787321,0.275866592407585,0.425147813914329,-0.119444376342425,0.149281221506744
0.250083239270605,0.310507062341916,0.290705687296885,0.326619172557408,0.0604238230713106,0.0359134852605232
0.262045396524726,0.308094538803643,0.312089809681995,0.259343294630878,0.0460491422789174,-0.052746515051116
0.320342724830457,0.354751036192612,0.362598941529672,0.238433364376257,0.0344083113621551,-0.124165577153415
0.225395175648343,0.319723547937168,0.334108843252347,0.254969244469752,0.0943283722888254,-0.0791395987825955
0.201446642163385,0.272151942978842,0.288576327962098,0.229152746809988,0.0707053008154576,-0.0594235811521104
0.296269181890033,0.350954239875583,0.328739594956906,0.216500090987981,0.0546850579855504,-0.112239503968925
0.28474773732396,0.391861357294341,0.250543878704687,0.253396882308803,0.107113619970381,0.00285300360411589
0.188278929236481,0.184866826533079,0.248859508351791,0.380018403619636,-0.00341210270340175,0.131158895267845
0.191731506982094,0.2045603722086,0.214425566133339,0.276707008017784,0.0128288652265053,0.0622814418844446
0.202240099569542,0.226230427479681,0.197025962929349,0.20513310447002,0.0239903279101386,0.00810714154067121
0.206788420374708,0.278133779496971,0.23306273769648,0.244354079764651,0.0713453591222621,0.0112913420681709
0.225427369318589,0.294116291199215,0.238578766399845,0.220809348585794,0.0686889218806264,-0.0177694178140509
0.259389397095183,0.289210417987978,0.403766003891589,0.253266342750636,0.0298210208927949,-0.150499661140952
0.247447850841551,0.318085597392254,0.30752591803808,0.398846052996808,0.0706377465507037,0.0913201349587289
0.303038242026569,0.378284011298172,0.263801251660974,0.291873694399996,0.0752457692716026,0.0280724427390221
0.309670777494339,0.236437403486773,0.290986105065499,0.245976045142955,-0.0732333740075667,-0.0450100599225437
0.176275299933769,0.276851022401095,0.287514178220387,0.404204379538456,0.100575722467326,0.11669020131807
0.231561678678839,0.347895815543511,0.363835470786728,0.327051668869084,0.116334136864672,-0.036783801917644
0.274911691582972,0.320177930914404,0.412312637821511,0.371557253838114,0.0452662393314316,-0.0407553839833973
0.295972591018209,0.390439646230085,0.393687510291527,0.26857058185629,0.094467055211876,-0.125116928435237
0.322231425891251,0.391495116685072,0.365488450737159,0.305001609118087,0.0692636907938212,-0.0604868416190715
0.207775361322599,0.299665632240989,0.363767343404049,0.284950054393096,0.0918902709183897,-0.078817289010953
0.343728180411396,0.274770505481597,0.32713063190033,0.236375397468868,-0.0689576749297992,-0.0907552344314625
0.254502266306442,0.316576590961252,0.38427960317969,0.319813398317674,0.0620743246548098,-0.0644662048620167
0.357738360547542,0.280076958829002,0.391249387136848,0.293047701457078,-0.0776614017185401,-0.09820168567977
0.319997343200928,0.398474230080071,0.33982891718294,0.350772687215909,0.0784768868791434,0.0109437700329684
0.185234751297085,0.300396330809906,0.387841645998893,0.250927120693955,0.115161579512821,-0.136914525304938
0.337994558463736,0.226814041927063,0.371060973961655,0.238423857024335,-0.111180516536673,-0.13263711693732
0.264392504410212,0.250519499046408,0.420528301394476,0.333904672454359,-0.013873005363804,-0.0866236289401162
0.246344406679987,0.349068365638769,0.361877710150498,0.294512613670811,0.102723958958782,-0.0673650964796869
0.304974547468738,0.360797192499751,0.260127711848152,0.226823909138983,0.0558226450310132,-0.0333038027091688
0.230231045191868,0.177257980332907,0.328591192085106,0.257150349859611,-0.0529730648589611,-0.0714408422254947
0.276881495670829,0.269347068585868,0.37527480128757,0.307805364404498,-0.00753442708496116,-0.0674694368830716
0.241759756382498,0.235299285209026,0.255175733546697,0.354851783183403,-0.00646047117347268,0.0996760496367062
0.300782962240724,0.199431934834874,0.306445566658164,0.269153832566134,-0.101351027405851,-0.0372917340920308
0.277851122326249,0.305085787006805,0.293751376968111,0.38717919032579,0.0272346646805566,0.0934278133576786
0.173841265268076,0.213819865990823,0.406460502323091,0.355800873798024,0.0399786007227476,-0.0506596285250666
0.243860998709525,0.220322654760488,0.403678379824553,0.331245891695429,-0.0235383439490366,-0.0724324881291246
0.228945705001451,0.228590668005188,0.343971527937821,0.256693523102836,-0.000355036996262242,-0.0872780048349848
0.221498145540755,0.396192437461224,0.354777203853933,0.267607877397899,0.174694291920469,-0.0871693264560346
0.275287269018563,0.25443940170892,0.341175024908558,0.22131778900208,-0.0208478673096432,-0.119857235906477
0.300482859601156,0.262924103353183,0.414308624009182,0.489638098629774,-0.0375587562479728,0.0753294746205917
0.247258861473685,0.260844724986541,0.381060052616507,0.468538122112948,0.013585863512856,0.0874780694964409
0.270789157269867,0.243108327333286,0.253436601049965,0.29055026391805,-0.027680829936581,0.0371136628680848
0.280007101302014,0.410131613873739,0.32915590951925,0.276547751435772,0.130124512571725,-0.0526081580834779
0.283364112822963,0.330134715814513,0.366998316305643,0.290877083338498,0.0467706029915497,-0.0761212329671443
0.29656222141647,0.247366892875351,0.425936704340229,0.454639734525705,-0.0491953285411189,0.0287030301854757
0.327076285513967,0.342783143746587,0.330922500379237,0.355677686016563,0.0157068582326193,0.0247551856373259
0.24114675351712,0.360572616075464,0.328578536340628,0.315780072469013,0.119425862558344,-0.0127984638716143
0.262687428023547,0.350303123605659,0.342845596177503,0.397893033696078,0.0876156955821122,0.0550474375185747
0.282220485836554,0.2866145524621,0.353825159150254,0.370523546387404,0.00439406662554592,0.0166983872371503
0.324956442037102,0.218296601825693,0.278507747404951,0.388811071031961,-0.106659840211409,0.11030332362701
0.25496909346387,0.30495378377472,0.291935016335149,0.320336464602235,0.0499846903108507,0.0284014482670861
0.256222878999282,0.310578266562691,0.312089809681995,0.255710880573822,0.0543553875634099,-0.0563789291081724
0.324234719896575,0.345244856476641,0.366822290013287,0.243028163638872,0.0210101365800652,-0.123794126374415
0.223859173067458,0.32203302746628,0.337452633439232,0.259208851836524,0.0981738543988223,-0.0782437816027083
0.196390915559678,0.264313877217824,0.287394368757394,0.232010289582303,0.0679229616581458,-0.0553840791750908
0.300815011225478,0.35420820323884,0.333048254372903,0.216232486889817,0.0533931920133621,-0.116815767483086
0.285786686978286,0.393651898688063,0.250543878704687,0.257191297452459,0.107865211709777,0.00664741874777225
0.191703437338789,0.185685687351022,0.227007832139404,0.340043982079649,-0.00601774998776636,0.113036149940245
0.195824091434504,0.207794009371696,0.209118179558428,0.279850462011879,0.011969917937192,0.0707322824534506
0.205704250427265,0.226230427479681,0.215096225012379,0.20513310447002,0.020526177052416,-0.00996312054235948
0.202465474511665,0.280727599677749,0.184974335857709,0.244354079764651,0.0782621251660834,0.0593797439069416
0.226855421037471,0.295019234142962,0.239543269275747,0.223537808179746,0.0681638131054903,-0.0160054610960014
0.259389397095183,0.289210417987978,0.403766003891589,0.253266342750636,0.0298210208927949,-0.150499661140952
0.211001566422561,0.458791819237746,0.26900040462274,0.375419250602902,0.247790252815185,0.106418845980162
0.134409077658153,0.561218476065497,0.329184720477384,0.310371104024562,0.426809398407344,-0.0188136164528218
0.314330110954086,0.473137593577928,0.239753538700775,0.314480834212519,0.158807482623842,0.0747272955117442
0.16297883980624,0,0.313685418375318,0.350444153289734,-0.16297883980624,0.0367587349144163
0.288229275351039,0.558161052406448,0.325822028081174,0.318361100078431,0.269931777055409,-0.00746092800274223
0.339910986733322,0.50674785173601,0.272746964467025,0.309351034531153,0.166836865002688,0.0366040700641283
0.277540041573958,0.482214673160754,0.430249960183412,0.362699838834051,0.204674631586796,-0.0675501213493604
0.283410807175136,0.468712105107401,0.33552183686321,0.342091913934761,0.185301297932265,0.00657007707155066
0.316887800861467,0.372977308346787,0.44553616788706,0.426826307560088,0.0560895074853197,-0.0187098603269724
0.3504986848347,0.353713875141254,0.346727788083125,0.37470485387204,0.00321519030655359,0.0279770657889152
0.289108616517855,0.378347830772766,0.371461005582484,0.366818347365897,0.0892392142549113,-0.00464265821658705
0.236101189285349,0.521049814350752,0.342633273701921,0.444421961465022,0.284948625065403,0.101788687763101
0.222205068945553,0.507132486130854,0.495017065143762,0.46065327949432,0.284927417185302,-0.0343637856494421
0.301614326033221,0.437909471046587,0.338194592233838,0.304604146723356,0.136295145013367,-0.0335904455104815
0.295208643070731,0.397991528455674,0.298104451172622,0.254354525202823,0.102782885384944,-0.0437499259697994
0.293312535447815,0.408153069479255,0.345924568471409,0.32657936071752,0.11484053403144,-0.0193452077538887
0.363368425199219,0.379530883617233,0.338534078149758,0.453978920259342,0.0161624584180139,0.115444842109584
0.35822001075814,0.338135162006591,0.293872853433016,0.335403771779354,-0.0200848487515488,0.0415309183463379
0.209152742333442,0.377021316917554,0.322664536242274,0.273982805003976,0.167868574584112,-0.0486817312382979
0.294801729499937,0.390220723221681,0.278705806361787,0.292779494777356,0.0954189937217433,0.0140736884155685
0.318339802657789,0.414597335844817,0.336073285929213,0.322336156363471,0.0962575331870283,-0.0137371295657422
0.131599447815494,0.413159886759013,0.31395335164439,0.273141208103485,0.281560438943518,-0.0408121435409048
0.236646064670276,0.346184653697109,0.27888535218763,0.332106482933296,0.109538589026833,0.0532211307456654
0.324260008438457,0.412982225196524,0.368416089014493,0.3775694497583,0.0887222167580675,0.00915336074380768
0.259444983031651,0.444348482761019,0.262168733012972,0.336300193607903,0.184903499729367,0.074131460594931
0.237325070529848,0.333272715704497,0.281932647261849,0.246512708913664,0.095947645174649,-0.0354199383481858
0.300179849168604,0.397011539958751,0.349874888787466,0.34367372669369,0.0968316907901468,-0.00620116209377658
0.280947531297122,0.378698481051725,0.28725007968132,0.26472662083381,0.0977509497546034,-0.0225234588475103
0.257845688773157,0.380313305379997,0.289088296315291,0.330024655660708,0.12246761660684,0.0409363593454168
0.299522712862315,0.36674893072299,0.298404002127029,0.366536034963368,0.067226217860675,0.0681320328363391
0.181284892550623,0.450473657550638,0.29744344117735,0.318012595303572,0.269188765000015,0.0205691541262225
0.330686624704408,0.419194146676302,0.405975944055824,0.454787846770725,0.088507521971894,0.0488119027149009
0.283368642710882,0.388281233648147,0.363679403738882,0.359241202486222,0.104912590937265,-0.00443820125266059
0.311095759136402,0.359394048750126,0.286380641711821,0.311501277470487,0.0482982896137239,0.0251206357586661
0.261393369205396,0.397839594554263,0.301717874583868,0.287437988834425,0.136446225348866,-0.0142798857494432
0.280850307142651,0.402284747530127,0.265982461977574,0.263817250348099,0.121434440387477,-0.00216521162947475
0.336175121487444,0.397786201116817,0.260146006540164,0.300751637387606,0.0616110796293732,0.040605630847442
0.258425648390942,0.373634378504829,0.289385217126417,0.427473357663754,0.115208730113888,0.138088140537337
0.336515710560551,0.380264208801468,0.304476440316985,0.433228020019853,0.0437484982409163,0.128751579702868
0.384047966650877,0.381705051450535,0.401707533145951,0.327132935420411,-0.00234291520034202,-0.0745745977255403
0.308338729010116,0.432678240609823,0.386729240114052,0.306262352871247,0.124339511599707,-0.0804668872428053
0.262319976870125,0.374106101382505,0.300697074614351,0.27333017777545,0.11178612451238,-0.0273668968389008
0.314585920568123,0.380138660855343,0.304306715909356,0.280182444457758,0.0655527402872207,-0.024124271451598
0.355765719762023,0.366715373249914,0.244038663777609,0.315733554256355,0.0109496534878914,0.0716948904787467
0.271338596542516,0.420470237622076,0.258433673138357,0.335321493390576,0.14913164107956,0.0768878202522195
0.281701200539492,0.495680362615427,0.247475871103223,0.328224615614993,0.213979162075935,0.0807487445117698
0.242946745553538,0.473391301264249,0.256597640706432,0.378382306978613,0.230444555710711,0.121784666272181
0.169518080501907,0,0.24342489785506,0.343642482243143,-0.169518080501907,0.100217584388083
0.239743652119009,0.577187970369332,0.279895201839173,0.288497622428977,0.337444318250323,0.00860242058980448
0.177356993358457,0.175259544978518,0.283968803945926,0.334534366508096,-0.00209744837993889,0.0505655625621704
0.200766309064717,0.253724775972789,0.270456372264695,0.266713696506334,0.0529584669080725,-0.00374267575836151
0.181427684627307,0.474369299501779,0.312960176786562,0.270598050857378,0.292941614874472,-0.0423621259291834
0.211001566422561,0.460184677864997,0.263918798424446,0.3801311236322,0.249183111442436,0.116212325207754
0.134409077658153,0.561218476065497,0.329184720477384,0.310371104024562,0.426809398407344,-0.0188136164528218
0.319551912336029,0.450306930213568,0.242128945320786,0.320023339395465,0.130755017877539,0.0778943940746786
0.16297883980624,0,0.294471879490793,0.353337316075779,-0.16297883980624,0.0588654365849864
0.291465227486964,0.558161052406448,0.332709208622755,0.299031122074616,0.266695824919485,-0.033678086548139
0.336193384685926,0.48859462786112,0.26510884701217,0.314590609212026,0.152401243175194,0.0494817621998567
0.279591296405016,0.483588647393927,0.40755779871513,0.368941408017677,0.203997350988911,-0.0386163906974529
0.276690427682566,0.472862106500066,0.328333741045739,0.320266303301218,0.1961716788175,-0.00806743774452062
0.318010081020211,0.375774415956046,0.44553616788706,0.420806413216346,0.0577643349358353,-0.0247297546707142
0.347949730076674,0.348276264144232,0.343305327892711,0.37470485387204,0.000326534067557283,0.0313995259793289
0.284225675927708,0.373522281576848,0.373884756096485,0.356570780244154,0.0892966056491399,-0.017313975852331
0.230718386047201,0.503944921278255,0.343632229721632,0.448687763292796,0.273226535231054,0.105055533571164
0.225994420119486,0.508669919954348,0.495017065143762,0.46065327949432,0.282675499834862,-0.0343637856494421
0.305289562573296,0.426177882073578,0.34514432779078,0.298964148668069,0.120888319500282,-0.0461801791227112
0.290854806223266,0.400354072281388,0.299812744498267,0.258117392608666,0.109499266058122,-0.0416953518896012
0.29737547287045,0.410036797348869,0.346738268865684,0.327889341278614,0.112661324478419,-0.0188489275870704
0.366869422930075,0.385132356955493,0.341552693823169,0.456754304469746,0.0182629340254181,0.115201610646577
0.360399055830499,0.341044549747894,0.298843313819768,0.324764888887202,-0.0193545060826054,0.0259215750674341
0.214104288066085,0.380567472060776,0.314792390784516,0.271366269738121,0.166463183994691,-0.0434261210463954
0.297871864540709,0.383141330203525,0.282308331838544,0.290411479842749,0.0852694656628156,0.00810314800420492
0.321434877026301,0.416359759595572,0.336073285929213,0.325458339758243,0.0949248825692708,-0.0106149461709696
0.151342206221877,0.419516437306255,0.327113377066296,0.276741829358763,0.268174231084379,-0.0503715477075337
0.241578514133795,0.342411140667456,0.267303519524754,0.335243823071946,0.100832626533661,0.0679403035471913
0.328103672822986,0.41458114351787,0.355577454006652,0.383987696411268,0.0864774706948842,0.0284102424046155
0.263768370816742,0.412330948946166,0.265060638886593,0.328748748562829,0.148562578129424,0.0636881096762363
0.239955262373231,0.337452824976207,0.284129588297169,0.245952190485783,0.0974975626029755,-0.0381773978113855
0.291216309003108,0.350333275592926,0.351929641877671,0.348951497016567,0.0591169665898174,-0.00297814486110426
0.279579976981471,0.385572207284555,0.283305231060884,0.256358982509956,0.105992230303084,-0.0269462485509286
0.25332585969502,0.375011263111826,0.289088296315291,0.333960039172634,0.121685403416806,0.0448717428573424
0.303853977321196,0.372254336720769,0.30069111206549,0.357082901713252,0.0684003593995732,0.0563917896477615
0.17525818515653,0.437133491720214,0.310659414815141,0.320890621246533,0.261875306563684,0.010231206431392
0.3357638470728,0.423914385113619,0.409282601636109,0.460037509605628,0.088150538040819,0.0507549079695183
0.288625473145328,0.39426005949441,0.367972905278361,0.36633931105172,0.105634586349082,-0.00163359422664094
0.300342061844003,0.365030823161428,0.252251468832364,0.318390614824082,0.0646887613174252,0.0661391459917179
0.244615215124251,0.397839594554263,0.302631664431281,0.289679274569517,0.153224379430012,-0.0129523898617634
0.284974141747755,0.411703254026074,0.270291744140937,0.267701752122398,0.126729112278319,-0.00258999201853971
0.339440775142235,0.402229605552939,0.258049837915535,0.299290046227472,0.0627888304107042,0.0412402083119369
0.247447638705696,0.365965220956193,0.289385217126417,0.437032493473452,0.118517582250497,0.147647276347035
0.34197031434281,0.38534058818192,0.312829479355204,0.422802468975444,0.0433702738391101,0.10997298962024
0.387553766774998,0.386070910146763,0.383879857814856,0.321534132616144,-0.00148285662823466,-0.0623457251987122
0.313824411763322,0.405748332135498,0.386729240114052,0.314072598332528,0.0919239203721758,-0.0726566417815243
0.25515938245054,0.379439052987403,0.304617449133496,0.277580456312447,0.124279670536863,-0.027036992821049
0.308652057631749,0.37430119827803,0.301422701849399,0.285146332536505,0.0656491406462809,-0.0162763693128939
0.331810892200095,0.372021228161281,0.236035114738276,0.312821923338252,0.0402103359611862,0.0767868085999759
0.270787988198146,0.413995097907925,0.268011308955893,0.333766971887287,0.143207109709779,0.0657556629313942
0.2838367735752,0.45216782149417,0.246050458978966,0.323762810660172,0.16833104791897,0.077712351681206
0.243187582023372,0.453816500381558,0.261334000645175,0.378382306978613,0.210628918358186,0.117048306333438
0.169518080501907,0,0.249214907776028,0.343642482243143,-0.169518080501907,0.0944275744671149
0.239743652119009,0.577187970369332,0.284186310264034,0.287057843053943,0.337444318250323,0.00287153278990854
0.180996495888407,0.151012640634622,0.289340828083411,0.322021541867589,-0.0299838552537847,0.0326807137841778
0.207652702599364,0.2732378896843,0.268936838319327,0.272412833691614,0.0655851870849359,0.00347599537228649
0.163985628071133,0.474369299501779,0.297885952276716,0.270598050857378,0.310383671430646,-0.0272879014193376
0.193436166408094,0.465966862622393,0.271878220439928,0.3801311236322,0.272530696214299,0.108252903192272
0.134409077658153,0.561218476065497,0.33206312392037,0.316383647450963,0.426809398407344,-0.015679476469407
0.324915811282979,0.407176468731915,0.234982170540384,0.320023339395465,0.0822606574489363,0.0850411688550805
0.16297883980624,0,0.28795615159579,0.358591209737169,-0.16297883980624,0.0706350581413788
0.292128375046895,0.536741557158529,0.338238956953593,0.305866317819568,0.244613182111634,-0.0323726391340249
0.336193384685926,0.490522556418696,0.262902539757125,0.324870367190649,0.15432917173277,0.0619678274335235
0.275034725383066,0.486849130908778,0.388159994919288,0.347560479111171,0.211814405525712,-0.0405995158081175
0.279355335163651,0.468252262022473,0.316154324877969,0.331002004621429,0.188896926858822,0.0148476797434601
0.309510145105083,0.371921546707719,0.452605484136424,0.424043922340266,0.0624114016026353,-0.0285615617961579
0.351438567418335,0.344300643998377,0.337377060231666,0.377653782872333,-0.007137923419958,0.0402767226406673
0.277802739250886,0.379609750518699,0.365103745755516,0.359186378386771,0.101807011267814,-0.00591736736874476
0.233234365059576,0.508520548800108,0.351059365273945,0.418156407054926,0.275286183740531,0.0670970417809812
0.229225741653036,0.496839162544336,0.482812484973348,0.474641491339905,0.2676134208913,-0.00817099363344298
0.306322044893382,0.43106916805629,0.349592532626257,0.288791282773093,0.124747123162908,-0.0608012498531639
0.292179355205724,0.393338417398881,0.301035994914204,0.261348952290802,0.101159062193156,-0.0396870426234018
0.302040566353821,0.409987559747313,0.352666331714238,0.333069051318438,0.107946993393491,-0.0195972803958001
0.357988726992577,0.394250792905182,0.347490821822699,0.459267238677001,0.0362620659126051,0.111776416854302
0.364093755068245,0.34337712725676,0.301071323912482,0.327677670650069,-0.0207166278114856,0.0266063467375863
0.206478292129428,0.385604519040868,0.310293910451908,0.26961865214608,0.17912622691144,-0.0406752583058279
0.288591475277058,0.390582198975439,0.279056350704944,0.293441438769693,0.101990723698381,0.0143850880647491
0.31253248677149,0.421678885108788,0.341622351352584,0.332326083746267,0.109146398337298,-0.00929626760631719
0.151342206221877,0.392227812334166,0.327113377066296,0.276897856330362,0.240885606112289,-0.0502155207359344
0.239384893057768,0.349240350828705,0.267975965681437,0.336542816645111,0.109855457770937,0.0685668509636743
0.334423369643465,0.407882173635528,0.356824795193391,0.366174126044515,0.0734588039920632,0.00934933085112433
0.260706529816118,0.400960045012713,0.268225258127218,0.334311877674394,0.140253515196594,0.0660866195471755
0.235844196700637,0.337718187548044,0.287706527029889,0.247862846576616,0.101873990847407,-0.0398436804532735
0.294729614307787,0.353717022345836,0.347153156902947,0.351252597747982,0.0589874080380497,0.00409944084503505
0.285798962078129,0.393637788684943,0.281381401832692,0.259716003456336,0.107838826606814,-0.0216653983763563
0.255651278017745,0.375184611358231,0.293895950358024,0.327911738061803,0.119533333340486,0.0340157877037797
0.285424296702257,0.359478319032547,0.289848664974584,0.343749251870417,0.0740540223302903,0.053900586895833
0.179963380375551,0.410643667764956,0.318800434452144,0.330514048497624,0.230680287389405,0.0117136140454796
0.31071641801076,0.4060359912651,0.406502409019177,0.460037509605628,0.0953195732543397,0.0535351005864505
0.279727750509677,0.394061845840854,0.374222859452825,0.36633931105172,0.114334095331177,-0.007883548401105
0.302294847791697,0.370922237495051,0.251640210840347,0.325712133194796,0.0686273897033542,0.074071922354449
0.247481257181268,0.392874979326672,0.307611223311587,0.28621813444368,0.145393722145404,-0.021393088867907
0.279692557922188,0.415945247250467,0.274946482823437,0.2652927462013,0.136252689328279,-0.00965373662213764
0.342640898913711,0.406711476969075,0.254695980418098,0.289867329056841,0.0640705780553639,0.0351713486387432
0.250053489947189,0.371473384101753,0.282269909589088,0.437032493473452,0.121419894154565,0.154762583884363
0.344196732315294,0.389068051826229,0.299925104822958,0.428369854043601,0.0448713195109349,0.128444749220643
0.38958131127665,0.390689168917554,0.386813350492774,0.329730290647052,0.00110785764090399,-0.0570830598457219
0.293302630396781,0.405187253412179,0.386729240114052,0.31884093214255,0.111884623015397,-0.0678883079715019
0.258453875823336,0.375013379726249,0.307711863080687,0.273502163517728,0.116559503902913,-0.0342096995629598
0.311379264685893,0.380579563101363,0.304361916564601,0.284510959599356,0.0692002984154697,-0.0198509569652449
0.279143989038298,0.3762063017464,0.236100852160694,0.3165956481696,0.0970623127081015,0.0804947960089064
0.256703804670016,0.413848715123915,0.258903031347483,0.326341213591181,0.1571449104539,0.0674381822436982
0.287419084661348,0.456796491298719,0.241193079557622,0.326357411573739,0.169377406637371,0.0851643320161173
0.246172300704274,0.439139242893948,0.26359658872117,0.39099940146589,0.192966942189674,0.12740281274472
0.169518080501907,0,0.25368646821901,0.34794606433568,-0.169518080501907,0.0942595961166703
0.243380716617573,0.577187970369332,0.286338152355493,0.287412286828794,0.333807253751759,0.00107413447330151
0.187983375206448,0.151012640634622,0.289340828083411,0.313033018950726,-0.0369707345718257,0.023692190867315
0.20320674678424,0.26012984032612,0.272963006754602,0.278411546719458,0.05692309354188,0.00544853996485589
0.170802617339309,0.474369299501779,0.300245851968697,0.259269055556191,0.30356668216247,-0.0409767964125061
0.128957444272063,0.468556018140512,0.265543229594997,0.337128530310757,0.339598573868449,0.0715853007157605
0.134409077658153,0.561218476065497,0.33206312392037,0.319218395326094,0.426809398407344,-0.0128447285942754
0.328335345830678,0.413782601622288,0.231603010583417,0.324332958761052,0.0854472557916103,0.0927299481776349
0.184307989136969,0,0.273617593586747,0.342532355486039,-0.184307989136969,0.0689147618992913
0.281045886233633,0.514756540468632,0.32381951767881,0.298389473974019,0.233710654235,-0.0254300437047908
0.338870128091741,0.494216261961091,0.259403753192005,0.32814668044545,0.15534613386935,0.0687429272534447
0.276548805216067,0.474286384972023,0.38975955157351,0.351044340736774,0.197737579755956,-0.0387152108367353
0.282416892492176,0.471926902993491,0.301086701897615,0.334761904454202,0.189510010501315,0.0336752025565866
0.314192277081826,0.371722647485,0.452605484136424,0.391252997921022,0.0575303704031742,-0.0613524862154018
0.321713936789757,0.349731843502171,0.339133947445683,0.385226874062169,0.0280179067124134,0.046092926616486
0.251048058706872,0.384144075943734,0.36733597786872,0.35217630462572,0.133096017236863,-0.0151596732430005
0.233945759749303,0.511207069308556,0.351059365273945,0.393074916537874,0.277261309559252,0.0420155512639295
0.225008380247456,0.498264029569951,0.48545827283858,0.478946996060339,0.273255649322495,-0.00651127677824132
0.301932042079854,0.438817036825303,0.349592532626257,0.293365260123592,0.136884994745449,-0.0562272725026646
0.296699662309945,0.399303246215923,0.30413786418448,0.265503800170801,0.102603583905979,-0.0386340640136789
0.298438432528085,0.405391897577417,0.354889537176595,0.329030636008385,0.106953465049331,-0.0258589011682099
0.352257760428796,0.385482666359931,0.350706887574927,0.461954567654671,0.0332249059311354,0.111247680079744
0.36876884984669,0.326799816294936,0.305629934359163,0.330488933537101,-0.0419690335517545,0.0248589991779375
0.20934824446668,0.372608614104639,0.308099617332995,0.27318063229716,0.16326036963796,-0.0349189850358352
0.290919170893749,0.394447576483891,0.272871539299657,0.297102330803276,0.103528405590142,0.0242307915036195
0.307207178806577,0.417352850690395,0.332023284835463,0.338094588299999,0.110145671883818,0.00607130346453638
0.145474221458237,0.392795671039143,0.327113377066296,0.276399551605822,0.247321449580906,-0.0507138254604739
0.232718654614222,0.356306119596982,0.259991902067009,0.330359268720836,0.12358746498276,0.0703673666538271
0.338688938962009,0.411806214146491,0.346798715344414,0.352249460291988,0.0731172751844826,0.00545074494757447
0.264200176019251,0.398882731453506,0.263572701994856,0.334311877674394,0.134682555434256,0.0707391756795377
0.239482137595878,0.338356998439538,0.289869135819179,0.250844827795543,0.0988748608436601,-0.0390243080236358
0.297854683588316,0.358556091857595,0.350959990704382,0.341690054948581,0.0607014082692789,-0.00926993575580104
0.281233146123636,0.376635789292707,0.284021048924905,0.265300198045325,0.095402643169071,-0.0187208508795799
0.253929106477118,0.380764834381941,0.295834980572327,0.332364225086775,0.126835727904823,0.0365292445144478
0.288977470995348,0.365474422648373,0.276888851491124,0.333609960307319,0.076496951653025,0.0567211088161948
0.183820843949463,0.391621103302403,0.298749781071637,0.332030408465336,0.20780025935294,0.0332806273936989
0.304653246353666,0.40797729341454,0.407668933242457,0.476206635629447,0.103324047060875,0.0685377023869903
0.264986016871025,0.397631859004694,0.37822220347406,0.371595704462029,0.132645842133668,-0.00662649901203061
0.304770949273691,0.377033905390591,0.254544792194207,0.317399549785882,0.0722629561168996,0.0628547575916749
0.249449882402346,0.397990471074506,0.29643852393503,0.290490933561204,0.148540588672161,-0.00594759037382636
0.283114471079128,0.420040247068813,0.275458265991519,0.269789441316576,0.136925775989685,-0.00566882467494345
0.343583999339326,0.401936333588493,0.254695980418098,0.273858914252642,0.0583523342491668,0.0191629338345434
0.246487833107959,0.378424012042613,0.282269909589088,0.385901133031831,0.131936178934654,0.103631223442742
0.346411488844107,0.394269389592728,0.302034216547985,0.428369854043601,0.0478579007486213,0.126335637495616
0.38958131127665,0.391071839195864,0.358401303426087,0.331229681124546,0.00149052791921356,-0.0271716223015405
0.295197328940582,0.392654645708617,0.386729240114052,0.31979219239201,0.0974573167680344,-0.0669370477220426
0.253666192558007,0.373620348418961,0.309365569541279,0.277560184215825,0.119954155860954,-0.0318053853254542
0.312298500583985,0.386705778428076,0.296026209941952,0.280865213186157,0.0744072778440911,-0.0151609967557952
0.275393155566228,0.378835377244486,0.239148227619676,0.309247560429382,0.103442221678258,0.0700993328097056
0.252041116080595,0.420366500752538,0.262759257703374,0.322829213406642,0.168325384671943,0.0600699557032679
0.290805273145726,0.43816055717867,0.245695008587759,0.318434489220273,0.147355284032944,0.0727394806325139
0.243801423332089,0.446789627393259,0.260527795814065,0.385794896597158,0.202988204061171,0.125267100783093
0.169518080501907,0,0.260112427886188,0.342232059751432,-0.169518080501907,0.0821196318652439
0.243380716617573,0.34872210505742,0.268045686124239,0.288369669390471,0.105341388439847,0.0203239832662318
0.192805021947936,0.151012640634622,0.274239773351745,0.313033018950726,-0.0417923813133142,0.0387932455989815
0.193354532054659,0.271347288652034,0.279371095658649,0.281233597124782,0.0779927565973751,0.00186250146613298
0.179233091073862,0.474369299501779,0.285561949437171,0.262990951261028,0.295136208427917,-0.0225709981761428
0.128957444272063,0.47389014228159,0.263791721467899,0.345079468517043,0.344932698009528,0.0812877470491435
0.134409077658153,0.547843959924573,0.33206312392037,0.321971858369386,0.41343488226642,-0.0100912655509837
0.32046378200163,0.421162966252864,0.235947513884209,0.324332958761052,0.100699184251234,0.0883854448768427
0.184307989136969,0,0.279404707565606,0.310315096728395,-0.184307989136969,0.0309103891627892
0.286093534961677,0.495084060747377,0.326934451220099,0.285537685109317,0.2089905257857,-0.0413967661107819
0.329116201077736,0.50347579541528,0.261819005845008,0.317778213815289,0.174359594337545,0.0559592079702813
0.253662011434988,0.484636077288209,0.377533769564855,0.356187736645982,0.230974065853221,-0.0213460329188727
0.280237736536747,0.480608311166842,0.30474421531025,0.337764097777818,0.200370574630095,0.0330198824675685
0.307464059896407,0.37684711183541,0.431903307513899,0.396242486637787,0.0693830519390036,-0.0356608208761119
0.326081911457279,0.345718490328614,0.340973837061661,0.395377596794853,0.0196365788713353,0.0544037597331917
0.245534324019971,0.393817557180302,0.362981448594592,0.347120711219549,0.148283233160331,-0.0158607373750425
0.230059294287182,0.518833634406802,0.352035865177084,0.386637306406582,0.28877434011962,0.0346014412294973
0.229650680164142,0.47773004879914,0.48545827283858,0.458191763855712,0.248079368634998,-0.0272665089828688
0.308043803714787,0.44925355505362,0.352308257260211,0.298484942524394,0.141209751338832,-0.053823314735817
0.302505098048956,0.390529554712454,0.299295630547759,0.269694777680351,0.0880244566634983,-0.0296008528674077
0.294174146687991,0.400541694354904,0.349736808694907,0.323129493378714,0.106367547666912,-0.026607315316193
0.356795200988286,0.393421315425379,0.35693791587632,0.439699434446796,0.0366261144370934,0.0827615185704754
0.347706600186955,0.332010570209031,0.3009452609537,0.29704726218424,-0.0156960299779246,-0.00389799876946045
0.207199618410441,0.379852867934176,0.312802308642291,0.27729528484509,0.172653249523734,-0.0355070237972008
0.295663860620668,0.400776093164978,0.27107480060468,0.300221722248013,0.10511223254431,0.0291469216433329
0.309810929832304,0.419920279506393,0.315428750313013,0.328264534860941,0.110109349674089,0.0128357845479279
0.145474221458237,0.392795671039143,0.327113377066296,0.283008477101117,0.247321449580906,-0.0441048999651796
0.223931926088516,0.361902186780101,0.262218505084498,0.33531398079567,0.137970260691584,0.0730954757111725
0.334085230319442,0.414521629258068,0.353066744238181,0.355819165841037,0.080436398938625,0.00275242160285577
0.268011449481635,0.406329872736328,0.266795358229529,0.331253599093095,0.138318423254693,0.0644582408635659
0.238356213742848,0.341889972470658,0.285246579131201,0.254127458058941,0.10353375872781,-0.0311191210722608
0.301443355871293,0.355206033588543,0.358403339355468,0.337446812316966,0.0537626777172499,-0.0209565270385016
0.28471920965431,0.384699653905263,0.288869692672808,0.269505978784488,0.0999804442509533,-0.0193637138883203
0.251120879192475,0.376112166366727,0.299735821128213,0.335207874287135,0.124991287174252,0.0354720531589213
0.292668910049155,0.369650477764622,0.278341232692868,0.334505152905058,0.0769815677154675,0.0561639202121895
0.181873977868692,0.383319498081257,0.298749781071637,0.316071587952858,0.201445520212566,0.0173218068812208
0.307409130110375,0.409821817629577,0.410828157745996,0.476206635629447,0.102412687519202,0.0653784778834511
0.268377456774711,0.390704097881476,0.387415845982578,0.357460921552496,0.122326641106765,-0.0299549244300824
0.307018315841441,0.371345523958902,0.257318966625468,0.318978412515118,0.0643272081174617,0.0616594458896498
0.245655672554576,0.406019768331921,0.289163096961842,0.285354907955481,0.160364095777345,-0.00380818900636098
0.28653202997968,0.424468178208965,0.268179904821412,0.274256071958478,0.137936148229285,0.00607616713706527
0.34696298946632,0.402922545256048,0.259344740681001,0.269747223822617,0.0559595557897277,0.0104024831416163
0.250495261345693,0.371622586668169,0.278002126778652,0.385901133031831,0.121127325322476,0.107899006253179
0.323134593032262,0.38389606373988,0.309798176959515,0.428369854043601,0.0607614707076178,0.118571677084086
0.373238703640034,0.388991462793291,0.334111729587893,0.331229681124546,0.0157527591532571,-0.00288204846334705
0.297544517717512,0.3998007085369,0.376770584645299,0.314353021436112,0.102256190819388,-0.0624175632091871
0.256915408678699,0.380084351241793,0.286974985394299,0.282348318036258,0.123168942563094,-0.00462666735804118
0.314676334102078,0.392806342949269,0.298900543663128,0.28571889299245,0.0781300088471914,-0.0131816506706781
0.269871211182711,0.381185811031612,0.237362368169546,0.302866903803866,0.111314599848901,0.0655045356343203
0.25605095241398,0.425597107480186,0.270509899488843,0.323717067503667,0.169546155066207,0.0532071680148233
0.279993885874551,0.396461868064315,0.245369311692195,0.321888320118746,0.116467982189764,0.0765190084265511
0.247010630160016,0.450314853806806,0.267164451138053,0.36913419586735,0.203304223646791,0.101969744729296
0.191194964385892,0,0.2581439834651,0.31253491739353,-0.191194964385892,0.0543909339284303
0.243380716617573,0.34872210505742,0.269973405557605,0.29042261387078,0.105341388439847,0.0204492083131753
0.195897472818481,0.160978216257693,0.272372576767282,0.295461841572097,-0.0349192565607881,0.0230892648048143
0.195081885652992,0.290800729995784,0.285648227449705,0.285428907039602,0.0957188443427922,-0.000219320410103141
0.185214597676286,0.474369299501779,0.285561949437171,0.271423512238367,0.289154701825493,-0.014138437198804
0.128957444272063,0.477791146368206,0.263549962806502,0.337241915779603,0.348833702096143,0.0736919529731009
0.134367639460603,0.534292060007121,0.33206312392037,0.298815054925508,0.399924420546518,-0.0332480689948613
0.321761915113765,0.427361235559885,0.231004620589766,0.304931438325483,0.105599320446121,0.0739268177357172
0.184307989136969,0,0.281128570854934,0.311911568271105,-0.184307989136969,0.030782997416171
0.268441835227717,0.490729985464778,0.330599478986287,0.292759860609511,0.222288150237061,-0.0378396183767756
0.333738515766036,0.508663604015875,0.263661362548178,0.31601710979232,0.174925088249839,0.052355747244142
0.249295636837319,0.491304004098007,0.379205815612771,0.350162125943112,0.242008367260688,-0.0290436896696586
0.276982520748591,0.467317349563466,0.307442272149071,0.330347246365802,0.190334828814875,0.0229049742167314
0.301542666770804,0.381234421141107,0.406716922708103,0.400575889723326,0.0796917543703023,-0.0061410329847767
0.316765136804319,0.352771988415151,0.347649640987729,0.395377596794853,0.0360068516108322,0.0477279558071241
0.247934149034718,0.378555958206272,0.351599139889061,0.349642854762552,0.130621809171554,-0.00195628512650903
0.233976975648661,0.523452702151957,0.340034018294352,0.37312445264977,0.289475726503296,0.0330904343554186
0.231875650164459,0.483527320691808,0.48545827283858,0.448954334622818,0.251651670527349,-0.0365039382157623
0.294378284561207,0.436348293486633,0.34887327340216,0.307485707256295,0.141970008925427,-0.0413875661458655
0.291022488820824,0.387646076889972,0.294452413397261,0.2740486883711,0.0966235880691477,-0.0204037250261613
0.297283917023263,0.398329030709109,0.348118361065625,0.316030062891238,0.101045113685845,-0.0320882981743871
0.359565252549794,0.400020369990142,0.360984864838814,0.439699434446796,0.040455117440348,0.0787145696079819
0.350354485816031,0.337009462176074,0.292613980849949,0.290799722578354,-0.013345023639957,-0.00181425827159504
0.209986772395229,0.377058759008401,0.307992139848064,0.274019405826989,0.167071986613172,-0.0339727340210755
0.296603957642934,0.403995267854309,0.269821032983812,0.303138130334944,0.107391310211375,0.0333170973511324
0.312128463946903,0.405761034099232,0.290630967894851,0.328264534860941,0.0936325701523295,0.0376335669660899
0.152704412426468,0.392795671039143,0.188335689888173,0.275374609344007,0.240091258612675,0.0870389194558333
0.215497233583017,0.36552763483232,0.267742850883038,0.33900135290075,0.150030401249303,0.0712585020177119
0.33565314057822,0.413614300545647,0.358032361179614,0.35699666249443,0.0779611599674271,-0.00103569868518333
0.25623373019902,0.369435694241377,0.267820588376044,0.331253599093095,0.113201964042357,0.0634330107170508
0.240481306646889,0.347169038465698,0.287974483222874,0.24899561562134,0.106687731818809,-0.0389788676015336
0.297069763256526,0.358461266173489,0.362668247060021,0.325793663712895,0.0613915029169629,-0.036874583347126
0.287376368166752,0.390802716549739,0.293849963047727,0.273036712784524,0.103426348382986,-0.0208132502632027
0.254675286093811,0.381430135187838,0.286959794749362,0.339441538418344,0.126754849094026,0.0524817436689827
0.287784018056203,0.368999062161504,0.282668575311043,0.321277347716675,0.081215044105301,0.0386087724056325
0.179461012537152,0.388517831181772,0.298749781071637,0.324070054431474,0.20905681864462,0.0253202733598368
0.288520166581621,0.415897409837273,0.393054217783573,0.483756958192307,0.127377243255652,0.090702740408734
0.271001099584161,0.38837350947901,0.390184558980418,0.358620697268155,0.117372409894849,-0.0315638617122627
0.299267299145431,0.376793377461419,0.259927997846735,0.323830998230501,0.0775260783159881,0.063903000383766
0.248506226480129,0.411159221086417,0.29622568010999,0.289135396259468,0.162652994606288,-0.00709028385052174
0.279227801043333,0.426364328935174,0.271058018501325,0.278409178459946,0.147136527891841,0.0073511599586209
0.34992713141469,0.407381100072178,0.264686374999695,0.273333018685685,0.0574539686574881,0.00864664368598989
0.25281755881545,0.378107887448835,0.285513199611461,0.389890382284129,0.125290328633386,0.104377182672668
0.326501406911478,0.387946858041691,0.312382948412793,0.407358838070919,0.0614454511302127,0.0949758896581265
0.374886699954348,0.385606242928251,0.310535112004067,0.312661330229891,0.0107195429739029,0.00212621822582443
0.275911510590278,0.403561606722753,0.322946215410257,0.315614703622037,0.127650096132475,-0.00733151178821939
0.260448430223037,0.386757724130127,0.292002616754756,0.286067047446932,0.126309293907089,-0.00593556930782407
0.317003038405586,0.378029751675299,0.29858194803368,0.28986232736235,0.061026713269713,-0.00871962067133031
0.272440818012023,0.38837062314651,0.238256808580991,0.307795742069484,0.115929805134488,0.0695389334884926
0.25953101891554,0.421101339416452,0.244304188112519,0.31483522469174,0.161570320500912,0.0705310365792205
0.283899250342169,0.392845876236984,0.24690120947047,0.327137639765323,0.108946625894815,0.0802364302948539
0.252357845043922,0.45213834650954,0.267198134479615,0.339839311545291,0.199780501465618,0.0726411770656762
0.162997991622374,0,0.262132762094069,0.305220231117673,-0.162997991622374,0.0430874690236038
0.221259486926279,0.234341904974802,0.269973405557605,0.293729601380712,0.0130824180485229,0.0237561958231066
0.19077508046365,0.160978216257693,0.275259965341528,0.286521887247789,-0.0297968642059567,0.0112619219062616
0.198568859107762,0.290800729995784,0.287679469490849,0.288972685040409,0.0922318708880218,0.00129321554956008
0.192306546468655,0.474369299501779,0.289152632894065,0.278278571185881,0.282062753033124,-0.0108740617081844
0.29620508661607,0.416451147672622,0.158729775468806,0.249600912807351,0.120246061056552,0.0908711373385444
0.255963747858513,0.371832477616444,0.264185678346229,0.208592332518811,0.115868729757932,-0.0555933458274175
0.423143878153708,0.327590928367491,0.324239048751661,0.154476329662898,-0.0955529497862173,-0.169762719088763
0.262335065688381,0.344174089190278,0.1665351913414,0.148021409035331,0.0818390235018964,-0.0185137823060697
0.23639839337158,0.447458394712206,0.141582037585156,0.192194601494914,0.211060001340625,0.0506125639097576
0.274654888422709,0.405138572221791,0.25268368106888,0.267119856597149,0.130483683799082,0.014436175528269
0.286214067767972,0.460299588183823,0.273921891227755,0.289222985047729,0.174085520415851,0.0153010938199744
0.245347388170664,0.381547989438566,0.241557825601967,0.248913058785173,0.136200601267902,0.00735523318320641
0.242828275957081,0.315716977428955,0.30035793915907,0.221619900179892,0.0728887014718741,-0.0787380389791785
0.26572244905502,0.415058743255972,0.356206812278955,0.173751183508914,0.149336294200953,-0.182455628770041
0.305596527142833,0.406341328414901,0.292187965005618,0.215170686188404,0.100744801272068,-0.0770172788172135
0.218304993023549,0.472529215821758,0.149610989626456,0.229187262779054,0.254224222798209,0.0795762731525984
0.202560724621812,0.429939323341085,0.228526188042732,0.26452155088755,0.227378598719273,0.0359953628448176
0.175166116474546,0.384805187370528,0.259237879747388,0.145678635654875,0.209639070895982,-0.113559244092513
0.255786160228042,0.328624649425018,0.268187531501493,0.128860615047077,0.0728384891969764,-0.139326916454416
0.299307814805709,0.325085957419476,0.282896816644424,0.201630719063295,0.0257781426137673,-0.0812660975811289
0.37500362165439,0.360676407235231,0.31094120052815,0.272986749227849,-0.0143272144191588,-0.0379544513003008
0.326869128795644,0.388261955613806,0.31114666288936,0.163285619907119,0.0613928268181629,-0.147861042982241
0.255294301093172,0.342254446726514,0.271589717307837,0.184795676847655,0.0869601456333424,-0.0867940404601822
0.345222702189932,0.334865020669926,0.26531315217407,0.208386974518011,-0.0103576815200053,-0.0569261776560592
0.263971269128412,0.311240394297767,0.259320746837127,0.283946930866917,0.0472691251693553,0.0246261840297897
0.264325921969395,0.271029631470741,0.2395641953168,0.165625514345016,0.00670370950134647,-0.0739386809717844
0.334897184775416,0.294677489149119,0.251870977335876,0.242290757815447,-0.0402196956262968,-0.00958021952042837
0.241693474198137,0.325999876287412,0.282593334515922,0.207563142223338,0.0843064020892745,-0.0750301922925843
0.240751137703297,0.416475484090128,0.160283154878681,0.23878041180621,0.175724346386832,0.0784972569275292
0.292225172508796,0.323908842257259,0.257354814784471,0.191688936783372,0.0316836697484628,-0.0656658780010988
0.279877366021323,0.278205124560869,0.208010091581672,0.156282014864806,-0.00167224146045414,-0.0517280767168665
0.320106208471594,0.355874287133765,0.288345795984657,0.185107246265713,0.0357680786621703,-0.103238549718943
0.298210492863212,0.383282762175049,0.239071640802596,0.19853545849275,0.0850722693118366,-0.0405361823098459
0.242019198474537,0.251344562690787,0.211528059002783,0.23629434608893,0.00932536421624988,0.0247662870861465
0.244312073666772,0.315887430668504,0.405281948780085,0.188181130820837,0.0715753570017323,-0.217100817959248
0.297277134207378,0.313894880039659,0.252020527124028,0.242743734265831,0.0166177458322819,-0.00927679285819696
0.356005392764169,0.291493725299209,0.212271915026359,0.215534892858347,-0.0645116674649603,0.00326297783198848
0.21692740852688,0.233584909006216,0.203430875235636,0.214156974463285,0.0166575004793365,0.0107260992276495
0.170905716660768,0.380878355888712,0.274733357178826,0.186263180279974,0.209972639227944,-0.088470176898852
0.191459895365081,0.245208366457725,0.175374691041531,0.217621326897853,0.0537484710926445,0.0422466358563213
0.211862255772399,0.365815205164933,0.365850214584573,0.202929229949925,0.153952949392534,-0.162920984634648
0.233490903933697,0.408338890059302,0.253493850188568,0.232058428702904,0.174847986125605,-0.0214354214856631
0.235599785405035,0.400331237123738,0.232948833425249,0.173407798177261,0.164731451718703,-0.0595410352479884
0.246371702115783,0.416537344492273,0.401548468419586,0.231247938777989,0.17016564237649,-0.170300529641597
0.256445942841706,0.415577053112838,0.485219421390775,0.38546094550949,0.159131110271132,-0.0997584758812854
0.21786428138922,0.429082955229885,0.268335761766199,0.177119724142343,0.211218673840665,-0.0912160376238561
0.255542128766617,0.356698786326825,0.243996040468372,0.187091336834107,0.101156657560208,-0.0569047036342646
0.225422108205262,0,0.213490450919456,0.160576192145395,-0.225422108205262,-0.0529142587740608
0.288200818292112,0.453794812847754,0.369926288484026,0.372659958638208,0.165593994555642,0.00273367015418208
0.264162179237733,0.432460713835117,0.401344397726154,0.339932614416679,0.168298534597384,-0.0614117833094747
0.244192186916434,0.26811480450635,0.217388259819873,0.18447367164612,0.0239226175899162,-0.0329145881737531
0.21767822073521,0.368443661314244,0.270424860893879,0.190771963016201,0.150765440579034,-0.0796528978776781
0.409833320571765,0.371814197627067,0.381636443999868,0.21000411565061,-0.0380191229446971,-0.171632328349258
0.197736904093731,0.348980635384454,0.295016081852271,0.281716051168446,0.151243731290724,-0.0133000306838255
0.254030319419013,0.38484480396468,0.39768719869895,0.234575391429575,0.130814484545667,-0.163111807269375
0.25195217857767,0.329341983866896,0.483057078855766,0.376918929763407,0.0773898052892258,-0.106138149092359
0.300572016708352,0.423534546102212,0.146572436934789,0.251024573761023,0.12296252939386,0.104452136826234
0.244566514454904,0.37755818053093,0.264185678346229,0.193900288821062,0.132991666076027,-0.0702853895251665
0.423143878153708,0.33051729702382,0.324239048751661,0.15404013114672,-0.0926265811298884,-0.170198917604941
0.267565874547923,0.346841217822877,0.1573631495255,0.145012716062734,0.0792753432749546,-0.0123504334627661
0.238572462971547,0.440301422775116,0.144089101838933,0.181613639290391,0.20172895980357,0.0375245374514578
0.268220280552817,0.409331705989421,0.254038720025835,0.254286769723143,0.141111425436604,0.000248049697308239
0.291281553012754,0.450305462815657,0.275158930806269,0.290377021208467,0.159023909802903,0.0152180904021973
0.248074472652784,0.388271460400009,0.241557825601967,0.249570276232436,0.140196987747226,0.0080124506304691
0.245064075104486,0.314131194750607,0.30035793915907,0.22336471636789,0.0690671196461211,-0.0769932227911806
0.256251414490678,0.416647191819255,0.356206812278955,0.174926479310864,0.160395777328577,-0.181280332968092
0.31053050526357,0.406341328414901,0.274664731603541,0.216187771939914,0.0958108231513302,-0.0584769596636262
0.220714674782134,0.45364850044967,0.14643305284342,0.231772648679741,0.232933825667536,0.0853395958363213
0.201292365275612,0.42708291969723,0.228526188042732,0.265157747170502,0.225790554421617,0.0366315591277696
0.163820832372488,0.379084892172588,0.241994217131732,0.146568953377805,0.215264059800099,-0.0954252637539272
0.258430968319796,0.331587394469537,0.268187531501493,0.12405141097139,0.0731564261497413,-0.144136120530103
0.30312420628869,0.319597258630542,0.272917995940944,0.202686946185405,0.0164730523418524,-0.0702310497555397
0.37950554547444,0.323179798445419,0.298903942953177,0.274335419898182,-0.0563257470290204,-0.0245685230549953
0.330345111408629,0.390252198304998,0.313337690399525,0.163285619907119,0.0599070868963686,-0.150052070492406
0.257878366730264,0.347332941484683,0.272843604711622,0.185323325357827,0.0894545747544185,-0.087520279353795
0.350500269760325,0.347759607357201,0.269196694958939,0.211120312380133,-0.00274066240312432,-0.0580763825788062
0.260120822849425,0.306722065256723,0.234070100376467,0.289511867904426,0.0466012424072976,0.0554417675279582
0.262434249409802,0.271029631470741,0.240139153126682,0.167959406448933,0.00859538206093879,-0.0721797466777493
0.328485114070404,0.302771572255799,0.254204955719762,0.205770102547913,-0.0257135418146051,-0.0484348531718491
0.237679831963009,0.330144065218719,0.284493099484698,0.208707312724303,0.0924642332557105,-0.0757857867603948
0.244240964626148,0.420263877423722,0.162714859504766,0.227238361076787,0.176022912797574,0.064523501572021
0.296544082569485,0.32855513089977,0.259735398967607,0.194860859765618,0.0320110483302842,-0.0648745392019897
0.27606657145002,0.281039367866169,0.213066134439918,0.158321386968607,0.00497279641614851,-0.0547447474713116
0.305872419152522,0.359157416855375,0.291408977710859,0.188473091498853,0.0532849977028535,-0.102935886212006
0.302516194119163,0.365743708524201,0.235450881670392,0.192683617826371,0.0632275144050375,-0.0427672638440212
0.241616848084842,0.251344562690787,0.206011224614361,0.220140381636688,0.00972771460594438,0.0141291570223269
0.232362986517667,0.323140197164188,0.377895511309866,0.187260608991984,0.0907772106465212,-0.190634902317882
0.273390688144442,0.316394046599153,0.219647782881009,0.232734131070147,0.0430033584547109,0.013086348189138
0.361099188787478,0.297681002748716,0.206582171850893,0.218286383365575,-0.0634181860387619,0.011704211514682
0.219098309464766,0.227760906902102,0.191723188466163,0.183904355855108,0.00866259743733558,-0.00781883261105545
0.170905716660768,0.363341931441185,0.274733357178826,0.189398960260316,0.192436214780416,-0.08533439691851
0.181483627777669,0.245208366457725,0.177838587798647,0.220946151922773,0.0637247386800559,0.0431075641241261
0.211862255772399,0.370554762449953,0.370762101500967,0.204036401163536,0.158692506677554,-0.166725700337431
0.232114607172479,0.413845313852781,0.255032280797713,0.236480776488965,0.181730706680302,-0.0185515043087487
0.236525708974617,0.386336385427509,0.235938986288267,0.175246470676192,0.149810676452891,-0.0606925156120752
0.237860270650884,0.423071989022123,0.377524815531681,0.235725225660009,0.185211718371239,-0.141799589871672
0.260125274565059,0.422752045102218,0.488305845773729,0.390088075397007,0.162626770537159,-0.0982177703767215
0.220240411739224,0.415570931245626,0.258712726430961,0.178964967722281,0.195330519506402,-0.0797477587086803
0.248390537798879,0.362569758464794,0.247397430474647,0.189852516641009,0.114179220665915,-0.0575449138336377
0.223238166638434,0,0.215099605385742,0.154492712581775,-0.223238166638434,-0.0606068928039667
0.292073572907456,0.459997075592634,0.374248284304469,0.350212748808484,0.167923502685178,-0.0240355354959851
0.267159051182069,0.401856661211885,0.405298602307892,0.321457174156425,0.134697610029816,-0.0838414281514664
0.247110533116487,0.272224266179902,0.223031121070097,0.187519843028306,0.0251137330634147,-0.0355112780417909
0.217460662504319,0.358830715229742,0.246860883542358,0.184769846205347,0.141370052725423,-0.0620910373370114
0.339387860678184,0.359236589157219,0.385252555553431,0.211605607725028,0.0198487284790347,-0.173646947828403
0.201545748805513,0.351508984187117,0.29937515542731,0.284295231117499,0.149963235381604,-0.0150799243098103
0.240511442523673,0.391939203454983,0.403286950603415,0.239239128417375,0.151427760931309,-0.16404782218604
0.261097342022288,0.32791744645327,0.48504784032333,0.348029345974883,0.0668201044309827,-0.137018494348447
0.304155943815805,0.426202060342709,0.145988363707445,0.253995971267601,0.122046116526904,0.108007607560156
0.235622166924867,0.380741990130517,0.264185678346229,0.196490402153892,0.145119823205651,-0.0676952761923363
0.428295859417407,0.332020879694385,0.325339918894399,0.155658488651803,-0.0962749797230222,-0.169681430242596
0.270512008333077,0.308009678282278,0.158866995346111,0.141573304894903,0.0374976699492005,-0.0172936904512089
0.226941231482444,0.444045279904703,0.145126717659541,0.171642761731629,0.217104048422259,0.0265160440720881
0.27307632337987,0.415342595241472,0.255149605091895,0.256851573465419,0.142266271861602,0.00170196837352382
0.297492135042019,0.454195508981018,0.227288588162705,0.275037737184397,0.156703373938999,0.0477491490216917
0.24453283627094,0.382754394228171,0.243187725287605,0.252263196083529,0.138221557957231,0.00907547079592408
0.234863883598865,0.319662202925305,0.304200278069812,0.215435530814443,0.0847983193264393,-0.0887647472553695
0.232157500560188,0.386291199075467,0.339783846441549,0.163158242218234,0.15413369851528,-0.176625604223315
0.311496806662861,0.406341328414901,0.263929491458479,0.218315116829503,0.0948445217520392,-0.0456143746289761
0.215789110567455,0.456582748744343,0.145395452107875,0.213592013546416,0.240793638176889,0.068196561438541
0.201259991118816,0.431329162479837,0.233812419622352,0.268107254743511,0.230069171361021,0.0342948351211586
0.160285787854368,0.368023698004878,0.236195203939584,0.140306874465697,0.20773791015051,-0.0958883294738872
0.259310603094685,0.336412614340931,0.271034324569729,0.126511768939073,0.0771020112462453,-0.144522555630656
0.307568158475425,0.324353822111516,0.275901787864795,0.205116492488615,0.0167856636360919,-0.0707852953761802
0.380815556968561,0.324380564022018,0.301516468830877,0.277012013283293,-0.0564349929465431,-0.024504455547584
0.332312924617278,0.399744206690919,0.287860788687461,0.150138514806416,0.0674312820736411,-0.137722273881044
0.25959093923629,0.338498748709893,0.274574872992723,0.177447779957355,0.0789078094736023,-0.0971270930353683
0.354601653381138,0.347759607357201,0.262103919366636,0.212888331513427,-0.00684204602393718,-0.0492155878532091
0.256187967197352,0.278050560741546,0.224588170031603,0.277708211488709,0.0218625935441941,0.0531200414571062
0.263002784476312,0.193707286084104,0.24264010420888,0.169252332091186,-0.0692954983922084,-0.0733877721176943
0.331877520512977,0.310526139162816,0.25749511525979,0.198490325149597,-0.0213513813501611,-0.0590047901101935
0.231477107812651,0.332184191075365,0.287611761127604,0.210187375643037,0.100707083262713,-0.0774243854845671
0.247211570947934,0.412505071803038,0.161172617851506,0.229954652940883,0.165293500855103,0.0687820350893775
0.300372372342652,0.320354393551195,0.263111963965583,0.195874255866182,0.0199820212085426,-0.0672377080994009
0.261185529110739,0.288109003793541,0.193276430546655,0.159721521231705,0.0269234746828018,-0.0335549093149496
0.30221784941748,0.354139394110219,0.282692327230436,0.190275725108594,0.0519215446927395,-0.0924166021218425
0.297463610801386,0.374387395940145,0.224859378681876,0.187616005228124,0.0769237851387587,-0.0372433734537519
0.243962313260855,0.24429126867849,0.20089299073406,0.211212713522548,0.000328955417634863,0.0103197227884881
0.232362986517667,0.32619470438578,0.380140661645958,0.190275037583077,0.0938317178681132,-0.189865624062881
0.274992170029524,0.321786232306137,0.221885940070065,0.234807243533121,0.0467940622766134,0.0129213034630563
0.363960555316408,0.291400734808464,0.207827095057025,0.220196431281631,-0.0725598205079441,0.0123693362246059
0.223454450800489,0.234853358537548,0.194624343828989,0.18434607063537,0.0113989077370592,-0.010278273193619
0.181197228144955,0.353093380766125,0.262903752124239,0.190043387558063,0.17189615262117,-0.0728603645661753
0.179624106846658,0.245208366457725,0.175241733879876,0.212886996628515,0.0655842596110668,0.0376452627486388
0.218474847750344,0.372341172499919,0.338844541821159,0.206289893998244,0.153866324749574,-0.132554647822915
0.234868538304909,0.404110345051624,0.257684370371438,0.238180660333701,0.169241806746715,-0.0195037100377364
0.230752675735649,0.371840740643178,0.224959400798661,0.1748987964021,0.141088064907529,-0.0500606043965615
0.240384599065113,0.40068384309593,0.354951762262653,0.239822093412961,0.160299244030817,-0.115129668849692
0.262292272877522,0.424614453820475,0.417837875288647,0.345595929202612,0.162322180942953,-0.0722419460860349
0.217286692510069,0.419274578513279,0.250251487205319,0.178516611054019,0.20198788600321,-0.0717348761512994
0.243963650361364,0.368034958683205,0.250324283406797,0.192688285413195,0.124071308321841,-0.057635997993602
0.226286615130984,0,0.216862711705755,0.156842101213728,-0.226286615130984,-0.0600206104920269
0.295718666596883,0.459997075592634,0.378153119615462,0.351837748039146,0.16427840899575,-0.0263153715763165
0.244542323600723,0.402957416118532,0.4086302306656,0.302532853283847,0.158415092517809,-0.106097377381752
0.237242160274023,0.273835929953016,0.225070326355541,0.183120106524648,0.0365937696789933,-0.0419502198308929
0.218724644644159,0.338914967269625,0.249536985816751,0.174197201563801,0.120190322625467,-0.07533978425295
0.28719628237428,0.361230343991614,0.386695167194896,0.214073064768229,0.0740340616173342,-0.172622102426668
0.202724704146772,0.357864704959572,0.283830995064862,0.255433731813444,0.155140000812801,-0.0283972632514178
0.24690386325031,0.394425183295854,0.378185606502289,0.243117696186771,0.147521320045544,-0.135067910315518
0.240064322134455,0.329458121086243,0.486754305675199,0.324839513623244,0.0893937989517876,-0.161914792051955
0.297210056082067,0.429554702889764,0.147223285927964,0.255204691049367,0.132344646807697,0.107981405121403
0.226581893437875,0.380741990130517,0.26671608269763,0.197554777290675,0.154160096692642,-0.069161305406955
0.378724647454234,0.314262121710023,0.308421668893156,0.146959644473021,-0.0644625257442105,-0.161462024420134
0.265805528248149,0.306803715487625,0.150931801926428,0.139789378179641,0.0409981872394757,-0.0111424237467869
0.210120234045218,0.415404493219939,0.142911147849338,0.172871246168616,0.20528425917472,0.0299600983192777
0.277532416162842,0.421275515073038,0.25911406666058,0.257894153011618,0.143743098910196,-0.00121991364896201
0.299132115041317,0.459639715215086,0.21151561149626,0.276121454343207,0.160507600173769,0.0646058428469475
0.24675465609641,0.388340241044721,0.245806606570102,0.252263196083529,0.141585584948312,0.00645658951342754
0.237591381935938,0.323615752286575,0.28687829917986,0.208891896338345,0.0860243703506373,-0.0779864028415157
0.230100268618087,0.391872184070816,0.318440060366538,0.161214351531568,0.161771915452729,-0.157225708834969
0.313865634888361,0.393225555442883,0.26508443383889,0.197844255765537,0.0793599205545216,-0.067240178073353
0.217549505973784,0.461965080803244,0.142233613835108,0.214069105616262,0.244415574829461,0.0718354917811536
0.205198663880317,0.435863131395411,0.204938229121591,0.269016283301107,0.230664467515094,0.0640780541795166
0.165501702813483,0.360676373828754,0.224541197191325,0.142091063159878,0.195174671015272,-0.0824501340314465
0.261386936287318,0.322942557536174,0.27249374543557,0.127463204949574,0.0615556212488559,-0.145030540485995
0.310388401435069,0.329912373293149,0.261670644520734,0.199734652800404,0.0195239718580807,-0.0619359917203307
0.383642486852068,0.329513721945738,0.302923315346005,0.283302315325654,-0.0541287649063303,-0.0196210000203515
0.335837759607551,0.395111706361122,0.277393501136064,0.149473110906274,0.0592739467535712,-0.12792039022979
0.24005644165502,0.323975892898942,0.276305669063817,0.169883647998172,0.0839194512439221,-0.106422021065645
0.342480208003722,0.353415025871955,0.263834975270906,0.216041119086639,0.0109348178682338,-0.0477938561842674
0.258457918586524,0.279246618290451,0.21586180545085,0.265482997382852,0.0207886997039275,0.0496211919320025
0.235775703031664,0.193707286084104,0.244990421988897,0.169252332091186,-0.0420684169475595,-0.0757380898977118
0.335348731941903,0.313893283558976,0.247445984223916,0.199489929500605,-0.0214554483829272,-0.0479560547233108
0.234811317332714,0.333299879288484,0.289256165385279,0.195719927373049,0.0984885619557697,-0.09353623801223
0.250670832815968,0.415063412427505,0.160267438618581,0.231068796268596,0.164392579611537,0.0708013576500151
0.290694510493079,0.325393043235917,0.264751915221437,0.197190736960006,0.0346985327428389,-0.0675611782614308
0.263451937100252,0.284650828746675,0.188458105741691,0.162245849526626,0.0211988916464229,-0.0262122562150649
0.30526391979612,0.333645845475549,0.284430647042132,0.186080159586743,0.0283819256794283,-0.0983504874553888
0.300283237943345,0.374387395940145,0.213503926622134,0.181110480371506,0.0741041579967994,-0.0323934462506279
0.246457433263993,0.247815879086619,0.202121773629761,0.190834293795662,0.00135844582262568,-0.0112874798340997
0.232362986517667,0.328138894280313,0.322129033483436,0.19286398150628,0.0957759077626455,-0.129265051977156
0.27740384008969,0.326575527181236,0.22369751114293,0.23881544041377,0.0491716870915461,0.01511792927084
0.351785213450158,0.294587384440691,0.209483691350785,0.212077078876136,-0.0571978290094671,0.00259338752535132
0.226076868992355,0.232341572607107,0.187039656020992,0.182883032889158,0.00626470361475176,-0.00415662313183396
0.189532711286286,0.351967198634519,0.23647640308221,0.191152786946311,0.162434487348233,-0.0453236161358994
0.181720523153358,0.255938263863996,0.177440484363939,0.214120526982402,0.0742177407106379,0.0366800426184628
0.222776797089655,0.35899487862195,0.34111621669994,0.208155854557009,0.136218081532295,-0.132960362142931
0.2377366153866,0.410552573530192,0.259019164196257,0.239676291130528,0.172815958143592,-0.019342873065729
0.214415261288924,0.37763432512727,0.226360522336684,0.177145394183356,0.163219063838345,-0.0492151281533282
0.243044056473546,0.405478673485322,0.355709005428302,0.229659249777623,0.162434617011775,-0.126049755650679
0.262292272877522,0.412792848106944,0.41911699515968,0.32157468205534,0.150500575229422,-0.0975423131043407
0.212086701771555,0.424300242036512,0.237203355564545,0.174464966036148,0.212213540264957,-0.0627383895283971
0.241418295968254,0.361745945470555,0.251828806573563,0.193863687913776,0.120327649502301,-0.0579651186597869
0.228913489315841,0,0.201302453646619,0.152364662949687,-0.228913489315841,-0.0489377906969318
0.29674030430371,0.453385557310635,0.379264993257422,0.351837748039146,0.156645253006925,-0.0274272452182763
0.248468718573265,0.399181976489391,0.409933526756726,0.303606190421055,0.150713257916126,-0.106327336335672
0.241084527102825,0.277318575348951,0.226841298669753,0.177543806551728,0.0362340482461267,-0.0492974921180254
0.21204464854579,0.337353229402864,0.238030674863491,0.169816536205519,0.125308580857073,-0.0682141386579713
0.263161603934098,0.366855555969612,0.358004025377953,0.190022186557902,0.103693952035514,-0.167981838820051
0.202305949268534,0.337777856894806,0.28448786792778,0.25734387392166,0.135471907626272,-0.02714399400612
0.219837808771471,0.397987499217114,0.379812058396296,0.231234891485176,0.178149690445642,-0.148577166911119
0.247218465556927,0.333868376549189,0.488446105240797,0.3261516813788,0.0866499109922615,-0.162294423861997
0.28046985582741,0.432585928773658,0.143966283993034,0.243761993397226,0.152116072946248,0.0997957094041916
0.21405982900324,0.382828294617513,0.206965290540623,0.199547957407828,0.168768465614273,-0.00741733313279572
0.342843288049613,0.315228610845701,0.309152381641167,0.151032153439103,-0.0276146772039124,-0.158120228202064
0.266358128533421,0.306803715487625,0.139265877339244,0.141755457565508,0.0404455869542042,0.00248958022626444
0.213377711786806,0.417240752326579,0.146310200574868,0.174456056729507,0.203863040539773,0.0281458561546395
0.281479938185019,0.425197451313857,0.229453574364964,0.259201864225719,0.143717513128839,0.029748289860755
0.30793171757513,0.421950370098613,0.213606780514861,0.246052001785146,0.114018652523483,0.0324452212702853
0.232386808320363,0.392168909653001,0.248860437043209,0.253487230790525,0.159782101332639,0.00462679374731645
0.241975871608782,0.328467051518773,0.287799875472754,0.212134125079489,0.0864911799099904,-0.075665750393265
0.226995035808696,0.376414038809685,0.319764577694712,0.146922531199553,0.149419003000989,-0.172842046495159
0.314959207454186,0.384761812499705,0.252321323089282,0.199332436287194,0.0698026050455191,-0.0529888868020876
0.214658703931518,0.463617720005877,0.138618888489566,0.206180509728114,0.248959016074359,0.0675616212385479
0.207105611017916,0.43780118671758,0.211318264427881,0.26984472221126,0.230695575699664,0.0585264577833796
0.166740014020561,0.363086295480766,0.198148019222908,0.138932205844164,0.196346281460205,-0.0592158133787441
0.265665485143202,0.312619751255187,0.260124041978945,0.117496144080099,0.0469542661119849,-0.142627897898846
0.295181798661074,0.324254219565422,0.263417659228021,0.20170268653479,0.0290724209043476,-0.0617149726932309
0.383642486852068,0.338426964765807,0.304114956181656,0.267703162044228,-0.0452155220862616,-0.0364117941374283
0.340178542942059,0.378283278391445,0.278821566346067,0.150601853375865,0.038104735449386,-0.128219712970202
0.241967610536997,0.327957687270973,0.279046510759911,0.172307611898244,0.0859900767339763,-0.106738898861667
0.345506618619612,0.371408603637569,0.265242393628192,0.2075425621686,0.025901985017957,-0.0576998314595918
0.247364793107102,0.259039350457297,0.216862878977869,0.25195171728034,0.011674557350195,0.0350888383024713
0.237937958713165,0.193707286084104,0.239245122247601,0.155055205224808,-0.0442306726290607,-0.0841899170227925
0.339466234683288,0.315934960347099,0.249310968161625,0.201460108536964,-0.0235312743361886,-0.0478508596246613
0.237508457578145,0.334373038099793,0.278748999787483,0.182084587632049,0.096864580521648,-0.0966644121554336
0.245323032429964,0.411053495851833,0.158129025420543,0.232223368310308,0.165730463421869,0.0740943428897656
0.293455024569926,0.318293067365135,0.26662068519824,0.197572497679791,0.0248380427952092,-0.0690481875184489
0.266178185028382,0.28590977836449,0.189255873690771,0.163997637254513,0.0197315933361085,-0.0252582364362582
0.30845888344756,0.344273746827455,0.285942122711851,0.179421565322307,0.0358148633798953,-0.106520557389544
0.288862026432571,0.40064421178177,0.204465457272153,0.181739746575859,0.111782185349198,-0.0227257106962948
0.249348495779429,0.260123928785107,0.193314554572062,0.172826850714083,0.0107754330056774,-0.020487703857979
0.232362986517667,0.32884192661378,0.325075944648159,0.185398148657787,0.0964789400961126,-0.139677795990371
0.271301924870346,0.333251729521824,0.22466133087852,0.241573980035885,0.0619498046514784,0.0169126491573645
0.35356805247523,0.27961140550429,0.210974469674076,0.203574296350908,-0.0739566469709391,-0.007400173323168
0.226482784824097,0.231891882238436,0.181087274757231,0.173449573255193,0.00540909741433959,-0.00763770150203807
0.196299685871136,0.345452572414758,0.237709610500756,0.193222737392796,0.149152886543622,-0.0444868731079593
0.172343725298645,0.267803666042689,0.179369135483473,0.204294796700658,0.0954599407440435,0.0249256612171853
0.211646172600389,0.36059308006674,0.344177557888796,0.210134010549436,0.148946907466352,-0.13404354733936
0.236480267150818,0.413327654094497,0.261459729133886,0.241838422882844,0.176847386943679,-0.0196213062510424
0.218846650633146,0.380492412750302,0.228509736385695,0.169740216941725,0.161645762117156,-0.0587695194439694
0.239758273324546,0.408714821519625,0.329675820679421,0.220061694684357,0.168956548195078,-0.109614125995064
0.265669358717329,0.415832129395198,0.421875594330362,0.324326406592053,0.15016277067787,-0.0975491877383089
0.215424394828685,0.41061229235091,0.238977224239542,0.176226725476939,0.195187897522225,-0.0627504987626026
0.245957127424013,0.364861336895346,0.232738390972856,0.195823761970384,0.118904209471333,-0.0369146290024726
0.232008630927545,0,0.20285336867795,0.153206182007254,-0.232008630927545,-0.0496471866706963
0.300061480862617,0.454630079637378,0.382389936418832,0.353477032271951,0.154568598774761,-0.0289129041468809
0.252073951319384,0.402207396160534,0.375564953695743,0.305970233209269,0.15013344484115,-0.0695947204864748
0.238252974090501,0.275174289445736,0.228020147751609,0.179199585698398,0.0369213153552345,-0.0488205620532116
0.210074218774031,0.321762074026269,0.23983909542068,0.170686086419,0.111687855252238,-0.0691530090016806
0.263161603934098,0.364220525608245,0.316617549892951,0.183343970691588,0.101058921674147,-0.133273579201363
0.201196453652753,0.332404462803713,0.286448561475539,0.259206953408197,0.13120800915096,-0.0272416080673427
0.208398115406453,0.401052056318102,0.383200427653095,0.232599551670342,0.192653940911649,-0.150600875982753
0.252440905974524,0.339339079383009,0.449180936061149,0.303898452506048,0.086898173408485,-0.145282483555101
0.262493483162568,0.439213068803452,0.146185274155057,0.245527979025231,0.176719585640884,0.0993427048701744
0.215796710463395,0.384716274300108,0.209720230223919,0.201900993296033,0.168919563836713,-0.00781923692788558
0.335311408958545,0.312148139942091,0.278581226867888,0.152279335270903,-0.023163269016454,-0.126301891596985
0.268136327777114,0.311038083440651,0.133871453544334,0.143631658456472,0.0429017556635372,0.00976020491213814
0.203459738391831,0.386783600726567,0.135335113859152,0.177584638561093,0.183323862334736,0.0422495247019412
0.286638408955916,0.426993576843868,0.231056108186321,0.24929637143682,0.140355167887952,0.0182402632504989
0.310569025906185,0.426073945186151,0.214944202844056,0.223104330486226,0.115504919279966,0.00816012764216995
0.236001670374169,0.386087854258634,0.251032340661019,0.229278416782563,0.150086183884466,-0.0217539238784558
0.230316533741572,0.327723229197218,0.26089570222299,0.215632654911692,0.0974066954556461,-0.045263047311298
0.225618275053146,0.379010168357554,0.322367893966673,0.148220007503607,0.153391893304408,-0.174147886463066
0.299895396720058,0.384761812499705,0.255013971952615,0.201445543305457,0.0848664157796464,-0.0535684286471579
0.212104427047192,0.466909310177204,0.133424059602744,0.210078847657914,0.254804883130012,0.0766547880551708
0.20228702560139,0.441120403106378,0.214396294077611,0.24514624954294,0.238833377504988,0.0307499554653294
0.168812805838672,0.345256012448875,0.193250696765361,0.141573663510974,0.176443206610203,-0.0516770332543867
0.268106578190768,0.305118507445562,0.252106528648356,0.116559021985591,0.037011929254794,-0.135547506662765
0.288189432433707,0.329390101732576,0.266129756072362,0.204784107535775,0.04120066929887,-0.0613456485365867
0.38671497891745,0.340805486637798,0.291649786819574,0.258567990038389,-0.0459094922796517,-0.0330817967811846
0.343600529955818,0.381819006333489,0.281718957989549,0.147130969619118,0.0382184763776704,-0.134587988370431
0.240261053694339,0.333801311399077,0.282197785266543,0.164759509395119,0.0935402577047381,-0.117438275871424
0.348952969615366,0.376393749565784,0.267907372363202,0.198879948461701,0.0274407799504175,-0.0690274239015005
0.240287332193272,0.260346363589029,0.209651501610066,0.25195171728034,0.0200590313957568,0.0423002156702737
0.240594793213148,0.149450748240934,0.231145506528234,0.156800767056106,-0.0911440449722143,-0.0743447394721282
0.343232497490018,0.319334131362284,0.251879509374845,0.202348802775284,-0.0238983661277342,-0.04953070659956
0.236097977787423,0.340822691300883,0.269825675885371,0.160481920645023,0.104724713513459,-0.109343755240348
0.248108545824142,0.415852662850414,0.149675775642005,0.221354829537543,0.167744117026272,0.0716790538955379
0.296886022894458,0.316223283433507,0.26951255071299,0.199125268232099,0.0193372605390488,-0.0703872824808912
0.263489956568256,0.282554318219929,0.184599329691937,0.165330820659752,0.0190643616516733,-0.0192685090321849
0.311013454275325,0.34628274037253,0.289237825773975,0.181619336413887,0.0352692860972045,-0.107618489360088
0.292494177512504,0.40064421178177,0.205580734913174,0.173446124368824,0.108150034269265,-0.0321346105443501
0.248925973458261,0.26256259406444,0.185920750536475,0.166644562749224,0.0136366206061796,-0.0192761877872506
0.236307739632176,0.329002711524864,0.327681044298441,0.188464281157434,0.0926949718926881,-0.139216763141008
0.274545092797217,0.338851981771119,0.226745938171705,0.231500989474534,0.0643068889739025,0.00475505130282974
0.35668322640659,0.276010611062547,0.202872154813357,0.197538526573677,-0.0806726153440432,-0.00533362823967912
0.218228689737437,0.233393589024519,0.183150647718852,0.173757899048514,0.0151648992870813,-0.00939274867033774
0.201680425363381,0.325788679210025,0.231325984737148,0.193688321049522,0.124108253846644,-0.0376376636876259
0.16934666442038,0.267803666042689,0.176456372889015,0.204585447533786,0.0984570016223081,0.0281290746447713
0.207512482477181,0.365567845165754,0.345046135413738,0.210596637999227,0.158055362688573,-0.134449497414511
0.239779371932065,0.416764462329131,0.264181610683731,0.241838422882844,0.176985090397066,-0.0223431878008875
0.213931487327792,0.384136700435753,0.230205915983196,0.171650170145203,0.17020521310796,-0.0585557458379931
0.2332730807942,0.415354496643079,0.330768926630875,0.213477091225079,0.18208141584888,-0.117291835405797
0.266619446842196,0.407383551386235,0.422634247379609,0.324326406592053,0.140764104544039,-0.0983078407875561
0.219125114702362,0.415231260183395,0.228803830707446,0.177739688028729,0.196106145481032,-0.0510641426787164
0.2391185930933,0.366784488400665,0.23487248601661,0.190433400565573,0.127665895307364,-0.0444390854510366
0.235070801472765,0,0.203984964099856,0.155255800022035,-0.235070801472765,-0.0487291640778202
0.302154622807308,0.446385544946539,0.385095853223165,0.329294298716297,0.144230922139231,-0.0558015545068673
0.253964990386647,0.400909933264288,0.37837997088269,0.308232675508136,0.146944942877641,-0.0701472953745534
0.239452827638921,0.270437674720215,0.219484327896349,0.180487139391527,0.0309848470812938,-0.0389971885048222
0.202611280559894,0.330625602029344,0.240387374422512,0.172365995502175,0.12801432146945,-0.0680213789203368
0.26780947545715,0.362388315912033,0.317561557375875,0.173733123378719,0.0945788404548831,-0.143828433997156
0.203334152234371,0.335029531968377,0.253093168458054,0.229884948967741,0.131695379734006,-0.0232082194903129
0.209797430754783,0.408058860468278,0.384491888964612,0.224075688898677,0.198261429713494,-0.160416200065935
0.228430376053543,0.341817252155261,0.406720838355654,0.281418871894566,0.113386876101718,-0.125301966461088
0.37715548418265,0.515681668950774,0.430581641737044,0.638422586889931,0.138526184768123,0.207840945152888
0.349731769438269,0.439311841401099,0.408541767091051,0.441777223815314,0.0895800719628299,0.033235456724263
0.302162080889212,0.429750234614124,0.341418399843092,0.347888576576801,0.127588153724912,0.00647017673370975
0.416742929881237,0.41037297767972,0.321102871895778,0.430520702622479,-0.00636995220151632,0.109417830726701
0.242010555956258,0.426490359302006,0.44518050048616,0.407050756637144,0.184479803345748,-0.0381297438490159
0.308030186673134,0.472932379509432,0.509669814813844,0.560225828047253,0.164902192836299,0.0505560132334093
0.357783993743152,0.491514230484024,0.531284764516023,0.570494822121483,0.133730236740871,0.0392100576054601
0.34598565676624,0.47318207327393,0.435956483252432,0.316916787577386,0.12719641650769,-0.119039695675045
0.417100240352081,0.381903289094306,0.373057847709455,0.363674351835197,-0.0351969512577746,-0.00938349587425852
0.426123982229578,0.444212751763962,0.307277614525291,0.360512389921067,0.0180887695343835,0.0532347753957761
0.50474146915391,0.447098115712332,0.406903791499768,0.432668187432172,-0.0576433534415779,0.0257643959324041
0.351073808198424,0.483244064476516,0.425068169169407,0.439994282441716,0.132170256278092,0.0149261132723084
0.311763618226016,0.525107500858588,0.513778706900063,0.441810676835777,0.213343882632572,-0.071968030064286
0.317603768815431,0.496151748575979,0.45997283851908,0.472676376226893,0.178547979760548,0.0127035377078125
0.229533586525953,0.356150830103688,0.240807735440094,0.234486025186895,0.126617243577735,-0.00632171025319922
0.366607075024155,0.295425656688992,0.31208738848218,0.428075573282207,-0.0711814183351628,0.115988184800027
0.449626396047787,0.424101215095578,0.436614288340627,0.415747566939014,-0.0255251809522086,-0.0208667214016127
0.437598412646429,0.422885416470096,0.330750447561392,0.294225970812345,-0.0147129961763328,-0.0365244767490475
0.265629893604202,0.414910304914378,0.410212605595197,0.197350541427976,0.149280411310175,-0.212862064167221
0.400127898584263,0.287494596438664,0.471523813638176,0.423564076281349,-0.112633302145598,-0.047959737356827
0.213139202258481,0.462129212576166,0.529158747879283,0.33483056444217,0.248990010317684,-0.194328183437113
0.28526359360073,0.445928223395724,0.381831970577482,0.370971234667397,0.160664629794994,-0.0108607359100849
0.240448981435114,0.269430644864986,0.412882506627132,0.307853739822642,0.0289816634298715,-0.10502876680449
0.23838523790822,0.353035767420922,0.29031493034769,0.37261622019851,0.114650529512701,0.0823012898508196
0.286089093823258,0.331580179773392,0.331654525039959,0.295808539508533,0.0454910859501331,-0.0358459855314267
0.329342909524074,0.348206520386158,0.250447578297379,0.310945583157805,0.0188636108620832,0.0604980048604258
0.428730681735767,0.384319182893653,0.402843856355948,0.571120186691807,-0.0444114988421136,0.168276330335859
0.509729059618365,0.429633079797072,0.411058579830989,0.394846406387341,-0.080095979821293,-0.0162121734436473
0.367873144596441,0.324031093327697,0.593547460679605,0.418547511230257,-0.0438420512687442,-0.174999949449349
0.288962815070898,0.339282097754525,0.365222736807922,0.42536853046483,0.0503192826836278,0.0601457936569083
0.233608047798487,0.443824996881245,0.345844424537624,0.342280912293886,0.210216949082758,-0.0035635122437378
0.390485770114521,0.382247946996988,0.428895514476784,0.444334490313943,-0.00823782311753296,0.0154389758371588
0.534605960390704,0.437005959370603,0.473162714302038,0.501972759019362,-0.0976000010201014,0.0288100447173235
0.243861970286861,0.48369211185246,0.49060801713668,0.347084077636946,0.239830141565599,-0.143523939499734
0.301992698597561,0.439234088085146,0.406184301683124,0.332716281624549,0.137241389487585,-0.0734680200585752
0.224947701042202,0.360027530933852,0.185404144457272,0.318407112959457,0.135079829891651,0.133002968502185
0.244386436229429,0.398222786528513,0.308568149711974,0.33756221003253,0.153836350299084,0.0289940603205557
0.257301875760614,0.3888659135584,0.425900628019241,0.291205068887893,0.131564037797786,-0.134695559131348
0.243540689567782,0.338980196170237,0.502889116425235,0.364156284370086,0.0954395066024546,-0.138732832055148
0.23811652934522,0.453961393916189,0.504575522983766,0.350840853539845,0.215844864570969,-0.153734669443921
0.394269065680049,0.433061142251503,0.427285198213903,0.346223178009815,0.0387920765714544,-0.0810620202040882
0.216614600849378,0.486694310906755,0.331854303688788,0.318960927692731,0.270079710057377,-0.0128933759960572
0.239223023477129,0.439749579754518,0.452108947699952,0.248513852778046,0.200526556277389,-0.203595094921906
0.238907177807132,0.343432415394311,0.411891665834651,0.367408427245881,0.104525237587179,-0.04448323858877
0.285867160883909,0.408448976154691,0.463522614769189,0.275916297593119,0.122581815270782,-0.18760631717607
0.219699445516522,0.469379387014478,0.465341621050405,0.285878123476988,0.249679941497956,-0.179463497573417
0.216524881729392,0.428641936345617,0.429220741944241,0.319746018866309,0.212117054616225,-0.109474723077931
0.178499536953348,0,0.377866826213215,0.368428928588896,-0.178499536953348,-0.00943789762431912
0.156259460402592,0.471963882273459,0.431777742282495,0.319458895454312,0.315704421870866,-0.112318846828183
0.160181475285972,0.401480724092418,0.487413564950365,0.321052632762721,0.241299248806446,-0.166360932187644
0.184992953340525,0.432150014823698,0.432719896903399,0.30283227257927,0.247157061483173,-0.129887624324129
0.255178278678128,0.181618578480442,0.444533928544394,0.352103341208792,-0.0735597001976864,-0.092430587335602
0.37715548418265,0.51988576099197,0.435725375852372,0.638422586889931,0.14273027680932,0.202697211037559
0.352249439121999,0.457681861804829,0.41109048700179,0.441777223815314,0.105432422682829,0.0306867368135244
0.280997601421208,0.429750234614124,0.341418399843092,0.353585203422127,0.148752633192916,0.0121668035790348
0.420115918668552,0.413573243731848,0.298635435084136,0.436352705614951,-0.00654267493670307,0.137717270530815
0.241277751301751,0.402784333978742,0.420340326751166,0.407050756637144,0.161506582676991,-0.013289570114022
0.310746587091282,0.48008361079057,0.512594745310307,0.560225828047253,0.169337023699288,0.0476310827369455
0.362423449156194,0.499216321569675,0.533506727905742,0.570494822121483,0.136792872413481,0.0369880942157409
0.312538160941116,0.480811974781703,0.419449122194834,0.31977594024691,0.168273813840587,-0.0996731819479245
0.42087662905841,0.383465337698465,0.375353634863694,0.360355914923745,-0.0374112913599455,-0.0149977199399488
0.42969781164539,0.446676729035046,0.288441675577125,0.366567874796262,0.0169789173896563,0.0781261992191369
0.507561073333144,0.450114249947063,0.41212189874013,0.403959078186106,-0.057446823386081,-0.00816282055402373
0.34128498355304,0.488996012830454,0.42752462240023,0.439994282441716,0.147711029277415,0.0124696600414855
0.316860831538789,0.535252440713811,0.495599267397535,0.441810676835777,0.218391609175022,-0.0537885905617582
0.30046347107874,0.503051742972835,0.464393727724276,0.472676376226893,0.202588271894095,0.00828264850261617
0.231442784458786,0.347858908779653,0.240807735440094,0.23664582331429,0.116416124320866,-0.004161912125804
0.33361084972924,0.300632571449674,0.318404461564056,0.40787708756199,-0.0329782782795663,0.0894726259979338
0.4522163901507,0.426066478566925,0.43945988109952,0.383805328910175,-0.0261499115837747,-0.055654552189345
0.44025125624325,0.389514820569024,0.337015992764287,0.292986080793057,-0.0507364356742261,-0.0440299119712305
0.270704539661792,0.42224281031548,0.3898557172776,0.201196252652783,0.151538270653688,-0.188659464624818
0.401218009467163,0.29107369934092,0.47813113843848,0.428412720548945,-0.110144310126243,-0.0497184178895347
0.208991000983429,0.452689649972132,0.532039246096015,0.337172676120391,0.243698648988703,-0.194866569975625
0.282984504603139,0.436237635196201,0.381831970577482,0.370971234667397,0.153253130593061,-0.0108607359100849
0.242731860634772,0.273452563349493,0.417043974806228,0.31232961326934,0.0307207027147211,-0.104714361536887
0.239556788235783,0.344669400617316,0.296434214647091,0.37945946342958,0.105112612381533,0.0830252487824891
0.27866752060878,0.333894280570286,0.335114934434726,0.282940265269566,0.0552267599615052,-0.0521746691651603
0.325735707655799,0.352241617554615,0.243186323652877,0.318264422756042,0.0265059098988162,0.0750780991031648
0.432181696652034,0.386284628776779,0.40526908190442,0.571120186691807,-0.0458970678752547,0.165851104787386
0.512483636385446,0.431891481651272,0.416367744771007,0.393170151291567,-0.0805921547341745,-0.0231975934794407
0.36223094131,0.328917930991358,0.593547460679605,0.413179778486485,-0.0333130103186424,-0.18036768219312
0.267573907160989,0.344300895996043,0.328103121255444,0.416477201228449,0.0767269888350547,0.0883740799730044
0.23650990140224,0.400607742454315,0.353242621816368,0.346481592252602,0.164097841052076,-0.00676102956376573
0.394611859729207,0.374518270939215,0.407737501044449,0.449210894481122,-0.0200935887899915,0.0414733934366737
0.537579938816716,0.439825836210634,0.436325548000651,0.484743169398708,-0.0977541026060824,0.0484176213980568
0.247731590117185,0.458707770740622,0.462587539417019,0.351967004555454,0.210976180623437,-0.110620534861564
0.301992698597561,0.443854867942675,0.398057185682007,0.321155047179556,0.141862169345114,-0.0769021385024508
0.217865887594046,0.365136761695005,0.19010406684846,0.323949305352398,0.147270874100959,0.133845238503938
0.251631233845329,0.402232569503439,0.294164229208914,0.345809720870899,0.15060133565811,0.051645491661985
0.248379596183296,0.395798816289402,0.429284373341791,0.297101667834183,0.147419220106106,-0.132182705507609
0.247691134794508,0.344521164207788,0.48581712276921,0.369598418141717,0.0968300294132805,-0.116218704627493
0.233017202857755,0.454940741829753,0.486680992906363,0.352121496639672,0.221923538971998,-0.134559496266691
0.352685668822461,0.438428311105205,0.432293210871273,0.340062356050796,0.0857426422827439,-0.0922308548204769
0.221563670642692,0.470583802581546,0.336530562072191,0.322804068429043,0.249020131938854,-0.0137264936431478
0.242104975144026,0.434591969597335,0.418308638553141,0.250608426200623,0.192486994453309,-0.167700212352518
0.242436470427873,0.316794647780642,0.41733646221344,0.373620389963635,0.0743581773527693,-0.0437160722498056
0.291275829464854,0.403284560058317,0.468613930498688,0.275030680463047,0.112008730593462,-0.193583250035641
0.216732126183846,0.471830425751557,0.472556640196709,0.290820902455871,0.255098299567711,-0.181735737740838
0.220845039950137,0.428988361850734,0.434116920333205,0.323957848474385,0.208143321900597,-0.110159071858821
0.176866868660636,0,0.37348657158477,0.359620798399755,-0.176866868660636,-0.0138657731850146
0.163060471126059,0.35918202765696,0.406492178218496,0.319428258608015,0.196121556530901,-0.0870639196104805
0.160181475285972,0.405201057251593,0.490738724916906,0.30812389977915,0.245019581965621,-0.182614825137756
0.189515009589407,0.418809829021258,0.438582105857841,0.301037066895702,0.229294819431851,-0.13754503896214
0.255178278678128,0.168036680355934,0.451520417899065,0.343646710040603,-0.0871415983221944,-0.107873707858462
0.382820878744146,0.512067704043308,0.397849670465967,0.638422586889931,0.129246825299161,0.240572916423965
0.353952785527518,0.457681861804829,0.415136098216119,0.441777223815314,0.103729076277311,0.0266411255991954
0.284179927363445,0.407813444105491,0.341418399843092,0.359614043524398,0.123633516742046,0.0181956436813063
0.421269031278369,0.419657470106883,0.298635435084136,0.42283284111091,-0.00161156117148603,0.124197406026774
0.23349051140373,0.40753379889044,0.424607023714589,0.410193232635857,0.17404328748671,-0.0144137910787324
0.292420329760771,0.485168930874676,0.516240138297172,0.49204519028956,0.192748601113905,-0.024194948007612
0.342507355509393,0.503813768719593,0.537376422478406,0.570494822121483,0.161306413210201,0.0331183996430775
0.314255320531326,0.483217516939427,0.404171754508568,0.327586338968419,0.168962196408101,-0.0765854155401487
0.423074351942137,0.392066855515847,0.375353634863694,0.366641898522701,-0.0310074964262896,-0.00871173634099276
0.431703670732572,0.435300490838331,0.267245915033374,0.362125774059712,0.00359682010575846,0.0948798590263382
0.509649291785528,0.428759802832969,0.416673605294102,0.408071829355038,-0.0808894889525591,-0.00860177593906397
0.345635744308495,0.471990063337251,0.419497114903124,0.439994282441716,0.126354319028756,0.0204971675385914
0.323086977065043,0.536778169218293,0.499016769943618,0.441810676835777,0.21369119215325,-0.0572060931078418
0.302218351610526,0.476144113767732,0.467697420888505,0.472676376226893,0.173925762157206,0.00497895533838749
0.230156552232797,0.345477186677638,0.240807735440094,0.235285460992257,0.115320634444841,-0.00552227444783715
0.323743525870375,0.306083336792784,0.309266632107862,0.400406842413077,-0.0176601890775908,0.0911402103052142
0.45424206161874,0.4366943399272,0.387353574840874,0.372339767039201,-0.0175477216915407,-0.0150138078016731
0.44279481832151,0.3956247666333,0.33862169951507,0.296927363700812,-0.0471700516882104,-0.0416943358142577
0.257434459145499,0.427523826580517,0.39386659154662,0.207174506483294,0.170089367435019,-0.186692085063326
0.405761249093209,0.294781732991624,0.485505906853327,0.421415813203334,-0.110979516101585,-0.0640900936499933
0.213973265339039,0.456454148286525,0.490119532285852,0.3434644574252,0.242480882947486,-0.146655074860652
0.274450311564494,0.436237635196201,0.37486918843906,0.3757345451837,0.161787323631706,0.000865356744639723
0.247647443597096,0.278594439072448,0.420489670656401,0.318845909200208,0.0309469954753525,-0.101643761456194
0.227405277687291,0.336102337635626,0.275799381899954,0.385464832215405,0.108697059948336,0.109665450315451
0.279957769352329,0.337732746746197,0.323569920777618,0.286034567977287,0.0577749773938676,-0.0375353528003303
0.327669678812555,0.358186302978116,0.244737135045173,0.325377262632088,0.0305166241655606,0.0806401275869142
0.436966603297852,0.396047534258494,0.414440689027697,0.571120186691807,-0.0409190690393575,0.156679497664109
0.514893460036226,0.439064402286131,0.421309490675706,0.400626211556541,-0.0758290577500955,-0.020683279119165
0.322637844103567,0.337698797397416,0.470153391171636,0.418405480306703,0.015060953293849,-0.0517479108649328
0.269712773056343,0.351386448966027,0.308718972938086,0.409505835805551,0.0816736759096836,0.100786862867465
0.239497994263896,0.347724094034791,0.351327975153208,0.35103354978055,0.108226099770895,-0.000294425372658058
0.396581742883545,0.380479581880302,0.407737501044449,0.442351491472421,-0.0161021610032437,0.0346139904279729
0.540109629290258,0.44168957536304,0.445491214992201,0.491728652835561,-0.0984200539272181,0.0462374378433595
0.243108769305284,0.43830280839503,0.472473235394174,0.357365521521554,0.195194039089746,-0.11510771387262
0.271824089036151,0.448103288437648,0.401700283853412,0.317161471292162,0.176279199401497,-0.0845388125612499
0.222820308932134,0.368989678837269,0.191893216669323,0.328641402002303,0.146169369905135,0.13674818533298
0.235273173709369,0.409167700388607,0.294164229208914,0.353671026694997,0.173894526679239,0.0595067974860833
0.252921323593001,0.397043768958172,0.432319588297147,0.297990889025897,0.144122445365171,-0.13432869927125
0.250357360427348,0.330303887172033,0.490075121972407,0.367356197021751,0.0799465267446843,-0.122718924950656
0.235589583063849,0.447888778264208,0.491458779001125,0.330487981532899,0.212299195200359,-0.160970797468226
0.334487362351572,0.396273443386952,0.436307520296146,0.33810502116084,0.0617860810353799,-0.0982024991353068
0.224094653236101,0.476712269031597,0.340002943001549,0.317850799418421,0.252617615795496,-0.0221521435831278
0.234899358968011,0.421022898859967,0.405002389425547,0.250648681037317,0.186123539891956,-0.15435370838823
0.236014386049931,0.330428853214912,0.384473264382543,0.377350264396486,0.0944144671649812,-0.00712299998605781
0.274256297525238,0.408058799538853,0.472322382981114,0.272808084938352,0.133802502013614,-0.199514298042762
0.222358864781312,0.474733456494376,0.456348780275782,0.281861723207508,0.252374591713064,-0.174487057068274
0.224079827939301,0.427267475047767,0.424494601113027,0.329948937733136,0.203187647108466,-0.0945456633798914
0.173122561218538,0,0.377584535847954,0.361913079142928,-0.173122561218538,-0.0156714567050265
0.163060471126059,0.36660269764147,0.390642970804168,0.31618311551604,0.203542226515411,-0.0744598552881274
0.15559762793296,0.405065722959357,0.462621572735274,0.305984260062318,0.249468095026397,-0.156637312672956
0.186100031024969,0.425119844805028,0.443945792253878,0.304325095976625,0.239019813780058,-0.139620696277254
0.261070888910543,0.236074292117791,0.456072731952374,0.343646710040603,-0.0249965967927519,-0.11242602191177
0.382820878744146,0.501009763111598,0.390170779431296,0.638422586889931,0.118188884367452,0.248251807458635
0.356088303704567,0.45051078402044,0.417770090420097,0.441777223815314,0.0944224803158735,0.0240071333952165
0.286989925441231,0.412003328347855,0.341418399843092,0.360920265441326,0.125013402906624,0.0195018655982341
0.394496105790545,0.425776726044245,0.294282671430219,0.414053044553733,0.0312806202537001,0.119770373123514
0.235479107309069,0.412905866640255,0.428040020117995,0.381932396603845,0.177426759331186,-0.0461076235141497
0.293714507151582,0.490566516431112,0.494470140570456,0.497671007152106,0.19685200927953,0.00320086658165047
0.343910770367616,0.508717157960313,0.538498996926543,0.570494822121483,0.164806387592697,0.0319958251949404
0.284999697564229,0.484389333435677,0.407806976900373,0.33291966653113,0.199389635871448,-0.0748873103692431
0.426150560936963,0.396301384731679,0.38167231866374,0.372704268190004,-0.0298491762052838,-0.00896805047373594
0.411795617866115,0.432420495305279,0.242454283848957,0.362305549793491,0.0206248774391635,0.119851265944534
0.510868092505411,0.426501461319283,0.425984414019464,0.416068105699776,-0.0843666311861283,-0.00991630831968859
0.327847366840165,0.478479442406933,0.420731271522266,0.439994282441716,0.150632075566768,0.0192630109194501
0.324278263209737,0.524725617652981,0.500611264511319,0.441810676835777,0.200447354443244,-0.0588005876755419
0.29168776835142,0.454626539028535,0.469798727417522,0.472676376226893,0.162938770677115,0.00287764880937019
0.2307413472908,0.339954007627143,0.245787844891176,0.237721933741845,0.109212660336343,-0.00806591114933075
0.310141026552619,0.311315870641454,0.303636947639333,0.407913185469981,0.00117484408883495,0.104276237830647
0.457195123057521,0.443178311585435,0.398407323937207,0.378726806734947,-0.0140168114720856,-0.0196805172022597
0.443940775104868,0.399780274579884,0.325457661546108,0.295983984067517,-0.0441605005249835,-0.0294736774785904
0.259741496054145,0.432769266909962,0.396892771263627,0.21146205698717,0.173027770855818,-0.185430714276457
0.409704697220593,0.29871428622561,0.468923479785576,0.430757763763696,-0.110990410994983,-0.0381657160218799
0.21741063221407,0.418027038502673,0.492470548071531,0.347487344615405,0.200616406288602,-0.144983203456126
0.276256525265064,0.438113838456146,0.360731114670908,0.375184633210137,0.161857313191082,0.0144535185392289
0.24728483173461,0.270616470167916,0.422543921533655,0.311651285999443,0.023331638433306,-0.110892635534212
0.230382776273024,0.34290130095953,0.281963054887092,0.361160620252048,0.112518524686507,0.0791975653649559
0.272545868932734,0.335751274351822,0.326789536276662,0.290814377710488,0.0632054054190876,-0.0359751585661741
0.303873087107361,0.355030702352071,0.238123442580262,0.322033027432983,0.0511576152447103,0.0839095848527207
0.439095917134744,0.387444103630873,0.402006167725458,0.55392897470505,-0.0516518135038706,0.151922806979592
0.516180062577833,0.419309311371656,0.432793696046988,0.395970544888573,-0.0968707512061769,-0.0368231511584151
0.324853427815031,0.342954755598653,0.470153391171636,0.427570603394764,0.018101327783622,-0.0425827877768716
0.264012789796888,0.354505156830801,0.311304789664834,0.405038309086014,0.0904923670339137,0.0937335194211803
0.239497994263896,0.351668089201907,0.354042053788023,0.348984673477556,0.112170094938011,-0.00505738031046621
0.37920225921688,0.386408400192418,0.419557098185341,0.450268658856916,0.00720614097553762,0.0307115606715752
0.541480476418933,0.449306270200932,0.431541103681919,0.476690818804538,-0.0921742062180012,0.0451497151226194
0.246076364728879,0.417929140123696,0.41034429687531,0.365108277625225,0.171852775394816,-0.0452360192500851
0.25541675345172,0.406987388961307,0.4027055257717,0.321523907638753,0.151570635509587,-0.0811816181329467
0.227829952362957,0.373077060675548,0.18877852227198,0.332629414711765,0.145247108312591,0.143850892439785
0.228733741483244,0.413040251203343,0.303704870534876,0.358080550813312,0.184306509720099,0.0543756802784364
0.257484871948281,0.398425866152995,0.420309235665379,0.292677289079767,0.140940994204714,-0.127631946585612
0.255035470818137,0.32700957939254,0.492458316649301,0.37243494267492,0.0719741085744022,-0.120023373974381
0.24034484715695,0.434041023892024,0.494933444726619,0.333916431486921,0.193696176735074,-0.161017013239698
0.338294916193061,0.400675983999525,0.398641839810522,0.342536419090773,0.0623810678064634,-0.0561054207197488
0.221923645035597,0.463629089056491,0.342810677760418,0.324217567570294,0.241705444020894,-0.0185931101901242
0.233818638754822,0.428684930927515,0.394749888400239,0.246751695836751,0.194866292172693,-0.147998192563488
0.238430925062326,0.337415851284564,0.36780506364961,0.360276400427125,0.0989849262222373,-0.00752866322248458
0.26967400301776,0.41480258757195,0.47400423778932,0.275505525191333,0.145128584554191,-0.198498712597987
0.217193689014495,0.466680852195321,0.439781269214794,0.274892160854341,0.249487163180826,-0.164889108360453
0.213460503088143,0.433811809043419,0.426027525404061,0.333189987456773,0.220351305955275,-0.0928375379472887
0.17563190951712,0,0.37093960556854,0.364447860248466,-0.17563190951712,-0.00649174532007402
0.160487368508761,0.381201034306722,0.394447894389572,0.312658083254993,0.220713665797961,-0.0817898111345789
0.152671555749431,0.41212450566095,0.465043605977392,0.309727198242894,0.259452949911519,-0.155316407734498
0.183842320543134,0.431135668075453,0.424807130747856,0.300420254376129,0.247293347532319,-0.124386876371727
0.261070888910543,0.236074292117791,0.458969794248041,0.348959374970528,-0.0249965967927519,-0.110010419277513
0.382820878744146,0.494191119721715,0.393878886660849,0.638422586889931,0.111370240977569,0.244543700229082
0.356088303704567,0.452627009691015,0.422728444227237,0.441777223815314,0.0965387059864486,0.0190487795880771
0.284671371647075,0.412003328347855,0.303272080205669,0.363170657897427,0.127331956700781,0.0598985776917578
0.397900760949214,0.425776726044245,0.298174029509248,0.417993699446245,0.027875965095031,0.119819669936996
0.237473923961937,0.420130017777747,0.432620373643419,0.385617737498768,0.18265609381581,-0.0470026361446504
0.293714507151582,0.489161302539277,0.499211908372365,0.497671007152106,0.195446795387695,-0.00154090122025907
0.344707722455299,0.495185244872757,0.542409472607638,0.570494822121483,0.150477522417458,0.0280853495138454
0.286918802424051,0.483540237762566,0.401742589920769,0.323023250519752,0.196621435338515,-0.0787193394010167
0.429411383026853,0.374374591076318,0.387831906134254,0.378452718101125,-0.0550367919505343,-0.00937918803312943
0.395293390679127,0.422371566961281,0.239265117080495,0.366719450960792,0.027078176282154,0.127454333880297
0.514294436906852,0.432693592570021,0.430544299661647,0.420547083109858,-0.0816008443368307,-0.00999721655178915
0.327847366840165,0.485722154327233,0.380945536950293,0.439994282441716,0.157874787487069,0.0590487454914231
0.326799286711365,0.48083895889766,0.505307334996591,0.402325978684598,0.154039672186295,-0.102981356311992
0.293244344332138,0.459320285921806,0.475625998949019,0.479661812040184,0.166075941589668,0.0040358130911653
0.223637921197048,0.345192470012884,0.245787844891176,0.241639673298365,0.121554548815836,-0.00414817159281061
0.302022748107452,0.316361851096506,0.304754986316696,0.412288592656881,0.0143391029890536,0.107533606340184
0.460981585478244,0.447117053731366,0.375077298960264,0.385332905024687,-0.0138645317468784,0.0102556060644226
0.447288503678362,0.401200526168244,0.285456731627831,0.301430017502979,-0.0460879775101181,0.0159732858751482
0.262333368621632,0.439568331810852,0.385624982451127,0.213328882803707,0.17723496318922,-0.17229609964742
0.410678496513411,0.301919445989266,0.468923479785576,0.42298223519455,-0.108759050524145,-0.0459412445910259
0.210522012968513,0.413559131675406,0.498006260287787,0.330522005245775,0.203037118706893,-0.167484255042012
0.241644300616407,0.439823356480869,0.340078740102181,0.378835838136422,0.198179055864462,0.0387570980342412
0.242226872611127,0.274733557047941,0.426985801695258,0.309487931701595,0.032506684436814,-0.117497869993663
0.219786744829899,0.341485620526487,0.283244563368522,0.351739420335531,0.121698875696588,0.0684948569670097
0.273602550832918,0.332367176381019,0.320973254347738,0.284219692282041,0.0587646255481012,-0.0367535620656972
0.307219167413434,0.361603863194863,0.234397611019709,0.328706136522982,0.0543846957814287,0.0943085255032724
0.441492830303466,0.378213517145605,0.402006167725458,0.556594727383223,-0.0632793131578611,0.154588559657765
0.494288589061401,0.42517200680275,0.437444258619675,0.375191426845923,-0.0691165822586507,-0.0622528317737513
0.328466282305129,0.342621556596418,0.470153391171636,0.420723348254724,0.0141552742912891,-0.0494300429169117
0.258382593658149,0.351457388192319,0.311304789664834,0.409353078125122,0.0930747945341702,0.0980482884602886
0.22908844638996,0.35577911003848,0.357248330015893,0.351937808939828,0.12669066364852,-0.00531052107606528
0.38361484102224,0.381469673091753,0.426472721703774,0.455674735912896,-0.00214516793048758,0.0292020142091223
0.473973701506471,0.456546284045522,0.431541103681919,0.48468250688812,-0.0174274174609497,0.0531414032062009
0.249327092081889,0.417929140123696,0.37543650288829,0.357647700275979,0.168602048041807,-0.0177888026123105
0.251539560136089,0.393536361604961,0.394117582426687,0.320256600236516,0.141996801468872,-0.0738609821901713
0.22575415762952,0.376895881824344,0.190099807501577,0.337182311249554,0.151141724194824,0.147082503747977
0.221823657535584,0.370318984640422,0.303704870534876,0.363821728502744,0.148495327104837,0.0601168579678681
0.253563755672823,0.396463379330965,0.398574806494635,0.286187732463492,0.142899623658142,-0.112387074031144
0.257857305166619,0.332074162792365,0.477670663635962,0.379146651247098,0.0742168576257456,-0.0985240123888638
0.243941535380964,0.438229913945172,0.501287187316802,0.322868159865088,0.194288378564208,-0.178419027451714
0.314715397923707,0.404157122131293,0.403447053598302,0.33677093032746,0.0894417242075857,-0.0666761232708419
0.224855162016919,0.453498743765922,0.321479238189898,0.308919750379471,0.228643581749003,-0.0125594878104269
0.230282854264771,0.435049367298513,0.374097759503611,0.24843179766756,0.204766513033742,-0.125665961836051
0.242519742203678,0.337415851284564,0.344859811257065,0.366887849661121,0.0948961090808851,0.0220280384040566
0.273915025997375,0.404715956174292,0.480099138602548,0.280517192995737,0.130800930176916,-0.19958194560681
0.20942144011383,0.473318201220245,0.445882435728819,0.279573349833749,0.263896761106415,-0.16630908589507
0.216748048902303,0.426039219609004,0.431484282262777,0.339916612205124,0.209291170706701,-0.0915676700576527
0.176922110543469,0.128206390546237,0.368077359277742,0.369082324489661,-0.0487157199972324,0.00100496521191928
0.15279866271276,0.382218385384329,0.398302959397233,0.314822230024342,0.22941972267157,-0.0834807293728905
0.147128259726853,0.413897037345164,0.470120030453763,0.31483473925854,0.266768777618311,-0.155285291195223
0.181632937532429,0.43682904737693,0.430310822923849,0.290991662061875,0.255196109844501,-0.139319160861974
0.261070888910543,0.236074292117791,0.450907767090236,0.353156660887963,-0.0249965967927519,-0.0977511062022735
0.382820878744146,0.481903427682394,0.395537322000274,0.638422586889931,0.0990825489382474,0.242885264889658
0.357886641829407,0.456890818790164,0.416377232917605,0.447796738189201,0.0990041769607568,0.0314195052715957
0.27652703344383,0.408932943150732,0.314680270047691,0.359257059537975,0.132405909706902,0.0445767894902844
0.397900760949214,0.43204540283892,0.251452061141657,0.42066149342145,0.0341446418897056,0.169209432279793
0.238930212337442,0.425683611217405,0.413675045649865,0.393276290864331,0.186753398879963,-0.0203987547855335
0.294580132758943,0.480596244864502,0.501806315533951,0.456940235476474,0.186016112105559,-0.0448660800574768
0.302445730230653,0.482042157515622,0.524588566910578,0.517560105472798,0.179596427284969,-0.00702846143777969
0.289232605617215,0.4781663877353,0.405505773656742,0.325736997154115,0.188933782118085,-0.0797687765026275
0.430580582319415,0.380191132091964,0.355833904858617,0.383179600666705,-0.0503894502274503,0.0273456958080877
0.356464930066295,0.410615222043586,0.242448407038223,0.371537136289171,0.0541502919772905,0.129088729250948
0.489623426725378,0.432094407217378,0.436155898185716,0.420205768028842,-0.0575290195080002,-0.0159501301568737
0.328605585151164,0.491450586132135,0.381811046263094,0.439994282441716,0.162845000980971,0.0581832361786218
0.328572414228017,0.486016234300687,0.508425363852163,0.410847648584268,0.15744382007267,-0.0975777152678957
0.296772866082193,0.46405421745201,0.478556687376555,0.487627563525021,0.167281351369817,0.00907087614846552
0.224883642267945,0.350608820252926,0.223525070027172,0.227814983154742,0.125725177984981,0.00428991312756916
0.305416354319188,0.321644054875047,0.307953436647913,0.41590536202109,0.0162277005558595,0.107951925373177
0.460981585478244,0.418579553468018,0.349156405792,0.388665276000105,-0.0424020320102262,0.0395088702081051
0.447288503678362,0.41176942067485,0.289150219533055,0.301933012805045,-0.0355190830035121,0.0127827932719902
0.2413535223584,0.433421801614554,0.388583750289835,0.216738541488067,0.192068279256154,-0.171845208801769
0.386555987317451,0.305376041268802,0.438559054984118,0.40177561357788,-0.0811799460486484,-0.0367834414062376
0.202872647583755,0.413765239745189,0.482862506729021,0.336977295909162,0.210892592161434,-0.145885210819859
0.226123129632726,0.435160544030694,0.340078740102181,0.343314069345179,0.209037414397969,0.00323532924299796
0.24690617963333,0.278480051216203,0.401245411283378,0.318423209889873,0.0315738715828731,-0.0828222013935054
0.217917635134744,0.330571206857879,0.264438015705779,0.356359764780697,0.112653571723135,0.0919217490749175
0.275599036440002,0.337047499019635,0.3172500424206,0.286375272601124,0.0614484625796333,-0.0308747698194752
0.308009041162018,0.35784186917833,0.236887926511723,0.331265959212561,0.0498328280163127,0.0943780327008378
0.442644245314337,0.38334175469257,0.405702737148729,0.512920257763224,-0.0593024906217666,0.107217520614495
0.495215035418854,0.433853194281495,0.443144983641181,0.381225726954819,-0.0613618411373587,-0.0619192566863628
0.315956833409488,0.346385034350927,0.470153391171636,0.426399965246316,0.0304282009414388,-0.0437534259253192
0.261002617307658,0.353421602915548,0.297846475005712,0.413377553022202,0.0924189856078906,0.115531078016489
0.231155279837203,0.356210966394751,0.334199335739838,0.355352883096619,0.125055686557548,0.021153547356781
0.361926441751441,0.387300935063498,0.432109675925497,0.462912933125112,0.0253744933120567,0.0308032571996146
0.473973701506471,0.448603898422165,0.43693225272692,0.457782542324906,-0.0253698030843068,0.0208502895979865
0.251790071689132,0.417929140123696,0.315796886724315,0.363441774595616,0.166139068434564,0.0476448878713007
0.230774554323682,0.393536361604961,0.396168898903369,0.323271929826855,0.162761807281279,-0.0728969690765144
0.224478263584813,0.379397344195088,0.191569368123866,0.322609079788494,0.154919080610275,0.131039711664627
0.227111682817657,0.356476156231017,0.276873760053426,0.371219016890345,0.12936447341336,0.0943452568369189
0.258546007812021,0.399701697305701,0.389620395380771,0.290572417453214,0.14115568949368,-0.0990479779275565
0.251325562463398,0.337532628111348,0.458330757065545,0.384734453145992,0.0862070656479501,-0.0735963039195534
0.24487507957694,0.425212728029335,0.504338711684762,0.325180298602075,0.180337648452395,-0.179158413082687
0.314715397923707,0.393941014125599,0.405990290914275,0.322590275260234,0.079225616201892,-0.083400015654041
0.228778328957962,0.458043219747434,0.310498210240988,0.306567487518671,0.229264890789472,-0.00393072272231665
0.226832781411492,0.439623525617036,0.377525623842265,0.230656703407386,0.212790744205545,-0.146868920434879
0.244646504125302,0.337415851284564,0.346718236444966,0.373728531891225,0.0927693471592613,0.0270102954462589
0.266022293408425,0.409396044307536,0.483208137090523,0.283704258475439,0.143373750899111,-0.199503878615084
0.212459672436419,0.475708625537505,0.448622147869464,0.282481596778049,0.263248953101085,-0.166140551091415
0.195216177177573,0.429750098453796,0.434469555012595,0.331063958589072,0.234533921276223,-0.103405596423523
0.179713691112049,0.128206390546237,0.363674849982655,0.360666179402137,-0.0515073005658124,-0.00300867058051768
0.146727142418323,0.382218385384329,0.399845567292087,0.31531737902001,0.235491242966006,-0.0845281882720775
0.148863624683798,0.417864949176127,0.447565592100858,0.320403477765887,0.26900132449233,-0.127162114334972
0.184951973180027,0.415831218899548,0.423456213931839,0.291560169524714,0.230879245719521,-0.131896044407125
0.264651045289314,0.236074292117791,0.453794693356945,0.324018639840511,-0.0285767531715225,-0.129776053516434
0.351462605371425,0.493478194706316,0.29687569700178,0.287416353164878,0.142015589334891,-0.00945934383690228
0.325740894982863,0.494718699310406,0.26628833744464,0.271839228047387,0.168977804327543,0.00555089060274699
0.274013537315911,0.245646573442065,0.293296211796227,0.290631273526124,-0.0283669638738464,-0.00266493827010245
0.213238486117152,0.319165646063561,0.203432675861142,0.261729311586199,0.105927159946409,0.0582966357250579
0.310291974467432,0.537040107249468,0.169022037634192,0.307763759517697,0.226748132782036,0.138741721883505
0.346530646730414,0.49260261932858,0.234737462703118,0.337729751215055,0.146071972598167,0.102992288511937
0.369025300741515,0.515720700932004,0.210200249844022,0.380464810659248,0.146695400190489,0.170264560815227
0.342392879904595,0.445591452268147,0.196642969014371,0.340398462502224,0.103198572363552,0.143755493487853
0.237679444857309,0.354317465237383,0.237335033630974,0.321081771252499,0.116638020380074,0.0837467376215252
0.240240724438415,0.243848859442294,0.254475867969878,0.307276325343029,0.00360813500387905,0.0528004573731514
0.178941321496994,0.3889145802828,0.300999924226874,0.330400700333423,0.209973258785806,0.0294007761065486
0.395220153624927,0.570455198425544,0.203341733575518,0.282223132277175,0.175235044800617,0.0788813987016567
0.310932427208664,0.571120389497223,0.199011088502855,0.3362494935218,0.260187962288559,0.137238405018945
0.348873799487926,0.458105550389468,0.310433685810496,0.248179739038956,0.109231750901542,-0.0622539467715396
0.307839349710089,0.499548560157298,0.30257052330441,0.221839288126942,0.191709210447209,-0.0807312351774676
0.322933525909359,0.323141130840049,0.269618832621163,0.287643034096436,0.000207604930690053,0.0180242014752734
0.319825443416721,0.313360560551339,0.252171702267821,0.329592463515136,-0.00646488286538238,0.0774207612473146
0.297682487688061,0.296197080418656,0.301535195215937,0.232662207754253,-0.0014854072694051,-0.0688729874616842
0.311753486784535,0.429127126075005,0.309281424913732,0.250556258385983,0.11737363929047,-0.0587251665277492
0.321905709981978,0.295328399154464,0.228042957068771,0.285060583654954,-0.0265773108275137,0.0570176265861833
0.290684139906486,0.306449993290718,0.173046582101888,0.282700722227387,0.0157658533842321,0.109654140125499
0.28987238458539,0.400336233718392,0.183758597270565,0.141807373437444,0.110463849133002,-0.0419512238331206
0.295712407395524,0.286229779765367,0.296823498308457,0.254034869302932,-0.00948262763015723,-0.0427886290055249
0.26819928574828,0.371093987483324,0.276025677194478,0.256684476191603,0.102894701735044,-0.0193412010028747
0.276422103415441,0.320964267852885,0.161822988034006,0.251686527950917,0.0445421644374433,0.0898635399169112
0.306618572998922,0.32844325632362,0.208160977463316,0.244121141243508,0.0218246833246977,0.0359601637801922
0.345891605040413,0.342331401640497,0.234944442851462,0.233214390104,-0.00356020339991658,-0.00173005274746224
0.268213496644875,0.316617408296483,0.335139395248477,0.327688291911051,0.0484039116516089,-0.00745110333742594
0.3550411623337,0.48410923279574,0.211103679428876,0.276097248678091,0.12906807046204,0.0649935692492147
0.306258240602668,0.335864343446729,0.192406638435083,0.289454853660158,0.0296061028440613,0.0970482152250745
0.294955482577419,0.244330481056481,0.290534905772258,0.213382240213298,-0.0506250015209388,-0.0771526655589598
0.303940254051911,0.381086968952822,0.270817398974399,0.314933881929498,0.0771467149009111,0.0441164829550984
0.20094444700108,0.39330602414932,0.254084425501769,0.334331864803696,0.192361577148241,0.080247439301927
0.234186181907263,0.362953488464266,0.188767460260737,0.292469320596148,0.128767306557003,0.103701860335411
0.296417413218459,0.445735659353308,0.270171891271401,0.295433481451749,0.149318246134849,0.0252615901803483
0.293220130674194,0.372842812395866,0.158063168125427,0.313207978873988,0.079622681721672,0.155144810748561
0.391148677609591,0.489216516698891,0.185119855703248,0.209327030845654,0.0980678390893004,0.024207175142406
0.268059870177842,0.431493383931199,0.290571208930361,0.314949845450257,0.163433513753357,0.0243786365198955
0.201297516434028,0.349905889361858,0.265957235804224,0.195748728267096,0.14860837292783,-0.0702085075371276
0.24408811055674,0.416121771301193,0.367953965897947,0.263229987896199,0.172033660744453,-0.104723978001748
0.326887111003859,0.517501813395094,0.406470549072891,0.340687102142562,0.190614702391235,-0.065783446930329
0.256970706662565,0.4517140055671,0.204072972999569,0.320878167818622,0.194743298904535,0.116805194819053
0.293113788595521,0.421712929625953,0.16998868480066,0.29991108624396,0.128599141030432,0.129922401443299
0.315591152670917,0.382639077051389,0.172598836107767,0.192910633338667,0.0670479243804725,0.0203117972308998
0.32286318571551,0.508502986493004,0.336796731544427,0.235299265801092,0.185639800777494,-0.101497465743335
0.318043024832309,0.528910240627959,0.421490790062044,0.361651380880857,0.21086721579565,-0.0598394091811868
0.269407305573638,0.372681881678903,0.166465592404966,0.208260910381483,0.103274576105264,0.0417953179765175
0.194167839847382,0.515865935520541,0.267707383574987,0.194316863268131,0.321698095673159,-0.0733905203068564
0.326373981869678,0.488550705404288,0.293716226938529,0.250326043498861,0.16217672353461,-0.0433901834396681
0.354944277954445,0.386197049814395,0.261526216745406,0.324437836661918,0.0312527718599501,0.0629116199165121
0.357629301456025,0.436076871761634,0.33880308330034,0.213639679624127,0.0784475703056086,-0.125163403676213
0.334722135710625,0.469853343517216,0.292536615434383,0.434743496154277,0.135131207806592,0.142206880719894
0.319020082183377,0.495908697343646,0.278650709019389,0.289312479853297,0.176888615160268,0.0106617708339083
0.328450213976903,0.498696179182001,0.254467108060065,0.275723757558129,0.170245965205098,0.0212566494980639
0.267900317746415,0.252745974336564,0.284279712561621,0.286794796474249,-0.0151543434098508,0.002515083912628
0.210211324991841,0.319165646063561,0.20463349829424,0.250871951895834,0.108954321071719,0.0462384536015947
0.312842649104819,0.502813402270054,0.164779211490629,0.29993852489399,0.189970753165236,0.135159313403361
0.35031875206677,0.480799232711221,0.23800711616721,0.341852066062445,0.130480480644451,0.103844949895235
0.373498392357847,0.500486399654017,0.212266329204586,0.366348493958565,0.12698800729617,0.15408216475398
0.338274520591071,0.449284902920915,0.198914211220517,0.344650258535864,0.111010382329844,0.145736047315346
0.240416096776753,0.31423468709731,0.240803549274775,0.325233073461192,0.0738185903205569,0.0844295241864167
0.240430469754499,0.254505009080634,0.257573865511259,0.314786736138596,0.0140745393261354,0.0572128706273372
0.178922169165902,0.393463024403563,0.302638984443791,0.312952466224612,0.214540855237661,0.0103134817808218
0.399342259942889,0.562285616113719,0.205410386280377,0.285283903061401,0.16294335617083,0.0798735167810245
0.315387787287591,0.574486796851957,0.193928411687478,0.325812266802383,0.259099009564367,0.131883855114906
0.347718023405973,0.462920282036078,0.29568926339662,0.230136909288247,0.115202258630105,-0.0655523541083732
0.311687238998495,0.464539153931322,0.283055125988693,0.228992676539733,0.152851914932827,-0.0540624494489599
0.325718341113592,0.330147980691253,0.272541767571803,0.293169796967315,0.00442963957766063,0.0206280293955124
0.323600771077828,0.290600914968075,0.257094902446949,0.30942483374851,-0.0329998561097531,0.0523299313015609
0.301247965968751,0.2840352180547,0.303628257343779,0.232120446543929,-0.0172127479140513,-0.0715078107998496
0.316191409238776,0.434477330020332,0.310230845031987,0.252606925229034,0.118285920781556,-0.0576239198029529
0.300940675023905,0.300086443336811,0.223538919090576,0.28694238798968,-0.000854231687093976,0.0634034688991043
0.293354521681459,0.310006042612548,0.174551891168547,0.28456656017929,0.0166515209310892,0.110014669010742
0.296046665195239,0.403398486240592,0.185879092181379,0.151270903158417,0.107351821045352,-0.0346081890229619
0.298885368617308,0.291378524383554,0.287441194668908,0.255662711891936,-0.00750684423375331,-0.031778482776972
0.272070214965398,0.367722225993449,0.280773503481362,0.260881386172781,0.0956520110280508,-0.0198921173085809
0.268771061076401,0.310789496312933,0.153470908298672,0.256882462445522,0.0420184352365318,0.103411554146849
0.31188478729839,0.305965146446469,0.206124954292944,0.246753395272218,-0.00591964085192115,0.0406284409792741
0.353579552681794,0.347512187162373,0.234944442851462,0.231267892181863,-0.00606736551942127,-0.00367655066959902
0.272652171109267,0.30934286396073,0.325504915431776,0.317941751985045,0.0366906928514629,-0.00756316344673058
0.361281668902814,0.48410923279574,0.212298015164656,0.273831719740019,0.122827563892927,0.0615337045753636
0.319253325350678,0.335864343446729,0.178674890378357,0.291145755450386,0.016611018096051,0.112470865072029
0.310143733403493,0.245689584030906,0.295091383669626,0.217004348415285,-0.0644541493725869,-0.0780870352543417
0.303940254051911,0.389736430181576,0.275652813368498,0.319414643497199,0.0857961761296651,0.0437618301287013
0.198482774335492,0.398101660044665,0.257109500498249,0.336366092580708,0.199618885709174,0.0792565920824591
0.217760664966393,0.329693214524196,0.191923504869599,0.294459666694185,0.111932549557803,0.102536161824586
0.282997374392974,0.448668445749203,0.273389956941895,0.298277632504098,0.165671071356229,0.0248876755622026
0.298041586458999,0.379207302927458,0.153756822107669,0.306893144932116,0.0811657164684585,0.153136322824447
0.379826784080939,0.480404682756746,0.166577714673344,0.201683948105188,0.100577898675807,0.0351062334318439
0.267101170460238,0.435345037438915,0.280993806884623,0.316910486704182,0.168243866978677,0.0359166798195598
0.200895909564218,0.353539186087469,0.258305577411049,0.199359108195062,0.152643276523251,-0.0589464692159877
0.231011435279078,0.421877729477154,0.372224107703514,0.266547330568337,0.190866294198076,-0.105676777135178
0.329680830963456,0.521746701884585,0.414672460857823,0.30331297305604,0.192065870921129,-0.111359487801783
0.258944780193115,0.456029437042576,0.206512330301805,0.311676548594449,0.197084656849461,0.105164218292644
0.299025263353711,0.425308411800537,0.171170363414681,0.302658546389406,0.126283148446826,0.131488182974725
0.319259413365221,0.361024874819231,0.173281110268976,0.188869379924745,0.0417654614540099,0.0155882696557692
0.326708783610467,0.510114221090466,0.342431937512725,0.240574415315545,0.183405437479999,-0.10185752219718
0.322310371362966,0.530478177349421,0.427946745856039,0.336519966562437,0.208167805986455,-0.0914267792936024
0.265647818595347,0.375940212245958,0.163393608512586,0.213031739366118,0.110292393650611,0.0496381308535318
0.194167839847382,0.515865935520541,0.272144725060251,0.194316863268131,0.321698095673159,-0.0778278617921195
0.303026790544535,0.466060731172599,0.296023580002211,0.256691584540222,0.163033940628065,-0.0393319954619882
0.352755170132434,0.391337237614274,0.265827750259831,0.329011406639362,0.0385820674818402,0.0631836563795307
0.362980420019075,0.432971654587507,0.344594393156775,0.217545315434883,0.069991234568432,-0.127049077721892
0.338670907931291,0.469853343517216,0.23166975945138,0.434743496154277,0.131182435585925,0.203073736702897
0.323610137143251,0.474876429498744,0.257420606002099,0.289868040075939,0.151266292355493,0.0324474340738396
0.331065369699162,0.498696179182001,0.254467108060065,0.241706285630727,0.167630809482839,-0.0127608224293381
0.267900317746415,0.254569197694831,0.286331394800766,0.286794796474249,-0.0133311200515838,0.000463401673483244
0.210211324991841,0.312777466051727,0.19101355764453,0.254179416029578,0.102566141059886,0.0631658583850489
0.296336288394187,0.502813402270054,0.158664051446921,0.304724328698978,0.206477113875868,0.146060277252057
0.338825747085001,0.484342132873034,0.204794979156354,0.347907303476964,0.145516385788033,0.14311232432061
0.374793378106405,0.502286989725057,0.197372156912424,0.373816280137521,0.127493611618652,0.176444123225097
0.339141892859192,0.45384023064911,0.2029744569656,0.338307393429283,0.114698337789918,0.135332936463684
0.24778812247608,0.292729391294886,0.244126984254486,0.326435286163407,0.0449412688188064,0.0823083019089215
0.243982096515378,0.260483025372855,0.244902594187697,0.316572413230088,0.0165009288574773,0.0716698190423909
0.187893936455403,0.406418562569513,0.304270265215048,0.305734336491722,0.218524626114109,0.00146407127667358
0.374487888429049,0.562285616113719,0.208935317627737,0.290437035960161,0.18779772768467,0.0815017183324235
0.308410979558841,0.574486796851957,0.19856362144965,0.331171369576697,0.266075817293116,0.132607748127047
0.350185371868881,0.463966646416296,0.299799477669187,0.225929547643872,0.113781274547415,-0.0738699300253152
0.306548420546232,0.458252017282658,0.27095414857017,0.216290813260705,0.151703596736427,-0.0546633353094646
0.317554569494668,0.334539827108678,0.274723762988072,0.297706826032776,0.0169852576140103,0.0229830630447035
0.327648615255267,0.3012371225652,0.260061723986309,0.313616297651808,-0.0264114926900675,0.0535545736654989
0.303903348262403,0.267487492725289,0.304485295735511,0.233997792109157,-0.0364158555371137,-0.0704875036263544
0.307844554562454,0.421906328321749,0.301321642611352,0.250553360978066,0.114061773759295,-0.050768281633286
0.307226332220951,0.313497151485043,0.226433819565347,0.276895965807303,0.00627081926409206,0.0504621462419562
0.29679813813047,0.306878905104058,0.176032878512179,0.278018197216013,0.010080766973588,0.101985318703834
0.28431145365855,0.408162974633796,0.185879092181379,0.151270903158417,0.123851520975246,-0.0346081890229619
0.304493041198393,0.267614488222452,0.290459718655908,0.261169023489597,-0.0368785529759403,-0.0292906951663113
0.276643436659387,0.344607999424642,0.283379988571349,0.260060609186218,0.0679645627652544,-0.0233193793851313
0.272344879267444,0.316108982473843,0.15596083264849,0.261687575603835,0.0437641032063996,0.105726742955345
0.315290950606005,0.306211161912709,0.204871644364306,0.250795334749712,-0.00907978869329634,0.0459236903854066
0.3572493157272,0.362945587138478,0.234944442851462,0.23458413435758,0.00569627141127793,-0.000360308493882328
0.275398873065817,0.323254476049804,0.313262583343377,0.323123250031598,0.0478556029839868,0.00986066668822072
0.366737255522858,0.48410923279574,0.202380399363798,0.261645981981709,0.117371977272882,0.0592655826179106
0.291757520680026,0.329533861061107,0.18139522269486,0.29506287084045,0.037776340381081,0.11366764814559
0.29489464909236,0.221012316132168,0.27575903502182,0.212608222878208,-0.0738823329601925,-0.063150812143612
0.299720535581912,0.376824459645726,0.278164554688277,0.31366229790322,0.0771039240638134,0.0354977432149424
0.202310502494398,0.41409296029967,0.254574506455812,0.338395459862164,0.211782457805272,0.0838209534063522
0.204219978963629,0.333151302364257,0.192627927785634,0.277494288272902,0.128931323400628,0.0848663604872683
0.271583306328228,0.427936884095165,0.262159334775837,0.267282029063596,0.156353577766937,0.00512269428775891
0.284363580622652,0.383368685500983,0.156350149864609,0.311974857071983,0.0990051048783305,0.155624707207374
0.347416905320783,0.482351352238669,0.166834515999169,0.202830735487106,0.134934446917886,0.035996219487937
0.262027541780459,0.44027968598731,0.283024369078271,0.306085533569789,0.178252144206851,0.0230611644915179
0.196595932364444,0.358491188529768,0.250533575805764,0.197590489409395,0.161895256165324,-0.0529430863963692
0.235867761001766,0.424677891248455,0.350038887476239,0.266547330568337,0.188810130246689,-0.0834915569079023
0.318747788500308,0.521746701884585,0.388116674256572,0.307384059211019,0.202998913384277,-0.0807326150455537
0.25465789382494,0.440845918155665,0.202830095396424,0.316324214550985,0.186188024330725,0.113494119154561
0.302625558452794,0.410728169357997,0.174263337292776,0.306889153491232,0.108102610905203,0.132625816198456
0.322516258070562,0.360688972983928,0.170740114822544,0.193365692347763,0.038172714913366,0.0226255775252196
0.33004807454207,0.510114221090466,0.345891591583132,0.223626306523208,0.180066146548395,-0.122265285059925
0.325668685622166,0.533007802195402,0.386088032750822,0.336519966562437,0.207339116573236,-0.0495680661883856
0.269907249268159,0.36337985062591,0.16682925302139,0.226368801956738,0.0934726013577517,0.0595395489353481
0.194167839847382,0.401734151127636,0.275092195170342,0.194316863268131,0.207566311280255,-0.0807753319022108
0.303793823769141,0.467039536219347,0.298011741780734,0.256691584540222,0.163245712450206,-0.041320157240512
0.355892115826929,0.395821250994376,0.268375149534684,0.329011406639362,0.0399291351674476,0.0606362571046775
0.364508051563024,0.4179267473027,0.347961191227626,0.21940017971514,0.0534186957396754,-0.128561011512485
0.332836300737167,0.473053178165713,0.23166975945138,0.434743496154277,0.140216877428545,0.203073736702897
0.321525276315266,0.481115926040623,0.25949401928418,0.289868040075939,0.159590649725358,0.0303740207917589
0.331065369699162,0.50136853597225,0.211976499100608,0.241706285630727,0.170303166273088,0.0297297865301196
0.269093703579022,0.249714917481441,0.28841186718513,0.285893109625693,-0.0193787860975808,-0.00251875755943731
0.212166296539963,0.323711956585205,0.179634497079432,0.251269586423606,0.111545660045242,0.0716350893441738
0.300390230360399,0.508384666776557,0.162106983375572,0.305764581847098,0.207994436416159,0.143657598471526
0.341404475460699,0.490111659247117,0.202372811729132,0.348561750329561,0.148707183786418,0.146188938600429
0.360283401815877,0.495867157931564,0.199909373526799,0.345346153674586,0.135583756115687,0.145436780147787
0.341251019779063,0.446931875802805,0.205759994442466,0.339055785761127,0.105680856023741,0.133295791318661
0.241557089850083,0.281061125195902,0.247644342083419,0.330642265495873,0.0395040353458197,0.0829979234124535
0.250643736499507,0.264230579253454,0.237213929672969,0.318291306656396,0.0135868427539461,0.0810773769834272
0.193498416032718,0.381364791787417,0.306262944786282,0.309033205861137,0.187866375754698,0.0027702610748544
0.345523614703912,0.555027631765036,0.199755440828557,0.290922513991719,0.209504017061124,0.0911670731631619
0.310782651729632,0.576424751645761,0.193078803426425,0.331952878075548,0.265642099916129,0.138874074649123
0.340246445196723,0.457495510609249,0.291304611988506,0.228664355865763,0.117249065412526,-0.0626402561227435
0.311209830303708,0.461759714190448,0.25236081844073,0.218052555978585,0.15054988388674,-0.0343082624621452
0.323111057860489,0.329047299714441,0.276995072561049,0.294350418918169,0.00593624185395208,0.0173553463571205
0.303956434277332,0.289773295699301,0.243871870018263,0.317532706362195,-0.0141831385780316,0.0736608363439324
0.307272692205265,0.271420206941424,0.306485181443147,0.236782122601161,-0.0358524852638412,-0.0697030588419859
0.313011910231334,0.426180342023318,0.30384592895433,0.230948967268854,0.113168431791984,-0.0728969616854759
0.310610013565248,0.31876376982759,0.228649794570116,0.279393937723949,0.00815375626234194,0.050744143153833
0.30024494496617,0.304500313543729,0.169476718038745,0.268223635427749,0.0042553685775587,0.098746917389004
0.28860245951739,0.411332445554556,0.187133247799027,0.152258027077871,0.122729986037166,-0.0348752207211563
0.308098355176511,0.262184889903718,0.292959049155881,0.26563677169488,-0.0459134652727927,-0.0273222774610014
0.273918813233899,0.346443777153478,0.285894667805343,0.262974447346397,0.0725249639195791,-0.0229202204589455
0.275030404027145,0.321179177430768,0.157552980646617,0.264383367606304,0.0461487734036223,0.106830386959686
0.318572819260325,0.310523552929229,0.207308557938395,0.246797653753494,-0.00804926633109648,0.039489095815099
0.358815698295589,0.367963565640594,0.23790766253225,0.2363132401406,0.00914786734500495,-0.00159442239165003
0.278168346821103,0.33151920033821,0.291712546978572,0.312897971448209,0.0533508535171067,0.0211854244696373
0.372348090929567,0.424679970064068,0.204021806614218,0.262653894864602,0.0523318791345009,0.0586320882503836
0.296321509630001,0.340616464070493,0.182126944657716,0.29639251136861,0.0442949544404923,0.114265566710894
0.3007163946581,0.223910559801127,0.254474545130279,0.213461181354701,-0.0768058348569728,-0.0410133637755782
0.281451751490177,0.380345071289462,0.253569139166069,0.318303988681015,0.0988933197992854,0.064734849514946
0.202292770994028,0.420175869433614,0.241562153494838,0.341978607473227,0.217883098439586,0.100416453978389
0.210318219118497,0.312316136541204,0.192627927785634,0.263989383793582,0.101997917422707,0.0713614560079478
0.259460788655464,0.413312827805436,0.264585283683484,0.270182852067686,0.153852039149973,0.00559756838420217
0.280774419730872,0.388143638638421,0.157488309820969,0.314043106532493,0.107369218907549,0.156554796711524
0.327471465193144,0.486275336289861,0.167029572095039,0.1980098328724,0.158803871096717,0.0309802607773614
0.266013585316129,0.44594100791677,0.274306073956624,0.308852976929195,0.179927422600641,0.0345469029725703
0.188922354331945,0.339886091613911,0.250533575805764,0.204081389611962,0.150963737281965,-0.0464521861938016
0.235285118770663,0.412433981713954,0.350038887476239,0.248110620352735,0.177148862943291,-0.101928267123503
0.322804623527057,0.524312439567135,0.389341101351436,0.307384059211019,0.201507816040078,-0.0819570421404173
0.253072880475667,0.447291400687067,0.205796285588781,0.305665591095711,0.1942185202114,0.0998693055069301
0.304705207824608,0.408000031350399,0.177506097699307,0.299420072291912,0.103294823525791,0.121913974592605
0.330269731069159,0.346462932443047,0.157384906655306,0.197660822158547,0.0161932013738879,0.0402759155032407
0.335568618060216,0.515357973356261,0.347182593320473,0.221035224261848,0.179789355296044,-0.126147369058625
0.330728689575458,0.538426469189946,0.387821141784665,0.310160928186019,0.207697779614489,-0.0776602135986468
0.256854031253778,0.328121944852461,0.167870691520699,0.223501453398535,0.0712679135986827,0.0556307618778359
0.194167839847382,0.401734151127636,0.27712936155256,0.190559455914977,0.207566311280255,-0.086569905637583
0.306332561724026,0.470443190932761,0.300703307897204,0.262782177355041,0.164110629208735,-0.0379211305421627
0.362098395043013,0.400532210082911,0.270532340163843,0.334995945763469,0.038433815039898,0.0644636055996252
0.341049719699876,0.421996097525099,0.29997886683708,0.208763707046868,0.0809463778252233,-0.0912151597902129
0.334360029166139,0.44287150571944,0.233664665518091,0.434743496154277,0.1085114765533,0.201078830636186
0.297007064580722,0.484113260983711,0.262022652297017,0.291412684427344,0.187106196402989,0.0293900321303263
0.325915209329317,0.502740868527851,0.214635932842767,0.213923860187786,0.176825659198535,-0.000712072654981771
0.267956657485698,0.25167256309566,0.2897214748597,0.274873928136133,-0.0162840943900387,-0.0148475467235665
0.215982595765489,0.330832485101356,0.182543622940846,0.242879205270018,0.114849889335867,0.0603355823291723
0.290760303599093,0.514035074604522,0.154460298564343,0.301334032624285,0.223274771005429,0.146873734059942
0.34724759761841,0.494472442197467,0.203318437296777,0.336013964057141,0.147224844579057,0.132695526760365
0.359755299961948,0.483269696539798,0.196205373147029,0.345346153674586,0.123514396577851,0.149140780527556
0.336583836669354,0.441669386345972,0.208699904144253,0.340665086314677,0.105085549676618,0.131965182170424
0.237331389626506,0.283261605761403,0.249456401015697,0.33923062186585,0.0459302161348975,0.0897742208501535
0.249649736806598,0.266205296310825,0.23941438996858,0.319897585770322,0.0165555595042279,0.0804831958017425
0.195350180475636,0.384888586530289,0.29391526291033,0.291475343562624,0.189538406054653,-0.00243991934770632
0.349783680853116,0.522742890001038,0.202068551782727,0.293632099692006,0.172959209147922,0.0915635479092783
0.306446231086316,0.578274336981288,0.197541125374006,0.331952878075548,0.271828105894971,0.134411752701541
0.339038140047712,0.445355049989002,0.269809411018244,0.227054575390798,0.10631690994129,-0.0427548356274461
0.315888887882,0.469986545159181,0.254941850475055,0.219657201586206,0.154097657277181,-0.0352846488888488
0.329664584465943,0.33536903622016,0.278701055907506,0.291381437717625,0.00570445175421619,0.0126803818101191
0.290963641738719,0.287788492654324,0.244440697075839,0.323138742450099,-0.00317514908439503,0.0786980453742608
0.299353239238674,0.275810637336391,0.30824192545276,0.241866347985145,-0.0235426019022827,-0.0663755774676153
0.319492962125411,0.420021450013936,0.305157052167776,0.229506239350119,0.100528487888525,-0.0756508128176566
0.310610013565248,0.327042966825813,0.230229744245573,0.28580239480849,0.0164329532605651,0.0555726505629176
0.301434347365981,0.309832804562245,0.166643389926991,0.273562249883529,0.0083984571962647,0.106918859956538
0.287243843141781,0.411332445554556,0.179973845519829,0.156011554625776,0.124088602412775,-0.0239622908940532
0.308098355176511,0.262875581186443,0.295479528605425,0.259412843128853,-0.0452227739900677,-0.0360666854765723
0.279738764884515,0.352386676351543,0.266274371986684,0.262028645203544,0.0726479114670278,-0.00424572678313945
0.279503072978438,0.314867245029585,0.153879998397612,0.258548601048084,0.0353641720511466,0.104668602650472
0.305952829256907,0.299780324374606,0.208725718593873,0.251518529170454,-0.00617250488230098,0.042792810576581
0.362234050121466,0.373397587756297,0.233675694529382,0.238376655302371,0.011163537634831,0.0047009607729892
0.278168346821103,0.327826454034945,0.293768173537475,0.314636625827894,0.0496581072138425,0.0208684522904186
0.372348090929567,0.391886628877425,0.19721841477951,0.266477424680822,0.0195385379478578,0.0692590099013121
0.299338389755426,0.321594869241503,0.18496525642979,0.300332164072811,0.0222564794860773,0.115366907643021
0.3007163946581,0.230454658336802,0.246853094794791,0.211015249514298,-0.0702617363212971,-0.0358378452804929
0.276376972033171,0.387126599741064,0.254051859375359,0.31270164108953,0.110749627707893,0.058649781714171
0.202292770994028,0.390583708994922,0.243594336380084,0.336984437507096,0.188290938000894,0.0933901011270124
0.211439926600203,0.3087137938381,0.190882879631287,0.267498127358554,0.0972738672378969,0.0766152477272665
0.261575340718709,0.408558429632241,0.265967599934946,0.261246414196929,0.146983088913532,-0.00472118573801722
0.279796672080713,0.393992854170293,0.152435239373976,0.318154653937133,0.114196182089579,0.165719414563157
0.33260312568676,0.490959284997387,0.167855140708721,0.200982720391764,0.158356159310627,0.0331275796830431
0.270513861872826,0.432878979545628,0.275764854447301,0.293806431432694,0.162365117672802,0.0180415769853939
0.189716887208331,0.341868811053248,0.243673464795648,0.204081389611962,0.152151923844917,-0.0395920751836864
0.235610010732635,0.415631887084831,0.354913550909791,0.248110620352735,0.180021876352196,-0.106802930557056
0.328627078455492,0.52692949682963,0.390606988186898,0.272655767072828,0.198302418374137,-0.11795122111407
0.257768908049913,0.453538878619729,0.185420641809024,0.311432221572695,0.195769970569816,0.126011579763671
0.285151174986629,0.413144747851227,0.170369113928927,0.305378989713743,0.127993572864598,0.135009875784816
0.321303570862748,0.334616337841579,0.161175906218692,0.196450254994328,0.0133127669788309,0.0352743487756355
0.331112525437694,0.51813816270652,0.351033095137537,0.223378655259712,0.187025637268827,-0.127654439877826
0.336878612517484,0.542264646413731,0.342285856831042,0.314402599294503,0.205386033896247,-0.0278832575365391
0.261120017599233,0.331802587047441,0.17253198772993,0.223501453398535,0.0706825694482074,0.0509694656686056
0.194167839847382,0.401734151127636,0.264482235173895,0.180930963215613,0.207566311280255,-0.0835512719582814
0.305991561455715,0.474380784912155,0.267577780981586,0.262782177355041,0.16838922345644,-0.00479560362654541
0.36695917999791,0.407318358815085,0.259156048109675,0.33838561122134,0.0403591788171749,0.0792295631116647
0.336459472355946,0.41460971719536,0.284882642936539,0.210491507750795,0.0781502448394139,-0.0743911351857433
0.339986383486053,0.443307339107817,0.233664665518091,0.444644685021117,0.103320955621763,0.210980019503026
0.292873296124426,0.471509427804911,0.262022652297017,0.259059181952001,0.178636131680485,-0.00296347034501654
0.321240454137715,0.505340210068565,0.174040810401532,0.198602771833451,0.184099755930849,0.0245619614319192
0.26903974087227,0.245594995396211,0.259792997142678,0.261263062356899,-0.0234447454760583,0.00147006521422077
0.216762616930116,0.356747167949596,0.185249638131592,0.244755755155027,0.13998455101948,0.0595061170234358
0.295091992646138,0.515484567367789,0.15268554801786,0.305619135062593,0.220392574721651,0.152933587044733
0.352908038453574,0.49717854091093,0.185815517787798,0.325009726305718,0.144270502457356,0.13919420851792
0.365561118942169,0.486538706721572,0.179653351733139,0.315931757267701,0.120977587779403,0.136278405534562
0.328341772050452,0.444428680041753,0.211460608115973,0.342522851556476,0.116086907991301,0.131062243440503
0.240351653627195,0.292483887975289,0.237739065208705,0.343937480861391,0.0521322343480942,0.106198415652686
0.249536637589336,0.26811015929803,0.229740758772512,0.294048584738011,0.0185735217086938,0.0643078259654988
0.187570463684393,0.374833938767582,0.294574111611505,0.294286791175752,0.18726347508319,-0.000287320435752469
0.331932709657797,0.524067940325443,0.204126204574792,0.298353818152678,0.192135230667645,0.0942276135778865
0.311736135263477,0.579683771468642,0.200867453166713,0.336365310056828,0.267947636205165,0.135497856890116
0.343314350898627,0.448449871510886,0.271394987195932,0.231169341165704,0.105135520612259,-0.0402256460302276
0.320051236752325,0.459668091485234,0.248257362551784,0.227149234614028,0.139616854732909,-0.0211081279377567
0.333128076381972,0.318375822285931,0.268939269399134,0.277002599631437,-0.0147522540960407,0.00806333023230255
0.293831717061846,0.299929442739014,0.24611315436357,0.325794010103071,0.0060977256771676,0.0796808557395003
0.288045835834484,0.279364289434199,0.309414717691759,0.243228818395177,-0.00868154640028534,-0.0661858992965819
0.31543530274637,0.422365593317352,0.306050503153011,0.231011922649107,0.106930290570982,-0.0750385805039039
0.313814064303664,0.34245462383554,0.231629789427471,0.288612122411653,0.0286405595318763,0.0569823329841816
0.304051523121325,0.315290168146991,0.163965800318468,0.260522989629041,0.0112386450256664,0.0965571893105727
0.291650209827047,0.407209224444163,0.172776281375689,0.157427485540659,0.115559014617116,-0.0153487958350304
0.309421704953356,0.263033273571133,0.297598985300177,0.261258387331105,-0.0463884313822225,-0.0363405979690715
0.284852652809779,0.349589325422852,0.268008468548628,0.265885657091947,0.0647366726130725,-0.00212281145668164
0.268443284284472,0.318764110279716,0.139362355266154,0.26079654368277,0.0503208259952438,0.121434188416616
0.309057929208262,0.293867043128426,0.199197098367682,0.255765209535087,-0.0151908860798357,0.0565681111674053
0.366684383223636,0.385845942406117,0.236021699009081,0.241339977576163,0.0191615591824807,0.00531827856708159
0.28157917583342,0.334251898951989,0.295403189322654,0.307360326156685,0.0526727231185686,0.0119571368340308
0.381756947727897,0.407751323274042,0.197963836847556,0.26932495744604,0.0259943755461442,0.0713611205984847
0.299338389755426,0.31727614623159,0.18496525642979,0.303395852151863,0.0179377564761636,0.118430595722073
0.3067572691002,0.231988575766913,0.232331652956135,0.205173639469443,-0.0747686933332878,-0.0271580134866924
0.278609312694986,0.400805920060197,0.255273232472215,0.303694135038157,0.122196607365211,0.0484209025659427
0.199614235135759,0.364836948615225,0.230353697307479,0.324938794830061,0.165222713479467,0.0945850975225818
0.201444052701681,0.311997030540126,0.178025853067957,0.269063622397373,0.110552977838445,0.0910377693294166
0.263739567370991,0.410797994246009,0.267210922479033,0.2513611570147,0.147058426875018,-0.0158497654643327
0.283340598837047,0.396132884917517,0.153665580459879,0.304319957865915,0.11279228608047,0.150654377406036
0.334731117536552,0.493662635624709,0.168586741119539,0.202266639217936,0.158931518088157,0.033679898098397
0.271906130774665,0.434384915383357,0.27718181498091,0.285934510859063,0.162478784608693,0.00875269587815336
0.187146660833558,0.344823363358308,0.230867681504977,0.206497115426856,0.15767670252475,-0.024370566078121
0.239269046808615,0.417186430058305,0.355940489919313,0.223529181292125,0.17791738324969,-0.132411308627188
0.333173599550892,0.52818248989324,0.39207930559551,0.27555027861736,0.195008890342348,-0.11652902697815
0.260839085573434,0.456445170519856,0.179059264400598,0.305292985824145,0.195606084946423,0.126233721423547
0.288111592503073,0.416584837709886,0.172244410870996,0.310107347612825,0.128473245206813,0.137862936741829
0.301139009726024,0.337674695454962,0.164239858956921,0.198839496115183,0.0365356857289384,0.0345996371582612
0.323986841136805,0.51949694603771,0.352295749674908,0.225449730006615,0.195510104900906,-0.126846019668293
0.340485511892846,0.543678318867477,0.321268059350865,0.314402599294503,0.20319280697463,-0.00686546005636202
0.265388596280763,0.317386262572139,0.175083284667919,0.223501453398535,0.0519976662913761,0.0484181687306166
0.186543537479938,0.401734151127636,0.246378831901469,0.176464699577813,0.215190613647698,-0.0699141323236561
0.308648640618935,0.464190256727871,0.243583762138905,0.262782177355041,0.155541616108935,0.0191984152161358
0.347141641713079,0.41255243074563,0.261389006262689,0.33838561122134,0.065410789032551,0.0769966049586508
0.329073775955307,0.417456668963973,0.26779870127236,0.193311308923467,0.0883828930086658,-0.074487392348893
0.343933628998976,0.441307837764019,0.23545316428598,0.455099723507407,0.0973742087650435,0.219646559221427
0.416289114072997,0.557917792635512,0.343851202541067,0.292316946403605,0.141628678562515,-0.0515342561374628
0.417323122515862,0.414692188273579,0.350234564111634,0.428039610749078,-0.00263093424228222,0.0778050466374441
0.295103144913602,0.358147877194193,0.296324702017176,0.268363618924346,0.0630447322805904,-0.0279610830928299
0.264977794953957,0.298250292477746,0.383281555901536,0.258388654186094,0.0332724975237886,-0.124892901715442
0.366184791987033,0.53802414843912,0.407419358968287,0.328398418974694,0.171839356452087,-0.079020939993593
0.383212416216498,0.587005435809083,0.398772638811614,0.377741521341913,0.203793019592585,-0.0210311174697004
0.428087463499421,0.544302018562185,0.390903381111483,0.365391591601507,0.116214555062764,-0.0255117895099766
0.419505869209145,0.551322621831298,0.374810013040319,0.353821207819901,0.131816752622153,-0.0209888052204177
0.364819507101154,0.388592484040241,0.320841982517754,0.34345181798244,0.0237729769390863,0.0226098354646859
0.410005416792611,0.299586053140618,0.357808013989903,0.324760691763908,-0.110419363651992,-0.0330473222259945
0.303716731581477,0.390150673470244,0.324833333677293,0.242007113609681,0.0864339418887666,-0.0828262200676121
0.410921382590876,0.544047709688457,0.410829450718563,0.329418631236887,0.133126327097581,-0.0814108194816752
0.420509811418609,0.531465637714132,0.344832607877686,0.341578549426425,0.110955826295524,-0.00325405845126131
0.437277048027277,0.566512982795994,0.371897581730303,0.296378390979499,0.129235934768717,-0.0755191907508037
0.256544414047327,0.342018090390777,0.320696412754512,0.260849439425697,0.0854736763434505,-0.0598469733288156
0.345647125906644,0.37619931807395,0.396771680446796,0.31170058923142,0.0305521921673057,-0.0850710912153765
0.321398500799487,0.340190778493697,0.386477187911115,0.407054769781187,0.0187922776942102,0.0205775818700712
0.354573878793622,0.296626320754311,0.313874050358919,0.334666883896028,-0.0579475580393107,0.0207928335371089
0.379990260530789,0.547776666640362,0.393051369425535,0.317801582776708,0.167786406109574,-0.0752497866488269
0.260807198005542,0.243426612502962,0.354646013066409,0.331999773662917,-0.0173805855025797,-0.0226462394034918
0.421035229283226,0.472688307208129,0.258223854962981,0.209118680198787,0.0516530779249031,-0.0491051747641946
0.385872077638091,0.122482207589829,0.281605820027816,0.329877467357919,-0.263389870048262,0.0482716473301033
0.353635293778652,0.178177717602478,0.294694860864601,0.213691051292083,-0.175457576176173,-0.0810038095725178
0.34497395758855,0.354175790166317,0.353184798675236,0.340608118517911,0.00920183257776674,-0.0125766801573253
0.323874327099733,0.345176643637335,0.340085723502577,0.295281388850293,0.0213023165376018,-0.0448043346522849
0.401486136842753,0.347166304273996,0.366378513985121,0.268299199002588,-0.0543198325687576,-0.0980793149825327
0.405678519753004,0.541784191849703,0.325600390390528,0.260986761005501,0.136105672096699,-0.0646136293850269
0.295446768762496,0.254972912749303,0.307799762899158,0.21772852701441,-0.0404738560131938,-0.090071235884748
0.332429925459732,0.362997627794428,0.349607457179854,0.376530307927185,0.0305677023346961,0.026922850747331
0.369334169583271,0.371612334128151,0.334706211860963,0.308253989304464,0.00227816454487939,-0.0264522225564987
0.339430680373092,0.384372346168905,0.190933568627025,0.226037095942665,0.0449416657958122,0.0351035273156397
0.308477759118563,0.340139533322688,0.35840893094894,0.397789864617875,0.031661774204125,0.0393809336689351
0.354341586163458,0.319206774889543,0.329888418423251,0.284278523023217,-0.0351348112739155,-0.0456098954000342
0.429566937358205,0.425843049542089,0.285491994618151,0.316013886228673,-0.00372388781611521,0.0305218916105223
0.432807748322689,0.144060170098327,0.366111430815788,0.347437111246739,-0.288747578224362,-0.0186743195690491
0.461883848060218,0.435363318969246,0.33365912798505,0.413912404101531,-0.0265205290909719,0.0802532761164804
0.249005403736489,0.223179885238745,0.167842735969867,0.267358624030816,-0.0258255184977436,0.099515888060949
0.383329203841577,0.223570276270029,0.247635887416573,0.306250339013043,-0.159758927571548,0.0586144515964705
0.445218989182913,0.460338582501155,0.234362304040233,0.243879625670322,0.015119593318242,0.00951732163008845
0.45966719459278,0.512216416406263,0.261463621640737,0.281814873623478,0.0525492218134827,0.0203512519827411
0.523383295126591,0.50799490381199,0.177505776852325,0.299762963057158,-0.0153883913146012,0.122257186204833
0.477437604191144,0.524330392766489,0.333409542037309,0.308322046439385,0.0468927885753441,-0.0250874955979239
0.426183380995045,0.546895256288023,0.302929329547265,0.270756978236471,0.120711875292979,-0.032172351310794
0.363938627976147,0.383851257452685,0.180286646868308,0.252620705567838,0.0199126294765376,0.0723340586995304
0.448318582781685,0.505860776676025,0.278299350886407,0.327030236717446,0.0575421938943394,0.0487308858310391
0.461578874049018,0.467525357665399,0.377241307498325,0.340953132420391,0.00594648361638017,-0.0362881750779339
0.436661130474242,0.423448584001609,0.271383010605729,0.203205533556296,-0.0132125464726323,-0.0681774770494328
0.372482469027781,0.393257562538913,0.260148714734156,0.233651745663329,0.020775093511132,-0.0264969690708274
0.414744208463008,0.392866915879718,0.23861975223324,0.304233460413736,-0.0218772925832905,0.0656137081804963
0.395341936574857,0.446351591070806,0.412637557926836,0.24006061417635,0.0510096544959489,-0.172576943750485
0.417416513623535,0.467163951053432,0.189867284419855,0.286257110084785,0.0497474374298975,0.0963898256649305
0.0902438628292084,0.496265915153642,0.296225833992811,0.281970026718019,0.406022052324434,-0.0142558072747921
0.421473126748346,0.560546048435578,0.345698068301854,0.28329991320319,0.139072921687232,-0.0623981550986638
0.420441795128862,0.415768908205315,0.353666440828416,0.428039610749078,-0.00467288692354711,0.0743731699206618
0.295103144913602,0.309891330755564,0.301047094914338,0.268363618924346,0.0147881858419613,-0.0326834759899917
0.264977794953957,0.312481561166386,0.385226517956767,0.256223298095957,0.0475037662124284,-0.12900321986081
0.372831161483047,0.477905006998552,0.410801603973,0.3331285920381,0.105073845515505,-0.0776730119349005
0.390133349989739,0.559932654143893,0.383516783906218,0.384912221485007,0.169799304154154,0.00139543757878841
0.413722964338735,0.547125767530292,0.382877227195574,0.350758762537615,0.133402803191557,-0.032118464657959
0.409753832406358,0.554170715368025,0.379398716530906,0.357482184018345,0.144416882961667,-0.0219165325125608
0.356340482948948,0.372372057378994,0.3246974881511,0.331971946255545,0.0160315744300467,0.00727445810444499
0.403741739528573,0.303343032760539,0.343027619231724,0.329305905957819,-0.100398706768034,-0.0137217132739053
0.309009880896464,0.321113135030202,0.329036611189373,0.242737573296966,0.0121032541337374,-0.0862990378924074
0.418044906286887,0.546017168997087,0.414960139603226,0.331738886106293,0.1279722627102,-0.083221253496933
0.413742981915044,0.532488661826142,0.336876405561239,0.342763742215129,0.118745679911097,0.00588733665389013
0.427337851658324,0.568542184256396,0.369750156567708,0.293144219489097,0.141204332598072,-0.0766059370786112
0.256544414047327,0.345808765099522,0.322274054673376,0.264645954571222,0.0892643510521948,-0.0576281001021542
0.35223269279491,0.379846269001127,0.401390853696245,0.316641569874305,0.0276135762062173,-0.0847492838219404
0.323811211119734,0.350607308684321,0.381242261926249,0.380177885329343,0.0267960975645871,-0.001064376596906
0.354573878793622,0.299741803397627,0.305043066765485,0.337008361627556,-0.0548320753959943,0.0319652948620706
0.385759106406547,0.521057094445223,0.39661159901966,0.313910362679053,0.135297988038676,-0.0827012363406079
0.24242827292321,0.253291122039108,0.351409386876709,0.313389140507033,0.0108628491158981,-0.0380202463696764
0.425134105582687,0.473760324551188,0.264521053367243,0.213265949794503,0.0486262189685009,-0.0512551035727399
0.38858678178565,0.259856628896972,0.269236080421313,0.331162934989209,-0.128730152888678,0.0619268545678964
0.354142908350383,0.145289128807849,0.292766550446906,0.217505943814396,-0.208853779542533,-0.0752606066325097
0.336043177780975,0.35688616990577,0.341609438770504,0.32230278351518,0.0208429921247955,-0.0193066552553233
0.332290794682333,0.334246652768427,0.341574472138636,0.29033728641034,0.00195585808609444,-0.0512371857282956
0.405642831461677,0.349328556327834,0.355861919075152,0.262160203354876,-0.0563142751338432,-0.0937017157202761
0.409165757101856,0.479712389915944,0.328498248831948,0.265824176127035,0.0705466328140887,-0.0626740727049134
0.303239168366832,0.250754283761905,0.312084611751373,0.214423232964477,-0.052484884604928,-0.0976613787868965
0.332429925459732,0.363357601042888,0.340340282619978,0.382562339224702,0.0309276755831554,0.0422220566047244
0.366901022869249,0.374997306665053,0.340284799845765,0.292289680448812,0.00809628379580424,-0.0479951193969526
0.310131647304207,0.367846208864585,0.193312747923082,0.226037095942665,0.0577145615603777,0.0327243480195831
0.3184559470988,0.351830246884305,0.349796611302384,0.402653672104175,0.0333742997855044,0.0528570608017914
0.356083892349527,0.319206774889543,0.334627739826536,0.288777979129429,-0.0368771174599842,-0.0458497606971072
0.433253985289207,0.428338015321939,0.281024322643927,0.316013886228673,-0.00491596996726806,0.0349895635847459
0.432807748322689,0.144060170098327,0.345185367287422,0.352729335072341,-0.288747578224362,0.00754396778491861
0.46595712335722,0.415281462913053,0.342228726506725,0.413912404101531,-0.0506756604441672,0.0716836775948056
0.249005403736489,0.211583123332984,0.18838954681755,0.256313298200964,-0.0374222804035053,0.0679237513834136
0.388309355853047,0.233730428976279,0.252759936697669,0.291965808507395,-0.154578926876768,0.0392058718097258
0.451395731779231,0.462390005905538,0.238221744605428,0.251057196620195,0.0109942741263066,0.0128354520147672
0.466106705357819,0.514029288549366,0.261463621640737,0.286310200560437,0.0479225831915467,0.0248465789197001
0.528995713760738,0.481011573443251,0.183084722233173,0.300893628424586,-0.0479841403174865,0.117808906191413
0.46249493965345,0.526904932859618,0.335073775983878,0.31143318429241,0.0644099932061687,-0.023640591691468
0.430128296378474,0.548776714257179,0.309020716337584,0.274208553902622,0.118648417878705,-0.0348121624349621
0.34997325263101,0.38463685272463,0.1647977032406,0.255996305086999,0.0346636000936201,0.0911986018463999
0.452528389490083,0.508340690648251,0.271137926468307,0.332331277564603,0.0558123011581687,0.0611933510962952
0.464900407545313,0.462777298308697,0.369934792219328,0.345573119562323,-0.00212310923661552,-0.0243616726570055
0.442835162684803,0.425664139296426,0.264189616073296,0.19367545952187,-0.0171710233883761,-0.0705141565514265
0.372482469027781,0.393257562538913,0.260148714734156,0.218798286937955,0.020775093511132,-0.0413504277962013
0.402828981488404,0.39514671056378,0.24974115405062,0.304233460413736,-0.00768227092462442,0.0544923063631162
0.380481389487036,0.448693976756248,0.338778515915119,0.246153497113837,0.0682125872692111,-0.0926250188012828
0.421647028816678,0.469575083513656,0.194821934782757,0.290647262392084,0.047928054696978,0.0958253276093264
0.166984660696813,0.450257974392501,0.296225833992811,0.265578549775337,0.283273313695688,-0.0306472842174741
0.418541971063417,0.561880416365334,0.346725854930833,0.278149749693415,0.143338445301916,-0.0685761052374182
0.398525982543557,0.417776410237527,0.353666440828416,0.428039610749078,0.0192504276939703,0.0743731699206618
0.295103144913602,0.309891330755564,0.30136314013303,0.257265457249953,0.0147881858419613,-0.0440976828830766
0.264977794953957,0.312481561166386,0.380694239208865,0.258527023401898,0.0475037662124284,-0.122167215806966
0.381315727674183,0.46488235267856,0.413831147665376,0.333996352056883,0.0835666250043771,-0.0798347956084935
0.397117477500194,0.564551418924842,0.383516783906218,0.384912221485007,0.167433941424649,0.00139543757878841
0.407452608264829,0.551438863026601,0.384537552569774,0.353369536521276,0.143986254761773,-0.0311680160484977
0.418018638528167,0.558557991429942,0.382038432707683,0.360698418728219,0.140539352901775,-0.0213400139794643
0.359444288753531,0.375607556097494,0.328885710433397,0.331971946255545,0.0161632673439631,0.00308623582214806
0.40921220958188,0.298994037720969,0.327471020753856,0.329305905957819,-0.110218171860911,0.00183488520396341
0.31402309280934,0.321113135030202,0.333356609118786,0.229603885528994,0.00709004222086113,-0.103752723589793
0.416202952386997,0.547976762299871,0.416680771770423,0.323430868514086,0.131773809912874,-0.0932499032563362
0.406547191902785,0.525738863444617,0.340424824181576,0.327035641560103,0.119191671541832,-0.0133891826214728
0.423492047510621,0.545795026170827,0.37300221865694,0.296397875126568,0.122302978660206,-0.0766043435303721
0.256544414047327,0.345777283890761,0.307483907619261,0.266962984786912,0.0892328698434343,-0.0405209228323489
0.361144766500462,0.378222887845393,0.388928327263312,0.321064876461104,0.0170781213449317,-0.0678634508022075
0.327828762231259,0.350607308684321,0.374738996188979,0.36479309516101,0.0227785464530616,-0.00994590102796927
0.354573878793622,0.299741803397627,0.309726843367647,0.339523775104689,-0.0548320753959943,0.0297969317370426
0.391283360526785,0.502218834016615,0.399373342222473,0.317911919226341,0.11093547348983,-0.0814614229961323
0.261956090028331,0.253291122039108,0.327389626033623,0.333760153276243,-0.00866496798922362,0.00637052724261977
0.429448427343785,0.445830443277226,0.268835509920667,0.21585997467473,0.0163820159334417,-0.052975535245937
0.375562670441776,0.259856628896972,0.269937180651788,0.31053941510617,-0.115706041544805,0.0406022344543816
0.355358642478865,0.132492208344241,0.297718064618591,0.214899415434259,-0.222866434134625,-0.0828186491843316
0.336336434134263,0.362701616747544,0.345234706483396,0.31406069617929,0.0263651826132814,-0.0311740103041058
0.330860362447648,0.339216421834054,0.344250519551845,0.293120932550117,0.00835605938640621,-0.0511295870017276
0.411756151165297,0.353657383517717,0.322936404567935,0.265800866636844,-0.0580987676475799,-0.0571355379310909
0.412966334406551,0.391712484094991,0.319468528308444,0.264400243761818,-0.02125385031156,-0.055068284546626
0.301632290803043,0.254290244741777,0.316804625855566,0.216169503242683,-0.0473420460612662,-0.100635122612883
0.303425857566811,0.292539682680596,0.335456875842486,0.377116000100887,-0.0108861748862155,0.0416591242584018
0.364105712891189,0.33304621760361,0.310650544230071,0.308841124086823,-0.0310594952875786,-0.00180942014324809
0.308719739139871,0.374226525989708,0.198020044397014,0.226037095942665,0.0655067868498362,0.028017051545651
0.318259906084553,0.292539750755325,0.352923776470438,0.378861326695788,-0.0257201553292272,0.0259375502253499
0.358264122452034,0.270098040291151,0.331575414410559,0.290004562077401,-0.0881660821608828,-0.0415708523331579
0.436628562751489,0.41956953769494,0.286865829763215,0.313579970712525,-0.0170590250565485,0.0267141409493097
0.432807748322689,0.144060170098327,0.345185367287422,0.321576215502081,-0.288747578224362,-0.023609151785341
0.467146668418232,0.421430915138845,0.342228726506725,0.438453423724849,-0.0457157532793868,0.0962246972181236
0.249005403736489,0.217098626817254,0.175593804290092,0.259502776065445,-0.0319067769192353,0.0839089717753524
0.388309355853047,0.243552857959597,0.255937464832488,0.289368157424701,-0.14475649789345,0.0334306925922131
0.451395731779231,0.466239499396218,0.238221744605428,0.259285536865709,0.0148437676169868,0.0210637922602811
0.466106705357819,0.517435356780319,0.261463621640737,0.278082766625005,0.0513286514224994,0.0166191449842678
0.528995713760738,0.474452980379183,0.188438008233094,0.304311378242132,-0.0545427333815548,0.115873370009038
0.46768002225947,0.531875996122864,0.336872163211035,0.314459034235025,0.0641959738633939,-0.0224131289760099
0.436862767692606,0.553255242710864,0.288475330239297,0.277660432863827,0.116392475018258,-0.0108148973754693
0.35691012880878,0.390396986553253,0.143686860153259,0.254442115945266,0.033486857744473,0.110755255792008
0.441826020428223,0.490867265954982,0.273807460788857,0.336480043305899,0.049041245526759,0.0626725825170423
0.470928558946235,0.466177653837496,0.336613261472208,0.348796484066592,-0.00475090510873882,0.0121832225943839
0.446962394015117,0.429884089430824,0.26878734731595,0.181620968819137,-0.0170783045842939,-0.0871663784968132
0.335145042524101,0.393257562538913,0.260148714734156,0.223359645968076,0.058112520014812,-0.0367890687660806
0.395808430911279,0.376873032093744,0.24974115405062,0.276328645064875,-0.0189353988175357,0.0265874910142551
0.382197610363281,0.449647554008298,0.338778515915119,0.246153497113837,0.0674499436450167,-0.0926250188012828
0.430375354532622,0.451465836573938,0.200931995927857,0.286578911772829,0.0210904820413159,0.0856469158449718
0.166984660696813,0.450257974392501,0.254714666599194,0.258593621924127,0.283273313695688,0.00387895532493249
0.424958522822481,0.543336808822445,0.348933715809221,0.284042434115462,0.118378285999964,-0.0648912816937588
0.402610561499252,0.424570810837714,0.348742076163825,0.428039610749078,0.0219602493384621,0.0792975345852525
0.312638628923781,0.323964681144078,0.305276358564667,0.257265457249953,0.011326052220297,-0.0480109013147135
0.258099315311556,0.312481561166386,0.376623784986134,0.25736656850033,0.05438224585483,-0.119257216485804
0.388434223911876,0.437110183069473,0.417503346944099,0.339126010294165,0.0486759591575965,-0.0783773366499347
0.39677927187669,0.568613571042705,0.359214763494615,0.39241969009292,0.171834299166014,0.0332049265983058
0.401723534139091,0.535198187991066,0.388608138164779,0.356889432514646,0.133474653851975,-0.0317187056501326
0.424713401308742,0.562313886931063,0.386301033335728,0.340350852411193,0.137600485622322,-0.0459501809245349
0.361538679386687,0.358317274352838,0.334130726165394,0.336377477164678,-0.00322140503384838,0.00224675099928417
0.379844317268928,0.308646961556323,0.317814821775078,0.333678042576732,-0.0711973557126044,0.015863220801654
0.317666058375269,0.308948050368656,0.33735738425993,0.22932942017088,-0.00871800800661343,-0.10802796408905
0.421237941773193,0.551994163983267,0.41070835313906,0.307734633800466,0.130756222210074,-0.102973719338595
0.40439022197847,0.53101106365952,0.343719328911738,0.322411661218684,0.126620841681049,-0.0213076676930539
0.429593063611576,0.549615329527444,0.368069963953764,0.299889329976056,0.120022265915868,-0.0681806339777078
0.256544414047327,0.345132688039412,0.302258778953336,0.271265429558741,0.0885882739920853,-0.0309933493945944
0.369594995766755,0.38138164047817,0.394362806645465,0.325966089658902,0.0117866447114147,-0.0683967169865621
0.337998460576621,0.337917182875028,0.379794847410057,0.342148892734201,-8.12777015927746e-05,-0.0376459546758552
0.332868665310103,0.288495071062155,0.312720142643453,0.341870880180557,-0.0443735942479481,0.0291507375371043
0.386078791710488,0.505821401044207,0.404094546763438,0.320655323531567,0.119742609333719,-0.0834392232318703
0.261956090028331,0.27210454061511,0.313716891541816,0.333760153276243,0.010148450586779,0.0200432617344264
0.43252410660242,0.451578532973477,0.272987890472303,0.210883659081098,0.0190544263710571,-0.0621042313912047
0.370407678173855,0.259856628896972,0.273637211686116,0.312409420857551,-0.110551049276883,0.0387722091714349
0.358216602100054,0.132492208344241,0.259002275925043,0.213165476766723,-0.225724393755813,-0.0458367991583195
0.324044782779654,0.366509058728912,0.350668759189801,0.312606022471972,0.0424642759492579,-0.0380627367178289
0.339647362701036,0.342792138589119,0.327147413473911,0.292315852849652,0.00314477588808304,-0.0348315606242589
0.406984997946987,0.356130138556159,0.326616401932599,0.260007905567679,-0.0508548593908275,-0.0666084963649201
0.419679301814854,0.391712484094991,0.304310242311683,0.268341806138715,-0.027966817719863,-0.0359684361729674
0.312732308905684,0.262585439494786,0.319975700865436,0.218703935039224,-0.0501468694108977,-0.101271765826212
0.303425857566811,0.258220458303575,0.330536957489267,0.377116000100887,-0.0452053992632363,0.0465790426116199
0.360178718408809,0.336743465381632,0.314683620910673,0.310839602969237,-0.0234352530271771,-0.00384401794143641
0.312625189975971,0.378973068340627,0.201615657311169,0.231566644490934,0.0663478783646559,0.0299509871797652
0.325598879880904,0.298285944065682,0.330701334846453,0.353367898815034,-0.0273129358152226,0.0226665639685811
0.364917395361177,0.270098040291151,0.330801622460361,0.282035042703498,-0.094819355070025,-0.0487665797568626
0.430959454996831,0.421949135043422,0.286865829763215,0.285253348574444,-0.00901031995340834,-0.00161248118877122
0.432807748322689,0.170148775589986,0.345185367287422,0.324861073686989,-0.262658972732703,-0.0203242936004327
0.467146668418232,0.403531122815083,0.344593777346218,0.438453423724849,-0.0636155456031486,0.0938596463786309
0.249005403736489,0.221631641379174,0.181365686772957,0.261608272728659,-0.0273737623573153,0.0802425859557017
0.388309355853047,0.220038213749908,0.259104440568872,0.290717043967792,-0.168271142103139,0.0316126033989197
0.455444593342326,0.472362939938722,0.238221744605428,0.252151280144412,0.0169183465963957,0.0139295355389833
0.471275423856891,0.481001172308669,0.261463621640737,0.283020503361462,0.00972574845177809,0.0215568817207256
0.53205037967054,0.476909563834015,0.188438008233094,0.308635437732081,-0.0551408158365249,0.120197429498987
0.472835342274362,0.536930978481653,0.334958738592254,0.296867821144375,0.0640956362072911,-0.038090917447879
0.426598640023662,0.558550260534039,0.284335761897613,0.280054707928731,0.131951620510376,-0.00428105396888162
0.36503744653413,0.394188168508405,0.148494944229034,0.246474890893837,0.0291507219742749,0.0979799466648031
0.438905530245765,0.49696108090295,0.275980755310249,0.339037410577594,0.0580555506571842,0.0630566552673452
0.476765749512836,0.472153094807152,0.310580712662345,0.35044201825856,-0.0046126547056845,0.0398613055962153
0.448780542514025,0.436089851087243,0.276365048261105,0.184490966145844,-0.0126906914267825,-0.0918740821152614
0.337990205074473,0.385105083758102,0.195247333442577,0.229633131029628,0.047114878683629,0.0343857975870506
0.400718874950638,0.382194183161605,0.24974115405062,0.279153248146694,-0.0185246917890338,0.0294120940960741
0.382967585082062,0.441080776983213,0.338778515915119,0.239056851016651,0.0581131919011511,-0.0997216648984686
0.428269017479495,0.457250683417123,0.205067756622398,0.289179213263143,0.0289816659376281,0.0841114566407449
0.166984660696813,0.450257974392501,0.267177926136245,0.243856647772118,0.283273313695688,-0.0233212783641273
0.432473362065841,0.515152783983734,0.350769087661248,0.286712666963346,0.0826794219178926,-0.0640564206979028
0.407760376820448,0.429689221232795,0.336215760967096,0.428039610749078,0.0219288444123469,0.0918238497819819
0.312638628923781,0.323964681144078,0.304842096525324,0.260835727461668,0.011326052220297,-0.0440063690636559
0.264862839250528,0.3204867500684,0.362538594254964,0.258470229751667,0.0556239108178725,-0.104068364503297
0.371332412603651,0.441120577948784,0.40101709391765,0.329803459154067,0.0697881653451331,-0.0712136347635829
0.389379655321059,0.537133868578108,0.342890357343997,0.3957031597432,0.147754213257049,0.0528128023992029
0.408059479268174,0.539888228246534,0.390967599507941,0.358406964747269,0.13182874897836,-0.0325606347606722
0.432086686328165,0.567546390565388,0.390459117995441,0.343058735348997,0.135459704237223,-0.0474003826464438
0.364000003380139,0.363969939492741,0.337916225204949,0.343546656541337,-3.00638873980685e-05,0.00563043133638763
0.384108825973293,0.306148935749029,0.300487928225809,0.331094756014143,-0.0779598902242644,0.0306068277883335
0.325235638865975,0.3064926741593,0.341964411198039,0.2224936871009,-0.0187429647066751,-0.119470724097139
0.422030335514475,0.541655156439028,0.399620678745977,0.308569557993427,0.119624820924553,-0.0910511207525502
0.402340679465342,0.535171198880113,0.346878941066305,0.323860989301401,0.13283051941477,-0.0230179517649043
0.424339134650463,0.555205349195351,0.372239173807173,0.294840418266075,0.130866214544888,-0.0773987555410976
0.248068915785255,0.348828618806229,0.304894256146424,0.274578634148712,0.100759703020974,-0.030315621997712
0.3777823457186,0.386179924779532,0.397057172297134,0.329595131306098,0.00839757906093147,-0.0674620409910363
0.346654737218132,0.341256225842838,0.36991486842758,0.319211374231092,-0.00539851137529357,-0.0507034941964876
0.332868665310103,0.291555515361465,0.316900596049091,0.309438193990703,-0.0413131499486379,-0.00746240205838794
0.391928483853474,0.484278834844581,0.406848956085223,0.301216479457578,0.0923503509911073,-0.105632476627645
0.261956090028331,0.27210454061511,0.31625561689767,0.344802754522116,0.010148450586779,0.0285471376244458
0.438850260912198,0.447796913449993,0.267889631827216,0.20825534550761,0.00894665253779431,-0.0596342863196052
0.377814224023135,0.267792437202567,0.277728351318916,0.315761395322816,-0.110021786820568,0.0380330440039005
0.362760484212766,0.139211388975485,0.262147397105177,0.215054348390474,-0.223549095237281,-0.0470930487147036
0.338292552089117,0.371304901231436,0.345050605785244,0.315642211623576,0.0330123491423197,-0.0294083941616677
0.344934998774843,0.346736701471019,0.314125652531514,0.288407303620566,0.00180170269617563,-0.0257183489109483
0.40966819702133,0.356023842608327,0.315514784765087,0.258007190850159,-0.0536443544130027,-0.0575075939149282
0.425096297416471,0.391712484094991,0.306711433506373,0.2715029255803,-0.0333838133214802,-0.0352085079260731
0.273750744289722,0.25839665445965,0.315280999344095,0.223712697312086,-0.0153540898300714,-0.0915683020320085
0.293361132839781,0.258220458303575,0.321193379207375,0.388851665527038,-0.0351406745362058,0.067658286319663
0.365726405631599,0.338421014136488,0.304323545226372,0.31863412331623,-0.0273053914951107,0.0143105780898584
0.317828359206577,0.385566074238019,0.201615657311169,0.231566644490934,0.067737715031442,0.0299509871797652
0.331166779082246,0.284506943445963,0.334286992546266,0.358260754315928,-0.0466598356362833,0.023973761769662
0.370976249589395,0.274819276275683,0.334700116872375,0.288189056838917,-0.0961569733137121,-0.0465110600334577
0.437401239517637,0.400676336446277,0.274235331436579,0.293277366908424,-0.0367249030713602,0.0190420354718445
0.432807748322689,0.170148775589986,0.287653494375381,0.322221246868107,-0.262658972732703,0.0345677524927256
0.474095254582631,0.39424750146744,0.347002626573382,0.418999650722115,-0.0798477531151914,0.071997024148733
0.19243617890779,0.221631641379174,0.181365686772957,0.266666468105606,0.0291954624713836,0.0853007813326482
0.388309355853047,0.230178150885028,0.262789895585722,0.290747258941771,-0.158131204968018,0.027957363356049
0.451838812595169,0.477087011382407,0.241892796495112,0.258971959502848,0.0252481987872371,0.0170791630077359
0.477717489707026,0.485414871033779,0.234356216401543,0.285949032742311,0.00769738132675274,0.0515928163407686
0.538615819692563,0.471182301641204,0.201632910377178,0.311562850037494,-0.0674335180513595,0.109929939660317
0.480036630822018,0.520437475175223,0.337604351760318,0.299905433666364,0.0404008443532059,-0.0376989180939539
0.422241373391168,0.536525338930668,0.286680147814514,0.283513647257958,0.1142839655395,-0.00316650055655621
0.349540824009774,0.399749267772911,0.160700944416919,0.250931692574227,0.0502084437631371,0.0902307481573082
0.44595948862109,0.485051853173677,0.277972241473134,0.341428617003614,0.0390923645525874,0.0634563755304802
0.471001327627846,0.476546619231189,0.315175757915957,0.354722959310215,0.00554529160334322,0.0395472013942587
0.458409766441825,0.441866758735488,0.267630465288828,0.183173303561513,-0.0165430077063367,-0.0844571617273148
0.342488862307167,0.383899841363715,0.17406186970283,0.212350001672506,0.0414109790565473,0.0382881319696755
0.403163806892551,0.386635663953609,0.260781664805442,0.257770703818081,-0.0165281429389421,-0.00301096098736076
0.393536080363987,0.443116664800818,0.295120005868652,0.234553972750807,0.0495805844368312,-0.0605660331178447
0.436158377443239,0.445810582554676,0.208359483826708,0.293742816732118,0.00965220511143694,0.0853833329054105
0.166984660696813,0.450257974392501,0.267177926136245,0.243331180349608,0.283273313695688,-0.0238467457866365
0.439575119037915,0.516742827387141,0.352683984034497,0.29117470408225,0.077167708349226,-0.0615092799522473
0.413794899391615,0.426067590024182,0.338300358382303,0.428039610749078,0.0122726906325669,0.0897392523667748
0.312638628923781,0.323964681144078,0.302191748397803,0.26959103145328,0.011326052220297,-0.0326007169445234
0.264862839250528,0.3204867500684,0.359002005781783,0.264027503018577,0.0556239108178725,-0.0949745027632063
0.376448178041904,0.443140743718669,0.404628119813466,0.325915935480869,0.0666925656767643,-0.0787121843325965
0.394356481960808,0.510428074265555,0.347154026314529,0.384288702630394,0.116071592304747,0.0371346763158647
0.396958455963809,0.541390266256147,0.359988746732942,0.344902537703589,0.144431810292338,-0.0150862090293524
0.438814174396035,0.546441725584761,0.393939575256538,0.345918728998788,0.107627551188726,-0.0480208462577502
0.364000003380139,0.336111019339585,0.335261463166674,0.344472640719727,-0.0278889840405538,0.00921117755305295
0.384108825973293,0.306148935749029,0.302939862589675,0.326713581630415,-0.0779598902242644,0.0237737190407393
0.330240574073872,0.311323132617805,0.346293121062167,0.223274653944452,-0.0189174414560674,-0.123018467117715
0.417942491034504,0.543282514948584,0.40206409578316,0.307124631482439,0.12534002391408,-0.0949394643007211
0.407567048516195,0.507867340342616,0.341615633523851,0.325603988089224,0.100300291826421,-0.0160116454346271
0.42328634555616,0.556967421720678,0.375757379518256,0.298778467266286,0.133681076164517,-0.0769789122519696
0.248068915785255,0.351287540126678,0.287691958130292,0.274332534412302,0.103218624341423,-0.0133594237179898
0.376354329108727,0.388958516060146,0.399718653271925,0.333880387844167,0.0126041869514186,-0.065838265427758
0.345723581978269,0.350280650806422,0.374316649259169,0.312024654067058,0.00455706882815282,-0.0622919951921106
0.338703084291111,0.294550367753242,0.32115908471094,0.276295714602033,-0.0441527165378692,-0.0448633701089066
0.397116717120045,0.487746649450136,0.40848580118438,0.293429656746507,0.090629932330091,-0.115056144437873
0.261956090028331,0.27210454061511,0.316436042666926,0.350204202615587,0.010148450586779,0.0337681599486612
0.437154176712836,0.450453002351202,0.269414830668769,0.210277808261099,0.0132988256383654,-0.05913702240767
0.351994444752925,0.295585153188045,0.279074755454382,0.308231758316885,-0.0564092915648802,0.0291570028625024
0.365274908321891,0.139211388975485,0.266138329231429,0.218674313101378,-0.226063519346406,-0.0474640161300506
0.34408405079878,0.373973147683289,0.338929459470475,0.321074123692991,0.0298890968845096,-0.0178553357774834
0.348557425772978,0.33062501931932,0.296440036653505,0.272836240566124,-0.0179324064536584,-0.0236037960873814
0.404875746098592,0.358817427249177,0.318782378174607,0.262368191802108,-0.0460583188494152,-0.0564141863724991
0.419796574547567,0.372791275563729,0.284610368828301,0.271860732096069,-0.0470052989838384,-0.0127496367322313
0.275544699431616,0.261445937041112,0.319735825089004,0.227594279823923,-0.014098762390504,-0.0921415452650813
0.301144051732552,0.268986210633833,0.324384726292103,0.388851665527038,-0.0321578410987195,0.0644669392349348
0.360432958616962,0.347187484075721,0.307261614332722,0.304317967683316,-0.0132454745412405,-0.00294364664940555
0.306713901886523,0.392087553524288,0.20496075029454,0.230763912403143,0.0853736516377645,0.0258031621086026
0.316419448793475,0.289158126011503,0.337231897893094,0.356179385037346,-0.0272613227819715,0.0189474871442526
0.374760409113217,0.276160269753006,0.338507743615604,0.29383916063024,-0.0986001393602112,-0.0446685829853634
0.437748761424066,0.388725292518917,0.250229245266578,0.295802018964977,-0.0490234689051488,0.045572773698399
0.432807748322689,0.170148775589986,0.284990446646895,0.301721573011112,-0.262658972732703,0.0167311263642167
0.479710216606466,0.382625614092299,0.353387761949,0.418999650722115,-0.097084602514168,0.0656118887731141
0.19243617890779,0.221631641379174,0.17253380689487,0.269436398001888,0.0291954624713836,0.0969025911070178
0.388309355853047,0.237696979646411,0.266263184987185,0.293230151100345,-0.150612376206636,0.0269669661131601
0.454875275193449,0.481976544729268,0.241892796495112,0.262189926124335,0.0271012695358196,0.0202971296292229
0.45397078892836,0.488808988222257,0.241306745528367,0.277539265294854,0.0348381992938965,0.0362325197664873
0.491256074853689,0.473446161955622,0.201632910377178,0.305125072231673,-0.0178099128980668,0.103492161854495
0.486406508614036,0.524596833422429,0.340687090503421,0.296151129873205,0.0381903248083931,-0.044535960630216
0.428639439248514,0.518022172964582,0.257494942753011,0.276882095650548,0.0893827337160679,0.0193871528975361
0.352406594696565,0.402508279144356,0.165150839320383,0.244196691375722,0.0501016844477903,0.0790458520553395
0.451577807169729,0.488978583393617,0.278831415459011,0.344749108873107,0.037400776223888,0.0659176934140957
0.467595753723092,0.48012154944881,0.282004407358149,0.357979711745796,0.0125257957257181,0.0759753043876463
0.460190133290243,0.447244530573565,0.2740546102139,0.187412495505955,-0.0129456027166786,-0.0866421147079453
0.341956368956533,0.350691310968809,0.180573652286554,0.202918079380009,0.00873494201227581,0.0223444270934545
0.409049017832477,0.385388925113736,0.227804334935634,0.264129024524406,-0.0236600927187413,0.0363246895887712
0.397595057751444,0.439404353861892,0.258662061136203,0.238336732933906,0.0418092961104476,-0.0203253282022972
0.442762641963215,0.430556270859275,0.212715279541899,0.297327164504865,-0.0122063711039398,0.0846118849629663
0.232522060973147,0.450257974392501,0.281595529682245,0.246319147725575,0.217735913419354,-0.03527638195667
0.364113932728596,0.538879857141178,0.485649666841534,0.315797081242714,0.174765924412582,-0.169852585598821
0.320724225814354,0.538688536696029,0.504205846512664,0.45245985436436,0.217964310881676,-0.0517459921483033
0.468840121416188,0.474668065031176,0.466603614077421,0.467000573704694,0.00582794361498779,0.000396959627272819
0.280334958451884,0.417185488305606,0.395427649906212,0.305515479892367,0.136850529853722,-0.0899121700138447
0.41642693249776,0.393892178748783,0.445141861000227,0.379436896277937,-0.0225347537489763,-0.0657049647222899
0.430537622004583,0.449534483156908,0.438563593304621,0.416538970317995,0.0189968611523259,-0.0220246229866258
0.485823670464082,0.454717193792038,0.42494744065915,0.35973051258007,-0.0311064766720438,-0.0652169280790803
0.386751239253305,0.47146691496782,0.434844167466988,0.37312141315956,0.0847156757145152,-0.0617227543074286
0.463662856078532,0.380431130704537,0.449237191551612,0.394842479627677,-0.083231725373995,-0.0543947119239348
0.413876074555738,0.390262147405348,0.439667127536669,0.380486402192321,-0.02361392715039,-0.0591807253443475
0.390371403900952,0.392456616900805,0.541909461138802,0.39543161485371,0.00208521299985359,-0.146477846285092
0.431621762311554,0.483762810362138,0.459481142757663,0.486107129505095,0.0521410480505846,0.0266259867474311
0.363579882476779,0.540371744068094,0.402998847022147,0.418902500048664,0.176791861591315,0.0159036530265174
0.387264509733997,0.399148786039577,0.460140763114835,0.37970255025536,0.0118842763055804,-0.0804382128594752
0.244274952842394,0.4177649996335,0.467083711350649,0.386185614767376,0.173490046791106,-0.0808980965832727
0.249895245255396,0.368325017509014,0.469063933238307,0.372360364221142,0.118429772253618,-0.0967035690171646
0.448725423899508,0.341944322143568,0.464832951822724,0.388704005574097,-0.10678110175594,-0.0761289462486268
0.313317332955117,0.337885503435946,0.487544489358236,0.378649246009418,0.0245681704808287,-0.108895243348818
0.35937753950859,0.407945922947367,0.44940058940842,0.36881884714363,0.0485683834387777,-0.0805817422647906
0.385098324627893,0.376144150680806,0.479222256937718,0.27448660531672,-0.00895417394708731,-0.204735651620998
0.351038102666825,0.376738372291226,0.382038797626352,0.316855088521196,0.0257002696244008,-0.0651837091051559
0.339421823638236,0,0.432257144494834,0.415103346990413,-0.339421823638236,-0.0171537975044208
0.310083316489489,0.330481618755168,0.43236352630871,0.377192757966665,0.020398302265679,-0.0551707683420444
0.350275192381595,0.408722917068395,0.428934097207745,0.368734547070713,0.0584477246868001,-0.0601995501370318
0.29181808146848,0.397575707972769,0.406714317094319,0.291639071089631,0.10575762650429,-0.115075246004688
0.262775268906404,0.369693236252553,0.519491539607106,0.367192763207952,0.106917967346149,-0.152298776399154
0.312880382265197,0.391763072207802,0.469501865750631,0.381713973960035,0.0788826899426052,-0.0877878917905968
0.380243417493434,0.312011890573965,0.46222658080827,0.286205338077903,-0.068231526919469,-0.176021242730367
0.283720385887574,0.312447486390913,0.40093782396505,0.452750873564794,0.0287271005033395,0.051813049599744
0.279001909143381,0.296719547722967,0.442360779500191,0.499731776235702,0.0177176385795865,0.0573709967355105
0.213959485543155,0.288049952431395,0.379274697320391,0.30742840440369,0.0740904668882395,-0.0718462929167015
0.470661902156914,0.381726938261513,0.514344747512941,0.368233339754989,-0.0889349638954017,-0.146111407757952
0.372673227950317,0.439152968412829,0.462024275437039,0.411748606139974,0.0664797404625124,-0.0502756692970645
0.358686910486304,0.370525095824608,0.420320527760409,0.419221724492535,0.0118381853383037,-0.00109880326787415
0.205555831229922,0,0.440521527489288,0.301399164252896,-0.205555831229922,-0.139122363236392
0.357465601304912,0.320816882923386,0.48775035771353,0.352879107747966,-0.0366487183815263,-0.134871249965564
0.385141056126068,0.336678474913469,0.434789471828427,0.324670755538897,-0.0484625812125987,-0.11011871628953
0.356204625628908,0.329692212428346,0.437369626240286,0.39533058790848,-0.0265124132005622,-0.0420390383318057
0.337530853932693,0.319348446376888,0.342465602556099,0.42579181926733,-0.0181824075558049,0.0833262167112301
0.375564890743665,0.378349413540236,0.298844758388516,0.517903037127694,0.00278452279657082,0.219058278739178
0.344100523101097,0.354661576674866,0.296792835451902,0.505071271699636,0.0105610535737682,0.208278436247734
0.353763339191124,0.442651616176327,0.413926361766781,0.354034239046812,0.0888882769852027,-0.0598921227199694
0.376529919274059,0.446322530834873,0.462324465286052,0.315147942773515,0.0697926115608135,-0.147176522512537
0.386098001258786,0.344532000820161,0.3314595607633,0.564536881320147,-0.0415660004386252,0.233077320556847
0.385398601735861,0.376827276632311,0.379671046424455,0.48031159552965,-0.00857132510355041,0.100640549105195
0.397211122212759,0.390301968368636,0.413662347544477,0.435622969886061,-0.00690915384412294,0.0219606223415841
0.236557019386354,0.365963937774548,0.438120029513661,0.4335956850163,0.129406918388194,-0.00452434449736094
0.208950693740045,0.464717790914048,0.245670623801742,0.480326544087992,0.255767097174004,0.23465592028625
0.284340590853297,0.437053876434337,0.380118434135566,0.443802583756674,0.15271328558104,0.0636841496211079
0.28903286740661,0.364063563519073,0.38017355252434,0.391183191312958,0.0750306961124624,0.0110096387886176
0.3050904526684,0.394452710538867,0.265729449502794,0.444920161786375,0.0893622578704671,0.179190712283581
0.238360110124531,0.385084440849091,0.348049953778942,0.51524334144595,0.14672433072456,0.167193387667008
0.366626115306208,0.538879857141178,0.479079847205869,0.315797081242714,0.17225374183497,-0.163282765963155
0.326900446800728,0.538688536696029,0.504205846512664,0.45245985436436,0.211788089895301,-0.0517459921483033
0.44797864663447,0.468789338936635,0.466603614077421,0.467000573704694,0.0208106923021657,0.000396959627272819
0.283719418904019,0.392909086081101,0.402407467752857,0.31015083920509,0.109189667177082,-0.0922566285477678
0.422059891934368,0.398667538487544,0.45244867133739,0.374640257498605,-0.0233923534468236,-0.0778084138387842
0.436149254426984,0.453394751488638,0.443258154496176,0.401295211942112,0.0172454970616545,-0.0419629425540631
0.469666450229225,0.44553922874123,0.431657007247982,0.361305341965918,-0.024127221487995,-0.0703516652820647
0.391770272117675,0.476173311413314,0.440652363334461,0.377158115847035,0.0844030392956389,-0.0634942474874255
0.435566013223447,0.379161013017951,0.457401693104213,0.383491008542055,-0.0564050002054965,-0.0739106845621582
0.392710077988053,0.39223575590692,0.434966083033635,0.384117371967727,-0.000474322081133405,-0.0508487110659073
0.392161620197762,0.397986743002707,0.530166369646705,0.398806016100197,0.00582512280494496,-0.131360353546509
0.422278020531114,0.485441365210714,0.455348081859793,0.465576686333184,0.0631633446795998,0.0102286044733908
0.34826016823603,0.522010801978682,0.406985353576191,0.418902500048664,0.173750633742652,0.0119171464724735
0.392480009774899,0.403860500363022,0.468726849169359,0.37970255025536,0.0113804905881228,-0.0890242989139984
0.238081282379613,0.424336828245567,0.468630329078258,0.386185614767376,0.186255545865954,-0.082444714310882
0.252997146232271,0.375119774954736,0.464690392770576,0.377831429805584,0.122122628722465,-0.0868589629649927
0.450891703208495,0.349129431061826,0.469237425398874,0.377934840932862,-0.101762272146669,-0.0913025844660115
0.317576859969071,0.341922730183245,0.479894729189603,0.38310847454009,0.0243458702141741,-0.0967862546495126
0.355407176532529,0.407720749540836,0.457626027867778,0.376182887412382,0.0523135730083072,-0.0814431404553956
0.387407293393433,0.386707690765817,0.482192243410077,0.286168036290458,-0.00069960262761648,-0.19602420711962
0.353710395624777,0.35441264412285,0.38819500896614,0.274497417277133,0.000702248498073044,-0.113697591689007
0.339421823638236,0,0.432257144494834,0.415103346990413,-0.339421823638236,-0.0171537975044208
0.31157010611581,0.336639758867565,0.414736899767303,0.365389858717275,0.0250696527517543,-0.0493470410500273
0.325914215368969,0.417899792930092,0.416916549631862,0.374524982465626,0.0919855775611228,-0.0423915671662358
0.295736629805389,0.400186924950367,0.402345460545653,0.296047925508433,0.104450295144979,-0.10629753503722
0.265262132022792,0.376643454982353,0.506906636362391,0.374438300691212,0.11138132295956,-0.132468335671178
0.316387462737532,0.388644150681981,0.473720400633532,0.388084593858233,0.0722566879444487,-0.0856358067752999
0.385197425051409,0.312916661081219,0.471574358309339,0.291218229468375,-0.0722807639701892,-0.180356128840964
0.2862868029717,0.301304132727795,0.405446621503716,0.414880386909766,0.0150173297560955,0.00943376540605001
0.279004989283881,0.292041081294708,0.425583342131501,0.499731776235702,0.0130360920108279,0.0741484341042006
0.206445143737627,0.288049952431395,0.379274697320391,0.30742840440369,0.0816048086937682,-0.0718462929167015
0.473151783958232,0.381726938261513,0.521843681838343,0.357570622310628,-0.0914248456967192,-0.164273059527715
0.37432130522642,0.437490361269639,0.446864808402945,0.417687286240979,0.0631690560432188,-0.0291775221619656
0.35271747887054,0.35163912354133,0.425299239405365,0.373566276454929,-0.00107835532921052,-0.0517329629504355
0.193916317922836,0,0.437761005185247,0.28489957483756,-0.193916317922836,-0.152861430347687
0.361675727997339,0.328577130077678,0.49119023345771,0.355317512745169,-0.0330985979196603,-0.13587272071254
0.368636751646728,0.31520261001907,0.439172586195367,0.323797359420093,-0.0534341416276576,-0.115375226775274
0.345001210159874,0.336654873753252,0.44231413516959,0.414277579913073,-0.00834633640662125,-0.0280365552565177
0.336749598315839,0.330879738388978,0.342465602556099,0.431195588298499,-0.00586985992686095,0.0887299857423998
0.363294676172499,0.37269411773682,0.335020955485683,0.469282692913682,0.0093994415643206,0.134261737427999
0.351654953145494,0.351140968454859,0.296792835451902,0.505071271699636,-0.000513984690635072,0.208278436247734
0.342265797847435,0.447142924010276,0.414742131066778,0.361387611817537,0.104877126162841,-0.0533545192492403
0.381063760880662,0.429572501290072,0.471547136045341,0.321530687284421,0.0485087404094102,-0.15001644876092
0.389358499928337,0.350857930749692,0.3314595607633,0.564536881320147,-0.0385005691786451,0.233077320556847
0.381036740622717,0.375995219059443,0.379671046424455,0.446177715060545,-0.00504152156327436,0.0665066686360899
0.404206658575976,0.397327465031734,0.405757990471455,0.442302947022904,-0.00687919354424243,0.0365449565514489
0.23945081601016,0.365985276770928,0.405346103612171,0.439621172357246,0.126534460760768,0.0342750687450749
0.208950693740045,0.464717790914048,0.245670623801742,0.480326544087992,0.255767097174004,0.23465592028625
0.287679058569254,0.437053876434337,0.424534474364499,0.433458227342821,0.149374817865083,0.00892375297832176
0.286442628878013,0.364063563519073,0.426217703783196,0.391006926768992,0.0776209346410598,-0.0352107770142043
0.286466644663485,0.398372116210946,0.268588967156107,0.428342466743542,0.111905471547461,0.159753499587435
0.252155287174559,0.398451335464719,0.351304058171339,0.51524334144595,0.14629604829016,0.16393928327461
0.369598584489877,0.544492355169872,0.479560558116818,0.294656524172723,0.174893770679995,-0.184904033944095
0.329726097334874,0.516520000479975,0.510676948970112,0.442944902421012,0.186793903145101,-0.0677320465490998
0.394957816842707,0.468789338936635,0.466603614077421,0.45870600422243,0.0738315220939281,-0.00789760985499083
0.275217461800389,0.40109536261909,0.408187322948452,0.304106176042821,0.125877900818701,-0.104081146905631
0.409613360337074,0.403192410370425,0.459248883051052,0.378876321536511,-0.00642094996664871,-0.0803725615145412
0.42963186194612,0.446916772396805,0.450654266233495,0.407282608508579,0.0172849104506855,-0.043371657724916
0.442569561560367,0.447883766618145,0.438591011275239,0.366722769322661,0.00531420505777774,-0.0718682419525777
0.396585250238135,0.479995100277578,0.432678382601203,0.38259965204573,0.0834098500394431,-0.0500787305554729
0.435566013223447,0.386611483460965,0.461109618611524,0.388555695009045,-0.0489545297624822,-0.0725539236024794
0.392710077988053,0.353716863052205,0.442026167459927,0.36572646069037,-0.0389932149358485,-0.0762997067695568
0.395758670476644,0.399147217801843,0.525578049357013,0.381252371362193,0.00338854732519944,-0.14432567799482
0.422278020531114,0.479594736062627,0.455131868660729,0.472931571244591,0.0573167155315132,0.0177997025838618
0.352168242812766,0.524914723498346,0.415259311484446,0.421794636103316,0.17274648068558,0.00653532461886924
0.398224675552235,0.401204597578184,0.475501043869046,0.370395764623202,0.00297992202594871,-0.105105279245844
0.242505911033885,0.427538357319934,0.463186941855893,0.390002001936204,0.185032446286049,-0.0731849399196884
0.256845307378775,0.358807925080618,0.471170297488357,0.383212384005792,0.101962617701843,-0.0879579134825647
0.454554834580411,0.355433493767018,0.474567487066782,0.367137936586599,-0.0991213408133933,-0.107429550480183
0.318936460091609,0.347620754312401,0.477747001608262,0.390303718729112,0.0286842942207922,-0.0874432828791498
0.360155631981896,0.401185446298419,0.464049841968844,0.380672507169457,0.0410298143165228,-0.083377334799387
0.387407293393433,0.386707690765817,0.492530256862474,0.297613701731185,-0.00069960262761648,-0.194916555131289
0.350427621283012,0.358073652717324,0.393778230915542,0.275057565005326,0.00764603143431203,-0.118720665910216
0.287631467395981,0,0.432257144494834,0.415103346990413,-0.287631467395981,-0.0171537975044208
0.313243228658199,0.337861243890181,0.416237853835894,0.359750726804313,0.0246180152319821,-0.0564871270315803
0.300906850189965,0.424602911710307,0.423964000659165,0.380190208116539,0.123696061520342,-0.043773792542626
0.282614141697585,0.386126323367721,0.39938543191076,0.285431935483623,0.103512181670136,-0.113953496427138
0.266677709406352,0.374984376970382,0.514143987438519,0.379001183331297,0.10830666756403,-0.135142804107223
0.297925678032248,0.393088991751415,0.477017783541002,0.393347788237442,0.0951633137191675,-0.0836699953035604
0.367894453462947,0.317706124365526,0.481755009989677,0.289434427844506,-0.0501883290974215,-0.192320582145171
0.285526633146939,0.291403677602867,0.410442622531754,0.418394110164298,0.00587704445592796,0.00795148763254455
0.282190668944661,0.30003383737633,0.422181769405826,0.472050734199739,0.0178431684316683,0.0498689647939133
0.208353504691984,0.297533875464105,0.394643654281671,0.310549264941293,0.0891803707721207,-0.0840943893403773
0.473151783958232,0.394134296706596,0.523877163910161,0.358699990287402,-0.0790174872516359,-0.165177173622758
0.377141130825617,0.411999567892077,0.447785959928919,0.424535449591615,0.0348584370664608,-0.0232505103373039
0.357487673702219,0.355720404319372,0.425813282737953,0.372046860423953,-0.00176726938284721,-0.0537664223140008
0.193916317922836,0,0.44466025142318,0.281153691552999,-0.193916317922836,-0.163506559870182
0.33878072057305,0.337160542303454,0.477781485761751,0.359869035582121,-0.00162017826959582,-0.11791245017963
0.375455758236741,0.319509653461243,0.446104592391158,0.327402843122698,-0.0559461047754982,-0.11870174926846
0.351096027969852,0.342034155961255,0.399245176430718,0.414277579913073,-0.00906187200859648,0.0150324034823544
0.331648046435123,0.3358957902693,0.359099734538054,0.43992165434201,0.00424774383417764,0.0808219198039565
0.359915014892803,0.378033243518731,0.336988736064988,0.441108370688325,0.018118228625927,0.104119634623337
0.355595860318178,0.355873119960416,0.33680040377264,0.505071271699636,0.000277259642238015,0.168270867926996
0.336521856105042,0.452515940424804,0.418314038571871,0.367934356903851,0.115994084319762,-0.05037968166802
0.370895834061424,0.40484199408578,0.479954106612053,0.316758275140891,0.0339461600243559,-0.163195831471162
0.393545593977153,0.356837519782024,0.391281704346142,0.518948596272807,-0.0367080741951288,0.127666891926665
0.368274965145272,0.364670522747181,0.388227294358426,0.430079236360579,-0.00360444239809021,0.0418519420021523
0.409611634632982,0.403290736172031,0.414044255889204,0.445881379808718,-0.00632089846095069,0.0318371239195145
0.225045646480637,0.373263129976074,0.405346103612171,0.443510459753407,0.148217483495437,0.0381643561412358
0.220454878045317,0.468205783514397,0.245670623801742,0.432099934771284,0.247750905469079,0.186429310969542
0.294546504909639,0.436442161425348,0.424534474364499,0.42737858481331,0.141895656515709,0.00284411044881122
0.288836906393295,0.368175547327936,0.426217703783196,0.396802598762759,0.0793386409346414,-0.0294151050204368
0.284521024983553,0.384345515760329,0.258233081432123,0.432568146132033,0.0998244907767761,0.17433506469991
0.246080800788252,0.398451335464719,0.351304058171339,0.51524334144595,0.152370534676467,0.16393928327461
0.363422924332986,0.530936789058998,0.478268338883241,0.308985741070152,0.167513864726012,-0.169282597813089
0.328459002498181,0.516520000479975,0.494527020290432,0.442944902421012,0.188060997981794,-0.0515821178694195
0.386077952401788,0.405659124143622,0.466603614077421,0.45870600422243,0.0195811717418339,-0.00789760985499083
0.280190066997816,0.39978786508254,0.402336735635187,0.303569148475686,0.119597798084724,-0.0987675871595007
0.401054040668533,0.398654366272213,0.45119408078733,0.380076018770777,-0.00239967439631955,-0.0711180620165533
0.433340339243889,0.450534145869899,0.458313038978737,0.386808079881162,0.0171938066260099,-0.0715049590975749
0.407291072782954,0.453723240988487,0.445875816922193,0.369717779792677,0.0464321682055335,-0.076158037129516
0.401143236895574,0.483608105508509,0.440701879681699,0.384417015323475,0.0824648686129343,-0.0562848643582233
0.440582360687379,0.38959718737871,0.467220068070585,0.377422006980343,-0.0509851733086694,-0.0897980610902419
0.397360907129362,0.358147172224624,0.447575542495207,0.367053207693524,-0.0392137349047374,-0.0805223348016827
0.375628304927309,0.404309339566999,0.52765231452148,0.374445918298569,0.0286810346396895,-0.15320639622291
0.42614550726283,0.450323581854303,0.462625967997833,0.472931571244591,0.0241780745914732,0.0103056032467584
0.350980098551469,0.530191804500851,0.423399164650321,0.424457988314223,0.179211705949382,0.00105882366390175
0.377413381623153,0.406060195051516,0.48070798071692,0.360317243821893,0.0286468134283633,-0.120390736895027
0.245108119065236,0.395426828235536,0.44476490222015,0.390002001936204,0.150318709170301,-0.0547629002839457
0.259747026608931,0.363449217998279,0.478320614932651,0.387807844232856,0.103702191389348,-0.0905127706997944
0.420136923055659,0.357471109035749,0.478844163405829,0.370929563140823,-0.0626658140199101,-0.107914600265007
0.311852581025314,0.35454638321696,0.476654599507425,0.370567127912585,0.042693802191646,-0.10608747159484
0.363960689257267,0.388722876512829,0.471212574120151,0.370547357873579,0.0247621872555618,-0.100665216246572
0.394666223673116,0.391481210087375,0.475159180516171,0.30967109959829,-0.00318501358574169,-0.165488080917881
0.353606753816907,0.361495100886958,0.39248474953482,0.290855181818056,0.00788834707005048,-0.101629567716764
0.282201265376349,0,0.432257144494834,0.415103346990413,-0.282201265376349,-0.0171537975044208
0.314678080932657,0.341223375724743,0.422844414647516,0.352436776547394,0.0265452947920867,-0.070407638100122
0.303777079758105,0.421801749845414,0.430868608992558,0.383728614397365,0.118024670087309,-0.0471399945951934
0.285415588433021,0.389901805206852,0.406104403060924,0.28273888069536,0.104486216773832,-0.123365522365564
0.258789438934589,0.368033196244309,0.493366807409448,0.382813588714801,0.109243757309721,-0.110553218694647
0.30104157119724,0.39745035216185,0.482612181103725,0.399515977081992,0.0964087809646095,-0.0830962040217332
0.372736020155375,0.324312195399252,0.480465344442647,0.294447818540913,-0.0484238247561233,-0.186017525901735
0.27533391893728,0.292205022084951,0.412084106943876,0.437568327254929,0.0168711031476714,0.025484220311053
0.272352746397489,0.306682015024666,0.415668319321837,0.483038603857803,0.0343292686271769,0.0673702845359666
0.211603601053363,0.316060480897375,0.396396239591998,0.326055568771434,0.104456879844012,-0.0703406708205631
0.47836691093605,0.383297545451645,0.522950888669795,0.360871978486013,-0.0950693654844053,-0.162078910183782
0.384158947003478,0.414183349196862,0.446538285800721,0.429585819706296,0.0300244021933841,-0.016952466094425
0.360752187564593,0.355720404319372,0.434327595803366,0.379518674324902,-0.00503178324522147,-0.054808921478464
0.193529291005308,0,0.432135545048931,0.285391735011975,-0.193529291005308,-0.146743810036956
0.340688331528222,0.337160542303454,0.480802376991762,0.350903781167593,-0.00352778922476815,-0.129898595824168
0.380904856707111,0.316783224760091,0.446104592391158,0.33182171476692,-0.0641216319470197,-0.114282877624238
0.345025280285862,0.344386356791074,0.406982297010235,0.421118151543402,-0.000638923494788279,0.0141358545331671
0.331568951463367,0.327953190501206,0.359099734538054,0.428073607038892,-0.00361576096216121,0.0689738725008384
0.365656770866246,0.351973862116989,0.355266756547803,0.427335852595357,-0.0136829087492567,0.0720690960475538
0.348979263519705,0.361388836831207,0.33680040377264,0.505071271699636,0.0124095733115014,0.168270867926996
0.340712814304534,0.457688187036291,0.426115963476818,0.373881109449034,0.116975372731756,-0.0522348540277838
0.375739578563912,0.4090621062265,0.474416235925345,0.306305225170495,0.0333225276625879,-0.16811101075485
0.391142432771505,0.36167565132707,0.391281704346142,0.467307343024882,-0.0294667814444354,0.0760256386787397
0.354650549440014,0.368144746641157,0.391774265665944,0.43162429576113,0.013494197201143,0.0398500300951866
0.416172004623309,0.407299228669044,0.413739766095458,0.413557447678584,-0.00887277595426511,-0.00018231841687355
0.222662360283844,0.380051307965952,0.405346103612171,0.452919502394411,0.157388947682107,0.04757339878224
0.220454878045317,0.484813742128527,0.245670623801742,0.436307377618819,0.26435886408321,0.190636753817077
0.287005326156327,0.432716907907652,0.424534474364499,0.415024814115454,0.145711581751325,-0.00950966024904526
0.293382220959603,0.373342275450838,0.426217703783196,0.402414757789608,0.0799600544912354,-0.0238029459935883
0.290048670644987,0.391165332244866,0.269211967068193,0.437532693248123,0.101116661599879,0.16832072617993
0.246080800788252,0.312149924754291,0.351304058171339,0.51524334144595,0.0660691239660388,0.16393928327461
0.350629973781781,0.535595631616597,0.481791555845293,0.312798165380911,0.184965657834815,-0.168993390464382
0.317134306412896,0.497455934406604,0.444155878801468,0.450440987896159,0.180321627993708,0.00628510909469093
0.388590325665274,0.420961826541964,0.466603614077421,0.437002717387735,0.0323715008766895,-0.0296008966896857
0.283154166934641,0.373285441089278,0.40493405884232,0.301558978656056,0.0901312741546375,-0.103375080186264
0.404500472011375,0.405030441539389,0.455861084158578,0.363396578974769,0.000529969528013929,-0.0924645051838089
0.423070672298825,0.454262744981814,0.465208539460935,0.393567457236582,0.0311920726829889,-0.0716410822243523
0.410376450323849,0.450422044456599,0.435966222089392,0.376588034098483,0.0400455941327502,-0.0593781879909089
0.40521441101445,0.46965721124684,0.446035531192088,0.391497542198136,0.0644428002323897,-0.0545379889939528
0.444850952325735,0.38946107462897,0.468941998990261,0.376852559145806,-0.0553898776967643,-0.0920894398444547
0.377846752332864,0.358187803371053,0.435993928887743,0.374149683699549,-0.0196589489618112,-0.0618442451881937
0.377506742641809,0.396200888360904,0.518701696304714,0.366756376514273,0.0186941457190952,-0.151945319790441
0.427536068512441,0.44806482134535,0.454308987655393,0.452462365395125,0.0205287528329096,-0.00184662226026822
0.353990574497756,0.532862666427743,0.42239039973994,0.432496125208898,0.178872091929987,0.010105725468958
0.379163052468693,0.412993505072266,0.483295486877775,0.356786397270876,0.0338304526035728,-0.126509089606898
0.241404076568623,0.401456743510266,0.447424054179795,0.386209090762971,0.160052666941643,-0.0612149634168231
0.25851480340325,0.35862135301667,0.483100489194487,0.372693749258376,0.10010654961342,-0.110406739936111
0.422114691702866,0.365826746323487,0.485480865051447,0.369053282378557,-0.0562879453793798,-0.11642758267289
0.315201819128398,0.361563054654591,0.450125194498724,0.375814736349616,0.0463612355261936,-0.0743104581491081
0.368016536806318,0.394552648897893,0.475909659730469,0.375051911451783,0.026536112091575,-0.100857748278686
0.397580337629831,0.396742848478225,0.477940030621553,0.30967109959829,-0.000837489151605753,-0.168268931023263
0.357386515295801,0.366610138468929,0.376352808953163,0.29589902570386,0.00922362317312797,-0.0804537832493038
0.287417501512535,0,0.432257144494834,0.415103346990413,-0.287417501512535,-0.0171537975044208
0.300812735188897,0.343624303114031,0.427377074477605,0.354889613430053,0.0428115679251333,-0.0724874610475518
0.286030636604932,0.427770668823171,0.435366908484613,0.389323610117743,0.141740032218238,-0.0460432983668697
0.288527975333808,0.395978908004859,0.405346960787497,0.289841080180601,0.107450932671051,-0.115505880606896
0.263349769261493,0.369508317029096,0.479532019279111,0.38976509533613,0.106158547767603,-0.0897669239429811
0.304739959015883,0.399756826463142,0.486581488630437,0.404000619455518,0.0950168674472586,-0.0825808691749188
0.377032239450506,0.325760310495164,0.470103819175099,0.300521598775285,-0.051271928955342,-0.169582220399814
0.26535691909801,0.282524543272392,0.41675598543508,0.427279703086025,0.0171676241743819,0.0105237176509456
0.274849322067466,0.317292640613305,0.421106584053558,0.483038603857803,0.0424433185458385,0.0619320198042451
0.213775240967904,0.316060480897375,0.407474350207877,0.328683173973635,0.102285239929471,-0.078791176234242
0.441071494215201,0.393360674633012,0.525138690416185,0.358093691684069,-0.0477108195821888,-0.167044998732116
0.362127429748088,0.424013345076281,0.448962883956453,0.396553351699316,0.0618859153281937,-0.0524095322571373
0.362329568028596,0.358473192817936,0.419266556152823,0.382231453122365,-0.00385637521066001,-0.0370351030304577
0.19403989451917,0,0.436412634291235,0.289226035470907,-0.19403989451917,-0.147186598820328
0.340688331528222,0.343395429735124,0.482935225170428,0.356965451755569,0.0027070982069024,-0.12596977341486
0.386574043301489,0.318120365509979,0.441120771647875,0.338769798786099,-0.0684536777915102,-0.102350972861776
0.336041086300141,0.343296249623728,0.414022621257839,0.377262618899947,0.007255163323587,-0.036760002357892
0.318866180360076,0.335847048095152,0.333246920384578,0.387156722520843,0.016980867735076,0.0539098021362645
0.370608840787728,0.336272762101297,0.355266756547803,0.431683790986464,-0.0343360786864311,0.0764170344386616
0.346333879281699,0.355563853834117,0.2754333436455,0.505071271699636,0.00922997455241803,0.229637928054137
0.345691269893899,0.461652844386196,0.428529440284426,0.381152035057146,0.115961574492297,-0.0473774052272798
0.379895700294599,0.405068656003302,0.478967169859003,0.312377630905765,0.0251729557087028,-0.166589538953238
0.364373709677891,0.368358555289168,0.391281704346142,0.467307343024882,0.00398484561127682,0.0760256386787397
0.360263032378306,0.366514201866582,0.381454974373072,0.437909491173544,0.0062511694882757,0.0564545168004716
0.403526554857765,0.412347389490735,0.404982257852264,0.399936911361711,0.0088208346329699,-0.00504534649055266
0.216082539315423,0.383372985841484,0.332734759751891,0.456508215305569,0.167290446526062,0.123773455553678
0.199797672744428,0.484813742128527,0.283559577263354,0.423981575777783,0.2850160693841,0.140421998514429
0.303743873328456,0.432716907907652,0.468908135830861,0.419252090427935,0.128973034579196,-0.0496560454029266
0.280750967688162,0.374876690596666,0.469915117726029,0.40447699267419,0.0941257229085044,-0.0654381250518393
0.257361299945511,0.375702493954356,0.259530613325608,0.443837926287997,0.118341194008845,0.184307312962388
0.257490278667854,0.312149924754291,0.351304058171339,0.51524334144595,0.0546596460864374,0.16393928327461
0.352046453723169,0.540749189747915,0.46236050027131,0.317016047331476,0.188702736024746,-0.145344452939835
0.317134306412896,0.493408609297538,0.421955097500494,0.425922678249389,0.176274302884643,0.00396758074889519
0.388590325665274,0.420961826541964,0.466603614077421,0.39373576167899,0.0323715008766895,-0.0728678523984311
0.280147842883672,0.378303283602519,0.407709119649739,0.304302904761552,0.0981554407188465,-0.103406214888188
0.388022246143053,0.394030286524655,0.462546064380643,0.366798696139573,0.00600804038160219,-0.0957473682410702
0.425500666505595,0.451687097423958,0.451442044134073,0.39674171115748,0.0261864309183634,-0.0547003329765932
0.41191261476119,0.440806449474932,0.442744120269347,0.379125825270832,0.0288938347137419,-0.0636182949985158
0.408198150072329,0.451575008700479,0.452123699865728,0.394869469780453,0.0433768586281493,-0.0572542300852748
0.45161868528224,0.363818453496285,0.460620551952523,0.38005958801293,-0.0878002317859556,-0.0805609639395923
0.351058804237135,0.36034277367931,0.409258387923009,0.375488302984783,0.0092839694421748,-0.0337700849382263
0.384875826583067,0.397832783281635,0.515207696406593,0.371486482877302,0.0129569566985685,-0.143721213529291
0.392101120786306,0.452204399943645,0.459857843031639,0.456210484946595,0.0601032791573392,-0.00364735808504396
0.355265301339371,0.536014548756941,0.427821254465304,0.405559365819808,0.18074924741757,-0.0222618886454962
0.371611272876839,0.418658871478579,0.487639300937327,0.345388080737547,0.0470475986017397,-0.14225122019978
0.244248380753648,0.392377991776595,0.452487158614551,0.386059286617416,0.148129611022948,-0.0664278719971348
0.26215600937516,0.3639917051118,0.488684358404797,0.377175415039846,0.10183569573664,-0.111508943364952
0.428712140622014,0.367246988033032,0.491123365614042,0.371573180404677,-0.0614651525889819,-0.119550185209365
0.318373808525521,0.351532939348199,0.44652851112543,0.38278137612278,0.033159130822678,-0.0637471350026494
0.341602334852836,0.398823163098132,0.482241326699282,0.365865319090559,0.0572208282452965,-0.116376007608723
0.385740507154697,0.402253561611597,0.48191648520991,0.313199735904956,0.0165130544569004,-0.168716749304955
0.360852965057241,0.369463310482747,0.378965473057225,0.297293614294964,0.00861034542550637,-0.0816718587622604
0.287417501512535,0,0.371712699761485,0.456041957311272,-0.287417501512535,0.0843292575497872
0.290976309036905,0.347260400019782,0.392218040730455,0.338952758253976,0.0562840909828773,-0.0532652824764787
0.29207036978066,0.430659076102633,0.44135105416636,0.396858603629053,0.138588706321973,-0.0444924505373078
0.290223467348614,0.402881349452527,0.387768332242119,0.290085122607447,0.112657882103913,-0.0976832096346719
0.267064502371129,0.375379888935047,0.486104753289335,0.395562369492945,0.108315386563918,-0.09054238379639
0.291359545468586,0.403689174080296,0.476016737972005,0.407530236935574,0.11232962861171,-0.0684865010364318
0.341637600621922,0.330904748683876,0.47398285834576,0.300596477954236,-0.0107328519380453,-0.173386380391524
0.267635787324244,0.285686746401502,0.415738961498452,0.393499481300617,0.018050959077258,-0.0222394801978351
0.267232982862754,0.321950048038325,0.426409411007462,0.483038603857803,0.0547170651755715,0.056629192850341
0.204261545074331,0.321004737265649,0.408787068875281,0.332021554270014,0.116743192191318,-0.0767655146052671
0.448297481629471,0.395488548154865,0.528966943932605,0.363947910411756,-0.0528089334746056,-0.16501903352085
0.368582722805508,0.418368492397927,0.453438332837343,0.389819745590093,0.0497857695924192,-0.0636185872472502
0.357180540138979,0.364708999158141,0.424700402569079,0.382231453122365,0.0075284590191621,-0.0424689494467139
0.197997077217064,0,0.442166529532051,0.279550165731475,-0.197997077217064,-0.162616363800577
0.340688331528222,0.297599830201531,0.489159126267224,0.358748951049236,-0.0430885013266906,-0.130410175217988
0.371883847896564,0.322881039344654,0.448901288149957,0.329927043928744,-0.04900280855191,-0.118974244221213
0.340248479153181,0.34866623582779,0.419727150879143,0.358299216180457,0.00841775667460948,-0.0614279346986857
0.321766211458627,0.329013539110729,0.332330205624169,0.390351958295011,0.00724732765210157,0.0580217526708416
0.373901805709132,0.333323726657322,0.295820957993908,0.437489778859342,-0.0405780790518094,0.141668820865434
0.349828082069584,0.353679612543522,0.2754333436455,0.507800216613781,0.00385153047393799,0.232366872968282
0.349519373397065,0.449485370059556,0.434039508993211,0.38679170083369,0.0999659966624916,-0.0472478081595212
0.383419793832695,0.400519979155256,0.485117553050611,0.318337528951776,0.0171001853225609,-0.166780024098835
0.34076377793537,0.373683301669375,0.369104075162932,0.45098229183352,0.0329195237340043,0.0818782166705873
0.357284066397242,0.3723551598257,0.381129548773371,0.442419210801434,0.0150710934284581,0.0612896620280633
0.406935880047303,0.41111197143913,0.401746311601161,0.403362810053164,0.00417609139182706,0.0016164984520034
0.219589121705653,0.388353140451116,0.332734759751891,0.429325551707806,0.168764018745463,0.0965907919559152
0.187816814091077,0.484813742128527,0.283559577263354,0.397977523518329,0.29699692803745,0.114417946254975
0.294796994459338,0.41143288786378,0.468908135830861,0.403672012137005,0.116635893404443,-0.0652361236938562
0.284325309047393,0.380214708028088,0.469915117726029,0.404031165393761,0.0958893989806945,-0.0658839523322678
0.263111968721562,0.379977239218097,0.25396950357914,0.447914476850056,0.116865270496535,0.193944973270916
0.234017933427915,0.319844104679926,0.351304058171339,0.51524334144595,0.0858261712520108,0.16393928327461
0.385972999673249,0.429236667179005,0.35336381877272,0.237040583567143,0.0432636675057567,-0.116323235205578
0.530690057164768,0.441039893530316,0.449597237382997,0.426813517960504,-0.0896501636344521,-0.0227837194224933
0.432635388017384,0.461812198748368,0.339234369714448,0.32129065541829,0.0291768107309842,-0.0179437142961575
0.344163799220269,0.39747201283701,0.377022751704201,0.328364917902227,0.0533082136167404,-0.0486578338019738
0.398895703444693,0.38917129067956,0.339094169557253,0.384129264846278,-0.00972441276513364,0.0450350952890252
0.438986845012549,0.441028319159983,0.440317883306945,0.413129549027708,0.0020414741474335,-0.0271883342792372
0.471142338020041,0.368842388725607,0.404954508644956,0.418806888883442,-0.102299949294434,0.0138523802384867
0.478849559389503,0.429477688252291,0.421580723844288,0.442173501672719,-0.0493718711372126,0.0205927778284313
0.374504766513264,0.326931368207742,0.286710405255774,0.364517216610172,-0.0475733983055217,0.0778068113543978
0.42046411004403,0.439020111736293,0.257649814569602,0.333598387995188,0.0185560016922631,0.0759485734255868
0.393570089548912,0.480337143266226,0.321988472346548,0.434879605974633,0.0867670537173139,0.112891133628085
0.421025305330012,0.390120120738428,0.377172731832496,0.392462057655461,-0.0309051845915833,0.0152893258229648
0.438228481208659,0.408568634299079,0.429783413030836,0.43065231744598,-0.0296598469095808,0.000868904415144478
0.383763828114343,0.358423623930573,0.373028494359527,0.494893835153337,-0.0253402041837704,0.12186534079381
0.345739142346878,0.34246047362561,0.282480467288,0.397734664697777,-0.00327866872126759,0.115254197409778
0.340706470014441,0.309793974553751,0.270320436195935,0.41709395607224,-0.0309124954606899,0.146773519876305
0.382816519192946,0.33235564813475,0.329941941690139,0.416791625309979,-0.0504608710581956,0.0868496836198399
0.481307556379491,0.473050744084517,0.30632327896036,0.429902762806098,-0.00825681229497399,0.123579483845738
0.438732311471719,0.448046850404845,0.297438847842693,0.424142590037032,0.00931453893312578,0.12670374219434
0.332109289667633,0,0.399402511809289,0.357574862093645,-0.332109289667633,-0.0418276497156436
0.32361713528249,0.398010599783228,0.42747757722696,0.396432148209509,0.0743934645007376,-0.0310454290174506
0.502823459439364,0.575100236434349,0.426029470553496,0.272458396226002,0.0722767769949849,-0.153571074327494
0.412794732973546,0.507061337449719,0.395109522036125,0.366250690101258,0.0942666044761727,-0.0288588319348669
0.346999777056402,0.435759669173208,0.308144228568467,0.370893581269661,0.0887598921168061,0.062749352701194
0.445292727429287,0.439498126347429,0.307977150469194,0.291912370108764,-0.0057946010818582,-0.0160647803604303
0.326439839647049,0.34805319306396,0.304163684667868,0.425726104954267,0.0216133534169106,0.121562420286399
0.390805057693088,0.317166042433902,0.32677314787153,0.42554417028045,-0.0736390152591859,0.0987710224089197
0.424381764305272,0.349251390837448,0.292397321907687,0.402591910958343,-0.0751303734678246,0.110194589050656
0.4162886695499,0.485266301353522,0.406752224937253,0.34085328244241,0.0689776318036219,-0.0658989424948433
0.408304985459928,0.522340747354932,0.368572298953002,0.309221024153223,0.114035761895004,-0.0593512747997787
0.471528920278468,0.443521717148292,0.371043941485623,0.33937369946023,-0.0280072031301768,-0.0316702420253933
0.46759218394189,0.396213360985377,0.369057145822095,0.429075135793358,-0.071378822956513,0.060017989971263
0.416220757942353,0.402290497223576,0.358243955346662,0.376226659838708,-0.0139302607187775,0.017982704492046
0.457987989364209,0.466987014469264,0.334082755966612,0.354110142324306,0.00899902510505535,0.0200273863576942
0.471598658090898,0.469211186724396,0.429983463559304,0.274001397908484,-0.00238747136650214,-0.155982065650819
0.467553752365491,0.380933977352486,0.353345989685606,0.385607974943099,-0.0866197750130046,0.0322619852574935
0.369738806981209,0.407628924791065,0.396376979121158,0.411346993630029,0.0378901178098551,0.0149700145088711
0.473150638492092,0.442004656648214,0.290313979255758,0.240477543583556,-0.031145981843878,-0.0498364356722017
0.477483096037894,0.424408313007381,0.345730118156953,0.190493171341302,-0.0530747830305128,-0.15523694681565
0.481842391549391,0.477752912947994,0.256863185468209,0.363882217070301,-0.00408947860139708,0.107019031602092
0.48675885943108,0.456552706951189,0.307408197081298,0.396116467166334,-0.0302061524798902,0.0887082700850362
0.354761179184871,0.348756478138408,0.320461143062365,0.465786893697563,-0.00600470104646322,0.145325750635198
0.340866755782328,0.373154976440525,0.367192278180404,0.421451718155454,0.0322882206581966,0.0542594399750503
0.40482482224013,0.556725220233167,0.239074343690268,0.368486595069801,0.151900397993038,0.129412251379533
0.493898612510962,0.492433219683267,0.487121266758723,0.405862965260787,-0.00146539282769587,-0.0812583014979362
0.519607380106202,0.540427804443246,0.396445318954052,0.388503524583222,0.0208204243370441,-0.00794179437082981
0.467654264925617,0.48116471873669,0.319305087087921,0.249201346628956,0.0135104538110727,-0.0701037404589649
0.426543539591178,0.325385430988193,0.299758171737756,0.228476058821203,-0.101158108602985,-0.0712821129165526
0.416639015902957,0.428587461814783,0.373021049795464,0.4510438847088,0.0119484459118258,0.0780228349133363
0.404469250538989,0.538270194638346,0.281144052604462,0.375738747667211,0.133800944099357,0.0945946950627492
0.419603061175299,0.375499642787997,0.269157649608813,0.422563902348841,-0.0441034183873026,0.153406252740028
0.514405145034845,0.371812484171456,0.350162134187607,0.171550043280291,-0.142592660863389,-0.178612090907315
0.384292902767816,0.433602858661761,0.356084356479211,0.238989684427124,0.049309955893945,-0.117094672052087
0.560092837824532,0.428434004455495,0.451277540208448,0.400260829473513,-0.131658833369037,-0.051016710734935
0.427397045826092,0.436327694179437,0.345301098725033,0.322255246667707,0.0089306483533455,-0.0230458520573269
0.353570296985771,0.399106281678859,0.387183486564582,0.328364917902227,0.0455359846930887,-0.058818568662355
0.40398107285953,0.386475655020074,0.327656625759177,0.389572661448353,-0.017505417839456,0.0619160356891768
0.445034066688324,0.433171353946367,0.444741967608282,0.412360186648426,-0.0118627127419575,-0.0323817809598567
0.476511428784083,0.374051004770968,0.409747252190713,0.423232088475258,-0.102460424013115,0.0134848362845447
0.472007237961165,0.436447536080859,0.422954956343849,0.450052328913529,-0.0355597018803059,0.0270973725696798
0.382197273878964,0.331310525684915,0.293277046217972,0.361954914801748,-0.0508867481940493,0.0686778685837759
0.423231637922659,0.439020111736293,0.257649814569602,0.337273808422464,0.0157884738136341,0.0796239938528623
0.406269601186591,0.480337143266226,0.321988472346548,0.418095538039143,0.0740675420796348,0.0961070656925949
0.428246051837268,0.392363908748922,0.382408963529124,0.378907082558607,-0.0358821430883463,-0.00350188097051679
0.450204735955692,0.410267813049562,0.433192449071197,0.422167094288255,-0.0399369229061293,-0.0110253547829418
0.38638833827901,0.356266663537449,0.354805661420802,0.500065231555722,-0.0301216747415612,0.14525957013492
0.353910401755248,0.34443523460384,0.287480079079586,0.372119609837709,-0.00947516715140795,0.084639530758123
0.346684690863361,0.308651737900686,0.277541274414416,0.4210495333276,-0.0380329529626742,0.143508258913184
0.390326505658934,0.335890799114182,0.341112236671025,0.42025845326906,-0.0544357065447523,0.0791462165980345
0.499125835983069,0.437839594223881,0.298411049951737,0.400346624861207,-0.0612862417591873,0.10193557490947
0.446839051601688,0.444368332415718,0.273925126661876,0.427670173024879,-0.00247071918596964,0.153745046363003
0.332109289667633,0,0.402414158681591,0.355363868205081,-0.332109289667633,-0.0470502904765099
0.330296829915925,0.404526982606745,0.419008208945251,0.401188881616287,0.0742301526908197,-0.0178193273289636
0.508178623483849,0.575100236434349,0.442157852725395,0.272458396226002,0.0669216129504997,-0.169699456499392
0.402579116200492,0.479844282023183,0.402449335361459,0.368375826388204,0.0772651658226901,-0.0340735089732548
0.355743186010263,0.402480177068557,0.312555209867438,0.373887116623227,0.0467369910582934,0.0613319067557889
0.453414552359765,0.42720363354796,0.314444481444253,0.293515795933605,-0.0262109188118052,-0.0209286855106477
0.33309462990569,0.35437826321539,0.287510070255674,0.429188698768943,0.0212836333097005,0.141678628513268
0.383606997749428,0.328460702575007,0.32094693145855,0.414579787602753,-0.0551462951744214,0.0936328561442034
0.428512437849346,0.349251390837448,0.295636904953397,0.407055389711214,-0.0792610470118979,0.111418484757817
0.425994863617113,0.48853307711388,0.389279977821672,0.34085328244241,0.0625382134967667,-0.0484266953792629
0.422256277882702,0.522340747354932,0.374335420406487,0.30658036074928,0.10008446947223,-0.0677550596572067
0.471528920278468,0.44661739965852,0.362421315584701,0.349044687203269,-0.0249115206199487,-0.0133766283814322
0.473693874643173,0.401423532502025,0.354106297155375,0.430778389642905,-0.0722703421411481,0.0766720924875297
0.404156932230655,0.371820009296434,0.348200578664424,0.378105939372377,-0.0323369229342211,0.0299053607079529
0.4477865629535,0.448804687906957,0.340260379815316,0.358101259880974,0.00101812495345788,0.0178408800656576
0.441378330229427,0.446896326694739,0.411402115973247,0.274806383241453,0.00551799646531137,-0.136595732731794
0.444867414363425,0.386301058611962,0.359589404575143,0.391274848216888,-0.0585663557514628,0.0316854436417451
0.369376649366444,0.400580551036584,0.396376979121158,0.411346993630029,0.031203901670139,0.0149700145088711
0.45862703405321,0.431368015370675,0.293287197184553,0.235562215705136,-0.0272590186825349,-0.0577249814794175
0.479094388007742,0.42666890519155,0.348077413670157,0.186233231518235,-0.0524254828161919,-0.161844182151922
0.485621217436322,0.482205840508023,0.253332297346379,0.373378911144136,-0.00341537692829896,0.120046613797757
0.49084721797718,0.46246288653416,0.307408197081298,0.405928787187983,-0.0283843314430199,0.0985205901066857
0.35844317212613,0.355554786405073,0.31958626803349,0.471014518206082,-0.00288838572105704,0.151428250172591
0.34633601633722,0.369837746698672,0.370994684815536,0.425583008063821,0.0235017303614515,0.0545883232482851
0.407206817959055,0.556725220233167,0.251342835261464,0.368486595069801,0.149518402274113,0.117143759808337
0.473854754347333,0.472655209705225,0.487121266758723,0.414383613778815,-0.00119954464210731,-0.0727376529799077
0.523055368381999,0.533631692639341,0.34876693781189,0.396934140911036,0.0105763242573418,0.0481672030991456
0.470755344305715,0.485195630906167,0.323116851395193,0.222492935013315,0.0144402866004523,-0.100623916381878
0.429528034230185,0.330957912236078,0.310007780060766,0.244341458886932,-0.0985701219941066,-0.0656663211738339
0.414581018345603,0.435737694199717,0.379717319897229,0.427019377291752,0.0211566758541139,0.0473020573945233
0.408222512430502,0.524274372619142,0.26633031980131,0.331642114738215,0.11605186018864,0.0653117949369043
0.395379591209665,0.383170161494937,0.274695463942189,0.43523796545235,-0.0122094297147282,0.160542501510161
0.523586522673184,0.37400341725184,0.350162134187607,0.176260371869134,-0.149583105421344,-0.173901762318473
0.389682176811973,0.437814352222815,0.317671643578679,0.218991210668464,0.048132175410842,-0.0986804329102146
0.560092837824532,0.41506162875894,0.438090719609235,0.381276756907271,-0.145031209065591,-0.056813962701964
0.435958417413532,0.430347939755902,0.334657741046356,0.320003663910151,-0.00561047765763006,-0.0146540771362046
0.362460932580772,0.402645961935827,0.392366843369607,0.328364917902227,0.0401850293550554,-0.0640019254673797
0.412464563190463,0.390851328341709,0.332397419579918,0.38305265973052,-0.0216132348487539,0.050655240150602
0.424534419067491,0.424186498683368,0.446498755047128,0.413719003284511,-0.00034792038412218,-0.0327797517626168
0.488618122212614,0.379177733456241,0.414480859254009,0.425086478402675,-0.109440388756373,0.0106056191486661
0.477336776931831,0.441283650320896,0.39585513347564,0.451450796152037,-0.0360531266109351,0.055595662676397
0.377283723191116,0.326015293393194,0.28793040090681,0.348057224998617,-0.0512684297979213,0.0601268240918069
0.418747260577931,0.439020111736293,0.256811869598102,0.341285113909258,0.0202728511583618,0.0844732443111564
0.408319577847283,0.480337143266226,0.326669107983816,0.421666185937267,0.0720175654189428,0.0949970779534507
0.410429718267353,0.386325919038745,0.386566375112427,0.382470580708593,-0.0241037992286084,-0.00409579440383373
0.436984427022751,0.414900543570124,0.426686118125185,0.424614675271873,-0.0220838834526271,-0.00207144285331251
0.379424128675963,0.362512161523198,0.358874319912119,0.480712076456149,-0.0169119671527648,0.121837756544031
0.355238762445233,0.338616647306929,0.289430525020347,0.377268632744577,-0.0166221151383041,0.08783810772423
0.354187402024998,0.314236961241443,0.271997119855789,0.425404908637958,-0.0399504407835549,0.153407788782169
0.396480803009625,0.335890799114182,0.328977522490956,0.387193645388508,-0.0605900038954433,0.0582161228975516
0.503660873734157,0.442786988106677,0.305292064475201,0.40525714767582,-0.0608738856274803,0.0999650832006188
0.427313069112991,0.440473766348584,0.278308839314428,0.416897273882168,0.0131606972355932,0.138588434567739
0.332109289667633,0,0.407897068569664,0.357410879220936,-0.332109289667633,-0.0504861893487272
0.336365536507417,0.387536650370808,0.424887477764223,0.404590257302614,0.0511711138633913,-0.0202972204616088
0.502289823403042,0.518375362897377,0.450274479082258,0.241503826318078,0.0160855394943348,-0.20877065276418
0.372410591988244,0.47918390790909,0.400071264039843,0.364346697576045,0.106773315920846,-0.0357245664637983
0.346470922133511,0.397643767113078,0.30682470600692,0.377752994062074,0.0511728449795671,0.0709282880551538
0.442611262608204,0.415272258018698,0.311717943115516,0.28591672736543,-0.0273390045895061,-0.0258012157500856
0.327984525026233,0.358158159809887,0.293330310846953,0.413403656509311,0.0301736347836534,0.120073345662358
0.372404846122946,0.330145859470586,0.319247877998511,0.389418147778415,-0.0422589866523608,0.0701702697799039
0.428512437849346,0.291042825697873,0.296253093750417,0.393703897558944,-0.137469612151473,0.0974508038085271
0.411552042078517,0.47731108335842,0.385068295982002,0.344483543870517,0.065759041279903,-0.0405847521114855
0.428657164699874,0.495112788560355,0.377266495586616,0.307878237807856,0.0664556238604806,-0.0693882577787598
0.471528920278468,0.447961769130413,0.364731590864778,0.310385372419376,-0.0235671511480553,-0.0543462184454015
0.477088676488108,0.401423532502025,0.343653922053043,0.43407308800446,-0.0756651439860834,0.0904191659514169
0.406315977149444,0.371820009296434,0.346391713731728,0.370655667754787,-0.0344959678530103,0.0242639540230591
0.454177192948237,0.454348026363612,0.343354797032662,0.338008635169044,0.000170833415375049,-0.00534616186361808
0.445864734103508,0.449503477429689,0.416105196431971,0.277582549232719,0.00363874332618114,-0.138522647199252
0.454011593539935,0.392327079575215,0.352042082835613,0.395145615659093,-0.0616845139647196,0.0431035328234797
0.371638417796136,0.396751487938256,0.396376979121158,0.419386486856739,0.0251130701421207,0.0230095077355812
0.447573691188681,0.417340056689554,0.291833918811063,0.229711968652944,-0.0302336344991274,-0.0621219501581198
0.483101322886803,0.417176434916635,0.352940669253906,0.187465858464976,-0.0659248879701678,-0.16547481078893
0.489148137345437,0.491424736944748,0.249530547076431,0.333497081128409,0.00227659959931109,0.083966534051978
0.464654424548228,0.468077494074978,0.309930024874411,0.410871458650006,0.00342306952675014,0.100941433775595
0.363920392398671,0.362952131246168,0.325344969307056,0.474093096362726,-0.000968261152503036,0.148748127055671
0.353011153084434,0.377010883867091,0.361380069643226,0.428512694027896,0.0239997307826567,0.0671326243846704
0.407206817959055,0.562822735796337,0.247201052845743,0.343559888386145,0.155615917837282,0.0963588355404023
0.47622646858866,0.462612675982166,0.487121266758723,0.419286067051316,-0.0136137926064934,-0.067835199707407
0.526925688077636,0.521776703568054,0.34876693781189,0.401259585226226,-0.00514898450958157,0.0524926474143359
0.476938571171932,0.465381557001381,0.327914509506738,0.22447841554125,-0.0115570141705507,-0.103436093965488
0.431147325955268,0.327165654692233,0.314498242629673,0.229125434184858,-0.103981671263034,-0.0853728084448152
0.420925055272373,0.443309776806334,0.386215351794584,0.427019377291752,0.0223847215339615,0.0408040254971677
0.415987871555268,0.534582877611382,0.270411181401163,0.331642114738215,0.118595006056114,0.0612309333370515
0.401501304483457,0.39042774403848,0.27783142698488,0.43523796545235,-0.0110735604449769,0.15740653846747
0.507836541589751,0.381643214678457,0.351919941822505,0.177725795045262,-0.126193326911294,-0.174194146777244
0.395190282164118,0.437814352222815,0.319944270592407,0.223974290683896,0.0426240700586974,-0.0959699799085119
0.575089989786576,0.418129438026963,0.433981723740987,0.383192767846764,-0.156960551759612,-0.0507889558942222
0.453753266927994,0.438187761053427,0.313261446659787,0.293360678464418,-0.0155655058745666,-0.0199007681953684
0.370773286842507,0.406414977493433,0.392366843369607,0.283496345989803,0.0356416906509258,-0.108870497379804
0.421494771855749,0.375773505897885,0.33569232264629,0.385331873735818,-0.0457212659578642,0.0496395510895279
0.406168908665118,0.430196941192193,0.435881019220127,0.414650721789882,0.024028032527075,-0.0212302974302445
0.475915602249684,0.384948150935695,0.407154068346675,0.426875427992989,-0.0909674513139891,0.0197213596463142
0.465345198095829,0.447720998863682,0.405659554861508,0.442400616562887,-0.0176241992321473,0.0367410617013791
0.384899540807322,0.327097202797871,0.292910953575844,0.334094117302764,-0.0578023380094514,0.0411831637269205
0.421190679778415,0.454682279533017,0.235649531056169,0.329475840072327,0.0334915997546018,0.0938263090161585
0.416739863848166,0.480337143266226,0.329457381360542,0.424639236666768,0.06359727941806,0.095181855306226
0.416634666755012,0.378969153981399,0.390774702041987,0.384745051931803,-0.0376655127736136,-0.00602965011018419
0.44580256661469,0.40159310326593,0.431118993719386,0.426261289164325,-0.0442094633487602,-0.00485770455506118
0.386770064425974,0.363251559708163,0.353355271872123,0.458666828962921,-0.0235185047178119,0.105311557090799
0.363341100771405,0.33834474155821,0.291322825586107,0.380034132266838,-0.024996359213195,0.0887113066807309
0.357262668845332,0.320912432214353,0.274693851347973,0.41072355055396,-0.0363502366309796,0.136029699205987
0.406033018332296,0.351033796079808,0.330909162215234,0.390506852652599,-0.0549992222524878,0.059597690437365
0.512556167152861,0.447613675797048,0.310203447604167,0.408497817442724,-0.0649424913558136,0.0982943698385568
0.435182399595902,0.447348766454344,0.284034619563904,0.419410583805908,0.0121663668584422,0.135375964242004
0.332109289667633,0,0.41328348769943,0.36121267573286,-0.332109289667633,-0.0520708119665699
0.338117786214643,0.394263198787277,0.43430897883446,0.38922861084037,0.0561454125726346,-0.0450803679940903
0.512714760181473,0.500165727543524,0.453907213140769,0.246065223437501,-0.0125490326379489,-0.207841989703268
0.383687918614796,0.485111516870156,0.406745308721339,0.337329349096577,0.101423598255361,-0.0694159596247625
0.353352063918233,0.401538940374903,0.301469078885307,0.371523473182618,0.0481868764566702,0.0700543942973115
0.448027184481319,0.420821602312421,0.315360647846767,0.288107505463753,-0.0272055821688977,-0.0272531423830144
0.332888744773153,0.343447773392402,0.29624060218625,0.414636528246243,0.010559028619249,0.118395926059993
0.374819581121012,0.334070962080543,0.32224915067356,0.365107903084998,-0.0407486190404695,0.0428587524114374
0.42468309074503,0.297678272536441,0.302380424296875,0.397478263228677,-0.127004818208589,0.0950978389318022
0.417257452858613,0.47731108335842,0.381860553546952,0.349439986987752,0.0600536304998064,-0.0324205665591998
0.434820926417383,0.495112788560355,0.383402078891285,0.311555156267591,0.0602918621429719,-0.0718469226236941
0.471528920278468,0.449342255578122,0.370551893334244,0.317330889176884,-0.0221866647003464,-0.0532210041573594
0.488719544557959,0.411093399491077,0.32709444343957,0.4145281101144,-0.077626145066882,0.0874336666748299
0.397756774862533,0.371820009296434,0.348265496465275,0.373053216247238,-0.0259367655660997,0.0247877197819622
0.458707145909606,0.457020716008432,0.343028987348015,0.334580899457221,-0.00168642990117379,-0.00844808789079393
0.450956756726578,0.44752561563887,0.388119283965977,0.280467646197365,-0.00343114108770792,-0.107651637768612
0.457903073510536,0.36693988913506,0.335932866033044,0.397027621496946,-0.0909631843754755,0.0610947554639014
0.378307633556513,0.391049046083268,0.351600069545354,0.419386486856739,0.0127414125267548,0.0677864173113848
0.453965220905547,0.420599441901349,0.291647873566452,0.23295782474347,-0.0333657790041978,-0.0586900488229814
0.489024623419931,0.41855484554056,0.359642203256146,0.191701777844333,-0.0704697778793713,-0.167940425411813
0.494353097511797,0.496206528196918,0.252220757865843,0.285680039592795,0.00185343068512023,0.0334592817269515
0.46999926007203,0.475533059966875,0.309930024874411,0.410871458650006,0.00553379989484448,0.100941433775595
0.355256248511004,0.369703078904136,0.330090541095956,0.475134846889202,0.0144468303931314,0.145044305793246
0.344180559537448,0.373575280343669,0.367952584071398,0.429902932477657,0.0293947208062215,0.0619503484062584
0.409577536840628,0.562822735796337,0.247201052845743,0.343559888386145,0.153245198955708,0.0963588355404023
0.46634780322637,0.471912049527818,0.487121266758723,0.387519991403829,0.00556424630144825,-0.099601275354894
0.526925688077636,0.50223446342588,0.34876693781189,0.401259585226226,-0.0246912246517562,0.0524926474143359
0.483352095720901,0.471865637932249,0.33260474536556,0.228609157175872,-0.0114864577886528,-0.103995588189688
0.435622306442183,0.314703664515331,0.314584267479609,0.231172624195712,-0.120918641926852,-0.083411643283897
0.419162108244892,0.45325398899493,0.389651526987479,0.434254918689792,0.0340918807500382,0.044603391702313
0.423170844772225,0.521926430012063,0.269911824360889,0.33710680990123,0.0987555852398382,0.0671949855403408
0.409263529421005,0.398206081542662,0.281127079197126,0.391058878956525,-0.011057447878343,0.109931799759399
0.467106625045674,0.389588850006074,0.341544973989974,0.177425583718432,-0.0775177750396006,-0.164119390271541
0.391478367871675,0.41541861224591,0.311226347818357,0.225914986836711,0.0239402443742349,-0.0853113609816458
0.556381186972907,0.426485688390795,0.426260426452604,0.383192767846764,-0.129895498582111,-0.0430676586058399
0.465516217527453,0.427601768308134,0.313845285476058,0.297821365171643,-0.0379144492193184,-0.0160239203044151
0.374580111361412,0.382011800718622,0.398529633625524,0.283496345989803,0.00743168935720967,-0.115033287635722
0.417331377793738,0.383862149350462,0.333013006741522,0.389211599596846,-0.0334692284432763,0.0561985928553237
0.411992519103824,0.438182561030396,0.437232866228328,0.400867727245761,0.0261900419265726,-0.0363651389825667
0.486869397847684,0.391902870608452,0.398344783818985,0.416775767791146,-0.0949665272392315,0.0184309839721615
0.469890574746246,0.455966977121846,0.410640035787471,0.421112790919211,-0.0139235976244005,0.0104727551317402
0.373411803056152,0.321938752956452,0.285669349563107,0.326045403993341,-0.0514730500996998,0.0403760544302346
0.403205290104438,0.460064747318872,0.233190882631203,0.321244250589725,0.0568594572144333,0.0880533679585224
0.404027368062411,0.480337143266226,0.320326419458937,0.429515561924594,0.0763097752038144,0.109189142465657
0.433565756908045,0.387363336136162,0.395590051630728,0.38957450185387,-0.0462024207718832,-0.00601554977685781
0.461765207616446,0.385271580212008,0.421755028855466,0.414095980426559,-0.0764936274044384,-0.00765904842890625
0.374755507280172,0.369030688692883,0.358804215784948,0.448710759135601,-0.00572481858728935,0.0899065433506528
0.3721026773313,0.342809057520091,0.294975550108522,0.384717657451262,-0.0292936198112092,0.0897421073427405
0.365036501461236,0.326063529832048,0.269670526829347,0.414942594243432,-0.0389729716291886,0.145272067414085
0.397232904701331,0.354527583292674,0.334883580012042,0.394825883919081,-0.0427053214086574,0.0599423039070394
0.508590068481579,0.456223372683577,0.310203447604167,0.413235549882577,-0.052366695798002,0.10303210227841
0.44204182103925,0.45042759709397,0.28328113078263,0.423218378785917,0.00838577605472018,0.139937248003287
0.332109289667633,0.356668999954578,0.418877455316836,0.365594100524869,0.0245597102869451,-0.0532833547919676
0.333439349520903,0.388492472111334,0.420495586288989,0.392918738130347,0.0550531225904316,-0.0275768481586421
0.463140710407118,0.4876517869688,0.410071519678768,0.235468706106452,0.0245110765616821,-0.174602813572316
0.391631754345153,0.477961956054547,0.414934817964647,0.340931765599805,0.0863302017093935,-0.0740030523648428
0.356046103501643,0.401538940374903,0.30582025387892,0.375758460186368,0.0454928368732601,0.0699382063074477
0.449783158501192,0.428672655308082,0.320730960055489,0.292616104749082,-0.0211105031931105,-0.0281148553064066
0.324433415644359,0.330624194591279,0.292453950158541,0.419218050295059,0.00619077894692016,0.126764100136518
0.380549251223543,0.335434895612028,0.32224915067356,0.353401551746496,-0.0451143556115153,0.0311524010729352
0.430654839793727,0.288416390447513,0.298607057534205,0.402445907890408,-0.142238449346214,0.103838850356204
0.417257452858613,0.487462925595915,0.38518545572173,0.326908121182129,0.0702054727373014,-0.0582773345396013
0.434820926417383,0.465873439075781,0.389224786925773,0.311063720621385,0.031052512658398,-0.0781610663043876
0.471528920278468,0.442079672696722,0.374231224645435,0.328015654611001,-0.0294492475817462,-0.0462155700344338
0.477291686154278,0.39242421342438,0.328858184739122,0.381881133037703,-0.0848674727298976,0.0530229482985807
0.401400628952917,0.371820009296434,0.349830594544557,0.364709318468323,-0.0295806196564833,0.0148787239237658
0.454022813395116,0.452711626582094,0.348021057398866,0.332798284215789,-0.00131118681302161,-0.0152227731830766
0.454847971843774,0.433912875727616,0.393983770919905,0.274242189426016,-0.0209350961161582,-0.11974158149389
0.438084825533451,0.372717676276039,0.342191601003336,0.389625459303208,-0.0653671492574122,0.0474338582998721
0.38147162106536,0.37570336628295,0.356992125931254,0.399500171700509,-0.00576825478240967,0.0425080457692549
0.461687122931242,0.428271243376288,0.280394412414794,0.236287351613402,-0.0334158795549543,-0.0441070608013924
0.48885153420949,0.409374530531062,0.364463785440773,0.197176363585453,-0.0794770036784288,-0.16728742185532
0.497972815345997,0.496206528196918,0.256333406777898,0.294029090012123,-0.00176628714907956,0.0376956832342256
0.477391045442502,0.478710423310714,0.316168313813114,0.416882155376905,0.00131937786821162,0.100713841563791
0.361930557481291,0.374321205185058,0.32446606923653,0.462840798568987,0.0123906477037665,0.138374729332457
0.349986811912196,0.36482127189671,0.37425779598714,0.43375463681195,0.0148344599845145,0.0594968408248103
0.409577536840628,0.562822735796337,0.247201052845743,0.343559888386145,0.153245198955708,0.0963588355404023
0.450790760763584,0.475145649115049,0.460912649668219,0.397263176102532,0.0243548883514643,-0.0636494735656872
0.503222907355246,0.50223446342588,0.355127663574023,0.380159776259959,-0.000988443929366367,0.0250321126859356
0.486375270098649,0.473665943252261,0.33675594260101,0.232889841975522,-0.0127093268463885,-0.103866100625488
0.438554243399755,0.29669403728547,0.312016238897685,0.211270032501039,-0.141860206114285,-0.100746206396646
0.424873303286151,0.457490140904508,0.370655248439188,0.441440691065682,0.0326168376183566,0.0707854426264934
0.429535041576995,0.526106376391668,0.274211110021363,0.325116408623547,0.0965713348146731,0.050905298602184
0.415164281841779,0.402645204476805,0.273223615120595,0.404564918530971,-0.0125190773649736,0.131341303410376
0.480494030978503,0.392975318372546,0.347174015242914,0.176222470225858,-0.0875187126059572,-0.170951545017056
0.38549778860729,0.424365174354596,0.316144785025012,0.22903488826105,0.0388673857473069,-0.0871098967639619
0.564934023876626,0.429696569237225,0.417336218792996,0.387140543708357,-0.135237454639401,-0.0301956750846387
0.474245697285564,0.429376258087387,0.317188070350944,0.294117264986081,-0.0448694391981776,-0.023070805364863
0.374580111361412,0.38647658275431,0.398529633625524,0.283496345989803,0.0118964713928972,-0.115033287635722
0.424592231497184,0.379820850869596,0.339217900567987,0.393942962150851,-0.0447713806275887,0.0547250615828635
0.414626822968189,0.428528879817059,0.424967134700438,0.403769001493052,0.0139020568488693,-0.0211981332073858
0.482747506303625,0.398704128611997,0.404327393832703,0.42097614949006,-0.0840433776916279,0.0166487556573569
0.479009903708766,0.447888120306717,0.414886651553162,0.408621970719305,-0.0311217834020489,-0.00626468083385645
0.374455752209312,0.328042774626574,0.282764597842018,0.30326795658418,-0.0464129775827382,0.0205033587421613
0.409152389343121,0.448970808988282,0.234339258744206,0.325892386811485,0.039818419645161,0.0915531280672784
0.407138337357882,0.480337143266226,0.326883462200629,0.431895899790448,0.0731988059083437,0.105012437589819
0.424433784825489,0.382323456056355,0.371764206490241,0.377891835948085,-0.0421103287691346,0.00612762945784368
0.450811584051678,0.387419302106585,0.426587893209408,0.417511076436579,-0.0633922819450933,-0.00907681677282929
0.375530244980112,0.377237925487308,0.360907591650366,0.42904794353816,0.00170768050719561,0.0681403518877941
0.37758688977678,0.342552541143765,0.289676921209036,0.363539023915869,-0.0350343486330144,0.0738621027068335
0.369729560207927,0.332707534332304,0.264015013290841,0.406066753467821,-0.037022025875623,0.14205174017698
0.376566819738773,0.357523856733712,0.338507103500531,0.380148886208142,-0.0190429630050606,0.041641782707611
0.514812362143296,0.461145574729734,0.317527916159653,0.414592735961422,-0.0536667874135619,0.0970648198017687
0.448433267786515,0.441955960903606,0.284177971629615,0.427050187661634,-0.00647730688290848,0.142872216032019
0.312320039881179,0.356668999954578,0.386772105200816,0.368012651653584,0.0443489600733992,-0.0187594535472319
0.33818464461764,0.38885068513454,0.422409620536981,0.384678691113415,0.0506660405168999,-0.0377309294235665
0.467070482182318,0.47187662083412,0.414107227168411,0.245694923818504,0.00480613865180285,-0.168412303349906
0.395729132133681,0.473752779053259,0.417253126463204,0.344531724560708,0.0780236469195777,-0.0727214019024965
0.362758549037458,0.404978997084419,0.304247449209905,0.379342548914147,0.042220448046961,0.0750950997042426
0.426702179142481,0.436404658630324,0.322175828349623,0.294320832938469,0.00970247948784342,-0.0278549954111543
0.330012475842542,0.334646340703509,0.287706523179458,0.422643709820944,0.00463386486096701,0.134937186641486
0.384521873055271,0.339331334009197,0.316700440731703,0.356129385719648,-0.0451905390460735,0.039428944987945
0.438350317770702,0.288416390447513,0.294171657287494,0.404809329127661,-0.14993392732319,0.110637671840166
0.425662425928434,0.491765612636527,0.391120076851275,0.326908121182129,0.0661031867080932,-0.0642119556691459
0.443048847734739,0.469177063161616,0.394418255974655,0.308880311640996,0.0261282154268776,-0.0855379443336582
0.471528920278468,0.44743129314121,0.359929663367901,0.331065549540024,-0.0240976271372584,-0.0288641138278773
0.481759668919527,0.395860568343986,0.333073176787615,0.385328718723544,-0.0858991005755409,0.052255541935929
0.382703064632631,0.371820009296434,0.334544353228005,0.366151251683094,-0.0108830553361969,0.0316068984550886
0.463415229335695,0.447939629697167,0.353487993303875,0.319394556923387,-0.0154755996385281,-0.0340934363804888
0.450845861394287,0.438566439150312,0.398245630801032,0.277677841518688,-0.0122794222439754,-0.120567789282345
0.440129620667006,0.379505688864917,0.347974642893044,0.392720526924958,-0.0606239318020888,0.0447458840319134
0.37297956585366,0.380197632582604,0.367027655168556,0.416635792928719,0.00721806672894398,0.0496081377601628
0.474027423896934,0.423375729147935,0.275255426302313,0.206361387571011,-0.0506516947489992,-0.0688940387313025
0.48885153420949,0.408784946664466,0.362624721060624,0.18668285142687,-0.080066587545024,-0.175941869633754
0.499725277294385,0.47790049359599,0.259579854246739,0.303610909671007,-0.0218247836983947,0.0440310554242678
0.459491156420137,0.481900996280201,0.322242891413307,0.381419973100907,0.022409839860064,0.0591770816876003
0.350594894112988,0.381174520992754,0.328855609187196,0.46588514385672,0.0305796268797651,0.137029534669524
0.348006479367897,0.361478612717303,0.371418870870628,0.436623110148551,0.0134721333494052,0.0652042392779233
0.411914802001193,0.562822735796337,0.26851340083806,0.282664654646565,0.150907933795144,0.0141512538085054
0.454709046012104,0.478203017264634,0.475379291924262,0.408606458287597,0.0234939712525304,-0.0667728336366648
0.503222907355246,0.504254248064236,0.367712828731558,0.390278884516222,0.00103134070899036,0.0225660557846646
0.486375270098649,0.479066069102376,0.34296620754336,0.237267186043197,-0.00730920099627286,-0.105699021500163
0.441472146209379,0.307677509380182,0.315219799758072,0.211270032501039,-0.133794636829197,-0.103949767257034
0.420565782849518,0.448317215279031,0.361222674760003,0.441440691065682,0.0277514324295133,0.080218016305678
0.430773919633969,0.532069537490584,0.273514772353076,0.328669108274635,0.101295617856615,0.0551543359215588
0.418076191779321,0.400971714599177,0.278255672562145,0.37061980853074,-0.0171044771801435,0.0923641359685942
0.481249260792253,0.397820131506675,0.339697631605192,0.179733533824859,-0.0834291292855781,-0.159964097780334
0.293965723800499,0.31717125210095,0.320725534803263,0.304682787687849,0.0232055283004504,-0.0160427471154144
0.418056517232274,0.324226284733672,0.378242006258516,0.355345866011264,-0.0938302324986015,-0.0228961402472521
0.466295348466782,0.346197707036571,0.238030349908599,0.318243885590918,-0.120097641430211,0.0802135356823194
0.299971365279714,0.332749220860751,0.386600166086254,0.351202091838255,0.032777855581037,-0.0353980742479986
0.352016594495629,0.436578959228301,0.381401666123771,0.302166499428851,0.0845623647326726,-0.0792351666949204
0.409917604619807,0.408074563683087,0.4033461848998,0.418684122443116,-0.00184304093672,0.0153379375433168
0.40421999342833,0.409371762650509,0.385664628645225,0.403719887366769,0.00515176922217875,0.0180552587215441
0.356855857992707,0.359970170856192,0.384690716993716,0.362323235302068,0.00311431286348479,-0.0223674816916485
0.279498433468576,0.342137528236501,0.29188570558983,0.321812638206427,0.0626390947679254,0.0299269326165975
0.350869675435018,0.330997692707295,0.271794869789261,0.290460198283712,-0.0198719827277227,0.0186653284944508
0.466583239045178,0.279176159915138,0.316223157114451,0.405772644092519,-0.18740707913004,0.089549486978068
0.411493842594155,0.338057133221028,0.506621521901784,0.48823551099238,-0.0734367093731271,-0.0183860109094037
0.434119248263021,0.299109542995792,0.434419119953279,0.394738499928665,-0.135009705267229,-0.0396806200246143
0.321098662349131,0.377273287502181,0.400698589804987,0.369045347749475,0.0561746251530498,-0.031653242055512
0.440201333759931,0.398957573182765,0.372191634428819,0.297036587259319,-0.0412437605771662,-0.0751550471695007
0.261305548129753,0.35501695295701,0.384170661818246,0.280927652986046,0.0937114048272567,-0.103243008832201
0.20986786821942,0.337012158138945,0.274425577151488,0.399947860496605,0.127144289919525,0.125522283345118
0.502620461954527,0.373170524206609,0.245375920138067,0.292636151463699,-0.129449937747918,0.0472602313256317
0.416304008493673,0.442305404562738,0.36570718369159,0.318880131248987,0.026001396069065,-0.0468270524426033
0.377659559939064,0.315855801537192,0.323274555223492,0.218146991673111,-0.0618037584018726,-0.105127563550381
0.397367667994625,0.417172310009922,0.27378037729751,0.308295177226328,0.0198046420152975,0.0345147999288182
0.473558838125014,0.392565223879147,0.361973717172088,0.316555738398574,-0.0809936142458671,-0.0454179787735144
0.481963595166492,0.380724247132301,0.331641775002594,0.377151955627036,-0.10123934803419,0.0455101806244418
0.238059402876802,0.388781789960544,0.309909199725768,0.247376331129161,0.150722387083742,-0.0625328685966073
0.24101268449185,0.33612923492682,0.395811416693478,0.353074741579837,0.0951165504349701,-0.0427366751136418
0.344437067883482,0.386859927104497,0.328167402903451,0.291844527511432,0.0424228592210155,-0.0363228753920182
0.334714799818123,0.368095140408061,0.326349202723114,0.253640005231076,0.0333803405899379,-0.0727091974920375
0.359599609345794,0.224281004295157,0.308423138035212,0.235333649617518,-0.135318605050637,-0.0730894884176942
0.416866988465208,0.358125377294498,0.321407783433341,0.177347384021385,-0.0587416111707108,-0.144060399411955
0.465524065512222,0.343889193677845,0.328798779629987,0.338410023159354,-0.121634871834376,0.00961124352936737
0.218309807037832,0.372131711108439,0.325734618139332,0.319235982280383,0.153821904070607,-0.006498635858949
0.298114738986287,0.354631350760935,0.271692609723062,0.391799782514417,0.0565166117746476,0.120107172791355
0.351265805009293,0.361028084299095,0.264516106600977,0.391536040386649,0.00976227928980239,0.127019933785671
0.389025922647732,0.35073885185809,0.228950395274194,0.349556422264834,-0.0382870707896416,0.12060602699064
0.262370315663765,0.383385524398068,0.302201774149543,0.239962790917635,0.121015208734303,-0.0622389832319075
0.301061263067735,0.36312227939471,0.245207387505859,0.197802454857385,0.0620610163269752,-0.0474049326484738
0.288560610245587,0.319114840833351,0.418387161443443,0.319665026992701,0.030554230587764,-0.0987221344507425
0.346055750287633,0.398897147151773,0.285912274430929,0.264587991403505,0.0528413968641401,-0.0213242830274236
0.29551179161693,0.408034681822378,0.293478943032202,0.322200140518058,0.112522890205448,0.0287211974858559
0.383570216031446,0.356767816770264,0.271366247617067,0.332964094430685,-0.0268023992611817,0.0615978468136183
0.348802512935548,0.319479761260802,0.381061180542913,0.32374717905709,-0.0293227516747457,-0.057314001485823
0.298831613505927,0.373954956870022,0.294157372488012,0.279823863846787,0.075123343364095,-0.0143335086412253
0.268418451763201,0.365797206857396,0.278568762835597,0.259027165032667,0.0973787550941952,-0.0195415978029303
0.328707951208209,0.32237494769605,0.281760167220837,0.2060522759193,-0.00633300351215871,-0.0757078913015375
0.407118857411018,0.384390826134825,0.399963993927811,0.38519642753327,-0.0227280312761927,-0.0147675663945411
0.381843315279161,0.425424693003886,0.340888858208786,0.340328021358356,0.0435813777247249,-0.000560836850429403
0.23234067066579,0.305035140141443,0.303656636377051,0.323156421339526,0.0726944694756529,0.0194997849624753
0.376786159462814,0.471645670839779,0.29845149271641,0.289341745589202,0.0948595113769657,-0.00910974712720841
0.307776677047903,0.300429777773723,0.305958160573043,0.248048351632277,-0.00734689927417947,-0.0579098089407659
0.34046896667519,0.362606014338064,0.340176421118433,0.333879557635219,0.0221370476628743,-0.00629686348321445
0.314541980160033,0.339652315225066,0.335916284532836,0.34543880892328,0.0251103350650333,0.00952252439044432
0.318719598592056,0.425145718576499,0.492963573565583,0.304417524028455,0.106426119984443,-0.188546049537128
0.283182909874247,0.317073617464243,0.325492194231185,0.307625377546888,0.033890707589996,-0.0178668166842966
0.412470169189979,0.315941348199175,0.373977484463635,0.352566004208045,-0.0965288209908042,-0.0214114802555893
0.379663952321014,0.346197707036571,0.23632940271513,0.312592406458767,-0.0334662452844434,0.076263003743637
0.297866439178288,0.296885298093439,0.386600166086254,0.35548665326162,-0.000981141084848314,-0.0311135128246338
0.358381263247963,0.436578959228301,0.371834488563692,0.305894370126972,0.078197695980338,-0.0659401184367198
0.415544504711884,0.408074563683087,0.40825150275792,0.422130584476093,-0.007469941028797,0.0138790817181734
0.389477003721093,0.395389827696165,0.391077455379447,0.406768272240849,0.00591282397507231,0.0156908168614021
0.35092176629694,0.36571366783348,0.391220048615417,0.36559874625701,0.0147919015365398,-0.0256213023584077
0.281916900143872,0.338731970297942,0.296750933482608,0.31806898738213,0.05681507015407,0.0213180538995216
0.355180821891662,0.327298650867318,0.257594745687163,0.296826250426356,-0.0278821710243437,0.039231504739193
0.429302755887252,0.279176159915138,0.31995505937564,0.408539951119886,-0.150126595972114,0.0885848917442459
0.419247599101217,0.334503563551576,0.491934150161172,0.430235179968445,-0.0847440355496408,-0.0616989701927264
0.419013655684263,0.30301687989898,0.441066092450618,0.397811054213504,-0.115996775785283,-0.0432550382371146
0.326828525893451,0.381330138181798,0.393789426318696,0.372862135439093,0.0545016122883475,-0.0209272908796038
0.425759619325635,0.368215319078478,0.358578324351864,0.302166483052313,-0.0575443002471576,-0.0564118412995516
0.264947731248277,0.361925570157155,0.389329489511127,0.277987518191839,0.0969778389088779,-0.111341971319288
0.210436746821371,0.330951653278706,0.260908922908695,0.358394684357689,0.120514906457335,0.0974857614489932
0.485480321591024,0.377865589965108,0.249353441181092,0.299947311787995,-0.107614731625916,0.0505938706069034
0.423833434207156,0.447530228712181,0.370657411268437,0.323522370897508,0.0236967945050247,-0.0471350403709299
0.382671171733974,0.317091500772389,0.311963453953775,0.202501147961685,-0.0655796709615851,-0.10946230599209
0.403464249390845,0.409603525206408,0.279333556851967,0.311816985682348,0.00613927581556295,0.0324834288303809
0.455970525183797,0.395161648251768,0.365007764858556,0.32042093005679,-0.0608088769320297,-0.044586834801766
0.488780738804314,0.383460382966651,0.316871152148227,0.35363376508091,-0.105320355837663,0.036762612932683
0.234395469140818,0.394153438106571,0.313824643424305,0.23866158736331,0.159757968965753,-0.0751630560609947
0.242731049424499,0.34211082811152,0.401054889133209,0.355819830357582,0.0993797786870216,-0.0452350587756268
0.327841434315167,0.372485205255779,0.333311441112847,0.262736280754261,0.0446437709406116,-0.0705751603585862
0.336218000386337,0.371632824605021,0.323960130845788,0.258938418552797,0.0354148242186835,-0.0650217122929901
0.360043830790521,0.22893451948743,0.313933822439231,0.237386177584218,-0.131109311303091,-0.0765476448550133
0.423558516513495,0.362485778191716,0.315765225784287,0.179413899733851,-0.0610727383217796,-0.136351326050436
0.457503658745522,0.341693860851166,0.334958588347534,0.351471604351055,-0.115809797894356,0.0165130160035216
0.22125281406127,0.366950948687221,0.328328392972591,0.320797257008934,0.145698134625951,-0.00753113596365679
0.300474468449046,0.352623697861018,0.276283943496149,0.399679589051303,0.0521492294119723,0.123395645555154
0.352907131053868,0.361028084299095,0.269914928766344,0.399441624157794,0.00812095324522732,0.12952669539145
0.396314944254856,0.357912999993421,0.230495509427976,0.309923296078886,-0.0384019442614344,0.0794277866509098
0.265487459870088,0.381302133110056,0.302201774149543,0.240723168323917,0.115814673239967,-0.0614786058256253
0.286288119285812,0.369385299078022,0.245446032616007,0.179980591623686,0.0830971797922097,-0.0654654409923214
0.270515531177949,0.321800719810047,0.418387161443443,0.319665026992701,0.0512851886320977,-0.0987221344507425
0.334318343702922,0.359637380324211,0.271271386675638,0.27174245586154,0.0253190366212894,0.000471069185901896
0.296907884263608,0.414585297090556,0.298910704593279,0.325984068971341,0.117677412826948,0.0270733643780618
0.385487700055287,0.351730800176693,0.277037445372811,0.334680902629664,-0.0337568998785946,0.0576434572568535
0.350576720904536,0.322510565534117,0.38373236460555,0.315176445653256,-0.0280661553704183,-0.0685559189522941
0.302909622220233,0.37938549428737,0.297150117214577,0.283979748798683,0.0764758720671375,-0.0131703684158948
0.260827238150607,0.362318062380104,0.282650920777046,0.257168509782184,0.101490824229497,-0.0254824109948625
0.328707951208209,0.32237494769605,0.265373001371926,0.208076574573173,-0.00633300351215871,-0.0572964267987532
0.40933300565157,0.384390826134825,0.382694425402957,0.386309887751948,-0.0249421795167445,0.00361546234899135
0.384188438620147,0.425424693003886,0.332261719432308,0.342634171181113,0.0412362543837382,0.0103724517488054
0.233998806846857,0.298702241217797,0.308269069916395,0.321180109696594,0.0647034343709403,0.0129110397801988
0.376786159462814,0.471645670839779,0.293941213426411,0.295814192821372,0.0948595113769657,0.00187297939496184
0.309761872873453,0.296075012504163,0.307155521659724,0.253652102071567,-0.0136868603692901,-0.0535034195881566
0.332965960050104,0.362606014338064,0.319089560166446,0.335137118995843,0.0296400542879607,0.0160475588293968
0.315891824514729,0.342569077714905,0.333177635410519,0.347253601678602,0.0266772532001757,0.0140759662680826
0.318719598592056,0.435792360244967,0.492963573565583,0.307270699754976,0.117072761652911,-0.185692873810607
0.290822979631009,0.321505052595396,0.330818768239379,0.299609563960765,0.0306820729643875,-0.0312092042786138
0.413772206925945,0.313025374354185,0.363883255505027,0.342331840118988,-0.100746832571759,-0.0215514153860389
0.375294447650568,0.346197707036571,0.242354364660918,0.316225901209319,-0.0290967406139974,0.0738715365484013
0.301544489194851,0.299797579435057,0.384199092161229,0.35548665326162,-0.00174690975979463,-0.0287124388996087
0.339909104878056,0.415612421277177,0.376208566677504,0.293202540435675,0.075703316399121,-0.0830060262418295
0.403933454962698,0.417315068223924,0.412269512799176,0.423767746739074,0.013381613261226,0.011498233939898
0.373543072651782,0.401145769036986,0.395465621900319,0.408209578108061,0.0276026963852034,0.0127439562077419
0.355078461989188,0.349931942620653,0.369072634756855,0.368846129283777,-0.00514651936853516,-0.000226505473077399
0.285771205130453,0.344129203174296,0.29578590199308,0.308451521094285,0.0583579980438431,0.0126656191012048
0.35783745169203,0.311278488991848,0.249633521837241,0.289940908498835,-0.0465589627001821,0.0403073866615935
0.429302755887252,0.281528371134014,0.328201771132658,0.408539951119886,-0.147774384753238,0.0803381799872278
0.422400032780351,0.339859175499035,0.48437050951095,0.411303521203046,-0.0825408572813167,-0.0730669883079044
0.422793456405292,0.296774576728151,0.449933880166966,0.402542563924447,-0.126018879677142,-0.047391316242519
0.331488746774709,0.374517053871155,0.385392993473221,0.36133535124567,0.0430283070964461,-0.0240576422275517
0.432313417076609,0.365433387303524,0.361050526773213,0.306167645012128,-0.066880029773085,-0.0548828817610849
0.257985050155785,0.366164936970496,0.395698998971293,0.282216173486283,0.10817988681471,-0.113482825485009
0.213804828279554,0.335154730627591,0.258166024215208,0.360510300720696,0.121349902348037,0.102344276505488
0.4876473315317,0.380909211421808,0.251755701811555,0.282446005772192,-0.106738120109892,0.0306903039606368
0.428030349544861,0.451402618463103,0.363719991129908,0.327905409391897,0.0233722689182418,-0.0358145817380108
0.384141682320346,0.31985227982516,0.306781937993165,0.205255028326483,-0.0642894024951867,-0.101526909666682
0.40731079378218,0.413149157639073,0.283562376300076,0.315110624146356,0.00583836385689218,0.0315482478462799
0.429034573545997,0.372352995248489,0.344499815960368,0.324032841973127,-0.056681578297508,-0.0204669739872412
0.464342994217425,0.377670323086417,0.307196314385594,0.33123502255336,-0.0866726711310083,0.0240387081677659
0.232251288135815,0.385568916035196,0.312273957552833,0.241934710498211,0.153317627899382,-0.0703392470546216
0.247265677858701,0.346685137950096,0.408471516689301,0.358673042299144,0.0994194600913952,-0.0497984743901574
0.332575649522241,0.376863272896198,0.338412181635707,0.26642828108189,0.0442876233739574,-0.0719839005538163
0.325457629610205,0.371632824605021,0.328131906557366,0.262660243386946,0.0461751949948159,-0.0654716631704205
0.360043830790521,0.224338734096754,0.322035340331823,0.235104160868303,-0.135705096693768,-0.0869311794635197
0.4259301955062,0.365634643408597,0.324929532874768,0.187514630732866,-0.0602955520976026,-0.137414902141903
0.435816151489678,0.346799493679996,0.344252280885535,0.218706672883867,-0.089016657809682,-0.125545608001668
0.219791963607232,0.366950948687221,0.33114610940354,0.293491529023068,0.147158985079988,-0.0376545803804721
0.303801331015302,0.348423152400865,0.276283943496149,0.380215619480274,0.0446218213855632,0.103931675984125
0.338715707690718,0.361028084299095,0.279168878175278,0.365921783723805,0.0223123766083771,0.0867529055485276
0.38762032415854,0.362853831453618,0.233272500110484,0.318500031480426,-0.0247664927049216,0.0852275313699421
0.26022256216493,0.380651922455443,0.27190221050608,0.244071602986961,0.120429360290514,-0.0278306075191184
0.291578324273325,0.374372278819233,0.242463719633962,0.183012629572526,0.0827939545459074,-0.0594510900614363
0.268529042040657,0.313755552234802,0.418387161443443,0.319665026992701,0.045226510194145,-0.0987221344507425
0.340952274256364,0.366009884042862,0.277230463841137,0.274575493584719,0.0250576097864975,-0.00265497025641848
0.286935222839441,0.407702086839032,0.304622172051345,0.303768588003656,0.120766863999592,-0.000853584047689149
0.385487700055287,0.344332138057305,0.283475990310879,0.326430641295356,-0.0411555619979825,0.042954650984477
0.353696597441975,0.309517683241277,0.377285219628055,0.318662572188287,-0.0441789142006984,-0.0586226474397681
0.29561587561904,0.383866564148664,0.300770904216814,0.280164935910962,0.0882506885296245,-0.0206059683058517
0.256258637281502,0.366425702020481,0.287474444504335,0.261655501470222,0.110167064738978,-0.0258189430341129
0.336187507287697,0.339386859435014,0.268556457978398,0.211275461977436,0.00319935214731748,-0.0572809960009623
0.411225166299009,0.400637663934937,0.388696809605962,0.389690200045512,-0.010587502364072,0.000993390439549324
0.364328320878951,0.455682782002673,0.309912983732331,0.341957393848399,0.0913544611237224,0.0320444101160683
0.216230141114385,0.30073164903815,0.2981932521236,0.326584252303403,0.0845015079237642,0.0283910001798022
0.379834367811959,0.471645670839779,0.300056461447097,0.272303511538316,0.0918113030278206,-0.0277529499087816
0.320382063168589,0.288603389893808,0.308255309027102,0.255850215135454,-0.0317786732747807,-0.0524050938916474
0.342877844818672,0.33464980068295,0.326331724203604,0.337805261272467,-0.00822804413572281,0.0114735370688634
0.323503009607869,0.320684571548057,0.333578067661097,0.350972429413831,-0.00281843805981219,0.0173943617527347
0.316242116637016,0.463006769237808,0.492963573565583,0.299638851351181,0.146764652600792,-0.193324722214402
0.29738446839129,0.324126995439223,0.333797298309097,0.301042184570443,0.0267425270479328,-0.0327551137386548
0.414727071000267,0.301985660556206,0.365910743122283,0.338840582971926,-0.112741410444061,-0.0270701601503567
0.375294447650568,0.346197707036571,0.247356744756485,0.314104695173915,-0.0290967406139974,0.0667479504174296
0.304584786990747,0.294581115355357,0.387238830341411,0.359831790578256,-0.0100036716353904,-0.0274070397631554
0.343668702229681,0.415612421277177,0.367698074368884,0.288512432162608,0.0719437190474966,-0.0791856422062753
0.374597665452021,0.421656803995669,0.417584979308156,0.425165004333447,0.0470591385436478,0.00758002502529093
0.359360012920868,0.385964827144777,0.400473765253699,0.393722752427493,0.026604814223909,-0.00675101282620644
0.359702500379273,0.353962991173806,0.362888182387675,0.37220186351697,-0.0057395092054679,0.00931368112929432
0.286972144079067,0.349850822535864,0.29402061302998,0.310671340530306,0.0628786784567972,0.0166507275003261
0.360519571942588,0.306131115437857,0.253444779785563,0.292098770566137,-0.0543884565047311,0.0386539907805741
0.429302755887252,0.281716065562377,0.313317659994692,0.373094666065795,-0.147586690324875,0.0597770060711034
0.42627555734828,0.343815522311299,0.452446779098368,0.411303521203046,-0.0824600350369805,-0.041143257895322
0.426334194390179,0.290560834342678,0.452205224751109,0.402542563924447,-0.135773360047501,-0.0496626608266619
0.335666564236567,0.377956007005804,0.392621111184974,0.363287795825992,0.0422894427692366,-0.0293333153589825
0.436347967005147,0.365499955976318,0.354639337039299,0.308947578752254,-0.0708480110288293,-0.045691758287045
0.257339338320261,0.372262344227804,0.386810952669045,0.285347356935832,0.114923005907543,-0.101463595733213
0.208346385997145,0.339245178603275,0.259906726876328,0.34058535195444,0.13089879260613,0.0806786250781116
0.471020606864295,0.384837355729671,0.254002199853528,0.286237278842896,-0.086183251134624,0.032235078989368
0.413757912578256,0.442860524404354,0.369732318024135,0.318745635235165,0.029102611826098,-0.0509866827889704
0.384141682320346,0.324118721437112,0.312251978584215,0.196572198943881,-0.060022960883234,-0.115679779640334
0.408596907185151,0.406128607137083,0.280776703957354,0.306825699280659,-0.00246830004806786,0.0260489953233051
0.429034573545997,0.371377636972845,0.347431581297598,0.32919673082383,-0.0576569365731526,-0.0182348504737673
0.443651595678875,0.380726938594491,0.296372646657611,0.334785053961468,-0.0629246570843836,0.0384124073038565
0.225862604661345,0.390217402847813,0.316680794902224,0.244536922482141,0.164354798186468,-0.0721438724200823
0.251494173453087,0.340733118273118,0.383676978805474,0.361530636043855,0.0892389448200318,-0.0221463427616193
0.310696059471886,0.381081541347151,0.332895572501277,0.26288882950205,0.070385481875265,-0.0700067429992269
0.333262872904939,0.369458182579601,0.333552725807315,0.269996686506467,0.0361953096746617,-0.0635560393008484
0.360043830790521,0.231626161867272,0.325858685038229,0.239785217186076,-0.12841766892325,-0.0860734678521532
0.428049732615826,0.355694564811188,0.322543356807299,0.19400739838119,-0.0723551678046372,-0.128535958426109
0.438092558083812,0.352199386895543,0.348409787496547,0.222690479193917,-0.0858931711882686,-0.125719308302631
0.220363124971723,0.36089891058912,0.325619094932634,0.285529749921138,0.140535785617397,-0.0400893450114967
0.307702110148854,0.349673091202574,0.258948253819023,0.362170397501549,0.0419709810537199,0.103222143682527
0.331065674633371,0.367029575846122,0.279168878175278,0.372789805966673,0.0359639012127518,0.0936209277913953
0.390279544938077,0.359841017395523,0.234608544308126,0.299213122088767,-0.0304385275425536,0.0646045777806409
0.261086714713892,0.367113637673983,0.283694572599824,0.247741311173361,0.106026922960091,-0.0359532614264627
0.294332128958221,0.380405222158682,0.246158532608935,0.187142844411358,0.0860730932004605,-0.0590156881975772
0.267325842612569,0.318702105829665,0.418387161443443,0.325288922924923,0.0513762632170958,-0.0930982385185203
0.347742160601627,0.355592781961446,0.281140040844987,0.276172780318259,0.0078506213598189,-0.00496726052672819
0.290704280476004,0.402711555422295,0.300804532682722,0.302976578433003,0.11200727494629,0.00217204575028068
0.370650189247651,0.349220770211751,0.27810537877697,0.314355300510699,-0.0214294190358994,0.0362499217337286
0.358825990293487,0.314081637670866,0.383655544612311,0.322104535424152,-0.0447443526226214,-0.0615510091881591
0.270511203351344,0.389915296253349,0.305867331899866,0.284216833876339,0.119404092902005,-0.0216504980235265
0.260237977177874,0.372328748661078,0.284316684157424,0.2657167114834,0.112090771483203,-0.0185999726740247
0.340304511113482,0.339386859435014,0.268556457978398,0.206475178104782,-0.000917651678468079,-0.0620812798736161
0.418479261135338,0.400637663934937,0.379651825331056,0.394043175013114,-0.017841597200401,0.0143913496820588
0.37105155430874,0.455682782002673,0.305012271287165,0.34647720056844,0.0846312276939332,0.0414649292812751
0.220743919142057,0.30110468340522,0.302016508637617,0.332353235318229,0.0803607642631625,0.0303367266806119
0.386372191694071,0.471645670839779,0.300056461447097,0.274930582250549,0.0852734791457088,-0.025125879196548
0.310066707268269,0.28372654590271,0.311497063829188,0.230734128813885,-0.026340161365559,-0.080762935015303
0.327099266231714,0.320572778244717,0.332188623211172,0.33227048307377,-0.00652648798699756,8.18598625978995e-05
0.3317680488621,0.32210346696259,0.328612791662407,0.355676965887988,-0.00966458189951003,0.0270641742255807
0.307585809005133,0.463006769237808,0.498434152875889,0.285786914907149,0.155420960232675,-0.21264723796874
0.303240628571177,0.32827250700051,0.337744963543159,0.292540503748895,0.0250318784293331,-0.0452044597942637
0.418819439335153,0.298554806238403,0.369774064123221,0.332029152203845,-0.120264633096749,-0.0377449119193762
0.33437743373557,0.346197707036571,0.252176902050732,0.317343466006017,0.0118202733010013,0.0651665639552847
0.304804837225063,0.296493979000487,0.393369090146384,0.359831790578256,-0.00831085822457533,-0.033537299568128
0.321856944938918,0.415612421277177,0.356959133033713,0.294262312883352,0.0937554763382593,-0.0626968201503618
0.378469745806561,0.416170779719751,0.413096310082059,0.413394894135503,0.0377010339131906,0.000298584053443796
0.36404030390522,0.367936990829279,0.403520350297395,0.383704544427163,0.0038966869240587,-0.0198158058702321
0.365509155936312,0.350192811700624,0.368746024671305,0.376624503572642,-0.0153163442356882,0.00787847890133686
0.264439648538634,0.339346232019617,0.298498929500891,0.316534283254306,0.0749065834809829,0.0180353537534151
0.339742012608966,0.310515870310046,0.258401322818873,0.296181864112151,-0.02922614229892,0.0377805412932776
0.435661535748955,0.28963991013262,0.313317659994692,0.376084631214907,-0.146021625616335,0.0627669712202155
0.431031341486438,0.330264109784029,0.455703927539742,0.397889167163997,-0.100767231702409,-0.0578147603757451
0.432626134360333,0.295184619998638,0.457114379169828,0.406117251567528,-0.137441514361696,-0.0509971276023003
0.341960029934436,0.382274749272375,0.38942018533514,0.367262885755071,0.0403147193379387,-0.0221572995800682
0.415593212882715,0.368220939749033,0.333254936541237,0.303432110417463,-0.0473722731336815,-0.0298228261237744
0.262427501848478,0.376769764345059,0.391633543917729,0.273134084940592,0.114342262496581,-0.118499458977137
0.206208205161135,0.329734881711026,0.261219825469392,0.315812860282454,0.123526676549892,0.0545930348130625
0.475792196080492,0.387624138016212,0.253496473191093,0.274371655623249,-0.0881680580642803,0.0208751824321551
0.420841804850185,0.426700416218745,0.375242038278163,0.313305403343585,0.00585861136855975,-0.0619366349345778
0.385357702241858,0.327985783744963,0.317174446069155,0.202265181132466,-0.0573719184968954,-0.114909264936688
0.418077242019939,0.409257680186957,0.286005127842918,0.31136264180483,-0.00881956183298183,0.0253575139619116
0.434579347669021,0.3722689857708,0.341999844211018,0.323819494324481,-0.0623103618982208,-0.0181803498865373
0.449259034458667,0.383761484348094,0.302547703647484,0.328483552068151,-0.0654975501105732,0.0259358484206667
0.230547823642389,0.382525480914563,0.318546205338414,0.249693301196021,0.151977657272174,-0.0688529041423928
0.255349111635578,0.345269862123455,0.375309672691395,0.318222204555806,0.0899207504878772,-0.0570874681355883
0.300653642972467,0.368442528117798,0.328068626426086,0.267666242139767,0.0677888851453315,-0.0604023842863189
0.333075666349413,0.358579984889719,0.331608959355425,0.260487137783377,0.0255043185403062,-0.0711218215720473
0.360043830790521,0.244239565900231,0.327555341835295,0.238405998643754,-0.11580426489029,-0.0891493431915408
0.402241446550802,0.358370480051755,0.324145322102512,0.18725942551094,-0.0438709664990465,-0.136885896591572
0.42131477105313,0.344429266491387,0.335972846901278,0.222690479193917,-0.0768855045617426,-0.113282367707362
0.225148109529278,0.327046315981278,0.309856634508471,0.288083112172842,0.101898206452001,-0.0217735223356282
0.313579235391854,0.348843734888951,0.258948253819023,0.349122321527438,0.0352644994970973,0.0901740677084152
0.328183664736454,0.359341703061776,0.283331661667682,0.355186742448117,0.0311580383253221,0.0718550807804344
0.381185032388753,0.363407521353403,0.21709473686653,0.299213122088767,-0.0177775110353501,0.0821183852222371
0.265280489957003,0.370239126914282,0.283694572599824,0.249566907435728,0.10495863695728,-0.0341276651640956
0.300043275968447,0.37571176303499,0.249194821536959,0.1907924707613,0.0756684870665431,-0.0584023507756589
0.27142272684783,0.322791686425045,0.247694757950331,0.325288922924923,0.0513689595772153,0.0775941649745923
0.352110575741004,0.357982176498205,0.270003935137568,0.280542525059613,0.00587160075720022,0.0105385899220446
0.293441390139671,0.393064216237144,0.292204399489153,0.289632574804729,0.0996228260974724,-0.00257182468442424
0.373956533637511,0.339298025024669,0.280685184982359,0.318017363509492,-0.0346585086128416,0.0373321785271336
0.363155409011602,0.316553947217599,0.386025230881217,0.32503820422667,-0.0466014617940035,-0.0609870266545471
0.270251479124061,0.393196012998121,0.303322824837996,0.279072020264174,0.122944533874061,-0.024250804573822
0.263573548663145,0.375236626864429,0.289505787491337,0.269551759638893,0.111663078201283,-0.0199540278524442
0.340304511113482,0.339386859435014,0.271555707071897,0.209194338187116,-0.000917651678468079,-0.0623613688847816
0.423835967492173,0.404760675648193,0.383788439343964,0.370944623252529,-0.0190752918439799,-0.0128438160914351
0.375438583323595,0.464710974743017,0.309753976743155,0.3490416532277,0.0892723914194223,0.0392876764845446
0.210932831114807,0.294923895786085,0.292700884917202,0.335985987976079,0.0839910646712785,0.0432851030588776
0.388797777555083,0.338636177061435,0.303681080769092,0.274930582250549,-0.0501616004936472,-0.0287504985185426
0.310066707268269,0.278859412360937,0.293951467697581,0.233282300311211,-0.0312072949073318,-0.0606691673863708
0.316620936010901,0.323810850949695,0.320394182812039,0.323157875331277,0.00718991493879445,0.00276369251923875
0.335728941882326,0.316949106003092,0.33400213569009,0.358208599419568,-0.0187798358792347,0.0242064637294778
0.31082171820576,0.445368280174707,0.476979972265559,0.289628402253858,0.134546561968947,-0.187351570011701
0.2757775473256,0.323351714168446,0.343130060784487,0.296377863816247,0.0475741668428462,-0.0467521969682397
0.422191207777107,0.304475405250074,0.359621760810753,0.33534154763354,-0.117715802527033,-0.0242802131772129
0.336535261206698,0.346197707036571,0.25756010221167,0.285608350624231,0.00966244582987336,0.0280482484125605
0.297067704288117,0.298938241225634,0.357591509924739,0.321729500613105,0.0018705369375171,-0.035862009311634
0.310371241098234,0.371112171500884,0.361356690060359,0.298447080027575,0.0607409304026492,-0.0629096100327841
0.381756216667831,0.420559498592183,0.418281378980521,0.391175315098994,0.0388032819243521,-0.0271060638815271
0.368765683570522,0.368315446583616,0.408428889442781,0.379869377029213,-0.00045023698690605,-0.0285595124135677
0.356615305717865,0.354326847589242,0.373828788212576,0.380889276969136,-0.00228845812862322,0.00706048875656035
0.265951276832842,0.322095577237066,0.292664234382807,0.29719019133691,0.0561443004042245,0.00452595695410346
0.343801314248099,0.316259315880504,0.263382358507749,0.298552023194206,-0.0275419983675945,0.0351696646864572
0.435661535748955,0.294203806614755,0.313317659994692,0.35866092154117,-0.1414577291342,0.045343261546478
0.435104730836321,0.329147529299588,0.433416421056629,0.400438985868027,-0.105957201536733,-0.0329774351886027
0.418006912377229,0.285359940200917,0.461529754564632,0.384821253267051,-0.132646972176313,-0.0767085012975814
0.346763854764288,0.385890512137893,0.394737189697932,0.329338865614569,0.0391266573736051,-0.0653983240833633
0.38025754699822,0.352387213176893,0.326928003676349,0.295138239916649,-0.0278703338213269,-0.0317897637597007
0.260624793597781,0.368623467447269,0.395329538224056,0.277039306806616,0.107998673849489,-0.11829023141744
0.209383361893006,0.327231008552046,0.263241264889152,0.305358270809613,0.11784764665904,0.0421170059204618
0.476766868940093,0.389025788582677,0.2466786096438,0.268359216741592,-0.0877410803574161,0.0216806070977927
0.424422175012598,0.418809270075755,0.364191898717376,0.317643391279725,-0.00561290493684374,-0.0465485074376513
0.378056191262894,0.331565738068332,0.318873733632584,0.188061639590967,-0.0464904531945624,-0.130812094041617
0.406404528818054,0.388554781451721,0.289905558367787,0.315702403526268,-0.017849747366333,0.0257968451584815
0.421296675771462,0.375582647795572,0.342927213240449,0.327655621263524,-0.0457140279758893,-0.0152715919769255
0.433385092513059,0.38643929091148,0.304989247886938,0.332203159406504,-0.046945801601578,0.0272139115195663
0.234980138200408,0.387871792805846,0.30625467489589,0.253003696609853,0.152891654605438,-0.0532509782860375
0.253178348734654,0.341586796604822,0.380288809158198,0.322160544329304,0.0884084478701672,-0.0581282648288942
0.303504737507343,0.372880373180481,0.3334629233959,0.27040037298795,0.0693756356731374,-0.0630625504079502
0.335178598888214,0.358192068577856,0.337891915204374,0.261865693265636,0.0230134696896418,-0.0760262219387379
0.360043830790521,0.247832290251812,0.329036918247697,0.243525376651413,-0.11221154053871,-0.0855115415962842
0.407374131863235,0.361182468445604,0.325775505718817,0.18725942551094,-0.0461916634176306,-0.138516080207876
0.426872859771223,0.34855605767997,0.339292618948853,0.222690479193917,-0.0783168020912529,-0.116602139754936
0.21568715659016,0.327046315981278,0.309819126481995,0.288083112172842,0.111359159391118,-0.0217360143091526
0.317576125732533,0.354575998463363,0.247964367328643,0.353023006848129,0.0369998727308303,0.105058639519486
0.330355848535261,0.364032063938639,0.261429799416513,0.340647189827583,0.033676215403378,0.0792173904110696
0.385590334832475,0.366961431525257,0.216571050990589,0.299213122088767,-0.0186289033072178,0.0826420710981782
0.251406493599187,0.373846856391165,0.283694572599824,0.254855357799723,0.122440362791978,-0.0288392148001004
0.303992852897471,0.380004827341992,0.25380566539884,0.176209753836004,0.0760119744445208,-0.0775959115628362
0.272651701267308,0.325383830689518,0.247694757950331,0.334401238529222,0.05273212942221,0.0867064805788913
0.339309771624325,0.343995512080645,0.274068915662158,0.271795149029534,0.0046857404563207,-0.00227376663262396
0.294538880215755,0.386883930312558,0.285564075562538,0.282959665572476,0.0923450500968029,-0.00260440999006167
0.377860683903004,0.333665429405527,0.285001923101753,0.310716146088433,-0.0441952544974776,0.0257142229866794
0.365053286295917,0.317990185803882,0.390084656848234,0.329290940529874,-0.0470631004920354,-0.0607937163183599
0.264269640757311,0.382926446835105,0.295517437483887,0.283259186833137,0.118656806077793,-0.0122582506507507
0.265860994170549,0.379808633003189,0.284520117645212,0.273008183235088,0.11394763883264,-0.0115119344101243
0.304386420760705,0.339386859435014,0.272844970563578,0.21319690384798,0.0350004386743095,-0.0596480667155975
0.425913755353368,0.409257271429381,0.358234358373656,0.365033323802623,-0.0166564839239867,0.00679896542896735
0.377448543788349,0.433021050582387,0.297349333677762,0.352444810525323,0.0555725067940389,0.0550954768475608
0.210798808199241,0.298483859750032,0.285750758321486,0.33781268161197,0.087685051550791,0.0520619232904838
0.376761082249407,0.291314918111361,0.303681080769092,0.274930582250549,-0.0854461641380454,-0.0287504985185426
0.312883918503317,0.283548251416484,0.29889243297856,0.235485102883426,-0.0293356670868332,-0.0634073300951341
0.30609358912037,0.328462474875059,0.307390975425091,0.317474906035271,0.0223688857546891,0.0100839306101793
0.319297785511873,0.311562792156937,0.339489100679411,0.345909649813954,-0.00773499335493572,0.00642054913454226
0.312926811895271,0.445368280174707,0.457868229922376,0.292775412931071,0.132441468279436,-0.165092816991305
0.39375300598769,0.473286231239765,0.277330600646076,0.319240494351568,0.0795332252520756,0.0419098937054928
0.388755239966227,0.46816940264338,0.378115017317315,0.285706658278636,0.0794141626771525,-0.0924083590386789
0.408578683529264,0.362086893755798,0.264828891076946,0.244464901832841,-0.0464917897734665,-0.020363989244105
0.294633131198487,0.285668389016483,0.191796809579791,0.290766797581976,-0.00896474218200422,0.0989699880021855
0.22485863890759,0.463141322280439,0.334754050075653,0.300387887986877,0.238282683372849,-0.0343661620887764
0.338090501943829,0.522935749630375,0.319615262721575,0.283102703430662,0.184845247686546,-0.036512559290913
0.381419780782667,0.494397946104175,0.323629005754306,0.334587107635671,0.112978165321508,0.010958101881365
0.31589926144867,0.504606181359956,0.278322726596628,0.311273043421588,0.188706919911287,0.0329503168249602
0.398958062792809,0.243986337364309,0.262451439842026,0.300728370580546,-0.1549717254285,0.0382769307385206
0.366054037740177,0.2599310288244,0.239111767034703,0.31555914926938,-0.106123008915777,0.0764473822346769
0.436622438521953,0.344180496283587,0.355246341213893,0.25394165527883,-0.0924419422383652,-0.101304685935063
0.366602099813575,0.5051191471463,0.356194785842933,0.318433337417324,0.138517047332724,-0.0377614484256091
0.415942578568793,0.501375869394053,0.353719633963604,0.323590365918345,0.0854332908252597,-0.0301292680452592
0.295304345940496,0.511948744128609,0.268873007127012,0.300456374058152,0.216644398188113,0.0315833669311408
0.349421990116626,0.391215165767582,0.309465195148223,0.261859580566592,0.041793175650956,-0.047605614581631
0.254560653024483,0.296808464943215,0.34027767539781,0.331335949261074,0.0422478119187327,-0.00894172613673605
0.346058212680139,0.334815244171106,0.249764011088966,0.305625479826887,-0.0112429685090324,0.0558614687379212
0.324228655633027,0.292074925763818,0.354813744068972,0.202708561523993,-0.0321537298692092,-0.152105182544979
0.326100266141362,0.337947350332269,0.367713612195002,0.292465298844946,0.0118470841909074,-0.0752483133500563
0.412009063831615,0.342430388353842,0.318429846229112,0.252095926842894,-0.0695786754777724,-0.0663339193862181
0.349799249167488,0.326020388215536,0.189364861313486,0.249000843644194,-0.0237788609519523,0.0596359823307083
0.398448053456703,0.422308862410168,0.333811554112907,0.306735339867863,0.0238608089534652,-0.027076214245044
0.351476353143293,0.306460811057141,0.282306801060427,0.275454224478922,-0.0450155420861513,-0.00685257658150495
0.362386119350337,0.284029673029538,0.329928972477138,0.307772785825515,-0.0783564463207993,-0.0221561866516227
0.345621588178091,0.350244962474693,0.212520648310153,0.311988035528527,0.00462337429660192,0.0994673872183734
0.242540765797825,0.303604412554333,0.276056280517107,0.288622185518868,0.0610636467565075,0.0125659050017614
0.521297492137648,0.363561589079956,0.270117190922468,0.218077122947779,-0.157735903057692,-0.0520400679746886
0.405880714309372,0.312328212963087,0.351510919395397,0.262234681676608,-0.0935525013462855,-0.0892762377187886
0.422464394002619,0.365327667938283,0.204310972967049,0.260170766314025,-0.0571367260643363,0.0558597933469765
0.371167339666465,0.350244627682615,0.226357151810869,0.240529110615732,-0.0209227119838492,0.0141719588048635
0.203954975321968,0.245001702905213,0.366831224519729,0.203644623334612,0.0410467275832441,-0.163186601185116
0.429875444325324,0.330576226795657,0.300306128927428,0.271974432038905,-0.0992992175296666,-0.0283316968885226
0.522830594458651,0.389882060957101,0.342068426378762,0.230678840909433,-0.13294853350155,-0.111389585469329
0.392044457086947,0.332542384960986,0.243512209970016,0.229086255209601,-0.0595020721259614,-0.0144259547604153
0.309133712807835,0.47876027641617,0.209041289497733,0.204899291149927,0.169626563608335,-0.00414199834780629
0.367976914803028,0.351496909160727,0.202990090020722,0.20404944062941,-0.0164800056423015,0.00105935060868823
0.302487137468983,0.305392355023545,0.206576866017976,0.283910435092082,0.0029052175545623,0.0773335690741065
0.235199733736166,0.362131628779285,0.221147632823416,0.288643202200825,0.126931895043119,0.0674955693774092
0.258827679717812,0.341729440650002,0.156016964533162,0.141263344052595,0.08290176093219,-0.0147536204805671
0.277447355189133,0.359479395907861,0.178855837107172,0.257530542634337,0.0820320407187283,0.0786747055271652
0.300200964471528,0.337712111760535,0.296341588378057,0.362577555179273,0.037511147289007,0.0662359668012166
0.224762451374532,0.415783483117063,0.20488533970118,0.263130059631316,0.191021031742531,0.0582447199301357
0.228323198390514,0.40872793783025,0.226471439741409,0.176481208838656,0.180404739439735,-0.0499902309027533
0.323972382350083,0.318174194597828,0.151273446589511,0.200913601863693,-0.00579818775225549,0.0496401552741823
0.340429358621258,0.378370925501968,0.270569176898248,0.35207146638859,0.0379415668807102,0.0815022894903423
0.336932262924986,0.398723187121918,0.175016525250571,0.341221901990192,0.0617909241969328,0.166205376739621
0.253098949306443,0.298956297458203,0.219494228309063,0.171004621663396,0.0458573481517602,-0.048489606645667
0.433695619359567,0,0.185937748976338,0.245043023896246,-0.433695619359567,0.0591052749199088
0.336834116562715,0.493439277944713,0.226253496889637,0.35894715370834,0.156605161381998,0.132693656818703
0.375351239032039,0.456246023891669,0.22546923002439,0.322096175408617,0.0808947848596303,0.0966269453842271
0.342487232754627,0.442010903987432,0.257560466469509,0.367327320847867,0.0995236712328044,0.109766854378357
0.362230862230025,0.455741883939566,0.2534207169475,0.305395536003376,0.0935110217095406,0.0519748190558766
0.397355641405457,0.463327215880235,0.26669502830586,0.307640745351842,0.0659715744747777,0.0409457170459824
0.393694447673139,0.460444642217265,0.378115017317315,0.288544066395538,0.0667501945441263,-0.0895709509217775
0.413017115061032,0.362086893755798,0.253646003488348,0.22270184789713,-0.0509302213052343,-0.0309441555912177
0.300119815080532,0.279847260213464,0.193569397196417,0.292850613754506,-0.0202725548670685,0.0992812165580892
0.21921465479288,0.469522375238578,0.338525855752821,0.303170019872717,0.250307720445698,-0.0353558358801035
0.340825276162267,0.526498907367619,0.322024739484879,0.285888957847374,0.185673631205352,-0.0361357816375053
0.38580396808331,0.498517844535692,0.325131854441983,0.309530100708852,0.112713876452382,-0.0156017537331304
0.298068296958649,0.511232090034032,0.28055869440498,0.314137138511915,0.213163793075384,0.0335784441069347
0.390352513792849,0.246355799058396,0.26480704798781,0.303213974716944,-0.143996714734452,0.0384069267291341
0.350583631492403,0.263244749302336,0.240429090829709,0.322332187039951,-0.0873388821900666,0.0819030962102423
0.442818278306359,0.34727637661473,0.356798252661495,0.255340212192978,-0.0955419016916287,-0.101458040468517
0.370955639317451,0.474937717723088,0.332608271380264,0.320047468231659,0.103982078405637,-0.0125608031486043
0.397871847719267,0.506665695043417,0.355668359809511,0.315723327427174,0.10879384732415,-0.0399450323823366
0.285633545063038,0.516552918043807,0.269558174243823,0.302492900059173,0.230919372980769,0.03293472581535
0.348638404796252,0.39515833043948,0.305442811812641,0.250268622170779,0.0465199256432282,-0.0551741896418615
0.248462983732128,0.30165844988318,0.326597492664131,0.30639471491033,0.0531954661510529,-0.0202027777538008
0.345242816499755,0.338215312313559,0.242100609961495,0.307231735307567,-0.00702750418619519,0.065131125346072
0.330287438316185,0.293940907018099,0.357976917002372,0.186271750485022,-0.0363465312980858,-0.17170516651735
0.332078320036307,0.333018756068957,0.334221390475252,0.29563517518894,0.000940436032650482,-0.0385862152863118
0.415308264377155,0.297909030120416,0.319712681456978,0.254948209202122,-0.117399234256739,-0.0647644722548558
0.355201557177572,0.31315399609732,0.191455946944519,0.232993094867572,-0.0420475610802518,0.0415371479230533
0.386459649242897,0.422308862410168,0.318109514425575,0.306735339867863,0.0358492131672707,-0.0113741745577127
0.345200538913412,0.302950609592929,0.268378614140202,0.275454224478922,-0.0422499293204834,0.00707561033872062
0.371404603171143,0.286794502406977,0.333609667204126,0.30985331214318,-0.0846101007641654,-0.0237563550609456
0.348874531158053,0.356607391896836,0.19382001737346,0.297468467640263,0.00773286073878332,0.103648450266802
0.247157815676078,0.287619887665453,0.278321853705536,0.290973509387084,0.0404620719893749,0.0126516556815478
0.525800084566308,0.361974013247383,0.273761326581243,0.22069385287263,-0.163826071318925,-0.0530674737086132
0.399021554868816,0.318648906574387,0.353022800673951,0.267121378615961,-0.0803726482944288,-0.0859014220579895
0.405858001066011,0.370318207284657,0.206041872621277,0.245991595848519,-0.0355397937813538,0.0399497232272427
0.364392836408287,0.359462783652734,0.223880759954446,0.246969362771457,-0.00493005275555303,0.0230886028170109
0.224319433611255,0.253654458749997,0.289915113196151,0.18860165139471,0.0293350251387425,-0.10131346180144
0.408284666047089,0.334090425003183,0.28767173376771,0.272656047121142,-0.0741942410439058,-0.0150156866465678
0.527305123688078,0.389882060957101,0.343485127460896,0.23307302898116,-0.137423062730977,-0.110412098479736
0.395750947269389,0.34020258484571,0.245177691701413,0.217879543412575,-0.0555483624236791,-0.0272981482888376
0.312051387506376,0.489495636077186,0.209041289497733,0.197303984733591,0.17744424857081,-0.0117373047641427
0.373080539615663,0.358544558089608,0.203783309615045,0.208069573719607,-0.0145359815260549,0.00428626410456204
0.301946178038335,0.310889942612929,0.203782759054167,0.285689708111383,0.00894376457459445,0.0819069490572155
0.235195573456147,0.368597306445852,0.223017791691785,0.29010269802356,0.133401732989705,0.0670849063317754
0.263240711035298,0.317440836140556,0.151417325542164,0.132020242516292,0.0542001251052584,-0.0193970830258719
0.268360647841189,0.36582436505566,0.177566614839997,0.260190054756235,0.0974637172144709,0.0826234399162377
0.295013373800538,0.342986759489564,0.283343206231528,0.33747118912517,0.047973385689026,0.0541279828936425
0.225430941734549,0.410466009978674,0.206191847361735,0.266077484828978,0.185035068244125,0.0598856374672429
0.229396550347521,0.416591274231689,0.219550129504032,0.17794630834756,0.187194723884168,-0.0416038211564716
0.330593966870434,0.322880015877151,0.152332577776561,0.203575686149023,-0.00771395099328265,0.0512431083724618
0.341789327058623,0.384856837692201,0.278287220205988,0.343796210404101,0.0430675106335776,0.0655089901981123
0.340089704689213,0.402802264112378,0.172943197217542,0.344500571775776,0.0627125594231653,0.171557374558233
0.25669072070641,0.295630843868833,0.223219037967927,0.176386752303236,0.0389401231624226,-0.0468322856646905
0.433695619359567,0.31697817172141,0.1894358178451,0.246663245079598,-0.116717447638158,0.0572274272344987
0.333683428135411,0.493439277944713,0.233524983358394,0.361384042187277,0.159755849809302,0.127859058828883
0.379813039943405,0.456246023891669,0.215165477190474,0.307401851502427,0.0764329839482645,0.0922363743119533
0.346838841609396,0.445732621399164,0.251651740355842,0.355215236069595,0.0988937797897681,0.103563495713753
0.364000857926699,0.455741883939566,0.263683845788869,0.293290811219151,0.091741026012867,0.0296069654302812
0.402328342168489,0.455225256168022,0.271883614391323,0.313549032346294,0.0528969139995329,0.0416654179549706
0.400447421572298,0.427440181680375,0.342332164792999,0.272286496720611,0.0269927601080769,-0.0700456680723881
0.389681491223597,0.383371326416375,0.254835965598534,0.224808471623564,-0.00631016480722246,-0.0300274939749695
0.274763177329289,0.282702528386934,0.188619663321323,0.288420468704878,0.00793935105764537,0.0998008053835547
0.223635920867415,0.472182524920216,0.320016081340797,0.308895753496646,0.248546604052801,-0.0111203278441504
0.330481192119542,0.52808819159616,0.324469272269591,0.292331642421844,0.197606999476618,-0.0321376298477474
0.391475103678542,0.499779343799066,0.308895574775422,0.291022013806484,0.108304240120524,-0.0178735609689378
0.30050596593419,0.513892558427851,0.266850518122863,0.319203060690241,0.213386592493661,0.0523525425673771
0.374733851197528,0.252111669618549,0.257587926772302,0.287012561551623,-0.12262218157898,0.0294246347793215
0.355947024889925,0.242747410238992,0.242446861986004,0.322332187039951,-0.113199614650932,0.0798853250539471
0.442818278306359,0.337936260924899,0.338775465272047,0.259418535142384,-0.10488201738146,-0.0793569301296632
0.351618732098499,0.455811974106394,0.304239493941291,0.303585521946453,0.104193242007895,-0.000653971994838187
0.405575441508002,0.508178083930394,0.358867604067804,0.313618019673337,0.102602642422392,-0.0452495843944675
0.291886483409506,0.519126194288677,0.271489359194498,0.294253414256348,0.227239710879171,0.0227640550618496
0.340059701322734,0.398134789992982,0.307196034915334,0.246960935730631,0.0580750886702481,-0.0602350991847032
0.241890544870827,0.295955108337163,0.32890410848865,0.298830920754196,0.0540645634663356,-0.0300731877344545
0.349691932900397,0.329824781601918,0.244271697481553,0.31031374599112,-0.0198671512984789,0.0660420485095667
0.320998346373718,0.302151854667923,0.358662429215795,0.177646157591259,-0.0188464917057951,-0.181016271624536
0.331471684001956,0.338414829838593,0.318844846770586,0.291708177094932,0.00694314583663613,-0.0271366696756543
0.419816642534932,0.295133061950302,0.305072636383785,0.240060772536448,-0.12468358058463,-0.0650118638473373
0.358910883612766,0.317141572800907,0.196121587840105,0.232993094867572,-0.0417693108118589,0.0368715070274671
0.372277306985777,0.445580513512877,0.305749628904523,0.306735339867863,0.0733032065271005,0.00098571096333927
0.349375465746474,0.292153514043222,0.258493123710993,0.275454224478922,-0.0572219517032518,0.0169611007679298
0.365396728303949,0.291181944407147,0.336388481659577,0.311883930194548,-0.0742147838968015,-0.0245045514650297
0.350741598896193,0.359068750533292,0.196740324604226,0.301195097004016,0.00832715163709935,0.10445477239979
0.251214249040167,0.287195227243364,0.28164691162499,0.295648882641011,0.0359809782031963,0.0140019710160217
0.507925739203285,0.355620794261257,0.275663436411452,0.223841557022054,-0.152304944942028,-0.0518218793893983
0.403142166541739,0.331260788006635,0.342752434867154,0.269226497387492,-0.0718813785351047,-0.0735259374796621
0.41019149116417,0.34807657029151,0.210026967994013,0.248576868990568,-0.0621149208726599,0.0385499009965543
0.368851392716205,0.366218261345737,0.226297033179754,0.246969362771457,-0.00263313137046833,0.0206723295917028
0.224319433611255,0.253414831061429,0.289915113196151,0.190571870924703,0.0290953974501739,-0.0993432422714477
0.397766464083886,0.343246234799534,0.289598730507368,0.275649439493986,-0.0545202292843519,-0.0139492910133823
0.530752525344931,0.405354283255794,0.346337749472264,0.236787236524376,-0.125398242089136,-0.109550512947888
0.387436245383905,0.346838150322988,0.249227344431016,0.221934370307349,-0.0405980950609175,-0.027292974123667
0.31424880059617,0.478524994045468,0.212243687888489,0.200917042642685,0.164276193449298,-0.0113266452458043
0.377360418190844,0.362446158665933,0.198403907043368,0.199346968159359,-0.0149142595249111,0.000943061115990795
0.303860294088856,0.301628219245623,0.203782759054167,0.29086726148559,-0.00223207484323223,0.0870845024314232
0.238980257150312,0.358955198972891,0.213794909993848,0.295751864913013,0.119974941822579,0.0819569549191656
0.258400292036713,0.322388682568468,0.148969025162479,0.135227742361496,0.0639883905317546,-0.013741282800983
0.259748772639156,0.369135896710843,0.171692730290579,0.2592641249151,0.109387124071687,0.0875713946245207
0.274221985373689,0.336932366704574,0.283343206231528,0.333610804070223,0.0627103813308851,0.0502675978386955
0.225548878245171,0.398079123969658,0.208855406517436,0.263968264489562,0.172530245724486,0.055112857972126
0.229834103437717,0.419945698714653,0.211326337253734,0.179823524765852,0.190111595276936,-0.0315028124878815
0.316327277093511,0.325360408279164,0.151566915425657,0.205144882576776,0.00903313118565263,0.0535779671511192
0.326579946092122,0.389927575348126,0.232406396417303,0.338311810963763,0.0633476292560039,0.10590541454646
0.341101699613012,0.388845932380851,0.178318670665732,0.350254394002535,0.0477442327678396,0.171935723336804
0.25669072070641,0.298152326761552,0.191862798327447,0.176386752303236,0.0414616060551419,-0.0154760460242105
0.433695619359567,0.31697817172141,0.185348042662931,0.236362564023076,-0.116717447638158,0.0510145213601443
0.336702548776563,0.498806574500928,0.227027687098217,0.343793233280303,0.162104025724365,0.116765546182086
0.368814910893621,0.443790781509451,0.217086309679647,0.302234181875373,0.0749758706158299,0.0851478721957263
0.35234562137302,0.449813902171788,0.239756385845346,0.357514931592635,0.0974682807987687,0.117758545747289
0.349774468155869,0.413719006906991,0.263683845788869,0.29489101579971,0.063944538751122,0.0312071700108404
0.388620377497556,0.461203257176138,0.277348729444784,0.304214889785619,0.0725828796785817,0.0268661603408343
0.392113120099083,0.421798961445553,0.311389141625206,0.274395524156217,0.0296858413464692,-0.0369936174689883
0.381122974756936,0.397977559374387,0.23533940766653,0.228922647333462,0.0168545846174519,-0.00641676033306768
0.267913424533438,0.288987857788097,0.190554993315568,0.289044353038887,0.0210744332546592,0.098489359723319
0.223174286012429,0.478911433365469,0.303570349583069,0.311553650915593,0.25573714735304,0.00798330133252417
0.336910137733741,0.517969284201124,0.328331393689918,0.294386711646747,0.181059146467383,-0.0339446820431703
0.370718271047803,0.506878964199185,0.29217213544338,0.29288426543922,0.136160693151382,0.000712129995839916
0.306972023092586,0.496668731994077,0.255912720037033,0.308811588987562,0.189696708901492,0.0528988689505289
0.378443113312281,0.250213653115359,0.259284323856987,0.289620292901697,-0.128229460196922,0.0303359690447095
0.359317634893427,0.246364885912652,0.244455321263361,0.274753772136754,-0.112952748980775,0.0302984508733938
0.448237533953877,0.33354183216969,0.341325761908116,0.259418535142384,-0.114695701784187,-0.081907226765732
0.353877796199616,0.461637461246076,0.282509010228417,0.305504333260404,0.107759665046459,0.0229953230319879
0.407191183286585,0.515314736609697,0.334825628085203,0.317003643474349,0.108123553323112,-0.0178219846108538
0.283139486449616,0.502728869684775,0.272914858947976,0.295761569281385,0.219589383235159,0.0228467103334093
0.340059701322734,0.401985326719264,0.291264470255769,0.234174908075364,0.0619256253965298,-0.0570895621804055
0.240761270500985,0.286243722066434,0.33128743991038,0.301278122535379,0.0454824515654493,-0.0300093173750013
0.35453682803796,0.318063933507222,0.242119942664918,0.313192826468769,-0.0364728945307389,0.0710728838038514
0.321335367684636,0.286278539283236,0.36166257251135,0.180512074975082,-0.0350568284013995,-0.181150497536268
0.334374901918357,0.337346388902105,0.304582217353076,0.293788889047104,0.00297148698374805,-0.0107933283059718
0.422530816319957,0.297393293483062,0.306939650109846,0.221415324540231,-0.125137522836895,-0.0855243255696152
0.361219979450274,0.322857799937585,0.198230190945258,0.236558173411868,-0.0383621795126882,0.0383279824666098
0.375751116094186,0.455583340728393,0.287629800176525,0.260603376585942,0.0798322246342065,-0.027026423590583
0.351778223870444,0.300052086643441,0.254751620618734,0.281298179765702,-0.0517261372270034,0.026546559146968
0.367833728208497,0.294828105900481,0.338618189662629,0.314064829701205,-0.0730056223080162,-0.0245533599614235
0.331407445478915,0.357434636695751,0.198338341329147,0.303364394415661,0.0260271912168355,0.105026053086515
0.252619591925344,0.290771742324415,0.255756967065693,0.29854733874937,0.0381521503990702,0.042790371683677
0.51318928562487,0.362244979187255,0.277563120844559,0.226008062709845,-0.150944306437614,-0.0515550581347149
0.406457935819013,0.317590107737346,0.345013067570272,0.252354854395584,-0.0888678280816665,-0.092658213174688
0.397329058154582,0.341773202892539,0.18539046127689,0.252533485405583,-0.0555558552620427,0.0671430241286929
0.371428723970618,0.358282144542047,0.228684051041979,0.250769455882415,-0.0131465794285709,0.0220854048404366
0.220074269697761,0.257193021522957,0.264834308254354,0.194193317267458,0.0371187518251954,-0.0706409909868957
0.374289944055545,0.34601479938478,0.276006625238728,0.268839237418497,-0.0282751446707646,-0.00716738782023107
0.53653128493543,0.409468147606556,0.348309845751662,0.229183052889098,-0.127063137328874,-0.119126792862564
0.390479015120629,0.353575371992735,0.241961325828405,0.227173219115063,-0.0369036431278938,-0.0147881067133416
0.295281371353248,0.468614079507345,0.208646171151468,0.180666693277179,0.173332708154096,-0.0279794778742892
0.370454278686214,0.361816137669238,0.201367052532636,0.188837876570127,-0.00863814101697669,-0.0125291759625089
0.305823749205647,0.302069655652768,0.197973916127381,0.295084165985209,-0.00375409355287909,0.0971102498578277
0.24149359431219,0.364372927195417,0.21578940184847,0.297294159934584,0.122879332883227,0.0815047580861133
0.262764582678514,0.311592902195824,0.150797029816298,0.136777745140683,0.04882831951731,-0.0140192846756146
0.252093873973057,0.374204422035605,0.172743137121312,0.260513992326221,0.122110548062548,0.0877708552049086
0.268445482965376,0.341142475103755,0.285205011580516,0.323846933761035,0.0726969921383792,0.0386419221805188
0.228220908316562,0.386794210151184,0.20952907362063,0.256780313808636,0.158573301834622,0.0472512401880061
0.232694788017258,0.426884570762563,0.213356800316161,0.181451912648433,0.194189782745305,-0.0319048876677283
0.299277179412644,0.326620599273938,0.152472314122422,0.189394339125237,0.0273434198612941,0.0369220250028148
0.331986631824135,0.384227747545755,0.217456428619796,0.34001612248762,0.0522411157216207,0.122559693867824
0.334260502548592,0.391678837451696,0.171517594913693,0.338412915408992,0.0574183349031042,0.166895320495298
0.238479377488107,0.299735164510424,0.191862798327447,0.154082224928898,0.0612557870223167,-0.0377805733985487
0.433695619359567,0.31697817172141,0.18727882788134,0.221882107177681,-0.116717447638158,0.0346032792963415
0.340651219261202,0.498806574500928,0.229798756885268,0.345047287873183,0.158155355239726,0.115248530987915
0.346225908734085,0.443790781509451,0.219905613950378,0.305264290064385,0.0975648727753665,0.0853586761140069
0.355994860794564,0.452059282291102,0.242731991726619,0.343524226897912,0.0960644214965383,0.100792235171292
0.35488144386943,0.413719006906991,0.252811877661729,0.286909079139079,0.0588375630375604,0.0340972014773501
0.379632667204824,0.463566035665371,0.281368382888482,0.307779522646774,0.0839333684605471,0.0264111397582921
0.395897653602101,0.383905433073893,0.276243923063083,0.265597191278966,-0.0119922205282087,-0.010646731784117
0.383547829129594,0.397977559374387,0.236743916005195,0.223620725808346,0.0144297302447935,-0.0131231901968487
0.269647162408189,0.29219453793482,0.192751697509483,0.291271172093106,0.0225473755266304,0.0985194745836224
0.226825948024753,0.457984098391195,0.305797818480998,0.315674999195382,0.231158150366441,0.00987718071438348
0.334917815139159,0.520792544618247,0.331677632078231,0.298060668473413,0.185874729479089,-0.0336169636048183
0.379539053082731,0.509433529179512,0.295847902016902,0.274418109725974,0.129894476096781,-0.0214297922909287
0.299844747541107,0.4975935913168,0.257686222896549,0.306527642344196,0.197748843775692,0.0488414194476476
0.365386346546496,0.245638878672647,0.250157242712724,0.269415992343548,-0.119747467873849,0.0192587496308236
0.351431800469995,0.240139205969451,0.244844591818744,0.262137426800865,-0.111292594500544,0.0172928349821208
0.410871861758372,0.340419046687548,0.308240317610137,0.250060942100348,-0.0704528150708236,-0.0581793755097885
0.33816451041289,0.463754691515368,0.283904892944344,0.308681800290065,0.125590181102478,0.0247769073457216
0.416611825506804,0.518506823642515,0.338888588918237,0.31233065053108,0.101894998135711,-0.0265579383871563
0.289068832560352,0.505004090972973,0.273306678107696,0.289304064091655,0.215935258412622,0.0159973859839593
0.291129660236491,0.390034733708294,0.292014370885883,0.236468343823244,0.098905073471803,-0.0555460270626396
0.243140141216924,0.292331124658397,0.332154342853231,0.304582015550562,0.0491909834414734,-0.0275723273026695
0.35558835219699,0.31774289013107,0.244123284561471,0.297656256102535,-0.0378454620659198,0.0535329715410644
0.305315663341672,0.28974991141568,0.363324188059483,0.18493157888941,-0.0155657519259916,-0.178392609170073
0.32167468280327,0.343490496025164,0.305757993759244,0.297356923246632,0.0218158132218936,-0.00840107051261169
0.424640400017832,0.304474528903988,0.309398454341924,0.228164899425465,-0.120165871113844,-0.0812335549164592
0.365124102328837,0.325417671382232,0.187014551920156,0.244508832581574,-0.0397064309466051,0.057494280661418
0.35889713810992,0.455583340728393,0.289343856821476,0.254606157272448,0.096686202618473,-0.0347376995490287
0.354036487600343,0.306571057341022,0.256339260016484,0.291021512604159,-0.0474654302593205,0.0346822525876758
0.339167490237074,0.292459180256925,0.322904090208061,0.298306083958268,-0.0467083099801492,-0.0245980062497933
0.316484552922261,0.35072973293732,0.200192591585612,0.306036837261542,0.0342451800150588,0.10584424567593
0.253970067270526,0.296107194741639,0.237466153858531,0.301928115114105,0.0421371274711126,0.0644619612555735
0.51318928562487,0.359658069551043,0.265502576540322,0.224915295721775,-0.153531216073827,-0.0405872808185469
0.408357684088694,0.323227886323214,0.347512829686423,0.261081824835649,-0.0851297977654808,-0.0864310048507744
0.399097886074968,0.348521843512232,0.176200504779365,0.222539815672881,-0.050576042562736,0.046339310893516
0.373592495548129,0.333468428240516,0.231591811036372,0.254363457552693,-0.0401240673076127,0.022771646516321
0.199915515874241,0.262313725336388,0.245309610886094,0.194193317267458,0.0623982094621467,-0.0511162936186365
0.374289944055545,0.34601479938478,0.277760326591474,0.259883527778393,-0.0282751446707646,-0.0178767988130806
0.53653128493543,0.370132667213005,0.350801152102124,0.234411808690866,-0.166398617722426,-0.116389343411258
0.391281974604237,0.345081937066283,0.227967891956122,0.217713779979905,-0.0462000375379545,-0.0102541119762175
0.298701833572117,0.468614079507345,0.195042281003395,0.182444398790103,0.169912245935227,-0.0125978822132919
0.372188453254927,0.366508674551262,0.189178270426994,0.190553754349044,-0.00567977870366509,0.00137548392205064
0.302663483406509,0.305051911551854,0.203009540263887,0.285043077403429,0.00238842814534462,0.0820335371395417
0.23305022991364,0.369842617057161,0.217922639892616,0.289332551844381,0.136792387143521,0.0714099119517645
0.266365682241839,0.300576621921198,0.14949882609035,0.141207943904558,0.0342109396793582,-0.00829088218579219
0.256827706824272,0.364974234927706,0.176550189125242,0.262942093624629,0.108146528103434,0.0863919044993872
0.2722497582459,0.344426036286928,0.2458394384531,0.325837798788236,0.0721762780410279,0.0799983603351364
0.230840988986663,0.378619671831191,0.204395966225808,0.260207115738263,0.147778682844529,0.0558111495124557
0.234477836078234,0.415195917345422,0.214743796870694,0.175900714740997,0.180718081267188,-0.038843082129697
0.300719056354825,0.332285680670111,0.147054449803474,0.189984644503918,0.0315666243152858,0.0429301947004445
0.322401256735484,0.388785506815539,0.220078493963142,0.343844514842914,0.0663842500800546,0.123766020879772
0.336921847594303,0.394293399732361,0.16826918882567,0.342060317344736,0.0573715521380579,0.173791128519067
0.232254787697594,0.290479273787397,0.196888381787818,0.153406029673671,0.0582244860898034,-0.0434823521141463
0.314620917890181,0.31697817172141,0.178144931339662,0.21130645704133,0.00235725383122926,0.0331615257016686
0.341571163728899,0.463279232643921,0.232271911114766,0.347009636653421,0.121708068915022,0.114737725538655
0.353601078604226,0.443790781509451,0.222153203278687,0.306355944547863,0.090189702905225,0.084202741269176
0.362716411618413,0.433031743778222,0.228188519411373,0.330995768270374,0.0703153321598093,0.102807248859001
0.317173547150415,0.418547197302241,0.242373758245034,0.287635249647904,0.101373650151826,0.0452614914028709
0.379632667204824,0.465820611410272,0.262192448246764,0.310512859110209,0.0861879442054482,0.0483204108634448
0.395897653602101,0.372366373183685,0.278677318014992,0.266408570695744,-0.0235312804184166,-0.012268747319248
0.371520696835644,0.404236773405054,0.238412914998347,0.216254700098917,0.0327160765694101,-0.0221582148994301
0.272797282691582,0.2956540329787,0.194543179262495,0.286046045555167,0.022856750287118,0.0915028662926722
0.228739191011085,0.463177713515406,0.309489719831792,0.31900446950338,0.23443852250432,0.00951474967158761
0.336543219134454,0.523838172861595,0.313119187425701,0.301244877914887,0.187294953727141,-0.0118743095108148
0.379539053082731,0.512250011678788,0.299484051975192,0.277493363200781,0.132710958596057,-0.0219906887744106
0.30361431083836,0.502214614533004,0.248310453085364,0.308813846652741,0.198600303694644,0.0605033935673767
0.369203893787148,0.247149177061439,0.25157015247906,0.253829533861971,-0.122054716725709,0.00225938138291054
0.354904143571641,0.246250942169704,0.235804337237836,0.265409428116534,-0.108653201401937,0.0296050908786983
0.364678092589722,0.342516384034437,0.293301762972289,0.247098414573861,-0.0221617085552847,-0.0462033483984279
0.339073747135179,0.466935289894791,0.28792299733062,0.3115266106698,0.127861542759612,0.0236036133391804
0.416611825506804,0.509711119792977,0.321567770114786,0.314122644628479,0.0930992942861731,-0.00744512548630688
0.291200347914445,0.508906713309164,0.274215195686824,0.279432420944707,0.217706365394719,0.00521722525788276
0.292392043938527,0.393165902363713,0.295145517100447,0.228679347213096,0.100773858425186,-0.0664661698873511
0.247190807257477,0.297013623857117,0.318372367916799,0.299549279936433,0.0498228165996399,-0.0188230879803659
0.340078087844375,0.298163874368924,0.245362855060372,0.302205620178776,-0.0419142134754502,0.0568427651184042
0.308800718056527,0.282283891848004,0.365019039640952,0.186529927607672,-0.0265168262085227,-0.17848911203328
0.307676779896323,0.340592074708754,0.306714643400842,0.300643715136843,0.0329152948124311,-0.00607092826399841
0.411510633466603,0.307407151688658,0.309709836698466,0.232683325799927,-0.104103481777945,-0.0770265108985396
0.370525508416592,0.318994062411935,0.188883401456604,0.249932289373321,-0.0515314460046569,0.0610488879167165
0.35889713810992,0.455583340728393,0.275129806116057,0.254606157272448,0.096686202618473,-0.0205236488436098
0.357550576150176,0.309786401278741,0.257815920080863,0.294990216645824,-0.0477641748714349,0.037174296564961
0.322743369348448,0.285979545584749,0.325780004329861,0.301320897211028,-0.0367638237636987,-0.0244591071188329
0.287578929015171,0.337953092822973,0.194844345633913,0.30998692185589,0.0503741638078012,0.115142576221977
0.255362402081294,0.301219633039892,0.230120971311804,0.296078782284005,0.0458572309585983,0.0659578109722017
0.477755855332864,0.366943033982852,0.254442947526589,0.228593529916982,-0.110812821350013,-0.0258494176096074
0.411096709454281,0.292281422104974,0.330337833872233,0.250871448187149,-0.118815287349307,-0.0794663856850832
0.389927985820933,0.354600396438243,0.171360358445767,0.209256621049789,-0.0353275893826903,0.0378962626040222
0.37808676334776,0.338447254898832,0.232160937502194,0.25647606872784,-0.0396395084489282,0.024315131225646
0.180292436203298,0.268324597060764,0.2268776340187,0.196463137886108,0.0880321608574656,-0.0304144961325918
0.35853436995566,0.34601479938478,0.269426847920103,0.244462566237148,-0.0125195705708795,-0.0249642816829549
0.540490215380307,0.370132667213005,0.351739319293118,0.238762211343499,-0.170357548167302,-0.11297710794962
0.394651906320278,0.351802206714442,0.229761232521951,0.222796241597524,-0.0428496996058362,-0.00696499092442621
0.29396853200529,0.449623701554093,0.196139629412646,0.167855004014828,0.155655169548803,-0.0282846253978173
0.376446983904073,0.371764817019975,0.184437263779078,0.185097679930623,-0.00468216688409789,0.00066041615154494
0.302212569587276,0.300079762707089,0.196251286782072,0.286875322423408,-0.00213280688018641,0.0906240356413358
0.237434646639537,0.375009514086919,0.211006815669573,0.291289316484744,0.137574867447382,0.0802825008151718
0.270294783792971,0.305573594723812,0.15213770749922,0.143057042193242,0.0352788109308416,-0.00908066530597806
0.251589176554316,0.346052258880769,0.168459635950988,0.264136686854633,0.0944630823264528,0.0956770509036446
0.259783355396852,0.340535192838287,0.250296976559993,0.326430414004126,0.0807518374414347,0.0761334374441328
0.22412555815095,0.383486624743606,0.198533834586621,0.264054493243494,0.159361066592656,0.0655206586568726
0.232700968328134,0.401263355263794,0.216865313854058,0.171120992858902,0.16856238693566,-0.0457443209951558
0.304877619479993,0.327600411231539,0.14483430201416,0.188413996984676,0.0227227917515466,0.0435796949705168
0.291087513443303,0.393290481559224,0.209925206884108,0.344868350129039,0.102202968115921,0.134943143244931
0.337973922292295,0.3972076845276,0.161803138464709,0.320568091549267,0.059233762235305,0.158764953084558
0.236552901495295,0.29201272279663,0.185389835920743,0.156985790495952,0.0554598213013356,-0.0284040454247907
0.314620917890181,0.352834082938387,0.183140652612433,0.200956296435901,0.0382131650482068,0.0178156438234687
0.341571163728899,0.436306490404542,0.236050258575462,0.347009636653421,0.0947353266756432,0.110959378077958
0.321697746141884,0.446865484668182,0.216195010518492,0.296577846075843,0.125167738526298,0.0803828355573508
0.363960213441288,0.436115676843097,0.224135380415397,0.330995768270374,0.0721554634018088,0.106860387854977
0.318127634251553,0.422872943892817,0.223746338095587,0.278014124899076,0.104745309641264,0.054267786803489
0.271204974801227,0.339663950657169,0.277051262752311,0.244402898666704,0.0684589758559421,-0.0326483640856065
0.317774894500021,0.497732997188414,0.202453411297095,0.324297014883948,0.179958102688393,0.121843603586852
0.351546000434867,0.282853255776408,0.342997167498144,0.25855083266687,-0.0686927446584591,-0.0844463348312738
0.19144986602062,0.39253406523085,0.316068834956194,0.296404555530011,0.20108419921023,-0.0196642794261837
0.363100032825414,0.432429584738977,0.216950149186341,0.315834595988697,0.0693295519135629,0.0988844468023555
0.506441434939404,0.510280521842542,0.254799753717187,0.315128883308982,0.00383908690313806,0.0603291295917949
0.482203917226989,0.490584495896131,0.21692138345312,0.368256745902099,0.00838057866914177,0.151335362448979
0.291347554911766,0.440871910819731,0.352231638905877,0.30967305528379,0.149524355907965,-0.0425585836220875
0.285955029907673,0.341490929441659,0.37988200765701,0.261944057197906,0.0555358995339857,-0.117937950459104
0.290969280868525,0.359144319854784,0.329201954673005,0.252561108178693,0.0681750389862588,-0.076640846494312
0.357511857106525,0.386275438091082,0.338101784921672,0.344866001975884,0.0287635809845572,0.00676421705421115
0.342891198356174,0.462717758924728,0.279271381544291,0.375951840259402,0.119826560568554,0.0966804587151111
0.388522026021911,0.464116313188877,0.329496888069246,0.318682759761794,0.075594287166966,-0.0108141283074517
0.316093369132075,0.428959695783656,0.252527544971532,0.318356853442869,0.112866326651581,0.0658293084713369
0.311819701932805,0.403122374701462,0.193224582221943,0.272886962428581,0.0913026727686573,0.079662380206638
0.259782216340695,0.377304511144088,0.318456930980414,0.30843380507715,0.117522294803394,-0.0100231259032638
0.289930265074267,0.412380297235486,0.2544243020336,0.328450219582359,0.122450032161219,0.0740259175487581
0.262612269855112,0.453971632327065,0.316066664346681,0.229603297965365,0.191359362471953,-0.086463366381316
0.266241513516712,0.432878808045075,0.302011813912152,0.288603264525131,0.166637294528363,-0.0134085493870206
0.414540301382611,0.401098216948914,0.312598004025178,0.249847493498794,-0.0134420844336974,-0.0627505105263835
0.277800739309876,0.34108474195528,0.363375421372405,0.315064579048284,0.0632840026454042,-0.048310842324121
0.28579357859937,0.478739506654123,0.292206887059832,0.309525610713564,0.192945928054754,0.0173187236537313
0.331106864017784,0.295806529993914,0.326068459054154,0.331346348690396,-0.0353003340238704,0.0052778896362416
0.268848590596554,0.435464100843072,0.318706908386056,0.293546842121742,0.166615510246518,-0.0251600662643138
0.285648384059806,0.355770017291702,0.252002982992502,0.260528907515133,0.0701216332318967,0.00852592452263051
0.296966331486675,0.367316201373528,0.267337885774885,0.299568573848174,0.0703498698868529,0.0322306880732888
0.304476369340746,0.390754171253393,0.310235414748583,0.313189929312632,0.0862778019126461,0.00295451456404916
0.416088268543301,0.384898079598411,0.375511428892338,0.231554716311936,-0.0311901889448902,-0.143956712580402
0.325389673907037,0.401865653248651,0.308144856050657,0.333559876802213,0.0764759793416145,0.0254150207515564
0.30924538840391,0.345286516749993,0.282822027789048,0.247616344799507,0.0360411283460825,-0.0352056829895411
0.271147333262196,0.36272660230563,0.272826210904722,0.231578484910413,0.0915792690434346,-0.0412477259943082
0.337816133229512,0.478672518772732,0.307029310193958,0.36451809946454,0.14085638554322,0.0574887892705814
0.393611497074096,0.402672465336213,0.355318971848204,0.303973059487125,0.00906096826211678,-0.0513459123610794
0.299617548218099,0.344652353971731,0.314813663639331,0.198514892451058,0.0450348057536318,-0.116298771188273
0.337075489315081,0.487473894346429,0.37531579362566,0.21952907532583,0.150398405031348,-0.15578671829983
0.267711309081949,0.379759119050068,0.316175640829466,0.166535507671802,0.112047809968118,-0.149640133157664
0.327217716712493,0.431107629652176,0.361376932523654,0.291572304059503,0.103889912939683,-0.0698046284641507
0.266263258643094,0.389238248706604,0.294970134384275,0.235794651736493,0.12297499006351,-0.0591754826477816
0.466136314926821,0.483257036336969,0.241165785110209,0.209192408682484,0.0171207214101483,-0.0319733764277252
0.441517959166971,0.47124437758551,0.262074481275306,0.237137193306874,0.0297264184185392,-0.0249372879684319
0.417918840955229,0.459165306121446,0.186648398764453,0.333021209015238,0.0412464651662169,0.146372810250785
0.262515388821887,0.355226275804587,0.289333172971923,0.255706254871744,0.0927108869827002,-0.0336269181001786
0.262661209430622,0.35836000684869,0.333182344877508,0.2956575233987,0.095698797418068,-0.0375248214788081
0.319038348627027,0.378777656972002,0.311801290892877,0.38110209354186,0.0597393083449747,0.0693008026489834
0.374654783271375,0.430907248519691,0.236261189624912,0.357745556175865,0.0562524652483162,0.121484366550953
0.356048045456393,0.408191342794338,0.228069754345518,0.340023238133689,0.0521432973379449,0.111953483788171
0.283775254892414,0.366094538727294,0.252295705340141,0.238973922108381,0.0823192838348799,-0.0133217832317596
0.37119682591408,0,0.338892698668204,0.173747912180927,-0.37119682591408,-0.165144786487278
0.329234899174021,0.528552335335147,0.263172746081274,0.318807326616816,0.199317436161126,0.0556345805355414
0.386206686639774,0.383841323149573,0.288101627670997,0.265054327920138,-0.00236536349020094,-0.0230472997508587
0.324893770128834,0.379616413557858,0.289509057460993,0.307269841727179,0.0547226434290245,0.017760784266186
0.399162221131457,0.244564192528124,0.313107755765458,0.33853061579949,-0.154598028603333,0.0254228600340317
0.275471843248962,0.343918981194439,0.278916896332551,0.244634129938787,0.0684471379454762,-0.034282766393764
0.312761192233064,0.477699759291329,0.192671109883597,0.326898688166441,0.164938567058264,0.134227578282844
0.354355639098365,0.288012540247836,0.344563368807431,0.263809792643052,-0.0663430988505289,-0.0807535761643786
0.183624285001573,0.396412398207491,0.307354217257861,0.295790777312763,0.212788113205917,-0.0115634399450977
0.369089844689479,0.439736150952409,0.220740242136271,0.303841113149763,0.0706463062629292,0.0831008710134921
0.510849524623486,0.486322016179507,0.258024238630755,0.318160522343001,-0.0245275084439798,0.0601362837122463
0.460081192277534,0.498103227701648,0.220583385935647,0.357028559297111,0.0380220354241134,0.136445173361464
0.296016841965848,0.437623517176491,0.345179744928924,0.313324681547792,0.141606675210643,-0.0318550633811321
0.281762867016295,0.344872508859109,0.370486104562021,0.261183970367107,0.0631096418428132,-0.109302134194914
0.297190242507833,0.362644544878552,0.329201954673005,0.256994539280869,0.0654543023707186,-0.0722074153921359
0.324438101490608,0.375932233999204,0.341783638946494,0.344866001975884,0.0514941325085954,0.00308236302938969
0.335479393375539,0.469245583248034,0.287643999469304,0.380567992668057,0.133766189872495,0.0929239931987533
0.383146957813008,0.470328596485565,0.343707198607449,0.324331317251074,0.0871816386725564,-0.0193758813563752
0.301997266596475,0.429337312846135,0.239053623206387,0.306596489733676,0.12734004624966,0.0675428665272887
0.289935742812098,0.409144564373987,0.193224582221943,0.279803270952811,0.119208821561888,0.086578688730868
0.263157290693414,0.382384808646501,0.320880339146157,0.31512843232132,0.119227517953087,-0.00575190682483617
0.297024448038149,0.415266611626192,0.257837718860082,0.335000032707403,0.118242163588043,0.0771623138473219
0.268103790290196,0.453971632327065,0.318554149047012,0.227224379178593,0.185867842036869,-0.0913297698684191
0.270382051667011,0.438644366449759,0.307224336624329,0.295658346275222,0.168262314782748,-0.011565990349107
0.401581066100536,0.35491104084797,0.313931456361678,0.251872061638332,-0.0466700252525663,-0.0620593947233467
0.274586825579922,0.337859307419737,0.364491069676055,0.322195399943138,0.0632724818398153,-0.042295669732917
0.292372317640926,0.478739506654123,0.294633352594979,0.31572672179828,0.186367189013198,0.0210933692033008
0.340058746654195,0.301439156812962,0.32110027888234,0.325099167469152,-0.0386195898412326,0.00399888858681191
0.271825392837856,0.437898991346413,0.313151186189883,0.295959305698891,0.166073598508556,-0.0171918804909914
0.288480081338394,0.358930698000657,0.256718326660566,0.265020405932922,0.0704506166622629,0.00830207927235521
0.300602396330191,0.355142699272729,0.271569606682196,0.290921381201754,0.0545403029425379,0.0193517745195578
0.307849342517707,0.39177410301978,0.304649180211474,0.31982621198741,0.0839247605020731,0.0151770317759357
0.416088268543301,0.392260517571781,0.353881340465094,0.236803720929457,-0.0238277509715204,-0.117077619535637
0.31825811547294,0.401865653248651,0.313005000680209,0.333559876802213,0.0836075377757112,0.0205548761220045
0.301986942355992,0.345286516749993,0.261631723647,0.247616344799507,0.0432995743940007,-0.0140153788474926
0.271147333262196,0.36272660230563,0.278704309825703,0.231578484910413,0.0915792690434346,-0.04712582491529
0.341546558166891,0.43761742860625,0.298904371182596,0.364729840895703,0.0960708704393599,0.0658254697131078
0.397508969664727,0.407929253857286,0.360653329374947,0.299358385897087,0.0104202841925585,-0.0612949434778605
0.3025244297744,0.346706600283687,0.296709838987671,0.203192068646959,0.0441821705092875,-0.0935177703407118
0.338486480949738,0.491961594894904,0.377198306130405,0.22437539630986,0.153475113945165,-0.152822909820545
0.272444824496447,0.384440961233373,0.320538222307464,0.1653098713327,0.111996136736926,-0.155228350974765
0.317554649503706,0.420586903685828,0.361376932523654,0.293036061931922,0.103032254182122,-0.0683408705917314
0.262062558028391,0.39475730667313,0.288708865938991,0.239586617764729,0.132694748644739,-0.0491222481742626
0.471954273089828,0.482098763282235,0.23880415791332,0.211424290623064,0.0101444901924072,-0.027379867290256
0.429497850193127,0.478114704566119,0.269811988539498,0.238224695310854,0.048616854372992,-0.031587293228644
0.422457258879102,0.429126369469056,0.193830497519593,0.334351948725484,0.00666911058995373,0.140521451205891
0.254356006965879,0.348103985807856,0.29339389787062,0.259449823622794,0.093747978841977,-0.0339440742478261
0.26083897020861,0.363649509034382,0.336107445873024,0.274483191281295,0.102810538825771,-0.0616242545917288
0.326977813067698,0.367084596917093,0.29208546446748,0.36746486106024,0.0401067838493945,0.0753793965927592
0.377656611801732,0.419410064852167,0.243103118772554,0.358650953426556,0.0417534530504353,0.115547834654002
0.346350935626442,0.412455438280382,0.20939185115298,0.340023238133689,0.0661045026539404,0.130631386980709
0.287517200115343,0.335784695316709,0.245295781421698,0.240555566552943,0.0482674952013663,-0.0047402148687552
0.374732405861328,0,0.307659526947608,0.17757909468242,-0.374732405861328,-0.130080432265187
0.324429315040596,0.458510904637565,0.264010758509018,0.318807326616816,0.13408158959697,0.0547965681077981
0.389469370951627,0.402832244645765,0.296912410798505,0.26807863752403,0.0133628736941374,-0.0288337732744746
0.316791809910384,0.383107934086004,0.299503846594928,0.295677706310648,0.0663161241756191,-0.00382614028427974
0.403117569968198,0.266124982589698,0.313107755765458,0.33853061579949,-0.136992587378499,0.0254228600340317
0.283422862811054,0.342074132966081,0.281950141001321,0.246304261536297,0.0586512701550266,-0.035645879465024
0.313801003292725,0.483640227375871,0.194109651570098,0.316802967941623,0.169839224083147,0.122693316371525
0.354355639098365,0.288012540247836,0.332161130793881,0.265873564437071,-0.0663430988505289,-0.0662875663568092
0.18828676633572,0.389617654834718,0.308085849398494,0.289418344656889,0.201330888498998,-0.0186675047416048
0.353865618179572,0.444483366935112,0.220740242136271,0.291494366112419,0.0906177487555404,0.0707541239761475
0.51577179435914,0.494110353539062,0.244460390068542,0.316245334105298,-0.0216614408200774,0.0717849440367564
0.462918107423159,0.502554292349432,0.22396886971928,0.34540424334187,0.039636184926273,0.121435373622589
0.300863957273408,0.442345200063727,0.345179744928924,0.295325238121389,0.141481242790319,-0.0498545068075343
0.285958241962583,0.348789924683034,0.377133062713786,0.263632706226699,0.0628316827204511,-0.113500356487087
0.293507213281008,0.355984232115292,0.334327051577842,0.237405179741118,0.0624770188342839,-0.0969218718367234
0.328880073070183,0.358884930367193,0.344539312397576,0.30916967484042,0.0300048572970105,-0.0353696375571563
0.338944976554599,0.475209540148942,0.270842398899957,0.385409385384558,0.136264563594343,0.114566986484601
0.345965831307791,0.476994365496253,0.353689605519276,0.327131791839203,0.131028534188462,-0.026557813680073
0.301097690959061,0.429731859471133,0.237888780258266,0.309264037832399,0.128634168512072,0.0713752575741331
0.296242504661126,0.411656740506822,0.200070374397133,0.270409194436387,0.115414235845697,0.0703388200392536
0.267767064437785,0.386145294046073,0.323494091623621,0.319412829995798,0.118378229608288,-0.00408126162782291
0.301157760626915,0.415266611626192,0.252870102738516,0.340117627469016,0.114108850999277,0.0872475247305
0.261009134363003,0.453971632327065,0.318236263015363,0.226418316105079,0.192962497964062,-0.0918179469102844
0.27420698783318,0.434722208769748,0.288612188836804,0.298754920348344,0.160515220936568,0.0101427315115404
0.405029335640718,0.376065862368781,0.31663342240158,0.25365078844315,-0.0289634732719374,-0.0629826339584297
0.250764760829041,0.346729438123186,0.365510973466905,0.32683142512078,0.0959646772941455,-0.0386795483461251
0.295327268035938,0.444803683716531,0.285819878407783,0.287006909762057,0.149476415680594,0.00118703135427489
0.342466513246937,0.310376363668943,0.322724321192778,0.308113338615712,-0.0320901495779932,-0.014610982577066
0.269658243457545,0.415870927945558,0.315254163053628,0.29887329136761,0.146212684488013,-0.0163808716860182
0.26995986025546,0.33592688345175,0.257592912253327,0.260606043477796,0.0659670231962908,0.00301313122446945
0.280107514910857,0.359926539734638,0.273861029413244,0.295534357016332,0.079819024823781,0.0216733276030877
0.311438701621053,0.382334670603932,0.30595872805662,0.324683357019563,0.0708959689828794,0.018724628962943
0.409240234869233,0.396023050805108,0.356817717883348,0.237979215261412,-0.013217184064125,-0.118838502621936
0.321362690628113,0.387731673683842,0.313005000680209,0.333559876802213,0.0663689830557292,0.0205548761220045
0.306632719423359,0.358162153300266,0.254579139510144,0.234213245765931,0.0515294338769071,-0.0203658937442136
0.271147333262196,0.398731113093573,0.285337631040577,0.231578484910413,0.127583779831378,-0.0537591461301637
0.34462494244889,0.440077305393404,0.303599359707346,0.369677012694363,0.0954523629445141,0.0660776529870168
0.403422045513595,0.41614714012133,0.361452147255218,0.306200941417764,0.0127250946077345,-0.0552512058374539
0.299885563580482,0.346880250364228,0.299231512735556,0.190241446061992,0.0469946867837461,-0.108990066673564
0.327106189780229,0.496187615210833,0.378414306170147,0.22559665655142,0.169081425430604,-0.152817649618726
0.273086216865298,0.389822006009713,0.291108414861539,0.171243756485808,0.116735789144415,-0.119864658375732
0.31246866593871,0.41633160642452,0.29475249248522,0.26849357636451,0.10386294048581,-0.0262589161207099
0.26562425179322,0.384719983367112,0.283004630821934,0.2443984954316,0.119095731573892,-0.0386061353903344
0.477469126605514,0.454319653379318,0.244133252571493,0.218086156891724,-0.0231494732261968,-0.0260470956797691
0.434892213993294,0.480394293944385,0.258368177599226,0.229911733161969,0.0455020799510913,-0.0284564444372565
0.426333509694401,0.429126369469056,0.198089900875651,0.335883584950272,0.00279285977465477,0.137793684074621
0.254423435385363,0.354184603639797,0.289719801317773,0.263815124730848,0.0997611682544341,-0.0259046765869251
0.266633477708865,0.35558057882576,0.338524055805063,0.274008059990768,0.088947101116895,-0.0645159958142952
0.333666965349264,0.36398627771236,0.285666775912069,0.371506685363688,0.0303193123630968,0.0858399094516191
0.382835650447226,0.422202740478531,0.240836722034171,0.360011657857242,0.0393670900313041,0.119174935823071
0.321659553536262,0.416074354800247,0.213144908976683,0.335527343141896,0.0944148012639855,0.122382434165213
0.283045769807102,0.340411213841343,0.248081384283165,0.24482418253345,0.0573654440342415,-0.00325720174971547
0.374732405861328,0.447135784311952,0.287929487311078,0.180400954423372,0.072403378450623,-0.107528532887706
0.328513576216127,0.348799969232163,0.253648860650579,0.320174225058863,0.0202863930160365,0.0665253644082843
0.395163384770245,0.402832244645765,0.303231182627089,0.261630118014768,0.00766885987551968,-0.0416010646123213
0.321279425515001,0.385730692335851,0.297016478831924,0.299340836083257,0.0644512668208503,0.00232435725133245
0.410225878235968,0.295934034877162,0.298740568904466,0.29563641805903,-0.114291843358806,-0.00310415084543547
0.27952920374061,0.338028507571848,0.282935932429091,0.247772393240515,0.0584993038312384,-0.0351635391885761
0.308386134463649,0.483640227375871,0.189277137003785,0.319010278744275,0.175254092912222,0.12973314174049
0.354355639098365,0.289375180431128,0.322110573130744,0.265873564437071,-0.0649804586672372,-0.0562370086936729
0.194595185937927,0.392377052382343,0.311012992237778,0.284673368347123,0.197781866444416,-0.0263396238906548
0.339051493220226,0.449389859355131,0.220272259747315,0.295658989340627,0.110338366134905,0.0753867295933116
0.462813716557262,0.500344454943747,0.241901118776321,0.304753687120486,0.0375307383864858,0.0628525683441649
0.465079579831946,0.505190386764978,0.231362959082047,0.348688351479586,0.0401108069330317,0.117325392397539
0.303432385446395,0.434178722218911,0.329118515186029,0.296548045647686,0.130746336772516,-0.0325704695383434
0.28859018834598,0.355827151211733,0.363375886496082,0.267206371913099,0.0672369628657534,-0.0961695145829833
0.296632242333414,0.347751844707015,0.336952273258932,0.238861977179254,0.0511196023736019,-0.0980902960796782
0.332900435547037,0.366134162531965,0.346928579470247,0.305819703651528,0.0332337269849284,-0.0411088758187183
0.341403902864786,0.477743281523532,0.280102006115916,0.387248655911226,0.136339378658745,0.10714664979531
0.348737101430028,0.479475537022069,0.353689605519276,0.320429028275907,0.130738435592041,-0.0332605772433691
0.303081838709938,0.431017033343577,0.232400923609658,0.307123352404205,0.127935194633639,0.0747224287945474
0.287869434968303,0.407699526737297,0.203185260195276,0.273982970832511,0.119830091768994,0.0707977106372351
0.270736920930404,0.392062158394114,0.305263455493903,0.324815514604319,0.121325237463709,0.0195520591104161
0.304937024052187,0.42398351013188,0.257057903214987,0.316366047938842,0.119046486079694,0.0593081447238547
0.263642326948395,0.421654548141342,0.321915190077531,0.229963471892892,0.158012221192946,-0.0919517181846391
0.27766552252184,0.436099169686474,0.269205529855841,0.294663477486746,0.158433647164634,0.025457947630906
0.405029335640718,0.359237771256669,0.319207735505257,0.245181484193939,-0.0457915643840495,-0.0740262513113177
0.2307965889916,0.348057292293535,0.352347950379837,0.328990203139862,0.117260703301935,-0.0233577472399753
0.275339199696123,0.444803683716531,0.287098279708121,0.277188012226565,0.169464484020408,-0.00991026748155616
0.34910326921628,0.314174623853213,0.326234195181203,0.309734604997394,-0.0349286453630665,-0.0164995901838087
0.273052694826778,0.420170487114758,0.318861554916744,0.296601388585756,0.147117792287981,-0.0222601663309888
0.269491148882824,0.342927775258686,0.260782865653754,0.261284268160012,0.0734366263758619,0.000501402506257076
0.284495628029955,0.366905251027885,0.267408283727089,0.300680219250343,0.0824096229979298,0.0332719355232536
0.298554493593396,0.38430788873084,0.310363472840616,0.331468415021646,0.0857533951374441,0.0211049421810305
0.411165054518512,0.402699536225471,0.347377235398743,0.224302945716016,-0.00846551829304043,-0.123074289682727
0.316749350023018,0.387731673683842,0.316855205006934,0.274432949027437,0.0709823236608236,-0.042422255979497
0.31129500492101,0.363287197636272,0.249330129466558,0.241337022940083,0.0519921927152615,-0.00799310652647481
0.28479682275146,0.398731113093573,0.288680266289958,0.231578484910413,0.113934290342113,-0.0571017813795443
0.33711980955193,0.445570609847859,0.306535984467899,0.374181431945402,0.108450800295929,0.0676454474775029
0.394527431209195,0.401537181308032,0.349233323713545,0.27716467520922,0.00700975009883736,-0.0720686485043255
0.290569561080677,0.348523023536288,0.300523666606224,0.18790647540821,0.0579534624556113,-0.112617191198015
0.321539808314218,0.49171842957577,0.381763292615717,0.22559665655142,0.170178621261552,-0.156166636064297
0.26347101551596,0.369524779758165,0.289207481338338,0.171243756485808,0.106053764242205,-0.11796372485253
0.303585207625245,0.409557430247855,0.275248499482791,0.273859043213139,0.10597222262261,-0.00138945626965203
0.263000455693745,0.390580623712305,0.286516023049719,0.241465897318224,0.12758016801856,-0.0450501257314955
0.410973417559765,0.458778066455557,0.246307674591645,0.219319616125721,0.0478046488957921,-0.0269880584659231
0.439701901142283,0.461294233098622,0.262246296428091,0.23292768906911,0.0215923319563387,-0.0293186073589808
0.432195789155876,0.432661341287011,0.205585773726781,0.309605343055858,0.000465552131135138,0.104019569329077
0.257814642948135,0.358769276545596,0.281863247531801,0.263202295475148,0.100954633597461,-0.0186609520566531
0.269919122412648,0.359358064502891,0.342908392601467,0.277260939139597,0.089438942090243,-0.0656474534618701
0.336477912096504,0.369629650932911,0.288775472357828,0.360940036580658,0.0331517388364067,0.0721645642228308
0.387530325007747,0.416451182007693,0.233948967466649,0.349069501360229,0.0289208569999457,0.11512053389358
0.323525433012459,0.398878737256917,0.213144908976683,0.335527343141896,0.0753533042444577,0.122382434165213
0.280952760261367,0.345426108425369,0.25017162911513,0.234548957640948,0.0644733481640028,-0.0156226714741823
0.364749675789562,0.447135784311952,0.277280437263065,0.184960071536721,0.0823861085223896,-0.0923203657263441
0.332887436573428,0.34880191411395,0.254870768622124,0.321542308175243,0.0159144775405216,0.0666715395531189
0.380946993876783,0.39632644448863,0.294307194586569,0.265708013415882,0.0153794506118473,-0.0285991811706874
0.326144621537898,0.391417653388455,0.272976228083357,0.303015599461393,0.0652730318505564,0.0300393713780361
0.413469370426805,0.295934034877162,0.301260234045977,0.29563641805903,-0.117535335549644,-0.005623815986947
0.285899733372111,0.344597467511221,0.285519831319072,0.249925191377099,0.0586977341391102,-0.0355946399419731
0.310391242147044,0.487772218423598,0.192988964445389,0.314005600249324,0.177380976276553,0.121016635803934
0.359649038742492,0.289375180431128,0.323462407574896,0.265873564437071,-0.0702738583113636,-0.0575888431378251
0.201631989769945,0.354126002366898,0.316366272267282,0.288105279560666,0.152494012596953,-0.0282609927066155
0.343985739552229,0.456204832704677,0.216242656421322,0.299751591012278,0.112219093152448,0.0835089345909557
0.419686751373326,0.491154675020227,0.238219473926139,0.301128403887164,0.0714679236469012,0.0629089299610254
0.470958952069787,0.500891500085265,0.237576054021989,0.355127829199394,0.0299325480154782,0.117551775177406
0.293604331689726,0.439544566964974,0.331276701483317,0.299706827172966,0.145940235275248,-0.0315698743103517
0.291267135405195,0.354154619994827,0.365146648903828,0.270480344377045,0.0628874845896319,-0.0946663045267838
0.289955787595527,0.351332978012926,0.334639026687639,0.240104532457184,0.0613771904173996,-0.0945344942304551
0.323168556918164,0.37344352037254,0.324313445237496,0.275393563341185,0.0502749634543764,-0.0489198818963111
0.315487647544485,0.483685064878922,0.294014330988159,0.337428942629352,0.168197417334437,0.0434146116411933
0.345263193796113,0.485009870312754,0.323557406243831,0.307098960369261,0.139746676516641,-0.0164584458745695
0.305619736800022,0.423009361335493,0.228475769415951,0.296891522232206,0.11738962453547,0.0684157528162547
0.28428694074428,0.405013511642442,0.204729602649238,0.277242235595004,0.120726570898162,0.0725126329457666
0.27471010911098,0.385254588668621,0.307610572740671,0.330526480095566,0.11054447955764,0.0229159073548948
0.300761865221028,0.433804219640101,0.259494870549491,0.294330555431678,0.133042354419073,0.0348356848821872
0.255241551518662,0.419004065904479,0.323798519876851,0.233657564405471,0.163762514385817,-0.0901409554713803
0.282503920935019,0.439036873479962,0.271757111704653,0.299452975812488,0.156532952544943,0.0276958641078349
0.411277742562939,0.359237771256669,0.321083008323728,0.248362340273271,-0.0520399713062702,-0.0727206680504569
0.230045772961699,0.349383344083297,0.339751893517501,0.328990203139862,0.119337571121598,-0.0107616903776392
0.252311412480007,0.444803683716531,0.288018768596654,0.277188012226565,0.192492271236525,-0.0108307563700897
0.351281771679862,0.314174623853213,0.327713567847016,0.309734604997394,-0.0371071478266485,-0.0179789628496214
0.275772190048399,0.424890612352829,0.307158153466815,0.30035756164514,0.149118422304431,-0.00680059182167581
0.271593817493699,0.339106700811658,0.265405336049756,0.264893053646419,0.0675128833179593,-0.000512282403336339
0.287892169959172,0.374500590820172,0.27040056907518,0.294931593602448,0.0866084208609996,0.0245310245272682
0.301400115108003,0.391819437798426,0.301447554223505,0.310138711946176,0.0904193226904226,0.00869115772267109
0.415899977185034,0.402735290436507,0.349759655910461,0.226425890507732,-0.0131646867485275,-0.123333765402729
0.320280914999658,0.380542397064026,0.296751802944239,0.272920324507766,0.0602614820643684,-0.023831478436473
0.316818592918201,0.37009339454729,0.253990757911729,0.2362784096278,0.0532748016290896,-0.0177123482839289
0.296957223248136,0.395520749363718,0.296666324308578,0.235093782273466,0.0985635261155815,-0.0615725420351118
0.326858062645846,0.447642038309575,0.307321687737859,0.376901224719518,0.120783975663729,0.0695795369816594
0.382365928841874,0.40835048233347,0.337015306012721,0.279495566000262,0.0259845534915963,-0.057519740012459
0.294931606737027,0.356046846006157,0.296464687705782,0.197087129280921,0.0611152392691297,-0.0993775584248605
0.311186265716204,0.497334799558268,0.384083069896092,0.22559665655142,0.186148533842065,-0.158486413344671
0.269692813101874,0.369026089987292,0.29119965436078,0.180456233410073,0.099333276885418,-0.110743420950707
0.304518125791083,0.407432077071654,0.275248499482791,0.277513857788169,0.102913951280571,0.00226535830537783
0.260475823018792,0.396266741152949,0.281324757210912,0.24300564559655,0.135790918134157,-0.0383191116143624
0.410973417559765,0.464537848613519,0.242416187978394,0.206179201468752,0.0535644310537541,-0.0362369865096419
0.439701901142283,0.467602481867423,0.262246296428091,0.225475219687365,0.0279005807251397,-0.0367710767407255
0.432195789155876,0.425556681079791,0.193124435533915,0.313104632131974,-0.00663910807608564,0.119980196598059
0.256218971461049,0.356517074429147,0.285465977225329,0.266959320187261,0.100298102968098,-0.0185066570380679
0.275751110953928,0.358520693160671,0.335430253763409,0.26687696119959,0.082769582206743,-0.0685532925638187
0.332159341649801,0.360933031574283,0.274905207807545,0.351863451389379,0.028773689924482,0.0769582435818338
0.388731564571232,0.422984108482073,0.236990478979378,0.337932716123437,0.0342525439108415,0.10094223714406
0.326316827520701,0.404024372894529,0.2166818350265,0.329640838643968,0.0777075453738277,0.112959003617468
0.267781322941588,0.350260399861118,0.252265840472048,0.232057530590912,0.0824790769195295,-0.0202083098811359
0.364749675789562,0.447135784311952,0.261495958633079,0.189311448762144,0.0823861085223896,-0.0721845098709344
0.334126463185656,0.34880191411395,0.258699116056966,0.313790777110899,0.0146754509282938,0.0550916610539332
0.380946993876783,0.379600525282982,0.288405203336625,0.268654024640906,-0.00134646859380033,-0.0197511786957189
0.327590926559262,0.39434877976575,0.259617439018068,0.300851288440198,0.066757853206488,0.0412338494221303
0.413469370426805,0.295934034877162,0.295116027300321,0.29563641805903,-0.117535335549644,0.000520390758709466
0.282697661850876,0.343187117657393,0.282103777052223,0.248057773103082,0.0604894558065174,-0.0340460039491412
0.315797554513126,0.494216303984557,0.191176032215334,0.315736101252089,0.178418749471431,0.124560069036755
0.359649038742492,0.289375180431128,0.324728233830336,0.271761146794785,-0.0702738583113636,-0.0529670870355509
0.20423470683851,0.360882949846426,0.318904595606287,0.281226633410936,0.156648243007916,-0.037677962195351
0.350132949330056,0.46185319656758,0.217921235993428,0.303275731210836,0.111720247237524,0.0853544952174087
0.403226434307055,0.497086895922603,0.244653903664875,0.30316556039534,0.0938604616155485,0.0585116567304645
0.442124114149226,0.479132003832745,0.238418312002364,0.357361344815142,0.0370078896835195,0.118943032812778
0.29690777138813,0.444836434736939,0.323177972387376,0.300516230804343,0.147928663348809,-0.0226617415830328
0.297242338561295,0.359122348487198,0.344390798757779,0.276158960775329,0.0618800099259026,-0.0682318379824494
0.277018262771425,0.352607608032047,0.33661578700934,0.242789340519639,0.075589345260622,-0.093826446489701
0.31409964689624,0.3807560243471,0.326600863852678,0.278424399809796,0.0666563774508592,-0.0481764640428824
0.301060744037296,0.475660615883734,0.279038026869367,0.343821432710426,0.174599871846438,0.0647834058410587
0.337639374751436,0.490901509067155,0.323557406243831,0.31280775187543,0.153262134315718,-0.0107496543684009
0.29948407195333,0.427299064134619,0.210092332322947,0.301263630661488,0.127814992181289,0.0911712983385406
0.281732790250242,0.410090617063579,0.206080806030384,0.267106415786336,0.128357826813337,0.0610256097559521
0.278995565424996,0.381224912716319,0.301778705243071,0.324421911475882,0.102229347291323,0.0226432062328116
0.30264660800682,0.439758017814569,0.263743153525444,0.275319056716649,0.137111409807749,0.0115759031912049
0.261514880556566,0.430963099168484,0.321110433050361,0.236703556779303,0.169448218611918,-0.0844068762710588
0.26855949323254,0.43620982604567,0.260717053150334,0.30297088704589,0.167650332813129,0.0422538338955559
0.411277742562939,0.364767864953985,0.322983067573505,0.254806145452739,-0.0465098776089539,-0.0681769221207659
0.233821714754403,0.348642879760192,0.343266637758037,0.331580442392765,0.114821165005789,-0.0116861953652717
0.257376693597227,0.450628644469402,0.262341964320334,0.270651408554247,0.193251950872175,0.00830944423391305
0.358327858085155,0.314174623853213,0.313446702868532,0.313375213634673,-0.0441532342319414,-7.14892338585238e-05
0.27979321673865,0.429365049634559,0.312221445907897,0.303990926165281,0.149571832895909,-0.00823051974261663
0.265757358361257,0.332733724639224,0.268702436097467,0.265734009160713,0.0669763662779669,-0.00296842693675436
0.289990923836389,0.381222392433644,0.274332290439144,0.298210904514593,0.0912314685972552,0.0238786140754487
0.301400115108003,0.398861784883311,0.296008360559443,0.306690705468623,0.0974616697753076,0.01068234490918
0.397762482131991,0.401403049881149,0.333808482676826,0.215213758886944,0.00364056774915889,-0.118594723789882
0.31225631182176,0.387252342362955,0.299533830247566,0.284426955287336,0.0749960305411949,-0.0151068749602292
0.308535843498727,0.376635155440968,0.243336351314252,0.227394848991859,0.0680993119422411,-0.0159415023223929
0.296957223248136,0.395520749363718,0.299620967139095,0.235093782273466,0.0985635261155815,-0.0645271848656292
0.315235886941047,0.460397761761596,0.312051387959778,0.349018293702727,0.145161874820549,0.0369669057429485
0.382365928841874,0.415302354193554,0.340018750826433,0.283496667907445,0.0329364253516798,-0.0565220829189881
0.298513901060608,0.360040376940279,0.288896655255012,0.197087129280921,0.0615264758796715,-0.0918095259740906
0.31299550739554,0.500943071960763,0.385028755419458,0.204252913355969,0.187947564565223,-0.180775842063489
0.273961159070788,0.367573567784238,0.291972602292217,0.180456233410073,0.0936124087134507,-0.111516368882144
0.280958272575889,0.398146848730081,0.274152205745344,0.280725372132359,0.117188576154192,0.00657316638701438
0.263191503783504,0.401650000051003,0.285104023098556,0.244970769622171,0.138458496267499,-0.0401332534763848
0.410973417559765,0.455095057759567,0.242416187978394,0.209565941157133,0.0441216401998022,-0.0328502468212608
0.439701901142283,0.470936798143169,0.262246296428091,0.228897309538828,0.0312348970008861,-0.0333489868892628
0.433562753874381,0.409140271924515,0.193124435533915,0.307346260648246,-0.0244224819498656,0.11422182511433
0.260419824851939,0.355070632401743,0.28841934200818,0.257208112708754,0.0946508075498042,-0.0312112292994258
0.280565708594923,0.352888082649806,0.308241598144962,0.265479125809713,0.0723223740548838,-0.0427624723352487
0.337815085796759,0.3569340063238,0.278787459265725,0.354094146033786,0.0191189205270418,0.0753066867680615
0.358956549329609,0.428920102956327,0.23940474393234,0.341011382699494,0.0699635536267184,0.101606638767154
0.32826852060233,0.410466348080364,0.21864000321318,0.325055701964794,0.0821978274780341,0.106415698751615
0.270771125941263,0.345177071094314,0.256340182136899,0.228179402489981,0.0744059451530503,-0.028160779646918
0.364749675789562,0.447135784311952,0.261495958633079,0.194273813434715,0.0823861085223896,-0.0672221451983636
0.322647614336508,0.363904679759776,0.241912961350952,0.315084302054322,0.0412570654232677,0.0731713407033699
0.384214450517563,0.380787273901329,0.288405203336625,0.273907824064042,-0.0034271766162346,-0.0144973792725834
0.330542267392603,0.397963740078488,0.256126980022533,0.304115511255833,0.0674214726858851,0.0479885312333
0.413469370426805,0.295934034877162,0.295116027300321,0.261902731650343,-0.117535335549644,-0.0332132956499781
0.3353467434923,0.484630138857388,0.122602510033789,0.51040621956363,0.149283395365088,0.387803709529841
0.252031475827616,0.528256059034688,0.240100349031226,0.456460380428603,0.276224583207072,0.216360031397378
0.355964497158619,0.335979379374196,0.361077639090674,0.537039723628378,-0.0199851177844229,0.175962084537704
0.32611856160911,0.565433410206863,0.168753738975243,0.446679539656833,0.239314848597753,0.27792580068159
0.450066118260473,0.523554812456974,0.280474569546211,0.462239192375909,0.0734886941965007,0.181764622829698
0.39285470414501,0.595631867776167,0.360448454409339,0.461192182097645,0.202777163631157,0.100743727688307
0.367718182947042,0.521428106215343,0.36791000193411,0.46673320767101,0.153709923268301,0.0988232057369008
0.309190857614582,0.565875527818504,0.254621918435382,0.478346793833829,0.256684670203921,0.223724875398447
0.273226459720547,0.325660889451117,0.220175889079328,0.457967198447153,0.0524344297305704,0.237791309367826
0.306809659825757,0.462531478474976,0.214822891145311,0.41273549085024,0.155721818649219,0.197912599704928
0.329803359184189,0.315144841078041,0.242070931551117,0.298268174221873,-0.0146585181061478,0.0561972426707566
0.459594978337715,0.532578207104397,0.359512494288522,0.458850928644319,0.0729832287666815,0.0993384343557968
0.340813247063948,0.489143441526894,0.311806471981619,0.500952452152874,0.148330194462946,0.189145980171255
0.222599173489578,0.48488810080565,0.256718240337433,0.527384686263494,0.262288927316072,0.270666445926061
0.275800769459355,0.438332329656029,0.270857945343068,0.50424708712464,0.162531560196674,0.233389141781572
0.280864380584029,0.372273208527951,0.24691588649917,0.49594280911271,0.0914088279439215,0.24902692261354
0.318144872041901,0.399744930549088,0.262960340580178,0.417187698656451,0.0816000585071873,0.154227358076273
0.296132387873523,0.328221204399069,0.161247673813859,0.402751249155512,0.0320888165255451,0.241503575341652
0.321309539600397,0.422686016738637,0.224848707932286,0.485029330821514,0.101376477138239,0.260180622889227
0.32204202080412,0.437858836807295,0.386097633942114,0.381260326794282,0.115816816003175,-0.00483730714783248
0.308292889249177,0.435017520506178,0.231851496203438,0.349399007773839,0.126724631257,0.117547511570401
0.357482944059921,0.359414331316153,0.202644625912661,0.401392186536232,0.00193138725623254,0.198747560623571
0.381223305692825,0.302200293341801,0.255046915176632,0.383957320328768,-0.0790230123510239,0.128910405152136
0.349020657349633,0.472619125737323,0.215419753235446,0.467981504589112,0.123598468387689,0.252561751353666
0.297123415421812,0.419585358955706,0.278916488508349,0.488608118188259,0.122461943533894,0.209691629679909
0.256565753928095,0.382044558342687,0.177413382043711,0.351195823579414,0.125478804414592,0.173782441535703
0.356530455393363,0.331286647212604,0.261402295193883,0.414205773411626,-0.0252438081807587,0.152803478217742
0.356530224724014,0.357842366700597,0.380195447364217,0.268631083273671,0.00131214197658291,-0.111564364090546
0.297970001470152,0.361664822152033,0.277354460431934,0.43507409049185,0.0636948206818809,0.157719630059916
0.233353394827989,0.374822626491245,0.210312399568965,0.437942421201348,0.141469231663257,0.227630021632383
0.218864467988285,0.468197215490952,0.302716913162767,0.598121320200094,0.249332747502667,0.295404407037327
0.358522160666213,0.3687466853658,0.233839802596267,0.364697289804095,0.010224524699587,0.130857487207829
0.399219336317852,0.413740384169503,0.292989536137081,0.346450952622899,0.0145210478516519,0.0534614164858179
0.292328257783859,0.438522619224573,0.206261012154421,0.390063773246798,0.146194361440714,0.183802761092377
0.38009086533458,0.416375908197851,0.342121185763104,0.428340425366988,0.0362850428632708,0.0862192396038836
0.335561389510094,0.426322753465113,0.262273849953568,0.285451266232755,0.0907613639550194,0.0231774162791873
0.377095411653875,0.388908741556011,0.384474724517432,0.396914556499605,0.0118133299021363,0.012439831982173
0.245236219986479,0.458729786457575,0.368788517285941,0.359190436312408,0.213493566471095,-0.00959808097353265
0.369496192471299,0.431417932343777,0.214442171375842,0.333600156485752,0.0619217398724785,0.11915798510991
0.313662883306396,0.506507259901635,0.241389740018638,0.402030913682482,0.192844376595239,0.160641173663843
0.242077012748175,0.519126176818022,0.313258147175402,0.274111741282936,0.277049164069847,-0.0391464058924668
0.290875144301437,0.497101080582416,0.239933982339283,0.476341339909954,0.206225936280978,0.236407357570671
0.258198844684003,0.470715096303739,0.218109171803948,0.421699950292945,0.212516251619736,0.203590778488997
0.285284527102878,0.484125536429449,0.278763697128657,0.457325676062049,0.198841009326571,0.178561978933392
0.264609583763673,0.485464751044092,0.315748335334583,0.456082006628232,0.220855167280419,0.140333671293649
0.301906470813568,0.455989629498792,0.356943700179825,0.429113525769503,0.154083158685224,0.0721698255896777
0.308087808111856,0.357031267731574,0.256395777264002,0.450125624689877,0.0489434596197184,0.193729847425875
0.32706112960407,0.521768286723597,0.216115917157142,0.355573333754578,0.194707157119527,0.139457416597436
0.314209150727944,0.359474524984477,0.222914693243132,0.437176359279119,0.0452653742565331,0.214261666035987
0.390345644637018,0.534882820457027,0.308552768737712,0.432041755134085,0.144537175820009,0.123488986396373
0.32744249640766,0.355324778664855,0.262779655450616,0.453060613531671,0.0278822822571956,0.190280958081054
0.336108227937206,0.613468447895757,0.362352721590373,0.392862753749936,0.277360219958552,0.0305100321595629
0.339412009942997,0.46026459562009,0.122602510033789,0.511960955479166,0.120852585677093,0.389358445445377
0.257458048086264,0.533300317781312,0.232065956362199,0.44012641047618,0.275842269695049,0.20806045411398
0.349349904943007,0.335979379374196,0.317991221501749,0.537039723628378,-0.0133705255688116,0.219048502126629
0.322431255724064,0.551814185755152,0.142540231446819,0.448067423761213,0.229382930031088,0.305527192314394
0.433485790690319,0.505728716237879,0.282122258806685,0.467648048388151,0.0722429255475598,0.185525789581465
0.398500005808226,0.599803890199929,0.362918408503826,0.466954491708399,0.201303884391703,0.104036083204573
0.361535503085133,0.527208123985834,0.371071479947846,0.472705272323869,0.165672620900701,0.101633792376023
0.312569981534187,0.573881633119917,0.257843869285587,0.461438416837967,0.26131165158573,0.20359454755238
0.278203967853809,0.333155591545793,0.221356778885029,0.435457790450122,0.0549516236919834,0.214101011565093
0.311890145679237,0.462531478474976,0.216376243563146,0.414710421183554,0.15064133279574,0.198334177620408
0.30953424518466,0.313867287873987,0.242070931551117,0.291044308469513,0.00433304268932649,0.0489733769183969
0.459594978337715,0.495542699226597,0.339597130998379,0.464692254274729,0.0359477208888819,0.12509512327635
0.340813247063948,0.493849351786139,0.301068895734891,0.492425711421225,0.153036104722191,0.191356815686334
0.226037002551085,0.480060953145954,0.248715632492616,0.518285836782511,0.25402395059487,0.269570204289895
0.276437522305623,0.444319979940524,0.265318794253774,0.49350873491872,0.1678824576349,0.228189940664946
0.284367864412836,0.37994931998866,0.239129831157234,0.473261064113877,0.0955814555758238,0.234131232956643
0.32174021820359,0.399744930549088,0.265141636458766,0.41735030157793,0.0780047123454981,0.152208665119164
0.300329914230809,0.324385426913676,0.154433763764896,0.403652413684037,0.0240555126828669,0.249218649919141
0.32304199505741,0.431451023787418,0.229195150424761,0.491297857469896,0.108409028730008,0.262102707045135
0.327687765285343,0.437858836807295,0.386097633942114,0.38607146163955,0.110171071521952,-2.61723025643534e-05
0.313231368521069,0.442005008703963,0.213955080593928,0.356773008278921,0.128773640182893,0.142817927684993
0.35981174332304,0.364530312665006,0.197474407413096,0.382070159091168,0.00471856934196602,0.184595751678072
0.359567247328497,0.301747414245355,0.255046915176632,0.390508118540164,-0.0578198330831421,0.135461203363532
0.354486677512168,0.476692012206023,0.204882548395375,0.461332996586308,0.122205334693855,0.256450448190933
0.300820454085672,0.411454662697788,0.281595687333946,0.460696306711499,0.110634208612116,0.179100619377553
0.233016751717651,0.390121359120624,0.1805670107781,0.350968891439823,0.157104607402973,0.170401880661723
0.35947768268278,0.340522847161624,0.231826274831837,0.417742143463746,-0.0189548355211555,0.185915868631909
0.362595973332178,0.357842366700597,0.380195447364217,0.271582107358592,-0.00475360663158181,-0.108613340005625
0.300916860128194,0.361664822152033,0.260510359077165,0.43507409049185,0.0607479620238388,0.174563731414684
0.234939163904766,0.374822626491245,0.202942024409742,0.44755657179975,0.139883462586479,0.244614547390008
0.220309661598895,0.468197215490952,0.30596366545192,0.598121320200094,0.247887553892057,0.292157654748174
0.36376160306551,0.364074927465975,0.238255351644244,0.370243549249861,0.000313324400465276,0.131988197605617
0.384952649428082,0.413740384169503,0.295997242012678,0.357291554605637,0.0287877347414219,0.0612943125929594
0.298171037197525,0.431205185354726,0.207390357314285,0.366294244205187,0.1330341481572,0.158903886890902
0.366576470207898,0.409787373804818,0.342121185763104,0.435327519347311,0.0432109035969192,0.0932063335842069
0.321790554644068,0.432611393881005,0.262273849953568,0.28413720863542,0.110820839236938,0.0218633586818524
0.363485769250822,0.394072750016829,0.384474724517432,0.372729370031697,0.030586980766007,-0.0117453544857353
0.249228830918749,0.468053951973859,0.368788517285941,0.366613442162446,0.21882512105511,-0.00217507512349518
0.371299031758484,0.437681580883231,0.215208912047333,0.340675541934812,0.0663825491247468,0.125466629887479
0.317507967923596,0.496739710616792,0.244199753324348,0.408759233331897,0.179231742693196,0.164559480007549
0.242077012748175,0.511949885111769,0.315925079676446,0.274111741282936,0.269872872363595,-0.0418133383935102
0.294564011447093,0.485566098605388,0.243075684295893,0.482093733266049,0.191002087158295,0.239018048970155
0.258887418884822,0.461884549751009,0.220729513699579,0.411383187285957,0.202997130866187,0.190653673586377
0.272896431921814,0.490404916338237,0.271061574283346,0.436258856324656,0.217508484416423,0.16519728204131
0.26906413627015,0.463247736855082,0.290669137715464,0.461139502118855,0.194183600584932,0.170470364403391
0.288793999103462,0.461164531158523,0.358188812357877,0.42728322030698,0.17237053205506,0.0690944079491034
0.309865437720643,0.359715666348848,0.244311021475042,0.454294572188224,0.0498502286282047,0.209983550713182
0.280265220468171,0.521768286723597,0.216115917157142,0.354378538732065,0.241503066255426,0.138262621574923
0.319234364665506,0.359474524984477,0.223211969854599,0.446448783936394,0.0402401603189713,0.223236814081794
0.390345644637018,0.534882820457027,0.303228124205785,0.435116342643418,0.144537175820009,0.131888218437633
0.314351238140203,0.357738407679506,0.267267257874606,0.457412096314162,0.0433871695393036,0.190144838439556
0.275028510495674,0.613468447895757,0.339685945625191,0.392862753749936,0.338439937400084,0.0531768081247445
0.327017233537547,0.463187782721056,0.125754662836322,0.513665854773561,0.136170549183508,0.387911191937239
0.261420933140068,0.535971932147915,0.229909732615402,0.441352635948522,0.274550999007847,0.21144290333312
0.35151064067207,0.348851154164356,0.29283482135469,0.179013241209459,-0.0026594865077138,-0.113821580145231
0.324913095584146,0.551814185755152,0.138148766549219,0.43264879291912,0.226901090171006,0.294500026369901
0.407398376493146,0.507274966844714,0.270304182639581,0.461388901042154,0.0998765903515678,0.191084718402573
0.401346821422454,0.601857752368684,0.365005506010965,0.471613638557439,0.20051093094623,0.106608132546474
0.365241749839984,0.528753817868073,0.347947384247808,0.476797333199942,0.163512068028089,0.128849948952134
0.316759261287219,0.537390464594447,0.260382588037132,0.453592325557991,0.220631203307227,0.193209737520859
0.2753285442824,0.32540524798642,0.222437768221557,0.437095191738842,0.05007670370402,0.214657423517285
0.290449714602263,0.483286785015656,0.219456116718267,0.416658522806498,0.192837070413393,0.197202406088232
0.312420544602566,0.323292420260486,0.245571718460902,0.297830196182442,0.0108718756579201,0.0522584777215397
0.43733254588517,0.488509181480793,0.330798709901152,0.467974420945495,0.0511766355956235,0.137175711044343
0.346320024987728,0.496346542238171,0.304429083978812,0.488904669184131,0.150026517250444,0.184475585205319
0.216946937809674,0.483153293980727,0.250667565227918,0.520397361545435,0.266206356171053,0.269729796317517
0.281254296530664,0.42903864833457,0.261918040905759,0.496388858507578,0.147784351803906,0.234470817601819
0.288716980959551,0.371064774393602,0.240423147088231,0.476769915750162,0.0823477934340512,0.236346768661932
0.326964433358138,0.41792119676394,0.248016221884463,0.422415352904104,0.0909567634058024,0.174399131019641
0.304423562396799,0.33118171507387,0.154433763764896,0.389290554788359,0.0267581526770704,0.234856791023463
0.313807946694875,0.43456367241159,0.231166893843784,0.471331736472847,0.120755725716715,0.240164842629063
0.329575722624722,0.37923148497227,0.365503556197504,0.387989004211534,0.0496557623475481,0.0224854480140295
0.316837607609917,0.44640974896765,0.218458688330079,0.365089342651499,0.129572141357733,0.146630654321421
0.341531744127545,0.367521745092323,0.191043455442545,0.373224508233815,0.025990000964778,0.18218105279127
0.335085389039742,0.308805495951121,0.249430361199072,0.387983107129,-0.0262798930886204,0.138552745929928
0.342409666082559,0.474460236002186,0.206395075225807,0.463687780286104,0.132050569919626,0.257292705060296
0.30533608605974,0.413731094366081,0.283576538667694,0.465168358050213,0.108395008306341,0.181591819382519
0.230681064158307,0.377117323700732,0.178755568018912,0.355941745120423,0.146436259542425,0.177186177101512
0.345864251650359,0.346157013510539,0.233080714015358,0.402321513427585,0.000292761860180346,0.169240799412226
0.364728991059293,0.341344192015016,0.383270900973528,0.278368965890895,-0.0233847990442767,-0.104901935082634
0.29103884569424,0.361664822152033,0.264893976378258,0.441987922779106,0.0706259764577929,0.177093946400848
0.230058306935734,0.372173187438941,0.187636135273043,0.388553889656591,0.142114880503207,0.200917754383548
0.206470072501789,0.468548309574032,0.280994034843898,0.199373773400031,0.262078237072243,-0.0816202614438664
0.365519543967136,0.358444529315747,0.238255351644244,0.375424423014203,-0.00707501465138971,0.137169071369959
0.364827272322953,0.404382692508238,0.298550029076048,0.367983330727262,0.0395554201852855,0.0694333016512143
0.28558653515876,0.435643836719079,0.210398625172674,0.367069742343084,0.150057301560319,0.15667111717041
0.369358757324564,0.414743980527739,0.343684314991013,0.45498718451995,0.0453852232031748,0.111302869528938
0.325756670611517,0.41318214524347,0.249315203193551,0.285976343066868,0.0874254746319534,0.0366611398733175
0.343418828024594,0.399544596451585,0.360165894432894,0.367587838013745,0.0561257684269905,0.00742194358085096
0.25114422880373,0.470597535001449,0.375193786661458,0.372855516585001,0.219453306197719,-0.00233827007645737
0.337832258253192,0.403471576311481,0.218402304035578,0.35138594969592,0.0656393180582884,0.132983645660341
0.317507967923596,0.491804792086562,0.235356913260101,0.414172865447759,0.174296824162966,0.178815952187658
0.234714848288369,0.48822294976098,0.320098445745478,0.274111741282936,0.25350810147261,-0.0459867044625427
0.29820146759685,0.469662995807531,0.220652012807571,0.470418159518453,0.17146152821068,0.249766146710883
0.262568997086729,0.450455711045924,0.224218927012481,0.38596832774865,0.187886713959195,0.161749400736169
0.278350477288097,0.493040382194037,0.274909725075503,0.436258856324656,0.21468990490594,0.161349131249153
0.272030318883202,0.467282242232136,0.287270194384541,0.4632122850477,0.195251923348935,0.175942090663159
0.291700789137161,0.46425435457523,0.34762744273789,0.428732405910827,0.17255356543807,0.0811049631729366
0.312064260812613,0.358749463776332,0.238744319261496,0.459869954983071,0.0466852029637183,0.221125635721576
0.275685279321469,0.521768286723597,0.214044645103094,0.348636018996544,0.246083007402129,0.13459137389345
0.325037815555176,0.359474524984477,0.224620665132595,0.434201763598649,0.0344367094293012,0.209581098466055
0.346197350291635,0.445541348235881,0.304827148092217,0.438240846313563,0.0993439979442466,0.133413698221345
0.319493700821658,0.360259635456088,0.270131940431403,0.462733549737948,0.0407659346344298,0.192601609306545
0.283778565499656,0.613468447895757,0.342528823351297,0.392862753749936,0.329689882396102,0.0503339303986392
0.329973045837638,0.468602800486586,0.125754662836322,0.516979002792553,0.138629754648948,0.391224339956231
0.265049172203477,0.520109480592643,0.218706123008605,0.432905618164722,0.255060308389166,0.214199495156117
0.355234492054444,0.353310624301481,0.294817387197826,0.179013241209459,-0.00192386775296377,-0.115804145988367
0.301408821773126,0.551814185755152,0.138148766549219,0.433146441120789,0.250405363982027,0.29499767457157
0.359246070312135,0.511790369248838,0.265286230056402,0.444523980365163,0.152544298936703,0.179237750308761
0.401346821422454,0.542845990215177,0.348548318883462,0.478484017206481,0.141499168792723,0.129935698323019
0.366034037136096,0.533237269346034,0.352689237744918,0.482189311504237,0.167203232209939,0.129500073759319
0.317917552073564,0.522199051855441,0.26443782171324,0.440019698923966,0.204281499781877,0.175581877210726
0.27770293501754,0.320185821248759,0.22346605658774,0.439789971340371,0.0424828862312189,0.21632391475263
0.293702131333338,0.483286785015656,0.20687068997843,0.41985167209475,0.189584653682318,0.21298098211632
0.30390441291016,0.317999291683191,0.235799881789381,0.283113149122408,0.0140948787730307,0.0473132673330266
0.403393610986702,0.49314775342257,0.304558327066505,0.474039225693582,0.0897541424358679,0.169480898627077
0.352478292093201,0.500845337084445,0.309004707595141,0.494142717695119,0.148367044991244,0.185138010099977
0.210393425768753,0.478680878491311,0.25443348589383,0.504744274336234,0.268287452722559,0.250310788442404
0.28354745661108,0.435378891491068,0.266709742881405,0.501322890120486,0.151831434879988,0.234613147239082
0.280917453228577,0.363889272916597,0.237404657102843,0.482198610148259,0.0829718196880204,0.244793953045416
0.329807089200632,0.41792119676394,0.248016221884463,0.424322499757067,0.0881141075633079,0.176306277872604
0.307817087124983,0.326918543956337,0.147417716715648,0.384385127891359,0.0191014568313536,0.23696741117571
0.27518571245652,0.423658055579935,0.234465570795304,0.463987334854378,0.148472343123415,0.229521764059074
0.325152770957421,0.361928972115671,0.344772869983817,0.391876961991693,0.0367762011582499,0.0471040920078764
0.322026440246973,0.429004963336027,0.221113174374045,0.370120965241047,0.106978523089054,0.149007790867001
0.333740730731742,0.373664235187285,0.177799615141568,0.363210686410866,0.0399235044555436,0.185411071269298
0.326785959773532,0.314330296080987,0.253343471364319,0.392342421207066,-0.0124556636925451,0.138998949842747
0.343480354043525,0.482465078161882,0.208720987182421,0.468180971817746,0.138984724118357,0.259459984635326
0.299065785962685,0.420312114338129,0.280404015760428,0.44276890039931,0.121246328375443,0.162364884638882
0.224628139437022,0.384142389094877,0.175864080605687,0.361427154989049,0.159514249657855,0.185563074383362
0.348086275934435,0.349325315999558,0.221656950764723,0.390827397944371,0.0012390400651236,0.169170447179648
0.367832977967155,0.34448517264174,0.385251500374535,0.285327064086051,-0.0233478053254151,-0.0999244362884843
0.294541191790799,0.364224484429259,0.251289737622851,0.447442143115365,0.0696832926384598,0.196152405492515
0.232515105476272,0.380542315163061,0.189478404500458,0.396553182407283,0.148027209686789,0.207074777906825
0.197517351982415,0.463827776792973,0.282340841056753,0.199373773400031,0.266310424810559,-0.0829670676567213
0.367020100783625,0.358444529315747,0.238255351644244,0.375424423014203,-0.00857557146787807,0.137169071369959
0.368383301026494,0.404382692508238,0.298550029076048,0.367983330727262,0.0359993914817439,0.0694333016512143
0.289119292073177,0.436546754374819,0.211816578110547,0.375519335170367,0.147427462301642,0.16370275705982
0.3562349231641,0.420675095664774,0.349255007233659,0.461959407514775,0.064440172500674,0.112704400281116
0.3217052414763,0.409766674931823,0.251446014385768,0.28875838737731,0.0880614334555231,0.0373123729915426
0.327221394998604,0.405608024217917,0.364023058797102,0.337560872735182,0.0783866292193125,-0.0264621860619202
0.255354065484125,0.477871867415368,0.355245723613046,0.374818299007847,0.222517801931244,0.0195725753948012
0.331381357548203,0.394440139132301,0.220497968826271,0.343956832773387,0.0630587815840972,0.123458863947116
0.308139904072423,0.454349341259182,0.228278027059561,0.412076884638496,0.146209437186759,0.183798857578936
0.240395061564489,0.493489328341002,0.313393150247074,0.291825021815681,0.253094266776514,-0.0215681284313928
0.303230498074117,0.475905567497284,0.214505872515363,0.477270786820933,0.172675069423168,0.262764914305571
0.266692391761778,0.456894308240512,0.228041509425562,0.391854858748171,0.190201916478734,0.163813349322609
0.281444507357268,0.500178464585117,0.276797897820168,0.44249879639059,0.21873395722785,0.165700898570422
0.275444835724742,0.473763612343582,0.290888525678254,0.4679359010459,0.19831877661884,0.177047375367646
0.281782932401456,0.467336966925729,0.336865821616683,0.422833804461094,0.185554034524273,0.0859679828444109
0.287841723659553,0.361580740601419,0.229870358404072,0.464019351484856,0.073739016941866,0.234148993080784
0.270276371160388,0.521768286723597,0.21619713849804,0.357071132628924,0.25149191556321,0.140873994130884
0.325037815555176,0.359474524984477,0.226593482650219,0.433165808599057,0.0344367094293012,0.206572325948838
0.346197350291635,0.445541348235881,0.306125665545063,0.443555833840872,0.0993439979442466,0.137430168295809
0.319493700821658,0.35907408159415,0.274260981323624,0.456337209806753,0.0395803807724914,0.182076228483129
0.225631276810758,0.613468447895757,0.344955033797773,0.392862753749936,0.387837171084999,0.0479077199521629
0.313930456447555,0.467228997061894,0.130485406012922,0.490771034722795,0.153298540614339,0.360285628709873
0.269999320685147,0.526146533175611,0.205120124513078,0.434800103708342,0.256147212490464,0.229679979195264
0.351693735639006,0.360997069442276,0.294817387197826,0.179013241209459,0.00930333380327036,-0.115804145988367
0.292104592529134,0.524295417180296,0.140631991122154,0.418959536876619,0.232190824651162,0.278327545754465
0.359246070312135,0.513709762561877,0.254940527491243,0.44922137226078,0.154463692249741,0.194280844769536
0.403496871452406,0.543736965974678,0.350979474665118,0.483129840143391,0.140240094522272,0.132150365478273
0.367851879455339,0.532799267195625,0.35452974799038,0.4863304255412,0.164947387740286,0.13180067755082
0.311912439147487,0.505412102800344,0.267210372000582,0.4461597760648,0.193499663652857,0.178949404064218
0.269514561731885,0.323479887254441,0.22430007292035,0.443885795755016,0.0539653255225561,0.219585722834666
0.295886757869237,0.483286785015656,0.209635858595523,0.426205087064392,0.187400027146419,0.216569228468869
0.293598028383096,0.318509807910266,0.224510911399481,0.283113149122408,0.0249117795271694,0.0586022377229264
0.403393610986702,0.490057298995388,0.305953792448864,0.46532798716806,0.0866636880086858,0.159374194719196
0.353983152174007,0.509257988059906,0.29453488844767,0.4968498647447,0.155274835885899,0.20231497629703
0.213325341679909,0.483233942008186,0.257025702744517,0.508395714964837,0.269908600328276,0.25137001222032
0.285719125888215,0.411732927672664,0.269006290450838,0.480059549061131,0.126013801784449,0.211053258610293
0.284259562981686,0.369392531084304,0.229062827457459,0.473915660396009,0.0851329681026177,0.24485283293855
0.331925828398524,0.422332094282282,0.250193506736314,0.424171191567673,0.0904062658837576,0.173977684831358
0.311751151811073,0.330293254434616,0.148650730384884,0.38818897752048,0.0185421026235423,0.239538247135595
0.278782453287566,0.429660030070728,0.228239804274758,0.468376082649125,0.150877576783162,0.240136278374366
0.33064825171448,0.346060844295482,0.327595818135169,0.400039219683717,0.0154125925810021,0.0724434015485475
0.327246902091479,0.422787576041302,0.218321964302539,0.375726302758308,0.095540673949823,0.157404338455769
0.327034128876116,0.378168801653486,0.17446751491275,0.352695831901929,0.0511346727773695,0.178228316989179
0.332130131890509,0.318017066012666,0.244165746175293,0.396393870980616,-0.0141130658778429,0.152228124805323
0.330287959630614,0.468246640332454,0.20293696734333,0.456284193700098,0.13795868070184,0.253347226356768
0.294961639793379,0.426539779685475,0.282568660668473,0.448194086239587,0.131578139892095,0.165625425571114
0.223121920559832,0.389737806851144,0.174403877106621,0.366669263022194,0.166615886291312,0.192265385915573
0.353223551212278,0.352675457269767,0.211239193155505,0.391779955548988,-0.000548093942511096,0.180540762393483
0.372943890148735,0.351433819647329,0.385251500374535,0.286553309732545,-0.0215100705014067,-0.09869819064199
0.298138616691541,0.371018387438695,0.239929230905607,0.435869108423793,0.0728797707471546,0.195939877518186
0.220925508530951,0.384733647461193,0.186752230530464,0.406530555488434,0.163808138930242,0.21977832495797
0.198794661986331,0.463827776792973,0.283558978666143,0.199373773400031,0.265033114806642,-0.0841852052661121
0.370672355000846,0.362024688921894,0.244581626860518,0.377427280685269,-0.00864766607895118,0.132845653824751
0.349527537533471,0.404382692508238,0.275835424700431,0.367983330727262,0.0548551549747672,0.0921479060268312
0.282968882997093,0.401699256885192,0.204960719951258,0.384447398862783,0.118730373888099,0.179486678911525
0.346682865339372,0.37875579635503,0.350530177244361,0.43638865062419,0.0320729310156581,0.0858584733798295
0.327891270154308,0.415799026172188,0.252587349075141,0.294690913143055,0.0879077560178809,0.0421035640679133
0.338179591367574,0.399802229909128,0.36488807327967,0.335183353525562,0.0616226385415539,-0.0297047197541084
0.247078165602434,0.485271267024011,0.333315520053966,0.37520533880243,0.238193101421577,0.0418898187484644
0.32555968321011,0.387723253852259,0.224424318123554,0.349965414299082,0.0621635706421489,0.125541096175528
0.313053476044335,0.456766650199086,0.216119195930125,0.412978675685434,0.143713174154751,0.196859479755309
0.243917729804827,0.489834534237009,0.306548158206161,0.305046610522267,0.245916804432182,-0.00150154768389371
0.286172744007327,0.480765478420136,0.218377881339843,0.463606726079549,0.194592734412809,0.245228844739706
0.271173686709315,0.463437352122364,0.231741666191022,0.38296556374034,0.192263665413049,0.151223897549317
0.268253060636605,0.506538112547698,0.262399986468741,0.45744630988287,0.238285051911093,0.195046323414129
0.28376251907719,0.475946223301,0.29292769997757,0.472189348094689,0.19218370422381,0.179261648117119
0.280275747995372,0.474144926043463,0.339124601098554,0.427783642453223,0.193869178048091,0.0886590413546686
0.285447021347017,0.354402661780195,0.225725532288185,0.468021882396506,0.0689556404331779,0.242296350108321
0.272850487685246,0.521768286723597,0.212904167795772,0.363527712143818,0.248917799038351,0.150623544348046
0.309553409571154,0.359474524984477,0.228364265674111,0.424500428494002,0.0499211154133226,0.196136162819891
0.338311757992537,0.377164525299385,0.299487973817761,0.448649195693345,0.0388527673068476,0.149161221875584
0.327872851603339,0.363365864012142,0.277501769564252,0.40007403140724,0.0354930124088034,0.122572261842988
0.230117857515295,0.613468447895757,0.325786678752614,0.34709681410808,0.383350590380463,0.0213101353554651
0.316752988828567,0.471833662697492,0.130485406012922,0.493495693405308,0.155080673868925,0.363010287392387
0.253281085680313,0.530954059492555,0.203472591858224,0.428390990753748,0.277672973812242,0.224918398895524
0.354648004583814,0.360384256079386,0.284177036894967,0.179013241209459,0.0057362514955715,-0.105163795685507
0.29306673876357,0.524295417180296,0.140631991122154,0.416136544479427,0.231228678416726,0.275504553357273
0.360479437285157,0.507188531324365,0.258815978144384,0.431961920856748,0.146709094039207,0.173145942712364
0.389410354904847,0.5238022366158,0.353460704018225,0.486910599083699,0.134391881710953,0.133449895065473
0.356474783936556,0.526151691267357,0.357847098406779,0.489473299866721,0.169676907330801,0.131626201459942
0.306005795707475,0.498915309372229,0.248461503999276,0.451713150345829,0.192909513664754,0.203251646346553
0.267976809604547,0.329062402200939,0.19383450871537,0.449389690325101,0.061085592596392,0.255555181609731
0.295886757869237,0.46302251740629,0.212557872230779,0.420635169364153,0.167135759537053,0.208077297133374
0.297200678267253,0.325623885506119,0.229442847238863,0.288759799434142,0.0284232072388661,0.0593169521952795
0.405751868523628,0.494333147229776,0.275096023925843,0.468914256805284,0.0885812787061486,0.193818232879441
0.35707348501181,0.512796742725169,0.297096595739178,0.486092783581508,0.15572325771336,0.18899618784233
0.207333088513203,0.488639648595044,0.259774907114696,0.512752100990415,0.281306560081841,0.252977193875719
0.281407411978555,0.374660351303554,0.27203633600298,0.484066135176967,0.0932529393249988,0.212029799173986
0.288701216733375,0.374985684813862,0.233647618274897,0.478002002567991,0.0862844680804872,0.244354384293093
0.323036214601402,0.439129103048656,0.252074683823494,0.428837027889389,0.116092888447254,0.176762344065895
0.317130945992957,0.32909849952318,0.151699601521311,0.373064787023517,0.0119675535302233,0.221365185502206
0.285025406300537,0.433884320469596,0.230757625557859,0.436222254222735,0.14885891416906,0.205464628664876
0.334289811447901,0.351036321936769,0.332050334206812,0.378143796805341,0.016746510488868,0.046093462598529
0.330685568808357,0.412672547417144,0.221376126969333,0.3797080398474,0.0819869786087871,0.158331912878067
0.329672613730638,0.385879308338321,0.17636480654664,0.355480805909378,0.0562066946076827,0.179115999362737
0.336525123952013,0.324088690433593,0.246824229194905,0.378998383350033,-0.0124364335184194,0.132174154155128
0.324548131505544,0.446781210889471,0.200367435208692,0.459467128346604,0.122233079383927,0.259099693137912
0.298906722277162,0.431735094501067,0.286244850423776,0.433908923012414,0.132828372223905,0.147664072588639
0.227467029709842,0.394217848171557,0.171204456857132,0.370826065115733,0.166750818461714,0.199621608258601
0.360335047731509,0.347275417569166,0.19912586736297,0.363846893516499,-0.0130596301623434,0.164721026153529
0.365053349946258,0.344580601599537,0.360040698897773,0.291814283941049,-0.0204727483467202,-0.0682264149567234
0.300797149169955,0.371018387438695,0.24356519984653,0.44064885115097,0.0702212382687403,0.197083651304439
0.21892500729183,0.399146939809897,0.184411729363561,0.415419902522458,0.180221932518067,0.231008173158898
0.204293113407808,0.386523147327478,0.283558978666143,0.0996868867000156,0.182230033919669,-0.183872091966128
0.374109978129107,0.366096951084604,0.225682290787373,0.382197855294736,-0.00801302704450202,0.156515564507362
0.335300408554666,0.409540146916811,0.257378364971318,0.365144415629945,0.0742397383621448,0.107766050658626
0.273705234929085,0.402767251482511,0.207287387520375,0.353659869662875,0.129062016553426,0.1463724821425
0.326499629895586,0.3795813459376,0.332209190208809,0.422632267247561,0.0530817160420146,0.0904230770387521
0.329958893230594,0.419823953157939,0.25829379687813,0.299131596735958,0.0898650599273444,0.0408377998578277
0.341867145406286,0.404933150547335,0.36768491310076,0.326016283487282,0.0630660051410494,-0.0416686296134781
0.247687663738513,0.491115199078332,0.320402539072425,0.374159360836115,0.243427535339819,0.05375682176369
0.322829396478378,0.39375680310158,0.226745840937157,0.332051031105053,0.0709274066232021,0.105305190167897
0.317056279778414,0.440670559753494,0.214395018879655,0.416857768143264,0.123614279975081,0.202462749263609
0.245181825222772,0.495313049034708,0.307896825651241,0.319783572149783,0.250131223811937,0.0118867464985428
0.25836051214236,0.48631617451555,0.219496172106533,0.450254539019467,0.227955662373191,0.230758366912934
0.277132141492258,0.448866890954742,0.212308009086195,0.387694735233906,0.171734749462483,0.175386726147712
0.25538540765525,0.51193936923091,0.252303150186663,0.45744630988287,0.25655396157566,0.205143159696207
0.288340909714325,0.469779929982319,0.295515322868916,0.462722747675645,0.181439020267993,0.16720742480673
0.284035330468084,0.479515526936242,0.340636854137903,0.433060767678177,0.195480196468158,0.0924239135402734
0.286848761460636,0.356954605336492,0.227656785597293,0.470137900842485,0.0701058438758558,0.242481115245192
0.275259384574564,0.173922762241199,0.213905351682563,0.370024960259958,-0.101336622333365,0.156119608577395
0.31719221992598,0.359474524984477,0.226189568690312,0.42759430207207,0.0422823050584965,0.201404733381758
0.352842512632266,0.377164525299385,0.292676592209735,0.440365830327846,0.0243220126671194,0.147689238118111
0.336846446321646,0.351672326446935,0.279934292692728,0.404887208302803,0.0148258801252896,0.124952915610076
0.222604930900397,0.613468447895757,0.32894053664053,0.34709681410808,0.390863516995361,0.0181562774675492
0.335011397145819,0.403172709326295,0.279894822117822,0.256332284010695,0.068161312180476,-0.0235625381071264
0.257976033630642,0.428646663431865,0.261547703715195,0.132915282569069,0.170670629801224,-0.128632421146125
0.284478370634841,0.239482326878686,0.226292415090061,0.361260432137643,-0.0449960437561545,0.134968017047581
0.181291804917653,0.215843693535569,0.175069298837948,0.180018767601342,0.0345518886179163,0.004949468763394
0.323456520895388,0.46624809550569,0.253389134566765,0.204461531263725,0.142791574610302,-0.0489276033030397
0.343088069221945,0.463059909156954,0.304646490298072,0.262074515024529,0.119971839935009,-0.0425719752735426
0.383972671649687,0.491245570232869,0.386656972211866,0.332195304554479,0.107272898583182,-0.0544616676573865
0.281689770724229,0.470349783078679,0.314587764587567,0.220745438654582,0.18866001235445,-0.0938423259329841
0.221318400338417,0.310397197377957,0.297616553122958,0.291168929873179,0.0890787970395397,-0.0064476232497786
0.252081673175425,0.343283388640425,0.315948261485355,0.285500950418864,0.0912017154649994,-0.0304473110664911
0.214785711954819,0.225940915581791,0.351283334642883,0.321459150662169,0.0111552036269722,-0.0298241839807136
0.346849685211855,0.48079643435567,0.243400532212634,0.275842128179232,0.133946749143815,0.0324415959665978
0.304646261914434,0.451276683282587,0.254360725562602,0.301632945622817,0.146630421368153,0.0472722200602146
0.364746107668783,0.469630513199876,0.267040212711513,0.223531277265048,0.104884405531092,-0.0435089354464651
0.247278334075304,0.424316369433625,0.225520050361978,0.245412656215368,0.177038035358321,0.0198926058533904
0.311328035519348,0.346292540340106,0.297840252828039,0.243018146561064,0.0349645048207582,-0.0548221062669754
0.200743111994105,0.287598207829483,0.305423038336,0.337821777706089,0.0868550958353783,0.0323987393700887
0.223611191903615,0.195702745993744,0.242285771605195,0.321909813120895,-0.0279084459098704,0.0796240415156997
0.303837916233721,0.294009094851952,0.239080989752655,0.262475232060106,-0.00982882138176877,0.0233942423074514
0.225959579733917,0.280697393422544,0.20088455405792,0.358131540004595,0.054737813688627,0.157246985946675
0.237002741997148,0.23495118802082,0.262630671910845,0.353089660269425,-0.00205155397632814,0.0904589883585805
0.199357469742837,0.12574753497259,0.193099841049818,0.26187112584747,-0.0736099347702463,0.0687712847976526
0.217719084950959,0.271141574992663,0.228959274870667,0.346716547723805,0.0534224900417044,0.117757272853138
0.21978382224694,0.305216644170947,0.262017529819341,0.277542097366448,0.085432821924007,0.0155245675471071
0.17403459507782,0.292227383035551,0.160636116718726,0.234782518777347,0.118192787957731,0.0741464020586202
0.22990864354262,0.332556083514146,0.260690911137725,0.362353970100872,0.102647439971526,0.101663058963147
0.197248165129635,0.299963642521228,0.263288354222611,0.308112819349588,0.102715477391592,0.044824465126977
0.22431786187988,0.254351756085272,0.231162881016344,0.379791569176382,0.0300338942053915,0.148628688160039
0.225539180872242,0.341111831922241,0.289409807404329,0.241323750617017,0.115572651049999,-0.0480860567873124
0.220368656978701,0.260073143724083,0.271500976409168,0.224681053539572,0.0397044867453823,-0.046819922869596
0.169377672160589,0.160794527069252,0.225344266051611,0.251119893880603,-0.00858314509133673,0.0257756278289921
0.188355053066467,0.268914836206538,0.325459477462626,0.314243653154201,0.0805597831400709,-0.0112158243084249
0.244763505696503,0.369067821703377,0.319152343520191,0.348639716223776,0.124304316006874,0.0294873727035851
0.191925872148007,0.270010659901205,0.220692680632362,0.250703518173449,0.0780847877531987,0.030010837541087
0.255481206889961,0.27206808420583,0.258120873399457,0.29654369315296,0.0165868773158695,0.0384228197535035
0.240476714386851,0.364671903817085,0.270420847418027,0.341771608689855,0.124195189430234,0.0713507612718274
0.246369029252102,0.326692921016693,0.27849564573966,0.238287220543078,0.0803238917645909,-0.0402084251965823
0.236883588798621,0.401315637906942,0.261388362231308,0.30440824857448,0.164432049108321,0.0430198863431714
0.219726094814389,0.301965855401182,0.239177480190412,0.155881932413466,0.0822397605867921,-0.0832955477769462
0.217964033434158,0.356671094230418,0.263920030422817,0.397140963919284,0.13870706079626,0.133220933496466
0.211242734789341,0.337447215251999,0.279907486718192,0.313497114187951,0.126204480462658,0.0335896274697589
0.264502288307367,0.41716841424717,0.27413251353663,0.280103554206182,0.152666125939803,0.0059710406695519
0.260859691498555,0.293953819963873,0.213882535281315,0.390678676321822,0.0330941284653178,0.176796141040507
0.197147460869428,0.279973196988899,0.221469289978876,0.261672497880381,0.0828257361194706,0.0402032079015049
0.305560081721386,0.406041418142073,0.275330282176408,0.224980087258483,0.100481336420687,-0.0503501949179247
0.211560935210774,0.371628564894545,0.279366903591826,0.209731060859598,0.160067629683771,-0.0696358427322278
0.176562011547271,0.321031248674441,0.171950142598889,0.27061107144028,0.14446923712717,0.0986609288413902
0.207317520565019,0.26279445150023,0.221486543655137,0.281682219017479,0.0554769309352108,0.0601956753623415
0.288102358787077,0.246268277397003,0.262834344192958,0.284680264098021,-0.0418340813900741,0.0218459199050634
0.235028686873021,0.213255109067853,0.252218662795351,0.255706815448379,-0.0217735778051686,0.00348815265302738
0.21514053197261,0.301544225190174,0.232417425826338,0.262190971968297,0.086403693217564,0.0297735461419591
0.264587240122773,0.258540568355298,0.259376408548779,0.364434633444796,-0.00604667176747425,0.105058224896018
0.337926317025702,0.408637600664003,0.284084058704414,0.215062910789656,0.070711283638301,-0.0690211479147579
0.262487171847498,0.432109322294075,0.263120627400428,0.148589206328796,0.169622150446577,-0.114531421071632
0.288349451678954,0.239482326878686,0.220470882953431,0.363930653157724,-0.0488671248002678,0.143459770204293
0.184647473874542,0.215152105746469,0.177726096615209,0.18767918588776,0.0305046318719263,0.00995308927255079
0.315162580117997,0.470860922950226,0.256629505582482,0.199688537394524,0.155698342832228,-0.056940968187958
0.328575848848105,0.46839809916642,0.299365340176357,0.266782044512612,0.139822250318315,-0.0325832956637448
0.369011205444413,0.495439977685513,0.358717616736339,0.283781619586882,0.1264287722411,-0.0749359971494571
0.267699307521662,0.475562877704695,0.296983566434762,0.224138825959156,0.207863570183033,-0.0728447404756059
0.224988635721986,0.312894818168025,0.300846027643523,0.291683040933414,0.0879061824460391,-0.00916298671010957
0.247155019467088,0.345122525651239,0.315948261485355,0.280064021881418,0.0979675061841519,-0.0358842396039373
0.214773222116807,0.199150199376737,0.353130605824423,0.323332384206702,-0.0156230227400699,-0.0297982216177208
0.335274866839851,0.486053839201232,0.245394640989073,0.283190360680767,0.150778972361381,0.0377957196916941
0.29415184891999,0.456389343936925,0.25731780857419,0.267392368805924,0.162237495016934,0.010074560231734
0.366110528453869,0.427401036807299,0.267665187335381,0.223531277265048,0.0612905083534291,-0.0441339100703324
0.247278334075304,0.425445016768043,0.230095821525211,0.240238980056245,0.17816668269274,0.0101431585310338
0.312611089169992,0.351169956479579,0.297840252828039,0.244858661405802,0.0385588673095877,-0.0529815914222372
0.196429783098034,0.291270216998688,0.312625773159706,0.33917862240877,0.094840433900654,0.0265528492490638
0.227146828929427,0.195702745993744,0.247102582152215,0.295547020541224,-0.0314440829356827,0.0484444383890089
0.307012450259641,0.297712521572703,0.240863952323326,0.264811073295394,-0.00929992868693802,0.0239471209720674
0.228604495945893,0.280697393422544,0.200616977041929,0.36105153036552,0.0520928974766509,0.160434553323591
0.233681266267502,0.237018153120013,0.242724996311918,0.340576289077613,0.00333688685251188,0.0978512927656949
0.198581939457703,0.12574753497259,0.206152060821514,0.259663199349299,-0.0728344044851131,0.0535111385277854
0.213416612685252,0.271141574992663,0.232653554753424,0.335929578211957,0.0577249623074111,0.103276023458533
0.226754943429299,0.310887899050847,0.265990396724226,0.279620386331298,0.0841329556215479,0.0136299896070722
0.168102346483506,0.296925075882937,0.159769417763747,0.224375670809382,0.128822729399431,0.0646062530456346
0.21273663403067,0.337763350903141,0.256896726592324,0.349077263868362,0.125026716872471,0.0921805372760374
0.199054063372656,0.288236818419929,0.26826543659733,0.309590121975911,0.0891827550472734,0.0413246853785813
0.226704467835492,0.254351756085272,0.227370382512502,0.383121399401108,0.0276472882497804,0.155751016888605
0.228632498027131,0.341111831922241,0.295256873055105,0.244070405303432,0.11247933389511,-0.0511864677516726
0.222827082185634,0.258539290475997,0.267197770247333,0.226756064365042,0.0357122082903624,-0.0404417058822913
0.170603633570745,0.160794527069252,0.216541736539159,0.216358733561487,-0.00980910650149297,-0.000183002977672125
0.191457645937936,0.27551653747995,0.315540870575295,0.315283802209864,0.0840588915420144,-0.000257068365430324
0.246754935162512,0.337162736256649,0.308470125495669,0.35029539910042,0.0904078010941372,0.0418252736047509
0.1934679972506,0.273279117915845,0.207018051457051,0.252772350905051,0.079811120665245,0.0457542994480003
0.24622225565174,0.273355021792119,0.263131505307093,0.260204942468775,0.0271327661403786,-0.00292656283831771
0.245163770761575,0.351497613283263,0.275944325852422,0.343880269659363,0.106333842521687,0.0679359438069408
0.239571034161757,0.325422571704146,0.282162647979447,0.236943001711922,0.0858515375423896,-0.0452196462675251
0.235249890105148,0.397862032148987,0.265679257470179,0.30763701226787,0.162612142043839,0.0419577547976912
0.224035757921435,0.29671568438131,0.241745763037437,0.155881932413466,0.0726799264598745,-0.0858638306239715
0.212226741928668,0.362592947487564,0.266106975480826,0.363218955019453,0.150366205558896,0.0971119795386266
0.214118315511008,0.328526176787913,0.279907486718192,0.313497114187951,0.114407861276905,0.0335896274697589
0.2692495249105,0.408537031699402,0.278322110839062,0.283047987450897,0.139287506788902,0.00472587661183521
0.265200266656736,0.298315346329492,0.213739004895736,0.374385755835696,0.0331150796727557,0.16064675093996
0.199378385220242,0.279299887271125,0.225758831542469,0.261672497880381,0.0799215020508831,0.0359136663379122
0.306934354025524,0.401361722643197,0.278093386387485,0.224980087258483,0.0944273686176733,-0.0531132991290014
0.215781701950001,0.366083109103338,0.281041078326473,0.209731060859598,0.150301407153337,-0.0713100174668751
0.178468420505713,0.315772415046954,0.175301980162247,0.263005304933818,0.137303994541241,0.0877033247715711
0.210952320490733,0.248145337202981,0.221091553501247,0.283899646730536,0.0371930167122475,0.0628080932292893
0.291513492839298,0.247041632521822,0.258581664311204,0.276594850890084,-0.0444718603174757,0.0180131865788792
0.237001877583337,0.221764170407601,0.255184291477535,0.257161345840347,-0.0152377071757365,0.00197705436281176
0.220048883456165,0.307221514686347,0.222877630092642,0.264370904388576,0.0871726312301818,0.0414932742959342
0.250384342186916,0.24247596297937,0.259376408548779,0.336126187230474,-0.00790837920754578,0.0767497786816951
0.341201651897815,0.378441735211976,0.288456140835002,0.174283010806397,0.0372400833141608,-0.114173130028605
0.259167849854007,0.437166359426023,0.248708318505535,0.139752743223132,0.177998509572016,-0.108955575282404
0.288349451678954,0.239482326878686,0.223711263484974,0.36454883246146,-0.0488671248002678,0.140837568976486
0.181605031291319,0.222533659206845,0.17619154921516,0.163111604915909,0.0409286279155262,-0.0130799442992511
0.321566562305946,0.423599931267855,0.252945425916632,0.194366221854481,0.102033368961909,-0.0585792040621518
0.335221818706693,0.463116785267793,0.289188016503435,0.273504698144103,0.1278949665611,-0.0156833183593321
0.359343981658022,0.499789050473319,0.322854188244577,0.293310881844955,0.140445068815297,-0.0295433063996215
0.263852906512669,0.481461718009703,0.299896180983461,0.217133940615824,0.217608811497034,-0.082762240367637
0.228350513415149,0.316379853645087,0.304209947237711,0.292732847166803,0.0880293402299389,-0.011477100070908
0.25145669852525,0.342084100056307,0.317994171335539,0.269021303978525,0.0906274015310565,-0.0489728673570144
0.217824588603258,0.199150199376737,0.337798035472508,0.302035458611566,-0.0186743892265217,-0.0357625768609421
0.326806857766092,0.473645129494153,0.241862670382031,0.275852385520608,0.146838271728062,0.0339897151385762
0.297461633684512,0.434191964569168,0.26101650036026,0.236661133311178,0.136730330884656,-0.0243553670490821
0.352098413683463,0.431436763914135,0.272578894591797,0.227907589774434,0.0793383502306725,-0.0446713048173631
0.251028296049821,0.429509530643623,0.233914169093343,0.241959458193312,0.178481234593802,0.0080452890999694
0.289164635874546,0.357408317271715,0.303194377973596,0.230794831181067,0.0682436813971692,-0.0723995467925292
0.186250647539901,0.295179933947575,0.302496321513811,0.323832191839565,0.108929286407674,0.0213358703257541
0.227146828929427,0.195702745993744,0.249253831594118,0.296676672366499,-0.0314440829356827,0.0474228407723809
0.309589027924598,0.302151874060634,0.234459353136865,0.267273295906092,-0.0074371538639641,0.0328139427692268
0.230046879918441,0.280697393422544,0.200937285542497,0.362087998777033,0.0506505135041027,0.161150713234536
0.236893520157854,0.240753480173468,0.243956927022654,0.340576289077613,0.0038599600156137,0.0966193620549591
0.198581939457703,0.12574753497259,0.182023987789019,0.244016031121992,-0.0728344044851131,0.0619920433329728
0.213714341659466,0.271141574992663,0.234153115019617,0.337037524709361,0.0574272333331968,0.102884409689744
0.235694773438704,0.315957913903241,0.259890089415201,0.280488646428424,0.0802631404645371,0.0205985570132225
0.166380067744462,0.302240366749458,0.163420459831504,0.225918398834488,0.135860299004996,0.0624979390029844
0.208650622591489,0.344144953923744,0.242073433628687,0.330324253594006,0.135494331332255,0.0882508199653192
0.181560809309413,0.290594678661296,0.251786592875023,0.310172062133878,0.109033869351883,0.058385469258855
0.225173038424968,0.254351756085272,0.222538723990933,0.383675235845897,0.0291787176603043,0.161136511854964
0.233003653726952,0.341111831922241,0.273626833690225,0.244578219900732,0.108108178195289,-0.0290486137894929
0.224856827165907,0.24545181192836,0.268946798869683,0.227167495919493,0.0205949847624533,-0.04177930295019
0.171922484123383,0.160794527069252,0.218780713769919,0.218059943639018,-0.0111279570541309,-0.000720770130900994
0.195364622118395,0.25185857279641,0.310514013117047,0.315681862280598,0.0564939506780154,0.00516784916355056
0.251388343339615,0.306790532660783,0.312049011282687,0.350924157181243,0.0554021893211682,0.0388751458985553
0.196077873185628,0.260302427931877,0.209697758495323,0.253172831068554,0.0642245547462489,0.0434750725732309
0.237524092669084,0.274634748240361,0.254857913996179,0.263504171318855,0.0371106555712776,0.00864625732267671
0.243323750382013,0.345220828377535,0.27744915649363,0.318799414127576,0.101897077995521,0.0413502576339461
0.239018833798119,0.331213070544269,0.286503757514348,0.221241972851473,0.0921942367461509,-0.065261784662875
0.233126281124773,0.403769354871171,0.269638118961528,0.309212154796061,0.170643073746397,0.0395740358345332
0.221420089162195,0.295364662827036,0.24375134019591,0.161326594561155,0.073944573664841,-0.0824247456347555
0.204917739825695,0.368414838467638,0.249237587434495,0.368982238893694,0.163497098641944,0.119744651459199
0.218421417864579,0.330607738078513,0.256598394746444,0.256980134466217,0.112186320213934,0.000381739719773011
0.273469545618773,0.414554153008912,0.281311092387864,0.273164474041989,0.141084607390139,-0.00814661834587443
0.262519293219194,0.303069863076785,0.215650712189863,0.375469136052133,0.0405505698575904,0.159818423862271
0.201960252130547,0.278923326758888,0.230346185119548,0.261672497880381,0.0769630746283407,0.0313263127608333
0.275684583591968,0.402968433931261,0.280638151137727,0.22227615322235,0.127283850339293,-0.058361997915377
0.219803185657358,0.37548082460819,0.284454475357682,0.207538521193553,0.155677638950833,-0.0769159541641285
0.178468420505713,0.315697772344735,0.17894385967017,0.263815061883815,0.137229351839023,0.0848712022136451
0.210952320490733,0.248145337202981,0.226035023483318,0.265117584631436,0.0371930167122475,0.0390825611481185
0.272276528093518,0.247041632521822,0.252434060343612,0.278452005628495,-0.0252348955716953,0.0260179452848828
0.237001877583337,0.222672979839453,0.248884087157247,0.259324241052076,-0.0143288977438836,0.0104401538948292
0.223709968691314,0.305276184145229,0.225826584366498,0.25414207805149,0.0815662154539146,0.0283154936849924
0.250384342186916,0.245856655237609,0.259376408548779,0.336126187230474,-0.00452768694930661,0.0767497786816951
0.341201651897815,0.384413300794119,0.293272570243723,0.178989079126828,0.0432116488963037,-0.114283491116895
0.261334375924907,0.414745894566719,0.251309710939334,0.139752743223132,0.153411518641812,-0.111556967716202
0.250243931135855,0.239482326878686,0.214871671686707,0.365214516607891,-0.0107616042571681,0.150342844921184
0.183917363144842,0.222215105515009,0.173386733366887,0.143572061389772,0.0382977423701666,-0.0298146719771153
0.309087359403996,0.429680749471948,0.256245868366038,0.197501689089719,0.120593390067952,-0.0587441792763183
0.336009149361144,0.44288463506892,0.292344941313229,0.279662991379233,0.106875485707776,-0.0126819499339964
0.36248995991812,0.50289261484135,0.327181747118169,0.297689250695885,0.14040265492323,-0.0294924964222847
0.264390144922157,0.487156756252412,0.291659032209554,0.218995148144894,0.222766611330254,-0.0726638840646602
0.2255569113665,0.320797754721628,0.289139421697898,0.2953091675556,0.0952408433551285,0.00616974585770214
0.243870668731784,0.33224399799698,0.317994171335539,0.270417532208964,0.0883733292651967,-0.0475766391265756
0.219800911563535,0.199150199376737,0.339103670611434,0.30320091950197,-0.0206507121867988,-0.035902751109464
0.328700750119753,0.463710162272562,0.219049370185744,0.258630906507023,0.135009412152809,0.0395815363212789
0.29898118750529,0.428285476773925,0.265386147192551,0.207999631507974,0.129304289268635,-0.0573865156845778
0.3349178120532,0.429173528674242,0.258129510455523,0.235839712601214,0.0942557166210415,-0.0222897978543092
0.25246104942313,0.431602563685077,0.236993919571024,0.236112549292213,0.179141514261947,-0.000881370278810967
0.291809960083509,0.362515228432125,0.30437414799162,0.232404222250221,0.0707052683486163,-0.0719699257413985
0.184646757242213,0.288266356150345,0.305697319965543,0.325541031327703,0.103619598908132,0.0198437113621601
0.215823132369728,0.195702745993744,0.25054394361452,0.297132069094435,-0.0201203863759837,0.0465881254799153
0.298765444426004,0.307565622209873,0.235654680642789,0.254922687145763,0.00880017778386932,0.0192680065029743
0.232775355911767,0.280697393422544,0.200011716019937,0.363330688648393,0.0479220375107771,0.163318972628456
0.238761311389059,0.237764441200032,0.248967490984115,0.341921860321091,-0.000996870189026638,0.0929543693369756
0.20061926227874,0.12574753497259,0.182023987789019,0.203778979142076,-0.0748717273061492,0.021754991353057
0.2164090645391,0.271141574992663,0.235857792625157,0.338462217555445,0.0547325104535633,0.102604424930288
0.220129150612225,0.313520640537944,0.262659264160408,0.27134674663333,0.0933914899257189,0.00868748247292273
0.162238263942846,0.295235097926944,0.166365746634001,0.215258627558893,0.132996833984098,0.0488928809248923
0.212785387250245,0.349185921694326,0.236246557746064,0.330974009597754,0.136400534444082,0.0947274518516896
0.184502102873739,0.295932513755759,0.242846351267375,0.311819493178962,0.11143041088202,0.0689731419115871
0.226926292691509,0.257278812038444,0.217178596767353,0.365948493415163,0.0303525193469344,0.148769896647811
0.236920019827145,0.341111831922241,0.250756398497537,0.246964203117892,0.104191812095096,-0.00379219537964529
0.229968344684418,0.247562499480888,0.261024538925434,0.229257903975858,0.0175941547964703,-0.0317666349495759
0.171115226858342,0.169561521582141,0.214685593958771,0.215871844196861,-0.00155370527620094,0.00118625023808916
0.183220986320509,0.256112345065067,0.311653525846631,0.31768658697476,0.0728913587445578,0.00603306112812974
0.253355953563721,0.306790532660783,0.313645339738674,0.352816741821403,0.0534345790970623,0.0391714020827285
0.194627906753586,0.2625045182399,0.213576080225146,0.254702421689632,0.0678766114863146,0.0411263414644866
0.219783441652596,0.270580332296443,0.256750517197162,0.263504171318855,0.0507968906438467,0.00675365412169304
0.244319286222617,0.349146948644984,0.279748124727104,0.318799414127576,0.104827662422367,0.0390512894004721
0.241706557575786,0.324592763391733,0.290172415717163,0.222210469538761,0.0828862058159473,-0.0679619461784019
0.233798634070281,0.408291238685782,0.267690285080728,0.292408913001999,0.1744926046155,0.0247186279212716
0.207577178011358,0.296069352208794,0.23106195590269,0.145462440135556,0.0884921741974357,-0.0855995157671341
0.207539992686509,0.372674419662763,0.254976902896148,0.378391257718238,0.165134426976254,0.12341435482209
0.222500471741148,0.324516830559286,0.258178794535397,0.266191399784137,0.102016358818138,0.00801260524874015
0.274739659047302,0.419523538013869,0.285583836054099,0.269013632707898,0.144783878966567,-0.0165702033462006
0.252254451543193,0.307439184348044,0.218958995590565,0.376622546328938,0.0551847328048514,0.157663550738373
0.20314373336536,0.278915315412033,0.225528515235847,0.216939264328444,0.0757715820466732,-0.00858925090740301
0.273294207746864,0.392770150322412,0.285436798896896,0.23542156865753,0.119475942575548,-0.0500152302393662
0.222054767280315,0.368899423838682,0.275686509839932,0.179592309949903,0.146844656558368,-0.0960941998900292
0.178468420505713,0.316830259417221,0.174756472078637,0.266508340238661,0.138361838911509,0.091751868160024
0.219111030173374,0.260041217899026,0.229556306103601,0.266544948635489,0.0409301877256517,0.0369886425318883
0.275198409311736,0.254324918918653,0.24209587869453,0.281724385138342,-0.0208734903930834,0.0396285064438126
0.219807890717399,0.226271372497248,0.238491596804294,0.24598807808697,0.00646348177984943,0.00749648128267605
0.227228056973653,0.292171271655922,0.229034806404919,0.249570683703062,0.0649432146822695,0.0205358772981426
0.236734690666046,0.241299906449999,0.236859110365323,0.32146882054042,0.00456521578395272,0.0846097101750972
0.326418675448015,0.388220997035785,0.296742896975738,0.180697315586802,0.0618023215877702,-0.116045581388936
0.265250306569203,0.396677560245307,0.25389394454783,0.146250006242034,0.131427253676105,-0.107643938305797
0.256266717875222,0.239482326878686,0.204461364775594,0.348024017618765,-0.0167843909965354,0.143562652843171
0.179418809630453,0.214108071668008,0.166763760563134,0.133405091465419,0.0346892620375548,-0.0333586690977146
0.303424813196579,0.410098778753621,0.259830915951408,0.188000277178937,0.106673965557041,-0.0718306387724714
0.339008717443163,0.445610613062937,0.296928076788229,0.279662991379233,0.106601895619775,-0.0172650854089962
0.317375185738335,0.50289261484135,0.31215136271032,0.269460982913486,0.185517429103015,-0.0426903797968335
0.258952654346708,0.45373116808012,0.285786759786255,0.211124849541182,0.194778513733413,-0.0746619102450721
0.228252417857426,0.322604659235198,0.29150419643396,0.291497859367844,0.0943522413777719,-6.337066116191e-06
0.237898758834686,0.334130620681709,0.288459928205151,0.26365320930364,0.0962318618470232,-0.024806718901511
0.207417174390967,0.199150199376737,0.321156218500409,0.305077203859928,-0.0082669750142301,-0.0160790146404816
0.332139700672609,0.463710162272562,0.222505952607636,0.259976243544902,0.131570461599953,0.0374702909372664
0.293948529207458,0.429103220846899,0.261705206336674,0.209516778432439,0.135154691639441,-0.0521884279042359
0.321905203621902,0.429173528674242,0.261624357840807,0.200477419561598,0.10726832505234,-0.061146938279209
0.255882287361707,0.431602563685077,0.230453177592738,0.238542074459063,0.17572027632337,0.00808889686632427
0.267686101324963,0.365776992497614,0.296391347377931,0.234606181627118,0.0980908911726504,-0.0617851657508131
0.187876408856773,0.278052565483112,0.295579235854216,0.316382060527663,0.0901761566263397,0.0208028246734469
0.215823132369728,0.195702745993744,0.255012998382904,0.297812227029552,-0.0201203863759837,0.0427992286466483
0.301613390565947,0.299266872845692,0.233398174718913,0.256251227950114,-0.00234651772025496,0.022853053231201
0.238120241503932,0.280697393422544,0.192639049444609,0.365464296907175,0.0425771519186114,0.172825247462566
0.235660869866277,0.235008039668152,0.253981485925258,0.311633946776469,-0.000652830198124538,0.0576524608512116
0.204702435075708,0.12574753497259,0.164694724212521,0.175570005994188,-0.0789549001031172,0.0108752817816671
0.220631367252561,0.245157100823821,0.232756990922556,0.310439768756841,0.0245257335712594,0.0776827778342848
0.220129150612225,0.294253192114997,0.265194807550893,0.260175549214191,0.0741240415027725,-0.00501925833670236
0.159480723916422,0.290225127053451,0.165080222428654,0.217423760750782,0.130744403137028,0.0523435383221287
0.198822900396557,0.327497472889624,0.239999522618838,0.331963816828042,0.128674572493067,0.0919642942092037
0.181285853953468,0.295374414251358,0.234233473671275,0.313992290992203,0.11408856029789,0.0797588173209274
0.231168652061137,0.257278812038444,0.220948232230708,0.367800145574848,0.0261101599773068,0.146851913344141
0.242310330360349,0.347583637885297,0.237345687843076,0.243954319446454,0.105273307524947,0.00660863160337774
0.233513195834992,0.251878779418151,0.264173035233359,0.230703669641599,0.018365583583159,-0.0334693655917603
0.173271116369047,0.168306834387909,0.210964439695102,0.21526516950611,-0.00496428198113805,0.00430072981100818
0.189270413738222,0.259591062208237,0.314459607735184,0.320463408904755,0.0703206484700157,0.00600380116957094
0.252885711702882,0.308989503570036,0.315718195837098,0.343316396433736,0.056103791867154,0.027598200596638
0.197204311936634,0.265285551748763,0.216722074639975,0.24724905493799,0.0680812398121293,0.0305269802980153
0.220702093321275,0.27174715203263,0.25873460149145,0.2652286252832,0.0510450587113548,0.00649402379175001
0.249825353162117,0.351531617443199,0.274123373707126,0.320223262700806,0.101706264281082,0.0460998889936796
0.236888055480137,0.327053564838938,0.282616344436727,0.223406564273603,0.0901655093588015,-0.0592097801631239
0.237699121460838,0.391713011530351,0.271653467836945,0.294055559581148,0.154013890069514,0.0224020917442035
0.210540719374887,0.284823451313079,0.233250240256855,0.146551645165368,0.0742827319381919,-0.0866985950914869
0.210464696756515,0.374631945424732,0.256810840441862,0.382533352232302,0.164167248668216,0.125722511790441
0.219053288240096,0.32811503468242,0.258178794535397,0.269191203451616,0.109061746442324,0.0110124089162189
0.279489206444814,0.422604588000886,0.276758340278144,0.271053814821903,0.143115381556072,-0.00570452545624056
0.248209087434831,0.310212421021052,0.216690693967518,0.378400545557432,0.0620033335862208,0.161709851589915
0.206722598739721,0.268281611027355,0.228130302049973,0.202287938472879,0.0615590122876341,-0.0258423635770937
0.273294207746864,0.395109877605647,0.28784095376009,0.216091799428833,0.121815669858783,-0.0717491543312565
0.222682570431349,0.370893989310943,0.266532556673025,0.161783290980439,0.148211418879593,-0.104749265692586
0.179965909497643,0.317710622389048,0.178105225310624,0.270698661842027,0.137744712891405,0.0925934365314031
0.219111030173374,0.260041217899026,0.23059569885638,0.26903697546653,0.0409301877256517,0.0384412766101499
0.275198409311736,0.264482955859063,0.232282516047125,0.266805976111325,-0.0107154534526732,0.0345234600642003
0.216671325352887,0.224757358131656,0.240263190460269,0.249251341468557,0.00808603277876893,0.00898815100828768
0.232206430006186,0.292401617246957,0.230403365270888,0.246137289759241,0.060195187240771,0.0157339244883527
0.241540908223157,0.243168162384493,0.236859110365323,0.289118213594507,0.00162725416133597,0.0522591032291835
0.317572320460272,0.360174000188033,0.303083977978516,0.186110097140683,0.0426016797277609,-0.116973880837833
0.269308706179317,0.396677560245307,0.259533662426384,0.151915993527911,0.12736885406599,-0.107617668898473
0.256266717875222,0.271107176729722,0.207416871046657,0.333251230435385,0.0148404588545004,0.125834359388727
0.182998051558379,0.224598873332019,0.166439050495764,0.135610347050748,0.0416008217736403,-0.0308287034450158
0.307216032595303,0.411251028133834,0.264022121508258,0.185857750663875,0.104034995538531,-0.078164370844383
0.330317232617516,0.446267676928246,0.273278365691187,0.285569343565783,0.115950444310729,0.0122909778745957
0.309698225199171,0.50289261484135,0.280358703103119,0.275759031353788,0.193194389642178,-0.0045996717493309
0.263029925170577,0.454894128139578,0.276739074330369,0.204238744548374,0.191864202969001,-0.0725003297819947
0.232285097660245,0.317363548589164,0.292411882076807,0.292906733098337,0.085078450928919,0.00049485102153024
0.242172428302569,0.319248542749133,0.26802369368561,0.266511459616465,0.0770761144465639,-0.00151223406914519
0.204189748325579,0.21204727362533,0.322233716421369,0.306766389758866,0.00785752529975106,-0.0154673266625033
0.335930840208889,0.463710162272562,0.225108474694735,0.243411352055103,0.127779322063673,0.0183028773603682
0.297108429071719,0.406422509043983,0.26554331948371,0.190781879892114,0.109314079972264,-0.0747614395915964
0.281125660218661,0.429963390672303,0.262261275814431,0.194617702141269,0.148837730453642,-0.067643573673162
0.251254386987206,0.431602563685077,0.232673435138513,0.234915291344238,0.180348176697871,0.00224185620572431
0.257063252237542,0.355398848345813,0.296391347377931,0.230934398031352,0.098335596108271,-0.0654569493465791
0.189776770469711,0.282979938308597,0.299121354349448,0.317750548863909,0.0932031678388867,0.0186291945144603
0.215823132369728,0.223652623609661,0.257767495513122,0.278407120668229,0.0078294912399334,0.020639625155107
0.302647590458194,0.301677101529617,0.233914300202421,0.251638929317123,-0.00097048892857643,0.0177246291147028
0.233471344651919,0.262078358595059,0.194959213208993,0.368155488682882,0.0286070139431395,0.173196275473889
0.232673743927018,0.240219444733791,0.23246442877173,0.300110600190246,0.0075457008067728,0.0676461714185152
0.207119150320522,0.170403235293624,0.168757371543712,0.179317558621809,-0.0367159150268984,0.0105601870780972
0.216182073636695,0.236683324338661,0.235880542488112,0.313079555643867,0.0205012507019661,0.0771990131557552
0.221420282616333,0.290339729687442,0.257838784422802,0.262205485795311,0.0689194470711088,0.00436670137250972
0.158039226742811,0.293220514687447,0.168353847659868,0.196056036808535,0.135181287944636,0.0277021891486673
0.201967594148735,0.330747879407615,0.232160777833192,0.33464013826127,0.12878028525888,0.102479360428079
0.182404897872164,0.294069067719678,0.237695218725083,0.315118866081277,0.111664169847514,0.0774236473561942
0.235226160214775,0.244597080367804,0.217661617812641,0.370797804646086,0.00937092015302871,0.153136186833444
0.243356708726957,0.347583637885297,0.240768266256965,0.242517539609071,0.10422692915834,0.00174927335210612
0.217050400506287,0.243603857820669,0.259809558777988,0.233472811857832,0.0265534573143823,-0.0263367469201557
0.176929078029246,0.168306834387909,0.207577898846677,0.217522656307503,-0.00862224364133646,0.00994475746082621
0.191309301175647,0.266476294024162,0.303049063964014,0.322280996069697,0.0751669928485154,0.0192319321056828
0.254152557501774,0.279754496816727,0.318715838005643,0.344490079273554,0.0256019393149531,0.0257742412679107
0.200046991550853,0.269227898934103,0.212623432314405,0.24916671148394,0.0691809073832508,0.036543279169535
0.209744391177567,0.272974074011467,0.263900134235313,0.254548509244604,0.0632296828339001,-0.00935162499070996
0.247870990453554,0.340879097929551,0.248015957637073,0.320649515188631,0.0930081074759967,0.0726335575515581
0.228197964188605,0.329354167859687,0.279325708913043,0.225742299094161,0.101156203671083,-0.053583409818882
0.235062964291501,0.393435595078094,0.274767640119662,0.29731833600857,0.158372630786593,0.0225506958889081
0.21099538706161,0.286947945219145,0.236512548562238,0.135396211030478,0.0759525581575347,-0.10111633753176
0.205767443600297,0.376152654677964,0.243773799130491,0.392114405258652,0.170385211077667,0.148340606128162
0.218821981737793,0.329925266631488,0.247567564372868,0.277656558886819,0.111103284893694,0.0300889945139509
0.283860159286242,0.423642091618185,0.281549480759751,0.273478261677574,0.139781932331944,-0.00807121908217667
0.251995388168537,0.312529584516568,0.212843238709859,0.381445405522559,0.0605341963480318,0.168602166812699
0.204480383733545,0.269885005920752,0.232196050610194,0.200328433474075,0.0654046221872069,-0.0318676171361183
0.273294207746864,0.397602363512751,0.268314612897088,0.210021917539971,0.124308155765887,-0.0582926953571166
0.22527411476519,0.361307425356131,0.271043508342007,0.16318506656988,0.136033310590941,-0.107858441772128
0.181808741946742,0.298657190590427,0.181589954432444,0.251386570793102,0.116848448643684,0.0697966163606581
0.219111030173374,0.269158068014699,0.232007778511319,0.253528761361069,0.0500470378413249,0.0215209828497503
0.275198409311736,0.268540728324097,0.229699520693675,0.268249584203399,-0.00665768098763864,0.0385500635097245
0.220182244434895,0.211383794742393,0.236453074476954,0.250241255124909,-0.00879844969250265,0.0137881806479546
0.236015169432745,0.296621048340926,0.233659158834658,0.248611524835747,0.060605878908181,0.014952366001089
0.243873465272271,0.246861770497987,0.230201244971238,0.266196121661867,0.00298830522571589,0.035994876690629
0.231930307655488,0.343447402720446,0.266172970288465,0.21553127785582,0.111517095064958,-0.0506416924326447
0.305644862000564,0.35771304497319,0.274117341298949,0.252444328466244,0.0520681829726263,-0.0216730128327048
0.229589275770749,0.204509831961575,0.204472047661769,0.247880411941691,-0.0250794438091746,0.0434083642799225
0.278873309276539,0.288306126159312,0.197250749852441,0.226806279716121,0.00943281688277375,0.0295555298636805
0.295485618689487,0.404625348366168,0.271299473639785,0.286096683155601,0.109139729676681,0.0147972095158165
0.430362919940585,0.389435203576322,0.235235547801358,0.260517482824684,-0.0409277163642635,0.0252819350233262
0.385295459957416,0.448507932861555,0.323602417515172,0.302182820340398,0.0632124729041388,-0.0214195971747734
0.301762754234188,0.35256435052716,0.226478296906729,0.247825166795034,0.0508015962929724,0.0213468698883054
0.278065739643928,0.279855308905242,0.263306690302448,0.282396541068263,0.00178956926131391,0.0190898507658144
0.273326711869926,0.299534475012932,0.248260296494931,0.264809063689464,0.0262077631430058,0.0165487671945329
0.271857455322268,0.216119746707271,0.339430232474974,0.234107434149618,-0.055737708614997,-0.105322798325356
0.348077207842911,0.421512761351981,0.354940988047406,0.29401043385012,0.0734355535090702,-0.0609305541972865
0.337684440317649,0.379826188416407,0.272919288684471,0.29266190947543,0.042141748098758,0.0197426207909583
0.229968956253677,0.342648118158835,0.226496166163884,0.275768573092184,0.112679161905158,0.0492724069282997
0.215306786664595,0.307319270789127,0.245251036793269,0.280969179308074,0.0920124841245316,0.0357181425148045
0.284845273175166,0.352015884587082,0.253702792191585,0.322186772830547,0.0671706114119164,0.0684839806389614
0.261152821266174,0.254762435076152,0.276450770887363,0.290794007869398,-0.00639038619002213,0.0143432369820346
0.239070258390953,0.315616779668737,0.217309969009439,0.201354502392821,0.0765465212777836,-0.0159554666166179
0.218134183798819,0.304568407557547,0.248654489199793,0.205526051635002,0.0864342237587284,-0.043128437564791
0.23446555959937,0.392563631727293,0.250504120149079,0.172701018105057,0.158098072127923,-0.0778031020440223
0.264675274734166,0.349530462752102,0.233809916221201,0.190600902030249,0.084855188017936,-0.0432090141909521
0.246419732112664,0.215255780341791,0.283095366027344,0.202022226774073,-0.0311639517708727,-0.0810731392532714
0.267846769182849,0.279677852867316,0.265201766941104,0.195958619763234,0.0118310836844673,-0.0692431471778706
0.247280495132197,0.265578147448301,0.282223787236259,0.225495437937066,0.018297652316104,-0.0567283492991935
0.225877556909112,0.303279057457264,0.200017835663456,0.203361349543092,0.0774015005481528,0.00334351387963597
0.254181675719418,0.243941886859756,0.21275263604,0.247168773136169,-0.0102397888596615,0.0344161370961695
0.228988625260493,0.273044526845305,0.316885711940373,0.298285687145033,0.0440559015848126,-0.01860002479534
0.225435097765874,0.153412282226472,0.208995326901634,0.201971481152094,-0.0720228155394018,-0.0070238457495406
0.249394036953037,0.274140068388049,0.249291158610697,0.250571644572386,0.0247460314350121,0.00128048596168925
0.281698305854134,0.170091828128067,0.213824880373025,0.246446314378554,-0.111606477726067,0.0326214340055294
0.292307677606417,0.151082450030848,0.455070442872078,0.289196437919236,-0.141225227575569,-0.165874004952842
0.308017445641898,0.239421790459401,0.305242949897017,0.31391686214529,-0.0685956551824965,0.00867391224827269
0.287107447280781,0.271317062902951,0.344487208871137,0.268497325855765,-0.0157903843778308,-0.0759898830153712
0.253656597545031,0.160809758264434,0.2539342835114,0.236567799752918,-0.0928468392805966,-0.0173664837584825
0.286871435620351,0.274898891339467,0.204561668585122,0.24243071040252,-0.0119725442808845,0.0378690418173983
0.193495049784327,0.184358381957578,0.223422406946766,0.231627592662586,-0.00913666782674913,0.00820518571582016
0.358626505619462,0.358071271849422,0.26586863777671,0.177102062704967,-0.000555233770039409,-0.0887665750717432
0.29714191995421,0.262055773849829,0.233670625546892,0.207684878110799,-0.0350861461043812,-0.0259857474360923
0.307199868190758,0.352910439833089,0.297816869721679,0.195682659454549,0.0457105716423303,-0.102134210267131
0.311914084639484,0.276101481795317,0.237200090069176,0.35757018777961,-0.0358126028441667,0.120370097710434
0.333999220719756,0.258448159741146,0.365854700813762,0.358142811833666,-0.0755510609786101,-0.00771188898009584
0.284323755451241,0.30590493370957,0.196476044871588,0.231714546154268,0.0215811782583281,0.0352385012826795
0.285272634618157,0.3170964495436,0.223758798517861,0.218967753314649,0.031823814925443,-0.00479104520321216
0.322383603293404,0.349959860234317,0.23942623833877,0.176453370717411,0.0275762569409128,-0.0629728676213591
0.396052468201375,0.40350438725256,0.204118905978411,0.21064574480442,0.00745191905118464,0.00652683882600949
0.348731879151318,0.349478635388654,0.190093966711276,0.232687884961674,0.00074675623733611,0.042593918250398
0.262679295710333,0.252642465153829,0.208692144500818,0.210233427688235,-0.0100368305565036,0.00154128318741692
0.314698848558382,0.354015209976031,0.418571376170071,0.358708721749297,0.0393163614176492,-0.0598626544207739
0.295105740756129,0.272458020752331,0.313370651369549,0.233325653863968,-0.0226477200037979,-0.0800449975055809
0.311151663749628,0.237529812299492,0.391328468236835,0.272855872620734,-0.0736218514501365,-0.118472595616101
0.311813375972896,0.250718718049492,0.304289949186105,0.27583888761274,-0.0610946579234037,-0.0284510615733652
0.209744809839152,0.347511728206607,0.373383057720155,0.257971347696371,0.137766918367455,-0.115411710023784
0.234195253655627,0.346973418514061,0.270807549868069,0.208659597772461,0.112778164858434,-0.062147952095608
0.31146355858262,0.359992754565765,0.277862046959515,0.255199773393531,0.0485291959831451,-0.0226622735659839
0.260013001017318,0.213348811932904,0.207026723638641,0.240805521079797,-0.0466641890844137,0.0337787974411554
0.267686547994481,0.288961283909725,0.199702303985796,0.210711872861658,0.0212747359152442,0.0110095688758625
0.301323740017574,0.389518975975342,0.271631573330767,0.2830280526037,0.0881952359577683,0.0113964792729329
0.390919746280303,0.39490121747402,0.239158374751524,0.259245882130309,0.0039814711937165,0.0200875073787858
0.390216126272817,0.453071892691511,0.310508950696944,0.292955066663648,0.0628557664186937,-0.0175538840332964
0.298568140938897,0.341296948454346,0.213778626896441,0.250663987562719,0.0427288075154494,0.0368853606662782
0.281376291157103,0.275744017940277,0.268648219070741,0.280429373054424,-0.00563227321682552,0.0117811539836831
0.260920524736685,0.28931789016165,0.254093372976883,0.257128882550301,0.0283973654249657,0.00303550957341825
0.275895800994624,0.19613084905339,0.343015636034093,0.23292261944184,-0.0797649519412344,-0.110093016592253
0.342772594439229,0.406786418080122,0.357346266029209,0.296445075953272,0.0640138236408929,-0.0609011900759372
0.323901731358869,0.384068862420307,0.277846727290313,0.297220874075938,0.0601671310614375,0.0193741467856249
0.231080460826973,0.345858354273521,0.215285289866563,0.263608129815428,0.114777893446548,0.048322839948865
0.217933444082437,0.310128862559003,0.249107150155323,0.283672163128108,0.0921954184765669,0.0345650129727855
0.288119683189337,0.355096942363321,0.251244604121055,0.325439235241597,0.0669772591739842,0.0741946311205414
0.252040089008184,0.24846812928641,0.271819440538694,0.270183605804696,-0.00357195972177399,-0.00163583473399775
0.239070258390953,0.31976282603281,0.212574318133415,0.202196035977,0.080692567641857,-0.0103782821564156
0.221019813975638,0.307040412466841,0.245942079819499,0.206434853631693,0.0860205984912023,-0.0395072261878058
0.236793185568007,0.392563631727293,0.254485519018536,0.1742555771742,0.155770446159286,-0.0802299418443359
0.267871182045839,0.347288331683841,0.236501164644971,0.193215622118383,0.0794171496380016,-0.0432855425265882
0.249849686079971,0.218411813404654,0.27440326282109,0.202022226774073,-0.0314378726753166,-0.0723810360470172
0.259045920732448,0.283068791990783,0.268009606402062,0.197558897222394,0.0240228712583352,-0.0704507091796682
0.249621174506796,0.265578147448301,0.26376801177013,0.228499776894974,0.015956972941505,-0.0352682348751562
0.224020336385147,0.293700241524207,0.20348674030909,0.204576904201162,0.0696799051390599,0.00109016389207267
0.252725290869391,0.247069572981317,0.216755593301271,0.25072464934898,-0.00565571788807323,0.0339690560477087
0.228325774744109,0.274858369489246,0.322195687214411,0.275343121689395,0.0465325947451368,-0.0468525655250162
0.22452159459436,0.156551567663829,0.210400422288549,0.20618700076939,-0.0679700269305313,-0.00421342151915907
0.253733252806481,0.274140068388049,0.238691677662995,0.259937563023356,0.0204068155815684,0.0212458853603614
0.291413228961727,0.174542937671393,0.214436329540885,0.255180643779942,-0.116870291290334,0.0407443142390575
0.277706835077496,0.151082450030848,0.455070442872078,0.289196437919236,-0.126624385046648,-0.165874004952842
0.311871524369496,0.241959189729428,0.298465639266908,0.319017373453727,-0.0699123346400679,0.0205517341868184
0.295038861949228,0.26217847306149,0.346389186327809,0.25922138161625,-0.0328603888877381,-0.0871678047115592
0.257322448070964,0.163482855770305,0.245924820904636,0.244223209179546,-0.0938395923006585,-0.00170161172508967
0.286698541360032,0.262973885346406,0.210432563574276,0.232115997040213,-0.0237246560136259,0.0216834334659375
0.202012408593109,0.173642993705817,0.220157018892464,0.236897166917187,-0.0283694148872927,0.0167401480247233
0.360790989781046,0.367727420788232,0.268947884585005,0.186461796493839,0.00693643100718588,-0.082486088091166
0.290508888385935,0.262691926989259,0.22592928899792,0.211810907513318,-0.0278169613966762,-0.0141183814846022
0.310397746349233,0.335598568628658,0.299392372878974,0.188487008747338,0.0252008222794249,-0.110905364131636
0.314414672850904,0.280615857544667,0.239462166198458,0.35757018777961,-0.0337988153062371,0.118108021581151
0.321613761689783,0.263057494022424,0.365854700813762,0.337121875952241,-0.0585562676673587,-0.0287328248615202
0.287413504177441,0.309999981401129,0.200305620460878,0.235102681306094,0.0225864772236889,0.0347970608452153
0.287995167145805,0.321344607893547,0.220954457068732,0.222173120855189,0.0333494407477419,0.00121866378645727
0.325416996233568,0.358031001572982,0.229672443118845,0.164403403809105,0.0326140053394142,-0.0652690393097397
0.397334179277669,0.391614470661674,0.2075339650112,0.21346147796114,-0.00571970861599508,0.00592751294993965
0.352321797327308,0.356298780539272,0.193744340458033,0.233427598744279,0.00397698321196416,0.0396832582862463
0.266997733555104,0.256250276677922,0.212610592908374,0.210233427688235,-0.010747456877182,-0.00237716522013925
0.320479985163267,0.354015209976031,0.418571376170071,0.358708721749297,0.0335352248127648,-0.0598626544207739
0.275965597715465,0.272458020752331,0.313370651369549,0.230299998571759,-0.00350757696313364,-0.08307065279779
0.312704260141025,0.224015065349998,0.393238746146607,0.275699273056852,-0.0886891947910273,-0.117539473089755
0.315311829067891,0.254107209079407,0.268228456468148,0.277351626137714,-0.0612046199884836,0.00912316966956539
0.215732853005456,0.347511728206607,0.373383057720155,0.260247754517706,0.131778875201151,-0.113135303202449
0.23756811597462,0.352762803300334,0.272745026802394,0.210347293920385,0.115194687325714,-0.062397732882009
0.299225460738025,0.355621968608294,0.28113329698843,0.237290591057495,0.0563965078702691,-0.0438427059309347
0.260013001017318,0.213348811932904,0.199087076289643,0.228447411791479,-0.0466641890844137,0.0293603355018358
0.270886900277821,0.293492713715483,0.197162801027434,0.188966101897558,0.0226058134376616,-0.00819669912987644
0.290353892564052,0.393578549720752,0.274937860656101,0.273867981103736,0.1032246571567,-0.00106987955236526
0.390919746280303,0.388150648178271,0.242294691014591,0.260821969447603,-0.00276909810203257,0.0185272784330124
0.390216126272817,0.456497533156993,0.313654923012265,0.292955066663648,0.0662814068841763,-0.0206998563486169
0.28886373157534,0.34580172110047,0.209014525107591,0.253589434405879,0.0569379895251296,0.0445749092982872
0.277020308519904,0.279742446949494,0.272843235909709,0.281359915870662,0.00272213842958979,0.00851667996095323
0.264115034312047,0.289434807767552,0.259712524165184,0.258068290877871,0.0253197734555048,-0.001644233287313
0.281631363482382,0.187034222532402,0.33025483482977,0.236161734726789,-0.0945971409499803,-0.094093100102981
0.344725314543322,0.396544400085708,0.32444854462803,0.296445075953272,0.0518190855423856,-0.0280034686747588
0.328200292190808,0.387915874949461,0.279049456374577,0.297220874075938,0.0597155827586529,0.018171417701361
0.23518447942466,0.335458353995532,0.216519901773856,0.267022372330134,0.100273874570872,0.0505024705562783
0.220820753588688,0.306505520266316,0.250994444622228,0.275105300487742,0.0856847666776277,0.0241108558655144
0.291362260955518,0.358852315906272,0.24863998024359,0.326135585140656,0.0674900549507549,0.0774956048970655
0.249373434831692,0.246729482483151,0.262862248696159,0.270183605804696,-0.00264395234854078,0.00732135710853704
0.239070258390953,0.316617879937655,0.209140751500996,0.193157715592665,0.0775476215467012,-0.0159830359083307
0.224117135216628,0.299633912688418,0.231517148192948,0.196279432505144,0.0755167774717898,-0.0352377156878034
0.235939139767072,0.320903680438159,0.257068768333628,0.18052863493159,0.084964540671087,-0.0765401334020386
0.272118039867355,0.350367358394192,0.241538574114064,0.186803161179461,0.0782493185268364,-0.0547354129346032
0.244413208502189,0.224212572961745,0.278542554789248,0.208474823375821,-0.0202006355404439,-0.0700677314134264
0.263540677091431,0.267362602802108,0.271066911286121,0.20671338763683,0.00382192571067719,-0.0643535236492908
0.247686130376586,0.267318233903068,0.266857929671722,0.230023422110499,0.0196321035264825,-0.0368345075612235
0.226371436509736,0.284664052988717,0.208220547611045,0.205197696651262,0.0582926164789812,-0.00302285095978355
0.237924262646815,0.241625575123669,0.211263511245129,0.255119094286885,0.00370131247685393,0.043855583041756
0.233906095113409,0.274858369489246,0.312580989760742,0.277644045455282,0.0409522743758366,-0.0349369443054594
0.229795017640786,0.165113477449009,0.214031407809002,0.208650905444337,-0.0646815401917767,-0.00538050236466417
0.257028593770767,0.274140068388049,0.232914950662037,0.268600517411886,0.0171114746172822,0.0356855667498491
0.291413228961727,0.161689128983067,0.204215270194291,0.243184759250889,-0.12972409997866,0.0389694890565979
0.279237431545592,0.151082450030848,0.398803945810703,0.29267764143261,-0.128154981514743,-0.106126304378092
0.301516719556382,0.24575915002041,0.291179408081327,0.320140359365163,-0.0557575695359721,0.0289609512838361
0.291679473159621,0.263596503665819,0.34981335825276,0.250405648047884,-0.0280829694938019,-0.0994077102048753
0.250770157149981,0.163564986538882,0.227578073331616,0.231718853080987,-0.0872051706110989,0.0041407797493713
0.292814861951478,0.266055699232085,0.207680438597753,0.234727755173271,-0.0267591627193931,0.0270473165755185
0.206306176956696,0.180317865221046,0.218461188211484,0.219824042182765,-0.0259883117356502,0.00136285397128028
0.366640550552487,0.372476282969961,0.272250050075967,0.181883339975405,0.0058357324174742,-0.0903667101005617
0.296879305415622,0.26594097252225,0.230294430401944,0.194638946543696,-0.0309383328933716,-0.0356554838582479
0.306962231134541,0.33933451691673,0.302813595325781,0.175366699808264,0.0323722857821884,-0.127446895517518
0.307688820537149,0.283262912459511,0.24284603676652,0.342666748561754,-0.0244259080776373,0.0998207117952345
0.323481920642367,0.256735660929955,0.319554861772751,0.345701443147399,-0.066746259712412,0.0261465813746483
0.281608220753224,0.314641837217413,0.203297385158549,0.229321276425644,0.0330336164641891,0.0260238912670942
0.291919986889485,0.316118029538858,0.223639791380098,0.223290319993786,0.0241980426493724,-0.000349471386311778
0.317458741952211,0.318486256803051,0.235079885025697,0.169321074546302,0.00102751485083957,-0.0657588104793954
0.346944840613157,0.39773073788564,0.211984560007737,0.215319887326333,0.0507858972724832,0.00333532731859579
0.357247388562095,0.361540971585846,0.198071627380843,0.235516370861359,0.00429358302375082,0.0374447434805156
0.263193318091146,0.244677268358025,0.214103604203941,0.186610657335382,-0.0185160497331216,-0.0274929468685592
0.325767285191746,0.354015209976031,0.418571376170071,0.347633558444578,0.0282479247842853,-0.0709378177254932
0.27832812511854,0.27542346369614,0.313370651369549,0.232873466022577,-0.00290466142239998,-0.0804971853469722
0.315190437554642,0.224591898265808,0.393238746146607,0.278972366630307,-0.0905985392888339,-0.1142663795163
0.306462397325821,0.257942179328854,0.259658073052244,0.281321687181924,-0.0485202179969672,0.0216636141296807
0.197564179177075,0.352166090847675,0.373383057720155,0.264490687342258,0.154601911670601,-0.108892370377898
0.236557210599967,0.357058710969441,0.272745026802394,0.188619341680117,0.120501500369474,-0.0841256851222769
0.299225460738025,0.358513885995271,0.284589616772948,0.239447284962385,0.0592884252572461,-0.0451423318105624
0.260013001017318,0.208783460199639,0.202952234097367,0.228070574974666,-0.0512295408176783,0.0251183408772992
0.273533299294765,0.294807485252956,0.200503596076392,0.194919163422819,0.0212741859581904,-0.00558443265357303
0.293372114680159,0.397652972863521,0.275949825705254,0.278037608604651,0.104280858183362,0.00208778289939737
0.367886513619705,0.382284119321416,0.244898427643727,0.251335482834283,0.0143976057017108,0.00643705519055621
0.391916966046108,0.436393348391277,0.315045032829765,0.296038946558302,0.0444763823451688,-0.0190060862714625
0.296888142062286,0.339597860037483,0.21031713659796,0.256217498480423,0.0427097179751969,0.0459003618824633
0.281375492778576,0.276881114845414,0.253646490667757,0.260279550975315,-0.00449437793316143,0.00663306030755767
0.258893218123414,0.291974234653937,0.262502256738093,0.261176120094926,0.0330810165305236,-0.00132613664316739
0.262903341027304,0.189798692234817,0.335952441617097,0.232574575253166,-0.0731046487924867,-0.103377866363931
0.344725314543322,0.382961808232475,0.32444854462803,0.284734806586371,0.0382364936891534,-0.0397137380416599
0.331626719765612,0.390600829976207,0.2821939439797,0.301611569220969,0.0589741102105946,0.0194176252412688
0.236119226742303,0.337840781971402,0.220248105179387,0.259966915288431,0.1017215552291,0.0397188101090434
0.216422060699408,0.308944287039815,0.253781415733849,0.277807767410549,0.0925222263404077,0.0240263516767004
0.266564066745802,0.34884872541907,0.251122096187227,0.317178145897728,0.0822846586732675,0.0660560497105014
0.240800183900806,0.242361279224737,0.265253635991063,0.264115723720271,0.00156109532393059,-0.00113791227079113
0.208483460260759,0.318380066486084,0.205289146002645,0.194198453699898,0.109896606225325,-0.0110906923027466
0.229494848333236,0.30241477716049,0.225363609941023,0.197074011199891,0.0729199288272547,-0.0282895987411322
0.236710572770059,0.320903680438159,0.255809718820333,0.181922102506576,0.0841931076680996,-0.0738876163137573
0.267019023888123,0.355545588556096,0.224452801901219,0.187837822123444,0.0885265646679729,-0.0366149797777749
0.24659983856733,0.206045327845985,0.286142351446692,0.208474823375821,-0.0405545107213441,-0.0776675280708707
0.266516777059559,0.265329674333765,0.27877444298131,0.208151899903451,-0.00118710272579364,-0.0706225430778591
0.246028228063846,0.26344837773071,0.255782978285919,0.233564041628201,0.017420149666864,-0.0222189366577181
0.230225394377145,0.286955995271219,0.211943389488352,0.196939841082636,0.0567306008940743,-0.0150035484057159
0.241824470161212,0.235243363405679,0.213688761006505,0.251010432614809,-0.00658110675553317,0.0373216716083038
0.236459162016214,0.279284624652127,0.30782211205406,0.270192851154229,0.0428254626359132,-0.0376292608998308
0.232175717158908,0.168390305285577,0.211936791412357,0.210929471373671,-0.0637854118733318,-0.00100732003868548
0.2585943771309,0.246203457663192,0.229981440281006,0.268600517411886,-0.0123909194677078,0.0386190771308801
0.293765495294918,0.165732047097891,0.207448055509551,0.24513693245842,-0.128033448197027,0.0376888769488689
0.280851930814126,0.151082450030848,0.401366562014938,0.29267764143261,-0.129769480783278,-0.108688920582328
0.284553981383725,0.245701677860133,0.275578999692638,0.307655337659443,-0.0388523035235925,0.0320763379668055
0.288282262999398,0.242309795987839,0.355495534873703,0.253025642157577,-0.0459724670115589,-0.102469892716125
0.253383598307443,0.16539066285309,0.220525254881103,0.233413182192172,-0.087992935454353,0.0128879273110689
0.297711259140778,0.253924774419236,0.20691560081048,0.227873844067174,-0.043786484721542,0.020958243256694
0.215623153567209,0.182803097519793,0.217470239782192,0.222902698314181,-0.0328200560474165,0.00543245853198954
0.369803050530971,0.338342306286559,0.26669966449538,0.179789272577549,-0.0314607442444123,-0.0869103919178314
0.283256349730871,0.269677666821907,0.22664641231502,0.193503995231652,-0.0135786829089649,-0.0331424170833685
0.309346735315698,0.342176424184173,0.292498009862672,0.176616177200521,0.0328296888684746,-0.115881832662152
0.299450753033751,0.285732696166621,0.246054242658907,0.342666748561754,-0.0137180568671295,0.0966125059028478
0.32729596056886,0.252081497655651,0.323191774461602,0.345701443147399,-0.075214462913209,0.0225096686857971
0.28589106544506,0.30925507522139,0.20632247653191,0.232944855228939,0.0233640097763301,0.0266223786970298
0.296291510753167,0.320942720561896,0.226419901295588,0.226670716594275,0.0246512098087286,0.000250815298687895
0.310500662577579,0.321446045226597,0.240096920640006,0.165238503063278,0.0109453826490175,-0.0748584175767283
0.351235872079168,0.377199059395984,0.214578735900869,0.218852216797052,0.0259631873168163,0.00427348089618254
0.360263338203169,0.366473282318421,0.186220736618756,0.234166908489652,0.00620994411525166,0.047946171870896
0.24324940250346,0.248561760577956,0.211014782484598,0.180483312704544,0.00531235807449626,-0.0305314697800536
0.325767285191746,0.354015209976031,0.381602742263761,0.318827361304049,0.0282479247842853,-0.0627753809597116
0.27832812511854,0.278237907561676,0.315469446888965,0.235448219695806,-9.02175568639474e-05,-0.0800212271931584
0.316588042462727,0.217313167823003,0.398881634264414,0.268444395891619,-0.0992748746397238,-0.130437238372795
0.300015423628808,0.258334601167595,0.262167228517464,0.270543543561973,-0.0416808224612131,0.00837631504450831
0.197564179177075,0.355705913708183,0.378432183887918,0.267082227001126,0.158141734531108,-0.111349956886792
0.224083933699712,0.344953892368643,0.283683126452615,0.192142534678343,0.120869958668931,-0.0915405917742722
0.302616474418414,0.360238201795412,0.262924997850293,0.243064358381529,0.0576217273769981,-0.019860639468764
0.260013001017318,0.197327073178487,0.197169384832326,0.214217982848005,-0.0626859278388306,0.0170485980156783
0.275591431437065,0.285377748525746,0.20160187602433,0.176817442338188,0.00978631708868133,-0.0247844336861426
0.296788161009423,0.400892051238157,0.267317226973278,0.269838592638554,0.104103890228735,0.00252136566527617
0.370294250223834,0.384038102007937,0.250343823891124,0.242137461008162,0.0137438517841031,-0.00820636288296228
0.394279569714563,0.438328312068704,0.285700971676282,0.296864358367838,0.0440487423541405,0.0111633866915554
0.289568895524612,0.343522040965107,0.212620692642226,0.257211753828412,0.0539531454404942,0.0445910611861862
0.278682458794762,0.27966474171388,0.257143548506303,0.263442494957118,0.00098228291911745,0.00629894645081525
0.261314711163823,0.276906740991308,0.266240062148385,0.252664163123133,0.0155920298274845,-0.0135758990252521
0.239998477797734,0.191625472830846,0.3389873341206,0.216735873898547,-0.048373004966888,-0.122251460222053
0.346919478214686,0.367124997396483,0.32444854462803,0.286277010596133,0.0202055191817977,-0.0381715340318977
0.333944229222832,0.393001955627587,0.278352884714591,0.304573942728985,0.0590577264047545,0.0262210580143943
0.224666398518173,0.341528659948564,0.223068998833309,0.253058568804668,0.116862261430391,0.0299895699713598
0.219457014806908,0.311728695081456,0.256691288559719,0.278391116220778,0.0922716802745479,0.0216998276610587
0.270415775108176,0.340012782292513,0.238722279660709,0.317845048079887,0.0695970071843369,0.079122768419178
0.238961354172214,0.244669939991138,0.268010239370863,0.264819543414055,0.00570858581892325,-0.00319069595680821
0.21353916847699,0.320213692595106,0.207788631698947,0.195336432048259,0.106674524118116,-0.0124521996506883
0.228324924158059,0.292425711529717,0.227775304938553,0.198683455621404,0.0641007873716585,-0.0290918493171491
0.238790144476565,0.320903680438159,0.256564961112871,0.177072068616216,0.0821135359615941,-0.0794928924966544
0.264339649666744,0.346869173533507,0.22279278677799,0.190415468156646,0.0825295238667628,-0.032377318621344
0.229885962428529,0.193886638204622,0.288809649928276,0.195051068073193,-0.0359993242239075,-0.0937585818550824
0.262710418607507,0.263591358024774,0.267657352754373,0.211797520205658,0.000880939417266247,-0.0558598325487157
0.24908735821656,0.268080108428906,0.2602578196631,0.22737691517334,0.0189927502123458,-0.0328809044897601
0.232360472714131,0.285033142164847,0.207543971730897,0.200099630854864,0.0526726694507159,-0.00744434087603216
0.246853760608469,0.235146693761134,0.209285631182794,0.25503565916543,-0.0117070668473349,0.0457500279826359
0.224503931791348,0.25779080252574,0.303692481881482,0.258599620673238,0.0332868707343915,-0.0450928612082435
0.239141812955207,0.165706266752831,0.206137596142582,0.216202704704379,-0.0734355462023762,0.0100651085617972
0.254984273490899,0.254323873442331,0.218701590942791,0.255803865509505,-0.000660400048568488,0.0371022745667135
0.298548822800618,0.168595932104062,0.210781684094411,0.23385412588225,-0.129952890696556,0.0230724417878391
0.286085551996752,0.153240376321272,0.401366562014938,0.294450825062901,-0.132845175675481,-0.106915736952037
0.276328350204589,0.24255003685034,0.278159529220987,0.307655337659443,-0.0337783133542489,0.0294958084384568
0.294295871228181,0.244528688641012,0.345063632316694,0.256019239101765,-0.0497671825871697,-0.0890443932149285
0.248317209243209,0.170383738796975,0.22386187020124,0.221308716036691,-0.0779334704462341,-0.00255315416454863
0.291046968184343,0.258842269197204,0.199846822369873,0.238176533780005,-0.0322046989871385,0.0383297114101323
0.211786754388349,0.171285651292519,0.219818555911128,0.221951635138663,-0.0405011030958292,0.00213307922753561
0.375727640831349,0.322228004558125,0.249678474186445,0.183362330111536,-0.0534996362732237,-0.0663161440749088
0.289261456900516,0.272649300389649,0.2155598856342,0.186109465004098,-0.0166121565108672,-0.0294504206301016
0.313441126407266,0.322161699165728,0.259497367407341,0.175164378467016,0.00872057275846183,-0.084332988940325
0.302906001898689,0.278823345131401,0.24973453362481,0.344891142679953,-0.0240826567672884,0.0951566090551427
0.332121154793659,0.249014125379445,0.314305952456663,0.345701443147399,-0.0831070294142141,0.0313954906907359
0.279367315672512,0.3130164676892,0.208785272717689,0.23600333320592,0.0336491520166875,0.027218060488231
0.299429556106622,0.324543249072581,0.223173209600161,0.229599302985477,0.0251136929659589,0.00642609338531624
0.304255482363082,0.322837003546114,0.240096920640006,0.159734060886069,0.0185815211830319,-0.0803628597539372
0.357369117570033,0.351438612664109,0.217320384555013,0.213683052339329,-0.00593050490592445,-0.00363733221568416
0.364526150001415,0.366473282318421,0.188980675496664,0.217403518341329,0.00194713231700633,0.028422842844665
0.245762666880146,0.242364677461568,0.214813962488417,0.182358945650344,-0.0033979894185773,-0.0324550168380725
0.321941341868832,0.354015209976031,0.386204631837345,0.320450914417739,0.0320738681071993,-0.0657537174196061
0.281779578859775,0.259110632663428,0.317953997453541,0.235937800423897,-0.0226689461963473,-0.0820161970296441
0.314688869730995,0.222721227519834,0.351270155605788,0.269179255267642,-0.0919676422111614,-0.0820909003381465
0.303634678835663,0.261911631734162,0.265840523909311,0.271185518871517,-0.0417230471015015,0.00534499496220597
0.197564179177075,0.347207512300112,0.384201454966248,0.267862152269272,0.149643333123037,-0.116339302696976
0.218023640036387,0.348836914057341,0.267089419307979,0.189210784306374,0.130813274020955,-0.077878635001605
0.292107634870956,0.361132078462155,0.26562942384083,0.222833998063936,0.0690244435911989,-0.0427954257768939
0.274756226934719,0.201152644074729,0.190805896377547,0.217077443674057,-0.0736035828599896,0.0262715472965104
0.279041279608295,0.265903087105053,0.202748416701926,0.176817442338188,-0.0131381925032416,-0.0259309743637383
0.300015823354807,0.388332410079485,0.260555986405302,0.271641779089514,0.0883165867246771,0.0110857926842122
0.370294250223834,0.385421278562255,0.235296568699883,0.233256133380119,0.015127028338421,-0.00204043531976458
0.360431866600041,0.440060462222379,0.291037812722539,0.285892395371194,0.079628595622338,-0.00514541735134461
0.291517582595833,0.346955261313227,0.196143920568205,0.248087083621882,0.0554376787173943,0.0519431630536773
0.273667432057256,0.275820680993646,0.261675383369394,0.265482092745816,0.00215324893639018,0.00380670937642175
0.264169096473419,0.273896509648786,0.263478290010583,0.255798304743996,0.00972741317536668,-0.00767998526658659
0.253026784329464,0.194283384371606,0.340163074445984,0.218688155098459,-0.0587433999578582,-0.121474919347525
0.349498714265032,0.37134527326244,0.326481951225915,0.288712798603122,0.0218465589974087,-0.037769152622793
0.337385318462244,0.395889184042846,0.280739658287662,0.290045914107193,0.0585038655806018,0.00930625581953115
0.224778564434112,0.34545858268568,0.221920944732039,0.254690467281691,0.120680018251568,0.0327695225496524
0.217532372388645,0.304916424474536,0.258614113006932,0.28139147080551,0.0873840520858902,0.0227773577985778
0.27440694635945,0.341967278322233,0.242860382263659,0.320165389177855,0.0675603319627835,0.077305006914196
0.235425401440648,0.243268543294751,0.260789525527812,0.266023347218631,0.00784314185410376,0.00523382169081943
0.208291468387622,0.320213692595106,0.196099923157052,0.198245360857044,0.111922224207485,0.00214543769999234
0.231706622996883,0.294383820147151,0.229424948851081,0.202289824523855,0.0626771971502678,-0.0271351243272261
0.241067914569876,0.320903680438159,0.258877656854309,0.177573634147565,0.0798357658682835,-0.0813040227067447
0.267629699701179,0.348684646724295,0.224564711956348,0.18414781653469,0.081054947023116,-0.040416895421658
0.23271022567848,0.193886638204622,0.291248567642848,0.194868571435893,-0.0388235874738584,-0.0963799962069554
0.251285843677431,0.263591358024774,0.269566920679198,0.211797520205658,0.0123055143473423,-0.0577694004735406
0.251761026613723,0.271556399694727,0.222736711232373,0.230783603051105,0.0197953730810037,0.00804689181873208
0.232360472714131,0.287441648277074,0.209965451354459,0.203194756784224,0.0550811755629431,-0.00677069457023521
0.247420755010139,0.237405114467979,0.212099828080594,0.24747843757027,-0.0100156405421602,0.0353786094896757
0.224503931791348,0.247331415194758,0.29088609491955,0.259841710747471,0.0228274834034097,-0.0310443841720787
0.235914932123956,0.167818637807481,0.208639046778346,0.204310053730968,-0.0680962943164749,-0.00432899304737827
0.256531224564882,0.254323873442331,0.219215154857872,0.258458073810013,-0.00220735112255105,0.0392429189521408
0.302927418622417,0.168595932104062,0.211872073461627,0.237747946484664,-0.134331486518356,0.0258758730230369
0.289128698347717,0.140774720326734,0.377032213674948,0.296614307980847,-0.148353978020982,-0.0804179056941016
0.252368425991101,0.247595077255161,0.280592380701239,0.293799868368987,-0.00477334873593943,0.0132074876677477
0.281601185610066,0.2456607731114,0.346657143116237,0.244542603829433,-0.0359404124986659,-0.102114539286804
0.245579693865896,0.171950679973879,0.221417846949256,0.212410224730885,-0.0736290138920173,-0.00900762221837126
0.289981569273512,0.263004619934829,0.20069729941188,0.22222349349072,-0.0269769493386832,0.02152619407884
0.214173213934702,0.173126250528423,0.221600394426813,0.224943520676075,-0.0410469634062789,0.00334312624926228
0.379596034098979,0.304391962268991,0.251735624621351,0.18632760241702,-0.0752040718299881,-0.0654080222043303
0.28311916892575,0.272797364329362,0.216079985459108,0.188040583361387,-0.0103218045963872,-0.0280394020977209
0.306405799001041,0.303174988722789,0.26676897864076,0.170576180234094,-0.00323081027825162,-0.0961927984066664
0.295837274309366,0.263413858198264,0.255376960788699,0.325383578348845,-0.0324234161111019,0.0700066175601467
0.335059438573234,0.250182143794732,0.30012955359965,0.347684742115202,-0.0848772947785021,0.0475551885155513
0.282167260623562,0.307545360512423,0.210793211218667,0.232772686751997,0.0253780998888615,0.0219794755333306
0.30191758113706,0.296546672266443,0.225208608248793,0.226705793780977,-0.00537090887061703,0.00149718553218467
0.308733953945081,0.328235024124958,0.238160298519184,0.161606391298294,0.0195010701798775,-0.0765539072208907
0.348190426370311,0.358453302115818,0.221371661456019,0.216904327927763,0.010262875745507,-0.00446733352825568
0.368441353530043,0.375890132529138,0.192892783725692,0.213474617359972,0.00744877899909546,0.0205818336342808
0.248107628618727,0.247368713043488,0.206763669682098,0.175795690879664,-0.00073891557523903,-0.0309679788024343
0.326578275218024,0.354015209976031,0.398540526561144,0.29725725197421,0.027436934758007,-0.101283274586934
0.277121203443713,0.261161021986825,0.306653865786996,0.229447107717009,-0.0159601814568883,-0.0772067580699873
0.316836879646615,0.221188877137325,0.33350795109919,0.259738944138219,-0.0956480025092898,-0.0737690069609703
0.305780185569676,0.266534630675575,0.26040524106017,0.265550763248557,-0.0392455548941001,0.00514552218838665
0.197564179177075,0.342976406594639,0.339548760498838,0.270392993351972,0.145412227417564,-0.0691557671468667
0.394643319278037,0.388649054099595,0.236130160328519,0.387170370889161,-0.00599426517844204,0.151040210560643
0.430537562675024,0.437163711244525,0.135324439720996,0.333969348856113,0.0066261485695015,0.198644909135117
0.267723495439898,0.395364149275156,0.314779595880805,0.314441406237719,0.127640653835257,-0.000338189643085518
0.343150393906167,0.266249100990572,0.249906248395217,0.452349433187367,-0.0769012929155951,0.202443184792151
0.44201909009085,0.372104507374243,0.251921545438994,0.494725830358896,-0.0699145827166065,0.242804284919902
0.38665325277703,0.447089516154891,0.357037073206436,0.442329294302896,0.0604362633778611,0.0852922210964607
0.433752396988541,0.427344419511761,0.370489245104966,0.471918218694416,-0.00640797747677979,0.10142897358945
0.392648444860066,0.423612049396602,0.265583159287492,0.419259179082264,0.0309636045365358,0.153676019794772
0.226929272797852,0.313849740051012,0.290265692033574,0.424411409200643,0.0869204672531604,0.134145717167069
0.185576161378488,0.317322428902731,0.221871784361411,0.43878206107642,0.131746267524243,0.21691027671501
0.170044095467146,0.277530524380161,0.322155040715666,0.385006860372182,0.107486428913016,0.0628518196565159
0.387967880036066,0.489814084819469,0.200322827438779,0.475547860670899,0.101846204783403,0.275225033232119
0.419655741401715,0.415422907837063,0.302317948416144,0.415381250950041,-0.00423283356465243,0.113063302533896
0.402868347651657,0.365256493183129,0.246371706331913,0.431458326356493,-0.0376118544685283,0.18508662002458
0.376421731288015,0.3451664745246,0.213110784413025,0.334703767560358,-0.0312552567634148,0.121592983147334
0.32840974724969,0.268118889018728,0.178903835730851,0.437162235403696,-0.0602908582309613,0.258258399672846
0.242762467685937,0.328216669755164,0.289857773724252,0.503074552141863,0.0854542020692266,0.213216778417611
0.217248104656648,0.277935948997392,0.24671213724999,0.347056987816239,0.0606878443407435,0.100344850566249
0.325227192602095,0.305449413129999,0.23157424983931,0.404992004352847,-0.0197777794720959,0.173417754513537
0.265584346347717,0.320300318774958,0.276839842412574,0.340864305857579,0.0547159724272416,0.0640244634450052
0.284490510869184,0.268656399484071,0.245565748185027,0.377911481595792,-0.0158341113851134,0.132345733410765
0.241425345589734,0.187841252582098,0.245358854594293,0.404550536571103,-0.0535840930076367,0.15919168197681
0.251206648853173,0.295196922852406,0.277368105186397,0.348736459638252,0.0439902739992339,0.0713683544518554
0.257580437697812,0.284009008649382,0.255890820289172,0.483618557862212,0.0264285709515706,0.22772773757304
0.341772082086938,0.326194712796887,0.235575363352366,0.440630457199946,-0.015577369290051,0.20505509384758
0.276979877033464,0.264871022497606,0.237386580172207,0.396423775812342,-0.012108854535858,0.159037195640135
0.215905730706233,0.253269393847684,0.214626832069125,0.412421365362068,0.0373636631414505,0.197794533292943
0.254807968557668,0.225495257569825,0.299174548870441,0.315488206537591,-0.0293127109878432,0.0163136576671506
0.294112897520572,0.38176473244279,0.284328074308747,0.467682297089488,0.0876518349222182,0.183354222780741
0.225147074303588,0.34580628230627,0.25199037073204,0.362871644091196,0.120659208002682,0.110881273359156
0.266424416887796,0.345862407077799,0.163096171135534,0.307304715802754,0.0794379901900027,0.144208544667221
0.259549366754891,0.325255250141157,0.198373144104801,0.482851405725907,0.0657058833862662,0.284478261621105
0.248204940751127,0.314728479951028,0.290662087016208,0.313548020868,0.0665235391999008,0.0228859338517924
0.243434453168847,0.426716496732915,0.220140454312869,0.293067273773351,0.183282043564068,0.0729268194604821
0.152313335756208,0.344339240112336,0.251593254280807,0.314890584842834,0.192025904356128,0.0632973305620272
0.15852351307155,0.281191715951098,0.280691129737325,0.275112763158235,0.122668202879548,-0.00557836657908961
0.243313816012742,0.308250202152988,0.218954615052621,0.347368261494861,0.0649363861402458,0.12841364644224
0.407594402804987,0.365519566098822,0.209925506991166,0.337595315413353,-0.0420748367061644,0.127669808422187
0.326445785476859,0.250649368904174,0.250737131481196,0.351162781077637,-0.075796416572685,0.10042564959644
0.328254862349449,0.326730950800677,0.329317840034437,0.409177262876457,-0.00152391154877235,0.0798594228420199
0.306540507442383,0.363748265660642,0.29590205952008,0.583287033676069,0.0572077582182593,0.287384974155989
0.457425378864251,0.351169632819245,0.207571496215961,0.387410887301488,-0.106255746045006,0.179839391085527
0.359148198876298,0.310866697928697,0.195123480528471,0.364998858190261,-0.0482815009476017,0.16987537766179
0.328896514533792,0.307281015593057,0.221264611612604,0.232089313174828,-0.0216154989407348,0.0108247015622245
0.336442851115321,0.398442626200616,0.246403642514267,0.322256415735716,0.061999775085295,0.0758527732214491
0.316755417788281,0.354454158019982,0.226366665111711,0.31060879387169,0.0376987402317011,0.0842421287599787
0.40202877854206,0.294745943471145,0.275933853961064,0.37736078699033,-0.107282835070915,0.101426933029266
0.28621257373809,0.395417697101362,0.166033041881438,0.421595929281094,0.109205123363272,0.255562887399656
0.237106775880247,0.308963905984789,0.275246637468434,0.306248047513198,0.0718571301045422,0.0310014100447633
0.289186509212835,0.315213223123474,0.398049136160683,0.43578101194539,0.0260267139106383,0.0377318757847067
0.342304849879707,0.356574855682796,0.259348224116035,0.324552692019611,0.0142700058030885,0.0652044679035754
0.237797139703333,0.481418265264984,0.387641407388545,0.514508464270057,0.243621125561651,0.126867056881512
0.395852578981328,0.39556411149819,0.236130160328519,0.39433744970854,-0.000288467483137211,0.158207289380022
0.432964378190765,0.41726731438575,0.116210951098073,0.312657213088057,-0.0156970638050147,0.196446261989984
0.271124486997824,0.395364149275156,0.31719036942228,0.316880782494616,0.124239662277332,-0.000309586927663752
0.345639533609694,0.270863433881147,0.245577286792915,0.450056692979596,-0.0747760997285469,0.204479406186681
0.443487335727104,0.362066229467132,0.254415261136621,0.48151923591289,-0.0814211062599723,0.227103974776268
0.373017548744057,0.441088262219573,0.361626740886807,0.449500898470081,0.0680707134755167,0.0878741575832742
0.435013600874645,0.4149001124415,0.375703377742973,0.477630359641133,-0.0201134884331451,0.10192698189816
0.394979837244526,0.431327580105742,0.268111548251244,0.423862446391221,0.0363477428612155,0.155750898139977
0.228246866268664,0.318475206268709,0.270422082129641,0.418600947613673,0.0902283400000449,0.148178865484032
0.18986840477897,0.31153770878013,0.22405455747122,0.439683981825102,0.12166930400116,0.215629424353882
0.167716687014278,0.281967512135905,0.326470491285207,0.385006860372182,0.114250825121627,0.0585363690869743
0.390149919120505,0.495613824137342,0.189000615938309,0.467402279046175,0.105463905016836,0.278401663107867
0.400907171349137,0.404954010106924,0.289901852260011,0.405066884890194,0.00404683875778677,0.115165032630183
0.402868347651657,0.345986958004817,0.240725912067391,0.424523580943665,-0.0568813896468403,0.183797668876274
0.380198678457741,0.343474501008496,0.216446970682474,0.340078131335242,-0.0367241774492457,0.123631160652768
0.288408259952442,0.273419608608825,0.176995569322387,0.44451513948181,-0.0149886513436178,0.267519570159423
0.25769793493996,0.332584627419882,0.272782750117299,0.506676002668096,0.0748866924799227,0.233893252550797
0.22310149172291,0.278110377371544,0.248279734283698,0.343673727389285,0.0550088856486345,0.0953939931055869
0.311470319623672,0.304493083949232,0.234686427497082,0.38495359203564,-0.00697723567444009,0.150267164538558
0.260950376997904,0.303585399475136,0.26543113335574,0.340864305857579,0.0426350224772317,0.0754331725018385
0.271455136795225,0.266576943414703,0.238068925583689,0.374641352855547,-0.00487819338052226,0.136572427271858
0.248912986221313,0.187841252582098,0.247400646550492,0.36538963257542,-0.061071733639215,0.117988986024928
0.243856862798695,0.298781567212306,0.269359125864959,0.348736459638252,0.0549247044136106,0.0793773337732927
0.259965834213167,0.28915368443265,0.258294196484462,0.489252334599367,0.0291878502194836,0.230958138114905
0.343177289389396,0.317748962515711,0.238791020649709,0.448111600509604,-0.0254283268736848,0.209320579859895
0.279586882155917,0.266847266195875,0.239449099569448,0.401765287744285,-0.0127396159600414,0.162316188174836
0.219465838687706,0.25413161586297,0.206385384861387,0.395386653547562,0.0346657771752648,0.189001268686175
0.249589837985917,0.229598843838633,0.301884328651945,0.315488206537591,-0.0199909941472836,0.0136038778856468
0.279709032395138,0.38176473244279,0.286355947155162,0.467682297089488,0.102055700047652,0.181326349934326
0.234090273707878,0.34580628230627,0.245247131988456,0.362871644091196,0.111716008598392,0.11762451210274
0.253046393044357,0.345862407077799,0.167171576700247,0.297768211971664,0.0928160140334415,0.130596635271416
0.259549366754891,0.314070190219812,0.203040123810456,0.475187322686417,0.0545208234649215,0.272147198875961
0.235637827786422,0.306108701089471,0.293846548647542,0.313548020868,0.0704708733030494,0.0197014722204587
0.248748607244532,0.426716496732915,0.222505198241062,0.293067273773351,0.177967889488383,0.0705620755322894
0.154988688156055,0.344339240112336,0.25395287853533,0.321691095814376,0.189350551956282,0.0677382172790462
0.156881108122399,0.284003230788833,0.285743436410185,0.267820112073752,0.127122122666433,-0.017923324336433
0.235480033332265,0.311011320756299,0.217429359220037,0.347368261494861,0.0755312874240342,0.129938902274824
0.410229165640957,0.372131736386449,0.204010485073088,0.339862367055174,-0.0380974292545084,0.135851881982086
0.330509447153277,0.254336452348836,0.243742171996294,0.344381090892239,-0.0761729948044404,0.100638918895946
0.331219479331051,0.331858557479745,0.295362796976573,0.420051617937553,0.000639078148693906,0.124688820960979
0.294125827646675,0.361697667503612,0.272786555681168,0.594016465977883,0.0675718398569369,0.321229910296715
0.434646906192804,0.356432664395661,0.207931478892673,0.393897970848274,-0.0782142417971428,0.185966491955601
0.361391455979347,0.304448052042096,0.197384325134637,0.361751247985097,-0.0569434039372514,0.164366922850461
0.330755443141553,0.310878590124201,0.224234412725715,0.232089313174828,-0.0198768530173516,0.00785490044911297
0.330047255891676,0.404184422982448,0.249205504684155,0.321204290497612,0.074137167090772,0.0719987858134574
0.317804871691027,0.352912247091483,0.226366665111711,0.315875668741134,0.0351073754004563,0.0895090036294232
0.403399874934471,0.297941966057552,0.279891538443231,0.381588746204322,-0.105457908876919,0.10169720776109
0.285439576182052,0.395417697101362,0.166003848010458,0.421595929281094,0.10997812091931,0.255592081270636
0.242397262104851,0.316521602154482,0.277989684737319,0.313530104447203,0.0741243400496312,0.0355404197098847
0.29040179002181,0.314334734080178,0.361514438758871,0.402232279952781,0.0239329440583687,0.0407178411939104
0.343603700439828,0.346843919251853,0.261562706719734,0.331500146225556,0.00324021881202563,0.069937439505822
0.237797139703333,0.481418265264984,0.39016376393124,0.514508464270057,0.243621125561651,0.124344700338817
0.386547946883418,0.39789870341654,0.236130160328519,0.382027596851393,0.0113507565331215,0.145897436522874
0.434301810654319,0.41726731438575,0.124889592551481,0.313495296809943,-0.0170344962685691,0.188605704258461
0.271124486997824,0.395364149275156,0.319269153017925,0.312214072416707,0.124239662277332,-0.00705508060121868
0.349362328380124,0.271457484242752,0.240787527109557,0.450056692979596,-0.0779048441373723,0.209269165870039
0.445834423591929,0.364970313170142,0.257142983112487,0.485339858405456,-0.0808641104217868,0.228196875292969
0.376645036554107,0.443214143879771,0.361626740886807,0.451811738387562,0.0665691073256642,0.090184997500755
0.414336361946366,0.390696589336178,0.375703377742973,0.445174774876879,-0.0236397726101877,0.0694713971339062
0.399430435116782,0.416401816836477,0.244170768553763,0.426398900500772,0.0169713817196949,0.182228131947009
0.228246866268664,0.320580513460142,0.274068026744798,0.419556278219368,0.0923336471914787,0.14548825147457
0.194531877636442,0.296014946152477,0.212903084348865,0.442628271222196,0.101483068516034,0.229725186873331
0.167716687014278,0.285728168786707,0.313007239119795,0.385006860372182,0.118011481772428,0.0719996212523868
0.393543117196625,0.472112792838212,0.190149185888872,0.449819045806144,0.0785696756415862,0.259669859917271
0.393782419707709,0.405971668672593,0.290770736737922,0.407695024017954,0.0121892489648844,0.116924287280032
0.405273552277392,0.349023864467734,0.242178499127627,0.427355418313722,-0.0562496878096576,0.185176919186095
0.368886381941287,0.345303459169414,0.221140814499476,0.343758061734701,-0.0235829227718723,0.122617247235226
0.290736605096425,0.277569289216336,0.177420791354966,0.448310900345906,-0.0131673158800891,0.27089010899094
0.25769793493996,0.299744525175996,0.275116699275353,0.50776529900214,0.0420465902360364,0.232648599726787
0.20733872742121,0.277312702294151,0.25220676975164,0.34643657168374,0.0699739748729405,0.0942298019320997
0.315593591760465,0.307360689279653,0.21968135740358,0.388418924658263,-0.00823290248081171,0.168737567254684
0.260950376997904,0.316709948396866,0.260935150313358,0.342176136133342,0.0557595713989616,0.0812409858199843
0.274932714904011,0.27062989738336,0.230792014486041,0.361782550315079,-0.0043028175206507,0.130990535829038
0.255667652555992,0.187841252582098,0.240948509624273,0.337968921318807,-0.0678263999738941,0.0970204116945339
0.245018283145922,0.294795762906668,0.265838759743762,0.335483907156416,0.0497774797607466,0.069645147412654
0.261507049204765,0.262423903691803,0.245783686124329,0.473198399074906,0.000916854487038377,0.227414712950578
0.33287017675313,0.311414885991267,0.241264818598236,0.45206955446951,-0.0214552907618638,0.210804735871274
0.274405006372428,0.26477431436497,0.235931207383444,0.390085482036871,-0.00963069200745792,0.154154274653427
0.209966128805141,0.260269718208791,0.211188132500981,0.383666381424577,0.0503035894036501,0.172478248923596
0.249589837985917,0.231902948089152,0.304735829773538,0.328121035941843,-0.017686889896765,0.0233852061683055
0.262799165131312,0.39089443342356,0.286355947155162,0.445769440778064,0.128095268292248,0.159413493622902
0.240317114252532,0.314246810345185,0.247133875314885,0.371144956634753,0.0739296960926537,0.124011081319868
0.244473165993185,0.336422181888366,0.157364974839696,0.297768211971664,0.0919490158951805,0.140403237131968
0.269990782681945,0.326293724602767,0.20386215426984,0.469830313401853,0.0563029419208221,0.265968159132013
0.216044574654485,0.297058046599231,0.282354292210664,0.269580083369987,0.0810134719447461,-0.0127742088406776
0.240293962363022,0.402885941034754,0.225750084148147,0.322963060573728,0.162591978671731,0.0972129764255808
0.16121458696082,0.32561383195096,0.237095307162316,0.325992743112281,0.16439924499014,0.088897435949965
0.152796002831683,0.289852713396878,0.290242794505403,0.251205538436767,0.137056710565195,-0.0390372560686358
0.226381305251877,0.311923611037534,0.211771569201013,0.347368261494861,0.0855423057856573,0.135596692293848
0.413591443583014,0.375653239956043,0.207892150206326,0.3400730447393,-0.0379382036269711,0.132180894532974
0.301652562268901,0.25842126699873,0.247940549111927,0.325286247837332,-0.0432312952701717,0.0773456987254047
0.325322673129521,0.316522148997963,0.27729906180805,0.371060911380416,-0.00880052413155802,0.0937618495723651
0.298741641455236,0.365241804631533,0.279460780585127,0.594016465977883,0.0665001631762974,0.314555685392756
0.437998363958308,0.345778167122416,0.21102558885622,0.399271446783438,-0.0922201968358921,0.188245857927218
0.364292697391688,0.297468403652848,0.200009181048091,0.366389968956235,-0.0668242937388401,0.166380787908144
0.313679165231282,0.312496195958455,0.226006974710345,0.232848807239124,-0.00118296927282702,0.00684183252877874
0.333783930204481,0.406494420890058,0.241310423865437,0.326265930661538,0.0727104906855771,0.0849555067961009
0.306011697581898,0.355735422168119,0.229732536673635,0.321615474315791,0.0497237245862214,0.091882937642156
0.389148369182132,0.300215113367979,0.280955807736941,0.381588746204322,-0.0889332558141528,0.100632938467381
0.290993316781644,0.395417697101362,0.163440890273126,0.444429409975929,0.104424380319718,0.280988519702802
0.224238465065679,0.313264750722911,0.280403052588135,0.323942830371555,0.0890262856572319,0.0435397777834192
0.290198800817314,0.316720805515536,0.328086287882161,0.411123301581257,0.0265220046982224,0.0830370136990964
0.347400940402791,0.350326358089602,0.237808771242914,0.337046423179726,0.00292541768681115,0.0992376519368119
0.218234331228655,0.435655216237503,0.393566319389934,0.523310418717838,0.217420885008848,0.129744099327904
0.390953891438666,0.387164067376663,0.238107905197737,0.387983220255331,-0.00378982406200273,0.149875315057594
0.423021241821589,0.355579347855722,0.137675871835517,0.316449908507609,-0.0674418939658665,0.178774036672091
0.274966917730315,0.395364149275156,0.291599659365765,0.316834922139649,0.120397231544841,0.0252352627738842
0.345542039808511,0.264185958818292,0.238883092733396,0.443632937017125,-0.0813560809902186,0.204749844283728
0.4315513224795,0.367514900168925,0.244000253569842,0.447631265146153,-0.0640364223105749,0.203631011576311
0.363915824310412,0.430276876093344,0.361626740886807,0.455952735891957,0.066361051782932,0.0943259950051499
0.397652595108163,0.394110503579307,0.357755800551771,0.449771440668605,-0.00354209152885615,0.0920156401168345
0.404088374846238,0.41992923036545,0.245585093884791,0.430437930637816,0.0158408555192116,0.184852836753025
0.228246866268664,0.320580513460142,0.279209172341988,0.424501522199022,0.0923336471914787,0.145292349857034
0.194531877636442,0.297268792861011,0.216500111391026,0.431946758339196,0.102736915224569,0.21544664694817
0.171243943572129,0.288487209212508,0.292521509039924,0.334131963555374,0.117243265640379,0.0416104545154504
0.397073665693734,0.462672762717657,0.194322976289067,0.45291840830872,0.0655990970239225,0.258595432019653
0.378285374176904,0.408010858674921,0.293524564967615,0.401266669407219,0.0297254844980168,0.107742104439604
0.408137008056282,0.341391654659511,0.238624563474577,0.432649331300138,-0.0667453533967701,0.194024767825561
0.360185048752667,0.346917560781599,0.225731835607732,0.348200156753533,-0.0132674879710686,0.122468321145801
0.293402864179362,0.281667205087876,0.172792353863965,0.452793524141306,-0.0117356590914856,0.280001170277341
0.260708871897307,0.303484130905371,0.282434906625067,0.496816001804907,0.0427752590080642,0.21438109517984
0.20733872742121,0.277312702294151,0.238410501708389,0.349954787614789,0.0699739748729405,0.111544285906399
0.31711507866888,0.302461456723186,0.223091685128792,0.380186275779751,-0.0146536219456933,0.157094590650959
0.265642886715368,0.330447931200019,0.264877538831904,0.344659801871731,0.0648050444846508,0.0797822630398272
0.276944174748327,0.276111475190472,0.234540091576319,0.364102855184788,-0.000832699557854255,0.129562763608469
0.255667652555992,0.187841252582098,0.245111752244496,0.346843629983816,-0.0678263999738941,0.10173187773932
0.234741600080008,0.302812827687663,0.252752521223178,0.334541167795509,0.0680712276076553,0.0817886465723304
0.261879058737358,0.26591350159523,0.2418630603261,0.477490825918108,0.00403444285787197,0.235627765592008
0.336364677004306,0.304381999365686,0.241264818598236,0.440095774671487,-0.0319826776386195,0.198830956073251
0.277205258246358,0.267978283701653,0.237849411909431,0.394578165403586,-0.00922697454470517,0.156728753494156
0.209966128805141,0.24602715893733,0.214281539536033,0.386840592891883,0.036061030132189,0.17255905335585
0.2524113880038,0.221041966513594,0.306365465028364,0.330498766597274,-0.0313694214902056,0.0241333015689101
0.265237449329959,0.38436713433703,0.276323607189988,0.455115799515777,0.119129685007071,0.178792192325789
0.233308538941046,0.3058133767834,0.250226333530833,0.353630574592226,0.0725048378423544,0.103404241061392
0.246967340080105,0.336422181888366,0.158074292402052,0.3094918322125,0.0894548418082604,0.151417539810448
0.269990782681945,0.326293724602767,0.205504310900707,0.470853581538965,0.0563029419208221,0.265349270638258
0.185339369594454,0.304233924082264,0.284832527908919,0.278169890973899,0.11889455448781,-0.00666263693501984
0.233597584284356,0.382399851156486,0.224997059678634,0.334755618615533,0.14880226687213,0.109758558936899
0.16121458696082,0.33548516320462,0.241819756560331,0.325081637400235,0.1742705762438,0.0832618808399042
0.150657865401758,0.283530661258035,0.297357970359447,0.254342290812082,0.132872795856276,-0.0430156795473646
0.226206455297328,0.313865847029657,0.21178909050426,0.273269226570017,0.087659391732329,0.0614801360657576
0.41834660475605,0.377160288005001,0.210566537923401,0.337792532742158,-0.0411863167510489,0.127225994818757
0.289795611042881,0.263044984126619,0.236173051854507,0.323803683220726,-0.026750626916262,0.0876306313662196
0.329352602925512,0.320423643795095,0.279947057805695,0.377844803109609,-0.00892895913041664,0.0978977453039143
0.30389752479237,0.368436978668154,0.279460780585127,0.604496658260184,0.0645394538757833,0.325035877675056
0.442292783823671,0.350527647868708,0.201953325565596,0.403421920548626,-0.091765135954963,0.201468594983029
0.367135800809641,0.30279549969098,0.204185311317442,0.357016645807901,-0.0643403011186608,0.152831334490458
0.315087639490247,0.310405470885296,0.229847478817531,0.234806571077889,-0.00468216860495069,0.00495909226035804
0.337191319615399,0.395642644941379,0.235602836856229,0.315225378290795,0.05845132532598,0.0796225414345662
0.30867047422549,0.360021431804648,0.232259120424288,0.326114859730368,0.0513509575791574,0.0938557393060797
0.393538491669258,0.304178584756,0.283554138666416,0.387057438624088,-0.089359906913258,0.103503299957672
0.275979741598772,0.395417697101362,0.165301995157342,0.444429409975929,0.11943795550259,0.279127414818586
0.22834716894297,0.284739321464008,0.28241814448004,0.328434059960412,0.0563921525210389,0.0460159154803717
0.231952121891941,0.320530473014543,0.330039806440471,0.397859555464248,0.0885783511226015,0.0678197490237769
0.333181688739043,0.356204704094465,0.24049913119893,0.330895311597368,0.0230230153554222,0.0903961803984378
0.200000636487871,0.435655216237503,0.393566319389934,0.523310418717838,0.235654579749632,0.129744099327904
0.393781701582648,0.379331572896657,0.240838113892898,0.376983702869398,-0.0144501286859915,0.1361455889765
0.384569442065952,0.358478704389513,0.137675871835517,0.320937398082577,-0.0260907376764388,0.18326152624706
0.28822684938369,0.395364149275156,0.275732126000637,0.322680321207302,0.107137299891466,0.0469481952066647
0.331928009232351,0.264184153911146,0.242842151496078,0.439684885118305,-0.0677438553212054,0.196842733622227
0.418663404540053,0.357074483926147,0.247234884567801,0.451064292997556,-0.0615889206139059,0.203829408429754
0.367174794454855,0.434604120784789,0.361626740886807,0.428906967048028,0.0674293263299336,0.0672802261612211
0.400182403200783,0.398278444616296,0.357755800551771,0.454834130048058,-0.00190395858448733,0.0970783294962878
0.407317594598756,0.40829876194709,0.247634261010886,0.437297588219594,0.000981167348334311,0.189663327208708
0.228246866268664,0.310961395992494,0.280381457896857,0.429203441652795,0.0827145297238308,0.148821983755939
0.187381383062541,0.300739186871028,0.218595133458642,0.428986625413162,0.113357803808487,0.21039149195452
0.174167434994081,0.292440108306353,0.296298893033791,0.337082846434288,0.118272673312273,0.0407839534004971
0.399747426287234,0.450325876766587,0.185717366032907,0.458582943516693,0.0505784504793526,0.272865577483786
0.363879684553395,0.400168226423526,0.293524564967615,0.39918342538248,0.0362885418701313,0.105658860414865
0.410377142787724,0.346437185625677,0.242390336452231,0.435982451725966,-0.0639399571620465,0.193592115273735
0.361160048892648,0.341249159424564,0.224860955147714,0.352228287781952,-0.0199108894680844,0.127367332634238
0.2975482556425,0.283662604698009,0.174374180874074,0.457530749807354,-0.0138856509444903,0.28315656893328
0.24906573241009,0.308074939861414,0.286830785568648,0.46611499819328,0.059009207451324,0.179284212624632
0.200883214375548,0.273291492489738,0.240316709992758,0.354392687658018,0.0724082781141903,0.114075977665259
0.297965716467746,0.304896047266813,0.227043958997976,0.382719890733455,0.00693033079906713,0.155675931735479
0.239136551831491,0.339586740708349,0.271633043205513,0.340188694980462,0.100450188876859,0.0685556517749498
0.278847637541747,0.279142758072563,0.239075975420707,0.371421862130321,0.000295120530815596,0.132345886709613
0.255667652555992,0.187841252582098,0.231883528869915,0.346843629983816,-0.0678263999738941,0.114960101113901
0.233263437966076,0.299533396708489,0.256469991869238,0.329072326474087,0.0662699587424134,0.0726023346048489
0.264682121843657,0.271236992359115,0.222594127457755,0.463098004639265,0.006554870515458,0.24050387718151
0.323565079233701,0.298133092131998,0.232457314141927,0.444916470249904,-0.0254319871017029,0.212459156107978
0.269182207054244,0.272930159766175,0.240380112414697,0.400770447247479,0.00374795271193062,0.160390334832781
0.213278971525694,0.24873501686321,0.215727372591608,0.390503907483804,0.0354560453375167,0.174776534892196
0.241560505259329,0.226433517906401,0.289890421569311,0.326944271352739,-0.0151269873529278,0.0370538497834276
0.267059594355652,0.362983383759583,0.27939313282412,0.464950686828433,0.0959237894039313,0.185557554004313
0.235029758728317,0.293653646555781,0.239842583244988,0.345656317581381,0.0586238878274636,0.105813734336393
0.249493843868234,0.336422181888366,0.158722147755489,0.309152940071054,0.0869283380201317,0.150430792315565
0.274819298069402,0.324098989822254,0.192740815641929,0.475590301404571,0.0492796917528523,0.282849485762643
0.180435001852294,0.2962521853358,0.276153961085067,0.278169890973899,0.115817183483505,0.00201592988883187
0.233597584284356,0.359829766287483,0.224212063244242,0.344116800204652,0.126232182003127,0.11990473696041
0.16121458696082,0.315247672650352,0.24284231161712,0.301028719761097,0.154033085689532,0.0581864081439769
0.145966277624273,0.282431552208007,0.300372056660236,0.254342290812082,0.136465274583735,-0.0460297658481538
0.224630514273403,0.316219428916183,0.20761735231625,0.188275063665991,0.09158891464278,-0.0193422886502586
0.422031508051802,0.382505131583868,0.206337607000818,0.343588193918763,-0.0395263764679333,0.137250586917946
0.291083326201086,0.266409601970156,0.228939971470348,0.32822856018756,-0.0246737242309303,0.0992885887172117
0.33172380169477,0.32321927690601,0.283361997623434,0.358429422210547,-0.00850452478875985,0.0750674245871127
0.307425652582125,0.37355899533927,0.283442091576986,0.565564260206482,0.0661333427571452,0.282122168629497
0.44562635225028,0.344035086988346,0.204364312236067,0.391477784249133,-0.101591265261934,0.187113472013066
0.370461968153548,0.306578579564188,0.199144451382584,0.339841677051337,-0.0638833885893594,0.140697225668753
0.300872421004852,0.294382560205879,0.222881894099684,0.241157428885081,-0.00648986079897335,0.0182755347853969
0.328979156077916,0.39982568495423,0.225246496561189,0.319375083284236,0.0708465288763135,0.0941285867230471
0.30604996928447,0.364018796829175,0.233608176506441,0.331400275100384,0.057968827544705,0.0977920985939436
0.396685759842781,0.306555125270239,0.272929448833247,0.365708540930915,-0.090130634572542,0.0927790920976678
0.268456462280941,0.365136877360277,0.166474248310452,0.444429409975929,0.0966804150793361,0.277955161665477
0.211749653859519,0.271429006121752,0.268539875102107,0.33312761862929,0.059679352262233,0.0645877435271831
0.217666633165787,0.321446104031942,0.333811560247791,0.404716047604109,0.103779470866155,0.0709044873563179
0.337164528104364,0.360945359895192,0.234626868604278,0.33492481735242,0.0237808317908283,0.100297948748143
0.200000636487871,0.435655216237503,0.4014454335106,0.523310418717838,0.235654579749632,0.121864985207237
0.395549860687052,0.369482909533366,0.237872306805207,0.381055863911307,-0.0260669511536864,0.143183557106101
0.38623144650805,0.319367238708984,0.128133497643149,0.311795472942166,-0.0668642077990665,0.183661975299018
0.271305548686911,0.335840679955303,0.277290611272346,0.329182743960687,0.0645351312683921,0.0518921326883416
0.320423208161658,0.260353312933535,0.233533368240059,0.44294852226611,-0.0600698952281229,0.209415154026051
0.420389003771549,0.3522460020117,0.251523307056881,0.454763476158542,-0.0681430017598485,0.20324016910166
0.368545534911087,0.438633396267446,0.348060190619246,0.432511032261433,0.0700878613563588,0.0844508416421869
0.389563244253979,0.401842982507921,0.362822651910262,0.442585180184836,0.0122797382539414,0.0797625282745736
0.409598157162127,0.410818151619337,0.252870406345018,0.441401383330421,0.00121999445721044,0.188530976985403
0.228246866268664,0.301023517541458,0.281189099327263,0.415069822322327,0.0727766512727943,0.133880722995065
0.186051436030164,0.298133634551796,0.20969448377896,0.427225013801154,0.112082198521632,0.217530530022195
0.165325311096263,0.295627963407343,0.298738583367125,0.350293115583288,0.13030265231108,0.051554532216162
0.40129633986359,0.424682053865393,0.190326477743925,0.441000378017762,0.0233857140018037,0.250673900273837
0.365756912886643,0.403789248981102,0.278911637325482,0.4018972185291,0.0380323360944585,0.122985581203618
0.365399792585987,0.34119816151518,0.245946924897278,0.420746090248866,-0.0242016310708068,0.174799165351588
0.363046892248907,0.33080534121936,0.227452178741163,0.336639604903882,-0.0322415510295476,0.109187426162719
0.300905815071318,0.288332430995269,0.169245349706776,0.461208860648936,-0.0125733840760492,0.29196351094216
0.255055610373878,0.31419148784599,0.277529732082899,0.453470977517286,0.0591358774721124,0.175941245434388
0.204366139123517,0.277481667141795,0.243003354410107,0.358977869604479,0.0731155280182774,0.115974515194372
0.301261636129445,0.309430619822226,0.229715461013973,0.381762167293191,0.00816898369278074,0.152046706279218
0.235139856513058,0.342019232917106,0.263786576369774,0.34590738764262,0.106879376404048,0.0821208112728464
0.28143963180301,0.282985259935189,0.230298617026652,0.360862427070488,0.00154562813217929,0.130563810043836
0.261934770041067,0.190967818245187,0.233035256921297,0.350284951199211,-0.0709669517958799,0.117249694277913
0.235617616131753,0.270974923953305,0.260676328702484,0.334429093250836,0.0353573078215521,0.0737527645483518
0.267922986030081,0.272737318406839,0.217338016802629,0.447898620947614,0.00481433237675744,0.230560604144986
0.314297266087928,0.285778516865297,0.235192772278949,0.447429633530635,-0.0285187492226314,0.212236861251686
0.273742879650354,0.275614969011353,0.226509444227058,0.405710936927253,0.00187208936099881,0.179201492700195
0.201995106241954,0.249122563350112,0.219357950924833,0.395863092431618,0.047127457108158,0.176505141506785
0.247834082834501,0.213416529593746,0.293190552591121,0.327019683072963,-0.0344175532407549,0.0338291304818421
0.269257766242867,0.365041001986442,0.277541212833296,0.464950686828433,0.0957832357435743,0.187409473995136
0.237123354713273,0.29510279992937,0.243946174938527,0.336662440238206,0.0579794452160978,0.0927162652996794
0.249493843868234,0.328867850906589,0.160186385685484,0.310696963471174,0.0793740070383554,0.15051057778569
0.274819298069402,0.326348334145287,0.178117427445329,0.480023286608961,0.0515290360758855,0.301905859163632
0.183033424711189,0.299292093717378,0.279117812845468,0.289844232904299,0.116258669006188,0.0107264200588308
0.235575947436231,0.359829766287483,0.213717059932198,0.344116800204652,0.124253818851252,0.130399740272453
0.165201106826735,0.315247672650352,0.237651762127642,0.286445134265273,0.150046565823617,0.0487933721376311
0.144093647907383,0.285343333098176,0.301997943227403,0.257092085295003,0.141249685190793,-0.0449058579323998
0.215405148727093,0.30679998298887,0.210040815127711,0.188275063665991,0.0913948342617771,-0.0217657514617205
0.386628550306618,0.374926800589631,0.21048885660403,0.338961037204759,-0.0117017497169868,0.128472180600729
0.292996460849319,0.270890224190436,0.230555877910853,0.334262485550949,-0.0221062366588831,0.103706607640096
0.332986324724935,0.326906331242238,0.286694314341912,0.349360784605987,-0.006079993482697,0.0626664702640745
0.295646388716113,0.377748918716465,0.285484701017986,0.52827138952095,0.082102530000352,0.242786688502964
0.447502362246874,0.337959182747526,0.20351919880787,0.382377903728894,-0.109543179499348,0.178858704921024
0.33804101818953,0.310130857092077,0.200113049412151,0.330269149438768,-0.0279101610974532,0.130156100026617
0.304702805894469,0.297459744947821,0.218689218664558,0.247967816519551,-0.00724306094664806,0.0292785978549931
0.331116774196715,0.39556105860568,0.217737049688201,0.322997277543884,0.064444284408965,0.105260227855683
0.302886201340032,0.367599034193197,0.234406194670761,0.331657208455162,0.0647128328531651,0.0972510137844008
0.397848523532258,0.308740520591759,0.267784668021524,0.370438463106104,-0.0891080029404987,0.10265379508458
0.254307123512318,0.365136877360277,0.168532206693319,0.416246805829033,0.110829753847959,0.247714599135714
0.214766096212449,0.276306670490636,0.27192845184236,0.338601701591117,0.0615405742781871,0.0666732497487567
0.218059532161108,0.323943683669223,0.28504977827286,0.411185645696868,0.105884151508115,0.126135867424008
0.340194463436277,0.364598092803546,0.236269272353142,0.339570529207667,0.024403629367269,0.103301256854525
0.211360063649622,0.435655216237503,0.405506147706448,0.530777063012856,0.224295152587881,0.125270915306408
0.295261470578968,0.394242483412838,0.34734699728081,0.369737803902773,0.09898101283387,0.0223908066219624
0.33236024414483,0.324909128130669,0.418402880970821,0.496687753820819,-0.00745111601416065,0.0782848728499979
0.420464140909175,0.237404429755474,0.347104226152099,0.553549153180763,-0.183059711153701,0.206444927028664
0.220743611903189,0.190532290668062,0.37232747419374,0.403257905980081,-0.030211321235127,0.0309304317863406
0.263036690845905,0.343067643334875,0.348651004886081,0.449756254164914,0.0800309524889709,0.101105249278834
0.292377883140023,0.448085529077305,0.372288303893477,0.476538393166542,0.155707645937282,0.104250089273065
0.373439232960931,0.408510446093453,0.408874328771657,0.446066202657131,0.0350712131325218,0.0371918738854736
0.254636381381151,0.423038463386905,0.423895440927209,0.417278808995106,0.168402082005755,-0.00661663193210343
0.222487109478088,0.275054962251049,0.376686416188661,0.440319719240911,0.0525678527729602,0.0636333030522497
0.350814401124616,0.286226177361961,0.366055580207957,0.49160736938159,-0.0645882237626545,0.125551789173633
0.215106858976601,0.25480573072661,0.378349936107059,0.468482872261365,0.0396988717500096,0.0901329361543055
0.300180958840064,0.438006984243091,0.338699127558182,0.435071995252962,0.137826025403027,0.0963728676947805
0.306783664306003,0.424492501500706,0.381331821233419,0.469135008411077,0.117708837194703,0.0878031871776581
0.269851303942084,0.295800621273947,0.42796573921832,0.420718745460278,0.0259493173318633,-0.007246993758042
0.293148485264807,0.383409010036856,0.332635001437415,0.392051326969729,0.090260524772049,0.0594163255323139
0.275417354334895,0.356293118890238,0.335792762241048,0.36046082218616,0.0808757645553435,0.0246680599451122
0.239587860964412,0.259989682737302,0.350830714577698,0.429365047110321,0.02040182177289,0.0785343325326234
0.25052995989856,0.258286331602075,0.380482566681394,0.484346971812013,0.00775637170351418,0.103864405130619
0.302202023898927,0.281293543358271,0.388371628820072,0.407480608671439,-0.0209084805406563,0.0191089798513673
0.246348648532418,0.288542398893126,0.284235193973891,0.444720262952097,0.0421937503607077,0.160485068978206
0.275769263487001,0.308313190022332,0.355557919313148,0.496513074168957,0.0325439265353306,0.140955154855809
0.250029491491904,0.180340186134,0.299991878785191,0.611982308970902,-0.0696893053579045,0.311990430185711
0.288632599735663,0.248947554135127,0.292350173438704,0.380652524881991,-0.0396850456005361,0.0883023514432866
0.275430754838602,0.27595575660798,0.331720625305409,0.431879644597184,0.000525001769378197,0.100159019291775
0.211938901794449,0.265686946236657,0.389251009310617,0.459905802057522,0.0537480444422078,0.0706547927469048
0.241240554281925,0.249212850726736,0.309985860685653,0.468854136176463,0.00797229644481098,0.15886827549081
0.31574917767814,0.238800223384666,0.368744120508333,0.368535796661615,-0.0769489542934744,-0.000208323846718761
0.331051847421108,0.258968835883393,0.339883842084143,0.393703919006618,-0.0720830115377156,0.0538200769224747
0.259610941636971,0.298130476117712,0.332998447218621,0.441860236121887,0.0385195344807413,0.108861788903266
0.301755390496509,0.209629670860198,0.318126300776355,0.499246684108784,-0.0921257196363109,0.181120383332428
0.205758084161614,0.255011148100139,0.418759183376598,0.19344959737276,0.0492530639385252,-0.225309586003837
0.263681724965092,0.250475475961623,0.40510259187971,0.428991961953233,-0.0132062490034692,0.0238893700735232
0.327512312393526,0.301909439082008,0.339317564905854,0.426479057994357,-0.0256028733115177,0.0871614930885022
0.299607000779998,0.275897302327484,0.366042142140903,0.46434341530607,-0.0237096984525136,0.0983012731651671
0.471088493116614,0.348598717858105,0.346439066352538,0.40014986058935,-0.122489775258509,0.0537107942368118
0.322394330608311,0.310524500309606,0.347783712439076,0.420610754005328,-0.0118698302987053,0.0728270415662521
0.431784590418446,0.346491946070454,0.321352648746309,0.437484301061715,-0.0852926443479927,0.116131652315406
0.291696830933624,0.398367285454298,0.34422194349779,0.459168674203067,0.106670454520675,0.114946730705277
0.301175514517169,0.316363664326514,0.347942267553835,0.398238596591037,0.0151881498093454,0.0502963290372022
0.283528226865797,0.339698821690146,0.35371083924359,0.253412491459698,0.0561705948243488,-0.100298347783892
0.297539318845323,0.335203163287771,0.412957053091031,0.418222784286286,0.037663844442448,0.00526573119525492
0.288282327498479,0.422589973825263,0.338299373336146,0.406888739614605,0.134307646326784,0.0685893662784592
0.270973305648452,0.313834165594843,0.282265209790296,0.41891818878317,0.0428608599463906,0.136652978992874
0.323663432470262,0.439616510081881,0.346433651286914,0.305367622611741,0.115953077611619,-0.0410660286751731
0.37947604717057,0.338810898419612,0.400952701810753,0.24071194364408,-0.0406651487509587,-0.160240758166672
0.315488222145784,0.338625862264336,0.404554899006724,0.556866975827611,0.0231376401185511,0.152312076820887
0.258618432350787,0.276473357606106,0.268738950579279,0.379191705578656,0.0178549252553195,0.110452754999377
0.209696968503622,0.324530256290085,0.322074978438577,0.333160668769896,0.114833287786463,0.0110856903313195
0.340583606328153,0.245028927704538,0.363048127209029,0.391424120264168,-0.0955546786236149,0.0283759930551387
0.206260401293217,0.272276169951986,0.365189846270128,0.421603946906723,0.0660157686587694,0.0564141006365954
0.205444010927215,0.314991769328307,0.397696632288336,0.285236931170593,0.109547758401091,-0.112459701117743
0.197155748270073,0.495331027680457,0.419092617889353,0.426077398359311,0.298175279410384,0.00698478046995726
0.278743584024912,0.374136654455901,0.342916182178337,0.381340514647539,0.0953930704309892,0.038424332469202
0.335265663145242,0.329776001050575,0.419634744147901,0.496682698081255,-0.00548966209466772,0.0770479539333538
0.420464140909175,0.237404429755474,0.33702286586666,0.553549153180763,-0.183059711153701,0.216526287314103
0.22484152906277,0.192861245664756,0.377899633282488,0.408723846629545,-0.0319802833980145,0.0308242133470574
0.267254364293149,0.34723034689392,0.347103202127884,0.457150051651538,0.079975982600771,0.110046849523654
0.297428576806101,0.450731410992717,0.374071553966528,0.483548531307432,0.153302834186616,0.109476977340904
0.353074949976998,0.410477355453645,0.410678137809729,0.454452947196254,0.0574024054766478,0.0437748093865254
0.260034376820393,0.408089176224574,0.426465846631153,0.423268714510542,0.148054799404182,-0.00319713212061173
0.227405620429489,0.280217166672625,0.384745583628157,0.438988109534574,0.0528115462431356,0.0542425259064171
0.298459564482355,0.26202893448266,0.369890513664704,0.435206124175659,-0.036430629999695,0.0653156105109552
0.217149543419561,0.261079430828448,0.372137777165383,0.456063626029655,0.0439298874088868,0.0839258488642725
0.295867839812431,0.422199004411409,0.331023028039332,0.442804859504795,0.126331164598978,0.111781831465463
0.314590330549343,0.42750773338885,0.384142423930338,0.461934820920942,0.112917402839507,0.0777923969906044
0.27362722957105,0.295800621273947,0.429068315863278,0.412977708513596,0.0221733917028974,-0.0160906073496823
0.295737629013191,0.386300312721944,0.328838581575674,0.40005052546151,0.0905626837087537,0.071211943885836
0.277129597384367,0.357943321227803,0.341933999568516,0.35945622393856,0.0808137238434359,0.0175222243700435
0.243458599144724,0.261609322101278,0.359640257189865,0.424219805475082,0.0181507229565541,0.0645795482852166
0.252690411878602,0.245642199821564,0.362254990661656,0.47308640180734,-0.00704821205703751,0.110831411145685
0.274595055829073,0.283007186341508,0.389582164588072,0.400682769556025,0.00841213051243506,0.011100604967953
0.251577241086357,0.294004156808264,0.292714732219714,0.448666884036533,0.0424269157219077,0.155952151816819
0.278844365233154,0.311353605316691,0.337237059353404,0.498768125334976,0.032509240083537,0.161531065981572
0.255123204912777,0.180340186134,0.299991878785191,0.611982308970902,-0.0747830187787766,0.311990430185711
0.28039068771299,0.255069874557051,0.292350173438704,0.373205622588789,-0.025320813155939,0.0808554491500849
0.273712786551676,0.27219170139114,0.313133412207456,0.438272330701046,-0.00152108516053673,0.12513891849359
0.214115560040402,0.271538499184341,0.390631983402416,0.465427555386668,0.0574229391439384,0.0747955719842521
0.234323882288791,0.253809566146326,0.301198602312012,0.459907032284324,0.0194856838575348,0.158708429972312
0.287377703553111,0.243396840727189,0.378880742913864,0.376137386785082,-0.0439808628259223,-0.00274335612878224
0.336128916284445,0.263089016574205,0.320786626850959,0.398262640804467,-0.0730398997102398,0.077476013953508
0.263507373085257,0.304500614832561,0.354454560254317,0.443962222107001,0.0409932417473041,0.0895076618526844
0.305888267328859,0.206691298917052,0.33369729656611,0.490182999390841,-0.0991969684118071,0.156485702824731
0.202670179409079,0.263468880520922,0.411454460215121,0.19925768714045,0.0607987011118431,-0.21219677307467
0.253009085145149,0.254328277075576,0.410759448216824,0.411505821717533,0.00131919193042684,0.000746373500708331
0.327512312393526,0.278974968816695,0.331797407942914,0.433435561536223,-0.0485373435768308,0.101638153593308
0.302075070908112,0.25989686363743,0.358333839818191,0.456551854377054,-0.0421782072706824,0.0982180145588631
0.449130620990064,0.342254829322843,0.352071552265622,0.405089868537861,-0.106875791667221,0.0530183162722397
0.325626499848089,0.317340278890549,0.33349338827234,0.426407355586075,-0.00828622095754022,0.092913967313735
0.416779473449509,0.350540305924972,0.323438843804548,0.426147506465248,-0.0662391675245371,0.1027086626607
0.286741884509659,0.387993595872868,0.341169157781802,0.465419089864167,0.101251711363208,0.124249932082366
0.304505028300151,0.319251233375973,0.35181457581739,0.394476442087529,0.0147462050758219,0.0426618662701388
0.288747485713798,0.346446090873345,0.355346256174658,0.257163619791702,0.0576986051595473,-0.0981826363829558
0.301252443747706,0.332538207930863,0.414486058162455,0.418222784286286,0.0312857641831563,0.0037367261238318
0.278570533359572,0.40728919253063,0.34377270154332,0.414109530691252,0.128718659171058,0.0703368291479317
0.274325139139075,0.31513913473432,0.280887759429132,0.40497833376864,0.0408139955952456,0.124090574339508
0.324772099008212,0.439616510081881,0.342904133912074,0.315398088079031,0.114844411073669,-0.0275060458330434
0.382581613415137,0.344161872038907,0.400952701810753,0.235280632025789,-0.0384197413762294,-0.165672069784964
0.319095208668149,0.330234514319234,0.404554899006724,0.556866975827611,0.0111393056510849,0.152312076820887
0.264145190558841,0.278991195522285,0.277531419290816,0.379191705578656,0.0148460049634442,0.10166028628784
0.214462870425681,0.3320738553599,0.318834628370177,0.333160668769896,0.11761098493422,0.0143260403997194
0.340583606328153,0.217766212938926,0.365750424861837,0.391424120264168,-0.122817393389226,0.0256736954023306
0.210138695766175,0.269324456556546,0.369628308030833,0.421603946906723,0.0591857607903715,0.0519756388758902
0.200152168932214,0.318414456955691,0.400934151929893,0.285236931170593,0.118262288023477,-0.1156972207593
0.200978790192893,0.495331027680457,0.421183558602858,0.426077398359311,0.294352237487564,0.00489383975645258
0.284921044181925,0.363594622802874,0.345425690857247,0.331371429822968,0.0786735786209496,-0.0140542610342789
0.319777107452481,0.327136905570104,0.423456878288136,0.496682698081255,0.00735979811762366,0.0732258197931194
0.420464140909175,0.237404429755474,0.338666994376264,0.553549153180763,-0.183059711153701,0.214882158804499
0.218683609405571,0.195421820796037,0.382892238043158,0.412654366107341,-0.0232617886095342,0.0297621280641832
0.272458941678403,0.333595029691144,0.351259871077798,0.462910949914948,0.0611360880127402,0.11165107883715
0.302327568681011,0.45513421599879,0.358091347819873,0.46419355527116,0.152806647317779,0.106102207451287
0.34266152779432,0.414872426347136,0.414347271008106,0.450515089503577,0.0722108985528165,0.0361678184954705
0.25963238296843,0.402627120105212,0.409254959910464,0.429558782974601,0.142994737136783,0.0203038230641367
0.231877223472691,0.285417009192572,0.369061643469428,0.422217064113245,0.0535397857198814,0.0531554206438171
0.265002372274018,0.264185934455761,0.372372221031048,0.439997472364794,-0.000816437818257132,0.0676252513337459
0.219265578036168,0.261079430828448,0.365430752403184,0.430692904575511,0.0418138527922801,0.0652621521723269
0.300666413116591,0.404202686226616,0.336357899558172,0.438530264888856,0.103536273110026,0.102172365330684
0.317796843694234,0.435155887542638,0.387982370345519,0.466148401496003,0.117359043848403,0.078166031150484
0.277188570675111,0.301631758754055,0.43416993467886,0.417312838373186,0.0244431880789445,-0.016857096305674
0.305523575876975,0.39333961677543,0.328967511359595,0.401555910680486,0.0878160408984549,0.0725883993208912
0.275876256867653,0.356386900596152,0.348671970424042,0.34443352612671,0.0805106437284991,-0.00423844429733167
0.245719023757391,0.264918205269187,0.348696489430309,0.428364302378988,0.0191991815117951,0.0796678129486794
0.253504547840272,0.247876789914723,0.365696145795362,0.477279034615058,-0.00562775792554884,0.111582888819696
0.27673878302036,0.276874953462709,0.38648425902367,0.399271534672787,0.000136170442348593,0.0127872756491175
0.255836751134008,0.294004156808264,0.301419899595713,0.45330409083391,0.0381674056742565,0.151884191238197
0.283945031479355,0.302335641983637,0.340857279641017,0.47005821460411,0.0183906105042828,0.129200934963093
0.258998068012739,0.191057351913342,0.311057097819229,0.611982308970902,-0.0679407160993968,0.300925211151673
0.284776109833482,0.260702581482948,0.283449120715549,0.377975415114341,-0.0240735283505337,0.0945262943987922
0.279236348383276,0.269069272525003,0.318678055101534,0.442904358114202,-0.0101670758582732,0.124226303012667
0.216153760316172,0.276632535597715,0.369933736745231,0.47173278467596,0.0604787752815432,0.101799047930729
0.231090190429785,0.258510366398165,0.305643401172155,0.464954352288726,0.0274201759683793,0.159310951116571
0.287377703553111,0.246334349933225,0.35054963972958,0.376060921353459,-0.0410433536198859,0.0255112816238796
0.336128916284445,0.263089016574205,0.30794345184109,0.40309745666671,-0.0730398997102398,0.0951540048256197
0.258584333982962,0.291973022026592,0.376181681509663,0.429109875487413,0.0333886880436302,0.0529281939777503
0.300978387769843,0.212330329540319,0.322378044801556,0.486286944398362,-0.0886480582295233,0.163908899596806
0.211343202103066,0.266183222854563,0.408372595049826,0.211877407329968,0.0548400207514974,-0.196495187719858
0.257128011169665,0.259450175533767,0.419488366270752,0.411505821717533,0.00232216436410121,-0.00798254455321912
0.327512312393526,0.278974968816695,0.335187780659625,0.438080698650618,-0.0485373435768308,0.102892917990993
0.304723536590392,0.249601793651292,0.349345818567517,0.452292803281876,-0.0551217429391005,0.102946984714359
0.398496110047141,0.335517595178616,0.35484862086834,0.409142215084187,-0.0629785148685255,0.0542935942158473
0.319923531083588,0.32127281932715,0.337110683910988,0.413850344771693,0.00134928824356273,0.0767396608607049
0.418329872531482,0.338696666151591,0.326860075903534,0.428645935611277,-0.0796332063798905,0.101785859707743
0.29211248632357,0.396587012256548,0.330134303610278,0.460241753623072,0.104474525932978,0.130107450012794
0.293453606555436,0.318641660009653,0.334571657879376,0.400197450169338,0.0251880534542172,0.0656257922899621
0.294018088295241,0.337233962582616,0.357932203971817,0.25106834881447,0.0432158742873747,-0.106863855157346
0.306344074264016,0.33745103635257,0.421202255560732,0.432647052689848,0.0311069620885538,0.0114447971291165
0.275895308163721,0.413212402678162,0.337446188372637,0.420626094232714,0.137317094514441,0.0831799058600766
0.272515238692202,0.307522669927517,0.282389752380469,0.41219543938863,0.0350074312353145,0.129805687008161
0.32718846313237,0.441480440707779,0.347730766881899,0.315398088079031,0.114291977575409,-0.0323326788028686
0.358513405071576,0.350842510896618,0.407968223074885,0.240793487071981,-0.00767089417495809,-0.167174736002904
0.325917989579399,0.334735250837841,0.415218070568798,0.556866975827611,0.0088172612584419,0.141648905258813
0.272327670928419,0.27604048226787,0.286891027312859,0.369616782701496,0.00371281133945067,0.0827257553886376
0.213284618616242,0.335199201827536,0.327271575442731,0.358654932392385,0.121914583211294,0.031383356949654
0.340583606328153,0.224512202929195,0.353889185840217,0.406800270895475,-0.116071403398958,0.0529110850552582
0.21682723612623,0.275422134382436,0.376748056788943,0.388232287439642,0.0585948982562066,0.0114842306506992
0.204230806737486,0.324181103222525,0.4050890869443,0.298721285078683,0.119950296485039,-0.106367801865617
0.198362510307967,0.495331027680457,0.426704769113906,0.337374506546556,0.29696851737249,-0.0893302625673503
0.285745523911181,0.366611481732208,0.351983582592302,0.315772898374942,0.0808659578210279,-0.0362106842173602
0.321738642376685,0.32981267407044,0.375824424010668,0.501782397168268,0.00807403169375437,0.1259579731576
0.420464140909175,0.248336623904087,0.344744170588077,0.553549153180763,-0.172127517005087,0.208804982592686
0.225504969451481,0.199468265287142,0.382892238043158,0.414941369517385,-0.0260367041643395,0.0320491314742274
0.281794961751525,0.335982560061933,0.347401110771654,0.454437880449172,0.0541875983104073,0.107036769677518
0.301667184302345,0.45632635888838,0.363336366721937,0.461763312208586,0.154659174586035,0.0984269454866494
0.354295350997665,0.415697060650725,0.407232046481896,0.44564319826397,0.0614017096530602,0.0384111517820739
0.255351085459358,0.404271753282761,0.413480616625511,0.420435329410428,0.148920667823403,0.00695471278491738
0.232787706250321,0.28937477803788,0.36230888631844,0.425593716049352,0.0565870717875587,0.0632848297309117
0.268597953008695,0.265226299238835,0.369683391506124,0.415832025754428,-0.00337165376985926,0.0461486342483043
0.222059943033192,0.261079430828448,0.371653334138834,0.427058868606168,0.0390194877952561,0.0554055344673345
0.307350447894804,0.39531795087492,0.332876001892956,0.441213159210467,0.0879675029801159,0.108337157317511
0.318036495871523,0.422136593321905,0.394715316084901,0.471196850819999,0.104100097450382,0.0764815347350971
0.282129289533133,0.302847939374183,0.441200122063776,0.423342216952045,0.0207186498410494,-0.0178579051117308
0.286637072676854,0.395222617174806,0.324924852087286,0.406395033675699,0.108585544497952,0.0814701815884125
0.279355680425456,0.342542177068894,0.352111546245364,0.342213465512113,0.0631864966434383,-0.00989808073325094
0.248270408207384,0.255495031801101,0.351571815156001,0.424718604699295,0.0072246235937172,0.0731467895432948
0.255145809611204,0.248718617967839,0.373492318816149,0.477279034615058,-0.0064271916433658,0.10378671579891
0.27985041948913,0.264860863143483,0.372523931254116,0.404748524873384,-0.0149895563456468,0.0322245936192682
0.259432329810452,0.311205282474222,0.301419899595713,0.443941421756438,0.0517729526637699,0.142521522160725
0.286739955231962,0.305420123904466,0.327001658747069,0.451966901287146,0.0186801686725039,0.124965242540077
0.260413988811532,0.196459667704663,0.328216011899411,0.611982308970902,-0.0639543211068692,0.283766297071492
0.289312821418964,0.255550808885154,0.291833888576371,0.388362218412741,-0.0337620125338103,0.0965283298363707
0.275332693183709,0.271818711885046,0.315035816676437,0.433890353142119,-0.00351398129866348,0.118854536465682
0.217362811875598,0.282519880948249,0.376082837492825,0.478874732695378,0.0651570690726506,0.102791895202553
0.231292272008975,0.254025596151324,0.308817561250149,0.468335486736212,0.0227333241423491,0.159517925486063
0.291150133085451,0.246530714009134,0.35054963972958,0.380322035653836,-0.044619419076317,0.0297723959242566
0.319058343518672,0.273955879144814,0.314466307291891,0.406917742168752,-0.045102464373858,0.0924514348768604
0.252937530230601,0.297702662268751,0.363950504994175,0.436363035501251,0.0447651320381504,0.0724125305070761
0.303163949863791,0.219712780636195,0.328470312542048,0.470030945827777,-0.0834511692275955,0.141560633285729
0.215645740164986,0.274643824618448,0.406044441518645,0.226396958367391,0.0589980844534617,-0.179647483151254
0.262642085598143,0.259515984211007,0.411819909219103,0.385715264531433,-0.00312610138713593,-0.0261046446876698
0.308412734251845,0.275978421162816,0.337114712089108,0.440466834341147,-0.0324343130890296,0.103352122252039
0.306180084065284,0.248019142280075,0.333354228538092,0.44748893619894,-0.0581609417852086,0.114134707660848
0.398496110047141,0.342755315778627,0.361127770268231,0.404753951242712,-0.0557407942685142,0.0436261809744807
0.321951830657133,0.32499742996589,0.327135158737418,0.418859146883881,0.0030455993087567,0.0917239881464629
0.419613650805225,0.325425078978211,0.3301008199206,0.42629178398991,-0.0941885718270138,0.0961909640693104
0.2936764319099,0.398644017147077,0.336289280840818,0.466168629160294,0.104967585237177,0.129879348319476
0.295224542327491,0.323956848740561,0.341075697200257,0.409157146702388,0.0287323064130699,0.0680814495021308
0.296349584223867,0.325152376213847,0.363823277179229,0.25106834881447,0.0288027919899799,-0.112754928364759
0.307655717829219,0.324320773941731,0.4069889403334,0.432647052689848,0.0166650561125118,0.0256581123564482
0.26435423627778,0.415393400927342,0.3365694078434,0.42756939028028,0.151039164649562,0.0909999824368808
0.262011120839499,0.300496768696263,0.286825955069756,0.419633579757464,0.0384856478567638,0.132807624687707
0.328238513043209,0.441480440707779,0.347730766881899,0.315398088079031,0.11324192766457,-0.0323326788028686
0.360507145521004,0.353643417412749,0.396590591852335,0.245773006408792,-0.00686372810825486,-0.150817585443543
0.328800839098583,0.33738073481612,0.417786773021899,0.556866975827611,0.0085798957175372,0.139080202805713
0.268439246549315,0.272280328129228,0.290596002954687,0.379648976502967,0.00384108157991275,0.0890529735482798
0.218237710724689,0.345954467152223,0.327271575442731,0.358654932392385,0.127716756427534,0.031383356949654
0.3008844127113,0.229681168901427,0.353889185840217,0.406800270895475,-0.0712032438098729,0.0529110850552582
0.221231637415729,0.280132830259967,0.3715555497731,0.388232287439642,0.0589011928442377,0.0166767376665424
0.205007896340997,0.328262672212434,0.411230517822568,0.265817636148652,0.123254775871438,-0.145412881673917
0.206487053211475,0.495331027680457,0.432696444900265,0.337374506546556,0.288843974468982,-0.0953219383537088
0.288257744328197,0.371093557893681,0.357507594161974,0.318199213500351,0.0828358135654844,-0.0393083806616225
0.335986217094848,0.335245203164879,0.372752347172225,0.481622336956064,-0.000741013929968781,0.108869989783838
0.420464140909175,0.248336623904087,0.344744170588077,0.561225862557631,-0.172127517005087,0.216481691969554
0.231593197302594,0.20157053760311,0.388387375285978,0.41865299549523,-0.0300226596994838,0.0302656202092525
0.288877086358411,0.339439868636246,0.352598290848635,0.458617889741335,0.050562782277835,0.1060195988927
0.297298557494148,0.416114030459723,0.368608371798031,0.465304425942395,0.118815472965576,0.0966960541443637
0.330276569724663,0.419444431864454,0.412703098457572,0.44899857706064,0.0891678621397909,0.036295478603068
0.25723536521093,0.39751731936771,0.419068456828441,0.425417811589378,0.14028195415678,0.00634935476093629
0.230605455431273,0.293988756842942,0.365882789956437,0.408963805448611,0.063383301411669,0.0430810154921738
0.272532969764334,0.257979019763987,0.364015187139748,0.390347106861003,-0.0145539500003473,0.0263319197212545
0.220543305175032,0.261079430828448,0.341869478163314,0.42931045999984,0.0405361256534157,0.0874409818365258
0.314368776461163,0.400097769566001,0.331103353683514,0.429883091905427,0.0857289931048384,0.0987797382219129
0.326806505857984,0.427288284839781,0.399631569408896,0.474180605238115,0.100481778981797,0.0745490358292194
0.273729435860858,0.284611881803222,0.437090523696048,0.427352540895779,0.0108824459423649,-0.00973798280026877
0.283064445645378,0.400910902853146,0.318951526352622,0.396104407905634,0.117846457207768,0.0771528815530113
0.283093672029737,0.344540647164581,0.350529382985895,0.345047965741147,0.0614469751348432,-0.00548141724474777
0.240249638592003,0.258099598480261,0.348653108408085,0.428543976964636,0.0178499598882584,0.0798908685565509
0.257019431398651,0.251901482503612,0.341166419824891,0.446974690222312,-0.00511794889503892,0.105808270397422
0.28107864671918,0.26751433774542,0.361959279636823,0.407677376061091,-0.0135643089737601,0.0457180964242674
0.262311870199567,0.303202204273931,0.289396262815013,0.43275460509552,0.0408903340743635,0.143358342280507
0.279453935404394,0.295362387711367,0.302328700824896,0.453441988315922,0.0159084523069731,0.151113287491027
0.260413988811532,0.193621587349106,0.324863303565136,0.611982308970902,-0.0667924014624262,0.287119005405766
0.291229123691103,0.260720649885647,0.300717901903987,0.388362218412741,-0.0305084738054554,0.087644316508754
0.278673289312412,0.274788205360187,0.315336273797324,0.41327238387495,-0.0038850839522247,0.0979361100776262
0.219764981823357,0.285205371536474,0.37351863857695,0.481595225549886,0.0654403897131167,0.108076586972936
0.233800981942095,0.257430819083893,0.303598061799677,0.454642180199138,0.023629837141798,0.151044118399461
0.289593624091368,0.24172957074246,0.357937062479331,0.370843857924827,-0.0478640533489078,0.0129067954454963
0.319058343518672,0.269727884393233,0.318062786753125,0.410233824809542,-0.0493304591254385,0.0921710380564171
0.257176390847711,0.307564059155702,0.363950504994175,0.439952073504748,0.0503876683079904,0.0760015685105729
0.291567569992897,0.214392218973912,0.328531842204453,0.451065095973607,-0.0771753510189853,0.122533253769154
0.219756523164993,0.267530844672428,0.384001198113431,0.231043668160995,0.0477743215074342,-0.152957529952435
0.268019665741991,0.261196576426155,0.411819909219103,0.386682507945369,-0.00682308931583592,-0.0251374012737341
0.287176591985181,0.278996862820946,0.342571707017105,0.43191076810262,-0.00817972916423471,0.0893390610855153
0.307865083116543,0.250939788069842,0.335730608620808,0.443991797601933,-0.0569252950467011,0.108261188981124
0.401379901837925,0.332648785623974,0.365370763867207,0.407964527967683,-0.0687311162139503,0.042593764100476
0.323457566915957,0.321347024597404,0.33108279656794,0.422383757576841,-0.00211054231855357,0.0913009610089012
0.421926724942918,0.316082866297257,0.331747365454326,0.406602084749255,-0.10584385864566,0.0748547192949289
0.297722406869645,0.386971143547849,0.341366093975622,0.468761049275517,0.0892487366782049,0.127394955299895
0.288622785288225,0.309960034863098,0.345413308206976,0.408127215044882,0.0213372495748726,0.0627139068379054
0.298668297945506,0.329126667092236,0.347607524520473,0.254049609021808,0.0304583691467303,-0.0935579154986646
0.291495555673832,0.310604742803361,0.41039434540634,0.446851625281081,0.0191091871295292,0.0364572798747411
0.256751831035684,0.418912489452137,0.342333693490474,0.432261133958152,0.162160658416453,0.0899274404676787
0.266038536108807,0.296697194604356,0.292357054030038,0.424815353334333,0.0306586584955496,0.132458299304295
0.329418520753252,0.441480440707779,0.321038654015545,0.315398088079031,0.112061919954527,-0.00564056593651457
0.347875611633269,0.348688749271645,0.392636670424682,0.257300078220986,0.00081313763837576,-0.135336592203696
0.319876989251244,0.334004478300956,0.420207569347707,0.435315899893682,0.0141274890497112,0.0151083305459751
0.270769136757523,0.273701826359324,0.295087906123222,0.335796314382778,0.00293268960180093,0.0407084082595561
0.227343588993233,0.338254526276014,0.304840398929768,0.358654932392385,0.110910937282781,0.0538145334626177
0.3008844127113,0.233397187379055,0.33578496396689,0.406800270895475,-0.0674872253322452,0.0710153069285859
0.220405385317231,0.281952039549213,0.375482745812064,0.39742138894891,0.0615466542319821,0.0219386431368459
0.210401176983423,0.331111491276504,0.395919839092139,0.242977497372294,0.120710314293081,-0.152942341719846
0.215107545380025,0.495331027680457,0.434741469613032,0.344779438680898,0.280223482300433,-0.089962030932134
0.273500826977762,0.373892161182726,0.361876055596249,0.323436811656238,0.100391334204964,-0.0384392439400114
0.335986217094848,0.339319006732064,0.375343018472105,0.469373198134873,0.00333278963721678,0.0940301796627678
0.420464140909175,0.270731625170096,0.332700294159301,0.561225862557631,-0.149732515739079,0.22852556839833
0.233385228726855,0.202243927425076,0.398620416004968,0.424657108053878,-0.0311413013017789,0.0260366920489102
0.276426518219666,0.325299691093846,0.340638598338731,0.464529344823721,0.0488731728741807,0.12389074648499
0.298659666088391,0.418610081546851,0.372878148967382,0.471633010924916,0.11995041545846,0.0987548619575337
0.315126699483348,0.422742309377166,0.403571993171408,0.433849506660313,0.107615609893818,0.0302775134889053
0.256401551479791,0.400550224147709,0.413015001912949,0.43230705920353,0.144148672667918,0.0192920572905814
0.234476341950229,0.297891113450763,0.369468793849061,0.413572409095974,0.0634147715005339,0.0441036152469125
0.272532969764334,0.254953610106808,0.35037521559659,0.384764260554847,-0.0175793596575263,0.034389044958257
0.226602517904098,0.278720358243106,0.348468533318196,0.432209511322845,0.0521178403390075,0.0837409780046481
0.317788067962849,0.403062159396235,0.335170381233593,0.426734917515416,0.0852740914333854,0.091564536281823
0.32860705295641,0.43123461043248,0.403334756731339,0.481483492085393,0.10262755747607,0.0781487353540536
0.277069484202611,0.27034564877331,0.420745571846177,0.432868176678274,-0.00672383542930072,0.0121226048320971
0.268263804861577,0.405562282835858,0.325169686123412,0.391441489909973,0.137298477974281,0.0662718037865609
0.287188720213316,0.338197388610404,0.35549707043693,0.343029841229127,0.0510086683970877,-0.0124672292078023
0.237624285167716,0.262049052372974,0.353996786822313,0.432137506395701,0.0244247672052584,0.078140719573388
0.252015407612586,0.245557505132443,0.312721449993976,0.450807140830209,-0.00645790248014269,0.138085690836233
0.285264271896049,0.265316761209243,0.35629678629679,0.392517946483542,-0.0199475106868062,0.0362211601867513
0.25519695315287,0.296328039859343,0.289396262815013,0.429699836725533,0.0411310867064725,0.14030357391052
0.271092930004128,0.297101430610857,0.301264655905307,0.457697766674462,0.0260085006067291,0.156433110769155
0.261937860969066,0.20157106295179,0.324863303565136,0.611982308970902,-0.0603667980172754,0.287119005405766
0.290831645776189,0.256977105575121,0.300717901903987,0.371219755973845,-0.0338545402010685,0.0705018540698581
0.282103820955406,0.283449855284897,0.321126785888263,0.419253717219868,0.00134603432949143,0.0981269313316048
0.215989545796476,0.267851785745954,0.378362277003379,0.467337555052354,0.051862239949478,0.0889752780489746
0.227498003232561,0.260510522242957,0.299479155503939,0.460828252487612,0.0330125190103959,0.161349096983673
0.282858040204795,0.245639369234044,0.358239256511927,0.375290795409962,-0.0372186709707507,0.0170515388980348
0.322171946244261,0.273879773166831,0.311694107311529,0.401295450648743,-0.0482921730774292,0.0896013433372141
0.260644379134684,0.307420072855608,0.363950504994175,0.442912168603843,0.046775693720924,0.0789616636096679
0.294640396299493,0.221997352778434,0.323448007152765,0.437529684323847,-0.0726430435210585,0.114081677171082
0.222192594056189,0.27709895683187,0.384001198113431,0.233400703989005,0.0549063627756803,-0.150600494124426
0.272460595188308,0.240536813352676,0.401103347841905,0.388563598363814,-0.0319237818356311,-0.0125397494780914
0.291589797434724,0.289428989222601,0.347737423987294,0.437228072751216,-0.00216080821212289,0.0894906487639212
0.291412903869582,0.254632626076635,0.327860727139093,0.44911050302541,-0.0367802777929476,0.121249775886317
0.401379901837925,0.334598447485324,0.36964542661287,0.406760136609514,-0.0667814543526011,0.0371147099966445
0.310925702037881,0.315725269379072,0.328948251940609,0.428961526023257,0.0047995673411908,0.100013274082648
0.421926724942918,0.322217888276932,0.318525574514199,0.402407686862739,-0.099708836665986,0.0838821123485393
0.30111547188324,0.390460994851801,0.333339495308526,0.447856783709813,0.089345522968561,0.114517288401287
0.290476000691292,0.29852264360916,0.350156185357457,0.41700343499205,0.00804664291786761,0.0668472496345933
0.30113617912835,0.331051576411359,0.351434618045423,0.240627805484724,0.0299153972830093,-0.1108068125607
0.288764225109923,0.313919029815762,0.413387558552375,0.446851625281081,0.0251548047058391,0.0334640667287063
0.260207420352569,0.421255269580232,0.34669743136221,0.439197724419954,0.161047849227663,0.0925002930577439
0.270025956024936,0.300193324701755,0.28663048268312,0.431857297401712,0.0301673686768196,0.145226814718592
0.333835589423704,0.441480440707779,0.328571209210652,0.274283597584417,0.107644851284075,-0.0542876116262349
0.337824117075294,0.352395988310095,0.392636670424682,0.259505617650395,0.0145718712348007,-0.133131052774287
0.322166757815595,0.335234794739749,0.420207569347707,0.435315899893682,0.0130680369241547,0.0151083305459751
0.258325777761414,0.275546080401778,0.294635455767917,0.32098914353981,0.0172203026403641,0.0263536877718935
0.231725464716101,0.326806430517665,0.289714753172555,0.358654932392385,0.0950809658015635,0.0689401792198301
0.3008844127113,0.240134535944161,0.339947261980514,0.423659857056877,-0.0607498767671389,0.0837125950763623
0.223163004642783,0.284774027039607,0.372910819641759,0.348563197864145,0.061611022396824,-0.0243476217776142
0.214340796147503,0.326106085892858,0.399808597637691,0.245887162870361,0.111765289745355,-0.15392143476733
0.208194193515201,0.430423017177557,0.398691762988668,0.344779438680898,0.222228823662356,-0.0539123243077699
0.469568614924645,0.503898042420264,0.200570774833359,0.286634968489149,0.0343294274956185,0.0860641936557897
0.494275061185101,0.736794892312273,0.274267011878042,0.423557223696009,0.242519831127172,0.149290211817967
0.339504743672117,0.648977204542211,0.23811318918226,0.26081368946482,0.309472460870094,0.0227005002825598
0.43435292038696,0,0.210436243953666,0.359827314205898,-0.43435292038696,0.149391070252232
0.507418363171813,0.491118792085677,0.288454382644785,0.363206636527248,-0.0162995710861351,0.0747522538824631
0.447325100765842,0.4853559656262,0.261434860286402,0.36883220634213,0.0380308648603579,0.107397346055727
0.4689861094292,0.599075282700426,0.23684777583391,0.395894035520239,0.130089173271226,0.159046259686329
0.455083395024536,0.515003293371266,0.281591601321933,0.371660719514478,0.0599198983467303,0.0900691181925454
0.388163913521345,0.500310664086993,0.24292137591358,0.284024545684444,0.112146750565648,0.0411031697708639
0.329694444673157,0.494469721975199,0.221102151885469,0.300942681813896,0.164775277302041,0.079840529928427
0.377182797403752,0.488149026697649,0.219335327878176,0.425388927646331,0.110966229293897,0.206053599768155
0.503501742787799,0.670910217308897,0.206712784060096,0.273165769245342,0.167408474521098,0.0664529851852455
0.52131678643944,0.605049434716379,0.235820886062646,0.395937227618919,0.083732648276939,0.160116341556273
0.405393103692373,0.621419581263042,0.220816571648328,0.263309415744051,0.216026477570669,0.0424928440957229
0.406232312719805,0.54480760342106,0.171822167814262,0.2498381573377,0.138575290701255,0.078015989523438
0.320059557738196,0.454452496166484,0.260278855073467,0.271080112193661,0.134392938428288,0.0108012571201938
0.315337852990135,0.496356243151709,0.260645668203427,0.423341180188393,0.181018390161574,0.162695511984966
0.253873627390019,0.4849051061522,0.222504138648412,0.228461932086216,0.231031478762181,0.00595779343780353
0.250910725349227,0.480491170736591,0.210056860810713,0.283887751524645,0.229580445387364,0.0738308907139321
0.409671732741158,0.642082433733999,0.283618227719367,0.268703152973409,0.232410700992841,-0.0149150747459582
0.357948956381092,0.569405466856348,0.180270835930498,0.298187919171773,0.211456510475256,0.117917083241274
0.267688295620973,0.651328425670011,0.180666200146584,0.386608551510538,0.383640130049039,0.205942351363954
0.368377330920593,0.412990018651431,0.182884703584708,0.289189068335788,0.044612687730838,0.10630436475108
0.270349861172941,0.618070784272356,0.187420732086716,0.252057252882511,0.347720923099415,0.0646365207957956
0.253855307186367,0.48311391247694,0.228569095521547,0.282369482806012,0.229258605290573,0.0538003872844645
0.276502472925646,0.487155303717988,0.20087371123426,0.274400412435166,0.210652830792342,0.0735267012009063
0.379531319777733,0.575228235872273,0.216908087409554,0.31323886760527,0.19569691609454,0.0963307801957164
0.351843080808406,0.423035315270177,0.245542622337933,0.265289956986953,0.0711922344617708,0.0197473346490197
0.38592683352002,0.374508741580239,0.18263412504087,0.284609888078648,-0.0114180919397803,0.101975763037777
0.399935116752998,0.599584700934448,0.169995438328109,0.301717027318321,0.19964958418145,0.131721588990211
0.196882748935105,0.533780289253012,0.307930504119745,0.273777230678979,0.336897540317907,-0.0341532734407661
0.347352732192705,0.525625044823902,0.263499890999465,0.402055033610619,0.178272312631197,0.138555142611153
0.397452311561798,0.60502659213515,0.246713199415891,0.453780050548394,0.207574280573352,0.207066851132503
0.397839737164477,0.593174263193243,0.166283322915379,0.379732134321196,0.195334526028766,0.213448811405817
0.363203262816916,0.454298991816306,0.244979414580598,0.292108006112795,0.0910957289993899,0.0471285915321966
0.373231819332729,0.496463773897462,0.204846471728832,0.287331599062742,0.123231954564733,0.0824851273339098
0.33331219523984,0.500152275323312,0.176724240259877,0.411535182273008,0.166840080083472,0.234810942013131
0.309656102195186,0.542313539088862,0.20861593608889,0.289448163732984,0.232657436893676,0.0808322276440947
0.272583214349909,0.507846364318659,0.209651555042364,0.290892316669036,0.235263149968751,0.081240761626672
0.281550679512504,0.606593237846746,0.215490869732313,0.311128394662534,0.325042558334241,0.0956375249302208
0.261238993135615,0.523035191225938,0.28523164986896,0.379490111475259,0.261796198090323,0.0942584616062997
0.280605163958371,0.50419684694505,0.26653403976951,0.351087136701985,0.223591682986679,0.0845530969324753
0.350175570470042,0.488351727138826,0.223891346187298,0.305502136087805,0.138176156668785,0.0816107899005065
0.303806915631412,0.535586598664608,0.202688665395962,0.291430392557442,0.231779683033195,0.0887417271614797
0.330002458816767,0.565321095203892,0.212528407020791,0.348776057403214,0.235318636387124,0.136247650382422
0.329937596868818,0.579691566749533,0.21626500887192,0.360762258671176,0.249753969880715,0.144497249799257
0.31707951866333,0.576377210032031,0.228867953722562,0.298262614177814,0.259297691368701,0.069394660455252
0.172685257548727,0,0.197595999901285,0.229390405093145,-0.172685257548727,0.0317944051918603
0.386334552695004,0.6113870095259,0.287149556909941,0.328804779333612,0.225052456830896,0.041655222423671
0.19679737403913,0.510781626373401,0.205099759973761,0.288877080541412,0.313984252334271,0.0837773205676504
0.245145764071013,0.565894478394884,0.218501837969529,0.280855357240738,0.320748714323871,0.0623535192712093
0.452421127545995,0.726423054530577,0.208783313908091,0.250189642673166,0.274001926984582,0.0414063287650747
0.477087894925206,0.499159828040736,0.201615816726667,0.289256931162519,0.0220719331155299,0.0876411144358521
0.494275061185101,0.693443687126516,0.277513607466918,0.4119642193129,0.199168625941416,0.134450611845983
0.342403422850677,0.648066764027963,0.214675723708437,0.264877190340816,0.305663341177286,0.0502014666323789
0.426931692979767,0,0.197671513259487,0.332666775676617,-0.426931692979767,0.134995262417129
0.51434543680282,0.498058095601837,0.275908950179734,0.367213280769043,-0.0162873412009828,0.091304330589309
0.426180847284584,0.488028107672333,0.25442906057477,0.375475746632536,0.0618472603877488,0.121046686057766
0.474806769930442,0.566198490621674,0.239150891463354,0.404926771072941,0.0913917206912321,0.165775879609587
0.457094056442365,0.522156050284943,0.270997254961929,0.352585689233538,0.0650619938425781,0.0815884342716088
0.392495447947306,0.480681274028456,0.238146301280406,0.286869761992744,0.0881858260811504,0.0487234607123387
0.323255706406424,0.50122079742495,0.225817853012323,0.291340910672909,0.177965091018526,0.0655230576605859
0.381865898518969,0.499353262196736,0.195561771358307,0.425388927646331,0.117487363677768,0.229827156288024
0.478230927765695,0.655817602637716,0.199653990065754,0.27994602445386,0.177586674872021,0.0802920343881062
0.523574093125495,0.619486335253698,0.237188866509131,0.401901565993397,0.0959122421282032,0.164712699484266
0.365134501926616,0.61740353358095,0.224610729767795,0.268605820921917,0.252269031654334,0.043995091154122
0.390055442852118,0.549891892254286,0.175562133636274,0.251105555477071,0.159836449402168,0.0755434218407969
0.305379815456179,0.459978381150991,0.26354139299234,0.272231498971681,0.154598565694811,0.00869010597934061
0.310778615902738,0.497658746841144,0.262484981537498,0.402581756275192,0.186880130938406,0.140096774737694
0.253358651880208,0.485451052012435,0.210398836657272,0.228461932086216,0.232092400132227,0.0180630954289434
0.251750430687751,0.465277678072157,0.214628382348349,0.287250499903559,0.213527247384406,0.0726221175552098
0.414176862303479,0.642082433733999,0.288351572225989,0.258676005445433,0.22790557143052,-0.0296755667805562
0.357714542643354,0.569405466856348,0.171918428030463,0.304537456428388,0.211690924212993,0.132619028397925
0.267540103804861,0.642373947655237,0.185501317688847,0.368987484280055,0.374833843850377,0.183486166591208
0.354593869536923,0.412990018651431,0.178149416698006,0.288081382935448,0.0583961491145071,0.109931966237442
0.270349861172941,0.601508659167564,0.189692626503385,0.256226715225339,0.331158797994623,0.0665340887219537
0.256937545910194,0.489346251321283,0.229820450375885,0.284185113578456,0.23240870541109,0.0543646632025711
0.276502472925646,0.480681288108383,0.203552857876742,0.272608297849406,0.204178815182737,0.0690554399726643
0.382035863227393,0.575228235872273,0.217812600645027,0.314817873191453,0.19319237264488,0.0970052725464261
0.35639556797971,0.427804020731823,0.248504329306476,0.267978966257609,0.0714084527521138,0.0194746369511323
0.388907574000634,0.374508741580239,0.179784841660308,0.286845798739066,-0.0143988324203949,0.107060957078758
0.394571927581989,0.597105263213278,0.172998752765559,0.310159163257722,0.202533335631289,0.137160410492162
0.196882748935105,0.541960627211559,0.309892538429906,0.279758283966272,0.345077878276454,-0.0301342544636343
0.352845590617897,0.527855624006578,0.265312709624032,0.402055033610619,0.175010033388681,0.136742323986587
0.399378779555743,0.60502659213515,0.248191094499704,0.453780050548394,0.205647812579408,0.20558895604869
0.403844914425758,0.546609971544049,0.164697649367296,0.375645675252007,0.142765057118291,0.210948025884711
0.366077192082461,0.425924457294794,0.248140082661628,0.297686965021448,0.0598472652123334,0.0495468823598195
0.367563470648488,0.502113359033905,0.20233650574028,0.292646563571957,0.134549888385417,0.0903100578316779
0.337691795927147,0.50457320825962,0.178853633834393,0.411535182273008,0.166881412332473,0.232681548438615
0.301580146059529,0.533333276473875,0.205171488824637,0.274167089334132,0.231753130414346,0.0689956005094956
0.272359507389422,0.503019260837923,0.213222262179677,0.287566282382506,0.2306597534485,0.0743440202028291
0.285176522308005,0.601241120442897,0.216877727494309,0.310381710941743,0.316064598134892,0.0935039834474339
0.266482839197735,0.530238669907654,0.256933734483632,0.348266075309068,0.263755830709919,0.0913323408254368
0.286204005915499,0.511240358377288,0.270532142050739,0.357314543988929,0.225036352461789,0.0867824019381898
0.356859154802285,0.493452225047963,0.218994293753232,0.310618160405262,0.136593070245679,0.0916238666520299
0.310171545068233,0.538366898779329,0.204915284419592,0.295271462686603,0.228195353711095,0.0903561782670114
0.319796703671536,0.571161984842451,0.207292886102621,0.343479594172896,0.251365281170914,0.136186708070275
0.3364852501899,0.582173070464039,0.219447931180205,0.365362976177865,0.245687820274138,0.14591504499766
0.319165215886489,0.570354355492019,0.211688250117772,0.288579017916027,0.251189139605529,0.0768907677982553
0.180050046059633,0,0.197595999901285,0.237279238366199,-0.180050046059633,0.0396832384649141
0.393007394658548,0.619710564995602,0.287149556909941,0.328804779333612,0.226703170337054,0.041655222423671
0.198855647657893,0.516654059107793,0.205099759973761,0.291356943103412,0.3177984114499,0.0862571831296501
0.248703427522245,0.559809571493425,0.219301598428411,0.28419156498692,0.311106143971179,0.0648899665585088
0.452421127545995,0.695310308452035,0.199299090689979,0.250189642673166,0.24288918090604,0.0508905519831866
0.480908966580675,0.48921883384663,0.188300158517539,0.289256931162519,0.00830986726595523,0.10095677264498
0.460651502994305,0.70505936008556,0.279551395313892,0.396578579056622,0.244407857091255,0.11702718374273
0.342403422850677,0.648066764027963,0.208553841789492,0.261983491437818,0.305663341177286,0.0534296496483257
0.426931692979767,0,0.202299182132363,0.332666775676617,-0.426931692979767,0.130367593544253
0.518175837803226,0.503631684828724,0.278477271058338,0.370203020315063,-0.0145441529745015,0.0917257492567258
0.430912918543882,0.495704672833196,0.257611682600979,0.382102776279367,0.0647917542893135,0.124491093678388
0.478252317253186,0.570662377907293,0.241729507116469,0.411240116023541,0.0924100606541067,0.169510608907072
0.427382116363684,0.529257779778269,0.259988419080925,0.3578070962133,0.101875663414584,0.0978186771323749
0.360480903372756,0.474056506961767,0.241843840664387,0.280898792368874,0.113575603589011,0.0390549517044868
0.3084203997935,0.496707674625921,0.227972010406272,0.295959386043706,0.188287274832421,0.0679873756374343
0.37327607554979,0.503341107981872,0.189558281487053,0.425388927646331,0.130065032432082,0.235830646159278
0.481805472641879,0.655817602637716,0.200975440811603,0.287724104834246,0.174012129995838,0.0867486640226423
0.527548848056932,0.617959879236038,0.228770272915227,0.40813855738538,0.0904110311791058,0.179368284470153
0.354175265595991,0.613206246757286,0.226324342184661,0.269283143034772,0.259030981161295,0.0429588008501105
0.377854758388345,0.552522677260775,0.175919547107084,0.242645926640829,0.17466791887243,0.066726379533745
0.303281300481289,0.469349561332602,0.255030288903952,0.260831908237678,0.166068260851314,0.00580161933372547
0.315963072827392,0.505253277721133,0.263711559210342,0.402581756275192,0.189290204893741,0.13887019706485
0.260503000651659,0.487786455807597,0.212108369359578,0.223532493815166,0.227283455155938,0.0114241244555879
0.255593192054604,0.472542602385543,0.217323182058952,0.286287978329436,0.216949410330939,0.068964796270484
0.417599582413664,0.642082433733999,0.288351572225989,0.262464468570015,0.224482851320335,-0.0258871036559745
0.33747903952083,0.574067280735296,0.17143127014291,0.31087356384162,0.236588241214466,0.13944229369871
0.253762357667234,0.642373947655237,0.180783003912908,0.334015119677673,0.388611589988003,0.153232115764764
0.356541157870817,0.402061011028079,0.177846635636898,0.280982598552773,0.0455198531572619,0.103135962915874
0.259886425457504,0.600418760296595,0.182221856847126,0.258823736436302,0.340532334839091,0.0766018795891757
0.260355535875773,0.495594411436088,0.233309784283914,0.286105745754088,0.235238875560315,0.0527959614701736
0.275833561142867,0.489818716122891,0.199349111413153,0.268344263319755,0.213985154980024,0.0689951519066022
0.388096719122951,0.570632673766513,0.209155291913818,0.314817873191453,0.182535954643562,0.105662581277635
0.360142449059584,0.432081047829752,0.230749274481546,0.273424332814235,0.0719385987701678,0.0426750583326883
0.367503372663482,0.374508741580239,0.175021365592425,0.287101785150754,0.00700536891675785,0.112080419558328
0.397858056237479,0.600230989853379,0.175576183065416,0.306394232712781,0.2023729336159,0.130818049647365
0.201457604946169,0.526842687949773,0.284606556001234,0.263153556752331,0.325385083003605,-0.0214529992489026
0.356640508147947,0.536416737149343,0.268442993704759,0.402055033610619,0.179776229001396,0.13361203990586
0.403416716530532,0.616528724950988,0.250447257247561,0.453780050548394,0.213112008420456,0.203332793300833
0.40721515122522,0.536210757441023,0.167023445377215,0.363506547632268,0.128995606215803,0.196483102255053
0.366077192082461,0.424258002010078,0.254539517260453,0.29094606186462,0.0581808099276169,0.0364065446041678
0.370214406989413,0.499624984455015,0.205832686961512,0.298062406018479,0.129410577465602,0.0922297190569667
0.322181458202589,0.513577870127879,0.175515142016259,0.397818325369064,0.19139641192529,0.222303183352804
0.306283348193289,0.543806167379871,0.206828791755545,0.277256074512904,0.237522819186581,0.0704272827573587
0.276633635984063,0.507713270124996,0.215604257716277,0.29649115616536,0.231079634140933,0.0808868984490839
0.282292294450261,0.598516467625637,0.209850621746123,0.316035337446042,0.316224173175376,0.106184715699919
0.260832751132884,0.539950081589546,0.256933734483632,0.352451066407886,0.279117330456663,0.0955173319242543
0.270166167696918,0.508318317264426,0.23825405209415,0.338616069680271,0.238152149567508,0.10036201758612
0.361287273534225,0.490811507822419,0.222625122536058,0.315183760434514,0.129524234288194,0.092558637898456
0.316011168395907,0.524866041689298,0.201101979181988,0.298150089652827,0.208854873293392,0.0970481104708395
0.320589474512262,0.580019855400187,0.209255119490696,0.33792476812044,0.259430380887925,0.128669648629743
0.337785734374739,0.571244212170664,0.220795466662469,0.370439267780087,0.233458477795925,0.149643801117618
0.311529616711317,0.543810215399429,0.213587959698693,0.292124974790928,0.232280598688111,0.0785370150922346
0.180050046059633,0,0.185702484457714,0.237279238366199,-0.180050046059633,0.0515767539084848
0.395764633823062,0.584152748136743,0.244087472054438,0.328804779333612,0.188388114313681,0.0847173072791739
0.202669085088815,0.518366864990867,0.208841434461483,0.282680042828916,0.315697779902052,0.0738386083674326
0.253387361563189,0.553666865402771,0.223333252644174,0.289031743688692,0.300279503839583,0.0656984910445178
0.44015819686999,0.695310308452035,0.20161714891635,0.259338752659138,0.255152111582045,0.0577216037427887
0.483129733383616,0.495863926836723,0.191019063273961,0.259916614392524,0.0127341934531067,0.0688975511185624
0.462344480676056,0.70505936008556,0.280360982441253,0.400961033397309,0.242714879409504,0.120600050956056
0.345132693689461,0.648066764027963,0.206937433381738,0.265720897687608,0.302934070338502,0.0587834643058708
0.405235788633466,0,0.205348267240151,0.341684157238554,-0.405235788633466,0.136335889998403
0.52079343671012,0.481827541105564,0.278477271058338,0.373424956476797,-0.0389658956045552,0.094947685418459
0.399224742771005,0.495257589790772,0.235342296900208,0.386265948569708,0.096032847019767,0.150923651669501
0.480273624512793,0.565259679081613,0.243494336763372,0.40356634342118,0.0849860545688202,0.160072006657807
0.429190921566785,0.537425042400594,0.251963844919667,0.362702240252135,0.108234120833808,0.110738395332468
0.350819386089077,0.47089946468427,0.243704221790049,0.288962817562762,0.120080078595193,0.0452585957727133
0.311197242096107,0.506108720571368,0.229982086599219,0.301782304173583,0.194911478475261,0.0718002175743641
0.376092940458391,0.513550984429175,0.182323392549433,0.433083636166654,0.137458043970784,0.250760243617221
0.483640106568022,0.655817602637716,0.202497702943578,0.292429666090282,0.172177496069695,0.0899319631467033
0.502497498874274,0.626258302651887,0.223930250442821,0.413359332789762,0.123760803777614,0.189429082346941
0.342774808361102,0.569502408787385,0.229557320539741,0.26315590584084,0.226727600426283,0.0335985853010992
0.378827283704514,0.555344643267256,0.177389178443157,0.242541261532208,0.176517359562743,0.0651520830890509
0.307482765402891,0.478074550616558,0.249126000728765,0.264651313889043,0.170591785213667,0.0155253131602781
0.319753115875986,0.502208652827637,0.267104784485879,0.36121903377863,0.182455536951651,0.094114249292751
0.262306097136456,0.481530013220232,0.213994528737726,0.228447270484457,0.219223916083776,0.0144527417467309
0.25933249359469,0.482487146144966,0.205611434553624,0.282246163190394,0.223154652550276,0.0766347286367701
0.420083035276939,0.642082433733999,0.288351572225989,0.266666275157182,0.22199939845706,-0.0216852970688073
0.321845898588833,0.578629489365498,0.17143127014291,0.314135373771339,0.256783590776665,0.142704103628429
0.247391589650469,0.633829600708699,0.182342254550962,0.335733727978313,0.38643801105823,0.153391473427351
0.352862655981886,0.408457020048975,0.177846635636898,0.276567414432979,0.0555943640670892,0.0987207787960807
0.270092653239391,0.594045912989831,0.180180250361267,0.264801696126529,0.32395325975044,0.0846214457652622
0.243479287477144,0.502559873517533,0.213907296426626,0.288111585218154,0.259080586040389,0.0742042887915284
0.282460709057979,0.49965421104035,0.202787087812094,0.265731415995114,0.217193501982371,0.0629443281830194
0.391167116108849,0.561461534560117,0.201908067288401,0.308274496055434,0.170294418451268,0.106366428767034
0.350318851600404,0.440428624481463,0.233645582822265,0.272775839180931,0.0901097728810584,0.039130256358665
0.368529721585298,0.374508741580239,0.176417380202448,0.289171330911787,0.0059790199949411,0.112753950709339
0.373607470837341,0.579594069199912,0.177382424623231,0.309982642818161,0.205986598362571,0.132600218194931
0.206549606488007,0.536860310989045,0.273103798021865,0.260542931591741,0.330310704501038,-0.0125608664301244
0.359471249252164,0.54099119873761,0.271467163709167,0.404900072208205,0.181519949485446,0.133432908499038
0.405471354196477,0.639172613404692,0.252329450005634,0.43099481064685,0.233701259208215,0.178665360641216
0.395816375948927,0.540444977886532,0.168840928951966,0.363506547632268,0.144628601937605,0.194665618680302
0.354404203830491,0.432091970447674,0.245149928004603,0.276806214342909,0.077687766617183,0.0316562863383066
0.372184480042452,0.499243174669119,0.197640869593206,0.304093757095958,0.127058694626667,0.106452887502752
0.326279021742471,0.521259671697008,0.175265562060854,0.372112461022294,0.194980649954537,0.19684689896144
0.305371674163391,0.554228086730189,0.210539672537568,0.282420071132154,0.248856412566798,0.0718803985945858
0.281792761276204,0.505873177443988,0.20942896298672,0.298965278543236,0.224080416167784,0.0895363155565165
0.278118186467946,0.575105158102585,0.208358062515527,0.320913757691407,0.296986971634638,0.11255569517588
0.250536412758251,0.548270969632352,0.246264536435053,0.352451066407886,0.297734556874101,0.106186529972833
0.2738473094863,0.51680897170135,0.241119174390574,0.343807895720012,0.242961662215051,0.102688721329438
0.352490479037834,0.499423175748685,0.225807995771066,0.319831809311174,0.146932696710851,0.0940238135401087
0.319061287562534,0.515325906319212,0.195106664267717,0.280177313952072,0.196264618756678,0.0850706496843553
0.324671916842299,0.587096164778692,0.213773059471257,0.331242260191461,0.262424247936393,0.117469200720203
0.342899401191551,0.576028650294933,0.224753844469687,0.375118248969834,0.233129249103381,0.150364404500146
0.306635666162271,0.546080483047115,0.215522559164508,0.288338657330047,0.239444816884844,0.0728160981655389
0.191607047366041,0,0.191254598778753,0.240258261157598,-0.191607047366041,0.049003662378845
0.398875377512615,0.584152748136743,0.219075440327067,0.328804779333612,0.185277370624128,0.109729339006545
0.203910179856876,0.518366864990867,0.212586812679112,0.282680042828916,0.314456685133991,0.0700932301498037
0.251142037444498,0.54860451511972,0.219173644207972,0.293101811963983,0.297462477675222,0.0739281677560117
0.44015819686999,0.695310308452035,0.196487041015984,0.259338752659138,0.255152111582045,0.0628517116431539
0.487605339396302,0.488334242631985,0.192827919505516,0.263892542211284,0.000728903235683309,0.0710646227057677
0.464695663042497,0.695011496846442,0.280360982441253,0.403419238616791,0.230315833803945,0.123058256175537
0.340846766546396,0.648066764027963,0.209911674028101,0.27187581512294,0.307219997481566,0.0619641410948397
0.395259145005603,0,0.194579157270125,0.341684157238554,-0.395259145005603,0.147104999968429
0.499348045827436,0.4890542635451,0.279843767781976,0.365717289647671,-0.0102937822823365,0.0858735218656949
0.404567845206906,0.502423531676869,0.237778491495737,0.392037225289298,0.0978556864699626,0.15425873379356
0.449145439529224,0.57148776214536,0.23649745157402,0.389861550052572,0.122342322616136,0.153364098478552
0.407773467665641,0.524968334087175,0.253943175478405,0.354662046891018,0.117194866421534,0.100718871412613
0.321809221680564,0.475497764975277,0.246567512651701,0.286681481722613,0.153688543294713,0.0401139690709121
0.304329174488913,0.513182254861415,0.233449220387443,0.295528903433746,0.208853080372502,0.0620796830463036
0.383336319156159,0.518131257781754,0.184994219595373,0.433083636166654,0.134794938625595,0.248089416571281
0.489166588374299,0.661487226423247,0.188146339677725,0.29739949653641,0.172320638048948,0.109253156858685
0.506593598879697,0.621823150090361,0.226529224993954,0.403361537910189,0.115229551210664,0.176832312916235
0.324811558098636,0.578254916029067,0.231960492512788,0.261836141461897,0.253443357930431,0.0298756489491083
0.371427608105,0.562314424719961,0.17354004479197,0.239806565808859,0.190886816614961,0.0662665210168892
0.311881955491706,0.485753005057281,0.23639602388402,0.267188421509611,0.173871049565575,0.0307923976255909
0.324873851083928,0.507686808664553,0.251112207766135,0.362608527517835,0.182812957580625,0.1114963197517
0.263981925021639,0.475473204115854,0.21490239675444,0.231043379030747,0.211491279094215,0.0161409822763064
0.26391079356577,0.489859824234288,0.207662204727352,0.281442926642452,0.225949030668518,0.0737807219151007
0.428627535009709,0.642082433733999,0.288351572225989,0.265282886134139,0.21345489872429,-0.0230686860918497
0.317265395821102,0.580559214007804,0.166768226892278,0.319671966770893,0.263293818186701,0.152903739878615
0.237557320933771,0.633829600708699,0.181850707727286,0.339399475386243,0.396272279774928,0.157548767658957
0.358313776000702,0.420238291279046,0.181791648568182,0.264751060094554,0.0619245152783445,0.082959411526371
0.263292370510165,0.596740083271679,0.182245572810735,0.263127170753001,0.333447712761514,0.0808815979422663
0.248808735956216,0.511568461356458,0.215595529548395,0.29174756291195,0.262759725400242,0.0761520333635547
0.288495446690567,0.494254488967097,0.204686940684077,0.270110664601047,0.20575904227653,0.0654237239169701
0.397251649957742,0.558183840203167,0.203853629868423,0.29990107979466,0.160932190245426,0.0960474499262362
0.355344659616211,0.424574816274474,0.210169409098567,0.278236704517305,0.0692301566582629,0.0680672954187376
0.373954079262931,0.437020432767136,0.177499806512579,0.290191880506094,0.0630663535042055,0.112692073993515
0.379838422835186,0.53689876724413,0.174417282624536,0.315773152265274,0.157060344408944,0.141355869640738
0.206549606488007,0.543038531694573,0.273103798021865,0.262938629984247,0.336488925206566,-0.0101651680376184
0.366431180542152,0.529682905474605,0.257876669643225,0.373295351578774,0.163251724932453,0.115418681935549
0.397737217923528,0.639172613404692,0.255067852918786,0.43099481064685,0.241435395481164,0.175926957728064
0.392827736323409,0.519391989304335,0.17095261577128,0.355166477411934,0.126564252980926,0.184213861640654
0.354404203830491,0.440686143513782,0.211231361215829,0.282926486331874,0.0862819396832914,0.0716951251160447
0.376641398263118,0.50505374577658,0.199749934941559,0.310695985062661,0.128412347513462,0.110946050121103
0.329553241049941,0.529070941689055,0.171294311018762,0.376014196527475,0.199517700639115,0.204719885508714
0.309239115877302,0.535183543916639,0.202160465133413,0.280229105938916,0.225944428039337,0.0780686408055025
0.285523426543532,0.49397959618409,0.20572370284565,0.305220785697349,0.208456169640559,0.0994970828516985
0.273125417413784,0.580068883357785,0.210974640926698,0.32561750011599,0.306943465944001,0.114642859189291
0.254287471134,0.554144217563623,0.235525067952561,0.354297822677664,0.299856746429624,0.118772754725103
0.277135942227589,0.510111926640079,0.226393656893128,0.336405184575266,0.23297598441249,0.110011527682138
0.331747109856888,0.507831257699007,0.228580059592064,0.309004561991907,0.17608414784212,0.0804245023998428
0.322748887064953,0.520020744040966,0.187845901410371,0.267215644565542,0.197271856976014,0.079369743155171
0.325871712540392,0.594483011874555,0.208590258720851,0.334875279514683,0.268611299334163,0.126285020793832
0.345395315283374,0.58597250676508,0.227534079253217,0.380276641621539,0.240577191481706,0.152742562368322
0.312191076363129,0.556302988845335,0.198385967253152,0.279172168681916,0.244111912482206,0.0807862014287644
0.194518019468938,0,0.191254598778753,0.243189163097961,-0.194518019468938,0.0519345643192079
0.405125902917392,0.579389309395353,0.205755415063356,0.328804779333612,0.174263406477961,0.123049364270256
0.205772842037131,0.521011813036303,0.213353589742337,0.278748358616592,0.315238970999173,0.0653947688742554
0.253913003203621,0.556948435283487,0.211337350775506,0.297016393904402,0.303035432079866,0.0856790431288961
0.44015819686999,0.695310308452035,0.197886648434119,0.259338752659138,0.255152111582045,0.0614521042250193
0.487605339396302,0.496169328998306,0.195457209979144,0.267864746175708,0.00856398960200383,0.0724075361965643
0.466805683567585,0.682775934451542,0.281566871080088,0.403419238616791,0.215970250883958,0.121852367536702
0.34434075305968,0.645297294635751,0.204483141415638,0.277405894311404,0.300956541576071,0.0729227528957656
0.396599798659126,0,0.183370904982772,0.353349686940038,-0.396599798659126,0.169978781957267
0.501250065244965,0.495211814833309,0.280661777730349,0.348772736356677,-0.00603825041165551,0.0681109586263284
0.37404889836196,0.509344165769104,0.22994054439832,0.394430049549274,0.135295267407144,0.164489505150954
0.428556528864081,0.546358061218418,0.237876492890967,0.375630707874785,0.117801532354337,0.137754214983817
0.413588974781528,0.531401495141956,0.235023429189582,0.359474773014116,0.117812520360429,0.124451343824534
0.315747164892175,0.482168971190676,0.234847343540122,0.281805296027358,0.166421806298501,0.0469579524872357
0.308120116368629,0.52032540809551,0.235563296087479,0.30169850856246,0.21220529172688,0.0661352124749807
0.387417885511654,0.505290067404777,0.186484031109558,0.433083636166654,0.117872181893123,0.246599605057096
0.491094436657406,0.673116148976646,0.188551714886839,0.299562277515733,0.18202171231924,0.111010562628894
0.508713009499228,0.601363370391446,0.220289191693295,0.404434631637837,0.0926503608922183,0.184145439944541
0.31988604923944,0.571055397056782,0.23527022200104,0.264788800280194,0.251169347817342,0.0295185782791543
0.362376659676392,0.545280213050424,0.171586496157377,0.23604309626936,0.182903553374032,0.0644566001119833
0.316359409132083,0.481514817896916,0.237667471819384,0.265231407816555,0.165155408764832,0.0275639359971711
0.328678475153106,0.484416078110615,0.254312468930657,0.373467040187545,0.155737602957509,0.119154571256888
0.267991252552388,0.483563506490962,0.20107244282236,0.225854688825154,0.215572253938574,0.0247822460027944
0.263324231695758,0.481406556784973,0.202884177397183,0.285340733381025,0.218082325089215,0.0824565559838429
0.430938051508051,0.642082433733999,0.249755930811803,0.260281568649662,0.211144382225948,0.010525637837859
0.314703171484384,0.560757862278819,0.168412101483712,0.316195831415414,0.246054690794435,0.147783729931702
0.251663017934558,0.633829600708699,0.184411610979435,0.339399475386243,0.382166582774141,0.154987864406808
0.360544330844819,0.417674231261086,0.183292688260901,0.267434052781547,0.0571299004162673,0.0841413645206454
0.270737677975027,0.594942658653595,0.184376664379885,0.265549704327887,0.324204980678568,0.0811730399480024
0.252011748215976,0.514183387825358,0.218050298931766,0.29971299832356,0.262171639609382,0.0816626993917936
0.28997152238467,0.501084373444805,0.200038538027994,0.270308513667289,0.211112851060135,0.0702699756392957
0.363231487395527,0.565116421998517,0.206744342599765,0.301772939323839,0.20188493460299,0.0950285967240745
0.359742697212213,0.428383910514525,0.213001986431329,0.285091746280138,0.0686412133023118,0.0720897598488087
0.357200014540432,0.437020432767136,0.179686594071083,0.287952063513647,0.079820418226704,0.108265469442564
0.380862339455072,0.538856939910819,0.170415500730465,0.302884831158918,0.157994600455747,0.132469330428453
0.189426068175605,0.529800340697837,0.250155647726457,0.25905963227212,0.340374272522233,0.0089039845456631
0.369104397477861,0.539423997711825,0.247050152025351,0.36275428935852,0.170319600233964,0.115704137333168
0.387055969034391,0.639172613404692,0.243449987127929,0.384751216404981,0.252116644370301,0.141301229277051
0.393805452658299,0.52651149789967,0.172991619363702,0.345975243720086,0.132706045241371,0.172983624356384
0.356343566963458,0.44764848004134,0.202480184731218,0.286357257870619,0.0913049130778816,0.0838770731394015
0.37819359347973,0.511387515901116,0.20111540919278,0.30647388820552,0.133193922421386,0.10535847901274
0.33280489201678,0.535718022001754,0.172106511781165,0.380265834835932,0.202913129984974,0.208159323054767
0.28831000886144,0.542290736391127,0.205967749629631,0.276173093231181,0.253980727529688,0.0702053436015503
0.289456318366009,0.494686256764506,0.201793126115022,0.307603379809645,0.205229938398496,0.105810253694624
0.264233567720173,0.58468736836617,0.196836139960944,0.329379643801347,0.320453800645997,0.132543503840403
0.258822133467708,0.544824237259276,0.240077669771671,0.340056985029464,0.286002103791568,0.0999793152577926
0.281162541593386,0.51766978176102,0.227098538066216,0.340923178004588,0.236507240167634,0.113824639938372
0.315925079179593,0.514178758708494,0.230980270878436,0.314051135176867,0.198253679528902,0.0830708642984311
0.302746328067566,0.525968982909735,0.186235300951957,0.247068708031593,0.223222654842169,0.0608334070796355
0.326833899459506,0.564136575326606,0.21253194651157,0.339060628356053,0.2373026758671,0.126528681844483
0.346708765883861,0.593368897939998,0.22105073903107,0.383450018641531,0.246660132056138,0.162399279610461
0.310750295037072,0.558723991817859,0.193752050442575,0.282569439709845,0.247973696780787,0.0888173892672706
0.170977817640262,0,0.193154855171678,0.243189163097961,-0.170977817640262,0.0500343079262829
0.405125902917392,0.580423069773235,0.182086896215936,0.328804779333612,0.175297166855843,0.146717883117676
0.208671420751037,0.506503550932763,0.21724049133007,0.280463704278636,0.297832130181726,0.0632232129485666
0.248233996168414,0.556619666211417,0.215084874500895,0.300759678221055,0.308385670043003,0.0856748037201603
0.44015819686999,0.695310308452035,0.20084295426389,0.265848447390091,0.255152111582045,0.065005493126201
0.310686842741001,0.360575287153222,0.421281454381683,0.463822482130266,0.0498884444122206,0.0425410277485833
0.263509109004732,0.312745578196984,0.439027990813203,0.526427693767137,0.0492364691922524,0.0873997029539344
0.319780390241768,0.314238497970361,0.231284321101769,0.401051836142258,-0.00554189227140717,0.169767515040489
0.272677866794356,0.317827196190604,0.404556949937647,0.373955456057953,0.0451493293962488,-0.0306014938796932
0.373753460351313,0.409936077871094,0.436214706479059,0.464493739365335,0.0361826175197811,0.0282790328862765
0.365101092575306,0.36527791573107,0.435177767772247,0.490532676656574,0.000176823155764061,0.0553549088843271
0.366558989427867,0.411118301214463,0.441676706148941,0.49220551751141,0.0445593117865963,0.0505288113624698
0.314677038058655,0.325492306184746,0.445234083862091,0.493177362433899,0.0108152681260915,0.0479432785718082
0.267143587561866,0.416255840303826,0.363136601570082,0.440334252941171,0.14911225274196,0.0771976513710892
0.267540800411671,0.371114329604914,0.39055134564554,0.431761375366738,0.103573529193243,0.0412100297211979
0.263076456707242,0.411693086608671,0.436883331536644,0.422632506527608,0.148616629901429,-0.0142508250090362
0.297923728780906,0.446928258756805,0.532822085827137,0.536833463410442,0.149004529975899,0.00401137758330528
0.28310899982204,0.414247410473084,0.456326198299058,0.446130441173982,0.131138410651043,-0.010195757125076
0.310018349423944,0.353514798736487,0.390468293475527,0.517941287257851,0.0434964493125429,0.127472993782324
0.242957558950405,0.284303364519686,0.425292560108367,0.436237093636986,0.0413458055692814,0.0109445335286197
0.307782402168182,0.368749971691559,0.421482646582289,0.442922078672639,0.0609675695233766,0.0214394320903495
0.330308456503926,0.367102260814566,0.385641123927597,0.523485279625308,0.0367938043106396,0.137844155697711
0.254963012308325,0.19065002606985,0.365332602579446,0.467267976205364,-0.064312986238475,0.101935373625918
0.279801524602517,0.266408487728002,0.393799438427338,0.452155266782426,-0.013393036874515,0.058355828355088
0.319561170867599,0.41072158111448,0.346339448739244,0.389195457774524,0.0911604102468812,0.0428560090352803
0.276343647481961,0.243049921484053,0.384873075231662,0.381807160052045,-0.0332937259979078,-0.0030659151796168
0.290985046278935,0.210027441321865,0.482185866492263,0.309310520660764,-0.0809576049570691,-0.172875345831499
0.314775358565515,0.24548861196601,0.356774919437155,0.377117259534706,-0.069286746599505,0.0203423400975516
0.325216868001379,0.376747205993207,0.388840539123217,0.447370321627453,0.0515303379918285,0.0585297825042364
0.290493305567221,0.343998593011736,0.399054253817475,0.445492302720841,0.0535052874445143,0.0464380489033658
0.270002853499373,0.393925597075939,0.412037969063419,0.462716045957422,0.123922743576566,0.0506780768940028
0.310576007305265,0.359117249896611,0.383069011097985,0.453215483584321,0.0485412425913457,0.0701464724863365
0.310302493291757,0.389204062150967,0.328167369267379,0.370891773065872,0.0789015688592104,0.0427244037984931
0.305735669554248,0.335049572666639,0.379362878649436,0.392020485800783,0.0293139031123907,0.0126576071513465
0.320547816269702,0.346696735310444,0.32177832886142,0.2466318563214,0.0261489190407417,-0.0751464725400201
0.358454808128274,0.429897076804412,0.201460220567664,0.206195694346247,0.0714422686761385,0.00473547377858319
0.292600726021327,0.362554676235864,0.385990556927168,0.513893248186232,0.0699539502145377,0.127902691259064
0.320639186718027,0.429982841989435,0.443330914539396,0.533481930525081,0.109343655271407,0.0901510159856856
0.362271473732892,0.352756982222732,0.323703970495296,0.344660156948209,-0.00951449151016021,0.020956186452913
0.30281984432778,0.444972907906312,0.349935718174903,0.478669069353423,0.142153063578532,0.12873335117852
0.256194765986511,0.386040645190922,0.354143753290556,0.401714079479001,0.129845879204411,0.0475703261884451
0.237297756447347,0.351609045667215,0.473815138921669,0.446419720939097,0.114311289219867,-0.0273954179825722
0.232323159785065,0.343943221128614,0.404949968772252,0.398066489558694,0.111620061343549,-0.00688347921355809
0.303072049544593,0.28104616288151,0.335831425834264,0.39888731370516,-0.0220258866630824,0.063055887870896
0.277532493710389,0.306291664945381,0.383819594210797,0.256442228219029,0.0287591712349917,-0.127377365991768
0.396725100960943,0.275803425122493,0.270061200519001,0.388123977661576,-0.12092167583845,0.118062777142576
0.304740816914217,0.335581786962767,0.393664844416181,0.432313326562729,0.0308409700485497,0.0386484821465488
0.284250775697108,0.338316795350362,0.38628412477455,0.457552082022847,0.0540660196532541,0.0712679572482966
0.259957841376628,0.346108762114015,0.415013586984992,0.431172869202217,0.0861509207373874,0.0161592822172245
0.260198936079176,0.297758187122886,0.410551330379097,0.457499568451614,0.0375592510437096,0.0469482380725169
0.269034937747449,0.29364637309841,0.433943213886548,0.417695842267712,0.0246114353509613,-0.0162473716188358
0.390683320793573,0.325272360004367,0.437480324167834,0.396264568383122,-0.0654109607892067,-0.0412157557847118
0.367437631132735,0.385644003061499,0.29019800311653,0.359941374620066,0.0182063719287638,0.0697433715035354
0.373783376521345,0.413666891588402,0.478225348923743,0.409541589309959,0.0398835150670578,-0.0686837596137841
0.362766648692807,0.542425744201614,0.264629716874838,0.31555235106274,0.179659095508808,0.0509226341879022
0.325327851729824,0.346359655379716,0.37616266303532,0.327020032086287,0.0210318036498926,-0.0491426309490324
0.299908919720625,0.51372337321923,0.331635309376474,0.641566254424844,0.213814453498605,0.309930945048371
0.285815038583812,0.349845972875241,0.422204774217605,0.467843765142057,0.0640309342914289,0.0456389909244522
0.259410400658847,0.317364581599303,0.443205774907529,0.535709065900858,0.0579541809404555,0.0925032909933289
0.298725432486211,0.322855204032448,0.243483221572365,0.40490722188854,0.0241297715462367,0.161424000316175
0.270073559244282,0.323936719669725,0.408415225267535,0.377827132069435,0.0538631604254436,-0.0305880931980994
0.355673160132855,0.414803577059887,0.43927387150491,0.471162676017862,0.0591304169270314,0.0318888045129523
0.366309175521751,0.369929718269829,0.420230605064635,0.480955439841624,0.00362054274807783,0.0607248347769894
0.370280401450194,0.401844716134143,0.442418645865705,0.498302245307558,0.0315643146839495,0.0558835994418532
0.318528197734307,0.3330074943466,0.450085726506389,0.48340103507282,0.0144792966122922,0.0333153085664313
0.270031016278845,0.420141026075991,0.367091970964583,0.445922380801036,0.150110009797146,0.078830409836453
0.271014768712431,0.32282656475774,0.391752673632472,0.420359368766041,0.0518117960453088,0.0286066951335693
0.260796267227964,0.414819456477571,0.431333654229201,0.428511347708124,0.154023189249607,-0.00282230652107696
0.301875198161298,0.446928258756805,0.532822085827137,0.526025567941023,0.145053060595508,-0.00679651788611391
0.281542049816038,0.414247410473084,0.438336562294813,0.441437702903033,0.132705360657046,0.00310114060821981
0.31302003102021,0.350784783433044,0.379634616905255,0.495506274691599,0.0377647524128344,0.115871657786344
0.246685591314037,0.282793056513729,0.426651581075092,0.440902851124435,0.0361074651996917,0.0142512700493426
0.312298067011081,0.374495353094488,0.415302746079323,0.434489182229567,0.0621972860834071,0.0191864361502431
0.335804809767562,0.372722390492619,0.387877961390893,0.526647220331045,0.0369175807250565,0.138769258940152
0.262217681589171,0.190994245848037,0.371698175215419,0.47173448786693,-0.0712234357411345,0.100036312651511
0.261535362513224,0.270869234533682,0.39784451020597,0.457246836054553,0.00933387202045755,0.0594023258485827
0.322373303984372,0.41072158111448,0.353212762917129,0.36929092769334,0.0883482771301075,0.0160781647762106
0.280837443349514,0.237944709815533,0.390501696438955,0.375352392501168,-0.0428927335339809,-0.0151493039377872
0.296359795502473,0.242327940939632,0.482185866492263,0.309310520660764,-0.0540318545628414,-0.172875345831499
0.293021927946196,0.250459328191904,0.360236011751409,0.380406757516209,-0.042562599754292,0.0201707457648001
0.330333664025064,0.358712863688346,0.394948080445359,0.446296206661399,0.0283791996632814,0.0513481262160403
0.287164253221078,0.350643480452578,0.391974630467907,0.442090150035896,0.0634792272315005,0.0501155195679894
0.271434648795511,0.383398266645957,0.385706582763057,0.469922064632273,0.111963617850446,0.0842154818692155
0.31464397847144,0.365373084999074,0.387355358833173,0.455344816820198,0.0507291065276343,0.0679894579870248
0.295820005349859,0.393423607111296,0.333629685553711,0.37593845009252,0.0976036017614372,0.0423087645388092
0.290697162798683,0.340955342386316,0.39040496265791,0.35600096059435,0.0502581795876324,-0.0344040020635601
0.325510820287997,0.351686735844643,0.299142949424272,0.287810843234303,0.0261759155566456,-0.011332106189969
0.354559313817025,0.436561319987392,0.243852517337812,0.2404476603155,0.0820020061703665,-0.00340485702231166
0.296398527943207,0.365220425294216,0.38983679301689,0.518213328890751,0.0688218973510089,0.128376535873861
0.316208622905669,0.426150544819514,0.44839048163674,0.510565051382467,0.109941921913845,0.0621745697457273
0.362271473732892,0.356805154277665,0.329171900925039,0.368048991663448,-0.00546631945522785,0.0388770907384091
0.254506086117458,0.430654782792035,0.358055510066166,0.459292318505151,0.176148696674577,0.101236808438985
0.260854194456561,0.371182364139595,0.360517674976065,0.391757955725074,0.110328169683034,0.031240280749009
0.241085133863129,0.347629821707107,0.473815138921669,0.446419720939097,0.106544687843978,-0.0273954179825722
0.232697451663899,0.338472753614305,0.409233270084424,0.391267748430416,0.105775301950406,-0.0179655216540081
0.297457310754899,0.286889681814431,0.327823523577478,0.404056523896865,-0.0105676289404676,0.0762330003193876
0.276390863145526,0.306185673873701,0.396491612826776,0.256442228219029,0.0297948107281751,-0.140049384607747
0.396725100960943,0.272100525957296,0.272716557154765,0.388123977661576,-0.124624575003647,0.115407420506811
0.306744363314753,0.33960771227262,0.398391040473107,0.438732440348166,0.0328633489578675,0.0403413998750593
0.287503898747478,0.335020512891437,0.381632738047728,0.464913658993837,0.0475166141439594,0.0832809209461092
0.239198282069805,0.351804103218481,0.415013586984992,0.431172869202217,0.112605821148676,0.0161592822172245
0.263912592578306,0.305311100021353,0.413345903190547,0.46144743258329,0.0413985074430471,0.0481015293927428
0.272308706510275,0.300387797725062,0.435330866396041,0.423623188197264,0.0280790912147872,-0.0117076781987773
0.378272603059003,0.329405318630092,0.433491679081783,0.39723166310446,-0.0488672844289109,-0.036260015977323
0.373333989807447,0.342579355574669,0.313315476114414,0.359941374620066,-0.0307546342327782,0.0466258985056518
0.376365330172348,0.413666891588402,0.562123007638152,0.409541589309959,0.0373015614160547,-0.152581418328192
0.35073202938374,0.542425744201614,0.280441249296734,0.31555235106274,0.191693714817874,0.0351111017660061
0.32750491361461,0.349716442770878,0.354781969082936,0.332614220409981,0.0222115291562685,-0.0221677486729548
0.299908919720625,0.51372337321923,0.331635309376474,0.641566254424844,0.213814453498605,0.309930945048371
0.27142092823055,0.326749181652521,0.394806098906821,0.475013312284751,0.0553282534219716,0.0802072133779291
0.25133862650384,0.321903053140248,0.445956743656276,0.540460518773048,0.0705644266364078,0.0945037751167721
0.298725432486211,0.286818543554267,0.258195655568197,0.406951189333727,-0.011906888931944,0.14875553376553
0.272676648821021,0.31677370363622,0.410303129598503,0.384737397633517,0.0440970548151989,-0.0255657319649861
0.341989931559198,0.417582844662141,0.444742102141059,0.444577407694496,0.0755929131029429,-0.000164694446563418
0.370257091200496,0.37582606283916,0.42696132478051,0.474574493420884,0.00556897163866443,0.0476131686403742
0.375854216338918,0.405960431097831,0.431530521505427,0.493815980440002,0.0301062147589128,0.062285458934575
0.323343744067035,0.334436821745256,0.456067551953391,0.466297257871485,0.0110930776782202,0.0102297059180934
0.274601220399726,0.423766329655527,0.375825764508811,0.451460178955156,0.149165109255801,0.0756344144463452
0.25718068154745,0.328183127699587,0.370217944259185,0.427018331665039,0.0710024461521371,0.0568003874058535
0.264387213999949,0.419208979874838,0.409776717426996,0.435402648016122,0.154821765874889,0.0256259305891264
0.305437690542648,0.451311108202913,0.534484004620104,0.532154346720043,0.145873417660265,-0.00232965790006079
0.282946790988461,0.418720664059078,0.43492568534685,0.448785802121477,0.135773873070617,0.0138601167746265
0.316282873474263,0.349275710887088,0.384550878590412,0.479533412941226,0.0329928374128254,0.0949825343508138
0.251584539464228,0.285940834931209,0.412879441952367,0.446118141281312,0.0343562954669812,0.0332386993289451
0.317512038089413,0.380035769156081,0.421984193694063,0.429495221325848,0.0625237310666677,0.00751102763178496
0.341557878458475,0.378944024381338,0.388991164268243,0.52990622785075,0.0373861459228628,0.140915063582507
0.266486499029956,0.196142291114976,0.375960429627963,0.46210098959905,-0.0703442079149796,0.086140559971087
0.26036066532982,0.276923874526892,0.40165641265453,0.46337255737682,0.0165632091970721,0.0617161447222901
0.322373303984372,0.413315226175391,0.352169728762849,0.371946747567176,0.0909419221910187,0.0197770188043268
0.286115457539382,0.230424933437152,0.396986526249956,0.356416747873589,-0.0556905241022293,-0.0405697783763663
0.301228989811501,0.259061469112018,0.482185866492263,0.309310520660764,-0.0421675206994835,-0.172875345831499
0.296259430029802,0.252993187409108,0.353817967301668,0.402951349706889,-0.0432662426206946,0.0491333824052208
0.310272859913629,0.364061803322886,0.400876708013775,0.451438667895295,0.0537889434092568,0.0505619598815207
0.291996742129063,0.355215034579548,0.396659620341186,0.439976626421537,0.0632182924504851,0.0433170060803508
0.272731946047834,0.388888769718296,0.392325689428254,0.459974623705882,0.116156823670462,0.067648934277628
0.313428674882339,0.340909464503559,0.388960616382335,0.459516539675696,0.02748078962122,0.0705559232933601
0.288558962602266,0.398755657570002,0.328579214417898,0.375670492215147,0.110196694967735,0.0470912777972493
0.291727506838524,0.346219030766681,0.39040496265791,0.362586595410594,0.0544915239281568,-0.0278183672473157
0.325510820287997,0.35690758223089,0.29976737190878,0.293708744959281,0.0313967619428928,-0.00605862694949977
0.353396395863824,0.443253383973663,0.243852517337812,0.286061628290477,0.0898569881098388,0.0422091109526649
0.300401961901648,0.37179091989268,0.393834848981067,0.52129549334917,0.0713889579910318,0.127460644368103
0.295304836473185,0.414290978931641,0.453068617912971,0.516965030586774,0.118986142458456,0.0638964126738029
0.349192746969167,0.337428095940662,0.334601619935779,0.363819243606558,-0.0117646510285044,0.0292176236707791
0.239199041685119,0.407821873933776,0.357888381062417,0.465183265202326,0.168622832248657,0.107294884139909
0.263973669077176,0.378244376663074,0.358726274211134,0.395019879728572,0.114270707585899,0.0362936055174385
0.244781217802464,0.351684568155489,0.465862836568759,0.446419720939097,0.106903350353025,-0.0194431156296621
0.236075649648445,0.3446150963712,0.395783435614912,0.394831744274586,0.108539446722755,-0.000951691340326855
0.291758308130647,0.293196073051453,0.336746309751426,0.41256794780653,0.00143776492080566,0.0758216380551035
0.281495835789258,0.298524202348076,0.395942681305721,0.262505400499485,0.0170283665588182,-0.133437280806236
0.318870094347242,0.275000547846749,0.276375525203498,0.388123977661576,-0.0438695465004928,0.111748452458079
0.283412527898568,0.338560844867856,0.404519498044775,0.446376372288067,0.0551483169692877,0.0418568742432919
0.288834564321479,0.341087051965797,0.384030033162135,0.453077147306298,0.052252487644318,0.0690471141441629
0.243987895215955,0.351804103218481,0.421645758932063,0.429393481849696,0.107816208002526,0.0077477229176332
0.278478620536847,0.293753303254052,0.420582846330552,0.453220154627775,0.0152746827172057,0.032637308297223
0.259008747434869,0.304647805122143,0.436809163032238,0.425397498857523,0.0456390576872745,-0.0114116641747152
0.366295853974149,0.335966330377703,0.433491679081783,0.401928819305192,-0.0303295235964461,-0.0315628597765912
0.378671886680101,0.310125334980222,0.323374636836082,0.359941374620066,-0.0685465516998798,0.0365667377839842
0.380971525182697,0.387760957092619,0.562123007638152,0.409541589309959,0.00678943190992221,-0.152581418328192
0.355689842813715,0.542425744201614,0.290491596768256,0.320111602240283,0.186735901387899,0.0296200054720273
0.324659700312276,0.355986968716454,0.340412509663425,0.337291633949375,0.0313272684041774,-0.00312087571404984
0.304731772039254,0.51372337321923,0.399156868773617,0.641566254424844,0.208991601179977,0.242409385651228
0.27834375317102,0.330693824032556,0.39931348842441,0.481303759749805,0.0523500708615361,0.0819902713253953
0.245661014271826,0.290945910854699,0.447397472865864,0.543593522256891,0.0452848965828727,0.0961960493910267
0.300852939101952,0.303587618143884,0.261364786846568,0.406951189333727,0.00273467904193159,0.145586402487158
0.249896590793158,0.319479180786149,0.414074831765692,0.390554116276096,0.0695825899929908,-0.0235207154895957
0.331826722072481,0.420088229206977,0.412508202156521,0.452008106973287,0.0882615071344954,0.0394999048167666
0.352069405490726,0.371083875814584,0.43079892696513,0.462785395050239,0.0190144703238581,0.0319864680851083
0.379899443129663,0.409850026719664,0.436232207863796,0.489648292021961,0.0299505835900011,0.0534160841581651
0.326805905708336,0.337144614773282,0.452625528874522,0.443647164986542,0.0103387090649455,-0.00897836388797929
0.269917688536595,0.400304203980244,0.380481412884948,0.45528866264545,0.130386515443649,0.0748072497605022
0.251936736327999,0.335580110798929,0.37241330733936,0.412471302878927,0.0836433744709297,0.0400579955395674
0.268486931689874,0.415491926091965,0.400853595032993,0.434964248686209,0.147004994402091,0.0341106536532159
0.309365700349297,0.455855292703759,0.538837667070669,0.513163192761001,0.146489592354462,-0.0256744743096683
0.291770130999515,0.423291825626307,0.439520126210897,0.445035889537252,0.131521694626792,0.00551576332635517
0.309149118443591,0.350262809720301,0.389856903147632,0.484079940251092,0.0411136912767103,0.0942230371034595
0.256442280513924,0.270909539740224,0.407242874971126,0.453283106112239,0.0144672592262995,0.0460402311411126
0.308720970915409,0.371173409018755,0.414325174021577,0.434966071904776,0.0624524381033464,0.0206408978831987
0.330159450449199,0.384351944989599,0.394502642146599,0.51490556515551,0.0541924945403994,0.120402923008911
0.268624384421337,0.190262474775708,0.387060185827416,0.446232803012001,-0.0783619096456298,0.0591726171845844
0.258602267286852,0.267848134010295,0.401671349815712,0.468698765786816,0.00924586672344213,0.0670274159711045
0.324606249739305,0.418245505994481,0.35650599320029,0.374758744367183,0.0936392562551764,0.0182527511668925
0.2798458625601,0.230542847789005,0.393190459365333,0.361014231353364,-0.0493030147710954,-0.0321762280119688
0.289644456909679,0.259303890129998,0.464000595928367,0.309310520660764,-0.0303405667796813,-0.154690075267603
0.296259430029802,0.255008482154231,0.360050328383233,0.406118553197636,-0.0412509478755716,0.0460682248144025
0.311000263728399,0.367620524802943,0.405712912364712,0.456642963403537,0.056620261074544,0.0509300510388257
0.294026517758822,0.352680239746979,0.385449397614958,0.444472321352615,0.0586537219881576,0.0590229237376578
0.274309898794108,0.392176158633814,0.397965892678164,0.465333543925784,0.117866259839706,0.0673676512476206
0.307226871837346,0.344971165864324,0.388004040927261,0.46170631154774,0.037744294026978,0.073702270620479
0.293588380347613,0.399081156271638,0.33694664414143,0.379919997756827,0.105492775924026,0.0429733536153968
0.296222212604885,0.35149910075668,0.39040496265791,0.366311822591214,0.055276888151795,-0.0240931400666965
0.305302801662554,0.362792738808373,0.305534664917456,0.299958476364791,0.0574899371458198,-0.00557618855266451
0.354316241279301,0.443253383973663,0.225846147347886,0.286061628290477,0.0889371426943618,0.0602154809425912
0.30281447385175,0.375317339342566,0.38278213240591,0.525853300665499,0.0725028654908156,0.143071168259589
0.298256047940697,0.390028676254636,0.453068617912971,0.516965030586774,0.0917726283139388,0.0638964126738029
0.351330996094857,0.33807559757807,0.335980023911226,0.363819243606558,-0.0132553985167876,0.0278392196953325
0.234744576092839,0.401046209653539,0.362118630238214,0.469627511055885,0.1663016335607,0.107508880817671
0.267412503553407,0.383298032726812,0.339059548605325,0.400601775023729,0.115885529173405,0.0615422264184038
0.247030790396754,0.338538044262367,0.465862836568759,0.446419720939097,0.091507253865613,-0.0194431156296621
0.230379148788099,0.336388411789457,0.401183812057511,0.399733115441318,0.106009263001358,-0.00145069661619307
0.295649001223909,0.291339613750815,0.341119474848892,0.41256794780653,-0.00430938747309412,0.0714484729576381
0.28608194029262,0.301208692504648,0.39972470256778,0.274545020979888,0.015126752212028,-0.125179681587892
0.305795258550107,0.25859103633395,0.276375525203498,0.388123977661576,-0.0472042222161568,0.111748452458079
0.289473991005872,0.336579016527478,0.409501601759845,0.452106050595601,0.0471050255216068,0.042604448835756
0.282915864930432,0.343623494915699,0.358300988060637,0.443229928879944,0.060707629985267,0.0849289408193071
0.228068902174328,0.351584724727205,0.408835640428844,0.429393481849696,0.123515822552877,0.020557841420852
0.285726206925279,0.295588212733863,0.425129450792872,0.420206411165061,0.00986200580858404,-0.00492303962781115
0.247149494707736,0.307705903073473,0.439931775282001,0.428276970531299,0.0605564083657369,-0.0116548047507013
0.368230549104456,0.339869104091806,0.430819687597941,0.408108216829727,-0.0283614450126499,-0.0227114707682142
0.380276708747572,0.252347929089186,0.323374636836082,0.359941374620066,-0.127928779658385,0.0365667377839842
0.381893347355937,0.391745446093556,0.562123007638152,0.364776565253145,0.00985209873761933,-0.197346442385006
0.357180615283611,0.542425744201614,0.292590708430168,0.335936029346007,0.185245128918003,0.0433453209158393
0.3280301998018,0.359103665440312,0.336089175505491,0.341801589131955,0.0310734656385121,0.00571241362646407
0.304731772039254,0.51372337321923,0.399156868773617,0.484411935815407,0.208991601179977,0.0852550670417908
0.278082916676281,0.334514346615951,0.39571928784394,0.478149632456501,0.0564314299396695,0.0824303446125612
0.251403770996731,0.293931094291172,0.450367463317012,0.526446704859454,0.0425273232944408,0.0760792415424423
0.300852939101952,0.309140359157704,0.261364786846568,0.408810060827817,0.008287420055752,0.147445273981249
0.254687280226032,0.313026512564328,0.417792556578358,0.37614498909377,0.0583392323382962,-0.0416475674845878
0.336792357094634,0.424967792503525,0.397216943154457,0.457429534714826,0.0881754354088916,0.060212591560369
0.334416344692007,0.375973011320969,0.437070265619579,0.467718240584079,0.041556666628962,0.0306479749645
0.371273884290614,0.41637964178759,0.421646495789322,0.472156013680731,0.0451057574969762,0.0505095178914082
0.331064345355583,0.341117797477744,0.43764062271315,0.437193583068341,0.0100534521221609,-0.000447039644808245
0.257425133063989,0.379414528914223,0.369057042286201,0.457976433302507,0.121989395850235,0.0889193910163066
0.239913494324458,0.33276308220062,0.374685256030658,0.417844312727989,0.0928495878761618,0.0431590566973309
0.267549997942916,0.416651134981019,0.400243887998771,0.413789104150377,0.149101137038103,0.0135452161516055
0.314527304622351,0.412819217744629,0.541868665465045,0.517102759900629,0.0982919131222787,-0.0247659055644155
0.268410977461178,0.430302743135963,0.428985622202424,0.451589288938768,0.161891765674785,0.0226036667363435
0.313869524062982,0.338890671438705,0.397009179144299,0.487034423525209,0.0250211473757228,0.0900252443809106
0.260320326981861,0.276043675899258,0.411066978326443,0.457424541357222,0.015723348917397,0.0463575630307795
0.313302116718418,0.365719612625759,0.41998669219657,0.438774014925131,0.0524174959073411,0.0187873227285609
0.324711210055651,0.386337335947831,0.399124227264152,0.517378759619492,0.0616261258921798,0.11825453235534
0.270146709777402,0.195170121842913,0.387060185827416,0.449113367607207,-0.0749765879344889,0.0620531817797907
0.252709394775632,0.264277347961069,0.40688639319146,0.471643410008938,0.0115679531854365,0.0647570168174779
0.324606249739305,0.416320100081616,0.360361761251275,0.380140198890298,0.0917138503423108,0.0197784376390229
0.265879789692705,0.237118556543067,0.398269912186091,0.36500382366655,-0.0287612331496383,-0.0332660885195409
0.293220143988813,0.236091219031747,0.453959262376821,0.369444160082292,-0.0571289249570659,-0.0845151022945292
0.29904945184912,0.258970122502758,0.366265862461481,0.413088478088571,-0.0400793293463614,0.0468226156270898
0.313788919572318,0.356750130443139,0.413331439384856,0.459688632098571,0.0429612108708212,0.0463571927137153
0.297692066970891,0.356915709211142,0.385015762218687,0.449893958686829,0.0592236422402511,0.0648781964681414
0.277665615655325,0.370944214784946,0.404332775460482,0.468941853965064,0.0932785991296214,0.0646090785045818
0.310155220536097,0.333921184732795,0.395219942528438,0.465026521885465,0.0237659641966979,0.0698065793570265
0.293588380347613,0.402437560627139,0.340686872100397,0.378810365236958,0.108849180279526,0.0381234931365608
0.278166155155513,0.352965614593131,0.39040496265791,0.371037097691747,0.0747994594376182,-0.0193678649661629
0.305302801662554,0.364432413710036,0.311104102675942,0.301136724154263,0.059129612047482,-0.00996737852167839
0.357464769991737,0.443253383973663,0.235630264795504,0.154652007751404,0.0857886139819259,-0.0809782570441
0.305539495461316,0.378262109661871,0.371658184855296,0.527175282992387,0.0727226142005551,0.155517098137092
0.29584113832613,0.391059720201464,0.430279967741675,0.521718521545404,0.0952185818753342,0.0914385538037287
0.335540513510375,0.340111317291808,0.321302383658388,0.374553190545751,0.00457080378143354,0.0532508068873622
0.234744576092839,0.403671999632669,0.36888262291493,0.469159411178448,0.16892742353983,0.100276788263518
0.265821083559974,0.385604139520368,0.345553939614575,0.406417301734459,0.119783055960394,0.0608633621198846
0.251209091163198,0.332989944026843,0.465862836568759,0.446419720939097,0.0817808528636451,-0.0194431156296621
0.230893410758078,0.339151597391786,0.408042981428248,0.398590798122834,0.108258186633708,-0.00945218330541381
0.292025507726676,0.279478745746026,0.347278582816434,0.415337627039883,-0.0125467619806505,0.0680590442234498
0.281271774903679,0.306593846685108,0.405940005041675,0.286341477939749,0.0253220717814293,-0.119598527101926
0.289502428022223,0.264072907527468,0.285253384203553,0.319364411677277,-0.0254295204947551,0.0341110274737246
0.288021304159255,0.330906580781047,0.398405015573082,0.442505972373419,0.0428852766217923,0.0441009568003371
0.277771204720305,0.348153086690091,0.358250510710865,0.449249333868547,0.070381881969786,0.0909988231576817
0.223314297942294,0.347529857479254,0.41379065860227,0.430781888066056,0.12421555953696,0.0169912294637859
0.292524408457693,0.295017033741761,0.432075464021668,0.406076498838531,0.00249262528406774,-0.0259989651831376
0.249486812019367,0.301551156959473,0.446308011389792,0.430965390995691,0.0520643449401062,-0.0153426203941014
0.359741921305003,0.347000786907575,0.43838785680678,0.389012525460694,-0.0127411343974282,-0.0493753313460858
0.364266296184597,0.256891661155426,0.329524463104862,0.285862576421067,-0.10737463502917,-0.0436618866837955
0.365411485576644,0.39861901847091,0.562123007638152,0.387159376174124,0.0332075328942657,-0.174963631464027
0.360845469800745,0.542425744201614,0.291943964194755,0.331385188537921,0.18158027440087,0.0394412243431667
0.331813759505838,0.330679813981142,0.340442270963637,0.347242750051995,-0.0011339455246957,0.0068004790883574
0.305884468042239,0.51372337321923,0.399156868773617,0.254379867562389,0.207838905176991,-0.144777001211227
0.266828660117092,0.337013571174913,0.398242207162415,0.45792289485273,0.0701849110578211,0.0596806876903149
0.259555486059473,0.300587039073027,0.417317389971908,0.529126017999091,0.0410315530135539,0.111808628027182
0.302749004286304,0.318679965361222,0.266464652409437,0.412680994305585,0.0159309610749172,0.146216341896148
0.257813901046669,0.317771822688288,0.40936263820924,0.369580217889266,0.0599579216416183,-0.0397824203199736
0.340356606570131,0.427449269730491,0.402998601612034,0.463233894323218,0.0870926631603601,0.0602352927111833
0.338652304308026,0.380316311136528,0.441855560579586,0.472954263281112,0.0416640068285018,0.0310987027015255
0.375003941917064,0.395609242132146,0.41853578286591,0.476424445811809,0.0206053002150817,0.0578886629458991
0.333874758754126,0.338906789309434,0.444265212547979,0.435541504089036,0.00503203055530754,-0.00872370845894255
0.257425133063989,0.383469900512807,0.369057042286201,0.463263252505073,0.126044767448818,0.0942062102188725
0.243022603288493,0.337740070107063,0.375722361368417,0.412016598892366,0.0947174668185705,0.0362942375239485
0.270758983815649,0.407854629764774,0.401769222278258,0.418893702789034,0.137095645949125,0.0171244805107759
0.305584499185855,0.412819217744629,0.524678252785291,0.501733131820698,0.107234718558774,-0.0229451209645929
0.27099594149507,0.420571184457564,0.414512795844798,0.458121449894812,0.149575242962494,0.0436086540500148
0.302730564137988,0.330302921953148,0.383164356994407,0.491280468405691,0.0275723578151605,0.108116111411284
0.262473359781368,0.274782645827222,0.410107923009171,0.445119962389461,0.0123092860458546,0.0350120393802906
0.304664101813066,0.356774012110537,0.397089187514779,0.444340893819748,0.0521099102974716,0.0472517063049695
0.319066236822837,0.360645117770287,0.403204488603332,0.521527947400691,0.0415788809474494,0.11832345879736
0.263901474097153,0.195170121842913,0.387060185827416,0.432300948675002,-0.0687313522542394,0.0452407628475855
0.245977340324752,0.267345594487454,0.409000259145653,0.474589740140803,0.021368254162702,0.0655894809951499
0.324152901457851,0.416320100081616,0.342246524876122,0.385113458962951,0.0921671986237648,0.0428669340868293
0.261810544196291,0.241335465396688,0.403271882993925,0.369860370110831,-0.0204750787996031,-0.0334115128830945
0.300827428413661,0.236091219031747,0.453959262376821,0.367718278953281,-0.0647362093819142,-0.0862409834235402
0.296961612034813,0.252838342991857,0.368992506653053,0.398271217190003,-0.0441232690429561,0.02927871053695
0.315859155907702,0.36157362196961,0.41789827963139,0.464319347976809,0.0457144660619076,0.0464210683454191
0.3024996690756,0.361613538447351,0.385951436396569,0.45766374839552,0.0591138693717502,0.0717123119989511
0.28097256780203,0.366211043042594,0.409217072764857,0.474614251902884,0.085238475240564,0.0653971791380268
0.3018175431998,0.33835519421066,0.398713857005736,0.465026521885465,0.0365376510108597,0.0663126648797288
0.296506651337801,0.407192901980681,0.345703707053645,0.380630779962109,0.11068625064288,0.0349270729084641
0.27150024160845,0.338865279152917,0.39040496265791,0.364361409754533,0.0673650375444663,-0.0260435529033776
0.297675698953047,0.365940278915093,0.314173572150572,0.293868543315374,0.0682645799620467,-0.0203050288351978
0.362043765843859,0.443253383973663,0.231583780736839,0.154652007751404,0.0812096181298035,-0.0769317729854355
0.310316419021741,0.380821011720977,0.367820038362847,0.528665833568429,0.0705045926992361,0.160845795205582
0.293301476074023,0.396147212089718,0.430279967741675,0.441351175001266,0.102845736015695,0.0110712072595911
0.340778401035993,0.331489158613437,0.325238279864977,0.374553190545751,-0.00928924242255574,0.0493149106807737
0.228529111760812,0.40627912535485,0.37339779653018,0.452656303504043,0.177750013594037,0.0792585069738626
0.271428861866013,0.379720626778842,0.347703089210723,0.408652759092358,0.108291764912829,0.0609496698816358
0.246377341302495,0.337459934052913,0.447907924761538,0.441777443174659,0.0910825927504182,-0.00613048158687901
0.229407954363018,0.344892203397351,0.413232902822795,0.405059255918882,0.115484249034333,-0.00817364690391237
0.293990730496256,0.283147499419628,0.344137873369042,0.416801962765639,-0.0108432310766279,0.0726640893965961
0.282850746374187,0.309129547863036,0.384570153188818,0.302757019667855,0.0262788014888493,-0.0818131335209624
0.291870325066203,0.265347142837307,0.291091004463259,0.319364411677277,-0.0265231822288963,0.0282734072140182
0.277148314005173,0.336918741645376,0.403605654948501,0.435013269763354,0.0597704276402025,0.0314076148148533
0.279752546793284,0.348463069561323,0.35613599650004,0.442830526442041,0.0687105227680391,0.0866945299420004
0.22429289552433,0.314034986791346,0.412142197893887,0.424185458894497,0.0897420912670157,0.0120432610006101
0.302143564825598,0.299133735489601,0.413864410843335,0.389858710200174,-0.00300982933599681,-0.0240057006431606
0.252972589103621,0.306626041148137,0.452358004814138,0.435190946049053,0.0536534520445167,-0.0171670587650855
0.362721219143724,0.347000786907575,0.402277099613582,0.392693407557989,-0.0157204322361491,-0.00958369205559328
0.369242576202679,0.234536598143217,0.336800082839603,0.285862576421067,-0.134705978059462,-0.0509375064185362
0.355391370144192,0.39861901847091,0.433101792724053,0.387159376174124,0.0432276483267177,-0.0459424165499289
0.340183777590086,0.542425744201614,0.296127206742399,0.340476734966726,0.202241966611528,0.0443495282243268
0.335779665663184,0.316170175822136,0.345079754752371,0.353172469136728,-0.0196094898410479,0.00809271438435677
0.306101941840474,0.51372337321923,0.399156868773617,0.254379867562389,0.207621431378757,-0.144777001211227
0.350293176902722,0.375165834435968,0.348971789714687,0.278823178090695,0.0248726575332462,-0.0701486116239924
0.372722219361904,0.471955104455657,0.408090415778882,0.258617205315171,0.0992328850937531,-0.14947321046371
0.189671723351344,0.25307125962653,0.322705810064666,0.304032666644117,0.0633995362751863,-0.0186731434205497
0.194087317118749,0.253349562356998,0.276851164917745,0.25784518215311,0.059262245238249,-0.0190059827646351
0.291995666472901,0.442111540602848,0.353835312878398,0.275191867977297,0.150115874129947,-0.0786434449011012
0.393630718904727,0.439266214940512,0.332016122788452,0.333068108503111,0.0456354960357853,0.00105198571465859
0.343017714052824,0.483599541790957,0.361985424837013,0.313115221313998,0.140581827738133,-0.0488702035230155
0.300017459451716,0.434885644826791,0.331411150374135,0.268644415826015,0.134868185375076,-0.0627667345481203
0.260181834848951,0.239159652508006,0.310619332780468,0.324233031543073,-0.0210221823409452,0.0136136987626057
0.22488755827136,0.268048660681683,0.282976839636214,0.321759301580122,0.0431611024103233,0.0387824619439079
0.26736172838672,0.217266737982596,0.404949990343425,0.339200180990925,-0.0500949904041241,-0.0657498093524995
0.319346563255145,0.488438267089457,0.371000168194188,0.335800659702362,0.169091703834312,-0.0351995084918259
0.355531867823148,0.516393864319041,0.406481414529728,0.303034760436371,0.160861996495893,-0.103446654093357
0.287813909034369,0.511309675313468,0.354992721925318,0.371045598897657,0.223495766279099,0.0160528769723384
0.280614913587832,0.387317154675072,0.339933910123157,0.321547737007492,0.10670224108724,-0.0183861731156645
0.15980687326937,0.358038510734849,0.314392030638218,0.375184248493649,0.198231637465479,0.0607922178554314
0.217588095460376,0.202505412425135,0.283651144194334,0.376832490949128,-0.0150826830352405,0.0931813467547937
0.168665806128786,0.23738308128337,0.329592495183393,0.315516689685301,0.068717275154584,-0.0140758054980918
0.255920578245563,0.415182136809858,0.297767663543568,0.313392775512837,0.159261558564294,0.0156251119692692
0.209755204275579,0.353792092919145,0.295771880383936,0.292290037682993,0.144036888643566,-0.00348184270094276
0.115691841800867,0.42166608142005,0.326711199607097,0.288657621965898,0.305974239619183,-0.0380535776411999
0.289571853730409,0.427521712700899,0.35316872079321,0.301183188227899,0.13794985897049,-0.0519855325653111
0.121763216629923,0.321365140285625,0.307504719683132,0.33160418215433,0.199601923655702,0.0240994624711985
0.160329311094194,0.313528284216928,0.287631169872182,0.275433940486153,0.153198973122734,-0.0121972293860292
0.277627721879784,0.378475770414517,0.327188421694668,0.310543974524052,0.100848048534733,-0.0166444471706166
0.161306807369501,0.306497093258475,0.322897567222535,0.332997624420593,0.145190285888974,0.0101000571980585
0.22694608059326,0.317915096820589,0.296692944021522,0.38221481662713,0.0909690162273286,0.085521872605608
0.281413874904846,0.295138197218086,0.303786504282322,0.284554205193228,0.0137243223132399,-0.0192322990890936
0.279008284894816,0.277710255846201,0.334449183934633,0.335929009819058,-0.00129802904861476,0.00147982588442541
0.252233327685895,0.279194002359605,0.310545230710457,0.243916131794374,0.0269606746737104,-0.0666290989160836
0.182208837103907,0.378086332864947,0.37738444505532,0.308674412334441,0.19587749576104,-0.0687100327208789
0.2542383026631,0.242215299623015,0.315692606246705,0.321851206628271,-0.0120230030400848,0.00615860038156685
0.309874719930534,0.386705915868791,0.398206316397834,0.251446392879652,0.076831195938257,-0.146759923518183
0.237406439710361,0.359809751545838,0.33721512798145,0.259492601116344,0.122403311835477,-0.0777225268651058
0.222336040845857,0.255969634495329,0.307957859685897,0.255423877971305,0.0336335936494719,-0.0525339817145921
0.165414494347505,0.265124877768933,0.324556815100353,0.230753740729505,0.0997103834214278,-0.0938030743708485
0.175277436313247,0.210214243875124,0.344444147843311,0.252796958609918,0.034936807561877,-0.0916471892333922
0.18281884990558,0.264987448608935,0.321498450986527,0.251735887011971,0.0821685987033551,-0.0697625639745564
0.149387120715422,0.366069042899251,0.355093179651644,0.286493394871748,0.21668192218383,-0.068599784779896
0.130377834284476,0.436110409984952,0.313815146155117,0.281026807824537,0.305732575700476,-0.0327883383305804
0.172933162236101,0.304230834565948,0.313942628631009,0.296276733741857,0.131297672329846,-0.0176658948891519
0.21494619108018,0.368307974724807,0.318255071902753,0.266659163451432,0.153361783644626,-0.0515959084513209
0.195496275121883,0.376931783238292,0.331050115162666,0.283944742276857,0.181435508116409,-0.047105372885809
0.175059852849551,0.280783622395083,0.348331709961163,0.267646267689483,0.105723769545532,-0.0806854422716804
0.160568817142794,0.32710260537563,0.316897782388621,0.302064415000264,0.166533788232837,-0.0148333673883566
0.169663105307179,0.383941803688241,0.308852489600344,0.323503712253637,0.214278698381061,0.0146512226532929
0.130942891197769,0.288739015325461,0.321506177271948,0.26969795930945,0.157796124127692,-0.0518082179624975
0.16843693710691,0.311141100448925,0.323712416909975,0.328792665474158,0.142704163342015,0.00508024856418277
0.185054670389374,0.250707514572515,0.391375272736405,0.473509669865398,0.0656528441831415,0.0821343971289937
0.151011933894662,0.318508174835594,0.352249656349138,0.268799883939534,0.167496240940932,-0.0834497724096043
0.216692876295086,0.341184575372397,0.307147481336197,0.300810412287824,0.12449169907731,-0.00633706904837367
0.125731251411138,0.388442665678409,0.507369649478149,0.300659529305742,0.262711414267271,-0.206710120172407
0.352343226829163,0.378601531736512,0.353284131659711,0.274721633700805,0.0262583049073488,-0.0785624979589059
0.374821942451287,0.473733417706347,0.403565905086794,0.266442379835189,0.0989114752550595,-0.137123525251605
0.183506283317982,0.261704417936779,0.318635101409525,0.302782558176467,0.078198134618797,-0.0158525432330577
0.196391171576529,0.262249206265104,0.276851164917745,0.254779918706621,0.0658580346885752,-0.0220712462111237
0.278693931940721,0.42853749772669,0.355933237043271,0.280451223360049,0.149843565785968,-0.0754820136832222
0.395702656059077,0.440952047765896,0.319082627547379,0.314743758371315,0.0452493917068195,-0.00433886917606419
0.344931532616389,0.484672608616825,0.364301943945758,0.314857603786786,0.139741076000436,-0.0494443401589726
0.285028772618305,0.438139220340867,0.322179877736984,0.272782069252394,0.153110447722562,-0.0493978084845901
0.246114001351909,0.244169529339823,0.292157575805562,0.316788349520045,-0.00194447201208517,0.0246307737144835
0.226469959622011,0.256681027512561,0.285268687944651,0.324014193718448,0.0302110678905498,0.0387455057737976
0.25148880449868,0.225155685707172,0.412075102792893,0.327474435789869,-0.026333118791508,-0.0846006670030243
0.321328925031568,0.489747245286488,0.357743502157221,0.331012877437415,0.16841832025492,-0.0267306247198053
0.357682534883622,0.517779278407042,0.407596622883517,0.313218525665666,0.160096743523421,-0.0943780972178513
0.289393879481873,0.511309675313468,0.323410812520466,0.375585882907074,0.221915795831596,0.0521750703866083
0.282007356058999,0.388279153639898,0.341204666721591,0.325662756369711,0.106271797580899,-0.0155419103518801
0.161677087936091,0.36188192856966,0.307030434638144,0.357753530064108,0.200204840633568,0.0507230954259644
0.210658880100634,0.204722825158977,0.272433433005667,0.378044285039098,-0.00593605494165617,0.10561085203343
0.170362573927435,0.23738308128337,0.334165671143961,0.32021105550637,0.0670205073559355,-0.0139546156375912
0.247426387252489,0.401584765337496,0.301626752271974,0.305973297628212,0.154158378085007,0.00434654535623785
0.209755204275579,0.330320087179773,0.280382486466156,0.29672743129503,0.120564882904194,0.0163449448288746
0.118162416588106,0.42166608142005,0.322626632892251,0.290225400244115,0.303503664831944,-0.0324012326481363
0.270695626073988,0.427521712700899,0.338521283461219,0.304101594080559,0.156826086626911,-0.0344196893806604
0.118942760138081,0.312653572075965,0.294766402415521,0.322502996557124,0.193710811937883,0.0277365941416026
0.162062271226806,0.317911550563934,0.291535519538338,0.280746043354263,0.155849279337128,-0.0107894761840753
0.268048918271217,0.36799599759764,0.316227394585549,0.318812097945183,0.0999470793264221,0.00258470335963407
0.152022444475356,0.311241309176171,0.324346358183289,0.318160491993181,0.159218864700816,-0.0061858661901083
0.229531574204864,0.324827978134975,0.30010746360769,0.383282205865252,0.095296403930111,0.0831747422575614
0.282204895307143,0.305708745106977,0.308966917472966,0.288607349723218,0.0235038497998339,-0.0203595677497485
0.281760942855464,0.28336241302755,0.336773859829332,0.305680073349641,0.00160147017208551,-0.0310937864796908
0.236740389305132,0.291656090179845,0.312913460707777,0.247078150250348,0.0549157008747131,-0.0658353104574286
0.186391554275754,0.34982507873422,0.34670510380356,0.303482866737271,0.163433524458466,-0.0432222370662888
0.25699604926068,0.239398711595673,0.310875090594327,0.325945409160574,-0.017597337665007,0.0150703185662475
0.312732252792284,0.354939294382048,0.370367522100966,0.25473569747361,0.0422070415897643,-0.115631824627356
0.239929268024917,0.381996111225739,0.339897022218444,0.263296272444167,0.142066843200821,-0.0766007497742769
0.224297809276118,0.247634305639994,0.307957859685897,0.256751066094184,0.0233364963638769,-0.0512067935917124
0.158939802612152,0.274174407506944,0.315978650759131,0.235166979030733,0.115234604894792,-0.080811671728398
0.170545895734385,0.192461397241554,0.332801173553065,0.258256987892507,0.0219155015071689,-0.0745441856605583
0.17726872028653,0.26978916872393,0.325653633005503,0.254033379688458,0.0925204484374003,-0.0716202533170459
0.142563318551918,0.371003654071593,0.358299165455853,0.281331378714331,0.228440335519675,-0.076967786741522
0.129433868361224,0.437123849453486,0.316513004888618,0.268648915560055,0.307689981092262,-0.0478640893285633
0.16760580343341,0.304230834565948,0.316866119793892,0.278364527076469,0.136625031132538,-0.0385015927174231
0.217234182447305,0.362740700068494,0.322545952932274,0.269459645289557,0.145506517621189,-0.0530863076427171
0.189918627205343,0.366479626905665,0.336846319288154,0.277437967768438,0.176560999700322,-0.0594083515197164
0.166267994068561,0.283264143160249,0.335825169025343,0.270130734693756,0.116996149091688,-0.0656944343315871
0.154661625954831,0.331736699234818,0.318835628365578,0.307994232811924,0.177075073279987,-0.0108413955536542
0.161486774664542,0.387415054863582,0.309785243698476,0.325383287840804,0.22592828019904,0.0155980441423272
0.127220636188404,0.276759749287135,0.321506177271948,0.26969795930945,0.149539113098732,-0.0518082179624975
0.157881255501762,0.318783593559466,0.316879084214422,0.328792665474158,0.160902338057705,0.0119135812597359
0.186042889701015,0.222469263564096,0.391375272736405,0.473509669865398,0.0364263738630815,0.0821343971289937
0.152418357088392,0.323539815330802,0.367089022112896,0.268799883939534,0.17112145824241,-0.0982891381733619
0.221453443668175,0.342723952838247,0.313900762262245,0.303788272346472,0.121270509170072,-0.0101124899157726
0.125731251411138,0.388442665678409,0.507369649478149,0.300659529305742,0.262711414267271,-0.206710120172407
0.354152307874869,0.384400378853106,0.3408212792574,0.261769596236944,0.0302480709782365,-0.0790516830204551
0.377863398780165,0.448798202830788,0.406674239297856,0.278137818446212,0.0709348040506234,-0.128536420851644
0.168272957811796,0.26069487194497,0.318635101409525,0.305366288037829,0.092421914133174,-0.0132688133716962
0.197952745264217,0.269561145470733,0.282619945984134,0.254779918706621,0.071608400206516,-0.0278400272775123
0.269732159707155,0.433176068487339,0.347977853393022,0.277264179947633,0.163443908780184,-0.0707136734453889
0.397710892197026,0.442689206670902,0.319548612980483,0.320297215308451,0.044978314473876,0.000748602327967418
0.347944463703629,0.485784918698764,0.368580013307831,0.317156564785161,0.137840454995135,-0.0514234485226702
0.287633443397269,0.415629428972415,0.32823258348284,0.268350723874698,0.127995985575147,-0.0598818596081421
0.23288784062143,0.247109705176511,0.286271733371863,0.315484546292393,0.0142218645550815,0.0292128129205297
0.216797897401789,0.256224213796681,0.288550552749326,0.325270447082792,0.0394263163948923,0.0367198943334661
0.252067252883751,0.217286057279704,0.412075102792893,0.329885812859969,-0.0347811956040461,-0.0821892899329244
0.307130572581923,0.477671483188274,0.361970096858376,0.336568261418994,0.170540910606351,-0.025401835439382
0.339765551492475,0.491515478095545,0.395064739843351,0.301235206522606,0.15174992660307,-0.0938295333207446
0.291831210891932,0.511309675313468,0.326898578631846,0.383254263047673,0.219478464421536,0.0563556844158275
0.23966111774964,0.391128499443544,0.331100052545419,0.331754530533273,0.151467381693904,0.000654477987853619
0.16409856920056,0.366025411225492,0.300643161241993,0.363089034983148,0.201926842024932,0.0624458737411544
0.213276271147438,0.205773856558707,0.277119046304515,0.379400736279407,-0.00750241458873147,0.102281689974891
0.173089374802781,0.242355421634655,0.33802861189695,0.307704534339369,0.0692660468318736,-0.0303240775575806
0.212902695359518,0.361040406889234,0.305419267657765,0.296109373326132,0.148137711529716,-0.0093098943316326
0.210679580353661,0.337232127665258,0.283643452857519,0.302398834667195,0.126552547311598,0.0187553818096755
0.116861190302602,0.403732634150915,0.306670270423146,0.294262352884754,0.286871443848313,-0.012407917538392
0.27354721709257,0.427521712700899,0.338521283461219,0.296820692307118,0.153974495608329,-0.0417005911541014
0.12141836852532,0.306028853946265,0.299780961132698,0.3278878508939,0.184610485420945,0.0281068897612012
0.153931767866532,0.320070123350851,0.296169391242411,0.286065748996528,0.166138355484319,-0.0101036422458835
0.269869369754631,0.371561724281643,0.322869365967664,0.318812097945183,0.101692354527012,-0.0040572680224818
0.141822184430756,0.315196690817176,0.328554666685552,0.323914139290973,0.173374506386421,-0.00464052739457887
0.231828834306826,0.324827978134975,0.302221133500584,0.363355299089081,0.0929991438281491,0.0611341655884974
0.283974874303978,0.298198449708595,0.289795981254154,0.292259555556124,0.0142235754046165,0.00246357430196953
0.282263935631192,0.286310594151133,0.341087074827159,0.288546036538934,0.00404665851994113,-0.0525410382882253
0.21565709439098,0.296586788614336,0.317839778436311,0.251892915510156,0.0809296942233561,-0.0659468629261551
0.186391554275754,0.347336032832096,0.349339505267681,0.310058529675622,0.160944478556342,-0.039280975592059
0.259319216646051,0.239398711595673,0.300385224927105,0.312466242211318,-0.0199205050503779,0.0120810172842132
0.312732252792284,0.354939294382048,0.370367522100966,0.255087687972431,0.0422070415897643,-0.115279834128534
0.241065175006519,0.358002342085636,0.329037069549926,0.255523890521074,0.116937167079117,-0.0735131790288518
0.226475729833237,0.249069327660394,0.29103835579514,0.25130225517938,0.0225935978271568,-0.0397361006157601
0.160961132383477,0.278038990566835,0.304046093740759,0.237850027295558,0.117077858183359,-0.0661960664452012
0.165717353646276,0.196325931264845,0.301106343378494,0.258256987892507,0.0306085776185694,-0.0428493554859878
0.171953068315443,0.273932172571187,0.313186205257432,0.251022601165852,0.101979104255744,-0.0621636040915802
0.130017058658377,0.375999063036358,0.355027144750921,0.271591523852928,0.245982004377982,-0.0834356208979924
0.129239821515512,0.44048655933326,0.321847453939312,0.261501817637749,0.311246737817748,-0.0603456363015624
0.169664483118272,0.307356487855821,0.322623333518819,0.275357546663974,0.137692004737549,-0.0472657868548446
0.22124343840761,0.368356008488509,0.326705137457674,0.274011163204193,0.147112570080899,-0.0526939742534812
0.193136696864601,0.356640277230425,0.338480273333137,0.280537106770642,0.163503580365824,-0.0579431665624943
0.160347799231359,0.285783102386016,0.32644945428026,0.266038912132157,0.125435303154657,-0.0604105421481028
0.147574238041006,0.335779470429105,0.323002712655247,0.315550308613579,0.188205232388099,-0.0074524040416678
0.162293223582729,0.370221002744452,0.30695968324265,0.326502451624481,0.207927779161724,0.0195427683818303
0.123864943418188,0.273578074809519,0.314842537144901,0.272986600388424,0.149713131391331,-0.0418559367564767
0.157881255501762,0.320436224624231,0.312475329594384,0.328792665474158,0.16255496912247,0.0163173358797743
0.166081754443346,0.221668535241562,0.391375272736405,0.473509669865398,0.0555867807982163,0.0821343971289937
0.144108388623749,0.326968784573681,0.337313480295715,0.272111462907313,0.182860395949932,-0.0652020173884024
0.223454958002364,0.337164043982539,0.317437116463442,0.313125445605534,0.113709085980175,-0.00431167085790823
0.126884235538601,0.388442665678409,0.507369649478149,0.300721586816641,0.261558430139807,-0.206648062661508
0.356367025745802,0.389377599043037,0.343130419211481,0.264164653375438,0.0330105732972346,-0.0789657658360429
0.379298472271422,0.448798202830788,0.387343792643528,0.282146468099119,0.0694997305593661,-0.105197324544409
0.160831204706525,0.247890969082386,0.318635101409525,0.313024788196064,0.0870597643758616,-0.00561031321346067
0.198539405914682,0.275273714611236,0.282619945984134,0.240455325915774,0.0767343086965535,-0.0421646200683591
0.27214650928367,0.435713095853407,0.339124310767268,0.274994685068068,0.163566586569737,-0.0641296256992005
0.399284391180731,0.40315508979353,0.31413665032482,0.308948797195088,0.00387069861279882,-0.00518785312973169
0.309691164966212,0.487944444545354,0.37307402245284,0.321147176676547,0.178253279579142,-0.051926845776293
0.290479408309537,0.418076490343599,0.333761452528091,0.261681491239203,0.127597082034062,-0.0720799612888877
0.233494532568709,0.241994608047151,0.290312455727038,0.310080658695259,0.00850007547844139,0.0197682029682212
0.184313374700986,0.260436972484623,0.275285965653913,0.328716566011926,0.0761235977836372,0.0534306003580132
0.253194742946257,0.214421884437931,0.384283196640699,0.334077553593723,-0.0387728585083257,-0.0502056430469761
0.292609909464206,0.472378491202727,0.366047727413676,0.329034733044774,0.179768581738521,-0.0370129943689028
0.323792685211215,0.495003464984683,0.397595923534272,0.298479519745662,0.171210779773468,-0.09911640378861
0.274654326993276,0.512768920648429,0.32153429804132,0.386356539298512,0.238114593655153,0.0648222412571924
0.241329292748856,0.388993170847953,0.333212274552205,0.334945316514126,0.147663878099097,0.00173304196192087
0.165336554133898,0.368528812413218,0.304359478619176,0.36693137976438,0.20319225827932,0.0625719011452036
0.214872884115096,0.206913542998889,0.279761532528202,0.373036706572728,-0.00795934111620622,0.0932751740445265
0.169392888217189,0.244876143451876,0.33802861189695,0.293696251907524,0.0754832552346877,-0.0443323599894261
0.214713415677334,0.352333224028547,0.307630869190032,0.300006390592737,0.137619808351213,-0.00762447859729537
0.211348462166736,0.341406306791254,0.280550119538518,0.275515589842068,0.130057844624518,-0.00503452969644957
0.117525084407254,0.404727316868845,0.280500378709594,0.29887030410883,0.287202232461591,0.0183699253992364
0.259185927434813,0.427521712700899,0.338521283461219,0.301132088245917,0.168335785266085,-0.0373891952153025
0.122337546136762,0.309383101168973,0.302559521499661,0.3278878508939,0.187045555032211,0.0253283293942388
0.14919234709838,0.322030288342418,0.279149634778506,0.276549553987021,0.172837941244038,-0.00260008079148494
0.271972324112288,0.373428632657185,0.323223023975234,0.33122799956716,0.101456308544897,0.00800497559192559
0.137381576858218,0.31698322020475,0.320107060614725,0.327028569907005,0.179601643346533,0.00692150929227991
0.234065599715735,0.330274982920379,0.305244921966342,0.366400161842164,0.0962093832046442,0.0611552398758216
0.284836973742157,0.306538760876389,0.293242934530203,0.287030777845101,0.0217017871342312,-0.00621215668510222
0.282263935631192,0.261029066419816,0.346458101623139,0.29172046413499,-0.021234869211376,-0.054737637488149
0.21565709439098,0.301104729813378,0.31236954817462,0.256897888911371,0.0854476354223982,-0.0554716592632489
0.187232908398468,0.30413472151936,0.351733440618691,0.30655300140732,0.116901813120891,-0.0451804392113712
0.261554640931283,0.243808516546235,0.296184825319745,0.316123896725504,-0.0177461243850484,0.019939071405759
0.314727814681026,0.363135955581362,0.377765250248115,0.258660671351751,0.0484081409003357,-0.119104578896364
0.241863908763274,0.363949418948012,0.332967217843408,0.249605003842646,0.122085510184738,-0.0833622140007614
0.22779499778996,0.254484047082275,0.29103835579514,0.253728344413655,0.0266890492923143,-0.0373100113814857
0.154798904443149,0.258751547855094,0.304895008398804,0.240769341061859,0.103952643411945,-0.0641256673369446
0.167128437306973,0.200329597852202,0.305580558713191,0.258256987892507,0.033201160545229,-0.0473235708206847
0.162775608651946,0.277649911809991,0.315861442245783,0.249407134744521,0.114874303158045,-0.0664543075012624
0.127520511022089,0.37971911763931,0.343030079413784,0.274331621637048,0.252198606617221,-0.0686984577767354
0.131691666763626,0.423174218412329,0.322438094942839,0.263343676873589,0.291482551648703,-0.05909441806925
0.152708679997887,0.311480869656153,0.327369939884126,0.271997076788135,0.158772189658266,-0.0553728630959918
0.223677832217345,0.371798297532522,0.329595890849363,0.275555844437645,0.148120465315178,-0.0540400464117184
0.19550160372299,0.348786349182102,0.342370957830943,0.283783820719697,0.153284745459111,-0.0585871371112459
0.162187995108817,0.288179356907552,0.307241315897109,0.271114865633518,0.125991361798735,-0.0361264502635911
0.149473573857617,0.334808365907502,0.32489120768753,0.308320916994562,0.185334792049885,-0.0165702906929681
0.165993292266984,0.372617674395733,0.30459089326601,0.312505647415785,0.206624382128749,0.00791475414977522
0.124064856124844,0.26420749348501,0.314842537144901,0.272986600388424,0.140142637360166,-0.0418559367564767
0.146785833763292,0.324994792257158,0.305916288887733,0.328792665474158,0.178208958493866,0.0228763765864246
0.170501923018226,0.227337721315467,0.388489840809665,0.420835398974969,0.0568357982972409,0.0323455581653044
0.149019889879627,0.311040579581402,0.340671890569338,0.275691889019966,0.162020689701774,-0.0649800015493717
0.191881178296686,0.341398424207262,0.32364498740313,0.308914628889088,0.149517245910575,-0.0147303585140419
0.111226609715094,0.388442665678409,0.507369649478149,0.295851231530545,0.277216055963315,-0.211518417947604
0.356842389596382,0.379318184441671,0.346042379275584,0.266688029862045,0.0224757948452897,-0.079354349413539
0.380012381135845,0.442690457141434,0.388439974214208,0.282146468099119,0.0626780760055889,-0.106293506115089
0.163326161386631,0.249472881427786,0.285601512041874,0.309939498423035,0.0861467200411556,0.0243379863811601
0.200282338261191,0.277325731075046,0.282619945984134,0.230293477653382,0.0770433928138551,-0.052326468330752
0.272772228206646,0.438167878136462,0.342244434265884,0.280388706310854,0.165395649929816,-0.0618557279550299
0.370919904370011,0.406103984560867,0.304392071057313,0.311831986638422,0.0351840801908554,0.00743991558110907
0.310731628319358,0.467264089449273,0.374394017811445,0.326197844248466,0.156532461129915,-0.0481961735629795
0.291754082636931,0.405471884472135,0.337804248343629,0.266726864987222,0.113717801835203,-0.0710773833564069
0.225794827634374,0.246628562562901,0.285310814935548,0.316651851397596,0.0208337349285265,0.0313410364620472
0.186916974560154,0.249247781771174,0.260649458985,0.334259623650552,0.0623308072110196,0.0736101646655512
0.255607931391935,0.214421884437931,0.384283196640699,0.338745202372182,-0.0411860469540043,-0.0455379942685171
0.293421129672572,0.458011162757751,0.356608212731826,0.333626957853512,0.164590033085179,-0.0229812548783134
0.324180176698424,0.500090199512407,0.384670915565622,0.286022231086846,0.175910022813983,-0.0986486844787758
0.275438414728035,0.495161076329704,0.30812952559532,0.391582598090972,0.219722661601669,0.0834530724956519
0.228348713799112,0.391738730778895,0.316219865459375,0.311898968085654,0.163390016979783,-0.00432089737372104
0.15990616311508,0.371944592129028,0.300397441770707,0.344267882983029,0.212038429013948,0.0438704412123226
0.206653104766595,0.210614174437034,0.282912910230038,0.37589766280056,0.0039610696704393,0.0929847525705219
0.163566511626702,0.250944159784054,0.325258064054552,0.298290866069948,0.0873776481573519,-0.0269671979846043
0.203085474405247,0.354519132430827,0.306280719291537,0.301216775610094,0.151433658025581,-0.00506394368144308
0.191374469585358,0.338464948339328,0.279189304001634,0.278114944285848,0.14709047875397,-0.00107435971578534
0.117238843564216,0.410406716678428,0.270870053403353,0.302733226721246,0.293167873114212,0.0318631733178929
0.247117055515042,0.427521712700899,0.338521283461219,0.301132088245917,0.180404657185857,-0.0373891952153025
0.115610481150544,0.31448215844793,0.302559521499661,0.307706231751969,0.198871677297386,0.00514671025230801
0.150778140517826,0.321423745990351,0.282668738423672,0.274930952975781,0.170645605472525,-0.00773778544789117
0.272309620974713,0.363434249354095,0.327108464191799,0.337194120796297,0.0911246283793819,0.0100856566044982
0.138253522783134,0.309881257746844,0.312944764067523,0.332663817212995,0.17162773496371,0.0197190531454722
0.224192250019998,0.330274982920379,0.306438197786449,0.34893302505204,0.106082732900382,0.042494827265591
0.289010166045696,0.307834512133852,0.297065007283769,0.286588612337421,0.0188243460881564,-0.0104763949463483
0.286381446047489,0.253124715211507,0.337031269698474,0.29172046413499,-0.0332567308359822,-0.0453108055634836
0.185846506011733,0.295162908514436,0.315322405321646,0.258289469612298,0.109316402502704,-0.0570329357093475
0.189551222319625,0.273823825658815,0.348889854756433,0.300971717674873,0.0842726033391898,-0.0479181370815601
0.263805679017097,0.222946464715155,0.297524758148458,0.308907631792471,-0.0408592143019424,0.0113828736440134
0.293998165642693,0.296793632008888,0.382573772722975,0.261194257141068,0.0027954663661946,-0.121379515581907
0.228494281625264,0.363949418948012,0.319351416360803,0.249444935835614,0.135455137322748,-0.0699064805251897
0.229598110054391,0.25567161491994,0.229154229168411,0.246936906303773,0.0260735048655493,0.0177826771353618
0.148579096182001,0.261962034535588,0.308179303952521,0.243416100935775,0.113382938353588,-0.0647632030167465
0.169607421864376,0.203095606489204,0.305580558713191,0.258256987892507,0.0334881846248281,-0.0473235708206847
0.156731871635661,0.280951436738366,0.317673036231438,0.253171175220236,0.124219565102705,-0.0645018610112015
0.130900156494553,0.354133949674991,0.346216917809584,0.277714055205402,0.223233793180438,-0.0685028626041824
0.129339220848265,0.428243453474861,0.327022623837729,0.261919898152036,0.298904232626596,-0.065102725685693
0.143032859869063,0.313951575683561,0.31422758363127,0.279305051407271,0.170918715814498,-0.0349225322239992
0.224652817930294,0.376195138676162,0.333530291158032,0.280412749748967,0.151542320745868,-0.0531175414090653
0.188282186328633,0.354696275549903,0.34569580846661,0.287738608585241,0.16641408922127,-0.0579571998813687
0.158676560055408,0.291417901131241,0.280465268023024,0.265556775112074,0.132741341075833,-0.0149084929109498
0.143946907402123,0.331626488794423,0.330408340170149,0.31474019455425,0.1876795813923,-0.0156681456158991
0.166646330814417,0.375183756772125,0.308563598484774,0.318600299145164,0.208537425957708,0.0100367006603897
0.12512883251547,0.267691536945126,0.307199493661642,0.278908599789656,0.142562704429655,-0.0282908938719862
0.148281048940492,0.325764113437095,0.311539095289299,0.337598969149761,0.177483064496603,0.0260598738604622
0.171191459927996,0.208933630538558,0.364976207162042,0.420835398974969,0.0377421706105629,0.0558591918129271
0.140633684796595,0.296760185600072,0.348190498931594,0.279264012354489,0.156126500803477,-0.0689264865771047
0.191881178296686,0.332301561743468,0.331287530726974,0.300352424118468,0.140420383446782,-0.0309351066085057
0.112276230406,0.388442665678409,0.507369649478149,0.303747930363485,0.276166435272409,-0.203621719114663
0.358146207701519,0.380476846978662,0.349050806336723,0.265267608704709,0.0223306392771428,-0.0837831976320136
0.381530717530538,0.443767262052345,0.384995424999955,0.282146468099119,0.0622365445218076,-0.102848956900836
0.164697549639651,0.252479989728781,0.285601512041874,0.313788237022747,0.0877824400891302,0.0281867249808724
0.201876828145393,0.281644619592377,0.288947093301211,0.239677895562264,0.0797677914469844,-0.0492691977389472
0.273660306588119,0.441010142186708,0.345053418981285,0.27711490742357,0.16734983559859,-0.0679385115577147
0.350468094712747,0.408707601643438,0.297821585027602,0.321886242873723,0.058239506930691,0.0240646578461209
0.31205405691183,0.468915857528605,0.377961821816502,0.322810965091221,0.156861800616775,-0.0551508567252812
0.293397635475384,0.408571160712737,0.340405374595412,0.271771183712553,0.115173525237353,-0.0686341908828588
0.22765566900729,0.248162778279518,0.281296357204735,0.32156749289497,0.0205071092722276,0.0402711356902358
0.187638386789514,0.250416584732203,0.263012749584914,0.324719120268338,0.0627781979426885,0.061706370683424
0.242201882668158,0.221300817835238,0.390526912696967,0.332659128356351,-0.0209010648329205,-0.0578677843406157
0.294714818079583,0.458809521189349,0.359973875484303,0.32412343382883,0.164094703109766,-0.0358504416554732
0.325221677921774,0.501123734591,0.373480607639683,0.260911026905793,0.175902056669227,-0.112569580733889
0.276775790698966,0.496015695191918,0.311619592124734,0.396295097597166,0.219239904492952,0.0846755054724329
0.229248360184376,0.393128010307065,0.317158501298589,0.317280956757905,0.163879650122689,0.000122455459315884
0.161189996084392,0.346449306722153,0.304166246328947,0.350335001711616,0.18525931063776,0.0461687553826691
0.208055559561373,0.217785323473156,0.281061070421689,0.354279141439996,0.00972976391178368,0.0732180710183071
0.157878194681242,0.257356747350684,0.285078892501317,0.302894127714075,0.0994785526694418,0.0178152352127575
0.191081957131578,0.346583733622216,0.282926817690462,0.300360811913061,0.155501776490638,0.0174339942225995
0.192219729445092,0.338806752821788,0.28544412154573,0.280357455269883,0.146587023376696,-0.00508666627584708
0.111226628620355,0.402415478362675,0.273020376387497,0.304129405691017,0.291188849742321,0.0311090293035203
0.248001390967818,0.357196242073359,0.34333623744065,0.302788649387266,0.109194851105541,-0.0405475880533839
0.115814226320369,0.320433762315243,0.276070342892023,0.309985286784469,0.204619535994874,0.0339149438924459
0.145970855061685,0.302726864952829,0.285330292590395,0.280729406857861,0.156756009891144,-0.00460088573253342
0.273247754198194,0.340195616871889,0.319516124376284,0.317251679365436,0.0669478626736949,-0.00226444501084822
0.133082261027767,0.31335552945329,0.315046593365511,0.330501591459779,0.180273268425523,0.0154549980942681
0.214870901522396,0.322195099793749,0.286719393209631,0.34123355733043,0.107324198271353,0.0545141641207991
0.289535556341244,0.31305172610414,0.264330426343588,0.279832808819302,0.0235161697628958,0.0155023824757147
0.28788023897319,0.256860000690026,0.323167260920413,0.29172046413499,-0.0310202382831641,-0.0314467967854228
0.187266936859292,0.278112763649924,0.317560120906339,0.262204358254172,0.0908458267906321,-0.055355762652167
0.181432810643912,0.275832518844316,0.344219850341072,0.304386317740433,0.0943997082004047,-0.0398335326006387
0.265818984454633,0.223421552346955,0.30163116297719,0.314743716560229,-0.0423974321076775,0.0131125535830398
0.294941737979154,0.296793632008888,0.365495049232091,0.264203990169361,0.00185189402973379,-0.10129105906273
0.20395487662987,0.363949418948012,0.321455938908387,0.252663238820865,0.159994542318142,-0.068792700087522
0.219038323353695,0.258330614313778,0.240514123609339,0.249579369626671,0.0392922909600828,0.00906524601733219
0.149229901074048,0.246879691347591,0.291479618464522,0.243103146325074,0.097649790273543,-0.0483764721394476
0.171109290248631,0.20802335846354,0.298832453204533,0.258256987892507,0.0369140682149094,-0.0405754653120262
0.152343038820279,0.277733043634273,0.320747658631244,0.25426680299742,0.125390004813994,-0.0664808556338239
0.126515051886345,0.357477967180819,0.34881699125023,0.279280679870074,0.230962915294474,-0.0695363113801566
0.123248678285108,0.430821966505245,0.319014101348556,0.264801242438815,0.307573288220138,-0.0542128589097404
0.146238215270272,0.308529482126821,0.317567895540072,0.264622710123817,0.16229126685655,-0.0529451854162544
0.226460626441371,0.378273711285263,0.335836978808001,0.283433647312496,0.151813084843892,-0.0524033314955042
0.190000222766644,0.357725555391891,0.348757830437925,0.286140021641874,0.167725332625246,-0.0626178087960512
0.153087774934247,0.295286661225131,0.283432195860708,0.253449149902166,0.142198886290884,-0.0299830459585428
0.141228512124912,0.333813715287215,0.333695055444296,0.317993067447245,0.192585203162304,-0.0157019879970503
0.160100010324809,0.377480486405851,0.312455638736781,0.321437124292335,0.217380476081042,0.00898148555555356
0.114503091534046,0.260819604931436,0.307199493661642,0.273441066628,0.14631651339739,-0.0337584270336425
0.151256411104333,0.323744564052106,0.298660493993974,0.341700276713212,0.172488152947773,0.0430397827192386
0.164814904653931,0.219192562361155,0.364976207162042,0.420835398974969,0.0543776577072246,0.0558591918129271
0.143937098053578,0.30028789582417,0.348190498931594,0.282687816579874,0.156350797770591,-0.0655026823517194
0.182537666164031,0.306994964811461,0.301177288112864,0.277275938863053,0.124457298647431,-0.0239013492498109
0.104481964803096,0.388442665678409,0.338246432985432,0.314787480145765,0.283960700875312,-0.0234589528396674
0.372438087800606,0.455345634588633,0.260133710720441,0.308060448813262,0.082907546788027,0.0479267380928213
0.456847757590926,0.440941109878632,0.369167139771101,0.3766204179935,-0.0159066477122947,0.00745327822239966
0.494844642095235,0.350884130736038,0.376354706148856,0.404087047373577,-0.143960511359197,0.0277323412247208
0.414366207608735,0.44801573899642,0.316413989274561,0.440739992447968,0.0336495313876846,0.124326003173407
0.381829754939117,0.499544979510622,0.442843113337911,0.358048588416675,0.117715224571506,-0.0847945249212355
0.449805906157959,0.416564587870861,0.453389524576788,0.350587764473805,-0.0332413182870975,-0.102801760102983
0.411960840089026,0.445960729734664,0.43767666003421,0.351064322460195,0.0339998896456381,-0.0866123375740154
0.390246880056641,0.44304080371778,0.417112677583226,0.349462965000143,0.0527939236611395,-0.067649712583083
0.385486961486434,0.351154168723349,0.379490281928581,0.332645335592922,-0.0343327927630849,-0.046844946335659
0.420917194415506,0.359200770931705,0.450083579728435,0.38571312644349,-0.0617164234838002,-0.0643704532849446
0.395073763559352,0.369877344366729,0.344878183592098,0.35910262110342,-0.0251964191926225,0.0142244375113219
0.442908610583067,0.449851611174139,0.433612300249094,0.38017692895771,0.006943000591072,-0.0534353712913835
0.444160522603518,0.513410935892021,0.388153225378419,0.389355751841991,0.0692504132885027,0.00120252646357205
0.407901013043117,0.396011114382281,0.442086838511034,0.322828893546331,-0.0118898986608359,-0.119257944964703
0.378723417253414,0.421257293451661,0.332083344781223,0.409580090762181,0.0425338761982477,0.0774967459809582
0.373914856573812,0.377582403240505,0.379819048512987,0.30363762197327,0.00366754666669278,-0.0761814265397171
0.360094124083542,0.369227110734974,0.354237638893784,0.299901909782572,0.00913298665143186,-0.054335729111212
0.379373648348359,0.372700345782045,0.359834139215636,0.351075139934665,-0.00667330256631449,-0.00875899928097162
0.465591129459161,0.36965585061788,0.348908146190666,0.330957634227473,-0.0959352788412804,-0.0179505119631929
0.431253969169971,0.388366153172365,0.399027261224681,0.426103557267818,-0.0428878159976066,0.0270762960431369
0.371518719098604,0.476040381161534,0.355146247685945,0.341238177854974,0.10452166206293,-0.0139080698309708
0,0,0.401342131356371,0.365053054274379,0,-0.0362890770819915
0.349562603398363,0.302855432300774,0.390307625680385,0.331295716464735,-0.0467071710975894,-0.0590119092156498
0.280872086908107,0.427026128395752,0.38173279744526,0.297079093302589,0.146154041487646,-0.0846537041426708
0.347652234378211,0.440031712970764,0.467847137996843,0.256294920449771,0.0923794785925534,-0.211552217547072
0.431665408019574,0.401317780791999,0.416254549735125,0.319697838042549,-0.0303476272275757,-0.0965567116925762
0.419588644899325,0.318173703527389,0.434463296014431,0.302296568490947,-0.101414941371936,-0.132166727523484
0.379025171171464,0.408880713476302,0.368737908863219,0.380835030861646,0.029855542304838,0.0120971219984269
0.381024695212247,0.609405991391327,0.397812031120678,0.32077195129576,0.22838129617908,-0.0770400798249175
0.373487867502448,0.496568910036306,0.427004843850925,0.367635479468275,0.123081042533858,-0.0593693643826505
0.280703788686525,0.392080300459435,0.421252212514959,0.203737670129435,0.11137651177291,-0.217514542385525
0.388334353393952,0.387235484178486,0.332102333091741,0.411873755232501,-0.00109886921546626,0.0797714221407594
0.388802920773404,0.310275705547639,0.457761810721911,0.329537950841663,-0.078527215225765,-0.128223859880248
0.354949628973651,0.377507036878778,0.402963531302848,0.300677099509641,0.0225574079051263,-0.102286431793207
0.39685741723778,0.42544989939591,0.477147569142497,0.353933796325559,0.0285924821581303,-0.123213772816938
0.353708924862477,0.346261410325424,0.411720441499964,0.321827109184579,-0.00744751453705317,-0.0898933323153854
0.421479656658614,0.363863198467232,0.332174966944078,0.397912292663151,-0.0576164581913821,0.0657373257190729
0.370404987267924,0.386207174438298,0.368959869664698,0.368039982828957,0.0158021871703743,-0.000919886835741623
0.469020714904178,0.498357861182282,0.415105558651263,0.336172494396922,0.0293371462781045,-0.0789330642543413
0.488541377449274,0.446959720365654,0.412184515607189,0.256716698605298,-0.0415816570836204,-0.155467817001891
0.462507681810428,0.432215647129146,0.460470126294991,0.280223629769873,-0.0302920346812825,-0.180246496525117
0.394429986541334,0.420594468043062,0.347768910981156,0.3519366294787,0.0261644815017276,0.00416771849754438
0.428072474304194,0.381787197974563,0.344351263056173,0.310856585930612,-0.0462852763296312,-0.0334946771255619
0.361841697953078,0.471334756656011,0.306038295483082,0.220828926509428,0.109493058702933,-0.0852093689736536
0.394945144778054,0.463598727605064,0.395338843872756,0.312555391698829,0.0686535828270103,-0.082783452173927
0.404211600308783,0.456364436500296,0.440643959230221,0.303213510469111,0.0521528361915138,-0.13743044876111
0.42779014637454,0.391642036635202,0.410367423861629,0.320515049871461,-0.0361481097393377,-0.089852373990168
0,0.413945028275992,0.153203894224178,0.292553223563777,0.413945028275992,0.139349329339599
0.285668124769694,0.405988902180385,0.348837814785943,0.312380898234395,0.120320777410691,-0.036456916551548
0.387846846612637,0.427468437249073,0.406983612391153,0.356972593706752,0.0396215906364359,-0.0500110186844018
0.371372230004147,0.386971113568897,0.425592386732166,0.292738369495303,0.0155988835647498,-0.132854017236862
0.552922086497437,0.553544646521786,0.416928687691035,0.369203133415126,0.000622560024348906,-0.0477255542759095
0.372932694496969,0.459547250589864,0.265881030974987,0.311948213389936,0.0866145560928953,0.0460671824149489
0.429937988714285,0.442335742492261,0.369167139771101,0.37973526751835,0.0123977537779761,0.0105681277472491
0.494844642095235,0.350884130736038,0.385366647915531,0.375815197977933,-0.143960511359197,-0.00955144993759771
0.403416542140474,0.430694262117133,0.343224567494717,0.440739992447968,0.0272777199766587,0.0975154249532508
0.389038707290653,0.486072710232155,0.44861706534047,0.36328871820197,0.0970340029415019,-0.0853283471385003
0.454333021412523,0.421674786511921,0.457544754188408,0.353502812311388,-0.0326582349006022,-0.104041941877021
0.40376320493099,0.451291877796786,0.444424667800305,0.345070979948354,0.0475286728657958,-0.0993536878519513
0.393308099695152,0.447050502205728,0.423531695120649,0.353054103809899,0.0537424025105766,-0.0704775913107497
0.392715928407518,0.356445793627639,0.379490281928581,0.337903081098329,-0.0362701347798786,-0.0415872008302516
0.404567467055572,0.363912848250981,0.43269416236091,0.390554620580062,-0.0406546188045914,-0.042139541780848
0.38533118809104,0.373287056058932,0.331376849239976,0.364218920112663,-0.0120441320321072,0.032842070872687
0.437414175169122,0.452540919339381,0.42645081902627,0.374958108362347,0.0151267441702591,-0.0514927106639231
0.447395837335415,0.515307320799023,0.378414936021922,0.392064473673475,0.0679114834636076,0.0136495376515533
0.411493585090178,0.400466630701348,0.425582240148731,0.32574555159978,-0.0110269543888298,-0.0998366885489517
0.387210706666136,0.421078920718588,0.336064894469819,0.392233928656428,0.0338682140524528,0.056169034186609
0.380498716455441,0.383603664541564,0.378991079318113,0.29579652047416,0.00310494808612305,-0.0831945588439532
0.34924897473956,0.375706574090632,0.357789607901813,0.290166979778028,0.0264575993510721,-0.0676226281237853
0.387816684184461,0.374263943413911,0.34585527190109,0.354925270057077,-0.0135527407705501,0.00906999815598686
0.471849903628546,0.37400771061519,0.352984867506829,0.317208638964014,-0.0978421930133552,-0.0357762285428145
0.443783074726931,0.402203059797999,0.380509471630457,0.435473784743577,-0.0415800149289312,0.0549643131131207
0.359144262185543,0.476040381161534,0.359432376103626,0.345753336462174,0.116896118975992,-0.0136790396414522
0,0,0.401342131356371,0.365053054274379,0,-0.0362890770819915
0.35712165147239,0.309735623278983,0.385121426488356,0.33609968996324,-0.0473860281934067,-0.0490217365251154
0.293348744822096,0.426765821262581,0.388021608025476,0.279390415966425,0.133417076440485,-0.108631192059051
0.330321768415274,0.427008260969868,0.455916188944525,0.27519048630436,0.0966864925545941,-0.180725702640165
0.388114786732124,0.390110157539486,0.4221674569449,0.324525580274675,0.00199537080736134,-0.0976418766702252
0.429147434732505,0.326869104156069,0.427484938232499,0.305374364709764,-0.102278330576436,-0.122110573522735
0.388147427958989,0.390878289495373,0.376662962495042,0.386035665929379,0.00273086153638435,0.00937270343433783
0.384357244121857,0.609405991391327,0.402936772683319,0.327000536818741,0.225048747269469,-0.0759362358645775
0.374105274255882,0.496568910036306,0.415355017202017,0.356744355706266,0.122463635780424,-0.0586106614957507
0.285293258160624,0.414104629132021,0.423390888228699,0.203737670129435,0.128811370971397,-0.219653218099264
0.388422296162325,0.392427881298664,0.339366651544274,0.417295794995818,0.00400558513633981,0.0779291434515437
0.383722384264633,0.313605725584055,0.471372420425008,0.337618461987856,-0.0701166586805779,-0.133753958437153
0.359089643303175,0.354496332524605,0.39955598723786,0.306135235338523,-0.00459331077856989,-0.0934207518993367
0.403647627667515,0.409875663313782,0.477147569142497,0.350597029392568,0.00622803564626645,-0.126550539749929
0.353685140637577,0.345244025394544,0.417235347877178,0.326153595902546,-0.00844111524303359,-0.0910817519746321
0.424239560226355,0.367584415889934,0.340242073949952,0.375016487854475,-0.056655144336421,0.0347744139045225
0.37630679787649,0.378924835025594,0.375362213877385,0.369978715973309,0.00261803714910452,-0.00538349790407566
0.469020714904178,0.463122015463407,0.419941283311647,0.336888253334845,-0.00589869944077104,-0.0830530299768023
0.488541377449274,0.442399959169391,0.419788221108832,0.264435193748399,-0.0461414182798829,-0.155353027360433
0.466149571256099,0.440007988327443,0.399299461132418,0.277026018127363,-0.0261415829286563,-0.122273443005055
0.397898568107402,0.407853874705711,0.353363504126668,0.345206129187481,0.00995530659830834,-0.00815737493918722
0.433271008469401,0.387997475403426,0.35027044793895,0.315921186296052,-0.0452735330659746,-0.0343492616428984
0.368645812384469,0.475131088088262,0.302504751639586,0.231442847907482,0.106485275703793,-0.0710619037321041
0.398383344919546,0.467733450208415,0.401072905486112,0.320560298219163,0.0693501052888692,-0.0805126072669489
0.407347380276745,0.460464876206925,0.445659627872757,0.305176825153872,0.0531174959301803,-0.140482802718885
0.42779014637454,0.395166743469816,0.404520484610314,0.298139347916643,-0.0326234029047235,-0.106381136693671
0,0.435942565209974,0.153203894224178,0.292553223563777,0.435942565209974,0.139349329339599
0.285668124769694,0.37175159680402,0.366020756982542,0.312380898234395,0.0860834720343266,-0.0536398587481475
0.387846846612637,0.410377726744341,0.412556342475341,0.361943972691008,0.0225308801317037,-0.0506123697843331
0.373552690579119,0.3925067008057,0.433244523714498,0.298756577052887,0.0189540102265807,-0.134487946661611
0.371457230875654,0.553544646521786,0.285188827263622,0.369203133415126,0.182087415646132,0.0840143061515034
0.380143938314877,0.459631539509581,0.259966831345003,0.315295421563413,0.0794876011947038,0.0553285902184106
0.444510100098095,0.444099193090548,0.374874662595024,0.379307068320497,-0.000410907007547479,0.00443240572547254
0.494844642095235,0.361882995142084,0.388169888950009,0.380000967937904,-0.132961646953152,-0.00816892101210548
0.37842355944065,0.434712906190755,0.343224567494717,0.440739992447968,0.0562893467501048,0.0975154249532508
0.376736971569305,0.494937224729219,0.454923231794811,0.358618919545517,0.118200253159915,-0.0963043122492938
0.432106886240175,0.431320538420037,0.450780669890788,0.357280096523066,-0.000786347820138145,-0.0935005733677223
0.41114742310684,0.448303652759491,0.452278893557361,0.349573609586479,0.0371562296526506,-0.102705283970882
0.399464550956323,0.442850792880505,0.42953923200884,0.357249437503141,0.0433862419241822,-0.0722897945056984
0.398528107435275,0.352972638403069,0.379490281928581,0.342413080342684,-0.0455554690322056,-0.0370772015858967
0.409814325171955,0.360922068776264,0.43269416236091,0.385752347227861,-0.0488922563956905,-0.0469418151330487
0.38985221775279,0.38093909111741,0.333719159932896,0.371643310445438,-0.00891312663537963,0.0379241505125414
0.444383945673757,0.443388339809483,0.412923664012083,0.379827402965935,-0.000995605864273774,-0.033096261046148
0.444423236203256,0.520830053697827,0.386038282467921,0.396213690609286,0.076406817494571,0.0101754081413654
0.403426844982178,0.401662992563855,0.43547553305067,0.329391137873676,-0.00176385241832316,-0.106084395176994
0.393522010294901,0.4113251222716,0.341759524178652,0.396438658386688,0.0178031119766993,0.0546791342080357
0.387155411234425,0.391798380307827,0.384725583626623,0.30203143915957,0.0046429690734015,-0.0826941444670526
0.348359316852013,0.380063907097721,0.359256198132029,0.294473110307083,0.0317045902457078,-0.0647830878249459
0.393221276196832,0.3761297261107,0.346256625783597,0.359735487560207,-0.017091550086132,0.0134788617766097
0.451581464293681,0.377225616551364,0.357282309227676,0.294138578770693,-0.0743558477423177,-0.0631437304569828
0.448324026650565,0.412825413829846,0.386415747218531,0.36987620507697,-0.0354986128207193,-0.0165395421415604
0.367818032834281,0.481176876378798,0.355578646799167,0.350252397793389,0.113358843544516,-0.00532624900577799
0,0,0.401342131356371,0.370556376146072,0,-0.0307857552102983
0.355907895037812,0.311489107933721,0.389411191600287,0.340554551092,-0.0444187871040909,-0.0488566405082875
0.293348744822096,0.434566240891206,0.386763022434421,0.26430259662075,0.14121749606911,-0.122460425813671
0.33670726412191,0.424433725901135,0.411964288129406,0.27519048630436,0.0877264617792253,-0.136773801825046
0.388114786732124,0.396849802747387,0.427614989216831,0.330428266151505,0.00873501601526233,-0.0971867230653259
0.385851529837013,0.330281708422556,0.422416962783115,0.300375246224465,-0.055569821414457,-0.12204171655865
0.392551915074158,0.394054019126621,0.366760015179307,0.393831727209002,0.00150210405246309,0.0270717120296943
0.390142855970868,0.609405991391327,0.402012059542758,0.330053791408942,0.219263135420458,-0.0719582681338163
0.361816883994156,0.496568910036306,0.421603489692153,0.360298025990826,0.13475202604215,-0.0613054637013276
0.281349240334544,0.419971949898817,0.406782829367488,0.203737670129435,0.138622709564273,-0.203045159238053
0.386484632744212,0.397312131900898,0.339366651544274,0.407564675172473,0.0108274991566863,0.0681980236281993
0.387025808844152,0.316670953316412,0.471372420425008,0.345945081491831,-0.0703548555277402,-0.125427338933177
0.367018060178678,0.354496332524605,0.395862618316516,0.296338863123644,-0.0125217276540732,-0.0995237551928719
0.410210502142283,0.401598458325567,0.477147569142497,0.353238972599566,-0.0086120438167156,-0.123908596542932
0.359859502419797,0.348982582343041,0.401432004067646,0.322592141894477,-0.0108769200767568,-0.0788398621731692
0.427122224747386,0.374437563794023,0.327400785737771,0.367565508242721,-0.0526846609533629,0.0401647225049504
0.382446199005518,0.386409103077574,0.381782073423248,0.372607027877477,0.00396290407205657,-0.00917504554577042
0.460620393081423,0.44100351569425,0.401942211169921,0.327224126060613,-0.0196168773871733,-0.0747180851093081
0.488541377449274,0.442399959169391,0.426947287970985,0.267256284519466,-0.0461414182798829,-0.159691003451519
0.466149571256099,0.435668987432202,0.399299461132418,0.277026018127363,-0.0304805838238969,-0.122273443005055
0.404094980130853,0.414797742606916,0.359133166589375,0.331666775015004,0.0107027624760629,-0.0274663915743701
0.424994841378678,0.386906842770253,0.355403292324977,0.321254458374028,-0.0380879986084249,-0.034148833950949
0.374735332436453,0.475131088088262,0.302504751639586,0.231442847907482,0.100395755651809,-0.0710619037321041
0.404451472609223,0.473245517766052,0.406970803992877,0.327259314260045,0.0687940451568287,-0.0797114897328317
0.412684744580776,0.457961799502554,0.446885464290893,0.305548180279126,0.0452770549217785,-0.141337284011767
0.373810642407097,0.39887279113024,0.393646919599619,0.282155021194076,0.0250621487231426,-0.111491898405543
0.447592424583098,0.351567482621493,0.169252178755429,0.292553223563777,-0.096024941961605,0.123301044808348
0.285668124769694,0.37366098438831,0.348674893806136,0.285913145575567,0.0879928596186161,-0.0627617482305685
0.398684053307463,0.38530722655452,0.419689287330756,0.361943972691008,-0.0133768267529428,-0.0577453146397481
0.377828249974432,0.393295108692335,0.43736040242145,0.300089971012069,0.0154668587179023,-0.137270431409381
0.371457230875654,0.553544646521786,0.285188827263622,0.369203133415126,0.182087415646132,0.0840143061515034
0.385812382446937,0.456819930956954,0.259966831345003,0.322790081020486,0.0710075485100168,0.0628232496754831
0.444510100098095,0.445312755785789,0.326798673526116,0.386173390440171,0.000802655687694109,0.0593747169140553
0.469787485964501,0.361882995142084,0.390764603347422,0.371786303281664,-0.107904490822418,-0.0189783000657582
0.382455702249728,0.439331725980327,0.340194886615039,0.440739992447968,0.0568760237305994,0.100545105832928
0.383150407592295,0.476576317713813,0.431480330774596,0.360457229605961,0.0934259101215177,-0.0710231011686348
0.436285182992488,0.438200105931918,0.428603725243544,0.357461525280075,0.00191492293943052,-0.0711421999634693
0.407002974301338,0.455316890480257,0.457104313260887,0.357229963270313,0.0483139161789186,-0.0998743499905745
0.406482696021274,0.450395004722306,0.411638460528215,0.364111973097573,0.0439123087010329,-0.0475264874306415
0.375514489798722,0.359792080478652,0.387227192557955,0.348816999715335,-0.0157224093200696,-0.0384101928426197
0.415267704338381,0.366824197469674,0.407151232627824,0.391209845210959,-0.048443506868707,-0.0159413874168648
0.380237936188823,0.38093909111741,0.333719159932896,0.37684067252893,0.000701154928587022,0.0431215125960338
0.448598696391392,0.430095372940649,0.417367981025635,0.374967830391458,-0.0185033234507432,-0.0424001506341775
0.438839875148117,0.528627219877616,0.390101764058904,0.400070044339677,0.0897873447294993,0.00996828028077346
0.403054991971889,0.403451311672692,0.429820171097208,0.335150852164679,0.000396319700802561,-0.0946693189325291
0.401289626446728,0.416663478813767,0.329054950137186,0.387274879915419,0.0153738523670386,0.0582199297782336
0.393620423779226,0.384624021296295,0.386930350940106,0.307735404135434,-0.0089964024829306,-0.0791949468046719
0.339438481279021,0.376400515676205,0.341379459383117,0.294207482614572,0.0369620343971835,-0.0471719767685445
0.398769293884687,0.377718207594925,0.342236240268475,0.365103709616062,-0.0210510862897621,0.0228674693475869
0.446358586260161,0.381604842212724,0.343741484451785,0.281319937363247,-0.0647537440474371,-0.0624215470885376
0.453315668151439,0.412825413829846,0.386415747218531,0.375158252132791,-0.0404902543215934,-0.0112574950857401
0.357700940034961,0.47670114210758,0.359203222522695,0.340360648821703,0.119000202072619,-0.018842573700992
0,0,0.359113513126209,0.370556376146072,0,0.0114428630198629
0.352222564655399,0.314747598311283,0.392199064296382,0.345755881040246,-0.037474966344116,-0.0464431832561356
0.304746067444723,0.426203120312832,0.391674071069734,0.268440935891676,0.121457052868109,-0.123233135178057
0.329679103669313,0.431289145513293,0.414708942056986,0.27519048630436,0.10161004184398,-0.139518455752626
0.395730557561273,0.401603571659663,0.434930475273068,0.336673912886818,0.00587301409838992,-0.0982565623862497
0.375663549393421,0.331927280676306,0.42505252090001,0.292352335578462,-0.0437362687171148,-0.132700185321548
0.396605133944907,0.389103627763761,0.369055189186083,0.39935084302578,-0.0075015061811452,0.0302956538396975
0.388326520129639,0.609405991391327,0.403168735353318,0.330053791408942,0.221079471261688,-0.0731149439443755
0.367322861955056,0.496568910036306,0.42371160865539,0.36324489417285,0.129246048081249,-0.0604667144825398
0.285468219232075,0.428814072692158,0.412697075799342,0.188734943285822,0.143345853460082,-0.22396213251352
0.387900358191025,0.385708129452149,0.34716264257603,0.384318978801518,-0.00219222873887603,0.0371563362254881
0.393760853656494,0.31999629857669,0.471372420425008,0.350746221962458,-0.0737645550798043,-0.12062619846255
0.3725875922501,0.349362142247081,0.395624841055293,0.29797330462456,-0.0232254500030195,-0.0976515364307326
0.417023889653867,0.405794820672391,0.469361221303611,0.356042087483068,-0.0112290689814756,-0.113319133820543
0.366026514318005,0.344700598844743,0.406750375130072,0.326744712962926,-0.021325915473262,-0.0800056621671461
0.412588916008758,0.378788666373314,0.331074712974546,0.370843914734306,-0.0338002496354435,0.0397692017597598
0.380884270404061,0.391964162718444,0.386153813450264,0.370651961293796,0.0110798923143832,-0.0155018521564678
0.463938509375297,0.449102339036784,0.406920824912879,0.329580736307329,-0.0148361703385126,-0.0773400886055506
0.46883991642199,0.448105025207922,0.431574310602078,0.268222628193135,-0.0207348912140685,-0.163351682408943
0.470587242762895,0.431232537929931,0.405625760149413,0.265757834982997,-0.0393547048329644,-0.139867925166415
0.411005615630719,0.39427318398764,0.363340426991812,0.329839901645186,-0.0167324316430786,-0.0335005253466254
0.421435477235317,0.377186502777407,0.358368596372606,0.326520986849403,-0.0442489744579095,-0.0318476095232034
0.38084705172929,0.470142212515194,0.284196193005494,0.2358560069114,0.0892951607859042,-0.0483401860940941
0.40788695458457,0.461058438088903,0.412497833490954,0.330240084608897,0.0531714835043332,-0.0822577488820566
0.411685966088019,0.463910994436416,0.441514325031005,0.306921975963517,0.0522250283483969,-0.134592349067488
0.373810642407097,0.402484520275444,0.397322108925801,0.288584252613874,0.0286738778683467,-0.108737856311927
0.447592424583098,0.351567482621493,0.165135343709201,0.292553223563777,-0.096024941961605,0.127417879854576
0.285668124769694,0.380522913849998,0.352113963999173,0.294095237408878,0.0948547890803039,-0.0580187265902948
0.398684053307463,0.387593668430351,0.416865927022864,0.361943972691008,-0.0110903848771115,-0.0549219543318561
0.373531343934952,0.384391297434365,0.444577836023415,0.299964479463783,0.0108599534994127,-0.144613356559631
0.371457230875654,0.553544646521786,0.285188827263622,0.369203133415126,0.182087415646132,0.0840143061515034
0.391381036993798,0.459951290937234,0.266885262586508,0.327243575435045,0.0685702539434353,0.060358312848537
0.423031970223899,0.445312755785789,0.326798673526116,0.383974422219761,0.0222807855618901,0.0571757486936451
0.482356480535455,0.361882995142084,0.395674843933978,0.377512925388481,-0.120473485393371,-0.0181619185454967
0.38655172005837,0.433045738209713,0.340194886615039,0.440739992447968,0.0464940181513429,0.100545105832928
0.390291275073655,0.479630031245749,0.415059549829466,0.363315715930891,0.0893387561720939,-0.0517438338985746
0.431621499171335,0.442507732236255,0.427966139886358,0.361435851598761,0.0108862330649209,-0.0665302882875967
0.408787243151437,0.459163695819526,0.463193896122495,0.360689882160824,0.0503764526680888,-0.102504013961672
0.396681914850405,0.423292944820635,0.417609564405315,0.361373129510856,0.0266110299702302,-0.0562364348944593
0.380397733820556,0.363986616407239,0.378240455676943,0.341437733315939,-0.0164111174133169,-0.0368027223610043
0.418970485799202,0.370677164145939,0.419103882154082,0.396847258710986,-0.0482933216532631,-0.0222566234430956
0.373380667511464,0.368700868083042,0.330671598727487,0.382241293767617,-0.00467979942842267,0.0515696950401304
0.454418405298843,0.433495089185733,0.423920877418775,0.378091972491709,-0.0209233161131103,-0.0458289049270666
0.425369815122268,0.49935755128367,0.394930326203269,0.403518758214266,0.0739877361614024,0.00858843201099663
0.408073223308012,0.382926795514759,0.435460467097693,0.338714890896261,-0.0251464277932535,-0.0967455762014316
0.406511803712121,0.419348564461117,0.331338824225008,0.378255663815681,0.012836760748996,0.0469168395906728
0.399449911029874,0.389299088574205,0.378627185300394,0.307180316102018,-0.0101508224556691,-0.0714468691983766
0.339136220000503,0.380530459089176,0.337659370496107,0.284684198593867,0.0413942390886729,-0.0529751719022409
0.402618693208867,0.362661283641849,0.346084843981934,0.368908062031464,-0.0399574095670179,0.0228232180495304
0.417002840822106,0.373247396639124,0.348276723977938,0.285087150650973,-0.0437554441829818,-0.0631895733269659
0.445300143573653,0.443599663134009,0.388476410859129,0.381553443586191,-0.00170048043964427,-0.00692296727293734
0.362050866393651,0.425994781252512,0.363425999415593,0.335517118610661,0.0639439148588611,-0.0279088808049324
0,0,0.359113513126209,0.370556376146072,0,0.0114428630198629
0.352789140913511,0.326829744131944,0.393550462898239,0.334296783684918,-0.0259593967815662,-0.0592536792133215
0.304746067444723,0.418221387513113,0.397684185128174,0.265507864029388,0.113475320068391,-0.132176321098786
0.336524670981329,0.434639135798548,0.420764154926606,0.280538849170932,0.0981144648172192,-0.140225305755675
0.391057023492259,0.393417896628804,0.441117693503865,0.34157118075942,0.00236087313654493,-0.0995465127444449
0.385660668057217,0.335475632668019,0.405871546508253,0.297274426377574,-0.0501850353891979,-0.108597120130679
0.400865254671806,0.358945416160048,0.373194002532467,0.40519260263282,-0.0419198385117581,0.0319986001003533
0.397134332995929,0.609405991391327,0.404159691202418,0.327914938736484,0.212271658395397,-0.0762447524659334
0.372229987216231,0.496568910036306,0.426637950146576,0.347293405849226,0.124338922820075,-0.07934454429735
0.304496450094076,0.428814072692158,0.418355169661657,0.200925742617509,0.124317622598082,-0.217429427044148
0.391413574286782,0.390188829240161,0.360182344702933,0.375678058685667,-0.00122474504662035,0.0154957139827345
0.400336750425474,0.329733354541126,0.485229079348869,0.34694722291293,-0.0706033958843478,-0.138281856435939
0.376826678207716,0.341523569119188,0.39403176777622,0.30482360329809,-0.035303109088528,-0.0892081644781296
0.406779317515911,0.413953944896383,0.469361221303611,0.359807745155685,0.00717462738047181,-0.109553476147926
0.370800198555405,0.339015035281523,0.411168912438486,0.322812621456027,-0.0317851632738816,-0.0883562909824591
0.418971225666176,0.370678160807826,0.30752876289488,0.371833525952357,-0.0482930648583496,0.0643047630574765
0.379982863448522,0.384894030344826,0.38896134565837,0.373402970391704,0.00491116689630439,-0.015558375266666
0.453441605730376,0.452348346001748,0.383058074220279,0.324851021631863,-0.00109325972862828,-0.0582070525884164
0.483898109602676,0.450098706462345,0.436901704754139,0.260059392983404,-0.0337994031403309,-0.176842311770736
0.452361060974593,0.432529647689592,0.416744909460523,0.254602085202801,-0.0198314132850013,-0.162142824257722
0.417658272285262,0.399488598860786,0.368863036472036,0.325569996160426,-0.0181696734244758,-0.0432930403116099
0.42771341411175,0.383757297059389,0.358728074269188,0.332252588332235,-0.0439561170523609,-0.0264754859369522
0.376267429134235,0.472995011293673,0.288303519587577,0.243501731544964,0.0967275821594386,-0.044801788042613
0.412900584776216,0.463923682126458,0.416289587763913,0.320003132451546,0.0510230973502421,-0.0962864553123677
0.421626058214093,0.453468960385277,0.441651229103736,0.312446918297908,0.0318429021711841,-0.129204310805828
0.374575681203197,0.384778280412041,0.404778130935419,0.296082662967629,0.0102025992088439,-0.10869546796779
0.447592424583098,0.351567482621493,0.241497817636893,0.316528820291348,-0.096024941961605,0.075031002654455
0.285668124769694,0.383251641708325,0.361567351603175,0.296928714412192,0.0975835169386312,-0.0646386371909837
0.414145922652606,0.386403858965612,0.395983721912736,0.367861092775348,-0.0277420636869934,-0.0281226291373888
0.379830607167332,0.387714124126585,0.42076139191838,0.305337063042621,0.0078835169592531,-0.115424328875759
0.371457230875654,0.505136996811128,0.346561058785725,0.380236137056535,0.133679765935474,0.0336750782708105
0.396958393233226,0.438800942607872,0.271604944322012,0.32267504997145,0.0418425493746457,0.0510701056494383
0.423031970223899,0.440884030348076,0.326798673526116,0.37786810546084,0.0178520601241767,0.051069431934724
0.496739550649316,0.35342047065557,0.398097148032696,0.381592687670239,-0.143319079993746,-0.0165044603624567
0.39041547468102,0.402531661469261,0.358402295934001,0.440739992447968,0.0121161867882413,0.0823376965139662
0.397805914878884,0.482606188997999,0.420925491392419,0.364835870486811,0.0848002741191146,-0.0560896209056082
0.438837808686993,0.447268158786461,0.416494598305482,0.363527848929246,0.00843035009946808,-0.0529667493762361
0.406537544343825,0.462100826765221,0.46892041352923,0.364366834616331,0.055563282421396,-0.104553578912899
0.405762930005814,0.428795720974592,0.417022247636407,0.36452696104012,0.0230327909687783,-0.0524952865962864
0.371252911303965,0.363863201717543,0.382728706956876,0.345596859637781,-0.00738970958642227,-0.0371318473190945
0.400140033483466,0.374872171928171,0.429189793204338,0.399985530742709,-0.0252678615552954,-0.0292042624616288
0.382346161412245,0.367170198061765,0.335560217566823,0.386175957417929,-0.0151759633504797,0.0506157398511063
0.460176002996628,0.438298995745323,0.425960900693573,0.381555926371419,-0.0218770072513053,-0.0444049743221547
0.424435529669048,0.502389734903633,0.399609565234705,0.396006540201603,0.0779542052345852,-0.00360302503310184
0.416043767164431,0.38452588630584,0.41529441655158,0.344189022279325,-0.0315178808585908,-0.0711053942722549
0.41429954563454,0.420967307819132,0.331453781031888,0.364160870580989,0.00666776218459147,0.0327070895491013
0.40279400789343,0.384971266091085,0.382684525437065,0.307191840498489,-0.0178227418023452,-0.0754926849385755
0.34439680481813,0.381748530785741,0.343441902222911,0.287314241100507,0.0373517259676117,-0.0561276611224045
0.402411195524732,0.366125378267228,0.350865426707321,0.352117345778592,-0.0362858172575048,0.00125191907127126
0.41826621949552,0.376707491815283,0.353310542001238,0.289355217348852,-0.0415587276802369,-0.0639553246523852
0.451195167690308,0.419068823104378,0.380303473073533,0.349853008041552,-0.0321263445859301,-0.0304504650319811
0.366942566170311,0.393699610062519,0.36880914551526,0.339097918124,0.0267570438922078,-0.0297112273912599
0,0,0.359113513126209,0.363909383123931,0,0.00479586999772141
0.345251167039587,0.333498849346185,0.38139632025727,0.319676139825565,-0.0117523176934017,-0.0617201804317051
0.327743659699016,0.422598301867003,0.398886977625234,0.257596662316805,0.0948546421679875,-0.141290315308429
0.333615889738353,0.425606409732176,0.426401972068546,0.280538849170932,0.0919905199938237,-0.145863122897614
0.379012839091644,0.39712063925514,0.416794703132249,0.345493985307612,0.0181078001634961,-0.0713007178246371
0.385852623159148,0.336208701204932,0.390453527724281,0.293435666717736,-0.0496439219542158,-0.0970178610065449
0.40901563218156,0.344595833684612,0.36457872418351,0.409154513976888,-0.0644197984969482,0.0445757897933776
0.388947610546243,0.609405991391327,0.401980908394799,0.327501476970299,0.220458380845083,-0.0744794314245005
0.379897664450765,0.496568910036306,0.432726057829533,0.352742809505033,0.116671245585541,-0.0799832483244995
0.308540867929674,0.416890425407432,0.425098598229935,0.207552385876307,0.108349557477758,-0.217546212353628
0.396564219421187,0.377113301658384,0.346098354805713,0.376679811865056,-0.0194509177628023,0.0305814570593431
0.404408353167024,0.310436448498748,0.485229079348869,0.348966749951436,-0.0939719046682765,-0.136262329397434
0.375155790873316,0.339927182746356,0.399730291190904,0.30482360329809,-0.0352286081269599,-0.0949066878928138
0.40522753795861,0.404486502085208,0.456224496336441,0.363618616026171,-0.00074103587340224,-0.0926058803102691
0.378230163656505,0.340380357289468,0.409561543114638,0.32522947447651,-0.0378498063670368,-0.0843320686381279
0.41783241294663,0.375950521121928,0.304926898389527,0.370388116435069,-0.0418818918247021,0.0654612180455412
0.386597146986801,0.389943399632946,0.396692792368384,0.352985789120881,0.00334625264614452,-0.043707003247503
0.460843366613707,0.459323986174385,0.389639129802004,0.318248235811513,-0.00151938043932259,-0.0713908939904914
0.483898109602676,0.453193432189676,0.444030158774897,0.264401328689288,-0.0307046774129994,-0.179628830085609
0.452361060974593,0.421159952295886,0.416332212676175,0.258336323904288,-0.0312011086787072,-0.157995888771887
0.426064066629685,0.404838759109713,0.37503996431952,0.329474411440405,-0.0212253075199723,-0.0455655528791152
0.435163210590642,0.376350002333276,0.364310356294941,0.33600737829402,-0.0588132082573658,-0.0283029780009209
0.380239982911484,0.460962901829033,0.296908740536231,0.243501731544964,0.0807229189175495,-0.0534070089912669
0.418206316173277,0.455315857365135,0.405656740630906,0.309920768980131,0.0371095411918581,-0.0957359716507754
0.425698816246561,0.444359252654872,0.44544498744575,0.314868137251378,0.0186604364083111,-0.130576850194372
0.379343200895861,0.371530670208687,0.412467807083376,0.291005441776125,-0.00781253068717447,-0.121462365307251
0.447592424583098,0.351567482621493,0.241497817636893,0.316528820291348,-0.096024941961605,0.075031002654455
0.285668124769694,0.386791398110197,0.363658000250626,0.304555203679543,0.101123273340503,-0.0591027965710826
0.414145922652606,0.387664338157594,0.398878914703622,0.377758784535355,-0.0264815844950116,-0.0211201301682669
0.381766182871986,0.391628851326979,0.419257892507791,0.299428707885404,0.00986266845499234,-0.119829184622386
0.371457230875654,0.505136996811128,0.335840876736323,0.369459352296629,0.133679765935474,0.0336184755603059
0.379444635021123,0.380791275298223,0.301361289384269,0.413752147106094,0.00134664027709991,0.112390857721824
0.406260941621545,0.368159253521666,0.364040188826562,0.389727307750294,-0.0381016880998781,0.0256871189237313
0.331091341070117,0.41705397567501,0.388353397412957,0.384194777906999,0.0859626346048923,-0.00415861950595803
0.232486190798823,0.331012315308609,0.291309813793355,0.335425196774493,0.0985261245097856,0.0441153829811378
0.473897344062556,0.360481159013078,0.270573982085725,0.374615596345594,-0.113416185049479,0.104041614259869
0.387322103058846,0.361499340827746,0.267550889981538,0.378562711795869,-0.0258227622310999,0.111011821814331
0.478442192604118,0.471354039561441,0.197829863981449,0.335417242378929,-0.00708815304267696,0.13758737839748
0.373662102433595,0.392598879578649,0.232203392854315,0.341191854863031,0.0189367771450534,0.108988462008715
0.283882427395281,0.38603596834269,0.33523345254654,0.310057698106968,0.102153540947409,-0.0251757544395724
0.324360774934674,0.316039291210119,0.254246766232817,0.326631823339118,-0.00832148372455455,0.0723850571063009
0.317307745076077,0.540922159216826,0.346828750933241,0.342562627897295,0.223614414140749,-0.0042661230359462
0.526026717535604,0.430568457353872,0.256418554820645,0.359745926452378,-0.0954582601817319,0.103327371631733
0.51112715275907,0.427260079492816,0.357023828294728,0.348132513767154,-0.0838670732662539,-0.00889131452757475
0.423637687491603,0.434394058848583,0.182879070494879,0.386639293486914,0.0107563713569793,0.203760222992034
0.392731334652813,0.400088229373616,0.179485479499719,0.364771972481677,0.00735689472080309,0.185286492981957
0.326722122510496,0.36432778627494,0.260969011762423,0.36643265029066,0.0376056637644436,0.105463638528237
0.302970819680256,0.300382880629581,0.321783820864525,0.317331008808209,-0.00258793905067556,-0.00445281205631692
0.310486571569929,0.300983250659943,0.320587350132259,0.359717088122557,-0.00950332090998518,0.0391297379902976
0.461977810472433,0.378875570245677,0.24512746122837,0.333765325021541,-0.0831022402267554,0.0886378637931705
0.320689499462652,0.448303530571218,0.371184444326821,0.376920110020156,0.127614031108566,0.00573566569333556
0.417771469308393,0.353547015464454,0.336360865010374,0.491399200929541,-0.0642244538439396,0.155038335919166
0.274791956392122,0.345695741828625,0.227803760606236,0.462248159957904,0.0709037854365027,0.234444399351668
0.329467886743132,0.344998274552058,0.386628967869528,0.39074284754348,0.0155303878089253,0.00411387967395244
0.258687823981738,0.421987273412146,0.177664219014453,0.399712836130583,0.163299449430407,0.22204861711613
0.333368471305007,0.376311234785808,0.241351234276218,0.362645309552171,0.0429427634808004,0.121294075275953
0.322656614698527,0.431063260031537,0.262518056866577,0.335571260015729,0.10840664533301,0.0730532031491516
0.214559909542665,0.398197105777512,0.397334458597591,0.360460129197444,0.183637196234848,-0.0368743294001468
0.299377654513742,0.358265997567518,0.403378174592688,0.33297654928873,0.0588883430537759,-0.0704016253039574
0.280617525233406,0.371355002973854,0.280186015748464,0.462911453440978,0.0907374777404474,0.182725437692514
0.26230890213242,0.359136166774763,0.232311113657457,0.400084602014117,0.096827264642343,0.16777348835666
0.527782506000139,0.229733502204837,0.289491475680891,0.370248022681824,-0.298049003795302,0.0807565470009332
0.270496524460446,0.358818687385655,0.28448463962384,0.37845136355335,0.0883221629252087,0.0939667239295099
0.28353310673727,0.388239343079639,0.29969539806685,0.422403364838209,0.104706236342369,0.122707966771359
0.256011257780095,0.363194655941123,0.299323386523923,0.384199747817726,0.107183398161029,0.0848763612938026
0.361567306158413,0.338930338333155,0.410822158150581,0.414300796935692,-0.0226369678252573,0.00347863878511101
0.374999814288988,0.408188806757123,0.408191385053196,0.37211227451561,0.0331889924681347,-0.0360791105375859
0.403820886745097,0.490412489697349,0.365123028141289,0.410400766114664,0.0865916029522519,0.0452777379733752
0.402703348137927,0.407301668275621,0.378434394388226,0.353710992048552,0.00459832013769362,-0.0247234023396741
0.401072808858806,0.377815596696199,0.15988297736253,0.342895888903363,-0.0232572121626062,0.183012911540833
0.435711541122458,0.472202012172319,0.268755088944878,0.254782899747903,0.0364904710498611,-0.0139721891969753
0.366112647990514,0.442680381386742,0.3592256568457,0.393973851384265,0.0765677333962282,0.0347481945385659
0.50847691723878,0.406368434862169,0.195236302628253,0.364712332014941,-0.102108482376611,0.169476029386689
0.479636335988383,0.382145558852035,0.284838882480968,0.343118500728185,-0.0974907771363475,0.0582796182472168
0.395638567619507,0.48462506009665,0.14206032473163,0.458705319609266,0.0889864924771425,0.316644994877636
0.395656916699601,0.460804381090008,0.364031595000265,0.319133952340269,0.0651474643904069,-0.0448976426599965
0.455809089137019,0.485947166476202,0.319399975867071,0.296346981963505,0.0301380773391832,-0.0230529939035666
0.222707594206335,0.294297638730081,0.231082900744699,0.359912145347418,0.0715900445237462,0.128829244602719
0.312310311054972,0.242781176216477,0.265666528557999,0.389533549000141,-0.0695291348384958,0.123867020442142
0.226460281595999,0.218660008603105,0.323215799882455,0.546785120768874,-0.00780027299289351,0.223569320886419
0.246602728856384,0.332120928125621,0.30373534208471,0.277759061923242,0.0855181992692371,-0.0259762801614685
0.310755165637684,0.392278754835017,0.328860738063623,0.251974586761689,0.0815235891973327,-0.0768861513019344
0.429020881680234,0.310676171501151,0.211960910575167,0.27064036306005,-0.118344710179083,0.0586794524848826
0.387630995630937,0.386093702811715,0.305144310357515,0.416652773288745,-0.00153729281922227,0.11150846293123
0.411031822461444,0.368159253521666,0.327735912899934,0.391131070528701,-0.0428725689397774,0.0633951576287666
0.342768880329579,0.41705397567501,0.359891242616032,0.386127770714685,0.074285095345431,0.0262365280986534
0.241285542336388,0.333602971091128,0.29263776666293,0.330281123816332,0.0923174287547397,0.0376433571534023
0.475857446428749,0.36341703063189,0.263125994480309,0.368395342529428,-0.112440415796859,0.105269348049119
0.390165334461033,0.365868125320154,0.273015887646273,0.374103635943981,-0.0242972091408791,0.101087748297708
0.480457762455644,0.473985566774425,0.201857998264733,0.338474431126224,-0.00647219568121882,0.136616432861491
0.377294004968921,0.38641660854224,0.22475934923911,0.348989439895266,0.00912260357331951,0.124230090656157
0.277567327109512,0.388794665523293,0.336772846454232,0.309466477211222,0.11122733841378,-0.0273063692430099
0.316484446164576,0.318560869669365,0.25576483692362,0.333014633023335,0.00207642350478959,0.077249796099715
0.325212920064827,0.540922159216826,0.347562828456167,0.32477314868709,0.215709239151999,-0.0227896797690774
0.503573194017977,0.43512989330981,0.260572289156205,0.342882356688818,-0.0684433007081672,0.0823100675326133
0.51112715275907,0.425309373173399,0.339739786112021,0.351921759877802,-0.0858177795856701,0.0121819737657816
0.402834404343189,0.437098036664965,0.18644722773337,0.391740784802384,0.0342636323217751,0.205293557069014
0.373795230280436,0.403369170937059,0.177905846308266,0.363486024282126,0.0295739406566225,0.18558017797386
0.321193944799801,0.358153704195553,0.262778268728287,0.375344891012744,0.0369597593957516,0.112566622284457
0.306178739773377,0.307737044311543,0.324027257872244,0.319393192273973,0.00155830453816658,-0.00463406559827173
0.31369920910472,0.287083368091035,0.322839657411779,0.352154008154593,-0.0266158410136845,0.0293143507428144
0.464985587446446,0.383757997350555,0.245575398662577,0.33799263196441,-0.0812275900958913,0.0924172333018325
0.328260040817121,0.432974741733204,0.354408282257013,0.375651660241269,0.104714700916083,0.021243377984256
0.417771469308393,0.35833101424088,0.308007598104544,0.491399200929541,-0.0594404550675133,0.183391602824997
0.272504522297659,0.345695741828625,0.229616400993736,0.466451962400763,0.0731912195309662,0.236835561407027
0.33184005734759,0.347691131960037,0.388970948789179,0.381134452783719,0.0158510746124471,-0.00783649600546027
0.265222084450099,0.397853008595881,0.181433417308121,0.413361200003617,0.132630924145782,0.231927782695496
0.337048772246996,0.381689924451447,0.23038065327021,0.370869817607029,0.0446411522044504,0.14048916433682
0.327861908864218,0.436425644752267,0.24944794228927,0.343802035045646,0.10856373588805,0.0943540927563759
0.207356264908083,0.405898126113668,0.375959736368938,0.360460129197444,0.198541861205585,-0.0154996071714937
0.302653738201958,0.361856827240796,0.405039795462158,0.336465924779451,0.0592030890388384,-0.0685738706827079
0.287620048302351,0.364770594184923,0.281690578488402,0.447121455933153,0.0771505458825724,0.165430877444752
0.262235544508717,0.356001722854066,0.233401543878488,0.40231252504585,0.0937661783453496,0.168910981167362
0.527782506000139,0.229733502204837,0.292182077934666,0.382010524500682,-0.298049003795302,0.0898284465660162
0.279695650570191,0.339049494344573,0.270482615955107,0.358368950073977,0.0593538437743814,0.0878863341188705
0.282768265633189,0.394886378453727,0.28573726475134,0.428318059338986,0.112118112820538,0.142580794587645
0.261566699830652,0.371083909716717,0.288613728898492,0.380411803873127,0.109517209886065,0.0917980749746349
0.36533850002935,0.341521011143323,0.389875565732744,0.389060921479785,-0.0238174888860271,-0.00081464425295863
0.376809325719958,0.412788933283796,0.411321582208915,0.373788386183323,0.035979607563838,-0.0375331960255922
0.408474936293329,0.493934188315861,0.367661468995423,0.412076013244981,0.0854592520225322,0.0444145442495587
0.391748808272976,0.378192293236844,0.379491112017009,0.352344818984532,-0.0135565150361322,-0.027146293032477
0.40578055303571,0.381742849889622,0.151670514186287,0.349057095078671,-0.024037703146088,0.197386580892383
0.441312768258882,0.453324560443374,0.263006106856413,0.263818416029438,0.0120117921844924,0.000812309173024939
0.353544593217489,0.445774292022012,0.34069868943388,0.398655647092119,0.0922296988045229,0.0579569576582391
0.51089612480587,0.412185531844665,0.19673552108587,0.371246344262201,-0.0987105929612054,0.17451082317633
0.481760059672965,0.387459263781032,0.286255050589593,0.349180079333882,-0.0943007958919335,0.0629250287442896
0.401163313138492,0.465881658700973,0.137109217871729,0.458705319609266,0.0647183455624815,0.321596101737536
0.383513506867719,0.452632250816552,0.34028928038318,0.294465421404763,0.069118743948833,-0.0458238589784172
0.434155175000096,0.42272781970636,0.323333903377502,0.299703150722145,-0.0114273552937362,-0.0236307526553577
0.222707594206335,0.308717435571823,0.208064657210906,0.364423004983742,0.0860098413654879,0.156358347772836
0.333162984167652,0.242781176216477,0.268597448448681,0.394478334245372,-0.0903818079511755,0.12588088579669
0.238484701349913,0.230308125608466,0.327307209883218,0.546785120768874,-0.0081765757414477,0.219477910885656
0.254792306427097,0.341124160400729,0.276557127858454,0.27185815211215,0.0863318539736327,-0.0046989757463039
0.303063989521621,0.398035425221048,0.334249849154402,0.248354416516948,0.0949714356994268,-0.0858954326374546
0.447025548425154,0.303117771907635,0.215265073576143,0.27064036306005,-0.143907776517519,0.0553752894839064
0.38947823712391,0.394186861666729,0.305924831156466,0.419522838938396,0.00470862454281845,0.113598007781931
0.418155196970676,0.366129559344096,0.329149399246504,0.395078992994911,-0.0520256376265805,0.0659295937484067
0.316834569871761,0.435346432457031,0.366091299370965,0.39383326693381,0.11851186258527,0.0277419675628445
0.200216083296707,0.340170694935687,0.296840536712992,0.327392341832166,0.13995461163898,0.0305518051191746
0.462045112276073,0.364088374399169,0.251036174103806,0.372602509316589,-0.097956737876904,0.121566335212783
0.393093990215185,0.37271919590175,0.273015887646273,0.378675635786679,-0.0203747943134352,0.105659748140406
0.483572381417582,0.481343643114894,0.203345663193876,0.329255188588663,-0.00222873830268788,0.125909525394787
0.374634342074602,0.384707330104594,0.227443642172201,0.353706271281821,0.0100729880299913,0.12626262910962
0.282245937934935,0.401993783463228,0.341573592610768,0.311411298744889,0.119747845528294,-0.0301622938658784
0.319420688424122,0.31411774394799,0.243450041382181,0.340479899364343,-0.00530294447613211,0.097029857982162
0.328098223246228,0.540922159216826,0.352104518569925,0.327237666592721,0.212823935970598,-0.0248668519772035
0.509216460288665,0.388098372167686,0.261935401195718,0.342474597789483,-0.121118088120979,0.0805391965937653
0.514386001241753,0.434494740088565,0.339739786112021,0.355615280523733,-0.0798912611531874,0.0158754944117126
0.408055010531521,0.4278568308852,0.173672724314837,0.389156345052739,0.0198018203536797,0.215483620737902
0.379724557539597,0.410470388878084,0.175117893090625,0.370190161689457,0.0307458313384866,0.195072268598833
0.326137178163368,0.363167886098735,0.265792549940648,0.362922662130994,0.0370307079353672,0.0971301121903462
0.309137140855021,0.31138868005617,0.30584531544605,0.322782114207483,0.0022515392011489,0.0169367987614332
0.319033360984004,0.289624567287678,0.312720994282784,0.359064610515573,-0.0294087936963262,0.0463436162327887
0.452564861048783,0.377940402371348,0.239581877593618,0.344813756519524,-0.0746244586774352,0.105231878925906
0.332198840866068,0.44549835653809,0.36007747347616,0.355379956723455,0.113299515672021,-0.00469751675270497
0.397069866012616,0.350398513821679,0.309310466477043,0.478670104440943,-0.0466713521909373,0.1693596379639
0.27803684862107,0.357640345010961,0.227515613759106,0.47067611882895,0.0796034963898905,0.243160505069844
0.336388418197693,0.355363215448757,0.375888109277319,0.378167769321343,0.0189747972510643,0.00227966004402458
0.264318730035445,0.399904140666474,0.18187264171062,0.408144418777815,0.135585410631029,0.226271777067195
0.335634829291505,0.387620768956303,0.231052921030814,0.341507828241467,0.0519859396647976,0.110454907210652
0.333211099507131,0.439828749936791,0.242804866766524,0.317430289398997,0.10661765042966,0.0746254226324738
0.212324815589344,0.413239216565361,0.356029653436818,0.367237298190202,0.200914400976017,0.0112076447533839
0.300505035081631,0.374975572408301,0.411347706420574,0.334754514480769,0.0744705373266707,-0.0765931919398051
0.295251999244951,0.353047561702746,0.284627400447457,0.451225397020238,0.0577955624577945,0.166597996572781
0.261091036245789,0.359204011665435,0.235273476629669,0.404164847762051,0.0981129754196454,0.168891371132383
0.527782506000139,0.229733502204837,0.295860393769205,0.382010524500682,-0.298049003795302,0.0861501307314779
0.282750697027506,0.34920021454128,0.275691839452375,0.346773862015372,0.0664495175137743,0.0710820225629969
0.287152247972965,0.395354087249354,0.262498948295895,0.428318059338986,0.108201839276389,0.16581911104309
0.264374747569765,0.371989383380219,0.282712588995152,0.38422269293363,0.107614635810454,0.101510103938478
0.356248846028553,0.344956284863425,0.33464828678374,0.388213907395413,-0.0112925611651273,0.0535656206116729
0.38405341727304,0.404058042153743,0.414319218430386,0.377907731344761,0.0200046248807031,-0.0364114870856244
0.380788286711155,0.48052600965106,0.373938107394137,0.416804647552297,0.0997377229399054,0.0428665401581605
0.38728581139814,0.371407844365901,0.35035246655881,0.35789819110254,-0.0158779670322397,0.0075457245437297
0.411933844617527,0.386446899214235,0.146543881761539,0.340381462410894,-0.0254869454032919,0.193837580649355
0.4235499273648,0.457810637406028,0.264805469300365,0.2667528262976,0.0342607100412276,0.00194735699723508
0.352066051773207,0.454135291676395,0.343635819232291,0.392566066117369,0.102069239903188,0.0489302468850784
0.490333676461399,0.418206050876222,0.199561340563424,0.376576927772596,-0.0721276255851772,0.177015587209172
0.463123266510881,0.393447020394593,0.290049030416528,0.344430450161348,-0.0696762461162887,0.0543814197448201
0.40360219833605,0.457645129476342,0.134757034063705,0.458705319609266,0.0540429311402922,0.323948285545561
0.38847527359257,0.455808519542045,0.341384706441185,0.301117792128887,0.0673332459494753,-0.040266914312298
0.430193223065477,0.419378708984504,0.324646736388568,0.310030818378032,-0.0108145140809725,-0.0146159180105366
0.222707594206335,0.30124034704891,0.210412776087211,0.353906125290473,0.0785327528425751,0.143493349203262
0.25337566603603,0.242781176216477,0.255677598143199,0.387873085559894,-0.0105944898195532,0.132195487416696
0.243662744862676,0.230308125608466,0.328708487957324,0.418646382331462,-0.0133546192542103,0.089937894374138
0.251058025810503,0.349443371609901,0.278189613500649,0.285438460607886,0.0983853457993978,0.00724884710723678
0.309123209181718,0.401162506978885,0.315074153010087,0.248506251450795,0.0920392977971671,-0.0665679015592921
0.447025548425154,0.314819846209105,0.21212463770344,0.293537478909109,-0.132205702216048,0.0814128412056682
0.390952720167196,0.400512177550716,0.307030519170489,0.422465738685201,0.00955945738351976,0.115435219514713
0.415977907093527,0.370898936154412,0.329149399246504,0.404266505956397,-0.0450789709391149,0.0751171067098934
0.324411643661814,0.435346432457031,0.331595943246357,0.364571031353516,0.110934788795217,0.0329750881071587
0.208159871699721,0.343032047986281,0.291939656284462,0.319051038865619,0.13487217628656,0.0271113825811576
0.463076158281968,0.359619538972683,0.239317356865125,0.37019915564298,-0.103456619309286,0.130881798777856
0.351478193597542,0.379214816837004,0.274080780492506,0.354879902591617,0.0277366232394621,0.0807991220991103
0.484576275964346,0.466403327470205,0.20567688725318,0.320981814834378,-0.0181729484941408,0.115304927581197
0.377968098886356,0.378867170188152,0.212717969354284,0.357715857458759,0.000899071301796006,0.144997888104475
0.287921358086539,0.405585480644132,0.32181880431028,0.316013220695675,0.117664122557593,-0.00580558361460543
0.325021205700348,0.319604236854772,0.234876997582301,0.346085167562406,-0.00541696884557591,0.111208169980105
0.29893129392498,0.540922159216826,0.355998468057944,0.332092207286972,0.241990865291846,-0.0239062607709724
0.51052603567603,0.395390809210055,0.264144521936338,0.343568920092758,-0.115135226465975,0.0794243981564198
0.516054263731734,0.437083849043699,0.341904315484936,0.360078566274854,-0.0789704146880349,0.0181742507899181
0.411035458127786,0.410604435277218,0.16775482364359,0.379202530598862,-0.000431022850568619,0.211447706955272
0.381414810543578,0.414595680601531,0.177954931720902,0.377202182907947,0.0331808700579531,0.199247251187045
0.329069260367973,0.3641436294205,0.26909170546337,0.367658673112543,0.0350743690525268,0.0985669676491735
0.312344068137664,0.316392160444954,0.29733571737086,0.322782114207483,0.00404809230729053,0.0254463968366237
0.324420624267296,0.29263590951134,0.316824866363064,0.356555478556855,-0.0317847147559567,0.0397306121937908
0.454199655676227,0.378597163419974,0.242420828611013,0.351020585220292,-0.0756024922562528,0.108599756609279
0.336122692383113,0.44549835653809,0.362694462987432,0.360549703740392,0.109375664154976,-0.00214475924703994
0.398899727663409,0.34429019461561,0.310817923577312,0.484607277990556,-0.0546095330477989,0.173789354413244
0.283613279074751,0.357640345010961,0.229285497049003,0.436096213603187,0.0740270659362095,0.206810716554183
0.343743255535477,0.357796605153615,0.356497677849836,0.385349135980521,0.0140533496181386,0.0288514581306851
0.26502875204384,0.404428653976218,0.179335279754136,0.413921852091874,0.139399901932378,0.234586572337737
0.326955217472435,0.383045442434242,0.234041331488301,0.345929320951637,0.0560902249618068,0.111887989463336
0.324021709996674,0.433286964019788,0.239425898243862,0.320223038824032,0.109265254023113,0.0807971405801693
0.220466684075148,0.419047335513729,0.333688625095972,0.367237298190202,0.198580651438581,0.0335486730942298
0.292474531061768,0.374975572408301,0.414099492818673,0.335775171333572,0.082501041346533,-0.0783243214851006
0.280087105953869,0.356012874620299,0.288140843200306,0.440095321672674,0.0759257686664306,0.151954478472367
0.27201368427677,0.347656449708137,0.238410771710963,0.389569630472661,0.0756427654313675,0.151158858761698
0.527782506000139,0.229733502204837,0.297222877397675,0.382010524500682,-0.298049003795302,0.0847876471030075
0.289458473876916,0.3432580868176,0.268133141637603,0.338529192101644,0.053799612940684,0.0703960504640409
0.290877803220136,0.398293911459184,0.266325613063356,0.428318059338986,0.107416108239048,0.16199244627563
0.273009926868597,0.376132579246705,0.276169843191261,0.392381668906372,0.103122652378108,0.116211825715111
0.341829749390688,0.350004769074623,0.337083410254751,0.381666027250084,0.00817501968393525,0.0445826169953337
0.384974586276093,0.409371837823013,0.416745936037205,0.372383861257181,0.0243972515469192,-0.0443620747800238
0.350329847996775,0.473442318108914,0.359203930693196,0.421358174939044,0.123112470112139,0.0621542442458474
0.38917732758615,0.376910429589542,0.352721810985945,0.357353173725813,-0.0122668979966073,0.00463136273986825
0.413612347200085,0.388395195829998,0.146018422247047,0.342879508067526,-0.0252171513700872,0.196861085820479
0.425389049751327,0.46415998958614,0.254012019299418,0.266807061275719,0.038770939834813,0.0127950419763008
0.355826968338884,0.457041787287114,0.345152824247395,0.39620835708754,0.10121481894823,0.0510555328401447
0.492313420024348,0.424730545301787,0.194321028973233,0.382187551940292,-0.0675828747225613,0.18786652296706
0.440516895666955,0.399443905180797,0.281259343720667,0.351168161693674,-0.0410729904861581,0.069908817973007
0.405640604289524,0.464425520384712,0.127839805117511,0.458705319609266,0.058784916095188,0.330865514491754
0.389195884161428,0.4360713291182,0.342983371469126,0.303100951170858,0.0468754449567718,-0.0398824202982676
0.431256037907101,0.424293720092492,0.326557308387524,0.310030818378032,-0.00696231781460921,-0.0165264900094926
0.233571723991229,0.305791239178211,0.197870743333867,0.361222810023901,0.0722195151869826,0.163352066690033
0.268840505130159,0.242781176216477,0.256924896867526,0.382206296364215,-0.0260593289136827,0.12528139949669
0.243662744862676,0.230308125608466,0.313910175157679,0.418646382331462,-0.0133546192542103,0.104736207173783
0.24238119261785,0.349443371609901,0.279263236380536,0.285438460607886,0.107062178992051,0.00617522422735045
0.297145473793573,0.390534766903429,0.292260980353294,0.247238981448287,0.0933892931098558,-0.0450219989050068
0.447025548425154,0.310754491897747,0.213932093159768,0.293537478909109,-0.136271056527407,0.079605385749341
0.395257469532094,0.402620478361827,0.307030519170489,0.429998349288185,0.00736300882973273,0.122967830117697
0.41490508014742,0.374374845286444,0.334594682551586,0.41001804035135,-0.0405302348609768,0.0754233577997639
0.324411643661814,0.420091818960185,0.319827365010347,0.36769704482837,0.095680175298371,0.0478696798180223
0.230065198919704,0.334249961803804,0.295704851199579,0.326964926774715,0.1041847628841,0.031260075575136
0.466971205420349,0.363335112915654,0.228240991541009,0.368579884585949,-0.103636092504695,0.14033889304494
0.346923879429401,0.381139368033958,0.274080780492506,0.348220569221811,0.0342154886045568,0.0741397887293047
0.467855874572042,0.442827245401555,0.207319524590282,0.32723319583954,-0.0250286291704869,0.119913671249258
0.383427504884518,0.381310515750583,0.19741717159449,0.356145568593085,-0.0021169891339346,0.158728396998595
0.288093002077606,0.405895842687247,0.280031886277243,0.319437535164753,0.117802840609641,0.0394056488875095
0.330029390293952,0.328744002744447,0.237079120412166,0.32696803552032,-0.00128538754950497,0.0898889151081537
0.300679866190345,0.557312776928239,0.360048118482139,0.332500539310359,0.256632910737894,-0.0275475791717797
0.473728122526064,0.398015043115812,0.253044383649153,0.340558509934862,-0.0757130794102518,0.0875141262857093
0.517970294392219,0.43979385116944,0.321997806754932,0.359241047001454,-0.0781764432227796,0.0372432402465215
0.416107973815814,0.413511564292043,0.168865968061076,0.377620805131355,-0.00259640952377099,0.208754837070279
0.37810789120106,0.373404888599611,0.180966153248781,0.382971318572109,-0.0047030026014489,0.202005165323327
0.334397699068032,0.367484171845398,0.272708381942732,0.377735429053915,0.0330864727773659,0.105027047111183
0.298014437743433,0.303464353868434,0.283462133191151,0.322782114207483,0.00544991612500179,0.0393199810163323
0.327547751843721,0.301931004142214,0.320273340423238,0.362788818593581,-0.0256167477015069,0.0425154781703434
0.440328997655402,0.381117702752924,0.245321354928649,0.35126809722341,-0.0592112949024777,0.105946742294761
0.343470321485992,0.453503184055299,0.34781757660658,0.365601922634009,0.110032862569307,0.0177843460274284
0.401451816775621,0.346181988427431,0.285425243719825,0.456986105060507,-0.0552698283481894,0.171560861340682
0.285577975732897,0.364552190093741,0.231008724128255,0.414535933019924,0.0789742143608432,0.183527208891669
0.337162214685601,0.365225893120234,0.334667461997123,0.390239803458271,0.028063678434633,0.055572341461148
0.271550359062434,0.407175340870793,0.181603326632127,0.404818490320855,0.13562498180836,0.223215163688727
0.32604514941927,0.359085266424236,0.22634101965596,0.330720165672268,0.033040117004966,0.104379146016308
0.328755446899999,0.407978113070898,0.242510969982554,0.318460607458277,0.0792226661708992,0.0759496374757227
0.214545511459629,0.424913396180268,0.320566750910878,0.374276665039431,0.210367884720638,0.0537099141285531
0.296346709159641,0.356814357903087,0.415846309080839,0.341121973795624,0.0604676487434462,-0.0747243352852148
0.291516761951594,0.362891947172105,0.289526439364303,0.44338310347118,0.0713751852205108,0.153856664106877
0.261249122124003,0.350390227480599,0.235493932802503,0.386113711142501,0.0891411053565956,0.150619778339999
0.527782506000139,0.241917425002603,0.301801845842211,0.382010524500682,-0.285865080997536,0.0802086786584715
0.292379348860055,0.33250180218781,0.250176945304576,0.3446810594169,0.040122453327755,0.0945041141123231
0.297610454761716,0.413197978397269,0.269685601384723,0.396422327426608,0.115587523635553,0.126736726041885
0.260974315715778,0.377941284199716,0.266543561897553,0.398954169521847,0.116966968483938,0.132410607624293
0.345904267576207,0.351942605271877,0.338337302444991,0.385951730187118,0.00603833769567025,0.0476144277421269
0.383110803173781,0.410884441494396,0.417616594643748,0.362468094924303,0.0277736383206146,-0.0551484997194447
0.354510913257897,0.458622555729762,0.360552223297358,0.424377789360093,0.104111642471865,0.0638255660627347
0.380195531317787,0.367035224191541,0.353290662060872,0.363216783618457,-0.0131603071262461,0.00992612155758532
0.418397103718917,0.369850132524914,0.135679340138001,0.332791513559078,-0.048546971194003,0.197112173421077
0.409500943733294,0.440697534079581,0.257232673136288,0.27346518072648,0.0311965903462872,0.0162325075901922
0.361092305404295,0.461943144164652,0.317860654042626,0.403862369553254,0.100850838760357,0.0860017155106277
0.480180504497128,0.426064944320989,0.197174126094051,0.376437133896685,-0.0541155601761392,0.179263007802634
0.444672183030604,0.4006625248128,0.283961361294859,0.35808015862813,-0.0440096582178035,0.074118797333271
0.410834416159506,0.465544348276808,0.116955044733006,0.458705319609266,0.0547099321173025,0.34175027487626
0.391949525154699,0.439629211723288,0.345583840917841,0.307365031855002,0.047679686568589,-0.0382188090628398
0.436111286661768,0.408113134700842,0.326557308387524,0.312920424287261,-0.0279981519609253,-0.0136368841002634
0.233571723991229,0.305791239178211,0.186387844124828,0.365394299106757,0.0722195151869826,0.179006454981929
0.246701694074016,0.242781176216477,0.260810649948507,0.382206296364215,-0.0039205178575395,0.121395646415708
0.249010559542698,0.22740091016894,0.297541557841752,0.418646382331462,-0.021609649373758,0.121104824489709
0.246668947473966,0.372202615891852,0.279956845339982,0.285438460607886,0.125533668417886,0.00548161526790425
0.298925796829422,0.395858513973952,0.294872705251229,0.250183469964925,0.0969327171445301,-0.044689235286304
0.439670587769104,0.321478645854296,0.216194885799494,0.293537478909109,-0.118191941914809,0.0773425931096142
0.390539881047719,0.38858607962384,0.290870908837395,0.404953628471345,-0.00195380142387841,0.11408271963395
0.416691072106208,0.379689066230269,0.334594682551586,0.413540324697591,-0.0370020058759386,0.0789456421460049
0.324411643661814,0.420091818960185,0.32179431089421,0.369570852626406,0.095680175298371,0.0477765417321964
0.219631499923466,0.338415310302941,0.299148539443673,0.313793452129229,0.118783810379475,0.0146449126855557
0.452640224356971,0.345096400333836,0.219158190020314,0.366907620166686,-0.107543824023134,0.147749430146372
0.351500159045961,0.38545950072627,0.252334917218006,0.355686979927594,0.0339593416803085,0.103352062709589
0.472178656793559,0.447863786182838,0.209306152118504,0.328448548466348,-0.0243148706107217,0.119142396347844
0.386644985085134,0.385988458518502,0.194297533427145,0.36504526560824,-0.000656526566631788,0.170747732181095
0.291819732985715,0.395793999089978,0.274656878107966,0.314478628067405,0.103974266104263,0.0398217499594389
0.333951861086522,0.328744002744447,0.238092855155193,0.329199336273589,-0.00520785834207521,0.0911064811183963
0.304202003879047,0.557312776928239,0.363317585122523,0.340751263851798,0.253110773049192,-0.0225663212707244
0.447374860159051,0.38394861567174,0.25543401216065,0.340802432000516,-0.0634262444873119,0.0853684198398655
0.519497512854166,0.432872903371684,0.324703680758362,0.36442081848475,-0.0866246094824824,0.0397171377263881
0.419501353177238,0.405854468397687,0.164903018265486,0.361673084521023,-0.0136468847795511,0.196770066255537
0.36168195881624,0.370381213731979,0.178966121931878,0.387667185120761,0.00869925491573847,0.208701063188883
0.338241880998032,0.37191987176447,0.276178251448225,0.377958989196855,0.0336779907664381,0.101780737748631
0.275207468199919,0.306849935267083,0.285839329674246,0.313012784169404,0.0316424670671633,0.0271734544951588
0.330195272667587,0.306280432531693,0.309164300464149,0.3681039156808,-0.0239148401358941,0.058939615216651
0.443956437512173,0.384842262983074,0.237984250644368,0.358235563387905,-0.0591141745290985,0.120251312743537
0.346673443016225,0.4412292421714,0.351056655187884,0.368282654276453,0.0945557991551749,0.017225999088569
0.393585637291454,0.350773879518469,0.289424512143655,0.441981115005057,-0.0428117577729852,0.152556602861402
0.264541141514004,0.3692946547903,0.234498414912345,0.41735585902886,0.104753513276296,0.182857444116515
0.333879079281843,0.37017209409988,0.338200837018587,0.393821700470849,0.0362930148180366,0.0556208634522622
0.276008006583041,0.411553610137801,0.174548283474683,0.402351182467977,0.13554560355476,0.227802898993294
0.328508322725017,0.353499470403567,0.22859589210957,0.323224630620087,0.02499114767855,0.0946287385105175
0.312044889233828,0.398932546214366,0.244776587060993,0.323409845031594,0.0868876569805375,0.0786332579706011
0.21806438660397,0.431069333061893,0.307915750834028,0.377944075934425,0.213004946457923,0.0700283251003967
0.298720487077035,0.359436467221226,0.418674004429909,0.343975995180812,0.0607159801441911,-0.0746980092490976
0.296513750923138,0.36736616338908,0.27435208838011,0.446628344218748,0.070852412465942,0.172276255838638
0.266939317768898,0.343844547726207,0.226485803877106,0.391200907055441,0.0769052299573096,0.164715103178335
0.340516932383658,0.241917425002603,0.274993498492119,0.392211770270062,-0.098599507381055,0.117218271777943
0.274850603693064,0.337606863362017,0.251732227155112,0.3427619286366,0.0627562596689529,0.0910297014814879
0.291507495940224,0.407088676283815,0.27217988682032,0.404512228732196,0.115581180343591,0.132332341911876
0.259916566164343,0.383291288261393,0.269331175553416,0.402719100190693,0.12337472209705,0.133387924637277
0.348926192471653,0.345425996509264,0.325113924486153,0.385951730187118,-0.00350019596238899,0.060837805700965
0.385946294667927,0.415734400287335,0.382783817845235,0.360943901003522,0.0297881056194082,-0.0218399168417123
0.34415377799092,0.462334498839779,0.348185997812316,0.427420650642747,0.118180720848859,0.0792346528304318
0.366838635035908,0.372662666203591,0.356871146340908,0.359532488374353,0.00582403116768282,0.00266134203344554
0.421773100707496,0.369931666915124,0.134054908036109,0.337270113514751,-0.051841433792372,0.203215205478642
0.412715903892765,0.445769864300649,0.259420648209098,0.274745751630229,0.0330539604078843,0.0153251034211312
0.366060287384257,0.437302321485159,0.321007426564729,0.412057553658588,0.0712420341009019,0.0910501270938584
0.463001990128394,0.420274818645785,0.182703173701871,0.376058196669428,-0.0427271714826092,0.193355022967557
0.447153952437504,0.405060492970007,0.287743101406276,0.365078942668799,-0.0420934594674973,0.077335841262523
0.413448938182509,0.444584844161397,0.12049260832629,0.458705319609266,0.0311359059788878,0.338212711282976
0.394680329484983,0.444786967506952,0.324363792335467,0.308835121500797,0.0501066380219685,-0.0155286708346701
0.425497625721172,0.414546027789612,0.330880716511733,0.318768219812231,-0.01095159793156,-0.0121124966995019
0.221210350854334,0.305791239178211,0.180965618624313,0.368704412164406,0.0845808883238773,0.187738793540094
0.246701694074016,0.242781176216477,0.262696670238267,0.382206296364215,-0.0039205178575395,0.119509626125948
0.249010559542698,0.247208921742661,0.300969365809128,0.418646382331462,-0.00180163780003684,0.117677016522334
0.252023028378171,0.387581935337203,0.283501972755196,0.292998327123724,0.135558906959032,0.0094963543685278
0.301981451249294,0.402481146894155,0.298056410837274,0.256117097117553,0.10049969564486,-0.0419393137197209
0.439670587769104,0.334946897633103,0.199437822721398,0.293537478909109,-0.104723690136001,0.0940996561877107
0.43316136968496,0.479649089896901,0.308356363633162,0.470612976464034,0.046487720211941,0.162256612830873
0.443981625923384,0.523780951762194,0.381243929205227,0.459442160558383,0.0797993258388094,0.0781982313531552
0.161421277508387,0.392861793813242,0.273801362851588,0.531098383524024,0.231440516304855,0.257297020672436
0.183189347489541,0.462589042870886,0.431896436230883,0.407321207677522,0.279399695381345,-0.0245752285533611
0.379297929919649,0.502505415835345,0.44595226342959,0.51493672488021,0.123207485915695,0.0689844614506199
0.415639144356654,0.46136327131676,0.436262492548378,0.468678302390643,0.0457241269601058,0.0324158098422649
0.453222189500725,0.523201460508808,0.407814303351427,0.492558998440881,0.0699792710080825,0.0847446950894536
0.435052112354473,0.400660238156709,0.517736901680705,0.527566828077055,-0.0343918741977639,0.00982992639634983
0.251596070217035,0.384596216801701,0.474108790270579,0.514775651629367,0.133000146584665,0.0406668613587887
0.214607297109235,0.563537635392066,0.417667127501353,0.518057642266968,0.348930338282832,0.100390514765615
0.315873744449865,0.290495352507839,0.443687237479898,0.476525603790646,-0.0253783919420262,0.032838366310748
0.471667062780361,0.555119184950856,0.401878354034104,0.478538299590675,0.0834521221704944,0.0766599455565709
0.496139818298916,0.548921189649899,0.418323470715898,0.498354039558536,0.0527813713509823,0.0800305688426379
0.341638296853069,0.498960594095043,0.380283126168374,0.464067711288861,0.157322297241974,0.0837845851204868
0.306459323925552,0.441422505071994,0.341286362256023,0.42456479276812,0.134963181146442,0.0832784305120975
0.221318721433836,0.346014530003962,0.413120465854593,0.494281688854587,0.124695808570126,0.0811612229999939
0.286377484328005,0.366524853959395,0.444410721241775,0.56591256835193,0.0801473696313897,0.121501847110155
0.230773148288586,0.346589467872684,0.295979630843134,0.449975541344408,0.115816319584098,0.153995910501274
0.408648895937886,0.44286618805753,0.323070572505093,0.293127772301577,0.0342172921196439,-0.0299428002035161
0.235116316583196,0.415811161979397,0.270930692095414,0.262093473992617,0.180694845396201,-0.00883721810279697
0.209991052346697,0.428329139292052,0.247468066395968,0.402147773136456,0.218338086945355,0.154679706740488
0.4902731674869,0.451668256957326,0.419022532198458,0,-0.0386049105295737,-0.419022532198458
0.283664019613433,0.388787836893536,0.250223744515413,0.503155121194816,0.105123817280103,0.252931376679402
0.235797415609631,0.37495674787297,0.479351621338684,0.557470689570743,0.139159332263339,0.0781190682320588
0.261621067136658,0.375318693923031,0.473779780049612,0.512460346888318,0.113697626786374,0.038680566838706
0.224226987007022,0.364735348349469,0.499840136969865,0.510704707930187,0.140508361342447,0.0108645709603227
0.27457829209459,0.363366298388919,0.530053195204033,0.540957899369311,0.0887880062943296,0.0109047041652783
0.220626145999872,0.331673714033463,0.376136139372173,0.448252774736366,0.111047568033591,0.0721166353641935
0.357464080034749,0.465031852368111,0.432417220814995,0.362396835180287,0.107567772333362,-0.0700203856347079
0.292172780151117,0.430259499652628,0.364741067247344,0.285795999031525,0.13808671950151,-0.0789450682158183
0.2468860444969,0.297750859053943,0.287858445179205,0.41364761749821,0.0508648145570429,0.125789172319005
0.297249608714511,0.485089971201902,0.494007322185263,0.568660093402995,0.187840362487391,0.0746527712177326
0.301767049987204,0.320546962887185,0.493234087000235,0.448749070813399,0.0187799128999811,-0.0444850161868356
0.371481610699768,0.522547962130043,0.32107776000964,0.396190655516895,0.151066351430275,0.0751128955072551
0.146561801873155,0.449483542103581,0.442574349328803,0.40933417214417,0.302921740230427,-0.0332401771846325
0.296002149430434,0.515801205098071,0.22411901796222,0.515000233832897,0.219799055667637,0.290881215870676
0.200438509536526,0.420864607190303,0.366319660595725,0.425609255144441,0.220426097653778,0.0592895945487153
0.184226463942923,0.417059796135858,0.503939442426924,0.484332964768343,0.232833332192935,-0.0196064776585804
0.211926804663378,0.425569071897734,0.280638604292088,0.406786306953593,0.213642267234356,0.126147702661505
0.222514179368241,0.424981592441672,0.393073216609374,0.460022810271544,0.202467413073431,0.0669495936621697
0.195109022418494,0.392840403223314,0.279465069160715,0.377901471989319,0.19773138080482,0.0984364028286039
0.321482325569137,0.380977335019321,0.388326408457802,0.49403688926367,0.0594950094501837,0.105710480805868
0.239827450616364,0.398838499226839,0.396173527278587,0.490738893015692,0.159011048610475,0.0945653657371051
0.232786116335441,0.326718859935144,0.428902871427233,0.592406825232361,0.093932743599703,0.163503953805128
0.233433026440964,0.467608241997564,0.410770461898169,0.389788862692498,0.2341752155566,-0.0209815992056713
0.262662291905151,0.465966859305543,0.390329392038277,0.390829714275016,0.203304567400393,0.000500322236738959
0.324601906086708,0.395286175159529,0.288942967526041,0.461479166595539,0.070684269072821,0.172536199069498
0.18063289444776,0.289744188344037,0.273504594584905,0,0.109111293896278,-0.273504594584905
0.264141784202915,0.26133950939997,0.348482206896109,0.471108151990506,-0.00280227480294465,0.122625945094397
0.256595838066262,0.415797919287563,0.302978665944929,0.498542099916761,0.159202081221302,0.195563433971832
0.225298253070446,0.348758254354134,0.333366739835208,0.397221624634139,0.123460001283688,0.0638548847989315
0.101825780470136,0.658613772731387,0.30111234530612,0.470957587172002,0.556787992261251,0.169845241865882
0.435531468987604,0.482786746176048,0.312521548194492,0.455568410919129,0.0472552771884441,0.143046862724637
0.417079221489414,0.518862529579835,0.382194146681411,0.445513416172722,0.101783308090421,0.0633192694913117
0.163193568077877,0.384212174465248,0.273801362851588,0.531098383524024,0.221018606387371,0.257297020672436
0.181638012992543,0.466934254487448,0.437081458865915,0.413427972538478,0.285296241494905,-0.0236534863274377
0.381661710950811,0.507275120555004,0.435862956795331,0.510727299738757,0.125613409604193,0.0748643429434264
0.418093333186228,0.463822347148512,0.440795320941075,0.478088893890426,0.0457290139622833,0.037293572949351
0.455821593927231,0.52603313975824,0.411875290244298,0.484334778864691,0.0702115458310097,0.0724594886203925
0.419308919953631,0.397005510806493,0.52164106340669,0.535730404869418,-0.0223034091471379,0.0140893414627279
0.252718485661273,0.391402367375207,0.478425824881568,0.52392048263105,0.138683881713934,0.0454946577494816
0.216743359978433,0.466836277921994,0.421501259142243,0.50240946662097,0.250092917943561,0.0809082074787275
0.315873744449865,0.290495352507839,0.446325843515494,0.481075525652617,-0.0253783919420262,0.0347496821371226
0.47610283271411,0.5568904016492,0.379795558352831,0.485945776380202,0.0807875689350904,0.106150218027371
0.452782348883954,0.536032285491699,0.423690220571858,0.490766611117524,0.0832499366077453,0.0670763905456663
0.346377862257774,0.486331139414957,0.368474185012412,0.462323671015439,0.139953277157183,0.0938494860030277
0.309999732620386,0.444624773562786,0.338957403909828,0.428369342213133,0.1346250409424,0.089411938303305
0.22446172157918,0.345294735702824,0.417314813630192,0.50402447325985,0.120833014123645,0.0867096596296575
0.26310045072392,0.366524853959395,0.448286955258333,0.556017167550054,0.103424403235475,0.107730212291721
0.212111897996977,0.35062500412454,0.295979630843134,0.441310355989768,0.138513106127562,0.145330725146634
0.414467796841912,0.433578019629154,0.296648836699699,0.293127772301577,0.0191102227872413,-0.00352106439812211
0.237799011338895,0.426371655110761,0.270930692095414,0.262093473992617,0.188572643771866,-0.00883721810279697
0.213786798811757,0.42125864893987,0.240420299327645,0.400361204272104,0.207471850128113,0.159940904944459
0.49490803572446,0.459842292818785,0.419022532198458,0,-0.0350657429056749,-0.419022532198458
0.280726014190358,0.395164192275411,0.250223744515413,0.503155121194816,0.114438178085053,0.252931376679402
0.232248536916205,0.381119545123369,0.469145143473444,0.549122301782877,0.148871008207164,0.0799771583094335
0.258504133389801,0.360379837280023,0.476779039899589,0.520904411441735,0.101875703890221,0.0441253715421456
0.219192450127202,0.339623817257143,0.48745927979226,0.518522437102849,0.120431367129941,0.0310631573105892
0.276412711650519,0.373421957266886,0.531430855018038,0.531587022544765,0.0970092456163669,0.000156167526727091
0.219544629561924,0.338092802138707,0.377088597626621,0.452327611115938,0.118548172576783,0.0752390134893172
0.360777615097032,0.470744179246013,0.385834654080337,0.362396835180287,0.109966564148981,-0.0234378189000503
0.29460426089473,0.43253657048025,0.337308370962138,0.285795999031525,0.13793230958552,-0.051512371930613
0.248583804574144,0.266863959912647,0.294283142824189,0.41364761749821,0.0182801553385029,0.119364474674021
0.288561057080823,0.485089971201902,0.497029758586084,0.575450717932585,0.196528914121079,0.0784209593465013
0.302986241329163,0.307022061856795,0.469882553726097,0.451576373687957,0.00403582052763196,-0.0183061800381407
0.373263038995941,0.50604265497644,0.346197157102974,0.400200892579704,0.132779615980499,0.0540037354767298
0.148946100858858,0.458761526633421,0.447266570028884,0.413195439138316,0.309815425774563,-0.0340711308905677
0.297462671219995,0.489926583531246,0.231755039760679,0.520235372913725,0.192463912311251,0.288480333153046
0.203563243316108,0.429367801584958,0.363390210770402,0.411114921065943,0.22580455826885,0.0477247102955407
0.182478733301642,0.42403079212104,0.507176063949988,0.492268907878654,0.241552058819399,-0.0149071560713337
0.212867942420085,0.43321640044729,0.285047881782025,0.414881295354834,0.220348458027205,0.12983341357281
0.225510807127901,0.404710100794356,0.398098703714629,0.469170222646942,0.179199293666454,0.0710715189323134
0.198325383951482,0.396113408230382,0.290654055744167,0.380782831120137,0.1977880242789,0.0901287753759703
0.297247989489949,0.38625133776358,0.391748811811898,0.503252011219312,0.0890033482736311,0.111503199407415
0.244301692799367,0.404717078515025,0.369305927687474,0.480977943556096,0.160415385715658,0.111672015868623
0.213223266255531,0.326524142309019,0.428902871427233,0.592406825232361,0.113300876053487,0.163503953805128
0.23843225482722,0.400125514795349,0.416003580756798,0.39393791003183,0.161693259968129,-0.0220656707249676
0.252603929242045,0.465966859305543,0.39573966191774,0.389896833365492,0.213362930063498,-0.00584282855224783
0.297828057578613,0.397494719124747,0.29741324106964,0.463343898413883,0.0996666615461341,0.165930657344242
0.173675719193233,0.289744188344037,0.278096504360643,0,0.116068469150804,-0.278096504360643
0.267103053462209,0.26133950939997,0.34835298938013,0.471108151990506,-0.00576354406223872,0.122755162610376
0.260476490559684,0.415797919287563,0.309307598666081,0.498542099916761,0.155321428727879,0.189234501250681
0.228289347880494,0.350493590926848,0.322914554525352,0.406486274568224,0.122204243046353,0.0835717200428712
0.101825780470136,0.658613772731387,0.270128785325716,0.475478721361527,0.556787992261251,0.205349936035811
0.42018122661351,0.47896177315528,0.3145882272356,0.444755320093826,0.0587805465417705,0.130167092858225
0.420558696553223,0.502101979306143,0.377932887115158,0.439393822465026,0.0815432827529201,0.0614609353498686
0.164658859602571,0.394318648404543,0.273801362851588,0.265549191762012,0.229659788801972,-0.00825217108957588
0.186298196422062,0.473836546613197,0.430672274948201,0.409319307449277,0.287538350191134,-0.0213529674989234
0.369378476258386,0.497737274391979,0.439542892007171,0.516941921844761,0.128358798133593,0.0773990298375902
0.420100192645567,0.468465060897847,0.410749804450009,0.483960493355986,0.0483648682522806,0.073210688905977
0.456893584128708,0.532722265531066,0.416960852642838,0.490854124252504,0.0758286814023585,0.0738932716096667
0.402234573783963,0.403839635360948,0.498099301914871,0.540884457872115,0.00160506157698487,0.042785155957244
0.256403473514893,0.402650653067929,0.482711300529259,0.529350189580634,0.146247179553036,0.0466388890513748
0.210253703785031,0.447803819201206,0.425482224497778,0.506250696209022,0.237550115416175,0.0807684717112444
0.318236446357203,0.294390232509291,0.447562867593465,0.483071390725332,-0.0238462138479122,0.0355085231318675
0.478784084831148,0.560478073699324,0.380127441046773,0.490950005697887,0.0816939888681764,0.110822564651115
0.422488750651702,0.526486715007451,0.425949753484352,0.495601799594157,0.103997964355749,0.0696520461098059
0.349599090576508,0.490521387672297,0.373339704122167,0.466976960568183,0.140922297095789,0.0936372564460156
0.293734143182452,0.426829380609915,0.346812275923598,0.42449101315054,0.133095237427463,0.0776787372269421
0.227973222805489,0.352234515961236,0.422290988476738,0.510948514327349,0.124261293155747,0.0886575258506105
0.242620027780136,0.380456249665327,0.426243183315623,0.559662648862488,0.137836221885191,0.133419465546865
0.215527384442787,0.353198191287333,0.297674765983769,0.444211746931816,0.137670806844546,0.146536980948047
0.396418195452466,0.414950378444493,0.284786328543465,0.28095974061331,0.0185321829920272,-0.00382658793015467
0.238191891439289,0.433776101401001,0.270930692095414,0.270886544088307,0.195584209961713,-4.41480071067812e-05
0.206780322036395,0.427613376048356,0.249453740326043,0.383564112125991,0.220833054011961,0.134110371799948
0.496765461339197,0.464660147739353,0.419022532198458,0,-0.0321053135998441,-0.419022532198458
0.282674396757608,0.393770700832053,0.21828387078314,0.503155121194816,0.111096304074445,0.284871250411675
0.236854833625265,0.391615477770189,0.454221377613094,0.553719940407258,0.154760644144924,0.0994985627941644
0.245279676627121,0.365617663094647,0.482084297743654,0.505888315210929,0.120337986467526,0.0238040174672757
0.211960200282755,0.325752378205178,0.490607175921005,0.502658054789457,0.113792177922423,0.0120508788684513
0.280207739114183,0.383527428498972,0.498390226394432,0.533967657671774,0.103319689384789,0.0355774312773426
0.222000036951064,0.330794207876972,0.380883471839631,0.457784001216219,0.108794170925908,0.076900529376588
0.365564772710507,0.476520044063541,0.357286326336803,0.326836728349939,0.110955271353034,-0.0304495979868637
0.299406844175971,0.441046596053282,0.344706296995322,0.171477599418915,0.141639751877311,-0.173228697576406
0.252373115491919,0.283686698663357,0.308830260582489,0.41364761749821,0.031313583171438,0.104817356915721
0.282206592603527,0.435529531853286,0.500152229245164,0.577895131784322,0.153322939249759,0.0777429025391575
0.306416323178938,0.31374908644777,0.471924946002275,0.450269158565389,0.00733276326883175,-0.0216557874368857
0.378568971539933,0.489098046319374,0.32229514978809,0.407919993733468,0.110529074779441,0.0856248439453777
0.148311092096589,0.458496006430614,0.449227935963754,0.418216488540476,0.310184914334025,-0.0310114474232771
0.293053129760698,0.487220256095322,0.239792848125155,0.460417052084853,0.194167126334624,0.220624203959698
0.207253233440529,0.428494109796603,0.364329246540061,0.411664714515261,0.221240876356074,0.0473354679752
0.182082544214223,0.431358433332839,0.48046938930374,0.468842196957614,0.249275889118616,-0.0116271923461254
0.21280363607303,0.426582913840407,0.288125885300157,0.407255618799968,0.213779277767376,0.119129733499812
0.216911641124806,0.405705395771007,0.401091994055898,0.477822327996355,0.188793754646202,0.0767303339404573
0.202703089729543,0.397765403854487,0.269685342727679,0.386240813431291,0.195062314124944,0.116555470703612
0.289897958990064,0.392444588279932,0.398246873029989,0.494828908474591,0.102546629289868,0.0965820354446021
0.249011439930368,0.410575661730894,0.357109902534634,0.486277493184875,0.161564221800526,0.12916759065024
0.202265059376315,0.32512116843626,0.428902871427233,0.592406825232361,0.122856109059945,0.163503953805128
0.23528124433659,0.406103869773764,0.403891861719706,0.38513087414699,0.170822625437174,-0.0187609875727168
0.258613563393433,0.465553221321687,0.39573966191774,0.394220442563542,0.206939657928254,-0.00151921935419808
0.302900566209537,0.395862078735943,0.307182155163072,0.449857525531547,0.0929615125264056,0.142675370368475
0.177619209865877,0.252310222955816,0.261292119371485,0,0.0746910130899394,-0.261292119371485
0.258803449388614,0.26133950939997,0.34835298938013,0.471108151990506,0.00253606001135592,0.122755162610376
0.263761548371508,0.415797919287563,0.291739877281244,0.498542099916761,0.152036370916056,0.206802222635518
0.230637891531816,0.352284301555618,0.32231393702367,0.411191179009464,0.121646410023802,0.0888772419857944
0.101825780470136,0.658613772731387,0.27976918278684,0.48009706700951,0.556787992261251,0.200327884222669
0.42419751849525,0.470685524358314,0.316075686565636,0.447464060122113,0.0464880058630639,0.131388373556477
0.398760660017231,0.502101979306143,0.382250039995348,0.415008971290857,0.103341319288912,0.0327589312955097
0.169177456264022,0.394318648404543,0.229670028558375,0.328402163864865,0.225141192140521,0.0987321353064899
0.186243622416585,0.466446709978886,0.410342739257844,0.40975209007816,0.2802030875623,-0.000590649179684488
0.374565137676806,0.500784631519937,0.444863505713013,0.524224127568181,0.12621949384313,0.0793606218551678
0.424178845117013,0.470845181290916,0.415910180100888,0.473425969836045,0.0466663361739037,0.0575157897351566
0.461119938235318,0.536427105884392,0.42078834342683,0.498453953045513,0.0753071676490736,0.0776656096186831
0.406575360969953,0.400128202790179,0.500725582352082,0.547263909715549,-0.00644715817977365,0.0465383273634667
0.258963924684754,0.394703851284261,0.471438176478311,0.511525945138746,0.135739926599507,0.0400877686604351
0.206353584145677,0.447803819201206,0.428345257907676,0.512707653774554,0.241450235055528,0.0843623958668777
0.321980264144269,0.294137109847554,0.450052520586691,0.48024524658923,-0.0278431542967142,0.0301927260025388
0.4605128883827,0.56214108906691,0.368735359787575,0.480216058885883,0.10162820068421,0.111480699098308
0.409216187545225,0.52914404748178,0.43079382780623,0.501302979319251,0.119927859936555,0.0705091515130204
0.353757201484222,0.497352326905336,0.368066222256571,0.46849956188174,0.143595125421115,0.100433339625169
0.296227584518646,0.432314529594052,0.33484700750559,0.429233161353869,0.136086945075406,0.0943861538482788
0.230773854565518,0.351663522276119,0.41237105868863,0.519018915397378,0.120889667710601,0.106647856708748
0.245253492413604,0.351751664658077,0.427209297803186,0.550853613013542,0.106498172244474,0.123644315210356
0.215208403620606,0.352791935622055,0.297674765983769,0.442997133835571,0.137583532001449,0.145322367851802
0.400905321293308,0.419812030950137,0.288794279545728,0.28095974061331,0.0189067096568283,-0.00783453893241781
0.241710533467383,0.449329040136387,0.270930692095414,0.270886544088307,0.207618506669004,-4.41480071067812e-05
0.191683805386214,0.422072293115765,0.247956262119544,0.378597429925192,0.23038848772955,0.130641167805648
0.500970375274907,0.470126271730946,0.419022532198458,0,-0.0308441035439609,-0.419022532198458
0.27210482276441,0.400516235334364,0.2268932259402,0.503155121194816,0.128411412569954,0.276261895254615
0.231087317789076,0.391615477770189,0.425775210719427,0.542173587827755,0.160528159981114,0.116398377108329
0.239307825190786,0.371452447795732,0.486777873570977,0.513499009701631,0.132144622604946,0.0267211361306545
0.215271283247037,0.328096477311745,0.493428969917295,0.479877335763925,0.112825194064708,-0.0135516341533702
0.271214340301443,0.391126829406811,0.499596928200274,0.540199508759455,0.119912489105368,0.0406025805591811
0.214661243471083,0.322262963675087,0.368079201077499,0.460507708255813,0.107601720204003,0.0924285071783141
0.324905704552613,0.474299784136897,0.357286326336803,0.326836728349939,0.149394079584284,-0.0304495979868637
0.285879560424363,0.452274170654115,0.344706296995322,0.208172408540047,0.166394610229751,-0.136533888455274
0.254431550661826,0.291970780957839,0.308830260582489,0.41364761749821,0.0375392302960134,0.104817356915721
0.286051252603524,0.435529531853286,0.488777450398515,0.584818331284367,0.149478279249762,0.0960408808858526
0.308872806667914,0.321445319366815,0.474157259943189,0.453676757429534,0.0125725126989009,-0.0204805025136554
0.378568971539933,0.48336806744081,0.32229514978809,0.404414176391469,0.104799095900877,0.0821190266033792
0.14827132708137,0.460798432427716,0.451063749803179,0.425096288386488,0.312527105346347,-0.0259674614166918
0.294015159960599,0.492321172407313,0.24212172308083,0.466681213807048,0.198306012446714,0.224559490726218
0.209435880701104,0.424522382184437,0.365567694343519,0.414241891402594,0.215086501483333,0.0486741970590755
0.184247843024239,0.42825979276889,0.483232111443791,0.471218343454055,0.244011949744651,-0.0120137679897361
0.214588732016814,0.434522986111002,0.291864602342928,0.41137275701573,0.219934254094188,0.119508154672802
0.219582303950146,0.375454011926789,0.404511475715017,0.454062376485513,0.155871707976644,0.0495509007704965
0.199011874162359,0.401002465743634,0.283258723235864,0.394278993040873,0.201990591581275,0.111020269805009
0.293793918199789,0.398494003430526,0.403349600263183,0.501791594938907,0.104700085230737,0.098441994675724
0.243123610303573,0.4051497204735,0.360623533950132,0.492619291178684,0.162026110169927,0.131995757228551
0.208657948361385,0.330162212973775,0.429481917200511,0.56386197851582,0.12150426461239,0.134380061315308
0.229503998576663,0.406103869773764,0.409303427544067,0.390827861992619,0.176599871197101,-0.0184755655514475
0.251533956708998,0.465553221321687,0.403919059769628,0.401718846023475,0.214019264612689,-0.00220021374615365
0.305795406812548,0.399831834884831,0.280561532368595,0.434043881062652,0.0940364280722827,0.153482348694057
0.183016161711089,0.278977255139353,0.264197051598301,0,0.0959610934282642,-0.264197051598301
0.260325455051194,0.268630224049401,0.36227846391056,0.461405830459429,0.00830476899820709,0.0991273665488693
0.235817681934225,0.415797919287563,0.298911420801009,0.510989211142192,0.179980237353338,0.212077790341182
0.233163837804565,0.332420866650586,0.317643026833966,0.417623090883168,0.0992570288460204,0.0999800640492019
0.101825780470136,0.658613772731387,0.289194872142728,0.48588818230935,0.556787992261251,0.196693310166622
0.427164053488171,0.474478337635193,0.265941748560856,0.443907753559197,0.0473142841470215,0.177966004998341
0.386589602319712,0.506901482709633,0.38503232908005,0.412815580215324,0.120311880389922,0.0277832511352739
0.17124899153321,0.399355921062205,0.229670028558375,0.328402163864865,0.228106929528995,0.0987321353064899
0.183640639825896,0.450767493551619,0.404085277520264,0.413480918051366,0.267126853725724,0.0093956405311022
0.359461813395205,0.490482654246663,0.449323478017987,0.530778955156979,0.131020840851458,0.0814554771389912
0.427003219744138,0.462893507588297,0.419958137637563,0.468720525490204,0.0358902878441586,0.048762387852642
0.463533402885046,0.540583052154222,0.409165375312519,0.485993004375492,0.0770496492691764,0.076827629062973
0.409234197226379,0.390839052497668,0.502638198428892,0.554404126541318,-0.0183951447287112,0.0517659281124256
0.253084107805581,0.396692859392694,0.474345697028082,0.518245237353203,0.143608751587113,0.043899540325121
0.198148504607192,0.456216904876458,0.429194482613933,0.506035546694003,0.258068400269266,0.0768410640800696
0.321980264144269,0.290855906198976,0.452540994972777,0.479066564759729,-0.031124357945293,0.0265255697869521
0.46190376454363,0.530401997112682,0.372997915627008,0.486880133890452,0.0684982325690521,0.113882218263444
0.394601623937355,0.533525566936104,0.434921034480272,0.508037184574412,0.138923942998749,0.0731161500941396
0.356984718378489,0.503421460945049,0.372299867914653,0.462690590489853,0.146436742566559,0.0903907225751999
0.26742656684959,0.43522028199427,0.322794757042781,0.433258908490462,0.16779371514468,0.110464151447681
0.227422002521019,0.353789305766522,0.41521310835023,0.527174239474111,0.126367303245503,0.111961131123881
0.233827619547638,0.32956465227619,0.427209297803186,0.546207894136303,0.095737032728552,0.118998596333118
0.207076029574934,0.35432582739083,0.297674765983769,0.449155855903888,0.147249797815896,0.151481089920119
0.402786882720114,0.403695508806421,0.296062695208562,0.290744236818944,0.000908626086306263,-0.00531845838961753
0.236152036614155,0.428520316301077,0.270930692095414,0.270886544088307,0.192368279686922,-4.41480071067812e-05
0.193736854265584,0.426920902644904,0.251901242072975,0.364810570440194,0.23318404837932,0.112909328367219
0.502640500143287,0.477336540801055,0.419022532198458,0,-0.0253039593422327,-0.419022532198458
0.274206557695636,0.398219742749361,0.23496969145014,0.460487992322845,0.124013185053725,0.225518300872705
0.222822388863758,0.375020521260628,0.429308272194935,0.533312091517655,0.15219813239687,0.10400381932272
0.240659890205661,0.369141894491551,0.456024171796566,0.498977467369904,0.12848200428589,0.0429532955733375
0.216871633259139,0.333020960212266,0.496238118685705,0.466446311923212,0.116149326953128,-0.0297918067624934
0.276619888709199,0.391126829406811,0.500775690405703,0.548481705562693,0.114506940697612,0.0477060151569898
0.22072965777511,0.326037530942679,0.370259817489617,0.464340587040459,0.105307873167569,0.0940807695508424
0.330608469930994,0.465394622204676,0.332638726038943,0.326836728349939,0.134786152273682,-0.00580199768900436
0.290997408261384,0.458618197138956,0.326839580599957,0.208172408540047,0.167620788877572,-0.11866717205991
0.250443600504711,0.291970780957839,0.257899966371565,0.41364761749821,0.0415271804531288,0.155747651126645
0.278908994473295,0.435529531853286,0.445392981579362,0.593004498371887,0.156620537379991,0.147611516792524
0.315369914666569,0.325574619256556,0.476443727066209,0.460877435463478,0.0102047045899875,-0.0155662916027312
0.359972324762593,0.491372180768218,0.341880494674534,0.402464227305652,0.131399856005625,0.0605837326311178
0.150476711519018,0.467070966936981,0.452998962302095,0.411686289829029,0.316594255417963,-0.0413126724730658
0.300174065913377,0.478667985216711,0.244630440388938,0.473457167282364,0.178493919303335,0.228826726893426
0.212256961261001,0.430882270682936,0.356049260449313,0.412906763673124,0.218625309421935,0.0568575032238108
0.186959298115051,0.434359271728211,0.485121396507407,0.475386786470081,0.24739997361316,-0.00973461003732573
0.19989880201236,0.439766443781772,0.295023437732879,0.39047084340452,0.239867641769412,0.0954474056716411
0.224354667932172,0.378796761930277,0.392953353605378,0.461739695460739,0.154442093998105,0.0687863418553611
0.193086890337818,0.408798539241288,0.288338002053015,0.399694118565588,0.21571164890347,0.111356116512573
0.295851987060548,0.389740949516167,0.407147312567062,0.491783569639012,0.0938889624556182,0.0846362570719499
0.239333413419302,0.400365139708529,0.353747824104752,0.497921680887501,0.161031726289227,0.144173856782749
0.207300305419793,0.33455959046327,0.380003526337971,0.538815858832336,0.127259285043477,0.158812332494365
0.215210315616953,0.373148202209148,0.412546384331388,0.395679897916727,0.157937886592195,-0.0168664864146613
0.253857654481233,0.469904341728808,0.407844800500547,0.400725758467161,0.216046687247575,-0.00711904203338537
0.308338509457895,0.40814016611158,0.279408210805846,0.436150227255217,0.0998016566536845,0.156742016449371
0.184394894453161,0.278977255139353,0.264197051598301,0.423117976947061,0.0945823606861919,0.15892092534876
0.262881226108998,0.279190997169428,0.301145312291249,0.445238258446745,0.0163097710604298,0.144092946155496
0.238126794367322,0.415797919287563,0.291482345364391,0.516925069498275,0.177671124920241,0.225442724133884
0.234888971768401,0.342854876744666,0.32407161946748,0.42238168547691,0.107965904976265,0.0983100660094297
0.0974356438366848,0.658613772731387,0.280765917034204,0.491080182312089,0.561178128894702,0.210314265277885
0.428179237435747,0.475468938508402,0.264298128011484,0.448871139498957,0.0472897010726551,0.184573011487474
0.355361356798546,0.506901482709633,0.370978436554446,0.407156050544488,0.151540125911088,0.0361776139900423
0.170020418461348,0.38600501289148,0.252410508167591,0.328402163864865,0.215984594430132,0.0759916556972732
0.176056849396539,0.450767493551619,0.405783014877686,0.415296443948422,0.27471064415508,0.00951342907073621
0.361374026816367,0.491344599368508,0.453367882969596,0.518715971871325,0.129970572552142,0.0653480889017288
0.428101297866404,0.448876769602138,0.424072605514503,0.475040302104088,0.0207754717357339,0.0509676965895848
0.464631161297768,0.519710027232003,0.400035788884138,0.492673899295899,0.0550788659342356,0.092638110411761
0.410143019383234,0.396107803836281,0.506113376966409,0.560213073907829,-0.0140352155469525,0.0540996969414195
0.22704456471733,0.39993466877378,0.477508916200516,0.523435647485633,0.17289010405645,0.0459267312851173
0.201445778098769,0.476205723308066,0.430974105590152,0.511449543904649,0.274759945209297,0.0804754383144968
0.324192284210551,0.29886613233237,0.453675735381869,0.469630697360782,-0.0253261518781817,0.0159549619789134
0.46190376454363,0.530401997112682,0.359630159046762,0.491967293682472,0.0684982325690521,0.132337134635711
0.379211009353474,0.511430138602022,0.438426091590037,0.496194417416518,0.132219129248548,0.0577683258264811
0.357560479003314,0.507451595555554,0.375697413160657,0.46514843473366,0.149891116552239,0.0894510215730028
0.269328261111199,0.39717727718127,0.32874222790984,0.426213603301208,0.12784901607007,0.0974713753913681
0.229703489485929,0.359492314675711,0.419113716210956,0.533934646233312,0.129788825189782,0.114820930022356
0.235041490080463,0.339012476442035,0.428986471584165,0.549981995751074,0.103970986361572,0.120995524166909
0.19824656187986,0.322406515969342,0.284538923998274,0.439958793136459,0.124159954089483,0.155419869138185
0.403561504801969,0.409258188151208,0.287343301004905,0.298870043244817,0.00569668334923962,0.0115267422399126
0.231006705258695,0.428520316301077,0.26304260503983,0.290927382599731,0.197513611042382,0.0278847775599008
0.18908499721594,0.430606825844833,0.250988395094084,0.36602189808749,0.241521828628894,0.115033502993406
0.4509388448355,0.47844082926915,0.403344918335485,0,0.0275019844336499,-0.403344918335485
0.275942762053299,0.403552458109619,0.236939058292394,0.460487992322845,0.12760969605632,0.223548934030451
0.226034295051676,0.373864332242344,0.4212317591751,0.538869208988779,0.147830037190668,0.117637449813679
0.241603022464425,0.364702613293297,0.437766629848044,0.493050284269856,0.123099590828872,0.0552836544218125
0.218275138544938,0.317901110924414,0.499109659396848,0.472954551471105,0.099625972379476,-0.026155107925743
0.27997024410608,0.399622432038111,0.501828849317817,0.543003104132451,0.119652187932031,0.0411742548146341
0.215984041565419,0.330729828801484,0.372591770050772,0.456344189373165,0.114745787236065,0.083752419322393
0.334891418856658,0.465394622204676,0.338154644727972,0.326836728349939,0.130503203348018,-0.0113179163780325
0.294282867641639,0.458618197138956,0.332213923546177,0.208172408540047,0.164335329497317,-0.124041515006129
0.226708589380661,0.317492326003109,0.251444066723435,0.41364761749821,0.090783736622448,0.162203550774775
0.282078790955382,0.392112956958095,0.449260305849247,0.598416932179371,0.110034166002712,0.149156626330124
0.303272515384227,0.318257172560335,0.468259700911398,0.455882314758223,0.014984657176108,-0.012377386153175
0.361466013068796,0.491372180768218,0.347611200552759,0.393369222566172,0.129906167699423,0.0457580220134128
0.154408406769012,0.467070966936981,0.432625249660994,0.417591411384957,0.312662560167968,-0.0150338382760373
0.275734392787835,0.460970051312459,0.236039077814647,0.451996556721303,0.185235658524624,0.215957478906656
0.201599222963643,0.433328369225794,0.358820459461307,0.406570602890396,0.23172914626215,0.0477501434290888
0.189983853051159,0.437259764787375,0.487948067354911,0.48199598361871,0.247275911736217,-0.00595208373620126
0.201989383784268,0.443589923563184,0.299181297426092,0.397939695388584,0.241600539778916,0.0987583979624924
0.219500960026619,0.382844240487819,0.369744767661269,0.44903542227092,0.163343280461199,0.0792906546096502
0.189318959199648,0.39651486799013,0.294702458591059,0.404786290639576,0.207195908790482,0.110083832048517
0.298371364708013,0.395230104138432,0.411558983698648,0.498408720964918,0.096858739430419,0.0868497372662703
0.23171955853669,0.403390832127574,0.34966433890821,0.459691380373824,0.171671273590883,0.110027041465614
0.208525372256469,0.340241460596723,0.361568983681055,0.504624183841261,0.131716088340254,0.143055200160206
0.218165077973309,0.362355431488656,0.416461163976525,0.40034993426629,0.144190353515347,-0.016111229710235
0.24961454909397,0.469904341728808,0.401220793031976,0.400888201766027,0.220289792634838,-0.000332591265948534
0.296835340398902,0.396776364113319,0.284070217767614,0.437190627174671,0.0999410237144171,0.153120409407057
0.181675386241555,0.304064262518269,0.25829822786784,0.280802443220537,0.122388876276714,0.0225042153526971
0.264367659630139,0.257483776167063,0.317823993981863,0.410536084880647,-0.00688388346307611,0.0927120908987842
0.240094482250049,0.415797919287563,0.289821491676343,0.452931259778989,0.175703437037514,0.163109768102646
0.227724187447442,0.345469684159027,0.325535219202061,0.418464383348293,0.117745496711585,0.092929164146232
0.0885940208471952,0.658613772731387,0.287342222161283,0.496285976131533,0.570019751884191,0.20894375397025
0.411023628821518,0.505304513889111,0.305200190865,0.336631610788576,0.0942808850675929,0.0314314199235761
0.43404518628892,0.502557498469007,0.211494431888067,0.355504081487042,0.0685123121800867,0.144009649598975
0.249209545815041,0.306218064442826,0.265307227144554,0.402200473629758,0.0570085186277847,0.136893246485204
0.272532055583588,0.374615045829966,0.324295905605527,0.331078004512233,0.102082990246378,0.00678209890670589
0.424228045214047,0.443806329391225,0.311952220179792,0.377665153893502,0.0195782841771776,0.0657129337137106
0.472063304384923,0.508636246089729,0.335187843731429,0.422975649118498,0.0365729417048057,0.0877878053870689
0.515684102210281,0.512518358510465,0.318662225747344,0.410396511509601,-0.00316574369981693,0.0917342857622577
0.510402751127653,0.508612010129851,0.324334925124289,0.353686335920231,-0.00179074099780185,0.0293514107959426
0.580560598026653,0.430869780787809,0.350195197088629,0.31958325610118,-0.149690817238844,-0.0306119409874488
0.342787665371923,0.342170721137271,0.383273266233691,0.378105312844368,-0.000616944234652694,-0.00516795338932347
0.42478590714453,0.359203740520967,0.367721134546379,0.529122243547723,-0.0655821666235623,0.161401109001345
0.516630815735284,0.537856483808463,0.367409826285259,0.41052383230628,0.021225668073179,0.0431140060210212
0.479581728396701,0.585963576106798,0.25755706066696,0.387186549994281,0.106381847710097,0.129629489327321
0.519920050963769,0.487095813970464,0.37077227143314,0.4039809235649,-0.0328242369933052,0.0332086521317606
0.360811590144611,0.380618849255659,0.29818673342047,0.321906035906305,0.0198072591110478,0.0237193024858358
0.405074002954728,0.381857908052055,0.403433819220415,0.377273938014111,-0.0232160949026733,-0.0261598812063039
0.312489067438725,0.349785659861186,0.461333816877838,0.357544837405718,0.0372965924224606,-0.103788979472119
0,0.293389151268225,0.326462747342462,0.332781217159887,0.293389151268225,0.0063184698174259
0.496621734575414,0.456574312691011,0.313450283296792,0.304765868608195,-0.0400474218844027,-0.00868441468859671
0.246606608651209,0.153594153717972,0.324887183328021,0.322470131336978,-0.0930124549332373,-0.00241705199104214
0.485916496296594,0.478146291240313,0.296068896133766,0.275557346921725,-0.00777020505628068,-0.0205115492120412
0,0.372089913727286,0.460812535471776,0.375052325503797,0.372089913727286,-0.0857602099679797
0.280890616880966,0.20849897877083,0.266544004160846,0.30840779399081,-0.0723916381101361,0.0418637898299638
0.555445228160186,0.436699807459939,0.365720569935531,0.328245202812484,-0.118745420700247,-0.0374753671230464
0.486634053083538,0.468214918151291,0.348532286016223,0.350003206457526,-0.0184191349322468,0.00147092044130315
0.513521892003844,0.443024950504539,0.335993522857073,0.328063085475658,-0.0704969414993047,-0.00793043738141486
0.462509808110719,0.354159522055728,0.421045842758217,0.345820887107783,-0.108350286054991,-0.0752249556504339
0.318584674105724,0.342522861582838,0.31593977510911,0.39075762171651,0.0239381874771137,0.0748178466074005
0.519294095054009,0.337582709116145,0.362966476810983,0.306906044153877,-0.181711385937864,-0.0560604326571058
0.511028136028868,0.322529878346506,0.297751706272721,0.266472424579353,-0.188498257682363,-0.0312792816933679
0.493879499072431,0.321971160492,0.341237369372778,0.327972142435138,-0.171908338580431,-0.0132652269376395
0.32320228679106,0.394233928550385,0.360441791497253,0.43677541153654,0.071031641759325,0.0763336200392872
0.265385668352719,0.405763293543797,0.343297795259359,0.476316070850951,0.140377625191078,0.133018275591592
0.483047036038723,0.317300770911146,0.305193822172505,0.285287885874936,-0.165746265127576,-0.0199059362975694
0.507993456670332,0.451447540514815,0.290688154864168,0.391632983468751,-0.056545916155517,0.100944828604583
0.484866122618518,0.457424378205385,0.314804193365015,0.361220254746642,-0.0274417444131333,0.0464160613816276
0.502404719841421,0.431744874592084,0.253626594509477,0.367068532458982,-0.0706598452493374,0.113441937949505
0.510575900874795,0.48403665147908,0.388016235414532,0.382409405073799,-0.0265392493957154,-0.005606830340733
0.506397025636927,0.298557278072419,0.265000312732231,0.319797215653415,-0.207839747564507,0.0547969029211839
0.520306326004253,0.570570301763974,0.342764711126232,0.297153053574342,0.0502639757597207,-0.0456116575518897
0.418634270251601,0.484268196814349,0.335579240353008,0.382283357545249,0.0656339265627485,0.046704117192241
0.510580583235603,0.529898544633931,0.275371739903403,0.328426054637391,0.0193179613983282,0.0530543147339882
0.465751516610209,0.510742886154853,0.321043089331268,0.311849068099679,0.0449913695446441,-0.00919402123158813
0.426009806537153,0.374097524410459,0.258303091857311,0.334769507341045,-0.051912282126694,0.0764664154837336
0.425741174485964,0.533872166587856,0.315612592794389,0.301829380870744,0.108130992101893,-0.0137832119236447
0.430472622565311,0.536870583781236,0.3431808709523,0.333469153707678,0.106397961215925,-0.00971171724462216
0.393896382053246,0.124210587231913,0.316907302192012,0.345467222152171,-0.269685794821333,0.028559919960159
0.402633107906111,0.161183503070672,0.347741705620392,0.337143479031287,-0.241449604835439,-0.0105982265891056
0.28378451081223,0.390543603342232,0.309540004518642,0.314362816929636,0.106759092530002,0.00482281241099364
0.506553168349542,0.315652048603743,0.395995726590237,0.489852007689177,-0.190901119745799,0.0938562810989397
0.406651600050722,0.461200185758072,0.344546872520149,0.271933184816184,0.05454858570735,-0.0726136877039654
0.557125747783023,0.362928565590333,0.393587677485375,0.304359912025512,-0.19419718219269,-0.0892277654598636
0.414339963351178,0.509957333427071,0.308581595625672,0.338364401014821,0.0956173700758933,0.0297828053891488
0.43404518628892,0.502557498469007,0.211494431888067,0.355504081487042,0.0685123121800867,0.144009649598975
0.268232573747983,0.307349413470557,0.270624155176727,0.402200473629758,0.0391168397225743,0.131576318453031
0.285834656744004,0.379592541894043,0.331304568635327,0.333836834190851,0.093757885150039,0.00253226555552372
0.428566305207412,0.43331683712598,0.316231936317748,0.366060797556194,0.00475053191856811,0.0498288612384454
0.479492815131128,0.492837123508202,0.331317103782003,0.402815870214543,0.0133443083770738,0.0714987664325397
0.510599410765734,0.516167964942238,0.323423362430128,0.411350329845171,0.00556855417650348,0.0879269674150429
0.515562182645755,0.51185342077269,0.329477492987891,0.357832436492603,-0.00370876187306468,0.0283549435047118
0.580560598026653,0.432031888214339,0.329365875350593,0.321066416965873,-0.148528709812315,-0.00829945838472057
0.365232084756692,0.342679474457314,0.36899208694624,0.378105312844368,-0.0225526102993783,0.00911322589812819
0.395739891854823,0.335167555284387,0.357296838407427,0.496245038755284,-0.0605723365704354,0.138948200347856
0.500132508376255,0.54001329257711,0.351724103873396,0.387949987081426,0.0398807842008547,0.0362258832080297
0.484864543689358,0.56808335364668,0.25755706066696,0.387186549994281,0.0832188099573221,0.129629489327321
0.523610523300416,0.472578775094871,0.372777902170573,0.405147837802617,-0.0510317482055448,0.0323699356320439
0.351159594036607,0.367124061118954,0.303158838351579,0.322753276004153,0.0159644670823475,0.0195944376525747
0.394939714422598,0.388341982201273,0.408456977018291,0.360860948682278,-0.0065977322213247,-0.0475960283360136
0.34488419542496,0.342206350222731,0.465632597990939,0.360632647477504,-0.00267784520222808,-0.104999950513435
0,0.280152183646393,0.311822191636522,0.335427600809384,0.280152183646393,0.0236054091728614
0.49997951861864,0.460433343581938,0.30875756427585,0.306573162076435,-0.0395461750367016,-0.00218440219941579
0.263000755374096,0.174686715053873,0.324887183328021,0.325110291959904,-0.0883140403202224,0.000223108631882962
0.495420969742716,0.478146291240313,0.295756658208755,0.259603690003515,-0.0172746785024025,-0.0361529682052401
0,0.372089913727286,0.460812535471776,0.343272659080052,0.372089913727286,-0.117539876391725
0.280890616880966,0.20849897877083,0.265497223279621,0.30840779399081,-0.0723916381101361,0.0429105707111891
0.542517563119933,0.43946098355874,0.371788122787669,0.312964520125665,-0.103056579561194,-0.058823602662004
0.49204567127666,0.471274741102979,0.337906916950803,0.332172861186239,-0.020770930173681,-0.00573405576456359
0.502027634361022,0.448561355598555,0.339646760118515,0.315713278003163,-0.0534662787624667,-0.0239334821153523
0.465934759486894,0.359066025650995,0.42468446985168,0.348770723196766,-0.106868733835898,-0.0759137466549148
0.301901793831178,0.353865370588765,0.320933481135439,0.392521855987964,0.0519635767575871,0.0715883748525249
0.511263542265589,0.350353669372412,0.364959243115525,0.31076363905116,-0.160909872893177,-0.0541956040643653
0.514725259499206,0.327411843343327,0.29000714367417,0.262622554925574,-0.187313416155879,-0.0273845887485968
0.493879499072431,0.271413937861653,0.334444933883398,0.327972142435138,-0.222465561210777,-0.00647279144826002
0.32320228679106,0.391640138428746,0.364860191074261,0.43677541153654,0.0684378516376861,0.0719152204622789
0.265385668352719,0.397286966444473,0.322212841714298,0.465371853724707,0.131901298091753,0.143159012010408
0.470561893030082,0.319685225844235,0.293456453792187,0.288338556928996,-0.150876667185847,-0.00511789686319153
0.489596811672338,0.456202040168606,0.295095590677234,0.391632983468751,-0.033394771503732,0.096537392791517
0.492786642779238,0.462546239598771,0.314804193365015,0.36187280939789,-0.0302404031804671,0.0470686160328749
0.508331390529245,0.405538881044669,0.25771812325942,0.367068532458982,-0.102792509484577,0.109350409199561
0.514520828067227,0.488750203050943,0.388016235414532,0.382409405073799,-0.025770625016284,-0.005606830340733
0.49850658200507,0.291846657495043,0.266909557428175,0.326285054276375,-0.206659924510027,0.0593754968482
0.502172192524554,0.572518082970262,0.326661311851984,0.279859846251128,0.0703458904457079,-0.0468014656008568
0.425392349945807,0.487669277784439,0.324098129208243,0.368576506705596,0.0622769278386314,0.0444783774973528
0.516540215790977,0.53348872309336,0.279363771319316,0.317499949095136,0.0169485073023833,0.0381361777758193
0.463362934569038,0.495620982081552,0.31436125524282,0.300712922234631,0.0322580475125143,-0.0136483330081893
0.433489820783192,0.378869919063268,0.250703311607635,0.317391062349952,-0.054619901719924,0.0666877507423174
0.433802469566887,0.536929082188313,0.314050359839789,0.310559976355266,0.103126612621426,-0.00349038348452241
0.432737060582582,0.513482575205882,0.345276245210863,0.325118757845721,0.0807455146232998,-0.0201574873651417
0.397306426267679,0.124210587231913,0.319538338272659,0.377583008941912,-0.273095839035766,0.0580446706692533
0.392308573631762,0.161183503070672,0.339253767272579,0.294427742863959,-0.23112507056109,-0.04482602440862
0.28378451081223,0.317617726426073,0.313512496446136,0.320244482741741,0.0338332156138425,0.00673198629560451
0.506553168349542,0.325890351413358,0.399745702344542,0.41641712323544,-0.180662816936184,0.016671420890898
0.405022580167662,0.455314159533495,0.34826712985199,0.281219801594712,0.0502915793658327,-0.0670473282572784
0.557125747783023,0.369578258014468,0.398092590088349,0.303458065748811,-0.187547489768555,-0.0946345243395386
0.390435481410497,0.511231148871362,0.30155547714183,0.341687041839741,0.120795667460865,0.0401315646979113
0.430247468921696,0.491934458214868,0.211494431888067,0.355504081487042,0.061686989293172,0.144009649598975
0.288040340245178,0.314276594215099,0.26302955248453,0.402200473629758,0.0262362539699216,0.139170921145228
0.291375720441091,0.382901668771668,0.336635350453708,0.339567858577624,0.0915259483305771,0.0029325081239166
0.434945394275115,0.436126934462419,0.311625755604496,0.359255948231425,0.00118154018730421,0.0476301926269296
0.48698275641645,0.495752596031967,0.335222967964298,0.41249397095954,0.00876983961551719,0.077271002995242
0.518703495437689,0.51944256015971,0.327410721228362,0.420012651055179,0.000739064722020344,0.0926019298268169
0.524213879844327,0.516093362357801,0.320484815155068,0.341543947261106,-0.00812051748652587,0.0210591321060379
0.580560598026653,0.387153500505088,0.332785168252607,0.325530191801665,-0.193407097521566,-0.00725497645094209
0.365232084756692,0.347862894684795,0.37267419660661,0.380682193083444,-0.0173691900718973,0.00800799647683403
0.395739891854823,0.318873309484707,0.361072321349948,0.484786196614785,-0.0768665823701158,0.123713875264837
0.508277933413788,0.54113802218757,0.351724103873396,0.383374569573616,0.0328600887737818,0.03165046570022
0.492520855495997,0.569348610034709,0.25755706066696,0.38462827116277,0.0768277545387116,0.12707121049581
0.520622933228251,0.475640211885125,0.374323320087015,0.403366431359063,-0.0449827213431264,0.0290431112720485
0.334504793910097,0.352292850816462,0.303158838351579,0.326746996863341,0.0177880569063652,0.0235881585117625
0.374824277814467,0.383802516773878,0.410688030755784,0.363913713523696,0.00897823895941069,-0.0467743172320875
0.302773482927052,0.344379840362253,0.440454961013948,0.364727919586986,0.041606357435201,-0.0757270414269619
0.289276439259712,0.283580831646588,0.31406774927623,0.335845807075814,-0.00569560761312404,0.0217780577995841
0.501062114088175,0.446909965344315,0.309714425442041,0.311466314754116,-0.0541521487438599,0.00175188931207532
0.268832474787453,0.188147627640051,0.329104747510378,0.325110291959904,-0.0806848471474023,-0.00399445555047412
0.484440997355141,0.285017281217761,0.293585171934359,0.263105660459593,-0.19942371613738,-0.0304795114747659
0,0.384689500162578,0.460812535471776,0.343272659080052,0.384689500162578,-0.117539876391725
0.280890616880966,0.185564138494686,0.252969436015749,0.310215742295939,-0.0953264783862801,0.0572463062801895
0.519908403006637,0.444750340057258,0.37586605997282,0.308040723367289,-0.0751580629493788,-0.0678253366055309
0.500566144147786,0.474336342850279,0.344972513953702,0.32414808584303,-0.0262298012975073,-0.0208244281106716
0.510338381125663,0.435259658193967,0.344935387036497,0.320827505404565,-0.0750787229316962,-0.0241078816319313
0.459531049791118,0.363585663425447,0.408224789484861,0.333786316545882,-0.0959453863656714,-0.0744384729389795
0.305155094561319,0.322032364062145,0.303142249813647,0.395794400984427,0.0168772695008255,0.09265215117078
0.517545031001254,0.361120291426117,0.332206568623091,0.318013697399005,-0.156424739575136,-0.0141928712240861
0.507263692389236,0.33282461183041,0.296025096075441,0.266322680373464,-0.174439080558826,-0.0297024157019768
0.483446731560371,0.271413937861653,0.327885765312677,0.337705707540716,-0.212032793698718,0.00981994222803845
0.32320228679106,0.40097353841715,0.368867297559621,0.441676596342753,0.0777712516260902,0.072809298783132
0.295447756744417,0.326769396626099,0.326913131648932,0.473582964029594,0.031321639881682,0.146669832380662
0.47830312725519,0.303161385820379,0.300974817283161,0.277546456323418,-0.175141741434811,-0.0234283609597422
0.497762664623638,0.427756993265534,0.288472323447815,0.393552295003125,-0.0700056713581032,0.10507997155531
0.500682827849815,0.46620273446372,0.317345239848469,0.367409542636052,-0.0344800933860951,0.050064302787583
0.49971245555776,0.406414972436139,0.266190013968296,0.367068532458982,-0.0932974831216207,0.100878518490685
0.514400032059782,0.492268155383658,0.340692344576643,0.384896200853367,-0.0221318766761238,0.0442038562767231
0.486692512059177,0.304567461864005,0.268418302297111,0.31127048163648,-0.182125050195171,0.0428521793393695
0.510440065236609,0.536867724975314,0.32865164402818,0.284343406738704,0.0264276597387052,-0.0443082372894761
0.429063563517611,0.488931046430709,0.328169444160585,0.373852677540645,0.059867482913098,0.0456832333800596
0.525702994489513,0.537126607135397,0.280424766537665,0.313377061511497,0.011423612645884,0.0329522949738328
0.469637183098449,0.499367896519232,0.311538973499535,0.306068513700161,0.0297307134207826,-0.00547045979937422
0.440022914842263,0.382647485895433,0.260851792279739,0.322396702259098,-0.0573754289468296,0.0615449099793591
0.432534569036552,0.521296799356443,0.319790716134973,0.311563429806059,0.0887622303198911,-0.00822728632891451
0.436774940036098,0.498500075920875,0.345884898862692,0.328868486573003,0.0617251358847766,-0.0170164122896891
0.402886973244845,0.124210587231913,0.322651047486827,0.352391452182667,-0.278676386012932,0.0297404046958405
0.392308573631762,0.167042413583939,0.342368460273396,0.29602803848151,-0.225266160047823,-0.0463404217918861
0.28378451081223,0.286503989247341,0.308299049351163,0.313132370618886,0.0027194784351105,0.00483332126772268
0.506553168349542,0.325890351413358,0.379844358501911,0.41641712323544,-0.180662816936184,0.0365727647335291
0.403104295802927,0.4575932518324,0.353894670659522,0.288673951296267,0.0544889560294727,-0.0652207193632556
0.557125747783023,0.353070813622675,0.390174347009032,0.299389819387444,-0.204054934160349,-0.0907845276215883
0.396321257857029,0.500442029021553,0.284054432331581,0.346663978816708,0.104120771164524,0.0626095464851263
0.425439598411977,0.493429010232285,0.211494431888067,0.336552846099878,0.0679894118203078,0.125058414211812
0.288040340245178,0.306607166566843,0.26302955248453,0.379266744074185,0.0185668263216653,0.116237191589655
0.29886360161476,0.372015267197149,0.341258003544272,0.341903093190356,0.0731516655823888,0.000645089646083397
0.43843460536769,0.440814695328303,0.30808944929738,0.363687222942305,0.00238008996061323,0.0555977736449245
0.49124847271342,0.501090862549595,0.328682966712412,0.418437345479925,0.00984238983617541,0.0897543787675137
0.524352115713992,0.504782148873089,0.331573300045435,0.425399052749489,-0.0195699668409026,0.0938257527040535
0.527642346083519,0.520208336014578,0.320832446446287,0.346906115419376,-0.00743401006894107,0.0260736689730891
0.580560598026653,0.385625226619013,0.335507802997359,0.329701227028731,-0.194935371407641,-0.00580657596862821
0.377139180941014,0.349788208550951,0.373823856178282,0.384566651814993,-0.0273509723900634,0.0107427956367109
0.379447471611412,0.324764990735103,0.362200515363579,0.484786196614785,-0.0546824808763086,0.122585681251206
0.511621721645292,0.545130179133239,0.351724103873396,0.388650345904595,0.0335084574879465,0.036926242031199
0.497533612394782,0.573538739068933,0.25755706066696,0.386811558848611,0.0760051266741511,0.12925449818165
0.505474666100288,0.459032377568412,0.367374958669237,0.395770558727953,-0.0464422885318762,0.0283956000587163
0.334125559949865,0.357448466678008,0.303158838351579,0.314826092623951,0.0233229067281432,0.0116672542723722
0.361559545280625,0.389265993171689,0.415201047896891,0.36858279326654,0.0277064478910645,-0.0466182546303512
0.318917150354696,0.340726089251904,0.405685367619401,0.367126104961601,0.0218089388972081,-0.0385592626577996
0.286624194776756,0.287187062718088,0.317316172470022,0.340951202481586,0.000562867941332701,0.0236350300115642
0.431077644365353,0.453154461408812,0.313367152216898,0.308934713756877,0.022076817043459,-0.00443243846002078
0.273801859639448,0.188147627640051,0.332724970340196,0.331121457455277,-0.0856542319993969,-0.00160351288491845
0.48796597765766,0.285017281217761,0.290585292929153,0.259662855764723,-0.202948696439899,-0.0309224371644305
0,0.398661787130411,0.460812535471776,0.343272659080052,0.398661787130411,-0.117539876391725
0.246594286513246,0.198000596537355,0.252969436015749,0.309050757251925,-0.0485936899758908,0.0560813212361765
0.52453403498104,0.449041940678223,0.38067246376891,0.311591627049538,-0.0754920943028171,-0.0690808367193714
0.505073398320914,0.478864110441716,0.341043292094203,0.305820978228788,-0.0262092878791972,-0.0352223138654145
0.515954126065303,0.441104906662291,0.349062667150979,0.319940911706716,-0.0748492194030121,-0.0291217554442629
0.450540745403268,0.353878480344992,0.412625097131022,0.316532352281112,-0.0966622650582764,-0.0960927448499099
0.310239727504566,0.318292345158605,0.304736607023299,0.388683105306094,0.00805261765403914,0.0839464982827954
0.487539869041269,0.361120291426117,0.33762587937484,0.311397381258925,-0.126419577615152,-0.0262284981159153
0.49764610638575,0.338110918051868,0.294803319577524,0.264457152301968,-0.159535188333882,-0.0303461672755563
0.453378054813199,0.271413937861653,0.332081051253548,0.318879054368028,-0.181964116951546,-0.0132019968855195
0.304630670857093,0.398929028238813,0.37195914904316,0.441676596342753,0.0942983573817202,0.0697174472995931
0.326411654824143,0.319975741825685,0.328556007015676,0.477383911187008,-0.00643591299845792,0.148827904171331
0.470950548821097,0.308584939001571,0.276167711511542,0.279017121484665,-0.162365609819527,0.0028494099731235
0.502518014187028,0.430975596747017,0.288472323447815,0.400071832313959,-0.0715424174400107,0.111599508866144
0.506136153127986,0.44772862193444,0.317345239848469,0.373532443575939,-0.0584075311935456,0.0561872037274698
0.504962082618614,0.402686617031983,0.271770919971186,0.362009285963928,-0.102275465586631,0.0902383659927417
0.491189522353489,0.497090971155033,0.340692344576643,0.374846725442111,0.00590144880154481,0.0341543808654679
0.490715185120459,0.306462521063238,0.262364611248625,0.316847780018475,-0.184252664057221,0.0544831687698502
0.51526394487451,0.513166913849698,0.305227011901231,0.290086151676082,-0.00209703102481185,-0.0151408602251489
0.428301192092076,0.491237921622712,0.326192389497856,0.360362486586222,0.0629367295306366,0.0341700970883653
0.530309439079405,0.509546036304751,0.283253858866839,0.31804098794646,-0.0207634027746538,0.0347871290796218
0.474002907054933,0.50276408533926,0.315964508892782,0.310525975876218,0.0287611782843276,-0.00543853301656427
0.444825637211881,0.385972354156395,0.256741808045698,0.326960077508634,-0.0588532830554864,0.0702182694629357
0.437969988683516,0.488977692840493,0.327164474943816,0.312566979717654,0.0510077041569768,-0.0145974952261614
0.436349042958626,0.481166142274366,0.344823579679248,0.316557488756655,0.0448170993157404,-0.0282660909225929
0.403764940936628,0.127926622431477,0.293097789597543,0.352391452182667,-0.275838318505151,0.0592936625851248
0.392308573631762,0.167042413583939,0.344445168335545,0.273602498138473,-0.225266160047823,-0.0708426701970717
0.305728877340993,0.28988948449411,0.308668199979269,0.31661935910145,-0.0158393928468833,0.00795115912218042
0.506553168349542,0.328726857385122,0.386953722888444,0.41641712323544,-0.17782631096442,0.0294634003469962
0.407456235000706,0.461800234372352,0.361770605052684,0.292701630112422,0.0543439993716461,-0.0690689749402618
0.497593591225089,0.362309916764427,0.382933489338852,0.305440812589145,-0.135283674460662,-0.0774926767497076
0.403282129147357,0.504403271502045,0.286407755225196,0.352634672932782,0.101121142354688,0.0662269177075855
0.416680415139084,0.495890601916973,0.224800139686455,0.342267052093304,0.0792101867778893,0.11746691240685
0.288040340245178,0.313165577873493,0.264965932459604,0.360064919696494,0.0251252376283151,0.09509898723689
0.306636746648782,0.375028232728306,0.330046655681358,0.343343118398642,0.0683914860795243,0.0132964627172847
0.435042854050088,0.423949559536115,0.296360863577446,0.354257203270573,-0.0110932945139732,0.0578963396931274
0.496239656161034,0.490099727950363,0.333562366533931,0.395983704706397,-0.00613992821067072,0.062421338172466
0.505467745418097,0.510883852628201,0.335784842123889,0.426528554081556,0.00541610721010399,0.0907437119576675
0.506915383317155,0.525132965224354,0.312873743521176,0.330243450065199,0.0182175819071998,0.0173697065440231
0.485703180562442,0.387709817492756,0.333739914351677,0.334723281845243,-0.0979933630696863,0.000983367493565923
0.349309068482092,0.341752291803209,0.376295194545428,0.389504659897474,-0.00755677667888272,0.0132094653520461
0.406928583397176,0.329603961975027,0.364429288937708,0.44824343927355,-0.0773246214221492,0.0838141503358421
0.521357416681312,0.549135494584124,0.323366215558481,0.391266803093415,0.0277780779028119,0.0679005875349346
0.506261297732732,0.577877058400443,0.266833067747619,0.393555636024216,0.0716157606677108,0.126722568276598
0.513689217895107,0.465088131530135,0.353868861415396,0.386271020695,-0.0486010863649719,0.032402159279604
0.332808420917818,0.344986087641966,0.301170435092464,0.311591473632759,0.0121776667241484,0.0104210385402952
0.365189410238585,0.385644726629391,0.400540532338659,0.358879703425182,0.020455316390806,-0.0416608289134777
0.330256596975061,0.322748920316405,0.39508400355617,0.371118641749438,-0.00750767665865604,-0.0239653618067323
0.286624194776756,0.291926958045102,0.312105808034596,0.342180110682837,0.00530276326834622,0.0300743026482415
0.422552921976049,0.46047751246585,0.319352394969919,0.31201921500596,0.0379245904898005,-0.00733317996395871
0.279010829242319,0.188147627640051,0.337389454875193,0.325739005796999,-0.0908632016022684,-0.0116504490781942
0.456068358004439,0.285017281217761,0.296447078253068,0.265777329184611,-0.171051076786679,-0.0306697490684563
0,0.413237466611532,0.505844692576501,0.343272659080052,0.413237466611532,-0.162572033496449
0.264869368512801,0.206603927692745,0.255757247054175,0.310159371496153,-0.0582654408200558,0.054402124441978
0.528904887980504,0.451642150385812,0.384636401844405,0.317608038159582,-0.0772627375946913,-0.0670283636848226
0.511422160437219,0.483871308662956,0.345548700371849,0.310353008628726,-0.0275508517742629,-0.0351956917431224
0.523669453369346,0.447571632057317,0.352172096154596,0.325963120914607,-0.0760978213120295,-0.0262089752399888
0.455077588657285,0.360393866923417,0.383453365708267,0.313398009497771,-0.0946837217338671,-0.0700553562104964
0.293028425853829,0.323403289074404,0.308747951841466,0.396917867140327,0.0303748632205749,0.0881699152988617
0.481686994261679,0.361120291426117,0.330028449172936,0.315869291224942,-0.120566702835561,-0.0141591579479936
0.49764610638575,0.323380953455479,0.294929350332059,0.266216120649751,-0.174265152930271,-0.0287132296823075
0.454795467403845,0.271413937861653,0.33154615815543,0.332959882071171,-0.183381529542192,0.00141372391574124
0.311764564770633,0.381340612344721,0.376641653217135,0.437315112237272,0.0695760475740874,0.0606734590201371
0.336676445525836,0.324916402971613,0.331450420863636,0.481125911187622,-0.0117600425542231,0.149675490323986
0.475351375679643,0.311511586766981,0.271356427439955,0.264803035737774,-0.163839788912663,-0.00655339170218161
0.509418796225662,0.386538561322408,0.291647152282787,0.395975666715644,-0.122880234903255,0.104328514432856
0.492411308950171,0.440709789437874,0.322352320136573,0.380051917970487,-0.0517015195122973,0.0576995978339137
0.510562823392464,0.402719921306614,0.268288714247732,0.368338395454113,-0.107842902085849,0.100049681206381
0.498329251827308,0.502749682060118,0.340692344576643,0.372472097673702,0.00442043023281019,0.0317797530970589
0.495166229807077,0.311835520546886,0.266608914853467,0.318077542350717,-0.183330709260192,0.05146862749725
0.505589113794014,0.505362503876509,0.309917213110455,0.288840752762012,-0.000226609917505116,-0.021076460348443
0.42855691963024,0.475751562617291,0.328656232149389,0.36485471406127,0.0471946429870512,0.0361984819118805
0.537440225945941,0.515142565840888,0.287598130113592,0.323192261434186,-0.0222976601050534,0.0355941313205935
0.469513635784872,0.507060441215656,0.309280654978543,0.31600221910521,0.0375468054307838,0.00672156412666713
0.44582319633761,0.385709398757404,0.259257229084152,0.336096306934921,-0.0601137975802055,0.076839077850769
0.446262435510248,0.495667890308426,0.330917988352307,0.316889048965945,0.0494054547981779,-0.0140289393863626
0.425553280161402,0.475327492522679,0.34916479077185,0.319264692866819,0.0497742123612761,-0.0299000979050303
0.400326629182842,0.127926622431477,0.292463580193653,0.352391452182667,-0.272400006751365,0.0599278719890146
0.405479610538372,0.167042413583939,0.34689591590453,0.279145057849079,-0.238437196954434,-0.0677508580554514
0.305728877340993,0.291184108830481,0.305396081325038,0.315281725635473,-0.0145447685105121,0.00988564431043493
0.488343151372594,0.328726857385122,0.390579943984164,0.396866228086117,-0.159616293987472,0.00628628410195309
0.412728515607201,0.466501137836648,0.366004920588529,0.296962044250163,0.0537726222294467,-0.0690428763383663
0.497593591225089,0.365185265587259,0.382933489338852,0.305440812589145,-0.13240832563783,-0.0774926767497076
0.406146202266936,0.500089433868165,0.281143766770139,0.35616827595781,0.0939432316012283,0.0750245091876715
0.417928728212768,0.495890601916973,0.224800139686455,0.347530520892454,0.077961873704205,0.122730381205999
0.304954576815656,0.317743948841135,0.269433700723387,0.353665591707888,0.0127893720254788,0.0842318909845006
0.294868273363152,0.379250608632814,0.334533151817047,0.346511048347557,0.0843823352696618,0.01197789653051
0.432941332355327,0.43011712671197,0.301308865201015,0.346937601673979,-0.00282420564335722,0.0456287364729638
0.501190806850694,0.495669606468807,0.337850126956243,0.344526683443568,-0.00552120038188691,0.00667655648732501
0.509157035129718,0.504973195125931,0.341634452316828,0.43104939913474,-0.00418384000378691,0.089414946817912
0.511251176384378,0.529970499106136,0.306109312351652,0.320979909788404,0.0187193227217582,0.0148705974367521
0.485703180562442,0.389598427231571,0.338662211213504,0.331102581570863,-0.096104753330871,-0.00755962964264167
0.349309068482092,0.345166652860686,0.356596729329155,0.393466574333924,-0.00414241562140544,0.0368698450047689
0.430567911153208,0.331794462192495,0.367886036616979,0.451217050436641,-0.0987734489607127,0.0833310138196613
0.522504435218897,0.552946018001001,0.315305461417191,0.374230100055604,0.030441582782104,0.0589246386384134
0.509422457708805,0.559088066653479,0.277791420303942,0.396833262854292,0.0496656089446744,0.11904184255035
0.486246546044023,0.470479666212898,0.359169071106648,0.390138430053068,-0.0157668798311248,0.0309693589464201
0.321566679025797,0.350322530064684,0.301170435092464,0.301450313595162,0.0287558510388867,0.000279878502698283
0.353443268598347,0.391811066701084,0.386361614408033,0.361362376731143,0.0383677981027372,-0.0249992376768896
0.314460216216457,0.318674537739041,0.382734683978042,0.366092250335431,0.00421432152258389,-0.0166424336426113
0.286624194776756,0.297180499623748,0.302775983728321,0.345413951880067,0.0105563048469925,0.0426379681517463
0.420549320520451,0.466488358679318,0.312252635600379,0.316099013565066,0.0459390381588666,0.00384637796468684
0.277606621108344,0.201650138607714,0.337389454875193,0.322243518289026,-0.0759564825006301,-0.0151459365861668
0.463529589037077,0.408101614270128,0.299864514994159,0.271727144132673,-0.0554279747669496,-0.028137370861486
0,0.428512897272484,0.505844692576501,0.281472266692935,0.428512897272484,-0.224372425883566
0.299587042642635,0.2242073037929,0.255757247054175,0.313067598131126,-0.075379738849735,0.0573103510769505
0.521685258269109,0.451642150385812,0.366790720188815,0.3213680138442,-0.070043107883297,-0.0454227063446143
0.515900180684576,0.489747339142958,0.33447497435083,0.313871565361604,-0.0261528415416176,-0.0206034089892267
0.528107875339661,0.453902290454462,0.341030360792686,0.329781456392685,-0.0742055848851984,-0.0112489044000009
0.457397768724343,0.361732210968938,0.388493634638377,0.308191480797086,-0.0956655577554044,-0.080302153841291
0.300441984870518,0.309654209369386,0.31274075601298,0.401826472150999,0.00921222449886783,0.0890857161380189
0.452521839463984,0.361120291426117,0.326591222372201,0.319099379013321,-0.0914015480378672,-0.00749184335887998
0.494433828674874,0.323380953455479,0.29710200819734,0.257633320658983,-0.171052875219395,-0.0394686875383569
0.448266994269434,0.286760424622679,0.335341513927884,0.330394879121033,-0.161506569646755,-0.00494663480685037
0.281127251399989,0.376605081044118,0.382442984890853,0.440345322611272,0.0954778296441295,0.0579023377204189
0.354016255391011,0.324916402971613,0.324413769870314,0.481125911187622,-0.029099852419398,0.156712141317308
0.45619216665746,0.313757168884086,0.265475865563182,0.269658613985176,-0.142434997773373,0.00418274842199368
0.513819966073414,0.384074934809976,0.299565486359874,0.399601879906402,-0.129745031263438,0.100036393546528
0.478379107990244,0.446359275721096,0.32367284556751,0.384315855279255,-0.0320198322691483,0.0606430097117452
0.513269008094127,0.4059917026032,0.271667019069324,0.367345962682271,-0.107277305490926,0.0956789436129475
0.501867109930562,0.463406660767675,0.350359689076876,0.368241729900685,-0.0384604491628872,0.0178820408238098
0.478838280655275,0.317502408488151,0.262065083098214,0.315743804853462,-0.161335872167124,0.0536787217552474
0.510069797589858,0.482977067507749,0.316848128062383,0.289890334258812,-0.0270927300821087,-0.0269577938035705
0.432162866971965,0.456798836963814,0.32404451890963,0.383083480231144,0.0246359699918486,0.059038961321514
0.541498499028655,0.499797307365511,0.291308070058827,0.327147929242904,-0.0417011916631436,0.0358398591840762
0.474950239262928,0.512203347334706,0.31377800854877,0.321007358031843,0.0372531080717772,0.0072293494830728
0.449379984721174,0.390773276297,0.256709588733466,0.299633966330133,-0.0586067084241739,0.042924377596667
0.450225980227933,0.501890994199041,0.335140142371319,0.321434999820337,0.0516650139711084,-0.0137051425509815
0.419717482724621,0.480979444333157,0.339308262585744,0.318634722509141,0.0612619616085355,-0.0206735400766023
0.40694698040152,0.127926622431477,0.286747746481847,0.352391452182667,-0.279020357970043,0.0656437057008207
0.398473549967515,0.167042413583939,0.333962240420582,0.28222172246064,-0.231431136383576,-0.0517405179599417
0.290582310083044,0.289817438880457,0.309899818334054,0.316376963918687,-0.000764871202587614,0.00647714558463286
0.488343151372594,0.331783153431708,0.393527356084269,0.382630390852599,-0.156559997940886,-0.0108969652316701
0.410273521991762,0.440596791816596,0.36894469401758,0.295389546502008,0.0303232698248339,-0.0735551475155716
0.508424794000574,0.365185265587259,0.382933489338852,0.309849612567694,-0.143239528413315,-0.0730838767711583
