   0.0000000e+00   0.0000000e+00   0.0000000e+00   0.0000000e+00   0.0000000e+00   0.0000000e+00
  -4.9444021e-02   1.7551150e-01   1.4039064e+00   5.9988778e-03   9.9664706e-04   8.9165005e-04
  -2.7803514e-02   4.9864561e-02   3.2304381e-01   3.1690926e-03   2.8536847e-03   2.8276406e-04
  -8.4901611e-03  -4.0418388e-02   2.5672458e-01  -8.4136817e-03   3.4345691e-03   4.4107381e-04
  -1.2097878e-02   7.1731642e-02   3.7017007e-01   3.5848451e-03   3.1589886e-03   2.3994666e-04
   1.4848592e-02   4.5323529e-02   2.2366224e-01   7.1304757e-04   2.6869928e-03  -1.3104977e-04
   8.0620275e-02   6.7570513e-02   4.0357977e-01  -1.0153907e-02   4.5461803e-03  -8.8077786e-04
   1.2636360e-03   3.7061370e-02  -1.5676539e-02   3.6392201e-04   3.1190434e-03  -8.8073172e-05
   2.1166826e-02  -7.3777293e-02  -3.7209707e-02  -1.2136305e-02   2.2434454e-03  -5.4412287e-05
   2.9552774e-03   3.4521769e-02   4.1229386e-02   4.7455620e-04   1.6376947e-03  -1.1868741e-04
  -3.5625198e-02   4.9086009e-02   8.9261145e-01   2.9477229e-03   7.2639590e-04   3.1140103e-04
  -6.8378334e-03   7.4157541e-02   2.6673466e-01  -7.6864089e-03  -2.3176283e-03   2.9605838e-04
   6.5417329e-02   3.0147393e-01   3.3626252e+00   3.1338957e-03   9.8947804e-03   1.5910120e-03
   1.9768483e-01   7.8673796e-01   6.5641200e+00   2.5706039e-02   1.1247494e-02   1.0789168e-03
   1.8467419e-03   5.3436382e-01   5.3941998e+00   3.1353885e-02   1.9773272e-02   3.7875293e-03
  -3.9394158e-02   4.4722409e-01   4.8842294e+00   3.0392012e-02   1.9252219e-02   2.7722730e-03
   1.2707653e-01   3.8585437e-01   4.0850997e+00   1.9698410e-02   1.3849718e-02  -2.3223953e-04
   1.3533400e-01   4.1370116e-01   4.2055802e+00   2.0529478e-02   1.7414910e-02   8.9015288e-05
   1.0508103e-01   2.4203251e-01   3.8320217e+00   1.1451123e-02   1.9318015e-02   1.1807490e-03
   2.2918425e-01   3.9621929e-01   5.1160274e+00   3.8900150e-02   1.3302156e-02  -9.5203556e-04
   1.0263368e-01   3.7413317e-01   3.8571643e+00   2.2316023e-02   1.2284950e-02   8.2777079e-04
   1.1223199e-01   3.8295148e-01   3.8718515e+00   2.2239089e-02   1.3571279e-02   3.9192477e-04
   8.2883539e-02   3.7659734e-01   3.7050963e+00   2.1502204e-02   1.4427493e-02   7.7531440e-04
   1.5904089e-01   3.4607870e-01   3.3319124e+00   1.7596571e-02   1.0829195e-02  -7.3029942e-04
   9.2054678e-02   2.6901783e-01   2.9438067e+00   9.5062585e-03   1.8457057e-02  -2.3876424e-04
   1.7139846e-01   3.7948292e-01   5.0757205e+00   2.4261083e-02  -2.7038841e-03  -1.1251525e-03
   8.2527979e-02   4.6438674e-01   5.8614178e+00   3.6210133e-02   2.4896795e-02   2.0602340e-03
   1.1274059e-01   4.0030057e-01   4.6701025e+00   2.2978945e-02   2.4222112e-02   1.8438791e-03
   1.4439976e-01   3.1042950e-01   4.3479285e+00   1.5746687e-02   2.4940166e-02   6.0530532e-04
   1.4625607e-01   2.6802051e-01   3.6777154e+00   1.4594086e-02   2.0059865e-02  -6.9804742e-05
   1.5153209e-01   2.4494624e-01   3.4792294e+00   1.1031931e-02   2.0278635e-02  -5.7517169e-04
   1.5301958e-01   2.1758703e-01   3.5609606e+00   1.0933929e-02   2.2029054e-02   1.2316882e-04
   1.4587765e-01   3.9654531e-01   5.2409087e+00   4.3913584e-02   1.4869327e-02   5.7791081e-06
   8.0417325e-02   8.9871825e-02   2.7923126e+00   1.0088776e-02   1.2369900e-02   6.5312816e-04
   9.8376946e-02   1.5770807e-01   3.1704555e+00   1.3601120e-02   1.2929260e-02   4.2487284e-04
   9.9367248e-02   1.9181208e-01   3.1603961e+00   1.3344269e-02   1.3269476e-02   3.8389465e-04
   8.3705992e-02   2.0411062e-01   3.2070425e+00   1.3653113e-02   1.2138058e-02   8.8165614e-04
   7.1474949e-02   1.1593883e-01   3.1115720e+00   6.7939973e-04   1.9203117e-02   6.1936186e-04
   1.1637307e-01   2.8862568e-01   3.2508782e+00   1.3106421e-02   1.5681205e-02   6.2322337e-04
   1.0421140e-01   2.4730523e-01   2.9396220e+00   7.9789914e-03   1.5755181e-02   4.6522820e-04
   9.4375037e-02   2.2599740e-01   2.9605351e+00   9.0696703e-03   1.3114531e-02   6.5184714e-04
   5.1988342e-02  -1.2175019e-01   4.3415022e+00   3.2417106e-03   1.7950849e-02   1.4943954e-03
   4.8860106e-01   1.3267100e-01   6.0864707e+00   3.7859211e-02   2.2950107e-02  -5.3908739e-03
   1.3542811e-01  -3.0710575e-02  -4.4560858e-03  -3.6142291e-03  -1.6442600e-03  -1.9426552e-03
   1.1333391e-01  -8.1775776e-02  -6.8904053e-03  -4.3923253e-03  -1.9424593e-03  -1.7842754e-03
   1.0585796e-01  -8.5454095e-02   9.9759588e-02  -3.5535933e-03  -2.5318503e-03  -1.9310527e-03
   1.1704018e-01  -1.0415490e-01   2.1045208e-01  -1.5658731e-03  -2.7642620e-03  -2.1795799e-03
   1.1828052e-01  -7.3408711e-02   2.7476594e-01  -2.2991618e-03  -3.2728533e-03  -2.1586573e-03
   8.3560140e-02  -7.5206137e-02   3.1554659e-01  -2.7991550e-03  -3.1881968e-03  -1.1114570e-03
   5.7561409e-02  -9.2909238e-03   3.0642449e-01  -5.6133750e-03  -3.7408910e-03  -5.6928962e-04
   6.6405547e-02  -9.9817681e-03   2.1056645e-01  -8.6424868e-03  -5.6555993e-03  -8.6458900e-04
   7.3748666e-02   1.3062761e-02   1.7784604e-01  -6.6011962e-03  -2.4492945e-03  -7.1935095e-04
   4.4478029e-02  -4.4089332e-03   1.1450682e-01  -9.1302705e-03  -2.8862867e-03  -6.3814597e-05
   4.2611206e-02   1.8023203e-02   1.4134690e-01  -7.7327145e-03  -3.3256867e-03  -3.9560431e-04
   4.4211768e-02  -8.7254306e-02   1.0809885e-01  -8.1275929e-03   5.2401924e-04  -5.1151260e-04
   7.8968569e-02  -3.7301413e-02  -3.9792162e-01  -8.7609478e-03   2.2516853e-03  -4.7847807e-04
   9.7067361e-02  -2.8108588e-02  -5.0625357e-01  -9.9453672e-03   1.2709077e-03  -1.1283540e-03
   8.4560534e-02  -2.4999491e-02  -6.1131749e-01  -1.0724606e-02   1.7514528e-03  -7.9587097e-04
   6.8150832e-02  -2.1518851e-02  -5.4266452e-01  -1.0772577e-02   2.9627768e-03  -3.1886981e-04
   3.5580674e-02  -3.5133393e-02  -7.7650009e-01  -1.2821203e-02   6.6455330e-03   1.3971807e-04
   4.8503754e-02  -4.8877341e-03  -2.1576812e-01  -6.5234637e-03   4.1816500e-03   2.2167109e-04
   8.0340023e-02  -2.3159616e-02  -5.6307364e-01  -1.1302586e-02   1.6206820e-03  -7.1861380e-04
   8.4455826e-02  -2.5361010e-02  -6.4990835e-01  -1.3207042e-02   1.1986584e-03  -6.9699133e-04
   5.2979962e-02   1.6845965e-03  -7.9372142e-01  -9.6809016e-03   1.0566477e-03  -5.0114928e-05
   1.0897562e-01  -4.4785706e-02   3.6517890e-02  -3.6892574e-03   5.6629159e-04  -1.0341526e-03
   1.0267914e-01  -1.6103550e-01  -6.8837630e-01  -1.6993433e-02   4.3306879e-04  -1.4002558e-03
   1.8537708e-02   4.7779399e-02   1.6134889e-01  -8.0405138e-04   2.9426677e-04  -2.0661940e-05
   7.0116686e-02  -1.0505157e-02  -1.3512005e-01  -2.3186149e-03   1.0636726e-03  -5.0855968e-04
   7.1107168e-02  -3.2945383e-02  -2.2609965e-01  -4.1961428e-03   2.0217304e-03  -5.6139976e-04
  -6.9096870e-03   1.1304597e-01   7.7848945e-01  -1.2470921e-02   2.6985080e-03   3.2841869e-04
   2.9925239e-02   2.6978959e-02  -1.3312209e-02  -5.0797908e-03   3.6733706e-04  -2.5581272e-04
   6.0285252e-02  -1.4672074e-02  -7.9528800e-02  -5.9206887e-03   1.6558532e-03  -6.1727186e-04
   5.2334812e-02  -1.2532267e-04  -1.8336274e-01  -7.2080366e-03   1.4718931e-03  -7.2053626e-04
   2.7814123e-02   1.3795285e-02   4.8576001e-01  -9.0880443e-03   1.4212734e-03  -3.0465479e-04
   8.2286156e-02  -1.5587384e-02  -8.2664952e-01  -1.2677243e-02   1.6327204e-03  -9.5683148e-04
   9.5918924e-02   4.6499151e-03  -8.1410816e-01  -1.2895615e-02   5.1476810e-03  -1.0264205e-03
   3.7720860e-02  -4.8182948e-02  -9.7223263e-01  -1.0963089e-02   5.3374074e-03  -1.2291134e-04
   7.3708640e-02  -6.5706407e-02  -1.1159253e+00  -1.3416865e-02   3.7800190e-03  -7.1165508e-04
   5.4955597e-02  -2.2795633e-01  -1.1827844e+00  -2.1708217e-02   4.2475475e-03  -6.4131095e-04
   8.6107611e-02  -1.6982955e-02  -5.4984933e-01  -7.0023919e-03   3.6114934e-03  -8.3362953e-04
   9.3092617e-02  -4.3095814e-02  -6.4744881e-01  -7.7671566e-03   3.5008715e-03  -9.8560551e-04
   8.6418269e-02  -4.2151548e-02  -7.1533370e-01  -8.8219983e-03   3.8088208e-03  -8.6519882e-04
   8.8407041e-02  -2.4293543e-02  -7.4619784e-01  -9.9040956e-03   3.5459965e-03  -9.5013128e-04
  -3.3669995e-02   7.0968203e-03   3.3142747e-02  -7.8672251e-04  -1.7504305e-03   7.7379120e-04
   7.1573341e-02  -3.1420812e-02  -1.0981360e+00  -9.8159752e-03   5.3611306e-03  -5.5045776e-04
   9.7374259e-02  -4.3693702e-02  -1.1691121e+00  -1.1280897e-02   5.0213510e-03  -9.5828565e-04
   8.9806696e-02  -5.3370604e-02  -1.2974837e+00  -1.3287157e-02   4.5368961e-03  -9.3759939e-04
   1.0828666e-01   4.2578350e-02  -6.7474794e-01  -2.5849207e-02   1.2630612e-02  -1.1538620e-03
   1.6662503e-02  -2.3734691e-02  -1.0317769e+00  -8.5872528e-03   7.5613023e-03   6.5589168e-04
   6.0467996e-02  -3.4656523e-02  -1.0548997e+00  -7.9202684e-03   5.9379767e-03  -3.5312024e-04
  -4.5138572e-02   3.5512216e-02   1.1867675e-01   1.0048810e-02   2.4277030e-03   1.4732697e-03
   3.5964251e-02  -2.3206953e-02  -1.5352108e+00  -1.1345958e-02   2.9333555e-03  -1.1646714e-04
   5.3934605e-02  -3.1256645e-02  -1.5425655e+00  -1.2903063e-02   2.6630551e-03  -5.5207421e-04
   5.1327607e-02  -4.6068118e-02  -1.5526255e+00  -1.2938516e-02   2.1779441e-03  -4.2191556e-04
   4.0135978e-02  -3.6088255e-02  -1.4584211e+00  -1.2546023e-02   2.1010662e-03  -4.2604572e-04
   1.3907355e-02   5.0825960e-02  -1.8054208e-01  -1.3731502e-02   2.7943021e-03   2.5905230e-04
   2.3120770e-02  -4.3128108e-02  -1.4821348e+00  -1.3929267e-02  -1.4414861e-04  -3.8133108e-04
   6.0901795e-02  -8.5103231e-02  -1.4625580e+00  -1.4950341e-02   1.0132398e-03  -9.0684575e-04
   7.9040607e-02   8.4864164e-02  -1.0529678e-01  -2.2055460e-02   5.1862341e-03  -8.2251663e-04
   6.0011608e-02  -2.2724695e-02  -1.0460268e+00  -1.0621342e-02   2.4312595e-03  -7.8048026e-04
   8.4717510e-02  -6.3662738e-02  -1.2917513e+00  -1.4651847e-02   2.0621020e-03  -1.4731416e-03
   6.9138208e-02  -5.7475551e-02  -1.3623550e+00  -1.6286236e-02   1.8526641e-03  -1.3254652e-03
  -3.5251579e-03   5.0498259e-02  -2.9351906e-01   7.1169781e-03   7.2499433e-04   4.7220017e-04
   3.2758550e-02  -1.7350118e-01  -1.9262870e+00  -2.0834336e-02   5.5754166e-04  -7.0672744e-04
   7.9789391e-03  -3.9187626e-02  -7.1292565e-01  -7.1722123e-03   3.7455939e-04  -5.2360227e-04
  -5.8969470e-03  -1.3747110e-01  -9.0197715e-01  -1.0713870e-02  -3.3073980e-04   1.8280315e-04
   7.2492243e-02  -2.6156899e-02  -1.3966060e+00  -8.4703029e-03   1.4831867e-03  -6.7234786e-04
   7.3826687e-02  -5.4274605e-02  -1.7163959e+00  -1.4698636e-02   2.3874128e-03  -9.3919573e-04
  -5.4372907e-02   1.0219059e-01  -5.6105026e-01  -9.5066755e-03  -1.1240343e-03   9.3731586e-04
   6.3826941e-02  -8.8910537e-02  -2.3451713e+00  -1.6382506e-02   3.5342426e-03  -1.1276501e-03
   8.4331211e-02  -8.8248936e-02  -2.2142771e+00  -1.7527939e-02   3.6452981e-03  -1.3991940e-03
   3.1258524e-02   9.4911561e-02  -7.9474930e-01  -2.2250158e-02   3.9820542e-03  -7.7443336e-04
   3.0212572e-02  -6.7771640e-02  -1.8177462e+00  -1.3951729e-02   2.2603183e-03  -9.0466222e-04
   2.5975261e-02  -8.2714772e-02  -1.9007197e+00  -1.9073514e-02   2.1287607e-03  -7.8529778e-04
  -1.8456787e-02   4.7946647e-02  -1.3932923e-01   3.0436756e-03  -1.9787368e-04  -1.3165575e-04
   3.0837949e-02  -6.4185104e-02  -1.0888793e+00  -1.0280282e-02   2.6786642e-03  -8.5395254e-04
   2.5095004e-02  -4.5214987e-02  -1.2120049e+00  -1.1915065e-02   3.4276654e-03  -9.7860108e-04
   1.2948296e-02  -4.5022420e-02  -1.2703458e+00  -1.3658534e-02   4.2350708e-03  -5.4023077e-04
  -1.2828056e-02  -1.5261161e-01  -1.2746295e+00  -1.7774071e-02   1.7120664e-03   4.3121196e-04
  -1.7971550e-02  -8.2031375e-02  -1.9352874e+00  -1.3033653e-02   7.0700336e-04  -4.0376767e-04
   4.8352011e-03  -7.3874119e-02  -2.1053588e+00  -1.5825317e-02   1.7243677e-03  -6.8531397e-04
   1.3349841e-02  -5.1336766e-02  -1.9336250e+00  -1.4291958e-02   1.0813764e-03  -6.2109633e-04
   1.4738894e-02  -6.9796133e-02  -1.9521486e+00  -1.3850939e-02   1.2213223e-03  -8.2107858e-04
  -1.0229641e-01   2.6394244e-02  -9.8664088e-02  -2.7059293e-03   1.4238378e-04   9.0540351e-04
  -1.7020966e-02  -5.3138746e-02  -1.1833050e+00  -9.2387459e-03   5.2912730e-04  -1.4457965e-04
  -9.4280966e-02   6.7238724e-02  -7.1770061e-01  -1.0892293e-02  -1.5127967e-03   1.6000066e-03
  -2.8851653e-02  -5.3978393e-02  -2.4390914e+00  -1.6195916e-02  -5.2635398e-04  -2.7051510e-04
   7.7176094e-03  -1.1004227e-01  -2.3043205e+00  -1.5887495e-02   1.4463893e-04  -9.5056689e-04
  -5.3537454e-02  -1.2094791e-01  -2.4097861e+00  -2.4566077e-02   1.0192620e-03   4.8445930e-04
  -8.5281092e-02   5.2357975e-03  -1.5467119e+00  -1.4024360e-02   8.9310691e-04   1.2176386e-03
  -3.8103307e-02   7.2107542e-02  -1.1803756e+00  -8.1721664e-03  -2.1869965e-03   5.5868053e-04
  -3.6368208e-02  -5.3175644e-02  -2.2595770e+00  -1.7247815e-02  -1.7865521e-03   2.2541177e-04
  -2.2282417e-02  -7.0937265e-02  -2.1708749e+00  -1.5005358e-02  -2.9066539e-04  -2.6827823e-04
  -1.3334349e-03  -7.0412110e-02  -2.0804266e+00  -1.4374307e-02   1.1034518e-03  -5.6955153e-04
  -4.9239371e-02  -9.8538450e-02  -2.2712047e+00  -2.0012936e-02   7.8552115e-04   7.7253861e-05
  -1.8457406e-02  -8.6299964e-02  -1.4770326e+00  -2.0970433e-04   1.2534543e-03  -1.5185515e-05
   1.2826771e-02  -1.2679423e-01  -2.5515634e+00  -1.6375123e-02   3.3128311e-03  -8.7806523e-04
  -2.2111515e-02  -5.9799312e-02  -1.8458044e+00  -2.8432925e-03   2.7386773e-03   5.1986973e-04
   2.4643278e-02  -7.9053803e-02  -2.6091051e+00  -1.6304876e-02   2.2708590e-03  -5.0411912e-04
   2.1082211e-02  -7.2468799e-02  -2.3917955e+00  -1.4831707e-02   2.5208234e-03  -3.2594087e-04
  -2.6230903e-02  -6.2908541e-03  -4.8861915e-01  -2.5447320e-03   3.7910403e-03   9.3490333e-04
   1.4436985e-02  -6.3511888e-02  -1.6952676e+00  -1.2090376e-02   1.7974125e-03  -2.4678233e-04
   3.5343595e-02  -9.9948165e-02  -1.7976227e+00  -1.5465920e-02   3.5955021e-03  -7.2927940e-04
   3.0252889e-02  -1.3288669e-02  -1.7666927e+00  -8.2648360e-04   4.4669790e-03  -1.3104296e-04
   2.2859708e-02  -6.8014072e-02  -2.5408007e+00  -1.5333364e-02   4.9988420e-03  -6.1627822e-04
   3.4708925e-02  -6.6776481e-02  -2.6059165e+00  -1.6875889e-02   4.9027127e-03  -6.6669376e-04
  -4.8327712e-02   1.3268683e-01  -5.9698781e-01  -2.5049141e-02   4.6615086e-03  -2.8496005e-04
  -1.3981276e-02  -6.9117601e-02  -2.1165853e+00  -1.4110061e-02   1.5308968e-03  -5.2492031e-04
   9.5623531e-03  -1.1440437e-01  -2.1788117e+00  -1.5993537e-02   1.8570362e-03  -9.9086501e-04
   1.5084605e-02  -8.8381450e-02  -2.2446313e+00  -1.6693396e-02   1.4190157e-03  -1.1109418e-03
   6.6143766e-03  -5.9516452e-02  -2.2594207e+00  -1.7836561e-02   1.6586755e-03  -9.9896745e-04
  -2.0904048e-02  -1.1676061e-02  -9.9089075e-01  -1.4280416e-02  -1.5066628e-04   3.6787372e-05
   4.5882350e-03  -6.3776764e-02  -1.8332316e+00  -1.5210234e-02   4.6842191e-04  -6.5108479e-04
   2.9376486e-02  -9.5831277e-02  -1.8611545e+00  -1.5947130e-02   7.8104980e-04  -1.2850428e-03
  -1.6915708e-02  -2.6316393e-01  -1.9068942e+00  -3.1014342e-02   6.5074403e-04   3.0406711e-04
  -2.3499981e-02  -4.1229196e-02  -1.7740996e+00  -1.4280086e-02   1.1694404e-03  -2.9223173e-04
  -1.0845399e-02  -8.7551219e-02  -1.8318626e+00  -1.4981087e-02   1.8332804e-03  -5.6164478e-04
  -2.7758465e-02  -9.2045725e-02  -1.9645288e+00  -2.2324409e-02   2.4605965e-03  -2.1223288e-04
  -7.0220173e-02   4.3606760e-02  -8.4366426e-01   4.3480084e-03  -2.4102281e-03   4.7872749e-04
  -2.9077411e-02  -6.1449085e-02  -2.3440571e+00  -1.9444052e-02  -2.4207313e-04  -2.5179540e-04
  -3.3527316e-02  -6.9322480e-02  -2.3729437e+00  -2.0143992e-02  -9.6151167e-04  -3.7901641e-04
  -2.9625852e-02  -5.9097818e-02  -2.3959407e+00  -2.0257482e-02  -3.4358910e-04  -6.8319957e-04
  -3.8311881e-03  -3.7099825e-02  -1.7913930e+00  -5.7591549e-03   2.8177124e-03  -8.2131859e-04
   4.1383927e-03  -7.6022178e-02  -2.4040046e+00  -1.6806203e-02   2.1981897e-03  -9.7986062e-04
  -1.7283370e-02  -8.1529828e-02  -2.3549990e+00  -1.7534217e-02   3.7011384e-03  -7.1425680e-04
  -2.8662428e-04  -8.5629998e-02  -2.3015354e+00  -1.5369576e-02   4.0869804e-03  -8.4018796e-04
   1.2618831e-02  -5.3745994e-02  -1.7551857e+00  -2.2716368e-02   7.3725522e-03  -7.9931716e-04
   5.8086155e-02  -6.0796126e-02  -1.7804648e+00  -1.2158439e-02   4.7740420e-03  -1.1859047e-03
   3.5207539e-02  -2.5956443e-02  -1.2202214e+00  -9.3441991e-03   4.0039208e-03  -6.1310801e-04
   4.2542884e-02  -1.0475909e-01  -2.2146464e+00  -1.3760427e-02   2.8256043e-03  -9.5147490e-04
   5.3087260e-02  -9.1236266e-02  -2.0454724e+00  -1.3830075e-02   3.5066168e-03  -1.2593831e-03
   5.3147956e-02  -8.2734883e-02  -2.1647389e+00  -1.5940826e-02   3.8111581e-03  -1.3735427e-03
   5.5543093e-02  -4.2398301e-02  -2.3756225e+00  -2.1563859e-02  -2.1516351e-03  -8.6070694e-04
   6.4989875e-02  -6.7616007e-02  -2.2017870e+00  -1.7778754e-02  -7.9252688e-04  -1.5433829e-03
   6.2764332e-02  -5.2550599e-02  -2.2625358e+00  -1.8586896e-02   9.6823380e-05  -1.4614949e-03
   7.2827829e-02  -8.4332388e-02  -2.2730579e+00  -1.8368946e-02   9.1725723e-04  -1.6097829e-03
   2.9103981e-02   2.6990791e-02  -1.6763871e+00  -2.2752900e-02   1.2502581e-03  -1.2826002e-03
  -2.4197796e-03  -3.8524204e-02  -1.7543921e+00  -1.3259731e-02   3.7225839e-04  -4.9584486e-04
  -5.8488919e-02   3.3370135e-02   2.8726181e-01   8.6644067e-03   1.1602107e-03   9.0905041e-04
   4.7886889e-02  -5.2158071e-02  -1.5025466e+00  -1.0975853e-02   1.0911424e-03  -1.0611526e-03
   5.4642573e-02  -7.0059677e-02  -1.5574285e+00  -1.2575666e-02   6.7578573e-04  -1.1049454e-03
   9.1259844e-03  -5.1018041e-02  -1.6818964e+00  -1.2674067e-02   1.0629321e-03  -5.9279964e-04
   1.0466124e-02  -1.4147960e-01  -1.6589033e+00  -1.5093740e-02  -7.6772064e-04  -4.0087127e-04
   3.1067098e-02  -7.0029795e-02  -1.8925909e+00  -1.1820768e-02   2.5458439e-03  -7.1418546e-04
   5.1071117e-02  -7.4428021e-02  -1.9408141e+00  -1.3526249e-02   1.5510271e-03  -1.0769463e-03
   8.7074960e-04  -1.4563584e-01  -2.1455170e+00  -2.2153807e-02   2.7359773e-03   3.5912646e-04
   1.0209227e-02  -1.6913430e-02  -1.0839996e+00  -3.3304992e-03   1.2454127e-03  -4.6822227e-04
   8.2809467e-02  -1.9294827e-02  -1.1170991e+00  -2.5418046e-02   5.6889354e-03  -1.1705081e-03
   4.6133570e-02  -5.9375625e-02  -1.0562287e+00  -5.3861174e-03   2.0891576e-03  -8.1891832e-04
   3.6184272e-02  -6.3333776e-02  -1.2034336e+00  -7.7633458e-03   1.9511911e-03  -6.7672634e-04
   4.6280416e-03   8.1360544e-02   5.4769211e-02   3.9549760e-04   3.1211823e-03   3.0755619e-04
   6.3804432e-03  -1.2572053e-01  -2.4366960e+00  -1.3968613e-02   3.8977940e-03   6.5487586e-05
   4.8431911e-02  -8.0637564e-02  -1.7237124e+00  -8.2475908e-03   3.5730063e-03  -8.6350978e-04
   6.9229735e-02  -8.7690838e-02  -1.8597072e+00  -9.9018132e-03   3.6872907e-03  -1.4863712e-03
   7.5589205e-02  -9.5044343e-02  -1.8796234e+00  -1.0095792e-02   3.8476211e-03  -1.5370387e-03
   6.9693594e-02  -8.3584979e-02  -1.9505319e+00  -1.1206960e-02   3.7385528e-03  -1.5986213e-03
   6.7180408e-02  -2.0735523e-01  -2.0402087e+00  -1.7261441e-02   4.7968502e-03  -1.5142314e-03
   4.8994858e-02  -3.5900797e-02  -1.1629826e+00  -8.7597159e-04   8.4871994e-04  -1.1944093e-03
   1.3861188e-02  -1.8840359e-01  -2.2206262e+00  -2.3439115e-02   1.3370012e-04  -2.1811316e-04
   3.8248957e-02  -4.7558033e-02  -1.8179936e+00  -1.2100659e-02   2.6218815e-03  -5.9440030e-04
   5.3771954e-02  -7.2205172e-02  -1.8543307e+00  -1.1014197e-02   2.9786268e-03  -1.0040531e-03
   5.5854886e-02  -6.1978228e-02  -1.9752681e+00  -1.3039898e-02   3.1680355e-03  -1.1330197e-03
   6.5277745e-02  -6.6265351e-02  -2.0190076e+00  -1.3485550e-02   3.5494537e-03  -1.3867816e-03
   5.1852673e-02  -1.9413680e-01  -1.9557656e+00  -3.2550304e-02   3.0129087e-03  -9.7709579e-04
   8.7155074e-03  -3.8899785e-02  -1.3089904e+00  -9.8245019e-03   1.3087540e-03  -6.6273848e-04
  -1.0486761e-03  -5.0937795e-02  -1.4557402e+00  -1.1609687e-02   2.2349859e-03  -5.5795467e-04
   7.5094446e-03  -5.9613581e-02  -1.5578742e+00  -1.3921081e-02   2.0415247e-03  -8.6077555e-04
  -3.2614522e-03  -1.1736761e-02  -6.9431292e-01   1.3881129e-03   5.4970340e-03   4.8065545e-04
   3.1557597e-02  -6.2670755e-02  -1.8060907e+00  -1.3038412e-02   4.4129758e-03  -6.4016643e-04
   4.5862459e-02  -6.1145104e-02  -1.8709534e+00  -1.4138732e-02   4.1924419e-03  -7.2185392e-04
   8.2138727e-02  -1.1781870e-01  -1.5279781e+00  -2.8730922e-02   7.8461097e-03  -1.3015010e-03
   1.0594958e-02  -5.9918110e-02  -2.0537905e+00  -1.2182128e-02   3.4820823e-03  -6.8218945e-04
   1.5898587e-02  -6.8310876e-02  -2.2146178e+00  -1.4058780e-02   4.1161157e-03  -1.1016927e-03
   1.4443207e-02  -8.9440252e-02  -1.6016282e+00  -1.1415004e-02   6.9501543e-03  -4.7880789e-04
   2.6992228e-02  -8.1321602e-02  -1.8531536e+00  -1.1205328e-02   4.9513961e-03  -8.1352078e-04
   1.9481994e-02  -7.6511369e-02  -1.8586565e+00  -1.1992623e-02   4.9046156e-03  -8.8495372e-04
   1.3439389e-02  -9.3720564e-02  -1.9269449e+00  -1.2542075e-02   4.8357973e-03  -7.2469649e-04
  -2.8621303e-02  -3.6408700e-02  -1.0206625e+00  -5.0413681e-03   5.1370740e-04   6.9313196e-05
   2.5812185e-02  -6.9372587e-02  -2.1066187e+00  -1.4546334e-02   1.9865426e-03  -1.1204916e-03
   3.0336506e-02  -6.4649422e-02  -2.1542663e+00  -1.5195029e-02   1.3883045e-03  -1.1375451e-03
   3.8702712e-02  -9.8918374e-02  -2.2065863e+00  -1.5392181e-02   3.2682115e-03  -1.4223781e-03
   7.8995097e-03  -6.7532837e-02  -2.2794523e+00  -1.6390648e-02   1.6828828e-03  -1.1620324e-03
   4.5411754e-02  -1.6420595e-01  -1.9856473e+00  -2.9472567e-02   4.2003510e-03  -1.8415634e-03
   3.3807239e-02  -7.0640981e-02  -1.7335040e+00  -1.2910706e-02  -3.7572733e-04  -1.4221816e-03
   5.4866267e-02  -1.0935687e-01  -1.7853592e+00  -1.4077967e-02  -7.7338802e-04  -1.6782969e-03
   5.0405368e-02  -1.0294453e-01  -1.8300062e+00  -1.4610884e-02  -4.6084306e-04  -1.5813664e-03
   5.6688923e-02  -8.6940804e-02  -1.5150194e+00  -1.6006122e-02   4.3021720e-03  -1.6993993e-03
   4.0535573e-02  -7.8230381e-02  -2.3339630e+00  -1.2409906e-02   7.4050162e-03  -9.1473226e-04
   3.0432579e-02  -2.0881042e-01  -2.4273922e+00  -2.1794706e-02   6.4142286e-03   9.2947911e-05
   9.0552964e-03  -3.9479405e-02  -1.3809192e+00  -7.0255196e-03   3.9159967e-03  -1.5761846e-05
   6.3295400e-02  -4.0937538e-02  -1.6063133e+00  -1.0724170e-02   4.3468576e-03  -8.5447368e-04
   5.3463668e-02  -6.3982151e-02  -1.6483051e+00  -1.0693258e-02   3.6685126e-03  -6.9931336e-04
   6.5416610e-02  -6.5103898e-02  -1.7194211e+00  -1.1318367e-02   3.2701319e-03  -9.2529021e-04
  -3.0017124e-03   4.3339706e-02   1.5884225e-01   1.8152869e-02   7.7262384e-04   1.9199586e-04
   3.9645653e-02  -8.8860334e-02  -1.7792293e+00  -1.1451529e-02   2.8405356e-03  -9.9048221e-04
   4.6888101e-02  -9.5574343e-02  -1.9306145e+00  -1.3703275e-02   2.3605818e-03  -1.0896335e-03
   3.4375132e-02  -8.2359675e-02  -1.9602231e+00  -1.4237193e-02   2.5047160e-03  -8.1583889e-04
   1.8580080e-02  -9.2764584e-02  -2.0766634e+00  -1.5006458e-02   3.6336272e-03  -7.7976168e-04
   5.0889681e-02  -1.1669018e-02  -7.3283410e-01   5.5796681e-03   4.7319559e-03  -4.6974435e-04
   9.5990196e-02  -9.1223882e-02  -1.5579415e+00  -1.7921851e-02   4.7428681e-03  -2.2577789e-03
   6.9224693e-02  -7.6090811e-02  -1.4616840e+00  -1.0238654e-02  -6.7135760e-04  -1.7368221e-03
  -3.8745952e-02   4.0361776e-02   5.0633713e-01  -1.3202914e-04  -1.4959931e-03   1.8523863e-04
   2.1924485e-02  -3.8410670e-02  -1.1247663e+00  -6.8981239e-03   1.8344357e-03  -8.2143999e-04
   2.8392715e-02  -5.5286968e-02  -9.7953500e-01  -1.4982138e-03   6.0781850e-03  -7.3785105e-04
   5.9047928e-02  -7.3447218e-02  -1.7086963e+00  -9.7866794e-03   5.3423289e-03  -1.3664655e-03
   5.1370050e-02  -1.9865533e-01  -1.8003567e+00  -1.5633774e-02   5.1742645e-03  -7.3737075e-04
   4.2516622e-02  -3.7579509e-02  -1.8488912e+00  -4.5003187e-03   8.7416592e-03  -3.1135684e-04
   6.7199964e-02  -7.0803226e-02  -2.1731074e+00  -8.9605728e-03   7.7730997e-03  -1.0467482e-03
   8.6104537e-02  -6.9406608e-02  -2.3212257e+00  -1.0950345e-02   7.4685253e-03  -1.4370610e-03
   7.9214255e-02  -6.7810149e-02  -2.4213859e+00  -1.2353688e-02   6.6430700e-03  -1.4077644e-03
   6.2023302e-02  -9.6067364e-02  -1.9438010e+00  -9.1000118e-03   9.2319256e-03  -9.4149777e-04
   6.4490416e-02  -7.4100154e-02  -2.1379146e+00  -9.3963442e-03   7.5340801e-03  -1.0051536e-03
   7.2957852e-02  -8.5232077e-02  -2.1492029e+00  -1.0673057e-02   8.1665409e-03  -1.3615178e-03
   5.9062132e-02  -5.9115972e-02  -2.1946556e+00  -1.1226696e-02   7.5955204e-03  -9.7347590e-04
  -8.5376190e-03  -3.1619577e-02  -1.2371287e+00   3.4642972e-03   1.0634003e-02   2.2550224e-04
   5.5086764e-02  -6.8634312e-02  -2.3006386e+00  -1.2958412e-02   7.7726885e-03  -9.0554014e-04
   5.3210892e-02  -6.6439736e-02  -2.3207938e+00  -1.3871498e-02   7.0812605e-03  -9.1768342e-04
   3.0724913e-02  -4.4269212e-02  -1.0007089e+00   5.2573735e-04   7.0613403e-03  -4.9024515e-04
   4.7805174e-04  -1.3470709e-01  -4.0732494e+00  -2.1667056e-02  -2.1824210e-03  -8.1405872e-04
   8.6497017e-04  -1.4067595e-01  -4.0817339e+00  -2.2872079e-02  -1.7781262e-03  -7.5301831e-04
   1.6594330e-02  -1.2597916e-01  -3.9478554e+00  -2.2725567e-02  -1.8072419e-03  -9.3115182e-04
   3.2779187e-02  -1.3706113e-01  -3.9122278e+00  -2.2415008e-02  -1.6596409e-03  -1.2306999e-03
   9.8711563e-03  -1.1926441e-01  -3.7979584e+00  -2.2692104e-02  -2.4999697e-04  -1.1841608e-03
  -1.1540216e-02  -1.1896986e-01  -3.7222125e+00  -2.1646786e-02  -1.0172176e-03  -7.0757843e-04
  -1.5160555e-02  -1.2668370e-01  -3.7512208e+00  -2.2563219e-02  -3.9274051e-04  -8.0793443e-04
  -1.3114849e-02  -1.8310905e-01  -3.8472994e+00  -3.3437206e-02   1.4696540e-03  -6.8336543e-04
   2.8121099e-03  -1.2114095e-01  -2.3621742e+00  -1.9430508e-02   4.8128214e-03  -2.1369966e-04
  -2.1248482e-03  -5.2643214e-02  -2.8610508e+00  -1.6672242e-02   2.4820227e-03  -7.5644810e-05
   2.1673231e-02  -7.6751316e-02  -2.8158081e+00  -1.3838624e-02   2.2996387e-03  -6.8033533e-04
   3.6162999e-02  -7.7528141e-02  -2.9046231e+00  -1.6732079e-02   1.6021191e-03  -1.2358396e-03
   3.5647411e-02  -9.3920821e-02  -2.8409459e+00  -1.7426530e-02   2.5425723e-03  -1.1741786e-03
   1.9658720e-02  -8.5111612e-02  -2.8507275e+00  -1.8035902e-02   2.0240323e-03  -1.1869375e-03
   1.9848556e-02  -8.5539416e-02  -2.8808692e+00  -1.8480082e-02   1.5731989e-03  -1.2537416e-03
  -3.4334193e-03   9.5778596e-03  -1.2015259e+00   4.8781776e-03   8.5384747e-03   5.6763556e-04
   3.9414257e-02  -7.9252121e-02  -2.2457290e+00  -1.1153698e-02   6.6179385e-03  -5.9779626e-04
   3.7778269e-02  -6.7728124e-02  -2.3257559e+00  -1.1857954e-02   6.6270772e-03  -6.1955453e-04
   3.0322777e-02  -6.7099549e-02  -2.4488689e+00  -1.5325629e-02   6.6670493e-03  -4.8118691e-04
  -2.9126688e-02  -1.5608852e-02  -1.3281315e+00   4.0107375e-03   6.2014303e-03   6.0244389e-04
   1.1638075e-02  -4.1083681e-02  -2.3324137e+00  -1.1568075e-02   4.7719633e-03  -2.9331665e-05
   4.3053975e-02  -4.9719382e-02  -2.4293283e+00  -1.2303831e-02   4.6371758e-03  -5.1809293e-04
   3.0598628e-02  -1.7344365e-01  -2.6611354e+00  -2.0718529e-02   3.0796982e-03  -2.0325910e-04
   3.1847063e-02  -4.7687283e-02  -2.4864928e+00  -1.1112599e-02   7.0581370e-03  -3.0275814e-04
   7.0181777e-02  -7.2545474e-02  -2.7257652e+00  -1.4366721e-02   8.1035209e-03  -1.0782338e-03
   1.4254544e-02   1.5106183e-02  -1.2053131e+00  -1.0190296e-02   7.5678524e-03   6.6937433e-05
   2.3112572e-02  -4.2289382e-02  -2.3355384e+00  -1.1569224e-02   7.0935056e-03  -2.1703342e-04
   5.3752778e-02  -7.5305578e-02  -2.4114107e+00  -1.2502983e-02   7.6106374e-03  -9.7525439e-04
   2.3260853e-03  -1.1926692e-01  -1.3527658e+00  -8.6790071e-03   3.8150139e-03  -3.3260113e-04
   8.1520853e-02  -6.9407015e-02  -2.0596822e+00  -1.1236664e-02  -2.1595652e-04  -1.7358138e-03
   8.7149999e-02  -9.8185635e-02  -2.1898694e+00  -1.3202716e-02  -2.7281545e-04  -1.9899691e-03
  -1.4646740e-02   1.3934256e-01  -9.1334779e-01  -1.5283461e-02   3.7516094e-03  -6.0920070e-04
   5.3241495e-02  -8.4296897e-02  -2.4354428e+00  -1.2740951e-02   2.8229617e-03  -1.3017785e-03
  -4.5413149e-03  -7.7567816e-02  -2.0780825e+00  -1.1195837e-02   4.7808259e-03  -7.0599925e-04
   2.6010241e-02  -6.4671980e-02  -2.2286256e+00  -1.1276728e-02   4.2312859e-03  -9.3596829e-04
  -3.5752447e-02  -4.2217240e-02  -1.4158599e+00  -4.3768978e-03   5.5820303e-03   2.6921934e-04
   4.3783010e-02  -7.1137512e-02  -2.3517510e+00  -9.4683119e-03   4.3361299e-03  -1.3595147e-03
   2.6175153e-02  -9.1936623e-02  -2.4661903e+00  -1.1960022e-02   4.2637863e-03  -7.9550175e-04
   2.8000042e-02  -7.4911533e-02  -2.1159268e+00  -7.2668995e-03   6.2010409e-03  -7.7862082e-04
   5.3460208e-02  -5.4776494e-02  -2.1967378e+00  -1.0421285e-02   7.2925374e-03  -1.2643704e-03
   1.2609826e-02  -6.3405587e-02  -2.2207239e+00  -9.6931532e-03   6.4454593e-03  -6.6996791e-04
   1.8632991e-02  -8.0697709e-02  -2.3353210e+00  -1.1230760e-02   5.8276093e-03  -9.3134997e-04
  -1.5057647e-02  -8.2701078e-02  -2.4855266e+00  -1.6314866e-02   5.9029347e-03  -1.0941241e-04
   2.7437267e-02  -7.1086296e-02  -2.1779956e+00  -6.6074541e-03   7.4616086e-03  -6.8182981e-04
   4.4133949e-02  -9.4381313e-02  -2.3746243e+00  -9.9620274e-03   7.3762441e-03  -1.0185400e-03
   6.1227880e-02  -9.0244630e-02  -2.3569060e+00  -1.0338179e-02   7.4025159e-03  -1.3655685e-03
   2.0870617e-02  -4.2865372e-02  -1.5428783e+00   4.6939998e-03   5.6005304e-03  -4.1212657e-04
   5.0591788e-02  -7.4431698e-02  -2.4785742e+00  -9.6522777e-03   6.8003563e-03  -1.0876167e-03
   4.3695933e-02  -1.0328752e-01  -2.5671347e+00  -1.0565343e-02   8.1207080e-03  -9.5469524e-04
   6.4548604e-03  -8.5832979e-02  -2.5361650e+00  -1.1740508e-02   5.3702189e-03  -5.9804226e-04
   1.8917408e-02  -3.4716189e-02  -2.5338941e+00  -7.6176639e-03   7.0624262e-03  -5.1080613e-04
  -5.0134965e-03  -1.2804228e-01  -3.1151769e+00  -1.8133145e-02   7.0661787e-03  -7.4585765e-05
   2.6457158e-02  -8.6741268e-02  -2.2843686e+00  -8.3826029e-03   5.9402572e-03  -5.9067344e-04
   2.4248012e-02  -7.7559229e-02  -2.4015835e+00  -1.0877705e-02   6.4319175e-03  -6.1785313e-04
   3.0461464e-02  -8.5404306e-02  -2.4404597e+00  -1.0988239e-02   5.9737961e-03  -7.3421611e-04
   4.4200032e-02  -8.2806458e-02  -2.5252564e+00  -1.1931126e-02   5.4434691e-03  -9.3362674e-04
   9.0576754e-03  -8.1941897e-02  -2.8379753e+00  -1.0062644e-02   8.9126107e-03  -4.1094731e-04
   4.3094896e-02  -6.2350543e-02  -2.9653838e+00  -1.3166334e-02   6.8297666e-03  -8.2734757e-04
  -1.9853872e-03  -7.5215954e-02  -2.0205404e+00  -6.0834314e-04   5.9052758e-03   4.5847054e-04
   5.1772719e-02  -7.7016501e-02  -2.8127355e+00  -1.2301834e-02   5.8578043e-03  -6.5430191e-04
   5.0350838e-02  -1.6880669e-01  -2.8913086e+00  -1.8894399e-02   5.2108279e-03  -5.9279741e-04
  -5.4799724e-03  -1.3047909e-02  -1.6485761e+00  -5.3585685e-03   2.1463383e-03  -1.0317429e-04
   1.7469071e-02  -3.1971222e-02  -1.7877602e+00  -7.7398976e-03   2.4970696e-03  -6.5470432e-04
   3.0655393e-02  -4.4935546e-02  -1.8346537e+00  -9.1907907e-03   3.5251187e-03  -7.0877064e-04
   2.1530001e-02  -5.6731737e-02  -1.8531251e+00  -9.1643700e-03   3.2176644e-03  -8.3720010e-04
   2.0365686e-02  -8.6101354e-02  -1.8994209e+00  -7.8045460e-03   3.4331787e-03  -9.4226809e-04
   1.3959035e-02  -8.2872092e-02  -2.5084626e+00  -5.4448689e-03   2.8111598e-03  -1.8645274e-04
   4.6901509e-02  -7.3806307e-02  -2.8580863e+00  -1.1838092e-02   3.9474215e-03  -9.0191714e-04
   4.9153798e-02  -7.9222000e-02  -2.8503424e+00  -1.2528022e-02   3.3314039e-03  -1.0423059e-03
  -6.4295753e-04  -1.1592855e-01  -1.3581667e+00   5.9246734e-03   3.8365615e-03   2.2055877e-04
   6.0038743e-02  -4.8175884e-02  -2.6116307e+00  -1.2217374e-02   4.3590447e-03  -9.1579320e-04
   5.0369016e-02  -4.9164088e-02  -2.6879242e+00  -1.3654891e-02   3.9566956e-03  -8.8491425e-04
   4.8963938e-02  -6.3903833e-02  -2.6977233e+00  -1.3629993e-02   3.2356407e-03  -1.0985588e-03
   5.5671610e-02  -5.4912238e-02  -2.7082844e+00  -1.3411763e-02   3.1862467e-03  -1.0922867e-03
   5.5218375e-02  -7.0081803e-02  -2.7581984e+00  -1.3903952e-02   2.8512459e-03  -1.5072648e-03
   1.6680667e-02  -9.8890010e-02  -2.7388213e+00  -2.2768557e-02   4.0830706e-03  -7.8734136e-04
   3.6258742e-04  -6.3892731e-02  -2.5519840e+00  -8.2946454e-03   4.9508374e-03  -3.7161733e-05
   3.3255879e-02  -6.1654235e-02  -2.7136160e+00  -1.1436861e-02   4.6147353e-03  -5.4690248e-04
   8.3494583e-02   1.2130633e-02  -1.9761127e+00  -2.2226603e-02   1.0018515e-02  -1.2762931e-03
   4.0380633e-02  -5.5975676e-02  -2.3853647e+00  -1.0031542e-02   7.8890063e-03  -2.3108664e-04
   5.9817618e-02  -7.0157674e-02  -2.4878976e+00  -1.1290419e-02   8.2191126e-03  -6.5616377e-04
   6.7475700e-02  -7.4216628e-02  -2.5534938e+00  -1.2408349e-02   7.5232951e-03  -7.3406694e-04
   9.5064253e-02  -6.1320610e-02  -2.5212924e+00  -1.0760361e-02   7.0278291e-03  -1.3855757e-03
  -2.1774872e-02   3.7238861e-02  -1.1297412e+00  -6.7039180e-03   6.5626067e-03   4.8339299e-04
   1.9337907e-02  -5.7545474e-02  -2.3372754e+00  -9.6883926e-03   4.4474463e-03  -1.6917110e-04
   3.1216641e-02  -6.1572141e-02  -2.3132955e+00  -9.9636334e-03   5.2526878e-03  -4.3598477e-04
   5.2731382e-02  -6.2350252e-02  -2.3891240e+00  -1.1651581e-02   2.9225191e-03  -7.7527583e-04
   4.3484573e-02  -4.9175714e-02  -2.2168568e+00  -1.7302111e-02   4.9706597e-03  -7.0792284e-04
   2.5300348e-02  -7.7852625e-02  -1.9527377e+00  -7.5782988e-03   3.4811436e-03  -4.5558963e-04
   5.2945110e-02  -6.8651535e-02  -2.0661777e+00  -9.5104239e-03   2.4566185e-03  -8.6298397e-04
   4.4034677e-02  -8.8729546e-02  -2.0608719e+00  -9.0602017e-03   3.2150907e-03  -9.6308347e-04
   3.5841737e-03   3.2314503e-02  -1.3214583e+00  -3.7681909e-03   7.5691550e-03   7.5021782e-04
   7.0889125e-02  -7.4222624e-02  -2.7836258e+00  -6.9926323e-03   6.7869079e-03  -4.5227749e-04
   9.1180265e-02  -7.3009880e-02  -2.9340131e+00  -1.0090202e-02   6.3379871e-03  -7.3326902e-04
   7.5508688e-02  -1.1544734e-01  -3.0164506e+00  -1.0642186e-02   7.9071299e-03  -6.0785549e-04
   8.0642875e-02  -6.5171810e-02  -3.1410253e+00  -1.2315214e-02   7.3859880e-03  -9.8282393e-04
   9.8159630e-02  -7.2368384e-02  -3.1558127e+00  -1.2687287e-02   6.9316007e-03  -1.2139556e-03
   9.4279329e-02  -7.6215075e-02  -3.1475798e+00  -1.3489466e-02   7.8970208e-03  -1.2577154e-03
   1.9234262e-02  -4.9397784e-02  -2.1032692e+00  -3.8767362e-03   7.0411259e-03   2.0882031e-06
   4.4269895e-02  -8.5379327e-02  -2.5574980e+00  -1.0929206e-02   4.6339566e-03  -5.3020267e-04
   2.8673288e-02  -6.6198937e-02  -2.7615699e+00  -1.7812583e-02   5.8283404e-03  -4.6464899e-04
   3.8992010e-02  -6.3724707e-02  -1.7573677e+00   2.8121784e-03   7.7089770e-03   8.0010545e-06
   3.8894130e-02  -1.5308737e-01  -2.5264257e+00  -1.0952270e-02   7.3633956e-03   1.0111069e-04
   8.1387109e-02  -4.0409841e-02  -2.2408165e+00  -5.5964628e-03   6.1494901e-03  -6.9410317e-04
  -1.6154732e-02  -3.3788886e-02  -1.6481853e+00   4.8603606e-03   6.0155638e-03   9.6250309e-04
   6.0031397e-02  -5.6371070e-02  -2.8831887e+00  -8.7529804e-03   7.5991201e-03  -8.3434409e-04
   1.8481060e-02  -5.7232336e-02  -1.2269127e+00   1.2867557e-02   6.4537624e-03   7.5249741e-04
   8.6712266e-02  -5.1313892e-02  -2.7955835e+00  -9.0665230e-03   6.6846324e-03  -8.3372073e-04
   2.0481972e-02  -9.4963283e-02  -1.9157755e+00  -4.5840234e-03   6.0522378e-03   8.3465674e-05
   5.0466120e-02  -7.4242964e-02  -2.5283890e+00  -7.2372967e-03   5.7848291e-03  -5.8658952e-04
   4.1254550e-02  -3.0131258e-03  -1.6301258e+00  -1.5658329e-03   6.0281582e-03   5.3355349e-05
   6.7758242e-02  -6.1806008e-02  -2.5152068e+00  -7.9471754e-03   6.0225555e-03  -6.4141559e-04
   4.2034228e-02  -7.3733811e-02  -2.4198932e+00  -7.8896992e-03   7.5577682e-03  -3.6477606e-04
   4.0834964e-02  -7.1764997e-02  -2.5252282e+00  -8.2792934e-03   6.7628045e-03  -1.8258003e-04
   5.5879515e-02  -7.6938358e-02  -2.5952081e+00  -9.6283075e-03   6.2018427e-03  -6.0421586e-04
   7.0216865e-02  -7.8669799e-02  -2.5839243e+00  -9.7553729e-03   6.5735613e-03  -7.9996610e-04
   4.2742421e-02  -1.1159227e-01  -2.5192954e+00  -8.8039772e-03   7.3358882e-03   1.4872712e-07
   3.5923583e-02  -6.2654131e-02  -3.2375065e+00  -1.2792301e-02   6.5630370e-03  -2.0566338e-04
   7.5986512e-02  -7.5865734e-02  -3.1343963e+00  -1.1495094e-02   6.1813468e-03  -8.8615167e-04
   9.1815577e-02  -7.6469730e-02  -3.1185328e+00  -1.1446758e-02   6.1584873e-03  -1.2854263e-03
   2.9089584e-02  -5.9607147e-02  -2.5440022e+00  -4.3437001e-04   7.1899143e-03   6.6695604e-05
   8.2315546e-02  -7.2848270e-02  -3.1366626e+00  -1.0040608e-02   7.0109032e-03  -9.6582746e-04
   9.8829044e-02  -7.0844356e-02  -3.1177932e+00  -1.0204396e-02   6.5616125e-03  -1.0837953e-03
   7.2222353e-02  -1.8397847e-01  -3.0167901e+00  -1.3649776e-02   7.3319419e-03  -3.2700834e-04
   7.3562325e-02  -8.8178595e-02  -2.8545554e+00  -8.7240840e-03   6.1795955e-03  -6.4298554e-04
   4.3841890e-02  -7.6002890e-02  -2.6538642e+00  -7.9160030e-03   5.8118182e-03  -8.2086939e-05
   6.3902125e-02  -6.8002230e-02  -2.7056928e+00  -7.5015482e-03   5.7830807e-03  -6.7390321e-04
   7.4795629e-02  -7.3951158e-02  -2.7984598e+00  -9.4286954e-03   4.9977289e-03  -8.8259939e-04
  -4.8980371e-02   1.4295293e-01  -2.9441709e+00  -1.3002027e-02   1.1398525e-02   6.5935065e-04
   6.0211249e-02  -7.1743939e-02  -2.7372651e+00  -7.1976900e-03   7.4370795e-03  -7.5611312e-04
   6.1148998e-02  -1.1525772e-01  -1.8705426e+00  -7.9110751e-05   1.0634081e-02  -7.3270902e-04
   7.6132032e-02  -5.5155563e-02  -2.4950496e+00  -6.3886313e-03   1.0139494e-02  -1.1141887e-03
   6.4659390e-02  -5.6275834e-02  -2.3245754e+00  -6.2487604e-03   9.5513522e-03  -5.4947624e-04
   5.5488849e-02  -6.1928872e-02  -2.5965735e+00  -7.6083695e-03   8.3910149e-03  -5.0603035e-04
  -3.4058403e-03  -3.0015240e-02  -2.0832208e+00   3.6467618e-03   8.8152571e-03   1.2051239e-03
   4.6019044e-03  -6.2748906e-02  -3.2542504e+00  -1.0001090e-02   9.6801620e-03   8.2466519e-04
   4.3939762e-02  -4.2899960e-02  -3.5218337e+00  -1.2441710e-02   5.3664282e-03   2.4730123e-04
   4.3723851e-02  -4.1426843e-02  -3.5469799e+00  -1.3224757e-02   4.8883823e-03   1.6471622e-04
   4.2284498e-02  -4.8757120e-02  -3.5691638e+00  -1.4156015e-02   4.1126620e-03   1.4872467e-04
   5.2497260e-02  -6.4954388e-02  -3.6220150e+00  -1.4540512e-02   3.8764834e-03  -1.7380215e-04
   6.3114180e-02  -9.5021894e-04  -3.0169944e+00  -9.9900266e-03   8.2779336e-03  -1.0567639e-03
   3.5329207e-02  -6.9020812e-02  -3.4220690e+00  -7.6855846e-03   4.8595911e-03  -3.6152060e-04
   3.8598693e-02  -8.2356503e-02  -3.3628282e+00  -9.0825701e-03   5.1065249e-03  -6.9740488e-04
   2.8831240e-02  -7.9983326e-02  -3.4511009e+00  -9.7855097e-03   4.7755354e-03  -5.7899120e-04
   5.2668381e-03  -8.8996011e-02  -3.0998388e+00  -9.5421672e-03   5.8162907e-03   5.9215439e-05
   4.1101823e-02  -7.7633938e-02  -3.2185068e+00  -8.9222297e-03   5.3657893e-03  -6.8758025e-04
   4.5347559e-02  -9.6391063e-02  -3.2881470e+00  -1.0011804e-02   4.6095000e-03  -4.6597634e-04
   3.9787506e-02  -8.3397153e-02  -3.2811520e+00  -9.6744243e-03   5.0007996e-03  -6.7535040e-04
   4.6253302e-02  -8.4371475e-02  -3.3328399e+00  -1.0434587e-02   5.0740336e-03  -7.6803409e-04
   3.8714740e-02  -6.4616432e-02  -3.3645494e+00  -1.1541012e-02   5.0624210e-03  -3.8031494e-04
   3.5317822e-03  -7.8123280e-02  -3.7588500e+00  -1.0372948e-02   6.1798095e-03   1.2453912e-04
   4.6260487e-02  -7.7624168e-02  -3.6838902e+00  -1.0240113e-02   5.4855242e-03  -6.0529426e-04
   5.5178864e-02  -7.9151636e-02  -3.5992212e+00  -1.0076130e-02   5.0146086e-03  -6.8728854e-04
  -4.7798431e-02  -4.4730549e-02  -2.8426003e+00  -4.8587273e-03   2.8566994e-03   1.0381188e-03
   5.2125317e-02  -7.4160017e-02  -3.3794836e+00  -8.1662308e-03   3.9703363e-03  -7.7097741e-04
   3.9308923e-02  -1.3062534e-01  -3.0914097e+00  -8.9054468e-03   6.8542287e-03  -5.4245636e-04
   4.4606676e-02  -7.6534980e-02  -3.0341074e+00  -9.6041857e-03   7.2409549e-03  -4.3076399e-04
   5.5310907e-02  -9.8280586e-02  -2.9028993e+00  -6.7830732e-03   6.2135232e-03  -6.8935128e-04
   5.7821137e-02  -9.2039924e-02  -2.9708468e+00  -8.1787409e-03   6.2639032e-03  -7.1553852e-04
   6.5458071e-02  -9.7325359e-02  -3.0330474e+00  -1.0699600e-02   6.8113233e-03  -6.8373646e-04
   4.3096720e-02  -9.1974329e-02  -2.7269003e+00  -1.0526463e-03   6.1844177e-03  -3.3926509e-04
   1.0057619e-02  -1.5142382e-01  -2.2640850e+00   4.1187664e-03   5.8723792e-03   8.3754101e-04
   8.5818832e-02  -1.2398658e-01  -3.2542479e+00  -6.7998412e-03   8.1689338e-03  -5.7784214e-04
   1.1800947e-01  -1.1761470e-01  -3.3227435e+00   6.5830356e-03   1.0615700e-02  -1.0751805e-03
   8.8708236e-02  -1.1715386e-01  -3.8275542e+00  -6.3788565e-04   9.1261708e-03  -8.2725735e-04
   2.6322174e-02  -5.4835111e-02  -2.8880185e+00  -7.8621092e-03   8.1532448e-03   2.6131053e-04
   9.6645240e-02  -1.0494272e-01  -3.1238951e+00  -6.5758490e-03   6.7438326e-03  -1.1346504e-03
   9.5747664e-02  -1.0386540e-01  -3.2061250e+00  -8.2152220e-03   6.6438123e-03  -1.4116455e-03
   1.0256632e-01  -1.1327179e-01  -3.1839466e+00  -8.5163050e-03   6.7596609e-03  -1.4936096e-03
   9.1583031e-02  -1.0265671e-01  -3.2095905e+00  -9.1222355e-03   6.5383468e-03  -1.4308613e-03
   1.0154496e-01  -1.1258275e-01  -3.2306530e+00  -9.4829893e-03   6.5278874e-03  -1.3520858e-03
   1.0430235e-01  -1.0775044e-01  -3.3021693e+00  -9.7879331e-03   5.7530223e-03  -1.3357433e-03
   1.0261266e-01  -8.5780524e-02  -3.3170602e+00  -9.6510767e-03   5.9885929e-03  -1.3519475e-03
   4.6443588e-02  -1.3962791e-01  -3.2009966e+00  -4.3075031e-03   1.0330024e-02  -7.0306198e-04
   7.6636800e-02  -1.0772167e-01  -3.4241213e+00  -7.5161252e-03   8.5084055e-03  -9.5557510e-04
   8.8774941e-02  -1.0893303e-01  -3.4599767e+00  -8.1651933e-03   8.1722558e-03  -1.2726103e-03
   9.2737252e-02  -1.0919917e-01  -3.4363660e+00  -8.4515581e-03   8.9433819e-03  -1.2983565e-03
   1.0067384e-01  -1.1027233e-01  -3.4340342e+00  -7.4791176e-03   1.0204263e-02  -1.3273324e-03
   7.9130466e-02  -1.2117716e-01  -3.4059255e+00  -7.8861024e-03   9.7116738e-03  -1.1979002e-03
   9.5256564e-02  -5.7382872e-02  -3.3676062e+00  -9.5085827e-03   8.9929174e-03  -1.6146023e-03
   3.8654012e-02  -5.9702612e-02  -3.0105962e+00  -9.1564490e-03   9.4202191e-03  -6.3726170e-04
   5.3500980e-02  -5.3256337e-02  -2.9913171e+00  -7.9055687e-03   8.0861096e-03  -8.1605001e-04
   6.1904508e-02  -7.9196921e-02  -3.0400117e+00  -7.1561258e-03   6.9730213e-03  -9.1684730e-04
   3.5315731e-02  -9.0739374e-02  -2.4204943e+00   3.4110343e-04   7.8512721e-03  -4.2181001e-04
   6.4225581e-02  -1.0668316e-01  -2.9241092e+00  -3.6125559e-03   6.4005040e-03  -9.5981886e-04
   4.8803695e-02  -1.0885782e-01  -3.1622124e+00  -3.6707536e-03   8.6988155e-03  -7.8981205e-04
   5.5587467e-02  -1.0064476e-01  -3.3165656e+00  -5.4267602e-03   8.9098102e-03  -7.8617800e-04
   7.1463003e-02  -1.1472309e-01  -3.3716929e+00  -7.0672069e-03   8.5652561e-03  -1.1777351e-03
   6.7583620e-02  -9.5158660e-02  -3.3514953e+00  -6.7953403e-03   9.0757712e-03  -1.2031116e-03
   5.0555165e-02  -1.0437026e-01  -3.4078514e+00  -5.9424513e-03   9.1628112e-03  -8.4382182e-04
   3.9532573e-02  -7.9753480e-02  -3.3730778e+00  -8.1772309e-03   9.5416194e-03  -7.0810419e-04
   2.2062153e-02  -1.2108809e-01  -3.2345609e+00  -7.0753390e-03   9.6730481e-03  -5.6434884e-04
   5.1514717e-02  -7.5923509e-02  -3.2792632e+00  -8.0820480e-03   9.1176877e-03  -8.9478916e-04
   5.6614714e-02  -8.6161280e-02  -3.2301643e+00  -7.5440282e-03   7.9923072e-03  -1.0620565e-03
   7.6545807e-02  -7.1681287e-02  -3.2946233e+00  -7.7748575e-03   7.5209933e-03  -1.3819365e-03
   5.1594806e-03  -7.1748611e-02  -2.6373410e+00  -5.6679595e-03   1.1921571e-02  -3.6756225e-04
   7.9550776e-02  -9.8418372e-02  -3.1003281e+00  -4.1337796e-03   9.8496115e-03  -1.1425438e-03
   8.9701904e-02  -1.2564565e-01  -3.0362735e+00  -3.8904747e-03   8.8855156e-03  -1.1563332e-03
   1.0816928e-01  -1.0929235e-01  -3.0656715e+00  -5.0895889e-03   8.7120636e-03  -1.4436972e-03
   8.1666889e-02  -1.0454257e-01  -3.0581499e+00  -5.1137553e-03   9.2434928e-03  -1.3374099e-03
   7.7075462e-02  -1.0692661e-01  -3.0295351e+00  -5.4784023e-03   8.8804518e-03  -1.2765764e-03
   9.7547389e-02  -1.0918013e-01  -3.0550359e+00  -5.3168209e-03   7.3471570e-03  -1.8272993e-03
   8.0244392e-02  -1.5516401e-01  -2.2633796e+00   3.1186478e-03   4.5401501e-03  -1.1584354e-03
   4.9737386e-02  -1.0631187e-01  -3.1173258e+00  -9.8222735e-03   4.2722663e-03  -1.1514299e-03
   5.4436208e-02  -9.4165992e-02  -3.2157335e+00  -9.4267132e-03   3.0741135e-03  -1.2784565e-03
   2.5974426e-02   7.8546606e-02  -2.6090271e+00  -1.1430946e-02   8.2286333e-03  -9.7546531e-04
   5.9041870e-02  -7.7171560e-02  -3.5035583e+00  -9.7161715e-03   1.0945080e-02  -6.2374246e-04
   8.0131583e-02  -9.3211775e-02  -3.4279122e+00  -9.8057693e-03   1.0823040e-02  -9.0535006e-04
   9.0337379e-02  -8.3748535e-02  -3.4261801e+00  -1.0215662e-02   1.0574114e-02  -1.1202725e-03
   1.1480160e-01  -1.2650921e-01  -3.2931251e+00  -1.7182339e-02   1.1361925e-02  -8.1240901e-04
   1.0362961e-01  -6.4986451e-02  -3.0058964e+00  -6.4860294e-03   9.7920281e-03  -1.1964185e-03
   1.0196359e-01  -8.9881759e-02  -2.9901079e+00  -6.3600517e-03   1.0941679e-02  -1.1509551e-03
   9.3827784e-02  -1.7999831e-01  -3.0772930e+00  -1.7160933e-02   1.1980810e-02  -1.1349843e-03
   9.9445436e-02  -9.3784899e-02  -3.2272161e+00  -6.5557409e-03   8.1817936e-03  -1.5275861e-03
   1.1325315e-01  -1.3106755e-01  -3.3414872e+00  -8.9655008e-03   8.6707112e-03  -1.9417576e-03
   1.9167480e-01  -1.6810184e-01  -3.2355689e+00  -5.4656278e-02   5.4807973e-03  -2.3958644e-03
   1.7967704e-01   8.6439746e-02   6.8533845e-01   1.3851735e-03  -6.7368328e-04  -2.5737082e-03
   1.4843599e-01   1.1478869e-01   3.6272701e-01  -2.3569139e-04  -1.7231193e-03  -2.0247402e-03
   1.3618902e-01   9.2672955e-02   1.2312688e-01   6.5625418e-05  -1.4002480e-04  -1.8764465e-03
   1.3699502e-01   4.1763591e-02  -2.2217443e-01  -3.3593160e-03  -1.1753547e-03  -2.0111041e-03
   1.3905535e-01   2.5331078e-02  -3.2064337e-01  -4.0991561e-03  -1.4583726e-03  -2.0236148e-03
   1.4943061e-01   9.0489514e-03  -4.0707879e-01  -4.6222501e-03  -1.3222632e-03  -2.2040722e-03
   1.3126825e-01   2.9760668e-02  -5.0932949e-01  -5.8802858e-03  -2.0071043e-03  -2.1251690e-03
   1.0142328e-01   8.8493158e-02  -5.5049231e-01  -1.5923237e-03  -1.9392677e-03  -2.1622355e-03
   1.2739718e-01  -4.1934918e-02  -2.1222723e+00  -1.9882379e-02  -5.1673274e-03  -2.6935330e-03
   8.3079092e-02   1.4231807e-01  -1.8849506e-01   2.1519655e-03  -7.4695871e-03  -2.0700794e-03
  -2.2267312e-03   1.0620230e-01  -1.6142736e+00  -1.6152950e-02  -1.3050629e-04  -1.3612545e-03
   1.1055700e-01   5.5901453e-02  -1.8152036e-01  -9.3460346e-03  -5.3484060e-03  -2.9694183e-03
   1.1563878e-01   9.5514654e-02  -2.6168180e-01  -7.9074102e-03  -6.6658571e-03  -3.2001436e-03
   1.0199005e-01   1.1752053e-01  -3.8266785e-01  -5.8436108e-03  -7.1055623e-03  -2.4223024e-03
   7.5919186e-02   3.8815652e-02  -1.6012279e+00  -1.6516554e-02  -4.5670970e-03  -2.4316845e-03
   6.6294383e-02  -6.9541201e-03  -1.5054132e+00  -1.4771437e-02  -4.9773980e-03  -2.0558648e-03
   5.9027480e-02  -4.0428897e-02  -9.6771568e-01  -1.3999480e-02  -2.9611566e-03  -1.2597253e-03
   6.0423732e-02   6.5535054e-02   5.2716376e-01   1.1816248e-02   4.1251421e-04  -6.5589982e-04
  -1.4227735e-02  -1.4035830e-01   4.6577524e-01   1.4148894e-02   3.9944464e-03   5.3535365e-04
   5.0996766e-02  -1.6393615e-01   7.3540521e-01   1.8120580e-02  -1.1680824e-03  -8.0970696e-04
   2.6657418e-02  -1.7877955e-01   7.8294305e-01   1.7625217e-02  -8.2158557e-04  -3.2944169e-04
   6.4296880e-02   8.3346122e-02  -3.4272075e-01   6.7182714e-03  -2.6902229e-03  -1.4344155e-03
   3.2184469e-02  -1.6374385e-02  -8.9455787e-01  -1.2745381e-04  -4.6044887e-03  -1.1117588e-03
   9.8258042e-02  -7.3268023e-02  -5.4711862e-01  -2.5978788e-02  -2.7632259e-03  -1.8959991e-03
   1.9845474e-01   1.2422049e-01   1.1362021e+00   4.4396797e-03  -7.5253911e-03  -3.6551700e-03
   1.5934094e-01   1.3386138e-01   8.8755725e-01   4.0618503e-03  -6.5426035e-03  -3.0118766e-03
   1.8141468e-01   8.4317209e-02   7.5009327e-01   1.4427861e-03  -5.7863330e-03  -3.2190068e-03
   1.5211494e-01   6.9452042e-02   6.2320160e-01   2.3550201e-03  -5.4845477e-03  -2.9652924e-03
   1.6506278e-01   6.0493676e-02   5.3949454e-01   2.7834057e-05  -4.6732321e-03  -3.0658161e-03
   1.6110629e-01   6.2400174e-02   5.2872650e-01   1.1193030e-04  -4.6195356e-03  -3.1030151e-03
   1.5809578e-01   7.0859983e-02   4.9741452e-01  -4.4797403e-04  -3.7954514e-03  -2.8992958e-03
   1.2924737e-01   1.8302651e-01   4.4683071e-01   8.6437416e-03  -5.8731706e-03  -2.9878592e-03
   9.9534058e-02  -3.1232370e-02  -7.7142864e-01   1.4101502e-03   1.3424633e-04  -3.6487476e-03
   6.0963155e-02  -4.0857996e-02  -1.1536642e+00  -7.2264220e-03  -4.6364845e-03  -2.2654456e-03
   1.8537499e-02  -6.2854531e-03  -1.2758877e+00  -1.0797214e-02  -5.6162774e-03  -2.0906227e-03
   1.6740678e-02  -6.5314018e-03  -1.3065881e+00  -1.0746625e-02  -5.5377093e-03  -1.9655025e-03
   1.6938767e-03  -1.5246648e-02  -1.3727979e+00  -1.1882349e-02  -5.6084332e-03  -1.9054001e-03
   3.8944178e-03  -1.2506225e-02  -1.3448590e+00  -1.1339399e-02  -5.9322462e-03  -1.9321371e-03
   5.9357242e-03  -7.8496129e-03  -1.3559822e+00  -1.1160863e-02  -5.9734729e-03  -1.8008047e-03
  -4.8926281e-02  -1.9543440e-02  -2.4091763e+00  -1.4388524e-02  -2.3721683e-03  -7.4314111e-04
  -2.5555116e-02  -2.1038367e-02  -2.4684157e+00  -1.5991522e-02  -3.6219804e-03  -1.2376182e-03
  -3.9535119e-02  -2.8407043e-02  -2.4646497e+00  -1.6379479e-02  -3.8248796e-03  -9.8612159e-04
  -8.3366778e-02  -1.5344622e-02  -1.9255210e+00  -7.5262750e-03   6.0838796e-03   5.5480571e-04
  -3.7724553e-02  -3.0821545e-02  -2.2318723e+00  -1.1830347e-02   1.6544195e-03  -5.0709187e-04
  -4.4400465e-02  -4.0263588e-02  -2.3505794e+00  -1.3830945e-02   6.2296881e-04  -4.6182051e-04
  -2.0434246e-02  -3.3602309e-02  -2.6009596e+00  -1.3380743e-02  -1.5138642e-04  -7.1761060e-04
  -2.3217440e-02  -1.9237459e-02  -2.6843698e+00  -1.5908673e-02   2.4342125e-04  -7.2844427e-04
  -7.4309816e-02  -4.5903810e-02  -2.4957479e+00  -1.2609441e-02   5.6951366e-03   3.4735756e-04
  -6.3972842e-02  -3.5424960e-02  -2.6339106e+00  -1.4774439e-02   2.2830691e-03  -6.4288033e-05
  -4.6955425e-02  -3.5803750e-02  -2.7408914e+00  -1.6139595e-02   1.2050816e-03  -4.1467396e-04
  -3.4224859e-02  -2.8356799e-02  -2.7927674e+00  -1.0981091e-02   1.8493188e-03  -2.9443850e-04
  -3.0946051e-02  -9.9311562e-02  -3.3775252e+00  -1.5862548e-02   4.9942409e-03  -4.5747231e-04
  -3.1307392e-02  -8.2672654e-02  -3.4025580e+00  -1.7689263e-02   3.7402655e-03  -5.1283293e-04
  -2.8664397e-02  -6.7121351e-02  -3.4585870e+00  -1.8305502e-02   3.2894802e-03  -5.5324348e-04
  -1.9421468e-02  -6.0691784e-02  -3.5256301e+00  -1.9409213e-02   2.5766293e-03  -8.2017096e-04
  -3.3963068e-02  -1.1235856e-01  -3.5661290e+00  -2.1716894e-02   3.9251610e-03  -4.0543369e-04
  -1.8476587e-02  -5.9592892e-02  -2.8876396e+00  -1.3196635e-02   3.7497388e-03  -4.6468397e-04
  -5.5677810e-03  -6.0431240e-02  -3.0486297e+00  -1.6199603e-02   2.4828317e-03  -7.2703438e-04
   9.2787370e-03  -7.9106337e-02  -3.1025707e+00  -1.6926569e-02   2.5642869e-03  -1.0678972e-03
  -2.0694545e-03  -7.1049758e-02  -3.1545210e+00  -1.8057385e-02   2.6243976e-03  -1.0559055e-03
  -3.4224785e-02  -7.6404547e-02  -2.6810258e+00  -1.4584423e-02   2.1390374e-03   1.3707659e-04
  -2.8090561e-02  -3.2732711e-02  -2.8364461e+00  -1.3441240e-02   2.1307690e-03  -2.5631552e-04
  -2.0259504e-02  -7.4669346e-02  -2.9017686e+00  -1.5012740e-02   1.1787190e-03  -5.6762740e-04
   8.4056956e-03  -5.6476005e-02  -2.9523108e+00  -1.6455762e-02   2.6085070e-04  -9.4875976e-04
   1.0585603e-02  -4.7185166e-02  -2.9630495e+00  -1.6738175e-02   2.3751869e-04  -1.1466079e-03
   5.4844200e-03  -6.3920236e-02  -2.9779619e+00  -1.7089028e-02   1.6065425e-04  -1.1402323e-03
  -2.8868736e-03  -3.1294764e-02  -2.1819489e+00  -5.1452151e-03   2.2076685e-03  -5.3987846e-04
   1.3822185e-02  -6.2022716e-02  -2.6776215e+00  -1.3304109e-02   2.7137113e-04  -8.9609677e-04
   5.9168225e-02  -6.1749684e-02  -2.4345675e+00  -9.6381550e-03   6.0464201e-04  -1.6139261e-03
   9.3381060e-02  -6.4084868e-02  -2.4085188e+00  -4.2824185e-02   1.5898449e-03  -2.0248076e-03
   1.4490307e-01  -5.1567790e-02   9.6858039e-02  -3.1966573e-03  -8.4395201e-03  -4.3057620e-03
  -5.3165974e-02  -1.4382739e-02   1.0927201e+00  -2.0860872e-03   5.6446001e-03  -1.1727424e-03
  -1.0858480e-02   7.3630650e-02   8.4354907e-01   1.1393384e-02   1.6506849e-03   5.2341672e-04
   7.7969286e-03   4.4524585e-02   1.9264358e-01  -5.9438024e-04  -6.7665263e-03  -8.1728799e-04
   2.2190636e-02   2.0751432e-02   2.7478568e-01   2.3184194e-03  -6.8948644e-03  -1.2654484e-03
   2.1136762e-02   4.0050854e-02   1.6738788e-01   2.3628152e-04  -6.0353828e-03  -1.0504397e-03
   2.4316624e-02   1.2208474e-02   1.4516098e-01  -3.0646516e-05  -6.4722560e-03  -1.1799371e-03
   1.9255675e-02   1.7156782e-02   1.8733838e-01   6.4066479e-04  -6.0308894e-03  -1.3093549e-03
   2.7972661e-02   2.3082328e-02   1.4430351e-01   5.1693481e-04  -7.0412185e-03  -1.4583218e-03
   3.1256788e-02   2.2784921e-02   1.6451171e-01   3.6672722e-04  -6.5288771e-03  -1.4926415e-03
   4.2824640e-03   4.7837512e-02   2.9583797e-02  -2.4813546e-03  -6.5344269e-03  -1.2974055e-03
   1.2708495e-01   1.2152991e-01   1.4520534e+00   7.2055792e-03  -9.6418919e-04  -2.2367869e-03
  -1.0354311e-02   1.9380376e-01   6.6005395e-01   7.8109331e-03  -1.7074243e-03  -1.4217934e-04
   2.8714763e-02   7.4066040e-02  -1.3178344e-01  -1.7801258e-03  -6.8843360e-04  -9.0860220e-04
   5.2988979e-02   4.1988856e-02  -1.6453163e-01  -1.4480448e-03  -8.3574576e-04  -1.3750020e-03
   4.6745735e-02   4.7046263e-02  -2.6248885e-01  -2.0675863e-03  -2.1335473e-04  -1.4089180e-03
   4.4220668e-02   5.4672182e-02  -3.4334496e-01  -2.8437478e-03  -5.4606414e-04  -1.3312547e-03
   2.8189250e-02   6.0150869e-02  -2.4966405e-01   2.6593252e-03   7.9378327e-04  -4.5430961e-04
  -6.6473228e-02  -8.4747299e-03  -1.8628708e+00  -1.3365008e-02   2.7318799e-03   5.6437170e-04
  -1.9935847e-02  -3.1861388e-02  -1.8925544e+00  -1.3372874e-02   2.6407506e-03  -1.9232663e-04
  -1.5479559e-02  -1.1364221e-02  -1.8984656e+00  -1.3193059e-02   2.2019889e-03  -4.0906168e-04
  -9.0775603e-03  -2.0373333e-02  -1.9593506e+00  -1.3752946e-02   2.2061907e-03  -6.3728525e-04
  -1.4778804e-02  -2.8778057e-02  -2.0082164e+00  -1.4813590e-02   2.1871005e-03  -4.5768205e-04
  -1.1519702e-02  -1.4645964e-02  -2.0534200e+00  -1.3879501e-02   1.7885395e-03  -5.8338352e-04
   1.1982929e-02  -2.6504623e-02  -2.0737640e+00  -1.6223491e-02   2.4804585e-03  -7.4552037e-04
  -5.1593596e-03  -6.1647411e-03  -2.1196199e+00  -1.4855395e-02   1.9517197e-03  -6.2798353e-04
   5.6524472e-03  -8.6855220e-03  -2.1431636e+00  -1.5375367e-02   2.1704209e-03  -7.7870140e-04
   1.6018693e-03  -2.0146999e-02  -2.2249817e+00  -1.5889245e-02   2.3157143e-03  -7.2264307e-04
  -1.8116484e-02  -6.0129244e-03  -2.4213332e+00  -1.4897613e-02   3.7139593e-03  -4.6738633e-04
  -1.3465413e-02  -1.4516120e-02  -2.6512788e+00  -1.9196905e-02   3.5831238e-03  -5.8543458e-04
  -6.1516233e-03  -1.1483493e-02  -2.6395620e+00  -1.9226401e-02   3.6632815e-03  -5.9817203e-04
  -7.2033875e-03   2.2638564e-03  -2.3031946e+00  -1.7212489e-02   5.2084876e-03  -6.5595249e-04
  -2.7149034e-02  -5.0372932e-03  -2.1874804e+00  -1.4102579e-02   2.9307560e-03  -3.8178750e-04
  -9.6141474e-03  -1.8378336e-02  -2.3284800e+00  -1.5228722e-02   2.4337767e-03  -5.6895289e-04
   1.1830816e-02  -1.2680196e-02  -2.5589832e+00  -2.0217337e-02  -9.0819468e-04  -8.4008227e-04
   1.7207715e-02   4.2244303e-02  -2.5908589e+00  -2.3657676e-02  -9.9549631e-04  -1.0746238e-03
   3.9401029e-02   2.2092998e-02  -2.2279555e+00  -1.7538095e-02  -3.2094696e-04  -1.3285582e-03
   2.9944648e-02   6.5064744e-03  -2.3005479e+00  -1.7318292e-02   3.4682869e-04  -1.1585859e-03
   3.9810177e-02  -2.2235871e-02  -2.2927140e+00  -1.7047486e-02  -1.3297281e-04  -1.3851098e-03
   4.5689501e-02  -2.1632711e-02  -2.3211564e+00  -1.7165494e-02   1.3818120e-04  -1.3747712e-03
   2.1930694e-02  -1.1941872e-02  -2.3720271e+00  -1.7612977e-02   1.4570075e-04  -8.7567228e-04
   2.6539535e-02  -4.5281105e-02  -2.2236691e+00  -1.5318189e-02  -9.7070434e-04  -1.2100151e-03
   2.8557208e-02  -3.8569617e-02  -2.2836188e+00  -1.6218288e-02  -3.8900143e-04  -1.1939678e-03
   2.7210813e-02  -2.7824822e-02  -2.3503383e+00  -1.6896386e-02  -1.4991210e-04  -1.1641022e-03
   3.6967795e-02  -3.3155795e-02  -2.3805766e+00  -1.6603489e-02   1.4062176e-04  -1.4350374e-03
   3.3420572e-02  -3.6464451e-02  -2.3999517e+00  -1.6822788e-02  -2.9133611e-04  -1.2284893e-03
   1.5989085e-03  -1.1191087e-02  -2.4300797e+00  -1.8148959e-02   1.8359706e-03  -9.3372909e-04
  -1.3494855e-02  -1.2081130e-02  -2.5733454e+00  -1.6456936e-02   3.5557813e-03  -3.1047949e-04
   1.1197594e-05  -9.8831676e-03  -2.5779512e+00  -1.6590807e-02   2.2517351e-03  -4.8108539e-04
  -3.7022584e-03  -3.9060884e-02  -2.6264835e+00  -1.7810043e-02   3.9705151e-03  -1.9865800e-04
  -1.9254483e-02  -3.0460809e-02  -2.9948670e+00  -1.7524340e-02   3.6886431e-03  -2.5630507e-04
   1.3074194e-02  -4.8209336e-02  -3.0112995e+00  -1.8473068e-02   3.5270029e-03  -7.4769067e-04
   2.3684760e-02  -3.7543887e-02  -3.0653181e+00  -1.8823604e-02   3.4877539e-03  -9.0695264e-04
  -1.3740987e-03  -4.7336006e-02  -2.8569814e+00  -1.5772832e-02   3.5970629e-03  -4.1409760e-04
  -3.7067025e-03  -3.9818855e-02  -2.9626260e+00  -1.8318116e-02   3.2824312e-03  -3.6721255e-04
   2.0415587e-02  -5.9362459e-02  -2.9691177e+00  -1.8548832e-02   2.9962695e-03  -8.1315900e-04
  -5.9503245e-03  -4.3884520e-02  -3.0451291e+00  -2.0461813e-02   2.9989140e-03  -5.7732717e-04
  -1.2625906e-02  -4.2489105e-02  -3.1457187e+00  -2.0037269e-02   2.6276918e-03  -2.3967506e-04
  -1.8894766e-03  -5.9539525e-02  -3.0579698e+00  -1.9163680e-02   2.3290431e-03  -3.9873874e-04
  -4.3841026e-02  -6.6269362e-02  -3.1803570e+00  -1.7907771e-02   6.6767758e-03   2.8494434e-04
  -1.6696368e-02  -4.9674270e-02  -3.2882008e+00  -1.9732620e-02   5.7246693e-03  -8.9088993e-05
  -1.0481510e-02  -5.6906289e-02  -3.2836543e+00  -2.0276453e-02   5.2164203e-03  -1.7499632e-04
  -6.3254277e-03  -2.3353697e-02  -3.3691883e+00  -2.4107216e-02   5.3191825e-03  -3.3861517e-04
  -1.1670561e-02  -3.6998627e-02  -2.7834179e+00  -1.5287591e-02   5.7803740e-03  -5.1071643e-05
  -3.0126056e-03  -5.5132654e-02  -2.9015635e+00  -1.6397692e-02   5.1380441e-03  -3.1308029e-04
   1.1368864e-02  -6.1493851e-02  -2.4167460e+00  -1.2376794e-02   3.8898694e-03  -2.0549012e-04
   1.2289289e-02  -3.9433372e-02  -2.7389964e+00  -1.5002996e-02   4.0498722e-03  -6.3492484e-04
   2.8634422e-02  -4.1717881e-02  -2.7785866e+00  -1.5336116e-02   3.8785233e-03  -7.6788691e-04
   2.6988497e-02  -4.3986478e-02  -2.7972785e+00  -1.5583190e-02   4.2226162e-03  -6.5402595e-04
   3.6962745e-02   2.1158552e-02  -2.9998060e+00  -1.9886451e-02   3.5287519e-04  -7.8353437e-04
   9.6001396e-02   1.2925708e-01  -2.1310802e+00  -2.1468392e-02   2.7768707e-03  -1.9601527e-03
   5.7289921e-02   4.5948877e-02  -1.8561458e+00  -1.1131610e-02   1.3801796e-03  -1.1447549e-03
   5.8465367e-02   9.6027442e-03  -1.9391843e+00  -1.1776822e-02   8.1717925e-04  -1.0916886e-03
   7.0282485e-02   1.1062368e-02  -1.9815527e+00  -1.2075897e-02   8.6204031e-04  -1.3400663e-03
   7.7965266e-02   7.6987821e-03  -2.0693561e+00  -1.3043592e-02   6.6304940e-04  -1.3374938e-03
   6.0272029e-02   7.9427048e-03  -2.1310549e+00  -1.3735831e-02   3.0570101e-04  -1.2332481e-03
  -1.6341122e-02  -3.8598200e-03  -2.6951846e+00  -2.0553461e-02   4.6912542e-03   1.2674385e-04
  -1.1498719e-02   1.3673631e-02  -2.3391662e+00  -1.1948259e-02   3.8560041e-03   9.9024346e-05
   1.9988824e-02   1.6766051e-03  -2.4189541e+00  -1.3843554e-02   3.5435495e-03  -4.8682123e-04
  -6.7532685e-02   4.9193654e-02  -1.8132016e+00  -3.4826356e-03   4.9415608e-03   8.6389951e-04
  -6.9085792e-03  -1.3300310e-02  -2.4711412e+00  -1.3948176e-02   5.7466448e-03  -6.4584379e-05
   9.5079897e-02  -2.4802818e-02  -2.3122710e+00  -3.5948920e-02   6.5116345e-03  -1.6867815e-03
   1.1508735e-01   8.2641236e-02  -5.4366370e-01  -2.7707259e-03  -1.2930170e-03  -1.9744896e-03
   8.1467368e-02   6.6154021e-02  -9.0298351e-01  -5.3437552e-03  -7.1927412e-04  -1.5053427e-03
   8.1918522e-02   3.4295569e-02  -1.1349403e+00  -7.2142016e-03  -3.1395205e-04  -1.4896731e-03
  -1.0478386e-02   2.0933951e-02  -1.3620478e+00   3.8225605e-03   1.5041068e-03   9.2755694e-05
   4.5677876e-02  -6.9035673e-03  -2.0826269e+00  -1.0541505e-02   5.7801905e-03  -6.0702100e-04
   3.1426411e-02  -3.8698609e-02  -2.2129131e+00  -1.4624404e-02   5.9812909e-03  -1.1855942e-04
  -9.5934721e-03   9.2659188e-03  -2.3852340e+00  -1.4249435e-02   6.5236183e-03   1.9078259e-04
  -1.0981921e-02   1.2080818e-02  -2.3444283e+00  -1.4217960e-02   8.5207441e-03   1.5413583e-04
   1.6817171e-02   9.1279191e-04  -2.3505740e+00  -1.4221057e-02   6.8064933e-03  -1.2183574e-04
   1.9503242e-02   1.1070415e-02  -2.4384440e+00  -1.5304387e-02   5.1614168e-03  -2.6029006e-04
   2.1720134e-02   1.1893321e-02  -2.4415649e+00  -1.5633873e-02   5.7020601e-03  -1.8273574e-04
   6.1656521e-02  -1.1836255e-01  -2.7307626e+00  -2.5425654e-02   3.5937247e-03  -1.4296186e-03
   1.2196380e-01   7.5089113e-02  -2.5585717e-01  -7.9226754e-04   2.5635216e-04  -1.6949441e-03
   1.0944235e-01   7.3150532e-02  -5.6924472e-01  -2.6062974e-03   1.8590496e-03  -1.5630783e-03
   8.7143785e-02   8.7568683e-02  -6.7820632e-01   2.4761365e-03   2.4631822e-03  -1.0541552e-03
   3.8235935e-02   2.4245787e-02  -1.6304410e+00  -7.7413863e-03   6.9219573e-03  -4.8843381e-04
   4.4776057e-02   2.0108506e-03  -1.7435542e+00  -9.4889424e-03   5.9691042e-03  -7.3378360e-04
   3.8576422e-02   2.8168985e-02  -1.8424112e+00  -1.0290161e-02   6.0994295e-03  -4.9106628e-04
   2.0526825e-02   2.1309100e-02  -2.1117855e+00  -1.2741212e-02   7.5799213e-03  -2.2843928e-04
   2.4574378e-02   4.8035064e-03  -2.0915364e+00  -1.2100831e-02   6.9360629e-03  -2.4285598e-04
   2.7826127e-03  -2.6612581e-02  -1.9976287e+00  -1.0522034e-02   7.3883004e-03   6.1945629e-05
   2.6747799e-02  -7.9045950e-03  -2.2970035e+00  -1.3226937e-02   7.2478556e-03  -4.2597545e-04
   4.3377630e-02  -4.5564780e-03  -2.2882384e+00  -1.3283464e-02   6.5735926e-03  -5.3728770e-04
   3.7888299e-02  -1.2227932e-02  -2.2814020e+00  -1.3770210e-02   6.7611568e-03  -5.5664579e-04
   5.0776157e-02  -1.9054515e-02  -2.3032455e+00  -1.3880600e-02   6.4463022e-03  -8.5485739e-04
  -5.1156696e-03  -2.5196308e-02  -2.1256075e+00  -1.0915760e-02   1.0058953e-02   2.3129952e-05
   7.6126643e-03  -2.4474849e-02  -2.2722219e+00  -1.2767204e-02   7.4711034e-03  -3.0090241e-04
  -1.5926321e-03  -2.7550363e-02  -2.3010020e+00  -1.4061407e-02   7.5578423e-03  -2.6581450e-04
   2.2637492e-02  -1.5663197e-02  -2.3406741e+00  -1.3233916e-02   8.4611541e-03  -4.1126394e-04
   4.0865974e-03  -1.6030724e-02  -2.3468200e+00  -1.3114402e-02   8.0529503e-03  -2.2333543e-04
   2.1157753e-02  -3.2556735e-02  -2.3414953e+00  -1.2982009e-02   7.9886160e-03  -4.5127261e-04
   3.8992937e-02  -3.0338046e-02  -2.4004768e+00  -1.2855984e-02   6.9553923e-03  -7.6752448e-04
   3.5028951e-02  -2.2002188e-02  -2.4583902e+00  -1.3964030e-02   6.3312831e-03  -8.0307052e-04
   4.4206187e-02  -4.6079518e-02  -2.6224112e+00  -1.3027498e-02   4.0944451e-03  -1.1860698e-03
   4.6855314e-02   3.7311204e-03  -2.7415501e+00  -1.9169539e-02   1.7495818e-03  -4.4379307e-04
   6.0329261e-02  -8.5118551e-03  -2.7868591e+00  -1.8296005e-02   1.8031499e-03  -9.8784532e-04
   8.1906657e-02   9.2369801e-02  -2.3300770e+00  -2.3396912e-02   4.2108399e-03  -1.4371261e-03
   3.8147746e-02   2.5883883e-02  -2.2542880e+00  -1.2400799e-02   3.3881460e-03  -4.5098018e-04
   5.6993301e-02  -3.8025858e-02  -2.2176962e+00  -1.2204432e-02   3.3494541e-03  -1.0352134e-03
   4.9833435e-02   3.9209813e-03  -2.3664514e+00  -1.3472513e-02   2.9057484e-03  -8.6175616e-04
   5.4718211e-02   5.1483352e-03  -2.4017602e+00  -1.3993483e-02   2.8529473e-03  -9.2096643e-04
   6.2272684e-02  -1.5266194e-02  -2.4296920e+00  -1.4136409e-02   2.4478294e-03  -1.0226863e-03
   4.7937052e-02  -7.7600753e-03  -2.3967709e+00  -1.4535266e-02   4.2441732e-03  -8.2436181e-04
  -1.8456277e-03   2.1522957e-03  -2.5429281e+00  -1.5370007e-02   5.2301343e-03   1.7560598e-05
   1.7490490e-02   7.4057954e-03  -2.5586522e+00  -1.6049267e-02   4.9853972e-03  -1.9266620e-04
   2.3693605e-02  -9.0188144e-03  -2.5888497e+00  -1.5803076e-02   5.0753235e-03  -3.4853616e-04
   1.6333853e-01   4.3535164e-02  -1.3296139e+00  -2.3532699e-02   9.2586736e-05  -2.4387129e-03
   7.8054821e-03  -6.4123767e-02  -8.9104344e-01   1.6514365e-04   7.4416495e-04  -1.4139534e-03
   5.0040255e-03  -6.4375661e-02  -1.9924680e+00  -8.2195896e-03   7.5658164e-03  -8.8126455e-04
   2.4701919e-02  -6.7488289e-02  -2.3454194e+00  -1.3321908e-02   2.1344703e-03  -8.6181372e-04
   4.3552858e-02  -7.7656040e-02  -2.2856994e+00  -1.1182021e-02   1.6619173e-03  -1.0090818e-03
   5.9895399e-02  -6.8259863e-02  -2.2698586e+00  -1.1069557e-02   2.2843823e-03  -1.1483804e-03
   5.4960157e-02  -8.5973531e-02  -2.2674038e+00  -1.1130783e-02   2.3034445e-03  -1.2158792e-03
   3.9178888e-02  -1.0062446e-01  -2.2663057e+00  -1.0892929e-02   2.3408644e-03  -1.1622875e-03
   4.0416759e-02  -8.5861048e-02  -2.3293867e+00  -1.2070726e-02   2.2817224e-03  -9.8924459e-04
   3.1834787e-02  -9.4731565e-02  -2.3016455e+00  -1.1615214e-02   1.9259549e-03  -8.8674056e-04
  -1.4168574e-02  -5.2963887e-02  -2.4210620e+00  -1.4038734e-02   2.0907750e-03   1.1904677e-04
  -2.2823701e-02  -2.6810440e-02  -2.4945543e+00  -1.6844532e-02  -7.1783772e-04   6.4176376e-04
  -1.8076624e-02  -1.2637688e-02  -2.6294983e+00  -1.2855613e-02   2.4706570e-03   6.7868049e-04
  -8.0672922e-03  -3.2245466e-02  -2.9327338e+00  -1.8198834e-02   2.2315506e-03   4.4950177e-04
  -2.2278650e-02  -3.5435050e-02  -2.9945495e+00  -1.7271247e-02   1.5699099e-03   6.5355227e-04
  -2.3941301e-02  -3.6568136e-02  -3.1611711e+00  -1.9944761e-02   7.8089876e-04   5.1431742e-04
  -4.7148142e-03  -3.8677073e-02  -3.2731803e+00  -2.0794843e-02   1.9551989e-04   2.4056361e-04
   8.7737742e-04  -4.8564081e-02  -3.2493217e+00  -2.0512730e-02   4.0265276e-05   2.0509854e-04
  -1.3929984e-02  -3.2692359e-02  -3.3829194e+00  -2.1322801e-02  -5.3672108e-04   3.8090570e-04
   1.8063163e-03  -3.1168765e-02  -3.4176292e+00  -2.1490047e-02  -1.4666679e-04  -5.8797535e-06
  -2.7595748e-04  -4.5958861e-02  -3.4377608e+00  -2.1314615e-02  -3.8044156e-04  -1.0806584e-05
  -2.4798517e-04  -5.3042901e-02  -3.5226863e+00  -2.2791354e-02  -1.0514468e-03  -1.9570241e-04
  -2.7581864e-02  -3.3056672e-02  -3.5802943e+00  -2.1798763e-02  -1.1695083e-03   2.0738649e-04
  -8.8032420e-03  -2.1980608e-02  -3.6736771e+00  -2.5290892e-02  -1.7602107e-03   7.1112194e-05
   5.6983199e-02   1.8900453e-02  -2.2639003e+00  -1.0489910e-02  -9.9762191e-04  -1.0576807e-03
   1.3340990e-02   3.4510248e-03  -2.7333313e+00  -1.7886148e-02  -3.4325373e-04  -5.0995750e-04
  -5.9763343e-02  -4.6012236e-02  -2.6989666e+00  -1.4154632e-02   6.8131395e-04   4.1843277e-04
  -5.3901061e-02  -2.4923158e-02  -2.9727012e+00  -1.8630213e-02   4.4767351e-03   7.3156119e-04
  -1.5185421e-02  -3.4278611e-02  -2.9370921e+00  -1.8837901e-02   3.8539730e-03   2.3375378e-04
  -2.7536356e-02  -4.6862307e-02  -2.9619103e+00  -1.7958040e-02   3.5093796e-03   4.2625358e-04
  -1.1452335e-02  -4.5838941e-02  -2.9636703e+00  -1.7998920e-02   3.5307371e-03   1.3392139e-04
  -1.5731713e-03  -4.9298286e-02  -2.9632231e+00  -1.8256591e-02   3.0897315e-03  -1.3087941e-05
   1.6919675e-03  -3.0710852e-02  -3.0034648e+00  -1.7975677e-02   2.4995541e-03  -1.0591592e-04
  -7.0495155e-03  -3.4905940e-02  -3.0367245e+00  -1.8290580e-02   2.2690722e-03  -9.8693600e-05
  -5.5768635e-02  -2.6150182e-02  -3.2519420e+00  -2.1789230e-02  -7.9406248e-04   1.4534989e-03
  -3.2721066e-02  -1.4807993e-02  -2.8884372e+00  -2.2128550e-02   6.9966282e-04   2.6331972e-04
  -5.2269780e-02   7.6299946e-03  -2.9815915e+00  -1.8559185e-02   2.8360399e-03   6.9569714e-04
  -1.6424955e-02  -2.7596326e-02  -2.8360673e+00  -1.7505975e-02   1.6605913e-03   3.2390640e-04
  -6.4960792e-03  -1.6131319e-02  -2.8089833e+00  -1.6376561e-02   1.5153985e-03  -1.7401359e-04
  -7.2157854e-04  -6.6833126e-03  -2.8854911e+00  -1.7018232e-02   1.2467393e-03  -1.5299180e-04
  -1.6699513e-02  -1.3491027e-02  -2.9311790e+00  -1.7416243e-02   1.3472390e-03   2.5734752e-05
  -1.4376764e-02   1.1188548e-03  -2.8854960e+00  -1.4765611e-02   1.9467129e-03   3.8899062e-04
  -1.1385612e-02  -1.2087150e-02  -2.8492273e+00  -1.5560922e-02   2.7962657e-03   1.2287973e-04
  -2.6171858e-02   1.0236602e-02  -2.7684003e+00  -1.5456296e-02   5.0518319e-03   6.1929492e-04
  -2.0698539e-02  -9.3424807e-03  -2.6557694e+00  -1.3765235e-02   6.4370810e-03   3.4491455e-04
  -2.7807423e-03  -1.1911086e-02  -2.7534486e+00  -1.4668739e-02   4.8341316e-03   1.9782803e-04
  -2.4276950e-02   9.8542646e-03  -2.7763586e+00  -1.4771603e-02   4.1253867e-03   8.4344061e-04
  -3.0802724e-02  -1.1780709e-01  -2.0034781e+00  -3.3601453e-03   1.3015027e-03   1.2344945e-03
  -3.0010866e-02  -2.4554118e-02  -2.7342178e+00  -1.4407024e-02   2.6725251e-03   9.1408083e-04
  -2.0213002e-02  -7.9231402e-03  -2.6381195e+00  -1.2266313e-02   3.0793378e-03   8.8068399e-04
   1.2328302e-02  -3.1724599e-02  -2.6810875e+00  -1.2255274e-02   2.3384863e-03   1.9634906e-04
   8.5703247e-03  -4.2405595e-02  -2.7098752e+00  -1.3635548e-02   1.7001557e-03   2.3103408e-04
   1.5722768e-02  -3.6101824e-02  -2.6332909e+00  -1.2130053e-02   1.6213306e-03   1.8656288e-04
   2.9338800e-02  -4.3598613e-02  -2.6146946e+00  -1.2133008e-02   1.4116185e-03  -2.9979072e-05
   3.9232935e-02  -2.5832011e-02  -2.6333209e+00  -1.2290798e-02   1.6973264e-03  -2.0993257e-04
   3.4233720e-02  -9.0678209e-03  -2.6354403e+00  -1.2345014e-02   1.6734001e-03  -1.4896403e-04
   1.1074343e-02  -4.1076404e-02  -2.7137914e+00  -1.3829773e-02   2.0501296e-03   6.6110611e-05
  -1.2510453e-02  -1.5370399e-02  -2.7448203e+00  -1.2961336e-02   5.7526081e-03   5.6730942e-04
   1.3898025e-02   8.5807539e-03  -2.9216836e+00  -1.7610013e-02   1.4436472e-03   1.0647159e-04
   3.8123209e-02   5.4725501e-03  -2.6288089e+00  -1.5068617e-02  -7.6501460e-04  -5.1571546e-04
   3.2740188e-02   3.4781206e-03  -2.6666451e+00  -1.4909502e-02  -2.9811324e-04  -2.6659311e-04
   1.7875211e-02  -1.6881796e-02  -2.6654346e+00  -1.4652844e-02   8.3859272e-04   4.4671507e-05
   1.0402709e-02  -1.8673180e-02  -2.7186716e+00  -1.4657953e-02   1.5618708e-03   2.0002860e-04
   3.1206244e-02   2.5766079e-02  -2.7387534e+00  -1.2531854e-02   1.5614179e-03  -1.5001743e-04
   1.1271062e-02  -6.9172054e-02  -3.9854990e+00  -2.2949100e-02   5.6774731e-03   1.2886863e-04
   2.9692891e-02  -5.6230182e-02  -3.6520526e+00  -1.9918659e-02   4.5941442e-03  -5.4730056e-04
   5.8081669e-02  -4.7073874e-02  -3.7105198e+00  -2.2346427e-02   7.4413594e-04  -1.2923958e-03
   2.5490717e-02  -1.8397846e-02  -3.6229002e+00  -2.0317849e-02   2.0178967e-03  -5.7028722e-04
   3.0804642e-02  -4.9398022e-02  -3.6428844e+00  -2.0576451e-02   9.6220849e-04  -6.6858469e-04
   6.5610159e-02  -5.0822629e-02  -3.5229844e+00  -1.8194456e-02  -2.0217125e-03  -1.3033877e-03
  -6.9215793e-02  -1.0995560e-01  -3.3602486e+00  -1.2895235e-02   7.1512312e-03   9.2276296e-04
  -7.1253813e-02  -6.1704680e-02  -3.7324480e+00  -2.0208935e-02   7.9811324e-03   1.2165421e-03
  -2.1573730e-02  -5.6977068e-02  -3.5474949e+00  -1.7717997e-02   5.0820317e-03   5.2918315e-04
   1.5325676e-02  -7.5388275e-02  -3.4934803e+00  -1.6500585e-02   5.0146118e-03  -7.8023659e-05
   8.8374455e-03  -6.3499583e-02  -3.5095282e+00  -1.6484707e-02   4.5325379e-03  -8.0031882e-05
   4.2818173e-03  -7.2398679e-02  -3.4919561e+00  -1.6881390e-02   4.6745243e-03   4.4180485e-05
  -1.6879868e-02  -5.3589662e-02  -3.4440955e+00  -1.5481147e-02   7.1525419e-03   1.9833247e-04
  -5.2592176e-02  -7.9767957e-02  -3.1577383e+00  -1.3962981e-02   1.2428256e-02   1.0994331e-03
   1.9568614e-03  -4.7520667e-02  -3.0691785e+00  -1.2549365e-02   6.7039955e-03   5.5801423e-04
   1.4495407e-02  -9.0041615e-02  -3.0375240e+00  -1.1741126e-02   6.1406351e-03   2.8139951e-04
   2.7870667e-02  -7.9025394e-02  -3.1488838e+00  -1.2738121e-02   5.2439810e-03   1.0128892e-04
   1.0157278e-02  -1.9680072e-02  -3.3514765e+00  -1.8298024e-02   4.9797778e-05   1.8008066e-03
   6.6485311e-02  -8.0124410e-02  -2.7825971e+00  -1.2063407e-02   8.9083163e-04  -1.1350445e-04
   3.0229954e-02  -3.2000148e-02  -2.9686607e+00  -1.3115702e-02   7.1247136e-04   1.8515818e-04
   2.5757942e-02  -4.2955791e-02  -2.9997648e+00  -1.3712935e-02   5.2666829e-04   1.6487166e-04
   4.7365471e-02  -3.1436802e-02  -3.0429814e+00  -1.3727854e-02   1.5080599e-03  -7.1903895e-05
   1.3404157e-02  -4.8975904e-02  -3.3976008e+00  -1.7779226e-02   2.8136529e-03   2.1105370e-04
   3.2864471e-02  -7.0935511e-02  -3.3298004e+00  -1.6658774e-02   2.4318416e-03   4.1905186e-05
   1.8548002e-02  -5.7056954e-02  -3.3086877e+00  -1.6593409e-02   2.3896805e-03   1.9811243e-04
   1.0004746e-02  -2.6076030e-02  -3.3167480e+00  -1.5859318e-02   3.8356440e-03   4.4852621e-04
   5.5065329e-03  -3.4702987e-02  -3.4040488e+00  -1.7514904e-02   4.4657378e-03   1.8190592e-04
   2.9198590e-02  -4.9913404e-02  -3.5350650e+00  -1.8812195e-02   2.5301610e-03   7.5784176e-05
  -1.2054169e-02  -5.9795545e-02  -3.5046224e+00  -2.0760691e-02   6.4864677e-03   4.2270425e-04
  -2.9503448e-02  -6.1553595e-02  -3.1859202e+00  -1.4622967e-02   4.9466334e-03   8.3400355e-04
   2.3372165e-03  -6.4422282e-02  -3.1277878e+00  -1.3345224e-02   3.1482720e-03   3.9213923e-04
   6.7923615e-03  -6.9973772e-02  -3.0916898e+00  -1.3081956e-02   4.6279067e-03   2.1563782e-04
  -3.7341136e-03  -5.8370984e-02  -3.2432494e+00  -1.5051822e-02   3.9420719e-03  -3.5624036e-05
  -1.6022337e-03  -7.7001211e-02  -3.2718054e+00  -1.5856017e-02   5.9823105e-03   6.2451476e-05
  -7.8312734e-05  -2.6288961e-02  -3.3046048e+00  -1.8538657e-02   4.9280962e-03   8.1234535e-04
  -9.4948638e-04  -3.3690030e-02  -3.4823388e+00  -1.6345548e-02   6.5717337e-03   4.3285267e-04
   8.6953753e-03  -3.9458558e-02  -3.2649645e+00  -1.2951521e-02   6.6069718e-03   2.3875048e-04
  -2.0929103e-02  -4.8007704e-02  -3.0632607e+00  -1.2110258e-02   5.4326813e-03   6.5652594e-04
   3.9262905e-03  -7.4961231e-02  -3.2279053e+00  -1.3729815e-02   5.1031060e-03   6.4307188e-05
   1.7930696e-02  -1.1338960e-02  -3.4684487e+00  -1.8779542e-02  -6.7019778e-04   2.7099227e-04
   6.0651173e-02  -8.9603008e-02  -3.3005585e+00  -1.7172472e-02  -3.4230480e-04  -5.9170422e-04
   3.7112485e-02  -2.3486277e-02  -3.1335436e+00  -1.4177699e-02  -5.1367675e-04  -3.4332353e-04
   3.5719264e-02  -5.5962335e-02  -3.1657447e+00  -1.4921366e-02  -5.0883182e-04  -3.2305975e-04
   4.0511173e-02  -5.1232366e-02  -3.2034415e+00  -1.4816506e-02  -5.5316215e-04  -5.1155736e-04
   4.2891929e-02  -4.3694644e-02  -3.2368619e+00  -1.5547133e-02   2.5772149e-04  -5.6524588e-04
  -5.6623742e-02  -1.1688440e-01  -3.3135310e+00  -1.2825761e-02   5.2983061e-03   8.4706341e-04
  -9.9060434e-03  -6.0345225e-02  -3.3097058e+00  -1.2391787e-02   3.8400312e-03   1.1034904e-04
   7.3622461e-04  -8.7571577e-02  -3.3492804e+00  -1.2370212e-02   3.4379035e-03   2.0823154e-04
   1.8443349e-02  -8.9090748e-02  -3.3930126e+00  -1.3370957e-02   3.1958033e-03  -1.7154641e-04
   1.3383225e-02  -8.0127724e-02  -3.4483293e+00  -1.4557145e-02   2.4059395e-03  -2.2527746e-04
   3.0577305e-02  -5.4908655e-02  -3.3715593e+00  -1.2705455e-02   1.8591109e-03  -2.9113841e-04
   1.6843837e-02  -2.4151037e-02  -3.5381029e+00  -1.7315728e-02  -1.7529964e-03   1.4871539e-04
   1.9514087e-02  -1.4741890e-02  -3.5362972e+00  -1.7380736e-02   1.8732185e-03   2.1025771e-04
   2.4271967e-02  -3.5151014e-02  -3.1184250e+00  -1.1681396e-02   2.3537973e-04   2.1551064e-04
   4.0564812e-02  -5.9644717e-02  -3.1073355e+00  -1.1768480e-02   4.1750171e-05  -4.6444630e-05
   2.8493266e-02  -4.5088952e-02  -3.1166069e+00  -1.1939492e-02   9.7455899e-05   6.7830472e-05
   3.0653803e-02  -3.3310616e-02  -3.0022964e+00  -1.0336553e-02   3.1405198e-03   4.8849031e-05
   4.2540738e-02  -6.0207360e-02  -3.6801755e+00  -1.4008018e-02   3.3549653e-03   1.5202199e-04
   5.8817551e-02  -6.8806558e-02  -3.5188645e+00  -1.2961753e-02   4.1076898e-03  -3.8326941e-04
   5.8918157e-02  -4.5007283e-02  -3.4806714e+00  -1.3406059e-02   5.0785355e-03  -5.1125326e-04
   6.3526888e-02  -6.5525148e-02  -3.6258411e+00  -1.2163494e-02   4.9210177e-03  -5.2032629e-04
   8.4870151e-02  -6.3099451e-02  -3.6230402e+00  -1.2415913e-02   4.8866593e-03  -9.8499413e-04
   9.7954339e-02  -6.2189810e-02  -3.6321378e+00  -1.2711901e-02   4.5878988e-03  -1.0863623e-03
   9.2375367e-02  -5.5336903e-02  -3.6906275e+00  -1.3039052e-02   4.3527279e-03  -1.0854675e-03
   8.5343447e-02  -6.2681690e-02  -3.7418431e+00  -1.3471466e-02   4.7490034e-03  -1.0576079e-03
   9.9272951e-02  -6.6395357e-02  -3.7505435e+00  -1.3312283e-02   4.5621482e-03  -1.2037398e-03
   9.5632016e-02  -5.7951631e-02  -3.8366681e+00  -1.4632907e-02   4.0004381e-03  -1.1103981e-03
   1.0373059e-01  -8.5490522e-02  -3.8580538e+00  -1.4308553e-02   4.2150263e-03  -1.2653146e-03
   7.5560798e-02  -2.5537235e-02  -3.9195182e+00  -1.5661036e-02   5.3653290e-03  -8.5779165e-04
   1.2167194e-02  -6.8898792e-02  -4.4472374e+00  -1.8014864e-02   7.2923674e-03  -2.3889040e-04
   3.6817690e-02  -4.4422803e-02  -4.4670778e+00  -1.8817397e-02   6.4116997e-03  -6.4911621e-04
   5.0120254e-02  -8.0860727e-02  -4.4411316e+00  -1.8530746e-02   6.5179236e-03  -7.5952804e-04
   5.3940550e-02  -6.6849294e-02  -4.4660434e+00  -1.9068856e-02   6.2674455e-03  -6.5165810e-04
   5.2748581e-02  -5.2156622e-02  -4.4839391e+00  -1.9411432e-02   6.0407153e-03  -6.3103785e-04
   1.9103295e-03  -2.3683582e-02  -4.0317357e+00  -1.6826503e-02   5.2755598e-03   1.1343764e-03
   5.7744266e-02  -1.0439302e-02  -3.9340156e+00  -1.5145688e-02   3.6998888e-03   3.4352653e-05
   6.4805053e-02  -2.5116664e-02  -3.8386075e+00  -1.5503930e-02   2.5129604e-03  -3.2086960e-04
   7.9164479e-02  -3.1646516e-02  -3.8318326e+00  -1.4185078e-02   2.5083963e-03  -5.3752025e-04
   7.9967182e-02  -5.8388630e-02  -3.9091925e+00  -1.4939920e-02   2.6769480e-03  -5.5945564e-04
   7.4256099e-02  -4.7239721e-02  -3.9667833e+00  -1.5549051e-02   2.3487525e-03  -6.2232568e-04
   8.6186678e-02  -4.8814349e-02  -3.9454643e+00  -1.5358933e-02   1.9843368e-03  -7.5129596e-04
   7.7107331e-02  -4.0492458e-02  -3.9834910e+00  -1.5385905e-02   2.4662479e-03  -6.3707183e-04
   3.7840516e-02  -3.4384833e-02  -3.9733763e+00  -1.4801124e-02   7.5870425e-03  -5.2025738e-05
   5.2704268e-02  -3.4014993e-02  -4.0236220e+00  -1.4848147e-02   6.0316025e-03  -3.7927797e-04
   5.7121112e-02  -3.3681550e-02  -4.0776017e+00  -1.5933421e-02   6.6772326e-03  -2.8868027e-04
   6.5702895e-02  -4.4903385e-02  -4.0674700e+00  -1.5708900e-02   5.8885890e-03  -5.2954351e-04
   4.5188952e-02   7.0409461e-03  -4.1864918e+00  -1.9491573e-02   3.5395334e-03   1.0520103e-03
   6.5630177e-02  -1.7757139e-02  -4.0664764e+00  -1.8139195e-02   3.6531421e-03  -4.2701337e-04
   4.9475853e-02  -9.3176966e-03  -4.0026044e+00  -1.6237685e-02   4.2584031e-03  -2.3472839e-04
   4.1195256e-02  -8.2758045e-03  -4.0510306e+00  -1.6020466e-02   3.3112313e-03  -3.6889252e-05
   5.4728354e-02  -2.1918136e-02  -4.0232617e+00  -1.6228366e-02   4.0814534e-03  -2.8222711e-04
   3.7463820e-02  -1.8209919e-02  -4.0294616e+00  -1.6455630e-02   4.1610081e-03  -7.9197343e-05
   3.8074735e-02  -1.8807461e-02  -4.0574332e+00  -1.6713475e-02   4.3640627e-03  -1.0665795e-04
   4.8496789e-02  -2.1764213e-02  -4.0264033e+00  -1.6375939e-02   4.7086494e-03  -2.9948717e-04
   5.1592309e-02  -5.6619910e-03  -4.0764940e+00  -1.7275141e-02   4.7704594e-03  -2.4019849e-04
   2.6282831e-02  -2.3063113e-02  -4.0617303e+00  -1.6082316e-02   5.0709973e-03  -5.3367898e-05
   2.7784576e-02  -3.1604275e-02  -4.1212701e+00  -1.6604785e-02   6.1445052e-03  -8.8440048e-05
   2.6564319e-01  -2.9084415e-01  -8.2488358e-01  -2.6413379e-02   7.6308506e-03  -4.5016920e-03
   1.7575059e-01  -7.8616443e-02   7.6388946e-01  -1.2777370e-02  -9.1142328e-03  -2.8370797e-03
   5.3602894e-02   2.6016265e-01   1.9901169e+00   1.4998832e-02  -2.0695193e-02   2.8305407e-04
   8.3529605e-02   1.4612459e-01   1.1007719e+00   1.1364813e-02  -1.1093131e-03   3.1179073e-04
   5.9625783e-02   1.0019084e-01   9.5716439e-01   9.3781376e-03  -2.2048471e-03   5.1789560e-04
   9.2363896e-02   9.6262875e-02   1.1241320e+00   1.2408251e-02  -2.2544103e-03  -2.9194203e-04
   9.2754515e-02   1.4179081e-01   1.1880906e+00   1.3179732e-02   3.3421379e-04   2.9212790e-04
   7.0001990e-02   5.7782504e-02   5.0446492e-01   8.5105818e-03   8.4103223e-04   2.9627339e-04
   5.7302321e-02   5.9882145e-02   2.9933846e-01   1.1848769e-02  -8.8043265e-04   2.9455595e-04
   6.3928432e-02   7.1914159e-02   2.4956938e-01   9.1890770e-03  -5.4530789e-04   5.3929463e-05
   5.6372762e-02   5.0861286e-02   2.4683398e-01   1.0487936e-02   1.5709699e-03   5.1905005e-04
   6.9407256e-02   7.5289224e-02   2.1816612e-01   9.9751653e-03  -1.4371936e-04   1.3627218e-04
   7.5249662e-02   4.5070324e-02   2.0609306e-01   6.9057039e-03  -4.1300135e-03  -5.2748795e-04
  -7.5229704e-03   9.2980056e-02   1.0418591e-01   7.4249829e-03  -1.3475622e-03   1.8624538e-03
   8.4357427e-02   6.5300486e-02   1.1341467e-01   7.9224852e-03  -9.6825963e-04  -2.5644048e-04
   9.3272273e-02   1.7464021e-02  -9.8254908e-02  -1.2699094e-03  -8.9911826e-05  -3.2330857e-04
   6.0730537e-02   8.3752150e-02   1.1607422e-01   8.0131674e-03  -2.2071646e-03  -3.9254350e-04
   3.2059241e-02   7.9650813e-02  -2.0238501e-01   1.3382913e-02  -1.3531304e-03   5.0864233e-04
   5.9330565e-02   2.0154873e-03  -1.5213868e+00  -5.0855418e-03  -2.9357697e-03  -6.2630226e-04
   4.3039705e-02  -3.5589494e-02  -1.4524456e+00  -1.6306949e-03  -1.2215744e-03  -2.8977206e-04
   5.2925430e-02  -1.7186381e-02  -1.8201208e+00  -5.4929988e-03  -2.4029500e-03  -4.7628665e-04
   4.5024404e-02  -1.1086005e-02  -1.8786038e+00  -6.7206195e-03  -2.8636885e-03  -4.6744767e-04
   4.5717249e-02  -4.9998193e-02  -3.0228042e+00  -1.1056186e-02   8.8571630e-04  -1.9633517e-04
   7.1979754e-02  -5.5100655e-02  -2.8657450e+00  -8.1319763e-03   5.9642266e-04  -4.9617023e-04
   8.6836142e-02  -7.3947000e-02  -2.8652941e+00  -8.0945982e-03   2.4847914e-04  -9.1007014e-04
   9.2102729e-02  -6.7282244e-02  -3.0110422e+00  -1.3055642e-02  -3.6934665e-03  -6.3981254e-04
   9.2138855e-02  -2.7964749e-02  -2.6652424e+00  -9.6512472e-03  -1.9113029e-03  -4.9194729e-04
   5.6391153e-02  -2.4357660e-02  -2.5244496e+00  -7.4435674e-03   7.9768792e-04  -2.8284747e-04
   7.3321389e-02  -2.3821682e-02  -2.5506709e+00  -7.9531720e-03   8.1895741e-04  -3.8876174e-04
   6.3637411e-02   1.1252556e-02  -2.5609957e+00  -2.5668866e-03   8.5357895e-04  -2.8132959e-04
   5.4349862e-02  -4.8637666e-02  -3.6173595e+00  -1.7076773e-02  -2.8098671e-03  -7.8550086e-04
   5.2520040e-02  -5.3000829e-02  -3.6766601e+00  -1.7893359e-02  -2.3032054e-03  -7.0185984e-04
   5.8103997e-02  -4.2339124e-02  -3.6488627e+00  -1.7146135e-02  -1.5918218e-03  -5.7961692e-04
   6.3017738e-02  -4.3916722e-02  -3.6588893e+00  -1.7459094e-02  -2.1692060e-03  -6.1238126e-04
   6.9368386e-02  -5.6176609e-02  -3.6701285e+00  -1.7057290e-02  -2.0426136e-03  -8.9037883e-04
   6.3452604e-02  -5.9164622e-02  -3.7206914e+00  -1.7614834e-02  -1.6991333e-03  -8.2362504e-04
   5.6180718e-02  -5.1824756e-02  -3.7379315e+00  -1.7671987e-02  -2.2101918e-03  -7.6278806e-04
   4.9086334e-02  -4.8976807e-02  -3.7671543e+00  -1.7794879e-02  -1.5212754e-03  -6.9984714e-04
   1.9079879e-02  -2.3573720e-02  -3.8008411e+00  -1.7961744e-02  -1.2079927e-04  -6.9707059e-05
  -1.4708200e-02  -1.0468769e-01  -5.5876456e+00  -3.9020603e-02  -9.6574426e-04   1.3174661e-04
   8.5112454e-02  -2.0499449e-01  -3.8734717e+00  -3.0042964e-02   3.6987447e-03  -2.3559617e-03
   8.1251778e-02  -9.8466153e-02  -4.2474279e+00  -2.2336242e-02   8.8937647e-03  -1.2591024e-03
   4.4639523e-02  -1.0474021e-01  -4.2009301e+00  -2.5744894e-02   9.0386315e-03  -3.2302900e-04
   5.0892235e-02  -6.0584166e-02  -3.0277804e+00  -9.9038642e-03   9.8783041e-03  -4.0408483e-04
   5.8871396e-02  -8.4008483e-02  -3.2083925e+00  -1.2253393e-02   1.0228786e-02  -4.6846960e-04
   5.7616064e-02  -6.9729418e-02  -3.2023821e+00  -1.1248108e-02   1.0831325e-02  -4.3986393e-04
   7.1728855e-02  -1.0671124e-01  -3.1770178e+00  -1.0828672e-02   1.2058770e-02  -5.9756263e-04
   6.2331602e-02  -9.4783305e-02  -3.2418911e+00  -1.2143814e-02   1.0640494e-02  -4.5240311e-04
   7.2487081e-02  -7.6463217e-02  -3.1584696e+00  -1.1356986e-02   9.4928411e-03  -6.7095446e-04
   3.8788035e-02  -8.1703989e-02  -3.3781883e+00  -1.4140754e-02   8.5177505e-03   1.6423421e-04
   8.7776690e-02  -6.5668917e-02  -3.2834721e+00  -1.3378065e-02   6.3215717e-03  -4.2972049e-04
   5.3305208e-02  -4.8021797e-02  -3.3634077e+00  -1.5779948e-02   6.8245954e-03   3.5795434e-04
   5.1205664e-02  -6.9550650e-02  -3.2726404e+00  -1.3251820e-02   8.1443334e-03   1.7656014e-04
   4.2326385e-02  -5.6426157e-02  -3.3396087e+00  -1.4417029e-02   8.7031221e-03   3.7732777e-04
   6.5922945e-02  -5.6174637e-02  -3.3632890e+00  -1.4989772e-02   9.0197037e-03  -1.7947885e-04
   3.8557992e-02  -4.3711516e-02  -3.3662417e+00  -1.4841367e-02   9.4672841e-03   4.1025298e-04
   5.1930234e-02  -6.0552592e-02  -3.4710840e+00  -1.4808682e-02   9.6261831e-03   2.3210285e-04
   3.9410545e-02  -5.4161160e-02  -3.5304994e+00  -1.5629074e-02   9.2339152e-03   4.8489857e-04
  -2.3294062e-02  -7.1375393e-02  -3.0250618e+00  -2.8381029e-02   6.9633015e-03   1.4834774e-03
   2.4320270e-01  -4.2586625e-02   2.3665647e-01  -3.8225582e-02   3.1884033e-02  -3.3709304e-03
   2.2792717e-02  -1.4308464e-03  -6.2490492e-01   1.9599450e-02   8.4037122e-03   1.8246635e-04
   8.6508123e-02  -1.9244195e-02  -1.8930008e+00  -7.3602292e-03  -3.7327362e-04  -2.8011042e-04
   8.7301168e-02  -1.3380017e-02  -1.8555174e+00  -6.8570416e-03   2.8738192e-04  -3.4171328e-04
   9.1968097e-02  -3.1963935e-02  -1.8355814e+00  -6.1150987e-03   1.2995490e-03  -3.8985612e-04
   1.0367053e-01  -2.6721404e-02  -1.8047473e+00  -5.9394253e-03   1.5671846e-03  -4.1287661e-04
   9.0968093e-02  -3.6218720e-02  -1.8771619e+00  -6.2786520e-03   1.4359807e-03  -4.3188641e-04
   7.9665448e-02  -2.3848011e-02  -1.9066238e+00  -7.3433853e-03   2.4122603e-03  -5.1501936e-05
   8.0103305e-02  -1.8089830e-02  -1.9434740e+00  -7.9005513e-03   2.7931450e-03  -7.3906389e-05
   6.9281977e-02  -3.1932043e-02  -1.9959983e+00  -7.7210241e-03   3.4099561e-03  -4.1843885e-05
   8.9788222e-02  -1.3511590e-02  -2.0034266e+00  -9.4645059e-03   5.0952820e-03  -5.8260226e-04
   5.0101828e-02  -4.1661060e-02  -2.0862765e+00  -8.8198101e-03   5.0713382e-03   1.9871156e-04
   7.7370511e-02  -2.5105056e-02  -2.1190216e+00  -8.6174809e-03   4.1085092e-03  -1.5964313e-04
   9.3382720e-02  -5.6589416e-02  -2.1958900e+00  -9.5493344e-03   4.9055699e-03  -4.8978051e-04
   6.9890385e-02  -2.2080721e-02  -2.2922067e+00  -1.2020479e-02   2.7706783e-03   9.9176998e-05
   9.8924937e-02  -7.2800539e-03  -2.0688102e+00  -1.0704214e-02   1.4410516e-03  -4.3393408e-04
   7.9465278e-02  -1.7873178e-02  -2.1130956e+00  -1.0233771e-02   2.3593672e-03  -3.1197840e-04
   8.6013184e-02  -1.8491400e-02  -2.1734180e+00  -1.0244826e-02   2.7824936e-03  -3.4371421e-04
   8.2021622e-02  -2.5881734e-02  -2.2229745e+00  -1.0931110e-02   2.8736063e-03  -9.8944733e-05
   8.1447349e-02  -2.4386264e-02  -2.2314791e+00  -1.0444506e-02   2.7233386e-03  -2.4539138e-04
   5.8541567e-02  -1.2283779e-01  -3.4034489e+00  -2.2914943e-03   5.6386693e-03  -9.8176754e-04
   1.0408370e-01  -1.3017183e-01  -4.0431895e+00  -1.4080993e-02   3.9778324e-03  -1.3744703e-03
   1.0541680e-01  -1.2032937e-01  -3.9454326e+00  -1.4211139e-02   5.4445627e-03  -1.2304374e-03
   8.6050194e-02  -1.2291054e-01  -3.9518251e+00  -1.5120459e-02   7.0253245e-03  -1.0121778e-03
   8.7941489e-02  -1.0042546e-01  -3.8923196e+00  -1.3425876e-02   6.4351567e-03  -1.0313818e-03
   6.2424659e-02  -6.1010085e-02  -4.0942961e+00  -1.7932449e-02  -2.1901087e-04   5.0971181e-04
   8.1336353e-02  -4.4076560e-02  -4.0921383e+00  -1.8307926e-02   4.3004811e-04   7.5622779e-05
   9.0898647e-02  -5.3622457e-02  -4.0843730e+00  -1.7400744e-02   8.7880536e-04  -1.4690472e-04
   8.0626394e-02  -5.7781751e-02  -4.1278452e+00  -1.7851051e-02   1.1431573e-03   1.5849949e-04
   5.3442028e-02  -6.4173514e-02  -4.1460110e+00  -1.9796629e-02   4.5857889e-03  -1.7653418e-06
   4.3433651e-02  -5.2970280e-02  -3.5120173e+00  -1.0010666e-02   8.6467594e-03   4.6100540e-04
   4.9543278e-02  -4.9673401e-02  -3.6305190e+00  -1.1851303e-02   7.4622026e-03   3.7177226e-04
   5.4653702e-02  -6.9095934e-02  -3.6027221e+00  -1.3652612e-02   8.7405994e-03   6.9218885e-05
   5.8625333e-02  -5.2467769e-02  -3.5932438e+00  -1.1158957e-02   5.8482347e-03  -4.1022733e-05
   6.2294777e-02  -6.9225157e-02  -3.6170115e+00  -1.2144788e-02   5.5726682e-03  -6.4242126e-05
   7.1744102e-02  -7.4649679e-02  -3.6110235e+00  -1.1351277e-02   4.9200053e-03  -2.1645180e-04
   7.5903643e-02  -6.8551964e-02  -3.6456829e+00  -1.1848631e-02   4.7691146e-03  -2.3899925e-04
   1.1485889e-01  -4.4507723e-02  -4.6756646e+00  -2.7345182e-02   7.1713176e-03   6.1516911e-05
   1.6228663e-01  -6.4719207e-02  -3.7772917e+00  -1.4156889e-02   1.5421219e-03  -1.0060977e-03
   1.5388151e-01  -6.4391748e-02  -3.9062061e+00  -1.5561423e-02   2.1485673e-03  -7.2179146e-04
   1.2608779e-01  -2.2930485e-02  -3.9977229e+00  -1.8304368e-02   5.3416540e-03  -5.7494949e-04
   3.9756579e-02  -8.6358175e-02  -4.4949289e+00  -1.6955893e-02   4.0900395e-03  -2.7555546e-04
   2.9434224e-02  -6.2955206e-02  -4.5370963e+00  -1.8266852e-02   5.0505135e-03  -2.0658276e-04
   4.2830608e-02  -8.8901069e-02  -4.4070916e+00  -1.6596667e-02   5.4708317e-03  -5.4470677e-04
   1.1057112e-01  -9.2993028e-02  -4.1916373e+00  -1.6748403e-02   1.1195941e-02   1.9002093e-05
   7.9579190e-02  -6.5354842e-02  -4.0218530e+00  -1.2889768e-02   9.9602903e-03   1.9609952e-04
   9.3867197e-02  -4.6345856e-02  -4.0271015e+00  -1.4572393e-02   1.0890301e-02  -1.5660330e-04
   1.1190844e-01  -4.1578507e-02  -4.2330774e+00  -1.3927459e-02   7.9334418e-03  -3.3598199e-04
   1.3366556e-01  -4.7664388e-02  -4.2677813e+00  -1.5784652e-02   7.0480483e-03  -6.4895449e-04
   9.2933228e-02  -5.4520403e-02  -4.0954446e+00  -1.5790792e-02   1.0146187e-02  -2.1701002e-04
   1.0434485e-01  -4.8991195e-02  -3.9697396e+00  -1.2161571e-02   9.3638718e-03  -4.4438879e-04
   1.2506495e-01  -5.0684341e-02  -3.9556636e+00  -1.2302662e-02   8.6048986e-03  -4.9014188e-04
   1.2224297e-01  -4.4778586e-02  -4.0461240e+00  -1.3324481e-02   7.8933093e-03  -5.7237366e-04
   1.1576924e-01  -2.2383015e-02  -4.0778759e+00  -1.4267553e-02   8.5606633e-03  -5.0760288e-04
   9.3002324e-02  -4.9377494e-02  -4.0333431e+00  -1.3790730e-02   9.0586230e-03  -3.6559798e-04
   7.5864992e-02  -2.8598011e-02  -4.0380134e+00  -1.3464575e-02   9.8530153e-03  -1.9216029e-04
   8.6932445e-02  -2.7042249e-02  -4.0315210e+00  -1.3552479e-02   1.0885128e-02  -3.1466103e-04
   7.7388712e-02  -4.3759664e-02  -3.9927348e+00  -1.2223021e-02   9.7274948e-03  -2.6897696e-04
   7.4793340e-02  -3.0907375e-02  -3.9495471e+00  -1.1111751e-02   9.2458154e-03   3.5389332e-05
   5.5505025e-02  -6.2790331e-02  -3.8468390e+00  -8.9856160e-03   1.0928638e-02   1.4371333e-04
   7.6071867e-02  -4.8983548e-02  -3.8638735e+00  -1.0329944e-02   9.6876124e-03  -1.4341830e-04
   5.3234044e-02  -6.1464913e-02  -3.9587943e+00  -1.1868860e-02   9.5940519e-03   2.0101304e-04
   7.2665394e-02  -6.6851568e-02  -4.0071318e+00  -1.1441759e-02   1.0165449e-02   1.3601740e-05
   7.7901797e-02  -8.6061715e-02  -4.1080792e+00  -1.3118200e-02   1.0630009e-02  -3.0743684e-04
   8.2299128e-02  -6.6826614e-02  -4.0282854e+00  -1.1331047e-02   1.0052851e-02  -3.9404965e-04
   7.4120457e-02  -4.8019640e-02  -4.0924983e+00  -1.2517564e-02   1.0310851e-02  -1.8636518e-04
   5.1466772e-02  -8.1975221e-02  -4.1877524e+00  -9.3421156e-03   1.0508355e-02  -1.6074212e-04
   6.3444176e-02  -6.0991080e-02  -4.5140813e+00  -1.4225000e-02   1.0186334e-02  -3.4443295e-04
   6.2869504e-02  -7.0408518e-02  -4.4732403e+00  -1.4094997e-02   9.9606463e-03  -3.0076339e-04
   5.3136720e-02  -8.0270883e-02  -4.4812600e+00  -1.2869421e-02   1.1047169e-02  -6.4280623e-05
   5.8637332e-02  -5.3179663e-02  -4.5898346e+00  -1.4197445e-02   8.9988157e-03  -3.2850511e-04
   5.7422974e-02  -5.7494303e-02  -4.5508934e+00  -1.5554827e-02   9.8967447e-03  -1.9949924e-04
   6.2550404e-02  -7.0233364e-02  -4.4293141e+00  -1.3625185e-02   9.5443629e-03  -4.0631384e-04
   6.0667333e-02  -6.3968354e-02  -4.4562012e+00  -1.4960821e-02   1.0524317e-02  -4.8604016e-04
   6.2256385e-02  -6.9248159e-02  -4.3619458e+00  -1.3505979e-02   1.1208909e-02  -5.3411465e-04
   7.7940830e-02  -6.7056369e-02  -4.2984554e+00  -1.2329895e-02   1.1304722e-02  -9.0882250e-04
   7.0358613e-02  -4.9609550e-02  -4.3470422e+00  -1.3964221e-02   1.1339862e-02  -6.5262751e-04
   4.9679523e-02  -9.0900900e-02  -4.2991198e+00  -9.8741705e-03   1.1148172e-02  -3.3538705e-04
   7.5384440e-02  -9.1598827e-02  -4.4222822e+00  -1.3365290e-02   1.0282736e-02  -9.4072653e-04
   8.3264258e-02  -9.6218413e-02  -4.4451873e+00  -1.3469196e-02   9.8924371e-03  -1.0043833e-03
   6.9265129e-02  -8.4436217e-02  -4.4663294e+00  -1.3431850e-02   1.0571740e-02  -8.9360725e-04
  -8.7778411e-02  -1.7218822e-01  -4.1615977e+00  -1.0096195e-02   3.7946911e-04   1.4687412e-03
  -2.9859878e-02  -1.2193481e-01  -5.4899547e+00  -2.3557326e-02   5.3926610e-03   1.1226565e-03
   6.8859232e-02  -9.8100813e-02  -5.5349534e+00  -2.5193689e-02   6.9798115e-04  -6.0897080e-04
   7.9537423e-02  -1.1015671e-01  -5.3284051e+00  -2.5340358e-02   1.7750082e-03  -8.1672642e-04
   9.5298556e-02  -1.0420314e-01  -5.1663801e+00  -2.3682675e-02   1.3952990e-03  -9.9559393e-04
   1.0965788e-01  -9.2147401e-02  -5.0046625e+00  -2.2214197e-02   1.9462192e-03  -1.4378857e-03
   1.0833123e-01  -9.5883289e-02  -4.9537753e+00  -2.1054067e-02   1.9801860e-03  -1.3710436e-03
   1.0988690e-01  -8.7544962e-02  -4.9885454e+00  -2.1863682e-02   1.7475332e-03  -1.6031412e-03
   6.1721563e-02  -1.3928816e-01  -5.1782770e+00  -1.8778073e-02   6.5396486e-03  -5.8914164e-04
   8.3931649e-02  -1.0193898e-01  -5.0821283e+00  -1.8660055e-02   7.2411928e-03  -1.1539130e-03
   7.9354875e-02  -9.3100317e-02  -5.1033411e+00  -1.8931939e-02   7.2825657e-03  -8.5984004e-04
   8.2857535e-02  -1.1566395e-01  -4.8666312e+00  -1.7116021e-02   7.5274966e-03  -1.0954633e-03
   7.3036913e-02  -9.9115386e-02  -4.8662590e+00  -1.7482487e-02   7.2619879e-03  -9.8455830e-04
   7.9736435e-02  -1.0706937e-01  -4.8750769e+00  -1.7958072e-02   7.5987457e-03  -1.1109761e-03
   7.3707704e-02  -7.4273208e-02  -4.8383717e+00  -1.5810170e-02   7.7074527e-03  -7.5239889e-04
   7.9533676e-02  -1.3127649e-01  -4.9610035e+00  -1.7248217e-02   9.4289529e-03  -1.0111072e-03
   7.7648631e-02  -1.0396685e-01  -4.9711988e+00  -1.7117652e-02   8.9886144e-03  -9.7417782e-04
  -6.6403156e-02  -1.8292322e-01  -4.2419743e+00  -5.6337021e-02   1.0951269e-02  -9.2032023e-04
   3.1127141e-02  -3.5722765e-02  -2.3146312e+00  -6.8753417e-04   1.4308647e-02   8.9105456e-04
   5.2372345e-02  -8.7374544e-02  -3.1444803e+00  -1.1176669e-02   7.8702556e-03   1.7862354e-04
   4.9927977e-02  -7.2752344e-02  -3.1051955e+00  -1.2179052e-02   7.9633768e-03   6.3483133e-05
   7.3267931e-02  -9.0785314e-02  -3.1395350e+00  -1.2560888e-02   7.8423441e-03  -2.3693278e-04
   9.9074894e-02  -9.1855323e-02  -3.0431473e+00  -1.0961067e-02   8.2466878e-03  -6.4899542e-04
   9.6112072e-02  -8.5195010e-02  -3.0174976e+00  -1.0338783e-02   8.5730724e-03  -6.2034742e-04
   1.0305367e-01  -7.0690791e-02  -3.0194696e+00  -1.0689178e-02   8.6354053e-03  -8.0054100e-04
   9.8601670e-02  -7.1083102e-02  -2.9901885e+00  -1.0543872e-02   8.5075493e-03  -6.2930915e-04
   7.4567624e-02  -6.9272009e-02  -3.0805462e+00  -1.1252871e-02   9.3696128e-03  -4.3367455e-04
   7.8126045e-02  -7.6317758e-02  -3.1166491e+00  -1.1792966e-02   9.4928393e-03  -3.1816208e-04
   8.1689197e-02  -8.4456674e-02  -3.0938265e+00  -1.1685316e-02   9.6016764e-03  -3.3186972e-04
   5.9156377e-02  -7.0272809e-02  -3.0632722e+00  -1.2589156e-02   9.6592016e-03   1.7474769e-04
   5.8261188e-02  -7.2796812e-02  -3.0911699e+00  -1.1963577e-02   1.0639548e-02  -7.1162073e-05
   4.7481230e-02  -6.7583584e-02  -2.8987001e+00  -1.1008814e-02   1.2990569e-02   3.7943875e-04
   7.4275477e-02  -1.0473632e-01  -2.8877087e+00  -9.4143440e-03   1.3340706e-02  -6.2261743e-04
   1.8383552e-01  -7.7564686e-02   2.8123746e+00   1.3512910e-02   4.3828832e-03  -6.2246048e-04
   1.5138351e-01   4.0110836e-01   4.3896868e+00   5.3952047e-02   1.8421830e-03  -7.3917807e-05
   2.6210197e-01   2.1827219e-01   2.4880540e+00   3.2778195e-02   8.9371396e-04  -2.1108441e-03
   2.0018058e-01   1.2522326e-01   1.8219308e+00   2.0270386e-02   1.5081586e-03  -2.0483340e-03
   1.9748967e-01   1.1400255e-01   1.8598195e+00   2.1245066e-02   2.7014043e-03  -1.9637106e-03
   1.9485191e-01   1.2611144e-01   1.8084565e+00   2.0776788e-02   1.8774716e-03  -1.9214821e-03
   1.9242372e-01   1.2409643e-01   1.8439139e+00   2.1684637e-02   1.2390484e-03  -1.8193873e-03
   1.9496878e-01   1.1428756e-01   1.8475158e+00   2.1491737e-02   1.1339822e-03  -2.1324962e-03
   1.8331738e-01   1.2767437e-01   1.8657406e+00   2.2331655e-02   2.4179335e-03  -1.9090771e-03
   1.7073112e-01   1.1695550e-01   1.8278932e+00   2.1279995e-02   2.0735882e-03  -1.6850151e-03
   1.4571212e-01   1.2460706e-01   1.7212657e+00   2.0612325e-02   4.2064394e-03  -1.1761830e-03
   1.4263774e-01   1.2965210e-01   1.6727032e+00   1.9874034e-02   3.2089450e-03  -1.1552294e-03
   1.5311899e-01   1.1350176e-01   1.6469496e+00   1.9946273e-02   2.6063359e-03  -1.3309070e-03
   1.0299663e-01   1.4242181e-01   1.5313736e+00   2.4802272e-02   2.9408032e-03  -1.2156955e-03
   1.0714978e-01   8.5526050e-02   1.1069630e+00   1.4785809e-02   5.7924561e-03  -8.9931559e-04
  -9.2147842e-02   8.2899650e-02   4.0844392e-01   1.5212689e-02  -7.6965099e-03   1.0116973e-03
   4.9213494e-02   3.8367871e-02  -1.6626093e-01   7.4675991e-03   1.2080558e-02   5.0468789e-04
   1.1136600e-01  -8.5920913e-02  -1.0096221e+00  -6.1972162e-03   5.9465630e-03  -7.3147594e-04
   1.1169137e-01  -9.1660875e-02  -1.0199857e+00  -6.1783184e-03   4.3511661e-03  -7.0991978e-04
   1.2866199e-01  -8.1320154e-02  -9.7185672e-01  -5.1485734e-03   3.9881889e-03  -9.5095436e-04
   1.3017527e-01  -8.5801327e-02  -9.3373393e-01  -5.5959274e-03   3.2199151e-03  -9.3578418e-04
   1.2829323e-01  -8.2519038e-02  -8.5954879e-01  -3.4475578e-03   2.7014448e-03  -1.1847755e-03
   1.3270009e-01  -7.5067507e-02  -8.9084035e-01  -3.6228664e-03   2.9225330e-03  -1.0010193e-03
   1.1332688e-01  -4.4072779e-02  -1.0705153e+00  -6.5319046e-03  -4.8083841e-04  -6.1649041e-04
   1.3064820e-01  -6.1477567e-02  -1.0493583e+00  -5.9039021e-03   1.4571400e-03  -1.0543053e-03
   1.1652349e-01  -4.9399928e-02  -1.1313201e+00  -7.3078794e-03   1.1571124e-03  -6.6700548e-04
   1.2279550e-01  -3.5690826e-02  -1.1311902e+00  -7.0838438e-03   1.5662826e-03  -6.5076303e-04
   1.3846043e-01  -5.1932661e-02  -1.1593418e+00  -7.2709704e-03   2.3016730e-03  -8.6831225e-04
   1.6927925e-01  -6.6678064e-02  -1.1955326e+00  -8.1646040e-03   1.3851709e-03  -1.9039533e-03
   1.4370040e-01  -3.4113244e-02  -1.1997960e+00  -6.7702020e-03   4.8148919e-03  -1.6840902e-03
   1.5519127e-01  -4.1488219e-02  -1.2639574e+00  -7.5176147e-03   5.4852604e-03  -1.6224089e-03
   1.5667182e-01  -6.1314627e-02  -1.2767459e+00  -7.9816772e-03   5.1316043e-03  -1.7085077e-03
   1.6441572e-01  -4.8720418e-02  -1.3254549e+00  -8.7480648e-03   5.5903027e-03  -1.7177313e-03
   1.6131901e-01  -5.7739760e-02  -1.1263445e+00  -2.2740351e-03   8.1881355e-03  -1.5579739e-03
   1.3861056e-01  -1.1493662e-01  -2.1681341e+00  -1.4173342e-02   5.6257513e-03  -1.9133883e-03
   6.8911896e-02  -1.0012170e-01  -1.7441236e+00  -9.4067259e-03   5.7162936e-03  -5.8798420e-04
   9.0048348e-02  -8.3610210e-02  -1.9776402e+00  -1.0640607e-02   5.3930451e-03  -7.0429226e-04
   7.4197716e-02  -1.4719218e-01  -2.8158754e+00  -1.7589783e-02   3.6357958e-03  -8.6406363e-04
   1.2562250e-01  -1.9997726e-01  -2.8336479e+00  -1.9389934e-02   3.1643406e-03  -1.9150207e-03
   1.2817509e-01  -1.9965874e-01  -2.7404905e+00  -1.7777212e-02   2.3685988e-03  -2.1356716e-03
   1.2517227e-01  -2.0273925e-01  -2.7015875e+00  -1.7575245e-02   2.3421739e-03  -2.1035570e-03
   9.8858051e-02  -1.9878534e-01  -2.5694579e+00  -1.6906665e-02   2.4723472e-03  -1.5148633e-03
   1.0433405e-01  -1.8339839e-01  -2.6163569e+00  -1.6733885e-02   3.5403318e-03  -1.7104799e-03
   1.0328826e-01  -1.9470395e-01  -2.6814418e+00  -1.8230007e-02   2.7850462e-03  -1.6504056e-03
   7.8401457e-02  -1.6982017e-01  -2.6737149e+00  -1.7904569e-02   3.7723345e-03  -1.3022994e-03
   7.4246709e-02  -1.6617727e-01  -2.5868841e+00  -1.7210262e-02   3.9129239e-03  -1.3496345e-03
   7.4907739e-02  -1.6899015e-01  -2.6322206e+00  -1.7596164e-02   4.2346489e-03  -1.2209005e-03
   7.4516541e-02  -1.6385097e-01  -2.6611992e+00  -1.7987814e-02   4.1595161e-03  -1.1587750e-03
   1.0060848e-01  -1.7151031e-01  -2.7142033e+00  -1.8267996e-02   4.9189784e-03  -1.4001988e-03
   8.1494565e-02  -1.6476268e-01  -2.6383009e+00  -1.9017010e-02   5.7231185e-03  -1.3342635e-03
   8.3587667e-02  -1.7912674e-01  -2.5329319e+00  -1.7209332e-02   5.4934423e-03  -1.4171999e-03
   1.0152224e-01  -1.5894098e-01  -2.6514934e+00  -1.8749049e-02   4.8586808e-03  -1.5082488e-03
   1.0838171e-01  -1.6927858e-01  -2.6051878e+00  -1.7822655e-02   4.9426187e-03  -1.5713569e-03
   1.1046944e-01  -1.7653834e-01  -2.6532558e+00  -1.7815197e-02   5.4649590e-03  -1.7086281e-03
   1.1154505e-01  -1.8059920e-01  -2.5894629e+00  -1.5387885e-02   5.3521975e-03  -1.6897028e-03
   1.2664257e-01  -1.9214389e-01  -3.1436569e+00  -2.0755478e-02   6.7904900e-03  -1.6072066e-03
   1.0141622e-01  -1.5081689e-01  -3.1459101e+00  -2.4317974e-02   6.9802085e-03  -1.4226566e-03
   1.0566296e-01  -1.7450879e-01  -2.8063861e+00  -1.8141121e-02   6.5805573e-03  -1.5686744e-03
   1.0349387e-01  -1.5674117e-01  -2.8940845e+00  -1.9585866e-02   6.3045183e-03  -1.3065709e-03
   1.1408098e-01  -1.5027187e-01  -2.8832143e+00  -2.0023810e-02   6.4959760e-03  -1.3974550e-03
   9.0825237e-02  -1.6482645e-01  -2.8381801e+00  -1.9127794e-02   6.8837374e-03  -1.3304454e-03
   1.0439254e-01  -1.5699282e-01  -2.8198908e+00  -1.8663910e-02   6.5208195e-03  -1.4689971e-03
   9.7527371e-02  -1.6904487e-01  -2.8217658e+00  -1.8449780e-02   6.8559351e-03  -1.4393727e-03
   1.1491739e-01  -1.6569764e-01  -2.7602647e+00  -1.8843142e-02   6.6764356e-03  -1.5625130e-03
   1.2471996e-01  -1.7801329e-01  -2.6759497e+00  -1.7205776e-02   7.0446775e-03  -1.7638423e-03
   1.1864760e-01  -1.5902074e-01  -2.6659453e+00  -1.7644384e-02   6.9764392e-03  -1.6550397e-03
   1.8536600e-01  -8.9639261e-02  -1.2848832e+00  -1.5854399e-02   7.9680261e-03  -2.4533905e-03
   9.8995717e-02  -3.2357346e-01   6.0865885e-01  -2.3711004e-02   1.1862610e-02  -3.6634083e-04
   6.3300201e-03   2.0863403e-01   1.7840538e+00   2.2199056e-02  -1.4987160e-02   1.2140606e-03
   1.9838313e-03   1.0178591e-01   6.5087993e-01   1.6106218e-02  -5.0671702e-03   7.4196761e-04
   5.8790778e-02   4.4649434e-02   6.4275213e-01   1.7969927e-02  -2.3326699e-03   1.7749743e-04
   9.4810417e-02   1.5864967e-02   5.9539992e-01   1.9201933e-02  -1.5968668e-03  -3.6446175e-04
   1.1415956e-01   1.0467964e-02   4.6065987e-01   1.6642972e-02  -1.3005475e-03  -8.4681035e-04
   1.2645933e-01   1.1678556e-02   3.1915222e-01   1.4382086e-02  -1.1832964e-03  -6.8958066e-04
   1.2213005e-01   2.1195200e-02   4.0019164e-01   1.7360329e-02  -3.5293890e-04  -5.2868974e-04
   1.3523265e-01  -4.3058792e-03   3.1124514e-01   1.5072979e-02  -1.4730888e-04  -8.0415101e-04
   1.3143636e-01  -2.0378062e-04   5.4277456e-01   1.6362438e-02  -1.2628128e-04  -7.0562948e-04
   1.4010310e-01   5.5874707e-03   5.1671052e-01   1.8055721e-02  -5.4171477e-04  -8.7951810e-04
   1.3577698e-01  -2.2713074e-01   5.0627280e-01  -4.6889496e-03   8.1722917e-03  -1.7546094e-03
   5.5550652e-02   6.3594689e-02   6.6243358e-01   2.0879753e-02   5.5705932e-03   1.2306311e-04
   6.3140644e-02   2.4929446e-02   3.9669363e-01   1.7262922e-02   1.2934476e-03  -2.6130617e-04
   8.7131891e-02   1.2514224e-02   3.1947814e-01   1.6626162e-02   2.5482876e-03  -6.6999043e-04
   8.0970253e-02   3.8750608e-02   2.9883914e-01   1.5797345e-02   1.8761265e-03  -4.0937661e-04
   9.8506475e-02  -1.7312316e-03   1.9504909e-01   1.6618826e-02   2.7384042e-03  -7.2811355e-04
   5.5673885e-02  -1.2481679e-01   1.5416809e-01  -1.4920546e-02   1.7449912e-02   2.7566749e-05
   1.5000162e-01  -1.2563369e-01  -1.3565796e+00  -1.1488783e-03   7.2424937e-03  -9.6675611e-04
   1.5312128e-01  -6.8664290e-02  -8.2366782e-01   1.0617704e-02   6.8335621e-03  -7.8613756e-04
   1.4462865e-01  -3.6630279e-02  -8.4927042e-01   1.3532932e-02   9.1134771e-03  -1.8602868e-04
   1.4235089e-01  -1.2399900e-01  -1.4687198e+00   7.7835405e-03   7.2743868e-03  -7.1018858e-04
   1.2868583e-01  -9.0219889e-02  -1.5891313e+00   6.1558994e-03   7.3279794e-03  -5.2574087e-04
   1.2549885e-01  -8.3686606e-02  -1.5895150e+00   6.0502061e-03   7.6203757e-03  -3.9114301e-04
   1.1452788e-01  -6.4927313e-02  -1.6776590e+00   3.9360754e-03   8.1685806e-03  -4.4947556e-04
   9.2149072e-02  -2.9247921e-01  -1.7238226e+00  -2.5045893e-02   1.4107044e-02  -2.3750335e-03
   1.6956497e-01  -4.0899507e-02  -9.2921924e-01   1.2314301e-02   8.4918914e-03  -1.4364082e-03
   1.5942880e-01  -8.3293507e-02  -1.1991430e+00   1.1678647e-02   7.6669979e-03  -1.2797672e-03
   1.6573167e-01  -9.7128840e-02  -1.5133697e+00   9.4303730e-03   8.2249956e-03  -1.4696080e-03
   1.9721272e-01  -8.5099855e-02  -1.6703639e+00   7.8741006e-03   8.6104786e-03  -1.8080858e-03
   1.8375973e-01  -8.4502192e-02  -1.6741001e+00   7.6001379e-03   8.9937083e-03  -1.8247116e-03
   2.0250210e-01  -5.1690821e-01  -1.8619198e+00  -3.8693150e-02   1.5887053e-02  -3.5846466e-03
   1.4020818e-01   1.4040510e-01   1.8597553e+00   3.5873287e-02   1.2563481e-02   4.4527535e-04
   1.4510392e-01   3.8141401e-02   7.4498627e-01   2.0783215e-02   1.0439968e-02  -1.3782538e-04
   1.7522031e-01   1.0754900e-02   3.9950640e-01   1.8369774e-02   1.1186578e-02  -4.8720802e-04
   1.5353729e-01   3.5118015e-03   2.7199945e-01   1.6232698e-02   1.0377329e-02  -2.6048316e-04
   1.5312171e-01   8.2323611e-04   2.1785550e-01   1.5596781e-02   9.1708009e-03  -4.6434543e-04
   1.7600888e-01  -9.1044540e-03   1.9921744e-01   1.6345170e-02   9.0762389e-03  -7.4195115e-04
   1.7656385e-01   2.5759134e-02   1.8663346e-01   1.7265730e-02   1.0257672e-02  -7.4686025e-04
   1.6376911e-01  -2.6655476e-02  -5.7349995e-02   1.5203964e-02   1.0840662e-02  -4.7128539e-04
   9.6083989e-02  -5.6996863e-02  -8.9594208e-01   1.5064694e-02   9.4487593e-03  -6.2546879e-05
   1.1466888e-01  -8.4385462e-02  -1.7041963e+00   2.5659163e-03   5.6709732e-03  -8.2512069e-04
   1.2601761e-01  -9.1216366e-02  -1.6780377e+00   3.1991594e-03   6.0052911e-03  -1.0173346e-03
   1.2641419e-01  -9.2547532e-02  -1.7267593e+00   3.0526217e-03   4.5882376e-03  -1.0680222e-03
   9.5077830e-02  -5.9883178e-03  -1.1736926e+00   1.3760088e-02   1.1098216e-02  -5.7240660e-04
   1.0486459e-01  -7.5073327e-02  -2.2438666e+00  -3.6429572e-03   8.9853193e-03  -9.7414517e-04
   1.1499551e-01  -7.8103522e-02  -2.1048586e+00  -7.3380533e-04   1.0436355e-02  -9.7749651e-04
   9.7702183e-02  -9.1810897e-02  -2.2043243e+00  -2.4889154e-03   1.0543615e-02  -5.5415624e-04
   1.2705577e-01  -9.7382940e-02  -2.2361364e+00  -1.9973720e-03   1.0819745e-02  -1.0527078e-03
   1.4414693e-01  -8.4833680e-02  -2.2721198e+00  -2.3092394e-03   1.0254449e-02  -1.1918790e-03
   1.0145183e-01  -1.0088913e-01  -2.5707105e+00  -3.9952037e-04   9.3536567e-03  -1.0344014e-03
   1.3514027e-01  -1.8504920e-01  -2.7769977e+00  -2.0305335e-02   1.1756465e-02  -2.6242002e-03
   6.0701678e-02  -3.2317741e-01  -1.9497335e+00  -4.5673521e-02   2.2826608e-02  -3.9948761e-03
   2.6272182e-01   1.0929553e-02   2.7996350e+00   2.6031222e-02  -1.1721581e-02  -2.1542081e-03
   1.2546358e-01   2.0318682e-01   9.4831870e-01   2.4432831e-02   2.8330961e-03   7.9677100e-04
   9.1904757e-02   9.2042006e-02   9.4093886e-02   1.0987174e-02  -1.2675802e-04   4.2303630e-04
   1.3720427e-01  -1.8361635e-02   3.5394645e-01   1.8724203e-02   1.5230807e-03  -3.9518509e-04
   1.3962348e-01   2.1465268e-03   1.0175214e+00   1.8073835e-02   1.9005546e-03  -5.0773018e-04
   1.8230412e-01  -1.1979596e-01   5.4933279e-01   2.1719993e-02   3.2639956e-03  -1.6347038e-03
   1.8077541e-01  -8.7199401e-02   1.0780284e+00   2.5218685e-02   2.4191889e-03  -1.3321695e-03
   1.7508138e-01  -6.9997404e-02   1.1553952e+00   2.5138153e-02   1.7536478e-03  -7.1806985e-04
   1.0539856e-01  -3.2646541e-02   1.1312587e+00   2.8220226e-02  -5.5351152e-04  -1.9557062e-04
   1.5839095e-01  -9.2466694e-02   3.6619915e-02   1.9225679e-02   1.5916674e-03  -1.5969296e-03
   1.5344222e-01  -5.2296347e-02  -1.7762358e-02   1.7753491e-02   1.4865143e-03  -1.4734488e-03
   1.5660429e-01  -5.1361324e-02  -5.2578012e-02   1.6474673e-02   3.6744815e-04  -1.4101062e-03
   1.4933782e-01  -5.5373943e-02  -1.2187334e-01   1.5506404e-02   8.2320106e-05  -1.4498245e-03
   1.6608183e-01  -3.8014551e-02  -1.7160901e-01   1.4158041e-02  -7.0452518e-05  -1.6375695e-03
   1.6580573e-01  -2.6802350e-02  -1.6784265e-01   1.3769955e-02  -2.3893127e-04  -1.7093394e-03
   1.5910812e-01  -2.7337969e-02  -2.0240485e-01   1.3408625e-02  -2.0121453e-04  -1.7167058e-03
   1.4675682e-01  -3.6196873e-02  -2.4942044e-01   1.2473600e-02  -5.7635080e-04  -1.5516939e-03
   1.5619019e-01  -2.8127740e-02  -2.9959554e-01   1.2014383e-02  -9.3398585e-04  -1.7935910e-03
   1.4399627e-01   1.3254408e-02  -3.4653501e-01   1.0098448e-02   9.6953236e-04  -1.7425932e-03
   1.4727976e-01  -2.5717844e-03  -4.1164050e-01   1.0773573e-02   2.7992413e-04  -1.4802126e-03
   1.2130839e-01   7.5723728e-02  -3.5864544e-01   1.3395767e-02   3.8493984e-03  -1.4448510e-03
   2.2963601e-02  -1.5009890e-01  -4.9603099e+00  -2.3165993e-02  -2.4068308e-03  -6.5015926e-04
   8.8770318e-02  -1.2409882e-01  -4.8003159e+00  -2.1683926e-02  -3.3982108e-03  -1.7267419e-03
   1.1136781e-01  -1.4655980e-01  -4.7113255e+00  -2.1185468e-02  -3.6191337e-03  -1.9853073e-03
   8.2283610e-02  -1.3320990e-01  -4.7174512e+00  -2.1669163e-02  -1.5337339e-03  -1.9873144e-03
   8.4752371e-02  -1.3574112e-01  -4.6379746e+00  -2.1243549e-02  -1.4938672e-03  -1.8745525e-03
   9.4698256e-02  -1.3012100e-01  -4.5850960e+00  -2.0701026e-02  -7.6633418e-04  -2.0831321e-03
   9.1988608e-02  -1.1586046e-01  -4.2104052e+00  -1.7470908e-02   2.2161675e-04  -1.8673462e-03
   9.0738453e-02  -1.2298975e-01  -4.1263571e+00  -1.6945850e-02   4.2789410e-04  -1.8645287e-03
   1.0813474e-01  -1.2296173e-01  -4.1083866e+00  -1.6429781e-02   4.8405718e-04  -1.9940985e-03
   9.5991254e-02  -1.1327508e-01  -4.1183470e+00  -1.7158480e-02   1.8969735e-03  -1.7997943e-03
   9.5543961e-02  -1.1023035e-01  -4.0650170e+00  -1.6450587e-02   1.8422457e-03  -1.9197784e-03
   9.2438711e-02  -1.3381641e-01  -4.1066399e+00  -1.6088313e-02   2.7595490e-03  -1.7014683e-03
   1.2730878e-01  -1.2092379e-01  -3.6664158e+00  -1.7208744e-02   4.5337775e-03  -2.0830197e-03
   1.2772202e-01  -2.2431210e-01  -2.8270797e+00  -5.9581544e-03   5.0757311e-03  -1.4296490e-03
   1.2739437e-01  -2.1094928e-01  -2.5824469e+00  -3.1153609e-03   5.0916011e-03  -1.4075206e-03
   1.0789469e-01  -2.4292770e-01  -2.4667591e+00  -5.6360480e-03   3.8919641e-03  -7.1591048e-04
   1.7772704e-02  -1.6590981e-02  -2.4650624e+00  -8.5814918e-03   1.0555070e-02  -1.3065813e-03
   1.2135410e-01  -2.4281893e-01  -2.4901173e+00  -4.7866972e-03   5.6767374e-03  -9.3318774e-04
   7.7511531e-02  -2.3081644e-01  -2.6425198e+00  -6.7172306e-04   2.3285536e-03  -6.4482482e-04
   1.4717947e-01  -2.4062955e-01  -2.8149162e+00  -5.3787744e-03   4.9430389e-03  -1.7007446e-03
   1.1631247e-01  -2.1773534e-01  -2.5652381e+00  -5.1031902e-03   4.6338529e-03  -2.8790258e-04
   1.9952574e-01  -1.0575104e-01  -2.5816427e+00  -1.1894873e-02   3.0882741e-03  -3.4362305e-03
   1.4686608e-01  -2.0345532e-01  -2.8193517e+00  -4.9850180e-03   5.2982473e-03  -1.1529497e-03
   9.7139575e-02  -2.1995458e-01  -2.6250695e+00  -1.9720806e-03   6.4488309e-03  -7.5861186e-04
   1.0725850e-01  -1.7294456e-01  -2.5068963e+00  -7.3741882e-03   6.1913553e-03  -6.6750115e-04
   1.1222303e-01  -1.6322049e-01  -2.3960399e+00  -8.2397483e-03   7.2969855e-03  -3.2663630e-04
   1.7007618e-01  -1.9573511e-01  -2.9108858e+00  -2.1661069e-04   3.5426435e-03  -2.0820240e-03
   1.7549959e-01  -2.5827151e-01  -2.6540137e+00   7.3248520e-04   4.4747292e-03  -1.4971866e-03
   7.7097321e-02  -1.6884092e-01  -2.2957196e+00  -7.0381496e-03   5.7669140e-03   7.9554894e-05
   1.5791402e-01  -2.2909666e-01  -2.6877114e+00  -6.0064679e-04   4.0070740e-03  -1.4754717e-03
   1.3046128e-01  -1.7732493e-01  -2.4636610e+00  -2.9680377e-03   4.9217700e-03  -8.4670663e-04
   9.2928701e-02  -1.9362324e-01  -2.1535401e+00   4.9879175e-03   3.3627931e-03  -7.6366150e-04
   1.5035262e-01  -1.8730331e-01  -3.1510238e+00  -1.9942487e-03   6.2169578e-03  -2.2051263e-03
   1.7801852e-01  -2.2638515e-01  -3.2386435e+00  -4.8504313e-03   6.5620366e-03  -2.2207558e-03
   1.0731337e-01  -1.5007064e-01  -3.3015582e+00  -8.0176877e-03   8.5442217e-03  -1.5152333e-03
   1.1276951e-01  -1.6197646e-01  -3.7159617e+00  -7.9382951e-03   8.9294706e-03  -1.4536186e-03
   1.1879687e-01  -1.3320316e-01  -3.8254041e+00  -9.2958424e-03   7.0106945e-03  -1.6636050e-03
   1.3625151e-01  -1.6016371e-01  -3.8645318e+00  -1.0827434e-02   6.5749342e-03  -1.9491668e-03
   9.0123233e-02  -1.0989536e-01  -3.8824293e+00  -1.2762712e-02   9.2242528e-03  -1.1185973e-03
   6.3485321e-02  -1.2977652e-01  -3.8194653e+00  -1.1195865e-02   1.0646132e-02  -1.0412084e-03
   8.6969861e-02  -1.2797837e-01  -3.8399861e+00  -1.1730020e-02   7.8428054e-03  -1.1224934e-03
   1.1866449e-01  -1.0786634e-01  -3.5356660e+00  -8.6445318e-03   8.3820040e-03  -1.3904724e-03
   1.1584886e-01  -1.1685352e-01  -3.7332893e+00  -1.0012444e-02   7.5317055e-03  -1.4236268e-03
   1.0520909e-01  -1.2567066e-01  -3.6709468e+00  -1.0130939e-02   7.3845759e-03  -1.5338557e-03
   6.6370651e-02  -1.0391942e-01  -3.7331130e+00  -1.0864401e-02   8.4699891e-03  -1.0198308e-03
   7.6924464e-02  -1.1934997e-01  -4.1856726e+00  -1.5074775e-02   6.7989746e-03  -1.0442228e-03
   9.2887679e-02  -1.5645990e-01  -4.1993390e+00  -1.7248939e-02   7.0003644e-03  -1.1377544e-03
   4.6513762e-02  -1.1692932e-01  -4.0281686e+00  -1.3143859e-02   8.7481450e-03  -6.7130540e-04
   4.5437737e-02  -1.2905017e-01  -4.1808703e+00  -1.5444157e-02   8.8418295e-03  -7.3930861e-04
   5.9220504e-02  -1.1994794e-01  -4.1668371e+00  -1.4633399e-02   8.5183966e-03  -8.3123326e-04
   6.6859267e-02  -1.0846350e-01  -4.1759703e+00  -1.5849978e-02   7.7234904e-03  -8.7096147e-04
   8.2131741e-02  -1.2179987e-01  -4.1074820e+00  -1.4954815e-02   8.1683661e-03  -1.1796283e-03
   9.2156851e-02  -1.1260073e-01  -4.1175499e+00  -1.4852962e-02   6.8525591e-03  -1.1874181e-03
   6.7984076e-02  -1.6561062e-01  -4.1358138e+00  -1.7652411e-02   7.9864728e-03  -1.0623826e-03
  -1.6180110e-01   2.3153254e-01  -3.5389671e+00  -2.4615874e-02   4.9502765e-03   1.7908787e-03
   6.8600538e-02  -1.4370351e-01  -2.3089006e+00   4.4774841e-03   4.7305548e-03  -1.2194583e-04
   3.9857691e-02  -8.5938305e-02  -3.2273412e+00  -8.3985956e-03   6.5908229e-04  -1.1679786e-04
   7.2320308e-02  -1.1396679e-01  -3.1396712e+00  -6.4713200e-03  -3.1958150e-04  -7.2605287e-04
   7.3072398e-02  -9.2754540e-02  -3.2578660e+00  -8.3625801e-03  -9.0474595e-04  -6.8474436e-04
   7.0746670e-02  -1.0262278e-01  -3.2881121e+00  -9.3125620e-03  -1.3262580e-03  -9.0588213e-04
   7.9147926e-02  -1.1919790e-01  -3.2532694e+00  -9.5566782e-03  -8.5566506e-04  -1.0711747e-03
   8.1482805e-02  -1.1717197e-01  -3.1911027e+00  -8.6243518e-03   1.8567813e-03  -1.4380595e-03
   8.2541203e-02  -9.0131545e-02  -3.1012704e+00  -8.5006975e-03   1.1144079e-03  -1.1035714e-03
   9.2543665e-02  -1.0423602e-01  -2.9808535e+00  -5.7917042e-03   1.2412819e-03  -1.2283278e-03
   8.9142595e-02  -4.6469318e-02  -2.9302208e+00  -4.2513754e-03   2.0627803e-03  -9.6304861e-04
   1.0631015e-01  -9.9112000e-02  -2.9251181e+00  -6.2847319e-03   1.4401844e-03  -1.2533526e-03
   9.5042987e-02  -9.3943658e-02  -2.9647329e+00  -6.5853606e-03   2.4942499e-03  -9.6086072e-04
   9.4561365e-02  -1.1193949e-01  -2.9786503e+00  -6.8568534e-03   2.2667948e-03  -1.0927612e-03
   6.3644500e-02  -1.3081184e-01  -3.0987907e+00  -5.8580053e-03   4.6077852e-03  -5.3512858e-04
   7.6316473e-02  -1.0412148e-01  -3.1461431e+00  -7.8540540e-03   3.8137926e-03  -7.7631842e-04
   9.0704775e-02  -1.1516916e-01  -3.1256314e+00  -7.9412184e-03   3.1843880e-03  -9.5584253e-04
   9.8352365e-02  -9.8797431e-02  -3.1011646e+00  -7.4876753e-03   2.6021222e-03  -8.4932961e-04
   9.0761042e-02  -8.7489209e-02  -3.1528239e+00  -8.4550937e-03   3.0584783e-03  -9.1296519e-04
   1.0617347e-01  -1.0672499e-01  -3.0947659e+00  -7.1501893e-03   3.3421770e-03  -1.0892435e-03
   7.0693298e-02  -9.0352700e-02  -3.1482274e+00  -7.3732254e-03   4.1708308e-03  -6.4019246e-04
   8.0305434e-02  -1.2932680e-01  -3.7121062e+00  -1.1706288e-02   3.7339836e-03  -9.3262231e-04
   8.0583961e-02  -1.1511556e-01  -3.7321311e+00  -1.2076347e-02   3.8184994e-03  -7.0230121e-04
   9.8378986e-02  -1.3155906e-01  -3.7073247e+00  -1.1609434e-02   3.3498770e-03  -1.1532368e-03
   8.8651715e-02  -1.2420671e-01  -3.7316644e+00  -1.1625681e-02   2.3906012e-03  -1.2067184e-03
   8.9040635e-02  -1.3720881e-01  -3.7681484e+00  -1.2073112e-02   2.9112396e-03  -1.2308952e-03
   1.1691378e-01  -1.9219588e-01  -3.7656473e+00  -1.4808646e-02   2.6080287e-03  -1.6124014e-03
   1.2140378e-01  -1.3013000e-01  -3.0827628e+00  -5.2927431e-03   1.6796207e-03  -1.4001938e-03
   1.0138938e-01  -1.2912099e-01  -3.2925860e+00  -7.9714502e-03   1.8162988e-03  -1.2590201e-03
   1.2095223e-01  -1.2532430e-01  -3.3485092e+00  -9.5485958e-03   2.0461184e-03  -1.2671576e-03
   5.5836644e-02  -1.0488728e-01  -3.6580891e+00  -1.0636688e-02   4.9139152e-03  -3.9026323e-04
   9.1145233e-02  -1.1720059e-01  -3.6402355e+00  -1.0589367e-02   5.0900414e-03  -1.0804508e-03
   8.1080507e-02  -1.1521150e-01  -3.5955632e+00  -1.0734701e-02   4.3571611e-03  -8.6427183e-04
   9.0165213e-02  -1.1311925e-01  -3.5855018e+00  -9.7566132e-03   4.1636322e-03  -9.8369215e-04
   7.0337049e-02  -8.8415916e-02  -3.6934480e+00  -1.2458941e-02   5.9654850e-03  -7.4136029e-04
   5.4140008e-02  -1.0330474e-01  -3.8158725e+00  -1.0228260e-02   6.1647209e-03  -5.6277574e-04
   7.4708233e-02  -1.0640251e-01  -3.8089321e+00  -1.0254743e-02   5.7273319e-03  -7.5153689e-04
   7.6716456e-02  -1.1302582e-01  -3.8161044e+00  -1.0685237e-02   5.5630841e-03  -8.9933976e-04
   7.2613950e-02  -9.0318853e-02  -3.7908252e+00  -1.3100372e-02   6.7306208e-03  -7.7535689e-04
   9.8037200e-02  -1.0069272e-01  -3.3494545e+00  -7.4948803e-03   5.5635159e-03  -8.9079235e-04
   8.7324997e-02  -9.3248382e-02  -3.3738798e+00  -7.5962244e-03   5.6659680e-03  -9.1971951e-04
   8.1382685e-02  -8.1836701e-02  -3.3778012e+00  -9.9177865e-03   5.9358106e-03  -7.0620516e-04
   1.0421685e-01  -6.8667887e-02  -3.1693754e+00  -5.8252403e-03   6.2473314e-03  -9.9439894e-04
   1.0506611e-01  -6.1018062e-02  -3.1824207e+00  -6.7014996e-03   6.6196623e-03  -1.0142061e-03
   9.9955318e-02  -7.8086011e-02  -3.0639665e+00  -5.5409000e-03   5.7958897e-03  -9.0708728e-04
   1.1361414e-01  -9.0387692e-02  -3.0957792e+00  -6.6004226e-03   5.9211084e-03  -1.2966757e-03
   1.0786571e-01  -9.3534708e-02  -3.1452146e+00  -6.3847126e-03   5.5416329e-03  -1.2168874e-03
   1.0978003e-01  -9.5811525e-02  -3.1654482e+00  -6.9747712e-03   5.6895023e-03  -1.2033962e-03
   4.9797078e-02  -7.0332750e-02  -3.2730053e+00  -8.5110419e-03   8.2012443e-03  -3.6396112e-04
   4.6379808e-02  -9.0728487e-02  -3.4839639e+00  -9.3544570e-03   9.8237727e-03  -1.1186383e-04
   5.5610395e-02  -9.6814862e-02  -3.4817802e+00  -9.3244475e-03   8.1395509e-03  -4.0628034e-04
   8.5114564e-02  -1.0067680e-01  -3.3945195e+00  -7.9234615e-03   7.7928549e-03  -7.1357222e-04
   7.1101121e-02  -1.2400044e-01  -3.5762625e+00  -1.0121432e-02   9.2191379e-03  -6.8016197e-04
   6.0536867e-02  -8.7308146e-02  -3.5937846e+00  -9.7172969e-03   7.7467232e-03  -5.3431759e-04
   8.9537480e-02  -9.5642698e-02  -3.4478456e+00  -1.0822577e-02   8.8742371e-03  -1.0030381e-03
   9.2164581e-02  -1.1424669e-01  -3.4086428e+00  -8.4446843e-03   6.6596585e-03  -8.5524070e-04
   9.6168017e-02  -9.6696836e-02  -3.4288419e+00  -9.2234657e-03   6.2040166e-03  -1.0594618e-03
   8.9521874e-02  -1.2851029e-01  -3.3953348e+00  -7.5138437e-03   7.7016503e-03  -9.7201929e-04
   7.1197074e-02  -7.3679928e-02  -3.3936174e+00  -3.2964363e-03   7.5492236e-03  -4.3704187e-04
   3.1830245e-02  -1.1714921e-01  -4.8038688e+00  -1.8885123e-02   4.9728670e-03  -3.6802048e-04
   3.6219196e-02  -1.0705289e-01  -4.5380692e+00  -1.8370568e-02   5.0568899e-03  -5.8532008e-04
   6.7535259e-02  -1.1740598e-01  -4.2381092e+00  -1.3381811e-02   4.3609133e-03  -8.7802488e-04
   6.8468225e-02  -1.1147004e-01  -4.2441406e+00  -1.4028687e-02   4.5437239e-03  -6.2089069e-04
   6.2899249e-02  -1.2183846e-01  -4.2158368e+00  -1.3212410e-02   4.6542773e-03  -6.2525893e-04
   6.1704199e-02  -1.1618938e-01  -4.1105001e+00  -1.2456110e-02   5.0197980e-03  -8.3689288e-04
   7.4018834e-02  -1.2216632e-01  -4.1067062e+00  -1.2904511e-02   4.4400771e-03  -7.8273229e-04
   6.9597037e-02  -7.5361828e-02  -4.2285407e+00  -1.6429547e-02   6.3363136e-03  -5.9219585e-04
   7.4046265e-02  -9.7718499e-02  -3.9657024e+00  -1.1736854e-02   5.8476474e-03  -5.4758149e-04
   6.5662707e-02  -1.1417458e-01  -4.0321885e+00  -1.1389771e-02   5.5925878e-03  -4.1351096e-04
   5.6659639e-02  -1.0499782e-01  -4.0894596e+00  -1.2623781e-02   5.7215030e-03  -3.4113854e-04
   7.8642515e-02  -1.2661424e-01  -4.0001801e+00  -1.1992674e-02   6.7140631e-03  -6.5183347e-04
   6.6173106e-02  -1.0600327e-01  -3.9949570e+00  -1.1773007e-02   6.2846026e-03  -3.7844475e-04
   6.2789176e-02  -5.8122261e-02  -3.8906952e+00  -1.4244490e-02   4.9013967e-03  -3.8191978e-04
   1.0397556e-01  -8.5150460e-02  -3.4299745e+00  -7.4342190e-03   3.8896117e-03  -8.5153074e-04
   8.0057583e-02  -8.2412299e-02  -3.4722261e+00  -7.5013264e-03   4.1279349e-03  -6.3067093e-04
   8.7608098e-02  -9.2745972e-02  -3.4205335e+00  -7.5243683e-03   5.0660224e-03  -7.9049286e-04
   5.0962104e-02  -7.5752945e-02  -3.3883793e+00  -8.0424957e-03   5.3820499e-03  -4.5181459e-04
   7.1214049e-02  -9.4281490e-02  -3.3726835e+00  -7.8388592e-03   5.7753225e-03  -5.8024471e-04
   8.4318795e-02  -7.7367023e-02  -3.3536329e+00  -7.5751452e-03   5.2943409e-03  -7.6677406e-04
   9.5300709e-02  -1.0046455e-01  -3.3172940e+00  -6.6939011e-03   4.8072102e-03  -7.6635811e-04
   8.3396563e-02  -8.4824666e-02  -3.3516010e+00  -7.5303772e-03   5.0217244e-03  -5.6742776e-04
   8.1047919e-02  -9.7932937e-02  -3.3194811e+00  -6.9758060e-03   4.8133170e-03  -6.0323569e-04
   4.8985637e-02  -8.3250871e-02  -3.7449977e+00  -1.0388860e-02   7.4574581e-03  -3.4189057e-04
   7.0873538e-02  -8.4219336e-02  -3.6733825e+00  -9.0043543e-03   7.0222853e-03  -7.3937729e-04
   9.4510753e-02  -9.5658194e-02  -3.6363119e+00  -8.8618154e-03   6.5553283e-03  -6.6352963e-04
   7.8326024e-02  -9.5734548e-02  -3.6734716e+00  -9.9667373e-03   6.7344328e-03  -5.5062328e-04
   8.5467794e-02  -9.1073266e-02  -3.5256909e+00  -4.4697615e-03   5.1548203e-03  -6.9292259e-04
   6.4491513e-03  -9.6579941e-02  -4.6960718e+00  -1.4311601e-02   6.5056655e-03   9.7699128e-05
   1.7582460e-02  -1.3015070e-01  -4.3794142e+00  -8.6106498e-03   3.9012440e-03   1.8871160e-04
   9.7077600e-02  -1.0461171e-01  -4.1434483e+00  -9.7828429e-03   2.2868220e-03  -1.2828359e-03
   1.0082658e-01  -1.2136108e-01  -4.0335492e+00  -9.6743905e-03   1.7911420e-03  -1.2004501e-03
   9.8454062e-02  -1.1412667e-01  -4.1168954e+00  -9.3478407e-03   2.5140386e-03  -1.3125525e-03
   7.4053425e-02  -1.0443430e-01  -4.0659970e+00  -1.0500699e-02   2.3350277e-03  -8.3637398e-04
   1.0534268e-01  -1.0867182e-01  -4.0265660e+00  -1.0959712e-02   2.5636307e-03  -1.4061981e-03
   3.5518037e-02  -5.3145562e-02  -4.0885991e+00  -1.3218831e-02   6.5328588e-03   4.0174850e-04
   3.0321068e-02  -6.5981688e-02  -3.9838584e+00  -1.1646005e-02   5.4462756e-03  -2.1153282e-04
   5.2924141e-02  -8.6364068e-02  -3.9187301e+00  -1.0904460e-02   5.2194138e-03  -4.4969544e-04
   5.8655669e-02  -9.2868480e-02  -3.8752676e+00  -1.0137452e-02   5.3851893e-03  -6.9151330e-04
   4.1724093e-02  -7.5180778e-02  -3.9324754e+00  -9.8411434e-03   6.1343909e-03  -3.5273055e-04
   5.8249619e-02  -9.8316454e-02  -3.9133286e+00  -9.7572029e-03   6.7093442e-03  -5.3451694e-04
   4.8136600e-02  -1.0046835e-01  -4.0650210e+00  -7.2940980e-03   5.1350243e-03  -3.1119413e-04
   2.7811593e-02  -7.7788300e-02  -4.0721328e+00  -1.0750099e-02   5.4927145e-03  -1.1537649e-04
   3.6463829e-02  -6.4081170e-02  -4.0744958e+00  -9.3719913e-03   6.5370941e-03   1.5282285e-04
   3.9056986e-02  -8.5744098e-02  -4.0677178e+00  -1.0696984e-02   6.0598775e-03  -2.8625630e-05
   5.2015268e-02  -7.8583091e-02  -4.0711683e+00  -1.0629998e-02   6.4452421e-03  -1.3603724e-04
   5.0969798e-02  -7.9205631e-02  -4.0819139e+00  -1.0398101e-02   5.6834549e-03  -2.9460290e-04
   6.8581747e-02  -7.5126921e-02  -4.0181880e+00  -9.6030457e-03   5.7568335e-03  -5.4171787e-04
   6.4314046e-02  -8.8769690e-02  -4.0149787e+00  -8.8521857e-03   5.6397054e-03  -5.2852157e-04
   7.3954350e-02  -7.9195140e-02  -3.9977731e+00  -8.8873440e-03   5.8853387e-03  -6.7262260e-04
   3.4209919e-02  -8.6169881e-02  -4.0474824e+00  -8.2284121e-03   7.0631251e-03  -2.9780342e-04
   6.2992433e-02  -7.7986268e-02  -4.1811445e+00  -1.0343857e-02   7.0374106e-03  -5.0196161e-04
   6.1303859e-02  -8.1496209e-02  -4.1402621e+00  -1.0343611e-02   6.5413122e-03  -3.9200023e-04
   6.5985758e-02  -7.0557574e-02  -4.1199747e+00  -9.8183472e-03   7.2873775e-03  -3.3052163e-04
   4.2637053e-02  -7.8131844e-02  -4.1909853e+00  -1.0802113e-02   7.8538819e-03  -1.6725966e-04
   4.9181621e-02  -8.1457367e-02  -4.1873455e+00  -1.1122082e-02   7.1086071e-03  -2.9684623e-04
   6.4843294e-02  -8.9138513e-02  -4.1798049e+00  -1.1142919e-02   6.8389878e-03  -7.1199189e-04
   6.2947309e-02  -7.8237320e-02  -4.1205377e+00  -9.6224044e-03   6.6317516e-03  -6.0353977e-04
   4.8705218e-02  -7.8397253e-02  -4.1446095e+00  -1.0346361e-02   7.1606605e-03  -1.9096378e-04
   4.0562217e-02  -7.6903761e-02  -4.1147938e+00  -9.7979147e-03   6.5053364e-03  -2.3764472e-04
   4.7542376e-02  -7.0354373e-02  -4.1120152e+00  -1.0284332e-02   7.6445066e-03  -1.5741405e-04
   5.5137119e-02  -6.8594130e-02  -4.0632662e+00  -9.4115725e-03   7.5626682e-03  -2.6297825e-04
   4.3903767e-02  -7.0082404e-02  -4.1688066e+00  -1.0801294e-02   7.5390147e-03  -6.7052344e-05
   6.3024554e-02  -8.4550333e-02  -4.1101819e+00  -1.0444418e-02   7.2811027e-03  -3.5630721e-04
   4.6028365e-02  -6.4152946e-02  -4.0852146e+00  -3.6400911e-03   8.4164932e-03  -2.5006962e-04
   3.8418034e-02  -9.0488971e-02  -4.5613471e+00  -1.0035372e-02   7.9922828e-03  -1.7986313e-04
   4.5421418e-02  -8.4519406e-02  -4.5579618e+00  -1.0557801e-02   7.9746274e-03  -2.3500285e-04
   6.0849615e-02  -4.5554489e-02  -4.6018726e+00  -1.2267628e-02   7.5183408e-03  -4.6816129e-04
   1.0216211e-01  -1.9106850e-01  -4.5297754e+00  -4.8458982e-03   4.8173329e-03  -1.3143364e-03
   3.0693296e-02  -9.0702281e-02  -4.8136406e+00  -1.1526735e-02   5.8146879e-03  -5.5544260e-04
   8.2498366e-03  -5.9267881e-02  -4.8070237e+00  -1.4760604e-02   5.6721279e-03  -2.2411104e-05
   7.7724467e-02  -7.8166149e-02  -3.7228291e+00  -6.1544792e-03   8.6037305e-03  -1.3981633e-04
   7.4326428e-02  -6.3899147e-02  -3.7309449e+00  -2.2501712e-03   9.3686828e-03  -7.4292838e-05
   8.3912741e-02  -7.9043208e-02  -3.7105320e+00  -3.5256009e-03   8.4896083e-03  -1.5406958e-04
   9.6068754e-02  -7.5506209e-02  -3.7082964e+00  -4.0435346e-03   7.8482688e-03  -1.9923787e-04
   1.2478435e-01  -7.8437723e-02  -3.6797011e+00  -4.0742190e-03   7.8666036e-03  -8.6120560e-04
   8.7443982e-02  -7.9654879e-02  -3.5655471e+00  -3.0857752e-03   7.1548364e-03  -4.3317313e-04
   9.3948657e-02  -9.4966485e-02  -3.7083334e+00  -4.2817991e-03   6.7570529e-03  -4.8268689e-04
   8.1657136e-02  -8.6921210e-02  -3.7472653e+00  -5.2417214e-03   6.8897634e-03  -2.7202905e-04
   7.7229898e-02  -5.8081338e-02  -3.7327820e+00  -2.6295382e-03   7.2017292e-03  -2.5006525e-04
   6.0200942e-02  -4.4750181e-02  -4.1176775e+00  -6.6960974e-03   6.3881235e-03  -3.2081948e-04
   5.7426972e-02  -9.0507897e-02  -4.3470507e+00  -9.7203311e-03   6.2656237e-03  -4.0413009e-04
   5.8759821e-02  -9.9381679e-02  -4.2330013e+00  -8.0188222e-03   6.9174396e-03  -6.0292507e-04
   6.1078348e-02  -9.4595154e-02  -4.2363733e+00  -8.4641874e-03   8.7080522e-03  -7.4238653e-04
   8.1896319e-02  -7.7673301e-02  -4.1331532e+00  -6.9566922e-03   8.2719119e-03  -8.2028910e-04
   8.4232194e-02  -1.0220800e-01  -4.1796940e+00  -7.9380323e-03   7.4370319e-03  -5.0801288e-04
   1.0162208e-01  -1.5627521e-01  -4.8402123e+00  -7.0427629e-03   1.5715386e-03  -1.9280035e-03
   1.0382769e-01  -1.0629412e-01  -5.1423930e+00  -1.3966124e-02   1.4364063e-03  -1.5875413e-03
   1.1180050e-01  -1.3093583e-01  -5.0459295e+00  -1.3558555e-02   1.3545276e-03  -1.7142821e-03
   1.0205053e-01  -1.3717092e-01  -5.0352387e+00  -1.3361816e-02   1.9865145e-03  -1.6813010e-03
   4.9917516e-02  -1.0074459e-01  -5.0382518e+00  -1.2930129e-02   4.0635383e-03  -1.0977847e-03
   6.9896530e-02  -1.0817146e-01  -5.0410891e+00  -1.3462735e-02   3.6850018e-03  -1.2169101e-03
   6.3300475e-02  -1.1827900e-01  -5.0228339e+00  -1.3319458e-02   3.6821651e-03  -1.2172873e-03
   7.2241897e-02  -9.9194984e-02  -4.9834563e+00  -1.4673893e-02   4.8739782e-03  -1.3149120e-03
   5.5846230e-02  -1.2660235e-01  -4.9293301e+00  -1.7131313e-02   6.2473822e-03  -1.0127778e-03
  -1.5610902e-02   1.4550099e-02  -3.3222758e+00   5.8892987e-03   9.3205224e-03  -3.4491978e-04
   3.5552863e-02  -1.2622801e-01  -5.4325845e+00  -3.1577785e-02   1.0410994e-02  -2.0087117e-03
   1.7631647e-01  -1.1939481e-01  -4.1487622e+00  -9.2926999e-03  -8.9503926e-04  -3.4020612e-03
   1.0115542e-01  -1.3103753e-01  -3.9869946e+00  -9.9553341e-03   3.2108320e-03  -2.1010771e-03
   6.4979499e-02  -1.0591802e-01  -4.0611231e+00  -9.2608890e-03   5.5485294e-03  -1.5316229e-03
   7.5349577e-02  -9.6074670e-02  -4.0877258e+00  -1.1313731e-02   5.0631089e-03  -1.5659380e-03
   1.0065091e-01  -9.7330508e-02  -4.0888571e+00  -1.1941371e-02   4.3551726e-03  -1.9683551e-03
   9.0684482e-02  -1.0663321e-01  -4.0565197e+00  -1.1260692e-02   3.9454378e-03  -1.7064208e-03
   4.6780628e-02  -7.6887073e-02  -4.1735448e+00  -1.0389975e-02   4.7330616e-03  -7.2683895e-04
   6.5983602e-03  -4.2505313e-02  -3.9932910e+00  -8.1422734e-03   7.7055901e-03   1.0354827e-04
   5.9046982e-02  -7.5716746e-02  -3.7705755e+00  -5.3359435e-03   6.5185436e-03  -7.0155424e-04
   6.8274484e-02  -8.5471671e-02  -4.1136713e+00  -9.4177691e-03   6.5349202e-03  -8.1975122e-04
  -2.1915128e-03  -2.5917939e-01  -4.5482078e+00  -4.5078158e-03   4.2789008e-03  -2.1981888e-04
   2.0783481e-02  -1.0106115e-01  -5.5088000e+00  -2.1476724e-02   1.8620310e-03  -4.8339985e-04
   4.0309572e-02  -1.3320779e-01  -5.4638116e+00  -2.1262402e-02   2.0618231e-03  -8.2770341e-04
   4.8419931e-02  -2.9562124e-01  -5.2916625e+00  -5.6471611e-02   1.2961051e-02  -2.9885195e-03
   1.0902903e-01  -4.6017371e-02  -2.7781789e-01   7.6709291e-03   1.4976103e-02  -1.0078018e-03
   1.0070585e-01   4.7346587e-02   1.6529168e-01   2.6164851e-02   1.2405505e-02   2.3351958e-04
   9.5615647e-02  -2.4324319e-02  -6.7007539e-01   1.6428414e-02   8.4364068e-03  -1.5497165e-04
   1.1427488e-01  -4.1866476e-02  -8.4702118e-01   1.5717710e-02   6.6811415e-03  -5.5788110e-04
   1.1347598e-01  -4.6590107e-02  -9.8360517e-01   1.4439904e-02   5.8220842e-03  -6.3745143e-04
   1.1468429e-01  -3.3303612e-02  -1.0205413e+00   1.5089099e-02   7.3545419e-03  -7.4541722e-04
   1.1624209e-01  -5.4306893e-02  -1.2710998e+00   1.2084937e-02   8.6087464e-03  -5.8744394e-04
   1.0428769e-01  -4.3598191e-02  -1.3577769e+00   1.0388452e-02   8.1757898e-03  -3.4970127e-04
   1.1773467e-01  -4.0466825e-02  -1.3590214e+00   1.0892947e-02   8.0031807e-03  -6.3679605e-04
   1.1119468e-01  -5.4917145e-02  -1.4109143e+00   1.0987897e-02   7.4022762e-03  -3.9691778e-04
   1.1442820e-01  -4.9685451e-02  -1.4466562e+00   1.1394673e-02   6.6249933e-03  -6.2641781e-04
   1.1593469e-01  -3.5744132e-02  -1.6022088e+00   9.4957676e-03   5.2828723e-03  -8.7762889e-04
   5.7559918e-02   2.3175748e-02  -1.6239535e+00   7.3568465e-03   8.3004478e-03   4.4902810e-04
   8.6438967e-02  -5.2313735e-02  -2.0814240e+00   7.4848656e-03   7.6918207e-03  -7.2223818e-04
   8.5047878e-02  -2.8699094e-02  -2.1815359e+00   5.1569408e-03   7.5498464e-03  -3.9891751e-04
   9.6659071e-02  -6.4719468e-02  -2.1252583e+00   8.4542144e-03   8.9871335e-03  -8.9013718e-04
   1.0974280e-01  -5.8555160e-02  -2.3482505e+00   3.7443533e-03   1.0199029e-02  -7.7300013e-04
   1.2073419e-01  -5.8602790e-02  -2.4781552e+00   2.7176757e-03   1.2335019e-02  -7.9998224e-04
   1.3539784e-01  -5.9841753e-02  -2.3891036e+00   4.8096752e-03   1.0529035e-02  -1.0806160e-03
   1.2563260e-01  -6.4512247e-02  -2.3398386e+00   4.2065268e-03   1.1100788e-02  -1.1743792e-03
   9.5879804e-02  -4.3271295e-02  -2.3550140e+00   3.7827831e-03   1.3308754e-02  -3.9200828e-04
   1.2186484e-01  -8.7154776e-02  -3.2704087e+00  -3.9729333e-03   7.8516058e-03  -1.0674325e-03
   1.2925237e-01  -4.2129158e-02  -2.8735066e+00   2.6034781e-03   7.4965592e-03  -1.2395588e-03
   1.2660807e-01  -8.2306334e-02  -2.8026684e+00   3.5661613e-03   7.4204882e-03  -1.1005658e-03
   1.2986866e-01  -6.4568537e-02  -2.8018137e+00   2.9971775e-03   6.8503556e-03  -1.1575463e-03
   1.4215588e-01  -7.3899170e-02  -2.7801760e+00   3.1459594e-03   7.0400042e-03  -1.5555986e-03
   1.2063467e-01  -5.5418157e-02  -2.7801371e+00   3.0539743e-03   6.7459691e-03  -1.0938548e-03
   1.1357901e-01  -9.5726769e-02  -2.8430956e+00   2.1724928e-03   6.5210325e-03  -9.9354916e-04
   8.0006731e-02  -7.1872933e-02  -2.8217692e+00   2.0421007e-03   7.8916154e-03  -6.5861533e-04
   6.2802054e-02  -5.5729975e-02  -2.9791516e+00   8.4313774e-04   1.0895159e-02  -4.6729023e-04
   9.0674551e-02  -4.9981984e-02  -2.7894245e+00   1.8640324e-03   1.1408445e-02  -6.5468794e-04
   1.0473637e-01  -6.2021447e-02  -2.7285390e+00   3.3228286e-03   1.0153308e-02  -9.9188048e-04
   1.1701132e-01  -6.2211964e-02  -2.7559209e+00   3.2693394e-03   9.3550492e-03  -9.5957347e-04
   1.2387735e-01  -7.2296726e-02  -2.8121580e+00   2.4233723e-03   8.9821025e-03  -1.1111589e-03
   1.0930074e-01  -8.6049289e-02  -2.8308910e+00   2.7104333e-03   9.2276965e-03  -8.3055615e-04
   9.0927517e-02  -2.2519501e-02  -2.8804925e+00   5.2641977e-03   1.0521766e-02  -5.8587825e-04
   9.2852705e-02  -7.2937756e-02  -3.3766235e+00  -2.1913307e-03   1.0581865e-02  -8.3140214e-04
   1.1326577e-01  -9.8649219e-02  -3.3929985e+00  -3.2690514e-03   9.9275551e-03  -1.2155004e-03
   1.7344964e-01  -9.0014796e-02  -2.9065760e+00  -1.4286372e-04   9.1285797e-03  -1.4852939e-03
   1.7514476e-01  -1.2043185e-01  -4.6439247e+00  -8.5776428e-03   5.7748318e-03  -2.4130577e-03
   1.8362154e-01  -1.6058448e-01  -4.4117321e+00  -1.4079293e-02  -1.4589730e-03  -3.1286331e-03
   1.6951343e-01  -2.2726178e-01  -2.4311272e+00  -3.0063691e-02   2.0613264e-04  -1.7638855e-03
   8.4198042e-02   2.2795763e-01   1.1714410e+00   1.1860397e-02  -8.4869654e-03  -7.2033162e-05
  -1.6335899e-01   6.7785357e-02  -1.9120523e+00   1.4005958e-02   6.6687948e-04   3.1465817e-03
   3.7823974e-01   2.0872286e-01   2.6781743e+00   3.9487366e-02   2.2351897e-02  -1.7912181e-03
   1.8832243e-01   9.7765309e-02   1.0097689e+00   2.1144067e-02   1.1884534e-02  -3.4116768e-04
   2.1152882e-01   6.1533172e-02   8.8931957e-01   1.9987217e-02   1.1050359e-02  -7.3716358e-04
   2.0278201e-01   1.0186603e-01   8.5638362e-01   2.2760393e-02   1.0968714e-02  -7.4294715e-04
   1.9185108e-01   6.6995287e-02   8.2124950e-01   2.0657923e-02   1.1183129e-02  -8.5894115e-04
   2.0447779e-01   6.6851221e-02   8.1694251e-01   2.1029154e-02   1.1375907e-02  -9.4623107e-04
   1.9334420e-01   4.4018619e-02   7.7215687e-01   2.0569118e-02   1.0667784e-02  -8.8037686e-04
   1.7295817e-01   6.9076972e-02   7.0857132e-01   2.0200354e-02   1.2630500e-02  -3.9357904e-04
   1.6296617e-01   8.0279768e-02   7.0456731e-01   2.0108122e-02   1.2564431e-02  -2.4129857e-04
   1.6381450e-01   6.8258348e-02   6.4023444e-01   1.8987551e-02   1.2436037e-02  -2.8567943e-04
   1.5841664e-01   8.5347453e-02   5.9709496e-01   1.9309662e-02   1.2990241e-02  -2.1594428e-04
   1.4806376e-01   6.9504214e-02  -8.6310142e-01   1.6588793e-02   2.2878297e-02   6.7265715e-04
   9.8765865e-02  -2.7823895e-02  -1.5575440e+00   3.9680714e-03   1.8016273e-02   4.7778749e-04
   1.0313776e-01  -3.4787936e-02  -1.4348920e+00   7.2292140e-03   1.5726765e-02   2.8115443e-04
   1.0266970e-01  -8.2201393e-03  -1.2587443e+00   9.1490853e-03   1.6014880e-02   4.1155718e-04
   1.3616703e-01  -3.7265923e-02  -1.3654099e+00   7.3004668e-03   1.5487880e-02  -3.1645325e-04
   1.2612785e-01  -5.6474681e-02  -1.4220000e+00   6.3991510e-03   1.5030579e-02  -3.8072523e-04
   1.1615645e-01  -6.7788543e-02  -1.5583793e+00   6.0950340e-03   1.3640981e-02  -2.4592611e-04
   1.1599979e-01  -5.8635445e-02  -1.6098377e+00   4.8869147e-03   1.3990575e-02  -1.9437978e-04
   1.0547224e-01  -3.5755697e-02  -1.6401437e+00   4.8459117e-03   1.3634092e-02  -1.6280525e-04
   1.1036576e-01  -4.4061947e-02  -1.6213840e+00   5.1784231e-03   1.3800310e-02  -6.3787913e-05
   1.1450529e-01  -3.8440054e-02  -1.6515192e+00   4.2012470e-03   1.4221007e-02  -1.2926988e-04
   1.0235713e-01  -3.7923813e-02  -1.6481014e+00   4.8908307e-03   1.4317782e-02  -2.0205498e-04
   1.0523260e-01  -3.5857944e-02  -1.6861713e+00   3.9664403e-03   1.4211050e-02  -1.4221553e-04
   8.9049843e-02  -2.5882928e-02  -1.6884749e+00   4.1456775e-03   1.4225051e-02   5.7278477e-05
  -1.4063657e-02  -1.4145689e-01  -3.5825310e+00   5.2177238e-03   3.1695696e-03   9.2379163e-04
  -1.3160071e-02  -1.0782881e-01  -4.7087924e+00  -1.2449773e-02   1.5911043e-03   2.4152637e-04
   4.5324802e-02  -1.2055864e-01  -4.6027455e+00  -1.2910508e-02   2.8475299e-03  -4.5138024e-04
   5.3968180e-02  -1.2848523e-01  -4.4615128e+00  -1.0014857e-02   7.2999535e-04  -5.5293435e-04
   6.5597539e-02  -1.2627731e-01  -5.7329263e+00  -1.9851256e-02   2.9628684e-03  -1.0525935e-03
   7.2095940e-02  -1.2880907e-01  -5.7667073e+00  -2.0447761e-02   2.8237186e-03  -1.0125150e-03
   8.6028061e-02  -1.3849337e-01  -5.7630928e+00  -2.1111050e-02   2.7269493e-03  -1.2558643e-03
   8.9725700e-02  -1.2895759e-01  -5.7629257e+00  -2.1474613e-02   2.5517321e-03  -1.3812873e-03
   8.6549893e-02  -1.5037120e-01  -5.7167882e+00  -2.0684394e-02   1.9010777e-03  -1.2608535e-03
   8.7836975e-02  -1.2800515e-01  -5.7275540e+00  -2.1609914e-02   2.2084979e-03  -1.4080329e-03
   7.6381679e-02  -1.4200128e-01  -5.7515723e+00  -2.3110995e-02   2.7124356e-03  -1.2057522e-03
   6.1933784e-02  -1.3103481e-01  -5.0566497e+00  -1.6922359e-02   4.7706880e-03  -1.1494545e-03
   6.9288108e-02  -1.1650572e-01  -5.0469380e+00  -1.7388219e-02   4.0241575e-03  -1.1121260e-03
   5.4342458e-02  -1.2784500e-01  -5.1633589e+00  -1.8704861e-02   3.3123436e-03  -1.0845550e-03
   6.9520026e-03  -1.0177608e-01  -4.9678542e+00  -1.4202896e-02   5.7397374e-03   1.1495356e-04
   5.4947604e-02  -8.7848153e-02  -5.3400987e+00  -1.9491515e-02   6.0561145e-03  -7.2310877e-04
   6.3624303e-02  -1.0625597e-01  -5.2497461e+00  -1.9659550e-02   6.3803279e-03  -6.7942637e-04
   7.6423177e-02  -9.7371200e-02  -5.1881694e+00  -1.9137760e-02   7.1379612e-03  -7.6297587e-04
   7.1186197e-02  -1.1107950e-01  -5.1337724e+00  -1.7760583e-02   7.0995611e-03  -6.9796749e-04
   7.1252227e-02  -1.0793458e-01  -5.1271171e+00  -1.8652520e-02   6.2147484e-03  -8.5840748e-04
   6.7803901e-02  -1.1770324e-01  -5.0322647e+00  -2.0292344e-02   7.5181608e-03  -6.4724651e-04
   6.6064999e-02  -7.0943137e-02  -4.5758890e+00  -1.5059650e-02   7.0977756e-03  -7.0047192e-04
   7.5438876e-02  -8.2347026e-02  -4.4977910e+00  -1.4601109e-02   6.9059547e-03  -6.3051962e-04
   7.6229023e-02  -1.0231690e-01  -4.5069307e+00  -1.4089543e-02   7.4964561e-03  -8.2360625e-04
   7.2391994e-02  -7.9008314e-02  -4.5382360e+00  -1.4050183e-02   7.9776824e-03  -6.5226930e-04
   6.5147258e-02  -8.8033998e-02  -4.5049578e+00  -1.3940528e-02   7.9763674e-03  -7.9543008e-04
   7.5350870e-02  -9.6153104e-02  -4.5238654e+00  -1.3991345e-02   7.4756324e-03  -8.1111775e-04
   8.8349973e-02  -9.2293173e-02  -4.4835445e+00  -1.3460510e-02   7.1273362e-03  -8.0814712e-04
   4.7181097e-02  -8.9580356e-02  -4.5155430e+00  -1.5453300e-02   7.8648920e-03  -2.6749637e-04
   9.6923138e-02  -1.0339350e-01  -4.4009660e+00  -1.3526225e-02   8.5595182e-03  -6.9033729e-04
   9.8368498e-02  -9.5843976e-02  -4.3956033e+00  -1.3190918e-02   8.5261218e-03  -7.1482396e-04
   1.0644906e-01  -9.9671649e-02  -4.3605647e+00  -1.3215316e-02   8.6214054e-03  -8.3693934e-04
   1.0627554e-01  -8.3580611e-02  -4.3890385e+00  -1.3798891e-02   8.5800924e-03  -7.4560524e-04
   8.7345660e-02  -1.0350572e-01  -4.6238642e+00  -1.6015302e-02   9.3564987e-03  -7.1109106e-04
   7.8833359e-02  -7.9178232e-02  -4.5690616e+00  -1.4632887e-02   9.5886807e-03  -3.5738359e-04
   8.5480234e-02  -9.5727321e-02  -4.5235337e+00  -1.4236777e-02   8.9419533e-03  -5.8081830e-04
   9.3850214e-02  -7.9430131e-02  -4.5144098e+00  -1.3700073e-02   9.5935050e-03  -6.7567559e-04
   1.0708826e-01  -9.8825937e-02  -4.4241921e+00  -1.2815902e-02   9.7071937e-03  -9.5144289e-04
   2.8886948e-02  -4.6793946e-02  -4.7002044e+00  -1.3682754e-02   8.2636752e-03  -7.9342113e-04
   5.8734476e-02  -3.8554872e-02  -4.9185453e+00  -1.6979399e-02   6.3702530e-03  -8.4298790e-04
   6.3206032e-02  -5.7482011e-02  -4.9165871e+00  -1.6932838e-02   5.9931286e-03  -7.7251933e-04
   6.3666185e-02  -5.1496477e-02  -4.9196417e+00  -1.7323044e-02   6.0462141e-03  -6.6890178e-04
   7.1284023e-02  -4.4226956e-02  -4.8973202e+00  -1.7142655e-02   6.0483025e-03  -8.5526046e-04
   7.1456427e-02  -4.2829759e-02  -4.6254906e+00  -1.4387040e-02   6.5609086e-03  -6.2665815e-04
   6.0047277e-02  -4.3571394e-02  -4.2691610e+00  -1.0066327e-02   7.9741175e-03  -3.7454014e-04
   8.5554104e-02  -6.3332788e-02  -4.3733539e+00  -1.0846163e-02   7.0364085e-03  -6.7574952e-04
   9.9371339e-02  -6.3980078e-02  -4.4178882e+00  -1.1876858e-02   6.6956637e-03  -7.7788154e-04
   1.0066471e-01  -5.6852240e-02  -4.4381375e+00  -1.2070090e-02   5.7693965e-03  -7.3358197e-04
   9.7899724e-02  -5.4599911e-02  -4.4469160e+00  -1.2417346e-02   5.9378794e-03  -7.0924749e-04
   1.0129196e-01  -7.6333321e-02  -4.4620739e+00  -1.5269084e-02   6.8701458e-03  -7.7012794e-04
   2.0778221e-02  -7.6164181e-02  -5.1338630e+00  -1.8642495e-02   4.2419695e-04   1.5692025e-04
   4.8684131e-02  -5.4313167e-02  -4.7814764e+00  -1.5071262e-02  -9.5885336e-04  -8.2308901e-05
   5.8796933e-02  -5.6829441e-02  -4.7784310e+00  -1.4761708e-02  -3.0056040e-04  -4.8256573e-05
   7.5796400e-02  -6.3680788e-02  -4.6978902e+00  -1.4708964e-02  -3.4092933e-04  -3.9545300e-04
   8.3177360e-02  -6.6226989e-02  -4.6366432e+00  -1.4155171e-02  -9.9603531e-04  -5.9809665e-04
   8.4482180e-02  -4.6730248e-02  -4.5659192e+00  -1.2966873e-02  -7.1399184e-04  -1.9019535e-04
   7.0067802e-02  -5.6054105e-02  -4.5785368e+00  -1.3748201e-02   1.2672482e-04  -1.0795014e-04
   8.1582897e-02  -7.9520368e-02  -4.5703159e+00  -1.3705819e-02   9.5848648e-04  -4.0660146e-04
   3.0331155e-02  -4.6149552e-02  -5.4665468e+00  -1.9877155e-02   4.5754750e-04  -5.9375852e-04
   3.2114139e-02  -4.1581895e-02  -5.2512358e+00  -2.0394262e-02   8.3706133e-04  -6.4696167e-04
   4.5197083e-02  -2.0373391e-02  -5.1260944e+00  -1.7800860e-02   1.5565776e-03  -5.6152970e-04
   5.3840387e-02  -4.9195977e-02  -5.2174169e+00  -1.9049892e-02   8.8763198e-04  -7.4121724e-04
   5.5098525e-02  -5.2623999e-02  -5.1938625e+00  -1.8992648e-02   1.1911742e-03  -7.9164057e-04
   4.3410473e-02  -5.1664958e-02  -5.2037261e+00  -2.0574359e-02   1.7936779e-03  -7.1810964e-04
   1.7825527e-02  -3.8951439e-02  -5.2924372e+00  -2.0555438e-02   2.9521170e-03  -5.6244172e-04
   3.9498045e-02  -2.9515004e-02  -5.2178249e+00  -1.8813125e-02   2.5582291e-03  -5.9276146e-04
  -2.6958583e-02  -1.6039867e-01  -4.2625794e+00  -9.6630407e-03  -6.6127144e-03   3.6470713e-04
   1.0771225e-01  -1.2995157e-01  -4.6725848e+00  -7.7948957e-03  -5.2374890e-03  -1.1429149e-03
   4.1621897e-02  -7.9690683e-02  -4.9121378e+00  -1.9123437e-02  -3.3822722e-03  -1.2607977e-03
   4.6261121e-02  -8.7007403e-02  -4.8562569e+00  -1.8142433e-02  -1.9217738e-03  -1.3254236e-03
   4.6712340e-02  -6.3217071e-02  -4.8404073e+00  -1.8316990e-02  -1.5815092e-03  -1.0781756e-03
   3.0309305e-02  -5.9975797e-02  -4.8597968e+00  -1.8455112e-02  -1.0884110e-03  -8.6361605e-04
   1.5739276e-02  -6.7912701e-02  -4.9185967e+00  -2.0666096e-02  -6.1606008e-05  -6.8653536e-04
   7.5355806e-03  -5.8905832e-02  -4.8302277e+00  -1.9561479e-02   8.0059800e-04  -4.3257977e-04
   2.1812727e-02  -3.7567209e-02  -4.7724095e+00  -1.8641453e-02   9.2006939e-04  -5.4039029e-04
   2.7188080e-02  -5.5506797e-02  -4.7596901e+00  -1.8579624e-02   1.4290779e-03  -6.8633889e-04
   6.5179908e-03  -4.2481802e-02  -4.7408348e+00  -1.8545889e-02   1.9303217e-03  -3.2510018e-04
  -9.0172120e-03  -4.5731317e-02  -4.7886532e+00  -1.9762009e-02   1.9249623e-03  -1.4192518e-04
  -1.0855455e-03  -5.8964419e-02  -4.6519252e+00  -1.7261739e-02   1.2843372e-03  -3.4453825e-04
   4.0989356e-03  -4.7852964e-02  -4.7220498e+00  -1.8152745e-02   1.2921452e-03  -3.0322885e-04
   8.7717825e-02  -9.6544122e-02  -3.8372031e+00  -6.3489123e-03   3.1327427e-05  -1.4155666e-03
   2.5116052e-02  -3.3400093e-02  -4.3490867e+00  -1.3969311e-02   1.0254856e-03  -6.3039679e-04
   2.3551740e-02  -4.2799530e-02  -4.3285025e+00  -1.4026201e-02   1.8242047e-03  -6.5842444e-04
   3.5367947e-02  -5.4944322e-02  -4.3264715e+00  -1.3173389e-02   2.8967473e-03  -8.0551392e-04
   2.6172581e-02  -4.1918710e-02  -4.4193815e+00  -1.4082240e-02   3.3166127e-03  -6.8184695e-04
   2.8471869e-02  -3.1563779e-02  -4.3817480e+00  -1.3895847e-02   2.6825652e-03  -6.5133871e-04
   1.2049107e-02  -5.2198285e-02  -4.1330316e+00  -1.0638984e-02   3.9877388e-03  -3.7490341e-04
   3.1987870e-02  -6.0152570e-02  -4.2091905e+00  -1.4906821e-02   4.2668294e-03  -7.7335795e-04
   8.0363255e-02  -2.4302829e-02  -3.1737561e+00  -7.0466400e-03   7.6061886e-03  -1.1184074e-03
   1.7444744e-01   3.2378419e-03  -2.1675102e+00   7.4166088e-03   2.9005982e-03  -2.2861806e-03
   1.2165333e-01  -1.0034739e-01  -2.7480416e+00   2.9274793e-03  -1.9049421e-03  -1.9761909e-03
   1.2456702e-01  -9.3591641e-02  -2.7026005e+00   2.0876015e-03  -1.5832738e-03  -1.8727934e-03
   1.1842153e-01  -5.9076718e-02  -2.7629494e+00   1.9048127e-03  -1.1847787e-03  -1.7070493e-03
   1.2206102e-01  -5.3403916e-02  -2.7826538e+00   7.3531921e-04  -1.0283323e-03  -1.5397815e-03
   5.3301124e-02  -7.6170312e-02  -2.7635909e+00  -2.4890396e-04   6.7104961e-04  -7.3147114e-04
   8.7058928e-02  -3.2806648e-02  -2.6731109e+00   2.1496198e-03   7.7012160e-04  -8.9437161e-04
   8.6406196e-02  -2.7952075e-02  -2.6813180e+00   1.1092287e-03   7.9698423e-04  -9.0162680e-04
   1.2034732e-01  -3.9290887e-02  -2.6262718e+00   1.7607642e-03   7.3651987e-04  -1.1462871e-03
   1.2013900e-01  -6.0040334e-02  -2.6729959e+00   2.3424969e-03   7.8705793e-04  -1.2461727e-03
   1.1637843e-01  -4.3841293e-02  -2.6588778e+00   1.7775640e-03   1.8905032e-03  -1.5264845e-03
   1.0121031e-01  -3.3305423e-02  -2.4808582e+00   3.3227804e-03   5.0715397e-03  -7.2209022e-04
   8.3884477e-02  -1.1189708e-01  -2.4535756e+00  -3.7681212e-03   7.8608029e-03  -4.2135363e-04
   1.5867894e-01  -6.0400229e-02  -2.2770543e+00   6.0322380e-03   1.6933819e-03  -1.9184315e-03
   1.5312610e-01  -5.6305942e-02  -3.0864036e+00  -2.2705940e-03   1.4612606e-03  -1.8724894e-03
   1.0506864e-01  -7.1023593e-02  -3.0560952e+00  -2.2465248e-03   4.7050821e-03  -1.0402589e-03
   1.0132111e-01  -4.4203332e-02  -3.0298540e+00  -1.3318293e-03   4.3822538e-03  -9.0447847e-04
   1.1264667e-01  -5.1268411e-02  -3.0791630e+00  -1.7450159e-03   3.7842480e-03  -1.0922055e-03
   1.2065487e-01  -6.6233962e-02  -3.1389140e+00  -2.5245081e-03   3.3416498e-03  -1.3116405e-03
   7.8030210e-02  -5.3189030e-02  -3.3059042e+00  -3.9952369e-03   4.4208055e-03  -9.3731482e-04
   8.7762068e-02  -7.8288789e-02  -3.3342405e+00  -3.4056055e-03   4.1410590e-03  -1.0362464e-03
   1.0091126e-01  -5.3554107e-02  -3.3650766e+00  -4.1497576e-03   3.9781274e-03  -1.0827207e-03
   9.6007783e-02  -5.6352634e-02  -3.4694030e+00  -5.1388539e-03   6.3624784e-03  -9.8449433e-04
   9.4211384e-02  -4.7291771e-02  -3.3620425e+00  -3.2635824e-03   5.6603003e-03  -8.9049355e-04
   1.1084157e-01  -4.9469154e-02  -3.3206693e+00  -2.5158145e-03   5.4851227e-03  -1.2079945e-03
   1.0260229e-01  -2.0470934e-02  -3.1665928e+00  -5.2120506e-03   5.5555800e-03  -8.9585473e-04
   8.2819597e-02  -6.9099913e-02  -3.1778567e+00   4.4692688e-05   5.8614904e-03  -7.2867666e-04
   8.1338629e-02  -6.1157806e-02  -3.1805644e+00  -1.3435812e-03   5.4795351e-03  -5.9784424e-04
   6.8058349e-02  -5.5860451e-02  -3.1693269e+00  -1.6621406e-03   7.3301494e-03  -5.2758416e-04
  -1.1225237e-01  -2.0625835e-01  -2.4362800e+00  -1.4024202e-02   1.5094030e-02   3.0102950e-04
   1.3544346e-01   1.0909000e-01   1.0761767e+00   3.6709857e-02   5.2125768e-03   7.3634664e-04
   9.6583947e-02   5.1428742e-02  -7.2086757e-01   1.6616881e-02   1.8232117e-02   3.2198765e-04
   6.5839057e-02  -1.7684545e-03  -1.2703796e+00   1.3291931e-02   7.5129871e-03  -7.3454105e-05
   7.3483132e-02   2.3297127e-02  -1.3149595e+00   1.2901134e-02   7.0802743e-03  -3.0575679e-05
   7.5833544e-02   7.3436449e-03  -1.4248171e+00   1.1028669e-02   6.6237338e-03  -6.2508048e-05
   7.0262964e-02   5.5839050e-03  -1.5533468e+00   9.7997234e-03   6.7483675e-03  -2.0111684e-04
   5.7300902e-02   2.8760316e-02  -1.4995343e+00   1.0758346e-02   7.3687353e-03   2.8072514e-05
   7.1109387e-02  -1.3079582e-02  -1.5996188e+00   8.9548733e-03   7.5399011e-03  -2.7254602e-04
   8.5495856e-02  -2.7980219e-02  -1.6533008e+00   8.8208427e-03   7.3504553e-03  -4.2641093e-04
   8.5390998e-02  -5.6583600e-03  -1.5903107e+00   9.2937255e-03   7.3154530e-03  -3.6733740e-04
   8.1474892e-02  -6.3871264e-03  -1.6295517e+00   9.0139909e-03   7.7470444e-03  -4.8486211e-04
   1.0147715e-01  -1.5319645e-02  -1.6726454e+00   8.5362089e-03   7.5853037e-03  -6.0244638e-04
   1.0302449e-01  -1.8718327e-02  -1.7038247e+00   8.9101181e-03   7.0387658e-03  -7.2946717e-04
   7.9149384e-02   1.5537219e-02  -1.6231005e+00   1.0092632e-02   7.9120476e-03  -2.8379756e-04
   6.1583360e-02  -8.5364122e-03  -1.8230166e+00   4.4963162e-03   9.5806425e-03   3.5734948e-04
   4.0444235e-02  -4.5811244e-02  -2.3149495e+00   6.9294418e-03   1.1020702e-02   1.9842129e-04
   7.3574820e-02  -7.8732316e-02  -2.9463224e+00  -8.0665805e-03   9.9954078e-05   7.1954876e-04
   2.6104343e-02  -6.9478517e-02  -3.8487315e+00  -1.3636112e-02   1.6959225e-03   2.7994992e-04
   6.0266718e-02  -9.6507187e-02  -3.5928584e+00  -1.0089960e-02   1.6339364e-03  -2.4600727e-04
   6.7142388e-02  -6.8890443e-02  -3.5681189e+00  -1.0026197e-02   1.1660415e-03  -3.0696190e-04
   6.7533964e-02  -7.8814341e-02  -3.6026055e+00  -1.0780797e-02   1.4830213e-03  -3.8372719e-04
   6.4004238e-02  -7.5385500e-02  -3.5480617e+00  -1.0872707e-02   1.8066868e-03  -3.1773283e-04
   8.1754794e-02  -8.4073372e-02  -3.4973500e+00  -1.0668270e-02   2.3160709e-03  -5.1035343e-04
   8.7281159e-02  -8.2935352e-02  -3.4750993e+00  -1.0167293e-02   2.4956485e-03  -4.6927111e-04
   7.4269287e-02  -8.6383922e-02  -3.4391632e+00  -9.2834758e-03   2.4383124e-03  -4.4468516e-04
   8.4629349e-02  -8.0044882e-02  -3.5009664e+00  -9.6000937e-03   2.1111448e-03  -5.6404054e-04
   9.0959067e-02  -6.2505520e-02  -3.4509995e+00  -9.2399623e-03   3.0937816e-03  -5.9538611e-04
   5.0040166e-02  -7.4233492e-02  -3.6015862e+00  -1.1012613e-02   5.9907585e-03  -1.0568198e-04
   6.7870326e-02  -5.7058056e-02  -3.6111321e+00  -1.2596282e-02   6.3347486e-03  -3.6056711e-04
   1.2836320e-01  -2.4698506e-01  -4.7779443e+00  -3.4875353e-02  -9.9800351e-04  -2.0487529e-03
   7.7698535e-02  -3.3663018e-02  -2.7685653e+00  -5.5883407e-03   9.1170857e-03  -1.5836375e-04
   9.0152100e-02  -7.2097387e-02  -2.7376719e+00  -3.9246208e-03   6.7111535e-03  -5.0198111e-04
   8.5364959e-02   1.0805599e-01  -3.6150875e+00  -5.0993568e-03   1.2816239e-02   1.8179836e-03
   1.6107643e-01   3.5446307e-02  -4.7772725e+00  -1.8517377e-02   1.0275542e-02  -5.6530325e-04
   1.4430236e-01   1.5031816e-02  -4.5584145e+00  -1.6349764e-02   9.5251668e-03  -3.1186425e-04
   1.4181556e-01   4.7974896e-03  -4.3535028e+00  -1.2536477e-02   9.9591077e-03  -1.6297323e-04
