   0.0000000e+00  -3.5527137e-15   0.0000000e+00   0.0000000e+00   0.0000000e+00   0.0000000e+00
  -8.0290935e-02   1.5212386e-02  -7.7735665e-01  -1.0171390e-02  -5.8863299e-04   7.2653224e-04
   6.8655081e-02  -7.9824513e-02   5.0553608e-02  -9.3636067e-03  -3.1299748e-03  -9.8737150e-04
   7.8123328e-02  -6.7591253e-02   1.2931580e-01  -5.9477633e-03  -5.2503260e-03  -1.3891961e-03
   1.8176339e-02  -4.6053824e-02  -1.0277339e+00  -7.4191295e-03   3.2030711e-04   9.7107342e-04
   2.8747627e-02  -5.5777551e-02  -1.0045861e+00  -6.6910013e-03  -4.9612496e-04   1.5145858e-03
  -7.9948007e-02   1.8252103e-02  -1.0850263e+00  -1.3937709e-02  -3.3028651e-03   2.0458479e-03
  -4.0130787e-02  -7.9184645e-02  -3.3704883e-01  -3.9530531e-03  -1.9075916e-03   1.2941348e-03
   6.4599236e-02  -1.4471955e-02   1.6822176e-01   2.0355195e-03  -4.5865740e-03  -4.3936345e-04
  -1.8708734e-03  -5.6161358e-03  -5.2086281e-01  -8.3278608e-03  -1.7180313e-03   6.0967156e-05
   8.4966983e-04  -1.9034728e-02  -3.2026034e-01  -5.0384962e-03   3.0379442e-04  -6.1566153e-04
   7.7130383e-02  -4.4343334e-02   2.5108045e-01   2.6187931e-03  -9.0714839e-04  -1.0533485e-03
   1.1534577e-02  -2.7910581e-02  -5.3922834e-01  -7.1877261e-03   4.7908974e-04  -4.0325503e-04
   5.3198111e-02  -1.7750945e-02   3.7177553e-01   2.7031127e-03   5.6009287e-04  -5.7723726e-04
   7.9577720e-02  -6.2628562e-02   1.2209451e-01  -6.1385266e-03  -1.8231620e-04  -4.3931930e-04
   9.5959493e-02   1.2129985e-01   1.8395596e-01  -1.3954309e-02  -2.9690622e-04  -2.4700982e-03
  -2.8650365e-02   2.2817476e-02  -7.9927631e-01  -1.2092010e-02   1.6512595e-03   2.3382316e-03
  -6.7149675e-02   1.4905786e-01  -9.1432431e-01  -1.8118968e-02   2.1091454e-03   1.7225830e-03
  -6.1884382e-02   1.8010692e-01  -1.1270605e+00  -2.5863776e-02  -1.3035204e-04   7.5852060e-04
  -1.5046751e-01  -7.7549227e-02  -3.9510371e-01  -2.1841888e-02   7.5242918e-03   2.7838024e-03
  -1.6288572e-04   8.4070920e-02  -1.3024703e-01  -1.8257289e-02   1.6075099e-03   4.0168616e-04
   2.0067956e-02  -1.2238888e-02  -4.3849449e-01  -1.1126911e-02   2.8065342e-03   2.5686448e-03
  -6.0080926e-02   1.0146952e-01  -5.2786547e-01  -1.6468690e-02   2.2263778e-03   2.0157559e-03
  -5.0312083e-02   6.5501343e-02  -4.9290694e-01  -1.9047400e-02   2.0401863e-03   2.0222118e-03
  -2.0929298e-01  -1.5115944e-01  -9.1437601e-01  -1.6683269e-02   7.2926005e-03   4.2102532e-03
  -8.4542183e-02  -1.6160945e-01   1.9536122e-01  -2.5561117e-02   1.0598507e-02   3.8576491e-03
  -7.8740602e-02   1.0762422e-01  -6.5380839e-01  -2.5670364e-02  -4.7441547e-04   1.6939290e-03
  -3.4216371e-02   9.7295631e-02  -4.8836311e-01  -2.3567772e-02  -1.6724260e-03   7.4442609e-04
  -3.8820577e-02   8.4250577e-02  -5.1960679e-01  -2.7440134e-02  -2.1626604e-03   5.4482909e-06
  -1.2409663e-01  -5.8524795e-02  -7.1039948e-02  -2.2536256e-02  -3.3098837e-03   9.4415555e-04
  -1.0987538e-01  -6.3799302e-02   1.4637710e-01  -2.2099489e-02  -4.1856964e-03   3.1570933e-03
  -1.6421567e-02  -1.1686866e-01   7.0879633e-01  -5.3011019e-03  -1.9694877e-03   1.9779529e-03
  -1.2412620e-01  -7.3359759e-02   8.2620389e-02  -1.3285332e-02  -1.8572923e-03   3.8305433e-03
  -1.5950613e-01  -7.5267142e-02  -8.0862225e-03  -1.5036532e-02  -2.2782904e-03   4.1766722e-03
  -1.8700711e-01  -1.1000605e-01  -2.7325225e-02  -1.5676253e-02  -2.7950988e-03   4.2748789e-03
  -1.4879850e-01  -5.9588012e-02  -3.9915235e-01  -1.8126515e-02   6.0188868e-04   3.3924794e-03
  -9.0420434e-02  -5.3446434e-02  -4.1001304e-01  -1.7293854e-02  -3.6279280e-03   1.8756576e-03
  -5.1220893e-02  -6.0892524e-02  -5.7898327e-02  -1.8874401e-02  -4.6654466e-03   1.0566347e-03
  -1.5142943e-01  -3.6903587e-01  -1.7221937e-01  -1.8476449e-02   7.9586957e-03   3.0755478e-03
   1.2256906e-01  -2.4143192e-01   1.9071505e-01  -1.4879028e-02   7.8878863e-03   2.0851670e-03
  -1.4323395e-01  -3.5963131e-02   1.6461543e-01  -7.4731858e-03   7.0158208e-03   3.8440583e-03
  -1.4411819e-01  -2.2170327e-02  -2.6969919e-01  -1.5458762e-02   4.5339725e-03   3.0852239e-03
  -1.3213364e-01  -7.7810003e-02  -2.1791670e-01  -1.6540417e-02   4.1137357e-03   2.7767171e-03
  -1.3761482e-01  -6.8071539e-02  -2.9862519e-01  -1.6622208e-02   2.8171121e-03   2.7195876e-03
  -1.5143142e-01  -1.6048334e-01  -8.9869164e-02  -1.4280668e-02   3.8605183e-03   3.7662313e-03
  -1.5740210e-01  -1.3748283e-01  -1.2392596e-01  -1.5870882e-02   2.2559715e-03   4.0392977e-03
   1.8502543e-03  -2.5658532e-01  -1.0380591e+00  -3.0132479e-02   2.6148883e-03   5.5376304e-03
  -2.1028063e-01  -2.0418905e-01  -1.5227231e-02  -1.6576787e-02   5.2703460e-03   5.2791437e-03
  -2.8018135e-02  -2.0179869e-02  -5.3539322e-01  -1.5340440e-02  -1.7431946e-03   1.2235319e-03
  -2.5072351e-02  -6.2075283e-02  -4.7201830e-01  -1.5707061e-02  -1.5444021e-03   1.0855418e-03
  -1.3410197e-03  -8.4839331e-02  -4.1917365e-01  -1.6859756e-02  -1.1119323e-03   6.8750932e-04
  -2.1042603e-04  -1.0337357e-01  -4.1654660e-01  -1.6257155e-02  -1.5285561e-03   8.7603466e-04
  -1.7779478e-02  -9.3261791e-02  -5.8197975e-01  -1.5538998e-02  -1.8319321e-03   8.3301246e-04
  -4.1809084e-02  -8.8825153e-02  -7.2160508e-01  -1.8426451e-02  -1.2993357e-03   1.1912154e-03
  -8.5191822e-02  -2.3202565e-02  -6.3042863e-01  -2.4099992e-02   5.4550913e-03   1.0573905e-03
   6.2739506e-02   1.9909775e-02  -5.8366291e-01  -1.5614675e-02  -3.4272708e-03  -8.1576515e-04
   4.4472276e-02   3.4541962e-03  -5.7757706e-01  -1.7108472e-02  -3.5793693e-03  -5.9634672e-04
   2.2337026e-02   4.0125765e-03  -5.6356720e-01  -1.7828637e-02  -3.8993533e-03  -3.3118456e-04
   2.4898646e-02  -2.1522252e-02  -4.9526925e-01  -1.7238588e-02  -3.8392047e-03  -2.7026162e-04
   1.2521020e-02  -2.6900974e-02  -5.2903819e-01  -1.6678921e-02  -4.0755996e-03   3.2309126e-05
   4.0339673e-04  -3.3449109e-02  -5.1214989e-01  -1.6159978e-02  -3.7593235e-03   1.3195861e-04
   1.5525899e-02  -2.1470415e-02  -5.6466360e-01  -1.7572310e-02  -2.6400007e-03   4.3124880e-05
  -1.0125899e-03  -6.9198629e-02  -5.2401455e-01  -1.6628158e-02  -3.5052946e-03   2.8452974e-04
  -1.2601389e-02  -4.3661527e-02  -6.0636149e-01  -1.7570996e-02  -3.7223978e-03   2.9910590e-04
  -1.7690854e-02  -4.0923618e-02  -6.1651405e-01  -1.8010726e-02  -3.6619713e-03   5.6317800e-04
   4.7306342e-02  -1.7520790e-01  -8.0945044e-01  -2.7498387e-02   7.5776668e-03  -7.3950601e-04
   6.2292659e-02   5.0817820e-03  -1.4325828e+00  -2.2937778e-02   7.6649632e-03   1.1506344e-04
  -4.3296573e-02   4.9606911e-02  -1.7779832e+00  -2.7473922e-02   4.8550734e-03   8.9234269e-04
  -4.1755562e-02   6.7381557e-02  -1.6745205e+00  -2.8263435e-02   4.9453945e-03   8.9920282e-04
  -5.4446469e-02   5.1246739e-02  -1.7295362e+00  -3.0133022e-02   4.6646489e-03   1.2350424e-03
  -4.3465499e-02   2.5538193e-02  -1.6235308e+00  -2.8133323e-02   5.1655902e-03   1.1345394e-03
  -4.0972756e-02   2.1397853e-02  -1.6624324e+00  -2.8987888e-02   5.4558606e-03   9.5548504e-04
  -5.5711419e-02   2.6373587e-02  -1.6553728e+00  -2.9314522e-02   5.6295039e-03   1.1601382e-03
  -5.1497313e-02   1.8891763e-02  -1.6358009e+00  -2.9029465e-02   5.3835105e-03   1.2291072e-03
  -6.1330862e-02   3.0764039e-02  -1.6519647e+00  -2.9345063e-02   5.4847759e-03   1.3800345e-03
  -7.5460513e-02   2.5485588e-02  -1.6106609e+00  -2.8816411e-02   5.0351507e-03   1.5015540e-03
  -7.3485066e-02   1.7214239e-02  -1.6164807e+00  -2.8742157e-02   5.3764393e-03   1.5450416e-03
  -8.0442589e-02   3.2901613e-03  -1.5642733e+00  -2.8438292e-02   5.6480875e-03   1.7445056e-03
  -8.6406720e-02   3.8910969e-02  -1.6154223e+00  -2.8714487e-02   5.6359886e-03   1.8213808e-03
  -1.0000197e-01  -4.3768951e-04  -1.6437646e+00  -2.8947422e-02   5.4705677e-03   2.0897017e-03
  -9.3233844e-02   1.6071948e-02  -1.7421666e+00  -2.9353873e-02   5.7669417e-03   2.0276802e-03
  -7.6750215e-02   8.9100309e-03  -1.7592508e+00  -2.9319779e-02   5.8551751e-03   1.7116596e-03
  -8.0801205e-02   1.6358455e-02  -1.8277236e+00  -2.9798807e-02   6.1482588e-03   1.8809237e-03
  -1.0340186e-01  -1.2966128e-03  -1.9096480e+00  -3.0868672e-02   4.5930693e-03   2.3330190e-03
  -7.8937700e-02   5.1283086e-02  -2.1251870e+00  -3.1807266e-02   5.0172566e-03   2.2299202e-03
  -1.0412855e-01   1.0337668e-02  -2.0656997e+00  -3.1744235e-02   5.0315590e-03   2.5196148e-03
  -9.6714572e-02   2.1337623e-02  -2.0599247e+00  -3.1361777e-02   5.0552386e-03   2.6578800e-03
  -1.0714773e-01  -7.1120707e-02  -1.4031672e+00  -2.7073646e-02   7.0612969e-03   1.9854740e-03
  -9.1742100e-02  -1.1403040e-02  -1.5264120e+00  -2.5287593e-02   4.1879972e-03   2.2589853e-03
  -1.0708325e-01  -3.7585714e-02  -1.6547406e+00  -2.6375834e-02   3.6135479e-03   2.3943402e-03
  -1.2979627e-01   1.5824318e-02  -1.8723487e+00  -2.8921897e-02   5.3714474e-03   2.3806818e-03
  -1.1307358e-01  -2.6724441e-02  -1.8393322e+00  -2.7325622e-02   5.7651211e-03   2.1589189e-03
  -1.0882012e-01   8.1429685e-03  -2.0058686e+00  -3.4018025e-02   6.4135747e-03   7.6933877e-04
  -9.1590666e-02  -5.0253114e-02  -1.3939794e+00  -2.3191214e-02   4.1857912e-03   1.7168788e-03
  -8.6928684e-02  -5.5136280e-03  -1.5448606e+00  -2.4806031e-02   3.4653221e-03   1.4525190e-03
  -1.1112371e-01  -3.1359889e-02  -1.5316332e+00  -2.4771517e-02   5.9420340e-03   1.6759643e-03
  -8.9726831e-02   6.8922557e-02  -1.8541216e+00  -2.9334529e-02   5.7411026e-03   8.4537252e-04
  -1.1247115e-01   4.8162040e-02  -1.8382860e+00  -3.0125739e-02   6.6609829e-03   5.9803623e-04
  -2.0713608e-02  -1.6960435e-04  -1.5532255e+00  -2.3627800e-02   9.3932874e-03  -1.2585233e-03
  -3.8694046e-02   7.1863413e-02  -2.1014864e+00  -2.7727031e-02   9.8374409e-03  -9.1163361e-04
  -7.0958377e-02   2.1781044e-02  -2.3104705e+00  -2.9613943e-02   9.3934786e-03  -8.1351550e-05
  -7.2050850e-02   5.6609734e-02  -2.4654031e+00  -3.1076081e-02   9.5906941e-03  -8.8145282e-05
  -6.3696775e-02  -6.2011260e-02  -2.9189001e-01  -1.4019035e-02   5.6015651e-03   9.0402193e-04
   2.8753662e-02  -2.0958744e-03  -1.1300143e+00  -1.7523754e-02   3.2336036e-03  -1.0425311e-03
  -1.7921906e-02  -1.2025172e-02  -1.5613839e+00  -2.2010791e-02   2.7389735e-03  -1.9593377e-04
  -1.2202117e-02   2.1063479e-02  -1.6948800e+00  -2.3574821e-02   3.0074382e-03  -1.1219255e-04
  -6.8942370e-02  -8.3472315e-02  -1.1412265e+00  -1.8998621e-02   6.8461622e-03   5.3285249e-04
  -5.0353538e-02   1.2204840e-02  -1.8345480e+00  -2.3089254e-02   6.3246508e-03   6.4579034e-04
  -5.6503319e-02   1.5081222e-03  -1.9413003e+00  -2.4646041e-02   6.2276533e-03   6.0823332e-04
  -1.9836126e-02  -3.0163351e-02  -6.8897629e-01  -1.2047574e-02   8.2173740e-03   2.3964380e-04
  -4.1685731e-02   1.1221579e-02  -2.0689087e+00  -2.4053117e-02   8.9145226e-03   4.3151424e-04
  -1.4290573e-02   9.9151720e-03  -2.2237608e+00  -2.5610973e-02   8.7594377e-03   1.2516091e-04
  -5.6130004e-02   4.3037835e-02  -2.5572246e+00  -2.9334528e-02   8.7485449e-03   7.0511814e-04
  -6.6796973e-02   6.1718655e-02  -2.6338847e+00  -3.1964934e-02   9.5500191e-03   7.4349412e-04
  -5.9566888e-02   6.2001138e-02  -2.5936335e+00  -3.0519865e-02   8.8401109e-03   7.3025736e-04
  -7.2834149e-02   6.1618175e-02  -2.6886051e+00  -3.0983969e-02   8.5973476e-03   1.0518172e-03
   1.8199289e-02   1.1964456e-01  -1.3083927e+00  -1.8891383e-02   9.1754732e-03  -9.7538033e-04
   4.6371070e-02   1.3517585e-01  -2.1836243e+00  -2.8024300e-02   8.0126927e-03  -9.3325250e-04
  -6.0504225e-03   1.3706038e-01  -2.3363091e+00  -3.0215577e-02   8.6389096e-03   5.3775784e-06
  -1.3103357e-02   1.0877020e-01  -2.4938446e+00  -3.2102762e-02   8.4590993e-03   2.0805440e-04
  -1.6906879e-02   1.4533264e-01  -2.5481328e+00  -3.3053608e-02   8.0244799e-03   4.6196381e-04
  -2.9866998e-02   1.4765406e-01  -2.5653920e+00  -3.3795141e-02   8.0090751e-03   5.7704942e-04
  -2.4296504e-02   1.4273115e-01  -2.5586393e+00  -3.3785540e-02   8.3969145e-03   4.7867615e-04
  -9.5143826e-02  -5.0451924e-02  -1.5730475e+00  -2.2392606e-02   1.1907754e-02   1.3876594e-03
  -2.3568908e-02   2.5024290e-02  -2.1061752e+00  -2.4810941e-02   9.5054039e-03   5.3052754e-05
  -6.5751273e-02   4.0190747e-02  -2.4351402e+00  -2.9013127e-02   9.9076788e-03   8.5081740e-04
  -8.6817939e-02   6.6280183e-02  -2.5848040e+00  -3.1117567e-02   9.7170287e-03   1.3120658e-03
  -7.3920642e-02  -4.6830054e-02  -7.8436539e-01  -1.5362889e-02   9.5566011e-03   8.1469206e-04
  -4.6901889e-02   2.6391406e-02  -1.9170521e+00  -2.4124793e-02   9.3860619e-03   1.5630420e-04
  -5.3798648e-02   4.8413331e-02  -2.1811696e+00  -2.7348196e-02   9.4684769e-03   1.3944747e-04
   1.2413738e-01  -5.1031775e-03  -4.1965482e-01  -3.4869210e-03   5.3301680e-03  -3.1194794e-03
   1.5007850e-02   5.0280752e-02  -2.1135452e+00  -2.4883717e-02   1.0945024e-02  -8.6611740e-04
  -1.2775268e-03   5.2856956e-02  -2.2808222e+00  -2.7797898e-02   1.0354150e-02  -8.0448717e-04
  -4.2818617e-02  -8.1542067e-02  -2.3887813e+00  -3.8535411e-02   1.0888623e-02  -2.6943307e-05
  -2.1924857e-05   2.0832467e-02  -1.7767455e+00  -2.1945039e-02   9.4942031e-03  -4.5040032e-04
  -4.3277444e-02   5.7045796e-02  -2.1450262e+00  -2.5817695e-02   9.0530000e-03   3.7213986e-05
  -4.1350290e-02   5.5547650e-02  -2.1837781e+00  -2.7524700e-02   8.8391484e-03  -1.5340910e-04
  -4.4334378e-02   8.3057444e-02  -2.2122699e+00  -2.7836003e-02   9.2083889e-03  -3.3271654e-04
  -4.4429770e-02   6.4113413e-02  -2.2343944e+00  -2.7325614e-02   8.9997563e-03  -1.3286128e-04
  -5.9727923e-02   1.4092305e-02  -2.2601260e+00  -2.7161031e-02   7.8809860e-03   6.2222857e-04
  -3.7602315e-02   9.5063770e-02  -2.2946713e+00  -2.7844138e-02   9.3953976e-03  -3.5995785e-05
   5.8256028e-02  -3.0569252e-02  -1.1663409e+00  -1.2947299e-02   1.0545082e-02  -2.0878665e-03
  -2.2896773e-02  -5.4952674e-02  -2.4095814e+00  -3.0914657e-02   1.0660885e-02  -2.2715699e-04
  -4.1095662e-02   2.3640420e-02  -1.7679244e+00  -2.1742580e-02   9.9680056e-03  -3.9867918e-04
  -4.3419028e-02   4.0277160e-02  -2.0335126e+00  -2.6376231e-02   1.0281253e-02  -1.3092557e-04
  -6.3664560e-02   5.4203461e-02  -2.0595154e+00  -2.7501168e-02   1.0016247e-02   1.7332709e-04
  -1.3552219e-02  -2.9853646e-02  -2.3043129e+00  -3.5413698e-02   9.2979651e-03   1.5409465e-04
   1.3687009e-02  -3.2592693e-02  -1.2215732e+00  -1.4564046e-02   9.1921068e-03  -5.4444344e-04
  -3.7455885e-02   1.2561489e-02  -1.8405811e+00  -2.1901202e-02   9.9779091e-03   5.6452191e-04
  -5.9820473e-02   8.4063605e-03  -2.2906608e+00  -3.1882593e-02   8.6273285e-03   1.3483332e-03
   4.2674521e-02   7.9193357e-02  -1.3625785e+00  -1.8099370e-02   7.5197384e-03  -1.2708083e-03
  -1.0418184e-03   1.5249279e-02  -2.0444494e+00  -2.5222133e-02   7.7820357e-03  -3.7297556e-04
  -7.9983890e-02  -1.3065561e-01  -1.3495180e+00  -3.2444424e-02   1.0780109e-02   8.8509368e-04
   3.9934817e-02   5.8189979e-02  -1.7609790e+00  -2.2685979e-02   8.6705590e-03  -1.1658705e-03
   3.7603073e-03   7.6055284e-02  -2.0596509e+00  -2.6929207e-02   8.6365409e-03  -7.0240654e-04
   8.4692726e-03   5.5350675e-02  -2.0838800e+00  -2.6622427e-02   8.0843529e-03  -5.2276827e-04
  -8.5129708e-03   7.5830525e-02  -2.1761020e+00  -2.7484153e-02   7.6387790e-03  -5.1929060e-04
  -2.5926924e-02   8.4469052e-02  -2.2041937e+00  -2.7798747e-02   7.5067192e-03  -2.2243543e-04
  -5.1970195e-03  -2.5954030e-02   1.1529928e-01  -1.1042857e-02   7.1332190e-03  -4.4397186e-04
   1.1812593e-02  -1.3635740e-03  -1.2846139e+00  -1.8904476e-02   8.2546427e-03  -9.3080528e-04
   1.0078813e-01   8.4209217e-03  -8.5928180e-01  -1.0859601e-02   4.6886419e-03  -1.8158777e-03
   1.4442106e-02   1.4376433e-02  -1.5988400e+00  -1.8924854e-02   6.5075262e-03  -4.9977380e-04
  -3.6687329e-02   3.5596954e-02  -2.0126992e+00  -2.5509659e-02   5.2867950e-03   9.0694638e-04
   3.4850514e-02   1.7524694e-01  -1.8860920e+00  -2.4657547e-02   7.2083182e-03  -4.0244658e-04
   4.6060686e-02   1.3685321e-01  -2.0765742e+00  -2.5362795e-02   6.9381676e-03  -6.2481670e-04
   4.4793818e-03   1.5433322e-01  -2.3579163e+00  -2.9008525e-02   7.6071203e-03  -1.5834772e-05
   3.6027827e-02   3.5470981e-02  -6.2883057e-01  -1.1250364e-02   8.3135064e-03  -8.9509666e-04
  -1.5455578e-02   4.1566926e-02  -2.0710812e+00  -2.4680949e-02   9.5416573e-03   3.2073539e-04
  -5.3119468e-02   6.1859866e-02  -2.3619298e+00  -2.7476660e-02   9.3937346e-03   9.8552058e-04
  -5.1561244e-02   6.0538800e-02  -2.3984035e+00  -2.9061107e-02   9.5168030e-03   8.7274071e-04
   9.7765978e-02   2.6541938e-02  -1.7541916e-01  -4.8218712e-04   1.7177358e-03  -1.6433277e-03
  -2.3967021e-02   4.1162567e-02  -2.2054914e+00  -2.2729975e-02   5.9517129e-03   1.1914312e-03
  -6.2319525e-02   4.5937959e-02  -2.5157587e+00  -2.5980149e-02   5.3434928e-03   1.8328350e-03
   1.3770977e-01   4.8592512e-02  -1.2038913e-01  -3.4475739e-03   3.7173855e-03  -1.9943801e-03
  -3.1702673e-02   3.6363180e-02  -1.9334617e+00  -2.1029305e-02   7.0051792e-03   7.8626842e-04
  -8.4577031e-02  -5.1663476e-02  -1.5661838e+00  -2.2193261e-02   8.3600154e-03   1.1544512e-03
  -2.7286497e-02   1.2917098e-02  -2.0543879e+00  -2.2471770e-02   7.3169365e-03   5.5527409e-04
  -4.3766561e-02   2.3709463e-02  -2.1395732e+00  -2.4696607e-02   7.8308667e-03   7.6886707e-04
  -1.8481275e-02  -1.2503119e-02  -5.4513963e-01  -1.2917426e-02   6.9479615e-03   1.8137808e-04
  -1.5488930e-02  -9.1442085e-03  -1.7760245e+00  -2.0732871e-02   7.1279784e-03  -1.4866152e-04
  -3.4649430e-02   1.8802647e-02  -2.0581870e+00  -2.3933448e-02   7.3395819e-03   3.8742447e-04
  -6.1770568e-02   3.0078424e-02  -5.7516252e-01  -1.6785846e-02   8.2751742e-03   9.5208232e-04
   1.2711130e-02   5.3533483e-02  -2.0893664e+00  -2.3914006e-02   7.4979329e-03  -2.0635828e-04
   6.2458348e-02   3.6901200e-02  -7.4092114e-01  -1.1063047e-02   5.4254834e-03  -1.1833135e-03
  -4.0553910e-02   2.4070777e-02  -1.8491300e+00  -2.1569839e-02   5.6571225e-03   3.2334452e-04
  -6.9882079e-02   4.9816994e-02  -2.1383004e+00  -2.4969767e-02   6.0813570e-03   6.2250883e-04
  -3.5341857e-02  -5.3804396e-03  -5.2523268e-01  -1.4243576e-02   6.0419986e-03   2.8287810e-04
  -3.3054484e-02   3.3613228e-02  -2.2011874e+00  -2.2488114e-02   5.0217901e-03   5.6538822e-04
  -5.8280519e-02   4.9736551e-02  -2.3875897e+00  -2.4455577e-02   5.3558648e-03   8.8944770e-04
  -6.4742374e-02   7.6034993e-02  -2.4859669e+00  -2.6821526e-02   5.5513349e-03   1.1038189e-03
   8.2082352e-02  -3.2991164e-02  -5.7739934e-01  -5.9981148e-03   4.4859677e-03  -1.5925899e-03
  -3.1916227e-02  -1.5363561e-02  -1.8090054e+00  -2.0453006e-02   6.8911080e-03   4.5050583e-04
  -3.5896268e-02   1.7416444e-02  -2.0419575e+00  -2.2760798e-02   6.6961119e-03   4.8289520e-04
  -4.3021526e-02   3.2835724e-02  -2.1563154e+00  -2.4906756e-02   7.0609919e-03   4.6871659e-04
  -4.8071908e-02   4.0012673e-02  -2.1304492e+00  -2.4473642e-02   7.0548140e-03   4.7989215e-04
  -7.0790055e-02   4.5580474e-02  -2.1278926e+00  -2.5298928e-02   6.8940376e-03   5.1094288e-04
  -5.9323638e-02   6.2962471e-02  -2.0826491e+00  -2.4669233e-02   6.9957588e-03   5.3434350e-04
   7.2075525e-02  -8.0576161e-02  -1.0001107e-01  -5.9676256e-03   7.2939264e-03  -2.4631937e-03
  -3.5810232e-02  -6.7396572e-02  -1.7744654e+00  -1.8381821e-02   1.2100103e-02  -5.3774509e-04
  -7.4034281e-02  -1.1303338e-01  -2.0384444e+00  -1.7440627e-02   1.0879401e-02   1.0791202e-05
  -2.9513361e-02  -5.8588275e-02  -2.1028475e+00  -2.2353640e-02   1.1801821e-02  -7.9163641e-04
  -3.2924525e-02   2.7167030e-02  -2.3559222e+00  -2.6997989e-02   1.0917468e-02  -4.0084861e-04
  -5.1335582e-03   6.3400432e-02  -2.5074611e+00  -2.7089561e-02   1.0330278e-02  -5.2012335e-04
  -3.5558505e-02   3.6126499e-02  -2.4515890e+00  -2.8969772e-02   9.1741689e-03   7.0636677e-04
   4.7410785e-02   3.2669932e-02  -1.4597806e+00  -1.5681730e-02   5.6708191e-03  -1.9976821e-03
  -1.1193880e-02   2.1282892e-02  -2.1144890e+00  -2.3099748e-02   9.2553861e-03  -7.6867742e-04
  -2.9134671e-02   4.5263071e-02  -2.3219755e+00  -2.6177211e-02   9.5268662e-03  -7.7233763e-04
  -4.0566299e-02   4.2281286e-02  -2.2851387e+00  -2.6171817e-02   9.2176795e-03  -5.7284459e-04
   6.3210002e-02   8.4491113e-02  -1.3548315e+00  -1.6044332e-02   8.7750832e-03  -1.5145615e-03
   7.2298825e-03   5.6043581e-02  -2.0126939e+00  -2.3895172e-02   8.9931195e-03  -1.0163722e-03
  -7.2225218e-03   7.8973517e-02  -2.2403360e+00  -2.4791457e-02   9.0851039e-03  -7.2953736e-04
   3.2360418e-03   6.4963367e-02  -2.1798271e+00  -2.3149273e-02   8.2653532e-03  -6.8759651e-04
   3.8158465e-02  -1.5590272e-02  -1.5732108e+00  -1.6412189e-02   7.3672778e-03  -1.1679342e-03
  -3.4663821e-02   6.3784129e-03  -2.1435288e+00  -2.3093618e-02   7.4367838e-03  -1.1670705e-04
  -2.9399985e-02   6.9658234e-02  -2.3007576e+00  -2.5495981e-02   6.8682856e-03   1.2167435e-04
  -4.0400200e-02   6.8196333e-02  -2.3546232e+00  -2.5981521e-02   6.7994952e-03   1.2754744e-04
  -2.2941006e-02   2.0629510e-01  -2.6250617e+00  -3.8824246e-02   1.0318137e-02  -5.5086672e-03
   4.7541963e-02   9.3507241e-02  -1.7254587e+00  -1.9560118e-02   4.1758769e-03   2.9631138e-04
  -1.4706116e-02   2.9346999e-02  -2.0388296e+00  -2.0976630e-02   4.8785227e-03   1.0804400e-03
   9.5325295e-03   1.0223464e-01  -7.9486990e-01  -1.8731887e-02   7.7295895e-03  -3.4349447e-04
  -4.3420500e-03   1.0293542e-01  -1.8895116e+00  -2.1968779e-02   8.1643319e-03  -7.1652083e-04
  -2.2263078e-02   1.1386833e-01  -2.3597103e+00  -2.6973185e-02   7.9780048e-03  -3.0143108e-04
  -9.9179578e-02   8.4619634e-03  -1.3798393e+00  -2.5466914e-02   8.8249186e-03   8.9900113e-04
  -3.1834027e-02   6.2022354e-02  -1.8133483e+00  -2.1902513e-02   7.0788794e-03  -1.2973814e-04
  -4.4200843e-02   4.9907604e-02  -2.0725855e+00  -2.2831861e-02   6.4072932e-03   5.4230196e-04
  -5.5613375e-02   5.7577709e-02  -2.2242812e+00  -2.4957895e-02   6.2872897e-03   1.0968777e-03
  -5.7362437e-02   8.3901415e-02  -2.2901907e+00  -2.6261443e-02   6.5752390e-03   1.0493202e-03
  -2.6534433e-02   1.2387572e-01  -2.2991454e+00  -2.6685938e-02   6.2439701e-03   8.5759430e-04
  -5.8551890e-02   7.4778869e-02  -2.2578941e+00  -2.5598209e-02   6.1070335e-03   1.0669971e-03
  -9.0223400e-02   6.2533062e-02  -2.3287951e+00  -2.6634482e-02   6.3241041e-03   1.8451210e-03
   8.9340345e-02  -8.2047635e-03  -1.1244084e+00  -1.0327635e-02   5.5899029e-03  -3.0034454e-03
  -2.9981354e-02   2.6329482e-02  -2.0271913e+00  -2.2062671e-02   8.4875364e-03  -4.2838766e-04
  -5.2796014e-02   5.0637901e-02  -2.1944733e+00  -2.3573453e-02   8.4423432e-03  -1.4401944e-04
  -6.3604709e-02   6.7601741e-02  -2.3126048e+00  -2.5775830e-02   8.2998067e-03  -1.2141902e-04
  -5.9331185e-02   2.6506336e-02  -2.2981174e+00  -2.3882582e-02   8.9606803e-03  -2.1209322e-04
  -6.1498073e-02   2.2544015e-02  -2.3245922e+00  -2.4993028e-02   8.3439515e-03   3.1640160e-04
  -8.0808973e-02  -1.9771442e-01  -1.7667638e+00  -2.5159091e-02   8.3559219e-03   9.5923801e-04
  -3.0321556e-02  -6.0295876e-02  -1.8000487e+00  -1.7835290e-02   6.6742893e-03   3.3715569e-04
  -6.0146392e-02  -1.5045902e-02  -2.0604549e+00  -2.2301693e-02   6.5643794e-03   8.1896106e-04
  -5.9813774e-02   7.0976805e-03  -2.1346455e+00  -2.3104433e-02   5.7227020e-03   7.2845094e-04
  -5.5694791e-02   9.7461655e-03  -2.1878798e+00  -2.2969509e-02   6.1678496e-03   7.2897472e-04
   2.5438809e-03  -6.6321191e-02  -1.9261279e+00  -1.5058788e-02   3.8660861e-03   2.5112706e-04
  -5.8763029e-02  -4.3411258e-02  -2.2843178e+00  -2.3568077e-02   3.8121411e-03   1.7172288e-03
   5.2664032e-03  -3.7458408e-02  -1.8194523e+00  -1.6320561e-02   6.0423730e-03   3.5630340e-04
  -2.0955150e-02   6.9525113e-04  -2.0976030e+00  -2.0538884e-02   6.9163641e-03   8.0321380e-04
  -9.5787138e-03  -1.3255451e-01  -2.1683156e+00  -2.7905966e-02   8.7823686e-03  -3.1295089e-04
   1.7661949e-02  -2.1363220e-02  -1.6344110e+00  -1.6201211e-02   7.8915004e-03  -3.8386171e-04
  -7.5398944e-04  -1.4582742e-02  -1.8262587e+00  -1.9029026e-02   7.9536087e-03  -1.7877877e-04
  -2.4109977e-03   1.6711898e-02  -1.9884381e+00  -2.1597858e-02   7.4926471e-03  -2.3765134e-04
   9.5964761e-03  -2.4029514e-03  -1.9221526e+00  -2.1220458e-02   7.8911140e-03  -3.5501202e-04
  -8.3597039e-03   7.0387730e-03  -1.9044723e+00  -2.0555377e-02   7.8026857e-03  -7.4925355e-05
   2.8611875e-03  -1.1045636e-02  -1.9541093e+00  -2.0509228e-02   7.4958585e-03  -1.6715963e-04
  -1.2594650e-02  -1.5873774e-01  -1.6093889e+00  -2.1374590e-02   1.0337058e-02  -4.9470372e-04
  -2.9539488e-03  -2.2781806e-02  -1.7362470e+00  -1.7533088e-02   8.0844704e-03  -2.6548877e-04
  -1.7255512e-03  -1.6976792e-01  -1.7763774e+00  -2.0570476e-02   1.0719823e-02  -1.3627305e-03
   4.4402911e-02   6.4794270e-02  -2.2272147e+00  -2.2716271e-02   9.9326867e-03  -1.1362469e-03
   3.7756056e-02  -5.9251137e-02  -2.3140975e+00  -2.2038592e-02   9.3244863e-03  -3.6440161e-04
  -5.0491205e-03   3.3395965e-02  -2.3637801e+00  -2.2004265e-02   9.0233986e-03   2.0230790e-04
  -4.1123729e-03   2.1128901e-03  -2.5588037e+00  -2.3613008e-02   7.9169754e-03   4.7590977e-04
  -8.6217438e-03  -6.0019046e-03  -1.2816758e+00  -1.4721106e-02   8.3796668e-03   2.1222249e-04
   6.1741307e-03  -1.3675850e-02  -1.9374509e+00  -1.7552284e-02   6.1314531e-03   1.7584337e-04
  -1.3400024e-02   1.3760115e-02  -2.2001420e+00  -2.1552308e-02   6.1697788e-03   1.1914618e-04
  -2.8097275e-02   2.9975645e-02  -2.3425497e+00  -2.3602333e-02   5.8695990e-03   5.4965633e-04
  -3.5724333e-02   4.6179497e-02  -2.3375843e+00  -2.3281560e-02   5.5965791e-03   5.6600214e-04
  -4.6085528e-02  -1.1385116e-01  -1.3049801e+00  -2.2490895e-02   1.0282949e-02   2.9351576e-04
  -5.5510327e-02   3.3832198e-02  -2.0908957e+00  -2.0820725e-02   6.5141861e-03   8.1355419e-04
  -7.9329912e-02   2.5507847e-02  -2.3646042e+00  -2.3270005e-02   6.1996025e-03   1.3637247e-03
  -6.0878344e-02   5.1576902e-02  -2.3364793e+00  -2.3540295e-02   6.1961507e-03   1.1649467e-03
  -8.8426557e-02   7.2021644e-02  -2.4267497e+00  -2.5250545e-02   5.5936621e-03   2.1430494e-03
   1.1755063e-01  -8.2315628e-03  -1.3130948e+00  -1.2526969e-02   6.3893808e-03  -2.9812908e-03
   5.2201127e-03   1.8245344e-02  -2.1379184e+00  -2.2069002e-02   8.0961226e-03  -7.1448057e-04
  -6.1688734e-03   4.1834020e-02  -3.9612928e-01  -9.7288540e-03   7.0807100e-03   2.4430072e-04
  -1.8618445e-02   8.6121225e-02  -2.2013522e+00  -2.3745881e-02   9.2777129e-03   4.5554317e-04
  -4.7623963e-02   7.9413187e-02  -2.4005026e+00  -2.5122264e-02   9.2523945e-03   7.9261739e-04
  -3.0411128e-02   9.4442073e-02  -2.4860472e+00  -2.5478098e-02   9.0244994e-03   5.9477268e-04
   1.5721134e-01  -1.6270921e-02  -7.4104303e-01  -3.1248439e-03   7.1756183e-03  -3.1838843e-03
   1.4609298e-02   4.3044954e-02  -2.3407494e+00  -2.2894232e-02   9.9458843e-03  -5.9892572e-04
  -5.7153717e-02  -6.1979592e-02  -2.2053701e+00  -2.7817277e-02   1.1965134e-02   8.5805134e-06
  -5.2121047e-04   2.8872668e-02  -2.2101133e+00  -2.2011875e-02   1.0264457e-02  -4.7648440e-04
  -1.9771587e-02   3.9420171e-02  -2.3539964e+00  -2.3423797e-02   9.6685753e-03   1.1216142e-04
  -1.5208554e-02  -1.4626764e-02  -1.2441114e+00  -1.7695119e-02   1.0165334e-02   3.3714318e-06
  -1.9534626e-02  -1.8181340e-02  -2.0808722e+00  -2.0956844e-02   6.9392351e-03   2.5542162e-04
   3.1642216e-02   4.5081428e-02  -1.0699573e+00  -1.3073768e-02   8.1542176e-03  -8.9334029e-04
  -4.9666090e-02   4.7686343e-02  -2.3514503e+00  -2.4173871e-02   6.2654450e-03   6.3917441e-04
  -3.7278764e-02   9.1351949e-02  -2.2670672e+00  -2.2712163e-02   6.6135505e-03   5.7459519e-04
  -2.8011932e-02   8.3800860e-02  -2.5436221e+00  -2.5436126e-02   7.1848711e-03   1.5293467e-04
   1.1784875e-01  -4.2381707e-02  -5.9949741e-01  -4.2292766e-03   5.4631848e-03  -2.5582282e-03
   4.5403862e-03  -9.9922646e-03  -1.8289630e+00  -1.7919689e-02   7.3197772e-03  -5.2547332e-04
   2.3372293e-02   1.0927281e-02  -1.3605241e+00  -1.5390871e-02   8.8593152e-03  -1.2314068e-03
  -2.0817750e-02  -1.4616633e-02  -2.2299934e+00  -2.3808960e-02   6.5454216e-03   2.0884876e-04
   2.0554730e-03   2.9175877e-02  -1.9204475e+00  -1.8678334e-02   8.3646006e-03  -7.4479245e-04
  -3.2519375e-02   4.9815619e-02  -2.2248229e+00  -2.2957413e-02   7.9101697e-03   1.5075094e-04
  -7.3922155e-03   5.0773512e-02  -2.2521812e+00  -2.3295749e-02   7.6400802e-03   1.0766700e-04
  -1.1905137e-02  -1.5362412e-02  -1.2516782e+00  -1.7573021e-02   9.1788996e-03  -5.1671602e-04
  -1.1293050e-02   4.8683327e-02  -2.1629257e+00  -2.1966250e-02   8.4465579e-03  -3.1984027e-04
  -2.4932874e-02   5.2479083e-02  -2.2108407e+00  -2.3333552e-02   8.1507585e-03  -9.0329049e-05
   1.5647016e-01  -1.4377421e-02  -6.8607109e-01  -1.4157698e-03   5.1350263e-03  -3.7049472e-03
  -8.5369883e-03   2.7565418e-02  -2.1027935e+00  -2.1968092e-02   8.6035096e-03  -8.8570534e-04
  -4.8402088e-03   3.7399297e-03  -2.3442959e+00  -2.7098371e-02   8.9186587e-03  -8.3888934e-04
   4.7190467e-02   3.4910041e-02  -1.5518517e+00  -1.7088331e-02   8.2945840e-03  -1.8127458e-03
  -3.3052059e-02   1.8731100e-04  -9.2670123e-01  -1.5504084e-02   9.0679513e-03  -8.0758740e-04
  -3.6892544e-03   1.5680132e-02  -2.0094688e+00  -1.9880304e-02   8.2034254e-03  -6.0153547e-04
  -3.5518873e-02   3.7463177e-02  -2.2433993e+00  -2.2065928e-02   7.8008365e-03  -1.6951837e-04
  -4.2634849e-02   4.9533141e-02  -2.3537238e+00  -2.3626590e-02   8.0564157e-03  -2.5398724e-04
  -4.8781351e-02  -1.1697271e-01  -1.8180753e+00  -2.8951878e-02   1.2056247e-02  -1.5942251e-03
  -7.9039109e-03   1.5439486e-02  -1.9670602e+00  -1.9561000e-02   8.1804458e-03  -9.5806228e-04
  -2.5108189e-02   3.5030539e-03  -2.1476622e+00  -2.0773612e-02   8.4359282e-03  -4.9787916e-04
  -2.3438340e-02   5.4094428e-02  -2.3182239e+00  -2.3268321e-02   7.9435977e-03  -3.6120734e-04
   1.0324866e-01   3.5675973e-02  -2.2736507e+00  -2.1533354e-02   7.4866754e-03  -2.6132063e-03
   2.4380251e-04   6.5956001e-02  -2.3990160e+00  -2.3173651e-02   7.0683664e-03  -5.8979803e-04
  -2.0013345e-02   7.2572842e-02  -2.5486267e+00  -2.5768754e-02   7.0116595e-03   8.4005135e-06
  -2.3183196e-02   7.0919426e-02  -2.5834561e+00  -2.5300164e-02   6.8173731e-03  -2.0976857e-06
  -2.2061364e-02   8.5452708e-02  -2.5903307e+00  -2.5545264e-02   7.0263216e-03  -1.9916576e-04
  -1.8868752e-02   1.9063603e-02  -1.3618909e+00  -1.9258693e-02   1.0809746e-02  -1.6324451e-03
   6.6526992e-03   2.5262735e-02  -2.1526772e+00  -2.0974725e-02   8.2303350e-03  -8.4666940e-04
  -2.0851335e-02   4.9696942e-02  -2.4280660e+00  -2.3774693e-02   8.3674638e-03  -5.7179048e-04
  -2.9762400e-02   2.4846240e-01  -2.7978999e+00  -3.4622971e-02   1.2414491e-02  -4.8219331e-03
  -5.1896940e-02   9.8544598e-02  -2.5509027e+00  -2.5590563e-02   7.5794717e-03   5.0562675e-04
   9.3653336e-02   4.8856798e-02  -1.3130115e+00  -8.7897668e-03   8.1143993e-03  -3.8073864e-03
  -1.4534651e-02   6.3751353e-02  -2.5686185e+00  -2.3272508e-02   1.0092005e-02  -6.8295516e-04
  -4.1847725e-02  -7.0158940e-02  -2.8018887e+00  -2.8116840e-02   7.5468651e-03   3.9529017e-04
   4.7295699e-02   6.6335633e-02  -1.8251790e+00  -1.7838586e-02   8.8103188e-03  -2.9056754e-03
  -1.3178987e-03   7.4403998e-02  -2.2970544e+00  -2.2925400e-02   9.6630079e-03  -1.7232351e-03
   5.1328657e-03   1.1548500e-01  -2.3757877e+00  -2.4868907e-02   9.0212128e-03  -1.5213593e-03
  -2.3827475e-02   5.6059767e-02  -1.1347676e+00  -1.5607113e-02   1.0885407e-02  -7.9666190e-04
  -3.5737747e-02   8.9276973e-02  -2.4075065e+00  -2.2820262e-02   8.1370914e-03  -4.7296059e-04
  -3.9167955e-02   7.5893269e-02  -2.4951810e+00  -2.4357637e-02   7.5863643e-03  -4.3677817e-05
   7.8028999e-02   1.3955477e-01  -2.8723714e+00  -3.4555700e-02   3.7457504e-03  -7.2507276e-04
   2.8558713e-02   1.9333621e-02  -1.9463958e+00  -1.8760272e-02   7.4990806e-03  -1.7274093e-03
  -8.6481536e-03   1.4953041e-02  -2.1983683e+00  -2.0963292e-02   8.2525323e-03  -8.9784273e-04
  -8.8511397e-02   1.9349279e-02  -1.6083568e+00  -2.2921799e-02   9.4539548e-03   5.0225992e-04
   6.2884161e-03   1.0876566e-02  -1.9781041e+00  -1.8589341e-02   8.3289240e-03  -4.3378236e-04
  -1.1475914e-02   5.4349951e-02  -2.2239317e+00  -2.1733451e-02   8.4645971e-03  -1.0963744e-04
   7.5003106e-02   3.6596405e-02  -1.0466874e+00  -8.2477552e-03   5.8215811e-03  -1.8617969e-03
  -3.1820103e-02   5.2594588e-02  -2.4322252e+00  -2.3209039e-02   6.4573432e-03  -1.2719405e-04
  -3.7301860e-02   4.6558698e-02  -2.5604994e+00  -2.4530540e-02   6.2939916e-03   1.6014335e-04
  -6.9026617e-02   3.8107491e-02  -2.5162593e+00  -2.3076921e-02   6.1169697e-03   6.8108004e-04
   3.5901730e-02   1.0870991e-02  -8.3391238e-01  -1.0367092e-02   8.9672707e-03  -1.7753687e-03
  -1.7051714e-02   3.1357069e-02  -2.3603169e+00  -1.9630691e-02   8.3712819e-03  -4.4935126e-04
  -3.3642775e-02   3.6893702e-02  -2.6188283e+00  -2.2678672e-02   7.8997128e-03  -2.1094487e-04
   4.5993055e-02   3.2108123e-02  -1.8234578e+00  -1.5799053e-02   6.6543525e-03  -7.3905729e-04
  -7.4125479e-03   3.2677139e-02  -2.4995572e+00  -2.2348319e-02   7.9836861e-03  -2.3390329e-04
  -6.4102463e-03   6.3106370e-02  -2.3562979e+00  -2.1296625e-02   6.7923536e-03  -1.8333177e-04
  -3.1083360e-02   6.9159771e-02  -2.6100554e+00  -2.3732616e-02   6.9725579e-03   2.5963501e-04
  -3.9296647e-02   7.3332533e-02  -2.5951520e+00  -2.4349999e-02   7.1365083e-03   4.7654369e-04
  -4.4920770e-02   8.1672411e-02  -2.6540833e+00  -2.4159941e-02   7.0109551e-03   4.7577653e-04
  -4.7309619e-02   6.9622692e-02  -2.6695373e+00  -2.3740744e-02   6.4219667e-03   5.3086607e-04
  -1.4604104e-02   4.6193029e-02  -2.3674113e+00  -2.1421930e-02   7.5171965e-03   7.5861157e-05
  -2.5948724e-02   4.2098863e-02  -2.4762321e+00  -2.1881613e-02   7.3376241e-03   2.2071071e-04
  -3.9122023e-02   3.4346922e-02  -2.5451307e+00  -2.3445737e-02   7.6408476e-03   3.7385567e-04
  -2.2254084e-02   8.1678275e-02  -2.6477310e+00  -2.4803502e-02   7.5932805e-03   2.5200125e-04
  -3.9907276e-02   3.2376393e-02  -2.5391695e+00  -2.2875401e-02   7.7412734e-03   4.0054683e-04
   3.5764793e-02  -5.4614737e-02  -1.6773602e+00  -1.2004099e-02   3.1453418e-03  -1.2551533e-03
  -2.3009369e-02  -1.8956939e-02  -2.2225840e+00  -1.8834742e-02   5.3209893e-03  -2.4237842e-04
  -8.6291912e-02  -8.8324502e-02  -1.6034447e+00  -2.4518649e-02   8.5333194e-03   1.2559911e-04
   4.2440971e-02  -2.2950719e-02  -1.6812260e+00  -1.5398043e-02   2.4519753e-03  -1.3722890e-03
   1.5981672e-02   4.2156832e-03  -1.9515042e+00  -1.7960743e-02   3.8792647e-03  -8.7936604e-04
   2.9341351e-02   7.9265526e-03  -1.3880794e+00  -1.2758471e-02   5.9984025e-03  -1.1289802e-03
  -1.8703627e-03   1.2368780e-02  -2.0930361e+00  -1.8282720e-02   7.0013294e-03  -8.6616313e-04
  -3.1614797e-02   2.6761143e-02  -2.2567430e+00  -2.0491248e-02   6.8759930e-03  -4.1876014e-04
   1.6659829e-02  -1.3698495e-01  -2.4666192e+00  -2.7704436e-02   7.9580444e-03  -1.8611344e-03
   8.5425817e-02   9.2208115e-02  -2.5147218e+00  -2.3678530e-02   1.0409397e-02  -2.4083857e-03
   3.7343392e-02   4.0753276e-02  -2.4337134e+00  -2.1485565e-02   9.3899894e-03  -1.1463142e-03
  -4.2588255e-03   3.2240787e-02  -2.1575606e+00  -1.9259538e-02   9.2243924e-03  -3.0877982e-04
  -1.7100994e-02   4.2716600e-02  -2.3756665e+00  -2.2277066e-02   9.4298968e-03  -4.8459977e-05
  -3.1630794e-02   2.4357478e-02  -2.3872917e+00  -2.2552358e-02   9.4166275e-03   3.7665091e-04
  -1.2694410e-01   1.2940054e-01  -2.0534550e+00  -3.3382967e-02   1.6565632e-02  -9.2009084e-04
  -1.0637244e-02  -1.8220004e-02  -2.0332668e+00  -1.8512565e-02   7.4363771e-03  -5.5069219e-04
  -3.9927289e-02   9.4953242e-03  -2.2610958e+00  -2.0461494e-02   7.5457347e-03  -1.5251289e-04
  -4.5288148e-02   4.0423441e-02  -2.3308505e+00  -2.1954630e-02   7.6055087e-03  -1.8717757e-04
  -9.2100866e-03  -3.5084433e-02  -2.1804413e+00  -2.9000480e-02   1.3770906e-02  -3.4910485e-03
  -2.1755108e-02   9.6914894e-02  -2.4830840e+00  -2.2260162e-02   9.6239513e-03  -2.0059975e-03
   4.3213685e-02   4.4421069e-02  -2.1686228e+00  -1.7096001e-02   7.9739706e-03  -1.8647323e-03
  -3.9459979e-03   1.0160161e-01  -2.5422043e+00  -2.3319688e-02   8.4740740e-03  -1.2840860e-03
  -8.5936545e-03   1.1688636e-01  -2.7097177e+00  -2.4079357e-02   8.4557562e-03  -1.2344462e-03
  -1.5499346e-02   1.2839095e-01  -2.7839749e+00  -2.5668707e-02   8.3687634e-03  -9.6878248e-04
   4.6794123e-03  -7.1411162e-02  -2.6187165e+00  -3.1990734e-02   9.7392975e-03  -1.3220337e-03
  -1.9445341e-02   9.0673633e-03  -1.8498565e+00  -1.7144620e-02   7.0093771e-03  -8.1531284e-04
  -4.1856041e-02  -2.2308735e-03  -2.3368502e+00  -2.4960716e-02   6.5247786e-03  -6.3272193e-04
   3.3255302e-02   2.5321396e-02  -2.0050346e+00  -1.4392719e-02   6.5119774e-03  -1.9225253e-03
  -5.3409806e-02  -6.4862391e-02  -1.6287833e+00  -1.5922382e-02   8.1889487e-03  -3.0230805e-04
  -3.3007845e-02   5.4703774e-02  -2.2211054e+00  -1.8028216e-02   5.8451219e-03  -3.7569990e-04
   5.8407115e-02   2.5254921e-02  -1.8527560e+00  -1.3020258e-02   6.5101177e-03  -1.7729641e-03
   3.1331763e-02   1.6027046e-02  -2.2374641e+00  -1.6663851e-02   6.2174118e-03  -1.2380019e-03
   4.4763092e-03   7.6249491e-02  -2.3799362e+00  -1.9853230e-02   7.1408550e-03  -1.0115270e-03
   1.6514778e-02   8.2431329e-02  -2.3699772e+00  -1.9249575e-02   6.2128682e-03  -6.1355819e-04
   5.5476065e-02   1.0611595e-01  -1.4583265e+00  -1.0905440e-02   4.9327033e-03  -1.5863410e-03
  -1.9989089e-02   7.2928592e-02  -2.4848131e+00  -2.0458852e-02   5.8125196e-03  -5.3904689e-04
  -1.0280424e-03   7.6606966e-02  -2.4270868e+00  -2.1406771e-02   5.9937636e-03  -7.8816205e-04
  -1.7135681e-02   7.5086557e-02  -2.4548805e+00  -2.2725767e-02   5.5606033e-03  -7.1941405e-04
  -4.3086959e-02   1.0713101e-01  -2.4613468e+00  -2.2379758e-02   5.7932306e-03  -1.3937145e-04
  -3.1813452e-02   6.8967985e-02  -2.4712045e+00  -2.0662061e-02   5.2198956e-03  -9.2027853e-05
   4.9350018e-02  -3.9391025e-02  -1.5184137e+00  -9.1581623e-03   6.1206862e-03  -1.7877004e-03
  -1.1281311e-02   3.3831166e-02  -2.1339806e+00  -1.7267337e-02   7.4395611e-03  -7.5524795e-04
  -3.3275789e-02   5.4718732e-02  -2.3145378e+00  -2.0176812e-02   7.1405633e-03  -6.7304193e-04
  -2.6383301e-02   4.8825244e-02  -2.3605303e+00  -1.9937000e-02   6.6529873e-03  -6.3472777e-04
  -1.6950187e-02   6.3059350e-02  -2.3363353e+00  -1.9919215e-02   6.2311345e-03  -5.6618008e-04
  -3.0723941e-02   8.2404731e-02  -2.3121201e+00  -2.0184580e-02   6.1526529e-03  -5.8386034e-04
   1.2138949e-01   4.2604120e-01  -2.6912302e+00  -3.7250614e-02   1.2243556e-02  -7.1841657e-03
   2.5804376e-02   1.4878662e-02  -1.5814602e+00  -1.0804907e-02   4.1034511e-03   4.0319255e-05
  -4.0477587e-03   6.6517429e-02  -1.7384960e+00  -1.2943980e-02   5.2723836e-03   3.0663329e-04
  -8.8566066e-02   2.0544202e-01  -2.2431879e+00  -2.2438291e-02   1.0724781e-02  -7.2009960e-04
  -3.1141186e-02   5.4655250e-02  -2.1822494e+00  -1.7261212e-02   4.3825056e-03   7.6856434e-04
  -1.7650097e-02   6.0496621e-02  -2.2303286e+00  -1.9758956e-02   6.0053708e-03   1.9550445e-05
  -1.4378919e-02   2.3991059e-02  -2.2312362e+00  -1.7774476e-02   4.0595530e-03   5.7620059e-04
   2.5804768e-02  -4.3013165e-03  -1.6510458e+00  -1.1350513e-02   7.7705613e-03  -2.3874389e-04
  -2.5028393e-03   2.4006749e-02  -1.8993914e+00  -1.3501027e-02   7.0324276e-03   5.0317220e-04
  -2.6604796e-02  -5.9004442e-02  -2.1313533e+00  -2.0734920e-02   8.4805027e-03   3.7355608e-04
   3.7861018e-02  -1.2938765e-02  -1.6299312e+00  -1.0966126e-02   9.4024684e-03  -7.1401558e-04
   2.2411595e-02   2.6232157e-02  -1.9281490e+00  -1.5131109e-02   8.1273033e-03  -3.7491270e-04
   2.4393395e-03   4.9472633e-02  -2.0615911e+00  -1.6964075e-02   7.8638791e-03  -2.0816358e-04
   1.6802059e-02   3.1290127e-02  -1.9991764e+00  -1.4161520e-02   5.3979134e-03  -9.3606186e-05
  -1.3552531e-02   6.3419174e-02  -2.1068941e+00  -1.6952809e-02   5.2404577e-03   1.4412691e-04
  -3.0356053e-02   4.2586221e-02  -2.0249798e+00  -1.6378371e-02   5.0194261e-03   4.5346113e-04
  -1.8615600e-02   6.9349490e-02  -2.0802568e+00  -1.6767101e-02   4.6480255e-03   2.1771199e-04
  -1.1886629e-01   6.3283040e-01  -2.1372382e+00  -1.3228729e-02   5.5991728e-03   1.9586844e-03
   1.5658898e-01   4.2226757e-01  -6.8477173e+00   1.5301059e-02  -4.8206288e-03  -4.3583401e-04
  -6.5440368e-01   1.9907284e-01  -6.7218035e+00  -7.4795582e-02   8.8193260e-03   1.0110492e-02
  -1.9988574e-01   7.3000031e-02  -3.6391174e+00  -3.2447405e-02   1.4302215e-02   6.5691975e-03
  -3.4003657e-01  -8.5090880e-02  -1.7774325e+00  -1.9071773e-02   1.6702371e-02   5.2028877e-03
  -2.7502085e-01  -2.8905733e-01  -1.5655333e+00  -8.2788692e-03   1.3611225e-02   2.7248713e-03
  -3.3584780e-01  -4.3057669e-01  -1.0750192e+00  -1.3174096e-02   1.0489455e-02   2.9677066e-03
  -2.1228646e-01  -4.9433545e-01  -1.6722864e-01   4.1208808e-03   1.5697924e-03   1.3495471e-03
  -1.3063681e-01  -2.2351655e-01  -9.4966578e-01  -2.9665969e-03  -2.3193699e-04   9.4803656e-04
  -5.6167096e-02  -1.6124220e-01  -1.4458831e+00  -9.2374105e-03   1.4945337e-03   4.6625821e-04
  -1.0088104e-02  -1.3933680e-01  -1.2580587e+00  -9.1772742e-03  -6.5187383e-04  -4.7475636e-04
  -3.8227438e-02  -9.6395449e-02  -1.5635307e+00  -1.2059231e-02   1.6374429e-03  -2.5504927e-04
  -6.3329814e-02  -1.1701004e-01  -1.5526951e+00  -1.2687089e-02   3.5804229e-04  -7.6696744e-05
  -7.8969290e-02  -8.0858526e-02  -1.6602218e+00  -1.3900133e-02   7.3646627e-04   2.9780273e-04
  -7.9094549e-02  -9.3713657e-02  -1.7116687e+00  -1.4452918e-02   5.1708044e-04   3.8253702e-04
  -9.7293917e-02   7.8103733e-02  -2.2192371e+00  -1.9824300e-02  -4.1985575e-04   1.3844677e-03
   6.7125110e-03  -3.7379139e-02  -1.8019628e+00  -1.3689802e-02   1.1489932e-03  -4.6173354e-04
  -3.8271377e-02  -4.8351450e-02  -1.6983177e+00  -1.2979555e-02   1.0015933e-03   8.8330335e-05
  -8.5612899e-02  -8.0127157e-02  -1.4521659e+00  -1.0750343e-02   2.4606613e-03   3.9878996e-04
  -1.9101950e-02  -6.2482833e-02  -1.7040312e+00  -1.1684148e-02   2.0155607e-03  -2.3792741e-04
  -4.3494906e-02  -4.8408976e-02  -1.8813520e+00  -1.4067798e-02   1.8014897e-03   1.8039436e-04
  -3.6887346e-02  -4.3241767e-02  -2.0124299e+00  -1.4822597e-02   1.9362450e-03   1.8420130e-04
  -4.2012077e-02  -3.1981165e-02  -2.2447473e+00  -1.6057026e-02   1.2152574e-03   1.6998082e-04
  -6.1408727e-02   1.0342088e-02  -2.3375992e+00  -1.9919452e-02   1.2007496e-03   9.2063762e-04
  -1.4025123e-01  -6.0561285e-02  -2.1101405e+00  -1.8965670e-02   4.5208211e-03   1.6477904e-03
  -9.4120313e-02  -9.2194446e-03  -2.2111624e+00  -1.5488110e-02   3.8429472e-03   1.5359313e-03
  -6.0601956e-02  -2.5974048e-02  -1.6755369e+00  -9.9068677e-03   4.8742549e-03   1.3956642e-03
  -1.2116724e-01  -2.2166048e-02  -2.4256576e+00  -1.7168061e-02   3.1872322e-03   2.0520248e-03
  -1.3784181e-01   5.7096869e-03  -2.5844988e+00  -2.0367454e-02   4.0740093e-03   2.2708565e-03
  -1.2103243e-01   1.8033154e-02  -2.6201005e+00  -1.9400934e-02   3.5988465e-03   2.2219630e-03
  -1.3716942e-01  -1.3341543e-01  -2.7801679e+00  -2.6235323e-02   5.9315949e-03   2.8234388e-03
  -1.0457844e-01   6.4053141e-03  -2.5753527e+00  -1.9070468e-02   4.3288390e-03   2.6001147e-03
  -1.1817295e-01  -4.5490060e-02  -2.2870499e+00  -1.5881827e-02   6.3984683e-03   2.5269147e-03
  -1.0379764e-01  -7.6283199e-03  -2.6982789e+00  -1.8825438e-02   5.0435628e-03   2.2333425e-03
  -1.1072496e-01   4.8451920e-03  -2.8566382e+00  -2.0811906e-02   5.9772488e-03   2.2457489e-03
  -1.1923996e-01   1.0126604e-02  -3.0152298e+00  -2.2309581e-02   5.6450792e-03   2.3568654e-03
  -1.2296643e-01  -2.3907712e-02  -3.1311899e+00  -2.5343193e-02   4.6004037e-03   2.6245052e-03
  -1.0621236e-01  -8.3677685e-03  -2.6240633e+00  -1.8202321e-02   4.7362697e-03   2.0746657e-03
  -2.5972357e-02  -6.8083465e-02  -1.6800703e+00  -8.8124503e-03   3.5575114e-03   4.0524454e-04
  -6.9604473e-02  -2.2991657e-02  -2.3445643e+00  -1.7089320e-02   4.4060926e-03   1.2885208e-03
  -6.8035813e-02   7.3242833e-03  -2.5976155e+00  -1.9100133e-02   4.2898210e-03   1.2146415e-03
  -9.4048276e-02  -1.9715442e-01  -2.6046252e+00  -2.4528552e-02   7.1205316e-03   1.2385107e-03
  -8.0345281e-02  -2.3898557e-02  -2.3866690e+00  -1.5452431e-02   3.9126472e-03   1.5811512e-03
  -1.3868127e-01  -5.0257695e-04  -2.6974308e+00  -1.8925411e-02   3.9150220e-03   2.7300520e-03
  -1.4159840e-01   8.2688989e-04  -2.8143286e+00  -1.9338228e-02   3.2114299e-03   2.8989136e-03
  -1.1816857e-02  -5.2162225e-02  -1.8500521e+00  -1.0132625e-02   3.6325159e-03   6.7585657e-04
  -7.1153069e-02   2.5970212e-02  -2.6162771e+00  -1.6794456e-02   2.6277789e-03   1.9363732e-03
  -2.7663842e-02   2.2819504e-02  -1.7830039e+00  -1.0069609e-02   5.4957700e-03   1.1202386e-03
  -7.6083508e-02   2.8839158e-02  -2.5858872e+00  -1.7423334e-02   5.6893751e-03   1.7283266e-03
  -1.0667305e-01   4.6994373e-02  -2.9327021e+00  -2.1029864e-02   5.2925359e-03   2.1434184e-03
  -1.2348437e-01   4.2802422e-02  -2.9530372e+00  -2.1560938e-02   4.5361215e-03   2.3901106e-03
  -1.1426822e-01   5.5692697e-02  -3.0379064e+00  -2.1452864e-02   4.3801640e-03   2.3251441e-03
  -4.3456792e-02  -1.3476538e-02  -2.7615327e+00  -1.6911183e-02   6.6297206e-03   1.2609573e-03
  -5.3889621e-02   5.9585252e-02  -2.9485279e+00  -2.1081699e-02   4.6374637e-03   1.3023277e-03
  -4.5286720e-02   3.0898046e-02  -2.8871191e+00  -2.0128516e-02   5.0036037e-03   8.7082634e-04
  -7.9418845e-02   4.8118312e-02  -2.9771407e+00  -2.2745132e-02   5.1843755e-03   1.4482986e-03
  -9.3458453e-02   3.9750974e-02  -2.9923230e+00  -2.2297724e-02   4.9678302e-03   1.5499929e-03
  -9.9634343e-02  -5.0959540e-02  -1.5028924e+00  -1.1744205e-02   7.8306598e-03   1.5549378e-03
  -6.6825418e-02  -1.1881054e-02  -2.4627930e+00  -1.7530940e-02   6.3026637e-03   1.4366597e-03
  -1.1613250e-01  -8.4089955e-02  -1.5591144e+00  -1.7267189e-02   9.0924835e-03   2.4626296e-03
  -3.5341377e-02   2.3077768e-02  -2.2686112e+00  -1.5603661e-02   5.2944184e-03   1.5093351e-03
  -6.4647236e-02   3.4194643e-02  -2.5379172e+00  -1.9372737e-02   5.6614412e-03   1.9253536e-03
  -9.4320396e-02  -3.6411662e-02  -8.3897531e-01  -6.4915867e-03   8.2141906e-03   1.1106613e-03
  -6.2757248e-02   2.9999369e-02  -2.5934902e+00  -1.6786263e-02   6.2814825e-03   1.1667979e-03
  -1.1386804e-01   4.3354106e-02  -2.7610082e+00  -1.9850295e-02   6.3411293e-03   1.8454472e-03
  -1.1459771e-01   7.5288470e-02  -2.8890134e+00  -2.1187988e-02   6.2787013e-03   2.0518933e-03
   8.9946861e-02   1.9946044e-01  -1.9032798e+00  -3.0882426e-02  -7.2155973e-03  -2.7399015e-04
   8.2840002e-02   9.5860915e-02  -1.2972896e+00  -1.8280036e-02  -1.5851072e-03   2.9583290e-04
  -4.3855418e-03   8.1876829e-02  -1.1999364e+00  -1.2811971e-02   1.0475866e-05   1.0793904e-03
  -3.8571448e-02  -5.2291589e-02  -6.9691488e-01  -1.3160259e-02  -3.7070104e-03   2.0056374e-03
   6.5084103e-02   5.4355973e-02  -1.4887910e+00  -9.7086432e-03  -5.7994382e-03   3.5502595e-04
   5.5519400e-02  -6.0242529e-03  -8.9246449e-01  -4.5957708e-03  -7.5161460e-03   6.4310207e-04
   2.3237138e-02   3.9506613e-02  -1.5020799e+00  -9.8303118e-03  -4.0530676e-03   1.1795773e-03
   2.5415759e-02   3.9180959e-02  -1.5886532e+00  -1.0793520e-02  -3.8975239e-03   1.8320341e-03
  -1.0300227e-02   3.5241214e-02  -1.7477437e+00  -1.0740684e-02  -1.6729719e-03   1.9941699e-03
  -2.8602790e-02   5.6012298e-02  -1.9055684e+00  -1.3873878e-02  -9.2606739e-04   2.6847379e-03
  -8.4393081e-02  -1.1067686e-02  -1.8359965e+00  -1.1305844e-02   7.7556864e-04   3.9518104e-03
  -7.6688088e-02  -4.4275070e-02  -2.0632288e+00  -1.6618254e-02  -1.2802378e-03   3.3581978e-03
  -4.3234566e-02   1.5502075e-03  -1.5881261e+00  -9.3524480e-03  -1.8599917e-03   2.2476997e-03
  -6.4519164e-02   2.5436411e-02  -1.7966776e+00  -1.2074587e-02  -7.6139320e-04   2.4975041e-03
  -6.1853264e-02   7.3997442e-04  -1.8402371e+00  -1.1405588e-02  -1.6557236e-03   2.6008999e-03
  -5.7678999e-02  -8.5455738e-02  -1.9039653e+00  -1.1455694e-02  -1.4629096e-03   2.3640765e-03
  -8.8260359e-02   1.2016949e-02  -2.0550623e+00  -1.1190091e-02   2.4998440e-05   3.1033748e-03
  -1.1197781e-01   3.9594823e-02  -2.2439020e+00  -1.3975159e-02  -3.1026752e-04   3.2821368e-03
  -1.2303123e-01   5.9347708e-02  -2.2276740e+00  -1.5456912e-02  -8.4887544e-05   3.4304100e-03
  -1.0783361e-01   3.9853333e-02  -2.3614202e+00  -2.0156954e-02  -6.9958578e-04   3.9153860e-03
  -3.2011957e-02   1.5942334e-02  -1.3405028e+00  -6.9270498e-03   1.2501398e-03   2.3671731e-03
  -4.8124735e-02   4.0919738e-02  -1.5787037e+00  -9.4707360e-03   1.5186918e-03   2.8102662e-03
   5.4628632e-02   3.7506933e-01  -2.2910857e+00  -3.4646773e-02   2.6892810e-03   1.6406749e-03
  -1.0157397e-02  -3.5629559e-02  -1.0784942e+00  -7.4174857e-03  -4.1623649e-03   2.0948690e-03
  -1.7011751e-01   4.9969570e-02  -2.1910748e+00  -2.3214330e-02  -2.6258912e-03   4.5223458e-03
  -1.2511058e-01  -6.0046384e-02  -1.4764879e+00  -1.2572621e-02  -1.0504945e-03   4.0589801e-03
  -1.4103095e-01  -2.7728617e-02  -1.4133380e+00  -8.4755400e-03  -3.6094301e-03   3.7607433e-03
  -1.4671676e-01  -7.1624702e-04  -1.8331469e+00  -1.2493675e-02  -3.4066502e-03   4.0106210e-03
  -1.8901536e-01   1.5623087e-02  -2.0054679e+00  -1.4778164e-02  -2.8539008e-03   4.5459301e-03
  -1.7501223e-01   3.1790154e-02  -2.7629462e+00  -2.0867439e-02   2.6722025e-03   4.4681243e-03
  -2.2949223e-01   4.9784389e-03  -2.0427733e+00  -1.7887440e-02   4.5220047e-03   4.7410904e-03
  -1.3591775e-01   1.5693951e-02  -2.1232503e+00  -1.3161516e-02   2.1586888e-03   3.4618920e-03
  -1.6068867e-01   2.9712361e-02  -2.3470917e+00  -1.6387392e-02   2.4663861e-03   3.7495787e-03
  -1.7148574e-01   6.0515655e-02  -2.4821356e+00  -1.8291640e-02   1.6871435e-03   4.0652943e-03
  -4.8277015e-02   1.1735050e-01  -1.9959908e+00  -1.3304644e-02  -6.2361462e-04   3.1832883e-03
  -1.3404154e-01   8.0816782e-02  -2.5518079e+00  -1.8862682e-02   1.0500133e-03   4.0306167e-03
  -4.6910677e-02   9.0953633e-03  -1.6597187e+00  -5.2289574e-03  -2.6105274e-04   2.1715202e-03
  -1.4905489e-01   7.2317202e-02  -2.6774578e+00  -1.8015074e-02   1.6564219e-03   4.0499494e-03
  -1.6684965e-01   6.3116600e-02  -2.8562740e+00  -2.0403819e-02   2.2099688e-03   4.4326072e-03
  -1.6195871e-01   8.2191110e-02  -2.9684032e+00  -2.0304604e-02   2.1352927e-03   4.1572446e-03
  -1.6577890e-01  -4.4091913e-02  -3.2614180e+00  -2.9604637e-02   1.6740444e-03   4.5587708e-03
  -1.2776833e-01   8.4908372e-02  -2.3085484e+00  -1.5138069e-02   1.9738862e-03   3.6827510e-03
  -1.5899073e-01   6.1147370e-02  -2.5785349e+00  -1.7142934e-02   1.5762750e-03   4.3991832e-03
  -1.6614405e-01   1.2150177e-01  -2.7853755e+00  -2.0182596e-02   1.6952624e-03   4.2331142e-03
  -1.6127827e-01   1.1663081e-01  -2.7054588e+00  -1.8247881e-02   1.4723364e-03   4.2660295e-03
  -1.1640200e-01  -1.6835542e-03  -1.1752221e+00  -6.5825482e-03   4.1792233e-03   3.3649008e-03
  -7.4888032e-02   1.1352600e-01  -1.8344396e+00  -1.9327869e-02  -2.4664754e-03   2.9778703e-03
  -3.5492126e-02   1.7674348e-01  -1.7108699e+00  -1.3668451e-02  -7.1905915e-04   1.9739910e-03
  -1.1949215e-01   1.2120143e-01  -2.1443808e+00  -1.6201265e-02   8.5920551e-04   3.0863251e-03
  -8.7563952e-02  -1.1934377e-01  -1.1249946e+00  -3.1400334e-03   9.6884028e-04   2.7428765e-03
  -8.6668864e-02  -7.5145517e-02  -1.6948384e+00  -5.6960564e-03   1.6550025e-03   2.6758054e-03
  -1.2724101e-01  -8.9003416e-02  -1.9066713e+00  -7.5581642e-03   1.9066786e-03   3.5425780e-03
  -6.8778687e-02  -3.3734521e-02  -2.2217667e+00  -1.0931631e-02   1.9324400e-03   3.3650656e-03
  -1.0267661e-01   1.0171074e-01  -2.0379269e+00  -1.2903240e-02   1.4985656e-03   4.1689056e-03
  -1.8950016e-02   7.9754142e-02  -1.8594743e+00  -4.6306316e-03   1.9871746e-03   3.6534585e-03
  -1.4441547e-01   6.5356611e-02  -2.6723565e+00  -1.3693060e-02   1.8358022e-03   5.1571876e-03
  -1.6747646e-01   5.1897454e-02  -2.5379065e+00  -1.9957935e-02   3.5079932e-03   5.6697564e-03
  -1.0802065e-01   2.2744936e-02  -2.1858277e+00  -1.1896572e-02   3.3531509e-03   4.6318021e-03
  -1.9058299e-02   1.5945287e-01  -2.0380862e+00  -2.0618453e-02  -2.0200848e-03   2.9917301e-03
  -1.8327607e-02   1.9801319e-01  -1.8887600e+00  -1.1375298e-02  -2.5634252e-03   2.4731128e-03
  -4.8154409e-02   1.7408947e-01  -2.3470087e+00  -1.6257744e-02  -1.6843101e-03   2.8118717e-03
  -7.8284491e-02   1.6470037e-01  -2.4878318e+00  -1.7515865e-02  -2.6362063e-04   2.9926018e-03
  -7.5089079e-02   1.8376968e-01  -2.5314794e+00  -1.7769239e-02  -5.2007496e-04   2.9821385e-03
  -7.3438988e-02   1.8128688e-01  -2.6426374e+00  -1.8706015e-02  -6.9572865e-04   3.0519609e-03
  -7.8335988e-02   1.8267654e-01  -2.5653772e+00  -1.8969916e-02  -9.8146088e-04   2.9048406e-03
  -3.1242295e-02   1.1935223e-01  -2.4194978e+00  -1.9468753e-02  -1.2388110e-03   3.0247590e-03
  -1.1258443e-01   8.3056419e-02  -1.7627549e+00  -1.1568881e-02   2.1856243e-03   3.8216219e-03
  -1.2266220e-01   6.3039191e-02  -2.0458432e+00  -1.6295399e-02   1.1430809e-03   4.1919379e-03
  -1.0303785e-01   9.7926763e-02  -1.6870117e+00  -9.9929398e-03   3.5502100e-03   4.1391098e-03
  -8.3348930e-02   5.9728881e-02  -1.9728870e+00  -1.0359645e-02   2.5601804e-03   4.0884451e-03
   1.4797526e-02   2.7506686e-01  -2.0504527e+00  -1.7847261e-02  -3.5208722e-03   2.8498138e-03
   1.9696303e-02   2.3463977e-01  -1.9696935e+00  -1.2988540e-02  -3.6952196e-03   3.2224745e-03
  -2.7290885e-02   2.3794115e-01  -2.2831016e+00  -1.6394005e-02  -3.5982367e-03   3.7134111e-03
  -3.4114500e-02   1.0550639e-01  -1.6242829e+00  -5.8750688e-03  -3.7633628e-03   3.0266971e-03
  -9.3913387e-02   1.4179715e-01  -2.3962491e+00  -1.5087801e-02  -8.2707504e-04   3.5969529e-03
  -1.1781255e-01   1.4882011e-01  -2.6855668e+00  -1.8511987e-02  -8.6667240e-05   3.9658407e-03
  -1.0923565e-01   1.4730236e-01  -2.6980442e+00  -1.8353117e-02   3.4092599e-04   3.9009406e-03
  -1.0175489e-01   1.1526805e-01  -2.5392078e+00  -1.6906847e-02   7.8427967e-04   3.7625573e-03
  -1.1745825e-01   1.2486767e-01  -2.4640314e+00  -1.6953507e-02   5.6933809e-04   3.7192532e-03
  -1.1776093e-01   1.4280805e-01  -2.4864326e+00  -1.7765957e-02   6.1519419e-04   3.5358978e-03
  -4.9833399e-02   1.1803323e-01  -1.8344500e+00  -8.6713971e-03   2.3968255e-03   2.6623211e-03
  -1.3152203e-01   1.1664532e-01  -2.5452047e+00  -1.6743869e-02   3.2292024e-03   3.9496470e-03
  -2.3542907e-02   2.8441234e-01  -2.2700586e+00  -2.2550921e-02  -3.2804743e-04   2.8964482e-03
   3.1090998e-02   1.3351657e-01  -1.8127154e+00  -1.0829694e-02  -5.3081933e-03   2.1012480e-03
  -7.6793975e-02   4.0152779e-02  -1.5472755e+00  -1.3596943e-02  -9.4151193e-04   3.7594309e-03
  -5.0068110e-03   7.6467414e-02  -2.1058781e+00  -1.5528150e-02  -2.2374377e-03   3.1487532e-03
  -5.4892528e-02   8.8996319e-02  -1.9443914e+00  -8.8709247e-03   4.0176020e-03   3.8802636e-03
   3.6246163e-02   1.5075798e-01  -1.9688087e+00  -1.8235704e-03   2.1199242e-03   2.0380946e-03
  -1.2542866e-01   2.2699143e-01  -2.9342116e+00  -1.8538348e-02   2.1229268e-03   4.3468773e-03
  -1.0319554e-01   1.6360794e-01  -1.7657042e+00  -9.7171706e-03   4.4284089e-03   3.8771350e-03
  -1.0824078e-01   1.3512581e-01  -2.7770124e+00  -1.8122449e-02   3.9230147e-03   3.4502391e-03
  -1.3399710e-01   1.3846937e-01  -2.9608036e+00  -1.9691308e-02   4.1253610e-03   3.9936182e-03
  -1.5985203e-01   1.3655707e-01  -3.0445414e+00  -2.0839745e-02   3.6621842e-03   4.5327454e-03
  -1.3455947e-01   1.3728479e-01  -2.3145609e+00  -2.0804755e-02   9.0947859e-04   4.0505533e-03
  -3.0698898e-01   1.3058557e-01  -4.4535666e+00  -3.3639374e-02  -5.3591990e-03   7.5174700e-03
  -3.5798363e-01   5.7244580e-02  -5.1216971e+00  -3.0376967e-02  -8.8306851e-03   8.2536748e-03
  -3.0011524e-01   9.3016111e-02  -4.8685692e+00  -2.8986210e-02  -7.4226932e-03   7.3742529e-03
  -2.9194608e-01   8.3154814e-02  -4.6660848e+00  -2.7916177e-02  -5.8910143e-03   7.2106933e-03
  -2.8015135e-01   8.1666166e-02  -4.6189786e+00  -2.7833547e-02  -5.5508071e-03   7.1752936e-03
  -2.6681722e-01   9.1618240e-02  -4.7181384e+00  -2.8559143e-02  -5.2764088e-03   6.8749281e-03
  -2.7345801e-01   4.4415737e-02  -4.5096547e+00  -2.5724752e-02  -5.3768034e-03   6.9530032e-03
  -3.6513432e-02   3.5006379e-02  -2.1643054e+00  -5.5448725e-03  -1.1052349e-03   2.7817178e-03
  -1.7185796e-01   8.6957399e-02  -3.3141464e+00  -1.8807892e-02   1.1600926e-03   4.8179843e-03
  -1.4998318e-01   1.3258295e-01  -3.5937897e+00  -2.2836018e-02   1.3950118e-03   3.9807145e-03
  -2.9939233e-02   1.7438981e-01  -2.4182735e+00  -2.0791604e-02  -1.8448887e-03   4.1636188e-03
  -1.2550503e-01   1.8463723e-01  -3.2702103e+00  -2.2532711e-02  -4.5164211e-03   5.4615773e-03
  -1.4272651e-01   1.9816116e-01  -3.1728341e+00  -2.1670782e-02  -2.2076384e-03   5.3907424e-03
  -1.3859860e-01   1.7631903e-01  -3.3953348e+00  -2.4080529e-02  -2.1137785e-03   5.2815524e-03
  -1.8518477e-01   1.7350405e-02  -1.8253810e+00  -1.3924425e-02   6.3704264e-03   4.5327423e-03
  -9.4400411e-02   6.4735384e-02  -2.3319622e+00  -1.3738387e-02   5.3711364e-03   3.0828379e-03
  -1.3568253e-01   7.3385364e-02  -2.6337552e+00  -1.7918660e-02   5.0700360e-03   3.5462427e-03
  -1.3370985e-01   9.8062327e-02  -2.8355039e+00  -2.0189816e-02   4.5778225e-03   3.4296233e-03
  -6.9052438e-02   1.1786608e-01  -1.9883393e+00  -7.8993725e-03   3.5879070e-03   2.8492872e-03
  -1.4741530e-01   8.5825990e-02  -3.0347469e+00  -1.9320189e-02   4.5366296e-03   3.6825700e-03
  -1.2025818e-01   1.5600035e-01  -3.0994983e+00  -2.0578190e-02   4.1814129e-03   3.5690693e-03
  -1.3775403e-02   4.6714695e-01  -3.4033069e+00  -3.5738642e-02   3.1504779e-04   2.3838030e-03
  -7.0803019e-02   2.7490943e-01  -2.6143066e+00  -2.0124416e-02   1.7454501e-03   2.5687130e-03
  -9.0940214e-02   2.3281381e-01  -2.5976397e+00  -1.9611617e-02   9.0639397e-04   3.1084603e-03
  -1.0092578e-01   3.2515252e-02  -1.7104267e+00  -1.4547642e-02  -2.4063952e-04   3.5057268e-03
  -6.0809372e-02  -3.2087033e-02  -1.8527379e+00  -1.0313853e-02   7.1639752e-04   1.8980814e-03
  -7.4193239e-02  -3.0306441e-02  -1.9304305e+00  -7.9935433e-03  -3.6921824e-03   2.3625783e-03
  -2.8503178e-02   4.2983337e-02  -2.0856242e+00  -8.5983251e-03  -4.4648166e-03   2.0258663e-03
  -5.9730202e-02   7.1988643e-02  -2.4181515e+00  -1.2235515e-02  -4.4613749e-03   2.5609233e-03
  -7.3817562e-02   2.5864661e-02  -2.6447307e+00  -1.6496516e-02  -6.0845394e-03   3.3519160e-03
  -6.1898355e-02   4.8926408e-02  -2.5576148e+00  -1.0392557e-02   6.8413557e-04   3.6939052e-03
  -9.1358598e-02   9.3472442e-02  -2.6469876e+00  -1.3420606e-02   7.4197172e-04   4.4911091e-03
  -1.3296836e-01   9.1882237e-02  -2.9415615e+00  -1.6085063e-02   1.2361314e-03   4.7905058e-03
  -9.1435049e-02   2.9676490e-01  -3.1577713e+00  -2.3278024e-02  -1.4870280e-03   4.4775124e-03
  -1.5058789e-01   1.9309941e-01  -3.0874544e+00  -2.0695935e-02  -2.4517895e-04   4.4956914e-03
  -1.4005411e-01   2.0469028e-01  -3.2365797e+00  -2.3646515e-02  -2.5679905e-04   4.7780809e-03
  -1.1673433e-01   1.4026355e-01  -2.6377019e+00  -1.5240428e-02   1.1987493e-03   3.4105692e-03
  -1.1608257e-01   1.8704820e-01  -2.8871744e+00  -1.6006435e-02   9.2624200e-04   3.8063943e-03
  -1.5149043e-01   2.0684179e-01  -3.2381535e+00  -2.0706536e-02   9.8551318e-04   3.9918300e-03
  -4.4720197e-02   1.6420665e-01  -1.8732653e+00  -6.8013552e-03   2.3572831e-03   1.9653022e-03
  -1.1933333e-01   1.2032280e-01  -2.9954362e+00  -1.7505351e-02   3.2934728e-03   2.8780241e-03
  -1.3254603e-01   1.1986400e-01  -3.1021648e+00  -1.8636951e-02   3.4694685e-03   3.0580486e-03
  -1.4995026e-01   1.4822060e-01  -3.2108261e+00  -2.0510353e-02   3.5823597e-03   3.2003042e-03
  -1.7028181e-01   1.1781888e-01  -3.2544719e+00  -2.0876995e-02   3.4048652e-03   3.8484045e-03
  -1.5585378e-01   1.4760357e-01  -3.2821105e+00  -2.0987629e-02   3.2609308e-03   3.4447212e-03
  -1.1466708e-01   1.1911395e-01  -2.3633408e+00  -1.8227493e-02   8.8588894e-04   3.5240215e-03
  -5.5900875e-02   1.9119450e-01  -2.6062060e+00  -1.7557300e-02   3.6395163e-03   3.0563224e-03
  -1.9242729e-01   3.7035141e-02  -2.0767755e+00  -1.4204689e-02   7.3215624e-03   3.9590182e-03
  -1.3993095e-01   1.0977051e-01  -3.1247766e+00  -1.8767411e-02   3.9689381e-03   3.4210336e-03
  -1.5845951e-01   1.0275512e-01  -3.3249149e+00  -2.0226024e-02   4.6261714e-03   3.9404419e-03
  -1.8363781e-01   1.5014812e-01  -3.4663311e+00  -2.2626158e-02   4.9552207e-03   4.1521341e-03
  -1.8572940e-01   1.5648723e-01  -3.5422517e+00  -2.3100684e-02   4.8453210e-03   4.2142895e-03
  -1.5907351e-01   1.6810191e-01  -3.5338454e+00  -2.3060872e-02   4.5181308e-03   4.3485513e-03
  -1.6220108e-01   1.7307734e-01  -3.2131194e+00  -2.1930241e-02   4.1391702e-03   4.2442608e-03
  -1.4401117e-01   6.7988399e-02  -3.3534872e+00  -2.6825642e-02   4.0978677e-03   3.7114920e-03
  -8.7977822e-02   1.2514335e-01  -3.1358809e+00  -1.9041476e-02   5.0749326e-03   3.0892270e-03
  -4.8185916e-02   4.8390896e-01  -3.6159067e+00  -3.7580707e-02   7.1958369e-05   2.8400916e-03
  -6.1014220e-03   2.6493012e-01  -2.2481925e+00  -1.6425011e-02   1.2192120e-03   1.4235204e-03
  -1.1808935e-01   2.3006241e-01  -3.0172625e+00  -2.1014427e-02   2.2304311e-03   3.4695203e-03
  -8.7218189e-02   1.0612455e-01  -2.0088241e+00  -1.4951165e-02   6.2896559e-03   3.6564224e-03
  -1.0848214e-01   1.2940476e-01  -2.8934692e+00  -1.7459289e-02   2.0794035e-03   4.6051866e-03
  -1.3329100e-01   8.3317554e-02  -3.0586763e+00  -1.6885685e-02   2.6384851e-03   4.8419140e-03
  -1.3517242e-01   1.1618379e-01  -3.1565481e+00  -1.8299678e-02   3.0540606e-03   4.6910902e-03
  -1.3438791e-01   9.3623724e-02  -3.4699210e+00  -2.7696162e-02   2.3995245e-03   5.0678276e-03
  -6.6959091e-02   4.7812221e-02  -2.0381761e+00  -9.2225348e-03   5.4513824e-03   4.4123319e-03
  -9.5588691e-02   5.5581655e-02  -2.3586596e+00  -1.3112232e-02   5.2677944e-03   4.7441792e-03
  -1.4131570e-01   5.4628884e-02  -2.4875692e+00  -1.5303760e-02   5.6833183e-03   5.7160333e-03
  -7.3856621e-02   3.7356198e-02  -2.5452482e+00  -1.3204305e-02   4.5116546e-03   3.9338474e-03
  -5.6064202e-03   4.8199162e-01  -3.3050388e+00  -3.3208983e-02   1.7598157e-03   4.0041278e-03
  -3.9820715e-02   2.8646141e-01  -2.7627963e+00  -2.0850609e-02  -1.5844316e-03   3.9331411e-03
  -7.4089670e-02   2.9156370e-01  -2.9534581e+00  -2.4000610e-02   4.1594147e-04   3.9914911e-03
  -6.4525265e-02   2.9928594e-01  -3.0006207e+00  -2.4889394e-02   7.7681046e-04   4.1283391e-03
  -3.9577347e-02   1.9531448e-01  -2.5910722e+00  -1.5586018e-02   1.1790261e-03   2.5367311e-03
  -1.0896773e-01   1.9113269e-01  -3.0399957e+00  -2.1533592e-02   3.7585479e-03   3.7196535e-03
  -1.3439373e-01   2.1878531e-01  -3.2069834e+00  -2.3727794e-02   3.4278682e-03   4.1764643e-03
  -1.2772477e-01   2.3021148e-01  -3.3389066e+00  -2.4467446e-02   3.3333412e-03   3.9961845e-03
  -1.3891173e-01   1.4568333e-01  -3.3486817e+00  -2.7500466e-02   2.0599961e-03   5.1524950e-03
  -5.5488747e-02   1.0470486e-01  -2.3691260e+00  -1.2063425e-02   4.6842998e-03   3.0254731e-03
  -1.2627856e-01   6.7702052e-02  -2.9037071e+00  -1.9065337e-02   4.9051597e-03   4.3117232e-03
  -9.8231483e-02   8.2074336e-02  -3.1031476e+00  -1.7137609e-02   5.3309391e-03   3.2395489e-03
  -1.2013098e-01   9.8194211e-02  -3.3517251e+00  -1.8996613e-02   5.6661057e-03   3.9565141e-03
  -1.3908744e-01   1.3852471e-01  -3.4696584e+00  -2.0408591e-02   4.6464063e-03   4.4035123e-03
  -1.4884385e-01   1.2961373e-01  -3.5684861e+00  -2.1627198e-02   4.3141391e-03   4.3286561e-03
  -9.0121231e-02   1.2954803e-01  -2.3505112e+00  -1.1374830e-02   6.1861774e-03   4.0384983e-03
  -1.1695189e-01   1.1297176e-01  -3.0534155e+00  -1.8954823e-02   5.1706682e-03   4.0334819e-03
  -1.1439130e-01   1.1835110e-01  -3.1636636e+00  -1.9013989e-02   4.6318799e-03   3.8183885e-03
  -1.2635893e-01   1.3077328e-01  -3.2903058e+00  -2.0714941e-02   4.7820259e-03   4.0616525e-03
  -1.2920834e-01   1.5309331e-01  -3.3550874e+00  -2.1818408e-02   4.7327561e-03   4.0596224e-03
  -6.6302622e-02   1.0454150e-01  -3.0030573e+00  -1.5975138e-02   5.1356356e-03   3.1403840e-03
  -6.3828223e-02   1.0936284e-01  -2.0866748e+00  -8.7150741e-03   4.6755592e-03   3.1544098e-03
  -1.1139956e-01   1.2361719e-01  -3.2663248e+00  -1.9144842e-02   5.2585731e-03   3.5563486e-03
  -1.2470630e-01   1.0543476e-01  -3.3812231e+00  -2.0302088e-02   4.5129607e-03   4.0196011e-03
  -1.0724431e-01   1.2226604e-01  -2.4756169e+00  -1.3336509e-02   5.5217982e-03   4.1010986e-03
  -1.4538857e-01   1.2604114e-01  -3.4336746e+00  -2.0537293e-02   4.0335659e-03   4.4178034e-03
  -2.2062314e-01   3.3224135e-02  -2.9617323e+00  -2.3365033e-02   5.7890636e-03   5.3619708e-03
  -1.3466555e-01   1.3260095e-01  -3.5365552e+00  -2.0861707e-02   5.4902494e-03   4.0327489e-03
  -1.5615141e-01   1.3531677e-01  -3.6515933e+00  -2.2226342e-02   6.0752025e-03   4.4871182e-03
  -1.5222988e-01   1.7027642e-01  -3.7288241e+00  -2.3463912e-02   5.1280716e-03   4.5134673e-03
  -2.0985394e-01  -2.8732701e-02  -3.6080929e+00  -3.1781404e-02   6.7156869e-03   4.9758458e-03
  -1.3228129e-01   1.1122759e-01  -3.2552865e+00  -1.9279664e-02   5.4204894e-03   3.6210438e-03
  -1.1836538e-01   9.5910455e-02  -3.2847274e+00  -1.8786099e-02   5.8049262e-03   3.5906548e-03
  -1.4848151e-01   1.4101932e-01  -3.5884283e+00  -2.2560875e-02   5.9110959e-03   4.0330049e-03
  -1.4209262e-01   1.2467267e-01  -3.6096428e+00  -2.2504200e-02   5.7087622e-03   4.0965050e-03
  -1.4402811e-01   1.3837502e-01  -3.6500815e+00  -2.3100076e-02   5.6075070e-03   4.4393822e-03
  -9.9235670e-02   1.7513841e-01  -2.1527288e+00  -1.2600064e-02   7.7114341e-03   3.5418215e-03
  -4.2096994e-02   2.5353738e-01  -2.8979879e+00  -1.9833943e-02  -4.9952569e-04   3.4980109e-03
  -1.4193948e-01   2.7311800e-01  -3.0863763e+00  -2.2656720e-02   1.4569721e-03   4.6898985e-03
  -1.0188269e-01   6.6901646e-02  -3.2939426e+00  -2.2329713e-02   1.8860372e-03   4.2936880e-03
  -7.3416125e-02   3.4138372e-01  -3.7221505e+00  -2.7712054e-02   5.6036519e-03   2.5237037e-03
  -8.0925932e-02   2.9446472e-01  -3.7267615e+00  -2.6223792e-02   4.1923131e-03   2.7757828e-03
  -1.1132787e-01   2.7600397e-01  -3.6763746e+00  -2.5668835e-02   4.8527184e-03   3.1658884e-03
  -1.2696201e-01   2.9844316e-01  -3.7750467e+00  -2.8191481e-02   4.7108626e-03   3.0011122e-03
  -1.2163285e-01   2.1746378e-01  -3.1083651e+00  -2.0737885e-02   6.7303959e-03   2.5644095e-03
  -1.3938515e-01   1.9032094e-01  -3.3658388e+00  -2.2572041e-02   6.4771252e-03   2.9957253e-03
  -1.4275391e-01   1.9499955e-01  -3.4993799e+00  -2.3819203e-02   6.6760654e-03   2.9885702e-03
  -1.4426321e-01   1.9845955e-01  -3.6083295e+00  -2.4827038e-02   6.4975410e-03   2.9893486e-03
   2.8523004e-02   5.7357049e-01  -3.4293860e+00  -3.4728364e-02   1.8629509e-03   1.6310888e-03
  -6.7731600e-02   3.9585603e-01  -3.4329259e+00  -2.9643900e-02   2.3491095e-04   3.3512676e-03
  -8.5666950e-02   3.8071452e-01  -3.4728913e+00  -2.9238998e-02   9.4937050e-04   3.7087460e-03
  -1.4598141e-01   8.7286225e-02  -3.3854659e+00  -2.8631187e-02   4.7815962e-03   4.0369311e-03
  -1.7872581e-01   2.1066456e-01  -3.3176490e+00  -2.2843051e-02   5.3223638e-03   3.8370663e-03
  -1.8656117e-01   1.5470717e-01  -3.5625379e+00  -2.2463968e-02   5.5407837e-03   4.6801759e-03
  -1.8696707e-01   1.9949927e-01  -3.7403274e+00  -2.3821514e-02   5.0705134e-03   4.8732699e-03
  -2.1001261e-01   2.0560507e-01  -3.8602001e+00  -2.5509236e-02   4.6209636e-03   5.2937756e-03
  -2.1057109e-01   2.0417239e-01  -3.8840895e+00  -2.5799555e-02   4.2690710e-03   5.5695940e-03
  -1.7928639e-01   1.5735082e-01  -3.1376926e+00  -1.9005098e-02   6.4537525e-03   6.0243358e-03
  -1.7951590e-01   8.7323211e-02  -4.2530038e+00  -1.5372858e-02  -3.1310729e-03   6.7573769e-03
  -2.8867991e-01   1.7573336e-01  -5.1762501e+00  -2.9267044e-02  -6.5409164e-03   9.0245655e-03
  -2.5597201e-01   1.9438129e-01  -5.0761497e+00  -2.8442994e-02  -5.7139632e-03   8.5295306e-03
  -2.2053178e-01   1.5224569e-01  -3.8170002e+00  -2.9005877e-02   2.0198479e-03   6.8686461e-03
  -1.4282693e-01   1.3033291e-01  -3.6879316e+00  -2.1347874e-02   1.9819197e-03   5.4629866e-03
  -1.6744290e-01   1.3077129e-01  -3.8504114e+00  -2.2653797e-02   2.7586813e-03   5.8139058e-03
  -1.7171943e-01   1.4851208e-01  -3.9947365e+00  -2.4767047e-02   2.2110547e-03   5.8729269e-03
  -2.2423947e-01   1.2906544e-01  -3.5095707e+00  -2.5914302e-02   4.1283880e-03   6.1236784e-03
  -1.9156077e-01   1.5196378e-01  -3.8351295e+00  -2.2482232e-02   3.4545315e-03   5.5867132e-03
  -1.9785985e-01   1.3815691e-01  -3.9888040e+00  -2.4144562e-02   3.6691569e-03   6.1706281e-03
  -1.3034939e-01   2.7873968e-01  -4.0570103e+00  -2.7724341e-02  -3.2355311e-04   6.5581236e-03
  -1.6844922e-01   2.4519113e-01  -4.0720089e+00  -2.6901824e-02   1.0542105e-03   6.6502941e-03
  -1.8485219e-01   2.4503504e-01  -4.0378119e+00  -2.6616894e-02   7.7182584e-04   7.0101672e-03
  -1.2774633e-02   5.5311321e-01  -3.9361209e+00  -3.4495536e-02  -1.1731219e-03   3.5751573e-03
  -1.6115970e-01   1.1941332e-01  -3.8529785e+00  -9.4607160e-03  -3.0982120e-03   6.8724287e-03
  -1.8413591e-01   1.2610764e-01  -5.1262827e+00  -2.1852811e-02  -6.9987257e-03   7.9211986e-03
  -2.6768776e-01   2.3013853e-01  -5.6640373e+00  -3.2298273e-02  -6.2468300e-03   8.4797297e-03
  -4.0484068e-01   1.5351588e-01  -3.6480671e+00  -2.8302763e-02   3.7331654e-03   9.1507148e-03
  -1.7558610e-01   1.2315583e-01  -3.7057948e+00  -2.0582169e-02  -2.7262353e-04   6.1622801e-03
  -1.9378597e-01   9.6070752e-02  -3.8374462e+00  -2.1511659e-02  -7.0902498e-04   6.5414668e-03
  -1.9752466e-01   1.2411892e-01  -3.9585967e+00  -2.3344942e-02  -5.5739302e-04   6.5201505e-03
  -1.9457723e-01   8.2372904e-02  -3.9486510e+00  -2.2802476e-02  -1.0670770e-04   6.0615398e-03
  -2.1727873e-01   1.2584947e-01  -3.9962698e+00  -2.3933157e-02  -3.9099981e-04   6.4502063e-03
  -2.1842395e-01   1.2541319e-01  -3.9354491e+00  -2.3025226e-02  -5.7569706e-05   6.7992794e-03
  -2.2323940e-01   1.2886459e-01  -3.9554071e+00  -2.3599569e-02  -3.7478422e-05   6.8199575e-03
  -2.2862715e-01   1.0581809e-01  -3.3113356e+00  -2.3352985e-02   4.0570020e-03   6.2554388e-03
  -1.8528950e-01   9.8022084e-02  -3.2837917e+00  -1.9889977e-02   3.7291473e-03   5.1461437e-03
  -2.1981331e-01   1.1457491e-01  -3.6118180e+00  -2.0854351e-02   2.2178966e-03   5.7819648e-03
  -1.5427357e-01   1.5342025e-01  -3.2848070e+00  -2.0543167e-02   3.6265404e-03   4.6556970e-03
  -1.6214681e-01   1.5108349e-01  -3.1988109e+00  -2.1757511e-02   5.3473510e-03   4.6853966e-03
  -1.5592787e-01   1.2329763e-01  -3.4122290e+00  -2.0148576e-02   3.0826231e-03   4.6832986e-03
  -1.7299390e-01   1.1910941e-01  -3.5285775e+00  -2.2608401e-02   3.1093759e-03   4.9950541e-03
  -1.9780186e-01   1.0884175e-01  -3.5695860e+00  -2.2244100e-02   2.1381571e-03   5.6243816e-03
  -1.6779101e-01   8.3123891e-02  -2.7196753e+00  -1.4952334e-02   1.6844100e-03   4.0694655e-03
  -1.6651067e-01   1.2067635e-01  -3.0143953e+00  -1.7461969e-02   2.1976678e-03   4.2558575e-03
  -1.9365735e-01   1.1724582e-01  -3.2152664e+00  -1.8809403e-02   2.2671967e-03   4.4859244e-03
  -1.2837907e-01   2.1426177e-01  -3.4056377e+00  -2.2955193e-02   3.1153145e-03   4.6199936e-03
  -7.4510607e-02   3.3226124e-01  -3.2356913e+00  -2.7745865e-02   4.8381635e-04   2.8229617e-03
  -1.5927187e-01   2.9308575e-01  -3.0934789e+00  -2.3123309e-02   1.3230817e-03   4.2745907e-03
  -1.7156001e-01   1.7182090e-01  -3.4190829e+00  -2.6603699e-02   3.0858085e-03   4.9490468e-03
  -1.2919021e-01   2.5137743e-01  -3.2387962e+00  -2.2008246e-02   3.8219187e-03   3.5339978e-03
  -2.1234344e-01   2.4069298e-01  -3.4578918e+00  -2.3545112e-02   3.5477152e-03   4.6180805e-03
  -1.8650317e-01   2.5618431e-01  -3.5963851e+00  -2.4189595e-02   3.7788148e-03   4.3601782e-03
  -2.1056081e-01   2.5278581e-01  -3.7333951e+00  -2.7135323e-02   3.9828660e-03   4.6901002e-03
  -1.7299882e-01   2.5075586e-01  -3.6782397e+00  -2.4791350e-02   3.7517906e-03   4.1022274e-03
  -1.8754882e-01   2.6734453e-01  -3.7290481e+00  -2.6251217e-02   4.0459097e-03   4.5621481e-03
  -9.4803510e-02   1.7004584e-01  -3.1559273e+00  -1.8726909e-02   4.4963314e-03   4.3634622e-03
  -6.1265556e-02   2.9125173e-01  -3.5167963e+00  -2.4649726e-02   5.2266268e-03   3.2539694e-03
  -1.3037862e-01   3.0217163e-01  -3.2180282e+00  -1.4294040e-02   3.3874635e-03   5.3961401e-03
  -3.5657555e-01   2.1111070e-01  -5.4968250e+00  -3.6661977e-02  -3.7235159e-03   8.3563326e-03
  -2.3386295e-01   1.9833036e-01  -4.8819744e+00  -2.6656757e-02  -3.6383204e-03   6.6710433e-03
  -1.1454608e-01   2.4942183e-01  -3.4738006e+00  -2.0393853e-02   2.2181966e-03   4.0902174e-03
  -1.8877073e-01   1.9158839e-01  -3.8822350e+00  -2.2995605e-02   3.0689051e-03   4.5714369e-03
  -2.0403715e-01   2.0272906e-01  -4.0371257e+00  -2.4875635e-02   3.2376742e-03   4.8362742e-03
  -2.0654236e-01   1.7439641e-01  -4.1078426e+00  -2.5477720e-02   3.2984501e-03   4.8768181e-03
  -2.0987257e-01   2.0186730e-01  -4.1474184e+00  -2.6502436e-02   3.4902159e-03   4.9174471e-03
  -2.1353424e-01   1.9500409e-01  -3.5011419e+00  -2.6094228e-02   5.8260166e-03   5.1669516e-03
  -1.9457260e-01   1.6442107e-01  -3.5660788e+00  -2.1970635e-02   4.6143336e-03   4.9000001e-03
  -2.0358276e-01   1.5730159e-01  -3.7267031e+00  -2.3871738e-02   5.1049222e-03   4.8543938e-03
  -2.1312480e-01   1.8680286e-01  -3.9325799e+00  -2.5634997e-02   4.6915469e-03   5.1500889e-03
  -1.6275036e-01   1.8210405e-01  -3.4483585e+00  -2.0102299e-02   2.1988041e-03   4.6841212e-03
  -2.0293398e-01   1.8721031e-01  -3.6024736e+00  -2.1368623e-02   2.2838476e-03   5.3215323e-03
  -1.8824669e-01   1.8473114e-01  -3.7086088e+00  -2.2646070e-02   1.9386292e-03   5.4067707e-03
  -2.1693219e-01   1.7409510e-01  -3.8051770e+00  -2.3577156e-02   1.5367734e-03   5.9393214e-03
  -2.1374179e-01   1.4527963e-01  -3.6888621e+00  -2.1309863e-02   1.8957748e-03   5.6684807e-03
  -1.3418313e-01   1.6210937e-01  -2.6358887e+00  -1.6920055e-02   8.1063161e-03   4.8688610e-03
  -1.5143638e-01   1.3470162e-01  -3.1015803e+00  -1.7365734e-02   5.6550728e-03   5.3148783e-03
  -1.8412258e-01   1.4587231e-01  -3.4873348e+00  -2.2631694e-02   6.1283730e-03   5.5291811e-03
  -1.9679994e-01   1.5710211e-01  -3.3634686e+00  -2.0383071e-02   5.7291307e-03   5.8106510e-03
  -1.6880152e-01   1.3017945e-01  -3.4108903e+00  -2.0840865e-02   5.3479182e-03   5.5814150e-03
  -1.6573178e-01   1.4197718e-01  -3.6232469e+00  -2.8174290e-02   5.3441349e-03   5.8171747e-03
  -1.4479778e-01   1.5905999e-01  -3.1698780e+00  -1.7110212e-02   6.3932568e-03   4.3137183e-03
  -1.8303544e-01   1.4563812e-01  -3.4497531e+00  -1.9115116e-02   6.3490088e-03   4.9025490e-03
  -2.1578718e-01   1.2130836e-01  -3.7123406e+00  -2.3711713e-02   4.5812267e-03   5.9264239e-03
  -9.7130527e-02   1.1829053e-01  -3.1374584e+00  -1.6410111e-02   4.5535252e-03   3.3821942e-03
  -1.5923606e-01   1.3248348e-01  -3.3358703e+00  -1.7134449e-02   4.6525781e-03   4.2072000e-03
  -1.8028508e-01   1.6863965e-01  -3.5236943e+00  -1.9602770e-02   4.8634227e-03   4.7269716e-03
  -1.7898438e-01   1.7480955e-01  -3.6044775e+00  -1.9726609e-02   4.9446220e-03   4.7548547e-03
  -1.8451295e-01   1.8275530e-01  -3.6522875e+00  -2.0485041e-02   4.4876145e-03   5.2146805e-03
  -1.9789046e-01   1.8263441e-01  -3.6946381e+00  -2.1684512e-02   4.7246785e-03   5.5171732e-03
  -1.7474551e-01   1.3049195e-01  -3.5818583e+00  -1.9863888e-02   5.0430778e-03   5.0077058e-03
  -1.9574515e-02   4.8786089e-01  -3.6542738e+00  -2.9112089e-02   2.1100944e-03   4.4879799e-03
  -2.1618045e-02   3.9238673e-01  -3.2487767e+00  -2.2957101e-02   1.1415676e-03   4.4240795e-03
  -1.0664082e-01   3.5471162e-01  -3.3945260e+00  -2.4878093e-02   8.8556478e-04   5.4354557e-03
  -9.6935646e-02   2.1875489e-01  -2.4659259e+00  -1.6495306e-02   6.5413690e-03   4.0506839e-03
  -1.2823118e-01   1.4245297e-01  -2.7024845e+00  -1.5172019e-02   5.8418267e-03   3.9285397e-03
  -1.4718165e-01   1.4828227e-01  -2.9017125e+00  -1.9093401e-02   6.6022146e-03   4.1058669e-03
  -1.2143981e-01   1.2510245e-01  -2.5683315e+00  -1.2985939e-02   6.7723520e-03   3.8786365e-03
  -1.3723415e-01   1.5296617e-01  -3.1798570e+00  -1.7851108e-02   4.9453628e-03   4.0907120e-03
  -1.4170546e-01   1.3561780e-01  -3.2342867e+00  -1.8294676e-02   5.2701698e-03   4.4904185e-03
  -1.6588706e-01   1.0204947e-01  -2.2415734e+00  -1.4588574e-02   8.1766832e-03   3.9927865e-03
   2.5069846e-02   1.0650679e-01  -2.6779900e+00  -5.8106022e-03   3.4711225e-03   2.7072501e-03
  -1.0342476e-01   8.8663809e-02  -3.4001835e+00  -1.6922445e-02   4.5757160e-03   4.2566822e-03
  -7.4512671e-02   3.3965366e-01  -3.4826837e+00  -2.6261007e-02   2.6490159e-03   4.3480664e-03
  -1.1348656e-01   2.7758872e-01  -3.3390372e+00  -2.1888979e-02   2.5641059e-03   4.8157944e-03
  -1.4685165e-01   2.8133098e-01  -3.5555857e+00  -2.3448880e-02   2.8415838e-03   5.3002162e-03
  -1.5407151e-01   2.0302928e-01  -3.7045943e+00  -2.5840009e-02   2.0110956e-03   5.7774116e-03
  -1.2910992e-01   1.1122671e-01  -2.5653192e+00  -1.1992615e-02   3.5556094e-03   3.2990737e-03
  -1.6429660e-01   1.1111866e-01  -2.9655970e+00  -1.7245469e-02   5.1113844e-03   3.9329122e-03
  -1.5090941e-01   1.3385444e-01  -2.9885657e+00  -1.6996245e-02   5.4270435e-03   3.7266829e-03
  -1.5768355e-01   1.6699026e-01  -3.2549511e+00  -1.9491398e-02   5.9267156e-03   3.7896108e-03
  -1.7769952e-01   1.5170506e-01  -3.2737502e+00  -2.0444953e-02   5.3042890e-03   4.2511534e-03
  -1.3828387e-01   1.1932507e-01  -3.0171550e+00  -1.6728855e-02   6.3328030e-03   3.6025421e-03
  -1.5468781e-01   1.3720794e-01  -3.1765189e+00  -1.8501761e-02   6.3195808e-03   3.5645044e-03
  -9.1502043e-02   1.7629673e-01  -2.3516869e+00  -1.5787069e-02   7.3955289e-03   4.4965269e-03
   5.5879964e-02   3.6933493e-01  -2.7306116e+00  -2.0192074e-02   3.0486513e-03   2.1011361e-03
  -2.5418216e-03   3.4825452e-01  -2.7926188e+00  -2.1190488e-02   2.7211276e-03   3.1230247e-03
  -4.0663547e-02   2.8708540e-01  -2.8919318e+00  -2.0168498e-02   1.0544001e-03   3.1746011e-03
  -4.7628197e-02   6.1863966e-02  -4.5144944e+00   2.6576330e-03  -3.8421286e-04   4.1781810e-03
  -2.1770337e-01   1.4441317e-01  -3.3148438e+00  -1.8053150e-02   1.0973970e-02   6.8381674e-03
  -2.0819736e-01   2.1549950e-01  -4.4707582e+00  -2.4943791e-02   5.3785574e-05   6.5401209e-03
  -1.8506777e-01   1.6258495e-01  -4.2529772e+00  -2.2483856e-02   6.6829830e-04   6.2508376e-03
  -1.6044461e-01   1.2162313e-01  -4.1610970e+00  -2.2232301e-02   4.4425076e-04   6.1571420e-03
  -1.7584268e-01   1.3046540e-01  -3.7027507e+00  -2.1469641e-02  -1.0251945e-03   6.2113100e-03
  -1.8238287e-01   6.6497484e-02  -3.3482833e+00  -2.5093385e-02  -4.6736287e-04   5.5966981e-03
  -8.7934209e-02   8.3802181e-02  -3.1837205e+00  -1.6341304e-02  -1.6532482e-03   4.3070080e-03
  -8.0918081e-02   4.5223134e-01  -3.6242869e+00  -3.3807735e-02  -3.3518001e-03   4.7850683e-03
  -6.9227741e-02   3.1339229e-01  -3.2167516e+00  -2.3526881e-02  -3.3601106e-03   4.7545025e-03
  -9.9564982e-02   2.2857224e-01  -3.3180091e+00  -2.2846125e-02  -2.9743925e-03   5.7274551e-03
  -1.2098362e-01   2.5013487e-01  -3.2536413e+00  -2.0912229e-02  -3.9747776e-03   5.5629469e-03
  -1.5183847e-01   2.8789747e-01  -3.4191458e+00  -2.2358283e-02  -2.7459322e-03   5.7995075e-03
  -1.5955603e-01   3.6700722e-01  -3.5851479e+00  -2.6343041e-02  -2.0237072e-03   6.3647018e-03
  -1.3715948e-01   2.5320398e-01  -5.2013428e+00  -3.2026991e-02  -3.4873087e-04   5.9343395e-03
  -2.0753202e-01   3.1405323e-01  -4.9940855e+00  -2.9819664e-02   1.9265972e-03   7.4042521e-03
  -1.8006803e-01  -5.4216561e-02  -4.5517076e+00  -2.7631400e-02   1.9711709e-02   5.4834714e-03
  -1.6455841e-01   2.7714028e-01  -4.4412853e+00  -2.4626131e-02   5.0871544e-03   4.7544505e-03
  -1.7089767e-01   2.2427395e-01  -4.3359378e+00  -2.4638566e-02   3.0433649e-03   5.1088840e-03
  -1.7431481e-01   2.0061042e-01  -4.2890212e+00  -2.5641899e-02   3.8208895e-03   5.4864730e-03
  -1.0613509e-01   4.5274016e-01  -4.5227357e+00  -3.9166126e-02   2.7377793e-03   5.8647840e-03
  -9.6744317e-02   4.0320596e-01  -3.7313131e+00  -2.9293256e-02  -1.9720174e-03   5.5316681e-03
  -1.2550691e-01   3.5516265e-01  -3.6963153e+00  -2.8554575e-02  -8.8868243e-04   5.9651287e-03
  -1.4115196e-01   3.1852206e-01  -3.7300864e+00  -2.8572989e-02  -1.1043511e-03   6.1907047e-03
  -1.6350080e-01   3.3476376e-01  -3.7775057e+00  -2.8699383e-02  -1.7547771e-03   6.6696703e-03
  -1.4673494e-01   3.1502341e-01  -3.7596856e+00  -2.7883146e-02  -1.8654908e-03   6.6254113e-03
  -1.6140480e-01   3.4400543e-01  -3.8410231e+00  -2.9183726e-02  -1.0505626e-03   6.5724233e-03
  -1.7757869e-01   3.4179997e-01  -3.8680825e+00  -2.9708780e-02  -1.1509094e-03   6.7567317e-03
  -1.7965923e-01   3.3673198e-01  -3.9111207e+00  -2.9493131e-02  -7.3857731e-04   6.6549004e-03
  -1.8092037e-01   3.4132620e-01  -3.9866043e+00  -3.0612478e-02  -7.1317920e-04   6.6742474e-03
  -2.4712449e-01   2.1559182e-01  -3.8173428e+00  -3.1184736e-02   4.5463751e-03   7.1973292e-03
  -4.8608481e-01  -7.7472368e-02  -5.8477432e+00  -5.6790296e-02   2.1930461e-02   7.8873238e-03
  -7.2476897e-02  -7.8475562e-03  -3.1086696e+00  -2.7568861e-02   2.0737471e-02   3.4587710e-03
  -1.4957463e-01   2.2600881e-01  -3.8287472e+00  -2.1070814e-02   2.7148068e-03   3.3855023e-03
  -1.3933949e-01   1.8097674e-01  -3.8066939e+00  -2.0860975e-02   1.6978226e-03   3.4818409e-03
  -2.0199121e-01   4.9129779e-01  -4.1121486e+00  -3.4609672e-02   1.0250688e-02  -1.1010258e-03
  -1.3461761e-01   2.1648394e-01  -4.0434393e+00  -2.4944238e-02   4.9270815e-03   3.2352859e-03
  -1.4062546e-01   1.8462424e-01  -3.9540501e+00  -2.4134926e-02   3.4483599e-03   3.3593876e-03
  -1.4785175e-01   1.6500731e-01  -3.9817509e+00  -2.4164253e-02   4.2820293e-03   3.5204069e-03
  -1.5174912e-01   1.8178256e-01  -4.0157964e+00  -2.4745834e-02   4.1679173e-03   3.4469984e-03
  -1.5693288e-01   1.9743412e-01  -4.1167872e+00  -2.6236314e-02   5.5839862e-03   3.7632604e-03
  -1.4146762e-01   2.1507897e-01  -4.1166106e+00  -2.6405777e-02   6.0743225e-03   3.3762322e-03
  -1.4131259e-01   2.1268076e-01  -4.1251349e+00  -2.6226844e-02   6.2098207e-03   3.3233958e-03
  -1.3353250e-01   2.3442950e-01  -3.9164399e+00  -2.5744509e-02   8.1266465e-03   3.1515262e-03
  -1.8390816e-01   3.2585682e-01  -4.0328545e+00  -2.8538288e-02   1.1840065e-02   2.2839457e-03
  -1.3861301e-01   2.4153737e-01  -3.9380555e+00  -2.6427518e-02   1.0158690e-02   1.9388196e-03
  -1.5472074e-01   2.6533124e-01  -4.0768974e+00  -2.7701176e-02   9.9149293e-03   2.1629611e-03
  -1.3811217e-01   2.4525882e-01  -4.0597276e+00  -2.7198667e-02   1.0425950e-02   1.8409592e-03
  -1.4926017e-01   2.6264404e-01  -4.0867009e+00  -2.7840570e-02   1.0485291e-02   1.6895933e-03
  -1.5843988e-01   2.6878158e-01  -4.1152153e+00  -2.8312830e-02   1.0397538e-02   2.0136549e-03
  -1.5936887e-01   2.5521267e-01  -4.1151809e+00  -2.8114422e-02   1.0575549e-02   2.0381385e-03
  -1.6334263e-01   2.6917640e-01  -4.2209361e+00  -2.8327922e-02   9.9600016e-03   2.0456209e-03
  -1.7498227e-01   2.9620825e-01  -4.2875144e+00  -2.8924518e-02   1.0353412e-02   2.1509278e-03
  -1.6006625e-01   2.8433710e-01  -4.1956404e+00  -2.7230874e-02   9.7777854e-03   2.2867267e-03
  -1.6131223e-01   2.7297322e-01  -4.3102564e+00  -2.9227465e-02   9.8243170e-03   2.2454347e-03
  -1.7283280e-01   2.6731058e-01  -4.3538207e+00  -2.8382635e-02   8.8904891e-03   2.3355281e-03
  -4.4399084e-02   4.4981678e-01  -4.6707861e+00  -3.7606704e-02   9.1306842e-03  -5.6023591e-04
  -1.9181827e-02   3.2137300e-01  -4.0819491e+00  -3.0164542e-02   3.1290720e-03   1.1798452e-03
  -7.8661601e-02   4.1799836e-01  -3.7656694e+00  -2.6152245e-02   3.2608571e-03   2.2687468e-03
  -9.9185624e-02   3.7504846e-01  -3.8863511e+00  -2.6682407e-02   3.4959468e-03   2.5589588e-03
  -1.1422130e-01   3.9468440e-01  -3.9857163e+00  -2.8098472e-02   4.4693618e-03   2.5538024e-03
  -1.2839256e-01   3.8259330e-01  -4.0532303e+00  -2.8283074e-02   5.6710428e-03   2.7587321e-03
  -1.0338916e-01   4.5428552e-01  -4.3154609e+00  -3.0330907e-02   4.6861065e-03   2.4588950e-03
  -1.4297366e-01   3.6256746e-01  -4.1236291e+00  -2.8211315e-02   5.1670704e-03   3.0393643e-03
  -1.4593133e-01   3.7938288e-01  -4.1157738e+00  -2.7950362e-02   5.3283541e-03   3.0073708e-03
  -1.3862356e-01   3.8458579e-01  -4.1414739e+00  -2.8425686e-02   5.4625124e-03   2.8127131e-03
  -1.5332601e-01   3.6362292e-01  -4.1806775e+00  -2.8895925e-02   5.4329228e-03   3.1969604e-03
  -1.4081185e-01   3.4831887e-01  -4.2292480e+00  -2.8867562e-02   5.6469531e-03   3.1936046e-03
  -1.6322128e-01   3.0646990e-01  -3.6527093e+00  -2.4892864e-02   5.8896280e-03   4.0952151e-03
  -1.2011579e-01   2.3975685e-01  -3.3040891e+00  -2.4386708e-02   8.0049496e-03   4.6869609e-03
  -4.2445413e-01  -3.2856030e-01  -6.5028020e+00  -5.8451427e-02   1.6139698e-02   6.7704578e-03
  -1.1961617e-01   2.2609699e-01  -3.5997705e+00  -2.0410271e-02   6.6417132e-03   4.8957957e-03
  -1.9887979e-01   2.3120804e-01  -4.2133722e+00  -2.5730320e-02   2.1117075e-03   6.3135687e-03
  -1.9667168e-01   1.8725142e-01  -4.0930724e+00  -2.5116114e-02   2.4303825e-03   6.0337591e-03
  -1.7632640e-01   1.5405274e-01  -4.1264272e+00  -2.5712445e-02   2.7365524e-03   5.8177446e-03
  -1.7873361e-01   1.5917747e-01  -4.0892301e+00  -2.5273949e-02   2.6805141e-03   5.7771580e-03
  -1.9717628e-01   1.5673877e-01  -4.0968150e+00  -2.5291727e-02   3.0513095e-03   6.0612685e-03
  -2.0140586e-01   1.6315445e-01  -4.1034688e+00  -2.5158850e-02   3.9001496e-03   6.3027499e-03
  -1.9715098e-01   1.5267467e-01  -4.1078123e+00  -2.5731255e-02   3.6240592e-03   5.9053809e-03
  -1.9257737e-01   1.5564032e-01  -4.1028622e+00  -2.6294429e-02   3.6777636e-03   5.7478016e-03
  -1.3612084e-01   5.6420183e-01  -4.5685624e+00  -4.3279993e-02   2.4049774e-03   5.6630465e-03
  -7.1518420e-02   3.9105205e-01  -3.6971915e+00  -2.5315170e-02   1.9743609e-03   3.9388410e-03
  -1.5990237e-01   3.9303689e-01  -4.1286674e+00  -3.1583982e-02   2.7922042e-03   4.9149157e-03
  -1.4860763e-01   3.9849241e-01  -4.2525202e+00  -3.2382749e-02   2.6229891e-03   4.8396873e-03
  -1.6398504e-01   3.6410206e-01  -3.8772454e+00  -2.8779652e-02   4.0204351e-03   4.5728542e-03
  -1.2701926e-01   3.6542603e-01  -4.0705684e+00  -2.9156075e-02   3.0994003e-03   3.6836297e-03
  -1.4134126e-01   3.5690378e-01  -4.1430357e+00  -3.1034836e-02   4.0935861e-03   3.7055426e-03
  -1.3394562e-01   3.7045744e-01  -4.2135220e+00  -2.9727917e-02   4.5541895e-03   3.4807642e-03
  -1.4610599e-01   3.4356459e-01  -4.2432963e+00  -2.9928142e-02   3.7998535e-03   3.7907851e-03
  -1.4392852e-01   3.5873903e-01  -4.2864157e+00  -3.0723137e-02   4.1150398e-03   3.7713561e-03
  -1.4422738e-01   3.1264387e-01  -3.8759699e+00  -2.6954504e-02   4.2554115e-03   3.4368048e-03
  -1.3991996e-01   3.4846167e-01  -4.0558998e+00  -2.8543090e-02   4.5080017e-03   3.3338226e-03
  -4.6866235e-02   5.5741102e-01  -4.2782301e+00  -3.6813172e-02   2.8620322e-03   3.4070036e-03
   2.7641704e-03   5.6156843e-01  -4.1748205e+00  -3.2054047e-02   1.4265198e-03   3.2732373e-03
  -9.0111761e-02   5.2151211e-01  -4.1292768e+00  -3.2785540e-02   2.0591600e-03   4.0650040e-03
  -8.6832348e-02   5.2308740e-01  -4.2751732e+00  -3.2970950e-02   5.7599974e-05   4.1884153e-03
  -1.0121584e-01   4.8038717e-01  -4.3767119e+00  -3.3059977e-02   5.1634758e-04   4.1605068e-03
  -1.1920733e-01   4.8088835e-01  -4.4644757e+00  -3.3171667e-02   6.1596894e-04   4.2049027e-03
  -1.4344299e-01   4.7182269e-01  -4.3493314e+00  -3.3787510e-02   8.3940918e-04   4.2549941e-03
  -1.1593819e-01   4.4079025e-01  -4.2953119e+00  -3.0574688e-02   3.2390100e-04   4.3954137e-03
  -1.2246430e-01   4.3900304e-01  -4.3593789e+00  -3.2262618e-02   7.6232978e-04   4.1052701e-03
  -1.2458867e-01   4.3082438e-01  -4.3928410e+00  -3.2070904e-02   6.4375280e-04   4.5264704e-03
  -1.2085228e-01   4.2999044e-01  -4.4184296e+00  -3.2122363e-02   5.0269556e-04   5.0352828e-03
  -1.2729127e-01   4.1765782e-01  -4.4158096e+00  -3.1257355e-02   5.2279341e-04   5.1273674e-03
  -1.2445549e-01   4.5700430e-01  -4.5456377e+00  -3.3535192e-02   2.6337073e-04   5.1553174e-03
  -1.4967721e-01   3.2461772e-01  -4.0969516e+00  -2.4968416e-02   1.4168942e-03   6.2338404e-03
  -1.5187969e-01   3.5940806e-01  -4.3494656e+00  -2.8748133e-02   1.7792527e-03   6.0838263e-03
  -1.3006886e-01   3.7047106e-01  -4.3616914e+00  -2.9225624e-02   2.8870731e-03   5.5553612e-03
  -1.2298747e-01   3.7078806e-01  -4.3889651e+00  -2.9514512e-02   3.0622788e-03   5.3790176e-03
  -1.3202761e-01   3.5057439e-01  -4.4224448e+00  -2.9378078e-02   3.2827777e-03   5.4949384e-03
  -1.5767835e-01   2.8658458e-01  -4.4057016e+00  -2.8523171e-02   3.0825595e-03   5.7745502e-03
  -1.5050018e-01   3.6088769e-01  -4.3221342e+00  -2.7787440e-02   2.8500966e-03   5.5771350e-03
  -1.4066386e-01   3.5832155e-01  -4.3883647e+00  -2.8842731e-02   2.7797715e-03   5.4003065e-03
  -1.1390287e-01   3.0349632e-01  -4.0742286e+00  -2.4874164e-02   2.9381654e-03   4.5658796e-03
  -1.1620033e-01   3.1034212e-01  -4.2056021e+00  -2.5248222e-02   2.9380632e-03   4.7791071e-03
  -1.1701917e-01   4.7366107e-01  -4.5351263e+00  -3.7187499e-02   6.9580123e-03   2.7032982e-03
  -4.6349443e-02   5.0249976e-01  -4.3894135e+00  -3.0486403e-02  -5.5403978e-04   3.6298756e-03
  -8.0421447e-02   5.4844967e-01  -4.5448727e+00  -3.3603357e-02   2.2471707e-04   4.4254617e-03
  -1.1323247e-01   4.9363862e-01  -4.5114088e+00  -3.2249130e-02   6.8471095e-04   4.8901788e-03
  -5.3486358e-02   3.7112733e-01  -3.1523959e+00  -1.7940864e-02   1.6631774e-03   3.9490426e-03
  -1.0724719e-01   4.0908847e-01  -4.0296478e+00  -2.6110956e-02   3.9233503e-03   4.2104958e-03
  -8.9262265e-02   4.2440048e-01  -4.1665974e+00  -2.7153938e-02   2.1768399e-03   4.2192268e-03
  -1.2161955e-01   4.2875564e-01  -4.1708125e+00  -2.7722498e-02   2.0275094e-03   4.5945732e-03
  -1.1959737e-01   4.2748444e-01  -4.3048429e+00  -2.9311007e-02   2.2790259e-03   4.3651642e-03
  -1.1340599e-01   4.1011838e-01  -4.2612577e+00  -2.7848121e-02   2.2884818e-03   4.3596216e-03
  -1.2996869e-01   4.3414552e-01  -4.3383710e+00  -2.8689193e-02   2.2993684e-03   4.6874348e-03
  -1.3245861e-01   4.0738128e-01  -4.3695362e+00  -2.8650154e-02   2.0670051e-03   4.7650644e-03
  -2.2171535e-01   5.4611302e-01  -4.5296590e+00  -3.7866868e-02   5.8206346e-03   5.9799041e-03
  -6.5949106e-02   5.1725738e-01  -4.2934875e+00  -3.0804442e-02   2.4024059e-03   3.7779226e-03
  -1.4771404e-01   2.7789639e-01  -3.1433204e+00  -1.0427199e-02   5.4531181e-03   4.8676645e-03
  -1.6307877e-01   3.1284786e-01  -4.7752637e+00  -2.4938248e-02   2.2031958e-03   5.1673888e-03
  -1.9469373e-01   2.8418435e-01  -4.7088973e+00  -2.5058429e-02   3.6768796e-03   5.3406464e-03
  -1.8769829e-01   3.3655560e-01  -4.7079352e+00  -2.6059995e-02   3.5257723e-03   5.5524785e-03
  -2.0706191e-01   2.2355591e-01  -4.5155118e+00  -2.6640135e-02   5.4344865e-03   5.1568345e-03
  -1.5777534e-01   2.6892954e-01  -4.1159805e+00  -2.0752850e-02   5.7510498e-03   4.4810793e-03
  -1.8670691e-01   2.9995041e-01  -4.3151541e+00  -2.3257676e-02   5.4620812e-03   4.8508209e-03
  -1.7580573e-01   3.0506066e-01  -4.4451337e+00  -2.4928951e-02   5.1670490e-03   5.0740747e-03
  -1.2349305e-01   3.4893395e-01  -4.5337507e+00  -2.5847981e-02   3.0054129e-03   5.4673381e-03
  -1.8029880e-01   3.1478191e-01  -4.5000785e+00  -2.5452724e-02   3.5566184e-03   5.9007082e-03
  -1.6728844e-01   3.2084261e-01  -4.5200862e+00  -2.5552789e-02   3.2655574e-03   5.7887581e-03
  -1.7637863e-01   3.1985177e-01  -4.5054478e+00  -2.5067731e-02   3.3764704e-03   5.8970713e-03
  -1.9267161e-01   3.3020385e-01  -4.5959422e+00  -2.5685373e-02   3.1376834e-03   5.9095204e-03
  -1.9169222e-01   3.2139558e-01  -4.5867208e+00  -2.5731036e-02   3.4594706e-03   5.8333092e-03
  -1.6136187e-01   3.2969632e-01  -4.5122448e+00  -2.6156053e-02   4.2546320e-03   5.0537090e-03
  -1.7886415e-01   3.1948011e-01  -4.4763612e+00  -2.3919632e-02   4.0664830e-03   5.3513321e-03
  -1.9432043e-01   3.3270535e-01  -4.5188322e+00  -2.4690303e-02   4.2845270e-03   5.4306952e-03
  -1.9309224e-01   3.1519786e-01  -4.5536086e+00  -2.5204690e-02   4.7337352e-03   5.1774117e-03
  -1.8567861e-01   3.1421789e-01  -4.6380713e+00  -3.0155322e-02   6.4008081e-03   5.1087958e-03
  -1.0979362e-01   2.5027010e-01  -4.2210179e+00  -2.3269391e-02   3.7730286e-03   3.8665579e-03
  -1.3388556e-01   2.2187508e-01  -4.0924891e+00  -1.9412037e-02   4.6498049e-03   3.5638264e-03
  -1.6391533e-01   2.5756311e-01  -4.3178022e+00  -2.2630954e-02   4.8808510e-03   4.1299733e-03
  -1.7051589e-01   2.7039008e-01  -4.3667745e+00  -2.3073352e-02   4.7687648e-03   4.5924407e-03
  -1.3761526e-01   2.7300115e-01  -4.4463200e+00  -1.3574125e-02   5.3502667e-03   4.3923654e-03
  -2.0664565e-01   3.0691754e-01  -5.2836104e+00  -2.5863969e-02  -1.1840868e-03   5.2290457e-03
  -2.0184332e-01   3.1910757e-01  -5.0797485e+00  -2.5421599e-02   4.1842681e-04   4.9428333e-03
  -2.0949724e-01   3.1193098e-01  -5.0172436e+00  -2.5702932e-02   2.1833439e-03   5.0102443e-03
  -2.0020722e-01   3.1289738e-01  -4.8972425e+00  -2.4503244e-02   2.3557201e-03   4.6766799e-03
  -1.9746825e-01   3.0017785e-01  -4.6190628e+00  -2.3935782e-02   2.9345343e-03   5.2194825e-03
  -1.7154483e-01   3.3281847e-01  -4.6583631e+00  -2.4964403e-02   4.8852554e-03   3.9471735e-03
  -1.2169112e-01   2.6432623e-01  -4.0205272e+00  -1.8687279e-02   5.6632386e-03   1.8477580e-03
  -1.5509914e-01   2.8159381e-01  -4.3759187e+00  -2.2826960e-02   6.5254117e-03   2.8855092e-03
  -1.7096321e-01   2.3508520e-01  -4.4091548e+00  -2.1462791e-02   6.1200472e-03   4.0994948e-03
  -1.7973077e-01   2.6371960e-01  -4.4918442e+00  -2.3292526e-02   5.3488289e-03   4.0824236e-03
  -1.9571553e-01   2.6198438e-01  -4.4475867e+00  -2.2770991e-02   5.1279348e-03   4.2193839e-03
  -2.0438720e-01   2.6157602e-01  -4.4481093e+00  -2.1891234e-02   5.7207910e-03   4.2914048e-03
  -1.8338606e-01   3.3501039e-01  -4.5539526e+00  -2.3948480e-02   4.9425889e-03   4.3533752e-03
  -1.8734032e-01   2.8638152e-01  -4.4835550e+00  -2.2823502e-02   4.9594896e-03   4.3074181e-03
  -1.9952281e-01   2.9732025e-01  -4.5588966e+00  -2.4105955e-02   4.6799901e-03   4.5076745e-03
  -2.1519885e-01   3.0399075e-01  -4.5230865e+00  -2.3233511e-02   4.3826061e-03   4.7434431e-03
  -1.7871926e-01   2.8688171e-01  -4.3734363e+00  -2.3381878e-02   5.0026994e-03   4.2234877e-03
  -4.7358199e-01   1.6769064e-01  -5.9414109e+00  -4.4796321e-02   7.8929129e-03   7.3798414e-03
  -8.9216190e-02   2.7460069e-01  -4.9669820e+00  -2.3783807e-02   4.7783207e-03   2.6984874e-03
  -1.6208579e-01   3.2477497e-01  -5.3021293e+00  -2.8413058e-02   3.6416375e-03   3.0803004e-03
  -1.7438773e-01   2.6719663e-01  -5.2070894e+00  -2.7557919e-02   2.6975855e-03   3.4542451e-03
  -1.6835250e-01   2.4705293e-01  -5.1818128e+00  -2.8720145e-02   3.0811716e-03   3.6346760e-03
  -1.9328332e-01   2.4191672e-01  -5.1433624e+00  -2.9580210e-02   3.4581211e-03   4.2005571e-03
  -1.7030022e-01   2.5648070e-01  -4.8641232e+00  -2.6261746e-02   4.2845515e-03   3.9080763e-03
  -1.7359898e-01   2.0369810e-01  -4.8323259e+00  -2.5935500e-02   4.8864887e-03   3.9579702e-03
  -1.7192213e-01   2.2763398e-01  -4.9098377e+00  -2.7029558e-02   4.8125682e-03   3.8396329e-03
  -1.6591551e-01   2.4602822e-01  -4.9736233e+00  -2.9637247e-02   5.4094865e-03   3.0609166e-03
  -1.3463266e-01   1.9229530e-01  -4.2967611e+00  -2.3272438e-02   4.9794483e-03   3.0797160e-03
  -1.5915820e-01   2.3678500e-01  -4.4441411e+00  -2.5490317e-02   5.8384110e-03   3.1307111e-03
  -1.6303432e-01   2.3099405e-01  -4.4958334e+00  -2.6336503e-02   6.1507536e-03   3.0156999e-03
  -1.5929569e-01   2.7726236e-01  -4.5000677e+00  -2.6579069e-02   6.6286016e-03   2.4951704e-03
  -1.7893085e-01   2.6809299e-01  -4.4686175e+00  -2.6592141e-02   6.7504795e-03   2.9104950e-03
  -1.8982547e-01   2.4663066e-01  -4.5610255e+00  -2.7354270e-02   6.0668140e-03   3.1126925e-03
  -1.9242045e-01   2.7999259e-01  -4.6005927e+00  -2.7700612e-02   6.2296695e-03   3.2420595e-03
  -1.8623498e-01   2.7374351e-01  -4.6189929e+00  -2.7654518e-02   6.3087889e-03   3.1908509e-03
  -1.7465934e-01   2.5692176e-01  -4.6511691e+00  -2.7542731e-02   6.8063505e-03   2.9650840e-03
  -1.9075615e-01   2.8531216e-01  -4.6884189e+00  -2.8286499e-02   6.7055237e-03   3.1302788e-03
  -2.2928288e-01   2.4437708e-01  -4.6985736e+00  -2.9931611e-02   7.3828838e-03   3.5358742e-03
  -1.7708765e-01   2.6574924e-01  -4.5073669e+00  -2.5540401e-02   7.0424055e-03   2.9773717e-03
  -1.6641819e-01   2.5989854e-01  -4.6015463e+00  -2.7086044e-02   7.1550053e-03   3.0407702e-03
  -1.8567115e-01   2.5843061e-01  -4.6890009e+00  -2.8009957e-02   6.8874848e-03   3.0951947e-03
  -1.7898931e-01   2.7066343e-01  -4.6780908e+00  -2.7812118e-02   7.0181459e-03   3.1900852e-03
  -1.9506526e-01   2.6452727e-01  -4.6660527e+00  -2.8055496e-02   6.8218568e-03   3.4232860e-03
  -1.8708728e-01   2.8802115e-01  -4.6691628e+00  -2.7339113e-02   6.4486676e-03   3.7049992e-03
  -1.9997480e-01   2.6574208e-01  -4.6714885e+00  -2.8010252e-02   7.1312583e-03   3.8617270e-03
  -1.8496083e-01   2.6167763e-01  -4.6535103e+00  -2.6255238e-02   6.6524132e-03   3.4939121e-03
  -1.9492550e-01   2.6936552e-01  -4.6780584e+00  -2.6603665e-02   7.1521197e-03   3.6539192e-03
  -1.7736186e-01   3.0384170e-01  -4.7883972e+00  -2.7866303e-02   6.8172532e-03   3.2731980e-03
  -1.9274888e-01   2.9020022e-01  -4.8419682e+00  -2.8327593e-02   7.2172020e-03   3.4108679e-03
  -1.7987932e-01   2.8817871e-01  -4.8242703e+00  -2.7641826e-02   6.5375706e-03   3.3870945e-03
  -2.0641255e-01   3.0753239e-01  -4.8395498e+00  -2.8084876e-02   6.7212032e-03   4.0036030e-03
  -1.8632938e-01   2.2214966e-01  -4.8977471e+00  -2.3943462e-02   6.4286538e-03   4.2076064e-03
  -1.7737228e-01   2.7441207e-01  -5.0329731e+00  -2.6216711e-02   6.9487334e-03   4.2773883e-03
  -1.9499103e-01   2.3699641e-01  -5.0259117e+00  -2.5896795e-02   7.4363322e-03   4.5986923e-03
  -1.9367690e-01   2.5751941e-01  -5.0383585e+00  -2.6969872e-02   6.4502433e-03   4.9022560e-03
  -1.9486733e-01   2.5449423e-01  -4.8670992e+00  -2.5919521e-02   6.8456093e-03   4.9368248e-03
  -2.1043081e-01   2.5402332e-01  -4.9028397e+00  -2.6227909e-02   6.8424751e-03   5.1071423e-03
  -2.2305014e-01   2.3668910e-01  -4.7350493e+00  -2.9396940e-02   6.4518917e-03   5.3697364e-03
  -1.6061373e-01   2.6714632e-01  -4.4754374e+00  -2.2790334e-02   4.5337340e-03   4.3194786e-03
  -2.7044811e-01   5.7157509e-01  -4.6719389e+00  -3.3791168e-02   9.3033946e-03   1.9411216e-03
  -1.7552086e-01   2.7302851e-01  -4.5008573e+00  -2.3417920e-02   5.6918091e-03   4.3045322e-03
  -2.0478542e-01   2.5603706e-01  -4.5105817e+00  -2.3060973e-02   5.1373553e-03   4.9617952e-03
  -1.8977491e-01   2.9223857e-01  -4.5693522e+00  -2.4524873e-02   5.0251742e-03   4.7672622e-03
  -1.8206520e-01   2.5415383e-01  -4.5486828e+00  -2.3231635e-02   5.6132759e-03   4.7743280e-03
  -1.7581676e-01   2.5817159e-01  -4.5807874e+00  -2.2616377e-02   5.4134102e-03   4.6505633e-03
  -1.7686142e-01   2.8631989e-01  -4.3293378e+00  -2.2720732e-02   6.1906497e-03   4.7243203e-03
  -1.3425596e-01   2.4019766e-01  -4.1548354e+00  -1.8131143e-02   4.8848912e-03   3.7811181e-03
  -1.3088330e-01   1.9643254e-01  -4.1515334e+00  -1.8198838e-02   6.0754678e-03   3.8232541e-03
  -1.3360387e-01   2.3554952e-01  -4.2140814e+00  -1.8569488e-02   5.9030401e-03   3.8866054e-03
  -9.5133940e-02   1.9808313e-01  -4.2544778e+00  -1.8800041e-02   5.9576613e-03   2.9679640e-03
  -1.3383507e-01   2.2053929e-01  -4.2129763e+00  -1.9362362e-02   5.9694820e-03   3.3184020e-03
  -1.2366907e-01   2.1583567e-01  -4.1270397e+00  -1.8741413e-02   5.6592772e-03   3.2062980e-03
  -1.7906996e-01   2.8746250e-01  -4.2466364e+00  -2.8645356e-02   6.3026573e-03   4.3061479e-03
  -3.6173834e-01   1.9147964e-01  -4.9407946e+00  -3.3277179e-02   1.6705840e-02   6.5622944e-03
  -1.2550769e-01   3.0062160e-01  -4.6659670e+00  -2.4375725e-02   1.5105915e-02   2.5526988e-03
  -1.5670230e-01   3.2463988e-01  -4.9309658e+00  -2.5525166e-02   1.0770797e-02   3.5785619e-03
  -1.3976886e-01   3.0174639e-01  -4.7556351e+00  -2.4609295e-02   9.6155111e-03   3.7909459e-03
  -1.7824834e-01   2.9734035e-01  -4.8494466e+00  -2.6628062e-02   9.9515790e-03   4.2811734e-03
  -1.6650779e-01   2.6893814e-01  -4.6945884e+00  -2.4002647e-02   9.2962717e-03   3.8972557e-03
  -1.6590108e-01   2.3968429e-01  -4.7267589e+00  -2.4542272e-02   9.6670471e-03   4.2880809e-03
  -1.8450758e-01   2.6924441e-01  -4.6563906e+00  -2.3639484e-02   9.2825669e-03   4.4820989e-03
  -1.8669577e-01   2.5589816e-01  -4.6800892e+00  -2.3843442e-02   9.6048372e-03   4.3657759e-03
  -1.8840893e-01   2.5418238e-01  -4.6434234e+00  -2.3824726e-02   9.5598250e-03   4.5573177e-03
  -1.9628653e-01   2.6471265e-01  -4.6852231e+00  -2.4621408e-02   9.5651718e-03   4.4910032e-03
  -1.9421933e-01   2.5722717e-01  -4.6783139e+00  -2.3378636e-02   8.9640865e-03   4.4772924e-03
  -2.0010449e-01   2.6306431e-01  -4.7276557e+00  -2.3798320e-02   8.8858981e-03   4.4627463e-03
  -2.1138594e-01   2.8631526e-01  -4.8249459e+00  -2.6574808e-02   9.8486764e-03   4.3886708e-03
  -1.8402561e-01   2.9661442e-01  -4.8419693e+00  -2.5053711e-02   9.1867348e-03   3.7467363e-03
  -1.7496158e-01   3.1706971e-01  -4.5444487e+00  -2.2081579e-02   9.7955295e-03   4.3941162e-03
  -1.8814333e-01   2.8946839e-01  -4.8316653e+00  -2.4904151e-02   1.0377753e-02   4.3204073e-03
  -1.9204455e-01   2.7422278e-01  -4.9730050e+00  -2.6330548e-02   9.3789055e-03   4.5256235e-03
  -1.8057646e-01   3.0510603e-01  -4.8483216e+00  -2.4341384e-02   9.1574100e-03   4.2977731e-03
  -2.0716838e-01   2.8898642e-01  -4.8651410e+00  -2.5664412e-02   1.0024590e-02   4.2567771e-03
  -1.2222272e-01   2.1533779e-01  -4.2628130e+00  -1.9104053e-02   7.9811858e-03   2.8867822e-03
  -1.9502846e-01   1.5723288e-01  -4.4883407e+00  -1.8702887e-02   8.7158305e-03   4.1494703e-03
  -2.9299079e-01   1.2666139e-01  -4.2898119e+00  -1.6546223e-02   8.9716309e-03   5.5385927e-03
  -1.9218958e-01   2.1233147e-01  -4.5778740e+00  -2.0288301e-02   7.7779642e-03   4.8358517e-03
  -1.9106722e-01   2.2481414e-01  -4.6653785e+00  -2.0603876e-02   7.6262846e-03   4.8294365e-03
  -1.4685340e-01   2.9980825e-01  -4.6579619e+00  -2.2024595e-02   6.2360194e-03   4.0861707e-03
  -1.8630452e-01   2.8647435e-01  -4.7421114e+00  -2.2124071e-02   7.6418183e-03   4.1944772e-03
  -1.9600450e-01   2.9651791e-01  -4.8541993e+00  -2.4347983e-02   8.1085280e-03   4.4810817e-03
  -1.8507336e-01   2.8180171e-01  -4.8362819e+00  -2.3464961e-02   8.1544792e-03   4.7024375e-03
  -2.0068141e-01   2.8719294e-01  -4.8587209e+00  -2.3978158e-02   7.9720957e-03   4.9804920e-03
  -2.1933368e-01   2.8038974e-01  -4.8533878e+00  -2.3636793e-02   8.6353780e-03   5.1566774e-03
  -1.9965593e-01   2.8849902e-01  -4.8637480e+00  -2.3342340e-02   8.3582536e-03   4.7380664e-03
  -2.1142821e-01   2.9329387e-01  -4.9499942e+00  -2.4307581e-02   8.6656936e-03   5.1908839e-03
  -2.2007379e-01   2.8184453e-01  -4.9037478e+00  -2.2831558e-02   8.6839975e-03   5.0495971e-03
  -2.2422053e-01   3.4026239e-01  -4.9729655e+00  -2.5223227e-02   8.7817750e-03   4.9618686e-03
  -1.9562255e-01   2.8118822e-01  -4.9512857e+00  -2.3780727e-02   8.8403071e-03   4.8582217e-03
  -2.1595219e-01   2.9252317e-01  -4.9677769e+00  -2.3948116e-02   8.8907255e-03   5.0874605e-03
  -2.3293084e-01   2.7981341e-01  -5.0234687e+00  -2.7022530e-02   6.8358512e-03   5.7551895e-03
  -1.8446263e-01   2.5908442e-01  -4.6159550e+00  -2.0356192e-02   6.8455117e-03   4.3901281e-03
  -2.0638778e-01   2.8283752e-01  -4.7432996e+00  -2.2460607e-02   6.9271203e-03   4.9058515e-03
  -2.0496414e-01   2.5683115e-01  -4.7362611e+00  -2.1432106e-02   7.1607958e-03   5.1465975e-03
  -2.1987361e-01   2.5332274e-01  -4.7933480e+00  -2.2410627e-02   7.2538980e-03   5.3101322e-03
  -2.2132207e-01   2.6635511e-01  -4.7700279e+00  -2.1668568e-02   7.2743705e-03   5.4131378e-03
  -2.3215267e-01   3.0602309e-01  -4.8424369e+00  -2.4044508e-02   7.5127199e-03   5.5267462e-03
  -2.6068206e-01   2.5457446e-01  -4.8152378e+00  -2.4424961e-02   7.2801355e-03   6.7211376e-03
  -3.6860937e-01   5.9297197e-01  -7.2507193e+00  -4.3713844e-02   9.0228088e-04   7.5018284e-03
  -1.8564626e-01   3.6251574e-01  -5.4087378e+00  -2.4820860e-02   3.3196749e-03   4.8597500e-03
  -1.9663230e-01   3.5258630e-01  -5.2997009e+00  -2.3974788e-02   4.6279578e-03   5.0910461e-03
  -2.0111781e-01   3.3651180e-01  -5.3108215e+00  -2.4544211e-02   5.0781291e-03   5.3136932e-03
  -1.8848326e-01   3.1801446e-01  -5.2648362e+00  -2.3603939e-02   5.5082928e-03   5.0791229e-03
  -2.0736994e-01   3.2354737e-01  -5.3097660e+00  -2.4780266e-02   5.2894311e-03   5.4841619e-03
  -2.1227633e-01   3.2395366e-01  -5.3180383e+00  -2.4687724e-02   5.5896747e-03   5.7955764e-03
  -2.0950742e-01   2.9445499e-01  -5.3274871e+00  -2.4605831e-02   6.0684504e-03   5.6412714e-03
  -2.1598796e-01   3.1388486e-01  -5.2916699e+00  -2.4895693e-02   5.1296085e-03   5.4908023e-03
  -2.2640494e-01   3.0927564e-01  -5.2476895e+00  -2.4588801e-02   5.3352954e-03   5.5687573e-03
  -1.7192810e-01   2.6716651e-01  -4.5959868e+00  -1.9484727e-02   4.8743755e-03   4.6595143e-03
  -1.8927375e-01   2.8056245e-01  -4.7916761e+00  -2.1589083e-02   5.1698708e-03   4.9528606e-03
  -1.8832519e-01   2.9268499e-01  -5.0098352e+00  -2.1540831e-02   6.7533888e-03   4.7430175e-03
  -1.9646038e-01   3.1056609e-01  -4.9196875e+00  -2.2943261e-02   6.2030368e-03   4.6391972e-03
  -2.5793173e-01   4.2905559e-01  -4.8309015e+00  -2.5822550e-02   5.7755921e-03   5.0524239e-03
  -1.8151856e-01   2.8378478e-01  -4.6869135e+00  -2.1497634e-02   5.3987917e-03   4.2660600e-03
  -1.9565207e-01   2.8689064e-01  -4.7542584e+00  -2.1733577e-02   5.1801571e-03   4.6375980e-03
  -1.7931351e-01   2.8917503e-01  -4.7934939e+00  -2.1545685e-02   5.5244970e-03   4.0707985e-03
  -2.3391667e-01   6.1225021e-01  -4.9837826e+00  -3.2562739e-02   1.1012534e-02  -2.8510946e-04
  -2.2771512e-01   2.8068349e-01  -4.7452331e+00  -1.9979362e-02   3.8269827e-03   5.3431581e-03
  -2.2465861e-01   3.3158889e-01  -4.8194387e+00  -2.2528890e-02   4.6763299e-03   5.1384890e-03
  -2.0450784e-01   2.9425785e-01  -4.8497410e+00  -2.1927472e-02   5.4356929e-03   4.5793570e-03
  -1.8828714e-01   3.0536959e-01  -4.9377627e+00  -2.2683149e-02   5.3063021e-03   4.4601467e-03
  -1.7996576e-01   2.9819122e-01  -4.7961132e+00  -2.1485780e-02   5.3216811e-03   4.2238261e-03
  -2.0446893e-01   2.8233629e-01  -4.8782323e+00  -2.2580424e-02   5.4451205e-03   5.0085105e-03
  -1.9673567e-01   2.8630070e-01  -4.7708324e+00  -2.0534669e-02   5.2374119e-03   4.3847737e-03
  -2.3752521e-01   2.3436709e-01  -4.5412053e+00  -2.3381135e-02   9.7467043e-03   5.3571587e-03
  -2.2882100e-01   1.6045677e-01  -5.3213692e+00  -2.0715332e-02   1.1496726e-03   4.3478975e-03
  -3.6119498e-01   4.4649487e-01  -7.4410291e+00  -4.4945177e-02   5.3684265e-03   5.5873529e-03
  -2.0737425e-01   4.0277973e-01  -7.0901063e+00  -3.2165044e-02  -4.4497445e-04   5.3701956e-03
  -2.2616507e-01   3.8118892e-01  -6.9273206e+00  -3.3342251e-02  -5.4328150e-04   5.8211290e-03
  -2.3940393e-01   3.8967087e-01  -6.8857631e+00  -3.5118783e-02  -9.9919541e-05   6.4167565e-03
  -2.3171413e-01   3.3809875e-01  -6.4590312e+00  -3.1208045e-02   1.8827943e-03   5.5084241e-03
  -2.4043579e-01   3.6630651e-01  -6.4825005e+00  -3.2414610e-02   2.5594188e-03   5.6419045e-03
  -2.4576654e-01   3.6614874e-01  -6.4828188e+00  -3.2920658e-02   2.0680285e-03   5.7094427e-03
  -2.5492341e-01   3.7313428e-01  -6.4628411e+00  -3.3194948e-02   2.6768053e-03   5.8419364e-03
  -2.3432930e-01   3.7766215e-01  -6.4980634e+00  -3.2773767e-02   2.3221058e-03   5.4851357e-03
  -2.5747405e-01   3.7146755e-01  -6.4794082e+00  -3.3174210e-02   1.9496200e-03   5.6850288e-03
  -2.4194936e-01   3.7528650e-01  -6.4611629e+00  -3.2954091e-02   2.2155474e-03   5.3938186e-03
  -2.3524981e-01   4.1831955e-01  -6.5401808e+00  -3.4038344e-02   2.6538915e-03   5.1857448e-03
  -2.5643538e-01   3.8268602e-01  -6.4402436e+00  -3.2109588e-02   3.6594110e-03   5.1705098e-03
  -3.8977237e-01   7.1538241e-01  -6.6102451e+00  -4.2303576e-02   9.0036854e-03   3.4677896e-03
  -2.3253473e-01   3.7601544e-01  -6.3881124e+00  -3.2259403e-02   4.5168271e-03   5.0035072e-03
  -2.2174523e-01   3.8042245e-01  -6.4303101e+00  -3.2452219e-02   4.2915276e-03   4.8906119e-03
  -2.4000468e-01   3.9328034e-01  -6.4784115e+00  -3.4137719e-02   3.9890906e-03   4.9240432e-03
  -2.4640260e-01   4.1448625e-01  -6.4282549e+00  -3.3402017e-02   4.3633167e-03   5.2304868e-03
  -2.2930288e-01   3.9282588e-01  -6.3540351e+00  -3.1411640e-02   3.6907027e-03   5.1718911e-03
  -2.5759263e-01   4.2246670e-01  -6.3179693e+00  -3.0906841e-02   3.6168029e-03   5.6839763e-03
  -2.5843141e-01   3.9818068e-01  -6.3223385e+00  -3.1268329e-02   3.1670218e-03   5.6554718e-03
  -2.3964422e-01   3.8613334e-01  -6.3390847e+00  -3.1972565e-02   3.5643064e-03   5.5451475e-03
  -2.2888279e-01   4.1139337e-01  -6.3638042e+00  -3.1808634e-02   4.2487960e-03   5.2412503e-03
  -1.7043851e-01   7.2693551e-01  -6.7482139e+00  -4.2693583e-02  -3.6264605e-03   9.0746826e-03
  -1.6555881e-01   3.7355830e-01  -5.8136511e+00  -2.7920987e-02   2.1610225e-03   4.3958889e-03
  -2.0243954e-01   3.5761981e-01  -5.8379823e+00  -2.8020469e-02   2.4239499e-03   5.2984165e-03
  -2.1672740e-01   3.7156223e-01  -5.9088739e+00  -2.8681038e-02   2.8470357e-03   5.4581034e-03
  -2.2499500e-01   3.8367168e-01  -5.9302172e+00  -2.8615080e-02   3.1735456e-03   5.0097711e-03
  -2.1268539e-01   3.6505226e-01  -5.9964925e+00  -2.8747685e-02   2.7028761e-03   5.1112640e-03
  -2.1619606e-01   4.3133644e-01  -6.1596082e+00  -3.7888735e-02   4.6624599e-03   5.8644933e-03
  -1.8707248e-01   3.5917657e-01  -5.7067706e+00  -2.6979874e-02   3.6333789e-03   4.8348768e-03
  -2.0280031e-01   3.5933518e-01  -5.7718587e+00  -2.7867228e-02   3.3280740e-03   5.1744437e-03
  -2.0934064e-01   3.6864741e-01  -5.8163743e+00  -2.8310213e-02   2.9915597e-03   5.3769442e-03
  -2.3837387e-01   3.7411294e-01  -5.9246112e+00  -3.1502782e-02   2.9163624e-03   5.7652652e-03
  -1.9535671e-01   3.5970852e-01  -5.8084683e+00  -2.8372599e-02   3.4004999e-03   4.7107644e-03
  -2.1379566e-01   3.7492223e-01  -5.8692242e+00  -2.9632333e-02   3.7889182e-03   4.9091628e-03
  -2.1212855e-01   3.6724413e-01  -5.7922626e+00  -2.7924466e-02   3.9777094e-03   4.9609712e-03
  -2.1356580e-01   3.5383943e-01  -5.7855269e+00  -2.8088604e-02   3.7398579e-03   5.3009086e-03
  -2.1438821e-01   3.6537428e-01  -5.8661757e+00  -2.8837507e-02   4.1976543e-03   5.3502094e-03
  -1.1631715e-01   2.7558881e-01  -5.3370594e+00  -2.1637994e-02   2.8480547e-03   3.6646433e-03
  -2.0077791e-01   3.4711007e-01  -5.7161498e+00  -2.6954927e-02   4.0040426e-03   5.0105308e-03
  -2.2025011e-01   3.6821297e-01  -5.7234870e+00  -2.8115820e-02   4.0133824e-03   5.4767489e-03
  -2.2379757e-01   3.8737646e-01  -5.7429959e+00  -2.7488704e-02   3.0911517e-03   5.6910148e-03
  -2.2326449e-01   3.5612608e-01  -5.7874951e+00  -2.7829807e-02   3.0014549e-03   5.6222408e-03
  -2.3422669e-01   3.7369984e-01  -5.8305818e+00  -2.9037080e-02   3.9092873e-03   5.6867876e-03
  -2.3771595e-01   3.4175804e-01  -5.7797101e+00  -2.6891885e-02   3.4810597e-03   5.5697524e-03
  -2.3172061e-01   3.6249843e-01  -5.8955448e+00  -3.0338725e-02   4.0956744e-03   5.3597623e-03
  -2.1520661e-01   3.5584941e-01  -5.7164762e+00  -2.6114183e-02   3.9832075e-03   5.0679804e-03
  -2.3390229e-01   3.6131038e-01  -5.8100140e+00  -2.7408759e-02   4.1634669e-03   5.4519865e-03
  -2.5683379e-01   3.8449794e-01  -5.8537885e+00  -2.8302029e-02   3.9793594e-03   5.8997457e-03
  -2.4043165e-01   3.7587454e-01  -5.9117435e+00  -2.8860198e-02   4.1480711e-03   5.3899878e-03
  -2.4076884e-01   3.9349420e-01  -5.9426192e+00  -2.8737394e-02   4.3630907e-03   5.6244268e-03
  -2.4484503e-01   3.8210185e-01  -5.9186102e+00  -2.7969591e-02   4.8326282e-03   5.4416753e-03
  -2.2237096e-01   4.0640611e-01  -5.8688405e+00  -2.9324429e-02   7.3535533e-03   4.5787595e-03
  -2.0432524e-01   3.9492308e-01  -5.7256879e+00  -2.7753644e-02   5.9223700e-03   4.8228580e-03
  -1.8542591e-01   3.8155957e-01  -5.6966933e+00  -2.6722641e-02   5.4313469e-03   4.5061624e-03
  -2.0828876e-01   3.6332217e-01  -5.7378949e+00  -2.7016118e-02   5.4576656e-03   4.7198489e-03
  -2.2173579e-01   3.7904220e-01  -5.6144161e+00  -2.9280878e-02   6.2181901e-03   4.7939062e-03
  -1.6133510e-01   3.7966084e-01  -5.4084018e+00  -2.5861667e-02   5.1635616e-03   4.5995420e-03
  -1.9635245e-01   3.7774339e-01  -5.4995079e+00  -2.9832741e-02   7.1257216e-03   5.2221274e-03
  -1.6429221e-01   3.3344035e-01  -5.1996176e+00  -2.3388120e-02   4.8007198e-03   4.9420211e-03
  -1.7990424e-01   3.4644203e-01  -5.2689857e+00  -2.4902300e-02   4.7654995e-03   5.3092055e-03
  -1.6796439e-01   3.4537434e-01  -5.2527573e+00  -2.3976746e-02   5.3281130e-03   4.9811889e-03
  -1.8939701e-01   3.5642969e-01  -5.3190832e+00  -2.4804578e-02   5.6721284e-03   4.7992493e-03
  -1.9883161e-01   3.6790948e-01  -5.3600127e+00  -2.5632509e-02   5.4123744e-03   5.0471689e-03
  -2.6982415e-01   5.3118593e-01  -5.5282455e+00  -3.0344908e-02   8.4167396e-03   5.3283275e-03
  -1.8660461e-01   3.4289739e-01  -5.3724219e+00  -2.4760753e-02   5.0636212e-03   4.9945202e-03
  -1.5752849e-01   3.1332972e-01  -4.6766723e+00  -2.0043750e-02   8.1904391e-03   3.4550107e-03
  -1.8219111e-01   3.4780300e-01  -4.9630779e+00  -2.4349221e-02   9.2201160e-03   3.8587995e-03
  -2.0681497e-01   3.7739142e-01  -5.2228588e+00  -2.6103931e-02   8.8515887e-03   4.5406094e-03
  -1.9210357e-01   3.7088967e-01  -5.2695064e+00  -2.6138851e-02   7.9521367e-03   4.2599258e-03
  -2.0764472e-01   3.0538264e-01  -5.1007904e+00  -2.6169430e-02   8.5019867e-03   4.9110897e-03
  -1.6575337e-01   3.3128168e-01  -5.0918504e+00  -2.2629521e-02   7.2534666e-03   3.9640136e-03
  -1.8952620e-01   3.6127288e-01  -5.1821895e+00  -2.3453831e-02   7.4241710e-03   4.7767124e-03
  -1.9320093e-01   3.7108686e-01  -5.2728689e+00  -2.4639489e-02   7.3230939e-03   4.6549233e-03
  -1.9129285e-01   3.7535421e-01  -5.1910933e+00  -2.4234205e-02   7.7778061e-03   4.4496628e-03
  -1.7903588e-01   3.7319632e-01  -5.2525740e+00  -2.4384405e-02   6.9396119e-03   4.2768516e-03
  -1.9119142e-01   3.5803688e-01  -5.2417753e+00  -2.4414928e-02   6.6359072e-03   4.5876252e-03
  -1.9265754e-01   3.9897376e-01  -5.3276333e+00  -2.9647341e-02   6.0054602e-03   4.7583067e-03
  -1.2100094e-01   3.3141594e-01  -4.6761790e+00  -2.0145719e-02   3.7418270e-03   3.3862255e-03
  -1.7047483e-01   3.3959370e-01  -4.9002418e+00  -2.1782307e-02   4.6368264e-03   4.1810289e-03
  -2.0363535e-01   3.4336878e-01  -5.0119966e+00  -2.3040194e-02   4.9471937e-03   4.9040124e-03
  -1.9421222e-01   3.5099445e-01  -5.1181274e+00  -2.4128823e-02   4.4014756e-03   4.8884760e-03
  -2.0256632e-01   3.2944321e-01  -5.1552645e+00  -2.4162326e-02   4.3558320e-03   4.9573642e-03
  -2.3161659e-01   4.1788398e-01  -5.2464212e+00  -2.6018185e-02   4.3588197e-03   5.4334213e-03
  -1.9885708e-01   3.6273716e-01  -5.2315073e+00  -2.4189450e-02   5.0916925e-03   4.7240480e-03
  -1.9266102e-01   3.5356139e-01  -5.2708975e+00  -2.4380406e-02   4.6894998e-03   4.7219937e-03
  -2.0238646e-01   4.4322381e-01  -5.3650716e+00  -2.8611070e-02   7.4287807e-03   2.7007794e-03
  -2.1144937e-01   4.3036954e-01  -5.3144373e+00  -2.6752536e-02   6.1993702e-03   3.8426929e-03
  -2.0395811e-01   3.9013181e-01  -5.3769278e+00  -2.8833132e-02   6.0833081e-03   4.3502083e-03
  -2.0263320e-01   3.7887026e-01  -5.0596826e+00  -2.4331413e-02   5.5671409e-03   4.0664587e-03
  -2.0420467e-01   3.7398264e-01  -5.1412565e+00  -2.6669673e-02   6.3426126e-03   4.6229432e-03
  -2.1312162e-01   3.8952158e-01  -5.0138231e+00  -2.4168282e-02   6.5646556e-03   4.5978904e-03
  -2.2093456e-01   3.9731787e-01  -5.1569700e+00  -2.4810931e-02   6.7032641e-03   4.7302716e-03
  -2.0583358e-01   3.7430204e-01  -5.1731565e+00  -2.4641159e-02   6.9288982e-03   4.7678227e-03
  -2.0745666e-01   3.7168756e-01  -5.2659208e+00  -2.5683766e-02   7.0071108e-03   5.5422890e-03
  -1.8087909e-01   3.5933256e-01  -5.1886293e+00  -2.2226356e-02   6.9897671e-03   4.4183069e-03
  -1.9463715e-01   3.6203839e-01  -5.2783218e+00  -2.3986223e-02   6.6381278e-03   4.6785599e-03
  -2.2052883e-01   6.3361919e-01  -5.5151274e+00  -3.7073467e-02   1.3192010e-02   2.0786016e-04
  -1.9408100e-01   3.9695273e-01  -5.2749835e+00  -2.3394725e-02   5.4241141e-03   5.1978306e-03
  -3.0717983e-01   5.4858114e-01  -5.4113613e+00  -3.0593205e-02   8.3624164e-03   5.6891846e-03
  -1.4317640e-01   3.6312054e-01  -5.1075497e+00  -2.2410437e-02   6.1491555e-03   4.3825944e-03
  -1.7182416e-01   3.7473534e-01  -5.2015854e+00  -2.2627886e-02   6.1641133e-03   4.7943675e-03
  -1.7100062e-01   3.7678985e-01  -5.3001857e+00  -2.4216985e-02   5.6894359e-03   4.7667408e-03
  -1.9117376e-01   3.7130393e-01  -5.2771023e+00  -2.4379540e-02   6.2211563e-03   4.8523056e-03
  -8.0782633e-02   5.8546067e-01  -5.5664313e+00  -3.4503003e-02   2.5145532e-03   4.8301475e-03
  -8.1498123e-01   1.3025656e-01  -7.0465750e+00  -4.9667236e-02   8.7024515e-03   1.1541553e-02
  -3.5408082e-01   6.7418161e-01  -7.9182290e+00  -4.4096536e-02   5.4964521e-03   7.0373174e-03
  -3.2241631e-01   5.8698706e-01  -7.4158250e+00  -3.9450617e-02   5.6876882e-03   5.8938562e-03
  -2.8325951e-01   5.8271111e-01  -7.3850113e+00  -3.8231007e-02   3.7166207e-03   6.1288258e-03
  -2.8434579e-01   5.3854151e-01  -7.1969924e+00  -3.7443329e-02   3.4240731e-03   6.0648838e-03
  -3.0010547e-01   5.0890165e-01  -7.1322954e+00  -3.8109748e-02   3.3264833e-03   6.5041230e-03
  -2.8041457e-01   4.8477107e-01  -6.8630611e+00  -3.5352805e-02   4.0564536e-03   6.1830572e-03
  -2.9132177e-01   4.6377972e-01  -6.8338327e+00  -3.4205129e-02   3.6315973e-03   6.3040262e-03
  -2.9236023e-01   4.6694904e-01  -6.8724766e+00  -3.4950188e-02   3.8267758e-03   6.3867325e-03
  -2.8721737e-01   4.5008041e-01  -6.7763158e+00  -3.3763807e-02   4.2140362e-03   6.3384963e-03
  -2.9642115e-01   4.8692276e-01  -6.8591664e+00  -3.5272389e-02   4.0781193e-03   6.3475062e-03
  -3.0673983e-01   4.7493857e-01  -6.9435149e+00  -3.8753906e-02   4.9564527e-03   6.4462726e-03
  -2.6801189e-01   4.5562596e-01  -6.6016249e+00  -3.2964342e-02   4.2209283e-03   6.1143307e-03
  -2.7660817e-01   4.3549883e-01  -6.6183982e+00  -3.2713084e-02   3.6208271e-03   6.4734314e-03
  -2.7393244e-01   4.5167345e-01  -6.6590519e+00  -3.3422891e-02   3.9692637e-03   6.1274080e-03
  -2.8183786e-01   4.6260584e-01  -6.6637482e+00  -3.4461720e-02   4.1644288e-03   6.2157562e-03
  -2.6645437e-01   4.6629536e-01  -6.6634496e+00  -3.3828407e-02   4.5950533e-03   6.0382614e-03
  -2.8608219e-01   4.2246330e-01  -6.5595260e+00  -3.3148306e-02   4.1481765e-03   6.5126477e-03
  -2.7981389e-01   4.5775511e-01  -6.5425554e+00  -3.2513113e-02   4.6952851e-03   6.4106396e-03
  -2.6579287e-01   4.3274780e-01  -6.5686199e+00  -3.2885200e-02   4.2826504e-03   6.0545750e-03
  -2.5943033e-01   4.3907558e-01  -6.5320000e+00  -3.1969653e-02   4.2459562e-03   6.1562085e-03
  -2.5671442e-01   4.5964217e-01  -6.5974731e+00  -3.2962437e-02   4.0967171e-03   5.9455573e-03
  -2.6936214e-01   4.4994761e-01  -6.5768128e+00  -3.2883523e-02   4.0395384e-03   5.9125615e-03
  -2.5958447e-01   4.6764150e-01  -6.5974028e+00  -3.4007833e-02   4.4829338e-03   5.9376754e-03
  -2.6134868e-01   4.2405007e-01  -6.4751218e+00  -3.1332014e-02   4.3448546e-03   5.9854401e-03
  -2.9201995e-01   4.6615565e-01  -6.5661385e+00  -3.2831948e-02   4.6736498e-03   6.5140860e-03
  -2.6954840e-01   4.7271425e-01  -6.5796064e+00  -3.2547381e-02   4.9478433e-03   5.9811582e-03
  -2.9599358e-01   4.8467042e-01  -6.6364122e+00  -3.5836472e-02   5.1714596e-03   6.7770977e-03
  -2.8918895e-01   1.4322996e-01  -5.9718084e+00  -3.9052898e-02   1.5756907e-02   3.4741592e-03
  -1.1349576e-01   4.6277125e-01  -5.0744357e+00  -2.3036528e-02   9.4902191e-03   3.7520428e-03
  -1.1480729e-01   3.0540715e-01  -6.5055159e+00  -2.8245815e-02   5.2308212e-03   3.9352883e-03
  -1.3955598e-01   4.0024477e-01  -6.3621361e+00  -2.6233974e-02   2.4896286e-03   3.9501406e-03
  -1.5474162e-01   3.7535159e-01  -6.2834387e+00  -2.6102548e-02   3.0182465e-03   4.7958499e-03
  -2.0558936e-01   3.8821361e-01  -6.2266816e+00  -2.7236923e-02   5.1019747e-03   5.3178098e-03
  -1.7530874e-01   3.6696844e-01  -6.1326268e+00  -2.5650993e-02   4.1894160e-03   4.7061312e-03
  -1.7290326e-01   3.5889735e-01  -6.1527301e+00  -2.5741625e-02   4.8293577e-03   4.9172974e-03
  -1.9828560e-01   3.5109069e-01  -5.9110255e+00  -2.4791809e-02   6.1788337e-03   4.9979565e-03
  -1.8640087e-01   3.6307273e-01  -5.9929138e+00  -2.4606709e-02   5.6812137e-03   4.9373557e-03
  -1.9127725e-01   3.8130722e-01  -6.0368761e+00  -2.5671851e-02   5.9560253e-03   5.2680481e-03
  -2.1481764e-01   3.8670639e-01  -6.0639571e+00  -2.5472290e-02   5.5830660e-03   5.6016280e-03
  -2.1907529e-01   3.8712654e-01  -6.1052635e+00  -2.6759681e-02   6.1580386e-03   5.6226250e-03
  -5.8966168e-02   2.7159958e-01  -5.2441529e+00  -1.6808672e-02   4.1219574e-03   2.6164973e-03
  -1.2534811e-01   3.9550986e-01  -5.5948930e+00  -2.6072385e-02   4.5566036e-03   3.2413799e-03
  -8.6407639e-02   3.5908750e-01  -5.5256687e+00  -2.3036334e-02   4.1599501e-03   3.2557109e-03
  -1.0786558e-01   3.7240876e-01  -5.5555394e+00  -2.2855769e-02   4.1282299e-03   3.5264192e-03
  -1.2825682e-01   3.6841435e-01  -5.6432315e+00  -2.4130595e-02   4.1412141e-03   3.6894181e-03
  -1.3818580e-01   3.4580061e-01  -5.6265592e+00  -2.4165523e-02   4.1154796e-03   3.8560601e-03
  -1.4610413e-01   3.7408296e-01  -5.6734641e+00  -2.4921259e-02   4.4486188e-03   3.8807210e-03
  -1.5404716e-01   3.2980173e-01  -5.6291417e+00  -2.3709508e-02   4.6080387e-03   4.0110538e-03
  -1.5016498e-01   3.4760363e-01  -5.6647122e+00  -2.3565518e-02   3.8088096e-03   4.1265202e-03
  -1.5782244e-01   3.4630450e-01  -5.6532816e+00  -2.3800353e-02   4.1935402e-03   4.3059986e-03
  -1.8331487e-01   4.1549238e-01  -5.7696750e+00  -2.7714832e-02   4.4563134e-03   4.4684669e-03
  -2.6142183e-01   1.0200178e-01  -5.4664223e+00  -3.7936335e-02   1.2765280e-02   2.6425092e-03
  -2.9628002e-01   3.2742585e-01  -4.8720218e+00  -2.2274777e-02   7.6710338e-03   5.3101214e-03
  -1.6509003e-01   3.3291333e-01  -5.1906468e+00  -2.3157268e-02   7.4023299e-03   3.4294734e-03
  -3.5226744e-01  -3.1581346e-02  -3.9003314e+00  -9.0930039e-03   1.1486611e-02   4.3866912e-03
  -3.1025882e-01  -1.4076949e-01  -3.8808272e+00  -8.0050578e-03   9.4810993e-03   4.0430094e-03
  -3.5110345e-01  -1.4755780e-01  -3.7720591e+00  -5.2207279e-03   9.4126599e-03   4.6954116e-03
  -3.3954098e-01  -9.0182539e-02  -3.9849327e+00  -7.7809614e-03   9.0686174e-03   4.2186439e-03
  -3.1213370e-01   2.0511634e-01  -4.7671263e+00  -1.3858598e-02   7.2480987e-03   4.9947558e-03
  -2.1654836e-01   2.6196569e-01  -5.0545789e+00  -1.9379579e-02   8.0126454e-03   4.5390323e-03
  -2.8130025e-01   1.6806021e-01  -4.6907756e+00  -1.4724432e-02   9.2666741e-03   4.6569345e-03
  -2.6463105e-01   2.7467414e-01  -4.9834441e+00  -1.9638715e-02   8.6391450e-03   4.7181819e-03
  -2.4796420e-01   2.7313830e-01  -5.1276508e+00  -1.9966877e-02   7.3148390e-03   5.0175444e-03
  -2.4360908e-01   2.9576362e-01  -5.1738692e+00  -2.1742312e-02   7.5358572e-03   5.1046101e-03
  -2.6245902e-01   2.9547647e-01  -5.1876795e+00  -2.1810697e-02   7.3881975e-03   5.4355542e-03
  -2.6302942e-01   2.9962952e-01  -5.2225968e+00  -2.2120458e-02   7.2447441e-03   5.6147133e-03
  -2.3995800e-01   3.5085225e-01  -5.3577789e+00  -2.2898598e-02   7.4334330e-03   5.1216186e-03
  -2.4826680e-01   3.1870684e-01  -5.3712039e+00  -2.3341501e-02   7.8596784e-03   5.2937279e-03
  -2.5217753e-01   3.4668491e-01  -5.4117725e+00  -2.4257030e-02   7.5208173e-03   5.4367066e-03
  -2.4691944e-01   3.1812683e-01  -5.4207672e+00  -2.3927864e-02   8.0098947e-03   5.3826770e-03
  -2.3751218e-01   3.3119340e-01  -5.4833989e+00  -2.4485818e-02   7.9428000e-03   5.0663572e-03
  -2.4343791e-01   3.5621226e-01  -5.5352378e+00  -2.5290028e-02   7.6466494e-03   5.1990787e-03
  -2.3911105e-01   3.8507675e-01  -5.5813747e+00  -2.7150553e-02   7.2761331e-03   5.3015390e-03
  -2.3800814e-01   3.8229663e-01  -5.3965784e+00  -2.3657234e-02   8.5949656e-03   5.0853548e-03
  -2.1875504e-01   3.5482350e-01  -5.3920096e+00  -2.3076804e-02   8.3176377e-03   4.9308460e-03
  -2.2216298e-01   3.6762860e-01  -5.4984992e+00  -2.4237231e-02   8.9039482e-03   4.8810656e-03
  -2.5383800e-01   3.9913768e-01  -5.5054535e+00  -2.6973549e-02   1.0326613e-02   5.8248591e-03
  -1.7536018e-01   3.2051430e-01  -5.1916425e+00  -1.9437725e-02   8.4108328e-03   4.6235422e-03
  -1.9493679e-01   3.4950135e-01  -5.2534107e+00  -2.0271171e-02   8.5989139e-03   5.1848379e-03
  -2.1981610e-01   3.4457589e-01  -5.3348551e+00  -2.3440685e-02   9.5424802e-03   5.5102631e-03
  -1.6880420e-01   3.3194224e-01  -5.3160490e+00  -1.9986628e-02   7.8275371e-03   4.8605197e-03
  -2.1065647e-01   3.2395946e-01  -5.3960299e+00  -2.2179876e-02   8.8741805e-03   5.5342154e-03
  -2.2456310e-01   3.5354497e-01  -5.3277361e+00  -2.1049812e-02   9.0437850e-03   5.8147437e-03
  -2.1083670e-01   3.4383291e-01  -5.4188682e+00  -2.1657521e-02   8.6614815e-03   5.6010051e-03
  -2.1992551e-01   3.2735115e-01  -5.4767630e+00  -2.2223839e-02   9.3302143e-03   5.6525779e-03
  -2.2574253e-01   3.3962516e-01  -5.4704617e+00  -2.2052606e-02   8.7964718e-03   5.8679959e-03
  -2.1471150e-01   3.3818975e-01  -5.5629115e+00  -2.2588026e-02   8.7829186e-03   5.3720124e-03
  -1.4705767e-01   3.6495538e-01  -5.4613424e+00  -1.9731328e-02   8.8025111e-03   4.9579304e-03
  -1.8949439e-01   3.8998727e-01  -5.5845835e+00  -2.0684399e-02   8.7027019e-03   4.7160877e-03
  -1.9559189e-01   3.7839734e-01  -5.4723637e+00  -2.0862402e-02   7.9986371e-03   5.2694120e-03
  -2.3541150e-01   3.8447467e-01  -5.3880543e+00  -2.1735154e-02   8.2698229e-03   5.9510105e-03
  -1.9705964e-01   3.6866355e-01  -5.4604470e+00  -2.1120983e-02   8.2260170e-03   5.2530321e-03
  -2.0488269e-01   3.5910060e-01  -5.4422050e+00  -2.0518294e-02   8.0334761e-03   5.6367564e-03
  -2.1224424e-01   3.7031471e-01  -5.5097419e+00  -2.2036880e-02   7.9748922e-03   5.4834235e-03
  -2.0578121e-01   3.3957395e-01  -5.4595768e+00  -2.0868822e-02   8.1196112e-03   5.2854667e-03
  -2.2103077e-01   3.7066300e-01  -5.4862559e+00  -2.1598315e-02   8.4375236e-03   5.4082213e-03
  -1.7844499e-01   3.8759135e-01  -5.6250980e+00  -2.2901154e-02   8.4132348e-03   4.5120128e-03
  -1.9674893e-01   4.1470254e-01  -5.5681808e+00  -2.2600774e-02   8.6192094e-03   4.8135170e-03
  -2.0367908e-01   4.0427401e-01  -5.5758832e+00  -2.2778129e-02   9.0627083e-03   4.9085683e-03
  -1.9697446e-01   4.0027540e-01  -5.6466608e+00  -2.1971267e-02   8.8444664e-03   5.0011028e-03
  -2.2784190e-01   4.0044712e-01  -5.7364234e+00  -2.8846576e-02   9.8359141e-03   5.3380756e-03
  -1.5361264e-01   3.6091836e-01  -5.0356452e+00  -1.8725278e-02   9.2209535e-03   3.7886821e-03
  -1.9097395e-01   3.7735082e-01  -5.2703201e+00  -2.0648133e-02   9.5679320e-03   4.4302401e-03
  -2.0243046e-01   4.3782100e-01  -5.3936375e+00  -2.2351922e-02   1.0051352e-02   3.9330649e-03
  -1.9358842e-01   4.1147979e-01  -5.3622832e+00  -2.2178144e-02   9.7786485e-03   3.9521293e-03
  -2.1216071e-01   3.8307431e-01  -5.4205705e+00  -2.3756658e-02   9.8212043e-03   4.3333860e-03
  -1.9830907e-01   3.9596308e-01  -5.3760060e+00  -2.2592119e-02   1.1033774e-02   4.4273039e-03
  -1.8103730e-01   4.0145301e-01  -5.3030689e+00  -2.1093461e-02   1.0335517e-02   3.5252263e-03
  -2.0822246e-01   3.7722060e-01  -5.3978052e+00  -2.2320343e-02   1.0672374e-02   4.4327860e-03
  -1.7788878e-01   4.0188959e-01  -5.4891340e+00  -2.3534643e-02   1.0527177e-02   3.4907147e-03
  -1.7966948e-01   4.2326521e-01  -5.5334582e+00  -2.3967405e-02   1.0413721e-02   3.6010554e-03
  -2.0315249e-01   4.0328311e-01  -5.5308845e+00  -2.2564996e-02   1.0237197e-02   4.2648745e-03
  -1.9629741e-01   4.3907304e-01  -5.6142154e+00  -2.4297023e-02   1.0361059e-02   4.1334530e-03
  -1.9532283e-01   4.1476156e-01  -5.6063388e+00  -2.3838837e-02   1.0172522e-02   4.3693106e-03
  -1.9752292e-01   4.0944902e-01  -5.5794351e+00  -2.3674865e-02   1.0484822e-02   4.3216829e-03
  -2.1091633e-01   3.8976149e-01  -5.5852387e+00  -2.3532368e-02   1.0358681e-02   4.7205389e-03
  -2.1276977e-01   4.0948977e-01  -5.5484731e+00  -2.2584482e-02   1.0510966e-02   4.5734287e-03
  -2.0283427e-01   3.9767736e-01  -5.5061583e+00  -2.2801216e-02   1.0011912e-02   4.4734376e-03
  -2.0041008e-01   4.1779004e-01  -5.4436539e+00  -2.1721196e-02   1.0509419e-02   4.1307456e-03
  -1.9090103e-01   4.0611923e-01  -5.4878359e+00  -2.2516341e-02   1.1060930e-02   4.0648218e-03
  -1.9593733e-01   3.9338237e-01  -5.4276332e+00  -2.2716612e-02   1.1507699e-02   4.2165545e-03
  -2.0675040e-01   2.5514494e-01  -5.2227079e+00  -1.7849607e-02   8.7257007e-03   4.1182151e-03
  -2.3986302e-01   5.2898313e-01  -5.3364862e+00  -3.0408705e-02   1.8736853e-02  -4.0874687e-03
  -1.9456549e-01   2.6541398e-01  -5.0789711e+00  -1.6086560e-02   8.2401418e-03   4.3673062e-03
  -2.0145831e-01   3.7886178e-01  -5.3319069e+00  -2.0177639e-02   8.3023166e-03   5.1754497e-03
  -1.6797872e-01   3.5500757e-01  -5.1309675e+00  -2.1135022e-02   7.3517525e-03   4.5846358e-03
  -1.5748197e-01   3.5402711e-01  -5.0253827e+00  -1.8928246e-02   6.2075112e-03   4.0214523e-03
  -1.8174678e-01   3.5574676e-01  -5.0325654e+00  -1.8103943e-02   6.4928589e-03   4.3197479e-03
  -2.0082865e-01   4.1520272e-01  -5.1107237e+00  -2.2953546e-02   8.7083204e-03   3.6162666e-03
  -1.6338554e-01   3.5890382e-01  -4.9048697e+00  -1.9253095e-02   6.4813428e-03   3.4189281e-03
  -1.7555020e-01   3.8987051e-01  -4.9982110e+00  -1.9882962e-02   7.1136462e-03   3.4599965e-03
  -1.6292142e-01   3.8258821e-01  -5.0314218e+00  -1.9150326e-02   7.3972958e-03   3.4764620e-03
  -2.0836930e-01   3.6465790e-01  -4.7505376e+00  -2.4779340e-02   1.1191663e-02   4.6912627e-03
  -1.5271824e-01   3.1402061e-01  -4.3640198e+00  -1.4925057e-02   1.0292626e-02   3.6502465e-03
  -1.8075647e-01   2.9446133e-01  -4.5345398e+00  -1.5998291e-02   9.6956445e-03   4.1050731e-03
  -1.5638878e-01   3.1735837e-01  -4.6451068e+00  -1.5763997e-02   9.8779613e-03   3.6970635e-03
  -1.7932520e-01   3.6210869e-01  -4.7242474e+00  -1.8429830e-02   1.1020949e-02   2.9766577e-03
  -1.7340016e-01   3.0797684e-01  -4.7728498e+00  -1.7008765e-02   9.0320846e-03   3.8905463e-03
  -2.0937562e-01   3.7198687e-01  -4.8454076e+00  -1.7115194e-02   9.5593554e-03   4.6058051e-03
  -1.9723587e-01   3.6007925e-01  -4.9328914e+00  -1.7037610e-02   9.1877226e-03   4.5728499e-03
  -2.3662390e-01   3.1320098e-01  -4.8204098e+00  -1.8014360e-02   9.7535667e-03   5.0415116e-03
  -2.1751228e-01   3.2482110e-01  -4.7498589e+00  -1.5212957e-02   8.7466167e-03   4.4204658e-03
  -2.2287782e-01   3.4133284e-01  -4.8668039e+00  -1.6712882e-02   9.3528865e-03   4.5060323e-03
  -2.1108833e-01   3.6413289e-01  -4.8786324e+00  -1.6818827e-02   8.7244777e-03   4.7331493e-03
  -2.1226184e-01   3.4769771e-01  -4.8082690e+00  -1.5604709e-02   8.5589124e-03   4.6980173e-03
  -2.3536463e-01   3.6582086e-01  -4.8627133e+00  -1.6924649e-02   8.7110753e-03   5.0087105e-03
  -2.2707843e-01   3.6248243e-01  -4.8865605e+00  -1.7373619e-02   9.3691375e-03   4.6420381e-03
  -2.6002811e-01   3.8319901e-01  -4.8978926e+00  -2.2438955e-02   8.7415149e-03   5.1125788e-03
  -1.6465946e-01   3.5436003e-01  -4.6250421e+00  -1.6470834e-02   8.4120923e-03   3.8942679e-03
  -1.9442504e-01   3.2095476e-01  -4.6744375e+00  -1.5990754e-02   8.1741796e-03   4.5481046e-03
  -2.3070548e-01   3.6680315e-01  -4.7529758e+00  -1.6090258e-02   8.5647291e-03   5.1762227e-03
  -2.1790887e-01   3.4063059e-01  -4.8786876e+00  -1.7316387e-02   8.1758120e-03   4.9107296e-03
  -2.2959955e-01   3.6055622e-01  -4.9767835e+00  -1.7972025e-02   8.6121948e-03   5.0699566e-03
  -2.1111359e-01   3.3821149e-01  -4.9171130e+00  -1.5835728e-02   8.1275595e-03   4.9803534e-03
  -2.2700416e-01   3.4982565e-01  -4.9743603e+00  -1.6018708e-02   8.4801963e-03   5.1805495e-03
  -2.2105057e-01   3.4307576e-01  -5.0538515e+00  -1.6785055e-02   8.1575576e-03   4.9578513e-03
  -2.2772066e-01   3.5019719e-01  -5.1066453e+00  -1.8174953e-02   9.0210709e-03   5.1358639e-03
  -2.1997140e-01   3.6303223e-01  -5.1491758e+00  -1.9094371e-02   8.6914829e-03   5.0798447e-03
  -2.2230315e-01   3.5363425e-01  -5.0960203e+00  -1.8443030e-02   9.0028818e-03   5.0402182e-03
  -2.1363606e-01   3.5283203e-01  -5.1158878e+00  -1.8389952e-02   9.2898462e-03   4.9876433e-03
  -1.9290415e-01   3.6252417e-01  -5.1520210e+00  -1.8789723e-02   9.0509848e-03   4.6565120e-03
  -1.8014162e-01   4.5729775e-01  -5.1490142e+00  -2.5125434e-02   8.4864050e-03   4.9931156e-03
  -1.3007801e-01   3.7089106e-01  -6.6751759e+00  -3.0627107e-02   9.8731258e-03   2.9159510e-03
  -2.9982908e-01   8.0599146e-01  -7.6321128e+00  -3.8197432e-02  -4.3173245e-03   6.4024714e-03
  -1.7312635e-01   6.4562406e-01  -7.1380296e+00  -3.2115871e-02   1.5970749e-04   3.8985206e-03
  -2.3469206e-01   6.8271639e-01  -6.9181876e+00  -3.1799586e-02   2.1314022e-04   5.5427848e-03
  -1.9928716e-01   6.3806376e-01  -6.8500318e+00  -3.0783898e-02   2.3163624e-04   5.4422916e-03
  -2.7521090e-01   6.1311154e-01  -6.6518095e+00  -3.0899272e-02   3.4392589e-03   5.7948994e-03
  -2.3002778e-01   5.8319059e-01  -6.6695537e+00  -3.0269628e-02   2.2809871e-03   5.6094952e-03
  -2.4415435e-01   5.3025165e-01  -6.5863247e+00  -2.8933345e-02   2.4837455e-03   6.3840495e-03
  -2.6551147e-01   5.3656858e-01  -6.5748291e+00  -2.9061502e-02   2.9509564e-03   6.6565572e-03
  -2.6083808e-01   5.5174668e-01  -6.6523228e+00  -3.0659498e-02   3.1879258e-03   6.7633061e-03
  -2.5944633e-01   5.2430688e-01  -6.5898413e+00  -2.9910974e-02   2.9516610e-03   6.7608319e-03
  -2.5055052e-01   5.1964859e-01  -6.5392470e+00  -2.8969968e-02   3.2814653e-03   6.7815607e-03
  -2.6036833e-01   4.9800468e-01  -6.5878208e+00  -2.8638818e-02   3.2788918e-03   6.8766102e-03
  -2.6847347e-01   4.7330208e-01  -6.5533174e+00  -2.7637560e-02   3.0314090e-03   6.7695558e-03
  -2.6828047e-01   4.8634978e-01  -6.5514835e+00  -2.7877714e-02   3.2812075e-03   6.5763620e-03
  -2.7346366e-01   4.7386357e-01  -6.5161675e+00  -2.7359716e-02   3.5056071e-03   6.8500850e-03
  -2.6839464e-01   4.6384948e-01  -6.4926567e+00  -2.6844169e-02   3.3932706e-03   6.9956987e-03
  -2.2988981e-01   4.7128643e-01  -6.4289177e+00  -2.6106784e-02   2.8452122e-03   6.2706990e-03
  -2.3974622e-01   4.9069143e-01  -6.4779954e+00  -2.6683133e-02   3.0797934e-03   6.1385877e-03
  -2.5943539e-01   4.9509057e-01  -6.4989728e+00  -2.7160967e-02   3.0537654e-03   6.6294218e-03
  -2.5533426e-01   4.8397395e-01  -6.5222067e+00  -2.7212190e-02   4.0860035e-03   6.2294692e-03
  -2.5331245e-01   4.9944844e-01  -6.6106650e+00  -2.8754370e-02   3.6486697e-03   6.3262948e-03
  -2.4154740e-01   4.8322453e-01  -6.6375150e+00  -2.8760975e-02   3.7416648e-03   6.3080142e-03
  -2.4764381e-01   4.8906796e-01  -6.5681783e+00  -2.7597119e-02   3.8749908e-03   6.3236511e-03
  -2.5947254e-01   5.6577930e-01  -6.5054010e+00  -3.3798079e-02   3.6813308e-03   5.6755978e-03
  -2.3162348e-01   4.6995719e-01  -6.1772761e+00  -2.6509700e-02   3.4834266e-03   5.3923717e-03
  -2.4820296e-01   4.9445236e-01  -6.2249855e+00  -2.7364616e-02   3.3950159e-03   5.9154075e-03
  -2.4366124e-01   5.3023308e-01  -6.3275509e+00  -2.7928987e-02   5.1479119e-03   5.4431060e-03
  -2.4456411e-01   5.3668697e-01  -6.3071783e+00  -2.8429998e-02   4.8665429e-03   5.7273003e-03
  -2.5683003e-01   5.2017189e-01  -6.2745246e+00  -2.6675880e-02   4.7676010e-03   5.8857426e-03
  -2.9724282e-01   4.8596831e-01  -6.3752755e+00  -3.1400479e-02   6.5945806e-03   7.4085335e-03
  -3.2674087e-01   4.4919632e-01  -5.3638234e+00  -3.9154719e-02   1.0001656e-02   7.8982059e-03
  -2.6653761e-01   4.0385644e-01  -6.2750447e+00  -2.1397075e-02   7.9368414e-03   4.6647804e-03
  -2.6571981e-01   4.1110921e-01  -6.7687188e+00  -2.4890553e-02   3.2262547e-03   6.0856695e-03
  -3.1227251e-01   3.0016444e-01  -6.3397100e+00  -2.2966698e-02   4.2737482e-03   5.6096489e-03
  -3.2052402e-01   2.8511554e-01  -6.1958456e+00  -2.0524163e-02   2.1902938e-03   6.0628063e-03
  -3.6083633e-01   2.1875237e-01  -5.8638897e+00  -1.7058735e-02   4.4058569e-03   6.1795789e-03
  -2.7055066e-01   3.5464625e-01  -6.0573584e+00  -2.1576618e-02   4.8269840e-03   5.8158019e-03
  -2.8594507e-01   3.6090302e-01  -6.1291034e+00  -2.2067735e-02   4.8417983e-03   5.9533614e-03
  -3.1885135e-01   4.1122114e-01  -6.1872002e+00  -2.9287840e-02   7.1004377e-03   6.1473465e-03
  -2.2860301e-01   3.7678890e-01  -5.9876066e+00  -2.2426231e-02   5.5375974e-03   5.2948962e-03
  -2.5948599e-01   3.8368346e-01  -6.0811207e+00  -2.3237502e-02   5.7638948e-03   5.3174218e-03
  -2.4923155e-01   4.1208902e-01  -6.2194065e+00  -2.5031964e-02   6.2039297e-03   5.3567981e-03
  -2.5601189e-01   4.1532195e-01  -6.2183818e+00  -2.4452496e-02   6.6098882e-03   5.1753367e-03
  -2.8422697e-01   4.1130175e-01  -6.2512241e+00  -2.6033337e-02   6.2458043e-03   5.5472115e-03
  -2.2229109e-01   5.5112257e-01  -5.5733091e+00  -3.4749319e-02   1.9364126e-02   2.0677533e-03
  -1.7046656e-01   5.0021033e-01  -5.8950209e+00  -2.8432615e-02   1.4317768e-02   3.7294258e-03
  -5.5156751e-02   2.8807190e-01  -5.4170717e+00  -2.1426015e-02   9.1035717e-03   2.8651517e-03
  -6.7102325e-02   3.5761424e-01  -5.4868633e+00  -1.9178924e-02   6.0631711e-03   2.1804605e-03
  -1.0702713e-01   6.6458450e-01  -5.6349285e+00  -2.8347112e-02   1.2757477e-02  -9.2175035e-05
  -1.3994362e-01   5.6486943e-01  -5.7474793e+00  -2.9290734e-02   1.2322594e-02   1.7749971e-03
  -1.2290213e-01   5.7485602e-01  -5.6980035e+00  -2.8740227e-02   1.2025162e-02   1.4323818e-03
  -1.4656639e-01   5.7695915e-01  -5.6937446e+00  -2.9202957e-02   1.2195827e-02   2.2100676e-03
  -1.5195848e-01   5.4138077e-01  -5.7087183e+00  -2.8571332e-02   1.2146216e-02   2.4152729e-03
  -1.3759119e-01   5.2258160e-01  -5.6720998e+00  -2.7840107e-02   1.2142600e-02   1.8674794e-03
  -1.5641027e-01   5.4715904e-01  -5.6677620e+00  -2.8474127e-02   1.2447504e-02   2.2431945e-03
  -1.5467622e-01   5.2196019e-01  -5.6580031e+00  -2.8268874e-02   1.1794008e-02   2.2501484e-03
  -1.4624161e-01   5.4346871e-01  -5.6396107e+00  -2.8106616e-02   1.1655060e-02   2.1718483e-03
  -1.6393273e-01   5.2713580e-01  -5.6682789e+00  -2.8315814e-02   1.1747039e-02   2.5291550e-03
  -1.5750753e-01   5.5276256e-01  -5.7338687e+00  -2.8961239e-02   1.1948002e-02   2.3989649e-03
  -1.6285523e-01   5.1085660e-01  -5.7191812e+00  -2.8195006e-02   1.1987098e-02   2.4136779e-03
  -1.7722739e-01   5.3118324e-01  -5.7425027e+00  -2.8518102e-02   1.1364646e-02   2.9827813e-03
  -1.7311495e-01   4.7032270e-01  -5.6708178e+00  -2.7999292e-02   1.1755560e-02   2.5722280e-03
  -1.4128002e-01   4.9856419e-01  -5.5540293e+00  -2.4306347e-02   1.1589168e-02   1.9426396e-03
  -1.6234963e-01   5.1474710e-01  -5.6664244e+00  -2.6619022e-02   1.1836693e-02   2.2880515e-03
  -1.6146356e-01   5.1834194e-01  -5.7740545e+00  -2.7818302e-02   1.2199992e-02   2.9627416e-03
  -1.7037837e-01   5.1544057e-01  -5.7567000e+00  -2.6291117e-02   1.1519932e-02   2.8915314e-03
  -1.6356733e-01   4.8069751e-01  -5.7909542e+00  -2.7369640e-02   1.0052296e-02   3.3349550e-03
  -9.6041199e-02   4.7821708e-01  -5.6144146e+00  -2.2368278e-02   9.3711136e-03   2.0429182e-03
  -1.4113179e-01   4.8988266e-01  -5.8513405e+00  -2.4669191e-02   1.0540845e-02   2.9716182e-03
  -1.5664591e-01   3.5653989e-01  -5.8732628e+00  -1.7309944e-02   9.6821823e-03   4.6737105e-03
  -5.2201155e-03   7.3284974e-01  -7.5949265e+00  -4.1088226e-02  -3.9346201e-03   4.8812735e-03
  -3.4217182e-01   1.3604717e-01  -5.1817588e+00  -1.2282294e-02   4.2814384e-03   9.9752439e-03
  -1.1437898e-01   1.5665652e-01  -5.8799088e+00  -6.2943761e-03   1.4768685e-02   3.4549525e-03
  -8.3304348e-02   8.1706207e-01  -8.8119192e+00  -3.3561552e-02  -4.0270601e-03   5.4290689e-03
  -2.5048196e-01   5.9962622e-01  -6.6038327e+00  -4.8346835e-02   5.2370339e-03   4.6534016e-03
   2.9907720e-02   4.6065855e-01  -5.6864757e+00  -1.6080263e-02   2.6654255e-03   4.6644475e-04
   3.2912015e-02   4.2441765e-01  -5.8196772e+00  -1.7735473e-02   3.0361155e-03   1.2046906e-03
   1.9627176e-02   4.1418322e-01  -5.8474786e+00  -1.7056222e-02   3.2379866e-03   1.6100294e-03
   5.7209868e-02   3.9834508e-01  -5.8476743e+00  -1.6349614e-02   1.7336730e-03   8.0057105e-04
  -3.9543118e-02   4.0693746e-01  -5.3564544e+00  -2.6309172e-02   5.1375802e-03   2.8213521e-03
  -6.6240016e-02   3.5660545e-01  -5.4141783e+00  -1.8836218e-02   4.9630937e-03   3.3267059e-03
  -8.1083802e-02   3.5944880e-01  -5.0147568e+00  -1.9824598e-02   9.1433041e-03   4.2667025e-03
   4.7307231e-02   3.9315174e-01  -5.6585826e+00  -1.9102138e-02   7.4341829e-03   1.7977118e-03
   8.9616619e-03   4.1933904e-01  -5.5916655e+00  -1.8203095e-02   7.7875170e-03   1.9367988e-03
  -5.1371514e-02   4.2101759e-01  -5.5895622e+00  -1.9844522e-02   7.8758574e-03   3.0317188e-03
  -2.9848653e-02   4.2938702e-01  -5.4056783e+00  -1.6527489e-02   9.9937059e-03   2.8774472e-03
  -1.2526171e-01   3.9263201e-01  -6.2538065e+00  -3.6163447e-02   1.2766972e-02   3.3100519e-03
  -1.2308955e-01   4.1240039e-01  -5.2049326e+00  -2.1149864e-02   7.4692748e-03   4.2020096e-03
  -3.8309118e-02   3.4596345e-01  -5.0005555e+00  -1.5306037e-02   6.0693895e-03   2.6010967e-03
  -4.9680827e-02   3.5928138e-01  -5.2592450e+00  -1.8234429e-02   5.8720461e-03   3.4604098e-03
  -9.2775556e-02   3.7009756e-01  -5.3930488e+00  -1.8846436e-02   4.1985078e-03   4.6150338e-03
  -6.1512668e-02   4.0300688e-01  -5.3677900e+00  -2.0140121e-02   4.4425601e-03   3.9779656e-03
  -8.4815193e-02   5.3713091e-01  -5.3186617e+00  -2.2518902e-02   2.2962092e-03   3.9957760e-03
  -2.5748513e-02   3.8667000e-01  -5.0876619e+00  -1.7918834e-02  -1.2002309e-03   3.4706241e-03
  -3.3955152e-01   3.6157535e-01  -6.0025754e+00  -2.9169405e-02   4.1795150e-03   8.3987191e-03
  -1.9630908e-01   4.2377745e-01  -6.1875240e+00  -2.5346382e-02   2.6353271e-03   5.7091021e-03
  -5.9260135e-02   5.0355657e-01  -6.2183103e+00  -2.5448777e-02   3.9272679e-03   3.1852880e-03
  -7.0567499e-02   4.9370999e-01  -5.9891951e+00  -2.1155192e-02   3.5983117e-03   3.3591009e-03
  -9.4142193e-02   4.7301206e-01  -5.9458819e+00  -2.1487080e-02   4.3693305e-03   3.6475217e-03
  -1.0359852e-01   4.7579329e-01  -5.9080315e+00  -2.2131023e-02   5.3261643e-03   3.8527803e-03
  -1.4129656e-01   4.4769747e-01  -5.8398161e+00  -2.3381722e-02   5.1617749e-03   4.7704399e-03
  -3.9479455e-01   4.5782995e-01  -6.6062854e+00  -2.7961086e-02   3.9268163e-04   8.6639086e-03
  -4.2557534e-01   2.8942710e-01  -5.6707918e+00  -2.7823085e-02   1.3998483e-02   7.6645665e-03
  -1.6509890e-01   4.8303777e-01  -6.8075129e+00  -2.4424113e-02   4.0750295e-03   4.1677413e-03
  -1.3708734e-01   4.3639620e-01  -6.5736938e+00  -2.3713702e-02   3.9391619e-03   4.2205227e-03
  -1.3934800e-01   4.2497886e-01  -6.5110672e+00  -2.2805802e-02   4.4699801e-03   4.1318261e-03
  -1.5614418e-01   4.1894297e-01  -6.4493544e+00  -2.3120247e-02   4.1161888e-03   4.4258755e-03
  -1.3091280e-01   3.8827694e-01  -6.5547266e+00  -2.3719049e-02   5.2281845e-03   3.4726872e-03
  -1.2339460e-01   4.7450409e-01  -6.4884241e+00  -2.7985971e-02   7.1014740e-03   2.8116258e-03
  -8.8548354e-02   4.4934354e-01  -6.2416763e+00  -2.2616262e-02   6.4992013e-03   2.1052772e-03
  -1.2895232e-01   4.6127691e-01  -6.3504076e+00  -2.4552075e-02   6.8490943e-03   2.8840839e-03
  -1.2664790e-01   4.6455083e-01  -6.3606753e+00  -2.4536457e-02   6.6186607e-03   2.8983137e-03
  -1.6912810e-01   5.2969931e-01  -6.3559037e+00  -3.7162676e-02   7.3224744e-03   3.2920088e-03
  -6.3947000e-01   1.7490420e-01  -6.5058772e+00  -4.0181011e-02   2.1205351e-02   9.6450891e-03
  -2.9304193e-01  -3.8382456e-02  -5.3501065e+00  -2.6218447e-02   5.5370532e-03   5.2992235e-03
  -3.9164821e-02  -7.9331168e-02  -9.1177779e+00  -4.6512850e-02   2.7899052e-03   5.3886104e-04
  -6.8486144e-02   4.9796976e-01  -7.7219088e+00  -1.8806436e-02  -1.1317869e-02   3.8234775e-03
  -9.4082074e-02   5.5482791e-01  -7.8775747e+00  -2.4359289e-02  -9.4384952e-03   4.0421823e-03
  -1.0234533e-01   6.0377734e-01  -7.8932217e+00  -2.9205513e-02  -6.5091978e-03   4.3256575e-03
  -1.0770142e-01   5.3849782e-01  -7.6461831e+00  -2.6843928e-02  -4.9279398e-03   4.7653694e-03
  -4.0507838e-01   2.2270556e-01  -6.3212468e+00  -4.4607374e-02   1.3294203e-02   7.1647483e-03
  -4.4417188e-01   4.5097573e-01  -8.5473594e+00  -4.7836114e-02   5.9631220e-03   8.5929170e-03
  -1.2667216e-02   3.5801354e-01  -5.7016315e+00  -1.5974196e-02   1.2663116e-03   2.4020153e-03
  -5.1415517e-02   4.0630684e-01  -6.0812020e+00  -2.0632493e-02  -1.2648813e-04   3.2090835e-03
  -8.5134266e-02   3.8520035e-01  -6.1595855e+00  -2.0788425e-02  -4.1599998e-04   4.4567106e-03
  -8.9369960e-02   3.8777982e-01  -6.1729514e+00  -2.0162572e-02  -6.5095698e-04   4.1137915e-03
  -9.1612424e-02   4.0914276e-01  -6.1869517e+00  -2.1443607e-02  -1.1398282e-04   3.9879418e-03
  -1.3405589e-01   4.0973188e-01  -6.1558257e+00  -2.1329648e-02  -6.9894445e-05   5.0552884e-03
  -1.2257897e-01   4.4616283e-01  -6.2274063e+00  -2.2883392e-02  -2.9941133e-04   4.9932476e-03
  -1.5209506e-01   4.5168814e-01  -6.0693049e+00  -2.2207613e-02  -3.7500028e-05   5.1775994e-03
  -4.8560918e-01   4.9721582e-01  -5.7537339e+00  -4.0000908e-02   1.0234520e-02   6.9479224e-03
  -1.4471886e-01   4.2505213e-01  -6.3928235e+00  -3.1775970e-02   4.6598683e-04   2.3190684e-03
  -1.1923842e-01   5.0820753e-01  -5.8383592e+00  -2.2032407e-02   8.6066005e-03   3.2199334e-03
  -1.9643535e-01   5.0997653e-01  -6.0292468e+00  -2.7527531e-02   4.9493881e-03   5.8613295e-03
  -2.1404380e-01   4.7801777e-01  -5.8771529e+00  -2.6248176e-02   4.8828269e-03   6.0201209e-03
  -2.2182266e-01   4.9296253e-01  -5.9407191e+00  -2.6962203e-02   5.3797860e-03   6.1742691e-03
  -2.3082560e-01   4.9341546e-01  -5.9500822e+00  -2.7194175e-02   4.9267443e-03   6.4441960e-03
  -2.7792518e-01   5.1200254e-01  -5.9291087e+00  -2.4142469e-02   3.8728085e-03   7.2867668e-03
  -2.7645600e-01   5.2003744e-01  -5.9552050e+00  -2.7001741e-02   2.1966724e-03   6.7920644e-03
  -2.6565895e-01   2.2614255e-01  -5.5457254e+00  -1.7966826e-02   1.2361664e-02   5.5093516e-03
  -1.0628808e-01   6.9058351e-01  -6.5871732e+00  -2.2529264e-02   1.0429031e-02   3.5241057e-03
  -3.3545612e-02   6.7260612e-01  -6.9678752e+00  -3.2417935e-02   5.8249370e-03   2.2127912e-03
  -9.0040594e-02   4.7648541e-01  -6.1313471e+00  -2.0098789e-02   1.8684936e-04   3.1931973e-03
  -1.1310510e-01   4.7709265e-01  -6.1395991e+00  -2.0954968e-02   3.7519917e-04   3.9087237e-03
  -1.5446240e-01   4.6765111e-01  -6.1421586e+00  -2.1129230e-02   1.1584267e-03   4.0204991e-03
  -1.5910260e-01   4.6714169e-01  -6.2289585e+00  -2.2312241e-02   6.8857276e-04   4.1241636e-03
  -1.6863743e-01   4.6831082e-01  -6.1992119e+00  -2.2453448e-02   8.2128379e-04   4.1497750e-03
  -1.6319248e-01   4.5664869e-01  -6.2619871e+00  -2.1867779e-02   5.7513960e-04   4.1236276e-03
  -1.8036339e-01   4.5504644e-01  -6.1990380e+00  -2.2288962e-02   1.1257578e-03   4.3446686e-03
  -2.1773718e-01   6.7138848e-01  -6.7305117e+00  -2.9170708e-02  -5.6813338e-04   6.5587087e-03
  -2.8258807e-01   6.1011919e-01  -6.8158477e+00  -4.4735274e-02   1.1635965e-02   4.9057794e-03
  -2.6254170e-01   4.9565062e-01  -6.5185056e+00  -4.1293486e-02   1.2182106e-02   5.7428028e-03
   1.4968520e-01   4.0846747e-01  -6.7943952e+00  -9.8822750e-03  -6.3896387e-03   1.9880930e-03
  -2.1555176e-01   6.1789229e-01  -8.1679993e+00  -3.4076613e-02  -2.0677241e-03   6.7748142e-03
  -2.3943109e-01   6.2338388e-01  -8.0887412e+00  -3.4850758e-02  -1.8085789e-03   7.5602585e-03
  -2.3858038e-01   6.1105530e-01  -8.0096250e+00  -3.4360076e-02  -1.1166292e-03   7.2332742e-03
  -2.2225909e-01   5.7352252e-01  -7.7377905e+00  -3.2079914e-02  -3.2080092e-04   6.3701789e-03
  -2.4448857e-01   5.6141242e-01  -7.7507448e+00  -3.2416799e-02   4.1143273e-04   6.6087836e-03
  -2.5989548e-01   5.7085278e-01  -7.7961367e+00  -3.3458243e-02   9.6906166e-05   6.7942264e-03
  -2.5146961e-01   5.9231597e-01  -7.8257463e+00  -3.3932843e-02  -6.9058210e-05   6.8361144e-03
  -2.6160260e-01   5.9417811e-01  -7.7624112e+00  -3.4770667e-02   1.6421484e-03   6.6331022e-03
  -2.4491266e-01   5.7261282e-01  -7.7951157e+00  -3.2502282e-02   1.2798393e-03   6.3482867e-03
  -2.7223939e-01   6.0074961e-01  -7.8445151e+00  -3.4677399e-02   1.3794168e-03   6.7483518e-03
  -2.4690553e-01   5.9473326e-01  -7.9144097e+00  -3.4208227e-02   7.5357016e-04   6.5343607e-03
  -2.7011504e-01   6.2939794e-01  -7.9468123e+00  -3.4954850e-02   2.1314691e-03   6.2652095e-03
  -2.7011616e-01   5.8897749e-01  -7.9320572e+00  -3.4592729e-02   1.6184591e-03   6.2395832e-03
  -3.4490561e-01   5.9710024e-01  -8.0638969e+00  -4.2997119e-02   2.4205674e-03   6.7085579e-03
  -1.5530526e-01   5.0784131e-01  -6.7903189e+00  -3.1472468e-02   3.5532202e-03   4.4456157e-03
  -1.2093595e-01   5.4141025e-01  -6.6756952e+00  -2.7029056e-02   1.6996250e-03   3.7145189e-03
  -1.7634575e-01   5.0597480e-01  -6.8025529e+00  -2.7422003e-02   8.3537924e-04   5.1252893e-03
  -1.8537116e-01   5.2857840e-01  -6.9517213e+00  -2.8850799e-02   2.7959230e-04   5.3653547e-03
  -1.8488391e-01   5.2432332e-01  -6.9054212e+00  -2.8811203e-02   1.1904851e-03   5.1107236e-03
  -1.9320702e-01   5.4510247e-01  -6.9253414e+00  -2.9100590e-02   1.0951753e-03   5.3783772e-03
  -2.0031422e-01   5.1272302e-01  -6.9189158e+00  -2.8488926e-02   1.6270276e-03   5.2999076e-03
  -2.0091399e-01   5.2040847e-01  -6.9926330e+00  -2.9379252e-02   1.4105665e-03   5.2123536e-03
  -2.2862725e-01   5.4732408e-01  -7.3970261e+00  -2.9717376e-02   9.4451769e-04   5.5942420e-03
  -2.3269739e-01   5.6637895e-01  -7.5055319e+00  -3.1962786e-02  -6.8308529e-05   5.7279885e-03
  -2.3953711e-01   5.5574459e-01  -7.4630613e+00  -3.1013949e-02   2.0460121e-04   5.9899557e-03
  -2.3466275e-01   5.5952109e-01  -7.4939111e+00  -3.1261607e-02  -2.0941151e-04   5.9156902e-03
  -2.4653114e-01   5.4106913e-01  -7.4735983e+00  -3.0406451e-02   2.2217893e-04   6.0009310e-03
  -2.3405237e-01   4.2275292e-01  -7.8526752e+00  -4.6419485e-02   6.0474295e-03   4.1461894e-03
  -4.9602412e-01   1.5606806e-01  -5.6602785e+00  -2.5589871e-02   2.3483327e-02   5.3773947e-03
  -5.0600771e-01   6.2013911e-01  -7.3238510e+00  -3.8240577e-02   1.2123975e-02   7.1001517e-03
  -5.7732385e-03   5.6565776e-01  -6.3607118e+00  -1.6088161e-02   3.2049070e-03   1.1191070e-03
   1.7209160e-03   5.4862243e-01  -6.6749361e+00  -1.7730561e-02   5.8831404e-03   1.4882311e-03
   5.1261301e-02   5.0834930e-01  -6.3565592e+00  -1.5672041e-02   3.1869135e-03   9.7425941e-04
   4.4236196e-02   5.2645173e-01  -6.3444068e+00  -1.5352246e-02   4.1000846e-03   1.1007047e-03
   1.9795214e-02   5.3003652e-01  -6.4235738e+00  -1.6527352e-02   3.3589999e-03   1.4344581e-03
   1.4912008e-02   5.0560534e-01  -6.3537699e+00  -1.4921561e-02   3.0596080e-03   1.3919303e-03
   2.4292867e-02   4.5795708e-01  -6.3279457e+00  -1.5260290e-02   3.5084934e-03   1.4035209e-03
   1.9903676e-02   4.6338664e-01  -6.2935457e+00  -1.5084091e-02   3.6464586e-03   1.4227650e-03
  -2.0205121e-02   4.6808599e-01  -6.2609439e+00  -1.5745770e-02   3.9562658e-03   2.0073339e-03
  -1.0497728e-02   4.7979105e-01  -6.2172176e+00  -1.5192143e-02   4.4075849e-03   1.8379826e-03
  -1.3946448e-02   4.9120831e-01  -6.2493038e+00  -1.6529154e-02   4.6775025e-03   2.0383962e-03
  -2.0588678e-02   4.8196101e-01  -6.2396136e+00  -1.5928620e-02   4.4297302e-03   2.0815953e-03
  -2.3668787e-02   4.9840949e-01  -6.2979746e+00  -1.6278235e-02   4.6695191e-03   2.0850179e-03
  -3.5668040e-02   4.8725825e-01  -6.3526400e+00  -1.6765824e-02   5.0028863e-03   2.4487640e-03
  -3.7254463e-02   5.0659268e-01  -6.3931028e+00  -1.6909777e-02   4.9738001e-03   2.3914668e-03
  -3.7970636e-02   5.1106278e-01  -6.4077355e+00  -1.7647094e-02   4.4760957e-03   2.5887287e-03
  -4.7218144e-02   5.0277662e-01  -6.3870187e+00  -1.7504631e-02   4.9493996e-03   2.5370765e-03
  -1.6541442e-01   3.4563514e-01  -6.6163900e+00  -3.7177421e-02   1.2346029e-02   2.0262794e-03
  -3.9981465e-02   4.8139247e-01  -4.0672137e+00  -1.8442472e-02   1.3009740e-02   1.9670159e-03
  -2.4035221e-01   5.9988818e-01  -7.6619392e+00  -2.0485862e-02   6.8697810e-03   6.5298111e-03
  -1.3200205e-01   7.4603918e-01  -8.5966469e+00  -2.8409749e-02  -3.1733972e-03   6.0911154e-03
  -1.3419363e-01   7.1796791e-01  -8.3058159e+00  -2.8719609e-02  -1.8795906e-03   5.9184236e-03
  -9.4322830e-02   6.4960676e-01  -7.8961633e+00  -2.5439574e-02  -9.8584428e-04   4.9435616e-03
  -9.0213157e-02   6.3762975e-01  -7.8727744e+00  -2.4990252e-02  -5.5340569e-04   4.6899643e-03
  -1.1059964e-01   6.3847782e-01  -7.8939917e+00  -2.6471785e-02  -3.5143751e-04   4.9646157e-03
  -1.0648738e-01   7.0463434e-01  -7.9398916e+00  -2.8358130e-02   2.2458362e-04   4.3821033e-03
  -9.8000755e-02   6.4945500e-01  -7.8918495e+00  -2.7331270e-02   9.4945294e-04   4.0901655e-03
  -9.5694549e-02   6.3454694e-01  -7.8709303e+00  -2.7711662e-02   5.0446490e-04   4.0462211e-03
  -1.1454856e-01   6.7119141e-01  -7.8753405e+00  -2.8521894e-02   1.3367374e-03   4.4769360e-03
  -1.2078797e-01   6.7855132e-01  -7.8250110e+00  -2.8898990e-02   1.6560404e-03   4.4779388e-03
  -1.3180097e-01   6.5967614e-01  -7.8313613e+00  -2.8843627e-02   1.0666985e-03   4.6282494e-03
  -1.1005776e-01   6.7225557e-01  -7.7989867e+00  -2.8879583e-02   1.0996559e-03   4.1768201e-03
  -1.1335859e-01   6.4129804e-01  -7.7890889e+00  -2.8040795e-02   1.2325799e-03   4.2061083e-03
  -1.2400864e-01   6.6165739e-01  -7.7591194e+00  -2.8207080e-02   2.1135146e-03   4.6060595e-03
