   0.0000000e+00   0.0000000e+00   0.0000000e+00   0.0000000e+00   0.0000000e+00   0.0000000e+00
  -6.8235251e-02  -1.7137483e-02  -6.3101990e-01  -8.2954084e-03  -7.2972450e-04   5.1099061e-04
   5.6281609e-02  -7.0706623e-02  -2.5535606e-02  -7.6192036e-03  -1.4272339e-03  -8.8629538e-04
   1.1254571e-01  -6.6204203e-02   3.4978162e-02  -4.6046763e-03  -3.6147700e-03  -1.8954046e-03
   9.8378995e-04  -6.7176114e-02  -7.6704587e-01  -5.2361700e-03  -4.8644873e-05   9.6470133e-04
   1.6528002e-03  -7.0936251e-02  -7.3714358e-01  -4.3761311e-03  -1.3741626e-03   1.5444109e-03
  -6.1307993e-02  -8.0977159e-03  -8.4213001e-01  -1.0692119e-02  -2.3120488e-03   1.3688852e-03
  -4.9791282e-02  -8.6299381e-02  -2.1323625e-01  -2.9200416e-03  -1.3275449e-03   1.3288252e-03
   4.6036169e-02  -6.0348487e-04   1.5656028e-01   1.1649808e-03  -2.4873474e-03  -2.3729257e-04
  -6.5311828e-03  -1.2147428e-02  -3.8961280e-01  -6.7192139e-03  -1.1616174e-03   2.5918865e-04
   1.2667461e-02  -4.4448380e-02  -1.9977616e-01  -3.5112634e-03   1.9711305e-04  -7.9558759e-04
   6.9289992e-02  -3.2246624e-02   1.9779937e-01   1.2702304e-03   3.7443574e-04  -1.0848972e-03
   3.2595036e-02  -3.8232493e-02  -4.1451141e-01  -5.9129655e-03   6.9702029e-04  -7.7486011e-04
   3.9537308e-02   1.3155551e-02   1.9757749e-01  -2.1567944e-04   1.7533465e-03  -3.8487360e-04
   1.0810957e-01  -7.2673878e-02   7.7143131e-02  -5.7470774e-03   7.5233428e-05  -8.4413103e-04
   9.9386318e-02   2.4611445e-02   1.0283652e-01  -9.7499415e-03   1.8231471e-04  -1.5173304e-03
  -1.3920551e-02  -8.0897239e-03  -6.1582321e-01  -1.0969651e-02   1.8209359e-03   1.9162043e-03
  -2.6824419e-02   9.3116547e-02  -7.3229334e-01  -1.5605462e-02   1.3076895e-03   1.4665715e-03
  -3.1369815e-02   9.0488181e-02  -9.1450939e-01  -2.1770941e-02  -5.0605503e-04   1.0640863e-03
  -8.7071953e-02  -1.1783440e-01  -3.4341538e-01  -1.9656311e-02   5.2320627e-03   2.1896732e-03
   4.8219956e-02   7.3608736e-02  -1.2151595e-02  -1.5330644e-02   2.5863408e-03   5.0127774e-04
   2.2820363e-02  -1.2355249e-02  -3.3360697e-01  -1.1914990e-02   4.4730089e-03   1.8713447e-03
  -3.8970129e-02   3.9416590e-02  -4.1102555e-01  -1.5140876e-02   2.3873782e-03   1.9644982e-03
  -4.4354574e-02  -5.4869081e-03  -3.7006926e-01  -1.7347536e-02   2.1007818e-03   2.1583973e-03
  -1.0038596e-01  -1.3819002e-01  -3.2092377e-01  -1.3348420e-02   4.3644155e-03   3.2679209e-03
  -7.2742888e-02  -1.8621878e-01  -1.0265461e-01  -2.2433464e-02   6.3245958e-03   3.5512198e-03
  -6.7382171e-02   5.8726128e-03  -3.9716620e-01  -2.1079579e-02  -6.8083619e-04   1.7883580e-03
  -1.6736275e-02   5.8643292e-05  -3.6564561e-01  -2.1027223e-02  -1.7554865e-03   1.0138076e-03
  -3.4511571e-02  -6.3960548e-02  -3.6187235e-01  -2.3178283e-02  -1.8141781e-03   8.8656114e-04
  -8.7988413e-02  -1.7578691e-01  -1.0794944e-01  -2.1374668e-02  -1.9793154e-03   7.8127107e-04
  -5.8948307e-02  -9.9568607e-02   2.5122214e-01  -1.7988723e-02  -1.6730572e-03   2.5867346e-03
  -2.7703650e-02  -1.5830187e-01   5.6861242e-01  -8.6392546e-03   9.9348257e-04   2.3731551e-03
  -1.3759743e-01  -8.8274931e-02   1.6249261e-01  -1.3210463e-02  -7.2094996e-04   4.1601779e-03
  -1.8050379e-01  -1.2282003e-01   8.8778605e-02  -1.4278804e-02  -1.5299820e-03   4.7801275e-03
  -2.1290609e-01  -1.8671905e-01   6.8507169e-02  -1.4750945e-02  -2.1077038e-03   5.0060700e-03
  -1.1935866e-01  -1.5293233e-01  -2.0202391e-01  -1.5875010e-02   1.5925450e-03   3.2762079e-03
  -9.5212979e-02  -1.1904896e-01  -2.7311925e-01  -1.6010656e-02  -2.8113157e-03   2.1335536e-03
  -7.3807360e-02  -1.8972919e-01   4.7363265e-03  -1.7376513e-02  -3.5268547e-03   1.7608960e-03
  -1.3136172e-01  -3.2845189e-01  -1.7597100e-01  -1.8217097e-02   6.7025251e-03   3.4830971e-03
   5.3005701e-02  -2.4927547e-01   1.7610622e-01  -1.3241259e-02   6.3356084e-03   2.7438163e-03
  -1.9717920e-01  -7.0157732e-02   2.1455643e-01  -7.8538835e-03   7.6469064e-03   4.7254433e-03
  -1.6610709e-01  -4.8662100e-02  -1.6637975e-01  -1.4796851e-02   5.5273998e-03   3.6088277e-03
  -1.5416595e-01  -1.3571223e-01  -1.2039577e-01  -1.5675846e-02   4.8423134e-03   3.4747192e-03
  -1.6222996e-01  -1.2867144e-01  -2.0203102e-01  -1.5643003e-02   3.5248687e-03   3.4763178e-03
  -1.8034527e-01  -2.1498825e-01  -2.4803172e-02  -1.3795275e-02   4.7238553e-03   4.3260945e-03
  -1.7715951e-01  -1.8844304e-01  -5.1367751e-02  -1.5296732e-02   3.2898454e-03   4.1452412e-03
  -2.9581719e-02  -2.5876707e-01  -5.4737229e-01  -2.2519260e-02   2.3725979e-03   4.6288585e-03
  -1.7264276e-01  -2.2955953e-01  -1.5210795e-01  -1.6634894e-02   3.8352830e-03   4.5663222e-03
  -1.3247237e-02  -3.3604048e-02  -4.4645533e-01  -1.5073902e-02  -1.0837835e-03   1.0391940e-03
  -1.3195751e-02  -1.0137857e-01  -3.9176185e-01  -1.5357715e-02  -1.0209438e-03   1.0861912e-03
   1.4572734e-02  -1.3223511e-01  -3.4175439e-01  -1.6400972e-02  -5.4146316e-04   6.6503032e-04
   1.0063494e-02  -1.5959455e-01  -3.3788943e-01  -1.5708008e-02  -9.3639910e-04   9.8290713e-04
  -1.6642567e-02  -1.5017598e-01  -4.9931064e-01  -1.5001059e-02  -1.2614797e-03   1.0164958e-03
  -3.8780940e-02  -1.5669805e-01  -6.2989455e-01  -1.7848519e-02  -6.7146564e-04   1.3230978e-03
  -2.0079597e-02  -1.1856417e-01  -4.8164193e-01  -2.0284762e-02   2.4580240e-03   5.3465715e-04
   1.1050303e-01  -8.1660134e-03  -4.9523328e-01  -1.4858961e-02  -3.0977669e-03  -1.2698546e-03
   8.5629647e-02  -4.0721758e-02  -4.8818026e-01  -1.6317828e-02  -3.2923547e-03  -9.8207050e-04
   5.6101303e-02  -3.6211899e-02  -4.7974169e-01  -1.7089122e-02  -3.7059266e-03  -6.1417474e-04
   5.3181241e-02  -6.7649499e-02  -4.1324214e-01  -1.6436256e-02  -3.6353767e-03  -4.8974924e-04
   4.0857853e-02  -7.9371138e-02  -4.4032457e-01  -1.5782068e-02  -3.8097751e-03  -2.1670088e-04
   2.0263546e-02  -8.2089515e-02  -4.2645551e-01  -1.5380199e-02  -3.5804916e-03  -5.7719246e-06
   4.1335822e-02  -7.3313943e-02  -4.7650605e-01  -1.6735706e-02  -2.3938894e-03  -2.0158489e-04
   1.6035056e-02  -1.3065182e-01  -4.3651814e-01  -1.5901028e-02  -2.9706620e-03   2.3051267e-04
   3.9065040e-03  -1.0065528e-01  -5.2451362e-01  -1.6901242e-02  -3.1312893e-03   2.4760897e-04
  -3.9251763e-03  -9.5733192e-02  -5.3813680e-01  -1.7367891e-02  -2.9560905e-03   5.8950226e-04
   1.1198906e-01  -1.8533823e-01  -7.4232300e-01  -2.2929836e-02   5.0340355e-03  -1.5902811e-03
   6.6992657e-02  -6.1641695e-02  -1.3026839e+00  -2.2654975e-02   7.0626472e-03   2.2563113e-04
  -7.0222444e-03  -3.2123944e-02  -1.6324361e+00  -2.6689326e-02   4.6955386e-03   6.3028638e-04
  -8.5200769e-03  -5.5922104e-03  -1.5834723e+00  -2.7662825e-02   5.5211538e-03   7.2006361e-04
  -3.2558815e-02  -3.4163197e-02  -1.6553887e+00  -2.9735488e-02   5.2828597e-03   1.2298980e-03
  -2.5279116e-02  -6.8972264e-02  -1.5472674e+00  -2.7565092e-02   5.9641610e-03   1.1973412e-03
  -2.6833101e-02  -6.8911625e-02  -1.5901177e+00  -2.8518132e-02   6.2663532e-03   1.0740987e-03
  -4.1430458e-02  -5.8211973e-02  -1.5822692e+00  -2.8971067e-02   6.5890226e-03   1.2709029e-03
  -3.7504452e-02  -7.3700294e-02  -1.5600281e+00  -2.8592846e-02   6.3693475e-03   1.3315111e-03
  -5.2628125e-02  -5.2665689e-02  -1.5718898e+00  -2.8882603e-02   6.3348741e-03   1.6065605e-03
  -7.1756889e-02  -6.8188578e-02  -1.5362220e+00  -2.8397334e-02   5.9200468e-03   1.7037925e-03
  -7.3245054e-02  -7.3734356e-02  -1.5392560e+00  -2.8272723e-02   6.3013313e-03   1.8153589e-03
  -7.6612525e-02  -8.9568172e-02  -1.4894019e+00  -2.8082409e-02   6.6733044e-03   1.9569394e-03
  -8.5572563e-02  -4.4301879e-02  -1.5378793e+00  -2.8260365e-02   6.5675594e-03   2.1034807e-03
  -1.0421311e-01  -1.0074402e-01  -1.5635771e+00  -2.8503580e-02   6.4947678e-03   2.4333722e-03
  -9.7582176e-02  -7.7157803e-02  -1.6674022e+00  -2.9058407e-02   6.7649130e-03   2.4072901e-03
  -7.6410350e-02  -9.2804647e-02  -1.6809913e+00  -2.8902008e-02   6.9282054e-03   2.0082528e-03
  -8.4567648e-02  -8.2253629e-02  -1.7477652e+00  -2.9393211e-02   7.2357151e-03   2.2669736e-03
  -1.1551190e-01  -1.0267901e-01  -1.8336360e+00  -3.0640652e-02   5.7948282e-03   2.8966411e-03
  -7.7693820e-02  -5.5822752e-02  -2.0440968e+00  -3.1551925e-02   6.2925417e-03   2.5636713e-03
  -1.1451953e-01  -1.0325711e-01  -1.9905803e+00  -3.1553688e-02   6.2867116e-03   3.0097507e-03
  -1.0722031e-01  -8.9330005e-02  -1.9820169e+00  -3.1084097e-02   6.2874336e-03   3.1584478e-03
  -1.3726935e-01  -1.4700499e-01  -1.4880711e+00  -2.8242579e-02   8.1718251e-03   2.6631846e-03
  -1.0139103e-01  -8.6207484e-02  -1.4499585e+00  -2.5039379e-02   5.1212723e-03   2.5957365e-03
  -1.3009733e-01  -1.3342659e-01  -1.5727294e+00  -2.6032011e-02   4.5578275e-03   2.9043463e-03
  -1.4898487e-01  -7.3646394e-02  -1.7914678e+00  -2.8642693e-02   6.2793918e-03   2.8351148e-03
  -1.3646112e-01  -1.3434219e-01  -1.7601535e+00  -2.7071625e-02   6.9222045e-03   2.6417508e-03
  -1.1438310e-01  -1.0545765e-01  -1.9056295e+00  -3.2456385e-02   6.8652549e-03   1.2840294e-03
  -1.0912338e-01  -1.3627516e-01  -1.3429156e+00  -2.3219761e-02   5.2051884e-03   2.0880745e-03
  -1.0443684e-01  -8.4722810e-02  -1.4619675e+00  -2.4394232e-02   4.1308292e-03   1.8719745e-03
  -1.3586552e-01  -1.0892334e-01  -1.4505680e+00  -2.4440162e-02   6.6581648e-03   2.0347463e-03
  -6.4092227e-02  -4.2735513e-02  -1.7792018e+00  -2.8497664e-02   5.6444139e-03   6.7386662e-04
  -1.0685964e-01  -5.4944690e-02  -1.7548671e+00  -2.9241612e-02   6.8430479e-03   7.4746824e-04
   1.3135907e-04  -1.2094169e-01  -1.5275687e+00  -2.3266787e-02   9.4685812e-03  -1.0395711e-03
  -1.1011426e-02  -2.4251529e-02  -1.9916635e+00  -2.6814101e-02   1.0166445e-02  -8.8868174e-04
  -5.4312338e-02  -9.3651900e-02  -2.1764607e+00  -2.8823790e-02   9.8647867e-03  -1.1015864e-06
  -5.1081880e-02  -5.7641172e-02  -2.2965217e+00  -2.9976017e-02   9.8592919e-03  -7.4187746e-05
  -7.3187337e-02  -1.0231696e-01  -1.1638372e+00  -2.3302334e-02   7.4959302e-03   9.2736353e-04
   5.3570400e-02  -6.1185106e-02  -1.1293647e+00  -1.8302488e-02   5.3373912e-03  -1.1999516e-03
   1.7425015e-03  -9.5568546e-02  -1.4914923e+00  -2.1687199e-02   3.9388373e-03  -2.7571225e-04
   8.7832163e-03  -5.7248648e-02  -1.6185893e+00  -2.3186731e-02   4.0349227e-03  -2.0242164e-04
  -6.3062370e-02  -1.5686221e-01  -1.3604071e+00  -2.0385585e-02   6.5922274e-03   4.2004512e-04
  -3.8641245e-02  -5.6581818e-02  -1.7532551e+00  -2.2722652e-02   7.3821160e-03   6.2759986e-04
  -4.9829209e-02  -8.6763194e-02  -1.8576579e+00  -2.4345126e-02   7.3166823e-03   6.2271931e-04
  -4.1320682e-02  -8.2474694e-02  -1.2618229e+00  -1.8178989e-02   8.4872341e-03   5.0886758e-04
  -4.1006133e-02  -6.8973156e-02  -1.9791456e+00  -2.3675979e-02   1.0235853e-02   6.0235191e-04
  -9.7849580e-03  -8.2153700e-02  -2.1490966e+00  -2.5449411e-02   1.0050747e-02   2.5455704e-04
  -4.5697474e-02  -5.4538802e-02  -2.4824231e+00  -2.9169543e-02   9.9340840e-03   7.3411910e-04
  -6.4427382e-02  -3.2087050e-02  -2.5552872e+00  -3.1773496e-02   1.0649702e-02   8.8205011e-04
  -4.6812180e-02  -2.9343938e-02  -2.5202189e+00  -3.0351918e-02   9.9663723e-03   6.9911803e-04
  -6.3203506e-02  -4.4881962e-02  -2.6184575e+00  -3.0867333e-02   9.7214049e-03   1.0598847e-03
   1.6597235e-02   3.4636360e-02  -1.6231844e+00  -2.1797909e-02   9.3279015e-03  -8.4491297e-04
   7.2362983e-02   5.0771708e-02  -2.0832917e+00  -2.6847355e-02   8.9738938e-03  -1.0017933e-03
   7.9641604e-03   5.1665940e-02  -2.2354102e+00  -2.9200206e-02   9.7026799e-03   7.7889008e-05
  -7.8836723e-03  -6.7587635e-03  -2.4012717e+00  -3.1166309e-02   9.5818953e-03   3.9280904e-04
  -1.0277939e-02   3.5859365e-02  -2.4519409e+00  -3.1954407e-02   9.1707675e-03   6.4041337e-04
  -2.8774899e-02   4.4857894e-02  -2.4722937e+00  -3.2832147e-02   9.2805063e-03   8.2975136e-04
  -2.5865156e-02   3.3593224e-02  -2.4644427e+00  -3.2764720e-02   9.6221031e-03   7.9760148e-04
  -1.1064046e-01  -9.9680104e-02  -1.9456512e+00  -2.6501627e-02   1.2057788e-02   1.7316407e-03
  -2.1282651e-02  -6.0434153e-02  -2.0093873e+00  -2.4222448e-02   1.0706430e-02   1.7853164e-04
  -6.6347620e-02  -6.1461480e-02  -2.3465533e+00  -2.8622057e-02   1.1240671e-02   1.0232667e-03
  -8.1996295e-02  -4.3015415e-02  -2.5048768e+00  -3.0709503e-02   1.0819049e-02   1.3868212e-03
  -8.7083418e-02  -8.5891777e-02  -1.5682961e+00  -2.3779309e-02   1.1110511e-02   9.1566420e-04
  -3.8526597e-02  -5.2137113e-02  -1.8245313e+00  -2.3369137e-02   1.0308332e-02   2.0465668e-04
  -4.8616133e-02  -3.9394636e-02  -2.0916444e+00  -2.6651246e-02   1.0274240e-02   2.3103273e-04
   5.3005510e-02  -5.0999013e-02  -1.2191886e+00  -1.5951382e-02   1.0235188e-02  -1.8543143e-03
   4.2600664e-02  -2.0482509e-02  -2.0222146e+00  -2.4196782e-02   1.1846460e-02  -9.9548392e-04
   2.6204887e-02  -3.6289270e-02  -2.1913796e+00  -2.7129960e-02   1.1249019e-02  -9.6508721e-04
  -1.3514633e-02  -1.4344552e-01  -2.3246044e+00  -3.5127796e-02   1.1326409e-02  -3.4772732e-04
   2.2780554e-02  -5.7955322e-02  -1.6929495e+00  -2.1158171e-02   1.0204829e-02  -5.5459490e-04
  -2.3103418e-02  -2.2860600e-02  -2.0611264e+00  -2.5286499e-02   9.8270999e-03   9.2042029e-06
  -2.2468459e-02  -2.4248287e-02  -2.1058041e+00  -2.7002103e-02   9.5748738e-03  -2.8528725e-04
  -2.4047345e-02  -1.2411080e-03  -2.1281987e+00  -2.7033919e-02   9.8967592e-03  -5.3425185e-04
  -2.0164617e-02  -2.3792062e-02  -2.1488128e+00  -2.6557139e-02   9.7584611e-03  -3.3083115e-04
  -4.4894746e-02  -7.8648473e-02  -2.1619142e+00  -2.6306178e-02   8.9979947e-03   4.7006853e-04
  -2.6250732e-02   2.6726085e-02  -2.2072327e+00  -2.7098460e-02   1.0185873e-02   4.0917131e-05
   3.0446916e-02  -8.4081116e-02  -1.2454328e+00  -1.4869314e-02   1.1390827e-02  -1.5204294e-03
  -2.0529773e-02  -1.2785650e-01  -2.3077740e+00  -2.9955385e-02   1.1872516e-02  -1.1396008e-04
  -3.2011021e-02  -6.0340412e-02  -1.6758560e+00  -2.0960237e-02   1.0790338e-02  -3.5095543e-04
  -2.8650469e-02  -4.6791113e-02  -1.9461808e+00  -2.5738115e-02   1.1171430e-02  -1.2795245e-04
  -5.6556663e-02  -3.7349783e-02  -1.9780059e+00  -2.6857917e-02   1.0779595e-02   2.8417270e-04
  -3.1444836e-03  -1.0321336e-01  -2.1467461e+00  -3.1667887e-02   1.0837466e-02   1.5578951e-04
   1.8345695e-02  -1.0481555e-01  -1.2343026e+00  -1.5396943e-02   1.0195751e-02  -4.4735579e-04
  -3.4356009e-02  -6.2440661e-02  -1.7456457e+00  -2.1299753e-02   1.1053600e-02   7.7695014e-04
  -6.6957263e-02  -8.3869079e-02  -2.1722898e+00  -3.0177242e-02   1.0304820e-02   1.4713181e-03
   7.7953667e-02   1.5756042e-02  -1.3583302e+00  -1.8476214e-02   8.4300744e-03  -1.6418706e-03
   1.4297413e-02  -7.0365696e-02  -1.9423831e+00  -2.4486406e-02   8.7331110e-03  -4.4784209e-04
  -4.3169939e-02  -1.3581896e-01  -1.7395311e+00  -3.0614123e-02   1.0224086e-02   3.6430247e-04
   6.8097266e-02  -6.8966601e-03  -1.6658890e+00  -2.1636668e-02   9.1918528e-03  -1.4227836e-03
   3.3163004e-02  -3.8407927e-03  -1.9593678e+00  -2.5880168e-02   9.1965894e-03  -9.8798850e-04
   3.7098166e-02  -4.3142294e-02  -1.9912907e+00  -2.5615911e-02   8.7199650e-03  -7.9148537e-04
   1.4843468e-02  -1.4121802e-02  -2.0863902e+00  -2.6543273e-02   8.2223630e-03  -7.6767358e-04
  -7.3395062e-03   3.7924667e-03  -2.1157993e+00  -2.6939447e-02   8.0101585e-03  -3.9502210e-04
   2.5386591e-03  -4.7237025e-02  -1.1819567e+00  -2.2353436e-02   9.1468188e-03  -7.2474081e-04
   3.4714222e-02  -6.6264061e-02  -1.2464357e+00  -1.8378656e-02   8.8697749e-03  -1.0230478e-03
   7.0613901e-02  -2.0459277e-02  -1.2003035e+00  -1.6279236e-02   7.8086331e-03  -1.3720371e-03
   3.1745192e-02  -4.0374588e-02  -1.5114606e+00  -1.8337343e-02   7.3674171e-03  -6.7908736e-04
  -3.2706513e-02  -1.6399883e-02  -1.9075572e+00  -2.4504489e-02   6.7098208e-03   1.1107345e-03
   4.8388817e-02   9.2148470e-02  -1.8216826e+00  -2.3962596e-02   8.1571320e-03  -3.7223167e-04
   6.1361548e-02   5.4290558e-02  -1.9562368e+00  -2.3781481e-02   7.7912961e-03  -6.0440747e-04
   1.2737338e-02   7.0136967e-02  -2.2439893e+00  -2.7618709e-02   8.7498427e-03   8.1705852e-05
  -7.0142280e-03   1.3434452e-03  -1.2475626e+00  -1.8344975e-02   8.9062666e-03  -2.3708658e-04
  -1.4159783e-02  -4.3858662e-02  -1.9657740e+00  -2.3665285e-02   1.0458659e-02   6.0301621e-04
  -5.7417827e-02  -2.9499110e-02  -2.2649102e+00  -2.6678100e-02   1.0362665e-02   1.3102428e-03
  -5.5101431e-02  -2.9615219e-02  -2.3124135e+00  -2.8389920e-02   1.0361563e-02   1.1219390e-03
   1.5062825e-02  -1.3132910e-02  -1.0329509e+00  -1.2164095e-02   5.7227567e-03  -1.7060916e-04
  -2.9654028e-02  -3.8088232e-02  -2.1002477e+00  -2.1895048e-02   7.0179338e-03   1.5089332e-03
  -6.7189355e-02  -3.0530010e-02  -2.4115845e+00  -2.5539566e-02   6.6981956e-03   1.9768936e-03
   5.6751053e-02  -8.1554269e-03  -1.1528097e+00  -1.6209633e-02   7.6781042e-03  -8.5477471e-04
  -2.7694265e-02  -3.7490531e-02  -1.8166415e+00  -1.9825609e-02   7.8255314e-03   9.6169737e-04
  -9.5807879e-02  -9.2515301e-02  -1.6509252e+00  -2.2543740e-02   9.1691542e-03   1.5031392e-03
  -2.0780799e-02  -5.9655319e-02  -1.9591767e+00  -2.1869417e-02   8.4202996e-03   5.7447641e-04
  -4.6119872e-02  -5.2345528e-02  -2.0430134e+00  -2.4069839e-02   8.7415381e-03   9.1598515e-04
  -4.6578821e-02  -5.2829517e-02  -1.3237242e+00  -2.0500502e-02   8.1324057e-03   6.0743603e-04
  -8.1735703e-03  -9.0677288e-02  -1.6760385e+00  -1.9872454e-02   7.7446162e-03  -6.6773580e-05
  -2.5761247e-02  -6.4790525e-02  -1.9615150e+00  -2.3198464e-02   8.1831975e-03   4.7360313e-04
  -3.3032062e-02  -1.5899582e-02  -1.3749897e+00  -2.2480159e-02   9.0716773e-03   4.9851901e-04
   1.8297771e-02  -1.7584443e-02  -1.9887870e+00  -2.3047473e-02   8.2126571e-03  -7.4535757e-05
  -2.6828368e-05   5.5504603e-03  -1.2864724e+00  -1.8240859e-02   7.6098531e-03  -2.9251900e-04
  -2.5743254e-02  -5.8466178e-02  -1.7517771e+00  -2.0649010e-02   6.0592326e-03   2.9512114e-04
  -5.6640517e-02  -4.0185514e-02  -2.0431388e+00  -2.3955622e-02   6.3733810e-03   5.9431142e-04
  -1.7000095e-02  -5.6894738e-02  -1.2861655e+00  -1.9353581e-02   7.5992320e-03  -1.5400483e-04
  -2.7682456e-02  -4.8979665e-02  -2.0966867e+00  -2.1554733e-02   5.3929014e-03   6.5025665e-04
  -5.8661997e-02  -3.6166259e-02  -2.2835937e+00  -2.3740975e-02   5.9188180e-03   1.0324525e-03
  -6.7252067e-02  -5.7744056e-03  -2.3900290e+00  -2.6084300e-02   6.0169418e-03   1.2660144e-03
   2.2676178e-02  -6.9289714e-02  -1.0914989e+00  -1.3766244e-02   6.2880887e-03  -6.6501754e-04
  -3.3316841e-02  -9.7958873e-02  -1.7041623e+00  -1.9500532e-02   7.6311989e-03   6.1946711e-04
  -2.9966676e-02  -6.0865727e-02  -1.9470749e+00  -2.2048974e-02   7.4864546e-03   4.8580578e-04
  -3.4972746e-02  -5.1491192e-02  -2.0645620e+00  -2.4088418e-02   7.6903233e-03   5.1650811e-04
  -4.1604716e-02  -4.5236302e-02  -2.0442506e+00  -2.3754193e-02   7.5715307e-03   5.2125355e-04
  -6.6609298e-02  -4.4645925e-02  -2.0425232e+00  -2.4502466e-02   7.2886496e-03   6.1515143e-04
  -5.3553198e-02  -6.1366121e-03  -1.9924557e+00  -2.3932385e-02   7.5656147e-03   6.0615401e-04
   5.3642234e-02  -1.2653902e-01  -1.1792301e+00  -1.6851087e-02   9.9733274e-03  -2.4353668e-03
  -3.0937926e-02  -1.3797903e-01  -1.6894701e+00  -1.7955719e-02   1.2284279e-02  -5.2449130e-04
  -9.9365937e-02  -1.6912352e-01  -1.9723553e+00  -1.9191277e-02   1.2468351e-02   5.9073948e-04
  -2.5780029e-02  -1.5684374e-01  -2.0192997e+00  -2.1935414e-02   1.2444282e-02  -6.8433087e-04
  -8.4016179e-03  -7.0848548e-02  -2.2702745e+00  -2.6390778e-02   1.1521593e-02  -5.4505430e-04
   2.5380259e-02  -2.5886703e-02  -2.4137587e+00  -2.6482287e-02   1.1180552e-02  -8.0027713e-04
  -2.8250466e-03  -3.8970914e-02  -2.3435258e+00  -2.7688888e-02   1.0723346e-02   1.9052450e-05
   7.4666709e-02  -4.2995710e-02  -1.5239600e+00  -1.7158946e-02   7.2553788e-03  -2.1501027e-03
   6.9459150e-03  -6.1580906e-02  -2.0032232e+00  -2.2115057e-02   1.0187973e-02  -8.2037261e-04
  -1.1355021e-02  -4.0414189e-02  -2.2183984e+00  -2.5251957e-02   1.0391086e-02  -8.3102990e-04
  -2.6204771e-02  -5.7169377e-02  -2.1811644e+00  -2.5040634e-02   1.0027549e-02  -6.0389340e-04
   7.5087577e-02   3.6385632e-02  -1.7220460e+00  -2.0721325e-02   9.8273227e-03  -1.7214322e-03
   3.7962536e-02  -2.2824471e-02  -1.9098250e+00  -2.2826994e-02   9.4525945e-03  -1.2305904e-03
   2.5576935e-02   8.7371293e-03  -2.1493528e+00  -2.4012725e-02   9.6254362e-03  -1.0742284e-03
   3.6616537e-02  -8.7486948e-03  -2.0952229e+00  -2.2384740e-02   8.8305407e-03  -1.0228450e-03
   3.8866571e-02  -6.3283536e-02  -1.5787966e+00  -1.7209627e-02   8.3787089e-03  -1.1756771e-03
  -2.4851742e-02  -7.5594960e-02  -2.0521443e+00  -2.2428416e-02   7.9749948e-03  -2.1840452e-04
  -7.5629355e-03  -2.6820335e-03  -2.2164137e+00  -2.4964787e-02   7.4555914e-03  -6.1526959e-05
  -2.5312723e-02  -3.2968565e-03  -2.2717665e+00  -2.5443724e-02   7.3150300e-03   2.5992154e-05
  -1.2356655e-02  -2.5145798e-03  -2.4294230e+00  -3.1709955e-02   7.2095691e-03  -1.7391022e-03
   2.6998416e-02   3.0717705e-02  -1.6620724e+00  -1.9285104e-02   6.1999347e-03   5.8729041e-04
  -3.9462539e-02  -1.7988592e-02  -1.9376628e+00  -2.1081685e-02   7.2035462e-03   1.0926543e-03
  -4.6806741e-03   6.3868025e-02  -1.5033770e+00  -2.3746750e-02   8.1759523e-03  -9.3007607e-05
   8.4161922e-03   3.1850780e-02  -1.7793671e+00  -2.0576452e-02   8.4867331e-03  -7.8482616e-04
  -1.0159163e-02   2.7664154e-02  -2.2486440e+00  -2.5651533e-02   8.5320077e-03  -4.0087085e-04
  -6.3449778e-02  -1.4362804e-02  -1.7295721e+00  -2.6147695e-02   9.1905017e-03   2.3295845e-04
  -1.8123014e-02  -3.0694302e-02  -1.7064771e+00  -2.0454219e-02   7.2924706e-03  -1.3894914e-04
  -3.8956328e-02  -4.4777712e-02  -1.9647987e+00  -2.1681752e-02   6.9465875e-03   6.6035141e-04
  -5.8219784e-02  -2.8832634e-02  -2.1285839e+00  -2.4106157e-02   6.9391882e-03   1.2748697e-03
  -6.5128409e-02   4.1477874e-05  -2.1932676e+00  -2.5304644e-02   7.1595444e-03   1.2177466e-03
  -2.4235916e-02   4.4675244e-02  -2.1908172e+00  -2.5584538e-02   6.9814324e-03   9.9517554e-04
  -6.5396164e-02  -3.8992034e-03  -2.1656492e+00  -2.4812603e-02   6.7154281e-03   1.2399773e-03
  -8.1489732e-02  -5.1529907e-03  -2.2461973e+00  -2.6094107e-02   7.1283138e-03   1.8026422e-03
   7.6311472e-02  -6.7702792e-02  -1.3385360e+00  -1.4335618e-02   7.4947095e-03  -2.5870976e-03
  -1.0141585e-02  -5.4604278e-02  -1.9195630e+00  -2.0972867e-02   9.1202449e-03  -5.4592607e-04
  -3.3074203e-02  -2.7060029e-02  -2.0990045e+00  -2.2673007e-02   9.0283752e-03  -2.8953715e-04
  -4.8477573e-02  -2.5948919e-02  -2.2230297e+00  -2.4884657e-02   8.7582957e-03  -2.0813286e-04
  -4.4312126e-02  -5.5794900e-02  -2.2054149e+00  -2.3380413e-02   9.4659407e-03  -4.7908167e-04
  -4.3815756e-02  -5.9082503e-02  -2.2416048e+00  -2.4491540e-02   9.0644885e-03   1.2106095e-04
  -9.5574905e-02  -2.1940166e-01  -1.9357572e+00  -2.5053747e-02   9.0153417e-03   1.2432461e-03
  -2.8145010e-02  -1.3610725e-01  -1.7064273e+00  -1.7301933e-02   7.5533235e-03   2.7787645e-04
  -5.5445466e-02  -8.3304479e-02  -1.9698786e+00  -2.1996313e-02   7.4347410e-03   8.1388500e-04
  -4.7993451e-02  -6.9346279e-02  -2.0420038e+00  -2.2519309e-02   6.5308131e-03   5.6835349e-04
  -4.7309657e-02  -7.2435046e-02  -2.0974473e+00  -2.2325812e-02   6.9552166e-03   6.6310596e-04
  -2.7423725e-03  -1.4330730e-01  -1.8872057e+00  -1.5490117e-02   4.9877732e-03   2.9315532e-04
  -5.9003242e-02  -8.4727815e-02  -2.1756612e+00  -2.2688161e-02   5.1604973e-03   1.9003105e-03
   6.9218893e-03  -8.7490865e-02  -1.7223428e+00  -1.5864871e-02   7.1674649e-03   3.0343306e-04
  -1.9955197e-02  -4.9017864e-02  -2.0002114e+00  -2.0095339e-02   8.0472392e-03   8.7523706e-04
   5.0403909e-03  -1.6019867e-01  -2.1033924e+00  -2.6520418e-02   9.4169045e-03  -5.0073473e-04
   3.2588780e-02  -7.2492621e-02  -1.5473560e+00  -1.5658143e-02   8.8479295e-03  -5.6678134e-04
   9.7781591e-03  -6.6593045e-02  -1.7297799e+00  -1.8403256e-02   8.8628089e-03  -2.4820591e-04
   1.1662904e-02  -3.7395762e-02  -1.8996735e+00  -2.0965052e-02   8.3015739e-03  -3.7656682e-04
   2.6882634e-02  -5.8594273e-02  -1.8372595e+00  -2.0672576e-02   8.7892481e-03  -5.4067318e-04
   1.5997772e-03  -4.4060812e-02  -1.8205616e+00  -2.0072452e-02   8.5837990e-03  -1.8548165e-04
   1.5183577e-02  -7.0221622e-02  -1.8662473e+00  -2.0044792e-02   8.4461540e-03  -3.6200313e-04
  -7.0439129e-03  -1.8668460e-01  -1.6988836e+00  -2.1297889e-02   1.0241356e-02  -4.7290827e-04
   1.6132520e-03  -6.5366131e-02  -1.6493982e+00  -1.7082371e-02   8.8624726e-03  -3.2561604e-04
   1.0044253e-02  -2.1098394e-01  -1.7938712e+00  -2.0360749e-02   1.0899166e-02  -1.5194969e-03
   7.8599140e-02  -7.9274195e-03  -2.1262315e+00  -2.1618361e-02   1.0160954e-02  -1.4993715e-03
   4.7541323e-02  -1.1565055e-01  -2.2283072e+00  -2.2074829e-02   1.0555545e-02  -4.6091156e-04
   7.0140324e-03  -2.1971941e-02  -2.2745034e+00  -2.1662658e-02   1.0109212e-02   6.7189823e-06
   8.7616741e-03  -8.7132716e-02  -2.4664271e+00  -2.3204561e-02   9.0104645e-03   2.9550760e-04
  -2.8748857e-02  -3.6364972e-02  -1.6342540e+00  -1.8660055e-02   8.3194247e-03   5.2197424e-04
   1.5233238e-02  -8.4828152e-02  -1.8428225e+00  -1.6917394e-02   6.8731638e-03   1.2484203e-04
  -6.6689496e-03  -4.7863846e-02  -2.1093221e+00  -2.1032536e-02   6.9259597e-03   9.9265119e-05
  -2.5788962e-02  -4.5147003e-02  -2.2551109e+00  -2.2976057e-02   6.5778645e-03   6.2539750e-04
  -3.1362018e-02  -2.2065493e-02  -2.2567588e+00  -2.2719429e-02   6.1646169e-03   6.0569919e-04
  -6.2442508e-02  -1.1759873e-01  -1.7174314e+00  -2.2584379e-02   9.6415016e-03   6.5412453e-04
  -5.8704390e-02  -2.3136174e-02  -1.9932711e+00  -2.0076201e-02   7.0853670e-03   9.0376188e-04
  -8.8423855e-02  -5.0232290e-02  -2.2733732e+00  -2.2698916e-02   6.8078388e-03   1.5792578e-03
  -6.1667554e-02  -1.4348866e-02  -2.2488248e+00  -2.2957861e-02   6.7659099e-03   1.2920571e-03
  -1.0114228e-01   7.6135014e-03  -2.3391007e+00  -2.4634820e-02   6.2997969e-03   2.4232729e-03
   9.0850442e-02  -6.6118201e-02  -1.4987484e+00  -1.5624614e-02   7.9466843e-03  -2.4191316e-03
   1.0706781e-02  -6.0326466e-02  -2.0434090e+00  -2.1276555e-02   8.7183342e-03  -7.0357857e-04
  -3.3676480e-02   4.0388908e-03  -1.5084040e+00  -1.9877775e-02   8.6881796e-03   6.4309497e-04
  -1.6332948e-02   8.9578149e-03  -2.0987287e+00  -2.2689438e-02   9.7572891e-03   6.1651486e-04
  -4.5318061e-02   1.8449895e-03  -2.2991909e+00  -2.4203156e-02   9.8794149e-03   8.8579966e-04
  -2.1982156e-02   9.3054775e-03  -2.3920962e+00  -2.4552052e-02   9.6843361e-03   5.3353369e-04
   7.3660466e-02  -4.5468904e-02  -1.3602304e+00  -1.1740187e-02   8.3493858e-03  -1.9716977e-03
   3.4959261e-02  -2.7566530e-02  -2.2483024e+00  -2.2138612e-02   1.0377550e-02  -7.8936196e-04
  -4.5740787e-02  -1.1899183e-01  -2.2493228e+00  -2.7830585e-02   1.1849052e-02  -2.3704411e-04
   1.3140254e-02  -4.2686121e-02  -2.1138705e+00  -2.1230052e-02   1.0970759e-02  -5.8061646e-04
  -1.1541529e-02  -3.0384809e-02  -2.2569377e+00  -2.2662249e-02   1.0400523e-02   6.4762056e-05
  -4.7131108e-02  -4.6987163e-02  -1.7114960e+00  -2.1470598e-02   1.0586869e-02   4.4752515e-04
  -1.4236440e-02  -1.0446423e-01  -1.9929640e+00  -2.0301296e-02   7.4484602e-03   2.5667589e-04
   4.2502204e-03   1.2261522e-02  -1.5658285e+00  -1.8273396e-02   9.0084387e-03  -4.0703669e-04
  -4.1922770e-02  -3.5611137e-02  -2.2572116e+00  -2.3281482e-02   6.5924069e-03   6.3340912e-04
  -2.1044378e-02   4.5225828e-02  -2.1773815e+00  -2.2003147e-02   7.0581733e-03   4.9721518e-04
  -4.7774250e-03   1.1856386e-02  -2.4488609e+00  -2.4715195e-02   7.7628947e-03  -1.1170014e-04
   8.2559088e-02  -4.5666904e-02  -1.1739577e+00  -1.2562412e-02   7.6832226e-03  -2.0582213e-03
   8.8354859e-03  -6.7024370e-02  -1.7258620e+00  -1.7021224e-02   7.8317459e-03  -4.8235126e-04
   1.4392812e-02  -2.8599204e-02  -1.5338854e+00  -1.7227560e-02   9.5862275e-03  -1.1345233e-03
  -1.2486130e-02  -6.5729514e-02  -2.1157331e+00  -2.2534355e-02   7.3790770e-03   7.4150659e-05
   2.5170637e-02  -2.8615010e-02  -1.8264821e+00  -1.7936304e-02   9.0681838e-03  -1.0049663e-03
  -1.3340238e-02  -1.5967857e-02  -2.1333032e+00  -2.2226455e-02   8.4323646e-03  -3.6960067e-05
   1.1991480e-02  -2.0824917e-02  -2.1683049e+00  -2.2684357e-02   8.2553400e-03  -7.6786870e-05
  -2.6309923e-03  -5.1304004e-02  -1.5139657e+00  -1.9829891e-02   9.4945257e-03  -5.5944703e-04
   2.0761197e-02  -2.4197704e-02  -2.0661652e+00  -2.1040572e-02   9.0113573e-03  -7.3541671e-04
  -3.9330980e-03  -1.5822184e-02  -2.1144116e+00  -2.2555177e-02   8.7123342e-03  -3.2443013e-04
   9.5402218e-02  -5.1415911e-02  -1.1921492e+00  -9.2864018e-03   7.4687193e-03  -2.7686363e-03
   1.9417282e-02  -4.6702007e-02  -2.0069629e+00  -2.1065531e-02   8.9213355e-03  -1.2690341e-03
   1.7503165e-02  -7.2944587e-02  -2.2384889e+00  -2.5728544e-02   9.8489619e-03  -9.9423975e-04
   8.1480498e-02  -3.0201974e-02  -1.4929090e+00  -1.6434312e-02   8.7016146e-03  -2.2825331e-03
   3.8800413e-03  -2.9773750e-02  -1.4276648e+00  -1.8113125e-02   9.6177457e-03  -1.4489123e-03
   3.6720677e-03  -4.6500535e-02  -1.8994056e+00  -1.8940002e-02   8.8511656e-03  -7.2075207e-04
  -3.1338563e-02  -3.6823742e-02  -2.1347764e+00  -2.1050727e-02   8.3930397e-03  -2.4957197e-04
  -3.8594223e-02  -3.0832767e-02  -2.2544214e+00  -2.2710521e-02   8.5968125e-03  -3.6560975e-04
   1.8776430e-03  -1.5239947e-01  -2.0717940e+00  -2.7158748e-02   1.1176165e-02  -2.3920153e-03
   8.3106722e-03  -7.0111649e-02  -1.8632289e+00  -1.8399011e-02   8.2909429e-03  -1.1448035e-03
  -1.6590099e-02  -7.4185437e-02  -2.0508851e+00  -1.9950461e-02   8.9473688e-03  -5.4294137e-04
  -1.3306943e-02  -1.3218124e-02  -2.2309870e+00  -2.2544729e-02   8.3910868e-03  -4.4423655e-04
   1.2127823e-01  -4.4768369e-02  -2.2950477e+00  -2.2156206e-02   7.5849774e-03  -2.8249687e-03
   1.6797704e-02  -7.3513738e-03  -2.2970631e+00  -2.2154075e-02   7.6208769e-03  -7.9943411e-04
  -1.1896118e-02   4.2290324e-04  -2.4472831e+00  -2.4849974e-02   7.7992477e-03  -6.2811165e-05
  -1.8382659e-02  -1.1076547e-02  -2.4900466e+00  -2.4431183e-02   7.5441135e-03  -5.3182298e-05
  -7.3524495e-03  -2.7025572e-03  -2.4999225e+00  -2.4577894e-02   7.4933024e-03  -3.8517108e-04
   1.6435294e-02  -1.7786655e-02  -1.7479136e+00  -2.1392044e-02   1.0796407e-02  -2.2053152e-03
   8.2401110e-03  -4.4389701e-02  -2.0493075e+00  -1.9976429e-02   8.7179788e-03  -8.1068760e-04
  -1.7590901e-02  -2.5428106e-02  -2.3305363e+00  -2.2965376e-02   9.0421997e-03  -5.4864522e-04
  -3.2509793e-03   4.0887059e-02  -2.6295640e+00  -2.9159174e-02   9.7192097e-03  -1.9269974e-03
  -5.2222929e-02   2.2777278e-02  -2.4656447e+00  -2.5086774e-02   8.4411677e-03   4.5971175e-04
   6.0764478e-02   5.0954895e-03  -1.5627544e+00  -1.2457408e-02   8.6192834e-03  -2.9980217e-03
   7.9307884e-03  -1.4493811e-02  -2.4740804e+00  -2.2501130e-02   1.0647832e-02  -9.5651766e-04
  -5.0520355e-02  -1.0279138e-01  -2.7079028e+00  -2.7919847e-02   8.7844874e-03   4.3384214e-04
   7.6764085e-02  -2.1230981e-02  -1.7781957e+00  -1.7076392e-02   8.6657695e-03  -3.1888401e-03
   3.4082514e-02  -1.4558284e-02  -2.1935807e+00  -2.1572393e-02   9.8018395e-03  -2.1145392e-03
   3.9367457e-02   4.6056239e-02  -2.2753102e+00  -2.3657426e-02   9.2069055e-03  -1.9858271e-03
  -2.0695194e-02   3.3702442e-02  -1.6625571e+00  -1.9781980e-02   1.1012228e-02  -8.5137472e-04
  -2.0629197e-02   1.8741060e-02  -2.3010040e+00  -2.1627359e-02   8.2474255e-03  -6.3619500e-04
  -2.1836398e-02   9.5292367e-04  -2.3926721e+00  -2.3421624e-02   8.0281454e-03  -2.0505475e-04
  -1.4166943e-02  -8.5130977e-03  -2.6272015e+00  -2.8911247e-02   7.6104772e-03   8.5628348e-04
   4.0586795e-02  -5.6294895e-02  -1.8531969e+00  -1.7737799e-02   7.7853400e-03  -1.8390142e-03
  -4.9714838e-03  -6.8706293e-02  -2.0931868e+00  -1.9880143e-02   8.7949024e-03  -8.2817163e-04
  -8.0331854e-02  -3.1752098e-02  -1.9445562e+00  -2.4005746e-02   9.3208682e-03   4.7449552e-04
   8.3075224e-03  -5.7261317e-02  -1.8865442e+00  -1.7788751e-02   8.8768774e-03  -4.0144390e-04
  -1.1643018e-02  -7.7925249e-04  -2.1322798e+00  -2.1096263e-02   9.1194465e-03  -6.3471888e-05
   4.8113962e-02   1.2008325e-02  -1.6104679e+00  -1.5864098e-02   7.3726939e-03  -1.7168626e-03
  -2.0844847e-02  -2.6264252e-02  -2.3352831e+00  -2.2406340e-02   6.7899538e-03  -2.7593321e-04
  -2.9688869e-02  -3.0778297e-02  -2.4684886e+00  -2.3878065e-02   6.8604979e-03   1.1964527e-04
  -6.9309969e-02  -4.6682124e-02  -2.4284715e+00  -2.2366276e-02   6.6507059e-03   6.5796104e-04
  -2.1099040e-03  -1.9937116e-02  -1.6211152e+00  -1.7428260e-02   9.5703077e-03  -1.4219538e-03
  -5.0657309e-03  -3.8610358e-02  -2.2618181e+00  -1.8765353e-02   8.8604130e-03  -5.9532164e-04
  -3.1026827e-02  -4.0188064e-02  -2.5224686e+00  -2.2000874e-02   8.4438262e-03  -3.0660833e-04
   4.1144508e-02  -1.2392105e-02  -1.9469977e+00  -1.7862198e-02   7.5453353e-03  -7.4341892e-04
   9.5062075e-03  -5.0764289e-02  -2.4047878e+00  -2.1647590e-02   8.7109407e-03  -4.5725331e-04
   4.8034731e-03   1.6753628e-03  -2.2680012e+00  -2.0697422e-02   7.3293780e-03  -3.3491903e-04
  -1.6585888e-02   2.3256927e-03  -2.5233075e+00  -2.3179093e-02   7.6183362e-03   8.1227197e-05
  -2.8446119e-02  -3.3066160e-04  -2.5043591e+00  -2.3627450e-02   7.7985940e-03   4.5372752e-04
  -3.6781345e-02   1.9106589e-02  -2.5716628e+00  -2.3666078e-02   7.4360848e-03   4.2651027e-04
  -3.5175378e-02  -1.3095837e-03  -2.5859489e+00  -2.3248407e-02   6.9959020e-03   3.3028271e-04
  -5.7050744e-03  -4.9116393e-03  -2.2864374e+00  -2.1141973e-02   8.2423291e-03  -8.5553870e-05
  -1.8040366e-02  -1.3556124e-02  -2.3885840e+00  -2.1481181e-02   8.1918419e-03   1.1018406e-04
  -3.4507167e-02  -3.8424418e-02  -2.4543099e+00  -2.3038445e-02   8.4804333e-03   3.3038436e-04
  -3.9478013e-03   2.8096346e-02  -2.5686310e+00  -2.4490566e-02   8.3112223e-03   3.0255083e-05
  -3.9793159e-02  -2.6839807e-02  -2.4525352e+00  -2.2517728e-02   8.5625647e-03   3.6417006e-04
   1.8880337e-02  -1.1728474e-01  -1.6899239e+00  -1.3074265e-02   4.2793437e-03  -1.1295155e-03
  -2.0339260e-02  -9.1221993e-02  -2.1209444e+00  -1.8102037e-02   5.9280105e-03  -3.3461128e-04
  -8.1908290e-02  -8.9291896e-02  -1.8494093e+00  -2.3814883e-02   8.3630166e-03   2.9572173e-04
   5.9444143e-02  -7.0220568e-02  -1.6620709e+00  -1.5613014e-02   3.7376439e-03  -1.6571325e-03
   2.3514530e-02  -4.8227501e-02  -1.8690088e+00  -1.7464847e-02   4.3736464e-03  -1.0150925e-03
   3.4789779e-02  -2.9158836e-02  -1.5868496e+00  -1.5274899e-02   6.6101585e-03  -1.3177530e-03
   2.0543849e-02  -6.2788184e-02  -1.9880932e+00  -1.7257313e-02   7.3568213e-03  -1.2523912e-03
  -1.5264090e-02  -4.3057913e-02  -2.1551325e+00  -1.9588486e-02   7.2835761e-03  -6.8974781e-04
   1.6037401e-02  -1.9164288e-01  -2.3625983e+00  -2.5704150e-02   8.3151674e-03  -1.9342765e-03
   1.2985447e-01   2.9609902e-02  -2.4321713e+00  -2.3125015e-02   1.0863331e-02  -3.1243357e-03
   6.3448704e-02  -2.8548766e-02  -2.3355337e+00  -2.0781804e-02   1.0219000e-02  -1.6176393e-03
   2.0208335e-03  -1.9789029e-02  -2.0631141e+00  -1.8653195e-02   9.9068855e-03  -4.2476954e-04
  -6.2275194e-03  -2.2878551e-02  -2.2864007e+00  -2.1767687e-02   1.0322476e-02  -2.7340720e-04
  -2.0411139e-02  -5.0537829e-02  -2.2992297e+00  -2.2001548e-02   1.0247050e-02   1.6501270e-04
  -3.4241072e-02  -3.1976544e-02  -2.1579885e+00  -2.8567499e-02   1.2325921e-02  -1.6438239e-03
  -1.6060716e-02  -8.8458437e-02  -1.9363692e+00  -1.7724700e-02   7.9535739e-03  -4.9933434e-04
  -4.4234335e-02  -6.3173017e-02  -2.1690969e+00  -1.9849095e-02   8.2747516e-03  -8.1825260e-05
  -4.5450884e-02  -3.4435178e-02  -2.2377612e+00  -2.1187459e-02   8.2376062e-03  -2.1879105e-04
   2.6197765e-02  -1.0571210e-01  -2.1628800e+00  -2.6163812e-02   1.1811863e-02  -3.4896460e-03
   1.6729329e-02   5.4160721e-03  -2.3779797e+00  -2.0665165e-02   9.0626570e-03  -2.3811191e-03
   7.5895684e-02  -1.9507479e-02  -2.0804169e+00  -1.6346641e-02   8.6961284e-03  -2.3041104e-03
   3.1671028e-02   5.0572226e-02  -2.4490562e+00  -2.2602773e-02   9.1860392e-03  -1.7604360e-03
   2.2480193e-02   5.9968682e-02  -2.6192299e+00  -2.3350366e-02   8.9759004e-03  -1.6491043e-03
   1.7079172e-02   5.6193968e-02  -2.6918690e+00  -2.4877627e-02   8.9348945e-03  -1.2800247e-03
   2.3897185e-04  -1.1128905e-01  -2.5791473e+00  -3.1115631e-02   9.9573901e-03  -1.4256221e-03
   5.2770510e-03  -5.7141870e-02  -1.7737491e+00  -1.6239831e-02   7.5257149e-03  -1.1361524e-03
  -3.0806271e-02  -5.4811645e-02  -2.2120731e+00  -2.2739226e-02   7.4266158e-03  -4.6780016e-04
   6.7563667e-02  -4.3314704e-02  -1.9446956e+00  -1.3970940e-02   7.0556747e-03  -2.4021489e-03
  -5.9477893e-02  -8.1644579e-02  -1.8249438e+00  -1.7575695e-02   8.2934215e-03  -2.1717923e-04
  -1.6085538e-02  -6.0477221e-03  -2.1204464e+00  -1.7082219e-02   6.2806331e-03  -6.3708141e-04
   7.2389526e-02  -2.9679156e-02  -1.7869133e+00  -1.2569218e-02   7.0472121e-03  -1.9311944e-03
   4.9576911e-02  -4.4741435e-02  -2.1349373e+00  -1.5755385e-02   6.7747040e-03  -1.4920133e-03
   1.7866171e-02   1.3607782e-02  -2.2729416e+00  -1.9017084e-02   7.7496572e-03  -1.1675162e-03
   3.9492814e-02   2.0643687e-02  -2.2691464e+00  -1.8253917e-02   6.7263443e-03  -9.0798596e-04
   3.3184951e-02   8.7775037e-02  -1.6744061e+00  -1.4288215e-02   6.5512656e-03  -1.3077414e-03
   1.0090890e-02   2.2913129e-03  -2.3845755e+00  -1.9566655e-02   6.2036948e-03  -8.2150229e-04
   3.2108142e-02   1.6186261e-02  -2.3198738e+00  -2.0565510e-02   6.5116315e-03  -1.1720110e-03
   1.2933373e-02  -1.7357537e-03  -2.3577260e+00  -2.1758112e-02   5.7962176e-03  -1.0698345e-03
  -1.6295815e-02   4.4378576e-02  -2.3624622e+00  -2.1376988e-02   6.0594954e-03  -4.4266581e-04
  -1.2978053e-02  -6.3266991e-05  -2.3767912e+00  -1.9886544e-02   5.4090318e-03  -2.8053809e-04
   4.8105558e-02  -8.8915511e-02  -1.5042351e+00  -9.6008509e-03   6.4445258e-03  -1.8375469e-03
   2.6555424e-03  -1.9082438e-02  -2.0321625e+00  -1.6373879e-02   7.9148170e-03  -9.3275348e-04
  -2.2458342e-02  -9.4477875e-03  -2.2126302e+00  -1.9229646e-02   7.5938667e-03  -8.1467885e-04
  -1.2925230e-02  -2.3977193e-02  -2.2653823e+00  -1.8980666e-02   6.9946040e-03  -8.0761726e-04
   4.2907617e-04  -1.8246724e-03  -2.2383133e+00  -1.8959454e-02   6.5949113e-03  -7.8973122e-04
  -1.4770795e-02   2.0880079e-02  -2.2165049e+00  -1.9218696e-02   6.4569597e-03  -7.5353231e-04
   4.2463398e-02   6.9461309e-02  -2.3780588e+00  -2.5181131e-02   7.4871423e-03  -2.0637799e-03
   1.8004328e-02  -1.8747644e-02  -1.5251093e+00  -1.0663982e-02   5.1119327e-03   3.0619832e-04
  -9.9518392e-03   5.3810151e-02  -1.6460592e+00  -1.2388488e-02   6.2357286e-03   6.0829525e-04
  -1.5824709e-02   5.6094758e-02  -2.1179366e+00  -1.8955024e-02   8.5827816e-03  -6.8165243e-04
  -3.1977506e-02   9.0047860e-03  -2.0753489e+00  -1.6480568e-02   5.3394603e-03   8.7525236e-04
  -2.7940893e-03   6.7374445e-03  -2.1436404e+00  -1.9068976e-02   6.4170674e-03  -4.9937180e-05
  -8.4740826e-03  -2.8930321e-02  -2.1324101e+00  -1.7059265e-02   5.0364703e-03   4.8414016e-04
   3.3303680e-02  -4.5146648e-02  -1.5579604e+00  -1.0580999e-02   8.6522780e-03  -2.6272356e-04
  -1.7227358e-03  -1.0006194e-02  -1.7917694e+00  -1.2758846e-02   8.0564600e-03   5.8258840e-04
  -1.2581722e-02  -1.0358501e-01  -2.0215920e+00  -1.9518320e-02   9.3280019e-03   9.8257479e-05
   4.7669533e-02  -4.9683986e-02  -1.5374217e+00  -1.0369778e-02   1.0510649e-02  -8.1838555e-04
   3.6747047e-02  -1.2108718e-02  -1.8233661e+00  -1.4426701e-02   9.3270702e-03  -4.9176396e-04
   1.8418048e-02   1.9562135e-03  -1.9571153e+00  -1.6143638e-02   8.8917454e-03  -3.5004310e-04
   3.6321338e-02  -9.1032890e-03  -1.8925284e+00  -1.3324524e-02   6.3174181e-03  -3.5717864e-04
   3.5535672e-03   2.5088745e-02  -2.0023304e+00  -1.6175440e-02   6.1070123e-03  -6.0085613e-05
  -1.6931939e-02  -1.4147852e-02  -1.9219376e+00  -1.5446190e-02   5.6585140e-03   3.8573908e-04
  -2.4382418e-03   1.8012873e-02  -1.9779966e+00  -1.5817596e-02   5.4581413e-03   1.9082784e-04
  -4.7263004e-02   1.0335278e-01  -1.9042934e+00  -1.0327425e-02   6.0698348e-03   7.0358861e-04
  -1.7395264e-01  -7.9107507e-02  -2.7150626e+00  -1.1538370e-02   5.3901070e-03   3.3117644e-03
  -2.2096079e-01  -2.9515393e-01  -2.8541402e+00  -2.4418268e-02   6.8825849e-03   4.5464521e-03
  -1.0971176e-01  -1.3028893e-01  -2.5113685e+00  -1.9227084e-02   9.1179261e-03   4.3831544e-03
  -3.7837701e-01  -1.8197626e-01  -1.7614285e+00  -1.7626671e-02   1.3696273e-02   6.1932632e-03
  -3.2008916e-01  -3.0366258e-01  -1.5806275e+00  -1.0687885e-02   1.2123665e-02   4.0169266e-03
  -3.3579882e-01  -4.3934769e-01  -1.2745594e+00  -1.2693604e-02   9.1698865e-03   3.6212983e-03
  -2.1063595e-01  -4.0036582e-01  -6.8301758e-01  -1.5249632e-03   3.4101663e-03   2.1296534e-03
  -1.7355157e-01  -3.1097875e-01  -1.0509438e+00  -4.7406803e-03   2.0428993e-03   1.9722349e-03
  -8.8939223e-02  -2.3394090e-01  -1.3435209e+00  -8.7474685e-03   2.6415992e-03   1.3490640e-03
  -4.8958597e-02  -1.8946199e-01  -1.1991528e+00  -9.5225012e-03   5.4276500e-04   3.7666324e-04
  -8.5158865e-02  -1.5948391e-01  -1.4683310e+00  -1.1811031e-02   2.5165985e-03   6.3293967e-04
  -1.0756286e-01  -1.8072272e-01  -1.4515962e+00  -1.2365120e-02   1.1777928e-03   7.1602931e-04
  -1.1812429e-01  -1.4683762e-01  -1.5679181e+00  -1.3579660e-02   1.4218922e-03   1.0958787e-03
  -1.2297111e-01  -1.6472007e-01  -1.6196600e+00  -1.4148116e-02   1.1953941e-03   1.2527054e-03
  -1.3669797e-01  -5.3266605e-02  -2.0358842e+00  -1.8781208e-02   7.6428433e-04   2.0708447e-03
  -1.1722409e-02  -8.4368323e-02  -1.6941271e+00  -1.3424050e-02   2.2471040e-03  -1.4878720e-04
  -6.0654817e-02  -1.2026743e-01  -1.5947478e+00  -1.2417001e-02   1.9901654e-03   6.3944240e-04
  -1.3429063e-01  -1.2575953e-01  -1.3664076e+00  -1.0412025e-02   3.0281580e-03   1.1987764e-03
  -4.0118035e-02  -1.2332274e-01  -1.6073612e+00  -1.1247687e-02   2.7311310e-03   1.4749098e-04
  -7.0053219e-02  -1.2325754e-01  -1.7826081e+00  -1.3556350e-02   2.4425127e-03   7.0414539e-04
  -6.5939061e-02  -1.2246999e-01  -1.9152970e+00  -1.4319128e-02   2.5687879e-03   7.0470861e-04
  -7.4699262e-02  -1.1469710e-01  -2.1399874e+00  -1.5626794e-02   1.8707678e-03   7.4226503e-04
  -8.6457825e-02  -7.0970594e-02  -2.2482726e+00  -1.9363229e-02   1.6849652e-03   1.4432626e-03
  -1.6942004e-01  -1.2846312e-01  -2.0685299e+00  -1.9028177e-02   4.3906170e-03   2.2753400e-03
  -1.2477746e-01  -9.1339053e-02  -2.1057840e+00  -1.4811629e-02   4.5684431e-03   2.0770733e-03
  -1.1152401e-01  -6.9635259e-02  -1.6404392e+00  -1.0321434e-02   5.4720150e-03   2.2379050e-03
  -1.5465484e-01  -1.1195940e-01  -2.3211459e+00  -1.6614666e-02   3.9943098e-03   2.5987623e-03
  -1.6609290e-01  -9.4675486e-02  -2.4839464e+00  -1.9845367e-02   4.9689354e-03   2.7973517e-03
  -1.4515955e-01  -7.8796960e-02  -2.5172804e+00  -1.8735128e-02   4.5213449e-03   2.7031866e-03
  -1.7480039e-01  -2.2200101e-01  -2.7013443e+00  -2.5158872e-02   6.1244348e-03   3.4003445e-03
  -1.2810411e-01  -7.7614248e-02  -2.4778905e+00  -1.8708624e-02   5.4597875e-03   3.1027995e-03
  -1.7020061e-01  -1.1175159e-01  -2.2002652e+00  -1.5802957e-02   7.3679151e-03   3.5649792e-03
  -1.4385103e-01  -9.6464523e-02  -2.5983979e+00  -1.8437579e-02   6.1676944e-03   2.9964341e-03
  -1.4972359e-01  -9.0850246e-02  -2.7567886e+00  -2.0450642e-02   7.1301530e-03   2.9757701e-03
  -1.6382219e-01  -8.8815649e-02  -2.9218368e+00  -2.2039751e-02   6.7468774e-03   3.2062452e-03
  -1.7180678e-01  -1.1881931e-01  -3.0221941e+00  -2.4501208e-02   6.0731416e-03   3.4627319e-03
  -1.4826176e-01  -9.5016915e-02  -2.5249508e+00  -1.7743258e-02   5.7532465e-03   2.8277946e-03
  -1.0156533e-01  -1.1021525e-01  -1.8754498e+00  -1.2389043e-02   5.0144692e-03   1.7128348e-03
  -1.1046748e-01  -1.0269871e-01  -2.2449867e+00  -1.6526834e-02   5.4129671e-03   2.0574776e-03
  -1.0965160e-01  -7.9324526e-02  -2.4934916e+00  -1.8531605e-02   5.3534962e-03   1.9994403e-03
  -1.4084299e-01  -2.5255241e-01  -2.5443064e+00  -2.2309225e-02   7.1589722e-03   2.1825353e-03
  -1.1935802e-01  -1.0209492e-01  -2.2848531e+00  -1.4963467e-02   4.9197325e-03   2.2067959e-03
  -1.8526877e-01  -9.0438670e-02  -2.5922435e+00  -1.8422419e-02   4.8298680e-03   3.5252482e-03
  -1.8931781e-01  -9.7025496e-02  -2.7088264e+00  -1.8781239e-02   4.1251114e-03   3.6989392e-03
  -1.0483782e-01  -1.0379573e-01  -2.0289626e+00  -1.3549672e-02   5.9266296e-03   2.1459850e-03
  -9.9532944e-02  -5.0097467e-02  -2.5130194e+00  -1.6239441e-02   3.5435663e-03   2.4282670e-03
  -1.1440824e-01  -8.8261848e-03  -2.0524356e+00  -1.4496548e-02   7.5422517e-03   2.3726757e-03
  -9.9487368e-02  -4.7832537e-02  -2.4810217e+00  -1.6860310e-02   6.6730057e-03   2.1739751e-03
  -1.3758618e-01  -3.9742830e-02  -2.8300765e+00  -2.0553685e-02   6.2774670e-03   2.6769656e-03
  -1.6011260e-01  -5.5538408e-02  -2.8502926e+00  -2.1031883e-02   5.5439655e-03   3.0088435e-03
  -1.4899495e-01  -3.2345455e-02  -2.9359770e+00  -2.0963513e-02   5.4379362e-03   2.8593645e-03
  -7.0595146e-02  -9.3675460e-02  -2.6763248e+00  -1.6749949e-02   7.7543357e-03   1.6961006e-03
  -7.7952646e-02  -2.4241599e-03  -2.8500250e+00  -2.0820487e-02   5.6618231e-03   1.7111535e-03
  -6.2332760e-02  -4.7030815e-02  -2.7946607e+00  -1.9897607e-02   5.9648982e-03   1.1103163e-03
  -1.0469571e-01  -3.6323211e-02  -2.8844609e+00  -2.2456855e-02   6.1705889e-03   1.8389516e-03
  -1.1990591e-01  -4.4658001e-02  -2.9078790e+00  -2.2113131e-02   5.8273344e-03   1.9617358e-03
  -1.2469920e-01  -6.8813262e-02  -1.9006048e+00  -1.5594916e-02   7.3641721e-03   2.1398188e-03
  -1.0777779e-01  -7.0661731e-02  -2.3616599e+00  -1.7098153e-02   7.2093930e-03   2.2045454e-03
  -1.3144314e-01  -9.5377579e-02  -1.8968768e+00  -1.8249979e-02   7.9403636e-03   2.9702458e-03
  -5.7104245e-02  -3.5524563e-02  -2.1592688e+00  -1.4758279e-02   6.1433024e-03   1.9419110e-03
  -9.2758597e-02  -3.8172278e-02  -2.4282131e+00  -1.8545147e-02   6.5597961e-03   2.5267819e-03
  -7.2900030e-02  -6.5238078e-02  -1.4763084e+00  -1.1324965e-02   7.0024457e-03   1.0325821e-03
  -7.3669901e-02  -4.1182704e-02  -2.4552455e+00  -1.5878299e-02   6.5439671e-03   1.5246932e-03
  -1.2587827e-01  -4.7551554e-02  -2.5713577e+00  -1.8332371e-02   6.1383391e-03   2.2817367e-03
  -1.1091190e-01  -2.4222528e-02  -2.6248782e+00  -1.8937921e-02   5.2178869e-03   2.3402195e-03
   4.3824384e-03  -9.6288546e-02  -1.6329562e+00  -1.9257292e-02  -1.7937119e-03   1.1401245e-04
   8.5364048e-02  -1.3805660e-05  -1.2507903e+00  -1.3823610e-02  -2.0579602e-04  -1.3332940e-04
   5.9546525e-03   3.1853162e-02  -1.1557183e+00  -1.0990268e-02   1.6251732e-04   7.9961855e-04
  -1.2146046e-02  -6.0005249e-02  -1.0222282e+00  -1.1496147e-02  -1.2558963e-03   1.7525395e-03
   8.0264226e-02   2.0611362e-02  -1.4005902e+00  -9.0483237e-03  -5.4388281e-03   1.7086149e-04
   6.9719512e-03  -4.6919467e-02  -1.0251763e+00  -6.9025882e-03  -4.3179947e-03   1.1800913e-03
   2.6411539e-02  -6.8187361e-03  -1.3915930e+00  -8.7338444e-03  -3.7905552e-03   1.2108653e-03
   1.9626496e-02  -1.5983012e-02  -1.4737728e+00  -9.6024177e-03  -3.8562152e-03   2.0439520e-03
  -2.8227651e-02  -2.1439287e-02  -1.6273552e+00  -9.4771025e-03  -1.4386227e-03   2.3366811e-03
  -4.6444558e-02   7.7371872e-04  -1.7928611e+00  -1.2797493e-02  -7.7277181e-04   3.2134963e-03
  -1.2905558e-01  -6.8856926e-02  -1.7136031e+00  -1.0210107e-02   8.2983671e-04   4.7638284e-03
  -1.2109746e-01  -9.4966179e-02  -1.9297576e+00  -1.5652185e-02  -8.5692235e-04   4.3365265e-03
  -7.3737226e-02  -4.6362408e-02  -1.4691958e+00  -8.2504419e-03  -1.6601351e-03   2.8086759e-03
  -9.6040924e-02  -1.5300773e-02  -1.6817882e+00  -1.1097547e-02  -5.4675967e-04   3.1026083e-03
  -9.5184595e-02  -5.6169473e-02  -1.7292878e+00  -1.0496056e-02  -1.4180179e-03   3.1966693e-03
  -9.4727556e-02  -1.2774646e-01  -1.8070936e+00  -1.1330121e-02  -1.2509115e-03   3.1192097e-03
  -1.3328400e-01  -3.7085704e-02  -1.9292031e+00  -1.0328429e-02   1.7263330e-04   3.9059981e-03
  -1.5124319e-01  -1.4198701e-02  -2.1045517e+00  -1.2990908e-02  -3.1922233e-04   4.0824828e-03
  -1.5730708e-01   4.4774580e-03  -2.1053722e+00  -1.4437740e-02   6.7580440e-05   4.1559127e-03
  -1.5461437e-01  -2.0064158e-02  -2.2250004e+00  -1.8227364e-02  -3.8484855e-04   4.8156696e-03
  -5.8228169e-02  -1.4796475e-02  -1.2403721e+00  -5.9991310e-03   1.7156454e-03   2.9305566e-03
  -6.5719452e-02   5.4708917e-03  -1.4577937e+00  -8.3921941e-03   2.1177128e-03   3.3636335e-03
  -2.3921422e-02   2.8641828e-03  -1.7936852e+00  -1.7091579e-02   3.9183338e-03   1.9887674e-03
  -1.2129752e-01  -9.9031167e-02  -1.2742632e+00  -9.0199332e-03  -1.2406785e-03   3.5346213e-03
  -2.0243070e-01  -6.7090730e-03  -2.0895949e+00  -2.1476254e-02  -2.5564048e-03   4.9371968e-03
  -1.6944477e-01  -9.4594709e-02  -1.4237052e+00  -1.0953486e-02  -4.5777561e-04   4.8010340e-03
  -1.8679746e-01  -9.0909145e-02  -1.3890633e+00  -8.2721936e-03  -2.1927385e-03   4.5642474e-03
  -1.9293101e-01  -6.8555278e-02  -1.7279917e+00  -1.1588406e-02  -2.8307344e-03   4.9314676e-03
  -2.4411837e-01  -5.2685751e-02  -1.9014547e+00  -1.3792883e-02  -2.6791824e-03   5.6720563e-03
  -2.2344632e-01  -7.8289859e-02  -2.5951459e+00  -1.8979407e-02   3.0240248e-03   5.3535488e-03
  -2.9286907e-01  -4.1088532e-02  -2.1206875e+00  -1.8835411e-02   4.2849869e-03   5.9212714e-03
  -1.7956147e-01  -5.0951181e-02  -2.0143416e+00  -1.2351123e-02   2.7394773e-03   4.3386196e-03
  -2.0328419e-01  -4.5041679e-02  -2.2409954e+00  -1.5686894e-02   2.9517394e-03   4.5514188e-03
  -2.2039247e-01  -2.1281740e-02  -2.3782143e+00  -1.7466201e-02   2.0145808e-03   4.8796804e-03
  -1.4327919e-01   5.3298909e-02  -1.9713273e+00  -1.3509812e-02   1.2834549e-03   4.5579054e-03
  -1.9703352e-01  -2.4348592e-03  -2.4374150e+00  -1.7758594e-02   1.8646720e-03   5.0748225e-03
  -1.3557405e-01  -3.9994845e-02  -1.7193824e+00  -7.1555169e-03   8.9994113e-04   3.6063189e-03
  -1.9299191e-01  -8.5927091e-03  -2.5642783e+00  -1.7126005e-02   2.0859098e-03   4.7995043e-03
  -2.1540526e-01  -3.0836568e-02  -2.7484136e+00  -1.9626975e-02   2.4453986e-03   5.2636110e-03
  -2.0078999e-01  -1.8415810e-02  -2.8395958e+00  -1.9434589e-02   2.2946525e-03   4.7744177e-03
  -2.1138703e-01  -1.1574112e-01  -3.0570354e+00  -2.6686393e-02   2.0299613e-03   5.3002422e-03
  -1.6614803e-01   3.1969446e-02  -2.1997346e+00  -1.4216205e-02   2.1549265e-03   4.2998881e-03
  -1.9869373e-01  -1.8333555e-02  -2.4653973e+00  -1.6180929e-02   1.9912652e-03   5.1351209e-03
  -2.0102665e-01   3.8149186e-02  -2.6694148e+00  -1.9224861e-02   2.0552870e-03   4.8813830e-03
  -1.9683139e-01   5.6330983e-02  -2.5970128e+00  -1.7414977e-02   1.8104009e-03   4.8913595e-03
  -1.7755130e-01  -9.7775359e-03  -1.5637106e+00  -1.0366898e-02   4.1276794e-03   4.4446465e-03
  -1.2011004e-01   2.8854423e-02  -1.7516944e+00  -1.5777446e-02  -7.0762490e-04   3.3702655e-03
  -4.7650374e-02   7.5020532e-02  -1.6097198e+00  -1.1044404e-02   1.5353889e-04   1.9274849e-03
  -1.6266481e-01   2.7994231e-02  -2.0089953e+00  -1.3998860e-02   1.0926692e-03   3.6303696e-03
  -1.3078967e-01  -1.3611440e-01  -1.3190985e+00  -5.4634472e-03   1.9034291e-03   3.3579789e-03
  -1.3791712e-01  -9.6962491e-02  -1.5913423e+00  -5.3005186e-03   2.2227977e-03   3.6254822e-03
  -1.9266165e-01  -1.2600603e-01  -1.8002038e+00  -7.3307937e-03   2.7366138e-03   4.7406713e-03
  -1.1052177e-01  -8.1862634e-02  -2.1179856e+00  -1.0499130e-02   2.6941375e-03   4.3422710e-03
  -1.4348187e-01   6.2880732e-02  -1.9841410e+00  -1.2451081e-02   2.0217306e-03   5.0138491e-03
  -6.0852227e-02   7.0532200e-02  -1.8081952e+00  -4.8088807e-03   2.6918626e-03   4.3710805e-03
  -1.8589318e-01   2.4988853e-02  -2.5277664e+00  -1.2921434e-02   2.2744930e-03   5.8928752e-03
  -2.1324168e-01   1.9174381e-02  -2.4433052e+00  -1.9903540e-02   3.8447744e-03   6.5146036e-03
  -1.4698826e-01  -2.3033562e-02  -2.0722619e+00  -1.1092237e-02   4.0664162e-03   5.5107665e-03
  -6.2511232e-02   8.2864599e-02  -1.9137686e+00  -1.7121337e-02  -5.4341296e-04   3.2739293e-03
  -3.3213662e-02   1.7540250e-01  -1.7854750e+00  -1.0336047e-02  -1.8403063e-03   2.8075662e-03
  -6.6835108e-02   1.1974913e-01  -2.2331987e+00  -1.4934169e-02  -1.6433188e-03   3.0682168e-03
  -9.6102822e-02   1.0814221e-01  -2.3833786e+00  -1.6387320e-02  -2.4062014e-04   3.2988973e-03
  -9.4918223e-02   1.2844928e-01  -2.4255375e+00  -1.6548162e-02  -6.2917108e-04   3.2640800e-03
  -9.0703438e-02   1.1139636e-01  -2.5344784e+00  -1.7338035e-02  -9.5403823e-04   3.3664905e-03
  -9.6821429e-02   1.2080345e-01  -2.4654483e+00  -1.7774822e-02  -1.1675962e-03   3.2020535e-03
  -4.0111990e-02   1.0197675e-01  -2.2951430e+00  -1.7587471e-02  -1.0501663e-03   3.2259217e-03
  -1.4215708e-01   4.4402663e-02  -1.6528370e+00  -1.0265731e-02   2.4159223e-03   4.3320197e-03
  -1.6710707e-01   1.5082025e-02  -1.9220355e+00  -1.4840401e-02   1.4561829e-03   5.0203069e-03
  -1.3334259e-01   8.7452315e-02  -1.6151190e+00  -9.4152954e-03   3.3319718e-03   4.8868237e-03
  -1.1644158e-01   3.7356426e-02  -1.8761716e+00  -1.0081668e-02   3.1034469e-03   4.7042605e-03
  -4.7574430e-02   1.9363819e-01  -1.8871321e+00  -1.4642952e-02  -1.1334618e-03   3.6946589e-03
  -1.3553662e-02   1.8265979e-01  -1.8310217e+00  -1.0864524e-02  -2.6737755e-03   3.6348343e-03
  -6.4248723e-02   1.7257409e-01  -2.1422229e+00  -1.4273288e-02  -2.6615653e-03   4.1872251e-03
  -9.1439505e-02   6.9188221e-02  -1.5888059e+00  -5.8249022e-03  -2.9842287e-03   3.9348208e-03
  -1.3611757e-01   8.3311970e-02  -2.2769298e+00  -1.3818979e-02  -3.8152082e-04   4.3576452e-03
  -1.6235064e-01   8.2184246e-02  -2.5362090e+00  -1.6997637e-02   1.1724412e-05   4.7671980e-03
  -1.5514044e-01   7.3459292e-02  -2.5488432e+00  -1.6724407e-02   5.3543008e-04   4.5714478e-03
  -1.4583015e-01   4.4978867e-02  -2.4219681e+00  -1.5768285e-02   1.1488750e-03   4.4547723e-03
  -1.5691230e-01   5.7194088e-02  -2.3482497e+00  -1.5787435e-02   8.1079946e-04   4.3716191e-03
  -1.4974807e-01   8.5458535e-02  -2.3754546e+00  -1.6644748e-02   6.9695007e-04   4.0329173e-03
  -9.5037431e-02   6.8909850e-02  -1.7793445e+00  -8.1954098e-03   2.5914427e-03   3.4024013e-03
  -1.7545578e-01   4.3647101e-02  -2.4226139e+00  -1.5411294e-02   3.4789533e-03   4.6211769e-03
  -1.1758725e-01   1.4440770e-01  -2.0520888e+00  -1.7153487e-02   1.8906303e-03   3.9485459e-03
  -1.5885722e-02   9.6183408e-02  -1.7963313e+00  -1.1068867e-02  -3.7497940e-03   2.8505815e-03
  -1.3511054e-01   3.4412236e-02  -1.7583531e+00  -1.2902242e-02  -6.5849932e-04   4.6676039e-03
  -3.8642357e-02   4.3910470e-02  -2.0160830e+00  -1.3744790e-02  -1.5304868e-03   3.6977035e-03
  -9.6224898e-02   3.2052916e-02  -1.9015685e+00  -8.5784328e-03   4.0513227e-03   4.7145429e-03
  -3.2293771e-02   1.1546865e-01  -2.1554275e+00  -4.9101609e-03   2.6246556e-03   2.9794184e-03
  -1.5116318e-01   1.7629805e-01  -2.8259262e+00  -1.7447766e-02   2.4416581e-03   4.8930992e-03
  -1.5858151e-01   1.2834072e-01  -2.1320252e+00  -1.3309554e-02   4.0603211e-03   4.7594384e-03
  -1.4881436e-01   6.1130167e-02  -2.6821219e+00  -1.7212099e-02   4.1802625e-03   4.1313685e-03
  -1.8003287e-01   6.3324633e-02  -2.8680602e+00  -1.8886682e-02   4.3643127e-03   4.8202943e-03
  -2.0942466e-01   5.4444610e-02  -2.9593540e+00  -2.0059362e-02   3.7419325e-03   5.3677590e-03
  -1.8504453e-01   5.3808062e-02  -2.5342704e+00  -1.8297089e-02   9.3636962e-04   4.9765780e-03
  -3.6698040e-01  -1.7742729e-02  -4.1731367e+00  -3.0641336e-02  -3.5804637e-03   8.0977368e-03
  -4.0487216e-01  -1.1989813e-01  -4.3507138e+00  -2.3913652e-02  -3.7134246e-03   8.6171746e-03
  -3.8044161e-01  -6.5273653e-02  -4.4700364e+00  -2.6551059e-02  -4.4964452e-03   8.3502839e-03
  -3.7512973e-01  -6.3693667e-02  -4.4322529e+00  -2.6681327e-02  -4.2967112e-03   8.3228398e-03
  -3.6624786e-01  -6.7328300e-02  -4.4220680e+00  -2.6777657e-02  -4.1875356e-03   8.4247357e-03
  -3.5440645e-01  -5.4116732e-02  -4.4654110e+00  -2.7217804e-02  -3.5005013e-03   8.0274966e-03
  -3.6855277e-01  -8.3584386e-02  -4.3499238e+00  -2.5480655e-02  -3.8532662e-03   8.2671644e-03
  -1.8398713e-01  -1.6569964e-02  -2.7151698e+00  -1.4166252e-02   5.1861176e-04   5.1020258e-03
  -2.1009094e-01  -2.7645891e-03  -3.2214627e+00  -1.8366510e-02   1.5690212e-03   5.5008575e-03
  -2.0504698e-01   1.7214002e-02  -3.4887394e+00  -2.1923916e-02   1.7042049e-03   4.9629657e-03
  -1.5248040e-01   4.1504598e-03  -2.6995884e+00  -1.9601291e-02   1.4081958e-03   4.9197630e-03
  -1.7887786e-01   7.7382504e-02  -3.1376084e+00  -2.0919509e-02  -3.1572301e-03   5.9838018e-03
  -1.8948172e-01   9.9887432e-02  -3.0479326e+00  -2.0150980e-02  -1.1131612e-03   5.9650361e-03
  -1.8314364e-01   6.5373501e-02  -3.2695116e+00  -2.2443842e-02  -9.6441747e-04   5.8064204e-03
  -2.3323038e-01  -5.8435354e-03  -2.4222724e+00  -1.8068425e-02   4.5881486e-03   5.5431864e-03
  -1.2877361e-01   9.9114963e-03  -2.3013540e+00  -1.3574705e-02   4.8940241e-03   3.7771086e-03
  -1.6592961e-01  -5.7498692e-03  -2.5347172e+00  -1.6909518e-02   4.9285824e-03   4.3166354e-03
  -1.6000408e-01   1.5080854e-02  -2.7433881e+00  -1.9358322e-02   4.5254348e-03   4.0272102e-03
  -1.3158092e-01   9.9383656e-02  -2.0733922e+00  -9.5213912e-03   3.5751742e-03   3.8288797e-03
  -1.7426505e-01   4.1140489e-03  -2.9381979e+00  -1.8576349e-02   4.5831885e-03   4.1913899e-03
  -1.3384059e-01   9.2791038e-02  -2.9854136e+00  -1.9752024e-02   4.1396605e-03   3.9570579e-03
  -1.5505162e-01   1.0114022e-01  -3.0423683e+00  -2.5848737e-02   3.6599351e-03   3.8331453e-03
  -1.1113379e-01   1.0773281e-01  -2.4354413e+00  -1.5904296e-02   3.0768775e-03   2.6939942e-03
  -1.3392983e-01   1.1407513e-01  -2.4490653e+00  -1.6662698e-02   1.7950834e-03   3.4988605e-03
  -1.1165003e-01   1.4962288e-02  -1.9544378e+00  -1.5034139e-02   1.2322440e-03   3.5988352e-03
  -1.0121126e-01  -8.7597147e-02  -1.8377204e+00  -9.9197751e-03   8.5340229e-04   2.5149876e-03
  -1.1752975e-01  -6.3004502e-02  -1.8671843e+00  -7.9653606e-03  -2.9269324e-03   3.2002451e-03
  -4.8181250e-02   4.3095455e-03  -2.0005998e+00  -8.1952092e-03  -3.8749712e-03   2.4784953e-03
  -8.2462961e-02   2.5894396e-02  -2.3259434e+00  -1.1625997e-02  -4.2024418e-03   2.9756531e-03
  -1.0547998e-01  -1.1589661e-02  -2.5326098e+00  -1.5253960e-02  -5.4459176e-03   3.7839426e-03
  -1.0353614e-01  -1.3145868e-02  -2.4748465e+00  -9.9930712e-03   1.2460829e-03   4.4621105e-03
  -1.3033496e-01   5.9152190e-02  -2.5365120e+00  -1.2803855e-02   1.3730030e-03   5.2279167e-03
  -1.8459422e-01   2.9263164e-02  -2.8246619e+00  -1.5358955e-02   1.8266279e-03   5.6314207e-03
  -1.3496781e-01   1.8109438e-01  -3.0174239e+00  -2.1165723e-02  -3.4640822e-04   4.8782323e-03
  -2.0785228e-01   1.0869936e-01  -2.9721516e+00  -1.9472191e-02   4.4968374e-04   5.3449782e-03
  -1.9877496e-01   1.1631900e-01  -3.1189661e+00  -2.2227566e-02   2.4085826e-04   5.7830360e-03
  -1.4618558e-01   7.1705775e-02  -2.5280538e+00  -1.4170470e-02   1.5141318e-03   3.8396052e-03
  -1.3969261e-01   1.3533150e-01  -2.7774696e+00  -1.4954731e-02   1.2875505e-03   4.2395084e-03
  -1.8090727e-01   1.4048600e-01  -3.1313725e+00  -1.9666581e-02   1.1397496e-03   4.4004556e-03
  -1.0801973e-01   1.4172379e-01  -2.3298009e+00  -1.3053484e-02   4.0140397e-03   2.7062800e-03
  -1.3699676e-01   5.1853979e-02  -2.8911750e+00  -1.6650736e-02   3.5387494e-03   3.1881076e-03
  -1.5295474e-01   4.2096947e-02  -3.0040311e+00  -1.7854517e-02   3.7719789e-03   3.3990878e-03
  -1.7208725e-01   7.3847805e-02  -3.1124393e+00  -1.9637405e-02   3.7557684e-03   3.5732810e-03
  -1.9695244e-01   4.2288376e-02  -3.1647445e+00  -2.0262066e-02   3.5085947e-03   4.3724114e-03
  -1.7455957e-01   6.0139081e-02  -3.1845358e+00  -2.0162791e-02   3.4627799e-03   3.7458091e-03
  -1.5230650e-01   7.1938268e-02  -2.6119376e+00  -1.8485796e-02   2.1195414e-03   3.7753746e-03
  -9.7828085e-02   1.0761689e-01  -2.5871739e+00  -1.6802640e-02   4.3261908e-03   3.3987145e-03
  -2.0638189e-01  -1.5404746e-02  -2.5093293e+00  -1.5556657e-02   5.9314031e-03   4.3768315e-03
  -1.7367549e-01   2.6759540e-02  -3.0189157e+00  -1.7868167e-02   4.3363612e-03   4.0267533e-03
  -1.9083163e-01   9.5093488e-03  -3.2216525e+00  -1.9346917e-02   5.0297430e-03   4.5397117e-03
  -2.1172618e-01   5.6685235e-02  -3.3685013e+00  -2.1753282e-02   5.2126857e-03   4.6550385e-03
  -2.1334724e-01   5.6433318e-02  -3.4434820e+00  -2.2166937e-02   4.9780454e-03   4.6897045e-03
  -1.7733085e-01   8.3813850e-02  -3.4421267e+00  -2.2353734e-02   4.7728646e-03   4.6918485e-03
  -1.7141682e-01   1.0818485e-01  -3.1172410e+00  -2.1279820e-02   4.4151087e-03   4.5422585e-03
  -1.6103435e-01   1.6821043e-02  -3.2429173e+00  -2.5132557e-02   4.3820505e-03   4.0899422e-03
  -9.3600629e-02   4.8376345e-02  -3.0445506e+00  -1.8355977e-02   5.2329077e-03   3.2452519e-03
  -1.6014040e-01   7.2219621e-02  -3.2564251e+00  -2.7416263e-02   5.0715452e-03   3.4114142e-03
  -5.4795728e-02   1.5835149e-01  -2.3327782e+00  -1.5433450e-02   2.7833855e-03   1.9281796e-03
  -1.5911802e-01   1.2560419e-01  -2.8876192e+00  -1.8929128e-02   2.9910118e-03   3.9701392e-03
  -1.4095781e-01   7.8835370e-02  -2.2423545e+00  -1.7144664e-02   6.0787389e-03   4.5661059e-03
  -1.2810586e-01   6.3325015e-02  -2.7912814e+00  -1.6650470e-02   2.5493544e-03   5.0101474e-03
  -1.7436585e-01   1.5148955e-02  -2.9569101e+00  -1.6344707e-02   3.4682899e-03   5.5800291e-03
  -1.6968342e-01   4.5400617e-02  -3.0545612e+00  -1.7751256e-02   3.9020602e-03   5.3173089e-03
  -1.6100913e-01   2.1711116e-02  -3.3621085e+00  -2.7141840e-02   3.4719449e-03   5.5250344e-03
  -1.0847165e-01   1.5919336e-02  -1.9941852e+00  -9.0703508e-03   5.9581599e-03   5.2634765e-03
  -1.3937862e-01   1.2035377e-02  -2.2539132e+00  -1.2371238e-02   6.1191120e-03   5.6480247e-03
  -1.8296183e-01  -6.8167283e-04  -2.3879106e+00  -1.4613735e-02   6.2951296e-03   6.4949780e-03
  -1.1680545e-01  -1.1439615e-02  -2.4488613e+00  -1.2804968e-02   5.2685254e-03   4.8551158e-03
  -1.2831794e-01   1.5677812e-01  -2.9785444e+00  -2.4607666e-02   6.6276411e-03   4.3699651e-03
  -1.0715706e-01   1.2396036e-01  -2.5753294e+00  -1.7085967e-02   1.3003984e-03   3.9679785e-03
  -1.2382513e-01   1.7253611e-01  -2.7967268e+00  -2.1231322e-02   2.4816039e-03   4.1375442e-03
  -1.0389399e-01   1.8007829e-01  -2.8501356e+00  -2.2344530e-02   2.6308878e-03   4.2833285e-03
  -8.1816810e-02   1.2592415e-01  -2.5183561e+00  -1.4804741e-02   1.6428463e-03   3.1638888e-03
  -1.4494267e-01   1.0544928e-01  -2.9331934e+00  -2.0371876e-02   4.0991893e-03   4.4136391e-03
  -1.7544268e-01   1.3174698e-01  -3.1074573e+00  -2.2612910e-02   3.7563065e-03   4.9109394e-03
  -1.6628882e-01   1.3732348e-01  -3.2361030e+00  -2.3602641e-02   3.6629688e-03   4.6459043e-03
  -1.7392338e-01   7.2617174e-02  -3.2105897e+00  -2.4949192e-02   3.3079925e-03   5.4042465e-03
  -9.7207335e-02   4.8381993e-02  -2.3442684e+00  -1.2416055e-02   5.4229790e-03   3.7128126e-03
  -1.7003351e-01   8.7545664e-03  -2.8022432e+00  -1.8037917e-02   5.2910121e-03   5.2747562e-03
  -1.3492453e-01  -1.7171848e-03  -3.0013893e+00  -1.6413596e-02   5.7766814e-03   3.9238175e-03
  -1.5345439e-01   1.3676007e-02  -3.2588570e+00  -1.8442728e-02   6.2172809e-03   4.6043213e-03
  -1.7770919e-01   5.4393374e-02  -3.3746821e+00  -1.9818783e-02   5.2305782e-03   5.0221808e-03
  -1.9219892e-01   4.4880059e-02  -3.4770319e+00  -2.1041041e-02   4.7897264e-03   5.0215066e-03
  -1.4335726e-01   1.0728046e-01  -2.5821217e+00  -1.4788001e-02   6.6213200e-03   4.8626372e-03
  -1.5666380e-01   5.5513376e-02  -2.9589568e+00  -1.8641244e-02   5.8769167e-03   4.7254211e-03
  -1.4871089e-01   4.4787625e-02  -3.0624089e+00  -1.8305374e-02   5.1906999e-03   4.3835454e-03
  -1.6777119e-01   5.2822897e-02  -3.1919551e+00  -2.0006458e-02   5.3086794e-03   4.7293615e-03
  -1.6913534e-01   7.3108482e-02  -3.2581422e+00  -2.1063892e-02   5.1525422e-03   4.7191676e-03
  -1.1048797e-01   4.5919958e-02  -2.9312105e+00  -1.5763368e-02   5.6250554e-03   3.8429668e-03
  -1.5166616e-01   8.2844684e-02  -2.5682953e+00  -1.4936520e-02   6.3780251e-03   4.4598766e-03
  -1.4083518e-01   5.5195342e-02  -3.1605218e+00  -1.8383264e-02   5.9146282e-03   4.1436399e-03
  -1.6298227e-01   2.0173077e-02  -3.2786120e+00  -1.9619422e-02   5.1669455e-03   4.7051129e-03
  -1.7203984e-01   8.2389496e-02  -2.7356314e+00  -1.6502197e-02   6.1949702e-03   5.1359229e-03
  -1.9201991e-01   3.8180708e-02  -3.3321390e+00  -1.9744115e-02   4.3518688e-03   5.1619079e-03
  -2.5962292e-01  -3.4977104e-02  -3.1157285e+00  -2.3361487e-02   6.3362716e-03   5.8904597e-03
  -1.7496493e-01   5.1684335e-02  -3.4349298e+00  -2.0182053e-02   6.1444718e-03   4.6680743e-03
  -1.9754922e-01   5.2625079e-02  -3.5537884e+00  -2.1617882e-02   6.7412441e-03   5.1742648e-03
  -1.9478097e-01   8.5187561e-02  -3.6312289e+00  -2.2854342e-02   5.8013365e-03   5.1936789e-03
  -2.4783597e-01  -9.9670087e-02  -3.6118782e+00  -2.9372824e-02   7.1785767e-03   5.6927054e-03
  -1.8293639e-01   3.5157273e-02  -3.1564514e+00  -1.8614446e-02   5.8249280e-03   4.5071024e-03
  -1.5826319e-01   9.1464236e-03  -3.1864363e+00  -1.8125545e-02   6.4605987e-03   4.2823474e-03
  -1.9244344e-01   6.3091427e-02  -3.4981141e+00  -2.2098274e-02   6.4623298e-03   4.7336458e-03
  -1.8980051e-01   3.0332470e-02  -3.5198823e+00  -2.1967918e-02   6.2882607e-03   4.8266205e-03
  -1.8932709e-01   5.0125239e-02  -3.5625171e+00  -2.2595744e-02   6.2450960e-03   5.1803990e-03
  -1.6591575e-01   1.3917525e-01  -2.7706824e+00  -1.8196699e-02   6.6154544e-03   4.7050901e-03
  -1.1866656e-01   1.5146964e-01  -2.8138933e+00  -1.8386795e-02   1.3947307e-03   4.3386368e-03
  -1.8510113e-01   2.0520761e-01  -3.0074606e+00  -2.1586802e-02   2.3158462e-03   5.2222468e-03
  -1.5882841e-01   2.1930288e-02  -3.1702619e+00  -2.1373435e-02   4.0180193e-03   4.6605142e-03
  -8.5467186e-02   2.5024340e-01  -3.5862532e+00  -2.5600865e-02   5.2833327e-03   2.9332132e-03
  -8.8899623e-02   1.9998578e-01  -3.6244470e+00  -2.4925329e-02   4.3696314e-03   3.0137428e-03
  -1.1682656e-01   1.9216309e-01  -3.5752925e+00  -2.4474783e-02   5.0936933e-03   3.3389425e-03
  -1.3320844e-01   2.0717444e-01  -3.6758861e+00  -2.6787271e-02   4.8765742e-03   3.2400791e-03
  -1.3945860e-01   1.4001033e-01  -3.0071080e+00  -1.9570257e-02   6.8042306e-03   2.8805542e-03
  -1.6431080e-01   1.1547844e-01  -3.2677636e+00  -2.1611128e-02   6.7007916e-03   3.4735526e-03
  -1.7412654e-01   1.0591765e-01  -3.4003241e+00  -2.2787307e-02   6.8145180e-03   3.5630750e-03
  -1.7608520e-01   1.0375303e-01  -3.5188183e+00  -2.3979472e-02   6.5220875e-03   3.5836764e-03
  -1.4574581e-01   2.2522548e-01  -3.2096004e+00  -2.7102804e-02   6.2676967e-03   3.3453574e-03
  -1.2312930e-01   1.9736107e-01  -3.2151486e+00  -2.4643951e-02   3.4642879e-03   3.1256408e-03
  -1.3890122e-01   1.9650039e-01  -3.2696402e+00  -2.4719886e-02   3.8851181e-03   3.6339859e-03
  -1.8266032e-01   1.6859622e-02  -3.3242356e+00  -2.6326028e-02   4.7181028e-03   4.5885327e-03
  -2.1648203e-01   1.2293306e-01  -3.2195697e+00  -2.1565142e-02   5.0872245e-03   4.5399825e-03
  -2.3305326e-01   5.7917174e-02  -3.4692709e+00  -2.1602376e-02   5.7062902e-03   5.5428545e-03
  -2.2977031e-01   1.1544777e-01  -3.6474894e+00  -2.3049526e-02   5.3269903e-03   5.6129551e-03
  -2.6153891e-01   1.1346645e-01  -3.7676469e+00  -2.4754773e-02   4.8963080e-03   6.0993491e-03
  -2.6320837e-01   1.0056036e-01  -3.7935765e+00  -2.4955487e-02   4.4823088e-03   6.4217321e-03
  -2.5403586e-01   9.5383215e-02  -3.2162850e+00  -1.9828914e-02   6.8008592e-03   7.2935045e-03
  -2.6942971e-01  -2.5428635e-02  -3.9455590e+00  -1.8173117e-02   1.5717247e-03   7.4004854e-03
  -3.4695509e-01   2.0027974e-02  -4.4784033e+00  -2.5922024e-02   1.0422758e-03   8.9604529e-03
  -3.3491128e-01   6.0224584e-02  -4.5224454e+00  -2.6117193e-02   3.1735739e-04   9.0435768e-03
  -2.8869890e-01   7.1069336e-02  -3.7218585e+00  -2.8286076e-02   3.8356124e-03   8.0362414e-03
  -2.0295409e-01   4.1632277e-02  -3.5907092e+00  -2.0865306e-02   2.8361925e-03   6.4813753e-03
  -2.3394611e-01   3.5795418e-02  -3.7512302e+00  -2.2184374e-02   3.7151672e-03   6.9789081e-03
  -2.3358167e-01   4.2027655e-02  -3.9058790e+00  -2.4389221e-02   3.1241805e-03   6.8848184e-03
  -2.7695821e-01   5.9261805e-02  -3.6066434e+00  -2.6055006e-02   5.0597339e-03   6.9437394e-03
  -2.6120561e-01   5.1387127e-02  -3.7287355e+00  -2.1811650e-02   4.2625372e-03   6.6930900e-03
  -2.7732275e-01   3.8678321e-02  -3.8850963e+00  -2.3681342e-02   4.6979098e-03   7.4548382e-03
  -2.2737945e-01   1.2606092e-01  -3.8864643e+00  -2.5165547e-02   2.8953380e-03   7.2460436e-03
  -2.6929590e-01   1.1719065e-01  -3.9273510e+00  -2.5033963e-02   3.4825765e-03   7.8140323e-03
  -2.7808915e-01   1.2172007e-01  -3.9018036e+00  -2.5048650e-02   3.0171104e-03   8.2315353e-03
  -1.8627033e-01   1.6948212e-01  -3.6767055e+00  -2.5971528e-02   1.8107419e-03   6.0392964e-03
  -2.6774950e-01  -1.7858582e-02  -3.7852869e+00  -1.3331935e-02  -1.0515522e-03   8.1105838e-03
  -3.1998138e-01  -5.2685564e-02  -4.4362633e+00  -2.1120407e-02  -1.2160202e-03   9.2325073e-03
  -3.5534760e-01   3.6754096e-02  -4.7650193e+00  -2.7144047e-02  -4.2896087e-04   9.4362546e-03
  -4.5530952e-01   7.6515478e-02  -3.7467605e+00  -2.9010140e-02   4.7723957e-03   1.0305912e-02
  -2.5354217e-01   3.8758925e-02  -3.6107880e+00  -2.0300659e-02   6.0407508e-04   7.5381530e-03
  -2.8250040e-01  -5.3579256e-03  -3.7426712e+00  -2.1252749e-02   1.3341367e-04   8.0831589e-03
  -2.8187410e-01   2.4665189e-02  -3.8683280e+00  -2.3106764e-02   3.2808890e-04   8.0014932e-03
  -2.8009286e-01  -2.9471414e-02  -3.8600879e+00  -2.2581120e-02   7.7956724e-04   7.5030114e-03
  -3.1121756e-01   3.0551470e-02  -3.9059847e+00  -2.3763013e-02   5.0268979e-04   7.9933533e-03
  -3.1344769e-01   3.6343183e-02  -3.8406087e+00  -2.2864806e-02   8.5813812e-04   8.4145288e-03
  -3.2275421e-01   3.9493355e-02  -3.8617844e+00  -2.3480299e-02   9.5318654e-04   8.5049252e-03
  -3.0845625e-01   3.4011106e-02  -3.3092010e+00  -2.4159536e-02   4.6711492e-03   7.7054668e-03
  -2.5823606e-01   3.9382188e-02  -3.1896260e+00  -1.9626293e-02   4.4283889e-03   6.3944148e-03
  -3.0211732e-01   2.6216415e-02  -3.5126119e+00  -2.0371444e-02   2.8138163e-03   7.0426006e-03
  -2.1408450e-01   9.7810414e-02  -3.2123780e+00  -2.0510781e-02   4.1313658e-03   5.6789280e-03
  -2.0041395e-01   9.1226614e-02  -3.1434581e+00  -2.1644030e-02   5.8608423e-03   5.4740179e-03
  -2.1346337e-01   4.6457584e-02  -3.3091648e+00  -1.9508011e-02   3.7857655e-03   5.8023273e-03
  -2.3090636e-01   3.9363756e-02  -3.4308988e+00  -2.2164569e-02   3.8262838e-03   6.0646712e-03
  -2.6086869e-01   3.0321258e-02  -3.4789621e+00  -2.1951397e-02   2.9095797e-03   6.8103207e-03
  -2.2555957e-01   1.2513262e-02  -2.6335192e+00  -1.4322301e-02   2.0124316e-03   5.0114753e-03
  -2.1684814e-01   6.9016255e-02  -2.9262322e+00  -1.7024195e-02   2.5517970e-03   5.2382643e-03
  -2.5492455e-01   4.2947217e-02  -3.1168384e+00  -1.8195214e-02   2.6264412e-03   5.4936883e-03
  -2.3870254e-01   6.2390771e-02  -3.2846620e+00  -2.1605229e-02   3.2195589e-03   5.5494225e-03
  -1.4546200e-01   1.6237131e-01  -3.0410083e+00  -2.3156549e-02   2.0026990e-03   3.8690222e-03
  -2.2106928e-01   1.7365280e-01  -2.9355911e+00  -2.0357996e-02   2.3413440e-03   5.0256405e-03
  -2.3833891e-01   7.4201789e-02  -3.3160011e+00  -2.5376766e-02   3.3010335e-03   5.9909256e-03
  -1.6331221e-01   1.6947321e-01  -3.1443576e+00  -2.0937616e-02   3.8556862e-03   4.2011269e-03
  -2.6601527e-01   1.4414614e-01  -3.3445754e+00  -2.2106086e-02   3.5238641e-03   5.5131375e-03
  -2.2857978e-01   1.6028101e-01  -3.4953333e+00  -2.2943328e-02   3.6241269e-03   5.1076532e-03
  -2.5654891e-01   1.5468447e-01  -3.6328837e+00  -2.6010050e-02   3.9281240e-03   5.5353437e-03
  -2.0201035e-01   1.5603119e-01  -3.5745936e+00  -2.3450164e-02   3.7491847e-03   4.6376734e-03
  -2.2856503e-01   1.7418377e-01  -3.6217565e+00  -2.4940626e-02   4.0412846e-03   5.3222491e-03
  -1.4674167e-01   9.1610131e-02  -3.1280252e+00  -1.8931211e-02   4.9035573e-03   5.2748164e-03
  -2.0264205e-01   1.3389198e-01  -3.3674270e+00  -2.2262139e-02   5.3133577e-03   5.5415215e-03
  -1.8531467e-01   2.3528557e-01  -3.2334661e+00  -1.4458946e-02   3.1000990e-03   6.1898613e-03
  -3.5364090e-01   4.7360876e-02  -4.4664880e+00  -2.6653330e-02   2.1056632e-03   7.7959209e-03
  -3.1360177e-01   9.6717295e-02  -4.4057712e+00  -2.4941219e-02   8.6004834e-04   7.1832417e-03
  -1.8074832e-01   1.9811587e-01  -3.4453520e+00  -2.0876800e-02   3.1483508e-03   5.1239069e-03
  -2.3488919e-01   9.3614948e-02  -3.7797565e+00  -2.2239939e-02   3.3910983e-03   5.2598077e-03
  -2.5340727e-01   9.6682016e-02  -3.9376951e+00  -2.4074522e-02   3.3986925e-03   5.6604655e-03
  -2.5693185e-01   6.0512787e-02  -4.0145991e+00  -2.4782068e-02   3.6183530e-03   5.6411988e-03
  -2.5906006e-01   8.8389818e-02  -4.0546276e+00  -2.5711267e-02   3.7129578e-03   5.7012691e-03
  -2.6912309e-01   1.2527327e-01  -3.4983971e+00  -2.6200283e-02   5.9696150e-03   6.0888634e-03
  -2.4994830e-01   7.4609709e-02  -3.4607985e+00  -2.1055626e-02   5.0344100e-03   5.7488028e-03
  -2.6172717e-01   5.0980201e-02  -3.6183738e+00  -2.2998359e-02   5.7042053e-03   5.7289963e-03
  -2.8233718e-01   7.9466697e-02  -3.8205997e+00  -2.4980298e-02   5.2463490e-03   6.3353734e-03
  -2.0791145e-01   1.0875138e-01  -3.3616545e+00  -1.9624046e-02   2.7094837e-03   5.4536837e-03
  -2.5286075e-01   1.1245963e-01  -3.4936702e+00  -2.0500650e-02   2.7765401e-03   6.1701081e-03
  -2.3681918e-01   1.0295134e-01  -3.6105732e+00  -2.1975944e-02   2.3844462e-03   6.2889498e-03
  -2.7484962e-01   7.7904256e-02  -3.7068196e+00  -2.2810522e-02   2.0177496e-03   6.9467903e-03
  -2.7310837e-01   5.0582798e-02  -3.5903944e+00  -2.0607806e-02   2.4968680e-03   6.6645709e-03
  -2.4268404e-01   1.3648634e-01  -2.9306158e+00  -2.0738328e-02   7.7752146e-03   6.4164370e-03
  -2.0024536e-01   6.3541974e-02  -3.0046657e+00  -1.6731098e-02   6.5099689e-03   6.2105679e-03
  -2.3957620e-01   7.0675998e-02  -3.3826212e+00  -2.1988117e-02   7.0914909e-03   6.5618070e-03
  -2.5689814e-01   9.4691088e-02  -3.2548989e+00  -1.9666241e-02   6.7598709e-03   6.9224297e-03
  -2.2554542e-01   5.4502790e-02  -3.3035960e+00  -2.0188907e-02   6.4817758e-03   6.6400895e-03
  -2.2526348e-01   7.5164341e-02  -3.4700018e+00  -2.5522645e-02   6.6999391e-03   7.0073373e-03
  -1.8681890e-01   9.0078077e-02  -3.0649146e+00  -1.6173953e-02   7.0253312e-03   5.0291789e-03
  -2.4059714e-01   7.6224542e-02  -3.3427853e+00  -1.8451577e-02   7.1628449e-03   5.9190536e-03
  -2.8855221e-01   5.7053623e-02  -3.5967059e+00  -2.2725742e-02   5.2774644e-03   7.3246475e-03
  -1.3904478e-01   6.0077572e-02  -3.0329639e+00  -1.5700313e-02   5.1820708e-03   4.1328351e-03
  -2.1318146e-01   6.8771998e-02  -3.2269381e+00  -1.6297828e-02   5.1883099e-03   5.0550350e-03
  -2.3757210e-01   9.1329647e-02  -3.4174307e+00  -1.8704858e-02   5.3262897e-03   5.6506729e-03
  -2.3760777e-01   9.9601639e-02  -3.4985238e+00  -1.8871682e-02   5.4551663e-03   5.6804668e-03
  -2.3611807e-01   1.0631120e-01  -3.5383396e+00  -1.9524336e-02   5.0913269e-03   6.0232124e-03
  -2.5252894e-01   1.0507564e-01  -3.5830445e+00  -2.0740081e-02   5.2003249e-03   6.4405253e-03
  -2.2357379e-01   4.5846556e-02  -3.4788590e+00  -1.9088670e-02   5.8543510e-03   5.8423236e-03
  -1.7028225e-01   1.7031394e-01  -3.3426750e+00  -2.2078976e-02   7.7324740e-03   4.3670538e-03
  -1.5724933e-01   1.4832717e-01  -3.0030201e+00  -1.7664830e-02   6.0601910e-03   4.3990244e-03
  -1.8914581e-01   1.5178247e-01  -3.1667766e+00  -2.0081643e-02   5.4988208e-03   4.9855819e-03
  -1.7530034e-01   1.8394969e-01  -2.6407268e+00  -1.8086230e-02   7.0672857e-03   5.0101127e-03
  -1.8873779e-01   9.6215981e-02  -2.6184697e+00  -1.4361023e-02   6.2519131e-03   4.8180852e-03
  -1.9390309e-01   9.5021447e-02  -2.8109119e+00  -1.8320465e-02   7.0413381e-03   4.9143669e-03
  -1.6284539e-01   9.7612412e-02  -2.5665086e+00  -1.2932503e-02   7.5114652e-03   4.6141685e-03
  -1.6469594e-01   1.1662792e-01  -3.0790387e+00  -1.7283551e-02   5.6220349e-03   4.5876131e-03
  -1.7602052e-01   8.1256820e-02  -3.1332579e+00  -1.7649618e-02   6.0683891e-03   5.1490396e-03
  -2.1760971e-01   1.0065836e-01  -2.4781027e+00  -1.6002808e-02   8.0173101e-03   5.0524344e-03
  -1.6096129e-02   7.1023976e-02  -2.6883236e+00  -7.1517602e-03   5.1391367e-03   3.1623266e-03
  -1.5012005e-01   5.2863411e-02  -3.2987312e+00  -1.7150724e-02   6.3025801e-03   4.8957174e-03
  -1.2560703e-01   1.9303256e-01  -3.3157480e+00  -2.3240004e-02   5.3255880e-03   4.5369519e-03
  -1.6701521e-01   1.8143119e-01  -3.1992646e+00  -1.9941628e-02   4.4156267e-03   5.0830102e-03
  -2.0367982e-01   1.7817725e-01  -3.4222481e+00  -2.1658923e-02   4.4536224e-03   5.7056680e-03
  -2.1369526e-01   1.2467559e-01  -3.5789284e+00  -2.4370915e-02   3.5978950e-03   6.3713519e-03
  -1.8482202e-01   6.3796571e-02  -2.4846188e+00  -1.1460421e-02   4.2472611e-03   4.2084483e-03
  -2.1640890e-01   4.8594664e-02  -2.8639582e+00  -1.6465727e-02   5.6525451e-03   4.9432223e-03
  -1.9194875e-01   7.4149461e-02  -2.8853519e+00  -1.6143942e-02   5.8560023e-03   4.4037426e-03
  -1.9805148e-01   1.0863811e-01  -3.1587008e+00  -1.8765069e-02   6.2466838e-03   4.4854482e-03
  -2.2285447e-01   8.2440933e-02  -3.1795134e+00  -1.9688050e-02   5.6721223e-03   5.0060584e-03
  -1.7394580e-01   5.8253651e-02  -2.9212080e+00  -1.5833153e-02   6.6749825e-03   4.2063865e-03
  -1.9142096e-01   7.8613058e-02  -3.0906385e+00  -1.7878595e-02   6.6506849e-03   4.1755986e-03
  -1.4538318e-01   9.6209902e-02  -2.4344192e+00  -1.5621193e-02   7.5011363e-03   3.8193347e-03
  -3.9117349e-02   1.5467757e-01  -2.5171230e+00  -1.5053973e-02   7.1666626e-03   1.6488310e-03
  -8.5618396e-02   1.4924527e-01  -2.5797386e+00  -1.6203890e-02   6.8006820e-03   2.4980417e-03
  -7.9622109e-02   1.6351683e-01  -2.7303566e+00  -1.7042253e-02   4.4668770e-03   2.5849106e-03
  -1.5521087e-01   5.6899531e-02  -3.3879069e+00  -9.4340248e-03   2.2957329e-03   5.2640022e-03
  -2.2343872e-01   5.1434172e-02  -3.1385784e+00  -1.5969455e-02   9.8534740e-03   6.7852518e-03
  -2.4405704e-01   1.1005647e-01  -3.9584495e+00  -2.1221479e-02   1.9876649e-03   6.9118061e-03
  -2.2902903e-01   1.0538416e-01  -3.9674291e+00  -2.1255092e-02   1.9687098e-03   6.9860080e-03
  -2.1418428e-01   5.7455044e-02  -3.9560874e+00  -2.1365172e-02   1.8525948e-03   7.0850856e-03
  -2.3057848e-01   8.4440339e-02  -3.6264124e+00  -2.1811365e-02  -4.4056102e-05   7.3159421e-03
  -2.1976464e-01   4.0067514e-02  -3.3443231e+00  -2.5074262e-02   1.4463615e-03   6.3363546e-03
  -1.3613688e-01   3.9774734e-02  -3.0995726e+00  -1.6283123e-02  -8.4671965e-04   5.1884661e-03
  -1.4817191e-01   1.2937757e-01  -3.3051377e+00  -2.4028006e-02   1.7576404e-03   5.3721393e-03
  -1.2217534e-01   1.7947630e-01  -3.0837292e+00  -2.0345489e-02  -9.6125610e-04   4.9508429e-03
  -1.3835526e-01   1.5946115e-01  -3.2269195e+00  -2.1510337e-02  -1.3863793e-03   6.1150715e-03
  -1.7739419e-01   1.5828062e-01  -3.1589450e+00  -1.9558992e-02  -2.4365100e-03   6.1469451e-03
  -2.1054671e-01   1.9804948e-01  -3.3111382e+00  -2.0821335e-02  -1.9933564e-03   6.5580800e-03
  -2.1540981e-01   2.4755688e-01  -3.4537467e+00  -2.3987891e-02  -1.1683227e-03   6.9691005e-03
  -2.0962030e-01   9.8806146e-02  -4.3688020e+00  -2.6633271e-02   2.7723464e-03   7.1317836e-03
  -2.5192090e-01   1.8146402e-01  -4.5312305e+00  -2.8524405e-02   2.3039345e-03   8.1973969e-03
  -2.0370107e-01  -3.8732287e-02  -4.2183684e+00  -2.8559872e-02   1.1707294e-02   7.2592674e-03
  -2.0988546e-01   2.7115874e-01  -4.3548364e+00  -2.6647945e-02   3.4214235e-03   6.9791519e-03
  -2.2196746e-01   2.2050084e-01  -4.3029520e+00  -2.6847921e-02   2.1288405e-03   7.3766181e-03
  -2.2450566e-01   2.0238725e-01  -4.2529674e+00  -2.7930185e-02   2.9105810e-03   7.8301694e-03
  -1.9132905e-01   2.6900062e-01  -4.3522105e+00  -3.5268246e-02   3.6061833e-03   7.3508810e-03
  -1.9415796e-01   2.6009831e-01  -3.5964169e+00  -2.7147656e-02  -3.5403181e-04   6.6044178e-03
  -2.0957955e-01   2.3060793e-01  -3.5874258e+00  -2.7163767e-02   2.4911804e-04   7.0013231e-03
  -2.2220815e-01   1.8636517e-01  -3.6266548e+00  -2.7346822e-02  -3.7577200e-05   7.2667688e-03
  -2.4822620e-01   2.1407313e-01  -3.6741573e+00  -2.7512298e-02  -7.7177688e-04   7.8268452e-03
  -2.3031345e-01   1.9372776e-01  -3.6518571e+00  -2.6666985e-02  -9.6341157e-04   7.7071667e-03
  -2.5212105e-01   2.1218214e-01  -3.7233208e+00  -2.7731060e-02  -2.0562958e-05   7.6343797e-03
  -2.7034350e-01   2.1292945e-01  -3.7478727e+00  -2.8285173e-02   9.4377748e-05   7.8013540e-03
  -2.6721775e-01   2.0353859e-01  -3.7912031e+00  -2.7989265e-02   4.8826457e-04   7.5140948e-03
  -2.6833368e-01   1.9315333e-01  -3.8630391e+00  -2.8905650e-02   7.3589691e-04   7.3751655e-03
  -3.2321264e-01   1.0252770e-01  -3.7609766e+00  -3.0478500e-02   4.2844381e-03   8.2310027e-03
  -3.3154316e-01  -1.1901499e-01  -4.5089370e+00  -3.7934342e-02   1.1614476e-02   7.3087396e-03
  -1.6917615e-01   1.3256765e-02  -3.3124271e+00  -2.6000818e-02   1.3898134e-02   5.8931461e-03
  -1.7009887e-01   2.3827563e-01  -3.7796534e+00  -2.2980981e-02   3.7693146e-03   4.0259288e-03
  -1.7098702e-01   1.2349356e-01  -3.7177014e+00  -2.1015152e-02   2.8062515e-03   4.1967398e-03
  -1.3696726e-01   2.0076856e-01  -3.9477359e+00  -2.8034158e-02   5.7649372e-03   2.3454599e-03
  -1.5111446e-01   1.2987673e-01  -3.9621513e+00  -2.4699781e-02   5.8240385e-03   3.6356011e-03
  -1.6591922e-01   1.0013787e-01  -3.8745352e+00  -2.4048215e-02   4.4455251e-03   3.7944819e-03
  -1.8042507e-01   7.1053651e-02  -3.9065776e+00  -2.4116387e-02   5.1738986e-03   4.1594358e-03
  -1.7961933e-01   9.4414726e-02  -3.9384633e+00  -2.4664238e-02   5.0572216e-03   3.9696133e-03
  -1.8523084e-01   1.0250907e-01  -4.0321855e+00  -2.6128714e-02   6.7353430e-03   4.3848482e-03
  -1.6621373e-01   1.2883348e-01  -4.0337470e+00  -2.6281084e-02   7.1785850e-03   3.9099146e-03
  -1.6627852e-01   1.1908604e-01  -4.0420438e+00  -2.6093421e-02   7.3174513e-03   3.8596894e-03
  -1.4295988e-01   1.5800558e-01  -3.8479947e+00  -2.5822959e-02   9.1677689e-03   3.4527488e-03
  -1.3639601e-01   1.7088284e-01  -3.9293231e+00  -2.6686023e-02   1.1034742e-02   1.9612553e-03
  -1.3311838e-01   1.3664679e-01  -3.8545288e+00  -2.5665565e-02   1.0447624e-02   2.0535302e-03
  -1.5225114e-01   1.5697568e-01  -3.9960682e+00  -2.7048126e-02   1.0349641e-02   2.3211066e-03
  -1.3266818e-01   1.3340221e-01  -3.9762939e+00  -2.6572053e-02   1.0957379e-02   1.9643991e-03
  -1.4018145e-01   1.5367650e-01  -4.0042635e+00  -2.7132583e-02   1.0863325e-02   1.7601151e-03
  -1.5357341e-01   1.5719324e-01  -4.0323620e+00  -2.7596846e-02   1.0922613e-02   2.1215737e-03
  -1.5566555e-01   1.3498844e-01  -4.0310243e+00  -2.7364692e-02   1.0984435e-02   2.1990430e-03
  -1.5993620e-01   1.5373193e-01  -4.1346520e+00  -2.7569163e-02   1.0486246e-02   2.1602201e-03
  -1.7057816e-01   1.8658730e-01  -4.2048963e+00  -2.8261914e-02   1.0798385e-02   2.2913456e-03
  -1.6346565e-01   1.9231078e-01  -4.1229739e+00  -2.6836286e-02   1.0097195e-02   2.5490264e-03
  -1.5970159e-01   1.7200285e-01  -4.2323016e+00  -2.8719386e-02   1.0007339e-02   2.4922389e-03
  -1.8037738e-01   1.6330551e-01  -4.2771504e+00  -2.7975246e-02   8.8595380e-03   2.7795228e-03
  -1.6307202e-01   2.4140310e-01  -4.4965493e+00  -3.3375605e-02   8.8504351e-03   3.0149655e-03
  -7.3370976e-02   2.0859080e-01  -3.9552776e+00  -2.7942450e-02   4.1947852e-03   2.0679630e-03
  -1.0273992e-01   3.3547162e-01  -3.6612769e+00  -2.4585517e-02   3.5507431e-03   2.5674982e-03
  -1.2359410e-01   2.9598026e-01  -3.7841541e+00  -2.5407549e-02   3.6858992e-03   3.0865306e-03
  -1.3992353e-01   3.1375892e-01  -3.8803359e+00  -2.6682317e-02   4.5131049e-03   3.0971387e-03
  -1.5335033e-01   2.7701327e-01  -3.9578086e+00  -2.6923951e-02   5.5849646e-03   3.2424724e-03
  -1.1003559e-01   3.6504219e-01  -4.2218483e+00  -2.9101519e-02   4.7560415e-03   2.6776738e-03
  -1.7028428e-01   2.7319438e-01  -4.0282887e+00  -2.7097170e-02   5.2289944e-03   3.5445052e-03
  -1.7482488e-01   3.0405625e-01  -4.0230986e+00  -2.6894987e-02   5.3829951e-03   3.5815101e-03
  -1.6830598e-01   3.1494279e-01  -4.0474119e+00  -2.7342524e-02   5.4678830e-03   3.3654512e-03
  -1.7822575e-01   2.8028537e-01  -4.0900742e+00  -2.7815341e-02   5.3560848e-03   3.6901086e-03
  -1.7888160e-01   2.6922357e-01  -4.1383409e+00  -2.7843015e-02   5.6589186e-03   3.8396552e-03
  -2.0516238e-01   2.4545258e-01  -3.6896118e+00  -2.5351961e-02   6.7353863e-03   4.6430338e-03
  -1.7314551e-01   1.8285566e-01  -3.3664862e+00  -2.3481835e-02   7.2830982e-03   5.2603028e-03
  -2.4743405e-01  -2.4448179e-01  -4.7204990e+00  -3.4897278e-02   1.0291277e-02   6.2556603e-03
  -1.6933422e-01   1.8221400e-01  -3.5797179e+00  -2.1083663e-02   7.1650898e-03   5.7202014e-03
  -2.5312084e-01   1.8344606e-01  -4.1575877e+00  -2.6344002e-02   3.3530557e-03   7.3309365e-03
  -2.5075350e-01   1.2900105e-01  -4.0348481e+00  -2.5730640e-02   3.6951348e-03   7.1086263e-03
  -2.2851664e-01   8.1271793e-02  -4.0715907e+00  -2.6263117e-02   3.9910184e-03   6.9574644e-03
  -2.4084120e-01   8.7126263e-02  -4.0299974e+00  -2.5733869e-02   3.8807217e-03   7.0477288e-03
  -2.6572471e-01   7.3064552e-02  -4.0324936e+00  -2.5671837e-02   4.2801269e-03   7.4244301e-03
  -2.6780390e-01   8.9303128e-02  -4.0411656e+00  -2.5708145e-02   5.2139997e-03   7.6879261e-03
  -2.6621573e-01   8.1339366e-02  -4.0479033e+00  -2.6377029e-02   4.8411343e-03   7.3453487e-03
  -2.5797102e-01   7.5382075e-02  -4.0382850e+00  -2.6808535e-02   4.8752846e-03   7.0398063e-03
  -2.7133122e-01   1.9275828e-01  -4.2774726e+00  -3.5857432e-02   6.9742618e-03   6.2468569e-03
  -2.0045449e-01   2.4496762e-01  -3.5848599e+00  -2.3563254e-02   3.2205438e-03   5.8339434e-03
  -2.1694378e-01   2.4960299e-01  -4.0100355e+00  -2.9784494e-02   4.2785896e-03   5.3067057e-03
  -2.0253864e-01   2.8308495e-01  -4.1424726e+00  -3.0904503e-02   3.7989386e-03   5.3336837e-03
  -2.1637320e-01   2.8786752e-01  -3.8375428e+00  -2.8551655e-02   4.7660176e-03   5.5133080e-03
  -1.5961497e-01   2.7842975e-01  -3.9903548e+00  -2.8322027e-02   3.4730478e-03   4.3955027e-03
  -1.6292245e-01   2.6503668e-01  -4.0677991e+00  -3.0354146e-02   4.1716944e-03   4.2292490e-03
  -1.5601164e-01   2.8608262e-01  -4.1373430e+00  -2.8970482e-02   4.6456115e-03   3.9594739e-03
  -1.7117311e-01   2.5646430e-01  -4.1724015e+00  -2.9437647e-02   4.0002204e-03   4.4225079e-03
  -1.7395094e-01   2.7923064e-01  -4.2158177e+00  -3.0304175e-02   4.1293426e-03   4.4513081e-03
  -1.5803036e-01   2.6686457e-01  -3.8989206e+00  -2.8126111e-02   4.0097185e-03   4.0083724e-03
  -1.5640883e-01   3.0207039e-01  -3.9999393e+00  -2.8384184e-02   4.0863818e-03   4.0466735e-03
  -1.6337623e-01   3.6057343e-01  -4.0989806e+00  -3.3177128e-02   4.9341890e-03   4.4847024e-03
  -1.3176674e-01   3.8070777e-01  -4.0222033e+00  -2.9336571e-02   2.9793430e-03   4.3046833e-03
  -1.6842909e-01   4.3636572e-01  -4.0195465e+00  -3.1165465e-02   2.9837868e-03   5.2482859e-03
  -1.3857881e-01   4.3900261e-01  -4.1728393e+00  -3.1499410e-02   7.1373659e-04   5.0704534e-03
  -1.5296641e-01   4.0328828e-01  -4.2866420e+00  -3.2021270e-02   1.1082670e-03   5.0380660e-03
  -1.7250146e-01   4.0259524e-01  -4.3661715e+00  -3.2266488e-02   1.1500084e-03   5.1286018e-03
  -1.9114741e-01   3.9223852e-01  -4.2658840e+00  -3.2914115e-02   1.2932969e-03   5.0457528e-03
  -1.6862676e-01   3.6236418e-01  -4.2045459e+00  -2.9523069e-02   8.6246749e-04   5.2844658e-03
  -1.7564415e-01   3.5550606e-01  -4.2693546e+00  -3.1262753e-02   1.1679013e-03   4.9830153e-03
  -1.7441877e-01   3.3973211e-01  -4.3021911e+00  -3.1009628e-02   1.1882493e-03   5.3731779e-03
  -1.8726493e-01   3.4255864e-01  -4.3280371e+00  -3.1159931e-02   1.3122741e-03   6.0819100e-03
  -1.9284566e-01   3.3249418e-01  -4.3282556e+00  -3.0372988e-02   1.2112198e-03   6.1534870e-03
  -1.8550810e-01   3.8068710e-01  -4.4555284e+00  -3.2624338e-02   9.1977739e-04   6.1043987e-03
  -2.1527018e-01   2.3227997e-01  -4.0141641e+00  -2.4253706e-02   2.2833856e-03   7.2257283e-03
  -2.1617360e-01   2.8410064e-01  -4.2705416e+00  -2.8367733e-02   2.5712611e-03   7.0170995e-03
  -1.8347114e-01   3.0233173e-01  -4.2769611e+00  -2.8682890e-02   3.8400111e-03   6.3524856e-03
  -1.8537081e-01   2.9462704e-01  -4.3032547e+00  -2.8831151e-02   3.8382034e-03   6.3485264e-03
  -1.8706699e-01   2.7087038e-01  -4.3416602e+00  -2.8789867e-02   4.0938245e-03   6.3682319e-03
  -2.1439547e-01   2.0866440e-01  -4.3333863e+00  -2.8375820e-02   3.7488625e-03   6.7343078e-03
  -2.1155603e-01   2.8992120e-01  -4.2325696e+00  -2.7098107e-02   3.5140658e-03   6.5775716e-03
  -2.0063430e-01   2.8015469e-01  -4.3018543e+00  -2.8210452e-02   3.3982797e-03   6.3520559e-03
  -1.6975301e-01   2.3490192e-01  -3.9871844e+00  -2.4219193e-02   3.5419925e-03   5.5926306e-03
  -1.8234684e-01   2.4770706e-01  -4.1245036e+00  -2.4845042e-02   3.8728971e-03   5.8630728e-03
  -2.0882555e-01   3.3100462e-01  -4.3817212e+00  -3.2470746e-02   4.8544947e-03   6.1087902e-03
  -1.5692938e-01   3.2425259e-01  -4.2406266e+00  -2.7623846e-02   1.6238049e-03   4.7160888e-03
  -1.6294581e-01   4.1220842e-01  -4.4043515e+00  -3.1086459e-02   2.3246052e-03   5.0236699e-03
  -1.9742467e-01   3.7676918e-01  -4.3824917e+00  -3.0103608e-02   2.2218975e-03   5.8619548e-03
  -1.8491050e-01   3.6150295e-01  -3.5199936e+00  -2.2930718e-02   3.7503216e-03   5.7761968e-03
  -1.6207743e-01   3.4282730e-01  -3.9250216e+00  -2.4903699e-02   4.5760054e-03   5.1446239e-03
  -1.3021203e-01   3.6531014e-01  -4.0644185e+00  -2.6056205e-02   2.8829454e-03   4.9536396e-03
  -1.7750714e-01   3.5553584e-01  -4.0673331e+00  -2.6540363e-02   2.8369554e-03   5.5282182e-03
  -1.8459668e-01   3.4959578e-01  -4.2074000e+00  -2.8214335e-02   3.0290642e-03   5.4280592e-03
  -1.7403011e-01   3.3703645e-01  -4.1625527e+00  -2.6699121e-02   3.0373412e-03   5.3667721e-03
  -1.9531724e-01   3.5942808e-01  -4.2363249e+00  -2.7424524e-02   3.0717493e-03   5.7414690e-03
  -2.0416254e-01   3.1716229e-01  -4.2663626e+00  -2.7391168e-02   2.9058009e-03   5.9324802e-03
  -2.3287810e-01   3.9498726e-01  -4.3174378e+00  -3.1406105e-02   5.5856864e-03   5.7853499e-03
  -1.6921060e-01   3.2937537e-01  -4.1079693e+00  -2.6924727e-02   5.2053811e-03   4.4862734e-03
  -2.1437461e-01   2.5994509e-01  -3.4985402e+00  -1.4576861e-02   5.3820203e-03   5.9509643e-03
  -1.9671530e-01   2.4056395e-01  -4.6618528e+00  -2.4787937e-02   2.7847333e-03   5.7455638e-03
  -2.3273102e-01   2.1009767e-01  -4.6221919e+00  -2.5055433e-02   4.1118268e-03   6.0838569e-03
  -2.2134438e-01   2.5836650e-01  -4.6243479e+00  -2.5786459e-02   3.9635942e-03   6.1195269e-03
  -2.3918337e-01   1.5474865e-01  -4.4586513e+00  -2.7082047e-02   5.7850671e-03   5.7361091e-03
  -1.9372397e-01   2.0901010e-01  -4.0366321e+00  -2.0493179e-02   6.2439833e-03   5.0546975e-03
  -2.1983175e-01   2.3140341e-01  -4.2334967e+00  -2.2857300e-02   5.9384296e-03   5.3495712e-03
  -2.1687212e-01   2.3500850e-01  -4.3638737e+00  -2.4517255e-02   5.6156894e-03   5.7695301e-03
  -1.9268649e-01   2.4588430e-01  -4.4248448e+00  -2.4652361e-02   4.3961475e-03   6.4007008e-03
  -2.4557118e-01   2.4327754e-01  -4.4162179e+00  -2.5053918e-02   4.4063922e-03   6.9634181e-03
  -2.2555898e-01   2.4511269e-01  -4.4372669e+00  -2.5107209e-02   4.0246921e-03   6.7306282e-03
  -2.3849576e-01   2.4946998e-01  -4.4180071e+00  -2.4590332e-02   4.2330064e-03   6.9068211e-03
  -2.5410704e-01   2.5600297e-01  -4.5087100e+00  -2.5149974e-02   4.0074834e-03   6.8951708e-03
  -2.5716210e-01   2.5202323e-01  -4.5039067e+00  -2.5415486e-02   4.3483804e-03   6.8107419e-03
  -2.1274966e-01   2.6575114e-01  -4.4408898e+00  -2.5909245e-02   4.8985705e-03   5.8893417e-03
  -2.3765851e-01   2.6222177e-01  -4.3899730e+00  -2.3383863e-02   4.6952580e-03   6.2521361e-03
  -2.4518064e-01   2.7022731e-01  -4.4327611e+00  -2.4183150e-02   4.9039666e-03   6.2055084e-03
  -2.4924304e-01   2.4018039e-01  -4.4750646e+00  -2.4779529e-02   5.3311869e-03   6.0809838e-03
  -2.2748305e-01   2.5385652e-01  -4.5533435e+00  -2.9522650e-02   6.8370197e-03   5.7305889e-03
  -1.1928145e-01   1.7420213e-01  -4.1456335e+00  -2.2817032e-02   4.2827679e-03   4.0498620e-03
  -1.6031631e-01   1.4348036e-01  -4.0036643e+00  -1.8893402e-02   5.3720783e-03   3.9410935e-03
  -1.8991900e-01   1.7816863e-01  -4.2367271e+00  -2.2191606e-02   5.4469465e-03   4.5830850e-03
  -1.9640744e-01   1.8558214e-01  -4.2806650e+00  -2.2463174e-02   5.2962166e-03   5.1261231e-03
  -1.8873709e-01   2.1282634e-01  -4.3146699e+00  -1.3881982e-02   5.3134291e-03   5.3554398e-03
  -2.4868452e-01   1.9065019e-01  -5.0053533e+00  -2.4106961e-02   1.2615122e-03   5.6153960e-03
  -2.3781995e-01   2.3026521e-01  -4.9242625e+00  -2.4471976e-02   1.6036830e-03   5.4329695e-03
  -2.5552310e-01   2.2829597e-01  -4.8885549e+00  -2.5066120e-02   2.8535165e-03   5.6048639e-03
  -2.3173270e-01   2.2884628e-01  -4.8015452e+00  -2.3973464e-02   2.7428583e-03   5.1921744e-03
  -2.3830925e-01   2.4372609e-01  -4.5389854e+00  -2.3815166e-02   3.5596962e-03   5.9432917e-03
  -1.8633637e-01   2.6053678e-01  -4.5758464e+00  -2.4377766e-02   5.0902323e-03   4.3838925e-03
  -1.2568053e-01   1.8141469e-01  -3.9789442e+00  -1.8291774e-02   5.5867237e-03   2.2585906e-03
  -1.5665163e-01   1.9734113e-01  -4.2901467e+00  -2.2066458e-02   6.7095520e-03   3.1521494e-03
  -1.9384578e-01   1.5425725e-01  -4.3234944e+00  -2.0950204e-02   6.6817216e-03   4.6612426e-03
  -2.0230332e-01   1.7529724e-01  -4.4094398e+00  -2.2738555e-02   5.6781661e-03   4.6164871e-03
  -2.2120029e-01   1.8058647e-01  -4.3668591e+00  -2.2258144e-02   5.5333016e-03   4.7208292e-03
  -2.2782224e-01   1.8007296e-01  -4.3635764e+00  -2.1307619e-02   6.0351549e-03   4.7280341e-03
  -1.9732435e-01   2.7555239e-01  -4.4716264e+00  -2.3482678e-02   5.1962109e-03   4.6837613e-03
  -2.1040359e-01   2.1313889e-01  -4.4008049e+00  -2.2322020e-02   5.3271829e-03   4.7487769e-03
  -2.2225227e-01   2.1584374e-01  -4.4748503e+00  -2.3548000e-02   4.8817777e-03   4.9554439e-03
  -2.4708577e-01   2.2669579e-01  -4.4364230e+00  -2.2680095e-02   4.7404180e-03   5.2899071e-03
  -1.9500482e-01   2.2685250e-01  -4.3350028e+00  -2.3366867e-02   5.4714303e-03   4.5249983e-03
  -3.5298403e-01   2.0674735e-02  -5.1873811e+00  -3.4680279e-02   7.6335089e-03   6.0418504e-03
  -1.4760645e-01   1.3281709e-01  -4.8239800e+00  -2.3456671e-02   5.9930476e-03   3.2707824e-03
  -1.8362554e-01   2.3156412e-01  -5.1802443e+00  -2.8313125e-02   4.6047042e-03   3.4231327e-03
  -2.0554437e-01   1.7477576e-01  -5.1217977e+00  -2.7714111e-02   3.7990335e-03   3.9103942e-03
  -1.9858864e-01   1.4350997e-01  -5.1048553e+00  -2.8982217e-02   4.2628809e-03   4.1493127e-03
  -2.3189415e-01   1.3796752e-01  -5.0731202e+00  -2.9884218e-02   4.4280454e-03   4.8816448e-03
  -2.0725418e-01   1.7074160e-01  -4.7884377e+00  -2.6420163e-02   5.3276639e-03   4.6350725e-03
  -2.2074578e-01   9.8498855e-02  -4.7569486e+00  -2.6098238e-02   6.0461387e-03   4.8398807e-03
  -2.1551286e-01   1.2218917e-01  -4.8340404e+00  -2.7134386e-02   5.9253716e-03   4.6631279e-03
  -1.9259860e-01   1.2703602e-01  -4.8892794e+00  -2.9214810e-02   6.1784136e-03   3.5054035e-03
  -1.7509957e-01   1.0006229e-01  -4.2481883e+00  -2.3513412e-02   5.6782577e-03   3.7781724e-03
  -1.7727938e-01   1.5194184e-01  -4.3762083e+00  -2.5572013e-02   6.5931857e-03   3.4653368e-03
  -1.8935585e-01   1.3719329e-01  -4.4242967e+00  -2.6275114e-02   6.8653239e-03   3.6009528e-03
  -1.7053627e-01   1.8101215e-01  -4.4342962e+00  -2.6430164e-02   7.1497791e-03   2.7397109e-03
  -1.9573207e-01   1.6833666e-01  -4.3992627e+00  -2.6476868e-02   7.2557882e-03   3.2740417e-03
  -2.1173750e-01   1.3609568e-01  -4.4911229e+00  -2.7159135e-02   6.5134672e-03   3.5205456e-03
  -2.1475710e-01   1.7781378e-01  -4.5355226e+00  -2.7539777e-02   6.6752194e-03   3.7130635e-03
  -2.0933027e-01   1.8123798e-01  -4.5519312e+00  -2.7566224e-02   6.8129235e-03   3.6642372e-03
  -1.9502524e-01   1.4588990e-01  -4.5821305e+00  -2.7345715e-02   7.2966334e-03   3.3628235e-03
  -2.1263837e-01   1.8702235e-01  -4.6236880e+00  -2.8193984e-02   7.2182710e-03   3.5512935e-03
  -2.5681251e-01   1.4392226e-01  -4.6396643e+00  -3.0321865e-02   7.9142660e-03   4.0644311e-03
  -1.9525551e-01   1.6855780e-01  -4.4376940e+00  -2.5285994e-02   7.5304422e-03   3.3458177e-03
  -1.8597181e-01   1.6556721e-01  -4.5320396e+00  -2.6953181e-02   7.6735945e-03   3.4315424e-03
  -2.1012031e-01   1.6124999e-01  -4.6267857e+00  -2.7955093e-02   7.3636701e-03   3.5902723e-03
  -2.0506120e-01   1.7385321e-01  -4.6074866e+00  -2.7623914e-02   7.5185739e-03   3.7111574e-03
  -2.2547783e-01   1.7087831e-01  -4.5993557e+00  -2.7957799e-02   7.3129986e-03   4.0190200e-03
  -2.0781358e-01   2.0460975e-01  -4.6027183e+00  -2.7317552e-02   6.9233819e-03   4.1827251e-03
  -2.2523785e-01   1.7214682e-01  -4.6038458e+00  -2.7892931e-02   7.6230885e-03   4.4261366e-03
  -2.1136915e-01   1.7039019e-01  -4.5838093e+00  -2.6127355e-02   7.1592080e-03   4.0463227e-03
  -2.2425065e-01   1.7974061e-01  -4.6091058e+00  -2.6470317e-02   7.6873442e-03   4.2455058e-03
  -1.9650793e-01   2.1687073e-01  -4.7233831e+00  -2.7724980e-02   7.3493728e-03   3.6937238e-03
  -2.1408702e-01   1.9473458e-01  -4.7761963e+00  -2.8216342e-02   7.7440123e-03   3.8397050e-03
  -1.9970636e-01   1.9356867e-01  -4.7603975e+00  -2.7530458e-02   6.9078405e-03   3.7902840e-03
  -2.3059289e-01   2.2164200e-01  -4.7729472e+00  -2.7978917e-02   7.1231912e-03   4.4985070e-03
  -2.3391984e-01   1.2238745e-01  -4.8190968e+00  -2.3870469e-02   7.1332684e-03   4.9505922e-03
  -2.1424521e-01   1.9666723e-01  -4.9649628e+00  -2.6458972e-02   7.6587407e-03   4.8678688e-03
  -2.3675585e-01   1.4403324e-01  -4.9539462e+00  -2.6021455e-02   8.1844674e-03   5.2939692e-03
  -2.3683895e-01   1.7391371e-01  -4.9719023e+00  -2.7144663e-02   7.2411631e-03   5.6611587e-03
  -2.4202035e-01   1.7607815e-01  -4.7960916e+00  -2.6036518e-02   7.6639674e-03   5.7632654e-03
  -2.6126115e-01   1.7202034e-01  -4.8330233e+00  -2.6298249e-02   7.6838408e-03   6.0243758e-03
  -2.7360060e-01   1.6227680e-01  -4.6876170e+00  -2.9718849e-02   7.3617435e-03   6.3644303e-03
  -1.8867164e-01   2.1434808e-01  -4.4036365e+00  -2.2796252e-02   5.1142659e-03   4.8532725e-03
  -2.3374156e-01   2.9055765e-01  -4.4986678e+00  -2.7377864e-02   6.4159402e-03   5.0300112e-03
  -2.1633870e-01   2.0700183e-01  -4.4257301e+00  -2.3266882e-02   6.2971050e-03   5.0797956e-03
  -2.5455975e-01   1.9015907e-01  -4.4374734e+00  -2.3133007e-02   5.9565422e-03   5.9171940e-03
  -2.3535117e-01   2.3766645e-01  -4.4961825e+00  -2.4499764e-02   5.8172688e-03   5.6607956e-03
  -2.2687352e-01   1.9128584e-01  -4.4728483e+00  -2.3266807e-02   6.4885842e-03   5.6099536e-03
  -2.2737587e-01   2.0690101e-01  -4.5048548e+00  -2.2653934e-02   6.2568063e-03   5.6022381e-03
  -2.1244793e-01   2.2971256e-01  -4.2683728e+00  -2.2895024e-02   6.6789820e-03   5.4327199e-03
  -1.5564871e-01   2.0223075e-01  -4.0692106e+00  -1.7984271e-02   5.7279096e-03   4.2230263e-03
  -1.6416711e-01   1.4701108e-01  -4.0742540e+00  -1.8231228e-02   7.1310314e-03   4.5311712e-03
  -1.6127857e-01   2.0287016e-01  -4.1386201e+00  -1.8588950e-02   6.8542367e-03   4.5260075e-03
  -1.2542521e-01   1.6273687e-01  -4.1804674e+00  -1.8968669e-02   7.0011682e-03   3.6481248e-03
  -1.5907262e-01   1.8787281e-01  -4.1431227e+00  -1.9433462e-02   6.7117236e-03   3.9478500e-03
  -1.4931489e-01   1.8276867e-01  -4.0543138e+00  -1.8815426e-02   6.5898998e-03   3.8380075e-03
  -1.8667934e-01   2.5763993e-01  -4.1408372e+00  -2.6684815e-02   7.7992121e-03   4.5929733e-03
  -2.1877943e-01   1.2047515e-01  -4.5363547e+00  -2.7069214e-02   1.7098314e-02   4.7506664e-03
  -1.2723368e-01   2.4166688e-01  -4.5616231e+00  -2.4052405e-02   1.6559791e-02   2.8250415e-03
  -1.7054709e-01   2.8061468e-01  -4.8423289e+00  -2.5731494e-02   1.1702517e-02   3.9414934e-03
  -1.5555281e-01   2.4957526e-01  -4.6878932e+00  -2.4886114e-02   1.1131870e-02   4.2488594e-03
  -1.9843863e-01   2.3367202e-01  -4.7856528e+00  -2.6942469e-02   1.1145883e-02   4.9276443e-03
  -1.9046212e-01   2.0253534e-01  -4.6272450e+00  -2.4121562e-02   1.0550212e-02   4.4852067e-03
  -2.0560378e-01   1.7177517e-01  -4.6584597e+00  -2.4802220e-02   1.1078297e-02   5.2501412e-03
  -2.2206243e-01   2.0209249e-01  -4.5905514e+00  -2.3865156e-02   1.0554585e-02   5.3152156e-03
  -2.3220823e-01   1.9172604e-01  -4.6132486e+00  -2.4130620e-02   1.0977863e-02   5.3966440e-03
  -2.3548306e-01   1.8687073e-01  -4.5752971e+00  -2.4089030e-02   1.0900133e-02   5.6032728e-03
  -2.4042417e-01   1.9442823e-01  -4.6194433e+00  -2.4819272e-02   1.0783101e-02   5.4464130e-03
  -2.4460264e-01   1.9059581e-01  -4.6076411e+00  -2.3518086e-02   1.0292371e-02   5.5327713e-03
  -2.4380903e-01   1.8317756e-01  -4.6567431e+00  -2.3860559e-02   1.0030460e-02   5.4588672e-03
  -2.5253352e-01   2.0208990e-01  -4.7559888e+00  -2.6583125e-02   1.0825826e-02   5.4097589e-03
  -2.2199385e-01   2.3592532e-01  -4.7786452e+00  -2.5249676e-02   1.0220095e-02   4.5507340e-03
  -2.1671434e-01   2.6960127e-01  -4.5244053e+00  -2.2837310e-02   1.0663380e-02   5.2283019e-03
  -2.2298964e-01   2.3046692e-01  -4.7628499e+00  -2.5049322e-02   1.1309205e-02   4.9557742e-03
  -2.2515092e-01   1.9651058e-01  -4.9004960e+00  -2.6747743e-02   1.0454448e-02   5.1419744e-03
  -2.1326035e-01   2.3585898e-01  -4.7831292e+00  -2.4461008e-02   1.0116033e-02   5.0014574e-03
  -2.4771864e-01   2.2301964e-01  -4.7969956e+00  -2.5996397e-02   1.1014218e-02   5.0818937e-03
  -1.7589304e-01   1.8666320e-01  -4.3114312e+00  -2.1051560e-02   9.6238018e-03   3.8327056e-03
  -2.5092905e-01   1.0361290e-01  -4.4221143e+00  -1.9204063e-02   9.4675151e-03   5.5405904e-03
  -3.5970555e-01   6.6997059e-02  -4.2393252e+00  -1.7312197e-02   9.3785698e-03   7.2209352e-03
  -2.3415032e-01   1.5104722e-01  -4.5077664e+00  -2.0440461e-02   8.6120341e-03   5.9550286e-03
  -2.3503271e-01   1.6486676e-01  -4.5950285e+00  -2.0690615e-02   8.5291131e-03   5.9551007e-03
  -1.7023645e-01   2.5632203e-01  -4.6124880e+00  -2.2394156e-02   7.0543846e-03   4.8386050e-03
  -2.1767234e-01   2.3587862e-01  -4.6717474e+00  -2.2034027e-02   8.3352640e-03   4.9845809e-03
  -2.3396832e-01   2.4014109e-01  -4.7803942e+00  -2.4333157e-02   8.8051107e-03   5.3313628e-03
  -2.2508986e-01   2.1827399e-01  -4.7655551e+00  -2.3439940e-02   8.9400365e-03   5.6441403e-03
  -2.4067800e-01   2.2093820e-01  -4.7918559e+00  -2.3986333e-02   8.8150470e-03   5.9424070e-03
  -2.6808087e-01   2.1243015e-01  -4.7812333e+00  -2.3600075e-02   9.4877496e-03   6.2547505e-03
  -2.4374182e-01   2.3251138e-01  -4.7940357e+00  -2.3421186e-02   9.2664929e-03   5.7163540e-03
  -2.5704268e-01   2.2633391e-01  -4.8802722e+00  -2.4309694e-02   9.4980278e-03   6.1938843e-03
  -2.6855264e-01   2.0866399e-01  -4.8275438e+00  -2.2700258e-02   9.5291856e-03   6.0098584e-03
  -2.6910714e-01   2.8013835e-01  -4.9025865e+00  -2.5139324e-02   9.4704707e-03   5.9204574e-03
  -2.4498493e-01   2.2205260e-01  -4.8762213e+00  -2.3827266e-02   9.8771829e-03   5.8742238e-03
  -2.6343716e-01   2.2059407e-01  -4.8958622e+00  -2.3958782e-02   9.8123773e-03   6.0373796e-03
  -2.9056287e-01   2.1213694e-01  -4.9411383e+00  -2.6681572e-02   8.0370446e-03   7.0798544e-03
  -2.4089515e-01   2.1012444e-01  -4.5360545e+00  -2.0227795e-02   7.7479091e-03   5.4431700e-03
  -2.6359368e-01   2.3323276e-01  -4.6614231e+00  -2.2383054e-02   7.7681674e-03   5.9973016e-03
  -2.7055330e-01   1.9637299e-01  -4.6625560e+00  -2.1418806e-02   8.1083999e-03   6.3829998e-03
  -2.8480502e-01   1.8491124e-01  -4.7215561e+00  -2.2419068e-02   8.1616967e-03   6.4950585e-03
  -2.8535940e-01   2.0518576e-01  -4.7011941e+00  -2.1648118e-02   8.2230556e-03   6.6392829e-03
  -2.9474108e-01   2.3221741e-01  -4.7660649e+00  -2.3780973e-02   8.6108997e-03   6.7880785e-03
  -3.0989277e-01   1.8410622e-01  -4.7661894e+00  -2.4344431e-02   8.2821340e-03   7.5276460e-03
  -3.8661637e-01   3.3813545e-01  -5.9601376e+00  -3.3754643e-02   5.6003963e-03   7.7594474e-03
  -2.2428283e-01   2.8215645e-01  -5.2955295e+00  -2.4184959e-02   4.1049995e-03   5.4715789e-03
  -2.3063515e-01   2.8466928e-01  -5.2080054e+00  -2.3685187e-02   5.4489470e-03   5.7791332e-03
  -2.3996973e-01   2.5724221e-01  -5.2203919e+00  -2.4214891e-02   5.8957976e-03   6.0756189e-03
  -2.2876581e-01   2.3321904e-01  -5.1781284e+00  -2.3232090e-02   6.2381844e-03   5.9078822e-03
  -2.5778326e-01   2.4962036e-01  -5.2223378e+00  -2.4562653e-02   6.0899410e-03   6.4215313e-03
  -2.6108765e-01   2.4329423e-01  -5.2350640e+00  -2.4527474e-02   6.4770839e-03   6.7281379e-03
  -2.5848456e-01   1.9592289e-01  -5.2399858e+00  -2.4333036e-02   6.9588634e-03   6.5777572e-03
  -2.6826483e-01   2.3421432e-01  -5.2087538e+00  -2.4747812e-02   5.9416285e-03   6.5116872e-03
  -2.7940582e-01   2.2763562e-01  -5.1631647e+00  -2.4443510e-02   6.2029480e-03   6.4761535e-03
  -2.1736951e-01   2.0673840e-01  -4.5131702e+00  -1.9267362e-02   5.7246165e-03   5.4510497e-03
  -2.2909993e-01   2.2452966e-01  -4.7053008e+00  -2.1424054e-02   6.1229573e-03   5.6346420e-03
  -2.2759727e-01   2.1999415e-01  -4.9237631e+00  -2.1418889e-02   7.3699775e-03   5.4975993e-03
  -2.3986680e-01   2.4512218e-01  -4.8350368e+00  -2.2719142e-02   6.9064758e-03   5.2641024e-03
  -2.5747874e-01   3.0279397e-01  -4.7168136e+00  -2.4117814e-02   5.4375295e-03   5.3521379e-03
  -2.1572568e-01   2.1672330e-01  -4.6038941e+00  -2.1204390e-02   6.1031291e-03   4.9728200e-03
  -2.3929988e-01   2.2193734e-01  -4.6702447e+00  -2.1536280e-02   5.9669524e-03   5.5017302e-03
  -2.1710714e-01   2.1351907e-01  -4.7115795e+00  -2.1328823e-02   6.4017750e-03   4.8226629e-03
  -1.6243648e-01   2.7923908e-01  -4.8355069e+00  -2.5777671e-02   6.1771897e-03   2.7158229e-03
  -2.8124885e-01   2.0402304e-01  -4.6578687e+00  -1.9709031e-02   4.5283496e-03   6.3010865e-03
  -2.6790562e-01   2.7758317e-01  -4.7329850e+00  -2.2458437e-02   5.5810504e-03   6.0390342e-03
  -2.5171922e-01   2.2788043e-01  -4.7715899e+00  -2.1866687e-02   6.2407166e-03   5.4642139e-03
  -2.1899512e-01   2.3183299e-01  -4.8617794e+00  -2.2712773e-02   5.9876038e-03   5.1135087e-03
  -2.1835618e-01   2.4224705e-01  -4.7195246e+00  -2.1407485e-02   6.1552510e-03   4.9423291e-03
  -2.5456487e-01   2.2056924e-01  -4.8113630e+00  -2.2562399e-02   6.1362004e-03   6.0713980e-03
  -2.4483286e-01   2.2986248e-01  -4.7462038e+00  -2.0849672e-02   5.8150742e-03   5.3531236e-03
  -2.9221878e-01   1.9057113e-01  -4.6989664e+00  -2.1616052e-02   7.9539920e-03   6.5331603e-03
  -2.6609149e-01   3.1771599e-02  -5.3046205e+00  -2.1914038e-02   1.9240935e-03   4.7754152e-03
  -3.8013574e-01   1.8449517e-01  -6.4980298e+00  -3.5894544e-02   6.0409234e-03   6.2431989e-03
  -2.7383027e-01   2.3069270e-01  -6.5252930e+00  -3.0585589e-02   2.4033201e-03   6.2153997e-03
  -2.8237028e-01   2.3103224e-01  -6.5912307e+00  -3.2327379e-02   1.9413136e-03   6.7142237e-03
  -3.0170406e-01   2.5221503e-01  -6.6778467e+00  -3.4742943e-02   1.6228136e-03   7.6323069e-03
  -2.9210187e-01   2.2728348e-01  -6.4049307e+00  -3.1901106e-02   2.8702596e-03   6.6322828e-03
  -2.9555358e-01   2.6169908e-01  -6.4303323e+00  -3.3242481e-02   3.5230008e-03   6.7237794e-03
  -3.0508952e-01   2.5711648e-01  -6.4285678e+00  -3.3666231e-02   3.0078696e-03   6.8195412e-03
  -3.1522693e-01   2.3499014e-01  -6.3966745e+00  -3.3502546e-02   3.6212659e-03   7.0862737e-03
  -2.8780304e-01   2.6496888e-01  -6.4420626e+00  -3.3437308e-02   3.3222366e-03   6.5147669e-03
  -3.2065952e-01   2.5124880e-01  -6.4192639e+00  -3.3749461e-02   2.8783414e-03   6.8531685e-03
  -3.0352480e-01   2.5984938e-01  -6.4071177e+00  -3.3609511e-02   3.1521378e-03   6.5537692e-03
  -2.8100792e-01   3.0384833e-01  -6.4853385e+00  -3.4610755e-02   3.4816704e-03   6.0800058e-03
  -3.1361282e-01   2.7372852e-01  -6.3838234e+00  -3.2667774e-02   4.4670649e-03   6.2209692e-03
  -3.2676834e-01   3.7805524e-01  -6.4548724e+00  -3.6219705e-02   5.0636182e-03   5.9176180e-03
  -2.8036318e-01   2.3884759e-01  -6.3278962e+00  -3.2560975e-02   5.2591392e-03   5.8856113e-03
  -2.6870920e-01   2.5354791e-01  -6.3661043e+00  -3.2816164e-02   5.1793440e-03   5.7480706e-03
  -2.9181283e-01   2.7255328e-01  -6.4179777e+00  -3.4501207e-02   4.8303777e-03   5.8896185e-03
  -2.9281171e-01   3.0501479e-01  -6.3716798e+00  -3.3895623e-02   5.1292803e-03   6.1024662e-03
  -2.7870722e-01   2.9221126e-01  -6.2960235e+00  -3.1996139e-02   4.4632015e-03   6.1050464e-03
  -3.0945147e-01   3.3072260e-01  -6.2516014e+00  -3.1235484e-02   4.3586325e-03   6.6507600e-03
  -3.1319527e-01   2.8732667e-01  -6.2587559e+00  -3.1615394e-02   3.8496405e-03   6.6751613e-03
  -3.0173847e-01   2.7527784e-01  -6.2744688e+00  -3.2343367e-02   4.2864307e-03   6.6607307e-03
  -2.8417265e-01   3.1056264e-01  -6.3010506e+00  -3.2231412e-02   5.0408658e-03   6.1841761e-03
  -3.3488893e-01   3.6498145e-01  -6.4399889e+00  -3.6283364e-02   3.6089194e-03   8.6196244e-03
  -2.2517401e-01   2.7760955e-01  -5.7423233e+00  -2.8034245e-02   3.0159026e-03   5.3965573e-03
  -2.6196202e-01   2.5583075e-01  -5.7686353e+00  -2.8237474e-02   3.3056043e-03   6.3319089e-03
  -2.7185687e-01   2.5973953e-01  -5.8408728e+00  -2.8820100e-02   3.6281082e-03   6.3836419e-03
  -2.7751156e-01   2.8175890e-01  -5.8652305e+00  -2.8837568e-02   3.9750219e-03   5.9449939e-03
  -2.6832662e-01   2.5274766e-01  -5.9277041e+00  -2.8894887e-02   3.4418559e-03   6.0667772e-03
  -2.6664996e-01   3.3000549e-01  -6.0810066e+00  -3.7144305e-02   5.1171850e-03   6.6954676e-03
  -2.3989864e-01   2.7681419e-01  -5.6370524e+00  -2.7220841e-02   4.6464446e-03   5.7558388e-03
  -2.6206944e-01   2.7820046e-01  -5.6990194e+00  -2.8122080e-02   4.3428945e-03   6.1703615e-03
  -2.7102638e-01   2.8453703e-01  -5.7449011e+00  -2.8563991e-02   3.9936472e-03   6.4590864e-03
  -2.9710278e-01   2.8572377e-01  -5.8563594e+00  -3.1669592e-02   3.8554524e-03   6.8590435e-03
  -2.5065732e-01   2.7474485e-01  -5.7372611e+00  -2.8594338e-02   4.4450612e-03   5.7142117e-03
  -2.7181284e-01   2.9654629e-01  -5.7992034e+00  -3.0091707e-02   4.8029741e-03   5.9245647e-03
  -2.7140632e-01   2.8068695e-01  -5.7205230e+00  -2.8128794e-02   5.0248449e-03   5.9828640e-03
  -2.7499525e-01   2.5773050e-01  -5.7151968e+00  -2.8307435e-02   4.8313107e-03   6.4305135e-03
  -2.7568620e-01   2.6348672e-01  -5.7964932e+00  -2.8986921e-02   5.1651458e-03   6.4605518e-03
  -2.0569852e-01   2.2334574e-01  -5.3767938e+00  -2.3759618e-02   4.2288086e-03   5.1324699e-03
  -2.6464827e-01   2.7236979e-01  -5.6396483e+00  -2.7234162e-02   5.1945367e-03   6.0983904e-03
  -2.8183253e-01   2.9041217e-01  -5.6519341e+00  -2.8355237e-02   5.0238204e-03   6.5507151e-03
  -2.9296048e-01   3.1535019e-01  -5.6656441e+00  -2.7608176e-02   4.0790116e-03   6.9221033e-03
  -2.9477105e-01   2.6453525e-01  -5.7113770e+00  -2.8010758e-02   4.0915866e-03   6.8419271e-03
  -2.9788405e-01   2.8614258e-01  -5.7617728e+00  -2.9363902e-02   4.9084048e-03   6.8315210e-03
  -3.0420797e-01   2.5376188e-01  -5.7100216e+00  -2.7214100e-02   4.6935868e-03   6.6876802e-03
  -2.9933935e-01   2.8344416e-01  -5.8287059e+00  -3.0597779e-02   5.0301381e-03   6.5572135e-03
  -2.6868975e-01   2.6857698e-01  -5.6417389e+00  -2.6249954e-02   4.9600649e-03   6.0009543e-03
  -2.9504009e-01   2.6721029e-01  -5.7385353e+00  -2.7580797e-02   5.0108577e-03   6.5060900e-03
  -3.1879249e-01   2.8918169e-01  -5.7775002e+00  -2.8340894e-02   4.8095640e-03   7.0071500e-03
  -3.0716754e-01   2.7410010e-01  -5.8433397e+00  -2.9035075e-02   5.0255893e-03   6.5344315e-03
  -3.0090678e-01   3.0410998e-01  -5.8728874e+00  -2.8938121e-02   5.3337245e-03   6.6872195e-03
  -3.0314053e-01   2.8243373e-01  -5.8483871e+00  -2.8153229e-02   5.8099032e-03   6.4843691e-03
  -2.7290586e-01   3.2205319e-01  -5.7917640e+00  -2.9490338e-02   8.0391234e-03   5.4187667e-03
  -2.5341978e-01   3.2024243e-01  -5.6547656e+00  -2.8040096e-02   6.7585378e-03   5.5838859e-03
  -2.2480202e-01   3.1350790e-01  -5.6200829e+00  -2.6904039e-02   6.4343505e-03   5.1756954e-03
  -2.5388970e-01   2.8374710e-01  -5.6593296e+00  -2.7112091e-02   6.4102526e-03   5.4859003e-03
  -2.6248521e-01   2.8847666e-01  -5.5478658e+00  -2.9561607e-02   6.9408587e-03   5.6768960e-03
  -1.8283412e-01   3.1482296e-01  -5.3340711e+00  -2.5856337e-02   6.1604765e-03   5.1687875e-03
  -2.2876312e-01   3.0188795e-01  -5.4394883e+00  -3.0085844e-02   7.6347011e-03   5.9150772e-03
  -1.9098020e-01   2.6435178e-01  -5.1195125e+00  -2.3299360e-02   5.7077831e-03   5.5833077e-03
  -2.1524158e-01   2.7409320e-01  -5.1937873e+00  -2.4915763e-02   5.7935630e-03   6.1707998e-03
  -2.0779858e-01   2.7294590e-01  -5.1756973e+00  -2.3924662e-02   6.4649035e-03   5.8676495e-03
  -2.3141933e-01   2.7274721e-01  -5.2401242e+00  -2.4663140e-02   6.5822698e-03   5.6603628e-03
  -2.3614948e-01   2.8571125e-01  -5.2837065e+00  -2.5493745e-02   6.3735272e-03   5.8429278e-03
  -2.4751825e-01   3.3022402e-01  -5.4075511e+00  -2.8291869e-02   7.9455415e-03   5.1753767e-03
  -2.4025564e-01   2.6244538e-01  -5.2960867e+00  -2.4731948e-02   6.1713140e-03   6.0109015e-03
  -1.8119965e-01   2.2999041e-01  -4.6291594e+00  -2.0015783e-02   9.0389414e-03   4.0195720e-03
  -2.0343211e-01   2.7287421e-01  -4.8878804e+00  -2.4152406e-02   9.9874057e-03   4.3433338e-03
  -2.3175390e-01   2.8751129e-01  -5.1457300e+00  -2.5824064e-02   9.4529590e-03   5.2070009e-03
  -2.2097952e-01   2.9121162e-01  -5.1929179e+00  -2.5901315e-02   8.6383002e-03   4.8477397e-03
  -2.5005496e-01   2.3209842e-01  -5.0437824e+00  -2.6214724e-02   9.3384294e-03   5.7394808e-03
  -1.9253630e-01   2.6361371e-01  -5.0150683e+00  -2.2487115e-02   8.1014286e-03   4.4702971e-03
  -2.1771231e-01   2.8749488e-01  -5.1069118e+00  -2.3291965e-02   8.1909842e-03   5.4440124e-03
  -2.2024332e-01   3.0005415e-01  -5.1964221e+00  -2.4364343e-02   8.0838411e-03   5.3270507e-03
  -2.1890503e-01   3.1636671e-01  -5.1155033e+00  -2.4053438e-02   8.5286849e-03   5.0938832e-03
  -2.0486721e-01   3.0700625e-01  -5.1766272e+00  -2.4175285e-02   7.7034257e-03   4.8493347e-03
  -2.2256318e-01   2.8583184e-01  -5.1628435e+00  -2.4180659e-02   7.3885195e-03   5.2862501e-03
  -2.2129545e-01   3.2333768e-01  -5.2434442e+00  -2.8933968e-02   7.0276479e-03   5.4434589e-03
  -1.4519155e-01   2.7933646e-01  -4.6596869e+00  -2.0656563e-02   4.7789636e-03   3.8748758e-03
  -2.0349605e-01   2.8156388e-01  -4.8166996e+00  -2.1342133e-02   5.2297763e-03   4.8526996e-03
  -2.4374054e-01   2.6758941e-01  -4.9302249e+00  -2.2630956e-02   5.4720014e-03   5.7008505e-03
  -2.3100924e-01   2.6710673e-01  -5.0381780e+00  -2.3660978e-02   4.8011168e-03   5.6609408e-03
  -2.4055179e-01   2.3848059e-01  -5.0765052e+00  -2.3695341e-02   4.7982117e-03   5.7259367e-03
  -2.7045531e-01   3.3640682e-01  -5.1638433e+00  -2.5456298e-02   4.7592362e-03   6.2346316e-03
  -2.3589935e-01   2.8355882e-01  -5.1553333e+00  -2.3822778e-02   5.5766200e-03   5.5376217e-03
  -2.3043905e-01   2.7687277e-01  -5.1896855e+00  -2.4053852e-02   5.2762601e-03   5.5052156e-03
  -2.2431992e-01   3.3043103e-01  -5.2541249e+00  -2.6906552e-02   6.9528207e-03   3.5752203e-03
  -2.2492096e-01   3.4718740e-01  -5.2346672e+00  -2.6040869e-02   6.2020428e-03   4.2843655e-03
  -2.2830355e-01   3.0220553e-01  -5.2983740e+00  -2.8396774e-02   6.3799367e-03   5.0195845e-03
  -2.2023040e-01   3.0511823e-01  -4.9803067e+00  -2.3803986e-02   5.7966906e-03   4.4802050e-03
  -2.2948660e-01   2.9853541e-01  -5.0617790e+00  -2.6220349e-02   6.6177394e-03   5.2282822e-03
  -2.3921020e-01   3.1104707e-01  -4.9315135e+00  -2.3437585e-02   6.6648679e-03   5.2635285e-03
  -2.4820475e-01   3.2326181e-01  -5.0835777e+00  -2.4322205e-02   6.8598149e-03   5.4676349e-03
  -2.3730385e-01   2.9163473e-01  -5.0973101e+00  -2.4143973e-02   7.2214326e-03   5.5224873e-03
  -2.5179499e-01   2.8204561e-01  -5.1850916e+00  -2.5287533e-02   7.2865509e-03   6.4793802e-03
  -2.0952863e-01   2.9156975e-01  -5.1158098e+00  -2.2017800e-02   7.5856154e-03   5.0651378e-03
  -2.2798084e-01   2.9325076e-01  -5.2042221e+00  -2.3804286e-02   7.2297397e-03   5.3771355e-03
  -1.7016026e-01   3.4228337e-01  -5.3434251e+00  -2.9782950e-02   8.1562205e-03   3.0381104e-03
  -2.2836504e-01   3.3875137e-01  -5.2008730e+00  -2.3187662e-02   6.1224737e-03   5.9559694e-03
  -2.5506011e-01   3.9011972e-01  -5.2899448e+00  -2.7739263e-02   8.1487311e-03   5.4987429e-03
  -1.6855885e-01   3.0508769e-01  -5.0747689e+00  -2.2711243e-02   7.0460676e-03   5.0715518e-03
  -2.1255528e-01   3.1907831e-01  -5.1661231e+00  -2.2960874e-02   7.0635082e-03   5.6726564e-03
  -2.1322244e-01   3.2271838e-01  -5.2951335e+00  -2.4952296e-02   6.5669813e-03   5.7023667e-03
  -2.3722190e-01   3.1056350e-01  -5.3334234e+00  -2.5452586e-02   6.8841215e-03   5.8043139e-03
  -2.4135553e-01   4.0210648e-01  -5.4857159e+00  -2.9555368e-02   7.0637992e-03   7.1995333e-03
  -5.4113451e-01   6.0059480e-02  -6.2864372e+00  -3.7424606e-02   8.5415884e-03   9.0030129e-03
  -3.4148664e-01   3.8195851e-01  -6.9785713e+00  -3.6967888e-02   6.2687658e-03   6.9950399e-03
  -3.6829080e-01   3.8464424e-01  -7.0296977e+00  -3.7531461e-02   5.7421797e-03   6.7893089e-03
  -3.3693610e-01   4.2382554e-01  -7.0762520e+00  -3.6949987e-02   4.1032572e-03   7.0154672e-03
  -3.3513090e-01   3.9106469e-01  -7.0467593e+00  -3.6961609e-02   3.9906113e-03   6.8783993e-03
  -3.6463910e-01   3.6941489e-01  -7.0371994e+00  -3.8022031e-02   3.7556009e-03   7.6171544e-03
  -3.3253308e-01   3.5685528e-01  -6.7977725e+00  -3.5439125e-02   4.4592793e-03   7.0953067e-03
  -3.5781534e-01   3.2437946e-01  -6.7631913e+00  -3.4167765e-02   4.1152016e-03   7.3707889e-03
  -3.5953526e-01   3.3039612e-01  -6.7993342e+00  -3.4807894e-02   4.3964766e-03   7.5245016e-03
  -3.5225892e-01   3.0593772e-01  -6.7026224e+00  -3.3771106e-02   4.7765530e-03   7.3237593e-03
  -3.6129351e-01   3.4745584e-01  -6.7833054e+00  -3.5166792e-02   4.5322913e-03   7.4107692e-03
  -3.7168051e-01   3.3087537e-01  -6.8705771e+00  -3.8907330e-02   5.2627014e-03   7.5876380e-03
  -3.2212187e-01   3.3679617e-01  -6.5347992e+00  -3.2940602e-02   4.8821763e-03   7.1037875e-03
  -3.3948833e-01   3.0971225e-01  -6.5478190e+00  -3.2717921e-02   4.3145577e-03   7.5517866e-03
  -3.3358769e-01   3.2809501e-01  -6.5894101e+00  -3.3435014e-02   4.5627768e-03   7.1754743e-03
  -3.3677949e-01   3.2317652e-01  -6.5972084e+00  -3.4422238e-02   4.6247387e-03   7.1911035e-03
  -3.2330576e-01   3.4521741e-01  -6.5900697e+00  -3.3706362e-02   5.1940962e-03   7.0247232e-03
  -3.5450416e-01   2.9177233e-01  -6.4856500e+00  -3.3020252e-02   4.8076307e-03   7.7174056e-03
  -3.4003232e-01   3.3840040e-01  -6.4712606e+00  -3.2416346e-02   5.2696622e-03   7.4687922e-03
  -3.2835669e-01   3.0815453e-01  -6.4921091e+00  -3.2801859e-02   5.0620330e-03   7.2047740e-03
  -3.1868486e-01   3.2176742e-01  -6.4574851e+00  -3.1894278e-02   5.0051010e-03   7.2426835e-03
  -3.1448120e-01   3.4238680e-01  -6.5213293e+00  -3.2869603e-02   4.7465054e-03   6.9929587e-03
  -3.2979752e-01   3.2705267e-01  -6.5047657e+00  -3.2847795e-02   4.6969077e-03   6.9716802e-03
  -3.1409432e-01   3.4244026e-01  -6.5219872e+00  -3.3923477e-02   5.1968979e-03   6.9212101e-03
  -3.2465157e-01   3.0591085e-01  -6.3977024e+00  -3.1219026e-02   5.0921593e-03   7.0443227e-03
  -3.5932619e-01   3.5095412e-01  -6.4881393e+00  -3.2738027e-02   5.3105217e-03   7.6335104e-03
  -3.2366949e-01   3.5660100e-01  -6.5031123e+00  -3.2378425e-02   5.4936942e-03   6.9488049e-03
  -3.6323251e-01   3.7517454e-01  -6.5523437e+00  -3.5371172e-02   5.8025915e-03   8.0327195e-03
  -3.0459955e-01   1.0297305e-01  -5.9818835e+00  -3.4141516e-02   1.1493500e-02   5.0600074e-03
  -1.6520464e-01   4.3914272e-01  -5.4936547e+00  -2.6413810e-02   8.2959086e-03   4.8112577e-03
  -1.6147763e-01   1.8990833e-01  -6.3595218e+00  -2.7739257e-02   7.1035648e-03   4.8601817e-03
  -1.8537859e-01   3.4306791e-01  -6.2731599e+00  -2.6625917e-02   3.7707692e-03   4.7615486e-03
  -1.9766049e-01   3.0094897e-01  -6.2001187e+00  -2.6590120e-02   4.3915298e-03   5.5280391e-03
  -2.5844636e-01   3.0593908e-01  -6.1571138e+00  -2.7688908e-02   6.2849114e-03   6.3495225e-03
  -2.3102611e-01   2.7856376e-01  -6.0493471e+00  -2.5894642e-02   5.3836944e-03   5.7459778e-03
  -2.2925051e-01   2.7439335e-01  -6.0687601e+00  -2.6072439e-02   6.1604570e-03   6.0062100e-03
  -2.5799408e-01   2.6886106e-01  -5.8392369e+00  -2.5198957e-02   7.2114352e-03   6.2069292e-03
  -2.4415812e-01   2.8732690e-01  -5.9161696e+00  -2.4871272e-02   6.8265816e-03   6.0652547e-03
  -2.4271600e-01   3.0489839e-01  -5.9572013e+00  -2.5919742e-02   7.1699295e-03   6.3185017e-03
  -2.7221433e-01   3.0598989e-01  -5.9831849e+00  -2.5669505e-02   6.8269200e-03   6.6816610e-03
  -2.7803026e-01   3.0093420e-01  -6.0235417e+00  -2.6949538e-02   7.4148194e-03   6.7328198e-03
  -1.1911427e-01   2.4722938e-01  -5.3130769e+00  -1.9296131e-02   5.2136654e-03   3.7039905e-03
  -1.4629358e-01   3.5285480e-01  -5.5552117e+00  -2.6505843e-02   5.4611415e-03   3.7304093e-03
  -1.0001085e-01   3.0344796e-01  -5.4525911e+00  -2.3199857e-02   5.1514138e-03   3.6098633e-03
  -1.2759744e-01   3.1109593e-01  -5.4784556e+00  -2.2870360e-02   4.9386135e-03   3.9984988e-03
  -1.5700555e-01   3.0880665e-01  -5.5653299e+00  -2.4223465e-02   5.0318363e-03   4.2941459e-03
  -1.6591154e-01   2.6918792e-01  -5.5516247e+00  -2.4245983e-02   5.0149079e-03   4.4581481e-03
  -1.7734561e-01   3.0925945e-01  -5.5957958e+00  -2.5018305e-02   5.2520375e-03   4.5563488e-03
  -1.8554544e-01   2.5149543e-01  -5.5531728e+00  -2.3799397e-02   5.5675675e-03   4.6950423e-03
  -1.8742492e-01   2.7579503e-01  -5.5791608e+00  -2.3590881e-02   4.7707572e-03   4.8804445e-03
  -1.9264016e-01   2.7214514e-01  -5.5600512e+00  -2.3733004e-02   5.3287460e-03   4.9840084e-03
  -2.1076865e-01   3.3683473e-01  -5.6317506e+00  -2.6858094e-02   5.4790528e-03   5.1874657e-03
  -2.6639973e-01   3.2567025e-02  -5.1560179e+00  -2.9036069e-02   1.1421149e-02   3.4398696e-03
  -3.1288686e-01   2.2691259e-01  -4.8233085e+00  -2.1768678e-02   8.5867782e-03   5.6185585e-03
  -1.9950680e-01   2.7692710e-01  -5.1039094e+00  -2.2660201e-02   8.1105424e-03   4.0875156e-03
  -4.0149532e-01  -5.9201133e-02  -4.1130404e+00  -1.1342192e-02   1.0910382e-02   6.0473434e-03
  -3.8435146e-01  -1.2627157e-01  -4.0628922e+00  -1.0808302e-02   9.9612081e-03   5.8946407e-03
  -4.0604793e-01  -1.5442904e-01  -3.9969349e+00  -9.0221560e-03   9.8227683e-03   6.5528088e-03
  -4.2298704e-01  -9.2956554e-02  -4.1068908e+00  -1.1028095e-02   9.7192044e-03   6.4430227e-03
  -3.4527219e-01   5.1717787e-02  -4.6438056e+00  -1.3955348e-02   8.3219394e-03   5.9168282e-03
  -2.3258438e-01   1.7029214e-01  -4.9646965e+00  -1.9121007e-02   8.9557687e-03   4.9396768e-03
  -3.3357724e-01   5.1970452e-02  -4.6097604e+00  -1.4645465e-02   1.0162209e-02   5.6526623e-03
  -3.1096664e-01   1.7867200e-01  -4.8971578e+00  -1.9383459e-02   9.4585610e-03   5.6894724e-03
  -3.0434744e-01   1.7967219e-01  -5.0460379e+00  -1.9875754e-02   8.0628808e-03   6.1473030e-03
  -2.9717766e-01   2.0700959e-01  -5.0933753e+00  -2.1675777e-02   8.3044499e-03   6.2045350e-03
  -3.1482679e-01   1.9927362e-01  -5.1079630e+00  -2.1698137e-02   8.1684924e-03   6.4569399e-03
  -3.2312070e-01   2.0321597e-01  -5.1422208e+00  -2.1949745e-02   8.0225780e-03   6.8033724e-03
  -2.9181640e-01   2.6531002e-01  -5.2722672e+00  -2.2674915e-02   8.1006794e-03   6.1457785e-03
  -2.9636024e-01   2.1545402e-01  -5.2879796e+00  -2.3102074e-02   8.5766590e-03   6.2749117e-03
  -3.0109106e-01   2.4279845e-01  -5.3352961e+00  -2.4085371e-02   8.1619168e-03   6.3901344e-03
  -2.9799615e-01   2.0282750e-01  -5.3415051e+00  -2.3696357e-02   8.8467392e-03   6.4172185e-03
  -2.8114288e-01   2.1827677e-01  -5.4071642e+00  -2.4258331e-02   8.6509800e-03   5.9472450e-03
  -2.8951412e-01   2.4996588e-01  -5.4608303e+00  -2.5154424e-02   8.3828222e-03   6.1350182e-03
  -2.8653887e-01   2.7700831e-01  -5.4905858e+00  -2.6827366e-02   8.1993820e-03   6.2106740e-03
  -2.7892290e-01   3.0976332e-01  -5.3166359e+00  -2.3511761e-02   9.3158114e-03   5.9124986e-03
  -2.6136983e-01   2.7673405e-01  -5.3083170e+00  -2.2868681e-02   9.1681770e-03   5.9047999e-03
  -2.6456121e-01   2.8218147e-01  -5.4189655e+00  -2.3990769e-02   9.7383876e-03   5.7478600e-03
  -3.0580196e-01   3.0972087e-01  -5.4082004e+00  -2.6264573e-02   1.0828408e-02   6.8457758e-03
  -2.1888304e-01   2.6970299e-01  -5.1095633e+00  -1.9229549e-02   9.3131056e-03   5.5994782e-03
  -2.3256071e-01   2.9278557e-01  -5.1632666e+00  -2.0031069e-02   9.5223515e-03   5.9973181e-03
  -2.5902329e-01   2.7005024e-01  -5.2540334e+00  -2.3103808e-02   1.0304217e-02   6.4199693e-03
  -2.0594593e-01   2.7062187e-01  -5.2418768e+00  -1.9924190e-02   8.5810506e-03   5.6078111e-03
  -2.5765154e-01   2.5076695e-01  -5.3096567e+00  -2.2038921e-02   9.7570313e-03   6.4474470e-03
  -2.7253008e-01   2.9122003e-01  -5.2471988e+00  -2.1050311e-02   9.9908097e-03   6.7537722e-03
  -2.5507529e-01   2.6585651e-01  -5.3359717e+00  -2.1467547e-02   9.6073332e-03   6.4866447e-03
  -2.7003999e-01   2.5790766e-01  -5.3961974e+00  -2.2111629e-02   1.0302104e-02   6.6164177e-03
  -2.7630238e-01   2.6204212e-01  -5.3884072e+00  -2.1910184e-02   9.7708514e-03   6.8313860e-03
  -2.6167476e-01   2.5753244e-01  -5.4778998e+00  -2.2338565e-02   9.7942971e-03   6.2715474e-03
  -1.9610450e-01   2.9795685e-01  -5.3713043e+00  -1.9443542e-02   9.6197170e-03   5.9789577e-03
  -2.2053444e-01   3.3310250e-01  -5.4973239e+00  -2.0570274e-02   9.6968119e-03   5.3448153e-03
  -2.3389674e-01   3.1982079e-01  -5.3791927e+00  -2.0563357e-02   9.0432237e-03   6.0409138e-03
  -2.8748786e-01   3.2856889e-01  -5.3077827e+00  -2.1716259e-02   9.2906705e-03   6.9624937e-03
  -2.4006859e-01   3.0357133e-01  -5.3728156e+00  -2.0908579e-02   9.2961705e-03   6.0855322e-03
  -2.5484876e-01   3.0050874e-01  -5.3553936e+00  -2.0358606e-02   9.2061923e-03   6.6462339e-03
  -2.6215227e-01   3.0398745e-01  -5.4210094e+00  -2.1851651e-02   9.0847701e-03   6.3949311e-03
  -2.5490546e-01   2.6458748e-01  -5.3724811e+00  -2.0649539e-02   9.2571476e-03   6.1882166e-03
  -2.6857173e-01   3.0860407e-01  -5.4014544e+00  -2.1397397e-02   9.4633229e-03   6.3228419e-03
  -2.1775458e-01   3.1365598e-01  -5.5340096e+00  -2.2614849e-02   9.5459937e-03   5.3354417e-03
  -2.3570592e-01   3.5803441e-01  -5.4821660e+00  -2.2388860e-02   9.7084063e-03   5.6393474e-03
  -2.4345044e-01   3.3886333e-01  -5.4907986e+00  -2.2569124e-02   9.8878849e-03   5.7635870e-03
  -2.3319019e-01   3.3035592e-01  -5.5587138e+00  -2.1614892e-02   9.9144812e-03   5.8100237e-03
  -2.6512659e-01   3.2320434e-01  -5.6656583e+00  -2.8852932e-02   1.0611166e-02   5.9623727e-03
  -2.0288714e-01   3.1037533e-01  -4.9935020e+00  -1.8768259e-02   1.0184537e-02   4.6648404e-03
  -2.3162313e-01   3.1098457e-01  -5.1816620e+00  -2.0254921e-02   1.0420426e-02   5.2280096e-03
  -2.2440563e-01   3.5634489e-01  -5.2961342e+00  -2.1714436e-02   1.0700712e-02   4.5602430e-03
  -2.1711048e-01   3.5035499e-01  -5.2776275e+00  -2.1784306e-02   1.0468961e-02   4.4849793e-03
  -2.4556995e-01   3.0014772e-01  -5.3347174e+00  -2.3283509e-02   1.0413631e-02   5.1046618e-03
  -2.2806534e-01   3.3374108e-01  -5.2948467e+00  -2.2415666e-02   1.1664344e-02   5.1138637e-03
  -2.0569102e-01   3.3796255e-01  -5.2133180e+00  -2.0494193e-02   1.1069771e-02   4.0784380e-03
  -2.4176090e-01   3.1454865e-01  -5.3099919e+00  -2.2094871e-02   1.1509094e-02   5.2305077e-03
  -2.0453422e-01   3.3252377e-01  -5.4037992e+00  -2.3131392e-02   1.1353557e-02   4.1017933e-03
  -2.0749684e-01   3.5389303e-01  -5.4479994e+00  -2.3467030e-02   1.1180865e-02   4.2229698e-03
  -2.3751495e-01   3.2932459e-01  -5.4432752e+00  -2.2059906e-02   1.1012605e-02   4.9764892e-03
  -2.2972365e-01   3.7313803e-01  -5.5282256e+00  -2.3843974e-02   1.1119238e-02   4.8342402e-03
  -2.2886713e-01   3.4506549e-01  -5.5194513e+00  -2.3439791e-02   1.1011647e-02   5.0088699e-03
  -2.3373919e-01   3.3741744e-01  -5.4927980e+00  -2.3304105e-02   1.1301422e-02   5.0503520e-03
  -2.4668096e-01   3.0356147e-01  -5.4975176e+00  -2.3144163e-02   1.1158434e-02   5.3950768e-03
  -2.4517434e-01   3.2753436e-01  -5.4608915e+00  -2.2110589e-02   1.1265116e-02   5.2214703e-03
  -2.3534588e-01   3.1729146e-01  -5.4180122e+00  -2.2385825e-02   1.0979692e-02   5.0696643e-03
  -2.3412259e-01   3.5941284e-01  -5.3541520e+00  -2.1228219e-02   1.1358368e-02   4.7757347e-03
  -2.2714115e-01   3.3894971e-01  -5.4012324e+00  -2.2198436e-02   1.1854837e-02   4.6845161e-03
  -2.2615980e-01   3.0867216e-01  -5.3419660e+00  -2.2671190e-02   1.2192557e-02   4.8457467e-03
  -2.6735378e-01   1.9757721e-01  -5.1364973e+00  -1.8049289e-02   9.6302926e-03   5.3441491e-03
  -2.4071035e-01   2.5717917e-01  -5.1860802e+00  -2.3715308e-02   1.2956511e-02   1.9010443e-03
  -2.5710585e-01   2.0892344e-01  -4.9898798e+00  -1.6373196e-02   9.6791791e-03   5.6479952e-03
  -2.5148710e-01   3.1842052e-01  -5.2340433e+00  -1.9958285e-02   9.5927699e-03   6.3840271e-03
  -1.9653902e-01   3.1687413e-01  -5.0524521e+00  -2.1351155e-02   8.8290260e-03   5.4499801e-03
  -1.9342997e-01   3.1097065e-01  -4.9275181e+00  -1.8641722e-02   7.3957200e-03   4.8980804e-03
  -2.2492171e-01   2.9538562e-01  -4.9350535e+00  -1.7646218e-02   7.5373715e-03   5.2470712e-03
  -2.2968347e-01   3.5407653e-01  -5.0155011e+00  -2.2250513e-02   9.4060397e-03   4.3244381e-03
  -1.8851801e-01   3.0277010e-01  -4.8133574e+00  -1.8629540e-02   7.2502169e-03   4.1030363e-03
  -2.0654072e-01   3.4397809e-01  -4.9034732e+00  -1.9291758e-02   7.7665078e-03   4.1574529e-03
  -1.9707763e-01   3.3155498e-01  -4.9313145e+00  -1.8465912e-02   8.0585312e-03   4.1739833e-03
  -2.6377646e-01   3.2578599e-01  -4.8352308e+00  -2.4453949e-02   1.0793530e-02   5.7673811e-03
  -1.9589721e-01   2.8549954e-01  -4.3102953e+00  -1.4594397e-02   1.1091425e-02   4.5984426e-03
  -2.3097647e-01   2.4793803e-01  -4.4490019e+00  -1.5523813e-02   1.0808893e-02   5.2193933e-03
  -2.0044686e-01   2.7982393e-01  -4.5428097e+00  -1.5155525e-02   1.0999495e-02   4.6498198e-03
  -1.8472972e-01   2.9505526e-01  -4.6341600e+00  -1.7514141e-02   1.1433505e-02   3.7153457e-03
  -2.1265872e-01   2.4174998e-01  -4.6753799e+00  -1.6207358e-02   9.7734884e-03   4.6988540e-03
  -2.5597792e-01   3.1250220e-01  -4.7419012e+00  -1.6348751e-02   1.0405713e-02   5.6103135e-03
  -2.4566477e-01   3.1496971e-01  -4.8299039e+00  -1.6337887e-02   1.0028873e-02   5.5813061e-03
  -2.8135942e-01   2.7216971e-01  -4.7281562e+00  -1.7896545e-02   1.0603414e-02   5.9274933e-03
  -2.6732384e-01   2.6128593e-01  -4.6458790e+00  -1.4381980e-02   9.4160989e-03   5.3316985e-03
  -2.7288201e-01   2.8652538e-01  -4.7669433e+00  -1.6028242e-02   1.0155124e-02   5.5140233e-03
  -2.5984570e-01   3.1591156e-01  -4.7718265e+00  -1.6064787e-02   9.5429492e-03   5.6953666e-03
  -2.6314706e-01   2.9557076e-01  -4.7062764e+00  -1.4896509e-02   9.3287641e-03   5.6872365e-03
  -2.8012951e-01   3.1533761e-01  -4.7607792e+00  -1.6205518e-02   9.4428432e-03   5.8846835e-03
  -2.7052272e-01   2.9970208e-01  -4.7853005e+00  -1.6732354e-02   1.0224079e-02   5.5282431e-03
  -3.0147720e-01   3.2397736e-01  -4.7944120e+00  -2.1266889e-02   9.2488105e-03   6.1046315e-03
  -1.9454391e-01   3.1659492e-01  -4.5274932e+00  -1.5796153e-02   9.1014300e-03   4.5324571e-03
  -2.4338266e-01   2.7602158e-01  -4.5782964e+00  -1.5403317e-02   8.9945472e-03   5.5298425e-03
  -2.8000597e-01   3.1783937e-01  -4.6515044e+00  -1.5395317e-02   9.4829772e-03   6.1889081e-03
  -2.7034533e-01   2.8450683e-01  -4.7823125e+00  -1.6701927e-02   8.9558376e-03   5.8651089e-03
  -2.8219701e-01   3.0491417e-01  -4.8783749e+00  -1.7363801e-02   9.5620909e-03   6.0454206e-03
  -2.5528749e-01   2.8252724e-01  -4.8173126e+00  -1.5238862e-02   9.1634081e-03   5.7497538e-03
  -2.7898481e-01   2.9538454e-01  -4.8752424e+00  -1.5518191e-02   9.4576872e-03   6.0456009e-03
  -2.7893382e-01   2.9525777e-01  -4.9544838e+00  -1.6320464e-02   9.2258771e-03   5.9544522e-03
  -2.8509579e-01   2.9380436e-01  -5.0060545e+00  -1.7679586e-02   9.9875696e-03   6.2126418e-03
  -2.7183220e-01   3.1459008e-01  -5.0573699e+00  -1.8656680e-02   9.6030179e-03   6.0511922e-03
  -2.7652558e-01   3.1100940e-01  -5.0226771e+00  -1.8047831e-02   9.7681760e-03   6.0726374e-03
  -2.6820669e-01   3.0847944e-01  -5.0685081e+00  -1.8120817e-02   9.7717224e-03   6.0826396e-03
  -2.5023010e-01   3.1691877e-01  -5.1358485e+00  -1.8665467e-02   9.1652175e-03   5.8110526e-03
  -2.1836729e-01   4.3715477e-01  -5.2794534e+00  -2.3838768e-02   8.5140889e-03   5.7938025e-03
  -1.9638065e-01   2.7291518e-01  -6.2498323e+00  -2.7428049e-02   9.3856051e-03   4.5740019e-03
  -3.7708006e-01   5.4812135e-01  -6.7523818e+00  -3.1077066e-02   1.5063503e-03   7.1721823e-03
  -2.2328431e-01   5.5808275e-01  -6.8153450e+00  -3.0920587e-02   1.9089865e-03   4.8340986e-03
  -2.7271397e-01   6.0410285e-01  -6.7686635e+00  -3.0991798e-02   1.0313864e-03   6.0764041e-03
  -2.3737204e-01   5.6030932e-01  -6.7342205e+00  -3.0163198e-02   8.0779431e-04   6.0477819e-03
  -3.0153420e-01   5.2106922e-01  -6.5764619e+00  -3.0314327e-02   3.1702942e-03   6.3909066e-03
  -2.6170485e-01   4.9859292e-01  -6.5976440e+00  -2.9802962e-02   2.1030566e-03   6.2631311e-03
  -2.9293002e-01   4.4745630e-01  -6.5165757e+00  -2.8778393e-02   2.6831642e-03   7.2774140e-03
  -3.1743858e-01   4.5236936e-01  -6.4953468e+00  -2.8664865e-02   3.0898656e-03   7.5964706e-03
  -3.1949226e-01   4.6489812e-01  -6.5735565e+00  -3.0268002e-02   3.2812633e-03   7.8551825e-03
  -3.1442570e-01   4.3571255e-01  -6.5114843e+00  -2.9636544e-02   3.2467798e-03   7.8039120e-03
  -3.1585319e-01   4.3786803e-01  -6.4597953e+00  -2.8721892e-02   3.5810929e-03   7.9672619e-03
  -3.3022531e-01   4.2178627e-01  -6.5156354e+00  -2.8577933e-02   3.7166170e-03   8.0946945e-03
  -3.3491634e-01   3.8206612e-01  -6.4786743e+00  -2.7578011e-02   3.4763378e-03   7.8535626e-03
  -3.3908805e-01   4.1093865e-01  -6.4755539e+00  -2.7918357e-02   3.8132667e-03   7.7405541e-03
  -3.4344872e-01   3.8689235e-01  -6.4346913e+00  -2.7239680e-02   4.0948624e-03   7.9767145e-03
  -3.3955151e-01   3.7656525e-01  -6.4135657e+00  -2.6808476e-02   4.0485647e-03   8.1282825e-03
  -2.9912032e-01   3.9663757e-01  -6.3488836e+00  -2.6058783e-02   3.4700481e-03   7.3479377e-03
  -3.0505970e-01   4.1164134e-01  -6.3920646e+00  -2.6352158e-02   3.5339400e-03   7.1692377e-03
  -3.2552236e-01   4.1942599e-01  -6.4135913e+00  -2.6931363e-02   3.5559689e-03   7.6604087e-03
  -3.2364565e-01   3.8871877e-01  -6.4384099e+00  -2.6909312e-02   4.5978704e-03   7.3126960e-03
  -3.1759231e-01   4.1575324e-01  -6.5299413e+00  -2.8576281e-02   4.1602757e-03   7.3251960e-03
  -3.0521569e-01   3.8763495e-01  -6.5586582e+00  -2.8534276e-02   4.2922684e-03   7.2937719e-03
  -3.1036427e-01   3.9958067e-01  -6.4875977e+00  -2.7441984e-02   4.4528602e-03   7.3715000e-03
  -3.1814743e-01   4.9059122e-01  -6.4406510e+00  -3.3676580e-02   3.8877999e-03   6.7589270e-03
  -3.0122509e-01   4.0286226e-01  -6.0892123e+00  -2.6082464e-02   4.0077793e-03   6.5875407e-03
  -3.1348555e-01   4.1317693e-01  -6.1375163e+00  -2.6997009e-02   4.0329269e-03   6.9798398e-03
  -3.0303935e-01   4.3576644e-01  -6.2348215e+00  -2.7338805e-02   5.2996150e-03   6.5033989e-03
  -2.8946834e-01   4.5100335e-01  -6.2251344e+00  -2.7854072e-02   5.0860765e-03   6.5810748e-03
  -3.1032610e-01   4.3756890e-01  -6.1823700e+00  -2.5981974e-02   5.0442763e-03   6.8230798e-03
  -3.5892592e-01   3.8681867e-01  -6.2826116e+00  -3.0422235e-02   6.7411825e-03   8.0756143e-03
  -4.0953913e-01   3.9317368e-01  -5.8313545e+00  -3.1668196e-02   5.9800978e-03   9.1637676e-03
  -3.6251443e-01   3.1801998e-01  -6.1359431e+00  -2.0750087e-02   7.3757900e-03   6.4953853e-03
  -3.5230050e-01   3.2575150e-01  -6.5544981e+00  -2.4708535e-02   4.9048578e-03   7.4224695e-03
  -4.0837570e-01   2.2529930e-01  -6.2580713e+00  -2.3558871e-02   4.8762097e-03   7.4368693e-03
  -4.2602651e-01   2.4530840e-01  -6.1270343e+00  -2.1990375e-02   3.3684912e-03   7.8508163e-03
  -4.4702763e-01   1.9026926e-01  -5.8333882e+00  -1.9265042e-02   4.8578112e-03   8.0519119e-03
  -3.2147342e-01   2.7067480e-01  -5.9816308e+00  -2.1997437e-02   5.7492456e-03   6.7359262e-03
  -3.4117847e-01   2.6496071e-01  -6.0465711e+00  -2.2345736e-02   5.8756445e-03   6.8398994e-03
  -3.7391200e-01   3.0921274e-01  -6.1268307e+00  -2.9267686e-02   7.7237091e-03   7.0747624e-03
  -2.7639194e-01   3.0782945e-01  -5.9114234e+00  -2.2541493e-02   6.3018590e-03   6.2274664e-03
  -3.1385416e-01   3.0539628e-01  -6.0027566e+00  -2.3466185e-02   6.8028059e-03   6.3024128e-03
  -2.9681506e-01   3.3851314e-01  -6.1429354e+00  -2.5236989e-02   7.0749360e-03   6.2755456e-03
  -3.0864932e-01   3.4632431e-01  -6.1371416e+00  -2.4623261e-02   7.4656537e-03   6.1691372e-03
  -3.3705921e-01   3.2208463e-01  -6.1621151e+00  -2.5975094e-02   7.0237852e-03   6.5030076e-03
  -1.8426053e-01   4.2789132e-01  -5.6201718e+00  -3.0111147e-02   1.5056387e-02   2.4755766e-03
  -1.8024343e-01   4.2191062e-01  -5.7614885e+00  -2.6961857e-02   1.4458580e-02   4.3284707e-03
  -1.0591104e-01   2.9771206e-01  -5.4481597e+00  -2.3042327e-02   1.1086187e-02   3.3902899e-03
  -1.0378281e-01   4.1177903e-01  -5.4210371e+00  -2.0518707e-02   8.1514108e-03   2.0311675e-03
  -7.0463172e-02   5.4808317e-01  -5.5175832e+00  -2.5455912e-02   1.1070655e-02   6.0117308e-04
  -1.1270630e-01   4.6019905e-01  -5.6590189e+00  -2.7626238e-02   1.1833113e-02   1.8485161e-03
  -9.5556259e-02   4.9750940e-01  -5.6193757e+00  -2.7509755e-02   1.1721072e-02   1.4212506e-03
  -1.2433024e-01   5.0266944e-01  -5.6134827e+00  -2.8050640e-02   1.1946794e-02   2.2770262e-03
  -1.3575338e-01   4.4929472e-01  -5.6235790e+00  -2.7262979e-02   1.1891395e-02   2.5650792e-03
  -1.2202964e-01   4.4662997e-01  -5.5916172e+00  -2.6689524e-02   1.1882270e-02   2.0003601e-03
  -1.4324217e-01   4.7621410e-01  -5.5832239e+00  -2.7271985e-02   1.2167880e-02   2.4713601e-03
  -1.4288508e-01   4.4274126e-01  -5.5718813e+00  -2.7073130e-02   1.1528911e-02   2.4402908e-03
  -1.3382758e-01   4.7940605e-01  -5.5554398e+00  -2.7025703e-02   1.1471216e-02   2.3574834e-03
  -1.5554224e-01   4.4424230e-01  -5.5841302e+00  -2.7194398e-02   1.1611954e-02   2.7539706e-03
  -1.5042279e-01   4.7904879e-01  -5.6488042e+00  -2.7734030e-02   1.1613494e-02   2.6912894e-03
  -1.5779730e-01   4.2989578e-01  -5.6340619e+00  -2.7076461e-02   1.1933480e-02   2.6855174e-03
  -1.7274040e-01   4.4237192e-01  -5.6563895e+00  -2.7432580e-02   1.1375364e-02   3.1790366e-03
  -1.7325142e-01   3.8508968e-01  -5.5932219e+00  -2.7190174e-02   1.1972208e-02   2.8386220e-03
  -1.3349145e-01   4.2947404e-01  -5.4602256e+00  -2.3077755e-02   1.1530020e-02   2.0920293e-03
  -1.5265379e-01   4.4679204e-01  -5.5759970e+00  -2.5596328e-02   1.1866240e-02   2.4422213e-03
  -1.6281997e-01   4.3936346e-01  -5.6832958e+00  -2.6810094e-02   1.2404565e-02   3.2968353e-03
  -1.6313546e-01   4.4213186e-01  -5.6728577e+00  -2.5362185e-02   1.1611434e-02   3.0914922e-03
  -1.6615771e-01   4.2417917e-01  -5.7133222e+00  -2.6826201e-02   1.0717617e-02   3.6314741e-03
  -8.2248582e-02   4.2375021e-01  -5.5330414e+00  -2.1673786e-02   9.6304587e-03   2.0337414e-03
  -1.3044312e-01   4.3019444e-01  -5.7734932e+00  -2.4251730e-02   1.0656001e-02   2.9470453e-03
  -1.9314009e-01   3.2359209e-01  -5.7762977e+00  -1.9358623e-02   1.0734826e-02   5.2607593e-03
  -2.0513015e-01   3.7855762e-01  -6.5129769e+00  -2.9107104e-02   4.8849044e-03   6.3480987e-03
  -3.0127873e-01   2.1312160e-01  -5.5421522e+00  -1.9477948e-02   8.8733619e-03   8.1640009e-03
  -2.0480660e-01   1.3094533e-01  -5.6136055e+00  -1.5537781e-02   1.1068052e-02   5.0520905e-03
  -1.5938191e-01   4.3797629e-01  -6.5980792e+00  -2.4278193e-02   6.3368103e-03   4.7346392e-03
  -1.5300958e-01   4.4767213e-01  -6.1305774e+00  -3.5887890e-02   8.3479645e-03   3.3678602e-03
   6.0783931e-02   4.6753910e-01  -5.6089427e+00  -1.6138113e-02   4.2298315e-03   2.6713675e-04
   4.2575809e-02   4.2764559e-01  -5.7339917e+00  -1.7757726e-02   4.4297084e-03   1.3281357e-03
   3.1192301e-02   4.1467571e-01  -5.7708825e+00  -1.7430419e-02   5.0351044e-03   1.5877943e-03
   6.1975001e-02   4.0421852e-01  -5.7677893e+00  -1.6986047e-02   3.8346997e-03   7.9237614e-04
  -1.7967998e-02   4.1882794e-01  -5.4551717e+00  -2.4046848e-02   5.1208205e-03   2.7446825e-03
  -5.5247057e-02   3.6394857e-01  -5.3567159e+00  -1.9073398e-02   6.1158224e-03   3.3415726e-03
  -8.0043725e-02   3.3580494e-01  -5.0803080e+00  -1.9146804e-02   9.5525547e-03   4.4710115e-03
   4.6906635e-02   3.7056641e-01  -5.5835403e+00  -1.9081619e-02   8.5335931e-03   2.1651900e-03
   2.8454737e-02   4.2753397e-01  -5.5155019e+00  -1.8425437e-02   9.1783760e-03   1.9438798e-03
  -3.6065396e-02   3.9262205e-01  -5.5116795e+00  -2.0002909e-02   9.2632627e-03   3.0695656e-03
  -2.1128830e-02   4.1454297e-01  -5.3502258e+00  -1.6677905e-02   1.0968676e-02   3.0467545e-03
  -9.0216646e-02   3.4539541e-01  -5.8056457e+00  -2.9279728e-02   1.0885353e-02   3.2973066e-03
  -1.4126744e-01   3.9091359e-01  -5.2351119e+00  -2.1238281e-02   7.0147577e-03   4.7940827e-03
  -6.6726699e-02   3.7114175e-01  -4.9306344e+00  -1.5247501e-02   7.1850418e-03   3.2399038e-03
  -8.3994941e-02   3.7724125e-01  -5.1747915e+00  -1.8282195e-02   7.1051193e-03   4.3464257e-03
  -1.3285238e-01   3.5125944e-01  -5.3081818e+00  -1.8747189e-02   5.2071137e-03   5.4763136e-03
  -9.6537403e-02   3.9739463e-01  -5.2966762e+00  -2.0258259e-02   5.5720273e-03   4.7926952e-03
  -8.5628461e-02   4.9678349e-01  -5.2272855e+00  -2.1457434e-02   3.7591433e-03   4.3419906e-03
  -6.7248268e-02   3.7178555e-01  -5.0758892e+00  -1.8530714e-02   1.2132200e-03   4.2829410e-03
  -2.4855463e-01   3.2775429e-01  -5.7122789e+00  -2.5690342e-02   6.1444327e-03   7.2123926e-03
  -1.9799600e-01   3.6942642e-01  -5.8936352e+00  -2.2426320e-02   4.8218106e-03   5.9126579e-03
  -8.0693779e-02   4.9180475e-01  -6.1012659e+00  -2.5360702e-02   4.8782701e-03   3.8313177e-03
  -7.3732358e-02   4.7733462e-01  -5.8941603e+00  -2.0982158e-02   4.3109462e-03   3.5884892e-03
  -9.4983031e-02   4.3132563e-01  -5.8607599e+00  -2.1081245e-02   4.8533735e-03   3.9434806e-03
  -1.1761134e-01   4.4670935e-01  -5.8288181e+00  -2.1958216e-02   5.8033335e-03   4.2919480e-03
  -1.7597347e-01   4.2967808e-01  -5.7822571e+00  -2.3137490e-02   5.4996303e-03   5.4984129e-03
  -3.4854367e-01   3.5618913e-01  -6.2277642e+00  -2.4614377e-02   4.1115516e-03   8.1529178e-03
  -3.7121359e-01   2.2808455e-01  -5.9568896e+00  -2.7300957e-02   1.1000004e-02   7.1276641e-03
  -2.0570477e-01   4.5455053e-01  -6.5812974e+00  -2.4555347e-02   5.5568025e-03   4.6960446e-03
  -1.7273663e-01   4.0814921e-01  -6.4890072e+00  -2.4572311e-02   5.4444155e-03   4.7414928e-03
  -1.7354093e-01   3.9097624e-01  -6.4410958e+00  -2.3801356e-02   6.3165721e-03   4.6448696e-03
  -1.9390507e-01   3.8526385e-01  -6.3778461e+00  -2.3971663e-02   5.8908765e-03   5.0270718e-03
  -1.6505124e-01   3.4150456e-01  -6.4854457e+00  -2.4441731e-02   6.6830407e-03   4.0184712e-03
  -1.1444401e-01   4.0551987e-01  -6.4641548e+00  -2.8407411e-02   7.7353389e-03   2.8766158e-03
  -7.8833361e-02   3.9870063e-01  -6.2524120e+00  -2.3525641e-02   6.7741118e-03   2.1767213e-03
  -1.0097955e-01   3.9824826e-01  -6.3754481e+00  -2.5555571e-02   7.1212784e-03   2.7001237e-03
  -1.0626339e-01   4.0555263e-01  -6.4198961e+00  -2.5752485e-02   6.5377178e-03   2.7167445e-03
  -1.4557752e-01   4.1896580e-01  -6.5150161e+00  -3.2360289e-02   7.0425380e-03   3.2169620e-03
  -3.5360558e-01   1.5034434e-01  -6.6797405e+00  -3.4062702e-02   1.1350634e-02   6.1622551e-03
  -3.1287101e-01   9.1943943e-02  -6.3025996e+00  -2.7634251e-02   3.8981942e-03   5.6619401e-03
  -1.0150449e-01   7.0331789e-03  -7.0420917e+00  -2.7205947e-02   1.7337106e-03   2.2951739e-03
  -1.6008010e-01   3.4353086e-01  -7.1465201e+00  -2.0892721e-02  -4.8615008e-03   3.9622028e-03
  -1.7545971e-01   4.2364012e-01  -7.3757407e+00  -2.5712616e-02  -4.4107036e-03   4.2451800e-03
  -1.5728190e-01   4.6010202e-01  -7.4343037e+00  -2.9027491e-02  -2.9714359e-03   4.4698779e-03
  -1.4862252e-01   4.0604000e-01  -7.3482354e+00  -2.7869516e-02  -2.7465306e-03   4.8273995e-03
  -3.9551367e-01   1.9814989e-01  -6.6917806e+00  -3.6705984e-02   5.6243790e-03   6.9949749e-03
  -2.6073336e-01   2.2286471e-01  -7.4122906e+00  -3.4737844e-02   2.9687504e-03   6.0588695e-03
  -5.9864418e-02   3.4146435e-01  -5.9687406e+00  -1.9374859e-02   9.0007216e-04   3.1733378e-03
  -7.8215238e-02   3.7260592e-01  -6.0815101e+00  -2.1312392e-02   5.4479551e-05   3.7388788e-03
  -1.1865774e-01   3.2796419e-01  -6.1078395e+00  -2.1158782e-02   1.2142018e-04   5.0937640e-03
  -1.2493326e-01   3.3336685e-01  -6.1035048e+00  -2.0416647e-02   3.8162688e-05   4.7866860e-03
  -1.2265293e-01   3.5625478e-01  -6.1108608e+00  -2.1729961e-02   6.2823689e-04   4.5450555e-03
  -1.6930050e-01   3.3917544e-01  -6.0700575e+00  -2.1500235e-02   7.3155995e-04   5.6486826e-03
  -1.6434555e-01   3.8319716e-01  -6.1383087e+00  -2.3045617e-02   5.5975297e-04   5.6800940e-03
  -1.9534035e-01   3.7876543e-01  -5.9794525e+00  -2.2271019e-02   7.8712246e-04   5.8711037e-03
  -4.0380361e-01   4.1518987e-01  -5.8195889e+00  -3.1491682e-02   5.0984279e-03   7.3125285e-03
  -1.9208934e-01   3.3690528e-01  -6.1970853e+00  -2.9472601e-02   1.7292498e-03   3.8870812e-03
  -1.5381489e-01   4.8547837e-01  -5.7914581e+00  -2.2983803e-02   9.6879940e-03   4.2152403e-03
  -2.5762907e-01   4.8807801e-01  -5.9577294e+00  -2.7814176e-02   5.9170856e-03   7.0852533e-03
  -2.7264780e-01   4.3118617e-01  -5.7978867e+00  -2.6486731e-02   6.1487886e-03   7.0361005e-03
  -2.8016875e-01   4.4434269e-01  -5.8605011e+00  -2.7126383e-02   6.6825067e-03   7.2632650e-03
  -2.9607227e-01   4.3814365e-01  -5.8664741e+00  -2.7312449e-02   6.1559530e-03   7.6199958e-03
  -3.5003512e-01   4.4554815e-01  -5.8388189e+00  -2.3957052e-02   5.0301840e-03   8.5763858e-03
  -3.4949957e-01   4.6024958e-01  -5.8643578e+00  -2.6853089e-02   3.4330576e-03   8.0227654e-03
  -3.0678605e-01   2.5031365e-01  -5.7608090e+00  -2.2490710e-02   1.0347430e-02   6.8068936e-03
  -1.1373778e-01   6.4090575e-01  -6.3122529e+00  -2.3345087e-02   8.2477473e-03   4.2982285e-03
  -7.5851527e-02   5.3829817e-01  -6.4376440e+00  -2.6159565e-02   5.4812633e-03   3.1154158e-03
  -1.5016268e-01   4.4516387e-01  -6.0146557e+00  -1.9584626e-02   1.1702147e-03   4.3019788e-03
  -1.5981805e-01   4.2722170e-01  -6.0347062e+00  -2.0663514e-02   1.6381186e-03   4.7610409e-03
  -2.1306053e-01   3.9651692e-01  -6.0334250e+00  -2.0652932e-02   2.3606798e-03   4.9934749e-03
  -2.1718477e-01   3.9398637e-01  -6.1239719e+00  -2.1881763e-02   1.7474602e-03   5.0702668e-03
  -2.3081717e-01   4.0040281e-01  -6.1030158e+00  -2.2099625e-02   2.1964026e-03   5.1175899e-03
  -2.2383746e-01   3.9007230e-01  -6.1770429e+00  -2.1775664e-02   1.9436362e-03   5.0317364e-03
  -2.4316219e-01   3.9524689e-01  -6.1741008e+00  -2.2379381e-02   2.3672477e-03   5.2396591e-03
  -2.6471013e-01   5.6923317e-01  -6.6376727e+00  -2.8143097e-02   6.0084640e-04   7.3759087e-03
  -3.0280044e-01   4.8672228e-01  -6.7642794e+00  -3.4549804e-02   8.2552049e-03   6.5065754e-03
  -2.1904369e-01   4.5324993e-01  -6.5777665e+00  -3.1746863e-02   7.6168203e-03   5.3165225e-03
  -7.9962584e-02   4.2362901e-01  -6.8996693e+00  -1.6821599e-02  -2.2621444e-03   4.7062807e-03
  -2.9553670e-01   5.1809574e-01  -7.8535824e+00  -3.3409096e-02   3.7837511e-05   8.0925011e-03
  -3.1805810e-01   5.2686281e-01  -7.8879202e+00  -3.4624794e-02  -9.7011833e-05   8.9938941e-03
  -3.2206652e-01   5.0359454e-01  -7.8789475e+00  -3.4654388e-02   1.7282845e-04   8.7566960e-03
  -3.1104966e-01   4.9725867e-01  -7.6912958e+00  -3.3215955e-02   8.1411543e-04   7.9269173e-03
  -3.3664229e-01   4.7427840e-01  -7.6939975e+00  -3.3409927e-02   1.5461406e-03   8.2036681e-03
  -3.5931367e-01   4.7438313e-01  -7.7466392e+00  -3.4536099e-02   1.2353553e-03   8.4791823e-03
  -3.4566644e-01   4.9867966e-01  -7.7712144e+00  -3.4957986e-02   1.1315546e-03   8.4865786e-03
  -3.5268668e-01   5.0253377e-01  -7.7191400e+00  -3.6049592e-02   2.6924563e-03   8.1227403e-03
  -3.3740370e-01   4.7543739e-01  -7.7436604e+00  -3.3614546e-02   2.4342483e-03   7.8185048e-03
  -3.6735052e-01   5.0346656e-01  -7.7850059e+00  -3.5664670e-02   2.6064290e-03   8.2525181e-03
  -3.4144641e-01   4.8707257e-01  -7.8479637e+00  -3.5201584e-02   1.9737357e-03   8.0833316e-03
  -3.5748924e-01   5.0270418e-01  -7.8636828e+00  -3.5486991e-02   2.8739506e-03   7.6297396e-03
  -3.6358065e-01   4.7443942e-01  -7.8519850e+00  -3.5345837e-02   2.4975102e-03   7.7172499e-03
  -4.4071195e-01   4.4346679e-01  -7.9431580e+00  -4.2409992e-02   2.8928527e-03   8.2629408e-03
  -2.6306153e-01   4.5316748e-01  -7.0502226e+00  -3.3730545e-02   3.9970638e-03   6.1743907e-03
  -1.9721103e-01   4.9822765e-01  -6.8869157e+00  -3.0096036e-02   3.0367611e-03   4.9053768e-03
  -2.4937168e-01   4.3569689e-01  -6.8954591e+00  -2.9301256e-02   2.2220750e-03   6.2630684e-03
  -2.5778231e-01   4.4135053e-01  -6.9641547e+00  -2.9994321e-02   1.3118741e-03   6.4577576e-03
  -2.6086779e-01   4.4527856e-01  -6.9039291e+00  -2.9773794e-02   2.2338780e-03   6.2462653e-03
  -2.6289590e-01   4.6019035e-01  -6.8968670e+00  -2.9789087e-02   2.1560112e-03   6.4317574e-03
  -2.7003381e-01   4.2042904e-01  -6.8648209e+00  -2.8951007e-02   2.6420449e-03   6.3112923e-03
  -2.7034740e-01   4.1035789e-01  -6.9177557e+00  -2.9558410e-02   2.3091829e-03   6.2600972e-03
  -3.0346546e-01   4.2432363e-01  -7.2961313e+00  -2.9854811e-02   1.8937681e-03   6.5866355e-03
  -3.0950582e-01   4.5037360e-01  -7.3989775e+00  -3.2033022e-02   8.7585040e-04   6.8326052e-03
  -3.1418529e-01   4.3295231e-01  -7.3383917e+00  -3.0878455e-02   1.2065961e-03   7.0741485e-03
  -3.0332029e-01   4.1968859e-01  -7.3303963e+00  -3.0677077e-02   1.1371810e-03   6.8730677e-03
  -3.1396770e-01   4.0538380e-01  -7.2725192e+00  -2.9411510e-02   1.6057642e-03   6.9135075e-03
  -2.5763142e-01   3.5027538e-01  -7.3783783e+00  -3.6773741e-02   5.7582508e-03   4.7047611e-03
  -3.3235833e-01   2.1800432e-01  -6.3877608e+00  -2.5680840e-02   1.0779186e-02   5.5540155e-03
  -2.4954322e-01   3.8991553e-01  -6.6867946e+00  -2.5814048e-02   7.1134524e-03   4.0566248e-03
   2.6402731e-03   5.9975001e-01  -6.3299013e+00  -1.6940989e-02   4.1960247e-03   1.0754538e-03
   2.0538224e-02   5.8129293e-01  -6.5953691e+00  -1.8434412e-02   6.8406460e-03   1.3585376e-03
   8.5982453e-02   5.4191379e-01  -6.2936031e+00  -1.6145289e-02   4.3586172e-03   5.0717278e-04
   7.5454442e-02   5.5957211e-01  -6.2759609e+00  -1.5658227e-02   5.3552311e-03   7.4683871e-04
   4.4533481e-02   5.5288795e-01  -6.3457475e+00  -1.6568098e-02   4.5750768e-03   1.2008102e-03
   2.8675698e-02   5.3559174e-01  -6.2691472e+00  -1.5062917e-02   4.4793267e-03   1.3117845e-03
   3.1709084e-02   4.7135626e-01  -6.2492773e+00  -1.5527072e-02   5.0591768e-03   1.4558073e-03
   2.8821421e-02   4.7595314e-01  -6.2105463e+00  -1.5204122e-02   5.1623869e-03   1.4749124e-03
  -2.8094109e-02   4.7601174e-01  -6.1825061e+00  -1.6021199e-02   5.3638629e-03   2.3011083e-03
  -2.2764241e-02   5.0250560e-01  -6.1307249e+00  -1.5412982e-02   5.9029746e-03   2.2214010e-03
  -1.7761290e-02   5.0149428e-01  -6.1596350e+00  -1.6595268e-02   6.1139042e-03   2.1961221e-03
  -3.2961760e-02   4.8796128e-01  -6.1495987e+00  -1.5916115e-02   5.8552199e-03   2.4086464e-03
  -3.4493669e-02   5.1274223e-01  -6.2118358e+00  -1.6415612e-02   6.1560389e-03   2.3765734e-03
  -4.9046218e-02   4.8544783e-01  -6.2673231e+00  -1.6805962e-02   6.3945170e-03   2.8046051e-03
  -5.4422046e-02   5.1704441e-01  -6.3081671e+00  -1.7006693e-02   6.4329568e-03   2.7441533e-03
  -5.0323668e-02   5.1467767e-01  -6.3351689e+00  -1.7732275e-02   5.8719296e-03   2.8603968e-03
  -6.1088721e-02   5.0935225e-01  -6.3345977e+00  -1.7418850e-02   6.2470491e-03   2.8773721e-03
  -1.4569112e-01   4.5110014e-01  -6.4133438e+00  -2.2266994e-02   9.5320828e-03   2.6166305e-03
  -1.0302926e-01   6.2445482e-01  -6.0224933e+00  -1.9164517e-02   6.5279618e-03   2.8882579e-03
  -2.6701386e-01   5.1522177e-01  -7.2742725e+00  -2.0139220e-02   5.5517682e-03   6.6579910e-03
  -2.1700813e-01   6.4109181e-01  -7.8628489e+00  -2.5935844e-02   1.2015722e-03   6.6012384e-03
  -1.8931055e-01   6.6307363e-01  -7.9128831e+00  -2.7404561e-02   6.1652256e-04   6.4662637e-03
  -1.4253219e-01   6.3173424e-01  -7.7891881e+00  -2.6190129e-02   4.4807436e-04   5.6694200e-03
  -1.4126836e-01   6.4341420e-01  -7.7971864e+00  -2.6120399e-02   1.0580075e-03   5.3247741e-03
  -1.5761749e-01   6.2438673e-01  -7.8241721e+00  -2.7245502e-02   1.0499745e-03   5.6005378e-03
  -1.1485077e-01   6.4139843e-01  -7.8759080e+00  -2.8720520e-02   9.6464132e-04   4.4653717e-03
  -1.3407618e-01   6.1790768e-01  -7.8231790e+00  -2.7921876e-02   1.8923171e-03   4.5467836e-03
  -1.3020163e-01   5.8285329e-01  -7.8057884e+00  -2.8287499e-02   1.6176175e-03   4.4960471e-03
  -1.4422960e-01   6.1703187e-01  -7.8098194e+00  -2.9005953e-02   2.2652173e-03   4.7581526e-03
  -1.5576150e-01   6.2634286e-01  -7.7598998e+00  -2.9375527e-02   2.5019417e-03   4.9162997e-03
  -1.7178407e-01   6.0009795e-01  -7.7668096e+00  -2.9310123e-02   2.0176735e-03   5.1503877e-03
  -1.4683049e-01   6.2969041e-01  -7.7351029e+00  -2.9418807e-02   2.0607200e-03   4.6559100e-03
  -1.6002509e-01   5.9437757e-01  -7.7192995e+00  -2.8554977e-02   2.2826213e-03   4.8274943e-03
  -1.7107453e-01   6.0551504e-01  -7.6894516e+00  -2.8840444e-02   2.5806820e-03   5.0992807e-03
