   0.0000000e+00   0.0000000e+00   0.0000000e+00   0.0000000e+00   0.0000000e+00   0.0000000e+00
   4.4466643e-02  -3.8035314e-02   2.8316772e-01   3.6790130e-03   1.1785383e-03  -9.6827483e-04
   6.4599147e-02   3.1706304e-04   7.1785576e-02   1.6621349e-03   1.5774289e-04  -8.9171397e-04
   1.9959279e-02  -4.4706084e-02   1.0418181e-01   4.0018766e-03   2.5024987e-04  -4.7948580e-04
   5.1057791e-02  -9.1316358e-02  -7.9342793e-02  -2.4297927e-03  -4.5250322e-04  -1.1052839e-03
   1.5516044e-01  -8.3234509e-02   9.4987007e-02   5.5606349e-03  -1.2158013e-03  -2.3148051e-03
   1.2260659e-01  -5.1230457e-02   7.2906345e-02   4.1976164e-03  -5.4430442e-04  -1.5057928e-03
   1.1353979e-01  -5.8847374e-02   8.1095671e-02   3.6566744e-03   1.3225153e-03  -1.7389069e-03
   1.0013355e-01  -2.1409913e-02  -1.6376908e-02   1.9574371e-03  -6.4799602e-05  -1.5388850e-03
   1.3060010e-01  -9.3667635e-02   1.6816955e-01   7.6751113e-03  -8.5434524e-04  -1.8641704e-03
   1.3148757e-01  -2.5403877e-02  -1.7388491e-02   2.9191021e-03  -2.1037286e-04  -1.6138426e-03
   1.4796996e-01  -3.8418765e-02  -2.0261694e-01   2.1787662e-03  -2.1663365e-03  -1.7041399e-03
   1.6279373e-01  -7.3026470e-02  -2.4110437e-01  -3.6408252e-03   3.6046802e-04  -3.3177701e-03
   4.1270526e-02   1.6331561e-01  -2.0540938e-01  -1.6262563e-02  -1.8696662e-03   6.4981258e-04
   7.9672727e-02   2.0049309e-01   6.9263649e-02  -1.1496078e-02  -8.1471067e-03  -8.2605022e-04
  -1.2773656e-01   2.2739517e-01   3.9182922e-01  -9.2442198e-03  -2.5815804e-03   2.7289430e-03
  -1.3148132e-01   2.5220309e-01   3.4302901e-01  -7.2892161e-03  -3.0530707e-03   2.4406956e-03
  -1.0217164e-01   1.7526724e-01   3.9985253e-01  -1.1259055e-02   5.7356702e-04   2.1297486e-03
  -9.1323147e-03   2.9125348e-02   3.1919100e-01  -1.2041993e-02  -2.8317537e-03   8.5183954e-04
  -6.0867046e-02   4.2899214e-02   4.2568911e-01  -6.1449362e-03   3.9175395e-03   1.1563744e-03
  -4.0330075e-02   6.4145622e-02   2.0194028e-01  -6.7254761e-03   6.3127490e-03  -5.1386220e-05
  -6.1772021e-02   1.1466662e-01   1.6256111e-01  -8.6461270e-03   7.2213816e-03  -4.0807884e-04
  -7.2129036e-02   9.1911035e-02   1.5410751e-01  -8.3992204e-03   6.4181798e-03  -4.1891476e-04
  -9.1651993e-02   2.7831809e-02   3.0902410e-01  -5.6703841e-03   7.7296294e-03   6.6686091e-05
  -4.6357540e-02   1.5255973e-01   7.7953278e-02  -1.0420926e-02   7.3630799e-04   1.2127284e-03
  -2.4449121e-03   3.4575885e-02   3.0488191e-01  -4.7240423e-03   5.5932409e-03   8.9496778e-05
   6.9118225e-03   1.4079729e-01   4.9432875e-01  -3.6354150e-03   4.9789997e-03  -1.8299521e-04
  -4.5636588e-02   8.5238153e-02   1.6871146e-01  -5.6363997e-03   6.5525994e-03   7.7470428e-04
  -4.8440138e-02   1.3117291e-01   1.0258832e-01  -6.9086339e-03   5.1348757e-03   5.6473200e-04
  -4.2474317e-02   8.2897098e-02   9.0234314e-02  -8.4943538e-03   4.4370707e-03   3.0197173e-04
  -1.2643921e-01  -2.9692847e-01   1.0593186e+00   1.0233400e-02   6.8141219e-03  -1.3025136e-04
  -8.5394947e-02  -2.8223381e-01   1.2602467e+00   1.4328743e-02   5.7740419e-03  -8.0165590e-04
  -5.0620047e-02  -1.4343904e-01   6.0625082e-01   8.1640831e-03   6.2796495e-03  -4.2377632e-04
  -1.1279712e-01  -3.9482000e-01   9.9614396e-01   1.4612860e-02   7.4795723e-03  -3.0581391e-04
  -9.4773484e-02  -3.5238881e-01   1.2317377e+00   1.2319272e-02   8.8818928e-03  -1.7645036e-03
  -5.2011048e-02  -3.7399933e-01   8.3952935e-01   1.9278601e-02   6.3382352e-03  -1.6354767e-03
  -1.1610242e-01  -2.3975333e-01   1.2761701e+00   1.9153746e-02   5.7690266e-03  -7.0485119e-04
  -2.1130475e-03  -3.2215765e-01   8.7271232e-01   1.2675607e-02  -9.2727950e-04  -2.5962027e-04
  -6.5383000e-02  -2.1148351e-01   7.0122397e-01   1.2350867e-02  -5.6211441e-04   5.9369710e-04
  -5.6935145e-02  -2.0579121e-01   6.3983907e-01   1.0382211e-02   1.7764287e-04   1.5616128e-04
  -2.2638696e-02  -2.7194588e-01   7.0115063e-01   1.5330361e-02   5.3801419e-04  -9.3554847e-04
  -6.5943979e-02  -4.1745235e-01   1.2736315e+00   1.7764112e-02   1.9208747e-03  -1.4273488e-03
  -7.3544202e-02  -4.5663350e-01   1.4880895e+00   2.5127975e-02   4.7698578e-03  -2.0768856e-03
  -1.1993156e-01  -3.2367417e-01   1.6770100e+00   2.5700371e-02  -2.0641541e-04  -2.2268169e-04
  -1.4468792e-02  -2.4625228e-01   6.3519932e-01   1.8210714e-02  -1.8902735e-03  -9.6439501e-04
  -5.3499180e-02  -3.7062891e-01   8.9152623e-01   2.1393409e-02  -1.1300605e-03  -7.5854772e-04
  -7.3866083e-02  -3.9548289e-01   1.1729582e+00   2.4614339e-02   1.7170489e-04  -7.5001463e-04
  -5.5104512e-02  -3.2343712e-01   1.2783333e+00   2.2871983e-02  -8.3641597e-04  -1.4155227e-03
  -9.9953071e-02  -3.6227646e-01   1.1764366e+00   2.0816686e-02  -2.0176080e-04  -4.4618627e-04
  -7.7329429e-02  -2.3795014e-01   1.4465957e+00   2.6620188e-02  -1.4846689e-03  -1.8414703e-03
  -2.7888317e-02  -2.1965871e-01   3.8531723e-01   1.2093906e-02   1.2478913e-03  -1.7947653e-03
  -1.2229878e-01  -3.7709027e-01   9.9861423e-01   9.7327573e-03   2.0995651e-03   6.3661396e-04
  -1.1699589e-01  -1.7574145e-01   8.4256035e-01   1.4760819e-02  -5.4405512e-03   1.0650972e-03
  -1.1556334e-01  -1.5086394e-01   3.7701005e-01   1.0361180e-02  -2.3983802e-03   8.2637634e-04
  -8.7441802e-02  -1.1789733e-01   2.3797356e-01   6.8542184e-03  -3.2682521e-03   6.0573600e-04
  -7.4249167e-02  -1.0338320e-01   1.0545677e-01   3.5462878e-03  -3.5521851e-03   2.7707857e-04
  -4.4089724e-02  -1.4114555e-01   1.6291662e-01   3.5454156e-03  -3.4999163e-03   3.2087574e-04
  -3.6684048e-02  -7.6211983e-02   7.4768844e-02   2.0595982e-03  -2.6742669e-03   5.6597299e-04
  -4.2679534e-02  -9.6519200e-02   8.5602659e-02   3.2814289e-03  -1.6770216e-03   7.4822784e-05
  -2.1627959e-03  -8.8868941e-02  -2.3237688e-02   5.3708285e-04  -1.7613807e-03  -1.0115933e-04
   4.9565325e-02  -1.5493748e-01   3.5438445e-01   6.0399562e-03   3.2811377e-03  -8.6807973e-04
   4.4661823e-02  -9.1062408e-02   1.6361362e-01   3.1956411e-03   1.3802050e-03  -6.1428649e-04
   4.9725367e-02  -8.4962099e-02   1.1157037e-01   2.1020355e-03   1.2340548e-03  -7.0935569e-04
   2.0405922e-02  -8.1570664e-02   2.7823633e-02   5.4246550e-04   1.3841335e-03  -4.7536397e-04
   4.4832763e-02  -7.6060925e-02  -3.2040901e-02   1.7231863e-03   1.5803468e-04  -3.5999673e-04
   1.4473563e-02  -5.6640957e-02   3.6593856e-01   6.5579630e-03   1.5878507e-03  -3.1395010e-04
   2.5592235e-02  -1.2341040e-01   1.0900758e-01   6.0615559e-03   1.0876984e-03  -9.1389244e-04
   4.5984993e-02  -1.5368270e-01   2.2925734e-02   2.6487004e-03  -1.3827762e-04  -1.1782271e-03
   8.3260326e-02  -1.3783714e-01  -3.4836008e-01   5.8235946e-03   7.0653705e-04  -1.6039063e-03
   9.6320995e-02  -1.3546350e-01  -4.0593443e-01   4.2827553e-03   7.7255512e-06  -1.7429460e-03
   1.4428379e-01  -6.9999374e-02  -6.6243435e-01   1.7019977e-04   2.8906366e-04  -1.7202487e-03
   1.2210569e-01  -5.4248168e-02  -6.0047837e-01   5.8528780e-04   1.3750196e-04  -1.4047623e-03
   1.2715054e-01  -1.4140036e-01  -6.6449617e-01  -4.5346101e-03   1.1792284e-03  -1.8925197e-03
   1.3772966e-01  -1.7347649e-01   3.0722285e-01   7.3939256e-03   2.7833760e-03  -1.8954857e-03
   1.5354029e-01  -1.5987830e-01  -1.7965521e-02   3.5187178e-03   2.1185092e-03  -1.9781659e-03
   1.4872205e-01  -1.0585166e-01  -8.1560491e-02   1.1787020e-03   2.3718099e-03  -1.8312769e-03
   1.6122503e-01  -1.2966852e-01  -1.0589611e-01   1.5889742e-03   2.7814620e-03  -1.9854053e-03
   1.5433554e-01  -9.2532136e-02  -2.9464737e-01   2.1184621e-05   3.1162494e-03  -1.8998776e-03
   1.5535859e-01  -1.0327881e-01  -1.7906559e-01  -5.1038971e-04   3.2086959e-03  -1.8969115e-03
   1.1890617e-01  -1.2539943e-01  -1.3288702e-01   2.5177322e-03   3.5792217e-03  -1.7194886e-03
   1.0328585e-01  -2.0120977e-01   1.3722616e-01   3.3480211e-03   6.1755622e-03  -3.3901138e-03
   1.3178798e-01  -1.2192014e-01  -1.4442969e-01   6.1476028e-03   6.2892856e-03  -2.9169974e-03
   1.4621073e-01  -5.9676699e-02  -3.0653926e-01   4.3670900e-03   5.0848463e-03  -2.6708759e-03
   1.2701909e-01  -1.1935261e-01  -4.0784298e-01   3.2999750e-03   5.2010731e-03  -2.6511686e-03
   1.1983724e-01  -9.7108311e-02  -3.4703183e-01   2.4857802e-03   5.0372497e-03  -2.2565049e-03
   1.2048873e-01  -9.2233228e-02  -4.0816283e-01   1.2022560e-03   4.7971902e-03  -2.2091982e-03
   1.3978143e-01  -8.6685823e-02  -4.9042272e-01   4.1517358e-04   5.3781043e-03  -2.6392477e-03
   8.9452469e-02  -5.4195157e-02  -2.9365861e-01   2.9200282e-03   4.0290576e-03  -2.2706332e-03
   1.0301271e-01  -7.5985526e-02  -4.4243237e-01   2.3284227e-03   4.0441299e-03  -2.1196844e-03
   9.9265999e-02  -1.1279633e-01  -2.2309801e-01   5.1893981e-03   5.9568323e-03  -2.7672528e-03
   1.1049149e-01  -6.3708220e-02  -5.0759179e-01   3.2279563e-03   4.4505518e-03  -2.5435340e-03
   5.2870676e-02  -1.7236652e-01   8.0161675e-02   3.3398734e-03   8.8272706e-03  -2.7282918e-03
   5.8176414e-02  -9.4266864e-02  -5.2309325e-01   5.9636740e-03   2.4905585e-03  -1.9900387e-03
   7.2435784e-02  -1.1583596e-01  -6.3438752e-01   3.1516442e-03   1.8230685e-03  -1.9555796e-03
   8.0578599e-02  -1.4581013e-01  -8.1888940e-01  -4.5119720e-03   1.2173363e-03  -1.7657293e-03
   7.3729319e-02  -1.3253276e-01  -1.3854556e-01   6.1163912e-03   3.6543921e-03  -1.9036655e-03
   7.3842542e-02  -8.3025780e-02  -3.2696793e-01   2.4280456e-03   3.2304249e-03  -1.6551512e-03
   9.9393866e-02  -8.1640181e-02  -3.6424889e-01   1.5537575e-03   3.5793718e-03  -2.0955962e-03
   1.0366266e-01  -5.7439330e-02  -4.2954077e-01   3.1659550e-04   2.9650952e-03  -1.9642079e-03
   2.7297812e-02  -1.4099112e-01   2.1890807e-01   6.9526944e-03   5.4422421e-03  -1.3861721e-03
   8.7895350e-02  -1.1083179e-01  -4.1523194e-01   5.2183942e-03   4.0702249e-03  -2.2492808e-03
   1.1128129e-01  -1.4392822e-01  -5.0669273e-01   3.4247869e-03   2.8422235e-03  -2.2291663e-03
   7.9370107e-02  -1.5911995e-01   1.3537249e-01   1.0747147e-02   4.8086916e-03  -2.2966314e-03
   8.6320129e-02  -9.5990581e-02  -4.0721178e-01   5.0044143e-03   3.2159727e-03  -2.1656100e-03
   7.0286248e-02  -8.3492242e-02  -2.3475647e-01   5.5836279e-03   3.4908076e-03  -1.6965031e-03
   1.0179372e-01  -6.4287785e-02  -4.6900459e-01   3.5234098e-03   2.5509344e-03  -1.9776059e-03
   8.1811736e-02  -7.1756600e-02  -4.9507641e-01   2.8875893e-03   2.4415371e-03  -1.5979532e-03
   9.6915223e-02  -1.1364812e-01  -4.5814303e-01   3.7980887e-03   4.0284820e-03  -1.9975197e-03
   1.0982872e-01  -5.5458904e-02  -5.6801327e-01   1.1911577e-03   3.1436640e-03  -2.0445448e-03
   1.1905898e-01  -5.5172024e-02  -5.4923020e-01   9.6814752e-04   3.2407009e-03  -2.1547221e-03
   1.0454910e-01  -7.5511972e-02  -6.4081298e-01  -1.0334188e-04   3.4996083e-03  -2.0160103e-03
   1.1022481e-01  -6.9882977e-02  -6.1816718e-01   8.7695330e-04   3.3485583e-03  -2.1877812e-03
   1.2775407e-01  -5.4624681e-02  -6.4918381e-01  -1.8040334e-04   2.9936339e-03  -2.2353357e-03
   6.5364830e-02  -6.5743060e-02  -2.2688685e-01   3.3419075e-03   4.0054970e-03  -2.1987559e-03
   7.5100441e-02  -8.4704707e-02  -7.1297637e-01   3.6451125e-03   3.9027641e-03  -1.6801727e-03
   1.2751562e-01  -6.6877220e-02  -9.1700466e-01   1.3770585e-03   3.6023285e-03  -2.1667397e-03
   1.3855373e-01  -2.3183883e-02  -1.0417751e+00  -1.4506958e-03   3.5767895e-03  -2.0373913e-03
   5.6495605e-02  -1.0915056e-01   3.5007908e-03   6.2199189e-03   9.8719364e-03  -2.4550885e-03
   7.2006606e-02  -8.2780700e-02  -5.3593605e-01   3.6041751e-03   8.3685706e-03  -2.2133682e-03
   9.2703548e-02  -1.0227635e-01  -6.6955843e-01   3.0577859e-03   7.0868203e-03  -2.0100950e-03
   7.5173839e-02  -8.5962272e-02  -4.6737837e-01   6.7662334e-03   6.6018048e-03  -1.6660803e-03
   1.0713362e-01  -8.2564591e-02  -7.1175237e-01   2.0860359e-03   6.4395907e-03  -1.9684315e-03
   1.0877848e-01  -5.9535729e-02  -8.7424332e-01  -2.5528894e-03   5.9184049e-03  -1.7824421e-03
   6.5149273e-02  -1.0445782e-01  -2.7649497e-01   3.0395667e-03   6.6235037e-03  -1.9124347e-03
   1.3738563e-01  -9.3098513e-02  -7.7425516e-01   4.9980691e-03   5.7360288e-03  -2.8901745e-03
   1.7165612e-01  -2.1226406e-01  -9.2406326e-01  -5.3650374e-03   7.9483484e-03  -3.9429333e-03
   1.4648095e-01  -7.9156850e-02  -8.1326798e-01   5.5662976e-03   6.2339648e-03  -3.2112765e-03
   1.7582234e-01  -6.0353654e-02  -1.0457100e+00   2.1620319e-03   5.1161262e-03  -3.5592002e-03
   1.4980606e-01  -6.6290149e-02  -3.1465898e-01   8.0723663e-03   7.7211830e-03  -3.6110064e-03
   1.5979259e-01  -1.7593692e-03  -9.3053511e-01   2.7423681e-04   6.9881784e-03  -3.8073880e-03
   1.5454568e-01  -2.0050878e-02  -9.3768764e-01   3.3674158e-04   6.6321830e-03  -2.7850506e-03
   1.5148385e-01  -2.9340265e-02  -9.8492852e-01  -7.4843329e-04   6.1337501e-03  -2.8581229e-03
   1.4887924e-01  -3.2711608e-02  -1.0002354e+00  -1.0595002e-03   6.4633438e-03  -2.6411639e-03
   1.5506558e-01  -2.9503576e-02  -9.1692451e-01  -6.0231693e-04   5.8091963e-03  -2.4928826e-03
   1.0865888e-01  -4.6632724e-02  -2.7439747e-01   3.2410960e-03   8.2468658e-03  -3.1392492e-03
   8.6336832e-02  -4.3691683e-02  -7.3984490e-01   2.7620032e-03   7.4625335e-03  -2.8077471e-03
   1.7723165e-01  -2.4983289e-01  -8.2564220e-01  -7.1280508e-04   8.5160598e-03  -5.0361260e-03
   9.0189906e-02  -1.1963732e-01  -4.0937842e-01   7.1964345e-03   8.7832896e-03  -3.4336263e-03
   9.0526465e-02  -7.0704035e-02  -3.9761245e-01   7.1569591e-04   8.4787068e-03  -3.8464681e-03
   1.2116850e-01  -7.1533203e-02  -5.2697246e-01   5.1655555e-03   7.7980862e-03  -3.5461154e-03
   1.1750931e-01  -8.8652274e-02  -6.5834482e-01   2.9973859e-03   8.0175317e-03  -3.5709135e-03
   1.2199815e-01  -7.0318918e-02  -7.8261757e-01   1.0493498e-03   7.7745062e-03  -3.3571569e-03
   1.1547854e-01  -1.0455715e-01  -8.8096290e-01  -2.5327648e-03   5.7083637e-03  -2.1269880e-03
   6.9298638e-02  -8.6476148e-02  -5.4163217e-01   5.1323315e-03   6.9615751e-03  -1.9445503e-03
   1.0325136e-01  -1.3460088e-01  -1.6717545e-01   4.6632064e-03   6.1247556e-03  -2.9115907e-03
   1.2198558e-01  -1.4213631e-01  -4.5811040e-01   6.0823457e-03   5.6361267e-03  -2.8004866e-03
   1.1460711e-01  -1.1680028e-01  -5.4965194e-01   4.2523254e-03   5.6946599e-03  -2.4720974e-03
   1.2045919e-01  -1.1701184e-01  -6.5020030e-01   4.0324456e-03   5.2169968e-03  -2.4840777e-03
   7.8383309e-02  -1.2177900e-01  -5.4494144e-01  -4.2953591e-03   1.1963964e-02  -4.8544128e-03
   1.6187276e-01  -7.7776115e-02  -6.9262528e-01   4.6540881e-03   7.9309982e-03  -3.8214533e-03
   1.9284051e-01  -1.0259387e-01  -9.2083800e-01   2.0411197e-03   7.0715437e-03  -4.0880471e-03
   1.9483112e-01  -5.7306344e-02  -1.0476776e+00   1.7963629e-04   7.5159013e-03  -4.0289400e-03
   1.9858481e-01  -3.6581287e-02  -1.1179242e+00  -5.8732168e-04   6.9902228e-03  -3.5755092e-03
   2.0425794e-01  -1.6002374e-02  -1.0540109e+00  -7.9797703e-04   6.4113946e-03  -3.5586866e-03
   1.9211760e-01   6.7653952e-03  -1.1714167e+00  -6.8036590e-03   5.0287083e-03  -2.4469617e-03
   1.4019476e-01  -7.4295812e-02  -4.8415907e-01   3.6379287e-03   6.6552427e-03  -2.5419446e-03
   1.4816305e-01  -1.2895768e-02  -6.6484505e-01   8.2257998e-04   6.1905230e-03  -2.6193345e-03
   1.6250620e-01  -2.0340231e-01  -7.1467105e-01  -2.6474228e-03   6.7488164e-03  -4.0128784e-03
   1.6751789e-01  -1.0554262e-01  -7.1959583e-01   5.1856066e-03   6.6508226e-03  -3.7232872e-03
   1.3642158e-01  -1.5200608e-01  -9.6928227e-01  -4.8509130e-04   6.2197576e-03  -3.1352594e-03
   1.0954470e-01  -1.0241316e-01  -7.7381529e-01   8.8070447e-04   7.0210832e-03  -3.0929036e-03
   1.2225102e-01  -4.4756710e-02  -8.7050268e-01   1.1913485e-03   6.3184742e-03  -2.9943705e-03
   1.6313407e-01  -3.5749658e-02  -9.5140758e-01   3.7503748e-04   4.9785464e-03  -2.8377731e-03
   1.6477550e-01  -3.8647569e-02  -9.5692719e-01   1.3837749e-03   4.7374466e-03  -2.8933766e-03
   1.7858557e-01  -2.2305488e-01  -8.9872856e-01  -2.7491551e-03   8.0724111e-03  -4.4766473e-03
   1.5346071e-01  -1.0509633e-01  -5.0540032e-01   6.3235377e-03   6.5562243e-03  -3.6256185e-03
   1.6271136e-01  -1.1072823e-01  -7.9191180e-01   3.3966289e-03   5.7434637e-03  -3.7430788e-03
   1.5839771e-01  -9.4785656e-02  -8.5291838e-01   1.8354208e-03   5.5235229e-03  -3.4192977e-03
   1.6393242e-01  -1.3569357e-01  -1.0219551e+00  -3.1610233e-03   3.3898678e-03  -2.3763465e-03
   1.3563235e-01  -6.5930211e-02  -7.1377960e-01   4.1113646e-03   4.3377886e-03  -3.1593142e-03
   1.6700036e-01  -2.0222955e-02  -9.0837282e-01   1.4436758e-03   4.3833077e-03  -3.3279191e-03
   1.5786268e-01  -2.6719334e-02  -9.8408974e-01   7.3591912e-04   4.1470749e-03  -3.0701589e-03
   1.6380487e-01  -1.4370493e-02  -1.0552893e+00  -3.4910066e-04   4.4476835e-03  -3.1387380e-03
   1.6000387e-01  -2.7102516e-02  -1.0975553e+00  -1.2038713e-03   3.8396926e-03  -3.0979422e-03
   1.5482696e-01  -2.9862912e-02  -1.0919924e+00  -1.0846883e-03   4.6414830e-03  -3.1372459e-03
   1.4863214e-01  -4.7161634e-02  -1.1129968e+00  -6.7873064e-04   4.8198367e-03  -3.0344044e-03
   8.8360840e-02  -5.0896974e-02  -8.0463048e-01  -7.2625028e-03   3.8675905e-03  -2.1808859e-03
   1.5842580e-01  -8.4103566e-02  -6.8869831e-01   5.1491485e-03   5.0979010e-03  -3.0458139e-03
   2.1467017e-01  -1.9572889e-01  -9.0293940e-01  -1.7760255e-04   4.9210487e-03  -4.6740997e-03
   1.6252038e-01  -1.4382386e-01  -5.8903320e-01   6.7572236e-03   4.2664381e-03  -3.5830693e-03
   1.5639701e-01  -7.4195225e-02  -8.6668233e-01   1.3032106e-03   4.1197598e-03  -3.0668583e-03
   1.3796639e-01  -1.1188831e-01  -5.8892387e-01   5.5037648e-03   5.2517053e-03  -3.1613314e-03
   1.4251870e-01  -8.0493133e-02  -7.7832295e-01   2.7748153e-03   4.1939472e-03  -3.3577248e-03
   1.1640236e-01  -1.7880741e-01  -4.1287788e-01   8.9602155e-03   5.6669074e-03  -2.9644065e-03
   1.3370884e-01  -8.2513753e-02  -7.5079721e-01   3.9655905e-03   4.5443425e-03  -3.1176983e-03
   1.7158910e-01  -7.3211466e-02  -9.3297692e-01   1.5089279e-03   4.2455238e-03  -3.0231538e-03
   1.3628531e-01  -6.3329021e-02  -9.0938901e-01   2.2127749e-03   4.1169069e-03  -2.7729578e-03
   1.7555683e-01  -9.2537371e-02  -9.0449423e-01   2.5621612e-03   4.8254789e-03  -3.0727646e-03
   1.5094356e-01  -4.5132806e-02  -9.4614355e-01   1.7478075e-03   4.2875685e-03  -2.7881637e-03
   1.4663737e-01  -9.2754302e-02  -9.4685130e-01   1.8525638e-03   4.2401348e-03  -2.7137675e-03
   1.4632829e-01  -4.8225914e-02  -1.0159631e+00   9.1647453e-04   4.1996329e-03  -2.5165643e-03
   1.3918404e-01  -4.8964898e-02  -1.0473281e+00  -1.5811572e-05   4.1257681e-03  -2.5779050e-03
   1.4172083e-01  -4.9979568e-02  -1.0641477e+00   2.4368644e-05   4.4203229e-03  -2.5247481e-03
   1.1368098e-01  -1.7571510e-02  -1.1345783e+00  -1.7086890e-03   4.1156065e-03  -1.9137409e-03
   1.3917010e-01  -4.2872775e-02  -1.1068050e+00  -8.2788246e-04   4.3312963e-03  -2.3691335e-03
   9.0452427e-02   6.9467286e-02  -9.8240780e-01  -8.0322816e-03   4.5854625e-03  -4.8402773e-04
   1.7636839e-01  -1.1136519e-01  -8.5851497e-01   4.2270860e-03   3.5453657e-03  -2.9205044e-03
   1.6076715e-01  -8.2184824e-02  -9.8674834e-01   2.4521284e-03   3.5017793e-03  -2.5509729e-03
   1.4299395e-01  -4.8631323e-02  -7.6334504e-01   3.9731172e-03   3.9450710e-03  -3.0025875e-03
   1.8557241e-01  -5.1784246e-02  -1.0888073e+00   4.6224234e-03   3.4719384e-03  -2.8994436e-03
   1.9418299e-01  -8.7718747e-02  -1.1058336e+00   3.9630694e-03   4.4364753e-03  -3.0804209e-03
   1.5668395e-01  -8.8190679e-02  -1.1459203e+00   3.4359806e-03   4.9310915e-03  -2.8905092e-03
   1.6514865e-01  -9.7818062e-02  -1.1778929e+00   1.9939177e-03   4.9067790e-03  -3.1066470e-03
   1.8196867e-01  -6.9349768e-02  -1.1883316e+00   1.0752465e-03   4.6180693e-03  -3.2549282e-03
   1.6430130e-01  -1.0321150e-01  -1.1661290e+00   1.7681307e-03   4.8780292e-03  -3.2363858e-03
   1.6207953e-01  -6.4177623e-02  -1.2005235e+00   4.9066130e-04   4.3934418e-03  -2.3635773e-03
   1.6694407e-01  -9.4229132e-02  -1.0564330e+00   2.6268916e-03   5.2751970e-03  -3.0268506e-03
   1.6013038e-01  -7.4249027e-02  -1.0927873e+00   2.1003570e-03   5.0732095e-03  -2.9511833e-03
   1.8760398e-01  -8.2241467e-02  -1.1817383e+00   2.5944419e-04   4.7474522e-03  -3.1547537e-03
   1.9207686e-01  -4.9539033e-02  -1.2526998e+00  -8.2451765e-04   5.1847047e-03  -3.2058269e-03
   1.7366307e-01  -1.0826471e-01  -7.3123326e-01   2.4605072e-03   5.2389959e-03  -2.6766711e-03
   1.8238911e-01  -2.9551624e-02  -8.2622880e-01   1.1799967e-03   4.5814203e-03  -2.8922986e-03
   1.7335023e-01  -8.8863353e-02  -8.7093391e-01   2.3205896e-03   4.0724695e-03  -3.0259802e-03
   1.6581244e-01  -1.0263178e-01  -9.2528412e-01   4.7563145e-03   3.4470671e-03  -3.0461685e-03
   1.6832028e-01  -6.4470861e-02  -1.0216520e+00   2.2845533e-03   3.9314227e-03  -3.0362568e-03
   1.6237207e-01  -9.7954639e-02  -9.9000911e-01   2.4533404e-03   3.8991362e-03  -2.8574907e-03
   1.6802479e-01  -6.0497904e-02  -1.0361001e+00   1.8076548e-03   4.5202031e-03  -2.9821395e-03
   1.6127767e-01  -8.4601074e-02  -1.0739892e+00   1.7375036e-03   4.8497022e-03  -3.1145459e-03
   1.7017790e-01  -5.0980615e-02  -1.1380942e+00   4.8312904e-04   3.9378039e-03  -3.1023198e-03
   1.4046636e-01  -4.5067343e-02  -8.2666735e-01   4.7160633e-03   1.1110887e-03  -2.4428766e-03
   2.0145555e-01  -6.4837733e-02  -9.4137814e-01   4.6306388e-03   3.3158313e-03  -3.0304383e-03
   1.6816976e-01  -8.4529680e-02  -9.7217234e-01   4.1628033e-03   2.6034757e-03  -2.7368858e-03
   1.8339019e-01  -7.6309917e-03  -1.0908686e+00   4.7830563e-03   2.5424877e-03  -3.4734376e-03
   7.9108833e-02  -1.6822484e-01  -1.4637816e+00   1.2845275e-02   3.5353010e-03  -1.9387949e-03
   9.7192111e-02  -1.8099847e-01  -1.3804870e+00   1.0522352e-02   6.4940534e-03  -2.2663351e-03
   8.7491218e-02  -1.3119109e-01  -1.0558420e+00  -1.2100489e-02   4.4086517e-03  -1.8298870e-03
   5.2851182e-02  -1.8042448e-01  -5.4078542e-01   7.8716910e-03   9.1698621e-03  -9.5756437e-04
   5.7571931e-02  -1.1571740e-01  -5.6948139e-01   2.9028662e-03   6.5999902e-03  -1.0706490e-03
   7.8400351e-02  -1.3529511e-01  -7.2497569e-01   1.4821615e-03   5.3887249e-03  -1.4195894e-03
   9.3351758e-02  -1.3927661e-01  -8.4115489e-01   1.4057601e-03   7.4485609e-03  -1.8303458e-03
   9.7946054e-02  -9.6885006e-02  -8.0588205e-01   1.5697837e-03   5.4541011e-03  -1.5320093e-03
   1.3769688e-01  -8.8620338e-02  -8.2285536e-01   4.4082605e-04   6.8692416e-03  -1.8259406e-03
   1.6051424e-01  -7.5124707e-02  -8.6260628e-01   2.8472629e-04   7.6546938e-03  -2.2884855e-03
   1.7837560e-01  -1.1945647e-01  -1.3038522e+00  -1.3034765e-02   4.4130894e-03  -2.2221302e-03
   1.3599098e-01  -1.8314473e-01  -4.6105339e-02  -8.4962973e-03   8.1159204e-03  -2.2407930e-03
  -3.7815674e-02  -5.3757474e-02   8.4295609e-02  -2.0608683e-03   4.9402644e-03   6.2500853e-04
   1.6491194e-02  -8.2529137e-02   4.9819656e-02  -1.0389156e-03   4.8129580e-03  -1.2086218e-04
   3.3901994e-02  -6.1141541e-02  -5.8494258e-02  -3.4881073e-03   4.0033957e-03  -1.7668057e-04
   2.5528490e-02  -1.1364742e-01  -1.9896486e-02  -3.1792505e-03   4.6162292e-03  -1.6172362e-04
   2.7038443e-02  -7.8661993e-02  -2.1517799e-02  -3.0911900e-03   5.0477983e-03  -1.2174443e-04
   1.4169823e-02  -7.5850377e-02  -5.9776237e-02  -4.2394879e-03   5.3024298e-03   4.6940454e-04
   1.9887769e-02  -1.1916637e-01  -2.2753170e-03  -2.9935401e-03   6.9577600e-03  -6.8350091e-04
   4.4874329e-02  -1.0112315e-01   1.2469006e-02  -2.7332906e-03   7.2743046e-03  -7.4000575e-04
   6.1706744e-02  -9.2674616e-02  -8.2413188e-02  -5.0714950e-03   6.8115140e-03  -6.5711300e-04
   4.5145024e-02  -7.1593332e-02  -1.3642385e-01  -4.5553670e-03   6.5186237e-03  -4.4400853e-04
   6.8002777e-02  -5.9175054e-02  -1.8157639e-01  -4.7767698e-03   6.1046098e-03  -6.3110863e-04
   7.5199444e-02  -3.4662809e-02  -2.2829392e-01  -5.0149754e-03   5.9909110e-03  -7.4732628e-04
   7.8503104e-02  -1.5378403e-01  -6.7433143e-02   9.9073342e-04   7.8789470e-03  -1.6719531e-03
   4.8606837e-02  -5.5099929e-02  -3.3470959e-01  -3.6113312e-03   5.8799053e-03  -1.0527923e-03
   5.7165791e-02  -5.0418576e-02  -3.5443953e-01  -3.8365077e-03   6.0035607e-03  -1.0882895e-03
   4.2709195e-02  -5.4666666e-02  -4.2974980e-01  -4.4107281e-03   6.2508728e-03  -9.2303982e-04
   7.3570041e-02  -4.2666667e-02  -4.3562993e-01  -1.8434837e-03   6.7928473e-03  -1.0984870e-03
   1.2072365e-02  -8.1411198e-02  -1.8873533e-01  -1.1479170e-03   8.6147677e-03  -8.6867470e-04
   6.4278466e-02  -6.0206371e-02  -4.0279001e-01  -1.5206023e-03   6.8451131e-03  -1.3998842e-03
   4.9530955e-02  -5.3302233e-02  -4.2196625e-01  -2.3981307e-03   7.3501217e-03  -1.2747677e-03
   6.3068048e-02  -8.4183952e-02  -5.0867888e-01  -3.2332980e-03   7.0158253e-03  -1.2219017e-03
   6.0927764e-02  -5.4108244e-02  -5.3688715e-01  -3.4264283e-03   6.5981302e-03  -1.0383020e-03
   5.8157390e-02  -7.4416249e-03  -6.1640158e-01  -4.4648331e-03   6.2639382e-03  -7.8290066e-04
   6.6194306e-02  -3.7914152e-02  -6.4207516e-01  -4.7309502e-03   6.7909151e-03  -1.0172027e-03
   8.1830942e-02  -2.8786066e-02  -7.7157447e-01  -6.5444364e-03   6.1088158e-03  -1.4077341e-03
   1.0471802e-01  -4.9319784e-02  -2.6682761e-01  -1.5055272e-04   6.4757295e-03  -1.1619041e-03
   4.0781902e-02  -2.7500852e-02  -9.4630307e-01  -3.9969705e-03   7.2765441e-03  -1.9405304e-03
   8.9992507e-02  -3.5765633e-02  -1.0304254e+00  -2.7928096e-03   7.4293088e-03  -1.8918536e-03
   9.4924521e-02  -2.4938171e-02  -1.0249140e+00  -3.6335801e-03   6.9751238e-03  -2.0989994e-03
   6.8693265e-02  -1.6777604e-01  -2.6086304e-01   1.0464826e-02   4.0098183e-03  -1.9973197e-03
   1.5494551e-01  -5.3832359e-02  -1.2047254e+00   2.6283156e-03   2.0808443e-03  -2.5147085e-03
   1.5755456e-01  -1.0725733e-01  -1.1836537e+00   1.4690345e-03   1.8170339e-03  -2.0977957e-03
   1.8460627e-01  -7.7156250e-02  -1.1891316e+00   9.6136719e-04   1.9523125e-03  -2.5040174e-03
   1.7550553e-01  -5.2761546e-02  -1.2482383e+00  -2.0324755e-03   2.6204446e-03  -2.4801078e-03
   1.6930610e-01  -7.1189570e-02  -1.2521280e+00  -1.9065161e-03   2.3889525e-03  -2.4900557e-03
   1.9281263e-01  -7.5968372e-02  -1.2365179e+00  -2.6120622e-03   3.2442346e-03  -2.8795396e-03
   1.9233641e-01  -2.2155561e-02  -1.2438205e+00  -1.7150918e-03   3.0240548e-03  -2.9255465e-03
   1.8070758e-01  -1.9878640e-01  -1.0537728e+00  -7.5726166e-03   7.8302887e-03  -4.5745353e-03
   1.4843260e-01  -1.4614331e-01  -6.6393360e-01   8.7190346e-03   5.9533461e-03  -3.2382360e-03
   1.3631877e-01  -6.2327312e-02  -9.0508919e-01  -1.8044549e-03   4.4808326e-03  -2.8443986e-03
   1.4242989e-01  -1.0263028e-01  -9.1048043e-01  -7.5366086e-04   2.1304551e-03  -2.2342343e-03
   1.2848925e-01  -1.0647963e-01  -6.2012490e-01   4.7613830e-03   4.5822366e-03  -2.8228915e-03
   1.3595347e-01  -8.5218854e-02  -7.6880720e-01   1.2290141e-03   4.5585118e-03  -2.8199217e-03
   1.1630821e-01  -8.2131159e-02  -8.0141195e-01   1.3024063e-03   4.7608112e-03  -2.3753114e-03
   1.2947712e-01  -1.1677108e-01  -6.0695533e-01  -1.0939030e-03   7.3873798e-03  -4.0303024e-03
   1.2630761e-01  -2.8955553e-02  -9.8982440e-01  -4.3909276e-05   5.5895616e-03  -1.9605816e-03
   7.7626745e-02  -1.1161116e-01  -5.4265932e-01   5.8755414e-03   6.3541908e-03  -2.3627080e-03
   1.1424681e-01  -6.3304867e-02  -8.2885732e-01   2.1127302e-03   4.8349233e-03  -2.4828354e-03
   1.2586361e-01  -5.6364137e-02  -7.9103199e-01   2.5490067e-03   4.6882262e-03  -2.4925446e-03
   1.3411653e-01  -6.8262755e-02  -8.2999665e-01   9.5761194e-04   5.0268638e-03  -2.6415845e-03
   1.3900094e-01  -6.9875926e-02  -8.6624728e-01   7.7237615e-04   4.4369509e-03  -2.3735526e-03
   1.6529398e-01  -1.9006928e-01  -3.3115834e-01   3.6119943e-03   6.2714524e-03  -4.2394233e-03
   1.8516532e-01  -1.1613851e-01  -7.6929341e-01   5.2904389e-03   4.7977497e-03  -3.5320570e-03
   1.7231561e-01  -7.8463586e-02  -9.1185821e-01   3.9370636e-03   4.0281771e-03  -2.9861387e-03
   1.6976219e-01  -1.1841039e-01  -8.8929835e-01   1.8396887e-03   4.7589163e-03  -3.0712128e-03
   1.6301706e-01  -8.2299274e-02  -9.1441674e-01   9.1994825e-04   5.0054538e-03  -2.9669792e-03
   1.7150765e-01  -1.0537225e-01  -9.1352641e-01   1.2728611e-03   5.3912471e-03  -2.8972415e-03
   1.7720230e-01  -9.3154740e-02  -8.8263977e-01   2.3064136e-03   6.1283565e-03  -3.1461700e-03
   1.7274943e-01  -8.5723079e-02  -9.1175082e-01   1.4900755e-03   5.6811344e-03  -3.2243982e-03
   1.7056872e-01  -6.7926303e-02  -9.3974537e-01   1.2449318e-03   6.2435113e-03  -2.9684676e-03
   1.7683101e-01  -8.0492703e-02  -9.2983378e-01   1.2125882e-03   6.2072999e-03  -3.2717921e-03
   1.6484876e-01  -7.6384744e-02  -9.7456568e-01   4.3252412e-04   5.9327511e-03  -2.9952442e-03
   1.7888574e-01  -8.2843631e-02  -9.7947541e-01   3.0213491e-04   5.7739713e-03  -2.9693279e-03
   1.8052976e-01  -3.5029339e-02  -9.9550321e-01  -8.5264923e-05   5.5892721e-03  -2.9640574e-03
   1.9406720e-01  -3.4055745e-02  -9.3854682e-01  -3.9375251e-05   6.2270725e-03  -3.4029029e-03
   1.7005035e-01  -7.3290873e-02  -9.4178931e-01   1.9053330e-04   6.5922790e-03  -3.0915729e-03
   1.7823577e-01  -1.7999872e-01  -8.8331523e-01  -4.0052151e-03   9.9156091e-03  -4.9838580e-03
   1.3450336e-01  -8.8478216e-02  -8.4771153e-01   4.2254654e-03   7.2385106e-03  -2.6522131e-03
   1.3732508e-01  -9.0656322e-02  -1.0264941e+00   4.4202650e-03   6.0287153e-03  -2.7581461e-03
   1.5703951e-01  -7.8208161e-02  -1.1680033e+00   2.1926238e-03   5.6587446e-03  -2.6327680e-03
   1.9075480e-01  -4.6256743e-02  -1.2357889e+00   3.1457759e-04   5.7265070e-03  -2.9442973e-03
   1.7511633e-01  -5.2153968e-02  -1.1960151e+00   9.1645708e-05   5.8148765e-03  -2.8147667e-03
   1.4529421e-01  -1.2613557e-01  -7.1435095e-01   5.1051432e-03   6.6440024e-03  -2.9115830e-03
   1.1783455e-01  -3.8346014e-02  -1.0376799e+00   3.0544465e-03   5.4730972e-03  -2.2039698e-03
   1.0866114e-01  -8.2684872e-02  -3.9295837e-01   8.0329152e-03   6.4866980e-03  -2.3922354e-03
   1.4819427e-01  -7.8249618e-02  -8.0267675e-01   3.5775847e-03   5.7387413e-03  -2.6331272e-03
   1.4766978e-01  -6.5027696e-02  -8.8669470e-01   2.3010851e-03   6.0463933e-03  -2.6083262e-03
   1.3412169e-01  -6.1101247e-02  -9.8669434e-01   9.5355467e-04   6.6889800e-03  -2.6751548e-03
   1.3417993e-01  -7.7581648e-02  -1.0081024e+00   9.8218101e-04   6.6316508e-03  -2.6760562e-03
   1.3371054e-01  -3.4336022e-02  -1.0520084e+00  -4.3724731e-04   6.6815328e-03  -2.5064280e-03
   8.6247648e-02  -1.1467103e-01  -1.5095032e-01   1.3456367e-02   6.8406734e-03  -2.4378985e-03
   1.6719827e-01  -5.4350222e-02  -1.1084969e+00   3.6221928e-03   6.0427308e-03  -3.2314837e-03
   1.0139255e-01  -1.9378403e-01  -2.8960034e-01   1.1095292e-02   7.4246560e-03  -3.1915393e-03
   1.3555525e-01  -2.1132641e-01  -8.0315019e-01   9.2793485e-03   5.0716208e-03  -3.0375790e-03
  -8.7280739e-03  -3.5103260e-01   2.6223210e-01   1.8988352e-02   6.2683475e-03  -2.2300815e-03
   6.7842197e-03  -3.2714818e-01  -5.5028185e-02   1.4988463e-02   5.8340599e-03  -2.8853410e-03
   2.3503746e-02  -4.2791154e-01  -4.8882150e-02   1.7791202e-02   5.5188292e-03  -3.2457009e-03
  -2.2526778e-02  -3.9787974e-01   1.5103614e-01   1.9774853e-02   6.1736358e-03  -2.9341253e-03
   1.1830530e-02  -3.7242732e-01   1.1733939e-01   1.9775081e-02   5.4720626e-03  -3.2975398e-03
   2.2204247e-02  -3.4368518e-01  -6.0778120e-02   1.7474820e-02   5.9151673e-03  -3.4636483e-03
   2.8076078e-02  -3.0089322e-01  -2.6669377e-01   1.1393475e-02   5.3948521e-03  -2.3423792e-03
   2.9894675e-02  -3.9485831e-01  -1.0879859e-01   1.9172853e-02   6.4377747e-03  -2.8156048e-03
  -9.8757957e-03  -3.9504761e-01   6.2745409e-02   1.8287338e-02   6.0473859e-03  -2.7358395e-03
   1.9324605e-02  -3.4514773e-01  -8.7321654e-02   1.8133170e-02   4.1296147e-03  -2.4210139e-03
   5.7815424e-02  -3.0867823e-01  -5.2973619e-01   1.2769805e-02   4.7258372e-03  -2.6558830e-03
   4.8322430e-02  -3.0595379e-01  -4.0032399e-01   1.3997184e-02   4.7287937e-03  -2.5730122e-03
  -1.5448238e-02  -2.5244861e-01  -3.2444692e-01   1.4536322e-02   4.0458758e-03  -2.2681053e-03
   9.3077475e-03  -3.5503994e-01  -1.1801853e-01   1.7901228e-02   4.7716672e-03  -2.6843069e-03
   5.2782908e-03  -3.7499137e-01  -3.1666497e-01   1.5405323e-02   6.3243882e-03  -3.2882583e-03
   3.2696676e-02  -3.3721729e-01  -2.7198663e-01   1.7959335e-02   5.7893832e-03  -3.2732945e-03
   2.0141315e-02  -3.1627101e-01  -6.6253387e-01   1.1850671e-02   6.0948473e-03  -2.3791651e-03
   1.8391106e-02  -2.6035692e-01  -5.7518683e-01   1.1774618e-02   5.1380229e-03  -2.6780392e-03
  -1.7986199e-02  -2.2384902e-01  -6.1032298e-01   5.1888781e-03   5.0098555e-03  -1.8148532e-03
   3.5047774e-02  -4.1053572e-01  -3.1514001e-01   1.7840603e-02   6.6365627e-03  -3.7318764e-03
  -3.0116629e-03  -4.1558153e-01  -1.6803065e-01   2.1577254e-02   4.4582074e-03  -2.6101768e-03
  -4.2588786e-02  -4.3755593e-01  -1.8015826e-01   2.0492881e-02   3.6400475e-03  -1.8224223e-03
   4.4609735e-02  -2.7996369e-01  -6.9890692e-01   1.5996186e-02   4.2235317e-03  -2.6934363e-03
   8.1410321e-04  -3.9814414e-01  -3.8486862e-01   1.8940667e-02   5.6615858e-03  -3.2691014e-03
   2.8940782e-02  -4.3773937e-01  -2.0760151e-01   2.1668895e-02   6.6646172e-03  -4.1340246e-03
  -1.6070645e-02  -2.5816150e-01  -1.4927631e-01   1.6867043e-02   4.1103953e-03  -2.7363617e-03
   6.6204060e-02  -4.3474713e-01  -4.4326901e-01   2.0835799e-02   7.6213322e-03  -3.8529615e-03
  -1.4751471e-02  -4.3943054e-01  -1.2885244e-01   2.4460368e-02   5.5418184e-03  -2.3024921e-03
  -4.2489161e-02  -4.5975571e-01   9.2919970e-02   2.6092939e-02   6.0606597e-03  -2.7516251e-03
  -1.1836357e-01  -2.5853685e-01   2.9918595e-01   2.0071016e-02   4.1641692e-03  -7.9116403e-04
  -9.3678915e-02  -3.7431497e-01   4.3029313e-01   3.5251476e-02   2.7994480e-03  -5.5449034e-04
  -1.7182920e-02  -3.6129706e-01  -3.1407792e-01   2.2853202e-02   3.7929282e-03  -1.7824079e-03
  -2.2234290e-02  -4.4387826e-01  -1.5410994e-01   2.6640855e-02   5.3199520e-03  -1.5258462e-03
  -7.7661416e-02  -4.8692056e-01  -6.0395097e-02   2.6336359e-02   4.1559806e-03  -7.6696149e-04
  -2.6670882e-02  -4.5373017e-01  -8.0586347e-02   2.4847218e-02   5.8460364e-03  -2.1351625e-03
  -8.2431602e-02  -4.4244762e-01   1.2341307e-01   2.5781572e-02   5.0752144e-03  -9.7924956e-04
  -1.8564128e-02  -3.4487104e-01  -1.4687559e-01   2.5905559e-02   4.3776170e-03  -1.9053801e-03
  -3.9459822e-02  -4.2574749e-01  -2.1024002e-01   2.4530272e-02   4.6576304e-03  -9.8807324e-04
  -1.0622547e-01  -3.0724632e-01   2.2838132e-01   1.9269137e-02   4.6814661e-03  -6.0529663e-04
  -8.6127089e-02  -4.6384623e-01   6.2786260e-01   2.9927544e-02   4.2134756e-03  -1.3370971e-03
   1.8948529e-02  -4.0250518e-01  -3.7567965e-01   2.4198549e-02   7.4572002e-03  -2.8020361e-03
   9.2749810e-03  -4.2367243e-01  -3.8530618e-01   2.3664837e-02   6.2506025e-03  -2.0978978e-03
   5.5223685e-03  -4.6873106e-01  -3.3840290e-03   2.7587511e-02   3.6841264e-03  -2.1116042e-03
  -1.3622302e-02  -4.1614614e-01   3.8902223e-02   2.8504321e-02   3.6643829e-03  -2.6534984e-03
  -8.2466051e-02  -2.6315935e-01   3.4169794e-01   2.1365153e-02   4.1062501e-03  -8.6724678e-04
  -6.5661101e-03  -4.3188612e-01   5.5994182e-01   3.1397264e-02   5.1997913e-03  -3.0925717e-03
   2.6079832e-02  -4.3639687e-01  -2.2081989e-01   2.7430270e-02   5.5902436e-03  -2.8035373e-03
   1.3874297e-02  -3.7773000e-01  -2.0278575e-01   2.5241762e-02   3.2593438e-03  -2.6448234e-03
   2.5541480e-02  -3.4941835e-01  -3.3146198e-01   2.3081093e-02   4.6501079e-03  -2.5847631e-03
   5.1972164e-02  -2.6867158e-01  -4.6088630e-01   2.0419348e-02   4.3516040e-03  -3.0955686e-03
   7.0999970e-02  -2.7323260e-01  -5.2357595e-01   1.9090811e-02   5.2381794e-03  -3.3805940e-03
   9.7704206e-02  -2.1314558e-01  -9.1131776e-01   1.4891575e-02   4.3453834e-03  -3.3265372e-03
   1.0680443e-01  -1.8274039e-01  -8.7050255e-01   1.3442819e-02   3.6344333e-03  -3.3453241e-03
   1.0614698e-01  -1.4909554e-01  -9.7478308e-01   1.1985635e-02   4.7257262e-03  -3.1337455e-03
   1.0274433e-01  -1.2066670e-01  -1.1384622e+00   4.4908276e-03   5.3231869e-03  -2.4042111e-03
   7.4244002e-02  -1.8213950e-01  -3.6772043e-01   1.2300975e-02   2.3147157e-03  -1.9866226e-03
   9.3738956e-02  -7.6239750e-02  -5.7997928e-01   1.0617978e-02   1.1204181e-03  -1.8200909e-03
   7.6630181e-02  -1.2141023e-01  -4.5979939e-01   1.0017570e-02   1.8350583e-03  -1.5309833e-03
   9.2663822e-02  -2.9657058e-02  -4.5460680e-01   1.0991839e-02   2.3440435e-03  -1.5696436e-03
   1.2701186e-01  -1.2155397e-01  -6.3035577e-01   2.1621126e-02   4.2270423e-03  -2.7158428e-03
   1.0775922e-01  -1.3830173e-01  -1.1464437e+00   1.0220212e-02   5.3081845e-03  -2.2600995e-03
   9.3321667e-02  -1.2926569e-01  -1.1825228e+00   9.7134618e-03   5.5723993e-03  -2.0581499e-03
   9.6713333e-02  -1.0130315e-01  -1.2317451e+00   8.6713838e-03   5.2934585e-03  -2.0601538e-03
   1.0381374e-01  -1.3325620e-01  -1.2135018e+00   8.9413752e-03   5.5124971e-03  -1.9706750e-03
   1.0235559e-01  -1.3072242e-01  -1.1852199e+00   9.3593330e-03   5.8294157e-03  -2.0834592e-03
   1.1332344e-01  -9.6571347e-02  -3.1316050e-01   9.3363531e-03   9.9196080e-03  -2.1438180e-03
   1.1776511e-01  -1.7539995e-01  -4.3231034e-01   6.9639395e-03   1.1075544e-02  -2.7267006e-03
   1.1135610e-01  -1.3703951e-01  -7.7906253e-01   1.0147401e-02   1.1374139e-02  -2.5024008e-03
   1.3336039e-01  -1.1903297e-01  -9.3074745e-01   7.0484368e-03   9.7987417e-03  -2.3104362e-03
   1.3958407e-01  -9.1123959e-02  -9.7976615e-01   5.4589581e-03   9.2602283e-03  -2.2335374e-03
   1.5452901e-01  -1.1055877e-01  -1.0485040e+00   5.5973838e-03   9.7830149e-03  -2.4074146e-03
   1.4624574e-01  -8.8367023e-02  -1.0785716e+00   4.0291336e-03   9.6322449e-03  -2.3310466e-03
   1.3785657e-01  -1.0610977e-01  -1.0964821e+00   3.4536345e-03   8.8176960e-03  -2.1551615e-03
   1.3846016e-01  -7.9953058e-02  -1.0980969e+00   3.7784861e-03   9.2260021e-03  -2.2160869e-03
   1.5587962e-01  -9.0945407e-02  -1.0970349e+00   3.7854183e-03   9.3806235e-03  -2.4056416e-03
   1.2693055e-01  -1.0212460e-01  -5.4513823e-01   1.0938134e-02   8.5922407e-03  -2.9871575e-03
   2.2068913e-01  -1.1733405e-01  -1.2364086e+00   8.9306021e-03   7.7587814e-03  -3.5790970e-03
   2.1503547e-01  -1.3674476e-01  -1.2373545e+00   8.3804141e-03   7.3463601e-03  -3.3357683e-03
   2.2656619e-01  -1.5334666e-01  -1.3034206e+00   7.0536177e-03   7.1595287e-03  -3.6074795e-03
   2.1998153e-01  -1.0844706e-01  -1.3543310e+00   6.4224549e-03   7.0524326e-03  -3.4514635e-03
   2.1128689e-01  -1.1494944e-01  -1.3260369e+00   5.5258735e-03   8.1168694e-03  -3.5691295e-03
   1.8821849e-01  -1.0174629e-01  -1.3272326e+00   5.5767288e-03   7.7641471e-03  -3.2097975e-03
   2.0685315e-01  -1.0358838e-01  -1.3793602e+00   4.3226390e-03   7.8269734e-03  -3.4557748e-03
   1.9852898e-01  -1.2195035e-01  -1.3518990e+00   5.1996847e-03   8.0798271e-03  -3.3465664e-03
   1.9289858e-01  -1.0077791e-01  -1.3828479e+00   4.7107466e-03   7.9837468e-03  -3.2718684e-03
   1.9184725e-01  -6.3247045e-02  -1.4034789e+00   3.8459563e-03   7.6410977e-03  -3.3073138e-03
   1.8303439e-01  -1.1305398e-01  -1.3938353e+00   3.8881811e-03   7.4767890e-03  -3.0961126e-03
   1.8198924e-01  -7.7736240e-02  -1.4101329e+00   3.3527162e-03   7.6340132e-03  -3.1325742e-03
   1.7934286e-01  -6.6244857e-02  -1.3794646e+00   4.1436604e-03   8.0141777e-03  -3.1321221e-03
   1.8684930e-01  -5.6639440e-02  -1.3974829e+00   2.9946085e-03   7.8366382e-03  -3.2000531e-03
   1.2536740e-01  -7.4658430e-02  -1.0781490e+00   6.0310780e-03   6.8457184e-03  -2.2882105e-03
   1.3163320e-01  -1.5994862e-01  -1.1353382e+00   1.3258667e-02   6.0986820e-03  -3.0811603e-03
   1.5876759e-01  -1.1098069e-01  -1.6509060e+00   7.4868779e-03   5.2766909e-03  -3.3457425e-03
   1.4358333e-01  -1.4356743e-01  -7.8374020e-01   1.3445627e-02   4.2824031e-03  -3.6213661e-03
   1.6666560e-01  -8.9517004e-02  -1.4562552e+00   8.4294307e-03   4.1873497e-03  -3.2332016e-03
   2.1103819e-01  -3.8677420e-02  -1.6584887e+00   4.4695631e-03   4.8496595e-03  -3.5487646e-03
   1.8571482e-01  -9.3902990e-02  -1.5380970e+00   5.2909079e-03   4.9892841e-03  -3.5614957e-03
   1.7456786e-01  -6.6754156e-02  -1.5778864e+00   4.0566335e-03   5.2232170e-03  -3.4659378e-03
   1.4962150e-01  -6.7948654e-02  -1.6683053e+00  -1.5133724e-03   6.3618543e-03  -2.8287450e-03
   1.4988682e-01  -1.1212985e-01  -1.3861958e+00   1.0563457e-02   9.5122849e-03  -3.7064112e-03
   1.0682414e-01  -1.2313136e-01  -1.3743757e+00   5.9823152e-03   5.4636370e-03  -2.2450669e-03
   1.3253421e-01  -1.0975176e-01  -1.3000487e+00   8.9081154e-03   5.7987471e-03  -2.7157789e-03
   1.3676837e-01  -1.1854073e-01  -1.4392340e+00   6.8846882e-03   6.0346334e-03  -3.0668964e-03
   1.2853725e-01  -7.7771709e-02  -1.5352143e+00   4.0069811e-03   5.8709192e-03  -2.8433346e-03
   1.2436312e-01  -1.1002905e-01  -1.4679194e+00   5.8203342e-03   6.2492554e-03  -2.7653699e-03
   1.1976165e-01  -4.0944577e-02  -1.5224362e+00   4.1250005e-03   6.3031873e-03  -2.6155437e-03
   1.1693880e-01  -7.5197220e-02  -1.5818134e+00   6.3166927e-04   4.7997930e-03  -2.0066542e-03
   1.4255386e-01  -8.0899150e-02  -1.4270584e+00   5.2234994e-03   5.4925361e-03  -2.1794285e-03
   1.4475531e-01  -1.2132001e-02  -1.4892954e+00   3.6340957e-03   4.9415117e-03  -2.3513648e-03
   1.4322743e-01  -4.7683265e-02  -1.4894193e+00   3.9573880e-03   4.7129743e-03  -2.1337398e-03
   1.4673784e-01  -5.5097611e-02  -1.5080715e+00   3.8620676e-03   4.7363125e-03  -2.3221155e-03
   1.3120640e-01  -3.9804609e-02  -1.5156114e+00   3.5093744e-03   4.9158293e-03  -2.1037737e-03
   1.3911455e-01  -5.2129494e-02  -1.5154145e+00   3.6753252e-03   5.1010296e-03  -2.3328092e-03
   1.2463747e-01  -4.3946171e-02  -1.4846460e+00   3.6109280e-03   5.6934378e-03  -2.1242175e-03
   1.4889230e-01  -1.6416892e-01  -1.4658037e+00   3.3422868e-03   6.1232426e-03  -2.7624959e-03
   1.3668799e-01  -1.1793506e-01  -8.8191193e-01   1.4375175e-02   6.3304120e-03  -3.2781473e-03
   1.8082926e-01  -8.8582447e-02  -1.4788807e+00   6.6325364e-03   4.5849070e-03  -2.9858315e-03
   1.7201535e-01  -1.1625366e-01  -1.3379842e+00   9.4540494e-03   4.3099641e-03  -2.9488231e-03
   1.5356241e-01  -9.3492164e-02  -8.1417087e-01   1.4253552e-02   2.6061561e-03  -2.2836799e-03
   2.0831812e-01  -7.7612631e-02  -1.3484437e+00   6.6277095e-03   4.3698219e-03  -2.9563478e-03
   1.9003940e-01  -9.5651651e-02  -1.3870320e+00   5.8597542e-03   4.7707147e-03  -3.0045238e-03
   2.0753818e-01  -1.1776480e-01  -1.3439961e+00   7.9582788e-03   5.3883745e-03  -3.4991244e-03
   1.4332437e-01  -8.9640804e-02  -1.4284945e+00  -5.6402856e-04   8.7379744e-03  -4.7504843e-03
   1.7260814e-01  -8.9031348e-02  -1.4339042e+00   7.4871010e-03   5.4350342e-03  -4.2439431e-03
   1.7476781e-01  -7.8018066e-02  -1.4975431e+00   6.4448215e-03   5.7305838e-03  -3.9032536e-03
   1.8512715e-01  -9.8201492e-02  -1.5602219e+00   5.7279219e-03   5.8380251e-03  -4.1029374e-03
   6.1961399e-02   6.8971417e-02  -1.0341133e+00   4.6881123e-03   7.2170168e-03  -2.2308124e-03
   1.4273093e-01   1.6589176e-02  -1.6105572e+00   5.1973584e-03   8.5789140e-03  -3.3497455e-03
   1.2596070e-01  -4.4271312e-02  -1.6148218e+00   3.6139711e-03   7.4579556e-03  -2.3846292e-03
   1.3828791e-01  -6.0384697e-02  -1.3314322e+00   6.5833039e-03   6.1729673e-03  -3.1776438e-03
   1.3203293e-01  -1.0864076e-02  -1.4904417e+00   4.1254778e-03   5.8891412e-03  -2.8617057e-03
   1.2784975e-01  -6.9547022e-02  -1.4330738e+00  -2.5905262e-03   9.4788473e-03  -3.9955957e-03
   1.6561372e-01  -6.2110667e-02  -1.3035688e+00   6.2982489e-03   8.3487693e-03  -3.6865415e-03
   1.7048034e-01  -6.6103426e-02  -1.4747819e+00   3.6757201e-03   6.9555538e-03  -3.6626083e-03
   1.6596344e-01  -6.0789450e-02  -1.4456299e+00   4.9246586e-03   8.1639097e-03  -3.8869756e-03
   1.4965792e-01  -8.1654166e-03  -1.5017245e+00   3.6987814e-03   7.6594161e-03  -3.5645628e-03
   1.5406765e-01   7.5578773e-03  -1.5517878e+00   3.2472230e-03   7.7557018e-03  -3.4801297e-03
   1.5903814e-01  -1.0001677e-01  -1.6569604e+00  -9.9760139e-04   4.8872551e-03  -2.4015331e-03
   2.0983455e-01  -6.0594234e-02  -1.3954741e+00   7.2846887e-03   8.3794605e-03  -4.3280297e-03
   2.3126061e-01  -4.2008523e-02  -1.5542967e+00   5.8873935e-03   7.7983544e-03  -4.7868970e-03
   1.0151095e-01   4.8178532e-02  -1.3892927e+00  -9.2117186e-04   9.9505823e-03  -3.1298598e-03
   1.7046026e-01   2.0246581e-02  -1.7280986e+00   4.0659908e-03   1.0566344e-02  -3.7026870e-03
   2.1136738e-01  -7.5404767e-02  -1.9197871e+00   3.6192107e-03   9.6799536e-03  -3.9520476e-03
   2.0033402e-01  -7.2123237e-02  -1.6981881e+00   5.0926260e-03   9.4621531e-03  -3.8052314e-03
   1.8045598e-01  -4.3164701e-02  -1.7101768e+00   4.4765196e-03   9.3438487e-03  -3.3095782e-03
   1.8897517e-01  -6.9184645e-02  -1.6491680e+00   5.1454814e-03   9.4111038e-03  -3.3537234e-03
   1.5901513e-01   2.9413906e-02  -1.6788372e+00   4.0214373e-03   8.8859967e-03  -2.8234454e-03
   2.0456583e-01  -8.1434014e-03  -1.7227675e+00   2.5685125e-03   9.5563157e-03  -3.2885294e-03
   1.8609450e-01   3.1797769e-03  -1.6855375e+00   3.1506388e-03   9.3608425e-03  -3.2537885e-03
   1.7338055e-01  -7.5432974e-04  -1.6798708e+00   2.4424331e-03   9.4396159e-03  -3.1553752e-03
   1.8519597e-01  -2.6212436e-02  -1.6575767e+00   3.4936276e-03   9.0984460e-03  -3.0903132e-03
   1.7325312e-01  -8.0053430e-03  -1.6665588e+00   2.9231142e-03   9.2377987e-03  -2.8642023e-03
   1.5621057e-01   1.0433297e-02  -1.7403160e+00   9.7555483e-04   7.2771358e-03  -1.8501249e-03
   2.2814951e-01  -9.7119799e-02  -1.2512710e+00   7.2815720e-03   5.4733175e-03  -3.7272812e-03
   2.0571961e-01  -4.9573062e-02  -1.4112600e+00   6.3022480e-03   6.1925558e-03  -3.6110970e-03
   1.6603709e-01  -5.3093754e-02  -1.5370995e+00   4.6878759e-03   5.4721602e-03  -2.9260432e-03
   1.7030961e-01  -4.7102258e-02  -1.5888344e+00   3.7844845e-03   5.6660051e-03  -3.1336046e-03
   1.7215848e-01  -8.9143031e-03  -1.5720794e+00   4.0005920e-03   5.7125204e-03  -2.7734642e-03
   1.6821718e-01  -2.9465341e-02  -1.5522963e+00   4.6660251e-03   6.0626534e-03  -2.8762271e-03
   1.6825780e-01  -2.2878677e-02  -1.5358695e+00   4.5629826e-03   6.6894594e-03  -2.9962869e-03
   1.6574281e-01  -4.1898921e-02  -1.5267962e+00   4.3265594e-03   6.4583527e-03  -2.9354623e-03
   2.7203718e-01  -6.4761077e-02  -1.0163192e+00  -6.3343800e-03   7.4477907e-03  -3.1689987e-03
   1.4974761e-01  -2.3577570e-01  -4.2119990e-01   2.3008041e-03   5.4269435e-03  -1.8373049e-03
   8.0317040e-02  -6.8709404e-02  -4.4483138e-01   3.3180659e-03   7.8813313e-03  -1.6733994e-03
   6.3117617e-02   1.0407675e-02  -6.1290700e-01  -4.4897396e-04   6.2979543e-03  -4.8772407e-04
   6.1479686e-02  -2.6140047e-02  -5.8101624e-01  -9.2590756e-04   5.6700609e-03  -3.8048984e-04
   5.7364870e-02  -7.1883725e-02  -5.5023367e-01  -1.0800136e-03   6.1514108e-03  -3.4325591e-04
   5.1829400e-02  -5.7991769e-02  -5.9462335e-01  -1.3677528e-03   5.9246984e-03  -4.6249777e-04
   6.2506423e-02  -5.9434978e-02  -5.8700439e-01  -1.5615567e-03   6.2362873e-03  -5.3341467e-04
   5.7279324e-02  -3.4820263e-02  -7.1639782e-01  -2.7957977e-03   5.2546326e-03  -6.1665168e-04
   1.0929521e-01  -7.0566027e-02  -6.1709344e-01  -6.8437759e-04   6.8243434e-03  -1.0374390e-03
   9.7112990e-02  -1.0795359e-01  -5.6846482e-01  -1.0208373e-03   8.1749452e-03  -1.2897506e-03
   7.2214168e-02   4.4174190e-03  -5.0666259e-01  -9.3878415e-03   6.5268519e-03  -4.5935162e-04
   1.1011180e-01   3.5340673e-02  -6.3034067e-01  -7.4150557e-03   2.0906586e-03  -3.9252395e-04
   1.1649566e-01   5.4584741e-02  -6.1800455e-01  -7.4748027e-03   1.7774122e-03  -4.5321620e-04
   1.2341594e-01  -1.3428808e-02  -6.1928390e-01  -7.8307973e-03  -1.7788240e-04  -1.0197872e-03
   1.3042446e-01  -6.2763570e-02  -8.6342060e-01  -1.9926047e-04   2.9656552e-03  -1.2090094e-03
   7.0953859e-02  -5.9461832e-02  -9.9647347e-01  -2.2730943e-03   8.4463230e-03   7.3901214e-05
   9.5261466e-02  -9.6012918e-03  -1.1093232e+00  -3.9718732e-03   6.8523871e-03  -1.8713903e-04
   7.5930261e-02  -6.5966328e-03  -1.1550723e+00  -6.1036495e-03   6.1025781e-03   3.3803805e-04
   1.0982282e-01  -1.4121048e-02  -1.1224556e+00  -4.5585446e-03   7.1929406e-03  -6.8012113e-04
   1.0226179e-01   7.1295370e-02  -1.2780526e+00  -5.5434517e-03   5.3766703e-03  -1.6885532e-04
   8.9961236e-02   7.3014849e-02  -1.3004082e+00  -6.1557084e-03   4.5215967e-03   8.1028870e-05
   9.1102106e-02   2.6030579e-01  -1.5265246e+00  -2.5261245e-02   5.8630613e-03   1.3714302e-04
   1.7122877e-01   2.7913463e-01  -1.0903784e+00  -1.8320117e-02   2.9333865e-03  -2.0755025e-04
   1.6821862e-01   3.0952226e-01  -1.1292950e+00  -1.9211468e-02   1.9985832e-03  -8.3059850e-06
   1.5684180e-01   2.5269915e-01  -1.0990005e+00  -1.8478504e-02   1.5556820e-03   2.1149393e-04
   1.5384710e-01   2.2456823e-01  -1.1255963e+00  -1.7678279e-02   7.3886922e-04   4.2373270e-04
   1.4272353e-01   2.7410476e-01  -1.0769413e+00  -1.7533946e-02   1.2775834e-03   4.0754013e-04
   1.4008173e-01   2.2828478e-01  -1.0603813e+00  -1.5709891e-02   1.3046431e-03   4.0390331e-04
   1.3678627e-01   2.2041873e-01  -1.0924152e+00  -1.4862722e-02   1.3612564e-03   4.5916113e-04
   1.4679340e-01   2.1460963e-01  -1.1315112e+00  -1.4800825e-02   1.5840446e-03   3.1337901e-04
   1.4223932e-01   2.4720210e-01  -1.1345249e+00  -1.4560245e-02   1.6703533e-03   2.5175511e-04
   1.4281351e-01   2.3586576e-01  -1.2130432e+00  -1.4389930e-02   1.2603219e-03   5.5449259e-04
   1.1911281e-01   2.4800436e-01  -1.1866826e+00  -1.4663135e-02   1.4258094e-03   4.4047664e-04
   1.4549421e-01   1.4610434e-01  -1.0846544e+00  -1.0920192e-02   2.8573294e-03   3.4590692e-05
   1.0500433e-01   1.7608075e-01  -1.0456113e+00  -1.0101728e-02   7.4796407e-03   6.6913354e-04
   1.1697657e-01   1.7784050e-01  -9.5143832e-01  -8.1611874e-03   7.7130488e-03  -2.0162322e-04
   1.1814931e-01   1.6998594e-01  -1.0612737e+00  -9.8036387e-03   6.7195251e-03  -4.3159675e-04
   9.6395936e-02   5.6534013e-02  -1.7571974e+00  -8.1922436e-03   6.5395052e-03  -3.4381534e-04
   1.0308301e-01   7.9674057e-02  -1.6310284e+00  -6.1047668e-03   6.4802435e-03  -3.3347615e-04
   1.0968397e-01   6.1237920e-02  -1.6342772e+00  -7.2338485e-03   6.3348137e-03  -3.4367755e-04
   1.6305080e-01   5.6640053e-02  -1.5466403e+00  -5.8397656e-03   4.9471353e-03  -1.0228373e-03
   1.4896372e-01   8.1625798e-02  -1.5278577e+00  -6.1657754e-03   5.3275933e-03  -5.7506029e-04
   1.1046993e-01   6.7125307e-02  -1.5891256e+00  -9.0938777e-03   2.5422463e-03  -4.8640420e-04
   1.4789923e-01   5.4154272e-02  -1.4373474e+00  -2.4617071e-03   3.6928101e-03  -1.0932921e-03
   1.2604515e-01   1.6688242e-02  -1.4445036e+00  -2.6896327e-03   3.0868101e-03  -8.4173884e-04
   1.4241991e-01  -1.7397726e-02  -1.5687449e+00  -1.0530460e-02   3.9119834e-03  -1.1678912e-03
   1.1006083e-01  -7.9493580e-02  -1.4063218e+00  -6.2013265e-04   8.4678729e-03  -1.8503421e-03
   1.2598414e-01   3.1221603e-02  -1.5602861e+00  -3.3553637e-03   5.9434264e-03  -1.5552825e-03
   1.1651689e-01   3.4991464e-03  -1.5571651e+00  -3.8592060e-03   5.8308181e-03  -1.3417571e-03
   9.2971299e-02  -2.9401927e-03  -1.6107097e+00  -6.1262968e-03   6.1421738e-03  -8.7799041e-04
   1.1863507e-01  -2.9294915e-02  -1.4423286e+00  -1.5370753e-03   5.9657786e-03  -1.4885989e-03
   1.1590718e-01   3.1622120e-02  -1.5275561e+00  -3.6098906e-03   5.8686253e-03  -1.3705923e-03
   1.1508645e-01   2.7417461e-02  -1.5354930e+00  -3.9609599e-03   6.0324067e-03  -1.3218176e-03
   1.1583120e-01   4.7093894e-02  -1.6044134e+00  -5.1930757e-03   5.2773110e-03  -1.2183876e-03
   1.1674050e-01   1.1347488e-02  -1.5828299e+00  -4.1609088e-03   5.4577863e-03  -1.1861892e-03
   1.3881663e-01   6.0644359e-02  -1.5340298e+00  -4.1796841e-03   5.7254829e-03  -1.1223406e-03
   1.3178236e-01   7.8880886e-02  -1.5620257e+00  -4.0715287e-03   4.7217959e-03  -1.0103033e-03
   1.3071727e-01   2.8090034e-01  -1.7420208e+00  -1.5619721e-02   4.9448471e-03  -4.8008206e-04
   1.2450418e-01   2.7683099e-01  -1.4327618e+00  -1.3426613e-02   7.5930612e-04   5.9555160e-04
   1.3958653e-01   3.1728184e-01  -1.4901841e+00  -1.4207389e-02   1.5074707e-04   5.3182115e-04
   1.3451405e-01   2.8848876e-01  -1.5083478e+00  -1.4168733e-02  -5.4601831e-05   6.9798545e-04
   1.4237013e-01   2.4250489e-01  -1.4766759e+00  -1.3429446e-02   1.4861159e-04   4.4421606e-04
   1.2681104e-01   2.4760519e-01  -1.4795154e+00  -1.2734910e-02   2.6850195e-04   4.9195342e-04
   1.2267495e-01   2.8444396e-01  -1.4637840e+00  -1.2501655e-02   4.7081550e-04   6.9978489e-04
   1.2538200e-01   2.7536837e-01  -1.5024489e+00  -1.3095673e-02   1.1468281e-03   5.7253729e-04
   1.2584071e-01   2.7171677e-01  -1.5111788e+00  -1.2927109e-02   9.1813744e-04   4.6486895e-04
   1.1863814e-01   2.6113155e-01  -1.5103177e+00  -1.3128649e-02   1.3823178e-03   5.1625394e-04
   1.2537224e-01   9.5087979e-02  -1.4237871e+00  -7.8505758e-03   2.8580871e-03  -5.3862149e-04
   1.6110038e-01   1.3724706e-01  -1.3610563e+00  -5.7635546e-03   4.7127996e-03  -6.0476394e-04
   1.4966014e-01   1.9817262e-01  -1.4296664e+00  -6.6849117e-03   4.5556005e-03  -4.8010822e-04
   1.4703254e-01   1.5237531e-01  -1.5537488e+00  -8.6219393e-03   4.5050031e-03  -6.0132435e-04
   1.3094075e-01   1.6007869e-01  -1.6162580e+00  -9.2743437e-03   4.6511756e-03  -2.9716100e-04
   1.1306543e-01   1.9247837e-01  -1.6427632e+00  -1.0578514e-02   4.5412125e-03   3.3933303e-05
   1.8008621e-01   8.3352206e-02  -1.5578850e+00  -6.2017699e-03   3.5372560e-03  -1.4750412e-03
   1.3592231e-01   1.2585889e-01  -1.3623305e+00  -3.0567630e-03   3.7375968e-03  -6.8432826e-04
   1.4839029e-01   1.0543714e-01  -1.5013454e+00  -5.2515429e-03   3.7937230e-03  -5.1013735e-04
   1.4829581e-01   9.9706429e-02  -1.4891091e+00  -6.2070654e-03   2.7745839e-03  -4.8329665e-04
   1.3995793e-01   9.1721456e-02  -1.5944476e+00  -8.3594037e-03   3.3318044e-03  -2.0145834e-04
   1.5222661e-01   6.9028853e-02  -1.5239547e+00  -4.3877130e-03   3.3310101e-03  -6.9395876e-04
   1.4575375e-01   8.5889573e-02  -1.5743570e+00  -5.5583947e-03   3.1064875e-03  -5.9837562e-04
   1.4306941e-01   7.9660333e-02  -1.5859117e+00  -6.6015891e-03   3.9276560e-03  -6.0296121e-04
   1.0401930e-01   2.3139685e-01  -1.3633893e+00  -1.0745189e-02   3.1297189e-03   1.4998969e-03
   8.3897406e-02   1.8709321e-01  -1.4369549e+00  -4.7125533e-03   3.0601254e-03   1.6081796e-03
   1.0952445e-01   1.2524544e-01  -1.5042156e+00  -4.4322856e-03   2.1255733e-03   6.6043021e-04
   1.1422702e-01   2.2124716e-01  -1.5537208e+00  -7.0975654e-03   5.9999287e-04   2.2368183e-03
   1.0501114e-01   2.3255292e-01  -1.5703605e+00  -8.0087531e-03   9.9485733e-04   2.4583446e-03
   1.0677213e-01   2.2831716e-01  -1.6217325e+00  -8.9894411e-03   6.8540100e-04   2.3505098e-03
   1.0008366e-01   2.0263873e-01  -1.6090191e+00  -8.0611580e-03   5.3822201e-04   2.4195837e-03
   1.1613199e-01   2.1398271e-01  -1.6090058e+00  -7.7443973e-03   7.5204937e-04   2.2175800e-03
   1.0214618e-01   2.4434317e-01  -1.6132581e+00  -6.6980833e-03   6.4433238e-04   2.2374326e-03
   1.3261342e-01   2.0947986e-01  -1.5851134e+00  -7.5410862e-03   1.7248447e-03   1.5898989e-03
   1.3764476e-01   2.2586130e-01  -1.7035128e+00  -7.8796815e-03   1.3595581e-03   1.7947264e-03
   2.2138442e-01   3.2607372e-01  -1.7048872e+00  -2.3924297e-02   5.1319753e-03  -1.2216103e-03
   1.8646118e-01   3.1730513e-01  -1.3500547e+00  -1.6779740e-02  -1.9295907e-03  -8.0344344e-06
   1.7068215e-01   3.7420857e-01  -1.4301811e+00  -1.6364010e-02  -2.2895726e-03   2.9506769e-04
   1.5419712e-01   2.9924098e-01  -1.4605340e+00  -1.7345735e-02  -1.8817741e-03   3.0521339e-04
   1.4584288e-01   3.0335897e-01  -1.4797396e+00  -1.6466095e-02  -1.5971169e-03   2.3699576e-04
   1.5271694e-01   2.8473652e-01  -1.5166196e+00  -1.5722239e-02  -2.5193893e-03   4.2612944e-04
   1.6813383e-01   2.9427484e-01  -1.5398709e+00  -1.6102407e-02  -2.2740664e-03   1.9592354e-04
   1.4402899e-01   2.8746625e-01  -1.5865009e+00  -1.5764308e-02  -2.0887653e-03   4.1330920e-04
   1.4773855e-01   2.8563503e-01  -1.6355739e+00  -1.5930396e-02  -1.7992419e-03   6.2034749e-04
   1.5685722e-01   2.9752652e-01  -1.6341212e+00  -1.5743511e-02  -1.5870395e-03   4.6592327e-04
   1.4438883e-01   2.8759563e-01  -1.6263207e+00  -1.5761751e-02  -1.2212561e-03   3.7553628e-04
   1.4348041e-01   2.9541528e-01  -1.6379990e+00  -1.5555906e-02  -1.0446327e-03   2.5429877e-04
   1.6128127e-01   2.7756087e-01  -1.6780649e+00  -1.5598545e-02  -5.8241113e-04  -5.1311186e-04
   1.3520091e-01  -1.8633765e-02  -1.0784261e+00  -1.1787072e-02  -1.1071642e-03  -8.5164378e-04
   1.1395165e-01   5.9713535e-02  -1.6067656e+00  -1.0342320e-02   7.5675666e-03  -1.0546559e-03
  -2.0833361e-02   1.3103505e-01  -1.0788055e+00  -5.4613400e-03   9.0607266e-03   6.3125817e-04
   6.0471577e-02   1.1047899e-01  -1.5463672e+00  -6.3608132e-03   5.6527967e-03  -4.0402266e-04
   2.8632450e-02   7.5968167e-02  -1.5564294e+00  -4.8313860e-03   5.2852463e-03  -3.3824671e-04
   7.8786966e-02   8.1987185e-02  -1.5828668e+00  -5.2537498e-03   6.1331245e-03  -4.0326014e-04
   8.1022991e-02  -3.7935864e-02  -1.4133445e+00  -1.0817697e-02   1.2282893e-02  -3.5663430e-03
   1.7510812e-02   1.6784117e-01  -1.4824067e+00  -4.8689207e-03   7.3287035e-03  -2.4770914e-05
   5.6110553e-02   1.0845289e-01  -1.7098115e+00  -6.8982991e-03   6.8119674e-03  -1.0339963e-03
   5.0677075e-02   1.2264137e-01  -1.7108120e+00  -7.2447443e-03   6.3052451e-03  -7.9809847e-04
   6.3472695e-02   1.2726501e-01  -1.7565928e+00  -7.6547740e-03   7.4246566e-03  -1.0445299e-03
   7.2961723e-02   1.5596874e-01  -1.7895036e+00  -7.7748249e-03   6.9824914e-03  -1.2008247e-03
   3.8703436e-02   2.2497085e-01  -1.6376221e+00  -8.8375433e-03   2.1617720e-03   1.2069388e-03
   5.7989826e-02   2.4828794e-01  -1.6669195e+00  -7.6723389e-03   1.7003305e-03   1.2642924e-03
   6.2193078e-02   2.3589380e-01  -1.7227657e+00  -9.5636022e-03   2.3260220e-03   1.2326853e-03
   7.1543640e-02   2.4052966e-01  -1.8624394e+00  -1.0614631e-02   2.0397153e-03   1.1926843e-03
   7.1424930e-02   2.3618516e-01  -1.8101075e+00  -9.7417080e-03   1.5604567e-03   1.3610300e-03
   9.4795040e-02   1.9778102e-01  -1.7391481e+00  -7.5980056e-03   2.2569421e-03   5.0944385e-04
   8.3364811e-02   2.1925845e-01  -1.7545432e+00  -7.8294231e-03   2.8169765e-03   6.5136384e-04
   1.0939762e-01   1.8593455e-01  -1.8840379e+00  -1.0107275e-02   3.2014978e-03   3.3050393e-04
   1.1316646e-01   1.5466448e-01  -1.8613068e+00  -8.8464414e-03   1.9679134e-03   5.0393030e-04
   1.2727988e-01   1.0152719e-01  -1.6199558e+00  -3.0664230e-03   5.3858597e-03  -3.9281980e-04
   9.9595875e-02   1.4306990e-01  -1.7968094e+00  -6.3152244e-03   4.1002078e-03  -1.4300415e-05
   7.1002110e-02   2.7228698e-01  -1.9291313e+00  -1.3823640e-02   4.2469273e-03   9.4738050e-04
   8.8588214e-02   2.8853177e-01  -1.6322002e+00  -9.8131288e-03   2.4766602e-03   1.1776010e-03
   1.0612853e-01   2.8609013e-01  -1.6713696e+00  -1.0224269e-02   2.6874979e-03   8.8927996e-04
   1.1863124e-01   9.1277066e-03  -1.4615374e+00  -5.4680276e-04   5.8836027e-03  -1.4945114e-03
   1.0860523e-01   1.4501909e-01  -1.9622890e+00  -3.2703167e-03   4.8233994e-03  -5.2097434e-04
   1.0889848e-01   1.1590037e-01  -2.0898128e+00  -6.2489510e-03   5.2195623e-03  -1.2233556e-03
   1.0755829e-01   4.0280906e-02  -1.6824987e+00   1.1054312e-03   5.3522217e-03  -1.0063517e-03
   1.3679247e-01  -2.5686198e-02  -1.9964595e+00  -6.1141603e-03   6.7343342e-03  -2.2023225e-03
   1.2665081e-01   2.0844278e-01  -2.0109659e+00  -4.2830138e-03   6.4831384e-03  -5.7807162e-04
   1.5331928e-01   1.3531960e-01  -2.0381255e+00  -3.8873346e-03   6.1102208e-03  -1.2071826e-03
   1.5877330e-01   1.3759576e-01  -2.1121873e+00  -4.2895761e-03   5.6819848e-03  -1.2825821e-03
   1.9003912e-01   2.7335570e-02  -2.0517663e+00  -5.1696378e-04   6.1730753e-03  -2.5561630e-03
   1.4430477e-01   5.6603104e-02  -1.9887289e+00  -1.4207180e-03   5.1402805e-03  -1.1643211e-03
   1.5882869e-01   7.5494245e-02  -2.0328315e+00  -1.7357987e-03   5.0512008e-03  -1.3275455e-03
   1.4425469e-01   7.0754056e-02  -2.0170429e+00  -1.8103689e-03   5.2511403e-03  -1.1392091e-03
   1.5084257e-01   9.6566377e-02  -2.1079141e+00  -3.3243522e-03   5.2035730e-03  -1.0700703e-03
   1.5006232e-01   7.8931516e-02  -2.1244430e+00  -3.1549248e-03   4.9933770e-03  -1.0286217e-03
   1.5165085e-01   5.4662822e-02  -2.1002440e+00  -2.5707229e-03   4.9551102e-03  -9.9199429e-04
   1.5013274e-01   5.5995512e-02  -2.1237549e+00  -3.0111989e-03   5.1542033e-03  -1.1074218e-03
   1.4845247e-01   7.6551539e-02  -2.1300033e+00  -2.8718436e-03   5.3389092e-03  -1.1274434e-03
   1.5610114e-01   6.7848435e-02  -2.1399730e+00  -3.0724117e-03   5.3389511e-03  -1.2295146e-03
   1.4786566e-01   6.9859799e-02  -2.1361964e+00  -1.8524988e-03   5.0747579e-03  -1.0561629e-03
   1.4842045e-01   9.3000185e-02  -2.1912973e+00  -2.9827026e-03   4.9544244e-03  -9.3267250e-04
   1.4538147e-01   8.7863172e-02  -2.2371421e+00  -3.9451055e-03   4.6019524e-03  -9.4318233e-04
   1.4835398e-01   8.6900106e-02  -2.1795786e+00  -2.8417835e-03   4.9083625e-03  -1.0234776e-03
   1.5094004e-01   8.7891791e-02  -2.1796663e+00  -3.2011495e-03   4.8816668e-03  -8.9659968e-04
   1.5808633e-01   6.8466338e-02  -2.2016705e+00  -1.6622461e-03   4.8572325e-03  -1.0722467e-03
   1.4948676e-01   1.1303738e-01  -2.2686600e+00  -4.2105327e-03   5.0824104e-03  -1.0428656e-03
   1.4259313e-01   8.6520574e-02  -2.2713303e+00  -3.7064480e-03   4.7385543e-03  -1.0051276e-03
   1.4154196e-01   8.8646522e-02  -2.2967803e+00  -3.5842666e-03   4.9789337e-03  -9.2472230e-04
   1.3826851e-01   5.2862598e-02  -2.2782200e+00  -3.7586430e-03   4.9983765e-03  -1.1063410e-03
   1.3836566e-01   8.5465288e-02  -2.2685027e+00  -4.0367625e-03   5.1795436e-03  -9.8116303e-04
   1.6643160e-01   8.5883253e-02  -2.1750593e+00  -5.8250324e-03   4.9288785e-03  -1.2601969e-03
   1.5005577e-01   6.1552686e-02  -1.9254011e+00  -1.2502303e-05   8.2682312e-03  -1.1107263e-03
   1.4188984e-01   1.1167990e-01  -2.0163584e+00  -2.1939693e-03   6.9952793e-03  -1.0368251e-03
   1.5868137e-01   1.0877520e-01  -2.6524502e+00  -5.1262504e-03   6.5345603e-03  -9.0606107e-04
   1.1394188e-01   3.8559975e-01  -2.6124648e+00  -1.2105555e-02   3.3673884e-03   3.3209423e-04
   1.2967104e-01   3.9806000e-01  -2.4628002e+00  -1.1213565e-02   3.1023724e-03   4.3618836e-04
   1.7277806e-01   4.0450812e-01  -2.6456709e+00  -1.3832104e-02   3.1145147e-03   3.6435892e-04
   1.3485303e-01   3.5580468e-01  -2.5193920e+00  -1.1381933e-02   3.7691517e-03   4.5634482e-04
   1.3467754e-01   3.6203657e-01  -2.4932058e+00  -1.1249393e-02   4.0092344e-03   3.6601400e-04
   1.3163779e-01   3.5473704e-01  -2.5002515e+00  -1.1610615e-02   3.1884384e-03   4.8963031e-04
   1.2554878e-01   3.4834942e-01  -2.5254424e+00  -1.1978595e-02   3.2250227e-03   5.3351674e-04
   1.3992988e-01   3.4101017e-01  -2.4741670e+00  -1.0922774e-02   3.9655936e-03   9.0550315e-05
   1.4642139e-01   3.2669621e-01  -2.5854436e+00  -1.6187178e-02   3.7355918e-03   5.7907246e-04
   1.4994775e-01   6.5631040e-02  -1.2899011e+00  -1.1234212e-02   4.6060276e-03  -1.0870396e-03
   6.8104103e-02   6.0455390e-02  -1.0219363e+00  -3.0635529e-03   7.5155535e-03  -2.4071792e-05
   9.9541257e-02   3.9514297e-01  -1.4036465e+00  -1.3637691e-02   9.2215574e-03  -1.7744243e-04
   2.1921948e-02   3.3452148e-01  -1.3549970e+00  -1.4153328e-02   5.5527990e-03   1.5935031e-03
   3.8732953e-02   3.3502764e-01  -1.3295746e+00  -1.3821728e-02   5.2177567e-03   1.3735445e-03
   3.9203953e-02   2.8504374e-01  -1.3891537e+00  -1.4699086e-02   4.8555143e-03   2.4960797e-03
   3.2638591e-02   1.8704487e-01  -1.3359043e+00  -1.0766219e-02   6.5800056e-03   2.0576855e-03
   3.1536300e-02   2.1423588e-01  -1.3561666e+00  -1.1151359e-02   7.1194211e-03   1.7681579e-03
   4.3350203e-02   1.8601363e-01  -1.3743307e+00  -1.1512842e-02   7.6838589e-03   1.4591678e-03
   3.5916667e-02   1.8124792e-01  -1.4927832e+00  -1.1819490e-02   8.0195215e-03   1.6891445e-03
   5.4997097e-02   1.6225167e-01  -1.4243652e+00  -1.0672749e-02   7.9144061e-03   1.4642604e-03
   5.4983736e-02   1.6189663e-01  -1.4589161e+00  -9.9635781e-03   7.4697552e-03   1.3141388e-03
   6.2646743e-02   1.8797895e-01  -1.5527841e+00  -1.1228062e-02   7.0611808e-03   1.1667240e-03
   5.4414464e-02   1.9836122e-01  -1.5380974e+00  -1.2019993e-02   7.8401945e-03   1.4765530e-03
   7.6584120e-02   3.0824559e-01  -1.5818200e+00  -1.3707771e-02   6.2872614e-03   1.5472370e-03
   7.3728254e-02   2.8943472e-01  -1.5722457e+00  -1.4450727e-02   4.5561427e-03   2.2381682e-03
   8.2979738e-02   3.1350716e-01  -1.5340797e+00  -1.3624912e-02   4.3756380e-03   2.0636521e-03
   7.3594523e-02   2.5231548e-01  -1.5395456e+00  -1.3620927e-02   4.3435371e-03   2.3175466e-03
   8.5355287e-02   2.8969247e-01  -1.5292017e+00  -1.4098491e-02   5.4874994e-03   2.3474569e-03
   1.0292278e-01   3.3401356e-01  -1.5559950e+00  -1.2375219e-02   4.6321383e-03   2.3294153e-03
   3.6923715e-02   1.2604097e-01  -1.2314024e+00  -1.8977367e-03   9.0443112e-03   1.2066079e-03
   9.5440684e-02   1.7181225e-01  -1.6359158e+00  -5.6577396e-03   6.3455032e-03   4.7506393e-04
   1.1186687e-01   1.2803486e-01  -1.7224973e+00  -6.7775192e-03   5.9580088e-03   6.0814612e-04
   9.5680676e-02   1.6748527e-01  -1.7613096e+00  -6.0873990e-03   5.8513800e-03   8.2229000e-04
   1.1009171e-01   1.7924611e-01  -1.7829215e+00  -6.6069978e-03   5.8186135e-03   6.2437990e-04
   1.0453783e-01   1.7014777e-01  -1.8209472e+00  -7.4340955e-03   6.0774557e-03   6.4027097e-04
   8.5972351e-02   3.9786917e-01  -1.7330957e+00  -1.4807588e-02   2.0413726e-03   1.8521060e-03
   1.0055324e-01   3.6184981e-01  -1.5714832e+00  -1.1573192e-02   3.1271758e-03   1.7878218e-03
   9.8540518e-02   3.3109446e-01  -1.6506230e+00  -1.2832546e-02   2.9899210e-03   1.6747249e-03
   8.3604143e-02   3.0764663e-01  -1.6575932e+00  -1.1782675e-02   3.0611210e-03   1.7937695e-03
   9.1312964e-02   3.0245489e-01  -1.7425665e+00  -1.3036793e-02   3.0860646e-03   1.5273984e-03
   7.9983985e-02   3.4169496e-01  -1.7362981e+00  -1.1925963e-02   2.5774599e-03   1.8156614e-03
   8.3237790e-02   3.3522313e-01  -1.7397238e+00  -1.2006476e-02   2.7617377e-03   1.7634106e-03
   8.2648034e-02   3.5144016e-01  -1.7722210e+00  -1.2297681e-02   3.0248838e-03   1.6601000e-03
   8.7069537e-02   3.2614774e-01  -1.7763955e+00  -1.1333408e-02   3.0301225e-03   1.5574303e-03
   8.5451830e-02   3.6004014e-01  -1.8323243e+00  -1.2617985e-02   3.1721247e-03   1.6466884e-03
   1.1736044e-01   2.2273321e-01  -1.9130519e+00  -1.5857857e-02   1.8391036e-03   1.2767873e-03
   1.3670451e-01   1.6251925e-01  -1.5636499e+00  -6.8020831e-03   4.0453643e-03   5.5736403e-04
   9.1203932e-02   3.1539261e-01  -1.6509182e+00  -1.3274801e-02   6.0502853e-03   2.9783182e-04
   1.0026145e-01   2.8607300e-01  -1.4928625e+00  -1.0360800e-02   4.1704513e-03   9.7456667e-04
   5.7947198e-02   2.2938976e-01  -1.2001768e+00   5.6834546e-03   4.4693280e-03   8.2534275e-04
   1.4697304e-01   1.1319920e-01  -2.0998967e+00  -4.0776762e-03   7.2666551e-03  -9.0021819e-04
   1.4539337e-01   9.7599863e-02  -2.1434866e+00  -4.4021758e-03   6.5094067e-03  -1.1436404e-03
   1.5443203e-01   1.2051366e-01  -2.2107511e+00  -5.1055907e-03   6.5959202e-03  -1.4678501e-03
   1.5302859e-01   1.1130986e-01  -2.3184923e+00  -7.1071354e-03   6.4452476e-03  -1.1762489e-03
   1.4294474e-01   1.1051795e-01  -2.2547251e+00  -5.5614307e-03   7.2632710e-03  -1.4842028e-03
   1.8694750e-01   1.0695388e-01  -2.2185691e+00  -4.9600687e-03   6.5385042e-03  -2.3072083e-03
   1.7396504e-01   1.0375084e-01  -2.1817535e+00  -2.5829384e-03   7.2330932e-03  -2.0681347e-03
   1.5607382e-01   1.0088243e-01  -2.2235999e+00  -5.0013365e-03   7.7239528e-03  -1.9385809e-03
   1.4814774e-01   9.8340564e-02  -2.2375535e+00  -4.5249051e-03   7.3080554e-03  -1.8709380e-03
   1.4416782e-01   2.5566293e-01  -2.4019076e+00  -1.1212816e-02   6.9283015e-03  -1.2097507e-03
   1.4089468e-01   1.9757628e-01  -2.2577237e+00  -7.6322991e-03   4.7709179e-03  -7.0674210e-04
   1.3258404e-01   2.5261221e-01  -2.2746361e+00  -8.3981334e-03   5.2869623e-03  -6.9597298e-04
   1.2510943e-01   1.7364789e-01  -2.2930224e+00  -8.6881307e-03   5.0704781e-03  -5.1916157e-04
   1.1296578e-01   1.4181294e-01  -2.1418341e+00  -3.7049506e-03   4.3885212e-03  -6.4813066e-05
   1.2842392e-01   1.8385785e-01  -2.2447035e+00  -5.1936753e-03   6.2565872e-03  -3.1275935e-04
   1.1753854e-01   1.7098573e-01  -2.3042574e+00  -6.6948953e-03   5.6600973e-03  -3.5687730e-04
   1.2571645e-01   1.1569196e-01  -2.2000759e+00  -3.6253334e-03   6.0544799e-03  -8.0125138e-04
   1.4680576e-01   1.3188928e-01  -2.2891818e+00  -4.2285278e-03   5.6381853e-03  -1.1807948e-03
   1.6900845e-01   1.1190811e-01  -2.3344479e+00  -4.5584542e-03   5.7961946e-03  -1.6481869e-03
   1.1533417e-01   1.0629851e-01  -2.0435669e+00  -5.6900602e-04   5.3499800e-03  -1.1155357e-03
   1.3348345e-01   1.0019314e-01  -2.2764074e+00  -2.4953965e-03   5.6681236e-03  -1.2848788e-03
   1.2696624e-01   1.1713892e-01  -2.3175711e+00  -3.3228304e-03   5.7801670e-03  -1.2341545e-03
   1.2226186e-01   9.4645516e-02  -2.4052302e+00  -4.2710133e-03   5.1449820e-03  -1.1825656e-03
   1.2774523e-01   1.5076227e-01  -2.4123138e+00  -4.6270385e-03   5.2477460e-03  -1.1844880e-03
   1.3073735e-01   1.2973769e-01  -2.4085456e+00  -4.5129165e-03   5.2980769e-03  -1.1956217e-03
   1.2439755e-01   1.4440068e-01  -2.4288382e+00  -5.0850201e-03   5.3080128e-03  -9.9281655e-04
   2.3430890e-01   1.4539145e-01  -2.2407435e+00  -4.5294737e-03   3.5136134e-03  -2.3287187e-03
   2.2492304e-01   1.1243844e-01  -2.2425026e+00  -2.2935515e-03   4.2918128e-03  -2.3414613e-03
   2.1437082e-01   1.0676420e-01  -2.2618059e+00  -4.1725513e-03   5.2507400e-03  -2.3858837e-03
   2.0647837e-01   1.2132970e-01  -2.3145561e+00  -3.8448961e-03   4.5826847e-03  -1.8901714e-03
   1.8772424e-01   1.2747940e-01  -2.3219022e+00  -3.9947734e-03   4.7477301e-03  -1.9008701e-03
   1.8029801e-01   9.0729180e-02  -2.3495165e+00  -3.7849095e-03   5.0249655e-03  -1.9911125e-03
   1.5773757e-01   1.2354890e-01  -2.4111538e+00  -4.7898983e-03   5.0790151e-03  -1.2635635e-03
   2.3051322e-01   6.3330935e-02  -1.9631247e+00  -3.3678822e-03   2.7791007e-03  -1.8352439e-03
   1.3085233e-01   1.0971047e-01  -1.7544884e+00  -1.2920325e-03   7.1497188e-03  -1.0322907e-03
   1.2494096e-01   1.2296422e-01  -1.9452158e+00  -2.6007082e-03   6.5107130e-03  -8.9163659e-04
   1.3349182e-01   5.8253170e-02  -1.9668116e+00  -1.7859486e-03   7.1473350e-03  -1.4357411e-03
   1.0400124e-01   8.2475678e-02  -1.9907762e+00  -2.8007732e-03   6.2729998e-03  -9.1902717e-04
   1.1692940e-01   6.4568284e-02  -2.0765950e+00  -3.3325766e-03   5.9472968e-03  -9.6740144e-04
   1.1298867e-01   9.9628583e-02  -2.1863263e+00  -2.9985063e-03   5.8261527e-03  -1.0265505e-03
   1.2157423e-01   1.0957976e-01  -2.3134827e+00  -3.8362571e-03   6.2250056e-03  -1.2386235e-03
   1.2430032e-01   1.1706098e-01  -2.3795514e+00  -5.8477890e-03   6.0985594e-03  -1.1953391e-03
   9.2330600e-02   1.7767923e-01  -2.3333938e+00  -8.0396769e-03   9.5637556e-03  -2.0277213e-03
   1.1994775e-01   1.5172149e-01  -2.3640793e+00  -6.7584109e-03   8.7100856e-03  -2.6836742e-03
   1.2435305e-01   1.4578220e-01  -2.3883527e+00  -5.8308691e-03   7.7439596e-03  -2.1224100e-03
   1.2524034e-01   1.3103333e-01  -2.3962967e+00  -5.7698652e-03   7.8726369e-03  -2.2728866e-03
   1.4613993e-01   1.8224619e-01  -2.4671535e+00  -7.3845055e-03   7.6443820e-03  -2.2596266e-03
   1.5773035e-01   1.2932883e-01  -2.3743546e+00  -5.6755803e-03   8.6602491e-03  -2.7598035e-03
   1.2647210e-01   1.4819826e-01  -2.4048417e+00  -6.8636145e-03   8.2675178e-03  -2.3081631e-03
   1.2147184e-01   1.1798665e-01  -2.4045938e+00  -6.4448214e-03   8.1377916e-03  -2.2603115e-03
   1.2628849e-01   1.2242515e-01  -2.3603583e+00  -5.5873331e-03   8.6262837e-03  -2.4760823e-03
   1.1724067e-01   1.5755509e-01  -2.3701048e+00  -6.4304050e-03   8.1466717e-03  -2.3030232e-03
   1.4150947e-01   9.5568024e-02  -2.4772671e+00  -1.0869516e-02   6.8484706e-03  -1.8586967e-03
   1.4914960e-01   8.1682149e-02  -2.3732861e+00  -4.0157700e-03   7.7685670e-03  -2.3756924e-03
   1.5477792e-01   1.5587241e-01  -2.3941822e+00  -5.5520622e-03   8.1838721e-03  -3.3432166e-03
   1.2283930e-01   1.4102718e-01  -2.3836995e+00  -5.9276502e-03   1.0091300e-02  -3.3664846e-03
   1.1556111e-01   1.3886662e-01  -2.4070097e+00  -6.2798227e-03   9.7705971e-03  -3.2825471e-03
   7.9134863e-02   3.1383999e-01  -2.1699450e+00  -8.5418472e-03   4.9966112e-03  -2.2270913e-04
   8.3837769e-02   1.7753108e-01  -2.1622083e+00  -4.3647686e-03   8.2500428e-03  -1.9253539e-04
   8.0137026e-02   1.8562659e-01  -2.2773620e+00  -5.1157319e-03   7.6723134e-03  -6.4526748e-04
   8.8773341e-02   1.8539143e-01  -2.4240231e+00  -6.0907230e-03   7.3190553e-03  -5.9760532e-04
   8.0748231e-02   2.5406418e-01  -2.5841533e+00  -8.7729403e-03   6.7840449e-03  -5.0635296e-04
   7.8562540e-02   2.1013671e-01  -2.6416274e+00  -9.4567375e-03   6.4277636e-03  -5.2623914e-04
   1.0018637e-01   1.9072170e-01  -2.6132390e+00  -8.7345245e-03   6.8835388e-03  -8.5159134e-04
   1.0586809e-01   2.1624089e-01  -2.6180529e+00  -8.0191193e-03   6.5324959e-03  -6.9141921e-04
   9.7205351e-02   1.9579557e-01  -2.6113177e+00  -7.6156524e-03   6.6052851e-03  -8.6314715e-04
   9.3664479e-02   1.7360100e-01  -2.6198848e+00  -8.1705794e-03   6.7194311e-03  -9.3902292e-04
   8.4181314e-02   2.2733706e-01  -2.6594455e+00  -8.3950903e-03   6.1927199e-03  -7.3425762e-04
   1.0837155e-01   2.0382864e-01  -2.6478291e+00  -7.8009397e-03   5.9173070e-03  -1.0521908e-03
   7.7066928e-02   2.8217216e-01  -2.8517462e+00  -2.2033321e-02   7.6176211e-03   2.3394387e-04
   1.0326700e-01   1.5946421e-01  -1.9760168e+00  -5.8763444e-03   4.1801707e-03  -1.8968498e-04
   1.0030432e-01   1.9986130e-01  -2.0898901e+00  -7.3419642e-03   5.0538338e-03  -2.1484763e-04
   1.0032010e-01   1.6570711e-01  -2.2380897e+00  -1.1810572e-02   5.2763520e-03  -3.8685281e-04
   1.1571059e-01   9.6331808e-02  -2.1730721e+00  -6.3273793e-03   6.4003236e-03  -6.5408989e-04
   9.4015321e-02   1.7544424e-01  -2.2200406e+00  -7.3077666e-03   6.0992971e-03  -3.8171767e-04
   8.4287880e-02   1.0299181e-01  -2.2434182e+00  -6.7046199e-03   5.9345024e-03  -6.5175609e-04
   9.5841900e-02   1.7167323e-01  -2.3061272e+00  -7.2643921e-03   5.4771769e-03  -4.3301230e-04
   9.7780095e-02   1.6837694e-01  -2.3209211e+00  -7.7769691e-03   5.3424094e-03  -4.8932713e-04
   1.2455032e-01   1.4995653e-01  -2.2765370e+00  -5.0155189e-03   5.8959129e-03  -9.7640676e-04
   9.8355663e-02   1.6916888e-01  -2.3310588e+00  -7.2956010e-03   5.6434435e-03  -6.8764877e-04
   1.0548265e-01   1.4296623e-01  -2.3621802e+00  -6.5860427e-03   5.1197847e-03  -8.1729020e-04
   1.3900973e-01   2.5408860e-01  -2.4311876e+00  -1.1522049e-02   2.0471736e-03   2.4021947e-04
   1.3125638e-01   1.7797350e-01  -2.3007388e+00  -5.3124296e-03   3.9670312e-03  -2.0951809e-04
   1.1124153e-01   2.3327681e-01  -2.3499869e+00  -7.1297337e-03   4.1774491e-03  -2.8238809e-04
   9.0380164e-02   2.1605952e-01  -2.3895349e+00  -7.5887070e-03   3.9006642e-03  -1.1902628e-04
   8.4852400e-02   2.2505382e-01  -2.4149036e+00  -7.7930499e-03   4.4455147e-03  -1.0799026e-04
   1.1630157e-01   1.5599494e-01  -2.4318221e+00  -7.2186934e-03   4.9390823e-03  -6.3934731e-04
   1.6297250e-01   5.2866741e-02  -2.0433838e+00  -2.1117276e-03   3.0402821e-03  -1.1540675e-03
   1.5553332e-01   1.3256910e-01  -2.1721223e+00  -4.5258374e-03   3.0212172e-03  -1.1214046e-03
   1.4340733e-01   9.4937417e-02  -2.1544296e+00  -5.3358593e-03   3.9224232e-03  -1.1961067e-03
   1.3637596e-01   1.4574207e-01  -2.2056992e+00  -5.3458664e-03   4.2415692e-03  -1.1822064e-03
   1.3729068e-01   1.9475091e-01  -2.2212928e+00  -6.3194318e-03   4.4404383e-03  -9.9163647e-04
   1.4240535e-01   7.5860830e-02  -2.1886266e+00  -5.1952623e-03   4.6252821e-03  -1.3111434e-03
   1.5627007e-01   1.5123397e-01  -2.2962523e+00  -6.2170273e-03   3.6951762e-03  -1.2148992e-03
   1.4603599e-01   1.2855680e-01  -2.2890538e+00  -5.8854118e-03   3.5658827e-03  -1.0105480e-03
   1.7633516e-01   1.1866155e-01  -2.4829187e+00  -1.4335460e-02   2.4071421e-03  -9.1571350e-04
   1.2635906e-01  -8.4257329e-02  -1.4734986e+00  -7.0498272e-03   9.3352325e-03  -2.1981515e-03
   7.9616454e-02   8.6929387e-02  -1.0532757e+00   5.0973519e-03   4.2315721e-03  -5.1902227e-04
   3.2756860e-02   2.5332117e-02  -1.4004543e+00   1.6718835e-03   4.3158905e-03  -1.1511948e-04
   5.3696703e-02  -1.1115285e-02  -1.7001016e+00   3.6745632e-04   3.4487849e-03  -6.7399893e-04
   5.3467926e-02   2.5290029e-02  -1.7743692e+00  -2.1342735e-03   2.1537254e-03  -3.5509654e-04
   4.6796987e-02   1.9892425e-02  -1.6666382e+00  -1.2141021e-03   3.8011500e-03  -4.1381435e-04
   6.5335597e-02   4.8688606e-02  -1.7252844e+00  -2.8568643e-03   3.2790510e-03  -1.6119263e-04
   6.6805848e-02   8.8196636e-03  -1.6743405e+00  -2.3480666e-03   3.9904089e-03  -3.3363984e-04
   7.2879599e-02   1.1939819e-02  -1.7039117e+00  -2.6876596e-03   4.3955758e-03  -3.6323957e-04
   7.3650216e-02   4.4378596e-02  -1.7114056e+00  -2.0736292e-03   4.2985369e-03  -3.5435332e-04
   7.5577416e-02   5.3128359e-02  -1.7849561e+00  -3.0131800e-03   4.0371941e-03  -3.3024486e-04
   8.4707821e-02   7.1098337e-02  -1.8067566e+00  -3.4233894e-03   3.4498154e-03  -3.9823584e-04
   8.0374083e-02   6.2578022e-02  -1.8200642e+00  -3.6585149e-03   3.4631622e-03  -3.2135799e-04
   9.4632639e-02   6.7145073e-02  -1.8267748e+00  -4.4084384e-03   4.8106626e-03  -7.4447426e-04
   8.6259970e-02   7.3731689e-02  -1.7948707e+00  -3.0525636e-03   4.9892884e-03  -5.9286797e-04
   9.2039566e-02   3.5328590e-02  -1.7759759e+00  -2.4271564e-03   5.2537577e-03  -5.9407027e-04
   8.5085421e-02   7.8566160e-02  -1.8146065e+00  -3.5734127e-03   4.6978247e-03  -5.6945685e-04
   8.7089076e-02   8.1185125e-02  -1.9627862e+00  -8.8327599e-04   2.5130346e-03  -3.1464365e-04
   1.0193709e-01   1.0092394e-01  -2.0682725e+00  -4.1414405e-03   2.9119981e-03  -5.7094211e-04
   9.1272263e-02   2.1060297e-01  -1.9564049e+00  -6.1595903e-03  -2.5362489e-03   1.6393646e-03
   1.4849310e-01   2.3255389e-01  -2.0652142e+00  -5.7018195e-03  -3.4716940e-03   1.2281916e-03
   1.3284131e-01   1.9311984e-01  -2.0714034e+00  -5.6736641e-03  -2.8518222e-03   1.1165503e-03
   1.1432566e-01   1.9154594e-01  -2.1095326e+00  -6.5247053e-03  -2.5382837e-03   1.0779431e-03
   1.2063104e-01   1.8529125e-01  -2.0807299e+00  -6.1517314e-03  -1.9235464e-03   9.8812719e-04
   1.0992307e-01   1.5363194e-01  -2.0699206e+00  -5.1362740e-03  -1.6897160e-03   1.1502109e-03
   1.1226077e-01   2.1118716e-01  -2.1917902e+00  -7.1504598e-03  -1.7251923e-03   1.2704006e-03
   1.1718552e-01   1.7137435e-01  -2.1261415e+00  -6.3228800e-03  -1.1040108e-03   7.9912126e-04
   1.1020524e-01   1.8026438e-01  -2.1657205e+00  -5.1314749e-03  -1.5258369e-03   1.1705926e-03
   1.1549476e-01   1.7345765e-01  -2.1084170e+00  -4.4330894e-03   3.4298094e-04   1.7251173e-04
   8.9358275e-02   1.2740828e-01  -2.3077671e+00  -1.9487722e-02   5.3133948e-03   6.0098476e-04
   4.9685710e-02   6.0611133e-02  -1.6969499e+00  -1.1202525e-02   3.9370887e-03   2.3640252e-04
   9.2566479e-02   6.0161961e-02  -1.7537466e+00  -1.4203207e-02   3.6118482e-03   1.6496962e-04
   4.8309473e-02   3.6945501e-02  -1.4217768e+00  -6.4020766e-04   4.3640484e-03   9.9625255e-05
   6.2146466e-02   4.4857260e-02  -1.6969558e+00  -3.6263847e-03   2.9300269e-03   1.1677153e-04
   7.7148898e-02   5.8467101e-02  -1.7407333e+00  -5.4048630e-03   3.1316133e-03  -4.2950914e-04
   6.9516830e-02   7.4405010e-02  -1.8011696e+00  -5.7993404e-03   3.2974483e-03  -4.1629690e-04
   7.2776576e-02   7.5186057e-02  -1.8317015e+00  -6.0358300e-03   3.5133615e-03  -1.0058771e-04
   8.4770808e-02   9.5814412e-02  -1.8288441e+00  -5.2172531e-03   3.6163489e-03  -3.3593229e-04
   8.3296294e-02   1.0102175e-01  -1.9011231e+00  -5.8885438e-03   3.6627547e-03  -3.3427042e-04
   7.4320085e-02   1.1385456e-01  -1.9190463e+00  -6.5997681e-03   4.3928442e-03  -3.2212192e-04
   7.3642076e-02   1.1399983e-01  -1.9364596e+00  -6.3956159e-03   3.7699848e-03  -1.6959576e-04
   7.8380583e-02   1.0370932e-01  -1.9625005e+00  -6.8497459e-03   3.7042557e-03  -2.3060216e-04
   8.5367378e-02   9.3002033e-02  -1.9592414e+00  -5.6734603e-03   3.8181703e-03  -4.6117941e-04
   7.0402856e-02   1.1339612e-01  -2.0145010e+00  -7.1414865e-03   3.4950272e-03  -6.8520603e-05
   8.4791664e-02   1.1961277e-01  -1.9774909e+00  -6.1466339e-03   3.6921177e-03  -1.1405379e-04
   9.0127997e-02   7.0452489e-02  -2.0337160e+00  -6.1135661e-03   4.2604162e-03  -4.3405598e-04
   8.3476740e-02   1.2110505e-01  -2.0342718e+00  -6.2097892e-03   4.1847927e-03  -5.0207368e-04
   8.2851240e-02   1.2880918e-01  -2.0768582e+00  -6.4422732e-03   4.4315677e-03  -3.2780439e-04
   8.9104133e-02   8.5714707e-02  -2.0283849e+00  -5.8065422e-03   4.8221227e-03  -4.3344121e-04
   1.0236792e-01   1.0821280e-01  -2.1281087e+00  -6.1758632e-03   4.4376298e-03  -6.0464364e-04
   9.9838911e-02   1.2090571e-01  -2.1361046e+00  -5.7970996e-03   3.9315882e-03  -5.4323840e-04
   1.0722382e-01   9.9679152e-02  -2.1501010e+00  -6.0017100e-03   3.8261064e-03  -6.5086245e-04
   1.1063805e-01   1.0162543e-01  -2.2053947e+00  -5.7352714e-03   3.6184951e-03  -5.0185630e-04
   1.1915418e-01   1.2066405e-01  -2.1846914e+00  -4.8589597e-03   3.5865342e-03  -7.1698693e-04
   1.6982801e-01   6.7793486e-02  -2.6733233e+00  -1.7278197e-02   3.2303836e-03  -4.2845481e-04
   8.1829374e-02   3.5667962e-01  -2.4536542e+00  -1.4165861e-02   1.9029789e-03   1.0391794e-03
   7.5615033e-02   3.7428671e-01  -2.3605095e+00  -1.2097538e-02  -2.2978104e-03   1.6910804e-03
   7.1909982e-02   3.0715175e-01  -2.3412277e+00  -1.1181473e-02  -2.4438537e-03   1.4206871e-03
   7.2289561e-02   2.8538239e-01  -2.3389050e+00  -1.1536376e-02  -1.7683310e-03   1.5439113e-03
   7.9494981e-02   2.6909305e-01  -2.3395240e+00  -1.1602956e-02  -9.6228260e-04   1.2223668e-03
   7.5517179e-02   2.3355580e-01  -2.2836494e+00  -8.8960285e-03  -3.4194588e-04   1.1777833e-03
   6.7035019e-02   2.5641490e-01  -2.3472510e+00  -1.0445839e-02  -3.4664114e-04   1.3100574e-03
   6.0342007e-02   2.4857237e-01  -2.3754051e+00  -1.0434182e-02  -7.3599263e-04   1.2965934e-03
   7.9706039e-02   2.4755262e-01  -2.3780369e+00  -1.0675447e-02  -4.8097304e-05   1.1557473e-03
   8.9629048e-02   2.5619288e-01  -2.4176203e+00  -1.0777535e-02  -1.6996172e-04   1.0538061e-03
   7.2780912e-02   2.0819364e-01  -2.5069502e+00  -1.3582983e-02  -8.7830306e-04   1.0441237e-03
   1.0522951e-01   1.5632236e-01  -2.4485910e+00  -7.1515490e-03   7.0062241e-04   1.6199130e-04
   1.2433785e-01   1.3921900e-01  -1.7447397e+00  -7.1789846e-03  -5.7652410e-03   2.7256232e-05
   5.7199671e-02   1.8937873e-01  -1.8336316e+00  -6.1287869e-03  -1.4292588e-03   9.2789233e-04
   7.0269035e-02   1.9006304e-01  -2.0276670e+00  -7.5459833e-03  -1.4511169e-03   6.5276249e-04
   7.8067847e-02   1.7664891e-01  -2.1050923e+00  -8.4845193e-03  -8.7469013e-04   4.5821400e-04
   8.6157065e-02   1.9051302e-01  -2.1873068e+00  -9.5545480e-03  -5.5199627e-04   1.4776659e-04
   9.3812268e-02   1.2603943e-01  -2.1493967e+00  -7.8500298e-03  -8.4884554e-04   2.2025075e-04
   7.6448795e-02   1.7113790e-01  -2.1798740e+00  -7.5650946e-03   1.0384662e-04   4.0032657e-04
   1.4049925e-01   1.6135886e-01  -2.1998129e+00  -5.4696207e-03  -8.6144245e-04  -3.3493131e-06
   1.4815398e-01   1.5189584e-01  -2.1607569e+00  -4.6222891e-03  -8.4470153e-04  -2.3461974e-04
   1.3672867e-01   1.1552514e-01  -2.0774859e+00  -2.6713744e-03  -1.2076510e-03  -6.0667546e-05
   1.5167638e-01   8.2336413e-02  -2.0241068e+00  -2.7102838e-03  -8.3983597e-04  -6.3518712e-04
   1.1852865e-01   2.8741409e-01  -2.2913686e+00  -1.1995040e-02  -2.0032936e-03   1.8496211e-03
   9.4749621e-02   3.0389798e-01  -2.3504979e+00  -9.4090851e-03  -5.1580557e-03   2.3266325e-03
   1.1635526e-01   3.2564323e-01  -2.3967759e+00  -1.1071916e-02  -4.7145166e-03   1.9677637e-03
   1.0762613e-01   3.1244686e-01  -2.3970512e+00  -1.1034862e-02  -4.5784096e-03   2.0274834e-03
   9.1864156e-02   3.3563845e-01  -2.4083856e+00  -1.1367917e-02  -4.1627965e-03   2.1975844e-03
   1.0513546e-01   3.0281454e-01  -2.4006191e+00  -1.0454286e-02  -4.4044689e-03   2.0785458e-03
   9.3992041e-02   3.4898974e-01  -2.4250172e+00  -1.2377005e-02  -3.1756303e-03   2.0633782e-03
   8.9355340e-02   3.3559745e-01  -2.4984262e+00  -1.2400456e-02  -3.6836963e-03   1.9620938e-03
   8.1701890e-02   3.3306446e-01  -2.5183784e+00  -1.2278014e-02  -4.1329065e-03   2.3291259e-03
   9.3076747e-02   3.2790907e-01  -2.4991193e+00  -1.1867280e-02  -3.9116742e-03   1.9475287e-03
   9.9377528e-02   3.0378590e-01  -2.5393003e+00  -1.2614068e-02  -3.2316832e-03   1.8531678e-03
   1.4828316e-01   3.7443602e-01  -2.2796178e+00  -1.7136290e-02  -2.0501936e-03   1.6558186e-03
   1.2307777e-01   4.9248883e-02  -1.8251938e+00  -8.3740937e-03   1.8825052e-03  -2.6084130e-04
   1.5700423e-03   1.5353722e-01  -1.9712092e+00  -7.1412052e-03   8.7211707e-05   1.2958773e-03
   2.3475233e-02   1.4534474e-01  -2.0574506e+00  -6.7219479e-03  -5.6867177e-04   9.6200507e-04
   2.2002334e-02   1.7043312e-01  -2.1225352e+00  -8.6407334e-03  -7.3216906e-04   9.2678992e-04
   2.4534411e-02   1.1184089e-01  -2.1166606e+00  -8.1077155e-03  -2.4144406e-04   1.0192244e-03
   7.8821972e-02   6.9605884e-02  -2.2097980e+00  -4.1101234e-03   2.9326435e-03  -1.5712861e-04
   8.3344574e-02   1.3559429e-01  -2.2271662e+00  -3.9872796e-03   2.8206406e-03  -6.5279280e-05
   9.5639900e-02   1.0023368e-01  -2.2068274e+00  -3.3915745e-03   3.4095553e-03  -2.7574403e-04
   1.0838226e-01   1.5536579e-01  -2.2824184e+00  -5.2362740e-03   2.9744138e-03  -2.8963748e-04
   9.6339095e-02   9.7789505e-02  -2.2377568e+00  -4.6229015e-03   3.7383866e-03  -3.9502751e-04
   1.1201108e-01   2.2579458e-01  -2.3991880e+00  -1.1325084e-02   4.6835642e-03  -1.3188029e-03
   6.7347605e-02   2.5537847e-01  -2.3064380e+00  -6.4589433e-03   5.6760794e-04   1.6306316e-03
   7.0676569e-02   2.6764507e-01  -2.3722367e+00  -6.9900942e-03   8.9859186e-04   1.2451443e-03
   1.0952349e-01   1.8599054e-01  -2.4913771e+00  -1.6594120e-02   1.9410742e-03   7.9059628e-04
   6.3926114e-02   1.4965605e-01  -1.7332997e+00  -9.1021348e-03   5.0533834e-03   7.7665803e-04
   2.8918869e-02   2.0186348e-01  -2.2426171e+00  -8.5055709e-03  -2.2163562e-04   1.0488048e-03
   5.7847561e-02   2.0272514e-01  -2.2994230e+00  -8.5686451e-03  -1.1286118e-03   9.2408441e-04
   5.4699761e-02   2.1739689e-01  -2.3793954e+00  -1.1014730e-02   1.2453749e-04   3.0488761e-04
   2.9469182e-02   1.6056111e-01  -2.2951567e+00  -9.1701947e-03  -1.1832189e-04   7.2140523e-04
   4.8867703e-02   1.7316540e-01  -2.2696227e+00  -8.4734792e-03   5.7771727e-05   1.2509268e-03
   8.6879187e-02   1.8196592e-01  -2.3091891e+00  -9.2117733e-03   2.2945343e-03  -5.6102191e-04
   1.1428656e-01   1.8432946e-01  -2.3478032e+00  -1.3138639e-02   4.6404497e-03  -1.3206668e-03
   6.3890360e-02  -9.5244685e-02  -2.2395884e+00  -9.3261711e-03   4.7872711e-03   1.3961299e-04
   6.5467741e-02  -7.2396772e-02  -2.4342435e+00   2.7256963e-03   8.4066203e-04   2.3703615e-03
   5.4032562e-02  -4.6514457e-02  -2.8598857e+00  -8.2669167e-03   7.3156051e-03  -4.2326864e-05
   4.7017766e-02   1.2959622e-01  -3.4015155e+00  -6.8066247e-03   8.1621951e-03  -6.6304983e-04
   1.1757992e-01   1.7938252e-01  -3.9169619e+00  -7.0992043e-03   3.0352761e-03   2.4777779e-05
   1.2041243e-01   2.0734815e-01  -3.9382046e+00  -1.0021959e-02   2.0885551e-03  -1.7289615e-04
   9.1172240e-02   2.0559470e-01  -3.8981187e+00  -9.6550706e-03   2.5684138e-03   6.9870889e-05
   8.8711052e-02   2.0069251e-01  -3.9006922e+00  -1.0221668e-02   2.7175804e-03   2.3989298e-04
   1.4011915e-01   1.9280150e-01  -3.9384320e+00  -1.9469965e-02   1.3809538e-03  -1.6086867e-04
   1.4584265e-01   1.6831208e-01  -3.3148694e+00  -7.7829156e-03   2.3989637e-03  -7.0947931e-04
   9.4010371e-02   1.9787527e-01  -3.3631064e+00  -1.0036850e-02   2.0073376e-03   3.2428663e-04
   1.1655913e-01   1.6682884e-01  -3.5053150e+00  -7.9529336e-03   1.4324361e-03  -4.1802034e-04
   1.3361490e-01   1.6969543e-01  -3.4795199e+00  -7.4808054e-03   8.2808141e-04  -6.6984875e-04
   5.8250550e-02   2.2261126e-01  -3.1459013e+00  -1.7136338e-02  -4.6734515e-03   2.7904612e-03
   1.6607093e-01   1.6022929e-01  -3.9337914e+00  -1.0421930e-02  -7.7540886e-03  -6.5503447e-04
   1.4804723e-01   1.7956242e-01  -3.6097219e+00  -1.1729388e-02  -7.1722838e-03  -3.7500274e-04
   1.3902076e-01   2.1391022e-01  -3.4712259e+00  -7.3157638e-03  -6.9427320e-03  -2.1402761e-04
   1.1823365e-01   1.4798827e-01  -3.3936087e+00  -1.2003112e-02  -1.5714042e-03  -1.1474250e-04
   1.0029181e-01   2.0945487e-01  -3.2578801e+00  -9.1646911e-03  -3.5129432e-04   4.9613693e-04
   9.1191034e-02   2.0153885e-01  -3.3093980e+00  -6.7302105e-03  -2.6205096e-04   3.7246589e-04
   5.7086099e-02   1.4860017e-01  -3.5920828e+00  -1.9699703e-02   4.3865943e-04   9.1964300e-04
   1.6464774e-01  -1.0021834e-02  -2.4954711e+00  -1.1502266e-02  -1.2733544e-03  -1.9920616e-03
   4.1519263e-02  -2.2248697e-02  -2.4909199e+00  -1.0316961e-02  -1.0740061e-03   1.8893767e-03
  -1.9946748e-02   2.8795382e-01  -3.5948675e+00  -1.4728979e-02  -1.3001092e-02   5.2671923e-03
   6.1587130e-02   2.9841824e-01  -3.1850322e+00  -1.2362852e-02  -1.2987738e-02   4.7988695e-03
   6.9804035e-02   2.5922670e-01  -3.0681938e+00  -1.0787809e-02  -1.2757732e-02   4.7196635e-03
   6.2656397e-02   2.5997886e-01  -3.0541639e+00  -9.7772496e-03  -1.2951982e-02   5.0063629e-03
   4.5527331e-02   2.6293457e-01  -3.0137453e+00  -1.0064883e-02  -1.0234755e-02   4.9430908e-03
   7.6729081e-02   2.1737839e-01  -3.0066429e+00  -9.4382553e-03  -8.6524266e-03   4.3546904e-03
   5.9714167e-02   1.8797311e-01  -2.8372901e+00  -7.1121878e-03  -7.2614109e-03   4.1548939e-03
   4.7863516e-02   2.4627825e-01  -2.8396019e+00  -8.7502205e-03  -6.4259318e-03   4.0296761e-03
   5.4471257e-02   2.2898716e-01  -2.8419784e+00  -8.7439285e-03  -4.9038697e-03   3.9868631e-03
   4.2772183e-03   1.5462306e-01  -2.7342623e+00  -3.3156105e-03  -2.7759684e-03   2.8329479e-03
   5.0999587e-02   1.5926997e-01  -2.9638679e+00  -4.8335446e-03  -1.9080757e-03   2.1168643e-03
   9.2706400e-02   3.1836083e-01  -2.9715256e+00  -9.8958899e-03  -5.5080094e-03   3.8970916e-03
   1.6527267e-01   2.1554113e-01  -3.1287344e+00  -2.0238444e-02  -5.5946018e-03   1.7419061e-03
   1.8970221e-01   1.3448622e-01  -3.1786307e+00  -2.6181207e-03  -1.2596339e-03   6.8774347e-06
   1.6656533e-01   1.5385207e-01  -3.1268314e+00  -5.2715603e-03  -2.2195357e-03   7.6756932e-04
   1.6209076e-01   1.4372448e-01  -3.1327615e+00  -5.5618681e-03  -5.4822141e-04   1.4746271e-04
   1.3374974e-01   1.3747373e-01  -3.0161567e+00  -2.1506582e-03  -1.5032577e-03   6.1686409e-04
   1.3966054e-01   1.4864727e-01  -3.1217428e+00  -4.9342342e-03  -2.2193789e-03   6.1740319e-04
   1.4342933e-01   1.1242664e-01  -3.3031830e+00  -1.1984410e-02  -3.2117487e-03  -2.1585469e-04
   2.5386898e-01   9.5683055e-02  -2.8546665e+00  -5.2722559e-03  -2.6248721e-04  -1.1582033e-03
   2.4671852e-01   1.9066457e-01  -2.9358073e+00  -7.3339741e-03  -1.6412793e-03  -9.7449854e-04
   2.5386469e-01   1.0227326e-01  -2.9311491e+00  -5.6703320e-03  -1.6921829e-04  -1.3861443e-03
   2.5625249e-01   1.4618103e-01  -2.9523318e+00  -6.6198207e-03  -3.6804986e-04  -1.2832640e-03
   2.3582931e-01   1.5591256e-01  -2.9043278e+00  -6.8730461e-03  -3.7064636e-04  -8.9553671e-04
   2.4694078e-01   1.5603336e-01  -3.0373688e+00  -4.8982795e-03  -9.4244468e-04  -1.0991206e-03
   2.5205746e-01   1.5032538e-01  -3.0054857e+00  -5.6668585e-03   5.7042198e-04  -1.2351522e-03
   2.2736765e-01   9.9290774e-02  -2.9120817e+00  -3.4804935e-03   1.3868884e-03  -1.3611636e-03
   1.9802854e-01   1.8252420e-01  -3.0318382e+00  -3.8067318e-03   4.0198483e-04  -7.4707720e-04
   2.1421349e-01   1.5562868e-01  -3.0467755e+00  -5.9620718e-03   8.1528985e-04  -8.8333947e-04
   2.3541357e-01   1.2586773e-01  -2.9869038e+00  -5.4100600e-03   9.2700265e-04  -1.2917197e-03
   2.3650038e-01   1.5158905e-01  -3.0457540e+00  -5.3121038e-03  -7.7275849e-05  -1.0972786e-03
   2.5998609e-01   1.7089165e-01  -3.2184871e+00  -5.1183870e-03  -8.7805928e-04  -1.5166587e-03
   2.4073062e-01   1.7196933e-01  -3.1382873e+00  -5.2186014e-03  -5.0133399e-04  -1.2140013e-03
   2.8871858e-01   1.1224510e-01  -3.1816725e+00  -3.9504184e-03   6.5753439e-04  -1.9300840e-03
   2.1463243e-01   1.6361010e-01  -3.1285864e+00  -3.5407076e-03  -3.1249932e-04  -8.8532715e-04
   2.1097500e-01   1.7652394e-01  -3.0817385e+00  -4.7624044e-03   9.0441873e-04  -8.7705945e-04
   3.0923621e-01   2.6143858e-02  -2.6257952e+00   4.4652024e-04   1.1107777e-03  -2.1142782e-03
   2.7283033e-01   1.4597079e-01  -2.8788901e+00  -3.6425418e-03   1.0946472e-03  -1.7002890e-03
   3.1188527e-01   1.1113129e-01  -2.8442004e+00  -3.6926212e-03  -1.0126152e-03  -2.3779176e-03
   2.6672973e-01   1.6399940e-01  -2.9463991e+00  -4.7999669e-03   2.4182771e-04  -1.7262738e-03
   2.0578609e-01   8.8560530e-02  -2.9317304e+00  -2.7249566e-03   6.5950928e-04  -1.1852654e-03
   2.3524063e-01   1.4879942e-01  -3.0417433e+00  -2.7891801e-03  -5.3980846e-05  -1.5323811e-03
   2.2568116e-01   1.4776052e-01  -3.0845788e+00  -3.6735484e-03  -3.2138704e-04  -1.4000639e-03
   2.2085318e-01   1.7734490e-01  -3.0865970e+00  -4.6606698e-03  -2.5680655e-04  -1.3294979e-03
   2.2118833e-01   1.6970815e-01  -3.1197823e+00  -4.3868261e-03  -4.3106198e-04  -1.3038714e-03
   1.9394118e-01   1.7854628e-01  -3.0041207e+00  -6.1799016e-03  -3.8163044e-04  -8.9991937e-04
   2.6275294e-01   9.0355656e-02  -2.6922646e+00  -1.2911272e-02  -1.3060743e-03  -2.9753788e-03
   1.1830130e-01   1.4689746e-01  -2.3991824e+00  -9.0778837e-05  -2.4667822e-03   1.0597655e-04
   1.3918505e-01   1.7989691e-01  -2.7299392e+00  -4.6332636e-03  -2.8577993e-03   1.4598710e-05
   1.5524647e-01   1.6308129e-01  -2.7892113e+00  -4.0148528e-03  -2.4011372e-03  -3.8329654e-04
   1.5577795e-01   1.6907706e-01  -2.9000866e+00  -4.9424642e-03  -1.5037843e-03  -4.5588989e-04
   1.7501431e-01   1.6277873e-01  -3.0664046e+00  -4.7546825e-03  -1.9702194e-03  -7.3099165e-04
   1.6111931e-01   1.5923507e-01  -2.9990585e+00  -4.0181021e-03  -1.3721286e-03  -5.9121503e-04
   1.7076237e-01   1.5268381e-01  -3.0240951e+00  -4.5247493e-03  -1.5256474e-03  -6.7010928e-04
   1.7273762e-01   1.5275454e-01  -2.9843681e+00  -4.2480518e-03  -8.5984575e-04  -6.5368952e-04
   1.8601873e-01   1.5939156e-01  -2.9599482e+00  -1.5607294e-03  -1.1273020e-03  -8.9746706e-04
   1.8945053e-01   1.8648140e-01  -2.9933078e+00  -3.3993284e-03  -1.2577370e-03  -8.4288453e-04
   1.7103772e-01   1.4268034e-01  -2.9779068e+00  -3.2824478e-03  -8.2933713e-04  -8.2914169e-04
   1.7503209e-01   1.3282584e-01  -2.9485305e+00  -2.0812429e-03  -1.0619482e-03  -8.3232769e-04
   1.8500920e-01   1.9500642e-01  -3.1117976e+00  -3.4032830e-03  -1.2485897e-03  -7.1556918e-04
   1.9359353e-01   1.8255476e-01  -3.0720567e+00  -5.8587868e-03  -2.6435167e-04  -1.0142608e-03
   1.9803365e-01   1.7696534e-01  -2.9374095e+00  -2.6525970e-03  -9.4855983e-04  -9.9411093e-04
   1.9664128e-01   1.8816707e-01  -3.0282859e+00  -4.4296467e-03  -1.0749400e-03  -1.0693143e-03
   1.9721422e-01   1.6357598e-01  -3.0164376e+00  -4.4692927e-03  -9.7656802e-04  -1.1015431e-03
   2.6075627e-01   1.4108615e-01  -2.9642843e+00  -1.0952594e-02  -9.9015427e-04  -1.8139910e-03
   2.7333116e-01   1.3756418e-01  -2.7213727e+00  -3.2843646e-03  -2.7422663e-03  -1.9404298e-03
   2.4893332e-01   1.5678385e-01  -2.8417727e+00  -6.5204005e-03  -1.5088256e-03  -1.9059522e-03
   2.6226279e-01   8.3328578e-02  -2.7983082e+00  -2.8176423e-03  -1.6704261e-03  -1.9820469e-03
   2.3676433e-01   1.2593270e-01  -2.8871440e+00  -4.7033908e-03  -7.8623177e-04  -1.8628925e-03
   2.1569693e-01   1.7701814e-01  -2.8628249e+00  -2.8206850e-03   4.7817275e-05  -1.4035517e-03
   2.2017490e-01   2.4193391e-01  -2.9660636e+00  -1.8591613e-02  -3.3799869e-03   3.2636990e-04
   2.4591872e-01   1.2663122e-01  -2.7773881e+00  -2.4239136e-03  -7.9870161e-03  -1.1081138e-03
   2.7992753e-01   1.2486456e-01  -2.7994336e+00  -2.2133099e-03  -6.6021592e-03  -1.3040482e-03
   2.7112981e-01   1.5057798e-01  -2.8581620e+00  -3.9130992e-03  -5.1838461e-03  -1.8715962e-03
   2.3919218e-01   1.2267879e-01  -2.8507683e+00  -2.1706628e-03  -6.0230753e-03  -1.2216551e-03
   2.1529772e-01   1.6756214e-01  -2.9164719e+00  -4.8641877e-03  -5.6799784e-03  -1.0243334e-03
   2.1090863e-01   1.0384522e-01  -2.9422870e+00  -4.3009226e-03  -5.7239775e-03  -1.0734724e-03
   2.0796962e-01   1.8689741e-01  -2.9541295e+00  -4.4701911e-03  -6.2890660e-03  -6.3003615e-04
   2.3444357e-01   1.4003333e-01  -2.8738241e+00  -4.0263972e-03  -5.2002147e-03  -1.1755457e-03
   2.2806231e-01   1.7868724e-01  -2.8812386e+00  -3.8909794e-03  -5.2968097e-03  -1.0788410e-03
   2.4986207e-01   5.4350542e-02  -2.7127530e+00  -9.4232052e-04  -3.7621633e-03  -1.4635914e-03
   2.4427274e-01   1.6394652e-01  -2.8146343e+00  -3.3241160e-03  -4.2842575e-03  -1.1563290e-03
   2.3400461e-01   1.5469516e-01  -2.9308919e+00  -5.2143638e-03  -6.6265598e-03  -7.3823126e-04
   2.4933135e-01   1.1320193e-01  -3.0399201e+00  -3.3427658e-03  -4.6520760e-03  -1.3716404e-03
   2.5214874e-01   1.7675740e-01  -3.0905393e+00  -4.5865563e-03  -5.0501809e-03  -1.4048266e-03
   2.5524546e-01   1.2829854e-01  -3.0086749e+00  -3.5597618e-03  -4.7840870e-03  -1.3659092e-03
   2.4491274e-01   1.6293320e-01  -3.0663710e+00  -4.5266704e-03  -4.8731536e-03  -1.2707115e-03
   2.4762004e-01   1.5773542e-01  -3.0209121e+00  -4.3966776e-03  -4.3642015e-03  -1.3409779e-03
   2.3459357e-01   1.2093030e-01  -2.9917668e+00  -3.6520202e-03  -4.0803407e-03  -1.0708669e-03
   2.1632520e-01   1.7221489e-01  -2.8298358e+00  -1.3763640e-02  -3.7060878e-03  -1.1811752e-03
   1.4493848e-01   1.9930134e-01  -2.8625668e+00  -1.5444566e-02  -2.1659128e-03   3.7310531e-04
   1.1831436e-01   3.4523875e-02  -2.4613414e+00  -7.1171952e-03   1.9533922e-03  -1.1108779e-03
   1.8165958e-02   1.0813974e-01  -2.5656236e+00  -8.6456562e-04   6.2856874e-04   1.1591718e-03
   6.5386542e-02   1.0412079e-01  -2.7475449e+00  -4.5363152e-04   1.2695060e-04   7.9649659e-04
   9.5393615e-02   8.7264228e-02  -2.9011134e+00  -1.7922760e-03  -6.4600450e-04   4.3340565e-04
   9.0081512e-02   9.5628496e-02  -2.9117165e+00  -2.3677169e-03   4.2902207e-04   2.9685887e-04
   1.4062049e-01   1.2577970e-01  -3.0144768e+00  -3.8772397e-03   1.0154551e-03  -4.4428475e-04
   1.2974029e-01   1.5191578e-01  -3.0171352e+00  -4.7546832e-03   1.6949737e-03  -1.0840305e-04
   1.4862927e-01   1.5079492e-01  -3.0419953e+00  -5.5855843e-03   2.0722156e-03  -4.9162816e-04
   1.5296675e-01   1.9361963e-01  -3.0512669e+00  -5.5390232e-03   2.8425455e-03  -6.5347840e-04
   1.5170647e-01   1.9552671e-01  -3.0909934e+00  -6.5363833e-03   2.3796657e-03  -4.6155365e-04
   1.4118149e-01   2.2446621e-01  -3.1327086e+00  -4.6381302e-03   2.5848489e-03   1.2340646e-05
   1.7185398e-01   1.8775810e-01  -3.2848664e+00  -4.0555113e-03   2.4895908e-03  -9.7295495e-04
   1.5645789e-01   2.1163160e-01  -3.2519156e+00  -4.6480212e-03   2.4290183e-03  -6.3209967e-04
   1.7841327e-01   1.9227618e-01  -3.2209320e+00  -4.0084397e-03   3.0943649e-03  -1.0864150e-03
   2.0618491e-01   1.3151756e-01  -2.7941628e+00  -3.5824467e-03   4.9281884e-03  -8.9820892e-04
   1.9348061e-01   1.4815454e-01  -2.9030116e+00  -1.5078644e-03   3.8504261e-03  -1.1636404e-03
   2.0273445e-01   1.3520471e-01  -2.9973672e+00  -3.3894068e-03   4.4784900e-03  -1.6287592e-03
   2.1112458e-01   1.1159039e-01  -3.0542786e+00  -1.9393635e-03   3.9389977e-03  -1.6298734e-03
   1.8670057e-01   1.7777582e-01  -3.1634325e+00  -5.1074265e-03   4.6734701e-03  -1.2662931e-03
   2.0170490e-01   1.3843358e-01  -3.1727902e+00  -3.4458037e-03   4.2786295e-03  -1.4302076e-03
   2.1871986e-01   1.6088495e-01  -3.1952947e+00  -4.1429194e-03   3.4120759e-03  -1.5703977e-03
   2.3289172e-01   1.4005310e-01  -3.1969085e+00  -2.8802655e-03   4.1868434e-03  -1.9271814e-03
   2.3387010e-01   1.8259817e-01  -3.2573109e+00  -4.2161835e-03   4.2109625e-03  -1.9545608e-03
   2.2965608e-01   1.5766980e-01  -3.2854197e+00  -3.9517037e-03   3.9943725e-03  -1.8843220e-03
   2.2295220e-01   1.9029531e-01  -2.7320875e+00  -5.4060700e-03   4.8335828e-04  -1.7817982e-03
   1.6154427e-01   2.3637686e-01  -2.9838494e+00  -1.5380606e-03  -5.2870224e-04  -5.2703728e-04
   1.8660354e-01   2.2723409e-01  -3.1431571e+00  -5.6120900e-03  -3.1299705e-04  -7.7025268e-04
   2.6057787e-01   2.3445688e-01  -3.5060716e+00  -9.1579488e-03  -3.6763584e-04  -1.6910279e-03
   2.7792951e-01   2.1492269e-01  -3.1832360e+00  -3.0546317e-03  -1.5071074e-03  -1.4329715e-03
   2.6140043e-01   2.2926128e-01  -3.1905420e+00  -4.2452481e-03  -6.8698105e-04  -1.3395026e-03
   2.9536855e-01   1.1725839e-01  -3.3612808e+00  -1.6796453e-02   1.2837642e-03  -2.3887759e-03
   1.9544544e-01   1.2051077e-01  -2.5449892e+00  -4.7889992e-03   2.1933005e-04  -8.2767107e-04
   2.1210941e-01   1.9452473e-01  -2.6775934e+00  -5.8267278e-03   7.9735982e-04  -9.9810870e-04
   2.0008986e-01   1.8601929e-01  -2.7361077e+00  -6.1833359e-03   1.2025165e-03  -1.0320788e-03
   1.9253371e-01   1.9296628e-01  -2.7929658e+00  -7.0937843e-03   8.6876396e-04  -7.8164103e-04
   2.3781204e-01   1.7347392e-01  -2.8643994e+00  -6.5408140e-03   7.3256233e-04  -1.3692544e-03
   2.5167876e-01   1.9034902e-01  -2.8200611e+00  -5.6907131e-03   1.2206473e-03  -1.4623810e-03
   2.6069188e-01   2.0869499e-01  -2.8263813e+00  -6.4187125e-03   1.5308935e-03  -1.5123559e-03
   2.3293179e-01   1.8659097e-01  -2.8304557e+00  -5.6685013e-03   1.4856854e-03  -1.0757055e-03
   2.3382024e-01   1.4837846e-01  -2.8561541e+00  -5.6660676e-03   1.8347441e-03  -1.2964210e-03
   2.3640448e-01   2.0657753e-01  -2.8624298e+00  -5.3259962e-03   1.5108828e-03  -1.2339615e-03
   2.3625982e-01   1.8590474e-01  -2.9058384e+00  -5.9525983e-03   1.9703455e-03  -1.3388973e-03
   2.4715719e-01   2.0487384e-01  -2.9272101e+00  -6.2415911e-03   1.6140553e-03  -1.2786814e-03
   2.0038129e-01   2.8369936e-01  -3.1214469e+00  -1.2067894e-02   1.8933410e-03  -9.8236176e-04
   1.7227881e-01   2.4457267e-01  -2.9701923e+00  -6.6412025e-03   1.9704889e-03  -7.9021127e-04
   1.8021736e-01   2.3491853e-01  -3.0084504e+00  -7.3005586e-03   2.5983498e-03  -9.5442324e-04
   1.9540722e-01   1.9433994e-01  -2.5854153e+00  -1.2671372e-02  -1.0979246e-03   6.9445960e-05
   1.6686342e-01   1.6652552e-01  -2.7655142e+00  -3.8742999e-03   5.0173836e-03  -1.8960788e-03
   1.6758563e-01   2.0012862e-01  -2.6926628e+00   3.4930198e-03   4.4857508e-03  -1.9002184e-03
   2.1540619e-01   1.7805855e-01  -3.4023763e+00  -4.6532662e-03   1.8977943e-03  -2.0524444e-03
   1.9463912e-01   1.7637359e-01  -3.2913504e+00  -5.3010249e-03   2.0412811e-03  -1.7455213e-03
   2.0801015e-01   1.5732749e-01  -3.2378881e+00  -4.2764777e-03   1.9673315e-03  -1.9086734e-03
   2.0177084e-01   1.6724267e-01  -3.2812592e+00  -5.5467597e-03   2.0821291e-03  -1.8760979e-03
   2.0980963e-01   1.6598115e-01  -3.2315347e+00  -5.7108889e-03   3.1689548e-03  -1.9860851e-03
   1.9047270e-01   1.9894519e-01  -3.2167405e+00  -5.5667912e-03   2.9620784e-03  -1.8505345e-03
   2.0391313e-01   1.8501915e-01  -3.2155012e+00  -5.9822243e-03   3.2137122e-03  -1.9370494e-03
   2.1124784e-01   1.9705695e-01  -3.2328016e+00  -6.5912627e-03   2.9158175e-03  -2.1543866e-03
   1.9658418e-01   1.9652059e-01  -3.2448803e+00  -6.4607067e-03   2.9638192e-03  -2.0294660e-03
   2.0386863e-01   1.9733069e-01  -3.2334098e+00  -5.4863647e-03   2.3234781e-03  -1.4736697e-03
   1.9303080e-01   2.3806046e-01  -3.2055643e+00  -5.9116830e-03   2.8711761e-03  -1.4956384e-03
   2.0517870e-01   1.4514157e-01  -3.2220216e+00  -5.3065537e-03   2.6262287e-03  -1.5890988e-03
   2.0869798e-01   1.8956028e-01  -3.2674169e+00  -5.7700684e-03   2.4351754e-03  -1.4287467e-03
   2.0905420e-01   1.8634974e-01  -3.2578434e+00  -5.4568873e-03   2.8081512e-03  -1.6081812e-03
   2.1158287e-01   1.9716486e-01  -3.2751050e+00  -6.0787942e-03   3.1108043e-03  -1.7924550e-03
   2.0289827e-01   2.1141834e-01  -3.3063239e+00  -5.8387086e-03   2.8495307e-03  -1.6413974e-03
   2.0088234e-01   1.9832936e-01  -3.2746422e+00  -5.1978143e-03   3.2949519e-03  -1.8420402e-03
   2.0554267e-01   2.1030756e-01  -3.2690954e+00  -5.3957985e-03   2.9358812e-03  -1.6872613e-03
   2.1238140e-01   1.9027679e-01  -3.3008959e+00  -6.9333299e-03   2.4926760e-03  -1.9319262e-03
   2.2567523e-01   1.5736618e-01  -3.2666902e+00  -3.9228431e-03   2.4638311e-03  -2.0063537e-03
   2.0100681e-01   2.1651658e-01  -3.2869632e+00  -4.9861975e-03   2.1278349e-03  -1.5888316e-03
   2.1059993e-01   1.3481580e-01  -3.3205340e+00  -4.4123969e-03   2.2862898e-03  -1.5986109e-03
   1.9560771e-01   1.4706166e-01  -3.5446659e+00  -8.4535694e-03   8.1601183e-04  -1.8486040e-03
   6.5221422e-02   5.7178722e-02  -2.4624547e+00  -5.7430933e-03  -9.0815379e-04   1.0252065e-03
   2.1382083e-02   1.4835444e-01  -2.7318634e+00  -3.4062041e-03  -2.5074577e-03   1.3722709e-03
   6.5169433e-02   1.4558999e-01  -2.7068280e+00  -2.0852064e-03  -2.4993875e-03   8.6369849e-04
   8.7804862e-02   2.0356365e-01  -2.9211766e+00  -5.2118384e-03  -1.3328306e-03   5.8342846e-05
   9.0686377e-02   1.4575970e-01  -2.8980700e+00  -4.8152280e-03  -9.8418859e-04   3.1651561e-04
   8.7170706e-02   1.8291199e-01  -2.9536070e+00  -5.6886806e-03  -6.1901113e-04   2.0266071e-04
   8.9060981e-02   1.2721893e-01  -2.9439975e+00  -5.0848464e-03  -4.8610631e-04   6.3192281e-05
   7.2448664e-02   1.9090183e-01  -3.0044249e+00  -6.4200648e-03  -4.8186174e-04   2.3144591e-04
   1.0022219e-01   1.8175826e-01  -3.0679239e+00  -6.6830306e-03  -1.2744597e-03   1.0075253e-04
   1.1168933e-01   2.5083667e-01  -3.1316042e+00  -5.8462700e-03  -2.3236234e-03   2.1305981e-04
   5.5266824e-02   1.3090157e-01  -2.5150176e+00  -1.8271849e-02  -6.0286848e-04   1.8494553e-03
   1.8833911e-01   4.0215574e-02  -2.8334642e+00  -1.1787946e-02   1.6049637e-03  -4.6287176e-05
   5.0353961e-02   1.1958622e-01  -2.1273688e+00  -4.4767833e-03  -3.1518479e-03   1.2858144e-03
   6.7234150e-02   1.7315767e-01  -2.3274775e+00  -2.8847406e-03  -4.1804653e-03   1.4076590e-03
   9.4323849e-02   1.2347073e-01  -2.4265589e+00  -3.5288284e-03  -2.0197016e-03   7.0830369e-04
   8.4559023e-02   1.4061484e-01  -2.3648398e+00  -2.8845348e-03  -1.2942130e-03   5.1554573e-04
   1.0281315e-01   1.3255710e-01  -2.4176679e+00  -2.7789113e-03  -1.3205195e-03   2.9354811e-04
   1.0005556e-01   1.2663642e-01  -2.4482749e+00  -3.8307766e-03  -9.4238479e-04   2.4761912e-04
   1.0255166e-01   1.2278068e-01  -2.4221632e+00  -3.3034869e-03   2.5730040e-04  -6.9386314e-05
   9.4791035e-02   1.5536357e-01  -2.4167301e+00  -3.6201685e-03   3.9132993e-04   5.9668101e-05
   9.5790134e-02   1.0997885e-01  -2.4160781e+00  -2.5645574e-03   4.0394002e-04   3.0005647e-04
   9.8394915e-02   1.5082403e-01  -2.4607146e+00  -4.0249099e-03  -1.0767690e-04   1.3932449e-04
   1.1246292e-01   1.6559439e-01  -2.4596604e+00  -3.0303486e-03   6.2720384e-04   1.6738751e-04
   1.2601422e-01   1.4987389e-01  -2.4862623e+00  -3.8521469e-03   9.4906607e-04  -1.6221911e-04
   1.2661920e-01   1.5250291e-01  -2.4913269e+00  -3.3395926e-03   2.3959880e-03  -4.4727401e-04
   1.2163886e-01   1.3249245e-01  -2.4591563e+00  -1.6575462e-03   2.6474565e-03  -4.2950336e-04
   1.2817794e-01   1.6523532e-01  -2.5361294e+00  -3.3276071e-03   2.2195277e-03  -3.1318346e-04
   1.3906127e-01   1.5626964e-01  -2.5768287e+00  -3.4386982e-03   2.1504089e-03  -5.1602711e-04
   1.4112199e-01   1.6080171e-01  -2.5921652e+00  -4.3135912e-03   2.0937814e-03  -5.5395973e-04
   1.7555929e-01   1.0522218e-01  -2.4991341e+00  -1.2979433e-03   1.3629522e-03  -1.0308048e-03
   1.5537276e-01   1.8420686e-01  -2.6240821e+00  -4.8119745e-03   2.1915959e-03  -7.5598115e-04
   1.6969735e-01   1.2027495e-01  -2.6327079e+00  -3.6749803e-03   2.1984241e-03  -1.0695213e-03
   1.4141379e-01   2.3870580e-01  -2.7194246e+00  -8.3187206e-03  -5.3499187e-03   8.5166509e-05
   1.8065890e-01   1.7938066e-01  -3.3244407e+00  -7.3683879e-03   3.4682830e-04  -4.8140677e-04
   1.7271436e-01   1.9222085e-01  -3.0421364e+00  -5.4019886e-03   2.6512904e-04  -5.3317953e-04
   1.9554080e-01   2.0376446e-01  -3.1129845e+00  -5.3476119e-03   2.6736883e-04  -9.1088138e-04
   1.5669758e-01   2.0111799e-01  -3.0758193e+00  -5.0955568e-03   1.2459413e-04  -6.2637296e-04
   1.3501829e-01   1.9772963e-01  -3.0077099e+00  -5.1452108e-03   7.8050617e-05  -5.8561727e-04
   1.4643789e-01   1.4802776e-01  -3.0078731e+00  -3.2023719e-03   3.7193390e-04  -6.2816069e-04
   1.2748945e-01   1.8495485e-01  -3.0813582e+00  -4.4584912e-03   6.5644880e-04  -4.6743016e-04
   1.1165952e-01   1.9134368e-01  -3.0311639e+00  -4.6667569e-03   3.6864886e-04  -2.8314404e-04
   1.3850263e-01   1.6811186e-01  -3.0180016e+00  -4.0450974e-03   8.1848025e-04  -8.9346134e-04
   1.4125694e-01   2.0056539e-01  -3.1050042e+00  -5.8200866e-03   8.7913237e-04  -7.1486539e-04
   1.4300524e-01   1.9394342e-01  -3.1029769e+00  -5.6285252e-03   8.5138860e-04  -5.5946951e-04
   1.5697414e-01   1.4431683e-01  -3.0712933e+00  -4.1972663e-03   8.7464787e-04  -1.0359897e-03
   1.6537862e-01   2.2714243e-01  -3.1717768e+00  -5.9752217e-03   6.6610342e-04  -6.7286115e-04
   1.6223734e-01   1.9890344e-01  -3.1564992e+00  -6.4640215e-03   1.2504780e-03  -8.4558979e-04
   1.5935766e-01   2.5153393e-01  -3.1735696e+00  -6.1214831e-03   1.4991311e-03  -6.5697122e-04
   1.7325275e-01   2.0220136e-01  -3.1418068e+00  -5.6660078e-03   2.7696948e-03  -1.2366652e-03
   1.8901264e-01   2.1797064e-01  -3.0990971e+00  -4.2504494e-03   1.9863541e-03  -1.3341382e-03
   1.4311126e-01   2.0678613e-01  -3.1503034e+00  -5.1365228e-03   1.7653080e-03  -1.0041167e-03
   1.5851331e-01   2.0488560e-01  -3.2094807e+00  -5.6069307e-03   1.4174000e-03  -1.0640712e-03
   1.6684108e-01   1.7741653e-01  -3.2217485e+00  -3.8635611e-03   1.1752709e-03  -1.3407885e-03
   1.6371221e-01   2.3879657e-01  -3.2300815e+00  -4.0875158e-03   1.2437379e-03  -1.0411935e-03
   1.3958231e-01   2.8588269e-01  -3.2917734e+00  -6.1152630e-03   1.0829433e-03  -8.0499408e-04
   1.7072359e-01   2.3140419e-01  -3.2600731e+00  -6.1996815e-03   1.9140690e-03  -1.0062350e-03
   1.8527004e-01   2.1209862e-01  -3.2638507e+00  -5.3560524e-03   1.9517657e-03  -1.4689323e-03
   1.9105453e-01   2.2503958e-01  -3.3706638e+00  -8.9234932e-03   1.1965712e-03  -6.3497547e-04
   1.6075186e-01   3.3265630e-02  -2.5197622e+00  -2.5515218e-03  -7.9591899e-04  -5.7437917e-04
   1.0207656e-01   1.4767199e-01  -2.5091248e+00  -3.1941452e-04   3.5217142e-03   6.4176947e-04
   9.9050755e-02   1.9517322e-01  -2.9292897e+00  -3.4560299e-03   1.4605786e-03   3.7698049e-04
   1.3262571e-01   1.6310268e-01  -2.9629650e+00  -3.3442564e-03   5.0136470e-04  -1.1356819e-04
   1.4210207e-01   1.3728339e-01  -2.9808776e+00  -2.7723197e-03   4.9198903e-04  -6.4292155e-04
   1.5133689e-01   1.7156260e-01  -3.0285774e+00  -4.1125127e-03   5.8207559e-04  -6.2706574e-04
   1.4370063e-01   1.9603945e-01  -2.9880062e+00  -4.8656903e-03   8.7900998e-04  -5.5356769e-04
   1.3928520e-01   1.6504714e-01  -2.9624147e+00  -3.2380213e-03   6.1468929e-04  -4.2039835e-04
   1.3422531e-01   1.9224963e-01  -3.0054695e+00  -4.4724881e-03   6.8471555e-04  -3.2461799e-04
   1.5183247e-01   1.8907636e-01  -2.9724885e+00  -3.7507422e-03   8.9509454e-04  -7.1444533e-04
   1.5131917e-01   1.8144967e-01  -2.9712054e+00  -3.3726330e-03   1.3675758e-03  -7.4894449e-04
   1.6682839e-01   1.3883249e-01  -3.0269413e+00  -3.2635805e-03   9.7481608e-04  -9.2911380e-04
   1.5465257e-01   1.6446736e-01  -3.0484617e+00  -3.4206601e-03   1.1884141e-03  -7.6675312e-04
   1.4266563e-01   1.7077567e-01  -3.0894154e+00  -4.0851425e-03   8.6440847e-04  -5.6454869e-04
   1.4595331e-01   1.6224576e-01  -3.1574192e+00  -3.9548090e-03   1.2351432e-03  -8.7167224e-04
   1.3775335e-01   1.9696668e-01  -3.1437892e+00  -4.0594544e-03   1.2738608e-03  -7.8779379e-04
   1.4945796e-01   2.0282030e-01  -3.1321902e+00  -3.9734299e-03   1.3976566e-03  -7.7756651e-04
   1.4757115e-01   2.0745677e-01  -3.1649570e+00  -5.2389667e-03   1.5305390e-03  -9.4867029e-04
   1.6132507e-01   1.8841650e-01  -3.1598543e+00  -3.6811609e-03   1.7949709e-03  -9.8507616e-04
   1.7488550e-01   2.1055428e-01  -3.1863844e+00  -4.8985196e-03   1.3161798e-03  -1.1938841e-03
   1.9000395e-01   1.8773569e-01  -3.2082929e+00  -2.6570995e-03  -6.7033357e-04  -1.3672334e-03
   2.2040641e-01   4.4278118e-02  -3.0401531e+00  -1.6037157e-02   3.8593956e-03  -3.5981902e-03
   1.4869879e-01  -8.1207848e-02  -2.2330399e+00  -3.9447862e-03   3.3160683e-03  -5.2914086e-04
   1.6150856e-01   2.3302573e-03  -2.3071747e+00   4.8755079e-03   5.2889181e-03  -4.5267403e-04
   1.6930368e-01   2.1207459e-02  -2.1799181e+00   4.2626581e-03   5.7790896e-03   1.2634062e-04
   1.8062801e-01   1.6135962e-02  -2.2059726e+00   4.0366888e-03   4.3747092e-03   5.8096010e-05
   2.0218652e-01   2.3166713e-02  -2.4585418e+00   1.3910132e-03   3.7352890e-03  -5.4420313e-04
   2.0079516e-01   5.1848067e-02  -2.3439255e+00   3.3767215e-03   3.7683766e-03  -3.9125397e-04
   2.7188867e-01  -2.0626236e-02  -2.5513008e+00  -7.9545709e-03   2.2825098e-03  -1.4685031e-03
   2.5327131e-01  -2.6761448e-02  -2.6577997e+00   2.3955017e-03   4.4823261e-04  -2.3693083e-03
   2.0839427e-01   4.7424932e-02  -2.5310843e+00  -4.3830567e-04  -1.2997124e-03  -1.3741172e-03
   2.0910219e-01   6.8342997e-02  -2.5260710e+00  -1.0028672e-04  -1.6508109e-03  -1.3103648e-03
   2.1797215e-01   5.3195257e-02  -2.5817760e+00   3.6080235e-04  -1.8961828e-03  -1.1512664e-03
   2.1788977e-01   8.7194119e-02  -2.5585636e+00  -4.1658775e-04  -1.7561246e-03  -1.1389315e-03
   2.0459811e-01   6.7954215e-02  -2.5315834e+00  -1.5370793e-04  -1.3461518e-03  -1.0877305e-03
   2.5574723e-01  -8.8859242e-02  -2.5503610e+00  -6.9093567e-03   4.3775614e-03  -5.0344741e-03
   9.5538690e-02  -1.1648133e-01  -2.1497018e+00   3.6361180e-03   1.3987734e-03   9.1338959e-04
  -1.1101196e-03   3.3083668e-02  -2.8826163e+00   8.5984486e-03  -3.3008586e-03   3.0530551e-03
   1.7418189e-02   1.2140885e-01  -3.3069895e+00   2.6501213e-03  -4.6451895e-03   2.0937849e-03
   4.1411760e-02   1.1315927e-01  -3.2989523e+00   1.8143554e-03  -3.7669886e-03   1.4414864e-03
   8.8867932e-02   1.9221606e-01  -3.4386032e+00  -1.6276961e-03  -5.9554173e-03   1.7233160e-03
   8.9269681e-02   2.0853008e-01  -3.4251381e+00  -8.7218780e-05  -5.1268011e-03   7.8629330e-04
   1.3788422e-01   1.9023616e-01  -3.3080773e+00  -1.3213035e-03  -1.9875135e-03   3.1406158e-04
   1.3190530e-01   1.8535564e-01  -3.3088351e+00  -1.6708797e-03  -1.0880712e-03   5.1080698e-05
   1.4885340e-01   1.6523397e-01  -3.2315399e+00   2.7728039e-04   6.7470670e-04  -5.5807959e-04
   1.5314500e-01   1.7423114e-01  -3.2210338e+00   8.9634297e-05   4.0739127e-04  -2.6754002e-04
   1.6146468e-01   1.5272918e-01  -3.2198715e+00   6.7872663e-04  -2.3261663e-05  -2.5583177e-04
   1.7386636e-01   1.6729239e-01  -3.3997916e+00  -3.5617320e-04   8.5569868e-04  -6.8178854e-04
   1.7123908e-01   2.0543899e-01  -3.4745853e+00  -7.7119203e-03  -1.0205095e-05  -3.3807299e-04
   5.8588793e-02   1.7773256e-01  -2.9480187e+00  -1.2685746e-02  -1.6683815e-03   2.5057753e-06
   6.1545533e-02   1.2344361e-01  -2.8937976e+00   3.6635269e-03   1.3929569e-03   1.0592106e-03
   9.6975812e-04   1.3716234e-01  -3.2988587e+00  -1.5857028e-03  -1.4506050e-03   1.2238717e-03
   6.2740312e-02   1.9855017e-01  -3.5541438e+00  -4.0094042e-03  -3.7719331e-03   7.6247958e-04
   7.7918918e-02   1.9205296e-01  -3.4899239e+00  -4.7753586e-03  -2.8839819e-03   6.9777464e-04
   8.6253259e-02   1.8333142e-01  -3.4594147e+00  -4.9206649e-03  -2.1912227e-03   4.9429388e-04
   9.6376755e-02   1.6826133e-01  -3.4467738e+00  -4.9754206e-03  -7.8261054e-04  -9.4031180e-06
   1.2083439e-01   2.0479033e-01  -3.3644664e+00  -3.4737152e-03  -3.8978570e-04  -2.0302257e-04
   1.3297750e-01   2.2225178e-01  -3.3348359e+00  -3.4495730e-03   1.5662939e-04  -4.6057131e-04
   1.1688495e-01   2.3168851e-01  -3.3625077e+00  -4.2499165e-03   7.7473308e-04  -3.8896517e-04
   1.1601435e-01   2.1840564e-01  -3.3683308e+00  -4.9323417e-03   1.0356463e-03  -1.0675290e-04
   9.2493086e-02   1.9716792e-01  -3.1096544e+00  -9.8585092e-04   1.1001951e-03   1.9428923e-04
   9.3413657e-02   2.3352552e-01  -3.1681296e+00  -2.6261487e-03   1.1672818e-03   3.1469645e-04
   1.1586441e-01   1.9891814e-01  -3.1726839e+00  -1.1445550e-03   1.5791693e-03  -5.4116933e-05
   1.1631228e-01   2.2355889e-01  -3.2161993e+00  -2.6552927e-03   1.0078319e-03  -9.7320468e-05
   1.1562492e-01   2.2213671e-01  -3.2291950e+00  -2.5171153e-03   1.8033445e-04   1.8000185e-05
   1.4099371e-01   1.1962281e-01  -3.3650635e+00  -8.7007816e-03   4.7728071e-04  -4.5716506e-04
   5.0940127e-02   1.8932655e-01  -3.2260215e+00   4.3490636e-03  -1.2144653e-03   1.7168455e-03
   1.5032635e-02  -7.4795596e-02  -2.5582243e+00   1.1082280e-02  -6.3511805e-04   7.7555295e-04
   4.4473859e-02  -1.1781150e-01  -2.5433449e+00   1.1451108e-02  -1.5629434e-03   6.3333876e-04
   1.8336395e-02  -1.4137797e-01  -2.4044471e+00   1.5654827e-02   6.4810885e-04   2.5028514e-04
   3.5851382e-02  -1.8022521e-02  -2.5045161e+00   1.2654049e-02  -3.3628134e-03   6.5545996e-04
   5.9502256e-02  -1.9433404e-02  -3.0213140e+00   9.8313271e-03  -2.2474259e-03   9.7078818e-04
   1.9860350e-02  -2.0381621e-01  -2.4772607e+00   1.6777554e-02  -2.0485992e-03   7.5700736e-04
   6.4725139e-02  -2.6921986e-01  -2.2961343e+00   1.9607847e-02   1.5506602e-03  -1.7084498e-03
   3.4355844e-02  -3.1865357e-01  -2.2145074e+00   2.1957557e-02   2.1330059e-03  -8.8872472e-04
   3.0554595e-02  -2.8486065e-01  -2.2457830e+00   2.2149260e-02   1.3793058e-03  -4.3168916e-04
   3.2977551e-02  -1.4457197e-01  -2.7924553e+00   1.3798504e-02   1.8782421e-03  -5.9729853e-04
   5.0101728e-02  -2.2409274e-01  -2.3805231e+00   1.8614103e-02   1.2422075e-03  -1.1199023e-03
   5.0181124e-02  -2.9043336e-01  -2.1872364e+00   2.1438995e-02   3.4959348e-03  -1.7287079e-03
   4.2088973e-02  -3.0024787e-01  -2.3274485e+00   1.9728575e-02   3.1199105e-03  -1.5376232e-03
   3.7008936e-02  -9.1810659e-02  -2.2933234e+00   1.9178400e-02   4.7534843e-04  -8.0410190e-04
   1.7207246e-01  -1.5032090e-01  -2.0942309e+00   5.6854412e-03   4.4604434e-03  -2.1353180e-03
   9.2935160e-02  -2.0861468e-02  -2.1398421e+00   4.1898014e-03   3.1718163e-03  -1.5501524e-03
  -6.3201072e-02  -3.7981432e-02  -2.2104558e+00   1.0175426e-02   4.6145549e-03   1.5075095e-03
   3.7089450e-02   2.7020003e-02  -2.5206512e+00   7.7653968e-03   3.4274045e-03   3.2359495e-04
   7.7923671e-02   1.0650977e-02  -2.6234015e+00   7.0050091e-03   4.1238468e-03  -3.9847884e-04
   8.5878462e-02   2.8645099e-02  -2.6719592e+00   6.4543884e-03   4.5135073e-03  -5.8254579e-04
   8.0283259e-02   7.0747583e-02  -2.7580598e+00   5.0897795e-03   4.3009595e-03   1.3219948e-04
   1.8241162e-01   6.5514484e-04  -2.8139446e+00   4.8032614e-03   5.0717139e-03  -1.5814686e-03
   1.2103824e-01   7.8943952e-02  -2.7189583e+00   4.5985187e-03   4.8507750e-03  -9.1479424e-04
   1.4793951e-01   7.7594759e-02  -2.8695081e+00   3.9471907e-03   4.4225555e-03  -1.4563408e-03
   1.4764030e-01   1.0857603e-01  -2.8802390e+00   4.0695059e-03   5.1711934e-03  -1.3946846e-03
   1.5745205e-01   1.2306310e-01  -2.9387160e+00   2.0411796e-03   5.0188259e-03  -1.3877352e-03
   1.6451507e-01   8.9120134e-02  -2.8845042e+00   3.1722104e-03   4.6705666e-03  -1.4080676e-03
   1.6031911e-01   1.2042504e-01  -2.8985890e+00   3.2564358e-03   4.2145137e-03  -1.3505339e-03
   1.6464299e-01   1.0232040e-01  -2.9374441e+00   3.7734307e-03   4.3725327e-03  -1.4803028e-03
   7.9196547e-02  -1.4087854e-02  -2.2760493e+00  -5.6695603e-04   7.8526323e-04  -1.0685156e-03
   3.4273417e-02   2.0924519e-01  -2.5563006e+00   9.7538974e-04   3.2237900e-04   2.9050945e-03
  -8.6926095e-03   1.0626696e-01  -2.5778110e+00   5.6275034e-03  -2.4243053e-03   2.6925282e-03
   1.4878348e-02   1.3711907e-01  -2.6209510e+00   5.6500735e-03  -2.7301647e-03   2.1322489e-03
   2.8671658e-02   9.8594353e-02  -2.6710360e+00   4.6064008e-03  -2.4111095e-03   1.6307406e-03
   5.2634928e-02   1.1004161e-01  -2.6986141e+00   5.2132857e-03  -1.7462522e-03   7.7281536e-04
   5.0486993e-02   1.4754873e-01  -2.7650513e+00   4.1651565e-03  -2.1294098e-03   1.1426058e-03
   7.8663992e-02   1.0845642e-01  -2.7431404e+00   3.8651915e-03  -2.1614755e-03   3.2010569e-04
   4.9929971e-02   4.3054897e-02  -2.6302889e+00  -3.4241519e-03   2.1852437e-03  -1.0274665e-03
   8.2491131e-02  -1.8913924e-03  -2.6274401e+00   2.6320586e-03  -2.3905996e-04   6.4366006e-04
   3.9053219e-02   1.1302354e-01  -3.5784978e+00  -8.8679727e-04  -2.5770117e-03   1.4442089e-03
   9.1843489e-02   1.1104395e-01  -3.2513827e+00   5.4536273e-03  -2.9018512e-03   7.7453183e-04
   1.1291816e-01   1.3963332e-01  -3.3472158e+00   1.1217703e-03  -3.3788306e-03   7.2377416e-04
   1.2181828e-01   1.0246307e-01  -3.2492431e+00   4.1149352e-03  -3.1573380e-03   2.9322605e-04
   1.1503245e-01   1.1927408e-01  -3.3363598e+00   2.1321337e-03  -2.9336040e-03   3.1010135e-04
   8.6904512e-02   2.2231882e-01  -3.4334873e+00  -1.8639749e-03   1.1636232e-03  -4.7277449e-05
   1.2506920e-01   1.6021761e-01  -3.2159160e+00   1.4093117e-03   2.0392341e-03  -5.5893305e-04
   1.3088881e-01   1.4471621e-01  -3.2529043e+00   1.2013437e-03   1.8845620e-03  -7.5223609e-04
   1.5512592e-01   1.2188483e-01  -3.3204041e+00   5.5311008e-03   2.2694943e-03  -1.6925095e-03
   1.8759620e-01   1.2949190e-01  -3.4460636e+00   1.0545246e-03   2.9489342e-03  -1.8621046e-03
   1.7907243e-01   1.0649709e-01  -3.3998893e+00   2.4511528e-03   2.8823929e-03  -1.9291180e-03
   1.8740026e-01   1.2272696e-01  -3.4127638e+00   1.8875806e-03   2.8326809e-03  -2.0719218e-03
   1.8896811e-01   9.8309445e-02  -3.2979652e+00  -1.7535981e-02   2.7822300e-03  -1.5572741e-03
   1.2787242e-01   7.8287509e-02  -2.5054039e+00  -2.4413444e-03   1.1822899e-03  -5.6958249e-04
   1.7312853e-01   1.5525076e-01  -2.7925330e+00  -4.4559839e-03   5.2341230e-04  -6.7433587e-04
   1.8391450e-01   1.3479519e-01  -2.8443979e+00  -5.5281268e-03  -1.5313432e-05  -6.7738877e-04
   2.1413612e-01   1.0695819e-01  -2.8609248e+00  -5.5010110e-03   7.0276401e-04  -1.0670193e-03
   1.9972327e-01   1.2135173e-01  -2.8865637e+00  -6.3310706e-03   4.4097207e-04  -9.5220993e-04
   2.1911125e-01   1.3491806e-01  -2.8870440e+00  -5.4276270e-03   9.7947508e-04  -1.0365790e-03
   2.1542412e-01   1.5858919e-01  -2.9008677e+00  -5.5931365e-03   7.8479869e-04  -7.3932381e-04
   1.5471817e-01   9.7920285e-02  -2.6487471e+00  -4.6142115e-03   2.7590822e-03  -1.4021592e-03
   1.3884001e-01   1.8176939e-01  -2.9132676e+00  -2.1436804e-03  -1.7843268e-03  -1.6637249e-05
   1.6588661e-01   2.0449818e-01  -2.9732514e+00  -1.2233950e-03  -3.2799506e-03   7.3506213e-05
   1.5938073e-01   1.7675153e-01  -3.0083637e+00  -1.1664284e-03  -3.2808056e-03   2.5739325e-05
   1.5227258e-01   1.8587657e-01  -3.0868082e+00  -2.0075113e-04  -3.9905027e-03   4.7382961e-04
   1.4928376e-01   4.4079327e-02  -3.1562356e+00  -1.3570724e-03  -2.1432220e-03  -5.4518699e-04
   1.8175564e-01  -1.9190706e-02  -2.7775827e+00   2.3224767e-02  -4.8173086e-03  -8.4129090e-04
   7.4151588e-02   5.4082469e-03  -3.6684133e+00   2.3424313e-02  -5.7808707e-03   7.6765703e-04
   1.4949975e-01   1.5496800e-02  -4.5258795e+00   1.5513681e-02  -6.2059223e-03   2.5891021e-04
   1.6968686e-01   2.5860753e-02  -4.6231771e+00   1.5442691e-02  -6.7870297e-03   1.2063764e-04
   1.9831555e-01   1.1393603e-02  -4.6809617e+00   1.5729272e-02  -7.0702193e-03  -1.8662084e-04
   2.0256325e-01   1.8567948e-02  -4.7202281e+00   1.5852185e-02  -7.1764903e-03  -3.5083329e-04
   1.8694470e-01   2.4645197e-02  -4.7170420e+00   1.5978378e-02  -5.8952107e-03  -4.7802935e-04
   2.1807017e-01   5.2027917e-02  -4.7337303e+00   1.4832305e-02  -6.4333468e-03  -9.2679886e-04
   1.9630167e-01   7.7378221e-02  -4.7573570e+00   7.4441197e-03  -5.5826511e-03  -9.2307780e-04
   1.4682935e-01  -6.4550192e-02  -3.7098678e+00   1.1641135e-02  -7.1559740e-04  -2.9864542e-03
   1.4163376e-01  -5.1947783e-02  -4.0911661e+00   8.2478436e-03   2.2231989e-03  -1.1783770e-03
   1.1776995e-01  -1.0086946e-02  -3.8530695e+00   1.8110889e-02   9.8058556e-04  -4.4789987e-04
   1.5897323e-01   2.7094047e-02  -3.8734192e+00   1.5898973e-02   2.0895686e-04  -2.5070972e-04
   1.6072551e-01   1.4724897e-02  -3.7995634e+00   1.5961309e-02   6.9287496e-04  -3.7453338e-04
   1.9776450e-01  -1.2967046e-03  -3.8111930e+00   1.5602565e-02   2.2118244e-03  -1.0779391e-03
   1.9084358e-01   1.9541977e-02  -3.8183832e+00   1.4925141e-02   2.5065073e-03  -1.0217713e-03
   1.7965548e-01   4.7864933e-02  -3.7841241e+00   1.4565270e-02   3.3528427e-03  -1.3156692e-03
   1.9313733e-01  -5.2808710e-03  -3.7277490e+00   1.6475480e-02   4.7249040e-03  -1.7295476e-03
   1.9113364e-01   5.1066586e-02  -3.7162749e+00   1.5611120e-02   4.4884436e-03  -1.8610123e-03
   1.8561505e-01   4.8302586e-02  -3.7358914e+00   1.4442103e-02   4.0552029e-03  -1.7178658e-03
   1.2677435e-01   3.9616623e-03  -3.0569808e+00   2.0431678e-02   5.9767162e-03  -2.0850137e-03
   1.8991614e-01  -7.4816878e-02  -3.2367297e+00   1.9145425e-02  -1.9405803e-03  -1.9867122e-03
   1.9787276e-01  -2.8441912e-02  -3.5242593e+00   1.7530698e-02  -3.1731937e-03  -1.2793442e-03
   2.6374229e-01  -1.3123880e-02  -3.7780282e+00   1.7108230e-02  -3.0247249e-03  -2.3637427e-03
   2.6902143e-01  -2.9715342e-02  -3.7740381e+00   1.5326047e-02  -2.2877893e-03  -2.9269301e-03
   2.5215886e-01   1.6432729e-02  -3.7834975e+00   1.4323495e-02  -1.6510234e-03  -2.5575996e-03
   2.6839382e-01   1.0912670e-02  -3.7891264e+00   1.3993139e-02  -1.5954481e-03  -2.3924617e-03
   2.8200378e-01   4.9773034e-02  -3.7844663e+00   1.2492459e-02  -1.3492322e-03  -2.6008265e-03
   2.9114951e-01   3.9650193e-02  -3.7431081e+00   1.3188082e-02  -1.4561414e-03  -2.7551669e-03
   2.4115506e-01   3.6872908e-02  -3.8939582e+00   1.2639858e-04  -4.1169024e-04  -1.1340285e-03
   1.2145971e-01   2.9968137e-02  -2.6935662e+00   1.2164738e-02  -6.6109160e-05  -5.8606637e-04
   7.7284408e-02   2.8005553e-02  -2.9427283e+00   1.4892635e-02  -8.8967285e-03   8.7103010e-04
   1.2222134e-01   1.0108116e-01  -3.2352821e+00   1.0443799e-02  -8.1965013e-03   5.5629135e-04
   1.2423579e-01   8.1400153e-02  -3.2608250e+00   8.8493347e-03  -7.9745545e-03   1.3222798e-04
   1.4435067e-01   1.0480727e-01  -3.3155867e+00   9.0097389e-03  -8.5393843e-03   6.6656428e-05
   1.5984295e-01   7.2433205e-02  -3.2808119e+00   2.6039510e-03  -7.1093377e-03  -5.7280681e-04
   1.0218319e-01   2.7075994e-02  -2.7589248e+00   1.5080832e-02  -1.0629741e-02   5.8583438e-04
   9.4500833e-02   1.0932259e-01  -3.0440344e+00  -4.9634404e-04  -4.6818821e-03  -2.2363013e-03
   1.8897486e-01   8.2030485e-02  -3.2772582e+00   1.0004833e-02  -5.0895644e-03  -1.8941046e-03
   2.1828842e-01   5.9876677e-02  -3.3798597e+00   1.1253528e-02  -6.7677073e-03  -1.7241477e-03
   2.0557122e-01   1.0577692e-01  -3.4173817e+00   9.6124845e-03  -6.4301998e-03  -1.9740245e-03
   2.0405235e-01   1.0044023e-01  -3.4004894e+00   9.3269035e-03  -6.3303459e-03  -1.9763128e-03
   1.9711875e-01   1.2406742e-01  -3.3984388e+00   9.3559473e-03  -6.5729647e-03  -1.9657785e-03
   2.1373678e-01   6.8830850e-02  -3.4301249e+00   9.3306176e-03  -5.3577858e-03  -2.1726815e-03
   2.0750988e-01   9.5700102e-02  -3.4313078e+00   9.8370840e-03  -6.3464555e-03  -1.9881965e-03
   2.0128854e-01   1.0641263e-01  -3.4456609e+00   8.8874219e-03  -6.1657124e-03  -1.9868207e-03
   2.1428236e-01   4.7723247e-02  -2.8015689e+00   1.4004370e-02  -5.3779938e-03  -9.2852779e-04
   1.6339283e-01   4.6100744e-02  -3.1672947e+00   1.1087273e-02  -4.7222347e-03  -2.6769556e-04
   1.5753485e-01   1.0054402e-01  -3.2188535e+00   7.8519992e-03  -4.0955476e-03  -1.0788697e-04
   1.7906198e-01   9.1084534e-02  -3.1270388e+00   1.1147983e-02  -3.4214654e-03  -4.4046667e-04
   1.6800072e-01   9.2493155e-02  -3.1901428e+00   1.1142517e-02  -3.3863029e-03  -3.0894559e-04
   1.7599760e-01   7.6457966e-02  -3.2662452e+00   1.0547642e-02  -2.2104649e-03  -5.6939668e-04
   1.6328994e-01   1.0776794e-01  -3.4701275e+00  -2.8543319e-03  -7.0292388e-04  -6.8361370e-04
   6.1770208e-02   6.5763752e-02  -3.5809358e+00   1.9442412e-03  -2.9282408e-03   1.4207776e-03
   1.1950215e-01  -8.6184399e-02  -3.4403328e+00   7.4732617e-03  -1.6838394e-03  -1.1991565e-03
   5.4057497e-02  -1.5542771e-03  -3.5336578e+00   3.0558994e-03  -7.0441715e-04   1.4661311e-03
   1.2319173e-01   9.2236545e-02  -4.3369435e+00   1.4453445e-02  -5.8795939e-03   2.6225351e-03
   2.2925505e-01   1.2378686e-01  -4.8166072e+00   7.2365119e-03  -5.8225783e-03   1.2872548e-03
   2.4822955e-01   1.5903879e-01  -4.8848155e+00   6.0641171e-03  -7.0869431e-03   1.1637657e-03
   2.3464153e-01   1.3494930e-01  -4.9090011e+00   6.1505682e-03  -7.1685342e-03   1.2067785e-03
   2.3787612e-01   1.6255268e-01  -4.8662943e+00   5.8087161e-03  -6.8632934e-03   1.3676438e-03
   2.4113164e-01   1.9131982e-01  -4.8498023e+00   3.0053416e-03  -5.1525747e-03   9.8178387e-04
   2.5437143e-01   1.4348788e-01  -4.7595655e+00   5.6631808e-03  -5.4224700e-03   7.7169592e-04
   2.4128189e-01   1.8016309e-01  -4.8003835e+00   4.1477176e-03  -5.1771757e-03   5.4681543e-04
   2.1914543e-01   1.7469465e-01  -4.7326172e+00   4.1486056e-03  -4.1455508e-03   6.4983972e-04
   2.4444683e-01   1.4556253e-01  -4.6870104e+00   5.2853837e-03  -4.1150586e-03  -1.6547980e-04
   2.5044926e-01   1.3409209e-01  -4.6850745e+00   5.3005072e-03  -4.3188552e-03  -3.4264356e-04
   2.5166015e-01   1.4753900e-01  -4.6944777e+00   5.4375617e-03  -3.8497538e-03  -5.6202132e-04
   2.7262408e-01   1.5786867e-01  -4.7281334e+00   5.5557711e-03  -4.4741583e-03  -4.3274051e-04
   2.6523827e-01   1.6143463e-01  -4.6966455e+00   5.4605847e-03  -4.1429995e-03  -6.6933772e-04
   2.6988935e-01   1.6534208e-01  -4.6933574e+00   6.2444402e-03  -3.6473761e-03  -7.7007166e-04
   2.6675541e-01   1.6336051e-01  -4.7186875e+00   5.4741603e-03  -4.0074837e-03  -6.2915378e-04
   2.3689234e-01   1.7089125e-01  -4.6257312e+00   5.2022803e-03  -2.7725919e-03  -6.5779756e-04
   2.2140030e-01   5.7128483e-02  -4.3182692e+00   4.9821399e-04  -4.8879248e-03  -1.7519705e-03
   1.6852507e-01   2.0756619e-01  -4.6627518e+00  -1.2910396e-03   2.1862447e-04  -6.4692645e-05
   1.0126963e-01  -6.2545650e-02  -4.2329313e+00   2.1305365e-02  -4.4084596e-03   1.4941553e-03
   9.7188111e-02  -1.3338032e-02  -3.6868730e+00   2.2202741e-02  -6.0868808e-03   1.0748007e-03
   1.2614447e-01   8.9929542e-02  -4.3114769e+00   1.0775703e-02  -7.9948825e-03   5.3890521e-04
   1.2772756e-01   1.1794072e-01  -4.2597281e+00   8.8368518e-03  -7.0246251e-03   1.1422123e-04
   1.4072478e-01   1.1450599e-01  -4.2595633e+00   6.0117703e-03  -6.5421840e-03  -3.4275534e-04
   1.5723201e-01   9.9784983e-02  -4.2600208e+00   5.5173347e-03  -6.2337618e-03  -6.3128201e-04
   1.5464160e-01   1.1335801e-01  -4.2259998e+00   5.5698891e-03  -6.1813107e-03  -9.3174787e-04
   1.5083316e-01   1.1212881e-01  -4.2050262e+00   5.5394210e-03  -6.4182955e-03  -8.9207413e-04
   1.4406774e-01   1.2801356e-01  -4.1606267e+00   5.8029777e-03  -4.4794806e-03  -1.1486840e-03
   1.4487524e-01   1.5190414e-01  -4.1236138e+00   5.7447144e-03  -4.1175085e-03  -1.1116402e-03
   1.5868509e-01   1.7307896e-01  -4.0925607e+00   5.8435846e-03  -4.3728488e-03  -1.2703261e-03
   1.5308507e-01   1.4577606e-01  -4.0651534e+00   6.5314383e-03  -3.2100798e-03  -1.1808581e-03
   1.6622194e-01   1.3007259e-01  -4.0565478e+00   5.6408283e-03  -2.3596079e-03  -1.4945531e-03
   1.0620334e-01  -1.3079221e-02  -3.3426981e+00   2.0446254e-02  -7.7060535e-03  -1.5608911e-04
   1.6440018e-01   6.2365033e-02  -3.7314416e+00   1.2275689e-02  -6.0542685e-03  -9.5939644e-04
   1.7682448e-01   8.1622768e-02  -3.7538275e+00   1.2761147e-02  -6.8911092e-03  -1.1479204e-03
   1.7915671e-01   9.9216125e-02  -3.8106903e+00   1.1300197e-02  -7.3587692e-03  -1.1496167e-03
   1.6260457e-01   6.8679888e-02  -3.7502795e+00   1.1708659e-02  -7.0832497e-03  -1.1727328e-03
   1.6131431e-01   1.1130546e-01  -3.8370013e+00   6.7758413e-03  -6.0135156e-03  -1.3312401e-03
   1.4625471e-01   7.5915177e-02  -3.1439149e+00   8.3872784e-03   5.1005217e-04  -1.7457478e-03
   1.4832404e-01   8.0338583e-02  -3.3348495e+00   1.0286871e-02  -4.7113356e-03  -6.1300696e-04
   1.3881165e-01   1.7371696e-01  -3.4623243e+00   5.5735757e-03  -2.7018884e-03  -1.8393225e-03
   1.5578530e-01   1.3893203e-01  -3.4939538e+00   6.4288258e-03  -3.4861983e-03  -8.2812873e-04
   1.8157774e-01   1.5318207e-01  -3.5622083e+00   8.2455272e-03  -2.9912001e-03  -1.3602601e-03
   1.7829211e-01   1.2559050e-01  -3.6578067e+00   4.5459625e-03  -3.2104949e-03  -7.9204187e-04
   1.8089516e-01   6.7657462e-02  -3.5224688e+00   1.0260623e-02  -4.1438160e-03  -1.0189742e-03
   2.0658468e-01   1.5293968e-01  -3.5935807e+00   7.1091270e-03  -3.4930236e-03  -1.3819352e-03
   2.3280689e-01   1.0131032e-01  -3.5931058e+00   7.6940474e-03  -3.6515819e-03  -1.8482163e-03
   2.3596792e-01   1.1870589e-01  -3.6401662e+00   4.8949292e-03  -3.2852618e-03  -2.1370487e-03
   2.0509865e-01   1.2949280e-02  -3.0702084e+00   1.6214608e-02  -1.9929772e-03  -1.1347993e-03
   2.0338921e-01   1.1899633e-02  -3.8253129e+00   1.3162220e-02  -3.5372900e-03  -1.4419634e-03
   1.5088020e-01   8.0773104e-02  -3.9392432e+00   1.1649948e-02  -3.7806810e-03  -1.2861200e-03
   1.7063675e-01   1.1270621e-01  -4.0525825e+00   8.9904357e-03  -4.3194805e-03  -1.4839964e-03
   1.9903282e-01   6.0849032e-02  -4.1568926e+00   1.0102724e-02  -7.8765173e-03  -1.3517692e-03
   2.1838772e-01   1.1157482e-01  -4.1632938e+00   1.0208771e-02  -7.6222337e-03  -1.5512370e-03
   2.2302323e-01   1.0227998e-01  -4.1226735e+00   9.5068648e-03  -6.6974028e-03  -1.7489565e-03
   2.3336374e-01   7.9843334e-02  -4.1802860e+00   9.9114160e-03  -6.3800874e-03  -2.1454263e-03
   2.3319076e-01   1.1134409e-01  -4.1701850e+00   1.0276854e-02  -5.9697455e-03  -2.2261500e-03
   2.3930516e-01   6.6856194e-02  -4.1341207e+00   9.7992173e-03  -5.3077904e-03  -2.3612898e-03
   2.3926580e-01   1.1642519e-01  -4.1405733e+00   1.0281434e-02  -4.8867004e-03  -2.3350383e-03
   2.4197584e-01   1.1697301e-01  -4.1464430e+00   9.1332177e-03  -4.6919538e-03  -2.3556767e-03
   2.3850627e-01   1.2595089e-01  -4.1310064e+00   9.8233912e-03  -4.5732141e-03  -2.1854500e-03
   2.5290047e-01   8.1581114e-02  -4.1051666e+00   1.0975340e-02  -5.2160655e-03  -2.6027383e-03
   2.2638165e-01   8.4979271e-02  -4.1000603e+00   1.0461583e-02  -2.9736234e-03  -2.3197068e-03
   1.6966354e-01   6.8619688e-02  -3.8011178e+00   2.0360987e-02  -1.0880065e-02  -4.3854801e-04
   2.1525342e-01   4.1416164e-02  -4.2060710e+00   1.4010047e-02  -8.9208147e-03  -1.3343762e-03
   2.3374254e-01   9.6412403e-02  -4.1835934e+00   1.2809657e-02  -8.9660992e-03  -1.5922907e-03
   2.3075134e-01   1.4593058e-01  -4.0919625e+00   1.1841636e-02  -8.8546211e-03  -1.3102966e-03
   2.4722069e-01   1.4413658e-01  -4.1819068e+00   8.8084215e-03  -8.0356241e-03  -1.5499658e-03
   2.7549339e-01   1.0967026e-01  -4.0511549e+00   1.1471417e-02  -6.8215378e-03  -2.0723521e-03
   2.7070448e-01   7.5125496e-02  -4.0589222e+00   1.1839272e-02  -6.6431760e-03  -2.2679279e-03
   2.7082156e-01   1.1690350e-01  -4.1295722e+00   1.0680491e-02  -6.0316603e-03  -2.2990671e-03
   2.6226678e-01   7.8700553e-02  -4.1512228e+00   1.0320001e-02  -5.8269293e-03  -2.2102320e-03
   1.9643858e-01   9.8196582e-02  -4.2291957e+00   3.8564616e-03  -4.6369083e-03  -3.4876097e-04
   1.5729335e-01   7.8825573e-02  -3.8653165e+00   1.2930462e-02  -7.1277593e-03   6.4499397e-05
   2.2067042e-01   1.4569507e-01  -3.9222635e+00   1.1687535e-02  -7.7242712e-03  -5.1759036e-04
   2.1773763e-01   8.2400756e-02  -3.9107069e+00   1.2101029e-02  -8.2177670e-03  -8.0810789e-04
   2.1594655e-01   7.4836268e-02  -3.7941416e+00   1.4384856e-02  -7.7908815e-03  -1.0465375e-03
   1.8154464e-01   2.0702010e-02  -3.6460886e+00   1.2292805e-02  -8.6543665e-03  -7.3922772e-04
   1.5782669e-01   9.7565253e-02  -3.6405155e+00   1.1853378e-02  -6.9787508e-03   1.2763639e-04
   1.6813955e-01   1.3983640e-01  -3.7541995e+00   1.0158179e-02  -6.8930792e-03  -5.7251716e-05
   1.9235885e-01   1.1921851e-01  -3.7636734e+00   9.9539015e-03  -6.6644464e-03  -5.8234223e-04
   1.8313002e-01   1.3907923e-01  -3.7364367e+00   1.0467742e-02  -5.5938845e-03  -4.6367621e-04
   1.9490063e-01   1.2517436e-01  -3.8112577e+00   9.6007004e-03  -5.4254388e-03  -6.3482468e-04
   2.0320490e-01   9.5375839e-02  -3.7605129e+00   1.0460278e-02  -5.9044065e-03  -9.2840800e-04
   2.0231050e-01   8.0522915e-02  -3.7296797e+00   1.2236304e-02  -5.6478388e-03  -8.5615791e-04
   2.1733132e-01   1.2249781e-01  -3.7650685e+00   1.1850031e-02  -5.3172912e-03  -1.2126136e-03
   1.5611140e-01   4.0715390e-02  -3.2467171e+00   1.4245405e-02  -9.5243674e-03   2.0770660e-04
   2.0585867e-01   1.2061896e-01  -3.6206687e+00   6.0143610e-03  -8.1985654e-03  -8.3859174e-05
   7.9484256e-02  -3.6983189e-03  -3.2025431e+00   8.6003152e-03  -7.1578144e-03   1.6103302e-03
  -2.5000787e-02   1.1524958e-01  -3.2305014e+00   1.3955111e-02  -4.1487277e-03   1.6275650e-03
   7.4384269e-02   6.8224171e-02  -3.3019892e+00   1.8105275e-02  -7.4217675e-03   9.8336827e-04
   9.9508407e-02   3.3013541e-02  -3.4185758e+00   1.6404617e-02  -7.6094928e-03   3.4030960e-04
   1.1619128e-01   9.1712999e-02  -3.5123295e+00   1.6030000e-02  -6.7936903e-03   2.5649664e-05
   1.0898830e-01   1.0909756e-01  -3.5014284e+00   1.4689152e-02  -5.6738221e-03  -3.5995280e-05
   1.4535558e-01   7.8816378e-02  -3.5992737e+00   1.5022250e-02  -4.6067649e-03  -5.8927262e-04
   1.3159411e-01   1.3018519e-01  -3.6283709e+00   1.4063090e-02  -3.8903031e-03  -1.9915746e-04
   1.4746943e-01   4.8577960e-02  -3.6328762e+00   1.5174273e-02  -3.4140009e-03  -8.8627830e-04
   1.4661488e-01   7.2490027e-02  -3.6780273e+00   1.4561795e-02  -3.4046858e-03  -7.7275206e-04
   1.7253243e-01   7.3317320e-02  -3.6365814e+00   1.5767598e-02  -2.9583172e-03  -1.1024003e-03
   1.4953077e-01   5.8438554e-02  -3.6581248e+00   1.4823613e-02  -2.2031850e-03  -8.2230349e-04
   9.0334749e-02   1.0270517e-01  -3.5629311e+00   6.4698102e-03  -5.5767132e-03   5.5437543e-04
   7.5086353e-02   5.5536255e-02  -3.6188005e+00   1.2918248e-02  -6.0215253e-03   9.9422507e-04
   9.3747240e-02   7.7991808e-02  -3.4681603e+00   2.0980572e-02  -5.0078616e-03   6.6741312e-04
   9.2136800e-02   3.1292288e-02  -3.6631905e+00   2.0807831e-02  -8.4172610e-03   1.0342629e-03
   1.2086663e-01   3.4116344e-02  -3.7196641e+00   1.7099067e-02  -9.2696510e-03   8.5178154e-04
   1.4833259e-01   4.3812069e-02  -3.8639714e+00   2.0632073e-02  -9.0431586e-03   2.7826637e-04
   1.7798364e-01   7.6882531e-02  -4.0312275e+00   1.6782343e-02  -8.7687573e-03  -4.2916376e-04
   1.4906036e-01   1.3000748e-01  -3.9606590e+00   1.6996303e-02  -8.6720305e-03   9.4579879e-05
   1.8521325e-01   1.3253011e-01  -3.9849149e+00   1.5904460e-02  -8.1309026e-03  -4.3399265e-04
   1.7020512e-01   1.5154800e-01  -4.0579524e+00   1.3758113e-02  -8.2621766e-03  -1.6562019e-04
   1.7505168e-01   1.3001532e-01  -4.0677757e+00   1.3912662e-02  -7.7940373e-03  -2.9398002e-04
   1.7029552e-01   1.1557084e-01  -4.0042046e+00   1.3745152e-02  -7.6077517e-03  -3.7311900e-04
   1.6139481e-01   1.5146341e-01  -4.0714156e+00   1.3291222e-02  -7.8083940e-03  -3.1606934e-04
   1.5576940e-01   1.1832326e-01  -4.0048111e+00   1.4334651e-02  -6.8597132e-03  -2.6984347e-04
   1.6367102e-01   1.3432008e-01  -3.9830246e+00   1.4991737e-02  -6.5737824e-03  -4.8066332e-04
   1.7463653e-01   7.4902118e-02  -4.1102284e+00   8.1201525e-03  -7.2302916e-03  -3.8922473e-04
   2.6350531e-01   1.3169856e-03  -3.9973338e+00   1.2174741e-02  -7.1622355e-03  -3.6223084e-04
   1.3067844e-01  -5.8018667e-03  -3.6988834e+00   1.4985072e-02  -7.8557664e-03   8.6178934e-04
   1.8032128e-01  -6.7876344e-02  -3.8589328e+00   2.6584091e-02  -7.8953576e-03   5.6574858e-04
   2.1919631e-01   2.3829717e-02  -4.5817158e+00   1.2892596e-02  -8.3309803e-03  -4.7164822e-04
   2.4577098e-01   4.9459387e-02  -4.4282929e+00   1.3723190e-02  -8.7472810e-03  -2.7135141e-04
   2.5865081e-01   8.8686634e-02  -4.4235602e+00   1.2513976e-02  -9.0479061e-03  -7.6092791e-04
   2.5386133e-01   8.1761158e-02  -4.2567118e+00   1.3632646e-02  -7.3509455e-03  -9.9701557e-04
   2.4408113e-01   9.0153335e-02  -4.2684611e+00   1.3029048e-02  -6.9256436e-03  -1.1192762e-03
   2.2183069e-01   7.0488969e-02  -4.1609766e+00   1.3585858e-02  -7.7202610e-03  -6.2175222e-04
   2.2256170e-01   9.1523511e-02  -4.1295510e+00   1.4060558e-02  -7.0336656e-03  -1.1808987e-03
   2.2511140e-01   5.0638530e-02  -4.1471463e+00   1.3974651e-02  -6.5826887e-03  -9.5699781e-04
   2.3311500e-01   1.2891018e-01  -4.1797873e+00   1.3111353e-02  -6.8521502e-03  -1.0694723e-03
   2.3531212e-01   5.7738176e-02  -4.1432638e+00   1.2969543e-02  -6.3394415e-03  -1.1239756e-03
   2.3456138e-01   1.0865491e-01  -4.1809705e+00   1.2790818e-02  -5.8313779e-03  -1.2323119e-03
   2.2694730e-01   5.8744682e-02  -4.1792199e+00   1.3064631e-02  -5.2363230e-03  -1.3252584e-03
   2.2021960e-01   1.1599034e-01  -4.1669474e+00   1.2932114e-02  -5.6923546e-03  -1.2241227e-03
   2.4052524e-01   7.5936207e-02  -4.1609516e+00   1.3608695e-02  -5.0960123e-03  -1.5123871e-03
   2.3303302e-01   1.0091200e-01  -4.1592243e+00   1.3894031e-02  -5.4562846e-03  -1.5310383e-03
   2.4504648e-01   1.0940114e-01  -4.2564999e+00   8.7700859e-03  -8.0205437e-03  -1.1793418e-03
   1.0551939e-01   4.5433356e-02  -3.7759023e+00   1.3461578e-02  -7.1245171e-03   1.3564229e-03
   1.4749759e-01   7.3675174e-02  -3.8955037e+00   1.5501445e-02  -6.7427653e-03   7.1657679e-04
   1.8194259e-01   1.0108592e-01  -3.8935538e+00   1.4859108e-02  -6.6763476e-03   6.1687271e-06
   1.9108632e-01   6.3034941e-02  -3.9429874e+00   1.4129685e-02  -6.0716929e-03  -4.4998345e-04
   1.8757332e-01   1.1403496e-01  -3.9225406e+00   1.5731657e-02  -5.8319926e-03  -3.9736120e-04
   2.2445426e-01   1.2131319e-01  -4.1611675e+00   1.3050397e-02  -5.1510822e-03  -1.0755265e-03
   2.0296812e-01   1.2324477e-01  -4.1193963e+00   1.2764746e-02  -4.5355799e-03  -9.2788692e-04
   2.1400672e-01   1.3080713e-01  -4.0886531e+00   1.3541293e-02  -4.4432163e-03  -1.0857000e-03
   2.0895818e-01   1.3833545e-01  -4.0745070e+00   1.2574115e-02  -3.1964780e-03  -1.1765619e-03
   2.0940849e-01   1.0276377e-01  -4.0333360e+00   1.3407024e-02  -3.1487422e-03  -1.0572623e-03
   2.0600359e-01   1.0714491e-01  -4.0842050e+00   1.2221176e-02  -2.8505067e-03  -1.3157563e-03
   2.2359469e-01   1.1981593e-01  -4.0515263e+00   1.2671049e-02  -3.1376151e-03  -1.4151324e-03
   2.2609492e-01   1.3047699e-01  -4.0824512e+00   1.2520915e-02  -3.2335027e-03  -1.3649780e-03
   2.3450301e-01   9.1783613e-02  -4.0640446e+00   1.3025468e-02  -3.0807212e-03  -1.5864394e-03
   2.3465871e-01   1.2722826e-01  -4.0882115e+00   1.2853352e-02  -2.9010688e-03  -1.3801391e-03
   1.5655093e-01   1.2739506e-01  -4.0703287e+00   6.7516648e-03  -3.9229874e-03  -9.9550146e-05
   7.3601701e-02   1.5604095e-01  -3.8345497e+00   1.4085739e-02  -8.4510215e-03   4.7027574e-03
   5.9052881e-02   2.3596868e-01  -4.1362645e+00   1.4217968e-02  -5.1655642e-03   7.4046741e-04
   1.0862440e-01   1.9642582e-01  -4.0400073e+00   1.5202970e-02  -7.2934723e-03   6.6476154e-04
   1.3268897e-01   2.0548761e-01  -4.1030792e+00   1.3181039e-02  -6.2299203e-03   2.8031332e-05
   1.3095778e-01   1.5767813e-01  -4.0942264e+00   1.3908165e-02  -5.9964649e-03  -1.8290246e-04
   1.3435940e-01   2.0737493e-01  -4.0851611e+00   1.3575731e-02  -6.0486409e-03  -2.7145283e-04
   1.3084883e-01   1.8047110e-01  -4.1135277e+00   1.3162013e-02  -5.2664175e-03  -3.9550596e-04
   1.4167617e-01   2.2391537e-01  -4.0984536e+00   1.1669408e-02  -5.6266567e-03  -3.3214476e-04
   1.3737769e-01   1.7862482e-01  -4.0793552e+00   1.2585565e-02  -5.0844392e-03  -1.9903920e-04
   1.3262889e-01   2.2727839e-01  -4.1317804e+00   1.2031656e-02  -5.2444810e-03  -2.4733965e-04
   1.4492514e-01   1.9823999e-01  -4.1251300e+00   1.1626956e-02  -4.7634053e-03  -2.9902636e-04
   1.6593840e-01   1.8420469e-01  -4.1382013e+00   1.1963252e-02  -4.7840736e-03  -8.7562947e-04
   1.8574593e-01   8.6565498e-02  -3.8321632e+00   1.1230367e-02  -3.3215042e-03  -1.0355492e-03
   1.9615206e-01   1.1013456e-01  -3.9269029e+00   1.6126683e-02  -5.5939966e-03  -3.5720738e-04
   2.0639886e-01   1.1506484e-01  -3.8564329e+00   1.6504165e-02  -6.5672187e-03  -4.0264726e-04
   2.0722502e-01   1.3389389e-01  -3.9076463e+00   1.4420256e-02  -6.7367240e-03  -5.7329498e-04
   2.3109980e-01   5.7568927e-02  -3.8917780e+00   1.5729102e-02  -5.5796466e-03  -9.8765409e-04
   1.7926132e-01   7.7569040e-02  -3.5739614e+00   1.8224340e-02  -7.6198535e-03  -8.0187859e-04
   2.4221741e-01   1.1530468e-01  -4.4639856e+00   1.3000215e-02  -5.2228184e-03  -1.2333774e-03
   2.2289433e-01   1.3486300e-01  -4.2093168e+00   1.3810607e-02  -6.5261943e-03  -9.7867362e-04
   2.2459383e-01   1.7251384e-01  -4.2037110e+00   1.1969734e-02  -6.9542649e-03  -8.3364434e-04
   2.2128543e-01   1.8688747e-01  -4.1844484e+00   1.1996352e-02  -6.4591920e-03  -9.0422459e-04
   2.3154779e-01   1.5704887e-01  -4.1511424e+00   1.2130407e-02  -5.6952539e-03  -1.1478423e-03
   2.0987012e-01   1.0892201e-01  -4.1400492e+00   1.2266415e-02  -5.8244203e-03  -9.3883073e-04
   2.4414711e-01   9.6019294e-02  -4.1988523e+00   9.1614641e-03  -7.2463389e-03  -8.8697245e-04
   2.3327054e-01   5.6207969e-02  -3.9817739e+00   1.6539250e-02  -7.1061277e-03  -1.2058509e-03
   2.4221265e-01   1.1010534e-01  -4.0036905e+00   1.5105160e-02  -7.2283065e-03  -1.3105096e-03
   2.1949454e-01   1.3106333e-02  -3.6319286e+00   1.1813914e-02  -6.0012850e-03  -1.2964377e-03
   1.0679106e-01  -1.5556677e-01  -3.9199536e+00   2.4644718e-02  -2.3428899e-03  -1.3843757e-04
   9.1869513e-02   6.3689974e-02  -4.1609373e+00   2.0883018e-02  -4.5129408e-03   3.6297457e-04
   1.1702665e-01   6.1073273e-02  -4.1877579e+00   2.0191433e-02  -5.2403420e-03   3.8568667e-04
   1.4240020e-01   1.6565279e-02  -4.2128886e+00   2.0547908e-02  -5.2380776e-03  -7.7506664e-05
   1.3604506e-01   3.5040851e-02  -4.2284813e+00   2.0084248e-02  -4.5725492e-03  -1.1619822e-04
   1.3013074e-01   8.0184222e-02  -4.2420013e+00   1.8244145e-02  -4.5206865e-03   9.1977658e-05
   1.3052157e-01   4.9553531e-02  -4.2377584e+00   1.8227667e-02  -4.1135634e-03  -8.5002862e-06
   1.3480740e-01   7.6222676e-02  -4.2473656e+00   1.8290198e-02  -3.7183018e-03  -2.1978982e-04
   1.1364747e-01  -7.0916341e-04  -4.2021021e+00   8.6593300e-03   4.9192075e-04   2.2118553e-04
   1.6581400e-01   1.5126782e-01  -4.1376144e+00   1.1412048e-02  -6.7045747e-03   1.1175602e-03
   1.6435824e-01   1.7549030e-01  -4.2514613e+00   1.0336338e-02  -7.1480487e-03   9.6633987e-04
   1.6756172e-01   1.7511111e-01  -4.3115719e+00   1.0484669e-02  -6.9415582e-03   5.7613957e-04
   1.5525993e-01   1.3773312e-01  -4.2052751e+00   9.2090066e-03  -3.1494095e-03  -7.2002508e-04
   1.6861916e-01   1.8311509e-01  -4.3535632e+00   2.2976509e-03  -5.3906253e-03  -3.4127409e-04
   1.5404605e-01  -1.2649076e-02  -4.8091629e+00   1.0115770e-02  -1.9977797e-03   4.4576957e-04
   1.4213090e-01   4.7332896e-02  -5.6956280e+00   1.1850816e-02  -2.8473465e-03   4.7702043e-04
   1.5955586e-01   1.0014522e-01  -5.7447704e+00   1.1339074e-02  -4.1701695e-03   9.3648632e-05
   1.9821527e-01   1.0911845e-01  -5.7592962e+00   1.0571146e-02  -3.4843324e-03  -5.5252891e-04
   2.1705208e-01   9.5285186e-02  -5.7583751e+00   1.0128914e-02  -3.9149729e-03  -6.6919369e-04
   2.5814310e-01   9.4476769e-02  -5.7531529e+00   9.4448791e-03  -3.5177722e-03  -1.3403089e-03
   2.4888948e-01   1.1185875e-01  -5.7084529e+00   9.2886457e-03  -3.4517593e-03  -1.5285951e-03
   2.4781950e-01   9.9327952e-02  -5.6500069e+00   9.2679710e-03  -1.9607787e-03  -1.8174020e-03
   2.5555884e-01   1.1601802e-01  -5.6089161e+00   8.5721503e-03  -1.1896922e-03  -1.8370775e-03
   1.9592884e-01   2.0211118e-01  -5.4856261e+00  -9.3471921e-03   2.4448737e-03  -4.5210108e-04
   1.3455776e-01   2.1829549e-01  -5.0224846e+00  -3.3926917e-03   4.0136948e-04  -1.9170873e-04
   1.6125688e-01   1.7616653e-01  -4.5393131e+00   2.4291901e-03  -6.4609521e-04   2.9128223e-04
   1.7430751e-01   1.9725533e-01  -4.5401887e+00   2.4585989e-03  -1.3618017e-03   1.7341418e-04
   1.9647184e-01   2.0620337e-01  -4.5106412e+00   1.7594449e-03  -1.4892579e-03  -2.9202081e-04
   2.0942975e-01   1.8226625e-01  -4.4071124e+00   3.9713311e-03  -4.3845281e-04  -5.2898249e-04
   2.0553194e-01   1.8741944e-01  -4.3832975e+00   2.6190654e-03  -4.8232382e-04  -6.6797177e-04
   2.2312188e-01   1.2776584e-01  -4.2554009e+00   4.3511150e-03  -2.6596792e-04  -9.0661879e-04
   2.3769312e-01   1.5636981e-01  -4.2262383e+00   5.5636971e-03   3.7125393e-04  -1.2161921e-03
   2.4645733e-01   1.7036226e-01  -4.2930540e+00   3.2240435e-03  -3.7354873e-04  -1.2571856e-03
   2.4696344e-01   1.6758203e-01  -4.2692009e+00   3.2955866e-03   5.5626297e-04  -1.2497950e-03
   2.1298019e-01   5.4645022e-02  -3.9918069e+00   1.3391694e-02  -7.3198225e-03  -7.1401580e-04
   1.9700521e-01   8.5835847e-02  -4.1989156e+00   1.1348509e-02  -6.8124061e-03  -2.3130816e-04
   2.0185002e-01   1.2101018e-01  -4.2383822e+00   1.1326736e-02  -6.7216333e-03  -3.4659563e-04
   1.9288595e-01   1.0538509e-01  -4.2064741e+00   1.0766962e-02  -6.7859925e-03  -3.2531705e-04
   1.8315946e-01   1.1911798e-01  -4.1716462e+00   1.1460165e-02  -6.1876354e-03  -4.8986647e-04
   1.9210126e-01   1.1689445e-01  -3.8319670e+00   5.9143175e-03  -4.2888793e-03  -1.6283782e-03
   1.9142900e-01  -1.0891060e-02  -3.4581903e+00   7.3448689e-03  -9.0872430e-03  -9.9074839e-04
   7.4491597e-02   1.4456895e-01  -3.6286211e+00   6.0705831e-03  -5.4901255e-03   2.1311035e-03
   7.2194538e-02   1.5326942e-01  -3.6376441e+00   1.0738197e-02  -8.4320099e-03   1.8652072e-03
   9.1836607e-02   1.5582820e-01  -3.8195160e+00   8.9165024e-03  -8.9232575e-03   1.5197503e-03
   1.0601738e-01   1.6682050e-01  -3.8564633e+00   9.0921129e-03  -9.0233506e-03   1.2680837e-03
   1.1542785e-01   1.4352722e-01  -3.8921506e+00   7.9342438e-03  -8.1038936e-03   1.0038156e-03
   1.1507190e-01   1.5564302e-01  -3.8875193e+00   7.9507523e-03  -7.0940626e-03   9.2042878e-04
   1.3410071e-01   1.6915597e-01  -3.9110721e+00   7.1163735e-03  -6.5130057e-03   6.9807939e-04
   1.3561673e-01   1.4214511e-01  -3.8254247e+00   8.3349907e-03  -5.5491780e-03   2.4361142e-04
   1.5425598e-01   1.2078425e-01  -3.8589760e+00   6.7426161e-03  -6.0413126e-03   7.1096707e-05
   1.9005240e-01   1.5944381e-01  -3.8011470e+00   8.4142728e-03  -3.3478774e-03  -5.7315996e-04
   1.4284448e-01   2.1587973e-01  -3.8784331e+00   6.4151657e-03  -3.4075299e-03   4.8643811e-04
   1.9651104e-01   1.1854120e-01  -3.8395247e+00   7.6678595e-03  -1.1138960e-03  -1.1691832e-03
   2.1215410e-01   1.4704493e-01  -3.7240006e+00   7.1852406e-03  -9.1960709e-04  -1.3799887e-03
   2.0974759e-01   7.7392119e-02  -3.6106317e+00   8.3264281e-03  -1.6732242e-03  -1.0165442e-03
   2.3330906e-01   1.6700970e-01  -3.9053393e+00   1.3571973e-02  -1.8292668e-03  -1.0509119e-03
   2.2682106e-01   1.5617040e-01  -4.0240308e+00   1.1708898e-02  -2.6282777e-03  -1.0921094e-03
   2.3822724e-01   1.4436706e-01  -4.0815816e+00   1.0947212e-02  -2.3476502e-03  -1.5819611e-03
   1.6383491e-01  -1.4304066e-02  -3.7574125e+00   1.1409278e-02  -6.2125084e-03  -1.0152263e-03
   1.3609863e-01   1.3340725e-01  -3.4620879e+00   1.5146800e-02  -1.1052767e-03  -1.6427052e-04
   1.7571834e-01   1.2677688e-01  -3.7864405e+00   1.2266558e-02  -1.8605590e-03  -4.4972341e-04
   2.0909911e-01   1.1575370e-01  -3.8445614e+00   1.2453658e-02  -1.9108572e-03  -1.3475791e-03
   1.7587931e-01   9.9223020e-02  -3.8295271e+00   1.1309595e-02  -1.8112564e-03  -1.1617229e-03
   1.9228183e-01   8.2178921e-02  -3.8402952e+00   1.1886500e-02  -1.4552318e-03  -1.2506789e-03
   1.9647171e-01   9.5217635e-02  -3.8388128e+00   1.1823503e-02  -1.8172637e-03  -1.2923696e-03
   2.0758925e-01   1.1111591e-01  -3.8208096e+00   1.0315065e-02  -1.6433596e-03  -1.5475003e-03
   2.1566917e-01   9.9855673e-02  -3.7773767e+00   1.2276217e-02  -1.0168103e-03  -1.7014828e-03
   2.1374397e-01   1.0546680e-01  -3.7793150e+00   1.1705635e-02  -8.7940971e-04  -1.6379217e-03
   2.1080342e-01   1.4394390e-01  -3.7770267e+00   1.2306855e-02  -1.2055200e-03  -1.4009199e-03
   2.0487290e-01   1.0697939e-01  -3.7784027e+00   1.1547475e-02  -9.0698310e-04  -1.3778614e-03
   2.1403795e-01   9.1699888e-02  -3.7843255e+00   1.2850364e-02  -3.6521548e-04  -1.5672632e-03
   1.8942800e-01   7.6172045e-02  -3.8397646e+00   8.2839317e-03  -8.6921429e-04  -8.1174737e-04
   1.8438094e-01  -2.0163786e-02  -3.8879206e+00   2.4589249e-02  -3.2136296e-04  -4.2555838e-04
   1.6821144e-01   5.2245087e-02  -4.2252908e+00   1.9942547e-02  -1.2420689e-03  -9.9882716e-04
   1.8906706e-01   1.0774845e-01  -4.2206505e+00   1.7993040e-02  -3.6541759e-03  -7.8277449e-04
   1.8528239e-01   9.9019436e-02  -4.2807087e+00   1.7685921e-02  -4.2802648e-03  -7.8425299e-04
   1.6881155e-01   1.1676356e-01  -4.3109838e+00   1.7210644e-02  -4.3785341e-03  -7.0403017e-04
   1.5615956e-01   9.1510549e-02  -4.3028988e+00   1.7124881e-02  -3.1568014e-03  -9.6717625e-04
   1.6902682e-01   1.1551374e-01  -4.3060747e+00   1.6176071e-02  -2.6889816e-03  -8.5156379e-04
   1.8744525e-01   1.0602070e-01  -4.3127108e+00   1.5969767e-02  -2.2271545e-03  -1.2527379e-03
   1.7361666e-01   1.1399261e-01  -4.3489055e+00   1.5023434e-02  -2.0867623e-03  -1.0466429e-03
