   0.0000000e+00  -5.0486976e-15   0.0000000e+00   0.0000000e+00   0.0000000e+00  -1.2041449e-18
   1.5920724e-02  -7.2071788e-02  -3.6847012e-01  -4.5032143e-03  -1.9506152e-03  -1.7305273e-03
   4.0310173e-02  -2.5847602e-02   7.9665057e-02  -2.0215150e-03  -8.5449961e-03  -1.3494587e-03
   1.3429653e-02  -6.3845097e-02   3.9359900e-01   1.1995789e-03  -2.9112248e-03  -1.2540366e-04
   1.9759400e-02  -1.8542444e-02  -2.3695791e-02  -9.1480139e-04  -5.5851934e-03  -8.0010687e-04
   6.8360265e-02  -1.1917769e-01   1.5721126e-01   3.7029843e-03  -6.9330467e-03   3.6563432e-04
   7.2604804e-02  -2.2781008e-02  -1.2469105e-01  -8.6298925e-04  -7.0714347e-03  -3.4092308e-05
   8.3038437e-02  -9.5850010e-02  -2.3496632e-02  -2.8395275e-03  -3.4369357e-03  -3.3255514e-04
   4.0986167e-02  -9.3714886e-02   6.4566820e-02  -5.0816938e-04  -6.1368498e-03  -6.8912795e-04
   1.5551142e-02  -5.3913437e-03   8.2767584e-02  -5.8633796e-03  -2.1258237e-03  -1.7350220e-03
   5.7200619e-02  -6.2453515e-02   3.5486107e-01   1.7552455e-03  -6.9493535e-03   3.0528027e-04
   2.0197427e-02  -1.0137788e-01   8.7411418e-01   5.1701677e-03  -8.4008904e-03   8.3889096e-04
   9.6960593e-02  -1.3657066e-01   2.5597581e-01   2.3561356e-03  -8.2579566e-03  -6.9838583e-04
   8.8208811e-02   6.3792606e-02  -5.7503143e-02  -9.7451766e-03  -8.0341410e-03   1.1636015e-05
  -4.5895206e-03   6.1012404e-01   2.6562676e-01  -2.1195340e-02  -4.1580212e-03  -1.6007400e-03
  -1.6448116e-01   5.0258219e-01   6.5195847e-01  -3.3975689e-02  -7.2522258e-04  -3.2556394e-03
   2.8319956e-04   4.8002058e-01   2.2640840e+00  -4.0644917e-03  -5.5794789e-05  -5.2237675e-05
   2.3483497e-03   3.3877381e-01   1.9307751e+00  -6.9909025e-03  -2.2539666e-03  -1.3924367e-03
   6.2600330e-02   6.8533077e-03   1.1684994e+00  -1.1117661e-02  -8.1948588e-03  -1.4573724e-03
  -1.3746537e-01  -1.3225277e-01   1.4727790e+00  -7.7356967e-04   2.1368535e-03   4.9947658e-03
   1.9948594e-02   1.7910037e-02   1.4739899e+00  -9.0199201e-03  -1.7632830e-03   5.3892948e-03
  -3.8672524e-02  -7.4164584e-02   1.4883851e+00  -8.5759412e-03   2.9716015e-04   5.6400444e-03
  -3.2987040e-02   4.4812694e-02   1.3728108e+00  -1.2404793e-02   7.0851818e-04   1.3809239e-03
   4.6827037e-02   3.6129578e-03   1.6111113e+00  -8.3946381e-03  -4.7272895e-03   3.2248752e-04
   2.0529353e-02  -3.4044453e-02   1.6303705e+00  -6.2858424e-03  -4.8166474e-03  -1.1314844e-03
   7.2280803e-02   6.9708669e-02   1.5098357e+00  -1.0728165e-02  -8.6586523e-03  -2.6862242e-03
   1.3282876e-01  -4.5424692e-02   1.8284908e+00  -5.7633877e-03  -1.7532131e-02  -5.9324422e-04
  -6.5373131e-03   7.6927736e-02   1.8671858e+00   3.0008341e-04   1.7632752e-04   5.6745422e-03
  -6.2474385e-02   4.6390222e-01   7.0411624e-01  -1.9711417e-02   3.2943454e-03  -1.4260402e-03
  -2.2005215e-02   4.5161806e-01   7.5287690e-01  -1.9850681e-02  -1.7908769e-03  -1.8489070e-03
  -1.0003508e-02   4.5656038e-01   6.5296403e-01  -2.0299373e-02  -3.1435102e-03  -2.1632235e-03
   3.3819823e-02   3.7669397e-01   9.1902351e-01  -2.1237758e-02  -4.2318034e-03  -2.8335361e-03
   7.8067284e-02   2.3719134e-01   1.0727252e+00  -1.5346838e-02  -5.2545606e-03  -2.8178389e-03
   5.6164935e-02   2.5373577e-01   1.1784056e+00  -1.3114367e-02  -7.0131382e-03  -1.6882657e-03
   3.5034199e-02   1.8224195e-01   1.3621532e+00  -1.2290211e-02  -9.2712954e-03  -2.9049557e-03
   7.6756798e-02   1.4880634e-02   1.7767975e+00  -2.1929756e-03  -9.7562651e-03  -2.8385226e-03
   1.1121501e-01   6.6330168e-02   1.4952023e+00  -8.5451189e-03  -8.4889515e-03  -2.9860001e-03
   7.9977754e-02  -8.8485116e-02   1.4531323e+00  -1.9701295e-03  -8.4137255e-03  -2.9267051e-03
   1.7448775e-01   2.9509925e-01   1.2946518e+00  -1.1648661e-02  -9.0862678e-03  -3.1647724e-03
   4.0057906e-02   1.4223462e-01   1.3797387e+00  -1.7168289e-02  -8.3591068e-03  -4.8380617e-03
  -7.3825549e-02  -9.3361484e-02   1.4808164e+00   1.6747039e-04  -8.9430643e-03   1.3279428e-03
  -2.5173176e-02  -1.5447230e-01   9.5033448e-01  -6.8569209e-03  -6.6997011e-03   7.7820322e-04
   7.1810957e-02  -8.2742406e-02   1.0234060e+00  -7.9186321e-03  -1.2707602e-02  -1.1326071e-03
   4.7362844e-02  -1.9156238e-01   1.0699127e+00  -3.3581162e-03  -1.0321763e-02  -2.5660639e-03
  -8.3067728e-03  -1.1136846e-01   1.4286414e+00  -3.0541472e-03  -1.0749062e-02  -3.6743600e-03
   3.1493501e-02  -1.5750577e-01   1.4598800e+00  -8.3409704e-04  -1.3236626e-02  -2.9772344e-03
  -1.5137543e-02  -1.4242871e-01   1.5963577e+00   7.0987335e-04  -1.1953396e-02  -3.8617512e-03
   9.5634477e-02  -1.5738190e-01   1.7185267e+00   3.0302243e-03  -8.3404767e-03  -3.1606938e-03
   2.0628926e-02   2.5596671e-02  -4.4020537e-01  -9.2651558e-03  -3.8651357e-03   2.8372562e-05
   1.6963176e-02  -9.2741342e-03  -6.4364605e-02  -2.0420396e-02  -5.0943766e-04  -1.7071183e-03
   6.4214751e-02   1.5552434e-01   1.0925803e+00  -7.9630895e-03  -1.1098315e-02  -2.3271706e-03
   4.1925296e-02   1.5226357e-01   8.7739989e-01  -1.1782506e-02  -1.0153637e-02  -1.5926085e-03
   3.7924328e-02   1.0694484e-01   1.2777998e+00  -3.7904162e-03  -7.1066904e-03  -1.1166829e-03
   7.2982928e-02   1.1458602e-01   1.0700513e+00  -8.0064125e-03  -8.9452548e-03  -1.4228315e-03
   6.9522472e-02  -8.5315596e-03   1.1406236e+00  -6.3748630e-03  -5.8269965e-03  -1.9585135e-03
   7.2641120e-02   6.1153966e-02   1.0060544e+00  -7.7852201e-03  -8.9637638e-03  -1.6959719e-03
   1.4437700e-01   2.8614588e-01   1.6241176e+00  -1.4260977e-02  -5.4570719e-03  -2.3490987e-03
   1.3333010e-01   2.1356923e-02   4.6816374e-01  -5.5296129e-03  -1.0178337e-02  -7.9559464e-04
  -1.3561620e-02   7.6110169e-02   1.0170709e+00   1.6801812e-03   4.3324149e-04  -1.1535822e-03
   4.5576677e-02   1.3535871e-01   1.0886896e+00  -1.8197088e-02   3.6710259e-04  -2.2557524e-03
   1.4357934e-01   2.3662940e-01   9.2312454e-01  -2.7491881e-02   1.6949430e-04  -4.9867419e-03
   6.9606367e-02   3.9681530e-02   1.1357537e+00  -5.0126250e-03  -7.4655517e-03  -3.8910562e-04
   1.3593821e-01   1.9671487e-03   1.0755759e+00  -7.1973438e-03  -9.6519212e-03  -5.1583175e-04
   1.5604851e-01   8.9267773e-03   1.1217998e+00  -5.6613855e-03  -1.0261777e-02  -8.9021754e-04
   1.2876449e-01  -2.8513255e-02   1.2709800e+00  -3.1572283e-03  -1.0432291e-02  -4.8448262e-05
   7.1156481e-02   8.2996672e-02   2.0049480e+00   6.6635218e-03   1.5845122e-04  -1.7953665e-04
   1.2133586e-01   5.6539455e-01   1.1810857e+00  -1.4039259e-02  -4.0663066e-03  -1.3985011e-03
   7.1108392e-02   1.2124251e-01   1.7986053e-01  -1.7694650e-02  -2.1881021e-03  -1.6302580e-03
  -1.4300806e-02  -1.3109412e-02   6.7520140e-01   4.0995474e-03  -3.2185028e-03   1.9504927e-04
   8.1555075e-02  -5.6827180e-02   6.6845960e-01   4.9123620e-03  -5.1488932e-03  -1.5584781e-03
   8.8015289e-02  -1.2969964e-01   1.4280781e+00   5.9275770e-03  -2.9301326e-03  -1.7140008e-03
   1.1182319e-01  -4.4481346e-01   9.5601460e-01   1.3518117e-02  -8.2759289e-03  -2.5171975e-03
   5.0984867e-03  -4.8862244e-01   1.3416395e+00   1.1406938e-02  -4.2885556e-03  -4.0876593e-03
  -7.3055350e-02  -4.8765515e-01   2.0125553e+00   1.3208821e-02  -4.7848279e-03  -2.0539564e-04
  -2.7826937e-03  -5.3922083e-01   1.8859872e+00   3.5271046e-02  -5.7709000e-03  -7.0302728e-04
   3.5951613e-02  -7.5275009e-01   1.4858260e+00   2.9879572e-02  -1.1242843e-02  -1.6625842e-03
  -7.3474826e-02  -8.9453912e-01   1.6791270e+00   3.4291250e-02  -8.2540494e-03   1.4610883e-04
   1.0745917e-01  -4.6549853e-01   1.2905723e+00   2.1187164e-02  -1.3091730e-02  -1.1498169e-03
   3.0775076e-02  -7.2104879e-01   1.5651563e+00   2.9717304e-02  -1.0697862e-02  -1.6967218e-03
   2.2022010e-02  -9.6446164e-01   1.6413587e+00   3.5188004e-02  -9.1455156e-03  -4.0451827e-03
   2.4397628e-02  -5.3804561e-01   1.1953423e+00   2.1530286e-02  -9.5732326e-03  -2.1017616e-03
   9.2044967e-02  -7.8445539e-01   2.4012231e+00   2.6774971e-02  -5.4137155e-03  -3.0083665e-03
   3.1884858e-02  -7.3793415e-01   1.0868899e+00   1.7887329e-02  -7.1531171e-03  -1.3841734e-03
   3.4061741e-02  -8.2873320e-01   1.4749370e+00   3.0567206e-02  -6.4310393e-03  -2.6131914e-03
   1.3063840e-01  -1.6912270e-01   1.2161265e+00  -5.9249868e-03  -5.8178419e-03  -1.4603168e-03
   8.5935455e-02  -2.1836588e-01   8.2363681e-01   7.3477400e-03  -7.5220187e-03  -2.0233834e-04
   7.5448206e-02  -1.8085136e-01   1.5715436e+00   1.4274916e-02  -3.2927384e-03   1.2365161e-04
   1.3672078e-01  -1.2003551e-01   7.4389146e-01   2.8594913e-03  -8.6360139e-03  -7.4526832e-04
   1.9219012e-01  -2.1774760e-01   8.5332240e-01   5.4296456e-03  -1.1856886e-02  -4.4746170e-04
   1.7374174e-01  -2.2445826e-02   1.3117650e+00   8.1008105e-03  -6.7887381e-03  -1.3879958e-04
   1.2637276e-01  -1.9188587e-01   7.3469038e-01   5.0049386e-03  -1.0507448e-02  -1.5845668e-03
   1.6776588e-01  -1.0044155e-01   1.7001314e+00   4.3802076e-03  -7.4878244e-03  -9.7819483e-04
   1.2397074e-01   2.6844263e-02   1.5610495e+00   6.4527688e-04  -1.0706879e-02  -8.2882864e-04
   9.8318395e-02  -1.2786349e-01   1.1003847e+00   4.0920478e-04  -1.1228968e-02  -1.0668568e-03
   3.1337478e-01  -5.4644428e-02   1.0231914e+00  -9.0337301e-03  -9.7926813e-03  -2.9629792e-03
   7.9574648e-02  -1.0155425e-01   4.6001991e-01  -1.6199038e-04  -7.0181702e-03  -6.4670897e-04
   9.8840258e-02  -1.3123561e-01   3.8647865e-01   2.7713382e-03  -8.3469138e-03  -9.9242218e-04
  -8.1959672e-03   6.0132687e-02   1.4824071e+00   6.0579456e-03   1.0321450e-03  -5.2045408e-04
   1.4176316e-01   1.8904055e-02   8.6084608e-01   1.2999239e-03  -6.9262989e-03   4.4061064e-04
   1.7005798e-01  -5.2988777e-02   3.9984649e-01  -1.9998475e-03  -1.1316296e-02  -2.2016422e-04
   1.1403544e-01  -7.0436145e-02   4.2164101e-01  -6.6622421e-03  -5.0586300e-03  -1.3620490e-03
   1.1636664e-01   1.9277203e-02   7.5136058e-01  -1.0841855e-03  -6.9845377e-03  -6.2244723e-04
   7.6160292e-02   1.4926525e-01   1.2893259e+00   7.4469751e-03  -4.5384356e-03  -1.0104487e-04
   3.6223221e-02  -7.0906270e-02   5.7301051e-01  -1.5791095e-04  -5.5115246e-03  -9.5022367e-04
   1.1034862e-01   1.2745815e-01   1.2374581e+00  -9.3798382e-03   1.0142528e-04  -1.1766412e-03
   1.4317688e-01  -1.9127424e-03   1.2022542e+00  -8.0000805e-03  -1.6924319e-03  -9.6157515e-04
   1.0411954e-01  -4.5204057e-02   6.7183794e-01  -4.0850091e-03  -5.6701407e-03  -2.6587672e-05
   1.1896231e-01   1.4217212e-03   5.9097365e-01   8.8770382e-04  -8.4205236e-03  -4.6261839e-04
   9.1247570e-02  -8.6633718e-02   4.3747721e-01   2.3401835e-04  -7.7935258e-03  -8.5360753e-04
   2.1987628e-01   7.7880354e-02   6.7685871e-01   1.8547400e-03  -6.8963673e-03  -2.9199396e-05
   1.4413601e-01   1.1061019e-01   1.1278110e+00  -7.4813440e-03  -3.6809197e-03  -9.5575668e-04
   1.5281851e-01   9.8663383e-03   4.9559264e-01   7.1893783e-04  -7.7755312e-03   1.6417299e-04
   1.1901649e-01  -1.3492112e-01   4.2332438e-01   7.5798426e-03  -6.9584496e-03  -7.6298098e-04
   2.1182835e-01  -2.1195482e-01   6.3837277e-01  -7.7759201e-03  -5.7981787e-03  -1.4669626e-03
   1.8027340e-01  -2.4591244e-02   2.9033261e-01   1.4768535e-04  -1.0513224e-02   1.0546279e-04
   1.1635836e-01   7.9530440e-03   6.7256280e-01   5.1488242e-03  -5.2181708e-03   4.6953072e-04
   1.2757772e-01  -5.3165029e-02   1.7896528e-01  -1.0390106e-03  -8.1594637e-03   3.1877414e-05
   9.3945391e-02   4.5091000e-03   1.5800537e+00   9.2162476e-03  -4.8907446e-03   1.9736151e-04
   9.2482469e-02  -4.8395760e-02   6.1671546e-01  -3.4399160e-03  -7.5333158e-03  -3.8099695e-04
   9.2880994e-02   1.0228312e-01   1.5331105e+00   7.3622606e-03  -1.3033778e-03   1.7330513e-04
   2.3000540e-01   1.4999579e-01   4.0372329e-01  -1.6985535e-02  -5.0690510e-03  -1.4346589e-03
   1.5793557e-01  -3.4412309e-02   1.9516058e-01  -6.5401058e-03  -6.6612907e-03  -7.7921493e-04
   1.3445631e-01  -3.7065176e-02   4.3362529e-01   2.2062525e-03  -9.2838214e-03  -7.8613169e-05
   1.2825102e-01  -9.4696523e-02   8.2671911e-02   1.7086741e-03  -7.9710363e-03  -7.8916948e-04
   1.2332200e-01  -1.9116897e-01   2.0301968e-01   1.7115353e-03  -5.2789444e-03  -1.3827756e-03
   1.0171398e-01  -9.7374019e-02  -2.9704235e-01  -6.1878796e-03  -6.3579641e-03   3.9543807e-04
   4.3498810e-02   5.5924652e-02   9.0709745e-01   1.9807201e-04  -1.1699892e-03  -1.3956925e-04
   9.1297526e-02  -5.4325752e-02   2.3497184e-01   1.4896743e-03  -6.4959184e-03  -3.1828957e-05
   1.5714668e-01   4.1281382e-02   7.4290607e-01  -1.2212706e-02  -1.9870159e-03  -1.5406475e-03
   1.1110988e-01  -1.1120870e-01   3.5156549e-01   1.1274548e-03  -6.9947110e-03   1.6112922e-04
   2.0101200e-01   3.7844339e-03   7.3777509e-01  -3.1115406e-03  -3.3610124e-03  -4.7440571e-04
   1.3347481e-01  -1.3054089e-01   1.9306451e-01  -3.4348745e-03  -9.7657596e-03  -1.0791541e-04
   1.4828766e-01  -1.4515299e-01   4.4370902e-01   5.5383216e-05  -8.5509239e-03  -2.6143319e-04
   1.7418270e-01  -1.8708447e-01   2.6332642e-01  -9.3531633e-04  -9.5129170e-03  -4.1096931e-04
   1.1916838e-01  -2.0257508e-01   2.0783640e-01   4.2047040e-03  -8.2352433e-03  -3.6068376e-04
   1.2977240e-01  -1.2213429e-01   1.0147395e+00   1.1567914e-02  -3.6851408e-03   3.9668051e-05
   9.7614589e-02  -8.7746128e-02   1.2377972e+00   5.8508411e-03  -1.2687048e-03   9.4192182e-04
   1.2096065e-01  -6.0639926e-03   8.2313964e-01   5.7975111e-03  -3.3712906e-03   6.1671066e-04
   1.7939421e-01  -3.9347796e-02   1.3222883e-01  -1.7680607e-03  -5.7365943e-03  -6.6855765e-04
   1.2529678e-01  -7.5154327e-02   2.2203968e-01  -2.8188688e-03  -6.8827180e-03   1.7828602e-04
   1.0067654e-01  -1.4231017e-01   6.2820595e-01  -4.7596486e-04  -1.1826884e-02   6.4359316e-04
   7.7707239e-02  -1.5193520e-01   4.4470313e-01  -1.7974202e-03  -9.6462591e-03  -4.1726400e-04
   1.9133442e-01  -1.0977624e-01   2.1434802e-01  -3.0440947e-03  -9.5069235e-03   2.7178527e-04
   1.3791339e-01  -8.3835855e-02   1.2663744e-01  -4.1183067e-03  -9.8004715e-03   7.3739703e-04
   1.6836875e-01  -7.2447063e-02   3.8876761e-01   9.0557540e-04  -9.1824730e-03   5.1445340e-04
   1.5608215e-01  -1.0839307e-01   1.5871052e-01  -4.2525671e-03  -6.5585843e-03  -5.5880126e-04
   1.7456144e-01  -9.7434814e-02   2.7341315e-01  -5.3389828e-04  -8.8861901e-03  -2.8320086e-04
   1.6262915e-01  -6.3229319e-02   4.9148111e-01   4.3176237e-03  -6.2739961e-03   5.5812350e-04
   1.9153095e-01  -1.6785879e-01  -1.0215463e-01  -4.2372168e-03  -7.4139481e-03  -1.0175367e-04
   1.5002459e-01  -1.4531030e-01   2.0974459e-02  -6.9942431e-03  -7.6875780e-03  -2.6186678e-04
   1.9717333e-01  -1.7588289e-02   4.6754491e-01   1.2733998e-04  -9.2790457e-03  -3.8872587e-04
   1.0663256e-01  -6.1592910e-02   4.7645038e-02  -4.2670310e-03  -9.3582908e-03   4.8512127e-05
   2.6137710e-01   9.7696912e-02   1.0932500e-01  -1.9626608e-02  -8.2119774e-03  -8.6580636e-04
  -2.6340828e-02  -2.3334962e-01   5.3161340e-02  -4.7711535e-03  -5.4678441e-03  -3.7908837e-04
   1.0878274e-01  -1.0434141e-01   5.2109863e-01   1.9181397e-03  -8.8927543e-03   6.5149264e-04
   1.2350547e-01  -4.7833920e-02   6.0815917e-01   3.1963561e-03  -7.6119535e-03   1.0351877e-03
   6.8408333e-02  -1.4888516e-01   2.3782863e-01  -6.4261644e-03  -5.4199766e-03  -5.4147392e-05
   1.3692403e-01  -1.0647082e-01   3.6543732e-01   6.2478785e-04  -9.7851484e-03   5.4737332e-04
   8.4510197e-02  -6.3847928e-02   7.8238253e-01   1.6614619e-03  -6.7538144e-03   8.8625815e-04
   7.3013903e-02  -9.5887613e-02   4.0517177e-01  -5.8499014e-03  -6.5460999e-03  -4.3619335e-04
   1.1420879e-01  -5.6110508e-02   5.7062842e-01  -1.1136375e-03  -8.3645214e-03   4.5963309e-04
   1.2399882e-01  -5.8790105e-02   8.9358816e-01   3.6068445e-03  -8.4319978e-03   4.1104646e-04
   1.1069173e-01  -8.6907846e-02   2.7816576e-01  -2.8490777e-03  -8.2297478e-03   1.5124791e-04
   1.5388146e-01  -1.0438925e-01   1.6962318e-01  -3.9409946e-03  -8.4097511e-03  -1.7137465e-04
   1.5755727e-01  -1.3787675e-01   2.7348155e-01   1.9094576e-04  -8.5241076e-03   4.6374999e-04
   9.4715807e-02  -1.8026411e-01   7.5545375e-01   2.2439498e-03  -7.3584952e-03   1.0850126e-03
   9.0580175e-02  -1.8853510e-01   1.1042260e-01   1.4699861e-03  -8.1919190e-03  -8.9514958e-05
   1.2269460e-01  -2.1234615e-01   4.2135122e-01  -1.0341619e-03  -6.7570020e-03  -1.2902532e-04
   9.7384236e-02  -2.0001911e-01   3.4930023e-03  -3.6534664e-04  -8.7845628e-03   1.1335995e-04
   9.5776824e-02  -1.9169642e-01  -9.4081610e-02  -2.1086396e-04  -7.8286343e-03  -7.7990466e-05
   1.1335637e-01  -2.2110827e-01  -1.8834977e-01  -6.4337984e-04  -6.7477195e-03  -2.5940182e-04
   5.5009991e-02  -1.9567660e-01  -9.6908693e-02  -1.1248915e-03  -5.9522877e-03  -1.0299431e-03
   7.4216298e-02  -2.4045188e-01   1.9142295e-01   1.6849610e-03  -4.9466404e-03  -8.2407300e-04
   5.7647399e-02  -2.1230749e-01   5.9646759e-03   1.4219779e-03  -6.2056076e-03  -5.2166656e-04
   4.5362462e-02  -2.0303057e-01   4.4950660e-02  -1.8162046e-04  -5.3968566e-03   6.1598688e-06
   2.2293365e-02  -2.2016931e-01  -2.5552506e-01   2.6633907e-03  -5.7355263e-03  -3.0144444e-04
   5.9772738e-02  -2.1562065e-01  -4.1681706e-01  -1.3699357e-03  -7.6856205e-03  -4.9110909e-04
   8.6185518e-02  -2.2373426e-01  -5.0374789e-01  -6.7531771e-03  -7.7944792e-03  -1.4787988e-04
   7.0766782e-02  -2.3226182e-01  -1.8404553e-01  -7.7314096e-04  -7.8015698e-03  -6.3485607e-04
   8.6615193e-02  -2.0064967e-01  -1.3125772e-01  -2.8334954e-03  -7.8573281e-03  -9.2676529e-04
   5.9061542e-02  -2.1234808e-01   4.1383444e-01  -2.5422792e-03  -8.0059031e-03   1.9152306e-03
   1.3134955e-01   6.7045506e-02  -5.1757102e-01  -1.5134315e-02  -1.0416265e-02   1.9644246e-03
   1.7747878e-01  -1.0539318e-01  -1.4184570e-01  -6.7605230e-03  -1.3914474e-02   1.1151257e-03
   1.2758844e-01  -7.4503625e-02   1.3682016e-01   4.5435327e-03  -7.6108957e-03   8.5350879e-04
   9.9124032e-02  -2.6845806e-01  -6.7548223e-01  -1.6615242e-02  -9.1452717e-03  -2.5652517e-03
   2.5904183e-02  -2.4776640e-01   5.5078562e-02  -2.5462304e-03  -8.1479808e-03  -3.2668579e-03
   5.9008969e-02  -2.0834098e-01   2.8995154e-01  -4.0074534e-03  -8.5832311e-03  -1.2327152e-03
   7.3790182e-02  -2.6174235e-01  -6.6639316e-02  -2.7409576e-03  -8.9810542e-03  -2.0264207e-03
   1.3181446e-01  -2.2427006e-01  -7.8231143e-02   1.1866165e-02  -8.9537742e-03  -5.9187747e-04
   1.2333401e-01  -2.4845319e-01  -4.7419847e-01  -5.2997164e-03  -1.4170942e-02  -2.3332491e-03
   2.5349233e-01   6.5716743e-01  -5.6858424e-01  -2.5380932e-02  -1.2279657e-02  -6.8703104e-03
   6.9036042e-03   9.0339964e-02  -3.9113469e+00   1.4351019e-02  -1.4669921e-03   7.9240799e-04
   9.6496690e-02   6.2130605e-01  -6.1673625e+00  -6.0746891e-02  -8.9378116e-04   2.6098594e-03
   2.9247837e-02  -2.2417244e-01  -8.7531790e-01   6.9997253e-04   1.2066665e-03  -2.2340152e-03
   1.7067283e-02  -1.3527877e-01  -1.1997402e+00  -4.5528033e-03  -1.2506008e-03  -1.2634331e-03
   6.8786380e-02  -1.7989424e-01  -2.2953946e+00  -1.5218627e-02   2.5816118e-03  -1.5645083e-03
   2.6429549e-02  -1.8811681e-01  -1.7205344e+00  -8.2899880e-03   6.3859160e-03  -1.6662978e-03
   2.6164250e-02  -1.6813645e-01  -2.3113444e+00  -1.3103087e-02   8.4241261e-03  -1.7332542e-03
  -6.6649606e-02  -1.4995108e-01  -1.6628839e+00  -6.2230758e-03   1.0419812e-02  -9.5698660e-04
  -1.1198476e-02  -2.5294323e-01  -1.6812713e+00  -4.9273301e-03   9.2066531e-03  -2.2940393e-03
  -9.3760022e-02  -2.1010619e-01  -1.5981675e+00  -2.1847522e-03   1.2008256e-02  -1.0461655e-03
  -3.4427930e-02  -1.8062632e-01  -1.8669779e+00  -1.7256072e-03   9.6583913e-03  -1.2583012e-03
  -4.2862377e-02  -8.6407896e-02  -3.0921035e+00  -2.7866031e-03   4.8033507e-03  -1.2447922e-03
   2.0334626e-02  -1.1364043e-01  -2.8786114e+00  -2.3786256e-03   1.1322304e-03  -1.8150324e-03
  -6.1765462e-02  -6.9332144e-02  -2.5169046e+00  -1.1459378e-02   9.0733382e-03  -5.3516855e-04
  -3.2353426e-02  -2.5288160e-01  -2.8539219e-01   8.5921737e-03   7.1100537e-03  -1.3449672e-03
  -2.8173411e-02  -2.6377801e-01  -3.8241850e-01  -2.8874475e-03   5.1911506e-03  -1.2288659e-03
  -5.7881904e-02  -3.2813618e-01   4.0664086e-01   2.1604210e-02   1.0901714e-02  -1.0909082e-05
  -1.0968239e-02  -3.3022545e-01  -9.0760588e-01   9.3997625e-03   1.0144943e-02  -1.1588358e-03
  -2.2580955e-02  -2.4769368e-01  -3.1201214e-01   9.9937658e-03   1.0341815e-02  -1.3597117e-03
   1.0698680e-02  -2.7392919e-01   1.3436410e-02   1.8628719e-02   8.0950623e-03  -2.0916447e-03
   1.8294934e-02  -3.6310793e-01   1.2846138e+00   1.3890445e-02  -4.2653833e-03  -2.7693137e-03
   1.9110137e-02  -2.9084470e-01   9.0529897e-01   6.3697382e-03  -2.8971048e-03  -2.6885748e-03
  -7.5556505e-02  -2.9366039e-01   9.7677858e-01   4.5871119e-03   4.7266450e-03  -1.4465436e-03
   1.1957619e-01  -2.1705712e-01   1.2005110e+00   6.8281696e-03  -5.7612852e-03  -1.1724390e-03
   1.1469961e-01  -2.3424039e-01   1.4681394e+00   7.6907910e-03  -5.9425787e-03  -4.8428312e-04
   8.5380103e-02  -2.2041336e-01   1.0894944e+00   4.6880902e-03  -7.2083221e-03  -5.6243431e-04
   3.6979214e-02  -4.1658016e-01   1.0790327e+00   1.3427877e-02  -8.7850623e-05  -1.9759562e-03
  -1.1269075e-02  -1.9169802e-01   3.1165764e-01  -2.1472450e-03  -1.3850161e-03  -1.0541114e-04
   2.3467482e-02  -2.1973503e-01   9.1203238e-01   5.1711395e-03  -4.5644016e-03  -9.8933107e-04
   4.9919367e-02  -3.2125719e-01   1.1355258e+00  -2.0589433e-03  -1.5332572e-03  -1.4107704e-03
   5.4290100e-02  -2.0130251e-01   8.5752165e-01   4.3668639e-03  -7.5116020e-03  -1.2927591e-03
   8.7225854e-02  -2.4453010e-01   1.3201308e+00   7.2523146e-05  -7.4502132e-04  -1.9124646e-03
   1.1243987e-01  -1.6770210e-01   1.5895327e+00   3.8769959e-04  -2.5583889e-03  -1.8312782e-04
   6.9065852e-02  -1.9909754e-01   7.6646396e-01   3.7117128e-03  -9.4046970e-03  -9.7098219e-04
   1.1494610e-01  -2.1517393e-01   7.9640827e-01  -4.8692528e-03  -5.6323272e-03  -8.5976060e-04
   8.0475801e-02  -1.9902381e-01   7.1618960e-01  -2.3113819e-04  -9.0534561e-03  -1.2967031e-03
   8.5741112e-02  -2.2393699e-01   8.1372277e-01   3.5299508e-03  -6.6599895e-03  -1.9108669e-03
   1.3879907e-01  -1.0086165e-01   1.1846343e+00   4.7915191e-03  -7.9342500e-03  -1.4810200e-03
   9.8855770e-02  -2.3074252e-01   7.0689063e-01   2.4074042e-03  -9.7686744e-03  -2.0436337e-03
   1.1149124e-01  -2.1790270e-01   6.9260283e-01   2.7394237e-03  -8.8457662e-03  -1.7840134e-03
   8.9955085e-02  -1.3883579e-01   1.5069679e+00   1.7270118e-03  -2.9436718e-03  -6.1996053e-04
   7.8166937e-02  -2.5483481e-01   9.4737344e-02  -2.0051963e-03  -1.0329352e-02  -1.4462322e-03
   3.7062275e-02  -1.7776173e-01   1.4752413e-01  -4.0552000e-03  -8.1611850e-03  -2.4161291e-03
   6.2579624e-02  -1.9992140e-01   1.7390928e-01  -3.4277047e-03  -9.6178256e-03  -2.1466954e-03
   7.0254568e-02  -1.9840395e-01   1.8079496e-01  -2.8118913e-03  -1.0712663e-02  -2.1429763e-03
   9.9428253e-02  -2.1004561e-01   1.4266878e-01  -2.6479121e-03  -9.9351454e-03  -1.9124216e-03
   8.9263084e-02  -1.9839036e-01   1.2879120e-01  -3.5170382e-03  -1.0288794e-02  -2.0816808e-03
   4.4375504e-02  -2.4693626e-01   1.4824921e+00   5.4794298e-03  -5.9811225e-03  -2.6089974e-04
   1.5232387e-01  -2.1845486e-01   1.3792756e+00   4.1765012e-03  -9.0825299e-03  -1.7137631e-03
   1.3151080e-01  -1.9985252e-01   7.2558821e-01   4.0845862e-04  -1.2304280e-02  -2.4740884e-03
   2.3186066e-01  -8.3671514e-02   8.9015942e-01  -1.3370110e-02  -1.1990883e-02  -1.5317389e-03
   1.8425324e-01  -1.4472061e-01   6.6813913e-01  -2.3459832e-03  -1.4180376e-02  -1.4530575e-03
   1.8527698e-01  -1.3262440e-01   1.1129294e+00   3.3060805e-03  -1.2602945e-02  -1.4335453e-03
   1.8875481e-01  -1.4009319e-01   1.3457699e+00  -2.0264452e-03  -1.2499467e-02  -1.1689796e-03
   1.5800061e-01  -1.6383092e-01   7.3890097e-01  -6.7301285e-04  -1.4516408e-02  -1.1210199e-03
   1.6788956e-01  -1.0210771e-01   1.4058481e+00   3.8680012e-03  -8.8815406e-03  -5.6062798e-04
   1.7778878e-01  -1.1484755e-01   4.8974098e-01  -2.9162877e-04  -1.5815933e-02  -7.0527495e-04
   1.6722090e-01  -1.4646677e-01   3.9200953e-01  -1.6564318e-03  -1.4840019e-02  -1.0475441e-03
   1.8661291e-01  -1.6708405e-01   3.2028750e-01  -2.5278663e-03  -1.5539748e-02  -1.2207070e-03
   1.5924959e-01  -2.1193020e-01   1.3580637e+00   1.6109149e-03  -9.8611851e-03  -3.9380146e-04
   1.3836076e-01  -1.5230228e-01   4.7342855e-01   2.4151825e-04  -1.3472335e-02  -1.1073398e-03
   1.5844814e-01  -1.6163064e-01   3.8820318e-01  -1.7518699e-03  -1.3708415e-02  -1.2414560e-03
   1.7199822e-01  -1.3753766e-01   1.4982394e+00   4.5106746e-03  -9.8739622e-03   3.8131153e-04
   1.5241464e-01  -1.8181433e-02   1.6242442e+00   5.5093476e-03  -8.2095915e-03   1.0288166e-04
   2.0027795e-01  -8.2644063e-02   2.0949607e-01  -4.6937163e-03  -1.5455701e-02  -1.0023472e-03
   2.6292628e-01  -9.3322772e-02   1.4917639e-01  -1.7580977e-02  -1.5317950e-02  -8.7434668e-04
   1.6018660e-01  -1.6405584e-01   4.3318790e-01  -7.8388756e-03  -1.2602403e-02  -3.2802546e-04
   1.7078961e-01  -8.5183759e-02   6.8006325e-01  -1.4999573e-03  -1.3413626e-02  -8.6458182e-04
   1.0221207e-01  -1.2763197e-01   1.1739821e+00   5.2399248e-03  -9.6435315e-03  -1.9943795e-04
   1.3936587e-01  -1.2232855e-01   1.4426426e+00   3.5368840e-03  -1.1904164e-02  -3.7534724e-05
   1.6288195e-01  -1.2946612e-01   6.1420713e-01  -3.8773254e-04  -1.5728456e-02  -4.3925582e-04
   1.7260678e-01  -1.6967561e-01   4.3036661e-01  -1.0619623e-03  -1.6523323e-02  -9.3437740e-04
   2.4514179e-01  -1.2898528e-01   8.3015653e-01   5.3549048e-03  -1.4776634e-02  -5.6280464e-04
   1.1610736e-01  -2.0747507e-01   2.3215058e-01   4.0790913e-03  -1.2075199e-02  -1.4246608e-03
   2.0663292e-01  -1.5297141e-01   7.2804417e-01   2.5879586e-03  -1.2348667e-02  -9.9860037e-04
   1.6765662e-01  -1.0408717e-01   5.5351204e-01  -2.3005434e-03  -1.2757216e-02  -2.8460519e-04
   1.5859955e-01  -1.5464847e-01   4.3178564e-01  -3.1498307e-03  -1.2373928e-02  -1.3039273e-03
   1.9184850e-01  -1.4811414e-01  -1.0692407e-03  -6.0042305e-03  -1.5350357e-02  -6.6556421e-04
   1.9287483e-01  -8.3675691e-02   1.7326177e-02  -5.3305708e-03  -1.5437561e-02  -3.4143714e-04
   1.7103395e-01  -1.3222686e-01  -1.4338164e-01  -4.6867001e-03  -1.3474191e-02  -1.1625579e-03
   1.7331074e-01  -2.2716684e-01   6.4550418e-01  -6.3392267e-03  -1.0486866e-02  -6.6986881e-04
   1.9709434e-01  -1.5888311e-01   4.2124568e-02  -1.1328549e-02  -1.2575105e-02  -1.3281515e-03
   1.4642382e-01  -2.3323460e-01   4.5174038e-02   1.4421410e-03  -1.4841579e-02  -1.3865190e-03
   1.5802366e-01  -1.6083373e-01  -1.1493529e-01  -4.4300088e-03  -1.3963966e-02  -1.2725548e-03
   1.7030584e-01  -1.5203616e-01  -2.6866635e-01  -6.6741130e-03  -1.4117126e-02  -1.2399238e-03
   1.7712692e-01  -1.6847178e-01  -2.9412744e-01  -5.9121778e-03  -1.3539590e-02  -1.0297372e-03
   2.3204321e-01  -2.1942128e-01   5.0871907e-01  -1.4791792e-02  -8.7312012e-03  -1.9260006e-03
   1.7852151e-01  -8.9834323e-02  -3.6466770e-01  -6.2310265e-03  -1.3783608e-02  -1.2802176e-03
   1.6791394e-01  -1.0704808e-01  -5.7061458e-01  -7.6454238e-03  -1.3889423e-02  -1.3151922e-03
   1.7213623e-01  -1.0475410e-01  -6.1965915e-01  -7.6701895e-03  -1.3572243e-02  -8.0993228e-04
   1.6661691e-01  -7.8820409e-02  -7.6519264e-01  -9.6406194e-03  -1.3945473e-02  -1.0523093e-03
   1.8724983e-01  -1.3609936e-01  -5.8357055e-01  -9.9391060e-03  -1.1005135e-02  -2.0376331e-03
   2.0383943e-01  -1.3130436e-01   3.3061123e-01   5.1245322e-03  -9.1642172e-03  -7.3977882e-04
   1.6147817e-01  -1.5956310e-01  -5.2911857e-01  -3.1046490e-03  -1.0036088e-02  -1.7216970e-03
   6.6470351e-02  -2.2761525e-01  -6.1201778e-01  -6.9720882e-04  -5.7412874e-03  -1.9940136e-03
   1.5453513e-01  -2.3591202e-01   2.9638636e-03   8.9192298e-03  -1.0046100e-02  -8.9222770e-04
   1.7672492e-01  -1.3873070e-01  -9.4387046e-01  -1.3889915e-02  -1.2840199e-02  -1.8170823e-03
   2.3367789e-01  -7.1811134e-02  -8.7595177e-01  -5.3725104e-03  -1.2609431e-02  -1.0093584e-03
   2.7825757e-01  -3.6721282e-02  -4.2642706e-01  -1.8434427e-02  -9.7984896e-03  -2.1453472e-03
   1.3366688e-01  -1.1711728e-01  -7.9506408e-01  -8.4418420e-03  -9.6312338e-03  -1.8779743e-03
   1.9967265e-01  -4.6389864e-02  -1.1785853e-01   2.1443454e-03  -9.0028844e-03  -7.2031643e-04
   6.6732419e-02  -1.7784646e-01  -7.2826452e-01  -7.7921752e-03  -5.8063248e-03  -1.7783654e-03
   1.9264868e-01  -1.7150821e-01  -3.6226250e-01  -3.6398617e-03  -1.0670374e-02  -1.4840513e-03
   1.5313969e-01  -9.6743457e-02   5.0304843e-01   3.0210955e-03  -5.8264946e-03   9.1349674e-05
   1.5563855e-01  -1.2009119e-01  -3.9454556e-01  -6.3622276e-03  -1.1670310e-02  -9.8495919e-04
   1.7582118e-01  -1.7449757e-01  -3.9123376e-01  -4.7812838e-03  -1.2352764e-02  -1.1274816e-03
   1.7303172e-01  -9.9340488e-02  -5.3674258e-01  -7.0904577e-03  -1.1652690e-02  -1.4280785e-03
   1.8620917e-01  -1.8721004e-01  -4.5982068e-01  -1.6751265e-02  -8.7813024e-03  -1.5713494e-03
   1.1639405e-01  -2.7065383e-01  -3.2998468e-01  -4.0488035e-03  -1.0250294e-02  -2.3541854e-03
   1.8013453e-01  -1.1092949e-01   9.8207624e-03  -3.1816098e-03  -9.1541567e-03  -1.6226224e-03
   1.9079877e-01  -9.5271569e-02  -4.6804043e-01  -9.6121030e-03  -1.2231680e-02  -1.4164605e-03
   1.8271260e-01  -9.8629935e-02  -7.0860986e-01  -9.5901031e-03  -1.3327235e-02  -1.0305777e-03
   1.6817901e-01  -9.5555668e-02  -8.0065489e-01  -9.5624342e-03  -1.4065753e-02  -1.4472892e-03
   1.7727562e-01  -9.8087043e-02  -8.3694379e-01  -8.3523493e-03  -1.4120891e-02  -1.0151559e-03
   1.7212879e-01  -7.5600662e-02  -9.4553305e-01  -9.5407074e-03  -1.4296167e-02  -8.3465669e-04
   1.8556016e-01  -1.4090624e-01  -2.3981899e-01  -3.1917668e-03  -1.3025086e-02  -6.3102524e-04
   1.8284118e-01  -8.1156341e-02  -5.0083311e-01  -6.5678343e-03  -1.5583605e-02  -2.8141808e-04
   2.0415091e-01  -1.0248232e-01   3.9025779e-02  -3.2990361e-03  -1.4071657e-02   1.8710313e-04
   1.6196101e-01  -6.4175158e-02  -6.2443270e-01  -8.2542209e-03  -1.4304376e-02  -7.3592317e-04
   1.3075796e-01  -8.0805962e-02   4.6950265e-01  -1.4415379e-03  -1.1871092e-02   1.2208608e-03
   1.8969262e-01  -5.2161533e-02  -3.1665186e-01  -6.2670807e-03  -1.4972217e-02  -5.8342978e-04
   2.6482668e-01  -1.2990825e-01  -8.5641949e-02  -1.8397711e-02  -1.0789554e-02  -1.1257946e-03
   1.1892082e-01  -1.6161451e-01  -4.5524339e-01  -4.6404852e-03  -1.3021914e-02  -1.3027446e-03
   1.0923984e-01  -2.3455875e-01  -6.6690910e-01  -2.6000223e-03  -1.3086285e-02  -1.4727917e-03
   8.9818076e-02  -1.0809757e-01  -8.7669472e-01  -5.9967687e-03  -1.1762526e-02  -1.3609260e-03
   7.7556583e-02  -1.2080206e-01  -1.0386606e+00  -6.8212287e-03  -1.1068945e-02  -1.9512715e-03
   7.5541559e-02  -1.6338242e-01  -1.1618601e+00  -1.2154978e-02  -7.8176809e-03  -1.2390582e-03
   9.7943243e-02  -1.7484416e-01  -5.4290004e-02  -9.3410543e-05  -1.0773872e-02  -2.8346171e-04
   1.0589516e-01  -1.4453341e-01  -4.6376693e-01  -3.9954161e-03  -1.2041471e-02  -1.0834043e-03
   1.3341374e-01  -1.3546651e-01  -6.5383288e-01  -6.0168949e-03  -1.2594951e-02  -1.2041681e-03
   1.0372230e-01  -1.3960106e-01  -8.3970566e-01  -7.7888514e-03  -1.1669690e-02  -1.2115316e-03
   1.3374489e-01  -1.4246827e-01   6.8105024e-01   1.1765659e-02  -6.0740386e-03   9.3301184e-04
   1.2542298e-01  -7.5265138e-02  -1.2907023e+00  -7.7504000e-03  -1.0931296e-02  -1.1719860e-03
   1.4933539e-01  -8.5873101e-02  -1.4676018e+00  -1.0419573e-02  -1.1528046e-02  -1.3895891e-03
   1.4159496e-01  -1.4105937e-01  -2.4641490e-01  -9.5709660e-03  -7.5051918e-03   4.2758572e-04
   1.9572472e-01  -1.7263641e-01  -7.9114694e-01  -1.2605222e-02  -9.1330985e-03  -1.3675337e-03
   1.5436285e-01  -4.7451866e-02  -1.3277702e+00  -8.6301170e-03  -1.1884949e-02  -1.0187137e-03
   2.2315338e-01  -1.3886038e-02  -1.3283694e+00  -2.3016908e-02  -1.1600189e-02  -1.2564391e-03
   1.6686630e-01  -3.3697924e-02  -1.2284746e+00  -1.0588033e-02  -9.9420753e-03  -1.4013433e-03
   1.4614980e-01  -1.3186558e-01  -8.0555085e-01  -1.2451301e-02  -6.9670648e-03  -1.6181988e-03
   1.0608269e-01  -6.3670616e-02  -1.6168963e+00  -1.0089679e-02  -9.2928261e-03  -1.0083721e-03
   9.3150045e-02  -8.9211011e-02  -1.6879536e+00  -1.8258436e-02  -8.9815385e-03  -8.0971510e-04
   1.1519285e-01  -8.8349851e-02  -1.2332560e+00  -6.3902712e-03  -1.0690700e-02  -7.5756011e-04
   1.1789616e-01  -9.2609056e-02  -1.4676362e+00  -9.5895648e-03  -1.1771648e-02  -1.3092970e-03
   1.4161353e-01  -5.5277203e-02  -1.1379356e+00  -9.9301552e-03  -1.0951948e-02  -4.7805945e-04
   1.4287533e-01  -6.6506053e-02  -7.2965823e-01  -7.3658788e-03  -1.2507069e-02   4.3556330e-04
   1.2401011e-01  -1.1876790e-01   2.9124033e-01  -1.2836935e-02  -6.4365405e-03   4.4975517e-04
   9.7121419e-02  -1.0506683e-01  -9.2438354e-01  -7.4794373e-03  -1.2141150e-02  -4.5819530e-04
   1.0390715e-01  -2.8923833e-01  -6.6560361e-01   4.9628100e-03  -1.0855358e-02  -1.3657985e-04
   1.2326135e-01  -5.1282799e-01  -6.8857690e-01   6.0567082e-03  -1.5091344e-02  -8.6174623e-04
   1.4981636e-01  -5.0729356e-01  -7.7017061e-01   6.0782525e-03  -1.5069445e-02  -8.3862711e-04
   1.2256033e-01  -5.0724358e-01  -8.2801666e-01   4.9018756e-03  -1.4949098e-02  -6.6278454e-04
   1.2730554e-01  -6.4634335e-01  -1.0585187e+00   1.1889824e-02  -1.3563593e-02  -1.9739409e-03
   8.0576807e-02  -5.4990447e-01  -1.0141947e+00   1.0810490e-02  -1.5098569e-02  -1.3559948e-03
   5.5291147e-02  -1.0868114e+00  -6.8717417e-01   1.3974004e-02  -1.2476185e-02  -4.4089676e-03
   7.0645939e-02  -8.3141834e-01  -7.3575241e-01   1.3065741e-02  -1.5434966e-02  -1.8309080e-03
   1.0252103e-01  -6.1242171e-01  -1.0538804e+00   2.0030248e-03  -1.5647609e-02  -2.4307607e-04
   8.1773429e-02  -6.8104839e-01  -7.9811718e-01   1.1065962e-02  -1.4639261e-02  -5.7498130e-04
   2.6742614e-02  -9.5376293e-01  -6.5028760e-01   1.3156315e-02  -1.0699031e-02  -1.5730159e-03
   3.3156149e-02  -1.0384459e+00  -3.9975552e-01   1.6037175e-02  -1.2274439e-02  -4.2191205e-03
   1.3237805e-01  -4.5860836e-01  -3.4603248e-01   9.2084847e-03  -1.5645648e-02  -1.2179590e-05
   1.6991470e-01  -3.1172789e-01  -7.4430551e-01  -1.0808357e-03  -1.5869533e-02  -4.8480689e-05
   1.1874074e-01  -2.7726777e-01  -9.7429726e-01  -3.7244311e-04  -1.4299921e-02  -1.6224741e-04
   1.3336027e-01  -2.5714311e-01  -1.0044753e+00  -1.2317714e-03  -1.4194945e-02  -3.5622542e-04
   1.4414721e-01  -2.5893244e-01  -1.1264966e+00  -2.5100393e-03  -1.4526984e-02  -3.9896812e-04
   1.3024654e-01  -1.8708182e-01  -1.4234314e+00  -5.8842224e-03  -1.4312400e-02  -6.1050874e-04
   1.7203830e-01  -2.2573600e-01  -1.1141416e+00  -1.3992463e-02  -1.1727831e-02  -8.4288295e-04
   1.3225169e-01  -3.4523303e-01  -4.3970876e-01   1.6693502e-03  -1.0271082e-02  -1.3937930e-03
   1.6261502e-01  -2.0893618e-01  -3.2023766e-01   5.0677648e-03  -1.5137959e-02   5.0878105e-04
   1.1097960e-01  -2.8881366e-01  -7.1080391e-01  -4.6475924e-03  -9.3627979e-03  -1.5709701e-03
   1.5610046e-01  -1.7713925e-01  -5.5032008e-02   4.7180157e-03  -1.2608659e-02   4.4069006e-04
   1.4437150e-01  -1.5507565e-01  -2.3028630e-01   2.3135172e-03  -1.2214177e-02   8.6353429e-04
   2.1856476e-01  -1.9802195e-01  -7.6947712e-01  -6.8716282e-03  -1.4107684e-02  -4.9309654e-04
   1.5929002e-01  -1.2510568e-01  -8.0695832e-01  -3.8783173e-03  -1.5126469e-02  -9.3658199e-05
   1.7791692e-01  -1.3598966e-01   3.0188198e-02   8.7319126e-03  -1.3933585e-02   2.1146154e-04
   1.3824009e-01  -1.6776368e-01   2.9339452e-01   5.2711034e-03  -1.5138816e-02   1.1071920e-03
   9.5200748e-02  -2.1705402e-01  -5.6981549e-01  -1.0545898e-03  -1.3665405e-02  -9.4034879e-04
   1.1517161e-01  -2.0819947e-01  -6.7868393e-01  -1.4791080e-03  -1.2479433e-02  -1.3963751e-03
   1.1404056e-01  -2.3568691e-01  -7.7943902e-01  -2.1814225e-03  -1.1779538e-02  -1.4925607e-03
   8.8764616e-02  -2.4715724e-01  -8.8532156e-01  -2.6778788e-03  -1.2414771e-02  -1.3903341e-03
   1.1176717e-01  -1.6021599e-01  -1.0795653e+00  -5.7926240e-03  -1.1530838e-02  -1.7068975e-03
   9.9426884e-02  -2.0386235e-01  -1.0240320e+00  -5.3996372e-03  -1.2073204e-02  -1.2549891e-03
   9.9303188e-02  -2.1574146e-01  -1.0536935e+00  -4.0206200e-03  -1.1452916e-02  -1.6939817e-03
   2.0961870e-01  -1.7611770e-01  -9.7675876e-01  -4.9171736e-03  -1.1515420e-02  -1.7609888e-04
   1.7664590e-01  -1.1346065e-01  -9.7987499e-01  -5.6427441e-03  -1.3626156e-02  -1.3841445e-04
   1.6872201e-01  -4.2568793e-02  -5.6341295e-01   4.9102096e-03  -1.0399221e-02   6.7764349e-04
   1.6177307e-01  -1.5195151e-01  -1.0811817e+00  -5.1474258e-03  -1.3506602e-02  -2.9802522e-04
   1.9744977e-01  -1.1249405e-01  -5.6405670e-01  -4.3497691e-03  -1.5677559e-02   3.9605236e-04
   1.6255354e-01  -7.8144741e-02  -8.4389185e-01  -4.6346146e-03  -1.3747287e-02  -2.4994628e-06
   1.6342768e-01  -1.1346682e-01  -2.3755788e-01   4.4414424e-03  -1.0378831e-02   8.4657563e-04
   1.8077875e-01  -1.0322011e-01  -1.0250017e+00  -7.4076593e-03  -1.4569969e-02  -4.4943161e-04
   2.1162331e-01  -1.0385231e-01   2.5828612e-01   8.1524508e-03  -1.0719958e-02   8.4132297e-04
   1.5287185e-01  -9.2436930e-02   2.0992045e-01   4.2095085e-03  -6.8170663e-03   1.3345484e-04
   1.9256833e-01  -1.7241512e-01  -8.0752319e-01  -1.4706667e-02  -8.5241445e-03  -1.9600441e-03
   9.7905709e-02  -1.5714253e-01  -8.3259862e-01  -4.6287306e-03  -1.0236897e-02  -5.1864057e-04
   9.3833338e-02  -1.5897266e-01  -1.0661410e+00  -5.6188506e-03  -9.9000722e-03  -7.0853120e-04
   1.0137670e-01  -1.6063478e-01  -1.0881691e+00  -5.6613278e-03  -9.7996152e-03  -1.0962347e-03
   1.3072812e-01  -1.3266970e-01  -1.3119671e+00  -8.1125554e-03  -9.7803329e-03  -1.2933983e-03
   1.1318674e-01  -1.8867531e-01  -4.1786826e-01  -1.1407043e-03  -9.2796776e-03  -5.3853567e-04
   1.4007399e-01  -2.1110620e-01  -7.8981870e-01  -4.4423979e-03  -1.1324053e-02  -1.2789491e-03
   1.1687280e-01  -1.8707803e-01  -8.3256322e-01  -1.4215884e-03  -1.0955178e-02  -7.8264398e-04
   1.8446793e-01  -1.2034038e-01  -1.5869657e-01   7.8137601e-03  -1.0810507e-02   1.9759930e-04
   2.5527544e-01  -7.1554469e-02  -7.9531503e-01  -1.5839190e-02  -1.0746078e-02  -7.3662643e-04
   1.2629397e-01  -1.5601313e-01  -8.9011552e-01  -5.1212083e-03  -1.2323633e-02  -3.8072144e-04
   2.8298182e-01  -1.7836064e-01  -5.8538703e-01  -1.5034518e-02  -1.1014078e-02  -4.6076645e-04
   1.3799288e-01  -1.9324406e-01  -5.3762414e-01  -7.5413725e-03  -8.7618180e-03  -1.5475350e-03
   1.9895864e-01  -1.0534784e-01  -1.1437194e+00  -7.2631860e-03  -1.3270661e-02  -1.7024901e-04
   1.8517913e-01  -1.7775679e-01  -7.2356821e-02   7.0638303e-03  -1.0694642e-02   2.2356564e-04
   1.3149517e-01  -1.4696368e-01  -1.0372467e+00  -1.1543260e-02  -1.1259451e-02   5.1245773e-04
   1.2734683e-01  -1.5188548e-01  -9.7761842e-01  -4.0656839e-03  -1.1315756e-02  -5.7443799e-04
   1.3614581e-01  -1.8149302e-01  -7.4977341e-01   9.6466371e-04  -1.1620670e-02  -3.0837976e-04
   2.0420189e-01  -1.7869689e-01  -3.9819282e-01  -6.0847054e-03  -9.8784265e-03  -3.2030326e-04
   1.6701729e-01  -1.0933507e-01  -7.5380405e-01  -3.0668625e-03  -1.3590293e-02  -1.8573368e-04
   1.2153909e-01  -1.3440224e-01  -9.0940874e-01  -8.2633506e-03  -9.8267091e-03   3.1896183e-04
   1.9108109e-01  -8.3177572e-02  -9.7570422e-01  -4.4227841e-03  -1.3419032e-02  -1.6137236e-04
   1.7685528e-01  -9.5462798e-02  -1.0766868e+00  -1.0114495e-02  -1.0998801e-02   3.3799384e-04
   1.4817391e-01  -1.0840741e-01  -8.5710604e-01  -2.5593354e-03  -1.3415134e-02   5.7897050e-04
   1.1294321e-01  -1.3727787e-01  -1.0687806e+00  -5.1475211e-03  -1.2389226e-02   5.1203970e-04
   1.5833929e-01  -2.7367495e-01  -6.0705779e-01  -7.6732216e-03  -9.7104749e-03   1.5933627e-04
   1.3968307e-01  -1.5167311e-01  -1.0708048e+00  -7.4506488e-03  -1.0412609e-02  -7.5785720e-04
   1.6052602e-01  -8.2255275e-02  -1.3673369e+00  -5.5057551e-03  -1.3346748e-02  -5.3986778e-04
   1.2283310e-01  -1.4077621e-01  -1.5492834e+00  -6.9019970e-03  -1.2512089e-02  -7.7526433e-04
   2.0347980e-01  -1.0084105e-01  -1.3887046e+00  -1.0623022e-02  -1.2151366e-02  -9.0307837e-04
   1.4713449e-01  -1.0110720e-01  -1.3658264e+00  -5.9839591e-03  -1.2475121e-02  -3.8478473e-04
   1.6602302e-01  -1.0738136e-01  -1.4974630e+00  -7.4651907e-03  -1.2445878e-02  -3.7060377e-04
   1.4556135e-01  -8.0916038e-02  -1.5980705e+00  -7.6918457e-03  -1.2589735e-02  -8.2186907e-05
   1.8375588e-01  -4.7943783e-02  -1.7298295e+00  -1.0326948e-02  -1.3228795e-02  -1.3937107e-04
   1.5851315e-01  -7.6042626e-02  -1.7062081e+00  -9.5821152e-03  -1.3667110e-02  -1.0586348e-04
   1.8349465e-01  -1.3989915e-01  -1.7204649e+00  -6.1888178e-03  -1.1400204e-02  -6.8286881e-04
   1.1228977e-01  -1.7706352e-01  -1.6423387e+00  -5.2122908e-03  -9.0802609e-03  -7.4891600e-04
   1.3694022e-01  -1.8499071e-01  -1.5842344e+00  -1.3440110e-02  -1.2660594e-02  -2.6741987e-03
   4.2462764e-01   9.3426271e-02  -7.5778290e-01  -4.6510701e-03  -2.0699997e-02   1.1157626e-03
   8.9868437e-02  -1.5047949e-01  -1.0966647e+00  -4.7140440e-03  -9.1173462e-03  -2.5731652e-03
   7.3450879e-02  -1.7754025e-01  -1.0687914e+00  -5.7603318e-03  -9.2712604e-03  -2.5193578e-03
   9.4258809e-02  -1.6910359e-01  -1.1620455e+00  -6.1292972e-03  -8.6451604e-03  -2.2714736e-03
   8.9474899e-02  -1.6873039e-01  -1.2299132e+00  -4.6722643e-03  -9.5748712e-03  -2.5096463e-03
   1.1162173e-01  -1.0111248e-01  -1.7980454e+00  -8.4624006e-03  -9.4387069e-03  -2.0336204e-03
   8.4265880e-02  -1.5398947e-01  -1.5785781e+00  -6.0156339e-03  -1.0325710e-02  -1.1917018e-03
   9.6533895e-02  -1.2814982e-01  -1.2057821e+00  -2.0809478e-03  -1.2232326e-02  -1.4432625e-03
   1.2085641e-01  -8.8764247e-02  -1.3239711e+00  -4.1971948e-03  -1.2454392e-02  -1.5621617e-03
   2.1571032e-01  -6.3508685e-02  -1.4751230e+00  -1.2642535e-02  -9.9748390e-03  -1.3201021e-03
   1.9123147e-01   3.0994006e-02  -1.2939340e+00  -6.3293158e-03  -1.4089113e-02   3.3175684e-04
   1.7452158e-01   7.7077219e-03  -5.9520501e-01   8.9183131e-04  -1.3019974e-02   6.7333345e-04
   1.5903568e-01   4.6830770e-03  -1.4511406e+00  -6.7147412e-03  -1.3613594e-02   2.9947955e-04
   2.0524432e-01  -7.5783690e-02  -6.3440119e-01  -1.1181378e-02  -1.0642396e-02   9.1417398e-05
   1.4595602e-01  -1.7129794e-02  -1.1828805e+00  -4.6323764e-03  -1.2904901e-02   4.1790215e-04
   1.8926995e-01  -1.0600252e-01   5.3826312e-03   4.3450317e-03  -1.0401124e-02   9.9874828e-04
   1.7573704e-01  -7.5273087e-02  -1.4760319e+00  -5.4594828e-03  -1.3786046e-02   3.7856922e-04
   2.0310293e-01  -7.6721586e-02  -1.5337403e+00  -1.7054072e-02  -1.0839281e-02   9.0466943e-05
   1.9855238e-01  -8.7394223e-02  -1.0836809e+00  -8.2211391e-03  -1.3185475e-02   6.1891881e-04
   1.6799761e-01  -9.4738940e-02  -1.0422359e+00  -3.0892788e-03  -1.3039787e-02   8.6584493e-05
   2.3371606e-01  -4.1006894e-02  -6.7791309e-01  -1.0359313e-02  -9.9745775e-03  -2.2518922e-04
   1.5507639e-01  -7.2570530e-02  -1.2080584e+00  -2.8851085e-03  -1.2292615e-02   1.8460147e-04
   1.2000661e-01  -1.3881743e-01  -1.4527900e+00  -3.5709949e-03  -1.0526599e-02  -1.6118664e-04
   1.5193176e-01  -1.7939795e-01  -1.5873214e+00  -3.1127085e-03  -1.1890107e-02  -5.3992554e-04
   6.8710799e-02  -2.2844318e-01  -1.4944925e+00  -5.8864937e-03  -6.6221814e-03  -1.1415596e-03
   2.0130887e-01  -5.6859928e-02  -9.7510817e-01   1.5837852e-03  -1.2826025e-02   4.7110826e-04
   1.8554455e-01  -4.0562525e-02  -1.1895772e+00  -1.8499670e-03  -1.1079164e-02   6.8960219e-04
   1.9225195e-01  -9.9443429e-02  -1.4602747e+00  -3.9963760e-03  -1.1759414e-02  -4.8659178e-04
   1.6104379e-01  -4.8828566e-02  -1.2165819e+00  -3.1665970e-03  -1.1414986e-02   1.0606537e-04
   2.3674555e-01  -8.4758637e-02  -6.8525388e-01   2.6722749e-03  -9.5313347e-03  -1.1208853e-06
   2.0161200e-01  -1.7575144e-01  -1.3198995e+00  -5.8422479e-03  -9.8319772e-03  -9.6708810e-04
   7.2944881e-02  -1.5093535e-01  -1.6291572e+00  -2.4426732e-03  -7.5153242e-03  -1.0855028e-03
   2.0440065e-01  -6.2689228e-02  -1.4043521e+00  -3.4332464e-03  -1.3785759e-02   4.7217206e-04
   1.7633966e-01  -8.3754380e-02  -6.2331551e-01  -1.4923002e-03  -1.0455908e-02   1.1701710e-03
   1.8792348e-01  -5.8203261e-02  -1.2283180e+00  -4.7736779e-03  -1.2637748e-02   1.1666058e-04
   1.7079548e-01  -7.5661827e-02  -8.4395990e-01   2.3029163e-03  -1.0127956e-02   8.4483220e-04
   1.1382737e-01  -1.1137632e-01  -1.4138387e+00  -3.8071493e-03  -1.1142063e-02  -2.7232515e-04
   1.1792063e-01  -1.2483337e-01  -1.5134726e+00  -3.7113190e-03  -9.2702573e-03  -9.0318942e-04
   1.1038726e-01  -1.3733990e-01  -1.6755056e+00  -5.4538638e-03  -9.3053639e-03  -6.8982031e-04
   1.6898350e-01  -1.0850049e-01  -6.6823756e-01  -3.4722539e-03  -8.9953177e-03   1.5376967e-03
   1.3359297e-01  -1.0597439e-01  -1.4669317e+00  -4.0518733e-03  -1.2449925e-02   3.3147299e-04
   2.5334528e-01  -9.4597749e-02  -1.0320758e+00  -1.3367046e-02  -8.2559485e-03  -9.4345028e-04
   1.4740622e-01  -7.4129236e-02  -1.5950361e+00  -7.8552039e-03  -1.1233229e-02  -9.1784640e-05
   1.4400501e-01  -1.4794055e-01  -1.6301321e+00  -4.8866860e-03  -1.0581753e-02  -5.1968077e-04
   2.0626434e-01  -2.1694822e-01  -1.6935140e+00  -7.9158034e-03  -1.3237072e-02  -4.6279649e-04
   1.9424045e-01  -8.9693073e-02  -1.7295289e+00  -6.1596318e-03  -1.3514909e-02  -2.2567387e-04
   1.8786206e-01  -5.5820586e-02  -2.0932382e+00  -1.0230614e-02  -1.3661872e-02   8.8644650e-04
   1.3886897e-01  -4.9723812e-02  -2.0827367e+00  -7.4840088e-03  -1.2892080e-02   6.8356358e-04
   1.6477941e-01  -4.6633311e-02  -2.0999229e+00  -7.3925244e-03  -1.3352744e-02   2.4852089e-04
   2.1725054e-01  -1.1588202e-01  -1.3661618e+00   1.8154078e-03  -1.3823564e-02   2.5243343e-04
   1.4075041e-01  -8.3390157e-02  -1.8772827e+00  -5.9753547e-03  -1.3266488e-02  -3.1311381e-04
   1.5018409e-01  -1.0026430e-01  -1.9534025e+00  -4.5859297e-03  -1.2597381e-02  -3.5877292e-04
   1.4720290e-01  -1.0932924e-01  -2.0179414e+00  -7.0218452e-03  -1.2630455e-02  -3.5076604e-04
   1.2676788e-01  -5.8891636e-02  -2.0502819e+00  -7.7078784e-03  -1.2899387e-02  -1.6537208e-04
   1.4478349e-01  -7.6856787e-02  -2.1058419e+00  -8.3749605e-03  -1.2220492e-02  -4.3839762e-04
   1.2715485e-01  -7.8004751e-02  -2.1197214e+00  -7.8109161e-03  -1.1838473e-02  -3.0018959e-04
   1.3087261e-01  -7.2068921e-02  -2.0582508e+00  -7.0634751e-03  -1.1211076e-02  -4.0765990e-04
   7.7711643e-02  -1.5607060e-01  -1.1534440e+00  -4.8618450e-03  -1.0992675e-02   9.8788451e-04
   1.0438296e-01  -9.3893933e-02  -1.9035698e+00  -7.2203617e-03  -1.3825111e-02  -9.9919169e-04
   1.5315610e-01  -1.0296683e-01  -2.1534531e+00  -7.2655612e-03  -1.4967056e-02  -1.0014179e-03
   2.7945738e-01  -4.4535500e-02  -1.6653725e+00  -1.5917799e-02  -1.3113099e-02  -2.6723885e-03
   3.0370705e-01  -2.1497971e-01   3.1628004e-03  -6.7468944e-03  -1.9821422e-02  -2.9860885e-03
   3.1155447e-01  -2.0977217e-01   4.9434715e-01   1.3532776e-03  -1.9453980e-02  -2.7910800e-03
   3.9182756e-01  -1.2571237e-01   3.8899345e-01  -1.3227013e-03  -2.1415663e-02  -2.8080936e-03
   4.0071981e-01  -1.1202090e-01   2.9513855e-01   1.5576928e-03  -2.0901820e-02  -2.2980529e-03
   3.8508167e-01  -1.0095805e-01   7.5167267e-02  -3.7034183e-03  -2.1048803e-02  -2.6791515e-03
   3.8120647e-01  -1.3279358e-01  -2.0494127e-03  -3.0599435e-03  -2.0218904e-02  -1.9331268e-03
   3.3605437e-01  -1.1672668e-01   4.5360840e-02  -7.9473496e-04  -1.8500710e-02  -1.9037299e-03
   3.2725146e-01  -1.3825965e-01   1.5688807e-02   1.7838357e-03  -1.9283275e-02  -1.7544662e-03
   3.9128513e-01  -1.4229728e-01  -6.8179317e-02  -1.1182402e-03  -1.8708775e-02  -2.3533641e-03
   3.5353449e-01  -1.2225973e-01  -5.2358253e-02  -1.1600440e-03  -1.8360835e-02  -1.8735376e-03
   3.2794600e-01  -1.2449154e-01  -1.1896210e-01  -1.0018202e-03  -1.8519591e-02  -2.0077847e-03
   3.1458357e-01  -1.4456868e-01  -9.4950200e-02   5.4326245e-04  -1.7002577e-02  -1.7243546e-03
   4.2505157e-01   3.0918889e-01   1.5447853e-01  -1.6184778e-02  -1.7241292e-02  -5.6151998e-03
   4.8406895e-01   1.8195123e-01   2.4381969e-01  -9.5845139e-03  -1.8864713e-02  -5.0269376e-03
   5.0691317e-01   1.6341986e-01   3.4149270e-02  -7.5537705e-03  -2.0381426e-02  -3.7915762e-03
   5.0198298e-01   1.3452357e-01   1.5140715e-01  -4.0170384e-03  -1.9616822e-02  -3.2804028e-03
   4.1667163e-01   1.2937640e-02   1.4324644e-01   1.2177637e-03  -1.7380157e-02  -4.4087233e-03
   3.9985616e-01   4.0333881e-02  -5.3115831e-02  -9.4737694e-04  -1.7159927e-02  -2.4737259e-03
   4.5132339e-01   1.6840035e-02  -3.1970090e-01   8.5660018e-03  -1.5306571e-02  -1.2924891e-03
   2.2966057e-01  -3.8952579e-02  -1.2650611e+00  -6.4923879e-03  -9.8671581e-03  -6.5118137e-04
   2.5728508e-01  -2.7750110e-02  -1.1663996e+00  -6.3236717e-03  -1.0539336e-02  -6.6546658e-04
   2.4410227e-01  -1.2475730e-01  -1.0845923e+00  -4.7502123e-03  -9.2132137e-03  -9.0373713e-04
   2.5211760e-01  -5.7003527e-02  -1.0361820e+00  -6.1030812e-03  -8.9234031e-03   2.6687255e-04
  -7.2099409e-02   1.1319538e+00  -5.9261373e-01  -4.0355583e-02   1.1120570e-02  -8.9297292e-03
   4.8682786e-01   2.7222415e-01  -1.9372529e-02  -8.2942513e-03  -1.7580301e-02  -5.4265674e-03
   3.6698939e-01   7.1719668e-03  -3.9190806e-01  -8.9121082e-04  -1.8188577e-02  -8.7606331e-04
   3.8237871e-01  -2.1318414e-03  -4.0666666e-01  -3.5598877e-03  -1.9528991e-02  -1.2166646e-03
   4.8355420e-01   8.7352178e-02  -5.2495994e-01  -7.3287648e-03  -2.1020713e-02  -1.9873011e-03
   3.3411779e-01  -1.1500574e-02  -3.0623665e-01  -9.8597704e-04  -1.7325751e-02  -6.4525653e-04
   3.5460480e-01  -5.3634273e-02  -3.6484763e-01   3.6052232e-03  -1.5247829e-02  -2.6397811e-03
   3.1394348e-01   4.7915597e-03  -6.0030612e-01  -5.3223553e-04  -1.2689128e-02   1.0460247e-03
   3.6535228e-01   2.0290832e-02  -2.5181397e-01   3.0030501e-03  -8.9944739e-03  -7.6188145e-04
   2.7760804e-01   3.5185733e-02  -9.8525608e-01  -4.5584124e-03  -1.3696986e-02   1.8153036e-05
   2.9680586e-01   4.2684490e-02  -1.0578253e+00  -5.4278254e-03  -1.2818050e-02  -5.0158847e-04
   3.1571219e-01   9.9694620e-03  -1.1480897e+00  -5.5562633e-03  -1.3303668e-02  -6.7937516e-04
   4.9349557e-01   4.4157798e-01  -1.1260464e+00  -1.7272495e-02  -1.5032533e-02  -4.4145725e-03
   3.6114620e-01   1.2761244e-01  -6.0530339e-01  -9.4881348e-03  -1.2051499e-02  -2.0822808e-03
   3.6400803e-01   1.6609859e-01  -6.7280042e-01  -1.0357215e-02  -1.2036790e-02  -2.4525634e-03
   3.6090301e-01   1.5756864e-01  -6.8669198e-01  -9.7647787e-03  -1.2222183e-02  -2.5618787e-03
   3.9125474e-01   8.2716509e-02  -7.1264995e-01  -4.3990711e-03  -1.4728090e-02  -9.2970528e-04
   3.3503517e-01   1.5548934e-03  -8.4825841e-01  -9.6387573e-04  -1.4425550e-02  -1.6148222e-04
   3.3272433e-01  -1.3094599e-01  -8.8524225e-01  -6.6771311e-03  -8.8449016e-03  -1.8653181e-03
   3.1365538e-01   1.0431409e-01  -1.2480784e+00  -7.5651445e-03  -1.4341144e-02  -5.5042842e-04
   2.4789481e-01  -5.8224849e-03  -1.4664802e+00  -5.5905821e-03  -1.3330018e-02  -7.5394661e-04
   2.8208997e-01  -5.2092806e-02  -1.2127613e+00  -9.3926405e-03  -6.8318652e-03  -1.8912449e-03
   1.8768393e-01  -1.1465599e-01  -1.0927605e+00  -1.6827378e-03  -7.7907049e-03  -1.1336593e-03
   3.2129675e-01   9.0506947e-03  -9.5557373e-01  -2.8939058e-03  -1.4339150e-02  -2.8178501e-04
   3.5641840e-01   4.1427030e-01  -1.0191607e+00  -2.0900897e-02  -1.6547734e-02  -3.6404147e-03
   1.4797442e-01   2.2379235e-01  -8.1816679e-01  -1.3165082e-02  -9.0469251e-03  -3.7521533e-03
   1.4513806e-01   1.0119115e-01  -7.8865423e-01  -9.9350651e-03  -8.7562840e-03  -3.9044254e-03
   2.5034113e-01   1.2358238e-01  -9.8961703e-01  -1.1147307e-02  -1.1906164e-02  -2.8288749e-03
   2.9566157e-01   8.5664822e-02  -9.5400515e-01  -6.9627785e-03  -1.1286605e-02  -2.4261264e-03
   2.5438706e-01   1.0879416e-01  -1.1089223e+00  -8.7613733e-03  -1.3331004e-02  -2.2217211e-03
   2.7994604e-01   7.0123989e-02  -1.1637448e+00  -8.8607527e-03  -1.3904490e-02  -2.1412549e-03
   2.7949493e-01   1.1278652e-01  -1.3068828e+00  -1.1220960e-02  -1.4287775e-02  -1.9301691e-03
   2.8076930e-01   9.2338963e-02  -1.3609993e+00  -9.9589326e-03  -1.3510850e-02  -1.4138724e-03
   2.6294304e-01   5.9667522e-02  -1.3657139e+00  -9.3632720e-03  -1.2167395e-02  -7.1010103e-04
   2.6191920e-01   6.3267609e-02  -1.6327350e+00  -7.6029207e-03  -1.2559373e-02  -7.3338188e-04
   2.6191368e-01   7.7314695e-02  -1.5263575e+00  -1.0514550e-02  -1.2671584e-02  -1.1256050e-03
   2.6772014e-01   6.2902622e-02  -1.5338679e+00  -1.0417882e-02  -1.2946169e-02  -1.2537332e-03
   2.4778928e-01   7.0015001e-02  -1.6046089e+00  -1.1895761e-02  -1.2686965e-02  -1.2007821e-03
   2.0299556e-01  -6.2505570e-02  -1.6161197e+00  -3.7974579e-03  -1.0135458e-02  -2.1431653e-03
   1.9133136e-01  -8.5992130e-02  -1.4080482e+00  -3.0544455e-03  -1.1314693e-02  -1.8717086e-03
   2.6651006e-01  -4.2968877e-02  -1.5658212e+00  -7.9279576e-03  -1.1805314e-02  -1.9527713e-03
   2.2423933e-01  -5.0395021e-02  -1.5926875e+00  -5.5188146e-03  -1.2817707e-02  -1.1953528e-03
   2.4764160e-01  -1.1692250e-01  -1.4321726e+00  -3.2271156e-03  -8.3745532e-03  -2.5158747e-03
   1.7466532e-01  -1.0205406e-01  -1.7358121e+00  -2.8815684e-04  -5.4318121e-03  -2.4136606e-03
   2.2670270e-01  -1.0909126e-01  -1.8006204e+00  -3.3462159e-03  -9.5647950e-03  -1.7159675e-03
   2.0351081e-01  -1.4304504e-01  -1.8868872e+00  -6.4013660e-03  -8.5883479e-03  -1.9064994e-03
   2.0654685e-01  -1.5327798e-01  -1.8956362e+00  -5.5199271e-03  -9.6983955e-03  -2.4267720e-03
   1.5206219e-01  -9.6166861e-02  -1.6171538e+00  -1.9241689e-03  -8.7512225e-03  -1.2629946e-03
   1.6535593e-01  -6.4715287e-02  -1.7840651e+00  -5.6970001e-03  -9.4442274e-03  -1.5882136e-03
   2.0701164e-01  -5.8118694e-02  -1.8823904e+00  -5.9134358e-03  -8.9953677e-03  -2.0641182e-03
   1.7557159e-01  -1.7344407e-02  -2.0695757e+00  -7.5194181e-03  -9.8731111e-03  -1.7248577e-03
   1.7765269e-01  -9.5534930e-02  -2.1050647e+00  -7.2795827e-03  -8.7686386e-03  -1.7250396e-03
   1.4125472e-01  -3.8501488e-02  -1.9175444e+00  -4.5495132e-03  -8.0378048e-03  -1.2143750e-03
   1.9283093e-01   1.3526500e-02  -2.1307897e+00  -3.5088963e-03  -8.4478207e-03  -7.5369635e-04
   1.9887570e-01  -3.7552500e-02  -2.1112552e+00  -8.8280205e-03  -6.3893536e-03  -1.4831300e-03
   1.6015595e-01  -8.2229552e-03  -2.2980303e+00  -8.0090125e-03  -1.0260223e-02  -1.3556555e-03
   2.0799326e-01  -1.6625984e-01  -2.3175573e+00  -4.2108417e-03  -1.1523746e-02  -1.5639296e-03
   1.6549433e-01  -5.3239162e-02  -2.3055336e+00  -6.0223990e-03  -9.9548714e-03  -1.8928131e-03
   1.8052301e-01  -6.7223102e-02  -2.2483430e+00  -6.5836308e-03  -9.1952946e-03  -1.6345903e-03
   1.8371126e-01  -1.4760109e-02  -2.0474431e+00  -4.3696154e-03  -9.2854646e-03  -4.0166640e-04
   3.9918446e-01   3.6850860e-01  -1.5525805e+00  -1.8101115e-02  -1.5918498e-02  -3.0082045e-03
   4.2987043e-01   3.1374312e-01  -1.5204421e+00  -1.1332769e-02  -1.5228746e-02  -2.4052891e-03
   1.7833005e-01   1.0232755e-01  -1.3544565e+00  -8.1697712e-03  -1.1664129e-02  -2.1523598e-03
   1.9251634e-01  -2.6724201e-02  -1.4594614e+00  -1.9931984e-03  -1.1842995e-02  -1.3098365e-03
   2.0134708e-01  -4.5932337e-02  -1.5251727e+00  -4.8513939e-03  -1.1710301e-02  -2.3874380e-03
   1.9085369e-01  -7.5343630e-02  -1.5574173e+00  -4.3186752e-03  -1.0760897e-02  -2.0347983e-03
   2.0591136e-01  -3.6256940e-02  -1.6599639e+00  -4.8773181e-03  -1.1631088e-02  -1.7581951e-03
   2.4289700e-01  -1.0570610e-01  -1.7138397e+00  -3.1356027e-03  -1.0713852e-02  -1.0851584e-03
   2.1235676e-01  -8.7870635e-02  -1.6899255e+00  -3.1944382e-03  -1.0320809e-02  -5.5872933e-04
   2.2208631e-01   1.1585162e-02  -1.8797692e+00  -5.4324302e-03  -1.1118936e-02  -1.1572025e-03
   2.3924735e-01  -1.1600826e-02  -1.9576401e+00  -7.9902183e-03  -1.0876865e-02  -1.3180664e-03
   2.0557486e-01  -1.5240600e-02  -1.9668095e+00  -6.4697326e-03  -9.7119495e-03  -1.1228366e-03
   2.3798612e-01   6.3416287e-03  -2.0276394e+00  -1.0104362e-02  -9.0336794e-03  -1.0174368e-03
   1.6981008e-01  -8.3172637e-03  -1.9461300e+00  -5.5618257e-03  -8.6252337e-03  -5.5704269e-04
   2.1206350e-01   1.8048945e-03  -1.9192901e+00  -6.2031077e-03  -9.1901229e-03  -6.8810288e-04
   2.1829961e-01   8.8510106e-03  -2.0740793e+00  -9.2072574e-03  -9.8780940e-03  -8.9785546e-04
   2.0425453e-01   2.5026326e-03  -1.9880179e+00  -8.1703134e-03  -9.5634588e-03  -6.5951646e-04
   1.8789018e-01  -5.7839408e-02  -2.0061392e+00  -7.7299868e-03  -8.2449855e-03  -2.0883018e-04
   1.9410265e-01  -7.8536151e-02  -1.7240145e+00  -5.5745662e-03  -7.1548784e-03  -6.5888568e-04
   1.6938410e-01  -5.8423363e-02  -2.0133035e+00  -5.9540700e-03  -1.0613443e-02  -1.1474520e-03
   2.3033356e-01  -3.4811073e-02  -1.8821833e+00  -5.0363964e-03  -1.2509870e-02  -1.4336460e-03
   2.0197339e-01  -3.3559863e-02  -2.1012565e+00  -7.1268319e-03  -1.0928535e-02  -1.7488486e-03
   1.9959902e-01  -1.1069212e-01  -2.1285006e+00  -2.6465865e-03  -9.4470933e-03  -1.3951576e-03
   2.7855607e-01   4.9994819e-01  -2.1475425e+00  -3.0704389e-02  -7.6225677e-03  -4.0387881e-03
   3.9402677e-01   2.2659636e-01  -1.5264351e+00  -1.0137315e-02  -1.3292304e-02  -2.8678857e-03
   4.1946139e-01   2.4878252e-01  -1.6915225e+00  -1.1953063e-02  -1.3126860e-02  -1.9510474e-03
   3.8905788e-01   1.3471765e-01  -1.7319417e+00  -5.2853236e-03  -1.4010347e-02  -3.6196617e-03
   3.7201524e-01   2.2997372e-01  -1.9929430e+00  -9.2164559e-03  -1.3140953e-02  -2.4661139e-03
   3.6990286e-01   1.9539228e-01  -2.1284396e+00  -1.1552390e-02  -1.3238134e-02  -2.9066466e-03
   3.1621893e-01   7.8589132e-02  -2.2458903e+00  -8.2171193e-03  -1.0749669e-02  -3.6951590e-03
   2.9720144e-01   1.5707751e-01  -2.1456882e+00  -1.0035896e-02  -1.2536712e-02  -2.5171667e-03
   2.5313171e-01   7.9580642e-02  -2.1536635e+00  -1.4347511e-02  -9.6090581e-03  -1.4604857e-03
   2.1216340e-01   3.9390816e-02  -1.7982427e+00  -5.3823954e-03  -9.2913295e-03  -1.4278695e-03
   2.4428040e-01   9.5564088e-02  -1.7563371e+00  -5.9877350e-03  -7.5075676e-03  -9.1584357e-04
   2.3897748e-01   8.0242837e-02  -2.0122826e+00  -8.6779424e-03  -9.7595004e-03  -1.3553615e-03
   2.5709233e-01   1.5959586e-01  -2.1280140e+00  -1.2346407e-02  -9.8021867e-03  -2.3580426e-03
   3.8652334e-01   3.4653446e-01  -1.5942706e+00  -1.5630756e-02  -1.2288867e-02  -3.8039752e-03
   3.7156006e-01   2.4241477e-01  -1.4321376e+00  -6.0418476e-03  -1.2109019e-02  -2.2764789e-03
   4.1009251e-01   2.3724795e-01  -1.7976583e+00  -8.5081026e-03  -1.4303632e-02  -2.0781362e-03
   3.8594733e-01   2.6920148e-01  -2.1076525e+00  -1.2606184e-02  -1.4457213e-02  -2.3103066e-03
   3.6326470e-01   2.3398472e-01  -2.5958929e+00  -1.4893117e-02  -1.2055664e-02  -1.0829437e-03
   1.9735589e-01   7.3271933e-02  -2.3805804e+00  -8.1559026e-03  -8.4339156e-03  -5.3314470e-04
   2.5201344e-01   1.1228366e-01  -2.4842631e+00  -1.2745632e-02  -9.2765778e-03  -1.0707230e-03
   2.1277313e-01   1.0913638e-01  -2.6249000e+00  -1.2811713e-02  -1.0077473e-02  -1.4089745e-03
   2.0919504e-01   4.0386619e-02  -1.8241679e+00  -3.2620887e-03  -7.6044793e-03  -9.5449665e-04
   2.3888021e-01   5.6428745e-02  -2.2269847e+00  -7.5777805e-03  -9.3674632e-03  -1.4629673e-03
   2.3185635e-01   2.4618240e-02  -2.3352110e+00  -9.0162625e-03  -9.8104680e-03  -1.5239105e-03
   3.4320308e-01   3.8409170e-01  -2.0795503e+00  -2.2522608e-02  -1.5822565e-02  -1.9383534e-03
   3.7084500e-01   3.4559526e-01  -1.8857267e+00  -1.2654920e-02  -9.5956750e-03  -2.1182766e-03
   3.9129064e-01   3.2622114e-01  -1.9538426e+00  -1.2765909e-02  -1.0996070e-02  -2.4874217e-03
   3.9657612e-01   2.9659759e-01  -1.9903502e+00  -1.1053295e-02  -1.1811345e-02  -2.5552627e-03
   3.9636236e-01   2.8505639e-01  -2.0324359e+00  -1.0448061e-02  -1.0973214e-02  -2.4595058e-03
   3.9071387e-01   2.9815191e-01  -2.2129547e+00  -1.2299066e-02  -1.2425864e-02  -2.3402449e-03
   3.9394734e-01   2.7871070e-01  -2.3066282e+00  -1.2597468e-02  -1.2711354e-02  -2.3892072e-03
   3.7833640e-01   3.0714515e-01  -2.4301844e+00  -1.4377106e-02  -1.2421249e-02  -2.7067272e-03
   3.7179190e-01   3.1882101e-01  -2.5391621e+00  -1.5544473e-02  -1.2634780e-02  -2.9824241e-03
   3.6024398e-01   2.8083252e-01  -2.6063672e+00  -1.5512624e-02  -1.1992044e-02  -2.9269086e-03
   3.5795420e-01   2.9881765e-01  -2.6616200e+00  -1.4866263e-02  -1.3139058e-02  -2.7506793e-03
   1.9453394e-01   1.8584378e-01  -2.4375690e+00  -1.5743555e-02  -5.1075601e-03  -7.1618719e-04
   1.9255251e-01  -2.8703433e-01  -5.1017445e-01  -4.8799070e-03  -2.9344883e-03   9.5958372e-04
  -3.2148124e-02  -2.3198015e-01   3.7042609e-04   8.4495181e-03   3.9116104e-04   1.6942969e-03
  -5.2821650e-02  -1.0557806e-01  -1.0415444e+00   8.4691499e-04   7.8961621e-03   2.5440978e-03
  -9.5227925e-02  -7.7329760e-02  -1.1422138e+00   3.3717914e-03   9.9651393e-03   2.3749130e-03
  -1.2397434e-03  -1.8811076e-02  -1.8330329e+00  -9.5511171e-03  -8.5436403e-04   1.0802205e-04
   3.1316868e-02  -1.9283578e-02  -1.7579090e+00  -9.6757157e-03  -1.5157366e-03  -4.0304014e-04
   5.6397521e-02  -3.5502036e-02  -1.8177924e+00  -9.9184860e-03  -7.9775491e-04  -4.0941904e-04
   6.2531554e-02  -1.3747788e-01  -1.8810265e+00  -3.1596788e-03  -2.4798000e-03  -7.9249654e-04
   5.1248199e-02   5.5499632e-03  -1.7929023e+00  -1.1939442e-02  -2.5039828e-03  -6.1622352e-04
   9.8911613e-02  -2.6283840e-02  -1.8315567e+00  -1.0128025e-02  -3.3347080e-03  -1.2204465e-03
   1.2080432e-01   3.2126996e-03  -1.8639095e+00  -1.0552571e-02  -3.5403333e-03  -8.2821109e-04
   2.5846100e-01   4.3491399e-01  -1.9614045e+00  -1.8336959e-02  -1.6132867e-03  -7.6265799e-03
   4.4302134e-01   2.2257566e-01  -1.5366288e+00  -1.6325221e-02  -1.3414800e-02  -1.9169572e-04
   4.2716313e-01   2.4153950e-01  -1.5979472e+00  -1.5923161e-02  -1.3025173e-02  -4.8007485e-04
   4.0856481e-01   2.0977887e-01  -1.6197844e+00  -1.5202291e-02  -1.2317077e-02  -1.1683726e-03
   3.9003964e-01   1.5263563e-01  -1.3282908e+00  -7.9989271e-03  -1.2477585e-02  -2.8114800e-04
   3.9586349e-01   1.4307334e-01  -1.2251415e+00  -7.1743147e-03  -1.1453156e-02  -4.4000981e-05
   3.7006854e-01   1.3181378e-01  -1.6581498e+00  -1.2188141e-02  -1.1271659e-02  -1.3902684e-03
   3.0586713e-01   2.3595932e-02  -1.4988351e+00  -1.4677970e-03  -9.6988758e-03  -2.3879459e-03
   3.3224798e-01   1.3414979e-01  -1.4438938e+00  -8.7472612e-03  -1.1309939e-02  -1.1984108e-03
   2.6636598e-01  -5.3025417e-02  -9.7956533e-01   6.0865049e-03  -5.5423068e-03  -1.4027775e-03
   2.2244921e-01  -5.2497214e-02  -1.7822491e+00  -6.6677768e-03  -8.1474485e-03  -1.8720946e-03
   2.4153807e-01  -1.8293396e-03  -1.6791194e+00  -7.4893891e-03  -8.2651134e-03  -2.1630550e-03
   2.7499937e-01  -3.2191624e-02  -1.7111730e+00  -7.3767204e-03  -9.3498390e-03  -2.2002317e-03
   2.4253484e-01   6.3390723e-03  -1.5749102e+00  -6.8064164e-03  -8.3296596e-03  -1.8774631e-03
   2.7039356e-01   3.0353549e-02  -1.8403312e+00  -1.0362685e-02  -8.7343951e-03  -2.1634627e-03
   2.9833217e-01   2.3120938e-02  -2.0133104e+00  -1.1517079e-02  -9.0127171e-03  -2.0623773e-03
   3.0076402e-01   9.8386710e-03  -2.0526227e+00  -1.1654269e-02  -8.0848731e-03  -1.9076995e-03
   2.9883542e-01   1.3115886e-02  -2.0531005e+00  -1.0090469e-02  -8.4178867e-03  -1.4813316e-03
   2.6105973e-01  -6.5148450e-02  -2.0905350e+00  -7.2963612e-03  -6.8521814e-03  -2.1564586e-03
   2.2451983e-01  -1.3962561e-02  -2.0575913e+00  -1.1497301e-02  -7.4397182e-03  -1.8482725e-03
   2.5301436e-01  -1.5622831e-02  -1.9454039e+00  -9.4987232e-03  -8.0143018e-03  -1.9884301e-03
   2.2480007e-01  -1.6532344e-01  -1.1572143e+00   9.7052683e-03  -3.8654217e-03  -3.0038887e-03
   1.7113097e-01  -8.4784368e-02  -2.0423652e+00  -4.0351613e-03  -7.1204242e-03  -2.6139068e-03
   1.6085730e-01  -7.0050712e-02  -2.1597576e+00  -6.8851019e-03  -6.5651722e-03  -2.5194784e-03
   1.5897479e-01  -4.2866498e-02  -1.4399129e+00   3.3283108e-03  -4.4760349e-03  -6.3627567e-04
   4.2215114e-01   4.5567219e-01  -1.9624533e+00  -2.1323143e-02  -1.5095369e-02  -4.2841652e-03
   4.7386219e-01   3.0265364e-01  -1.8827125e+00  -1.0049204e-02  -1.4564863e-02  -4.2984606e-03
   3.9710704e-01   2.8722420e-01  -1.6568790e+00  -5.9065153e-03  -9.9819823e-03  -3.3012559e-03
   4.2789217e-01   3.7124878e-01  -2.4382795e+00  -1.7013754e-02  -1.4523395e-02  -2.9689826e-03
   4.0731639e-01   2.4006872e-01  -2.3607424e+00  -1.4133395e-02  -1.3701753e-02  -3.1528851e-03
   3.4444420e-01   1.7194414e-01  -2.1819590e+00  -1.0455724e-02  -1.1520493e-02  -3.0637494e-03
   2.8127369e-01   1.5933061e-01  -1.8922707e+00   2.5595857e-03  -6.5979432e-03  -1.1659946e-03
   2.8909261e-01   2.0150011e-01  -2.8099888e+00  -1.6483193e-02  -1.0728069e-02  -1.7099471e-03
   2.8030082e-01   1.3694007e-01  -2.8130877e+00  -1.5212387e-02  -9.9212208e-03  -1.5087540e-03
   3.1595158e-01   1.6528208e-01  -2.8374284e+00  -1.5365479e-02  -1.0527042e-02  -1.7480801e-03
   3.1732832e-01   1.6847816e-01  -2.8531190e+00  -1.6843205e-02  -1.1195113e-02  -1.7139063e-03
   3.1223390e-01   1.5159984e-01  -2.8782920e+00  -1.7549642e-02  -1.0582848e-02  -1.7374918e-03
   2.7703745e-01   9.2218358e-02  -2.4970907e+00  -1.0971543e-02  -1.0169371e-02  -2.0300466e-03
   3.0461813e-01   1.4395760e-01  -2.7008760e+00  -1.4180786e-02  -1.0434110e-02  -1.9245717e-03
   2.7859322e-01   9.0586654e-02  -2.8275656e+00  -1.7556239e-02  -9.4326530e-03  -1.5359311e-03
   2.7997113e-01   6.7625620e-02  -2.7223687e+00  -1.3630008e-02  -4.4503105e-03  -2.3025192e-03
   3.1079979e-01   1.3043663e-01  -3.4744756e+00  -1.0086305e-02  -6.7490453e-03  -2.2841244e-03
   2.7039258e-01   9.0378764e-02  -3.4633310e+00  -1.0327064e-02  -5.3752257e-03  -1.9924361e-03
   2.8227175e-01   9.9487330e-02  -3.4603555e+00  -1.4785339e-02  -6.0518777e-03  -1.8257257e-03
   2.5303447e-01   1.5144713e-01  -3.3538894e+00  -1.4197228e-02  -5.7620498e-03  -2.1861291e-03
   2.3359909e-01   1.2005267e-01  -3.2631589e+00  -1.3544704e-02  -6.6243763e-03  -1.8968732e-03
   2.1510769e-01   6.0536505e-02  -2.9408594e+00  -1.2797343e-02  -4.9841356e-03  -2.0240874e-03
   2.0759235e-01   8.1924488e-02  -2.8885212e+00  -1.1568560e-02  -6.4536223e-03  -2.4229971e-03
   2.1770640e-01   8.3930136e-02  -3.0171142e+00  -1.2720024e-02  -6.3634211e-03  -2.3357587e-03
   2.3210340e-01   6.0645580e-02  -3.0788758e+00  -1.5680384e-02  -7.6316521e-03  -1.8626888e-03
   2.0281452e-01   5.6514099e-02  -2.9056991e+00  -9.7841112e-03  -5.3774725e-03  -2.3582966e-03
   2.1959711e-01   2.8220991e-02  -2.8139143e+00  -1.2480765e-02  -5.1609079e-03  -2.4810389e-03
   1.8450149e-01   6.2031921e-02  -2.8653817e+00  -9.5134287e-03  -5.6985018e-03  -2.4020153e-03
   2.1868669e-01  -1.3243316e-03  -2.7288830e+00  -1.0618182e-02  -4.8674098e-03  -3.1631771e-03
   2.6384166e-01   7.5324357e-02  -2.7955883e+00  -1.4889489e-02  -2.0661768e-03  -3.3796675e-03
   1.5691594e-01   9.6172776e-03  -2.8194101e+00  -7.5853494e-03  -3.7394094e-03  -2.1385387e-03
   1.7100695e-01   4.4746466e-02  -2.9073786e+00  -9.3101051e-03  -4.1020481e-03  -1.9877800e-03
   1.4549005e-01  -7.5915499e-02  -2.9012945e+00  -7.8416062e-03  -1.7147991e-03  -2.6717008e-03
   1.5781702e-01  -7.8426619e-03  -2.8736659e+00  -1.3862157e-03  -2.3241488e-03  -2.0272285e-03
   1.4753587e-01   3.0004386e-02  -2.9950398e+00  -6.9858896e-03  -3.4241083e-03  -2.7930681e-03
   1.4859535e-01   2.3023020e-03  -2.9898820e+00  -7.2997424e-03  -2.8868299e-03  -2.5005112e-03
   3.4742536e-01   3.9657215e-01  -2.4161835e+00  -1.8137282e-02  -8.3814714e-03  -3.8799342e-03
   3.5188406e-01   3.7049477e-01  -2.4607808e+00  -1.3358949e-02  -8.5391952e-03  -3.5725718e-03
   4.0105019e-01   3.0463317e-01  -2.5324079e+00  -1.3711791e-02  -7.6704265e-03  -3.5515986e-03
   3.4859662e-01   2.7469170e-01  -2.6483780e+00  -1.1337596e-02  -8.8194091e-03  -3.3559524e-03
   3.5553515e-01   3.1984157e-01  -2.6445047e+00  -1.8898843e-02  -7.9349071e-03  -2.1140176e-03
   2.6575069e-01   1.1228411e-01  -2.8803625e+00   1.0834310e-03   1.2300785e-03  -2.6578359e-03
   2.2847439e-01   1.8006545e-01  -3.0439112e+00  -1.4274627e-02  -4.2153728e-03  -1.5993887e-03
   2.2236959e-01   1.1764450e-01  -3.0044979e+00  -1.0496276e-02  -5.2003176e-03  -1.7552287e-03
   2.2404471e-01   1.4856843e-01  -2.8710921e+00  -1.0989444e-02  -3.8031612e-03  -1.7769845e-03
   2.2577223e-01   8.3225153e-02  -2.1988293e+00  -3.9417310e-03  -1.5870117e-03  -1.9723945e-03
   1.9659162e-01   6.8066138e-02  -2.4828287e+00  -8.5429175e-03  -2.8289838e-03  -1.8308528e-03
   3.5019006e-01   6.4610979e-01  -2.7143101e+00  -2.7131859e-02  -2.9815992e-04  -7.8471101e-03
   4.2006311e-01   3.5105351e-01  -2.1922567e+00  -1.1888445e-02  -9.8206602e-03  -2.8111173e-03
   3.8869526e-01   3.1692230e-01  -2.4580975e+00  -1.2443166e-02  -8.3725833e-03  -2.1305351e-03
   3.2695238e-01   2.3046059e-01  -2.6275693e+00  -1.1243203e-02  -7.2512946e-03  -1.7726443e-03
   3.0142067e-01   2.3915681e-01  -2.7060100e+00  -1.2527400e-02  -5.9509037e-03  -2.3501185e-03
   3.2015723e-01   2.0850465e-01  -2.6088399e+00  -9.8547036e-03  -5.7428597e-03  -2.2431967e-03
   3.2119949e-01   2.0303066e-01  -2.6339608e+00  -1.1371840e-02  -5.7695282e-03  -2.2351998e-03
   2.9699440e-01   1.6767508e-01  -2.5230966e+00  -7.6356827e-03  -5.2412632e-03  -1.9799882e-03
   2.7460456e-01   1.5215767e-01  -2.5893425e+00  -9.0595294e-03  -5.5401425e-03  -1.6603604e-03
   3.0109140e-01   1.6813884e-01  -2.8163868e+00  -1.1669975e-02  -5.5294869e-03  -2.0409408e-03
   4.3310808e-01   1.8114341e-01  -2.2195740e+00  -1.0732774e-02  -5.2002623e-03  -2.3706933e-03
   3.5909097e-01   2.8248012e-01  -2.8729490e+00  -1.1674443e-02  -8.1698344e-03  -1.6502439e-03
   3.3007953e-01   1.6620629e-01  -2.3747906e+00  -4.1538458e-03  -6.7722898e-03  -1.5019091e-03
   4.4929682e-01   5.0918385e-01  -2.4761397e+00  -2.1766815e-02  -1.3972085e-02  -3.0583140e-03
   4.2537476e-01   3.5847021e-01  -2.3590075e+00  -1.1084809e-02  -1.1588394e-02  -3.6627236e-03
   4.3384645e-01   3.6625334e-01  -2.3593120e+00  -1.2386563e-02  -1.2995860e-02  -2.1320249e-03
   4.2133992e-01   3.4710199e-01  -2.4433355e+00  -1.1534160e-02  -1.2003184e-02  -2.6359864e-03
   3.6940038e-01   2.8783243e-01  -2.6117833e+00  -1.3780422e-02  -9.1745928e-03  -2.1750319e-03
   4.2102483e-01   3.6105781e-01  -2.7096889e+00  -1.2707965e-02  -1.1603068e-02  -2.6284886e-03
   4.2115249e-01   3.7736892e-01  -2.8210383e+00  -1.5175667e-02  -1.1257343e-02  -3.4424375e-03
   4.5914548e-01   3.2369697e-01  -2.9053532e+00  -1.5747030e-02  -9.8119585e-03  -3.4977487e-03
   3.3757900e-01   3.2029095e-01  -2.8829631e+00  -1.7664698e-02  -8.9032995e-03  -2.0982703e-03
   1.7926682e-01   1.3819271e-02  -2.2337775e+00  -8.3357021e-03  -2.6343987e-03  -1.5770680e-03
   1.8509172e-01   3.5040832e-02  -2.4455535e+00  -8.6254908e-03  -3.2081699e-03  -2.1987101e-03
   1.9464072e-01   2.7839823e-02  -2.6381494e+00  -1.0656871e-02  -4.8936931e-03  -2.3399147e-03
   4.8659624e-01   3.6965529e-01  -2.2300521e+00  -1.4928837e-02  -1.5819297e-02  -3.4075737e-03
   4.6579354e-01   3.8521152e-01  -2.2881296e+00  -1.4369495e-02  -1.4949274e-02  -3.1510924e-03
   4.2861931e-01   3.7292773e-01  -2.3217425e+00  -1.5675821e-02  -1.2845026e-02  -3.5305524e-03
   4.4786700e-01   3.2642967e-01  -2.4148073e+00  -1.4777496e-02  -1.3549027e-02  -3.2874584e-03
   4.6317000e-01   3.5676658e-01  -2.4103196e+00  -1.4631432e-02  -1.3337856e-02  -3.3344959e-03
   4.7903904e-01   3.3840885e-01  -2.5204729e+00  -1.4761942e-02  -1.4334509e-02  -3.0950680e-03
   5.0282534e-01   3.6105490e-01  -2.5253894e+00  -1.0371343e-02  -1.1879776e-02  -2.7402534e-03
   3.6045537e-01   2.6857483e-01  -2.9006333e+00  -1.8307450e-02  -8.5412743e-03  -3.1428666e-03
   2.9946700e-01   2.0534353e-01  -2.6501056e+00  -1.1540306e-02  -8.2416641e-03  -2.0690533e-03
   3.0060494e-01   2.1191250e-01  -2.6550858e+00  -1.1721841e-02  -7.4587112e-03  -1.3154517e-03
   3.1271030e-01   2.4160843e-01  -2.6222680e+00  -9.3339965e-03  -8.6239609e-03  -1.4549618e-03
   4.1003431e-01   4.8999836e-01  -2.3503187e+00  -1.7046588e-02  -1.2559763e-02  -2.8695227e-03
   4.1610999e-01   4.7622017e-01  -2.4810172e+00  -1.7615730e-02  -1.2635667e-02  -2.7466735e-03
   4.3017124e-01   4.6222999e-01  -2.5580046e+00  -1.7416665e-02  -1.3275179e-02  -2.8618323e-03
   4.4458929e-01   4.2624016e-01  -2.6661657e+00  -1.7819592e-02  -1.3360713e-02  -2.4652482e-03
   4.3497639e-01   4.2913304e-01  -2.6839818e+00  -1.8028754e-02  -1.2867807e-02  -2.7798103e-03
   4.4615561e-01   3.9781642e-01  -2.6635777e+00  -1.6730430e-02  -1.2298209e-02  -2.6493197e-03
   4.3862693e-01   4.3955197e-01  -2.7807556e+00  -1.8509004e-02  -1.2056893e-02  -2.8894041e-03
   4.1720237e-01   3.6549545e-01  -2.7589548e+00  -1.7241564e-02  -1.3500628e-02  -3.0772121e-03
   3.7091879e-01   3.0564810e-01  -2.8591775e+00  -1.4641213e-02  -1.2772863e-02  -3.6914982e-03
   3.2833632e-01   2.3439002e-01  -3.0051705e+00  -1.6059414e-02  -1.2792885e-02  -2.2328280e-03
   3.2368782e-01   2.1739181e-01  -3.0253586e+00  -1.6738015e-02  -1.2366865e-02  -2.3723401e-03
   4.1398613e-01   5.3617045e-01  -2.9069765e+00  -2.5130126e-02  -1.7253951e-02  -1.7569988e-03
   4.2607126e-01   4.6348485e-01  -2.7806860e+00  -1.9951558e-02  -1.4600536e-02  -1.8223610e-03
   4.3940790e-01   3.4279841e-01  -2.6071597e+00  -1.3910813e-02  -1.2065611e-02  -9.5518533e-04
   4.4467791e-01   3.0578892e-01  -2.6478455e+00  -1.3131802e-02  -1.2278395e-02  -1.3346600e-03
   4.3298584e-01   2.9384498e-01  -2.8309078e+00  -1.1114667e-02  -1.0808979e-02  -1.9609569e-03
   2.4978797e-01   2.0527706e-01  -2.9163925e+00  -2.6749420e-03  -4.3393324e-03  -3.9179420e-03
   3.8090710e-01   2.8143729e-01  -3.2353510e+00  -1.3551009e-02  -9.8740093e-03  -2.3188499e-03
   3.9462940e-01   2.6079114e-01  -3.2986313e+00  -1.4654608e-02  -1.1174284e-02  -2.1104103e-03
   3.8641994e-01   3.0272405e-01  -3.3043388e+00  -1.5387635e-02  -1.1197380e-02  -2.0254114e-03
   3.9861928e-01   3.2055428e-01  -3.3078936e+00  -1.6404440e-02  -1.1366349e-02  -2.1763289e-03
   3.7478864e-01   2.5144471e-01  -3.2424656e+00  -1.3093595e-02  -1.1452348e-02  -2.8371289e-03
   3.4773896e-01   2.0888815e-01  -2.5302088e+00  -7.0944318e-03  -9.4652665e-03  -2.0004277e-03
   3.8694235e-01   2.6510624e-01  -2.8576616e+00  -1.3497279e-02  -1.0967242e-02  -2.4297244e-03
   3.0031565e-01   1.7615285e-01  -2.0427955e+00   2.2838766e-03  -6.5926640e-03  -7.7347551e-04
   3.7178554e-01   2.7213078e-01  -3.2994630e+00  -1.4034428e-02  -1.1587089e-02  -1.1624377e-03
   3.4329815e-01   2.8339576e-01  -3.3536685e+00  -1.3260270e-02  -1.0854293e-02  -1.8331276e-03
   3.3621764e-01   3.0465647e-01  -3.4138078e+00  -1.5952847e-02  -1.0849068e-02  -1.8189732e-03
   3.2732030e-01   3.1423849e-01  -3.4635944e+00  -1.5570880e-02  -1.0528657e-02  -1.8240875e-03
   3.2476065e-01   2.9845918e-01  -3.5495507e+00  -1.5853292e-02  -1.0330794e-02  -1.5081156e-03
   1.5137929e-01   4.9116372e-02  -3.0266282e+00  -9.8702862e-03  -2.1430061e-03  -1.2334456e-03
   6.1237636e-02   1.2596150e-01  -2.7496270e+00  -6.2865084e-03   3.9505290e-03  -6.2487100e-04
   4.1415803e-02   1.0725968e-01  -2.6173418e+00  -3.0552327e-03   4.5572199e-03  -2.1324489e-04
   6.9809462e-02   8.0360393e-02  -2.7749755e+00  -4.5194432e-03   3.0563979e-03  -9.0314854e-04
   2.2391201e-01   5.3382919e-01  -2.7254128e+00  -1.1662314e-02   5.7272475e-03  -6.3977883e-03
   3.1077321e-01   2.7361823e-01  -2.9046842e+00  -1.0025537e-02  -7.8570025e-03  -2.9245600e-03
   2.8735329e-01   2.1959585e-01  -3.0273977e+00  -1.0304194e-02  -7.8133989e-03  -3.7202968e-03
   2.6746914e-01   2.1146739e-01  -2.9346692e+00  -9.9830758e-03  -7.5217629e-03  -3.8492358e-03
   1.9937586e-01   1.5720213e-01  -2.6795834e+00  -9.7393014e-03  -5.7567626e-03  -2.6537038e-03
   1.8828874e-01   2.0147727e-01  -2.6391930e+00  -7.7973707e-03  -5.6444888e-03  -2.9935892e-03
   2.1033043e-01   1.6356114e-01  -2.6121257e+00  -6.9035530e-03  -5.7147938e-03  -3.0208442e-03
   2.0752902e-01   8.5030469e-02  -2.6836915e+00  -7.5323685e-03  -4.4894457e-03  -1.8871949e-03
   1.8797550e-01   7.1728893e-02  -2.7141233e+00  -4.5176948e-03  -6.0520729e-03  -2.1973043e-03
   2.0006518e-01   1.0655366e-02  -2.8461853e+00  -5.6519713e-03  -6.3256919e-03  -2.7427981e-03
   1.9509876e-01   9.0913649e-02  -2.8453724e+00  -7.1562115e-03  -6.4175119e-03  -2.0776525e-03
   2.0056917e-01   8.5692884e-02  -2.7841385e+00  -5.6959151e-03  -5.7735677e-03  -2.3450627e-03
   1.8645953e-01   8.0316256e-02  -2.7380552e+00  -6.9577651e-03  -4.4884743e-03  -1.8149977e-03
   3.5817935e-01   4.5608856e-01  -2.2773712e+00  -1.4050947e-02  -9.7402291e-03  -1.7207151e-03
   3.7317526e-01   3.5321741e-01  -2.3024411e+00  -9.4406744e-03  -1.0141985e-02  -1.4605326e-03
   4.3170559e-01   3.8163492e-01  -2.9735885e+00  -1.0687950e-02  -8.5298250e-03  -1.9573753e-03
   3.5768023e-01   3.2646401e-01  -2.9114759e+00  -1.2687442e-02  -1.0877845e-02  -1.6500327e-03
   3.8240643e-01   3.4917093e-01  -3.0099402e+00  -1.4500206e-02  -1.0740253e-02  -2.0134737e-03
   3.7110861e-01   2.8940727e-01  -2.8544126e+00  -1.0940150e-02  -9.5306930e-03  -2.0049475e-03
   3.4702903e-01   2.7778383e-01  -2.7313791e+00  -8.8952247e-03  -8.2317450e-03  -1.9235752e-03
   3.6041991e-01   2.4930826e-01  -2.9119012e+00  -1.2044812e-02  -1.0619023e-02  -1.7872155e-03
   3.2722548e-01   2.2444431e-01  -2.8640152e+00  -1.0976613e-02  -9.9369376e-03  -1.7955631e-03
   3.1891586e-01   2.6104909e-01  -2.9073782e+00  -1.1886627e-02  -9.6757970e-03  -1.7449431e-03
   3.3002819e-01   2.3767177e-01  -2.5278518e+00  -6.2176827e-03  -9.0139471e-03  -1.7574117e-03
   3.3072342e-01   2.5987543e-01  -2.7684999e+00  -1.1013894e-02  -9.8910960e-03  -2.0610299e-03
   3.8064217e-01   4.7582797e-01  -2.8866841e+00  -1.9159834e-02  -1.2714288e-02  -8.8401923e-06
   3.6219153e-01   4.0687149e-01  -2.7047125e+00  -1.2902538e-02  -8.8319637e-03  -3.2428733e-04
   3.8757758e-01   3.5912720e-01  -2.7856680e+00  -1.3068174e-02  -9.7826562e-03  -1.7489825e-03
   4.0256691e-01   3.7973642e-01  -2.8400596e+00  -1.2059466e-02  -1.0181403e-02  -2.1651947e-03
   4.0792785e-01   3.1678960e-01  -3.0011952e+00  -1.4317660e-02  -1.0395449e-02  -1.7901118e-03
   3.0753794e-01   1.8300490e-01  -3.0560410e+00  -1.3923255e-02  -4.7654214e-03  -2.0993151e-03
   2.5265882e-01   2.1108983e-01  -2.6711297e+00  -6.6868664e-03  -7.7604734e-03  -5.4386357e-04
   2.9929220e-01   2.3811613e-01  -2.9291590e+00  -1.1009006e-02  -9.2460858e-03  -1.5805665e-03
   3.3331488e-01   2.4163376e-01  -2.9968982e+00  -1.1610560e-02  -8.2562289e-03  -1.7009154e-03
   2.5504795e-01   2.2699149e-01  -3.0161301e+00  -1.1075447e-02  -7.9138887e-03  -1.8332481e-03
   2.7492105e-01   2.3065216e-01  -3.0895320e+00  -1.1931581e-02  -8.0954994e-03  -2.0844258e-03
   4.7872785e-01   5.8878605e-01  -3.1254638e+00  -2.3503706e-02  -1.1399874e-02  -2.9462356e-05
   3.8721790e-01   3.7374093e-01  -2.7483063e+00  -1.0494991e-02  -1.0415753e-02   5.4817166e-04
   4.0883597e-01   3.8144436e-01  -2.9110992e+00  -1.4485582e-02  -1.1207856e-02   1.2937598e-04
   3.9176916e-01   3.5923057e-01  -3.0344048e+00  -1.2001885e-02  -1.0771550e-02  -9.4042254e-04
   4.0434497e-01   3.2781277e-01  -2.9896729e+00  -1.2043014e-02  -1.1168446e-02  -1.5483941e-03
   2.7808018e-01   2.4388075e-01  -3.1134231e+00  -1.2019669e-02  -6.5381370e-03  -2.1655594e-03
   3.6542553e-01   3.0497500e-01  -2.7921698e+00  -6.4276390e-03  -1.1183560e-02  -3.2231513e-04
   3.4403658e-01   2.7727274e-01  -2.9374108e+00  -9.6127037e-03  -1.0461744e-02  -9.8125748e-04
   4.0147022e-01   2.4970000e-01  -2.8714618e+00  -1.2236455e-02  -9.6927075e-03  -6.3586997e-04
   3.3967293e-01   2.5972139e-01  -2.9743074e+00  -9.6838190e-03  -9.1538882e-03  -1.7225121e-03
   3.4228542e-01   3.2340877e-01  -3.1183044e+00  -1.2567534e-02  -9.6162348e-03  -1.5773300e-03
   3.6186391e-01   3.1081684e-01  -3.1823525e+00  -1.2340399e-02  -1.0015126e-02  -1.1572249e-03
   3.5008568e-01   3.1908024e-01  -3.2670077e+00  -1.3962563e-02  -9.9381750e-03  -1.5631466e-03
   3.1257553e-01   2.9486329e-01  -3.2501784e+00  -1.4319663e-02  -9.3051777e-03  -1.9329555e-03
   3.4510126e-01   2.6600666e-01  -3.3281673e+00  -1.1851210e-02  -1.0340965e-02  -1.5458323e-03
   3.5853772e-01   2.8374183e-01  -3.3143358e+00  -1.3922792e-02  -9.7799400e-03  -1.5685673e-03
   3.1544380e-01   2.9193297e-01  -3.3259412e+00  -1.2927108e-02  -9.1436454e-03  -1.8731137e-03
   2.8992341e-01   2.1604508e-01  -2.7974135e+00  -6.6657708e-03  -7.4393593e-03  -1.4062633e-03
   3.0445759e-01   2.6702019e-01  -3.1594890e+00  -1.2150257e-02  -8.2077612e-03  -1.8354122e-03
   2.9615366e-01   2.6817335e-01  -3.1915565e+00  -1.1817760e-02  -7.9552230e-03  -2.0592951e-03
   3.2810760e-01   2.5705421e-01  -3.2358683e+00  -1.0353962e-02  -7.8788887e-03  -2.3299582e-03
   2.9228190e-01   2.5030937e-01  -3.4464912e+00  -1.2312553e-02  -7.9496249e-03  -1.9373484e-03
   2.7757665e-01   2.4823095e-01  -3.5106099e+00  -1.3270219e-02  -8.2915731e-03  -2.3275974e-03
   2.8200354e-01   2.2700062e-01  -3.4719177e+00  -1.3118365e-02  -7.2120960e-03  -2.2503555e-03
   2.5118215e-01   2.5521270e-01  -3.5571329e+00  -1.1613563e-02  -7.0738455e-03  -1.7175175e-03
   1.9960656e-01   2.0319456e-01  -3.6845315e+00  -1.2490031e-02  -6.1065898e-03  -3.0822035e-03
   2.4221202e-01   2.2714931e-01  -3.5390456e+00  -1.1063454e-02  -6.9777474e-03  -2.1464620e-03
   2.6620228e-01   1.9088108e-01  -3.5445493e+00  -1.1584169e-02  -7.5210668e-03  -1.7682830e-03
   2.5838597e-01   2.2456270e-01  -3.6577811e+00  -1.3886193e-02  -8.3766059e-03  -1.8644557e-03
   2.7537068e-01   1.9035392e-01  -3.6725630e+00  -1.1923529e-02  -9.3021337e-03  -1.8148609e-03
   2.4056435e-01   2.3145893e-01  -3.9335883e+00  -1.4062989e-02  -7.6606620e-03  -1.7339049e-03
   2.3779167e-01   2.3408938e-01  -3.8297930e+00  -1.3454796e-02  -6.3487511e-03  -1.8642837e-03
   2.3732638e-01   2.5644644e-01  -4.0228911e+00  -1.5760602e-02  -7.6002674e-03  -1.8030558e-03
   2.6535504e-01   2.5977828e-01  -4.1629522e+00  -1.7145814e-02  -7.9785639e-03  -2.1044358e-03
   2.3279569e-01   2.5482933e-01  -4.1723270e+00  -1.6762365e-02  -7.7893842e-03  -1.8271600e-03
   2.4884558e-01   2.7487655e-01  -4.2196026e+00  -1.8931195e-02  -7.2229859e-03  -1.8270890e-03
   2.7648974e-01   2.9721957e-01  -4.1148422e+00  -1.9613692e-02  -7.4698206e-03  -2.1377463e-03
   2.3676310e-01   2.4826721e-01  -3.9464983e+00  -1.3981769e-02  -7.5390108e-03  -2.4221697e-03
   1.9101236e-01   2.0771069e-01  -4.0196877e+00  -1.5500495e-02  -5.7829305e-03  -2.7703608e-03
   1.8664365e-01   2.0551309e-01  -3.7994763e+00  -1.2557496e-02  -5.8077463e-03  -2.2171995e-03
   1.8228789e-01   2.3518797e-01  -3.8764489e+00  -1.4285952e-02  -5.4598856e-03  -2.1073610e-03
   1.7951813e-01   2.2620798e-01  -3.8934898e+00  -1.4440435e-02  -5.6163517e-03  -2.3695426e-03
   1.8709143e-01   2.2079871e-01  -3.7998116e+00  -1.3302085e-02  -5.1609651e-03  -2.5296530e-03
   2.2675120e-01   2.2597852e-01  -4.0233612e+00  -1.4896312e-02  -6.3414069e-03  -2.6857634e-03
   2.1800489e-01   1.9776596e-01  -4.0898998e+00  -1.4405059e-02  -6.7399301e-03  -2.4667330e-03
   3.9035051e-01   6.5030115e-01  -4.0263423e+00  -3.5476814e-02  -1.1795340e-02  -1.9440661e-03
   4.0509302e-01   4.8143209e-01  -3.4643470e+00  -1.6512498e-02  -1.0922012e-02  -1.7442525e-03
   4.1537063e-01   4.5857429e-01  -3.6093753e+00  -1.8196576e-02  -1.1155322e-02  -2.1926099e-03
   3.8699784e-01   4.3562922e-01  -3.6914560e+00  -1.7817542e-02  -1.0360684e-02  -2.2507713e-03
   3.6302637e-01   4.2664967e-01  -3.7446718e+00  -1.7434152e-02  -1.0326450e-02  -1.9832694e-03
   3.7587733e-01   4.0923169e-01  -3.6206146e+00  -1.5776867e-02  -1.0056964e-02  -2.3930167e-03
   3.7082701e-01   4.1932923e-01  -3.7922082e+00  -1.8535665e-02  -1.0165375e-02  -2.4269060e-03
   3.8400259e-01   3.6148283e-01  -3.7145611e+00  -1.8001610e-02  -1.0733407e-02  -3.2763657e-03
   3.9137719e-01   4.0746729e-01  -3.9351790e+00  -1.8058923e-02  -1.2450412e-02  -2.8516392e-03
   3.4659467e-01   3.4157573e-01  -3.9423138e+00  -2.1819521e-02  -1.0994874e-02  -3.0084510e-03
   3.2322151e-01   2.6299286e-01  -3.5589855e+00  -1.1383269e-02  -9.3224303e-03  -2.7856194e-03
   3.1681229e-01   2.2330878e-01  -4.1835798e+00  -9.5031029e-03  -7.7203334e-03  -2.8042479e-03
   2.4291158e-01   3.4188905e-01  -4.1129489e+00  -2.0785916e-02  -7.3596979e-03  -2.7664325e-03
   1.7143045e-01   2.6687426e-01  -4.2472070e+00  -1.4843592e-02  -3.8624505e-03  -2.6310196e-03
   1.5371993e-01   2.1578621e-01  -3.6436264e+00  -1.0035412e-02  -5.4366519e-03  -2.1522976e-03
   1.7857923e-01   2.4085288e-01  -3.7996663e+00  -1.4714684e-02  -7.0300053e-03  -2.7097377e-03
   1.6214932e-01   2.7104852e-01  -3.8388291e+00  -1.5035363e-02  -6.0335332e-03  -2.9031485e-03
   1.5426661e-01   2.3045643e-01  -3.8758480e+00  -1.4127774e-02  -6.3764160e-03  -2.7531763e-03
   1.7175903e-01   1.4696764e-01  -3.8940123e+00  -1.3626753e-02  -7.7753284e-03  -2.4320987e-03
   1.3374044e-01   1.8854113e-01  -3.4175404e+00  -9.5280397e-03  -3.9109741e-03  -1.7817090e-03
   1.8407284e-01   1.8859536e-01  -3.5286020e+00  -1.0900488e-02  -4.5828924e-03  -2.1420541e-03
   1.5582018e-01   1.0025105e-01  -3.5762404e+00  -6.0244684e-03  -4.2381850e-03  -2.4705011e-03
   1.5397413e-01   1.8763091e-01  -3.6037970e+00  -1.1967225e-02  -3.9195050e-03  -2.3537134e-03
   1.3194756e-01   1.8509719e-01  -3.6588320e+00  -1.2063317e-02  -3.3127921e-03  -2.3723149e-03
   4.7579788e-01   4.4430880e-01  -2.9038689e+00  -1.5405114e-02  -1.3210935e-02  -2.0399024e-03
   4.2705286e-01   3.7651063e-01  -3.0909276e+00  -9.3901093e-03  -1.1545782e-02  -1.8508854e-03
   3.7621502e-01   3.9093393e-01  -3.2093038e+00  -1.3580021e-02  -1.1400424e-02  -2.4240199e-03
   3.1533724e-01   2.6514255e-01  -3.1780939e+00  -7.4416724e-03  -1.0464388e-02  -2.9241909e-03
   2.6438823e-01   3.1385486e-01  -3.0359307e+00  -9.2214404e-03  -7.6441168e-03  -1.5277232e-03
   3.1591448e-01   3.3441982e-01  -3.2559246e+00  -1.1261980e-02  -9.2583139e-03  -2.0648568e-03
   3.1477839e-01   3.3849569e-01  -3.4136779e+00  -1.3062254e-02  -1.0020667e-02  -2.0320998e-03
   3.2893608e-01   3.0780992e-01  -3.4714899e+00  -1.3243272e-02  -9.9057199e-03  -1.8667486e-03
   2.8793375e-01   2.3116130e-01  -3.3582723e+00  -9.2571552e-03  -7.1869580e-03  -2.4519829e-03
   2.3778425e-01   2.2231127e-01  -3.3469110e+00  -7.4215550e-03  -4.5677562e-03  -3.4012545e-03
   2.5651414e-01   2.2201796e-01  -3.3162547e+00  -8.9538049e-03  -7.2747712e-03  -2.5415004e-03
   1.7947145e-01   4.9885985e-01  -2.8347863e+00  -1.4891175e-02  -5.8325097e-03  -1.1850600e-03
   3.3867017e-01   1.7932046e-01  -3.0265363e+00  -5.0913126e-03  -1.1520675e-02  -1.3228158e-03
   3.2377612e-01   2.8242762e-01  -3.1673033e+00  -8.2594076e-03  -9.5123139e-03  -2.2173325e-03
   3.1073147e-01   1.4912681e-01  -3.1810578e+00  -1.3131456e-03  -8.8024961e-03  -3.1082480e-03
   3.0083487e-01   3.1990345e-01  -3.2662154e+00  -1.1348299e-02  -9.1523327e-03  -2.2912971e-03
   2.9686653e-01   3.2511757e-01  -3.3303946e+00  -1.1846684e-02  -9.2682413e-03  -2.1086724e-03
   3.5995295e-01   3.3764811e-01  -3.3364616e+00  -1.4420946e-02  -9.4803144e-03  -1.9696676e-03
   2.8886518e-01   2.9453854e-01  -3.2892142e+00  -1.0908093e-02  -9.8452201e-03  -1.9459824e-03
   3.0462443e-01   2.9200328e-01  -3.5152113e+00  -1.0751149e-02  -1.0467276e-02  -2.0713390e-03
   2.8274549e-01   3.3458393e-01  -3.4820684e+00  -1.1034992e-02  -8.4795332e-03  -2.0047781e-03
   2.9634576e-01   3.2289254e-01  -3.5145714e+00  -1.1880355e-02  -9.0551598e-03  -2.2746266e-03
   2.7378821e-01   3.1298475e-01  -3.4678000e+00  -1.3456799e-02  -6.6282236e-03  -2.4456412e-03
   3.8613915e-01   5.7664046e-01  -3.2475847e+00  -1.6052552e-02  -8.9634602e-03  -2.1978205e-03
   3.7855391e-01   5.8795479e-01  -3.3991801e+00  -1.7820947e-02  -9.2401282e-03  -2.1975359e-03
   4.1799855e-01   5.1132932e-01  -3.5807118e+00  -1.7573089e-02  -1.0686227e-02  -2.7981985e-03
   4.1043490e-01   5.0566411e-01  -3.6432455e+00  -1.7619225e-02  -1.0456484e-02  -3.0569944e-03
   4.2298925e-01   4.7561185e-01  -3.6436168e+00  -1.6806861e-02  -9.6397352e-03  -2.7687332e-03
   4.0245418e-01   4.6687446e-01  -3.7718711e+00  -1.6711963e-02  -1.1327428e-02  -2.9775493e-03
   4.3161742e-01   4.8300144e-01  -3.8521705e+00  -1.5495908e-02  -1.2197038e-02  -3.3570133e-03
   2.3776049e-01   3.0004102e-01  -3.7301471e+00  -1.9740425e-02  -7.6690770e-03   2.3253144e-05
   2.2309064e-02   1.1689525e-01  -2.4885483e+00  -5.7752000e-04   2.2163818e-03   9.3491653e-04
  -4.2817299e-02   1.5159392e-01  -2.7631838e+00  -2.4108740e-03   6.7321923e-03   1.8856631e-03
   5.5447952e-02   1.1279934e-01  -2.8597918e+00  -4.5716484e-03   2.1067450e-03   2.3103064e-04
   3.9978210e-01   5.0082420e-01  -2.7579031e+00  -1.3202122e-02  -3.7512048e-03  -2.2978623e-03
   3.7077539e-01   4.0627433e-01  -2.8530780e+00  -9.6830435e-03  -4.9914371e-03  -2.3508063e-03
   3.8281948e-01   4.4914094e-01  -2.8119338e+00  -1.3396000e-02  -5.3687818e-03  -3.1738799e-03
   3.8586302e-01   3.9494235e-01  -2.9915267e+00  -1.3036454e-02  -5.8279933e-03  -3.2106598e-03
   1.8923218e-01   1.1746678e-01  -2.9144592e+00  -7.9784972e-03  -6.6482865e-04  -2.6707545e-03
   2.6562680e-01   2.4339892e-01  -2.5969314e+00  -7.0568922e-03  -4.0370851e-03  -1.6174232e-03
   2.4373468e-01   1.9982548e-01  -2.8084103e+00  -9.0310208e-03  -4.6397374e-03  -1.8648283e-03
   2.8466269e-01   2.0085587e-01  -2.8426188e+00  -1.0144122e-02  -4.7850705e-03  -2.0430985e-03
   2.5684990e-01   2.3406495e-01  -2.9351271e+00  -1.1747575e-02  -4.8935246e-03  -1.8064576e-03
   2.4579019e-01   2.0608691e-01  -2.9526168e+00  -1.0963952e-02  -4.3148272e-03  -1.6298367e-03
   2.0250980e-01   2.1367500e-01  -3.0438358e+00  -1.2470399e-02  -3.0254664e-03  -2.2483221e-03
   4.2267399e-01   5.4083973e-01  -2.7492862e+00  -1.7207919e-02  -1.0690490e-02  -2.0166761e-03
   4.2955245e-01   4.9583709e-01  -2.8017402e+00  -1.6437634e-02  -1.0726770e-02  -2.0188945e-03
   4.2161328e-01   4.8632422e-01  -2.8977402e+00  -1.7604599e-02  -1.0140695e-02  -2.5455280e-03
   4.2340133e-01   3.0412426e-01  -2.6072680e+00  -7.7580091e-03  -1.0948489e-02  -1.8949347e-03
   4.3040590e-01   3.6751511e-01  -2.6968846e+00  -1.0696585e-02  -1.0283638e-02  -1.9338132e-03
   4.4722912e-01   3.1261843e-01  -2.7642468e+00  -9.0756400e-03  -1.0226237e-02  -1.9414557e-03
   4.1939185e-01   3.0730703e-01  -2.8958223e+00  -1.0005678e-02  -9.2481903e-03  -2.4277919e-03
   3.8415951e-01   2.2309962e-01  -2.9738058e+00  -7.2200900e-03  -7.4826282e-03  -2.7956929e-03
   3.8005693e-01   2.9174051e-01  -3.0236191e+00  -1.1122532e-02  -8.6421255e-03  -2.1830497e-03
   3.5558436e-01   2.3216744e-01  -2.6490763e+00  -7.1606637e-03  -7.6140890e-03  -1.1192238e-03
   3.3494179e-01   2.1081412e-01  -2.8871998e+00  -8.4560834e-03  -7.0551359e-03  -1.1361503e-03
   3.4159805e-01   2.3410322e-01  -3.2045515e+00  -1.0354422e-02  -9.0112390e-03  -1.3159081e-03
   3.8849110e-01   5.2898994e-01  -2.9318292e+00  -1.8419408e-02  -1.1471113e-02  -1.6950354e-03
   5.1538494e-01   4.3527224e-01  -2.8367302e+00  -1.5236565e-02  -1.3549551e-02  -1.4211414e-03
   4.7742833e-01   4.0748441e-01  -2.8061377e+00  -1.1835715e-02  -1.3426968e-02  -1.4825210e-03
   4.7319767e-01   3.9371294e-01  -2.7952536e+00  -1.1877166e-02  -1.2122873e-02  -1.4787862e-03
   4.4529401e-01   2.8770793e-01  -2.7936742e+00  -1.1469618e-02  -1.0139093e-02  -2.1504575e-03
   4.0447020e-01   3.6531702e-01  -3.1043649e+00  -1.1977970e-02  -1.1104193e-02  -2.4570741e-03
   3.7846893e-01   3.3599357e-01  -3.2137892e+00  -1.2316060e-02  -9.9543238e-03  -2.2339629e-03
   4.0055839e-01   3.4190713e-01  -3.3780355e+00  -1.4081251e-02  -8.4550835e-03  -2.9843437e-03
   3.1659017e-01   2.8846412e-01  -3.3297298e+00  -1.2662622e-02  -6.1300380e-03  -3.0577368e-03
   3.1607393e-01   2.4956225e-01  -3.3641315e+00  -1.1499337e-02  -8.3136852e-03  -2.5591353e-03
   2.8496184e-01   2.6199891e-01  -3.1763877e+00  -1.0052128e-02  -6.7647754e-03  -2.3436645e-03
   3.8343616e-01   2.6531317e-01  -3.1824167e+00  -1.4830414e-02  -7.7449340e-03  -2.7337152e-03
   3.3767964e-01   2.6289487e-01  -3.3358283e+00  -1.2413100e-02  -1.0975251e-02  -2.4228713e-03
   3.5099751e-01   2.9390703e-01  -3.3897685e+00  -1.3748605e-02  -1.0326867e-02  -2.3339711e-03
   3.6040782e-01   3.0179964e-01  -3.5370157e+00  -1.4163491e-02  -1.0605455e-02  -2.1302409e-03
   3.0491823e-01   2.5272732e-01  -3.3494622e+00  -1.1969667e-02  -8.9577646e-03  -2.7904076e-03
   3.2169780e-01   2.0410559e-01  -3.3593733e+00  -1.0755939e-02  -8.9801166e-03  -2.8502723e-03
   3.3553469e-01   3.0980188e-01  -3.4594290e+00  -1.5097661e-02  -9.5786688e-03  -1.9228591e-03
   3.2736755e-01   3.5774801e-01  -3.4860895e+00  -1.5503887e-02  -9.2591212e-03  -2.2452352e-03
   3.2103924e-01   2.4734383e-01  -3.0877822e+00  -1.0158742e-02  -6.2277669e-03  -2.4823888e-03
   3.0896186e-01   3.2361942e-01  -3.5635123e+00  -1.3719005e-02  -8.8066045e-03  -2.5600679e-03
   2.9730356e-01   2.7431181e-01  -3.5534195e+00  -1.3255414e-02  -8.5283803e-03  -2.1027287e-03
   2.0373422e-01   9.0885777e-02  -3.0437641e+00  -7.3248457e-03  -2.5375049e-03  -2.8429861e-03
   2.3872337e-01   1.4694377e-01  -3.3733674e+00  -8.9704010e-03  -5.8099177e-03  -3.0827350e-03
   2.2010138e-01   1.5385453e-01  -3.4565779e+00  -8.4377150e-03  -4.8706751e-03  -3.3210745e-03
   2.3152603e-01   1.4362642e-01  -3.5960127e+00  -1.0118178e-02  -5.2312112e-03  -3.7418893e-03
   2.2007115e-01   1.7901981e-01  -3.6522016e+00  -9.0804796e-03  -4.3116806e-03  -3.2994073e-03
   2.0694824e-01   1.8046247e-01  -3.5154467e+00  -7.8655761e-03  -2.2448174e-03  -2.7289111e-03
   2.3952331e-01   2.5857690e-01  -3.4776416e+00  -1.8234451e-02   1.8734519e-03  -5.8374322e-03
   2.4185875e-01   2.5328078e-01  -3.7295185e+00  -6.4070076e-03  -6.2273813e-03  -2.5020371e-03
   2.1760322e-01   3.0587402e-01  -4.1132476e+00  -1.3909172e-02  -6.4182462e-03  -2.5173041e-03
   2.1680408e-01   2.6108974e-01  -4.0786692e+00  -1.1694334e-02  -6.5369525e-03  -2.4430206e-03
   2.2398110e-01   2.9885105e-01  -4.3338726e+00  -1.4803109e-02  -6.7952421e-03  -2.6148803e-03
   1.9008665e-01   2.7309925e-01  -4.4002407e+00  -1.4241276e-02  -5.9043610e-03  -2.4210969e-03
   2.0161238e-01   2.5704237e-01  -4.4381875e+00  -1.3671803e-02  -5.7904262e-03  -2.3870684e-03
   2.0001767e-01   2.6904158e-01  -4.4898812e+00  -1.5093493e-02  -6.0687172e-03  -2.5565643e-03
   1.9750583e-01   2.5118646e-01  -4.5272897e+00  -1.5151024e-02  -6.0509852e-03  -2.4973403e-03
   2.0227337e-01   2.8308976e-01  -4.5194617e+00  -1.3719733e-02  -6.2296938e-03  -2.2310559e-03
   2.1088583e-01   2.5406450e-01  -4.5252662e+00  -1.2073485e-02  -6.8279408e-03  -2.4081746e-03
   2.5654005e-01   2.7287405e-01  -4.1550383e+00  -2.1103413e-02  -4.5514323e-03  -3.2691844e-03
   1.8917297e-01   1.4680465e-01  -3.5842542e+00  -6.0074320e-03  -4.6199594e-03  -2.6174782e-03
   2.0524673e-01   1.9216928e-01  -3.7076146e+00  -1.4968405e-02  -4.3609770e-03  -3.1723806e-03
   1.8495425e-01   1.2172271e-01  -3.3192417e+00  -4.2635847e-03  -2.0583965e-03  -2.8132110e-03
   2.1696280e-01   5.9720512e-02  -3.4019588e+00  -7.7526221e-03   5.5869238e-04  -3.3548172e-03
   2.6488526e-01   1.6916815e-01  -3.4399740e+00   1.7401390e-03  -9.7991454e-04  -2.8163853e-03
   2.4587418e-01   2.0541643e-01  -3.8380547e+00  -5.8835154e-03  -3.8872517e-03  -2.6509739e-03
   2.5987040e-01   2.1962460e-01  -3.8939377e+00  -1.2509492e-02  -3.2062154e-03  -3.0026811e-03
   1.3738702e-01   8.0698002e-02  -4.1240972e+00  -2.7602249e-03  -1.7989034e-03  -2.8627012e-03
   2.0295312e-01   1.7758572e-01  -4.3823112e+00  -7.7657779e-03  -4.7138065e-03  -2.3168088e-03
   2.0247405e-01   2.1930536e-01  -4.4493581e+00  -1.1306067e-02  -4.1609401e-03  -2.4955622e-03
   1.9398254e-01   2.5809778e-01  -4.5002250e+00  -1.2485485e-02  -4.5279159e-03  -2.3384241e-03
   2.2226117e-01   2.2824838e-01  -4.3165163e+00  -1.2400204e-02  -4.5969120e-03  -2.4907276e-03
   1.9761267e-01   2.3899319e-01  -4.4097223e+00  -9.7567410e-03  -5.7462154e-03  -2.1492134e-03
   1.9305790e-01   2.5552683e-01  -4.5314653e+00  -1.1323214e-02  -5.4544678e-03  -2.4174016e-03
   1.8161466e-01   2.6176092e-01  -4.5389178e+00  -1.1575878e-02  -5.3093461e-03  -1.9362518e-03
   2.1223291e-01   1.3176426e-01  -2.9876137e+00  -2.5138196e-04  -6.6117978e-04  -2.2751770e-03
   1.8322101e-01   1.9060192e-01  -3.8397442e+00  -5.4516725e-03  -4.8064602e-03  -2.5693038e-03
   1.8744944e-01   1.5816262e-01  -3.8617804e+00  -5.5382249e-03  -4.0736468e-03  -2.9245422e-03
   1.8692770e-01   2.6069055e-01  -4.1905073e+00  -1.5824526e-02  -1.0332843e-03  -3.1330860e-03
   1.6733606e-01   1.8789038e-01  -3.8015487e+00  -6.7306236e-03  -3.9402661e-03  -3.1574043e-03
   1.8222838e-01   2.0269528e-01  -4.0631938e+00  -8.8133238e-03  -4.1399596e-03  -3.3662572e-03
   1.6587998e-01   2.2689071e-01  -4.2405188e+00  -9.6346043e-03  -3.8552437e-03  -2.7672462e-03
   1.6904035e-01   2.0506825e-01  -4.3309266e+00  -9.9318099e-03  -3.8334263e-03  -2.9592738e-03
   1.9859133e-01   2.4603027e-01  -4.5809086e+00  -1.3686603e-02  -3.8867764e-03  -2.5700321e-03
   1.8241720e-01   2.1156042e-01  -4.3990959e+00  -9.3988084e-03  -4.8868988e-03  -3.0294929e-03
   1.8092096e-01   2.6769657e-01  -4.7002442e+00  -1.3680779e-02  -4.8852800e-03  -2.9056541e-03
   1.3683832e-01   1.4041581e-01  -4.1080576e+00  -7.8397252e-03   1.1401495e-03  -3.0337502e-03
   1.7783306e-01   2.3634094e-01  -4.5507927e+00  -1.0117972e-02  -5.2999495e-03  -2.9893705e-03
   1.7106052e-01   1.6729328e-01  -3.9934012e+00  -1.0156969e-02  -1.2357755e-03  -3.3725812e-03
   1.7064932e-01   1.8748276e-01  -4.2162134e+00  -7.6638499e-03  -1.9834024e-03  -3.0258647e-03
   1.7943093e-01   2.0677865e-01  -3.9525909e+00  -9.1676201e-03  -2.5037634e-03  -3.5236073e-03
   1.6660998e-01   2.0985623e-01  -4.3129750e+00  -1.0863724e-02  -2.8026483e-03  -3.3983105e-03
   1.7755183e-01   2.3586618e-01  -4.4915038e+00  -1.3839446e-02  -3.1368826e-03  -2.4378758e-03
   1.7484144e-01   2.2384853e-01  -4.4213335e+00  -1.1231123e-02  -2.2523929e-03  -3.1985977e-03
   1.6820474e-01   2.3453019e-01  -4.5196123e+00  -1.2411345e-02  -2.3423094e-03  -3.0214632e-03
   2.1085546e-01   2.6993820e-01  -4.6624794e+00  -1.3604802e-02  -2.9302169e-03  -3.0386836e-03
   1.8585080e-01   2.2865542e-01  -4.3197899e+00  -1.2915774e-02  -3.4959985e-03  -2.2774661e-03
   2.0353187e-01   2.4598086e-01  -4.3300156e+00  -9.8090293e-03  -2.7451559e-03  -2.3424876e-03
   2.2825683e-01   2.8104868e-01  -4.4789995e+00  -1.3072089e-02  -4.2134445e-03  -2.0524048e-03
   2.6244480e-01   2.8501774e-01  -4.5734891e+00  -1.1614224e-02  -4.0100315e-03  -1.8713816e-03
   2.0405228e-01   2.0389402e-01  -4.6169304e+00  -8.9745683e-03  -1.7217879e-03  -2.3060895e-03
   1.7527268e-01   2.4026337e-01  -4.4767112e+00  -1.0899126e-02  -2.4531962e-03  -2.1456418e-03
   1.9342687e-01   2.1124782e-01  -4.5884418e+00  -1.5099813e-02  -3.6361542e-03  -2.7647752e-03
   1.8955541e-01   1.7350282e-01  -4.2843388e+00  -7.7218700e-03  -4.0662374e-03  -2.2836676e-03
   3.0252924e-01   3.2878517e-01  -4.1380077e+00  -1.1980004e-02  -7.3800568e-03  -2.0555259e-03
   2.8143147e-01   3.2505740e-01  -4.2934005e+00  -1.1203884e-02  -7.3679396e-03  -1.8901681e-03
   2.8333420e-01   3.3316742e-01  -4.5422174e+00  -1.4043880e-02  -6.7485080e-03  -1.9132956e-03
   2.9845227e-01   3.4009297e-01  -4.3295137e+00  -2.1412442e-02  -5.3153301e-03  -2.4613307e-03
   2.6153399e-01   2.9598860e-01  -4.1471087e+00  -1.0611923e-02  -5.9692660e-03  -2.1045723e-03
   3.8833176e-01   3.8220685e-01  -4.5514314e+00  -1.7269990e-02  -9.3225154e-03  -1.7599862e-03
   3.6064385e-01   4.0419178e-01  -4.5220082e+00  -1.5496555e-02  -9.6969365e-03  -2.0431701e-03
   3.2719480e-01   3.9061797e-01  -4.6788111e+00  -1.5990314e-02  -8.8328653e-03  -1.9416986e-03
   2.9619572e-01   3.9680443e-01  -4.6812785e+00  -1.7073296e-02  -7.8870632e-03  -1.6623607e-03
   2.8390714e-01   3.5511371e-01  -4.7235995e+00  -1.6326553e-02  -7.5708613e-03  -1.5893600e-03
   2.8727008e-01   3.9886272e-01  -4.6801047e+00  -1.6708167e-02  -8.0573753e-03  -1.6511443e-03
   2.9378703e-01   3.7932803e-01  -4.6004174e+00  -1.6792044e-02  -7.8771784e-03  -2.3589458e-03
   3.5413777e-01   4.2446277e-01  -4.7145804e+00  -1.8549629e-02  -9.9020366e-03  -1.8009926e-03
   8.1753475e-02   3.3950499e-01  -3.6282674e+00  -6.9602989e-03   3.3934467e-03  -4.8919312e-04
   1.9299457e-01   2.7914132e-01  -4.0132170e+00  -7.6840732e-03  -3.3111933e-03  -2.1023079e-03
   2.1308755e-01   2.6482634e-01  -4.1587892e+00  -9.4563558e-03  -3.5539496e-03  -2.1584308e-03
   1.9509492e-01   2.9937287e-01  -4.4091129e+00  -1.2978368e-02  -3.4608666e-03  -2.2498104e-03
   1.8681020e-01   2.9788788e-01  -4.4411239e+00  -1.3453297e-02  -3.7389007e-03  -2.1547581e-03
   1.9046961e-01   2.7475056e-01  -4.2988217e+00  -1.2184553e-02  -3.6359144e-03  -1.9642856e-03
   1.9782010e-01   2.9105432e-01  -4.2088155e+00  -1.1113540e-02  -4.5051799e-03  -2.2922141e-03
   2.0559158e-01   2.4392021e-01  -4.1677203e+00  -8.4839553e-03  -4.3166039e-03  -2.6108145e-03
   1.8273673e-01   2.8555566e-01  -4.3341436e+00  -1.1546375e-02  -2.8307846e-03  -2.7787003e-03
   1.6667778e-01   2.3591876e-01  -4.3286770e+00  -1.1083014e-02  -1.9956501e-03  -2.2966208e-03
   1.7616800e-01   2.5865706e-01  -4.4692199e+00  -1.0140214e-02  -3.2214976e-03  -2.1797117e-03
   1.7737048e-01   2.6110390e-01  -4.4938168e+00  -1.0802924e-02  -2.9415727e-03  -2.3370477e-03
   1.5560684e-01   2.6658259e-01  -4.5466355e+00  -1.1897601e-02  -2.3878585e-03  -2.1990261e-03
   1.8260881e-01   2.6535385e-01  -4.6378419e+00  -1.1732294e-02  -3.3261875e-03  -2.6802862e-03
   1.8232643e-01   2.5888292e-01  -4.6025053e+00  -1.1059512e-02  -3.0779822e-03  -2.4248845e-03
   1.8361911e-01   2.6819900e-01  -4.5485267e+00  -1.0275088e-02  -3.2081701e-03  -2.1860854e-03
   2.0559568e-01   3.0876214e-01  -4.7413091e+00  -1.1559280e-02  -3.7489736e-03  -2.0772413e-03
   1.8480898e-01   2.2682577e-01  -4.6713693e+00  -7.7328307e-03  -1.9904176e-03  -1.8168938e-03
   2.1192021e-01   3.0456187e-01  -4.8936281e+00  -1.3680332e-02  -6.0816889e-03  -2.4163823e-03
   2.0675822e-01   2.9507082e-01  -4.9166676e+00  -1.3681008e-02  -4.8978961e-03  -2.1303042e-03
   1.9737498e-01   3.1919469e-01  -4.7159658e+00  -1.3833489e-02  -4.8339708e-03  -2.7318737e-03
   1.9192665e-01   2.9465833e-01  -4.6979561e+00  -1.3417383e-02  -4.8633996e-03  -2.6172317e-03
   2.1814085e-01   3.4439335e-01  -4.8818023e+00  -1.6770028e-02  -6.6601809e-03  -2.3041158e-03
   2.2969873e-01   3.1501321e-01  -4.7608431e+00  -1.3742204e-02  -5.2510096e-03  -2.6963768e-03
   2.1533830e-01   3.1096397e-01  -4.8110161e+00  -1.5059644e-02  -5.4251655e-03  -2.3787383e-03
   2.2487555e-01   3.3257731e-01  -4.8117066e+00  -1.7869287e-02  -4.7582689e-03  -2.4770648e-03
   1.7864642e-01   2.9261447e-01  -4.4991151e+00  -1.2371023e-02  -4.0098568e-03  -2.6868172e-03
   1.9689703e-01   2.6482488e-01  -4.4225913e+00  -1.3104073e-02  -2.8876874e-03  -2.6029678e-03
   1.9197332e-01   2.7631405e-01  -4.5245676e+00  -1.3465351e-02  -4.4551780e-03  -3.2259319e-03
   2.0579262e-01   2.7729622e-01  -4.4361224e+00  -1.1005683e-02  -4.1355037e-03  -3.0173610e-03
   2.0593344e-01   2.8708311e-01  -4.6367529e+00  -1.3819733e-02  -4.4986969e-03  -3.1516731e-03
   2.1172782e-01   3.2323357e-01  -4.7807322e+00  -1.3572430e-02  -5.3001425e-03  -2.5803440e-03
   1.9796913e-01   3.2219786e-01  -4.7890487e+00  -1.4291422e-02  -4.8828984e-03  -2.7570427e-03
   2.3719354e-01   1.9559430e-01  -4.2570589e+00  -1.4145832e-02  -3.8677427e-03  -3.3621014e-03
   2.1907496e-01   2.0742588e-01  -4.2808416e+00  -8.0616563e-03  -5.3051799e-03  -3.4608227e-03
   1.8597563e-01   2.4528608e-01  -4.6665717e+00  -1.2714372e-02  -5.2101649e-03  -3.0159459e-03
   1.9334585e-01   2.6497410e-01  -4.7445862e+00  -1.3441398e-02  -4.6321588e-03  -2.5246539e-03
   1.9687330e-01   2.2415998e-01  -4.7466493e+00  -1.5822503e-02  -2.8331593e-03  -3.3865348e-03
   1.6783285e-01   2.6495802e-01  -4.3839561e+00  -9.8623193e-03  -3.4906280e-03  -2.5625203e-03
   2.0918379e-01   2.6431540e-01  -4.4825522e+00  -1.4116603e-02  -3.9935759e-03  -2.8645044e-03
   1.7516931e-01   2.6256730e-01  -4.4027942e+00  -1.0007600e-02  -3.1711926e-03  -2.9636671e-03
   1.6704937e-01   2.7557988e-01  -4.4351009e+00  -1.1188339e-02  -2.3463987e-03  -2.7920340e-03
   1.8939308e-01   2.9565331e-01  -4.5779749e+00  -1.4142846e-02  -3.7962553e-03  -3.0357510e-03
   2.0398535e-01   2.5376847e-01  -4.5585508e+00  -1.0601269e-02  -4.3145547e-03  -2.8348086e-03
   1.9125404e-01   2.8151429e-01  -4.7277520e+00  -1.2408495e-02  -3.9834100e-03  -2.7645523e-03
   1.9944364e-01   2.9344891e-01  -4.8196871e+00  -1.4940624e-02  -4.3100836e-03  -3.0681578e-03
   1.7566629e-01   2.9171263e-01  -4.6951280e+00  -1.3966222e-02  -3.6240149e-03  -3.1205525e-03
   1.7338693e-01   2.8733972e-01  -4.7429997e+00  -1.3642582e-02  -3.6302310e-03  -2.8802726e-03
   1.8485328e-01   3.0437260e-01  -4.7601368e+00  -1.3398904e-02  -3.4246693e-03  -2.9343027e-03
   1.7783902e-01   3.1758386e-01  -4.7854352e+00  -1.4309657e-02  -3.4408552e-03  -2.8719108e-03
   1.7387899e-01   3.0962437e-01  -4.8419094e+00  -1.3388036e-02  -3.8678129e-03  -3.1820172e-03
   1.7819901e-01   3.1180179e-01  -4.9551270e+00  -1.5177053e-02  -3.7606653e-03  -3.1998176e-03
   1.7416651e-01   3.1079708e-01  -4.9894476e+00  -1.4364868e-02  -3.5096364e-03  -2.6708578e-03
   1.7202660e-01   3.3686812e-01  -5.0108138e+00  -1.5700757e-02  -3.8394403e-03  -2.4339402e-03
   1.6447051e-01   3.1114652e-01  -4.9237695e+00  -1.4987907e-02  -3.4850046e-03  -2.8313250e-03
   1.4959731e-01   3.3989210e-01  -4.9740405e+00  -1.6107751e-02  -3.2529999e-03  -2.6223839e-03
   1.6210721e-01   3.3138068e-01  -4.9432277e+00  -1.5553291e-02  -3.6804138e-03  -2.6919221e-03
   1.6732995e-01   3.1748017e-01  -4.8854355e+00  -1.5061142e-02  -3.5674121e-03  -2.7233766e-03
   1.5477955e-01   3.2672286e-01  -4.8373949e+00  -1.5872554e-02  -3.1188096e-03  -2.6929134e-03
   1.4136391e-01   3.4764027e-01  -4.2971922e+00  -2.6059809e-02  -2.2782373e-03  -2.5001757e-03
   1.3188486e-01   1.9664587e-01  -2.8127382e+00  -1.0894331e-03   2.4487584e-04  -1.6122845e-03
   1.5269997e-01   1.8048484e-01  -3.4473189e+00  -1.5200597e-02   2.7693243e-04  -4.0608792e-03
   1.3004440e-01   1.3010364e-01  -3.0771340e+00  -6.2232915e-03  -3.4736925e-03  -2.8325054e-03
   8.8652402e-02   1.8551483e-01  -3.3567453e+00  -1.4864104e-02  -1.3038953e-03  -1.5874685e-03
   8.0805008e-02   1.0728476e-01  -2.7507211e+00  -6.0155023e-03   2.7482059e-03  -8.6080260e-04
   1.0947892e-01   1.6182898e-01  -2.9659577e+00  -9.8205633e-03   3.3661470e-04  -1.4508220e-03
   1.1925661e-01   1.3429313e-01  -3.0361477e+00  -1.1079515e-02   1.1887660e-03  -3.1161769e-03
   1.1938597e-01   1.5017570e-01  -3.5980076e+00  -1.5128828e-02   9.9620470e-04  -2.5923462e-03
   1.7415572e-01   2.0005155e-01  -3.4370549e+00  -1.2515940e-02  -3.6286011e-03  -2.3907505e-03
   2.0467813e-01   1.6627584e-01  -3.7255916e+00  -1.5173268e-02  -4.0833191e-03  -2.5000066e-03
   2.0726075e-01   1.6290565e-01  -3.7848299e+00  -1.7082699e-02  -4.6839152e-03  -2.9417210e-03
   2.0846534e-01   1.2179263e-01  -3.6623877e+00  -1.2524765e-02  -3.7965541e-03  -2.8612096e-03
   1.7817226e-01   7.5005786e-02  -3.6476932e+00  -1.0366488e-02  -3.2061260e-03  -3.3353367e-03
   1.2304032e-01   7.9211283e-02  -3.5785642e+00  -1.1688881e-02  -1.5574382e-03  -4.1733370e-03
   1.3695826e-01   1.1584183e-01  -3.6221120e+00  -1.2691531e-02  -2.0235027e-03  -3.9667760e-03
   1.7030962e-01   1.2555319e-01  -3.6136603e+00  -1.2775306e-02  -3.4085086e-03  -3.6982072e-03
   1.1538931e-01   1.0511224e-01  -2.9611663e+00  -7.8438304e-03  -2.1750918e-03  -2.8921794e-03
   2.1708201e-01   1.1732054e-01  -3.1145871e+00  -9.9561205e-03  -5.0436206e-03  -3.6806177e-03
   1.5185242e-01   1.6039513e-01  -3.1652345e+00  -9.0321140e-03  -3.5456070e-03  -4.0207932e-03
   1.7287490e-01   1.4856319e-01  -3.2367819e+00  -9.5984572e-03  -4.8929324e-03  -3.7154019e-03
   1.7099457e-01   1.6565387e-01  -3.2476046e+00  -1.1706263e-02  -4.8161036e-03  -3.9774681e-03
   1.7168228e-01   1.6478861e-01  -3.2204142e+00  -1.1159993e-02  -3.8773287e-03  -3.9292985e-03
   1.7273266e-01   1.7439684e-01  -3.3484770e+00  -1.2442617e-02  -3.8917924e-03  -3.8570960e-03
   1.8286940e-01   1.9123947e-01  -3.3305467e+00  -1.2255337e-02  -4.1530202e-03  -4.1253158e-03
   1.7389472e-01   1.9532607e-01  -3.4221707e+00  -1.3818987e-02  -3.5366761e-03  -4.3772965e-03
   1.8496406e-01   2.0896206e-01  -3.3677100e+00  -1.3654226e-02  -4.3586230e-03  -4.0940978e-03
   1.6726092e-01   2.4191756e-01  -3.3858772e+00  -1.2664345e-02  -2.7764034e-03  -4.1710440e-03
  -4.3796242e-01   1.0082496e+00  -3.3005915e+00  -3.0289928e-02   1.5047863e-02  -6.2017334e-04
   1.8004716e-01   2.0666760e-01  -3.3334059e+00  -1.1840977e-02  -4.1292882e-03  -3.7091011e-03
   1.6080062e-01   1.8145067e-01  -3.3680807e+00  -1.0750324e-02  -3.4451064e-03  -3.8588595e-03
   1.7548005e-01   2.1778571e-01  -3.5901204e+00  -1.3468114e-02  -3.4819344e-03  -3.6490791e-03
   1.7325606e-01   1.8928743e-01  -3.7020172e+00  -1.4381248e-02  -3.1656994e-03  -3.4682403e-03
   1.8653616e-01   2.1095392e-01  -3.8305477e+00  -1.5694207e-02  -3.4485570e-03  -3.5417109e-03
   1.7455363e-01   2.1376652e-01  -3.7238155e+00  -1.5465987e-02  -3.4377571e-03  -3.5260478e-03
   1.6654932e-01   1.7212936e-01  -3.6340985e+00  -1.2410195e-02  -2.9209085e-03  -3.6394862e-03
   1.7502339e-01   2.0062030e-01  -3.7377687e+00  -1.3479983e-02  -2.9475348e-03  -3.2727342e-03
   1.7812020e-01   1.9240849e-01  -3.8098020e+00  -1.4587327e-02  -3.4092580e-03  -3.7620222e-03
   1.7598143e-01   2.0016873e-01  -3.8955377e+00  -1.5274184e-02  -3.6561537e-03  -3.4008457e-03
   1.7680935e-01   1.7740729e-01  -4.0083932e+00  -1.4271425e-02  -3.3153104e-03  -3.6044746e-03
   1.4912116e-01   1.7519513e-01  -3.7513612e+00  -1.4018354e-02  -1.8562838e-03  -4.1605067e-03
   1.3664141e-01   2.0023233e-01  -3.9324098e+00  -1.5613882e-02  -1.4276123e-03  -4.0795470e-03
   1.5571141e-01   1.9799824e-01  -3.9618315e+00  -1.4909695e-02  -2.8940196e-03  -3.3303759e-03
   1.5901557e-01   2.2082925e-01  -3.9107880e+00  -1.4843844e-02  -2.4475036e-03  -3.8960379e-03
   1.3304909e-01   1.6980232e-01  -3.9536626e+00  -1.7049953e-02   4.2251537e-05  -4.7067461e-03
   1.6131161e-01   1.2756646e-01  -3.6960269e+00  -1.1888833e-02  -9.8562204e-04  -4.3602410e-03
   1.5889329e-01   1.5996181e-01  -3.6081670e+00  -1.3365656e-02  -1.7299858e-03  -4.1569216e-03
   1.5659597e-01   1.8187378e-01  -3.6271264e+00  -1.3687296e-02  -1.3003248e-03  -4.5112411e-03
   1.9270717e-01   1.9326847e-01  -3.9771954e+00  -1.4619235e-02  -1.4281810e-03  -3.6617811e-03
   1.5977404e-01   2.2536664e-01  -3.9222913e+00  -1.5936050e-02  -1.6014237e-03  -3.3058283e-03
   1.6182003e-01   2.0722949e-01  -3.8594298e+00  -1.4143554e-02  -1.8009286e-03  -3.4771887e-03
   1.4034380e-01   2.0456532e-01  -3.9054368e+00  -1.4683144e-02  -1.4452242e-03  -3.3476166e-03
   1.5308789e-01   2.2533652e-01  -4.0134645e+00  -1.5626026e-02  -2.0075566e-03  -2.9026992e-03
   1.6661666e-01   1.7209453e-01  -4.1425571e+00  -1.5080506e-02  -2.7412556e-03  -3.2295612e-03
   1.6727997e-01   2.3332681e-01  -4.1498844e+00  -1.6388894e-02  -2.0506569e-03  -3.1925291e-03
   1.8312509e-01   2.1965716e-01  -4.1401998e+00  -1.7126574e-02  -2.8258104e-03  -2.9491804e-03
   1.9300440e-01   1.8848908e-01  -4.2577592e+00  -1.6890837e-02  -1.6041505e-03  -3.1089140e-03
   1.9123380e-01   2.1927733e-01  -4.2459509e+00  -1.8081344e-02  -3.7875739e-03  -2.9923620e-03
   1.8265978e-01   2.2754907e-01  -4.1765187e+00  -1.7229666e-02  -3.2318008e-03  -3.5799630e-03
   1.8142800e-01   1.9593999e-01  -4.3541527e+00  -1.6353675e-02  -2.9553804e-03  -3.5472453e-03
   1.5365874e-01   2.3408515e-01  -4.3657666e+00  -1.7852364e-02  -2.9955678e-03  -3.3352598e-03
   1.8294057e-01   2.0875363e-01  -4.2729095e+00  -1.6838508e-02  -3.4677289e-03  -3.1431454e-03
   1.8188533e-01   2.2918367e-01  -4.2004855e+00  -1.7704332e-02  -3.1812990e-03  -3.6978041e-03
   1.6915850e-01   2.4729967e-01  -4.2712201e+00  -1.8068147e-02  -3.4420456e-03  -3.8800665e-03
   1.8417122e-01   2.4813517e-01  -4.2857698e+00  -1.9096526e-02  -3.1497944e-03  -3.8739406e-03
   1.4322795e-01   2.2651220e-01  -4.2687945e+00  -1.7976488e-02  -2.4329038e-03  -3.5253592e-03
   1.5869390e-01   2.3013522e-01  -4.3210427e+00  -1.8916933e-02  -2.7177442e-03  -3.5998257e-03
   2.1572093e-01   2.1084308e-01  -4.1397335e+00  -1.9355275e-02  -3.2217136e-03  -3.2127227e-03
   1.8067738e-01   2.2011934e-01  -3.9649948e+00  -1.4466632e-02  -5.1873355e-03  -3.1496337e-03
   1.7826551e-01   1.8951972e-01  -3.8965038e+00  -1.3455514e-02  -4.6044181e-03  -3.5977027e-03
   2.0884850e-01   1.8871735e-01  -4.1997361e+00  -9.5961382e-03  -4.8167464e-03  -3.2833359e-03
   1.8050335e-01   1.9374108e-01  -4.5571049e+00  -1.5774060e-02  -4.5298454e-03  -2.7107733e-03
   1.7058722e-01   2.0670355e-01  -4.4529624e+00  -1.5957757e-02  -4.3765254e-03  -2.8614777e-03
   1.7082984e-01   2.3324869e-01  -4.4751073e+00  -1.7747446e-02  -4.2264148e-03  -2.8462299e-03
   1.6517522e-01   2.3428514e-01  -4.4895212e+00  -1.7306349e-02  -4.4754614e-03  -2.7166328e-03
   1.6835345e-01   2.5693514e-01  -4.5090674e+00  -1.7658381e-02  -4.3915107e-03  -2.4591880e-03
   1.8573758e-01   2.1630133e-01  -4.5129529e+00  -1.6468157e-02  -4.6252314e-03  -2.8784569e-03
   1.8037961e-01   2.6490960e-01  -4.6010574e+00  -1.8346503e-02  -4.6385322e-03  -2.8738822e-03
   1.6767952e-01   2.6820211e-01  -4.5989634e+00  -1.8266480e-02  -3.9862389e-03  -2.7701663e-03
   1.6618025e-01   2.4974846e-01  -4.5865897e+00  -1.7809237e-02  -4.1451587e-03  -2.7977790e-03
   1.7329487e-01   2.5127114e-01  -4.5617823e+00  -1.8286837e-02  -4.6742326e-03  -2.7990802e-03
   1.8538628e-01   2.4453779e-01  -4.5470286e+00  -1.7885378e-02  -4.6537712e-03  -2.7893814e-03
   1.7829728e-01   2.7369509e-01  -4.5972343e+00  -1.8614492e-02  -4.5906165e-03  -2.9131617e-03
   1.6876133e-01   2.5309120e-01  -4.5918110e+00  -1.8819056e-02  -4.2712388e-03  -2.9075322e-03
   1.2008778e-01   2.9310293e-01  -4.4420251e+00  -2.1417860e-02  -2.8852764e-03  -2.0238368e-03
   1.3807778e-01   2.5271496e-01  -4.0984290e+00  -1.3980740e-02  -2.0190378e-03  -2.5077507e-03
   1.7276383e-01   2.3098463e-01  -4.2104977e+00  -1.5237288e-02  -3.8080714e-03  -2.5901320e-03
   1.7288024e-01   2.4771285e-01  -4.3356495e+00  -1.5793370e-02  -3.6497335e-03  -2.9439954e-03
   1.7848989e-01   2.5624088e-01  -4.3575894e+00  -1.5918221e-02  -3.5045949e-03  -2.7890444e-03
   1.6879367e-01   2.4213097e-01  -4.3814952e+00  -1.6701420e-02  -3.8521132e-03  -2.7615765e-03
   1.7458751e-01   2.1152298e-01  -4.2785951e+00  -1.6330686e-02  -3.0320764e-03  -2.6597306e-03
   1.5119408e-01   2.6978385e-01  -4.2577697e+00  -1.5594434e-02  -2.5397595e-03  -2.7406092e-03
   1.7820236e-01   2.3909297e-01  -4.2858903e+00  -1.5185852e-02  -3.0599634e-03  -2.4467188e-03
   1.5010443e-01   2.5146584e-01  -4.2656662e+00  -1.5095178e-02  -2.5925246e-03  -2.9779335e-03
   1.5520701e-01   2.4389971e-01  -4.3154140e+00  -1.6493895e-02  -2.9172380e-03  -2.7685496e-03
   1.5579146e-01   2.5233220e-01  -4.4066716e+00  -1.7349677e-02  -2.9027171e-03  -2.5576769e-03
   1.6639889e-01   2.3452527e-01  -4.4231035e+00  -1.6920703e-02  -2.7754208e-03  -2.7882304e-03
   1.8686128e-01   2.7777777e-01  -4.5310568e+00  -1.7002664e-02  -2.3558300e-03  -2.6161396e-03
   1.7522376e-01   2.0810860e-01  -4.0233063e+00  -9.7488464e-03  -1.8763097e-03  -2.2307044e-03
   1.6338614e-01   2.0244706e-01  -4.2962203e+00  -1.4275929e-02  -1.7156333e-03  -2.2423187e-03
   1.4937338e-01   2.2178004e-01  -4.2556119e+00  -1.3486335e-02  -1.8808646e-03  -2.3136674e-03
   1.6284007e-01   2.3678246e-01  -4.2565102e+00  -1.4516456e-02  -3.3597573e-03  -2.7019645e-03
   1.5633194e-01   2.5386794e-01  -4.3596990e+00  -1.6380599e-02  -2.5529450e-03  -2.6362575e-03
   1.7417082e-01   2.3378925e-01  -4.4148463e+00  -1.6416663e-02  -3.4241417e-03  -2.7496529e-03
   1.7329265e-01   2.6773219e-01  -4.4400664e+00  -1.7418593e-02  -3.2327277e-03  -2.5623716e-03
   1.6320207e-01   2.6863268e-01  -4.4683778e+00  -1.6692045e-02  -2.8717977e-03  -2.4339322e-03
   1.4873689e-01   2.5618353e-01  -4.5024687e+00  -1.7759193e-02  -3.0216821e-03  -2.2798167e-03
   1.5733937e-01   2.5463584e-01  -4.4833165e+00  -1.7221567e-02  -2.7155935e-03  -2.4228996e-03
   1.7339663e-01   2.3802704e-01  -4.3525954e+00  -1.7465054e-02  -3.0252263e-03  -2.1569563e-03
   1.4911064e-01   2.4269345e-01  -4.3987904e+00  -1.5692970e-02  -2.1799436e-03  -2.8371936e-03
   1.6219897e-01   2.4631364e-01  -4.4930173e+00  -1.5500965e-02  -2.8650317e-03  -2.7044189e-03
   1.7181322e-01   2.3486841e-01  -4.5990481e+00  -1.7461979e-02  -2.9192377e-03  -2.8396779e-03
   1.5955149e-01   2.6332567e-01  -4.5839080e+00  -1.8161188e-02  -2.7778140e-03  -2.2208071e-03
   1.6046391e-01   2.6361790e-01  -4.5788614e+00  -1.7614064e-02  -2.6417182e-03  -2.3382746e-03
   1.9493951e-01   2.2639474e-01  -4.5123424e+00  -1.6029686e-02  -3.7843393e-03  -2.7815619e-03
   1.8745926e-01   2.7942337e-01  -4.4951927e+00  -1.8369521e-02  -2.9985652e-03  -2.4344754e-03
   1.5555323e-01   2.1092128e-01  -4.1862384e+00  -1.2777451e-02  -2.8473324e-03  -2.7795068e-03
   2.0421344e-01   1.5892570e-01  -4.3500081e+00  -1.1975793e-02  -2.6896143e-03  -3.2401612e-03
   7.4938743e-02   5.5892651e-02  -4.4777607e+00  -5.1696633e-03   3.2927463e-03  -3.1975196e-03
   1.3540612e-01   1.8055719e-01  -4.4776886e+00  -1.4335532e-02  -2.1005699e-03  -3.2032266e-03
   1.5387815e-01   1.3315271e-01  -4.4626525e+00  -1.2960902e-02  -2.2253358e-03  -3.4333263e-03
   1.5218435e-01   1.6303919e-01  -4.4917977e+00  -1.3720698e-02  -2.7699858e-03  -3.0416566e-03
   1.4891550e-01   2.1664681e-01  -4.5516252e+00  -1.4076844e-02  -2.5730508e-03  -2.8327290e-03
   1.5258337e-01   2.1632030e-01  -4.5633606e+00  -1.3863176e-02  -2.9981494e-03  -2.9540508e-03
   1.5335407e-01   2.3651355e-01  -4.6488672e+00  -1.6432932e-02  -2.5841151e-03  -2.9876214e-03
   1.4865275e-01   2.1591514e-01  -4.6233313e+00  -1.5354961e-02  -3.2076236e-03  -2.8919996e-03
   2.0055349e-01   2.0965920e-01  -4.6780877e+00  -1.6645904e-02  -3.9733881e-03  -2.6256003e-03
   3.1460582e-01   3.6601084e-01  -4.6684696e+00  -1.6324755e-02  -6.3928740e-03  -1.8166558e-03
   2.4223911e-01   2.6177655e-01  -4.5570078e+00  -1.4625284e-02  -6.0115533e-03  -1.7681562e-03
   2.4871372e-01   3.1608910e-01  -4.7425366e+00  -1.7930336e-02  -4.9519211e-03  -1.8097178e-03
   2.0351478e-01   3.4281569e-01  -4.7677177e+00  -2.0432798e-02  -4.0598363e-03  -2.8466890e-03
   2.2319613e-01   3.7065326e-01  -4.7755884e+00  -2.0702495e-02  -4.4124343e-03  -1.6420688e-03
   2.1909779e-01   3.3870107e-01  -4.6124966e+00  -1.7336006e-02  -4.5960675e-03  -2.2684120e-03
   2.2918677e-01   3.3928966e-01  -4.7233097e+00  -1.9308199e-02  -5.5395300e-03  -1.9213633e-03
   2.8514930e-01   3.4732223e-01  -4.5432212e+00  -2.3573247e-02  -4.3636868e-03  -2.3354754e-03
   2.2843129e-01   3.3313731e-01  -4.4358441e+00  -1.5212570e-02  -4.2089623e-03  -1.8689513e-03
   2.5396741e-01   3.3990192e-01  -4.4830354e+00  -1.5795343e-02  -5.0240674e-03  -1.7239965e-03
   2.7204314e-01   3.6595749e-01  -4.5402089e+00  -1.8181424e-02  -5.3659664e-03  -1.8520324e-03
   2.7567682e-01   3.3409211e-01  -4.5792016e+00  -1.7624242e-02  -5.1532613e-03  -1.7184876e-03
   2.6385502e-01   3.5716238e-01  -4.4918512e+00  -1.7247860e-02  -4.7713255e-03  -1.9414375e-03
   2.5508085e-01   3.5177204e-01  -4.5965468e+00  -1.9652170e-02  -4.5112433e-03  -1.9058335e-03
   2.4760001e-01   3.5417596e-01  -4.6113867e+00  -1.7886149e-02  -5.1259260e-03  -1.7124585e-03
   2.4819230e-01   3.7992503e-01  -4.6480429e+00  -1.9964962e-02  -4.1711313e-03  -2.3014835e-03
   5.8390687e-02   5.9490523e-01  -4.6649725e+00  -2.8973340e-02   4.6948806e-03  -4.0326012e-03
   1.8420303e-01   3.8944499e-01  -4.6187568e+00  -1.9811110e-02  -3.3432306e-03  -1.8983839e-03
   2.3265117e-01   3.3764599e-01  -4.6432157e+00  -1.7691567e-02  -3.9664145e-03  -1.9137644e-03
   2.1638523e-01   3.6563621e-01  -4.6093611e+00  -1.7561476e-02  -3.3059693e-03  -1.3389661e-03
  -1.9812565e-04   6.3008254e-01  -4.6993621e+00  -2.8133343e-02   3.9699125e-03  -2.5004653e-03
   1.7623738e-01   3.8074082e-01  -4.6849165e+00  -1.9705167e-02  -3.5429447e-03  -1.2414124e-03
   2.1935847e-01   3.8481141e-01  -4.7821569e+00  -2.0666569e-02  -4.0150563e-03  -1.7534893e-03
   2.1780872e-01   3.7235650e-01  -4.8630852e+00  -2.0414824e-02  -4.1529878e-03  -1.5562535e-03
   2.2503594e-01   3.6118715e-01  -4.8868029e+00  -2.2165137e-02  -4.6164328e-03  -1.7972721e-03
   2.0978050e-01   2.7562961e-01  -4.6834396e+00  -1.7633829e-02  -4.1866728e-03  -2.3397504e-03
   1.7754035e-01   3.2084834e-01  -4.6559058e+00  -1.8493642e-02  -3.6809113e-03  -2.2605199e-03
   1.9554209e-01   3.0192297e-01  -4.7823826e+00  -1.8365913e-02  -4.3669808e-03  -2.2236771e-03
   1.8113124e-01   3.4630953e-01  -4.8780027e+00  -1.9990459e-02  -3.8096235e-03  -2.2960351e-03
   2.0741389e-01   2.8612561e-01  -4.8548484e+00  -1.8707054e-02  -4.1507772e-03  -2.0045317e-03
   1.7136234e-01   3.4763898e-01  -4.8307158e+00  -1.8795989e-02  -3.4369051e-03  -2.0082186e-03
   2.1408456e-01   3.2734483e-01  -4.7665778e+00  -2.0939169e-02  -3.6111451e-03  -2.1920572e-03
   1.9812109e-01   3.2005435e-01  -4.6673240e+00  -1.7561915e-02  -3.4700069e-03  -2.1228764e-03
   1.9073433e-01   3.1646883e-01  -4.6874554e+00  -1.7429217e-02  -3.6648604e-03  -2.2947693e-03
   2.0003226e-01   3.5096629e-01  -4.7623397e+00  -1.9198669e-02  -3.6773418e-03  -2.1587835e-03
   1.9548065e-01   3.4529095e-01  -4.7598268e+00  -1.8299574e-02  -3.9363406e-03  -2.0366370e-03
   2.2056670e-01   3.2736679e-01  -4.7825534e+00  -1.9293062e-02  -4.4220677e-03  -1.8446265e-03
   1.9174719e-01   3.2293699e-01  -4.8847504e+00  -1.8824069e-02  -3.4265812e-03  -1.8780266e-03
   1.9143161e-01   3.2960845e-01  -4.8339580e+00  -1.9618507e-02  -3.6820186e-03  -2.0129138e-03
   1.9480002e-01   3.6015354e-01  -4.8731901e+00  -1.9787959e-02  -3.2567353e-03  -2.0277364e-03
   2.1160936e-01   3.3573561e-01  -4.8863209e+00  -1.9163474e-02  -3.5967253e-03  -2.0404794e-03
   2.0613731e-01   3.4148444e-01  -4.9651939e+00  -1.9481502e-02  -3.2357498e-03  -2.0771241e-03
   2.1327487e-01   3.3210657e-01  -4.8918487e+00  -2.0391629e-02  -3.5134234e-03  -1.9043164e-03
   1.7798752e-01   3.2397030e-01  -4.6549665e+00  -1.7317122e-02  -3.2417727e-03  -2.5469491e-03
   1.8385696e-01   2.9510687e-01  -4.7247912e+00  -1.6927015e-02  -3.3327572e-03  -2.4550324e-03
   2.6197570e-01   3.8859189e-01  -4.9805168e+00  -2.0763030e-02  -4.1695846e-03  -1.3949699e-03
   2.2255141e-01   3.7775448e-01  -4.7607403e+00  -1.7969795e-02  -5.5740441e-03  -1.6207000e-03
   2.5629574e-01   4.0626756e-01  -4.8090665e+00  -1.9319483e-02  -6.2836675e-03  -1.5449490e-03
   2.4262840e-01   4.1304225e-01  -4.8403107e+00  -1.9970605e-02  -6.0386058e-03  -1.3007583e-03
   2.9064797e-01   3.9966638e-01  -4.9752324e+00  -2.0582439e-02  -6.6087525e-03  -1.1969084e-03
   2.4691131e-01   4.2088673e-01  -4.9247624e+00  -2.1656520e-02  -6.1463520e-03  -1.2585416e-03
   2.6180574e-01   3.9888035e-01  -4.8568448e+00  -1.9830736e-02  -7.0129274e-03  -1.2928659e-03
   2.5628926e-01   3.9317032e-01  -4.9153565e+00  -2.0287045e-02  -6.4016938e-03  -1.2980563e-03
   2.5391945e-01   4.0589353e-01  -4.8382333e+00  -2.1406067e-02  -6.2568530e-03  -1.4454143e-03
   2.6330196e-01   4.0042865e-01  -4.8455283e+00  -2.0347196e-02  -6.7656440e-03  -1.4058668e-03
   2.6663135e-01   4.2113690e-01  -4.9161002e+00  -2.1379340e-02  -6.5468973e-03  -1.5866702e-03
   2.8874916e-01   3.6206016e-01  -4.9203835e+00  -1.9790930e-02  -6.2548826e-03  -1.6120538e-03
   2.5367862e-01   3.8849232e-01  -4.9497269e+00  -2.0849299e-02  -6.2934927e-03  -1.6393094e-03
   2.5384814e-01   3.7792351e-01  -5.0399825e+00  -2.1041564e-02  -6.2454710e-03  -1.8182870e-03
   2.4085778e-01   4.0566089e-01  -5.0776315e+00  -2.1496697e-02  -6.1098210e-03  -1.7409595e-03
   2.4664865e-01   4.0379387e-01  -5.0672116e+00  -2.1112911e-02  -6.2843714e-03  -1.6316058e-03
   2.5721985e-01   4.1164968e-01  -5.0756696e+00  -2.1065584e-02  -6.4905910e-03  -1.2767431e-03
   2.4021591e-01   3.7231280e-01  -4.9338689e+00  -2.0155286e-02  -5.4870380e-03  -1.7837775e-03
   2.3909359e-01   3.6643850e-01  -4.8146416e+00  -1.8654242e-02  -5.2642397e-03  -1.8167312e-03
   2.4248965e-01   3.3307002e-01  -4.8950398e+00  -1.8297978e-02  -5.4980115e-03  -1.8630899e-03
   2.3797562e-01   3.7068226e-01  -4.7295501e+00  -1.6748701e-02  -5.1568936e-03  -1.5422703e-03
   2.3501070e-01   3.4203179e-01  -4.7899033e+00  -1.6655455e-02  -5.3557202e-03  -1.1589865e-03
   2.4639908e-01   3.6711958e-01  -4.8527476e+00  -1.7758625e-02  -5.1395807e-03  -1.1480374e-03
   2.4160232e-01   2.8242809e-01  -4.7296771e+00  -1.3275563e-02  -3.5802416e-03  -1.6834208e-03
   1.7586515e-01   2.1232275e-01  -4.7693696e+00  -1.1054159e-02  -1.3859524e-03  -1.9991686e-03
   1.9354531e-01   2.5703497e-01  -4.9232003e+00  -1.5900919e-02  -2.5957003e-03  -1.5373339e-03
   2.4727594e-01   2.3127186e-01  -4.9744538e+00  -1.3425942e-02  -5.9457053e-03  -2.1573928e-03
   2.3413644e-01   2.3054164e-01  -5.0399927e+00  -1.2643185e-02  -4.4585098e-03  -2.4902293e-03
   2.0392336e-01   2.7321228e-01  -5.0384155e+00  -1.5301485e-02  -3.3623833e-03  -3.0579752e-03
   1.9138082e-01   2.7098334e-01  -5.0635728e+00  -1.6081580e-02  -3.0260700e-03  -2.7434605e-03
   1.8998320e-01   3.0854332e-01  -5.0773914e+00  -1.6033230e-02  -3.4766517e-03  -2.3645923e-03
   1.9119090e-01   3.2524143e-01  -5.0908661e+00  -1.7068211e-02  -3.4910050e-03  -2.5368887e-03
   2.0065822e-01   3.3284781e-01  -4.9126085e+00  -1.6217964e-02  -3.3382471e-03  -2.7711198e-03
   1.6546233e-01   3.0995970e-01  -4.7224401e+00  -1.6042882e-02  -2.9867245e-03  -2.4394182e-03
   1.9980506e-01   3.1580832e-01  -4.8336811e+00  -1.5264446e-02  -3.2939531e-03  -2.2644899e-03
   1.9128512e-01   3.2745059e-01  -4.8324613e+00  -1.7405486e-02  -3.6582457e-03  -2.4850369e-03
   1.8510398e-01   3.2832394e-01  -4.9028484e+00  -1.6591361e-02  -2.9728847e-03  -2.4485309e-03
   2.3808964e-01   3.8644861e-01  -4.9537577e+00  -1.8083375e-02  -4.2486716e-03  -1.6385399e-03
   2.0896893e-01   3.4479130e-01  -4.6732046e+00  -1.6694313e-02  -3.8899564e-03  -1.5233841e-03
   1.9763853e-01   3.5933965e-01  -4.6901157e+00  -1.5874197e-02  -3.6332099e-03  -9.0855449e-04
   2.3559316e-01   3.5769486e-01  -4.8366845e+00  -1.7166156e-02  -3.7735521e-03  -1.5953556e-03
   2.0877184e-01   3.7043873e-01  -4.9484073e+00  -1.6648641e-02  -4.5729513e-03  -9.2319707e-04
   1.9635364e-01   3.4311199e-01  -4.9019553e+00  -1.7759730e-02  -4.1049796e-03  -1.5631778e-03
  -9.8930255e-02   8.2257092e-01  -4.9742019e+00  -2.6605150e-02   9.1732784e-04  -2.6157826e-04
   1.9438639e-01   3.3216340e-01  -4.7564833e+00  -1.7714421e-02  -2.0140530e-03  -3.0398927e-03
   1.5801017e-01   3.3395087e-01  -4.7466068e+00  -1.6722729e-02  -1.9724893e-03  -2.2139198e-03
   1.8555028e-01   3.7235178e-01  -4.7537461e+00  -1.6642274e-02  -3.4537320e-03  -1.6146390e-03
   1.6852438e-01   3.8183362e-01  -4.8663276e+00  -1.8991136e-02  -2.6737362e-03  -1.6392054e-03
   1.7091728e-01   3.6695770e-01  -4.7624816e+00  -1.8971479e-02  -2.7945721e-03  -1.9166217e-03
   1.8757167e-01   4.1379554e-01  -4.8521236e+00  -1.8815632e-02  -3.0774447e-03  -1.7310235e-03
  -1.1880393e-01   1.8217428e+00  -4.7913348e+00  -5.7754789e-02   1.0709410e-02  -1.9584537e-03
   1.7122688e-01   7.9092715e-02  -4.1140867e+00  -2.0269652e-02  -7.5113291e-03  -9.7276663e-04
   8.1154914e-02   2.4247920e-01  -3.6268131e+00  -2.9618735e-03   2.8891245e-04   4.8653870e-04
   1.8149456e-01   1.5397291e-01  -3.8594381e+00  -7.7413188e-03  -1.6313399e-03  -1.9379941e-03
   2.5578037e-01   2.8756850e-01  -4.7186106e+00  -1.2236105e-02  -4.8052024e-03  -1.7129890e-03
   1.9250102e-01   3.4227457e-01  -4.7469015e+00  -1.7093026e-02  -4.5092974e-03  -2.2344759e-03
   1.9759515e-01   3.2395725e-01  -4.5482249e+00  -1.5065836e-02  -4.9407089e-03  -2.0496690e-03
   1.8438771e-01   3.7733411e-01  -4.5598092e+00  -1.6197926e-02  -4.5587178e-03  -2.2605432e-03
   1.9158553e-01   3.9350731e-01  -4.5535551e+00  -1.8136476e-02  -5.2646834e-03  -2.5925470e-03
   2.1453016e-01   3.3911961e-01  -4.5509482e+00  -1.7220140e-02  -5.8136637e-03  -2.6759448e-03
   2.0948804e-01   3.4485085e-01  -4.6450380e+00  -1.7216428e-02  -6.3491626e-03  -1.7853188e-03
   1.9507543e-01   3.3294753e-01  -4.7191491e+00  -1.6775591e-02  -5.4666777e-03  -2.2974429e-03
   2.0348148e-01   3.4943909e-01  -4.6220058e+00  -1.6985425e-02  -5.0912627e-03  -2.3378156e-03
   2.0695202e-01   3.2219876e-01  -4.5475841e+00  -1.5257556e-02  -4.2608651e-03  -2.0931012e-03
   1.8859316e-01   3.5393218e-01  -4.6437415e+00  -1.7233256e-02  -3.6014047e-03  -1.7488692e-03
   1.7100108e-01   3.6216556e-01  -4.6532882e+00  -1.7995022e-02  -4.1576191e-03  -2.0224204e-03
   1.8814829e-01   3.3357140e-01  -4.6583355e+00  -1.8492676e-02  -4.3474660e-03  -2.3086748e-03
   1.9089021e-01   3.6298749e-01  -4.5955424e+00  -1.7309318e-02  -4.4280060e-03  -2.3204885e-03
   1.9706948e-01   3.6000254e-01  -4.6570515e+00  -1.7328612e-02  -5.0358351e-03  -2.2223693e-03
   2.0209197e-01   3.3440743e-01  -4.7864397e+00  -1.7919751e-02  -4.3129625e-03  -2.3122224e-03
   1.7722484e-01   1.8837009e-01  -4.4186168e+00  -1.5147160e-02  -1.5154374e-03  -1.9290376e-03
   1.4990754e-01   2.8344248e-01  -4.4347976e+00  -1.1372561e-02  -2.0244582e-03  -1.5078092e-03
   1.9613350e-01   2.9330132e-01  -4.4727842e+00  -1.4376064e-02  -2.8178097e-03  -2.4292180e-03
   2.2777865e-01   4.2737147e-01  -4.5784425e+00  -1.7660524e-02  -5.9506635e-03  -1.3439380e-03
   1.9759139e-01   3.5361662e-01  -4.5611863e+00  -1.5992740e-02  -4.2811046e-03  -2.3457932e-03
   1.9167137e-01   3.2854163e-01  -4.6500852e+00  -1.5447959e-02  -3.9272319e-03  -2.5075658e-03
   1.9642643e-01   3.4320350e-01  -4.6891633e+00  -1.6463838e-02  -4.3497371e-03  -2.7376778e-03
   2.1748521e-01   3.4693008e-01  -4.7800120e+00  -1.7257272e-02  -3.9030290e-03  -2.8747126e-03
   1.8673129e-01   3.4630320e-01  -4.7523325e+00  -1.6402203e-02  -3.8490034e-03  -2.6023295e-03
   1.8171885e-01   3.5628350e-01  -4.7599404e+00  -1.6901083e-02  -3.8090129e-03  -2.4733273e-03
   1.8540367e-01   3.7773594e-01  -4.7623632e+00  -1.7582373e-02  -3.2912339e-03  -2.3398483e-03
   1.8935245e-01   3.3927358e-01  -4.7530121e+00  -1.6068304e-02  -3.5702670e-03  -2.7841645e-03
   1.7482499e-01   3.7178266e-01  -4.8063526e+00  -1.5503951e-02  -4.0667857e-03  -2.6855215e-03
   1.7257569e-01   3.4381578e-01  -4.8801021e+00  -1.7283797e-02  -3.1912968e-03  -2.8841721e-03
   1.6635869e-01   3.9413182e-01  -4.9084736e+00  -1.9236653e-02  -3.5180176e-03  -2.7115849e-03
   1.6524619e-01   3.2967886e-01  -4.8898585e+00  -1.7264057e-02  -2.7018294e-03  -2.1601784e-03
   1.7039441e-01   3.1767089e-01  -4.6852428e+00  -1.4758944e-02  -2.7164700e-03  -2.6111345e-03
   2.0613507e-01   2.6489494e-01  -4.6366114e+00  -1.1956228e-02  -2.9280047e-03  -2.3134382e-03
   2.0012507e-01   2.3276866e-01  -4.6546538e+00  -1.3605371e-02  -2.4350532e-03  -2.2261190e-03
   1.9152463e-01   2.4466644e-01  -4.6454084e+00  -1.3343482e-02  -2.4964132e-03  -2.2772008e-03
   1.7373565e-01   2.6118914e-01  -4.7323190e+00  -1.4651704e-02  -2.7940005e-03  -2.4046192e-03
   1.5842818e-01   2.8989284e-01  -4.7776177e+00  -1.5575608e-02  -2.6361212e-03  -2.3204916e-03
   1.7911324e-01   3.4088377e-01  -4.7658679e+00  -1.7455669e-02  -3.3687716e-03  -2.3073166e-03
   1.6994593e-01   2.8644268e-01  -4.8057257e+00  -1.5586822e-02  -2.9455176e-03  -2.6516886e-03
   1.5111932e-01   3.4337905e-01  -4.8532271e+00  -1.7404256e-02  -2.3205988e-03  -2.1595521e-03
   1.6447423e-01   2.9389172e-01  -4.8203012e+00  -1.3743819e-02  -3.5410161e-03  -1.7196106e-03
   1.5404038e-01   3.0875106e-01  -4.8798831e+00  -1.5923980e-02  -2.9413162e-03  -2.1876691e-03
   1.6787111e-01   2.3423692e-01  -4.8416932e+00  -1.3083557e-02  -2.2761017e-03  -2.5624580e-03
   1.9644074e-01   3.6558230e-01  -4.9782850e+00  -1.6946441e-02  -4.0036555e-03  -1.7367190e-03
   1.8683539e-01   3.4828076e-01  -4.9104465e+00  -1.8333750e-02  -3.8355003e-03  -1.7931178e-03
   2.0790725e-01   3.5794866e-01  -4.9164528e+00  -1.7978304e-02  -4.6214021e-03  -1.5738024e-03
   5.7468675e-01   7.5061060e-01  -5.0715971e+00  -2.5661944e-02  -1.1958365e-02   2.9448333e-03
   1.9208512e-01   3.8405647e-01  -4.7895705e+00  -1.5640624e-02  -3.0325879e-03  -4.1135020e-03
   1.7594524e-01   3.7870547e-01  -4.8607243e+00  -1.6499024e-02  -3.6647978e-03  -2.8166857e-03
   1.6551743e-01   3.6735799e-01  -4.9388255e+00  -1.6514906e-02  -3.0332871e-03  -2.3013476e-03
   1.4293871e-01   3.3034065e-01  -4.8591727e+00  -1.6258647e-02  -1.8631703e-03  -7.5472162e-04
   1.6377392e-01   3.5851562e-01  -4.8647285e+00  -1.5234093e-02  -3.6086767e-03  -1.2841053e-03
   1.7324170e-01   3.6502908e-01  -4.8957095e+00  -1.6975787e-02  -3.5661635e-03  -1.5559866e-03
   2.4426506e-01   3.5152885e-01  -5.1529116e+00  -1.1476594e-02  -4.8084538e-03  -1.3584485e-03
   1.9602606e-01   3.5389717e-01  -5.1594931e+00  -1.5284457e-02  -4.7249193e-03  -1.1597623e-03
   1.9716767e-01   4.6189190e-01  -5.1806212e+00  -2.0144236e-02  -4.0391782e-03  -1.1067380e-03
   1.5845380e-01   3.4221012e-01  -4.6422642e+00  -1.2692004e-02  -2.7668867e-03  -6.3419095e-04
   1.8034260e-01   3.5723496e-01  -4.8208039e+00  -1.4316912e-02  -3.6120910e-03  -1.1539055e-03
   1.9432551e-01   3.6540359e-01  -4.9045769e+00  -1.5456540e-02  -3.8726817e-03  -1.1669491e-03
   1.8770579e-01   3.3159696e-01  -4.9589885e+00  -1.6526161e-02  -3.9034452e-03  -9.4264552e-04
   1.6151488e-01   3.3309031e-01  -4.8301292e+00  -1.3392903e-02  -2.7711062e-03  -6.7040880e-04
   1.7207818e-01   3.8084619e-01  -4.8244605e+00  -1.4442382e-02  -3.3264203e-03  -8.0595955e-04
   2.2654588e-01   3.7215679e-01  -4.8279962e+00  -1.5264373e-02  -3.7596733e-03  -1.0750175e-03
   1.8155887e-01   2.3171852e-01  -4.4339302e+00  -9.3522802e-03  -3.1312562e-03  -9.3064096e-04
   1.5526765e-01   2.4102910e-01  -3.4715872e+00  -6.1291953e-03  -5.8491767e-04  -1.3042512e-04
   1.5680058e-01  -7.5858787e-02  -6.5859500e-01  -2.4293677e-03   4.4358925e-03  -3.6498419e-03
   2.3460199e-01   6.2360905e-02  -9.8823342e-01  -1.0677092e-02   1.4285737e-02  -3.6155867e-04
   1.1831663e-01  -3.6863391e-01  -1.8739103e+00   3.3664714e-02   1.6823074e-02   2.5981326e-03
   1.7615008e-01   6.6044180e-01  -6.9851026e+00  -3.4409855e-02   2.0286073e-04   2.2217982e-03
   2.2184039e-01   6.4184243e-01  -6.5627799e+00  -3.2656393e-02  -2.3858957e-03   7.9562971e-04
   2.4402062e-01   5.6227584e-01  -6.1220618e+00  -3.1954687e-02  -2.1286486e-03   2.7118229e-04
   2.3406623e-01   5.9448324e-01  -5.6175507e+00  -2.8483921e-02  -1.1273809e-03  -3.5144520e-05
   3.1307066e-01   5.0244344e-01  -5.3428886e+00  -2.6308145e-02  -6.7174446e-03  -1.2742839e-03
   2.6812298e-01   4.4253210e-01  -5.0747483e+00  -2.3071730e-02  -4.8137126e-03  -1.3474174e-03
   2.5696833e-01   4.7133199e-01  -5.1047452e+00  -2.5791650e-02  -5.3285285e-03  -1.6435498e-03
   2.0170645e-01   4.9898999e-01  -5.1414908e+00  -2.6203013e-02  -3.3709067e-03  -7.4700380e-04
   1.8975759e-01   3.2133543e-01  -3.6217103e+00  -3.2457204e-02   1.6428627e-03  -1.3908608e-03
   1.0854760e-01   2.3466165e-01  -3.0498619e+00  -3.9787344e-03   1.5591654e-03  -4.7889741e-04
   1.2235755e-01   2.7750090e-01  -3.1895945e+00  -6.2084860e-03  -3.4495648e-04  -4.5772459e-04
   1.5971514e-01   2.6822637e-01  -3.3384608e+00  -8.1669891e-03  -2.1122094e-03  -1.1186302e-03
   1.8154720e-01   2.7175773e-01  -3.5344159e+00  -9.6883020e-03  -2.4838295e-03  -1.3906579e-03
   2.3429659e-01   3.4628983e-01  -4.5919925e+00  -1.8627658e-02  -1.4215693e-03  -2.2440009e-03
   2.0763486e-01   3.8570260e-01  -4.5562771e+00  -1.8858146e-02  -2.0284237e-03  -1.5187961e-03
   2.3069883e-01   3.6943170e-01  -4.4615321e+00  -1.7990476e-02  -2.8172460e-03  -1.8037232e-03
   2.6551165e-01   2.9365459e-01  -4.4404650e+00  -1.4070701e-02  -3.3584439e-03  -3.7899564e-03
   2.1298746e-01   3.6720366e-01  -4.4141264e+00  -1.6579459e-02  -2.0021148e-03  -2.2776911e-03
   2.2413370e-01   3.9074631e-01  -4.4377208e+00  -1.9104544e-02  -2.0708519e-03  -2.4929746e-03
   2.4580463e-01   3.8403879e-01  -4.4448311e+00  -2.2309302e-02  -2.4987342e-03  -1.7543748e-03
   1.9794123e-01   3.4728370e-01  -3.9223177e+00  -1.2406054e-02  -1.2890519e-03  -1.8903941e-03
   2.0331171e-01   3.8396134e-01  -4.1723470e+00  -1.5737648e-02  -1.8240441e-03  -1.5841052e-03
   2.3412212e-01   3.7404941e-01  -4.3072767e+00  -1.6322736e-02  -2.9590225e-03  -2.2804435e-03
   2.3972607e-01   3.8009436e-01  -4.3622737e+00  -1.7336723e-02  -3.7385701e-03  -2.3182778e-03
   2.5438840e-01   3.2340013e-01  -4.2865989e+00  -1.4753063e-02  -3.7414220e-03  -1.7404085e-03
   2.3320039e-01   3.5949606e-01  -4.3743433e+00  -1.5837574e-02  -3.6806817e-03  -1.3728408e-03
   2.6397644e-01   2.9645940e-01  -4.0577889e+00  -1.3674054e-02  -2.0666019e-03  -1.8268261e-03
   2.3536057e-01   3.7012734e-01  -4.1906040e+00  -1.4185411e-02  -2.6403834e-03  -1.6937471e-03
   2.4936639e-01   3.6321987e-01  -4.3246817e+00  -1.6128281e-02  -3.1971204e-03  -1.8566195e-03
   2.5568233e-01   3.4125391e-01  -4.3977868e+00  -1.5727778e-02  -3.8478566e-03  -1.9970147e-03
   2.5320415e-01   3.8961452e-01  -4.4321686e+00  -1.7384834e-02  -4.2838377e-03  -1.9689927e-03
   3.1076979e-01   4.2073242e-01  -4.5378485e+00  -1.9304887e-02  -5.5989759e-03  -1.6816174e-03
   2.9444758e-01   3.8503899e-01  -4.4438704e+00  -1.7485570e-02  -4.4929675e-03  -1.5915820e-03
   3.3274033e-01   4.2487977e-01  -4.4225473e+00  -1.7839051e-02  -5.5893703e-03  -1.5653414e-03
   2.4904260e-01   3.6917600e-01  -4.3666140e+00  -2.3167140e-02  -2.9120206e-03  -2.8000809e-03
   2.1654660e-01   2.2796380e-01  -3.4186489e+00  -6.1071887e-03  -1.4112813e-03  -2.7165814e-03
   1.9349813e-01   3.2184425e-01  -3.6359888e+00  -1.1310349e-02  -2.5403496e-03  -1.9990290e-03
   2.8557228e-01   3.1469563e-01  -3.8467037e+00  -1.3884849e-02  -4.8477138e-03  -1.8351929e-03
   2.6081964e-01   3.0211714e-01  -4.0574664e+00  -1.1634734e-02  -4.6847441e-03  -1.6140755e-03
   2.6694278e-01   3.4323098e-01  -4.1668660e+00  -1.5604779e-02  -4.5871222e-03  -1.5226293e-03
   3.4128962e-01   3.0508110e-01  -4.4122059e+00  -1.2531705e-02  -6.2649154e-03  -1.5266260e-03
   3.1484139e-01   4.1235633e-01  -4.5055935e+00  -1.6704205e-02  -6.0970414e-03  -1.7703098e-03
   2.8436683e-01   4.0790415e-01  -4.6204938e+00  -1.8607136e-02  -5.5740659e-03  -1.7899977e-03
   2.8415534e-01   3.9896631e-01  -4.6693786e+00  -1.8217916e-02  -5.5107897e-03  -1.6195664e-03
   2.7709082e-01   4.2358015e-01  -4.7406334e+00  -2.0253350e-02  -4.9013769e-03  -1.6721842e-03
   2.7600595e-01   4.0503200e-01  -4.7358635e+00  -1.9441228e-02  -5.3759315e-03  -1.5254379e-03
   2.5806717e-01   3.7429120e-01  -4.7012009e+00  -1.8880881e-02  -4.8639465e-03  -1.3535969e-03
   2.8319761e-01   3.1172699e-01  -4.1944855e+00  -1.3188535e-02  -3.8518435e-03  -1.4949682e-03
   2.6388660e-01   3.6025087e-01  -4.3310941e+00  -1.5407554e-02  -4.1266601e-03  -1.7077324e-03
   3.0078770e-01   3.6819987e-01  -4.3690982e+00  -1.6768982e-02  -4.9138229e-03  -1.6086918e-03
   2.5896705e-01   3.7318415e-01  -4.5384616e+00  -1.6716739e-02  -5.1697704e-03  -1.7173770e-03
   2.8190890e-01   3.2189429e-01  -4.1017492e+00  -1.6449862e-02  -4.4304269e-03  -1.7622483e-03
   3.1212563e-01   3.3318955e-01  -4.1016639e+00  -1.3293218e-02  -5.7649715e-03  -1.8008110e-03
   3.1253742e-01   3.7126039e-01  -4.2503143e+00  -1.5802909e-02  -5.5027133e-03  -2.2386803e-03
   3.4692067e-01   4.4307447e-01  -4.4364786e+00  -1.7774073e-02  -6.3719404e-03  -2.3800961e-03
   3.2088438e-01   4.0031982e-01  -4.4085068e+00  -1.7098324e-02  -6.2521310e-03  -1.8632350e-03
   3.1961440e-01   4.0912058e-01  -4.5534074e+00  -1.8745792e-02  -6.1095233e-03  -2.1378576e-03
   3.2693065e-01   4.0612360e-01  -4.5172319e+00  -1.8913532e-02  -5.5517686e-03  -1.5914237e-03
   3.1468706e-01   4.0862595e-01  -4.5298122e+00  -1.8322079e-02  -6.0504958e-03  -2.1513823e-03
   3.3844568e-01   4.1753335e-01  -4.5481521e+00  -1.8742602e-02  -6.4433529e-03  -1.9365125e-03
   3.5812774e-01   4.7389992e-01  -4.3890364e+00  -1.8488002e-02  -7.4225010e-03  -2.0170369e-03
   3.5372579e-01   4.3170756e-01  -4.4835234e+00  -1.8352042e-02  -7.7145778e-03  -1.9013933e-03
   3.3465949e-01   4.3863920e-01  -4.5076119e+00  -1.9626943e-02  -6.8004958e-03  -2.1038919e-03
   3.9910698e-01   4.1736768e-01  -4.0137957e+00  -1.3805749e-02  -7.6812635e-03  -1.4111255e-03
   3.5377079e-01   4.7050467e-01  -4.2910312e+00  -1.7815847e-02  -8.4857471e-03  -1.6780203e-03
   3.8073745e-01   4.2093279e-01  -4.2616821e+00  -1.6369328e-02  -8.0295737e-03  -1.8446231e-03
   3.5207189e-01   4.6597377e-01  -4.4814209e+00  -1.8921317e-02  -7.6607713e-03  -1.7217938e-03
   3.7657419e-01   4.8313036e-01  -4.5315175e+00  -2.0122024e-02  -8.1565708e-03  -1.7960643e-03
   3.6812119e-01   4.7828005e-01  -4.6834830e+00  -1.8112169e-02  -6.0777069e-03  -1.5429844e-03
   2.2830195e-01   2.8358869e-01  -4.4783498e+00  -2.6765075e-02  -2.7808403e-03  -3.7276153e-03
   1.0962272e-01   2.4996356e-01  -3.6800085e+00  -1.7302610e-02   9.2693891e-03  -1.9269157e-03
   2.1408174e-01   2.3826878e-01  -3.5817594e+00  -6.5418625e-03  -6.8930436e-03  -3.5981473e-03
   2.0020405e-01   3.0933615e-01  -3.9186342e+00  -1.4069440e-02  -9.7080482e-03  -3.0738641e-03
   2.3049302e-01   2.6142073e-01  -3.8897312e+00  -1.3443140e-02  -9.1876595e-03  -3.0546924e-03
   2.1883055e-01   2.7834650e-01  -3.8882160e+00  -1.5145340e-02  -8.2969564e-03  -3.0902347e-03
   2.2168986e-01   2.5496476e-01  -3.8639578e+00  -1.3583596e-02  -7.1128488e-03  -3.2258078e-03
   2.1668214e-01   2.8065358e-01  -4.0025339e+00  -1.5279570e-02  -7.1493804e-03  -3.0477750e-03
   3.4775811e-01   3.8686149e-01  -4.0872789e+00  -1.7599135e-02  -1.1792662e-02  -2.5456663e-03
   2.6313328e-01   3.0361950e-01  -3.9248523e+00  -1.6007043e-02  -7.3712293e-03  -3.0352349e-03
   2.4948113e-01   3.2810358e-01  -3.9494279e+00  -1.6356285e-02  -7.0853123e-03  -3.0195254e-03
   2.7006808e-01   2.6767426e-01  -4.0229508e+00  -1.4818177e-02  -7.3572587e-03  -2.5924925e-03
   2.5542287e-01   2.5402346e-01  -4.1305898e+00  -1.4412028e-02  -7.9169660e-03  -2.9376445e-03
   2.5354213e-01   2.7964091e-01  -4.2377414e+00  -1.5931226e-02  -5.0476523e-03  -2.7692147e-03
   2.4632688e-01   3.3351546e-01  -4.3072920e+00  -1.7605826e-02  -5.4810227e-03  -2.8164001e-03
   2.7750937e-01   3.4282650e-01  -3.9834380e+00  -1.2887258e-02  -5.2248466e-03  -3.0880647e-03
   2.5309765e-01   3.7311899e-01  -4.2716849e+00  -1.7199659e-02  -5.4789964e-03  -2.8325919e-03
   2.9103939e-01   3.5330149e-01  -4.2006400e+00  -1.6245190e-02  -5.6170505e-03  -3.0518231e-03
   2.8537717e-01   3.7987833e-01  -4.3292827e+00  -1.6711403e-02  -5.9310029e-03  -2.9144357e-03
   2.8963088e-01   3.8785275e-01  -4.5357577e+00  -1.9695832e-02  -6.1938937e-03  -2.6918000e-03
   2.7449524e-01   3.5542406e-01  -4.5703506e+00  -1.8747638e-02  -6.3407658e-03  -2.0788138e-03
   2.8418700e-01   3.8275739e-01  -4.5231021e+00  -1.8257485e-02  -6.4436830e-03  -2.3759087e-03
   2.8109460e-01   4.2080263e-01  -4.5807592e+00  -2.0718578e-02  -7.2551754e-03  -2.1981619e-03
   2.5504232e-01   3.6846484e-01  -4.5156872e+00  -1.9388313e-02  -6.0340686e-03  -2.4471433e-03
   2.6533702e-01   3.0189557e-01  -4.4065935e+00  -1.7776647e-02  -5.3632558e-03  -2.2846706e-03
   2.9359327e-01   2.1310220e-01  -3.7721398e+00  -7.7270371e-03  -5.5658141e-03  -2.0786612e-03
   2.3930668e-01   2.3705300e-01  -3.9721648e+00  -7.6821527e-03  -3.7593879e-03  -2.4793910e-03
   2.2986092e-01   2.3390570e-01  -3.9816961e+00  -9.8736640e-03  -3.0170520e-03  -3.0061290e-03
   2.3712938e-01   2.6754772e-01  -4.2077427e+00  -1.0437716e-02  -4.9234109e-03  -2.4429887e-03
   2.7842541e-01   3.0668839e-01  -4.4394483e+00  -1.1689283e-02  -7.0680770e-03  -2.1408816e-03
   2.7268791e-01   2.5542101e-01  -4.3033381e+00  -1.1721000e-02  -5.7181564e-03  -2.6257506e-03
   2.7000435e-01   2.9747187e-01  -4.3470120e+00  -1.2019685e-02  -5.3142248e-03  -2.6879331e-03
   5.8082657e-01   5.6226512e-01  -4.5125816e+00  -1.8858426e-02  -1.2312085e-02  -2.8122279e-03
   3.2536170e-01   3.7007999e-01  -4.3613582e+00  -1.3003797e-02  -7.5006768e-03  -1.6614638e-03
   3.1609183e-01   3.5553503e-01  -4.3262126e+00  -1.2926211e-02  -7.1213614e-03  -1.7574399e-03
   3.5601867e-01   3.9870580e-01  -4.2967731e+00  -1.3472631e-02  -7.6859843e-03  -2.0962518e-03
   3.6106509e-01   4.2703250e-01  -4.2907807e+00  -1.4651047e-02  -8.2801819e-03  -1.5849695e-03
   3.4306146e-01   4.2570011e-01  -4.2462894e+00  -1.4406637e-02  -7.0872392e-03  -2.6585729e-03
   3.3662875e-01   3.7932220e-01  -4.2275705e+00  -1.3610830e-02  -7.6275097e-03  -2.5856824e-03
   2.9301137e-01   3.8328745e-01  -4.2887525e+00  -1.4775844e-02  -6.5216908e-03  -2.5960068e-03
   3.2948680e-01   3.9731609e-01  -4.1786218e+00  -1.4698859e-02  -6.4658655e-03  -2.5590868e-03
   3.3842532e-01   4.1061329e-01  -4.2697244e+00  -1.5628296e-02  -7.4532355e-03  -2.0109156e-03
   3.3031839e-01   3.9804435e-01  -4.3547703e+00  -1.6219177e-02  -7.4699051e-03  -2.3744401e-03
   3.4579456e-01   4.1905291e-01  -4.4763301e+00  -1.8897921e-02  -8.6151730e-03  -1.9798548e-03
   3.3456022e-01   3.9151493e-01  -4.3618632e+00  -1.6184202e-02  -7.9769263e-03  -2.6232019e-03
   3.2481968e-01   4.3580370e-01  -4.4467025e+00  -1.7474967e-02  -7.6874882e-03  -2.6567265e-03
  -2.8473601e-01   8.6231461e-01  -4.2794139e+00  -3.7868385e-02   1.4929061e-02  -6.5373306e-03
   3.1531607e-01   4.3360783e-01  -4.1044278e+00  -1.2218774e-02  -5.4658849e-03  -1.7573206e-03
   3.2640410e-01   4.4858514e-01  -4.2842399e+00  -1.4874003e-02  -6.5242351e-03  -1.7976517e-03
   2.8583411e-01   3.9090998e-01  -4.3725747e+00  -1.3993767e-02  -5.8271156e-03  -1.6997294e-03
   3.2785154e-01   4.4922574e-01  -4.3453144e+00  -1.5947281e-02  -6.5375439e-03  -1.7413575e-03
   3.1103694e-01   4.3089002e-01  -4.3464601e+00  -1.5299246e-02  -6.3045085e-03  -1.9203434e-03
   3.0483016e-01   4.3541686e-01  -4.4112220e+00  -1.6167165e-02  -6.0040077e-03  -1.9476692e-03
   2.9575980e-01   3.9575697e-01  -4.4047676e+00  -1.4656573e-02  -6.2004144e-03  -2.1604039e-03
   2.1930270e-01   2.7323818e-01  -5.5575236e+00   2.3915540e-02  -1.0237748e-03  -2.4455023e-03
   5.6554930e-02   4.2442602e-01  -1.0597793e+01  -5.1844855e-04   1.5010949e-03   5.5226334e-04
  -5.7974564e-02   7.4585470e-01  -8.2027647e+00  -6.1355515e-02   1.1507182e-02  -1.5130685e-03
   8.8940624e-02   2.9442437e-02  -2.2518015e+00  -7.3742296e-05   4.7371876e-03  -2.1485508e-03
   5.2308258e-02   6.8789648e-02  -3.9606518e+00  -8.7207230e-03   4.1494285e-03  -1.7529555e-03
   1.5439591e-01  -3.9806685e-01  -3.6310425e+00   1.3583844e-02  -3.1977800e-03  -3.0668448e-03
   1.5450855e-01   3.3207291e-01  -5.4110712e+00  -9.8806389e-03  -3.2331103e-03  -1.8331143e-03
   4.1678579e-02  -4.0367380e-01  -5.1736915e+00   5.1220617e-04   2.2143558e-03  -3.0806151e-03
   3.5387289e-02  -4.1896098e-01  -4.9893724e+00   2.4036105e-03   7.8033552e-04  -3.1338381e-04
   7.5130435e-02  -2.9930974e-01  -4.7748459e+00   1.3936835e-03  -1.0918402e-04  -1.7446200e-03
   4.1977320e-01   3.8242025e-01  -6.9202651e+00  -2.1950403e-02  -7.0025473e-03  -3.1677058e-03
   7.7050472e-01   9.0998164e-01  -6.5699310e+00  -2.3417064e-02  -1.6013196e-02  -3.3339079e-03
   1.8479414e-01  -3.2625106e-02  -3.0635815e+00  -1.3669428e-02   1.9554475e-03  -2.7217395e-04
   2.9831509e-01   2.5414362e-01  -3.9313492e+00  -1.1602188e-02  -8.4111473e-03   1.3287344e-03
   2.8825868e-01   2.3463684e-01  -3.6987319e+00  -1.2406665e-02  -7.9357438e-03   6.5497293e-04
   2.7453749e-01   2.2893070e-01  -3.6833616e+00  -1.2290563e-02  -6.6706471e-03   2.2442456e-04
   2.3677699e-01   1.6522942e-01  -4.4489737e+00   6.6602612e-03   1.2443647e-03  -4.8221982e-04
   2.6689663e-01   3.8583786e-01  -5.2528707e+00  -1.8584789e-02  -2.5278803e-04  -1.4162453e-03
   2.3927800e-01   3.0596757e-01  -5.0536107e+00  -1.3449429e-02   2.5218525e-03  -1.2915145e-03
   2.5363645e-01   3.0586616e-01  -4.9809449e+00  -1.1765332e-02   2.5244352e-04  -1.1554866e-03
   2.5554620e-01   3.0790051e-01  -5.0365198e+00  -1.2612910e-02   1.4192430e-04  -1.3029974e-03
   2.8963220e-01   2.9464605e-01  -5.0852056e+00  -1.3705779e-02  -3.0981799e-04  -1.7461555e-03
   2.5145911e-01   2.7427390e-01  -4.9718022e+00  -1.2457092e-02  -1.8999281e-04  -1.4538422e-03
   2.4929279e-01   2.8789768e-01  -5.0129590e+00  -1.3251393e-02  -8.2035351e-05  -1.3517280e-03
   2.5387671e-01   2.9332259e-01  -4.9753649e+00  -1.2954037e-02  -5.7191263e-04  -1.4396654e-03
   2.5319390e-01   4.0068631e-01  -4.7887333e+00  -2.9897866e-02   1.7627157e-04  -1.6932282e-03
   2.4317646e-01   1.7857768e-01  -3.9361411e+00  -1.4763920e-02  -4.0418874e-03  -1.3575063e-03
   2.6456618e-01   1.9145018e-01  -3.8125926e+00  -1.0850402e-02  -5.5204514e-03  -1.2825370e-03
   5.2363884e-01   5.1015552e-01  -4.0633461e+00  -1.6620978e-02  -1.2681333e-02   3.4933335e-04
   3.2436966e-01   2.3091084e-01  -3.8412522e+00  -1.0011352e-02  -7.1347154e-03   1.3108401e-04
   4.3373065e-01   3.4549235e-01  -4.0231166e+00  -1.4068278e-02  -7.7386185e-03  -3.1794072e-04
   3.3451336e-01   3.1818152e-01  -3.8659071e+00  -1.3397895e-02  -6.6635986e-03  -3.4500696e-04
   3.0976589e-01   2.2727307e-01  -3.8601760e+00  -1.1036777e-02  -6.7206650e-03  -1.2840434e-03
   3.7255404e-01   3.7880381e-01  -3.7782742e+00  -1.1715626e-02  -5.6985158e-03   7.0716450e-04
   3.0484055e-01   2.6215556e-01  -3.7444255e+00  -8.3057860e-03  -4.5787976e-03  -2.2929474e-04
   3.9983477e-01   3.7208831e-01  -4.0330095e+00  -1.1491178e-02  -6.7688317e-03  -8.7458930e-04
   3.6125076e-01   3.5047538e-01  -3.8305020e+00  -1.2056080e-02  -6.3833209e-03  -1.1816355e-03
   4.3347307e-01   3.8676291e-01  -3.8329960e+00  -1.3407865e-02  -7.4552336e-03  -7.8968956e-04
   3.9761712e-01   3.6106138e-01  -3.6671040e+00  -1.1765092e-02  -6.5906015e-03  -8.7105660e-04
   4.8500704e-01   4.0124422e-01  -3.7756097e+00  -1.3805544e-02  -9.1899360e-03  -3.5142283e-04
   4.0233357e-01   2.1859961e-01  -3.4381615e+00  -4.9633486e-03  -6.6522009e-03  -7.2319964e-04
   3.8925899e-01   2.4274725e-01  -3.6896148e+00  -7.9321172e-03  -6.7599127e-03  -9.8297600e-04
   3.3505707e-01   1.4296199e-01  -3.6538799e+00  -5.5061226e-03  -4.7600201e-03  -1.4616483e-03
   4.0795739e-01   2.5183074e-01  -3.5679944e+00  -8.7177266e-03  -5.4410270e-03  -1.1068745e-03
   4.2995749e-01   2.4955866e-01  -3.6965820e+00  -4.3869715e-03  -8.2244048e-03   1.2070457e-04
   3.1524753e-01   2.5555045e-01  -4.5288698e+00  -8.4566862e-03  -3.3054874e-03  -8.0018028e-04
   3.1235534e-01   2.8291207e-01  -4.6059567e+00  -1.0751906e-02  -3.8884412e-03  -1.5216723e-03
   3.0624601e-01   2.4921285e-01  -4.5287022e+00  -1.0219899e-02  -3.1594353e-03  -2.0671199e-03
   2.8077279e-01   2.4948132e-01  -4.3895333e+00  -9.0885220e-03  -3.6339740e-03  -1.2421162e-03
   2.6240716e-01   3.0604351e-01  -4.4821975e+00  -1.2240396e-02  -2.4926257e-03  -1.5049822e-03
   2.6608714e-01   2.3914184e-01  -4.5966256e+00  -9.9781427e-03  -1.5392904e-03  -1.7383659e-03
   2.6282295e-01   2.6853768e-01  -4.4632630e+00  -9.2524768e-03  -1.8242472e-03  -2.0136402e-03
   2.4635529e-01   2.4043887e-01  -4.6857747e+00  -1.2428325e-02   6.0932905e-04  -2.1528380e-03
   2.1845780e-01   2.3654611e-01  -4.7756911e+00  -1.2217614e-02  -2.2613115e-03  -2.1670148e-03
   2.1231786e-01   1.9445884e-01  -4.5437782e+00  -9.5038974e-03  -2.1819812e-03  -2.0400052e-03
   2.1184656e-01   2.2733009e-01  -4.5977784e+00  -1.0820393e-02  -2.1539329e-03  -2.0569932e-03
   2.0128518e-01   2.1139350e-01  -4.6040714e+00  -1.1167193e-02  -1.9407804e-03  -1.9722795e-03
   2.1489211e-01   2.1993629e-01  -4.6349187e+00  -1.2323383e-02  -2.0135235e-03  -1.7517640e-03
   2.3435532e-01   2.1086588e-01  -4.6300353e+00  -1.1302874e-02   1.6716096e-03  -2.7387651e-03
   8.6880443e-02   2.5283110e-01  -4.8300230e+00  -9.0791494e-03   7.1797312e-03  -3.6122454e-05
   2.1491038e-01   3.6755845e-01  -5.0016575e+00  -7.3458017e-03   2.0731583e-03  -1.4487883e-03
   1.9921477e-01   3.7061021e-01  -5.5524731e+00  -1.5068502e-02  -9.6706062e-04  -1.8590019e-03
   2.2215156e-01   3.5462859e-01  -5.5992998e+00  -1.5899962e-02  -1.0600800e-03  -2.0720968e-03
   2.6176746e-01   4.1866102e-01  -5.5272955e+00  -1.7160456e-02  -3.3406978e-03  -1.9132673e-03
   2.7457891e-01   3.7723789e-01  -5.1771601e+00  -1.7435830e-02  -2.9918587e-03  -2.0117342e-03
   2.3464405e-01   3.7237004e-01  -5.1481524e+00  -1.5610986e-02  -2.6909105e-03  -2.3229729e-03
   2.5260418e-01   3.7936428e-01  -5.1758299e+00  -1.7229079e-02  -2.3356510e-03  -2.6036694e-03
   2.7543658e-01   3.5240567e-01  -5.1099922e+00  -1.5496711e-02  -2.7641568e-03  -2.7532578e-03
   2.7235265e-01   3.7020971e-01  -5.1614636e+00  -1.7103525e-02  -3.1264056e-03  -2.3454067e-03
   2.6848476e-01   4.0907572e-01  -5.1766587e+00  -1.7969943e-02  -3.0747728e-03  -2.3201585e-03
   3.8416714e-01   4.4855933e-01  -5.2624982e+00  -1.8634641e-02  -6.3418513e-03  -1.5048576e-03
   3.1910155e-01   4.0448189e-01  -5.3284500e+00  -1.9389992e-02  -5.8371736e-03  -1.8778516e-03
   3.2451020e-01   3.6411519e-01  -4.8175009e+00  -1.4093175e-02  -5.3085537e-03  -2.0355533e-03
   2.9651214e-01   4.3165961e-01  -4.9586019e+00  -1.7072246e-02  -4.3817329e-03  -2.0377534e-03
   3.1282810e-01   3.9573633e-01  -5.0998775e+00  -1.6298831e-02  -4.4630934e-03  -1.8949350e-03
   2.8853646e-01   4.3478070e-01  -5.1511653e+00  -1.7956396e-02  -4.6062887e-03  -1.6933365e-03
   2.7329433e-01   3.9507611e-01  -5.1351154e+00  -1.6419862e-02  -3.9609094e-03  -1.7106861e-03
   2.8687752e-01   4.1549582e-01  -5.1291590e+00  -1.7359129e-02  -3.5708942e-03  -1.8587744e-03
   2.9309549e-01   3.8319787e-01  -5.0646185e+00  -1.6072090e-02  -4.3442747e-03  -1.8666734e-03
   2.8214076e-01   4.3009231e-01  -5.0940695e+00  -1.8160992e-02  -4.1337802e-03  -1.8087248e-03
   2.8120782e-01   4.1713492e-01  -5.0832716e+00  -1.7320427e-02  -3.9852947e-03  -1.9721620e-03
