   0.0000000e+00   0.0000000e+00   0.0000000e+00   0.0000000e+00   0.0000000e+00   0.0000000e+00
   1.0216320e-02   2.2529547e-02  -6.5298915e-02  -8.9875442e-04   7.4773814e-04   9.4136052e-05
  -3.1667893e-02   3.5120416e-03  -4.5914848e-02  -3.2841881e-03  -2.8055815e-04   1.7003560e-03
  -8.2333566e-02   7.1540807e-02  -7.9450465e-02  -8.8990180e-04  -7.9501223e-05   1.2420698e-03
  -5.7602285e-02  -3.1771654e-02  -1.2062336e-02   3.4743773e-04  -2.1849053e-04   9.5247489e-04
  -4.0498741e-02  -1.1652572e-03  -1.8976039e-01  -1.2541741e-03  -2.0436679e-03   1.4380441e-03
  -1.0528408e-01   3.5265146e-02  -5.9736483e-02  -8.3188383e-05  -2.4285429e-03   1.7788277e-03
  -8.8507274e-02   3.4852528e-02  -3.4080849e-01  -1.2827288e-03   1.7811129e-04   1.8133511e-03
  -3.0882558e-02  -2.5612526e-03  -1.5203368e-01  -1.2503721e-03  -4.8584054e-04   1.4364587e-03
  -6.4423175e-02   1.5945733e-02  -3.5215432e-01  -1.4550451e-03   5.2219569e-05   1.5776971e-03
  -3.6178016e-02  -5.0202544e-02  -4.2235381e-01  -4.0258507e-03  -1.7660637e-03   1.6095204e-03
   8.7128674e-02   6.8695953e-03  -6.3703745e-01  -3.5803162e-03  -5.0799527e-03  -5.8057682e-04
   7.7963036e-02  -1.8506812e-02  -5.3111950e-01  -2.9363220e-03  -2.7170351e-03  -7.6680973e-04
  -1.1090167e-01   3.7571259e-02   9.0266532e-02   3.0248748e-03  -2.4085135e-03   2.7164689e-03
  -6.9422908e-02   1.0731921e-01  -7.8811320e-01  -1.0100711e-02   2.8861343e-03   1.2329118e-03
  -4.4416906e-02  -9.4477031e-04  -1.9549687e-01  -5.6140565e-03   1.2329053e-03   6.3637041e-04
  -7.7854283e-02   9.8888407e-02  -7.0925336e-01  -9.2854090e-03   1.5846034e-03   1.0956742e-03
  -3.1387675e-02   1.8053902e-01  -7.0869936e-01  -1.2588835e-02  -2.1327784e-03   1.9684064e-03
  -1.7400930e-01   1.1120334e-01   3.0627040e-01  -8.0652264e-03  -2.9351269e-04   4.3216479e-03
   1.0698218e-01   1.6032810e-01  -2.6873600e-02  -1.2691761e-02   6.3973201e-03  -1.2216325e-03
  -2.7924195e-01   2.8708339e-01  -2.6794552e-01  -1.6369575e-02   9.5851012e-03   3.9837881e-03
  -2.3100474e-01   2.8355540e-01  -3.5050421e-01  -2.0421745e-02   1.0199996e-02   3.5121106e-03
  -1.0476660e-01   1.9410281e-01  -7.2114143e-01  -2.1037121e-02   3.5354198e-03   2.8317802e-03
  -8.1975233e-02   1.8454169e-01  -1.9915608e-02  -1.0003192e-02   3.4407663e-03   6.5937462e-04
  -8.3148898e-02   1.5392777e-01  -3.5599167e-03  -1.0672011e-02   3.1622864e-03   7.3435335e-04
  -6.8632522e-02   1.6638518e-01  -4.1098427e-02  -9.3854980e-03   2.8547039e-03  -2.4198631e-04
  -3.3648486e-02   1.7428430e-01  -4.7396926e-02  -1.0590265e-02   2.4059966e-03  -6.5047331e-05
  -1.0047127e-02   1.5694089e-01  -3.4316301e-01  -1.3293463e-02   3.4775558e-03   5.3691924e-04
  -2.5358803e-01   2.5249053e-01  -5.5384894e-01  -1.9042318e-02   6.9465901e-03   4.3823596e-03
  -1.5677306e-01   2.4812749e-01  -8.1687592e-01  -2.2248277e-02   4.0782309e-03   3.1495921e-03
  -1.5876594e-01   3.2455959e-01  -8.8236450e-01  -2.5057195e-02   5.2018940e-03   2.8988310e-03
  -1.2293557e-01   1.2469560e-01  -7.2650930e-01  -1.5319042e-02   1.5602509e-04   4.7242181e-03
  -2.5956957e-01   3.7173300e-01  -1.7020040e+00  -1.7770882e-02   5.5957962e-05   7.0639812e-03
  -2.1717264e-01   5.3902740e-01  -3.8061957e+00  -4.7778742e-02  -1.0344960e-03   7.2584753e-03
  -2.1532257e-01   5.4996398e-01  -4.2300541e+00  -5.2557997e-02  -3.8840307e-03   5.8638976e-03
  -1.8354444e-01   5.9459723e-01  -4.3896681e+00  -5.5278076e-02  -5.0206173e-03   5.1558753e-03
  -1.4745665e-01   5.6258271e-01  -4.4514029e+00  -5.6848960e-02  -6.0713066e-03   4.6814813e-03
  -1.2377386e-01   5.9559426e-01  -4.4887446e+00  -5.7666444e-02  -6.3805515e-03   4.3672250e-03
  -1.1175813e-01   5.3697595e-01  -4.4758413e+00  -5.5609048e-02  -5.1746094e-03   4.1679674e-03
  -1.3040521e-01   5.7600234e-01  -4.4437812e+00  -5.6431691e-02  -5.9219779e-03   4.5036847e-03
  -1.4022242e-01   6.0899083e-01  -4.4548061e+00  -5.5331618e-02  -3.8571019e-03   3.8641833e-03
  -2.3855399e-01   5.2891988e-01  -4.1042857e+00  -4.9963893e-02  -4.8832518e-04   6.5673582e-03
  -1.7182080e-01   6.4675647e-01  -4.3425592e+00  -5.5700128e-02  -3.1014229e-03   4.8985356e-03
  -1.7080738e-01   6.6969793e-01  -4.3022551e+00  -5.8316130e-02  -2.7049208e-03   3.9735942e-03
  -1.4680846e-01   6.6866947e-01  -4.2742799e+00  -5.7634618e-02  -2.3956044e-03   3.7281593e-03
  -1.3252267e-01   6.4290640e-01  -4.2692428e+00  -5.6880447e-02  -2.1749881e-03   3.3411253e-03
  -1.3389853e-01   7.0943113e-01  -4.2678804e+00  -5.7370968e-02  -8.0315825e-04   2.8462407e-03
  -1.4252757e-01   5.9234272e-01  -4.2784697e+00  -5.5528650e-02  -2.0202415e-03   3.3626078e-03
  -1.4793875e-01   5.8033015e-01  -3.8823088e+00  -5.4029757e-02  -3.5851061e-03   3.0591535e-03
  -1.1014940e-01   5.7567404e-01  -3.6172906e+00  -4.8821089e-02  -4.5980608e-03   3.0866271e-03
  -1.0510354e-01   5.0231993e-01  -3.5907884e+00  -4.9172940e-02  -2.9477357e-03   1.8783574e-03
  -1.3288684e-01   5.3834065e-01  -3.5729468e+00  -4.8475144e-02  -2.6513327e-03   2.4836800e-03
  -1.0496602e-01   6.2589755e-01  -3.5223206e+00  -5.3847702e-02  -2.7082027e-03   2.6177792e-03
  -1.7647736e-01   4.3819858e-01  -2.3094262e+00  -3.8480472e-02   3.3411059e-03   4.4136770e-03
  -1.5457151e-01   3.1366722e-01  -1.9792162e+00  -3.3314257e-02   2.1666905e-03   4.7817458e-03
  -1.6152078e-01   3.5099464e-01  -1.9083948e+00  -3.3345511e-02   3.2932626e-03   4.6426981e-03
  -1.8103198e-01   3.5563966e-01  -1.9082035e+00  -3.4823896e-02   3.4263544e-03   5.9201214e-03
  -1.5554732e-01   3.8243651e-01  -1.8970658e+00  -3.3332413e-02   3.2029175e-03   5.3786795e-03
  -1.7545104e-01   3.5931197e-01  -1.8391145e+00  -3.1365737e-02   3.7805171e-03   5.4503589e-03
  -1.6261743e-01   3.3188396e-01  -1.8187258e+00  -3.1817665e-02   3.4409926e-03   4.3731227e-03
  -1.5335110e-01   3.8750517e-01  -1.8089976e+00  -3.2247046e-02   3.7654539e-03   4.2785268e-03
  -1.9748912e-01   3.5949100e-01  -1.5110909e+00  -2.8353699e-02   1.8481603e-03   5.2846030e-03
  -1.1772936e-01   3.7867004e-01  -2.1650463e+00  -3.5504857e-02  -2.3943698e-03   6.4680609e-03
  -9.8590123e-02   2.6878642e-01  -1.9290926e+00  -3.0699778e-02  -3.1034989e-03   5.2825319e-03
  -1.0103150e-01   3.4552055e-01  -2.0080628e+00  -3.3742392e-02  -2.5584687e-03   4.7717166e-03
  -1.3016873e-01   2.9466269e-01  -1.7567503e+00  -3.3281865e-02  -5.7634869e-04   4.9385407e-03
  -7.5431825e-02   2.8183624e-01  -1.8295085e+00  -2.7538316e-02  -2.2689923e-03   4.9540761e-03
  -8.0767742e-02   3.1490648e-01  -1.6839238e+00  -2.9778503e-02  -1.9001619e-03   4.5225226e-03
  -1.0261230e-01   2.9517838e-01  -1.7472850e+00  -3.3578191e-02  -1.8911812e-03   4.9251568e-03
  -8.8623812e-02   3.3277190e-01  -1.6940231e+00  -2.9928111e-02  -2.8659459e-03   4.5677498e-03
  -6.2179220e-02   3.2175041e-01  -1.4204810e+00  -2.9612776e-02  -3.3024872e-03   3.2222246e-03
  -3.8406999e-02   3.2271977e-01  -1.4764494e+00  -2.4883968e-02  -4.8743271e-03   3.8459062e-03
  -4.2584376e-02   2.8692833e-01  -1.3741961e+00  -2.4554299e-02  -4.4699687e-03   3.8628659e-03
  -4.9023577e-02   2.8587650e-01  -1.3714099e+00  -2.4456047e-02  -2.4064097e-03   3.3600023e-03
  -5.3879181e-02   2.4415148e-01  -1.3922423e+00  -2.3837899e-02  -3.5205695e-03   3.3567395e-03
  -3.0699690e-02   2.3537949e-01  -1.5469524e+00  -2.8342306e-02  -3.5024924e-03   3.4445149e-03
   1.0148341e-02   2.0969423e-01  -1.5600639e+00  -2.4219640e-02  -6.6230498e-03   2.9452527e-03
  -3.6986765e-02   2.3015914e-01  -1.4788663e+00  -2.7062753e-02  -3.8368488e-03   3.4181797e-03
  -4.8779873e-02   2.8213531e-01  -1.4437397e+00  -2.5682191e-02  -3.9661488e-03   3.7809497e-03
  -5.7611074e-02   2.6674816e-01  -1.4259131e+00  -2.5362682e-02  -2.3374167e-03   3.4365793e-03
  -5.7413501e-02   2.7265377e-01  -1.4840113e+00  -2.6765087e-02  -2.3246302e-03   3.5869191e-03
  -5.9099432e-02   2.4487018e-01  -1.4540218e+00  -2.6159039e-02  -1.9425951e-03   3.1570951e-03
  -5.4028672e-02   2.7923886e-01  -1.4329570e+00  -2.5224195e-02  -1.3521451e-03   3.0138572e-03
  -1.5650231e-01   2.6291862e-01  -1.4758474e+00  -1.8821164e-02  -3.8614791e-03   6.0579461e-03
  -6.8230713e-02   3.2678095e-01  -2.3814813e+00  -3.7108372e-02  -3.6728790e-03   3.9369783e-03
  -5.6083151e-02   2.3451059e-01  -2.2064465e+00  -3.4849281e-02  -3.3699449e-03   3.7853556e-03
  -5.6719148e-02   2.9710797e-01  -2.2006564e+00  -3.3584890e-02  -4.0176601e-03   3.5171034e-03
  -7.4079884e-02   2.6753918e-01  -2.1410570e+00  -3.3063889e-02  -5.2559821e-03   4.1377583e-03
  -3.9336572e-02   3.0435536e-01  -2.0986110e+00  -3.3270622e-02  -3.5636612e-03   3.5580069e-03
  -7.8884489e-02   2.5827261e-01  -1.6848543e+00  -2.8841547e-02  -3.9468974e-03   4.0058314e-03
  -5.6671205e-02   2.6169404e-01  -1.8546810e+00  -2.8510169e-02  -5.7787404e-03   4.0523280e-03
  -5.6887164e-02   2.6100836e-01  -1.9044927e+00  -3.0493132e-02  -5.6489490e-03   3.7004429e-03
  -9.0057420e-02   2.2108659e-01  -1.8240813e+00  -2.8162359e-02  -5.4422247e-03   4.0559624e-03
  -5.8525347e-02   2.8965109e-01  -1.9412221e+00  -2.9379211e-02  -3.7627176e-03   3.1971862e-03
  -1.3631209e-01   1.6236756e-01  -1.6038248e+00  -2.3998137e-02  -4.2402573e-03   4.5410217e-03
  -6.4727753e-02   2.6283226e-01  -1.8736963e+00  -2.7954572e-02  -3.0144745e-03   3.8983489e-03
  -5.1722341e-02   2.3995458e-01  -1.9384473e+00  -2.8475278e-02  -3.4914676e-03   3.7659278e-03
  -2.2556066e-02   2.2121175e-01  -1.9471838e+00  -2.8849162e-02  -2.9153495e-03   2.9353445e-03
  -3.7806569e-02   1.7878211e-01  -1.7581875e+00  -2.7353391e-02  -5.5148862e-03   3.1527221e-03
  -2.4544048e-02   2.0594040e-01  -1.8451055e+00  -2.8040650e-02  -4.8144642e-03   3.4170850e-03
  -1.1897234e-01   1.1900947e-01  -1.2467818e+00  -2.0829298e-02  -3.0177148e-03   4.9846998e-03
  -7.4644308e-02   2.1065354e-01  -1.5395853e+00  -2.5304141e-02  -2.3787720e-03   3.9382857e-03
  -3.4782904e-02   1.8870308e-01  -1.6099046e+00  -2.5418856e-02  -2.8242658e-03   3.3988239e-03
  -3.4754553e-02   1.6899606e-01  -1.6244464e+00  -2.6636980e-02  -2.8234678e-03   3.2339554e-03
  -3.0100037e-02   1.2533419e-01  -1.7437351e+00  -3.6145754e-02   8.9728666e-03   2.0653158e-03
   8.2299394e-03   8.1105802e-02  -5.7699633e-01  -1.2271113e-02  -3.3409109e-03   3.0060751e-03
  -3.8459034e-02   9.4900205e-02  -7.3175242e-01  -1.9511388e-02   3.0131576e-05   3.2816612e-03
  -2.5988348e-02   5.2333645e-03  -6.7331951e-01  -1.8653832e-02   7.4726421e-04   3.1174847e-03
  -1.3492758e-02   7.3575664e-02  -8.2827088e-01  -2.0649407e-02   7.9843643e-04   2.9063931e-03
  -1.8834101e-02   5.1156436e-02  -9.0141970e-01  -2.0824641e-02   5.1849610e-04   3.0182214e-03
  -1.4970822e-02   9.1141947e-02  -1.0302656e+00  -2.2999953e-02   1.5175618e-03   2.4461459e-03
  -1.7814086e-02   7.0828914e-02  -1.0145261e+00  -2.3511573e-02   2.0893396e-03   2.5721127e-03
  -2.2837824e-02   9.8555810e-02  -1.1405118e+00  -2.4834611e-02   1.4721092e-03   2.7511593e-03
  -1.2978551e-02   8.6945448e-02  -1.1114423e+00  -2.4100009e-02   1.9861881e-03   2.6165616e-03
  -2.5459849e-02   1.0492114e-01  -1.1761574e+00  -2.5314783e-02   1.5641071e-03   2.8533494e-03
  -4.8635265e-03   1.1058462e-01  -1.1812676e+00  -2.4921582e-02   4.2366710e-03   1.5384687e-03
   6.7884430e-03   1.0044507e-01  -1.1776777e+00  -1.7050977e-02   6.9998375e-03   1.6852207e-03
   1.5567376e-02   1.7719305e-01  -1.7638136e+00  -2.6397172e-02   8.0212313e-03   1.6898882e-03
  -3.2615055e-02   1.6035877e-01  -1.2786517e+00  -1.4148879e-02   6.5859056e-03   2.5759003e-03
   3.7127263e-02   1.9354226e-01  -2.3507965e+00  -2.8166184e-02   5.4931941e-03   1.6352473e-03
   9.3535493e-02   1.9941096e-02  -2.1478374e+00  -3.7542473e-02   6.3428702e-03  -1.3994054e-03
   3.7318676e-02   1.0434646e-01  -1.6058325e+00  -1.8064929e-02   3.3023292e-03   3.4797359e-04
   3.4824590e-02   9.4861360e-02  -1.8416283e+00  -2.2699441e-02   4.6901476e-03   1.5324747e-04
   2.6073376e-02   4.8978490e-02  -1.4219047e+00  -1.8504038e-02   3.7083922e-04   1.7509941e-03
   2.8525956e-02   5.9244340e-02  -1.8575884e+00  -2.0217990e-02  -4.7541485e-03   2.5909230e-03
   3.5389962e-02   7.8754356e-02  -2.0472328e+00  -2.4701252e-02  -2.8615066e-03   2.1266460e-03
  -9.3070748e-02   1.1992193e-01  -1.5515820e+00  -1.2894581e-02   1.5399782e-03   3.6044493e-03
   1.3129545e-01   7.6659537e-02  -1.4647914e+00  -1.6112807e-02   2.3137346e-03   2.4879436e-04
   1.1367250e-01   7.7870332e-02  -1.4454734e+00  -1.6358220e-02   2.4552077e-03   1.4212020e-04
   3.8699786e-02   1.8466102e-01  -1.3396201e+00  -1.3969308e-02  -2.5565602e-03   3.7040856e-03
   1.0871397e-01   1.3927375e-01  -2.6776020e+00  -3.0073779e-02   8.5827024e-04   8.4426022e-04
   6.4790945e-02   7.1976868e-02  -1.5159518e+00  -1.6171506e-02  -2.0254698e-03   1.4726126e-03
   8.1487952e-02   1.0734769e-01  -1.7790917e+00  -1.9815068e-02  -8.4275506e-04   1.4226784e-03
   5.3805253e-02  -2.7862185e-02  -1.4703949e+00  -1.1331507e-02  -2.1583897e-03   1.7385836e-03
   7.6292880e-02   9.7615302e-02  -2.0478530e+00  -2.2953445e-02  -1.9495731e-03   1.3228419e-03
   7.7320034e-02   8.4635999e-02  -2.0866962e+00  -2.4269737e-02  -9.9846029e-04   1.1094151e-03
   8.4753913e-02   1.3528325e-01  -2.1115520e+00  -2.4368265e-02  -1.3197597e-03   8.3410073e-04
   4.3935454e-02   4.9442078e-02  -1.7742139e+00  -2.3278834e-02  -1.9237011e-03   9.5959768e-04
   5.4129982e-02   7.4620941e-02  -1.9207336e+00  -2.0318090e-02   1.1841164e-03   1.3887257e-03
   9.8264173e-02   1.6703888e-02  -1.9376770e+00  -2.0867303e-02   1.1963283e-03   2.5749053e-04
   2.2290395e-02   7.8818336e-02  -1.7091098e+00  -1.8040150e-02  -1.3270323e-03   1.8198835e-03
   4.6718597e-02   1.2072990e-01  -2.0310365e+00  -2.2984774e-02   1.0953434e-03   8.6700994e-04
   6.1611603e-02   1.4341027e-01  -1.9324707e+00  -2.2496516e-02   1.8978417e-04   7.7668369e-04
   7.4257017e-02   1.4228917e-01  -1.9530097e+00  -2.3126301e-02   4.8394627e-04   3.8434658e-04
   8.1238674e-02   8.8316277e-02  -1.9612010e+00  -2.2726564e-02   1.8170980e-04   3.0753807e-04
   7.2600003e-02   1.1045980e-01  -1.8878781e+00  -2.2403317e-02  -1.7185293e-04   5.8088437e-04
   7.7752038e-02   1.0598622e-01  -1.8999469e+00  -2.3412795e-02  -1.7440522e-04   3.8169095e-04
   5.3158435e-02   6.2574988e-02  -1.8064506e+00  -2.2505625e-02  -1.3122791e-03   7.5417151e-04
   5.4796694e-02   9.8247983e-02  -1.8100473e+00  -2.2801321e-02  -5.0796887e-04   6.8921401e-04
   6.9825065e-02   5.0900489e-02  -1.9002213e+00  -2.2404004e-02  -2.2821994e-03   6.8663302e-04
   8.5180476e-02   7.4870413e-02  -1.9752965e+00  -2.3964694e-02  -2.2793623e-03   4.5971907e-04
  -2.9659167e-02   9.8993035e-03  -1.8998619e+00  -1.8628558e-02   7.8653579e-04   2.0937748e-03
  -8.3642197e-03   1.0849131e-01  -2.1818846e+00  -2.5827657e-02   1.0282402e-03   1.6998522e-03
   9.4689573e-03   1.0516589e-01  -1.9325121e+00  -2.0931329e-02   1.6725296e-03   1.9909303e-03
  -1.1358566e-02   1.6728724e-01  -2.1236039e+00  -2.5268623e-02   4.2043070e-04   2.8293741e-03
   2.3296328e-02   8.4806418e-02  -2.0441149e+00  -2.3435800e-02   1.3602296e-03   1.9239170e-03
   4.8325352e-02   1.2609198e-02  -1.7644884e+00  -1.1952631e-02   1.9775532e-03   2.6256527e-03
   4.2048256e-02   1.1207614e-01  -2.3036875e+00  -2.3312329e-02   1.4450730e-03   2.3536004e-03
   1.4134030e-02   1.7664042e-01  -2.3328809e+00  -2.7168743e-02   2.4128102e-03   1.9779310e-03
  -4.2022128e-03   1.3581600e-01  -2.5088856e+00  -2.6487062e-02   5.3622399e-03   2.9558269e-03
   2.1429659e-02   2.2158630e-01  -2.7383970e+00  -3.2554062e-02   4.8076808e-03   1.9903489e-03
   3.3803176e-02   1.8176132e-01  -2.7367008e+00  -3.3561645e-02   3.7643810e-03   1.8503260e-03
   4.4022590e-02   1.8215353e-01  -2.5689522e+00  -3.1212291e-02   3.0548130e-03   1.7084099e-03
  -5.3420275e-02   7.5313782e-02  -1.9334440e+00  -1.7732230e-02   2.4510299e-03   3.3843208e-03
  -2.1069944e-03   2.1792162e-01  -2.3710242e+00  -3.0555753e-02   5.7790432e-03   2.1969619e-03
  -4.6314089e-03   1.9138648e-01  -2.1607472e+00  -2.8043338e-02   3.8697832e-03   2.2271413e-03
   6.2557519e-03   1.2268254e-01  -2.1009301e+00  -2.3741811e-02   3.6656917e-03   1.4410514e-03
   1.3307285e-01   8.3731340e-02  -2.1460905e+00  -1.8397635e-02  -3.8119853e-03   9.2614801e-04
   7.9800591e-02   6.7964493e-02  -2.1277574e+00  -2.0106632e-02  -2.4288810e-04   1.2910979e-03
   5.4593726e-02   1.0236164e-02  -1.7855044e+00  -1.6961582e-02  -5.6824952e-03   1.8077477e-03
   5.9103604e-02   5.2687936e-03  -1.7828936e+00  -1.8270838e-02  -5.8850299e-03   1.5748834e-03
   5.8498056e-02   1.0441584e-02  -2.0654144e+00  -1.7268974e-02  -5.2021415e-03   1.3845334e-03
   4.5977668e-02   1.0355248e-01  -2.1206523e+00  -2.0334762e-02  -1.9027130e-03   1.1737837e-03
  -3.2363297e-02   3.6327533e-02  -1.2159454e+00  -9.9384606e-03   6.3839255e-04   2.9681026e-03
   4.2928542e-02   7.3729469e-02  -1.7959704e+00  -1.5870566e-02   1.5600595e-03   1.7392343e-03
   3.8475842e-02   6.9460336e-02  -1.8079468e+00  -1.6606247e-02   1.3842160e-03   1.8738732e-03
   4.0910570e-02   1.1909900e-01  -1.8991838e+00  -1.8695774e-02   1.1011347e-03   1.6358643e-03
   4.7960845e-02   1.1897987e-01  -1.8837358e+00  -1.8675857e-02   1.1248066e-03   1.5213738e-03
   2.9164617e-02   1.1770047e-01  -1.9249675e+00  -1.9412295e-02   1.0805194e-03   1.6704918e-03
   2.6235894e-02   1.2272743e-01  -1.9335734e+00  -2.0279539e-02   1.3761093e-03   1.8521520e-03
   3.7253053e-02   1.2245938e-01  -1.9291757e+00  -2.1037832e-02   1.2912895e-03   2.0154066e-03
   1.1217442e-01  -4.6995136e-03  -1.3631458e+00  -7.7847845e-03  -3.8571076e-03  -9.5489406e-05
   1.4124271e-01   1.3567040e-01  -1.7982203e+00  -1.6487587e-02  -3.0949428e-03   1.6733644e-04
   7.6198355e-02   1.8694767e-02  -1.6686437e+00  -1.5047391e-02  -1.2290095e-03   4.6166453e-04
   7.1263590e-02   1.6042147e-02  -1.7701293e+00  -1.7724029e-02  -1.6850329e-03   1.4412664e-03
  -8.2490731e-03   1.4354910e-01  -2.1242933e+00  -2.2835092e-02  -1.8738388e-04   2.3035312e-03
  -1.6765801e-02   7.2885830e-02  -2.0804922e+00  -2.2806611e-02   8.8327489e-04   2.0036333e-03
   1.7180783e-02   1.8402989e-01  -2.2724326e+00  -2.5329587e-02   1.1063537e-03   1.8061247e-03
   2.3378991e-02   1.5719222e-01  -2.3220703e+00  -2.6265518e-02  -6.7935498e-05   1.8176393e-03
   1.7014978e-02   1.5146350e-01  -2.3799893e+00  -2.6747204e-02  -2.8371452e-04   1.9954116e-03
  -6.2938168e-02   9.3938672e-02  -1.9877185e+00  -2.1413488e-02  -2.4246149e-03   3.2306399e-03
  -4.9188714e-02   1.3872117e-01  -2.1680826e+00  -2.6165926e-02  -1.1986263e-03   3.3837400e-03
   2.2059556e-03   6.4003602e-02  -1.9104762e+00  -1.8553218e-02  -2.9196768e-03   3.2971084e-03
   5.6883460e-03   1.6153961e-01  -2.2261738e+00  -2.3813587e-02   1.0137363e-03   2.9834410e-03
   1.9693491e-02   1.3958412e-01  -2.2197843e+00  -2.5277052e-02   5.2311734e-04   2.9244590e-03
  -2.0647310e-02   1.7479847e-01  -2.0786001e+00  -2.7199154e-02   1.0484626e-03   2.5458270e-03
  -4.7822272e-02   1.6922928e-01  -2.0810908e+00  -2.4996831e-02   2.0920803e-03   3.1286448e-03
  -5.3650925e-02   1.2895792e-01  -2.0943187e+00  -2.5131523e-02   1.1252420e-03   3.4329364e-03
  -4.5163054e-02   1.7735895e-01  -2.1595504e+00  -2.1456078e-02   3.0183536e-03   2.8783879e-03
  -1.5738284e-02   2.4780958e-01  -2.5431540e+00  -2.8217746e-02   2.3393910e-03   2.7415679e-03
  -2.4714804e-03   1.9734967e-01  -2.5563000e+00  -2.8903489e-02   8.8081104e-04   2.5968394e-03
   4.9453333e-04   2.1210811e-01  -2.5359115e+00  -2.9379334e-02   3.3483326e-04   2.8345425e-03
   1.6174417e-02   2.9401739e-02  -2.1576660e+00  -1.3319034e-02  -6.7094678e-04   2.3418044e-03
  -2.6610841e-02  -4.6534119e-03  -1.9735195e+00  -1.6181028e-02  -2.5721763e-03   3.0219398e-03
   1.5213948e-02   1.4031131e-01  -2.4620614e+00  -2.4690356e-02  -1.1421995e-03   2.1185045e-03
   1.2729873e-02   1.5548414e-01  -2.5784374e+00  -2.9797135e-02  -5.3301079e-04   1.7587784e-03
   2.1294974e-02   1.7126030e-01  -2.6746371e+00  -2.7381588e-02  -9.5666932e-04   2.0704386e-03
   1.6164858e-02   1.2941750e-01  -2.6301265e+00  -2.7946173e-02   9.2236761e-04   1.8666301e-03
   8.1573453e-03   1.6111287e-01  -2.6245383e+00  -2.8510197e-02   4.0976916e-05   2.3305817e-03
   2.1278354e-02   5.5036145e-02  -2.1679451e+00  -1.7654750e-02   1.5897891e-04   1.9517604e-03
  -5.1518904e-03   1.2311964e-01  -2.5222322e+00  -2.4892215e-02  -1.8740623e-04   2.3316785e-03
   5.0757949e-03   1.6091736e-01  -2.5440288e+00  -2.6531016e-02  -4.4107948e-04   2.1737868e-03
   4.0485186e-04   1.6072782e-01  -2.5646819e+00  -2.7278420e-02  -3.3879085e-04   1.7748222e-03
   1.3471077e-02   1.6704072e-01  -2.5823711e+00  -2.7682921e-02  -2.6212676e-04   1.8264323e-03
   1.9619396e-02   1.5908524e-01  -2.5302336e+00  -2.7420830e-02  -1.1129312e-04   1.6790242e-03
   8.4062257e-03   1.7842939e-01  -2.5071297e+00  -2.6504150e-02   4.2803462e-04   1.8666159e-03
  -1.8958250e-03   1.5661764e-01  -2.6597062e+00  -2.5709503e-02   6.9197975e-05   2.1473131e-03
   7.2562617e-03   2.0589844e-01  -2.5720843e+00  -2.6999297e-02   4.1588482e-03   1.8197543e-03
   6.2062078e-02   1.0712015e-01  -2.4000902e+00  -2.3673150e-02  -4.8239533e-04   1.3228009e-03
   5.0013029e-02   1.4956902e-01  -2.4522166e+00  -2.5740581e-02   7.2158160e-04   1.2867632e-03
   3.5268956e-02   1.4296465e-01  -2.4489974e+00  -2.5971586e-02   3.3517375e-04   1.5639954e-03
  -6.5669198e-02   1.3195391e-01  -2.3886238e+00  -2.3724224e-02   4.3351154e-03   2.5886125e-03
  -3.1860052e-03   1.4396129e-01  -2.3735566e+00  -2.4768304e-02   3.4051403e-03   2.1283610e-03
   2.0690775e-03   1.5111415e-01  -2.3244353e+00  -2.3040159e-02   2.2811739e-03   1.8138400e-03
  -5.4998501e-02   2.4906890e-01  -2.8085482e+00  -3.2771794e-02   5.4760970e-03   2.7065284e-03
   4.2356083e-02   6.4074222e-02  -2.2480323e+00  -1.4950336e-02  -2.7753970e-04   2.2357371e-03
   3.9716569e-02   2.3563790e-01  -3.0650693e+00  -3.0601149e-02   3.5100447e-03   1.2125328e-03
   7.5290294e-02   9.0524609e-02  -2.7851622e+00  -1.6228064e-02  -8.6464169e-04   1.2323457e-03
   6.8601304e-02   2.0345591e-01  -3.2352151e+00  -2.9294953e-02   3.1906242e-03   2.8531882e-04
   7.2848728e-02   2.1204762e-01  -3.3013108e+00  -3.0591537e-02   1.8232793e-03   1.5173994e-04
   6.6011148e-02   2.3093260e-01  -3.3080372e+00  -3.1593999e-02   1.7511055e-03   2.4201104e-04
   7.4310864e-02   1.7532681e-01  -3.2064222e+00  -3.0256347e-02   1.3214124e-04   2.6838213e-04
   6.7999341e-02   1.4268276e-01  -3.1624077e+00  -3.0306901e-02   1.2297784e-04   4.2898603e-04
   7.5223137e-02   2.0139872e-01  -3.1632791e+00  -3.0717347e-02   2.8911055e-04   1.4515732e-04
   5.2601496e-02   2.0426731e-01  -3.1156860e+00  -3.0229827e-02   1.3442465e-03   2.5805674e-04
   1.3416356e-02   2.1397766e-01  -3.1357654e+00  -3.1370828e-02   1.5474187e-03   8.3715711e-04
   3.3878899e-02   1.9521257e-01  -2.9608334e+00  -2.9733035e-02   1.9896570e-03   1.1612159e-03
   2.9941038e-03   2.1382907e-01  -2.8291010e+00  -2.8799263e-02   3.3213766e-03   1.4529158e-03
   5.0507365e-02   1.7131564e-01  -2.7460453e+00  -2.8245534e-02   4.6820691e-04   1.3718394e-03
   4.5583109e-02   1.9015473e-01  -2.6943302e+00  -2.7400508e-02  -7.8530152e-05   1.2737004e-03
   1.4897338e-01   7.7750277e-02  -2.1245388e+00  -1.4695236e-02   5.3918107e-03  -2.6800793e-04
   8.3403141e-02   2.0694556e-01  -2.6435089e+00  -2.6290899e-02   9.3115891e-03   6.8966807e-05
   2.9215027e-02   2.2058254e-01  -2.5011770e+00  -2.7868336e-02   7.9235374e-03   6.9870817e-04
   2.9513273e-02   1.5902059e-01  -2.4417625e+00  -2.7529567e-02   7.1812659e-03   7.4465672e-04
   3.9519901e-02   1.9228289e-01  -2.3958402e+00  -2.5474749e-02   5.9584810e-03   7.6767315e-04
   1.1284379e-02   1.6608819e-01  -2.3582354e+00  -2.5245162e-02   5.6256668e-03   1.5795177e-03
   3.2328257e-02   6.5860253e-02  -2.1363630e+00  -1.3237782e-02   2.6820019e-03   1.2587618e-03
   1.1575357e-01   7.2735442e-02  -2.4693813e+00  -2.1613244e-02   7.6447732e-04   8.6178224e-04
   2.1131596e-02   1.2023247e-01  -2.5137987e+00  -2.6619796e-02  -4.2683349e-04   2.4770854e-03
   2.6783012e-02   1.4395544e-01  -2.3617677e+00  -2.3434442e-02  -4.7220074e-04   1.9448690e-03
   2.2574377e-02   1.8438386e-01  -2.4924060e+00  -2.5485259e-02   2.4992710e-03   1.7872416e-03
   2.2717497e-02   1.4987283e-01  -2.4820166e+00  -2.5720853e-02   1.9679011e-03   1.5986814e-03
   2.5557817e-02   1.6249477e-01  -2.3760821e+00  -2.3859832e-02   7.0979976e-04   1.6210436e-03
   3.5034871e-02   1.1896484e-01  -2.4004788e+00  -2.3869497e-02   3.0656585e-04   1.7657154e-03
   2.9184536e-02   1.1754475e-01  -2.4054407e+00  -2.4983023e-02   3.7231867e-04   1.7133477e-03
   2.1471105e-02   1.3244504e-01  -2.4525250e+00  -2.4886261e-02   1.1075225e-03   1.7965255e-03
  -2.5506330e-02   1.1255888e-01  -2.0215495e+00  -1.5418955e-02   2.1848059e-03   2.9595483e-03
   4.1299402e-02   2.3619926e-01  -2.7095612e+00  -2.7566114e-02   2.1559170e-03   2.0116474e-03
   4.0103275e-02   1.9985816e-01  -2.7324004e+00  -2.8159987e-02   1.1752962e-03   2.0907055e-03
   1.3841950e-02   1.0801790e-01  -2.1256703e+00  -2.1427687e-02  -2.9954203e-03   2.7467229e-03
   7.4281666e-02   1.5968352e-01  -2.6842970e+00  -2.5797712e-02  -4.8296418e-03   1.9622801e-03
   7.4911733e-02   1.4308008e-01  -2.7192450e+00  -2.5552216e-02  -3.6646002e-03   1.7048937e-03
  -4.4307159e-02   9.9885265e-02  -2.1655335e+00  -1.4401220e-02  -4.1302417e-03   4.3407101e-03
   8.6999985e-02   1.7666177e-01  -2.8275925e+00  -2.5137334e-02  -2.0292445e-03   1.5932300e-03
   6.2690075e-02   1.6491246e-01  -2.8480461e+00  -2.6145708e-02  -2.3481474e-03   1.5961704e-03
   5.6609169e-02   1.8499666e-01  -2.8069752e+00  -2.7396907e-02  -2.5116012e-03   1.6340579e-03
   8.0349856e-02   1.4522802e-01  -2.7917938e+00  -2.6477345e-02  -1.8853197e-03   1.4489694e-03
  -9.3534608e-03   1.3113513e-01  -2.6219637e+00  -2.5175705e-02  -3.1554441e-03   2.5597977e-03
   1.1668585e-02   9.4688461e-02  -2.0380704e+00  -1.4346485e-02  -3.7015466e-03   2.9058358e-03
   2.0573741e-02   2.1754280e-01  -2.7446918e+00  -2.7905807e-02  -1.4028687e-03   2.1044014e-03
   2.9878617e-02   2.0001424e-01  -2.7127398e+00  -2.8218471e-02  -1.6174310e-03   2.0319361e-03
   2.9877305e-02   1.8258217e-01  -2.7940257e+00  -2.8418830e-02  -2.1509726e-03   1.7876417e-03
   4.7630298e-02   1.3141865e-01  -2.8203123e+00  -2.8486448e-02  -2.1259695e-03   1.6478164e-03
   6.0392247e-02   1.6969557e-01  -3.0029897e+00  -2.4302911e-02   1.9352301e-04   1.3404623e-03
  -1.8452497e-01   2.1818678e-01  -3.0352895e+00  -3.3247418e-02   5.1076195e-03   4.4081844e-03
  -1.3825481e-01   2.1088558e-01  -2.8006394e+00  -3.0974633e-02  -3.3624568e-03   5.5018749e-03
  -4.3758029e-02   1.8431458e-01  -2.8168319e+00  -2.9786681e-02  -2.4690177e-03   3.4359118e-03
  -4.2194839e-02   2.1004364e-01  -2.8167921e+00  -3.0214844e-02  -1.8103527e-03   3.1326572e-03
  -9.8300274e-03   1.9657815e-01  -2.8224266e+00  -3.0171926e-02  -2.5641694e-03   2.7683336e-03
  -1.6714518e-02   2.0501732e-01  -2.8487572e+00  -3.0900596e-02  -2.7021933e-03   2.8940006e-03
  -2.0556111e-02   2.4049493e-01  -2.9046519e+00  -3.0364835e-02  -2.5212617e-03   2.7466898e-03
  -4.2949264e-02   2.2782049e-01  -2.8623339e+00  -3.0152132e-02  -3.2085266e-03   3.0234137e-03
  -3.1143150e-02   2.2820542e-01  -2.8784504e+00  -2.9930468e-02  -3.9166093e-03   3.0094799e-03
  -2.8123430e-02   2.2070160e-01  -2.8192435e+00  -2.9084134e-02  -2.6619577e-03   2.7846116e-03
  -3.8827751e-02   1.3584350e-01  -2.4317911e+00  -2.3291447e-02  -1.4514687e-03   3.3390316e-03
  -2.3062127e-02   1.9769533e-01  -2.5440040e+00  -2.3609075e-02  -9.3664216e-04   3.1878081e-03
   5.9999639e-03   1.4433880e-01  -2.5391347e+00  -2.6911017e-02  -1.1259406e-03   2.2809953e-03
   9.3329414e-03   2.0069587e-01  -2.6590372e+00  -2.5322995e-02   1.4892442e-03   2.4368352e-03
  -2.5427081e-03   2.1037289e-01  -2.7160044e+00  -2.6714642e-02   2.2019165e-03   2.5519391e-03
  -8.2139591e-03   2.0462885e-01  -2.6863400e+00  -2.6622333e-02   1.5555198e-03   2.4387692e-03
  -1.9364230e-03   1.9246602e-01  -2.6849215e+00  -2.6559807e-02   1.3660790e-03   2.4251239e-03
   2.6949698e-02   2.1200405e-01  -2.7696870e+00  -2.4756201e-02   5.5463410e-04   1.8991693e-03
  -1.0000343e-02   2.4368804e-01  -2.7856288e+00  -2.5757946e-02   1.4318242e-03   1.9984589e-03
  -1.9510519e-02   2.1523289e-01  -2.7812220e+00  -2.6842459e-02   1.6468225e-03   2.3121439e-03
  -7.3685981e-03   1.9070918e-01  -2.7705402e+00  -2.6282038e-02   1.4357358e-03   1.9219062e-03
  -2.4246987e-02   2.5834517e-01  -3.0898954e+00  -2.9080617e-02   1.7692853e-03   2.6934754e-03
  -1.6938898e-02   2.7347293e-01  -3.0753034e+00  -2.9963723e-02   1.8728472e-03   2.6141374e-03
   1.8793434e-03   2.6780460e-01  -3.0705559e+00  -3.0405726e-02   1.8921084e-03   2.2183815e-03
  -1.5096937e-02   2.4429504e-01  -3.0856626e+00  -3.0345081e-02   2.0031505e-03   2.7292343e-03
   4.6948621e-03   2.3549500e-01  -3.1022219e+00  -3.1276635e-02   1.8105336e-03   2.1790196e-03
   2.5510547e-02   1.5794418e-01  -2.7766946e+00  -2.8758703e-02  -2.2851320e-03   1.7851400e-03
   5.3213084e-02   1.3159605e-01  -2.4576092e+00  -2.0087106e-02  -3.6921706e-03   1.2203318e-03
  -5.5162800e-03   9.2610646e-02  -2.3030877e+00  -1.7877196e-02  -1.7145995e-03   2.8534355e-03
   1.9263486e-03   2.5181266e-01  -3.3572509e+00  -3.1938334e-02  -2.8798697e-03   2.8731724e-03
   1.2386785e-02   2.1079257e-01  -3.3076368e+00  -3.1772140e-02  -2.5543810e-03   2.2074873e-03
   8.1939187e-03   2.7390571e-01  -3.2479612e+00  -3.5301560e-02  -1.8132172e-03   2.1659669e-03
   1.3660818e-02   2.7200910e-01  -3.5607088e+00  -3.3839761e-02  -8.7379323e-04   2.4669893e-03
   4.2475187e-03   2.3784811e-01  -3.4086902e+00  -3.2139844e-02  -8.4183769e-04   2.3313715e-03
  -4.3895202e-02   1.7148894e-01  -2.7625170e+00  -2.0171560e-02  -2.2608796e-03   4.1701681e-03
   5.7035028e-02   2.0890621e-01  -3.2419428e+00  -2.5523425e-02  -9.5156105e-04   2.4506785e-03
  -1.4925530e-02   1.2821559e-01  -2.7518460e+00  -2.0867485e-02  -1.3215187e-03   3.4141619e-03
   2.8953652e-02   2.3791207e-01  -3.1112885e+00  -2.7774390e-02  -1.2096815e-04   2.2811628e-03
   3.0840418e-02   2.0291948e-01  -3.1203532e+00  -2.8274665e-02  -1.0494066e-03   2.2612218e-03
   5.8453252e-02   2.0528010e-01  -3.0345067e+00  -2.6665503e-02  -1.7152944e-03   2.0441404e-03
   4.1046732e-02   2.1158637e-01  -2.8406105e+00  -2.5195286e-02  -2.8451273e-03   2.6602544e-03
   4.0313995e-02   1.9376448e-01  -2.9192588e+00  -2.3635095e-02  -2.7319707e-03   2.3790132e-03
   4.4020019e-02   1.5250918e-01  -2.9358303e+00  -2.5124457e-02  -2.3323199e-03   2.3634064e-03
  -4.3830448e-02   8.4691365e-02  -2.5186047e+00  -1.0997194e-02  -2.5952351e-03   3.6873412e-03
  -4.6750324e-04   2.6070521e-01  -3.0643701e+00  -2.8309683e-02   1.4946173e-03   2.9434664e-03
   5.8676954e-03   1.9305249e-01  -2.8808721e+00  -2.6527230e-02  -1.0917087e-03   2.9482548e-03
   1.6670456e-02   2.2266654e-01  -2.9169955e+00  -2.9264656e-02   1.4646266e-03   2.4370390e-03
   3.6345407e-02   1.5482576e-01  -2.8980328e+00  -2.0212020e-02  -1.5803325e-03   2.1788306e-03
   1.5695781e-02   1.9236292e-01  -3.1222280e+00  -2.7371806e-02  -1.5413942e-03   2.2452474e-03
   2.4872581e-02   2.1842639e-01  -3.1064657e+00  -2.7907646e-02  -2.4102785e-03   2.2108492e-03
   5.3667666e-02   1.9917624e-01  -3.1230900e+00  -2.8157914e-02  -3.1183798e-03   1.7024893e-03
   4.2429405e-02   2.0864864e-01  -3.0383189e+00  -2.7421466e-02  -2.9868699e-03   1.8942129e-03
   2.7488986e-02   1.6405040e-01  -3.0678350e+00  -2.9074681e-02  -1.7812439e-03   1.8810043e-03
   5.2330683e-02   2.6925157e-01  -4.0367800e+00  -3.4023692e-02   3.2154737e-04   1.8682286e-03
   2.3746064e-02   3.3430534e-01  -3.9725476e+00  -3.7360102e-02   5.9909912e-04   2.1652847e-03
  -7.9934325e-02   2.3152965e-01  -2.7769623e+00  -2.0690260e-02  -6.6836039e-04   4.2447845e-03
   7.2326315e-02   2.9682975e-01  -3.5080424e+00  -3.1261042e-02   1.9006447e-04   1.6554175e-03
   8.3878492e-02   2.4905237e-01  -3.5330427e+00  -3.1571759e-02   1.0074210e-03   1.3504551e-03
   3.8170011e-02   2.3298651e-01  -3.3969130e+00  -3.0644445e-02   2.3801074e-04   1.7492836e-03
   2.3365684e-02   2.3397932e-01  -3.4382544e+00  -3.3589338e-02   8.5304060e-04   1.9030282e-03
   2.2449124e-02   2.7262629e-01  -3.4066004e+00  -3.2117032e-02   2.2194289e-03   1.5795772e-03
  -5.1224263e-02   1.7319611e-01  -2.9982036e+00  -2.6262364e-02  -1.1823308e-03   3.2747754e-03
   1.0720190e-02   2.6636617e-01  -3.0694175e+00  -2.7888113e-02   8.6874772e-04   2.2487429e-03
   1.3202861e-02   2.3422670e-01  -3.0390668e+00  -2.8194533e-02   1.5331478e-04   2.1872369e-03
   1.8974440e-02   2.1690257e-01  -3.0845668e+00  -2.9722052e-02   2.3729047e-04   2.0511811e-03
   5.1853778e-03   1.9191114e-01  -2.8044269e+00  -2.1621054e-02  -1.7042129e-04   2.5643770e-03
   1.3447764e-02   2.2386907e-01  -2.9117413e+00  -2.6487458e-02   1.0866358e-03   2.1619148e-03
   2.8288671e-03   2.2368240e-01  -3.0024869e+00  -2.6692849e-02   8.4625890e-04   2.2687007e-03
   2.3161420e-02   2.5884385e-01  -2.9356921e+00  -2.7882613e-02   5.5991779e-04   2.0993707e-03
   3.0059023e-02   2.2764237e-01  -2.8523194e+00  -2.6850446e-02  -2.9719977e-04   1.9286862e-03
   3.9384574e-02   2.3343244e-01  -2.8672336e+00  -2.6569056e-02  -4.7894908e-04   1.9943577e-03
   1.7544879e-02   2.3158690e-01  -2.8382374e+00  -2.5579396e-02  -1.6328615e-03   2.2403590e-03
   6.0955140e-03   2.0828621e-01  -2.9669928e+00  -2.7573833e-02  -4.0533041e-04   2.0426152e-03
  -5.1354571e-02   1.6985880e-01  -2.7963687e+00  -2.5410762e-02   6.7469454e-04   2.6112415e-03
  -8.6270796e-02   1.3958161e-01  -2.7870221e+00  -2.2419848e-02   1.9005984e-03   2.7262598e-03
  -1.0580225e-02   1.3949573e-01  -2.7655245e+00  -1.7970658e-02  -1.9709260e-03   2.3439134e-03
  -2.3105484e-02   2.1099123e-01  -3.1419468e+00  -2.6742339e-02   8.7426330e-04   2.4009473e-03
  -2.5197824e-02   2.5185570e-01  -3.1839420e+00  -2.7743465e-02   8.1485425e-04   2.4884821e-03
  -2.6680076e-02   2.4129546e-01  -3.7291936e+00  -2.9982927e-02   3.6926170e-03   2.4150931e-03
  -5.3899085e-02   3.4265926e-01  -3.6816573e+00  -3.4054038e-02   3.1981585e-03   2.9473738e-03
  -2.9205538e-02   3.6112530e-01  -3.6917918e+00  -3.4539702e-02   2.3096669e-03   2.4533969e-03
  -8.2624124e-02   2.1602564e-01  -3.0285186e+00  -2.1440056e-02   9.1766075e-04   2.8034210e-03
   5.1185276e-03   3.1433414e-01  -3.9002544e+00  -3.5962734e-02   7.2333301e-04   1.9276551e-03
   1.8784137e-02   3.2805164e-01  -3.8710095e+00  -3.6319774e-02   2.1704403e-05   1.7882994e-03
   1.6622907e-02   2.9731773e-01  -3.7845530e+00  -3.5797457e-02  -1.0759298e-03   2.0372796e-03
   2.1472566e-02   3.5293955e-01  -3.8108617e+00  -3.7788751e-02  -4.7167665e-04   1.5664291e-03
   5.0941734e-02   1.9567614e-01  -3.2047515e+00  -2.0345999e-02  -2.6349381e-03   2.3191937e-03
   2.3163574e-02   3.1174029e-01  -3.5439705e+00  -2.9602399e-02  -4.5591606e-04   2.1327351e-03
   3.1007577e-02   2.8262677e-01  -3.5897238e+00  -3.0182500e-02  -4.6197505e-04   1.6196085e-03
   1.8386209e-02   2.0555483e-01  -3.6235023e+00  -2.8467842e-02  -3.0288837e-03   1.6747978e-03
   3.2023860e-02   2.9449479e-01  -3.5294989e+00  -2.8561335e-02  -1.6804228e-04   1.5543825e-03
   2.6641170e-02   3.2024821e-01  -3.5372473e+00  -2.9095466e-02  -8.5170877e-04   1.7083987e-03
   2.4993016e-02   2.9533364e-01  -3.5445515e+00  -2.9340674e-02  -1.4075663e-03   1.7496576e-03
   3.0317377e-02   2.7031603e-01  -3.5810487e+00  -3.0443563e-02  -1.0570835e-03   1.4118107e-03
  -1.6685372e-02   2.3962125e-01  -3.4275196e+00  -2.8713304e-02  -1.7710373e-03   2.3831366e-03
  -3.7074343e-03   3.0657672e-01  -3.4731324e+00  -2.9672795e-02  -1.8304889e-03   2.2809556e-03
   1.9489139e-02   2.9332288e-01  -3.4491520e+00  -3.0719870e-02  -1.9681043e-03   1.9039759e-03
   1.3410475e-02   2.6793434e-01  -3.4425716e+00  -2.9312552e-02  -2.1447349e-03   2.4207223e-03
   2.7204412e-02   3.1047742e-01  -3.4484413e+00  -2.7961908e-02  -1.7596619e-03   1.8413828e-03
  -4.5158682e-02   3.2815767e-01  -3.4272495e+00  -3.0386336e-02   5.5144215e-04   2.5995555e-03
  -1.7906505e-02   3.4602133e-01  -3.4385373e+00  -3.1194493e-02  -3.4171156e-04   3.1630094e-03
  -4.0722713e-02   3.3728892e-01  -3.6115250e+00  -3.2677010e-02   4.3755540e-03   2.1402177e-03
  -5.7095907e-02   2.9747067e-01  -3.2918564e+00  -2.8656449e-02   1.6722232e-03   3.0323089e-03
  -2.1501140e-02   3.5767398e-01  -3.5791253e+00  -3.3011517e-02   3.4848056e-03   2.1687476e-03
  -2.6149793e-02   3.1505238e-01  -3.5508788e+00  -3.2855270e-02   2.7329168e-03   2.2606208e-03
  -2.0674706e-02   3.0758326e-01  -3.2317048e+00  -2.7539445e-02  -1.0041491e-03   1.1427748e-03
   3.6372354e-02   3.2979244e-01  -3.8588232e+00  -3.3651734e-02   1.2114988e-04   1.2710697e-03
  -2.8992255e-02   1.9435649e-01  -3.3005073e+00  -2.9878406e-02  -2.2695537e-03   2.0100178e-03
   7.6190546e-02   2.2057679e-01  -3.4128214e+00  -2.8509156e-02  -5.4324555e-03   1.1850132e-03
   5.0744276e-02   2.2811082e-01  -3.4324660e+00  -2.9873993e-02  -3.2566287e-03   7.4096183e-04
  -3.2313865e-02   2.6995596e-01  -3.6599811e+00  -3.3821391e-02   8.9374325e-04   2.1083838e-03
   2.5340501e-03   3.1431309e-01  -3.5289401e+00  -3.1664699e-02   1.1024103e-03   1.4658354e-03
   4.2935115e-03   3.0886083e-01  -3.5402684e+00  -3.2021734e-02   9.8529378e-04   1.5213645e-03
   2.5256763e-02   2.6346622e-01  -3.5693551e+00  -3.3004191e-02   2.9281458e-04   1.2141695e-03
   3.1329263e-02   1.4148458e-01  -3.3257099e+00  -2.3549095e-02   2.0791936e-05   6.4855481e-04
  -3.6121410e-02   2.7149799e-01  -3.2885689e+00  -2.6728547e-02   4.5795283e-03   1.2709826e-03
  -2.4918637e-02   1.9475062e-01  -3.3513650e+00  -2.5064223e-02   1.7857991e-03   2.4394088e-03
   1.6292895e-02   3.2565659e-01  -3.9135001e+00  -3.3863763e-02   4.7862833e-03   1.6798265e-03
  -2.5884655e-02   2.9609874e-01  -3.6973023e+00  -3.3231786e-02   4.5081293e-03   2.4276525e-03
  -2.3408572e-03   3.3154318e-01  -3.6503350e+00  -3.2213203e-02   3.4762499e-03   1.8863015e-03
   2.3344771e-02   2.8682869e-01  -3.6537800e+00  -3.2053910e-02   3.2218287e-03   1.7242093e-03
   1.9765950e-02   3.0161978e-01  -3.6441667e+00  -3.1662216e-02   3.1115449e-03   1.9467501e-03
  -2.6284901e-02   2.2063278e-01  -3.5150991e+00  -2.7111695e-02   1.7466359e-03   2.5428983e-03
  -1.6459355e-03   3.2612216e-01  -3.6483963e+00  -3.1043890e-02   2.6216085e-03   1.5585482e-03
  -1.6257064e-03   2.8634169e-01  -3.6352569e+00  -3.1228608e-02   2.3946762e-03   1.7975808e-03
   1.2555628e-02   2.7855117e-01  -3.6864348e+00  -3.1184510e-02   1.2974545e-03   1.6231449e-03
   1.0036775e-02   2.6970092e-01  -3.7631235e+00  -3.2726518e-02   2.2893052e-03   1.4930276e-03
  -4.9157999e-03   2.9965509e-01  -3.5651554e+00  -3.1809737e-02   3.1298955e-03   1.9906948e-03
   9.3501604e-03   4.0824045e-01  -4.0312378e+00  -3.6234833e-02   4.4050662e-03   2.1249492e-03
   1.6626082e-02   3.3456635e-01  -3.9898774e+00  -3.5016694e-02   4.0995642e-03   1.9675433e-03
   2.1887271e-02   3.5501980e-01  -3.9537559e+00  -3.5528709e-02   4.2152552e-03   1.6493614e-03
  -1.1270884e-02   3.1610412e-01  -3.8460595e+00  -3.6130552e-02   3.9222180e-03   1.7608292e-03
   1.5944984e-02   3.7848209e-01  -3.7021020e+00  -3.2727104e-02   3.6407751e-03   1.7282376e-03
   3.5370232e-03   3.1037101e-01  -3.6644267e+00  -3.1844739e-02   2.9152187e-03   1.8347780e-03
   8.8033178e-03   2.9025032e-01  -3.6526169e+00  -3.4884312e-02   4.7446965e-03   1.0006934e-03
   6.6203784e-02   2.4542305e-01  -3.3469344e+00  -2.4751280e-02  -5.7216717e-04   1.7241122e-03
   3.2030375e-02   2.8579575e-01  -3.4833053e+00  -2.8754531e-02   1.4696219e-03   2.0230493e-03
   4.6449540e-02   2.6446135e-01  -3.5393562e+00  -2.9475654e-02   1.3070189e-04   1.7564551e-03
   4.0795816e-02   2.7376480e-01  -3.5818493e+00  -3.0621881e-02  -3.7640090e-04   1.6895099e-03
   2.9416446e-02   2.6508944e-01  -3.5577429e+00  -2.9951780e-02  -1.1118156e-03   1.9895735e-03
   3.9778428e-02   2.9570630e-01  -3.5759393e+00  -3.0010062e-02  -8.1889983e-04   1.6003150e-03
   4.4251894e-02   3.0863715e-01  -3.5266444e+00  -3.0057506e-02  -1.1371971e-03   1.6869326e-03
   2.5416376e-02   2.1822177e-01  -3.4486121e+00  -2.8061684e-02  -8.5280015e-04   1.5855481e-03
  -5.6342166e-02   2.4079001e-01  -3.5488782e+00  -2.7906459e-02   2.7920693e-03   2.6672876e-03
  -3.0686581e-02   2.6974334e-01  -3.7995191e+00  -3.6062377e-02   4.7372139e-03   2.4615612e-03
  -1.6180046e-02   2.9090553e-01  -3.8016388e+00  -3.0833642e-02  -3.2052830e-03   3.1633883e-03
   9.0824069e-04   2.9263783e-01  -3.7682444e+00  -3.0033478e-02  -3.1295192e-03   2.8890591e-03
  -2.3341541e-02   3.3955262e-01  -3.7304659e+00  -3.0660190e-02  -1.8365703e-03   3.2268705e-03
  -9.9524561e-03   3.0818596e-01  -3.6797068e+00  -3.2972705e-02  -3.2649372e-03   3.2048537e-03
  -1.2321461e-02   3.1660244e-01  -4.4443850e+00  -4.3190873e-02   7.0497822e-04   3.1776428e-03
  -4.8101484e-02   1.8615351e-01  -3.6371791e+00  -2.8123173e-02   1.8110374e-04   4.2720710e-03
   1.7030844e-02   3.2432951e-01  -3.7626337e+00  -3.2300608e-02  -6.0865772e-04   2.9073186e-03
   1.6720181e-02   3.4244935e-01  -3.7356074e+00  -3.3444318e-02  -7.5515342e-04   2.9659549e-03
   2.3183528e-02   3.1937576e-01  -3.7523866e+00  -3.3981086e-02  -7.8801159e-04   3.0708524e-03
   3.1014988e-02   3.2258773e-01  -3.7736361e+00  -3.4354090e-02  -1.0016816e-03   2.7103264e-03
   3.6555892e-02   3.2651639e-01  -3.7833484e+00  -3.3998178e-02  -1.5097920e-03   2.4440305e-03
   2.3516366e-02   3.2262020e-01  -3.7919947e+00  -3.4022632e-02  -1.1006678e-03   2.6273528e-03
   1.2071677e-02   3.3605999e-01  -3.7913230e+00  -3.4200791e-02  -9.7497315e-04   2.5110910e-03
   4.5064072e-02   3.0725977e-01  -3.8019835e+00  -3.5060880e-02  -1.5398867e-03   1.7777989e-03
   3.2383945e-02   3.5038053e-01  -3.6118919e+00  -3.0436527e-02  -3.9109245e-05   2.1298477e-03
   1.1367481e-02   3.1992131e-01  -3.5851874e+00  -2.9776452e-02   7.8464717e-04   2.4045965e-03
   9.7126674e-03   3.3130575e-01  -3.5734301e+00  -3.0263642e-02   9.6710803e-04   2.3090077e-03
   2.4878140e-02   2.2009250e-01  -3.8163603e+00  -2.5856008e-02   1.1399074e-03   2.5110816e-03
   3.7766100e-02   3.7681692e-01  -4.0269237e+00  -3.3944103e-02   4.5153012e-03   1.5898051e-03
   2.9606996e-02   3.3025023e-01  -3.9281176e+00  -3.2451917e-02   2.9469694e-03   1.7507152e-03
   5.6831126e-02   3.2712337e-01  -3.9545709e+00  -3.3626036e-02   2.8358811e-03   1.6483465e-03
   2.9449975e-02   3.4851139e-01  -3.6907363e+00  -3.0377807e-02   2.8218221e-03   3.6894078e-04
   8.9224294e-02   2.9651875e-01  -3.7485762e+00  -2.7606253e-02   4.9966536e-04   4.1458214e-04
   6.9922527e-02   2.9696778e-01  -3.7306648e+00  -2.9043982e-02   1.4618537e-03   3.5133694e-04
   1.3347662e-02   2.1497393e-01  -2.9786276e+00  -1.6572896e-02   3.4659368e-03   8.1924119e-04
   7.6589413e-02   2.9077621e-01  -3.6744498e+00  -2.8086116e-02   1.4806248e-03   2.1302323e-04
   5.8819331e-02   2.7775807e-01  -3.6377631e+00  -2.8499951e-02   1.4097064e-03   2.4414046e-04
  -4.8157957e-02   2.1241247e-01  -2.9082812e+00  -1.8250546e-02   1.9129354e-03   1.4632505e-03
   5.6669343e-02   2.3555943e-01  -3.2717868e+00  -2.4284430e-02   3.2130232e-03  -4.5631738e-04
   4.1291764e-02   2.6862461e-01  -3.3549646e+00  -2.6229659e-02   2.6076836e-03  -3.2188501e-04
   3.4874392e-02   2.4808860e-01  -3.4186090e+00  -2.8471378e-02   2.8879290e-03   3.4183934e-04
  -7.8672656e-02   2.1920086e-01  -3.5542714e+00  -2.7702927e-02   5.4073465e-03   1.6688460e-03
  -3.8022407e-03   2.9130071e-01  -3.9389376e+00  -3.4547922e-02   4.2283786e-03   2.0141981e-03
   2.2238080e-02   3.2919865e-01  -3.9735338e+00  -3.5792384e-02   3.5350877e-03   1.4295593e-03
  -6.7877042e-03   2.1883512e-01  -3.2358184e+00  -2.0626498e-02   2.7803789e-03   2.0294567e-03
   6.4821459e-02   3.5739018e-01  -4.2286308e+00  -3.3884209e-02   4.0044853e-03   1.0959777e-03
   4.8726942e-02   2.8790986e-01  -3.8047174e+00  -3.1345824e-02   2.5735138e-03   1.2136829e-03
   6.9501749e-02   3.3552440e-01  -3.8707292e+00  -3.2452151e-02   2.2527657e-03   5.6095781e-04
  -5.7387255e-02   2.5929105e-01  -3.1546925e+00  -2.0998072e-02   9.8156749e-04   2.0273850e-03
   5.1333225e-02   3.4394442e-01  -3.8384980e+00  -3.3040128e-02   1.0856533e-03   2.3321128e-04
   4.2450084e-02   3.0650396e-01  -3.7866201e+00  -3.2165085e-02   1.6305458e-03   2.8103397e-04
   5.4905174e-02   3.5530962e-01  -3.8446647e+00  -3.4066622e-02   2.2005292e-03  -1.2656507e-04
   1.7362097e-02   1.9075392e-01  -3.6487813e+00  -3.0160490e-02   8.8548832e-04   2.7876457e-04
   4.5959682e-02   3.8764146e-01  -3.7580384e+00  -3.0287891e-02   1.0299516e-03   5.4259758e-04
   2.3719661e-02   3.5681860e-01  -3.8831327e+00  -3.4751546e-02   1.7418034e-03   5.7696078e-04
   2.0676470e-02   3.5896765e-01  -3.8848962e+00  -3.5166925e-02   1.9546797e-03   2.1095464e-04
   1.4746629e-02   3.5395017e-01  -3.8885372e+00  -3.5666139e-02   2.4335854e-03   4.1755544e-04
  -3.2026729e-02   2.9544934e-01  -3.5930512e+00  -3.0759566e-02   3.5289074e-03   2.2666370e-03
   1.0280808e-02   3.4676358e-01  -3.6857003e+00  -3.3002426e-02   2.8976298e-03   1.4411691e-03
   5.0015950e-02   2.5272835e-01  -3.6353585e+00  -3.1005336e-02   1.5128123e-03   1.1077271e-03
   1.2191884e-01   1.8500042e-01  -3.2624506e+00  -2.0391581e-02  -4.3045968e-03   1.4981321e-03
  -5.4380831e-02   4.0124582e-01  -3.4824109e+00  -4.5512616e-02  -1.5108794e-03   3.0577346e-03
   5.1678074e-03   1.6719415e-01  -2.7202464e+00  -2.2858336e-02  -7.7514758e-07   2.4894379e-03
  -7.9256063e-02   3.6149267e-01  -3.3457309e+00  -3.7835153e-02   1.8212861e-03   4.0913924e-03
  -6.4940381e-02   4.7176934e-01  -3.6011825e+00  -3.8315167e-02   1.2239146e-03   3.8798856e-03
  -3.3395117e-02   3.1886222e-01  -3.3665786e+00  -3.5292896e-02   6.5890741e-04   3.7145058e-03
  -2.3446697e-02   3.4516283e-01  -3.3347625e+00  -3.6009560e-02   4.1610295e-04   3.4569011e-03
  -3.1193705e-02   3.4111634e-01  -3.3529126e+00  -3.6355415e-02   7.5743007e-04   3.6821326e-03
  -2.2087564e-02   3.4352396e-01  -3.3532007e+00  -3.6106196e-02   3.4067068e-04   3.3259130e-03
  -1.4635275e-02   3.4962798e-01  -3.3565364e+00  -3.5611871e-02   5.9619102e-04   3.1989204e-03
  -2.2540240e-02   3.6332645e-01  -3.3278427e+00  -3.5447097e-02   4.6289979e-04   3.4760506e-03
  -1.9487864e-02   3.7743220e-01  -3.3363583e+00  -3.6453266e-02   7.6902615e-04   3.3041956e-03
  -1.4070848e-02   3.4855373e-01  -3.3259684e+00  -3.5251541e-02   5.1720663e-04   3.2487751e-03
  -1.1793802e-02   3.6161840e-01  -3.3491996e+00  -3.5864129e-02   5.0913844e-04   3.0775886e-03
   4.2204835e-02   4.1431569e-01  -3.4198472e+00  -4.0252070e-02  -2.0956832e-03   4.3673474e-03
   8.7529791e-03   1.8402042e-01  -2.5751110e+00  -2.1638482e-02   4.1253881e-03   2.1380701e-03
   5.5192080e-04   3.4010256e-01  -2.7630479e+00  -4.0974269e-02   3.9276144e-03   2.1033675e-03
   7.5205448e-03   1.1489386e-01  -1.2313180e+00  -1.5466455e-02  -1.1940273e-03   2.5979669e-03
  -2.3442429e-02   7.0840460e-02  -9.7017940e-01  -1.1797135e-02  -1.8828825e-03   4.5232380e-03
   1.5747148e-02   2.3913045e-01  -1.9856597e+00  -1.9977686e-02   2.8818604e-03   3.9001463e-03
  -1.0523831e-01   1.3062688e-01  -1.8082733e+00  -1.6196026e-02  -6.1442204e-04   4.6447591e-03
  -4.2266390e-02   2.1451050e-01  -1.8815383e+00  -1.7702244e-02  -2.0780922e-03   4.5105272e-03
  -4.7818329e-02   1.5034158e-01  -1.8924137e+00  -1.9331419e-02  -1.4938592e-03   4.1224776e-03
   4.2016227e-02   8.6187287e-02  -9.4598780e-01  -6.5333388e-03   4.8090046e-03   2.0195605e-03
   2.6213323e-03  -1.7755943e-02  -5.3520152e-01  -4.1368520e-04   2.8085719e-03   3.7855200e-03
  -1.1036760e-02   8.3531399e-02  -6.2347781e-01  -2.2054344e-03   3.4163360e-03   3.7581552e-03
  -1.7922019e-02   1.6770548e-02  -2.9737298e-01   5.6559591e-03   9.2512385e-04   3.4132315e-03
  -8.4709842e-02  -1.2346537e-01   1.0409908e-01   1.1673334e-02  -5.0245890e-03   3.8999069e-03
  -1.1609813e-01  -1.4168817e-01   3.3639539e-01   1.6250902e-02  -2.1073095e-03   4.0344805e-03
  -7.4382609e-02  -8.1422493e-02   1.2134501e-01   1.4646705e-02  -4.3107563e-03   5.1773840e-03
  -1.2210333e-04  -1.2914834e-01  -9.8974818e-02   1.1241910e-02  -6.2200776e-03   2.8148332e-03
  -4.2543952e-02  -1.2091735e-01   7.5874414e-02   1.8204134e-02  -5.2371980e-03   4.0836276e-03
  -8.6163074e-02  -6.0437099e-02  -5.0792490e-01   3.8844306e-03  -2.0413845e-03   4.3612841e-03
  -3.4725144e-02  -5.0266153e-02  -4.3223562e-01   2.6460010e-03  -2.4482766e-03   1.9960050e-03
  -1.7987245e-02  -2.5140365e-02  -9.2594737e-01  -1.4627843e-03  -3.0835083e-05   3.2194980e-03
   6.0498403e-04  -1.2069748e-01  -8.6281712e-01  -6.9280191e-04  -1.3867640e-03   2.1764553e-03
   2.2295414e-02  -1.8708214e-01  -7.3629216e-01  -2.4314447e-03   2.5284972e-04   9.8894061e-04
   3.4139907e-02  -9.9299663e-02  -7.8058175e-01   1.4149818e-04  -1.0770671e-03  -3.7657383e-04
  -1.7766004e-02   1.0126342e-01  -2.6376186e-01  -5.2103280e-04  -2.9993112e-03   9.7043621e-04
   5.9614217e-03  -1.3369377e-01  -3.4031242e-01   6.0771925e-03  -3.3529106e-03   2.3613695e-03
   9.3066615e-02  -1.7043548e-01  -1.0957637e+00  -9.6798782e-04  -1.2375563e-03   1.4295468e-04
   2.8404357e-03  -1.9150858e-02  -1.0982532e+00  -1.8645860e-03   1.8251327e-03   2.1174284e-03
  -1.7920846e-02  -4.3992158e-02  -1.2687933e+00  -7.3949223e-03   9.6836669e-04   1.8612477e-04
  -9.5715696e-04   1.3529244e-02  -1.2788380e+00  -7.5640420e-03   1.6254723e-03  -2.3534214e-04
   1.4651441e-03   4.4017730e-02  -1.3158591e+00  -9.3150311e-03   1.7519264e-03  -4.5624086e-04
   6.3920679e-03   3.3385114e-02  -1.4042703e+00  -1.0157029e-02   2.5623376e-03  -6.2848987e-04
   6.3309238e-03   3.9952625e-02  -1.3654586e+00  -1.0436207e-02   2.1799160e-03  -6.0936965e-04
  -5.0833244e-03   1.1002446e-01  -1.3725308e+00  -9.9039266e-03   2.1618988e-03  -1.8559923e-04
   2.8468714e-02   6.8869804e-02  -1.4301325e+00  -1.2061056e-02   1.1079790e-03   5.0289487e-04
   4.7171914e-02   2.7798357e-02  -1.9946524e+00  -1.5698805e-02  -1.4729750e-04   5.0214451e-04
  -1.2946460e-02   2.3969513e-01  -2.3806097e+00  -2.0241848e-02  -1.2868509e-03   1.8362793e-03
  -2.8853422e-02   1.8648904e-01  -2.2903431e+00  -1.9087883e-02  -1.0353643e-03   1.6577366e-03
  -4.6286504e-02   2.9212026e-01  -2.3532390e+00  -3.1441931e-02   1.8621355e-03   1.1504094e-03
  -2.8301484e-02   7.6931195e-02  -4.7319056e-01  -4.6447727e-03  -1.5216751e-03  -4.1751682e-04
  -1.7480838e-02   1.6804416e-01  -4.4200934e-01  -3.6651706e-03  -2.7044386e-03  -1.7314480e-04
  -1.9733485e-03   1.2401442e-01  -4.1234025e-01  -3.2515415e-03  -3.9148715e-03  -2.7873910e-04
  -1.2194131e-02   1.3757056e-01  -4.0678195e-01  -2.4999842e-03  -3.0364013e-03  -2.6305433e-04
   1.0749634e-01   8.8643329e-02  -6.7326259e-01  -4.2647790e-04  -6.0385894e-03  -1.1819996e-03
   6.3792891e-02   1.5868933e-01  -6.0146813e-01  -9.1323233e-04  -4.1856638e-03  -7.0683058e-04
   6.5926762e-02   1.3980689e-01  -6.2446860e-01   1.1891899e-03  -3.5451222e-03  -3.2177326e-04
  -1.8650976e-02   2.2050606e-01  -1.0418259e+00  -5.3908980e-03   7.9674042e-04   3.9334075e-05
  -2.4388485e-02   1.2724391e-01  -9.4918581e-01  -6.0965204e-03  -8.7765803e-04   7.3118009e-04
  -5.0748088e-02   2.1007383e-01  -8.8889337e-01  -4.6642754e-03  -7.7889416e-04   1.2435494e-03
  -2.9088286e-02   1.5529825e-01  -9.1909002e-01  -1.4787682e-03  -1.6042348e-03   8.1352098e-04
   2.2644239e-02   1.3791312e-01  -9.3853075e-01  -2.4865458e-03  -1.8163381e-03   1.1616550e-04
  -5.6132923e-02   8.1211165e-02  -3.1946708e-01  -7.2380001e-03  -7.2829463e-03   9.8489421e-05
   4.5353508e-02   1.1598417e-01   6.7111841e-02   3.8565157e-03  -8.6604038e-03  -5.9323685e-04
  -1.8043833e-02   1.4080528e-01  -3.8121385e-03   4.1513035e-03  -9.1260296e-03   2.2807808e-03
   4.3568215e-03   1.7319340e-01  -3.2749843e-01   9.9826884e-04  -6.8172049e-03  -8.5850821e-05
  -4.0326800e-03   1.9029409e-01  -3.0579008e-01   1.2920785e-03  -6.2994356e-03  -1.7802368e-04
   2.8918021e-02   1.3444132e-01  -3.6628745e-01   1.9277793e-03  -9.7463195e-03   3.9058704e-04
   3.8368952e-02   1.3808921e-01  -6.0481647e-01  -2.4110891e-03  -7.6965407e-03  -1.0089676e-03
   3.1031050e-02   1.0501796e-01  -5.5397977e-01  -1.2701911e-03  -5.9916966e-03  -8.0527866e-04
   3.6134643e-02   1.4383520e-01  -6.4536296e-01  -2.5264491e-03  -5.4259320e-03  -1.1854681e-03
   2.8557168e-02   9.5126557e-02  -7.3794377e-01  -1.2277909e-03  -5.7180523e-03  -9.1010984e-04
   4.8123852e-02   1.4824815e-01  -8.5625458e-01  -4.9685441e-03  -5.0239297e-03  -1.0647662e-03
   5.9540814e-02   1.2466442e-01  -9.0561054e-01  -5.5951672e-03  -4.6113643e-03  -1.4215065e-03
   8.4330563e-02   7.4297786e-02  -1.0165697e+00  -2.9133846e-03  -6.6204331e-03  -2.1677573e-03
   5.1945112e-02   1.1736782e-01  -9.2756439e-01  -3.9941632e-03  -3.5097220e-03  -1.5893875e-03
  -6.8143464e-02   1.8463833e-02  -1.2040881e+00  -7.5054897e-05   2.5767044e-03   2.2273633e-03
  -1.7099904e-02   1.3809641e-01  -1.6319603e+00  -1.0622225e-02   8.4789686e-04   1.0858183e-03
   4.5495274e-03   7.4293993e-02  -2.0468711e+00  -1.2000367e-02   2.0858025e-03   1.2289529e-03
  -2.0248169e-02   1.3234430e-01  -1.8813357e+00  -1.4028543e-02   2.6738006e-03   1.6942507e-03
  -3.2805669e-02   1.1514431e-01  -1.9266242e+00  -1.4224335e-02   3.7684492e-03   1.6262620e-03
  -2.1418825e-02   2.2347302e-01  -1.9798385e+00  -1.5554974e-02   3.7312713e-03   1.9607869e-03
   6.5483511e-02   1.0223133e-01  -1.7605678e+00  -5.6752695e-03  -1.1072460e-03  -3.5136242e-05
   3.3629164e-02   8.7432940e-02  -2.0295625e+00  -1.4540460e-02   1.0375153e-03  -5.8019748e-05
   3.4238266e-02   1.5608506e-01  -2.0159898e+00  -1.6348212e-02   1.9809104e-03  -3.9936913e-04
  -4.8675168e-02   2.0302505e-01  -1.3253922e+00  -1.5303162e-02  -1.8838476e-03   5.1761558e-04
  -1.8030092e-02   1.6070791e-01  -1.1039108e+00  -9.5724734e-03  -1.0358382e-03  -1.0674850e-04
  -3.6231354e-02   2.0185450e-01  -1.2793473e+00  -5.2642259e-03  -2.1230781e-03   3.0755696e-03
  -7.3748160e-02   2.3886170e-01  -1.4017157e+00  -8.5547430e-03   6.0678101e-05   2.8776360e-03
  -6.6257745e-02   2.2863754e-01  -1.3962305e+00  -7.2888539e-03  -1.4240424e-03   3.0209713e-03
  -3.3010157e-02   1.8493471e-01  -1.6204045e+00  -1.1869347e-02   1.3450157e-03   3.5663353e-04
   2.8698580e-02   2.6041849e-01  -1.7287198e+00  -1.6185589e-02   1.8440981e-03  -3.1816962e-04
   3.1463463e-03   2.0604117e-01  -1.7154240e+00  -1.1808087e-02   1.7789978e-03  -4.4555276e-04
   1.9692262e-02   2.2933489e-01  -1.9035622e+00  -1.5343492e-02   3.0824852e-03  -9.9267700e-04
   2.5861390e-02   2.0905005e-01  -1.9340601e+00  -1.5028667e-02   1.4538033e-03  -1.0468805e-03
   2.2201901e-02   2.0130359e-01  -1.8919592e+00  -1.5223467e-02   9.3597884e-04  -8.9803800e-04
   1.4776456e-02   2.7770753e-01  -2.0106724e+00  -2.5250747e-02   3.5657287e-03  -3.1977417e-04
   7.7902762e-03   1.4924381e-01  -8.8498637e-01  -7.2253902e-03  -3.4861151e-04  -8.6939519e-04
   4.4454367e-02   1.7909657e-01  -9.5931943e-01  -3.0154276e-03  -2.7072228e-03  -2.2336770e-04
  -1.3908722e-01   2.3879944e-01  -1.3089680e+00  -7.8914352e-03   2.7390269e-03   2.2995867e-03
  -7.4630981e-02   2.5524858e-01  -1.2465541e+00  -7.3504320e-03   2.4131167e-03   1.3713078e-03
  -7.1592829e-02   2.5779289e-01  -1.2908657e+00  -7.9140053e-03   2.4784432e-03   7.4846007e-04
  -3.2363215e-02   2.9016624e-01  -1.5938204e+00  -1.2298095e-02   7.3120225e-04   5.0591261e-04
  -1.6876477e-02   2.6288365e-01  -1.5233470e+00  -1.1194802e-02   1.9431312e-03   2.0482420e-04
  -4.5124650e-02   2.7806313e-01  -1.5529817e+00  -1.1280043e-02   4.4472057e-03   3.0490845e-04
  -5.7026406e-02   2.8300956e-01  -1.5869037e+00  -1.2168737e-02   4.6136483e-03   2.7611811e-04
   3.2227311e-02   2.0817756e-01  -1.7384375e+00  -1.1257241e-02  -5.4576082e-04  -2.6078181e-04
  -8.6044489e-03   2.4595870e-01  -1.7647405e+00  -1.3360217e-02   5.1326837e-04   6.5149209e-05
  -5.8492586e-03   3.1397791e-01  -1.7804867e+00  -1.6511019e-02   9.7624044e-04  -6.7630006e-04
  -5.0456899e-02   2.1090364e-01  -1.0952001e+00  -9.6643771e-03  -3.4715957e-05   1.1885112e-04
  -2.4024973e-02   2.0158924e-01  -1.7045833e+00  -9.1322762e-03   1.4530868e-03   1.3018103e-03
  -1.4989314e-01   1.2194529e-01  -1.3083705e+00  -5.3366738e-03   7.5719410e-04   3.6449625e-03
  -1.8059178e-02   1.4601083e-01  -1.4636982e+00  -7.5025860e-03  -1.7182717e-03   1.5169558e-03
   1.6823173e-02   1.3387824e-01  -1.8879763e+00  -1.3137229e-02   1.9172186e-03   2.0860437e-04
   1.7726965e-02   1.6259399e-01  -1.9804977e+00  -1.5348188e-02   1.7521105e-03   4.0456661e-05
  -1.1335455e-01   1.5150009e-01  -1.6489228e+00  -3.9038018e-03  -9.4653935e-04   1.9368296e-03
  -3.3559294e-02   2.2662864e-01  -2.3897393e+00  -2.1319708e-02   7.6992592e-04   3.0316427e-04
  -5.1518623e-02   2.1323209e-01  -2.4193231e+00  -1.5674431e-02   1.7821692e-03   1.7488169e-03
  -7.1210797e-02   2.5976104e-01  -2.6089155e+00  -2.2827333e-02   3.8606647e-03   6.5743773e-04
  -3.3024082e-02   3.6261216e-02  -2.1359215e+00  -1.4143022e-02   1.1717991e-03   3.0513595e-04
  -1.2782542e-02   1.6227036e-01  -2.3820550e+00  -1.8368064e-02   2.7030788e-03  -1.2205719e-04
  -4.9022356e-02   9.3255482e-02  -1.4094302e+00  -1.4910357e-02  -1.5143674e-03   9.8740151e-04
  -3.9052063e-02   1.6688873e-01  -1.2651459e+00  -9.7649608e-03  -4.4947021e-04   9.8008480e-04
  -1.8046283e-01   1.6070437e-01  -1.6474860e+00  -8.8593136e-03  -2.0656816e-03   4.9482776e-03
  -9.1497855e-02   1.2542567e-01  -1.7292146e+00  -9.5737027e-03  -1.7306642e-04   3.9319811e-03
  -8.1282557e-02   1.7027520e-01  -1.7919640e+00  -1.1192463e-02  -1.5669671e-04   3.5486266e-03
  -6.4153190e-02   1.4725506e-01  -1.7797192e+00  -1.2156768e-02   2.2606511e-04   3.5534425e-03
  -2.3364239e-02   2.1134662e-01  -2.3826431e+00  -1.7523283e-02  -2.6845350e-05   2.2457911e-03
  -5.0167370e-02   2.2896124e-01  -2.4231028e+00  -1.8771478e-02   2.5895899e-03   2.0786477e-03
  -3.0949585e-02   2.8493143e-01  -2.3253128e+00  -1.7810310e-02   4.4863272e-03   1.2388520e-03
  -3.2077110e-02   3.2580219e-01  -2.8964356e+00  -2.2874563e-02   5.3057920e-03  -7.9253285e-05
  -3.2667981e-02   2.6828785e-01  -2.7209222e+00  -2.2183542e-02   6.2340301e-03  -1.7702971e-04
  -7.9836684e-02   2.8656117e-01  -2.0947518e+00  -1.9806395e-02   2.3822904e-03   6.6611185e-04
  -6.3600397e-02   3.2750869e-01  -1.8396693e+00  -1.4715143e-02   3.8486408e-03   5.1784062e-04
  -2.3109789e-02   2.0594080e-01  -1.4276547e+00  -7.3754340e-03   2.4197378e-03  -6.1241731e-04
  -1.5532074e-02   2.4168667e-01  -1.6469555e+00  -8.9994907e-03   3.8665304e-03   3.1728582e-04
  -9.2072362e-02   2.2584887e-01  -1.7917711e+00  -1.2631350e-02   5.6222900e-03   5.2520631e-04
  -9.6916479e-02   1.2922840e-01  -1.7039210e+00  -3.9360904e-03   6.7520263e-03  -2.7934328e-04
  -6.4549460e-02   2.6666062e-01  -2.5287148e+00  -1.9286512e-02   5.6005257e-03   8.5391306e-04
  -1.5615234e-02   2.7128983e-01  -2.4586508e+00  -1.9888352e-02   6.0129408e-03   6.2724955e-04
  -7.4730915e-02   2.5579103e-01  -2.3843393e+00  -1.8175551e-02   5.9473334e-03   1.6753198e-03
  -1.1995665e-01   1.8604640e-01  -1.9505789e+00  -1.1159500e-02   7.5296919e-03   2.3341331e-03
  -7.2293119e-02   2.6756397e-01  -2.1602226e+00  -1.5993410e-02   6.3395856e-03   1.7548869e-03
  -1.7297289e-01   4.0071900e-01  -1.9296244e+00  -2.2824260e-02   3.6989181e-03   1.6782444e-03
  -1.5426968e-01   4.1947182e-01  -1.4421668e+00  -1.4104510e-02   5.8272354e-03   1.4816578e-03
  -1.1421557e-01   4.0093769e-01  -1.4642818e+00  -1.3263184e-02   5.0219511e-03   8.6629926e-04
  -1.0032722e-01   3.7748749e-01  -1.5679819e+00  -1.3657610e-02   4.8668954e-03   6.5350455e-04
  -8.6202484e-02   3.4024801e-01  -1.5675034e+00  -1.4035100e-02   5.0972217e-03   9.1799105e-04
  -8.0824020e-02   3.2864074e-01  -1.6547864e+00  -1.3435610e-02   5.0223682e-03   6.9463814e-04
  -7.9022980e-02   3.3177198e-01  -1.6568711e+00  -1.3399841e-02   4.7242404e-03   6.9267101e-04
  -7.3165642e-02   3.2533449e-01  -1.7162487e+00  -1.4291693e-02   4.6052094e-03   9.7230775e-04
  -1.0173542e-01   3.5074466e-01  -2.2729036e+00  -1.8671072e-02   3.0777652e-03   2.3714023e-03
  -7.0232259e-02   3.6075640e-01  -2.2292870e+00  -1.8577448e-02   2.3281952e-03   1.8596048e-03
  -7.3539536e-02   3.5535183e-01  -2.2406714e+00  -1.8775950e-02   2.3589507e-03   1.6943597e-03
  -4.5801680e-02   2.8412411e-01  -2.1859555e+00  -2.2708567e-02   2.0890755e-04   1.4746019e-03
  -6.7512831e-02   2.6979717e-01  -1.1485510e+00  -6.6505577e-03   1.3537217e-04   2.6380572e-03
  -1.1645415e-01   3.0485001e-01  -1.4821874e+00  -1.1746549e-02   2.8093978e-03   2.5694234e-03
  -7.7985019e-02   2.3983412e-01  -1.5270239e+00  -8.7321521e-03   1.6550905e-03   2.1937654e-03
  -7.5420731e-03   2.5899087e-01  -1.6364165e+00  -8.4075867e-03   7.4356473e-04   1.9009932e-03
   9.4128132e-03   2.2530272e-01  -1.8958939e+00  -1.1619264e-02   2.5635015e-03   9.6880561e-04
   1.1356565e-02   1.8839295e-01  -2.0087253e+00  -6.9727232e-03   1.1437029e-03   1.1957710e-03
  -6.0811727e-03   2.1360952e-01  -2.2608716e+00  -1.3232341e-02   3.3976128e-03   1.4848809e-03
  -1.7425092e-02   2.0422326e-01  -2.1593183e+00  -1.2764377e-02   4.1724738e-03   1.2480319e-03
  -2.8712608e-02   2.3602135e-01  -2.2207237e+00  -1.3948488e-02   4.7476637e-03   1.3516411e-03
  -6.1800399e-02   1.6088427e-01  -2.3013006e+00  -1.1631525e-02   3.3375065e-03   2.1771411e-03
  -1.2245600e-02   3.5046432e-01  -2.4648814e+00  -2.5891923e-02   5.1628582e-03   8.7691501e-04
  -1.0385104e-01   2.2910374e-01  -1.5743900e+00  -9.9303390e-03  -3.4066352e-04   3.3685747e-03
  -9.8210276e-02   2.9875981e-01  -1.8678291e+00  -1.2914470e-02   3.4444489e-03   1.3669509e-03
  -9.9974508e-02   2.2384864e-01  -1.7995710e+00  -6.2614326e-03   3.3873464e-03   1.8140178e-03
  -6.0228650e-02   2.2703271e-01  -2.0714494e+00  -1.1487786e-02   3.6666698e-03   2.2424130e-03
  -5.5080839e-02   1.9089316e-01  -2.0298936e+00  -9.6593615e-03   5.5305650e-03   2.5003934e-03
  -4.3014934e-02   2.2022368e-01  -2.0509612e+00  -1.1625570e-02   4.9008283e-03   1.9011402e-03
  -6.0372578e-02   2.3199864e-01  -2.0338132e+00  -1.2637719e-02   4.2019693e-03   2.4410953e-03
  -4.1867028e-02   2.3418859e-01  -2.0595131e+00  -1.1759250e-02   3.8811137e-03   1.5026493e-03
  -4.0910136e-02   1.8080936e-01  -2.1291726e+00  -1.3204124e-02   4.0423979e-03   1.2321192e-03
   7.4268897e-03   2.2451062e-01  -2.1225900e+00  -1.9360420e-02   2.6926959e-03   1.1750876e-03
   1.5719450e-02   2.2115043e-01  -1.7296312e+00  -6.1049607e-03   1.2903826e-03   2.1198233e-03
  -9.1666834e-02   2.9766716e-01  -2.2728900e+00  -1.6399266e-02   7.4221357e-03   2.8032928e-03
  -1.2955297e-01   2.1071317e-01  -2.2417613e+00  -1.1845732e-02   5.7290442e-03   3.3053886e-03
  -7.9526555e-02   2.9088559e-01  -2.4013299e+00  -1.6481881e-02   4.9646602e-03   2.6050393e-03
  -8.2510661e-02   2.4994046e-01  -2.3451493e+00  -1.6550783e-02   4.3026840e-03   2.5931228e-03
  -5.5772207e-02   2.2157674e-01  -2.2696265e+00  -1.6433225e-02   3.7929833e-03   1.9863033e-03
  -8.4232986e-02   2.1218000e-01  -2.3666432e+00  -1.4575994e-02   2.9078043e-03   3.1766731e-03
  -5.7732933e-02   2.3515714e-01  -2.4880012e+00  -1.6385919e-02   3.9834490e-03   2.6369319e-03
  -1.3482847e-01   2.0465967e-01  -2.8818928e+00  -1.8219771e-02   7.2405854e-03   4.2162797e-03
  -5.1631555e-02   2.0560570e-01  -3.0502076e+00  -2.1724062e-02   6.2130478e-03   2.0433986e-03
   1.7076243e-02   2.4109028e-01  -2.9919883e+00  -1.6715333e-02   8.8283501e-04   1.8283944e-03
  -1.2150884e-02   2.7826945e-01  -3.0854871e+00  -2.0834225e-02   2.7127866e-03   1.8704715e-03
  -5.6112124e-02   4.0909694e-01  -3.1392504e+00  -3.0430427e-02   3.9178197e-03   3.2979023e-03
  -1.3899544e-01   3.1496868e-01  -2.1111106e+00  -1.5361099e-02   1.9479220e-03   3.7240483e-03
  -3.8260085e-02   3.4326254e-01  -2.1848390e+00  -1.0057959e-02   2.8400344e-03   2.6433152e-03
  -3.8256209e-02   3.4443350e-01  -2.4094583e+00  -1.6650247e-02   1.7542669e-03   2.6715426e-03
  -4.8370029e-02   3.1949684e-01  -2.4360088e+00  -1.7555207e-02   8.6616019e-04   3.0231871e-03
  -6.4289508e-02   2.8199113e-01  -2.6283474e+00  -1.4841201e-02  -2.3186884e-04   3.2233093e-03
  -2.7513482e-02   3.4877158e-01  -2.9397664e+00  -2.0271028e-02   2.2358857e-03   1.8069477e-03
  -3.9054667e-02   2.9572360e-01  -2.8822914e+00  -2.0964879e-02   2.5621343e-03   1.7533451e-03
  -4.4649307e-02   1.9338444e-01  -2.5830229e+00  -8.6676045e-03   4.3018191e-03   2.0547320e-03
  -4.4658307e-02   3.1471485e-01  -3.0668955e+00  -2.1428404e-02   3.2355290e-03   1.6755303e-03
  -5.3038425e-02   3.5730685e-01  -3.0653679e+00  -2.2721072e-02   3.6432754e-03   1.5561939e-03
  -2.5795453e-02   3.7731547e-01  -3.1558023e+00  -2.6544944e-02   3.0851551e-03   1.1986739e-03
  -7.9280990e-02   3.7974353e-01  -2.5265976e+00  -2.0663446e-02  -2.6503465e-03   2.1588338e-03
  -9.4394314e-02   3.8807050e-01  -2.2819764e+00  -1.5622797e-02   1.2865139e-03   2.3530665e-03
   2.3613833e-02   2.1525550e-01  -1.9264343e+00  -8.5027629e-03  -5.0824554e-03   1.8666275e-03
   2.4120014e-02   2.4618456e-01  -1.9430019e+00  -1.0937594e-02  -2.8990273e-03   1.6961455e-03
  -9.6271144e-03   2.6465749e-01  -2.0234039e+00  -7.0894108e-03  -2.0805273e-03   2.8704962e-03
  -3.6536534e-02   3.6639169e-01  -2.6547790e+00  -1.8428585e-02   1.1313784e-03   1.6008765e-03
  -3.1968974e-02   2.4828985e-01  -2.3831266e+00  -1.4497217e-02   2.5124056e-03   1.2084815e-03
  -2.1169237e-02   2.7613546e-01  -2.4190954e+00  -1.5020169e-02   2.7767171e-03   1.0396850e-03
  -6.7984944e-02   2.0230975e-01  -2.2988454e+00  -9.5874975e-03   5.1281480e-03   2.2226230e-03
  -1.0829819e-01   2.4138394e-01  -2.2537271e+00  -1.1220473e-02   6.6423706e-03   2.7984853e-03
  -5.9433634e-02   2.9235071e-01  -2.6473954e+00  -1.8130090e-02   6.5328980e-03   1.6219818e-03
  -1.3807033e-01   3.6467515e-01  -2.4809073e+00  -2.1266385e-02   2.5951098e-03   2.2409976e-03
  -1.0931310e-01   3.5210390e-01  -2.2587511e+00  -1.6034200e-02   1.1606482e-03   4.1904954e-03
  -1.3779197e-01   3.8358156e-01  -2.2837056e+00  -1.1408386e-02   4.8571835e-03   3.5301935e-03
  -1.3421520e-01   3.7711998e-01  -2.4217827e+00  -1.7065292e-02   4.6343924e-03   3.4661688e-03
  -1.2182021e-01   3.5782248e-01  -2.4309106e+00  -1.7693807e-02   3.7174986e-03   3.2559245e-03
  -1.4267634e-01   3.0336979e-01  -2.4216918e+00  -1.3234232e-02   5.4328045e-03   4.1654710e-03
  -9.9098878e-02   3.5264621e-01  -2.6139746e+00  -1.9391837e-02   5.1129990e-03   3.2751389e-03
  -4.5151917e-02   1.4762957e-01  -2.5167221e+00  -7.7208144e-03   3.6275736e-03   2.7527605e-03
  -4.4461895e-02   3.0559973e-01  -3.0418087e+00  -1.9471897e-02   4.0198909e-03   2.1541627e-03
  -5.2279266e-02   2.8356058e-01  -2.9918974e+00  -1.9805454e-02   3.9919066e-03   2.0975649e-03
  -3.5835805e-02   1.8188185e-01  -2.5143374e+00  -1.0263145e-02   3.1723537e-03   2.3426824e-03
  -6.4224770e-02   1.9984894e-01  -2.7251372e+00  -1.4573179e-02   6.0896906e-03   3.0538086e-03
  -9.4286756e-02   3.4054814e-01  -2.8178378e+00  -2.8596531e-02   6.0056683e-03   1.8979918e-03
  -1.1894283e-01   3.4280235e-01  -1.9991237e+00  -1.1339403e-02   2.7895008e-03   2.7529212e-03
  -7.2859867e-02   3.6495177e-01  -2.2353107e+00  -1.2352713e-02   1.7685622e-03   2.2659474e-03
  -8.5930180e-02   4.1762807e-01  -2.4253403e+00  -1.7014305e-02   1.6815433e-03   2.3756354e-03
  -7.2917572e-02   3.7445552e-01  -2.3914882e+00  -1.7751650e-02  -1.9731797e-04   5.4468241e-03
  -9.9464489e-02   3.6606840e-01  -2.7161607e+00  -1.4913492e-02   6.7575771e-03   3.8347902e-03
  -1.2328358e-01   2.8304905e-01  -2.5568602e+00  -1.5804601e-02   6.4027895e-03   4.2457976e-03
  -1.1571146e-01   3.9343238e-01  -2.6202011e+00  -1.6883489e-02   4.4909778e-03   5.0780770e-03
  -7.2980869e-02   2.9409171e-01  -2.5737455e+00  -1.5015796e-02   3.3233055e-03   3.6847717e-03
  -1.2438131e-01   3.1609821e-01  -2.5407790e+00  -1.4664510e-02   4.3372588e-03   4.3406776e-03
  -8.9626721e-02   3.4275325e-01  -2.6070709e+00  -1.7192211e-02   3.5174544e-03   3.8070293e-03
  -7.9343026e-02   3.4137397e-01  -2.6403030e+00  -1.7292936e-02   2.7046012e-03   3.8137020e-03
  -7.1354974e-02   4.6880451e-01  -2.5456952e+00  -3.1989277e-02   1.6844724e-03   2.7477797e-03
  -1.3234700e-01   4.1795695e-01  -1.4507849e+00  -8.8706761e-03   1.6684797e-03   3.8443285e-03
  -1.3182246e-01   4.5482698e-01  -1.6510027e+00  -9.5979640e-03   2.9230184e-03   3.8443228e-03
  -1.2329818e-01   4.5285812e-01  -1.7624638e+00  -1.1152032e-02   2.3946526e-03   4.0827117e-03
  -8.0112184e-02   3.6289926e-01  -1.6211640e+00  -8.3799723e-03   2.3041971e-03   3.7878096e-03
  -6.3569902e-02   3.6471286e-01  -1.6945741e+00  -9.0369360e-03   9.9886110e-04   3.5791747e-03
  -7.0840588e-02   3.5574699e-01  -1.7650891e+00  -9.3545707e-03   1.5619993e-03   3.3546463e-03
  -7.6038132e-02   3.8652330e-01  -1.7878659e+00  -6.9897382e-03   3.9810714e-03   3.5706615e-03
  -1.1190569e-01   4.4568048e-01  -2.6820844e+00  -2.0668851e-02   3.7348045e-03   3.8972967e-03
  -1.1327315e-01   4.1142442e-01  -2.6077731e+00  -2.1003339e-02   4.6252484e-03   3.3478449e-03
  -2.1929890e-01   2.9616776e-01  -2.4274876e+00  -1.5544205e-02   5.6345068e-03   5.9657724e-03
  -1.2802847e-01   3.5896184e-01  -2.5146682e+00  -1.8002647e-02   2.9630079e-03   4.8609374e-03
  -8.6357453e-02   2.8835540e-01  -2.4072578e+00  -1.3999085e-02   3.7812761e-03   4.3682994e-03
  -1.1402378e-01   2.9699557e-01  -2.5111596e+00  -1.5624345e-02   6.5957460e-05   4.5411209e-03
  -1.0911512e-01   2.6920176e-01  -2.6334732e+00  -1.7838930e-02   3.5343496e-04   4.1133021e-03
  -6.8621468e-02   2.7457483e-01  -2.6293952e+00  -1.0499871e-02   4.7729642e-03   3.0906302e-03
  -8.5424873e-02   3.6529340e-01  -3.3292692e+00  -2.4193945e-02   5.1019707e-03   3.3214379e-03
  -3.7926025e-02   2.6864194e-01  -2.6803081e+00  -1.9080220e-02   5.9949952e-03   2.2454728e-03
  -5.3800112e-02   4.2662372e-01  -3.3087610e+00  -3.0527141e-02  -1.6883691e-03   3.2637469e-03
   1.0860745e-01   2.5381584e-01  -2.2893436e+00  -1.2075676e-02   4.8741973e-03   2.9051312e-03
  -1.1933661e-01   1.9617458e-01  -2.5758211e+00  -1.5548297e-02   5.5279459e-03   4.6714802e-03
   9.9681716e-03   1.6806360e-01  -2.7236412e+00  -1.3389290e-02   2.2650716e-03   2.7890121e-03
   7.0578610e-02   1.9994790e-01  -2.6717178e+00  -1.5404258e-02   2.2200661e-03   1.4738921e-03
   7.2436358e-02   1.8311649e-01  -2.7490686e+00  -1.6084051e-02   1.7424764e-03   1.0653961e-03
  -2.5694993e-03   2.6745772e-01  -2.8269660e+00  -2.6505108e-02   1.7105279e-03   1.8705150e-03
  -2.5295001e-03   2.5505604e-01  -2.3697956e+00  -1.7870139e-02  -1.0729812e-03   2.7522288e-03
  -2.6580504e-02   1.2494156e-01  -1.4525791e+00  -9.1810728e-03   2.0850591e-03   3.9590300e-03
  -1.8815983e-01   3.1748066e-01  -2.0447342e+00  -1.2628221e-02   3.2399181e-03   6.3030862e-03
  -6.6348838e-02   2.3166838e-01  -2.0975498e+00  -1.2992185e-02   3.0544867e-03   3.9965209e-03
  -5.5432774e-02   1.3161625e-01  -1.9442114e+00  -9.6184386e-03   2.3986904e-03   3.2581678e-03
  -4.8353301e-02   1.9136413e-01  -1.8587009e+00  -8.7879835e-03   1.1853178e-03   3.3746852e-03
  -3.8080415e-02   1.9143868e-01  -1.8819094e+00  -9.6077166e-03   9.3370025e-04   3.1135770e-03
  -4.0928742e-02   1.3956942e-01  -1.8018572e+00  -8.3286038e-03   5.4899104e-04   3.1070695e-03
  -1.8631309e-02   2.1717548e-01  -1.6851498e+00  -7.8134426e-03  -3.6976644e-03   3.9919850e-03
   1.4739387e-03   1.9508985e-01  -1.6788015e+00  -6.0781361e-03  -4.9014741e-03   3.9568165e-03
  -4.5974380e-02   2.5365615e-01  -1.6213871e+00  -1.4323112e-02  -3.2998699e-03   3.0876581e-03
  -1.0125945e-01   2.3910648e-01  -1.0249795e+00  -3.2362788e-03  -9.6157159e-04   4.5798906e-03
  -1.9515662e-01   2.4707583e-01  -9.0184889e-01  -1.9952913e-03   2.8306204e-03   6.9875136e-03
  -3.7092881e-02   2.8756873e-01  -1.6856175e+00  -6.1413285e-03  -5.0065943e-04   3.9203580e-03
  -2.7773181e-02   2.8926790e-01  -1.7234063e+00  -1.0938224e-02  -1.8285402e-03   5.0547007e-03
  -3.9911833e-02   2.5776953e-01  -1.5911613e+00  -7.5301375e-03  -1.3727198e-03   5.2087094e-03
  -3.8158480e-02   2.7056202e-01  -1.5869976e+00  -8.5387256e-03  -1.3806498e-03   4.9063385e-03
  -4.1156140e-02   2.7265373e-01  -1.5819683e+00  -8.3255467e-03  -1.5180212e-03   4.9800020e-03
  -3.9992735e-02   2.2138274e-01  -1.5719545e+00  -6.5788385e-03   2.1091982e-04   4.7721334e-03
  -2.8892261e-03   1.6192520e-01  -1.2776382e+00   3.4187912e-04  -2.3947711e-03   3.7555250e-03
  -2.8166599e-02   1.0117614e-01  -9.7706009e-01   3.6999609e-03  -2.8818301e-03   3.5034256e-03
  -7.6933533e-02   1.1123746e-01  -8.3633440e-01   1.0026120e-04  -3.0312960e-03   5.0760071e-03
  -4.5182622e-02   1.6055176e-01  -1.4276112e+00  -1.0261063e-02  -6.6052996e-05   1.9445372e-03
  -2.7281548e-02   1.6821125e-01  -6.5194862e-01   4.4094449e-03  -2.0153403e-03   2.0840929e-03
  -5.3686933e-02   7.2686119e-02  -4.6743002e-01   1.2164001e-02  -4.6317930e-03   2.0751757e-03
  -1.7143121e-02  -3.9644107e-02  -5.5165911e-01   1.1268146e-02  -6.1295680e-03   2.0237878e-03
  -1.3284269e-02  -3.2116388e-02  -4.1793868e-01   1.3897402e-02  -7.3890276e-03   2.0587961e-03
  -1.3405060e-02  -7.8205052e-02  -4.9827335e-01   1.1328733e-02  -4.6095985e-03   1.9066131e-03
   2.3378707e-02  -1.5898938e-02  -9.5725477e-01   6.2019242e-03  -2.9394623e-03   4.7968718e-04
   4.1198083e-02   4.5459442e-02  -1.1033204e+00   2.8607368e-03  -2.8894967e-03   5.7639294e-04
   1.9680850e-02   8.1681294e-02  -1.1209447e+00   1.7150783e-03  -2.7288702e-03   8.4807758e-04
   1.6633731e-02  -1.5809988e-02  -1.0895189e+00   3.5831666e-03  -3.0472747e-03   3.3464375e-04
   2.6392917e-02  -5.2175461e-02  -9.4544706e-01   8.0234338e-03  -5.2423641e-03   5.9350709e-04
   1.0971978e-02   1.2015523e-02  -6.5387765e-01   6.5550712e-03  -5.7083958e-03   1.4347385e-03
   2.8334649e-02   1.3115308e-01  -1.1638167e+00  -4.9760156e-03  -4.4499104e-03   5.6258598e-04
  -2.0191544e-02  -6.1255142e-02  -6.9352948e-01   7.4332310e-03  -8.6674386e-03   2.4093365e-03
  -8.5788567e-02   9.0941485e-02  -9.8511925e-02   1.0055829e-02  -7.5502632e-03   1.7900139e-03
  -9.1449518e-02   8.3320685e-03   2.2394234e-01   1.9659777e-02  -9.0912260e-03   2.8940302e-03
  -6.6070908e-02  -1.6581376e-01   1.0651051e-01   1.5678962e-02  -9.2436624e-03   2.8936003e-03
   9.6952195e-03  -1.1467735e-01  -7.7184237e-01   1.1596241e-02  -7.3153007e-03   3.3778743e-03
  -3.1385717e-02  -2.5613070e-03  -8.5654857e-01   1.1104426e-02  -8.6688053e-03   3.7869973e-03
  -7.0548346e-02  -2.1606151e-02  -7.8334508e-01   1.1760167e-02  -6.6334764e-03   3.9703640e-03
  -8.3149530e-02  -8.9428884e-02  -7.4878498e-01   1.1309423e-02  -6.3846490e-03   3.2915738e-03
  -1.2262702e-01  -2.9946866e-02  -3.5354723e-01   1.3454037e-02  -7.3756644e-03   2.5947270e-03
  -1.0595812e-01   7.5809917e-02  -2.6684161e-01   1.2028224e-02  -7.7641712e-03   2.0029646e-03
  -1.2924336e-01   7.3186003e-02   4.5578019e-03   1.3563523e-02  -9.7559677e-03   3.5425162e-03
  -7.5290881e-02  -5.9006766e-02  -7.5846672e-01   1.1004566e-02  -8.5910458e-03   3.5403498e-03
  -1.4750009e-01   1.1790538e-01  -8.0776431e-01   9.5594546e-03  -5.0116454e-03   4.2668781e-03
  -1.5318833e-01   3.5731478e-02  -9.1366907e-01   9.3456212e-03  -4.9984279e-03   5.2817883e-03
  -1.5131012e-01   5.2912269e-02  -6.0495029e-01   1.4641806e-02  -9.2552684e-03   4.9443821e-03
  -7.5223821e-02   7.0495357e-02  -1.1089722e+00   7.1029367e-03  -8.4092632e-03   4.2233034e-03
  -6.2576911e-02   2.2315150e-02  -1.0323745e+00   5.2653096e-03  -8.9957454e-03   3.0829591e-03
  -8.5997972e-02  -2.3028361e-02  -1.0309890e+00   1.2026277e-02  -1.1429573e-02   4.3827414e-03
  -5.6945267e-02   6.0357824e-02  -1.0410936e+00   9.4137303e-03  -1.2614142e-02   4.1805097e-03
  -6.8045949e-02  -1.2747467e-02  -1.0345327e+00   1.0646742e-02  -7.6807583e-03   2.2492570e-03
  -1.0426279e-01   2.0557337e-01  -7.1256942e-01   6.6015381e-03  -9.6474267e-03   2.1504481e-03
  -1.3639151e-01  -3.7659728e-02  -6.1481116e-01   1.4269918e-02  -9.3093578e-03   3.6018027e-03
  -3.5714498e-02  -9.7322110e-02  -1.4494230e+00   5.4079280e-03  -6.2751403e-03   2.5800416e-03
  -4.0270779e-02  -2.2570948e-02  -1.2026064e+00   9.1605011e-03  -7.1763005e-03   1.8348235e-03
  -1.8459563e-02  -3.7720371e-02  -1.4433870e+00   4.4017377e-03  -7.1495543e-03   2.6650063e-03
   7.2839518e-03  -2.3129029e-02  -1.6332365e+00   1.5651886e-03  -5.9889177e-03   1.6015327e-03
   8.0734513e-03   1.3031374e-02  -1.5323605e+00   1.3250990e-03  -6.3962498e-03   2.6915146e-03
   2.7083472e-02   6.5377203e-02  -2.1300631e+00  -2.7442898e-03  -3.6386207e-03   2.6894540e-03
  -2.5495754e-02   1.6472598e-01  -2.1809823e+00  -3.6428336e-03   4.6924022e-04   2.9595952e-03
  -3.0294609e-02   4.3800241e-02  -2.0162789e+00  -3.7976329e-03  -8.7229544e-04   2.9755860e-03
  -3.5213269e-02   1.3879043e-01  -2.0262394e+00  -3.6331583e-03  -5.5285417e-04   3.0699646e-03
  -3.3215579e-02   1.6493679e-01  -2.0098029e+00  -4.6336874e-03  -7.8021974e-04   2.9756427e-03
  -4.7051308e-02   1.7885317e-01  -2.0996868e+00  -2.4345966e-03  -1.8318213e-03   3.6180706e-03
  -1.2029666e-02   1.6357589e-01  -2.2003312e+00  -6.0571347e-03  -2.8011529e-03   3.1244989e-03
  -7.3197827e-02   1.9609310e-01  -2.2276611e+00  -1.3591463e-02  -1.4090221e-03   1.2632282e-03
  -6.7787818e-02   2.5099104e-01  -1.7270629e+00  -5.0157328e-03  -9.3802050e-04   2.4546349e-03
   6.9585439e-02   1.4944594e-01  -1.8796390e+00  -2.4558935e-03  -6.8933170e-03   1.3167277e-03
   4.5238824e-02   2.1577805e-01  -2.1491505e+00  -3.4457642e-03  -5.6653395e-04   6.8598851e-04
   2.3547604e-02   1.2737362e-01  -2.0350926e+00  -7.6957303e-04  -1.0487835e-03   2.9316333e-03
  -2.8654920e-02   1.5938216e-01  -2.6134678e+00  -2.3187208e-03   4.7429094e-03   2.5735930e-03
   1.4378626e-02   2.8471510e-01  -2.9195546e+00  -1.2487236e-02   2.5296345e-04   1.6631704e-03
   2.3995337e-02   2.0391366e-01  -2.7416280e+00  -1.1808468e-02   1.2565711e-03   1.6676475e-03
   1.1909222e-01   1.1351355e-01  -2.0353426e+00   1.2587692e-03  -4.7308793e-03  -4.3101259e-04
   9.9456943e-02   1.0908649e-01  -2.2262867e+00  -4.5967339e-03  -2.7251394e-03   1.9799871e-04
   1.2383853e-01   1.2079853e-01  -2.3337343e+00  -6.1794515e-03  -5.1718283e-03  -5.9821629e-04
   1.2055886e-01   9.8259504e-02  -2.2690572e+00  -4.8520793e-03  -4.7375627e-03  -5.5783616e-04
   1.1952821e-01   1.1599651e-01  -2.2896849e+00  -5.3845964e-03  -4.7842304e-03  -7.6492085e-04
  -1.3803879e-02   1.5528996e-01  -3.1106179e+00  -1.5825311e-02  -6.6584866e-04   2.7045777e-03
   3.1540630e-02   1.5924977e-01  -2.7079180e+00  -1.2488189e-02   1.7884409e-03   1.4211247e-03
   5.7501333e-02   1.5897157e-01  -2.6194389e+00  -1.0931323e-02   1.3984151e-03   1.1763373e-03
   6.9201193e-02   2.4595613e-02  -2.2826436e+00   2.8959792e-03  -5.7869288e-04   1.0273230e-03
   1.3547583e-01   1.5947929e-01  -2.8026824e+00  -9.0494188e-03   4.6487308e-04  -5.7078832e-04
   1.0236139e-01   9.2915796e-02  -2.7418738e+00  -8.6071030e-03   6.5061460e-04  -7.6466022e-05
   8.9751862e-02   1.6168048e-01  -2.8509978e+00  -9.0616175e-03  -3.4182720e-05  -4.1484510e-04
   1.0911129e-01   1.4921340e-01  -2.7269228e+00  -1.0035910e-02  -6.1366418e-04  -4.8522478e-04
   9.9675400e-02   1.1154907e-01  -2.6959347e+00  -1.0499257e-02  -5.5358198e-04  -2.7957901e-04
   1.0556332e-01   1.2732892e-01  -2.7360830e+00  -1.1669322e-02  -2.4827526e-04   2.4244152e-04
   1.0080213e-01   1.3652347e-01  -2.6576535e+00  -9.0623192e-03  -1.0139286e-03  -8.4907413e-05
   1.0224624e-01   1.5728986e-01  -2.6572433e+00  -9.4606093e-03  -1.0173164e-03  -1.3015525e-04
   1.0275708e-01   1.3314942e-01  -2.6632338e+00  -9.7631034e-03  -1.0274274e-03  -3.2719089e-04
   9.6067559e-02   1.3378296e-01  -2.6566481e+00  -9.2215240e-03  -1.2096964e-03  -6.6665013e-05
   9.3858023e-02   1.5894316e-01  -2.7158284e+00  -1.1771367e-02  -1.7786220e-03   5.2423003e-04
   7.0859296e-02   1.2057834e-01  -2.5986286e+00  -7.4174364e-03   8.5742099e-04  -7.4889682e-05
   5.4287074e-02   1.1554272e-01  -2.6054878e+00  -8.4671621e-03   2.2266544e-03  -4.8736709e-04
   4.0325399e-02   1.8246062e-01  -2.6232482e+00  -8.7675416e-03   2.0863965e-03   4.3246188e-04
   4.6900077e-02   1.4692325e-01  -2.4589955e+00  -7.8838445e-03   1.8664153e-03   5.7098275e-04
   7.6050519e-02   3.9196061e-02  -2.4210167e+00  -6.6801598e-03   6.0705547e-04   8.8235068e-05
   7.0314777e-02   9.3431712e-02  -2.3875429e+00  -6.4343698e-03  -1.9554818e-04   1.7286149e-04
   2.1673371e-02   8.5297271e-02  -2.0737994e+00  -1.7868089e-03  -2.3233644e-04   1.9735241e-03
   1.0122605e-01   4.3973550e-02  -2.1748056e+00  -3.7228327e-03   7.5780094e-04   5.1025306e-04
   9.3164944e-02   4.8207371e-02  -2.2138759e+00  -5.1160366e-03   1.0414883e-03   2.5782177e-04
   9.1821339e-02   8.3314760e-02  -2.2820420e+00  -5.6398020e-03   1.0269703e-03   2.0619477e-04
   8.8147924e-02   1.0011549e-01  -2.2986273e+00  -6.1415165e-03   1.6858752e-03   1.7927437e-04
   8.7915376e-02   8.6603719e-02  -2.2913555e+00  -6.0369562e-03   1.0336215e-03   1.8566123e-04
   7.0573650e-02   9.0624067e-02  -2.3294119e+00  -7.2209937e-03   6.7522577e-04   7.5215172e-04
   8.5359378e-02   6.3246925e-02  -2.6723165e+00  -5.8069861e-03  -2.2874448e-04   1.9010718e-03
   4.2504021e-02   2.1474160e-01  -2.8287637e+00  -1.3302347e-02   2.8136433e-03   2.0500285e-03
   3.3015069e-02   1.9711681e-01  -2.7822669e+00  -1.2803966e-02   3.2767868e-03   2.1881214e-03
   8.4432718e-02   2.0084669e-01  -3.2888261e+00  -2.4915163e-02   2.0562901e-03   1.0442278e-03
  -4.1425417e-03   2.2695777e-01  -1.6730960e+00  -2.4284081e-03   3.0478813e-03   3.5241895e-03
  -3.2069749e-02   2.2138215e-01  -1.8364667e+00  -8.9940073e-03   1.7969080e-03   2.0291350e-03
   1.0430595e-01   2.1314193e-01  -1.6325112e+00  -4.0092135e-03   2.1437741e-03  -2.0500111e-04
   1.1802834e-01   1.9063795e-01  -1.6460802e+00  -4.2042267e-03   1.4505409e-03  -6.8079060e-04
   1.1349764e-01   1.7574087e-01  -1.7226791e+00  -5.1617903e-03   1.2782634e-03  -3.8503120e-04
   1.0211281e-01   1.8290678e-01  -1.7935953e+00  -7.5729073e-03   6.3463288e-04  -1.0107470e-04
   1.0591005e-01   2.1661404e-01  -1.8124010e+00  -6.3304085e-03   8.7852715e-04  -3.6895136e-04
   1.1409321e-01   3.0012319e-01  -1.8971756e+00  -5.8210330e-03  -1.4711260e-03   2.6469887e-03
   7.9401208e-02   1.8940285e-01  -2.6854308e+00  -1.4083098e-02   4.1824458e-03   1.5752284e-03
   1.0883062e-01   2.9853224e-01  -2.9007626e+00  -1.9679661e-02   3.5976697e-03   2.5097409e-04
   1.1520003e-01   3.0267070e-01  -2.9495845e+00  -2.1238587e-02   3.1095697e-03   1.9937988e-05
   1.0434101e-01   2.7662877e-01  -3.0022670e+00  -2.2311292e-02   3.2215503e-03   7.0840248e-05
   1.4829308e-02   3.6930785e-01  -2.8795757e+00  -2.5762792e-02   1.2060884e-03   1.0911708e-03
   5.7732935e-02   3.4363299e-01  -2.5109654e+00  -1.8873594e-02   3.5554611e-03   1.7593122e-04
   8.3252835e-02   2.4467368e-01  -2.4833300e+00  -1.4008507e-02   2.9804234e-03   3.6426245e-04
   8.8266082e-02   2.7079554e-01  -2.5625886e+00  -1.7420913e-02   3.4706985e-03   3.3639829e-04
   8.0434766e-02   2.3659196e-01  -2.6039003e+00  -1.5440068e-02   2.0521924e-03   4.5618322e-04
   1.0386751e-01   2.5659552e-01  -2.5268418e+00  -1.4649065e-02   1.9521008e-03   5.4570804e-04
   8.5965008e-02   2.1230107e-01  -2.5595570e+00  -1.5229196e-02   1.6370173e-03   4.2931437e-04
   9.0068200e-02   2.7677850e-01  -2.5110244e+00  -1.6517360e-02   1.0509360e-03   1.6887327e-03
   1.1899811e-01   1.8360287e-01  -2.5398361e+00  -9.6176906e-03   3.4086529e-04   1.2618753e-04
   1.2135975e-01   1.9792701e-01  -2.6159152e+00  -1.1880277e-02   1.7161619e-03   2.0240493e-04
   9.6315820e-02   2.1022589e-01  -2.6322136e+00  -1.2803568e-02   1.0865849e-03   1.5353226e-04
   3.1455181e-02   2.8680041e-01  -2.5389431e+00  -1.5675147e-02  -1.4526731e-03   1.5308062e-03
   5.7468986e-02   3.7350271e-01  -2.7612532e+00  -1.9176244e-02  -1.4599380e-03   3.3387256e-04
   6.1384861e-02   3.0384391e-01  -2.7443234e+00  -1.9012796e-02  -6.6367750e-04   8.6318556e-04
   3.5186169e-02   3.4642366e-01  -2.7217529e+00  -1.9082640e-02   3.2111401e-04   9.9006838e-04
   5.7101354e-03   3.5073051e-01  -2.7883942e+00  -1.9402923e-02  -5.1880379e-04   1.8385433e-03
   2.5441015e-02   3.6794214e-01  -2.8167132e+00  -1.9890812e-02  -1.5227517e-04   1.5623075e-03
   3.1551641e-02   3.1490322e-01  -2.8207916e+00  -2.1140783e-02   1.7392942e-03   8.2040716e-04
   2.4351697e-02   3.0377170e-01  -2.8203619e+00  -1.9273234e-02   1.1670790e-03   7.6953810e-04
  -1.1944173e-02   4.0597334e-01  -3.9826917e+00  -2.8300641e-02   5.3227863e-03   4.0410395e-04
  -6.7818196e-03   4.8071468e-01  -3.6584601e+00  -2.6906476e-02   7.8527090e-03   2.9007510e-04
  -1.7046934e-02   4.1045708e-01  -3.4121612e+00  -2.4858773e-02   8.8599234e-03  -7.2396186e-04
  -1.0737929e-03   4.4818082e-01  -3.4078273e+00  -2.5587549e-02   8.1286438e-03  -1.0698604e-03
   2.1227380e-02   3.6306170e-01  -3.4749584e+00  -2.4703812e-02   6.8892290e-03  -1.1555695e-03
   8.1461293e-03   3.8865502e-01  -3.3154894e+00  -2.2643376e-02   5.3666804e-03  -8.2495370e-04
   3.7556623e-02   3.2967599e-01  -3.2537763e+00  -2.1105892e-02   5.5320228e-03  -1.0438338e-03
  -5.1610309e-04   3.9355455e-01  -3.2665690e+00  -2.1656258e-02   5.8345315e-03  -7.5952788e-04
   1.0610062e-03   3.6783708e-01  -3.2757283e+00  -2.1979349e-02   5.7181050e-03  -9.2145074e-04
  -2.8327881e-02   3.1528225e-01  -3.3176694e+00  -2.0971860e-02   5.5098656e-03   6.1762603e-04
   3.5351832e-03   3.3819967e-01  -3.3073357e+00  -2.1751004e-02   5.4723056e-03   1.9184980e-04
   3.0078592e-02   2.8865926e-01  -3.3267158e+00  -2.1587321e-02   4.5127495e-03   6.7084320e-04
   1.0821115e-02   3.6084283e-01  -3.3923363e+00  -2.1722679e-02   6.4961307e-03   1.4515073e-04
  -2.3506101e-03   3.3214752e-01  -3.3486432e+00  -2.1698861e-02   6.2029620e-03   1.1747958e-04
   3.9564486e-03   3.5816986e-01  -3.3575138e+00  -2.2208874e-02   5.4040435e-03  -1.1294213e-05
  -3.3913809e-02   3.7922605e-01  -2.9299730e+00  -1.9990165e-02   6.6839208e-05   6.1577715e-04
  -4.6493991e-02   3.8022311e-01  -2.9976622e+00  -2.1756711e-02   3.3187625e-03   7.4718392e-04
  -1.6844143e-02   3.3617374e-01  -2.7864148e+00  -1.5238022e-02   2.5529218e-03   1.0747428e-03
   3.5768466e-02   3.3627230e-01  -2.7720553e+00  -1.5508423e-02   1.6244505e-03   3.4157506e-04
   3.3076513e-02   2.8939230e-01  -2.7262147e+00  -1.5120602e-02   1.2387555e-03   2.1440162e-04
   2.0159334e-02   3.2664043e-01  -2.7227257e+00  -1.5728921e-02   1.2122640e-03   2.5217698e-04
   9.2881957e-03   3.0761782e-01  -2.8692695e+00  -1.3371675e-02   1.3798567e-03   1.8909059e-03
  -4.6054329e-04   3.3464443e-01  -2.9089206e+00  -1.7483739e-02   3.8546478e-03   1.6132478e-03
   1.0178796e-02   3.0606472e-01  -2.8716492e+00  -1.6934398e-02   3.7423277e-03   1.5459633e-03
   9.7328994e-03   3.2261276e-01  -2.9279821e+00  -1.7952711e-02   3.3151296e-03   1.3133731e-03
   1.2531245e-02   3.0234206e-01  -2.9071745e+00  -1.7776439e-02   2.6614535e-03   1.5564283e-03
   4.6228010e-03   3.3443774e-01  -2.9326197e+00  -1.8943440e-02   3.1193317e-03   1.8564200e-03
   2.2402791e-02   2.7527701e-01  -2.8690784e+00  -1.0127386e-02   4.0770593e-03   1.7556454e-03
   1.1295314e-01   3.3734359e-01  -3.8205402e+00  -2.9334891e-02   6.8783542e-03   8.7557255e-04
   1.4142138e-01   3.8078148e-01  -3.3110721e+00  -1.3576887e-02   8.5439240e-03   6.2375907e-04
   5.1802172e-02   4.0823949e-01  -3.7786113e+00  -2.3869933e-02   5.5337428e-03   1.2353904e-03
   6.6759759e-02   4.0270759e-01  -3.6662869e+00  -2.1694253e-02   4.7544442e-03   1.0523991e-03
   1.2428178e-01   2.6741686e-01  -3.6250875e+00  -1.6023423e-02   1.9953027e-03   6.4749699e-04
   1.0808051e-01   3.4850343e-01  -3.9755750e+00  -2.4972953e-02  -3.3311715e-06   8.6349240e-04
   1.3107933e-01   3.3274332e-01  -3.8499258e+00  -2.4297446e-02   1.8191513e-04   9.7965136e-04
   3.2902830e-02   3.6623643e-01  -3.7358849e+00  -2.2590254e-02  -1.2738190e-03   2.8391787e-03
   1.1799505e-01   2.9391808e-01  -3.6862680e+00  -2.2701092e-02  -3.8047181e-04   1.1010134e-03
   1.1067142e-01   3.0564164e-01  -3.6591493e+00  -2.2714434e-02  -3.0992115e-04   1.4730603e-03
   2.2277458e-02   4.2888419e-01  -3.3412111e+00  -2.8553395e-02  -4.8434944e-03   2.9338923e-03
   8.7083859e-02   4.1572611e-01  -2.7203062e+00  -1.6879216e-02  -1.3611534e-03   1.8728400e-03
   2.1620363e-04   3.3083084e-01  -2.7810735e+00  -1.2261667e-02  -2.5183651e-03   5.4079517e-03
   1.2286436e-01   3.1963524e-01  -3.0155852e+00  -1.5225310e-02  -7.7053408e-04   2.4787553e-03
   9.9365119e-02   3.6290312e-01  -3.0873184e+00  -1.7237474e-02  -2.0239654e-03   3.3727895e-03
   1.1162927e-01   3.4252170e-01  -3.1163920e+00  -1.8208342e-02  -1.2514886e-03   2.5403758e-03
   1.5977346e-01   3.0353456e-01  -2.9923685e+00  -1.6489230e-02  -2.6983850e-03   2.3698307e-03
   1.2060781e-01   3.3347843e-01  -3.1849047e+00  -1.8852667e-02  -1.1406210e-03   2.3767207e-03
   7.1773538e-02   2.6688740e-01  -2.8302328e+00  -7.4246886e-03  -1.9688846e-03   2.0183518e-03
   1.2629648e-01   3.7519456e-01  -3.8628214e+00  -2.4485871e-02   1.8780061e-04   3.4834729e-04
   1.1462033e-01   3.5143349e-01  -3.8305551e+00  -2.4661001e-02   2.0459469e-05   5.3524835e-04
   9.1447764e-02   3.1599121e-01  -3.7370417e+00  -2.4086727e-02   1.3127531e-03   8.4925836e-04
   9.8153263e-02   3.5000258e-01  -3.7527436e+00  -2.6184106e-02   2.2948785e-03   4.7889053e-04
   9.4076026e-02   3.3559801e-01  -3.7094335e+00  -2.6033082e-02   2.0831567e-03   3.0549089e-04
   9.3047230e-02   3.5592310e-01  -3.5049409e+00  -2.4377943e-02   1.1265631e-03   5.0347274e-04
   7.8298646e-02   3.8310024e-01  -3.4751561e+00  -2.4478660e-02   2.2148240e-03   4.7646577e-05
   5.9838172e-02   3.4040148e-01  -3.4847275e+00  -2.4907395e-02   2.8365350e-03   8.3246513e-04
   4.9949781e-02   3.4767197e-01  -3.5111456e+00  -2.4785086e-02   3.4891053e-03   7.6686166e-04
   1.1637754e-02   3.5328456e-01  -3.5743266e+00  -2.4594015e-02   4.9183935e-03   2.1252961e-03
   4.6964339e-02   3.7294022e-01  -3.6033883e+00  -2.7021014e-02   3.9563516e-03   1.8574285e-03
   3.6203769e-02   3.4572646e-01  -3.3808709e+00  -2.2051598e-02   3.7165535e-03   1.8626206e-03
   5.3638445e-02   3.7744185e-01  -3.5045237e+00  -2.3732757e-02   4.0951037e-03   1.6022260e-03
  -4.3164494e-02   5.2781333e-01  -3.6748723e+00  -3.0250457e-02   3.9571126e-03   1.9907931e-03
  -4.1084933e-02   4.7019644e-01  -3.3604099e+00  -2.7780991e-02   1.9734222e-03   3.2327149e-03
  -2.2572372e-02   4.6756240e-01  -3.3590652e+00  -2.6767329e-02   3.5167259e-03   1.7198896e-03
  -1.4106297e-02   5.0305541e-01  -3.3566939e+00  -2.7096873e-02   2.0360447e-03   1.8739478e-03
   4.3829298e-03   4.3577189e-01  -3.3305672e+00  -2.5611614e-02   2.0990035e-03   2.0212783e-03
  -2.5662335e-02   4.4352587e-01  -3.3972837e+00  -2.5051898e-02   3.3134878e-03   1.9916613e-03
  -2.6401361e-02   4.1630614e-01  -3.3885747e+00  -2.6780743e-02   3.1292307e-03   1.6711561e-03
  -1.3065498e-02   4.2943985e-01  -3.3880288e+00  -2.5889945e-02   3.1470569e-03   1.9056505e-03
  -1.5989256e-02   4.5136513e-01  -3.4186004e+00  -2.6945883e-02   3.3551020e-03   1.7887507e-03
  -2.3531544e-02   4.2560709e-01  -3.4117493e+00  -2.6730794e-02   3.0174696e-03   1.8485780e-03
  -2.4365825e-02   4.4254788e-01  -3.4546142e+00  -2.7884754e-02   2.1815538e-03   2.1247491e-03
  -3.5023017e-02   4.7816792e-01  -3.4213957e+00  -2.7241088e-02   2.4368632e-03   2.3598058e-03
  -2.3900827e-02   4.5974252e-01  -3.4629568e+00  -2.8569816e-02   2.4837218e-03   2.0124862e-03
  -2.5134684e-02   4.0492832e-01  -3.4131747e+00  -2.6661144e-02   2.5417797e-03   2.2844012e-03
  -5.9620711e-02   4.2514157e-01  -3.4501806e+00  -2.6612143e-02   3.8893616e-03   2.9334114e-03
  -3.5499947e-02   4.7284814e-01  -3.4779082e+00  -2.7443508e-02   3.7444138e-03   2.5089472e-03
  -2.6915261e-02   4.2569388e-01  -3.5066545e+00  -2.8161074e-02   3.3818470e-03   2.1926561e-03
  -9.4407450e-03   3.8795831e-01  -3.3881038e+00  -2.4752050e-02   2.4194580e-03   2.3952191e-03
   2.5317264e-03   4.0234027e-01  -3.2813169e+00  -2.4432664e-02   3.6014363e-03   1.7275354e-03
   7.6017080e-03   3.9099823e-01  -3.2703599e+00  -2.4201998e-02   3.9427040e-03   1.2667110e-03
  -1.8750929e-03   3.4725058e-01  -3.1943397e+00  -1.9976153e-02   3.9316179e-03   1.4889601e-03
  -1.4510292e-02   3.6692794e-01  -3.2381650e+00  -2.2921928e-02   4.0483756e-03   1.5352186e-03
   7.4263386e-03   3.6606721e-01  -3.2712897e+00  -2.3699472e-02   4.0982772e-03   1.1878274e-03
   2.6430775e-02   3.3233636e-01  -3.2963759e+00  -2.3649473e-02   3.0173740e-03   1.0744561e-03
   1.5687691e-02   3.6867514e-01  -3.3113375e+00  -2.3888345e-02   3.4326265e-03   1.0743741e-03
  -1.0963412e-02   3.3285158e-01  -3.1936150e+00  -2.2185746e-02   3.6542483e-03   1.6034965e-03
   3.1210664e-02   4.0592236e-01  -3.2769232e+00  -2.2067428e-02   3.9043541e-03   1.0509513e-03
   2.1857401e-02   3.3653957e-01  -3.2032111e+00  -2.2214552e-02   3.8142182e-03   1.2360703e-03
  -2.6814760e-04   3.9229290e-01  -3.2090386e+00  -2.2422717e-02   4.2255746e-03   1.2874343e-03
  -1.4290756e-02   3.2579737e-01  -3.1884273e+00  -2.1910638e-02   4.4702648e-03   1.5137535e-03
  -4.4103076e-03   3.7315484e-01  -3.1968921e+00  -2.2665858e-02   4.0856343e-03   1.2978972e-03
  -4.7954778e-03   3.2328588e-01  -3.2229072e+00  -2.2151981e-02   4.1215448e-03   1.3283683e-03
   4.3667839e-03   2.9354620e-01  -3.4479722e+00  -1.9743898e-02   3.4898318e-03   1.9642286e-03
  -1.0100813e-02   3.3499576e-01  -3.4435150e+00  -2.3215222e-02   3.8242702e-03   2.1432403e-03
  -4.4451505e-03   3.3459567e-01  -3.3872830e+00  -2.3074216e-02   3.4991176e-03   1.9742736e-03
  -1.6269809e-03   3.4667561e-01  -3.3562638e+00  -2.2130165e-02   3.7676164e-03   2.0568129e-03
   2.1144163e-04   3.0697526e-01  -3.3900376e+00  -2.1540956e-02   3.3197272e-03   1.8486898e-03
   1.5744860e-02   3.0172360e-01  -3.3398593e+00  -2.1397568e-02   2.7634954e-03   1.8150898e-03
   1.4880544e-02   3.3010436e-01  -3.3117277e+00  -2.1216830e-02   2.5091067e-03   1.7805532e-03
   4.9715553e-03   3.0651324e-01  -3.3372293e+00  -2.2503282e-02   3.1493669e-03   1.7864368e-03
  -4.2093597e-03   3.2169062e-01  -3.2843421e+00  -2.0422954e-02   3.4950301e-03   2.0439100e-03
  -2.4683221e-03   3.3558928e-01  -3.3311094e+00  -2.1513981e-02   3.2190633e-03   2.0827963e-03
  -9.0302701e-03   3.3795298e-01  -3.3450090e+00  -2.2035920e-02   3.2381574e-03   2.0934040e-03
  -2.9641318e-03   3.0034414e-01  -3.3544869e+00  -2.0755911e-02   3.4129216e-03   2.1843706e-03
  -1.4847477e-03   3.4534761e-01  -3.3927134e+00  -2.2005486e-02   3.2892386e-03   1.9849988e-03
   2.5291544e-02   3.0631035e-01  -3.3770563e+00  -2.1115794e-02   2.8652125e-03   1.6391419e-03
   1.8223238e-02   3.2250859e-01  -3.3968704e+00  -2.2053722e-02   2.7329363e-03   1.8178811e-03
   2.1053964e-02   3.1978029e-01  -3.3889141e+00  -2.1904200e-02   2.6418331e-03   1.7375146e-03
   1.0043590e-03   3.2783575e-01  -3.4107681e+00  -2.2607363e-02   2.7919204e-03   2.3096860e-03
  -4.7126954e-03   3.4333848e-01  -3.5501943e+00  -2.2392795e-02   3.1757471e-03   2.6152493e-03
  -2.8190010e-02   2.9693287e-01  -3.3127474e+00  -1.9065760e-02   3.8040712e-03   2.6516427e-03
  -3.3496438e-03   2.7687443e-01  -3.4237330e+00  -2.1380542e-02   2.8626531e-03   2.3784797e-03
  -1.5724982e-02   3.5806978e-01  -3.3950094e+00  -2.1652441e-02   2.3923899e-03   2.4618390e-03
  -1.8253334e-02   3.1461584e-01  -3.5100513e+00  -1.8500992e-02   5.1096905e-03   2.5312060e-03
  -7.1977544e-03   5.1266574e-01  -3.5096021e+00  -2.7486686e-02   6.4036277e-03   3.3792723e-03
  -1.5569326e-02   6.2424278e-01  -3.4811782e+00  -2.7076209e-02  -1.9526032e-03   4.9052470e-03
  -2.1710458e-01   3.4522305e-01  -4.4052012e+00  -2.4441741e-02  -1.4541678e-03   6.8891892e-03
  -1.0542237e-01   6.0454176e-01  -4.8854083e+00  -3.7838124e-02  -2.2672716e-03   5.3023779e-03
  -6.0265897e-02   5.2766408e-01  -4.6413401e+00  -3.4072677e-02  -2.2982460e-03   4.4113394e-03
  -3.9972782e-02   5.2739793e-01  -4.6071516e+00  -3.4722095e-02  -2.4235585e-03   3.5599263e-03
  -1.6801735e-02   4.5428058e-01  -4.5327256e+00  -3.3723088e-02  -2.3998341e-03   3.0277306e-03
   4.6544376e-03   4.5259119e-01  -4.4883600e+00  -3.3640538e-02  -2.5761533e-03   2.8886071e-03
   7.6706543e-02   3.8980690e-01  -5.0327354e+00  -3.2580557e-02   2.2808892e-03   1.7302797e-03
   6.1751441e-02   4.9572022e-01  -5.1052595e+00  -3.8609886e-02   1.4831947e-03   2.2303041e-03
   6.3395311e-02   4.8802307e-01  -5.0548080e+00  -3.8668878e-02   1.7050528e-03   2.1194104e-03
   6.8687647e-02   5.1335098e-01  -5.0783607e+00  -3.9725811e-02   2.1985283e-03   1.8294315e-03
   6.9343538e-02   5.4355761e-01  -4.9574474e+00  -3.9253656e-02   2.6109470e-03   2.0381906e-03
   8.1385755e-02   4.9318435e-01  -4.9385384e+00  -3.7437349e-02   2.9158292e-03   1.4920150e-03
   7.3883686e-02   4.8574318e-01  -4.8809112e+00  -3.6522010e-02   2.2561587e-03   1.6133401e-03
   7.1892504e-02   4.7198565e-01  -4.9218284e+00  -3.8798459e-02   1.9176194e-03   1.9360828e-03
   6.8413058e-02   3.8056048e-01  -4.3776178e+00  -3.0454160e-02   3.6840341e-03   1.3990750e-03
   6.9372082e-02   4.2016213e-01  -4.3383110e+00  -2.8837584e-02   2.8448161e-03   1.8806645e-03
   4.9235894e-02   4.4627578e-01  -4.1739954e+00  -2.6588130e-02   4.4411593e-03   2.0806899e-03
   8.1551578e-02   4.2042555e-01  -4.3515405e+00  -2.9265225e-02   2.5495635e-03   2.6009365e-03
   1.0270991e-01   3.8074397e-01  -4.5018449e+00  -2.9377363e-02   4.4039109e-03   2.8264581e-03
   2.1775867e-01   2.7226080e-01  -3.6934343e+00  -1.7124461e-02  -1.5061417e-04  -3.7751346e-04
   1.6256193e-01   4.0434285e-01  -3.8563277e+00  -2.0853741e-02   2.6647915e-03   2.4857199e-04
   1.6686497e-01   2.9815586e-01  -3.7670696e+00  -1.9073235e-02   2.9817286e-03   2.8452713e-04
   9.4510674e-02   4.2395710e-01  -3.8780932e+00  -2.3034204e-02   4.2599737e-03   1.7207943e-03
   7.4602433e-02   4.2321575e-01  -3.7446258e+00  -2.1321818e-02   3.4275800e-03   1.7891797e-03
   7.1426238e-02   4.1714688e-01  -3.6987197e+00  -2.1062563e-02   3.9447771e-03   1.6863487e-03
   5.9512223e-02   4.0561776e-01  -3.7645281e+00  -2.2530190e-02   4.6975827e-03   1.7583656e-03
   5.8439739e-02   3.8879438e-01  -3.7308287e+00  -2.1658874e-02   4.7167220e-03   1.8073762e-03
   6.3037914e-02   4.1646708e-01  -3.7811164e+00  -2.1848142e-02   4.7566532e-03   1.6744015e-03
   3.4954035e-02   3.1095893e-01  -3.7923780e+00  -2.0165593e-02   6.6672694e-03   2.0156764e-03
   5.9388249e-02   4.1885390e-01  -3.8575853e+00  -2.3392421e-02   5.6841681e-03   1.8092135e-03
   7.6887396e-02   4.1787215e-01  -3.8937137e+00  -2.3740950e-02   5.3867383e-03   1.2839515e-03
   8.8612899e-02   4.1774612e-01  -3.9417707e+00  -2.2997166e-02   5.5252978e-03   7.4516916e-04
   4.8788581e-02   4.4328461e-01  -3.9321627e+00  -2.5060674e-02   5.0762104e-03   1.8414042e-03
   5.6608152e-02   4.2738602e-01  -3.9151782e+00  -2.4865786e-02   5.0178747e-03   1.6722066e-03
   4.7868314e-02   4.4544368e-01  -3.9397589e+00  -2.5311030e-02   4.5750812e-03   1.9100236e-03
   5.5081758e-02   4.2858610e-01  -3.9380835e+00  -2.4549176e-02   4.7992007e-03   1.8868363e-03
   2.7317135e-02   4.5421912e-01  -3.9399092e+00  -2.5762631e-02   5.1923428e-03   2.1786944e-03
   7.1168098e-02   4.4237799e-01  -3.9965993e+00  -2.4185855e-02   5.2846268e-03   1.2010546e-03
   5.8333792e-02   4.5692205e-01  -3.9547312e+00  -2.3786967e-02   3.5809111e-03   1.7862456e-03
   5.9068068e-02   4.2684789e-01  -3.9257994e+00  -2.4593477e-02   3.7783651e-03   1.6975444e-03
  -4.6704652e-03   3.7034284e-01  -3.9029884e+00  -2.4093996e-02   4.9641108e-03   3.0622943e-03
   6.2449325e-02   3.7741034e-01  -3.8745348e+00  -2.3681222e-02   3.6816721e-03   1.6094080e-03
   8.6162648e-02   3.8700271e-01  -3.8434559e+00  -2.3637506e-02   1.0048926e-03   1.7910796e-03
   9.3686259e-02   3.3016765e-01  -3.8791726e+00  -2.4263756e-02   1.7111333e-03   1.8991457e-03
   2.8090177e-02   3.7295217e-01  -3.7584001e+00  -2.2539237e-02   4.0061615e-03   2.4926457e-03
  -5.6159844e-02   3.4757721e-01  -3.7503489e+00  -2.2129197e-02   6.6840540e-03   4.1256222e-03
  -9.2841038e-03   3.6234532e-01  -3.6858787e+00  -2.1048816e-02   5.5336657e-03   3.2522997e-03
   1.6730236e-02   3.6291150e-01  -3.7103188e+00  -2.1616040e-02   4.6115677e-03   2.9145307e-03
   2.6960011e-02   3.6279097e-01  -4.0283904e+00  -2.2337537e-02   4.1793016e-03   3.1702012e-03
   2.8107749e-02   4.0816120e-01  -3.9288653e+00  -2.4410490e-02   5.4773814e-03   2.6342544e-03
   3.4848552e-02   3.9602923e-01  -3.8058398e+00  -2.3178876e-02   4.4454312e-03   2.4202483e-03
   4.2197778e-02   3.8230715e-01  -3.8370898e+00  -2.3972645e-02   3.9500305e-03   2.2763693e-03
   3.5776875e-02   3.9242883e-01  -3.8818000e+00  -2.4151282e-02   4.1110192e-03   2.2835641e-03
   4.0669161e-02   3.9194335e-01  -3.8531005e+00  -2.4114975e-02   3.9655904e-03   2.3080463e-03
   5.9004450e-02   3.5340376e-01  -3.8526486e+00  -2.2406372e-02   3.5778903e-03   1.9714085e-03
   7.4053283e-02   3.5421913e-01  -3.8732586e+00  -2.4631117e-02   2.7248519e-03   2.1912462e-03
   4.6824011e-02   3.9857618e-01  -3.9888611e+00  -2.4192234e-02   5.2647510e-03   2.1152973e-03
   4.9149525e-02   4.1723145e-01  -3.9878974e+00  -2.4611744e-02   5.1414487e-03   1.9910416e-03
   5.3707347e-02   4.2776000e-01  -4.0037592e+00  -2.6237366e-02   5.3411541e-03   2.0270964e-03
   7.1057849e-02   3.5003235e-01  -3.9447368e+00  -3.1261502e-02   5.6506206e-03   3.0827530e-04
   6.5496638e-02   5.7941556e-01  -4.4484014e+00  -3.8868896e-02   7.5208845e-03   1.1017109e-03
   1.8721791e-02   3.2901663e-01  -3.3974183e+00  -1.3529251e-02   1.4397449e-03   2.5989000e-03
   7.1607248e-02   3.3867362e-01  -3.8992247e+00  -1.7357442e-02   3.3275523e-03   2.6420645e-04
   6.8919466e-02   3.5589592e-01  -3.8671342e+00  -2.2505544e-02   3.9491805e-03  -3.3503678e-05
   5.0710675e-02   2.2417610e-01  -3.7726709e+00  -1.8487656e-02   4.7508881e-03   8.8539531e-04
   5.7125028e-02   3.3082930e-01  -3.9303121e+00  -2.1015363e-02   4.6505645e-03   1.5638158e-03
   8.7904641e-02   3.5456491e-01  -3.9583974e+00  -2.2463543e-02   4.3031106e-03   1.1726024e-03
   5.7881529e-02   3.2804337e-01  -4.0303130e+00  -2.2932901e-02   4.5439241e-03   1.0028207e-03
   5.7442717e-02   3.3081343e-01  -3.9400523e+00  -1.9391442e-02   5.1070357e-03   5.9834538e-04
   3.3885773e-02   3.6165145e-01  -4.1736808e+00  -2.5277242e-02   4.1352659e-03   7.7419242e-04
   6.4135866e-02   3.9219342e-01  -4.2850912e+00  -2.8180670e-02   5.2126939e-03   3.1121778e-04
   5.6242317e-02   3.1993722e-01  -4.2994835e+00  -2.6802989e-02   4.0551850e-03  -1.4894568e-04
   7.4695543e-02   4.0853236e-01  -4.3188122e+00  -2.6868262e-02   4.2593636e-03   3.6644163e-04
   1.0046896e-01   3.9112313e-01  -4.4198234e+00  -2.8466969e-02   4.4113935e-03   5.2416121e-06
   8.6821257e-02   4.1847472e-01  -4.3917972e+00  -2.8347395e-02   4.7345973e-03   1.2023486e-04
   9.0196726e-02   4.0404205e-01  -4.3691217e+00  -2.8306024e-02   4.7564990e-03  -2.9150768e-05
   9.6078595e-02   3.8502349e-01  -4.4023932e+00  -2.6721915e-02   4.3019275e-03  -4.8520344e-04
   8.7180762e-02   3.9567583e-01  -4.0743269e+00  -2.4297518e-02   4.7330646e-03   1.7309736e-04
   9.5566396e-02   3.9644581e-01  -4.1164356e+00  -2.5959119e-02   4.9963268e-03  -1.4711601e-05
   9.1430984e-02   3.9120815e-01  -4.1530858e+00  -2.6131939e-02   4.8786250e-03  -2.2175108e-05
   7.8111266e-02   4.1730208e-01  -4.1820752e+00  -2.6817656e-02   4.9280280e-03   1.2276686e-03
   1.2213751e-01   2.9839677e-01  -3.9391587e+00  -2.2646803e-02   2.8402438e-04  -2.5856854e-04
   9.4741905e-02   4.0680628e-01  -4.1284813e+00  -2.5070003e-02   2.1945280e-03  -3.7269114e-04
   8.8193934e-02   3.3359116e-01  -3.8342949e+00  -2.1373163e-02   4.0293765e-03   4.5431239e-04
   1.1106145e-01   4.0696151e-01  -3.9832123e+00  -2.2037026e-02   3.8670605e-03  -3.1367616e-04
   8.3471809e-02   3.8611848e-01  -3.9500059e+00  -2.3530070e-02   3.4656908e-03  -2.6916144e-05
   8.8613128e-02   3.7655160e-01  -3.9809097e+00  -2.4349370e-02   4.1178350e-03  -1.3668859e-04
   1.0238971e-01   3.6699777e-01  -3.9902817e+00  -2.4354841e-02   3.4282830e-03  -1.8879321e-04
   1.6689409e-01   2.9711326e-01  -4.0155133e+00  -2.3811584e-02  -3.2470555e-04  -8.8062707e-04
   1.0367182e-01   4.2554942e-01  -4.1301930e+00  -2.6478570e-02   2.9732134e-03  -2.7332069e-04
   4.4940380e-02   2.8458513e-01  -4.0370735e+00  -2.5790805e-02   5.3444187e-03   3.3155938e-05
   8.6139361e-02   4.1592928e-01  -3.9837777e+00  -2.3469587e-02   4.1023577e-03   1.4852064e-04
   1.1189876e-01   3.2507752e-01  -3.8626884e+00  -2.2226345e-02   2.2153298e-03  -8.8725744e-05
   1.1315608e-01   3.7682266e-01  -3.9380597e+00  -2.4039329e-02   2.2326152e-03  -1.1510455e-04
   1.0733777e-01   3.7093294e-01  -3.9202500e+00  -2.3359184e-02   2.8336722e-03  -3.1047020e-05
   1.2052378e-01   4.1366064e-01  -3.9673270e+00  -2.2422282e-02   3.3446439e-03  -3.4976868e-04
   1.0548156e-01   3.8341364e-01  -3.9274364e+00  -2.3094374e-02   3.2188346e-03  -3.4018868e-05
   1.3192806e-01   4.0987732e-01  -4.0349267e+00  -2.3408891e-02   1.3458534e-03  -4.2128511e-05
   1.1194545e-01   4.2926050e-01  -4.0256630e+00  -2.3678704e-02   2.8610919e-03   1.1770222e-04
   1.2808872e-01   4.0566826e-01  -4.0356635e+00  -2.2199801e-02   2.9800258e-03   1.9558324e-04
   6.2521803e-02   4.0710735e-01  -4.0839612e+00  -2.4598643e-02   6.6509401e-03   8.4554554e-04
   9.3741409e-02   3.7527650e-01  -3.9556016e+00  -2.3157090e-02   5.8117358e-03   4.4253279e-04
   1.0207027e-01   3.8188637e-01  -3.9902680e+00  -2.3428779e-02   5.6096458e-03   3.3866942e-04
   9.4900597e-02   3.2732625e-01  -3.9443266e+00  -2.3140188e-02   4.8853614e-03   2.9136037e-04
   1.0199548e-01   3.8336665e-01  -3.9655268e+00  -2.2988223e-02   4.9221956e-03   3.3220971e-04
   1.1362578e-01   3.6299455e-01  -3.9924022e+00  -2.3238292e-02   4.4669421e-03   1.5837260e-04
   1.1019733e-01   3.6046934e-01  -3.9653041e+00  -2.1945899e-02   3.9385227e-03   7.7393117e-05
   1.2831005e-01   3.6487765e-01  -3.9263048e+00  -2.1743088e-02   3.2762163e-03  -7.3905316e-05
   1.0927896e-01   3.6301183e-01  -3.9370953e+00  -2.1559579e-02   3.3227713e-03   2.2354046e-04
   1.1151441e-01   3.8337067e-01  -3.9498914e+00  -2.2021170e-02   3.4727345e-03   2.2213707e-04
   1.2679832e-01   3.6848245e-01  -3.9658546e+00  -2.4120972e-02   3.7866434e-03  -3.6570845e-04
   9.2773523e-02   3.8229564e-01  -3.7587588e+00  -1.9580622e-02   5.1209884e-03   4.1660507e-04
   1.0188256e-01   3.7952155e-01  -3.7664372e+00  -1.9684914e-02   5.1546533e-03   1.4635375e-04
   1.2058661e-01   3.5462877e-01  -3.7790507e+00  -1.9721125e-02   3.7381324e-03  -1.1551583e-05
   1.1939261e-01   3.3813628e-01  -3.6853836e+00  -1.8508571e-02   3.2949616e-03   2.7737878e-05
   1.2080570e-01   3.2811272e-01  -3.6201547e+00  -1.8747759e-02   2.8209226e-03   3.2751349e-04
   1.2244832e-01   3.2267970e-01  -3.6271066e+00  -1.9246288e-02   2.7242198e-03   1.5899575e-04
   1.3481387e-01   3.7446388e-01  -3.5928424e+00  -1.7778489e-02   2.9698106e-03   1.2851624e-03
   1.4397997e-03   5.0003834e-01  -3.4280874e+00  -2.1223543e-02   7.1400499e-03   2.2008256e-03
   1.5355696e-02   3.8312966e-01  -3.0865060e+00  -1.6432078e-02   9.0138829e-03   1.5600039e-03
   1.7443685e-02   3.6969921e-01  -3.0961774e+00  -1.6217639e-02   8.5168818e-03   9.8706307e-04
   4.6661339e-02   3.4311698e-01  -3.1083153e+00  -1.5075952e-02   8.6260411e-03   7.1851393e-04
   1.8508120e-02   4.0471872e-01  -3.1855472e+00  -1.5599570e-02   9.1433841e-03   8.7241186e-04
   1.9735367e-01   3.0664328e-01  -3.8212889e+00  -1.5220185e-02   1.1418622e-02  -1.0502642e-03
   2.0909237e-01   2.5284365e-01  -3.1531228e+00  -1.0738853e-02   1.3233199e-02  -2.3516294e-04
   4.8277130e-02   4.4990993e-01  -3.9967259e+00  -2.4842836e-02   5.9890206e-03   4.0952875e-04
   8.7489763e-02   3.7395125e-01  -3.5439052e+00  -1.9425306e-02   6.7384424e-03  -9.4936958e-04
   1.0699983e-01   3.6243403e-01  -3.6073173e+00  -1.7179128e-02   6.9348813e-03  -1.2041426e-03
   1.1360872e-01   3.9394821e-01  -3.6694277e+00  -2.1558733e-02   7.4646252e-03  -1.5892810e-03
   1.2161898e-01   3.8016577e-01  -3.6737106e+00  -2.2508792e-02   7.4589024e-03  -1.7094892e-03
   1.3124995e-01   3.6495424e-01  -3.7542310e+00  -1.8155641e-02   6.4465924e-03  -1.9020135e-03
   1.6123167e-01   4.1073569e-01  -3.9919267e+00  -2.4357887e-02   6.4558064e-03  -2.2595134e-03
   1.9378791e-01   3.3692237e-01  -3.9434200e+00  -2.2013655e-02   5.4559597e-03  -2.7043433e-03
   1.5902790e-01   4.1961553e-01  -4.0271070e+00  -2.4202475e-02   6.2778247e-03  -2.4268241e-03
   1.6360162e-01   2.7577507e-01  -4.1850738e+00  -2.0015986e-02   1.6633134e-03  -6.4950914e-04
   1.5837091e-01   4.1455617e-01  -4.4950496e+00  -2.7164156e-02   4.1068656e-03  -1.6100062e-03
   1.5267487e-01   3.8196060e-01  -4.4437207e+00  -2.5786891e-02   3.2576609e-03  -9.3930824e-04
   1.3800430e-01   4.0687506e-01  -4.3508858e+00  -2.6209873e-02   3.1000157e-03  -3.5241543e-04
   1.9780237e-01   3.0213216e-01  -4.3501711e+00  -2.9374191e-02   1.2889839e-03  -8.8947399e-04
   2.0703306e-01   2.4921424e-01  -3.7198878e+00  -1.3159705e-02   1.3959738e-03  -1.1467642e-03
   1.7956473e-01   2.5286224e-01  -3.6603685e+00  -1.5678132e-02   2.8019796e-03  -8.8003806e-04
   2.0297000e-01   2.8257600e-01  -3.6991160e+00  -1.5853111e-02   2.1514220e-03  -1.2367490e-03
   1.5634481e-01   3.7743483e-01  -3.7489250e+00  -1.8276836e-02   4.8550712e-03  -6.9022557e-04
   1.7436476e-01   3.4536615e-01  -4.1326558e+00  -2.1457721e-02   4.6466482e-03  -1.0865245e-03
   1.6956536e-01   3.6771326e-01  -4.0353354e+00  -2.0115820e-02   4.3274128e-03  -1.0063514e-03
   1.5179547e-01   3.6889716e-01  -4.0024477e+00  -2.0391591e-02   4.1510936e-03  -9.9610791e-04
   1.6734390e-01   3.6072602e-01  -4.0210397e+00  -2.1090120e-02   3.9499220e-03  -1.1435474e-03
   1.7065010e-01   3.7050331e-01  -4.0282174e+00  -2.0585230e-02   3.4211306e-03  -1.0166953e-03
   1.4598937e-01   3.4249247e-01  -4.0177229e+00  -2.0326269e-02   3.4787574e-03  -8.3644980e-04
   1.6222088e-01   3.0541694e-01  -4.0574196e+00  -2.3220621e-02   2.0803920e-03  -3.7453429e-04
   1.6971239e-01   2.5535322e-01  -3.8185146e+00  -1.5302645e-02   1.7568756e-03  -2.7171458e-04
   1.6502519e-01   2.7721307e-01  -3.7856222e+00  -1.6433211e-02   2.8861195e-03  -4.6726572e-04
   1.7028292e-01   3.5259084e-01  -3.7864744e+00  -1.7683272e-02   2.4137756e-03  -5.1785845e-04
   1.6337820e-01   3.6257056e-01  -3.8074220e+00  -1.8476720e-02   2.4927876e-03  -6.6608463e-04
   1.2222542e-01   3.5460981e-01  -3.8053492e+00  -1.7246979e-02   5.7616295e-03  -2.1671786e-04
   1.2536621e-01   3.7589026e-01  -3.7723528e+00  -1.7805471e-02   4.7389112e-03  -2.8799507e-04
   1.2028462e-01   3.6090011e-01  -3.7761473e+00  -1.7518733e-02   4.3115297e-03  -2.7135944e-04
   1.3299602e-01   3.5095313e-01  -3.8283190e+00  -1.8152830e-02   4.2470193e-03  -1.7817856e-04
   8.1592194e-02   3.6109971e-01  -3.7301008e+00  -1.6796969e-02   6.6903894e-03   3.3455129e-04
   1.1692104e-01   3.7545968e-01  -3.6778282e+00  -1.6221180e-02   4.8888416e-03  -9.9398447e-05
   5.1061794e-02   3.1937908e-01  -3.7049271e+00  -1.5809803e-02   6.5184289e-03   1.6752229e-03
   9.9429754e-02   3.7490043e-01  -3.6717236e+00  -1.6638225e-02   4.2946351e-03   3.7615222e-04
   1.1845450e-01   3.0049573e-01  -3.5937069e+00  -1.4443134e-02   4.0456660e-03   5.6355168e-04
   1.1143404e-01   3.3547086e-01  -3.7100657e+00  -1.7376713e-02   3.5521606e-03   4.6515939e-04
   1.2811520e-01   3.1127373e-01  -3.6595708e+00  -1.7099711e-02   3.6813160e-03   1.2824030e-04
   1.2926884e-01   3.3070547e-01  -3.7564798e+00  -1.5439036e-02   4.0535453e-03  -1.2647169e-04
   9.6385480e-02   3.7118168e-01  -3.6799476e+00  -1.7497457e-02   5.7393403e-03   2.0904390e-04
   7.7243861e-02   3.7864602e-01  -3.6914732e+00  -1.7711101e-02   7.1450070e-03   7.8218524e-04
   1.1387088e-01   3.4445202e-01  -3.6885641e+00  -1.8121479e-02   5.7597304e-03   2.6132051e-04
   1.5994459e-01   3.2013061e-01  -3.6197239e+00  -1.4075155e-02   2.2697993e-03  -4.9664173e-04
   1.5902512e-01   3.6388405e-01  -3.6604032e+00  -1.6539568e-02   3.6119345e-03  -4.5809457e-04
   1.6193100e-01   3.2458780e-01  -3.6436426e+00  -1.5095573e-02   1.8546330e-03  -2.8661302e-04
   1.3963111e-01   3.6295283e-01  -3.7601612e+00  -1.7568919e-02   4.1026436e-03  -2.7652687e-04
   9.7599337e-02   3.6341306e-01  -3.8350482e+00  -1.6906622e-02   4.8525385e-03   6.3554237e-05
   1.2532753e-01   3.6000907e-01  -3.7295962e+00  -1.7334041e-02   3.3867481e-03  -1.2541707e-04
   8.3330892e-02   3.8085082e-01  -3.7179992e+00  -2.1967739e-02   5.4902062e-03   1.3020345e-03
   5.6255225e-02   3.5008396e-01  -3.4478124e+00  -1.5637423e-02   8.7795496e-03   1.8758027e-03
   6.8949790e-02   3.3016029e-01  -3.2054819e+00  -1.1258175e-02   7.0259611e-03   9.9769847e-04
   9.0151525e-02   3.6583444e-01  -3.4807671e+00  -1.4813348e-02   9.0743891e-03   1.3689256e-03
   9.4456883e-02   3.5666196e-01  -3.5368258e+00  -1.7427834e-02   9.0020031e-03   1.4388457e-03
   6.9977636e-02   3.8284178e-01  -3.5391680e+00  -1.6291621e-02   7.6014138e-03   2.0259768e-03
   8.6523047e-02   4.3517732e-01  -3.6142434e+00  -1.6775258e-02   7.4398344e-03   1.5812389e-03
   8.7018781e-02   4.1921555e-01  -3.7861771e+00  -1.8456788e-02   6.6071029e-03   1.4598457e-03
   9.2296717e-02   4.3642288e-01  -4.0332433e+00  -1.9739779e-02   6.8710312e-03   1.6761070e-03
   1.8736685e-03   4.8125534e-01  -4.1901218e+00  -2.4000148e-02   8.9046903e-03   2.6394458e-03
   3.7263311e-02   4.3486841e-01  -4.4206492e+00  -2.4322625e-02   7.0086414e-03   2.5570968e-03
   1.4513222e-02   6.8091331e-01  -4.7228536e+00  -3.3612160e-02   6.5860947e-03   2.8752141e-03
  -5.2117793e-02   9.1784807e-01  -7.2346380e+00  -5.6465364e-02   8.8996969e-05   4.9671383e-03
   1.1670174e-02   5.7043754e-01  -7.5570620e+00  -5.2841022e-02   9.4569263e-04   2.5015928e-03
  -9.8417372e-02   8.6880241e-01  -7.9568486e+00  -5.9429833e-02   4.8726169e-04   3.3984063e-03
  -1.1014519e-01   9.3163335e-01  -8.1096253e+00  -6.2258051e-02   6.2906964e-04   3.0153150e-03
  -1.3404051e-01   9.9611583e-01  -8.2231644e+00  -6.4829304e-02   5.3718835e-04   3.4195097e-03
  -9.8759302e-02   1.0230072e+00  -8.2852397e+00  -6.6383541e-02   1.1523742e-03   3.3908140e-03
  -4.9477440e-02   1.0477269e+00  -8.3514048e+00  -7.0342449e-02   2.3330665e-04   3.9608732e-03
  -1.1381677e-01   9.3861161e-01  -7.3911355e+00  -5.9959119e-02   3.2720818e-04   4.8106961e-03
  -1.1879845e-01   9.5330349e-01  -7.4790749e+00  -6.1868372e-02  -5.6283792e-03   6.0410683e-03
  -7.2701737e-02   8.8040356e-01  -7.1859654e+00  -5.7385663e-02  -4.0111399e-03   5.2325282e-03
  -6.4150203e-02   8.8764983e-01  -7.0249954e+00  -5.6702788e-02  -1.8619683e-03   4.4621740e-03
  -4.1244592e-02   8.9073803e-01  -6.9976052e+00  -5.6831778e-02  -1.1304967e-03   4.2176808e-03
  -2.0671638e-02   8.6063826e-01  -6.9268230e+00  -5.5957340e-02  -1.8128612e-04   3.8110203e-03
  -2.1014147e-03   8.4233611e-01  -6.8344905e+00  -5.4902586e-02   5.5483549e-04   3.1932896e-03
  -5.0543810e-03   8.6803516e-01  -6.8019088e+00  -5.5231297e-02   1.1174942e-03   3.0487622e-03
   3.1237373e-03   8.4813840e-01  -6.7532186e+00  -5.4637972e-02   1.1844894e-03   3.0742501e-03
  -2.3875170e-02   8.6065018e-01  -6.8803847e+00  -5.4762374e-02   2.9810163e-03   3.3400775e-03
  -5.9320434e-02   8.7734196e-01  -6.7413362e+00  -5.3467140e-02   4.7573849e-03   2.7133644e-03
  -4.5612741e-02   8.4040308e-01  -6.7339985e+00  -5.2976226e-02   3.7776119e-03   3.8441934e-03
  -2.3095079e-02   8.5307896e-01  -6.8184338e+00  -5.2338338e-02   3.2611908e-03   3.1510221e-03
  -2.1304071e-02   8.2877991e-01  -6.6492058e+00  -5.1337446e-02   2.0899871e-03   3.3001998e-03
  -2.4310033e-02   8.2805907e-01  -6.6560609e+00  -5.1601045e-02   2.1380293e-03   3.3672843e-03
  -6.2861545e-02   7.2745297e-01  -6.6462006e+00  -4.8312067e-02   3.0375230e-03   4.2595333e-03
  -5.2790439e-02   8.4079198e-01  -6.8687671e+00  -5.2225693e-02   2.3908752e-03   4.1472580e-03
  -2.3038488e-02   8.0385712e-01  -6.8635041e+00  -5.1837019e-02   1.4479198e-03   3.7297251e-03
  -7.7126725e-02   8.4500082e-01  -6.8976806e+00  -5.2582875e-02   2.6470681e-03   4.4658929e-03
  -6.4908657e-02   8.4051172e-01  -6.8563870e+00  -5.1642417e-02   2.5511860e-03   4.2888299e-03
  -4.6865253e-02   8.6125171e-01  -6.8548879e+00  -5.2426102e-02   2.3876824e-03   4.0765277e-03
  -5.8589306e-02   8.4863774e-01  -6.8849014e+00  -5.1975444e-02   2.7419223e-03   2.4406826e-03
  -1.8086249e-02   8.1861057e-01  -6.7161224e+00  -5.0159078e-02   2.8901883e-03   2.0857082e-03
  -7.4525949e-03   8.3545553e-01  -6.6909383e+00  -5.1227380e-02   2.7683532e-03   1.8735775e-03
  -6.2064658e-03   7.9083869e-01  -6.6656702e+00  -5.0593255e-02   2.3928601e-03   1.7925287e-03
  -6.9088297e-03   9.1508344e-01  -6.7113804e+00  -5.6216872e-02   3.9066533e-03   2.6677070e-03
  -7.3392205e-03   8.6020020e-01  -6.0650408e+00  -5.4323360e-02   4.7926337e-03   2.1694144e-03
   2.1126116e-02   6.8488503e-01  -5.4373079e+00  -3.7532255e-02   9.4115553e-03  -5.5991098e-04
   1.2105893e-01   5.9649204e-01  -5.9370655e+00  -4.1411881e-02   4.7815348e-03  -3.9111486e-04
   9.5778812e-02   6.3890843e-01  -5.9634166e+00  -4.2415901e-02   8.4738428e-03  -7.4158121e-04
   7.2321528e-02   6.5389130e-01  -5.9246628e+00  -4.1848801e-02   8.0879614e-03  -5.2749978e-04
   1.0503003e-01   5.8999647e-01  -5.8388285e+00  -4.0101131e-02   7.2494968e-03  -6.0796454e-04
   1.0932411e-01   5.8953989e-01  -5.8338184e+00  -4.0146152e-02   7.3253196e-03  -7.4769137e-04
   7.6614830e-02   6.3399846e-01  -5.8298109e+00  -4.0146402e-02   8.0410436e-03  -6.2999468e-04
   7.0502520e-02   5.9634750e-01  -5.7901512e+00  -3.9756373e-02   7.4335107e-03  -3.3570280e-04
   8.2721232e-02   6.1992157e-01  -5.7483002e+00  -3.8823584e-02   6.7819114e-03  -4.1345273e-04
   7.7322009e-02   6.4437212e-01  -5.6894142e+00  -3.8686190e-02   6.9536004e-03  -4.3348231e-04
   6.1326177e-02   6.4297911e-01  -5.6195280e+00  -3.8007182e-02   7.2545095e-03  -4.3962060e-04
  -1.1270929e-01   6.2606722e-01  -5.0536720e+00  -3.9868663e-02   1.2758698e-02   2.8804336e-04
   1.9535731e-02   5.6313664e-01  -4.5793646e+00  -2.7047807e-02   8.3920246e-03   1.5344756e-03
   1.9840680e-02   5.0786341e-01  -4.4340666e+00  -2.2205420e-02   7.9074202e-03   2.5094465e-03
  -1.7197467e-02   5.9436927e-01  -4.8490487e+00  -3.1436249e-02   9.8332426e-03   2.4390916e-03
   3.6948862e-03   5.3258171e-01  -4.7342861e+00  -2.8838732e-02   8.4734371e-03   2.4006320e-03
  -7.8254085e-03   5.7708659e-01  -4.8147494e+00  -2.8573140e-02   8.2142273e-03   2.1279152e-03
  -1.6076150e-02   5.5884650e-01  -4.7256805e+00  -2.9695447e-02   9.0591629e-03   2.2738646e-03
   5.6565900e-02   5.2027379e-01  -4.6454457e+00  -2.5659295e-02   5.7580734e-03   1.8783542e-03
   3.7278645e-02   5.6958411e-01  -4.7301262e+00  -2.8941077e-02   6.6071535e-03   1.7462403e-03
   4.0122050e-02   5.5030112e-01  -4.7392785e+00  -2.8919245e-02   6.4182303e-03   1.5988928e-03
   2.7445099e-02   5.3843453e-01  -4.7459938e+00  -2.8671065e-02   6.4140542e-03   1.7918613e-03
   2.9649868e-02   5.6265620e-01  -4.7447471e+00  -2.9546953e-02   6.6752829e-03   1.7838445e-03
  -2.8063694e-02   5.3399549e-01  -4.6038095e+00  -2.8937039e-02   7.8925746e-03   2.8819443e-03
   1.2617781e-02   5.8360186e-01  -4.2646586e+00  -2.4045305e-02   7.7604829e-03   2.1597912e-03
  -3.0536056e-02   5.2402082e-01  -4.1612979e+00  -1.9458103e-02   1.1761158e-02   2.2485986e-03
  -6.6792106e-02   6.4089361e-01  -4.4155758e+00  -2.5415910e-02   1.2270812e-02   2.8402032e-03
  -6.2485620e-02   5.9377555e-01  -4.4662685e+00  -2.5817602e-02   1.1812245e-02   2.8177460e-03
  -5.7542739e-02   6.0493435e-01  -4.5205295e+00  -2.6880953e-02   1.1647716e-02   2.8023414e-03
  -9.8345562e-02   6.3354543e-01  -4.5906050e+00  -2.8539917e-02   1.2035893e-02   3.5699476e-03
  -4.6960581e-02   6.9820860e-01  -5.4790899e+00  -3.1779383e-02   1.1875302e-02   3.1283464e-03
  -6.4546981e-02   8.0006355e-01  -5.6911340e+00  -4.0566985e-02   1.1829669e-02   3.3820461e-03
  -7.6067390e-02   7.1138972e-01  -5.5883729e+00  -3.8988094e-02   1.1933193e-02   2.9881325e-03
  -9.8645050e-02   7.3652647e-01  -5.5590666e+00  -3.9019492e-02   1.1811984e-02   3.2870869e-03
  -1.0446373e-01   7.5444550e-01  -5.6217063e+00  -3.9215924e-02   1.1287407e-02   3.7007992e-03
  -1.0164950e-01   7.1989324e-01  -5.5459830e+00  -3.8446533e-02   1.1629563e-02   3.4299497e-03
  -1.0602418e-01   7.1898125e-01  -5.5002322e+00  -3.7750623e-02   1.0869867e-02   3.2699416e-03
  -9.5421060e-02   7.2477483e-01  -5.4444947e+00  -3.7026526e-02   1.1098708e-02   3.0172503e-03
  -8.2445140e-02   7.2658451e-01  -5.4544711e+00  -3.6554483e-02   1.0385672e-02   3.0580392e-03
  -1.2844448e-01   6.6153297e-01  -5.5310448e+00  -3.6423209e-02   1.0576720e-02   3.6484457e-03
  -1.1690975e-01   7.7803782e-01  -5.4655366e+00  -3.6531502e-02   1.0972320e-02   3.8723413e-03
  -1.0412968e-01   7.0030399e-01  -5.5004086e+00  -3.7645657e-02   9.8009857e-03   3.6928642e-03
  -9.3884733e-02   7.2779753e-01  -5.5332130e+00  -3.8809283e-02   1.0458570e-02   3.4604265e-03
  -8.4186447e-02   6.8081921e-01  -5.4671467e+00  -3.7480879e-02   9.5387193e-03   3.3939324e-03
  -7.2373530e-02   7.1013650e-01  -5.4321950e+00  -3.6787612e-02   9.1134729e-03   2.8052406e-03
  -6.0513090e-02   6.8662974e-01  -5.4132086e+00  -3.6075599e-02   7.2243201e-03   3.1256821e-03
  -3.5697094e-02   6.9042364e-01  -5.4110234e+00  -3.7919143e-02   8.1858837e-03   2.3561450e-03
  -1.1328677e-01   6.8618443e-01  -5.5660613e+00  -3.8351582e-02   1.1233610e-02   3.7047198e-03
  -1.2100878e-01   7.1137274e-01  -5.5205881e+00  -3.7408352e-02   1.1770147e-02   3.9433190e-03
  -1.2101487e-01   6.7828263e-01  -5.4870022e+00  -3.7097552e-02   1.1925832e-02   3.9165554e-03
  -1.2059417e-01   6.8976073e-01  -5.4675160e+00  -3.6581874e-02   1.2064341e-02   3.6273097e-03
   2.2065886e-02   5.9761911e-01  -4.9866317e+00  -3.6070068e-02   7.9233292e-03   1.3789465e-03
   6.5245498e-02   7.0094678e-01  -5.2894731e+00  -3.9000332e-02   9.6867703e-03   6.6258501e-04
   3.8250803e-02   7.2552021e-01  -5.3385646e+00  -4.2570136e-02   1.0917886e-02   1.3632399e-03
  -1.4629076e-01   9.9199747e-01  -5.7139621e+00  -4.6144882e-02   7.1408007e-03   4.2326367e-03
   3.7256699e-03   8.6241224e-01  -6.7968675e+00  -5.0383701e-02   4.2062695e-03   4.7082270e-03
  -1.0133629e-01   7.8022281e-01  -6.9647571e+00  -5.2993900e-02   5.1948377e-03   5.7440540e-03
  -3.9660799e-02   8.1951081e-01  -7.0918937e+00  -5.4931980e-02   8.4936512e-03   2.9466287e-03
  -1.4498419e-01   1.0337521e+00  -6.9512748e+00  -5.7277762e-02   9.0015623e-03   3.6312820e-03
  -1.2098992e-01   1.0508612e+00  -6.9507098e+00  -5.9865961e-02   9.4308910e-03   3.2275714e-03
  -6.6656245e-02   9.7670463e-01  -6.8136249e+00  -5.8474665e-02   9.8784133e-03   2.6359816e-03
  -4.9131407e-02   1.0158129e+00  -6.8012759e+00  -5.8915088e-02   1.0423482e-02   2.3059916e-03
  -4.7376215e-02   1.0341087e+00  -6.8884696e+00  -5.9807524e-02   1.0233928e-02   2.8603596e-03
  -3.3576881e-02   1.0268826e+00  -6.8748768e+00  -5.9436795e-02   1.0278986e-02   2.5065150e-03
  -4.6751667e-02   1.0337574e+00  -6.8766598e+00  -5.9500147e-02   1.0223376e-02   2.9633555e-03
  -2.9760004e-02   1.0216077e+00  -6.8559254e+00  -5.8588552e-02   1.0518003e-02   2.5063616e-03
  -3.8337970e-02   1.0600681e+00  -6.8838957e+00  -5.9128047e-02   1.0668794e-02   2.6929381e-03
  -2.0138198e-02   1.0285733e+00  -6.8769505e+00  -5.8709181e-02   1.0397763e-02   2.4452686e-03
  -3.2393536e-02   9.3546274e-01  -6.9319150e+00  -5.4884942e-02   1.2299627e-02   1.8185000e-03
  -1.8008501e-02   9.0455625e-01  -6.4655865e+00  -4.9147761e-02   1.5104939e-02   2.5802332e-03
  -7.5927681e-02   8.6106344e-01  -6.5321214e+00  -4.8757090e-02   1.2556343e-02   3.9044691e-03
  -4.9821438e-02   8.6154216e-01  -6.5800204e+00  -4.9679128e-02   1.1756173e-02   3.5245593e-03
  -7.0499259e-02   8.8526581e-01  -6.6290507e+00  -4.9074037e-02   1.1508542e-02   4.3001186e-03
  -2.5042844e-02   8.5147616e-01  -6.6945590e+00  -5.0453099e-02   1.0790316e-02   3.4634433e-03
  -1.0227597e-02   8.4446084e-01  -6.7853084e+00  -5.0833634e-02   1.1594854e-02   2.6999533e-03
  -3.2909810e-02   8.7902416e-01  -6.8108437e+00  -5.1165048e-02   1.1844508e-02   2.9236890e-03
  -4.6361604e-02   9.0863033e-01  -6.9618721e+00  -5.1916292e-02   1.1886955e-02   3.5880664e-03
  -5.1713155e-02   9.1753268e-01  -6.9948221e+00  -5.3641543e-02   1.2242780e-02   3.2904067e-03
  -5.7567802e-02   9.9284022e-01  -7.0045134e+00  -5.5155113e-02   1.2425275e-02   3.3586159e-03
   2.1479663e-02   8.5641264e-01  -7.1929660e+00  -5.3779124e-02   9.5224364e-03   2.7326347e-03
   1.5003476e-02   9.9380794e-01  -7.0385853e+00  -5.3210907e-02   1.1485089e-02   2.0838496e-03
  -6.2982411e-03   9.5485866e-01  -6.9977509e+00  -5.3075158e-02   1.1659286e-02   2.4600525e-03
   2.6547492e-03   9.3456345e-01  -6.8992500e+00  -5.6210241e-02   1.1537027e-02   2.4720211e-03
  -5.1291579e-02   9.1636084e-01  -6.5702350e+00  -5.0879867e-02   1.2096478e-02   3.2737638e-03
  -5.4371925e-02   8.9230097e-01  -6.5168231e+00  -4.8562651e-02   1.2061646e-02   3.1871199e-03
  -3.4769038e-02   8.7213668e-01  -6.6057171e+00  -4.5149181e-02   1.2505772e-02   2.8616988e-03
  -2.2300350e-02   9.3542270e-01  -6.8832038e+00  -5.2081124e-02   1.3299979e-02   2.5511084e-03
  -4.0244364e-02   9.8901845e-01  -6.8689053e+00  -5.2239498e-02   1.2695732e-02   2.8140578e-03
  -5.4075881e-02   9.2915493e-01  -6.9036475e+00  -5.2659161e-02   1.3156806e-02   2.7751693e-03
  -5.1490313e-02   9.8107601e-01  -6.9092310e+00  -5.3598238e-02   1.2810730e-02   2.7953525e-03
  -5.3975209e-02   9.6562581e-01  -6.9163922e+00  -5.3313564e-02   1.2991722e-02   2.9858773e-03
  -5.1420214e-02   9.6397332e-01  -6.9118389e+00  -5.3758290e-02   1.3644271e-02   2.8836841e-03
  -4.4296630e-02   9.2452098e-01  -6.9165415e+00  -5.2847741e-02   1.2875913e-02   3.1094370e-03
  -6.4618700e-02   9.7589879e-01  -6.9962172e+00  -5.4734626e-02   1.2659668e-02   3.0608963e-03
  -6.4022556e-02   9.9833885e-01  -6.9572602e+00  -5.5235708e-02   1.2612337e-02   2.8757743e-03
  -1.9787474e-02   9.3356622e-01  -6.9421970e+00  -5.2947876e-02   1.0999459e-02   2.5641748e-03
  -3.1722639e-02   9.8268147e-01  -6.9567514e+00  -5.4337082e-02   1.1354540e-02   2.5809955e-03
  -8.6862044e-02   9.5464781e-01  -6.9354627e+00  -5.3484885e-02   1.1495312e-02   3.2275744e-03
  -5.8771320e-02   9.7532903e-01  -6.8587640e+00  -5.3236836e-02   1.2568275e-02   3.2796180e-03
  -3.5010934e-02   9.7632509e-01  -6.8351335e+00  -5.3173963e-02   1.2322955e-02   2.5367203e-03
  -3.5832720e-02   9.5292219e-01  -6.8272766e+00  -5.2797449e-02   1.1975177e-02   2.6100511e-03
  -3.9056077e-02   9.5774466e-01  -6.8692912e+00  -5.2697289e-02   1.2122194e-02   2.8446538e-03
  -4.0417825e-02   9.7930239e-01  -6.8222118e+00  -5.1745625e-02   1.3356822e-02   2.3508992e-03
  -6.3685340e-02   1.0054542e+00  -6.9796178e+00  -5.3340764e-02   1.2852330e-02   3.5968915e-03
  -5.3583091e-02   1.0149724e+00  -6.8906243e+00  -5.3074288e-02   1.2672611e-02   2.8812346e-03
  -4.3759090e-02   9.4966889e-01  -6.6208830e+00  -5.4237732e-02   9.5274176e-03   2.6198270e-03
  -7.6676372e-02   9.0768358e-01  -6.5651816e+00  -4.6772010e-02   1.2439469e-02   4.4684219e-03
  -5.4987280e-02   9.3166167e-01  -6.5887079e+00  -4.8116172e-02   1.2669184e-02   3.4196011e-03
  -5.6168110e-02   9.3943669e-01  -6.5698541e+00  -4.8621857e-02   1.2381339e-02   3.3745239e-03
  -6.7655231e-02   9.4362211e-01  -6.5808627e+00  -4.8319024e-02   1.2023678e-02   3.6922721e-03
  -4.9841042e-02   9.4509050e-01  -6.6147105e+00  -4.8703116e-02   1.2139898e-02   3.3960323e-03
  -2.8820325e-02   8.9923297e-01  -6.6265706e+00  -4.8397625e-02   1.2220150e-02   2.9785741e-03
  -3.5837973e-02   9.4508191e-01  -6.5938165e+00  -4.7975457e-02   1.3175613e-02   2.7249597e-03
  -5.7995251e-02   9.5395161e-01  -6.6505829e+00  -4.9284221e-02   1.3392575e-02   2.9668683e-03
  -3.5197624e-02   9.9429114e-01  -6.6519053e+00  -4.8664501e-02   1.2969109e-02   2.7697450e-03
  -4.1521567e-02   9.4112674e-01  -6.6155795e+00  -4.8777924e-02   1.3157944e-02   2.8213728e-03
   7.9345511e-02   7.4078759e-01  -6.1083687e+00  -3.8705728e-02   4.2322986e-03   2.1517097e-03
   5.1546434e-02   8.7427941e-01  -6.2606189e+00  -4.4042161e-02   6.8635454e-03   1.1285968e-03
  -2.1474423e-02   7.6994163e-01  -5.9737872e+00  -4.0391159e-02   9.7070221e-03   2.7312292e-03
   2.9485576e-03   8.9286638e-01  -6.0214702e+00  -4.1652931e-02   8.9589655e-03   2.2648891e-03
  -1.5513784e-02   9.2754091e-01  -6.0832950e+00  -4.2702479e-02   9.4560101e-03   2.3949834e-03
  -9.3236583e-03   8.4330650e-01  -6.0291794e+00  -4.1404039e-02   8.2737979e-03   2.4917665e-03
   1.0008717e-03   8.6003303e-01  -6.0127504e+00  -4.1540009e-02   8.5136639e-03   2.4357525e-03
  -2.3206256e-02   8.9361745e-01  -6.0302256e+00  -4.2619713e-02   9.0439618e-03   2.6881891e-03
  -3.6954978e-02   8.7047100e-01  -5.9692869e+00  -4.1485679e-02   9.4232206e-03   3.0514752e-03
  -4.0372659e-02   8.5908206e-01  -6.0170126e+00  -4.1902343e-02   9.4018687e-03   2.9725862e-03
  -2.8467404e-02   8.6232752e-01  -6.0233613e+00  -4.2119065e-02   9.2079362e-03   2.7983466e-03
  -5.8454561e-02   9.2070382e-01  -6.2481834e+00  -4.4489570e-02   1.0923806e-02   3.1362731e-03
  -3.9155391e-02   9.1930369e-01  -6.1661939e+00  -4.2824364e-02   8.8445895e-03   3.0932864e-03
  -9.7522662e-03   9.4383094e-01  -6.2344057e+00  -4.6009338e-02   6.1886320e-03   4.0173743e-03
  -5.5816645e-02   8.7875181e-01  -6.2144392e+00  -4.4169762e-02   1.1483567e-02   3.2269601e-03
  -1.1303319e-02   8.9134613e-01  -6.1669329e+00  -4.0592176e-02   9.9223889e-03   2.8139902e-03
  -4.9887686e-02   9.2712702e-01  -6.1776604e+00  -4.4252531e-02   1.1781248e-02   3.0126102e-03
   2.1282998e-02   8.4438393e-01  -6.2808960e+00  -4.3518059e-02   9.3125641e-03   2.4223814e-03
  -2.0147330e-02   8.8545774e-01  -6.2304303e+00  -4.4389332e-02   1.0173419e-02   2.4707670e-03
  -1.6979071e-02   8.7753772e-01  -6.2409346e+00  -4.4050223e-02   9.8851343e-03   2.7082053e-03
  -3.4394541e-02   8.5777296e-01  -6.3265730e+00  -4.4885380e-02   1.0112060e-02   2.8277316e-03
  -5.7944935e-02   9.8335377e-01  -6.3257473e+00  -4.5807858e-02   1.0762196e-02   3.5340442e-03
  -7.6700737e-02   9.1040928e-01  -6.3867226e+00  -4.3451050e-02   1.3120981e-02   3.5591756e-03
  -6.9456206e-02   8.9201371e-01  -6.3667041e+00  -4.6014873e-02   1.2455150e-02   3.1163472e-03
  -5.5325082e-02   8.9512104e-01  -6.3118406e+00  -4.5052635e-02   1.1210945e-02   3.0974324e-03
  -5.4421913e-02   9.1756273e-01  -6.3589248e+00  -4.5914255e-02   1.0897402e-02   3.4138857e-03
  -4.7607136e-02   8.6823758e-01  -6.3402835e+00  -4.5504063e-02   1.0060382e-02   3.3093180e-03
  -4.3028022e-02   8.3769953e-01  -6.3002362e+00  -4.5624742e-02   1.0351844e-02   3.0787253e-03
  -3.7494637e-02   8.6248881e-01  -6.2415291e+00  -4.4333125e-02   1.0128245e-02   2.9857606e-03
  -5.0740830e-02   8.7450198e-01  -6.2023163e+00  -4.4011555e-02   1.1026465e-02   3.1005651e-03
  -3.0209549e-02   8.3905894e-01  -6.1652551e+00  -4.3351989e-02   1.0569439e-02   2.7986607e-03
  -5.5783964e-02   8.2295468e-01  -6.1516338e+00  -4.6817646e-02   1.2014997e-02   2.7349238e-03
  -5.5636421e-02   7.8372357e-01  -5.7196480e+00  -5.3829125e-02   1.2049146e-02   2.1850825e-03
  -3.3930459e-02   6.4773986e-01  -4.8282114e+00  -3.1052191e-02   7.6390885e-03   4.0059976e-03
  -3.7552081e-02   6.1919031e-01  -4.6873906e+00  -2.9485991e-02   7.8522231e-03   3.4079406e-03
  -4.6146934e-02   5.9460729e-01  -4.6726593e+00  -2.5810658e-02   7.4791783e-03   3.4366765e-03
  -4.0136969e-02   7.3124225e-01  -4.9549138e+00  -3.0505309e-02   1.1273681e-02   3.1055988e-03
  -3.7402725e-02   7.4445122e-01  -5.1679991e+00  -3.3362376e-02   7.4374680e-03   3.0673599e-03
  -1.2091051e-01   9.2929330e-01  -5.0702981e+00  -3.7348482e-02   1.1498759e-02   3.6435869e-03
   3.9644899e-02   7.7734225e-01  -6.0174590e+00  -4.8568364e-02   2.6561394e-03   4.5131536e-03
  -5.9701650e-02   6.4192966e-01  -6.3890967e+00  -4.3029042e-02   2.9014583e-03   4.7328298e-03
  -1.8166329e-01   9.1955219e-01  -6.4931826e+00  -4.8670636e-02   4.7771356e-03   6.1910908e-03
  -1.3062877e-01   9.2162702e-01  -6.2618322e+00  -4.4603974e-02   6.9938877e-03   4.4563004e-03
  -7.0996229e-02   9.4092150e-01  -6.0675748e+00  -4.2685265e-02   8.8394483e-03   3.3561380e-03
  -3.3006521e-02   8.5346281e-01  -5.9852060e+00  -4.1538953e-02   9.1268007e-03   2.6074333e-03
  -2.4808324e-02   8.3236684e-01  -6.0480910e+00  -4.2562422e-02   8.7027748e-03   3.0745870e-03
  -4.0684742e-02   8.2260649e-01  -6.3075826e+00  -4.8964450e-02   8.7182501e-03   2.8764571e-03
  -4.4574058e-03   8.2438169e-01  -5.9230316e+00  -4.4056907e-02   8.3713522e-03   2.5360838e-03
   5.8958707e-04   7.3227406e-01  -5.7815356e+00  -4.0505429e-02   7.0094878e-03   2.3631783e-03
  -2.0144937e-02   9.4768196e-01  -6.4113469e+00  -5.0598532e-02   1.0079921e-02   2.7474839e-03
  -5.9034337e-02   9.7647869e-01  -6.7860639e+00  -4.1269405e-02   7.6494042e-03   4.1451237e-03
  -7.8281074e-02   9.5617985e-01  -7.8630325e+00  -5.7220483e-02   3.7574540e-03   4.6957713e-03
  -8.4188635e-02   1.0383290e+00  -7.9450141e+00  -6.0390991e-02   2.6910201e-03   4.7663087e-03
  -5.2265046e-02   1.0746479e+00  -7.9881920e+00  -6.2430837e-02   3.0656264e-03   4.2056757e-03
  -4.5426549e-02   1.1220598e+00  -8.0143476e+00  -6.3449159e-02   1.7668104e-03   4.9538255e-03
  -3.0147225e-04   1.0866365e+00  -7.9462732e+00  -6.3195489e-02   4.6707794e-03   3.0918031e-03
  -6.1802150e-04   1.0703795e+00  -7.9669168e+00  -6.4116347e-02   5.0347964e-03   3.4082838e-03
   8.5703478e-03   1.0833114e+00  -7.9735691e+00  -6.4058981e-02   4.9634113e-03   3.0463772e-03
  -9.3237207e-03   1.1000989e+00  -7.9229436e+00  -6.4357888e-02   5.5097578e-03   3.2775345e-03
   1.2316991e-03   9.7451407e-01  -7.7838116e+00  -6.1681676e-02   8.3634768e-03   2.3119821e-03
  -1.8228712e-02   1.0885549e+00  -7.6978772e+00  -6.2199688e-02   1.2271590e-02   2.8987943e-03
  -4.0260699e-02   1.1906887e+00  -7.7500385e+00  -6.5508309e-02   1.1345216e-02   3.1929155e-03
  -6.1987104e-02   1.0930864e+00  -7.8756041e+00  -6.2923826e-02   1.1578926e-02   4.0528480e-03
  -4.1846521e-02   1.1382624e+00  -7.8032113e+00  -6.1726915e-02   1.0875280e-02   3.5380733e-03
  -1.4937352e-02   1.0884432e+00  -7.7865089e+00  -6.1854798e-02   1.1998932e-02   2.8173555e-03
  -2.1887748e-02   1.0896884e+00  -7.7521890e+00  -6.1589043e-02   1.2668906e-02   2.8701914e-03
  -3.3145093e-02   1.0522924e+00  -7.8616980e+00  -6.1525658e-02   1.2283338e-02   3.4907173e-03
  -6.1661859e-02   1.1641989e+00  -7.7943225e+00  -6.2440145e-02   1.3639406e-02   3.3135258e-03
  -6.3094469e-02   1.1213512e+00  -7.7322824e+00  -6.2875902e-02   1.5377994e-02   2.9197886e-03
  -4.1050668e-02   1.1275606e+00  -8.0792987e+00  -6.5107671e-02   1.1312171e-02   3.6580357e-03
  -2.9130573e-02   1.0981226e+00  -7.9681846e+00  -6.3867539e-02   1.1632316e-02   3.2014987e-03
  -3.8103266e-03   1.0735550e+00  -7.9381077e+00  -6.5341180e-02   1.1536137e-02   2.3734909e-03
  -4.4530910e-02   1.0326753e+00  -8.0287901e+00  -6.2161916e-02   9.2197138e-03   4.6515992e-03
  -1.8041982e-02   1.1018191e+00  -7.8869750e+00  -6.2021624e-02   9.3041146e-03   3.8141810e-03
  -8.9048688e-04   1.0506329e+00  -7.7945118e+00  -6.1330987e-02   9.5767765e-03   3.3564422e-03
   1.2416936e-02   1.0865693e+00  -7.8537838e+00  -6.1964887e-02   9.3625208e-03   3.1944796e-03
   1.2066812e-02   1.0852975e+00  -7.8186761e+00  -6.2558273e-02   9.3982811e-03   3.2556536e-03
   2.3650720e-02   1.0384518e+00  -7.6843937e+00  -5.9189844e-02   8.3528151e-03   3.1427934e-03
   3.1499872e-02   1.0292845e+00  -7.6558612e+00  -5.8671919e-02   8.7871062e-03   2.9802269e-03
   4.1418957e-02   1.0244716e+00  -7.6714510e+00  -5.9321444e-02   8.9218391e-03   2.8358727e-03
   4.2365382e-02   1.0109234e+00  -7.6590825e+00  -5.8777129e-02   9.0332327e-03   2.6787502e-03
   3.1026341e-02   1.0628052e+00  -7.7328377e+00  -5.9815484e-02   1.0907116e-02   2.8378349e-03
   2.6525679e-02   1.0646635e+00  -7.6916294e+00  -5.9355648e-02   1.1362257e-02   2.6058253e-03
   2.4990584e-02   1.0255748e+00  -7.6577126e+00  -5.8268628e-02   1.1619620e-02   2.6670673e-03
   3.5409455e-02   1.0662915e+00  -7.6533688e+00  -5.8928540e-02   1.1951391e-02   2.5418533e-03
  -2.8987600e-02   1.0043501e+00  -7.7126429e+00  -5.7638870e-02   1.4270151e-02   3.3912079e-03
  -3.4515545e-03   1.1026333e+00  -7.7059729e+00  -5.9864340e-02   1.2459732e-02   3.1831039e-03
  -2.6401291e-02   9.9274252e-01  -8.0257718e+00  -6.5263376e-02   1.2798740e-02   2.9711649e-03
  -6.7196761e-02   1.1160933e+00  -7.5567466e+00  -6.6377568e-02   3.0611060e-03   4.1001544e-03
  -9.7360468e-03   1.2099404e+00  -7.2272174e+00  -5.5999626e-02   6.3046650e-03   5.2561435e-03
  -1.9149999e-01   1.1165285e+00  -8.1894937e+00  -5.9571161e-02   5.6788102e-03   6.2043852e-03
  -1.5939432e-01   1.1137728e+00  -8.1576581e+00  -6.0571061e-02   5.3215450e-03   5.2971142e-03
  -1.1797227e-01   1.1109987e+00  -8.0638976e+00  -6.0184227e-02   5.4627111e-03   4.4149277e-03
  -8.7614055e-02   1.0889744e+00  -8.0397232e+00  -5.8989846e-02   6.2091344e-03   3.7218905e-03
  -9.7359528e-02   1.0549491e+00  -7.9390679e+00  -5.9667631e-02   6.3305856e-03   3.6627546e-03
  -8.3028021e-02   1.0642079e+00  -7.9198464e+00  -5.9227301e-02   6.2998103e-03   3.5337466e-03
  -7.5536719e-02   1.0548981e+00  -8.0654667e+00  -6.1507815e-02   7.3327234e-03   3.4022003e-03
  -7.0046165e-02   1.0684057e+00  -7.9934853e+00  -6.1400760e-02   8.3608509e-03   3.2241421e-03
  -7.8236722e-02   1.0397290e+00  -7.9792464e+00  -6.1417354e-02   8.5765338e-03   3.2929264e-03
  -2.8407881e-02   1.0471376e+00  -8.3530756e+00  -5.8531902e-02   5.4610280e-03   4.0289754e-03
  -4.0696073e-04   9.9610993e-01  -8.1075879e+00  -5.8290902e-02   6.4131725e-03   2.9642668e-03
   3.8018992e-03   8.4612424e-01  -7.8813160e+00  -5.3407136e-02   6.1286947e-03   2.1028159e-03
   3.4367007e-02   8.7590621e-01  -7.8763144e+00  -5.3500645e-02   5.5260643e-03   2.1192559e-03
   2.9879730e-02   8.7352183e-01  -7.8026621e+00  -5.2334943e-02   5.1315808e-03   2.1462775e-03
   3.5435780e-02   8.4351247e-01  -7.7747910e+00  -5.1021451e-02   5.0269381e-03   1.9023290e-03
   2.1686690e-02   9.0950033e-01  -7.8012631e+00  -5.2826529e-02   5.2019901e-03   2.1994595e-03
   3.6389596e-02   8.9688771e-01  -7.8528267e+00  -5.2359746e-02   5.2239157e-03   2.4637464e-03
   2.7522689e-02   9.1792335e-01  -7.8493452e+00  -5.4500306e-02   6.0508882e-03   2.2829076e-03
   2.2152317e-02   8.9570621e-01  -7.8217337e+00  -5.6303588e-02   6.3399423e-03   2.5712342e-03
   3.6064816e-02   1.0256388e+00  -8.2617306e+00  -5.7285900e-02   1.0084953e-02   2.0069213e-03
   4.1771457e-02   1.0363244e+00  -8.3857275e+00  -5.9642886e-02   9.5661511e-03   1.9092988e-03
  -3.6885868e-04   1.0615163e+00  -8.3741635e+00  -6.0125471e-02   8.5284952e-03   2.6713515e-03
   4.2708882e-03   1.0760641e+00  -8.4640767e+00  -6.1947559e-02   9.1880826e-03   2.4222013e-03
   1.9442014e-03   1.1089220e+00  -8.5026900e+00  -6.2176819e-02   9.7555579e-03   2.5879321e-03
  -2.1166471e-03   1.1276319e+00  -8.5318379e+00  -6.2994882e-02   9.1420939e-03   2.7660627e-03
  -2.3871281e-02   1.1681584e+00  -8.5406758e+00  -6.2395598e-02   1.1606074e-02   2.4521096e-03
  -4.8610568e-02   1.2003644e+00  -8.6641250e+00  -6.8518365e-02   1.0582370e-02   3.6013743e-03
  -5.1579112e-02   1.2559794e+00  -8.4757103e+00  -6.8678755e-02   1.0824674e-02   3.7717922e-03
  -7.7412681e-02   1.0893206e+00  -7.9586526e+00  -6.4030541e-02   6.1706510e-03   3.3943193e-03
  -1.4044909e-01   1.1258850e+00  -8.0134835e+00  -6.1163047e-02   7.6823719e-03   6.4329277e-03
  -2.1426149e-01   1.2685279e+00  -8.5852815e+00  -6.2173030e-02   7.8596893e-03   6.5381806e-03
  -2.0106622e-01   1.2660436e+00  -9.1014035e+00  -6.4261205e-02   7.6740972e-03   6.9222264e-03
  -6.3320222e-02   1.1599813e+00  -9.7930956e+00  -7.1262054e-02   5.1649749e-03   3.7030336e-03
  -8.9922847e-02   1.2103984e+00  -9.8027151e+00  -7.2534285e-02   5.0599390e-03   4.1088613e-03
  -7.9867191e-02   1.1921938e+00  -9.7581647e+00  -7.2205338e-02   5.7692409e-03   3.2508975e-03
  -7.3568439e-02   1.1853535e+00  -9.7377633e+00  -7.2533898e-02   6.0759552e-03   2.8810543e-03
  -6.7007089e-02   1.2514310e+00  -9.7416232e+00  -7.3597717e-02   6.5327029e-03   2.8260973e-03
  -6.1436447e-02   1.2323310e+00  -9.6897304e+00  -7.3549505e-02   6.2561376e-03   2.6335286e-03
  -7.3682887e-02   1.2241065e+00  -9.6636890e+00  -7.3107367e-02   7.5843602e-03   2.4685916e-03
  -6.6742066e-02   1.2285650e+00  -9.6445694e+00  -7.3870633e-02   7.9106023e-03   2.3874282e-03
  -7.9408691e-02   1.2216213e+00  -9.6254696e+00  -7.2616838e-02   8.5812764e-03   2.5285246e-03
  -8.6843148e-02   1.2349076e+00  -9.6090815e+00  -7.3453904e-02   8.6854758e-03   2.8161621e-03
  -7.4886135e-02   1.2074266e+00  -9.5960696e+00  -7.2907044e-02   8.4200329e-03   2.6975398e-03
  -7.9124759e-02   1.2150822e+00  -9.5874072e+00  -7.2957341e-02   8.8403533e-03   2.3492976e-03
  -8.2534423e-02   1.2437041e+00  -9.5899794e+00  -7.3144112e-02   8.8682548e-03   2.4004723e-03
  -7.5096221e-02   1.2111797e+00  -9.6145424e+00  -7.2654111e-02   8.9137071e-03   2.2676709e-03
  -7.1758370e-02   1.2475167e+00  -9.6031538e+00  -7.3056669e-02   8.8680016e-03   2.2915385e-03
  -5.7603503e-02   1.2144632e+00  -9.5711350e+00  -7.2491793e-02   8.6121679e-03   2.0316975e-03
  -8.1065017e-02   1.2037469e+00  -9.6243239e+00  -7.2144555e-02   9.4196536e-03   1.9115617e-03
  -1.0809380e-01   1.2309235e+00  -9.2737366e+00  -7.0119789e-02   1.0111727e-02   2.7579907e-03
  -1.0648806e-01   1.1465382e+00  -8.8694805e+00  -6.4541273e-02   9.5286168e-03   3.4289593e-03
  -1.2484072e-01   1.1428506e+00  -8.8379161e+00  -6.3041162e-02   9.9375259e-03   3.3014395e-03
  -8.9461801e-02   1.0999990e+00  -8.7831426e+00  -6.3369784e-02   8.9532794e-03   3.5491779e-03
  -8.7217920e-02   1.1369012e+00  -8.7768816e+00  -6.4718455e-02   9.2319712e-03   3.3427379e-03
  -1.1889408e-01   1.1633687e+00  -8.7563444e+00  -6.4388494e-02   1.0392506e-02   3.6123983e-03
  -1.3626306e-01   1.1114433e+00  -8.7578074e+00  -6.4840408e-02   9.8526590e-03   4.0127980e-03
  -1.2121542e-01   1.1412818e+00  -8.7581636e+00  -6.4844129e-02   9.6240419e-03   3.7014437e-03
  -1.3062303e-01   1.1571014e+00  -8.8370277e+00  -6.5674794e-02   1.0181724e-02   3.8791823e-03
  -1.0808261e-01   1.1584512e+00  -8.7896492e+00  -6.5585776e-02   1.0013577e-02   3.6054949e-03
  -9.5866063e-02   1.1440536e+00  -8.7139806e+00  -6.4616170e-02   9.6178173e-03   3.3376730e-03
  -9.7256025e-02   1.1301385e+00  -8.7142361e+00  -6.3942892e-02   9.4342114e-03   3.3890010e-03
  -1.1557132e-01   1.1535179e+00  -8.8187342e+00  -6.4103053e-02   9.4745067e-03   3.8590637e-03
  -8.4954506e-02   1.1216296e+00  -8.6940743e+00  -6.3746070e-02   9.5158445e-03   3.2476560e-03
  -9.1886688e-02   1.1696680e+00  -8.7413781e+00  -6.4878268e-02   1.0133152e-02   3.8004661e-03
  -1.1900225e-01   1.1674669e+00  -8.6796418e+00  -6.2952395e-02   9.7061248e-03   3.8834577e-03
  -1.0322070e-01   1.1730309e+00  -8.7346543e+00  -6.2548997e-02   8.9912901e-03   3.7987581e-03
  -7.6818445e-02   1.1291817e+00  -8.6414879e+00  -6.1895638e-02   8.3190841e-03   3.5303139e-03
  -8.9370579e-02   1.1456919e+00  -8.7020843e+00  -6.2602847e-02   8.5347707e-03   3.5595780e-03
  -1.7913410e-01   1.1086054e+00  -8.6465455e+00  -6.4210832e-02   1.2295976e-02   4.5075185e-03
  -1.1795130e-01   1.1857703e+00  -8.6366161e+00  -6.0655963e-02   9.9409614e-03   4.8965577e-03
  -1.0297964e-01   1.1988571e+00  -8.4778954e+00  -5.8920093e-02   9.3975033e-03   4.2871439e-03
  -3.4897116e-02   1.1145990e+00  -8.2822340e+00  -5.9055735e-02   9.6138927e-03   3.3950338e-03
  -8.8220068e-02   1.1497313e+00  -8.1624260e+00  -5.7426122e-02   8.8398488e-03   4.4151701e-03
  -7.5575295e-02   1.0674719e+00  -8.0647529e+00  -5.6124601e-02   9.0164677e-03   3.7047608e-03
  -7.3029806e-02   1.1135217e+00  -8.0225367e+00  -5.6416046e-02   8.1839057e-03   3.7368591e-03
  -6.9812062e-02   1.0809497e+00  -7.9958123e+00  -5.6280537e-02   8.0545319e-03   3.6880580e-03
  -9.3997874e-02   1.0707023e+00  -7.7756047e+00  -5.3262832e-02   7.0103645e-03   3.8458643e-03
  -7.9363564e-02   1.0668518e+00  -7.7792946e+00  -5.3813958e-02   8.0341385e-03   3.6136471e-03
  -7.5709039e-02   1.0558183e+00  -7.7857276e+00  -5.3539159e-02   7.5124328e-03   3.6893640e-03
  -9.2199300e-02   1.1630345e+00  -7.8166438e+00  -5.4254539e-02   8.5644500e-03   3.4664776e-03
  -1.0781891e-01   1.1190414e+00  -7.8374844e+00  -5.4605249e-02   8.1273930e-03   4.1251580e-03
  -4.3479547e-02   1.1328635e+00  -7.8662025e+00  -5.9705786e-02   6.9301606e-03   2.7290936e-03
  -4.6370384e-02   1.1151367e+00  -7.1519361e+00  -5.0403195e-02   4.3064139e-03   4.3292698e-03
  -5.0341168e-02   1.0979267e+00  -7.5762685e+00  -5.9089212e-02   8.8980376e-03   3.1514588e-03
  -7.2192774e-02   9.8907099e-01  -8.3598536e+00  -5.8424389e-02   2.4735670e-03   4.1500250e-03
  -5.0040146e-02   1.1291608e+00  -8.1261646e+00  -5.9018658e-02   2.3579645e-03   3.7589328e-03
  -3.5134649e-02   1.0687355e+00  -7.9975186e+00  -5.7995798e-02   3.2336163e-03   3.4762656e-03
  -8.4858774e-03   1.0296035e+00  -7.9946342e+00  -5.8699270e-02   3.5235571e-03   3.0254988e-03
  -1.5108810e-02   1.0309138e+00  -7.9549468e+00  -5.9143319e-02   4.2653908e-03   3.2487373e-03
  -7.8290572e-04   1.0288594e+00  -7.9426391e+00  -5.8240654e-02   4.5774399e-03   2.8795386e-03
  -8.6803338e-03   1.0138202e+00  -7.9448244e+00  -5.8318985e-02   5.0714036e-03   2.9460235e-03
  -1.0343402e-02   1.0209446e+00  -7.9678294e+00  -5.9049606e-02   4.9983533e-03   3.0401695e-03
  -8.0914059e-03   1.0490276e+00  -8.0287755e+00  -5.9107221e-02   5.5012463e-03   2.7223384e-03
  -4.4089934e-03   1.0643329e+00  -8.0009407e+00  -5.9844252e-02   5.6544469e-03   2.7170052e-03
   1.4242215e-02   1.0535170e+00  -7.9922028e+00  -5.9900325e-02   5.3676272e-03   2.5359181e-03
   4.4117233e-03   1.0630418e+00  -7.9211926e+00  -5.8621782e-02   6.2862081e-03   2.6337261e-03
  -1.2004346e-02   1.0693297e+00  -7.8421166e+00  -5.8787890e-02   6.7818542e-03   2.9491194e-03
  -5.2169618e-04   1.0207741e+00  -7.7391966e+00  -5.6554431e-02   6.7554754e-03   2.6431645e-03
   2.2664061e-03   9.7710997e-01  -7.6246665e+00  -5.5033808e-02   6.9227193e-03   2.4626143e-03
   3.8871152e-02   9.6776121e-01  -7.5838989e+00  -5.9394981e-02   8.6571117e-03   1.0616027e-03
  -5.6232827e-02   6.9104180e-01  -5.1839767e+00  -3.5628346e-02   8.7834262e-03   2.5766315e-03
   5.4983275e-02   7.7425436e-01  -6.4733486e+00  -4.7651906e-02   6.5011727e-03   3.1879602e-03
  -4.1637668e-02   6.4470636e-01  -5.7185481e+00  -4.2869132e-02   5.0798713e-03   4.6026433e-03
  -1.1315574e-01   7.0255009e-01  -5.2649571e+00  -3.0682169e-02   5.7976726e-03   4.3904130e-03
  -7.0386314e-02   6.5406075e-01  -5.2046926e+00  -2.9936823e-02   6.2707381e-03   3.6273159e-03
  -6.5365898e-02   6.2411224e-01  -5.1761604e+00  -3.0417347e-02   6.7451462e-03   3.1674337e-03
  -4.6733565e-02   6.1616648e-01  -5.2188289e+00  -3.0476123e-02   6.6529490e-03   2.9932482e-03
  -6.0279846e-02   6.2422548e-01  -5.2332667e+00  -3.0740674e-02   7.2464746e-03   3.1633650e-03
  -4.6101668e-02   6.3598289e-01  -5.3540369e+00  -3.1519755e-02   7.9173019e-03   2.8667913e-03
  -2.8477075e-02   6.6389066e-01  -5.4129807e+00  -3.3492956e-02   8.4301408e-03   2.4073159e-03
  -4.5412879e-02   6.6536653e-01  -5.4131494e+00  -3.3650883e-02   8.7522575e-03   2.9698472e-03
  -5.3280801e-02   7.0946902e-01  -5.4373352e+00  -3.3925825e-02   9.3123469e-03   2.8632835e-03
  -6.2505180e-02   6.8553368e-01  -5.4497114e+00  -3.3833567e-02   9.1378518e-03   2.9264457e-03
  -5.0887592e-02   6.8463276e-01  -5.4816201e+00  -3.4566670e-02   9.7613588e-03   2.8122666e-03
  -5.2652238e-02   6.7873428e-01  -5.5032464e+00  -3.4163779e-02   9.7971687e-03   2.5809600e-03
  -4.6603905e-02   6.9328007e-01  -5.4939601e+00  -3.3982419e-02   9.8286467e-03   2.5737904e-03
  -3.7777264e-02   7.2472838e-01  -5.5196026e+00  -3.4522796e-02   9.7088697e-03   2.3555791e-03
   3.0947311e-02   6.7857958e-01  -5.6097571e+00  -2.8938466e-02   9.6431202e-03   2.6179415e-03
  -5.2466222e-02   8.1927040e-01  -5.9878700e+00  -3.9886876e-02   1.0795271e-02   2.5558147e-03
  -4.7873955e-02   8.0145578e-01  -5.9549058e+00  -3.9372510e-02   1.0487230e-02   2.3993835e-03
  -5.8212402e-02   7.9403406e-01  -5.9750520e+00  -3.9729308e-02   1.0184818e-02   2.5539135e-03
  -6.6027921e-02   7.5844802e-01  -6.3060715e+00  -3.9930650e-02   1.0589089e-02   4.0194777e-03
  -1.2098453e-01   7.7289216e-01  -6.7650555e+00  -4.2564407e-02   9.7446748e-03   3.8240770e-03
  -6.5036538e-02   7.7045005e-01  -6.7400723e+00  -4.1714725e-02   8.4347951e-03   2.7489518e-03
  -6.1030268e-02   8.0519704e-01  -6.7045641e+00  -4.1025670e-02   7.9902925e-03   2.6536054e-03
  -7.1145771e-02   7.7570339e-01  -6.7010731e+00  -4.1261042e-02   6.7252339e-03   3.1551632e-03
  -9.5495439e-03   7.5181799e-01  -5.6817108e+00  -3.9342178e-02   6.1862823e-03   2.7100164e-03
  -9.2656365e-02   7.5511390e-01  -5.6376820e+00  -3.4928157e-02   9.8883287e-03   3.6112744e-03
  -6.7759802e-02   7.3619771e-01  -5.5561861e+00  -3.3520012e-02   9.5359005e-03   3.0982843e-03
  -5.2421314e-02   6.9751021e-01  -5.5705488e+00  -3.3370083e-02   9.6626332e-03   2.9977025e-03
  -5.7616206e-02   6.8317964e-01  -5.5853277e+00  -3.3791905e-02   1.0159841e-02   3.2877645e-03
  -5.4030831e-02   7.5680895e-01  -5.6007412e+00  -3.4170132e-02   1.1043041e-02   3.0257899e-03
  -4.8512256e-02   6.8967302e-01  -5.6115824e+00  -3.3951379e-02   1.1566226e-02   3.1177563e-03
  -5.5549300e-02   7.4047204e-01  -5.6442492e+00  -3.4577056e-02   1.1348780e-02   2.8470247e-03
  -7.0560874e-02   7.7480003e-01  -5.6356550e+00  -3.4670613e-02   1.1695909e-02   2.9516600e-03
  -7.8780419e-02   7.2669308e-01  -5.6956966e+00  -3.4611242e-02   1.2024345e-02   3.3701907e-03
  -6.5139369e-02   7.5418583e-01  -5.6897131e+00  -3.4700608e-02   1.2232158e-02   3.0075580e-03
  -5.6994169e-02   7.0539832e-01  -5.6823504e+00  -3.4457614e-02   1.2088328e-02   2.8831688e-03
  -6.4807048e-02   7.6483699e-01  -5.6773184e+00  -3.4482910e-02   1.2359926e-02   2.7599146e-03
  -5.9028357e-02   9.4694087e-01  -5.4181708e+00  -3.8800443e-02   9.3484714e-03   3.1601551e-03
  -1.1097867e-01   7.2793147e-01  -5.5229606e+00  -3.2242348e-02   1.0974484e-02   4.2090972e-03
  -1.0251378e-01   7.4753825e-01  -5.4487802e+00  -3.3228601e-02   1.1333102e-02   4.2397021e-03
  -7.8255540e-02   7.4502923e-01  -5.4630934e+00  -3.1478551e-02   1.1034376e-02   3.9294050e-03
  -1.0419385e-01   7.5785111e-01  -5.5408102e+00  -3.3364413e-02   1.1366908e-02   4.1566938e-03
  -9.9508915e-02   7.5311100e-01  -5.5551211e+00  -3.3565949e-02   1.1124936e-02   3.9533806e-03
  -9.8510717e-02   7.5345340e-01  -5.6181622e+00  -3.4432220e-02   1.1520087e-02   3.8635790e-03
  -1.0667922e-01   7.6809356e-01  -5.5776766e+00  -3.3553792e-02   1.1965358e-02   3.9316608e-03
  -9.5241317e-02   7.7363300e-01  -5.5715613e+00  -3.3409331e-02   1.2052615e-02   3.8321369e-03
  -7.0349085e-02   6.9823368e-01  -5.0620983e+00  -2.9380824e-02   9.4481254e-03   3.7452798e-03
   3.0151350e-03   7.1984934e-01  -4.9576097e+00  -2.8138811e-02   1.0579998e-02   1.9302190e-03
  -3.3264675e-02   6.2536353e-01  -4.9807032e+00  -2.9342658e-02   8.9813958e-03   3.5462870e-03
   2.5944358e-03   7.3435005e-01  -6.2262954e+00  -4.0652417e-02   1.0239295e-02   1.8006569e-03
  -7.4308314e-02   8.2618540e-01  -5.8308179e+00  -3.6867624e-02   1.1798506e-02   2.5525239e-03
  -4.1741989e-02   7.9591394e-01  -6.1044992e+00  -3.9145428e-02   9.7806293e-03   2.4829310e-03
  -3.3384906e-02   8.0607929e-01  -6.0234006e+00  -3.6855064e-02   9.1232934e-03   2.4595831e-03
  -2.1326461e-03   8.5655161e-01  -6.1031430e+00  -3.8127118e-02   6.6868980e-03   2.6624948e-03
  -7.3478134e-02   7.8131231e-01  -6.0477867e+00  -3.7456610e-02   8.9857429e-03   2.9226142e-03
  -2.9252500e-02   7.8586411e-01  -6.0683792e+00  -3.8480908e-02   9.1892239e-03   2.1878540e-03
  -6.6288692e-02   8.0051326e-01  -6.0517890e+00  -3.6727841e-02   9.3422034e-03   2.7805551e-03
  -9.2141576e-03   9.3631675e-01  -6.0943961e+00  -4.0702982e-02   5.2817975e-03   4.7092838e-03
  -6.6234871e-02   8.6211166e-01  -5.9987154e+00  -3.9928982e-02   9.9452239e-03   2.5809994e-03
  -1.6051163e-02   7.7815166e-01  -6.2358743e+00  -4.5657286e-02   6.4840300e-03   2.2814957e-03
  -3.6362366e-02   5.8735614e-01  -4.7422776e+00  -1.7394200e-02   2.6853729e-05   4.5511611e-03
  -5.7808732e-02   6.7509996e-01  -5.0743521e+00  -2.5942858e-02   3.2112946e-05   5.4775030e-03
  -4.4905444e-02   6.4527217e-01  -5.0736179e+00  -2.6477784e-02   2.1539834e-04   4.6517033e-03
  -4.1991197e-02   6.6301887e-01  -5.1334759e+00  -2.7121072e-02   2.1558150e-04   4.6160819e-03
  -1.3677937e-02   6.9629083e-01  -5.2064864e+00  -2.8602792e-02   4.7693332e-04   3.6190105e-03
  -6.1667145e-03   6.5641799e-01  -5.1827441e+00  -2.7809129e-02   8.5867139e-04   3.5008807e-03
  -1.5123347e-02   6.9847815e-01  -5.2340099e+00  -2.7588409e-02   1.0538811e-03   3.5492982e-03
  -4.7250155e-04   6.7051006e-01  -5.2780898e+00  -2.8360904e-02   1.8251342e-03   3.1218951e-03
   2.6780358e-02   7.9333025e-01  -5.4989324e+00  -1.5866149e-02   4.5286575e-03   3.0416537e-03
   9.1089079e-02   8.3953059e-01  -6.2855837e+00  -1.9670434e-02   6.1297736e-03   1.6119725e-03
   9.4772885e-02   7.1552929e-01  -6.2942194e+00  -1.6214287e-02   5.4181085e-03   1.7692280e-03
   9.7373482e-02   7.2315573e-01  -6.4192943e+00  -1.6564545e-02   5.8803429e-03   2.6473706e-03
   8.8447121e-02   7.4365840e-01  -6.7276565e+00  -3.1018090e-02   3.4174617e-03   3.3916678e-03
