   0.0000000e+00   0.0000000e+00   0.0000000e+00   0.0000000e+00   0.0000000e+00   0.0000000e+00
  -7.1263891e-03   3.8646736e-02   7.7663453e-02   7.6922074e-04   9.2677251e-04  -1.5792304e-04
  -2.5290326e-03   2.9749315e-02   5.0097634e-02   1.2436680e-05   3.6623658e-04  -2.2201901e-04
  -4.9643313e-03   2.8004087e-02   1.2111533e-02  -8.8593095e-05   3.3796766e-04  -2.8209282e-04
  -5.2915742e-03   1.9120906e-02  -1.6781292e-02  -1.2874895e-03   1.9069501e-04   6.5410772e-04
  -4.7933992e-02   1.9933250e-02  -1.5583293e-01   2.2426129e-03   1.9803724e-03   1.7419283e-03
   1.4798957e-02  -3.6572792e-02  -1.4997097e-01  -7.9156170e-03   5.7375034e-03   1.4157459e-03
  -3.5888532e-02   1.1358080e-02  -1.4892172e-01   4.8027042e-03   6.4815988e-04   2.4625034e-03
  -6.1758512e-03   7.7077876e-02   3.7182736e-01   1.0376086e-02   5.7202721e-03   2.5739665e-03
  -4.8423185e-02  -1.8789999e-02  -1.8901492e-01   3.2421978e-03  -3.7091782e-03   3.5388443e-03
  -3.7077762e-02   1.6510298e-02  -6.7427801e-02   5.5692855e-03  -1.0140158e-03   2.3698910e-03
  -3.2392688e-02  -1.6045417e-02  -8.6062694e-02   5.3760376e-03  -4.6102359e-04   2.2258711e-03
   2.4976244e-02   1.1458451e-01   4.2310465e-01   1.1770846e-02   3.8206723e-03   3.1642305e-03
  -3.2390951e-02  -1.4288320e-02  -2.0996275e-01   5.9533992e-03  -1.8845217e-03   2.2068061e-03
   6.9686563e-02   1.8294717e-01   2.5531909e-01   9.3601091e-03   6.6069801e-03   1.9863541e-03
  -6.3559841e-02   3.4730153e-02  -1.4098120e-01  -3.2957120e-02  -1.6695117e-03  -2.7588731e-03
  -7.0347453e-02   1.8208450e-01   1.8445223e-01  -2.8161140e-02   4.4087054e-03  -1.7447017e-03
  -6.8094102e-03   1.8812833e-01   3.5425879e-01  -1.4048319e-02  -7.4458157e-03   6.4213085e-03
  -1.3419862e-01  -2.3114822e-01  -4.6556907e-01  -1.4137441e-02   2.0624820e-02   1.2571480e-02
  -8.3079826e-02  -3.2836006e-01   1.4574203e+00  -1.1502411e-02   2.4595920e-02   1.2091169e-02
  -4.6125294e-02  -4.2083495e-01   3.2683950e-01  -2.9513912e-03   2.1433767e-02   8.8568238e-03
   3.6169836e-02   1.1609088e-04  -1.5122293e+00  -7.3040746e-03   7.9916774e-03   6.4637088e-03
   1.6743186e-02  -2.1788171e-02  -1.3060097e+00  -3.9359533e-03  -9.0209806e-04   5.3639114e-03
  -1.3018261e-02  -2.6974985e-01  -4.5302102e-01  -1.5216724e-02   6.1086005e-03   4.5890132e-03
  -8.3797213e-02  -2.9359641e-02  -1.1049620e-01  -1.2130217e-04  -2.9075064e-03   4.1810818e-03
  -7.3019304e-02  -1.6308827e-01  -1.2627929e-01  -1.0830688e-02   6.9136120e-03   5.4963290e-03
  -6.8889450e-02  -2.4297702e-01   1.2695875e+00  -1.9902250e-03   2.1330080e-03   6.9979673e-03
  -7.8653897e-02   2.9841104e-01   1.7571520e+00   4.2330538e-02   2.1878990e-02   1.0908989e-02
  -1.5613149e-01   5.9387176e-01   3.3251441e-02   4.3916419e-02   2.3523286e-02   1.0751133e-02
  -4.5994285e-02  -7.5153662e-02  -2.6637922e+00  -4.6486951e-03   3.0285772e-03   6.1819517e-03
  -4.0450143e-02  -9.6490358e-02  -2.3966077e+00  -8.4545651e-03  -3.7639967e-03   5.9664588e-03
  -9.6057970e-02  -1.1297670e-01  -2.0502825e+00  -7.8388865e-03   1.4570898e-04   6.2420952e-03
  -8.2290373e-02  -7.3544755e-02  -1.7381358e+00  -4.8604098e-03  -6.2465175e-04   5.4927349e-03
  -9.1313691e-02  -7.2015623e-02  -1.5762968e+00  -8.4283832e-05   1.5838118e-03   7.0804657e-03
  -3.2583165e-02  -8.1315373e-02  -1.4740880e+00  -7.2488825e-03   1.0303568e-02   5.8869466e-03
  -9.0109344e-02  -7.9703107e-02  -1.0112112e+00  -1.0552692e-03   3.2920134e-03   6.0150499e-03
  -9.4209391e-02  -1.2761682e-01  -9.3951963e-01   2.1676527e-04   1.9076529e-03   7.0490241e-03
  -7.7369920e-02  -1.0175329e-01  -8.6093235e-01  -2.6800148e-03   3.6358546e-03   5.0622731e-03
  -7.3366151e-02  -3.1879898e-01   1.6143639e+00  -4.7063020e-02   1.6612043e-02   5.8267362e-03
  -9.8609441e-02  -3.5201037e-01  -2.4327720e+00  -2.7741459e-02   9.6012255e-03   1.2093718e-02
   5.1412876e-02  -9.2237957e-03  -1.2105811e+00  -1.1027601e-02   2.2841716e-03   9.0907005e-03
   4.2608301e-02  -1.4712676e-02  -1.1404670e+00  -8.1815256e-03   7.5274424e-05   8.6709703e-03
   1.9645468e-02  -5.0896392e-02  -1.0312737e+00  -6.1907766e-03   4.9339532e-04   8.1286529e-03
   3.1230480e-02  -5.3421956e-02  -8.3791283e-01  -5.1951825e-03   1.8318395e-03   8.1187652e-03
   2.4573971e-02  -2.5882688e-02  -7.8840444e-01  -5.1895878e-03   3.7944168e-03   8.0598782e-03
   5.2666503e-03  -1.9854551e-02  -7.7680136e-01  -4.0340043e-03   1.6376343e-03   8.0935181e-03
   3.7467467e-02  -5.4603120e-02  -8.5434962e-01  -6.7040761e-03   1.0731881e-03   7.0488551e-03
   4.5647553e-03  -5.4051014e-02  -6.1017147e-01  -6.6520100e-03   7.3130960e-03   7.0732008e-03
  -1.6961036e-02  -5.3274171e-03  -6.9973929e-01  -3.6516096e-03   2.6229011e-03   6.8246644e-03
   7.8856281e-03  -1.4097051e-02  -7.7402201e-01  -7.2688239e-03   2.1590176e-03   7.1629673e-03
   4.9426204e-02  -4.2125935e-01   1.0833093e+00  -3.6617603e-02   8.3980889e-03   3.4503549e-03
   2.1186104e-01  -3.5608157e-01   2.5033361e+00  -6.6378062e-03   2.4431710e-02   8.3335744e-03
   8.2875208e-02   4.3008179e-02   2.8400899e-01  -1.6338542e-03   1.1770976e-02   7.0248209e-03
   5.5067836e-02  -1.8727734e-02   5.4663703e-03  -2.1913757e-03   1.0958663e-03   5.9356307e-03
   6.5468016e-02  -3.2027328e-02   7.4587113e-02  -1.3979644e-03   5.3359005e-04   5.4818769e-03
   7.8351088e-02  -4.9784238e-02   1.0412551e-01  -1.0373091e-03   1.8062621e-03   4.8544986e-03
   7.9609860e-02  -4.5490872e-02   7.1832860e-02  -1.6229089e-03   1.5839532e-03   4.6887184e-03
   8.2483351e-02  -4.4521509e-02  -4.1326892e-03  -2.3950081e-03   2.2775772e-03   4.8463657e-03
   6.7748657e-02  -4.3052755e-02   6.2641841e-02  -1.7092136e-03   2.5368829e-03   4.5808662e-03
   8.5797316e-02  -4.3986174e-02  -1.9777423e-02  -1.2373683e-03   2.6087653e-03   4.6537853e-03
   9.5590333e-02  -5.2402989e-02   3.4283663e-02  -1.6622647e-03   3.2491254e-03   4.0153926e-03
   1.0476990e-01  -3.7793920e-02   1.9593901e-02  -5.2195633e-04   4.7152110e-03   4.4441653e-03
   9.0147680e-02  -4.0705793e-03   3.1721606e-02  -1.0184952e-03   4.7005097e-03   5.0208371e-03
   9.1172245e-02   2.2006268e-02  -8.9275215e-02  -3.6517526e-03   2.3796090e-03   4.7246544e-03
   1.0145395e-01  -1.0307191e-02  -2.4837368e-02  -2.9500535e-03   2.8475709e-03   4.6615409e-03
   1.0553186e-01  -2.3144687e-02  -5.2829918e-02  -3.5818634e-03   2.8017515e-03   4.5432693e-03
   1.1192770e-01  -9.6960899e-03  -8.1872465e-02  -2.7173622e-03   3.5226901e-03   4.3953441e-03
   1.2213216e-01   3.0106887e-02  -7.6851232e-02  -3.9024271e-03   1.5870215e-03   4.7789640e-03
   5.4949699e-02  -1.5821384e-02  -7.7153481e-02   3.1599532e-03   2.7476819e-03   4.9889310e-03
   2.6844552e-02  -2.0620227e-02  -3.8548096e-01  -5.3992306e-03  -8.1601394e-04   4.6479081e-03
   4.9650404e-02  -4.9549060e-02  -3.7568232e-01  -2.7777359e-03   3.8357927e-04   4.0428850e-03
   5.7861230e-02  -3.7094737e-02  -2.8538742e-01  -4.5524261e-03   1.3751559e-03   3.7778146e-03
   4.8204262e-02  -6.5325143e-02  -2.3448606e-01  -3.5561353e-03  -2.6222263e-03   3.3261246e-03
   4.6962450e-02  -2.8388100e-02  -2.0563129e-01  -7.4757089e-04  -1.8413612e-04   3.5467631e-03
   1.8095984e-02  -4.7235799e-02  -3.5053865e-01  -6.7702761e-03   3.5960679e-03   4.8919773e-03
  -8.0174490e-03  -7.3522369e-02  -4.0942252e-01  -7.6946880e-03   4.8389020e-03   5.7533119e-03
  -4.5857388e-02  -7.3979323e-02  -6.5094933e-01  -3.0852105e-03   3.0595998e-03   6.2527210e-03
  -2.2588207e-02  -7.9874129e-02  -5.3733974e-01  -4.1100722e-03   1.0634057e-03   5.1918582e-03
  -6.0652362e-03  -9.5958150e-02  -5.8478032e-01  -7.0676143e-03   5.2283232e-04   4.8681768e-03
  -1.1155137e-02  -8.4806362e-02  -5.3130532e-01  -5.4241996e-03   3.2418366e-03   5.2322371e-03
  -6.4324700e-02  -5.6758614e-02  -5.3203487e-01  -6.0398957e-03   9.3660838e-03   7.9585350e-03
   2.8666616e-02  -8.0128079e-02  -5.2745796e-01  -5.5603776e-03   1.9280902e-02   7.9622364e-03
  -8.3350330e-03  -9.8297647e-02  -8.1132038e-01  -1.7188906e-03   1.5285553e-02   7.4374190e-03
  -9.0893468e-03  -8.1860025e-02  -9.4560423e-01  -8.4524706e-04   1.0184043e-02   6.0706666e-03
   2.0580557e-02  -1.0070998e-01  -1.0300002e+00  -2.0496257e-04   9.9573324e-03   5.2642962e-03
   2.8500320e-02  -1.2341513e-01  -1.1104646e+00  -9.3821040e-03   7.1808326e-03   5.5464070e-03
   3.4525547e-03  -2.6368538e-02  -4.0131849e-01   1.9186412e-03   2.6733566e-04   5.2600037e-03
  -9.6259889e-03  -8.4455697e-02  -5.7858943e-01  -5.2349046e-04   1.2953786e-04   5.2900861e-03
  -1.3717256e-02  -8.0903828e-02  -6.0439169e-01  -1.7536639e-03   1.6568106e-04   4.7460658e-03
   2.6726609e-02  -2.1506222e-01  -5.5890517e-01  -9.9557090e-03   7.2351125e-03   4.5709324e-03
  -1.0497198e-02  -3.0073904e-02   1.4839583e-02   6.4229106e-03   2.8460631e-03   5.5956570e-03
  -3.0509652e-02  -1.1816511e-01  -3.2676233e-01   1.4190191e-03   7.1518948e-04   5.2667322e-03
  -1.3351206e-02  -8.2820159e-02  -3.2887070e-01   1.8929010e-03   2.7435833e-03   4.8405164e-03
  -2.5676845e-03  -1.0554763e-01  -4.1623297e-01   1.4500936e-03   3.1865098e-03   4.6416273e-03
   1.1556574e-01   4.2999809e-02   3.2571896e-01   1.1874070e-02   5.2458880e-03   5.1631819e-03
  -1.6984985e-02  -7.5827153e-02  -6.3792581e-01   4.9086023e-03   1.0492422e-03   5.4496343e-03
  -1.2072894e-02  -1.0648510e-01  -7.0885213e-01   2.7648091e-03   2.1307743e-03   4.6758608e-03
   4.5253401e-02  -9.1860341e-02  -4.8537035e-01   5.1160587e-03  -2.4805613e-03   3.7401866e-03
   6.5874966e-03  -1.5810054e-01  -5.7406877e-01  -4.7632942e-04  -1.8482936e-03   4.4029450e-03
   3.7728658e-04  -1.1360954e-01  -6.7421596e-01   6.4516143e-04  -7.9713000e-04   4.6710068e-03
  -7.6353090e-03  -1.1975732e-01  -6.9519681e-01  -3.7811677e-04  -6.3226120e-05   4.7280389e-03
  -8.6664264e-03  -1.1567993e-01  -6.7112522e-01  -8.5786203e-04   6.4877949e-05   4.4433130e-03
  -2.3217298e-03  -1.1763521e-01  -6.5550911e-01  -1.1077543e-03   9.9514269e-04   3.9453032e-03
  -6.2845903e-03  -1.1702505e-01  -7.2349617e-01  -1.5971050e-03   4.9727664e-05   4.1287557e-03
  -5.8381956e-03  -1.1234381e-01  -6.7082269e-01  -6.1461693e-04   1.0327920e-03   4.0146113e-03
  -9.9860946e-03  -8.0398153e-02  -7.7804011e-01  -7.0419396e-04  -4.4877709e-04   4.1411057e-03
   3.3612765e-03  -1.1784552e-01  -6.2964316e-01  -1.0908144e-03   9.2301162e-04   3.8467279e-03
   3.1636094e-03  -4.6696367e-02  -2.0926146e-01   5.8538427e-03   5.8532708e-04   4.8437810e-03
  -2.9308661e-02  -1.1594174e-01  -4.2094782e-01   2.9809442e-03   4.9650648e-05   4.8170775e-03
  -5.7048447e-03  -9.8052949e-02  -4.9607640e-01   6.5839007e-04   1.3731282e-03   3.8586201e-03
  -2.5482438e-02  -8.1512900e-02  -6.0740391e-01   3.3881233e-03   3.4502221e-04   5.3223179e-03
  -1.0566214e-02  -9.7991345e-02  -6.6721841e-01   3.8157319e-04   1.5510366e-03   4.7549531e-03
  -3.7515785e-02  -9.0824799e-02  -7.9618119e-01   1.7426408e-03   1.9956303e-04   4.9156947e-03
  -1.6953040e-02  -1.1123572e-01  -7.4850333e-01   1.7643312e-03   1.7574233e-04   4.5750489e-03
  -1.9001728e-02  -8.9220535e-02  -8.1843565e-01   8.9374049e-04   5.3904078e-04   4.4212118e-03
  -1.0154764e-02  -2.2007220e-01  -8.2592382e-01  -5.2742272e-03   4.0889118e-05   3.7737441e-03
  -3.7532540e-02  -6.3284914e-02  -5.6583423e-01   2.8726900e-03  -1.3964464e-03   4.6258901e-03
  -2.7890208e-02  -1.0496943e-01  -6.2484973e-01   1.5645360e-03  -7.1791753e-04   4.4511187e-03
  -4.1922488e-02  -1.8731804e-01  -6.3900235e-01   6.9357735e-04  -2.5979371e-03   4.9052932e-03
  -7.9099660e-02  -1.1166452e-01  -1.0206633e+00   2.6104005e-04   3.5412531e-04   5.1796793e-03
  -6.9158332e-02  -1.3841993e-01  -9.9015350e-01   1.7639784e-03   5.6644267e-04   5.0067506e-03
  -5.9609032e-02  -1.5988602e-01  -1.1101312e+00  -7.3133595e-04   7.7788918e-04   4.8100725e-03
   4.1005433e-02  -3.4411157e-02  -1.1444438e-01   1.0106972e-02   2.9180901e-03   4.5844015e-03
  -7.8173067e-02  -9.6582089e-02  -8.1529720e-01   3.3781557e-03   1.7799014e-03   5.0057000e-03
  -4.8231946e-02  -9.1550082e-02  -9.5036895e-01  -3.8871916e-03   2.8305095e-03   3.6013622e-03
  -2.9585554e-02  -6.5046664e-02  -7.1139226e-01   7.6728773e-03   7.0688153e-04   5.3221027e-03
  -4.3875773e-02  -1.0545457e-01  -8.8883773e-01   6.1563975e-03  -4.2743456e-04   5.2914471e-03
  -2.3554703e-02  -9.8849762e-02  -8.8925856e-01   6.3697730e-03   1.4683338e-03   4.5721935e-03
  -3.4724942e-02  -4.6117640e-02  -7.5916864e-01   8.7568263e-03   1.4169172e-03   6.4186226e-03
   7.9809262e-02   2.4794537e-02  -3.3077786e-01   1.4724615e-02   4.9005366e-03   5.5186602e-03
  -3.6473192e-02  -1.1314242e-01  -1.0567873e+00   7.1594327e-03  -2.3253635e-04   5.0992558e-03
   1.1739978e-02  -1.7885794e-01  -1.0018420e+00   2.6421985e-03  -1.0948946e-03   4.8979859e-03
  -7.5816460e-03  -1.1862925e-01  -1.0372682e+00   6.1116409e-03  -1.1175496e-03   4.2185149e-03
  -3.7654631e-03  -1.3957994e-01  -1.0365582e+00   5.0495016e-03  -8.6868871e-04   3.9857076e-03
   7.8144224e-03  -1.2351127e-01  -1.0993600e+00   4.4081174e-03  -7.7931655e-05   3.7054561e-03
  -7.9689921e-03  -2.3783264e-02  -5.1695634e-01   1.0088434e-02   8.8137115e-04   4.1903037e-03
  -2.5891716e-02  -1.0169155e-01  -1.0056719e+00   3.1037778e-03   1.3377650e-03   4.4801707e-03
   5.5685402e-03  -8.2957352e-02  -8.7091440e-01   5.8281803e-03   1.2459715e-03   4.3147222e-03
   8.8056248e-03  -1.0572290e-01  -1.0965458e+00   1.7298677e-03   1.8901421e-03   4.4408714e-03
   1.8404330e-03  -8.1548463e-02  -1.0058748e+00   1.7961526e-03   5.0674962e-03   3.5549607e-03
  -2.4530508e-03  -8.8254685e-02  -1.0568503e+00   2.4953763e-03   3.6883274e-03   4.5765660e-03
   2.0042582e-03  -1.2385915e-01  -1.0555232e+00   1.3654830e-03   3.7104933e-03   3.9337928e-03
   2.4577147e-03  -2.1655423e-01  -8.7516169e-01  -5.0765578e-03   3.6904499e-03   5.4654915e-03
  -1.8004870e-02  -7.7579116e-02  -9.8273739e-01   6.2171164e-03   1.0145296e-03   4.8601194e-03
  -2.0535470e-02  -1.1466000e-01  -1.0537810e+00   4.5481002e-03   9.3866128e-04   4.2183055e-03
  -4.2070375e-03  -1.4440760e-01  -1.2296130e+00   2.0538664e-03   1.5521806e-03   3.6776976e-03
   4.8486340e-02  -9.3160684e-03  -4.7567671e-01   7.0062100e-03   4.8174194e-03   4.8076442e-03
  -2.7020051e-02  -1.0008365e-01  -1.0901890e+00   4.6683028e-03   1.3021646e-03   4.4525413e-03
   3.3079198e-02  -5.1902307e-02  -4.3691297e-01   1.1969961e-02   2.2566487e-04   4.3627231e-03
   1.6110431e-02  -9.9157491e-02  -9.7553394e-01   4.5732299e-03  -3.2556538e-04   3.6313970e-03
   2.1972110e-03  -1.3040060e-01  -1.0284564e+00  -9.9001650e-04   2.5970237e-03   4.2481222e-03
  -1.1637901e-02  -1.1577968e-01  -9.2098200e-01   5.5529267e-03  -8.4293360e-04   4.3716958e-03
   5.0506436e-02   7.4372916e-03  -5.3345022e-01   1.2236227e-02   6.8641190e-05   4.5358830e-03
  -2.3671295e-02  -1.4885788e-01  -1.1500303e+00   2.4528014e-03  -2.8328232e-03   4.4655655e-03
  -1.9170612e-02  -1.3379919e-01  -1.1227166e+00   4.6494001e-03  -2.0025628e-03   4.0689326e-03
  -1.6332630e-02  -1.4968076e-01  -1.1822382e+00   3.5163398e-03  -5.2181831e-04   4.0878281e-03
  -1.2357252e-02  -1.2738958e-01  -1.1897641e+00   2.1438023e-03  -2.1981787e-04   4.0120558e-03
  -1.3671455e-02  -1.4116410e-01  -1.2112354e+00   2.2501243e-03   2.3734912e-05   3.5840828e-03
   5.1818040e-02  -5.4049789e-02  -6.4437649e-01   1.1310703e-02   2.4864324e-03   4.3973727e-03
  -2.5480213e-02  -1.2719186e-01  -1.2760727e+00   4.3310639e-03   3.9645736e-04   4.3992457e-03
  -3.9996987e-02  -3.5165536e-01  -1.2269943e+00  -3.8050752e-03  -6.5082547e-04   6.3049408e-03
  -3.3327006e-02  -1.3511584e-01  -1.3459418e+00   2.9693324e-03  -2.4833790e-04   4.6781449e-03
  -3.0766648e-02  -1.5966846e-01  -1.2403249e+00   3.1118449e-03   2.7516226e-06   4.5152629e-03
   2.4683240e-02   1.0720053e-01   4.8960927e-02   1.4931770e-02   1.0511179e-03   4.1296845e-03
  -4.7738914e-02  -9.2801948e-02  -1.1071519e+00   1.6818030e-03  -9.3729916e-04   3.7784066e-03
  -4.2270352e-02  -1.4290109e-01  -1.1742512e+00   1.5516978e-04  -1.5734602e-03   3.7664372e-03
  -2.5689447e-02  -1.2283576e-01  -1.2154430e+00  -2.8076026e-04  -1.2270897e-03   3.4964498e-03
  -2.3847557e-02  -1.7929271e-01  -1.1630824e+00  -2.6964735e-03  -5.8417249e-04   3.8380675e-03
  -2.9936509e-02  -1.1034410e-01  -9.7804264e-01   2.7156924e-03   2.8742544e-04   4.2371567e-03
  -2.9923775e-02  -1.2795057e-01  -1.0198824e+00   1.2368041e-03   8.6677154e-04   4.3834234e-03
  -2.1308145e-02  -1.2314702e-01  -1.0570379e+00   5.1581801e-04   6.9643455e-04   4.0543389e-03
  -2.5306509e-02  -1.1757282e-01  -1.1379094e+00   7.9357837e-04   5.7225195e-04   4.1297181e-03
  -2.9184038e-02  -1.4481288e-01  -1.1154318e+00   7.3629204e-04   7.9962504e-04   4.2308967e-03
  -3.4954338e-02  -1.3022708e-01  -1.1572151e+00   6.1412807e-05   3.5163218e-04   4.1061783e-03
  -2.6129351e-02  -1.2857339e-01  -1.1329848e+00  -1.4675122e-04   1.1682423e-03   4.3935743e-03
  -1.2503228e-03  -1.4796027e-01  -1.1609991e+00  -3.2660261e-03   1.7811224e-03   3.9898497e-03
  -3.1206532e-02  -9.3474990e-02  -1.0760491e+00   3.6944950e-03  -1.3163633e-03   3.8081019e-03
  -3.2623638e-02  -1.5782289e-01  -1.2366840e+00   1.7650985e-03  -1.6864381e-03   4.4885195e-03
  -4.2376061e-02  -1.4149368e-01  -1.1995162e+00   1.7600291e-03  -2.9250098e-04   4.0649223e-03
  -2.3828001e-02  -1.6206138e-01  -1.2380994e+00  -5.4077932e-04   6.4218231e-04   3.8184992e-03
   9.1652121e-03  -6.0233604e-02  -9.1341214e-01   1.7514858e-03   8.1290254e-04   3.8157393e-03
  -4.6847959e-02  -1.3205735e-01  -1.3480663e+00   2.3400371e-03  -4.5361493e-04   4.3001592e-03
  -3.8141408e-02  -1.3165569e-01  -1.3430059e+00   2.2379835e-03  -8.3404368e-05   3.9479484e-03
   6.7887821e-02   5.2940704e-02  -2.2790424e-01   1.7710053e-02   4.0928665e-03   4.3592847e-03
  -3.7059417e-02  -1.0820108e-01  -1.2939879e+00   4.4082396e-03   1.1413431e-04   4.3197580e-03
  -1.9674234e-02  -1.2755396e-01  -1.0614585e+00   5.2623674e-03  -6.9722093e-05   4.3547772e-03
  -2.8274031e-02  -1.4322082e-01  -1.2031596e+00   3.9437340e-03   9.5506272e-04   4.1964083e-03
  -3.3710896e-02  -9.9552234e-02  -8.4488289e-01   6.7269631e-03   3.5734247e-04   4.3142850e-03
  -2.2236685e-02  -1.0378407e-01  -1.0147628e+00   4.9067023e-03   7.5927635e-04   4.1925596e-03
  -2.1733374e-02  -1.1614543e-01  -1.0296213e+00   4.8062587e-03   5.0464859e-04   3.7354867e-03
  -1.0502337e-02  -1.1223910e-01  -1.0445510e+00   3.7621379e-03   1.3167702e-03   3.3019592e-03
  -9.7278519e-03  -1.2128539e-01  -1.1279773e+00   2.9503074e-03   1.7888344e-03   3.3122704e-03
  -1.7256422e-02  -1.1680936e-01  -1.1449261e+00   2.3833592e-03   1.3646756e-03   3.4273913e-03
  -1.2510820e-01  -8.0010868e-02  -1.3016074e+00  -3.3236497e-03  -6.2239451e-03   3.9629622e-03
  -5.8675160e-02  -1.1718078e-01  -1.5869520e+00  -3.2560233e-05  -3.2877932e-03   4.6766270e-03
  -5.9803451e-02  -1.2143121e-01  -1.5248195e+00   5.9255316e-04  -4.0921585e-03   4.3448766e-03
  -7.5116589e-02  -1.1032807e-01  -1.4809374e+00  -1.2062679e-04  -2.8157311e-03   4.2989681e-03
  -9.5550512e-02  -1.0718384e-02  -1.6806781e+00   1.6775578e-03  -5.9808405e-03   6.8876805e-03
   2.6197488e-02  -4.0062480e-02  -4.6537177e+00   1.3426957e-02  -1.1224972e-02   1.0853443e-03
  -3.2392228e-02  -8.9676780e-01  -6.6925805e+00  -9.8850516e-02   1.3967895e-02   3.8942385e-03
  -2.1674671e-01   5.8578110e-01   8.4594832e-01   2.3770512e-02  -4.6258256e-03   6.2890953e-03
   1.3947014e-02  -6.0593139e-01  -2.4205521e+00  -6.8330888e-02   2.7563243e-02   3.6599276e-03
   2.1566557e-03   6.1975587e-01  -3.9448380e-01   3.4882753e-02   1.3427018e-02   5.2078825e-03
  -1.0787892e-03  -6.4182973e-01  -2.8413061e+00  -5.8522922e-02  -1.2417415e-02  -5.6371402e-04
  -1.6707527e-01  -2.7538405e-01  -5.3276397e-01  -3.4264135e-02   3.4470861e-04   1.6714936e-03
  -1.0202396e-02   7.0896731e-02   6.3420868e-01   6.7677073e-03   1.1615533e-02   5.1187128e-03
  -6.6993602e-02  -1.2913815e-01  -9.8260145e-01  -1.6248004e-02   7.0295375e-05   3.0243457e-03
  -6.8853955e-02  -1.2695051e-01  -7.5463000e-01  -1.4362300e-02  -5.4321474e-05   2.8034034e-03
  -2.7264175e-01   4.7671184e-01  -3.3724331e+00   2.2297859e-02  -3.0596687e-03   3.9388766e-03
   7.2333047e-02  -8.9065052e-01  -9.1937538e-01  -6.9518567e-02   1.4006134e-02   4.4020235e-03
   1.1858755e-01   1.3220471e-02   2.9628854e+00  -4.3784559e-03   2.1215321e-02   7.1942628e-03
   3.4589536e-03   1.8759451e-01   2.3947800e+00  -5.6841575e-03  -3.5916203e-03   5.2842106e-03
   3.7100244e-02   1.1291117e-01   2.4089805e+00  -5.1397726e-03  -2.8959465e-03   4.8475860e-03
   3.1227946e-02   1.1370817e-01   2.4616405e+00  -4.9009307e-03  -1.5872720e-03   4.5958142e-03
   3.8567166e-02   7.8874929e-02   2.4900890e+00  -3.8701261e-03  -5.7408280e-04   4.7011402e-03
   9.7804222e-03   9.8728892e-02   2.4045610e+00  -3.2049167e-03  -3.6022787e-04   4.4113663e-03
   9.9766502e-03   8.7848598e-02   2.3674825e+00  -2.8943747e-03  -9.1113057e-04   4.0290386e-03
   1.1147505e-02   8.7049091e-02   2.3089539e+00  -2.1594754e-03  -7.7736934e-04   3.8776067e-03
   5.1259692e-02   8.7014044e-02   2.2730522e+00  -4.3528654e-03   1.9951549e-03   3.9105960e-03
   4.0814937e-02  -3.3277728e-02   1.8667023e+00   7.2554153e-04   9.9494656e-03   5.0817919e-03
   4.5779075e-02  -2.6422356e-02   1.5866575e+00  -4.6554669e-03   3.5327903e-03   3.4184133e-03
   4.2172609e-02  -2.3973411e-02   1.4997681e+00  -8.0850629e-03  -5.0058852e-04   2.7460795e-03
   6.0684562e-02   1.9364709e-01   2.5496390e+00  -2.0226611e-02  -7.6554044e-03   1.6326414e-03
  -4.8161501e-02   1.8552675e-01   2.4414515e+00  -2.7677560e-03  -1.1156991e-02   5.1161546e-03
  -2.3751243e-02   7.8841311e-02   2.3010740e+00  -4.1622321e-03  -1.2937646e-02   4.0651231e-03
   5.5952219e-03   5.5293051e-02   2.2224954e+00  -5.4476695e-03  -1.0640467e-02   3.6974640e-03
  -8.4271603e-03   5.7248793e-02   2.2086758e+00  -4.2217258e-03  -9.5662756e-03   3.7532903e-03
  -1.9821385e-02   4.0380854e-02   2.1788174e+00  -4.6846406e-03  -9.4259690e-03   3.6222200e-03
  -1.3882299e-02   5.7505687e-02   2.1129723e+00  -3.0755478e-03  -9.3804679e-03   3.8934410e-03
  -6.6571124e-03   3.3776729e-02   2.0926348e+00  -2.9995267e-03  -8.5573482e-03   3.8429292e-03
   1.4901287e-05   4.3485769e-02   2.0556537e+00  -3.1464200e-03  -7.6802283e-03   3.8178131e-03
   1.2483502e-02   3.6013566e-02   1.9597744e+00  -2.3075474e-03  -7.9843099e-03   3.7776979e-03
  -4.9981809e-04   4.5668631e-02   2.0329394e+00  -1.2092100e-03  -7.0553581e-03   3.9867593e-03
  -2.0995034e-03   3.3157835e-02   1.9915452e+00  -1.6463834e-03  -6.8432806e-03   4.1294705e-03
  -9.4308317e-05   7.0774636e-02   1.9420457e+00  -2.4129114e-03  -5.6073619e-03   3.9021440e-03
   6.9445937e-03   2.0626910e-02   1.9145460e+00  -2.5270377e-03  -5.4096256e-03   3.7865199e-03
   1.0738861e-02   3.2590160e-02   1.8605221e+00  -2.7654371e-03  -5.1294471e-03   3.9764103e-03
   1.5254314e-02   2.0943582e-02   1.8176775e+00  -3.8010513e-03  -4.7410392e-03   3.7441667e-03
   1.1929597e-02   1.6444105e-02   1.7602374e+00  -3.5601758e-03  -4.5352309e-03   3.5772475e-03
  -3.1170559e-02  -1.9343365e-01   1.5699526e-01  -1.9213576e-02  -3.7987133e-03   3.4585388e-03
  -2.2914526e-02  -9.9122129e-02   2.4720713e-01  -1.6657227e-02  -4.8881009e-03   2.9904183e-03
  -2.2681040e-02  -1.0915043e-01   2.6860942e-01  -1.5235623e-02  -3.6859079e-03   3.2973967e-03
  -1.9708678e-02  -1.3445066e-01   2.9398487e-01  -1.4541378e-02  -3.8330552e-03   3.3967324e-03
  -1.7603691e-03  -1.4095840e-01   4.3692656e-01  -1.0258950e-02   6.9548053e-05   5.0885210e-03
   8.8458082e-03  -7.6800382e-02   4.4189236e-01  -4.0799991e-03   4.1103477e-03   4.9816137e-03
   6.4615746e-02  -1.5292547e-01   3.7642111e-01  -6.3949489e-03   8.2913662e-03   4.8388633e-03
   5.9208092e-02  -4.9737906e-02   7.1147695e-01  -1.6134428e-04   4.5246567e-03   4.5834698e-03
   5.1923010e-02  -1.0231278e-01   5.3580468e-01  -3.5266895e-03   4.2374658e-03   4.1162369e-03
   6.4991327e-02  -1.0828127e-01   4.8633116e-01  -4.4409798e-03   4.9038193e-03   3.5840790e-03
   8.5593588e-02  -1.0281554e-01   5.4308075e-01  -4.8466905e-03   3.6541129e-03   2.9651526e-03
   8.6142374e-02  -8.5691658e-02   5.0679099e-01  -2.1552903e-03   4.9256099e-03   4.8043136e-03
   5.8012990e-02  -1.0175615e-01   3.7475879e-01  -3.8420259e-03   5.3290842e-03   3.9554528e-03
   5.8430896e-02  -1.3442320e-01   3.5348552e-01  -5.3184030e-03   4.3134840e-03   3.8441879e-03
   6.6413695e-02  -8.5554010e-02   4.5558465e-01  -2.2534894e-03   6.3372180e-03   5.1063397e-03
   3.9580867e-02  -6.4445712e-02   3.1406779e-01  -3.6108573e-03   6.1440892e-03   4.1130279e-03
   6.4511628e-02  -9.9546657e-02   2.7034001e-01  -4.9701903e-03   6.7452250e-03   3.7939220e-03
   8.3537469e-02  -1.7996392e-01   2.3411377e-01  -6.3659138e-03   6.5761750e-03   4.6646194e-03
   6.9177793e-02  -7.2453411e-02   2.8656029e-01  -2.7465872e-03   5.9040489e-03   3.8847602e-03
   1.1243950e-01  -1.3342311e-02   7.0644051e-01   6.1207779e-03   5.5001453e-03   5.2760279e-03
   4.8782954e-02  -7.6655782e-02   1.0725867e-01  -2.3548118e-03   2.3767098e-03   4.5823092e-03
   4.7828631e-02  -1.0989310e-01   1.1181232e-01  -1.5428906e-03   2.7039230e-03   5.7126124e-03
   5.4498331e-02  -7.4264034e-02   1.8384416e-01  -1.7842128e-03   3.7321558e-03   4.5042062e-03
   8.9666225e-02  -3.4127707e-01   1.3296220e-01  -1.0674651e-02  -2.3320692e-04   5.6544609e-03
  -6.4649428e-02  -2.2187647e-01  -1.4115342e+00  -1.3047875e-02  -6.2475315e-04   6.2142274e-03
  -3.0934237e-02  -2.2809028e-01  -1.1383895e+00  -5.8003448e-03   2.6130335e-03   4.4426102e-03
   1.5527837e-02  -1.9857595e-01  -1.1084674e+00  -4.9337725e-03   4.0406952e-03   5.0248048e-03
   2.3674395e-02  -2.2687087e-01  -1.1383950e+00  -7.0745548e-03   4.5140822e-03   4.9287610e-03
   2.2864719e-02  -1.9786979e-01  -1.1666742e+00  -7.2047423e-03   4.7321680e-03   4.8644622e-03
   2.9347195e-02  -1.7976368e-01  -1.1637730e+00  -5.7893380e-03   5.0258695e-03   4.5126624e-03
   2.9430576e-02  -1.7998228e-01  -1.1275967e+00  -7.5124965e-03   5.5496393e-03   4.0313006e-03
   3.8183601e-02  -1.8305209e-01  -1.1460693e+00  -7.6952084e-03   6.1270294e-03   4.1491784e-03
   2.7162915e-02  -1.6959306e-01  -1.1623208e+00  -7.2880113e-03   5.1837859e-03   4.3742350e-03
   2.5075789e-02  -1.8134943e-01  -1.1265378e+00  -7.8572582e-03   5.7878676e-03   4.1669848e-03
   4.1027925e-02  -1.9638210e-01  -1.1499526e+00  -9.4999262e-03   5.2069312e-03   4.0459494e-03
   2.2174934e-02  -1.6861491e-01  -1.1576346e+00  -8.3325276e-03   5.3773168e-03   4.0989298e-03
   4.7696986e-02  -1.3269120e-01  -1.1340184e+00  -1.1138498e-02   7.4297376e-03   3.0909527e-03
   3.0452641e-02  -1.1697181e-01  -8.7887766e-01   7.8959226e-04   3.4143106e-03   5.3646580e-03
   7.2301786e-02  -1.5326396e-01  -1.0042267e+00  -1.0291987e-02   3.4955016e-03   4.5876329e-03
   7.2580095e-02  -2.0618395e-01  -9.7016839e-01  -9.8871111e-03   5.9312890e-03   4.4310826e-03
   6.0611295e-02  -1.2267957e-01  -9.1667495e-01  -5.5553425e-03   3.0879245e-03   3.8237676e-03
   4.0791627e-02  -3.8080352e-01  -9.3335763e-01  -1.5378893e-02   1.7294319e-03   5.6706067e-03
   5.3137117e-02  -1.3094586e-01  -9.5171298e-01  -4.4780530e-03   1.5721896e-03   3.2433896e-03
   2.8610858e-02  -1.6002372e-01  -9.9254783e-01  -4.8975940e-03   3.0300730e-03   4.0481983e-03
   8.1155656e-02  -7.2140038e-02  -4.3654645e-01   1.5161812e-04   4.1216887e-03   4.0977743e-03
   2.7900258e-02  -1.4805202e-01  -8.6498798e-01  -3.6826706e-03   1.1407493e-03   3.6088429e-03
   1.7616551e-02  -1.5789071e-01  -9.1062605e-01  -6.1281952e-03   9.1832475e-04   3.6929862e-03
   2.1092886e-02  -1.6876329e-01  -1.0047530e+00  -6.5658092e-03   1.4250029e-03   3.4856855e-03
   4.4201783e-02  -1.8543993e-01  -9.3229216e-01  -1.1012753e-02   3.7757892e-03   3.2833170e-03
   2.6638068e-02  -2.4261729e-01  -5.8663925e-01  -1.0942356e-02  -2.9562171e-04   4.8903774e-03
   3.9387717e-02  -1.7327708e-01  -1.2105642e+00  -6.5126111e-03   2.5742241e-03   3.4712151e-03
   2.1950646e-02  -2.0069589e-01  -1.1705346e+00  -7.3062387e-03   1.9996456e-03   3.5673578e-03
  -2.8520113e-03  -4.0308139e-01  -1.1388485e+00  -1.6865429e-02   2.0411353e-04   5.8162472e-03
  -1.5753794e-02  -8.8104136e-02  -1.2478060e+00  -2.1662730e-03   1.8572867e-03   3.4626154e-03
  -5.9028329e-03  -1.7125162e-01  -1.5457606e+00  -6.4038069e-03   1.2855060e-03   2.6494106e-03
   8.0461415e-03  -1.7706702e-01  -1.5507356e+00  -6.4172076e-03   1.1564059e-03   2.5040519e-03
   3.1806003e-03  -1.8227865e-01  -1.6087430e+00  -7.6391505e-03   7.9076740e-04   2.7561652e-03
  -1.1086088e-02  -2.9779350e-01  -1.6091299e+00  -1.3151435e-02  -8.7812818e-05   4.6548116e-03
  -1.4322013e-02  -1.7503656e-01  -1.7028595e+00  -5.9577543e-03  -1.6366424e-04   3.4028546e-03
  -5.1956880e-02  -1.7899858e-01  -1.7158059e+00  -6.1764296e-03  -5.9283630e-04   3.4563094e-03
  -2.1376180e-02  -2.0215754e-01  -1.6932174e+00  -6.4873236e-03   1.2312905e-05   3.0316331e-03
  -1.6474966e-02  -2.2563462e-01  -1.7461552e+00  -9.8090747e-03   1.4110439e-04   3.1697626e-03
  -1.7905119e-02  -3.2846196e-01  -1.6971879e+00  -1.3791606e-02   1.6570295e-03   4.9257209e-03
  -7.3734712e-02  -2.5965842e-01  -2.7156527e+00  -6.9911226e-03   1.8838822e-04   5.9193517e-03
  -6.2506746e-02  -2.4385255e-01  -2.7343232e+00  -9.7503318e-03  -9.9196840e-04   4.3678302e-03
  -6.7155006e-02  -4.5191565e-01  -2.6436986e+00  -2.0818091e-02  -2.8875559e-03   5.7248444e-03
  -8.2131498e-02  -1.8323954e-01  -2.2130581e+00  -8.3773267e-03  -1.4892913e-03   4.7927118e-03
  -8.3874352e-02  -2.0533226e-01  -1.9918924e+00  -5.4379834e-03  -8.6100139e-04   4.4060751e-03
  -8.3680923e-02  -2.4462273e-01  -2.0034724e+00  -6.3588714e-03  -7.3388465e-04   4.6294148e-03
   1.6601879e-02  -1.4032496e-01  -1.7840652e+00   1.8923087e-03  -1.5001708e-03   3.8846078e-03
  -6.3393341e-02  -1.8413321e-01  -2.1728510e+00  -6.0629873e-03  -1.1121115e-03   4.2140018e-03
  -4.8318417e-02  -1.8754713e-01  -2.0773783e+00  -6.4329230e-03   2.4565688e-04   4.2660668e-03
  -6.3498491e-02  -1.8925907e-01  -2.0593778e+00  -7.0170684e-03   3.4782563e-04   3.9809604e-03
  -3.8416241e-02  -2.5268331e-01  -2.0022279e+00  -1.0745084e-02   4.9600053e-04   4.3747205e-03
  -8.3494673e-03  -1.5422679e-01  -1.5701586e+00   2.7635803e-03  -4.5071497e-04   4.3867664e-03
  -7.8841735e-03  -1.8747873e-01  -1.8538636e+00  -4.4264779e-03   2.4675393e-05   3.9103425e-03
  -2.7461147e-02   3.2264135e-02  -9.2143326e-01   5.5780986e-03   5.7840091e-03   2.9792464e-03
   2.9199103e-03  -1.4344831e-01  -1.9409711e+00  -6.4912411e-03   3.8590050e-03   2.4696840e-03
   6.4611331e-02  -5.4154126e-02  -1.2371539e+00  -3.5554394e-04   7.4331698e-03   2.4971424e-03
  -3.3261016e-02  -1.5772290e-01  -1.8081554e+00  -5.4025674e-03   3.3237546e-03   2.7715380e-03
  -2.0389981e-02  -1.9212670e-01  -1.8300280e+00  -7.4660407e-03   4.0749763e-03   2.9371139e-03
  -2.2474836e-02  -1.6215533e-01  -1.8282245e+00  -7.4977796e-03   3.9931034e-03   2.9686074e-03
   1.8089837e-02  -1.3643679e-01  -1.4730165e+00  -1.2772048e-02   2.3347671e-03   2.4903920e-03
  -4.6467779e-02  -1.5021728e-01  -1.9183418e+00  -4.7393983e-03   2.3920386e-03   3.4069115e-03
  -5.6759889e-02  -1.9986193e-01  -1.9147846e+00  -5.6297618e-03   9.1998656e-04   3.8890959e-03
  -4.3165002e-02  -1.5495721e-01  -1.9824369e+00  -6.4053851e-03   1.3288179e-03   3.3731163e-03
   4.1815431e-02   2.1012307e-01  -7.0262972e-01   1.5051356e-03   7.7787838e-03   2.2326991e-03
  -3.9840793e-02  -1.1089130e-01  -2.2597243e+00  -9.3761818e-03   3.9352364e-03   2.3713956e-03
  -1.7561400e-02  -2.2464104e-01  -2.2112772e+00  -8.5943245e-03   3.3128582e-03   2.8353949e-03
  -1.9602569e-02  -1.8894200e-01  -2.2875584e+00  -8.8001570e-03   4.1218362e-03   2.5574601e-03
  -1.9684040e-02  -1.5762852e-01  -2.2053780e+00  -8.3922295e-03   3.4460774e-03   2.8188131e-03
  -2.4874686e-02  -1.9079306e-01  -2.1650423e+00  -8.0033443e-03   3.3958835e-03   2.5977657e-03
   8.6306205e-05  -1.4712642e-01  -1.2379256e+00   2.3681779e-03   1.3619277e-03   4.3967532e-03
  -6.0150453e-02  -1.6922296e-01  -1.5890245e+00  -2.4214751e-03   1.3052288e-03   3.9809503e-03
  -3.6660575e-02  -1.9471056e-01  -1.7123357e+00  -4.6774784e-03   1.7689709e-03   3.2073335e-03
  -2.1136265e-02  -1.9865113e-01  -1.7672453e+00  -5.3227467e-03   2.6020095e-03   2.9517996e-03
   4.9069814e-02   2.5389465e-02  -8.1297171e-01   1.0935249e-02   4.2891849e-03   5.0929391e-03
  -6.9531630e-02  -1.8236790e-01  -2.2948827e+00  -6.2074392e-03   1.7769324e-03   4.7760419e-03
  -6.7659643e-02  -2.0700090e-01  -2.2309987e+00  -5.0978296e-03   1.4461413e-03   3.9611375e-03
  -4.1499920e-02   3.3266935e-02  -1.0870437e+00  -1.5837838e-02   5.7728331e-04   2.2864477e-03
  -6.8218872e-02  -9.9164419e-02  -2.1908265e+00  -8.6103229e-03   3.0932107e-03   2.6456379e-03
  -6.1203092e-02  -1.7458939e-01  -2.1352002e+00  -6.7032031e-03   2.9966707e-03   3.0229239e-03
  -6.6142727e-02  -1.4827989e-01  -2.1887849e+00  -7.3495981e-03   3.1800862e-03   2.5238473e-03
  -6.6895828e-02  -1.5313482e-01  -2.1669078e+00  -6.0655723e-03   2.3902109e-03   2.6894106e-03
  -6.8222362e-02  -1.7081667e-01  -2.1168204e+00  -6.7660461e-03   2.2199736e-03   2.8256580e-03
  -6.5319093e-02  -1.4332294e-01  -2.1232565e+00  -6.5048103e-03   2.2303629e-03   2.5969461e-03
  -5.1021261e-02  -1.4987158e-01  -2.1569694e+00  -8.5906739e-03   2.2503110e-03   2.9705236e-03
  -6.0620132e-02  -1.0493578e-01  -2.0605446e+00  -7.2809290e-03   2.5729494e-03   2.4112071e-03
   5.1979621e-02  -2.3437618e-02  -1.0531910e+00   1.0087188e-02   5.5209025e-03   4.6768966e-03
  -5.6016867e-02  -1.7163581e-01  -2.0598674e+00  -1.5285388e-03   2.2494707e-04   4.2064899e-03
  -4.5394094e-02  -1.8925476e-01  -2.0705214e+00  -1.7518929e-03   5.4121738e-04   4.1878495e-03
  -3.9699028e-02  -2.5614599e-01  -2.1159076e+00  -6.0892413e-03  -3.9734338e-04   5.3198442e-03
  -7.3424168e-02  -2.0274100e-01  -2.5078745e+00  -5.1597824e-03  -2.2080961e-03   4.4416050e-03
  -7.4698031e-02  -1.7714014e-01  -2.2159741e+00  -9.1892633e-04  -1.6164778e-03   4.3781004e-03
  -7.1224981e-02  -1.8340572e-01  -2.2913294e+00  -3.6435534e-03  -1.5890304e-03   4.2402933e-03
  -6.1808683e-02  -1.7150216e-01  -2.3315473e+00  -3.6043384e-03  -1.8396545e-03   3.8371515e-03
  -9.1839718e-02  -1.9163726e-01  -2.1629034e+00  -3.0783054e-03  -3.0527108e-03   4.8659892e-03
  -8.9122580e-02  -1.8372119e-01  -2.1773789e+00  -2.7405514e-03  -2.3461696e-03   4.5234489e-03
  -9.5711935e-02  -1.9240892e-01  -2.2405082e+00  -4.4211378e-03  -1.7703895e-03   4.5165668e-03
   4.1539696e-03  -5.1876686e-02  -1.3766359e+00   5.2641256e-03   6.6496760e-04   5.1104313e-03
  -4.9694523e-02  -1.7103357e-01  -2.2704851e+00  -3.8280913e-03  -1.8610367e-04   4.6744055e-03
  -5.0024276e-02  -1.7874768e-01  -2.2070536e+00  -5.0928501e-03  -4.1715169e-04   4.4096715e-03
  -4.9830319e-02  -1.8934595e-01  -2.1997969e+00  -4.4666534e-03   1.4321426e-04   4.5668855e-03
  -5.6738922e-02  -1.8142374e-01  -2.2307829e+00  -5.0422859e-03  -2.5058878e-04   4.2603914e-03
  -6.0036940e-02  -1.7049569e-01  -2.2799982e+00  -6.1642119e-03  -7.3806711e-04   4.2319884e-03
  -6.7961439e-02  -3.4719311e-01  -1.9240379e+00  -1.6236294e-02  -2.4735296e-03   6.0700625e-03
  -9.7354932e-02  -1.4690746e-01  -1.8529493e+00   8.2087752e-04   2.0941804e-03   6.8483909e-03
  -6.2518490e-02  -1.8444331e-01  -2.0212691e+00  -8.4635915e-04  -3.0156858e-04   5.2980710e-03
  -4.7508832e-02  -1.9855445e-01  -2.0668558e+00  -3.5236977e-03  -8.7695922e-05   4.8997506e-03
  -4.9939403e-02  -1.3999384e-01  -1.7111390e+00   8.6448802e-04  -7.7571468e-04   5.2128920e-03
  -6.0746261e-02  -1.5898963e-01  -1.8772564e+00  -9.3103824e-04  -2.1602642e-04   5.1047491e-03
  -5.4500454e-02  -1.6162409e-01  -1.8814360e+00  -2.6699290e-03  -5.6635105e-05   4.5672871e-03
  -5.7520308e-02  -1.6881898e-01  -1.9120939e+00  -3.2982066e-03  -3.9065110e-04   4.4507568e-03
   6.6692020e-03   2.9941543e-02  -9.8568595e-01   2.9930942e-03   6.0339901e-04   4.0320109e-03
  -3.9979950e-02  -1.5086884e-01  -1.8839261e+00  -8.9654457e-04  -1.4112911e-03   4.4685614e-03
  -4.7826386e-02  -1.6331370e-01  -1.9301530e+00  -1.8654264e-03  -1.5900087e-03   4.6491603e-03
  -5.0069322e-02  -1.5892804e-01  -1.9805173e+00  -3.2284219e-03  -1.0190468e-03   4.2501185e-03
  -4.8507072e-02  -1.9705027e-01  -2.0409530e+00  -3.5039467e-03  -1.0378373e-03   4.7533355e-03
  -5.7410764e-02  -1.6792916e-01  -1.9623158e+00  -2.9428665e-03  -6.1531555e-04   4.5431457e-03
  -1.9601674e-02  -5.9685661e-02  -1.2739443e+00  -1.8409910e-03   8.8074650e-04   5.0711592e-03
  -9.5273349e-02  -1.4867366e-01  -1.9804596e+00  -6.4094901e-04  -3.4437529e-03   5.0447949e-03
  -4.3369003e-02  -2.3513390e-01  -2.0980787e+00  -8.2538984e-03  -2.7025079e-03   4.0050896e-03
  -8.0228925e-02  -1.2215117e-01  -1.6296881e+00   3.1910489e-03  -1.3659595e-03   5.3643619e-03
  -8.0751536e-02  -1.4925233e-01  -1.8563473e+00  -2.7483967e-04  -2.4366601e-03   4.6609195e-03
  -4.9861735e-02  -7.6555299e-02  -1.3351815e+00   1.3105866e-02  -2.4338379e-03   4.8991614e-03
  -7.1268623e-02  -1.7035083e-01  -2.1735853e+00  -2.5099432e-03  -2.6170760e-03   4.3156229e-03
  -6.2042639e-02  -1.7900982e-01  -2.0847885e+00  -2.4091552e-03  -1.3973539e-03   3.9356776e-03
  -5.9896247e-02  -1.5946882e-01  -2.1140616e+00  -2.3513797e-03  -1.3640634e-03   3.8268369e-03
  -7.0451876e-02  -1.6215224e-01  -2.0631676e+00  -2.3749637e-03  -1.0710597e-03   3.9734736e-03
  -7.7252915e-02  -1.6582553e-01  -2.1091925e+00  -2.8992624e-03  -1.5254348e-03   3.9672044e-03
  -5.9494995e-02  -2.8563077e-01  -1.9028853e+00  -7.9586064e-03   1.1136076e-03   5.0032457e-03
  -1.0399768e-01  -1.4825587e-01  -2.0198628e+00  -2.1641064e-04  -2.4047257e-03   5.2115645e-03
  -8.6433081e-02  -1.8367599e-01  -2.0877658e+00  -3.0452849e-03  -2.6098370e-03   4.6732159e-03
  -9.5372810e-02  -4.6637142e-02  -1.9834579e+00   1.3314984e-02  -6.5583444e-03   5.8304892e-03
  -1.2576016e-01  -1.8207981e-01  -2.4945130e+00  -4.2746280e-03  -3.4672909e-03   5.1327934e-03
  -1.0816548e-01  -2.0803542e-01  -2.4474697e+00  -3.8533431e-03  -2.6407363e-03   4.5983046e-03
  -1.1485953e-01  -1.6458708e-01  -2.5038761e+00  -5.5375962e-03  -2.2171309e-03   4.4054723e-03
  -1.0829574e-01  -1.7100385e-01  -2.4493962e+00  -4.4616152e-03  -2.0201113e-03   4.3740048e-03
  -1.0455647e-01  -1.7288012e-01  -2.4155106e+00  -4.2886217e-03  -1.8987418e-03   3.9303817e-03
  -9.8346587e-02  -1.8452243e-01  -2.4296304e+00  -4.9528405e-03  -1.8159952e-03   3.7591027e-03
  -9.4585198e-02  -1.8031334e-01  -2.4162343e+00  -4.5241067e-03  -1.3466768e-03   3.8781995e-03
  -9.3963335e-02  -1.9412615e-01  -2.3929598e+00  -6.4101667e-03  -1.2821920e-03   3.7997404e-03
  -1.0545829e-01  -1.6027257e-01  -2.1447484e+00  -2.4342790e-03  -2.6149028e-03   4.4565181e-03
  -1.1280502e-01  -1.9442149e-01  -2.2569363e+00  -4.8159002e-03  -3.0671269e-03   5.0266985e-03
  -2.7060662e-02  -3.6087985e-02  -1.3099028e+00   1.5299669e-02   4.2055544e-05   5.4483535e-03
  -5.3370587e-02  -1.9074110e-01  -2.3589118e+00  -4.1040174e-03  -4.1309237e-04   4.3098294e-03
  -5.8158112e-02  -2.0380768e-01  -2.3372817e+00  -3.9766698e-03  -9.1320709e-04   4.3398193e-03
  -3.8684266e-02  -2.5814927e-01  -2.3810228e+00  -1.2406268e-02   8.1790974e-04   4.5698045e-03
  -6.2644415e-02  -1.3057054e-01  -2.0977974e+00  -1.1190314e-04  -3.7396628e-04   4.9971403e-03
  -5.6830119e-02  -1.7045631e-01  -2.1751210e+00  -2.9546875e-03   2.5100185e-04   4.2106924e-03
  -4.2628754e-02  -2.6549485e-01  -2.3069435e+00  -1.1968270e-02  -1.3061940e-03   4.5958426e-03
  -7.4974848e-02  -1.5640355e-01  -2.1148191e+00  -1.7612378e-03  -8.7702702e-04   4.4772171e-03
  -7.3906390e-02  -1.8227372e-01  -2.1612811e+00  -2.1299556e-03  -1.0465564e-03   4.3501415e-03
  -7.5555445e-02  -1.9110667e-01  -2.2034823e+00  -3.4515510e-03  -1.9531575e-03   4.5793046e-03
  -7.7081750e-02  -1.8752750e-01  -2.1710886e+00  -2.3907050e-03  -7.5080814e-04   4.5155803e-03
  -7.8328520e-02  -1.8496383e-01  -2.2249118e+00  -3.9641599e-03  -2.3490368e-04   4.3479162e-03
  -8.8319710e-02  -1.7049903e-01  -2.2086297e+00  -4.4571747e-03  -4.4061946e-04   4.3718986e-03
  -8.9191478e-02  -1.6154683e-01  -2.2456907e+00  -4.3333019e-03  -5.7117269e-04   4.0840337e-03
  -9.7338913e-02  -1.7728760e-01  -2.2196500e+00  -3.8021760e-03  -1.6845542e-04   4.6396701e-03
  -2.7953715e-02  -4.2538633e-01  -1.8824469e+00  -2.2454806e-02   5.7980916e-03   7.2358945e-03
  -1.5090619e-02  -5.6208952e-01  -1.4295279e+00  -2.8704496e-02   3.6583350e-03   5.9944049e-03
   1.2797965e-01  -1.1327552e-01  -5.0355348e-01  -2.8342549e-02  -5.9021911e-03   2.9310142e-03
  -1.6142875e-01   6.0513357e-03   1.3912529e-01  -6.4463810e-03   5.3776073e-03   6.1191023e-03
  -1.3765809e-02  -1.5182285e-01  -1.2786466e+00  -2.2356702e-02  -3.0172264e-03   2.7611347e-03
  -1.2558443e-02  -1.7579717e-01  -1.2107168e+00  -2.2416377e-02  -2.4619383e-03   2.5244870e-03
   1.4933655e-03  -1.8788645e-01  -1.1111491e+00  -2.1144223e-02  -1.5363948e-03   2.0450410e-03
   8.2300602e-03  -1.7818879e-01  -1.0659983e+00  -1.9984260e-02  -3.4283064e-04   2.0442918e-03
   2.7451640e-02  -2.3408920e-01  -8.4220131e-01  -1.6887760e-02   2.0204308e-03   4.2233193e-03
  -3.5112538e-02  -2.7278231e-01  -7.2088045e-01  -2.1608039e-02  -6.8795076e-03   1.6109773e-03
   1.3706166e-02  -2.0213379e-01   1.3352272e-01  -1.0829638e-02   7.1252121e-03   6.5467597e-03
  -8.6112676e-02  -3.5368173e-01  -2.9700727e-01  -1.9792212e-02   6.4886905e-03   7.4285338e-03
  -1.0999771e-01  -1.4062241e-02   8.6639747e-01  -5.8160606e-03   7.2048645e-03   7.7781833e-03
  -6.5496936e-02  -9.7588571e-02  -1.8069605e-02  -6.2255809e-03  -5.0521493e-03   5.7173944e-03
  -6.7331129e-02  -1.5271840e-01  -1.1070237e-01  -7.9513520e-03  -4.5509074e-03   5.8129403e-03
  -8.0955713e-02  -1.7806326e-01  -1.4957699e-01  -7.8882588e-03  -4.3808841e-03   5.5688982e-03
  -8.9568148e-02  -1.8186779e-01  -1.7346545e-01  -7.5369719e-03  -4.1287065e-03   5.3853775e-03
  -7.2256047e-02  -1.5852852e-01  -2.2767718e-01  -9.6821311e-03  -3.5193464e-03   4.8394464e-03
  -4.4334220e-02  -2.3309206e-01  -2.6505857e-01  -6.1577363e-03  -9.3389425e-04   4.2441330e-03
  -9.0931084e-02  -2.4494429e-01  -1.2597193e+00  -1.0846276e-02  -3.8924498e-03   5.3422959e-03
  -9.9673814e-02  -2.0657254e-01  -1.0698277e+00  -9.4177679e-03  -4.3238942e-03   4.9851330e-03
  -8.7582838e-02  -1.9534941e-01  -1.1217814e+00  -1.0604034e-02  -3.6078465e-03   4.7327057e-03
  -1.0498452e-01  -2.0962925e-01  -1.1198403e+00  -1.0016047e-02  -2.6053942e-03   6.1669347e-03
  -1.1567734e-01  -1.8053173e-01  -1.0560050e+00  -9.0014186e-03  -3.5078295e-03   5.2878437e-03
  -1.1506262e-01  -1.7859830e-01  -1.0865914e+00  -9.8624026e-03  -3.9534801e-03   5.2330633e-03
  -1.1606153e-01  -1.7396145e-01  -1.0594462e+00  -9.7870576e-03  -3.5702573e-03   5.1460047e-03
  -1.1544791e-01  -2.0576407e-01  -1.1048297e+00  -1.0383299e-02  -3.1384040e-03   5.2562322e-03
  -1.0593079e-01  -1.8842678e-01  -1.1365720e+00  -9.5289837e-03  -3.6831445e-03   4.7402917e-03
  -1.1630547e-01  -1.9780563e-01  -1.1525350e+00  -1.0015504e-02  -3.5618439e-03   5.0598010e-03
  -9.1920566e-02  -2.1206480e-01  -1.1627818e+00  -9.1216770e-03  -9.9286428e-06   5.1590798e-03
  -1.0468085e-01  -1.8976465e-01  -1.2244843e+00  -8.0160692e-03  -1.8938208e-03   4.5474400e-03
  -1.1937584e-01  -1.9752290e-01  -1.5508458e+00  -7.6521269e-03  -4.1053519e-03   4.8410395e-03
  -8.0744274e-02  -2.0425459e-01  -1.5892213e+00  -8.0825637e-03  -3.3267790e-03   3.9525682e-03
  -8.0679342e-02  -2.2073855e-01  -1.6085431e+00  -7.9359845e-03  -2.8673006e-03   4.1509817e-03
  -9.6234485e-02  -2.0794207e-01  -1.6704097e+00  -9.1411019e-03  -2.7448398e-03   3.8080462e-03
  -9.5861712e-02  -1.9990416e-01  -1.6956888e+00  -9.2133142e-03  -3.1056415e-03   3.5681917e-03
  -9.3872405e-02  -1.9848774e-01  -1.6902874e+00  -9.0824740e-03  -2.8687030e-03   3.8950320e-03
  -8.0511672e-02  -1.8885758e-01  -1.7376697e+00  -7.5875666e-03  -3.1728211e-03   3.6490476e-03
  -9.6198127e-02  -2.0327314e-01  -1.7248689e+00  -8.4292521e-03  -2.6753011e-03   3.9797057e-03
  -1.1649858e-01  -2.0517118e-01  -1.7383499e+00  -1.0019609e-02  -3.2706089e-03   4.2420714e-03
  -1.0164144e-01  -1.7761125e-01  -1.7447017e+00  -8.7945177e-03  -2.6157273e-03   3.9385639e-03
  -1.2483703e-01  -1.2789097e-01  -1.7266216e+00  -5.9609808e-03  -4.6709691e-03   3.8964221e-03
  -6.4608781e-03  -1.4641898e-01  -8.1607832e-01  -1.5869441e-02  -6.5589819e-03   3.3341550e-03
  -1.1078492e-01  -1.5127798e-01  -1.4709837e+00  -1.5682805e-02   1.4396598e-04   6.5367477e-03
  -9.7462284e-02  -1.2311320e-01  -1.2669226e+00  -6.2524765e-03   2.2678696e-03   6.7365374e-03
  -7.8202341e-02  -1.5433823e-01  -1.3051759e+00  -8.1377728e-03   1.6848509e-03   5.8767525e-03
  -7.4601882e-02  -1.7690751e-01  -1.3264901e+00  -7.9825453e-03   2.1821989e-04   5.5452811e-03
  -6.8110131e-02  -1.2018209e-01  -1.2326893e+00  -6.1254808e-03   1.1568669e-03   4.8243665e-03
  -7.2708731e-02  -1.6106046e-01  -1.2120159e+00  -6.4503507e-03   1.9714873e-03   5.0066325e-03
  -5.6245648e-02  -1.6594026e-01  -1.2154124e+00  -6.2122401e-03   2.3985894e-03   5.2350668e-03
  -6.9679355e-02  -1.3755391e-01  -1.2417750e+00  -4.8319721e-03   3.2795844e-03   5.1132290e-03
  -7.3092379e-02  -1.3518307e-01  -1.2462641e+00  -6.3398474e-03   3.2985024e-03   4.9649565e-03
  -6.3305273e-02  -9.5021163e-02  -8.9066596e-01   6.0417156e-03   2.6319898e-03   5.9806743e-03
  -9.5522421e-02  -1.4370732e-01  -1.5551371e+00  -3.6017912e-03   7.6913141e-04   5.2952229e-03
  -8.7947459e-02  -3.7153360e-01  -1.5367744e+00  -1.1640509e-02  -1.5760286e-03   6.0737982e-03
  -7.0160815e-02  -1.3199550e-01  -1.7693024e+00  -2.4104437e-03  -4.8340993e-04   4.5872659e-03
  -5.5723888e-02  -2.0212617e-01  -1.8401816e+00  -5.3231067e-03   1.3682412e-05   4.5573456e-03
  -5.4652050e-02  -1.6650559e-01  -1.8476564e+00  -6.3127253e-03   1.1029367e-03   4.2829792e-03
  -6.2579200e-02  -1.5240536e-01  -1.8843711e+00  -6.4358628e-03  -2.5104610e-04   3.8818642e-03
  -4.8277364e-02  -1.6123804e-01  -1.7364931e+00  -3.9791729e-03  -9.4868555e-05   4.4547282e-03
  -6.0864736e-02  -1.5751561e-01  -1.7822394e+00  -4.6160220e-03  -1.4007435e-04   4.2564579e-03
  -5.8215147e-02  -1.7347120e-01  -1.8088359e+00  -4.4179625e-03  -7.9247690e-05   4.5288967e-03
  -6.9230402e-02  -1.4441383e-01  -1.8314090e+00  -7.7038719e-03   6.8680078e-04   4.3094795e-03
  -9.0743806e-02  -2.3688076e-01  -2.0100216e+00  -4.2344257e-02  -1.2881529e-02  -1.0538763e-03
   1.6496138e-02   2.6504668e-02  -9.6383123e-01  -1.6139984e-02  -1.5183816e-02   1.1259628e-03
  -5.7073739e-02  -2.3639860e-02  -1.1261413e+00  -2.0909198e-02  -1.3621976e-02   2.8726489e-03
  -5.5854085e-02  -7.8698601e-02  -1.0255208e+00  -1.7909126e-02  -1.3109351e-02   2.8114391e-03
  -4.8917772e-02  -5.0095608e-02  -1.0246489e+00  -1.7185625e-02  -1.2179875e-02   2.5934145e-03
  -6.0287964e-02  -7.0076422e-02  -1.0450288e+00  -1.7310735e-02  -1.2025093e-02   2.7181137e-03
  -1.9077061e-02  -1.3716425e-01  -1.0721844e+00  -2.3470705e-02  -1.4514382e-02   2.4872482e-03
   1.1495976e-01   2.2531154e-02  -5.8577555e-01  -1.2414521e-02  -6.1331859e-03   4.3758168e-03
  -3.8197537e-02  -3.3409790e-04  -6.8261200e-01  -7.6994599e-03  -1.5713961e-03   8.0931389e-03
  -3.7590607e-02  -1.0137985e-01  -1.1190524e+00  -1.3266509e-02  -4.1127342e-03   6.6775138e-03
  -3.1051586e-02  -9.2793712e-02  -1.1305918e+00  -1.3753954e-02  -4.4275998e-03   6.3742554e-03
  -4.9642324e-02  -6.0641282e-02  -1.3300021e+00  -2.0266664e-02  -1.2115640e-02   6.5031353e-03
  -3.8352128e-02  -9.7451590e-02  -1.3166211e+00  -1.6830393e-02  -6.1760004e-03   6.6209880e-03
  -5.5563536e-02  -7.7731579e-02  -1.3810237e+00  -1.6045723e-02  -6.5482019e-03   6.6827324e-03
  -4.5139077e-02  -1.4341656e-01  -1.3857010e+00  -1.8282643e-02  -5.4014176e-03   6.0487333e-03
  -4.9525614e-02  -8.4762634e-02  -1.4600514e+00  -1.7365752e-02  -4.6824845e-03   5.8583587e-03
  -4.0346688e-02  -1.0355216e-01  -1.3931152e+00  -1.0681149e-02  -1.1271456e-04   6.3203297e-03
  -2.5667171e-02  -1.9691469e-01  -2.0341030e+00  -8.0203091e-03  -6.8599444e-04   6.0474255e-03
  -4.7960590e-02  -1.9227146e-01  -1.9798435e+00  -1.0395889e-02  -2.1646989e-04   5.9169745e-03
  -4.4647644e-02  -1.7371387e-01  -2.0193698e+00  -1.0832323e-02   4.1088683e-04   5.8372768e-03
  -4.9045323e-02  -1.7584883e-01  -2.0424815e+00  -1.1683246e-02   1.2896001e-04   5.5295418e-03
  -5.5411767e-02  -1.6060141e-01  -1.9448616e+00  -1.0929785e-02   6.6779093e-04   5.2115634e-03
  -2.3884232e-02  -9.5895407e-02  -1.5689343e+00   1.5050341e-03   7.6691662e-04   6.8205118e-03
  -8.6011508e-02  -2.0205289e-01  -2.4369294e+00  -8.8191678e-03  -7.0529074e-04   6.8078891e-03
  -8.6237511e-02  -2.5244778e-01  -2.6404426e+00  -3.6553669e-02  -1.6241336e-02   1.9418161e-03
  -4.7835598e-02  -1.2711265e-01  -1.9936029e+00  -2.5981646e-02  -1.0302615e-02   5.3568837e-03
  -1.1739852e-01  -3.2758162e-02  -1.9167688e+00  -1.7921491e-02  -1.4240990e-02   4.3717973e-03
  -1.0378026e-01  -1.4205674e-01  -1.8613566e+00  -1.9953525e-02  -1.1196924e-02   3.9769972e-03
  -1.0374001e-01  -9.0744959e-02  -1.8729900e+00  -1.6241038e-02  -9.5403917e-03   4.0744005e-03
  -1.0235315e-01  -1.2398197e-01  -1.8276851e+00  -1.5458367e-02  -7.4480976e-03   3.7677703e-03
  -9.5476345e-02  -1.3351153e-01  -1.8199517e+00  -1.5059631e-02  -7.3565630e-03   3.7969419e-03
  -9.2946301e-02  -8.2512162e-02  -1.8118575e+00  -1.3638908e-02  -6.0331232e-03   3.6066493e-03
  -7.6134117e-02  -1.3457940e-01  -1.7680276e+00  -6.9504341e-03  -1.8377294e-03   5.0478210e-03
  -7.7175401e-02  -1.5320286e-01  -1.7779760e+00  -7.9703642e-03  -1.0981583e-03   4.6853046e-03
  -6.4681590e-02  -1.8621429e-01  -1.7641142e+00  -9.7076275e-03  -1.8684739e-03   4.2638984e-03
  -8.5855028e-02  -1.3254402e-01  -1.7930934e+00  -5.9984123e-03  -2.2988753e-03   5.3195815e-03
  -1.1222046e-01  -1.4136733e-01  -2.3228987e+00  -3.1279343e-02  -1.4905215e-02   2.6647359e-03
  -6.7513335e-02  -4.6208317e-02  -1.9568051e+00  -1.7992778e-02  -8.7863883e-03   4.3694255e-03
  -9.2399158e-02  -7.9029419e-02  -1.9470236e+00  -1.7204003e-02  -7.5589810e-03   4.4659286e-03
  -9.0684244e-02  -1.2157698e-01  -1.9221302e+00  -1.8237977e-02  -6.2476898e-03   4.0842578e-03
  -1.0615172e-01  -9.3498514e-02  -1.9161372e+00  -1.5337646e-02  -5.6847727e-03   3.9186155e-03
  -2.3069396e-02  -2.4355356e-02  -1.5423844e+00  -1.1489490e-02  -8.2989880e-03   3.1315518e-03
  -5.6320807e-02  -1.6005706e-01  -2.0931787e+00  -1.5044266e-02  -7.0081672e-03   3.9351064e-03
  -7.4863944e-02  -1.2588219e-01  -2.0655604e+00  -1.2425515e-02  -4.4440361e-03   2.7146522e-03
  -7.1611046e-02  -1.5129598e-01  -1.9910940e+00  -1.2920366e-02  -3.7198966e-03   4.5180225e-03
  -8.3902959e-02  -1.1086259e-01  -2.0689544e+00  -1.2024894e-02  -3.3504484e-03   3.4866570e-03
  -7.5135564e-02  -1.5669770e-01  -2.1043465e+00  -1.2229229e-02  -2.2385636e-03   2.9153039e-03
  -8.6824291e-02  -1.3991101e-01  -2.1775829e+00  -1.3656714e-02  -2.1355402e-03   2.9413388e-03
  -6.5457708e-02  -1.3553520e-01  -2.1192568e+00  -1.2337697e-02  -2.7245254e-03   2.7667067e-03
  -8.0392985e-02  -1.4538685e-01  -2.1294551e+00  -1.1647362e-02  -4.5394104e-03   3.7581177e-03
  -8.7857783e-02  -1.2264423e-01  -2.0965569e+00  -1.0328402e-02  -3.3941889e-03   3.2675439e-03
  -8.6216062e-02  -1.2475477e-01  -2.2323606e+00  -1.1511479e-02  -3.0867954e-03   3.2254922e-03
  -9.0910476e-02  -1.5060571e-01  -2.1632577e+00  -1.1001802e-02  -2.0705564e-03   3.2654217e-03
  -9.1898288e-02  -1.3765863e-01  -2.1580835e+00  -1.1429172e-02  -2.3370128e-03   3.0030018e-03
  -8.7611439e-02  -1.3433711e-01  -2.1827206e+00  -1.1622479e-02  -2.4838237e-03   2.9827097e-03
  -8.5214532e-02  -1.5669393e-01  -2.2235525e+00  -1.2684034e-02  -2.5016070e-03   3.1322724e-03
  -1.0084085e-01  -1.4987859e-01  -2.2886035e+00  -1.1119577e-02  -3.0888950e-03   3.5493066e-03
  -6.7950251e-02  -1.4094043e-01  -2.2979115e+00  -1.8056486e-02  -8.9865841e-03   6.6763096e-03
  -5.8290102e-03  -1.6686776e-01  -2.6965824e+00  -3.6735891e-02  -1.5497043e-02  -1.2618692e-03
  -5.3965508e-02   2.2676683e-02  -1.9676368e+00  -1.4652870e-02  -1.0062123e-02   4.5998240e-03
  -1.0075034e-01  -7.8381570e-02  -2.2352131e+00  -1.7132600e-02  -9.0916034e-03   4.8271767e-03
  -8.6485387e-02  -1.2524674e-01  -2.2790279e+00  -1.7558629e-02  -7.3973803e-03   4.3033716e-03
  -8.9235081e-02  -9.6658952e-02  -2.1994412e+00  -1.6756161e-02  -6.3916400e-03   3.9288194e-03
  -1.0186807e-01  -8.8465527e-02  -2.2090216e+00  -1.6333225e-02  -7.9852048e-03   3.8957273e-03
  -6.7599032e-02  -1.9618508e-01  -2.1792629e+00  -1.7228466e-02  -9.7118729e-03   4.2918414e-03
  -7.2119434e-02  -8.9852265e-02  -1.9898383e+00  -1.1449442e-02  -9.1335272e-03   3.6087279e-03
  -6.4048411e-02  -1.0279702e-01  -2.0505932e+00  -1.0658581e-02  -7.8029109e-03   3.1233601e-03
  -1.0016696e-01  -1.0049039e-01  -2.0064562e+00  -1.1073859e-02  -7.8114228e-03   2.9734370e-03
  -8.6308526e-02  -6.6254408e-02  -1.7655338e+00  -1.0912113e-02  -7.4364895e-03   4.1883746e-03
  -9.6619152e-02  -9.5281945e-02  -1.8261611e+00  -9.4619141e-03  -7.0732297e-03   3.5670651e-03
  -1.0298322e-01  -1.0771115e-01  -1.8378207e+00  -9.1871060e-03  -8.0226603e-03   2.8133757e-03
  -9.3578080e-02  -1.0752884e-01  -1.9357055e+00  -9.0613563e-03  -6.9610848e-03   2.8957730e-03
  -1.1364262e-01  -9.1085464e-02  -2.0761610e+00  -9.3239599e-03  -6.8074297e-03   3.6560017e-03
  -8.2655074e-02  -5.6860065e-02  -1.7509832e+00  -6.2618943e-03  -1.1929792e-03   6.2524966e-03
  -1.0026463e-01  -1.0262260e-01  -1.9947704e+00  -6.1290435e-03   4.0131169e-04   5.5091769e-03
  -8.9669231e-02  -1.4319552e-01  -2.0459441e+00  -8.2367473e-03   7.8305742e-05   5.1941683e-03
  -9.2294454e-02  -1.3762177e-01  -2.0401925e+00  -7.9896253e-03   4.6385032e-04   5.1993762e-03
  -5.1220859e-02  -1.1028210e-01  -1.8868031e+00  -6.5134343e-03  -2.1458082e-03   4.0172471e-03
  -6.7353072e-02  -1.3834149e-01  -1.9858839e+00  -7.5008979e-03  -3.5550478e-03   3.2297016e-03
  -7.7655273e-02  -1.4783648e-01  -1.9583097e+00  -6.9318711e-03  -4.0631620e-03   2.9254125e-03
  -7.8467724e-02  -1.8192212e-01  -2.7843133e+00  -2.0243088e-02  -4.8014024e-03   4.1504105e-03
  -2.1987519e-02  -1.2330909e-01  -2.1150010e+00  -2.7510771e-02  -1.6742510e-02  -1.7113592e-04
  -2.6627588e-02  -5.3179110e-02  -1.7912130e+00  -1.5474911e-02  -1.4030118e-02   7.3370881e-04
  -7.0520704e-02  -7.6208190e-02  -2.0873449e+00  -1.3930685e-02  -1.0823864e-02   2.9418612e-03
  -5.8370538e-02  -1.3545932e-01  -2.1766209e+00  -1.7712996e-02  -8.2443294e-03   2.5337784e-03
  -7.2424166e-02  -1.0216324e-01  -2.3248445e+00  -1.0386729e-02  -5.5929525e-03   3.0511346e-03
  -8.8369530e-02  -1.1197078e-01  -2.3381619e+00  -1.1122945e-02  -5.5461545e-03   2.4038918e-03
  -8.0438635e-02  -1.1882002e-01  -2.3390535e+00  -1.1101059e-02  -5.0948314e-03   2.1289314e-03
  -6.4912423e-02  -1.1896567e-01  -2.3347577e+00  -1.1660855e-02  -4.5393735e-03   1.8907515e-03
  -7.8545085e-02  -3.8155078e-02  -2.0274427e+00  -7.7443017e-03  -6.2300120e-03   4.9800042e-03
  -4.7849107e-02  -2.1146028e-01  -2.2114194e+00  -9.8746233e-03  -5.6284005e-03   4.0798245e-03
  -3.1502354e-02  -9.7860858e-02  -2.0497303e+00  -1.0949154e-02  -7.3643489e-03   2.8818167e-03
  -1.5547615e-02  -4.6663523e-02  -2.0557563e+00  -1.0558190e-02  -6.1243240e-03   1.3297734e-03
  -4.1461751e-02  -9.7964352e-02  -2.1241412e+00  -2.3132703e-02  -1.3822686e-02   2.5735556e-03
  -5.5974970e-02  -2.7174307e-02  -1.9708310e+00  -2.0591148e-02  -1.0807862e-02   2.3617368e-03
  -6.1928600e-02  -6.8804237e-02  -1.9896466e+00  -1.3926407e-02  -1.0038538e-02   3.5182811e-03
  -7.6777677e-02  -9.0374519e-02  -2.0376423e+00  -1.3148041e-02  -8.6610384e-03   3.0036867e-03
  -7.9831499e-02  -1.0504521e-01  -2.1867446e+00  -1.7034855e-02  -1.0718852e-02   3.2295400e-03
  -7.8877268e-02  -1.1366449e-01  -2.2587402e+00  -1.6722778e-02  -9.7109110e-03   2.9369926e-03
  -8.6683695e-02  -7.6097264e-02  -2.1925505e+00  -1.1260129e-02  -7.8853674e-03   4.4694765e-03
  -1.1740745e-01  -1.0527203e-01  -2.5147970e+00  -1.3802180e-02  -8.8583286e-03   4.2309754e-03
  -1.0641393e-01  -1.1305941e-01  -2.5426801e+00  -1.5507021e-02  -8.5418127e-03   3.8383091e-03
  -9.2291530e-02  -1.3953810e-01  -2.5504238e+00  -1.6141265e-02  -7.9471961e-03   3.4050627e-03
  -1.1290907e-01  -1.1290133e-01  -2.5469937e+00  -1.5911716e-02  -7.8431514e-03   3.6099847e-03
  -8.9280510e-02  -1.1672959e-01  -2.3560211e+00  -1.4220935e-02  -6.1670480e-03   4.3886956e-03
  -1.1505378e-01  -1.3690128e-01  -2.4367580e+00  -1.3366885e-02  -6.7478048e-03   5.1310665e-03
  -5.7166553e-02  -1.2747873e-01  -2.7260588e+00  -1.4082517e-02  -5.2348035e-03   4.1814655e-03
  -8.5847177e-02  -1.5884769e-01  -2.7520163e+00  -1.3777695e-02  -4.2818242e-03   3.6136765e-03
  -6.6070147e-02  -1.7392626e-01  -2.7179352e+00  -1.5375898e-02  -4.2521469e-03   4.2109198e-03
  -7.1401560e-02  -1.1398369e-01  -2.4512776e+00  -6.8076607e-03  -5.1196098e-03   4.5574651e-03
  -9.0751136e-02  -1.4780157e-01  -2.6896767e+00  -9.9473918e-03  -3.3222192e-03   3.5235613e-03
  -1.1555691e-01  -1.4128968e-01  -2.7134797e+00  -9.6536626e-03  -3.7003565e-03   3.4806282e-03
  -1.1107522e-01  -1.0268198e-01  -2.6776054e+00  -8.6074171e-03  -2.8736385e-03   2.9641538e-03
  -1.1031270e-01  -1.2931908e-01  -2.6671509e+00  -9.2784334e-03  -2.1299563e-03   2.9051564e-03
  -1.1325798e-01  -1.6068894e-01  -2.6957792e+00  -9.6407806e-03  -2.3334837e-03   3.0808740e-03
  -1.2279766e-01  -1.3508481e-01  -2.6788964e+00  -9.0921515e-03  -2.3044133e-03   3.0180478e-03
  -4.6300464e-02   4.3895823e-03  -2.8047603e+00  -2.3623386e-02  -1.4831243e-02   2.8822868e-03
  -3.8078167e-02  -5.6627107e-02  -2.4026992e+00  -1.5623150e-02  -1.1151693e-02   3.9119041e-03
  -6.4979621e-02  -7.9345594e-02  -2.4816575e+00  -1.4723386e-02  -9.3318523e-03   3.4931086e-03
  -6.6867376e-02  -7.9621030e-02  -2.4959862e+00  -3.0960081e-02  -2.3862473e-03  -1.2184258e-03
  -4.4965487e-02  -1.1121139e-01  -2.3762575e+00  -9.2727609e-03  -8.3629198e-03   3.4460191e-03
  -5.8192500e-02  -1.6701597e-01  -2.5203704e+00  -9.9793433e-03  -8.4388302e-03   3.6508577e-03
  -6.6119530e-02  -1.4550426e-01  -2.5297755e+00  -1.0706376e-02  -7.5085263e-03   3.2635974e-03
  -7.0588835e-02  -6.8038810e-02  -2.4817589e+00  -1.3865173e-02  -9.9909518e-03   4.0790493e-03
  -1.0420373e-01  -9.2660128e-02  -2.5264139e+00  -1.3999758e-02  -7.3696050e-03   4.0171041e-03
  -1.1119672e-01  -9.3420921e-02  -2.5677619e+00  -1.3446388e-02  -8.0016500e-03   4.4837797e-03
  -1.0044354e-01  -1.0961936e-01  -2.5588482e+00  -1.3724807e-02  -7.6840617e-03   4.2684540e-03
  -1.1272472e-01  -1.0245317e-01  -2.5552712e+00  -1.3066729e-02  -7.5446345e-03   4.3480297e-03
  -1.0711467e-01  -1.0828943e-01  -2.5959439e+00  -1.3931386e-02  -8.0341453e-03   4.3427528e-03
  -1.3303294e-01  -5.3144703e-02  -2.3744283e+00  -9.7679350e-03  -5.7944864e-03   5.9298417e-03
  -1.1835381e-01  -1.0842440e-01  -2.5242393e+00  -1.1726925e-02  -4.9685651e-03   4.3009279e-03
  -5.1135494e-02  -1.7287931e-01  -2.4879115e+00  -9.5461493e-03  -6.1787394e-03   4.0546823e-03
  -8.0563178e-02  -1.7490437e-01  -3.0150947e+00  -1.4925875e-02  -6.9263053e-03   4.0395181e-03
  -9.4966516e-02  -1.4948014e-01  -2.8571104e+00  -1.1542865e-02  -5.3087010e-03   3.6520656e-03
  -7.9462291e-02  -2.2902401e-01  -2.9034134e+00  -1.6262739e-02  -6.4273013e-03   5.3862510e-03
  -1.2898352e-01  -1.2076851e-01  -2.7409178e+00  -1.1788808e-02  -6.7886986e-03   3.4940156e-03
  -1.1840176e-01  -1.2906215e-01  -2.6358245e+00  -1.0640325e-02  -5.0811942e-03   2.8725257e-03
  -1.0089954e-01  -1.5082992e-01  -2.7099857e+00  -1.1477117e-02  -4.7612342e-03   2.5898841e-03
  -1.1768861e-01  -1.2652175e-01  -2.6309482e+00  -1.0436773e-02  -4.5311881e-03   3.7955161e-03
  -1.3278537e-01  -1.4035288e-01  -2.6978395e+00  -1.1472747e-02  -4.5476438e-03   3.7289433e-03
  -1.2254505e-01  -2.3528361e-01  -2.6468573e+00  -1.4497379e-02  -4.9698258e-03   5.2081709e-03
  -6.9867037e-02  -9.7339843e-02  -2.4894229e+00  -2.0806664e-02  -1.0541509e-02   3.4762893e-03
  -2.6834116e-02  -7.1712735e-03  -1.8129388e+00  -2.0638714e-02  -1.0208934e-02   3.7436587e-03
  -1.0680004e-01  -9.4515532e-02  -2.4617276e+00  -1.1878315e-02  -9.2436387e-03   6.8588934e-03
  -1.0221024e-01  -1.4113907e-01  -2.5624149e+00  -1.2603681e-02  -8.5656843e-03   5.2085597e-03
  -9.5511806e-02  -1.6719479e-01  -2.5662397e+00  -1.2122535e-02  -7.9682601e-03   5.6671678e-03
  -1.1202590e-01  -1.2252420e-01  -2.5775741e+00  -1.2865365e-02  -6.9718426e-03   5.1451330e-03
  -1.0554236e-01  -1.3723287e-01  -2.6121261e+00  -1.2156363e-02  -6.9805756e-03   4.9540467e-03
  -1.0738613e-01  -1.3884207e-01  -2.6463014e+00  -1.2927840e-02  -6.4205340e-03   4.8604741e-03
  -9.7288953e-02  -1.3083282e-01  -2.6484428e+00  -1.2968493e-02  -6.6073641e-03   4.6906219e-03
  -7.0434482e-02  -8.9263410e-02  -2.5495489e+00  -9.4650137e-03  -8.0933521e-03   5.1271510e-03
  -1.1074413e-01  -1.1023467e-01  -2.5924455e+00  -1.0036624e-02  -6.2713705e-03   5.3962824e-03
  -1.0562354e-01  -9.8597661e-02  -2.6494242e+00  -1.3909812e-02  -1.1125143e-02   7.2657117e-03
  -6.7508334e-02  -1.6429866e-01  -2.6117915e+00  -1.7838435e-02  -9.7187784e-03   4.7844431e-03
  -1.2539886e-01  -7.0249138e-02  -2.5654233e+00  -1.3368309e-02  -9.1148484e-03   5.0807613e-03
  -9.3040580e-02  -2.1186186e-01  -2.5524809e+00  -1.4437874e-02  -8.0597185e-03   4.4480448e-03
  -1.1744114e-01  -8.3103900e-02  -2.5957908e+00  -1.3158039e-02  -7.8746902e-03   4.6967470e-03
  -1.3427786e-01  -5.2223663e-02  -2.4712241e+00  -1.0214429e-02  -6.6124371e-03   4.8216330e-03
  -1.3645458e-01  -1.1806006e-01  -2.6116113e+00  -1.2073093e-02  -5.8575369e-03   4.3892618e-03
  -1.3421234e-01  -1.2753723e-01  -2.5877874e+00  -1.2049753e-02  -4.6980789e-03   4.0752160e-03
  -4.7577634e-02  -5.0683150e-02  -2.1828009e+00  -2.8365969e-03  -4.4541004e-03   3.9834472e-03
  -1.3941066e-01  -1.3527024e-01  -2.6782973e+00  -8.9589301e-03  -5.5858999e-03   4.1469788e-03
  -1.2299085e-01  -1.5690759e-01  -2.5993055e+00  -9.2574258e-03  -4.8154146e-03   4.0282607e-03
  -1.2980996e-01  -1.4481452e-01  -2.6629422e+00  -1.0823039e-02  -4.0983346e-03   3.4927529e-03
  -7.8315489e-02  -1.4103009e-01  -1.8611467e+00  -5.4076887e-03  -1.9453715e-03   6.7219242e-03
  -1.2280100e-01  -1.7091771e-01  -2.2648114e+00  -7.0166363e-03  -9.9401533e-04   5.5445998e-03
  -8.4255504e-02  -2.1714430e-01  -2.3443752e+00  -1.2296910e-02  -9.5368126e-03   6.3204205e-03
  -1.1065353e-01  -1.3591193e-01  -2.7292895e+00  -7.5988631e-03  -4.6202760e-03   4.3219818e-03
  -8.1478727e-02  -1.5732168e-01  -2.5462045e+00  -6.3169745e-03  -3.9457285e-03   4.0927377e-03
  -9.8133098e-02  -1.5812604e-01  -2.5647379e+00  -6.6053545e-03  -4.0334158e-03   3.7775832e-03
  -5.6578810e-02  -2.0288360e-01  -2.4712794e+00  -8.5381256e-03   1.7461382e-04   6.4554147e-03
  -1.0480138e-01  -1.4641077e-01  -2.3257699e+00  -3.1629467e-03   1.2232910e-03   6.4251103e-03
  -1.0489725e-01  -3.1504912e-01  -2.3578180e+00  -9.3917751e-03  -1.3016680e-03   6.1750432e-03
  -1.1042412e-01  -1.6172747e-01  -2.5083582e+00  -6.7347033e-03  -5.2147141e-04   4.4897038e-03
  -1.0398993e-01  -1.8829200e-01  -2.5185002e+00  -7.0206672e-03   1.2983721e-04   4.5975059e-03
  -1.1322616e-01  -1.8117115e-01  -2.5265463e+00  -7.5088225e-03   4.7906864e-04   4.3523706e-03
  -8.4225143e-02  -3.1976138e-01  -2.2707531e+00  -1.7195533e-02  -1.4839326e-03   4.2642011e-03
  -4.2119239e-02  -1.1893206e-01  -1.5542300e+00   5.6837893e-03  -2.6750811e-03   5.2566549e-03
  -1.3384840e-01  -1.8893556e-01  -2.2002535e+00  -6.7778668e-03  -3.3118497e-03   5.8745939e-03
  -8.5272864e-02  -2.0347906e-01  -2.1266437e+00  -7.3737181e-03  -3.6130429e-03   4.4948373e-03
  -8.3006936e-02  -1.7640412e-01  -2.0807146e+00  -6.3325207e-03  -2.9189229e-03   4.5933167e-03
  -7.8154830e-02  -1.8347440e-01  -2.0553518e+00  -5.3226311e-03  -2.5897864e-03   4.5118370e-03
  -7.9903261e-02  -1.6636749e-01  -2.0966011e+00   5.3781309e-04  -7.3845674e-03   7.1882013e-03
  -1.2582230e-01  -2.0892086e-01  -3.0952357e+00  -1.1003984e-02  -5.4746136e-03   4.5852094e-03
  -1.0737041e-01  -1.4993195e-01  -2.2641427e+00  -3.0920962e-03  -4.0730250e-03   5.7765209e-03
  -1.3378062e-01  -1.7674088e-01  -2.5559749e+00  -7.4548138e-03  -3.2209070e-03   4.3644989e-03
  -1.4367380e-01  -1.7681176e-01  -2.5638924e+00  -7.4397764e-03  -2.6444191e-03   4.7387325e-03
  -9.7431656e-02  -1.2035267e-01  -2.6287142e+00  -2.4246089e-02  -9.8198881e-03   2.5086623e-03
  -1.0507798e-01  -8.1990500e-02  -2.4803235e+00  -1.5613059e-02  -8.6037966e-03   4.1888379e-03
  -1.1709608e-01  -1.1987081e-01  -2.4363768e+00  -1.5317813e-02  -6.5713930e-03   3.9625818e-03
  -1.0326173e-01  -1.3112285e-01  -2.3971501e+00  -1.5106676e-02  -6.0998073e-03   3.7359498e-03
  -1.1725239e-01  -1.1077680e-01  -2.4054061e+00  -1.4953067e-02  -6.0138352e-03   3.7499396e-03
  -1.1502642e-01  -1.1416620e-01  -2.4179729e+00  -1.4910995e-02  -5.5777317e-03   3.6072103e-03
  -1.1171086e-01  -1.1118612e-01  -2.4469756e+00  -1.5059429e-02  -5.7897746e-03   3.4897608e-03
  -1.2233559e-01  -1.3766615e-01  -2.4491880e+00  -1.5173639e-02  -6.7201533e-03   4.4643538e-03
  -1.3390708e-01  -1.0797072e-01  -2.6397367e+00  -1.4567326e-02  -6.7258780e-03   4.5549830e-03
  -1.3533942e-01  -1.2014226e-01  -2.5302192e+00  -1.3148035e-02  -5.2508338e-03   4.4932741e-03
  -1.2302543e-01  -1.7486851e-01  -2.4847746e+00  -1.7450810e-02  -8.2828762e-03   5.0398998e-03
  -1.1458518e-01  -1.0197801e-01  -2.3915810e+00  -1.2099715e-02  -5.2145768e-03   4.2043942e-03
  -9.0785963e-02  -1.0795947e-01  -2.4880298e+00  -1.9285051e-02  -8.7368112e-03   3.2597729e-03
  -8.2870782e-02  -7.8324851e-02  -2.3166047e+00  -1.5758473e-02  -8.3621453e-03   3.1737089e-03
  -9.7106815e-02  -8.9162641e-02  -2.2003631e+00  -1.3680829e-02  -8.2057623e-03   3.3923106e-03
  -9.2165169e-02  -1.1194114e-01  -2.2195370e+00  -1.3192829e-02  -7.4723601e-03   3.2757041e-03
  -6.7326554e-02  -1.4039172e-01  -2.2168488e+00  -1.5822770e-02  -8.6037043e-03   3.0416975e-03
  -6.8705312e-02  -9.0314839e-02  -2.2477263e+00  -1.2699880e-02  -8.8998297e-03   2.8865269e-03
  -8.0585655e-02  -9.9069590e-02  -2.3064449e+00  -1.1299017e-02  -9.5445781e-03   2.9499832e-03
  -7.8991351e-02  -1.0936764e-01  -2.3636269e+00  -1.1615806e-02  -9.1846825e-03   2.9844071e-03
  -8.5631657e-02  -1.1831209e-01  -2.3264545e+00  -1.1562925e-02  -8.2380313e-03   3.0740811e-03
  -6.8877465e-02  -1.1907562e-01  -2.3741515e+00  -1.2430182e-02  -8.1840703e-03   2.7671425e-03
  -4.3986075e-02  -1.5657920e-01  -2.2589319e+00  -1.9192240e-02  -1.8283968e-03   2.8522565e-03
  -7.0895082e-02  -2.1187648e-01  -2.4036900e+00  -9.4114024e-03  -1.4720530e-04   7.3542254e-03
  -5.3121162e-02  -4.6688716e-01  -1.8618884e+00  -4.0925416e-02  -5.9237167e-04   2.7695735e-03
  -1.4279609e-02  -7.5122683e-01  -2.2262946e+00  -5.7311679e-02   6.0842690e-03   5.4963251e-03
   2.7360720e-01  -1.8321670e-01   1.0696222e+00  -7.5756459e-04   3.0285390e-02   6.4861367e-03
   1.5119588e-01  -2.0961719e-01  -1.6993943e+00  -1.7666309e-02   2.5466924e-02   9.3358320e-03
   1.2132353e-01  -2.4315706e-01  -1.6520102e+00  -1.2064525e-02   1.6759146e-02   6.6035310e-03
   1.0472399e-01  -2.2296892e-01  -1.4993067e+00  -9.9911651e-03   1.4739105e-02   6.0734086e-03
   9.8627150e-02  -2.2253931e-01  -1.4749585e+00  -1.0050102e-02   1.2615168e-02   5.4062588e-03
   9.4811279e-02  -2.0952070e-01  -1.4071325e+00  -9.1294826e-03   1.2054914e-02   4.9090519e-03
   9.2991481e-02  -1.8713811e-01  -1.2344178e+00  -7.5151958e-03   1.6860455e-02   6.0048320e-03
   8.5927753e-02  -1.6947343e-01  -1.3900148e+00  -8.6586208e-03   1.4390025e-02   5.2068916e-03
   1.2046193e-01  -9.4632284e-02  -1.5032742e+00  -1.6982034e-02   3.4728781e-03   3.4443930e-03
   8.6496403e-02  -1.4968661e-01  -1.7906231e+00  -1.8611875e-02   8.8961292e-03   7.0026856e-03
   3.3149406e-02  -1.6322859e-01  -1.5030642e+00  -1.1399409e-02   1.0900940e-02   6.5053792e-03
   4.2746317e-02  -1.7360194e-01  -1.5097685e+00  -1.2017975e-02   9.7524047e-03   6.2509846e-03
   4.8826112e-02  -1.5538009e-01  -1.3120975e+00  -6.8965519e-03   1.2177130e-02   5.7407359e-03
   1.1067985e-01  -1.6093606e-01  -1.1378525e+00  -5.1758721e-03   7.5021482e-03   4.2472759e-03
   9.5728154e-02  -1.8522866e-01  -1.2253524e+00  -6.0752475e-03   7.5665458e-03   4.0579989e-03
   1.0551256e-01  -6.3524637e-02  -8.9203259e-01  -9.2918352e-04   7.0326132e-03   2.4953262e-03
   1.9847926e-01   9.2109516e-02  -5.8568601e-01  -5.1030212e-03   1.8841790e-02   2.0246845e-03
   3.3209774e-02  -3.4351191e-01  -1.1932801e+00  -2.1535995e-02   1.8719539e-02   9.2240540e-03
  -3.4145474e-02  -1.9476146e-01  -2.1286407e+00  -1.5830755e-02   1.2178468e-02   1.0623437e-02
  -1.0072458e-02  -2.3345254e-01  -2.1231704e+00  -1.6240961e-02   6.9533045e-03   7.9014499e-03
   5.6284126e-02  -4.1563326e-01  -1.3967932e+00  -1.8094651e-02   1.1176301e-02   6.2559433e-03
  -1.7519906e-02  -2.5111863e-01  -1.1668186e+00  -1.0724768e-02   2.7416464e-03   4.9032923e-03
  -1.2330538e-01  -1.9165001e-01  -9.9270498e-01  -4.7908395e-03  -8.8481546e-04   5.7488994e-03
  -1.3143238e-01  -2.1094149e-01  -1.1353111e+00  -7.1948083e-03   1.1223072e-03   6.4361538e-03
  -9.1137280e-02  -1.6640132e-01  -1.1208304e+00  -7.2464900e-03  -3.2372971e-03   4.1386711e-03
  -4.1277831e-02  -2.3114287e-01  -1.2886817e+00  -6.6118393e-03  -7.0442800e-03   2.7469258e-03
  -9.6153583e-02  -4.4095777e-01  -1.9439008e+00  -2.2738409e-02  -2.0055682e-03   4.5340586e-03
   1.7797177e-01  -5.4642767e-02   5.6800234e-01  -1.0435013e-02   2.3541293e-02   4.0873539e-03
  -2.0870973e-01  -9.3346554e-02   1.9043222e+00   2.0809148e-02   3.6925152e-03   1.3307570e-02
   1.8742122e-01  -2.2605769e-01  -1.0691734e+00  -1.4026780e-02   4.2716022e-03   2.3564850e-03
   4.9095711e-02  -6.3900478e-02  -6.5363851e-01  -6.0053100e-03  -4.4593983e-03   6.1275479e-03
   3.5644302e-03  -9.7449448e-02  -7.8269780e-01  -1.0631157e-02  -7.6008742e-03   6.7472764e-03
   2.8835492e-02  -1.0238133e-01  -6.7964631e-01  -9.0586969e-03  -4.9806024e-03   6.6196198e-03
   3.4029792e-02  -1.1865258e-01  -6.1027352e-01  -7.3114847e-03  -2.2015078e-03   6.4591048e-03
   2.5576698e-02  -8.5850072e-02  -5.9546974e-01  -5.4774838e-03  -2.8336254e-03   6.1583249e-03
   6.6699829e-02  -1.1010712e-01  -5.7212199e-01  -6.3354806e-03  -2.6631803e-03   5.5394690e-03
   4.1038152e-02  -1.1244703e-01  -5.9460517e-01  -5.0948249e-03  -4.8289337e-04   5.3066613e-03
   4.6218176e-02  -1.0476438e-01  -6.2891065e-01  -4.7479415e-03   5.5110114e-05   5.1511855e-03
   5.8399184e-02  -1.4325241e-01  -5.5624016e-01  -2.6622808e-03   2.6021346e-03   6.0567593e-03
   4.3494879e-02  -1.3532411e-01  -3.9955855e-01   1.7737036e-03   4.2166726e-03   6.7298396e-03
   4.9905969e-02  -1.4426080e-01  -4.4675660e-01   2.0324849e-03   5.9281774e-03   6.2023436e-03
   4.6640475e-02  -1.3812188e-01  -4.8540644e-01   2.2864064e-03   5.9628955e-03   5.7170000e-03
   2.6213355e-02  -2.1023643e-02  -7.2439203e-01  -7.1183008e-03  -6.2167742e-03   5.7822137e-03
   4.9740552e-02  -6.8170279e-02  -6.8167696e-01  -5.6974250e-03  -1.1101537e-03   5.7755988e-03
   4.9064246e-02  -1.2747581e-01  -6.7449578e-01  -4.6586232e-03   1.3587370e-03   5.6189473e-03
   3.8895141e-02  -1.4762349e-01  -7.3907553e-01  -4.9979973e-03   2.2646024e-03   5.0610123e-03
   4.5665020e-02  -9.8386248e-02  -6.1615317e-01  -2.1296869e-03   4.2332657e-03   4.5132877e-03
   7.0132761e-02  -1.3347494e-01  -7.2850326e-01  -2.9444470e-03   4.7886687e-03   4.2032150e-03
   5.1903330e-02  -1.2098310e-01  -6.1998254e-01  -2.2624483e-03   4.6489606e-03   4.2426815e-03
   5.8913605e-02  -1.2339006e-01  -5.8929265e-01  -1.2347318e-03   5.1559345e-03   3.8405957e-03
   6.2179034e-02  -1.1802540e-01  -6.1620539e-01  -1.5577596e-03   4.2395683e-03   3.8462050e-03
   5.4883597e-02  -9.4120033e-02  -5.6027685e-01  -1.4737535e-04   4.6326432e-03   3.9850681e-03
   8.1628759e-02  -1.0214930e-01  -6.6084934e-01  -1.2249233e-03   1.7370906e-03   5.3040260e-03
   6.6255214e-02  -8.1943806e-02  -6.1700031e-01   4.1360621e-04   3.3524189e-03   4.7063948e-03
   7.4256007e-02  -6.7649580e-02  -8.5124053e-01  -7.5873629e-03  -3.5809042e-03   6.2640467e-03
   8.2634790e-02  -7.9296498e-02  -7.7423331e-01  -4.4013428e-03   2.1498877e-04   6.2452295e-03
  -9.0997565e-03  -1.4839018e-01  -9.2230278e-01  -1.2196975e-03   8.5995848e-03   8.8394515e-03
   2.6567180e-02  -1.1817622e-01  -7.9168511e-01   1.4276639e-03   7.9798273e-03   7.3068918e-03
   3.7318839e-02  -1.0163979e-01  -7.8222653e-01   4.9508439e-03   9.8015668e-03   7.6475138e-03
   1.0163491e-01  -1.3549127e-01  -6.2369982e-01   5.5523691e-03   8.7303654e-03   6.5990236e-03
   6.9535519e-02  -1.5469062e-01  -7.1443872e-01   5.5560728e-03   6.5899699e-03   6.3761291e-03
   1.0531213e-01  -1.2197465e-01  -7.1378763e-01   5.0130009e-03   8.5145339e-03   6.4019788e-03
   6.6028916e-02  -1.6725613e-01  -9.0918168e-01   2.3735328e-03   8.6069113e-03   6.5008140e-03
   6.1485860e-02  -1.4759894e-01  -8.4010677e-01   3.2270202e-03   8.5637530e-03   6.2819195e-03
   6.7640882e-02  -1.5255422e-01  -8.1060771e-01   3.3715573e-03   8.9101115e-03   6.0576709e-03
   7.8187363e-02  -1.5748734e-01  -8.4280997e-01   3.5587411e-03   8.7541901e-03   5.7806144e-03
   7.8028663e-02  -1.5087916e-01  -8.1044417e-01   3.1919933e-03   8.1198428e-03   5.5192921e-03
   7.7608943e-02  -1.3260370e-01  -7.9341330e-01   3.5857545e-03   8.7586225e-03   5.9110903e-03
   7.1792152e-02  -1.2337119e-01  -8.0922504e-01   3.0472058e-03   8.4858329e-03   5.7475810e-03
   8.1407697e-02  -1.5568264e-01  -7.7554974e-01   2.2145505e-03   8.9387446e-03   5.8862607e-03
   8.9090612e-02  -8.9839784e-02  -8.8442061e-01  -1.3611780e-03   1.7059811e-03   4.7669195e-03
   6.3702589e-02  -8.8254596e-02  -8.4698770e-01  -3.3030861e-04   3.5956912e-03   5.2019912e-03
   5.7878144e-02  -1.1635314e-01  -8.1160443e-01  -3.0691626e-04   3.9279861e-03   5.4017305e-03
   7.3432800e-02  -1.2194719e-01  -8.0814475e-01  -4.3381631e-04   4.2601867e-03   4.5858307e-03
   5.3255447e-02  -1.2350731e-01  -8.5241633e-01   6.1500033e-04   4.4979691e-03   4.5514275e-03
   5.4007340e-02  -1.4707008e-01  -8.4115540e-01   9.4979469e-04   4.7093774e-03   4.6724472e-03
   5.3701980e-02  -1.4894403e-01  -8.4383051e-01   1.0747086e-03   5.1210993e-03   4.5496346e-03
   2.2366509e-02  -2.9059777e-01  -1.7082471e+00   1.1124662e-03   9.7021347e-03   6.8912061e-03
   4.6706582e-02  -2.2373661e-01  -1.4667505e+00  -1.1277581e-03   7.9980185e-03   5.5977319e-03
   5.0125005e-02  -2.1852915e-01  -1.2607989e+00   1.2430649e-03   7.9966549e-03   5.4616889e-03
   4.9728373e-02  -1.9849726e-01  -1.2868780e+00   2.1321493e-04   8.5081712e-03   5.1299859e-03
   1.1382587e-01  -1.8370777e-01  -9.4145736e-01   5.4935776e-03   6.4285431e-03   4.6472897e-03
   7.7138068e-02  -2.1092173e-01  -1.0255649e+00   3.0821684e-03   6.6092912e-03   4.8773114e-03
   9.4668346e-02  -1.5901135e-01  -9.6503746e-01   8.1666167e-03   3.0848064e-03   5.1141059e-03
   3.8566741e-02  -1.6973243e-01  -1.3516275e+00   3.0807378e-03   4.3318929e-03   4.8382825e-03
   3.7987468e-02  -2.0761683e-01  -1.2726601e+00   2.7639612e-03   4.5390502e-03   5.3125234e-03
  -4.0237684e-02   8.1343024e-02  -1.5075084e+00   3.2926077e-02   3.1431184e-03   8.6626857e-03
  -1.7272881e-01  -1.7715718e-01  -2.8932290e+00   2.5568423e-03  -7.6452807e-03   7.3670547e-03
  -1.5145791e-01  -2.1423043e-01  -2.7088005e+00   5.8986152e-03  -9.1235243e-03   7.1120293e-03
  -9.4572261e-02   5.0238981e-02  -2.8918661e+00  -1.1280110e-02  -2.3801416e-02   6.4596665e-03
  -1.1927548e-01  -7.7186645e-02  -2.7150203e+00  -4.0555264e-03  -1.2795699e-02   5.4302867e-03
  -1.9306692e-01  -1.1128276e-01  -2.6745289e+00  -1.5151830e-03  -7.6389115e-03   7.3635681e-03
  -1.4376702e-01  -1.4354084e-01  -2.6660233e+00  -1.0374289e-03  -6.4603362e-03   6.2523298e-03
  -1.3857370e-01  -1.7444448e-01  -2.6273708e+00  -5.1225491e-04  -4.7796724e-03   5.4477549e-03
  -7.0995380e-02  -1.5918346e-01  -1.8170164e+00  -6.0180724e-05  -8.6473551e-03   5.4561690e-03
  -6.4713640e-02  -1.4842416e-01  -1.9011627e+00   2.1582398e-03  -7.7961855e-03   4.9968124e-03
  -7.6316957e-02  -1.9555883e-01  -1.9052863e+00   1.8589103e-03  -6.6500807e-03   5.2262652e-03
  -6.9252784e-02  -1.6202802e-01  -1.9374523e+00   2.1373625e-03  -6.0877721e-03   5.0915903e-03
  -4.5151714e-02  -1.8123582e-01  -1.8732663e+00   4.7562111e-03  -5.6121134e-03   5.2600900e-03
  -9.3076010e-02  -1.6781395e-01  -2.0491296e+00   2.1445909e-03  -5.5716219e-03   5.3078781e-03
  -8.4913511e-02  -1.9981980e-01  -2.0590416e+00   2.7631705e-03  -5.6424299e-03   4.9138944e-03
  -9.1316153e-02  -7.3575911e-02  -2.3797638e+00  -7.6598730e-03  -1.5466685e-02   5.0552180e-03
  -5.7824784e-02  -8.8793076e-02  -2.1201887e+00  -2.7778385e-03  -1.1141654e-02   4.5860729e-03
  -6.6933300e-02  -1.4268127e-01  -2.0775866e+00  -2.5435487e-03  -9.6471049e-03   4.5898158e-03
  -7.4397408e-02  -1.6864130e-01  -2.1154749e+00  -4.7987641e-03  -5.7400426e-03   3.8236690e-03
  -9.8188113e-02  -1.6955361e-01  -2.4551771e+00  -5.0945439e-03  -9.9619264e-03   5.4698267e-03
  -1.1878890e-01  -1.6354554e-01  -2.3666445e+00  -1.2151647e-03  -1.0874801e-02   5.2181204e-03
  -1.1395402e-01  -1.7238899e-01  -2.3707102e+00  -1.4664316e-03  -1.0490092e-02   5.1300539e-03
  -8.1190779e-02  -1.9767555e-01  -2.2077628e+00   4.8399239e-03  -6.6683704e-03   6.2991427e-03
  -1.6995195e-01  -1.3206202e-01  -2.2675160e+00   4.3297542e-03  -6.2332830e-03   5.7112581e-03
  -1.4661110e-01  -1.8867673e-01  -2.1843160e+00   5.9598188e-03  -6.8726578e-03   5.3637495e-03
  -1.1315278e-01  -1.6389156e-01  -2.2052739e+00   5.9386948e-03  -6.7631020e-03   4.1764570e-03
  -1.1691387e-01  -1.7670721e-01  -2.2260886e+00   4.4140233e-03  -7.1598086e-03   4.2232348e-03
  -1.1990417e-01  -1.8562403e-01  -2.4119413e+00  -1.2495339e-03  -1.4135745e-02   9.1223946e-03
  -6.5474856e-02  -1.0787390e-01  -2.2995105e+00  -3.0720712e-03  -1.5445675e-02   4.1510219e-03
  -6.3158199e-02  -1.2599910e-01  -2.2368077e+00  -1.5217236e-03  -1.2881275e-02   3.8115647e-03
  -8.4641716e-02  -1.3723451e-01  -2.3672835e+00  -5.0350363e-03  -1.1120105e-02   3.2612549e-03
  -1.0235594e-01  -1.4377417e-01  -2.3602373e+00  -4.8046180e-04  -9.9332431e-03   4.3640314e-03
  -1.0110510e-01  -1.6724259e-01  -2.3665644e+00  -7.1393610e-04  -8.4623334e-03   4.4336134e-03
  -7.3701742e-02  -1.9563958e-01  -2.3265386e+00   2.1341014e-03  -5.5152711e-03   3.6813620e-03
  -1.9891512e-01  -2.1931034e-01  -3.2208512e+00  -2.9765474e-04  -8.6379539e-03   6.0958585e-03
  -1.4971155e-01  -1.3706580e-01  -2.7094699e+00   2.9921467e-03  -3.8282710e-03   3.7122831e-03
  -1.7906012e-01  -1.2789050e-01  -2.7655348e+00   3.3978035e-03  -4.7122414e-03   4.3629646e-03
  -1.7235136e-01  -1.6992569e-01  -2.7718382e+00   3.5330372e-03  -7.1628428e-03   4.3965428e-03
  -1.6024035e-01  -1.6346567e-01  -2.6674792e+00   3.5887888e-03  -5.5087962e-03   4.5615018e-03
  -6.9880593e-02  -1.6798703e-03  -3.0001873e+00  -1.4310228e-02  -2.3208501e-02   4.8829951e-03
  -1.1412532e-01  -8.8430770e-02  -2.6629809e+00  -3.8868337e-03  -1.0446833e-02   3.2105665e-03
  -1.2095062e-01  -1.2458043e-01  -2.6169579e+00  -2.3938518e-03  -8.6020538e-03   3.3171264e-03
  -1.0388557e-01  -2.0053341e-01  -2.5509674e+00   2.9073473e-03  -9.3866796e-03   5.2451805e-03
  -1.1459891e-01  -1.8013829e-01  -2.5836819e+00   1.7098607e-03  -8.8709199e-03   5.0596607e-03
  -1.2133123e-01  -2.0435161e-01  -2.5433193e+00   2.3183653e-03  -8.4070593e-03   4.8632858e-03
  -1.2689650e-01  -1.5249190e-01  -2.5986231e+00   8.0225853e-04  -9.2019816e-03   4.7406125e-03
  -1.1831892e-01  -2.0588528e-01  -2.5791609e+00   5.5012090e-03  -4.7801461e-03   5.7895561e-03
  -1.1844706e-01  -1.9753769e-01  -2.4958011e+00   4.3493447e-03  -4.2575008e-03   5.7313920e-03
  -1.2613595e-01  -2.0420704e-01  -2.5255922e+00   4.7518516e-03  -4.1568863e-03   6.3275660e-03
  -1.3604022e-01  -2.0230738e-01  -2.5178469e+00   4.4184316e-03  -4.2018999e-03   5.9817628e-03
  -1.2199096e-01  -1.9617290e-01  -2.5051633e+00   4.4636361e-03  -3.2852940e-03   5.7036703e-03
  -1.2696281e-01  -1.9057358e-01  -2.5235946e+00   2.6003221e-03  -3.8189248e-03   5.6416577e-03
  -1.0211964e-01  -1.1096192e-01  -2.7527726e+00  -3.5651597e-03  -1.0551110e-02   5.4188903e-03
  -1.7547810e-01  -2.1112249e-01  -2.7009210e+00   5.4630811e-04  -3.4869614e-03   7.4879631e-03
  -1.4752600e-01  -1.5055332e-01  -2.6293839e+00   5.2332498e-03  -4.1936027e-03   6.0084444e-03
  -1.4678406e-01  -1.9263932e-01  -2.7930346e+00   2.4043342e-03  -5.8802483e-03   5.9229856e-03
  -1.2832842e-01  -2.1237376e-01  -2.8166185e+00   8.0825320e-04  -4.6955287e-03   5.2018569e-03
  -1.2898616e-01  -1.8350244e-01  -2.6785773e+00   2.7124610e-03  -4.8663027e-03   5.3316045e-03
  -1.1779339e-01  -1.8631826e-01  -2.6987190e+00   1.6551899e-03  -4.4545347e-03   4.7901351e-03
  -1.1757786e-01  -2.0191912e-01  -2.6272089e+00   3.4965909e-03  -4.9617030e-03   5.0337266e-03
  -1.2175920e-01  -1.8134255e-01  -2.6714711e+00   3.4413684e-03  -3.5406929e-03   5.1468503e-03
  -1.3118219e-01  -2.0495146e-01  -2.7843916e+00   1.7442432e-03  -5.2325761e-03   5.2042659e-03
  -1.3126392e-01  -1.9950609e-01  -2.7659107e+00   2.1603284e-03  -5.3363611e-03   5.0835378e-03
  -1.2593350e-01  -9.0236598e-02  -3.0121717e+00  -4.8446879e-03  -1.5483326e-02   5.3457319e-03
  -9.6878395e-02  -1.4739387e-01  -2.7951474e+00  -1.2116926e-03  -9.1812534e-03   4.5116647e-03
  -1.1944828e-01  -1.5434364e-01  -2.8198657e+00  -1.8104142e-03  -7.9512328e-03   4.1709604e-03
  -1.3820622e-01  -1.6967042e-01  -2.8147504e+00  -1.8799124e-03  -7.4921195e-03   4.4000035e-03
  -1.3334320e-01  -1.5482234e-01  -2.8421137e+00  -1.1033692e-03  -7.4253169e-03   4.3352869e-03
  -1.2278735e-01  -1.9832199e-01  -2.8101744e+00  -8.0671748e-05  -6.5418405e-03   4.4209200e-03
  -1.2962513e-01  -2.1551209e-01  -2.8122136e+00   3.2756282e-03  -6.9176193e-03   5.3288916e-03
  -1.2771894e-01  -1.8662517e-01  -2.9315837e+00   9.8385269e-04  -6.4799800e-03   4.8382135e-03
  -5.4351533e-02  -1.4431089e-01  -2.5155798e+00   5.2141561e-03  -3.3973884e-03   6.1253720e-03
  -1.0955977e-01  -1.7922319e-01  -2.8215718e+00   2.3730926e-03  -5.0465520e-03   5.5117063e-03
  -7.1027251e-02  -2.2162404e-01  -2.7260610e+00   3.8073842e-03  -5.5418258e-03   5.3562408e-03
  -7.9845927e-02  -2.3838455e-01  -2.8176095e+00   4.4123543e-03  -5.3537405e-03   5.9424030e-03
  -8.0764208e-02  -1.0548485e-01  -2.9514225e+00  -2.4313765e-03  -1.2368805e-02   4.4411514e-03
  -7.4576547e-02  -1.8588158e-01  -2.7331280e+00   8.7579590e-04  -7.7491277e-03   3.5661873e-03
  -9.7334140e-02  -1.9802631e-01  -2.7114185e+00   9.1615760e-04  -7.9601818e-03   3.9976387e-03
  -8.8771190e-02  -1.9334848e-01  -2.7320372e+00   1.3119487e-04  -7.6432953e-03   3.5537825e-03
  -1.4529025e-01  -2.1506984e-01  -2.5837128e+00   6.5006453e-03  -2.5492489e-03   7.5229352e-03
  -1.3017333e-01  -1.8743293e-01  -2.6945782e+00   5.4949750e-03  -3.5920386e-03   6.4241291e-03
  -1.2654745e-01  -2.3236702e-01  -2.7400428e+00   4.4450870e-03  -3.1367520e-03   6.1752170e-03
  -1.0004969e-01  -2.2601503e-01  -3.3955968e+00  -2.3563739e-03  -6.1159454e-03   5.0015518e-03
  -1.3192072e-01  -1.8747159e-01  -2.9964421e+00   2.9436606e-03  -4.2506993e-03   5.0202467e-03
  -1.1778320e-01  -2.2206495e-01  -3.0137813e+00  -1.9252037e-03  -5.3229250e-03   4.1930164e-03
  -1.0820576e-01  -2.1028581e-01  -2.7340147e+00   4.0098343e-03  -4.2345704e-03   5.2429084e-03
   2.9763670e-02   8.3125537e-02  -2.9904214e+00  -1.1595862e-02  -2.2501313e-02   3.6084149e-03
  -7.5255157e-02  -1.2847768e-01  -2.7278399e+00   4.5126498e-04  -6.8763925e-03   3.2328406e-03
  -8.5648621e-02  -1.6978840e-01  -2.7144694e+00   5.8685058e-04  -6.1375855e-03   3.3269899e-03
  -9.7802684e-02  -1.6608280e-01  -2.7271308e+00   1.1561585e-04  -6.2713693e-03   3.5375506e-03
  -9.0976432e-02  -1.7884495e-01  -2.7363231e+00   1.8022310e-03  -6.3085866e-03   4.1741093e-03
  -9.5762967e-02  -1.7592065e-01  -2.6904689e+00   1.7974495e-03  -5.9722570e-03   3.9221554e-03
  -8.5242075e-02  -3.2496539e-01  -2.6683394e+00  -1.9517906e-03  -5.1700744e-03   4.7996984e-03
  -1.3366560e-01  -1.9148093e-01  -2.7447677e+00   3.8686281e-03  -5.5869714e-03   5.3973974e-03
  -1.3408599e-01  -2.2757338e-01  -2.8738400e+00   4.3231031e-03  -4.8541526e-03   6.5349696e-03
  -1.5303993e-01  -1.8882771e-01  -2.8002661e+00   4.0149453e-03  -4.5810835e-03   5.8899312e-03
  -1.3035225e-01  -2.2142629e-01  -2.8573803e+00   3.0616658e-03  -4.4819968e-03   5.6737084e-03
  -1.3970519e-01  -2.1284150e-01  -2.8793917e+00   2.8305846e-03  -4.2315963e-03   5.7022629e-03
  -7.8753894e-02   1.1177526e-02  -2.9026137e+00  -2.1573428e-02   5.4542978e-03  -3.0769535e-03
  -1.5374498e-01  -1.6154398e-01  -2.6972846e+00   1.5817373e-03  -4.2701260e-03   5.2553823e-03
  -1.3253969e-01  -1.6620427e-01  -2.8546955e+00   5.3086971e-05  -5.4668851e-03   4.9090407e-03
  -1.3581455e-01  -2.3285620e-01  -2.8349728e+00  -1.3696413e-03  -2.2289475e-03   7.4323056e-03
  -1.2152136e-01  -1.4396174e-01  -2.7707601e+00   1.5831003e-03  -1.5032580e-03   5.8643705e-03
  -1.4370015e-01  -1.8814939e-01  -2.8195540e+00   1.9620654e-04  -3.5477502e-03   5.9486483e-03
  -1.3659565e-01  -1.7531188e-01  -2.8759616e+00  -2.3632782e-04  -3.2334397e-03   6.0534303e-03
  -1.4388340e-01  -1.9101114e-01  -2.8069340e+00   4.9942961e-04  -2.8209674e-03   5.8763974e-03
  -1.2933812e-01  -1.9121141e-01  -2.8851959e+00   6.2972039e-04  -3.0222392e-03   5.7875269e-03
  -8.4317874e-02  -2.7390650e-01  -2.7215052e+00  -6.3226926e-03  -5.2912510e-03   5.0287096e-03
  -6.5912582e-02  -1.8763111e-01  -2.5406693e+00   4.8388010e-03  -5.0463206e-03   5.4962216e-03
  -9.8119037e-02  -2.4770016e-01  -2.6293562e+00   7.4035109e-04  -4.4931519e-03   5.4519521e-03
  -2.6087676e-02   2.7361245e-05  -2.9172288e+00  -1.1533710e-02  -2.1631846e-02   6.3809560e-03
  -7.5864178e-02  -1.5884012e-01  -2.7510857e+00  -2.6365542e-03  -7.8785812e-03   3.1093169e-03
  -9.5424731e-02  -2.1318623e-01  -2.7288905e+00  -2.0978054e-03  -6.5911983e-03   3.6873207e-03
  -1.2702571e-01  -1.7500056e-01  -2.8552184e+00  -7.0868149e-04  -8.1900599e-03   4.3009307e-03
  -1.1294956e-01  -2.0112383e-01  -2.8243602e+00  -7.3067219e-04  -6.6704792e-03   4.1562288e-03
  -1.3181620e-01  -2.7641186e-01  -2.8478033e+00   9.6883071e-05  -4.8299782e-03   1.6298961e-03
  -1.3313503e-01  -1.5873087e-01  -2.9760312e+00   2.3104397e-03  -6.9115441e-03   5.2172593e-03
  -1.3857811e-01  -1.9161844e-01  -2.9429658e+00   2.5589509e-03  -6.5934212e-03   5.2397832e-03
  -1.4139239e-01  -1.9549975e-01  -2.9863815e+00   2.3908747e-03  -7.2126565e-03   4.9761242e-03
  -1.4843815e-01  -2.0065216e-01  -3.0137299e+00   1.2619650e-03  -6.4433027e-03   4.6913020e-03
  -1.3843151e-01  -1.8831601e-01  -2.9876647e+00   1.8403376e-03  -5.9946629e-03   4.7024167e-03
  -1.2371485e-01   4.8940536e-02  -3.2164854e+00  -1.7032811e-02  -1.3040005e-02   3.2597033e-03
  -1.4197979e-01  -2.2551641e-01  -2.7003727e+00   6.5147355e-03   3.3009900e-04   7.8798126e-03
  -6.4177943e-02  -2.2311291e-01  -2.7349423e+00   4.3379246e-03  -2.7093704e-03   6.1147348e-03
  -8.6768720e-02  -2.4107125e-01  -2.8678825e+00   2.4550256e-03  -3.6654028e-03   5.9493836e-03
  -6.1635416e-02  -2.5177737e-01  -2.5413049e+00   1.4716061e-03  -6.8665612e-03   4.8432095e-03
  -8.0493869e-02  -2.1189063e-01  -2.4329682e+00   6.3054164e-03  -7.7942511e-03   5.0551734e-03
  -9.4254223e-02  -2.4331660e-01  -2.5218020e+00   5.9665392e-03  -7.4660016e-03   5.2068804e-03
  -9.6760990e-02  -2.2225295e-01  -2.6054039e+00   4.9812397e-03  -6.9168151e-03   4.8074978e-03
  -1.2485395e-01  -1.9626991e-01  -2.6891486e+00   5.0428162e-03  -7.5339526e-03   5.2880520e-03
  -1.1582346e-01  -2.2426477e-01  -2.7341619e+00   4.6933011e-03  -6.7962907e-03   4.8369699e-03
  -9.7254984e-02  -2.3331052e-01  -2.7420239e+00   2.7160269e-03  -4.4978599e-03   5.2876763e-03
  -1.3671230e-01  -2.1514984e-01  -2.8435440e+00   3.8331248e-03  -5.6860559e-03   5.6320596e-03
  -8.0848841e-02  -2.4620525e-01  -2.7065815e+00   5.8236001e-03  -5.9640261e-03   5.0829509e-03
  -1.0448227e-01  -2.3531975e-01  -2.7108321e+00   5.1785480e-03  -6.0783111e-03   4.9430891e-03
  -8.5774271e-02  -2.7778038e-01  -2.7084762e+00   5.3013934e-03  -5.3147996e-03   5.0943450e-03
  -1.6628492e-01  -2.4886578e-01  -3.1977695e+00   1.4002893e-03  -5.3298160e-03   6.1004044e-03
  -1.5464236e-01  -2.3431746e-01  -3.0803478e+00   4.4409656e-03  -5.2206751e-03   6.2949973e-03
  -1.4519460e-01  -2.9123455e-01  -3.0343041e+00   5.0095455e-03  -5.7670000e-03   6.6569800e-03
  -1.4930419e-01  -2.2579876e-01  -3.0843903e+00   4.1812505e-03  -5.3770975e-03   5.8415399e-03
  -1.6217971e-01  -2.4140789e-01  -3.0825694e+00   3.4545066e-03  -5.5006152e-03   6.2708392e-03
  -1.5821836e-01  -2.6204766e-01  -3.0878258e+00   3.8940353e-03  -5.5587172e-03   5.8620384e-03
  -1.4505451e-01  -2.1507155e-01  -3.0651278e+00   3.8326573e-03  -6.2188154e-03   5.6782872e-03
  -1.4019312e-01  -2.5013802e-01  -3.0658088e+00   3.6481788e-03  -5.8982314e-03   5.7547248e-03
  -1.3302789e-01  -1.7063265e-01  -3.0909588e+00  -2.7122532e-03  -9.6744249e-03   7.1185338e-03
  -1.4291787e-01  -2.2589068e-01  -2.9921282e+00   3.7941040e-03  -3.1523586e-03   6.7369468e-03
  -1.3389242e-01  -2.2754434e-01  -2.9800748e+00   3.2139556e-03  -3.5335561e-03   6.3367285e-03
  -1.2848980e-01  -2.3608255e-01  -3.0706130e+00   2.6049838e-03  -4.2865696e-03   6.0999641e-03
  -1.1240657e-01  -3.8135872e-01  -3.0838994e+00  -7.5766118e-03  -4.0122345e-03   5.5564121e-03
  -1.2283703e-01  -2.2493489e-01  -2.9086216e+00   3.1704421e-03  -5.4117923e-03   5.7697921e-03
  -1.3060656e-01  -2.4736149e-01  -2.8319537e+00   4.1619942e-03  -5.2736125e-03   5.9255094e-03
  -1.2923803e-01  -2.4271301e-01  -2.9978110e+00   2.3553433e-03  -5.3238012e-03   5.7357386e-03
  -1.4785427e-01  -2.2387661e-01  -2.9731919e+00   3.2357740e-03  -6.2095475e-03   5.8894947e-03
  -1.4342130e-01  -2.3290082e-01  -2.9008445e+00   4.1656508e-03  -4.9321239e-03   5.7214503e-03
  -1.4246405e-01  -2.2837197e-01  -2.9503479e+00   4.0503173e-03  -5.2237580e-03   5.7776695e-03
  -1.2738803e-01  -2.2553352e-01  -2.9041625e+00   4.1310256e-03  -4.8565178e-03   5.3335705e-03
  -1.2640133e-01  -1.4860146e-01  -3.0655609e+00   2.3395430e-04  -5.1364770e-03   5.5051965e-03
  -8.6143005e-02  -1.2578413e-01  -2.1752231e+00  -5.3242555e-04  -6.3952465e-03   5.0854468e-03
  -1.6917074e-01  -1.3648554e-01  -2.8003611e+00   4.8164284e-03  -2.1158944e-03   8.4391543e-03
  -1.5941663e-01  -2.0088733e-01  -2.8178765e+00   5.4712435e-03  -3.0380823e-03   7.7673658e-03
  -1.4906601e-01  -2.0391821e-01  -2.9377453e+00   2.4960862e-03  -3.0069369e-03   6.7020935e-03
  -1.2836938e-01  -2.1325370e-01  -2.9737102e+00   2.2484429e-03  -3.8963601e-03   6.1938584e-03
  -1.4038140e-01  -2.0992799e-01  -2.9769634e+00   3.0295642e-03  -4.1341415e-03   6.3660393e-03
  -1.4634263e-01  -2.1223568e-01  -2.9921489e+00   2.4756237e-03  -4.2436346e-03   6.2414997e-03
  -1.3522073e-01  -2.0243148e-01  -3.0354467e+00   2.9142563e-03  -6.2234001e-03   6.3618927e-03
  -1.7145345e-01  -2.2181625e-01  -3.0291605e+00   5.4946494e-03  -4.9335733e-03   7.1829166e-03
  -1.3252887e-01  -2.5577528e-01  -3.0605613e+00   8.5768940e-04  -5.8903724e-03   6.4286578e-03
  -1.6127609e-01  -2.1636608e-01  -3.0129131e+00   2.9755079e-03  -4.7223052e-03   6.5740746e-03
  -1.5798756e-01  -2.1204636e-01  -2.9736382e+00   3.2848328e-03  -4.0477074e-03   6.1903229e-03
  -1.4730071e-01  -2.1719864e-01  -2.9686663e+00   3.2848610e-03  -3.8969620e-03   6.0737497e-03
  -1.5162472e-01  -2.0328456e-01  -2.9990909e+00   2.5933842e-03  -4.2820731e-03   5.9083794e-03
  -1.5249704e-01  -1.9564794e-01  -2.9641596e+00   3.7287675e-03  -3.9694629e-03   6.3818730e-03
  -1.5001343e-01  -2.1594361e-01  -2.9727603e+00   3.9088748e-03  -4.0078129e-03   5.9625671e-03
  -1.5714526e-01  -2.0710134e-01  -2.9880625e+00   2.6518934e-03  -4.0933324e-03   5.8624143e-03
  -1.4901755e-01  -1.9287380e-01  -2.9814990e+00   3.4619980e-03  -3.4740676e-03   5.9215474e-03
  -1.4374186e-01  -2.2791580e-01  -3.0980711e+00   2.1932529e-03  -4.7649094e-03   5.9828186e-03
  -1.4393594e-01  -2.1569592e-01  -3.0116815e+00   2.9326791e-03  -3.7152134e-03   5.9267766e-03
  -9.5433117e-02  -2.2322406e-01  -2.7040127e+00   9.7950367e-03  -4.2218210e-03   6.5258127e-03
  -1.2491451e-01  -2.4651893e-01  -3.1044228e+00   4.8101417e-03  -4.7036774e-03   6.2216755e-03
  -1.1232143e-01  -2.5142824e-01  -3.0860923e+00   4.4586803e-03  -4.3557702e-03   6.0133925e-03
  -1.1635313e-01  -2.6738095e-01  -3.1456289e+00   3.5163366e-03  -5.3500475e-03   6.1339945e-03
  -1.2175170e-01  -2.6375284e-01  -3.1803383e+00   2.4370024e-03  -5.5071131e-03   5.8724486e-03
  -1.2523707e-01  -2.5340661e-01  -3.0981728e+00   2.9540694e-03  -4.9393725e-03   5.7677213e-03
  -1.2521152e-01  -2.6955762e-01  -3.1182898e+00   1.5445230e-03  -5.4741434e-03   5.7424695e-03
  -1.3594692e-01  -1.8828282e-01  -3.0339611e+00   3.7335851e-03  -6.4879459e-03   6.5341849e-03
  -1.7501633e-01  -2.1887464e-01  -3.0703564e+00   3.0404894e-03  -5.1843948e-03   6.2541922e-03
  -1.4774946e-01  -2.8160751e-01  -2.8307946e+00   7.2341324e-03  -2.3121781e-03   8.5785108e-03
  -1.4572257e-01  -2.3865683e-01  -2.8511314e+00   6.1235933e-03  -2.4147772e-03   8.4051859e-03
  -1.5892544e-01  -1.9324936e-01  -2.8637134e+00   8.4019333e-03  -3.8356524e-03   9.2787937e-03
  -1.2859086e-01  -2.4798459e-01  -2.9349103e+00   5.3869409e-03  -4.9487038e-03   7.6086815e-03
  -1.1984832e-01  -2.7841409e-01  -2.9715927e+00   5.1042812e-03  -4.2139473e-03   6.9663412e-03
  -1.1608670e-01  -3.0579624e-01  -2.9576486e+00   4.1385177e-03  -4.9555677e-03   6.5883995e-03
  -1.1485233e-01  -2.6754931e-01  -3.0195500e+00   4.1231355e-03  -4.6290671e-03   6.6104081e-03
  -1.2143758e-01  -2.6432917e-01  -3.0244244e+00   3.5321111e-03  -4.5826604e-03   6.1164812e-03
  -1.3615849e-01  -2.6211486e-01  -3.2615679e+00   3.3313998e-03  -4.7656745e-03   6.9956384e-03
  -9.3580475e-02  -3.0029854e-01  -3.1110043e+00   1.1921108e-03  -2.4477895e-03   6.1204158e-03
  -1.3377651e-01  -2.1418116e-01  -3.0582768e+00   4.2321528e-03  -1.5248164e-03   6.8634012e-03
  -1.5704020e-01  -2.2556140e-01  -3.0463659e+00   3.9494742e-03  -3.4220793e-03   7.1785100e-03
  -1.4544600e-01  -2.8642749e-01  -3.0140260e+00   6.8479811e-03  -5.3011866e-03   7.5249563e-03
  -1.9748102e-01  -2.6728659e-01  -3.4307246e+00   3.2845091e-04  -6.7577994e-03   6.5573835e-03
  -1.7428920e-01  -2.3467966e-01  -3.2288052e+00   1.8199685e-03  -7.1581593e-03   6.3466550e-03
  -1.8152373e-01  -2.0948814e-01  -3.2165415e+00   1.2219790e-03  -6.7640592e-03   5.9748517e-03
  -9.4083637e-02  -1.7340950e-01  -2.9118026e+00   5.4382841e-03  -4.2377194e-03   6.4881899e-03
  -1.6661247e-01  -2.1893461e-01  -3.2268719e+00   3.8737442e-03  -6.2010787e-03   6.3621158e-03
  -1.7331126e-01  -2.5376191e-01  -3.2470885e+00   4.0456538e-03  -6.6621172e-03   6.5419764e-03
  -8.1012922e-02  -1.5371565e-01  -2.6079592e+00   1.1619090e-02  -1.5639363e-03   5.8295512e-03
  -1.7242911e-01  -2.2732197e-01  -3.2620333e+00   4.2448138e-03  -4.8616537e-03   6.4534223e-03
  -1.5956951e-01  -2.5703017e-01  -3.2295883e+00   4.6213612e-03  -5.3548548e-03   6.1721736e-03
  -1.5458473e-01  -2.4689787e-01  -3.2029310e+00   4.2388456e-03  -4.5164968e-03   5.8656321e-03
  -1.5808471e-01  -2.3687775e-01  -3.1493143e+00   3.7180701e-03  -3.8783822e-03   6.0497963e-03
  -1.3879398e-01  -2.2531537e-01  -2.9830812e+00   6.2699982e-03  -3.7728820e-03   6.5997530e-03
  -1.6013885e-01  -2.3593160e-01  -3.1151442e+00   3.6356704e-03  -5.5081076e-03   6.0029917e-03
  -1.6178982e-01  -2.2538313e-01  -3.1335457e+00   3.6743808e-03  -4.8097157e-03   6.1930844e-03
  -1.5940248e-01  -2.4823629e-01  -3.1247743e+00   2.4973201e-03  -5.2950890e-03   5.8220822e-03
  -1.4133720e-01  -2.2248562e-01  -3.1126440e+00   2.7212474e-03  -4.6508077e-03   6.0872559e-03
  -1.6874715e-01  -2.3986463e-01  -3.0948353e+00   3.3542964e-03  -4.6770455e-03   6.5618910e-03
  -1.6929238e-01  -2.1776353e-01  -3.1267470e+00   3.0157374e-03  -4.4619640e-03   6.5006904e-03
  -1.7591704e-01  -2.1992642e-01  -3.1055777e+00   3.7539818e-03  -4.6243082e-03   6.4532984e-03
  -1.2516209e-01  -3.0689959e-01  -3.1364006e+00  -2.1016571e-04  -3.6827708e-03   6.2426655e-03
  -1.1679367e-01  -2.4568207e-01  -2.9713309e+00   6.2620915e-03  -4.1536512e-03   6.5027223e-03
  -1.3947693e-01  -2.1273427e-01  -2.9151414e+00   4.7097636e-03  -4.9763654e-03   6.0700699e-03
  -1.3118245e-01  -2.3926312e-01  -2.9704508e+00   3.8281236e-03  -4.8544020e-03   5.8437034e-03
  -1.4023016e-01  -2.1888262e-01  -3.0155381e+00   3.6830412e-03  -4.5805291e-03   6.0486849e-03
  -1.4434168e-01  -2.3258038e-01  -3.0441811e+00   3.3154252e-03  -5.0320586e-03   6.0560571e-03
  -1.3766463e-01  -2.5194371e-01  -3.0440985e+00   2.0665518e-03  -5.3287194e-03   5.8719269e-03
  -1.4533428e-01  -2.2469880e-01  -3.0706892e+00   2.0666911e-03  -4.9560867e-03   5.9732039e-03
  -1.3125858e-01  -2.4362092e-01  -3.0273320e+00   3.2748373e-03  -5.0276912e-03   6.0575539e-03
  -1.5570204e-01  -2.5704241e-01  -3.1114587e+00   1.2213075e-03  -5.6976259e-03   6.1020769e-03
  -1.4645099e-01  -2.3329256e-01  -3.1092503e+00   1.3914012e-03  -5.2886236e-03   5.6507379e-03
  -1.6149354e-01  -2.3939029e-01  -3.0766732e+00   2.5168563e-03  -4.7491153e-03   6.2603349e-03
  -1.5096746e-01  -2.2576348e-01  -3.0965163e+00   2.9147823e-03  -4.2365251e-03   6.1516391e-03
  -1.3141530e-01  -2.4202660e-01  -3.0421289e+00   2.5780898e-03  -4.7463460e-03   5.9740955e-03
  -1.1111095e-01  -2.4787051e-01  -2.9716020e+00   3.5033331e-03  -4.7642148e-03   5.5930300e-03
  -1.0830413e-01  -2.5905169e-01  -2.9549810e+00   5.0974663e-04  -2.3706129e-03   5.3299609e-03
  -1.2526140e-01  -2.4975923e-01  -2.9642197e+00   5.7829489e-03  -4.5872917e-03   5.9278479e-03
  -1.3291151e-01  -2.2310210e-01  -2.9770389e+00   5.6521601e-03  -4.9668192e-03   5.8674437e-03
  -1.5915799e-01  -2.5194687e-01  -3.1586260e+00   3.1837021e-03  -6.2704910e-03   5.9266926e-03
  -1.0183424e-01  -2.5969537e-01  -2.4592897e+00  -2.3058948e-03   4.8535030e-04   7.4153091e-03
  -7.0606980e-02  -1.7963512e-01  -2.6407434e+00   1.4069248e-03  -9.0238586e-03   4.3958606e-03
  -6.3131881e-02  -2.5499026e-01  -2.6987924e+00   3.3030153e-03  -9.6288868e-03   4.4273060e-03
  -5.8699390e-02  -2.7602523e-01  -2.7606784e+00   1.6696204e-03  -9.7806656e-03   4.3289484e-03
  -8.8829105e-02  -2.2517232e-01  -2.7152568e+00   2.5144192e-03  -9.0699533e-03   4.4865221e-03
  -1.0534616e-01  -2.3354169e-01  -2.7674026e+00   2.9920909e-03  -8.4902147e-03   4.7168885e-03
  -8.7761208e-02  -2.1738048e-01  -2.7813715e+00   2.3944635e-03  -7.9100287e-03   4.8571862e-03
  -9.8381049e-02  -2.2930252e-01  -2.7685515e+00   2.7878032e-03  -7.3721095e-03   4.8087208e-03
  -1.1730591e-01  -2.1718425e-01  -2.8544367e+00   1.2291254e-03  -8.1481419e-03   4.9253837e-03
  -1.2427661e-01  -2.3414765e-01  -2.8630685e+00   1.4981748e-03  -7.6484522e-03   5.1203364e-03
  -1.2228728e-01  -2.2040438e-01  -2.8518448e+00   1.8665952e-03  -7.6066536e-03   5.1369437e-03
  -1.2215057e-01  -2.2951267e-01  -2.8704959e+00   1.5127090e-03  -8.0150035e-03   5.3352320e-03
  -1.3311737e-01  -2.3486815e-01  -2.9203164e+00   1.9759353e-03  -7.7663949e-03   5.1900201e-03
  -1.2526585e-01  -2.5110209e-01  -2.9417612e+00   1.3400283e-03  -7.0898047e-03   5.3224979e-03
  -1.2439346e-01  -2.2386191e-01  -2.9980883e+00   1.9941315e-03  -7.4073355e-03   5.5875579e-03
  -1.3228306e-01  -2.2840393e-01  -2.9633015e+00   2.2604636e-03  -7.1618933e-03   5.6582440e-03
  -1.3863693e-01  -2.4258857e-01  -3.1038422e+00   2.5559791e-03  -7.2292158e-03   5.7758796e-03
  -1.1955855e-01  -2.7771622e-01  -3.0963231e+00   3.0766589e-04  -7.2075380e-03   5.4363289e-03
  -1.5778154e-01  -2.5869030e-01  -3.2292382e+00   4.9086916e-04  -7.5516684e-03   6.0209116e-03
  -1.3895087e-01  -2.5128473e-01  -3.4234265e+00   8.3512726e-03  -6.7190563e-03   6.7683475e-03
  -9.3088301e-02  -2.5989773e-01  -3.1746585e+00   8.1925666e-03  -6.0812909e-03   6.9046386e-03
  -1.0196850e-01  -2.5073364e-01  -3.3100784e+00   3.2313017e-03  -9.1783899e-03   6.2319717e-03
  -1.0968552e-01  -2.5329540e-01  -3.3231608e+00   2.7053412e-03  -9.5399826e-03   6.2265966e-03
  -1.3380538e-01  -2.3699073e-01  -3.3019852e+00   2.3112483e-03  -8.7989501e-03   5.9696140e-03
  -9.3116690e-02  -3.3146872e-01  -3.4079992e+00  -1.3629649e-03  -8.4866660e-03   4.9994363e-03
  -1.4686165e-01  -2.9006013e-01  -3.3835445e+00   2.2882818e-03  -7.0910151e-03   6.2159973e-03
  -1.3539674e-01  -2.7206661e-01  -3.3907335e+00   1.4709736e-03  -6.8446274e-03   5.8038749e-03
  -1.5345033e-01  -3.0522047e-01  -3.4117690e+00   1.7528968e-03  -3.8641138e-03   6.8428970e-03
  -8.4502696e-02  -6.1813234e-01  -3.1985012e+00  -1.5366137e-02  -4.3891879e-03   5.4372587e-03
  -1.5646113e-01  -2.1411820e-01  -2.6857215e+00   1.6929219e-03  -1.6673243e-03   6.6809869e-03
  -1.4684030e-01  -2.1374889e-01  -2.7174163e+00   6.4243711e-04  -2.4666996e-03   6.3398179e-03
  -1.4101249e-01  -1.4867214e-01  -2.7710899e+00   7.6071977e-03  -2.7360079e-03   6.5736394e-03
  -1.8109250e-01  -2.3707322e-01  -3.0759078e+00   1.2369493e-03  -3.1561592e-03   7.1806023e-03
  -1.0385038e-01  -3.6099383e-01  -2.7378141e+00   1.2364688e-02  -4.0842403e-03   7.4520927e-03
  -1.1600149e-01  -3.1575485e-01  -2.9305668e+00   7.0245323e-03  -3.7268406e-03   6.7807279e-03
  -1.0194332e-01  -3.3750589e-01  -3.1607615e+00   1.4863777e-03  -1.9920175e-03   6.7153835e-03
  -1.2478016e-01  -2.7447283e-01  -3.1770987e+00   2.2120881e-03  -3.9344308e-03   6.5945372e-03
  -1.2247034e-01  -2.8196628e-01  -3.2505555e+00   1.6040220e-03  -3.7093898e-03   6.5107490e-03
  -1.3445927e-01  -2.8984087e-01  -3.2181670e+00   1.1785007e-04  -3.6000393e-03   6.4480810e-03
  -1.3888259e-01  -2.7893654e-01  -3.1118265e+00   1.8105640e-03  -3.2386385e-03   6.6388644e-03
  -1.3113987e-01  -2.8744652e-01  -3.1502521e+00  -2.4921317e-03  -2.3697596e-03   6.9549825e-03
  -1.2704005e-01  -2.6750185e-01  -3.0548612e+00   1.1796957e-03  -3.3575582e-03   6.5558587e-03
  -1.3022024e-01  -2.0034878e-01  -2.3801371e+00   1.0411913e-02  -3.4205712e-03   6.8771207e-03
  -1.4591463e-01  -2.2935484e-01  -2.9496295e+00  -4.9420715e-04  -1.6817760e-03   6.3427721e-03
  -1.1657683e-01  -3.9761430e-01  -2.8443291e+00  -1.0277444e-02   5.9274231e-04   5.6182642e-03
  -2.9074419e-02  -5.5854532e-01  -1.0889654e+00  -2.7596873e-02  -4.2775279e-03   3.8863532e-03
  -9.0445675e-02  -3.3448328e-01  -3.9516677e-01  -1.7104280e-02   4.7676354e-03   7.5825206e-03
  -1.7474448e-01  -3.2608651e-01  -2.9232360e+00  -2.1607546e-02   5.7605857e-03   9.7074362e-03
  -1.4219801e-01  -2.5930628e-01  -2.6300450e+00  -1.0107341e-02   1.4454480e-03   7.5350820e-03
  -1.5661477e-01  -2.7694570e-01  -2.5251308e+00  -1.0549450e-02  -1.6019736e-03   6.7447261e-03
  -1.6084667e-01  -2.6986635e-01  -2.4219551e+00  -7.2804075e-03  -1.3541057e-03   6.7579923e-03
  -1.5563284e-01  -2.6904683e-01  -2.4814899e+00  -9.0333321e-03  -2.3607986e-03   6.2353376e-03
  -1.4072890e-01  -2.3688415e-01  -2.5559019e+00  -7.3452626e-03  -1.5449278e-04   6.6022509e-03
  -1.7405541e-01  -2.3901465e-01  -2.5196909e+00  -1.0286278e-02   2.8790330e-03   6.1923049e-03
  -1.4738454e-01  -2.3090347e-01  -2.3027351e+00  -5.8792321e-03   1.1474213e-03   6.7151569e-03
  -1.5536889e-01  -2.4231755e-01  -2.4243917e+00  -6.9915297e-03  -3.1509962e-04   6.6414103e-03
  -1.4018685e-01  -2.4001381e-01  -2.4853428e+00  -7.2195968e-03  -1.3320186e-03   6.1110716e-03
  -1.1559120e-01  -1.9193784e-01  -2.5631481e+00  -2.0137015e-03  -1.6094249e-03   6.8491944e-03
  -1.5922802e-01  -2.4743971e-01  -2.6955725e+00  -6.4292132e-03  -2.6439420e-03   5.9878082e-03
  -1.3664767e-01  -2.4047659e-01  -2.7048684e+00  -6.3185122e-03  -2.1051269e-03   6.1404372e-03
  -1.1188932e-01  -2.7197028e-01  -2.7542493e+00  -7.1300989e-03  -2.7737610e-03   5.3965953e-03
  -1.2486868e-01  -2.3371923e-01  -2.7125353e+00  -6.4000037e-03  -2.6331908e-03   5.8111774e-03
  -1.4027588e-01  -2.5848817e-01  -3.1922746e+00   2.3181847e-04  -2.3748254e-04   7.9596984e-03
  -1.4459391e-01  -2.7612361e-01  -3.2631860e+00  -8.1333258e-03  -3.7013530e-03   6.1769469e-03
  -1.4542044e-01  -2.5571761e-01  -3.2052616e+00  -9.2662579e-03  -1.8845974e-03   6.3211498e-03
  -1.3415207e-01  -2.6036807e-01  -3.2361966e+00  -9.5235378e-03  -3.5149964e-03   5.4048286e-03
  -1.0880374e-01  -2.6015592e-01  -3.0658523e+00  -7.8865841e-03  -4.1319329e-04   5.7142897e-03
  -1.4122426e-01  -2.2996543e-01  -3.0523564e+00  -6.9381540e-03  -1.4471606e-03   6.2557047e-03
  -1.3302804e-01  -2.5305477e-01  -3.0979566e+00  -8.1320651e-03  -1.4700270e-03   6.0142571e-03
  -1.3398437e-01  -2.3941480e-01  -3.0689240e+00  -7.8024838e-03  -1.6864058e-03   5.8033824e-03
  -1.4305511e-01  -2.6323503e-01  -3.0696284e+00  -8.2774719e-03  -3.4621576e-04   6.3012855e-03
  -1.0060808e-01  -2.3620764e-01  -3.0101536e+00  -6.0266277e-03  -1.6819541e-03   5.6145416e-03
  -1.1012442e-01  -2.2160352e-01  -2.8707957e+00  -6.9530627e-03  -2.8736201e-03   5.7173893e-03
  -1.0288691e-01  -2.3083461e-01  -3.1516240e+00  -6.6113586e-03  -1.0459084e-03   5.9424672e-03
  -1.0654149e-01  -2.5275110e-01  -3.1619938e+00  -7.2750117e-03  -7.4502056e-04   6.0783371e-03
  -1.1126404e-01  -2.3419937e-01  -3.1814273e+00  -8.4717771e-03  -5.1224315e-04   5.6034173e-03
  -1.0430016e-01  -2.4679638e-01  -3.1869557e+00  -7.3417116e-03  -4.9277409e-04   5.7020386e-03
  -1.1023680e-01  -2.3793309e-01  -3.1940985e+00  -7.1122569e-03  -7.7185068e-04   5.7579140e-03
  -9.5165023e-02  -2.3943264e-01  -3.2925161e+00  -7.8337299e-03  -6.3216624e-04   5.6525794e-03
  -1.1753988e-01  -2.3233811e-01  -3.2219502e+00  -6.3442639e-03   6.1714840e-04   6.3211541e-03
  -1.2036463e-01  -2.4058100e-01  -3.1989720e+00  -5.8372969e-03  -3.8967148e-04   6.2416710e-03
  -1.1659200e-01  -2.5156690e-01  -3.2236272e+00  -6.5067072e-03   2.5601844e-05   5.8652718e-03
  -1.2071097e-01  -2.5587412e-01  -3.2218587e+00  -7.2443620e-03  -1.8494178e-04   5.8944125e-03
  -1.1051718e-01  -2.5202201e-01  -3.2555932e+00  -8.3241076e-03  -5.8854183e-04   5.5586368e-03
  -1.2518051e-01  -2.4446978e-01  -3.2650300e+00  -7.1139882e-03  -6.8829952e-04   5.9578294e-03
  -1.2840092e-01  -2.3434261e-01  -3.2471525e+00  -6.9692825e-03   8.6007387e-06   5.8519227e-03
  -1.1792860e-01  -2.4578646e-01  -3.3127551e+00  -7.0514679e-03  -1.7435033e-04   6.3622668e-03
  -7.0843822e-02  -1.0388342e-01  -2.5026338e+00   6.0319802e-04   4.8249545e-03   5.6472605e-03
  -1.1513219e-01  -1.9393456e-01  -2.9177567e+00  -2.9920796e-03   3.1990248e-03   6.0679900e-03
  -1.0003044e-01  -2.1625670e-01  -2.9734267e+00  -5.0730862e-03   1.5492414e-03   5.8655346e-03
  -9.0540022e-02  -1.9572179e-01  -2.9474406e+00  -4.4792739e-03   2.6619445e-03   5.7257100e-03
  -8.8025786e-02  -1.8612113e-01  -2.9675063e+00  -2.5111932e-03   1.6563654e-03   5.5235277e-03
  -4.0577110e-02  -2.6531954e-01  -1.8305203e+00  -1.1053971e-02  -3.3858750e-03   5.6698819e-03
   5.3537455e-02  -7.1191172e-01  -1.3180314e+00  -3.6587901e-02   2.9799677e-03   5.3664634e-03
  -2.1371897e-01  -2.4906671e-01  -7.6891063e-01  -1.4213112e-02   9.9495386e-03   1.0281129e-02
  -2.4856713e-02  -2.1628371e-01  -2.1476072e+00  -1.3332277e-02   7.7593085e-03   7.9715153e-03
  -6.3604512e-02  -2.3813509e-01  -1.9600676e+00  -8.1791334e-03   3.7685413e-03   6.8497450e-03
  -8.2823162e-02  -2.6399799e-01  -1.8162225e+00  -6.3303840e-03   2.9433125e-03   6.5899806e-03
  -7.9710725e-02  -2.6293778e-01  -1.8018363e+00  -5.1834712e-03   4.4643109e-03   6.4731189e-03
  -6.2306053e-02  -2.5863553e-01  -1.8010317e+00  -6.2084421e-03   4.4681725e-03   6.1653474e-03
  -7.5006716e-02  -2.6477245e-01  -1.8271893e+00  -7.1252331e-03   3.8079857e-03   5.6663698e-03
  -1.6573944e-01  -3.5172880e-01  -2.5516068e+00  -5.5508711e-04   3.6789482e-03   8.3670264e-03
  -1.4524059e-01  -2.7465065e-01  -2.6029781e+00  -7.6819303e-03   1.8849058e-03   7.1168486e-03
  -1.1661959e-01  -2.6946791e-01  -2.5729563e+00  -8.9279879e-03   3.9185647e-03   7.6545928e-03
  -1.5005625e-01  -2.7982050e-01  -2.5460794e+00  -8.6792443e-03   1.7521040e-03   7.3185631e-03
  -1.4289806e-01  -2.9363876e-01  -2.5766270e+00  -9.4572830e-03   5.8276714e-04   6.8985857e-03
  -1.3739771e-01  -2.7470316e-01  -2.5808587e+00  -9.5245881e-03   2.4086861e-04   6.6558230e-03
  -1.2477159e-01  -2.5179947e-01  -2.7074467e+00  -8.5994276e-03   1.7308524e-03   7.3601313e-03
  -1.3493743e-01  -3.2629183e-01  -2.6235244e+00  -1.3440297e-02   5.3895448e-04   6.3086460e-03
  -1.1671356e-01  -2.5819793e-01  -2.5090079e+00  -9.9217703e-03   1.1500968e-03   6.5702943e-03
  -1.2644318e-01  -2.6489048e-01  -2.4387222e+00  -9.3153591e-03   2.7085919e-03   6.5621047e-03
  -9.9773967e-02  -2.6882681e-01  -2.4524404e+00  -9.0027445e-03   2.0016082e-03   6.2331381e-03
  -7.7427358e-02  -2.6992134e-01  -2.4825482e+00  -9.0984759e-03   1.9626376e-03   6.0880059e-03
  -8.5185114e-02  -2.7422921e-01  -2.5416172e+00  -1.0187283e-02   1.8140280e-03   6.1249530e-03
  -1.4840690e-01  -2.5758828e-01  -2.6001928e+00  -7.4883878e-03   3.5459187e-03   7.1803205e-03
  -8.1971097e-02  -2.7275826e-01  -2.7738064e+00  -1.0889695e-02   9.0485415e-04   5.6783723e-03
  -7.9788231e-02  -2.8251917e-01  -2.7970680e+00  -1.0814782e-02   1.0969869e-03   5.7203264e-03
  -6.5540290e-02  -2.8409813e-01  -2.9117207e+00  -1.1516593e-02   1.2846559e-03   5.4506647e-03
  -8.3653564e-02  -2.0618951e-01  -2.7175194e+00  -8.5750617e-03   1.2881112e-03   5.6527046e-03
  -8.0333288e-02  -2.6816365e-01  -3.0651600e+00  -1.1977741e-02   9.5684364e-04   5.4199943e-03
  -8.1703480e-02  -2.8052201e-01  -3.0490913e+00  -1.0533993e-02   1.2024115e-03   5.8173918e-03
  -7.4678597e-02  -2.8132788e-01  -3.1016913e+00  -1.0928931e-02   1.2305840e-03   5.6140327e-03
  -6.6523635e-02  -2.6250300e-01  -3.1210003e+00  -1.0686027e-02   2.0873612e-03   5.4521623e-03
  -7.8003381e-02  -2.5001723e-01  -3.1413807e+00  -1.0031728e-02   3.5178614e-03   5.7448956e-03
  -6.0223930e-02  -3.3693664e-01  -3.1271433e+00  -1.9557149e-02   1.9541068e-03   4.5056776e-03
  -4.4937408e-02  -2.6166900e-01  -2.9368798e+00  -9.0097947e-03  -8.8964444e-04   4.6216591e-03
  -6.1441646e-02  -2.8533122e-01  -2.8881235e+00  -8.1449978e-03  -1.7576321e-04   5.3609305e-03
  -5.6869844e-02  -2.5861734e-01  -2.9401833e+00  -8.9203508e-03   1.9123033e-04   5.0151625e-03
  -4.3359877e-02  -2.8197559e-01  -2.9404837e+00  -1.0101326e-02   5.9200386e-04   5.4634149e-03
  -4.7622548e-02  -2.3127252e-01  -2.9566035e+00  -7.6564222e-03   5.2743220e-05   5.1489812e-03
  -6.0902064e-02  -2.9781650e-01  -3.0688778e+00  -9.7819050e-03   3.5475515e-04   5.9475223e-03
  -5.8188800e-02  -2.4999380e-01  -3.0129680e+00  -8.4167930e-03   1.5290024e-03   5.5443539e-03
  -5.4969420e-02  -2.4322308e-01  -3.0519887e+00  -9.5995157e-03   3.3430421e-03   5.4227862e-03
  -5.2219402e-02  -2.4315202e-01  -3.0325950e+00  -9.2185234e-03   2.2613866e-03   5.6204188e-03
  -5.0981956e-02  -3.0108918e-01  -3.0703162e+00  -9.9009355e-03   1.0716059e-03   5.4512951e-03
  -5.5984163e-02  -2.2919510e-01  -3.0915205e+00  -8.6043414e-03   1.4396732e-03   5.3098106e-03
  -5.4638080e-02  -2.4202377e-01  -3.0387325e+00  -7.7611788e-03   1.9554355e-03   5.4490819e-03
  -4.5905285e-02  -2.3927708e-01  -3.0954799e+00  -1.0373623e-02   2.7414237e-03   5.2974742e-03
  -7.3835782e-02  -2.3183903e-01  -3.1725056e+00  -1.0517986e-02   1.3886671e-03   5.5124924e-03
  -6.9659049e-02  -2.5441445e-01  -3.2332022e+00  -1.1074627e-02   1.5201732e-03   5.4600484e-03
  -5.5788212e-02  -2.3467383e-01  -3.1143138e+00  -8.3874355e-03   2.2761082e-03   5.2630597e-03
  -7.7551020e-02  -2.0585500e-01  -3.2014799e+00  -1.0748418e-02   2.2863377e-03   5.8831192e-03
  -9.3044463e-02  -2.3536739e-01  -3.3081333e+00  -1.0589181e-02   1.2946670e-03   5.8250808e-03
  -8.7549473e-02  -2.4283562e-01  -3.3340273e+00  -1.0068760e-02   1.7633939e-03   5.9321850e-03
  -8.6220678e-02  -2.3362670e-01  -3.3360788e+00  -1.0949585e-02   1.4185367e-03   5.2498528e-03
  -5.5310911e-02  -2.6712425e-01  -3.3993123e+00  -1.0482218e-02   1.5927015e-03   4.9313213e-03
  -6.0162066e-02  -2.6542942e-01  -3.4284822e+00  -1.0833858e-02   2.0906358e-03   5.2465239e-03
  -6.0990346e-02  -2.4143093e-01  -3.4544849e+00  -1.1730181e-02   1.9205966e-03   5.0366192e-03
  -6.2046866e-02  -2.6430981e-01  -3.3059446e+00  -1.6417546e-02   1.8364103e-03   5.1529132e-03
  -8.6799663e-02  -2.2310970e-01  -3.1682165e+00  -8.6546766e-03   3.1615019e-03   5.7982446e-03
  -8.6368942e-02  -2.1910120e-01  -3.1997188e+00  -8.6974235e-03   1.8888369e-03   5.7679037e-03
  -8.2534736e-02  -2.3455979e-01  -3.2513591e+00  -9.4371054e-03   2.3617173e-03   5.5467402e-03
  -7.7022987e-02  -2.2746834e-01  -3.2687218e+00  -9.6501324e-03   2.2642454e-03   5.4464570e-03
  -6.2958238e-02  -2.7656442e-01  -3.4350525e+00  -1.0797158e-02   2.1891098e-03   5.1862230e-03
  -7.3216940e-02  -1.9128947e-01  -3.2323701e+00  -7.2646322e-03   1.7052442e-03   5.7695503e-03
  -2.5569809e-02  -3.2928317e-01  -3.1407504e+00  -1.4727237e-02  -1.4807551e-03   3.9643800e-03
  -2.3899548e-02  -2.1786132e-01  -2.4390846e+00  -1.2248847e-02   1.2770495e-02   6.1408230e-03
   1.5134792e-03  -2.5432236e-02   1.8623180e-01  -4.6855402e-04   9.0220299e-03   5.2152969e-03
  -2.7461528e-02  -3.3579303e-01  -3.0198466e+00  -2.0595666e-02  -1.8696929e-03   4.9771344e-03
  -9.7086019e-02  -2.9586125e-01  -4.2868951e+00  -3.4151291e-02   7.3051921e-03   5.0758633e-03
  -1.1681830e-01  -2.7025799e-01  -3.5303607e+00  -2.0491291e-02   6.9445212e-03   4.9843503e-03
  -1.2677285e-01  -2.6903316e-01  -3.2859507e+00  -1.5407438e-02   4.9485395e-03   5.0216889e-03
  -1.3571240e-01  -2.4938930e-01  -3.2487481e+00  -1.4665041e-02   5.8957854e-03   4.8720137e-03
  -1.2508133e-01  -2.4818924e-01  -3.2053112e+00  -1.5779670e-02   6.4360751e-03   4.6036634e-03
  -1.2166913e-01  -2.9833110e-01  -3.1748671e+00  -1.7188462e-02   6.5773438e-03   5.4670816e-03
  -8.9097785e-02  -2.7474956e-01  -2.8412038e+00  -1.0216327e-02   3.2675363e-03   5.4631932e-03
  -8.4249532e-02  -2.6999980e-01  -2.7627498e+00  -9.3942161e-03   3.5598511e-03   5.4113998e-03
  -8.1061345e-02  -2.5979690e-01  -2.7887313e+00  -9.4251948e-03   3.8203184e-03   5.2256584e-03
  -6.4018159e-02  -2.5428209e-01  -2.7596802e+00  -1.1023462e-02   5.8332065e-03   5.5108492e-03
  -8.3093476e-02  -2.4603310e-01  -2.6855339e+00  -8.9117002e-03   5.0474452e-03   5.4357338e-03
  -7.3487500e-02  -2.5037569e-01  -2.5488465e+00  -7.2024690e-03   5.6146216e-03   5.6154706e-03
  -6.7209932e-02  -2.4755316e-01  -2.6469210e+00  -8.7304257e-03   4.2272170e-03   5.3421938e-03
  -3.9840749e-02  -2.2676299e-01  -2.5741859e+00  -8.1089046e-03   3.4839450e-03   4.9872748e-03
  -5.9577828e-02  -2.4383652e-01  -2.6944398e+00  -8.1094549e-03   3.7517132e-03   5.3015483e-03
  -6.0851560e-02  -2.6958317e-01  -2.8104944e+00  -1.0275788e-02   3.4922141e-03   5.2272129e-03
  -6.0566122e-02  -2.7237405e-01  -2.8831964e+00  -9.6067509e-03   3.8935912e-03   5.1050221e-03
  -5.3169367e-02  -2.5084539e-01  -2.9574765e+00  -8.7188444e-03   2.5591559e-03   5.3264934e-03
  -5.8129008e-02  -2.6388200e-01  -2.9137626e+00  -8.7828522e-03   2.8187364e-03   5.3934796e-03
  -4.4906724e-02  -2.6669870e-01  -2.9464657e+00  -1.0549856e-02   2.6737225e-03   5.0164323e-03
  -4.9394704e-02  -2.6249479e-01  -2.9567181e+00  -1.0257493e-02   3.2146682e-03   4.9869861e-03
  -3.7836275e-02  -2.4677255e-01  -2.9936938e+00  -1.0101703e-02   3.5366926e-03   4.8613076e-03
  -5.1478954e-02  -2.6081437e-01  -3.0231541e+00  -1.0495929e-02   2.9981833e-03   5.0930142e-03
  -4.6973947e-02  -2.9121437e-01  -3.0575016e+00  -1.1006574e-02   3.0646931e-03   5.0515767e-03
  -4.7975003e-02  -2.7575039e-01  -3.0736330e+00  -1.0912765e-02   3.2937655e-03   4.8740924e-03
  -5.2719869e-02  -2.6205101e-01  -3.0755222e+00  -1.1024201e-02   3.3883303e-03   4.7449909e-03
  -4.8765464e-02  -2.8173951e-01  -3.0881740e+00  -1.1144469e-02   3.0186148e-03   4.6720950e-03
  -5.7612768e-02  -2.8344802e-01  -3.1274370e+00  -1.1805833e-02   2.5231276e-03   4.8004967e-03
  -4.3570461e-02  -2.8399640e-01  -3.1308976e+00  -1.1448086e-02   2.6560256e-03   4.7777190e-03
  -5.3643635e-02  -3.1504300e-01  -3.1083095e+00  -1.2914892e-02   4.0331632e-03   5.4195956e-03
  -5.7997553e-02  -2.4235229e-01  -3.0332789e+00  -1.0373626e-02   2.9834816e-03   5.0109208e-03
  -5.5865164e-02  -2.4238416e-01  -3.0584279e+00  -1.1019961e-02   2.8326611e-03   4.7140693e-03
  -5.7713883e-02  -2.4374442e-01  -3.0884334e+00  -1.1118487e-02   2.6373213e-03   4.6256938e-03
  -5.4354404e-02  -2.6365974e-01  -3.0907584e+00  -1.0842566e-02   2.8391835e-03   5.8079571e-03
  -7.5250556e-02  -2.3742663e-01  -2.9984825e+00  -9.0635528e-03   3.7222313e-03   5.4166163e-03
  -7.8986501e-02  -2.3486793e-01  -2.9696551e+00  -9.6874096e-03   3.7339413e-03   5.5692368e-03
  -7.1583665e-02  -2.3598431e-01  -2.9773741e+00  -9.0380375e-03   3.5770863e-03   5.3033414e-03
  -5.6745997e-02  -2.2588567e-01  -2.9668462e+00  -9.0406954e-03   2.4152253e-03   5.2799575e-03
  -5.4434723e-02  -2.5193711e-01  -2.9012897e+00  -7.2656430e-03   3.2975818e-03   5.3180303e-03
  -6.7627391e-02  -3.2393545e-01  -2.8808235e+00  -9.0475728e-03   4.3996285e-03   7.0707147e-03
  -4.9845379e-02  -2.2808443e-01  -2.7965604e+00  -4.2133365e-03   4.9948037e-03   5.8302502e-03
  -5.3163242e-02  -2.2695384e-01  -2.8673759e+00  -3.7330532e-03   4.1696276e-03   6.0300606e-03
  -5.6001017e-02  -2.4136214e-01  -2.9579065e+00  -6.6181257e-03   4.3163031e-03   5.3500906e-03
  -5.8119095e-02  -2.6166840e-01  -3.0378696e+00  -7.8995828e-03   3.9737419e-03   5.2144353e-03
  -5.3889456e-02  -2.6414449e-01  -3.0202258e+00  -6.7572716e-03   4.6363992e-03   5.3296983e-03
  -5.5557066e-02  -2.3878572e-01  -3.0441148e+00  -7.2054081e-03   4.8130409e-03   5.1838397e-03
  -3.0580715e-02  -2.2497049e-01  -2.8728052e+00  -4.5559165e-03   5.8343468e-03   5.4904975e-03
  -6.7326370e-02  -2.3864617e-01  -3.0036411e+00  -9.3186143e-03   4.2942397e-03   5.8287521e-03
  -1.3858055e-01  -2.8367427e-01  -3.7001229e+00  -1.2075777e-02  -1.8789785e-03   6.5896614e-03
  -1.2052554e-01  -2.5603549e-01  -3.7051056e+00  -1.2311274e-02  -1.6128848e-03   5.6429999e-03
  -1.0553602e-01  -2.7324425e-01  -3.5397423e+00  -1.0360091e-02  -6.6300725e-04   5.8239862e-03
  -1.0421219e-01  -2.7319932e-01  -3.5335096e+00  -9.6892367e-03  -7.0216323e-06   6.1043184e-03
  -7.4522416e-02  -2.2968613e-01  -3.3465338e+00  -6.0076634e-03   2.2864871e-03   6.5877968e-03
  -9.8914768e-02  -2.4041875e-01  -3.3233993e+00  -6.6697532e-03   2.3460219e-03   6.2545120e-03
  -8.9160647e-02  -2.3585227e-01  -3.3420431e+00  -5.3723928e-03   1.8644648e-03   5.9324877e-03
  -8.2743348e-02  -2.5533007e-01  -3.3428728e+00  -7.5002999e-03   2.2165615e-03   5.9132138e-03
  -8.5205108e-02  -2.6443976e-01  -3.4267393e+00  -6.5396002e-03   2.2003225e-03   6.3483187e-03
  -1.0416734e-01  -2.3637424e-01  -3.3363053e+00  -6.2670909e-03   2.0795163e-03   6.0796674e-03
  -9.3279519e-02  -2.3014208e-01  -3.7089589e+00   5.0580151e-04   3.2408559e-03   6.9972862e-03
  -9.5193814e-02  -2.4616706e-01  -3.8212844e+00  -8.7746513e-03   3.6834086e-03   6.0780581e-03
  -3.0891568e-02  -2.2346862e-01  -1.8382723e+00  -1.2788430e-02  -1.5974105e-03   5.4364263e-03
   3.5438297e-02  -4.2510004e-01  -1.3765598e+00  -1.6625918e-02  -5.7108526e-03   3.5361205e-03
  -2.0473586e-01  -2.5302527e-01  -3.3211320e+00  -3.4042539e-02  -1.2073147e-02   6.9053459e-03
  -5.8637581e-02  -2.2553235e-01  -3.7714356e+00  -2.3805981e-02   4.0411956e-04   4.5368028e-03
  -1.0475587e-01  -1.8178758e-01  -3.6810012e+00  -1.7776208e-02   6.2601742e-04   3.9565200e-03
  -9.0017056e-02  -2.8364177e-01  -3.5564868e+00  -1.2961523e-02  -3.5623923e-04   5.1800446e-03
  -1.2518572e-01  -2.3147954e-01  -3.4238240e+00  -1.1518093e-02   6.4009614e-04   5.4456972e-03
  -1.0188645e-01  -2.5960805e-01  -3.6039382e+00  -1.4543344e-02  -2.7244288e-04   4.6159727e-03
  -8.8576301e-02  -2.5913679e-01  -3.6062120e+00  -1.4103063e-02  -7.5913878e-04   4.4878745e-03
  -1.0442435e-01  -2.5602388e-01  -3.6604747e+00  -1.4588373e-02  -8.5197162e-04   4.4728996e-03
  -1.5268646e-01  -2.8872296e-01  -3.5933919e+00  -8.3896248e-03   5.5434568e-04   6.3752893e-03
  -1.2941301e-01  -2.6551370e-01  -3.8991759e+00  -1.1353306e-02   2.9901871e-04   5.7600087e-03
  -1.1044312e-01  -2.7392009e-01  -3.8948555e+00  -1.2533162e-02   1.2757038e-03   5.6206104e-03
  -7.7104460e-02  -3.5459926e-01  -3.8749352e+00  -2.0939605e-02  -4.5392454e-03   4.5615930e-03
  -5.6557075e-02  -2.4980386e-01  -3.3945432e+00  -1.3057592e-02  -4.4750871e-03   4.3476356e-03
  -7.8064632e-02  -2.8503899e-01  -3.4293078e+00  -1.2682747e-02  -3.4491648e-03   4.5633207e-03
  -6.1372412e-02  -2.5884061e-01  -3.4502937e+00  -1.2013736e-02  -2.6676523e-03   4.3039741e-03
  -4.2102516e-02  -2.2486275e-01  -3.1871444e+00  -1.9521259e-03   1.4374513e-03   4.9681713e-03
  -1.0109107e-01  -2.7174379e-01  -3.8997561e+00  -8.3551158e-03  -6.3149783e-04   5.2821024e-03
  -1.0535261e-01  -2.5438219e-01  -3.8787679e+00  -6.4105248e-03  -2.5245860e-03   5.5775982e-03
  -1.1119639e-01  -2.7511536e-01  -4.2057257e+00  -7.7428352e-03  -3.9839862e-03   5.8427122e-03
  -1.0794790e-01  -3.0414533e-01  -4.2434041e+00  -6.9181846e-03  -4.3969831e-03   6.6655388e-03
  -5.8056043e-02  -2.5347016e-01  -4.0694357e+00  -4.7825024e-03  -3.9876808e-03   7.0559474e-03
  -1.0734409e-01  -3.0403082e-01  -4.2190784e+00  -6.3804067e-03  -4.0774232e-03   6.5120036e-03
  -8.8956814e-02  -3.3502695e-01  -4.2982017e+00  -7.3253676e-03  -3.3892989e-03   5.8998874e-03
  -9.8567013e-02  -3.2391854e-01  -4.3684307e+00  -8.5552198e-03  -3.3501216e-03   5.8722235e-03
  -1.1117446e-01  -3.0341182e-01  -4.2974912e+00  -7.2407751e-03  -2.9101125e-03   6.1686070e-03
  -9.2900168e-02  -2.8336581e-01  -4.3212869e+00  -8.1471848e-03  -2.8539937e-03   5.5299804e-03
  -8.4852392e-02  -3.6794563e-01  -4.3245570e+00  -1.3645889e-02  -3.3134780e-03   5.0979041e-03
  -7.0542032e-02  -2.7221606e-01  -3.9832434e+00  -6.4819139e-03  -1.9272915e-03   5.6538067e-03
  -5.3688222e-02  -2.8257145e-01  -4.0927048e+00  -5.3155906e-03  -1.6578571e-03   5.7262841e-03
  -7.8463334e-02  -2.7650708e-01  -4.0737012e+00  -6.5255195e-03  -1.9666144e-03   5.5097499e-03
  -9.1914841e-02  -2.7738884e-01  -4.1098231e+00  -6.9849529e-03  -2.1245501e-03   5.6489138e-03
  -8.8552605e-02  -2.8090538e-01  -4.1219510e+00  -7.5180961e-03  -1.3750710e-03   6.0322738e-03
  -1.4560084e-01  -2.3411779e-01  -2.5571772e+00  -1.6212443e-03   4.5070011e-03   7.1253549e-03
  -1.0526677e-01  -2.2507103e-01  -4.0825918e+00  -1.7580822e-02  -1.3532017e-03   6.0925114e-03
  -5.4636826e-02  -7.0869784e-01  -2.5015570e+00  -2.9949436e-02   1.1933511e-02   1.1115248e-02
  -1.4586959e-01  -5.1751095e-01  -4.5237853e+00  -2.6453166e-02   4.2381785e-03   8.9722220e-03
  -9.4406140e-02  -2.0473094e-01  -2.4479619e+00  -7.3948838e-03   3.7852890e-03   8.5460335e-03
   2.5351192e-03  -2.1655982e-01  -2.5184737e+00  -1.4972759e-03   9.9622076e-03   8.5149359e-03
  -1.5708287e-02  -2.2494710e-01  -2.4264768e+00  -2.9652698e-04   6.7594115e-03   7.7306402e-03
  -1.4678406e-02  -1.9116739e-01  -2.3690068e+00   9.6821770e-04   7.2043222e-03   7.2555130e-03
  -2.4320728e-02  -2.0191316e-01  -2.3909332e+00  -1.1354218e-04   7.3039280e-03   6.8936104e-03
  -2.2727807e-02  -1.7603614e-01  -2.3744782e+00   7.9354355e-04   7.1764085e-03   6.8776617e-03
  -2.5672391e-02  -1.6745434e-01  -2.3911938e+00  -5.4896247e-04   7.8286299e-03   6.2919088e-03
  -1.8334907e-02  -1.7876693e-01  -2.3522042e+00   1.1557913e-04   1.0429874e-02   7.0392486e-03
  -1.3546121e-02  -1.3339469e-01  -2.5022104e+00   9.2270033e-03   1.0568321e-02   7.3264371e-03
  -3.2307219e-02  -2.3567463e-01  -3.0012389e+00  -4.0567293e-03   6.4884275e-03   6.6200844e-03
  -2.3293745e-02  -2.2804685e-01  -2.6421459e+00  -5.2527145e-03   8.9568128e-03   6.2478302e-03
  -1.4334170e-03  -1.9867336e-01  -1.8690512e+00   2.9757348e-03   9.8586736e-03   5.7723529e-03
   2.3358277e-03  -1.6465269e-01  -1.9795504e+00   1.1514576e-03   4.4413718e-03   5.1536497e-03
   1.4019957e-02  -1.7977716e-01  -1.9701828e+00   2.0777829e-03   4.8430299e-03   5.3651193e-03
  -7.6104246e-03  -1.6019957e-01  -1.9297259e+00   1.9391871e-03   4.8200101e-03   5.1348807e-03
   2.5414066e-02  -1.7645451e-01  -2.0068213e+00   1.2635689e-03   5.4306666e-03   4.9187876e-03
  -1.4285266e-03  -1.6934391e-01  -2.0500921e+00   1.4966722e-04   5.8561650e-03   5.4149494e-03
  -4.8685240e-03  -1.6685472e-01  -2.0605435e+00   4.4780198e-04   5.5130981e-03   5.7823588e-03
   7.9896820e-03  -1.5883269e-01  -2.0586920e+00  -1.6081712e-04   5.4105424e-03   5.1666010e-03
   9.1699609e-03  -2.1290651e-01  -2.0776669e+00   6.9421058e-04   4.8743046e-03   5.5596526e-03
   5.4997517e-03  -1.8387288e-01  -2.1215736e+00  -7.1405751e-04   6.3996670e-03   5.3792478e-03
   1.1286091e-02  -1.8913948e-01  -2.0601948e+00   5.0935295e-04   6.6973202e-03   5.2743804e-03
   8.1676642e-03  -1.7978845e-01  -2.1000823e+00  -3.8138645e-04   6.9424767e-03   5.3918588e-03
   2.1658519e-02  -1.8176466e-01  -2.0898250e+00   5.9390581e-04   7.0455913e-03   5.3125456e-03
   1.0846578e-02  -1.7691055e-01  -2.0816813e+00   8.2378249e-04   7.1828570e-03   5.5560363e-03
   1.1574204e-02  -1.4347935e-01  -2.0703119e+00   1.5000820e-03   7.2239938e-03   5.5593496e-03
   3.2745270e-03  -1.5754615e-01  -2.2117247e+00   5.3199073e-04   8.0632842e-03   5.9253034e-03
   6.8268874e-03  -1.8148908e-01  -2.1461865e+00   1.3055994e-03   7.5038467e-03   5.8333972e-03
   6.3007898e-03  -1.8229286e-01  -2.2382919e+00   1.5469285e-04   7.4816047e-03   5.8582938e-03
   1.6868606e-02  -1.5916179e-01  -2.1769801e+00   1.9476826e-03   8.1976146e-03   5.7359992e-03
   1.4210434e-02  -1.7308204e-01  -2.2117963e+00   1.1962385e-03   8.6165628e-03   5.6074315e-03
   2.4230547e-02  -1.4381718e-01  -2.2463156e+00   6.9490829e-05   9.1202039e-03   5.7644495e-03
   1.0814686e-02  -1.6070968e-01  -2.2066471e+00   1.8386501e-03   8.1754964e-03   5.8397753e-03
   2.6191829e-02  -1.7608551e-01  -2.2020065e+00   1.6877644e-03   8.2284451e-03   5.6871809e-03
   2.9438103e-02  -2.1582331e-01  -2.2514292e+00   1.4675840e-03   8.0203680e-03   6.2372407e-03
   2.5651378e-02  -1.7922636e-01  -2.2262524e+00   1.7608420e-03   8.6065695e-03   5.4352096e-03
   2.0743460e-02  -1.3984522e-01  -2.3019546e+00   1.5347467e-03   8.8176961e-03   6.0228186e-03
   1.1571611e-02  -1.8194767e-01  -2.2593778e+00   1.8434255e-03   8.6093163e-03   5.8051653e-03
   2.3701534e-02  -2.5935251e-01  -2.2249577e+00  -3.2562384e-03   9.3129379e-03   5.2851894e-03
   3.2866520e-02  -1.4936849e-01  -2.1190024e+00   4.6859370e-03   9.3068522e-03   5.6405212e-03
   5.2675333e-02  -2.1308346e-01  -2.3020872e+00   4.5561503e-03   9.3213309e-03   5.4315186e-03
   4.0538795e-02  -1.5590728e-01  -2.3279685e+00   3.3139633e-03   8.9961074e-03   5.0738924e-03
   4.1563755e-02  -1.7914341e-01  -2.3269132e+00   3.4765854e-03   9.7572285e-03   5.3372916e-03
   6.4581349e-02  -1.8724502e-01  -2.4205323e+00   2.6124739e-03   1.0858151e-02   5.5561280e-03
  -1.9763211e-02  -2.1344402e-01  -2.2758955e+00   2.3503609e-03   9.7645108e-03   5.9269679e-03
   4.1670992e-02  -1.8252317e-01  -2.4297076e+00   3.5348848e-03   8.5181479e-03   5.3512482e-03
   7.4688574e-02  -2.3056734e-01  -2.2927559e+00   3.8795664e-03   8.8086891e-03   5.5244768e-03
   5.1322548e-02  -1.7775493e-01  -2.3932491e+00   4.2004897e-03   8.8613172e-03   5.6999627e-03
   4.4963241e-02  -1.4769616e-01  -2.3840785e+00   4.1250081e-03   8.7675549e-03   5.4104747e-03
   4.5658929e-02  -1.6708543e-01  -2.3535689e+00   3.6993894e-03   9.5141092e-03   5.4076581e-03
   5.2793105e-02  -1.6245349e-01  -2.3732223e+00   3.7910717e-03   1.0080669e-02   5.9796749e-03
   1.5543293e-02  -1.8133936e-01  -2.4976852e+00   1.1977270e-03   9.6318614e-03   5.7412597e-03
   3.9302775e-02  -1.6743969e-01  -2.4833662e+00   2.7322046e-03   9.5172100e-03   5.7757978e-03
   4.5532884e-02  -2.1647185e-01  -2.4372256e+00  -1.0399103e-03   8.3313718e-03   4.6151541e-03
   5.3831933e-02  -1.6762951e-01  -2.3178488e+00   3.2169076e-03   7.1526277e-03   5.1413183e-03
   5.1726825e-02  -1.7453517e-01  -2.3538662e+00   2.9307089e-03   7.7627162e-03   5.0669850e-03
   4.9310225e-02  -1.6326132e-01  -2.3324752e+00   3.0178329e-03   7.9121938e-03   5.1301723e-03
   1.1436059e-01  -1.1618817e-01  -2.3763229e+00   1.0853040e-02   1.1484939e-02   5.7184539e-03
   8.3334183e-02  -2.6703906e-01  -2.8336506e+00  -1.2322850e-03   8.2242919e-03   4.9511774e-03
   3.9636609e-02  -2.1840478e-01  -2.5948996e+00  -9.2170599e-04   7.5955604e-03   5.7883656e-03
   7.7920016e-02  -1.9074863e-01  -2.4708203e+00   2.6567464e-03   6.3772811e-03   5.2669647e-03
   5.3750845e-02  -2.0351819e-01  -2.6273288e+00   1.1477671e-03   6.2809437e-03   5.0030183e-03
   6.5093354e-02  -1.9488138e-01  -2.5363504e+00   1.4849260e-03   7.3599317e-03   4.9068887e-03
   5.6482913e-02  -1.8635442e-01  -2.5680851e+00   1.2242332e-03   8.3607755e-03   5.7712863e-03
   5.6316602e-02  -1.6493676e-01  -2.4575559e+00   2.1616119e-03   7.4630554e-03   6.0551029e-03
   6.4616292e-02  -1.6466624e-01  -2.4425834e+00   2.8645501e-03   7.2919028e-03   5.1866458e-03
   6.2553726e-02  -1.8598683e-01  -2.4089141e+00   2.8139584e-03   8.2308739e-03   5.6177236e-03
   7.7073934e-02  -2.0139487e-01  -2.5665602e+00   1.4119141e-03   7.8110714e-03   5.0444221e-03
   7.0839356e-02  -1.7203527e-01  -2.4151858e+00   2.7201179e-03   8.5802873e-03   4.8995931e-03
   7.3972695e-02  -1.9356206e-01  -2.4540087e+00   1.5122761e-03   8.7955311e-03   5.1007248e-03
   7.7230788e-02  -1.8711502e-01  -2.1540741e+00   1.1846122e-03   6.5863784e-03   5.0621263e-03
   7.8202844e-02  -1.5479263e-01  -2.1038670e+00   4.9256543e-03   5.6246529e-03   4.8958046e-03
   6.3322919e-02  -1.8046061e-01  -2.1677386e+00   3.3154459e-03   7.0741004e-03   4.8652893e-03
   5.6645575e-02  -1.6845746e-01  -2.2479926e+00   3.1545948e-03   7.6978663e-03   5.0593392e-03
   4.8220884e-02  -1.7323699e-01  -2.2553365e+00   2.7114913e-03   7.4445739e-03   5.1746452e-03
   4.7972151e-02  -1.7516316e-01  -2.2397829e+00   3.4524618e-03   8.1120059e-03   5.2817290e-03
   6.1904627e-02  -1.9252578e-01  -2.2365566e+00   9.2848703e-05   6.6387689e-03   4.2593729e-03
   2.5216242e-02  -1.8100242e-01  -2.5793871e+00   5.3523917e-03  -5.5396526e-03   3.4363568e-03
   8.2871686e-03  -2.1400305e-01  -2.7300898e+00   6.3157793e-03  -3.3972256e-06   5.3378167e-03
  -6.6008181e-02  -2.4204461e-01  -3.3445252e+00  -5.8975615e-03   1.4450669e-03   5.9226949e-03
  -6.1714132e-02  -2.2855951e-01  -3.2767434e+00  -5.4486219e-03   2.8751918e-03   6.1637442e-03
  -5.2237950e-02  -2.4566754e-01  -3.3057643e+00  -5.2784166e-03   2.8302043e-03   6.0044366e-03
  -3.3384684e-02  -2.4406561e-01  -3.2810129e+00  -6.2503817e-03   3.2412233e-03   5.6267901e-03
  -5.3813157e-02  -2.2129371e-01  -3.4038068e+00  -7.9586633e-03   2.2535863e-03   5.8698885e-03
  -4.9538086e-02  -2.4231339e-01  -3.3504161e+00  -5.3692395e-03   3.2223137e-03   6.0544699e-03
  -3.4261654e-02  -2.1825808e-01  -3.2772626e+00  -5.3815853e-03   3.2277083e-03   5.8204393e-03
  -5.3723331e-02  -2.3590467e-01  -3.2953427e+00  -4.4480914e-03   3.6161055e-03   6.1340651e-03
  -3.2755408e-02  -2.5884090e-01  -3.3555234e+00  -7.4998298e-03   3.9572909e-03   5.6418117e-03
  -3.1337107e-02  -2.6876774e-01  -3.3866652e+00  -7.6980874e-03   3.4314262e-03   5.9686952e-03
  -3.0475659e-02  -2.5258461e-01  -3.3152774e+00  -4.0069036e-03   3.6128567e-03   5.9985889e-03
  -4.0152436e-02  -2.4833115e-01  -3.3328055e+00  -4.1286504e-03   5.3486823e-03   6.3031133e-03
  -3.8226195e-02  -2.5975971e-01  -3.3643867e+00  -5.3546333e-03   4.4666712e-03   5.8385234e-03
  -2.6670321e-02  -2.6806572e-01  -3.3929479e+00  -5.9316767e-03   4.1451633e-03   5.9092954e-03
  -3.2642631e-02  -2.7263696e-01  -3.3938159e+00  -4.7937481e-03   4.2486390e-03   5.9784390e-03
  -2.9645421e-02  -2.6181621e-01  -3.4368808e+00  -8.5023651e-03   3.2430681e-03   4.9911230e-03
  -4.7337971e-02  -2.5683098e-01  -3.4434400e+00  -6.0475528e-03   5.8638782e-03   6.2050611e-03
  -2.8315444e-02  -2.3750449e-01  -3.4387356e+00  -5.5296493e-03   5.5099649e-03   5.8594420e-03
  -2.7461613e-02  -2.4167471e-01  -3.4314100e+00  -5.3334377e-03   5.7361841e-03   5.7146287e-03
  -2.2616720e-02  -2.6067603e-01  -3.4173041e+00  -5.8215618e-03   5.1220971e-03   5.6266841e-03
  -3.3102305e-02  -2.7895728e-01  -3.4680969e+00  -6.2187895e-03   5.7102148e-03   5.8459284e-03
  -6.8347881e-03  -2.5688328e-01  -3.4164178e+00  -6.4177645e-03   4.7496434e-03   5.2119021e-03
  -1.6127668e-02  -2.3706013e-01  -3.4208222e+00  -5.4737356e-03   4.9393072e-03   5.5442239e-03
  -4.6508435e-02  -2.5251533e-01  -3.3996807e+00  -4.5094137e-03   5.1421684e-03   6.0935265e-03
   6.1044678e-03  -1.5018566e-01  -2.9549257e+00  -3.9768680e-03   6.1023374e-03   5.8247290e-03
  -2.6375410e-02  -2.5107768e-01  -3.3747042e+00  -3.9543370e-03   5.2373072e-03   5.9664955e-03
  -2.7287291e-02  -2.4708784e-01  -3.3103789e+00  -2.8859466e-03   6.0010513e-03   6.0609778e-03
   3.4831968e-04  -2.4723374e-01  -3.2915145e+00  -3.1620571e-03   6.0603115e-03   5.7292619e-03
   4.9018719e-03  -2.1415010e-01  -3.1877394e+00  -1.7885520e-03   5.3439855e-03   5.1274257e-03
   1.5582128e-02  -2.2443566e-01  -3.1961481e+00  -1.3841130e-03   6.1839425e-03   5.3951230e-03
  -2.4022161e-03  -2.2405601e-01  -3.2508966e+00  -1.6271543e-03   6.2398207e-03   5.7168017e-03
  -3.9670628e-03  -2.4221825e-01  -3.3494415e+00  -4.1956155e-03   6.1486857e-03   5.5677650e-03
  -2.6390369e-04  -2.4824642e-01  -3.3718647e+00  -3.1767732e-03   6.1230956e-03   5.4006794e-03
  -1.4313685e-02  -2.7730209e-01  -3.7257104e+00  -1.0188414e-02   5.2383871e-03   4.8898597e-03
   2.7424417e-02  -2.1343862e-01  -3.2810489e+00   1.2576725e-03   6.2573286e-03   5.4539493e-03
  -4.2431285e-02  -2.7099176e-01  -3.7580660e+00  -4.5546891e-03   4.7178067e-03   6.4540097e-03
  -7.5694343e-03  -2.2883784e-01  -3.6178016e+00  -3.5184553e-03   4.7626456e-03   6.4453357e-03
  -6.8237679e-03  -2.3699850e-01  -3.5827142e+00  -3.0188665e-03   5.8132426e-03   5.9250495e-03
  -7.3362562e-04  -2.5178175e-01  -3.6157318e+00  -3.4218347e-03   6.0421580e-03   5.7178509e-03
   9.1262413e-04  -2.6342925e-01  -3.5722757e+00  -3.6444632e-03   6.3192473e-03   5.4679947e-03
  -2.0825869e-03  -2.5184288e-01  -3.5508623e+00  -5.0637135e-03   8.3318925e-03   6.4574276e-03
   4.1330054e-02  -2.1988214e-01  -3.2966195e+00  -2.3769097e-03   5.9639817e-03   4.6845315e-03
   3.7404367e-02  -2.3558754e-01  -3.1246711e+00  -2.2348263e-03   5.7158962e-03   4.9956610e-03
   5.0847676e-02  -2.4248022e-01  -3.2295205e+00  -2.0424226e-03   5.4866414e-03   4.6270678e-03
   1.5439522e-02  -2.2535839e-01  -2.3900628e+00   4.8946185e-03  -3.3116095e-03   5.4417613e-03
  -4.0344445e-02  -8.1056941e-01  -3.0751326e+00  -2.5146158e-02  -7.9923780e-03   9.2526811e-03
   3.2180397e-03  -3.2578495e-01  -2.9430737e+00  -3.4897373e-02  -8.5829234e-03   5.2289338e-03
  -1.3771668e-02  -4.0132346e-01  -2.1068459e+00  -2.0990736e-02   1.4848526e-02   7.6774880e-03
  -1.3666993e-01  -2.1836759e-01  -2.4880043e+00  -7.2344115e-03   5.0486024e-03   8.6623792e-03
  -1.2024082e-01  -2.7433288e-01  -2.3410391e+00  -5.6531610e-03   5.7823235e-03   8.5663145e-03
  -1.2112296e-01  -2.3338426e-01  -2.3983125e+00  -6.8424774e-03   4.1340925e-03   7.6961853e-03
  -1.1181936e-01  -2.4380613e-01  -2.4909077e+00  -6.5637048e-03   2.7328620e-03   7.0571805e-03
  -1.0113525e-01  -2.4420381e-01  -2.5631715e+00  -7.4782987e-03   2.4656489e-03   6.6866318e-03
  -1.0813244e-01  -2.3584975e-01  -2.6465829e+00  -8.9910200e-03   3.1796744e-03   6.8472255e-03
  -8.2864430e-02  -1.9505693e-01  -2.0390101e+00  -3.5989838e-03   8.3454209e-03   6.9645886e-03
  -9.4762189e-02  -1.8526583e-01  -2.5117438e+00  -6.5241146e-03   2.5240802e-03   6.4609225e-03
  -5.9757538e-02  -1.9718769e-01  -2.4696466e+00  -4.0036349e-03   1.5766332e-03   6.3845177e-03
  -6.4900069e-02  -2.2999870e-01  -2.5806284e+00  -6.6229102e-03   2.4065470e-03   5.6846356e-03
  -4.9896890e-02  -2.0616294e-01  -2.4967894e+00  -4.0781405e-03   4.3234158e-04   5.4838559e-03
  -3.9361499e-02  -2.2039628e-01  -2.5428299e+00  -5.5120206e-03   2.4196406e-03   5.4539850e-03
  -4.7641567e-02  -1.9131463e-01  -2.5529290e+00  -5.1708096e-03   2.0356255e-03   5.6378789e-03
  -1.1376467e-01  -1.4834873e-01  -2.4547881e+00  -2.2646995e-03   4.9179271e-03   6.6948123e-03
  -2.5731917e-03  -7.0446920e-02  -2.2356225e+00   9.3693043e-03   3.0642431e-03   5.8020673e-03
  -1.5107772e-01  -2.1286822e-01  -3.3193211e+00  -9.2282180e-03   1.7570244e-03   7.2327218e-03
  -1.0340188e-01  -2.6464852e-01  -3.1584475e+00  -4.7539703e-04   3.6906793e-03   7.3149946e-03
  -8.5503451e-02  -2.6350324e-01  -3.2536393e+00  -1.9855526e-03   2.3667949e-03   6.7946859e-03
  -8.3475366e-02  -2.8653170e-01  -3.2935189e+00  -2.8406001e-03   1.8999036e-03   6.6183676e-03
  -6.5302654e-02  -4.1078951e-01  -3.2339680e+00  -1.0430021e-02   2.1631419e-03   5.5123987e-03
  -8.5648604e-03  -3.0820582e-01  -3.0311184e+00  -8.1440996e-03  -5.8662662e-05   4.3739040e-03
  -4.0627927e-03  -2.8786951e-01  -3.0880211e+00   1.7512873e-04  -3.1843819e-03   5.0558208e-03
  -5.4782583e-03  -2.9275665e-01  -3.0714577e+00   2.0302941e-03  -2.5749728e-03   5.7467901e-03
  -8.9582445e-03  -2.7167762e-01  -3.2087417e+00  -2.8375413e-04  -2.5001403e-03   5.5608392e-03
  -5.9401414e-02  -4.7206547e-01  -3.9000460e+00  -3.1146724e-02  -7.1496067e-03   4.4292060e-03
  -1.3286269e-01  -3.2397625e-01  -4.0706307e+00  -4.7249801e-02   1.1235036e-02   7.1154187e-03
  -1.3019708e-01  -2.4641823e-01  -1.9230197e+00  -2.6760021e-02   1.6039302e-02   1.0281954e-02
   7.5551151e-02  -3.0540970e-01  -4.7482601e+00  -6.3380364e-02   1.2557154e-02   4.1488746e-03
  -8.2171160e-02   2.7332242e-01  -2.6976766e+00   8.2993129e-03   2.4981971e-02   1.1203436e-02
  -1.3413851e-01  -1.0902806e-01  -3.0473345e+00   1.1430138e-02  -3.8963013e-03   1.0248534e-02
  -1.2690339e-01  -3.9296046e-01  -4.5720513e+00  -1.5028122e-02  -2.3364109e-03   7.1586841e-03
  -1.2626919e-01  -3.2512833e-01  -4.2256764e+00  -1.0892041e-02  -2.9298026e-03   6.0155808e-03
  -1.0129669e-01  -3.2640210e-01  -4.2871120e+00  -1.0092433e-02  -2.2930664e-03   6.1772515e-03
  -1.1879786e-01  -3.2854713e-01  -4.2799172e+00  -1.0487343e-02  -2.7754517e-03   6.0645846e-03
  -1.1485513e-01  -3.3845408e-01  -4.3318642e+00  -1.0276662e-02  -3.3821954e-03   6.8116799e-03
  -1.2080669e-01  -3.4503653e-01  -4.4528323e+00  -9.3474795e-03  -3.4978346e-03   6.6291865e-03
  -1.1922815e-01  -3.4786502e-01  -4.3773889e+00  -8.7533433e-03  -2.4970098e-03   6.2907617e-03
  -1.0687240e-01  -3.0957562e-01  -4.3954685e+00  -9.2191988e-03  -2.6816544e-03   6.3035644e-03
  -8.4025772e-02  -3.5012490e-01  -3.8671988e+00  -1.5428692e-02   4.3952967e-03   6.5469431e-03
  -9.2233857e-02  -3.0890088e-01  -3.7664035e+00  -4.7923320e-03   2.7387539e-03   7.6643257e-03
  -6.8061821e-02  -3.2514288e-01  -3.8960566e+00  -5.1709231e-03   2.3075981e-03   7.1789993e-03
  -4.8279708e-02  -3.9443191e-01  -4.1864391e+00  -1.2296137e-02   1.1770984e-03   6.2954191e-03
  -4.0412592e-02  -2.9553765e-01  -3.8409493e+00  -3.5645241e-03  -7.0670722e-04   6.1144304e-03
  -5.4808608e-02  -3.1807722e-01  -3.9487233e+00  -7.3004128e-03  -5.8860032e-04   6.1838713e-03
  -5.2579340e-02  -2.9603725e-01  -3.9024388e+00  -5.3705990e-03  -4.4330784e-04   6.1229123e-03
  -5.3662083e-02  -2.7841439e-01  -4.0175178e+00  -6.5555712e-03  -7.8364749e-04   6.1269990e-03
  -6.7821094e-02  -3.0020691e-01  -4.0652408e+00  -6.6584305e-03  -1.6053386e-03   6.1044583e-03
  -6.6483807e-02  -2.8305371e-01  -4.0889319e+00  -7.0703441e-03  -1.1965805e-03   6.1635196e-03
  -6.4400768e-02  -2.9394713e-01  -4.1555576e+00  -6.9084619e-03  -6.9048281e-04   6.1090048e-03
  -6.5153144e-02  -2.8895306e-01  -4.1975849e+00  -7.5438043e-03  -6.6414767e-04   6.2654716e-03
  -6.7771040e-02  -2.7582593e-01  -4.1528420e+00  -6.8809965e-03  -8.1017585e-04   6.1155173e-03
  -5.9209276e-02  -2.5917355e-01  -4.1920056e+00  -6.4173662e-03  -6.2566796e-04   6.0284811e-03
  -5.1682473e-02  -3.3592772e-01  -4.2159756e+00  -1.0641008e-02   4.0336661e-04   5.5848820e-03
  -2.9780674e-02  -2.9167533e-01  -4.2057161e+00  -5.9233200e-03  -5.0462836e-04   5.7122624e-03
  -3.9822503e-02  -2.7021939e-01  -4.2631374e+00  -6.5577259e-03  -8.9615321e-05   5.7468011e-03
  -3.6097339e-02  -2.7851225e-01  -4.3196130e+00  -2.4347285e-03   1.8343716e-04   6.2066903e-03
  -1.6487989e-02  -2.8577904e-01  -4.4251658e+00  -6.3790896e-03  -2.9528547e-04   5.5566329e-03
  -1.3099094e-02  -2.7977773e-01  -4.4548131e+00  -6.9075531e-03  -1.7573860e-04   5.5704939e-03
  -2.0768804e-02  -3.0679573e-01  -4.6446826e+00  -5.4414098e-03  -3.0670227e-04   5.9026634e-03
  -1.9617889e-02  -2.5997140e-01  -4.5631841e+00  -6.9919631e-03   9.1893437e-04   5.4657233e-03
  -1.3542403e-02  -2.6808941e-01  -4.4523322e+00  -6.0643457e-03  -3.2292381e-05   5.7124062e-03
  -5.4579299e-03  -2.4602807e-01  -4.4646513e+00  -3.8617229e-03   4.3311879e-05   5.5030445e-03
  -9.4803036e-03  -2.7016474e-01  -4.6442741e+00  -3.1176693e-03   1.0237339e-03   5.5221873e-03
  -5.3021179e-04  -2.6799980e-01  -4.8398027e+00  -5.6596674e-03   1.9135695e-03   5.4090767e-03
   1.2569238e-02  -2.8970890e-01  -4.7784104e+00  -5.1412826e-03   1.9622838e-03   5.3349090e-03
  -7.2312161e-03  -2.9612208e-01  -4.8450860e+00  -5.4208017e-03   2.2407673e-03   5.5935814e-03
  -3.4298160e-02  -2.7261098e-01  -4.8694081e+00  -6.8130739e-03   1.2918299e-03   5.9209950e-03
  -1.7489068e-02  -2.5175239e-01  -4.7840571e+00  -9.1760900e-03   2.3292947e-03   5.3174397e-03
  -2.9678772e-02  -2.6080491e-01  -4.7696279e+00  -5.0904919e-03   3.8890976e-04   5.5336454e-03
  -3.3104383e-02  -2.7623647e-01  -4.8058375e+00  -6.0324496e-03   7.9992644e-04   5.8652854e-03
  -2.7164992e-02  -2.5845751e-01  -4.8418050e+00  -5.9427344e-03   9.8468664e-04   5.8713915e-03
  -3.4879574e-02  -2.6985392e-01  -4.8773983e+00  -5.9693303e-03   1.0268159e-03   5.8073490e-03
   5.7141574e-03  -2.4878480e-01  -4.8254320e+00  -3.0769528e-03   5.7973958e-04   6.0966283e-03
  -3.0212653e-02  -2.6125796e-01  -4.8355669e+00  -4.7164056e-03   4.6607501e-04   5.5835608e-03
  -2.7745907e-02  -2.6963010e-01  -4.8439110e+00  -6.1402149e-03   8.7831738e-04   5.7154245e-03
  -3.1175836e-02  -2.7246550e-01  -4.8240915e+00  -4.7753430e-03   1.0033443e-03   5.7385590e-03
  -3.2607850e-02  -2.7011871e-01  -4.8340272e+00  -5.2611142e-03   9.8682057e-04   6.0401304e-03
  -1.9894719e-02  -2.5440124e-01  -4.8419832e+00   4.4127229e-04   1.7499077e-03   7.0275403e-03
  -6.0298895e-02  -2.5101020e-01  -4.9174522e+00  -5.6031694e-03   1.9338938e-04   5.9022982e-03
  -6.4926915e-02  -2.5673660e-01  -4.9182747e+00  -5.5089114e-03   2.0334524e-04   5.9869104e-03
  -4.9424028e-02  -2.0901881e-01  -4.9895821e+00   7.1046000e-03   9.3412762e-04   4.9247095e-03
  -7.0362594e-02  -2.9500941e-01  -5.9455927e+00  -5.9184955e-03   1.3096357e-03   5.7190387e-03
  -6.1669387e-02  -3.5020908e-01  -5.6744427e+00  -1.7031835e-03   3.1419062e-04   5.9442356e-03
  -1.5149007e-02  -2.7196125e-01  -5.3369285e+00  -1.3151431e-03   4.9941214e-04   5.5618485e-03
  -1.7154036e-02  -3.0314576e-01  -5.3724960e+00  -1.8412715e-03   9.7888577e-04   5.6377119e-03
  -3.8629222e-02  -3.0362248e-01  -5.3878689e+00  -4.1406183e-03   1.2553916e-03   5.8166700e-03
  -1.7366496e-02  -3.3993956e-01  -5.3813512e+00  -1.3449047e-02  -2.7964979e-04   5.5431326e-03
  -7.0441374e-02  -2.7702842e-01  -5.2893448e+00  -3.4264503e-03  -1.0499058e-04   6.5377881e-03
  -5.4845170e-02  -3.5609727e-01  -5.5672573e+00   1.4379273e-03   1.9491398e-04   6.2460644e-03
  -5.3849122e-02  -2.9449794e-01  -5.4560912e+00  -2.5876022e-03   1.0897237e-03   5.6468292e-03
  -5.4485652e-02  -2.9234966e-01  -5.4636653e+00  -3.4196860e-03   4.7460404e-04   5.2757939e-03
  -1.0527988e-01  -2.7206598e-01  -5.5295187e+00  -3.8084467e-03   5.4325407e-04   6.7507655e-03
  -1.2077412e-01  -3.0074895e-01  -5.3721726e+00  -4.6222187e-03   2.8962262e-03   7.4649378e-03
  -9.0697317e-02  -2.7435359e-01  -5.2967698e+00  -4.1127192e-03   3.1380479e-04   6.9863783e-03
  -8.3619616e-02  -2.7482697e-01  -5.2707285e+00  -2.6516675e-03  -2.7081591e-04   6.7412712e-03
  -6.7333275e-02  -2.1466487e-01  -5.1974108e+00   1.1566211e-04  -1.0259420e-03   6.8709544e-03
  -7.2858333e-02  -2.9051642e-01  -5.1994143e+00  -4.1804763e-04   7.6908873e-04   6.6319476e-03
  -6.3202292e-02  -3.1105162e-01  -5.2690285e+00  -2.3574791e-03   4.0107161e-04   5.9281549e-03
  -2.3759831e-02  -5.4700587e-01  -4.4377470e+00  -2.7960553e-02   5.1898263e-03   6.0348045e-03
  -1.1148620e-01  -2.4114516e-01  -2.8929606e+00  -2.9923189e-03   1.6696463e-02   1.1571361e-02
  -9.8614893e-02  -1.4455005e-01  -6.5952549e+00  -2.2029148e-02  -8.9456159e-04   5.7995977e-03
  -8.1665803e-02  -2.3410792e-01  -6.1270068e+00  -1.1515745e-02  -8.3578040e-03   4.7435519e-03
  -8.2371934e-02  -2.7190595e-01  -5.8398169e+00  -8.8632449e-03  -7.1704603e-03   4.0595637e-03
  -7.4010087e-02  -2.2395693e-01  -5.4022901e+00  -6.1780654e-03  -4.1718470e-03   3.8468206e-03
  -7.4774362e-02  -2.1860461e-01  -5.3480984e+00  -6.9663659e-03  -3.8971403e-03   3.7076275e-03
  -8.4301980e-02  -2.2826138e-01  -5.2695228e+00  -5.9825761e-03  -3.6233734e-03   3.9549532e-03
  -8.1944331e-02  -2.1009594e-01  -5.3184157e+00  -7.1771137e-03  -3.9550941e-03   3.0539531e-03
  -6.9032014e-02  -2.3036102e-01  -5.2572651e+00  -6.6341942e-03  -3.5821219e-03   3.3261822e-03
  -1.1561388e-01  -2.1758716e-01  -5.3346208e+00  -4.9890919e-03  -2.0695502e-03   4.9191132e-03
  -1.1493706e-01  -2.1870815e-01  -5.4113168e+00  -6.5215613e-03  -3.7205259e-03   4.5813429e-03
  -9.1031102e-02  -2.5010519e-01  -5.3544669e+00  -5.7061146e-03  -2.6532319e-03   4.5889514e-03
  -9.1530438e-02  -2.3996677e-01  -5.4095892e+00  -5.9439058e-03  -3.0456169e-03   4.5692638e-03
  -8.9718239e-02  -2.5318754e-01  -5.4356507e+00  -6.5417051e-03  -3.7968982e-03   4.5107622e-03
  -1.5665311e-01  -3.6631043e-01  -6.4584161e+00  -9.5399870e-03   1.2034235e-03   8.0699311e-03
  -1.6957148e-01  -3.0887273e-01  -6.2665616e+00  -6.2038942e-03   2.5206541e-03   8.2386107e-03
  -1.0829849e-01  -3.1175014e-01  -6.1757894e+00  -7.9581501e-03   4.0528649e-04   6.7765061e-03
  -9.7816787e-02  -2.8943238e-01  -6.1110604e+00  -6.3415469e-03  -1.2803201e-03   6.3882438e-03
  -9.7152334e-02  -3.0478294e-01  -6.1388400e+00  -8.3643215e-03  -1.0098042e-03   6.1886399e-03
  -9.3078354e-02  -2.9088688e-01  -5.8110226e+00  -3.8547920e-03  -1.4302143e-03   6.3560394e-03
  -8.8869821e-02  -2.9963707e-01  -5.8516044e+00  -5.5153913e-03  -1.5225262e-03   6.2765317e-03
  -7.2894488e-02  -3.0772456e-01  -5.8041951e+00  -4.6474596e-03  -1.1401570e-03   5.9655682e-03
  -9.2206436e-02  -2.7784407e-01  -5.8932511e+00  -5.5550618e-03  -1.6797779e-03   5.9194674e-03
  -9.0721936e-02  -2.9964854e-01  -5.8812705e+00  -5.1909570e-03  -1.2780604e-03   6.3050254e-03
  -8.7363309e-02  -2.8611995e-01  -5.8651466e+00  -5.3051319e-03  -1.6016718e-03   6.0062406e-03
  -9.7689743e-02  -2.6954804e-01  -5.8912583e+00  -7.0228108e-03  -2.9375483e-03   5.4590306e-03
  -6.5700227e-02  -1.5074210e-01  -5.0421907e+00  -8.1600554e-03  -3.2414794e-05   5.9641747e-03
  -1.2297289e-01  -2.0782816e-01  -5.3513723e+00  -4.2576190e-03   3.9042630e-04   6.8983461e-03
  -1.0902259e-01  -2.5764972e-01  -5.6072981e+00  -3.6282047e-03  -1.4211694e-03   6.6415567e-03
  -8.4485653e-02  -2.9285974e-01  -5.6928926e+00  -5.3775052e-03  -2.0146479e-03   6.5473373e-03
  -8.5426207e-02  -2.6334510e-01  -5.6756239e+00  -6.6324027e-03  -1.8020793e-03   6.1052533e-03
  -8.2972162e-02  -2.9192890e-01  -5.6525481e+00  -6.5728483e-03  -1.4550398e-03   6.2437594e-03
  -7.9913721e-02  -2.5623060e-01  -5.6360107e+00  -6.5070891e-03  -1.3215900e-03   6.0923990e-03
  -9.1211597e-02  -2.5284871e-01  -5.7119480e+00  -2.5991665e-03  -1.4142885e-03   6.8421277e-03
  -8.9586708e-02  -2.4540368e-01  -5.6762531e+00  -4.5140783e-03  -3.0068576e-03   5.9264581e-03
  -7.6647363e-02  -2.4900700e-01  -5.6650644e+00  -4.2743685e-03  -1.8452590e-03   5.7528498e-03
  -1.1699688e-01  -2.7742419e-01  -6.0789049e+00  -1.6049567e-02  -6.2016130e-04   7.3603476e-03
  -1.1689003e-01  -2.7248586e-01  -5.5498639e+00  -5.9853656e-03  -2.4232381e-05   7.4844134e-03
  -8.0953211e-02  -2.9853017e-01  -5.5174335e+00  -6.1847424e-03  -2.4541562e-04   6.5423006e-03
  -5.0975160e-02  -2.7971702e-01  -5.5886302e+00  -5.0375625e-03  -1.1069850e-03   6.1209737e-03
  -4.3563843e-02  -2.6199739e-01  -5.6498613e+00  -5.9117321e-03  -1.2906935e-03   5.9126340e-03
  -1.6050818e-01   4.4169868e-01  -5.8281911e+00   1.0440070e-02  -1.4338295e-02   4.9135659e-03
  -7.8781474e-02  -7.1450461e-01  -8.1546554e+00  -4.1060456e-02   6.7603529e-03   7.8094987e-03
  -1.6904749e-01  -6.1253563e-01  -7.3552212e+00  -7.0825045e-02   1.6722216e-02   5.0036904e-03
  -3.2885080e-01   4.0667416e-01  -3.0335538e+00   3.8796400e-02  -4.3549477e-04   1.0531255e-02
  -2.8245422e-02  -5.1474322e-01  -3.8899513e+00  -3.5840042e-02   1.6108984e-02   5.9591866e-03
   1.7142017e-03  -5.9666949e-01  -3.3616189e+00  -3.5204528e-02   9.9783847e-03   8.0346291e-03
  -6.5740536e-02  -1.4175241e-01  -1.4273212e+00  -6.5707777e-03   2.9165916e-02   1.0736723e-02
  -1.7018436e-01  -1.0271327e-01  -2.8686473e+00   4.5979208e-03   1.6042986e-02   1.0790265e-02
  -1.1093718e-01  -2.6047744e-01  -4.4188928e+00  -1.0834407e-02   5.0671944e-03   8.6017369e-03
  -9.0759954e-02  -2.8690661e-01  -4.4307923e+00  -1.1448909e-02   2.8278133e-03   7.9534305e-03
  -1.0793547e-01  -2.8456408e-01  -4.3283277e+00  -1.2531283e-02   4.7051629e-03   8.4146681e-03
   4.9594775e-02  -7.7883044e-01  -1.8607450e+00  -3.8202048e-02   1.9712426e-02   6.8757697e-03
  -1.1832695e-01  -4.8053540e-02  -8.7569146e-01   1.3567702e-02   1.8519085e-02   1.2434833e-02
  -8.8275063e-02  -3.0754256e-01  -3.6776443e+00  -6.3785686e-03   1.0636178e-02   8.7439265e-03
  -7.2618023e-02  -2.9803181e-01  -3.7161982e+00  -1.3003497e-02   4.9643249e-03   7.1199816e-03
  -5.1405890e-02  -2.9389490e-01  -3.6388113e+00  -1.1624100e-02   4.5845052e-03   6.5865200e-03
  -5.6945554e-03  -2.0054232e-01  -2.3088967e+00  -1.3514706e-02   1.7652786e-02   7.2278459e-03
   1.2017311e-02  -1.9648675e-01  -2.5530477e+00  -5.0024806e-03   1.3106689e-02   7.4272006e-03
   4.8834932e-02  -2.9039650e-01  -2.4772407e+00  -1.3682498e-02   1.3683421e-02   8.3537464e-03
   4.0800867e-02  -1.5128914e-01  -2.3684219e+00  -3.5477694e-03   8.8819535e-03   6.0961795e-03
   5.7855455e-02  -1.9037879e-01  -2.4238749e+00  -5.0998056e-03   8.1891260e-03   5.4283200e-03
   4.9667120e-02  -1.7150938e-01  -2.3343758e+00  -2.1903569e-03   7.0873237e-03   5.4981469e-03
  -4.9559869e-03  -3.0047713e-01  -2.3627898e+00  -1.9053590e-02   1.5972389e-02   7.3356456e-03
   2.7386361e-02  -3.6995875e-01  -5.2920411e-01  -1.4280600e-02   5.6362783e-03   9.4744654e-03
  -8.0024399e-02   2.8347837e-02  -1.3375008e+00   7.0883116e-03   2.8707896e-02   1.2226440e-02
   2.6283597e-02  -3.1962521e-01  -3.6823119e+00  -1.5075401e-02   1.9267068e-02   1.0522317e-02
   7.6816125e-02  -2.5373209e-01  -3.2976656e+00  -5.4868317e-03   1.1768451e-02   7.7649982e-03
   5.7078580e-02  -2.5024244e-01  -3.1151731e+00  -3.3461967e-03   1.0388236e-02   7.6479676e-03
   6.8954017e-02  -2.3467517e-01  -3.0740825e+00  -3.0821317e-03   1.1019574e-02   7.1037980e-03
   7.8461323e-02  -2.3127761e-01  -3.0702635e+00  -3.0767411e-03   1.0201097e-02   6.6887785e-03
   8.0545038e-02  -2.1951115e-01  -3.0806304e+00  -4.0313773e-03   9.9438431e-03   6.4291905e-03
   8.0450513e-02  -2.1146361e-01  -3.2017432e+00  -4.8231635e-03   9.3918492e-03   5.9182920e-03
   8.8515675e-02  -1.9938260e-01  -3.0997487e+00  -5.4481948e-03   1.2253174e-02   6.2821867e-03
   6.5261876e-02  -1.6752127e-01  -2.9528252e+00  -3.7609805e-03   1.2876214e-02   6.5664273e-03
   4.6927448e-02  -1.7958581e-01  -2.9229134e+00  -3.7154806e-03   1.4661726e-02   7.1804089e-03
   5.7361881e-02  -1.9061049e-01  -3.0128842e+00  -4.1783094e-03   1.3174632e-02   6.6861846e-03
   7.1197432e-02  -1.9135207e-01  -3.0185015e+00  -4.1022329e-03   1.2200046e-02   6.4932712e-03
   5.8230406e-02  -1.7089824e-01  -2.9622295e+00  -2.6905748e-03   1.4949165e-02   6.8174199e-03
   5.8545448e-02  -2.0491759e-01  -2.9922714e+00  -3.6233746e-03   1.4799240e-02   7.0699189e-03
   7.4281533e-02  -1.5306634e-01  -3.0143547e+00  -2.3168522e-03   9.8848507e-03   6.3710231e-03
   7.5312387e-02  -1.9689140e-01  -3.0618892e+00  -3.8998630e-03   8.9559581e-03   6.0479889e-03
   5.5283007e-02  -2.8638243e-01  -2.6008215e+00  -1.0636354e-02   1.3604612e-02   7.0438751e-03
   4.1935255e-02  -7.8631665e-01  -2.1160981e+00  -1.6537212e-02   2.3019992e-03   9.5994254e-03
  -1.4972563e-01   2.9957778e-01   3.9891081e-01   3.8181758e-02   1.3896268e-02   1.1731065e-02
  -1.9463142e-03  -2.0940161e-01  -3.1466336e+00  -1.1591454e-02   6.4145495e-03   7.3864913e-03
   2.1291266e-02  -2.4777444e-01  -3.1104764e+00  -9.6388826e-03   5.1721798e-03   6.1695034e-03
   1.9520515e-02  -2.4640353e-01  -3.0591881e+00  -9.5661027e-03   5.1020783e-03   5.7542646e-03
   3.1501674e-02  -2.5697933e-01  -3.0449465e+00  -8.2380271e-03   5.1146060e-03   5.7846010e-03
   1.8608754e-02  -2.4562894e-01  -3.0174539e+00  -8.9335630e-03   5.5377938e-03   6.1898783e-03
   2.9846774e-02  -2.7559595e-01  -3.0386290e+00  -9.7547439e-03   4.6839187e-03   5.4312770e-03
   3.8574476e-02  -2.2882611e-01  -2.9198505e+00  -7.2225872e-03   4.2526132e-03   5.5927136e-03
   1.2805518e-02  -2.3827196e-01  -3.0170157e+00  -8.4811833e-03   4.5763380e-03   5.7051957e-03
   3.8499859e-02  -2.3116564e-01  -2.9631978e+00  -7.0493245e-03   5.5544770e-03   5.3844922e-03
   3.1438565e-02  -2.2063817e-01  -2.9692902e+00  -7.1111939e-03   5.4907161e-03   5.3602139e-03
