Row,timebin_1,timebin_2,timebin_3,timebin_4,timebin_5,timebin_6,timebin_7,timebin_8,timebin_9,timebin_10,timebin_11,timebin_12,timebin_13,timebin_14,timebin_15,timebin_16,timebin_17,timebin_18,timebin_19,timebin_20,timebin_21,timebin_22,timebin_23,timebin_24,timebin_25,timebin_26,timebin_27,timebin_28,timebin_29,timebin_30,timebin_31,timebin_32,timebin_33,timebin_34,timebin_35,timebin_36,timebin_37,timebin_38,timebin_39,timebin_40,timebin_41,timebin_42,timebin_43,timebin_44,timebin_45,timebin_46,timebin_47,timebin_48,timebin_49,timebin_50,timebin_51,timebin_52,timebin_53,timebin_54,timebin_55,timebin_56,timebin_57,timebin_58,timebin_59,timebin_60,timebin_61,timebin_62,timebin_63,timebin_64,timebin_65,timebin_66,timebin_67,timebin_68,timebin_69,timebin_70,timebin_71,timebin_72,timebin_73,timebin_74,timebin_75,timebin_76,timebin_77,timebin_78,timebin_79,timebin_80,timebin_81,timebin_82,timebin_83,timebin_84,timebin_85,timebin_86,timebin_87,timebin_88,timebin_89,timebin_90,timebin_91,timebin_92,timebin_93,timebin_94,timebin_95,timebin_96,timebin_97,timebin_98,timebin_99,timebin_100,timebin_101,timebin_102,timebin_103,timebin_104,timebin_105,timebin_106,timebin_107,timebin_108,timebin_109,timebin_110,timebin_111,timebin_112,timebin_113,timebin_114,timebin_115,timebin_116,timebin_117,timebin_118,timebin_119
An1_Tr81,0.923512013388608,0.92334153231195,0.935492934308001,0.971632457589336,0.993517883051485,0.991883508450232,1.00408213448184,1.01042571997637,1.00432182011251,1.0032591044951,1.00684317170912,1.0068273030406,1.02017375626329,1.02111775429909,1.01922839642277,1.02178432192746,1.03381498012179,1.04963180519611,1.05910940285434,1.08437922003399,1.07967303819936,1.07967303819936,1.10574330207093,1.06009238992615,1.01660287182003,1.01660287182003,0.986177303647756,0.989001221324305,0.988872382343927,0.975530337699413,0.976938342311663,0.974174431882154,0.947689520675772,0.923139990789862,0.924942408691548,0.92566408697489,0.916747610285308,0.910040438193389,0.910846506474891,0.902010468267303,0.908924920678052,0.898812498526988,0.898096138694303,0.960192034269386,0.972482064348162,0.973718498005124,1.00887754444112,1.02592326964226,1.03035727929115,1.05094870044452,1.04781462239882,1.05295557422687,1.05390618321815,1.03915067891426,1.03807640364401,1.04082453896447,1.03470834234292,1.02717105614749,1.02748089941137,1.02735606215225,1.02034704124337,1.02165308565258,1.020979672493,1.02120136493309,1.02127392222244,1.02016099937481,1.02150010026861,1.02851943023781,1.03110798706332,1.0383243245717,1.01843122259818,1.01824558320446,1.02214222355033,1.01540810471692,1.01293834852088,1.01271914266917,1.02629387777328,0.953243525405514,0.827619310168395,0.825697909489637,0.558129415872266,0.35431886714417,0.339305809097682,0.345316483261913,0.380734117560743,0.38025216828955,0.399901395710543,0.427587429314133,0.483228814236302,0.483228814236302,0.509493018015475,0.526031804387345,0.524619771490655,0.528652130051672,0.53272568977488,0.532769182902216,0.531316273353807,0.532550504727768,0.541205917699158,0.540951555117898,0.538934495528177,0.545055825021024,0.545055825021024,0.594270533973017,0.735984765902273,0.720870538277631,0.720870538277631,0.745487572181778,0.780898732184793,0.780141988325604,0.821852220548302,0.856387437958977,0.865729752658596,0.863969711998214,0.857550126164721,0.870985901703829,0.870986801507511,0.86609938532531,0.860660962078342
An1_Tr82,0.961852929358094,0.96783826245621,0.96388264422892,0.947158456684033,0.947158456684033,0.940634794368046,0.944436404659457,0.944000454317988,0.946640008268847,0.963380105374464,0.983275372424667,0.981125901314623,1.01990198618985,1.07056370354509,1.07209231363417,1.08562793203883,1.08679062400428,1.08335127910123,1.09028837134716,1.08282341687244,1.08356906632943,1.08588923801499,1.09866266692403,1.05476983658404,1.06126655542813,0.9942749030989,1.00597929600625,1.00445064725124,0.99928576786449,0.968343173847663,0.956257835800725,0.957705999780917,0.947798728619256,0.964995250472715,0.965572176913253,0.962872531468591,0.970070512388351,0.978093768386575,0.978093768386575,0.967253545414862,0.974468165100061,0.974468165100061,0.981697617802763,0.995487243463451,0.995053035294873,1.00246359752921,1.00434330497224,1.02574387312518,1.0175163019027,1.02203250285347,1.04174370517011,1.03931737422746,1.04589646785304,1.05283610534015,1.050225618679,1.04768920529078,1.0357413061075,1.04162930539812,1.0392868429146,1.0282922903989,1.02560868518254,1.02571503299551,1.02359278496853,NaN,NaN,NaN,NaN,NaN,NaN,NaN,NaN,NaN,1.26259681094851,1.25307339894893,1.2846992453592,1.29279106104659,1.3271839874049,1.34409792857133,1.34319165270488,1.33800192032899,1.33376375945102,1.28841566504448,1.29192126011869,1.28544385608231,1.23759953190031,1.23825980615461,1.2475388489775,1.26172437085554,1.26404097425279,1.14088474547395,1.17664736173806,1.17563073521333,1.03255877386513,1.00797668138374,0.98285568998367,0.98285568998367,1.01410689205314,1.01213306349127,1.01498456514877,1.018411813818,1.0296776448673,1.02812151383166,1.0284531903095,1.02710740197994,1.02789841773411,1.02789841773411,1.02475744127858,1.02068279330789,1.02105013060342,1.02354670853946,1.02694652619315,1.08070512726626,1.08070512726626,1.11645867419921,1.13594596230361,1.14323469201262,1.06940734459028,0.981953829949381,1.02454526740453
An1_Tr83,1.03413241819107,1.0351721862232,1.02928922946151,1.02928922946151,1.02353470033211,1.00461864071725,0.912558680947901,0.912588706053202,0.951617653382162,0.973589257682167,0.974848761141618,0.97888689312403,1.00426912817189,1.00365988803455,1.01780839527324,1.0221731536205,1.0324219660142,1.03579313995931,1.02374797220859,1.01847183059254,1.01847183059254,1.01520255770274,0.996799694830666,0.995004383653079,0.977034526248021,0.980342654094387,0.992598155383697,0.99439350646834,1.00724062757244,1.00610055630509,1.00491055464978,0.996343630731725,0.995573091102145,0.983789726207509,0.985532596235123,0.981861802771658,0.98124830501771,0.980030851820918,0.999791632639188,1.01000441416351,1.0359524267683,1.03536822659081,1.0367258750105,1.0257879970372,1.02526924994316,1.02242289383176,1.0261942194231,1.02534129065865,1.02032173725967,1.03035006266241,1.03132021030732,1.04596728596226,1.03865259879461,1.04800661845183,1.04749462544456,1.03472822586089,1.01948122486913,1.0237894207831,1.0207182185173,1.02719927980488,1.05559889160903,1.05423537545593,1.05169194465618,1.06469519453171,1.05670132305705,1.07885041037828,1.10993562460357,1.11004622653927,1.11838586602883,1.13683556335438,1.16053322998922,1.15763486852722,1.15319076569016,1.17550496158115,1.17515176813782,1.17236499436031,1.18684178822623,1.15539309884839,1.15770123328085,1.12080405409293,1.02961936412679,1.03496983268683,0.899330403880433,0.922150210241576,0.922355397949038,0.995463722369993,1.02778579877375,1.02569009961274,1.04673992269582,1.08668566639529,1.13082215609061,1.13003097084498,1.13957412094756,1.15049668882565,1.14631479900834,1.15317937386848,1.14413531058984,1.15128567447929,1.15128567447929,1.15366221584754,1.16559391985474,1.16516328102094,1.1474677515129,1.12128990005592,1.12566270439727,1.12566270439727,1.11020908634316,1.10908739898505,1.10859310595048,1.10542562488833,1.0987514889793,1.0987514889793,1.09482046088196,1.08805287218905,1.09715155904639,1.09461958671459,1.09288113138494,1.09049061563829,1.09049398579134
An1_Tr84,1.00943228889452,1.02299186763519,1.02353498219023,1.00370391775431,1.00445930202111,0.998671981296669,1.01434372969256,1.00668007134039,1.00485892995288,1.01312367325216,1.00049101855402,0.99656350670014,0.996234116053188,0.989463296129745,0.98108235104874,0.981567298643527,0.979022338111826,0.985509494784193,0.988265835944609,0.988265835944609,0.993490503296653,0.979558469028131,0.982595237562504,0.981163016472532,0.985314484462397,0.986160025650706,0.986040760191965,1.00047987358265,1.0063395908341,1.0063395908341,1.00135268941588,0.990247637630968,0.990276609149949,0.98271157999672,0.979193242180447,0.972545668320673,0.972378110848294,0.968748377794227,0.967457831595409,0.966866958349416,0.961147070520955,0.941906433449004,0.941620102229358,0.852296380541282,0.799113484716329,0.789736694825278,0.776471755321301,0.79910751471718,0.830830660647132,0.830830660647132,0.871871699546119,0.891010982462333,0.892201289894826,0.898648685020624,0.907680742874012,0.917821972171709,0.911964585352224,0.922271321726371,0.929011934535798,0.928835425397389,0.925561285219833,0.926304037572756,0.923351042296167,0.922691379484431,0.922240241367227,0.920896050867339,0.921757303016167,0.917899958749737,0.922551809797558,0.924748396384616,0.916761971804426,0.919109788390529,0.918181070462822,0.918181070462822,0.92060253826664,0.928100379526886,0.92721928696074,0.950694733863024,0.964239854267365,0.966612221304153,0.969387742098179,1.0066111690364,0.956111361000903,0.956111361000903,0.920652905444647,0.833499609696811,0.83257002720028,0.847803181515072,0.849665208489219,0.85026777510758,0.85338907166693,0.853577650397164,0.847978596102422,0.847703279348784,0.831902178909344,0.834285465031913,0.834102942648559,0.831193699662678,0.831254387455956,0.819369484788766,0.818935963638129,0.82434283548345,0.814446864115104,0.814863598219339,0.771120054248099,0.772429368667043,0.784062227199365,0.783556863829422,0.807577752451607,0.879668510784953,0.884459809840513,0.917551398108502,0.938227335642045,0.938161130644237,0.957177953305284,0.964998789022595,0.970878885316741,0.971759693350755,0.97321745273533
An1_Tr85,0.980109894473915,0.986008111416331,0.986296330385435,0.997380313502559,0.991161534891408,0.990014758636929,1.06402149528907,1.06987512918627,0.995700892651519,0.993869636100078,0.960356165348659,0.952559038704068,0.950309602004353,0.984611518802744,1.0082729846969,1.01794007957556,1.01604547250597,1.02541924651713,1.0300477953111,1.02837172862427,1.02263796720197,1.13470547475501,1.21625254034422,1.21588489628979,1.18778522297478,1.25295814170062,1.25225904858599,1.29433083179588,1.28039554197578,1.28383881405932,1.29712258262599,1.27882926941479,1.27975000239289,1.27553099025751,1.27618971383318,1.28169481097778,1.28169481097778,1.28586765116956,1.28104397961468,1.27889193944085,1.27278768651268,1.27226650699002,1.2717850585618,1.26420201331859,1.25365113865574,1.25968296599382,1.2598057657631,1.25843245109457,1.22414108554371,1.22305179000208,1.28530256668975,1.28537569180096,1.28630356761118,1.28470966074948,1.28180083637914,1.29751539232175,1.29751539232175,1.30940599801695,1.29778110368574,1.30514829182226,1.30909480180666,1.32356679087028,1.33877488436098,1.33881488197299,1.32653966456749,1.32323981312563,1.32395338345917,1.32787490485863,1.32008962834294,1.32084558798017,1.32084558798017,1.29651644711416,1.29822335555253,1.29778511100027,1.17639844176664,1.07878779192149,1.07800600942746,1.03602569779594,0.981151462379299,0.979339918278438,0.979695168316707,0.964039424386951,0.964781605735609,0.966072931650616,0.960679349284147,0.953425519756965,0.941419807439971,0.940908963949586,0.934520284234846,0.940765696387345,0.93888919479936,0.947145710625887,0.95403275964015,0.95403275964015,0.97072947330581,0.970006008096434,0.97573580963134,0.9756174391682,0.992452388044787,0.991414194735137,0.991414194735137,0.986509036635802,0.974625461643158,0.975198448607875,0.975198448607875,0.981039132184191,1.01570351418101,1.01632390144953,1.03276959608342,1.04397059951786,1.04020602076715,1.03545807487311,1.02886040077112,1.02909814861409,1.02206904771226,1.01846896261795,1.02053600608052,1.02053600608052,1.0442963015481
An1_Tr86,0.766504509663213,0.822768017820695,0.947317848136671,0.938628602444802,0.938628602444802,0.999963090973581,1.01589315788678,1.00893989224535,1.02605858912456,1.03730291293318,1.03753808213792,1.03099753404387,1.0487653607311,1.04366931620837,1.04351321190967,1.06294894996805,1.06742107823973,1.07185468020222,1.09128656288543,1.09984583074163,1.10025514385101,1.11914362342542,1.19404569903894,1.25001666267767,1.25001666267767,1.27365951191345,1.29008161032036,1.29101756882195,1.27946385687936,1.26831117453158,1.24064701245423,1.23971758263864,1.22526875516741,1.20163683630753,1.20259124131505,1.18717776866142,1.17383358009407,1.1659439184508,1.15309474939811,1.13920751366638,1.13384761635767,1.13384761635767,1.13482662796861,1.13915775441039,1.135775422671,1.11789422476184,1.10909219662365,1.10987732138044,1.13533727893351,1.15715257356505,1.16296330053912,1.15586701447309,1.18254118248186,1.21373741274616,1.21392918346591,1.21233984268002,1.21814212240694,1.22731319829601,1.22636910680106,1.21877695838601,1.2018133338244,1.19833557600848,1.20061675713776,1.19191164774725,1.19445494954673,1.17875405322704,NaN,NaN,NaN,NaN,NaN,NaN,NaN,NaN,NaN,NaN,1.40305328753087,1.32068736645621,1.32256036738423,1.29155285572921,1.28811958718177,1.28780637699894,1.28993914616945,1.26194187703547,1.26159985980996,1.24167576248087,1.22626544967381,1.21819047697749,1.22092669518402,1.20410150316959,1.19744155092035,1.1889395303115,1.1906505754575,1.18843810731574,1.1805278101334,1.1805278101334,1.18745876127744,1.17901926643817,1.18149922202509,1.17773402547153,1.17496111525434,1.17601702431367,1.17542947089823,1.16700165775506,1.15038671025479,1.1506704972243,1.14649549128154,1.15700056598174,1.15790561836938,1.15098258740593,1.16930989561931,1.15905829423548,1.15643539366353,1.14687469404242,1.14101468727575,1.14304520278933,1.15075397260943,1.14845024624757,1.15725416519374
An1_Tr87,0.884832588420141,0.975409737126063,0.970178029391791,0.961498351095923,0.925557789631045,0.926859789783744,0.860893547849721,0.956671931107896,0.997047289739924,0.99672360268579,1.04528715371022,1.05539165915148,1.05650791900314,1.07257460567987,1.07108856960798,1.07118967857953,1.0654374189858,1.05756473851171,1.04928559993824,1.04927532000462,1.03803748644546,1.04921737589336,1.04799232132074,1.08246110778017,1.09504371853451,1.11961258303425,1.11977185506284,1.15275693399044,1.17175947611118,1.16939786097643,1.17194490782932,1.17275117350608,1.17233096183526,1.1578695685232,1.14344399366161,1.12550407105794,1.12550430444832,1.11456781219888,1.11560032450685,1.11565676193844,1.10857355275507,1.13113205251829,1.1310791034284,1.13532697936626,1.13593465651834,1.13501312984738,1.1327296168646,1.10306741597393,1.08984640374748,1.08984640374748,1.06124970284223,1.05215174504335,1.05355791225328,1.06546833260933,1.06846338279482,1.06726477772132,1.06726477772132,1.05659400195561,1.05899228970019,1.05824460796414,1.05008953983214,1.04424005028244,1.04098241978606,1.04200304482129,1.03618876791399,1.03696053122444,1.03717590861061,1.03020585701544,1.02324762386418,1.03006539383039,1.03084720618288,1.01172815030307,0.939775470818218,0.940547213292753,0.923392218115915,0.869059427032985,0.869370326060304,0.86927262684637,0.871869490484286,0.86991502025136,0.864119394693149,0.860944010585053,0.866355927079098,0.866675816689615,0.889292695547857,0.909586170508887,0.9103371457671,0.922271619257717,0.933597641792707,0.960999332562049,0.959728362484157,0.977292435121731,0.984339643931066,0.985882055329695,0.980511852881869,0.974797688944707,0.97443680909817,0.971037786035526,0.965749290092893,0.9650848214975,0.965171791510486,0.959067820501935,0.963274523084337,0.963270267170658,0.951549691508981,0.956166466125303,0.956653341364462,0.952193438644739,0.951757300009157,0.960130698978008,0.95986624952714,0.985297527204979,1.00410353908006,1.00311223486763,1.00618482669866,0.992142211090191,0.938455788425767,0.938499556231505,0.91821960488518
An1_Tr88,0.952953324707164,0.952097556303138,0.947931475801408,0.952944702117168,0.946567658993429,0.94046026896654,0.958770393560534,0.971356318568992,0.987773971289011,0.992370451506734,1.0045828232398,1.03444826741706,1.04041653805382,1.07023472105286,1.05957385617133,1.06160185305851,1.05486419054423,1.04425001863783,1.02680161001044,1.0230992742089,1.01262576271857,1.00555651219328,1.00058983096847,0.983342473340316,0.936462591702003,0.934542164426394,0.883633746947031,0.881223393485784,0.887150238941088,0.886582392476901,0.96318152889692,1.06284987572979,1.05625745562736,1.05875546933985,1.07625524810663,1.09118550131573,1.09118550131573,1.10725204172743,1.12046136393799,1.1208772300758,1.14367342967938,1.18128921518559,1.19491604124044,1.18803326379364,1.1865697713046,1.1711556823589,1.17038337916211,1.15667975706421,1.14442864187385,1.14357483532355,1.1455545653469,1.14486429741168,1.14563498460537,1.14161252352615,1.08680904497568,1.01508399831546,1.01597616360714,1.04097272495657,1.04982668622762,1.05108798459326,1.01858059218669,0.92507737804672,0.963327948517138,0.963336129982816,0.960689033972564,0.980322810505029,0.972864776984808,0.955371798235594,0.957906268133722,0.957906268133722,0.953706650133434,0.947434842971774,0.936796659991186,0.936670269465877,0.927205966299169,0.932824285511784,0.931925858100847,0.934406877218687,0.921910253312672,0.92099940655348,0.918894211105422,0.916216706056946,0.923324817628312,0.918777913138475,0.909574244409112,0.902634588305049,0.902634588305049,0.843412795333078,0.808131769817376,0.793289829515532,0.721297760403939,0.702599500720273,0.728857969269198,0.727506130751695,0.781250144152811,0.818110109219419,0.81743105152177,0.842613943649209,0.846669398726109,0.852347746415469,0.844020478686222,0.846547838562131,0.853223270554778,0.847159691941458,0.853447929739106,0.841177470286946,0.848606787109687,0.848606787109687,0.841839030369643,0.840605745912777,0.840157816649314,0.842287703893635,0.841498333798411,0.83567713842647,0.848417325450335,0.889952416399511,0.922731342233256,0.921076816721618,0.941566781636406
An1_Tr89,1.06849865354427,1.06931247343745,1.06179773247997,1.04802141655151,1.02476593091184,1.0226492986587,0.99889367211649,0.997889605319983,0.997941748953065,0.978027440382511,0.973962406557844,0.975108699399311,0.964415631293497,0.959868666779028,0.961253561374628,0.953648127472428,0.963598844367411,0.989994027838029,0.990352062562032,1.0183744085801,1.06102098808444,1.0590009258536,1.13281606893344,1.09254819127891,1.09610682421399,1.09610682421399,1.09137041347111,1.09999402866607,1.09999402866607,1.08662252339923,1.07051375716063,1.0686129322056,1.04120581146899,1.01383368500109,0.99396665548116,0.993463111583093,0.989686740143276,0.961931142364339,0.961931182060859,0.959417862280678,0.961594899785369,0.951662332750553,0.951662332750553,0.952462537598592,0.966485082752296,0.965185614497806,1.01006659138622,1.02745692098364,1.02739743873392,0.976041187857251,0.942993396021799,0.9448054084258,0.933498189612499,0.943746854899539,0.933466363940994,0.932608139573508,0.932726455406958,0.921577328751884,0.920486243003111,0.925250555512615,0.915188260989972,0.900692837180536,0.901223371544399,0.905116620168064,0.915441441369553,0.914765786276129,0.919435572567412,0.915797125151298,0.938464016693635,0.938464016693635,0.972398098356848,0.986020335172894,0.984406370120231,0.974439852239878,0.964030823067037,0.964926692245964,0.973020513902811,1.01719222265712,1.05052576571853,1.04943386865083,1.11025704330408,1.16276540814731,1.16200136272752,1.22936322782856,1.27823363199162,1.28477221832156,1.27234888235303,1.27131282900344,1.25826992945579,1.25826992945579,1.23800776458343,1.23093933187133,1.23353560209079,1.22906846446563,1.21873621901513,1.21611298094518,1.20248422724587,1.19934965494991,1.19963913114642,1.20103403755647,1.19036098333576,1.19748544681794,1.19556524542761,1.18847044014918,1.21180766051089,1.21598691803577,1.21625518201938,1.22345228471948,1.23137225505269,1.23190536494505,1.22086155185195,1.21440942741505,1.20583737310279,1.20093312855326,1.19682870142331,1.211594298826,1.20248078994925,1.09230604968921,0.991194941056194
An1_Tr90,1.07967454311294,1.06514549035047,1.06955358912982,1.07065410319892,1.07948324498618,1.02534827373578,1.02519500489084,1.01166181879636,0.98487197168222,0.986499257910739,0.977179112273879,0.967612377789637,0.967612377789637,0.968492707606233,0.947236216462131,0.946012751506356,0.944404362639797,0.941398032726582,0.941964763411472,0.941332920622911,0.939612782987958,0.953856976809699,1.05995730674853,1.05993036697219,1.07767123586341,1.11974783795229,1.12124777972492,1.17136511668618,1.19601169840309,1.18584310167675,1.18399304673512,1.18437341648501,1.15971371651589,1.15980851554634,1.14105168134409,1.12559855701742,1.12264922828849,1.11141442033637,1.11186042597884,1.20071867790741,1.20071867790741,1.26755405640575,1.34189456330568,1.33923493674726,1.41028691479978,1.46993783548244,1.4694257504981,1.51137545397163,1.51337197798951,1.50890030218056,1.50890030218056,1.51174268757101,1.51356150944683,1.51522668117837,1.49130647684232,1.48330557154533,1.47476372986441,1.47435554351416,1.46819592151111,1.45397078698653,1.45656221442792,1.43873267262573,1.43934553160604,1.43872790313097,1.44348943452481,1.44855310357067,1.44356261685902,1.45565620211645,1.45889462018334,1.48528603179014,1.48499939414834,1.49928129060209,1.49176274971833,1.49293707383962,1.49752634677764,1.43810787153865,1.38406254298165,1.38406254298165,1.36321716260837,1.32921321961619,1.32826732897254,1.30463864949931,1.30227545649869,1.30227508033653,1.31155762008902,1.29456682196616,1.29779250580246,1.29904605455154,1.29693557436341,1.2957087559918,1.29908381456262,1.29212755990862,1.29783383489652,1.30712987449524,1.30712987449524,1.30562327832761,1.29573940501662,1.29558975479188,1.29471929534885,1.31695356024418,1.31703889325642,1.30903352928461,1.30596035939303,1.31696214631081,1.31580014847926,1.32751364197002,1.35804773236208,1.36148740367301,1.37245229110831,1.36491684811051,1.36245333792803,1.35369140361918,1.35017025984696,1.34141317420318,1.3413361979057,1.32730154199064,1.32837453301092,1.32882412236648,1.31740901538479
An1_Tr91,1.01190289618565,1.00591440576258,1.00790810503009,0.998445357251779,0.992399933305893,0.999847780160247,1.00145479388963,0.998609676202468,1.0107153401267,1.01154070053389,0.998126245101719,1.00144389647837,1.00081076905041,0.993748839984429,0.993349627714303,0.993303832213641,0.993549528548798,0.991612726329368,0.995315546130032,0.995114935487856,0.99531491076806,0.983392611805808,0.981801956034285,1.00412137697047,NaN,NaN,NaN,NaN,NaN,NaN,NaN,1.02654351953346,1.03090899190011,1.04719998458249,1.06097351111071,1.08851406036836,1.0897678136481,1.10858927680389,1.11866807928169,1.12314871024344,1.11783970517725,1.10132511131122,1.10372549311208,1.10016618589616,1.10645648312002,1.12051256058588,1.12401769501234,1.13299610850509,1.1282976893603,1.1282976893603,1.12584861014746,1.14743042757295,1.13787783816692,1.137747688528,1.14751725519599,1.14247618617446,1.14468501979624,1.13844416472063,1.12778984813883,1.12778984813883,1.12583023543355,1.12016490701332,1.11656612852797,1.11668603626165,1.11915013983941,1.11414196981564,1.11028198329733,1.11250346366545,1.11560437021682,1.10958606155468,1.11123625120572,1.11424475473283,1.11623763058803,1.11688072699283,1.11089706486634,1.11366143936238,1.1174743225528,1.1090663321488,1.11024169122668,1.11024169122668,1.06616621814871,NaN,NaN,NaN,NaN,NaN,NaN,0.689061044819026,0.762046222775708,0.791401063756046,0.789569360687988,0.79286139198776,0.801538507776197,0.802392701042259,0.804290366430691,0.80791291791971,0.810630231120764,0.806634752025571,0.804285862154374,0.803377836952005,0.813596335786843,0.812779280086915,0.810707199150756,0.810707199150756,0.807622965884565,0.807734098181634,0.807040515826933,0.803918555644483,0.806314914793603,0.808960999283884,0.808960999283884,0.818629874208649,0.826153314356648,0.825201162667659,0.784892061771248,0.642936304242375,0.526172411837291,0.526342607620461,0.487327314007786
An1_Tr92,0.953455725868067,1.00075432078339,1.03238529738232,1.03287224981589,1.02557853719725,1.0149979950931,1.01557234232817,0.998469163447494,0.991420792687308,0.990253278912943,0.982467137478559,0.978682172615719,0.991922136936525,0.989874433392576,0.981437305550493,0.983569887390637,0.980634823582313,1.0251457239536,1.03050667558365,1.06767433755825,1.06701861517413,1.19375255355685,1.40821207673641,1.40850488852349,1.47096263390753,1.49529053318006,1.49681794035583,1.5307962974948,1.57027251224896,1.56553227037921,1.56687744211055,1.56910522302138,1.56627806988523,1.56376613231693,1.53059786422687,1.52723004773295,1.52777389299338,1.50894725927276,1.50368855798828,1.49175326120945,1.49175326120945,1.48137493268767,1.46672107838134,1.46874534751023,1.49563811202322,1.49641083650187,1.48652848725163,1.50917376349519,1.50009921888537,1.49589505827833,1.49616591353313,1.50848639529598,1.50254144102682,1.50033643002523,1.42478271656012,NaN,NaN,NaN,NaN,NaN,NaN,NaN,0.818090745564345,0.85130592037226,0.851124282964377,0.851252400649327,0.864289929861699,0.864360014938861,0.881718636603239,0.882158156217503,0.882062333318054,0.895688604993594,0.894350687319216,0.891220931319285,0.881485588642896,0.883070720163051,0.88553836462158,0.88553836462158,0.899263073363122,0.911333305846306,0.913052279669672,NaN,NaN,NaN,NaN,NaN,NaN,NaN,1.01041318892589,0.833386710402405,0.833386710402405,0.776554830716109,0.779369998338567,0.789189927059862,0.789189927059862,0.84347779221904,0.878476259012846,0.877886998366634,0.876310105452231,0.881547963898886,0.892676327978824,0.892304073124765,0.901972081099516,0.904711351942297,0.904953708236848,0.909795168690611,0.92707907249064,0.915965892986599,0.935864510277122,1.01244275601866,1.06972463819051,1.06731392230357,1.08147032878396,1.09562673526435,1.10978314174473,1.12393954822512,1.13809595470551,1.13790166263611,1.05962574294923
An1_Tr93,0.865928812434791,0.934798280909763,0.937228502400986,0.96374227025357,0.98713449498542,1.00269923353424,1.00141655847146,1.01673051309593,1.02881668591904,1.02719270954959,1.03352319674297,1.028716664529,1.02691661507286,1.02173883449166,1.02647875496329,1.02782534666923,1.02797500604038,1.02047495734206,1.02066256259376,1.02052993755156,1.03694217169792,1.04543718085859,0.997550424505406,0.999249899880517,0.980558257632052,0.995483583156091,0.995930828103078,1.00983816994048,1.01358701905186,1.00265692306785,1.00285080648313,0.974899222588299,0.972384394505899,0.973266409745983,0.96923493241874,0.962734761890131,0.958929289181796,0.945496360988008,0.944447504833473,0.945766718778685,0.945017175494422,0.940169459254822,0.949979498803647,0.949979498803647,0.970790431360408,0.958634934637533,0.960241879099803,1.02921287778516,1.10773912665121,1.21246276524445,1.21246276524445,1.23424102580458,1.2971464602617,1.2970733081866,1.34298662254497,1.36592108274773,1.36327976948002,1.36080880100244,1.37114375426566,1.357080775439,1.35930350609539,1.36148978676757,1.34956497184796,1.35901060856385,1.33612835067028,1.32013659285792,1.32146443933464,1.31811754718302,1.31844967478029,1.31517254975448,1.31517254975448,1.31051294545277,1.31977130798236,1.31847011268672,1.33127504772792,1.33504497995891,1.34036679652475,1.3315380327524,1.38218641336064,1.39528397896174,1.38770265075321,1.35227628624077,1.35558952240756,1.35558952240756,1.36437750544701,1.35139349822408,1.32826739281043,1.32503088715722,1.31784143876643,1.30907955645363,1.30432164863726,1.27574066231228,1.25840363112905,1.26295352673272,1.26225662044634,1.24461510646702,1.24302381059718,1.24206599198752,1.22748552217607,1.17170808272262,1.1651106200569,1.09555075949829,1.10262331721536,1.14771195929593,1.14771195929593,1.12419715520388,1.13378854766159,1.13290279010405,1.19625702296138,1.38078868314395,1.38645364085018,1.41293027991701,1.40691245952974,1.40981399306196,1.40991915585394,1.43495898133995,1.42624408081724,1.41624251701306,1.29698842218607
An1_Tr94,1.0185909963164,1.01696870615117,1.01410306357321,1.02058824496644,0.997332548100396,0.996763111238422,1.00363164963374,1.01853699676479,1.01836737281724,1.03833760207954,1.05713223969716,1.04981873565949,1.0474364848802,0.965576864561018,0.9559976092827,0.91306430104624,0.91983878335618,0.973957344937832,0.973957344937832,0.987729646763453,0.994409631096179,0.993360479855459,1.066681932462,1.11825917399191,1.13848477440898,1.13942302694248,1.16126506130414,1.17497417497534,1.17415800248626,1.18023211102706,1.17658699106381,1.17658699106381,1.15348232977142,1.14846564207171,1.13853910268721,1.13853910268721,1.14585744552715,1.13885140436598,1.14030027719254,1.11846690624698,1.11616807685369,1.11659040242972,1.11191093918128,1.11591879213065,1.09652106262229,1.09662020101782,1.11727025674353,1.11510753485095,1.11532277156252,1.08311239838183,0.952939441819301,0.93988304550288,0.860213840522024,0.816852766479014,0.824218903666103,0.820647662677866,0.840387376831069,0.858117927418706,0.858117927418706,0.889270729878556,0.936402152704423,0.976622050928377,0.976622050928377,1.0210594425888,1.00370120524558,1.00259230897143,1.01881744901536,1.01849048196021,1.01827528729811,1.01711570285377,1.00649994967045,0.99438083148694,0.993278281971706,1.00012353297831,0.99312643116796,0.99312643116796,0.999480621040244,1.00569570442288,1.02405049447949,1.02383908245656,1.0304640202864,1.03909440015483,1.03749634588497,1.06157119170922,1.03690594399595,1.03690060445906,0.981400746604812,0.969885515694867,0.972334036298598,0.969438633186857,0.978018216392563,1.00164701330815,1.00164701330815,0.992536713525156,0.991084148853002,0.989247774951422,0.980100317249415,0.976641292575775,0.972844153809572,0.974486941071697,0.969614127982755,0.957408873661441,0.959685434990445,0.96648827903325,0.954767238589566,0.956689015913321,0.955556532259382,0.957512218012199,0.961587062628365,0.962502509315209,0.978358383623638,0.978292454767345,0.978802730683374,0.988150169064912,0.985499342316033,0.999860988639027,0.999432063655384,0.973487950402214,1.0545991551351
An1_Tr95,NaN,NaN,NaN,NaN,NaN,NaN,NaN,NaN,NaN,NaN,NaN,NaN,NaN,NaN,NaN,NaN,NaN,NaN,NaN,NaN,NaN,NaN,NaN,NaN,NaN,NaN,NaN,NaN,NaN,NaN,NaN,NaN,NaN,NaN,NaN,NaN,NaN,NaN,NaN,NaN,NaN,NaN,NaN,NaN,NaN,NaN,NaN,NaN,NaN,NaN,NaN,NaN,NaN,NaN,NaN,NaN,NaN,NaN,NaN,NaN,NaN,NaN,NaN,NaN,NaN,NaN,NaN,NaN,NaN,NaN,NaN,NaN,NaN,NaN,NaN,NaN,NaN,NaN,NaN,NaN,NaN,NaN,NaN,NaN,NaN,NaN,NaN,NaN,NaN,NaN,NaN,NaN,NaN,NaN,NaN,NaN,NaN,NaN,NaN,NaN,NaN,NaN,NaN,NaN,NaN,NaN,NaN,NaN,NaN,NaN,NaN,NaN,NaN,NaN,NaN,NaN,NaN,NaN,NaN
An1_Tr96,0.957039732639958,0.956933928009859,0.970605943479347,0.981901035671358,0.982266759435392,0.990481861091349,1.00708573702134,1.01506220157652,1.01613928002159,1.01842717961575,1.01839248176797,1.02178207446187,1.01906118991785,1.01221660815373,1.01221660815373,0.999841004105457,1.00645591725919,1.00657792190276,1.00751253571499,1.00686860526779,1.00151692237506,1.00395601145226,1.00145223359932,1.00396093301211,1.00401277231674,1.02374613012858,1.0367893745665,1.05316606463549,1.05319291600474,1.06362895810419,1.05943098581151,1.0624619207234,1.04799230784098,1.04696141069783,1.04586811693589,1.04586811693589,1.03702128211386,1.03321724667992,1.03262226092303,1.02787739682771,1.03031244876222,1.02795034148607,1.02357436218118,1.02565860962417,1.02135448928288,1.02135448928288,1.02880024232655,1.02918999833138,1.02953537389339,1.02700840944963,1.03167774501603,1.02938984197573,1.02730426415113,0.993472827955367,0.969594886006256,0.96677673252749,0.873223351554315,0.864351037455652,0.863731235191256,0.919221781308764,0.936311398669383,0.934357059186565,0.935034600603053,0.859280616074446,0.856376069322252,0.845973436689634,0.8846702580393,0.934728399828408,0.934689389636228,0.964641466162253,1.00013254479086,1.00891487522066,1.00836605728691,1.01546682289838,1.00743716376343,1.00736943556778,1.00461267988523,1.00013982694184,1.00013982694184,1.00022814812763,1.00829411042659,1.00581293914074,1.00654326727174,1.00528440781684,1.01035913722546,1.00868501282628,1.00246275898372,0.993920031958172,0.993723283059246,0.977040642797372,0.980778735264186,1.01901129239099,1.01946028671685,1.02975444935742,1.05881028780339,1.05932837289679,1.07544795468909,1.0888115175424,1.08859208540062,1.08859208540062,1.07202170391039,1.05317660842401,1.05406053457992,1.04689727585143,1.04064380592655,1.04003284089003,1.0403078857245,1.03593541709288,1.02104042919628,1.0202891917018,1.0182734367603,1.01739387751038,1.01551095156214,1.02110064025111,0.993794999099454,0.993794999099454,0.853811165772193,0.86188738386087,0.86619070194451
An1_Tr97,1.07052178375181,1.05340607087027,1.05340607087027,1.04394906618931,1.02825550453954,1.02825123818751,1.02383917700114,1.01685859206524,1.01544995335963,1.01337680852803,1.01081211884903,1.00422997236024,1.00422997236024,0.995473685708091,0.891583344049533,0.88651356352437,0.909429288523724,0.96332698341888,0.98708680584315,0.987517592183483,0.999285968723198,1.01291491123025,1.01310162406108,1.00681461402559,1.00515157071213,1.00590911686241,1.01067950513316,1.00803747683272,1.00654119212732,1.0026018225385,0.996523568076492,0.987116666761999,0.989094906692359,0.982198851515438,0.975771889831688,0.978541511291063,0.978541511291063,0.973218073914631,0.969877339874268,0.96798951330985,0.9653910024603,0.961090917628114,0.961921412774791,0.96150264098405,0.955057680832433,0.952383142915502,0.952383142915502,0.953868397419709,0.95202021179914,0.950848522535104,0.943073022353927,0.916536184979131,0.919151602706901,0.92421174690037,0.950988054178298,0.971943529887551,0.970251914854359,0.977379857145509,0.990998573912793,0.990635610270308,0.995704774324714,0.999145496411866,0.998492358841773,0.993501615062005,0.997856657068153,1.00395932832339,1.00395932832339,1.0024166530692,0.998417104910196,0.999556630171193,0.988531962143834,0.986930688170371,0.982641814913835,0.976959980267219,0.980913952759651,0.97477107744251,0.97674684324378,0.988116995315955,0.991884457288487,0.984877500961946,0.984877500961946,0.988811679055255,0.981952094257424,0.982156487611018,0.967538470475639,0.945493598615967,0.9432857243016,0.736641857033767,0.695473364406542,0.691436624650895,0.701813908696252,0.70446918765776,0.721410420060211,0.721410420060211,0.74258586257826,0.750645507019204,0.75063683467497,0.762799972579658,0.763444570464189,0.759849768298771,0.760487250187877,0.765151893952265,0.772284473040073,0.778496117481616,0.781871484657326,0.790912184316775,0.791217965470145,0.788848076968139,0.797124880299026,0.797952505347752,0.801135625852209,0.800907531482365,0.806629818324099,0.806629818324099,0.808017853217302,0.837227609440658,NaN,NaN,NaN
An1_Tr98,NaN,NaN,NaN,NaN,NaN,NaN,NaN,NaN,NaN,NaN,NaN,NaN,NaN,NaN,NaN,NaN,NaN,NaN,NaN,NaN,NaN,NaN,NaN,NaN,NaN,NaN,NaN,NaN,NaN,NaN,NaN,NaN,NaN,NaN,NaN,NaN,NaN,NaN,NaN,NaN,NaN,NaN,NaN,NaN,NaN,NaN,NaN,NaN,NaN,NaN,NaN,NaN,NaN,NaN,NaN,NaN,NaN,NaN,NaN,NaN,NaN,NaN,NaN,NaN,NaN,NaN,NaN,NaN,NaN,NaN,NaN,NaN,NaN,NaN,NaN,NaN,NaN,NaN,NaN,NaN,NaN,NaN,NaN,NaN,NaN,NaN,NaN,NaN,NaN,NaN,NaN,NaN,NaN,NaN,NaN,NaN,NaN,NaN,NaN,NaN,NaN,NaN,NaN,NaN,NaN,NaN,NaN,NaN,NaN,NaN,NaN,NaN,NaN,NaN,NaN,NaN,NaN,NaN,NaN
An1_Tr99,0.896481121168064,0.888106906843229,0.886991474437433,0.884024360700695,0.888140754067561,0.888683167541284,0.893930061889263,0.911138099261084,0.911208711122904,0.94756097656077,0.935553746698271,0.935553746698271,0.970767109384452,1.07378404686841,1.20265309878254,1.20315759855007,1.21019963649956,1.23697480246169,1.23509058046445,1.2669352642839,1.2757482567529,1.25162985269064,1.25162985269064,1.18972082586231,1.15134791211267,1.15134791211267,1.12867780700893,1.14604410928888,1.1470137334574,1.19583720124147,1.18744840721301,1.20651039554446,1.20670761467142,1.22843165349089,1.2399009163607,1.23998289888251,1.24057191297703,1.23332578868868,1.2297932589859,1.22839619727207,1.21481306404378,1.21272733039905,1.2116227004584,1.2105605156966,1.18724271157488,1.1904654953015,1.20293367541953,1.2065620484419,1.2065620484419,1.21063239392239,1.21039291282879,1.21116818595973,1.22141967524448,1.21874072801879,1.23172369102265,1.23073441602017,1.22632823666703,1.22733855210443,1.2156170720006,1.2156170720006,1.21018490630815,1.2290666375438,1.22772620230009,1.24615508415496,1.26846848299142,1.27743107671422,1.27769553810886,1.27287495570056,1.25843165215742,1.26436165397752,1.25753243827852,1.24478505924409,1.24478505924409,1.20615269115903,1.20783370777682,1.26807218347187,1.2617554336099,1.2702136494194,1.16707805134535,1.16509430703042,1.22419100030788,1.21680225388288,1.21600646834721,1.21690714780267,1.2417344091273,1.25134047900744,1.25024079324484,1.25702432873174,1.24853760929103,1.24807836503462,1.23708547129076,1.23658905928439,1.23619322221492,1.23660516660784,1.23188018525337,1.2275424583987,1.2275424583987,1.23289365693396,1.23162271165153,1.23231332598754,1.22170672419452,1.2281690706533,1.23496225115481,1.23496225115481,1.24022718123164,1.19445644727737,1.19547928870478,1.2140280583375,1.24930681315562,1.25853743859637,1.25899201074168,1.25977138128169,1.24773158423602,1.24773158423602,1.23727104781466,1.23148545050069,1.23128225690218,1.22980534314616,1.23519848059134
An1_Tr100,NaN,NaN,NaN,NaN,NaN,NaN,NaN,NaN,NaN,NaN,NaN,NaN,NaN,NaN,NaN,NaN,NaN,NaN,NaN,NaN,NaN,NaN,NaN,NaN,NaN,NaN,NaN,NaN,NaN,NaN,NaN,NaN,NaN,NaN,NaN,NaN,NaN,NaN,NaN,NaN,NaN,NaN,NaN,NaN,NaN,NaN,NaN,NaN,NaN,NaN,NaN,NaN,NaN,NaN,NaN,NaN,NaN,NaN,NaN,NaN,NaN,NaN,NaN,NaN,NaN,NaN,NaN,NaN,NaN,NaN,NaN,NaN,NaN,NaN,NaN,NaN,NaN,NaN,NaN,NaN,NaN,NaN,NaN,NaN,NaN,NaN,NaN,NaN,NaN,NaN,NaN,NaN,NaN,NaN,NaN,NaN,NaN,NaN,NaN,NaN,NaN,NaN,NaN,NaN,NaN,NaN,NaN,NaN,NaN,NaN,NaN,NaN,NaN,NaN,NaN,NaN,NaN,NaN,NaN
An1_Tr101,1.03667747303386,1.02708750019213,1.02957288869047,1.03758185541822,1.02408570158249,1.0244932259998,1.01550503933847,1.0190359058573,1.0162647689442,1.0162647689442,1.00544447415929,0.984580477477308,0.985773461529171,0.971269171535384,0.963670131356041,0.963354905128342,0.962473168944894,0.961807134240186,0.955057947628228,0.955769146566005,0.968035628889568,0.993699688446938,0.992991200170887,1.02510124796223,1.03180389433775,1.03198929447173,1.07445540223248,1.09585799412264,1.10270729567668,1.10318460748633,1.09280830827593,1.08574324482694,1.08491861819827,1.06761563478076,1.06356830706075,1.0485505760539,1.04925298630466,1.0455510901546,1.0380389268731,1.04107400880686,1.02850103147004,0.978048266041965,0.959288359872569,0.904199370400831,0.866729076613751,0.866619161996235,0.86416973886419,0.907214461089955,0.919948130399976,0.920620525616365,1.03777250349318,1.12405503332095,1.12462795378231,1.15867355686988,1.20256101253061,1.22096667756849,1.22417343339678,1.21748003891569,1.21947702121363,1.2215637196999,1.21423692686538,1.20367710618362,1.20186278339892,1.20186278339892,1.18742732547457,1.17395326246677,1.18094403828272,1.16988395070615,1.17469494792394,1.18166446721409,1.18230443204686,1.19097046890014,1.19205826704628,1.19193433924895,1.18315549923168,1.17856518882223,1.16476391583757,1.16226251594711,1.14508583975758,1.14577203948679,1.09428618228332,0.999277410995394,1.0102801879393,1.0102801879393,1.00378989837658,1.01570835520564,1.01570835520564,1.00005359281174,0.997050509579189,0.997602914331275,0.99400882919292,1.01347034637248,0.9983734003287,0.9983734003287,1.00123138619682,0.993954734686154,0.991833425106588,1.00487912900313,1.00554927862288,0.878739870984431,0.879160671342194,0.879976881347851,0.918327777218657,0.919098397216602,0.974362508747423,0.99539284592197,0.992802176759623,0.991454144401633,0.980031089385954,0.978589833415723,0.975473893893113,0.964809974190364,0.9599215432229,0.9599215432229,0.955528587921671,0.946440600859093,0.946092170431764,0.947683506037892,0.936935773883571
An1_Tr102,1.03568141366588,0.99943830007552,1.01902769026808,1.01831479299713,0.975317621784671,0.975279992854058,0.975377769432806,0.999303956637484,0.987137923654622,0.978649472379442,0.978463928778069,1.00167852016484,1.00305467514233,1.00308787382732,0.981613939946057,1.00359625571363,1.00586796579402,1.02681263442064,1.0322952724634,1.03381572421109,1.03441134119504,1.01864244864411,0.990264725713036,0.989586886755817,0.995003741047742,1.00264459675972,1.00711550630392,1.00950514712593,1.01071246888992,1.00422137364344,1.00326994541256,1.00013422395688,0.998117846794577,1.00194817595181,0.999763172989007,0.998343757347406,0.993699963965461,0.992450104974565,0.986039388181136,0.990998976985657,0.991688952619719,0.986568976144725,0.9778793864059,0.978476629422573,0.977890593478114,0.976901717390378,0.964838230456028,0.965151524832468,0.964453766044624,0.976662503745271,0.978844386985116,1.00402682945659,1.02118142792441,1.02161016737664,1.03449825997182,1.04338384545988,1.05301229820423,1.05314203857734,1.06178268535274,1.06002366742995,1.06002366742995,1.06845183580521,1.06215936113138,1.06542333466345,1.06680086766126,1.06576025385652,1.06324222107422,1.06417004063705,1.05709061183381,1.05567637864294,1.04914385003844,1.0502848583726,1.04468645378713,1.03505327570273,1.03970838799498,1.01166502362573,0.955161180820692,0.954556958153273,0.982359878500225,0.991293990015157,0.989833392251297,0.998675537663998,1.00066412916542,0.99570866651304,0.998854037915132,1.0008173060821,0.998209871367591,0.991207626471753,0.995678792649325,0.996401641520744,0.992444027002978,0.992444027002978,0.987394674326302,0.989266140633945,0.990939459282638,0.987560863741514,0.97693571083488,0.97693571083488,0.957576886951588,0.965648261931684,0.980977829196015,0.980977829196015,0.993938909330075,0.991446452606936,0.986714252811895,0.975766954287373,0.990935029103969,0.991972634895442,0.991972634895442,0.984636968067892,0.98741432964353,0.987384316604806,0.985353103281175,0.985803679018478,0.985640488072748,0.985940434653929,0.984718065432047,0.985719149742546,0.983705213174948
An1_Tr103,1.01738891220893,1.01831583161359,1.01772390762287,1.02305352811649,1.02113929039562,1.02142007995732,1.0253327270113,1.02979935754432,1.03131906960508,1.00806149074777,0.897100360907478,0.91642573334865,0.915799561011236,0.972537941754744,0.992942469115225,0.993584629389986,1.02888810810989,1.03400236184368,1.03516463969581,1.03530991691599,1.03187377345542,1.04602445617861,1.04677203938048,1.09182498771374,1.13886778238919,1.14010858584325,1.18771282935359,1.21569623548631,1.24335534036643,1.24349398902066,1.2383548509274,1.24209545067543,1.23584632349676,1.23727026271146,1.22294022710939,1.23082247125347,1.23082247125347,1.22702765266711,1.22712547372478,1.2256140040606,1.21697577612432,1.21003875639069,1.20887184028195,1.21684155759279,1.20704499414402,1.2074570592126,1.2152171846936,1.21965788264766,1.21722497811215,1.22145839764649,1.22291363103458,1.2198349264352,1.21751177271035,1.22336680219346,1.22960700861938,1.22372215464969,1.22044884222903,1.22736631951653,1.23553954348904,1.23352101378202,1.23267928322112,1.2287114068152,1.22989520760118,1.2451820816021,1.2477979538411,1.27338023128847,1.27249191136399,1.28863400582411,1.29996282196278,1.29828924135766,1.28996892121162,1.28797710141212,1.28331384062803,1.28331384062803,1.27073414333872,1.27190317198245,1.27471116675355,1.26297565489569,1.26494930854707,1.26439258231171,1.26525511347252,1.26552099725408,1.25729521684536,1.2541057895257,1.2521344998641,1.244568678856,1.244568678856,1.23842607114863,1.2516147747468,1.25172662301301,1.27710737281202,1.22659805553743,1.16389106613762,1.16326497212718,1.08511568887163,1.0310476050966,1.02758941336887,1.09275672864294,1.12533995344676,1.14904984885066,1.14904984885066,1.14965366153487,1.16861798730501,1.16753008869423,1.17065442394002,1.17242446512459,1.17140116214242,1.17706499455955,1.18114530170736,1.18296167976838,1.18296167976838,1.18186809356017,1.17764646375387,1.17862526253342,1.17034708169866,1.16729369426747,1.16641353724388,1.16335270456671,1.16763503488525
An1_Tr104,0.999864376699357,1.01470801780669,1.02993651426877,1.03068273436591,1.03068273436591,1.02430855618716,1.01079485587043,1.01048774537734,1.00470649071658,0.998252732559835,0.990723705660801,0.992146862590463,0.987376788212871,0.985090400295194,0.983965769231701,0.983210147437492,0.978501517687947,0.984405959054692,0.960154091610847,0.935228519092214,0.935641783625178,0.935890029313314,0.997235428661198,1.02934938078491,1.02934938078491,1.05754383375573,1.08441308736017,1.08480184032176,1.09930773983759,1.10406483753213,1.0921308456792,1.09250290560215,1.07863251235091,1.06557296837351,1.06680089322853,1.04655406656199,1.03794636781659,1.03748694057861,1.04409442768836,1.06119982348176,1.06541874568578,1.06512825496718,1.04772403816324,1.05808447284883,1.05756854800664,1.05537242205679,1.0596181896087,1.05699265245686,1.05706989209999,1.04220915264358,1.04237794063036,1.04728394897476,1.04973471557326,1.04867454711965,1.05182606087595,1.06922905780302,1.08589275063451,1.08659248601746,1.08768453458979,1.04615137230753,0.928050593727401,0.889060045842676,0.813032447987026,0.852320670494425,0.852320670494425,0.902874391193674,0.91429977414341,0.941271727667755,0.938812747226529,0.955580440351762,0.959499751931706,0.955778985191271,0.958842563345572,0.964933847699828,0.972884887825484,0.972569168977004,0.970112290288096,0.977399933477818,0.977562002409646,0.985626625577173,0.982263909757725,0.984032586846417,0.991823204017547,0.993217217441363,0.997936742561698,1.00005005979263,0.999742436463936,1.00117076699836,0.994855405597612,0.996363875104034,0.973593195178275,0.973593195178275,0.879636880767303,0.826862715076875,0.817939079049345,0.817939079049345,0.828450415321868,0.865452908501054,0.865533833259286,0.873941929016314,0.860759219271695,0.862722996764082,0.864682461406291,0.881561878574383,0.890857847195301,0.887803024477189,0.877411742234483,0.881933014529625,0.88129832501136,0.882005014954505,0.886052633235803,0.890663558113667,0.890663558113667,0.886360299114277,0.887493472952162,0.887443454071007,0.896614819773114,0.892443097456458,0.894226059476798
An1_Tr105,1.00328856894798,1.0007129955122,0.997596991707523,0.995629173554645,0.995223781078202,0.993910496904625,0.995800065444683,0.998284704634728,0.999233111240664,0.998945374546214,1.00157694858891,1.00157694858891,0.998852122777706,0.997276147172217,0.997491485968182,0.995521122303043,1.00182663516317,1.01331347901982,1.01393984684657,1.01920857076987,1.0520227364403,1.0520227364403,1.07134918967724,1.07139863214486,1.07078334561269,1.07149992059169,1.0806995034461,1.0806887447494,1.08994062078985,1.085992392367,1.0746580349041,1.07767891486917,1.06228717521009,1.05228942171308,1.05181928491766,1.04525197851382,1.03525868386615,1.03194224148271,1.03194224148271,1.03202311399435,1.02261430305379,1.02259461745684,1.03027867382268,1.03394362047851,1.02881531995264,1.02881531995264,1.00345239902835,1.03457248482907,1.03117427079381,1.04173343542354,1.03672920622587,1.03761264874039,1.0449704837354,1.07194561324459,1.11252688765739,1.11255017052939,1.12737962940814,1.14569117824376,1.1472316696732,1.16014337171562,1.16628790862523,1.16451078703549,1.154573433378,1.15175813527519,1.14539966527029,1.14509068630967,1.14399186775812,1.13937379332456,1.13895362608307,1.13095777916593,1.12767437855093,1.1262151951966,1.1234851847643,1.12747471950054,1.14084977001804,1.14317980318982,1.15486627989395,1.15026712368875,1.15016099091353,1.15025450765297,1.14516067383031,1.14208452873157,1.14277188718815,1.13478810864438,1.13348725780071,1.13378755925893,1.12832470547006,1.13029538411201,1.13148761299103,1.12274010386376,1.05248566568863,0.939899152575193,0.935406146097478,0.899266751681625,0.942577293060364,0.942577293060364,0.945653317441025,0.987609426493132,0.987174581330451,1.00760982579154,1.02040029931961,1.03544577788448,1.03404385337659,1.04768655466922,1.05352841607634,1.05265415576163,1.05503896366472,1.06803952416409,1.07840613922145,1.07840613922145,1.08826876836624,1.0839216683622,1.0839216683622,1.07834818423871,1.06222021193288,1.06319132541319,1.06546988052307,1.04205164491495,1.0268737818895
An1_Tr106,1.00263936208019,0.992448871383208,0.984886964619933,0.992630214724157,0.992630214724157,0.987021086659149,0.979602180578205,0.981951947199976,0.985651821007912,0.985459328535963,1.0043762963479,1.0043762963479,1.01854833442992,1.02360268104979,1.02309374746064,1.01521255620549,1.01078223353038,1.00754293155756,1.00754293155756,1.00398167191539,1.003885444438,1.00385703113985,1.00554500313738,1.01610125753697,1.01287493326479,1.02152041738408,1.05239164500214,1.06448267522653,1.06495908561145,1.06678842971748,1.05798932159756,1.05925085940129,1.05286596553897,1.04687242349242,1.04696583317669,1.04090294748394,1.04362003171395,1.04109825935514,1.0425070711954,1.03415692629401,1.03533016519179,1.03465672176063,1.03067054397825,1.02830250858013,1.02748058201167,1.02782890111175,1.02142793169971,1.0305354528075,1.03090563798202,1.02015702736838,1.01851036167271,1.02196186944582,1.01876332261631,1.01834816639095,1.0202703412551,1.02057552764861,1.02129660705478,1.0145008313309,1.01159192826752,0.976942584117793,NaN,NaN,NaN,NaN,NaN,NaN,NaN,NaN,NaN,NaN,NaN,NaN,NaN,NaN,0.906833936380558,0.9056360172322,0.95516625202987,0.973517512327395,0.973179541732357,0.975325178903631,0.961569748273628,0.95606534528357,0.957415493257075,0.956420082095797,0.949173967277613,0.947985293020333,0.954986346503054,0.947842410611751,0.951549880417487,0.949657688772621,0.944102440249513,0.941390523391238,0.941556862585047,0.93917984689778,0.950274391635372,0.953996382149798,0.96402186726905,0.964292445652706,0.967104442271351,0.965654258849155,0.965398897250607,0.960885530275024,0.963421914958203,0.969944332849689,0.964651215806001,0.964651215806001,0.96922972945337,0.974300200908384,0.974676185453621,0.980860068296837,0.990823668778261,0.980229506498707,0.97889222696395,0.983934388198507,0.99995333186242,1.00049311743216,0.996733532388993,0.991883367186625,0.99403318181868
An1_Tr107,0.887949269280151,0.886541371415949,0.823857302106927,0.911130968315636,0.90785765322071,0.945877064896294,0.978317013834338,0.977472738546627,1.02552123803544,1.05045963532764,1.07227718889383,1.07302397621448,1.07730144601239,1.07564043448546,1.07488983262017,1.06686264841823,1.05756317325593,1.0537285225599,1.0537285225599,1.04952157008664,1.0416015695001,1.04197960991398,1.00074235631572,1.00722618279129,1.0064875406237,1.00030212490161,1.03310996065636,1.04353752339116,1.04422141724708,1.04018349469321,1.04114046893776,1.04065793946504,1.03430138191899,1.02791035027273,1.02791035027273,1.01412697524539,1.01352883463095,1.00016363270155,1.004184478901,1.00339192687802,1.00364556076725,1.00017427504629,1.00471665487289,1.00246419674664,1.00066716931618,0.999973742588674,0.998977753009563,0.997866847205554,1.00007440519172,1.00057912317266,1.00578212424827,1.00578212424827,1.01587426831519,1.0118891461465,1.00636689228455,1.00558878842067,1.01286101713911,1.00624143734284,1.0091146704697,1.01773308823378,1.02241750778211,1.02352242652545,1.02432296422572,1.02683535693417,1.0102596204799,1.01021835184053,0.99079874671762,1.01176620011102,1.01169673056759,0.918070683906756,0.86545168336649,0.86545168336649,0.87731728039133,0.86652319425592,0.887856299438543,0.887856299438543,0.911809764542932,0.915464905310832,0.914801817608883,0.913425182550926,0.912398208156133,0.906670262598263,0.906660948763236,0.901431516328447,0.902000767451143,0.902747211840423,0.899001357060431,0.89297776834383,0.894742368282315,0.891988956151972,0.892152978012661,0.892041906186885,0.892041906186885,0.893870183604882,0.891264574043587,0.890531495935713,0.897406860176318,0.918973761402547,0.923827383126917,0.928201298013458,0.929203636271905,0.934522015097572,0.9342041471105,0.937199694764524,0.930706343220268,0.935010729212846,0.925660758689192,0.922775623052369,0.917443729714574,0.918677929785,0.916782893790236,0.909262219832262,0.906206540294687,0.903877503911426,0.86179973752435,0.86179973752435,0.910093225862511,0.934378519511386,0.89660318148851
An1_Tr108,1.00654342345068,1.004785754903,1.00408482775086,1.00715087702503,1.00218923606274,1.00202577888499,1.00199837208768,0.990353792390712,0.991489874703127,0.982400722682201,0.983398891686753,0.957242021053637,0.979468476175317,0.979661045060765,1.011282544142,1.01992272306972,1.02747962396157,1.02747962396157,1.02104239094765,1.01858265756368,1.01914755316363,0.992899104188096,0.995231958867605,0.994615612181798,1.01515198479506,1.01400979949717,1.02381312055122,1.02295346277609,1.02648686279867,1.03025160847523,1.03044431251336,1.02072281399141,1.01419453737926,1.0151905084943,1.02144893817459,0.990583516008837,0.94970544754092,0.944688022243709,0.885379311745355,0.918625996074076,0.922905202531028,0.945662766188485,0.95868836078608,0.959307305196639,0.956876589622173,0.960203226800978,0.954581899171259,0.952851004194588,0.92929132787668,0.886510089202429,0.87186021692156,0.825353404616671,0.776778819250399,0.761544002322161,0.760641595742074,0.80435860509844,0.830957089788163,0.831123550498403,0.865696487617143,0.895493655203908,0.91758822826451,0.91758822826451,0.923376245074651,0.922705210373841,0.922781068645474,0.916313750946762,0.911740728183272,0.913852131700254,0.912639964035227,0.91040479263582,0.905110455626183,0.901229028467492,0.901785943404274,0.900863727324984,0.907114494034375,0.908220951586415,0.903172625695923,0.902120647984304,0.904127619571236,0.903927879286167,0.905793458040797,0.903942947723373,0.914600484179429,0.936788377071765,0.937042006711173,0.961977409063398,0.991869071353858,0.990194205048646,1.01071572068443,1.01624126058078,1.00750589541377,1.0062094949765,0.998536317619142,0.9928763781499,0.991468787540305,0.981123327515946,0.968088685493417,0.956242069102951,0.957692169752507,NaN,NaN,NaN,NaN,NaN,NaN,NaN,NaN,NaN,NaN,0.695401561390911,0.731613229236091,0.733000331107402,0.791874010720488,0.844135419228625,0.844668926133882,0.889966497687953,0.902552118752752,0.90811758740715,0.90811758740715
An1_Tr109,0.879590431940759,0.870345676922551,0.873014859976887,0.874501196795717,0.88417200317368,0.89392983064148,0.907560930618641,0.907560930618641,0.952526622475894,0.990576228568273,0.990002793905206,1.03268010331256,1.0887365055178,1.13705210991414,1.1362690989876,1.13062435614409,1.14894692740421,1.1483346360978,1.15357475698406,1.14950308861537,1.15500019921225,1.13495222860483,1.04591374030883,1.05661968617135,1.05106010515701,1.0931172058384,1.1138571310298,1.11591070071767,1.10132705250155,1.09056598771221,1.08938748919241,1.10259444965463,1.10359481001858,1.10729534422929,1.10729534422929,1.09811507969506,1.09532905580121,1.09437599070299,1.10690192762937,1.09255913475104,1.08321739859032,1.08244471730228,1.08130148326115,1.10557174352394,1.10359423626721,1.1230884859247,1.13952576641182,1.14031011822875,1.12429485545658,1.11312287561014,1.105135163557,1.10557490960785,1.08702197155855,1.09809200911324,1.08856983466206,1.08621715607999,1.10364041298377,1.0884120195103,1.08051727239908,1.07891736869635,1.08422051230914,1.0858829183976,1.09589786319136,1.09518429237013,1.09580174302057,1.08373885313343,1.08586908015149,1.08532632276653,1.08475715798277,1.07830994555001,1.07894739782223,1.07096233326581,1.07801801005221,1.09239705832213,1.09470367897695,1.06680064499119,0.881505178683484,0.756218632571127,0.756218632571127,0.708908340651856,0.763748036308717,0.763698051556171,0.790586862157086,0.793600268736394,0.785351153440965,0.785351153440965,0.768655673529369,0.768632284442335,0.766366304505265,0.759481398219114,0.764877486021042,0.762991964143418,0.773706399217646,0.775043988369608,0.778045374369005,0.783433700617678,0.857785767176176,0.985441682637004,0.979983149852772,1.01560508996688,1.01939715831345,1.01679232243859,1.02684378826182,1.03152561557037,1.0313079151129,1.0305492074045,1.02629193434102,1.0138663308515,1.01239315125623,1.00017649670494,0.986770035857503,0.98593750902622,0.967895068308055,0.963348726287122,0.98192992533374,0.981733539200134,1.01061138716001,1.02970080213338,1.03002471313031
An1_Tr110,0.829751110545272,0.822358748233795,0.889047880431057,0.890038378255406,0.959063877706891,0.994483533360296,0.994133319534967,1.03379491314042,1.06405458849945,1.06335280846968,1.08239016309635,1.08912610906109,1.01716349043799,1.01657246150531,1.03076316878304,1.03805999549928,1.03868643776923,1.04811206776246,1.09904694790802,1.12620771133835,1.12233650383603,1.14199333133583,1.16993010456564,1.1702524766197,1.18875488756266,1.18509900029284,1.18499795033945,1.18314850585129,1.16668968166111,1.1691049888778,1.15310014275936,1.13926562087639,1.1322670478495,1.13213599210295,1.12582254601338,1.1258922955106,1.12741993707835,1.11856086977469,1.11664043344013,1.11437076965371,1.11342216740404,1.10100668589765,1.10004765082529,1.10171952397405,1.09591546367402,1.08626677770134,1.04029400628763,1.02947303007835,1.02354913455787,1.05162297123897,1.04876198858329,1.08034247554877,1.04598545051138,1.04510590502448,1.03490619748411,1.05368727075874,1.05954659125532,1.05931450404372,1.06718880860121,1.07186526843054,1.07187821805632,1.05973110440295,1.05559371979317,1.05720564074139,1.05218715837981,1.05170701337089,1.04170368508326,1.04258189128806,1.03865192950457,1.0250438308262,1.02470304072804,1.02153857821583,1.02955390916056,1.02671618902154,1.03512479243658,1.05422090344528,1.05952612209958,1.05994076710507,1.0448586576653,1.03949133671317,1.04285018350434,1.04114125341132,1.0291279994231,0.917648809856741,0.915910775150324,0.896356513543689,0.920818774412446,0.919785378411899,0.946338816052439,0.966993826933041,0.967344847602691,0.96670694275529,0.96507598990058,0.963154599254039,0.963247851592666,0.962656890497687,0.956120290349549,0.954970105577795,0.953750690908906,0.955861373156997,0.957187921061752,0.951105672862737,0.947063395994884,0.947888159957501,0.94728144964819,0.949460987724459,0.945136936038428,0.94729550869744,0.952501412783927,0.949531885099562,0.951143119691648,0.952770466385681,0.964027498279336,0.981881637618452,0.981881637618452,0.984143007586781,0.994611822696843,0.995440040358778,0.986301282275587
An1_Tr111,1.00934445551348,0.999362821859418,1.01331812351595,1.01298837623651,1.00112771955952,0.993332224507785,0.991940311850721,0.997455017456057,0.99561277414324,0.993584886496555,0.994601479541002,0.992383739687211,0.985561865120749,0.985762494589135,0.996687308242846,1.00730452027725,1.00792085654205,1.01050498474242,1.0112060401181,1.00820036789505,1.00843000862704,1.00954971721607,1.00909020220975,1.01255030682559,1.02950576953454,1.03448318393037,1.0382517781176,1.03867252634072,1.04704798218357,1.06112098575602,1.06045507317214,1.061461059724,1.06644893722841,1.06644893722841,1.07856231088484,1.06931206689899,1.10366712694106,1.10559449741909,1.13756158055383,1.16288160791059,1.1729860766202,1.18666839354765,1.2161097387034,1.2161097387034,1.22546957266589,1.21013877993506,1.22151297996609,1.22125726745228,1.2182308422117,1.22650763061889,1.22509771317121,1.22849911979102,1.24759865078029,1.24934481337899,1.24808458290089,1.2798775963429,1.26294325217854,1.25026557491477,1.23755654427417,1.24694582175411,1.24553467957043,1.26582031191904,1.2840660639997,1.2929444814326,1.2929444814326,1.27249955944301,1.27961302367594,1.27863871179771,1.28326428306492,NaN,NaN,NaN,NaN,NaN,NaN,NaN,NaN,NaN,1.13873282088349,1.14922569481832,1.17409422891628,1.17385517570134,1.18469117992767,1.17128871720918,1.17280021039368,1.17661808822621,1.16740060103432,1.16289632571684,1.16210670617606,1.17556708380629,1.16691117106195,1.16691117649205,1.1871434027562,1.18261745529396,1.18117500012283,1.18196986000345,1.15357173096853,1.15357173096853,1.00098500062044,1.00384739790618,0.995830594208193,0.996068738084425,0.999154289207088,1.0138187626891,1.00896996398202,1.02065355110178,1.02753536024894,1.0282948536987,1.03372410008331,1.03485668336492,1.04244122117806,1.04235623179263,1.03642304381364,1.04408133222474,1.04331502041166,1.0488731292837,1.05139096026144,1.05751158500284,1.0563778239989
An1_Tr112,0.9738308447221,0.975779317550823,0.988046955938231,1.02164478036836,1.02569534796994,1.02555461517139,1.02596127683977,1.01760687574299,1.01771810443253,1.00853495565237,1.00305350823482,1.00023232513796,0.995793619671652,0.995471593651654,0.989326460730318,0.989326460730318,0.985854722040415,0.980104119511508,0.980464115902846,0.981104148367881,0.968820324702137,0.980550485255987,0.980307786878957,0.989336283981761,0.999311754028341,0.998972138645694,1.00679828718659,1.01760721791559,1.02188173469063,1.02791095436527,1.01797625036914,1.01560909746126,1.01877130237904,1.00846274158328,1.00136316218071,1.00130968266832,0.999343702172205,0.990999683012552,0.988865121290125,0.992654262595786,0.995513676703604,0.989150258846903,0.993018061696897,1.00821052060547,1.00780329052977,1.00780329052977,1.00710908887002,0.998102741792992,1.02629258224458,1.02509030029448,1.0482764640938,1.04168036366877,1.04537761388422,1.04591815719518,1.0246291936989,1.02278951381103,0.991288379758682,1.04190271005862,1.06061730254942,1.06847489969878,1.08542440589778,1.08818665710192,1.0975201184945,1.11088222631015,1.10221393775475,1.10221393775475,1.08887833655539,1.09341427379514,1.0817121642612,1.08174222792695,1.08549560118143,1.08088642545711,1.07654378453227,1.07495402198618,1.07385040671513,1.07059972130477,1.06706166922427,1.06341038236684,1.07130759408027,1.07130759408027,1.06409659189557,1.07245377726619,1.07245377726619,1.07783597971942,1.07395078341332,1.08129837079052,1.08157663042049,1.08679592450992,1.09114460828607,1.09114460828607,1.08960078892696,1.08353331782585,1.08278706811668,1.08841882559951,1.09726375035042,1.08110411646766,1.08165849773825,1.08937913870531,1.06378006271607,1.06331144276645,1.02164642806995,NaN,NaN,NaN,NaN,NaN,NaN,NaN,NaN,NaN,0.676669150731506,0.695853221332766,0.70183596550146,0.70243200462145,0.701377109905074,0.72871708605123,0.731987470465985,0.743380308270987,0.748804733838364
An1_Tr113,1.00039645702466,0.999423340929132,0.993560668572799,0.996956448120223,0.99712047808475,0.992988636300818,0.992988636300818,0.993682952025281,0.988354260920966,0.988409516515465,0.989604098426107,0.994958268610623,1.00495986541141,1.00695584926042,1.01474145337979,1.01095404694065,1.0122985945815,1.01299606260267,1.00865036599191,1.0090157436256,1.02468884052492,0.963596389742742,0.943157750380588,0.944013128253555,0.958210739970895,1.01730402718949,1.02212920002593,1.04303243164706,1.05178801303742,1.05103162570609,1.03916908656305,1.02612382259688,1.03153857937741,1.03097571675378,1.03841842601795,1.0362730921033,1.03285235873089,1.03791893789169,1.02907589433825,1.02907589433825,1.04257474405542,1.02852015841031,1.0348088407713,1.03456126475208,1.03125340058203,1.02318618660425,1.01938364478108,0.985001698927078,0.979093620771095,0.899067664905617,0.899418096183453,0.879004462794334,0.885479932810223,0.884155838584032,0.876870652112909,0.862086247018412,0.875338172995835,0.873527790089094,0.86372557057197,0.864212313431334,0.865174231211268,0.863973158682015,0.867081731789904,0.867081731789904,0.871313223923479,0.875957945720491,0.875767273830497,0.88129393091368,0.904862789152368,0.915493220127396,0.915493220127396,0.949618633037978,0.964035142137374,0.962696791846361,1.00402235320714,0.994712072422588,0.997201152964566,0.997799094663074,0.998271927522697,0.984669135302244,0.984669135302244,0.98253131393199,0.982524697206087,0.981057187511922,0.969245076838652,0.967503101064696,0.964222386129863,0.963200564877922,0.996345399948881,1.00265391785972,1.00037409465525,0.985796903793102,0.999630076765843,0.999659755165849,0.999659755165849,1.003515789952,0.995225411876179,0.995820292871318,0.991331821803963,0.982915830102021,0.981163789781855,0.97680041638358,0.978463874484419,0.978463874484419,1.00450941222151,1.02093965756782,1.02818861267569,1.02943652170798,1.04710965306997,1.02896208032245,1.03111809258906,0.995305634630003,NaN,NaN,NaN,NaN,NaN,NaN,0.864454851193356
An1_Tr114,1.04173587168284,1.0375563608129,1.02560834783206,1.01506872122001,1.01648677519119,1.00451333608608,1.00408057262349,1.00361502834529,0.995740580876916,0.990306047059319,0.984556433927788,0.984671188351773,0.983931118962088,0.98338887939253,0.983708554051314,0.984466596845166,0.985337345563238,0.986022671844683,0.989205569331308,0.978775166505293,0.96583233863228,0.966524101751751,0.962618533465369,0.97401616314779,0.975121187276626,0.993996594205888,1.02915839618607,1.02967378351779,1.03665856448885,1.04537060769144,1.03151061148612,1.03141030965898,1.00205815966887,0.888079021795639,0.889017192138382,0.904418528155788,0.904298558724598,0.90747657165121,0.909293592446764,0.912689924800907,0.912705592816839,0.914466122669158,0.918715391231911,0.915734023735108,0.915608490958509,0.91226387113609,0.909367877108488,0.902998355181711,0.902916054729649,0.909625096475331,0.90182696822782,0.897810402084628,0.895747666239175,0.895431468645211,0.89774208880519,0.896236626361826,0.892674957155134,0.887555925586787,0.891957899317548,0.863394370396336,0.830908978933391,0.829765047278399,0.78843470267582,0.783076147064641,0.782342138873163,0.802157067319888,0.809829267431661,0.83395572151679,0.834155069959631,0.862185213693142,0.895108070704616,0.893643299065821,0.902090644814893,0.906940876506888,0.912799493135118,0.912345547974876,0.92563407436273,0.930895316132003,0.930122271172426,0.929115520369097,0.929703468161583,0.928737466864472,0.929747033277621,0.919108794794924,0.905675859871685,0.905709841736159,0.87267451445063,0.907916378134224,0.908981097122119,0.945569463779877,0.948211182895279,0.923261557196915,0.923261557196915,0.89809731760296,0.94154101229126,0.941403607021656,0.953753494363699,0.965691325203621,0.96565118150252,0.943508922285542,0.930549901228543,0.925139942207105,0.928574252190034,0.918907735199564,0.923843309845345,0.925615034031919,0.919005424385127,0.917807542731393,0.917807542731393,0.912856952365139,0.914427432921074,0.900636879556665,0.896488021361072,0.800921513051691,0.690648989088505,0.690648989088505,0.708340956702326,0.709191668745349,0.734304202533691
An1_Tr115,0.830079909594096,0.843287461052704,0.860149972618691,0.910370088713819,0.906324558965126,0.925794301572174,0.947280302102275,0.962216232238684,1.0058347454746,1.04008075609023,1.04008075609023,1.0850939206217,1.12278457583956,1.13809107695775,1.13809107695775,1.11118690887765,1.05979978608401,1.06001903265288,1.01343453749607,1.0247258715686,1.02674092533699,1.01569469155553,0.993483488707335,1.01514251880921,1.01711909359121,1.02104201899447,1.02537704590518,1.02092135838158,1.02816040718774,1.02722053357614,1.02444889845194,1.01477545702143,1.012338469207,1.01339669024007,1.01493053995395,1.01644396036709,1.01591315962071,1.01854426628676,1.01670610041512,1.01387851531359,1.01526267501095,1.01537213258368,1.00155913833232,1.0311590289283,1.0311590289283,1.03066605368656,1.03525433350478,1.03581357020854,1.03619010254784,1.03958497450398,1.04145096536649,1.04276990590984,1.04429982383532,1.04808478453075,1.04906220812001,1.04809495855496,1.04901915667843,1.0582057371113,1.05649645997558,1.04992039738483,1.04779595521835,1.04779595521835,1.04037984642753,1.03343678977641,1.03316609679684,1.02876764891921,1.02109697704551,1.02204985773279,1.02361777330065,1.0260960465158,1.01931861878081,1.02050034539454,1.01845046774798,1.01169553727593,1.0169008030596,1.0121314495016,1.01032950982665,1.01433427852481,1.01433427852481,1.02077075954996,1.00881618153621,1.00799830255426,1.01553560097855,1.03158068724346,1.03905667792298,1.03967049084321,1.04384219013099,1.03616512532816,1.03637317030361,1.04035718833225,1.03438091628698,1.03679959035111,1.02368937303674,1.0267690045127,1.0570965279919,1.05614187615182,1.06553310192775,1.06256605871588,1.06266871676814,1.05104545483117,1.04381837712121,1.04421045122312,1.04355650843651,1.0366393960881,1.02316385963827,1.02316385963827,1.01034482421991,1.00443711775402,1.00470019523134,1.00042216497608,0.994803696214158,0.987449987975381,0.986925237655725,0.981169976506826,0.989508357221082,0.988291032165092,0.990619968622991,0.993097155012046,0.993027957314388
An1_Tr116,0.925824826850356,0.975003006352518,1.01547995213855,1.01522492822159,1.02063783728791,1.02707921031738,1.01989520610412,1.01989520610412,1.01156103144146,1.00100484211362,0.998653748158202,0.992402225243231,0.982258106414158,0.994748275997924,0.994748275997924,0.992319969908437,0.999301331507011,0.998330012289844,1.01563200755164,1.03437335835592,1.0291978528132,1.04231814655682,1.05252195945419,1.05837353331141,1.05837353331141,1.04655318981686,1.04898254067389,1.04788762518453,1.04722122418495,1.03374878952585,1.03310667224427,1.01729028839663,1.00770951027145,0.985179716406579,0.985179716406579,0.976248718728613,0.990821754411351,0.992085841738249,0.983453275121231,0.985551461408826,0.983462321268826,0.994480497972801,0.998129598021121,1.02220198674562,1.02589087752592,1.05132698050567,1.05647084015104,1.05647084015104,1.02869186093938,1.04061401737498,1.03273649214521,1.03220179807344,1.0377254956711,1.04052795179798,1.04034366909918,1.03741504619737,1.02942912469507,1.03013069330031,1.02030604189449,1.01231609073051,1.01544014224439,1.01544014224439,1.00957376910802,1.00707011724515,1.00877641658385,1.00891805297058,0.997342498540064,0.997342498540064,0.999732953777381,0.996310312430117,0.994831080681928,0.994831080681928,0.996840470030565,0.991423325959121,0.991206405576075,1.00783541732413,1.00938430332867,1.00793489086304,1.01330497197712,1.00424553321007,1.00432453595041,1.00432453595041,1.01110115761053,1.01028390322133,1.0101924484929,1.00404054981927,1.00541624777218,1.00013195418344,0.998918115727573,0.989361746244412,0.965040443806193,0.965040443806193,0.895508121343045,0.892785337266784,0.893365224114084,0.90269539066382,0.929271967348952,0.95174511481609,0.95174511481609,0.970379343633868,0.973925541791559,0.973925541791559,0.977931765155049,0.980253571871602,0.980589992245457,0.956842243998825,0.955752334701199,0.961256476847007,0.961256476847007,0.954244491520353,0.958463315820146,0.958463315820146,0.955569468715732,0.951541001263648,0.946289344127761,0.947009745773232,0.939433652666602,0.941863815677737,0.94260353957989
An1_Tr117,0.990531637082571,0.996614515555878,0.996614515555878,0.991519358472676,0.973338488682053,0.978168620442808,0.97878441474748,1.00283658320372,0.983933722824863,0.983933692769777,0.98320616098206,0.999944693901747,0.999496260241852,1.02004191359224,1.02050492682454,1.01955649330499,1.0210090809291,1.03101473806547,1.0289501828203,1.0289501828203,1.03682040918778,1.01554669311643,1.00264451017886,1.00077742409902,1.00420964532102,1.00084475150415,0.99899857014462,1.00839403102921,1.01597829858933,1.01552248620137,1.01944689892143,1.01806182462792,1.01243828180012,1.01238084669392,1.00752478952159,1.00946180281557,1.00685483545743,1.0008612853433,0.998732735668251,0.999822198493008,0.996762270329132,1.0054574903771,1.00078280439062,1.00078280439062,0.993374194369795,0.988610874332967,0.991670409190311,0.996568486400398,1.00809599613087,1.01211126513818,1.01097290351157,1.04181793459328,1.04975254890294,1.05640723685714,1.05100838262143,1.05821988192712,1.05821988192712,1.06122047155139,1.05087389513141,1.04547600391587,1.04547600391587,1.04578312422095,1.03818744099915,1.0381200996284,1.03563993884548,1.03755533100664,1.04050978393918,1.04083664346107,1.03818183085796,1.03171337977642,1.0324413111518,1.02312124124111,1.02195992797304,1.02377567450398,1.02768470834505,1.03891485223494,1.03550208760814,1.04390054121969,1.04858212700886,1.05073995246576,1.05099093448411,1.04825974072754,1.04362326937795,1.04494479888881,1.03667372358393,1.0349751150489,1.02148011031742,1.02151286411033,1.01896878359472,1.03195660150713,1.03171477425,1.03678645553122,1.04485767215053,1.04183448004439,1.04213497200914,1.03577595444854,1.03928544851123,1.04094881108635,1.04192832840046,1.03575981026944,1.03546053490975,1.0259410827045,0.996482285734718,0.994853586580944,0.987487905314067,0.990759982242413,0.997859683179768,0.99846506390419,1.01843758713662,1.03776286138661,1.0380882876887,1.05046913570018,1.05508112701867,1.08188515025992,1.0823243050167,1.08332354535606,1.07628014531283,1.07653710409832,1.06707559089993
An1_Tr118,0.948216694415692,0.952250143632596,0.968940436519248,0.986296795473836,0.986296795473836,1.00636943132759,1.01520073985195,1.01103675265495,1.01619542953481,1.01666651512584,1.00688370309408,1.0075251055408,1.00063451578168,1.00426260489529,0.999910784338354,1.00034216225657,1.0115444593018,1.03070776686269,1.03071916391839,1.04886503966671,1.03729462605405,1.03775235227909,1.04629047508158,1.05757815477323,1.05749872985763,1.08055370805425,1.08796311860951,1.11315073187884,1.11315073187884,1.1117893112823,1.09004637109585,1.08994764124257,1.09045143675818,1.08186380170343,1.0804284405927,1.06812006501294,1.06157477297682,1.06165499712103,1.05956763199404,1.04994034259356,1.0433997032699,1.04136899562957,1.04912046508127,1.05028882484301,1.05118673241922,1.0493521778577,1.03913420096179,1.00956646096521,1.00909561717987,1.03211650653361,1.05273926143786,1.05350288326334,1.06597554164836,1.08479775280963,1.0915119165715,1.09167008906375,1.10089542920793,1.09099036169665,1.09016165986707,1.05156107101821,1.04103349543507,1.02858700059135,1.02672850197986,1.04598018825715,1.0488268477571,1.04584598299094,1.05354775595685,1.05695951078454,1.06159520345687,1.06041477005485,1.06284237920219,1.06067271083755,1.06785949190145,1.06632018171132,1.06308559374595,1.06308559374595,1.05549884559565,1.06358433718611,1.06372227535248,1.06164609413213,1.05359770624802,1.04948390151918,1.04895045915221,1.04867108959122,1.0616942474205,1.06232320186198,1.08787578461246,1.10584474539082,1.10655978909965,1.10347475549283,1.0956341492162,1.10313343475634,1.10313343475634,1.09768338421355,1.07981653240172,1.08067378775951,1.08056431836481,1.07406910537743,1.07292588012388,1.07277624318191,1.07118305353685,1.07791770856213,1.07589578721379,1.08096953642854,1.07064260128989,1.07525257797801,1.06962260475288,1.06585564815413,1.06993494788319,1.07614522589048,1.07187773491457,1.02520612596218,1.02742401896273,0.988391441667863,0.959799963257687,0.959911154784841,1.01821932162642,1.01886142946913,1.01097647501325
An1_Tr119,1.0436717345884,1.04599058339254,1.04599058339254,1.02356339492223,0.976975407588472,0.977439791707733,0.917581240362005,0.849742440827841,0.850918525525762,0.912203128190268,0.931391418858074,0.955092081320593,0.953307427098132,1.01922369538627,1.05201871736836,1.05493651306567,1.08940060606527,1.13135974559922,1.16919296474062,1.16674750959775,1.17933266785678,1.16101939559132,1.15796276318878,1.09751633633756,1.11266374529635,1.11266374529635,1.12933152871426,1.13851587442876,1.12512754598335,1.12476519805728,1.1198874133809,1.12031619425371,1.11840428306728,1.12428399983076,1.12543388446968,1.12484406650426,1.11473876839077,1.11330682252192,1.10233394703081,1.10233394703081,1.07401997548174,1.04700694879477,1.04751062736789,1.03853881219607,1.05432344220756,1.04805102780347,1.0480368486529,1.08317929433248,1.08705934568998,1.08777518509535,1.10187787771841,1.11462753330129,1.11462753330129,1.1194861749778,1.13768048375997,1.15462144669912,1.15462144669912,1.16085517550555,1.17023591876122,1.16940996343144,1.09842384587758,1.10386795063188,1.04556284352113,1.0466087295633,0.991993952800806,0.996499293129112,0.996490508513446,0.990511635042145,0.990782323027702,0.990771259506114,1.00353112936791,1.02315446681735,1.02418681365275,1.02980447340172,1.02661516641967,1.03013054507026,1.03012453979946,1.02808677905068,1.02598042331602,1.02697781263816,1.02281434465499,1.01611160928793,1.02655843913935,1.02785651819358,1.0340440596638,1.04151486583089,1.0432961953325,1.0526416203582,1.04452606526897,1.05943208700842,1.06117924902196,1.03156172724129,0.89882483565736,0.9045858969088,0.858486090485295,0.857009122757882,0.857009122757882,0.869478605376382,0.920883135314636,0.947668304760433,0.945346839622658,0.959417651325981,0.964138689167097,0.965223224607282,0.95606998665619,0.967462043061335,0.966479783573846,0.967631236422152,0.961097759256847,0.961315772467138,0.96251672712209,0.958659572944362,0.957611169578855,0.958328737380411,0.968982046567419,1.00383488403174,1.00469862130189,1.01871755019897,1.02033658733392
An1_Tr120,1.13683226272464,1.10997490542315,1.10997490542315,0.984890686075356,0.968471353629797,0.946415277557741,0.946415277557741,0.942535828365861,0.94525610994041,0.94607085788347,0.966349183632213,0.970796937808025,0.970362342061972,0.983152142275795,0.99648730832045,1.01131656330177,1.01471056156729,1.02522719402546,1.02476030242571,1.02458469481267,1.02224914944173,1.00201326819766,1.002925640408,0.942971000338478,0.962842811697386,0.980723470479033,0.980193717747562,0.981796319586218,0.996778070288723,0.997889576820979,1.00570420917635,1.00530277565655,1.00651069793485,1.00690328401852,1.02031416093537,1.02436659700679,1.0196397494139,1.0278245907623,1.02648713336718,1.03000282452177,1.01979903501157,1.02178013949036,1.02140975201856,1.02140975201856,1.02227721142591,1.02260718352052,1.02217480647375,1.01191636879552,1.01073463523601,1.01169999488932,1.01109603914775,1.00660273781344,1.01094548994368,1.01151680276079,1.02120422558956,1.02315597124631,1.02291939611568,1.03514996818619,1.0406898773126,1.03176940065175,1.03482236904895,1.02488458223006,1.03361180079862,1.03344239486829,1.03449330771329,1.02956359408684,1.03163721621628,1.03056877894904,1.02955082979206,1.0136420328648,1.01643062852838,0.972328691745924,0.9601233496565,0.960129437844611,0.79505410799003,0.789415250118248,0.78988800465588,0.791945877536083,0.815834172164547,0.869783443444879,0.868892442148672,0.892264980559561,0.898001820911462,0.895004972211143,0.90747108059854,0.900050552961775,0.900556903042385,0.900556903042385,0.898194307823161,0.903471969331808,0.903233328141328,0.915772893334113,0.908041829154411,0.904089948402849,0.915354862031382,0.925927954628194,0.939171179213002,0.937674595632388,0.96539045467449,0.966139675836783,0.966095923104821,0.968267238175346,0.965879888548168,0.966712355954933,0.960449416142402,0.963430354352983,0.961995891543435,0.960685895490011,0.970685323671115,1.02191491181341,1.02168245808585,1.06493167717984,1.09098086318712,1.10776074031997,1.10776074031997,1.16220407778284,1.21218776919924,1.21264443721421,1.24419605947594
An2_Tr81,1.03237290188678,1.00584882934035,1.00739977918846,1.00272438266416,1.00702149465059,1.00165423147514,0.989984954190515,0.987173583582609,0.987145889096765,0.990109834259635,0.997939711788797,1.00521372065099,1.00329516629726,0.9997017989606,1.00243232425141,1.00243232425141,0.995859193471913,0.990844939996308,0.990844939996308,1.0059591176606,1.02556425670141,0.997825812872058,0.997825812872058,1.00082999215032,1.02794874208269,1.03008557993635,1.04587366729072,1.04310789883805,1.03351794194669,1.03377670048617,1.01481053061481,1.00510257630532,1.00510257630532,1.00977790524069,1.00630281949366,1.00833722310059,0.998062255312998,0.996893617491381,1.00313686897634,1.00313697705686,1.002020468715,0.999255605572723,0.997074026863757,0.989051340399171,0.987045993823804,0.987264463058223,0.96286600126729,0.921788759070623,0.975759850506519,0.971044561793116,1.00827860613596,1.04520603738445,1.04520603738445,1.08633387741852,1.10462131740456,1.114197748044,1.11239721618775,1.10880878495193,1.09887124124413,1.09692460443455,1.09566496368852,1.0828960584314,1.08276869048589,1.08222963817451,1.08854077558672,1.08925628655817,1.08871385337894,1.08804414255577,1.09178716551576,1.09236637011735,1.10136953331814,1.10265477465574,1.09866078804663,1.10111986096093,1.09995742133765,1.08837479205899,1.08736969192856,1.0820201358742,1.12272227855039,1.12830197907501,1.17368728442562,1.18820175229466,1.18712228153204,1.19034442642553,1.19454983708211,1.19659364610578,1.19644436551733,1.19243826757964,1.18192667720476,1.18215300205136,1.16815924313079,1.15596960801791,1.14477955825352,1.14464583585121,1.12553164256247,1.06486567018506,1.06483070825146,1.07733596222543,1.09200330650608,1.11056301003757,1.10956598673668,1.09854329601317,1.07206867641678,1.07130028579399,1.05684417923442,1.04058323109993,1.04050342968902,1.02188636916462,1.01435909196917,1.00966482146762,1.00602881930159,0.999972607483469,1.00190438760313,0.998835622995756,0.995698211557818,0.995497559306256,0.995216968132118,1.01527311416127,1.16169709212224
An2_Tr82,0.974491330247548,0.974601102745516,0.974601102745516,0.978838088640754,0.979633190835779,0.988974628003095,0.987577274362444,1.0018319604898,1.01838971398533,1.01838971398533,1.02568383450998,1.02312684212863,1.0233650072639,1.01970961059348,1.00643143054198,1.00664514357607,1.00453340111942,1.00001482592333,0.993161798302112,0.993937633441397,0.973356357798506,0.976995457582953,0.988247435479267,0.987943133377262,1.00997660774758,1.03092702169507,1.03193709746548,1.04752159878462,1.05417146181305,1.05417146181305,1.05147532498724,1.04797738453863,1.03983237966507,1.03869506083496,1.03289725244796,1.02120133933129,1.02111914338624,1.02281983919733,1.02133169047274,1.01798341412155,1.01743077975442,1.00398571764682,1.00648932440936,1.00704724025246,0.991873937233008,0.980462801178236,0.980462801178236,0.979814911036397,0.978116928085054,0.977200497506044,0.978692713240967,0.980690257380283,0.990864065369903,0.993353172068587,0.99441370748721,0.996271386730157,0.99650885187845,0.997432513006046,0.998109395689445,0.995055133106081,0.99399537248909,0.994785355090427,0.996661538535722,0.995694024480314,0.99697558275387,1.0003606878182,0.998357180343891,0.998357180343891,0.998120386482742,0.999626969507337,0.992177878418078,1.01471941818169,1.03346867527301,1.03391482401155,1.03753603646191,1.04254718265254,1.03402531574361,1.03449161119381,1.03318311256513,1.03530432976473,1.0331429775487,1.02494360091579,1.02776775617176,1.02776775617176,1.03136884156503,1.03020798510899,1.03424660068825,1.03067493914632,1.03429968709167,1.03211110374118,1.03211110374118,1.02476891836056,1.02282426367396,1.02282426367396,1.02214385449612,1.02860242168069,1.04352008985677,1.04352008985677,1.05517042046926,1.05565596262849,1.05626292792906,1.05620381698237,1.03871610179358,1.04007908021063,1.0388553663727,1.02944443186068,1.02788548231569,1.02869502070697,1.02921463623796,1.02774089485596,1.0247985365116,1.02352780929783,1.02210496657133,1.00935309608103,1.00935309608103,1.0165039049629,1.02833913028732,1.02784605146192,1.05517523418393
An2_Tr83,0.934146020339252,0.933627476782087,0.916367434857886,0.927316493312702,0.945330345487344,0.945820978127092,0.960335963548259,0.983323316626602,0.983843755298369,0.996555686465968,1.03227753739166,1.03227753739166,1.03733879912868,1.05820604148684,1.0581093710466,1.05759680263915,1.07168411710153,1.06295880929998,1.06288351366833,1.08031378556503,1.07319784804889,1.07303187250938,1.06457778612061,1.05393039114496,1.06613468910628,1.06613642033266,1.08137433589521,1.06007068154934,1.06101702196514,1.05223823648448,1.05300926607926,1.0341561246239,1.03480663484793,1.02014721964534,1.01866343412252,1.01572124524543,1.01541506299658,1.02272775876008,1.02637683008925,1.02574376044771,1.0291547764528,1.03079022052549,1.02824539074994,1.02816801682036,1.02188157704728,1.02247710450967,1.01842748262521,1.0195300171367,1.01382087194202,1.01395896849931,1.01502710220122,1.00823248205345,1.00324299876625,1.00962115917772,1.01278818114697,1.01278818114697,1.01788407254892,1.00954847370412,1.0041664023495,1.00323894881148,1.01355762018522,1.01506866561805,1.00867760792304,1.00997716031535,1.01484593469076,1.01484593469076,1.01384164118587,1.01352104336033,1.02086999175072,1.01960948657549,1.00691984333694,0.993968729853693,0.993370832169593,1.00667943894831,1.01511237722904,1.02336615731145,1.02324733611518,1.02095723062805,1.02274585597121,1.02313442027895,1.01613175270386,1.01606342310818,1.01052918738099,1.00527690984277,1.00186585602629,1.00363990725357,1.00483214714,1.00536191527169,0.997116859200452,0.996115771911573,0.998839794457097,1.0025984497679,0.997628848323446,1.01831675167158,1.04293586936287,1.02193025209676,1.02042449487211,0.946029002610838,0.935207462230604,0.9366642776063,0.978974580246395,1.02237537050942,1.01724365016178,1.01882940457189,1.03016126089623,1.0534701529591,1.04293570284974,1.04200497258111,0.916946758158348,0.847872344581711,0.706387766979849,0.404047462953505,0.374266385944462,0.374922581181197,0.425010536286005,0.462117292398955,0.462769377087364,0.475079221204879,0.659526604515895
An2_Tr84,0.962134007041642,0.967454134077541,0.967454143294707,0.966351912248352,0.965099266566212,0.963713215779328,0.972444924848128,0.984922265550284,0.984442470382696,1.00089715773012,1.01215399093586,1.01215399093586,1.01835644863047,1.03331470153384,1.04327775132466,1.04348965739135,1.03494236894661,1.03460994448247,1.03278764829986,1.02400895527722,1.01900583485568,1.02901987294967,1.02952452203858,1.03434012979947,1.06427882625838,1.06427882625838,1.08291501350029,1.09611157695868,1.09611157695868,1.09731853256873,1.08468643309356,1.08057592457254,1.07680764506743,1.07023848565716,1.06594599163363,1.06756181571507,1.06000480035551,1.0568030243473,1.05786178104968,1.05827669634509,1.05702418360214,1.04670799337739,1.04746032012983,1.04363774166369,1.03262427083929,1.03288009457136,1.00760596555668,1.01301741466325,1.01121657143904,1.01149557685778,1.01494151158278,1.03340370835734,1.03363021155809,1.04340211783161,1.05230075024142,1.05305300998182,1.05003032491688,1.04780517376128,1.05289744555597,1.0455693613908,1.04312599865599,1.04509457722297,1.04641373472786,1.04711496694024,1.05366829859784,1.04646316085834,1.04646316085834,1.03867498978168,1.03646130121379,1.03642874624159,1.03087539266036,1.02973433486551,1.02973433486551,1.02838428432856,1.02389089908719,1.0267708172404,1.0267708172404,1.02750412951777,1.03551638909458,1.03590695095253,1.03340514236559,1.02592305346848,1.02653952318673,1.03480185505328,1.04175755726896,1.05705810675899,1.05766888238052,1.06644693807969,1.06914108316057,1.0644228330925,1.05875656594791,1.05184576495831,1.05157045875383,1.05552601339373,1.06742626826866,1.08997977994714,1.09105117022228,1.10330850650768,1.10426860470527,1.10564015054257,1.10150479743707,1.09118370332444,1.08525626438907,1.08479713881162,1.0796880859763,1.07994258261662,1.07745237219514,1.07175224729879,1.06888142264626,1.06562426586571,1.06353270495819,1.0579333095142,1.07492567913572,1.07492567913572,1.0827694593361,1.08744135421979,1.08733327805943,1.08241737074147,1.07781233232315
An2_Tr85,0.999243055896281,1.01340684959121,1.01413715562994,1.02052547200521,1.02043258242146,1.01650599713303,1.01410904494209,1.00470021973053,1.00058804428006,1.00058804428006,0.995267019903071,0.99002393939995,0.988538930177159,0.988511398757498,0.988582785758263,0.986200315324154,0.985185501384901,0.988155017439536,0.985298625945587,0.982008330466715,0.980604051851316,0.98665155648959,0.986661804932667,1.00159889295458,1.01953951030751,1.02605335287307,1.02890445788367,1.02704967122176,1.02372231846071,1.01927056707243,1.01232389050187,1.0067952021622,1.00444735376672,1.00434570302357,1.00057439332765,0.998207482635355,0.998602709665132,0.998676320638541,1.00097044387816,0.992106920830323,0.99086099291934,0.98154168447218,0.983486467927211,0.983932354962695,NaN,NaN,NaN,NaN,NaN,NaN,NaN,0.948276738153314,0.973459572255329,0.971943445491802,1.02092088872568,1.03598667598003,1.03204385827087,1.04755697785197,1.05559443876534,1.04941593435679,1.04821259695699,1.05683998326487,1.06058722785915,1.06011790906703,1.05820929700798,1.04373305110567,1.04285519494354,1.03646536459016,1.03625702104354,1.03010680577838,1.02608058181348,1.01714809350652,1.02008338794781,1.02211185597904,1.01494344678712,1.01532431113674,1.02397588763333,1.02254607398103,1.02895033464214,1.02836428939292,1.02461407451448,1.02981516045122,1.0283398229332,1.02257727790768,1.02310364137481,1.01958296359894,1.02519941778305,1.02577087772403,1.04552707346096,1.06785145153632,1.06641651315344,1.06976128695892,1.06950425105198,1.06950425105198,1.06083512284783,1.06087463973563,1.05594139535508,1.05921788688825,1.05758622883214,1.04860092300079,1.04860092300079,1.03995807983003,1.03432867582577,1.02721253922989,1.02685083141261,1.03110319184263,1.03541231737921,1.03541231737921,1.0372680870984,1.03636952116252,1.03465983533665,1.0408980274803,1.03581086120309,1.03456155411475,1.03407405283234,1.03580271697015,1.04314156569198,1.04302682507905,1.04436389238121
An2_Tr86,1.00758172226651,1.00696354446333,0.996191478341781,0.995883633782095,0.995449671281625,0.99473111234239,0.993009494174749,0.985155253205041,0.980714201283577,0.994738423038606,0.999267731083031,0.999267731083031,1.00773794250059,1.01263541552233,1.0097999811489,1.00779304772395,1.00461557784508,1.00502357657376,1.00344046233964,0.996527439243352,0.991377161146587,0.991527694685138,0.973736929850251,0.980190157438943,0.997139118110581,0.996549075929202,1.00611121956206,1.01771469368183,1.01771469368183,1.01856780533344,1.00668620032997,1.01015709054947,1.0030648251719,1.0007606477456,0.992147714699077,0.991456036837324,0.988798804346108,0.991230751937731,0.992462126291184,0.990304542889716,0.983141031028061,0.974077232078151,0.970549787984023,0.976386962590374,0.972549119385588,0.973294636063138,0.969070118523457,0.973588959564097,0.97209893253932,0.983518563781203,0.987348299768952,0.987300180685646,0.984063052799762,0.981353877343418,0.985854627713279,0.98579857785155,0.976281024956252,0.977990357675042,0.977514609719441,0.972145097074555,0.969949292409486,0.976032434581284,0.976922446011202,0.973201733468458,0.975751436307399,0.975968649448244,0.971945706967863,0.974651196665724,0.973477673589866,0.974384118503772,0.979761147396914,0.973916227987874,0.977654450592514,0.978054731353039,0.985578587224631,0.982095819547091,0.983074521090688,0.984317545386441,0.983494468120026,0.976094412937556,0.967841643677361,0.990627272018429,0.982119019024861,1.00284137375747,1.01375839366452,1.01121955333462,1.01101549906938,1.00297680047583,1.00924122543296,1.0094181243666,1.01084809410842,1.00327995833667,1.00202410172619,1.01275223959088,1.0153296446475,1.01481203214426,1.01576872615117,1.01500018298787,1.00375312775896,1.00358818362475,1.00885487020954,1.00115500635121,1.00143195879576,1.00184134415688,0.999870336737979,1.00219047098405,1.00373008841496,1.00648939232462,1.00128354716312,1.00113806468564,0.998735913762656,0.99753461996692,0.989586227943843,0.989586227943843,0.989296657961733,0.981524018658244,0.981494327360634,0.981518560683727,0.976413346531738
An2_Tr87,0.992627605590337,0.990410109746988,0.990370694702784,0.992230447719071,0.988780403536946,0.989702278794499,0.9928087383759,0.984450670973015,0.988675821701823,0.988675821701823,0.989664069425291,1.00017117283196,1.00130595297295,1.00740533984089,1.01672316558289,1.02355499535573,1.02355499535573,1.02372952333571,1.01515819245566,1.01390041310088,1.01126728210055,1.00443125059225,1.00504602953258,1.00198542229827,1.01534679598474,1.01953407696623,1.01568890970264,1.01195028230341,1.0370132317325,1.03120836649956,1.05380391151649,1.06497195263154,1.06247791702927,1.07029760722055,1.06331952165403,1.05052839483046,1.05027536004433,1.05441320721015,1.02787254542928,1.02708369664752,1.01870501059736,1.0246690394298,1.01751123589147,1.01780548732094,1.01926795887702,1.02403743283043,1.02401519957119,1.02263885207347,1.02222779050752,1.02185280398416,1.02052168068955,1.01221452114486,1.00810610682682,1.01022534001445,1.00829040323318,1.0038613478097,1.00346354937554,1.00742363532515,1.00889105362054,1.01012668790829,1.0048310809474,1.01238224638065,1.00508004790358,1.00508004790358,1.00919637127918,1.005164278999,1.0059654185961,1.00388076331409,0.994686566235857,0.994547309665579,0.987465149826734,0.97585816245969,0.980510260760519,0.979057942792805,0.98931645900803,1.01244589132987,1.00913496732788,1.02941429835531,1.01992931458038,1.01849968405439,1.01825730362604,1.01826588069626,1.01557039428383,1.01695170852253,1.01280485639042,1.01710706015094,1.01571018313767,1.01539080186685,1.01281465598945,1.01457070497147,1.00326354003301,1.00440248180685,1.00823772042029,1.00823772042029,1.0027776381319,1.00757041678348,1.0131806895861,1.01203270117038,0.999662297075591,0.992423137801254,0.990826963024315,0.990719351883979,1.01125005616531,1.00942942269067,1.02208831186796,1.02648982870594,1.02584894674511,1.02584894674511,1.02230018650345,1.02217615804352,1.02195244346007,1.01743123980121,1.01283850149707,1.00744789567911,1.00408554726475,0.999571979399934,1.00318429709575,1.00360603380368,1.00989664134459
An2_Tr88,NaN,NaN,NaN,NaN,NaN,NaN,NaN,NaN,NaN,NaN,NaN,NaN,NaN,NaN,NaN,NaN,NaN,NaN,NaN,NaN,NaN,NaN,NaN,NaN,NaN,NaN,NaN,NaN,NaN,NaN,NaN,NaN,NaN,NaN,NaN,NaN,NaN,NaN,NaN,NaN,NaN,NaN,NaN,NaN,NaN,NaN,NaN,NaN,NaN,NaN,NaN,NaN,NaN,NaN,NaN,NaN,NaN,NaN,NaN,NaN,NaN,NaN,NaN,NaN,NaN,NaN,NaN,NaN,NaN,NaN,NaN,NaN,NaN,NaN,NaN,NaN,NaN,NaN,NaN,NaN,NaN,NaN,NaN,NaN,NaN,NaN,NaN,NaN,NaN,NaN,NaN,NaN,NaN,NaN,NaN,NaN,NaN,NaN,NaN,NaN,NaN,NaN,NaN,NaN,NaN,NaN,NaN,NaN,NaN,NaN,NaN,NaN,NaN,NaN,NaN,NaN,NaN,NaN,NaN
An2_Tr89,0.99178713053051,0.997989935603136,0.996511507274359,0.991035227601239,0.98905310878222,0.988316405425613,0.985597884328693,0.983800190946971,0.989207173187009,0.988775601598679,0.990239207236688,0.997362722403483,0.996514939976938,1.00810015648466,1.01871524859703,1.02515547126428,1.0240046528435,1.02135536853267,1.01647806738232,1.01732438336941,1.00309781122787,0.981531271840391,0.965753595681103,0.966618112707973,0.921218485180414,0.97247964692202,0.972594040328598,0.987384932873592,1.01830914514673,1.0183099282301,1.04700095071053,1.07488373975959,1.07488373975959,1.09474415328462,1.11266874458397,1.10300888107197,1.103541812583,1.09082410351937,1.04809074074614,1.04873930835798,1.04542823153595,1.04787319949332,1.04506340086707,1.04367583624063,1.04564672446224,1.04541562503852,1.04495610629821,1.07329057257273,1.0637911019679,1.06116524064521,1.06470162253716,1.04942549944741,1.03743625311866,1.03711881897736,0.980986684939639,0.956212459185814,0.955594343763034,0.966765698341621,0.983470059818665,0.993641035433836,0.995590778590449,0.999662399837279,0.998686954393666,0.998713761824759,0.999817165934188,1.00516583544301,1.00302965353781,1.00161088362498,0.999230437354502,1.0078679694672,1.00648060352299,0.998245480670385,0.99904332810272,1.00305076678484,0.999006293476744,1.00515747055722,1.00635502427544,1.01265121785425,1.0211214720222,1.01645570825583,1.01417027345397,1.00979205637162,1.01222427391185,1.01087685910312,1.01017241049367,1.01581526920129,1.02522311990083,1.01954472575537,1.02284871036085,1.03145851989839,1.03085542285946,1.01614408447469,1.02127354921292,1.01999512882269,1.01489414734921,1.01622401533448,1.03130876392768,1.03139191129794,1.03976731951325,1.03614628028741,1.03650085250017,1.03870955125943,1.03648745548397,1.03552255746318,1.03349028978138,1.03417109798773,1.02924797965776,1.03259856961361,1.0308288271172,1.0280535964975,1.02719728226086,1.01639763129532,1.02361558777453,1.02072853935144,1.01378777451024,1.01816588119065,1.02788794694477,1.02735907427341,1.04054620854245
An2_Tr90,0.986687005974041,0.984759098230374,0.994721972790683,0.991994388526138,1.01064958464247,1.00908013628882,1.00658055289716,1.00855689883453,1.00739701618832,1.01724337462054,1.02018099391036,1.01715229256899,1.01594045408967,0.994926179384275,0.988566681713851,0.988187977896084,0.987298398228206,0.984314600456124,0.985762392759373,0.979298633168615,0.965883185870374,0.965786218652268,0.965769401948638,0.97979613136802,0.997760334207927,0.999114546157104,1.02881644325698,1.02646258902463,1.02581102989443,1.00779287393966,1.00263158215176,1.00293556516021,0.991736159655224,0.984363567775399,0.970421007265513,0.970794460013451,0.971664928493038,0.971414849116172,0.969743812790076,0.968586151109837,0.967627727885783,0.969548953708242,0.966415841653164,0.963446148502484,0.955406735491039,0.955406735491039,0.961682018830316,0.965851480950473,0.965466364674523,0.965190336362149,0.960270007730123,0.956936700627135,0.955240741470073,0.944199251359928,0.939642347908626,0.939324484528287,0.96356250259655,0.975989597991425,1.00848360358195,1.00808637558076,1.02953753378803,1.02412465998665,1.01524989864816,1.01233422673066,1.03229800531752,1.0330514902207,1.03538582025332,1.02205360735975,1.00964002624262,1.00950770499681,1.00058717652211,0.992286597867849,0.991588719594782,0.989153798759135,0.983222505555074,0.983222505555074,0.986170658656324,0.978687331765428,0.976883421740582,0.976883421740582,0.976304810601962,0.980841425518104,0.980841425518104,0.975639716343936,0.98050373204306,0.979076353163983,0.979076353163983,0.980304453853175,0.968773482757461,0.971943396646512,0.975518713462285,0.977740156933472,0.974770328473952,0.976073973209159,0.983881419592692,0.977854387268866,0.976299487435941,0.975652115861583,0.983921233885011,0.983653729771768,0.991020084182259,0.983423003097531,0.985210356284745,0.984685922485572,0.997588772041432,1.0045368726668,1.00313441913072,1.01462704909942,1.01094219365607,1.01205858845581,1.00261723195662,0.987030182169409,0.98771442830656,0.987890665574694,0.973818712071927,0.983186927513559,0.98469930881579,0.992331988406789,0.995912817383861
An2_Tr91,1.00725307436632,1.01188470973062,1.00878527723729,1.00771293198859,1.01057692593079,1.00853750010936,1.01245944271567,1.01012157940621,1.01093228510222,1.0131556136975,0.962854302491296,0.971748337379342,0.971748337379342,0.959166177406266,0.986699357837125,0.986961858980971,1.00638843773384,1.0170710106938,1.03594283981346,1.03746583493371,1.04075938454269,1.01994102953509,1.0199633964403,1.03450596184939,1.02422509934238,1.01826149265064,1.01540657041982,1.01815986533327,1.02828581260484,1.02828581260484,1.0408225532304,1.04604861450829,1.04387446269088,1.03713833281616,0.98076496768713,0.9989987536717,0.998413735963953,1.00297462605024,0.995935759884571,0.995407719282596,0.995888197253741,0.982179336540482,0.982179336540482,0.989083860656638,0.987901135659721,0.980770342529069,0.981678983666622,0.984104895190188,0.986990244417802,0.987059395750785,0.989073374227759,0.984909656954936,0.98573319057188,0.989722415856792,0.990404992021116,0.990954888988439,0.992100181492367,1.00065012544687,1.00211210650506,0.999998081619858,1.00514090584487,1.00143429108481,0.994431670110718,0.991911770196927,0.992998742599715,0.990277849700248,0.988771260852022,0.994176087520155,0.997634037431569,0.997634037431569,0.996149129602568,0.990740760472256,0.987660076381071,0.987660076381071,0.976357217491799,0.950199026891555,0.952068702792518,0.958579162104359,0.992388057939987,0.990422161130765,1.00419720413956,1.01347162963503,1.0244994687152,1.02433607171325,1.03245117629667,1.03238640481703,1.03387381505541,1.03273532173144,1.02705805083094,1.0220880324246,1.02141574209601,1.01424423908299,1.00570204896855,1.00706282849511,1.00198531325687,1.0040969125401,1.00450870458149,1.00230362094763,1.00158717756889,0.992202988715925,0.991825374121074,1.00095541729839,1.00451264572855,1.00960418145334,1.00831971358563,1.00237811756683,0.987102622483498,0.987102622483498,0.995455775527549,1.00925411141878,1.01040430336899,1.01378807190693,1.02023153525707,1.01993990579261,1.0140313355829,1.00943842247556,1.00273256647018,0.995926045686861,0.988793338296811
An2_Tr92,1.00363426550822,1.00573633950706,0.999353497082222,0.998763700756835,1.00171018677374,0.999312925130964,0.993980429029338,1.003254216182,1.00282876391238,1.00584113975956,1.00381338483031,1.00066214576137,1.00377612931119,0.996275951885691,0.992209880989815,0.992209880989815,0.993716286236277,1.00158577541562,1.0013351009376,1.01184860485823,1.01272786819582,1.00228650754105,0.997437511754609,0.996301406792084,1.00302198950085,1.00329175013125,1.02041882789923,1.02584143183462,1.02479069517424,1.01688882448905,1.00845332799721,1.00393172211178,1.00144788223382,0.998967110325445,0.999809818585782,0.992346499655187,0.998649803905761,0.995635453885398,0.995623029715036,0.993552203197482,0.982038809330621,0.985233475413397,0.981453190114061,0.979490463811081,0.978170742823653,0.97734197606008,0.970546709087151,0.962892748413725,0.964404518726209,0.964404518726209,0.966815996894078,0.968624731378637,0.973003124969482,0.989630558744245,0.997229891973627,0.993709272452615,0.989784521485388,0.988573223297621,0.97964470369441,0.97964470369441,0.952677177494184,0.959498679545833,0.959250368554403,0.980157298201599,0.99124412653823,0.99106020212076,1.0027042313463,1.02970102872856,1.03695864234774,1.03615252760743,1.03958773222037,1.03922057069639,1.03750249320413,1.03987576664586,1.03888486415189,1.03956300032102,1.03847765684358,1.02457318997888,1.01173716320142,1.01284846454982,1.01124914829055,1.00332420700159,0.996420288662774,0.997501776717008,0.999418098147949,1.00025899909339,0.999849515620997,0.996203642456488,0.997483361316714,1.0004964769091,1.00016988878893,0.993671305649354,0.994287155917955,0.993454263270923,1.00230054671323,1.00494872715914,1.00327028912465,0.998832511129584,0.995142072529637,0.995982704447144,0.985288472631233,0.956982723590654,0.974918110373285,0.974918110373285,0.989616395815027,1.00000090870083,0.998678983972689,1.00600351453492,1.0156150185899,1.01648303627989,1.03536567014361,1.04076549808587,1.02733513618855,1.02541990769405,1.01065847488677,1.00468263745086,1.00049706796478,0.99807860956056,0.998907237213764
An2_Tr93,1.00531760143429,1.00290071861643,0.997855683188273,1.00955678518497,1.00955678518497,1.00529656745367,1.00649837816859,1.00649837816859,1.01108240548507,1.00972704020823,1.01424069766183,1.01424069766183,1.01560073681469,1.01744707172996,1.01482122016542,1.01379986524419,0.994406256033494,0.99280516683365,0.858347944761865,0.847516820532733,0.893628135082736,0.892351870454682,0.961048446404353,0.967513586801989,0.973800185997852,0.978991859657565,0.98752603401373,0.98752603401373,0.995452368495972,0.990351269840312,0.980814117258979,0.978731183308609,0.971651252397928,0.968024718804388,0.969522384558357,0.96943669612896,0.968895874508035,0.968895874508035,0.963200468506661,0.963020601317416,0.96296177306444,0.962877867012687,0.963271736813772,0.956925687103994,0.957412575828865,0.950031264171442,0.94899670963045,0.955892191880752,0.955549160995543,0.948150060767664,0.994508255630762,0.994817554086973,1.02177831563009,1.04665715419421,1.07630989973353,1.07561843694281,1.08852166975705,1.10082589702416,1.10112234961541,1.10618108310689,1.09794926555979,1.09929365056731,1.07780891424725,1.07173539013922,1.07138152499459,1.0616341947785,1.05184349441551,1.05053093548572,1.04979119233442,1.04833436861459,1.04467876457335,1.04459786271952,1.04452234534363,1.04581833133006,1.04903585738741,1.04903585738741,1.05823757860021,1.06533301357686,1.06500526939968,1.06057571121283,1.05730544590737,1.05778112755029,1.05084502751101,1.0098698263012,1.04514393729117,1.04514393729117,1.06032917461731,1.06929232096842,1.07025023636542,1.10325935482629,1.12423073524718,1.13849010790878,1.13856640343694,1.09815449844487,1.09558473729026,1.09364146582456,1.11872634337847,1.12139144398795,1.12139144398795,1.07052597211942,1.02945624927922,1.03442771675779,1.0337417596028,1.03989182866397,1.03374214119632,1.03374214119632,1.02320092037013,1.00918047488606,1.00770161908417,1.00330127746312,0.992895011176301,0.998609384084699,0.998609384084699,0.993174296319719,0.99116370408011,0.99116370408011,0.987812627705385,0.988102622041403,0.993500807167742
An2_Tr94,1.00700570806774,1.00597826503371,1.00632969183139,1.01023615859438,0.997569003679811,0.997099891358526,0.992282950079263,0.994309348529146,0.989435554699456,0.989435554699456,1.00189585408896,0.997685998146191,1.00062327059163,1.00615923807939,1.003480385923,1.00114933812504,1.00114933812504,1.00030106893249,0.997873381415377,0.998590280100809,0.988052116330539,1.01050307545465,1.02578174060481,1.02755759628129,1.04465886086478,1.0764432589347,1.07655296658318,1.09222942547071,1.09163199587589,1.09137719361274,1.08552930562589,1.06653423354681,1.06653423354681,1.04741884912609,1.03826450228225,1.03878798611298,1.04223026379245,1.03561397391411,1.0355270860362,1.03453939057382,1.03901416835417,1.04143141357072,1.03628381174842,1.03846481125049,1.03151979635816,1.03160067439294,1.02966621107263,1.03258621143117,1.02835082953743,1.02979075532004,1.0255696924912,1.02600612738313,1.03291373686758,1.03379201753754,1.03383562645096,1.03358332494873,1.03239660284115,1.03305949045922,1.03155920310147,1.03084455746166,1.0309778773001,1.04388087086855,1.04163308570034,1.04157256253251,1.04033291138859,1.0471202567605,1.04717587333177,1.07222164456355,1.0851077505037,1.09061962217165,1.09036237335975,1.10016637290803,1.09251013114097,1.09251013114097,1.09057780478411,1.07725049020298,1.07615549727913,1.07127967145051,1.07532255415183,1.06980185528048,1.06980185528048,1.06405854268732,1.05926968752656,1.05845776679933,1.055575846963,1.04858526607214,1.04675783643698,1.04881961160443,1.05103626265338,1.05184855044305,1.05075155916762,1.05406786711071,1.05962898342923,1.0583877599883,1.06572073368342,1.07316606514424,1.07288393837647,1.07288393837647,1.06482850930397,1.0650465849267,1.06502483334063,1.04973918188816,1.04676578113535,1.04736383459466,1.03727463432417,1.04298612786817,1.0419017990322,1.0419017990322,1.09054757034253,1.10720216979097,1.10642789069577,1.11431664599908,1.12144396032288,1.12144396032288,1.14220551725626,1.14823246154686,1.15252201150378,1.15252201150378,1.136179663003
An2_Tr95,0.981899064437024,0.958687335842333,0.95991930150904,0.943799300637618,0.941064271884675,0.978472630155113,0.978472630155113,0.983856686810831,1.00813600125226,1.00813600125226,1.0257496324936,1.03909632201481,1.04182302454955,1.04182302454955,1.03555457184487,1.02567109023601,1.02400000963745,1.02229539339403,1.00154370734387,1.00107252050156,1.00191932314883,0.976723786088264,0.982078657801311,0.978985202986281,0.985938783063438,1.0029923173774,1.00347039551127,1.01948402357738,1.0163293111645,1.00998117249103,1.01068771309625,0.999506953798001,1.00355011853464,0.99834270739118,0.991733980006982,0.981805590269894,0.982431611555752,0.987178259608336,0.984532428186455,0.986734740689025,0.984561728297923,0.965179342377303,0.956416081254444,0.957426118980002,0.965536058629264,0.946238355261644,0.948215159075244,0.948288597974201,0.948233798658446,0.955694666176041,0.952997129612932,0.964068937062955,0.994339952447362,0.99068281791467,1.00409689842256,1.00920242923649,1.00318700381067,1.00318700381067,0.994999707695298,0.980365942909668,0.980365942909668,0.97597960090184,0.972093456341078,0.969445416940373,0.970231545607621,0.972032744376904,0.968201970498404,0.966291348727328,0.973044102536317,0.969488287606575,0.970235560570703,0.967847053967617,0.967733153244384,0.965526742487089,0.959096775845207,0.976829151754188,0.98342407051081,0.982537605690128,0.985452106723294,0.982004787054128,0.981433801516567,0.984192296971424,0.980607269834884,0.980846863853137,0.974162809671505,0.969217053824578,0.963122713594995,0.96379139805378,0.949795779273057,0.938573185377199,0.93637685037704,0.932967804669014,0.919400632397435,0.889838129048893,0.890181017521421,0.91008400424383,0.93013720154602,0.931301638052575,0.924557812288055,0.938061576024571,0.950249067189237,0.950123746893566,0.962237302108346,0.960112867396376,0.961161901476121,0.960514420557054,0.953946279052945,0.951840576639046,0.94906455644334,0.950960447099066,0.950214567278477,0.946247266693873,0.940390963306215,0.941857065124759,0.941718166065107,0.938478339455707,0.93935328765283,0.94032102449535,0.944816790271541
An2_Tr96,1.06668750222142,1.05417168982314,1.05483618845247,1.05089637128789,0.98340914945007,0.984616377777365,0.935942325466109,0.986731958463335,0.989257954877478,1.00178804008455,1.01026357876465,0.991988844214471,0.993400533586904,0.98746106768296,0.987535166245284,0.987631519214485,0.98586596865094,0.980014239063664,0.967501524672809,0.967501524672809,0.979327164426899,1.01128313402155,1.0127221507428,1.03696144434537,1.06241153643345,1.08397202209282,1.08397002613672,1.09344934920351,1.09055477785068,1.08022336276796,1.06907249705823,1.06243113140835,1.06084350255613,1.05973223079313,1.05325456871944,1.04108788499649,1.04075841057056,1.00528426590132,1.0332387111526,1.03418087470006,1.04129443150504,1.04989611912089,1.04989611912089,1.06876811496165,1.07198747131035,1.07471406687024,1.07471406687024,1.07310678417984,1.0714722759214,1.07076491361777,1.07101465525441,1.06009267257602,1.05961014959999,1.05564846130559,1.05464805638105,1.05211531397769,1.05185143163089,1.05189456002639,1.05157400256874,1.04813560633132,1.04883077811234,1.05237237559546,1.05407484231116,1.0503784925388,1.05087111027664,1.05134748781208,1.05137619584508,1.04717355268278,1.04609190335441,1.04510467789109,1.04679699065516,1.04440353842202,1.02950585974466,1.02842824366351,1.00593602015058,0.820127270373094,0.820495302588352,0.626394263888881,0.588706970814184,0.588570466619279,0.522473207881132,0.522268092074098,0.554545274779698,0.55452142391981,0.576361578208116,0.592855904339745,0.59150440882772,0.596332439950562,0.596309877640272,0.593130194224916,0.589690115001259,0.591414960580996,0.603575365069633,0.601998571756396,0.608392398104758,0.614209031180452,0.614209031180452,0.619539709335645,0.61474358598586,0.618873400000402,0.617895899972999,0.626612158865128,0.665117700817678,0.665456281242073,0.701651242706513,0.70582669259226,0.64449162890989,0.643086009277243,0.478396301982523,0.443354543080135,0.443695065285344,0.447075366898201,0.455078516291209,0.454646655701532,0.451113308845621,0.461152363249005,0.461152363249005,0.458686147736105,0.456142987709483
An2_Tr97,0.942047957860343,0.951805813794917,0.950712888145424,0.949843372515013,0.954881580479369,0.960476136407805,0.964409104595925,0.961411522903075,1.00417500628883,1.02644395857919,1.01902207793948,1.02313650277026,1.04123532077804,1.04123532077804,1.04268260075338,1.05629659825943,1.04102771465113,1.04101384961202,1.02814267288833,1.03760880892522,1.03327559163573,1.32032599769663,1.42224252766331,1.42017266153125,1.47295328462009,1.54155837300321,1.59696745025672,1.5963073419319,1.61630084111818,1.59562905256499,1.59781215546072,1.5983992260103,1.57806707225802,1.5570824542476,1.5570824542476,1.47319978595956,1.54804404857316,1.54772493160998,1.55224692271249,1.55147759855264,1.55083215412155,1.57379450796921,1.60995208692938,1.62376197227769,1.62414652605178,1.59823203077273,1.55923443229752,1.5615210593771,1.5609151415882,1.54717449327864,1.54541286166839,1.5424326078348,1.54714059917402,1.55158445655879,1.55200097345334,1.54960826798197,1.55609854895842,1.55365243398417,1.55375263651487,1.55491655330926,1.55466130513525,1.55466130513525,1.54707327571779,1.54722594183239,1.54813356021986,1.54597791654521,1.54577938306561,1.54693401541569,1.56397611013669,1.5676188565134,1.57313906036265,1.57485446576868,1.58998206301509,1.53756020377293,1.54130925721985,1.46699034440027,1.54042174762524,1.54042174762524,1.67367825740158,1.72652019288525,1.79167933679413,1.79338787754786,1.8062015348422,1.79974845880989,1.80665449397267,1.80318095008928,1.79335769773602,1.79432504756343,1.8015167728079,1.76876448287829,1.7488036839606,1.7485020072605,1.73507706938492,1.72182117083928,1.71799519363471,1.70183540336056,1.66859507285727,NaN,NaN,NaN,NaN,NaN,NaN,NaN,1.09983752993319,1.09983752993319,1.10698069036934,1.1084354478323,1.10989020529525,1.11134496275821,1.13470842266518,1.13480511653196,1.13841634155648,1.13987684683319,1.13307317236501,1.13307317236501,1.1466282720764,1.15022989640793,1.15022989640793
An2_Tr98,0.937928579395186,0.957775773645135,0.95740870295168,0.955240557237561,0.954179541793887,0.954179541793887,0.989359782176225,1.00789002854157,1.00904546242073,1.01179428947613,1.01829354074214,1.0224889869549,1.02382346625617,1.04176276483434,1.04025364910714,1.03868688581574,1.02974819153931,1.02404288465142,1.02609737066687,1.02842577625901,1.23733542391966,1.49755594987856,1.49532605629221,1.62086037343884,1.73775824885168,1.73792409529649,1.82731912520168,1.86880282397494,1.90596773720705,1.90596773720705,1.90546646462748,1.89465894529063,1.89604355773558,1.88099885738366,1.85991078534751,1.85976006887536,1.84231677309623,1.82354413243996,1.82457242548131,1.82339667434784,1.81064393573918,1.80922847260634,1.81052632407106,1.81111140598994,1.78853068264779,1.78984386029442,1.56073829125578,1.52459915795672,1.54776045882576,1.54776045882576,1.56738943554927,1.56301834440981,1.56380471073729,1.59449365919468,1.60745659348964,1.60591342402721,1.59727058303182,1.59812911157575,1.59436829375889,1.59033291507885,1.59440073792763,1.59478997149178,1.60677932418077,1.59696208544737,1.5947349167054,1.59590953225576,1.59319005018927,1.58817580546191,1.59356185876181,1.59910603252061,1.58243878210721,1.58553287792648,1.59147598786257,1.58946861048232,1.60245583976134,1.60577586870031,1.60000744022462,1.59920788006348,1.60168793661905,1.60061949606322,1.59822589689386,1.5702266618602,1.55779624387684,1.56045017474177,1.63029614471698,1.66228546161679,1.6667920389639,1.66621224633153,1.64532154488765,1.64486635821463,1.62013153935392,1.58807627615757,1.5807704709582,1.57998246189293,1.56578286887232,1.55801526800266,1.54988608339116,1.5468138717146,1.53268147177876,1.53268147177876,1.54150870872763,1.52999161586109,1.53441513396559,1.53556010058796,1.53310923603429,1.54061896212209,1.53336100975027,1.53161807154225,1.5379227609192,1.53142753723572,1.52580927494317,1.54107426546856,1.5325161080108,1.5325161080108,1.52862864053124,1.52739376586366,1.52782948416091,1.54172537862813,1.54397569323201
An2_Tr99,1.01951204257151,1.01616681445444,1.01068316837776,1.01068316837776,1.00124308497725,0.99835575534266,0.991843647197643,0.992163791472552,0.993644279182381,1.00135804008341,0.994531330444943,0.999702489520225,1.00416971570953,1.00416971570953,0.98956034173439,0.993339657920034,0.994658850255008,0.986473619887279,0.997740486781692,0.997719133789252,0.997719133789252,1.01888820735415,1.03516936605592,1.03531452420159,1.0457855739682,1.05226977954247,1.05396866617993,1.05171069931147,1.03835587013751,1.01981413001456,1.02017260158206,1.0054078546431,0.989495037245854,0.992450293862874,0.992420702521777,0.991029449312638,0.994535301286279,0.99384033269438,0.990040303329462,0.987490086867485,0.988641694697826,0.989504735844937,0.985501395634725,1.01464865840487,1.01790073464096,1.01204865332778,0.987964123983002,0.986664000438341,0.989834844155534,1.0213312315221,1.02126815141082,1.04416432589399,1.04410576268451,1.03878994701419,1.03869385259258,1.03406171807075,1.03443567350346,1.02858443019657,1.02009299187436,1.01449628573746,0.925665861251661,0.925579588230869,0.824362543943882,0.741795402063203,0.739911242309423,0.713625310545032,0.703358352917267,0.703170424468173,0.725672443953409,0.749235050509777,0.748909372429734,0.749116389149499,0.75866202389279,0.761255122778639,0.76142331559324,0.765113104567794,0.774625215286245,0.774324695673651,0.774324695673651,0.771716005369928,0.775173730643899,0.775070991443465,0.783483219015638,0.780330418231912,0.782589338541416,0.792798916619823,0.800892966693096,0.800892966693096,0.809228252863199,0.810111386744607,0.804733412206958,0.803246776340012,0.800379923196088,0.80056648489077,0.80056648489077,0.800511817263245,0.803218559433829,0.805161024864888,0.805161024864888,0.829958992605686,0.764163765233779,0.764397332896806,0.701988726870443,0.630315023713048,0.615175440472549,0.615692931545508,0.611754014799327,0.616105143449959,0.613000480897058,0.618932345424922,0.611173750156735,0.609815036345154,0.602291505837199,0.601419969874963,0.601630202065358,0.595017715388128,0.597153880077552,0.600578211725229,0.592077481238063
An2_Tr100,0.973187015144741,0.961481003719273,0.965288995259592,0.954332954740776,0.961683319302454,0.966131829001868,0.981137542783795,0.997980886787257,0.996799818014347,0.99600136700333,0.993953536015225,0.995689783520188,1.00831294322732,1.02624931745924,1.04098254032522,1.03925740501072,1.05331517148149,1.04483456951822,1.04338000168494,1.04096565139809,1.07372248589908,1.1874306954876,1.1826233857398,1.13818560182799,1.16132805518724,1.15721456638343,1.18039734189935,1.177500689148,1.17788803662359,1.16883089057697,1.13902829564749,1.10922300836841,1.10986319685375,1.09910735915051,1.07885227531068,1.07719792135816,1.08478621068704,1.09064456570184,1.07805701207254,1.0749625368148,1.05875168506268,1.06598948219874,1.06792791005342,1.05394783228547,NaN,NaN,NaN,NaN,NaN,NaN,NaN,NaN,NaN,NaN,NaN,NaN,1.5416550771635,1.61992914626032,1.70231698300305,1.70201060914589,1.7465039612052,1.77702696222005,1.77643455955631,1.76089097513927,1.50372763467921,1.45570478527288,1.45570478527288,0.723957480614501,0.728378994072013,0.729085337514112,0.641146173557389,0.629658011940282,0.629286879284748,0.641914110026133,0.595575429787499,0.57360992083326,0.57360992083326,0.628543612925866,0.660301336939585,0.659618661002733,0.691302839500145,0.756351694345759,0.756582123070235,0.777440014823007,0.798476534851852,0.852441188794168,0.853026068047928,0.853551072190093,0.904072740726311,0.904392605122483,0.931317158994823,0.948307666803157,0.948307666803157,0.942181095580972,1.00885877716087,1.01948760969986,1.01953656054716,1.03243935500999,1.03757269696075,1.03359599092871,1.06658434548829,1.08827951556216,1.09362927783142,1.09112045130765,1.09911289650065,1.12348149687574,1.12559195200654,1.14186146167694,1.1436180661417,1.12484825198785,1.12558696478594,1.10273353190078,1.10069028361471,1.1011142311382,1.09232416427215,1.08631436278443,1.08041186898755,1.08078941979404,1.08209519924587
An2_Tr101,NaN,NaN,NaN,NaN,NaN,NaN,NaN,NaN,NaN,NaN,NaN,NaN,NaN,NaN,NaN,NaN,NaN,NaN,NaN,NaN,NaN,NaN,NaN,NaN,NaN,NaN,NaN,NaN,NaN,NaN,NaN,NaN,NaN,NaN,NaN,NaN,NaN,NaN,NaN,NaN,NaN,NaN,NaN,NaN,NaN,NaN,NaN,NaN,NaN,NaN,NaN,NaN,NaN,NaN,NaN,NaN,NaN,NaN,NaN,NaN,NaN,NaN,NaN,NaN,NaN,NaN,NaN,NaN,NaN,NaN,NaN,NaN,NaN,NaN,NaN,NaN,NaN,NaN,NaN,NaN,NaN,NaN,NaN,NaN,NaN,NaN,NaN,NaN,NaN,NaN,NaN,NaN,NaN,NaN,NaN,NaN,NaN,NaN,NaN,NaN,NaN,NaN,NaN,NaN,NaN,NaN,NaN,NaN,NaN,NaN,NaN,NaN,NaN,NaN,NaN,NaN,NaN,NaN,NaN
An2_Tr102,1.01580481153381,1.00760379912081,1.00812971595756,1.00654780111884,1.00587105676937,1.01136050452019,1.00702989000122,1.00705684885378,1.00691635218315,1.0059967681617,1.00555951089683,1.00656396646677,1.00980299770929,1.00736340804516,1.00736340804516,0.985742095666615,0.967674828630457,0.965774319070482,0.961837917248764,1.02439473026887,1.02439473026887,1.02977144357406,1.04190293902396,1.04750194237113,1.04880056965373,1.06760959573139,1.07620280759606,1.07520346082271,1.08896628847285,1.08332214151363,1.07386508848872,1.07289365971154,1.05480859540009,1.03603389494719,1.03531389747446,1.02722601900462,1.02623221311969,1.01973839581507,1.01719322540678,1.02413038865968,1.02548767064037,1.02548767064037,1.02042637069836,1.01570220616523,1.01640754438913,0.997972826073179,0.951583688704698,0.94513134801753,0.855796631067376,0.908870131404567,0.939312469946728,0.938966327494524,0.948237150557468,0.969044670066606,0.969855358111328,0.994048929250773,0.994394990097387,0.993420142236147,0.992872206745795,0.989799313818792,0.98673585470215,0.984203008569044,0.987357832478599,0.985164224287544,0.984606915464844,0.978849096543593,0.984777374944213,0.99249068081076,0.99249068081076,0.985546114759653,0.983293136103571,0.983524115307227,0.980233386264405,0.985226837638123,0.985226837638123,0.992418379042249,0.993032103848908,0.997700096285154,0.997706618455389,0.994805526493201,0.999544935044612,1.00025007131013,0.995558537966722,0.995183085712106,0.993946428557872,0.975798744783368,0.966284725237597,0.985129534674507,0.984963790378424,0.990777371638264,1.0219148032167,1.02170881217364,1.02887573759834,1.03244683788568,1.03085512807991,1.03110159923938,1.030580102559,1.01987464871368,1.02049006187554,1.01790193265372,1.00741732365397,1.00441434327323,1.00456712179937,1.00531226326631,1.00139861051818,1.00261288312871,1.00498573519689,0.992007089012289,0.992000901064578,0.990700472201637,0.989528431839178,0.999438227455124,1.00113224524286,1.016748545011,1.01971815427798,1.02127765021314,1.03053823407851,1.03068560445897,1.02967397326753
An2_Tr103,NaN,NaN,NaN,NaN,NaN,NaN,NaN,NaN,NaN,NaN,NaN,NaN,NaN,NaN,NaN,NaN,NaN,NaN,NaN,NaN,NaN,NaN,NaN,NaN,NaN,NaN,NaN,NaN,NaN,NaN,NaN,NaN,NaN,NaN,NaN,NaN,NaN,NaN,NaN,NaN,NaN,NaN,NaN,NaN,NaN,NaN,NaN,NaN,NaN,NaN,NaN,NaN,NaN,NaN,NaN,NaN,NaN,NaN,NaN,NaN,NaN,NaN,NaN,NaN,NaN,NaN,NaN,NaN,NaN,NaN,NaN,NaN,NaN,NaN,NaN,NaN,NaN,NaN,NaN,NaN,NaN,NaN,NaN,NaN,NaN,NaN,NaN,NaN,NaN,NaN,NaN,NaN,NaN,NaN,NaN,NaN,NaN,NaN,NaN,NaN,NaN,NaN,NaN,NaN,NaN,NaN,NaN,NaN,NaN,NaN,NaN,NaN,NaN,NaN,NaN,NaN,NaN,NaN,NaN
An2_Tr104,0.999789537333634,0.987639251128062,0.987807074506579,0.980271268673369,0.980238944931028,0.984125162172166,0.982820447700463,0.98475069506908,0.976170252580715,0.987805771795151,0.987717215592995,1.01225222206297,1.03451276788753,1.03111800400457,1.03596653886838,1.02264292376499,1.02264292376499,1.00636349167181,0.995365506491526,1.008566772917,1.01113804817416,1.03665459439656,1.05493996860538,1.05428039208615,1.07201993850025,1.09380822495822,1.11066089361716,1.11247798012115,1.10877313180893,1.09730879481019,1.09518294052653,1.07880635178005,1.0737671875479,1.0519779809808,1.05222293375316,1.05124713471757,1.04829776581288,1.05247837934142,1.05196623512225,1.05298878048106,1.04808402186247,1.05426647537852,1.05963316877968,1.05650486427442,1.05059885587818,1.04603323540407,0.977693527323233,0.967124987794735,NaN,NaN,NaN,NaN,NaN,NaN,NaN,NaN,NaN,NaN,NaN,1.29401370168594,1.29359509595215,1.2842058441279,1.24045617552456,1.30514201496737,1.30569364730691,1.32807691980385,NaN,NaN,NaN,NaN,NaN,NaN,NaN,NaN,NaN,NaN,NaN,NaN,NaN,NaN,NaN,NaN,NaN,NaN,NaN,NaN,0.689156016277046,0.689156016277046,0.663028338873746,0.677320909446982,0.730514534925071,0.730514534925071,0.747490610477457,0.758929952240548,0.75854366565694,0.751725013483398,0.752983608051495,0.751641382098206,0.744541166927888,0.75079171823568,0.75372568403032,0.748092600490796,0.75456206205352,0.758351268776942,0.757766729423475,0.762643581700767,0.803243106535233,0.875930980684785,0.875930980684785,0.959114561773554,1.03393692466648,1.03393692466648,1.06831492280523,1.13889885064103,1.14168577595115,1.21128887358595,1.23806541963429,1.23882765964834,1.23821365733787
An2_Tr105,0.937618443803829,0.937618443803829,0.953234915965951,1.00315089183611,1.00315089183611,1.02861597022179,1.03885079670366,1.03895543913297,1.03357558795349,1.02268051846807,1.02253703520824,1.00793008511612,1.00173831977995,0.999628297699328,0.999566687084113,0.995128752557832,0.994907653428932,0.993837464061337,0.987273805338333,0.979545483660138,0.999541240652089,0.999317113841589,1.03390912640437,1.06181034828346,1.0623516369238,1.10758635853766,1.12791667219506,1.12791667219506,1.13214542496497,1.11942307714008,0.996698527162562,0.997243327166211,1.02904226003839,1.01767625950129,1.01767625950129,1.00306154360132,1.01441141569963,1.02627148959461,1.0240699547189,1.03233922610167,1.03114615809871,1.03209465066694,1.01807748122035,1.01353543077507,1.01271704633479,0.999688333115537,0.961609803322672,0.961371385050877,0.966150334193094,0.973609486724484,0.981397072141675,0.981199896754022,0.980636443794531,0.977498652286947,0.977498652286947,0.975803121062881,0.974414763656528,0.974630793101358,0.974630793101358,0.972741354365782,0.966868035747844,0.966734718825875,0.967589189944425,0.969543516978135,0.966967956209111,0.966659314812523,0.967454300639892,0.96579443899833,0.964859658472461,0.967102662832266,0.971059568582088,0.970420711536258,0.966901775116781,0.971557321542318,1.00660027917462,1.00691587502713,1.01900914562831,1.03387637674713,1.03413607755648,1.03702484112773,1.03916743166102,1.03900899561229,1.02753250451581,1.02452626335607,1.01638714551645,1.01537412929758,1.00901677589553,1.00623434519136,1.00581160452469,1.00214133287182,1.00652477891491,1.00516699099335,1.00759398234076,1.00724415199531,1.00995467052109,1.00995467052109,1.0135656524798,1.00890617449692,1.00782783695484,1.01510616381781,1.02208995895635,1.01730590751857,1.01448215691587,1.0073168754116,1.00714783001603,1.00776545704655,1.01098330742184,1.0226127545166,1.02275830661169,1.02351691849796,1.02551742434306,1.02468179317086,1.02195505244706,1.02399442151725,1.02058462650578,1.01876684687007,1.03039081933438,1.03166476679007,1.02903360120753
An2_Tr106,1.46444276859938,1.44031323252572,1.43524263798758,1.28116861448011,1.30136446464156,1.2979802695762,1.12798267715642,0.96728382705181,0.744060053008446,0.735902092078156,0.691150266465889,0.67160046008401,0.67160046008401,0.698576768611199,0.783998787415598,0.784970441571493,0.900336568560418,1.00195972568713,1.00006588441489,1.02015592750226,1.0581819158898,1.15827100411267,1.15827100411267,1.21979691968564,1.2557602810647,1.2507522198537,1.29471364461628,1.32096526385995,1.33245412075972,1.32906703219716,1.32605628809314,1.30780455198163,1.30795471479632,1.30018618616825,1.29588680210476,1.29150254964408,1.29115332027696,1.28977718984017,1.2921571735067,1.28973567155529,1.29598394802596,1.29483929043251,1.29772226283965,1.28176556525719,1.28178478756843,1.27480870153057,1.27623493666446,1.27914871148548,1.28159672059192,1.28195545770523,1.28844738966451,1.28599796810937,1.28428045399164,1.28556308069187,1.28683670282864,1.2828052709197,1.2828052709197,1.27979459077387,1.20870892660768,1.20870892660768,1.11525254873354,0.933766113112993,0.931806980474797,0.940254438679747,0.975754250600152,1.00445541195359,1.0047269590113,1.03875326038286,1.03305618348247,1.03126516979245,1.03573565303732,1.03932014140254,1.0368446348063,1.0368446348063,1.03521301581386,1.03195297018728,1.03171260701852,1.03883193138102,1.0442343185677,1.03570839571795,1.03598262013699,1.0333603113039,1.06307311154379,1.06307311154379,1.07946952417448,1.07775556762914,1.07648823773797,1.07184587123953,1.06717090698501,1.06772107560962,1.09464154780441,1.18290234779107,1.22413291222693,1.22400194220924,1.27018460811608,1.31871166656602,1.31842386537893,1.33954039970024,1.33852199850048,1.33861195516535,1.33879682192453,1.32744637319066,1.32009008503938,1.31911633401598,1.30268516931179,1.30118158610305,1.2985764278448,1.29494012395659,1.30284977817121,1.30268201521483,1.30264493157638,1.29862946767037,1.29410002015002,1.29374546357061,1.29529988508508,1.2930360609383,1.2971126245897,1.29710314906456,1.29079898688627
An2_Tr107,0.983809788652653,0.984619163314871,0.980909371683205,0.981945473693846,0.986809518367516,0.986809518367516,0.977976196709378,0.981428022547922,0.982667510590523,0.981409477345173,0.989953431328393,0.989413032252938,0.996303075296278,1.00604450753294,1.02784628524064,1.03007022711297,1.04453132782882,1.04360257423692,1.04385149789749,1.03774726499082,1.06434637433156,1.06723043259245,1.12044394998653,1.14247331877774,1.17476527984408,1.17358538674318,1.20405503875163,1.21962782679491,1.22037495774067,1.22630301629595,1.21656473451029,1.21119316956261,1.21320507921975,1.199835007869,1.20583916891393,1.20152542287503,1.19409312820731,1.18813493155006,1.18813493155006,1.18849312344899,1.18314833847842,1.1684198381392,1.17075374834363,1.15040993558808,1.15321945380252,1.15499456378929,1.14485119013894,1.14485020112273,1.1447891162515,1.14839861053383,1.14641118373339,1.14791746746929,1.14633867251229,1.14899459902081,1.15227906373355,1.15227906373355,1.15809824224761,1.16001368417713,1.13959749451677,1.14018183992691,1.16239029860893,1.17320704034106,1.17289633545197,1.19546092246006,1.23581489069996,1.23530031646415,1.24653346419874,1.24928298662702,1.24155330958371,1.241517927064,1.23632467436726,1.23358786816229,1.23313035901955,1.23193684722116,1.22241570992297,1.21804866803167,1.21639627697282,1.21752984313776,1.21491360696544,1.21232202648217,1.20624271068017,1.21012713911294,1.21000625237606,1.18433032470295,1.20263202215244,1.20389071515992,1.22971958738968,1.2221253620072,1.22511420617748,1.22201529295064,1.21959940295477,1.21476497340962,1.21476497340962,1.21104654302405,1.20541122859066,1.19683244824175,1.19683244824175,1.08051345394168,0.834993200259668,0.833881972686229,0.697938018845481,0.663147206126069,0.638255255630602,0.638788369546177,0.674619830942216,0.703125045757466,0.702668482632659,0.692973753654567,0.672299666995054,0.676213710905156,0.68290690205062,0.676135325957806,0.674398518578795,0.674816716603798,0.667670601353845,0.705896442454908,0.706538156201207,0.763657598038918,0.841083326173264
An2_Tr108,1.00762169185465,0.998947506754021,0.995437258139641,0.990383807247239,0.988821471304039,0.993410101371385,0.985616142458293,0.991098124317206,0.993212082035236,0.996095326396876,0.990882508287442,0.992392093591993,0.989126614338706,0.998653101453335,1.01302182878339,1.01142177345244,1.01949264965677,1.02219849268542,1.02216742587192,1.02195833349472,1.02595916496509,1.03392306714548,1.03458568992355,1.04636554955423,1.07518362991153,1.07033544690822,1.06972605731479,1.0690908851873,1.05274028337967,1.0528578498252,1.04307947773551,1.03537681677302,1.033159684134,1.02585186331766,1.03412727507579,1.03548705310249,1.03725540859449,1.00535164463813,1.0152504881393,1.01467032109201,1.02135163763045,1.01848514284566,1.01908859484786,1.01440507994509,1.01629697524122,1.01682156326215,1.02115754170033,1.02073675109053,1.01555275609473,1.01618399503258,1.01998605563709,1.02120119188035,1.02211986054665,1.0190916526661,1.01622286474955,1.01934545711752,1.01934545711752,1.01873485594889,1.01129828993165,1.01041195546353,1.01502438665202,1.02153475456942,1.05155195913309,1.04777523054838,1.06547501960213,1.09780451008236,1.10462586599967,1.16548024782836,1.19881225397621,1.20183066953488,1.21213969421373,1.2120762980199,1.21160075215601,1.20642261558505,1.20117782813351,1.19716880008328,1.18900844415023,1.18851042293675,1.18985795405175,1.18308420954937,1.1777711547315,1.17536562175468,1.17235526407496,1.17070024449817,1.17075372492997,1.17347868422775,1.17279384659301,1.19551288395594,1.21671406197804,1.21669676137966,1.23314901717807,1.2268020245851,1.21174497998204,1.21261870627491,1.19218862222858,1.19279778852784,1.19283716103326,1.1959393258155,1.1727450285083,1.26636385773676,1.26782068562333,1.33853641743545,1.38469990343885,1.39138648117744,1.4319486219111,1.46512040343917,1.4663284622133,1.48827580263363,1.48264638135793,1.46235087189606,1.46191318422686,1.46099462197902,1.44162749725425,1.44069148962489,1.43412679748586,1.42520807597421,1.42372764920511,1.43087594771432,1.43148847579256
An2_Tr109,1.15577299276841,1.1461824192729,1.14674290468368,1.133055865835,1.12792070841393,1.0804141522667,1.03290759611946,0.985401039972228,0.937894483824994,0.937894483824994,0.96251328040347,0.981714164869313,0.977177714520561,0.972541441980958,0.972540642042093,0.961373641663654,0.95740352643258,0.95057816811852,0.942997557870458,0.942997557870458,0.976055548825735,0.939643802093283,0.921302660653204,0.920793027849921,0.940409687388376,0.968003777790733,0.971768299073281,0.968147038437563,0.966515905233577,0.948779900120446,0.946847163814564,0.938345795796206,0.932337418073951,0.932401061187872,0.924112107726032,0.919991223671661,0.918101639800739,0.910417068519559,0.922653802877124,0.919708833619678,0.919091537829538,0.921261734433079,0.931334432398292,0.929585320348444,0.921512035391835,0.918438490428041,0.918012291050328,0.920360346444486,0.919966598603311,0.922181809850616,0.920503562476417,0.928653455582497,0.925990259035049,0.925856115170617,0.929197814271519,0.926708284619153,0.92227126547827,0.925848949158179,0.923501982600404,0.925178868757291,0.9235019029059,0.920635396203722,0.934338511863145,0.932461946745002,0.932556445313861,0.947104539777091,0.965270969983476,0.963684553110395,0.964942299073865,0.963504972517695,0.962377931172189,0.953011912211348,0.947864295279979,0.944568353731542,0.94016923652119,0.950924786950626,0.950825450445833,0.964896709782957,0.973597645574228,0.988222343748328,0.990022083293177,0.998012118497711,0.998404612213602,0.997587601065368,0.998445600824187,1.00009609270475,0.990316724537112,0.991518908420125,0.984730451094056,0.989144796780512,0.983229888136757,0.980240870474979,0.98261163664912,0.980179246925637,0.980179246925637,0.943256003295462,0.902715860721084,0.891164401905519,0.921393444300714,0.949648052475212,0.948766419792692,0.951059377162617,0.945206856988542,0.936748751281507,0.93642024414258,0.935213284472627,0.927650357233816,0.927419336322109,0.935017484842159,0.94825933670088,0.950793945009657,0.945579805810802,0.954460569887181,0.945765359607329,0.945765359607329,0.953020979658358,0.966134452080587,0.966591925392902,0.964738344480371
An2_Tr110,1.01282374575548,1.00217561113933,0.99976111199347,1.00427847052713,0.999566255224596,0.999566255224596,1.00353415195975,0.995547102262768,0.993447515435903,0.993447515435903,0.991649880050682,0.992886983833735,0.992577404589874,0.991384801289432,0.989187341502502,1.00457243579691,1.0043960386226,1.01516222211093,1.0140351572444,1.01308719133284,1.01280398886013,1.06680611058855,1.06486635710292,1.0755299263355,1.11377354447195,1.15982090639489,1.15982090639489,1.1807419920042,1.19129557006537,1.18802037819329,1.19488020666084,1.20058774604288,1.1856088627738,1.1856088627738,1.15931059388556,1.15260728082972,1.15310403974519,1.13941990780085,1.14073163705458,1.13480722258814,1.13729649214248,1.13766355358878,1.14345987756762,1.1432746294636,1.1372990612452,1.13582891676188,1.13582891676188,1.13812568484337,1.13428184932858,1.13400417924063,1.1305850194899,1.13586939286118,1.14248702164579,1.14248702164579,1.15182281568106,1.15594669840817,1.15574291429128,1.12019584175884,0.983759446766657,0.988377435770211,0.989337720763713,0.998236625844545,1.05583345516919,1.05558521479356,1.14619091239018,1.17985121935469,1.18004676825188,1.20464934241184,1.2260019106185,1.24501771640644,1.24582521174394,1.2510822636842,1.25218855799894,1.25284382142632,1.23813519514326,1.22253600667234,1.22214591482477,1.21496303258903,1.20606349714005,1.21075441852372,1.21254777298746,1.21266101942923,1.21264943789884,1.21000553764039,1.20544263621485,1.20199481348597,1.20281860074312,1.211130468417,1.14351738396345,1.03016232644237,1.02988689785029,0.896103534266705,0.898420435761537,0.898657517322023,0.950507505640459,1.00294617188526,1.00400977910845,1.00317414863957,0.992517232886378,0.982759466362169,0.98288337367653,0.975731305802252,0.97507341993833,0.973782318743584,0.969891229453518,0.968404692231758,0.972487842757141,0.97049687915403,0.966905488052785,0.976779147037949,0.971650730681625,0.975484483184707,0.976328669582536,0.976328669582536,0.97564021759901,0.977517975387955,0.974813634947368,0.974813634947368,0.994685565934375
An2_Tr111,1.10413972862486,1.02101154083457,1.02048440498694,0.923130525159566,0.902471187331451,0.898867120476554,0.949159511110691,1.01212698994344,1.01212698994344,1.02645583930593,1.02436368457451,1.01820312585696,1.0177739226852,1.01497021980976,1.01402012892637,1.01415803143479,1.00796491948683,1.00847137001174,1.01010075949641,1.01010075949641,1.01465172205592,1.02055665752027,1.01724202515685,0.958597052024182,0.98874194652481,1.03598690412116,1.0353861264055,1.04965493147714,1.04897780455158,1.0501750346074,1.04607634122355,1.0261765982861,1.02647771450366,1.01789448779706,1.01081131221025,1.00569652565642,1.00544814068942,1.00669556266916,1.01968224920898,1.01930309000339,1.01601584494488,1.01897148278163,1.00785643276588,1.00913262926165,1.00419974061774,1.00310628007263,1.00310628007263,1.00634658631698,1.01448332283038,1.01446223724223,1.01013598965248,1.03611356334433,1.03739749377604,1.04408152429915,1.05145498322056,1.04907713721361,1.05041562391557,1.0470773908605,1.04808689640412,1.04874533710649,1.04192677876085,1.04383344955577,1.0432199744209,1.04321188448168,1.03932842841185,1.04342402877982,1.04356050969681,1.01884817988644,0.950786624024456,0.949456058202488,0.883858547606658,0.926341203148918,0.957754927365319,0.95669898024303,0.958415770448886,0.947436999976417,0.947436999976417,0.947538852641803,0.944431395586943,0.944431395586943,0.94037551229182,0.941350094227669,0.940024116969321,0.93895474067491,0.944359808730952,0.990968328443225,0.990882490196056,0.995556288939104,0.999693621404801,0.998172525445409,0.996735554812379,0.998164995724287,0.997174259196229,0.995999827108224,1.0038111171756,1.00325269480813,1.00167814241487,0.995317457205038,0.999648798485373,1.00391903520276,1.00391903520276,1.00398951044792,1.01234960147584,1.01456797822818,1.0079943722616,1.00746539854742,1.02099194094301,1.01837132796404,1.03336544034096,1.03811002480193,1.03820998681976,1.04356268134899,1.03954831594724,1.03918920832247,1.04266702692549,1.04793824547575,1.05010503489474,1.06086909818972,1.08625982277847
An2_Tr112,0.960871668851292,0.973798983726612,0.982147739222255,0.981753287875657,0.988288438583887,0.983691889558655,0.976295775917904,0.975888807988736,0.97339473471458,0.973810245377885,0.973810245377885,0.972957758098774,0.985570161417984,0.985911865239307,1.04696422016924,1.0651360544881,1.0651360544881,1.06938648713788,1.06518558176527,1.07118255999623,1.06955824813548,1.07121001347404,1.07759519925056,1.07714659131391,1.07270327824482,1.09802332446191,1.09802332446191,1.1176913180783,1.11879686049335,1.11550886172738,1.11573951628446,1.10173948593404,1.09239878735225,1.09232585729538,1.09003376739389,1.08739781361975,1.07098539186163,1.07210902758676,1.07617501393758,1.06305020060424,1.06525202698986,1.05910457694441,1.04549046448569,1.04198356792218,1.04623770570705,1.04448029492536,1.009107268647,1.00780816182846,1.01392898681938,1.008540841295,1.00938834235195,1.01642910928346,1.01799885780908,1.0173640945009,1.00586287995456,1.07157396874115,1.12668892149671,1.12332659831275,1.16344073697328,1.20883090414832,1.20883090414832,1.23154762626859,1.24306723997423,1.27748985543332,1.27748985543332,1.29064335639883,1.23388556248284,1.23350220172493,1.17086458905904,1.16175556099751,1.16023067907363,1.22700391383672,1.19797427868502,1.21262598312472,1.21068905359093,1.23531477669929,1.25699015200047,1.2567550016102,1.25930402314874,1.25797272757903,1.25303595505001,1.23750377932786,1.22779133685284,1.22545916685773,1.22642914071,1.22104131231415,1.22566972542577,1.22558908585337,1.08318281206048,0.971508936739915,0.97196900737067,1.00374164532349,0.932105433588258,0.912474146477111,0.913257929467167,0.949429800291765,0.985152466966195,0.985152496024324,0.997076204623274,0.996490928502406,0.993665593235943,0.992867281339629,0.999046842702089,1.00125622490299,1.0011551841896,0.999741631858364,0.995521508420073,0.995709815521468,0.99625133647364,0.997655756255449,0.991315873735504,0.991448274581838,0.995886164717139,0.995727292655649,0.989576735861128,0.987487266786539,0.94449304968897,0.83988299704064,0.816254880036438
An2_Tr113,0.981612630552712,0.985391377590369,0.981954951271968,0.980761032383084,0.985993162039167,0.9862537762138,0.988881360783923,0.986332953345769,0.982916201041155,0.982916201041155,0.991489450340874,1.00109758914849,1.00109761951951,1.00249672666623,1.00466620233442,1.00427230540203,1.02999119197809,1.07132558896599,1.05054967938125,1.05168914650705,0.98844992634362,1.00684254602275,1.00631731675325,1.02401700816253,1.02977732614186,1.02903885277376,1.0372694312235,1.04781879715503,1.05348790245021,1.05412027102083,1.04053287734954,1.02466011085168,1.02040112082173,1.01362220823466,0.991921780288883,0.943642267731922,0.940416039680026,0.925926913580283,0.931869630780592,0.929423049123709,0.940033242387018,0.945115951514685,0.945115951514685,0.943581865961446,0.937609331972902,0.931040513595938,0.931040513595938,0.923577817958363,0.927050442583957,0.927050442583957,0.951587820634447,0.959184842864108,0.959477365471198,0.955954794782373,0.95447004153227,0.949528050711272,0.950816045245574,0.957822539290933,0.956263990622243,0.952452875028283,0.948135802291238,0.953097695266597,0.953445174439215,0.950612518165926,0.954274250879291,0.95824246817217,0.95342329820296,0.959782627991354,0.958861231128521,0.960197963926482,0.958072886958666,0.955876594445798,0.957532546411936,0.957532546411936,0.955023653706455,0.958102267900671,0.958102267900671,0.964735427201264,0.970787526654874,0.980416777146565,0.980416777146565,1.01334822632989,1.02491940819218,1.02277489776308,1.05260141187503,1.07033794302515,1.07038640356942,1.10115702798124,1.11481264190314,1.11468720496417,1.11461589222176,1.10742803517599,1.10240062153017,1.09978118445424,1.09430835374727,1.08591879317421,1.08629072037953,1.08506734516253,1.08245229114775,1.06934618739572,1.0697134785903,1.06755586109051,1.07250162327391,1.07716463932596,1.0751724871977,1.07654651743576,1.07654651743576,1.08049539907033,1.09442446092367,1.09686953448818,1.09642451645238,1.11073439690091,1.13108471665898,1.13315733601242,1.13141992740448,1.1302052219762,1.1217894460948,1.11979196275456,1.11503143647721
An2_Tr114,1.02507550391501,1.01018433608925,1.01085901964357,1.00648493147504,1.00713123827182,1.00396140115713,1.00236321430588,0.997337376475134,1.00636574072323,0.999927264346042,0.999088285528218,0.986479633355431,0.988895459513597,0.99505189110442,0.994655953207147,0.995334561710874,0.990424666959624,0.99111173707869,0.989267785139904,0.978463956925824,0.979617669551891,0.974422286549795,0.982825650112162,1.00211690572683,1.00167757338998,1.01814529518165,1.03644487260153,1.03644487260153,1.04029672446196,1.03438026298885,1.03450861014674,1.02495138699592,1.0133030073375,1.00266812640334,1.00209728289183,0.994160949418743,0.995309600631718,0.996131157563776,0.99372502529313,0.986074563407746,0.975989371642365,0.974193040388283,0.975351825377422,0.977408378203914,0.978767480994241,0.942804922602661,0.924158732885747,0.921665388883044,0.921665388883044,0.929345367827782,0.931339529061915,0.931339529061915,0.933922088201577,0.896757882475607,0.895841209735846,0.776237105584038,0.738927970480977,0.7377368428875,0.775468708162354,0.825789482679122,0.863681702320339,0.863681702320339,0.884114744732368,0.911399987127013,0.911417643005133,0.919689097246345,0.930810747518678,0.922091102152785,0.921469296722377,0.919309340211332,0.914762295155195,0.917697861616211,0.914566270650467,0.915976718896211,0.915692189762257,0.916830376550572,0.920931113951171,0.918975297976572,0.919506542889742,0.918986857719788,0.919424036601232,0.920416027980961,0.92758263210161,0.930218218921576,0.936785591530904,0.937701241042696,0.900877705543947,0.821690263811427,0.820994224933385,0.789132308087938,0.823165597791397,0.824431389960908,0.901567877263772,1.00133563252469,1.00133673494849,1.0573084642044,1.06439268440067,1.09139339281488,1.08996785451377,1.11586246195737,1.13018090915876,1.13014472911606,1.13382449303658,1.12507126073529,1.12537916900384,1.12537929762894,1.11653318850712,1.10603749682916,1.10639493914856,1.10254014493811,1.08676941100605,1.01234659538894,1.01205301886987,0.855697586109681,0.789181361031622,0.788763955505822,0.769354500825709,0.77830454559191,0.777732133243065
An2_Tr115,0.993119624376797,0.99157700186523,0.991394171758623,0.991884919788447,0.992613968951971,0.994031571562408,0.990454534181639,0.990625879507996,0.989952894855573,1.00591173790018,1.01317147919073,1.01192812588045,1.01353394237329,1.00194273336957,1.00541315265579,1.00541315265579,1.00317344595038,1.00664830912848,1.00720935404667,1.00508201687095,1.01751367251039,1.04734023769144,1.04462800578427,1.05140187236456,1.05797754569402,1.05661660193379,1.08683417840862,1.11077945279852,1.11077945279852,1.11614687412931,1.10546440510059,1.1056504590157,1.08429074378444,1.08371411787753,1.07935119821207,1.07944261214292,1.07636284294166,1.06671152402731,1.06699977696538,1.06381807160899,1.05628521232261,1.04974686184862,1.04908517556724,1.0440660081302,1.02723097924772,1.02583673469729,1.02799536141166,1.04358760190948,1.04627691951399,1.04327509359044,1.04837095698155,1.05092454420163,1.0513732243632,1.05904736020888,1.06166998682539,1.06109294451737,1.06272159741604,1.06366776448231,1.0604966140154,1.06238855904704,1.06470863583999,1.04912785327344,1.0486439450873,1.05078142519172,1.05930863394871,1.05930863394871,1.10291119936218,1.11488199993157,1.11488199993157,1.12475835757031,1.11568755318441,1.10972027104055,1.10686863145261,1.10411738794601,1.0932272077221,1.0932272077221,1.09747432816185,1.0958932561344,1.09081080011751,1.08874845992673,1.0849538569901,1.07853609404733,1.07989777783635,1.08378305656003,1.08984328597861,1.09237412027129,1.09188754558241,1.09272274847064,1.08769286926232,1.08367320387498,1.08399282807205,1.07790370130638,1.07790370130638,1.07682025599633,1.09940032549117,1.11931179835949,1.11690490759197,1.12316657981384,1.1458710003141,1.14705958149738,1.17028866413783,1.18235639241255,1.18235639241255,1.23210347851359,1.2631437144834,1.28071251710358,1.28057320491032,1.26969262264467,1.25797727419406,1.25772672446397,1.24736106752223,1.24217336392287,1.24231244856758,1.23805578045353,1.24072475137216,1.23081612868136,1.23434303751785,1.22868927009378,1.22724461485134
An2_Tr116,1.00149280031303,0.999209761276108,1.00111202070639,1.00051488404777,0.997050717539237,1.00108157117873,1.00079701561841,0.997443664201912,0.997998088762336,0.997827226048131,0.995474928975419,1.00760930746504,1.0154650004027,1.01401777121729,1.01961494464539,1.00136904577057,1.00091104202829,0.975595083238867,0.975415126564374,0.996165613919676,0.99406311780114,1.01553551886651,1.03041088369169,1.03041021438673,1.04875922257338,1.05977182549797,1.05977182549797,1.06573425609041,1.05794239079411,1.05561190313697,1.04233525327501,1.03284398773592,1.02609667952487,1.02609667952487,1.01254344842688,1.01067393119999,1.00997601681637,1.00897027827994,1.0088369375343,1.01169265454919,1.01281447813353,1.01512509363386,1.01383685398987,1.01433422914655,1.0091224136025,1.00325971099016,0.949603221809493,0.948787434413445,0.954684046885212,0.962850484142812,0.962344312957725,0.976936264391037,0.973102153140443,0.973102153140443,0.973158388602697,0.969103004325861,0.974001804630538,0.973397110915565,0.981461678724491,0.981329092667352,0.98074868349171,0.977088402566269,0.97715267525277,0.979084495915612,0.983412460636027,0.983868799298337,0.981081750577947,0.980322474151105,0.98246248704005,0.983084323170109,0.977334246623565,0.967500395153395,0.934065971184798,0.938212587915761,0.901059962104464,0.934848301929294,0.951657905257,0.951681482276242,0.96749430224966,0.98558902996111,0.985500240400686,0.982275084544884,0.985964520529589,0.979793107817581,0.979772562853691,0.977472048830096,0.970704690061533,0.970155945446181,0.966997662310404,0.966072063596383,0.961408745517536,0.952277157161618,0.957381557033659,0.956570085547049,0.953900713566894,0.951879860615932,0.957824972752252,0.955901086113506,0.953013016668422,0.949991557129655,0.949991557129655,0.959330965732329,0.955220305772361,0.957508785215287,0.957508785215287,0.962185890954601,0.953268092101634,0.954013916520073,0.970848073310228,0.985620576839669,0.987847597397999,0.98971438552929,0.998205395791162,1.00576639882644,1.0056202588328,1.0094129373997,1.00750243829733,1.00978986911337,1.003175736283
An2_Tr117,0.959613172321783,0.962120438063181,0.96292343568997,0.966030717636462,0.976952647488036,0.972548132464951,0.982719426420322,0.984196183852446,1.01445533112657,1.0149010738845,1.01549242163411,1.01596361384466,1.02817076327671,1.03168707785817,1.03187158514544,1.03131537531659,1.01797998159068,1.01760720574603,1.01345141663938,1.00450260023267,0.984552781982998,0.98309271990874,0.965257026825315,0.971683045888331,0.971451772314206,0.994850991892501,1.01843139622032,1.01862280891788,1.01870033048937,1.01150401799642,1.00841298318767,1.00224375002581,0.99324520338978,0.987672660775544,0.987672660775544,0.986306170789105,0.981525841570413,0.981111687371569,0.953101874162127,0.902536778301192,0.871532180671549,0.871532180671549,0.870828251141248,0.881354606481997,0.881354606481997,0.873285042851807,0.863821173915687,0.863392797623523,0.857170627387058,0.858850846156696,0.919303413101271,0.919455234235395,0.942378018300283,0.969981225912655,0.970132250468057,0.990599340134387,1.00690078032425,1.0248100738762,1.02325807969903,1.01835878475331,1.01232533600685,1.01232533600685,1.00879701638153,1.00213583575364,1.00122007921413,1.00127016413415,0.997137417515229,0.995078837721331,0.993174935314371,0.988288224328816,0.986011995580052,0.986011995580052,0.995912103549489,0.985249530724111,0.984580302941398,0.988454160546232,0.987181540478953,0.985244391859175,0.985772386116985,0.991232643595885,0.984668681692055,0.984831456103544,0.986417239178396,0.991032280555862,1.00158754158822,1.00135366693699,1.01265975694715,1.00499059741023,1.00630420311362,1.00169668195018,1.00005651723702,0.999821686038636,0.999327629045123,1.0015941690163,0.996373333696942,0.997381011033803,0.992728417210386,0.989835136965553,0.989680850166981,0.987479050188844,0.985546175251247,0.984667712378205,0.984201577514767,0.989031766591115,0.987983832100403,0.987243694537741,0.986747665115139,0.994130569219192,0.991587535681354,1.02543102030752,1.02454245035438,1.02355873998115,1.02612369644748,1.02262311706514,1.02427249891069,1.02459171148038,1.02477671491397,1.02955145440903,1.0291213683252
An2_Tr118,1.00741459043891,1.00598610036205,1.0022714527261,0.999503463801512,0.997335177611314,0.989407043296687,1.00364807871421,1.00077645168708,1.00727549114105,1.0070313375688,1.0070313375688,1.00677514193119,1.00021430487363,0.996826443506318,0.995192992993491,0.992365034902536,0.995105916259185,0.993164402444423,0.992675238172705,1.0092845307793,1.00899796999927,1.01507757098946,1.03127467847141,1.03667675529665,1.03669915743164,1.05497774087552,1.06497875314939,1.06296682676904,1.06223306527254,1.05189954923737,1.03747310196526,1.03942740930409,1.02711025913343,1.02409282353851,1.02409282353851,1.02145222465399,1.00876303745993,1.00928056631603,1.01001419350432,1.01356619737484,1.01468381855837,1.01508698432325,1.01129924642509,1.0001287276383,1.0001287276383,0.985174566815817,0.954217226869832,0.956537625447807,0.950854035339235,0.947522966281635,0.972919460043873,0.969245570938067,0.980757372161306,1.00107419505348,1.00107293569687,1.03409313793371,1.06553343851797,1.05731123625367,1.05124488109947,NaN,NaN,NaN,NaN,NaN,NaN,1.07944218160101,1.02730051078084,1.0455201495937,1.0455201495937,1.06657944007313,1.06737137484541,1.0682815325302,1.10359398775758,1.10219053108545,1.09684810993244,1.10979682610853,1.11733515152101,1.1065339596752,1.10431879516069,1.11981576703477,1.1338028669666,1.13427985032006,1.12873931542921,1.11268131149827,1.11231380932208,1.06999203580685,1.04405558516289,0.977510733022235,0.978309813787412,0.967954015532454,0.989514676666902,0.989896126005393,1.01744975820708,1.03464791998908,1.04093103725301,1.04060799557687,1.0454216956986,1.04250393526821,1.0416245401212,1.04533418954327,1.03704867867313,1.03568639192039,1.03568639192039,1.02887644926943,1.02840169017523,1.02965850539979,1.02924035768661,1.01903467630902,1.020174630884,1.01932106710422,1.02273942856638,1.01788811441957,1.02322169790217,1.01741288235521,1.01766429349264,1.01762942064578,1.02233189967407,1.02095908683833,1.02054744706519
An2_Tr119,0.972516169727513,0.97380246738885,0.974766746776625,0.972065880297935,0.983311653319404,0.994729276310367,0.993547714322489,0.99872744031755,1.00548078690502,1.00489944286207,1.01647038459446,1.01919584048668,1.0198149710984,1.01212904927445,1.01029823719178,1.01016089479509,1.00809700876309,1.01259386628464,1.01739216928359,1.01726046411485,1.02028106891391,0.99290708473791,0.99290708473791,0.974490549944814,0.96985748072966,0.981757563025447,0.981131157554997,0.991149710736743,0.973848957407676,0.974494754989346,0.976203829028189,0.972989066698487,0.962643044031083,0.96264366455467,0.934448700713084,0.888693241585277,0.884188938182425,0.901658568796001,0.915813898399504,0.915670148331968,0.930245059526281,0.936423040726921,0.93493519365839,0.935094481506665,0.938092299873865,0.944151686685178,0.94423456438613,0.939080442374623,0.934773902853417,0.934538644663123,0.934098740747904,0.934673099755706,0.934843791697911,0.940744439774763,0.937682558295104,0.934530014678538,0.934530014678538,0.931698449645411,0.930137438829497,0.930913892429008,0.932448107340603,0.932831061631889,0.93214832891751,0.931944226462664,0.929575214500771,NaN,NaN,NaN,NaN,NaN,NaN,0.892527834584583,0.906282241213988,0.90528329914262,0.913872878685529,0.927634106549966,0.948039162775352,0.947251298159519,0.948063516703245,0.967872949276769,0.96751512168421,0.986035719984789,0.998914908683793,0.999206490453775,0.998810776292374,0.989198617337329,0.989306444370097,0.987069995957399,0.987635019955002,0.98487270068109,0.983401872600798,0.980584888913604,0.977555685909997,0.976629719208623,0.967384379353096,0.969831079411426,0.966122705310274,0.964641222936004,0.927551665855972,0.878971487495842,0.868135686541121,0.849709818211883,0.781773664012835,0.781773664012835,0.747307543507894,0.765095350776656,0.772059077010703,0.772085855553594,0.791967207645995,0.797606986307756,0.79767644912729,0.796609119968468,0.793426662110068,0.798793232851917,0.793421178568694,0.808225976492365,0.809166266664271,0.80845994262554,0.808424892575474
An2_Tr120,NaN,NaN,NaN,NaN,NaN,NaN,NaN,NaN,NaN,NaN,NaN,NaN,NaN,NaN,NaN,NaN,NaN,NaN,NaN,NaN,NaN,NaN,NaN,NaN,NaN,NaN,NaN,NaN,NaN,NaN,NaN,NaN,NaN,NaN,NaN,NaN,NaN,NaN,NaN,NaN,NaN,NaN,NaN,NaN,NaN,NaN,NaN,NaN,NaN,NaN,NaN,NaN,NaN,NaN,NaN,NaN,NaN,NaN,NaN,NaN,NaN,NaN,NaN,NaN,NaN,NaN,NaN,NaN,NaN,NaN,NaN,NaN,NaN,NaN,NaN,NaN,NaN,NaN,NaN,NaN,NaN,NaN,NaN,NaN,NaN,NaN,NaN,NaN,NaN,NaN,NaN,NaN,NaN,NaN,NaN,NaN,NaN,NaN,NaN,NaN,NaN,NaN,NaN,NaN,NaN,NaN,NaN,NaN,NaN,NaN,NaN,NaN,NaN,NaN,NaN,NaN,NaN,NaN,NaN
An3_Tr81,1.00818629044479,1.00622147659247,0.99787140951584,0.998240798130869,0.998645473730593,0.993759883286801,0.994779314476764,0.975451161520883,0.989386608349223,1.00389863479996,1.0027729968882,1.00923403967013,1.01467965228329,1.01190386473684,1.00473475142935,1.00128285282154,0.998429629264662,0.998928531677241,0.99159263038056,0.989533576542671,0.991672916118514,0.988724953440177,0.9615302926658,0.961543306895092,0.967141049345508,0.989289784901485,0.988862418762434,1.00614830171855,1.01269325179374,1.00875910844176,1.00856837581462,0.997057774003296,0.999707718299208,0.995593696995483,0.996503644964936,0.992515272592582,0.991922015263158,0.982933410178774,0.974817603401887,0.979924118513826,0.979896667716578,0.97573288535104,0.976584800378048,0.976570333782672,0.971931718457234,0.976842440528967,0.976089408707896,0.976036420244703,0.974294138589731,0.967133674043331,0.967992452682098,0.969725505682611,0.971316663592517,0.973724381580009,0.970945660353451,0.97399575048637,0.970855749566603,0.961646297244053,0.980857120341792,0.97262903830071,0.972535373801355,0.982621584576195,0.988185555193047,0.987668388489945,0.985113212524459,0.980977042466328,0.971709817320263,0.971909869459068,0.971413173407969,0.972550255817135,0.968965860286255,0.974487938661284,0.976304905823405,0.967034967004592,0.96719618651685,0.975435463310239,0.972377346548062,0.973817941145892,0.973051713369716,0.971752911924165,0.975375542400317,0.973520740703017,0.975483281962443,0.973207111682537,0.973207111682537,0.971765301687993,0.968878312445112,0.968878312445112,0.97183793288605,0.969364036715888,0.968832370971794,0.968579597629613,0.962538302661371,0.970333865394474,0.973614297443535,0.988843699721575,0.999635805448317,1.00022312595004,0.999299633791374,0.999315644436214,0.999593586691265,0.996388507411838,0.994866570639518,0.985679526012565,0.985425978199985,0.987248367789947,0.988893032365486,0.988597975593341,1.00038021291674,1.01170269939775,1.00546376612266,1.0051902757856,1.01391565509975,1.00820773834621,1.00840987005465,1.00293062945664,0.997464450482446,1.00051846128236,0.999204519108016
An3_Tr82,1.03640109957524,1.03201854670052,1.03202284736044,1.02517327656447,1.0120750561007,1.01000256954751,1.00903010763298,0.999534213809756,0.999035758542214,0.998937302921138,0.988276459318043,0.984066806278922,0.984015849730005,0.98374219557794,0.98303008645254,0.980121398519565,0.982329095829675,0.982622652899167,0.977564676639178,0.985566001319859,0.982195658566256,0.962581353105256,0.962758990099201,0.988238385336351,0.992179484126224,1.01660275458937,1.01631916006774,1.03833499761574,1.04237772195849,1.04221020686936,1.03172239060423,1.02427709802895,1.02372608192792,1.01461937887946,1.00210965394489,0.974078728925741,0.972508084800816,0.980588011844129,0.972478653862934,0.973422737302742,0.975385051896633,0.968587166751867,0.973340703130209,0.970283954830895,0.973393561426036,0.974881530101996,0.974994520848453,0.9661870044765,0.969722668559861,0.970337430181785,0.967076175663105,0.96547355165198,0.965888081414836,0.96621471188968,0.963954675058106,0.970976106344317,0.970158036192372,0.97308564653135,0.972271959442269,0.955854653463744,0.955732182778974,0.953267494548582,0.976836211006745,0.9748975096904,0.994796688339716,1.0016056877046,1.00156722770907,1.02423538802681,1.01458188377986,1.01694870272916,1.0099331077011,0.995468837226704,0.992037485447294,0.994603645715094,0.981364819748122,0.987115982945542,0.988253938183456,0.977001589047009,0.981980190570726,0.973230652010261,0.972452184240292,0.975530873165076,0.991500903566729,0.991146060680498,0.990693589353458,0.991007039360294,0.988255172172288,0.990282169571752,0.992179881097846,0.988646127056744,0.988550957775518,0.989355990708176,0.979488844967334,0.980144361268334,0.988594950034538,0.99803866609444,1.00290510499514,1.00394140319368,0.999151832555453,0.991925969596737,0.988628039030595,0.990530783329533,0.993321716089428,0.993809801006394,1.02182105998337,1.05088035604652,1.05085460605305,1.05199006776548,1.05469591013157,1.08978567739861,1.08853486060574,1.08987232523752,1.08967847482191,1.09190230800979,1.10956183513287,1.1140101624894,1.11242661099262,1.1124170888646,1.10146614117267
An3_Tr83,1.01092292396139,1.01816569715162,1.02013876371674,1.0214608304211,1.01611064818336,1.00917036045051,1.00516441010963,1.00477920015673,1.00299665309435,1.00008155767275,0.999763797799489,0.970087972579205,0.963042938821291,0.975111083361618,0.971540195214465,0.986389597811788,1.00377746750091,1.00409636251316,1.01719953947988,1.01630974401856,1.01580255989103,0.998674147608669,0.997534536188084,1.00096277558421,1.00191458651178,1.00244889815679,1.00831757596671,1.0070268136629,1.00280563397618,1.00657974629978,1.00957555560134,1.0018320945869,0.995541392753988,0.989426625228315,0.989358481890753,0.986882803900864,0.990556248894565,0.994616628914647,0.995590231818971,0.993898656605726,0.992411324427038,0.991734262398947,0.984858382970152,0.987910086816198,0.98796540356238,0.986369399971162,0.983622977451409,0.984878376761587,0.980512303812267,0.98228238722742,0.979489686023654,0.980540988185054,0.985581407928265,0.980891352757691,0.980648390595564,0.974952451716211,0.984239946307125,0.985226781112009,0.985251356157835,0.987043319781972,0.962225918847894,0.959252027505579,0.955637340514258,0.966295964295283,0.966259311007976,0.986806090965892,0.9878598473164,0.997852248956516,1.00000044690889,1.00989879574264,1.03539430303801,1.03722466398798,1.06816698584414,1.0748207405587,1.06937815099954,1.0903721527912,1.08555094317136,1.07631750190212,1.07664456659945,1.0661440536353,1.05559188051422,1.05556607813272,1.05698915850721,1.06159680480279,1.0615974152799,1.07335969791769,1.05558371814913,1.06857874457535,1.06857874457535,1.05085559264425,1.04955910912062,1.04917881066953,1.12861215494334,1.14413620414702,1.15530366762537,1.1470961691065,1.16807075306449,1.18623723289299,1.18624947937302,1.20414266501033,1.20369347161944,1.20369347161944,1.19713241621536,1.20479826219018,1.20847746664652,1.20881993446778,1.17015195539674,1.1739562734806,1.17486778848437,1.1836822301078,1.19855818002866,1.19576459622477,1.20483027010345,1.17588189296645,1.16787370736325,1.16760356440351,1.16910160586895,1.18262869248887,1.18597610192481
An3_Tr84,1.00696795504271,1.00407093536352,1.00515739428565,1.00118967474296,1.00115345631521,1.00235250057083,0.996710110171912,0.986261235774917,0.987857016504818,0.993618079737825,0.990991388655691,0.994984796376957,0.991552208199156,1.00144193035238,1.00601295500232,1.00980082054226,1.0093229418535,1.00841954626026,1.00213505424713,1.00505027094368,1.0060378131042,0.995700579089137,0.997080356929789,1.01727036340176,1.01936146322537,1.02056052838203,1.02034146003167,1.0200517833102,1.01585458197142,1.01585458197142,1.0106893755805,1.00750227954357,1.0067981138899,0.998368918343465,0.995321673754039,0.99491996819761,0.992328906270717,0.98929034904325,0.988975996279965,0.991156888213101,0.990274186145161,0.992064254233494,0.992064254233494,0.991068392761399,0.988366311940404,0.98398624141439,0.98398624141439,0.983031010755675,0.985764891773099,0.986046865279869,0.982761754022039,0.977712853185819,0.985664439118402,0.982433002706582,0.989025270551032,0.986854915243201,0.986854915243201,0.988088631013625,1.00928699315526,1.00928699315526,0.999042049566354,1.00791914264467,0.997051423190551,0.985733588510711,1.01167061146691,1.03134569456361,1.03214140359157,1.03112272792967,1.03175000926713,1.02533721079417,1.01689054223216,1.0276844659537,1.03158328010315,1.03158328010315,1.0252373386128,1.0158227723899,1.0170585659892,1.01795277443718,1.01232575097622,1.0179990980732,1.00516716876015,1.00872269270209,1.01062896735269,1.01521514366456,1.01903946246606,1.02179684772928,1.0235136735191,1.0279089968677,1.02554757089728,1.03028192074329,1.0305690047582,1.033520433478,1.03998081703536,1.04430462306954,1.04252406469123,1.04597015034215,1.04466723747218,1.04004296654228,1.04908228011969,1.05824570785977,1.05814402377051,1.0671480199106,1.06842937456,1.0691757616861,1.08197899939057,1.08411617473027,1.08651259467087,1.09987116878592,1.10598297826129,NaN,NaN,NaN,NaN,NaN,NaN,1.06434358317369,1.06401794968882,1.07805732421419,1.09138221770219
An3_Tr85,1.00759046986403,1.00352945288189,1.00521887898103,1.00474183178026,0.998480565443718,1.00182840370231,1.00119801419513,1.00154191514361,0.998312952058628,0.998626836246335,0.998753663993703,0.996567218425176,1.00405718473547,0.995225618112111,0.99523031457484,0.998954415651948,0.9986163890581,0.99784947321253,0.993676401939173,0.993004001625837,0.993461937863419,0.983976576199766,0.98936473953383,0.98691496668305,0.987573620850591,1.00324786603165,1.02339174611096,1.02082978324661,1.02706093602809,1.02034773389096,1.00991622018872,1.01170841608613,1.00773099578686,1.0073811882848,1.00749174866161,1.00029226811691,0.995221845305229,0.993663478504364,0.995032816402793,0.98944960615839,0.993188611505852,0.994885671825789,0.988968216497398,0.990624476017792,0.990729124726797,0.98891932792335,0.983602058997268,0.980420709075344,0.979436418371431,0.980398778990143,0.980225234553737,0.976941824543796,0.979066490692125,0.984628030090453,0.986664963404669,0.987866496399535,0.98899215517163,0.989986785455883,0.989795488020387,0.983242692639319,0.985143677173395,0.986884074143351,0.986434127160663,0.985453911624538,0.99075824522311,0.98488983629898,0.974326990829642,0.981283277867461,0.981283277867461,0.973408519270477,0.977060700959654,0.978016762448786,0.991527159986903,0.998081323081764,0.999261821913056,0.993019588137889,0.988470107295728,0.99127804195497,0.990532209278773,0.975359285067667,0.979599419506143,0.98728806084084,0.982906023242363,0.988937932345423,0.991537154835749,0.99010696379747,0.97709540167338,0.97505241500655,0.972818079039212,0.973867379136241,0.987585869784574,0.987616449348094,0.996889016973999,1.00172672699284,0.994130187161939,0.998507110078816,1.00254935939814,0.98705411048145,0.98705411048145,0.988631489257571,0.981195992290641,0.981161066452007,0.981161066452007,0.984873613315635,0.977277675385789,0.976976184168471,0.972393464023991,0.974879722803571,0.974879722803571,0.975273419059832,0.974915193293585,0.975084095769489,0.976864528540643,0.991352996618619,0.991570496162587,0.989053688137329,0.993628029001087,0.993474230485654,0.993474230485654
An3_Tr86,0.971574193783137,0.973013588236973,0.9753357766742,0.968518996052763,0.978959923614821,0.978959923614821,0.979185200269072,0.985232129729468,0.985232129729468,1.00192829986066,0.994432296239514,0.999701227433221,0.998173136813991,1.00764904761633,1.01034419143139,1.01324162399412,1.04633046392656,1.06407010240573,1.06811774857377,1.06798248211871,1.06229656002986,1.05987768032281,1.05987768032281,1.06306749895031,1.05755317239883,1.0674029855733,1.06593969134394,1.05388064560366,1.03917754423981,1.03917754423981,1.03271099595353,1.01850853388862,1.018615292791,1.01566003410281,1.01392139985548,1.00960528680339,1.0102595500818,1.00140088118655,0.999040356859982,1.00272948056711,1.00163195241868,0.998110363305168,1.00035484363056,0.993244453759355,0.998622076592036,0.999121774789692,0.991381588226022,0.989562046614053,0.987152348353342,0.987152348353342,0.987587919721867,0.99005615593754,0.990282571912399,0.988746879234005,0.989070409715957,0.985410083084526,0.985410083084526,0.983485717876499,0.988933479530491,0.988351250255441,0.991602652667668,0.988908587041758,0.988729236803699,0.986216826707516,0.992262481126591,0.992554744841303,0.995145622349927,0.999075028715396,0.983690442022409,0.993756842057009,0.987021599080055,0.983177612931972,0.983093528341795,0.990563263427917,0.978516474409989,0.979524413436314,0.981373584038873,0.990925421549293,0.997979193784783,0.997837457436713,1.0027389246246,1.00359602817005,1.00308040306902,1.00426080446932,1.00507980870581,0.997274313283502,0.996575416440871,0.991372516231562,0.992587837544295,0.992657777186025,0.992339699002137,0.983799630032648,0.991417277113654,0.991445120244787,0.99765344827368,1.00406218839352,1.00511901843784,1.00121563914184,0.997309231200881,0.996600260714312,0.996024386038021,0.994065997487704,0.988153602768797,0.991151743514162,0.98888400051018,0.983262803545271,0.988302248447812,0.988895255253245,0.985417265410028,0.984371738122796,0.981065980093335,0.980161383946948,0.984126596585582,0.984965177054225,0.992704426174093,0.989419312205972,0.992473652792952,1.00525371589103,0.995989484968424
An3_Tr87,0.980029227969648,0.987479898350283,0.987479898350283,0.977266847535293,0.983746871504668,0.983746871504668,0.979712749228632,0.978625857535378,0.978406111640079,0.982136790396232,1.0063412430442,1.01552290435274,1.02005179573429,1.01096225655469,1.02111884389668,1.02111884389668,1.02102189758903,1.03362188866355,1.03160920225298,1.03160920225298,1.03944165747099,1.02180696233966,1.02083291703111,1.02448149363932,1.0222307581396,1.020067505227,1.0170998337434,1.02020604211951,1.01807688839792,1.02311928704847,1.01451749679899,1.00317240083857,1.00317240083857,0.991288706123607,0.991160828338314,0.990705754562377,0.98284775238497,0.968841120248161,0.974076045933086,0.974700501412583,0.971361185007617,0.971063595647096,0.971254796369496,0.963794678464095,0.959524458323676,0.959937340514663,0.960107126108672,0.954805350841603,0.95563540364017,0.955593519344208,0.953674613312385,0.957103440684632,0.957074356405854,0.950198892846656,0.952922339095885,0.952109678496356,0.952692137302675,0.951285622851612,0.953426631950876,0.952882831608209,0.951667571134413,0.948822635338179,0.952717627957987,0.956657784532815,0.959765650482736,0.957251993944184,0.957528163055633,0.956749704838401,0.94714239822866,0.947329064340819,0.951168100525199,0.934241682704792,0.935464268558082,0.942532114428588,0.953971331936864,0.969142630084387,0.969308494003909,0.999080317943054,1.00727158366264,1.00739007212742,1.01846014559405,1.00579105216288,1.01269504510579,1.01350249497118,1.00362154033167,1.00546115978935,1.0055704428504,0.99714277085923,1.00047748095309,1.00363767810085,1.00309638579652,1.00442873894249,1.00539151762189,1.00436829996777,0.99817954180186,0.988778779710801,0.988677914904419,0.989877181915457,0.983857813666228,0.975954542836752,0.978832758767153,0.980628194702507,0.97610393045473,0.973545552612004,0.976757547294741,0.970979005648008,0.967265671210375,0.961348704206952,0.957988916250005,0.973331399824808,0.973421678222055,0.96681410502036,0.967593289760973,0.966485210120946,0.963164681793766,0.96612527298693,0.968031735928903,0.961088741600962,0.960289936989719
An3_Tr88,0.986525254522537,0.988353549124156,0.991394461843934,0.990496934816992,0.995516231343868,0.989135805220975,0.988509941606836,0.992411712330829,1.00070910578269,1.01631042964487,1.01368751789485,1.01118532168989,1.01069896941618,1.01079559888858,1.02776051790197,1.00823645647794,0.989262447687422,0.995039848376776,0.993969895428692,0.996756331373213,0.997477358129812,0.990170549330819,0.994338292976381,0.994186126760281,1.00311673077338,1.01642774413141,1.01594058020982,1.02696891158081,1.02490783126587,1.02049760487587,1.02053182622644,1.02131704193345,1.02093686075332,1.01848597400875,1.01694252718693,1.00995745674826,1.01057183497221,1.00802266723485,0.996563578640522,0.998400479342231,0.998400479342231,0.993918537076635,0.991487116955059,0.991487116955059,0.993202735198769,0.986018142223994,0.982301840159638,0.982367581918901,0.984146825935236,0.987934901824221,0.988961661604143,0.989775885191065,0.99170589417779,0.9881740712267,0.988398953341698,0.987365139031886,0.995328640965424,0.997602126178506,0.99435864171624,0.990815489919474,0.991096101556616,0.983728604239663,0.981215002453023,0.985955359234481,0.985578067020603,0.997479672385913,1.00274369403791,1.00134784085077,1.01031058068625,1.01588850328809,1.02168832678185,1.02188557385902,1.02155617947133,1.01939684696041,1.01760715546943,1.00735552519322,0.99781822525345,1.00545186932167,1.00408501426895,0.998448867592236,0.998448867592236,0.996009680624477,0.999378100145557,1.00011770922171,1.00011770922171,0.993937294419001,1.00800646248193,1.00261194305866,0.971291247405316,0.972907546886376,0.975024382186103,0.976113264431408,0.985955817239673,1.00446056803099,1.00264762868034,1.01787534065499,1.02520487326943,1.02102294231216,1.02999511475675,1.02861812368297,1.02313700039469,1.02017434900325,1.02218897877246,1.01593217168899,1.01561132673693,1.00458187499836,0.993899156587577,0.993533346938516,0.996871738329056,0.991033373546073,0.994872854232031,0.994910293969012,1.00616344722176,1.01315271309638,1.013892765775,1.01141037943211,1.0099817334297,1.02685427045881,1.02685427045881
An3_Tr89,1.03692223170344,1.04268472321738,1.03704743684476,1.0219013950671,1.0219013950671,1.00744661345999,1.00174098449799,0.997177523286086,0.997177523286086,0.990858989907848,0.978582023790159,0.978450349513503,0.98656183641435,0.983451096311541,0.980427190494664,0.983217949655066,0.98407972368336,0.98367098567354,0.98670002812604,0.988240977184718,0.974769827976377,0.978577276800171,0.974675962847107,0.978431198341898,0.991634390473354,0.991597843304122,1.00865582157617,1.01719589949614,1.0181321462078,1.01227761294703,1.01054928437727,1.0111806338112,0.997679726680713,1.0009848778013,1.00036529016679,0.987535428326105,0.981938794674777,0.980931844439354,0.980931844439354,0.980760207016565,0.981014599361281,0.981037136571107,0.98005474400588,0.982282463248525,0.978185168043369,0.979282721567635,0.974244984062658,0.971361186522632,0.97047087186248,0.967748288685642,0.970974879595093,0.970999685778855,0.979045469110634,0.977380944599639,0.98639517212028,0.989729974506721,0.986879576338628,0.989628043773575,0.990740197441634,0.983741652474497,0.983289556856668,0.982882457698197,0.984125546497293,0.994885649043049,0.993898347133834,0.993898347133834,0.983044139783833,0.971284051516154,0.971033773723585,0.978523335881214,0.969007711108126,0.962830025941499,0.963649693968119,0.969333377372359,0.980820036202057,0.977059903917547,0.988098669446826,0.985882481724786,0.98842283119127,0.988240273103332,0.978237366627827,0.976965412261508,0.981780760910067,0.981707683479877,0.980656316069624,0.982679748714345,0.980958672401803,0.981316219616108,0.978447090312292,0.977048601974997,0.973152484047859,0.977893366174434,0.977660243728348,0.979419354668278,0.988745387933721,0.985441260193969,1.00150536281296,1.00473349708513,1.00077255014904,1.00244970236911,0.990421821486636,0.983623950405692,0.983610310769562,0.986191256553474,0.976682942866947,0.976005567954864,0.980313921539216,0.974508526335201,0.984916297105663,0.986004168615526,0.985605432682014,0.987649109863155,0.986858578048175,0.993009755382609,0.990190849954559,0.995194415330897,0.986442447350724,0.983745963656175,0.983961566889891
An3_Tr90,0.996896390401332,0.994842232151072,0.992032521367475,0.990513588604712,0.990145489057756,0.985399665579776,0.988505583268752,0.988371897061898,0.990282507125477,1.00192931635295,1.00192931635295,1.01371958645187,1.00035852079436,1.00035852079436,1.00616220290995,1.00812695410489,1.01332499440151,1.0163433857186,1.02075732750031,1.01179706536388,1.01057859366884,0.995268462506897,0.986968676453649,0.984497700161183,0.984240068619698,1.00590201054071,1.01925724775951,1.01967454301678,1.02253536812615,1.01809464948807,1.01701652432034,1.0139976222189,1.01286251083048,1.01286251083048,1.00194617661332,0.994991886080222,1.00028068148327,1.00117823022389,0.990608057599638,0.985886728605848,0.991522563715728,0.985255216628839,0.97835559836457,0.984246903526147,0.988070332583593,0.978272990153833,0.978636626808656,0.978542411071026,0.972319875961059,0.971724774814844,0.975292124901868,0.974563981042448,0.963953810683673,0.964842847885019,0.964650376900156,0.969207916609971,0.974742049476301,0.977112817168341,0.974417129267395,0.969990634554193,0.96083903231197,0.960864757137876,0.964444024769463,0.975518234651596,0.975518234651596,0.986304445570533,0.996116520722798,0.995973662297813,1.00087028844546,0.998755916482007,0.989834644624841,0.989418836383597,0.986443431829181,0.97396888833108,0.971086264438991,0.973036786278094,0.967259651538877,0.96654906278607,0.971604433742701,0.987009423326919,0.990380718741536,0.991127593197356,0.991712603048264,0.988975547073504,0.99280909324991,0.989466018921729,0.975217047062649,0.976968161078506,0.976270144347105,0.978996667352886,0.980434073645911,0.981114513972348,0.979385058603073,0.984357939609601,0.979838304167697,0.980220866873656,0.983805206336666,0.989957119479441,0.991456307941445,0.99502491085849,0.990238449536372,0.989553414348005,0.983549065681347,0.976571906817539,0.977068111088989,0.970466331375946,0.967878097671457,0.971610909183585,0.971531073780376,0.98021498094912,0.982298822932924,0.979571061233252,0.985529254296347,0.988655011055066,0.976908150769871,0.979386699545032,0.986115944365505,0.997806014369907,0.997739488882311
An3_Tr91,0.974579575430741,0.992737356037833,0.991137456425443,1.00287936327363,1.00281042808717,1.00091097835575,0.999058047686894,0.999961171393707,1.0092508638784,1.00673245694795,1.00472399547143,1.00619839879946,1.00926426729701,1.00063966021579,1.00314566246989,0.998828596306231,0.998240784763605,0.999461116931175,0.999439820227871,0.987368968199138,0.971410686762187,0.972411978667002,0.98039328413895,0.983964805369481,0.985003751125072,1.01760497015985,1.01906459203082,1.0255508167768,1.02572621482105,1.02123965837447,1.01300336394052,1.01651688064963,1.00879100992814,1.00229990125928,0.997925424086491,0.992892188593294,0.991355274600937,0.986445123464507,0.987799459225992,0.982378994917933,0.974404181695019,0.976699727150773,0.965278364991044,0.971997862798127,0.971997862798127,0.970616133675695,0.966760388014734,0.969935390360964,0.969935390360964,0.968765658065816,0.967020419749438,0.967020419749438,0.965520466211682,0.97444120462752,0.982157312058327,0.98107377841292,0.984641579124997,0.9810687283257,0.978644074834975,0.975257271286277,0.977268097872472,0.979507480059327,0.972901092956313,0.966184907680536,0.958465319059986,0.960219078327378,0.956190150739869,0.967555927255892,0.967648095159991,0.977675590752687,0.979914560532983,0.979822043621156,0.993691154495876,0.988561621182018,0.99260849803074,0.99260849803074,0.988039243307404,0.986436840413888,0.986436840413888,0.973891066161749,0.97278443150197,0.970969206599766,0.969118642471952,0.979585619740941,0.987258227339569,0.991064750589415,0.992701808344113,0.994235885156751,0.99500349629629,0.990876664111919,0.980551550911437,0.975400317364475,0.976103787558924,0.971448156723255,0.961877488273155,0.973515033647959,0.976659133367992,0.983432322565751,0.990027403295687,0.990027403295687,0.99712369155032,0.985871680037997,0.985871680037997,0.984986489841886,0.985218444141454,0.985212798052291,0.982964471054961,0.97989523641773,0.976877615863864,0.970056749249491,0.967702920182253,0.97185979987856,0.980237241540648,0.986174493899951,0.986057654209749,0.985159409046243,0.984820359910801,0.985214886329554,0.989203208860104
An3_Tr92,1.00165350246416,1.00092956782649,1.00037362291353,0.996794004763879,1.00496700322615,1.00610557421827,1.00818894131874,1.00446705473124,1.00223937823561,1.00663692125466,1.00174805596822,1.00136357762056,1.0012215017695,0.995499159442194,0.98832932862122,0.986556483551996,0.991937236984741,0.992668483762097,1.00832060132675,1.0078928792504,1.004518245493,1.0025095998964,1.00325282776745,1.01162467819309,1.01994608552461,1.03519138681135,1.04483554148883,1.04438670215066,1.03593259660548,1.03876878256872,1.03594975800868,1.02940026478576,1.03027489154508,1.02503330092105,1.01487646467491,1.00504476270555,1.00452062036795,0.995675269323642,0.991682498056919,0.991559735537154,0.995519178799859,0.995834286601212,0.997668314266931,0.996188547411894,0.998147395566224,0.987306278005818,0.986656005003711,0.967849629217131,0.95015600220042,0.950448918190201,0.948470584108098,0.953478018329967,0.963936284859958,0.963437975037645,0.981809915653743,0.982838282069005,0.982531494833289,0.981689435683822,0.977942559381572,0.981964662566027,0.981545892822827,0.974293938467183,0.975375750300919,0.975375750300919,0.969816431469669,0.974216589310311,0.974336521648403,0.963086431841029,0.958525989680973,0.9585146480194,0.95978256700776,0.960138680642708,0.962204268232281,0.96223468895158,0.962397437638465,0.958617733623259,0.965280846495265,0.977369254737671,0.984069455801778,0.984115034484601,0.981066186095208,0.981756639394547,0.973882833086709,0.975616149623194,0.968088119377726,0.967469495923142,0.966647096474466,0.960566981100544,0.956197253394577,0.953261067057469,0.959737328982969,0.955238196433478,0.946647228596978,0.946675286956371,0.945329551137119,0.960725137315256,0.972590205020009,0.972659735991427,0.973298159570232,0.971296600116326,0.97304564325326,0.972953488971752,0.971330112293387,0.971503998652813,0.96942053511561,0.957740668689754,0.953211374959417,0.955302985530505,0.968580190089101,0.959034009966798,0.960297092920177,0.959956816774761,0.956847909911804,0.954887887007143,0.967893960555143,0.976518274381119,0.97824661756861,0.977870208561149,0.972736954875549
An3_Tr93,0.99677906933133,0.996940680119278,1.00315727679626,1.01351450792108,1.01247393469893,1.01577777108502,1.01403218740085,1.00286939574841,1.00286939574841,0.998368530367364,1.00129110745854,0.996713752889495,0.996732340007011,0.993381246707835,0.995471274624424,0.995471274624424,0.99238748959974,0.985258491722355,0.986510273149251,0.992147757383539,0.991188275933691,0.984694287284488,0.984694287284488,0.991500789203013,0.995937862289919,0.996360613393249,1.00823466657464,1.013612571671,1.01572968389322,1.01854179077444,1.00979771827392,1.00633225543603,1.00770141745818,1.00815150411531,0.999344962360414,0.997480585623985,0.989715152631861,0.985854093742624,0.985853584129281,0.981901509538022,0.980847376289104,0.985275650208243,0.985201162425451,0.987284195696385,0.980472864606347,0.980718069665311,0.980124641571733,0.992988305578094,0.987145066390336,0.989856048668274,0.986837425526173,0.982608039507522,0.983583002073744,0.990651108944378,0.99604784320516,0.990418795943274,0.990271767488498,0.993888236796558,0.988735292929904,0.988276267778657,0.990396474259917,0.989037410299678,0.993798179201138,0.985325391914458,0.991318232963855,0.991318232963855,0.987335510583482,0.986503082111554,0.995189471452189,0.995813196073435,0.987381076924143,1.02017785938278,1.02452446204052,1.05335681192727,1.06187194075338,1.07413062657539,1.07373619132164,1.09367636116677,1.0936332383504,1.0936332383504,1.11974961755208,1.12410385427767,1.12216388655146,1.12671077244944,1.12826590690117,1.10995410825406,1.11197420180085,1.08912550836729,1.07910335471538,1.08099319900994,1.06415156226564,1.05283251338859,1.04556864277042,1.04475202454353,1.05540050167747,1.05415918926547,1.05415918926547,1.04238377859423,1.03985553917499,1.03988563406679,1.03877901102175,1.032522750922,1.03459702050985,1.0337927835151,1.02661502569115,1.02893120525342,1.03007650687205,1.0323915561072,1.04164170106847,1.04164170106847,1.04025173783451,1.03952461929233,1.03558799432174,1.03544668127761,1.03901742261181,1.03203630595415,1.03194974112725,1.03718914424939,1.03059342682327
An3_Tr94,1.00103711828402,1.00412950485925,1.00578757334225,1.01001747450706,1.01070012945401,1.01035214437645,1.00065655145025,1.00225568821707,1.00236864796092,1.00548548288366,1.00426790899798,0.999733133820613,1.00065571929516,0.996745499930641,0.989834822011876,0.990819309160223,0.992635172378552,0.990806443608992,0.981711675461039,0.982782948436373,0.979793331383128,0.97777287366512,0.978610746736393,0.97786590784466,0.982243244616106,0.982243244616106,0.992838731825798,0.994136011561412,1.00030705984741,1.00030705984741,0.993977711828277,0.987426889321307,0.987426889321307,0.986432564955411,0.981322533212373,0.981047026793205,0.981047026793205,0.978120976814367,0.968964311859437,0.969426434536303,0.96987760005076,0.971162213630584,0.971067813877026,0.966500508658324,0.965427506685492,0.961314615454373,0.961422631310532,0.960483544599878,0.955511931651314,0.958853888896427,0.963272895195076,0.962148545357294,0.959112081018169,0.959112081018169,0.954374192042375,0.958887061216846,0.958887061216846,0.960554649726383,0.9601372558149,0.961188685984406,0.959692326282749,0.961588933569437,0.959725725267122,0.966032097874326,0.965792065550869,0.957863958520854,0.957398432723815,0.960961805506293,0.955834486399007,0.956216338839823,0.950259979735562,0.953331990742625,0.959676965100471,0.959618025720923,0.967290278286199,0.976467477082903,0.977441570118162,0.976003988511358,0.971170853168936,0.971265270517351,0.972463215256285,0.972525959376098,0.968216012158743,0.969357373604348,0.963730070267992,0.961503622853827,0.964750667513376,0.956500970569701,0.961737573541255,0.955143310336685,0.957486723900798,0.959269365049997,0.959787205801475,0.959291625674732,0.965008741991029,0.972257957491452,0.972328633175816,0.972840840837037,0.973413214418054,0.970082210510986,0.970377434447304,0.964460623398493,0.962118579287371,0.960968720014838,0.961712115356567,0.965277809399974,0.964875841007486,0.975805028730909,0.974298019653036,0.966293469837386,0.97015559535706,0.967293417049421,0.963189905423049,0.963189905423049,0.957481092604722,0.95842253165225,0.953945414640039,0.953945414640039,0.956987919981641
An3_Tr95,1.0043070609327,1.00160016070832,0.996781537528489,0.99799783580274,1.00287859251349,0.999057145467887,1.00227332325338,0.996991715679883,0.992832470189058,0.993720263083615,0.990249027332687,0.98535533385208,0.987080947368653,0.987128399051909,0.999745459319042,1.00313769975549,0.998713528695834,1.0271981163797,1.03295138308504,1.0237765521352,1.02402583552306,1.0183501251709,1.01423969320031,1.0141534354765,1.01697302183912,1.01203220229925,1.02072996478728,1.01849830019933,1.0137657703101,1.01273833950179,1.01331795856906,1.00049051300463,0.998071058985783,1.00205130693294,0.999572991512301,1.00103819745634,0.997627918657633,0.989603903475264,0.99092519223559,0.985947082385781,0.986398907654002,0.98340147388333,0.98166041389174,0.982133925717253,0.985764900582693,0.98640118424186,0.984269817168771,0.984269817168771,0.980473613016771,0.980495637195114,0.980861648669328,0.97590049206295,0.979350843412687,0.979838277135354,0.978028397574545,0.973307726533858,0.979349412649129,0.979349412649129,0.974361995633936,0.975643386928237,0.976495804289841,0.976038219144159,0.974171896576859,0.974181573099858,0.980731380831419,0.983848962570659,0.998860946207612,0.998386448219933,1.01019283264468,1.01428795421735,1.0146226488869,1.01624210917659,1.00732578378171,1.0067554156027,1.01167918278613,1.01122326391236,1.013563094383,1.01399919867533,1.01591723145809,1.00504264421432,1.00443381401649,1.00401468337881,0.999156174808541,0.99960510230588,0.996525469060305,0.996102126434594,0.996096148792768,0.994487358691826,0.985949463604484,0.989240326906731,0.975943325351332,0.978240169240963,0.973709289766526,0.962006300012157,0.968030181990118,0.980092397282664,0.986104298148466,0.992156267904448,0.995743846787114,0.993432440195589,0.994024447978612,0.994811265815031,0.99303027133961,0.996831447266701,0.996831447266701,0.989071587470948,0.987679805417587,0.988348817040109,0.98723057096982,0.975864551216628,0.983858032699928,0.984705446699583,0.986502686932246,0.980906198546475,0.974780982309224,0.976111943845381,0.970650778340355,0.970769646696344,0.977847641749747
An3_Tr96,1.00136697640673,1.00901494112048,1.00931130569876,1.01339503769359,1.00677404468666,1.00855957225654,1.00777408625155,1.00614771463583,1.00330840898994,1.00477778849224,1.0022057465754,0.995172948043209,0.995530391945108,0.995954154193519,0.995139179798122,0.989885142960287,0.990368230870435,0.984012145408703,0.981302183972908,0.981432647837547,0.990660907027944,0.989751877532899,0.993922724068706,0.998046969835543,0.995929814074696,1.00366296718066,1.011864067948,1.01992430054265,1.02039038611784,1.02051436428094,1.02470612975507,1.02413914296611,1.01624586534588,1.01620905057999,1.00487269840885,1.00278253553302,1.0021497201911,0.997855679992026,0.990295849595564,0.991029097572393,0.988097392252856,0.983521304808182,0.984580698872523,0.983933323851088,0.984645841633374,0.983882902320621,0.983301252134886,0.988402258129271,0.983123775763807,0.988495693262207,0.988495693262207,0.983673393683843,0.979517992781734,0.979517992781734,0.981720777770042,0.986966704620248,0.984238819926069,0.981699855101522,0.980536181928173,0.987228529060841,0.987950849223111,0.993892905630505,0.997739804779335,0.997271564827184,0.993214045040927,0.98433894390547,0.982374391393631,0.990325525014742,0.988669822315205,0.995478343059102,0.999980325619222,1.00125266001704,1.00721697599284,1.00721697599284,1.01071316325283,1.01087208672174,1.0064580136533,1.00392397188672,0.998660552474008,0.999202415315922,0.999202415315922,0.993684430492478,0.999483875048122,1.00045192276035,0.989070788484106,0.992259938560901,0.994989357655663,0.994989357655663,0.997224037312922,0.99588780308039,1.0012159385133,0.996827994735395,0.990898391948473,0.99112323022317,0.990801210253271,1.00927258964398,1.01149580992105,1.0125864518658,1.00890289111283,1.00180482543751,1.00568389372605,1.00036839007796,0.999507635880697,0.999507635880697,0.993561430951129,0.987359127159895,0.982414798413649,0.982414798413649,0.981747332021219,0.977559212250666,0.977417491698349,0.983493920487288,0.988960987383448,0.997364182376718,0.9970966970317,0.997573379279779,1.00503201553699,1.00581221348732,1.00343811907635
An3_Tr97,1.00447022771417,0.995073935552425,0.993533734008509,1.01887643673944,1.03279071043351,1.03279071043351,1.0311976030881,0.973252021161416,1.02893288303393,1.02859428192686,1.02148121677646,0.997392408458124,0.996538638580096,0.984633580423546,0.984768170680661,0.971515563974897,0.970409605322991,0.967523084660268,0.966225187031095,0.966380041562955,0.961978787137411,0.945165506497599,0.944610505266677,0.947430850233689,0.959231350691258,0.969970719415826,0.971651130712319,0.979331981028194,0.981562988343683,0.982742773391582,0.983450023992951,0.975396525864138,0.972389964074882,0.971379131420186,0.959379308533154,0.958779267416801,0.955735091457939,0.948424745740869,0.947413816508236,0.946649464933929,0.946000346023543,0.946200732788295,0.934313776925378,0.933016307612532,0.936161958661388,0.937023771255944,0.937433445780319,0.934446171423681,0.933581479422608,0.935206164067914,0.923691189009332,0.91871698276437,0.925410361262753,0.925324342713998,0.92688879087604,0.922726127870473,0.922658383118577,0.92798768941606,0.925230174813655,0.926933979280914,0.92643810741656,0.92106419261701,0.9226992813288,0.925780375022447,0.919010578803377,0.919729112262091,0.918272125659602,0.916494510064233,0.916004691459334,0.916277386246872,0.924330795052412,0.920991976618545,0.922618428405615,0.923894018558732,0.920584297144742,0.917889942750066,0.922431938791295,0.918694621888516,0.918529144887904,0.912831080199102,0.912407101866024,0.914438035263194,0.913930165901964,0.913863115031653,0.919380047193071,0.917111514209796,0.923350603183538,0.923105244826023,0.92366542009648,0.926208108103918,0.925619788055205,0.936924757404172,0.937899153856955,0.94006665833367,0.940221558570464,0.9366239289361,0.934166418324444,0.93558688565699,0.936596924491956,0.930200338727077,0.92957436415519,0.925100168357667,0.915164682394318,0.915886874891333,0.923036013103919,0.922777262119725,0.934224043795351,0.933468351968041,0.9409206519707,0.937673662826947,0.938810214833697,0.939751679809193,0.934763963191793,0.93463200987567,0.938311253094913,0.935918596145169,0.928429868132042,0.928429868132042,0.925476873731462
An3_Tr98,0.988160750191682,0.999423099065065,0.999423099065065,0.997458707933979,1.00059043913333,1.00059043913333,0.999387638778702,1.00021381625771,1.00840516132891,1.00840516132891,1.00480476721414,1.00102048278802,1.00102048278802,0.998209795939318,1.00172800909836,0.997107678202488,0.999380408866858,0.997420623271274,0.997249439614839,0.991155482228781,0.983474923141873,0.977437596592005,0.977270147322712,0.992564260336904,1.0051391637775,1.02486136242203,1.02558008015335,1.03142041739833,1.03473136055575,1.0371201124289,1.03061293492105,1.01973244215378,1.01879369574249,1.01621251567307,1.01405930735032,1.00479996492355,1.00763142323387,1.00516449298984,0.996384870481444,0.997518451985612,0.995180825848714,0.988011342292166,0.988132123733901,0.990388231376638,0.987830470107872,0.991878410530609,0.991878410530609,0.996654883619148,0.987368531797934,0.991778856408959,0.985753834891284,0.980363625020486,0.979791449321962,0.980007088884786,0.981836958334809,0.981266313762223,0.983628240819888,0.988582248778471,0.987373655437258,0.982533318318793,0.982533318318793,0.98368652045932,0.977612679725952,0.976861474115937,0.972037994446877,0.979427157338774,0.979388507376629,0.994307994273562,0.996576003670741,0.9960757174999,1.00365392084788,0.998444638987971,0.997608995925585,0.99957013576565,0.993431012605982,0.988667821682329,0.990189429018717,0.984442760770192,0.971963103767139,0.984140039101534,0.984140039101534,0.987787118514818,0.992650980848007,0.991444459681434,0.991607955325466,0.985618070182301,0.990727056263942,0.990843572813899,0.983914909598905,0.980178125053137,0.984587033068607,0.982386634998363,0.9792828321598,0.982594512398956,0.981971111842599,0.981961376811302,0.977987174636472,0.977987174636472,0.988968049758637,0.995303207295925,0.995198712450165,0.997678369997796,0.997627510194312,0.997733825538614,0.995881118749191,0.98722194231153,0.993794163021588,0.993291410967907,0.986264089259003,0.982803521584305,0.982803521584305,0.982320365128559,0.971679472369289,0.972302292509069,0.97486541207113,0.983396719216059,0.985393729030463,0.984455799135911,0.987977955013537
An3_Tr99,1.01000243870865,1.00914045770586,1.0179480366239,1.01541089985363,1.01541089985363,0.992152518477232,0.992970488513731,0.999110536169092,0.999135608294557,0.999650373874853,0.995320320289096,0.996484338769698,0.996772441301298,0.992739177186471,0.995153859143167,0.997698136736984,0.999758521296528,0.987495324389933,0.98764562281169,0.986111668914803,0.980523388686332,0.985915078926458,0.985448119948209,0.999094031398304,1.01368160652295,1.01368378932298,1.0215769994664,1.02039159883792,1.02026975356836,1.00540379738363,1.00823134089361,1.00968511393688,1.00451309381673,1.00683040262752,0.996209432017831,0.99617000291242,0.993691418753556,0.987402578351424,0.987784782474413,0.987193274617836,0.983898115818603,0.982003950684524,0.983728491157665,0.985071727395957,0.986091272905196,0.986841411468395,0.982288355213589,0.978817344876316,0.979202714209743,0.985112774841368,0.982016774546206,0.976769691895105,0.98005343308418,0.972733347689176,0.976130172913436,0.976130172913436,0.976157628620617,0.976370077797116,0.976468310483528,0.982043006422096,0.982668456424851,0.985284648554428,0.985284648554428,0.98156581580224,0.977346407280245,0.979965195594197,0.981957812736082,0.980823722031364,0.979616318473752,0.979616318473752,0.985970032932263,0.99100419996365,0.992229698147065,0.989647368208415,0.994595538190802,0.995000488481604,0.990051858842507,0.984774338265524,0.983038523650901,0.98220309217151,0.976110743510974,0.979594569002463,0.980044235086972,0.99996169383894,1.00872466807195,1.0114343895821,1.00382518334038,1.00347621978666,1.00030743969631,1.00332472839622,1.00756575661916,1.00293598141845,1.00287948039192,1.00005324098171,0.996305689050006,0.990420742015204,0.990561255406493,0.986048526779181,0.986290201327412,0.988525144625964,0.976822956338557,0.981938538928947,0.983403474625624,0.99917889929169,0.999345479611742,1.01210906762501,1.01363752716485,1.01774987355303,1.02014195856771,1.02389079391291,1.04435417396406,1.04992417745617,1.04992417745617,1.06795117819827,1.07202099766969,1.08362869045413,1.08316458382241,1.08720388984747,1.07916266578257
An3_Tr100,0.99006960548439,0.99006960548439,0.984168972440722,0.992160553650844,0.991393028631443,0.992113030370013,1.00502589394381,1.00375201616154,1.02341950450492,1.01782368144201,1.01720740330798,1.01357543839139,1.00072786073399,1.00478042065731,1.00741687757313,0.988782469102505,0.995848961371942,0.997120482601763,0.984544194145907,0.979013304495427,0.983467402097082,0.98339081457368,0.978701704555402,0.972733566384792,0.974693195639967,0.978305605560675,0.989829165720969,0.989829165720969,0.995110413954528,0.990707048198974,0.978287189892306,0.986648505727248,0.978899179924866,0.975620455850939,0.974150146909996,0.980455208523868,0.97492944371827,0.97231686054663,0.971729884204306,0.972193894171871,0.971261181332377,0.972056723061317,0.967182933883368,0.965589134439106,0.956425604316791,0.956438317289229,0.958313155854963,0.966047955783451,0.974423203799778,0.970897805465427,0.968698413055931,0.967873342676247,0.965981187909746,0.959117597292698,0.964382601047114,0.960546983453673,0.960264239631279,0.961710723977209,0.961710723977209,0.970574111235826,0.981245661781888,0.982071401435046,1.00275354217274,1.01168048614411,1.01295992219768,1.01295992219768,1.00738353320644,0.990939822513928,0.991314869125772,0.985784235196271,0.985202766967472,0.984425466342197,0.984558170738227,0.978223194574825,0.976091126715968,0.975267785892284,0.979919247348774,0.979610108014799,0.974864370563589,0.97871039597551,0.962891366731345,0.962856149261765,0.963388403095952,0.961093025200734,0.976690278051336,0.980142538493721,0.977413565473104,0.984300815585571,0.984928770038382,0.982690848536753,0.980242725128015,0.98068570578917,0.975525857554137,0.972945007320988,0.975239690773685,0.975975296864522,0.982744991985506,0.987488820991783,0.988358176112136,0.993450907865575,0.99321980624345,0.993787551540627,0.992836288833878,0.987883447308485,0.976327100286629,0.976224053172025,0.975584568759056,0.967345805564214,0.96725064804751,0.956202244541094,0.960696798648462,0.960937663733232,0.962515357943757,0.980180347927985,0.976056856569536,0.978474911966919,0.980615664590453,0.977291536904282,0.976036162963754
An3_Tr101,1.00471487863877,0.993127872428477,0.971091274674346,0.96833435657779,0.967145107949864,0.962147939647069,0.963750928250787,0.963786012145169,0.967047019147954,0.971241865270343,1.00208329660401,1.0066088850507,1.02547090796798,1.02549442808558,1.02355164404238,1.04020662295488,1.04645670822944,1.04645670822944,1.05128354410502,1.03782585837011,1.03955389847517,1.01887552336351,0.994470011973826,0.979694746329667,0.979694746329667,0.986777630895664,0.990641742939284,0.99216673464502,0.984968098039511,0.975093233031713,0.973188474584881,0.973252287160696,0.972092261990593,0.968786924814002,0.967109666330243,0.958776348629879,0.960358396835203,0.95867553377361,0.958345057493877,0.956650864626894,0.959002986515833,0.959296840907411,0.94756117876815,0.937839341091357,0.937729704336649,0.937197567992228,0.931739297463977,0.924477694701549,0.929696284233926,0.92588784023729,0.923326404361402,0.923326404361402,0.920162428462182,0.920540741437707,0.920828686951781,0.923011291251141,0.9272746617028,0.92449454012411,0.927685521410172,0.929682322736099,0.920997185944606,0.922197113530733,0.926512679859839,0.927440953798397,0.929252427739712,0.92491397602232,0.923044845325233,0.922576843145482,0.92704012872467,0.92734398647411,0.920426547599463,0.919149353228831,0.925080650413094,0.920427527065895,0.918668554925445,0.922684950275142,0.923318039702459,0.924670167804855,0.930393693944115,0.928584186812358,0.929874468461676,0.93206385334951,0.933838854584759,0.932460817601361,0.937711839964776,0.937233735578422,0.934743776795252,0.931060893679486,0.931490736927338,0.933390339297654,0.943228275372927,0.943228275372927,0.953509679553149,0.967631120452547,0.972623922544245,0.972305003725226,0.930486593388539,0.94285338600322,0.943666276851301,0.941359249764715,0.937736343724343,0.933442478688486,0.935816140571186,0.939454815416056,0.950396691358171,0.948923822351574,0.953008622062507,0.952777827991522,0.950135482997283,0.945045959412335,0.942716301732234,0.936431346587382,0.936268805739839,0.937926729433932,0.937664994641305,0.936914699057294,0.939660605543791,0.937508805642134,0.944446620546276
An3_Tr102,0.98717196062629,0.987992392847557,0.997586883366167,0.995366648349781,1.00258365397791,1.00117737440954,0.996424626513606,0.992817163561523,0.99940978530492,1.00422790841925,1.01297005348634,1.0081779368343,1.0130250773912,1.00052979024742,0.995510602937036,0.995034342584362,0.999810470189489,1.00854932386042,1.0016340050929,1.00187094100183,1.0079920996374,1.01288563502894,1.01288563502894,1.01458957636915,1.01000550897729,1.01414391480155,1.02435763486538,1.02439852924289,1.02670576093159,1.02664865386451,1.01671983101469,1.01502560681932,1.01286551731412,1.00546228723299,1.00394986453233,0.994551868031015,0.994620490403691,0.990244591693166,0.985544386805759,0.985318781373088,0.983939399102854,0.977032958346007,0.981914191185766,0.983169285896766,0.977840834913218,0.972001604911611,0.976974151365225,0.975330180638271,0.968624219814906,0.973742891719342,0.977017444448613,0.984157157940136,0.985845687263822,0.999426184457454,1.0070933515274,1.01347767674409,1.01321040729262,1.02338835724974,1.02534960851136,1.02534960851136,1.04322658125195,1.04703723460496,1.05591575112737,1.05591575112737,1.05179455252422,1.04396553273485,1.04396553273485,1.03127091362544,1.02328181974809,1.02370118077218,1.01432791897477,1.01757173335764,1.01438442091297,1.01400214804509,1.01094434299943,1.0106592218654,1.00973253434317,1.01258327631233,1.00962317373321,1.01147651126004,1.01373214701454,1.0055442016212,1.01384800117524,1.02394399399115,1.03435920880986,1.03055118264836,1.0306490911327,1.0572357186189,1.07964996406203,1.07946787983276,1.07415368529075,1.06276963554692,1.06366160428749,1.06366160428749,1.06015259933706,1.07161909939744,1.07161909939744,1.07084095398691,1.07132470050777,1.06666639723124,1.06671323212291,1.0428189516613,1.0501189140003,1.05100192429373,1.05963043971727,1.06185920749208,1.07615061037263,1.07446379725072,1.061148874392,1.1073947260613,1.10874548933303,1.10892825761227,1.10685599408304,1.10509706813338,1.10579392891941,1.11221258277771,1.1131489536648,1.11416588128968,1.10200306339465
An3_Tr103,1.05914713701419,1.05765748197099,1.05448516859427,1.04705159464712,1.04473654233404,1.03604123809225,1.03192400182596,1.02392347491724,1.01773057913016,1.00955313856055,1.00888848172504,1.0007794615767,0.997994317148366,1.00072116211994,0.993269584448075,0.946317965529738,0.947059521938981,0.86977771792357,0.852941430502824,0.854863793413613,0.855030539248868,0.887991638371823,0.900649663466541,0.904507955736594,0.894709103600509,0.895211684731083,0.895962620118434,0.893943036621646,0.89533777160481,0.894414699823446,0.894073513592774,0.884743430582614,0.881766171907075,0.878715604826288,0.879940952741233,0.877767027415407,0.879393434397954,0.879296380557715,0.867490927756904,0.866608687293438,0.866430363082207,0.868514182624868,0.861987186451334,0.86141293019304,0.853816209921926,0.854710881711557,0.853761396719164,0.854008316916708,0.84273148264931,0.848007748678154,0.848033894893924,0.84821732363513,0.849729242808337,0.844770992090494,0.840617827532226,0.838134135410666,0.842841725275718,0.842629343888742,0.847965482323542,0.850506746217792,0.856134013231717,0.853239976924979,0.852867239287523,0.856737368935696,0.854429454770467,0.853816399470044,0.855582171192736,0.85512499361169,0.859028921859987,0.860012897996065,0.860110164456779,0.854230233438268,0.858785525784734,0.852719932976493,0.851751179799385,0.860183429078783,0.861107795573884,0.860590674365239,0.863802348897492,0.862046873830244,0.865376571704151,0.866424949693989,0.865937517893103,0.861860254777587,0.861347281624211,0.861876561093216,0.854522795623209,0.855521550524655,0.873545387695782,0.871158422137524,0.871134077694656,0.887014213662691,0.888465450084507,0.888247608855272,0.889076697534371,0.891985967988296,0.881061597313789,0.882683000653332,0.879404550621535,0.877078785242108,0.872804498236099,0.872346562645618,0.868073707119876,0.867703938274246,0.86757407281798,0.867137252284192,0.865241505681785,0.864878081230798,0.862116898083232,0.867055626383409,0.876446311922277,0.878386399485569,0.893278947646502,0.891300360444275,0.89053052657109,0.901420748322957,0.911658350237843,0.912602981070315,0.912727173048669
An3_Tr104,1.01292983060931,1.00459924862767,0.990836656872659,0.995395121160546,0.987168406563956,0.982145337047764,0.982126624566207,0.996479133714697,1.00406606529601,1.00907355066077,1.00852360787843,1.0098508738229,1.01140157454951,1.01110043402809,0.997353344711648,0.997155847315221,0.998416916578949,1.00041427221459,1.00096315378108,1.00313331882797,1.00306780034529,0.996133384101956,0.984699354021741,0.984582807580254,0.974818721008024,0.995368343863018,0.990369841076926,1.00150474161989,0.994039221702709,0.989841286720752,0.989841286720752,0.982415515666002,0.978441345975808,0.979601521124149,0.971847177146196,0.969536330545363,0.968810718446317,0.962814460712954,0.957747886089106,0.954023636861248,0.953004041546332,0.945106187697515,0.943941476785086,0.943664803915002,0.947164425481912,0.932611672596899,0.941039592683719,0.94237445243049,0.939340983341794,0.941747525570202,0.945999683593617,0.932229355322078,0.943532018642898,0.955827635817482,0.95451020623924,0.949156734954109,0.9547373233423,0.95339350206955,0.957349220636769,0.958941917129471,0.958089943155432,0.953274182650077,0.951189384298092,0.954211993388982,0.96030943454878,0.966733463469172,0.959482760712004,0.960803914360718,0.952516686909328,0.958020293114709,0.958950684978857,0.954212795822536,0.948059136542673,0.939879333822707,0.939815793021602,0.935567701806818,0.945008371319422,0.942379996484543,0.955071576477159,0.962100784536829,0.963217900856017,0.967744768313627,0.960961813650009,0.951994363364219,0.952573239195569,0.947030343238257,0.949112651245835,0.947608710289257,0.955638528140041,0.951754977241649,0.95885969091185,0.966530318710535,0.954584126635394,0.947892359241513,0.948337955094385,0.942548309034284,0.940371921202342,0.937681363567971,0.948893715490092,0.952852264949206,0.953197672723703,0.962233715682396,0.953876268278812,0.955242646146231,0.953352220889148,0.964542045326137,0.962557997702773,0.965452419601951,1.00464320967089,1.0433794524642,1.08810450806129,1.08863710875535,1.1083435478654,1.14637611339192,1.14655830960528,1.1489322265841,1.15415639346098,1.1513137781617,1.15516208460181
An3_Tr105,0.999642574265367,1.00037531597324,0.994338434754532,0.983231878212374,0.997352562433329,1.00031791696646,1.01211647603113,1.01603139759764,1.01438355576183,1.00789417972771,1.00784990145792,1.00805920395004,1.00004104319176,0.996803615436668,0.99852842306441,0.99802051510066,0.991792169045208,0.986610418514857,0.986610418514857,0.993532934840889,0.975406121670943,0.957530906235916,0.95796595896599,0.95365611517575,0.949152799675692,0.954214100772845,0.962530203335851,0.974961616764758,0.972725088675852,0.976105077904222,0.971793339555081,0.964577744665964,0.964577744665964,0.961131469085599,0.953607517897625,0.953607517897625,0.949349972440295,0.945356594365353,0.945665167537511,0.946230596896828,0.938614697091874,0.935669898965421,0.935411325445526,0.940174787498635,0.937594560500807,0.937079015089595,0.935065579082493,0.935607634554979,0.937556999070329,0.937400707871739,0.929137863642946,0.917725747114608,0.916526150142254,0.921268875533623,0.922271321970603,0.922645877056155,0.928562869481464,0.937520105472935,0.946976876219973,0.948418099971932,0.947373704331569,0.940955025156802,0.944310421521887,0.93809250590064,0.931993027296538,0.925206326008899,0.932273093885441,0.926847843012776,0.937364062903421,0.937364062903421,0.947815189148381,0.94715671379253,0.945532364802751,0.948118443687693,0.940862623967867,0.941098631155006,0.936276325019274,0.934409217658141,0.928831612032431,0.927741127559897,0.937008464558874,0.941954936729772,0.941353545766788,0.95600532163679,0.94114920574596,0.936553547251784,0.934914745342469,0.939241664908523,0.949485939740826,0.954056850826553,0.959279119424016,0.953184222572426,0.943786715161986,0.945283859533779,0.946412458010656,0.945759337180094,0.945915609862622,0.951649047666186,0.950036635071822,0.949427400819471,0.949572096146299,0.952250901670395,0.949622422370386,0.949622422370386,0.949399011509058,0.944446528088461,0.944446528088461,0.947697872465707,0.946777142183632,0.94819407355844,0.957101290822061,0.951316223027214,0.949739686676951,0.952663939829919,0.948429923652023,0.943343446398405,0.941328238610602,0.936909916489245,0.939970749540949
An3_Tr106,0.986274021831315,0.986274021831315,0.990451663514997,0.999487752762775,1.00219855707059,0.992045413851478,0.989578760648387,0.989136737332275,0.991117979699127,0.998183709505291,0.989870494490947,0.989432887962394,1.00080991006871,0.995910941126782,1.01160380560717,1.01334798257769,1.01227856451906,1.03089588086131,1.03110091473839,1.06031082257093,1.06273458922947,1.07513791229891,1.07513791229891,1.07885644448801,1.07337488444813,1.07380584100992,1.07069653406645,1.06313817159264,1.06313817159264,1.04571491216768,1.03626364589777,1.02192666584735,1.02192666584735,1.01493910761083,1.02074724702989,1.02518239766245,1.01476617692426,1.00694534106623,1.01078540101864,1.01196535312604,0.999210273735422,1.00100722701509,1.00835220879625,1.00232764738452,1.00202655630724,1.00200894216121,0.997700721614067,1.00274629021735,1.00210253875644,1.00269418847261,1.00721446524286,0.998660474639958,0.997683850348307,0.99671172436263,1.00256320342859,1.00077153656778,1.00209297982942,1.00262080592153,1.00318588179059,1.00608346275389,0.99971020858603,1.00082531733277,1.0088797384657,1.00998026908116,1.01852172371568,1.01272265409233,1.01249985211861,1.01322243619632,1.0130768224802,1.01561493761986,1.01483965615027,1.01731053855983,1.02106226461,1.0147744856047,1.01342487230446,1.01493718439336,1.01791706361278,1.0228978049058,1.03203972127942,1.03207548348765,1.03008856932907,1.01499584866787,1.01480539064255,1.01362840940861,1.00345029535088,1.00993001755875,1.01346323178276,1.02452165432039,1.02199051993324,1.02315397770224,1.01773730482537,1.01713632528841,1.0181828850106,1.02135540849142,1.03487405940404,1.04441664138848,1.04468917743269,1.0765954640438,1.09951851416027,1.09800411334207,1.11663825093033,1.13336917412964,1.14233730577442,1.14233730577442,1.14229406843237,1.1367226859423,1.13541768635444,1.1067704209022,1.13433877059621,1.13435190462689,1.15350533057738,1.16017166402926,1.16008087292002,1.15818486834952,1.16275510753974,1.14804400789947,1.14795123045673,1.1553028051344,1.15340245225815
An3_Tr107,1.02757174477321,1.02635859712943,1.02595445291854,1.02415844633115,1.0184707073519,1.01947013245202,1.01494677410115,1.00654400414912,0.992194235311231,0.992667201742312,0.988474055144916,0.986811978957945,0.986524078408242,0.987599488910736,0.975796788836094,0.978723088809679,0.984769128581183,0.981482548045567,0.981482548045567,0.979677139621511,0.975409463377777,0.960669915188158,0.959902361282766,0.963547346456661,0.960659726167566,0.960907863137057,0.971842079906341,0.973698358319949,0.973278362068908,0.970570154710345,0.969232312897008,0.962162207792676,0.965063534296386,0.969358559232158,0.966499078099247,0.963247004839774,0.963495189871055,0.966364607684534,0.962367543978006,0.962711310417277,0.959364527004897,0.956060409046888,0.957560785522145,0.951425661776148,0.952352148510337,0.95270677968526,0.95270677968526,0.949864943369291,0.949473644902111,0.950250303802582,0.94969177179954,0.956140693105603,0.956326393647909,0.960409946672947,0.96125299842638,0.963474582030036,0.962785073968876,0.961025237415862,0.964748591326453,0.96422290710283,0.966283897502942,0.962391989512054,0.972313107813539,0.964931330206611,0.962828085426161,0.969216889118274,0.969216889118274,0.976030684070961,0.976480065678456,0.976469852626517,0.978022061141066,0.977464562933198,0.977706558676949,0.977706558676949,0.97089956697279,0.968679541354567,0.970206031372047,0.971669271725636,0.965897889603778,0.964049428423937,0.963777143328447,0.965571973189621,0.972951261776716,0.97394855616901,0.970035131067792,0.963672800698141,0.963793917089395,0.957822164862333,0.960128683388945,0.959991694560877,0.968921406817016,0.968650614327782,0.969648018107996,0.969578920871167,0.972477460829749,0.964439323805637,0.965542874264926,0.967422149116011,0.958979522852323,0.962257304056907,0.962634197356221,0.964834742575567,0.960092921442508,0.959361510240877,0.960665607325548,0.955999634932077,0.9533724648844,0.971272174962646,0.989426554197763,1.02988788073692,1.03282539346421,1.03149110944889,1.02397373407246,1.02413347359885,1.02849826578467,1.03884534890805,1.03820750461214,1.03443284901483,0.982776025167066
An3_Tr108,1.02174582514355,1.01339243845547,1.01293993104351,1.01298360652805,1.00410903961861,1.01207397424695,1.0139663786172,1.01716371632552,1.01442265326169,1.01035412622257,1.0119100676813,1.01910712604182,1.01713770460999,1.01908159468095,0.998774875512036,0.957874760526379,0.945267188688144,0.944490251979386,0.953204740816889,0.967352056996918,0.969054047530039,0.980818399749765,0.988119640432884,0.984928939173386,0.979567674348003,0.981189912150644,0.988283106035515,0.988283106035515,0.980899486045502,0.97743863560505,0.969626033496996,0.967806191231033,0.957969062127766,0.957296664887566,0.954688135487775,0.952257701653733,0.944489840423256,0.944380150220621,0.951734874072393,0.962753605744101,0.962796805541216,0.964524782176655,0.960842041771056,0.953883725838656,0.953611792018164,0.951029472527286,0.947262700217748,0.947054962029282,0.946466723947884,0.938891227738431,0.939768415689342,0.945901598198024,0.943315883959997,0.941850620510445,0.941625168015536,0.944882031077608,0.944242714290509,0.943698991045837,0.950199501267568,0.944804410546509,0.950585824234221,0.94977486052378,0.942109463127907,0.941569223770206,0.94178170195127,0.951369695792133,0.954943421220074,0.955995929230444,0.965287147662632,0.988837174950714,0.992654292320966,0.993824801369664,0.990443777541528,0.977133355312568,0.976513303866031,0.978770961788989,0.970835281300962,0.972381625615565,0.964566738236955,0.945759119991318,0.9418956574356,0.942234450612269,0.949207299723709,0.96635807306939,0.967567586229953,0.967116229760845,0.966609858616882,0.966218531022047,0.959461644987388,0.956896198194422,0.95602698983278,0.956435826320146,0.949154626222429,0.946422887546562,0.949337100701433,0.949409049188977,0.944484815937979,0.949049411586372,0.93367977305156,0.928424753807501,0.933243091845809,0.933195886288367,0.960012747811969,0.968084149533555,0.968291096564446,0.974977291936612,0.967527653921678,0.957183545512363,0.960844464371875,0.956435922625856,0.949801338416097,0.950550330003356,0.944392345058314,0.943401295362979,0.943909861434016,0.9495910810845,0.940844400808753,0.943390572925354,0.943390572925354
An3_Tr109,0.996052555872965,0.989844678245224,0.992105293797399,0.992632272925302,0.992725177315965,0.990161342742742,0.985842650979307,0.985770149251486,0.981919932163586,0.991772229144225,0.98985310750671,0.991889639834179,1.00075728940407,1.01224951495583,1.01700589268672,1.02703318989363,1.01976571021656,1.02586617258606,1.01675320047805,1.02524569120954,1.02524569120954,1.00450299286676,0.965628245252493,0.973571092779687,0.973675715282422,0.993542537411488,1.02251487303264,1.02196815969871,1.03615812875217,1.01215456799432,1.01634566454627,1.01634573231222,1.00690379364305,0.993423213183941,0.995615174929093,1.02666886305797,1.042580385049,1.04313831645388,1.05339968672073,1.05238129683194,1.05956770323615,1.0531956168833,1.03940224865765,1.01969920007456,1.01969920007456,1.01097310384254,0.993839130195954,0.994153005443781,0.991368064713602,0.985623414113869,0.982211382214929,0.988426283959588,0.983110582938839,0.980038676342964,0.980038676342964,0.978775579051275,0.994527033346456,0.993824067818046,1.00573561245825,0.92457402429094,0.862692351350796,0.860838916003173,0.850385210891768,0.843175099737391,0.847120225718555,0.853782833741575,0.860517188194349,0.873632879779401,0.872445275528235,0.863908793146031,0.865301090498833,0.866693387851634,0.868085685204436,NaN,NaN,NaN,0.866186630441032,0.86236064848742,0.8633013247598,0.862152774670901,0.87028221359433,0.87046662627314,0.876058280665064,0.878755887389774,0.878563546581153,0.881802543485606,0.873991250138623,0.875823861393422,0.87230791279348,0.882017080260061,0.894805041239557,0.895644863957814,0.883012119723502,0.891298259306325,0.898660721475469,0.898660721475469,0.902494362251824,0.904861034181487,0.907046497270885,0.915598722264103,0.914039046732063,0.914456646718031,0.909386864937435,0.916003429848341,0.911271982034911,0.911271982034911,0.914285032320526,0.915265161498812,0.915265161498812,0.918568829361668,0.933488586607665,0.964943818599719,0.964943818599719,0.974497866748885,0.975457835462356,0.976311761095798,0.975002721875395,0.972360905180768,0.969921252812462
An3_Tr110,0.974560248073784,0.978850759972663,0.975566196307599,0.977542952479223,0.970286723357406,0.981659573218084,0.981659573218084,0.98074851146906,0.974018128429699,0.979467325165,0.979425692138543,0.985877639052697,1.01277405525073,1.01537767847301,1.03005249516193,1.04696195788393,1.04666979303985,1.0572363781116,1.0512643191971,1.05444330079575,1.05365682418294,0.988781785114297,1.00076288089258,1.00076288089258,1.00175233801866,1.00947050206633,1.00941870998484,1.02640741508894,1.03119603004356,1.03669966567115,1.03669966567115,1.02919956968885,1.01872322262175,1.01872322262175,1.00130896221145,0.996919433587292,0.990165561550197,0.990165561550197,0.98944323494493,0.982986135571516,0.982986135571516,0.975241599146712,0.97207476337276,0.954967074032439,0.956339323181764,0.959524771714293,0.959066437332604,0.958150594786538,0.953595685950136,0.950566407915419,0.951802135499198,0.960503021565924,0.977646367822794,0.975790559254021,0.974907043867182,0.997027535458049,0.998415411045528,0.999972643152882,0.996850429111061,0.992982366245434,0.993958163519673,0.992591032898358,0.984707151641089,0.98002403361553,0.985139526174295,0.982473967036636,0.984359759628986,0.984359759628986,0.980896767301265,0.973306986382477,0.973680345297863,0.973840195897564,0.975847945275763,0.966052193431247,0.967145336146202,0.968075381464953,0.962721404523095,0.968052199092876,0.969784520396347,0.959144625124646,0.959144625124646,0.96753757566848,0.966149989434723,0.974853797783844,0.974853797783844,0.971420549650411,0.967026758397214,0.966829635240539,0.970907659719544,0.976353009347015,0.976037348179205,0.977647003201673,0.980112415555347,0.984031164967677,0.984031164967677,0.986467317937937,0.981221173474273,0.98124342155239,0.986939517211881,0.982635534665939,0.984588798086574,0.984588825681752,0.986722288182336,0.992536021512536,0.993134772888429,0.983329576318645,0.982287289470314,0.989771068102104,0.989228889753271,0.945514469192631,1.00021199877807,1.00047909761774,1.02410544163686,1.03465968553836,1.03500864787785,1.04493042545684,1.05274863933342,1.06631887457255,1.06614534396578
An3_Tr111,1.01152508194679,1.00853310288226,1.00397191005393,0.993990618644494,0.993990618644494,0.986695368877884,0.987090844981843,0.987090844981843,0.989716189985364,0.984434556767222,0.981210724367997,0.981252790165373,0.993816016639946,1.00598149611326,1.00569753209266,1.0190112666114,1.02051274581317,1.02051274581317,1.0249655446169,1.01955122457401,0.990517612885389,0.990512444711912,0.969649447460725,0.975011470456661,0.975026146702286,0.988287738727539,1.0025669557816,1.00414726074035,0.996594782369178,0.987510235148924,0.97837947436044,0.977070765880389,0.977423165480401,0.972859534258615,0.973852149375574,0.967122695742805,0.966450285541823,0.96500749663949,0.96553827452389,0.950091286716172,0.949983101948181,0.94529581747656,0.952961139971853,0.962392027264983,0.963469122512157,0.973211145473695,0.968129183268769,0.96065549304225,0.961130997170886,0.946224442910996,0.944042440178163,0.939751852720369,0.940261707905869,0.933570251096144,0.940886410747437,0.93969782729012,0.942837933797221,0.941660710325738,0.941746057419515,0.941021199324197,0.939730864997939,0.944488453851375,0.956645644878978,0.962144073932477,0.966678765900649,0.965552234115532,0.959209951830968,0.960808442615069,0.961560641803233,0.957789947785677,0.945606404234808,0.949968124473189,0.954006314191656,0.953416188284658,0.944868760628184,0.950097422366979,0.94971004000927,0.948484001282488,0.948039114065048,0.953988323872032,0.957866128981835,0.97150480889602,0.97150480889602,0.970930680061771,0.969499976677294,0.969499976677294,0.959917345896763,0.963501698853219,0.963823661213912,0.959194275121966,0.951921532994475,0.960954851523161,0.960623458615755,0.972289226356524,0.965000774827173,0.968098358505049,0.958734133821074,0.961243127102245,0.959217214205994,0.958400536533449,0.965361249531702,0.962261491556568,0.962055911997388,0.963307460412935,0.950990739738008,0.951674255706283,0.948813204870807,0.950107672219519,0.947749768132233,0.97441766001534,0.991372267798886,0.992027375942617,0.98703945806966,0.984536747342447,0.979337008132785,0.98041727284916,0.97404862327256,0.964704809891303,0.965966147521541
An3_Tr112,1.00264391902395,1.01742779481703,1.0144477852309,0.996919252735475,0.997100225010828,0.991385409793126,0.998815546740302,1.00419472388353,1.00422046523033,1.00630903401825,1.00274006315047,1.00386837093724,0.998581145417701,0.991834403504814,0.993127680854106,0.987570275494716,0.988612993147945,0.999545731226561,1.00065517978271,NaN,NaN,NaN,NaN,NaN,NaN,NaN,NaN,1.09496417203776,1.09496417203776,1.10923068452992,1.10190231042823,1.10348543128471,1.09854994513692,1.12457240227776,1.11416823140093,1.11959524676443,1.16694182678024,1.16559217016985,1.16789014985574,1.16137594326223,1.1346410527997,1.13123741844813,1.13260076318169,1.12187854934452,1.11234823238886,1.11194312172705,1.10911105996055,1.10611696889171,1.10678792243473,1.10560970990195,1.10210336109219,1.09133644873054,1.09011001889463,1.0914621517444,1.08113505245719,1.08079229963349,1.0782158110019,1.07626488625995,1.07548327203945,1.08288109778951,1.07887778663479,1.08171970501136,1.08171970501136,1.05325359187175,0.955651072805011,0.955651072805011,0.81412684311964,0.770925756456053,0.771060792651105,0.698258684707686,0.668960118961023,0.646172959705061,0.64667322415734,0.639992101733232,0.652363481353695,0.652507088542983,0.666583429251892,0.681916611255206,0.69641020535004,0.691846248434385,0.716388170117451,0.751868883532976,0.749825187613196,0.763336030482032,0.767646788057287,0.767646788057287,0.809197889109556,0.807445073404487,0.831983621240401,0.831759208370245,0.847691338711929,0.853813850578169,0.853785202904051,0.868611831847502,0.876917642721849,0.876214449996893,0.888106355086636,0.895245712607496,0.910694087670254,0.90671169817087,0.907974314670831,0.909084293546222,0.909084293546222,0.906355554124177,0.898341134104132,0.906582987970718,0.906582987970718,0.911838543529089,0.918785946638958,0.918785946638958,0.929694489204524,0.936032167846172,0.93567008312056,0.938301806557773,0.945008677392236,0.939434944696501,0.939512986392242,0.943533239889024,0.945200932885646
An3_Tr113,1.03665280046472,1.02644920119306,1.03208410351716,1.03265432450606,1.03149367887222,1.01542861566231,1.01539443951422,0.981979104516396,0.970732128973428,0.967234761271637,0.969213785321661,0.971260677800953,0.97577083538801,0.984391196089969,0.99669997651602,0.995533148090219,1.00038073273116,1.00190761339872,0.994738876172095,0.980344700997306,0.983669895812146,0.961139772462586,0.947714179347861,0.947714179347861,0.95541670868036,0.961039123871058,0.962137438039399,0.970747703130046,0.966291146271395,0.954982565557516,0.954982565557516,0.952538808416688,0.949672427412547,0.949672427412547,0.93998312591904,0.938875684533811,0.937913812465315,0.938273145552754,0.945798934470405,0.953840403033964,0.953637302445831,0.966131045098801,0.95967680874739,0.960443113104459,0.95986606125709,0.957624143806405,0.956250401320233,0.956021691059114,0.951042462048631,0.937091223255638,0.937411623207947,0.93057685828079,0.92795084393824,0.925320002887165,0.958160127077387,0.984215228573365,0.999655369568926,0.998788008769034,0.98889930980107,0.985270994926265,0.986177657449618,0.965598575080653,0.974594122166699,0.964123264524697,0.963642216078061,0.961960265090716,0.944073117387258,0.940614948402781,0.950120955547156,0.973515805992088,0.972040071829683,0.968650431304593,0.968593533322865,0.966906795392203,0.967970034529765,0.979769622808209,0.978473254577736,0.979548793779106,0.9778190461291,0.983907224721823,0.986230952390694,0.987272960307251,0.980847813143143,0.975478960331694,0.975478960331694,0.97556489263109,0.984469968841737,0.985569780731792,1.00431512163725,1.00285157685671,1.00394088626544,1.00058268669456,0.994491411073578,0.991490802138618,0.991266733515069,0.995759379148974,0.97413379318565,0.97413379318565,0.969325962366145,0.966861756793547,0.974433197324555,0.974433197324555,0.956828762594487,0.957849642484948,0.95873460960692,0.969899568278686,1.00874333847697,1.02760000573314,1.02995598682822,1.0596881409116,1.0441863881529,1.04468967281273,1.0332012058836,1.06840798044425,1.06840798044425,1.04789151358574,1.02599183155504,1.02538567668738,1.03384968585384
An3_Tr114,1.00541947258106,1.00683794896911,1.00381671227267,1.00266417013841,0.998633800018533,0.995984676634784,0.995023113879654,0.995428189806692,0.985336173674322,0.980074890091257,0.98103041373618,0.97642081410436,0.996115820023414,0.997343139368725,1.00887487915648,1.01309756825688,1.02217169136096,1.02201437387716,1.01371215204935,1.00748456564182,1.00813773826893,0.998374266640044,0.966358738777,0.965759119254087,0.976581891443634,0.984152641329525,1.00501843745567,1.00723110391685,1.00898691760841,1.00950218979558,1.00950218979558,1.00748269305068,0.984587933291141,0.987811036317068,0.987707048135033,0.989194172659611,0.989906776892486,0.989174098061788,0.985712653476711,0.986625236234033,0.985950160268268,0.983036750267869,0.982171163968378,0.979814765648431,0.979815643562519,0.975587192372238,0.980356500052221,0.979021021270474,0.97856436494932,0.977092091419278,0.97429736831475,0.966251203943701,0.970963280198961,0.973445519410057,0.972736648972269,0.980920787622346,0.974148877349228,0.973729124972706,0.981299446652685,0.981092152979481,0.983549580789612,0.979125323402741,0.984599899099298,0.981908329816931,0.981908329816931,0.990693819859706,0.996797934013608,0.996797934013608,0.990454000292103,0.998088091494754,0.987792039379981,0.98923106200293,0.987700231269508,0.985400165703359,0.986437501543867,0.984245288808165,0.98632917452265,0.985748114384963,0.993523309838364,0.999011894224461,1.00550414342959,1.00597375047208,1.00505305013706,0.996216984492425,0.997622286418675,0.99676840027204,0.996834316378132,0.992282458400418,0.987467525678409,0.978125572247661,0.977039453324934,0.977006045780365,1.00618781770418,1.02297843570913,1.02264724914837,1.03043561642563,1.02540918105276,1.02124966267549,1.01619871966844,1.00841645227695,1.00469797788609,1.00469797788609,1.00312152926691,0.991142763704428,0.99105280213168,0.9865912980375,0.988121675515468,0.985250392937147,0.98539094460313,0.999294839047612,0.99836823720736,0.999480779970309,0.990111526918938,0.983782335738652,0.987425573903164,0.987435502981392,0.99383288757447,0.990696779519056,0.989674732947028
An3_Tr115,0.991834416262323,0.998626584383511,0.997896681478692,1.01435526318423,1.01012322904681,1.01260359068101,1.01527257896323,1.00637654944521,1.00238047586482,1.00512935218582,1.00458029144423,1.00270319529788,1.00244131548572,0.997182366066548,0.985663251493025,0.986871158082749,0.992715541380845,0.988630470641797,0.984613688611535,0.984613688611535,0.969847473903716,0.966391980131833,0.966391980131833,0.992741294377485,1.01752739626896,1.01754171966338,1.03392153367568,1.03697362450621,1.03230938561311,1.03130695204745,1.02129991659495,1.01237557304467,1.01237557304467,1.00775572092078,1.00352219178186,1.00352230904888,1.00256136344375,1.0072632351685,0.986571221510692,0.986571221510692,0.990972084766534,0.985593228784459,0.984520083209325,0.982979007364531,0.982464136750161,0.981038732520525,0.982850793490625,0.98124072431782,0.980709243211994,0.979411166590549,0.983513583593732,0.981878551942124,0.985040670967867,0.985138823113007,0.98308908029735,0.985440407577454,0.984576128670593,0.979876653642324,0.981604807906397,0.980624814222086,0.979674750194911,0.989105626248648,0.9844308060135,0.986832156415233,0.986002022726683,0.982988006902086,0.981542593369495,0.979343654371968,0.983138306194021,0.983114300304292,0.979033638392673,0.975843515339598,0.976722697794932,0.977433602456557,0.972825573913957,0.978538003852529,0.975327508544546,0.97918332841903,0.981374712506946,0.986607188657089,0.99620638569988,0.999027367501823,1.00087148549125,1.0008901591724,0.991784228919577,0.986595357202764,0.986074540464852,0.986521410975407,0.981285419358557,0.963485913207553,0.968131015662172,0.975551990428959,0.971412511281781,0.970077375757791,0.988863607850768,1.00109414708088,1.00404868948485,1.01060551051564,1.0081703866873,1.0081703866873,0.997254689774274,0.995256092080358,0.99258054666874,0.99436726564002,0.990041845668554,0.997796282704337,0.997796282704337,0.986145981416923,0.984679521343627,0.978193469534461,0.977104795940479,0.976256862225114,0.97373212241283,0.97373212241283,0.977001849893246,0.990487690716433,0.990091505758782,0.990817393409844,0.994269038108999
An3_Tr116,1.00607200136738,0.993094204305629,0.994275310305994,0.997535445619738,0.986790568641972,0.986005929281129,0.984514311137202,0.978942249236861,0.981095847631636,0.992063332017942,0.994951734732009,0.989709969806422,0.990990443680232,0.992785570762399,1.01460470146034,1.01401683526518,1.026845472795,1.03406442944981,1.0416416425031,1.04182990644949,1.03550393454683,1.01285522499666,1.00946578995216,1.02259472683466,1.03374224446148,1.03316160945739,1.05204798671644,1.04329648508857,1.04790779566264,1.0475498650811,1.04483660225335,1.02813173630547,1.02873842166226,1.02272867293656,1.01861177951395,1.01390862056874,1.01588413049523,1.00955337299544,1.00786675448411,1.00857593452266,1.00292382010085,0.993286710237908,0.995531338860535,0.99353598044746,0.989394642317667,0.985020337868284,0.985050459682408,0.981596647542642,0.980440026466102,0.981364880292675,0.978682590893735,0.977038523156009,0.978238515068935,0.972832045502409,0.972770125394828,0.981905119723823,0.98137919166811,0.983314241112626,0.988071596725133,0.984014013531833,0.993295768662958,0.993373706129252,1.01059118330281,1.01050464615414,1.01364625276144,1.02554761700262,1.02557435075819,1.00219022651007,1.02099175043691,1.02130494359058,1.0165369609313,1.0482811390917,1.04937486107686,1.06498119726189,1.06796788631913,1.06169470862317,1.06170741256274,1.05127769151413,1.04287388614051,1.04225468851514,1.03986098638608,1.033430486811,1.03111830116797,1.03221157915649,1.02517447266469,1.0230799022409,1.0285933786348,1.03653901835771,1.02962669099923,1.04756989423422,1.04721909137628,1.03770351735279,1.04459469278768,1.04476438515181,1.04626411682558,1.04075433845018,1.04094371526688,1.0342314391235,1.03282835342331,1.02035728282061,1.02097810872685,1.02862011504114,1.03784907435543,1.03755910495789,1.07248748524366,1.07016260624999,1.07015302435103,1.08936510670179,1.09326146978413,1.10197914197831,1.10216748756347,1.11220655914303,1.12721682580015,1.12713227404178,1.12940018558771,1.12718611693911,1.11607282590181,1.10939873467559,1.10576941619843
An3_Tr117,1.00113341842361,1.01107085615671,1.01058571391737,1.00473050689006,1.00242651551407,1.00350923574097,0.999076134780656,0.997947392565367,0.997121042590685,0.997549818011517,1.00024736455209,1.00338224258086,1.00508991095337,0.99697323114437,0.995619258377938,0.993822059911342,0.99231951166119,0.992456596501964,0.994939189725854,0.994939189725854,0.995250126901995,0.978961680255414,0.978961680255414,0.977067963890504,1.00382294719371,1.03085867944136,1.03296090909637,1.05222715685235,1.05449772795586,1.05370972882726,1.04371984208687,1.03979998936548,1.034669381224,1.02732510748662,1.02205335406553,1.01081526523329,1.00605178916086,1.00794131533367,1.00868172489635,1.00875343883884,1.00932025529215,1.01097998982659,1.01024598413281,1.00923964669202,1.00271815012235,0.994323064829668,0.993756794009135,0.993924026599482,0.992380417227233,0.991454744738381,0.992374482489222,0.987421483401154,0.989631363493259,0.988390406607663,0.998391461474366,0.98682413726658,0.989197439652448,0.985105815900527,1.00923838388291,1.02379139961619,1.02355801707982,1.03365311007889,1.02658182726181,1.02662341493909,1.01898368069761,1.01506935361876,1.01355603127297,1.01631397286779,1.01142146887932,1.00816504941764,1.00566963891439,1.00407578775093,1.00609992309202,1.00519965341152,0.999008607331444,1.00431332047354,1.00466956433472,1.01690563922506,1.02823640276923,1.03966921081639,1.03825367167066,1.04103390145052,1.04321210205932,1.04307088686234,1.03074900532464,1.02835532275833,1.02081499588641,1.02528230224331,1.01887309264917,1.01786789390628,1.01757699198196,1.01273563489577,1.0060606497171,1.00657073848548,1.00447704987253,1.00028540925815,1.00305554358725,1.00234687400667,1.00844085595956,1.01514698738757,1.01671021410634,1.02798452607928,1.02249269354382,1.02092683600592,1.02026925787374,1.01264177011821,1.01151005288931,1.01201035171988,0.994780743287676,0.991608181057998,0.991571088187325,0.992765297450402,1.01464533169367,1.01689663166241,1.04328347681496,1.06260570301349,1.06216239478939,1.06187915624306,1.06539977477975
An3_Tr118,0.980216057112624,0.982526494822764,0.988262918491414,1.04448446365262,1.03834464978367,1.03607792238342,1.00049177671877,1.00740583416402,1.00827601789474,0.991528482185885,0.994072952578169,0.992173996552474,0.991973881474624,0.979586776515162,0.989859306669171,0.992497086756797,0.986258305368439,0.99640533829822,0.999557738577018,0.999127602974716,1.01381890289066,0.996918727595478,0.996556993236148,0.994192987465397,0.984550598774555,0.999868507922695,0.999859065093162,0.990494235382904,0.998749559746595,0.998749559746595,0.990458766726243,0.982863965453362,0.98226974935019,0.973467777346026,0.979252701247309,0.973531046493162,0.962943965756248,0.96389389228607,0.966618388974774,0.966953580208871,0.963323591981266,0.96391798138042,0.961555218723321,0.958392056345838,0.959950998520833,0.963326232830361,0.963326232830361,0.962805454252319,0.957465255257987,0.957989807540014,0.964791667435979,0.967703140949208,0.967867539918359,0.9633701086371,0.959906807725576,0.960220499716578,0.960220499716578,0.959564445836053,0.955180553883912,0.955383890260102,0.957006645561069,0.962618801253286,0.959437986616672,0.959437986616672,0.964558256289547,0.958908329160816,0.958978394637941,0.962155539974076,0.960822916828298,0.955415912979869,0.955307522120058,0.954264068798016,0.949478354931147,0.950867343970446,0.953841763556925,0.954328413361113,0.954146509376855,0.960359483134751,0.95539355686785,0.955270611581943,0.942359985186108,0.948022466884658,0.962554702911308,0.962534424230125,0.975730105420069,0.982633422884963,0.984045981461399,0.993912159565174,0.987947808737684,0.988609353053217,0.987461779321001,0.980342119050941,0.983758077719211,0.980991097328495,0.971753004861649,0.979907615602966,0.979122307192135,0.970273921644741,0.961205006694633,0.963942048651908,0.963409387364633,0.967855611802485,0.970537959410032,0.970406811300046,0.971828465011075,0.979008653115366,0.978799104630118,0.982449474229671,0.973792956133507,0.975493423876715,0.975059039478915,0.98103932223867,0.986954138812983,0.986601542640193,0.988419104248878,0.980722137386987,0.980073919814728,0.975553018603757,0.964489565850572
An3_Tr119,1.00928708203439,1.00907497120442,1.01255184560957,1.00437978318619,1.00461215240964,1.00213171104091,0.999209193224497,1.00290269127912,1.00743116909096,0.999880638031561,0.998677254401037,1.00038138315844,1.00469105003691,0.989301227765185,0.989301227765185,0.984096297823511,0.988401135162524,0.996837444030076,0.996851742745874,0.99467945192058,0.994259140687707,0.993256837319324,1.00496875307993,0.993980758064646,0.993980758064646,1.00178287073892,1.01902199178116,1.01302247138845,1.01298149040119,1.00635703791112,0.998422896381719,1.00025753393671,0.995523417440301,0.988799053926206,0.984951349417781,0.986176929621042,0.979401460722079,0.982784976989517,0.982810577734602,0.974917951922451,0.966769945354255,0.966586647889105,0.969216316184855,0.967722437472259,0.969324022984432,0.958778933335388,0.966876559437472,0.959155188038156,0.959078387153007,0.951133006921448,0.952683939088025,0.957342245688902,0.953301329709315,0.955551211845716,0.954233284667112,0.957976131429621,0.9542911738729,0.956829804088494,0.956829804088494,0.958789449227922,0.958216373397629,0.964539828377361,0.964539828377361,0.971555310604332,0.966799192137727,0.96491440266113,0.965237948927649,0.965061880232746,0.96399355864711,0.962152254984317,0.956114098065921,0.964718263638445,0.963904912813994,0.974898819322572,0.981431122291893,0.977879728172814,0.976412625549737,0.976182893951803,0.975925801667227,0.975698886214713,0.96600204537419,0.98149570980701,0.98149570980701,0.987199859221204,0.990158782086956,0.990040866330777,0.984902892547963,0.981857121391415,0.982347919569012,0.967871274627797,0.959133330093254,0.961922484623059,0.962607253363371,0.964869719016836,0.965296046680519,0.968156517406335,0.963342156376057,0.966700445387997,0.966419249948796,0.966196423289529,0.963388758162009,0.954259098798173,0.958313161512325,0.956518702561255,0.962415535241878,0.965008559678718,0.96566640073703,0.977031014390168,0.96499535106948,0.968100609121603,0.971233088637647,0.981918703195481,0.982391967686307,1.00141794200252,1.00587406469245,1.00665040539761,1.00484805252918,1.00761791761032,1.0029625277779
An3_Tr120,1.00218168212662,1.00123054378964,0.999007076300566,1.00152246630521,0.993517123528066,0.996746129811043,0.998242268978604,1.00149664749667,0.997766901078603,1.01029831960437,1.01029831960437,1.01119313513586,1.01005615836185,1.00135402240832,1.01057365799332,1.00024099738727,0.993782774639399,0.993760014846662,0.966731760603537,0.973156711600341,1.01186131614651,1.0126107460167,1.04312942066596,1.05803325808729,1.05766224542134,1.06069955143612,1.06416004980379,1.06549757278868,1.06549757278868,1.05325943285955,1.05615762127417,1.05586770438466,1.03254762488467,1.03489765637713,1.03448252223753,1.02359300198768,1.02571989357447,1.02792480302199,1.02515291064806,1.02982005303951,1.02389939182983,1.03052169363257,1.02424030556056,1.02179768128418,1.02328674404494,1.01861703174143,1.01241502336243,1.00766839932725,1.01936962047232,1.02130392920919,1.02372789311625,1.02390336473457,1.01714923273318,1.01457552195477,1.01457552195477,0.980467897479136,0.956931934616272,0.973978472313718,0.973706819354271,0.95633238571222,0.976675512804336,0.977226639063101,0.975773606786015,0.989220044212113,1.02072255677094,1.01339907378203,1.03566470357598,1.04518837071552,1.04519548622704,1.04780835020944,1.03335458008253,1.0209399610046,1.02658308563166,1.01507932434175,1.0070717205935,1.0070717205935,0.998359052930921,0.995972781042498,0.995972781042498,1.00357060194836,0.995200341292628,0.995226309576922,0.998357959102968,0.994286216821265,0.931964977010743,0.931964977010743,0.868437445253201,0.884183153772156,0.884175143868431,0.907383853154965,0.912665844874298,0.912792875935472,0.916448719790937,0.930696997392971,0.929975404820024,0.930058421127211,0.934345875697073,0.933789272662372,0.936518112338731,0.925851735292125,0.928283054060347,0.927030285548779,0.92613299061919,0.922814336113853,0.920134270711295,0.920466057551814,0.917638993962792,0.918843335958676,0.917340096002435,0.916982946429604,0.921148263104315,0.920572179648031,0.919627752812785,0.931158393075953,0.939024926433593,0.940712903088305,0.943929448247526,0.941474302675865,0.941474302675865
An4_Tr81,0.998027314128008,0.996635683734171,0.994345949847191,0.991660647774503,0.993231065111367,0.990190408688536,1.00395237568899,1.01228170223623,1.01028681441296,1.01390372840603,1.00897524129516,1.00565107472517,1.00565107472517,1.00809831607837,1.00460721199669,1.00481932942564,0.956024014361093,0.976078227028847,1.02557982033588,1.02550265437984,1.08677418936156,1.12310243940591,1.11705358315442,1.13238594390731,1.18457871741534,1.18361599691715,1.18282667646449,1.20202167003631,1.16680871712767,1.16313040081395,1.14722119051473,1.17564231470128,1.24215331762106,1.24478463492409,1.26968209082973,1.27125410732792,1.26909153362342,1.25311673022439,1.19872777408767,1.19833087431335,1.20581508356649,1.1968071114895,1.19718913301471,1.19395817210904,1.21094914707851,1.21753142456011,1.21432037002029,1.21498861928026,1.2144759121096,1.21510715536735,1.21697988694529,1.20137114028963,1.15925983027457,1.15924766774686,1.16511357875191,1.18694194787306,1.18932371753905,1.20085594276509,1.21752554590584,1.21790521787908,1.22399165461734,1.23659189898432,1.23356417636655,1.23356417636655,1.22179595747887,1.22524322253977,1.22359206196301,1.2168704585793,1.21148766093392,1.19793555093845,1.19711678399575,1.18464321653906,1.1797710559993,1.17827671499543,1.16846928141191,1.16351933982418,1.16316672815149,1.15147873323077,1.14612013049549,1.14612013049549,1.15770143856375,1.15530788442785,1.15287976786115,1.15091771315376,1.14281817667082,1.13787917978988,1.13787917978988,1.1443982776241,1.16017947513708,1.16704590062479,1.16600396355126,1.1702449211588,1.17400395428628,1.17562402623157,1.17255297261724,1.16701285278741,1.16132321719767,1.15642094197083,1.14868003262253,1.1442048972055,1.13917941406524,1.11563601659692,1.09418048405308,1.09418048405308,1.0738203435293,1.06647416418488,1.06307856573122,1.06428178821702,1.11069441307524,1.12377693338226,1.12567813018453,1.1631559920625,1.17344460195489,1.17344460195489,1.18402848032719,1.18200346202648,1.18371010883556,1.17904677007877,1.17762302477444
An4_Tr82,0.98970835242392,1.00624925057371,1.02449227632753,1.02516406400704,1.02323420770169,1.02232935990807,1.02122913032299,1.01497109891162,0.9961565948051,0.994241673914024,0.981991585554289,0.974200989463707,0.974808723828768,0.97520368349156,0.979412385936796,0.994962382345281,0.995088134461732,1.00634955834216,1.00020654768001,1.00447818269259,0.999605927153594,0.958984563983299,0.892608997946338,0.892248169636056,0.899927136004148,0.922133863181751,0.922369308707961,0.951934341805822,0.948326802851681,0.948555737996312,0.955488401213092,0.943782591802591,NaN,NaN,NaN,NaN,NaN,NaN,0.997854055961181,0.943066288827924,0.946349746034555,0.908705644413987,0.862562190524909,0.852092158703596,0.767703007344627,0.824840659414918,0.819126567907791,0.86065674936727,0.897195227731433,0.897122115250161,0.92038007944287,0.948887437286185,0.969104873665358,0.968832516480582,0.952398594452249,0.945189515525063,0.944903951043252,0.914250494096141,0.912004519496409,0.889487649518612,0.889116623488927,0.878051117336589,0.838791980279118,0.839426537734065,0.858676767380234,0.95389774535793,0.965970351933229,0.965970351933229,0.989996190080087,0.998800091412524,1.00077275412619,1.00155262196455,1.01722079572034,1.01722079572034,1.01197365939667,1.00101945655285,0.996135297721213,0.998148802825943,0.983991915717593,0.975423312648325,0.975423312648325,0.973749018511396,0.961677242507077,0.96008355558367,0.958522025841331,0.952842554390755,0.957016326244071,0.952566504605983,0.949391099965856,0.951791284779842,0.951583467312841,0.948334264688599,0.945311677701889,0.946373588323857,0.943333412466165,0.945199894768764,0.935302324208777,0.937421736935196,0.938069395952343,0.936725984625163,0.94299435167079,0.943877626683833,0.936971729487327,0.933488279163783,0.93341915454194,0.932815176132065,0.925355049436921,0.927100994948058,0.930857263842153,0.926571212107105,0.928289739852109,0.926338823615474,0.838360289365244,0.826211307828019,0.831154502126139,0.889978943227338,0.924294425233054,0.924712534552472,0.957964483730334
An4_Tr83,1.01014938199862,1.00861202350862,1.00846251137042,1.01951737263174,1.01607967034103,1.00837884602351,1.00795933832719,1.01075022423683,1.01302680004451,1.01832784752947,1.02787059914328,1.03022191099065,1.03022191099065,1.01278820662594,0.984957615793606,0.984111850739959,0.914267766589213,0.928456468935945,0.965839654178812,0.966379354788564,1.01710934538088,0.947251558703549,0.946960674104736,0.967515435310009,0.955607411820271,0.952358800054752,0.957017766764292,0.952569215372445,0.944856899006294,0.944800432681526,0.911084550262453,0.922667846669662,0.977624831521063,0.979488700023398,0.992636387965858,1.06016675517707,1.05963714051249,1.05586834430037,1.06095103190987,1.06095103190987,1.05617098250473,1.04770518983939,1.02834706604576,1.02860546251648,1.00774336428196,0.977823525393149,0.977823525393149,0.978925826118128,0.957564571415276,0.957630112332143,0.983846790387456,1.02302265630214,1.04589751345321,1.04636921729409,1.06431848857671,1.10609929113487,1.10123616405945,1.11940110315026,1.11195046249515,1.11194219894407,1.08875054006417,1.09323972810083,1.0721932085649,1.07309557183592,1.05968473432368,1.0495092912398,1.0505432875895,1.04231063802952,1.03758642569892,1.03030201691809,1.03048910077256,1.02553845824443,1.02219943975387,1.0226865240031,1.02050479874333,1.00950899009114,1.00950899009114,1.0046824987531,1.00162273070865,0.960496816899375,0.960514900747392,0.876380373678656,0.686675066605426,0.666764342828776,0.593830657412836,0.631448993206973,0.632110310457631,0.679504616791384,0.707004183715816,0.708432158063132,0.709111634588575,0.697173111639669,0.711064828940882,0.711064828940882,0.724359783368427,0.747204615588631,0.78793305150124,0.788291950443506,0.827153764169042,0.85761602991716,0.857722877533715,0.883028497254829,0.898629433130653,0.898646661577671,0.900314941736783,0.884250551253357,0.875417755048536,0.87581498499914,0.86157370559581,0.848257184043657,0.843497892637311,0.838430616721691,0.83233404385119,0.829794849149559,0.827473832662538,0.816514970110759,0.819156066926666,0.819594547848664,0.815088069886451
An4_Tr84,1.03505574066168,1.02019620004895,1.02124824643423,1.01515676212884,1.00892632198534,1.00027449893184,1.00113868869448,0.998067752796936,1.0004062050377,1.00058077640882,0.99262790871178,0.989282956195712,0.987332929014262,0.978752004246097,0.986786439716723,0.990387668383831,0.991294316513244,0.986139619625537,0.996344964464002,1.00127285462723,1.02439710757077,0.997029497201146,1.00283389325458,0.988426632506312,0.958277086626357,0.993900452285482,0.994115208387746,1.00807439126782,1.02247176153192,1.0204352531268,1.01288599772432,1.00470020265836,1.00547052149835,0.980716768044437,1.00533792112729,1.01636027605679,1.01426559367831,1.00644395164436,0.986710156652344,0.9907537857639,0.971364174842324,0.965964357819291,0.951774448926123,0.95460620884657,0.964563930013588,0.949941190756881,0.949941190756881,0.856056291831197,0.850988347834503,0.851188467745428,0.866107148353982,0.873402903239483,0.893354388207413,0.895431482990335,0.924890832799621,0.930588475174662,0.929954162118329,1.03114039304379,1.03718324433647,1.03118566972869,1.03711150145832,1.05967098121562,1.06670088773556,1.06791114017564,1.0512426104201,1.03141736697155,1.03123203315805,1.0115754941884,1.00328141535174,0.993773759050247,0.99092960570559,0.971212470627558,0.963237535682359,0.96428077622198,0.956451086418985,0.955482157828319,0.954813148758968,0.948377667716865,0.955775847651672,0.950546517725629,0.950032511726382,0.950687893591151,0.951857022463182,0.951857022463182,0.951858339778809,0.944247411600037,0.943485503144791,0.947063877754317,0.937765103943951,0.939235756601903,0.939235756601903,0.93930657619236,0.934953154274057,0.934374114517468,0.936896919833152,0.941692580054591,0.937039974740009,0.938559125184851,0.935869875434082,0.93186210655373,0.929194780999708,0.929516108661273,0.924322123444728,0.924322123444728,0.96951628325623,1.00563574648518,1.01898961063872,1.01894888128243,1.01930700346659,1.02272498471294,1.0226236833838,1.02414334274584,1.01051035187766,1.00674787977801,1.00783496653262,0.99651043867711,0.984409515841222,0.98511563733737,0.973900053970001
An4_Tr85,1.06226641681652,1.06635769131121,1.0632085756849,1.05565692208384,1.05621358897265,1.04300130800251,1.04575714581381,1.04463881911745,1.04481245068899,1.04396960347387,1.04199401112504,1.04249378510025,1.04144554480743,1.0412583434914,0.972941654167625,0.970052177638816,0.833301724117055,0.76533789382347,0.765292343763159,0.804314046367162,0.835283695993734,0.835947432277515,0.901165752531663,0.913937370069469,0.812576825539095,0.812425684905509,0.851207238244155,0.869521904720711,0.869998064204612,0.875992240679202,0.891372455112444,0.889112778611715,0.88384091292813,0.890273167711295,0.894330356865605,0.894330356865605,0.885032623911053,0.888983869185474,0.888983869185474,0.886061539956915,0.886522543640003,0.88606075867289,0.886060741404655,0.862370291040123,0.806274802626736,0.805962647232022,0.797799198219146,0.812072683355618,0.811528313398638,0.844627514355372,0.855805861584915,0.863032076526094,0.863032076526094,0.87469214567739,0.878940217695354,0.8802174996632,0.871506034469274,0.869306371217077,0.86358177539076,0.864052984021125,0.846887628387328,0.8412992719814,0.836087958985931,0.840281683600604,0.838301196507106,0.837354827073487,0.831673447382542,0.823504948367878,0.822374513477068,0.820569912498392,0.823816835315676,0.822629038602194,0.821763213907383,0.821933506049057,0.827006860121563,0.824755506487024,0.825597524425458,0.819273053240036,0.816590743913892,0.816590743913892,0.816544475678605,0.820329659844384,0.81985711559619,0.816700654681526,0.814092605610513,0.816422314131854,0.817473144233848,0.815659452634246,0.811875083308926,0.809323422361689,0.823023403682048,0.827104911324366,0.827389294843477,0.823728486730456,0.81618753719912,0.815760624640201,0.7319476140475,0.751278703187099,0.768485698441572,0.769020818139774,0.803074645709491,0.841702168755421,0.840700505900756,0.861935010136108,0.861445590300152,0.852073360248321,0.850998499051207,0.836824550590905,0.833431270845123,0.833084739873613,0.812114625914721,0.837575440991571,0.838183282274143,0.900225133553834,0.942568409549956,0.956015352483853,0.955349486713129,0.981952688853062,0.991020789901587
An4_Tr86,0.911006951229657,0.911006951229657,0.987325082760613,1.00612453031464,1.00602352433209,1.02993716188852,1.03628014935429,1.04083296200836,1.04049533434207,1.04278636982389,1.01766920802607,1.01775314659076,1.00874913490462,1.0034728554746,1.00024079041934,0.989824553807948,0.991656971034655,0.979407161229106,0.979407161229106,0.97976543721295,0.955620571496173,0.955268257712377,0.958812483352217,0.962356708992057,0.965900934631897,0.969445160271737,0.972989385911577,1.00013478682538,0.999549458468776,1.01321622044463,1.02509447924563,1.02461496877018,1.00629190240122,0.947886102125113,0.948767968277272,0.925728329560752,0.919360605845847,0.905474580848697,0.907836204956461,0.892186924450791,0.892494089759601,0.892040356569763,0.864610062348055,0.804494410726039,0.863709355179619,0.874709252421454,0.949580739526166,0.987213021494678,0.988611429543219,1.07101719253172,1.15378228445515,1.20108072350966,1.20108072350966,1.21204703561558,1.21306089890719,1.21152980264661,1.24379864230905,1.23026345327788,1.22990891536631,1.2453900574239,1.25442760763824,1.24944973679487,1.21702943363624,1.1774583108493,1.12717229431309,1.12228950152006,1.12413700974106,1.19731462268076,1.19775103375648,1.21130751328904,1.23933947315481,1.24342045100308,1.30122939466089,1.31980547104026,1.36032008857194,1.35889317783236,1.37751891863691,1.38393694831753,1.38461240823333,1.37494959484278,1.37297588604121,1.35153402011096,1.35158251526982,1.33065692859582,1.3080746787022,1.30839989960019,1.29805329207818,1.25273532397321,1.16987103479405,1.15861275400943,1.18187819543766,1.19932695804838,1.19932695804838,1.22898840716932,1.27770488832888,1.27746230823948,1.31608442876032,1.3201897201168,1.31621442213088,1.30196501817444,1.35823793396266,1.35712969322635,1.35712969322635,1.34313489010417,1.32812063139874,1.32814895248281,1.31393589953778,1.28407035097844,1.2814216563011,1.28147391213441,1.25438446171494,1.25030299289659,1.25020799362265,1.24743684526672,1.24202301090012,1.24926056559227,1.24928877451034,1.24110702773512,1.22300620069859
An4_Tr87,0.873947236930574,0.897928767110892,0.937457103088447,0.937482614452397,0.976271809663377,1.02670835357028,1.02656965193402,1.04351570966257,1.03696939083527,1.03219139918162,1.03523437152892,1.02715312590735,1.03121068111595,1.03632125234545,1.03516494075932,1.02270897671291,1.00882707013059,1.00752108938707,1.006816455683,1.00101338496661,1.00144448476288,0.945867433918111,0.936746052230171,0.923229360639571,0.925608694934256,NaN,NaN,NaN,NaN,NaN,NaN,NaN,NaN,NaN,NaN,NaN,NaN,NaN,NaN,NaN,NaN,1.12338580562324,1.15239771397294,1.16200286949558,1.16195538611634,1.16211096960837,1.15875363196967,1.15857079314406,1.14534863959607,1.14038808240414,1.14001459692121,1.12747048837969,1.11002359677508,1.09287095953275,1.09385664425102,1.08638259110083,1.08916093107051,1.08916093107051,1.0811540457692,1.09313092219047,1.09759972820494,1.09759972820494,1.09190481304301,1.08120944492311,1.08066205996041,1.06834018886102,1.07173230749955,1.07173230749955,1.07351833499801,1.06259268358983,1.06223889285528,1.05617240330748,1.06085621873864,1.0533006565437,1.05293631748288,1.04943580922041,1.05258791207626,1.05189539409748,1.04397189366142,1.04423556880562,1.04309574082747,1.04421371954862,1.04156641472757,1.03945388044509,1.0398534230437,1.04687392424719,1.04316561298198,1.04244011370308,1.04249353083332,1.03666617755732,1.03067428448807,1.02980996256716,1.0344616440843,1.02932877414409,1.0327508470421,1.03716379882364,1.0495480964269,1.05025076984248,1.05009493948223,1.05676820184847,1.05340629573309,1.05375044910285,1.04859660316519,1.04335177117618,1.04397596334254,1.03459867131671,1.01309857411277,1.01389356277998,1.01377476233341,1.02861344609396,1.03603061567892,1.0361987549646,1.04385086424297,1.05570554131338,1.05491059074783,1.05943017545011,1.05296247596447,1.04822721178143,1.04754268307275
An4_Tr88,1.0340014508064,1.02772960493283,1.02776909127668,1.0264252752043,1.02141135937963,1.01608566075955,1.01506797391237,0.998724061696385,0.994452378417483,0.987940567479373,0.984255694170593,0.984111325661619,0.984122373530422,0.987304301771878,0.982120009519881,0.9815114761327,0.981520972048874,0.983161324401195,0.982285098897846,0.981847476512236,0.977374212127754,0.936167053567611,0.819082390013835,0.818337742035961,0.801224296862253,0.847831622896302,0.847831622896302,0.867892280987835,0.870494505564598,0.869970973188203,0.879233562628883,0.870452370450406,0.866909840297943,0.863260050113982,0.860143301304951,0.845836410353164,0.847840403093802,0.847996386302691,0.850882258294931,0.855871875581192,0.857475692777195,0.849050830471732,0.848546196066941,0.817639646845202,0.805972201486617,0.817210012705585,0.817084918140767,0.829565651698451,0.830645952912448,0.836344293301491,0.835762698351597,0.842074878985522,0.840052915521845,0.839127879763544,0.838923199295732,0.838219344592419,0.837827982150614,0.838909937269892,0.839681341092907,0.835082380682398,0.835821813733419,0.804155998597496,0.748766342039745,0.753033446405904,0.763873918175133,0.820118622795898,0.820118622795898,0.844161244093952,0.854313224116335,0.862328575200773,0.862251770578646,0.862569428830643,0.855169092839728,0.851720730892155,0.845534037599418,0.833147500695886,0.833772484772736,0.806894918755135,0.787423215323684,0.714508115004881,0.707998087487235,0.755929853589365,0.774112370424366,0.774112370424366,0.794674183932382,0.82040034784352,0.833567514775509,0.834387363923665,0.841583796888623,0.835395238203227,0.836049662424003,0.83098062861165,0.818010299358585,0.81784193322604,0.813854569053558,0.803543552016499,0.795963619218195,0.794083663421738,0.769775980009649,0.761672539033876,0.761678768827113,0.805357000177708,0.832419259753182,0.832340268665018,0.851087279684291,0.873890417496819,0.865276317133635,0.867506457644287,0.874821925578216,0.89253115487304,0.888352789583749,0.901942480457009,0.895517537436679,0.872880949095918,0.869312433241506,0.869826312415251,0.883675992510778,0.882531870307339,0.918097573602064
An4_Tr89,1.02342764617691,1.02133209130233,1.01327848700188,1.01226321866349,1.01292771975777,1.01496657502247,1.00842816930107,1.00639537269749,1.0069010927095,1.00226022760157,0.999090637906455,0.999090637906455,0.993781288181862,0.988862062955475,0.98931120330915,0.986077275148013,0.985483062900277,0.967924248250676,0.968198983207157,0.884127392172721,0.850555293684002,0.85084209946017,0.86500735752425,0.877123175151955,0.881972676459816,0.904428841859139,0.922739360761631,0.930138273374535,0.930138273374535,0.932363273017349,0.888196092604882,0.888389075495749,0.872767122390937,0.896919113170182,0.896448972966922,0.917718436097553,0.903455553987482,0.902388244706839,0.90458274001122,0.902556684086211,0.892491355708987,0.894639943263481,0.885487208045345,0.87406264738721,0.872753905914848,0.873011704647441,0.863296571409094,0.861960638809674,0.862190404260268,0.854159257594087,0.860052800653905,0.859359099952619,0.874400524436613,0.896743323457594,0.904957726356316,0.906717923916282,0.903751624088071,0.903571006095149,0.901621752868578,0.898983613287038,0.891577334532524,0.891608439205921,0.893011532348567,0.888838107142422,0.889564018502866,0.890152619855813,0.887374963801208,0.88565996259499,0.885288431320329,0.884943812385696,0.875896988240988,0.875880593742908,0.812599830634524,0.790543158366331,0.808305170661496,0.813385517455452,0.843605593938943,0.927779299903672,0.926964702016113,0.96264148875483,0.991104633491647,1.01094371603434,1.01616061617349,1.02417069986527,1.01812660560763,1.01812660560763,1.00411342031466,0.9848539410369,0.983846781759694,0.979419830407013,0.968108539447118,0.964298461443493,0.964308382307139,0.957928159142327,0.952170607808889,0.952659915471105,0.953664496579904,0.95404510589886,0.94715110195741,0.942071625736731,0.941721648021169,0.942791553290666,0.942491959082863,0.943081872115862,0.936846426706681,0.93724281619155,0.931414488955847,0.921451188066802,0.900831585785893,0.900831585785893,0.915656261177421,0.933285411259005,0.933420582382235,0.949145704945319,0.94346096346427,0.932527431059861,0.932686934520471,0.919788778885584,0.899086080683191
An4_Tr90,1.01876268780628,1.01944801255083,1.02103833202502,1.01754485230153,1.01582499404171,1.01476004712195,1.0162762755719,1.02007839408186,1.02008412465046,0.917606504323686,0.942626359047206,0.940989321126247,0.986158446327706,1.01497072394668,1.02175720967584,1.01718116820457,1.00640175386378,0.99495958708344,0.993531206249307,0.992759310403324,0.992650946615795,0.992939308088102,1.01989269580587,1.00928658650914,1.00962713073506,1.0333882791202,1.07710728026273,1.08366744040652,1.08463288033798,1.09320589802156,1.08596137647778,1.08688144064211,1.08408680099882,1.08420998872362,1.07740972045868,1.07771777823271,1.07716724062751,1.08390417589403,1.0848243608907,1.09339626686457,1.07717441115109,1.07299587943709,1.06609117926883,1.05764166813393,1.04611906795221,1.04611906795221,1.0472521015783,1.0590759924979,1.06135737375889,1.04892646434688,1.01318302758466,1.01378232900185,1.00473828608879,1.00781014028969,1.00763086891228,1.00763086891228,1.01843701776713,1.02746228704508,1.02746228704508,1.03019661958698,1.0279290577146,1.02898342420944,1.01965995011067,1.01819713814999,1.01530641215906,1.01566460296543,1.01531705977871,1.01335729832905,1.01368248817322,1.01429204931663,1.01107305975645,1.00348140318416,1.00391703908341,1.00172453982234,0.999314999949623,0.999638066027375,0.994631220368836,1.03962464978489,1.06725180072939,1.06722485945862,1.07983472875154,1.07763222822075,1.07668435508001,1.06540017529011,1.05252597328488,1.05219130475301,1.04439843494191,1.04541344476666,1.04586059023874,1.04559527055102,1.0426362328554,1.04436814629392,1.04364244870847,1.03649430956298,1.02746149525494,1.02905974504316,1.02721791170737,0.995670203565232,1.00400552245489,1.00763596143158,1.02908950023181,1.03523405160108,1.03523405160108,1.04879338282702,1.03359259411494,1.03362376185261,1.02979094172289,1.01772696973014,1.00679380052856,1.00851339787608,0.998903673630869,1.00175999947768,1.00210928077572,0.998399489804297,0.993877501159905,0.992052102181695,0.991687227520863,0.965149487394435,0.964529892207647
An4_Tr91,0.976772260884662,0.980649139341504,0.980343516824296,0.981104069400572,0.967916213881388,0.932152489139249,0.932256010433543,0.929231413369837,0.966459322871502,0.96952328535873,1.02211688397666,1.03418288196731,1.03350278584633,1.04771011017514,1.04770617915759,1.04772174220573,1.04772174220573,1.05399071141465,1.04893924154558,1.04920430179027,1.04096203896842,0.993547882489427,0.994348132102671,1.00611297976186,1.01414614279162,1.06180576442944,1.06185438979365,1.07554590764227,1.08431245764643,1.08378573420729,1.07017407336582,1.06553617418951,1.06454159992406,1.05506053577379,1.04157366255447,1.03124910607583,1.03156835942945,1.03472922761677,1.02667670033434,1.02667670033434,1.02498344863695,1.01530166782247,0.98545403462741,0.985696757494295,0.975529377227083,1.0146618270322,1.01517940174908,1.03041715431253,1.02729275027798,1.04583308766478,1.04635043222157,1.08651797830173,1.08028224169871,1.08164335267006,1.07672712751141,1.06094324804615,1.05992805042561,1.05295577418666,1.04137269754299,1.04148351113568,1.03285951396604,1.03023411630901,1.02546701937637,1.02499472179239,1.02401033717994,1.02023016814968,1.02012925308212,1.01302542658405,1.00485291831069,1.01354524520318,1.0133351612892,0.978448860433648,0.899017709282504,0.899310867090769,0.86696579066769,0.914695663775752,0.916005633067246,0.914385199191329,0.926728356371882,0.927876234451793,0.927876234451793,0.920502000141124,0.909784647670346,0.909387753434127,0.908162287282079,0.915281516877071,0.909093043531476,0.909415558580068,0.905793117143155,0.898591472120924,0.898642828109147,0.89701765380505,0.902963393521948,0.903075727405859,0.902561436035433,0.898953402183716,0.899284082471885,0.895283486186816,0.908709149277752,0.859648736413476,0.860532677053232,0.829047698421609,0.77043069608269,0.771304443679004,0.705362309518542,0.757875644193207,0.750821661603884,0.752923410979114,0.751465737402299,0.765817665242182,0.766593912979784,0.778094546270599,0.772668714502517,0.766927990176285,0.760383648527431,0.761786055391629,0.754075110868956,0.753252787711242,0.752561968286085
An4_Tr92,1.02293516207394,1.01562955430001,1.01415322873663,1.01297351649493,1.00632962620802,0.99891546422587,1.00257574381065,0.998545860596392,1.00539082306123,1.00248105600472,1.00283831416908,0.999987024518236,0.996853615984544,0.997105397709337,0.98571667228648,0.989736490770225,0.988499487562101,0.962524845088992,0.996808116398636,1.04784792450496,1.04857178216355,1.06544803372401,1.04414917939686,1.04395180257153,1.09827174003468,1.16133322346653,1.16117078024104,1.17370890596504,1.1990059407947,1.20141519765664,1.20026920040302,1.19432112039722,1.16460922356476,1.16473385955789,1.12980583666708,1.05937489553339,1.05596575182348,1.05576503356274,1.03163439300908,1.01770349010771,1.0227301498529,1.04096244605864,1.06308466245209,1.06119071297074,1.0378617302915,1.01012408848533,0.978579169415883,0.978415206051535,0.985671417615773,0.965655483710327,0.966815864631529,0.977014980394082,0.984003259085942,0.983158799124072,0.983158799124072,0.969554025471503,0.960370655446408,0.962611296081256,0.959449150839343,0.958196235177789,0.95970054815948,0.951235091282703,0.953004567976214,0.95898548273081,0.954343980146958,0.955064106625462,0.948232136275638,0.948232136275638,0.941967538627689,0.936915171501558,0.937408968648206,0.939540807985981,0.941437618819473,0.943335706127675,0.943859421520518,0.94246156261729,0.938836101398829,0.938610414976949,0.902416307390623,0.803097328986911,0.845619464271376,0.851981952267358,0.909658538102447,0.966913121620451,0.966238676181425,1.00113905293861,0.998807118599414,0.995556216057613,0.992686551872438,0.974991652492802,0.975622096194304,0.974386472190418,0.965879736399005,0.961482747051127,0.959470505967737,0.962848029966375,0.973234678974368,0.973234678974368,0.964136182177117,0.965484061245013,0.972696053472658,0.972696053472658,0.981055366370476,0.978127363316012,0.977552539602352,0.967951168019958,0.966903860099689,0.968027020453749,0.965836450153453,0.94888320956943,0.909984697668904,0.909984697668904,0.864352868785263,0.860979588191768,0.859922528942768,0.935339701795359,0.999047842131747,1.00546033141557,1.00548319825192
An4_Tr93,1.04414055083608,1.04526964795016,1.04245628532434,1.03746033463374,1.03821740937929,1.03904751020681,1.04523351461274,1.00853771568997,1.00748717083412,0.985042325150025,0.943022868625944,0.940351834069634,0.940351834069634,0.965783385032669,0.981017852484698,0.981017852484698,0.979182209101649,0.988166093435803,0.988213606077986,0.975242759835991,0.989448650385502,1.05168161423119,1.05327635138488,1.05506634200752,1.01946275986311,1.02072094674153,1.0522205392787,1.05530932521547,1.06611669366267,1.06611669366267,1.06749566761069,1.06262939288444,1.06166953516937,1.05182885205133,1.04801695547478,1.04797460347677,1.05180828727296,1.05300761286356,1.05078804469354,1.04479632669958,1.03053927659894,1.0007741655632,1.00541936427762,0.999047093345219,0.9835109515577,0.985480090260509,1.04782768820747,1.06483905238747,1.09634563617223,1.09602691403819,1.14053137945085,1.16979926908343,1.16899610848742,1.19311081779748,1.18851787888114,1.18660038660531,1.18214530055256,1.17279699585708,1.15680457753192,1.15653475723122,1.15077206733191,1.14750228316659,1.13901704799639,1.13941028066901,1.13093728670046,1.12262510131697,1.12262510131697,1.11624561735462,1.11688201686313,1.11894118556031,1.1295700094998,1.12988480951186,1.12988480951186,1.12563293705319,1.12640044074595,1.08726499598252,1.08726499598252,0.960540984686827,0.914949280078054,0.913801319702898,0.895045914620506,0.903388917508393,0.903216048764207,0.894366716074968,0.894142674163551,0.885838642519922,0.885002378066737,0.875982536132818,0.873775502111992,0.868495141287724,0.863343320986086,0.857662988066851,0.853793605272508,0.854041981211611,0.855893590807387,0.852133347864831,0.845487017533991,0.843791935211026,0.843197984471272,0.846892337339108,0.847705778299717,0.842346913960821,0.847178907473371,0.847067203219121,0.845967233822182,0.846786335124108,0.847183272873612,0.855341141491602,0.852865426747854,0.848600181420048,0.864735334240745,0.87170182301565,0.872597959644781,0.873616540047985,0.878343795951176,0.887125775038568,0.887125775038568,0.906327180431858,0.914421514862521
An4_Tr94,0.871136177500436,0.859412080108412,0.854569567673151,0.875845976105889,0.987941940269183,0.98940666620459,1.04780915896694,1.04874654072276,1.06377375951015,1.06377375951015,1.06311853186546,1.06103052219522,1.06092557051336,1.04835206650044,1.02806646565063,1.02806646565063,1.02036169623898,1.01760956214493,1.01005349266867,1.01005349266867,1.01212524066855,1.05269261047024,1.05058553865246,1.07055352198824,1.06992748388244,1.11418942260553,1.1144428501907,1.15705662960108,1.15663377410486,1.15761911049975,1.15707600783883,1.14864529549873,1.14910757046737,1.13780583141159,1.14610548407748,1.14791809068926,1.14795960477009,1.12010991009468,1.08587655123792,1.08587655123792,1.08834697076325,1.09433782033462,1.09683641509603,1.09075926083346,1.07411337355471,0.942794457225117,0.942035703847347,0.867267581803198,0.911620206794206,0.913324202235423,1.02611690774026,1.14777110103209,1.26933010936563,1.26931013850471,1.3669823529276,1.43223417838784,1.43223417838784,1.40147487636027,1.39876681530761,1.40107189786312,1.30336935695524,1.34313777416084,1.33319947374658,1.33519170475745,1.34847824722888,1.44179218817185,1.44147961833221,1.47059035532171,1.42982422707842,1.42899803706203,1.45518657953861,1.491396113821,1.50526665646259,1.50457754500452,1.56882719404575,1.58945474419275,1.59677741721069,1.5919397186386,1.61885876948743,1.61380568262661,1.61380568262661,1.63879812063507,1.65757041938676,1.65696614146922,1.6617603208578,1.62775822740928,1.62773637085949,1.5862027684399,1.58504733864549,1.60963009043371,1.60650702013716,1.61905965747671,1.60555879241884,1.5965518774281,1.64802614702415,1.61971366621298,1.61921944753836,1.55712307746807,1.53049973775656,1.50912154531467,1.50829843196578,1.50210497743958,1.50366603342705,1.49802320492489,1.4878115043374,1.47576955329775,1.47400336526676,1.46376089588082,1.4666627706858,1.46424251499505,1.46410408625952,1.46266054655272,1.46468390265647,1.46253472694571,1.47136182456501,1.46585144882051,1.4687311106742,1.46766233127623,1.45489227272954
An4_Tr95,NaN,NaN,NaN,NaN,NaN,NaN,NaN,NaN,NaN,NaN,NaN,NaN,NaN,NaN,NaN,NaN,NaN,NaN,NaN,NaN,NaN,NaN,NaN,NaN,NaN,NaN,NaN,NaN,NaN,NaN,NaN,NaN,NaN,NaN,NaN,NaN,NaN,NaN,NaN,NaN,NaN,NaN,NaN,NaN,NaN,NaN,NaN,NaN,NaN,NaN,NaN,NaN,NaN,NaN,NaN,NaN,NaN,NaN,NaN,NaN,NaN,NaN,NaN,NaN,NaN,NaN,NaN,NaN,NaN,NaN,NaN,NaN,NaN,NaN,NaN,NaN,NaN,NaN,NaN,NaN,NaN,NaN,NaN,NaN,NaN,NaN,NaN,NaN,NaN,NaN,NaN,NaN,NaN,NaN,NaN,NaN,NaN,NaN,NaN,NaN,NaN,NaN,NaN,NaN,NaN,NaN,NaN,NaN,NaN,NaN,NaN,NaN,NaN,NaN,NaN,NaN,NaN,NaN,NaN
An4_Tr96,1.03244901278659,1.01902363493839,1.01901809442992,1.01056413196204,1.00439890207606,0.998972024533556,0.995182199600965,0.993935342270891,0.994135146994436,0.988732997215955,0.999839170958893,0.998488948026008,0.99775773095845,0.995034498500524,0.987813760338256,0.988297070421898,0.991881053534531,0.989909266059995,0.994567014392634,0.989274314404362,0.986417900820748,0.895143615163913,0.895143615163913,0.850008498148338,0.77565327384756,0.777434673780569,0.886245584183571,0.935122271685649,0.935402244972679,0.960824300139528,0.989513074363689,1.02414052953058,1.02431503304154,1.02753343495645,1.02163720449494,1.02163720449494,1.01301233775993,1.00071776379147,0.987438861822195,0.988719032987425,0.980360907039747,0.917709629298876,0.917206695272893,0.87663321968518,0.878258545177504,0.879032364688642,0.879223277325478,0.907121214251895,0.92045350059423,0.920581158298982,0.922897173512067,0.940851923979691,0.939468122070774,0.962291141457659,0.960683402233197,0.961721372406169,0.955003306316784,0.946777987353578,0.946884072018872,0.946284283176731,0.941830433177845,0.935637613206096,0.935773422407507,0.928199664630575,0.930509196539609,0.929710970032072,0.930425232934046,0.930478149732025,0.927798508022612,0.92954218642991,0.918152194331466,0.852594136201476,0.851814462237057,0.800391806269933,0.792073523692783,0.886198911863694,0.890096622348994,0.935094354357417,0.923541746787944,0.924781773470685,0.937872886294603,0.958070274382128,0.976919094735694,0.974824920647832,0.964419959697067,0.959182857843315,0.959600698806754,0.940081572941725,0.936120433286453,0.926166664570742,0.922250088441673,0.907762604376027,0.90769447110375,0.906982322629432,0.903821326768204,0.899382092832348,0.899030776660388,0.919508169425546,0.917347861388253,0.916764635704965,0.910423935538325,0.90945402813405,0.91273968810468,0.912096252952834,0.919513012898991,0.91773384087717,0.918050077138684,0.919913502971327,0.906973359397401,0.907443511935986,0.908920390324838,0.914606639108643,0.922423689991113,0.92196511507914,0.929060837618021,0.936268519398164,0.931729355939859,0.935682525997448,0.929837408683709
An4_Tr97,0.975684942239762,0.972345896419839,1.02678865634625,1.05015626591115,1.04304918214906,1.04343822645585,1.02949677485906,1.00869726052404,1.00894403942665,1.00232321029406,0.993998415654783,0.988551400031898,0.990373233636163,0.984009493396334,0.980431975705467,0.980431975705467,0.979117361231562,0.971080845006296,0.971080845006296,0.887051288554997,0.830113505847276,0.850057220487367,0.850233469104173,0.898838354338996,0.909466523953883,0.909466523953883,0.921276032139974,0.926340451762324,0.926340451762324,0.917060013179895,0.900263470688224,0.859471890871836,0.859471890871836,0.848488364189504,0.857736907925629,0.857736907925629,0.858019724328447,0.852913460991843,0.849640451635,0.849640451635,0.852013313047374,0.843795843385031,0.843355076659724,0.851200628048687,0.807032235355807,0.806337105642903,0.818918824011768,0.793698243796115,0.804288977415505,0.803557759136587,0.86994670697659,0.880630378021974,0.880630378021974,0.862800515814783,0.912930340118155,0.935497986795298,0.935497986795298,0.925368857425332,0.927138597850347,0.926766262049853,0.926799765873528,0.921499298778344,0.920299334609079,0.910163822687167,0.904860455894097,0.902521961116556,0.891428839961612,0.881989610642213,0.87791717002059,0.875775946157146,0.872615189321813,0.876958939492075,0.876958939492075,0.885417848160738,0.88353442004908,0.887960365938703,0.892973450424369,0.892880789880581,0.892706724924209,0.894958044564096,0.897507171530479,0.888730227315753,0.878720618266286,0.879916715339973,0.817939425736695,0.730267621989924,0.729458885211175,0.717323704692743,0.764351591917467,0.765323372370776,0.77807066655372,0.786405842201841,0.781058159312839,0.781076479952923,0.769070292333412,0.762405420980416,0.762555033707416,0.746047667408063,0.737988332727061,0.741752044653956,0.741307007047485,0.744693312870674,0.72089423093081,0.721054237867148,0.705789434831858,0.684484556487698,0.681540099812566,0.683312399182453,0.692892812589921,0.692607601585411,0.691619318166792,0.694573341537567,0.687490311387006,0.682238303941547,0.680426420654589,0.671069968660123,0.671354774487333,0.667268085150036,0.665705577008678
An4_Tr98,1.04718999733775,1.04661312697979,1.02946030181842,1.01572329270127,1.00815186688726,1.00559705270071,0.992919560717562,0.991702533206994,0.991702533206994,0.998198386005022,0.998423969049359,0.998418229096843,0.990089413051122,0.978682331369605,0.981640839767244,0.979555395553087,0.98101926100943,0.982946278987997,0.981965630553528,0.982917543822572,0.98790171800988,1.05049610684751,1.0498499772694,1.07029843559538,1.00294072013488,1.00217924511695,1.04428122120787,1.13134445752989,1.13435494955618,1.20530917289954,1.18943046910096,1.18959651562494,1.17507633266379,1.16920107515643,1.180698058928,1.17887939332555,1.1874926780327,1.19526077284441,1.2025208546262,1.20334370020897,1.20410429042266,1.15541050097838,1.14682233062862,1.15334837474971,1.15567811919545,1.15567811919545,1.15625616010569,1.19306924033551,1.26500369987671,1.26655708337879,1.34022792263772,1.35918845677257,1.3586792148724,1.32173846903788,1.31702652828002,1.31702652828002,1.34555655486655,1.31924858513963,1.32520410688381,1.3148675436118,1.3141720922002,1.29705649574217,1.29705649574217,1.28587784071456,1.26547029052063,1.26384608464064,1.2619281416337,1.2544802198302,1.25295465973458,1.25253165688504,1.25025215577039,1.23354175314671,1.23220564131717,1.24437335158794,1.24103866476462,1.24081105068921,1.23447180778662,1.23615586207923,1.24105788608219,1.23998641555542,1.23005843504782,1.2344527869793,1.24550644939892,1.23592912293025,1.25675540460596,1.2637870391839,1.26388694214581,1.30443365205093,1.31894591331714,1.31886409857137,1.31430897131107,1.32405457057301,1.32439864551162,1.41697434112784,1.56592827484044,1.62241354382576,1.62474723468103,1.72552438665448,1.81698798175935,1.81674048850543,1.8551631185789,1.87982572347677,1.88079558618091,1.8683288809783,1.83701540763163,1.84073667266502,1.80852061218078,1.78734876822231,1.75773996156631,1.75434504150205,1.73565594230166,1.72203771544953,1.72203771544953,1.70511021060018,1.69554013205753,1.63184638922697,1.6337101599715,1.51683381377994,1.52667091061151
An4_Tr99,1.07022004098317,1.05512610973647,1.05788761352634,1.04207260375499,1.02876501980559,1.03111515121723,1.03098921265146,1.03115219558015,1.03163367805656,1.02752537218722,1.02099683869158,1.02004359018628,1.02004359018628,1.00989633812735,0.981852829147922,0.981852829147922,0.90562651569259,0.815064339399015,0.838136131921893,0.838136131921893,0.871273250436744,0.852808232289872,0.852601818063193,0.828916569684948,0.860276911850899,0.851049004075675,0.850585371204665,0.84446152246347,0.871742994433033,0.871368965018802,0.876118852113143,0.867556495327572,0.86808561832572,0.843779603962111,0.866686749102943,0.856730057170977,0.857191306064573,0.85782568691309,0.863352663363735,0.862867218338443,0.858244773037572,0.86562861957339,0.864200172015453,0.875358596333173,0.955687859898605,0.960894768794828,1.00202141692493,1.06372427616903,1.1047635930767,1.10414208246045,1.12492395406389,1.12509615436175,1.12740003842134,1.07784394501517,0.942411552605558,0.925534685237191,0.922232287616099,0.909885513664359,0.87607374520681,0.876332401024729,0.863077268757423,0.847947876399627,0.835452617496994,0.828253061295284,0.804144247879859,0.804726372187838,0.802592425842348,0.911002221836123,0.947643928676741,0.946664081646337,0.997056287217503,1.03695967392997,1.04843255578538,1.05242455137533,1.05143066353558,1.03740792890247,1.03740792890247,1.01648787124468,0.997513097980006,0.998826327880606,0.985390426117545,0.964774169085209,0.959517771585892,0.956502844302847,0.959737600170757,0.950165736984262,0.950165736984262,0.94531642992099,0.943595813088196,0.939344637512775,0.937771327979994,0.936468277823908,0.92726635484616,0.927266215704364,0.929107329952115,0.933255592578902,0.933233836565146,0.933650720782542,0.934190560757527,0.936202153278025,0.936202153278025,0.932660358891294,0.926087726950611,0.929187677709215,0.928730517563584,0.926966670486005,0.926713642712885,0.928557286645113,0.929511670278987,0.93240869217049,0.93240869217049,0.925870549166669,0.910321550154966,0.910435989762317,0.892600837255765,0.900926080231917,0.900261251477151,0.949338422979623,0.978967109779649
An4_Tr100,0.944612194374142,0.93754075961923,0.937001289992114,0.977402697293707,0.980646107870658,0.980958101687937,0.98710624351868,0.99785875121992,1.01233290631273,1.01111592622553,1.01494094330962,1.02908906972145,1.02601998944163,1.01238838604198,1.00129737997381,1.02686031940949,1.02760351118693,1.03756448647122,1.05766093632921,1.05746184665915,1.06374830485037,1.06573535478656,1.06573535478656,1.04991514822411,1.02391877712887,1.02008930643246,1.0183852338342,1.00005771791644,0.985150076099556,0.984730958027367,0.983738594704239,0.970123047148138,0.963614195888656,0.9627940003269,0.966997740853926,0.966532190302963,0.966790978130812,0.955307452425069,0.937547724248008,0.939392104704852,0.912387441242804,0.892259604045835,0.908149466687879,0.911529162045495,0.936184457126204,0.955205282441799,0.954886276560026,0.943896747773318,0.917864493438517,0.917391492930928,0.94022312176974,0.954677418550056,0.984690110854521,0.986957106039315,1.02325261326001,1.02546744797909,1.02551756923627,1.06762118986632,1.10354233412324,1.11447474426488,1.11111648644191,1.11520276001907,1.10192985207506,1.10445992690205,1.07795130278379,1.05183075748609,1.05090927739516,0.992393418740254,0.856846907632945,0.606976370797824,0.60614725596055,0.529066824884154,0.516976457011545,0.516900648843764,0.538942573227284,0.558475013455402,0.557629344794164,0.601464143367943,0.602042456749,0.606042444771521,0.606042444771521,0.609221999131891,0.619016488656748,0.617712428774478,0.628993711616555,0.621462495767083,0.621462495767083,0.619411510758533,0.622125030846466,0.619475088764582,0.618763126164915,0.616061829544599,0.611798815127157,0.612749545399735,0.606825826726144,0.608070091270299,0.609151048971396,0.607788426317874,0.615623604762474,0.617767470163638,0.615655220943794,0.611339503305412,0.610966249005602,0.615972257324921,0.612714805391953,0.603577482589315,0.608443416823871,0.612632656575672,0.534687422398628,0.490534947691809,0.491036095184302,0.448379393340759,0.423856456201937,0.423575116089258,0.447461023958486,0.446422601169459,0.444781993958485,0.444619548353845,0.438026596257795
An4_Tr101,1.04328981984282,1.04057324616498,1.07269947132746,1.07234071629172,1.05937895856952,1.0252748398393,0.924524570308969,0.925087226445422,0.918963097701883,0.917240954454804,0.916626264506703,0.955446279585856,0.999373681046663,0.997042064806498,1.00939193408435,1.03628026929156,1.02599722227056,1.02599713802742,1.03447224543352,1.05034350752927,1.05246037175703,1.10359600845467,1.22247288609132,1.2064580330773,1.20553763593573,1.19614482242727,1.21527955094554,1.21040848066059,1.24497622207506,1.24843379108471,1.23547467874009,1.23565265270427,1.21735275433121,1.21182133570743,1.21148020276844,1.19208216435068,1.25126796992396,1.31045377549724,1.36963958107052,1.42882538664381,1.59060636371496,1.59330112883563,1.73142501407315,1.87113074794138,1.87163014261767,1.90328336420885,1.88864294590041,1.88864294590041,1.80942832129879,1.76664048619478,NaN,NaN,NaN,NaN,NaN,NaN,NaN,NaN,NaN,NaN,2.54615206465412,2.54655661836972,NaN,NaN,NaN,NaN,NaN,NaN,NaN,2.51273047061591,2.50971158297542,2.50028421725661,2.48576405049824,2.48585613743962,2.50910347775268,2.50489027482491,2.54147459161049,2.56022139236226,2.56380486861412,2.57069868217165,2.53169688287575,2.52839919859299,2.49650532497724,2.46651448076878,2.46651448076878,2.44497198149156,2.43054302514278,2.40880523352391,2.40782336630699,2.38952340978443,2.40082504117628,2.40082504117628,2.38149503895466,2.38861491643287,2.39111579026827,2.38992038023242,2.36618061206117,2.35362379290377,2.36526400574438,2.37093414625113,2.38074028324306,2.39259285689714,2.39678947472367,2.38450104189414,NaN,NaN,NaN,NaN,NaN,NaN,NaN,NaN,NaN,NaN,NaN,NaN,NaN,2.231504431903,2.23309976239827
An4_Tr102,0.814283438189121,0.784930641746462,0.785364910911015,0.770276872847094,0.927624178023847,0.983793916031981,0.983793949001395,1.02874999139696,1.06713054747486,1.06699837357461,1.10645220238566,1.11486461405764,1.10898429102021,1.10579927065728,1.09120131311935,1.07340920301809,1.07352728749764,1.05975868499016,1.05305631405661,1.05501468624813,1.04796372450952,0.96032231459764,0.959847144358348,0.920316364870149,0.925145992120472,0.962454839214422,0.962454839214422,0.988533425095162,0.989485799607507,0.988314015170179,0.993399570008632,1.00024592402569,1.00024592402569,0.972417130456116,0.986815198303705,0.989518916988821,0.989137037625211,0.948286944748397,0.943043278114687,0.937799611480977,0.932555944847267,0.98072792969241,1.00105861471763,1.00105861471763,1.023082556382,1.02409302970571,1.02299004380383,1.02150109576855,0.975425362896719,0.981234662610132,0.99909691774815,1.00981065471776,1.0266806670835,1.02621091090461,1.02426393857829,1.01924817386184,1.01924817386184,1.00944264888057,0.989550640685181,0.989550640685181,0.977167503739169,0.966009271608936,0.95037451616243,0.954336580114534,0.955258754679239,0.955344379156292,0.955344379156292,0.947520343808551,0.951370020168605,0.943729961201978,0.943729961201978,0.940805410055263,0.937895769631735,0.937769286004564,0.923141463972348,0.921423305920568,0.928071249548377,0.922180827561307,0.923950309922452,0.921241409908666,0.921241409908666,0.920726183662981,0.897277136112838,0.898293921374308,0.845938337653674,0.733591953865869,0.68511998260229,0.675826439429105,0.416840101332819,0.397664758244656,0.392620431897217,0.397223372314829,0.427183849681782,0.42718385584093,0.450432026233797,0.485311686479031,0.485618336193215,0.501201013466459,0.515801081021352,0.525107410811512,0.521306210148874,0.540412769061776,0.57062019747523,0.560560299786702,0.581829943631361,0.608254123853374,0.61380651769982,0.61380651769982,0.617373711535276,0.615580063237869,0.615828159399923,0.614340775736417,0.607772579417525,NaN,NaN,NaN,NaN,NaN,NaN
An4_Tr103,1.04685203962638,1.05302597423305,1.0516577529107,1.05188456585047,1.06235541423968,1.06919584964685,1.05748374585399,1.0549802354389,1.0672125198711,1.06478994883847,1.06478994883847,1.08733753896258,1.07826861006095,1.07910938002391,1.02404016884848,0.774509540368975,0.76028666752944,0.759325945340223,0.792894153517388,0.787051326051862,0.787051326051862,0.89560251263309,1.00651608176615,1.00854107038228,0.965112160442349,0.950980626058643,0.970240650609322,0.970550051896207,1.00682233971832,1.01795394172151,1.01795394172151,1.07861825551717,1.07118222450325,1.0717597425388,1.07662533108412,1.08747073784591,1.11586467151376,1.11494677990729,1.19227482776457,1.26374960236856,1.26205484864857,1.36267883290167,1.38870979535867,1.39528807138941,1.3920268434961,1.37752341884724,1.30362484891276,1.30333479770417,1.33742168043119,1.36610942623714,1.36674228420527,1.46538619411915,1.59402302487603,1.67048114509429,1.67144254490942,1.66648002688638,1.66052869559144,1.66116207994592,1.64079564581184,1.61608715209363,1.60637171824199,1.59052664954948,1.56998868201971,1.57029830226766,1.5645117744883,1.55509011094228,1.54703503013264,1.5414837321783,1.54449650444368,1.5541716089744,1.55133465764513,1.53380710783972,1.53383638745224,1.53486381626345,1.539810675355,1.49814312654583,1.54310854457748,1.55192727374858,1.59462343159025,1.61192329495112,1.60104960624802,1.60104960624802,1.57452406564605,1.55749070381213,1.55579435965961,1.55523535867711,1.55819220733875,1.5334687953457,1.5334687953457,1.52998802191513,1.5090402794422,1.50872273804164,NaN,NaN,NaN,NaN,NaN,NaN,NaN,1.48874335624071,1.56129181188909,1.57143096092337,1.58613807969815,1.62354800846575,1.6238435199336,1.65014959968512,1.64234362691848,1.64920527043647,1.6492051941474,1.6391212310677,1.62245022131688,1.623319691646,1.61984462050917,1.60256600165658,1.60256600165658,1.61064285932875,1.60913623037171,1.5804955143186,1.5804955143186
An4_Tr104,0.957599244425685,0.968709555809726,0.956633989108257,0.956633989108257,0.981226513866208,0.992625921138337,0.997514621667282,0.997514621667282,1.01796315431387,1.03435029098904,1.03435029098904,1.03682035747476,1.03446052398929,1.01941996921435,1.01941996921435,1.0066431032089,0.992893090397282,0.993848613233221,1.00137218018487,0.992283996496744,0.983713312513139,0.941560070261958,0.893278457577936,0.932731679738004,0.932733589974989,0.986372035044603,1.03563755172107,1.03440811416691,1.10541619518625,1.14844081780964,1.14820556918445,1.17686724272546,1.22848564850938,1.25709190111224,1.25637843248042,1.32891625882119,1.3395200989036,1.33917843634957,1.32938738502194,1.30427840479271,1.30495741687994,1.2789635235228,1.25179312483449,1.23161998173752,1.23329463277346,1.22845650385638,1.15403416964468,1.15227366242513,1.18291376947588,1.19978769421322,1.23834642643404,1.23903655722275,1.2499919267267,1.30612911995945,1.30640653911866,1.32688266232401,1.32969864538042,1.30356563325444,1.30986533468091,1.29069261260603,1.27691510350363,1.27787378464392,1.26358083288761,1.25024128607151,1.24972992297937,1.2524905246177,1.2468543489498,1.24231059007253,1.24258629620677,1.23379468305626,1.22787033453891,1.23473112725834,1.23039895538512,1.22441535711557,1.22441535711557,1.22836582426561,1.22810227054385,1.2148608069429,1.2148608069429,1.22772305995495,1.22273273382642,1.22279338795168,1.23029728200701,1.21949776993243,1.22010156035387,1.21652665007856,1.21642749614528,1.19462740597737,1.19333705344269,1.19025930146404,1.18716679174742,1.19018343812331,1.18849210314398,1.24640348253472,1.28161848154803,1.28110523639357,1.30098885539896,1.34173543573994,1.34492673151749,1.37880978887185,1.36732352944207,1.36758653828849,1.38229695197973,1.37828391558266,1.35319457461088,1.35273269899436,1.34157646024215,1.31515551374148,1.31599195777885,1.29552304709773,1.29007568891683,1.29007568891683,1.27172606277285,1.25838947784275,1.25206595042328,1.25925783454357,1.25001396015699,1.22964978100279,1.23019995650031
An4_Tr105,1.02390946373775,1.0134853394405,1.01530481129276,1.01469300320485,1.00813673798114,0.99834170003831,0.997804789212702,1.00249595826935,0.998257975142443,0.993388393006384,0.995144870705422,0.994122998457794,0.994930989059706,0.99536076154719,0.996112441956462,0.987966953831661,0.988026286351749,0.992727558801253,0.989788967962566,0.981840798198595,0.981530642391474,0.979976550529787,NaN,NaN,NaN,NaN,NaN,NaN,1.04866663516851,1.07043601644548,1.07167532103777,1.08783092751046,1.10509358208164,1.09554298893725,1.09546167943463,1.10515280765331,1.09133534389961,1.09117851387572,1.08595298916235,1.08363147391945,1.08162227865207,1.09145448363099,1.07048898391301,1.07108365793831,1.07505081142643,1.05784778939698,1.04754481860567,1.04732714865811,1.03964549777898,1.0352503995895,1.0355216589152,1.04151423639516,1.03880810889285,1.04267816452613,1.04319765630241,1.0396894987925,1.04246471798588,1.04178830507593,1.04450820786168,1.04250571669806,1.03825301279302,1.03901373497334,1.03939024391238,1.03444151922503,1.03389117222105,1.0333267193939,1.02909757053678,1.02979475270078,1.02311100297413,1.01808237884509,1.02574029526958,1.02574828670502,1.03074064949695,1.03890757336263,1.04017838068364,1.04279462642863,1.03970451991197,1.04149443491001,1.04111905698607,1.03741062370196,1.02787025739304,1.02597458588796,1.01246722735234,1.00556159597167,1.0032878982489,0.951305349261228,0.893524677077805,0.893752543322519,0.945045393812444,0.956498076342949,1.01441314453481,1.01441314453481,1.04035752457642,1.04414874872011,1.04567571802413,1.06325660011943,1.08749362005027,1.09246061998508,1.09246061998508,1.08994536914014,1.07637306984368,1.08144533273235,1.07091021218322,1.05926471710344,1.05919184363949,1.05568998425161,1.05363382175119,1.04982141048393,1.05206798204897,1.0410066957759,1.0411562000608,1.0411562000608,1.02869727640942,1.03473507590962,1.03572297254826,0.955168460185979,0.95194458620862,1.01586664405473,1.01487473446911
An4_Tr106,0.962825912144187,0.981685767155266,0.983645150648246,0.984680869510067,0.974426416079003,0.99169852041781,0.99169852041781,0.998141608794585,1.01776246473235,1.01776246473235,1.0272686823915,1.03038693680709,1.01943414965187,1.01690877940825,1.00928336682907,1.00074309582264,1.00141617030795,0.995826897729338,0.994404226420623,0.982837894807485,0.982837894807485,0.962650892402958,0.84291995930147,0.843181093538108,0.811572740439116,0.853926814512916,0.854568373328729,0.880301144842798,0.882079076992963,0.886268558418576,0.886268558418576,0.875202958221591,0.870453330138612,0.870997861786017,0.858317418561051,0.864847765780221,0.853829243650479,0.857478295329227,0.86247223791609,0.863944376900056,0.86351221937171,0.870141905051361,0.867435053138316,0.868433834782241,0.86588487451109,0.845032019626369,0.845031768621918,0.847612043557399,0.887665355026335,0.901449476453354,0.901447472915447,0.932493686734847,0.941357845163331,0.946799570744429,0.962521604075879,0.959904008623945,0.949837550338114,0.949527320380106,0.937211292045013,0.933155601596764,0.931327322101933,0.92566526315984,0.914447115542086,0.912717774343972,0.912944412123033,0.915155038351261,0.912960301385036,0.905724292127619,0.901155405480876,0.902462604180435,0.899439942880766,0.898414157763634,0.873978214506375,0.818802646042976,0.819963451752599,0.864059832324543,0.894749173696711,0.899957953612683,0.921238293408547,0.984555680631676,0.984574426214881,0.995796424382098,1.03277444279416,1.03008311746456,1.03172611260255,1.00856910050145,1.05259647544383,1.05259647544383,1.06737945269886,1.07081820203209,1.07123484082471,1.03898550836971,1.08439361911953,1.06621929783283,1.0660974229016,1.02643784204313,1.04237804005747,1.04636900367812,1.07333882389693,1.06355603008551,1.05990699681898,1.05877666613204,1.08100143424033,1.07643160049051,1.07769490058752,1.05929082419916,1.04437449660151,1.03600434013888,1.03567472809226,1.02309585016157,1.02343081479065,1.02343081479065,0.998116888398772,0.994707030308424,0.995365736379728,0.987907331070937,0.980152238654342,0.981897435005346,0.970685783389483
An4_Tr107,1.06074687255418,1.06046177290192,1.04623953019028,1.04261789809127,1.01747523122192,1.01492279664738,1.0255443502338,1.01902604626092,1.01921469149917,0.966429400082618,0.969658749110417,0.969849431114279,0.963849733176292,0.961649866909171,0.962083645041392,0.978864010345449,0.972007251588811,0.974413622700373,0.974945100330364,0.97677138956189,0.952655072609077,0.951501777400181,0.904284431854199,NaN,NaN,NaN,NaN,NaN,NaN,NaN,0.977722861131413,1.05073843535129,1.05062214686901,1.05260158841918,1.02954531003278,1.02923358403693,0.997473547765538,1.05605729413848,1.05576230733948,1.05641050270201,1.04386823488731,1.01359264958892,1.01359264958892,NaN,NaN,NaN,NaN,NaN,NaN,NaN,NaN,NaN,NaN,NaN,NaN,NaN,1.10386372675779,1.13201743665525,1.13255656612569,1.1374161427537,1.11302561225114,1.00297103392738,1.0021282025589,1.0085243616233,0.992910502947208,0.993004144945762,0.981935476699087,0.978547997630249,0.975031907646668,0.973446663525405,0.961370821523488,0.958610244747533,0.957440182969115,0.956094856902244,0.952745417074228,0.95207818297038,0.949414582386338,0.951136283071852,0.959998833767533,0.959939580024666,0.961326224754473,0.957632140064908,0.958474615521958,0.950659906161903,0.949619653942739,0.942102844181813,0.931336293982347,0.926962103767455,0.922152455355703,0.917862152304603,0.925699976638319,0.923420465349071,0.922018830287854,0.912840427902777,0.914520897849612,0.918395095665462,0.918265243252675,0.913605608952154,0.910828304536005,0.902541321369844,0.900085805650666,0.902533782889819,0.902909865615475,0.905108654800936,0.911879643656137,0.90524214792186,0.90493868624656,0.90205697376395,0.886928959564253,0.884470774204195,0.900639898968849,0.952562932065678,0.994630944345699,0.994472484849821,1.03535832523689,1.06158879930717,1.06163089119103,1.07356775594884,1.07517955304377
An4_Tr108,1.03204214131785,1.02575293571109,1.02624426596103,1.01729037872838,1.01087343816909,1.00370076391985,1.00370791834954,1.00200831695946,0.999161721896219,0.994903489819317,0.995727517054724,0.994420240945682,0.99397040353027,0.978094660969333,0.985511809598516,0.986902796484104,0.983785570501491,0.980287057444818,0.985614572639232,0.985614572639232,0.984222794769641,0.923231777198535,0.923231777198535,0.905508322842717,0.94248902511557,0.981309953114108,0.98170645216779,1.03818968683704,1.06840492571321,1.06832812965972,1.09626002879165,1.09563019370226,1.09955032557245,1.09955032557245,1.09437746756428,1.07622382517906,1.07625727219201,1.05994546009455,1.02305489793971,1.02242020679779,1.01988687726825,1.0307879485621,1.07480220524935,1.0720226160497,1.09392667672941,1.09756446812659,1.09773754198176,1.08563912094443,1.08429778535332,1.0835889127752,1.08219769683604,1.07489410005671,1.06370838783055,1.06370838783055,1.05980881022226,1.05596102368789,1.05539482434838,1.04802728655352,1.04802646901587,1.04179617093463,1.04185335345059,1.02746641730736,1.03519544740483,1.03493158503062,1.03406248212944,1.03110150452936,1.03126539362565,1.03062527986296,1.03033276708589,1.02729717274325,1.02768926357523,1.02712508508094,1.02279103404382,1.022969204868,1.02189843325493,1.01923684982694,1.01970561771852,1.02235870990895,1.02198817894366,1.02217873213696,1.0229523355654,1.03344822050341,1.04851753181066,1.0489721835301,1.05457345368058,1.05431401658935,1.0541642072799,1.0434609060224,1.04162484766744,1.04677320380754,1.05003681839054,1.05441279756898,1.06827434843803,1.06996463143697,1.09395808784403,1.08249147348745,1.07830511410254,1.07782078525955,1.0683549564718,1.06074876177138,1.06015748365987,1.04955282325454,1.0346029678842,1.02696416525848,1.02781333466046,0.994262078912908,0.995296794886912,0.995953633070012,1.01936073124468,1.04656228484191,1.04523059879965,1.06303079703841,1.06298443100295,1.05604148868089,1.05117733284169,1.03858876742179,1.03406194426348,1.03326991448036,1.02535049606466
An4_Tr109,0.951077526063015,0.96543395600855,0.986707364945797,0.986552502738024,0.983945663469684,0.994076907351029,0.943497554465638,0.945030715510043,0.955024425266517,0.984394623717717,0.986322318937419,1.01025605671058,1.02942045465391,1.02942045465391,1.03624095152183,1.04970114308615,1.05393910307187,1.05311810482336,1.05584017300496,1.05422076379447,1.05444786524449,1.03540017484793,1.03765124969931,1.03534354739639,1.03383740427173,1.02093647233144,0.99877082558316,0.99877082558316,0.99785678729982,1.00499383129624,1.00532079987216,0.95375482856346,0.990303367369754,0.988372416756298,0.986751079893284,0.960789823263494,0.959145426139752,0.959123322844159,0.968766892885789,0.988406438164255,0.988535908136296,0.995505545592894,1.01392277198135,1.00216964118744,1.00162551579154,0.996574529705731,0.966032564052275,0.96489322473521,0.953369824408989,0.947564439314934,0.947639514691292,0.951197753871218,0.953801986748766,0.945044210008263,0.943741863945334,0.943916170457957,0.943522984846166,0.943079472967892,0.934884966372527,0.935070303876444,0.933996108229742,0.933428024642014,0.929671582902958,0.922535172266442,0.923658864452832,0.916167123853342,0.914486714137528,0.908314077487871,0.908314077487871,0.90302282654711,0.911721906668772,0.913121207585128,0.910540801139904,0.90444285757369,0.905112241146152,0.9137335130517,0.910697040416632,0.909460952462528,0.908574551482493,0.908466957374021,0.897613989699179,0.896046777931021,0.9048754659086,0.907923414669189,0.907923414669189,0.905234724232357,0.906373445156954,0.90667136670362,0.90667136670362,0.904708860661912,0.906187404069529,0.905708960333679,0.911943567370963,0.906162367613697,0.905266857903967,0.902406899208819,0.910647402493842,0.921046111063161,0.921431299209965,0.931899402650063,0.93877397092695,0.93847682233468,0.940365233916149,0.936980634705068,0.92809310134143,0.929193799509736,0.923664349334102,0.925104086793364,0.918874030321082,0.921972393278273,0.933554864484204,0.934207442550931,0.937049886647829,0.914731226051858,0.907722328084786,0.907015698969332,0.90170794449713,0.921471756050082,0.922333075500665
An4_Tr110,NaN,NaN,NaN,NaN,NaN,NaN,NaN,NaN,NaN,NaN,NaN,NaN,NaN,NaN,NaN,NaN,NaN,NaN,NaN,NaN,NaN,NaN,NaN,NaN,NaN,NaN,NaN,NaN,NaN,NaN,NaN,NaN,NaN,NaN,NaN,NaN,NaN,NaN,NaN,NaN,NaN,NaN,NaN,NaN,NaN,NaN,NaN,NaN,NaN,NaN,NaN,NaN,NaN,NaN,NaN,NaN,NaN,NaN,NaN,NaN,NaN,NaN,NaN,NaN,NaN,NaN,NaN,NaN,NaN,NaN,NaN,NaN,NaN,NaN,NaN,NaN,NaN,NaN,NaN,NaN,NaN,NaN,NaN,NaN,NaN,NaN,NaN,NaN,NaN,NaN,NaN,NaN,NaN,NaN,NaN,NaN,NaN,NaN,NaN,NaN,NaN,NaN,NaN,NaN,NaN,NaN,NaN,NaN,NaN,NaN,NaN,NaN,NaN,NaN,NaN,NaN,NaN,NaN,NaN
An4_Tr111,1.03421011341553,1.01727236182175,1.00713327737201,1.01125293252532,1.01125293252532,1.01035426945133,1.00598382102305,1.00635361599404,1.0057286086425,1.00117858748187,0.998055981295305,0.996978817343232,0.982759527177904,0.982802102252992,0.982802102252992,0.981278321286734,0.982818997039105,0.984010611684409,0.997773019414598,0.99365170647516,0.986926010980749,0.975772115923188,0.949966124586765,0.936238312767164,0.935706588712919,0.936323672959798,0.957675827879819,0.957783643105639,0.972728188424987,0.969029242560943,0.936759939410865,0.936510057443711,0.925995699016441,0.930978373066155,0.929778034035259,0.952506375993687,0.971960340647083,0.970777336496367,0.995753613036453,0.994391499476337,0.950651901948675,0.951641892220142,0.946929097882973,0.940959512462672,0.940959512462672,0.890460426762429,0.937602110663927,0.962156015061884,0.95887165715772,1.04101580210614,1.06550465786283,1.06509846670933,1.08991659362755,1.09936317077551,1.09898210510379,1.10664861309157,1.11726066798949,1.11721872935322,1.10275543048118,1.09737535447479,1.07162576308312,1.07224487964852,1.06388874468049,1.05419265991971,1.04498301899585,1.03807181437886,1.03812615012633,1.03017650742073,1.0268336960988,1.02292285831715,1.02492335890216,1.02536834887133,1.0232202654763,1.02230634791241,1.01025228450086,1.01034270686547,0.996012621589798,1.00674368434154,1.00697394684668,1.00021203723291,1.0044188010912,1.00409091792107,1.00509254442819,0.999603356082362,0.99070618665684,0.990025009675203,0.995179563016996,0.99382751018384,0.994351607105603,0.987325030086408,0.990964432563673,0.986694538985792,0.994217720467765,0.995102930934408,0.991490058423407,0.992147634394392,0.990551933617316,0.992826582225782,0.984528581595703,0.989390280256078,0.985778055361167,0.985976220450356,0.982021982722673,0.982709506268746,0.980961757654663,0.980826239198311,0.97747089829714,0.97814085028528,0.978506552642478,0.974694037153813,0.980460257185665,0.994340000169578,0.994138860294221,0.993132281354069,0.976070329327761,0.976099079442687,0.983775838509785,0.994096300603548,1.00121446496364
An4_Tr112,0.978995709067614,0.974428137110255,0.973104785240278,0.972845014862307,0.986269760903606,0.986995115776827,0.991832751284578,0.992013965612509,1.00367967729834,1.01458807161667,1.01353592340546,1.01423835798372,1.00807545647245,1.00797594216097,1.00294564307565,1.00840533076278,1.02320218737091,1.02287016218073,1.02399800781433,1.01062082918044,1.01261928117655,0.973398224294257,0.947604164510769,0.93062664925176,0.933251711975868,0.952431567140591,0.966604336903062,0.968819885689067,0.98334681603224,0.995362111107284,0.993752034158978,0.993153079721712,0.988374628699633,0.989156666065398,0.963883966046467,0.979921530620593,1.003057629631,1.00195120832467,1.02049504165103,1.03830044830773,1.03867703492768,1.05757759902079,1.06284985021683,1.05830879519682,1.05830879519682,1.06147104109164,1.04865619306273,1.04873189112467,1.04977873600421,1.03875592470368,1.03011498917243,1.03169442271419,1.07844234855477,1.08551538136969,1.08743948850885,1.08910245050258,1.11718881485735,1.11719452690995,1.11837095556894,1.12204065263271,1.1186328591164,1.12026117097367,1.11005310157389,1.10321443661135,1.10297523642241,1.09400460988456,1.03468562453023,1.03600011731737,0.873443624915498,0.848608487951353,0.848882467836943,0.848882467836943,0.850765756389707,0.844039995621692,0.844039995621692,0.84607863563604,0.848425661892107,0.848902077979008,0.842972429039993,0.840885195639461,0.840116061578881,0.840116061578881,0.838686802889475,0.839327962102175,0.839255574810187,0.841015688518613,0.845114381846005,0.846703922543599,0.847107515167558,0.846537776503591,0.837215219834791,0.835131881534635,0.836600536264998,0.826134347146719,0.826160818036223,0.826772941816431,0.82369736388268,0.825458631284578,0.825932381453197,0.822418880247067,0.827232365668343,0.828650278297732,0.825843140640967,0.826988754073328,0.827061232735587,0.822934834623992,0.828487388959902,0.843155220217913,0.841606228438197,0.848008605700106,0.850150305486091,0.851280818558752,0.846836003757304,0.83700612360575,0.836206097405054,0.838126447874097,0.837856475576289,0.833219102737238,0.83344437137252
An4_Tr113,0.977350625530294,0.971528968130456,0.971111920452279,0.98065966823619,0.981113334449601,0.975041936429183,0.979655215606851,0.988112501772936,0.985601833140509,0.986187861833009,0.982875724546961,0.976882599401269,0.977203756701898,0.988264333902485,0.992242853117633,1.00915292636587,1.00905784411156,1.10466085656179,1.16329523970922,1.16283529919412,1.1908800574986,1.22271892938384,1.22863643726377,1.26007221519486,1.24760963267465,1.24316898998375,1.24410243842587,1.26684073814166,1.26469323471817,1.2647600495717,1.24715920527637,1.22061103875574,1.16354165594803,1.16384128154643,1.15013175906978,1.12520349003643,1.12590361533383,1.11684453286853,1.12145764943058,1.12169342119189,1.12103121009078,1.11552966223365,1.10339345863439,1.10339345863439,1.1216634606602,1.12884562024262,1.12916348796085,1.13998886788693,1.14669725690061,1.14709945622747,1.12372863847061,1.14004714924382,1.17124256094736,1.17100359448505,1.19278353540786,1.22125392324566,1.22031676605902,1.24184616062064,1.29748398809125,1.31567379402624,1.31594269416957,1.3274106324908,1.35987976316971,1.35855939189924,1.34132479210855,NaN,NaN,NaN,NaN,NaN,NaN,1.33528313556725,1.33345971667694,1.33693015482391,1.34792886543843,1.35020347776144,1.35020347776144,1.36242278839229,1.34396342203096,1.34191704270494,1.34021417514243,1.32332681409544,1.29502890136316,1.29545543128715,1.28390658588857,1.28576386361821,1.30147094844146,1.30147094844146,1.32256888871929,1.34765737660977,1.34636265899068,1.3232218299209,1.34823687121293,1.34823687121293,1.36655985190211,1.3497836829887,1.35867861450678,1.35867861450678,1.35563953429629,1.32929575868365,1.32540410125788,1.30257888347431,1.28164603128886,1.28200250227791,1.27690467578215,1.25967008519147,1.24903518308294,1.25402589168706,1.2484025274345,1.23798399551709,1.23998193639561,1.23834572869884,1.23289035566412,1.23289035566412,1.23173614919772,1.22309311313074,1.22067862818823,1.21988215642878,1.21030997905483
An4_Tr114,1.00363599169871,1.00601129151722,0.999870242038079,1.00193410886291,1.00228534542356,1.00094118942214,1.00094118942214,1.00295378792525,1.00304091491764,1.00250292642117,1.00420837942927,0.998836109008421,1.00421792671032,1.00248093088821,0.996025457937194,0.993117624154281,0.992941614917073,0.989986059466212,0.994068909840202,0.994757198995791,0.99486045739793,0.95966767992577,0.937857946499375,0.937883400660147,0.957268254038637,0.96981855447925,0.970382103015196,0.967273172024451,0.979030224147747,0.974356770660196,0.978518406487434,0.985041313025721,0.988169255776784,0.985131389243219,0.983307556246049,0.968852913917144,0.961273164528037,0.964167623554862,0.960905498459056,0.952947772121049,0.952947772121049,0.940849976155508,0.934330375403943,0.934743569458056,0.902481212944281,0.91879552654872,0.951528007542981,0.952255278893459,0.930694879848932,0.96618016736514,0.968111991956796,0.987586044648455,0.997393175031532,1.00694102843577,1.00694102843577,1.02976453204542,1.02685987007912,1.02646534238402,1.01597481969394,1.04263826147445,1.04296744708743,1.0407033074002,1.03544820984489,1.04172981706391,1.04172981706391,1.03311034197026,1.03112043440695,1.03165642852971,1.025174308475,1.01371691048402,1.01434158655317,1.00955192492493,1.00161226620474,1.00192761991293,1.00212795991103,0.994128993643309,0.985210723224264,0.984242738478637,0.975189757172712,0.97280691330486,0.973077376328985,0.965558458691158,0.958253435939379,0.96005544445191,0.959072552149091,0.952806117659792,0.95576076621513,0.957148277458421,0.951078818813294,0.951790886592949,0.93853855618699,0.938951983750592,0.914032804530942,0.927847311369324,0.927807059065553,0.929436365126853,0.921222265899192,0.920311847040886,0.924869157417393,0.935107662578219,0.961985893397105,0.961949649432799,0.972976302246785,0.980409237702931,0.975061087122285,0.970764112911,0.967799621720686,0.967569433666175,0.964236612255078,0.971513168020892,1.00534974929315,1.00549135422712,1.01524297573042,1.04956124601957,1.05421089835071,1.07119045444835,1.11281187701538,1.1133303358202,1.11391680808696
An4_Tr115,1.03526935995281,1.02707827601582,1.02707827601582,1.01235161232176,1.01071084318846,1.01025318881424,1.0131204181918,1.00727604479224,1.00643237892326,0.999082868385237,0.996786481353667,0.992264382083175,0.992028497952696,0.980868890232061,0.983486063473629,0.983985995273538,0.977153286801604,0.972341739165718,0.972431397062465,0.971060076901758,0.961869409035325,0.928957942908841,0.928952485934966,0.900864697601524,0.898454363241698,0.897071124265627,0.924370805542011,0.930467491310306,0.933968296625122,0.933185557479145,0.927123770448442,0.915955956487293,0.916767798474767,0.910021168781985,0.91872755959036,0.918844869707753,0.931325247417583,0.941583985510466,0.924285572189005,0.924432253864586,0.8860411121207,0.868169883512146,0.869043462095543,0.912483700807878,0.939380320620884,0.93942931141408,0.94974936671919,1.01157315674315,1.02270171832725,1.02270171832725,1.01215252446872,1.005676891221,1.005676891221,1.00626620272253,1.00566813914916,0.998237073586266,0.997650710435104,0.994842863602579,0.985153065280771,0.988978047737029,0.983786973687533,0.978482524833969,0.975881448943825,0.975567744540425,0.966189589406095,0.967152459867924,0.967133125321401,0.964701961150741,0.964486840454674,0.964841823566258,0.963491967466118,0.965713951141636,0.961434106199196,0.959911302498283,0.959129313150796,0.955770405489331,0.955000012876366,0.949629834706722,0.954290035385734,0.954290035385734,0.966532456557175,0.966887751887107,0.935864660317995,0.935268604149468,0.904177004627045,0.930885223798545,0.942101339650808,0.95989834027389,0.986698870264147,0.98591143839715,1.01209206324173,1.02435039686906,1.01983350044649,1.02264337951926,1.0183916004693,0.999989166790513,0.999989166790513,0.992587513792137,0.989803984995099,0.981548048730096,0.981548048730096,0.978814903361707,0.968105105503517,0.966955580226871,0.963155522401096,0.967452395910342,0.966099513338807,0.963413766587587,0.960659288429269,0.960717906682076,0.958449160386697,0.950953440444293,0.942543432409017,0.942609451414683,0.940775382179317,0.941704378126655,0.940287180698762,0.955602734340073,0.962796079425229
An4_Tr116,NaN,NaN,NaN,NaN,NaN,NaN,NaN,NaN,NaN,NaN,NaN,NaN,NaN,NaN,NaN,NaN,NaN,NaN,NaN,NaN,NaN,NaN,NaN,NaN,NaN,NaN,NaN,NaN,NaN,NaN,NaN,NaN,NaN,NaN,NaN,NaN,NaN,NaN,NaN,NaN,NaN,NaN,NaN,NaN,NaN,NaN,NaN,NaN,NaN,NaN,NaN,NaN,NaN,NaN,NaN,NaN,NaN,NaN,NaN,NaN,NaN,NaN,NaN,NaN,NaN,NaN,NaN,NaN,NaN,NaN,NaN,NaN,NaN,NaN,NaN,NaN,NaN,NaN,NaN,NaN,NaN,NaN,NaN,NaN,NaN,NaN,NaN,NaN,NaN,NaN,NaN,NaN,NaN,NaN,NaN,NaN,NaN,NaN,NaN,NaN,NaN,NaN,NaN,NaN,NaN,NaN,NaN,NaN,NaN,NaN,NaN,NaN,NaN,NaN,NaN,NaN,NaN,NaN,NaN
An4_Tr117,NaN,NaN,NaN,NaN,NaN,NaN,NaN,NaN,NaN,NaN,NaN,NaN,NaN,NaN,NaN,NaN,NaN,NaN,NaN,NaN,NaN,NaN,NaN,NaN,NaN,NaN,NaN,NaN,NaN,NaN,NaN,NaN,NaN,NaN,NaN,NaN,NaN,NaN,NaN,NaN,NaN,NaN,NaN,NaN,NaN,NaN,NaN,NaN,NaN,NaN,NaN,NaN,NaN,NaN,NaN,NaN,NaN,NaN,NaN,NaN,NaN,NaN,NaN,NaN,NaN,NaN,NaN,NaN,NaN,NaN,NaN,NaN,NaN,NaN,NaN,NaN,NaN,NaN,NaN,NaN,NaN,NaN,NaN,NaN,NaN,NaN,NaN,NaN,NaN,NaN,NaN,NaN,NaN,NaN,NaN,NaN,NaN,NaN,NaN,NaN,NaN,NaN,NaN,NaN,NaN,NaN,NaN,NaN,NaN,NaN,NaN,NaN,NaN,NaN,NaN,NaN,NaN,NaN,NaN
An4_Tr118,1.01821298985907,1.01855589118563,1.01879938012311,1.01406462793258,1.01406462793258,1.00764883381342,1.00274906988848,1.00002383803132,1.00002383803132,0.994578005827804,0.994919292542725,0.994897855311872,0.989546270431402,0.989080453275692,0.988718793247659,0.990395662115974,0.98920713045182,0.986991547724279,0.987521892273257,0.980383431430331,0.982900384202195,0.933479649930854,0.934245377818798,0.908005317098438,0.945416598283853,0.944884253557508,0.98961081214515,1.02681777761861,1.0247160804274,1.0505613051987,1.07642093606242,1.08769381915093,1.08708170560229,1.10445462138838,1.11265537453378,1.11265537453378,1.10948705553637,1.09363590688867,1.09401884426683,1.08084496981932,1.07094601359611,1.0576184070638,1.05903282077387,1.03323498366541,0.997640296128308,0.996782125862394,1.0036440693691,1.02047632796801,1.02044314475491,1.06064727490557,1.09332116933157,1.09590103006166,1.09579144241242,1.10237763448345,1.09883825396839,1.09905737302532,1.08953577947193,1.11888562237501,1.11743009534261,1.11615612256665,1.08382768674695,1.10148486151743,1.10202589589127,1.10189846605517,1.10769593963923,1.10835288369842,1.14277573407855,1.12790303541138,1.09639371998274,1.06617845907505,1.03880350891113,1.08187065074095,1.07834863927387,1.05791993593624,1.07046653302565,1.07046653302565,1.11280539185694,1.12808822899765,1.1165960836241,1.11594779806226,1.09893807295672,1.10931320295571,1.10979480814032,1.1008553241337,1.10639972473393,0.931861949614313,0.929790907344256,0.713745762840896,0.697059560452209,0.696689207358718,0.703470995765483,0.715718579876246,0.714978105696508,0.711941037405744,0.711748084163308,0.70972078917753,0.70972078917753,0.702064026185137,0.702619337902319,0.702979028258199,0.698887360681657,0.696223355834163,0.695396545258028,0.689956135738042,0.689307176447159,0.69519955667169,0.695102005932835,0.695665341919802,0.694062324477166,0.694062324477166,0.693317369435562,0.69034002504539,0.689594428372578,0.681986021260206,0.683448853212965,0.682307628334498,0.681970852591253,0.688185355351186,0.684892441627985
An4_Tr119,1.03057077515649,1.02192665463915,1.01527286029907,1.0152108974497,1.01563922209602,1.00990922250031,1.00726210575867,1.00422738864376,1.00329518143965,0.996882940134094,0.996882940134094,0.995095806306526,0.982850461095133,0.982401050752737,0.981948921311453,0.981394901820012,0.985865579115303,0.98474952239932,0.988613568948506,0.989474721478949,0.988101350273015,0.951952997648959,0.978052148460886,0.978289791525155,0.976432341871157,0.951925423604659,0.947207259525755,0.950991540545206,1.04405412146135,1.0873219060743,1.08858325284431,1.07993611878254,1.10556874677679,1.10556874677679,1.11445631258513,1.11015314963922,1.10587020319776,1.10587020319776,1.08955579947478,1.07522605311175,1.07550750897123,1.06603505910173,1.05947599106017,1.0624744038738,1.06289523100827,1.04700740046565,1.05782548356902,1.05843815769306,1.07688952522318,1.05895828662361,1.05869648011416,1.11995119403396,1.13715721853737,1.17168960642407,1.17010151119837,1.18497118820989,1.2124534205599,1.2125966835387,1.21985801540614,1.20341661033889,1.20240254325661,1.09424285590398,1.0901942910773,1.0969346625621,1.09616791282197,1.10113805213063,1.09524307619946,1.09826998729958,1.09027463764343,1.09272565796536,1.08992351668735,1.0970124720563,1.09721559676638,1.09812824967324,1.09839832971447,1.09221072629368,1.07677507988917,1.08593467335746,1.07976562472987,1.07276817597459,1.07404952643362,1.07147034747495,1.07373792756036,1.07703999876526,1.07384724180447,1.07287208269911,1.08160627663175,1.07477523956926,1.07853424420039,1.06999310616871,1.07225492487345,1.0664256882624,1.06480489557544,1.06413394645524,1.06281796295582,1.07350184204123,1.09039268653316,1.09039268653316,1.10655219443668,1.10502835838223,1.09805883598411,1.09438782687147,1.0907097646795,1.09021469012034,1.09021469012034,1.09072130434976,1.08933364429024,1.08607678388257,1.08607678388257,1.07752586295849,1.0731392889942,1.0751487328377,1.07287634144275,1.06843901223531,1.06274646379662,1.03912602550457,1.00316019009055,0.953245666112647,0.953245666112647
An4_Tr120,1.00498519657716,1.00725467776857,1.01022953236011,0.998118358782079,1.00021560066871,1.00021560066871,0.99342867199549,1.01362065425213,1.01309125916826,1.02564757178844,1.03151244028351,1.02355370416509,1.02400722341151,1.01769875946958,1.01164345787281,1.01181173181489,1.00206780676583,0.905328185416552,0.905569566770567,0.90516840029472,0.96485642206795,1.03415305623301,1.03432442153312,1.05767516711263,1.0913201047382,1.09212192283081,1.10723761670585,1.11874810199367,1.11880070035443,1.11264301864382,1.10458516275545,1.08343815466119,1.0833016435226,1.04073069764867,1.01127489751879,1.01165240586883,1.01102972656022,1.04052641040836,1.04079470840975,1.09751197635526,1.11189355034378,1.0911732931913,1.09189385716251,1.08779664155711,1.0848162832049,1.08454516633232,1.07429298599851,1.07113113747152,1.05394158619055,1.05500002357566,1.04593590505729,1.03954131193789,1.04110201059017,1.03935549116785,1.03342787740121,1.03511794470518,1.03897937553282,1.02817786644679,1.02522682691097,1.02521378897896,1.02442059607373,1.02076205543193,1.02388560572241,0.989597761472848,0.993641802636479,0.993601485384221,0.986099184938206,1.00209226146501,1.02208177961411,1.02748916602023,1.0253371554656,1.00935486795202,1.01790473380426,1.01265485006208,1.00341939536992,1.00999320014924,1.00999320014924,1.00614396265696,1.00858502806797,1.01109149018425,0.99961405429593,0.998638046482952,0.999008143426716,0.994601284276212,0.997236532734959,0.9926614598093,0.994089864353353,0.994455797572914,0.991903761320832,0.99221287324865,0.996615062768392,0.992629006217134,0.990713703790698,0.990641926582043,0.976881429414081,0.943691150168753,0.944038774962581,1.0258757156336,1.06884138192509,1.06863166431735,1.08796721736433,1.11224130115904,1.11237470953239,1.13241072878106,1.13719727470997,1.13005578825325,1.12590948799753,1.11836653201471,1.11217576095361,1.11416838867524,1.09194901302988,1.08738862703269,1.07564814473401,1.07599170326294,1.0698979679307,1.06773358228933,1.06767716971151,1.0575089560975,1.06033537129687
An5_Tr81,1.07793332571836,1.07827988910637,1.0648714833381,1.0660241660948,1.05703176104209,1.05712227380079,1.06140534557588,1.04131308823321,1.04176065666546,0.988264626689686,0.944621193672934,0.944209308653099,0.939340895431766,0.941053448417395,0.837460558291837,0.836450376656168,0.980121420967427,1.02106613438917,1.02167004725543,1.0325079946072,1.02079955096082,1.01412164144633,1.01412090905578,0.840151094394773,0.853173982304553,0.853160620361121,0.921484293117017,0.955006547082938,0.949319293877924,0.948060307774946,0.941338308523072,0.934769003709904,0.933906637162489,0.930254383103679,0.927488127039425,0.93023308391429,0.921595177237307,0.918347553843732,0.918042079447867,0.918042079447867,0.918199781400522,0.926271093512718,0.92596745561529,0.922936484153681,0.917856311765158,0.917856311765158,0.895694022590733,0.772902525801789,0.788418591285508,0.788796790362913,0.819983053407811,0.836895900655511,0.837290954563791,0.836660600785683,0.836368610173444,0.836338723773892,0.857030012974387,0.871539433780942,0.865566252562991,0.864867454903205,0.871170783190022,0.868481473978106,0.86938998485607,0.873256113254862,0.865853185839391,0.875319244793353,0.87417934847754,0.884574216995589,0.887762102221101,0.882978412748459,0.881359881557654,0.87529488642722,0.87529488642722,0.886232268900252,0.926590835789346,0.940919735840588,0.939157355840444,0.953514328724881,0.968386816686163,0.968177617316378,0.974928420712337,0.985370709752608,0.987648378382613,0.990280196300402,0.978663390183747,0.970053172824088,0.970206219987783,0.96619999301763,0.960542874314102,0.960264688346265,0.963777592581792,0.966804386951031,0.962251583639763,0.962884088215215,0.960128194157192,0.971574307140239,0.972431836861968,0.982956882166585,0.980487796752533,0.972668524454443,0.989930804060854,1.00436620353078,1.00789667652515,1.00631312517943,0.999492350895673,0.997832826926268,0.99979814205669,0.998213113343935,1.00987642686958,1.00990204082102,1.01591991655502,1.01615186576636,1.0087473750414,1.0087473750414,1.00227212936185,0.990439253365255,0.991370935137209,0.99296169183944,0.986256701778763
An5_Tr82,0.982656243168734,0.982656243168734,0.995334593451887,0.99632322915,1.00148048464635,1.00273267455812,1.01435174172875,1.01280330434794,1.01220476811605,1.01045843503343,1.0109178652218,1.0112491036885,0.996477885899279,0.999468556048399,0.998143770348173,0.992259594643085,0.985481568857597,0.998450507921981,0.996549430001199,0.997306582612282,0.998428727373609,0.997446241918987,0.945786147693716,0.903343788973403,0.924370667935208,0.924105336582142,0.937556387312527,0.939219419456921,0.942403388994415,0.93485449131863,0.941179398352932,1.00166886379886,0.997071989992616,1.02928289417419,1.0491931203772,1.04839812751424,1.10485363084256,1.13217489957029,1.13217489957029,1.17963078352755,1.20335046066931,1.24460471144178,1.24451267263366,1.24593318017107,1.24391796798679,1.24392249446774,1.25247420029588,1.23954243333626,1.23385271852719,1.21959245199235,1.17667461078454,1.16520748207943,1.16555057841384,1.2078261716193,1.2604848503795,1.25390667540653,1.26286945051165,1.28299271949692,1.29370080355016,1.2922913658939,1.29310538904682,1.28828727716188,1.27695626994345,1.28933787747263,1.29030482554991,1.29030986544435,1.31322052821517,1.32662070569892,1.34919227191028,1.34937490503736,1.30890517059565,1.33614271769923,1.33604589924654,1.35534008046691,1.35328253067059,1.35328253067059,1.35503053158161,1.40382020883397,1.42577549902952,1.42443422063228,1.4177158089412,1.41644804624411,1.41577719098319,1.39347107424899,1.37344173802942,1.37318558953956,1.36807856951158,1.3622211156244,1.36785178331491,1.36785178331491,1.36657306016155,1.3692338077996,1.36487778016736,1.35505591188855,1.32369546537297,1.34038172882299,1.34038172882299,1.35398563587233,1.35133700909677,1.35135402578996,1.34183896680632,1.34243567690448,1.33572702424702,1.33572702424702,1.34377723042645,1.34975676786669,1.35229973380193,1.35082681768404,1.35158270912674,1.34950281973084,1.35540272410973,1.35164043858553,1.3514153033906,1.35269201532447,1.3512238801885,1.35155089686963,1.35159103396934,1.3389702919447,1.34060174415098
An5_Tr83,0.974376511894528,0.977522689934338,0.982827100241015,0.963553320312926,0.961066198856041,0.990518529047322,0.990143464988779,0.990143464988779,0.992801832566476,1.0085083273737,1.00585169154042,0.993716529172128,1.02396322524276,1.02501971529913,1.02834841701301,1.02733548791601,1.02201023863485,1.02145477241342,1.02083848256437,1.02620836244832,1.02631857923838,1.03598479914862,1.03667028439439,1.01013544119321,1.00812783216692,1.04075485663375,1.03452067377179,1.03651146815705,1.04057381018866,1.03652813824029,1.01195005854974,1.01309178610577,0.99444158116954,1.02140697919052,1.02152114874042,1.03188714453444,0.992968064798801,0.992550171577144,1.01336723378253,1.02413517502703,1.01339538578057,1.01414561770768,0.995168627255344,1.0160868146926,1.01458393269088,0.976082065797707,0.980276581203846,0.980272928669872,0.986605126967238,0.986522319554472,0.984974004885282,0.984974004885282,0.983418719025409,0.992107749241548,0.99272858739509,1.00828639541615,1.02865152240336,1.02819312725627,1.0325051471961,0.979495544234683,1.01236815232815,1.01138036734815,1.03869900115238,1.05326026572602,1.05307300860862,1.04076629368918,1.02979785817828,1.02094141007057,1.02040147625157,1.01152348755009,1.00491706842161,1.00580263206333,0.995630660502921,0.980902757757118,0.985027248835338,0.985035760831407,0.995245978600803,0.992546063719085,0.994652131535427,0.983501324360188,0.994186699436475,0.994186699436475,0.985625811828167,0.982859926307885,0.982274191953219,0.988052053894668,0.987626126449286,0.984044799292168,0.984044799292168,0.988058959748053,0.973087336055545,0.972927915483262,0.974303192122392,0.969981115616641,0.970603746206586,0.968165683587665,0.964562963241357,0.960987017140311,0.961295155789493,0.968362227695141,0.973152791262669,0.973119782683268,0.974716347171571,0.966731099298415,0.96057069452364,0.960085500317758,0.968457698019152,0.965576123276636,0.966575410198009,0.961946684750785,0.959051566640264,0.969537492360434,0.969537492360434,0.98313322100259,0.988431057364561,0.989671399720494,0.98327401166984,0.984462133450321,0.984597586679388
An5_Tr84,1.01355862028111,0.999095476027727,1.00203848948611,1.00191832270082,1.00402926109899,1.00359527014129,0.999602098884237,1.00366360105368,0.995469941374607,0.993960441495602,0.994167591647395,0.989077529694551,0.991611551865427,0.990088828201457,0.999400107663201,1.00817773826384,1.00800823926792,1.00657644605642,0.995960444795619,0.995971368423474,0.995758939498864,0.995484979042058,1.00011949497004,0.999463535145422,0.981934630802632,0.994235037760359,0.98030470411843,0.980754886296356,1.00616121193897,1.02723085598302,1.03198083914011,1.02555699313412,1.01806663995142,1.01571249685338,0.946882076599189,0.982359379158457,0.959616954981365,0.959616954981365,0.971443987568497,0.968051535845974,0.967192070335707,0.960410668046813,0.960791711385474,0.960485409229405,0.960385805570345,0.945970554713236,0.947998125653657,0.947426091645097,0.950366535970077,0.959872009396538,0.958841719304554,0.960142902140202,0.936953229220838,0.889187746575115,0.884036699970244,0.892607212235647,0.960959760073481,0.961722839515259,1.01635850375543,1.0275231098167,1.02776792096749,1.03529859387017,1.04668886982114,1.02213878764963,1.01784861318545,1.00323857540653,1.01778083278091,1.01755607907447,0.996205694194441,0.967902148898408,1.01102364125518,1.01177239088608,1.01876945237635,0.960564007667879,0.956606414852041,1.01808742587474,1.04014337760572,1.03986271694435,1.04480824837692,1.02221916211394,1.00450649341453,1.00450649341453,1.02191445122289,1.01246004036114,1.0158148563538,0.991018425193265,0.971077521903596,0.97789144496817,0.977888178626499,0.992653864646055,0.988466580698148,0.988421891914864,0.992891303657973,0.99359981786988,0.990481410903398,0.985214982734821,0.990294467882529,0.990294467882529,0.991786964639876,0.994685698717877,0.990815762587441,0.995494309437582,0.992355100747317,0.994001220566047,0.994001220566047,0.99548734491663,0.998241381271655,0.99528850234277,0.99528850234277,0.994252663605423,0.994176868448714,0.995222213014116,0.988280831277751,0.991945743269439,0.999631771677657,0.999553969919255,1.01245901873906,1.00849221781089,1.00799484956825
An5_Tr85,NaN,NaN,NaN,NaN,NaN,NaN,NaN,NaN,NaN,NaN,NaN,NaN,NaN,NaN,NaN,NaN,NaN,NaN,NaN,NaN,NaN,NaN,NaN,NaN,NaN,NaN,NaN,NaN,NaN,NaN,NaN,NaN,NaN,NaN,NaN,NaN,NaN,NaN,NaN,NaN,NaN,NaN,NaN,NaN,NaN,NaN,NaN,NaN,NaN,NaN,NaN,NaN,NaN,NaN,NaN,NaN,NaN,NaN,NaN,NaN,NaN,NaN,NaN,NaN,NaN,NaN,NaN,NaN,NaN,NaN,NaN,NaN,NaN,NaN,NaN,NaN,NaN,NaN,NaN,NaN,NaN,NaN,NaN,NaN,NaN,NaN,NaN,NaN,NaN,NaN,NaN,NaN,NaN,NaN,NaN,NaN,NaN,NaN,NaN,NaN,NaN,NaN,NaN,NaN,NaN,NaN,NaN,NaN,NaN,NaN,NaN,NaN,NaN,NaN,NaN,NaN,NaN,NaN,NaN
An5_Tr86,0.985454676733031,1.00473559471961,1.01371324082336,1.03678230943006,1.03678230943006,1.0279046213116,1.03846039311686,1.03895850408215,1.05300245743812,1.05278411849531,1.05359189465386,1.01716407881559,0.946612140972665,0.944768550866411,0.944195284335364,0.932926245395395,0.957308008599022,0.957837138499025,0.9570184322825,0.948373774980408,0.952645831353435,0.948003596092198,0.958409351538033,0.965406927222715,0.970077696787315,0.967272140843155,0.971532724523362,0.970161886888748,0.970765330133776,0.964196045953559,0.96317299017243,0.963153938428361,0.96402093569234,0.967847613157979,0.966373362272854,0.965643239358833,0.963105807681749,0.963422228564455,0.962366492059117,0.959098027925702,0.949560063477998,0.947805135053025,0.943532975717381,0.938712705257703,0.936635919479554,0.934397668330959,0.862844719179623,0.734094412557468,0.736517796964971,0.685555551872897,0.651764758707239,0.650688144018023,0.642943648196809,0.651640078708756,0.651640078708756,0.685540143305477,0.71578297363033,0.720882719787792,0.720473252364864,0.757772741586949,0.787247162757555,0.787916741283832,0.79707812540247,0.808380426901315,0.80594780832942,0.819853080040845,0.819186300283735,0.819186300283735,0.816458100898663,0.807835527908734,0.802634977927659,0.803121577852062,0.79848630785286,0.796975946972042,0.799060944618168,0.798422881813336,0.796179560859647,0.802722014584266,0.802722014584266,0.800405019039185,0.803534736211913,0.800472404006059,0.799644599459092,0.803233166564721,0.799635461153613,0.799732161459704,0.802019994643875,0.801524241503735,0.801524241503735,0.805096970384671,0.801287723443621,0.802275497222478,0.80130910813608,0.798225901332044,0.801174997425541,0.800502122912048,0.800716336476066,0.796514722636277,0.793638119487415,0.789710629947474,0.797577149880759,0.79897706155617,0.809846979788751,0.819613400463359,0.812952110304643,0.812952110304643,0.812653879274629,0.80281264396513,0.802898836747511,0.803069829893784,0.766638172715094,0.71279960244322,0.692706832367325,0.490842855977458,0.502047679167919,0.502217343309004,0.520590384859153,0.52534944613451,0.521701920039098
An5_Tr87,1.06418339626431,1.06214606020141,1.0713777556004,1.0872326918957,1.08705811101644,1.10207919999699,1.10432490289277,1.1038188721313,0.946805376735309,0.863914873294992,0.877130702224002,0.877130702224002,0.932640506432717,0.964512459035484,0.966162731826792,0.974758919523832,0.975184206939026,0.969769265882266,0.969769265882266,0.96809484744017,0.965642651859664,0.966527933946588,0.949721538989637,0.851698364598691,0.794217636215608,0.785113954493657,0.859859749358571,0.949582411194124,0.948917321918491,0.964078008867457,0.98456405998658,0.98798964552401,1.01866837989484,1.03021740506116,1.03021740506116,1.03768431469107,1.02603546921311,1.02614092839691,1.02605431520408,1.02955764618305,1.02213123907162,1.02040395343873,1.02213889459796,1.01973693102504,1.01595504347869,1.01588797856957,0.999344315970756,0.999185090798747,0.999101994364465,1.00126919515099,0.996620849368357,0.997335451602577,0.999074310163759,1.00589086615743,1.03592415992208,1.03608665747169,1.03340744351252,1.02865920479209,1.02607189075194,1.03479941675896,1.02423465436538,1.03147381403172,1.03169694169071,1.0299377142857,1.03019748494721,1.03018444479342,1.02084313588323,1.02363165136475,1.0207650526645,1.03107418708556,1.02603913748614,1.02993025693744,1.02993203030894,1.04625706780022,1.05718176809971,1.05747537520349,1.05990269376192,1.06090266659092,1.06212956993098,1.01167455736713,1.00214755014933,1.00114439974347,0.98470937284662,0.919101966488294,0.917352849512925,0.916338887715571,0.951317054131377,0.940068578466136,0.943501754928505,0.943508801366705,0.930052943383542,0.936180574309474,0.936784142352923,0.934377144115754,0.932634676028173,0.92840826618756,0.931510161484628,0.939656284125524,0.953732751904359,0.954160997461027,0.939576866053123,0.951227307438047,0.951729537753783,0.950809372553886,0.958557546003592,0.95850902653428,0.970000084172518,0.964831883289654,0.968049301879202,0.968604845209387,0.971124091615972,0.967772983426484,0.965430581896287,0.954517815748991,0.950622791676279,0.946462040650731,0.944577212840177,0.950384290141972,0.957707375002042
An5_Tr88,0.970801370120935,0.974590374582004,0.985176634832147,0.986656083982748,0.984912915691331,0.992038561625939,0.985042714908516,0.985042714908516,0.985583639336594,1.01405447177672,1.0152312185948,1.01565171518965,1.02414166486876,1.02630750660785,1.02581690610448,1.0180879406842,1.0172788244574,0.996872777359338,0.996711964368081,0.998314359613081,0.994634238031953,0.99195386550698,0.994273646109555,0.946549347340144,0.939701372316047,0.97531907918877,1.03895386673012,1.06707258552381,1.06707258552381,1.06068806932534,1.04954077611916,1.05041266623338,1.0382379697529,1.01589543361984,1.00683896813947,1.00231337023953,0.985880651180211,0.981159165825064,0.972347374866467,0.969655969239936,0.965030670682635,0.96255905532863,0.960990601284577,0.95355823896755,0.952706066375129,0.952870694064291,0.948847289483851,0.939085625124334,0.939085625124334,0.944977979881687,0.949503497094652,0.949621609673677,0.945163330010738,0.944474780769035,0.956490170092465,0.956248952803999,0.959613309099544,0.962004821831503,0.962004821831503,0.953633589829895,0.954920218522054,0.942397779366818,0.943722097553287,0.944750726827967,0.941055655468994,0.943314999320315,0.936682403264231,0.935229377257896,0.939368464261128,0.941337172967617,0.99382984812256,1.03440680024075,1.02802878882901,NaN,NaN,NaN,NaN,NaN,NaN,NaN,0.719328511279262,0.784709976511459,0.783242340908824,0.814375783418337,0.827126242756783,0.825978673301026,0.831753636851359,0.827792840737328,0.826743216114954,0.835831406768643,0.8373180604922,0.845514292652943,0.840662843995378,0.845305654000161,0.845871903538306,0.843303202522022,0.853961536158066,0.853846424809322,0.853358340516547,0.849368738695126,0.846577762225084,0.848249219119596,0.848249219119596,0.841073710642572,0.858995792789653,0.857683698313161,0.869688987763393,0.864145345283003,0.86677866601348,0.863168754297529,0.881912592408275,0.900264618396842,0.90243452912465,0.907453233719729,0.901307017373241,0.897273483317681,0.895997100814752,0.885240722210456,0.903483726265575
An5_Tr89,1.06540572486303,1.06408702727087,1.07232070682077,1.06707563403312,1.04861406828481,1.04937315847175,1.03709500363846,1.03841855866543,1.03994617515998,1.04725334039812,1.05840507476789,1.07904076330586,1.07976958048129,1.06651118387965,0.841539872581501,0.841319173471079,0.843976055862584,0.829878752299431,0.829970145744369,0.805893527737309,0.797656697250118,0.795696436013492,0.816378628737699,0.834052172605512,0.843191093695714,0.841902404587316,0.853730093207432,0.854135803134136,0.853466664792578,0.860306501896375,0.86850864237314,0.870716764400562,0.870890356016432,0.87516668912222,0.872304286379179,0.8730575524382,0.881995846030429,0.882734168049085,0.870777279665333,0.869678334348445,0.859859242923509,0.858001580564138,0.853312419047195,0.856830228445541,0.849066535819384,0.849147814997779,0.838789535771634,0.817834082088892,NaN,NaN,NaN,NaN,NaN,NaN,NaN,NaN,NaN,NaN,NaN,NaN,1.32594691809858,1.63522836226762,1.63523070376429,1.79898287969247,1.86185637557077,1.86073861429061,1.92017025914719,1.96190947142129,1.98582879929199,1.98584041949143,1.98445913126079,2.05249751766854,2.05160615873131,2.05481399204583,2.05457065461139,2.04404123360884,2.04391635460716,2.05426139959867,2.02898124072627,2.02933145991129,2.01485472112802,1.99574640689112,1.99546242874244,1.97735232572238,1.97654615050021,1.96333229938599,1.96145516841951,1.97219610008009,1.95762066111664,1.96470146630583,1.95167023052299,1.9480613370178,1.94725839378033,1.95139312661559,1.95204269653088,1.94898008185262,1.94802861674516,1.94337835719735,1.9429896149255,1.95334158246859,1.95546220717733,1.96034828320488,1.95812336608959,1.96266716474644,1.97289912674125,1.97815755735269,1.97842098979943,1.97097028831883,1.97050216431796,1.97075172198261,1.96444257540929,1.96266392206812,1.95023061113852,1.95216953455997,1.95164105009203,1.94952332295625,1.94471170489493,1.94724568225014,1.95745095121582
An5_Tr90,0.991781070335792,0.99052300877658,1.0001843815782,1.00632321962886,1.006072672146,1.00145836911169,1.00087930570378,0.99901014799911,0.998171790962979,0.997478591763419,0.994064639266873,0.993698972276896,1.00342492483697,1.00192448025131,1.00215889966445,1.00675077667728,1.00020900921744,1.00076671911272,1.00511902068966,1.00451781470008,1.00504886810529,1.00588285884757,0.983183571430217,0.553112229531202,0.553496491576437,0.514031632641986,0.513350625141636,0.555003252965792,0.55431053798555,0.560135223998167,0.568554916618983,0.564049137103746,0.563413070693244,0.573299859807533,0.569972585606753,0.58792348281709,0.591281081639669,0.600726738061344,0.599456528475084,0.602702134876636,0.599775565585942,0.600262713976536,0.607432063663301,0.620348625326169,0.638498346947143,0.638687491173125,0.645342420229222,0.652925094380153,0.652542552501628,0.654783630093982,0.661127837666158,0.658877025897539,0.670730292661217,0.678854076914226,0.681314509474353,0.681030225951842,0.690556208805663,0.550250223400078,0.551649397155731,0.417219558365351,0.391737453051906,0.391414034293224,0.447144241401401,0.449996726166709,0.4546821805214,0.454840418798194,0.456129802993666,0.457081246744513,0.456975106398464,0.454321946363466,0.501036828348065,0.601737249425172,0.600496615903609,0.616137775763364,0.626176197793949,0.629776026788681,0.678343363909869,0.709223989718568,0.708189348212761,0.710904771425315,0.712311176627553,0.7149844932377,0.7149844932377,0.717458665053215,0.721115015213238,0.715330204307116,0.719001796956735,0.717196310925514,0.722850410962973,0.723611169925671,0.724166130823042,0.732910923034439,0.73140297829566,0.74169884711141,0.739256300433402,0.734429729076647,0.734672656583081,0.734080693848404,0.734080693848404,0.731299242398879,0.7318112122914,0.722908225183465,0.722908225183465,0.672298916925337,0.509163066783067,0.497932006221578,0.449948977403213,0.478088932923019,0.511808552572563,0.506461240340855,0.544803318308897,0.55734066146859,0.556184121627389,0.5729603518948,0.603691519685,0.618530034358063,0.618530034358063,0.622536348654887,0.62102656063907
An5_Tr91,1.11023667829009,1.11564735856527,1.09924444994512,1.10407513534047,1.09917974394205,1.09917974394205,1.09672660050758,1.10241380646575,1.10265429371454,1.10242218981618,1.10333767098344,1.0983331539531,1.01022126331308,0.868638474650958,0.795652771875747,0.785334165301089,0.751574983549321,0.777563757922092,0.777563757922092,0.793653003185967,0.794027805692424,0.822078866877085,0.821804586258741,0.836213950037879,0.815548604071558,0.816218260241882,0.816913582053399,0.824687309130266,0.824969992475013,0.818945584045893,0.820636034853747,0.824954142371221,0.824954142371221,0.818815459340388,0.822127217775409,0.822040302483846,0.815725287382777,0.815541040526899,0.81394376182626,0.818977942067995,0.798492965750334,0.820692936769424,0.816115939581138,0.824610330450431,0.84010387681756,0.839902911024046,0.846908567666571,0.843231779265435,0.861748306633807,0.862038558867725,0.858072621063873,0.847694611741067,0.847248364502991,0.859123766653983,0.863237284930678,0.86681020091457,0.892200402096952,0.885567257954262,0.900522462269565,0.899194247249514,0.910746397202576,0.91891189614012,0.918468258447222,0.919485309997778,0.917383441530247,0.915244425670737,0.90242078190055,0.908405284133527,0.94592041429594,0.94592041429594,0.842710188904939,0.76248528400501,0.762021836101861,0.74544971957856,0.689659395409183,0.689685460626523,0.710781938840385,0.713989769119534,0.757062718958991,0.757628747395582,0.777148198242137,0.78134685653134,0.780248245296626,0.800856956227223,0.817767443405589,0.814069624407688,0.814679836498527,0.812946626269596,0.811726818859743,0.811726818859743,0.820520620674047,0.837535200921423,0.860784215887638,0.860784215887638,0.866281327263242,0.866149775907715,0.865364882066172,0.863113488664857,0.845730107640184,0.846335266640329,0.860028006277086,0.873101008023012,0.858198399594447,0.85895134122846,0.872822686740558,0.943618894769519,0.943618894769519,0.921024348684983,0.951891369220632,0.960918583704384,1.08606150167923,1.14479243578272,1.14455446358041,1.16407609334462,1.19441615331774,1.2003872876616,1.20052711878905,1.20831677955099,1.1807981897463
An5_Tr92,0.991655780580236,0.9887190617738,0.9887190617738,0.98820288426847,0.99197138002049,0.99073924677446,1.00620509418383,1.01206928387312,1.02312656162951,1.02202970776206,1.00520611162134,0.997450776172599,0.995985019448365,0.986481151700261,0.994144965018293,0.997572966631081,0.988888570913494,1.00020180588515,1.03063056996963,1.03010621231211,1.07599703116311,1.10595267618157,1.10595267618157,0.974285801051909,0.935046520853101,0.934799645713437,1.00354219083243,0.994819588047918,0.987191142968805,0.972287239899047,0.962364207666586,0.936907311883193,0.931199494621076,0.925161520844922,0.9271364629307,0.927346950454004,0.915808454246123,0.925760784853848,0.939241021510397,0.938675803583301,0.945054346905027,0.948008562494923,0.950646080920472,0.933143012284808,0.926128650518383,0.919133423682773,0.914070266997606,0.902227479777653,0.908689838002728,0.901981998220926,0.900547328122416,0.894795613950721,0.899572610184761,0.898220592281581,0.904517409792233,0.905576819398737,0.904423505546884,0.906908609677134,0.909384076333592,0.909384076333592,0.920427718163658,0.9252075582405,0.926083070750475,0.927624688130089,0.936792673127399,0.95745665386055,0.95745665386055,0.888469133052619,0.865048942064428,0.867180369241173,0.864309563180316,0.845530854432124,0.852818520841449,0.842207336596315,0.844667279680416,0.887992449644659,0.890605367247767,0.885639726696683,0.884798238541746,0.884798238541746,0.882758748789695,0.897705977274301,0.890146589182887,0.880850580118461,0.877059775900492,0.889053535972843,0.889738605675135,0.880858190655704,0.875428051503248,0.864278138446063,0.870616080371733,0.878283401301627,0.880336726381512,0.880336726381512,0.882665149466469,0.877486756274374,0.877618350767977,0.879429701496297,0.876523745109221,0.894168963016163,0.894168963016163,0.88653453332393,0.883851579020136,0.884039370284702,0.887195189183411,0.891205629970918,0.894912625585666,0.889277813157533,0.875982889703384,0.888679879165034,0.887950623832959,0.894983459597132,0.900891616635846,0.903022403465421,0.90706784949423,0.918052487048168,0.914267123513936,0.914098235890159,0.94377989611033
An5_Tr93,0.936548894278228,0.930272978783019,0.9815307135534,0.98259630582378,1.05724194591136,0.97550861267682,0.974872507687655,0.992574782914431,1.00786847124747,1.00870462460377,1.02843727146711,1.03836952538967,1.01888906888428,1.0193797341089,1.01084138485154,1.01011622155832,1.00880575676329,1.00973350384606,1.00770769565091,1.01883214206642,1.01362983516037,1.03272433826712,0.920875987984154,0.910092749101421,0.709146075591316,0.749003519174511,0.788049076989015,0.788779000710603,0.827637722468368,0.837071338160611,0.836995326109568,0.847167273725918,0.84030971749699,0.840285281749633,0.84384881277568,0.832137002305371,0.824332999086189,0.828869036428649,0.829683165235809,0.82316764229525,0.82316764229525,0.821320666183902,0.821482238081539,0.824019142645747,0.8201404844932,0.819396690334744,0.819914661798638,0.818445438211722,0.821511513437126,0.820882707784373,0.815687132367198,0.797661959830727,0.799535218114359,0.801573625671817,0.800647838986099,0.805420227763192,0.809405355664588,0.80987254743869,0.825788569389279,0.829624588950994,0.82926045922448,0.826576958293315,0.827078563803416,0.852777140538119,0.844837284246252,0.849463777122106,0.858895173341522,0.860079059103867,0.739736514406088,0.645739652329872,0.644215046729235,0.665834116950533,0.671890912196662,0.672477246698582,0.640855918955529,0.645775502440356,0.661197311141887,0.661197311141887,0.682856929524978,0.684029847476511,0.684029847476511,0.686071901518686,0.696023183767664,0.692683117401158,0.691766040328752,0.706873256539061,0.714099163188129,0.709328389785508,0.720061322327592,0.737679929781027,0.754377786579896,0.754377786579896,0.777107905728306,0.778618862428546,0.772434521894844,0.776370826990513,0.772934023017143,0.774552818794546,0.773322719097575,0.780210580724668,0.777851764193194,0.777851764193194,0.785111322101879,0.790951458256474,0.787181536062825,0.790105064810651,0.794510181132948,0.78556648715685,0.788055594441213,0.822817842729945,0.843587842093042,0.843115133649363,0.822992054827044,0.772762684730061,0.772995571335118,0.812425199398116,0.851292137012409,0.850867358790107,0.884100642206514
An5_Tr94,0.968745648724307,0.966470153437647,0.972583645622953,0.976056071678928,0.974080440621019,0.966001684718042,0.970123975717006,0.970123975717006,0.976079227094626,0.993960110560528,0.994179007509119,1.00724833301539,1.02931541958523,1.02717920085115,1.0456573126626,1.05282541301221,1.03837648651643,1.03885632093837,1.03213757201744,1.04281540613928,1.0430579212945,1.04096283085575,1.04130685330067,1.04342081444236,1.04303243196937,NaN,NaN,NaN,NaN,NaN,NaN,NaN,NaN,NaN,NaN,NaN,NaN,NaN,NaN,NaN,NaN,NaN,NaN,1.44330157549479,1.44258865749112,1.51320422504912,1.56633900091848,1.56409994812435,1.5717735419346,1.56791077208196,1.56852113049253,1.57918581988855,1.58198073147492,1.61220601061252,1.61220601061252,1.63555825810503,1.64791274414647,1.64830934502942,1.62081426851549,1.57617570086698,1.59059564659591,1.59102979656899,1.59166146656499,1.57829415712211,1.57779982122866,1.61060004887274,1.61939505638387,1.6281124993125,1.62805837343307,1.60783083380203,1.60768542233604,1.60515604179005,1.61082023726851,1.60297567064125,1.60490991438064,1.60228026348453,1.61458947275614,1.59694671574014,1.60183556784274,1.60034531679165,1.60075676903327,1.60494411463156,1.60977010005088,1.59827040863844,1.5999052930427,1.61102649806649,1.63183600882499,1.64480937629638,1.64480937629638,1.63953414049638,1.57354764773898,1.5689796564031,1.59065502107495,1.6631882667456,1.66334385382445,1.72672909310788,1.74239259813501,1.7401486377639,1.7417183111713,1.72784367333441,1.70140335132204,1.69863678604594,1.69040858185204,1.67917520203238,1.67451720129756,1.67379357485341,1.66525445724973,1.67365413050106,1.67372017840472,1.66589222662098,1.64889173751805,1.64386940426687,1.48203377237387,1.44436899106257,1.53531267074072,1.53280633752223,1.61685769294538,1.64730648092763,1.64727248352716
An5_Tr95,0.995008244139252,0.996859535742601,0.923475907223862,0.922397028090783,0.928988610499583,0.929541448649761,0.999997896545561,1.01127249859141,1.01119825594927,1.00314938663091,1.00014380026736,1.02237848547781,1.02208188703784,1.04018068346657,1.0398155485587,1.0398155485587,1.03981590334549,1.03730244008244,1.03657689114209,1.04924128265478,1.04376594832665,1.04364365418967,1.03088449072671,0.930226161377885,0.963611784057718,0.964036680481103,1.01364188810572,1.02090948025608,1.02143792987805,1.01998494588748,0.994473481694664,0.983938936157335,0.987205174508243,0.984436263277109,0.971885486801725,0.97171958291169,0.898366206178047,0.850118332356979,0.793967945430177,0.79409839980082,0.756525414781121,0.766870492127583,0.766052787584051,0.769864455306341,0.768233762886122,0.756385271815313,0.755253248907014,0.753088356403358,0.740984371097544,0.73647250228767,0.759842616321941,0.851482656572389,0.854226333177396,0.937826119570392,0.960119298127409,0.960119298127409,1.0034524259476,1.04494941956116,1.04829267771134,1.04829267771134,1.04173355606752,NaN,NaN,NaN,NaN,NaN,NaN,NaN,0.747505087793952,0.738675339135072,0.732142634587302,0.725828790419032,0.725967270603898,0.738131293608768,0.749431463138851,0.752856283318518,0.752856283318518,0.751563892140134,0.746747617212435,0.746602420070205,0.74608382722051,0.751986133820266,0.741534145755081,0.741620203435942,0.749887585956134,0.744944182037044,0.744944182037044,0.755725075190241,0.768616754084193,0.764139522238882,0.804826446795173,0.830256566996839,0.826735018332662,0.827270031032566,0.822345854254013,0.816954631060064,0.816243565762378,0.813744722675424,0.805650049058939,0.807807764670284,0.797802803143082,0.802488105038556,0.821046533044927,0.816393097301184,0.825236303768037,0.830153680208985,0.829955655940931,0.830052143773938,0.824064931180376,0.823864482571462,0.823064260804734,0.819958558985468,0.819482896412168,0.818920042451574,0.821227384841342,0.827153857856387,0.827694665703375,0.852643911890758,0.852634231874688
An5_Tr96,1.00733994597457,1.00734893857631,1.00283599732208,1.00189193250439,1.00206717931668,1.00648642499929,1.00451440599636,0.996750817497109,0.993902128388358,0.997021493691358,1.0086947332254,1.0088779044444,0.99949699673301,0.970998610354265,0.970583552360926,0.961938025771718,0.983149739099107,1.03813185300264,1.03796932074202,1.07749856027296,1.08353619326541,1.09049068512608,1.10055552520026,1.08808459325096,1.08825235567001,1.07328881736522,1.06707331332745,1.0639621328977,1.0639621328977,1.05739962338295,1.04582021739077,1.04591758532745,0.967321387681641,0.876489536272165,0.876461961472327,0.856409446674021,0.920954613311572,0.946516819678072,0.946421971426473,0.940397741874003,0.929396744021345,0.929804594811719,0.932623376946004,0.942433460990449,0.958322035606634,0.958451968639358,0.951928389108814,0.946222311828694,0.939101216367234,0.937646722526223,0.936257129688499,0.930594177707261,0.931000088391612,0.936970154501352,0.909569117142441,0.913779052698917,0.79745063680603,0.733960994457303,0.7343778108387,0.732003039068428,0.762964447992138,0.763671040820569,0.743723106192085,0.751662136975649,0.75551983212671,0.754443178257086,0.772859091546705,0.798456096187059,0.798577463406374,0.826401968320168,0.834567749474418,0.838201060572351,0.838201060572351,0.847214366031394,0.850502371961571,0.852109394315348,0.856206177858933,0.84751266748099,0.842720468615095,0.846003801587481,0.864605688985877,0.89328216508594,0.891182704471341,0.895700031033023,0.896338168864629,0.896444625981934,0.893794201412327,0.973748120169562,0.973200636555078,1.0306028129765,1.04032036872102,1.08935802726152,1.08926512294729,1.14137137363081,1.14380128636051,1.14289953547453,1.14414055788792,1.13556240938996,1.1323629426094,1.13340256685835,1.13528770809098,1.13690518251757,1.13619818074621,1.13848061322331,1.13254714268765,1.13854812040252,1.12797528780813,1.11383309852064,1.12158421919796,1.1217412794288,1.12793767397273,1.112333927382,1.11299731207013,0.987701274566873,0.88284636932885,0.949107911725022,0.950595142350897,1.04325721997721,1.06765516917823
An5_Tr97,0.975723466154569,0.987726364082461,0.985786371956271,0.983424193034869,0.983424193034869,0.985578986727162,0.98930947912092,0.987849583066291,0.988041488617047,0.970387649718338,0.97102875450988,0.91716313729283,0.908204769744097,0.980515486857746,0.97965627113641,1.05569557156469,1.11522925784053,1.11323540675514,1.12201956878588,1.14867899272223,1.17504344932724,1.17504344932724,1.09306307071009,0.885784244936404,0.88533146786611,0.813080641071994,0.77181783796255,0.772401581643564,0.791344816772473,0.836917513315968,0.8322460911615,0.8322460911615,0.829384060806585,0.833794962731656,0.833819098816064,0.825806288091076,0.820588145081095,0.821402315120757,0.832630672260228,0.863918159708806,0.875660754789003,0.875660754789003,0.890205329061428,0.904830834827029,0.905133670774036,0.913262889581548,0.91549968839731,0.869415085861691,0.869458361789126,0.835755595823489,0.809599007478912,0.809704252021177,0.784827911741663,0.751067130225293,0.750352625452506,0.731935616765573,0.72050145592041,0.717068416991221,0.713359621519785,0.717194112964845,0.725908042086608,0.7255978788269,0.74230687246769,0.741018807606618,0.74170689174899,0.798109151258327,0.817003909316526,0.826286756345,0.826899032413905,0.843693462687459,0.870433364163265,0.870343026459035,0.882844706834955,0.882904893767802,0.877306310179116,0.880322299731255,0.887193209569439,0.88344798329592,0.883437145373404,0.89576672417007,0.845251143619987,0.841295897944077,0.79839158693515,0.752353427188739,0.744314754800021,0.746078576601964,0.833439618068434,0.863410187657246,0.863270162639071,0.879109269915696,0.896389425216158,0.894268543291215,0.893639019172132,0.901243657158835,0.893548178615552,0.898511530457456,0.882518951494667,0.869072668307073,0.869072668307073,0.846064692322524,0.847486610697748,0.84836902699782,0.852828795016849,0.831048165135039,0.845185213064249,0.845517748841689,0.839306830675142,0.845920383125523,0.850040535017323,0.842550687142391,0.836911301761574,0.844632580117003,0.846598934327028,0.835434322457827,0.834177857127217,0.829720568079822,0.824026910679348,0.842423414124241,0.842894167914397
An5_Tr98,0.95436114785289,0.961329713111499,0.961329713111499,0.968489876319211,0.97155238331703,0.958064164701541,0.956761014992539,0.987449971675868,1.00096313280562,0.998110707078533,1.01093596832921,1.00576833867992,1.0063083356229,1.00723252351383,1.01189053168165,1.02315059505282,1.02315059505282,1.08095890452009,1.11219238258052,1.11404382364231,1.13476800293183,1.13506516395628,1.13506516395628,1.01191723436355,0.865845414988019,0.734483297425766,0.734520867670232,0.74088789489992,0.821630285170195,0.821621058962558,0.870692341532494,0.881076425358239,0.880723050913999,0.894162173294241,0.89162051164471,0.895992534012409,0.897367134710968,0.89707718797917,0.906731183742467,0.908099691594963,0.897142559143872,0.905213788427459,0.907305194247243,0.907305255676738,0.924332680843671,0.920543656700044,0.921094430695074,0.893088044007569,0.649247621797127,0.623160908308096,0.623160908308096,0.67541173002154,0.69209242476278,0.690838025929193,0.699238446084737,0.732486884156674,0.732486884156674,0.761383364201864,0.76771044145828,0.768310690157528,0.78036598812711,0.782130164612854,0.796055320794794,0.803449900562445,0.804042098475145,0.806997543021871,0.806997543021871,0.857977774869899,0.875753699479265,0.883533420253471,0.879183165103393,0.89662165145936,0.892122446534106,0.892122446534106,0.888616217446638,0.881739384974474,0.881757556457066,0.888260407207381,0.88241854694986,0.892711360966808,0.892711360966808,0.927353751582549,0.960072890333216,0.959588932577523,1.015035718548,1.01727120400758,0.996817840649438,0.997806792887867,1.00014238806067,1.00044080299323,0.992642911204548,0.999028340578826,1.03021901136294,1.03167041502101,0.93760685950576,0.867819556189892,0.867908400332907,0.908992845703023,0.933008567966925,0.955984262015974,0.953191583529218,0.957267599166416,0.951766282060125,0.951766282060125,0.946412290339193,0.946522651344198,0.936907236879724,0.936555922525829,0.933892297036682,0.931718180596948,0.926356766335774,0.924159851378741,0.926911684578442,0.936224984506028,0.936224984506028,0.940747097866544,0.960642232751345,0.960269023290048,0.966036677924714
An5_Tr99,1.17768148870337,1.16265224614988,1.16010885790439,1.16115064449013,1.14184949460433,1.14831791650579,1.12970232259122,1.13058332592463,1.00808005955274,0.867909833733694,0.867696796182603,0.771435310726537,0.679653323858892,0.653392134742476,0.652710731782122,0.954865767807561,1.09839919783243,1.09834552753997,1.13546501936723,1.1390607429887,1.14062838151469,1.1404094698495,1.05612085684556,0.877507802125689,0.878294681775955,0.901834027937349,0.935570270120443,0.935102253504815,0.940786070089791,0.933062852955863,0.933767962439634,0.974677443131658,1.04702389597787,1.08034273091073,1.07537360926156,1.10081559969916,1.15056715416134,1.15795440497225,1.17199371332247,1.1693782915167,1.17010241732061,1.17297969212106,1.17749207491681,1.17668670234519,1.17239023412834,1.16750844184889,1.14370898202056,1.14368472155637,1.15158570348831,1.15405126084427,1.14909737482714,1.15158553774595,1.16976184188437,1.169438174351,1.16917087251132,1.15731153375059,1.08331204717861,0.937593928568352,0.932136713717342,0.777001605632219,0.688708231597046,0.668411644586698,0.703824203031629,0.691080473353962,0.681812303085261,0.67212584123751,0.658602863811839,0.658602863811839,0.66428961465984,0.662478070855953,0.663149705149975,0.659555655903855,0.659531297891545,0.666665091145466,0.658835846555147,0.673913029380272,0.679566217795709,0.691915936491588,0.685588456498248,0.687610306726043,0.696264173654153,0.696608274682841,0.754984453088493,0.784893194560781,0.815774933774645,0.816286087335784,0.84151423925386,0.852588478775475,0.852569177726695,0.8623434941898,0.865442997074108,0.865390488841347,0.86171092389071,0.865609294319468,0.866006624292553,0.857257587889105,0.887525659165792,0.884272596955211,0.884272596955211,0.766254698723762,0.791371063054045,0.790105247356046,0.684507232963699,0.721980202814511,0.761669925662362,0.761669925662362,0.790736331522211,0.823037189612547,0.823288817816508,0.832446015073975,0.828616461437124,0.816074532746128,0.816563771986674,0.81305229337149,0.824887581915219,0.818962157276167,0.841895974168613,0.841163938114128,0.835171821609731
An5_Tr100,1.0279112494273,1.02454658131176,1.02466685575095,1.01380861614506,1.00945811192991,1.00329777188676,1.00208012153215,0.992774209641821,0.987050141066368,0.980822412515551,0.987117376625286,0.990676870416759,0.988439258549623,0.988004726854016,0.991587928152117,0.995872799543346,0.991819530821226,0.99803531534691,1.00203012248309,1.00203012248309,1.01142515696971,1.02447209698754,1.06602487187191,1.0633940624459,1.14520614650233,1.20055124376092,1.20055124376092,1.22122053693671,1.22676477167368,1.20944310204847,1.21377749784655,1.19986687976917,1.17966549726808,1.18039747509966,1.17072684945291,1.16571304038494,1.16657318484241,1.16876160659064,1.17427191730938,1.17291312559491,1.1670070668928,1.17209336777845,1.16940095400679,1.15940373686038,1.15172752086204,1.15160955643126,1.1417113413778,1.14667114351092,1.16197362069023,1.17969265172446,1.17969265172446,1.17467503221726,1.17979296472728,1.17336820445605,1.16884538606654,1.16520551163916,1.17150818543915,1.17150818543915,1.17022806813259,1.17171803756169,1.16964497786387,1.16785059937314,1.16902995024544,1.16711864475468,1.18417922811211,1.13426541602608,0.969384543061523,0.944148244808333,0.903865003501361,0.990934722807709,0.984420561325775,1.00278808830425,1.0391892519954,1.03843049235412,1.09369679713633,1.10940723794628,1.09658917845497,1.09180671033754,1.09763289591071,1.08395981416293,1.08187645641792,1.07631963505488,1.07021129720713,1.07021129720713,1.07048569502192,1.0718129056822,1.08276190713367,1.08369271747254,1.08942244780601,1.07985078091967,1.08053468664024,1.15801964659937,1.06245970120914,0.891689702945792,0.891799862196357,0.824492714607082,0.900231526940571,0.900231526940571,1.0433947713578,1.07898581146207,1.07834472783299,1.07096722433258,1.07050993963567,1.07474221195007,1.06727031164202,1.11774783592574,1.13805336706088,1.13805336706088,1.14894360783914,1.17523152974779,1.17338317619662,1.2020269922239,1.21239477605564,1.21568492892488,1.22059649610732,1.22516726468462,1.22616968488733,1.22393437873297,1.22524097219354
An5_Tr101,0.991536816987465,0.99484662225897,0.990442968854136,0.990775177750702,0.98825843221323,0.987316717236999,0.980980785635057,0.984695954507562,0.984682666948247,0.983972300583823,0.977188532463785,0.99285834521201,1.00831507949205,1.00831507949205,1.02904666958675,1.03067003638094,1.03121871402332,1.02519018342187,1.01968891695104,1.02329045423791,1.02329046209729,1.01352274155884,0.968840911790084,0.968840911790084,0.807586427795574,0.861556879137832,0.914197175280383,0.914197175280383,0.966874517749489,0.958524297196126,0.95797402827933,0.965639292579687,0.957819299785637,0.956796875676385,0.953858711004951,0.954023653629268,0.942528104582233,0.942984135528366,0.931712875273113,0.931334959999313,0.931051943058075,0.93834130256079,0.931378403808508,0.928051464872758,0.927119562567719,0.930681068052583,0.860052685292933,0.858989394890085,0.695094224079896,0.634630011215261,0.634693522476232,0.549464417336684,0.473760435084018,0.507143109022299,0.504349444665077,0.537372298069628,0.627431320200783,0.626768578056147,0.683737241706136,0.777006057370827,0.775423218779068,0.841072226087287,0.890619889703164,0.989017333973006,0.992034708884519,1.1845591919644,1.25790625648285,1.25668235614641,1.29274760257509,1.33352068209012,1.33280673045672,1.36583471402567,1.35507560949585,1.33797714065506,1.33894231336024,1.31774185862683,1.29384988482116,1.29381705235694,1.28497810149957,1.28733706023609,1.28858106320641,1.28663932919032,1.28321073717407,1.27789302268667,1.27696115526645,1.28205439642897,1.27825288095446,1.27941837143705,1.28293729940927,1.27800208736867,1.27035984726925,1.27153363617394,1.26465867418152,1.2658527587816,1.2657633602958,1.29048486831942,1.30306704564306,1.30990738997527,1.31294694189672,1.30502709531014,1.32827896904065,1.32980282008654,1.37665085838547,1.39117936283297,1.39130563397953,1.40110315070151,1.40936818856577,1.41944769770446,1.42578897142272,1.42930331483012,1.40788924217451,1.40730051281746,1.40258961117227,1.37468334742614,1.37389347651559,1.3712918592659,1.37357212909684,1.37867800771567,1.38072749786507
An5_Tr102,1.00492429915528,1.00887131105597,1.00865693091352,1.0228353146103,1.00098312851717,0.996037379567245,0.993901806072066,0.995319475253412,1.00056471314609,1.00349051872175,1.00790517103641,1.00895138156293,1.01058069361273,1.0091400655611,0.99311387931578,0.984249426424912,0.984249426424912,0.978344621486115,0.987880457562314,0.988448514488054,0.98858231114757,NaN,NaN,NaN,NaN,NaN,NaN,NaN,NaN,NaN,NaN,0.715319009593473,0.716840807456233,0.77846827429967,0.789528979118003,0.793229641863729,0.788330994596148,0.800185688938943,0.787724019987421,0.787724019987421,0.788000993641496,0.780605975872638,0.771237940637267,0.766929150206557,0.764872890858115,0.764778021038946,0.764843095353994,0.755739080655994,0.753676258343432,0.748422980033616,0.752877032776613,0.691174229453137,0.624446332272595,0.623446710341446,0.572713836522256,0.530354736507264,0.525414009874545,0.581243496366747,0.588061625984599,0.586929492258346,0.502232225988957,0.440134809670333,0.419830910582892,0.415428122558947,0.426551797867657,0.419075001016612,0.419075001016612,0.41249890626757,0.417237269408068,0.415712425120198,0.415712425120198,0.422748027397632,0.45308154086133,0.453070678881532,0.501274230194743,0.491528083829609,0.491798496844951,0.505135541699104,0.537350864883799,0.54889694672461,0.548434198797417,0.549997058708822,0.563652828831408,0.564526310244156,0.575559337544526,0.582686608988111,0.584825086227009,0.594930264927665,0.611878915618618,0.761618608571847,0.761618608571847,0.839860979307846,0.853177388943617,0.855743963946314,0.872739420893517,0.904300691766978,0.903367848548616,0.904596945345434,0.887721663306772,0.868700840067789,0.869066609271289,0.857272864458951,0.840331285587045,0.836498300591599,0.832596372708264,0.826912230539274,0.828056882098499,0.830884415850865,0.825293657370348,0.819660768048753,0.815669193363904,0.816518307535526,0.815303328890542,0.807749231871377,0.804127804528967,0.810041042647155,0.805214736593025,0.805214736593025,0.806148489620747
An5_Tr103,1.01135866228902,1.01481875240692,1.01208543327712,1.01103319683279,1.01040615945353,1.00387466017122,1.0038808304251,0.996979655218697,0.993971060341679,0.989465646725485,0.987118282426638,0.992939509822583,0.99325025140538,0.992461613696665,1.00169908833254,0.996421462374758,0.995680434313953,0.995520444481907,0.997034856003994,1.00127874618494,0.998290072077211,0.996255965463015,0.933293175347315,0.933283121802908,0.845968539191143,0.900364765458265,0.900072086200776,1.02333220653015,1.08655444108227,1.08078152966967,1.07954303444179,1.0762035227307,1.06729439846307,1.0658100894801,1.06031646922517,1.05629550679319,1.05543533188293,1.04663788413846,1.04548544198304,1.04450947005701,1.03882911464051,1.0487595069724,1.0497713973883,1.04244624892223,1.05236293854244,1.0556619171399,1.05119499102285,1.0507808597316,1.05162657951979,1.04842880207203,1.04954310215385,1.05548815889906,1.04335770702837,1.04335161881906,1.03983154434208,1.03852272064003,1.04080129634065,1.0401795453763,1.04036207343212,0.974430747514229,0.97244097709252,0.842876320992721,0.726952485094855,0.718140854812792,0.64745273341427,0.476682942636886,0.501853535966523,0.501345106729121,0.545546557911893,0.630572706215274,0.631545992499789,0.636825501781143,0.716955055225799,0.716200074791162,0.819167264953518,0.883544376611995,0.985908036511253,0.999885857843321,1.08816043841462,NaN,NaN,NaN,NaN,NaN,NaN,NaN,1.48511553345887,1.48497887011958,1.52725967455599,1.54193202883461,1.55719781048389,1.55757634510485,1.57004507737956,1.57341530272985,1.57357053706303,1.56363342083361,1.55230745975847,1.55134393723191,1.54185247774083,1.53535250552319,1.53186257898067,1.26430814847041,1.10129491129883,1.12062229792685,1.11365448194001,1.13857070719534,1.14726750050089,1.14726750050089,1.16938773704973,1.16200365822856,1.17786771742301,1.16620554943081,1.16919531248031,1.18195672889313,1.17487229685183,1.17676625158641,1.17293842055924,1.17133966935429,1.18242514477686
An5_Tr104,1.25280076070791,1.25358657626967,1.24428949847983,1.25618098925697,1.25618098925697,1.16435779073585,1.12639277790437,0.946540844808569,0.946126163079586,0.880323941400782,0.796216391887025,0.796216391887025,0.792935710581495,0.846393691684804,0.868767646536965,0.868756937703197,0.876324649039771,0.914258643905169,0.913349604874048,0.938435334618403,0.943101232819915,0.941207410735576,0.943492663023961,0.925222175458736,0.907425883604658,0.89965620246365,0.941484912260558,0.957662226703273,0.955754738837381,0.992868513156603,1.01325559057503,1.01352432114786,1.02525036433079,1.02182743190463,1.04129022042881,1.04107057027943,1.06152640331528,1.06204477283673,1.05774666352052,1.06247666879326,1.07575563834899,1.07655766191578,1.08349794376046,1.08508782176745,1.0869975381826,1.08579228906624,1.07288080594219,1.06325759065654,1.07473630428021,1.07260931482497,1.07337102510237,1.0671134887468,1.06475378281785,1.0722289760607,1.07060516260749,1.06919318856249,1.08643696346292,1.08401821052442,1.08461146354631,1.07759090881361,1.09062063161986,1.10908752249981,1.091572662932,1.09178470095515,1.10579227606099,1.10487346831106,1.09514708385813,0.987571564698437,0.975469136082532,0.891041712154144,0.926941251037371,0.943661127773626,0.942626465724718,0.962688952204657,0.946534898395928,0.946283888863633,0.927436221542416,0.919639678450308,0.924764146278808,0.92468492044178,0.919629817386957,0.910824417553807,0.91090915108613,0.921609082478773,0.92176792299727,0.923885695854455,0.922799491592913,0.931764931657345,0.923330069128849,0.923330069128849,0.919847839996257,0.920236762163774,0.92200737477957,0.933836617550051,0.938602694137906,0.933803765347086,0.936169617014909,0.943899452654256,0.954419731202047,0.952058713252298,0.952088549365091,0.952310106472236,0.952310106472236,0.96240642697131,0.986591461604048,0.990497182247558,1.00370133216595,1.01345236476173,1.02372484463097,1.02191813455912,0.993696800264997,0.979794339205395,0.979665586104697,1.00399277354429,1.03266118352987,1.00520345969714,1.00580499932275,1.00464456392097,0.998171503667385
An5_Tr105,0.961677903108127,0.952994299381684,0.94445145466353,0.940861508710798,0.937197181932409,0.94727376407176,0.964891233720894,0.964891233720894,0.956855900560879,0.97627756929287,0.97627756929287,1.00798823564305,1.01142365938726,1.04222256175349,1.04420778492484,1.08559828731893,1.09158404120833,1.08498038452409,1.10834542678329,1.11844085578439,1.12648628913288,1.13150930612338,1.105821336726,1.02312270793689,1.02312145981249,1.0282749693308,1.03934404060914,1.04075232785553,1.02878492099448,1.01114123297966,1.01114123297966,0.981582810256625,0.963651905963211,0.95904248054979,0.95904248054979,0.948474493463982,0.948338222171524,0.948857685926083,0.93647352920169,0.933792441657449,0.9173771851586,0.916999197809927,0.930275268041721,0.933477942922548,0.9328326991954,0.938700439936127,0.930794954849851,0.921122322424634,0.903022778814961,0.901864850318405,0.90521998936554,0.904370362753742,0.904957449511421,0.89609354817702,0.89609354817702,0.905147272078435,0.8878720544929,0.896297196656211,0.896297196656211,0.899236050636062,0.904826955746079,0.905508031296999,0.920987613158878,0.922018199766523,0.9163458203564,0.923832896403723,0.948687781391037,0.948687781391037,0.950967021177775,0.950830193095968,0.95561457137099,0.951985398365243,0.944933988575917,0.921793994521379,0.920597881476394,0.866813459723153,0.842860436029445,0.8971767112143,0.895955002562492,1.02839213795668,1.04761246705439,1.04761246705439,1.08740269541442,1.10942212425366,1.13004925748514,1.13004925748514,1.16858054083978,1.18421692340302,1.18480535110845,1.19658327741865,1.19520103698461,1.19475781313907,1.16321890199178,1.16391440098477,1.17783021249888,1.17644807985724,1.18076867579962,1.19916616640625,1.19916616640625,1.22992211851946,1.23477728165527,1.23544098251636,1.23288852678026,1.23153184668921,1.22752331486793,1.22692479076102,1.22107791168214,1.21738146084161,1.2012809048453,1.19714457924941,1.19339320562116,1.19402813197042,1.22502720558169,1.23242251221152,1.22248414146934,1.22208363059002,1.09633040443834,1.0070024460082,0.971032775954256
An5_Tr106,0.880074400071565,0.927691821803057,0.977542174883178,0.976675377566182,1.0013316039141,1.02040014499958,1.02040014499958,1.01977063429957,1.02966935670766,1.01279687662985,1.01359413437255,1.02103327852178,1.01555032844885,1.01501779800563,0.999562635374248,1.00892476107212,1.01378730256576,1.01466602795648,1.03151119780827,1.03820570801968,1.03922430858457,1.03649370962592,0.959010165007188,0.958526358636962,0.84959996577869,0.722031730869252,0.68590907365293,0.68590907365293,0.745931619363168,0.793912370515358,0.793754873704112,0.833271028372344,0.839781794561728,0.833907036519021,0.831063868985243,0.832589176728228,0.835469467251529,0.835469467251529,0.821032803124137,0.829872441130809,0.829795030917637,0.838784060972236,0.846675450603241,0.850964653628599,0.845391452148372,0.855965423587939,0.848668215192386,0.848668215192386,0.786488702643315,0.69110947807816,0.532707063300995,0.53100784981636,0.581462227026313,0.609371422338494,0.604173254793847,0.868627237696236,0.871048088564319,0.873468939432402,0.875889790300485,0.878310641168569,0.848306794368002,0.84792509220962,0.857832788947138,0.833588828784199,0.821807981315596,0.85601301410715,0.970896903946707,0.968128616272378,1.10089820509411,1.23529584501774,1.29152022804969,1.29254474635325,1.19980896795506,1.18495306252153,1.18023153652104,1.22841957848198,1.22744193805698,1.22597368554495,1.17124366460275,1.1612068299184,1.14987363944093,1.14987363944093,1.14168135817323,1.14592134226445,1.14892025692888,1.14976480384639,1.14105635550131,1.15166331361636,1.15107901560439,1.16133956664662,1.1610996275904,1.16140239154762,1.15794465288933,1.16950427402233,1.18048169524703,1.18794691851347,1.21803460901081,1.21519292553349,1.21224620940689,1.20937063149419,1.10891086095946,1.10891086095946,1.0069875167775,0.806575704448329,0.797172408106856,0.829693068101949,0.904154789548257,0.933980287279471,0.931269075994995,0.953414436501164,0.961992632843608,0.964090961210743,0.985567049896533,0.982651614990264,0.988017566998934,0.986952081951759,0.990618755443202,0.999094136527263,1.00119377275713
An5_Tr107,0.977492897576821,0.9793857193461,0.98037150043141,0.98037150043141,0.980751125512963,0.985748174315284,0.987159809648931,0.974051361804317,0.976576526746717,0.9771389739013,1.00916905977288,1.03709893817673,1.04074248677964,1.03496232542374,1.02700110618644,1.01669074074973,1.01669074074973,1.01562062605411,1.00297638639176,1.00419923284484,1.00301894612936,1.03016668805388,1.02765117529434,1.02765131049185,1.0367592264095,1.02481574675944,1.0405834634638,1.03780715157258,1.04878040978395,1.04645133631725,1.04648812019637,1.0344916253254,1.00934674871162,1.00934338770483,1.01282700909208,1.01092839966833,1.01423818197673,1.0087575802876,1.00505783935958,1.01371093387836,1.01371093387836,1.01170655052277,1.01080265525862,1.01025403236855,1.0096438231319,1.01252384294853,1.0112538060897,1.00954877837378,1.00644250660073,0.999737435043502,0.998451215983598,1.00759037569818,1.00348997549788,0.993079656724814,0.995909648395936,0.89784243669212,0.661351121976141,0.652224498006467,0.666420878100954,0.504723310481626,0.505038906836661,0.547879195274803,0.574898955627755,0.606090858731292,0.606039422567611,0.627892797153753,0.635517067586156,0.634456855238394,0.641358675873448,0.654566553966357,0.655479456310379,0.679773736868229,0.701777699402354,0.731545941895391,0.729783695978265,0.769286723892435,0.810486796513795,0.807381727991281,0.839390298805418,0.873415357545088,0.875415502988144,0.899324847286505,0.899878081864792,0.882342726438589,0.882522228364036,0.757186332687007,0.719414608179273,0.717499630942639,0.766827541271028,0.842498233302659,0.898324424809608,0.897507485575877,0.920332484185232,0.935967094024238,0.935771884137963,0.960558647347423,0.967101616246776,0.963743530177529,0.968067247950773,0.957265924607757,0.956100852853942,0.956100852853942,0.951495840880243,0.949500316152343,0.948893675231112,0.956682425100448,0.972587890097139,0.97324533906946,0.857549839291578,0.754327765660774,0.69845393675902,0.693743093095255,0.694237889041625,0.743457837654154,0.742447021471816,0.767637959642393,0.779677590197244,0.779677590197244,0.787744764660033
An5_Tr108,0.985057311714783,0.982216843051445,0.987612215565518,0.987612215565518,0.98554168276053,0.994843991386569,0.997887687725846,1.00150335526651,1.0121788637435,1.01090604881749,1.00112398037454,0.998041249101352,0.998724126800115,0.993110088434235,0.990985261732484,1.00732999280334,1.0070304746319,1.02501437583252,1.0332802346918,1.0332802346918,1.04153858145092,1.0169531963414,0.950391845327141,0.950391845327141,0.904866939609671,1.00174868364677,1.00067084620187,1.04012252857125,1.0520857005697,1.05163058791296,1.0456703383605,1.02262118915699,1.02014680265181,1.02014680265181,1.01251825586841,1.00036868878641,0.998467618870048,0.994800181940116,0.98892515911549,0.985407171942537,0.985407171942537,0.983758763518213,0.983043452515173,0.982095988534303,0.986261167041529,0.978732766493151,0.973728789633547,0.945362590062415,0.946858178296189,0.952309914530541,0.957301817729791,0.965647850387952,0.95368849008253,0.952862772418945,0.960184770687068,0.959556845870388,0.954005013099078,0.960785894457626,0.950694079220227,0.95620683491544,0.95620683491544,0.97216394232981,0.958009293790884,0.958964534794565,0.976837142882152,0.917344195481899,0.978676993877827,0.978681582932246,0.972431827619753,0.940233752372097,0.940750012831811,0.82714048146742,0.847958518195193,0.84780281798884,0.908427373726962,0.940929783511965,1.02429521863507,1.02429521863507,1.06613831632614,1.09166038547977,1.09941107711848,1.10233714400767,1.09007831565497,1.09064467887675,1.10846256643629,1.12628045399582,1.14409834155536,1.16191622911489,1.17973411667443,1.23389551094695,1.2339175022454,1.26162506657917,1.29524681455968,1.29400134209192,1.29580841031962,1.29376728327409,1.29110842738938,1.29096465126638,1.29632720338322,1.29781001918158,1.29781001918158,1.28580467093266,1.10895009875353,1.05233772512521,1.0523788873342,1.10174413110652,1.1617148840106,1.16304022411725,1.21281079651551,1.22487966506438,1.23147558006549,1.23147558006549,1.23036694199029,1.24054694845517,1.24085626676204,1.24452248055179,1.24529912781023,1.24528851506232,1.24966975939613
An5_Tr109,1.02094089851371,1.03271637619621,1.03372180752073,1.04348628264032,1.04502453754616,1.04455079602171,1.05698357900062,1.06276227112973,1.06259934665615,1.06724559579626,1.06250653700375,1.06194833807511,1.07384448634784,1.07457125270284,0.885269273743807,0.885269273743807,0.823257576994962,0.831752602634737,0.831549167731547,0.90395690612929,0.983620007873589,0.98400842742788,1.04162208910665,1.05770404374592,1.04115148566906,1.04117256951161,1.05650100946362,1.0639885174955,1.06317743359649,1.06329009394217,1.04907843544374,1.03062089015734,1.02963896758002,1.02588431146325,1.02158545900042,1.01241693096596,1.00566585302806,0.996879696555999,0.987883736812149,0.987671128301415,0.983533850299785,0.989646193971417,0.994137043386763,0.984429965788061,0.967170278645795,0.970238734310883,0.961309938814827,0.967865621447676,0.972459777640371,0.970963359561888,0.975358852855032,0.978510831517742,0.97879175045599,0.968755708290531,0.97060306643392,0.970645927334188,0.970507983019857,0.972561119611233,0.971292075357884,0.971292075357884,0.964655742189978,0.972817038356783,0.974498601182068,0.977690569385391,0.976698814354378,0.971379809694519,0.971379809694519,0.961844760713346,0.843910915035377,0.840759820729151,0.854154158156045,0.90228014726333,0.951766725275479,0.951766725275479,0.995483368015914,0.981990440209123,0.980288601031342,1.0039061319047,1.09914990494614,1.09885876098924,1.14613346559391,1.28077980437876,1.28116149560468,1.37208160941339,1.42425223576102,1.44198408433856,1.44235282958634,1.46708794677198,1.4697231488658,1.46403822724082,1.46535390612793,1.44911350190972,1.32890649541286,1.3316724165777,1.32709790303916,1.32983012443928,1.3298273329194,1.36185431890175,1.37168373655957,1.37313488604093,1.37720602349887,1.37668808462591,1.37747777774924,1.37747777774924,1.36934239599793,1.36284137634558,1.36538095000886,NaN,NaN,NaN,NaN,NaN,NaN,NaN,NaN,NaN,NaN,NaN,NaN
An5_Tr110,0.989813139263976,0.983602244196276,0.982769578769446,0.990950176451015,0.992688991089763,0.992688991089763,0.992886847459291,1.00111545292634,1.00134546697801,1.00134546697801,1.01437628326884,1.03181779051519,1.03075997213955,0.986437905982183,0.947690023467647,0.947259265052619,1.00166851473079,1.04636226566719,1.0644216239741,1.06412640237863,1.07797077671739,1.06902429844304,1.06907611792354,0.948471002611604,0.973917472574995,1.00253007776088,0.994535404327889,0.991702467340473,0.98966498038193,0.987276829063983,0.982400516487956,0.983971371385041,0.983971525238872,0.981700970863092,0.978089826590512,0.981545008492858,0.981545008492858,0.97590578582818,0.981995113532409,0.982588822829836,0.979654153391574,0.985531444353221,0.985186941511336,0.982432834238662,0.978299184310842,0.979718314839263,0.979718314839263,0.976527243006715,0.982300419972508,0.982533028904141,0.98544709768312,0.99338080194882,0.981348693008713,0.981056066698873,0.988238444106046,0.987287392407057,0.993012123038099,0.994695198719404,0.989135460555355,0.984989026489765,1.00639660503178,1.00597479977644,0.962631312339651,0.962631312339651,0.998612882360369,1.02149653931778,1.02110783277685,1.02850748448101,1.03233990941886,1.024353725547,1.02439477465148,1.02746520522381,1.03183531031328,1.03154818773849,1.02603985833209,1.02272655988995,1.02578081199325,1.02228610469891,NaN,NaN,NaN,NaN,NaN,NaN,NaN,NaN,1.0153089382968,0.96091306636984,0.945031990392052,0.918942436116241,0.921406612384074,0.993051834787773,1.07979490989688,1.09064160937227,1.12004504553652,1.14768819685777,1.16515033101964,1.16482928033728,1.15876358124408,1.15573815933064,1.15766080778851,1.16425261637158,1.15010162457094,1.15055156439668,1.1332174082927,1.12499781933277,1.11841951787462,1.12107737193592,1.11326544321881,1.11052120612994,1.11055691760319,1.10881311870622,1.10526031279202,1.10173046826202,1.08619912257298,0.79756098875035,0.83089534849419,0.830802343548192,0.815036722061844
An5_Tr111,1.1204192363825,1.13052416602864,1.11751422041262,1.11666806180409,1.01007068206877,0.799474747621263,0.791825316201414,0.862171072824443,0.932187358140665,0.932187358140665,0.998593259204535,1.01196401179302,1.01290363455369,1.01330599836196,1.01542029699327,1.03555382519101,1.03474433678494,1.03538148133575,1.02909093615675,1.02041799522884,1.02155305886942,1.0196890881756,0.957895424664697,0.956852665305855,0.997401022831014,1.01906185798637,1.01888878460489,1.03948773864532,1.04984979312353,1.03092437732996,1.03092437732996,1.0279462240291,1.0150193109794,1.01522074590867,1.00850259269626,0.996073498839271,0.996063299071782,0.996577627809623,0.991866399513645,0.991291192627141,0.991582732454074,0.988633802463079,0.989615674516604,0.989913517312561,0.990991074556751,0.987531099271593,0.987905458644158,1.00295767611956,1.03930522564175,0.983216719146496,0.981799041771485,0.851125906757561,0.910109450191453,0.913752532218626,0.955451373585617,0.969663559037006,0.986575305126915,0.98664125045747,0.999949318102608,1.00145788416026,0.992773969144691,0.981854522056568,0.977443486687212,0.983792145623089,0.983300521169098,0.977450289977024,0.991559796247066,0.992879825605816,0.991118433335987,1.00885867434723,1.00869741942358,1.03368733651469,1.05096726262951,1.05001328609461,1.05082362643712,1.05844371512763,1.08902159534365,1.09090294218828,1.09254950890509,1.10463381227422,1.10018778543065,1.11203169866312,1.12747736477172,1.13295165444515,1.13938358993703,1.12544577783438,1.12815537946916,1.12809442251246,1.11980505145115,1.17218971102797,1.17473117029662,1.22499976812508,1.28272499016695,1.32838139538212,1.33030002824597,1.34222516539074,1.39816804526585,1.39839117489393,1.41092819890175,1.40132577989477,1.38638297939903,1.39027678009932,1.38659107234787,1.37710466226892,1.37710466226892,1.36149968297815,1.36037440800318,1.35896988318478,1.19043368549247,1.05343745426407,1.09560605876338,1.09327867637305,1.12230759720963,1.15585589340495,1.15265738233174,1.18258503991434,1.2055521230818,1.20532397561042,1.21655152201825
An5_Tr112,0.944943473864812,0.962770288802069,0.964642308090578,0.971529247554904,0.992297907397816,1.00804169836281,1.00804169836281,1.02312433986252,1.02448905506355,1.02450662561919,1.01740607885144,1.01383570377133,1.01417703118291,1.0084658375336,1.00613227120924,1.00950571568217,1.00950571568217,1.00205199433556,0.99453300877051,0.99524070150049,0.983513707947218,0.974150376135148,0.974065537964482,0.97741632007514,0.98914412215638,0.992829400081984,0.992829400081984,1.00469631378717,1.00226892337108,1.00042019793065,0.993279410807983,0.986143549190166,0.986866343215229,0.986803435537099,0.978687815660547,0.971343630136835,0.971290345279446,0.967698953717584,0.966983148870529,0.926827063161413,0.928421955024826,0.830756992286473,0.871663125688941,0.867958188385591,0.799733940663556,0.803757466403153,0.803948242541511,0.818974668325274,0.832975958178352,0.832857102227697,0.839533592017475,0.845667012866128,0.842231989893652,0.837526036286047,0.848868133102643,0.843823372385761,0.844894534982895,0.753439484766678,0.693221774889586,0.711231914209706,0.712927039529604,NaN,NaN,NaN,NaN,NaN,NaN,0.891023404947441,0.928276439117427,0.953158569196652,0.978040699275877,1.0029228293551,1.02203415576878,1.02217693772196,1.04761600964072,1.06934906626463,1.08638832834683,1.08546659822294,1.10848297108315,1.11109089801255,1.11140684000792,1.11351698655324,1.1240494805808,1.1273924884599,1.12034522134906,1.10441253569743,1.03129827514649,1.03116168023045,1.05585353778977,1.05393482056643,1.05456500100884,1.0270302602146,1.01632333011992,1.01726071255539,1.09854205813973,1.10162076876098,1.10695615104961,1.10491247777585,1.12787755306959,1.14277026695113,1.14216192207388,1.09742235119237,1.10402883238967,1.10402883238967,1.10632711716213,1.10541811496255,1.09852727622883,1.10001538702392,1.10062853393479,1.09364376109771,1.09307427765281,1.09131533956461,1.09759155041839,1.10217694010425,1.10217694010425,1.08386504628622,1.09479008678799,1.09527412342132,1.08835665971281
An5_Tr113,1.00383026241311,0.993111396003328,0.993710451242999,0.992752732127093,0.997432591514183,0.997814523057715,0.991031604053451,0.986816315204096,0.985979167817547,0.973350093137016,1.00318362075753,1.00318362075753,0.997839086649408,1.0011486973074,1.00846117345331,1.00846117345331,1.01609084924531,1.02314877637505,1.02265386543062,1.0190012829857,NaN,NaN,NaN,NaN,NaN,NaN,0.739106553488239,0.81297966307837,0.81297966307837,0.853385697273677,0.864330903601192,0.877819399207362,0.877595349600785,0.887096723990897,0.894022032910314,0.893465415081948,0.894990734035193,0.896613295790427,0.897713313940163,0.897547177850529,0.909560565593689,0.91773015748317,0.914997746043791,0.920031015950565,0.916895848043468,0.917303787380598,0.922276747633875,0.87694429930968,0.87724590279326,NaN,NaN,NaN,NaN,NaN,NaN,NaN,0.785629680401782,0.880675325412566,0.879370718050006,0.878793898494309,0.794069485143678,0.823897267318108,0.824909476420958,0.840102225139002,0.910443159957418,0.91130486403616,0.969280330406335,0.971993008270322,0.985561563225516,0.986945275664007,0.978683275432261,0.981527489616514,0.981462664519351,0.982292805311323,0.986328538118098,0.986304058623696,0.991958329002,0.994379143238754,0.997558334140095,0.999890774146381,0.989796377962246,0.990730506264932,0.990455497758728,0.985409150486626,1.00819513259271,1.00618097260631,1.00585207392822,1.01397837466311,1.02689019135512,1.02432570746783,1.02087999482009,1.0285607243902,1.02842497678003,1.02804617475841,1.01552334882617,1.01680083220568,1.01729897145492,1.02088119943806,1.02104683812805,1.01963201397717,1.01575462587317,1.02134981407315,1.00897725896826,1.01357144968477,1.0194046772537,1.01198208667084,1.01046348705557,1.01356488146061,1.00757702157666,1.00143768464631,1.00051084817732,0.991754293732705,0.996876055019512,0.995978965285721,1.01244679056029,1.01611114364833,1.01572122463876,0.997635279860558,1.00125179293879
An5_Tr114,0.998339587868105,0.988859492477447,0.974668378663175,0.974668378663175,0.953886651759488,0.940583183843044,0.939476346809923,0.919148442621196,0.92795343190585,0.969923991427094,0.978958068902778,1.01127987094943,1.02975406274152,1.03057589449822,1.06664873586269,1.07486875126432,1.07478929426444,1.0771778711803,1.06843956429781,1.06926844015516,1.06980423876664,1.06426073210364,1.03813440334383,1.03368046489684,0.927925218175184,0.936291834082222,0.935818732138667,0.928521062433105,0.92038319463576,0.916849999488051,0.916849999488051,0.906405621035582,0.90498520331375,0.905244842652367,0.895763458932919,0.893437099570244,0.8960361163724,0.894384157292599,0.889396185992044,0.883355040560413,0.8788925195815,0.877987255155535,0.879742457941978,0.875468719202623,0.874480206701613,0.871718847133301,0.87548255355102,0.87548255355102,0.867160351834925,0.847727820535981,0.848039797581053,0.845360944568066,NaN,NaN,NaN,NaN,NaN,NaN,0.375144956009029,0.423145460963517,0.423927407311785,0.466035213497524,0.461096913606063,0.456484382268064,0.761215578746019,0.73309881516179,0.685927727434622,0.686197581230885,0.695906462954848,0.69806809489233,0.701205163218419,0.693901120158147,0.684399387649218,0.673240471395455,0.673240471395455,0.698721132075209,0.806326474828941,0.798952992769963,0.874016368477543,0.88271545077764,0.940265738217653,0.94348946759055,0.986500171093186,1.02418012740658,1.02418012740658,1.0323456401698,1.03225042630143,1.03262819950337,0.984502962443397,0.970535212497623,0.970626782475062,0.984489700719794,0.957680124598549,0.88127829650329,0.881401998496819,0.809682437638775,0.873788699203776,0.874778840643507,0.918086609774207,0.941695773832566,0.947251685058091,0.947251685058091,0.94041711541737,0.956614534291464,0.95180522632617,0.963357216828575,0.969189485736006,0.965054577058977,0.966125700988457,0.964709190658651,0.966039731769163,0.962943036474682,0.975416262754515,0.980553171533304,0.979726741681459,0.967623847800946,0.80448035215681,0.799677955199603,0.799696528451525
An5_Tr115,0.999623040323998,1.01094357950401,1.00825846341399,1.00315131610598,0.994500014213021,0.993124866130081,0.978424408365056,0.983784972684103,0.975889240629331,0.975301643939374,0.964898507894358,0.975717993211935,0.975717993211935,1.0130314637483,1.02769169245108,1.02778291030905,1.0344718375295,1.02983690685005,1.02784914948484,1.02702341115199,1.02765295900283,1.02545332138611,1.02512373170442,0.952309426459107,0.928514738986134,0.929310431164535,0.977449652337949,0.987790697547028,0.986814100127612,0.986894767825729,0.996504971768964,0.993249323374408,0.991759906457737,0.990565783136584,0.99138916945496,0.991397240745045,0.987963767416267,0.995072607217795,0.993896196162852,0.993896196162852,0.99407946001149,0.998401512949505,0.998687194390093,0.994426681146366,0.999811266896457,1.00762362505839,1.00726244039208,1.0227425589548,1.02217829282351,1.02044113588535,1.02151783522723,1.01388802442877,1.01927844443148,1.01040090934817,1.01308334061507,1.0179036279886,1.01601394824842,1.01159161805458,1.00634182802782,1.00646516130571,1.0014396266521,1.01063149050932,1.01148073090694,1.02534300348324,1.0301248220678,1.02565776582827,1.02281744514612,1.01371007995889,1.00781676947129,1.01225300418151,0.941866674517647,0.827910677034528,0.748005431293468,0.721868886184894,0.739567025576368,0.79272216370913,0.793148579488595,0.798906967854835,0.798666614340972,0.799475624598687,0.808514718302496,0.812759784461438,0.81233974452767,0.811476531729528,0.802072044314508,0.801666583236064,0.801616510778395,0.805495922376645,0.805810920966949,0.807868565098382,0.810985939963498,0.80978414086482,0.813209308304325,0.813646222882474,0.820794519698636,0.835419018565146,0.834387759938107,0.845893971950649,0.850059611263188,0.853907653942378,0.854359568796632,0.864173850981302,0.873424754157221,0.872236580422678,0.871094670831885,0.864246889354142,0.859951756871921,0.856802366041453,0.82650899521587,0.797837251384506,0.797884813119457,0.798074231083526,0.841173853235258,0.840564187027448,0.850847022851003,0.845564662223527,0.830666201259149,0.832199226853664,0.822320055939955
An5_Tr116,0.980545427862899,0.969549192772535,0.969089901305939,0.964769766165006,0.965957324027267,0.966138582074478,0.966688987729344,0.969560494193527,0.969455790878523,0.967422301256773,0.986654846101144,0.991255559190411,0.990264102872124,1.03882171828319,1.03740129291993,1.0389335723539,1.05883033479587,1.080403152184,1.08825765303313,1.08777940820116,1.05724641508358,1.09184200687069,1.09288228899857,1.09637989949862,1.16330955943882,1.16281343306018,1.16288194603822,1.18400727246993,1.21041063572169,1.21235321265114,1.22941261912164,1.22615137879536,1.23523723406848,1.20975385746182,1.20426186507125,1.19624375675134,1.19706448228773,1.19332284627851,1.18390680558613,1.1941691428313,1.18801071943507,1.19685407378584,1.20001512941386,1.21056753205128,1.19815532720998,1.19974214400447,1.20088533529568,1.15629839119741,1.16523962132816,1.164722402353,1.05320752853087,1.04390276449125,1.04557074037214,1.0806094956547,1.13552972471833,1.17540126028952,1.17632909671891,1.28442940119259,1.29828869352018,1.2866595984695,1.27044064750222,1.31781420860625,1.31781420860625,1.38119574508547,1.39014366910509,1.40369549597213,1.40298330353994,1.42112799567887,1.43623243656802,1.43623243656802,1.39565479538994,1.37699408827034,1.31030924843108,1.30918105144643,1.30626422799914,1.31800685595223,1.31816377004365,1.32176556306737,1.32129998760862,1.31068424375779,1.30968779734637,1.26956074855681,1.29675249737205,1.29663770387903,1.31808485524497,1.30491681775688,1.30537471673723,1.31676526962395,1.36547606027922,1.34640656484794,1.34641477763905,1.30886605890738,1.36320210708728,1.36320210708728,1.3654830365217,1.40452033935476,1.40436249864053,1.40160320418904,1.40573269396364,1.40019854177059,1.40060749139361,1.39464349587282,1.40095441064636,1.3996126277006,1.3847049485121,1.38038419083545,1.38252678761598,1.38707137273176,1.40038982134252,1.40529925592118,1.40359911741459,1.38256933807386,1.37574702303825,1.37942874266565,1.37435442126293,1.36509472757587,1.37660699524185,1.37671444262931,1.38234026665111
An5_Tr117,1.02153156328362,1.0217316412914,1.0217316412914,1.01322000139224,1.02418271924093,1.02315802497583,1.02315802497583,1.01826688446789,1.01558001581766,1.0144134974191,0.980451849525267,0.976420745574454,0.906971661254009,0.907156940476006,0.991119724148205,1.00940855166488,1.00767847613238,1.01270536444447,1.01111267262445,1.01114757046158,1.00274853789197,0.969135433328918,0.98675378489489,0.99331970928731,1.02407366376687,1.03270694479384,1.03270694479384,1.03593442528664,1.04261414020962,1.04346234541089,1.04677127012014,1.04445504330244,1.03362046449353,1.03332241605547,1.03056381311834,1.02664854376704,1.02731466351798,1.02305616906523,1.02203075817866,1.02453258382392,1.00867143887948,0.916382728645157,0.886976048882813,0.888827094328362,0.886226139922652,0.882790182135525,0.886467590538772,0.899224168820473,0.925492432526551,0.954120248086397,0.954120248086397,0.969551733768771,0.991775600211806,0.990953177018987,1.02041783287904,0.978972006874705,1.0162326320355,1.01701677871014,1.01828619815191,1.02072685335423,1.0201501686912,1.03719592715225,1.03509597125779,1.03319201962837,1.02607109140737,1.02479011850859,1.02320697971086,1.02616540293263,1.01572248273722,1.0146375991819,1.0146375991819,1.01445262938683,1.02217296550809,1.01742992508594,1.01965787735993,1.01559285078614,NaN,NaN,NaN,NaN,NaN,NaN,NaN,NaN,0.767844757493717,0.796375799147583,0.80774885415097,0.80774885415097,0.828156123747865,0.836129702519163,0.835783990936416,0.831551807672029,0.833234496683479,0.828412860368568,0.828412860368568,0.822344642930116,0.823399351805428,0.823041187481272,0.828999638936695,0.833030303739211,0.835976222333485,0.758827312682737,0.642433359936722,0.548910286720799,0.516518395511792,0.518084295367494,0.548566480100182,0.548547170981225,0.549760285617914,0.547425676954357,0.548662839470225,0.548720651486721,0.547839691055884,0.554301002171586,0.554693406421617,0.555235078431315,0.551000551200135,0.551000551200135,0.553517960568195
An5_Tr118,0.94845887080049,0.956338824762155,0.959059221908087,0.959011963907644,0.960126822644739,0.943752816080755,0.943729424447582,0.923911022006445,0.931552207513267,1.03946034320186,1.03946034320186,1.06390074695969,1.05687186623559,1.05705562661328,1.03979675275373,1.04337129643119,1.04431554986313,1.04930285169464,1.04052344897385,1.04502185929824,1.04591760439839,1.05003252358945,1.08727824046219,1.08655527689886,1.09603982018912,1.12248567896845,1.14106432087062,1.1394525972199,1.13427114197809,1.14612724732753,1.13902666197426,1.14551674071855,1.14016847930003,1.12914724957916,1.12914724957916,1.13473319378263,1.12897401742471,1.12533521609976,1.13594601706522,1.14866267438751,1.14844007222892,1.17330796186757,1.19048523371583,1.19063101103304,1.23259344583468,1.2481485204595,1.24619256373331,1.24059692527914,1.22340760144008,1.21500510102137,1.21443282958178,1.21681765632265,1.22437843481338,1.21717538270316,1.22437118235009,1.22605912453587,1.23145970093462,1.22955106562897,1.22659297138447,1.2396361923391,1.25230501137254,1.25193983110654,1.25270123299238,1.25074999297962,1.25289440020878,1.2512819212464,1.25632839043511,1.25655759964764,1.26154600004921,1.27392537707895,1.29007237659728,1.28973585057015,1.31521592137894,1.28572786790042,1.28530928441026,1.21793164150193,1.08549536278642,1.08599447107429,1.12099176732768,1.21434257316707,1.2165678041079,1.23115418440273,1.21128132184215,1.18989497445636,1.18818885871069,1.1771777230721,1.15491486053354,1.15226491822428,1.15021192829005,1.14920951204053,1.1467198468216,1.13055082768949,1.13212616740033,1.12847797246487,1.12910374802659,1.12237707703709,1.13107556965152,1.13086899928015,1.13086899928015,1.13342219748118,1.14329021756974,1.14303950654848,1.14029957073173,1.13983572501708,1.13964057961495,1.14075843931139,1.13952635903676,1.1386274113844,1.14089353294717,1.13441815299431,1.12400771718989,1.12400771718989,1.15509405330468,1.21411907931585,1.2135381149574,1.29947224836804,1.42715714542073,1.46104616259164,1.46189923170684
An5_Tr119,1.01351913850252,0.999516552787745,1.00201294741055,0.985709569437059,0.98470504556487,0.98470504556487,0.975781392500632,0.970011088561869,0.970599884969979,0.942264279992579,0.958181382891585,1.00243693309372,1.00243693309372,1.01276627940541,1.03528406451793,1.03527227721078,1.04573683638712,1.04170248775928,1.03735786034778,1.03715099050797,1.02999784312083,1.00680826348788,1.01073022965324,1.04353505831251,1.04519890843918,1.04605009938146,1.0548342905119,1.05902918634439,1.03306536891676,1.03280729446599,1.03717005366064,1.06636299385019,1.06190531639136,1.05643399584976,1.03829810415389,1.08679687203788,1.08679687203788,1.10510457641073,1.10179599382127,1.09983942777958,1.11387113064695,1.08860663131674,1.08928520054132,1.1019469807396,1.11689135894799,1.12116315024748,1.0457524780548,1.09719780467785,1.15730650929738,1.14987212846756,1.16366349861491,1.14863692102199,1.13776684172797,1.15026153463378,1.18620147305369,1.18822346609788,1.19315171299646,1.14043791378923,1.13152781037674,1.13144866074209,1.19124850420957,1.19935077006329,1.19117379403677,1.19117379403677,1.21675806888696,1.23565320951926,1.23565320951926,1.19456329442029,1.23705993083367,1.23583018639597,1.21410227715363,1.21180294936984,1.21932979851642,1.21329367072863,1.21628204392819,1.20464880320506,1.20573974223451,1.16724926688459,1.16509764309529,1.16479205438398,1.1423500675001,1.15492669499484,1.16582653202024,1.16460010027154,1.1857632526349,1.18494906225549,1.18500719601362,1.18482151314421,1.17794996390005,1.17830162642133,1.15275151788443,1.15148611479934,1.14707931002982,1.14777161062875,1.15905527831755,1.15937786058984,1.15990521058438,1.15232953559294,1.14446576882448,1.13632804058548,1.13553691127519,1.13087217777353,1.12312997460115,1.12373366290099,1.10209411638629,1.07843382525937,1.08002533828384,1.08280934188185,1.10949489506331,1.11139591860483,1.11110209895916,1.11930726155158,1.12751682827638,1.12680543729664,1.12313404662387,1.1195960194783,1.11886340823045,1.11614615264451,1.11580774436504
An5_Tr120,1.00818622204809,1.00342098015126,1.00328584829329,1.00730655177628,1.00402249609459,1.0036973705666,0.998824133723649,0.996462852718925,1.00106791314295,1.00487973011698,1.01158689363119,1.01597382201974,1.00413440560998,0.994015578013043,0.99091300037817,0.99091300037817,0.991141922883431,0.985215541625626,0.984951736828051,0.989134254426311,0.989710861843397,1.0113530664841,1.0229752884732,1.01050037225013,1.03557934084328,1.03481260635512,1.03389429558806,1.02389144719671,1.04525544738309,1.04525544738309,1.05362771868659,1.04107303342293,1.04152151934106,NaN,NaN,NaN,NaN,NaN,NaN,NaN,0.981250814740155,0.976768910559849,0.976768910559849,1.00703363149673,0.969326130232381,0.965638598261176,0.938654409441546,0.928640653378265,NaN,NaN,NaN,NaN,NaN,NaN,0.883318437484908,0.883340132768583,0.890416175099212,0.836603224585377,0.930716976370271,0.930380450064608,1.00504152036478,1.00822526089017,1.01298999442125,1.03581219884057,1.03887952371027,1.03263266215738,1.03208216414599,1.02741330148134,1.01755279995924,1.01839329009625,1.01762239112924,1.01317663023436,1.01353487711647,0.999299864186841,0.987554598255085,0.98553177128405,0.985531967116457,0.976144488304561,0.966560593947479,0.966560593947479,0.968749333767311,0.97274789376418,0.957722327279184,0.958339319554919,0.945089364329848,0.953117493175382,0.953754147621782,0.96376683671399,0.973634186775132,0.973791212784323,0.975575190833843,0.973897768553172,0.97611861928588,0.976986923028388,0.97356868704234,0.975103935362324,0.975726231539942,0.969960057418415,0.962560986745055,0.963038778787967,0.961578772569054,0.961675220341434,0.960926889101495,0.960379282708473,0.96528647855134,0.967550354661164,0.968673366771983,0.981187815688663,0.976302539334809,0.9776725582449,0.9749681298783,0.973215290654098,0.97493802717871,0.97493802717871,0.980467485072468,0.970686788578894,0.971616338742048,0.96967051781306,0.959584267876726
An6_Tr81,1.00057698220838,1.00187844957687,1.007886955788,0.99779961984529,0.992027596382897,0.989062187683941,0.989062187683941,0.9941154472873,0.999696288279359,0.999304795606538,0.993233688367754,0.989518303837954,0.992082997680059,0.991955831787577,0.995099076346476,0.999971440798907,1.00252923668904,1.02246960467094,1.04172930947878,1.04172930947878,1.03906279129783,1.0154070729253,1.0139104527797,0.870134096715619,0.899227718409526,0.911028318677477,0.910335027113482,0.874516942912701,0.436756587904457,0.435746033185748,0.361532684994154,0.2815859357659,0.278259501301158,0.233438350582346,0.219991446835613,0.205569985057055,0.206476315185286,0.201966934838926,0.206049862717567,0.205411900824144,0.208578162103025,0.264579958569563,0.614165366246896,0.613857960001077,0.658437109581485,0.720717878153056,0.721340651663334,0.780482247798789,0.919660423497992,0.911390288022808,1.0639705839522,1.12251632563669,1.16409856317212,1.16626159443316,1.24844793696376,1.28659627342117,1.28665617456348,1.30357718037289,1.30117133894839,1.29996899967957,1.34340550646276,1.30701915638407,1.09022106106943,1.09067666861226,1.15183850963221,1.16454601138522,1.1614729425686,1.14906714954453,1.136464279089,1.11540465063434,1.11540465063434,1.11265254157375,1.09360104892457,1.09375209187923,1.10039822478143,1.11197381874289,1.1015394272945,1.10064743556699,1.06309079598688,1.08966218665873,1.08966218665873,1.10652842513699,1.11740201038234,1.1193945397398,1.11097963135502,1.11442841628209,1.10898233036214,1.09619991095048,1.10087957848899,1.10548524146859,1.10234627090159,1.11157915532992,1.10142090267105,1.10142090267105,1.10226175804251,1.10343603203857,1.10324550008878,1.11114563224014,1.10913479027978,1.11762061580634,1.11801258979672,1.11486679647024,1.11715497609647,1.11598960449146,1.11526840802617,1.11365217708988,1.11365536880023,1.12035637548256,1.11239136074075,1.12825195039767,1.12790023490652,1.13961165922501,1.1438378757077,1.15762101150609,1.15754716302487,1.16808729856755,1.16673738707017,1.16625705027489,1.16202154629857
An6_Tr82,1.00813279466144,1.00820216767413,1.0023131457447,0.998492478625611,0.999005332983906,1.00136985509364,0.998640212483697,1.00354978247269,0.999559838906327,0.992930810898513,0.991787003857396,0.992836134907773,0.998358573408357,0.997043355209199,0.997828932671715,0.9998425599898,1.0045254875907,1.00544618440933,1.00013534841107,0.99993029658106,1.00044080874595,0.999654982492455,0.810417494017003,0.867270396505103,0.867270396505103,0.865424515107091,0.882174255198541,0.903944371107509,0.903944371107509,0.920226427035745,0.903772448912501,0.905165522255214,0.89919859321235,0.895562981178006,0.893116580105819,0.89302761497646,0.892611017371765,0.884072153381786,0.886252613894497,0.887001408136798,0.880495526270588,0.880495526270588,0.886741623914154,0.880168853948158,0.891123988469727,0.891672356905424,0.856024963137981,0.880388751726221,0.878946611530662,0.887375673677733,0.888137215124467,0.888690295663489,0.898413199131898,0.892434497752632,0.889576406771335,0.888891876755991,0.889891029530764,0.889114097377062,0.889520791712071,0.899231522698847,0.901848157039027,0.90940186737771,0.912105513585653,0.908381401731233,0.897651126334307,0.897324819605795,0.898760419125807,0.866434516994196,0.865563572163239,0.826725479716668,0.787887387270097,0.749049294823526,0.710211202376955,0.671373109930384,0.704023721421207,0.704727966662766,0.711639410074675,0.709006009023443,0.714703083446286,0.71473229512107,0.711850562569372,0.702954986303982,0.705441264179233,0.702841882579508,0.705056362397376,0.705243501743111,0.704962110899883,0.706788998143161,0.706321306874313,0.712412294787511,0.726475980740743,0.732586123706602,0.732586123706602,0.731616227601303,0.727503468472641,0.726678665475097,0.726630901448856,0.726482880986236,0.723249827869683,0.714861727178331,0.722663018707842,0.73427199109137,0.73427199109137,0.736404651014567,0.750820766812964,0.749643917342529,0.764088513210081,0.765727747110845,0.763309351274949,0.762500190330229,0.75224734849452,0.744280088158218,0.743895078304796,0.748727365803889,0.746813289877348,0.742672503713424,0.742672503713424,0.747170090489073,0.739119677610456
An6_Tr83,1.18221346913491,1.14027931845053,1.09970959219807,1.07411065714138,1.0757945544482,1.04117944194455,1.02080578807187,1.0208099079976,1.0251483981661,1.00422841296415,0.999625557946482,0.989698689075492,0.979684857598207,0.969866465886758,0.96916033583674,0.92085275535017,0.817243806499231,0.817243806499231,0.852344184790325,0.874273925550803,0.875457162498898,0.864014527446441,0.827320585234199,0.813996239989404,0.81087680762688,0.784151385719934,0.733858560956279,0.733936519664388,0.725744066268073,0.715099904059483,0.699298613932343,0.699298613932343,0.694378941061617,0.671412007848341,0.671412007848341,0.659998462604728,0.656337130785194,0.653565198166428,0.647769707384769,0.652178235937395,0.638901568355738,0.639032588567843,0.646847668964722,0.639456618728628,0.639923186507233,0.62811739849858,0.608788089904081,0.603383923385508,0.602792589197486,0.607815754072377,0.616437289154308,0.615942599900943,0.628020542962828,0.634949951533719,0.629616789018423,0.629603061475637,0.630640133643192,0.625203924752502,0.627023942308023,0.624549849935302,0.627863307443079,0.627870588336026,0.627111921622223,0.630479626490739,0.630558389524576,0.639933460392624,0.641799106842119,0.642833817529978,0.634393218373673,0.647828953175327,0.652748022933231,0.650615598981309,0.64241252771525,0.643872515958558,0.649140973007344,0.648922352398843,0.642798407855709,0.644127181499555,0.644974319358997,0.640565466543775,0.651370171227858,0.645942890923777,0.616948054170272,0.60115984327719,0.595721981932191,0.603399095021446,0.666923954516774,0.726912356300507,0.724294497458189,0.716526023300868,0.693239565021366,0.693376619320784,0.668098512915312,0.660655573886855,0.641175199923669,0.636901159718073,0.632643505419356,0.63519669486737,0.634288688724749,0.62976828852841,0.627099611644961,0.637044611427487,0.637247822567092,0.630715093102636,0.635760458435986,0.635254612995214,0.6387993134673,0.648804192603588,0.649728203126099,0.639855128072506,0.638496158562197,0.629869405152603,0.635898714838539,0.625898943792671,0.629275876796241,0.63235891771567,0.627003936593486,0.629531471391122,0.629531471391122
An6_Tr84,1.00169649564938,0.991059609437873,0.990671325099774,0.991131021237175,0.986666799675617,0.985571649529739,0.985571649529739,0.989962416021442,1.00469672331992,1.00812613157934,1.00897033085322,1.01325471983375,1.00995980077242,1.0046549076071,1.00839975384,1.00930992476416,1.00930992476416,0.996060814298876,1.0049260021863,1.00511191339399,1.00163013388263,0.957295127401909,0.957665449835253,0.9368406556752,0.927683821156538,0.94744652637901,0.947049843848191,0.971026346463371,0.988475402318501,0.988475402318501,0.987529825267651,0.971946902085659,0.951467930668759,0.951467930668759,0.932981609298632,0.926322570511506,0.926829395753663,0.918056156497928,0.908483982927792,0.908551271107009,0.904917384810291,0.90646703428266,0.91067320895932,0.91103291791092,0.912489191131087,0.91210634286713,0.911274677847323,0.891702723125908,0.891888908120778,0.892173429550987,0.887483471354653,0.892085651321511,0.897159808189057,0.896125317380589,0.895886459555122,0.895943048151857,0.894754443704432,0.893696713246964,0.91129491782822,0.912528332928914,0.915086740696746,0.92230428360022,0.921426276832498,0.915109470261078,0.923120811924765,0.938862664242986,0.941445464511321,0.9520187368049,0.943005212015663,0.945594922546453,0.938879272466949,0.940877207057418,0.944362793717625,0.944362793717625,0.971235704806072,0.966370596068027,0.965968313453387,0.966970274904969,0.956312566328016,0.945653593706815,0.945742884690159,0.952893772445917,0.959581540925922,0.963049859080877,0.97110558847023,0.995331904543401,1.01617573727579,1.01617573727579,1.02557252873684,1.02886012433885,1.02886012433885,1.01510545598496,0.995286085621985,0.994377180499433,0.984432765687726,0.981650583677424,0.970873775648832,0.970591750195508,0.972906359904594,0.974374062498998,0.973528806644234,0.985601659006427,0.99958597591262,0.989939996042172,0.987983182526415,0.987509894551309,0.978547434252797,0.983100927046399,0.972568767884022,0.972172297253385,0.971806302829857,0.963241477931186,0.958456392625681,0.953712736261953,0.953296800374051,0.966758320113701,0.991916307168239,0.99066762049256,1.0162877015713
An6_Tr85,0.936078444814511,0.941402987513818,0.943801265996539,0.937316044521932,0.933412880457268,0.930387029478345,0.932384922631396,0.926747721960158,0.925894302202407,1.01067607023541,1.00685659623858,1.02329754433548,1.02322730693621,1.06323617875745,1.0786599602446,1.0794387683828,1.08025007981329,1.08409421687624,1.14283767860356,1.14114211820027,1.13615668467412,1.0965455019985,1.09454755790009,1.05390015970825,1.02245982082687,1.02155344504108,1.02161946239576,1.00421654556818,0.997375481276284,0.995693088960966,0.981970668175875,0.977796837327331,0.976801864252741,0.959573039660846,0.945486025272274,0.938077952369762,0.93645694907019,0.932169492557859,0.934741894436533,0.934348474966323,0.930692479816662,0.925959397223584,0.926500501456271,0.924823887362597,0.913651835874042,0.909777018795123,0.860175752321389,0.862823166879295,0.855953404779917,0.855953404779917,0.884005389017745,0.890250010030526,0.888635991626731,0.896477291545638,0.899275710342703,0.88772599597595,0.883828735746687,0.884882086843984,0.877466822472936,0.877466822472936,0.877751141578905,0.880158766667926,0.87715726111119,0.871548711382036,0.872566021709921,0.878257866429735,0.878257866429735,0.821216765330895,0.78464159367982,0.772084141012225,0.78002419401665,0.848944593031602,0.93162492199053,0.932597894484445,0.947287612084811,0.928924737398987,0.927836829526853,0.924511873881779,0.911120548046279,0.912041862349628,0.906349801192765,0.901580081121677,0.897697467332413,0.895168508539464,0.873168335938887,0.881622713671899,0.879890672498158,0.87090754822319,0.878094100145144,0.8847007642163,0.883957413027583,0.891781024087573,0.884402262725115,0.884402262725115,0.891377358866076,0.883642752801456,0.882553174023722,0.881441966862373,0.890564866610737,0.904328027792716,0.90503777478447,0.910792388107857,0.91791095549433,0.919060435608998,0.905741020642467,0.943237016122216,0.93787324980837,0.952301338412368,1.11514299019567,1.27069932865365,1.27110781060342,1.3060514545865,1.31775346497048,1.32071405805918,1.34310423984339,1.33155055351997,1.3386335888533,1.29668354876767,1.28749105475365
An6_Tr86,0.992138139968527,0.991327282876616,0.995098488675878,0.994197720914601,0.995210097406689,0.999050399080513,0.991691318835051,0.986540065613464,0.991781372650891,1.00764504873497,1.0040658042621,1.00679527827109,1.01429019864602,1.01032737081822,1.01066492342431,1.00960179553621,1.00715836811327,0.995631320221471,0.996785005950119,0.978763184225077,0.970893622121295,0.972327796220781,0.944178156021283,0.953976816165962,0.985462919178661,0.985336824119672,1.00850814553885,1.03694059205235,1.03818201927404,1.04780601795752,1.02100622418373,1.02302732859316,1.01483472049619,0.991859887300538,0.971921255065917,0.971921255065917,0.952906275400677,0.948960934924073,0.948259147038849,0.952648344996418,0.940121523458987,0.938761039554175,0.93666605930599,0.934182113393966,0.939399633991608,0.930385898093747,0.922890490159238,0.928334875699565,0.920480716239855,0.925677054826203,0.942379070351112,0.944415785649807,0.960783254023799,0.955587198356393,0.944449190285531,0.944796244690574,0.950856121043252,0.964027096016544,0.960453694760177,0.9497994103831,0.950532537414501,0.948773182267488,0.948575420679659,0.955356287938477,0.955890964781808,0.953936408320513,0.951719035360477,0.956656147305489,0.962128434684211,0.963883290509892,0.978030907402374,0.978709654918482,0.976553006926355,0.971893359886826,0.973392986041987,0.973061744565863,0.971759228947412,0.955590928812654,0.95659231546681,0.920425660035443,0.875725910880732,0.872759002200056,0.878254533104005,0.84971910315552,0.836289182497803,0.831569291971065,0.819341562836772,0.806852676437124,0.806852676437124,0.789646313310205,0.784360873731502,0.773995705936646,0.773995705936646,0.766650075777573,0.765211721753469,0.765961971293978,0.766087291009956,0.760945084825403,0.764462468642079,0.762624309595664,0.764659983077319,0.765337164339333,0.769716305633191,0.773456963612879,0.796808391150856,0.804773092052093,0.804773092052093,0.808228013927283,0.838589332982602,0.839939306428796,0.859616794304891,0.863856774488372,0.866491568834578,0.856158353311849,0.814312165739681,0.81450395871505,0.777656135395172,0.81065594218016,0.813770259826662
An6_Tr87,1.03064070227324,1.03075405323752,1.03239215624452,1.04089304933807,1.03249379272226,1.03015985220605,1.00812121480471,1.01054395049631,0.984778549233186,0.978898200852371,0.980101891623993,0.979407518352836,0.982228573829044,0.986603382473003,0.991631425868801,0.986654054609002,0.971826752402112,0.967996792281523,0.973874087151435,0.956457172948169,0.928898719212422,0.928551801751186,0.954273805735482,0.966892880275456,0.966892880275456,0.995861295668729,1.00664721039328,1.0116260457632,1.0116260457632,1.0073510846758,0.98511444190448,0.985047924049013,0.963854115079048,0.954569162571696,0.958341515543124,0.941124702330722,0.941133870484631,0.932321591952765,0.931809448565976,0.922231098018697,0.922528722366405,0.922441701360726,0.920334500576032,0.928081455211247,0.936385055540881,0.899921261926363,0.914533390608764,0.920511082801817,0.92904666374794,0.910824062740209,0.915954043797699,0.921237232767804,0.930728219578892,0.952674206852412,0.952674206852412,0.947754080319303,0.94449440303621,0.943483466638639,0.943483466638639,0.932080026668056,0.93441669715036,0.934474862182785,0.966888730101799,0.950769756912138,0.976271527353427,0.975893017803394,0.996069252212498,1.00806716472991,1.00718334368984,0.997686763951625,0.978952794959016,0.954784070111569,0.953503969474661,0.943209846137008,0.94280892793474,0.945495456155634,0.938027798489664,0.934635296763391,0.934635296763391,0.920071507087427,0.92789025619019,0.927373676507476,0.937137955057405,0.94177520217658,0.941855156796057,0.942178571695706,0.950291507673485,0.966975266193127,0.969224943218962,0.992931063657247,1.01071017642248,0.999736131626654,0.99955354393685,0.985692712575478,0.972266550434031,0.974639847729177,0.966977801511259,0.963657453639809,0.962339964450272,0.955152604437503,0.943679028510708,0.932404002421892,0.930265096205641,0.928573994005094,0.923721789439828,0.92619790070058,0.925093041503598,0.94787951686868,0.966809610421267,0.969982705848926,0.98301415582784,0.98397936081518,0.982164313718171,1.00134737335939,1.02015107468488,1.02429408089972,1.00144854606027,0.980657852798916,0.983076341359942
An6_Tr88,0.993972763854104,0.992379579735125,0.987952310609033,0.995975860423485,0.998392619317781,0.997117491905645,0.998193639937159,0.993797613731033,0.992979567193962,0.980772225827182,0.990327231335275,0.99793451444294,1.00577679182018,1.01175047692812,1.00995270636523,1.00174085478543,1.02301305213337,1.01511594785771,1.01285475179724,1.00805607295514,0.990005034429123,0.989198755875319,0.99433306475518,0.993592065682134,1.0082356453293,1.0082356453293,1.04181680798207,1.05683326399947,1.05687265938698,1.06278566091723,1.05680885775307,1.05760948635695,1.04297599429053,1.00627580188126,1.00963399726925,0.992190233735427,0.975746640916663,0.968378337901405,0.968378337901405,0.967080155861492,0.952854218307705,0.952878152541251,0.963737245456692,0.954072228500841,0.945469464876932,0.94418741294662,0.934490229876802,0.938483493459754,0.946182562498837,0.960401560192996,0.959656862980455,0.959246317229059,0.938330170430266,0.925702398293309,0.925827961202367,0.929270163361985,0.934953802379052,0.955848928858158,0.955801725407755,0.959058466836418,0.953901161994861,0.94622453926319,0.94622453926319,0.936975637747841,0.933665007578412,0.933665007578412,0.931094079410129,0.929800413056734,0.928147350179549,0.921703334598104,0.933950096578559,0.931531009448063,0.937644970609302,0.935679103817376,0.94297632710653,0.941119082538558,0.954858501260161,0.954317092767089,0.945437911902371,0.946149454565582,0.915184427221861,0.940934529809187,0.939904088778321,1.00228140915445,1.04502081846646,1.04633521431473,1.04580661474517,0.973339565655584,0.973510431439668,0.987576620746922,1.04388724873729,1.04879201241491,1.05073853321732,1.03312435751126,1.03808925497491,1.03485788644137,1.02933384456692,1.01452643948705,0.997901797890337,0.998573850793303,0.976456709410729,0.975058713694251,0.974444140311912,0.960796593086956,0.961333461996951,0.958473094010423,0.957405952520621,0.968755442117937,0.967200989052011,0.966785853692017,0.970770812168228,0.96165239138707,0.960386391230595,0.967665202588736,0.976406909301635,1.02548546545213,1.02513296236952,1.0447154586274,1.05775303225246
An6_Tr89,1.00212423221299,0.992075579868893,0.990677642478456,0.991136706347978,0.971837258367907,0.960145107838545,0.954673446568638,0.951701276333984,0.969845289887786,1.00210979755323,0.996031869532371,1.01779064132184,1.03855970322668,1.04102989563291,1.04149777391374,1.04769147654029,1.02187883694151,1.02060789455912,0.988585570873145,0.960553977418128,0.960272405059024,0.963090059792575,0.966158441375171,0.966135629075631,0.949368985627152,0.935717553120636,0.938559040544844,0.938559040544844,0.930030667913589,0.921443321357392,0.920269601610481,0.915277563274387,0.914497712129039,0.899876593762405,0.90057491675917,0.896896011358639,0.895580587818128,0.891788983097917,0.892842192265883,0.889369318317402,0.889369318317402,0.894397645395822,0.885700944752543,0.885140558401646,0.884356123763386,0.82139120493129,0.844908105183463,0.840135864090619,0.852338740967676,0.867737417432514,0.869654092395233,0.879492232418216,0.858884009257676,0.838502119978593,0.828134866090151,0.850654104567514,0.879324378251565,0.879324378251565,0.887743947997184,0.888812437166598,0.887329711023691,0.885118672644987,0.881802251011182,0.880324337599251,0.881300188509302,0.869279653667055,0.869786270308322,0.868066212797791,0.867902868531955,0.876989575797711,0.931459137320027,0.933270367513721,0.937626308541212,0.94853741211199,0.942515254103588,0.994323131178509,1.01819306930107,1.01722842756506,1.01573631794811,1.01979999088586,1.03007352602332,1.03007352602332,1.03040300185164,1.03254538507042,1.03100658054973,1.03965532214911,1.022332907121,1.02184925044012,1.02089570824349,1.03156425191691,1.0886658416781,1.08631141504994,1.08596008810666,1.02421375728588,1.02508954748809,1.02199963457224,1.05311304146545,1.05121974521573,1.05267771952172,1.03434335788708,1.00026583207577,0.999198128060766,0.981259368334295,0.961803671129582,0.962740594431781,0.955743388308025,0.956465646214911,0.949691221656396,0.948932960184874,0.940580802544561,0.915844609630952,0.911710585958374,0.965362525383057,0.966331652185265,0.963917088806488,0.963917088806488,0.949318299963397,0.93293779314646,0.933366298799567
An6_Tr90,0.966079945362163,0.977137886604151,0.981250954238694,0.995151251207551,0.995151251207551,1.00896502862587,1.00640572392371,1.00690440358042,1.01246717240454,1.01734648499902,1.01907479903773,1.01653433628386,1.01077444754397,1.00947054419786,0.995476940076682,0.99333134486915,0.994993035278231,0.994993035278231,0.998491415280619,0.993932404260041,0.994330758512875,0.957534768532565,0.943203440784151,0.942995003853223,0.96904104873669,0.967360225296275,0.960263267378749,0.960469678337958,0.962857771828431,0.943818635005776,0.942526013728713,0.912722261917712,0.899387024836961,0.889001567818606,0.888995115853558,0.881917424499915,0.870464230781916,0.870517598464937,0.869485514706337,0.861982703882944,0.864529103147537,0.861078997553487,0.862506001931909,0.861091376903718,0.861483833036516,0.841010135822892,0.851784761718436,0.850046004294472,0.879021555126186,0.896923196684411,0.896904856181514,0.873201424884147,0.693030911383186,0.539878412389224,0.530139928873801,0.564047022229828,0.593411468601975,0.593852159826338,0.582456243270142,0.614677909956416,0.621031778062889,0.624784429595079,0.621652623721078,0.62069691135131,0.620268596205024,0.61934887015147,0.618211704166528,0.619509085235541,0.610588288974345,0.615136650995876,0.611976755326743,0.612369662793463,0.613808039135955,0.609646015795726,0.610781045157434,0.597438173761746,0.56683128997167,0.543742372256003,0.544920037518792,0.592199016681629,0.600537986314669,0.600858336557963,0.599066931655346,0.581216647410847,0.583308299894121,0.57130633582407,0.567467299987616,0.562259367473099,0.558698082284369,0.558825981191544,0.560216359116249,0.559033102052393,0.558342562572191,0.559526585520476,0.55014995506716,0.555853358696764,0.561156275109532,0.564296403922853,0.564296403922853,0.564892238519247,0.572705494638344,0.574067607849356,0.57331978958109,0.571355990113869,0.567893809333139,0.567893809333139,0.582965356580507,0.595031305960957,0.595416528761994,0.594302890674865,0.594655029952451,0.596416121818557,0.588071997786646,0.587579800377099,0.59792877760823,0.59792877760823,0.595037041229821,0.628541604197877,0.629035216742025
An6_Tr91,0.953276935802057,0.949690083598137,0.96896986360299,0.99512760088205,0.99512760088205,1.01059276117565,1.00968955570871,1.00195557207508,0.999218249113794,0.985640485870562,0.991827568736833,0.991827568736833,0.980265038444727,0.993800741643677,0.997996843345236,1.00042690965456,1.04506430355951,1.06577846542181,1.06372385174574,1.0683914064277,1.08341529462818,1.08220407830036,1.15627392696049,1.11302384789051,1.11183786112732,1.06086886142516,1.03885316493149,1.04087180975172,1.04083286164806,1.00364273354869,0.943508884005513,0.94395377441321,0.900379295396297,0.750501250038151,0.7302082617972,0.729515873210999,0.662131973373327,0.671383646673321,0.670637637444831,0.616668862208756,0.668691520697853,0.666910284675205,0.662627789895655,0.632283138293521,0.585863828528024,0.58578029929136,0.522399322495558,0.474175797541687,0.474172453267215,0.483339081778731,0.560438752497859,0.586781081115002,0.585864256935414,0.57954000417786,0.581091238281995,0.568615137636367,0.589782390836074,0.609021595437333,0.60349759320913,0.590590328596769,0.608560036035602,0.604715178651836,0.610885840066799,0.603291980464115,0.655937395543483,0.65075502340246,0.668372466969497,0.675978684874313,0.675978684874313,0.688079038290997,0.712972492843676,0.72844618258075,0.724989737756901,0.730098530929929,0.723040280162498,0.71627556379105,0.724252835139875,0.739253566014252,0.746406713030847,0.742611419989841,0.742286005396435,0.757538618116579,0.759402538452764,0.766204841711798,0.780990812241965,0.778972028480856,0.77123520099603,0.764763523197389,0.765883556217025,0.761177395679209,0.766490553540181,0.789581873495523,0.784871126818392,0.876883668915634,0.901718891612742,0.895568205926331,1.00972203431048,1.05319821572501,1.12685598555001,1.12685598555001,1.17453807366975,1.21775997430098,1.21666910444607,1.23994067972815,1.23513732645278,1.2305850933202,1.21392384722171,1.19150329362024,1.16463860515658,1.15956638950651,1.14143105628822,1.13186421059651,1.13218290089696,1.13009628347022,1.12626623853848,1.12331699332597,1.1237336746994,1.11507609707079,1.09888939730919
An6_Tr92,1.07469034118416,1.06573133445514,1.06439831136029,0.972532977287477,0.972532977287477,0.97159565788942,0.992194981331118,0.993167117484918,1.00833159701386,1.02808287544926,1.03948140512229,1.0406011912318,1.04481331539507,1.02438497185907,1.02453386439262,0.995393643002339,1.00864344255789,1.02189324211345,1.03514304166901,1.04839284122456,1.11580218932484,1.11534845945778,1.12648684630838,1.13245953644488,1.1340446221283,1.12892700064267,1.11457748324058,1.08890825131298,1.09740705920185,1.054870236925,1.04539478472416,1.04539478472416,1.03919929386527,1.04017530747515,1.04126790598547,1.01953437990563,1.01584969188674,1.01417928171703,0.99975053247065,1.00660654513058,0.997230568552441,0.997366913995707,0.992836282964434,0.988611191444933,0.988848579901482,0.971700746809686,0.943181574031721,0.942119152542037,0.942437144669801,0.946052382022769,0.961803632476452,0.961597008394905,0.977252148600073,0.977827886195602,0.968766031110628,0.969819498506124,0.96896751757396,0.976638473716674,0.976944483779276,0.977320154543315,0.978424102538314,0.982822702293718,0.974477343109042,0.971071868110064,0.970872101023374,0.977316892186041,0.981729562626776,1.00584811569464,1.00755964100082,1.00132720419958,0.997452658924846,0.99705873471348,0.945207728290682,0.96852354546832,0.982873682336812,0.982873682336812,0.991512273498008,0.999158167463879,0.999644185562806,0.98173754257396,0.968228893097717,0.968013280736915,0.940911182656147,0.931278206824292,0.937240890251818,0.93698774632282,0.930552058726293,0.931304588897733,0.931434799040967,0.928312627485359,0.926336677644858,0.9178824597426,0.916368453337764,0.920617043155047,0.907492854696686,0.908964672304362,0.914329611541061,0.959911180159717,0.9607730181455,1.04992056712861,1.11514448715948,1.14041160104912,1.14124816700754,1.16442153404497,1.17569098641063,1.18408259698446,1.19070820673826,1.18039751049415,1.19529207651687,1.16462177962536,1.13554517377111,1.11562259323868,1.11435770552133,1.09912999224192,1.09230912862446,1.09073761505021,1.08671605225001,1.08691367878145,1.07124010767119
An6_Tr93,1.02330277453469,1.02987383922067,1.02792781331042,1.02609658419326,1.02462033184457,1.02529287546579,1.02538749634186,1.02494970961164,1.02068133865484,1.02541194753605,1.03230987925885,1.0341025959004,1.03535636898324,0.907025239519475,0.905446970605804,0.932286683436777,0.956600138173048,0.971957994051608,0.971369419357006,0.974130814275182,0.957673623311634,0.956356164970884,0.950629949598073,0.930982231202894,0.929989553452689,0.922634989158009,0.932241084584673,0.93238351728086,0.933269542703656,0.919160868868938,0.902308824405301,0.902308824405301,0.882675273635868,0.874333986492965,0.873038118285891,0.863195514168333,0.854756815609274,0.85168681281802,0.852040458004924,0.842623535619282,0.845691927447537,0.845626918085334,0.78879972281001,0.647589560851671,0.647269506590651,0.630458291469355,0.60485923616582,0.607416944193616,0.606275898443713,0.590434976430711,0.594226687619245,0.59447114125235,0.595278274611944,0.602242553823383,0.604087104452557,0.595448981810139,0.623980706461253,0.742265969394359,0.742482081832042,0.766945176751003,0.769691512117092,0.768648662808855,0.802211822536569,0.81804518851958,0.835563247407909,0.834907768974248,0.819713758625776,0.816118079494628,0.8157328035351,0.815030604498251,0.822752394855637,0.822752394855637,0.816523224387658,0.81794478134785,0.822496037854148,0.821455311299975,0.838150280151852,0.837568925645328,0.839823886716451,0.840261700466463,0.843287489309205,0.84221109031909,0.841182217270921,0.84861096657151,0.848017926371829,0.845812441951837,0.854997242505985,0.875402757079465,0.867903607185082,0.882916390328048,0.894096510589656,0.886731747232253,0.893468994930148,0.876226744675847,0.864845454513902,0.869353849040606,0.8626162723429,0.857559291225031,0.855719119451377,0.855322079487204,0.845206786070933,0.85057212640032,0.850357527525874,0.859601467372176,0.862889890524837,0.864446310852076,0.86347364491864,0.867539703327079,0.861840739615826,0.853012043889435,0.846773467517397,0.847799486751265,0.850583993023794,0.847713882910337,0.848438282177602,0.848308193393766,0.845526967776045,0.850130442561819,0.843137119144867
An6_Tr94,1.00950897986949,1.00171814443984,1.00582867157533,0.992920708241901,0.981914550712938,0.981042209649495,0.981245759001216,0.988760208749281,0.994728110122225,0.995306782785225,1.02209653841375,1.02431652833065,1.02269168735723,1.01310199441115,1.00618527120579,1.00452683068619,1.00000964925875,0.988165093176832,0.985932282012722,0.984827930350119,0.983005321475276,0.979504559491969,0.978678843387329,1.0060293661705,1.00299602908562,1.00280585162125,1.02857342792819,1.03645048061251,1.03611571458172,1.03611571458172,1.02594176929596,1.0090752355181,1.00937764140935,0.993443444775714,0.991943615463039,0.990362845788664,0.984916831338338,0.986642602216048,0.981008920202229,0.979264891484587,0.980171159288507,0.980368709284732,0.979080848708846,0.97732670558517,0.974538042406715,0.957228716063145,0.957636095587315,0.94581647433945,0.953780968137376,0.953791509814035,1.00027644049566,1.00636170374261,1.00671260309429,1.01038507689255,0.996633484817554,0.959384195307414,0.958178022663295,0.984299866923702,1.02750271464463,1.03309783647863,1.13957612283381,1.18351954718581,1.19130941312568,1.25203477072907,1.31254716191626,1.33885338813542,1.3447660067513,1.36408862027513,1.35877487783702,1.35985362227186,1.34755683974847,1.32958683211091,1.32878975746726,1.29362857711793,1.27875958665872,1.25390035546118,1.26156997189872,1.24952826946324,1.25345782396977,1.25329476437763,1.25139046370288,1.25805826338448,1.24755624400468,1.2439156016261,1.23111030171397,1.22163147498973,1.22246904976572,1.19415267623797,1.19047056618146,1.16918076352955,1.17341589703977,1.25435527903219,1.29218699249053,1.29314417732015,1.30266977790901,1.36204187861221,1.36489678266085,1.42463737172304,1.45486246688932,1.45858410607918,1.45638673176411,1.42673313358615,1.42320125935879,1.42143551221569,1.41543457718491,1.39286582653145,1.39381037895875,1.37932242979144,1.37473756279028,1.35887549367435,1.35957197043345,1.35666256849151,1.34274317732554,1.34266299078869,1.32990804533194,1.29216092070248,1.29242121185906,1.32820203782257,1.34334670262547
An6_Tr95,1.01773409046911,1.01878406203765,1.01595564390456,1.0140375677997,1.0084722772949,0.999517422228506,0.999523175061978,0.991138314741607,0.98830311096828,0.98661599761864,0.986454184337745,0.991651962442342,0.991651962442342,0.991821217864587,0.989826541332788,0.996710594427218,0.992721970358313,1.00593004376923,1.0131498609005,1.01910146040528,1.02302238760362,0.972335620150779,0.898673736760584,0.898673736760584,0.912235257685731,0.908189569011254,0.908189569011254,0.921857317367564,0.917454221235702,0.901294257708536,0.899633517957778,0.883698477940297,0.865249498106852,0.86633304271152,0.636522613248566,0.620297139220507,0.620385116480417,0.617996273793527,0.630698455963323,0.631662698864439,0.631662698864439,0.636924619626984,0.643921548745586,0.64604902922828,0.650365067012003,0.644100393331712,0.645630770209165,0.645630770209165,0.644476467618105,0.653010947123824,0.655288351854004,0.65354108519701,0.666020386369756,0.666539456195346,0.665476299905235,0.672506527380838,0.673354005072277,0.673707929737568,0.672138090421964,0.681463252559226,0.682970124692833,0.686382713405256,0.686220555994179,0.685066580558731,0.694395258609359,0.698610696875216,0.705906587072137,0.705169620223096,0.699719035137372,0.68545973802693,0.687056908029493,0.724961730526754,0.752609203118959,0.764936117850427,0.768630944048813,0.800204782304333,0.820745448180401,0.820745448180401,0.824790763428802,0.818034206456733,0.814657758957707,0.809963433560522,0.790473993821645,0.781822079598808,0.777898851382558,0.768533814116959,0.761044259375777,0.759347884088201,0.750122704018257,0.754605205253375,0.755446453494602,0.757703920800559,0.770403526726107,0.784713080992087,0.784403693398658,0.788437436375251,0.783213748332188,0.779659790415368,0.784065166516129,0.773724614275352,0.765256219886395,0.765222433455391,0.770424224770285,0.770105964509792,0.771355520522422,0.774328640337779,0.771411628303901,0.773682059051845,0.770217066189584,0.768339310887438,0.770602299868489,0.765243172115018,0.784617346574324,0.788135987585954,0.788338779738198,0.826502775164565,0.841154458861812,0.852250654616188,0.851334456074484
An6_Tr96,0.908096063426543,0.877616983399244,0.877552758824095,0.905975938922962,0.942498572706483,0.941341456588736,1.01743845236172,1.03655201599153,1.0361041441161,1.05088954656317,1.06944904109892,1.07269208450855,1.0731143799348,1.06538113812452,1.04508182437115,1.04589693323907,1.02854775101107,1.00822754529872,0.997543369512612,1.00151746352898,0.988142979233398,0.92330489177182,0.923682996263852,0.934442064936933,0.942140319621172,0.941232125898567,0.955968529874007,0.967760731162461,0.968318963041077,0.970849762499446,0.956922161903903,0.935211347019152,0.942044517766909,0.934876598481412,0.92547846763045,0.926097784307501,0.923848371924284,0.923767367977953,0.906140535234741,0.906140535234741,0.906592660321372,0.902575823413061,0.901206209856074,0.903056748844765,0.904877073296656,0.905233021295534,0.901673787423338,0.91181490307682,0.917423627576175,0.917341826074834,0.908431407158645,0.837943282554424,0.839574329961258,0.855697241024285,0.874464335752267,0.912946810096592,0.912946810096592,0.914628041837036,0.910306494924997,0.91512922277406,0.906727356127714,0.904694618005969,0.904865433591004,0.902936074946048,0.896551744325407,0.894566928464763,0.886774532353752,0.877864221893971,0.88258583178431,0.881963606356646,0.87789781702307,0.882742708116727,0.884544393174849,0.887474400821683,0.893901112026577,0.89627746956253,0.89740979153029,0.902824584907634,0.909615897252415,0.90963015900948,0.902669684921465,0.909984891368085,0.906094624842538,0.903387851721014,0.901349581745445,0.899512607882195,0.897591550164786,0.902750437323104,0.900832676484669,0.906527504784845,0.906114031924783,0.92356344221081,0.940646216085198,0.94214256385495,0.956178534537843,0.935996282399267,0.935525309486801,0.959800915342924,0.984497374841337,0.984361508146478,1.0042832515894,1.02138887967487,1.03385966746461,1.03693688736909,1.03676013720823,1.01376061852749,1.01468894825642,0.987378954265822,0.968859070413797,0.952954616956296,0.953406283374782,0.943757238590952,0.939673019403058,0.939646824771263,0.927528581412225,0.932211446540093,0.934376159612301,0.941478405992904,0.976466353708666
An6_Tr97,NaN,NaN,NaN,NaN,NaN,NaN,NaN,NaN,NaN,NaN,NaN,NaN,NaN,NaN,NaN,NaN,NaN,NaN,NaN,NaN,NaN,NaN,NaN,NaN,NaN,NaN,NaN,NaN,NaN,NaN,NaN,NaN,NaN,NaN,NaN,NaN,NaN,NaN,NaN,NaN,NaN,NaN,NaN,NaN,NaN,NaN,NaN,NaN,NaN,NaN,NaN,NaN,NaN,NaN,NaN,NaN,NaN,NaN,NaN,NaN,NaN,NaN,NaN,NaN,NaN,NaN,NaN,NaN,NaN,NaN,NaN,NaN,NaN,NaN,NaN,NaN,NaN,NaN,NaN,NaN,NaN,NaN,NaN,NaN,NaN,NaN,NaN,NaN,NaN,NaN,NaN,NaN,NaN,NaN,NaN,NaN,NaN,NaN,NaN,NaN,NaN,NaN,NaN,NaN,NaN,NaN,NaN,NaN,NaN,NaN,NaN,NaN,NaN,NaN,NaN,NaN,NaN,NaN,NaN
An6_Tr98,1.01686508877905,1.01722584702757,1.0166691621316,1.0154635092216,1.01035420178536,1.01115687369214,1.0054602774283,1.00475060025802,1.00197581999256,0.999705343644696,0.994012616083142,0.993302408359569,0.993554465943459,0.987561047469452,0.990411000443956,0.985316081602887,0.983272824101753,0.985685590492075,0.987257241542818,0.98715242514155,0.991290030184405,0.964870183676535,0.952508733181877,0.960149575334077,0.970404463368606,0.999147890149893,0.999147890149893,1.0084621944255,1.0155889184882,1.01589128699229,1.01215656416315,1.00385528330312,0.998652446825324,1.00167559997462,0.996771840907307,0.993719891797761,0.993719891797761,0.988731274015474,0.983967030172249,0.983692011498591,0.98283270392991,0.980373537041513,0.983004795706496,0.983004795706496,0.985418689603879,0.927189313041294,0.927273777393778,0.905007639950505,0.911016348420508,0.884682320934623,0.884682320934623,0.604577273835063,0.63372992315581,0.631339021709763,0.630639932246039,0.640663903825056,0.641061704097608,0.646411823483883,0.672268945197329,0.672268945197329,0.686447024653672,0.689288962533407,0.683123172093367,0.677392496134063,0.677103801789227,0.683654336972572,0.682575801738965,0.683923445819454,0.683403624940741,0.688369228875161,0.688369228875161,0.679364791882784,0.678637095965578,0.676712025468928,0.681487885487848,0.71366069498973,0.714236527851297,0.719820396996509,0.734363513760874,0.756530259972773,0.756530259972773,0.77066189734296,0.761715154928035,0.770585834210951,0.765727193940186,0.753013779138573,0.744107529781506,0.744508354545326,0.744206889620239,0.732277159950269,0.732041404346839,0.736117842528735,0.733411310708159,0.737097484939617,0.734392341904103,0.734569630705344,0.733099202781611,0.733099202781611,0.730659794995906,0.724335814954302,0.724019699196177,0.730175123248635,0.728906910876313,0.729146802987495,0.737631342822475,0.734503056006799,0.736749397169849,0.735981669636347,0.732705262062132,0.737699808169043,0.738899308451959,0.758415342243719,0.764294951177068,0.762769256420983,0.764844942566349,0.769106572419398,0.761423802242361,0.762275669780379,0.760625165131443
An6_Tr99,1.03239739207134,1.04218019154342,1.03393477570408,1.02664019071706,1.02623411059855,1.01603777863725,1.00155515595899,1.00202666056938,0.995396003460368,0.970815183495734,0.970178734226099,0.950592580148005,0.958794494906027,0.957943166027614,0.977530366531556,0.986863827642581,1.00950093207562,1.01379974191465,1.02757871377168,1.03646625993797,1.03462804290335,1.03652662579459,1.04413025053219,1.03619939791986,1.03680040447437,1.03325491021136,1.03955355540515,1.03963579460127,1.03696311054004,1.0331254545669,1.01497525517944,1.02004192029377,1.01789663305745,1.02068865073341,1.01763277306557,1.01324309247959,1.01167190219256,1.01034597443772,1.00280431039615,1.00204492422556,0.998372727120465,0.997505985358205,0.994906886699603,0.991890765820758,0.991559869693023,0.996825280467706,0.995034054732476,0.98306737331587,0.98306737331587,0.975160816621552,0.976814159149232,0.976814159149232,0.985547094032844,0.985967832734762,0.986141472979449,0.993769223921147,1.00007084638447,1.00225341608616,1.00328807136637,1.00059370010089,0.998536964615445,0.996257688827949,0.993091715620249,0.984865852830873,0.984739427595588,0.993786552947667,0.998308681962153,1.00283551467679,1.00446650355814,1.01155900960308,1.00857896138677,1.01000495872019,0.999269329008011,0.993237905769514,0.992859476347438,0.996251978023784,0.999009295414348,0.995435983165297,0.996075862805704,1.00026610542936,0.988875546473777,0.989234281513829,0.988300827138972,0.991687866011036,1.0073707328357,1.00727407472773,1.01984762369898,1.0268746006052,1.02650126660677,1.02810375242824,1.01921236686633,1.01539898141435,1.01567752114321,1.003754376509,1.00191636552605,1.00399706323087,0.993960209401384,0.993888369309334,0.998147074933012,0.996411023023359,0.999509032351354,0.99908858289966,0.998291637862775,1.00612942621966,1.01278909953181,1.01251296571867,1.00931724456071,1.01267450380894,1.01248827262078,0.997062536875248,0.993903035218672,0.994374236305564,0.993540860841432,1.01584635121277,1.02005162067784,1.01807240727577,1.02250933784729,1.0173892534952,1.0188340608217
An6_Tr100,0.990722284135992,0.988174509399705,0.977468329728787,0.980330780720291,0.98418948470152,0.993131898183676,0.993131898183676,1.00041109783561,1.00630584289506,1.00632243158698,1.00865071935432,1.00130370699643,1.01171828805216,1.01163026303167,1.00887413676161,1.01065878343396,1.00874812189285,1.00930977322465,1.00891764988105,1.0111955126026,1.01089272504838,0.970125703823081,0.945111685379323,0.945336232722585,0.979522944344083,0.989466735400337,1.00740780239869,1.00743500302956,1.02030730028796,1.02554841808963,1.02747757083569,1.02128486432169,1.00976880738704,1.01015821196416,1.00804715236622,0.997307514712856,0.997307514712856,0.990560017350292,0.979477852260816,0.98323843117429,0.986364986343171,0.979575060547776,0.981986780628526,0.981359288204638,0.980808825598317,0.973746266414929,0.973821388451192,0.966943095665185,0.966590859404013,0.978997702150004,0.982659193043235,0.998752771523971,0.99936738085452,1.00327851361604,0.997758403194525,0.999179057703852,0.99151264905032,0.99151264905032,0.98615245126875,0.997077488740911,0.995948258752425,0.986053748417517,0.992331714861462,0.984330033452639,0.984587465518269,0.994175253406349,0.995363818129181,0.995136442394819,0.991555348432127,0.987863178019537,0.990105427162203,NaN,NaN,NaN,NaN,NaN,NaN,NaN,0.692369919828226,0.750634236507396,0.750634236507396,0.790163648596288,0.807853792563001,0.810987767316244,0.816272892133096,0.809863163453623,0.808352773961456,0.809104471267748,0.816771235528028,0.815181368196789,0.815053354125075,0.814728207037902,0.81672673759106,0.769871090213887,0.765033923188449,0.792982019666326,0.79758102385893,0.79758102385893,0.807194613833959,0.835533007461113,0.828245655903548,0.850957200277954,0.855507801866199,0.856809163234719,0.860895581967895,0.85803807512853,0.851287847351563,0.854283033671068,0.853566425665447,0.850445510401597,0.847991235396934,0.846534797092808,0.837611367404076,0.840981317243933,0.84058543006012,0.853151374801174,0.86666481919311,0.866450739880865,0.879382450625797
An6_Tr101,1.00661020888464,1.00661020888464,1.01272889506058,1.02093943161414,1.02119787606923,1.02414529892739,1.016997964896,1.015822797455,1.01083802208653,1.0041348836275,0.989381214811171,0.989464143103134,0.98911124591662,0.985240014320526,0.986100288771042,0.98652172113371,0.981680839756147,0.976063663036114,0.976411281645895,0.975461885922563,0.952724089554967,0.95110176203258,0.954309070638681,0.960634981026772,0.97603464952963,0.977790541030176,1.01710661372802,1.04544384484905,1.04957796849009,1.05410082051885,1.04980194275726,1.05029183487821,1.03332614656429,1.02750205116594,1.026740482419,1.02983197058721,1.02268518892064,1.01515380990373,1.01531067097877,1.00126261629021,0.996607592621382,0.996682776327793,0.989881607373968,0.990456978280703,0.990429927330622,0.991709489541867,0.97991075718416,0.985987067145367,0.98517910523885,0.988281403331112,0.980926028897871,0.978900408204108,0.978416539452529,0.97907361504151,0.98373537723672,0.984987685046444,0.974025077293026,0.971714794821401,0.969871370736635,0.969538629429495,0.973121685563669,0.976682436024113,0.976608628520671,0.977327895044182,0.973951473066712,0.974224726765593,0.972504842058546,0.973528857668482,0.974779379703633,0.966233908137244,0.97094225405297,0.987500409059901,0.985982766648609,0.988721261042401,0.978924169791407,0.979196219839674,0.963983435491307,0.978906442602759,0.97796336676854,1.00010215268478,1.01739575768241,1.0228553679526,1.02383369102278,1.03020317740129,1.02167295540558,1.0217880748699,1.02255949480844,1.01637112159368,1.00205028735564,1.00281650985694,1.00411084012877,1.00598169915621,1.00689095088834,1.00172247017774,0.99647953565249,0.99647953565249,0.984781138336091,0.98116373570564,0.982744197095515,0.985158609774538,0.98544844316723,0.985436510062127,0.985436510062127,0.988504288564836,0.984244926087717,0.983988521672521,0.98329214200712,0.982356361162528,0.978614699570647,0.978984031254511,0.977941867595344,0.976440189827354,0.976234889586727,0.981400896390014,0.983656309611297,0.983656309611297,0.987033050861254,0.990590144715524,0.985379624880189
An6_Tr102,0.985511862659098,0.985511862659098,0.991999026087862,0.994651879393947,0.998202812661585,1.00517241126569,1.01523034490935,1.01901193554464,1.01771931712771,1.01879125219012,1.01556249263133,1.01630842618959,1.00713897777264,1.00182425476769,0.999873560446833,0.988714891379514,0.981571687414514,0.978519276453292,0.978683728445483,0.98290990602718,0.98283616023727,0.981485733679728,0.957405923932778,0.965858063023529,0.975786143879783,0.976020254461446,0.99832556290483,1.00723067612958,1.00757524353308,1.01816732752051,1.00515360412769,1.00515360412769,1.00185031065121,0.990808568022488,0.991056135714083,0.991412508320384,0.987757225877533,0.970750503743885,0.968609119501409,0.951404231648096,0.94855839804267,0.94810441493747,0.956505234322656,0.97231759305282,0.983733574944032,0.983733574944032,0.984945245530989,0.979041533228898,0.984643234636056,0.979069085528295,0.979371624192214,0.974728233733117,0.97367844254157,0.964624622440706,0.96918168882159,0.969504457289585,0.965973712605191,0.955660418262902,0.954727311265804,0.950635015893047,0.955205900365633,0.978220318797201,0.977879735382872,1.0025250228074,1.0211730093066,1.02119149207737,1.02977199923299,1.02901235908344,1.02131545014425,1.0125668567964,0.99925740712371,0.992056212087789,0.990829022369088,0.98515734314554,0.983681290172036,0.983416682060426,0.977519650120731,0.974554021776388,0.976704676265335,0.976780597823815,0.977707219631115,0.970152830220938,0.969765480406474,0.951021904097435,0.949952472406849,0.948912101171416,0.971997735697359,0.975190653208909,0.989649054847683,0.993272862465746,1.00054814519172,1.00201589079237,1.0045700964539,1.00749114548297,1.00253066781608,1.00715875489555,1.00743925561059,1.00032515720572,0.994217903040019,0.991276809395927,0.989502850927552,0.981073200274381,0.981073200274381,0.984012383191895,0.980277494458488,0.980795580188359,0.975212504025406,0.983629804153307,0.982336213108277,0.983720089559773,0.981606158316683,0.972390829025274,0.972616686661988,0.973981070390365,0.991825745546252,1.01272932341246,1.01178485851484,1.03655830680681,1.04162805620202
An6_Tr103,0.988584170615796,0.990442535816015,0.994229970926472,0.995890542385907,0.999815259965012,0.999570684561341,1.00800536996074,1.01547607006594,1.01230467838614,1.01084042677197,1.00613606300869,0.999918221954306,1.00047174283788,1.00060618209184,0.996644736896516,0.997105335493022,0.995433487357538,0.993712217492389,0.994812303412498,0.992785640476625,0.983566104396379,0.957945776849187,0.95858725639572,0.981762681876776,0.996280371995638,0.995335359054835,1.01985151836826,1.02762644059917,1.02762644059917,1.02339631635291,1.01611076654454,1.01031822580655,1.00897407710795,1.0071567583056,0.997422122956508,0.997299739601952,0.980972420872195,0.926788602342319,0.926110219389358,0.827390938962566,0.742564461987661,0.715217592530299,0.715705009596282,0.700769204901984,0.690643659421446,0.691520364735145,0.677386581887549,0.672814858372844,0.675580616099087,0.6749582524443,0.671292903133724,0.672726679343882,0.672676096969575,0.690057119042979,0.690806076736831,0.69057035137736,0.696514489340293,0.689599470608392,0.692240743794068,0.691930718218231,0.695972824263147,0.706269682773036,0.707399059254429,0.742013702559919,0.751657410113536,0.754379456761258,0.772233152979721,0.79591810131803,0.805111424663205,0.8065181668325,0.812012267425542,0.820434521325682,0.820534524306614,0.815054698379656,0.806216744691253,0.801898445872587,0.801543913551708,0.793364512270796,0.78973708383189,0.790280683254729,0.789482309722221,0.781625976743186,0.790390100868848,0.790085047773701,0.789534827600303,0.791857989040024,0.791801875785056,0.79700311489567,0.793890261908686,0.794521884111948,0.797494191445054,0.80957153755151,0.81387282699137,0.823918514697381,0.820911284226333,0.811234541798242,0.812432016134292,0.80625963030302,0.800073549537776,0.801793869553625,0.785404896197392,0.752290891502294,0.755309399572461,0.779142363671552,0.798130853434864,0.827715743696023,0.828076763031003,0.849395590265941,0.848600981785835,0.848165707465474,0.845485008519125,0.855648208653167,0.856277231460837,0.854331778007008,0.862067607985052,0.858431570455202,0.858240020061003,0.846851565638942,0.837828071124428
An6_Tr104,0.982256610357912,0.9995731236937,1.01973461470892,1.01741781326564,1.02682223544938,1.01456827619935,1.01490910803887,0.996743501899976,0.995470821580562,0.993906471032359,0.996526938327788,0.976011831896834,0.974784374001543,0.974685463709432,0.978750671640833,0.998256954034774,1.0037717753556,1.01573132110901,1.02007809369752,1.02920292951961,1.02856777592267,1.01128569833865,0.985197023705255,0.985023916046297,0.99327388653544,1.00539285291557,1.02188177997569,1.02435441132344,1.03683895533407,1.02563836091074,1.03034882194204,1.01289373649666,0.995970535051665,0.994059716745202,0.971265898207312,NaN,NaN,NaN,NaN,NaN,NaN,NaN,NaN,NaN,NaN,NaN,NaN,NaN,NaN,NaN,NaN,NaN,NaN,1.02062704589367,1.02002378506859,1.06710390932056,1.079561271285,1.07922471120414,1.00424997654017,0.950152233541409,0.934916191703548,0.886616086822654,0.872504791586341,0.9240791760017,0.923313805653394,0.938008433693302,0.939811180247639,0.938906227087049,0.937555440871538,0.922586204830099,0.923082070293571,0.919324865443252,0.923685859888787,0.921617781129673,0.921617781129673,0.920859937609071,0.931630492988458,0.932160937245114,0.93166505542555,0.935038407402648,0.941918843388062,0.942953982354392,0.942124422115355,0.933889074796507,0.933547691101914,0.934780700163159,0.940157689734674,0.944812226006109,0.944400515243936,0.87182442936004,0.722092540134039,0.724298458374873,0.704035474417335,0.716417829390954,0.715300007698259,0.787815722993507,0.80368612934008,0.794000179222285,0.791729399853401,0.782066156478976,0.780812189369593,0.776449760178393,0.769118045567273,0.770388858314596,0.769434249897519,0.76004655051637,0.761178592577724,0.755404793921451,0.758135830086777,0.755987642369772,0.758243253234065,0.758243253234065,0.766034380063938,0.766042620210512,0.766096067768621,0.768245573461691,0.767581427439539,0.775000637183203,0.774976988060537
An6_Tr105,0.986137645492513,0.999011481101372,0.994349804916605,1.00140390547211,1.00511057626519,1.02210415562071,1.02210415562071,1.02585634488734,1.02116187651224,1.01185608055538,1.01045970959227,1.00339510394552,0.991246195681168,0.990025805565688,0.986906687374899,0.985391593728495,0.986137687640513,0.984080369496551,0.973260820530717,0.971650561617992,0.977768756426987,0.961401309953617,0.963339901831719,0.969073856533831,0.966345263971667,0.968121861854184,0.970172106294391,1.0086517348939,1.03642022035796,1.03981945988734,1.04901274769284,1.03973947643206,1.01145524720088,1.01145524720088,1.00281240511933,1.00165036676735,1.00355805646995,1.00413608265119,0.966768566173328,0.966768566173328,0.88963246926078,0.612311118516726,0.635219223626809,0.633291387887948,0.626458778593187,0.636406044494302,0.589427819102673,0.586955744771953,0.600088237602773,0.611920535799569,0.611910725518534,0.617719241421051,0.625642550242943,0.637058469077384,0.636450666200097,0.650361772111227,0.684543311290354,0.687860390944351,0.699594830569636,0.708175250550308,0.704169215362561,0.69982409679281,0.716602268041003,0.716602268041003,0.727363755576539,0.749120826826276,0.820711266019607,0.820711266019607,0.958262523405286,1.00599905793103,1.00661663927482,1.01387328518061,1.05036365600008,1.07303254583529,1.07178976978397,1.09005926682876,1.08867719063102,1.09156034021799,1.0850457081991,1.07771334027906,1.07893434192257,1.06527680950087,1.05399109870942,1.04470612921052,1.04617774358767,1.04959887907307,1.04680451906958,1.04550667887079,1.04797934817131,1.04277206953539,1.00909197191547,1.00909197191547,0.876231587954148,0.869531949275539,0.86950166401248,0.880464363684219,0.891912981328745,0.894324462240494,0.888698164541473,0.875310695515279,0.860481436609433,0.862749516291335,0.85871585155539,0.852140011861004,0.852140011861004,0.853748502679292,0.846924422230381,0.84774131081717,0.847357288037012,0.857821766893944,0.864841443862242,0.863989579705282,0.864641216641258,0.886424298306163,0.880053479973494,0.899229994220086,0.899892725598949,0.884705036402004,0.886443172633431
An6_Tr106,1.02347823408209,1.02338474065211,1.02410653293761,1.02379478764594,1.01789866356407,1.01504139218959,1.00969999459176,1.00258886820335,1.00326078491768,0.997649072618098,0.988304764745819,0.988030867644299,0.987278575713034,0.979565046173369,0.983252081101781,0.98773478371319,0.985444134611683,0.979751201172194,0.979735473722324,0.976412380480109,0.96473752062081,0.964640786400911,0.932616158615646,0.946156581232264,0.955711876901287,0.956024436655012,0.949424909322156,0.973870873559463,0.974165866667636,0.980806103236844,0.946662482083107,0.915441903196201,0.914930957318868,0.857928962415131,0.806253571582191,0.80632467040389,0.77858139098223,0.776871837871233,0.778498412524535,0.788608004715298,0.789395389939429,0.784984087099959,0.786371170312678,0.782574265199675,0.783764852627198,0.784127439342143,0.76324771277364,0.74872349987687,0.744008792984642,0.740885332424002,0.751197428002826,0.725102198557453,0.724688585917368,0.674290886975963,0.652266859193609,0.657050916621532,0.963034655175375,1.02762124336733,1.02948190038747,1.08756308560804,1.14613939511409,1.18754404399504,1.1878053885679,1.21020055791804,1.19975927849651,1.19805446091461,1.17518589755895,1.14750698227759,1.15253196413612,1.15253196413612,1.14026643435846,1.13805718024083,1.13805718024083,1.13586091494835,1.13490758347888,1.13520578486779,1.13520578486779,1.15219249790065,1.14234328366419,1.14238167354201,1.15243365706351,1.15785317845119,1.15761196566667,1.14562760779514,1.14335289675357,1.16362998767189,1.16275830866117,1.19873592387023,1.22158532137943,1.22027118453145,1.23015782505098,1.2393230790583,1.25061227289268,1.27313301336726,1.27736705489323,1.26391255101678,1.26413572009018,1.25903855051563,1.19017562781172,1.1898217656464,1.198691598647,1.24749341809438,1.2481402917062,1.25312329425708,1.23418726668745,1.27497868688122,1.27680404153861,1.27862508520022,1.25062651484097,1.24637358227309,1.22149807921934,1.18444033211367,1.17810708164861,1.17928543124088,1.15584822604852,1.13754170060092,1.14799461705376,1.14027001479532,1.13717760769539
An6_Tr107,0.993173324678697,1.00250176763171,0.993296047008413,0.988164420325268,0.983012615170917,0.989740835969166,0.979331479383377,0.978136710190161,0.979847702539286,0.981957914518942,0.986437763702154,0.984426716450876,0.991950055692025,0.992982436527677,0.993879271669736,1.01016784732186,1.05225324051122,1.05936992535426,1.05936992535426,1.03506078453443,1.05757717184049,1.05866096311195,1.10012209724816,1.05658614861436,1.05734485485652,1.03069859128554,1.02946896124396,1.02946896124396,1.02682347596191,1.00969681261397,0.986486169974561,0.986693636037754,0.975529874124609,0.952960268541491,0.95216402110221,0.950925776519345,0.949530716940374,0.933934441390199,0.933692650524535,0.935999979749722,0.931886663583358,0.928781411808291,0.915675110601164,0.925116277334973,0.907281430816389,0.907281430816389,0.90009563968316,0.898806545684817,0.900514081675212,0.9019242612979,0.929356328994122,0.92866695764568,0.936711541324208,0.935933838456022,0.927562466984431,0.933994709784394,0.924729370153737,0.922743257752002,0.926053003129566,0.927039966516488,0.931331059236292,0.927783594894952,0.916300056981036,0.913475972009362,0.907046018959976,0.906956739359434,0.919886940957615,0.900888363564404,0.89992351332185,0.919703859236036,0.942259189030314,0.942349495706969,0.950716376384577,0.962212287492803,0.952606625965912,0.951861733480235,0.936168739561577,0.921341131719001,0.92296087812828,0.916912865793416,0.90516378189452,0.902127729868068,0.902127729868068,0.905239193542499,0.903883449829857,0.905161108550523,0.905468939512183,0.898769483860098,0.897257499082653,0.897288016461369,0.930018444175057,0.973413898716101,0.971179065557235,0.995721471767442,1.02213927656318,1.02237137570243,1.02506913128347,0.992669914870901,0.989562913137339,1.0120014063733,1.02223363049925,1.01146524582767,1.01223445805826,0.986910123801124,0.964330202700817,0.96378394019789,0.961581326323426,0.944137963107901,0.930748154377357,0.929590912341104,0.923295157638998,0.924571662599021,0.92434244034646,0.924859282133984,0.92844403464692,0.928238250966851,0.923385736903658,0.932501158606336,0.937537532993102
An6_Tr108,1.03823039787654,1.04609354198011,1.03626555532583,1.00051191920353,0.999015013433687,1.01034577061489,1.0165471907596,1.0160037401357,1.02632703005108,1.01598802078529,0.995826030578784,0.99713025787906,0.982463298576492,0.972627262546516,0.973477260964278,0.973750704308357,0.963193891474862,0.966434711302606,0.969768402202789,0.948841159987673,0.935551845711742,0.933695716996214,0.934951275116086,0.929178599729133,0.940165650245393,0.941208379991539,0.954181650715566,0.970999206283988,0.971674992734897,0.970735565088475,0.966084704866049,0.947669284879497,0.947770477617125,0.931388696199124,0.926120301561001,0.925777446972387,0.92407108579742,0.915464009189228,0.912639555814009,0.916600455980755,0.903093763565094,0.903093763565094,0.909344364343135,0.910192707586209,0.917450871770702,0.91021761821986,0.888477367648635,0.906909271993288,0.906909271993288,0.905824346971348,0.899753328300484,0.894520845046323,0.891035824040227,0.89014108493684,0.891503561344282,0.891503561344282,0.879501278781073,0.879960679783739,0.876587613119764,0.877190543685764,0.87375341982388,0.883446040293981,0.885567808501129,0.894669588991337,0.897693025232684,0.897563799275085,0.897265615622041,0.92104831446701,0.930998811606649,0.930950176844631,0.932550081344069,0.928549803188169,0.928145043588741,0.918707625768547,0.908873499364661,0.907433940161219,0.893926024502887,0.894478225993231,0.890099550006813,0.890354194216397,0.894898107467175,0.898975563981983,0.902024691147288,0.908609798424291,0.912840713311063,0.913568142799888,0.914891536584059,0.947849858456689,0.969753076870818,0.969154490074765,0.962321843139801,0.96653215915871,0.956339325877078,0.971471523553563,0.944899256759964,0.965305494136709,0.965377666223703,0.971888405517253,0.977504586139694,0.979504957162531,0.970546794563496,0.959169099935232,0.964640302478919,0.944635993318975,0.936643657838711,0.929736835498606,0.929058248527701,0.917672653190331,0.91953439590493,0.919849859148421,0.907578590645835,0.918075703365064,0.917987395818926,0.937714517384741,0.958028193041605,0.962474429768839,0.961219405901776,0.956607370521707,0.96681726714539
An6_Tr109,1.01003358597111,1.00340357222091,1.0079616488214,1.0079616488214,1.01562408410502,1.01981322997517,1.0212714306325,1.00782215348197,1.00245126831658,1.00509621591258,0.997308144746036,1.00000817844017,1.01816987574106,1.01800857580255,0.9964946245131,0.985417046659129,0.98473169968443,0.95884620609087,0.939576810064011,0.933644117550355,0.935216206013921,0.927091856551978,0.949878510093662,0.953254517632306,0.946721654279428,0.94812453522656,0.955985398686857,0.994162253691714,0.997391261253124,0.993912556652514,0.994549388859167,0.812541926377802,0.461575769705866,0.461491393915276,0.505416321697798,0.522518354503692,0.522042888067104,0.505170347709031,0.513451896837008,0.525446502098333,0.525446502098333,0.528007395294064,0.541659018939573,0.538103795503038,0.538633581211535,0.550719464666359,0.548033341921677,0.547390634612834,0.563993302248697,0.580344585846166,0.572736151006782,0.626438259368702,0.639993041317491,0.638424702260047,0.624128530286133,0.626436114941799,0.636442987118652,0.629008511542684,0.630853133355669,0.625663340032803,0.616546845226746,0.611784692059864,0.609742593662693,0.607059698037196,0.599799082588817,0.606461872304859,0.659141445662525,0.659141445662525,0.720757642710877,0.759541747656338,0.759234448031564,0.826728937782163,0.893979683531221,0.897074437612932,0.903017350124297,0.866044761305351,0.896210833009026,0.887845828277502,0.917454588431448,0.923250036369655,0.922135895601119,0.915906891168735,0.912139341474053,0.904481523996488,0.904705398439022,0.892203697523895,0.88995562259365,0.88995562259365,0.89443129975937,0.888786114721043,0.882616586430828,0.883676977086098,0.887132986101957,0.889416852538263,0.892029777448093,0.898446465002987,0.899788127069138,0.899788127069138,0.914044655121689,0.954021909977497,0.953661379032918,0.978042697997039,0.980254751155292,0.975802825583704,0.96977876494665,0.96290442565181,0.961609138789672,0.961609138789672,0.954204594377653,0.93821166863776,0.938863288187137,0.95511774027016,0.964335128119861,0.972745501966698,0.974421908761967,0.986694109117136,0.973130559199026,0.960262701689082,0.959477900363917
An6_Tr110,1.0063921440907,1.001956893074,0.995197319512671,0.984824483356301,0.980258861924979,0.979650697491023,0.977556829376163,0.984319017192259,0.984319017192259,0.996547576647846,1.00554346633805,1.00609694805741,1.00338806641501,1.01374663599486,1.03291615008277,1.03291615008277,1.00968109870743,1.00393277537983,1.00075586908367,1.00219716860116,1.01706020498469,1.02620198177243,1.02184607348076,1.0269477517588,1.00913527874867,1.00895962709892,0.970296692450292,0.955205443494617,0.957016941320834,0.910577462232433,0.857770677482949,0.810266858157675,0.810195772388885,0.785814459515832,0.764170498296639,0.763574889320618,0.747793237224797,0.742634831355687,0.740843090364933,0.731988673684089,0.724691880710423,0.727489053182044,0.729400534427257,0.724918236373079,0.726936675092686,0.726936675092686,0.720043580404732,0.719953368158149,0.769105656233051,0.765574047543604,0.926905267519058,1.08069051203362,1.0793459164767,1.23772052838892,1.36187016408723,1.41768043298362,1.41666490413714,1.48983199919493,1.52853664978398,1.52738927493904,1.54173329525518,1.51891787861652,1.51285671669614,1.52029363934537,1.5050110850959,1.49910349678667,1.42598162808808,1.39458301514924,1.39301716747178,1.39373472704712,1.41653314120615,1.41449099107965,1.41456977169472,1.42715963562147,1.46507209868921,1.48576918179065,1.48744207378457,1.4822535653695,1.45372009190266,1.45368701708755,1.44379442435685,1.43226469996826,1.43308208431748,1.42371897593488,1.41647628636218,1.42088918178085,1.42094685708735,1.41112373462893,1.41015870350468,1.41151891970576,1.42045521112677,1.41756077576093,1.42120861539347,1.42115773533208,1.38235823094186,1.28696518826203,1.28445068229386,1.33685364791028,1.38050278485872,1.38348537777167,1.40048190141562,1.40443941580937,1.40219281984176,1.40227788591229,1.39751083702393,1.3928047772811,1.39273880256479,1.38956679583582,1.36755957194076,1.36901846497136,1.36838626945029,1.37708470757469,1.38329795353396,1.38411121523142,1.3326838529284,1.07570758303986,1.06861634188354,1.07793161816926,1.13744950061115
An6_Tr111,0.998508146851432,1.00171504461845,0.996368173116044,0.995860734187398,0.99445239792327,0.996345634813541,0.997777690295745,1.00489245693587,1.00247343715745,1.00349089834802,1.00291473358323,1.00350910998857,1.00094514525125,1.00062044933475,0.998843244609491,0.993789992384423,0.994276781265641,0.99836871241613,1.0148472169193,1.01849384164273,1.019529726989,1.01657052407071,1.01304542074277,1.01231543353799,1.03024810658179,1.04337611910802,1.05800282484505,1.05667457119405,1.06411582020083,1.05605342953731,1.05697426623325,1.04265770347289,1.02933257804193,1.03062693595808,1.01890841614164,1.01095996745537,1.01129265339875,1.01337411315707,1.01068912320231,1.00353319474361,0.999133565377589,0.988125644553649,0.985558990475508,0.987355350142087,0.994913832773963,1.00484686505022,1.00928592519807,1.00928592519807,1.0102938918578,1.00480916816677,1.00484589864813,0.997747313938259,0.988652859370058,0.989964871580088,0.997635471617093,0.992696057790012,0.99658063540267,0.996304384934131,0.993189291334149,0.997377516475021,0.997822475702348,0.998041044480148,0.992248931604516,0.949047642266313,0.948637273572785,0.923314587149135,0.957396779536814,0.957990674211211,0.984666712208957,0.978416548099398,0.977972040736296,0.967751549419413,0.957455099502536,0.959614541267208,0.943337405358924,0.943436196160854,0.939480931606239,0.939480931606239,0.932533477378502,0.935337896403627,0.935598788110212,0.942800031530822,0.938498533541502,0.939950301522635,0.939950301522635,0.940664376409363,0.941142497944267,0.941281595982703,0.937262650474562,0.928251732493326,0.916955598589739,0.921747994357504,0.922744518999491,0.934724553982644,0.935835563761079,0.907804342740523,0.913627276266115,0.911041963975959,0.950576255920882,0.956514162346771,0.950418372787681,0.950646220147826,0.9387273760153,0.92258631355736,0.925273666521835,0.911457829169655,0.904669669501244,0.912371178550853,0.901287439419607,0.899301500960421,0.898733578067218,0.899552940667046,0.89796869600506,0.900219929522937,0.900219929522937,0.89381132930635,0.898350349303729,0.898201430464272,0.858126867473297
An6_Tr112,0.983598166222185,0.983333070280991,0.972840617804992,0.974193125867494,0.988338513158981,0.98785837845461,0.992382655164095,1.01303386923617,1.01389085453223,1.03499661583912,1.04214008082122,1.03941395652386,1.02725040127995,1.01650338339572,0.996313543215943,0.996970068339378,0.981717386132487,0.974865779525441,0.980359534205146,0.96970934250966,0.96644416357432,0.940501571437259,0.945024956532727,0.977622038343167,0.98222839795744,0.982518516760704,1.00073441081824,1.02988418261528,1.0317714900247,1.0371562199105,1.02554879983365,1.01047175925697,1.01047175925697,0.996161549280806,0.99134632474422,0.99134632474422,0.977396744823079,0.96769002001789,0.96806579316108,0.965130699244519,0.957863401119224,0.951746732425071,0.952790156978386,0.961723620359476,0.950740308447233,0.950738611432777,0.936462537502681,0.9423724612996,0.934583387365361,0.934939583969977,0.945079350544673,0.959589440765168,0.959279607903149,0.963496860497532,0.957729705818239,0.958772969847218,0.957564899032508,0.949685877658203,0.951755761809603,0.947069953351716,0.953151179788189,0.944530520930726,0.944325753387304,0.945382823751307,0.953262033943337,0.953740584392511,0.955389001294038,0.926431753684136,0.938015848825262,0.940943089553103,0.999828942541856,1.00773784994874,1.00863393322279,1.00241644600052,0.996641926284585,0.996501363538615,0.975545253877412,0.968746798718988,0.96658266405341,0.963775974052724,0.963112172213186,0.953675384500674,0.953675384500674,0.952313904807539,0.953167810328543,0.956114929561501,0.956114929561501,0.985089584076006,0.999246951634268,0.999138730476432,1.00126095680822,1.00102798073251,1.00093612376311,0.991511987147809,0.939825364811163,0.814386579620623,0.814785483706569,0.863418835246586,0.930672124413515,0.928849118495984,0.945638916059542,0.944579269546758,0.946105800006872,0.941340570494309,0.932342982097467,0.924829219874023,0.926606869521156,0.93778482908324,0.934719217329773,0.935656996050539,0.93107016697728,0.939281319344377,0.937102889694856,0.936399248382151,0.943774368449447,0.946300299561248,0.947014516433949,0.970256407435669,0.985361475687958
An6_Tr113,0.98350796218543,0.985755680516515,0.983476432732541,0.985187021003645,0.975023441943999,0.981027474396541,0.983874538332847,0.979218524554624,0.977619489671506,0.983617326498572,1.00249021765107,1.00397264561141,1.00352385143761,0.996569997590971,1.00803512153524,1.0085782546993,1.03980685431557,1.05915601924935,1.05955914607327,1.0347536434024,1.05736007127412,1.04467679854509,1.04290537998611,1.03289642511185,1.03360536870912,1.03351474796658,1.05430326364959,1.07125572620077,1.07141069704798,1.07490914095757,1.06802319566845,1.0543770765836,1.04672700540941,1.03592138399117,1.02252305954144,1.02107316493955,1.00449682953868,0.999668350264297,0.994458559360746,0.99062766605656,0.976339893692963,0.977619704660946,0.976469483756048,0.978007789865411,0.981565055324469,0.981729348457255,0.999936703464812,0.988770302113007,0.988770302113007,0.989346808057294,0.98591895339975,0.976178392727433,0.977968296980959,0.96672798852613,0.97418232009524,0.974893410966681,0.974251332243173,0.975863916182298,0.975629730126255,0.97473128602953,0.972440239753614,0.968216567148144,0.967036202073714,0.951970586586254,0.938156942437563,0.933241763469548,0.959393492626795,0.995917358417551,1.00651935140468,0.997375883584843,1.00038617552399,1.01159716694021,1.01159716694021,0.994776427770427,0.972830020523711,0.973635204413888,0.962875640499976,0.951555725073977,0.95051912896309,0.951540984043857,0.944711558998784,0.941895184891934,0.944128336610529,0.945588203319038,0.942817649468753,0.94219613643503,0.944350055390296,0.938943969353848,0.93923585544056,0.939932753305744,0.950323244661669,0.942724231591629,0.941170866371534,0.949046109230247,0.948181365991746,0.964312454704427,0.964312454704427,0.981876690780248,0.995306340031668,0.9973107959214,1.01321476628185,1.01647741708996,1.01808795378313,1.01363696913924,1.00095474691032,0.955568999152424,0.958509301328397,0.969958736973269,0.963414369033733,0.967748327599747,0.980183790671472,0.979152606027905,0.979627228624724,0.968681528888974,0.889595014906442,0.894200036192645,0.891231488018049,0.839524724702939,0.859438032474977
An6_Tr114,0.971861286533773,0.961771022675472,0.9599918446615,0.961798451686064,0.958293114675928,0.958981536783489,0.951435589809071,0.955413681283738,0.981976520938683,1.04407240553694,1.04407240553694,1.0409872846859,1.03452154124987,1.03555733866221,1.05163184064275,1.040273066049,1.02160967699362,1.01714682901491,1.00860456258014,0.999485819547731,1.00095969337479,0.987779698344191,0.982966909073841,0.981959132006388,0.981959132006388,0.996708338773352,1.01354464582383,1.01354464582383,1.02198047898451,1.01574030435122,1.01569808906346,1.0072498453672,0.995722018851057,0.986588433263798,0.991177670364714,0.987869316022036,0.988411779859294,0.98853837437658,0.98817419084406,0.980475415424114,0.980575027460999,0.977853677622091,0.974117934818854,0.971479696855494,0.970624126522526,0.973228091617027,0.972076742337786,0.974861984654253,0.974738854364437,0.938350315227185,0.895712158274512,0.895712158274512,0.881759908520321,0.876091884705046,0.876876112843152,0.886078075017024,0.88253562390746,0.876170866687796,0.828604917768936,0.846967187885258,0.965805860058879,0.962887407278433,1.00179104947536,1.05172783458734,1.05197885043701,1.08597242127826,1.17075084375027,1.16909133996782,1.21812367681713,1.17919300492412,1.27846575567693,1.27977936294922,1.33843378308374,1.37210801506151,1.37259927845039,1.32476521671389,1.28907003655815,1.28932778074644,1.3201209437411,1.30172843717783,1.27203636984725,1.27307135575595,1.26715136286044,1.24615684984428,1.24522834382892,1.23484308915342,1.23360292809443,1.22734862235685,1.22749509517545,1.2178052846414,1.20479809215969,1.20415777645331,1.08151959569878,1.00665177261185,0.993692324811529,0.993692324811529,1.04204088856826,1.05457573815158,1.05495822531771,1.05380438622916,1.06378279327225,1.06170201936453,1.06006161372828,1.06045760544986,1.0630034370203,1.07086057555056,1.0654094614632,1.07569291442102,1.0764832327744,1.07020894451469,1.07124084935222,1.06553637570274,1.06338667726233,1.06135536072119,1.05433593624442,1.05482874644485,1.05325416878638,1.06310549499297,1.06377520095352
An6_Tr115,0.931158815378321,0.964409278373823,1.02563582821804,1.02549480274167,1.03475405043023,1.00959316010808,1.00937832235561,1.02016235770204,1.00006608665882,1.00122699538531,0.999676106017502,1.01486060131795,1.01623634659997,1.01612199543521,1.01339356626098,1.00072238180343,0.975114207562745,0.975033245977007,0.966961851673236,0.955106274294539,0.954851880313867,0.937865100286102,0.859491083833722,0.860168907708474,0.772722232654139,0.739508624541988,0.726913631961317,0.726922305823533,0.710671170689205,0.676203194741419,0.675595230763751,0.599484596965461,0.548290189019152,0.547599324720713,0.515160184171042,0.497120512717445,0.491011147680388,0.485244040165146,0.464450761967821,0.44867604559048,0.44867604559048,0.435669863312646,0.432924716717409,0.433533550038015,0.431157715742368,0.423763463356092,0.419296191105675,0.419356810176994,0.415019140610282,0.37844902748896,0.341494075323316,0.29289662049753,0.333229550717013,0.346977434728532,0.345892159058415,0.346245129894928,0.352103685535734,0.352603196694868,0.351454911307761,0.353814813494263,0.350278077837762,0.348456046448675,0.347368480088717,0.34498624071108,0.344974040182756,0.347303146300569,0.356094688081058,0.354943601882793,0.357367977996533,0.356645779002482,0.356111565293268,0.359590124199607,0.358284905222379,0.359581336554721,0.358198431031622,0.362861283391627,0.364920410561809,0.364920410561809,0.370696996906722,0.366206702547017,0.365844017351107,0.365500559559414,0.452127057364513,0.458411625075882,0.458593560503558,0.46056164838275,0.479089164251739,0.475466469956876,0.491026557054304,0.489698397781837,0.492834182023251,0.494971171256094,0.493074678899347,0.485121266288939,0.483860756363335,0.472754519743002,0.469994162887733,0.468319466186246,0.463904005580274,0.45876589673972,0.458775830112234,0.458413967622226,0.463351447240712,0.461607022596054,0.45936207704812,0.454957441059174,0.453369361478829,0.453532373154923,0.457216710048114,0.474424699521054,0.488972161112857,0.488232014787109,0.49305939179244,0.485737724134619,0.486018353705601,0.478430330803886,0.468204638804265,0.457413128307419,0.457413128307419
An6_Tr116,1.05062334923355,1.07597178267458,1.05833055282102,1.05722859771109,1.0383308798556,1.01862234653192,0.997686680768118,0.99160151081469,0.970824353682158,0.966177540667452,0.961543562948547,0.976722311309233,0.979223200508615,0.972473797076659,0.972473797076659,0.973792468974601,0.976127431364515,0.975034448560589,0.987211387420405,1.01293043740566,1.00888627615657,0.99932451319253,0.999481940083748,0.984522258190389,0.983544505434801,0.967831655878705,0.939620621455748,0.940406434893563,0.880348497132339,0.858035888296731,0.812372323645525,0.812841396136185,0.789709368935842,0.775661770671781,0.7781205903835,0.755378741397297,0.752257210649919,0.750137249230233,0.746958790333051,0.744236914426662,0.743888620878549,0.730403952274892,0.729988220951156,0.722682368159542,0.722587479323953,0.628976552238622,0.551693471982551,0.54265830295226,0.560976539764847,0.553509551414816,0.528854166210355,0.518106887179428,0.523527228526597,0.528947569873766,0.528947569873766,0.555747810988576,0.576824959232975,0.576824959232975,0.558974200673896,0.544515111502916,0.551889256569587,0.551889256569587,0.544694832201396,0.546568090235536,0.54543463307894,0.542817554563567,0.546301209742684,0.543579871170762,0.543757761857574,0.544139191596042,0.548335816748077,0.547270026113446,0.570329810597063,0.630567080224744,0.630567080224744,0.659337950022934,0.672559649423783,0.665828420894998,0.693311052309097,0.699954373412363,0.719390631933879,0.716298976482379,0.523558633025974,0.552935406355664,0.55151187360827,0.57660139633921,0.588826425991064,0.585537716950546,0.585175057857229,0.565194168928841,0.566255104067776,0.564874006101308,0.554898490190781,0.558317611729339,0.554791138768563,0.551240236631574,0.552444466596885,0.55777881052631,0.55777881052631,0.563519482921531,0.554350870106337,0.554350870106337,0.564019851846055,0.581369183210571,0.709522065595298,0.710259378274522,0.750357850502345,0.752357943482681,0.74935567405613,0.755933324721964,0.7732677479384,0.772324215788304,0.769047257393851,0.764202199568509,0.741356408513093,0.737969339452211,0.720113998984045,0.695537900277988,0.695882545544404
An6_Tr117,0.954074129529256,0.954125076261014,0.954233878187647,0.988081112168148,1.03158856133838,1.04188038568195,1.0400919128949,1.04671966384534,1.03243113976297,1.03230319070419,1.00715216016109,0.976756072404386,0.976756072404386,0.949987938379744,0.960508694199295,0.963278475885871,0.998536106542059,1.02636181090685,1.06513361874252,1.0479066595043,1.05868917541622,1.07547669573884,1.07547669573884,1.04775298853864,1.02833264761123,1.02865025901399,1.02865025901399,1.02806259657147,1.02969279822901,1.02921426912797,1.0091548583879,0.987277269606697,0.972546721827969,0.972343191411257,0.965011737062093,0.957779179816355,0.960061680599941,0.940158140251725,0.936032490739742,0.935581305185743,0.923291040497795,0.93757853367586,0.927167626529619,0.925536059321403,0.904070933848318,0.871105754352244,0.871361582075892,0.891219990985695,0.899954935967487,0.889784319669479,0.897939272847082,0.880585318008254,0.875131782308337,0.924269237575354,0.926594000471331,1.16049896472963,1.16049896472963,1.27154509527156,1.31350307643663,1.31350307643663,1.43572633819714,1.52478098625926,1.55898201934441,1.56117891938767,1.57022616793678,1.53452358083632,1.5239671641576,1.50133538314286,1.4748146625658,1.46645569689036,1.46645569689036,1.46162665618228,1.46180266139564,1.45812079893692,1.46322533898678,1.44787674815495,1.44769758767388,1.46841575432776,1.49558650726434,1.47422266943179,1.47609158938337,1.50206809322351,1.51307558968284,1.51526207316221,1.51897157258111,1.5053606187874,1.50023150536346,1.48527190558587,1.47650163858012,1.4690646496376,1.47203744764028,1.46812213533212,1.4609012604721,1.45978722353408,1.4674753876076,1.53057997036201,1.53173602398377,1.58752432280083,1.60349856786612,1.58926790469188,1.58958523017544,1.57606580210516,1.55036528857831,1.54929510358211,1.54473443755689,1.52443958328914,1.53101390002519,1.53456281030509,1.52337741741068,1.52697835557774,1.52366803553165,1.57695452767177,1.59964527843944,1.6002812616654,1.6041351624661,1.61840315769909,1.57369841819059,1.5709105072029,1.5602817722725
An6_Tr118,0.953271934741433,0.990894896726502,1.00878314472456,1.00568015572192,1.01467507609522,1.02547163736529,1.01777894160855,1.01763755901039,1.01597296248248,1.01342646820941,1.01295429375787,0.992270187222601,0.992956284174762,0.982530727388705,0.9822004269714,0.99337547835375,0.992370114929571,0.992630069545243,0.995119640970348,0.990160471601586,0.968227752931622,0.968227752931622,0.982147546697718,0.972654071154658,0.972654071154658,0.972971007966117,1.00190960772909,1.00190960772909,1.02408718749804,1.02451046072917,1.02220713707499,1.01380567870019,1.0034467289424,0.980371758344959,0.980010740722469,0.971989824866104,0.958403520718425,0.961655835560606,0.964536335430344,0.956778506853589,0.959698441600501,0.957442819860158,0.970341617790639,0.968794961702854,0.969350418084512,0.97092193190897,0.916569529638251,0.957932110531177,0.957932110531177,0.971849794888727,0.981659247279416,0.980880357464476,0.974917974102811,0.976698934847369,0.979313612886067,0.987749977960047,1.04990136742126,1.06562515929311,1.06562515929311,1.06060910316811,1.09116155517615,1.09619253378483,1.1085755584285,1.11377942359445,1.11467041081397,1.1039154353222,1.09092661127822,1.0678991618526,1.0678991618526,1.05560834057113,1.05368722215818,1.05468415077257,1.05563127933401,1.04774569172977,1.04824784110173,1.04417798182783,1.06788607665485,1.06896393268863,1.07554467547527,1.05902371056726,1.0608072398404,1.06095825211966,1.06146854280345,1.06403173892028,1.05582955602997,1.05685613572123,1.03950779617125,1.04048404869178,1.0449673173987,1.03941393342927,1.04148496630861,1.04084689091357,1.04932567704764,1.06528892674066,1.06854348786221,1.06810452514889,1.09692677673817,1.12786957744036,1.12987130150649,1.12948301705652,1.11805068883548,1.12264927022171,1.10956188312345,1.07898183706893,1.07247188916194,1.06649104876639,1.05715538931563,1.04373747525777,1.04726816981233,1.03716398062628,1.05117833978661,1.07248955901104,1.06823149906898,1.08451502076034,1.08617807352313,1.08542369599615,1.07151179644221,1.07422393440873,1.07340559195569
An6_Tr119,1.03241080935155,1.01377671841362,1.00756736434992,1.00666233132663,0.998732974769618,0.99635277307622,0.994894587592716,0.990129781793711,0.997156516900958,1.00135919537845,0.998042878806696,1.00842217551215,1.00117038114419,1.00147160036729,0.994984078070197,0.992147108224057,0.984643907785966,0.984975827623103,0.995098989512953,0.986681836937429,0.985177385540552,0.969698294426292,0.97369676884135,0.974016008892037,0.979873391294822,0.9916508203924,1.004534555653,1.00296339989513,1.01227460979687,1.01362276706503,1.01129464963336,0.995377090835142,0.998072154448209,0.999089759171362,0.991046681552817,0.975384504280723,0.981866616872214,0.978454112725164,0.970149040399021,0.974119961663936,0.972156960812864,0.951186436693768,0.88778210119495,0.822226369579376,0.820690070977805,0.842147059637495,0.829054338706501,0.829054338706501,0.813806168230244,0.834613294144093,0.835617744495222,0.846029096045978,0.846611268452391,0.852246436121689,0.852246436121689,0.854388649060811,0.847125057192076,0.847350825621677,0.846987562282075,0.846497707723983,0.845257877721499,0.8546794043175,0.85160925950475,0.847506755263086,0.847506755263086,0.860583165440025,0.868473555143968,0.869302147019608,0.881435635093184,0.932079233016356,0.934052093157558,0.952162085542207,0.967079395304692,0.959429884850171,0.959007236328427,0.950223328381817,0.933816308193922,0.934888350284783,0.923502767175991,0.913269472334948,0.903146292585913,0.902508331537747,0.856991956925425,0.831060960805832,0.83272196277186,0.902371886234622,0.943063292714752,0.943113197033466,0.928329885826145,0.933310688116291,0.92955633456982,0.935030674529171,0.9282891032176,0.92468467118956,0.927505570174029,0.913499155879804,0.893408525355985,0.891779014914367,0.894288911059144,0.876998065700791,0.873556407207541,0.873907634076278,0.867609609359745,0.870075673989716,0.858212388597411,0.861261774069894,0.855285641332218,0.850620777846075,0.850562004287281,0.859818033829017,0.909273102896933,0.909231156708092,0.995201877572074,1.06585496610623,1.06068043625597,1.02756664046414,1.00839786499739,1.06059265757101,1.06059265757101
An6_Tr120,0.994140411046554,1.00273264787243,1.01078593557556,0.996076566981069,0.994793716246898,0.992747854985878,0.987917481055008,0.987949448424252,0.978144686454226,0.98102141097131,0.992828952559554,0.993429470917513,1.00353513714115,1.01532783005514,1.01844417224456,1.0191867850508,1.01040787417355,1.00923866569683,1.01129095254773,1.01367249580781,0.993018509286502,0.992818166249827,0.992731347201455,0.994880380359475,0.990765373814125,1.00935447283581,1.02430805907212,1.03346126305617,1.03905598400731,1.04601258189909,1.04141257178905,1.04036764067072,1.0311414795007,1.0135620659852,1.0116992282884,1.00554418804595,0.996095994948808,0.986649369845177,0.986293033263159,0.982208657579783,0.982819464639406,0.981505697462107,0.985602745189344,0.95658159206768,0.955557112894749,0.853969088310009,0.763042635150364,0.755386558350635,0.754313386218187,0.753386962016836,0.762733798994665,0.76295101598931,0.77802632928684,0.792464186900961,NaN,NaN,NaN,NaN,NaN,NaN,0.951329722256687,0.998393871268383,0.998221851789323,1.01284562701532,1.04988558959074,1.04938125972479,1.06466020451762,1.06090829657954,1.06141612438118,1.07015232402764,1.06929355381497,1.07677867363937,1.08620157643083,1.090279824211,1.08879167964165,1.08949134052972,1.09417788894522,1.10749601358755,1.10749601358755,1.11665013076557,1.12932978658883,1.13305746071602,1.12431395082997,1.12923476541565,1.1166550738934,1.11570625636692,0.974430843875482,0.795449930600662,0.798689260170521,0.762588559690273,0.777309329658948,0.796267056672772,0.795458661694595,0.797336905923251,0.793074379934904,0.79104017436288,0.786079636422251,0.779176428869297,0.776347512463104,0.772198156583597,0.759221527509315,0.763331767765617,0.761567871913152,0.761683831360542,0.76621016445288,0.765638586251427,0.765902433084582,0.762157203010451,0.761843737292525,0.792413549903651,0.861979277333735,0.887854448953751,0.886969286273906,0.900350987636463,0.925402187760136,0.925564797649054,0.91805195402791,0.912994448713002,0.903581886944173
An7_Tr81,0.967758438856455,0.963109458479468,0.980058773988555,0.979683938019065,0.99228979919455,0.985293404321482,0.985732783700757,0.986877011128401,1.00362837420046,1.02693284801554,1.02654964718493,1.01637759134932,1.02021644727153,1.01489868597467,1.01040380177832,1.00642779670418,1.00642779670418,1.01773648197604,1.0095969211521,1.02246790523477,1.02246790523477,0.877781405609994,0.878099212021908,0.879041953466704,0.855960642563684,0.853225062412857,0.853530947051914,0.855555070695087,0.855660833368521,0.84554740026041,0.839853089496531,0.831695086277827,0.821778422374887,0.821381228299141,0.816638235013393,0.810472466589761,0.804307029539451,0.805510303806852,0.797819358903783,0.790136264437025,0.790136264437025,0.797581739070827,0.837459465696848,0.845061217674856,0.845061217674856,0.810643241207443,0.785073585831513,0.786642333588338,0.782792031545817,0.784828808018349,0.783943921644935,0.79528805010459,0.806632178564246,0.80523539441152,0.814367081013968,0.79457334421763,0.790909392416472,0.785023670245631,0.789402570177855,0.794208309808336,0.793810840079843,0.793460553639906,0.789215976022674,0.793600560403251,0.795385714772616,0.814093284799659,0.827520810643614,0.827520810643614,0.832502293634776,0.836866083389151,0.837352862775918,0.866114242709875,0.881778795149515,0.888030081020916,0.888392255964215,0.883781861693591,0.892748237265119,0.89251848301108,0.898980916701695,0.906063447469731,0.936212572079602,0.935101148380584,0.955834064534133,0.96498681683206,0.962989046909287,0.974083597463582,0.98721165745827,0.991214123432907,0.99387765673063,0.999430616098483,0.996860139603865,0.997522292567601,0.99323896780352,0.996025687183478,0.995192894667758,0.993610561246666,0.996621476963596,0.991098188241657,1.00084240064826,1.00017595140055,1.00144163944412,0.992475074128332,1.00035318924286,1.0193451507153,1.01767686899899,1.01323662220602,1.01809588980524,1.03515221254438,1.03515221254438,1.05260019772676,1.07899883267965,1.08676408892372,1.09690594166998,1.09675298279894,1.09711723257096,1.08780438654712,1.0773443955904,1.08018999598838,1.08093548609972
An7_Tr82,0.999792212588434,1.00039138964063,0.99670128140248,0.992978610746826,0.994612300703925,0.995568528841707,0.996241817968483,0.990035519158626,0.991797108337633,0.994507317192714,0.997707376543795,0.997707376543795,1.00790341203397,1.00868393829342,1.01003486756722,1.00987333811959,1.00460681926718,1.00542839252479,1.00542839252479,1.00120988665543,0.96113004313065,0.961050317834064,0.980796204195675,0.991549837847621,1.01828771989186,1.01948894073052,1.02923045648269,1.02483491792495,1.02733240694967,0.983856671625044,0.966609199885361,0.967833616889578,0.959056677476171,0.952627040790153,0.946754822314362,0.949738273413166,0.942379600350014,0.934138625445071,0.934138625445071,0.931681355526145,0.925010413770458,0.920976345533398,0.920519738183381,0.916336987161823,0.908800225154275,0.908529556306931,0.91465306582695,0.915998734140266,0.915509021370531,0.929122246155489,0.926642335361375,0.927312195258552,0.931732205788267,0.945619331556505,0.957685033989302,0.957685033989302,0.960106810073002,0.956244573722867,0.955800208674303,0.966037892290505,0.984639265211764,0.974718446447194,0.974699516550343,0.98764360159526,1.03478899124499,1.03654110764339,1.09437544608036,1.12167643177332,1.12199555216825,1.18132776936139,1.23873993859818,1.25723560716285,1.25888572610857,1.26241565280758,1.26058329506516,1.26123975900793,1.25142059614596,1.24848072464421,1.23253756287635,1.23126061944204,1.22247613832394,1.21796922191648,1.2167982001037,1.21256491327933,1.20686761853523,1.20672585200821,1.20886325721823,1.20181447028913,1.19825666894981,1.20091393645015,1.19593328625995,1.19309477603507,1.19065912944618,1.19267777111422,1.19296625800939,1.19428160453975,1.18217411045265,NaN,NaN,NaN,NaN,NaN,NaN,1.20280255712278,1.19764550545799,1.20659022522877,1.21501344871273,1.20261406674946,1.1976402392958,1.19657176103129,1.20250074140692,1.22450332461156,1.22310827746695,1.22618101315378,1.22000849325019,1.21700638824063,1.21370538132657,1.20634548385757,1.19787919234205
An7_Tr83,1.00238256760604,1.00268790202099,0.999788293217437,1.00223876300223,1.00118680729138,0.999684257918752,0.995858195156239,0.998713506564376,0.998480537844999,0.996322524922781,0.984108038730902,0.98485094049869,0.990646211069087,0.99820313114405,1.00024373075203,1.00081432994622,1.00766054135967,1.01806486047706,1.01806486047706,1.02595008460439,1.0175303118457,1.01697582241976,1.02158361489533,1.01980255904393,1.02094381946808,1.02855651294868,1.04426401936806,1.04509792559277,1.04648385002293,1.04798044827454,1.03739859371946,1.03930953683853,1.03209644797234,1.02597604760733,1.02477398206706,1.02108114480552,1.01380364565881,1.00973419111368,1.00744375374863,1.00184211007454,0.989368067776814,0.987963155450041,0.986753907234929,0.995819698728944,0.99276374411417,0.993937852873269,0.985324833902199,0.964071386110761,0.965244062812523,0.946772910209301,0.935097216204281,0.939069639309544,0.93889698825644,0.934673351732501,0.925501290741162,0.924160305732798,0.904900774142773,0.9236443884239,0.930257176800496,0.970064487176055,0.9773126873975,0.987432361446384,0.987816641907007,0.992882835448781,0.996481233019966,0.997499035675548,0.996636303467551,0.992616089340407,0.982171668103258,0.976242524964571,0.976378363287919,0.974456673024185,0.975774086214536,0.972632675228859,0.971301481224674,0.970080128756596,0.956673499500326,0.963749580640714,0.970825661781102,0.977901742921491,0.984977824061879,0.992053905202267,0.991549181702997,1.0013142451744,1.00407349363947,1.00200389727377,1.0113981337439,1.02847565728853,1.02456783351039,1.02456783351039,1.01509057962071,1.01224116279401,1.0132922371143,1.00406859291648,0.993071246824726,0.99475672803257,0.992105528019603,0.992604422994428,0.99214902289452,0.994571249425283,0.989814939535222,0.991496080144431,0.990650880857473,0.994846207957315,0.996192575072506,0.989871100239257,0.991981806571391,0.986927385469583,0.988533509510214,0.987730041007774,0.988959415877384,0.992969963867038,0.993560851771455,0.993058469227784,0.997461056061052,0.99599732112375,0.996034841827011,0.981628997923546,0.97351739410541
An7_Tr84,1.02741130868402,1.02521640726943,1.01170845303356,1.00018904918951,1.00127399660614,0.983768502491811,1.00290378003967,1.00291489602453,1.00774654175733,0.988777373537982,1.00315763164585,1.00109999751442,0.995137262766767,1.00297605497023,1.00255264404116,0.979688131034998,0.99624292724096,0.983960388281994,0.983274653869629,0.950430991619746,0.988030247052828,0.986773170876677,0.970924122307438,0.934651426054323,0.934606936610186,0.951327266536086,0.947136446638729,0.9611447430534,0.963210363419387,0.972450475447683,0.949837109457472,0.942162947566389,0.937064262646061,0.912820051328982,0.913980787403402,0.8895100820572,0.88038872782972,0.873207171833102,0.870802228247244,0.862001869946176,0.861910608524722,0.861378090040971,0.850075874077622,0.819829498632154,0.788155333489534,0.78789182163981,0.767561655263991,0.750478538258972,0.751786625858853,0.750759701761515,0.752896250181569,0.749100947431737,0.750167140981807,0.751805819544379,0.751836957352571,0.750538980276831,0.754448814457958,0.758084726582274,0.759663793017835,0.757386689521319,0.760654081791204,0.753749353412101,0.752490590580046,0.753236059222069,0.756848071664229,0.756848071664229,0.754802713438923,0.747152702388365,0.747152702388365,0.747672807115782,0.747000043905986,0.751189216170899,0.751189216170899,0.766390683125692,0.764451103645559,0.764275518610934,0.765848825660145,0.75689990350212,0.756927004447542,0.755387113187859,0.746994395990525,0.77329989466769,0.77398470604839,0.768332192722069,0.783651855790983,0.784266726157687,0.809198285890522,0.817733294202206,0.8180365713311,0.811056616176667,0.796884161239948,0.797406260178519,0.797245746942809,0.794854635904047,0.788316810691752,0.787740290228747,0.782749266480591,0.784178648368947,0.781722250901059,0.742688615402049,0.752692679830221,0.737589152056359,0.739270609036445,0.747725016140484,0.755450074230423,0.754406506138969,0.766473015780254,0.762574521927311,0.761933716300033,0.760999295688482,0.748206400007018,0.751159233676934,0.748718414027251,0.74987901212491,0.752061004746955,0.751132003837025,0.747500237638785,0.751222913375015,0.750705285303086
An7_Tr85,0.99535300124748,0.995285326601565,0.999209845961947,1.00916690362011,1.00497082995854,1.00304287900822,1.00371752259945,1.00585119064602,1.00506564307514,1.00728683623059,1.00909192893374,1.0051533041738,1.00026077188038,0.991746911514622,0.992909187233838,0.993143025883069,0.997181209993624,0.991518545835599,0.990045135602259,0.985176547104876,0.983730882195059,1.00127574926633,1.00370563470458,1.00172042904629,0.987810442108402,0.987570285348278,0.991854824244332,1.0029570460576,1.00159271195401,0.999034348019948,0.99980039097821,0.995380556666096,0.992712372829905,0.989201712052656,0.984542029014144,0.984542029014144,0.98459937112685,0.986102034905218,0.986462691138652,0.996409333382944,0.996029321847952,0.990693728923149,0.989387322495045,0.985847979587406,0.980084469959353,0.980084469959353,0.974174314817962,0.970490688317741,0.955131105473149,0.955157887131383,0.967411534198429,0.966840767757824,0.966998570133435,0.973114951837714,0.973571622166358,0.973506584608968,0.971806459002423,0.975300869383981,0.969631014096291,0.971161941451378,0.956750355305897,0.95323776327503,0.945219161272062,0.938291702528413,0.945763131971154,0.953234561413894,0.960705990856635,0.971635867855388,0.996944313828345,1.00168166871006,1.00761299156225,1.00871457936851,1.00865766059805,1.00035111275189,0.992605532251083,0.990477219955106,0.981666124892489,0.978165479539853,0.973555305555636,0.973555305555636,0.97598492115699,0.975410692714791,0.975802692410203,0.975556901714238,0.976469173210526,0.973145325257558,0.972910602077894,0.996308029106744,1.00125168895852,1.00102081038284,1.01294103039655,1.02721277077786,1.03227050104298,1.0312782321406,1.03417719965334,1.0295552831907,1.03263648497752,1.03177385591782,1.01715621631061,1.01450854906679,1.0108629918878,1.01052949899674,1.01331499447938,1.01073021221646,1.01397517697321,1.01208750309616,1.01208750309616,1.00817242519678,1.00331456032655,1.00201250532518,1.00366067016818,1.00632198190531,1.0077729026501,1.00775269421182,1.01895904272911,1.03646616750649,1.03574693351793,1.03760476459851,1.03208631737599
An7_Tr86,0.973380238185917,0.975427775732269,0.974233410654011,0.97168351210945,0.973159601279154,0.973251979935395,0.989051254148866,0.958452085555869,0.957126525474011,0.948400007741142,1.01486702155543,1.03396413901732,1.03091169944378,1.03725267848306,1.04209514965508,1.04254681606119,1.03934509208813,1.03403180108313,1.03081921179678,1.03081921179678,1.00227109136365,0.995564476535494,0.995564476535494,1.00529907650815,1.00241801103499,1.00241801103499,0.990870134016117,1.00091812944873,0.990917517266752,0.988323455835415,0.992829583553773,0.999118782928351,0.99917061788507,0.989991537040489,0.989261006591709,0.992195310768963,0.989419490354129,0.984412428242295,0.982014049247288,0.982543202408699,0.985559523772619,0.980564150074012,0.985461136708646,0.988216612338665,0.984540901867161,0.986605032123389,0.98113894145439,0.973042142975026,0.978926495409768,0.978926495409768,0.981423799358284,0.982885679841223,0.984422333597017,0.982206129959882,0.977827226239806,0.979507465259383,0.979637444601939,0.979308426476718,0.983630643886863,0.981635033901296,0.979367935914499,0.976233798570378,0.979993033133912,0.9830744596463,0.978843995416647,0.984201470772562,0.984201470772562,0.988555236106849,0.996449870405585,0.995590101789657,0.995941450459114,0.999609540878913,0.997445357029578,0.998181795312457,0.994785423312553,0.999322484841476,0.995753660510813,0.996589002634576,0.992671854255574,0.992671854255574,0.992719635835694,0.997508337662277,0.997911761865858,0.999718015677999,1.00128715048076,1.00368911389725,1.0096824990203,1.02603682071125,1.03234043029029,1.03234043029029,1.03060814013529,1.03055448429471,1.02867440713395,1.02867440713395,1.01585080144692,1.01369044243324,1.01340192250917,1.01241697508317,1.00867863881346,1.00686670370625,1.00680714105669,1.01298504995509,1.01041070695032,1.00836184994645,1.00996501392158,1.00909189021519,1.00745159032598,1.00497795716293,1.01941507995561,1.01916057060055,1.01699024698158,1.01699554210917,1.017003150831,1.01909941719755,1.01017838213219,1.00676640184227,1.01010532236821,1.00323305585713,1.00117721682717
An7_Tr87,1.01485322279905,1.01261176116686,1.00077985008978,1.00054242529695,0.998299679264165,0.997537091608171,0.998098401110507,0.997809584261036,0.9922541781087,0.98525581982844,0.962313116327795,0.96256427187496,0.978250419397707,0.998099753567691,0.998191625034382,1.01646715646823,1.02694395106004,1.03004342199625,1.02908427073929,1.01527996312948,0.998134260876788,0.998134260876788,0.960412645080102,0.940703858376809,0.940703858376809,0.91744605602671,0.931111228435277,0.914311476898366,0.914311476898366,0.89604878902698,0.891768269289584,0.891608098335306,0.88363981257113,0.880685746585461,0.877656908952024,0.881038263847738,0.874994177229814,0.866327346491044,0.866103186334428,0.864532563725156,0.887521517054885,0.886000810824502,0.888362577142732,0.905390747730901,0.901453412288018,0.911295210345164,0.904558928207884,0.899725270855353,0.900151409604301,0.894748538520312,0.894526201210691,0.89671989467162,0.891125368146228,0.893869049918894,0.893272613814692,0.89281847845408,0.891016976362956,0.882624995432022,0.880510464793208,0.889820740285725,0.901864956550316,0.901073916188111,0.957444936686759,1.01720324041952,1.03560892119754,1.02620493963226,1.04559439382358,1.06023581636979,1.05998793068452,1.06537221296924,1.05598983269264,1.04767855965653,1.04767855965653,1.03736431011797,1.02600388003661,1.02655265696722,1.03177533219506,1.03093590781995,1.03150218132848,1.02695632637515,1.02271245386915,1.01825348408442,1.02201223475715,1.01833322036953,1.01972982060332,1.02116389555393,1.01955462157886,1.02579030788683,1.02751471488036,1.02130510966674,1.01728631050438,1.01348833377476,1.01435621858167,1.01828431062895,1.01782872324433,1.02232396277503,1.02224370204107,1.02069333486254,1.01682442692658,1.0163186401857,1.01941779211978,1.02054627981747,1.019546191475,1.01691454751631,1.01662161652604,1.01672408949686,1.01361944436705,1.013714343548,1.01519649618132,1.01319930716272,1.01649975290531,1.01607238150041,1.01854232048654,1.01860045298367,1.01641157178521,1.01672631106533,1.01516918179284,1.01748231982114,1.01818531710352
An7_Tr88,0.985238796912707,0.984839927936122,0.983301887566993,0.985147737509959,0.9901875916619,0.990001582378375,0.99910812215445,0.997488493074802,0.993393559286563,0.993874541836899,0.991871907637047,0.988689039033325,0.993361576785808,0.994421787302799,1.02133678720567,1.02010384595678,1.02087566852035,1.03359480802605,1.0331623392134,1.05029459097396,1.04125000296244,1.03316567077289,1.03350489373634,0.998227318666043,0.991095762078801,0.988947468866183,0.98465599529223,0.958802444736351,0.951881104885249,0.951112945226467,0.949341486966952,0.944686874435061,0.944686874435061,0.942197122160415,0.943128574887218,0.943142886194936,0.940908567560574,0.944134061301636,0.931724550395382,0.929749617042115,0.938933515179717,0.931599249149969,0.928804659897495,0.943877394399401,0.955955437275379,0.963092529531639,0.963092529531639,0.962653195856892,0.951506881283721,0.951578133552453,0.947265796486806,0.943941181877173,0.940240259738313,0.941526842456879,0.942577243021699,0.944185769252974,0.94162818414287,0.935610481636098,0.932594773329081,0.926685612327894,0.925405169587273,0.929986780042074,0.930215622755871,0.943202753535665,0.920384661161705,0.959099804183364,0.958956423638687,0.971596663436311,0.978411924588871,0.979159783875684,0.974944247958548,0.966488983018219,0.966575454232315,0.966575454232315,0.920286333623097,0.930002745603244,0.930002745603244,0.948206936083252,0.951506033009317,0.95151614465475,0.941128590579369,0.938943352065946,0.939235515589732,0.940180461557405,0.936507243177051,0.931218644307238,0.933473186437895,0.931861735229513,0.931516882663273,0.930923793532406,0.927787151742278,0.932438917158495,0.928616510405827,0.930996633643033,0.924160484990396,0.931569470005562,0.929539523777378,0.925723828892689,0.923728890261277,0.920102013411878,0.930729719617256,0.923251117491514,0.929577660526215,0.929577660526215,0.936632110924155,0.924086969329174,0.925150850009321,0.918581295135175,0.935835800148275,0.964328421346691,0.963510849397307,0.997150975935227,1.0048969423882,1.00463321945121,1.00871822387146,1.00922204509495,1.00770265087248,0.997644601454249,0.989356684165066
An7_Tr89,0.983377453464009,0.972107680498318,0.974724123210606,0.97381187173594,0.97401001520248,0.981251070185259,0.999565600180136,0.998274269771562,0.996955099243517,1.00536268360182,1.00363338813467,0.999748956303157,0.990601154466363,1.00576969868531,1.00890431271693,1.0291282467549,1.02980360831961,1.03036299799905,1.04260776952637,1.04777315850315,0.945273624462947,0.945273485075688,0.92682084592788,0.906676100524376,0.906676100524376,0.90383869096043,0.905190116334666,0.904433710286225,0.909588277221059,0.902212141648975,0.903020280936424,0.889755476274376,0.884186772355811,0.881784063085236,0.879744129644078,0.871187319881395,0.867584742298575,0.867881186017591,0.865963297115728,0.868259197415973,0.866288428962535,0.866288428962535,0.870060717623873,0.873359698307544,0.872779873315859,0.872251151269323,0.869000322162183,0.867823160497798,0.867722712982319,0.871907535610617,0.876136655477491,0.876025774060414,0.89096451121812,0.927102857441927,0.926810794489314,0.929793558099044,0.922627726173571,0.916960276146648,0.917505141038612,0.914880225562058,0.917115783921371,0.916796027430766,0.926559822088193,0.930643539675239,0.932352885871047,0.9285612622444,0.921845755643442,0.920204653223287,0.918938610867308,0.913890829021088,0.914955832292142,0.913603017804586,0.907083215896555,0.906676287941598,0.907977788380587,0.905207970922219,0.901075349125443,0.89833107469784,0.898376021144896,0.90192171225585,0.904339856601302,0.904393684125137,0.941586898406364,0.961143459807235,0.972442880691441,0.972625918702911,0.965282012950962,0.961254323085836,0.961222380599871,0.950784326591611,0.942739670197222,0.946498680838709,0.936890438708301,0.934524822484415,0.934836634560896,0.934514390484918,0.931027279897212,0.930002253153975,0.929522862306461,0.928155203322322,0.918931202150661,0.918408988257782,0.919707639696544,0.944346911716766,0.946734744124035,0.946734744124035,0.948550673606683,0.933602409638271,0.933002457706269,0.924360286131671,0.924988872208957,0.926003449162285,0.926003449162285,0.942893042605795,0.944924262616015,0.945237824906183,0.949247887604499,0.956610585287773,0.957488964192221
An7_Tr90,1.00703914826829,1.00558877375693,0.999490329375744,0.998405720656003,1.00031483212191,1.00320791324148,1.00320791324148,0.997400027466696,0.988944712831188,0.991020775029165,0.990967322377846,0.99197338140548,1.00018582446208,0.993647551666839,1.00819291178286,1.01415933850456,1.0044917120943,1.00448961059595,0.997272201121186,0.983145856323013,0.981759617499098,0.976984410642737,0.985623541787826,0.985765456570055,0.865090993584354,0.853181425533752,0.877401504025034,0.878268481912478,0.865583411717992,0.810258339849441,0.811892069781751,0.803864447901842,0.811871618848709,0.812247398978461,0.815103932486124,0.816540013890983,0.815601020359024,0.813445221663772,0.812857908979026,0.824220577874088,0.824220577874088,0.827581850878353,0.826534956095154,0.82657159295157,0.824663149139115,0.813125277568397,0.80642084256575,0.806396932586693,0.803099154867648,0.803577466462759,0.799765687970521,0.798006703664489,0.807462633076123,0.808095097970381,0.807322083082729,0.810911410331541,0.811143005906404,0.811398559301598,0.817210303956157,0.820104249665931,0.81913028938395,0.815373654653787,0.817362644840106,0.827471936837417,0.822781700438999,0.828448329619276,0.839904952916722,0.839949578403173,0.844948452046455,0.845711528304443,0.845748282316933,0.838573152220095,0.842918187050977,0.850233983957679,0.850629030613365,0.853626198374105,0.85726837919717,0.857302960973076,0.85845348936401,0.855293942615186,0.853486136161137,0.85194543590209,0.864987892410762,0.901348129966224,0.902629099913988,0.910959897291949,0.925262687762797,0.923349316725606,0.942095879168219,0.956750128973439,0.961478783498293,0.961478783498293,0.962467651573234,0.950176463598209,0.949363620932335,0.945211212275971,0.943173332614128,0.942847861298605,0.937518717808927,0.943170058451642,0.937535079314399,0.938059269472867,0.940455385904151,0.936442802127034,0.936061046659499,0.94637005443055,0.951178591515527,0.950946861600725,0.962183417955272,0.964145246700961,0.965838417491355,0.962461866864205,0.959340995920792,0.959544499567342,0.954851761405188,0.95596053993398,0.958509601371254,0.95494818358823,0.952978043583236
An7_Tr91,0.836900584774426,0.858385976671762,0.859250006186631,0.876469045475048,0.909243601054779,0.921274695498274,0.918729067953016,0.946215736633219,1.00148536140024,1.00290932952918,1.03234487563839,1.05176959389201,1.0858344121688,1.08446743113049,1.11535451697343,1.12502671631981,1.12502671631981,1.12754436009298,1.12176797228771,1.12595057153178,1.12165322990224,1.10431271667061,1.08180315842409,1.08068350257401,1.07160444477464,1.06874085980344,1.06874085980344,1.06528968058485,1.05359394558405,1.04692806058568,1.04754295419072,1.03496178022266,1.02581189614802,1.02684518086678,1.01261637442266,1.01365514611212,1.01547893479826,1.00709660085383,1.01033441683142,1.00102978857814,1.00340628240121,1.00656625435026,0.999920647724948,0.998428304449855,0.997650403801044,0.995718483593621,0.993919162196967,0.966567987983267,0.970590890239593,0.979336470239839,0.979888062769384,0.994311485979566,1.00166296868155,1.00166296868155,1.0210621493118,1.01515697179665,1.01336093810851,1.01294082768859,1.0027637078392,0.995053141744876,0.994502046085886,0.992194438202003,1.00404813837327,1.00214019679912,1.0009382129793,0.992463486103066,0.997231085245916,0.995895985784683,0.991480564952653,0.990590563899796,0.991719976715981,0.991395649241244,0.986852624259265,0.986988574442118,0.982586370715463,0.989160152171666,0.986145241742956,0.985881539719565,0.990058546214833,0.996671921193185,0.995955639692653,0.990539687085579,0.996173832394858,0.997864462767937,0.996151757273048,0.993725384881217,1.00431999101854,0.996095050238849,0.999047579463737,1.00851971987192,1.00988449029863,1.00935196687087,1.00951033924933,1.00226969749034,0.998184711226988,0.999989301215517,1.00006087705046,1.00062945039491,0.99768204717577,0.997089978298278,0.997729234827929,0.999198688546545,0.997919721213438,0.995948096288718,0.995867348484081,1.00213317977975,1.00951780393929,1.00865645458899,1.02320450074786,1.03012003988592,1.03060646878216,1.02699056116107,1.02574570153117,1.02292940940806,1.02098378072778,1.0133015663931,1.01766193807206,1.01663042270225,1.01056815062783
An7_Tr92,1.01338661043526,1.00987387935472,1.00987387935472,1.00412691082508,1.00234015390612,1.00234015390612,1.00087359559388,1.00804171458843,1.00467702150462,1.00467702150462,1.0070411206109,1.01008551681474,1.01137496850381,1.0032182900408,0.985716646043532,0.980088682708526,0.979989184124688,0.954575280470912,1.00769936970852,1.00526329328155,1.01710691416618,0.992182465413394,1.0074119141645,1.00125734148429,0.997621717020489,0.993899786905971,0.990357601843248,0.98057439698313,0.966281362011829,0.966281362011829,0.948522145078629,0.939963341384658,0.933078732983216,0.933262361235061,0.924964065091502,0.926050613564827,0.927421120874521,0.915113678426786,0.928777625885681,0.928656849818174,0.921318793502957,0.914690473356318,0.913026701406358,0.913001811345856,0.90679597454324,0.901686823205406,0.900348585209836,0.897866310356129,0.898112988367305,0.898207288171299,0.899477132101174,0.902144200914711,0.910065210984476,0.912199219667026,0.909909718676232,0.910672392792784,0.905173188742119,0.906548690170933,0.910765245235886,0.908478428404086,0.908478428404086,0.911231026418581,0.917107130110075,0.917572332656587,0.911236571524447,0.923319600071555,0.92240929192964,0.923307499872348,0.904023282543927,0.905865688558211,0.905918711786086,0.94378597912705,0.978072387332632,0.9781548608006,0.981995430866804,0.969852611115988,0.969848445523029,0.974514317772017,0.980813233601266,0.98019889270363,0.977925081119014,0.971041836174933,0.96067779303601,0.960154930645511,0.949364131935903,0.950088190591584,0.938198893814215,0.938198893814215,0.937782004161629,0.940793079931009,0.940466676485226,0.943775576014157,0.934225720345918,0.933854307020064,0.935420630939771,0.933670254934042,0.927265855110032,0.926138110922037,0.899064399941711,0.900189712328631,0.900903969174194,0.916311365404641,0.928582493374862,0.938159701145539,0.938123141541074,0.919876067544928,0.896776411035079,0.896785303640249,0.943247595816787,0.966397019067759,0.966776398975344,0.968076560595049,0.974421796526866,0.974405632643006,0.967537341439238,1.01728788176689,1.02769479250275,1.02856180398886,1.02892025126034
An7_Tr93,1.02831028941288,1.02712733333289,1.0219530572956,0.901144143577284,0.898349920835154,0.907594590101376,0.915588366418628,0.918414161983256,0.935800316540895,0.978151317504539,1.02726122176591,1.02669152684172,1.05819817884889,1.0571598432848,1.05753274379059,1.05962691317321,1.05943107126495,1.05973002472603,1.06193497930139,1.05846733416659,0.95050157659262,0.948806145611558,0.923888517430888,0.924082693314136,0.924082693314136,0.913455162801419,0.905451126743961,0.901058546540194,0.900457608980643,0.884412038996399,NaN,NaN,NaN,NaN,NaN,NaN,NaN,NaN,NaN,NaN,NaN,NaN,NaN,1.08067349126357,1.08133208507826,1.07556125613515,1.07821596082094,1.0714686881472,1.07135884950321,1.0716159288841,1.07774157052573,1.07710655705827,1.06397370401656,1.0368903648602,1.05667802315589,1.0573318259095,1.05439046697652,1.05642511778429,1.05636992078953,1.0689255849974,1.06994500563505,1.07076217567958,1.08048072956806,1.0798856107288,1.07055154814803,1.06943631381341,1.0685379390087,1.06828457970934,1.07197337795389,1.08174599148197,1.05524872576636,1.05826628287194,1.05460259361618,1.06397113180533,1.05533057606711,1.05612273083471,1.06100284227627,1.05660393119951,1.05736199734313,1.06076101584991,1.05739725185489,1.05687664713457,1.03914636732929,0.978738975126378,0.984492974683282,0.982598565420953,0.986601749753551,1.00053240857915,1.00052391499815,0.994759047243916,0.997191014309761,1.00088518490792,1.00072835474274,1.00184818435242,1.00094281104929,1.00214230871213,0.997432432386672,1.00184388142614,0.996275295208918,0.99584690291958,0.995695495966773,1.01051430671672,1.00897935683205,1.01441349469788,1.01539530085673,1.01821464497606,1.01145783530263,1.02031035660081,1.01595232287533,1.01110156130427,0.998553297873831,1.0043613109931,1.00335079187895,1.01934180905678,1.04289713544234,1.04328221631588,1.05277299013534,1.05758424104575,1.05260339617207
An7_Tr94,0.965922610771032,0.983327653594657,0.98299323001598,0.986632381928378,1.00361193330218,1.00439748004493,1.00319057306953,1.00858360103373,1.01226342748926,1.01228755677614,1.01277129073835,1.01029630720621,1.01090335512645,1.00868219159688,1.00650260432083,1.00550367452358,0.993446711481127,0.999996843566683,0.988686573414076,0.988686573414076,NaN,NaN,NaN,NaN,NaN,NaN,NaN,0.978768430336725,0.986063322774426,0.986210076543462,0.972917522874084,0.973443092558533,0.972720235056896,0.983585074851569,0.98663728471567,0.984781555331033,0.975226885842048,0.968042899357881,0.957346557221739,0.957606424843251,0.951007680247839,0.952853712739362,0.953100660277111,0.949307065777128,0.946781256825975,0.946762293623149,0.946330217759167,0.93914943553965,0.913389729209563,0.912723468215892,0.917500955515198,0.913293698685433,0.915151179551373,0.919566070265091,0.949563857367517,0.920518840825102,0.920585192024135,0.930447733912822,0.925293969915549,0.925385352556446,0.928876039580533,0.925781393237619,0.920988236561735,0.919631963557647,0.913178386736572,0.909397660980027,0.908748761196141,0.90872433260177,0.90697052093806,0.908011152843791,0.904323242112847,0.901321874126514,0.894645223755914,0.894645223755914,0.894960382563481,0.896962528043118,0.895168035791708,0.901660761020584,0.905606608910749,0.90361274532399,0.90607862009847,0.912918157827701,0.916226334880849,0.922011557403111,0.922411823204844,0.915703855372899,0.915201826336049,0.908115660762003,0.903444698758854,0.903391406895724,0.918602808255893,0.91377283313607,0.912647126858781,0.914069262696763,0.921467682373298,0.918809459779644,0.920913781039027,0.921203237930816,0.916871322232296,0.911011709352543,0.911593183670664,0.915446274221028,NaN,NaN,NaN,NaN,NaN,NaN,0.902416613627125,0.921796053219,0.923107003191559,0.945864050572903,0.966434188410825,0.966217980623222,0.980851066380848,0.986763931471585,0.986527509920969,0.984739810841952,0.989049134036255
An7_Tr95,0.991956431340764,0.986832261965828,0.998578402875164,1.00085197778718,1.00025498292596,1.00656802182875,1.00535066708167,1.00354634316872,1.00553205370965,1.00313451188935,1.00072611294543,1.0075137465358,1.00210159835424,1.00154262206982,0.998353771439238,0.994838847289578,0.994342733983093,0.999942456469372,0.998032456340411,0.972437161561667,0.972315049110727,0.94621094037213,0.926367613338475,0.926488633012438,0.893025350425748,0.906734101188752,0.913879258977975,0.91377098912176,0.909577608048579,0.906989304866974,0.90780900369507,0.901978081058486,0.8923952888465,0.89085384392759,0.878789717639666,0.874146910391552,0.873280216627856,0.872683458475427,0.868230339477307,0.859303403412996,0.859993732111265,0.874460150914737,0.895404995144944,0.896057167996954,0.897164541638675,0.88437530948384,0.88313373466653,0.88222228517018,0.881990839929653,0.886628268635235,0.885692571435381,0.886358395933297,0.877507823208846,0.879785552694076,0.884493712667623,0.884097141980891,0.894031088384096,0.894686390603766,0.91092850423791,0.912112696284413,0.910343634949388,0.907619436835898,0.912403861845853,0.909027753659945,0.903267256856708,0.908442578919529,0.90527681031695,0.908880387366985,0.905956163901996,0.908680649485429,0.906093245416842,0.910925632844774,0.910367922346883,0.915408954911167,0.910612754078679,0.911069191616516,0.908982649860576,0.913846581846668,0.91848299599221,0.935283978650823,0.935283978650823,0.939155340700832,0.952703383094039,0.96786756745677,0.967688965871024,0.960824157101047,0.9558937982698,0.955847680595173,0.956949334596878,0.956875154002594,0.94798157039761,0.94798157039761,0.932240599634172,0.929927924609942,0.931804047027382,0.930737867129086,0.929987579019293,0.926939101563701,0.929191195182607,0.932509191746793,0.933230830732453,0.933111250518853,0.939958364470501,0.946731483361033,0.947115668056361,0.966392278827982,0.971507886570803,0.974164740177734,0.964634821470541,0.95774034855076,0.961205427188397,0.960612694487746,0.943308847889316,0.945271328668838,0.94418236861098,0.942456302992854,0.940882810187217,0.940880313020119,0.941965159190048
An7_Tr96,1.0192815461458,1.02617126397847,1.02654357343967,1.02718092309059,1.01351409751672,1.01139808997968,1.01060384842258,1.0098401702486,1.00907649207462,1.00831281390064,1.00754913572666,1.00678545755269,1.01723289274955,1.01531775219489,1.02208653295804,1.0193614799608,1.01840022445059,1.0145857249083,1.00518494069001,1.00519080981047,0.996493682684455,0.983227317589197,0.972973214816698,0.972839081108292,0.969138765172859,0.980741020538764,0.980433437541323,0.977467914511544,0.97489136180312,0.961071576396833,0.957065926305739,0.95250615064338,0.94384440155696,0.943522245339953,0.948099635584521,0.94937259404927,0.949102348808692,0.946321465835011,0.947096416741205,0.94481210222728,0.94481210222728,0.949897218802844,0.949231103411068,0.948853136655528,0.951619201522095,0.949481775103641,0.944820926004484,0.935595775441706,0.934837830463177,0.933635477253907,0.935353255966836,0.92551057416029,0.929873093752528,0.929100955947538,0.936450729771287,0.948898070970598,1.00015126127389,1.00105699534724,1.04821068457734,1.05149694161387,1.05212774641489,1.0451854956908,1.04090396327876,1.04056439832546,1.03652689544221,1.0353739366358,1.02713326692867,1.02713326692867,1.01952941369999,1.02037116036555,1.02101166058449,1.01425480877947,1.01223132517446,1.01175331206547,1.01099135950856,1.0161777495445,1.01013928214029,1.0110598890556,1.0102840479616,1.0108559170584,1.01368590484954,1.01461650642982,1.01849346159996,1.01861170788955,1.02516482169663,1.03549260338123,1.03352041238315,1.03361512520586,1.02813230453011,1.0316282854742,1.02904094164084,1.03519209222357,1.03119963349519,1.03929491736843,1.03480099008106,1.04540537635035,1.0494914016061,1.0494914016061,1.05905089675554,1.06273011485474,1.06757340738707,1.06757340738707,1.07608116372108,1.07909610194167,1.07591641094537,1.07459424471032,1.06501820459219,1.06466882129603,1.0715665092918,1.0769212490596,1.07794897018006,1.07618696047013,1.10388272229954,1.12513066583712,1.1253704986053,1.12857601134267,1.15395753718994,1.15334761277647,1.1746010982711
An7_Tr97,0.983702874606144,0.998589697176142,0.994471623644334,0.993873985970897,1.00671767100254,1.01265632869684,1.01432282018715,1.01453834451875,1.01131952091265,1.00831144463541,1.00764077400142,1.00129002676243,0.994998219262515,0.994998219262515,0.996596928794927,0.99014773648738,0.990307581008386,0.994709507338747,0.990806695730822,0.991270856180115,0.991270856180115,0.967429044723101,0.977408986228869,0.979605158574105,1.00045588408528,1.01128319519307,1.03356327594591,1.03356327594591,1.03587422114911,1.02619344760156,1.02683043982698,1.02009854538399,1.0031839421676,0.986228470333014,0.984592971500868,0.989972641207536,0.986531480531468,0.9819807936162,0.984849224637991,0.98005833598472,0.983078344974852,0.980196482485871,0.977994427643168,0.976834140189137,0.973930219465545,0.972055784769893,0.966084537979308,0.970934448804293,0.947929800350282,0.940151343607618,0.940151343607618,0.933031944100168,0.940760806933939,0.951608426388147,0.949620107743531,0.950659076682449,0.95671440452604,0.95671440452604,0.957810276982839,0.948093466964809,0.949252202529101,0.965700852461841,0.961870253837023,0.95855996114341,0.95855996114341,0.959184069839292,0.958499315887649,0.958499041814498,0.957076768383991,0.964043213076325,0.952686731548328,0.952686731548328,0.965816033999659,0.975612499437977,0.974634995111697,0.974280252187317,0.979886457271571,0.994252405231511,0.994252405231511,1.02785761797808,1.05285774780875,1.05279266918872,1.06745937738855,1.07754191490915,1.07775231110659,1.08327918429823,1.0841960163493,1.08404617759353,1.06792150589105,1.05528549330163,1.05193113529607,1.05034314848388,1.04213306945661,1.03742347188474,1.0397062470877,1.05137267121959,1.06806028898738,1.07534568077725,1.07503620123363,1.11779729631574,1.13969878074216,1.13723978092186,1.16652219571212,1.18251398854936,1.18239127320068,1.19179232230148,1.19535400437776,1.20103033203428,1.20214909362059,1.19462339932528,1.18601174477463,1.1869964807921,1.17883974719703,1.17155996836643,1.16107007115884,1.16204988758458,1.15655721478643,1.14964691249717,1.14744332506095
An7_Tr98,0.995297394353552,1.00034612040325,0.9985355744065,0.999245540254065,0.988870336443913,0.997941114823235,0.995890968690515,1.00019333138783,1.0078356331995,1.00566077880079,1.00566077880079,1.00384126515355,0.998911186211453,0.998934409373904,1.0008220977906,1.00415791970877,1.00450108038231,0.997769897893371,0.995584571922084,1.00634430340222,1.00634430340222,1.01467746724508,1.01861665774799,1.01861665774799,0.959695671785632,0.885989554027378,0.884759621196317,0.846684309227726,0.818239073636948,0.83695379887356,0.83695379887356,0.828408689345695,0.819109402726311,0.818764253024731,0.842342683214768,0.857860957122858,0.85736376286033,0.844109487792203,0.837422865867672,0.833420425460726,0.832169804377775,0.827929295607908,0.821157213501603,0.820433691777535,0.842996470957934,0.850366267281773,0.840484558238399,0.839827237115458,0.838698611437435,0.852209176169965,0.853352506281109,0.865379646005103,0.86633128227918,0.866808248087726,0.865712557203509,0.872483435780525,0.865260749105036,0.864845855916478,0.872167865417975,0.874482173541459,0.874687740202594,0.879409952630365,0.876274217033007,0.875345925759124,0.871505260406592,0.867397689189424,0.867041754535398,0.86655887947142,0.864877363763377,0.869516406365391,0.869921071913325,0.869773690192111,0.87538176622887,0.877638894734685,0.872987902394394,0.875486332162538,0.876674495980464,0.876252213436191,0.877190059573255,0.880782668774943,0.880871629573715,0.889323384781144,0.891341208830236,0.887045792356415,0.88681348077735,0.888531151730266,0.890797058175031,0.890361981809334,0.884474181691326,0.882083516794939,0.891606908943703,0.890464236809228,0.890092470077183,0.898027815828287,0.898222850449576,0.907969172938223,0.922586440802464,0.914834003788109,0.919733765768401,0.916061063000325,0.914551582592007,0.909893923534317,0.912127828887211,0.903162307132451,0.908886577116478,0.90254375556362,0.902748526031578,0.902518251085899,0.903638112095686,0.903736292239693,0.903752058213653,0.904392041584002,0.895410917281984,0.894753217194404,0.8919362826504,0.899589640787756,0.907773794531175,0.932765716204831,0.932936078565281
An7_Tr99,0.984324328970277,0.990050820465293,0.988839663345703,0.994546208161876,1.01209831444016,1.0129085138444,1.02272196559858,1.02151835357316,1.02172153070083,1.01206913346324,1.00596580979621,1.00259575908135,1.00423902914617,0.993825793516631,0.990489144189183,0.993383624284498,0.983462688308412,0.983297272361578,0.981942046752468,0.981882941318323,0.964035497895542,0.882856658108045,0.882856658108045,0.876708472735628,0.873418383793425,0.875678437092691,0.888315203513882,0.903761448304593,0.908900460350136,0.909794339845626,0.895302714139829,0.890794055639601,0.890089914995584,0.850461193257044,0.851236107003751,0.851985957216405,0.85271305010513,0.850648858682532,0.904445013246597,0.899234000200272,0.931758830739426,0.961990993176406,0.961880258156957,0.982900607367142,1.00096941137372,0.992884012141536,0.994951624195976,0.986001027321072,0.980451629254457,0.982417699832106,0.983520779551344,0.982669867556139,0.979955564264076,0.974684147337974,0.982129808887742,0.971348127137023,0.971348127137023,0.970859921112357,0.972336838776825,0.972467869052057,0.974299054951563,0.978032809406753,0.977856355123774,0.969149784653166,0.978893361119616,0.987321722172635,0.986431232166631,0.986107993374354,0.993956548642031,0.993185753604024,0.999503296821079,0.991233099962596,0.991995865983191,0.988419500682432,0.989395177715896,0.988506206252034,0.98786229927336,0.992779133981089,0.989764059487297,0.989108983067209,0.991207389727567,0.994351287915086,0.992828650745329,0.993779741708568,0.998609177350165,1.01241100901233,1.01281334956767,1.02517532692335,1.04315535733824,1.04183744897314,1.04316035534953,1.05069248854204,1.04715788849833,1.03479814341481,1.03129079695557,1.03063566926197,1.03035783677022,1.02258390212838,1.02531743263443,1.03040444866818,1.03092067837651,1.02390137916318,1.05765243997205,1.05718103766342,1.05039706577384,1.05049945189512,1.05049945189512,1.0448857514731,1.04598453518244,1.04528710146344,1.04528710146344,1.03779947308954,1.03725348961782,1.03754268716091,1.04150305167389,1.03579005478445,1.03579005478445,1.04527883046318,1.0390842387951
An7_Tr100,1.00030602812613,1.00290838683042,1.00475494409049,1.00014435008245,0.995454306097991,1.0001784970832,0.995383954031676,1.00294567041521,1.0053709121158,1.0045145803274,1.0048919949616,0.997819594914234,0.998892760047459,0.998274518941543,0.994278088422407,0.997773413055109,0.998530104212676,0.998955520197356,0.998622376046853,1.00136767272317,0.981860727679796,0.982040027635197,0.982824685118247,0.983892851096186,0.998980681447751,1.00898103891897,1.0090427868101,1.01600199895184,1.02476618138965,1.02539426610223,1.01872823414861,1.00846880570769,0.992732826213922,0.995397147861185,0.987980300544729,0.981052296493987,0.980928672671338,0.984627311742857,0.986016690023625,0.985595945710713,0.986051243483433,0.983049049607643,0.989332224769667,0.989334366918645,0.988738303179012,0.982428138757699,0.981734638672907,0.983576697576144,0.987135821283546,0.982745108223259,0.98191343727596,0.98089559701739,0.979749992891806,0.979886266400845,0.981191384467329,0.979656857277539,0.978678924289416,0.977290062024588,0.981320639324518,0.977451448523611,0.977397207817341,0.975186487462459,0.975638942378474,0.972647996723521,0.977233229399838,0.973403065728846,0.973403065728846,0.963400995474452,0.961644598963671,0.970208499723394,0.972480357374611,0.985554368205179,1.01115426864451,1.01173703319743,1.01693313936987,1.01961055498764,1.0155663455454,1.01436858683701,1.00879323297453,1.00731043636609,1.00558295358293,1.0022002950668,0.999744015489717,0.999156745178165,0.998982963663754,1.00045951935556,0.999635000761727,1.00094545139122,0.99275272574817,0.99463681867533,0.994354928135273,0.990312337428579,0.999083587893461,0.996213701713398,0.996905110304938,1.00478522781176,1.00356102218008,1.00667305315453,0.997334851114108,0.992827354610375,0.992827354610375,0.995521925765386,1.00050248099968,0.992056550281551,0.992261439114297,0.991777492546543,0.999626701201881,0.998564030132276,1.005832153546,1.01485618503077,1.01484453895809,1.0200622198638,1.02369853431251,1.01916577320465,1.01920994152886,1.0158164756662,0.985136788273356,0.985558729526134,0.98481710839674
An7_Tr101,0.989150475623662,0.989426716029572,0.999863617161334,1.01202373078566,1.01461893308977,1.01162928018584,1.00694942348286,1.00363676994672,1.00541303556541,1.00853724268235,1.01325290319209,1.01338193584738,1.00147969149625,0.994588815229781,0.984108975226983,0.986483168469352,0.991064005369677,0.986838295636425,0.987552984978883,0.983465929830013,0.976613161827452,0.996407387843631,0.99552080835654,1.0018490081938,1.01934105259991,1.01934105259991,1.03401527816526,1.04116497781201,1.04057712189616,1.03242686555743,1.02514513420606,1.02614966056071,1.01804466771318,1.00762194818402,1.00093771698536,1.00093771698536,1.00010873345425,0.998162129030457,0.998174322371369,0.991841314662643,0.989746257182254,0.991996124150195,0.994313259377468,0.994503176768043,0.993060287564112,0.998336007619351,1.00194440819535,1.00072798569742,1.00206503774988,1.00342063085809,0.990310394594437,0.96089327695763,0.960903991471995,0.975849227031352,0.982843817269878,0.98065225382507,1.00014904298386,1.00655673331342,1.01053681809358,1.01244862982542,1.01154100337307,1.01970390108558,1.01556741911992,1.01070982758158,1.00691342380144,1.00691342380144,1.00183731326987,0.997415207183688,0.990743904232093,0.990743904232093,0.988384224412692,0.990752660773758,0.992034673477085,0.989794237218405,0.994543466487072,0.997347117783302,0.998553356792603,1.01075667076309,1.02253934808427,1.02951161464349,1.0223559807967,1.01037225564752,1.01109460884754,1.0063818324035,1.01668367589297,1.02871515485067,1.03378461215795,1.01940577021046,1.01727524455422,1.01727524455422,1.01618007975053,1.02539429634849,1.02503885623015,1.04261937866132,1.05163030188983,1.06055423328156,1.06055430213931,1.06815626318557,1.0678388782882,1.06819246930941,1.06536754819761,1.05618032856775,1.05622311068753,1.03911531499162,1.05566846294145,1.06871058712972,1.06897827104864,1.06350159383416,1.09345165053625,1.0987141122626,1.10010688746025,1.10361120648359,1.1035391120904,1.10130865524984,1.0990942345282,1.09124792961191,1.09303623667015,1.09019632500663,1.08396436475247
An7_Tr102,0.982103843711082,0.976108514133672,0.983584170973878,0.989779510064302,0.987090206165509,0.98880226312027,1.00500387224077,1.00845254647586,1.01087078084178,1.0120391372958,1.01407971115428,1.01244357011395,1.00889363416469,1.00673542373874,1.00284329417894,1.00284329417894,1.00138652949058,1.00335743604736,1.0035822619096,1.00249198100427,0.990812178010022,0.970871120777902,0.971176915434157,0.970358189326023,0.987907194769397,0.988463536695812,1.00502535270034,1.0066766714443,1.01379675466662,1.01373497405632,1.01085219469314,1.0040735938268,1.00440734313768,0.998882489588841,1.00131808922874,1.00204331970683,0.999989826990536,1.00073318487822,0.99635677892536,0.998480887996924,0.992950936133564,0.996754441228504,0.996754441228504,0.989865120875281,0.983367504040954,0.981427193981434,0.971090471727838,0.971421034667854,0.981937531393019,0.981937531393019,0.983331188482233,0.979578531686541,0.978229944077808,0.978037810045455,0.966374973720306,0.972991879448655,0.972823543939797,0.962449545424683,0.96794890179668,0.968609761147255,0.962645550603878,0.97105755804086,0.97105755804086,0.965589208629984,0.972433718963105,0.970411380115006,0.968528391651695,0.968545672568608,0.966693864391381,0.967371088853373,0.966852966622983,0.966945756924902,0.966327691005685,0.962299426474583,0.973766686437226,0.987600425526068,0.987609845917466,0.991332457857842,0.987804203262882,0.990894513576759,0.99800619119358,1.00082021550165,1.00098763369212,0.996812934354087,0.994907131984213,0.988362995777041,0.988297181868882,0.989280328360771,0.990305652816313,0.994162008961719,0.992182148631007,0.989930030215837,0.98921948898532,0.98932472656031,0.982484587594416,0.979493694006659,0.979290828082895,0.996373309601759,0.999906972079652,1.01595020305325,1.0185374504765,1.02766078846419,1.03206857104701,1.02986323887339,1.02818970036084,1.02116517306078,1.02116517306078,1.01479297902472,1.02454215547134,1.02243826726647,1.02177804879245,1.03003792734504,1.02827595386896,1.02827595386896,1.04316793529548,1.05449010732768,1.05543053368369,1.02459067398667,1.01823834412403
An7_Tr103,0.98122529235886,0.986084281358195,0.976996595301799,0.976746881047588,0.990665440726602,1.00351744104412,1.0021111706973,1.00978541276809,1.00428919952761,1.00561079752332,1.00677146291745,1.00989751903864,1.00965873751866,1.01275423779375,1.00755549509537,1.00753682708041,1.00550909396496,1.00649377046789,0.99679034376937,0.991463347160729,0.991892396945192,0.995461656290926,0.999118971221348,0.999159295000756,1.00339682704933,1.01308582977159,1.01121564872381,1.01268052799147,1.01858738175118,1.01305679749811,1.01083845641202,1.00849450441679,1.00692487411605,1.00589418212293,1.01032536920067,1.00016280917554,0.987570553824964,0.989842044893147,0.982148397688771,0.985939548463724,0.985745513866785,0.985077406122294,0.986180431201294,0.986875550145583,0.986813399817894,0.985480169463862,0.982117423861466,0.986501137198628,0.98974484010286,0.988043099601075,0.983139343814804,0.982972162026109,0.982808177663998,0.986011090207473,0.978264053418554,0.98033973717236,0.977503299792505,0.977753588931366,0.977157736780048,0.966731108371202,0.966289405131146,0.95887130423337,0.960778495907058,0.962685687580747,0.964592879254435,0.966500070928124,0.968407262601813,0.971018876797968,0.987627304692921,0.988792249483235,0.987260266783058,0.990246272619297,0.991921711124194,0.987380652030772,0.987559482045046,0.982249967552077,0.976443290059769,0.977667827538128,0.980548121373118,0.978723665909671,0.977633283994869,0.977633283994869,0.98335933817527,0.971511828899027,0.972514948688067,0.984200508507661,0.989699437884476,0.98701576711743,0.988015161468043,0.98579480989821,0.991500860865319,0.99164324596312,0.989945689058582,0.989662661005944,0.986550497909079,0.989433764000942,0.987849342694718,0.989237351376139,0.989058441263209,0.987874601704654,0.990008370986007,0.989812515849744,0.985442752871343,0.984358530351486,0.98490022790856,0.986457269267006,0.989510578305112,0.993520345299635,0.988231958500126,0.98533342530814,0.986452486399052,0.986621004710655,0.992726918746046,0.989956170935966,0.989956170935966,0.989682909191744,0.990261500215515,0.991925550234161,0.991738243365412
An7_Tr104,0.988347192460817,0.992028105878985,0.994813269800898,1.00252561272417,1.00226336824243,1.00946196274481,1.01329128555915,1.01462141865552,1.01407675152369,1.01032264166321,1.00166381909863,1.00184041990777,1.00417925828174,1.00053981947265,0.995914419935936,0.995593595239858,0.988607204039117,0.984841083229938,0.985068771540691,0.983188326578241,0.955206033006969,0.953824349393775,0.957032470963755,0.951043655531086,0.951043655531086,0.951058482168454,0.958628601499856,0.961711849300826,0.961666389152861,0.95912669548783,0.956723446360002,0.956991009759149,0.955320180238851,0.954754326936939,0.955128445851514,0.950648873642755,0.94665948974145,0.94645270831918,0.947127463918396,0.942106227117555,0.946105865304187,0.946105865304187,0.939295536043843,0.939762114117023,0.934970193983789,0.935547608792929,0.935934613007253,0.938033313333036,0.938268534621106,0.935707710268074,0.937779079740457,0.937925083527835,0.941416961134683,0.932099926262448,0.94165878439341,0.94165878439341,0.936640613386853,0.934621455649601,0.934317507481312,0.933688779702063,0.932844921458717,0.936861590122948,0.930394460090598,0.936792548437784,0.945102831438945,0.945102831438945,0.948048545826068,0.942376146439723,0.942256620967581,0.937467013125847,0.943398691287568,0.942730353746138,0.951878183483137,0.954150937911825,0.953954135465696,0.955216054601151,0.95081465261367,0.945302689363293,0.945690955485571,0.942107978995995,0.945629157508393,0.943929862307511,0.944192372146401,0.94449734742926,0.943169243571052,0.942861280051514,0.942474368881594,0.940882917841056,0.942918677002346,0.943215499137479,0.945612825658771,0.942342502211658,0.94236398458079,0.939879351832907,0.941290265463103,0.938597047256558,0.940017766837232,0.938987086497036,0.937315424848739,0.942146765389857,0.942645656609966,0.953227556223192,0.952656599130936,0.953275640627249,0.955695218834198,0.956355626604886,0.958129456421459,0.956002134928474,0.952890336582198,0.953311787181285,0.949182007935831,0.947081930846205,0.947631389325028,0.948277832643421,0.951225742090468,0.952713043606676,0.949360990792226,0.950702483722694,0.947779257065652
An7_Tr105,1.00340580346857,1.00036286476951,1.00179515748488,1.00201869798585,0.997784253985586,0.995656428941497,0.995801274626399,0.998273530072858,1.00000554509761,1.00102033783854,0.998030315007213,1.00330484389222,1.00238931593773,1.00326919940024,1.00249794950004,1.00160027984241,1.00077045342193,0.992893726400815,0.9991200223261,0.999014453596728,0.966387113219186,0.95784633234101,0.969050696714611,0.969050696714611,0.983380683139379,1.000764897981,1.00073195420762,1.01797298378574,1.01310545220893,1.01222029911951,1.00923147086429,1.00481779130562,0.998200119759186,0.998192446075074,0.995577583478423,0.992818562065952,0.99348570579344,0.995021942561804,0.989140189832024,0.983284241105575,0.980025031521605,0.986115743683366,0.983854888928881,0.982915587402235,0.974621675782264,0.972853917307422,0.978815071373401,0.979201383484276,0.977448714599061,0.977684156426515,0.976968547298456,0.971519311720155,0.978877314368056,0.975724342356702,0.97086003071027,0.964830216447523,0.969353361694115,0.979377165544113,0.978874979640008,0.980709580240033,0.980552593355234,0.980627926929713,0.984533626320162,0.981453878492509,0.977733746186717,0.987586674420091,0.990855252884066,0.990855252884066,0.999851095011086,0.998324576572392,0.998065286481683,0.995032137283618,0.992546014257388,0.992724560503698,0.988879506132404,0.992127518415321,0.988576319275298,0.988799440080435,0.985770703849701,0.986858988824281,0.989111359557954,0.992954817179528,0.987252463965881,0.989638336969223,0.991177836313228,0.997359558693224,1.00348934579723,1.00431966329019,1.00455716715017,1.00650003537753,1.00670558483523,0.995821153545154,0.999046824572719,0.99562582901896,0.995552107161045,0.996855485535278,0.993305829309334,0.992682255508538,0.998252399035164,0.996398572755424,0.994866498577877,0.998702794563226,0.998987036711509,0.995882320704589,0.994962260484691,1.00370613256713,1.00365008216245,1.00233793130913,1.00424590987446,1.0207451526008,1.02667304549861,1.02723861266422,1.02438245422369,1.02766587816331,1.02705862912882,1.02062156487019,1.01721999840245,1.01921845422697,1.01033088031949
An7_Tr106,1.02333736054988,1.02216916366083,1.01438921420341,1.0065007032374,1.00682871177018,1.00238396276962,0.998732434839223,0.993669063784823,0.996232320998014,0.99482711217552,0.996114838612257,0.997211957845655,0.99545812020229,0.99363298053081,0.992259898345301,0.992311398582391,0.994267058345048,0.989685807801481,0.989987891745844,0.98975280165856,0.962791438676026,0.962476471334002,0.954621310517999,0.966702153012883,0.964314048112686,0.938766804571015,0.962104117980525,0.973029155082316,0.974092570758269,0.972478439810279,0.970643918813651,0.968042830267817,0.962778405173106,0.96089208825363,0.961437926634746,0.964775060717355,0.965759822360158,0.969503779868186,0.969777141839391,0.965188946836044,0.958541791964303,0.959456253548798,0.956086325475498,0.956719363984273,0.954865405427067,0.955627798392209,0.932712444676495,0.932097475293447,0.933573565645649,0.939122547284785,0.941797877691559,0.940524372905254,0.939677506527991,0.936189790125391,0.93490175427155,0.936996410692377,NaN,NaN,NaN,NaN,NaN,NaN,NaN,NaN,NaN,NaN,NaN,NaN,NaN,NaN,NaN,NaN,NaN,0.852136795465363,0.87183494024694,0.87183494024694,0.880990726419101,0.900573425285154,0.904700785872847,0.901309827178499,0.90337181773464,0.90840921797831,0.908358897569828,0.912162212485617,0.918452970198001,0.918042158846815,0.916402077109473,0.924934842088851,0.91669550053578,0.917386719943501,0.917543167375085,0.925096878642342,0.930742835035341,0.908813775166355,0.927977094227419,0.930935634402003,0.944196186837431,0.947560361267132,0.9434467383845,0.94443802081762,0.912148145635335,0.882762698420454,0.853774414575942,0.825179927096431,0.86765812037154,0.867233275423557,0.891110662310529,0.904800588993339,0.933281159066272,0.934489443632885,0.94584461152139,0.944249855224008,0.944000784998253,0.943581758176803,0.938260937834402,0.940936288103906,0.940936288103906,0.939468373723832,0.94374631558095
An7_Tr107,0.921930708488381,0.950199349088843,0.95020580619361,0.993612874070754,1.00038567806,1.01303718778571,1.01236460470508,1.02368451544689,1.02682484106649,1.02717834191233,1.02149366431774,1.01617484485269,1.01628670507385,1.01289566845872,1.00494936258018,1.00034157595102,1.00085949924958,1.0040123448561,1.00356242784202,1.00416545581615,0.981507497527711,0.971244220938717,0.976893294667628,0.971048464002896,0.976799122190268,0.992234715393382,0.995505714493762,1.00313904581987,0.999588080428954,0.999457572344601,0.985141689737776,0.971084625952641,0.972191470703132,0.961343366683959,0.965861151899713,0.96466835710539,0.965485579784442,0.964459483506617,0.959552168687178,0.958977506687153,0.952560492361368,0.955672041471213,0.95661070831194,0.957325292542107,0.950249225390762,0.945393914973688,0.946208262575348,0.95107168889614,0.953867007191299,0.947628971806785,0.9483573329934,0.959635885736019,0.960191290238165,0.959372867523709,0.99700290142529,1.00444250095481,1.0029274568869,1.0065406965001,1.00938836669882,1.01052074721324,1.01051062506453,1.01189126127445,0.996661621720158,0.995433488984156,0.971724376547183,0.972456980895663,0.974021906506365,0.965681056499223,0.978501270194467,0.980119047157972,0.982155370353668,1.01851991388643,1.01586269330647,1.01713422403949,1.0077279596033,1.03523424689518,1.03565571379986,1.05402058181103,1.05417544227152,1.05432085166283,1.05432085166283,1.05941573059071,1.05126933710573,1.05131548447552,1.04455829189861,1.03548716698366,1.02477760238432,1.02477814179981,1.01537159987485,1.01729092705473,1.01765828437735,0.982712003794806,0.945040904809938,0.940086782031858,0.926408485462271,0.924241432458102,0.944692102416563,0.944185459666226,0.948406837342362,0.94805341903626,0.950172947169429,0.942393229239663,0.942830235598267,0.944420909438487,0.935170314692855,0.929599175215608,0.925952486763276,0.924916857718086,0.92125725392393,0.924521472223879,0.923996061625323,0.922125660626699,0.919337835895453,0.921934249039911,0.922048733742702,0.92650943264548,0.933682367666384,0.937736188162082,0.933136721431969
An7_Tr108,1.00562033406219,1.00185957112948,1.00174880412335,1.00267429138082,1.00174391861635,1.00249115737886,0.988627349832916,1.00112050819698,1.00187363550482,1.00728562224051,1.01516460900998,1.0159579504749,1.0159579504749,1.00771988677982,0.991976774563883,0.991391459106935,0.986834051299222,0.980507666419035,0.979444459405064,0.982862831193538,0.97268350923256,0.97141705092004,0.97141705092004,0.97666419067922,0.97267943972434,0.983519799565172,0.981401424307503,0.988543861335313,0.982630549993136,0.982076037194482,0.975321232705936,0.973965599396017,0.973965599396017,0.965769918538039,0.968871195884,0.973579452158552,0.974798450338649,0.975700625392826,0.968600695138511,0.971724481762047,0.977665812715138,0.972171225457684,0.969320188510574,0.942394864082179,0.946076259817458,0.95622405363742,0.953449648749993,0.953857030959747,0.958664913620593,0.958664913620593,0.962191847600955,0.960048817709593,0.960010997645734,0.962782460103748,0.959049794793747,0.960178058054628,0.960895772512228,0.965707282614175,0.963669176188655,0.959670027429997,0.959297626758047,0.962316071871325,0.958406690321612,0.958557475214524,0.958491925477795,0.963036842172569,0.963429615666308,0.966343546690995,0.975029970063801,0.97558802381495,0.983380360674915,0.995208319789017,1.00787713381189,1.00779862286111,1.03241268611881,1.04291499553911,1.04375292829025,1.03559028203937,1.04179030294376,1.04187331864467,1.05531983340237,1.05723220333754,1.04765270541417,1.04771297598202,1.04683894720653,1.04113061069644,1.04176328130456,1.00811297803541,0.981641366236436,1.00262069557585,1.00201662662149,1.01872506862648,1.01660724380996,1.01632450170596,1.02956922632762,1.03453175623817,1.03452633035581,1.03702648842882,1.02990828522827,1.02558581911619,1.02511454288531,1.01791274030239,1.01055334213393,1.00891565351056,0.993493666251343,0.97827033097708,0.952217754195252,0.955475875207662,0.993373554998752,0.997308066994745,0.997308066994745,1.02043764694734,1.04567306465035,1.04403772294199,1.0657356869826,1.06562092840063,1.06562092840063,1.07846294478727,1.07466261245736
An7_Tr109,NaN,NaN,NaN,NaN,NaN,NaN,NaN,NaN,NaN,NaN,NaN,NaN,NaN,NaN,NaN,NaN,NaN,NaN,NaN,NaN,NaN,NaN,NaN,NaN,NaN,NaN,NaN,NaN,NaN,NaN,NaN,NaN,NaN,NaN,NaN,NaN,NaN,NaN,NaN,NaN,NaN,NaN,NaN,NaN,NaN,NaN,NaN,NaN,NaN,NaN,NaN,NaN,NaN,NaN,NaN,NaN,NaN,NaN,NaN,NaN,NaN,NaN,NaN,NaN,NaN,NaN,NaN,NaN,NaN,NaN,NaN,NaN,NaN,NaN,NaN,NaN,NaN,NaN,NaN,NaN,NaN,NaN,NaN,NaN,NaN,NaN,NaN,NaN,NaN,NaN,NaN,NaN,NaN,NaN,NaN,NaN,NaN,NaN,NaN,NaN,NaN,NaN,NaN,NaN,NaN,NaN,NaN,NaN,NaN,NaN,NaN,NaN,NaN,NaN,NaN,NaN,NaN,NaN,NaN
An7_Tr110,0.99730740698594,0.995463173599169,0.99210214796825,0.997453922554924,0.997546906138416,0.994077644573361,1.00078889701867,1.00041506970848,1.00514555554754,1.00556744994294,1.00849436114011,1.00985361439603,1.00508879961201,1.00392068145169,1.00446236134128,0.998417966947526,0.999612189403567,0.991702148120691,0.992579703549414,0.997847985555606,0.969113038989949,0.968420878940836,0.979201414917242,0.997561840760117,0.996327906842353,1.02078508505775,1.03355499940122,1.03741815984689,1.03741815984689,1.03940256209857,1.028460190822,1.02884041280664,1.02660660986232,1.02317494028472,1.02311685889902,1.01722325573983,1.00789606440901,1.00355729201042,1.00435230931864,0.990929687269392,0.995806810620702,0.995377246785089,1.00302214456961,1.0050975723995,1.00737407066163,1.00346907504983,1.006052180855,0.999964668030956,0.999964668030956,1.01871996897915,1.03153703467374,1.03135681901515,1.02670471765207,1.02469306478501,1.06670483836529,1.06662081360734,1.08957530545655,1.08940357882601,1.0871505895207,1.06836299330744,1.04768844577888,1.03616241389688,1.03634210383783,1.01669644319743,1.01429687704954,1.013412161433,1.00426653605072,1.01161424604929,1.01161424604929,1.01046867863575,1.01732308935677,1.01818434907196,1.00545394938039,1.00713307713571,1.01022575781587,1.01042234140304,1.00424029672341,1.00760393725078,1.00466467265188,1.00489242208314,1.0050540793201,1.0050540793201,1.00322801871681,1.00683247631502,0.990335325396851,0.990335325396851,0.997724347186566,1.00295115906869,1.00255543473343,1.01058994086426,1.01962623425833,1.03023604608419,1.02963198666552,1.02803036170878,1.02380007858155,1.02535992113,1.03252425707159,NaN,NaN,NaN,NaN,NaN,NaN,NaN,NaN,NaN,NaN,NaN,NaN,NaN,NaN,NaN,NaN,NaN,1.11543969714225,1.11558218626231,1.12738189973768,1.12619445336502,1.12633004330937
An7_Tr111,0.991541111455129,1.00563667396746,1.01666021837687,1.01711451824219,1.00603907292215,1.00582815743089,0.994542552668652,0.994542552668652,1.00619115692646,1.00445827328286,1.00445827328286,1.01243540780456,0.997232275211188,0.996931902424861,0.983994950594235,0.99443986134787,0.995305628525213,0.993559148454417,0.979088264413486,0.967989119481931,0.968026091622437,0.961333914654764,0.97847031620162,0.973217547457499,0.973217547457499,0.973040296055375,0.970126831482828,0.970066939448828,0.965688909461178,0.959443365507018,0.959725375936184,0.959725375936184,0.952973054153522,0.955860746715226,0.955560886272636,0.973566273495425,0.976078588365718,0.975274548295218,0.953664948316089,0.963712802528134,0.960578769160012,0.963579498788739,0.956865246885284,0.967595578336702,0.967507787063027,0.972345811482219,0.98188790743917,0.982413115061016,0.985850035516381,0.986443967650708,0.978569971389897,0.979725029971943,0.979243312485237,0.974238395103423,0.973342247099774,0.979805546579459,0.985952489566736,0.988012500255998,0.995207626894046,0.989137097040831,0.984275597948992,0.983690538221047,0.994843602654239,0.992364901613995,0.991154017874669,0.992693312490564,1.00125450632461,1.00696519621779,1.00608849105934,0.999242593505797,0.994151920753807,0.992314920881912,0.980878740614537,0.971691178774629,0.970926581072043,0.966050718983065,0.964629835424653,0.965054048425646,0.957861933742369,0.957202009091547,0.959039063351552,0.959953177419236,0.957713379213553,0.954868723048991,0.954200088782889,0.95503672004273,0.958342662477499,0.954283030689143,0.954014044021767,0.942340486042791,0.948385068200524,0.948725707455668,0.955722176943677,0.960361166432306,0.960404770862381,0.962848726120565,0.965262896700619,0.969048631038609,0.96956984188796,0.970942846958796,0.971206265261377,0.970424011088233,0.972148896518447,0.967325516841152,0.968384768758721,0.968411040737678,0.964599917925248,0.960851474203041,0.959008392404595,0.955897216417152,0.952415825259773,0.952483442102288,0.955212454748572,0.97337040238982,0.992980374476427,0.993331335777501,0.992137031091037,0.988064250945233,0.987903762750485
An7_Tr112,1.00752238291097,1.00622853188367,1.00436086531145,1.00185760455202,1.00185760455202,1.00811474574864,1.00506651279931,0.999585932857018,0.999709743780803,0.994014951061333,0.997241183394249,0.997456320537407,1.00178273327087,0.997923232802478,0.99820307559875,1.00225128811433,0.995843121086797,0.997811658201711,0.98316851153617,0.977886446958335,0.98600651574826,0.985970050994866,1.01009115204746,1.01888444410486,1.01779003371288,1.02298765773207,1.02769312936839,1.02206528076197,1.02229157550027,1.01341498180843,1.00500560714601,1.00153778101095,0.993504873123699,0.988439245445104,0.988475086351376,0.995588013410777,0.997738785003673,0.994813609097105,0.995733503934559,0.987169043833795,0.988533681948402,0.988705816328979,0.988710919876733,0.986138698222496,0.991018070529045,0.991018070529045,0.994196065092331,0.981999049521491,0.982541997455702,0.994145206633944,0.992370601649473,0.993269762114738,0.990202791290097,0.982310704143702,0.984500530054096,0.985971423984463,0.986401218824866,0.982425352689625,0.982425352689625,0.982114016776753,0.977289231700932,0.97688069351405,0.975341149499567,0.97365923831898,0.97391845410062,0.974173683907148,0.971769953298371,0.972143216380939,0.974077188345906,0.979551123104131,0.976490195930692,0.9768288671008,0.978034053101397,0.980379691295187,0.979882747457587,0.977812142577159,0.98109545382548,0.982599944124745,0.982599944124745,0.980893538052226,0.980162302033333,0.978962656359855,0.97926293286956,0.982234776607888,0.979928112292823,0.980656673345968,0.9802162187044,0.982819373413496,0.982739724714887,0.98152805805297,0.98206771334317,0.98231607347262,0.982005612297673,0.977514849142195,0.966716090620799,0.966645456626844,0.970162593559739,0.987418053300113,0.987250266651196,0.998620632378716,1.00780123209259,1.01221519496696,1.01204310029711,1.00916174432617,1.00666761826646,1.00994643364016,1.00509559596863,1.00308627191872,1.00244510702066,1.00244510702066,1.0024767064907,1.00104972449578,1.00104972449578,0.9974734487132,0.99989936185506,0.998718812399329,0.996643819898617,0.985102569619756,1.0100497021852
An7_Tr113,0.99986802886917,0.999056725117911,1.00348851064385,1.00316481824052,1.00617629050075,1.00500419951594,1.00479480907124,0.986280668465432,0.974727363286007,0.979366777751351,0.976291300625821,0.960059661620071,0.99971479421989,0.998877674604389,1.01760469646459,1.0239792518586,1.01927460076546,1.02234004056867,1.01992978781033,1.01541877293311,1.015943183271,0.99463876185306,1.0002639381798,0.999374857756955,1.00634043857529,1.00481756422367,0.997166024679083,1.00950213228608,0.995820332579795,0.994134752232826,0.992568310521378,0.990764395555996,0.980815074390035,0.981144353782959,0.988780420378099,0.990747573554464,0.989455838146813,0.989455838146813,0.990837728022493,0.986754474333639,0.986754474333639,0.972810017507885,0.883827802529812,0.896415075321164,0.898189670163127,0.91760640033241,0.930985957220623,0.923796073524509,0.924612860374295,0.924809358759306,0.92402902975728,0.888803395673156,0.932319613733998,0.962591660343407,0.964172412883145,0.953925953976328,0.976385330222987,0.976996521329132,0.982916010908299,0.980437633071013,0.979600966574578,0.977208264808383,0.972379233000711,0.96771896023234,0.969066167609168,0.967332090652834,0.964362888996935,0.964362888996935,0.9615491144662,0.965804405445772,0.965372100180474,0.966045630221231,0.962491466771161,0.96197115743057,0.96197115743057,0.894048798536567,0.904079977522766,0.900199325670487,0.899009029721974,0.855817357831383,0.866252939059675,0.866940643845897,0.883212566113829,0.890244874961433,0.890089132264936,0.890512461669476,0.892592701196298,0.894329090612268,0.894898540607474,0.899319496773562,0.893921210741291,0.893228348113411,0.87988928237531,0.86718992776762,0.867118526654483,0.875037607158224,0.873339945521912,0.872654182434897,0.867500942275193,0.867897400101149,0.86479464998576,0.864781774499118,0.86163168478569,0.866127346000938,0.865275272858492,0.867525018599805,0.873015021202453,0.884262928637902,0.884307506831045,0.880738435275572,0.879270928336095,0.879863966072577,0.874131760265619,0.86844388593052,0.870625504945788,0.873863917217111,0.872540260324575,0.869736451668299,0.869736451668299
An7_Tr114,1.00220933179042,1.00195812520002,1.00896553546942,1.0077008166712,1.00174615621481,1.00193491544857,0.995322528834496,0.99440002786859,0.997366761929917,1.00060839200171,0.997200140502705,1.00213532016148,1.00214189988015,0.994778605160138,1.00231192440206,1.00205313299258,0.998224225924196,0.993782678711937,0.995159480835588,0.99815273056592,0.984778871695717,0.979328938082735,0.973729350585097,0.930503988223412,0.910660647460328,0.911530282285534,0.9196677253542,0.915695915206306,0.92205501850431,0.922055003256733,0.913102038498349,0.912823160435591,0.912823160435591,0.916775529907334,0.904680202417464,0.9047875623987,0.898822475993171,0.902600140182326,0.923405178341067,0.922967337357271,0.926138184774319,0.923321025453672,0.923475785780243,0.922841402501507,0.921050738674895,0.921045726439016,0.904356049415176,0.890892932818434,0.898416568614245,0.895008733201889,0.890411403929146,0.891472205742787,0.891472205742787,0.900100326961484,0.913923717113862,0.915730240887264,0.915730240887264,0.915981541971589,0.913699434630147,0.913699434630147,0.91690529159493,0.914491488417074,0.914716020080044,0.910755551120214,0.91846116255216,0.919435823181484,0.919562190096662,0.914375782269056,0.917291838612955,0.919271646234013,0.917940784949711,0.924571836945438,0.925340350312986,0.934898612623601,0.938539579405948,0.942543622333438,0.93898370361216,0.93178102344523,0.931974488345136,0.933093808713952,0.920864176381333,0.926238379880927,0.92544289231176,0.92544289231176,0.921824874492808,0.915341001104599,0.91600724208633,0.913160339254052,0.915853394875449,0.916960205471176,0.911452169898354,0.915487850903601,0.913172838770366,0.912341638388272,0.908524381952584,0.903512732304906,0.903876103161084,0.909634286808243,0.911045594962423,0.910411723678868,0.91016606258004,0.913722757671376,0.912835434936612,0.913108236722734,0.927110751136729,0.927561624331321,0.929432952931878,0.934391557335,0.936690716226161,0.936690716226161,0.943205436153669,0.936165985298308,0.928661780714704,0.928601174727099,0.928045683364996,0.925260390509588,0.926943538731679,0.923396010018898,0.929583672115329
An7_Tr115,0.99828049908779,0.99545207127521,0.995454196526075,0.994869795265616,0.986171811543034,0.986454839871296,0.985852908034024,0.987332211187478,0.987194592514812,0.991732174099868,1.00102057288974,1.00390444670552,1.01327843993355,1.00967704394632,1.0125222342776,1.01326919441692,1.01582291537101,1.01054389726159,1.01116615579255,1.01476507954803,1.00015417840174,0.986120708851406,0.983658071373071,0.995330388281886,0.982943553206222,0.979058002256038,0.966435621001682,0.969437938044012,0.972428853500976,0.97348617369108,0.965812433459567,0.952788588777526,0.94986851141711,0.949133380109064,0.947360895621084,0.947360895621084,0.945025773043993,0.948614840488291,0.941167869405802,0.940877066999831,0.93730385051081,0.938736277328987,0.938017230976466,0.939427524439027,0.940908126431815,0.939368968542914,0.940847001451325,0.938993344758218,0.935099628741912,0.923955467018559,0.901451355737156,0.893422239321099,0.893300240496113,0.882571231188645,0.915440052821378,0.937135236780679,0.936899766164936,0.941431587497559,0.936293764213329,0.940234362859764,0.940811647164379,0.94112153933111,0.942898115629759,0.941792336620916,0.93438968619167,0.937229379921556,0.937717109440022,0.932650412043504,0.932879015854924,0.933495709392744,0.934083777303115,0.925678767629271,0.925786434639315,0.92749242861313,0.939352604259942,0.946480100253103,0.946720422361761,0.933201744414702,0.956823995687305,0.960698276900147,0.966796734382963,0.965673732134051,0.964931468874097,0.957387893806617,0.946286091850043,0.942547868286829,0.942116890635397,0.942057347338403,0.93788321906396,0.93944758343161,0.939996036746633,0.938553110228286,0.936679882271889,0.936833879468315,0.93400238834247,0.931828660494497,0.932330515110029,0.936453238319374,0.934508810023031,0.935150714454467,0.934802358155819,0.934895164247456,0.94656972498608,0.946028505447061,0.915215592732919,0.9453423269549,0.9441859231463,0.965317992230764,0.975186215207036,0.979720577126732,0.993947528378133,0.996095610685604,0.990197360425844,0.990197360425844,0.982059059613975,0.983129751214366,0.983129751214366,0.983776005592777,0.984789366488098
An7_Tr116,0.992894064080938,0.992708880538111,0.999850967972066,0.997527737732069,0.99549814058085,1.00080952062747,0.994511473095098,0.999857361603404,1.00022322179485,1.00113413194728,1.00074328728817,1.00025197050179,1.00040189017912,1.00427994534397,1.00378789741451,1.00435541557671,1.00176740525818,1.00469834423271,1.00469834423271,1.001174641955,0.996583740473903,0.997613704628778,1.01647295000133,1.02160056842757,1.02258303259841,1.02277140946754,1.03793531170278,1.04180246090833,1.04117804965022,1.02957266550691,1.02356048838287,1.02356048838287,1.01558598461967,1.01126721383185,1.00376652824799,1.00394463962215,1.00360044808805,1.00369585212755,1.00274391638,1.00358924166727,0.998504692007947,0.997858955877213,0.996610160437833,1.00101611642836,1.00439367512387,1.00214012268694,1.00030856880766,0.996997795877824,0.996997795877824,0.997007667677601,0.996316376724502,0.99498953851878,0.989719618805092,0.972304466351014,0.954889313896937,0.952617191253812,0.977406540674412,0.983705724185583,0.985147339007665,0.980843436138313,0.983546801214955,0.999290111878377,0.999316176634424,0.999312938866523,0.992765834464899,0.991487631937255,0.994776579205218,0.989279844857263,0.992780217155901,0.992798951236884,0.987727339756553,0.987073881331091,0.98695268851095,0.986606098707839,0.992328071688958,0.994830042235359,0.997286739111693,0.991308962425417,0.990669828745696,0.995601418934642,0.995350848617331,0.9903438546525,0.989883700484752,0.987152530579219,0.991509369949102,0.991207012866928,0.9863107159873,0.979286766382716,0.994114223578209,0.994114223578209,0.999350220689232,0.978194420307479,0.97892920726104,0.964170080563729,0.979082283037889,0.981308091678795,1.00437088398967,1.02029343865845,1.02012562207732,1.02031827829967,1.01645046343975,1.00906958448567,1.00906958448567,1.00427783936776,1.00316285832675,1.0064452604301,1.00426464051567,1.00684080885968,1.00987491273707,1.00997219011183,1.00214905854896,1.00111668455535,1.0005683163389,0.995788100449229,0.993672734673865,0.993640893707375,0.987895332123645,0.988326329689381,0.992140218032351
An7_Tr117,1.01403809296704,1.01246077842614,1.01280738700564,0.999236711679499,0.997014391353928,0.999197496619217,1.00006965697931,0.99890854941664,0.99890854941664,0.994508746746199,0.993468758643781,0.98784812222904,0.998226333010337,0.99459398778728,0.993741086606145,0.993659373207414,0.998091800920926,1.0068006541786,1.00641952280624,1.00418743126673,0.9979055926618,0.995718623641004,0.99621246354705,1.01235373413748,1.03277682490754,1.03254392538758,1.05329995566611,1.05689500691828,1.06774221216812,1.06753747708713,1.05929086755538,1.05759529277415,1.05364820764479,1.04829961303915,1.04414298560238,1.03863949787324,1.03863949787324,1.03720893889891,1.01749821103548,1.0153277358291,0.996600417588649,1.00726750590566,1.00741709655043,1.0109697414874,1.00497778806938,1.00490372047894,1.00086008437896,0.998577332049224,0.993378411425917,0.99100456300719,0.997793773657204,0.994522391462706,0.988476424808355,0.991575009494076,0.99479421307785,0.990641941341407,0.991889200581901,0.973253721674757,0.940110697540554,0.938667069190384,0.909095544809838,0.870160703744726,0.871848509097888,0.905962321147154,0.931790170094552,0.968747300283236,0.968747300283236,0.991903313813734,0.990473390889461,0.996157411711313,0.987916024732097,0.977818384934003,0.976477582611572,0.976039256926415,0.971112414072065,0.970357704019452,0.969960708099298,0.974926408998544,0.967821953918923,0.971516600726717,0.971752103055972,0.968766082993336,0.968429464369443,0.96681345649227,0.972576038608414,0.974885654018769,0.975683959142208,0.978462346247535,0.986307265821394,0.984515699697943,0.985858476347271,0.973120986439915,0.959513217867874,0.95868188726637,0.96369464048268,0.967760153335539,0.968164253039046,0.963086086968473,0.958795490423731,0.956576484798142,0.956575722749275,0.962204366188567,0.95846828134364,0.953560875297558,0.954408667816927,0.959440670721335,0.959440670721335,0.95837551208786,0.955415449483376,0.954782759651625,0.955864889873561,0.956314226680549,0.950985023134928,0.950985023134928,0.962177963298608,0.961938927592972,0.961471283290491,0.963650264117924,0.96657141811233
An7_Tr118,0.978360345843679,0.978401445651915,0.977435827597827,0.97994783760991,0.980767244594349,0.998371842404997,1.00624368599614,1.02054654589004,1.02098473357376,1.01514256752861,1.01152677764345,1.01217510268175,1.00276656990029,1.00237775731189,1.0038300818972,1.00373300640137,0.994512200832177,1.00643821332032,1.00643821332032,1.00030997635232,0.992820316481674,0.992975670416868,1.01015891484194,1.01073672361319,1.0305469513608,1.03005582805491,1.05381326875176,1.06095561714486,1.06098941748101,1.06364414949939,1.05398137079237,1.05398137079237,1.05037541734067,1.04066448349562,1.0383347406169,1.04098560165189,1.04065362716401,1.03992262449888,1.04885502275686,1.04259319052622,1.0383899242556,1.02575038585543,1.02589274908,1.01956469138458,1.01370922759434,1.01209398299068,1.00699448899202,1.00373723769213,1.00373723769213,0.994972928905077,0.992092704249257,0.991425179715039,0.99413812932224,0.998078267544517,0.996344167039792,0.99644657965356,0.999348326599646,0.995738213966777,0.995525769066977,1.00035175916488,0.997438743690896,1.00183307124418,1.00054559557586,1.01387890231368,1.01581961861758,1.016049581477,1.00926100716304,0.997062865969885,1.0075129357348,1.00787685955841,0.997995839132216,1.00111886566978,1.00101977000136,1.0075680510692,1.00685386221578,1.00744978504604,1.00585440941275,1.00855866582058,1.00014744023353,1.00014744023353,1.00296421896734,1.0010043367501,1.0006797455894,1.00234092528447,0.99902969167121,0.999762603776337,1.00370307170814,1.00291750432014,1.00718231494132,1.00718231494132,1.01411128447796,1.01475147709041,1.01363484488346,1.01360617462405,1.01316817706555,1.01377812428166,1.00076355706065,0.996195998333199,0.998263875383325,0.998278832355844,1.0001996773848,0.993142365295183,0.992335227003934,0.994344903216814,0.995515364308787,0.989485114860538,0.989311951382625,0.989833210042169,0.991310263998149,0.990259639943075,0.985550263634939,0.999940401250943,1.00359628070255,1.00974666987801,1.0146070433975,1.01483428693724,1.01568674642256,1.01136067346668,1.00546109620094
An7_Tr119,0.968302853849743,0.970736867150423,0.967626008160343,0.964308049746421,0.966947153038738,0.963142139888948,0.976098023096345,1.00440098491174,1.00647973212427,1.02129949204641,1.02427984507431,1.02595650903659,1.03276787385786,1.02262182276744,1.02166007657979,1.01921133941289,1.01485285710597,1.01504557168412,1.01426280046764,1.01592782328849,0.99558515388352,0.991044846876653,0.992491202323081,1.0000167386391,1.00735040442623,1.00820417011712,1.01611279108499,1.01345634085229,1.00979017775502,1.00917572210285,0.99987240331418,0.971732512271346,0.968320417934981,0.982414722913045,0.988449827183767,0.989570822171171,0.984418589360904,0.981915229865966,0.975132804521812,0.976091182849962,0.971372339455178,0.969472120105965,0.970795542637183,0.969118876420467,0.969574028101111,0.972412737306644,0.964799672721266,0.973294611875805,0.974378423031948,0.973106070829252,0.982774371552637,0.980384695950214,0.987317135810402,0.981462170692743,0.980077604690797,0.978865951531404,0.975567649521876,0.973835350981912,0.973530115150814,0.974758807148986,0.978095213674194,0.977082617139128,0.977904037005848,0.97296972307403,0.967773239273564,0.969885496246898,0.969885496246898,0.971569798166685,0.968232752633749,0.968614410087426,0.972065989258806,0.977941698090778,0.976743948882853,0.985689668067758,0.979065271698105,0.980927638541576,0.980902513124836,0.991652014450022,0.986948730965903,0.988337143710737,0.98178213020493,0.977580435123601,0.974691909215266,0.97460268681236,0.978105883078685,0.981692301986322,0.97972727412557,0.980541502404928,0.981508787061621,0.987902969117902,0.979944471927975,0.980945751113875,0.983787748341794,0.983262472570854,0.986181197274014,0.996975895428473,0.996607113852997,0.997320869642137,0.994533651269863,0.993416374117179,0.992084227537763,1.00024199575986,1.00004400782639,1.00069029810962,0.99199776789059,0.991001705642384,0.991627377956678,0.993414259025122,0.994867508741258,0.994004690193835,0.988990600918578,0.980330738713486,0.990600050145021,0.990679046884304,0.997343143972803,0.990237360786845,0.98616237458549,0.999410969376471,1.00881087280237
An7_Tr120,0.985897881781908,0.991486857506703,0.988863840414687,0.988530492552868,0.99230409489103,0.985973319702051,0.987739355911518,0.991761428430852,0.990090981504568,0.982374665463532,0.981823229221977,0.982152157952118,0.993317129267484,0.991232515632291,0.992711202706096,1.01671220100132,1.04790578159983,1.04790578159983,1.06121708285935,1.07051503824665,1.07098520728105,1.08169093304759,1.07749038044172,1.08058249894867,1.06415641467395,1.06435379847372,1.06947626739947,1.06947626739947,1.05822657764262,1.05356185448272,1.05356185448272,1.04842084701876,1.04869085399449,1.03966414265527,1.04046454359521,1.03580225587922,1.03413524314899,1.03360454199149,1.03458195867548,1.02811548904899,1.02819807526695,1.00366352483675,1.01639489179242,1.01875290420131,1.0243917242568,1.02855167423119,1.03324410154326,1.03324410154326,1.02685242299227,1.01581214873966,1.01581214873966,1.01063991615798,1.01283054339121,1.00859721378342,1.00828799820403,1.00760932285352,1.0162342471638,1.01566218768207,1.01644961704231,1.01327820003976,1.01430189601989,1.01424885035237,1.01357512594702,1.01254697690527,1.01248280417102,1.01194026485768,1.01705625207472,1.01779931252467,1.0204042726052,1.00810057047751,0.998975468327858,0.998051146461786,1.00855632483662,1.00357136793942,1.00231020977519,1.00803381104113,1.02673710730741,1.02720245199719,1.03578837505115,1.02893427991023,1.02609885460906,1.02661183793977,1.03329708275873,1.03514441628896,1.03743971122027,1.03188584910886,1.03121939908202,1.03078093946125,1.03105040832635,1.02977255936599,1.02453826109801,1.02430636300186,1.019785677624,1.02030852348742,1.02331341933251,1.01993724297525,1.02368490693596,1.02174274846383,1.02202375447883,1.0174738645255,1.01684130658052,1.01592828999902,1.01861180110844,1.01840470023706,1.02258130718376,1.0224646716819,1.01892756598151,1.02157061540389,1.02059057809124,1.01728608384288,1.0151910993342,1.01724572239028,0.997931513404739,1.00987216004704,1.01469041593638,1.02799505226998,1.0146784006956,1.0391709733438,1.03550787328053
An8_Tr81,0.850865198354331,0.858568761921128,0.854840736238134,0.859712766044396,0.873833775206543,0.873508753727338,0.849956043961365,0.913643391068484,0.916261224940993,1.0087288782179,1.07589222815435,1.10681995841595,1.10429988527478,1.13644531146595,1.14648596685603,1.14692231812176,1.14389991516223,1.13917279778116,1.14014208908717,1.12483120943911,1.12293459861371,1.1127067855597,1.1125291016554,1.11099966988794,1.11373465651722,1.11277920356952,1.10236238930658,0.978464417991463,0.979292149017366,0.719775324265515,0.57164233022508,0.55472834019823,0.554147391813154,0.565912206350175,0.572865948720008,0.572862479188491,0.535268083681681,0.499509396988027,0.515872728842887,0.51568079885834,0.525143088254516,0.529577920659268,0.527529173259314,0.530223160834254,0.527905576221341,0.534913593350332,0.534913593350332,0.531541634673474,0.529061560790341,0.527842508866847,0.557219227775149,0.601225461394985,0.60028575756232,0.648523553086799,0.690301302474013,0.698969039331389,0.712336680273978,0.664566868356392,0.693964481996325,0.693724978175365,0.680169244946731,0.674013475726948,0.671952370418948,0.661214146866283,0.644144510763522,0.63272980682323,0.62876777623394,0.613385524865248,0.601509683381379,0.604394866093995,0.605401171121598,0.604117612593857,0.598089306194381,0.594846619907286,0.593403405956807,0.585099707179785,0.585099707179785,0.591288605184707,0.594856073081662,0.595211478368429,0.596085951390811,0.604502468051758,0.577910829931467,0.575217877645609,0.511626368648563,0.485972370144767,0.483911742115191,0.585688216211575,0.620254399424866,0.620254399424866,0.645355791548091,0.663490821657691,0.679666579446743,0.679666686238599,0.683105644444863,0.694032829690889,0.693943649042878,0.693844064437311,0.692024968202996,0.690825603148439,0.691990837710316,0.6965856482859,0.693201703504297,0.692201004941689,0.699841167742082,0.714877361218356,0.710648856298124,0.715919505455554,0.723196572134433,0.726472051542216,0.739008982349611,0.742617894674241,0.746923407257173,0.745897948152085,0.742801175036596,0.745310888255411,0.742809027280419,0.736115837590359,0.736702614523825
An8_Tr82,0.984831497759127,0.983188824638975,1.00445700358219,1.02138078275959,1.01547109744728,1.02131014754112,1.01392748875984,1.00438176049708,1.00398574970457,0.994899519424405,0.990251035081804,0.987997709476282,0.979741681235096,0.990567612626523,0.990567612626523,0.997507590764602,1.00646865129899,1.00453211738799,1.00453211738799,1.01511019535506,1.01807966626503,1.01755459658061,1.01921772383784,1.02406335846517,1.02288779625274,1.02351386195311,1.02349323926203,0.921757775347538,0.921757775347538,0.946106555162934,0.908103613680023,0.906155648768336,0.899291806249191,0.934834794986485,0.935913071991266,0.94722872251723,0.864454357342569,0.839692825626307,0.84057222836718,0.840840190477358,0.822828146111575,0.823133548200962,0.753733866094607,0.729970536035913,0.7224128932657,0.72101576574016,0.716834621003898,0.707520052723955,0.71036110906171,0.700626860296812,0.679349841312112,0.66720557296404,0.670947894654275,0.66644324030913,0.662490484372383,0.665653179079682,0.664502766782349,0.664007211249422,0.664007211249422,0.681367326593634,0.712180657099004,0.712180657099004,0.676784690734221,0.651004804625997,0.667151759348404,0.659101999649407,0.732285886810701,0.769502586576529,0.768948190731739,0.813283285507157,0.833893385630009,0.849872071425247,0.849666035194391,0.863429726279037,0.857064808862361,0.856775336600396,0.843329015704045,0.824749174030635,0.824512344928898,0.81731868897429,0.811913673493996,0.802299031788067,0.804297591413775,0.803108273677125,0.792372619862799,0.792372619862799,0.789173126810165,0.792081629239178,0.798076263854863,0.798076263854863,0.812697963672846,0.808226642173077,0.807561053290964,0.7544626448338,0.60489513385037,0.604273222245876,0.456107107421453,0.444370733350966,0.467496576461661,0.466115513501428,0.458387612184564,0.46080005825263,0.460170175468464,0.47601236711295,0.47653602222066,0.476372532680519,0.482726792764994,0.48634502309339,0.481051404099449,0.481051404099449,0.487870067049938,0.493345262537083,0.493649202551687,0.497058048216133,0.493481673203496,0.499805225059022,0.499425854337555,0.501902908309511,0.502332938731606
An8_Tr83,0.960998447771432,0.947936990749199,0.952964794542283,0.942460955092121,0.942460955092121,0.945435776583992,0.956252504246931,0.957372241005164,0.952979907797518,0.958917264817675,0.958917264817675,0.967760518161334,0.984701847819167,1.00181120219657,0.993402303526883,1.05302133347741,1.16751938300794,1.16751938300794,1.18756692628664,1.20512807779986,1.25257394784912,1.2518022575875,1.31247586918381,1.59310059241174,1.59398762173523,1.68350181257575,1.79436191798541,2.05434072972248,2.05344145044523,2.29686649913138,2.51682686253931,2.52625811773423,2.60833658269513,2.665034826966,2.665034826966,2.67266978958847,2.66801709832059,2.6647633042862,2.59914585125978,2.52144282339992,2.46003110217385,2.46032531419138,2.41143270974213,2.37848198371604,2.37587827532942,2.36142581283138,2.33300029626329,2.31394679334869,2.31593168995612,2.27338504751685,2.14613926273505,2.14523426281404,2.06939762050313,2.04289676909905,1.74848068830971,1.74734542289305,1.68634777717998,1.76036455780144,1.75690560339011,1.69801990363044,1.78110723735908,1.76992828597053,1.81104245324782,1.77545921714064,1.76492561110665,1.76409067317624,1.7658333329869,1.74855884542974,1.74744099696866,1.74951678706876,1.71767395093611,1.71767395093611,1.70345857557729,1.67628879337347,1.69153216833268,1.68928502415399,1.68258560172178,1.68042013116134,1.67777773396108,1.67757435401354,1.67294004165754,1.66369119836854,1.66812226540244,1.67326340608657,1.67999952237672,1.67999952237672,1.68813535901993,1.71462013349653,1.71506090209418,1.76099990578952,1.83125536051731,1.95222745115432,1.95222745115432,1.99942689949198,2.04218788031038,2.04218788031038,2.03961736984782,2.03649092829018,2.03375530023125,2.01991267599685,2.01088675086735,1.99662396259051,1.99757830867561,1.99195179812159,1.9841387803198,1.98262119234424,1.97263254237277,1.96626977226122,1.96336385083587,1.96713365399464,1.98025373339789,2.02546007006361,2.02546007006361,2.05366314624222,2.05380270654933,2.0561310720504,2.05241833650321,2.04281824819767,2.06185614533649
An8_Tr84,0.992104664090165,0.990793372263215,0.990905561871608,0.998847119383803,1.00374846944769,1.00014254905119,1.00316180368571,1.01294583359995,1.00302714393416,1.00793908189,1.00710944240598,1.00219243145211,1.00020363518824,0.983423788481433,0.981479392672205,0.991928923702014,0.998227970691596,1.01154760064612,1.02027121554283,1.02151428507166,1.02151858907327,1.02087967866663,1.02686758934079,1.02686758934079,1.02905114949238,1.025338716602,1.02463314036335,0.999917155353219,0.928042023438122,0.928225626372963,0.832097244417453,0.833766342694121,0.833766342694121,0.834661152730379,0.839653313554361,0.840063681123905,0.840184279398617,0.834079242167322,0.831491793328129,0.831290072429383,0.824506809347859,0.82153319595809,0.813710952706211,0.816451873511228,0.814436948875909,0.803044900408429,0.803008289062735,0.776047665244406,0.79128454790093,0.813114035930932,0.813286547231984,NaN,NaN,NaN,NaN,NaN,NaN,NaN,NaN,NaN,NaN,1.01387345174174,1.04474641010014,1.04577691830674,1.09662897809584,1.14580572522372,1.14576275306542,NaN,NaN,NaN,NaN,NaN,NaN,NaN,NaN,NaN,NaN,NaN,NaN,NaN,NaN,0.632268924280353,0.686615919359942,0.68607638028839,0.735602691672049,0.784042606289408,0.801543280176008,0.806428146124362,0.810222185738756,0.808894523005984,0.8085524475076,0.800148806494766,0.799179483507735,0.799179483507735,0.805503246641235,0.811391247927523,0.810863258321187,0.810863258321187,0.806692916378888,0.813597851345374,0.812811782347449,0.812948741588748,0.820455578086351,0.820247344866144,0.825315380821654,0.824272718186048,0.823752074087966,0.823867475299661,0.820348990337415,0.826121500034545,0.822294615731363,0.817164097598592,0.82477414703593,NaN,NaN,NaN,NaN,NaN,NaN
An8_Tr85,0.995470783944126,0.996243452559556,0.993885074642004,0.995180108711957,0.989860314946659,0.987987801966408,0.992490768509227,0.989915707770692,0.984895951549569,0.987533950586847,0.98741552384387,0.995869929726925,1.0062860001324,1.00937644741826,1.01203086619045,1.01203046931108,1.02049641648727,1.0219661303587,1.021064301344,1.03155325394365,1.06154933406918,1.06155472153505,1.09661729910642,1.08194735424448,1.08254110113186,1.01280686746449,1.05288441765164,1.05279344004958,1.12792572319583,1.12566445384767,1.15954178471222,1.16447499544422,1.19323219537334,1.2115670402857,1.2115670402857,1.21533303044707,1.20653417206025,1.20705466651071,1.18754964077312,1.16479427950856,1.14735648460913,1.14724154354346,1.13879373964712,1.1312034289853,1.12106125507851,1.11912335846847,1.10583389092066,1.1098287295032,1.08282202738134,1.04217474100035,1.01528491067489,1.01528491067489,1.05484357020648,1.07387944228003,1.07625595839741,1.078227904605,1.09469510842457,1.11101410789156,1.11440513746986,1.11387942528783,1.10914458827749,1.10794919404328,1.10208982472017,1.09863862631549,1.09505877884537,1.09719463116114,1.09358763919348,1.09232571820292,1.09161251915113,1.08647725496638,1.08830748342186,1.08830748342186,1.08722004821702,1.08400075524498,1.08126858491782,1.08385904029793,1.08118993954469,1.07255852399699,1.0727541782668,1.0706716871773,1.09632640860965,1.09069752802519,1.1295909944704,1.14232932959239,1.15100522805805,1.15100522805805,1.1340251275509,1.1195735599015,1.11994137496086,1.11839831572331,1.10818785385963,1.10925204327697,1.11349132203955,1.1044933751274,1.10713614103753,1.10478766580631,1.10803903115344,1.0780323665866,1.07944504041345,1.05111437514373,0.994083338315964,1.00192044798903,1.00192044798903,0.986686207658379,1.03719424299498,1.03714434191917,1.03993521887137,1.05171950882954,1.0539125230922,1.06121038677872,1.05562657265126,1.0570938352219,1.05629176482547,1.03686154171832,1.03456731300093,1.03377518925822,1.03096701188805,1.02373081559118,1.02027059020846
An8_Tr86,1.01491222377188,1.00532673116947,0.996884029559079,0.996033943509664,0.998007853466909,0.997286454676236,1.00169328303781,1.00118367492896,0.99767776053878,0.99953344484707,0.993607930265691,0.997733523377127,1.00223216268983,1.001767190308,0.998016542830093,1.0001695397782,0.999768288613422,0.999673965494702,0.998491457137065,0.996607321373651,0.990204246291125,0.987791198380078,0.982613274052995,0.982782709121341,0.977781129368797,0.97170197962134,0.972070903783833,0.970052147336326,0.925843103930404,0.967246137101966,0.964291722668505,1.01199061762221,1.04379800215612,1.04524232346183,1.05188829034322,1.0410019289176,1.03909681838597,1.0354059880095,1.02830887228796,1.01802488457267,1.01426998987212,1.00661597675822,1.00471313353672,1.00394300744792,1.0025208362421,1.00191436016373,1.00142105287434,0.990757238076675,0.969459744101852,0.950945760848585,0.950378257314506,0.947233884643717,0.910651883661276,0.911017634040465,0.919720098188411,0.913562187161916,0.928775241394014,0.926389574033228,0.937889971779494,0.948304821941054,0.948395439516447,0.961440830564239,0.964019070550388,0.964426139234388,0.961933640756811,0.950500378032658,0.954819837270199,0.954203115131211,0.944142684230572,0.950477752921399,0.950477752921399,0.948724571086771,0.951383785026209,0.951383785026209,0.951546279028043,0.954403081493053,0.955712793388844,0.955712793388844,0.9531219839206,0.948758688735169,0.949006346620307,0.949459822866016,0.941570038483202,0.954037522793045,0.954431953106932,0.950866725581676,0.956563485081935,0.956457616418034,0.968218862747177,0.971742097688023,0.97022829549091,0.968178848674444,0.957449997064228,0.953744520913917,0.953822526673438,0.954450279118888,0.962147431160665,0.959421462351945,0.970607204468175,0.985763503015159,0.984485567836717,0.9842924820365,0.984472632030475,1.00560992845133,1.00444104055125,1.04187457298692,1.06640175456973,1.0645821286705,1.08230867452834,1.0112740674975,0.984401981832733,0.988510720252146,0.966885791159913,1.0412105509663,1.04174798574691,1.02050560977875,1.06596678997616,1.06550869582145,1.12336787778698
An8_Tr87,0.890970241207524,0.902708088062639,0.949691054319206,0.950612369581963,0.985349042392236,1.04316815482106,1.05009217935846,1.05091670928906,1.05501360837036,1.04559996806521,1.0464767660033,1.02389093696356,1.00695379232279,1.00872788189552,1.00354789437078,1.00299665115544,0.996412493819041,0.995275571163636,0.991596596838213,0.995248881501146,0.995248881501146,0.994161068015353,0.988520411667377,0.991071720369352,0.981634689208264,0.984472169685863,0.967986865707179,0.968614902328497,0.905874369464546,0.934398495613452,0.935325122916682,0.973502562277141,0.996807766433886,0.99187126509333,0.990637848165928,0.932224473773469,0.903208277269166,0.904578282428521,0.92172615604674,0.925886326098049,0.925630505623776,0.923223783088994,0.918747245648295,0.91940305788413,0.916935150950359,0.916458779646672,0.917142375706818,0.925873510579445,0.919006457156767,0.919566129109709,0.919985309772042,0.915525222071614,0.913460845723299,0.877645433845665,0.877645433845665,0.861788263585271,0.886784694597617,0.886010342827863,0.921959665507407,0.943062794205428,0.943097270039538,0.937954774817856,0.938896769069119,0.933633334546021,0.933633334546021,0.926382785569771,0.930795323611241,0.930049659760234,0.921062454264054,0.912030785648125,0.903198235841778,0.902800583201857,0.906067050856201,0.902907534905286,0.905224907605475,0.908380657575033,0.905503047308728,0.905481042697717,0.905481042697717,0.907251243241792,0.911073964279954,0.911073964279954,0.910104838499466,0.920180844116691,0.920393438709594,0.935992063197529,0.945645463250139,0.947979799107458,0.95130694372152,0.953872905262348,0.95617965265635,0.955223655447152,0.971092743081625,0.983059338270328,0.982182205416181,0.992088973692986,0.98624665192564,0.97288353371978,0.972915688766263,0.968301675180297,0.959422306599735,0.959840285765719,0.944841371222857,0.939411822375935,0.924852637382343,0.926676688171293,0.934461102751093,0.650643146531838,0.650639076734547,0.628687464053814,0.56426026596366,0.562014381302799,0.548104606984143,0.624758914933913,0.684522381622477,0.685121510904223,0.751507717963687,0.799474359234706,0.799468678611009
An8_Tr88,0.900047762999033,0.921893112152218,0.921893112152218,0.924379882635023,0.924355208275438,0.919749809191934,0.919702163168979,0.916291875641211,0.92391323515069,0.92252651655313,0.941617408733439,0.950087090469503,1.00166857577704,1.00367642208563,1.09735627749918,1.16602487648771,1.16602487648771,1.21509684836882,1.26369494617107,1.26423067971395,1.22556090832269,1.22772021619451,1.22807490535075,1.24031399439545,1.10409176761401,0.944445023694789,0.945198971966841,0.933699376995423,0.929357668820724,0.930175895144274,0.927377073392154,0.904048240503274,0.899691930087643,0.897897537028193,0.892108185071538,0.881905465480595,0.882675897246758,0.876014833245394,0.869595586312598,0.86970920859812,0.85721762051923,0.851781770466309,0.858009223460141,0.858722650474862,0.858358701696932,0.856765511810742,0.858721826018644,0.86849204869391,0.835017121194097,0.802413705727118,0.802413705727118,0.854188919599995,0.88581907951738,0.882237468461241,0.885843014046552,0.890047691129359,0.892177706154142,0.897318510206598,0.902026301536275,0.90160378684181,0.910674783892411,0.897916052280307,0.893705429470735,0.890679607430072,0.896824668806191,0.888457536882604,0.888237395187571,0.890710985397886,0.886118988811198,0.891261152716478,0.892444323939276,0.889305670933841,0.887700958654736,0.887700958654736,0.889407227359246,0.887422277767464,0.885564782220193,0.885564782220193,0.880388065159153,0.884273760304348,0.886155131892365,0.887200591342983,0.900615978314147,0.900392573171813,0.905882712557555,0.903448294427783,0.898472322321365,0.898029228597771,0.900701449030909,0.896131189050266,0.895750746348967,0.895435397089089,0.907029434789919,0.905587061452437,0.951168687314298,NaN,NaN,NaN,NaN,NaN,NaN,0.931765724652339,0.972266744077365,0.973279923751152,0.991186972135128,1.00390949307071,1.01607660387857,1.01607660387857,1.01123068199433,1.00291721759956,1.00300754122031,1.0130369135287,1.03205631043142,1.05118093269635,1.05267621967001,1.05434343840882,1.05046075859578,1.04854704456194,1.05064953889338
An8_Tr89,1.02103625928086,1.00836650512286,1.00875079837036,1.00725601982122,0.996091021532877,0.983752409920205,0.986658884194376,0.976149361950218,0.967960192817576,0.983725819197519,0.989516031984736,0.99553874110343,1.00432768712852,1.00760039245387,1.02178932829016,1.01814698500933,1.0185686316771,1.00309631347778,1.00166861666699,1.00968910158829,0.996000703370234,0.991947685034881,0.987355955681839,0.987355955681839,0.991433287206585,1.01204742384901,1.04577702191357,1.04713760290999,1.06279233172186,1.03653871800433,1.03559932291547,1.02741744124936,1.02650694604394,1.02650694604394,1.02528048697061,0.997414639787153,0.997414639787153,0.963214658647147,0.942692668587021,0.929769785220565,0.928886372422857,0.910264688074222,0.900474803439879,0.897501051262971,0.897058973902766,0.888825809672711,0.895633251080551,0.895633251080551,0.889828180436657,0.892141516126107,0.896744667473596,0.890723229045148,0.855380420046186,0.87628711479334,0.877167047250025,0.881096714701568,0.893018934499667,0.892820527723444,0.89406543343586,0.902425343314617,0.902583958750207,0.905392183287937,0.894117032839731,0.905344591702203,0.905083936269604,0.899480624856727,0.897186336407648,0.897176354336457,0.898439077537111,0.896877692816211,0.899261503992521,0.898303380830175,0.918186771668021,0.911905384148238,0.85946611419025,0.717240365144914,0.676155984693893,0.676737539681626,0.713469544916528,0.73396165893825,0.731546373224564,0.749965525048607,0.776029047174277,0.778360316233993,0.77982377360174,0.778653908035662,0.7743208664984,0.778021279542479,0.779320603272306,0.777696373859927,0.78140403475138,0.775492325647855,0.776436276645686,0.782765018123433,0.782332654579649,0.788887818483622,0.793214902650246,0.793585142115623,0.799504062755321,0.802895461837552,0.814695569410431,0.814695569410431,0.835057569502817,0.848231612267965,0.84836191679269,0.860518113188824,0.875550815959546,0.87397355808281,0.876704461381108,0.870883799926019,0.851835839182079,0.851835839182079,0.854598581574146,0.785156268512457,0.786641260943711,0.720203475000128,0.71599220633754,0.71599220633754,0.741583751418749
An8_Tr90,0.976268494197653,0.975891716602505,0.98358820750996,0.987067796584423,0.987836498388315,1.0020955334009,0.988442153140709,0.984736572566236,0.984765478956625,0.983213761529576,0.982084157964793,0.979479191919085,0.979940008188248,0.998078597163008,1.02364441994544,1.02364441994544,1.03204036069959,1.06324577926026,1.06393685203723,1.07993121498716,1.10955533212996,1.10910345327413,1.12904108118512,1.14015991461346,1.13681740265122,1.13658315718627,1.14304086089376,1.22731959084544,1.22940019619687,1.29145683738315,1.2783277465036,1.33538484631968,1.33305599365724,1.36508431069078,1.37191234749534,1.36955149790322,1.364180027794,1.33632000750889,1.34597983467127,1.31834994242669,1.28920278630094,1.28701646613008,1.26347134828013,1.24323532533434,1.23700485165057,1.23597809779149,1.22172275878267,1.22044330143063,1.21514249886131,1.21506863651848,1.23249584086093,1.2492048024605,1.24644658769312,1.26399770592527,1.28060356513679,1.28022782140346,1.25810329629204,1.24413078394165,1.23876204532885,1.23924895196922,1.22180039195078,1.2248476463501,1.22345946540737,1.21793875121506,1.22301530544813,1.2246871287924,1.22593562176371,1.21740128030124,1.21700968354325,1.217657952571,1.22049722058322,1.20721853367302,1.20889691387571,1.22275144595334,1.2251361850695,1.22550943545531,1.2243108709642,1.23973614261498,1.25299234191285,1.24716601682694,1.25820753074978,1.24288644024886,1.24288644024886,1.24065658107774,1.25058799852069,1.24826825925701,1.25140833299627,1.253910706155,1.25797532574277,1.25619553529381,1.2503900560328,1.25534927388504,1.25574849072476,1.25178133288708,1.25865885153008,1.26834391058814,1.27000047284071,1.30442477934978,1.239023373146,1.23903523985445,1.13416608382299,1.07906240413167,1.08172062554659,1.01258948284517,1.0317236395782,1.03526690856706,1.03585540808178,1.03692042680535,1.03595631886986,1.0370632636087,1.03295249233791,1.04828370300008,1.04431961700661,1.05312037117186,1.04224272155102,1.04244908045279,1.04244908045279,1.05358797804507,1.03728839143566
An8_Tr91,0.982575166544901,0.981582951940447,0.978501027117108,0.977839817100013,1.00433717660358,1.00687014775648,1.00088871065448,1.00111413590486,1.00106084599416,0.997936023424423,0.998314593708508,0.992714125822235,1.0054619495901,1.01131415064162,1.01040643133489,1.01372857820084,1.01730559068742,1.01317197873162,1.00487659824232,0.992328169106976,0.993642756725534,0.992224745746216,0.979456029036306,0.988871446138726,0.991675842101468,1.02177802245894,1.05145459639645,1.05021934850799,1.03760750177387,1.13744775110282,1.2018307670417,1.20124283832767,1.27895738269944,1.30860328174487,1.29836135362827,1.31559052436635,1.34822498478186,1.34822498478186,1.35394513608497,1.34455886073702,1.33806496083403,1.33806496083403,1.32339114255576,1.31153882746986,1.31106285185486,1.297689762052,1.2859969121626,1.27831931944816,1.27912918586226,1.27296387619334,1.26505573026612,1.2649791988909,1.12321148197602,1.07395421012897,1.07589306972482,1.04991005495863,1.0423767357196,1.04031592872718,1.04766016172843,1.05871722344283,1.05637814983411,1.05695859895747,1.0347905845873,1.02480962796596,1.02061313137131,1.01641632692349,1.01720654473993,1.008322438817,1.01639444469433,1.00171232491332,1.00628587659929,1.00628587659929,1.00431751379235,1.04153707660784,1.0415670429489,1.07492764665049,1.09985853016439,1.1161996291307,1.1161996291307,1.12850776076769,1.10869290942574,1.10790460444475,1.09974003785183,1.07984625288689,1.06667683494627,1.07065785389957,1.0559740572436,1.05537482922853,1.04734054894353,1.05480360524083,1.04743255175166,1.04790919800933,1.03936978234278,1.02895731734001,1.03751736952713,1.03797318767329,1.02319149991874,1.03545548965885,1.0361330882413,1.03029098128355,1.02469955711898,1.0333563054512,1.03259118273953,1.04043740223943,1.04187024108167,1.03592281352683,1.04515039247418,1.042825378213,1.04527815025432,1.04002445121923,1.04083121906979,1.03901377727817,1.03617282041335,1.03886763659887,1.0398544803571,1.03973675349132,1.06610120280105,1.07388879531757,1.07365363589364
An8_Tr92,1.01212365187146,1.00470469903164,1.00235668260416,1.00012996697915,1.00286957924474,1.00534106391737,1.00467777690324,1.00784652847961,1.00491193354007,1.00158814175228,1.00158814175228,1.0016658113731,0.990476232381521,0.986591149386215,0.997455148280043,0.997859735135512,0.994540674859569,0.995154011581707,0.988119070926335,0.989397622664571,0.991414314694232,0.985761378854474,0.990875422638092,0.988597259309537,0.988149303385741,0.990610168829462,1.01827863802317,1.01723530673896,NaN,NaN,NaN,NaN,NaN,NaN,NaN,NaN,NaN,NaN,NaN,NaN,NaN,1.20657715452214,1.16447155109426,1.23522346172217,1.23633879555175,1.26522433420261,1.27541850568017,1.27541850568017,1.29276213929391,1.30216776048987,1.28819723284355,1.28819723284355,1.28787066451157,1.2597736233423,1.25860950295043,1.3213536357227,1.3341290904876,1.35953165820552,1.37223915977942,1.42960117562154,1.47414872404389,1.47934535241707,1.4844443609619,1.49585256085166,1.48974911200884,1.48660842525313,1.4763433595853,1.47907434711645,1.46080073893044,1.44475544861803,1.44589042333951,1.44589042333951,1.43109112526992,1.41401843713456,1.4123644550661,1.40284316140141,1.40340150318465,1.41519003719697,1.41636709252675,1.43083370159669,1.42645058865543,1.42731482064993,1.43078222954436,1.39702717099688,1.39784796123701,1.40029461283661,1.4222805254247,1.45272616013863,1.45272616013863,1.48112068489572,1.50984629894041,1.50981522824558,1.52782381279128,1.52056523947832,1.50520883507989,1.50719031057106,1.49014670640564,1.48524091600604,1.48359084218801,1.47314080056848,1.46461060507415,1.46828042317087,1.45472858145774,1.44914673606287,1.45021330508901,1.45005589201658,1.44405544334226,1.44203626471226,1.43801809323969,1.45551230584904,1.44879012870483,1.4460942408785,1.44004218694249,1.43126159975595,1.42501654744225,1.42501654744225,1.42590079980642,1.43140227450349,1.42971577845096
An8_Tr93,0.999519698262025,1.00234321776819,1.009954561903,1.00686401895308,1.01535017886551,1.00732005859973,1.00814492165991,1.00614956909451,1.0048573842122,1.00103691042848,1.00103691042848,0.992262238034771,0.980970699870035,0.979635620348615,0.980460933814087,0.993334529963366,0.994934999657948,1.00200884798001,1.01381470015606,1.01726042055967,1.01565793311625,1.01320927978232,1.00268137767647,1.00366309357078,0.997079951664268,0.991307408931425,0.984765719825576,0.984765719825576,0.962604361080021,0.954769348672688,0.951439524085937,0.992017844376196,1.0239147440588,1.02274314072235,1.02963713951527,1.03424111076909,1.03526395321435,1.03602433110553,1.02117587602276,1.01577693369091,1.01584214836312,1.00224390676281,0.988996184440834,0.988996184440834,0.986695245728637,0.979631806761024,0.972322554771866,0.972322554771866,0.965184598744872,0.964031977192541,0.96477680993093,0.964037200304306,0.947833782966411,0.946253403122266,0.946057258986048,0.956489410755551,0.960421045382783,0.963317712129102,0.971600116705575,0.936775645610004,0.932033455645057,0.963331222211732,0.98516936990128,0.985462067637726,0.988628969725745,1.01019460253941,1.0481791417286,1.0474102304453,1.0690157240432,1.07289227134115,1.02419882857202,1.02586116751884,0.984781320959319,0.897603504286538,0.896523974778854,0.864704573388654,0.819889643355394,0.808894183674882,0.733876640485459,0.796027177677352,0.793818318776155,0.825827343474799,0.839151883699596,0.838691247764477,0.839101313086545,0.839861045790184,0.833227959068552,0.831526534264862,0.827819110397213,0.821650940644998,0.812941463813577,0.812941463813577,0.816397660362798,0.814877616111129,0.814877616111129,0.814496776442605,0.815215089517414,0.812701700718404,0.814255281910875,0.8135023572421,0.813757408856081,0.813757408856081,0.813001237084653,0.80999545838024,0.808309119857416,0.808424051858479,0.813433711613852,0.815502933277065,0.815119440192113,0.815225783404047,0.81974376118947,0.821192804861553,0.826175536763523,0.831740856402086,0.826443708736755,0.838400605934384,0.84467751671193,0.869659807361324,0.875048293860182
An8_Tr94,1.01963959290159,1.02865418649504,1.02097309883284,1.01989627770198,1.00621224576125,0.974345999187741,0.974788868463849,0.939314818106684,0.968962502434559,0.9666678509126,0.970104964188577,0.993042914546175,1.01449007672238,1.01449007672238,1.0326056566628,1.0345288709107,1.03413588578637,0.999293945167631,0.987852168494858,0.987847921485587,0.97214930486538,0.960803561030555,0.95423531647007,0.953708739086203,0.956948940144433,0.961661495329726,0.962076837715701,0.963397322202586,0.94183494021411,0.944903514162512,0.924164806861728,0.928764257293009,0.935863271463282,0.939203407868887,0.933282139869046,0.929111333820294,0.929529145467874,0.923362264820649,0.907882019675028,0.900620557336239,0.90375996300951,0.891016847847456,0.895202193325561,0.895280623476876,0.905491042494171,0.902989007568618,0.902143298956294,0.902241130459327,0.90810708054644,0.911304792164341,0.913214026589284,0.861568444528291,0.838166848495417,0.836858212815609,0.871526843708399,0.896207204365932,0.895958868825287,0.940853652912171,0.976819459196939,1.01365783290024,1.01365783290024,1.01559016528211,1.0045790762478,1.00309003695728,0.970246908582162,0.955400607672372,0.93733882153599,0.937184070909374,0.907254333189905,0.853146402480062,0.852851285260657,0.808417926571054,0.953977031132982,0.971493188232101,0.973700677992325,0.927397124710476,0.946583881228071,0.949636399803405,0.97191887940492,0.966654458473557,0.964331950255512,0.957648135649352,0.93741922104044,0.92131381110364,0.921038917730737,0.893734000361832,0.871872794105023,0.871823161417767,0.864171067822886,0.855451721482311,0.856140299354905,0.850622685320579,0.84348460309544,0.844496982935451,0.839515232742851,0.835268274610399,0.828484388571041,0.828484388571041,0.829054904183165,0.821942805684123,0.821761162682332,0.823880182676377,0.815731046554591,0.810482813481533,0.810876890033648,0.80972732848932,0.814501664337651,0.814192822029766,0.815975775658639,0.818702201507761,0.826258528332888,0.826258528332888,0.827340952216676,0.825434920239061,0.825360155805797,0.821304874727098,0.838324433624694,0.837212393183526,0.85695091593741
An8_Tr95,1.02727719056372,1.01345866603439,1.00973055853739,1.00973055853739,1.01126726371306,1.00836526718398,1.00767383627735,1.00902695967786,0.998463489590273,0.997970581903297,0.99123254047678,0.993999286424656,0.991501695851545,0.991501695851545,0.986509439038562,0.991145231569264,0.988384971034976,0.986723288078999,0.986037479654966,0.988368268838277,1.00324912159544,0.999529969361276,1.00546592943632,1.00075559360286,0.993326369749783,0.986688221589648,0.981521792448074,0.984857134483987,0.950185287852965,0.926937724501835,0.926800991275492,0.946562894093617,0.969555134728358,0.969898808049808,0.980225072503334,0.97831449954261,0.984095100828759,0.984289582542636,0.98849244389631,0.996133473653078,0.995613298112275,1.00066918680656,0.986912039874107,0.986541566454391,0.978177095639459,0.967254290501319,0.962975417160934,0.963446978499169,0.948965024470861,0.947551666346766,0.947347005951708,0.946379859788207,0.955934018997172,0.955470582015737,0.962035095664666,0.966513697358562,0.966544397117766,0.951377766449763,0.944862690660627,0.951429943263076,0.950150664353265,0.956866222624839,0.964284413307367,0.968347146939158,0.980833783836291,0.981252228214234,0.978498300855459,0.983577697266409,0.989090344640561,0.983053512054703,0.982590979168489,0.975220467515757,0.965266552691373,0.979025200601588,0.978630567081674,0.997186668471744,1.00705398935529,1.00797207428977,NaN,NaN,NaN,NaN,NaN,NaN,NaN,NaN,NaN,NaN,NaN,NaN,NaN,NaN,NaN,NaN,NaN,NaN,NaN,NaN,NaN,NaN,NaN,NaN,NaN,1.03762787327529,1.03637352723461,1.0669817751793,1.08503238069184,1.08503402174144,1.07669187359133,1.08039251333439,1.05780414102237,1.05872113286886,1.04134641743368,1.02846369302275,1.02846386954876,1.02737249787058,1.02978134518788,1.02358668035988,1.02626306827177
An8_Tr96,1.07107424096817,1.06817473469511,1.06483499551092,1.06438077614329,1.0669086910413,1.07638720577385,1.07810238708014,1.0710731045069,1.03589925303584,1.05027448328467,1.05053492102865,1.06658767731321,1.06176029603447,1.0629261804786,1.02516264391586,0.865775648633995,0.761091783642517,0.759965820387922,0.699085156524581,0.688388493141339,0.688583846551186,0.700222934540853,0.739346523112785,0.739531828793281,0.748801506883098,0.759398853555848,0.778776098844495,0.779291654901608,0.789883297024027,0.772338136725013,0.769215006550462,0.770098560972282,0.784904423874109,0.797894516842106,0.800489806484803,0.804190447973757,0.803307615957195,0.80296678199369,0.792817168058167,0.805452793190968,0.807413747693824,0.835845182640157,0.852427837585964,0.891024284048597,0.891158581214938,0.884293953006669,0.8945982150691,0.896455307712551,0.919034657286932,0.920901454684937,0.919093113039575,0.918342615185569,0.910074874675607,0.922740362110318,0.927546677159325,0.954917560098762,0.989981898578088,0.991712283991207,1.02460055417779,1.04934958390857,1.0564541548539,1.05802322976009,1.05676570285033,1.06241547830091,1.06135551285534,1.06183426858193,1.07536118064773,1.07540447918218,1.08349859577818,1.07850726564188,1.10340986937103,1.10334918974354,1.11924799551271,1.13471278423171,1.13471278423171,1.14153107302572,1.14043790379304,1.14079567953857,1.12464625287281,1.1116428615085,1.09204312565282,1.09426222687609,1.08424968352018,1.0873594638734,1.08639302278042,1.06964050643357,1.06973033393299,1.06976666089385,1.06396865416319,1.06182616159297,1.04802956901291,1.04802956901291,1.06016836455032,1.05236646881403,1.05078053777288,1.04456738559648,1.04157437295733,1.03716777346604,1.03680422495994,1.05126837231156,1.08316530088914,1.0865528077653,1.11156109169364,1.11818509638448,1.11818509638448,1.12485817362328,1.12567415095445,1.11545918126774,1.11571680887898,1.09740271605922,1.09347189158731,1.09473154699311,1.08194467763829,1.06294933506391,1.06337488916094,1.04170949861643,1.05427142888151,1.06851912790024,1.06851912790024
An8_Tr97,0.983577519276832,0.983927520258295,0.986789360054473,0.997629863176835,0.999645218452104,1.0022899479058,1.00601626965892,1.00551253373065,1.01115121231542,1.00915352190969,1.00662921337011,1.00623572532666,1.00484070086072,0.998734172930343,0.998749934618166,0.998043049421941,0.996780325861098,0.997499261527405,1.00679464934451,1.01956886998932,1.00034165019798,0.999901133879896,0.95552508981266,0.967283422310751,0.966926886021197,0.991252417365848,1.02475510048616,1.0287084870197,1.05412085172654,1.06696225269611,1.08497161028197,1.08474739654098,1.09112418645647,1.0913513478919,1.08740545738207,1.08388638479618,1.06964151096229,1.05503072491332,1.05444962889146,1.04081928346652,1.03256893235412,1.03351453099195,1.02083339513196,1.02763680838633,1.02638982825801,1.01906847012465,1.02501049431073,1.03897590512315,1.03859433346799,1.03554189682265,1.05391516214889,1.05419509687684,1.04052431055214,1.02297185295873,1.023525583549,1.01625540684558,1.02576321905145,1.04670934468335,1.04674100534579,1.06200758814244,1.07793765009204,1.07793765009204,1.07900271840678,1.03094951095728,1.0596403386699,1.05963797297435,1.04237223755901,1.00353179638057,0.992135068843497,0.995376846826821,0.998618624810144,1.00186040279347,1.00510218077679,1.00834395876011,1.01158573674344,1.0092064846346,1.02354355859459,1.03600715256738,1.03732929397968,1.03420683884745,1.02634301917233,1.02558278915117,1.01878820292555,1.01296491265626,1.00689588783288,1.00551668737469,0.998478728350898,0.99682322420969,0.996805608073784,0.9943693223255,0.987091349711821,0.988229103699072,0.989398391878269,0.987289626016819,0.9927892547406,0.993487198993769,0.995738181324866,0.994981204908759,0.991842617918944,0.992633963778892,0.991917590058853,0.97727976357467,0.976975502317286,0.965462175734906,0.971834488854623,0.976162275852983,0.970785884708065,0.988756535525349,0.999030241274882,0.999285344289552,1.00426681404094,1.01432114496462,1.01471651704991,1.012199571106,1.00167344611341,1.00252465210419,1.00327016848483,0.999695899232797,0.992973627249292
An8_Tr98,1.01964440333902,1.0169831469348,1.01087793649793,1.01182182781636,1.00880669120177,1.00608952587031,1.00695731084272,1.00096010718561,0.997432726855914,0.996069663446885,0.990088761852935,0.992699300600924,0.995608905123348,0.995702531400695,0.990721999015479,0.990812996403175,0.991502762541087,0.991605600098926,0.985613802972114,0.985663745299768,0.985758455790715,0.98391047179601,0.982633929267262,0.991503628024952,0.991525266166542,0.997335611810195,0.996185690892491,0.994017696797744,1.00354742778557,1.00664205270798,1.0216537879985,1.03188129495828,1.04788120395802,1.05163689396874,1.04630792369293,1.04249981608843,1.04150033670711,1.03510888472471,1.02886771645209,1.02721236304312,1.02729822237007,1.01075852714657,0.962214578118111,0.962933175377298,0.976466531078565,0.979889341393062,0.980425994044247,0.988973999333334,0.995870738096772,1.00499788877174,1.00547625739258,0.997937577526725,0.991969789909247,0.991873980177442,0.971105110296323,0.984278318210088,0.983336138354461,0.998629106044015,1.01096463805232,1.0254317324321,1.0254317324321,1.02260248944243,1.03418228930123,1.03232270796698,1.03775115597159,1.03644653368706,1.03422759790142,1.03399702927156,1.02793739728742,1.01738136614443,1.01839671294182,1.00905084888256,1.00807384404846,1.00676297976732,0.999674797788061,0.994808369873867,1.00303243744298,1.00359995389409,1.00682017677092,1.00539565117872,1.00479842070953,0.992214736182052,0.990207220996647,0.995089215448145,0.996804824284331,1.00986234195616,1.01368528085472,1.01813917333154,1.02106849302744,1.01963024695268,1.0183945382464,1.02717892887726,1.02537326420223,1.02706916726421,1.02406234310892,1.02542060631998,1.02075254947924,1.01999835728005,1.02555214439618,1.02851132784826,1.02815116315357,1.01306807641575,1.011148297055,1.00608383713354,1.00327988859919,0.981014014085377,0.990071708010297,0.990408392054809,1.00487292771187,1.01986792673013,1.04727033327073,1.04516774658648,1.05892389560696,1.06974530623906,1.06748630404632,1.08659331414273,1.09432534988903,1.09294448437237,1.0859988076891
An8_Tr99,1.03254830315605,1.02998407144349,1.02970642145735,1.02660970888439,1.01516229607553,1.01287812321946,1.00861041841756,1.00056097418883,1.00225571671308,0.995778408113586,0.993893218316029,0.988755590135485,0.989349810958619,0.981342923099929,0.979085151145638,0.980609903172566,0.983737649555238,0.974565655973581,0.974565655973581,0.975243263461641,0.981989592515542,0.980333662330473,0.981692050771438,0.995556289717688,0.992594690795191,0.990592167433748,0.988459621359396,0.962175483834091,0.956213231171606,0.954582942225169,0.967325268893943,0.985402982866465,0.984594023130673,1.00030776676337,1.001517021455,1.00193657493582,0.995957935869256,0.996734273638479,0.992053197524297,0.9868246637296,0.984172148435735,0.976175272216637,0.976388547999773,0.974576573265146,0.968095401258822,0.966696924936152,0.970814499306771,0.965310077495596,0.967421463605866,0.967421463605866,0.978845759975737,0.97529183068767,0.975235403530626,0.970645688351782,0.972804599795786,0.971484331718408,0.96891126534807,0.966225470121149,0.973602267353541,0.977264139683353,0.982181533512922,0.983695231113571,0.98374119701963,0.984991605282468,0.981902687402374,0.976376603298446,0.976376603298446,0.9737427604993,0.970684057949398,0.972321355829605,0.970621810344256,0.968636159108078,0.970347392666349,0.970460302138796,0.971055508051638,0.975431302484979,0.975431302484979,0.964729344495185,0.971464481874105,0.972078141876871,0.976860842550491,0.987960548417531,0.983595669441755,0.983595647732496,0.989372126515273,1.00265926531271,1.00266193098776,1.01445175131457,1.02249072763597,1.02991901628269,1.01258088235682,1.03862669183888,1.04313352560425,1.0440185232552,1.05226927847908,1.06409639220221,1.06409639220221,1.06550401368628,1.06187499533266,1.06204733011848,1.051499307863,1.04286812991176,1.02815152175224,1.03381938448094,1.02875715514887,1.01960725858179,1.02428682474284,1.01779509751309,1.01533235132426,1.01559304728282,1.01559304728282,1.00952729791777,1.00919994403052,1.01071246418886,1.00830062608767,1.01208361998754,1.0139785193825,0.992651393828157,0.982990221224511
An8_Tr100,1.15770504868887,1.16011053781528,1.16453481078944,1.16358464477591,1.17479964434513,1.12949749179777,1.12851529532963,1.04651430515565,1.05916848370292,0.986581388269346,0.985786583508782,0.872488883035105,0.820449018604679,0.806624770143523,0.829501914975139,0.875057174482356,0.875057174482356,0.877566342576701,0.886456487521424,0.877431828962525,0.877431828962525,0.875210508397741,0.861264060938086,0.862281321233372,0.862106500819277,0.862325439932009,0.862140040880957,0.858547432510942,0.829344135848765,0.771971100364677,0.772229068391659,0.777282865016961,0.792607497703925,0.793550537223993,0.796953578062164,0.795569420173276,0.80073940779305,0.803101575900023,0.792862246441046,0.794162221526106,0.792914432408736,0.790718062969804,0.779355222721613,0.776012487413007,0.774898963555878,0.769148289682178,0.76556740881481,0.76556740881481,0.761983046003492,0.792084139218582,0.793502781790797,0.812595991739469,0.823095556208321,0.829967729206858,0.829967729206858,0.83456423504973,0.836738170333,0.837339092232401,0.839751735833115,0.837562092597774,0.837662311870744,0.83943450250087,0.837726934728138,0.840051376608983,0.843639161625802,0.844360788020474,0.853658063561479,0.853658063561479,0.856133082385849,0.855499912558798,0.85466172487022,0.853555824492863,0.848443851742782,0.848020612965355,0.852426726045268,0.849881498164997,0.847582287360028,0.848526094544187,0.846975007769244,0.848880266743765,0.851862376635825,0.85125582368666,0.853151690120462,0.84503392494986,0.846982815520351,0.842119015840352,0.808605704909478,0.808977634211733,0.797036735212289,0.757137759837869,0.715344132601575,0.715344132601575,0.72090436404615,0.732477064330628,0.731692474300201,0.742535215427954,0.739046298156462,0.738852762254281,0.741489849029606,0.743339087323936,0.746932901619983,0.746932901619983,0.738012385940756,0.73495170456738,0.736644451377402,0.730094281885648,0.725787811996151,0.724847036138722,0.725990210272528,0.721441284976458,0.718929933316549,0.718437248478757,0.717722086426103,0.720929194386748,0.720845758531831,0.725044859256251,0.72354829829393,0.733542251630814,0.732348992711905
An8_Tr101,1.00026065075011,1.00722248758336,1.00668719354485,1.00191873960287,1.00217935037919,1.00067475051826,0.998020434807196,0.997081016512086,1.00348693382958,1.00416136468291,1.00222653518363,0.995820589729348,0.995349608901778,0.998037448016006,1.00164754248808,1.00345378848836,0.998057833924189,0.994361797267603,0.989351933790599,0.990220831561327,0.983688033802038,0.97640532909063,0.970215346951991,0.966171870352512,0.96857252204634,0.968164950059571,0.962877421151145,0.989084057801711,0.996766216730767,0.99707526622992,0.981071679700807,0.989884388477248,0.989702878061747,1.05267892417036,1.04279045500312,1.04290462802316,1.0240851414415,1.00480558643646,1.00196127329322,1.00199612645177,1.01503330478726,1.014018593303,1.014314289202,1.01614812457467,1.01494038890276,1.01234540776429,1.01049097327664,0.984006262692111,0.998141871046424,0.999370881306872,1.01107559735915,1.00291279379511,0.99306433512248,0.993498696529205,1.02478531977105,0.99919128733559,0.99919128733559,1.00488600742189,1.01211299555532,1.01133849208417,1.01630938754437,1.04130128458868,1.04408110039699,1.04410804946118,1.04097838309258,1.03041993869244,1.03053040702389,1.01940814649738,1.0099802486555,1.01917556834262,1.04333834281996,1.03584397004328,1.04158797731645,1.04644671362756,1.02246329718417,0.965970215141647,0.966777046894782,0.941762398905212,0.947758058645599,0.95698748231572,0.95698748231572,0.959388382838427,0.963064875475323,0.963144160403554,0.953243283751194,0.949433370911159,0.947935647939931,0.948699714208776,0.992865653653614,1.00190115966063,1.00406130355142,0.968385116421142,NaN,NaN,NaN,NaN,NaN,NaN,NaN,1.12321059684668,1.12305594046349,1.18123682720974,1.2159289159085,1.214400869902,1.2231115816952,1.21675808138476,1.21829830436087,1.20650703374771,1.20257612554462,1.18822967525217,1.18672973419043,1.1796536690808,1.1753065621616,1.17531901832951,1.16235467419463,1.16124158699683,1.16232537906742,1.16223301519279,1.16864005934166
An8_Tr102,1.0047257781962,0.997632073646931,0.998169246537573,0.990977193938572,0.992020139677441,0.991226218187701,0.985551184014295,0.992318472803266,0.987504573133611,0.988447968661343,0.976459714057605,0.980941669699194,0.987150185144261,1.00944050357291,1.02137208533039,1.02842540858645,1.03300401656787,1.02119712183092,1.01343644641347,1.01343644641347,1.01411681418664,1.02055812999461,1.02077914749955,1.02882522296874,1.03095364173109,1.02994823061643,1.02579947188614,1.00936631400547,0.908373254207163,0.908128097531111,0.894241615383557,0.903520213496836,0.9033815317612,0.926597648306274,0.936046179171587,0.926758445126812,0.927491515514792,0.919357847868093,0.906671419903967,0.904340453286809,0.893718890210029,0.887470729568669,0.883131844949565,0.884322068693517,0.882813862582634,0.889371262868152,0.884015097643606,0.876214402568357,0.875069013737531,0.875069013737531,0.869677733966138,0.884401261797714,0.883230084553862,0.883364017868708,0.88657593165072,0.893695510254862,0.893115845901372,0.88972719325512,0.892639037503118,0.892213829976882,0.895188233196195,0.891106511238719,0.893786237230378,0.893786237230378,0.887318162276573,0.885457462506001,0.887213887826736,0.876903824591448,0.877887185466503,0.877235002302145,0.878535952729232,0.877883089088236,0.880677168596266,0.880756464541497,0.877181406299725,0.886923344778923,0.886961685195589,0.896423858634595,0.896719407081241,0.898107679719695,0.899609588100204,0.894134480852399,0.8820471278165,0.883659606751082,0.870142367737309,0.86665451914541,0.869907400147544,0.881364545059286,0.891132761844328,0.895348513382043,0.89851953204588,0.900357534620856,0.895495958096074,0.896525069926164,0.888343378846084,0.889916373966615,0.8899758992763,0.886467200439392,0.926948773156917,0.975022686916238,0.975043082005053,1.01157831035312,1.03754800258601,1.03680806479541,1.05049129551342,1.05444813683236,1.05786932579216,1.01614068276627,0.996408093909978,0.980437937720448,0.98421698160342,1.0014457166396,1.00222170495661,1.00303033141329,0.997800041681031,0.995390207376898,0.996500032037373,0.98784377938879,0.984312850395136
An8_Tr103,0.958791228576843,0.967375319708382,0.96570235121106,0.966410570753492,0.986898762545432,1.00615728175018,1.01999385754071,1.0201675521653,1.01776041795779,1.01361602752358,1.01457247823385,1.01534411306034,1.00730546312296,1.0020184100605,1.00228938639348,0.991148043772168,1.01855000172815,1.01335564739915,1.01254308649664,1.00296647231503,0.999278099822931,0.99942159599946,1.01781133668393,1.02490018526625,1.02544888777128,1.03686600168259,1.02751371227248,1.02841621376761,0.995125755436024,0.956668061371291,0.952098810678972,0.949807713574327,0.945268299766198,0.9489325381363,0.952596776506402,0.956261014876503,0.977325836180041,0.977012223301856,0.983934731216315,0.994413751245918,1.03442816841898,1.03562694578673,1.07600880560175,1.04788378573551,1.04795981119099,NaN,NaN,NaN,NaN,NaN,NaN,NaN,NaN,1.19583659726249,1.19556931099461,1.24004677676155,1.24864770441414,1.27165482398225,1.27236467865092,1.27220515028841,1.29763165055115,1.29628492944574,1.28482221600127,1.15868630545041,1.15699055060255,0.94668037472412,0.740667858615581,0.741120252695023,0.733458380365061,0.691478969570938,0.637701286278602,0.637701286278602,0.573535675094826,0.556218511425813,0.556297222693675,0.547833487653046,0.56896921041354,0.594575322981328,0.594575322981328,0.617524586887207,0.652507080251519,0.652277165194112,0.688215462828589,0.711952121077232,0.711580603028735,0.741349421868139,0.76045710318291,0.759276910650326,0.760083355586055,0.759473752839949,0.758310577292281,0.76514939108705,0.764079225247308,0.770318308550797,0.769346205323791,0.770058114616285,0.776191740561694,0.782044611496857,0.78011034568237,0.797901489633319,0.806754412475687,0.805195334650743,0.805195334650743,0.800734338607474,0.825717586816416,0.82626643817981,0.850501038223067,0.891352886185998,0.891203684631375,0.911077136554818,0.895219162240346,0.895138012086167,0.918673041760571,0.932718295713781,0.936970087822376,0.935907547142917,0.903596612797002,0.897900083434764,0.898707232191626
An8_Tr104,0.995695362269496,0.994035021154239,1.00242265554028,1.01586117961607,1.01650482951769,1.01830102541485,1.02053771848747,1.01105276143485,1.01270723618751,1.00651114714058,1.00132708775822,0.999579587739444,0.999570223826058,0.991530182513588,0.992301117057496,0.98637778645218,0.98336654932265,0.976576284283531,0.975742244283798,0.981574042035873,0.974531732373454,0.974531732373454,0.976621395780224,0.970042561021999,0.969765664615704,0.969348619815223,0.970550737658272,0.960746725575831,0.959705684903124,0.928778361810253,0.927060892657394,0.92602825400644,0.953400307941054,0.98449224156018,0.982101622681027,0.985124010582691,0.96714498836444,0.957883339917548,0.95726836561525,0.939235548160583,0.936703102949971,0.933707202396565,0.930331539063519,0.922651016536576,0.92088406020799,0.917664756108467,0.908622876244723,0.913006953596879,0.912785369978217,0.912333938180829,0.905340031908123,0.90531088943499,0.902085081324354,0.903399282917936,0.900362325230357,0.900362325230357,0.894758382407428,0.891557936485148,0.891477428474115,0.894634095621287,0.900146819325007,0.900600749166589,0.897528091614251,0.84246235727388,0.809892234100376,0.809892234100376,0.747560370899066,0.688812352109552,0.689352599762839,0.695556423286197,0.707769472906798,0.741984250736622,0.7410815372754,0.763882271667408,0.762654935317642,0.761556444283232,0.75850854009703,0.758798549423715,0.754947241011176,0.747781452327869,0.752502554767372,0.75805192856063,0.750384273551891,0.749512403725733,0.746440626391937,0.746440626391937,0.749205587726254,0.750854741721057,0.750730279995871,0.751193900409821,0.752836383377182,0.752209431588429,0.752569938656169,0.750309485908128,0.753766263246217,0.753701769677027,0.753584059930485,0.762595221222423,0.762130820463196,0.756756489780065,0.76689344405656,0.782260087242562,0.779266684635426,0.787309349822036,0.796095870681074,0.796095870681074,0.826679353112181,0.850975889666754,0.842605759983387,0.842138327332575,0.830751768125374,0.816008512433607,0.815378408517668,0.813301397745268,0.80705788675321,0.808688528886088,0.808239144944462,0.837558915522963,0.857449001940829
An8_Tr105,1.03379293265459,1.0222486259138,1.02212825307763,1.01211923485641,1.00310656489273,1.0040681574036,0.998512218811418,0.996980078203617,0.993220647760809,0.992920455053714,0.987569138830814,0.986438008096812,0.982876811283354,0.988434973429349,0.988702110576139,0.989076094925931,0.990344544831779,1.00038255061859,1.00707859877891,1.00845629322921,1.01041132851955,1.00629665684219,1.00639548487934,1.00982695400777,1.00290566652348,1.00013245514672,1.00047703592359,1.00561645888586,0.998774924890782,0.998437056882426,1.0093399655871,1.01928410955959,1.01928410955959,1.03385973803525,1.03145516360493,1.01750128343157,1.01750128343157,1.00366454871545,1.00682519022898,1.00666111329234,1.0029332036066,0.993543393231484,0.993586768072513,0.993803957261658,0.994952621690912,0.987141042743622,0.987324952025828,0.983363689314909,0.978352685921241,0.979969434283322,0.976629261596005,0.978914909090525,0.978914909090525,0.959319476684053,0.96770663390776,0.961323583099019,0.963164673307372,0.96863274166512,0.980138556979266,0.98068155120787,0.979579665187884,0.973936237770663,0.98058244646327,0.98058244646327,0.970294065193586,0.975262463207696,0.974667031636293,0.971061929189573,0.969395799094583,0.969151253164066,0.96565976643881,0.964330483122295,0.964158590292515,0.964231015052431,0.96297131994077,0.960423712644832,0.959966120962755,0.958984961083856,0.968640471722666,0.986560839282235,0.984215458961353,0.987929151041605,0.997542383785137,0.997554463367047,0.994124761850523,1.00996998007542,1.00996998007542,1.01838214499828,1.02936511396961,1.03236110247723,1.03236110247723,1.02243186199706,1.0172790102441,1.01688025140654,0.990236753037096,0.996146823337182,0.996407544765317,0.992428179695793,0.942109598813919,NaN,NaN,NaN,NaN,NaN,NaN,NaN,1.08710027294488,1.08759438297593,1.13488655285474,1.16170099523137,1.16308427282943,1.16204833142775,1.16962837242799,1.16918166081374,1.15794035934514,1.14304321453072,1.13140736915996,1.1314072800715,1.11751363716487
An8_Tr106,1.02177444758163,1.01016642630427,1.00921921992453,0.999979024328671,0.994165361493201,0.993071027643192,0.993744686476515,0.98586629950859,0.986271226514467,0.973384944989233,0.993111141128522,1.0056035321563,1.00919001732443,1.00415697935211,0.998435949782607,0.998435949782607,1.00715190704804,1.00775583792522,1.00851602073587,1.01330425376575,1.00713910082187,1.00643244173774,1.00576555865229,1.0077944494793,1.01086429865212,1.00757782642311,1.00440373369307,1.04531945352275,1.09660472601729,1.09597536335349,1.10006487663982,1.1300652062537,1.13227556735739,1.15573655395146,1.16144071069446,1.16184973636192,1.15818149604861,1.15082470567525,1.12319015802641,1.12314760979481,1.11001471639114,1.09938077844228,1.09822347623046,1.08913796795014,1.07879959554087,1.08002730209007,1.06920259367055,1.06791439281015,1.03565132962296,1.03680715762121,1.02474309327946,1.03722472387648,1.04000709042952,1.08528657545948,1.11541532197093,1.11449958247272,1.11449958247272,1.10074098924141,1.05994597305173,1.0597054924893,1.04222110846018,0.998864735071213,1.00485517858653,1.10559930964254,1.21150044546641,1.23098261551991,1.2275838720742,1.28452400874908,1.316385955393,1.31667383838623,1.357866070502,1.36263005531986,1.35643727707384,1.35670385802536,1.34338015507142,1.33264857715863,1.33180997595109,1.33135911406867,1.33040668759656,1.33040668759656,1.32213924044164,1.31942505009002,1.31974027575493,1.31974027575493,1.32043438595832,1.32332695697544,1.32354214630806,1.32336751392473,1.32414898309733,1.32467531682971,1.28647151006063,1.2141126195636,1.23158921126963,1.23151075648148,1.26746754998916,1.29427718101074,1.29446827142551,1.30523409620635,1.31776134070617,1.31776134070617,1.32178783103025,1.3209007193371,1.31094669556823,1.31094669556823,1.30071186485796,1.28593587920491,1.2873511416533,1.26909751048888,1.27023500271984,1.25835906109451,1.25380157398185,1.25749233941116,1.27295622629586,1.27673209615154,1.27918230157921,1.22768734595705,1.22762582059793,1.21568443340844,1.22797531398816
An8_Tr107,0.931307147463383,0.938955881124468,0.954966680360906,0.95498995749959,0.977850175279931,1.00963648731435,1.0224728792081,1.02104868409868,1.03856807414418,1.04597881576215,1.04548491875406,1.04078441022822,1.0304515763778,1.02583009982805,1.01124010563614,0.992436408731374,0.988031279553497,0.987629636905108,0.98233678173002,0.978513380997492,0.97864152793182,0.970003310562008,0.965306755774267,0.969398141859449,0.969442446669056,0.981744010923917,0.988383165442728,0.98765168725755,0.985726964583593,0.969679662832483,0.969864372295949,0.986525693653891,1.00343870725957,1.02970462245524,1.02969825104865,1.03162986203423,1.01594031271781,1.01668856955044,1.00818246982069,0.995079838666091,0.994695259377637,0.994291847309624,0.992733808928894,0.983898691909625,0.987921068129428,0.982465508310703,0.979415651703195,0.977903779126332,0.976460440447943,0.977171634921267,0.977171634921267,0.978836918287059,0.970313112070058,0.963718747989903,0.964429545729373,0.961480157485355,0.962225705026876,0.961926621148091,0.979401012935137,0.98143178690034,0.959140688538124,0.95935301990219,0.969205116080863,0.96807655649477,0.965635937807352,0.962561707580826,0.964000032364126,0.97214270555213,0.973417007755732,0.973422001076282,0.981863210414913,0.982523941472849,1.00049855672869,1.01359219785495,1.01359219785495,1.0175834133579,1.01538395921645,1.00822795596276,1.00822795596276,0.998882984971778,1.00258268151694,1.00259197702425,1.00270404546849,0.993363311866629,0.993944504163953,0.992118502530433,0.9915116457001,0.98919763160684,0.98919763160684,1.00900864323991,1.03428781629883,1.03438016825572,1.03752326950314,1.03439823057117,1.03546594586067,1.03167226335214,1.02762595472601,1.02122346111331,1.02099075264525,1.01872368295519,1.01019203070616,1.01501451742671,1.00391277909087,1.00158264462231,0.999120640992219,1.00033761745757,0.990214287795197,0.983577143649278,0.983558922529107,0.983134669017013,0.954608570006632,1.0027368810234,1.0027368810234,1.01764186411226,1.04025723086321,1.04056188135575,1.0440920731185,0.961027816638059,0.962911301100636
An8_Tr108,1.03367389962325,1.04048881157202,1.03959149002443,1.04349334396889,1.04544931928177,1.05008729706355,1.05539898963608,1.05651981153024,1.04783263100628,1.04306076212575,1.04397834640026,1.04834583144302,1.01829056953384,1.01429632026121,0.905255787348226,0.902830494439287,0.85871705978068,0.860302370912439,0.892386864048761,0.942690511127455,0.944924337689096,0.962558884833076,0.934901270461859,0.96860687390666,0.968823213978478,0.999056152672502,1.03459281630656,1.03323256491748,1.06676087901473,1.05847803771362,1.06278284245109,1.06319258691263,1.06596080330787,1.08234111352741,1.08127135623157,1.08087680236229,1.0642755837348,1.06829481926938,1.04674958620706,1.04122279001294,1.0256900982585,1.02564812208269,1.01029609931487,1.00048586433095,0.999497822397013,0.999753981319659,0.995861138407271,0.989818136256905,0.99216577852086,0.985471679793012,0.982508943418982,0.982508943418982,0.991268015761032,1.03153486637144,1.03059246421349,1.05397958205311,1.08983582734515,1.09477586651478,1.10972607032615,1.1186487107149,1.11914854544116,1.11920328039236,1.12241899610556,1.121187841527,1.12105989890928,1.1154303239503,1.11000502299037,1.11217017264229,1.11217017264229,1.10638216895362,1.10105669125718,1.10071155301522,1.10312744295316,1.10337688757528,1.10328079983075,1.09910041203611,1.10171051499866,1.09896221135331,1.09834136964029,1.09931350790615,1.09865086117126,1.09803891970309,1.09838528951947,1.10031686299344,1.10265029068904,1.10738017213735,1.11031750725605,1.09301314248345,1.09355006244185,1.10226092628133,1.10671853940323,1.11079652976484,1.13020351838409,1.14561825040181,1.14561825040181,1.15277899944024,1.15371881946085,1.15276720421766,1.15064881494758,1.14735264402311,1.15194731717624,1.1529251912855,1.15005957342833,1.14958326910141,1.1476211315463,1.1476211315463,1.1313583199229,1.12462576203323,1.12511476585088,1.12930974751725,1.12444808286774,1.11656145153887,1.11736911185814,1.12723213999236,1.13776535711196,1.13764441570719,1.15084001068913,1.18497331189086,1.18077963345172
An8_Tr109,0.995253329808956,0.995253329808956,0.990846569147059,0.994837272057417,0.988474910240075,0.988634747099598,0.99364009807904,0.996047802998864,0.998250662487482,1.00556959273437,0.974122922414407,0.971086214944752,0.980776986781508,0.999861806927615,1.01353493059246,1.0169418353062,1.0313643869209,1.03254723022716,1.03295537142318,1.02848074763737,1.02210343446298,1.02024170000486,1.02080705313134,1.01337907188676,1.01039851329319,1.01139137066944,0.997462582532372,0.988413787190642,0.987993115417966,0.951393615437036,0.958486923409872,0.981125156213427,0.982251719693876,1.01654765800444,1.03270383007065,1.03270380419496,1.02936829577129,1.02778805604005,1.02742515723316,1.01476413205934,1.01092066973337,0.992047922830697,0.992047922830697,0.989380205728532,0.9853020126862,0.9853020126862,0.978729009050915,0.972518860103581,0.97248845129674,0.964423714500921,0.964118201664895,0.972688370806462,0.972688370806462,0.848584948707798,0.862118681688288,0.862118681688288,0.867105404896196,0.873224770195327,0.873334772429425,0.890232064420234,0.901940575708131,0.905672756586223,0.905672756586223,0.911027707375791,0.918390528329079,0.918415011992501,0.919364785510809,0.916416385530026,0.902743479928754,0.902348731703915,1.00358952021441,1.05430124078846,1.05430124078846,1.12091756140085,1.17215426536081,1.17314054497709,1.22962095225731,1.24826810832796,NaN,NaN,NaN,NaN,NaN,NaN,1.13398987195009,1.13374718481636,1.15611902565223,1.1865852645697,1.20574087368239,1.20583542717244,1.22468510507826,1.2233086106724,1.22184318104928,1.21277530909695,1.20348588367005,1.19895644327791,1.19868990525657,1.1903504901365,1.18819268366641,1.18793273808195,1.18915421239926,1.17759122084621,1.17835201371805,1.17944039401511,1.17891293597655,1.17952695408997,1.18288908575489,1.18315790892238,1.17555602197007,1.1759263055589,1.18327661627805,1.18219419761467,1.18052645842641,1.18439825146444,1.18986362082105,1.19399450937619,1.19434665968708,1.18976468866709,1.19606918799081
An8_Tr110,1.00437801969684,1.00091851121379,1.0013872722369,0.998491416351758,0.99914391246269,0.996970675334505,0.993745319342478,0.994145490984192,0.999500232682414,1.00010615634046,0.999759573649523,0.999757598463111,0.995661761001545,1.00000009284517,1.00238364763236,1.00155790293216,1.00845089037155,1.00733080025394,0.996310726204609,1.00075497475594,1.00387885552172,1.00396042124761,1.00327319588292,0.999688834917491,1.00324698722268,0.996712347125262,1.00328778851601,1.00328778851601,0.977223377537005,0.896070776926977,0.904522256304514,0.904522256304514,0.935581749895517,0.949750433759812,0.949750433759812,0.944819742637531,0.934921856386514,0.934974649131289,0.925817982839187,0.909294793859643,0.905535518154883,0.906206860430082,0.898827878840622,0.886922785657668,0.887215594658066,0.887453678191104,0.88263114257259,0.885304344463995,0.880109441232016,0.877025122418501,0.886422825448139,0.885650278762809,0.898784822444161,0.922743574933101,0.922025561573223,0.924259885234264,0.942634964160299,0.991501531332793,0.997857139631721,1.02122055141563,1.04805778836198,1.04805778836198,1.06554828041335,1.07489997329213,1.08362402144205,1.08054504725417,1.07706550822322,1.06673846437371,1.06673846437371,1.06071866795545,1.05061143959416,1.05032735044296,1.05011077347697,1.04936104297352,1.04672708820821,1.04089088043459,1.03757099981304,1.03635965333363,1.03893231809623,1.03083216245967,1.03129811433915,1.03124770447349,1.03448781317112,1.03727065612661,1.03872696108258,1.04795903135927,1.05293529952618,1.04931086096663,1.04894386014636,1.03137856049875,0.995442346001347,0.995382099502902,0.987614546522169,1.00759711408851,1.01937832288109,1.01971775217593,1.02192215402988,1.05175707985662,1.05208967278964,1.06991886297992,1.07795574374084,1.08738325674422,1.08688878809152,1.08864608637658,1.09252575622982,1.08987473064129,1.07924285163311,1.07012368942447,1.06858387668706,1.06204440891326,1.04629417302815,1.03911592417226,1.04433090583885,1.03887449444912,1.02171913311925,1.0255937507265,1.02913898588549,1.02585865863397,1.02585865863397
An8_Tr111,0.997251822693157,1.02012608432508,1.03271664751212,1.03297980937536,1.03646826619502,1.02972467220155,1.02972467220155,1.0169231052643,1.00668959302355,1.0063052899094,0.990879551095675,0.981371355587536,0.978895420970757,0.978895420970757,0.979115411355999,0.973307478237221,0.972939898598314,0.968682637644883,0.967002862837755,0.966745655179291,0.955952870963001,0.959966548114239,0.970967642153584,0.970967642153584,0.987004320213708,1.00087751767401,1.00039734331834,0.989095662927187,0.92197180193893,0.896913871362863,0.896889599946834,0.920565533965078,0.941808177111616,0.944671173183142,0.956382083555868,0.956505327436066,0.960872245909663,0.951404567233201,0.950189787006976,0.942798895080848,0.945107544023584,0.938019123930067,0.926951151931479,0.926951151931479,0.928447689603682,0.924946602652869,0.924800339822981,0.911346814661965,0.905045250712153,0.904192670842959,0.911248876806441,0.909278231605259,0.919187743208607,0.919910748952433,0.937586921103477,0.938199637067529,0.931919847955264,0.934823692646846,0.933908604051584,0.933553601582305,0.933553601582305,0.930447277787024,0.92931861444298,0.929605090513101,0.937516427050268,0.934581522041262,0.924868176666787,0.924831706661684,0.925944814104092,0.921749303485812,0.921002365971779,0.927748591673552,0.925136345215189,0.922665182737435,0.921955824569523,0.923445767523849,0.932984883843634,0.933044614837853,0.943847879460136,0.943308428131869,0.946194331656235,0.947918902511171,0.949424073765273,0.947832934416078,0.947797272905146,0.953988709502227,0.949178203949175,0.94480725897436,0.937187618485395,0.943989005783959,0.942991220286915,0.933319154878574,0.982033486594002,0.985584851205847,0.990829529197608,0.964954171637369,0.945409309403023,0.946952172598835,1.03143136814555,1.04179407006917,1.04096771211455,1.00013527318588,0.93944276972641,0.905635207903834,0.905635207903834,0.899306953346682,0.900963168923776,0.901904899240295,0.957218681732727,0.954830119019664,0.948553978416269,0.948553978416269,0.946421656367875,0.943186888784385,0.943188277716719,0.931513245959728,0.932872034376278,0.932872034376278,0.933042644232016
An8_Tr112,1.0130271713817,0.997912274694293,0.99325029734163,0.995304660031004,0.995304660031004,0.986933170965863,0.984707811554604,0.985083308988248,0.979041381178365,0.983234098694386,0.984578857775795,0.993024566622086,1.00419610173754,1.01762965329597,1.01762965329597,1.02541529225606,1.01608917751899,1.01608917751899,1.01154868511749,1.00567302204277,1.00296543445523,1.00296543445523,0.99619976466648,0.988624954019896,0.988207265154763,0.990001795958172,0.990191934467573,0.991279064158622,0.978771295231866,0.980111689140794,0.996851723723725,0.998501550000939,1.03860552510568,1.05773666278439,1.05766039442374,1.0670551346161,1.06475260411091,1.0548490913223,1.06112354093474,1.05340667442637,1.04033813216999,1.04033802980413,1.02140594106941,1.00923811921414,1.01198695459848,0.989151825327294,0.969434016643385,0.969437010538054,0.98748905772689,0.999509000379378,1.00843011028307,1.00843011028307,1.03492498440167,1.01778621980801,0.998359751428224,0.796915527243898,0.685801052229535,0.758355896933712,0.758355896933712,0.80678305058571,0.840457008826965,0.841643042957383,0.861069137069725,0.867519022319252,0.867519022319252,0.864929064411419,0.861859788553562,0.860224267874401,0.863958073395191,0.858093047112673,0.857702946684536,0.857702946684536,0.854094975722219,0.856534486114497,0.855861607899841,0.855724465716137,0.85627299004757,0.854478607686417,0.854478617091283,0.851606910572632,0.851672511930356,0.851711662044068,0.848073308878014,0.84535895375182,0.845576110333138,0.846328317496405,0.850412996488547,0.844828033495586,0.844828033495586,0.818830419259328,0.828610557010389,0.82820705789385,0.903596450799511,0.928333934531612,0.927853966802224,0.926487184645856,0.961372131752504,0.964708653026575,0.968206599584414,0.974956379794542,0.969046024652065,0.959570405340937,0.958031754516792,0.944742386251135,0.932809306573668,0.933437343432614,0.923417125790942,0.914490263887846,0.910072430479356,0.916982133790384,0.910926892312425,0.914683270384771,0.914683270384771,0.914889556605195,0.927582994182612,0.928350991489478,0.926263094115712,0.928596636150608,0.928596636150608
An8_Tr113,1.01441023799585,1.01416616788656,1.00496411931532,1.00185207684988,1.00464564525663,1.00511630659215,1.00321130141333,0.999167169939792,0.998403789522911,1.00104415366055,0.98853743934897,0.988960720700979,0.990431959363556,0.992704984864836,0.991980675379641,0.994064477498831,1.00533512889655,1.00011262350489,1.00089102200878,0.998323292983889,0.99576297956533,0.995670378871812,1.01102735697206,1.0201005454086,1.04894545454626,1.04894545454626,1.06089681161877,1.05209914039891,1.05099503479693,0.973224724793469,0.914097627825634,0.912960161181333,0.947370322939769,0.964674088161785,0.965822258943279,0.965822258943279,0.95644657902366,0.950949281391027,0.950150690144999,0.926190974840517,0.910571180609946,0.895797268207776,0.895916377760276,0.887743119498076,0.883371043708714,0.884406626240299,0.872763126587567,0.86915433017991,0.866222167631739,0.860844349779754,0.855297917176154,0.837369672968292,0.83557762007229,0.837123945459741,0.835587525408677,0.835608314235767,0.837665794383879,0.832310813378881,0.827841445299676,0.874249324266314,0.949148564802996,0.966874748587144,0.967567496692457,0.990313076847058,1.0247729781035,1.0247729781035,1.04492432046884,1.0503158408518,1.04651513999615,1.04651513999615,1.04069523413555,1.02646765722164,1.0272836181453,1.01687738014218,1.00562425470168,1.00495721016018,1.00121870905933,1.0041078308249,1.00094994666463,1.00207337726887,1.00191706125836,0.923654428697929,0.922407010898506,0.9050406481719,0.866081530560639,0.864710904900836,0.848252771571344,0.813113440732253,0.707258462781176,0.692911426377585,0.706836802430067,0.761696732355478,0.761773241003035,0.794107073400292,0.819368427095391,0.819368427095391,0.833729037663371,0.850023422443028,0.861407036430359,0.861407036430359,0.863933923842624,0.859021847531372,0.858569826670936,0.86325448489258,0.862834621275647,0.85942939399943,0.860574547474968,0.860032202299912,0.859773541145757,0.860800458263906,0.874105289391717,0.87807156382685,0.878979054099586,0.879200457610205,0.879421561369246,0.872944936201763,0.872637435805888,0.868712311230716,0.874924654411258
An8_Tr114,1.04100241792061,1.03898713939448,1.0376523583632,1.02184958677909,1.01368387513762,1.01502127360082,1.00459658313937,1.00037592204104,1.00059134709552,0.995201044460824,0.992057472402474,0.988072520071426,0.990074878892867,0.990037536782312,0.994290650126178,0.993894713978589,0.967049700643156,0.958251655900574,0.95730932326986,0.969084758795217,1.0267620740132,1.02451612102154,1.04924059335373,1.0588344401176,1.08937453914373,1.08937453914373,1.09384215474227,1.10458957355421,1.10297716686862,1.09944747225331,1.12713844617843,1.12995410806728,1.13122683315595,1.137270244779,1.15527879547826,1.15323930659038,1.16598598645525,1.1556915825182,1.06436829364203,1.06888511830989,1.08667398887382,1.07556051171319,1.07608647478216,1.1011785852554,1.13141150614001,1.13141150614001,1.14669518216583,1.15291693864526,1.16686511202312,1.16565284023745,1.09922309881066,0.992395282250241,0.971191086917605,0.972874966118094,0.985243837540799,0.986701899730416,0.99599545766684,1.00372185403363,1.00929318090662,1.00792807656417,1.0116649209117,1.01289439323034,1.01369257231941,0.997236540534756,0.968241041625737,NaN,NaN,NaN,NaN,NaN,NaN,0.57697446998662,0.576688499477175,0.611185649823915,0.623520446226273,0.633166491207201,0.634983872797994,0.632963901477682,0.637586282925016,0.637732301438239,0.632461614849825,0.629006983312216,0.628152572223342,0.62705189231198,0.630632714113807,0.627277736603273,0.627981872510882,0.630171795023121,0.63261631189701,0.632721731389295,0.629963074773475,0.634810667252012,0.63259514294532,0.64206928524669,0.643005768190707,0.636459436006269,0.636378946405847,0.638826923946538,0.63130556245508,0.631215509829684,0.632216782270905,0.636555706628057,0.634587266334622,0.634999753458913,0.629042487421048,0.631747123964287,0.631941612425757,0.629056566186179,0.636292798010222,0.637910032430512,0.644238662542933,0.683686840804815,0.723798814268987,0.721070728699998,0.746017875316216,0.754245876202173,0.747451627944553,0.764463662185296,0.765245774643175
An8_Tr115,0.983115538813936,0.983001834913993,0.988970138501202,0.998118905236541,0.996758285087498,1.00388410610778,1.00348576622231,0.988130721460854,0.988130721460854,0.992128433241406,0.998907978007062,0.998335532572465,1.01683090131111,1.01796330366785,1.01386667248521,1.01422021620511,1.01127130816018,1.00433497708129,0.998544659463359,0.989650556094436,0.991498338554786,0.99190949755536,0.9892534582255,0.98827630209866,0.98417671885688,0.98417671885688,0.987189771823179,0.969929682087929,0.969259648046508,0.942912906272491,0.965267705882813,0.96524791695085,1.02358690230751,1.030388172808,1.02863478166613,1.02579062101728,1.02219110408357,1.00951492076084,1.00991649107829,1.008886060568,0.994622782847969,0.989287698369874,0.985379569502701,0.981944899222809,0.975975706264802,0.976852466292608,0.974210551944042,0.967245116439009,0.968709363963403,0.963436980683009,0.95636398706445,0.959165799006616,0.958024608046774,0.957308504284948,0.95366823796524,0.95366823796524,0.951598681125,0.954716287083036,0.953250106165724,0.956961577756602,0.957953724183174,0.95606624511167,0.956790961782555,0.959426131036115,0.964005651224407,0.964216945815969,0.95926330388684,0.9673260492361,0.961637425774643,0.965310039737006,0.957725451416944,0.972735125657044,0.972982673104581,0.999933166273621,1.00922718480852,1.00929415927792,1.02897273574168,1.01997515816373,1.01283698456295,1.01143824637491,0.999059714148919,0.99859787503985,0.996232419438033,1.02643300457329,1.04460977858446,1.05065769061505,1.05279683112503,1.05915037186006,1.05107925996364,1.05247780284021,1.04436033752147,1.04005756678552,1.03587762526625,1.02760217901644,1.01523993765346,1.01562110630239,1.01267006199683,1.00926679872109,0.995543835696121,0.995543835696121,0.989796505975769,0.987157352707756,0.987409054298284,0.992346183165502,0.991612413714376,1.00135302019687,1.00223309293181,0.999202974844818,1.00177976103552,1.00175855758961,0.997369498258542,0.994086226927175,0.994694655481574,0.99488246160236,0.994323832416553,0.998710577260857,0.999258958126918,0.998195095437926,0.997535136504985
An8_Tr116,1.01094054015199,1.01108773430571,1.00377011184604,0.999285132551412,0.995241966305835,0.995241966305835,0.991238609805635,0.9911390081595,0.992012874422274,0.996640615302548,0.990091589800267,0.991061376133129,0.995102182562328,1.00096372995445,0.999401088161052,0.999401088161052,1.01172192944371,1.01231523555345,1.01334322107377,1.01411118354295,1.01528311353289,1.01540333638248,1.00971009714687,1.00661697128321,1.01076267210075,1.00008113669849,1.00017310469637,1.01606010509505,1.01558881048948,1.04218324563801,1.06874224021774,1.07039788708592,1.08250100607201,1.11008412497908,1.11104856955468,1.11763388366676,1.11193410274072,1.10017481818899,1.10019685645024,1.0853368670296,1.08048600740813,1.06470495841355,1.06470495841355,1.05929601562857,1.04008709413855,1.04238999313199,1.03469969625133,1.03317175236178,1.02564385606928,1.02186019272723,1.01770513397052,1.01557370905652,1.01655847778908,1.01832380550427,1.01940964750731,1.01954318597586,1.01504372878142,1.01616800988172,1.01838543026014,1.01696492103235,1.01299387973495,1.00593590642406,1.00632520337528,1.0085198484271,1.02373071316731,1.02418303255478,1.03996471710278,1.03565584145451,1.02815151438791,1.02895330993011,1.02253448910198,1.0199741783456,1.01995357770729,1.01647121525627,1.01170646047042,1.01080767660694,0.990533975466227,0.993589441142154,1.0037937400375,1.00686212193624,0.959426500934061,1.00719789321539,1.00722195483117,1.03387871347141,1.0489420380837,1.05919646990072,1.05967454404173,1.06425530067952,1.06739148825751,1.06779817000019,1.06495011731585,1.06434064628602,1.06402676672291,1.06237743413592,1.05039418490011,1.04865367386722,1.0448007062409,1.04147823863029,1.03305872376906,1.03389004992953,1.03168749753296,1.03116607204664,1.02188482039498,1.0249901660156,1.02131813320168,1.00199242865906,1.00567827893663,NaN,NaN,NaN,NaN,NaN,NaN,NaN,NaN,NaN,NaN,1.11687174205848,1.20890193439452
An8_Tr117,0.991199204316235,0.992798520859232,0.991805965828739,0.989273938763232,0.993282880219445,0.988053066535012,0.987546342947765,0.990424671423199,0.992762567012816,0.997372085597875,0.991511912651997,0.995644417938742,0.991134635247796,0.993290818911994,1.00560723482514,1.02091538490473,1.02091538490473,1.02989601548072,1.03656495163061,1.03180880241113,1.03043485706278,1.02193764496047,1.01543808205628,1.01936853320602,1.01290818719191,1.01195551915108,1.01195551915108,1.00300212266805,0.918344895158401,0.918344895158401,0.871260225284868,0.897290933874017,0.858144923270041,0.858138468422122,0.872226869758817,0.865408773594911,0.865744779198415,0.849299400613758,0.843073035738521,0.834421953411156,0.834189167305422,0.827190169536011,0.815927794583422,0.815948869382167,0.827254829402795,0.820363918313792,0.819906623396344,0.81409452952212,0.811655286103349,0.805394693176539,0.807562815712842,0.802851250081418,0.802682465726866,0.802682465726866,0.8026426236355,0.797041291459634,0.79634806231767,0.79634806231767,0.797305551707149,0.794591100759084,0.794739370918749,0.794060604235291,0.79108146385099,0.791056474477808,0.78644945810107,0.748619410028319,0.751608042989479,0.750005518915529,0.773976939810116,0.786368994090263,0.789762136914069,0.786062004862231,0.774068558680292,0.777169419799073,0.765383395758223,0.760376712954347,0.758950968053898,0.758950968053898,0.755577310961579,0.750588968693318,0.750557075326344,0.752226611405281,0.751652356783405,0.753877359595149,0.753685208416227,0.753159691691954,0.748532585833098,0.748226568398659,0.751943891975282,0.753245558193303,0.752626758799379,0.758010260976424,0.758207469226425,0.762046379462396,0.758599081937755,0.758743284321914,0.756931492863757,0.757266601711782,0.755421008676424,0.75246537944061,0.754949454970008,0.75292005957982,0.746363849255906,0.75268673081516,0.75262827237719,0.759319022985525,0.763349828461369,0.761826367793149,0.771507307307256,0.769142855219268,0.769814284295159,0.762898649546765,0.758310374540361,0.75477279136982,0.754632125257267,0.75466666982856,0.755108812973597,0.754942485480647,0.75256377300333
An8_Tr118,1.01459760001511,1.0256135431426,1.02601372346325,1.02803648849998,1.02402183494856,1.0147533821367,1.0160878793682,1.00541292087596,1.00480748766377,1.00468503865784,0.989590224998445,0.988708298246699,0.988692231603134,0.988145062037093,0.979396695107009,0.975875392322749,0.980012497812144,0.971607474697852,0.973942224402897,0.974397978624118,0.978935391675138,0.985048148149358,0.987970016290785,0.989667661892349,0.993668904135592,0.990114498930574,0.984910890518965,0.986298698310125,1.0018664881881,1.00371725680469,1.01906631110208,1.03516733948119,1.03258610938936,1.0548609085368,1.06872992205326,1.06247396995586,1.06178336423071,1.05696237175002,1.04509624059929,1.043746946298,1.02771512891709,1.02209319117898,1.02528393288608,1.01895724068615,1.00308748036237,0.998350035941484,0.997627991499512,0.991370094060532,0.990754703246603,0.989256288957711,0.985357667561621,0.981142512217742,0.984489624793403,0.984229454113993,0.974436828789565,0.978383163661749,0.97677847010702,0.975932388487587,0.975011678924435,0.978579278586181,0.976899192418599,0.974653437129868,0.980918889491282,0.980990654592461,0.979206208842357,0.978299385058845,0.977409707643353,0.977218699742437,0.973113780763129,0.978248434158146,0.969723298374161,0.980864946049278,0.992813451281941,0.992813451281941,0.998936881206559,1.02598800130209,1.02687568252749,1.03029657955218,1.02932269938171,NaN,NaN,NaN,NaN,NaN,NaN,0.901842638322477,0.938171261688208,0.93822558954389,0.982843795268862,1.02977498788649,1.02968171478293,1.03035444652,1.02333227784485,1.02408981831702,1.01246204214736,1.00596812176893,1.00035092511534,0.996286841775847,0.985515182595238,0.983435992224679,0.982151380358009,0.98539259276658,1.02277332032409,1.02093503643884,0.981042448851387,0.91251328105328,0.953471715177051,0.950353571464007,1.02608969358554,1.05352352314965,1.05352352314965,1.05702624486955,1.06558760364213,1.07669753055667,1.07669753055667,1.07728880655212,1.07215236980745,1.07218312497894,1.06006887558692
An8_Tr119,0.990441851193087,1.00564452302707,1.0071384328372,1.01801010503417,1.02718357689377,1.02452165444737,1.02395607317475,1.02364566416979,1.01501961205613,1.01475547024441,1.00365420651546,0.989799775944841,0.98469635808857,0.988247869012301,0.981084272898034,0.974523521859406,0.974510137336319,0.976269152036762,0.976897743230556,0.972968562119585,0.975693467567257,0.972122035168251,0.97088307677516,0.974703256833587,0.970507217168192,0.973096756515722,0.972895903702153,0.956829849041535,0.840810699295899,0.838995311101725,0.804718736859113,0.822545087642011,0.821731425856359,0.813468979647852,0.820334667895108,0.824312630849139,0.826345461181699,0.823742481027814,0.821990743980748,0.81818789673431,0.815958621813104,0.811386766969103,0.808684332828382,0.808317737619689,0.802612530585309,0.796083693510552,0.796083693510552,0.798459853981543,0.796165149274027,0.796683184880373,0.797395740203422,0.790081430543391,0.791774528360285,0.792549832844289,0.793167350618436,0.792830840503724,0.792949822959773,0.794044068188783,0.791944786314882,0.791039532498681,0.794487156395733,0.793601304701538,0.795474492242296,0.795474492242296,0.788054542220831,0.784834067279204,0.784321727958262,0.784686628945935,0.78510339338994,0.783287181203388,0.784398412274805,0.786247425114328,0.778687886935018,0.778687886935018,0.779086655889362,0.778387145142028,0.778093226640107,0.782861143332018,0.78886719647397,0.785754038219178,0.786141748727451,0.786943131530762,0.779366461039975,0.777719996235151,0.786226144411246,0.800016139207979,0.782575925719674,0.782905983570977,0.788729722249964,0.804633466431484,0.80301672485233,0.804623704086687,0.805854888117961,0.805421410064847,0.794861282369241,0.790532666653015,0.789477033041889,0.789315181464451,0.784557982695826,0.780844937148912,0.782013012720018,0.784320636096673,0.777258247697206,0.77626160102085,0.783092161531232,0.790932927006949,0.796604260150642,0.796955168124086,0.798204422891836,0.796952203745571,0.795420351230557,0.789335975086661,0.786089477479346,0.779187408090964,0.779657889910281,0.791027965816794,0.791833390669426,0.796493175812478,0.809490903018606
An8_Tr120,1.02440661910953,1.01008031647091,1.01008031647091,1.00285589255926,0.998771199784373,0.998876544541736,1.00484827360645,0.999217331684609,0.993144933623369,0.993144933623369,0.993259441907656,0.993960185545585,0.994352541217313,1.00185503755124,1.00216391538131,1.00586394599869,0.998030437629855,0.995520303748923,0.979567829544907,0.978667388903392,0.99184238790231,0.99750890900415,0.997342675153135,0.999446998321795,0.938333695861115,0.873285787618605,0.873112515914269,0.920447373889942,0.974286668355217,0.974286668355217,0.988078937480818,1.01314337565058,1.01351495841094,1.0336095529244,1.04056071956904,1.04332058586009,1.04635884961808,1.04314830442377,1.03009729833619,1.03009729833619,1.01456262888259,1.01187053990126,1.01271896043986,1.00070773421777,0.999560220410807,1.00372194320776,1.00335089078233,1.00114285123396,1.0125353706197,1.01250841796808,1.03405731331339,1.04720153095489,1.06064048781485,1.06314158835264,1.07941944361845,1.07280991731822,1.07285148751736,1.05639778284855,1.0893299374027,1.08894146071788,1.12069139169441,1.11637723636441,1.20226696509292,1.20306192072586,1.19294641184208,1.19361319754418,1.19261023463512,1.27203922155559,1.3295564230638,1.3295564230638,1.33484453402215,1.35312986434331,1.33558344308242,1.33408316745354,1.16110582801974,1.13171112487797,1.13209256305046,1.08488554351019,1.07080495119347,1.07080495119347,1.06300379665225,1.06850669492758,1.06851808374717,1.06659159831745,1.05777566330426,1.05812332637288,1.05812332637288,1.05864184298455,1.05865984344487,1.05281528978611,1.05102935312261,1.05052643994147,1.05062171242104,1.05234972572488,1.05291567104785,1.05826141557924,1.06332625149579,1.08629694037641,1.09287686965144,1.11064318838904,1.11249011365818,1.12744505914597,1.13817245290968,1.13817245290968,1.14796095357547,1.15057999941147,1.15098346596571,1.1535886179964,1.1469607709851,1.13703576347551,1.1388868521471,1.13398843794894,1.13644398061898,1.13608909614266,1.13654964539119,1.12314090618169,1.12313971439106,1.12186533381499,1.1216708290396
An9_Tr81,0.954060796790642,0.952077243262511,0.973820156507613,1.01407915636598,1.01493237027311,1.02361622985025,1.03788887688387,1.03857689477352,1.02466213076924,1.02105799823113,1.01416275695716,1.01329199673736,0.99937647584808,0.994111138295617,0.991100658420586,0.986993871767153,0.982351788277361,0.982432588494283,0.981406871494537,0.972395135114466,0.787511224282509,0.788557933914671,0.746005285197219,0.7406950289521,0.738849319480842,0.756485982058362,0.756318302970714,0.756922161398954,0.752208881049221,0.743266564688012,0.730933928981068,0.727968220667077,0.716169763467444,0.71465300413712,0.714485795871397,0.717561487684537,0.715572965943129,0.714919594748004,0.713958195859746,0.711133598361788,0.715116133590338,0.714948075572549,0.720685320531989,0.717079214067793,0.70724649136263,0.708131463445222,0.703823648153129,0.699417250225099,0.700566103636713,0.707004489972627,0.7033909511019,0.7033909511019,0.709603101813017,0.715023685644264,0.715156742411165,0.720915633305054,0.721594041802512,0.721131936072708,0.720740532388417,0.71358489174429,0.712812808595782,0.711575685768582,0.708781503455854,0.705520929852099,0.707342757038686,0.706900430716732,0.667903468548825,0.515078473646061,0.499070132619061,0.522118427382083,0.552750391786121,0.547728246328617,0.613936132102233,0.653505937873041,0.654595567046569,0.783025853653825,0.798838865445841,0.831669570479075,0.831669570479075,0.865575070153516,0.885342131245851,0.904875174162835,0.907879783658662,0.900454868835152,0.896400638158941,0.89641317602978,0.886792702098842,0.879844359626092,0.878534712268992,0.870500483219413,0.862634277794956,0.862634277794956,0.853211066928754,0.850235999527957,0.846231615280936,0.847555843088632,0.848010329507802,0.848028906777166,0.848553238031653,0.848009515486968,0.847479194733759,0.841397381386011,0.84174985503147,0.839819035578286,0.843766976210107,0.843453634451971,0.841699731945758,0.845102692426565,0.840336965739168,0.841265096681723,0.836374038290442,0.835852818142472,0.836148714915431,0.831553381058089,0.834179567568433,0.835542332728938,0.824860835182052,0.673489941215445,0.667312020614814
An9_Tr82,1.08963719835898,1.01100682696274,0.889476475003554,0.889255592884062,0.917119794403158,0.956018590307809,0.984175705071389,0.984811021906142,0.992468104771791,1.03162515824019,1.03236205850443,1.01956511905542,1.02455936620868,1.02407231608209,1.03381652163602,1.03471259789342,1.03436984748304,1.02995882637091,1.02098887885616,1.02383371438935,1.02393998573622,1.03346943827185,0.494709496763137,0.494753736945162,0.465615352246655,0.499804994369922,0.546812618883004,0.548121876719727,0.614506891101928,0.629986228699261,0.62850363594799,0.630978279624732,0.643507083397846,0.642502671501017,0.639965108701717,0.636842651744363,0.638160502923895,0.638447214963183,0.639553854794909,0.643866857695382,0.644817251232204,0.645936971455382,0.654011801062958,0.665608450142906,0.666483117912863,0.672161851081193,0.664237415315998,0.660728318973583,0.662741979955519,0.580857850550732,0.59004336842445,0.636401298260484,0.801645008202736,0.815336470841961,0.98307910393221,1.04412109732982,1.16403355197995,1.16432756578491,1.21643737440876,NaN,NaN,NaN,NaN,NaN,NaN,1.35397305286152,1.36287301772834,1.36123951772929,1.39117425528783,1.40103269203189,1.40313787910192,1.4051948273773,1.39182676138726,1.36705959786295,1.37241979206169,1.3881747218583,1.3681610443101,1.36562034721411,1.38725545311856,1.39455086654005,1.35534789537791,1.35440222805395,1.38603671862387,1.35932491757841,1.36019043368149,1.37821391591616,1.39814319989799,1.39981174273746,1.40048596933839,1.39849312778383,1.42349069723842,1.42369415084561,1.43849514999885,1.41790935695354,1.41772368943083,1.44655304924701,1.44311978657469,1.44296376662533,1.43216422611465,1.42254211465276,1.41767909823297,1.41722888371505,1.37692685458334,1.37253260245061,1.37256324645507,1.37436784858081,1.38261310063311,1.39910067463862,1.3913812903394,1.41615426821971,1.4390760917595,1.43782896849792,1.42812579701309,1.4237866099819,1.4237866099819,1.4367944313747,1.48560146705409,1.46417232905238,1.46228879548006
An9_Tr83,1.00791224563827,1.00746704787383,1.01592541742167,1.02027255063436,1.01814507461682,1.01561333800017,1.00484787594595,1.00484787594595,1.00319165078412,0.999680776900821,1.00030430372079,1.00030430372079,0.991370681484311,0.990467682328741,0.989661587786005,0.987130183745929,0.982082236855902,0.980532648128217,0.980242518467361,0.979874393224668,0.972243785569585,0.971994818957765,0.96525657951652,0.961810741442032,0.965383595558719,0.968550835267412,0.967831136836107,0.967831176377095,0.968527775541561,0.957320254192525,0.957887548048477,0.957887548048477,0.977149583118774,0.998950319911136,1.00623597989159,1.01132735589935,1.00273527240529,1.00409405389923,1.00699287397998,1.00763171102088,0.999967859635954,0.999967859635954,0.994765818375296,0.990279161818855,0.990424197147577,0.98214460623293,0.971885944141994,0.975103519886159,0.976447509492038,0.963705001738976,0.962715646526533,0.965085367920329,0.969380860300282,0.963834880271069,0.963630685356014,0.964136495700339,0.962595636853219,0.966562972069519,0.973519226188223,0.971306971052585,0.973713182308678,0.973201533577402,0.969088669894306,0.965408251378733,0.96273504648384,0.96273504648384,0.973770747608557,0.976504850463467,0.981947393276373,0.966929836642323,0.969083165096168,0.970919776663193,0.977677071954022,0.989961083425768,0.994697556260584,0.995267845825713,0.994105785109669,0.988808257505813,0.989211511057528,0.97944824741192,0.972345450817208,0.975334666506604,0.97531134568392,0.971397547755187,0.967296112457503,0.965927355772281,0.962063114180017,0.970451278100661,0.970451278100661,0.96687029119893,0.97489108849615,0.9616235937188,0.961208768844545,0.96296770307648,0.974639618415477,0.974595076126151,0.969778039707547,0.966248368363641,0.966388449769318,0.962591373062305,0.968129084728714,0.978441119877691,0.979302306476072,0.978559756630215,0.975294564299878,0.975984065014302,0.972922418315736,0.969636620878531,0.968954913740666,0.967994547469481,0.972604313575464,0.970697003047132,0.970085358728012,0.971247717730639,0.972014829668018,0.969920868940165,0.971130142655055,0.973939197826297,0.972014457665073
An9_Tr84,0.926600648343581,0.91464942339742,0.914921617365264,0.967637448406232,0.98048014066776,0.991868897353336,0.99664902685927,1.02630309906318,1.04136347690198,1.0403787086108,1.05131331779295,1.05336737667235,1.04177416402608,1.04194752333412,1.02813874455966,1.00324449849117,1.00325105538345,0.995797041552381,0.980313791219024,0.982621194210485,0.984042613315623,0.983509622572186,0.967686840163791,0.96776951756934,0.955498876904122,0.953210924989536,0.953101492955748,0.96363977575195,0.965185128930835,0.956078528999665,0.957376197953701,0.948503336279654,0.943613777626779,0.949325448326316,0.949918219467199,0.947360313261836,0.947360313261836,0.948272630262439,0.944257050844332,0.941491004618512,0.941261857128406,0.941144494059197,0.932724030834429,0.932812081570563,0.923595005532615,0.922954073325607,0.926107220714648,0.919520812397087,0.912865810909599,0.911769411357164,0.909672872665894,0.903806904887365,0.902868616486,0.902745163537698,0.911888852884097,0.917727126335866,0.919936146654356,0.920994264417395,0.912039406480863,0.908489215314918,0.909160280573191,0.914489139987315,0.909752218667925,0.909752218667925,0.906471412476199,0.903657692180486,0.918685553592969,0.918965045473385,0.927271631384325,0.928543248699703,0.929696577005519,0.92383245952536,0.919918084117095,0.918429217084802,0.916396939193072,0.899229388003147,0.871162720413281,0.870945551181795,0.776849946753763,0.773907560455781,0.773027515901924,0.792396550012673,0.702468095133796,0.666545587007147,0.666131583167465,0.715666272740391,0.796129874071117,0.796633044008664,0.861476421137502,0.882507927592626,0.882359761806187,0.934707063986609,0.977652132044089,0.989248720010487,0.990058886880128,0.988807842625162,0.998112098974359,0.998866241169805,1.0081200083842,1.00945552444744,1.00835080936867,0.999367435040146,0.981414757050485,0.975810854547363,0.97347029233755,0.966332315619472,0.968573461403401,0.970161999818249,0.964585163407906,0.963954297977507,0.963777763367128,0.960436345454366,0.959536132767609,0.961307258744123,0.96143728259406,0.956849315679619,0.961842247250852,0.960596899996905,0.95433587187102
An9_Tr85,1.1059918231354,1.1014271041183,1.0867851933898,0.941276814181086,0.941867983077993,0.912040620527325,0.928231078957819,0.928231078957819,0.94660212050232,0.954985495491102,0.960202873249974,0.979821087429503,0.993265634981966,1.02344920556052,1.02350719476867,1.03963904353937,1.04492963468144,1.04447807931902,1.04326793413057,1.03594423296862,0.991776079968334,0.989014749742128,0.772318573856192,0.618568233859086,0.584867491979747,0.570084138959445,0.546934281077343,0.542287311188039,0.590239240802453,0.648440984220846,0.69591418018474,0.69591418018474,0.737903948292105,0.77373659377995,0.773869545175319,0.793119121999657,0.817276688984387,0.817276688984387,0.844345734475014,0.848920390174721,0.854609441112887,0.85585021635333,0.857916291038904,0.857982668934849,0.858887837359065,0.851087339177515,0.83936598302318,0.832510064213265,0.831989346093105,0.830603270121631,0.824745910986432,0.824355422113821,0.827279241530836,0.829145882475194,0.829478442854222,0.827064633326767,0.828208489065659,0.819537291250786,0.821128981523278,0.824010234528959,0.821577606225008,0.823440807748874,0.827363349064763,0.831575710256245,0.831575710256245,0.829232265395754,0.830727515144995,0.825877689726997,0.826020297186784,0.82464564984469,0.827206636150456,0.825932555088883,0.830494260147312,0.827867811124597,0.828623770634748,0.835564037935581,0.843099664122476,0.839318625136173,0.841589267977471,0.840230196696193,0.841820451919596,0.837149191864218,0.833560276705413,0.832302307800196,0.831094015934147,0.832091181791295,0.826158517421122,0.830628874269255,0.830650492963549,0.658420539021542,0.581892425463261,0.581956121005668,0.582670303506049,0.578382218704534,0.548965845073302,0.54812338187051,0.511244476750834,0.569074921577589,0.569145090438901,0.820147936573713,0.897722509394922,0.897216884056451,0.937550372647123,0.967671748739053,0.995992530606085,0.995847755843988,1.00823343636282,1.02274131029034,1.02340161926434,1.01291103053591,1.00317187263585,0.991765567387486,0.991744035120262,0.980762511433042,0.98203047291569,0.981124117268489,0.98115707179029,0.974955664811884,0.974955475288629
An9_Tr86,0.970453367365473,0.970393144829646,0.989637981960735,0.997058155900052,0.990900522281715,0.992662986563111,0.988618824325414,0.994213397108123,0.994213397108123,1.01031274168079,1.00623525866501,1.00599549047866,1.00150672681338,1.00542349510292,1.00167584113683,1.01260260256525,1.02313188843157,1.02249430518844,1.02246987249476,1.01652618376363,1.00908978873801,1.00975665692526,0.768750613788157,0.770105987136499,0.770379856789372,0.812229266605892,0.876489744603333,0.896855785443426,0.896333782634399,0.917503542131512,0.925810052261318,0.925810052261318,0.915524919761544,0.917041230405205,0.915479875989295,0.91323318768724,0.736101256096599,0.531059919192221,0.531288198607619,0.591350424376627,0.636357665981868,0.636281187781537,0.648157317827828,0.662228529832216,0.668316093173736,0.671714273707187,0.670068896755336,0.67495155248427,0.67389650574091,0.681711530127929,0.685466411638034,0.687175927013647,0.688704571734321,0.69718535599673,0.704213708561424,0.704070741557079,0.640719128182407,0.551791719951699,0.544766126221459,0.535075948621948,0.539317647934982,0.539034801424457,0.511600664417814,0.516206254417596,0.586252825040131,0.587206204215049,0.656000504176044,0.677949491887099,0.675761509052461,0.679953803934857,0.702641339908919,0.70351406264716,0.710260295558314,0.717982740311353,0.726849110958654,0.726849110958654,0.723857228664363,0.726499846972318,0.726929018994168,0.733791117687686,0.740499987819363,0.746460871713483,0.745096588303663,0.759207162923752,0.769881756500142,0.770288275444367,0.781706290611261,0.787227473302802,0.805873989102717,0.80898602200756,0.813895461542125,0.814458625899576,0.809200101611039,0.811862920066184,0.818036014822993,0.814048351842482,0.82398007194493,0.838599538965416,0.839609710797223,0.859193442334538,0.856281433759607,0.871698768312481,0.87179858220133,0.882595564465642,0.885348708993131,0.885348708993131,0.88903063572566,0.876786066118738,0.889761106999349,0.889860893525479,0.891593373206687,0.89671433324723,0.89671433324723,0.909872785906232,0.920285883528004,0.931853024086264,0.931621156814264,0.993141251356341,1.04600363907103
An9_Tr87,NaN,NaN,NaN,NaN,NaN,NaN,NaN,NaN,NaN,NaN,NaN,NaN,NaN,NaN,NaN,NaN,NaN,NaN,NaN,NaN,NaN,NaN,NaN,NaN,NaN,NaN,NaN,NaN,NaN,NaN,NaN,NaN,NaN,NaN,NaN,NaN,NaN,NaN,NaN,NaN,NaN,NaN,NaN,NaN,NaN,NaN,NaN,NaN,NaN,NaN,NaN,NaN,NaN,NaN,NaN,NaN,NaN,NaN,NaN,NaN,NaN,NaN,NaN,NaN,NaN,NaN,NaN,NaN,NaN,NaN,NaN,NaN,NaN,NaN,NaN,NaN,NaN,NaN,NaN,NaN,NaN,NaN,NaN,NaN,NaN,NaN,NaN,NaN,NaN,NaN,NaN,NaN,NaN,NaN,NaN,NaN,NaN,NaN,NaN,NaN,NaN,NaN,NaN,NaN,NaN,NaN,NaN,NaN,NaN,NaN,NaN,NaN,NaN,NaN,NaN,NaN,NaN,NaN,NaN
An9_Tr88,0.911750115790489,0.91250459590659,0.911024657358268,0.906061700117595,0.906488565257779,0.911447367619411,0.911274605554755,0.914290348570191,0.875822631009222,0.919794940346743,0.964650802814629,1.01038414801953,1.05698991773506,1.10908220202715,1.10843901817108,1.13867966736068,1.17604576080653,1.16335645050411,1.1919125050302,1.22787471981686,1.22961504151758,1.23093791358053,0.971439354971714,0.759877209288918,0.759532740364806,0.770269710517297,0.836864626618344,0.836356423804932,0.824596755677768,0.846719063127436,0.846719063127436,0.858702232057254,0.842662969244148,0.834282404653176,0.833321152999165,0.836581238154952,0.830861291155265,0.82840101077746,0.826135810982488,0.812119649172626,0.809531370188854,0.80954994163789,0.798211140823763,0.802176276378229,0.798364458874813,0.796345619742731,0.793712886621525,NaN,NaN,NaN,NaN,NaN,NaN,1.01108235815576,1.01153286965335,1.07527017176731,1.11063172341663,1.15739961122746,1.15644378285937,1.18085556918569,1.20893034610755,1.20920580865064,1.21534584331975,1.21591201517688,1.21502415507661,1.22278806537189,1.22209681973297,1.21974310579109,1.06229092396472,0.788956713262823,0.672583197796889,0.62955383985361,0.578309034762212,0.567392907323829,0.567392907323829,0.636343267888342,0.659524677042436,0.691375355006267,0.69108864203741,0.705798335071992,0.71388082649312,0.704973379437081,0.726683905693071,0.745849935583319,0.764124906605722,0.762838946290304,0.765437660861825,0.770188739556408,0.770508902073554,0.787324148025926,0.798812705666246,0.798812705666246,0.723298876166081,0.606772168048145,0.596107039041499,0.592401019402343,0.64004519406335,0.692938664783307,0.692404172408485,0.719817338189755,0.736814963055168,0.735744108996171,0.772027644280397,0.803521109785344,0.808961154397408,0.809611853458234,0.806426757931019,0.795178809029119,0.794517455705647,0.792823102043939,0.802260383351356,0.800408781391058,0.796642495404837,0.700774337735503,0.66693279494331,0.665458381707827,0.719833112695259,0.765563196034327,0.765563186108475
An9_Tr89,0.932006161486592,0.936281350665252,0.939918280190082,0.971114269884306,0.989444555735286,0.989202537547005,0.99217735965327,1.00511789091872,1.00137018826199,1.00134909495586,1.0007319565981,0.999446187831819,1.00154197557075,1.01599429718373,1.02931924642378,1.04904110793992,1.04941398469387,1.04230155220574,1.05422800225395,1.04935655190599,1.07653408042274,1.09315478482156,1.09275414676393,0.853795036627707,0.829452012964119,0.905511269959982,0.905511269959982,0.987417184120551,1.05299943651753,1.05445074942324,1.06562112253073,1.04048772017397,1.01710521088439,1.01710521088439,1.00048649381134,0.989462566364494,0.989438937669911,0.971107136348197,0.959994673694891,0.958036456623363,0.942922614623265,0.935867097471572,0.932874636292167,0.932874636292167,0.929690995195152,0.928580342078361,0.92443747913653,0.913972058498658,0.90588497008092,0.904918391140929,0.905404302399966,NaN,NaN,NaN,NaN,NaN,NaN,NaN,1.15360819816442,1.20077157910997,1.19883551652509,1.22144093887403,1.23562638291618,1.23452834545513,1.25922369643491,1.26367517362747,1.26532973831075,1.28335136202132,1.29895221131574,1.31091025123045,1.31154187938816,1.32023435381739,1.26484437282727,1.26638980896811,1.10042528906408,0.985116133844265,0.961963697050921,1.01057896905665,1.08521838609465,1.14720385860862,1.14929423303838,1.20429387779845,1.2240414174914,1.21975092444263,1.24704786448239,1.25538806633617,1.25348800574087,1.25572384381932,1.24403007020538,1.23777198493698,1.23845076175337,1.21925676251943,1.22929909628265,1.22898817363712,1.24586658821539,1.27048668146581,1.28048871500363,1.27948317485799,1.28365802123441,1.28890285409054,1.28988140395322,1.29230950340608,1.2926553658566,1.2928408712421,1.29491936790244,1.29456061675527,1.30174264960764,1.30141108391338,1.29565539805562,1.3635855124105,1.36178552048603,1.50428399657817,1.57681747539752,1.57886533556829,1.69877322870443,1.7193055037906,1.73911954932548,1.73841919282122,1.74167841784462
An9_Tr90,0.994820580986251,0.991952630762796,1.00310132531141,1.00434402466154,1.00443674359228,1.01089416947076,1.00996954833029,1.005897275461,1.00419298981822,1.00665083631837,0.997605479351504,0.998437278169123,1.00259321656516,0.997125622782207,0.998765665960138,0.988875742217461,0.987811434929955,0.996103225491997,0.996422209819542,1.00174969194698,0.998302955208868,1.00066369451183,0.766706360665333,0.806865993225018,0.803447531632169,0.796565362614823,0.824315994707477,0.829262874672087,0.829039228884839,0.819844204632216,0.813984850668331,0.814949932840362,0.813744226313755,0.806537204802221,0.807294362402663,0.804751316737863,0.799633468594335,0.812946561189554,0.812946561189554,0.860064201738875,0.873809224416422,0.872447546293003,0.908646871318967,0.971246234012876,0.972454309460715,1.00691890837709,1.01720786119969,1.04018486298338,1.04145919600128,1.02530386655289,1.02288409759634,1.03049133542543,1.01034830168687,0.999477775420056,0.99502286534574,0.99142076145437,0.868807299454589,0.906840027222083,0.905548395666299,0.946269180507886,0.957820880612408,0.958606057404105,0.987902283418201,1.02576147510891,1.05392937565677,1.0510774035064,1.05733337732653,1.07313498015642,1.07744402500111,1.11149138531387,1.1281008939667,1.1281008939667,1.12285371278965,1.11813803999795,1.10883828254689,1.10883828254689,1.08898160311504,1.08388902528464,1.08406792754377,1.07295189436162,1.07429973270251,1.08716537387737,1.08749086830119,1.06864673920535,1.06653887054219,1.0638411781853,1.0674003887708,1.08559075241709,1.084791427309,1.09255956441065,1.08947967722926,1.07769056158492,1.08261312503967,1.07760121055295,1.08665382192788,1.08767480176762,1.09065653874039,1.09433048369235,1.09433048369235,1.08833043125654,1.08207293286253,1.07690291910618,1.07639147350242,1.07802596815183,1.08097514056617,1.08097514056617,1.07611848181011,1.07431297893839,1.07435615417316,1.07441737811951,1.07466416454106,1.073769209918,1.073769209918,1.08633322863483,1.09613622531699,1.09454996392735,1.10358735471632,1.09302040179873,1.0893144927493
An9_Tr91,0.961081531623045,0.963488684014717,0.981269785134081,0.980149335733981,1.00457267339791,1.01005919977307,1.01778583410715,1.02176799596445,1.02137916437639,1.01660451643929,1.01800128106373,1.00804922970428,1.00804922970428,1.00523629566696,0.998473278458509,0.998444818482027,0.995525209990261,0.994718056322297,0.995343880043574,0.989682857673387,0.98417586075458,0.923615017777848,0.92348611266669,0.900334093906377,0.905731458700427,0.905673518940044,0.91548497788876,0.916124070392324,0.917113680327696,0.913075935967,0.887319722921192,0.884849990429468,0.88411749438685,0.884503141810488,0.885006404548855,0.884256321569916,0.888043019322925,0.888432097026903,0.888940293854061,0.886165031481697,0.886241581478703,0.879687458190881,0.87976986835232,0.880746201506909,0.884107868224779,0.883923200697533,0.888596014067167,0.887059491758221,0.884368769469199,0.884471064519244,0.884349876771089,0.883796803860547,0.883141727957843,0.888508772126973,0.89384419690406,0.903222623826318,0.903228097832503,0.904147369051976,0.899011122298443,0.897945365510793,0.910325385732343,0.943015575108551,0.944291943427031,0.962119442557045,0.989720104239661,0.989545250533154,0.994528438169802,0.997215927013386,1.00222794961537,1.00088199430684,1.01023157411404,NaN,NaN,NaN,NaN,NaN,NaN,0.918559559664281,0.946835861792599,0.947854168273097,1.02983237724728,1.05199679845752,1.05143022769976,1.05661332353426,1.08061089083647,1.04310720212887,1.05445135884633,1.10670288563097,1.09176227205853,1.09176227205853,1.1160510052137,1.11705610745016,1.12741355234047,1.1220506805018,NaN,NaN,NaN,NaN,NaN,NaN,NaN,1.14397929688682,1.13878693755456,1.14009880580343,1.13004815320878,1.12039500886285,1.12052263806648,1.1199200994912,1.11732998262371,1.11732998262371,1.12146460450936,1.11673153425086,1.11907866059128,1.1158614493112,1.10952024597475,1.11627181040969,1.11636270498091,1.1038891702057,1.10407784233759
An9_Tr92,0.996622020426923,1.00140572034019,1.0161576003318,1.01511219840665,1.01908198576969,1.02506621841176,1.01009000756301,1.00923190765795,1.00582847715513,0.99800479589168,0.999776498178719,0.996940751180456,0.988277179173444,0.986843559132919,0.987282677054428,0.986802550020317,0.98231296933635,0.98231296933635,0.992849914632227,0.984616855521899,0.976798419917826,0.974028168966886,0.971844066546278,0.968280241466238,0.967848216127218,0.975485955924134,0.981521307067709,0.980221118726354,0.981370203990381,0.980172616584486,0.980249531325553,0.971496233330788,0.972234584733271,0.967273241133269,0.967004317461098,0.970939953242186,0.97118846602501,0.971186361819543,0.970010253538734,0.965897715087559,0.969603300492192,0.964162823088721,0.965632783405592,0.96136527887227,0.961227963466205,0.955350863192389,0.960489091881987,0.959472887337654,0.950208297051405,0.868239427161571,0.902627501131171,0.901609566604114,0.935271738000927,NaN,NaN,NaN,NaN,NaN,NaN,0.946264686140293,0.963814393344196,0.964902115211644,0.967522928465729,0.970920952546818,0.972922974287833,0.977380499205494,0.97906576499966,0.97906576499966,0.980200700667224,0.975737139350424,0.971479731073056,0.971479731073056,0.967400761591042,0.965531510599595,0.965750035157424,0.963888126324961,0.96413818639671,0.964298294559195,0.964038280348636,0.963196706145855,0.959169493678547,0.961922782712945,0.957910742899717,0.959995966422748,0.95376532473498,0.953648351105603,0.957679551751685,0.950229420396718,0.950753994305799,0.951748310596544,0.952066389220096,0.951633893959954,0.953370262055024,0.94752945796284,0.949445076819233,0.949445076819233,0.951694917354568,0.951890406610118,0.952163988517796,0.955837778348902,0.961038050765003,0.960756983675576,0.951311983465946,0.932867170590748,0.947462177211906,0.947462177211906,0.976696779766432,0.990309860136335,0.987892466409887,0.97995314996713,0.981053022532072,0.982107298512155,0.977603241138537,0.978713778178687,0.982049844524395,0.98404129741163,0.981945813004352,0.973944538094542,0.972465690513174
An9_Tr93,0.988542524785084,0.987410716574989,1.00156317761678,1.00239603092183,1.00239603092183,1.00716589504874,1.00989408078445,1.01049975764505,1.00885851716304,1.00458821016615,1.005046333545,1.00491366117094,1.00043549720357,0.995063351038407,0.991646665422994,0.997923286205367,0.994426547926411,0.994426547926411,0.992803167932937,0.98876872927505,0.983508124844254,0.983352287032404,0.924066949734559,0.895596694050921,0.896310122205886,0.906494049375334,0.920461958413608,0.924408964066556,0.924551573248785,0.928879635741154,0.916221515556363,0.916441816052006,0.918248227113982,0.915707741157586,0.914738890146136,0.90849944008848,0.905145410460611,0.917226219000785,0.917226204575378,0.907667181364194,0.909553873660206,0.909257086819954,0.908727064880589,0.914079051185326,0.914011736961647,0.91231893324488,0.905736382870514,0.901284799762736,0.901284799762736,0.894461311897105,0.893633145877054,0.897209438533464,0.894653422010889,0.896673985395318,0.891385626285844,0.891399285048866,0.888203436491759,0.892277261571073,0.891794116255201,0.886116787535901,0.893243234969624,0.893515839822164,0.895403535257112,0.888800699283991,0.881454912971066,0.875975064167999,0.835838245518988,0.883413866154371,0.88341374512732,0.932503212930985,1.00584568861241,1.00929839683523,1.00951795126521,1.0209851211675,1.02570784582312,1.02592538909868,1.02379434824427,1.02425039900623,1.02474179145235,1.0307235081391,1.0301953585615,1.0172704713867,1.0172704713867,1.01610579565155,1.00853881811256,1.00771961252859,1.01168540589215,0.997754184390435,0.997781919173542,0.996976041058328,0.993305504469623,0.989697006584339,0.988870163022722,0.98751096952476,0.991532571254583,0.988824673058385,0.977604707952409,0.995342236795615,0.999494066197338,0.999154416138633,0.992526576256093,0.99261794389069,0.996754229685474,0.992398203311629,0.994127885365705,0.994127885365705,0.992778727678808,0.984346612570979,0.986551009192462,0.986789171438146,0.99388850632604,0.992535921704505,0.99252912732827,0.989083281027992,0.980512450169647,0.980441787596797,0.977482329828971,0.974658009613253,0.972372940682608
An9_Tr94,1.03798984030358,1.04018781653847,1.04269500555838,1.04250794100839,1.04398703089323,1.04749129180038,1.04820655963537,1.0437921994495,0.942527494870135,0.924667292134216,0.926028825592566,0.961352230524197,0.968727354339257,0.96876665578522,0.981636967832332,0.992074815253423,0.99164082999144,0.99839558613494,0.997324262354974,0.993664667331824,0.991374186190822,0.988850189511891,0.951211483882998,0.929173872777725,0.928560063207009,0.94930583693105,0.988146250486148,0.987415951079172,1.00134429516785,0.99541075198605,0.999172018996585,0.997665473398807,0.990572732396285,0.987114548724995,0.987114548724995,0.984164289286014,0.980543553596459,0.980592790154011,0.98384888646862,0.977901637756607,0.983394968601112,0.988114983779283,0.980184877444047,0.97652864864952,0.976455089403774,0.9171905808489,0.843685517030214,0.844227260828118,0.874399389423854,0.916330139418192,0.916770750998365,0.935413749037675,0.929675943706071,0.925420315037923,0.925420315037923,0.928523402681079,0.928609486778832,0.929368212926498,0.927469587101077,0.926285776680348,0.930935755729142,0.930290528305341,0.924534518099398,0.924703799242749,0.928536117115051,0.933094551344543,0.93824488275471,0.938096642236996,0.940034378146116,0.938290075022689,0.942013642551883,0.940162566391864,0.939846784925273,0.932565424311701,0.929980492070021,0.925990916037252,0.929437766443909,0.929437766443909,0.937266362165376,0.934682601060008,0.93734739516295,0.937773478276596,0.929414149133575,0.932378802647738,0.92919738906662,0.934200101497034,0.945218212533866,0.942430117855905,0.948213344459136,0.943259443498734,0.95121344618063,0.950917966031888,0.956204355280099,0.95587360608158,0.95674576991994,0.94954300955756,0.943065124089844,0.945590768817644,0.946362276504817,0.936281082208349,0.939076979513901,0.936924675648249,0.92907563588692,0.944782272391259,0.944782272391259,0.960807100059127,0.963927892735052,0.966462948644851,0.965646400579362,0.964220850838938,0.960204033747299,0.960204033747299,0.953777207920677,0.954654106282924,0.95088246722741,0.953823308003769,0.953826811904454,0.94146556201817,0.941132779338675
An9_Tr95,1.00041747449515,1.01149254508829,1.02060076067825,1.0202978910198,1.03100524698034,1.02321533331342,1.01975290522933,1.01829525005019,1.0009388156679,0.995620368368771,0.995305994492834,0.989410526640282,0.988181644719812,0.984945726223149,0.98148400564044,0.978223078875823,0.981078721071126,0.981092918545729,0.978640792899365,0.984918912535495,0.988585774701516,1.01061522360748,0.987931236834836,0.988659337263546,0.988918867841778,1.01359571601167,1.02525817534912,1.02563985794277,1.04178589251764,1.03250083092859,1.02798166387683,1.02221965058311,1.01985164248462,1.00397635629075,1.00423784295801,1.00021855523739,0.995923261989582,0.99280959878257,0.991348223422673,0.98992565826036,0.990381725126277,0.986516343141984,0.992173910868174,0.987194740383602,0.987930987307496,0.987133002622374,0.980228062547327,0.98030954181906,0.975115200614402,0.970058615779569,0.973172879669873,0.97168842950768,0.976612912065458,0.982529025561236,0.982659489556665,0.982132590724182,0.985451046539316,0.986328891154094,0.985497524214998,0.986917503856051,0.992695547523477,0.992902283409584,0.984887572585501,0.988264239429241,0.989449902994217,0.989257767971475,0.985645711927889,0.987779320885487,0.980630551818007,0.940670324824419,0.921771049930673,0.922911283536897,0.952981948936631,0.983710905791162,0.984922552373371,1.01173808167082,1.01790105508038,1.01834693144863,1.03941173691805,1.05618082766846,1.06950190829565,1.07076622054927,1.07936861483988,1.07464176405798,1.08050750762317,1.06537347056309,1.05972759664882,1.0580690709984,1.05722236153684,1.04648313809368,0.998577249195771,0.997254903526793,0.883087890587906,0.87253808380697,0.940055602666003,0.940818649861986,0.937942754265949,0.860949455702139,0.860848785232366,0.866684660831018,0.88968642858359,0.889037118310012,0.890969884887272,0.901156475093372,0.900754559028108,0.897855292229517,0.909490765081983,0.903220220995795,0.902937028923636,0.903462831226142,0.899674845753837,0.898289524213266,0.894838395633007,0.896826160259788,0.89670998418907,0.898266901066568,0.904196945168087,0.923621849796535,0.923563692926571
An9_Tr96,1.01472238469127,1.01565514127018,1.01547049335308,1.01873687717441,1.02649260187584,1.02565324717431,1.02275061098411,1.01447765338004,1.01558571961461,0.99367293620203,0.994335563017392,0.986759558654096,0.986440635511447,0.984820377663724,0.975283902895147,0.976515981857226,0.979306236678526,0.977517544827261,0.975802533175321,0.975476521474492,0.969551199743035,0.955108615226562,0.955178629986049,0.941744331720551,0.979503589824197,1.02541781983658,1.02574871946918,1.03855594355004,1.03882387915459,1.04175630651496,1.04351795372063,1.02984163159397,1.03023598943879,1.0101860939874,1.00288450752155,1.00000152073238,1.00097096174718,1.0017281108117,0.998832433541609,0.997442578460194,1.00140474639463,1.00238506048405,1.0037347137836,0.996284926807201,1.00054384258812,0.994847334860701,0.999038791072881,0.997464600726388,0.988739712154187,0.988396505246042,0.994707363381201,0.984525687292745,0.984442366746165,0.856581286644075,0.69211231643757,0.662353242618172,0.663525761402487,0.673238974874058,0.696948392365952,0.693093895665628,0.788250488093083,0.812933614041081,0.830040563031258,0.827146904550898,0.843347870881403,0.853549204187627,0.851126070284463,0.855928410048108,0.853074666055391,0.860789660984639,0.85395466227079,0.856971968363806,0.862243922156274,0.866444635136549,0.861429417388228,0.863843288152172,0.863843288152172,0.875057374753683,0.883243395314207,0.883071799654324,0.899284229258012,0.884922650473986,0.797285294809242,0.797375229171657,0.756026509959401,0.758051520871758,0.757685511024525,0.80176689846872,0.836332877635819,0.836854313013377,0.85262323102686,0.856422291115259,0.852041626601769,0.856069942364232,0.85135270964157,0.862031764388871,0.862031764388871,0.852141743921214,0.855756477020684,0.860607889808236,0.859811641025519,0.853758369851301,0.854004418738115,0.856679125753798,0.862354701162257,0.857899247070536,0.877757531334099,0.877757422883988,0.854937825402214,0.786125504425285,0.785516916289778,0.751979355087901,0.736539267491238,0.735695720899792,0.789557655912207,0.82408454102455,0.82408454102455,0.831457943227065,0.827807600884321
An9_Tr97,0.912461557443459,0.917066652307278,0.914596927722288,0.891833798792525,0.891833798792525,0.870808920384755,0.858720332291064,0.873764185892426,0.965818287183899,1.04798225022001,1.04810633530154,1.08758097567204,1.09734478789655,1.09443488727465,1.10208867810318,1.11004789449122,1.10097871800809,1.10109452026614,1.11343649195635,1.10424595538447,1.10436407053735,1.1063572568578,0.962464739495232,0.891095066290563,0.890872833185451,0.897300020826041,0.909050238300657,0.909098774153027,0.952846623530324,0.958466113304146,0.959290772243799,0.962476417517833,0.952229855712635,0.947319873131328,0.947319873131328,0.951035419716944,0.945317332023668,0.946231048989583,0.949900174949307,0.950163537792482,0.952451495010699,0.950635138707086,0.936975539108302,0.943364977457352,0.943367047008807,0.947490857411383,0.932562879469068,0.932831371209131,0.941429458305804,0.931062039079564,0.925648713011514,0.927107142840228,0.917387955329815,0.919862491337652,0.922982888857802,0.930950524112899,0.938327495756828,0.917365118570254,0.918445152042164,0.834742324562801,0.864472813558643,0.864556983408345,0.949565427139101,1.02078918653495,1.0212916665399,1.04780404395463,1.09760861934958,1.11856101146643,1.1180489934665,1.11954073000198,1.12315039871049,1.12236456442559,1.12558001317541,1.1211364581776,1.11567886368908,1.1159750696014,1.11440366236633,1.10568733012667,1.1055615784503,1.10619979052219,1.10581024183154,1.10648042830393,1.11068961980566,1.10991603717035,1.10853092458373,1.1015586472294,1.10647243995975,1.10967441166061,1.11173199212148,1.09769304397197,0.949799539563007,0.946922129874651,0.830796355876102,0.866596286475656,0.922255638665115,0.922787658322962,1.00524844726776,1.08217915989183,1.07957476483892,1.10396279994224,1.12448923928399,1.15089744266336,1.15134206052024,1.16609547071789,1.18365557866907,1.18411835464562,1.18391760300666,1.18563500204782,1.18841910023606,1.19324697754937,1.18878083371186,1.17767137750138,1.17736597289846,1.17584883624576,1.16418781723232,1.16134719863471,1.16382079526233,1.16827113123116,1.16770453474165
An9_Tr98,1.09396393782125,1.09147237245764,1.09202568581702,1.10066183331398,1.10201326940486,1.10201326940486,1.10028928997918,1.10218486018375,1.10315521049531,1.10083433021702,1.09091639602104,1.02335519679271,1.02233390300588,0.796565922579078,0.798849524462515,0.797865386891212,0.822352902674517,0.830012370307347,0.829134338170819,0.841237338246474,0.881657914545017,0.902233389221656,0.902340731880189,0.919023837292726,0.925451135640844,0.926510254850652,0.933980090192498,0.954460258686949,0.954541413845229,0.960178606397869,0.96128520803001,0.948550557746171,0.948597468565081,0.936681560835145,0.943160865275267,0.943411721217758,0.946045756376076,0.943078531666011,0.941218535639273,0.944087753989688,0.945183810133437,0.947497981371448,0.947388362253075,0.947621120934079,0.949545739733747,0.949545823230832,0.908665946480971,0.706125218853211,0.643046074136062,0.643146233649423,0.635819929381125,0.66956169076833,0.66956169076833,0.770988380991768,0.809509012104651,0.80869228543732,0.847666014408832,0.899610793676714,0.890128006815429,0.889057717271762,0.915388039996074,0.940952082970013,0.940577283721539,0.989013931534014,0.957417358192407,0.953074010767378,0.953074010767378,0.945350664097528,0.925050835371842,0.925215302136839,0.933942829417831,0.915429803406164,0.916587324575904,0.916587324575904,0.911670493176919,0.904446118721729,0.912440306471435,0.902245554810119,0.908058863256461,0.908058881935425,0.89923576851618,0.903992291405836,0.903767836926481,0.903921947975046,0.907941950412358,0.87681226232935,0.870384319048512,0.812648281635321,0.855791756254662,0.855791756254662,0.892384758158596,0.910917591868957,0.912460609925911,0.912822601283053,0.913376338325081,0.9062461456829,0.908496290235493,0.913845892356463,0.911246654280451,0.910588880640275,0.905984764038754,0.905882101297946,0.903928123513502,0.901958108474818,0.899187890900588,0.898345429551229,0.899022110735638,0.901036427845342,0.899298267836012,0.909931643536591,0.909879335338841,0.902350197467318,0.908976863495124,0.909030717419697,0.903825223829678,0.898976001454445,0.909801481606882,0.903540417681293,0.908410224586083
An9_Tr99,1.01925485828003,1.0175143243263,1.02435571719311,1.012370156876,1.01646832953001,1.00930159100293,1.00931029455034,1.00709054623261,1.00622322048875,0.9977462444717,1.00593394572614,1.02186478613237,1.02186478613237,1.02302743680822,1.00937288853407,0.929679946929948,0.930209973447398,0.935643928638978,1.00276702469875,0.992364108717925,1.04040012363369,1.05257918031132,1.05283873665329,1.04218856426117,1.04272793217972,1.05455603393538,1.05315561337166,1.06848108271455,1.06923648189347,1.06670621374675,1.06496117569024,1.06337819217193,1.04824892456188,1.0458701355803,1.05538345442753,1.05159590136907,1.05158433751015,1.05567715918311,1.05146368787187,1.05296990926732,1.05317811736877,1.04916702311874,1.03763196832918,1.03742672131403,1.04703605547276,1.04631308455578,1.04758920026362,1.03294601295971,1.04033947559753,1.03969393482244,1.04247459800456,1.04411211654933,1.03982418149109,1.03969149629831,1.03999742947688,1.04026408693391,1.04019903689625,1.04036485907423,1.0365519624229,1.03390916913394,0.937809806936415,0.897795088557984,0.948049216385314,0.948109848311609,1.03878275564294,1.09075964765208,1.09054449593828,1.10595933156322,1.12653795879116,1.16628667878217,1.16628667878217,1.19767545711893,1.20847385382132,1.2090026129843,1.19684955947383,1.18812672556482,1.18014987457346,1.18592916010897,1.17635531945446,1.17139109170998,1.17189280183431,1.17309803562391,1.16657201966437,1.16664992910485,1.15641519174071,1.16074199976391,1.12878512983538,1.12888782749923,1.06064512846968,1.08180203436397,1.08229618297006,1.10989216671038,1.12975018411768,1.12885067037211,1.14224152845452,1.12423416660011,1.11023000409715,1.10931650023847,1.0923211881066,1.08678983227839,1.08635847016654,1.08102436631699,1.07879388163978,1.07842884257299,1.07360862365995,1.0148632225375,0.859087174522222,0.858515951283424,0.836760993398202,0.797022814328005,0.79784184052389,0.806694057716224,0.846965768106267,0.949830621798638,0.949742751453962,0.992824965310885,1.00826749163554,1.00833428418213,1.02838218809217
An9_Tr100,0.948068424981605,0.966453133398575,0.982903766569713,0.982903766569713,0.988629651139364,0.988607680285068,0.988492729346631,0.990367191455731,0.989190611806398,0.982362536312447,1.00679291049791,0.995995067752899,1.00100214682437,1.00402728837032,1.00668674117659,1.0034066402017,1.00300230766036,1.04837039049627,1.12273701515433,1.12273701515433,1.13561342608929,1.13177329114357,0.979208339414785,0.980296435715453,1.00575574783725,1.02288791083551,1.02288788779258,1.10098581477286,1.13472684651954,1.13564424888713,1.15149334141426,1.15224071378457,1.15154605546875,1.15145213727601,1.14383247413703,1.14644380532423,1.14556661292482,1.1415888040932,1.15253937523757,1.14530375398527,1.14609018382242,1.13562938674761,1.13207401007672,1.13187429335491,1.13392142233974,1.1300623857213,1.12780062695075,1.11896597636501,1.12674066614937,1.1040664282806,1.10530160175885,1.10371350578804,1.1027198108199,1.10433878859988,1.10309723730827,1.0979549764452,1.0976847772743,1.09387992471357,1.09361648888958,1.09277980457699,1.09330397209973,1.01105009982037,NaN,NaN,NaN,NaN,NaN,NaN,1.13074080042429,1.17556639331988,1.1761673004254,1.19481162744914,1.21636802380584,1.23789167999211,1.24175043277995,1.26394346347512,1.25698500042638,1.26777478033323,1.2613318188566,1.25953996822346,1.25993403165401,1.25299482390508,1.25442725957011,1.26203421127893,1.26080922988994,1.22561546315123,1.1971565281382,1.19755361096134,1.20857282730797,1.23747730407121,1.23835834325579,1.26798271901642,1.2831016548558,1.27455418809104,1.27483206438537,1.27294040570346,1.25966796364115,1.26012918656402,1.2567022960291,1.25367601527961,1.25265504171941,1.24843100410054,1.24837388267953,1.24690251045934,1.24776945514476,1.23773771382486,1.2392361289145,1.24271983485433,1.24246360305937,1.23893724509596,1.23812004403816,1.23812004403816,1.23769431404093,1.24429962745722,1.24456996696278,1.24413495770227,1.23929604400361,1.24421637046716,1.25119707324758
An9_Tr101,0.970327893818402,0.994324138050111,0.994324138050111,1.01428812754095,1.01007195499431,1.00972091166935,1.00704789875728,0.99681588570102,0.992360140496319,0.993743615508339,0.999180164951657,0.993418430449147,1.00630890414081,1.0005733898767,0.999270505920071,1.00659537226515,1.00862551016381,1.00889870682981,0.99410431081667,0.99485219057974,0.785230718805841,0.781431931247816,0.78133027904589,0.637726648063838,0.699192806865946,0.698851831500321,0.747554180571452,0.763572944691396,0.763159966574642,0.763162005315443,0.764965348168789,0.774620619790566,0.774275409692228,0.77634835679826,0.770061269186462,0.765054364214441,0.767403371371116,0.763499214942973,0.776496814238958,0.776151472726501,0.765216911670836,0.761451211129204,0.763022756708278,0.765558788112568,0.766162104514247,0.764124096360621,0.764124096360621,0.761607126408858,0.763864888534467,0.764281305012163,0.764559652026312,0.776085856683454,0.570418692260853,0.57031094912712,0.579681681462004,0.620044808544645,0.619301507265938,0.735145335145928,0.790464386380169,0.790480393370222,0.8121197136778,0.830661765070134,0.840225982866497,0.840379949335507,0.854466965768058,0.856806901136162,0.857403424685675,0.855123969480415,0.852933959852971,0.852507445162021,0.851954497958208,0.830750427274326,0.827160643562656,0.827160643562656,0.736627502519198,0.643437296826281,0.644677336990271,0.597195042936663,0.572523019047908,0.642535891753198,0.643078023309826,0.672300131355018,0.692225873653064,0.69200037006032,0.701863387731534,0.71150634349384,0.719172690330504,0.719172690330504,0.733817014069708,0.742247487800006,0.740555468277794,0.729798924662345,0.735053011585992,0.734734238116693,0.747123538821442,0.745334812741049,0.744782964735284,0.748973389893305,0.749976866618475,0.745049854380048,0.745604350538715,0.755342737707643,0.759524464035593,0.760919061747949,0.763675389736982,0.760816663535853,0.767087105001243,0.76688158177863,0.768987004676501,0.758854575985931,0.758418743944565,0.760771914389244,0.760375781261093,0.760639352442321,0.773422878341005,0.798684817940759,0.816405682369739,0.811443976075609,0.82022171402803
An9_Tr102,1.02080982181844,1.00532780514293,0.981116806253459,0.892161428288692,0.890230403181921,0.892982631189235,0.924769270499549,0.925842610059415,0.956977660528269,0.986379690464057,1.00647290647965,1.0062531868842,1.03085421740253,1.06576061574446,1.06524968750738,1.06676422728546,1.09190599171717,1.09190599171717,1.09823504783602,1.09911137513189,1.0087675926302,1.0086869633031,0.981448718940452,0.95886248315016,0.957993235547405,0.961110857086016,0.971241521676227,0.965270110988505,0.961113588925299,0.960752940179743,0.962723346126634,0.962723346126634,0.960580511105248,0.95164729413568,0.951006640331495,0.9631125538289,0.968689969706293,0.967162284905604,0.977889846644707,0.977028921272219,0.982211191474428,0.983301688927791,0.991312062723457,0.988105768502854,0.988279845515702,0.955673137068475,0.976289102488957,0.978418892040525,0.971184948570301,0.98083126617347,0.975661882948854,0.974857148911366,0.984827216104813,0.97905186313619,0.974913735348811,0.973974659122726,0.884477849151856,0.874179993460696,0.873057822649911,0.87851665698107,0.858611585179494,0.860417268041739,0.877065454486154,0.887432322809153,0.8887077642429,0.886938634223961,0.8999051303347,0.901828718589672,0.901828718589672,0.901251527900219,0.897432860517632,0.89685500172577,0.906224497877107,0.798186926716765,0.707192022858281,0.705269991022455,0.634624212710598,0.608216252309661,0.61066158526339,0.678746412821617,0.751673500516581,0.751673500516581,0.792658744652021,0.808810902395411,0.812399069376558,0.81705662934012,0.817970268005187,0.82240030799585,0.822424230717546,0.828520513187992,0.829447591728272,0.830145661725892,0.830227552940767,0.831062864277549,0.83183760446449,0.832307215657833,0.828295872565647,0.830788426261213,0.83127517069658,0.830729320693191,0.833300604082902,0.832991649607119,0.832991649607119,0.838381008776941,0.835164366784047,0.834487806478539,0.831982717989664,0.856290237295144,0.852751662970564,0.865600719575627,0.868162460923608,0.874192498155529,0.873646842833716,0.778144070420325,0.6803205855882,0.680171398825451,0.663186329835384,0.608032516946072,0.604282629345167
An9_Tr103,0.966364693143518,0.966364693143518,0.973972952232882,0.975908509005363,0.975566316370808,0.988621063591672,1.00694292262325,1.00588244207099,1.00966829238342,1.01249472381807,1.00893619984895,1.00957893982302,1.00954362998491,1.0035037280054,1.00346500504032,1.00729610179789,1.02159389960252,1.02177972927699,1.0325161582365,1.03263450007884,1.03545749779404,1.0349579748356,1.04976883602138,0.958607080201142,0.958380430251891,0.949117756283643,0.976799885362117,1.00084720333224,1.00936142764304,1.02495435490611,1.01695307149291,1.01696164401346,1.01256534091268,1.00034713205432,1.00151649693539,0.990918601766861,0.984692369993449,0.970359786118115,0.969988940433532,0.966033269896609,0.968046838379798,0.96678954989747,0.965910593322105,0.964794404819186,0.950958210313797,0.955481710438746,0.965871048177956,0.949128799459703,0.948130578915866,0.95531239964797,0.963528129669291,0.965064667579458,0.968846701166148,0.951454710395249,1.01313635390843,1.01068405421482,1.06346318967732,1.1312123327259,1.13140444465533,1.16217130101198,1.19375396465103,1.19369295245321,1.19760051618633,1.19443809414204,1.19087082581554,1.19030405547409,1.19270957779077,1.19028455713177,1.18840351200998,1.18500061977074,1.18461905903553,1.18533460423665,1.17879979840468,1.17781587630935,1.16078576446762,1.1605361326427,1.11190571648199,1.10881225534763,1.108770763079,1.12800909574839,1.142546349076,1.13993095840893,1.1436666064636,1.14115505657484,1.13922325226099,1.13504906368555,1.13253717847603,1.12749884019183,1.12771619452542,1.12944489726834,1.12924312937674,1.12622408212871,1.12598582944116,1.10075055897509,0.973182159234171,0.973010512965453,0.955240018310111,0.983796705918497,1.00249390804541,1.00620558431376,1.02267259114418,1.04088660276901,1.04727730421584,1.04878800611232,1.0462741878261,1.03510661252662,1.03438754576796,1.0425394231923,1.04438846657428,1.04451934963961,1.02995912449172,1.03680929338979,1.03574150303407,1.05447857802535,1.05740029067116,1.05740029067116,1.04902346544072,1.04474893569426,1.0432566906246
An9_Tr104,0.984849028377122,0.988854415290932,1.00063397708051,1.00503503711158,1.00174991374949,1.00388265868843,0.997217266075162,0.992627548111859,0.992627548111859,0.985194730038716,0.986984717798734,0.987472552953263,0.991532584348942,0.999779543710716,0.998538421295877,0.998954059142326,1.01575250853698,1.03743732345558,1.0308761661219,1.05656915745088,1.04097530075821,1.04097530075821,1.06879055477833,1.07136006781264,1.08530429555665,1.08253581967371,1.08770583024815,1.08384708926264,1.08386190649131,1.07861908786574,1.06480738396604,1.02055356794109,1.02007375729495,1.04654913009849,1.05461383522524,1.05551883508702,1.04923692464742,1.07961774025232,1.07961774025232,1.08981038887722,1.0836627363458,1.08505186619565,1.08489121481018,1.06880217296076,1.07066759588162,1.0732303470566,0.997517925589965,0.996270059524088,0.996270059524088,1.02887241286974,1.03279768600241,1.0434643732229,1.04370548132256,1.05292387309124,1.06352261335104,1.06362250225705,1.06839252148087,1.06453775440326,1.06903509176784,1.06249921021349,1.05990874201603,1.05505730908659,1.05406667843303,1.04917140566793,1.04516058379931,1.04477273949125,1.03550722757588,1.03558832649382,1.03473153938346,1.03546009600389,1.03935314944332,1.03890287914251,1.04221728485378,1.04088422856281,1.03614779311192,1.03512997719447,1.03551211229808,1.03561493977293,1.03521314837916,1.03539250492973,0.9659901131471,0.957542066659227,0.963679754703595,0.970477053535052,0.97913121158573,0.982041066770011,0.98366263546779,0.977850182035016,0.975580715875792,0.97561584338011,0.964106762726674,0.963396346660645,0.96269406580521,0.964895910889766,0.965716103179287,0.96352967415327,0.962990519353587,0.961616558771692,0.970482612345286,0.974684041599337,0.979330638852773,0.937331237086217,0.936287753514654,0.868408447581436,0.872633868432319,0.913522037039822,0.913522037039822,0.923452759516996,0.920024464241831,0.924422895348244,0.930831673169648,0.935970177271012,0.93683807849919,0.937774516036069,0.939291318024224,0.93697507676024,0.937502674005638,0.941222456234362,0.944659232339357
An9_Tr105,0.980957793782575,0.976898708622799,0.975454605652684,0.979457558934585,0.991103940500772,0.990984669287143,0.997861152290361,0.992101430060811,0.996411252676788,0.996533701865064,1.00462215053852,1.01988619792208,1.02008787048757,1.00944296825783,1.0055711587106,1.01328124520689,1.01265524252168,1.01811904461601,1.01856930806525,1.02531247457036,1.0478305369095,1.04755762490796,1.04746977226107,1.03803734465904,1.01826130032043,1.01217658306309,1.01276174209723,1.00933635617629,1.00262934951533,1.00262934951533,1.00295976195531,0.987448276242119,0.987448276242119,0.99371109719952,0.991561589586324,0.991561589586324,0.993262497329769,1.0061772481938,1.00935351745847,1.00963981912369,1.01433062601402,1.00773489279503,1.00643054658937,1.00635845025139,1.00926417776757,1.00862261545766,1.02023148769635,1.03801376082045,1.04270562037723,1.04270562037723,1.03366313317146,1.05496024080041,1.05484820961309,1.04331216206879,1.03316612553339,1.02352117215993,1.02352117215993,1.01955261409062,1.00555052384231,1.00570766554242,0.995931935814888,1.0104590089637,1.00577246966206,0.998008778068442,1.00783639787447,1.01853140358311,1.01942540145109,1.02119229037346,1.02111621390983,1.02075738982843,1.02109892344047,1.01729560541317,1.01464050638681,1.01464043040773,1.00703517899424,1.00489557955051,1.00653392020514,0.999817132913825,0.99471452549977,0.994848243379585,0.99699057843736,0.99654518381185,0.996689568943859,1.00048114742905,0.997109436532679,0.992889716485008,0.9937062728003,0.990333574355749,0.991145177310355,0.991713064509111,0.992473024392016,0.990561553720883,0.991910040941218,0.992009680322781,0.995886594939836,0.994813570081535,0.995622008555363,0.991055699240535,0.986969292664299,0.984808072040366,0.982996018474732,0.986196294919456,0.977626302549803,0.978688720302955,0.980114635951188,0.982997401947131,0.980946628737623,0.989198200616996,0.984462057458165,0.988080341908571,0.988080341908571,0.978063905747221,0.981549293888663,0.981549293888663,0.989606891285685,0.990151792257208,0.995509995493685,0.992695497089662,0.984538348329915
An9_Tr106,0.991653965076254,0.994369083717004,0.99919933882259,0.999189834320527,1.0014497376861,1.00083602238527,1.00083602238527,1.00195494202686,1.00008413385082,1.0001496855093,1.00454558939018,1.00382640974923,0.999435740495489,1.00024141953975,1.00579707506327,0.999892654446156,0.999361969822808,0.997811746323164,0.999364629389941,0.999497912531272,0.984694795865657,0.921257153629227,0.954200399189049,0.942790463290382,0.942804755215464,0.933633589785644,0.933293927984386,0.898122794359733,0.907671615483202,0.904563742763456,0.90445420421896,0.908645840151458,0.902899797887942,0.902899797887942,0.900784950996673,0.902898372654892,0.903166989185864,0.903193743245323,0.899993303572702,0.906412097184546,0.908845915884268,0.900788953326111,0.894888431663428,0.894888431663428,0.896872224707399,0.906667020514734,0.903818701401619,0.90464725875863,0.897813540009393,0.901495507963736,0.901335535089201,0.903297308924484,0.904014805234159,0.900118540884294,0.900388586685693,0.898553771730593,0.89894289598757,0.889814900523879,0.896894676911458,0.893791994599049,0.893791994599049,0.895016147866043,0.893683011605852,0.893190072072547,0.891323932178494,0.892526224371212,0.886765976820516,0.886970517586079,0.893042656145902,0.891128340236887,0.887665219644999,0.888469693017905,0.884914536346503,0.894581666348106,0.890516900005006,0.857706447221277,0.793922393918426,0.794423824358954,0.778976422953211,0.762722122669522,0.771349695214821,0.809334075888047,0.832326361346951,0.875704110330546,0.875704110330546,0.909952182469086,0.933893020122938,0.934539541304351,0.944008547664901,0.946629410285834,0.948765826846399,0.942887639114642,0.943503248253423,0.934125862035056,0.934029590538067,0.923616740117739,0.922171239076774,0.921312610642246,0.921993064404904,0.922691768903862,0.917592527266826,0.917535472868642,0.921463648550363,0.919210955281502,0.919210955281502,0.920711853509222,0.924680781538004,0.924680781538004,0.923076822972357,0.92817519063638,0.929275064289702,0.92955969720723,0.923946632337705,0.918544465798063,0.918544465798063,0.922838722096032,0.916944440128025,0.912101246408815,0.7265205262648
An9_Tr107,0.918562330917655,0.944902237284085,0.965093245731975,0.964917897477607,0.967330245421842,0.968360768708887,0.968140378100076,0.996696646091216,1.02715224516249,1.04380499777799,1.04264587921912,1.04685608542024,1.03624210701916,1.03624210701916,1.02191339682681,1.02297791644787,1.01238889230663,1.0140422906781,1.00173033238909,0.997147531991354,0.997232439574868,1.02881844492913,1.06308931293733,1.06323703835872,1.05012444177645,1.10241373028671,1.20344727653388,1.20344727653388,1.2390584288298,1.22441325107723,1.22428473102575,1.19354825999662,1.15271968556395,1.15197805290183,1.1522768958216,1.14014791246073,1.13402824601428,1.13462166349664,1.12841901337145,1.13092341678026,1.13005795525805,1.11877966760974,1.12314959729649,1.12506280175231,1.1275250450283,1.113849552482,1.10971676863918,1.11257333972702,1.11763753533377,1.11603895045663,1.11659710427723,1.10088706843752,1.09939370616449,1.10305486644924,1.10288951749416,1.09858026610448,1.10160392664548,1.10336139411213,1.10166834893831,1.09686994298155,1.09838597235779,1.0972915472168,1.0981720080453,1.09332792026213,1.09191793296748,1.09099502599494,1.07929631850226,1.0796154305917,NaN,NaN,NaN,NaN,NaN,NaN,NaN,NaN,NaN,NaN,0.656069494579704,0.596698328601097,0.533256057611456,0.52987497458345,0.519933049786653,0.622763962095568,0.630290149268171,0.730907902770619,0.775757945338297,0.779525843790425,0.809833526526493,0.831868625209012,0.84964549647204,0.849210609132885,0.843217665571131,0.850985205144193,0.85181380112164,0.85691769951273,0.853873422282839,0.862506308210413,0.862066971474215,0.868246181775406,0.878663038915025,0.8762570717887,0.88796283147268,0.905261588516997,0.908259112576955,0.910239323298721,0.901883541598804,0.922891450723671,0.926199145639935,0.92603324068311,0.966707662118321,0.965463482688449,1.01765882475549,1.00761351942283,1.00842632780479,1.10434236636249,1.1772310390011,1.27268586573048,1.27495797641002
An9_Tr108,1.51471983541528,1.51554503608842,1.49290378895933,1.48517422085988,1.48144691188915,1.46730101540407,1.46706700384995,1.47092323691097,1.46864912897697,1.40503790878089,0.740170576790923,0.700511279767764,0.423666411269889,0.346556354547091,0.345688999992492,0.357226760386358,0.392062617629916,0.40590522563642,0.519443686844225,0.665406730068117,0.810683646337508,0.811136448871369,0.912427331015963,0.930301633667476,0.928272220355475,0.966700540130799,1.01711623906632,1.03545483225448,1.0342601189248,1.04912799492855,1.04544137511004,1.04544137511004,1.03554971830141,1.04226970358898,1.04203112369216,1.0429334573188,1.04320972554728,1.04960988822141,1.04960988822141,1.04767998669244,1.04171353159638,1.04100634820692,1.03577511703948,1.03972804159312,1.0371606693676,1.03394623368502,1.04147267518108,1.04322383882359,1.03915295011766,1.04590939235317,1.03772557530022,1.03772557530022,1.03996928803397,1.05440298706938,1.05666804842687,1.05669566575906,1.06080642358295,1.07808359894104,1.07606988608134,1.07496734477754,1.07003935364546,1.05997144473317,1.05999206960958,1.05818907758304,1.02447594969332,1.02535494948285,0.678981401483716,0.54192087772855,0.540982934934548,0.442794812865078,0.3992768455094,0.350202182299017,0.350202182299017,0.399592194483941,0.470004983574587,0.486927529848443,0.489638466500769,0.507996398390866,0.507579480713417,0.525492337904678,0.529217927818651,0.545491559681533,0.545693144815524,0.565704417693871,0.580116709618724,0.576352792471321,0.60689235849224,NaN,NaN,NaN,NaN,NaN,NaN,NaN,NaN,NaN,NaN,NaN,NaN,NaN,NaN,NaN,NaN,NaN,NaN,NaN,NaN,NaN,0.604002444037566,0.602399240286239,0.646316260513703,0.67966747801871,0.679650602410428,0.727431099344544,0.768918081219399,0.80691505502898,0.80450507744097,0.85821741711513,0.897489023821401
An9_Tr109,NaN,NaN,NaN,NaN,NaN,NaN,NaN,NaN,NaN,NaN,NaN,NaN,NaN,NaN,NaN,NaN,NaN,NaN,NaN,NaN,NaN,NaN,NaN,NaN,NaN,NaN,NaN,NaN,NaN,NaN,NaN,NaN,NaN,NaN,NaN,NaN,NaN,NaN,NaN,NaN,NaN,NaN,NaN,NaN,NaN,NaN,NaN,NaN,NaN,NaN,NaN,NaN,NaN,NaN,NaN,NaN,NaN,NaN,NaN,NaN,NaN,NaN,NaN,NaN,NaN,NaN,NaN,NaN,NaN,NaN,NaN,NaN,NaN,NaN,NaN,NaN,NaN,NaN,NaN,NaN,NaN,NaN,NaN,NaN,NaN,NaN,NaN,NaN,NaN,NaN,NaN,NaN,NaN,NaN,NaN,NaN,NaN,NaN,NaN,NaN,NaN,NaN,NaN,NaN,NaN,NaN,NaN,NaN,NaN,NaN,NaN,NaN,NaN,NaN,NaN,NaN,NaN,NaN,NaN
An9_Tr110,0.977257718312813,0.996215888789592,0.982212457708599,0.984786482710857,0.983665388921334,0.989170462788005,0.996887710443988,0.997855996424507,1.0011767548425,1.00277228679741,1.00322132406728,1.00474296558036,1.00431832947359,1.00489575241878,1.00844806044552,1.01425355095958,1.01039643562834,1.01345139621575,1.02427103747118,1.01670645341305,1.0318472762244,1.01870615061846,0.993093107380639,0.893291761554368,0.879010096590718,0.927695551647683,1.05810215130884,1.15605440330666,1.15696162830514,1.17927469638315,1.17419035196052,1.17358410797262,1.13785037446844,1.13817718867826,1.13590314380402,1.12221904769012,1.11649232961441,1.10750491521927,1.11021021277343,1.10256491319156,1.10846920895872,1.10876684963019,1.11716973691776,1.1023955795528,1.1023955795528,1.09850219284892,1.09777303339565,1.09799713249262,1.09181188520609,1.09526637372457,1.08845646236149,1.09089761606525,NaN,NaN,NaN,NaN,NaN,NaN,NaN,1.37359876323509,1.38682088221652,1.38682027679379,1.4432337579275,1.54517334982779,1.57482292672615,1.5729866285058,1.59450550580261,1.58708892423349,1.58750496687611,1.58013134679806,1.56519439785483,1.5643168142423,1.56267537679166,1.55761223359862,1.55729908599369,1.55332248703381,1.55484847965397,1.55938765203675,1.55938765203675,1.5725870124811,1.56560517928592,1.56698077625962,1.57015842812531,1.56389019233777,1.56598772759993,1.56765283198715,1.58281152414628,1.58663047071104,1.5841333012347,1.58127560305494,1.32488744094894,1.32488744094894,0.92013894871353,0.776972536345555,0.568537860632777,0.572262486486569,0.499754700100296,0.537511556728247,0.536482506787575,0.681760021530445,0.86990804516091,0.966527593326116,0.961410747940188,1.00801976867279,1.05452108415345,1.05452108415345,1.09928555438047,1.13207283367905,1.13207283367905,1.14223345883854,1.15698509382565,1.17343947319959,1.17345341506094,1.19785426961882,1.21656189096835,1.21467598460892,1.24990818805306,NaN,NaN
An9_Tr111,0.854871540466089,0.933225394372422,0.943297137331572,0.943629999091149,0.970479847699863,0.976611424260414,1.00277558530694,0.996412774569312,1.01286440560533,1.00725810617131,1.00577077255143,1.02292018299831,1.0367742674534,1.04815334720583,1.0493907841269,1.04064498017695,1.04781620882438,1.04886560221176,1.05823763957664,1.09549065419483,1.09342887153757,1.08631344847517,1.09277330696705,1.10333003395948,1.100938542212,1.1039983622696,1.10950433106464,1.10899332363451,1.10541384403388,1.07954299915703,1.06502908269304,1.06578877290468,1.06458135240442,1.04891405398734,1.04834637914401,1.03595068274511,1.03381506128317,1.03162175433561,1.01706083074222,1.00293184243925,1.0031980621056,1.00929493541855,1.00299861993481,NaN,NaN,NaN,NaN,NaN,NaN,NaN,NaN,NaN,NaN,1.19784424592323,1.19808564889474,1.24039833794505,1.23882901312362,1.23994946668232,1.23856542707968,1.08277688093882,0.960925885435679,0.960676497643711,0.856347241012287,0.881852465786083,0.881479235462558,0.925298558586106,0.931639897954076,0.990943035414601,0.990345860586196,1.03664286551207,1.0778816619149,1.07888732383377,1.09846165819142,1.09728511908274,1.09963028110522,1.02385760354824,0.832903608248863,0.830460724356293,0.708682513005159,0.516483185402395,0.497245249608536,0.495902972576446,0.577499467534204,0.623217278647384,0.623289060674769,0.721314780423402,0.789714500070733,0.80029990643738,0.80029990643738,0.827896727351798,0.836375616439364,0.836767877217352,0.84701799020632,0.862568751539567,0.867399860760857,0.867259930559262,0.866703541541593,0.878318989715607,0.878318986177278,0.895726780201458,0.895456573475488,0.892540158222976,0.903584570375219,0.907666799859817,0.907237344427299,0.905573056695707,0.91910663897479,0.924088268037341,0.914396566035872,0.923019707450711,0.927053812659757,0.925201604196807,0.960027403937714,0.959554928783316,0.921344096786409,0.92263203986387,0.95004580294863,1.01261201582681,1.01242554986637
An9_Tr112,1.09763152044272,1.04308016575138,0.988811498085357,0.98836913040986,0.933456584965753,0.959489848256582,0.960215357008774,1.01245572067534,1.04408485667577,1.03755980998806,1.0122130014076,1.01248482998789,1.00903494740352,1.00934009965957,1.02277582496516,1.0141000451968,1.01313798214273,0.976806138600322,0.864952638376812,0.812784060047241,0.809948897506758,0.872590980362963,0.921360221270698,0.920625215174313,0.937320569776839,0.945007239620386,0.941755120779918,0.943128081956449,0.932967097826367,0.924269981516675,0.92374123327056,0.918736252545647,0.912636394588711,0.91240035296452,0.913845313742762,0.909096924142972,0.908367909903099,0.907863118821318,0.912869780138549,0.909933395524517,0.904659067981737,0.90517021397953,0.899189688318893,0.898238792142942,0.898647823738654,0.901076425646402,0.90523815642007,0.904074281384112,0.906899797438619,0.906273501384753,0.906234021625041,0.909488317643981,0.922164900197537,0.922164900197537,0.932847692846108,0.938931281108489,0.911791549926434,0.911791549926434,0.940036100394214,0.970711728709621,0.965756588543245,0.979156064823159,1.01124464680085,1.0862755293725,1.0862755293725,1.06934269137008,1.07001746445662,1.06981685979118,1.09873630116103,1.09380402071325,1.08618163399106,0.996542951064194,0.909293520850704,0.995887882570831,0.995301013119572,1.03374026049859,1.0543187506209,1.05462531240813,1.06143392010451,1.06239092256175,1.06267373440341,1.05733284232432,1.06497023855156,1.06767268292073,1.06614685440924,1.06574878868677,1.05713196842959,1.05960121947744,1.05100535240838,0.944677119125251,0.803754864031605,0.742706151921193,0.691931111586361,0.7496680583967,0.750206785945236,0.797268293571823,0.813556246638933,0.813151626876796,0.830210848406322,0.835647150974981,0.836886798939527,0.836886798939527,0.839699051542902,0.843763094897248,0.84380418192305,0.854359636965186,0.855801148887911,0.856559530977516,0.856559530977516,0.857927990457185,0.850939019665839,0.84748839426463,0.848414036791524,0.854147688033448,0.854546347557808,0.847953812498194,0.853647307076769,0.853670767866146,0.860005691490641
An9_Tr113,0.970996383175883,0.981467934841054,0.983885867986123,0.983885867986123,0.981035876290092,0.988588568186122,0.98788254635611,0.996085023366437,0.995893948757393,0.99463891979354,0.998753288206833,0.995530980455206,1.01344029220592,1.01299334634046,1.01363362851463,1.02347278665353,1.02351169404038,1.02902538215862,1.02527766468555,1.01901929422804,1.03280107150892,0.988656232726945,0.825351594935884,0.826156247274813,0.896765444884715,0.988521117014035,0.988715739734255,1.07826184741803,1.09535569717191,1.10149953396886,1.10386547994248,1.08764207164039,1.07798111354737,1.07867791711979,1.06472767626267,1.05735150324173,1.06084098212084,1.0603477674232,1.05699629955846,1.06077685820359,1.05350869954733,1.05948419026079,1.06152654128731,1.06152654128731,1.06416017259259,1.06612585919377,1.06510213458185,1.06522540069739,1.06668922402368,1.05920467112481,1.05649243302492,1.05390634414808,1.06629309505471,1.06629309505471,1.06752258650187,1.07299534474528,1.09108116208566,1.09028423816091,1.10555188488031,1.10156339996738,1.10242621275713,1.10916566703948,1.11036755129766,1.10861235740772,1.10470137786499,1.098607322122,1.00349147929576,1.01461478574171,1.03708392300969,1.11758202141426,1.11778623546234,1.17706323628039,1.22102880415456,1.25166496255758,1.25109954269711,1.25836915756686,1.28367216583727,1.28322750155179,1.25298296980449,1.10560734682951,1.09791832726801,1.04061463692208,1.12710108997751,1.13401835573358,1.13444249684531,1.14276639666634,1.16143228990671,1.17039954096155,1.19554785675095,1.2082020512584,1.20838935523814,1.19949416099689,1.18660868007152,1.18597137151507,1.18611973808736,1.18311574066843,1.18705527506893,1.18920037104379,1.19789156386123,1.19604001167244,1.18445852940628,1.18368597723379,1.18961417802009,1.19510613996747,1.19585546014524,1.18052649717094,1.10311604879289,1.08765677178008,0.99846309610044,0.960841047714495,0.997986350647379,0.997986350647379,1.06309804606527,1.08392746192492,1.08413420859101,1.12823737110039,1.17187974501412,1.18346431195443,1.176287441058
An9_Tr114,0.975966607500589,0.94402419591132,0.973000751103159,0.976727471522658,1.00899399860567,1.00994199815342,1.00951314406276,1.00133177390321,1.00452617270782,1.00589899945614,1.00701945969751,1.01283803217156,1.01020435776829,1.01020435776829,1.0122752729651,1.01778541444041,1.01734450015632,1.0333220005638,0.96908149154198,0.802689383367885,0.803107202879679,0.842518720045707,0.919116446359185,0.919380918903766,0.934127562484416,0.969055523928095,0.968771446511324,0.993438159743119,0.999311901269291,0.999311901269291,0.99432294554504,0.997358388597417,0.982457578420541,0.981420807747918,0.979303980477807,0.971704543275135,0.971367932104813,0.968493112857052,0.964058978596121,0.976405862171665,0.973612527686985,0.972578362988427,0.97709810571844,0.977102453157979,0.986535569573134,0.988148876409856,0.9990854580744,0.997917794957874,1.00840889796231,1.01340561124251,1.01399594367186,1.01313441874724,1.02363827616253,1.0282033402891,1.00934181902128,0.775862045271501,0.590226816646187,0.590542697485866,0.516903092468752,0.564988536364015,0.557036357784104,0.867153392338632,1.01346987121614,1.01458660782274,1.07188632862621,1.0898904493512,1.12201401339149,1.12059688391778,1.15236629880789,1.16705639852404,1.1664371457568,1.17134089847093,1.17034180076387,1.17373700155139,1.17214980818691,1.17520565625222,1.17563266391337,1.17572091637003,1.19305535621251,1.20098271138654,1.20057510330297,1.20342434082468,1.20660385529461,1.21225681214895,1.21304048209209,1.21962463027682,1.24859873675998,1.24286270052512,1.29102311118482,1.32707831670479,1.32852117702581,1.33183307387866,1.33618263374781,1.34421045046887,1.34214134936537,NaN,NaN,NaN,NaN,NaN,NaN,NaN,NaN,0.852888742313438,0.853836630680657,0.905110998760861,0.93567052913064,0.953400959806996,0.953859649067845,0.961820202297437,0.968340538184073,0.966240907933051,0.978865413838483,0.993580487163747,0.993068602419269,0.999766716702772,1.00411296849923,1.00557685926298,1.00667895115763
An9_Tr115,1.03126956962553,1.07376994598295,1.09374862067969,1.09371042480996,1.10892887884961,1.10750784327792,1.10366374223086,1.10203095996124,1.01454928612642,0.881256252284689,0.878150378264182,0.909260164384162,0.938477701325692,0.94275948087065,0.953281761272149,0.938016359834729,0.938034572044044,0.947436840618766,0.944147217556767,0.935779660271466,0.935779660271466,0.960927994916458,0.877602650567036,0.871685803645084,0.847652992395635,0.903980289155501,0.904221968422088,0.963922963671058,0.999260430942151,1.00538774525224,1.00541941566288,1.011647448148,1.00104037228199,0.99139363040442,1.00369414556987,1.00464830695901,0.996079940553658,1.00110200109634,1.00717262685318,0.950386775404279,0.953819026355595,0.885342939241742,0.920839067962952,1.05603657825638,1.05603657825638,1.15641600985322,1.21653312037412,1.2167858971925,1.28346361465264,1.33721071750018,1.33721071750018,1.4128348916828,1.44781495135661,1.43487135049528,1.42780943675196,1.43427999261399,1.42692789248639,1.42873332616821,1.40499131549459,1.38547438434334,1.38653013818029,1.37114547200223,1.36580047963937,1.3636973936579,1.36219335026631,1.36387774249024,1.36561043425541,1.36573313201502,1.37548559472625,1.39039558030363,1.39146707175511,1.40292396554302,1.4046473035191,1.3962749587446,1.39461431469432,1.38541532433049,1.37972340343481,1.37876141147263,1.37523429652353,1.37037706744584,1.35823501213204,1.35766608662897,1.33464367723513,NaN,NaN,NaN,NaN,NaN,NaN,NaN,NaN,1.16030306511686,1.20477510135745,1.19385731070509,1.19472068932383,1.20422909340622,1.20733821795407,1.20427161421428,1.19005938925811,1.19484744048052,1.18556124520763,1.18556124520763,1.18911175525128,1.19060397556535,1.19271685191622,1.19779005183144,1.20341304451767,1.17799787163959,1.17755796025964,1.02709110656746,0.922564173506467,0.912873811068343,0.928847140104257,0.962515587383936,0.963937774033762,0.998293336966341,1.03047889688273,1.04431715830871,1.04367993337961
An9_Tr116,1.02887824949817,1.04723759720769,1.04835730111226,1.05268126621428,1.05964954822956,1.06474875815443,1.07986140560993,1.07805205859998,1.07332973103304,0.994572983686673,0.995217036028361,0.904762076401463,0.84583325223718,0.855636653368509,0.857056664164496,0.927926880105841,1.01073208227714,1.0111295775917,1.06433687847932,1.08681665983719,1.08393525438824,1.09586001791002,0.957851151977732,0.809773171539832,0.810280494158323,0.819262535684319,0.897066993380541,0.896944523935188,0.914148250159029,0.924736402524315,0.926534306250589,0.931697860006555,0.931414513759783,0.932549814880706,0.940603530066745,0.936384585732771,0.936753182619089,0.934101333186874,0.937066697739741,0.952142462901143,0.961568495811063,0.961568495811063,0.955965509102666,0.963063852625266,0.961584801456766,0.982433520818586,0.955317022191732,0.955863806648843,0.903355517472322,0.920423720367804,1.00526608311049,1.0070670728318,1.07757418241129,1.09248579027994,1.09216527189566,1.12720050373293,1.14691544778885,1.16315553813401,1.16315553813401,1.16209483451986,1.15407898666064,1.15387222719678,1.14752097414917,1.14676975016422,1.1524246291724,1.14420472262965,1.14719377401679,1.14719377401679,NaN,NaN,NaN,NaN,NaN,NaN,NaN,1.19824122298341,1.26758545224519,1.30520568560675,1.30159935111034,1.32544800173565,1.35131706142201,1.34762685360036,1.36273647127831,1.38935430690731,1.4099379219936,1.40864193678489,1.41990650689935,1.42004679730476,1.41966140975179,1.42196478787788,1.41793240394406,1.41841367331049,1.44142682940329,1.4384753062972,1.43429057271354,1.43443368268249,1.45146635241528,1.44211227535721,1.44416626070549,1.45915583614261,1.45968778716466,1.45900896606259,1.4545069455458,1.46902227791866,1.47623608485265,1.47623608485265,1.47386521916332,1.48836252803736,1.48786679595983,1.49263157115474,1.4990302001363,1.498573227494,1.49940815830939,1.49257495233505,NaN,NaN,NaN,NaN,NaN
An9_Tr117,1.06010060453002,1.06898947386034,1.06255629538277,1.05507626460148,1.05575854434077,1.03071773923879,1.02734678071175,1.02812605464715,1.02498614251871,1.04774236967488,1.0472467417826,1.06229461401475,1.09930811109583,1.05570476036934,1.05531534773737,0.886449565401532,0.805435059554866,0.806835923378815,0.720009607158235,0.786394860073125,0.785884117348704,0.848111650495572,0.98396766780267,1.06993865181487,1.06993865181487,1.11363447047581,1.16720751583859,1.1677276574224,1.21082551569383,1.23734325550368,1.23458675117749,1.23172746042566,1.21830576430128,1.19782461636034,1.19663005692881,1.19130412044138,1.18259180712826,1.17957064169465,1.17795355848599,1.16225360423691,1.15765136414199,1.15980997801901,1.15741932745351,1.16826729142754,1.16598826123996,1.1573111492453,1.16332598253134,1.15946957387667,1.15571910030201,1.15674914303989,1.15484432938724,1.15982746901089,1.15555536305852,1.16159350096678,1.16274891595951,1.1735000473599,1.19274071515556,1.19086028431323,1.1861386350239,1.18340763837491,1.18058989808067,1.18001265937098,1.19294372113325,1.19018841941889,1.19018841941889,1.19928529748818,1.19584636041141,1.19092886023783,1.19161206744576,NaN,NaN,NaN,NaN,NaN,NaN,1.42110831590018,1.4535758116853,1.45469417216776,1.45349797412836,1.46568897944315,1.47512227310935,1.46789232789375,1.47524674578689,1.4761581678833,1.48447923963118,1.48344841277906,1.48947244388152,1.49052373833829,1.49127740207267,1.48624038196097,1.48316795956045,1.48066697334553,1.49031106323853,1.49129436223045,1.50026477693894,1.49964524667234,1.50126029333073,1.38089155165809,1.32665697877022,NaN,NaN,NaN,NaN,NaN,NaN,NaN,NaN,0.939861631722148,0.941219710054322,0.983060201804466,1.01874708112423,1.02015849093811,1.02788587903024,1.04642849495285,1.03920495524451,1.03795955047859,1.03474939255081,1.04785993196804,1.04024046726442
An9_Tr118,0.895097748922357,0.893879525851619,0.948925088873807,1.01038899232569,1.04983550111821,1.04973094589469,1.0635832129469,1.05899652971005,1.05615310375908,1.04377739394881,1.03219477729646,1.01485782648283,1.0151766011009,0.997455364613709,1.00361972054937,1.00324394061433,0.995213597297817,0.929545000798552,0.938325127894822,0.774722480653877,0.727241643560811,0.804663289050217,0.804960584872337,0.825084444287433,0.843631880435206,0.843588686605571,0.890360086105479,0.932007113196023,0.930535263356981,0.825450951265727,0.74715928098995,0.730882401012902,0.697221476640422,0.730929229006633,0.757260511933469,0.754855417273755,0.761694848647671,0.762740701551413,0.759481607388038,0.760447841468324,0.765422319179111,0.770329058468056,0.770185217707723,0.764462182587168,0.773991464627223,0.767404396776315,0.76803134842613,0.765834117533528,0.782608454822173,0.783755682223962,0.788183180008456,0.783824100739215,0.785123503470998,0.790312484983359,0.792477006406588,0.788773168798036,0.795366384240137,0.80945883524272,0.808726204872388,0.808618966921801,0.810193361850473,0.816286620860186,0.816286620860186,0.824123949606668,0.825349129454221,0.823852446770021,0.829757117059555,0.829453616369677,0.821788683633065,0.822303774249917,0.819611079761101,0.813453909093881,0.812108585022396,0.815644449886489,0.81510380954326,0.822620852235132,0.822620852235132,0.82360171766322,0.83087999023351,0.83132654542427,0.836877543616884,0.846065152871154,0.846188896657577,0.84915571257029,0.844299338655129,0.845795991144108,0.846697266052779,0.8547571779996,0.872205628185139,0.876369907660443,0.876942929122634,0.874813385485666,0.874704819191955,0.877769841755313,0.876107809163831,0.875517057855495,0.87489495393293,0.874049580660254,0.876476925689567,0.877776235739197,0.903450948444333,0.918105737703066,0.923197574414658,0.940055445653823,0.95140734200029,0.95323991195837,0.953250423165449,1.02248452676553,1.09501592919477,1.08747364190436,1.1786868826025,1.26855514187274,1.30227618161231,1.30196040530078,1.32362622802951,1.34576520557998,1.34412530136952,1.37462941122649,1.38598757278523
An9_Tr119,0.999162254013973,0.995202551210141,0.995780194996962,0.992834467394545,0.997453317927795,0.991956727129134,0.990963822412511,0.996909823911224,0.997007973794242,0.996283891115101,1.00022353703931,1.00423782121589,1.0044856367507,1.00494519877215,1.00684101553414,1.00865327959022,1.00911134874653,1.00530927576174,1.00263786268369,1.00356308702533,0.955695774049715,0.924433508818443,0.880822346818781,0.879320801890895,0.908603767821698,0.937616431472074,0.936301424070192,0.95221199027166,0.959664373287839,0.958835822514913,0.96106660965706,0.952019916850659,0.949873220313582,0.939032652182331,0.923544881276635,0.91117389752682,0.915598072846333,0.907951456894075,0.90202133452511,0.901936215708652,0.893825159769499,0.8945044700469,0.895315772589052,0.895538346942159,0.893911292907256,0.894536670165626,0.895271186381974,0.872855177973659,0.787541305499622,0.762360810043488,0.761917875127334,0.784636298522575,0.799703961753649,0.799471339893569,0.846285338046371,0.894553814375882,0.895653404433379,0.914478485202236,0.909905440181757,0.89854211902814,0.89854211902814,0.924418112092477,0.927635589611956,0.927772679945928,0.916686473328858,0.912391451115121,0.913136167969508,0.917034214683425,0.908029333259017,0.899552169392371,0.898141106024787,0.895457852165023,0.896441255898877,0.894465151649974,0.889804369934796,0.886808848849329,0.890221357432705,0.890406500912713,0.870632895921202,0.783254024882413,0.783084480015496,0.723318641270862,0.724081897571002,0.761317493662069,0.761317493662069,0.770810462574558,0.78175017499463,0.783784404297172,0.77857441989203,0.78141228067517,0.779037342994668,0.781789024381126,0.776268017473029,0.775837529738703,0.774244330143092,0.767405380907342,0.764094950539911,0.764094950539911,0.776207175086977,0.807719322024556,0.807984951645557,0.907388913712352,0.939822808380477,0.966023270801512,0.966023270801512,0.987962723919362,0.990241350321657,0.990405727263048,0.985855888347986,0.980965625342369,0.980872866218033,0.974366514367386,0.965059559732132,0.965453975242823,0.963743669783998,0.96426851107637,0.863180913011605,0.862435059848503,0.7745816911892
An9_Tr120,0.999871294745765,0.999511188156207,0.999049242434693,0.997234192232425,1.00045000613304,1.00129181559773,1.00026497037461,0.994917564600424,0.996798192758204,0.99962918530604,0.994115116544048,0.994115116544048,0.991456119653545,0.992435692394992,0.996715378881819,0.996020070737558,1.00922833338359,1.01836504974327,1.018531469778,1.02522628307723,1.01812896783706,1.0176976317667,0.981619420675235,0.969076556688388,1.0126393118584,1.0126393118584,1.04558810506926,1.05330895205224,1.05447055993706,1.06715826586977,1.06645743324445,1.06481319308364,1.05601330615475,1.05245716496438,1.04436055192153,1.04543527950543,1.04777293228655,1.03711751468863,1.03769322543721,1.03584470710553,1.03364784436818,1.03240543821232,1.0320436362099,1.02387375582384,1.03024022344023,1.03015636784578,1.02800917977839,1.03056232844152,1.02475932955957,1.03172126781017,1.03048243072868,1.03473353420653,1.03470532482813,1.03430785612012,1.02979594077328,1.02870950679886,1.04122366273787,1.0528873560566,1.04729320410562,1.05490842875245,0.990797094441568,0.917872019339128,0.911366104446564,0.814499014608325,0.828976841399393,0.824332067169741,0.910519141088225,0.997544359125622,0.999651933880589,1.02337727413844,1.07759240973542,1.14027630146649,1.13997683899463,1.17175199137898,1.21383932013377,1.21383932013377,1.22933093941089,1.23744928971096,1.23081132961004,1.23064165043103,1.24703564991907,1.27710575585829,1.27826162817527,1.29725651994755,1.30688557895521,1.31964744716647,1.31964744716647,1.32755895627106,1.33025235843725,1.33025235843725,1.32277276912664,1.31519907886038,1.3196309385487,1.30097880971224,1.29126354359425,1.29150903412932,1.27920465575433,1.26824403576754,NaN,NaN,NaN,NaN,NaN,NaN,NaN,1.32251505167748,1.32545970631208,1.36358291569192,1.37481146315527,1.36710226443799,1.39392016700045,1.41814512271521,1.41877926441397,1.42755072477212,NaN,NaN,NaN,NaN,NaN
