Row,timebin_1,timebin_2,timebin_3,timebin_4,timebin_5,timebin_6,timebin_7,timebin_8,timebin_9,timebin_10,timebin_11,timebin_12,timebin_13,timebin_14,timebin_15,timebin_16,timebin_17,timebin_18,timebin_19,timebin_20,timebin_21,timebin_22,timebin_23,timebin_24,timebin_25,timebin_26,timebin_27,timebin_28,timebin_29,timebin_30,timebin_31,timebin_32,timebin_33,timebin_34,timebin_35,timebin_36,timebin_37,timebin_38,timebin_39,timebin_40,timebin_41,timebin_42,timebin_43,timebin_44,timebin_45,timebin_46,timebin_47,timebin_48,timebin_49,timebin_50,timebin_51,timebin_52,timebin_53,timebin_54,timebin_55,timebin_56,timebin_57,timebin_58,timebin_59,timebin_60,timebin_61,timebin_62,timebin_63,timebin_64,timebin_65,timebin_66,timebin_67,timebin_68,timebin_69,timebin_70,timebin_71,timebin_72,timebin_73,timebin_74,timebin_75,timebin_76,timebin_77,timebin_78,timebin_79,timebin_80,timebin_81,timebin_82,timebin_83,timebin_84,timebin_85,timebin_86,timebin_87,timebin_88,timebin_89,timebin_90,timebin_91,timebin_92,timebin_93,timebin_94,timebin_95,timebin_96,timebin_97,timebin_98,timebin_99,timebin_100,timebin_101,timebin_102,timebin_103,timebin_104,timebin_105,timebin_106,timebin_107,timebin_108,timebin_109,timebin_110,timebin_111,timebin_112,timebin_113,timebin_114,timebin_115,timebin_116,timebin_117,timebin_118,timebin_119
An1_Tr11,0.862644225920023,0.860653980349918,0.878833687523035,0.951661714927002,0.952053066062759,0.989832399415992,1.00347916992296,1.00515989749192,1.00513345426007,1.02228615090275,1.03739152432877,1.0376720619522,1.03431402319021,1.04005240305788,1.06881394859606,1.06730874952654,1.06687851896517,1.05884245152958,1.05698857207716,1.06736844435746,1.05371016339275,1.05371016339275,0.938289030045981,0.887096382412104,0.886686068085283,0.873862876707649,0.89415944171019,0.909113522594956,0.909427328306619,0.915600554504507,0.911792475094938,0.912283696375951,0.905684523684198,0.902736434867671,0.906925912589659,0.906481685594443,0.935553427330364,0.947246614633047,0.948194707021946,0.961338416037173,0.984445713888473,0.984199606682104,1.00801015624805,1.00631901130046,1.01053894757418,1.01037367769082,1.01400782926879,1.01293893826113,1.01293893826113,1.00003323981981,0.905829882052684,0.88913428392422,0.88913428392422,0.8947392835193,0.90964264620622,0.909567945822182,0.908649383119094,0.916977048021817,0.917052281513645,0.908673317859617,0.906311787819047,0.913348359158826,0.913348359158826,0.912409366599316,0.92031530550492,0.923133364781492,0.922558663059246,0.924121673233855,0.924272004044992,0.91809466757568,0.933876890567133,0.939510241158448,0.93499280998659,0.94474072647326,0.961321095678604,0.96624891017789,0.973789979684784,0.989815233916568,1.00470023721108,1.00266291318425,1.01364011904969,1.02277760850748,1.01486706769955,1.03542928857653,1.04572768886758,1.04572768886758,1.05683222623828,NaN,NaN,NaN,NaN,NaN,NaN,NaN,1.01565880179193,1.01545768279296,1.04938753359111,1.06283068589832,1.06633663774965,1.06633663774965,1.08389320319428,1.09957978105674,1.09804094961198,1.10688711721843,1.1080175817231,1.10748596921565,1.09985344099112,1.10402138392085,1.10047212289667,1.100520978961,1.10568596595462,1.10014122126463,1.09800657467207,1.09685239770473,1.0863319505152,0.996143203890443,0.996143203890443,0.949921690361244,0.932812252324374
An1_Tr12,NaN,NaN,NaN,NaN,NaN,NaN,NaN,NaN,NaN,NaN,NaN,NaN,NaN,NaN,NaN,NaN,NaN,NaN,NaN,NaN,NaN,NaN,NaN,NaN,NaN,NaN,NaN,NaN,NaN,NaN,NaN,NaN,NaN,NaN,NaN,NaN,NaN,NaN,NaN,NaN,NaN,NaN,NaN,NaN,NaN,NaN,NaN,NaN,NaN,NaN,NaN,NaN,NaN,NaN,NaN,NaN,NaN,NaN,NaN,NaN,NaN,NaN,NaN,NaN,NaN,NaN,NaN,NaN,NaN,NaN,NaN,NaN,NaN,NaN,NaN,NaN,NaN,NaN,NaN,NaN,NaN,NaN,NaN,NaN,NaN,NaN,NaN,NaN,NaN,NaN,NaN,NaN,NaN,NaN,NaN,NaN,NaN,NaN,NaN,NaN,NaN,NaN,NaN,NaN,NaN,NaN,NaN,NaN,NaN,NaN,NaN,NaN,NaN,NaN,NaN,NaN,NaN,NaN,NaN
An1_Tr13,0.982791249295729,0.977345598288307,0.980054456742745,0.982556162031686,0.97084067243612,0.969578448611585,0.972415373228399,1.02480114020866,1.04102307586622,1.06135199231424,1.06355878799368,0.996077261941656,0.973609291044385,0.973609291044385,0.987619001633032,0.994137615173731,0.994668293850416,1.01857348339676,1.03538880489827,1.05678206626123,1.05678206626123,1.07853738104157,1.07042974032678,1.07042974032678,1.0856923764095,1.10060228216085,1.0998211145231,1.13354559206457,1.13937589723649,1.1244689109592,1.12320149386082,1.12695094380265,1.11330700745152,1.113226089648,1.12019548880322,1.11785418839716,1.11770953747337,1.11001342491585,1.11540531861132,1.12514918085511,1.12472144316035,1.13420226897906,1.1304848325801,1.13045185422357,1.12478653309701,1.1184034427938,1.01005697881045,1.01129747296986,0.933323153677918,0.887396620623856,0.887247638681181,0.861455304206335,0.873623203037466,0.877433670718337,0.906784857099513,0.929074952312914,0.935376028850231,0.935376028850231,0.932302069212666,0.952580229233839,0.951548980255708,0.957356922760122,0.960166416286932,0.961919243246637,0.988302377147614,0.988272988416615,0.997794044082264,0.997794044082264,0.998565901884992,0.963306768656272,0.964016058929888,0.96037448686228,1.00322306824722,0.970520267688037,0.97200438502277,0.97953586313227,0.986700640874761,0.987383148473835,0.983153664023186,0.973758694761491,0.969817081389269,0.898929397122915,0.891661547648221,0.883626863668618,0.884976998418723,0.883103553355621,0.906791958494199,0.906791958494199,0.927183226520877,0.935732376881028,0.932747138795524,0.932443529097543,0.925646281152625,0.928784897737338,0.929270006726974,0.932888886862331,0.939245170391602,0.934955742064716,0.939012568389261,0.963085841445775,0.963085841445775,0.93432311671024,0.82546323471352,0.79016388508969,0.789898439713638,0.822267677202128,0.839571328734383,0.840118613784613,0.847781392110174,0.887333155615048,0.924060846525127,0.924836204425348,0.93470525692422,0.947485230493388,0.946918058322964,0.952731143762527,0.951090933106833,0.941924555421085,0.941924555421085
An1_Tr14,1.07967171669732,1.08803503063733,0.982848964971846,0.977937244032573,0.913408970659219,0.93689370797683,0.953868236657053,0.952022580161887,0.981560080349036,1.02003384677626,1.02105865778139,1.02329696406993,1.0261296060263,1.0261296060263,1.00242352333433,1.00485187760911,1.00499617685441,1.00499617685441,0.999837032524449,0.99695880712775,0.997105252570572,1.03224645252982,1.09418487453321,1.09275042531829,1.10189107481717,1.10739199646041,1.15890133896403,1.15828092803345,1.18565041027429,1.20140547658051,1.19870847674664,1.19634584267129,1.18977192900675,1.1734021576152,1.1734016647798,1.17172134606996,1.17842832872419,1.17842832872419,1.14035670833302,1.13133604961051,1.13133604961051,1.1721399678339,1.16719163741455,1.20797652126806,1.20797652126806,1.22071918572931,1.23466173945163,1.23330389144155,1.2452808807448,1.28467979982776,1.28582392604879,1.30947777616213,1.29603577621035,1.18831705884081,1.18831705884081,1.08643757779323,1.01764516500272,1.01815103557031,0.9997561149565,0.980904460500076,0.981175935365218,0.984665444022472,0.986679064666235,0.986454166308294,0.986651184559198,0.987365571861294,0.995766884735224,0.992132642546912,1.02599763942457,1.07190193541403,1.12795158118922,1.12805278706621,1.16092191316701,1.21679740255611,1.21664727254219,1.24611000636409,1.26304969603299,1.12491619381623,1.12753367560266,1.05637158217622,1.05980235271915,1.05918737631806,1.07267309316325,1.0921649754955,1.09371375326327,1.09076166628921,1.09189685870517,1.09015883717463,1.09053331533657,1.07608538100889,1.07871940051865,1.07622826160324,1.07000299369711,1.07893472487071,1.07770367273761,1.07556893787814,1.07445469398162,1.07654496511468,1.0759382974378,1.0914226391208,0.993004625693547,0.99103278784292,0.940367182423529,0.932181642837053,0.930690407847637,0.936524128850357,0.947088579112854,0.945979204655702,0.966450002251235,0.96232447065968,0.956837866382196,0.952139647573766,0.960011823298029,0.978903641723975,0.940115404278421,0.939249170063239,0.943853413139003,0.969386964905547,0.964092064077896
An1_Tr15,0.923610175631466,0.964808484063161,0.984295531455517,0.98969337793003,0.98969337793003,0.985934769959819,0.992120651835875,0.991741700789413,0.984823994613065,0.985913686914436,0.99290892097639,0.991758864133864,1.00209917353549,1.02466292414719,1.02469212383704,1.02944011443988,1.0412724709795,1.03834780940895,1.06218184741889,1.06270071088071,1.0649224804825,1.06415299798588,1.10335367700867,1.1403840726397,1.13919587768632,1.18729599705743,1.23185334873822,1.23426604086356,1.25736652676981,1.26461657663009,1.251875354599,1.25338025397286,1.24457631449503,1.22807602655706,1.23210540061569,1.22597449368436,1.22054136640505,1.22331927984045,1.21908868303432,1.21693237301519,1.21881579492129,1.21881579492129,1.19065675608398,1.18365741251007,1.18391181541338,1.19405643997204,1.21732656120448,1.22471215341178,1.22975984325868,1.26957689573823,1.30989042981475,1.30989042981475,1.3642929668906,1.41700646747022,1.42117146914169,1.41925791193716,1.40291090074199,1.46094060790866,1.45799024806746,1.46277982685496,1.37775324736221,1.37775324736221,1.2800916441128,1.203759837424,1.20165605872788,1.1794548650305,1.1643524568451,1.19285645099785,1.18859479503756,1.21816734244325,1.21726622852289,1.21768199287517,1.21912126872105,1.21310476527774,1.21361242244074,1.21207724462929,1.21171727184003,1.22379160756787,1.22379160756787,1.21635157182568,1.11210843027596,1.11308775488293,1.00995587393943,1.00163573392081,1.0379617663483,1.0379617663483,1.06234284930029,1.12095598390866,1.12019956299667,1.14827199352994,1.15321137874378,1.16283576039801,1.16283576039801,1.15893903459696,1.16630711605907,1.16571079002573,1.16453041320725,1.16192226007797,1.16476410119609,1.16429804311996,1.17095702611336,1.13386504119583,1.13386504119583,1.12747696046858,1.12108887974134,1.11470079901409,1.10831271828684,1.16768921897224,1.16874028830008,1.19236752089488,1.21610856986133,1.22230649735657,1.21857812765149,1.22042918582063,1.20584903147445,1.20718502509351,1.12316282238152,1.07947071059426,1.12796237325973
An1_Tr16,1.05577441949875,1.0189459088523,0.889910951851315,0.890225373148968,0.857876437896238,0.859849265019177,0.863285138133236,0.930248402657003,1.00122482416824,1.00369784605211,1.02841471484281,1.04908569268378,1.07185978458133,1.07131683072683,1.08084942023251,1.08436397962099,1.08416705694052,1.07872636791502,1.08017758517889,1.07639964753029,1.07282085356251,1.06655400199543,1.07267005276574,1.07288734925485,1.09303470033599,1.10158052683524,1.12769471892984,1.12387429409679,1.09180086519405,0.950774810501426,0.951340968310463,0.89816523393054,0.882398785269122,0.883331492956936,0.887616664094701,0.88770269400849,0.888073087329089,0.880178108751715,0.885210067084526,0.918075347875155,0.917875784908123,0.934634785283556,0.926037006107203,0.927341520174418,0.937050794236877,0.959933658097033,0.975034699106779,0.978054668359582,0.976611951102992,0.914866562164054,0.914866562164054,0.941840071370477,0.95728958501764,0.956786660730378,0.973798710987043,0.970655380579808,0.974125511569184,0.974125511569184,0.973908803327522,0.978460692463549,0.979365749234375,0.987365819751334,0.984792042918405,0.989930391304596,0.992208990474913,0.986963757481036,0.982637634106324,0.984547374849941,0.97723600655895,0.98958524113741,0.989117159488587,0.996963611207042,1.00610078411053,1.00460973537601,1.00300554279131,1.0147246112956,1.00895201192186,1.00774498103629,0.932278890727218,0.893725666266906,0.893725009544808,0.895568231145478,0.923066297660268,1.00964005973595,1.01283202570543,1.06497725106086,1.08828906001049,1.08749253135875,1.13037143009311,1.15373587580601,1.1696107979587,1.16917470651697,1.18349529110426,1.19193356053623,1.18800812644229,1.20342662628407,1.20147070725358,1.19750300912452,1.20349900148273,1.21336731840625,1.21139191844506,1.2109523774618,1.22817504805583,1.24935637097374,1.24812215705325,1.27051607458922,NaN,NaN,NaN,NaN,NaN,NaN,NaN,1.19293852705285,1.1931959150246,1.23824048123269,1.23851295242941,1.2396452210247,1.24151169895419
An1_Tr17,NaN,NaN,NaN,NaN,NaN,NaN,NaN,NaN,NaN,NaN,NaN,NaN,NaN,NaN,NaN,NaN,NaN,NaN,NaN,NaN,NaN,NaN,NaN,NaN,NaN,NaN,NaN,NaN,NaN,NaN,NaN,NaN,NaN,NaN,NaN,NaN,NaN,NaN,NaN,NaN,NaN,NaN,NaN,NaN,NaN,NaN,NaN,NaN,NaN,NaN,NaN,NaN,NaN,NaN,NaN,NaN,NaN,NaN,NaN,NaN,NaN,NaN,NaN,NaN,NaN,NaN,NaN,NaN,NaN,NaN,NaN,NaN,NaN,NaN,NaN,NaN,NaN,NaN,NaN,NaN,NaN,NaN,NaN,NaN,NaN,NaN,NaN,NaN,NaN,NaN,NaN,NaN,NaN,NaN,NaN,NaN,NaN,NaN,NaN,NaN,NaN,NaN,NaN,NaN,NaN,NaN,NaN,NaN,NaN,NaN,NaN,NaN,NaN,NaN,NaN,NaN,NaN,NaN,NaN
An1_Tr18,1.04949301690675,1.04979477797336,1.04144115965022,1.03467823188628,1.03516536524507,1.03420719722462,1.03135594691806,1.02426901786489,1.02426901786489,1.01379032603656,1.022985333187,1.02170327804027,1.02307528007507,0.949116535900534,0.923929728901562,0.922799517220647,0.913804507995853,0.941733984794233,0.94238777631414,0.966075045135617,0.962999969348189,0.963050629480924,0.992672465658402,0.98688198650273,0.987218669684397,1.02559505241936,1.06871107136124,1.10886075679309,1.10676829081815,1.11341360517698,1.11139579473273,1.11123618839879,1.09354454982145,1.1049545294966,1.09264934502303,1.09611300899337,1.09251135299527,1.09724797071973,1.10068507432672,1.09846414067798,1.13516057599028,1.13209225954058,1.13209225954058,1.13635989537263,1.13571744373921,1.13364865754085,1.1389299963409,1.13396449401601,1.13275125555682,1.13159136830458,1.11159819149706,1.06409878529782,1.06883067133348,1.01536421950676,1.04289879476562,1.03906676702752,1.09886835697849,1.15107835310645,1.1512123746603,1.17548600818671,1.19048480057932,1.20480842279363,1.20219160899557,1.21595656724518,1.21627150922767,1.21795095611786,1.21287247350589,1.21013458483608,1.21109802019844,1.20787582462595,1.2041789719225,1.20765707880234,1.21002725020088,1.20976126453881,1.20201813471085,1.20248357924739,1.19921595637175,1.20568878494876,1.18863547489725,1.18863539729902,1.12428721700913,1.1042497025878,1.10449643667278,1.09324570531639,1.11007114885214,1.11083058290954,1.14269971022142,1.14037861775013,1.13759681860209,1.13550576619081,1.13860658615914,1.1364968948215,1.13580370563977,1.12979398199618,1.12651665348536,1.12781240728855,1.05130326892439,0.998600123405396,1.00083557057044,1.00083557057044,1.00276597859217,1.03103550410699,1.03103550410699,1.05294863294253,1.05341784024745,1.06413950021204,1.06128731245943,1.06247841372878,1.05844149280979,1.05862093136104,1.0574967494029,1.06538739750387,1.06542996508198,1.04969642072249,1.06805435736903,1.12100014742601,1.12518027235989,1.10697873309576,1.24626445881974
An1_Tr19,0.996847417354947,0.996515836595846,1.01413509811788,1.01276802504596,1.00925584353094,1.0122304660427,1.01135846164939,1.02834639717991,1.02796744315478,1.04623576514603,0.989182532755571,0.988652333451497,0.935503464867376,0.935973292850089,0.963455271885264,0.963455271885264,1.02363526347135,1.02196309295887,1.02251872205634,1.03530169034063,1.06134330625045,1.06100605596156,1.02829092353827,0.997035273104573,1.01045729218623,1.01019434414077,1.0186585913647,1.02145767331778,1.02179637868507,1.01336587813536,1.00294913910897,1.00583848219613,0.990644134769337,0.994559844274395,0.988191603027698,0.987009025323268,0.980682690130042,0.984326477955865,0.984326477955865,0.989344623484432,0.988754721209503,0.992667660701166,0.993044250550064,0.989659973601804,0.966150935098185,0.966193272362867,0.954050587537881,0.977971588024926,0.977181781027312,0.949891512819728,0.986502642907026,0.990092631386959,0.991548539650008,0.975606252146695,0.98956780091305,0.991347857795753,0.999796423685069,1.00262369241334,1.00287027652181,1.00832487219111,1.01108529235995,1.0063730403922,1.0063730403922,1.01432625252468,1.01378572768577,1.01485671490259,1.01618886576482,1.01159004931205,1.02182112915804,1.02182112915804,1.01549751918366,1.04254111215388,1.04190053621375,1.06030034015737,1.06613588190542,1.0705289934108,1.04901206963655,1.0259368427264,1.02608471222433,1.02608471222433,1.03461201157766,1.04141598418555,1.04123078477012,1.0404599840581,1.04730670194327,1.04763322790387,1.03366275253701,1.03176474344872,1.03345979919263,1.03345979919263,1.03168458335028,1.03531295981904,1.03520962969453,1.03759098321216,1.05000391445147,1.05000391445147,1.07348182108465,1.07244600204228,1.11543448410741,1.11543448410741,1.19035048425929,1.22663830245818,1.22666181318327,1.25775535168953,1.32250936116753,1.34140727302158,1.32620413915528,1.35559004555694,1.38712289372706,1.38712289372706,1.42088303290598,1.42435873172722,1.43990475435228,1.43990475435228,1.43651598235973,1.4104890297621,1.41011260635344,1.39396681572386,1.33651668125458
An1_Tr20,0.994623475646573,1.01515485075028,1.01485206457543,1.02320681829912,1.0095882114393,1.00847303482298,1.00794851927485,0.997226534938645,1.00365669875935,1.00432493727661,1.00057011649725,0.995748155672758,0.992059748163607,0.995853834822311,0.998309131513982,0.986941408267381,0.986941408267381,0.988245151325733,0.976275899686463,0.975490176428082,0.899130079746724,0.875506944091974,0.885334926488503,0.94603874010628,0.97578387150494,0.993911038022284,0.998399380367424,1.01264593809293,1.01314019188217,1.01432395403647,1.01492327620171,1.00530028134572,0.995628566666624,0.994500695698397,0.987278634443524,0.986543299267949,0.986543299267949,0.984823249269901,0.980121032162422,0.981315820064509,0.973323852473901,0.973054329429405,0.976303116436138,0.976303116436138,0.974548333276838,0.996597497592698,0.996913151175113,1.03011238721012,1.06195748409678,1.06195748409678,1.08842655613631,1.09205148238783,1.10448636453128,1.10366340732348,1.06603540200882,0.965562567016661,0.965638795823289,1.01112586601532,1.02048420707939,1.01976645915216,1.01293129657871,1.00478821080927,1.00446971517329,1.00868023573949,1.00206745400944,0.997875209123216,0.998412817422775,0.993029018634365,0.996184962470298,0.99959749827711,0.99959749827711,0.998123016725826,0.995680253986023,0.995691707445566,0.991425579009336,0.989641724181412,0.986819314649312,0.987171010380863,0.983765754568696,0.979060580653562,0.97868411178077,1.01079710082146,1.04310423665471,1.04286868980063,1.10631106658262,1.15401619560302,1.15407405157442,1.19413875101003,1.22591202324624,1.25285927400001,1.25250329011748,1.26605700698655,1.27402007647188,1.28106115836989,1.26624582965829,1.25889030135321,1.22948217290273,1.22863847913803,1.22729664480066,1.21540690084172,1.22323874729245,1.19738804624303,1.02844702304688,1.0298911071618,0.995854005502096,1.05130701665169,1.05961207247716,1.0598440894555,1.09591836866985,1.1675354872061,1.16802382765333,1.1841406262907,1.19434697107921,1.24028085130469,1.24032328437956,1.25757860779741,1.26352898460142,1.26449647870125,1.25789387009947
An1_Tr21,0.991884544368819,0.989397595701514,0.994852610711613,0.995819640275661,0.998563991040719,0.995464660804288,0.99815893843488,0.999762701332521,1.00788210879109,1.00788210879109,1.01196096500477,1.03148362923303,1.01227619296642,1.01110467802537,0.997326160962793,1.00590837872873,1.00570163542453,0.975953845556836,0.968615613845318,0.968776793495937,0.972757436676202,0.960621262860186,0.968456230326294,0.967844097249485,0.963645899746449,0.971745152058959,0.972601568610448,0.976571402329273,0.971854125682115,0.966915663946131,0.967340591630222,0.963115032454321,0.960180446865397,0.962216711209412,0.954479750245135,0.959569423073397,0.960056723709891,0.961347424117403,0.95521996335547,0.957689089684665,0.957927399056623,0.952495303001794,0.944104974476403,0.944631781820859,0.946168407229318,0.943446675793698,0.943572278591841,0.932453818391658,0.906543123941977,0.904635259403007,0.905513677617455,0.921231728563183,0.931158196676999,0.93060698339507,0.944347274498278,0.953356591347067,0.957338202438319,0.957545346531532,0.962122144927205,0.96353862338987,0.963830174775133,0.957707493811609,0.955283856449982,0.955283856449982,0.955459442200007,0.94759170462253,0.938283441513881,0.938283441513881,0.948061837459657,0.94428958819353,0.942424783226404,0.942822264713304,0.944585351713701,0.955257766120311,0.955006575676825,0.948691447780894,0.952867210871629,0.953642821000428,0.952726151868284,0.956990692441213,0.956899494692584,0.969607587849525,0.973475595823383,0.973475595823383,0.967253788563469,0.972864281315479,0.980023552091266,0.980243652193338,0.971683971823057,0.970501039390601,0.970501039390601,0.968691318721023,0.958794525795421,0.956340195851929,0.955685838952025,0.952120595413023,0.946196608481966,0.95060694944993,0.94184122919128,0.86747822164532,0.866940539389278,0.80284949783058,0.830003033296403,0.866580153947297,0.867613358229558,0.916871989545518,0.93669401027738,0.938048565767463,0.94823274149182,0.96166122717692,0.964482673308123,0.963553033008754,0.970959825055985,0.962996103677258,0.963969324407764,0.959888217546941,0.95885962362164,0.95885962362164,0.952719893122684
An1_Tr22,1.04995698914341,1.04624175604617,1.03499930544388,1.03499930544388,1.03172117429155,1.03104013801058,1.02969357485889,1.03176398239114,1.02625754890147,1.02625754890147,1.03175871023363,1.02086490567473,1.02120333046566,0.968291717725896,0.985644398371467,0.920032888528635,0.920807134233882,0.922598872644695,0.865866718688948,0.862583023459828,0.91735470816285,0.951280254268338,0.988292806445961,0.98941406973482,1.00172299631994,1.022982387271,1.02366434999455,1.02445420694381,1.01986844901529,1.0212121995771,1.01460817918769,1.02518837797596,1.02090509156683,1.02090509156683,1.01684030244534,1.01613527269163,1.01736618168228,1.00843502932413,1.00415251395511,1.01940087640069,1.01965870898723,1.01809679678573,0.987367082622669,0.985992509381855,0.980053382305937,1.0137588098679,1.01472514864098,1.04918292432147,1.05755635796248,1.05787473863014,1.0985761161689,1.12461840705756,1.15643399242648,1.15643966278338,1.18123322663136,1.15974834136568,1.15924444167399,1.13518087904699,1.09836875703492,1.11185331192518,1.11265669451643,1.11604572063913,1.12068429362535,1.11874795762188,1.11117205487873,1.10455362660919,1.09679894498262,1.09710909020835,1.09147362008595,1.08378715173835,1.08113835976335,1.08530167374189,1.08465727441729,1.08582256761968,1.07715753336414,1.06731318107536,1.06586779903725,1.06684415373482,1.06856991620378,1.06937182514429,1.07169090297241,1.05548276535171,0.941442772369805,0.940518884937819,0.890421687866315,0.860508483360756,0.891506628918157,0.891506628918157,0.934480602458629,0.963089172527559,0.963185395455217,0.978046618485401,0.99855767021167,0.998589837782302,1.00857291436514,1.01992682849586,1.02096413801904,1.01963091867075,1.01011163899815,1.00833771117548,1.00965667470175,1.01975274811265,1.03350182218664,1.0522313227156,1.05154502226204,1.06439186147685,1.06495410728848,1.06495410728848,1.06379531179094,1.06450420443959,1.06271109899824,1.05347021280883,1.05313928639158,1.05442076745326,1.05312390361341,1.04691478497898,1.04236027162738,1.04108032897957,1.03798843420451
An1_Tr23,0.944691566605194,0.97531399420263,0.992985993159752,0.993550465941877,0.987555125536566,0.991077496093169,0.99112451367241,0.993007755780398,0.993774980899029,0.996864876490769,0.997673564481834,0.993444536196979,1.00569040027446,1.00549287069121,1.01896073839372,1.0264895495556,1.03051739442894,1.02973364977409,1.03205052782137,1.03009228074548,1.03016390791428,1.02437759316561,1.03424449289498,1.03460662756865,1.04809148001384,1.04302311200084,1.04214264259813,1.04940858544433,1.0682072458709,1.07003489261493,1.06975308682132,1.05551359416712,1.04903575122038,1.04816159695516,1.03732574043148,1.03063229737853,1.02718682225581,1.02743681688591,1.02271373873334,1.03840361308143,1.03836659751794,1.05447848968192,1.06850692833174,1.08997319593925,1.08840469936179,1.09467986205564,1.13194115791105,1.12860387854194,1.13527011312344,1.13103895306598,1.13044263191069,1.13130048812513,1.13944328990113,1.14030175857038,1.14030175857038,1.14554607606697,1.1518539249823,1.15177233749323,1.14666109263381,1.13386905662716,1.13288876984642,1.1201970988063,1.12602281997294,1.07429716753093,1.07311050514529,1.0889147331854,1.10504985151905,1.10779761792048,1.11453466008235,1.13656564235905,1.13661532585487,1.14294367319026,1.14341338433764,1.13566003131505,1.13493220765813,1.13576780244453,1.12965935485888,1.12965935485888,1.11619060540712,1.10523437378722,0.99410235910265,0.97947976605366,1.02434790859951,1.03042730592919,1.0316312337216,1.03793829974852,1.06917086109922,1.06925963063695,1.09485502337623,1.09859714677474,1.09275948124184,1.09256870268427,1.08896717036211,1.0814790589497,1.08164605201022,1.07303501197803,1.07042736294957,1.07614756823496,1.07063974023993,1.06350750561423,1.06095454992365,1.06095454992365,1.06393920932768,1.05231500058201,1.05141231673166,0.972520840153623,0.98768848638769,0.971712326399367,0.971083718357951,0.995443811305327,1.01013574595643,1.01139942323415,1.01856546314325,1.01751576832101,1.01701127009272,1.0256510340511,1.0322409995916,1.02687297015854,1.02612673143921
An1_Tr24,1.01625507410687,1.00459655924787,1.01190966123718,1.01190966123718,1.00576769277898,0.99908300724883,0.999511190753165,0.999330702782162,0.999172421444249,0.994525078459896,0.991912689949616,0.993069146877515,0.996663544995358,0.996663544995358,0.996335717394966,0.995229661016641,0.995166670068653,0.99325938998562,0.999638585419888,0.999638585419888,0.998895566302909,0.997226020153965,1.00986482579855,1.00982336246505,1.02747981760202,1.07062718226209,1.07554038048929,1.09993943660607,1.11116515862934,1.10835581673866,1.10621843981856,1.10294397317362,1.09744761002702,1.09823975559593,1.0987542248999,1.09725080173732,1.09318702385802,1.07143448481758,1.04939510331174,1.024830873882,1.024830873882,1.01353733520739,1.02564282409354,1.02518193131467,1.01110610716119,1.00763743817037,1.01079522735177,1.02684315688734,1.03573436099645,1.0460374238052,1.0460374238052,1.07635419837036,1.08992578203084,1.09180846823354,1.0944228877268,1.07496603638193,1.07496603638193,1.07178795869257,1.08006945002617,1.08154593001305,1.08154593001305,1.07427888036742,1.0841781590776,1.08273807935718,1.07813360279164,1.08159411484368,1.07120293770461,1.07248040161165,1.07293049303925,1.06752464038359,1.06983138411893,1.06842569848682,1.06312087154944,1.06382126101795,1.05744287049206,1.05412612656795,1.05338080222743,1.05656442118402,1.01624444808018,0.803077342884652,0.803077342884652,0.746067553803361,0.778171815961661,0.777557112655069,0.86799024309951,0.927115890238721,0.946551998406666,0.947640683591908,0.956939437675041,0.956818397999178,0.955389570563219,0.947815726623732,0.944558446829744,0.946806668007325,0.945300586375949,0.943285699662599,0.939330024842271,0.940285135755154,0.935132385010425,0.936996839959561,0.939094218123694,0.94478171781735,0.947308018048904,0.952093909886395,0.951753458148556,0.948062838469076,0.953255223325366,0.953333378080228,0.956116896666081,0.950156592733359,0.950290539222682,0.950521273429431,0.945623910505374,0.937491172938871,0.937491172938871,0.944965878342465,0.949730048013627,0.949265249574026,0.950997209993865
An1_Tr25,1.05829196647493,1.06321612933351,1.06424073064379,1.02931943464897,0.959566912259145,0.958561235004053,0.973178536376285,0.918654483095667,0.918595762610115,0.897613997721301,0.907588300981467,0.96611374716884,0.96627765141652,1.0285168564105,1.03701280770514,1.03489382685405,1.06254010616041,1.07925567010248,1.07656184503281,1.08144269809288,1.08412713079273,1.07427860027094,1.07041180617344,1.08223926371812,1.08273395634923,1.08298522944136,1.090685523941,1.10367599477446,1.11021996753807,1.11021996753807,1.11191766444724,1.10433899177932,1.10392476896368,1.10129042166489,1.09789470342693,1.0973328582873,1.06076278045256,0.887854667863593,0.880231825776054,0.880745519492808,0.900364420378089,0.921113240373032,0.921807835589644,0.930835497042656,0.914201943614231,0.914853667385507,0.9418284891583,1.04542147840684,1.08177144157877,1.08177144157877,1.13325591519492,1.16201865360781,1.16152728616532,1.18072241555316,1.21367871574127,1.21556389662345,1.20947949807538,1.20506965701505,1.22125482147605,1.21787590446193,1.17864189489017,1.1963860996501,1.19755987586039,1.20443195816441,1.19870285719234,1.19862738415972,1.19881982347925,1.19699624944015,1.19729485914731,1.19518548651634,1.18032573528008,1.17375180313057,1.17783380203372,1.17783380203372,1.1704588442149,1.17451370868539,1.1755561075685,1.17025912118835,1.06912981888463,1.06979183220513,1.03239868716138,1.03545199565194,1.03545199565194,1.01115212036408,1.00728815726908,1.01997118383248,1.02413375811266,1.04556689141152,1.05250066392094,1.05585093306751,1.05462637591933,1.05553941940433,1.05118046273606,1.05225992919422,1.05675283732894,1.05994083056921,1.05758842872669,1.05238428058777,1.05235408268846,1.05235408268846,1.0626284034012,1.06582029570216,1.0616967276847,1.0616967276847,0.962722587540011,0.885702871033435,0.88908566468436,0.853711270731182,0.805370741201563,0.826088855291431,0.825934240099808,0.866249228290331,0.880944626390637,0.882163877810007,0.893542507967776,0.895167473944065,0.896452402956204,0.89658949007357,0.893013691975578
An1_Tr26,1.01842540820357,1.01842540820357,1.0256416663311,1.03844017218443,1.03885137129824,1.04724678748615,1.04655404030816,1.04347853204765,1.04155078913129,1.03747261937754,1.02365988705041,1.02365988705041,1.0194256915012,1.01733153242095,1.01755164247386,0.942380751073602,0.871645727845205,0.871547611347054,0.856710474665602,0.89167053166627,0.946566172511209,0.949179597758015,1.05154855781285,1.06434022986378,1.06422984936488,1.10518922843354,1.13586562202106,1.1361932588991,1.15685643617891,1.14626762820893,1.14440047264872,1.14536128813783,1.13995532435263,1.13471463587606,1.13456528299329,1.13957314505415,1.13331071393771,1.13388414675915,1.1343687899117,1.13297867292339,1.12716876875574,1.12710929126531,1.13259649150349,1.12555087081445,1.12369281644524,1.0897493770737,1.04375523183589,1.04434658103555,1.04474942121143,1.04656368190652,1.03274460057174,1.02852095722137,1.051817783491,1.01086902727125,1.010236448736,0.952641317931196,0.997000470417504,1.01126730985466,1.01067474203412,0.900481803777521,0.880649109991451,0.881390871396027,0.889245090376776,0.933610211268421,1.0053119351446,1.00636457927933,1.02104402236722,1.04390964651613,1.04384380597365,1.06005846431962,1.08000614786286,1.08000614786286,1.0797116430405,1.07947312037491,1.07570268846556,1.07524715995898,1.06819746485489,1.06730566466778,1.06761660042924,1.06712039084344,1.06957740198873,1.07634559193381,1.07629566834242,1.08356773054232,1.0809831911943,1.08052350886297,1.06328750949815,0.946529460256557,0.943570980948275,0.964368730858205,1.01017565969675,1.00993271379456,1.02747284934774,1.05006941375368,1.05056806242765,1.05269306258087,1.05624012186071,1.05617312162978,1.05397951550753,1.04992175005079,1.04175039496823,1.03886086378687,1.04580050770549,1.04608560375249,1.0470755524086,1.04524010338144,1.04104407116487,1.04250913947054,1.03685040401285,1.03685040401285,1.04236006616238,1.04016501220547,1.04091431573303,1.06385253081395,1.06883769255388,1.05966778382662,1.0398401496472,1.06107359740671,1.06577508198574
An1_Tr27,0.90889482469537,0.908788850157292,0.941215262825933,0.988298203018204,1.0002999757369,1.00040464848988,1.01451523802617,1.02500750738906,1.02255181984274,1.0288285831658,1.02582151741245,1.02576389505391,1.02359426170051,1.01973210646562,1.01373017132471,1.01464424244523,1.01448298552393,1.01148714234193,1.01193876438436,0.999350563105566,1.0050434012848,1.00563694130797,0.995907564109071,1.00269303493811,1.02181734423151,1.02181734423151,1.04765181607928,1.04891682450413,1.04883487373302,1.06210833334308,1.05192112586122,1.05705471059956,1.05710437752017,1.04634261026189,1.04846652564212,1.0500853771496,1.0434178694894,1.04210405123045,1.03402398505833,1.02625256010708,1.02709517984038,1.03109870595501,1.03113817200703,1.0335286565365,1.04088591695932,1.04005245628023,1.03913817670102,1.0429760683072,1.04411560535988,1.04679116189527,1.0583496654488,1.03996191007646,1.03963398483411,1.00519707260945,0.996879352765845,0.998482901753211,0.952504069550039,0.92750133118995,0.927894989809183,0.877703794516507,0.799591648921823,0.821331406698109,0.82132072876106,0.867123377417149,0.881788281634519,0.881788281634519,0.911022292347417,0.947976775783938,0.951142363175263,0.950165174732259,0.956986301339928,0.950394009916325,0.951148848306597,0.943455044486395,0.942166380845248,0.935710292170353,0.935640893021575,0.933363732384823,0.922586574452373,0.914981480835805,0.920561815057979,0.921509282793285,0.924139617397769,0.920757076704729,0.912842908247309,0.902652462143413,0.907399566109449,0.91214275380151,0.915094267231112,0.916055246635743,0.921096876474325,0.921152077350119,0.918618911924977,0.915814113461262,0.917467073705205,0.926167065407609,0.926167065407609,0.929832919629385,0.929267341581493,0.928256775916313,0.928457647078899,0.929953588597541,0.929953588597541,0.924755627690249,0.921239211465675,0.945881262570435,0.94880079058739,0.933351742101152,0.933664088563118,0.93086285999904,0.935845034403151,0.94400618266636,0.932119670355476,0.933392853967391,0.921649283998024,0.921236530962976,0.9210030461075,0.917411894473395,0.913778516468497
An1_Tr28,1.0002994244687,1.0002994244687,0.996480025931639,0.996597907915949,0.996836719362391,1.00099995656868,1.00878248001776,1.01523131924736,1.01523131924736,1.02180697552881,1.04813298732618,1.04851050680531,1.01699573906339,0.967916791075845,0.967565077012503,0.975757520321451,0.966815063090504,0.965018260530303,0.990722502017169,1.01779975498786,1.02817229903334,1.02817229903334,1.01174682016444,0.979150394319555,0.979150394319555,0.97593148826446,0.984668254562685,0.995575829619532,0.995575829619532,1.00271644234693,1.00536948868722,1.00538577679916,1.01382125884596,1.01920785468883,1.0196624518662,1.02091861582709,1.02629000258467,1.0335544567492,1.02735426218918,1.03035334157616,1.04010294168319,1.04085780780478,1.05488815849681,1.04427810294393,1.026736541367,1.02135885199651,1.06457756487568,1.08131999454972,1.08084459437556,1.10092638239606,1.1042647950624,1.10391164220752,1.10924246411632,1.10919532657689,1.10961487024324,1.10579195299516,1.10076519970957,1.09966781627433,1.09966781627433,1.10049959989742,1.10236102331472,1.10137891225638,1.10068669096239,1.10075056935162,1.09708775565314,1.09802913091374,1.11399641189094,1.12062306177184,1.11875831104572,1.13398966921647,1.13377905713493,1.12911545806812,1.13138920463724,1.10492203693262,1.15341514686794,1.15359054901737,1.17508725788222,1.1792019790783,1.18155841653145,1.20528957912953,1.20238233265949,1.21221668112332,1.20421308778679,1.20048527915128,1.20255334503543,1.20352880281054,1.19973859555593,1.20160915507134,1.20020096872784,1.19360834566166,1.18392789715836,1.17781046698378,1.17806503199913,1.17577129047798,1.1743910374108,1.17255850417445,1.17104978739371,1.16940173304909,1.16309420811346,1.16254391993395,1.16116714034108,1.16207645204613,1.16832189648367,1.1743718754244,1.17575098057838,1.17538124752711,1.103056325102,NaN,NaN,NaN,NaN,NaN,NaN,NaN,0.984669978351134,0.983387627983779,1.00039897165778,0.997177106860329,1.00287584981496
An1_Tr29,0.902858976243607,0.902858976243607,0.899955339370497,0.89716092468227,0.896768537242654,0.893511849057691,0.888487219019196,0.932241121042121,0.932572485156522,0.993431263953744,1.04096294008525,1.04142528368675,1.08202696550035,1.10253639449051,1.1027497879262,1.11601892334817,1.11832443319647,1.12640436570199,1.1297042140524,1.13517216616146,1.10377622141308,1.10400585781933,1.05806897457461,1.04744946429688,1.0468990560998,1.04227323993637,1.04315863278003,1.03820788854824,1.03850165260965,1.05207687647812,1.04904416152672,1.04904416152672,1.0536158558273,1.05730148899955,1.05664615038619,1.0562823734195,1.06154837678756,1.05615957284485,1.05542280752806,1.05092805911502,1.05105836362349,1.04863561326615,1.04124235188885,1.03145399092964,1.03671488719098,1.03671488719098,1.03337153204698,1.03106553273162,1.03110108180083,1.03733761876575,1.03089391370364,1.03182832334335,0.984623315664105,0.925057627691913,0.880296267635234,0.879111842838548,0.865386498282787,0.855156519542986,0.854770161481606,0.865791881344418,0.865095752461981,0.884485055368996,0.88421092989216,0.910713266779616,0.947788480151898,0.947761147501436,0.974953154890296,0.994266003980476,0.998132202318543,1.00546712578087,1.00901586901811,1.009213989754,1.00762507138105,1.00972886226836,1.00778118386501,1.00778118386501,1.01860228214121,1.01412883837455,1.01184581595468,1.00886971766568,1.01298883427346,1.01001500255903,1.00894000640709,1.01974810418143,1.0252666269933,1.02303372349965,1.01437601638034,1.01961255500017,1.02060823164207,1.00200871692912,0.95814775697544,0.921640248159339,0.926098529713795,0.89157745106003,0.880713106458791,0.88141461600305,0.887523290208478,0.894095783936036,0.914953611111992,0.914953611111992,0.921368394271986,0.927074412604516,0.927642403415089,0.922764949855734,0.926582104238359,0.923506151320101,0.921393272585611,0.922124729999389,0.920142470713578,0.920136507804813,0.925277574833991,0.923881622219509,0.922450405092717,0.923324680381164,0.927534285636398,0.929314528918628,0.929314528918628,0.927847053731763,0.9265763251936
An1_Tr30,0.950984772005219,0.993063462034418,0.991226466601309,1.01157179195284,1.03585908103513,1.01996949755135,1.01996949755135,1.01587911981812,1.01505964361183,1.01282790386594,0.996048049288226,0.992970457857216,0.992730267437886,0.987366375811498,0.98421632243872,0.980146640271956,0.980146640271956,0.990709245774086,1.02925476482093,1.02964561818274,1.10754673652756,1.12540801736307,1.17196034118138,1.17166728703357,1.21105505866577,1.23070676415981,1.22870485319743,1.24082056646025,1.22636156132519,1.22562471594321,1.21805372805092,1.21089010207922,1.19457581805508,1.19339519708606,1.19762874981461,1.18640934388112,1.18771701275524,1.18026040044405,1.14871146515954,1.14936354922996,1.06506746560002,1.08626217992599,1.0956476712258,1.0881249095631,1.09143132150594,1.11033088592815,1.11033088592815,1.10037640123116,1.10829405067968,1.10720874104178,1.06628342414288,1.04556499407152,1.05441506504418,1.05441506504418,1.05344692253323,1.04733330955535,1.04735196362101,1.0510399073458,1.06435813895067,1.07347144233408,1.07354389295012,1.08167293670622,1.07891487052761,1.0805147936654,1.08297125442901,1.08149115661662,1.07892749835031,1.07934734990793,1.08173593134271,1.08550382013322,1.08845481540324,1.0997706095805,1.08336359205809,1.08313118543774,1.00140264307622,0.961774607566884,0.961705404101067,1.00184213051402,1.04160524545526,1.06251753098586,1.06292206343831,1.07041295853142,1.07466334070612,1.07743078508403,1.07329973848205,1.07372070097437,1.07593497844324,1.07435266047284,1.0792761778655,1.07101478563403,1.07446857681577,1.06426457601568,1.07995324381725,1.07997547649771,1.12779216217579,1.15164871873633,1.16471564776229,1.16500151619623,1.1786542072434,1.17778364379991,1.17211100681679,1.18190519763046,1.17695599299594,1.17675202407863,1.17675202407863,1.17654321991668,1.17327226688454,1.17448852221323,1.13158743416121,1.06438245605026,1.05252735209181,1.08708697782743,1.12265769053589,1.13087807630312,1.12493016643766,1.15619494509592,1.18049002217532,1.18048995457107,1.19521852642525
An1_Tr31,0.990332149601181,0.989217017262487,0.984113433616287,0.984113433616287,0.988292326369379,0.992990690927955,0.992814671670012,0.989945277111169,0.997342853546684,0.997262855932247,1.01201787783467,1.01982346011973,1.01570565146165,1.01135069843492,1.00655443420924,1.00802407924611,1.0115203105046,1.00777373901246,1.00080503952293,1.00080503952293,0.986272450530527,0.973292114701447,0.995244019575043,0.996571582653082,1.02029720120355,1.02268422445211,1.02356701476553,1.02997247180548,1.03364019875938,1.02487697482975,1.02364786328062,1.01944924667829,1.00973564794502,1.01019569698595,1.00621703446094,1.00479752294716,1.00633611420213,1.00526723328487,1.00554878799398,1.00554240628709,1.00341956153029,0.996800744836567,NaN,NaN,NaN,NaN,NaN,NaN,0.824971515680408,0.864756129274026,0.864756129274026,0.926606557346416,0.946361591975501,0.94723794140857,0.942363582891794,0.95411223286618,0.886955933694204,0.887716943381328,0.871279352747491,0.847070972291889,0.847070972291889,0.820493051217599,0.830998408334248,0.830762493437904,0.849493803225707,0.872688481913167,0.887661418374,0.885692374243821,0.887625164543611,0.889034634722891,0.892398111922306,0.886278706482666,0.890355844127543,0.885046760817639,0.885046760817639,0.801113636386113,0.800169634155307,0.796674631041616,0.804955934700026,0.838647122769993,0.839052866836363,0.850547185563684,0.860533766081457,0.861066106628953,0.869713910055028,0.866375058730312,0.876344584265732,0.876344584265732,0.873896117222402,0.874642567882154,0.873856350961902,0.884214243662244,0.881961511661246,0.880904647152807,0.886127679174305,0.896021120408854,0.889155816184411,0.884641461201831,0.882581938214717,0.896183459099526,0.895880410156223,0.895876892635986,0.899663489903161,0.904615337238671,0.906690580207862,0.907600198146595,0.951513530200129,0.951081655884763,0.977138049150966,0.989517407026202,0.991234130011887,0.993594022955303,0.99157109830801,0.983911233294073,0.984215293697272,0.969479442031311,0.968990650313446,0.971778617379341,0.955524384341038
An1_Tr32,0.951930346594825,0.951635776151407,0.953092092305429,0.964233951757737,0.973294184308765,0.973294184308765,0.986882527806525,0.990519986708768,0.990943945760209,1.01647028261111,1.02872793062281,1.03172670122509,1.03803814218109,1.02927655158999,1.02964397256148,1.02564551736569,1.02398352803371,1.0203301890533,1.0203301890533,1.01792850410941,1.01189002115615,1.01288619827185,1.02572737035537,1.03187419295164,1.05503271534017,1.05610572441018,1.08343959066835,1.08781041390199,1.08809455080459,1.07867986423033,1.07711425151923,1.07711425151923,1.05586607376416,1.0579626393246,1.05551370355818,1.05551370355818,1.05610566801721,1.05186310558019,1.05291501600302,1.0511794320777,1.04776249221459,1.04648423470096,1.04542018107363,1.05009574403622,1.04698003880031,1.04698883418508,1.03833510805806,1.01457617631588,1.0171927406896,1.01364074991415,1.00676578722172,1.00676578722172,0.912959489436918,0.884134892510547,0.864928677563695,0.867847578093382,0.866527425902116,0.823337781830167,0.823789591234327,0.796127136626672,0.796205117213161,0.798436267049672,0.796210152140822,0.786906012377464,0.818119289079406,0.818119289079406,0.838825845730791,0.855853939973332,0.875115192826636,0.87569110439139,0.875542618243848,0.875591080561113,0.87254167318442,0.878959197742822,0.87840971465636,0.882614221193379,0.8820699415085,0.887296972618256,0.881318501039395,0.8813185661666,0.875922830684753,0.887110779172168,0.889033117733257,0.903280509171191,0.996256978142927,0.997034375437418,1.03117424154717,1.0385694049242,1.06111559295555,1.05792138664113,1.07901772683443,1.07513958959783,1.07885149324968,1.07152433173512,1.06490693875419,1.06490693875419,1.05430173915647,1.04401929049196,1.03692181238553,1.03643210233176,1.03541263846303,1.02720226619726,1.02720226619726,1.01817089573694,1.02489077535887,1.02210419152516,1.02051517239318,1.03592905017198,1.05584969141584,1.05584969141584,1.0683111296922,1.06866963200579,1.0793890498561,1.0839010241213,1.07563945006488,1.07288521502522,1.07288521502522,1.05359572071476,1.00222159903808
An1_Tr33,1.09141090999674,1.07356882807143,1.07340905695186,0.94531033029033,0.913377333494925,0.913470161278187,0.924355871856269,0.97215017739358,0.98838824008312,0.987843982938607,0.990786937139515,0.998631586015729,0.99892778318257,1.01001991577296,1.01828130624469,1.01715304976272,1.02986968538828,1.02571234087688,1.02733250326162,1.02659621638181,1.03113682537618,1.04037531878666,1.03983601052808,1.07949770674239,1.08534870691148,1.08597974087144,1.11085653662803,1.13185155128758,1.14700264088168,1.15189714109391,1.13740055953839,1.10542699638876,1.10419396427429,1.09168498049615,1.08387693306574,1.08034695964407,1.08033226745781,1.07487936474708,1.06836455613978,1.06834052415753,1.0652304384443,1.08304755340677,1.07980761360256,1.08850435955004,1.1277353791218,1.14492241111392,1.14204779634853,1.15124437286387,1.15706567081876,1.15905629196577,1.18313917819409,1.19249482426618,1.19249482426618,1.20309678533137,1.12976854188433,1.10148164999146,1.103417374974,1.11794957550584,1.11145159071645,1.10930912860137,1.1179816953956,1.12374862725839,1.12447017227208,1.12621862654284,1.1283337831251,1.12505568094546,1.12418629895817,1.11990698121488,1.11716403547709,1.11374647411177,1.11199990473043,1.11442702815687,1.10677851667926,1.1059340247163,1.10427740320585,1.1064236335483,1.10391773667323,1.10599571519506,1.11010198095206,1.10564609547711,1.11185978937038,1.08111573771358,0.984268263345268,0.987082099094215,0.964908476163789,0.985604877172594,0.985604877172594,1.0390273329745,1.05485544275729,1.05676491216717,1.05569249124166,1.05430617748437,1.04784130193626,1.04615449527354,1.03676462104992,1.03471099432225,1.03471099432225,1.04577762831043,1.04731431298072,1.05159907091122,1.05159907091122,1.04518141041269,1.05763872569388,1.05869648150656,1.06482772810179,1.06111820457822,1.06308506825028,1.05969185145734,1.05894861786943,1.0680628158283,1.07253401801479,1.08703028232351,NaN,NaN,NaN,NaN,NaN,NaN,0.937235024241418
An1_Tr34,0.927033023580099,0.926795412095117,0.928806508664582,0.957854547471512,0.957854547471512,1.01218337670023,1.02994596788268,1.03980918828812,1.03980918828812,1.04770246495122,1.03976066207314,1.041513290802,1.03082165367564,1.01316955080996,1.01201998369692,1.00721101907284,0.998640031168616,0.993552377631098,0.995517205676604,1.00635649997229,1.00783332111369,1.00824100628171,1.04633989982332,1.06326796573964,1.06342755298813,1.07470036351601,1.08139627809344,0.991305111217069,0.982396918517584,0.900835830282248,0.943761601757357,0.944863724785608,1.00248270435815,1.01122516785797,1.00905212986735,1.02956742542444,1.02125472226152,1.01727759415509,1.0183228703925,1.02687063317657,1.0261976185958,1.01938089626195,1.01161076600961,1.02072752682963,1.01460302601283,1.01538328146455,1.01720271407318,1.02036962622394,1.02110344155895,1.04682462525433,1.04770856983919,1.05188560544988,1.04429135938561,1.0376983660711,0.968860462608744,0.968092310784499,0.905735021731749,0.906412484508314,0.905002127899819,0.934960410171369,0.954294946086031,0.954294946086031,0.952008041641986,0.958517755468818,0.955690845709575,0.955690845709575,0.956175301198685,0.957353731665749,0.956925736641309,0.947766830452283,0.939700049440959,0.944596104423309,0.94357715015451,0.945905271760935,0.943910979399615,0.94211581343013,0.945011668077462,0.945374869892782,0.945316808763939,0.943152481620324,0.944713906234395,0.94700907105461,0.945988985211931,0.981329642263466,0.994233974776783,0.987082230723276,1.00727694037947,1.0230168808825,1.0230168808825,1.03133533263419,1.03418209115859,1.03990110743047,1.03850890434952,1.04323055696692,1.04466955930936,1.03915045386559,1.05674246213553,1.06403161963754,1.06256046764326,1.06474922770029,1.06040934585023,1.0296274180138,1.02297710186737,1.04358360623516,1.10960493462649,1.10960493462649,1.13371882781481,1.14349019962859,1.14920698945186,1.14920698945186,1.14131967086207,1.14719621427594,1.1473734844946,1.13972006631305,1.13764282081263,1.13012548982897,1.13086741846377,1.12755211591098,1.12194241675943
An1_Tr35,0.955555468235474,0.955081611238703,1.03239221024223,1.05791155456891,1.05904727813908,1.06872779247073,1.0691631158477,0.990938584230828,0.992550840100562,0.9369702969879,1.01285782727804,1.01358320971352,1.00705155363639,0.941224322276848,0.941224322276848,0.962101518038075,0.986036992724137,1.00556279099177,1.01201871100226,1.03043236077117,1.04827288054736,1.04678568830726,0.984312658698431,0.971474916842376,0.970134200953181,0.980660182678747,0.992836725953574,1.01033697296921,1.00972320124642,1.00565657408378,0.998459225132966,0.999181186543344,0.999169099873884,0.987604770752355,0.990724297048487,0.987156589788226,1.01999358990666,1.02494043922874,1.02494043922874,1.02386399615562,1.02462136696461,1.02312603510032,1.02889307474877,1.03159052015354,1.03777506405936,1.03767220925417,1.02594578895501,1.04042521074344,1.03941486855726,1.05295406171142,1.0345275564342,1.03383257333618,1.03942819038869,1.05570666706583,1.06465140044401,1.06055242450576,1.05731167331532,1.06258639102319,1.05530456553742,1.05955308538091,1.05103444260837,1.0463316338687,1.04688920003257,1.04638606163529,1.05071949966931,1.04659480783785,1.0420354465053,1.03622534779464,1.03712176267236,1.0362651960761,1.03527546597767,1.03942528564101,1.03942528564101,1.0391456359224,1.0306011797571,1.03128283072013,1.04346248425107,1.04472265038241,0.921914946396621,0.921134958803448,0.929226883423102,0.963150445972426,0.967010299718357,0.991777639315196,1.0059574644029,1.0033475357779,1.00065707204112,0.997843800530887,1.00197728987183,0.994547187679304,0.989989223743771,0.993362554930797,0.991411909570762,0.991252561388383,0.993066288430897,0.993066288430897,0.991975553597731,0.989656433667398,0.993470328552834,0.993470328552834,1.00456200497769,1.0001032025494,1.00199957204569,1.00695816512845,1.01552903476131,1.02144163168015,1.03329638775181,1.04040520615,1.03259660087256,1.03259660087256,1.03279236916431,1.02795966355015,1.02685014433847,1.03515919826747,1.02170260010452,1.0237790315026,1.0237790315026,1.02178521392069,1.0387319322438
An1_Tr36,0.961547360158048,0.969377678260989,1.00350649290879,1.00350230998107,1.0103472386924,1.01333406349001,1.01355847298762,1.01617077952211,1.01606989947263,1.0112694177587,1.01578246145355,1.00796231244594,1.00108204690712,1.00278084658702,0.995851967084075,0.990676141803583,0.993467983361517,0.991906816102108,0.981805711022728,0.981753201204088,0.982457844842182,0.948611264907463,0.877169643766275,0.88093074467913,0.89919528802981,0.935364818962537,0.935364818962537,0.971218540176461,0.982260744729903,0.982260744729903,0.989394068208242,0.980103017988915,0.979454443165813,0.979083187811274,0.981920067110237,0.986929317663041,0.985919991986207,0.971418712594569,0.96598855656456,0.966776505258791,0.966034701873494,0.95421333156639,0.952229934736004,0.953204774506486,0.946834339834496,0.948587271022945,0.947541777697241,0.9473005098837,0.961467544437417,0.983656152363274,0.984318011501236,0.988723267917758,0.987419150279703,0.990064455040151,0.982839010399177,0.987191462707179,0.987494884682145,0.993467318159218,0.984677492525506,0.979451914139358,0.97796038152324,0.978381078731542,0.971983438212667,0.973467922404696,0.977663829738709,0.97899327723933,0.976051599548912,0.976058605603055,0.971941996640603,0.973195048449691,0.973195048449691,0.970331801238141,0.975159308244691,0.976151847023994,0.975227016348932,0.972950150695438,0.972403590452315,0.970557671435525,0.965062202288887,0.963287184542633,0.963300760413529,0.972535270797601,0.987271245234475,0.998158131602993,0.998286254923556,0.99426063988294,0.991497602488393,0.991377342571933,0.998575035686103,0.996536278290956,0.998211190718687,0.991922500513262,0.987497160337921,0.987692374934271,0.970059893731383,0.891952846696248,0.923897547542529,0.93172460958869,0.97150427603926,0.982092348387394,0.982092348387394,0.982665780862504,0.975708805077272,0.967782318890197,0.976972991067705,0.975650325011988,0.96402216470416,0.96402216470416,0.96470621866032,0.964372332326159,0.958102086323286,0.958102086323286,0.940971364487467,0.927498509274262,0.926421828328029,0.946646435070121,0.958226387290591,0.956161705491564,0.959902425989957
An1_Tr37,1.00576674769163,1.00576678844646,1.01352677962385,1.01834194710204,1.01510953209586,1.02339221516557,1.01905885581917,1.01148403052785,1.01160243501723,1.00532104129999,0.999355271681363,0.996890862848775,0.997368546169464,0.992072328387048,0.983331636338273,0.981840372197702,0.974558123944621,0.972607432377651,0.972605053265446,0.973774226154911,0.980935094602911,0.980823246964646,0.972566857714634,0.976406377963929,0.985409701378086,0.985579385388134,1.00530319239678,1.02144329267103,1.02109899738403,1.0377392414588,1.03893924513369,1.06014361021819,1.06053362322462,1.05031926506482,1.04779353271096,1.04999307104648,1.03134729714227,1.02304259786061,1.02316575133204,1.01223873909523,0.986603549703543,0.985235931904002,0.984932713163682,0.980745030860421,0.965374446818245,0.965374446818245,0.971972056775744,0.971965971035741,0.978691286775496,0.977106396054542,0.991997542273054,0.998362540407938,0.99812730366334,1.02084671261671,1.02611841493668,1.02521800215803,1.03948260345631,1.05121007081397,1.05092679189468,1.0612907863519,1.05071210537716,1.05046192187353,1.05046192187353,1.04686997637311,1.03523421347444,1.04451507733081,1.04478455292629,1.04207531399174,1.04098304253761,1.04171979132039,1.04099186320483,1.04322201063377,1.04528637715697,1.04980844394571,1.04271442941745,1.04896641356912,1.04946720166516,1.05946961908268,1.05395901675896,1.05418721513316,1.06277154726584,1.07266423800599,1.07051304759937,1.03360852817911,1.03323703765718,1.02374908207785,1.01880233169965,1.01868376432316,1.02965254844835,1.02965254844835,1.01415429117766,1.01292613966865,1.01179261617374,1.01244999889113,1.00977760310262,1.00955838486344,1.0096115761985,1.01246250594502,1.00834956522872,1.00383284608825,1.01156441431093,1.02831210841508,1.02758264016135,1.042669976713,1.04174673735049,1.04579260223476,1.0457108135375,1.04492215358737,1.03980705657101,1.04008457369679,1.03682458662851,1.03483814457703,1.03655847851752,1.03796434029824,1.04327699080994,1.05575823746635,1.05021662254182,1.05100624526654,1.05502663602314
An1_Tr38,1.00385205753295,0.998357422803076,1.00396158116476,1.01143698569118,1.01560479157997,1.00378056256234,0.986980484923662,0.987140576562789,0.987804702231159,0.995689452899118,0.995714940240826,0.994820207052021,0.998855693574455,0.995387268508123,0.993956975493074,1.00142234097124,1.01053305971862,1.01014965309992,1.00455124339072,0.998248358447741,1.01287096968289,1.01274465021503,1.03269315445459,1.03757806631389,1.03878832061223,1.05655687946912,1.07435540722158,1.07297028389887,1.05099891554168,1.06150244664185,1.0594976462834,1.05046247135318,1.04721716824914,1.0446280842551,1.04492985293065,1.04245873252074,1.0417457199909,1.04386032817276,1.05540638294038,1.0564242616414,1.03355781657055,1.03355781657055,1.01986477989708,1.01139070511198,1.01303890441037,1.0112067317797,1.02174529105315,1.00991637960337,1.00991637960337,1.00564639422625,1.01289029911762,1.01095038441536,1.01027654691854,1.02238219978562,1.02229513344788,1.01976302949643,1.02040275619735,1.01985066634753,1.01764912449643,1.01153375778924,1.01192057426698,1.01071010833855,1.00634598046571,0.991214258740655,0.991014404430636,0.993783098522385,0.990933597828016,0.987484471663379,0.989471868928607,0.981539097843207,0.986477970709287,0.985920680286822,0.97876245977117,0.981521776618109,0.982132861064829,0.974322617241472,0.967606006270229,0.973585688520223,0.970812020660369,0.975967647918829,0.976113133612488,0.976113133612488,0.975565283980209,0.978362362543042,0.97832795721831,0.97832795721831,0.980421492506513,0.969985756934775,0.969885844182181,0.906538819030869,0.898810363268255,0.89801850377383,0.93097039318453,0.913258154074301,0.950033236911373,0.944225637238944,0.963962697615793,0.963265367066577,0.958341646649342,0.956775178208141,0.957249964074817,0.957249964074817,0.957467535562981,0.958179441924335,0.952849291763325,0.953440305345021,0.948452459323823,0.945182238630103,0.955073511772367,0.947306580850208,0.948665013572451,0.951463776935719,0.950750404304386,0.957167727348196,0.951319024715128,0.9516590274467,0.954605023315796,0.948558444906334,0.950674169012222
An1_Tr39,1.00427442021805,1.00945334759823,1.00930713914205,1.00322198930233,1.00336256861545,0.999156863390588,0.999674864599777,1.00052706839748,0.997861421304263,0.99930904298609,1.00151367778062,0.99946845742678,0.996916965329464,0.994264401852509,0.998588986742993,0.991675927028182,0.996674360503567,0.995905709715581,0.998842788065991,1.00284764703437,1.00182183263355,0.994554765391595,1.00431472247584,1.01230022265373,1.02312483362671,1.03785193869165,1.03816509700906,1.07060023118325,1.06146701535996,1.06149022245369,1.05782707102087,1.04850530311369,1.04168775070682,1.04266203455112,1.0347631349333,1.03796971213009,1.04373231651265,1.03734747497866,1.03757173767712,1.03757173767712,1.02628267129319,1.01904424393431,1.0215286614621,1.01972232474394,0.971358853037733,0.975417907091755,0.974879529319872,0.995562347983015,1.0088551853976,1.01365670892312,1.03347078546214,1.03206031038686,1.03085079180833,1.03326045522504,1.02175933476483,1.01197195339366,1.01337781679273,1.01718065501266,1.01969503675229,1.03119936841268,1.03119936841268,1.04129329424937,1.03891385344632,1.04033537362598,1.03511014924044,1.02942349737701,1.03403119488557,1.03264753731932,1.02284938378668,1.01998289910857,1.02054601500283,1.01402667613527,1.01404151407354,1.01402483971702,1.02493127482509,1.0299285488222,1.0295548032438,1.03386096166337,NaN,NaN,NaN,NaN,NaN,NaN,NaN,NaN,1.12349178426098,1.12157745259273,1.12420689299433,1.10864523859088,1.10914693497625,1.13143981323789,1.12271020615911,1.12501653661458,1.13806678790499,1.15642768107896,1.13436867838628,1.13437694518929,1.17096888857353,1.14597418799556,1.14703342536698,1.14561994137599,1.14369649449775,1.14684915596626,1.16964720129058,1.14824294839453,1.11636529667527,1.11611921473623,1.11939846967273,1.11545346190876,1.10981384758699,1.1342271017838,1.15681882652174,1.15617941883635,1.17835884145762,1.19962672802673,1.16677804451377,1.16448297556406,1.1714060904574
An1_Tr40,1.03315772246519,1.03315772246519,1.04640399726061,1.04558216548738,1.075425594438,1.075425594438,1.0718727083123,0.990027781868011,0.989450589750884,0.933840869672141,0.952033027491994,0.968016197746346,0.968737578402943,0.989028295785787,0.93451427877155,0.923336524242481,0.970909713793291,0.999431355247543,0.999648282360353,1.0134689631651,1.02218304371357,1.02457521271632,1.0245825327405,1.04336740099171,1.04338673068371,1.04688301484684,1.06264018828145,1.048591293053,1.05935805090014,1.05942265989282,1.07774275948134,1.07534131142117,1.07534351504259,1.07508050944783,1.06659343963504,1.06781024715916,1.06510970639125,1.05007565794608,1.0316526887148,1.03725245003675,1.03606050751536,1.02959137536714,1.02942126935068,1.00753763596674,1.00859982926618,1.00889117627405,1.02138670399352,0.993190154871499,0.99393560993444,0.994074648360277,1.0036719864986,1.00180983322896,1.00078583319372,1.03284576487597,1.0496635491612,1.04947600716675,1.04823394827182,1.07693484134647,1.0584226871315,1.05677719914225,1.07575572361542,1.0742594814374,1.07690818624575,1.05885068997284,1.04272131413052,1.03599112195087,1.03484664675026,0.979065739007569,0.988982890545306,0.993118936176188,0.993314655951829,0.993024190715319,0.993462644195253,0.998777134220466,0.997694412393559,0.993953413470189,0.997967407933139,0.992877800636982,0.993789190469849,0.992750867286319,0.990738543307714,0.952729304761024,0.95397372368505,0.978122763405742,0.980225528187666,0.981313171523591,0.981300919804554,0.987064590798653,0.990779059713026,0.989406775493778,0.995075529107839,1.0029615476824,1.00214154467321,1.00245975846348,0.99853917955928,0.99043029157789,0.998980003030939,1.00311402367878,1.00623625721601,0.999772590208552,0.999772590208552,0.990303139545806,0.997033172114138,0.996725353192587,1.00499104161782,1.0192884802796,1.01854383546218,1.01278141915162,1.00734783053904,1.00805009931031,1.00406010268727,1.0028509347912,1.00893480474589,1.00893480474589,1.00050043299308,0.992945061442993,0.993928019881031,0.990620382280109,0.997647074622686
An2_Tr11,1.01861595905809,1.02003925538343,1.02003925538343,1.02127981533193,1.02135798939515,1.01516348366325,1.01516348366325,1.0050091617655,0.997534423790496,0.990108012879273,0.991468926519471,0.989652993161106,0.988256858283088,0.987578322014484,0.989468249589822,0.974592119880451,0.974155686415855,0.981845628925916,0.998670374896019,0.998300819622093,1.00795831017072,1.01190863568972,1.00985099891686,1.00517678013113,0.997573457163952,0.996543313771258,0.996933068495737,0.993087569516213,0.989604418564541,0.98946913097085,0.983512674363606,0.984494957128568,0.986809854706903,0.986809854706903,0.986039221010103,0.992882622089158,0.992882622089158,0.979781958524513,1.01657433284306,1.01739622767627,1.03467090235844,1.07064644008676,1.09712714141038,1.09712714141038,1.11823177223595,1.14214770935902,1.14217550664851,1.14822873986932,1.14899671694489,1.14971105537892,1.14546517141098,1.1404257946104,1.13354853392157,1.1331261939895,1.12226377518885,1.12286792028187,1.12338010546187,1.11309777530492,1.11197128882995,1.11450086516509,1.11450086516509,1.11018931629536,1.10938452704076,1.10938452704076,1.10890163314457,1.10594877373075,1.10628453433928,1.10562211126054,1.10910809576089,1.10815248026974,1.10792732191328,1.11092168915995,1.11644859729381,1.11417162985279,1.11374891290297,1.11656601168677,1.10968532922467,1.10861772726926,1.10395804200782,1.10440274987983,1.10314973951436,1.0937353917646,1.05392409945362,1.05385260059854,0.917307988090656,0.939154714135243,0.940323096525515,0.985107876055317,1.00299382175599,1.01042875446587,1.01042875446587,1.01129312626073,1.00610746262249,1.00626618823407,1.00312112603487,0.995393000203956,0.99599468785817,0.997018511110063,0.987286817204485,0.988271089689443,0.988160542156044,0.987285361745098,0.993425022630715,0.99240617344507,0.992842308356401,0.987035564165736,0.990357998572343,0.990687388092263,0.994279642235916,1.00269699853304,1.00664157515585,1.01427280600169,1.01583207111424,1.01119470602308,1.01119470602308,1.00596205347949,0.999494822395942,0.998593814846033,0.991563743975766
An2_Tr12,0.974935597518648,0.978138062396742,0.975751952992535,0.974578275833692,0.975800527785511,0.976466539058197,0.991505568092862,1.0096318429279,1.01239362250275,1.01239362250275,1.01698694664299,1.01967091668313,1.01978713404437,1.0211955058351,1.01300876216758,1.01299987550881,1.00638636112888,1.0069532431373,1.00141564324025,0.999283388754678,0.993629642053595,0.990428279590209,0.990892823661594,0.980439696550935,1.00338208215439,1.00391122240332,1.02802394939726,1.04685821302047,1.0418456295867,1.0415733064194,1.03823190594362,1.02500986901022,1.02500986901022,1.02226769050003,1.02116895342076,1.01739158865439,1.01556610056849,1.0129124868159,1.00881779497257,1.00830775383413,1.01049814409603,1.0072078930948,1.00703444258615,0.999599822510329,0.9979258413167,1.00921448680875,1.0079986323999,1.05295310283746,1.089878913735,1.08987898419883,1.11699063581743,1.12456838015958,1.12415192845157,1.14287517054357,1.13778055518809,1.13778055518809,1.15750043831765,1.18830917005579,1.18903416768874,1.18903416768874,1.19693142962182,1.22108607679197,1.22395683330527,1.22569772241537,1.21703493242382,1.22845734498761,1.22845734498761,1.2153643887491,1.19981272610741,1.20039322271218,1.18660406113415,1.16733059817417,1.16785316887147,1.17006281857089,1.16153562184317,1.12622271468732,1.12622271468732,1.16224839876308,1.17730260250544,1.1776939524353,1.18607739518607,0.820249416298009,0.586005861822097,0.585671109157668,0.532671480106153,0.504469695692221,0.504469695692221,0.619063537236764,0.873858976255986,0.873858976255986,0.908096524899495,0.933483917058642,0.952788305641924,0.957840148279679,0.966736133018083,0.971739852162175,0.972315989619247,0.987898888627655,1.00515739133365,1.00471046524564,1.00591906054897,NaN,NaN,NaN,NaN,NaN,NaN,NaN,NaN,NaN,NaN,0.644002956281578,0.66472691623652,0.665371507869568,0.690264960905428,0.727980725611324,0.72888277833742,0.753880211866543,0.764877986965376
An2_Tr13,1.02569572928087,1.02574717875876,1.02054992942625,1.01114916384384,1.01195460503649,1.01277611106817,1.00435687734738,1.00519700053964,0.999374359718925,1.0008279158526,0.997513252230765,0.997918932230254,0.990204448093727,0.987182443135995,0.984881380371138,0.984604697554614,0.977051649021622,0.983420304393165,0.979594022095796,0.980593105646035,0.97993150933882,0.974747474605491,0.975274555608763,0.994480239131808,1.04330838304847,1.04366462036022,1.07489285524962,1.09301354823155,1.08854439185423,1.09448264615509,1.08427162768301,1.09097697938011,1.0840818186583,1.07518027303371,1.06418033654206,1.06557436683343,1.06228760587215,1.05944025839608,1.05369129497157,1.05205779327847,1.04974369294923,1.05078118585474,1.05109328360649,1.05433155951051,1.05636291576812,1.05676704731949,1.04686246238041,1.05113599897673,1.05004719225938,1.05032920919252,1.04248186294909,1.05978563124791,1.05973806300691,1.05818126348706,1.08195801871228,1.08285229149993,1.10368430329815,1.11389327320372,1.11449688610158,1.11458961286468,1.11480225072592,1.11134660895903,1.11136554513795,1.10714782561775,1.0976157158761,1.09234350286897,1.09522116727497,1.09412766273077,1.08494640452647,1.08494638393394,1.07660920539895,1.07747701643509,1.07663552139217,1.07463481068901,1.07322909078195,1.07288408582907,1.07635766256211,1.07227435017084,1.06824825516346,1.06851455167418,1.06990999513952,1.07212376940867,1.07208937165233,1.06471330240551,1.06968753749856,1.08517561524642,1.08524529589601,1.09219605636331,1.08438566712255,1.08380083944979,1.06484094074519,1.05844079974735,1.05218422024584,0.998323311010173,1.04220725572181,0.977220903805859,0.97691776186995,0.928098998887494,0.891138859514543,0.891138825049483,0.912706625969453,0.932203585900806,0.936386065303444,0.942146954757798,0.94504751720416,0.949048082185579,0.948242396530065,0.950776276010135,0.947677280478795,0.947094551143258,0.955755172317642,0.956951482123208,0.957375770603343,0.956962043211727,0.969970514872118,0.971772618660495,0.972595447733108,0.986683686706684,1.01191155408876
An2_Tr14,1.01784813793444,1.01403045325417,1.00971933011379,0.999091181226552,0.99669325693062,0.992849890019711,0.982064367310728,0.97946800567124,0.977672117643838,0.976795013791216,0.971576579339052,0.96951400390102,0.970103067491113,0.985979189238356,1.00974500026633,1.01035592577663,1.03230676261686,1.04928407450629,1.05490364296805,1.06840840997822,1.08050097246326,1.08677799108101,1.08666642761505,1.06823793581827,1.09341446295319,1.09379543738599,1.09393389402619,1.08647316950993,1.08643873876177,1.11452686567776,1.1268261571487,1.12908851312338,1.12903541276242,1.11014712292327,1.10852537914044,1.10852537914044,1.09778384192086,1.09123218591911,1.0908932205429,1.08198587288336,1.08389403335137,1.06425029069932,1.06462272176585,1.03380101675977,1.04337671536571,1.04317514700804,1.05636698862702,1.05787139288945,1.05969231455352,1.06654789964828,1.07579758021987,1.09278707339513,1.09187175671529,1.08654815718414,1.08382332478835,1.07877300997709,1.07171751112946,1.06744354934378,1.05486388224428,1.05476318917483,1.06388176101997,1.05831764138339,1.06144311651624,1.06178092740867,1.0588600989345,1.05911663159494,1.02962972222741,1.00217846846439,0.963157441734545,0.951498524065706,0.936542353109507,0.962170850407635,0.964075668833892,0.976660620303682,0.987930859646883,0.988402625235974,1.00172268796113,1.02124087978999,1.01847491864277,1.0192929204336,1.02454316063026,1.01484534234167,1.01414108616145,1.00452191896358,0.996855882060019,0.996718681400996,0.9995364931284,0.996873405818207,0.986015717663479,0.986015717663479,0.988442651176975,0.982737354222514,0.983247707149142,0.992349007117569,0.992505530057005,0.964478908789907,0.964478908789907,0.922933813801653,0.899801499698087,0.899903751945268,0.983015925888985,1.0060498066122,1.00729205263892,1.01227230309909,1.00556836245628,1.00629336522691,1.00594824181562,1.01162091597189,1.01142549263235,1.01149794756768,1.01557914573442,1.01404694959507,1.0133332714404,1.00547226421959,1.00959031977195,1.01162661655869,1.01166097016481,1.0031479323393,1.00036195415915
An2_Tr15,1.03611719068237,1.04135004095988,1.04135004095988,1.03774462429707,1.03951912217375,1.03888814296581,1.03458055610318,1.00287175038591,0.996051074033581,0.895942195217612,0.926192753820791,0.943495704878148,0.944695756112824,0.988718664494656,1.00208336329725,1.00128336487284,1.00766766611248,1.01006661465698,1.01138137397497,1.01159864652607,1.01884454334126,0.998787159516303,0.998125694656189,1.00324145087565,1.00889461141036,1.00335437711087,1.0191670186918,1.02967185047737,1.01773163912989,1.01827882615371,1.02183502980069,1.02189395695423,1.02026785791639,1.0136036913233,1.02205150407382,1.02205150407382,1.02153410002725,1.02120436390328,1.01956511049076,1.01956511049076,1.02469949533815,1.03377197923661,1.03352907583057,0.989632131164674,0.995151902813435,1.01176111659043,1.0150399734462,0.988091015311472,1.02393574251152,1.02367244141696,1.02523235238445,1.04314260440694,1.04448369443673,1.0690090353714,1.08134134052402,1.08317653648316,1.08317653648316,1.07849442251636,1.06587911370871,1.06592744136963,1.05753228751038,1.04333455790771,1.04490004353026,1.02923434100692,0.933238770493717,0.985642594862881,0.986743609348634,1.02397118879231,1.05182351513406,1.05221150487643,1.08397911001926,1.10031122158957,1.1006478167468,1.09851181635875,1.0880886231855,1.0720543585659,1.0744508589679,1.0798124510553,1.08152596551649,1.08172633205988,1.08992346728232,1.09180940256613,1.09170960941479,1.09012303259971,1.08956572784189,1.08113241455874,1.08242339820598,1.08053397542188,1.07954888235769,1.07768805265289,1.07768805265289,1.07628884295913,1.06576412015599,1.06572526972271,1.05393154795263,1.03879539610794,1.03884909527965,1.04826261350044,1.03908460477223,1.03361373853886,1.02245407287374,1.03859287967781,1.04393464153989,1.04447331899732,1.04632788977961,1.05484112065391,1.05533544137035,1.06382225744204,1.05680296327432,1.06357113632666,1.06357113632666,1.05566905651988,1.05333947058322,1.05276007043135,1.0599384885893,1.05121771761234,1.05124402520038,1.05675397536185,1.05658173475998
An2_Tr16,1.04745946753623,1.03580224773141,0.999656801561311,0.954037209779846,0.954037209779846,0.9176481589187,0.976196156011334,0.976761495477304,1.01116424062319,1.01573309877178,1.01573309877178,1.01944848889396,1.00784324597762,1.011366181171,1.01223468571065,1.01047880871123,1.01339433596432,1.01013676294408,1.01086830566441,1.01460135071824,1.00732612891959,1.00718640358434,1.00792335089294,1.02076400905208,1.01903139395008,1.03845945803911,1.05592257240926,1.05755974164291,1.06047924836143,1.06263853968344,1.04809852446465,1.04791118767271,1.0420771911235,1.04369380023618,1.04364551138902,1.04887011137311,1.05221740978833,1.05071044586748,1.050201775537,1.05724369455172,1.04146771189444,1.04146771189444,1.03134915366479,1.03490258406754,1.03533692878041,1.03590656670557,1.04038664570213,1.03865953779954,1.04350894063118,1.06205162713612,1.05447125831341,1.0541950311829,1.05636288526134,1.05532731198459,1.05532731198459,1.0799005633026,1.10669749130524,1.10460090714326,1.10427409725305,1.10820176821651,1.10072967640522,1.10070711312643,1.09903374648561,1.08004244985513,NaN,NaN,NaN,NaN,NaN,NaN,0.997081190008261,0.997081190008261,1.02075207885764,1.023881532731,1.02369427047536,1.02462255736051,1.03341461047646,1.0374778530739,1.03759481126378,1.03129860120888,1.01808953396906,1.01819372326148,1.02692918337975,1.05082439696978,1.05256439268217,1.06291879265256,1.06060151023745,1.05569057801636,1.05761565315579,1.04957148108908,1.04517638035943,1.04448841034391,1.03953831200255,1.04406546412786,1.045012707417,1.0432633143454,1.03490214666726,1.03148894837504,1.03121019897798,1.02591290288948,1.01809037179569,1.02977479432344,1.02889411450238,1.03594695519968,1.00313502928515,0.99883648220429,1.00112530778218,1.01327779220557,1.01309730517403,1.02455985693844,1.02734983840857,1.02469740071719,1.03015652305078,1.02834534026692,1.02771159460232,1.02743313956446,1.02336667887558,1.02015673308453,1.02048641454957
An2_Tr17,0.989760338950947,0.986048899975269,0.98627839477874,0.981756612746248,0.976200161030993,0.977542873999262,0.975118070039338,0.976341724881374,0.975047241181068,0.977882007765802,0.986166126691694,0.995300923720445,0.996071967591482,1.01263090618797,1.02524981556454,1.01269230696149,1.04100752462278,1.05894900922853,1.06995509408203,1.06910572476785,1.06480195868484,1.05187516036873,1.05206427409232,1.04345584045132,1.05490121673809,1.0550976534436,1.05383117285078,1.03871927729235,1.04128767134888,1.04104618733217,1.02942395891668,1.03422750353998,1.03572443481586,1.04980863281181,1.04949543536029,1.04949543536029,1.03219697956805,1.00424687655915,1.01992166460926,1.01936684990726,1.03120647465628,1.04328165670552,1.04302837398046,1.05762698818897,1.063979894199,1.06621503459187,1.06622067666184,1.06844091577155,1.06141285954715,1.06266263632421,1.04188317742849,1.03204093918264,1.02626370609141,0.935830953593541,0.912101444637953,0.954079115117434,0.953630211496187,0.97559269043503,0.979029118625758,0.979742799253009,0.996994123983973,1.00559216319079,1.00660283466447,1.00637831563085,1.00898295927405,1.00393562671392,1.003732149368,1.0062402501913,1.01385044605595,1.01403209475343,0.989569719264415,0.990574782086666,0.990864725539776,1.00337122579678,1.00617338264134,1.01469584727884,1.01469584727884,1.01314644846035,1.02125844470066,1.01769277861467,1.01471567488856,1.00905128197104,1.00728705880185,1.00944482162137,1.00574456668945,1.00394000006504,1.00420225894541,1.00848655754303,1.00789274784911,1.00137880924824,1.00137880924824,1.00188596844563,0.999355239768679,0.999698895143153,1.00582558386576,1.00770805652948,1.00528511065346,1.00725790770978,1.01467770303879,1.01294885735503,1.01360201322067,1.01098479874862,1.0186571366573,1.01812969392672,1.01079797089529,1.01818214385261,1.01810635168639,1.01957699101569,1.02563497431608,1.02908540313785,1.02728834112223,1.03123894969104,1.0338216960769,1.03274108098419,1.03737596996493,1.03839058299865,1.03739397487989,1.03691293304235,1.03436626033498
An2_Tr18,1.00491400729299,1.00634093520371,1.007037276381,1.002860837008,1.00634549108576,0.996172533764201,0.996526990600959,0.999452440947144,1.00368200336149,1.00310133942452,1.00539762074935,1.01221438341428,1.00438445706267,1.00408225451743,1.00574523286029,1.00399674783665,0.997667040896441,0.985379524149456,0.95469888344366,0.95469888344366,0.977980597047416,1.01532387767497,1.02064468856362,1.02064468856362,1.0355564245574,1.03521519169473,1.03694279101499,1.03333792376234,1.02619015458224,1.01489743916932,1.01520786006735,1.01290069144628,1.01501400025511,1.01425742524,1.0346662245928,1.04473347655937,1.04596873377328,1.04421457923211,1.03553139287762,1.03769030683069,1.01667464921317,1.00875550706159,1.00494104557713,1.00494104557713,1.00719429654768,NaN,NaN,NaN,NaN,NaN,NaN,NaN,NaN,NaN,NaN,NaN,NaN,NaN,NaN,NaN,NaN,NaN,NaN,NaN,NaN,NaN,NaN,NaN,NaN,NaN,NaN,NaN,0.898990848893461,0.898179518850138,0.9302086991849,0.925035262695381,0.945912581364284,0.946163854998234,0.96041729104416,0.964468132798454,0.963632023360128,0.967185239688739,0.978175939293514,0.980039002903151,0.977815698189398,0.927568892573438,0.847138357326405,0.848986902442576,0.819462943309583,0.821988937374278,0.822245832080841,0.863131972510007,0.886469156103942,0.879599487050657,0.878579622734068,0.877230223189548,0.875721979708208,0.875311796412221,0.874575598423227,0.875110075850494,0.874957629426203,0.87483384289197,0.878814241304956,0.873620341226172,0.873620341226172,0.87541422830381,0.884139170921543,0.884725747355976,0.886531158056303,0.868123535409711,0.868292572104421,0.898433457763738,0.941183532548506,0.951678351214594,0.941150225222379,0.949867464599474,0.953051901671929,0.952573382799786,0.951474666320922
An2_Tr19,1.01030281216243,1.00939474169401,1.00553802462716,1.00293249527955,1.00174902553571,0.998991146020268,0.992525286220828,0.986472500809226,0.986472500809226,0.986177719787921,0.992802614843268,0.993038508459028,0.998961244904385,0.998468417899651,1.00456349889473,1.00471137632879,1.01131587632659,1.00794915869741,1.00763305069981,1.00862043348513,1.044499119369,1.04436824851848,1.06189303347912,1.0722774813796,1.11206290198195,1.1120697527292,1.13923407272764,1.14443095789413,1.14457498248581,1.15156258106424,1.14544984001697,1.14631975584728,1.14136139903195,1.13157595473449,1.12113530332758,1.12113530332758,1.10221429043406,1.09945173984155,1.0995175551089,1.1027903508404,1.09805081823571,1.09710550856546,1.09307224094127,1.09192823190501,1.09154935101946,1.09154935101946,1.09539718059165,1.10500305534967,1.10644656438655,1.11056648839079,1.11215185849557,1.12291594859352,1.11945994293693,1.12780389829281,1.12607606697088,1.12603370361145,1.12910003044467,1.12191200563151,1.11869393518661,1.12044080636706,1.12312400468634,1.12013164515669,1.12080944420157,1.12602265482531,1.13280421002626,1.13280421002626,1.12517045002478,1.11876825174938,1.11868249551034,1.12150741947359,1.1275465412194,1.12933268696913,1.12953315120894,1.11913785720401,1.11779995757532,1.11750775538057,1.11933174615105,1.13911485174335,1.1393554757851,1.14796324672523,1.14186155700948,1.14080656651647,1.13959163948852,1.13229221577354,1.12689817976365,1.12688146774521,1.10689314551411,1.11108719588998,1.13660797716885,1.1363535882987,1.14982719805262,1.161195100031,1.1615494133338,1.15683397881363,1.14610140700976,1.14484836811037,1.14894618298722,1.14888887919407,1.14836278779985,1.14761560041964,1.14335810778236,1.14590511934291,1.14535219612682,1.14748509071763,1.15564218157891,1.15077283705619,1.15492291432735,1.15163273944927,1.15365039735004,1.14848845053949,1.14156483363727,1.13587483874051,1.13587483874051,1.1338281318062,1.13304907814004,1.14585128137561,1.14650503513831,1.162752287216,1.1779632757435
An2_Tr20,1.01656380035797,1.01181981179808,1.00523498745935,1.0003980573053,1.00538328806045,1.00355022188543,1.00431885186194,1.00799540237792,1.00799540237792,1.00290390232395,0.987762567901533,0.98821610771997,0.988613476386421,0.987616724599272,0.996849279584132,0.996067005331101,1.00320160432616,0.992645778912146,0.992863729430946,0.991225737224856,0.991325400532457,0.991847687230909,0.991721788573952,1.00434800904469,1.02108344781006,1.02063816505164,1.04160437737039,1.03330162698072,1.02106787701773,1.02098862164896,1.01453346577,1.03136778756852,1.03757066092139,1.04869404400146,1.06533350551273,1.06635357484735,1.07687431948595,1.09159989118248,1.0876976016776,1.08867261253065,1.10531479399298,1.0962767710678,1.09952456483474,1.07697531358773,1.09656444379635,1.09656444379635,1.07943842179453,1.06868285312038,1.07644124348767,1.07151886136987,1.08512455662645,1.07346474174063,1.07352195770261,1.06062370719515,1.07104606647013,1.06769390384925,1.06431097983799,1.05909345035275,1.07527936773877,1.07527936773877,1.07735611776293,1.07406387172549,1.07412269273792,1.03992622191556,1.02824327734863,1.03245280566322,1.03245280566322,1.03841726067475,1.04628914748424,1.04628914748424,1.04809018477417,1.04924615776994,1.05043367662466,1.02973259766695,1.01908391094531,1.01757962067305,1.01781834658065,1.03393032881768,1.05635489784022,1.05535770078992,1.06046903732112,1.06283290437032,1.06021121932047,1.08151066010193,1.08396308237884,1.0853514955978,1.08514734071428,1.07821813975829,1.07335613539932,1.07339848337828,1.07803076999525,1.0865161924159,1.08784931293029,1.0866075585391,1.09145253554904,1.07456137290734,1.07915537435239,1.0692791498085,1.07024283654397,1.06266918760936,1.06266918760936,1.07218681227763,1.07811527419279,1.07671495510584,1.08123872693403,1.06758706511431,1.06726014042271,1.05278530694757,1.04022481373114,1.04034475952451,1.04617936093014,1.05433158594062,1.04747857359266,1.04797032208215,1.04984242634571,1.05172053319167,1.05328609979063,1.05733028697493,1.04793730982939
An2_Tr21,0.994976163729131,0.993952576496837,0.993378452751987,0.994877165697572,0.995359080951045,1.00996914166219,1.00921962367949,1.00925723757735,1.00787692574653,1.00201517803222,1.00024812962048,1.00001001203603,0.999581316246492,1.00089008880569,1.002018837098,1.00584414124519,0.995966783979945,0.994519085278686,0.990040059365122,0.992504415102553,0.986153900247331,0.986247249788961,0.980542603508855,0.99063440421896,1.00079719471206,1.00083892999984,1.028342398279,1.03322074305706,1.03196107657062,1.02721705698061,1.01219044316156,1.01154891055286,1.00705452282394,1.00877979006586,1.01304380258865,1.01477203801681,0.991196733094029,1.00256278934366,0.999594470162216,0.993832494001781,1.00685581326868,1.00699264356696,1.01811325624436,1.02282349086643,1.03089287414484,1.03101916666375,1.03696392595092,1.03821088540726,1.03471331362178,1.0571956335396,1.0708288662417,1.07154242903033,1.07763563958366,1.04428515307731,1.06911028539287,1.06900597807987,1.07370350412231,1.08129965738686,1.08129965738686,1.08830653576801,1.0858719872966,1.07768564109094,1.07734502032645,1.07469188313688,1.08662475929984,1.08736551628142,1.08436148912815,1.07534940762154,1.0785741510859,1.07957582062418,1.08353408654815,1.08384529429736,1.08345474189032,1.08674440280069,1.08192885212356,1.07934127246071,1.07227024184774,1.06043790415243,1.05974467583675,1.0567971509369,1.05073798752731,1.04878812559152,1.0478636958558,1.04804362180853,1.04355831343447,1.04402144653179,1.0344857033042,0.990176744959703,0.997302104983685,0.996507918214588,0.989153268216327,1.01075268457255,1.01071694981506,1.01560597046026,1.01867876693584,1.01774381303299,1.02554870649029,1.02520505593343,1.0278979916306,1.02768778780503,1.02602612265637,1.02504829970595,1.01943406557337,1.01500111665312,1.01735236033353,1.01980976836557,1.01549326487606,1.02081332226922,1.01751263437955,1.01751263437955,1.02746982096153,1.01915009237876,1.02091693429081,1.00701504224941,0.98100833824063,0.979399157703927,0.990301197378857,0.989139451079734,0.995079443446405
An2_Tr22,0.99574688542354,0.990438609169933,0.991240804034279,0.9970383973926,1.00157929038918,0.999921589249357,0.999921589249357,0.996275205842619,1.00103141805747,1.00473760539072,1.00500265150797,1.00198008896515,1.00298301878876,1.00298301878876,1.00248310799031,1.00397691552372,1.00451171001065,0.999553232254948,0.998594861970661,0.988378387959479,0.989383300948854,0.991315696189025,0.982040182939749,0.981559504423261,1.01084852437508,1.03367584114021,1.03007784351023,1.03705327707477,1.04315308787315,1.03767285918293,1.03477592658535,1.02996108953364,1.02502181131579,1.02502181131579,1.02553853681929,1.01815501889663,1.01550824475794,1.01210159291635,1.00035061862391,1.00782439289404,1.00117268230955,0.999783008653304,1.00807188887791,1.00807462837811,1.00556151402935,0.987488075899253,0.986423626900639,0.985675535796671,0.986179951704135,0.985456441194579,0.984066348551929,0.980053745515499,1.00179371814624,1.00179371814624,1.02240896612167,1.0522315818208,1.0600237948576,1.05972408925486,1.07022972461209,1.06659886945536,1.0649919638684,1.0536946519861,0.991209755456423,0.88606404735224,0.885246473509823,0.71257108917384,0.721776308092779,0.721776308092779,0.734011224757886,0.757468648392103,0.757468648392103,0.80451569005728,0.802972250458161,0.812123141543807,0.812123141543807,0.807911388219338,0.819034601532492,0.818585919425507,0.825232534633518,0.830589417823261,0.832019271137458,0.832323766032472,0.714187697651782,0.672980732068595,0.672386105987814,0.703386837360865,0.721835097595658,0.722084326337355,0.752310933684775,0.764608869928456,0.764608869928456,0.765117834271887,0.769512669690822,0.783353790274401,0.783079274556483,0.795261910022078,0.794631628628405,0.79413690850881,0.788601401097061,0.787434151193201,0.78705982939616,0.785766675397799,0.789587284851533,0.782414154774242,0.783529737419594,0.781819382546063,0.776006793334678,0.77831216545887,0.777236567671491,0.783184858396288,0.784808916983649,0.7907685283636,0.791377144720311,0.839042967401528,0.840941681793421,0.886140668577011,0.910320220057118,0.945203876175409,0.945435843696226
An2_Tr23,1.00429584243943,1.00178610504743,1.00080120005379,0.998966052942196,0.993944447833395,0.994450191378637,0.993767868127811,0.990559761713038,0.99075854699312,0.99018710771691,0.994886474967763,0.999415652049174,1.00722129384003,1.00954468149265,1.00676432762656,1.01199619774014,1.01199619774014,1.00208494873862,0.996573101559162,0.99679796142281,0.991906164025769,0.999539503258706,1.01044524655586,1.01010559745803,1.02294716220062,1.04019344114786,1.04019344114786,1.04744241571305,1.05540898969296,1.05478960525211,1.06224773975353,1.0552897785658,1.05014797931783,1.04912111870979,1.04274104636155,1.04657870629108,1.04787101437465,1.03994982950281,1.04033618208829,1.03972303501688,1.04110138513647,1.04640773137953,1.04016651401307,1.04001620440056,1.03710551454529,1.0359379065633,1.03439920467709,1.02817205986375,1.030571578085,1.02934371924597,1.04079864708916,1.05122411356695,1.04724182757564,1.04805437372827,1.05538798461429,1.05598390109917,1.05589301947785,1.05740843165684,1.04708767481416,1.0370334271107,1.03717425137657,1.00778185011477,1.00461896224582,1.00438755789527,1.01595271806495,1.02838035731042,1.03482958304744,1.03515148255246,1.0370596969594,1.04446771466844,1.04540512447251,1.04284565461186,1.04192153689056,1.04187606045085,1.0356380602581,1.02784725010336,1.02194312122716,1.02293835983229,1.01622928645277,1.01610334787913,1.01165871248368,1.01295211168727,1.015968115006,1.02139511767789,1.02399792764429,1.02256491687903,1.02273922564625,1.02482714626836,1.03205374407317,1.03300562572161,1.03429256611253,1.02625474424467,1.03344425374503,1.03046494665148,1.02991711366234,1.03303966959171,1.02784939150921,1.02643470449448,1.03232676921361,1.03570970639247,1.03737431583063,1.04440624472746,1.03221263333794,1.02953914003905,1.02590501105921,1.02973031924492,1.03253692297725,1.03037415899007,1.03933463310417,1.04710902328749,1.0471287771366,1.04983510658305,1.04532515713791,1.03691594189133,1.03145252773921,1.01833142863826,1.02035637461119,1.02089735376697,1.02526689020511
An2_Tr24,1.00724474492264,1.00712555250109,1.01064272138598,1.01696514378407,1.01696514378407,1.01610357515171,1.00842646858472,1.00842646858472,1.01052231707873,0.997639925737706,0.987788645063603,0.987788645063603,0.986105027720726,0.99182492260972,0.991342206929149,0.987432487420219,0.987474297376632,0.988101667940191,0.992080038360724,0.995877140996852,0.984762032718387,0.986694233735755,0.987385120838962,1.00246055742986,1.0023702453203,1.02372269615415,1.02851137184349,1.02958243130944,1.03691941303473,1.03738960219804,1.03257223535932,1.03297703564705,1.02837818875123,1.03039226763847,1.02221682851075,1.00293159911434,1.00609062048727,0.995482885035905,0.999365477556522,0.996449861291481,1.02615317032382,1.02615317032382,1.05114155883841,1.06926762370482,1.09130019877379,1.09256190366171,1.10044511939884,1.1014705659582,1.09849285752523,1.10500245192086,1.0946987820493,1.09479679423046,1.07089016138608,1.08791040162942,1.09483665999953,1.09483665999953,1.09411358501547,1.07910365971327,1.07984725355337,1.07673315490196,1.06124872793869,1.06124872793869,1.0605285288057,1.06464535410307,1.07428819980972,1.07519021245068,1.09001300845992,1.09463720454982,1.09179253945791,1.09488822850707,1.08238893314758,1.08059497716353,1.07187412078718,1.06866636382086,1.06132030698717,1.06283561380505,1.05387986429577,1.04947841306652,1.05120477913522,1.04891548523371,1.04510362517146,1.04563867908516,1.04563867908516,1.04124535738551,1.04258932003073,1.04176730172382,1.04742274009876,1.05563761299251,1.05348690892138,1.04906922021651,1.05259721565831,1.04925656243038,1.04176025598025,1.04337622661578,1.04575394670529,1.04475364865688,1.03210619109983,1.03389677025919,1.03375394291417,1.0272681428456,1.0291295588271,1.02973625510738,1.03078092730675,1.02742420989784,1.02765862368913,1.02712891758483,1.02638784005315,1.02801011092256,1.02623658655499,1.02770653555301,1.03087346265767,1.0259078795685,1.02591369705408,1.02824989830827,1.03107088033882,1.02796562651928,1.02853370495273,1.02635527710796,1.0326259653127
An2_Tr25,1.00800479880458,1.00758745569483,1.00367079770033,1.00499081609206,1.00249899947581,0.99896310250267,0.996303637084166,0.99646362612861,1.00284716642699,0.999391896839664,0.996506284909713,0.99219269342055,0.999264883834167,0.996497914825827,1.00273694752645,1.00258645046522,1.00146133772921,0.998094435511831,0.989936755027332,0.987859134787693,0.987852648877925,0.98291325757757,0.972251242996709,0.972253188346248,0.980113411635065,1.00444656771885,1.00568141036548,1.01494791400879,1.01099162092399,1.00900910030161,1.00853880314442,1.00355262898093,1.00435796177238,1.00537849671276,1.00570090938872,1.00361626092385,0.99764855142514,0.997647852929663,0.980683701026217,0.982458767392619,0.982458767392619,0.973452722035541,0.970830214640856,0.971657660118435,0.971549710633928,0.970742907090014,0.976310642220297,0.976435186533073,0.976079526105501,0.97362973799543,0.967563222585041,0.961383987664088,0.969026457251494,0.97609972843371,0.97107417394876,0.977191009324171,0.981322582553322,0.982286669437371,0.979468855478176,0.979252787697296,0.978968844677617,0.97597433317539,0.97389104000129,0.966849540398134,0.967246604082153,0.967874578730838,0.973347976508253,0.973076483838771,0.980478346558867,0.977315783547941,0.974003751682757,0.973381452351196,0.972369681252331,0.968923517446735,0.966982809849365,0.971701475867583,0.971734816789297,0.971466289532169,0.972167922380006,0.975762697115615,0.973553863289923,0.973553863289923,0.973289828902502,0.963062307695717,0.963062307695717,0.966269483322411,0.981217093195449,0.980220772124665,0.997145655636377,0.99754579256065,0.993675199307092,0.993954426256957,0.994042738295043,0.992213157014605,0.990818200539969,0.984792510045387,0.989240776333221,0.989240776333221,0.984088360068284,0.976936383650887,0.973461630540597,0.976107524188235,0.980791178288035,0.98288452940292,0.980999584514017,0.982970897627168,0.96400941696631,0.973773062014472,0.974485319715715,0.981312994701239,0.993916997843616,0.993621656114362,1.00342439138778,1.01142804241627,1.01262273594773,1.01263362738884,1.00205083049423,0.998505988778016,0.999081526067886
An2_Tr26,0.995190155031653,0.996168222234648,0.996168222234648,0.997549512179622,1.00139003072163,0.993695059772331,0.992498059651671,0.991320214949321,0.994931021985314,0.993588623649556,0.998757911608764,0.998674026504732,0.999525480549332,0.982954837809075,0.984781358541617,0.983735744999405,1.01690582586946,1.03445959930263,1.0477060924046,1.04774457987118,1.04408020900778,1.03757388035075,1.03150639474586,1.02787992897803,1.02392987604472,1.02942025990901,1.02758621686136,1.02715633398054,1.03040253449336,1.02928857212629,1.01427858435568,0.999127996468012,0.9938970346956,0.995053930879987,0.986311465151221,0.986378510990545,0.986361193076741,0.98621146580827,0.998981674261255,1.00058842451619,1.00289525107035,1.00591339939307,1.00439016166845,1.00439016166845,1.00814966503549,1.0044509772115,1.00540701691381,1.03514089067177,1.03188639226106,1.03195151346199,1.05339957985556,1.07175647101252,1.07277252775916,1.07327147611706,1.1032891354703,1.11772586403963,1.11343870112435,1.13222828138311,1.13177599467822,1.1316660954128,1.13521438544245,1.1351092158193,1.08631338062699,1.08631648106146,1.01918255575755,0.967601488392184,0.967183890790342,0.995116559799911,1.00864698690259,1.00022982533004,0.994346248879408,1.00623490174927,1.02640240330467,1.02711261927945,1.02645299621639,1.02385251430519,1.02670239115642,1.02616769969469,1.02364172581793,1.01771204926276,1.02059940423133,1.01173523460624,1.00966150053072,1.01035252162603,1.01125034080132,1.00939365397947,1.00975501557081,1.00939013012771,1.01414550958653,1.01132216308611,1.01132216308611,1.00802687703578,1.01045984689415,1.01142110481044,1.00374857916026,1.0023736170414,0.997411544654775,0.997554035048761,0.993231062406772,0.993970275694724,0.989551093450123,0.991243537997767,0.995753252707031,0.993995142774808,1.00434971661828,1.00888771418164,1.00968438634993,1.00896479327989,1.00577434689921,0.99443390121898,0.993797018479727,0.958466647791119,0.877522680699384,0.833193796064558,0.836483766776666,0.855148595834604,0.891784427064065,0.891985682150762,0.922579596790631
An2_Tr27,0.988942792577911,0.98950849495649,0.993609519232966,0.992544530152406,0.998255451578122,1.00558173094328,1.00506362096884,1.00593540872568,1.00797008140627,1.00774711639905,1.01619143118171,1.00915672421102,1.00572610798352,1.00572610798352,0.988048348858311,0.992515869304511,0.992456940140612,0.998250456248958,0.996769267146828,0.994279695638264,0.998225242812025,1.02804113656042,1.06101520775776,1.06156352341941,1.07232230293246,1.0930416047163,1.09268800749009,1.10659713804668,1.104133533065,1.1053100901856,1.10497993715635,1.0934434508251,1.09097335788009,1.09086197900432,1.0532466006793,1.04877776115682,1.05084716074852,1.05259117321583,1.05492277445417,1.05947496280529,1.05947496280529,1.07166819368892,1.06714869833243,1.06543695507362,1.067807895457,1.07221982583118,1.06913665044086,1.06352494181083,1.07729383313818,1.08659274963111,1.08714464302961,1.10099908987047,1.12164005575645,1.12254480713955,1.12619366547456,1.13578744658901,1.12848302300238,1.12758147900535,1.09838506572406,1.10719406859548,1.1062465729363,1.10655843662246,1.12678241590127,1.12840173163369,1.13399607000403,1.14910128685253,1.16202979379723,1.16226613911794,1.163881736952,1.16235726941312,1.16235726941312,1.1417226302972,1.12603380724823,1.1238836830555,1.12235737223784,1.11374061766639,1.11243220646964,1.10997773038604,1.10533272463512,1.09179766957957,1.09400190782265,1.09797204447433,1.0951873568016,1.09323673172324,1.08838650457175,1.088415701379,1.08448797608612,1.08448797608612,1.08851662323776,1.08368247878802,1.08368617817885,1.08573551906407,1.07855484837336,1.07817198932448,1.07809039159703,1.07746978619055,1.0840695089617,1.08381577411282,1.08940661622492,1.09383314006656,1.09360996477806,1.09312253237972,1.0855554589851,1.08729138793904,1.08727764253486,1.08197775476389,1.07914936625066,1.07928048836494,1.08314155781674,1.08672294596417,1.08201022570827,1.08079400106383,1.08505921453974,1.09125693946229,1.09268844622674,1.09099270874804,1.08679548847606,1.0873244084026,1.08853399322954
An2_Tr28,1.0026474658536,1.00262487619469,0.9968624916611,0.992698856322357,0.999360709525499,0.995776525212367,1.00368194104721,1.00538954268077,1.00513586826915,1.00326985108271,1.00326985108271,1.00195893637307,0.998612113968176,0.999844517301574,1.00158635659246,0.998063196172636,0.996682987765377,0.996905329161505,0.995628583733043,1.01165808363605,1.01179990342473,1.02291096003511,1.03377483138884,1.03363405304286,1.03651807688483,1.05580913220192,1.06890250434134,1.06900607537014,1.06859202337906,1.06482101336858,1.06463263255264,1.0513869759094,1.04880553859197,1.04410371049274,1.04187661921967,1.03484525028789,1.03311302235566,1.03307751404329,1.02674464020469,1.02918632607705,1.02443794123362,1.02544997911565,1.01857287205387,1.01254594459214,1.01292324986904,1.01388169080485,1.01384717392065,1.01162018899315,1.011916468307,1.01268596973953,1.0351533735471,1.03339734936361,1.05116021826873,1.05321969225209,1.05379366869146,1.04721057891047,1.08603689905527,1.08595232241744,1.11339005891364,1.10291377260203,1.10163070809894,1.04332275621977,0.950485403853967,0.897082547843717,0.898178220114839,0.907987527989744,0.956697774249794,0.956697774249794,0.97250813610647,0.982814500913893,0.986837591185528,0.98373371279047,0.983133479056471,0.982412763456877,0.982412763456877,0.984705942258696,0.985504198230493,0.986461092619943,0.986511050718077,0.984573219706835,0.990819014036102,0.991244461442161,0.999534949127339,1.00729565486792,1.0060664629033,1.01080863458871,1.01415228061856,1.00439121934249,1.00429521896607,0.994602893870607,0.98915974228918,0.983396171765311,0.985602088408981,0.984260641395827,0.983061435587211,0.983123776888267,0.986859224044446,0.989233843279555,0.983176596791388,0.986061331171235,1.00105038385127,1.00212881456473,0.998130305286511,0.999976257347615,0.999976257347615,0.993692367213549,0.99315472022185,0.997051360291335,0.997051360291335,1.00185983966179,1.00392660954474,1.00388049298163,1.00039375146457,0.998050611673327,1.00319656127,1.0028856971963,1.006745716607,1.00205913428721,1.00300766996413
An2_Tr29,1.00517756268398,1.00305578322801,1.00118691682518,1.00118691682518,1.00150221273249,0.999376496586792,0.998657694144278,0.994090754667536,0.991673804956057,0.990278300428252,0.999084821185837,0.995669586761549,1.0000653883165,1.00084819490685,0.996867715060995,0.999866634479782,0.999475699606463,1.00873592351946,1.01319959308481,1.01294532085297,1.01494265726102,1.03551025615207,1.03311064928716,1.03599979118659,1.05594559493832,1.0692251954818,1.06986669728466,1.07547578613731,1.07417244252287,1.0697097310464,1.07532296692917,1.07068793431977,1.06774304883667,1.06712043520925,1.06445323076722,1.06669333119037,1.06605642177886,1.05742803884548,1.05188853958332,1.04289630869058,1.04214775044586,1.04988556800341,1.04726023798593,1.0471997328353,1.04997630379753,1.04738845335932,1.04772437781107,1.04740692614241,1.05041343040209,1.06174271454961,1.05854591695446,1.11570276424828,1.10958669163215,1.10749622341413,1.0948600791149,1.10237992764414,1.10378505506934,1.10714555401304,1.09891262141126,1.09725899845717,1.09668550144974,1.08844371175426,1.08556249855738,1.08488022563645,1.08284908840504,1.07043965567416,1.06846494492889,1.0689734967699,1.06310577800248,1.06205905367181,1.06197311942093,1.06210916600212,1.05643754730554,1.05620799230318,1.06057492804117,1.05568004550525,1.06234043179915,1.06212475310321,1.05884452687408,1.0600215557504,1.06327362119249,1.06122648222808,1.06991166652964,1.07038101873436,1.07179206792315,1.07214006850752,1.06595044403868,1.06749929510189,1.05755434132597,1.05972729002805,1.0598050923985,1.05015582299291,1.0583296977992,1.04956227816632,1.04869291134862,1.05312661544989,1.05910069193971,1.05747562405183,1.07491611968414,1.0758421516895,1.07551519714892,1.07997369966546,1.07306566334088,1.07578017655332,1.07370597484799,1.07107774806335,1.07026344895688,1.06822584508993,1.07034271484619,1.07057399293819,1.06321786707836,1.06292802369017,1.05386340089688,1.0547332031482,1.0554066208053,1.06259031234989,1.06373712218861,1.06302520983383,1.0772177563113
An2_Tr30,1.00091786393357,1.00275975872504,1.00350092845178,1.0030472282101,1.00179812551815,0.993741826160054,0.992382415287857,0.987428800756055,0.995856295135245,0.996302024530601,1.00730138092612,1.00732354773426,1.00375836786228,1.0040062145331,1.00127045445247,0.997411331379818,0.998087245864927,0.998685801270643,1.00442038926794,0.97816954640314,0.97819479408563,0.973337504830591,0.978585322089037,0.979330876855601,0.99901412195265,1.00797914450319,1.00829984645281,0.998022730920151,0.99757061652561,0.993620129707488,0.993300528575884,1.01310034808763,1.04149667644544,1.03759458680788,1.02043987659783,1.01959220276485,1.01952073927495,1.01064236983642,1.0305911104419,1.0305911104419,1.03502420519408,1.0239670238835,1.02656871410183,1.02613011556245,1.02521837532088,1.00911284784447,1.00946066859406,0.991710637496486,1.01130080576654,1.01760026634191,1.01695763580288,1.01618480386982,1.0381978333391,1.03449521734495,NaN,NaN,NaN,NaN,NaN,NaN,NaN,NaN,0.588572904584611,0.588594046985922,0.625581444011884,0.646103388262245,0.674115999647673,0.67151497167062,0.684022001104253,0.695443233704165,0.695443233704165,0.701391593159679,0.711616330869785,0.710513901655527,0.717395110137877,0.720942697296367,0.686768274778784,0.687144165966332,0.617084904825203,0.601328587481743,0.601211501961982,0.624054279371416,0.622331120130272,0.637957727462083,0.638107971742245,0.633127922286756,0.630119799367739,0.626717667913814,0.629380259352818,0.632663767355905,0.631623530617747,0.650263678788929,0.652095963099027,0.649566975382403,0.647691588799244,0.648029223325758,0.65481418194352,0.652763876040732,0.654662233931734,0.653477282320107,0.653477282320107,0.655541020900287,0.654131567586556,0.655917483973563,0.655880633649901,0.658132987345541,0.654449893891245,0.654449893891245,0.653651863784164,0.649249746383473,0.649108028233499,0.65602317426747,0.657956839076907,0.671817419298595,0.669584968055812,0.671826655794905,0.674204778699239,0.676234197115803,0.689490496364758
An2_Tr31,0.991026424336951,0.996960142055848,0.996960142055848,0.995024807998471,0.997398547053259,0.997398547053259,0.999503548228865,1.00213218854463,1.00210716104563,1.00081640207536,1.00469382061607,1.00507368265402,1.00486500552939,1.00508822627499,0.999178884392979,0.997133311199641,0.994883910891206,0.998169105607723,1.01158614238585,1.01139595260233,1.00128869490674,1.01006102779347,1.00913730244832,1.03226814854464,1.03996277450882,1.04068045278463,1.05920180665886,1.06363521896795,1.0643196376092,1.05606987518345,1.05752309535677,1.05640956347881,1.05634018333198,1.05525167739545,1.04822957761073,1.04865024863207,1.0390505900545,1.02936672346466,1.02658001420911,1.02523722767562,1.02464867968862,1.03095029955072,1.03133492370507,1.04002185393903,1.03914531662132,1.03156539350849,1.02741864611783,1.02292747964766,1.0229420583724,1.02162195175364,1.01644531018807,1.02020434986997,1.02020434986997,1.01058519808045,1.01311757678208,1.01652187372314,1.01824102447073,1.01335355780459,1.01540494861975,1.01540494861975,1.01441291171759,1.01560232334673,1.01561430019069,1.01649139838026,1.01648662423067,1.02375226378807,1.02052594913697,1.02782910840336,1.02734373352376,1.02810498865227,1.02579119404166,1.0273214431534,1.0273214431534,1.0291287698577,1.03152764819092,1.03431325676781,1.03431325676781,1.02808572145326,1.02069256447458,1.02020089543796,1.01320657558676,1.01633598292655,1.02532845742754,1.02540190116936,1.04109948688637,1.05547519991215,1.055450508168,1.06175557151966,1.0612013917504,1.05681138980442,1.05681138980442,1.0549009436262,1.04526896593495,1.04396949851639,1.03667990742619,1.03513494134785,1.0359574548364,1.02927824484715,1.03101556792322,1.03101556792322,1.02605921036603,1.03211936252908,1.03811323846823,1.03811323846823,1.03815439413937,1.0386492805658,1.0386492805658,1.03629279305512,1.03852384769238,1.02857363350643,1.02857363350643,1.03439171233473,1.03147140090899,1.03480929194353,1.03211096000592,1.03121646198765,1.03059644336007,1.02829434432725,1.03161214246172
An2_Tr32,1.01858908156696,1.02046340022261,1.02046340022261,1.01945865813505,1.01627055462402,1.01791390061487,1.01343316571047,1.0068318427409,1.00618309341527,1.00252830938383,1.00294337240037,1.00771058454672,1.00669000041517,1.00088732633678,1.00494407547376,0.98834222293286,0.98834222293286,0.956592940543843,0.901411847781063,0.901814055281121,0.865552894071527,0.843223629669087,0.843263507925733,0.894641051980173,0.906206977382721,0.92038610014571,0.926210022159969,0.933217028182293,0.93555299803354,0.930888344833126,0.925870137177082,0.928508874252908,0.928769156873569,0.916248288984495,0.911130318368759,0.91475704676421,0.91475704676421,0.908992475397103,0.906754389916515,0.90683454639979,0.905251068246182,0.916091683514229,0.915263374077353,0.930875742564799,0.945410584992872,0.956589633835709,0.951270506636181,0.975037424270804,0.996150514248816,0.997501650683685,1.00869215325504,1.01221472451508,1.00899544424326,1.00713651105113,0.994581570789661,0.991111421748167,0.991111421748167,0.992820557422034,0.994541288036407,0.995284688819566,0.98283528228005,0.977693484983259,0.975515550652239,0.97552242191162,0.981204976112022,0.980478899051517,0.981416939419479,0.98598242895712,0.984989427186344,0.98422622348012,0.985297150787432,0.987783346511016,0.987459208859569,0.985389126008654,0.982586589772807,0.98327291375848,0.981647939786768,0.980624593916133,0.985279719873848,0.994177119023081,0.993261214436968,0.998727672849713,1.00280639553901,1.00102526366575,1.00644223003781,1.00612619581979,1.00648497313028,1.00740319839516,1.00850013621582,1.00335328467711,1.00478471259439,1.00213233937595,1.00105702256171,1.006373778333,0.992772107345667,0.974858017284042,0.965525915381018,0.973170955287108,0.976707731045276,0.997580349323335,0.998369007061278,1.00434115349608,1.00134613500286,0.995829898448377,0.99979337131938,0.99711899661304,0.997269968007803,0.99232749241781,0.995724306015915,0.988796463906667,0.989730241767975,0.989817610885475,0.984518355877613,0.985822519953325,0.988589360130244,0.989352463438525,0.984641922425688,0.983422051649312,0.98304573323815
An2_Tr33,1.03881966614099,1.03753777828075,1.05304139732998,0.998242846097589,0.990002335028575,0.994347432561441,0.997454997782099,1.00857527843524,1.00857527843524,1.00334908830883,1.00129467436787,0.992417653718068,0.991617050201506,0.9876863083033,0.972484388080173,0.972576168021105,0.976165544040946,0.987407756091642,0.98840435877465,0.99268971688843,1.03717961073615,1.09058739973707,1.08663555595893,1.10919577587842,1.15508402109006,1.15497403051926,1.17090656868283,1.18697436446367,1.18732184370956,1.18826203473691,1.23388661983402,1.25248612678134,1.25223730529987,1.25543954817918,1.27740325344736,1.27740325344736,1.28629433913495,1.29029864540942,1.2936737527813,1.29436795468783,1.29302759388186,1.28074008936211,1.28074008936211,1.27681456259705,1.2695955740597,1.2695955740597,1.26708733698276,1.27234957734035,1.26900230021502,1.26889019850684,1.26500153129545,1.26239895485796,1.26338081621559,1.2676110234399,1.26901241769009,1.26680346053208,1.26732557742884,1.27273497853317,1.26532292490389,1.26477239115018,1.26960238546876,1.26332010281718,1.26287840219272,1.26652745800753,1.26614801245204,1.26059488189732,1.25994472690174,1.2102335550443,1.19165501443556,1.19165501443556,1.12416694441612,1.10042318939931,1.099549919826,1.10658080500887,1.09689706514473,1.08709831476138,1.08486531158422,1.07765281014328,1.07030035972893,1.06478824071817,1.05118109158834,1.04610777304436,1.04682586665769,1.04795412128257,1.04102692554843,1.0511793093973,1.05058473360468,1.03218414209574,0.983336567679339,0.983336567679339,0.986808044440122,1.00885075550099,1.03358291423954,1.03157635721725,1.02489478334635,1.02248053393234,1.02298612744446,1.01623292507403,1.01231448912275,1.01317510927335,1.01215375238878,1.0171405709881,1.01368466213042,1.01376270546934,0.972099096075024,1.05311065780816,1.05311065780816,1.08837053235075,1.10121213327366,1.10302314100952,1.10898915777899,1.10169436843307,1.09652850102484,1.09652850102484,1.09449009812488,1.09556624062429,1.09531614248547,1.09008373853978,1.08097045495123
An2_Tr34,1.01476684906282,1.01666290020432,1.00665135796306,1.00665135796306,0.994606163881925,0.998299163696391,1.0078271582268,1.00846629339625,1.00566332972977,1.00693532908498,1.00845440229144,1.00120418396743,0.99471918073637,0.994400736116004,0.989812031836685,0.988378051908719,0.985514318745622,0.985514318745622,0.985472872442735,0.987866228914404,0.987426118810344,1.0065641724342,1.02278631306663,1.01932705648717,1.01816378881646,1.03277874961391,1.04064094177622,1.04064094177622,1.04802571360657,1.04684624484808,1.04707286665977,1.02989699234702,1.02249168263593,1.01697964344136,1.01826202347649,1.01490559811383,1.00877888974837,1.00864830469212,1.02142254875772,1.03607862068762,1.03481974809162,1.05090056544874,1.06056466134867,1.06165005468197,1.06525683930409,1.05729863075852,1.09264427618011,1.09279042898079,1.07418202114005,1.14394674995619,1.1593439334033,1.15905879618481,1.22201499761416,1.24088170076695,1.2388876211659,1.26682929011664,1.28145928009295,1.27883719761099,1.27845448130779,1.27713395966021,1.26646767486619,1.26204655145305,1.25783627955909,1.24545293595328,1.24537061813501,1.23547688586703,1.22778122583527,1.22143059582294,1.22006382482171,1.21848122208669,1.21953096664411,1.2161157111975,1.2156325300215,1.21426917298034,1.21327689722975,1.21083426444575,1.21057074274728,1.21862890033555,1.21360414077624,1.21524061606516,1.20175325427237,1.20175325427237,1.20163233554447,1.19922250319244,1.19737877309003,1.22635562630261,1.24864678366445,1.27444954283979,1.27347979608441,1.29413255505867,1.29466187472107,1.28970493748521,1.29775534272782,1.29197426170386,1.28747944995052,1.28603839546375,1.28709672051251,1.27567786284426,1.27552575767871,1.26543066070197,1.26604152966949,1.26236345912964,1.26278762429525,1.27038555998668,1.27712884329054,1.26944537371649,1.26996445318115,1.26828798164372,1.27341416613016,1.2718706049268,1.2605937932059,1.2605937932059,1.22824462826427,1.203236684153,1.21453516216226,1.20896135534674,1.0169219652412,1.04255355727203,1.04255355727203
An2_Tr35,0.976008851162872,0.978741209747168,0.978741209747168,0.976874296404014,0.985263559874269,0.980940148748374,0.980940148748374,0.981032951318432,0.980796695527325,0.984138280842477,1.01259499767979,1.03576187295411,1.03616553299544,1.00865701073894,1.00995548546142,1.01998588832521,1.02144430770203,1.0265672565918,1.02539029543077,1.02444158245661,1.02776280234514,1.06051006849277,1.07535220919497,1.07726668904128,1.08092400767382,1.1070899896754,1.10736515293878,1.12723255474145,1.12478112628243,1.11101405776221,1.11035598873012,1.10658537998965,1.09851865315783,1.10197902548845,1.09785846242019,1.09631632705988,1.09614709936822,1.0975625139283,1.09721054611458,1.09803203570262,1.09514658653348,1.09544746133495,1.09417146845717,1.09363952215384,1.09021093794302,1.07806449240287,1.07803744191005,1.0796273214191,1.08558553470903,1.07555289611874,1.07409305357892,1.07458588022565,1.07202538218368,1.07223211659538,1.07958850313183,1.07550190969809,1.0725252838351,1.08071828239141,1.07962067720924,1.08528708767992,1.08525685491613,1.08190437253405,1.07677759255366,1.07654041244816,1.07700122184965,1.0780811465463,1.07981175104991,1.08086958363326,1.08643090258069,1.07874380977983,1.07899807474018,1.08167253271862,1.08117475557037,1.08415856449485,1.07415457642386,1.06918759178509,1.07189433365497,1.07172048049176,1.08259555935041,1.0900408418554,1.09120464534086,1.1011819982144,1.10105634512516,1.10018726452824,1.0948441934865,1.09128668458158,1.08229432384032,1.08167443181456,1.08446403767374,1.07924691051055,1.07924691051055,1.07397490988665,1.08663790814435,1.11660596154521,1.11660596154521,1.14035844280647,1.14245196213946,1.14245196213946,1.14649994846338,1.13601064408402,1.13593368322971,1.13282782180639,1.13390325293084,1.12793740358505,1.1293237223992,1.12185512146596,1.12464004521247,1.12459991394963,1.11719150219998,1.11126996356073,1.11117660697223,1.10811912622066,1.10916883951719,1.11310062770409,1.11369595851283,1.11989308513971,1.12795777040818,1.12823454065835,1.12177197828021
An2_Tr36,1.00540602639659,1.00830023997811,0.99686363487913,0.996231404477963,1.00338837894952,1.0038565211725,1.00547358835113,1.0008733555412,1.00108763936176,1.00446663817678,0.999154292720034,0.996788119252268,0.991201971241637,0.995569622222178,0.99626117619463,0.998100204668895,0.99994680458712,0.998794482313954,0.998235899514604,0.999358856110523,1.00000768321941,1.00031423234174,1.01137148547506,1.02739672154092,1.06882294578299,1.06857431976245,1.10080067959164,1.11632082995022,1.10809996875407,NaN,NaN,NaN,NaN,NaN,NaN,NaN,NaN,NaN,NaN,NaN,1.11415992964566,1.13148130001073,1.13203440672645,1.14685244784033,1.13470925951115,1.13267359631425,1.13338592411395,1.13697529385144,1.13910552978152,1.13637602211202,1.13375323434363,1.13238378433324,1.12954107913358,1.12758452154619,NaN,NaN,NaN,NaN,NaN,NaN,NaN,0.523477124507936,0.525878887789868,0.569818305494197,0.578347250330681,0.577467707420891,0.584543761566008,0.592080324084271,0.593398344949254,0.589420090962051,0.595528576521469,0.595611373013313,0.596219465577419,0.604489497956964,0.610131507481262,0.610131507481262,0.616397816807898,0.618305732536649,0.624473626125773,0.624473626125773,0.63827997799622,0.629599797924096,0.632095307127919,0.688401053854018,0.651840379784549,0.652232369073241,0.587421935939239,0.607065881456456,0.61883123976216,0.617899405201136,0.624942346216467,0.630049498330009,0.629984850642465,0.631016076480716,0.628587424200708,0.628587424200708,0.629917301534117,0.630248856669667,0.628215745089629,0.628765902195344,0.631711123160817,0.647334379931548,0.647176236710241,0.656048064886005,0.660805288567062,0.663994203734787,0.664010732677709,0.675190555957186,0.678832067435343,0.678390922415324,0.688201001886014,0.729597551885958,0.723510406060449,0.723289658979607,0.712205718902381,0.705291847662742,0.705085426435946,0.715392303403119,0.720558791375816
An2_Tr37,1.00148074153435,1.00022276451593,1.00181634722839,1.0021412952595,0.991453764813233,0.991183772140692,0.989995091696327,0.981853194869731,0.990742862483965,0.989716461008451,0.989783030374507,0.998957876290137,1.00015593681922,1.00233115975841,1.01135391298073,1.02455681305327,1.01232836265762,1.01225972769176,1.00766688482379,1.04210514600387,1.04327720891091,1.19926237735045,1.2557617005348,1.2556386883958,1.31633245732664,1.36159833263099,1.35963006114169,1.38366715518465,1.38321764144957,1.37508224397875,1.37399196214191,1.37179179611261,1.36655725982657,1.3663411693738,1.36409618099388,1.36083806595081,1.35391576681103,1.35587557973232,1.35795483370964,1.35355188005837,1.35248017183183,1.35288693474563,1.34075686318479,1.34041315104885,1.33976300011816,1.34722474460668,1.36456687111496,1.36561760261756,1.36684750091084,1.37292842626118,1.3729156994999,1.39125018233888,1.3967367857466,1.39125725760762,1.39539026377326,1.38925493636792,1.38748745291245,1.38440983368384,1.37584017582171,1.36627698040994,1.36627698040994,1.36422317147408,1.36364177415856,1.37438308660963,1.37438308660963,1.39518520981321,1.41741430932165,1.41741430932165,1.43700755030859,1.43335928085568,1.43335928085568,1.44052071774163,1.46198864291696,1.4681906788065,1.46875676102856,1.46872768998209,1.44677505719476,1.4474685284244,1.43567299171103,1.42751970091483,1.42445929617922,1.42499412514574,1.4291260488286,1.43203919618571,1.43051457834232,1.42588989451028,1.42097176981198,1.42130137453298,1.41895946499644,1.4113211203388,1.41214352392237,1.41373125130495,1.40742421596245,1.40135241603254,1.40005906229704,1.40341669104518,1.41614397800306,1.41461026758834,1.41750755388984,1.43421068413344,1.45369238072822,1.44855055727483,1.46518703516378,1.46572959562603,1.46754917209507,1.45890838440064,1.4608349976033,1.44029049191874,1.43979890810539,1.438045613408,1.43732777193067,1.4369913166873,1.44133034504604,1.42925496069989,1.43025273025923,1.42761782533137,1.43207741746475,1.43448739381716,1.43246333887825
An2_Tr38,1.00906722739732,1.0080137815185,1.01360819562148,1.01522895640645,1.00224627247058,1.00218026800291,0.999688354265282,0.993804397555433,0.994537181409708,0.997159007272964,0.999162778450467,0.997830974430737,0.990247111474823,0.992237743467133,0.992682939755695,0.992682939755695,0.997306355431888,1.00140842218204,1.0009070931309,0.997992994061582,0.976416351989474,0.975803462341703,0.963951329312675,0.972630005211268,0.988562357197337,0.986019456708486,1.00311235684865,1.00880060941845,1.00843653406242,0.996869583357326,0.986119862867308,0.984851810578453,0.987419248953895,0.980575640086192,0.934301746847567,0.93400369827895,0.900756475931925,0.921422473926747,0.919427837181971,0.943921957398985,0.962343702247544,0.969631701653301,0.969484747739842,0.97620592158898,0.974772951472173,0.974177594655357,0.971064237900619,0.95988499752703,0.958972211571988,0.963597776982648,0.947360120337329,0.957890509400647,0.95676607914764,0.96660638818865,0.992091189144909,0.990782839161734,1.01674643108294,1.03731773788677,1.03686050770684,1.04404902659054,1.04149831937441,1.02644331926483,1.02644331926483,1.02683870006721,1.00978351520503,1.01019215795711,1.00303663437266,0.999058900904993,0.996493598600515,0.996493598600515,0.991312753273585,0.9937515759732,0.992515708310142,0.990127979780208,0.988509098741341,0.988212910002338,0.990819683812373,0.990792151931982,0.989414890131626,0.989530544885748,0.988676049926458,0.987599596691624,0.983862678348214,0.989852395435435,0.996151230917395,0.994758733064167,0.99593074368735,0.991608947956847,0.988648873647075,0.988933185499175,0.986475283902238,0.989048809416305,0.989358757181472,0.991916996945951,0.993110845995165,0.993110845995165,0.989573749564473,0.994616453007721,0.994054068996123,0.994054068996123,0.994126447405207,0.996759118692741,0.99815659822142,1.00075774686603,0.971227442291564,0.976625299486029,0.976625299486029,0.982751841426883,1.01507953799318,1.01507953799318,1.02404564975502,1.01691750058531,1.0105734146621,1.0105734146621,1.00551658027308,1.00210419585869,0.99901827822089,0.994238313403651,0.998781288914108
An2_Tr39,1.05712094243443,1.05712094243443,1.05648828185881,1.06300524342785,1.06300524342785,1.06147176741064,1.05045553524373,1.04140275250362,1.04140275250362,1.02512339068258,1.02644939963391,1.02711497777064,0.973839775806185,0.896617602967224,0.897388056199702,0.903675986536327,0.915451508789635,0.92151589808151,0.921349942287282,0.910376450489012,0.970454085360405,0.970454085360405,0.996057012422621,1.01825346214057,1.01716354781774,1.05260383363942,1.06118899443801,1.06661790564628,1.06613519324331,1.06524550168349,1.06175207555147,1.06175673050427,1.06797294686418,1.06261864246972,1.05664224212841,1.05506765322782,1.05146235912795,1.04987813026993,1.05112370052105,1.04626044032862,1.03557486904047,1.03654806319244,1.03833801143188,1.03387802219111,1.02884080449374,1.03137909140301,1.02705901944007,1.02446962268588,1.02326051938709,1.01516205650202,1.01638838710761,1.01694558704927,1.00993226763086,1.01480325291557,1.0127346167856,1.01374298132091,1.01838519918828,1.02660170645027,1.02345957848171,1.01442034621049,1.01678138480332,1.01678138480332,1.01687108708225,1.01557693668031,1.02248965240575,1.01971920864381,1.02093441441038,1.01152484936908,1.01231268190866,1.00679167046849,1.022322499185,1.03156829452909,1.03188286390621,1.03331849360906,1.03468506615241,1.03468506615241,1.02793489755161,1.02856846858315,1.02753215864704,1.03171848192656,1.02739226665963,1.02603250740009,1.01725128645497,1.01582004358313,1.01462902931689,1.01346883461516,1.01706782154172,1.01748866261185,1.01748866261185,1.01724454957516,1.00173725363198,1.01072098885427,1.0107673187785,1.0157753232194,1.03312133013029,1.03427757243404,1.04928429855516,1.04447727825184,1.03796170278162,1.0382917253954,1.03833684267577,1.04170369859355,1.04214390079556,1.03343441674618,1.03714274250876,1.0355449986663,1.03371759255729,1.03460659135468,1.02563021294183,1.02563021294183,1.02451956953885,1.02242172349774,1.02401377545689,1.01935115169178,1.01981900016103,1.01278505387477,1.01246413726296,1.0321655849263,1.05971021294968
An2_Tr40,0.993008382193424,0.995183090278447,0.993026433345661,0.994508696187867,0.99166032756134,0.99166032756134,0.987530531935907,0.9903035529264,0.9905498554508,1.00083433486482,1.01554993078231,1.00548545469887,1.00548545469887,0.998704556309894,0.989683453804247,0.990004351545955,1.00733173562168,1.02958927869275,1.02990025153943,1.04117407784022,1.04031742176243,1.02869765213456,1.02943253217975,1.02299646327033,1.02084369623922,1.02113907499508,1.01430112265812,1.01666473746598,1.01658274809807,1.01605182110988,1.02230489193757,1.00813878622396,1.00813878622396,1.00693411129753,1.0052427542789,1.00600882358963,1.00637603655785,0.995335140628895,0.992847455317499,0.988921415573733,0.991494345240339,0.993699251590545,0.9928155834913,0.988065463455583,0.994662359705022,0.998553680305828,0.996214444204843,0.993758463305766,0.986153752926631,0.986963082028026,0.991244598850921,0.991111663206159,0.98997187613113,0.993847911747801,0.992298775349778,0.99026085321581,0.988567011888708,0.994154894174576,0.991275510640388,0.990845473368571,0.996893524494314,0.998147477895705,0.99719534130774,0.994972478699896,0.996165611947716,0.992003739114974,0.991166590694528,0.979085321154469,0.983577649706116,0.985809657719495,0.997774509397521,1.00829775410619,1.00830652945002,1.01609500454201,1.01428297612571,1.00791519374449,1.00874187492312,1.0045845768058,1.0023393483165,1.00260556685094,0.995632510029644,0.993539748815078,0.994456127814014,0.994552335530441,0.992167218986235,0.993348289504201,0.992505242540506,1.00235606684143,1.00592263650761,1.00551812031773,1.01616131312796,1.01428110693639,1.00485862456781,1.00548887290201,1.00928717452554,1.00870902159909,1.00795714579552,1.00680621417361,1.00491346678142,0.996304924230344,0.994698203430585,0.99098224667754,0.987828791262714,0.987486812601305,0.993935933382119,1.02431207232259,1.02386687254961,1.03744808910836,1.05694618947299,1.07203566206922,1.07271449715362,1.07070918773564,1.0683134986093,1.06770353156151,1.06600240481068,1.05874913817144,1.05925715963396,1.05299518526594,1.04266426879791
An3_Tr11,0.985601512805836,0.981367157184808,0.983086446693808,0.987144003027012,0.986607076789382,0.991706681701913,0.983527293763348,0.98505925130916,0.98505925130916,0.986414177139276,0.981374593674681,0.979878464803212,0.986525580622587,1.00994131106645,1.00912388231849,1.02236739719916,1.03814673593246,1.0567918893733,1.06027729328595,1.06697995769526,1.06990815028458,1.07084099068017,1.07202038799326,1.06402851361832,1.05191083570447,1.05191083570447,1.03425103270629,1.02602661340191,1.02332966692735,1.02241569482026,1.02651926594963,1.02670651720653,1.02004935751728,1.00686291321559,1.00441911533995,1.00407889711775,0.996143754623719,0.994508321287116,0.995010448614921,0.99954474882667,1.00775511466702,1.00745748148202,1.00226128524985,0.998327370603573,1.00203391423797,1.00268826223199,1.00753482963164,1.02756869896226,1.02208855570815,1.0416750818045,1.06992322482049,1.06994511908147,1.10454385019611,1.1468188448257,1.17242532322322,1.17082626185504,1.21726395833718,1.22516853238379,1.21789763789556,1.21046612598312,1.20495537427356,1.20419227849688,1.2030446499791,1.21017746069821,1.18763273912141,1.18568661015944,1.17550229577248,1.19767975954873,1.17721968136023,1.17736850111302,1.12504773923287,1.11262804164286,1.11231932678342,1.09334114728023,1.0951308580573,1.09239342558438,1.08129088761599,1.07724024533538,1.05906879881487,1.05860754734234,1.05473441610715,1.05026380362627,1.05415198975041,1.03899196251727,1.04851479128581,1.04742911555539,1.03773555517287,0.996205737209973,0.873687607416797,0.874171042779097,0.810450294990236,0.810317523442494,0.810291911406534,0.792060357127013,0.781383946601167,0.781772373753362,0.789234976852149,0.816026823338789,0.844704934727912,0.843164562533978,0.868410182093084,0.895978386053435,0.895495782658082,0.902990168700111,0.928439734023458,0.956664702419214,0.956914140673357,0.977367964542739,1.00090403212295,1.0009039726404,1.02327207104554,1.04006230487733,1.03824587080076,1.05749506333962,1.07031442107513,1.0806618118929,1.08057616202539,1.0787321891786,1.07368266854805
An3_Tr12,0.977637618713113,0.977444610285568,0.981565983200836,0.975906381096824,0.972308427157255,1.01255147810893,1.0250093061264,1.02334025411899,1.03410536570781,1.02062614992243,1.02275914981949,1.0167863422785,1.00636498406772,1.00584558663206,0.992712262028249,0.990071064113994,0.993581247191071,0.98781040188419,0.983573387546568,0.977642947554103,0.980599915807333,0.979257810258743,0.978331011750579,0.990606322855247,0.991005410309806,1.00924155052861,1.01733005157733,1.01779434942606,1.01965211488505,1.00654618698926,0.994273352125194,0.994981602208179,0.991818318010511,0.984592508367429,0.983879691970644,0.983475143476324,0.980921657011858,0.979776761045979,1.00867336819483,1.0119787616585,1.01218307755459,1.00293334583199,0.996269829462455,0.998534719059595,0.998334300663846,0.99609038451366,0.994811810129954,0.995414308953222,1.00816689760123,0.972829836566497,0.933768410100396,0.933643736101868,0.91516947335957,0.915279569649355,0.91556345320528,0.943449410996416,0.970939019275587,0.96141301456445,0.961398807904937,0.941617451490504,0.952943292253862,0.952675621537481,0.940855354530718,0.934251672256516,0.933396767885214,0.922374619852276,0.921300203701587,0.924233466877522,0.924233466877522,0.913957558632911,0.913418463654221,0.912393365542466,0.909982645785592,0.911441201534516,0.911212045186709,0.908683749546585,0.907092500651895,0.9176126730129,0.916978611012237,0.915568798352977,0.930299140766552,0.931590990017502,0.942005414974712,0.96586263475133,0.961090932035476,0.96717011382316,0.96721070751947,0.9551558353859,0.955812704702292,0.945886858889758,0.944785351431748,0.945330291673912,0.93177377972868,0.936921088335382,0.929423979514525,0.927223620316502,0.918851770713798,0.927958495240118,0.927958495240118,0.934237399880388,0.951948957169258,0.951461811851959,0.949399988239372,0.952629329125519,0.954149198401815,0.954149198401815,0.950530654906688,0.949557844046703,0.949051313341755,0.945820427776595,0.94715324484695,0.947177227158192,0.943898203375877,0.952540605271239,0.95955685676829,0.960048122603421,0.953199421541022,0.946612149967997,0.946103704551366
An3_Tr13,0.915342111748765,0.906196423128534,0.895021850523942,0.908379963053196,0.907182358388276,0.915822162798718,0.961306775541321,0.962028911356808,1.02837550743512,1.04559735167266,1.06806697636625,1.06121022681362,1.07418757172065,1.07685257767008,1.08058708254521,1.05678498677858,1.04885318402185,1.04946114494599,1.03874283349045,1.02844891560469,1.00169775510213,1.0012182749446,0.998372174470287,1.00390624495664,0.998573040604612,1.01402514742036,1.02014217992183,1.0234833531159,1.02343926673443,1.01734433070185,1.00306688554554,1.0039201340839,0.978466249853553,0.972930990019321,0.974406707403426,0.976169172990183,0.984473787359936,0.983339187282083,0.984555860865056,0.991074893716378,0.978816927478775,0.978816927478775,0.976673616403288,0.974261667280118,0.973784671698735,0.971611183712926,0.972294502132503,0.970378580368663,0.96840578028885,0.959365454350629,0.964644430084743,0.964506494560969,0.968388708379434,0.976424266948855,0.979982548410752,0.977580557991136,0.970573714950147,0.976113850560739,0.97569100840495,0.975488303471371,0.964992687196038,0.962336601084356,0.964803661373164,0.979133550354845,0.995920053910299,0.995481181652258,0.986876670398633,0.985062613710419,0.985520086799186,0.99554641331986,0.981225348283554,0.981736583458883,0.982356604418633,0.988266434444423,0.983979909673272,0.983689206913156,0.978783127029869,0.986998866426125,0.986884616484146,0.983627391279607,0.991124516924781,0.99159009845332,0.986761575602465,0.985139552086772,0.990310698820312,0.990329416427089,0.970206302027044,0.967418275434624,0.966119432107794,0.983463177804942,0.98540732226061,0.992024374129258,0.993739160424211,0.996529389939716,1.00007712674395,0.999976776142961,0.994158054684646,0.985325259830004,0.98670842271103,0.985386091362549,0.980676841466859,0.985208119678053,0.984369891966165,0.98109242094253,0.986950891946885,0.981581301781171,0.993044791823517,1.00337050595395,1.00071410664307,1.01243591420526,1.00192675728182,1.00779190791608,1.0066363325775,0.998155431059038,1.00255331581421,1.00255331581421,0.997031695080188,0.993582175927174,0.993275391287871
An3_Tr14,0.995640960303743,0.995274604237596,1.00467985754399,1.00480793843615,1.00926838974337,1.00887462191492,1.00251121178437,0.996314790379467,0.996314790379467,0.994686024065876,0.992850407275127,0.991046200397596,0.985210999838027,1.00067070728134,0.99999485001668,0.991460121489885,1.00405794713865,1.01320421168324,1.01313136609052,1.0146511750799,1.00988723338483,1.01072280494851,1.00028199885716,1.00015102013682,0.997857840274771,0.997026592884443,1.01376368960814,1.02200096829852,1.01828754696527,1.02199154244703,1.00990126357872,1.00917683295957,1.00793060206414,1.00495068411681,1.00151410335942,1.00022278954719,0.995078402422795,0.995006769369473,0.994197509560928,0.993186943501362,0.998385251200137,0.999007689903692,0.999306692804137,0.994784468976653,0.98765543157749,0.987942513070179,0.987194435130188,0.986721527844139,0.986365115237042,0.989622778382905,0.984013291718449,0.990902348119752,0.990078932727798,0.978425479836247,0.977071869477453,0.975792336966227,0.976369010561581,0.973636806777129,0.973573094822364,0.981653997935406,0.991934891547671,0.979064598134033,0.979064598134033,0.978023970921859,0.982463970474101,0.982463970474101,0.982171163382788,0.988064075930335,0.991152135261292,0.991152135261292,0.984191952845737,0.986123832508941,0.986405589031154,0.98150325810268,0.984665360039572,0.986060237117685,0.983739539679172,0.975785170712756,0.971736755523023,0.971736755523023,0.974321366791624,0.970986016238425,0.969452492728129,0.968946390333321,0.969359569920173,0.969359569920173,0.966116742488582,0.963725085947866,0.959036234941224,0.965192411747302,0.964562888829585,0.972955676024356,0.985651031521747,0.988505377506066,0.979351579504143,0.980905286985625,0.981416259961229,0.976480453432101,0.978900390251069,0.980133314099539,0.990486460132457,0.998658782995183,0.998604109880225,0.993983223195375,0.96467081662653,0.9328312958942,0.925668774698696,0.950966255284715,0.966434069000789,0.965185589877633,0.976622014982994,0.978808512375155,0.983706556638893,0.983676270480353,0.980702732208118,0.978662483035314,0.978119982409262,0.970968138567522,0.963598681278431
An3_Tr15,0.990409519194672,0.982121081375821,0.982507397779074,0.981598067587771,0.978690483850328,0.977589106051485,0.977226979442329,0.982185763320741,0.986406319083652,0.99418121148785,1.00302215734743,1.01398458395485,1.01430290972411,1.02603455577467,1.02542892391661,1.02607652945668,1.02469759433483,1.01568709913046,1.01784971718664,1.01250314242411,1.00935076496508,1.01633560411061,1.01662836973392,1.02286649929902,1.03278686419405,1.03211406578107,1.04837891927038,1.06215441514297,1.06082586120628,1.06457062131171,1.05857213486582,1.04985731048388,1.04981598102166,1.04685198974231,1.03854595598671,1.04139621714762,1.03770365702188,1.03557889024828,1.02756598473127,1.02495487585221,1.02666752931804,1.04933848854419,1.04956406402857,1.0559262488905,1.08990300406197,1.0885023652619,1.0885683083204,1.10148110117404,1.11308735498401,1.11308735498401,1.1143552069317,1.11300536297011,1.11300536297011,1.12347102375043,1.12819362103838,1.12993051140043,1.12178407428844,1.11835680498389,1.11869650037417,1.12300495048658,1.11816489202803,1.09784951207931,1.09894247305008,1.07721546452978,1.05347558196062,1.04883022430566,1.04776950491731,1.05114674625978,1.04422265696513,1.04167233190116,1.02469043522848,1.0213712697599,1.02346319676129,1.01284588255461,0.996184173182898,0.986036388073576,0.98533930802326,0.984433291930974,0.979988848828998,0.978957826849627,0.981879724620865,0.980127972438855,0.980177938560748,0.977179528601236,0.978417499456233,0.978246105859825,0.979169790007195,0.987502481883747,0.985161942932486,0.986437654671899,0.975540976899972,0.979527863324139,0.979000038127103,0.976406403100408,0.982702684513296,0.986951755828339,0.988262684288368,0.986135937323571,0.990052042550415,0.990253178273692,0.991282758782194,0.986515205369049,0.978410024013635,0.978290243291443,0.97153352868399,0.964658550722882,0.964206915280423,0.963317001899894,0.964527656194778,0.964455544306052,0.964632364893677,0.95807656242793,0.951986105300098,0.955605112107381,0.959938039999674,0.960393978866407,0.960459218660146,0.956351589962232,0.971454951835838
An3_Tr16,1.0120493003247,1.0089090095033,1.00109149819519,0.999220599291193,0.999220599291193,0.992663895379399,0.987917370651239,0.990174415383052,0.984200949011126,0.990801055532202,0.98940458371175,0.987088415065883,0.99117624765572,0.998049864666748,1.00290410075643,1.00555110522096,1.00942141022062,1.00916868858084,1.04098689155846,1.06636415061109,1.0721103957032,1.07004341808417,1.04918911306871,1.0373657517655,1.0373657517655,1.01836734165115,1.0270419809964,1.02672328783412,1.01683443293122,1.00937832455737,0.998330447992897,0.998330447992897,0.997791312531478,1.01611534655818,1.01606664818249,1.03080899881387,1.03427158927387,1.04608887655727,1.04608887655727,1.03499186720046,1.02989390109617,1.02716173280274,1.02071070702373,1.01595808738899,1.02425429806694,1.01700875383386,1.04088065049931,1.0544919622665,1.04472416209062,1.04876127923623,1.04429078459425,1.04429078459425,1.03992144005916,1.04409838524118,1.04488583366415,1.03643914324592,1.04938102174265,1.04175376607493,1.0411627606784,1.04521089786265,1.04651730302514,1.04651730302514,1.03794406785404,1.03516663725811,1.03656058496364,1.03460324548093,1.03137943388224,1.02029660374266,1.02129247362511,1.01332105120856,1.01190504991401,1.01190504991401,1.01230867744505,1.00765005999899,1.00526624532114,1.01384669094423,1.03691663060706,1.04732878802861,1.04918800566778,1.04221508159662,1.03890712564644,1.04171256985059,1.04171256985059,0.996799520353973,0.978796260043999,0.978796260043999,0.966374051417782,0.95737921453502,0.957565141651055,0.952770188851686,0.943741406620001,0.943741406620001,0.940219483128672,0.927308847329192,0.919641995077392,0.921018768662855,0.921505115328522,0.919008290066127,0.920014197349751,0.922203798744099,0.92311968518004,0.949760676108089,0.953743430139242,0.994992608062579,1.05231770489163,1.05231770489163,1.03995158879981,1.01995693011742,1.02002227418927,0.94089227504971,0.961892245949244,0.97720159693182,0.977270490505814,0.992811264451142,1.00051451789969,1.00114979420621,1.01845277201969,1.0266636779972,1.02966513822421
An3_Tr17,1.02344431544174,1.0189786022625,1.01667341362679,1.01785521023116,1.01869047772281,1.00476159604712,1.0055896085415,1.01403613451874,1.00545942239341,1.01409035412298,1.01374459472644,1.01730658128127,0.982097592515735,0.986085714928909,0.980967095410546,0.974811524864605,0.974776357677955,0.97079675349023,0.959834650195566,0.956600611810963,0.957597056286797,0.962206911225282,0.953850048519516,0.953850048519516,0.961725083962865,0.977707785876547,0.97237068024598,0.975185152959103,0.965535042250942,0.976533007407595,0.977765642205952,0.961886331159997,0.962037617015153,0.962037617015153,0.954139871582131,0.951671788451219,0.945956741880838,0.948226499676162,0.946357867164143,0.958047818834308,0.958047818834308,0.958365921482478,0.952361118626606,0.953967316194761,0.953967316194761,0.962125027668194,0.971165921827289,0.971165921827289,1.00048330561522,1.00518998352644,1.00551578634363,1.00097312773235,1.00591107701431,1.00033591445492,0.99885293711428,1.00154762870771,1.00875611756686,1.00666507513608,1.00516426436604,0.994924815204656,0.99188394964032,0.995598750889681,0.997501045418278,0.991831362471263,0.996996187435384,0.990694913156301,0.993646741469519,0.993969633455624,0.998425028603774,0.991705422529448,0.991941121431007,0.993122758988835,0.989004485545875,0.985554217932238,0.985487867257275,0.994051323054682,0.984832564215642,0.981934138845293,1.00614712816111,1.0048646577728,1.00873381603617,1.00873381603617,1.01394840982936,1.00160495666028,1.00160495666028,1.0002901563692,0.99977326406469,1.0000741754586,0.979310572923702,0.983895145650335,0.983895145650335,0.995267688962279,0.987795315658228,0.987023682486707,0.987763810230433,0.991864996247392,0.989694505527478,0.98986890744869,0.987341047306487,0.980820180524753,0.986641838261257,0.987194024644146,0.976360804450209,0.985346568520677,0.984627667057254,0.957412251228958,0.953445231395479,0.967664583574276,0.96651654771847,0.985979023403459,0.990295619395491,0.992777126548101,0.99800890530594,0.995501497590312,0.996791566280963,0.989950300803183,0.986042171923839,0.97974889432842,0.979310167179613
An3_Tr18,NaN,NaN,NaN,NaN,NaN,NaN,NaN,NaN,NaN,NaN,NaN,NaN,NaN,NaN,NaN,NaN,NaN,NaN,NaN,NaN,NaN,NaN,NaN,NaN,NaN,NaN,NaN,NaN,NaN,NaN,NaN,NaN,NaN,NaN,NaN,NaN,NaN,NaN,NaN,NaN,NaN,NaN,NaN,NaN,NaN,NaN,NaN,NaN,NaN,NaN,NaN,NaN,NaN,NaN,NaN,NaN,NaN,NaN,NaN,NaN,NaN,NaN,NaN,NaN,NaN,NaN,NaN,NaN,NaN,NaN,NaN,NaN,NaN,NaN,NaN,NaN,NaN,NaN,NaN,NaN,NaN,NaN,NaN,NaN,NaN,NaN,NaN,NaN,NaN,NaN,NaN,NaN,NaN,NaN,NaN,NaN,NaN,NaN,NaN,NaN,NaN,NaN,NaN,NaN,NaN,NaN,NaN,NaN,NaN,NaN,NaN,NaN,NaN,NaN,NaN,NaN,NaN,NaN,NaN
An3_Tr19,1.00556580833324,1.00165388398154,1.00205984019479,1.00257502187735,0.997998250566614,0.996382837330781,0.99580236650634,0.995144724486282,0.996510018917942,0.991743077903003,0.993161765570723,1.01346209988644,1.0013560231454,1.00155090969111,1.00568674455962,1.00511046679704,1.00475450313741,1.0002791098951,0.989202547219282,0.989202547219282,0.988694972796804,1.00864645560947,1.00359910222256,1.00358286407549,1.0001077644736,1.01905140661063,1.01004763289678,1.01727976749546,1.00973164312345,1.01594506323839,1.01566203191878,0.999396336646639,0.994985526856447,0.996914865213783,1.00660083739597,1.01284999723494,1.0145138780562,1.01505181447305,1.0019953759433,1.01303141728544,1.01397775112514,0.996140625710935,1.00351824298292,1.00351824298292,1.00005612619003,0.997915518491438,1.00145329553308,1.00145329553308,0.982415978453063,0.957335898521125,0.958614068956934,0.925786487794127,0.930114528110787,0.923741195594292,0.907891479918508,0.931607539215831,0.937743939578329,0.937743939578329,0.927581665217156,0.911730223342769,0.913019329119738,0.923713804624427,0.893956212619677,0.893956212619677,0.838869846108751,0.815419095182561,0.803072546276631,0.803660196636052,0.806071925073683,0.812437849760989,0.815320472652661,0.815439969309208,0.81302424452113,0.808494282919973,0.808494282919973,0.805922920466883,0.804720077437364,0.804777234057882,0.807290745645688,0.812970463858396,0.813256100352975,0.839637015927692,0.882203922506397,0.890092833652413,0.890541762185928,0.90494781732336,0.927074433335464,0.927029449368971,0.95033762748498,0.952264756728087,0.952197583349769,0.992092279041203,0.994217359266337,0.965710700911834,0.964112923567006,0.956711152681354,0.938752069576638,0.938752176882724,0.925516138334289,0.907706556681966,0.89364715714462,0.898870590678166,0.890926488060059,0.888300231919912,0.888300231919912,0.886514099453632,0.872435870862049,0.874014524138793,0.896298931252079,0.932696884129059,0.937213361447283,0.934495778199353,0.951552816527311,0.973504133919876,0.97116196979494,0.980521474372839,0.981970567780112,0.981166763368817,0.982784444383368
An3_Tr20,1.05283394172184,1.05607210672045,1.06520940342818,1.07131219045462,1.05165617459224,1.05199883909123,1.02955474497046,0.996751558657916,0.996751558657916,0.989079011066015,0.985199066957249,0.971125807355201,0.97121074284247,0.973207884883924,0.954528316126986,0.95452582206264,0.945410599871817,0.941959134854928,0.941613095683918,0.93232848717555,0.941911589174861,0.948751342923303,0.94960253649604,0.952436099819128,0.95836967574243,0.954800305734452,0.966619230127558,0.981480813832944,0.982939581838136,0.976244810561057,0.981075478980504,0.994715712690098,1.00032652069326,1.03092431836063,1.02163476383054,1.01476965097448,0.991285254991664,0.986818575376899,0.985739667267667,0.970582871687665,0.967380890020316,0.960736876876362,0.96133179857797,0.955251021483612,0.966140580184413,0.966397119123093,0.967346681443646,0.963180390100561,0.963344454515007,0.964727426184325,0.958623024315807,0.959701902947518,0.960093406568957,0.994943792532263,0.984841294435462,0.985198975810411,0.986678690825773,1.00002527875256,0.997392482983174,0.99853156783591,0.983934366399813,0.971213173213402,0.971609183850257,0.959205910166731,0.959361768442008,0.957942020975501,0.959445760592153,0.961042367821427,0.956603175370599,0.958488669244269,0.951967275100317,0.948122063929333,0.94815720152177,0.953035258688395,0.968038574988896,0.999474410426876,0.998016060479402,1.01027901350129,1.01197174356844,1.01212625994982,1.02857042851148,1.04194662540863,1.04534639250877,1.04239112222432,1.04071051999334,1.02945988846759,1.02876570040627,0.998166419668522,0.987372299229111,0.987675911306098,0.957568667211987,0.945783519738153,0.945817068583571,0.934642388149783,0.917226237576064,0.914027514160403,0.914027514160403,0.906032515296484,0.896572968618661,0.89850577349861,0.893173590502469,0.88579575937984,0.879726145044875,0.880449480973679,0.881505703574144,0.879202292720693,0.882278368475344,0.877723455230048,0.92038809662726,0.919389708239859,0.957083618430457,0.944668118084966,0.946426387511636,0.946758165054965,0.963980494217231,0.95987046645852,0.960439150895401,0.966198473975381,0.962742221211274
An3_Tr21,0.972806661268365,0.976857624361231,0.978301221420169,0.98417588342128,0.9830174246788,1.00274743775924,1.00790834204127,1.00045631656873,1.01198241218977,1.01824426770071,1.01793763189344,1.01730989214796,1.01283084581514,1.01575424231025,1.01554103561132,1.00512710249284,0.997753412935653,0.99739360989587,0.98385463548796,0.98781370620656,1.02653139062646,1.02535140233835,1.04118736909528,1.08083882997494,1.07938914437955,1.11842176281552,1.15029935416564,1.15582649396797,1.17797837986332,1.16813653429662,1.17129047855205,1.17225806235632,1.16171335765131,1.1571055608999,1.15580411719709,1.1258641530038,1.12746064486372,1.1246716174553,1.11628586283575,1.09190630517388,1.0789259648869,1.08700569577756,1.07859255365544,1.07651091292326,1.07370189548617,1.07341582933797,1.07127470118934,1.07536747232154,1.0748657816149,1.06938006819454,1.06617122165205,1.06495141176738,1.07042196006829,1.06400843000862,1.06407303818189,1.06288538194147,1.06564430057604,1.05892381770924,1.05892381770924,1.06421053699156,1.07368673286817,1.07368667611477,1.06701649030917,1.09309601054807,1.09309601054807,1.10288058557268,1.0955062146829,1.08725933990916,1.08634460263543,1.08705797397066,1.07659677912821,1.07706651442892,1.06979947591151,1.06073272697788,1.06173785253047,1.06079825614751,1.07960657962905,1.07871705935964,1.07871705935964,1.06916452060859,1.07388173172319,1.07388173172319,1.03139598229627,0.976791612003266,0.984401075886,0.985151924706114,1.02566049817719,1.04352473988047,1.04531978055577,1.05884992884235,1.07146464333663,1.09426523379311,1.09399474521324,1.1056723048971,1.10601114986615,1.10392934052775,1.10081143338679,1.09834425307232,1.09724920779712,1.0930355538238,1.08790726678834,1.0919306305743,1.09126318628939,1.08948434823334,1.08715608317413,1.08377966383931,1.08848904365927,1.09174940826808,1.08705426621219,1.09167750860327,1.08212123337597,1.0856936186777,1.08530550644052,1.08632948483593,1.09320317849373,1.09355000820889,1.09071820962757,1.0958311990759,1.0958311990759
An3_Tr22,1.02729290533202,1.01843255175983,1.01968918227912,1.01029264950434,1.00872669317822,1.00625491774381,1.00453377264906,1.01381921831925,0.996438541051477,0.996145403759699,1.01297287084188,0.999938030238279,1.00210209493927,1.00302062945231,0.999914419735333,0.97934369620864,0.979069972247591,0.966708324100881,0.955304126659006,0.95054376511841,0.950890061770815,0.9487708870885,0.943943206359485,0.941921189214609,0.946659839822967,0.959567634341285,0.959790000528062,0.962334232689126,0.959571492784389,0.959647516744879,0.955517821946287,0.943140714804373,0.931009589477752,0.93305477803708,0.923615251354511,0.919728711796488,0.918123915065644,0.915665478885406,0.911311609004945,0.910824811136936,0.913851074795317,0.926870974637225,0.923966996376518,0.925028248180322,0.916427848084517,0.922335553247943,0.921538529669545,0.92170208085043,0.914551361915933,0.914609396556965,0.915833935626296,0.908001264341328,0.905242583753219,0.903969658345229,0.903742083817845,0.89985840542941,0.901040437600359,0.894553152357248,0.896964651493775,0.889128419256613,0.890172359850729,0.888100384821967,0.90130440305743,0.900642534171425,0.930696047632116,0.927969075905827,0.908309472889754,0.907085430417096,0.909523711498588,0.910720133208827,0.911268628479035,0.887161883473588,0.8872810818469,0.885760122092908,0.87790868012775,0.865915365502882,0.865780894574804,0.863952376889757,0.860795937493894,0.861814340371423,0.863505232246758,0.87527347439388,0.891946529576619,0.892395412219815,0.891936157038252,0.898369812888906,0.906368041588025,0.90616698102958,0.91498440526638,0.909328523097432,0.908181994289545,0.904276223544422,0.904862549386742,0.909028098886095,0.911461155172805,0.909191763317546,0.920996796965144,0.920794222422278,0.922640750742986,0.954491477818118,0.954491463928059,0.994753726056828,1.0131397078636,1.02522910578252,1.02278620720231,1.02857121054956,1.03031764632191,1.03031360959499,1.03489721720295,1.03285039275459,1.03388768633445,1.03613753467519,1.02721420294129,1.02803540041708,1.02888691291141,1.02433404937664,1.03464198807586,1.03464198807586,1.0298795890879
An3_Tr23,1.04574289111427,1.04584916911052,1.03626060580698,1.02849872302268,1.02877830083883,1.02778841214661,1.02325551309355,1.01485757238025,1.01432106707854,1.00258674888304,0.963265208090322,0.963200101244182,0.970308228723369,0.969755249198168,0.967512938283594,0.974729046842942,0.974093840239502,0.97473639106552,0.974459992837117,0.970753013939731,0.994138799765943,0.994397896783388,0.978915205937606,0.977774798960514,0.984368450608305,0.98879162406493,0.998117968644579,0.997265146863019,0.998641747024471,0.998240952593678,0.995034262200191,0.994925450313319,0.98707718990973,0.984791749166656,0.982656182494133,0.981218996231771,1.00227035285117,1.02001752919816,1.01812719751593,1.01917490919182,1.0252267508672,1.03148216782351,1.03612002921312,1.04042771577139,1.04503750347103,1.04842582743649,1.04499971284058,1.05085142359128,1.05085142359128,1.06207819220272,1.06306076525653,1.06084730663889,1.08125041542052,1.1142447239176,1.15154875271948,1.15227865943708,1.15162994063998,1.14957747806021,1.14957747806021,1.14441233583175,1.15082045804088,1.1456491493161,1.14571481278757,1.14373788683687,1.14234938552928,1.13962427076654,1.1390435101528,1.13166997560461,1.12922154359292,1.13260116459017,1.12853778555967,1.12548344826447,1.12664749947287,1.12529142305831,1.12637614046344,1.12764880661687,1.12685534317215,1.09918476667904,1.08771589471785,1.08751612466037,1.06697680333169,1.06481856558478,1.06438134375772,1.08910218568109,1.10272310923494,1.10159271557785,1.0976924057404,1.09257821282436,1.1018915785322,1.10277326426016,1.08521008853821,1.08459845301021,1.08459845301021,1.08265052415321,1.08787184364669,1.08444283823,1.08178155553215,1.08483213754469,1.08106245540909,1.08013715141704,1.08437581558911,1.08348202239902,1.08510059793084,1.07835349989653,1.08091258429476,1.07730745121842,1.08286465541113,1.08832089411259,1.09904623330444,1.102262459844,1.12359592077285,1.12873854457901,1.134896459108,1.14330845577438,1.13525006674052,1.13845733990949,1.13755593028698,1.13284421815137,1.12630431706648
An3_Tr24,1.01104825199838,1.01410844378526,1.01410844378526,1.00922580369982,1.01012429147632,1.00817845266444,1.00725862791342,1.00782943295523,1.00511335149209,1.0079046505156,0.999112729657524,0.990604365139951,0.994522077245732,0.99015014117673,0.985884523185794,0.987288139638907,0.987288139638907,0.982952385763439,0.987297748267196,0.987297748267196,0.978497387141838,0.94173486495833,0.943232547404246,0.943114822270205,0.968110114688287,0.997029938098479,0.997029938098479,0.997526511083237,1.00533368433051,1.00540252275951,0.994349637183049,0.988527990744157,0.986277336244591,0.990045769154249,0.973194296754501,0.975953775581374,0.976311020871439,0.976986017091549,0.967889107322106,0.960781135866609,0.960935314576763,0.957293530755492,0.963429726647331,0.96450972661123,0.96751308322419,0.961306821686687,0.962248941369975,0.951612169264289,0.954829849915994,0.948703330627957,0.959539577764469,0.97251534974893,0.966771757798771,0.966829212106925,0.951040485399761,0.959744738130911,0.959744738130911,0.965157770191348,0.9604105784663,0.945579543570878,0.946601506484381,0.957251830551097,0.960370277935629,0.960683334045074,0.948039563347836,0.950449007058374,0.947561855031644,0.947453716353708,0.955581057499678,0.95255634293602,0.952951122710005,0.959743918083285,0.957303607341129,0.959999103504881,0.952817928687838,0.953050305490116,0.94280788175128,0.948634247456727,0.957177893193456,0.956043843033143,0.955931379996677,0.971875438018951,0.939072648525777,0.934355759957636,0.919168623306126,0.961437965318487,0.97895519884325,0.98135632579547,1.01610053725778,1.05500470874746,1.05545677974465,1.08250262625944,1.10454007417734,1.10620383772515,1.04838778146495,0.975036988514014,0.96512622829608,0.965369215548505,0.969523525067146,0.95734818596612,0.956518974561366,0.947406665163797,0.945326512736163,0.933885524772082,0.933885524772082,0.928675013718117,0.923761747391619,0.926902909812281,0.925303664284055,0.916560778527097,0.916763527280068,0.918657831222395,0.921805045270956,0.922994718294559,0.922994718294559,0.924557149349519,0.929445974697467,0.93093253929158,0.93516033704675
An3_Tr25,1.0051736443616,1.00050484418439,1.00320774666022,0.997048109457119,0.993656037441279,1.00088715231042,1.00162012260894,0.998308519033304,0.997870940719973,1.00390479944816,1.00182707484379,1.00571135704881,1.00602713001584,0.998799413566244,0.986718986504951,0.984686763524068,0.988098210233353,1.01263133774015,1.01331781029739,1.01373775098028,1.0044899671933,1.01232749353104,1.01248078819493,1.0092966717611,1.0021312400856,1.00582953232664,1.00677595696564,1.01498202808012,1.01391140370631,1.01332203745112,1.00283510371632,0.991940463721843,0.99349165777248,0.992656427423736,1.00082040299177,1.01933012517478,1.01904366599853,0.9993884263112,0.992740759040137,0.994714712964755,0.989678516707764,0.994361837000755,0.990443548023456,0.990505513814429,0.991062500987102,0.991908231649102,0.989251913085278,0.988317259058267,0.982557683927395,0.978678386503864,0.975916809339053,0.983335170355278,0.986246414334782,0.98304912512985,0.997523518023889,0.994618387871448,0.993348878139715,0.996553923107211,0.989887176795794,0.993854266085703,0.993376977942756,0.983166392358451,0.985930222686201,0.986113845154215,0.991226009553823,1.00776632301999,1.00899330349808,1.0119595980605,1.00800947352548,0.99985628555591,1.00049719149873,0.999350689618435,0.996224689677753,0.996187130588161,0.99783482762626,1.00754568134241,1.00877631118116,1.01631845962071,1.02996929246505,1.03319923627088,1.03228987709141,1.02746043113922,1.01486585117105,1.01342919309465,1.00850853330141,1.00391047363041,1.00471946177938,0.997649547986136,0.999511564994282,0.98689596153003,0.985430734713647,0.980342524342644,0.991980904448783,0.992181228115942,0.998772519437601,0.998677250128516,1.00902395217173,1.01065891229641,1.01771242998527,1.02078695659552,1.0195279017116,1.01518217412705,0.997878547872152,0.998797591532625,0.994650325225875,0.988076575525235,0.984954320174923,0.987567588320195,0.982202536954318,0.980581388966196,0.980569837653219,0.982753908644374,0.980679466700025,0.977068045714022,0.981201864487591,0.973734109143185,0.984643376572831,0.984643376572831,0.977075629639462
An3_Tr26,1.03389947908046,1.08064082109765,1.11339615876418,1.11642591959456,1.13866912940792,1.12433515661644,1.12491840092258,1.06772429632254,0.983399176721592,0.869649825142393,0.869649825142393,0.863881709322579,0.897918232283809,0.896883534122647,0.926609913848812,0.963014578062832,0.963014578062832,0.979894270303873,0.986074995179904,0.997640953840149,0.997317738517182,0.998797525651527,1.00276287370923,1.00276287370923,1.01176337561266,1.03991989931538,1.03751504892161,1.05334680173486,1.0479478570995,1.0459329884606,1.0479782596131,1.04309193950136,1.03443184210521,1.0346352913527,1.04611804191212,1.04373534938916,1.0358437201371,1.03584770126431,1.02832450881128,1.02340842406468,1.02251606429712,1.02215617458016,1.01517997656227,1.01687824791229,1.01999142531492,1.01919010395714,1.02141575464719,1.01961310242762,1.02275542937052,1.01529874562425,1.02099048294288,1.01679054112628,1.0124956146616,1.01318451556083,1.01888814761615,1.01367742090843,1.01274848633315,1.01635655747707,1.0161149815929,1.01056333641441,1.01039732862222,1.02023855951675,1.01503249546633,1.01373277324001,1.0149365672125,1.02075622182823,1.01885494120839,1.01640575821181,1.02563727109062,1.02158777842535,1.02156006566663,1.03154380971887,1.03707110593883,1.03611890902532,1.03837083594098,1.05256345063267,1.05246262027454,1.05084338223765,1.04539112684981,1.04076441168161,1.03653579733842,1.03753882078598,1.03341402565357,1.03381822380641,1.03364528898704,1.0358811380022,1.03509208667019,1.03444868954984,1.03757846010074,1.05080277442181,1.05086166880301,1.0594039248994,1.06517867184057,1.0622233514172,1.06146490124898,1.05280986888084,1.05099601027715,1.05078256699879,1.04314581845984,1.0386692608297,1.03837258535996,1.03879065551931,1.04500544229505,1.05266826889827,1.05295865853215,1.05658242220315,1.04506756014142,1.03781823492558,1.04112341556293,1.04812102418412,1.03269505009742,1.03433922445969,1.03238052590101,1.02807682318278,1.03078296447909,1.02916262656282,1.03628274134919,1.03595284190088,1.05260309863068
An3_Tr27,0.91628151849851,0.916155526821504,0.90485279085183,0.938922827430284,0.964271507472178,0.963001878263971,1.0001466498523,1.03564594514506,1.029646576448,1.04127700936303,1.0424051403002,1.04343807977995,1.04396751446998,1.04058811942529,1.02975487075847,1.03153396546103,1.02449976808307,1.01848705715645,1.01512325441888,1.01166305760504,1.00354983634763,0.994844749898538,1.00634023434887,1.00149874546696,1.00783477335134,1.00605991602512,1.02098828434503,1.02346416940435,1.02346416940435,1.02367429840945,1.01217041633547,1.00725659283297,1.00864306843544,0.997147177749417,0.999644189342264,1.00012363994553,0.993893014044614,0.985094328450123,0.978046261458161,0.977854726819751,0.976037766077939,0.967800127912043,0.96506063269,0.973765560292674,0.974315890505095,0.973460850367176,0.968859522459432,0.969499463206236,0.9745362608807,0.975562745474158,0.971756663978662,0.969045829883536,0.971679268776442,0.97101207521441,0.974447740608353,0.974328120834604,0.965716383395417,0.973025284305349,0.97243166471479,0.97081853960745,0.972411553284065,0.953010308341644,0.952869107978425,0.949865793873325,0.960408087214206,0.960789473969011,0.978907571019525,0.957586852080913,0.941794370840117,0.941649637712502,0.932865612456113,0.934922497002293,0.937117366061925,0.938956365523551,0.94219604227866,0.946948840174018,0.951010552622019,0.946913205185138,0.945735972854042,0.947061606558955,0.943557437142058,0.942597253068805,0.93794959310788,0.93754325299859,0.950775475312239,0.952901586361423,0.952859014783358,0.941706507861096,0.940722289961699,0.940905807591412,0.95720425417449,0.959989887376365,0.959496730559635,0.956200556589405,0.964044401176684,0.953798181285471,0.951758528518991,0.947473706054128,0.941381142503324,0.941634502891256,0.936303435646718,0.938964893220021,0.9361740295309,0.9361740295309,0.92881084039599,0.932101126684835,0.931940602357233,0.926404791926895,0.945698085936616,0.945698085936616,0.95468329628806,0.949974067241012,0.942372389696965,0.943969748903453,0.945910070563516,0.943415031522952,0.945759705196296,0.940798101622003,0.939142356630884
An3_Tr28,0.947231228893858,0.97695918869544,0.987467789620542,0.987312715478938,1.01680772225984,1.02602426532703,1.02566340253511,1.02578231166906,1.02536889597152,1.01542070949154,1.01563657966495,1.00378754112838,0.99550817395076,0.996550574118764,0.995809868268512,0.989770903879036,0.990535089525956,0.990191435298419,0.988171604222364,0.983497594094506,0.982921384594004,0.975741186175869,0.977862112919962,0.977642288374944,0.993897563654474,1.00447211428859,1.00549578868977,1.01202848553808,1.00997964477943,1.00322945804588,1.00288600438041,0.99706757213538,0.995292460563078,0.994529337151981,0.986663318553835,0.988447337219681,0.979176675935367,0.978723724402914,0.977324922197401,0.978256781189147,0.977848269101709,0.982075092749456,0.978849221383624,0.974278865952221,0.975008808846183,0.978621736963199,0.970974368543891,0.968899095006161,0.958704235323295,0.962026147193535,0.961265656317393,0.975433242532466,0.975367671034788,0.975672798201729,0.968644201174308,0.969122201290596,0.965216114729433,0.965013481091355,0.963189552390051,0.963542602433972,0.96371405015846,0.960411875083794,0.95213105993556,0.952617849978473,0.95617965508184,0.953185806763891,0.951291306027932,0.952097940360887,0.960480176694878,0.971328913672396,0.970611116798962,0.985624740924235,0.975658394297825,0.973245175793615,0.973419370577022,0.978229773150572,0.973950274217153,0.973577824959045,0.968766859361981,0.957259665268286,0.957914429409398,0.957914429409398,0.962168982255119,0.951329905590641,0.951329905590641,0.957459061196646,0.959794927168509,0.960761529634169,0.958984064745528,0.956833107571924,0.954838830680412,0.955716095326257,0.945705147363947,0.951027118141712,0.951027118141712,0.953765952545545,0.963988614104964,0.964510486990055,0.973629691182909,0.994168570263135,0.989583455676521,0.993949911298269,1.01078195767857,1.00261874457073,1.00262793122569,1.01383061482846,1.00106423247569,1.00091323861608,1.00091323861608,1.00302050827776,1.00723698105841,1.0051026667372,1.00491771884346,1.01283709520875,1.01935861651397,1.01700863215481,1.00672090155317,1.00426293267779,1.00426293267779
An3_Tr29,0.995114154125573,0.997778115811603,0.997778115811603,1.00832135624749,1.00996189062569,1.01067159613962,1.01375509225843,1.00642836181107,1.00684026337494,1.00470121025315,1.00294262315126,0.995548630552339,0.995934920897275,0.997500044925091,0.99342886821349,0.992304060053895,0.989937996986296,0.989105116410929,0.991947582350257,0.983865120317034,0.989072432595689,0.999983917840763,1.00111813636541,1.00963170082464,1.03113227078085,1.03059046048313,1.04184303567865,1.05389309858355,1.04512433966273,1.04356732440816,1.04291558473324,1.02477859406909,1.02546428279884,1.02252382496005,1.01447947467918,1.01416355465563,1.01409488289463,1.00763952751039,1.00392861031195,1.00392861031195,0.995282559769524,0.998863392716808,0.998863392716808,1.00265566833763,1.00537441267302,0.988164545571856,0.989328095372735,0.998740587523892,1.0030758621389,1.00182837547143,1.01569709579208,1.02438016249329,1.02429840615676,1.01851643950978,1.04186909890987,1.04186909890987,1.01837205126481,0.943241278078703,0.945816191813612,0.945816191813612,1.00429778266515,1.02348104392283,1.02323600182785,1.02454427013607,1.01939477803184,1.01903152058799,1.01903152058799,1.0151846380422,1.02406362142521,1.02281353169395,1.01638534671738,1.01456643959032,0.998017272426361,0.997865433850216,0.978299353325797,0.943448148994496,0.944182595881136,0.926681594392896,0.921817588974964,0.921760737497448,0.928144958343948,0.949803100180863,0.954527651139608,0.955173608919527,0.951541429301487,0.947694818620131,0.951050403330118,0.95005143162365,0.942822955182885,0.942738459832109,0.933974711712312,0.933323934634373,0.936697273072969,0.937039908266764,0.942032074140071,0.934633940931494,0.93484038220423,0.935005564273509,0.932308816336381,0.932138945265599,0.910618127643896,0.934027140124124,0.952068308408531,0.952068308408531,0.953015944531549,0.956200306816311,0.956200306816311,0.957740235945539,0.943018248380217,0.942325693962854,0.942907460452649,0.935720235297345,0.935069840267914,0.938159235031475,0.937357394105219,0.939011131528231,0.938288631215712,0.933065143250704,0.936275664946255
An3_Tr30,1.00563186196747,1.00021212363623,1.00133669770665,1.00203079247121,0.998207230843056,0.99269639777711,0.99175265330959,0.995463404113092,0.994784137825515,0.987305434394585,0.987305434394585,0.981362497860615,0.98640728352208,0.98640728352208,1.00752008200174,1.01999729759719,1.02025925030727,1.02341943364967,1.01790070310026,1.01751893699721,1.0172978825389,0.977939487974715,0.98605826266708,0.985171329105368,0.98769843954993,1.00316175524874,1.00316175524874,1.00077943681715,0.994988071532251,0.992207936941692,0.992207936941692,0.987587397098906,0.986998127277174,0.980428460373069,0.982869837717559,0.979910490414656,0.974590047033027,0.973492659091966,0.972588638475851,0.971278694432938,0.971187975917106,0.975168749228503,0.968422675950741,0.967318655059925,0.967318655059925,0.974398550120163,0.984261722237426,0.984867066514755,0.97363342107246,0.969719373458725,0.970436395094982,0.967744374496419,0.967162360314767,0.941442333240993,0.941389352861352,0.934794791350182,0.922156672584876,0.917607162589874,0.927751217026537,0.936238604194543,0.935013112850834,0.946026766058089,0.944778505198402,0.934746842003254,0.934696320940196,0.930434767977045,0.927566768228727,0.926973124305334,0.931683776798294,0.920956106931782,0.92533705104894,0.928378597433942,0.921686706253478,0.918015364913248,0.92036056265167,0.916629767696052,0.916160988542998,0.916160889098905,0.92516769710145,0.929925878846565,0.93135125106424,0.931532245986332,0.949001646920243,0.959784556171662,0.96078465433723,0.951815275340777,0.959554702455928,0.955569255745502,0.949156587530886,0.941390808230925,0.945412119498045,0.944509976027836,0.939332695327232,0.938656405200849,0.941110273904219,0.933062874928042,0.937406175823261,0.940410493530044,0.93484183838962,0.938110677283152,0.943813211600135,0.942603206359384,0.951581315135339,0.9787515015712,0.978645903824754,1.0124457775101,1.02602968148046,1.03250921626539,1.03049618743837,1.04269984862141,1.0601227834017,1.06475213870935,0.983882804001037,0.971815702170443,0.971610755951762,0.970347429619911,0.971533150991246,0.972976714173083,0.972983682373958
An3_Tr31,0.995288327533597,0.994077460505761,0.995764095824001,1.00117138896105,1.01016670236811,1.01016670236811,1.00887539221531,1.00599466384392,1.0054415735361,0.991959268120194,0.996415808898011,0.99440925097078,0.995974318668246,1.0001612606402,1.00036981211455,1.00025194499169,0.99314717651623,1.00040049632773,0.999964355596415,1.00358016656319,1.01061148425511,1.01124145562909,1.00021280871095,0.997690785873418,1.00889929208071,1.0144125528968,1.01465629040494,1.01217077369914,1.01148882641559,1.01048822158007,1.00152022523023,0.998590074407964,0.997777342971562,0.987556239625786,0.989504102029971,0.989239028949009,0.993851045234402,0.983378698124561,0.982287719253735,0.985210867844737,0.987524053642425,0.98805383142619,0.988594709332316,0.987143774638215,0.994718375256448,0.996072648371346,0.978711571398014,0.975706952338389,0.995801402929138,0.996588661961299,0.984639366578776,0.999528732830138,1.00032019709302,1.00019796554638,0.995291212437202,0.995910017105543,1.00335478609859,0.992677723940415,0.994764259823489,0.994624153515503,0.9905508514171,0.993426134699124,0.994344512111522,0.997890098507819,0.990783118580566,0.99152390627694,0.99187476683833,0.982842377620857,0.984633322951122,0.985314511567574,0.996689157017161,1.01564736712848,1.01545948010453,1.03266382699811,1.03731671135282,1.03496208174536,1.03359035398431,1.02226895896391,1.01048450346784,1.01160372831872,1.01003272010435,1.00645070641198,1.00594347184747,1.00141639483793,0.993570965865031,0.990928284664675,0.990720669426277,0.99778577423693,0.995754863587423,0.996034593817477,0.992649591992901,1.00857993883361,1.01176492983319,1.01694014911442,1.00667174017714,1.01604270310242,1.01707500525491,1.02029166200684,0.980183166302973,0.980366073879576,0.979606029860816,0.975752187453709,0.974917899377431,0.972725816827736,0.971577202045155,0.978930273429217,0.978928523028088,0.984667007075898,0.98518692397841,0.982639855148376,0.983332593908221,0.977790682207765,0.981046035020217,0.985083409246021,0.990585594736556,0.990395398926912,0.986513451758737,0.992266634681705,0.993926540279129
An3_Tr32,0.971197724933971,0.97487897192283,0.975664658135807,0.967609694117362,0.96801103860686,0.963191088174818,0.981387621559131,0.983161535511051,0.996982674044259,0.995577818228387,1.01676406680134,1.0299871292761,1.03030496508333,1.03866778975567,1.0310412442902,1.03113740091662,1.01617351902629,1.01663212421438,1.0116289354016,1.01242074093702,1.00467033877869,1.0039283798137,1.0018056985881,1.01842086051464,1.00925307353178,1.01001500796821,1.02014169995363,1.01583508762171,1.01438601494556,1.01380506553214,1.00664588573716,1.0013593484444,1.0010808781485,0.991701704394798,0.993510285542637,0.993657400415691,0.987188191196544,0.986202207804561,0.9772896563124,0.977234592496211,0.972381432762741,0.973771743136077,0.969725975289221,0.978447853001575,0.967513579330048,0.966044654842698,0.967735556339897,0.967648067439501,0.972775743797838,0.972994934056016,0.974342876790024,0.972060855209797,0.970854783154232,0.975589254437275,0.977682962339209,0.973280482923025,0.970151458760338,0.983196560307683,0.988006565758872,0.981311395802266,0.986749924917283,0.984398569393882,0.983580387970966,1.01759633542494,1.0441500175554,1.06668786515399,1.06710615161069,1.09523023309845,1.14084234154531,1.14049040734175,1.15072148701371,1.15508714714746,1.15799993206567,1.15654106419867,1.1495333003168,1.14080837207283,1.14241978838367,1.14131472636565,1.13512546439722,1.13527474742174,1.13352491178251,1.12654059055544,1.11896599890264,1.11372780313617,1.1107693112866,1.08092137016696,1.0820141360763,1.07985243564014,1.07374418825523,1.10382474732472,1.10383988798258,1.10876572096199,1.11108103496192,1.11108103496192,1.11416618604839,1.10109446557327,1.10220778067437,1.10409959312899,1.10901546715109,1.10896675876592,1.11356365096391,1.10892593052844,1.10482230386142,1.11058744641233,1.10623441443701,1.10662367952274,1.10298383914314,1.0977387697612,1.09482902444281,1.10212701086141,1.10121100628206,1.10304179196348,1.10886374109068,1.10791753309903,1.11091946661556,1.12159504057188,1.13053779132997,1.13052747523457,1.12634439951913
An3_Tr33,1.03562225974273,1.03367289910416,1.03392140918565,1.0221294722273,1.0221294722273,1.01518066320887,1.00510659020804,0.999886796445552,1.00043847141432,0.997116542144292,0.994504514470097,0.996271635334056,0.991379552556351,0.996897375522896,0.993391953227059,0.993650595782284,0.980038315527842,0.943850200164134,0.944811281507055,0.956213910146907,0.955335096732394,0.956271482969142,0.955430071457856,0.964063241861418,0.966624413345845,0.968862038022271,0.975390152391883,0.974578347381754,0.973382458766036,0.963904994958744,0.964129819563391,0.949282454651998,0.949899237334862,0.956932618292156,0.950766090141331,0.950825659886171,0.948979578843023,0.944300198107447,0.943930472220913,0.948063518428391,0.948134660971471,0.944794253194202,0.943602320736332,0.940662852653131,0.920994633246643,0.921948324142087,0.933124860062028,0.935459759241439,0.932694966981642,0.929009438950234,0.932554023320354,0.936288076166757,0.936313632848452,0.934927447257273,0.935529333001529,0.934542620578084,0.931795260505629,0.938194213496036,0.938014304966765,0.935554139713802,0.934399415385415,0.926825266719386,0.927170748846174,0.924843194993421,0.923500259254742,0.930485676378209,0.93114607828001,0.941432141496396,0.955877829732672,0.955877829732672,0.959424594040503,0.951330831979719,0.951330831979719,0.952059969171367,0.947941708387911,0.949691035585471,0.941474154248772,0.940048114966239,0.940127436799513,0.94004533588568,0.923931081157629,0.930074023632487,0.929010691616145,0.942723672177673,0.944112693894812,0.954150987038931,0.954774313371708,0.958093122266015,0.946510720948105,0.947125554102942,0.941424056164722,0.938357204750148,0.940247722321519,0.934865386912855,0.933215911403762,0.931357488039645,0.931266361606125,0.931747552220386,0.9347759670921,0.933066968743995,0.933896310562679,0.937681191564428,0.933845359413923,0.931845331531509,0.930311073544764,0.927322979130282,0.926256738723525,0.923034930232424,0.928390171515973,0.930057634910734,0.930318995371071,0.927894164654379,0.928978607966192,0.928025347473288,0.933164913163627,0.940020106182717,0.940020106182717,0.937679002436148,0.948311093525111
An3_Tr34,0.99503147725876,0.995098525861435,1.00669272357023,1.00034800382816,0.985945573951431,0.984620368924967,1.01220629194873,1.00489631297471,1.00493679490808,1.01687567779674,1.00277299021176,1.00259225319944,0.997825111356043,0.999237619555019,1.00144185703893,1.00109406352386,0.997248839117167,0.996471282392348,0.994664232582171,0.992796256320492,0.998056368202919,0.997020017401842,1.00667028049893,1.01753691937104,1.03123728621277,1.03109887990193,1.07361476817066,1.09475458278948,1.09572728662695,1.10369155900868,1.10756564878635,1.09603092463515,1.0941955953985,1.08353349586544,1.07029281605682,1.07029281605682,1.05125358203162,1.05575017365267,1.05689469490536,1.06233218337482,1.06813089153606,1.0714118787751,1.07160464214925,1.06890502512611,1.06667930378544,1.06719601660581,1.0580546850782,1.06042879340944,1.06077464153993,1.07377877270705,1.07392334081245,1.06060428454274,1.03727916441465,0.958188440128531,0.878714172099251,0.862873295579493,0.890241666268028,0.930732207186225,0.916447855195801,0.915974898213705,0.973469004238776,1.00622290554554,1.00442166765932,1.01804578982785,1.03025615084306,1.0282840477184,1.05945765741546,1.05768007898028,0.978554781660717,0.978237670844386,0.872338284475735,0.875646121881462,0.868335719615648,0.871268829247206,0.887060794405077,0.90478243605345,0.905531011923886,0.902992555600313,0.897645088387625,0.89986099039483,0.902446176227242,0.901454873859145,0.900430152987868,0.897490570940607,0.898895006375068,0.898895006375068,0.876744278676147,0.838103746499091,0.826757651778949,0.826795144901576,0.821807135673844,0.821449157705668,0.821954362105513,0.821129704899077,0.81153311689544,0.812098719268054,0.811304209885406,0.821829009787187,0.821304986732636,0.821010700521462,0.831980103684922,0.851754135130988,0.856732411013549,0.85295317316979,0.858046294311298,0.859313246011585,0.859313246011585,0.86049259252467,0.860096711709594,0.859126801459895,0.867747203431516,0.870331524178396,0.86841231037389,0.868529834618703,0.870108345090976,0.854502239292497,0.852341779412795,0.849683527802017,0.890116405510592
An3_Tr35,0.961289024271111,0.960413409273088,0.99642265747919,0.982721198222706,0.98208186576248,1.01009791957651,1.01853335188983,1.02633253052827,1.02618621449015,1.01365713954536,1.01271345926817,1.01204081318909,1.0100752462568,1.0017668957423,1.00980364837121,1.00563713387497,1.00889073845187,0.980668376903448,0.980668376903448,0.939094595032304,0.957409176952716,0.957259613247771,0.995127180265298,1.01011029196793,1.00836441694498,1.03381299403115,1.06094939292746,1.07362099710072,1.07090545817072,1.07022243908212,1.05834137634148,1.05834137634148,1.05500389684034,1.04713698117472,1.03966454723968,1.03488274094728,1.03175806547049,1.02585938071631,1.02614516751086,1.0178153227192,1.02219946301644,1.02239369997164,1.01943917749179,1.01298681358247,0.999960867620951,1.00111461363584,1.00881928342559,1.01041266177297,1.00633863995078,1.00232367287429,1.00619844938195,1.00487666545564,0.992432123200732,0.988609968491732,0.994468314777783,0.99396131314603,0.989145956292015,0.987574609978318,0.989184601424846,0.946422223250294,0.937725858523691,0.94009057411974,0.971023019290306,0.99597649233553,1.00751261877971,1.00560008413189,1.01071584194934,1.02041406205358,1.02041406205358,1.02149117204705,1.02439746263616,1.02713216858045,1.0301912874752,1.02718560018587,1.01404987686848,1.01404987686848,1.00795299625965,1.00923051757935,1.00756998586143,1.00756998586143,1.00333532011311,1.00328149763349,0.99838888715086,0.993617682054596,0.990897889224013,0.99193360073936,0.996658712730804,0.998895345389643,0.968417532840091,0.961168174013505,0.960100848232389,0.981967045554295,0.98170319120584,0.97472474797956,0.990309214457729,0.990309106393629,1.00010528932904,0.989415261282348,0.97494721976309,0.975378490698949,0.965628395817523,0.965685621540128,0.965260718175284,0.96024054748961,0.953569971348199,0.955731602589905,0.956224886207812,0.952603625247886,0.953189527579724,0.949292331889179,0.948735815917801,0.948639732725842,0.949328737484443,0.959004435137235,0.986395709503623,0.985542137439182,0.986418553460766,0.983985127784876,0.996406341001193
An3_Tr36,0.998584076857019,1.0080980253391,1.00727324451753,1.01722507051748,1.02427689110382,1.02500192259357,1.01720965681185,1.00672654512428,1.00709557369659,1.00557278209423,0.996213886962021,0.989994815906286,0.990838050678441,0.99519963468932,0.988374195542358,0.988309644282927,0.992275298207384,0.971631981911199,0.970098703164589,0.969843728095199,0.983360695453658,0.987389341766841,0.987389341766841,0.979398401489867,0.991609419276217,0.991609419276217,1.00339628014027,1.01538942690038,1.00727944048073,1.00712039661643,0.997451159217089,0.990016721680263,0.991164404268465,0.993132198733121,0.989440829385307,0.989162069440241,0.994913762892976,1.0177339498894,1.02667082811616,1.02695399158382,1.03141817135414,1.03547289863997,1.03547289863997,1.03850053285777,1.03373625506465,1.0368182053899,1.03799909593494,1.04044942224679,1.03633128713326,1.0366948213669,1.04376024386191,1.04397350435194,1.04513312650297,1.04563337921955,1.04775252074515,1.04944186461555,1.04916981037808,1.03812967502425,1.0302432623343,1.02510330860569,1.02035092152557,1.0125939026718,1.01260304518518,1.0039136560407,1.00432604238703,1.00611104112636,1.00616730950088,0.985970688924628,0.946841504199268,0.946791985528264,0.980973476507234,0.983977936849249,1.01473034705052,1.01034826311348,1.01528253542845,1.01224330824827,1.00888424841666,1.00420547319608,0.997486665208507,1.00341030394546,0.991998198349358,0.988999403812806,0.999369202987375,1.00038862071944,0.996828430641315,0.99619246071108,0.997261776742016,0.996277345810424,0.989124090599618,0.99235859067402,0.991148773276619,0.968992981693633,0.977051364844132,0.976712495252905,0.924334597317885,0.876884950721004,0.871960341935527,0.889211186545671,0.941893187261908,0.95330136476565,0.953248011509744,0.967128440404976,0.967489107788883,0.969436746577921,0.976933749753074,0.975444869717048,0.984815178168158,0.984339528109295,0.979584452435752,0.98570762200117,0.986800372052655,0.980709414349321,0.977711889682066,0.977546559068927,0.982544610775508,0.98630939231458,0.992675236334473,0.992756244428143,0.997104030256088
An3_Tr37,0.992114779492809,1.00352420577916,1.0036035188098,1.010223712895,1.00719261961273,1.00646223337148,1.00033686184103,1.00592770418146,1.00216219196518,1.00320360547741,1.00605454513112,1.00474658444057,1.00474658444057,0.996245395477939,0.996861438794073,0.995611482753933,0.990591238145164,0.986736600197452,0.983654697193116,0.983679308779789,0.95799829695914,0.93685228490186,0.939594865021032,0.947048063332727,0.956737393723961,0.966997724664445,0.964545715271467,0.973107297602275,0.957461922392687,0.957297653393484,0.957790944717536,0.94949123225646,0.949055737561984,0.946703208067252,0.940301529091958,0.940301529091958,0.933459400289096,0.932286215105017,0.930714191626168,0.931228745095114,0.929815429966108,0.92008400371935,0.920507303152425,0.920429261719521,0.90886070549042,0.927830726909749,0.925214391915006,0.922895969086166,0.91027963370867,0.907059163704554,0.906876251806286,0.903337806414295,0.900550636922181,0.904849363424456,0.897354120114212,0.903517141160839,0.904847118659521,0.903665343229289,0.905104086224659,0.906690045655303,0.898125393825587,0.897107358723711,0.898986784713664,0.89721013939322,0.904124001704119,0.906920359877024,0.906920359877024,0.909129822487264,0.90820156876414,0.90820156876414,0.910690861255258,0.913698853182848,0.913865874771626,0.907778753791551,0.921538779145881,0.946164123757524,0.947520521216592,0.966767382861779,1.00807795875772,1.01116430643953,1.04571105075577,1.04702100308458,1.0849026782008,1.08477616201227,1.07109288891016,1.06463797736329,1.0641296237924,1.02786511496456,1.01817331555785,1.02913190113893,1.02399707833389,1.0104723631497,1.00861736958424,1.01639148264624,1.01422021386868,1.01492696863802,1.01492696863802,1.01537325817635,1.00770060015586,1.01457169378913,1.01457169378913,1.01854159802905,1.0140670506596,1.01648465262303,1.00980223898361,1.00731823031884,1.00718390385885,0.981341167137173,0.949587233375157,0.933424619322308,0.932060670733122,0.933080912420246,0.943085322625048,0.945688846817362,0.95235682865299,0.939779596785507,0.940224450347493,0.949667351848616,0.948894638786718
An3_Tr38,1.00414578829245,1.0035955009573,1.00493183320398,1.00041555142187,0.999293125508768,1.00328124332183,1.00255332249097,1.00067756627802,0.997120702094226,0.999942887945793,1.00669139156902,0.995091998936489,0.996507293822814,0.993560945620385,1.0002851641614,0.996922263325238,0.999839201832705,1.00299135069084,0.992152868525903,0.989251337709325,0.983130563813063,0.991250804669715,0.988107175386632,1.00142021312885,1.062315494538,1.08806421357189,1.09634758808412,1.11036054767687,1.09391994724079,1.09417872552276,1.07893230156835,1.07196668141861,1.07028087013654,1.06851556405088,1.05964833220913,1.05398943379175,1.05397125702335,1.05370292281328,1.04860020347686,1.04758526958245,1.0416087356886,1.03985590440665,1.04271512146363,1.04897393024888,1.04307069669594,1.04670419145755,1.04637335161598,1.03868051038333,1.03969848357031,1.04530155471671,1.04331501436393,1.03070120918699,1.03786041299011,1.03786041299011,1.03242893449016,1.04076804775623,1.03567208296667,1.03040555991739,1.0311718073877,1.02747967599762,1.02852560346885,1.02981239045417,1.03388016748985,1.03411348022666,1.03560890229575,1.0305688637633,1.0361027460213,1.03272508683083,1.02883748543832,1.03072049233446,1.03149690700858,1.04819799341043,1.05158908524339,1.05128430386506,1.05551037211172,1.04711833952059,1.0468413895237,1.03936442830373,1.0410317114869,1.0401036501403,1.04043732610635,1.03821313978074,1.03424951503311,1.0402338594438,1.03690733241553,1.03281126235741,1.03287131535209,1.0420701445241,1.04109232969173,1.04338466070234,1.04053639971177,1.03616931464793,1.04100152661035,1.04094205315809,1.03602940371496,1.04182487945104,1.04260241986966,1.04278634796919,1.03813158009473,1.03197074794185,1.03724365834699,1.04225616093678,1.04324415766585,1.05548221980806,1.05548221980806,1.05989668690872,1.05804489728084,1.05631058819168,1.04971203563066,1.04936325867253,1.05075384295389,1.03534063259713,1.03849899272958,1.03893079515951,1.03512098265263,1.03450462643974,1.03993784839519,1.04288841857138,1.03255950478545
An3_Tr39,0.992886679436866,0.994960779920103,0.991556044119485,0.990909764060766,0.998224812639482,0.996812743030111,0.998776745770522,0.9975808169416,1.00222110805403,1.00821622847758,1.00830786824131,1.00964511953631,1.00955914493732,1.01051394769933,1.00725841283227,0.998352019934491,0.997301674025092,0.997753227979612,0.989162862363729,0.995006583925782,0.994477165222138,0.992351555206056,0.992503091528174,0.992503091528174,1.00095051638449,1.01883507115076,1.01883507115076,1.02912004153382,1.02861797329272,1.0221040605869,1.02526697898602,1.02032582901508,1.03140593622283,1.03152261077966,1.01893283460938,1.01126562109827,1.01193778349501,1.01297061571221,1.02459597805133,1.02542380474639,1.01678416898387,1.02093001317823,1.024919444923,1.02447950237086,1.01609961876111,1.01946843333371,1.01205063930788,1.01205063930788,1.00245911306398,1.01066237147708,1.01197718867737,1.01887127711804,1.02089574574609,1.01929532283095,1.01777067171364,1.01350260768047,1.01508678591329,1.01514682928729,1.01369914547178,1.01610127362849,1.01656384452375,1.01178606217456,1.01024507274931,1.00985780781208,1.00891425384258,0.999813147896537,0.995333562822957,0.993153741797907,0.987299082093282,1.0032632814639,1.0032632814639,1.00160048267787,1.01409720627884,1.01252104090043,1.01229382030918,1.00745680376234,1.00183521385476,1.00183521385476,1.00170723156474,1.00341945506628,1.00341945506628,0.992711054361915,0.996683768158359,0.998348606532783,0.998348606532783,1.00325649341066,1.0111440913315,1.01172916747968,1.01935534504146,1.01873286807212,1.01873286807212,1.00547928150774,1.00324008237338,1.00301197494041,1.00489858385964,1.00163020682223,1.00349735975992,0.999607984217345,0.999456307351304,1.00643749456765,1.00475016790177,1.00316746642518,1.0017078512358,0.999573627743337,0.999071045639503,1.00391970725741,1.00714740178814,1.00714948714526,1.00145747119342,0.99848361811653,1.03518316818806,1.03915830427677,1.07062150825779,1.07547095045081,1.07547095045081,1.0776417901548,1.1001835875084,1.1232994114035,1.1219783600644
An3_Tr40,0.975694078029437,0.979030660123572,0.978985294455793,0.98605545586128,0.986450818300842,0.978701712010358,0.978883577759492,0.977401233955529,0.989170627912679,0.985368475571058,0.994899512254414,0.996873885674862,0.992999362511463,1.0037416918752,1.01444464909948,1.03618537575408,1.03558797240041,1.05174775490541,1.05777786154463,1.05946552214812,1.06002989880467,1.04525974273548,1.04678374537842,1.04770455409486,1.04882429663127,1.0432123811942,1.04268344995007,1.03272196136876,1.0221813085325,1.02142501271883,1.02628379643986,1.01716233662927,1.01035994725616,1.01007449257882,0.997529338097875,0.998012078016878,0.998933870436347,1.00630146341037,1.00139726614914,0.996410891232315,0.989973456147233,0.981020731838164,0.987421320503937,0.987421320503937,0.9873943327808,0.976747808177153,0.976747808177153,0.984293826571926,1.00189916989457,1.00145455770877,0.984616172196922,0.98103836471238,0.972664665642733,0.971871930481584,0.95986352959001,0.950834342564488,0.951240952457466,0.946247065282183,0.950780371913202,0.946383313722301,0.947357319985746,0.945404502787821,0.944803317518647,0.944772184168892,0.944473916402832,0.939932807379271,0.940451633171807,0.93995020893742,0.96059897923752,0.938078781498354,0.933941837476663,0.927004965151223,0.954353997327621,0.957637912313904,0.960942428440776,0.970220385133901,0.97102579796964,0.964112150350606,0.955518514708833,0.951348560033399,0.952537882561934,0.952731317604739,0.944054741098273,0.945364085738289,0.944962664292336,0.946258512254737,0.943797017414862,0.94110307158411,0.938724547287811,0.9407241699328,0.938083749089157,0.942357588399508,0.937373310912822,0.937373310912822,0.938937506172945,0.938924966436969,0.913721411564021,0.913721411564021,0.916983289189024,0.937285390956004,0.937285390956004,0.949419000439399,0.90634319745513,0.926643223384328,0.926643223384328,0.928267960410069,0.929846632022769,0.929159555912529,0.930686724856893,0.92754297595233,0.930870528635646,0.931855935548069,0.926489225264373,0.923189755950732,0.922107152345598,0.925590214613898,0.922338824018762,0.922338824018762,0.915787107102111
An4_Tr11,0.975604481210395,0.986263365671476,0.986477319292649,0.999013303177699,1.00974825991474,1.02196775214921,1.02134389347772,1.02509371787262,1.01776159063088,1.01705679626709,1.00289292909205,0.998266877704605,0.996379040283896,0.997595005250386,0.990966780177934,0.987890868015825,0.987890868015825,0.988015249498421,0.989771902296574,0.989961626634511,0.988460460557525,0.974042902914676,0.989928452009897,0.990607684136552,0.98683286874522,1.00763652828926,1.00703286235104,1.03564730563124,1.04221959113832,1.04388082766974,1.03778748407396,1.03002056594698,1.02679860230967,1.02712712855346,1.02158858133388,1.00701130383932,1.00817538010326,1.00551410389601,1.00809387986952,1.00748155536754,1.00228492078538,1.00852410700441,1.01284065030706,1.01208465582549,1.03446763330612,1.03680210283773,1.03822892636173,1.01938308971216,1.01800958865969,1.0055916207379,1.00577541214749,1.02812551929963,1.0576952423303,1.05733485012647,1.10388958710455,1.1392681100303,1.14112368255411,1.17634458555259,1.16036082837947,1.20238511059242,1.20238511059242,1.23377953947298,1.24293976587603,1.24293976587603,1.26148091793233,1.26733189461803,1.26795511703742,1.21608463944397,1.22439445381981,1.20460423107251,1.20456422128566,1.20280718241554,1.19922637080827,1.19989945516957,1.18917042637421,1.17853049835662,1.17735483593506,1.08269394874337,0.932790672441268,0.923632665635466,0.915184830151176,0.967038253747267,0.960944154975038,0.961551213174126,0.979578295574164,1.01156453703076,1.01116668834491,1.01118589217493,0.932819377436028,0.948761865898003,0.948634584536215,0.948492530582672,0.961964509589846,0.967798769789505,0.967518855143709,0.975252236832852,0.972833208662565,0.97400100697492,0.971338094719261,0.972277170876989,0.971867759063457,0.965937978406195,0.96450834246937,0.966167906158428,0.9630433462709,0.95753668873228,0.96305147551837,0.96305147551837,0.959487058129163,0.95885205885988,0.959113248915023,0.954279993145161,0.955298335177051,0.956294944200576,0.957247880977089,0.94628992384668,0.891887801680048,0.891719595275673,0.929676138209775
An4_Tr12,1.03914108568327,1.03839258765629,1.03415437814964,1.02768027885649,1.02842671851759,1.03491634474324,1.03147750058695,1.02828955678162,1.02384675284551,1.02187449776733,1.01558711501209,1.01222474474627,0.988290345091947,0.988290345091947,0.939232954083087,0.952619244014657,0.953076288704795,0.928362051416626,0.914117210250653,0.914117210250653,0.928158461763973,0.959466981467287,0.973888329619403,0.973888329619403,0.965975923061981,0.949320981566853,0.949320981566853,0.968973337876742,0.988948413489136,0.988948413489136,0.984069892092088,0.97932743471913,0.979740661301163,0.982598969516162,0.984182988289325,0.971968129761064,0.971968129761064,0.966046081529246,0.951124399601159,0.950690921290494,0.952388801172401,0.968183444810279,0.951273297810611,0.951860367831166,0.934888512996522,0.944046980060883,0.944375899409311,0.948966681080142,0.953692509392667,0.956334658266746,0.956334658266746,0.952482775302911,0.924486385439544,0.924072484862915,0.945188237180137,0.937534854069428,0.945347987108015,0.945322399906396,0.940742372872337,0.940885900458081,0.939806405993622,0.943884356431631,0.926103988760204,0.925642599352016,0.938422625640767,0.967737046561734,0.968046303650648,0.985891655046709,1.00115020159289,1.02863151601177,1.02929482727632,1.03906185854081,1.04696302523458,1.0467844874667,1.04589054691001,1.06132681391846,1.07112085773747,1.07031924197943,1.07706178050181,1.08263074460187,1.08198334932533,1.08218818644051,1.08213897064442,1.08664329176503,1.08888042625417,1.10065476908434,1.09639301298323,1.09564624613485,1.09693150698236,1.08938020165015,1.08938020165015,1.0995749362362,1.12037683169592,1.11631508076249,1.11734241082751,1.11141065881367,1.10940391808487,1.10857560377244,1.09670405482641,1.11217189173892,1.11220634482063,1.11425058096073,1.12133876722146,1.12349363089755,1.10593417993357,1.11439593984438,1.10914727663298,1.10914727663298,1.1135177541017,1.11092144142417,1.11194111912267,1.11767518848068,1.10785295145293,1.10064216550812,1.10064216550812,1.10703432026004,1.11761336691901,1.11702227882391,1.10185595721822
An4_Tr13,0.979175358440425,0.976748583030604,0.989908060502511,0.993178869636766,0.992608511749861,1.00052158090583,0.99392194006748,1.00067962328415,1.00067962328415,0.987382056125613,0.983094561605431,0.984015621414884,0.984421517700673,1.00974167527515,1.01050729702326,1.02917429907798,1.01041712037405,1.0408284177054,1.03299528279577,1.03338424432427,1.00641742470569,1.01051426624215,0.975884931774616,0.990929822332702,0.993532315332092,0.993931420643505,1.00516441832224,0.972243158620927,0.972737389492592,0.984263046955015,0.953942636581228,0.919477148437511,0.922869980652471,0.935621854895434,0.938057641916141,0.938057641916141,0.944901324315978,0.93311009077318,0.933637350646307,0.968262246416536,0.965910303521223,0.966373536141201,0.965192810528613,0.981341798534681,0.96773937549977,0.96739282482943,0.934047121380935,0.934941009459485,0.93488379505812,0.875518855570666,0.923637850370171,0.919975719907197,0.919975868208225,0.919249266573613,0.935698239130677,0.941278214051169,0.953476638546431,0.952919421676715,0.952919421676715,0.948298058513861,0.902049270557154,0.903211172791513,0.905210060630853,0.907137992560318,0.904354361571244,0.904354361571244,0.905232720755887,0.89918926454931,0.903076047883025,0.903144362107509,0.901295675131615,0.898821615949984,0.89915614444212,0.893933122760931,0.897508174796717,0.897522349321432,0.8932993882814,0.890953600752373,0.891454616301575,0.888420360126567,0.886575115408524,0.893868965087292,0.893870566505967,0.889195081735915,0.889692331456813,0.889692331456813,0.85788849389167,0.84074365027679,0.848380653289333,0.848413257020938,0.820747982820353,0.761411122607148,0.763777378874606,0.804338144640752,0.844548040197277,0.859179036921893,0.859179036921893,0.862934291951275,0.86365058687643,0.863962203283553,0.861383429420164,0.858257702386207,0.860022634569305,0.857681565139174,0.795020565946572,0.771890559431852,0.772362876219832,0.80359922847772,0.77933361312781,0.778762990261117,0.80660504223143,0.8328806517121,0.832880344851886,0.831250629351903,0.832279288619565,0.832044486253861,0.831721202790733,0.833267592729195,0.831411569212015
An4_Tr14,0.977940975436158,0.967188256076785,0.945561639595286,0.94749084415944,0.975853257289397,0.943388227738107,0.939928499953171,0.985540845876116,1.02014805543887,1.04305240629687,1.04305240629687,1.01639714591733,1.02836203218625,1.02766492985467,1.03523106077659,1.03676366996999,1.02446915453633,1.02446915453633,1.01749743806544,1.01551231950158,1.01550894493707,0.974845262747159,0.997980652968136,0.996844256261507,1.03125435332115,1.06249388171187,1.08200448590726,1.08158640273121,1.07791313996341,1.08176350716866,1.08161825277436,1.07288787220997,1.06429344367522,1.05891509788548,1.05990811035183,1.06263165259133,1.04562364196766,1.04506607569714,1.03159799350329,1.00539978512166,1.00539978512166,1.01675867938748,1.02132547402675,1.01907249745794,0.999855200627959,1.00087021635152,1.01418341844449,1.01252846324671,1.02414422909455,1.02434758434233,1.02434758434233,1.02255563721449,1.03220945045149,1.02944614759206,1.02910121021794,1.05247659923908,1.05209938456265,1.05197029606207,1.0537773314432,1.05629550077049,1.0449507635598,1.0449507635598,1.04243206542772,1.03134107419665,1.03155543753817,1.03268014704304,1.02855332357549,1.02855332357549,1.02737997371659,1.02376248851075,1.03105029552072,1.03119252188232,1.02324742341416,1.02291471969528,1.02105921053162,0.956191219598074,0.900206813339981,0.901184529435974,0.907060193462758,0.908577227546052,0.908912818812568,0.924976265000788,0.946792149773089,0.958138015776157,0.956050531003012,0.950519714647064,0.954030102188061,0.951779073355499,0.954818332161491,0.953157976582507,0.94492703626763,0.944870041611317,0.950262018573555,0.953608081741664,0.951284419694604,0.945800970579597,0.956226549507206,0.888312815805606,0.887255034866522,0.872065429233071,0.951608427833072,0.951441484075511,0.963963353218669,0.982204341565967,0.981015328005772,0.992036775965598,0.990881843645462,0.98479142592953,0.981290419174628,0.973983005351959,0.976184928639102,0.976810207473391,0.971563923732994,0.971073779870335,0.971381181736558,0.973233445423932,0.964188934379324,0.965642419522903,0.955435208712891
An4_Tr15,0.921156203765573,0.966483317572099,0.979994324115902,1.00696398908656,1.00590454386028,1.03822250054885,1.05264616088962,1.05258132837444,1.06312995718561,1.01975362009684,1.0205441402503,0.974154734793797,0.97572864312749,0.975042007903089,0.975227198474807,0.990698999053836,0.993769975653649,0.994057426440597,0.993940928806656,0.990518789186951,0.97218910221556,0.968663163146871,0.992139057592761,0.98568033746529,0.988731225000722,1.01325407728525,1.02305712968441,1.03304916769925,1.03248034097898,1.02363745146462,1.00534866847611,1.00467169438938,1.01918632648531,1.03119025311942,1.03119025311942,1.04199023812698,1.03753790932962,1.0385279596229,1.03863483382859,1.04483657983825,1.05157264720613,1.04988451901636,1.04328259559006,1.03940481368016,1.03872471979541,1.04291090697633,1.03192048519689,1.04248385741503,1.04140308809962,1.04204791970361,1.0358783033494,1.03620181144163,1.03875583951126,1.04097539981565,1.04360796690916,1.03916881303362,1.035654234791,1.04685536524453,1.04509591580031,1.03881326984148,1.03595257363917,1.03275638601008,1.03086701378456,1.01833691955152,0.980986715563684,0.980643557735133,0.902580871058539,0.962296599156997,0.962574149109479,0.990451639044142,1.02940112273015,1.03361037672568,1.03548059176179,1.03303867786463,1.02509036735801,1.0255673520818,1.01994979594247,1.01286373696639,1.01155887297717,1.0062951363091,1.0024878316716,0.996214546121034,1.00094426407913,0.987993309540441,0.940648556198921,0.94084131191677,0.943777551866405,0.963642207245528,0.964267852503612,0.947324004430108,0.992979468515239,1.02045541583164,1.02070583932377,1.02084450272533,1.02369800992332,1.02276573837606,1.01082345527797,1.01959736297579,1.01949585754197,1.03173732300228,1.03108270695493,1.02552005497878,1.02280892947379,1.02404046756628,1.01495217293035,1.01448220007447,1.01000335223505,1.00405049855684,1.003448327728,1.00547937850179,0.932511190339126,0.898775886001331,0.896356154784513,0.911372817978706,0.963597990693393,0.971783974965097,1.00692425928621,1.02598680001126,1.02014748764694
An4_Tr16,1.01896439800625,1.01640005414609,0.960315112671822,0.959713566520582,0.97421118421978,0.985202315551394,1.0162355241659,1.0162355241659,1.03420258010431,1.02043003876453,1.02166276613209,1.01235451131894,0.999793650761959,0.999770690134803,0.997715269969538,0.992870941231873,0.988187503389832,0.993521999564981,0.992212369179415,0.990079510491448,0.990079510491448,0.948087994818759,0.956851438185957,0.95163027046344,0.953275243096439,0.971855833716862,1.00799645059083,1.00732214905772,1.02192650415977,1.02576951483418,1.02589336672274,1.02725056901523,1.01211771490151,1.01018022838335,1.01236854174068,1.01145799536319,1.01112556336026,1.01164535455028,1.01399895171557,1.00862259233865,1.0091413265285,0.994184587802638,1.00725354776143,1.00330229599578,1.00330229599578,0.993111857632115,0.988797066041044,0.988896511272886,0.998671056637114,0.990379584354041,1.00515142726835,1.00214633027139,1.01566515625653,0.995524354083423,0.995922373029085,0.994292193270847,0.99965385617479,1.00228038045871,1.00047662721637,0.99104957960095,1.00442770472549,1.00454803629648,0.995806545861595,0.994777327378985,0.998377988939192,0.995104203031882,0.986172626391749,0.986172626391749,0.987475359670417,0.984114350901268,0.985501380004903,0.980751893089983,0.97903042711748,0.979521550364549,0.9776601206636,0.98237067289329,0.945408363916301,0.944823359459001,0.925069737527578,0.926091211467959,0.915794009627415,0.916085908426062,0.914459431973885,0.947188014262335,0.946790097424197,0.954035315895079,0.947278612906896,0.964148835877646,0.963021154968909,0.960635373568082,0.959112021794516,0.957533382394977,0.950569157251337,0.9560915076135,0.947045049758594,0.947583236138368,0.947812861983175,0.943639907980761,0.946670885546884,0.948441993067501,0.947115447687752,0.947271836667077,0.940857041741216,0.943583238567343,0.941884493025427,0.933259598406096,0.933056248362516,0.932369554540284,0.932537110052082,0.938410796885736,0.937759429267247,0.939457172964719,0.935776942960645,0.927994464894742,0.929229678852257,0.929229678852257,0.930152041240182,0.905059192567505,0.9044294060064
An4_Tr17,1.04176371726596,1.03981982950433,1.04087816437584,1.04546856483745,1.04031229260446,1.03866983775494,1.03659529022595,1.03874994872893,1.01611248335639,1.01755138009136,1.01583356583275,0.969386151548954,0.969455880516268,0.911566640955558,0.915528282048518,0.932971749279503,0.932971749279503,0.982790852554493,1.01357361923884,1.01360515981984,0.993911158042901,0.981703451871499,0.981297080506066,1.02283515536518,1.0365791243645,1.06762023658089,1.06686896656237,1.08482356340602,1.11504830079651,1.11676373983554,1.10365547445167,1.08783161203598,1.08773770479509,1.09153745609449,1.08117605774288,1.07528114458466,1.07600401835827,1.05460202287923,1.06329990617872,1.0628414569236,1.06650165550565,1.07405277641515,1.07244433787274,1.07131078908644,1.06970392887081,1.0753958345323,1.07528518458681,1.07480153718446,1.06871352405749,1.06808186538345,1.08150717764726,1.08884023436952,1.1059361237152,1.10597749955834,1.11382585638942,1.14926866741227,1.15000230473753,1.17966590694367,1.16154752128404,1.13838245756464,1.13921139933142,1.14798099050382,1.13388177707758,1.13403493084866,1.11463095335722,1.06972173966467,1.0693907118086,1.09508625362318,1.09188628010745,1.09167761342042,1.09385590922803,1.08126293660352,1.07209763310269,1.07125752568084,1.06830846676741,1.06833305867984,1.06837409882399,1.04810402661117,1.04749418426935,1.05682368925333,1.05698808189196,1.0800493469634,1.0850814496103,1.08415904531848,1.11145475283782,1.11129824861951,1.11259273993903,1.10611223664862,1.09707190911203,1.09804020802236,1.09758534654583,1.09160140555252,1.08713114424165,1.08653819119324,1.08384512294368,1.08707646669565,1.0658598146935,1.06572424490698,1.03377868798909,1.02911356691544,1.02926619485449,1.00533281247678,1.01595874308555,1.02312845060657,1.02507931779567,1.04278238303513,1.04314651332854,1.05467728019697,1.04858870838157,1.05011785654156,1.04890025794979,1.04801054221103,1.0383562239535,1.04078030705727,1.03995044129635,1.03468267691477,1.05147374712879,1.05147374712879,1.04175432466442
An4_Tr18,0.994909045869524,0.994909045869524,1.00853015143184,1.01395725838982,1.01395725838982,1.01145845861124,1.01084976204837,1.0085866615869,1.0085866615869,1.00742433451713,1.00238064155645,1.00298757266202,1.00249235356164,0.995195554775406,0.988460456349734,0.989447239560156,0.984668119828798,0.980234460906673,0.980964962498063,0.965399204220546,0.957714360365887,0.957534811195814,0.962303442893159,0.984557663032597,1.01707962015099,1.0158760200557,1.03260448336219,1.04720173516402,1.04813491630096,1.04217777267849,1.03466438701162,1.03428550698779,1.01553010187348,1.00100279693547,1.01436746730662,1.01319969402542,1.02071878086959,1.0317367787973,1.0317367787973,1.02666600757662,1.0330181392257,1.03379313393187,1.0296498425768,1.0280404994312,0.999812069582794,1.00061557515156,0.952399873149721,1.00659517032676,1.00749226498665,1.02743410345275,1.03366258935883,1.11448658671712,1.11448658671712,1.15376210222435,1.18731691311338,1.18740927902352,1.20088950139129,1.19663643789576,1.17693293987528,1.17677062010594,1.15966228617194,1.13995162785538,1.14042904166685,1.1459966823156,1.12989606489594,1.12486978338373,1.12724066969737,1.13594198503534,1.13594198503534,1.04211518644649,1.01103362066743,1.01030488743746,1.00999879641548,1.00359818042551,1.00461257227837,1.00143546021283,0.995948875394685,1.00373012275733,1.00234456359637,0.996832199599798,0.995863687402017,0.994789613252924,1.00285435906445,1.00094963232629,0.993357682113784,0.997122896567631,0.997122896567631,0.994114311412173,0.996122199776856,0.995901960397105,0.975276242398816,0.975628043713959,0.975628043713959,0.975295754225634,0.959532126758529,0.864661518861745,0.864661518861745,0.888972268063727,0.933499939373341,0.933499939373341,0.942078484694905,0.954902702654315,0.955531923699082,0.959968861024801,0.966498190731895,0.97042712898943,0.970200763441198,0.972233589740308,0.969345028595256,0.971048358268364,0.975951890480573,0.975104479286332,0.975695011222007,0.981564563224989,0.979278516431921,0.980673753531363,0.981058543105948,0.885203755643723,0.869341392639413
An4_Tr19,0.999713318766381,1.00361937388798,1.00054785003802,0.992552428445514,0.98076460194496,0.983311417075481,0.983597005798669,0.997358180503104,1.0199921259647,1.03033603967534,1.03033603967534,1.02927815413123,1.01934607981858,1.01942429541165,1.01419550934028,0.95996588741197,0.95996588741197,0.974488576695678,1.00120722800316,1.0140728177364,1.0176695708788,1.03792291505203,1.07368356055494,1.07368356055494,1.08139735312862,1.08833363338342,1.08019794949473,1.08019794949473,1.06369197810818,1.06697900343239,1.0670561684999,1.05696605357475,1.05014243588133,1.05173497715484,1.04675718333392,1.04601112652957,1.04642850040055,0.975379341981579,0.991317089827562,1.01638775729368,1.01603648128895,1.03295928354533,1.04518886468701,1.04397555730766,1.05850801225153,1.06059382540351,1.04314941898582,1.04732190345366,1.03658241446131,1.03990155600334,1.03972007459935,1.0820337190211,1.11815823593486,1.16550355064331,1.16372326756597,1.187990407411,1.20540121101333,1.20629203066364,1.21438791521199,1.17578438079483,1.17602604486959,1.15444830874899,1.13444072800801,1.12422089997368,1.1228706013363,1.11899346707438,1.11947474287349,1.11592972811013,1.11401147484795,1.11370229868168,1.11577313568326,1.10354609813803,1.10806896466544,1.10857488073537,1.11098597478656,1.11705927567854,1.11934476354164,1.11934476354164,1.11670828176174,1.07652427003414,1.07652427003414,0.988061528421355,1.0002251992018,1.05452300785293,1.05417558037782,1.06755165550399,1.07381915651251,1.07262118412595,1.09600235245629,1.08946282999189,1.08233624285228,1.0834048175467,1.0767800232917,1.07548658287106,1.07598309947516,1.08068071310714,1.08493075717583,1.08462053937815,1.08130324751091,1.08032302153782,1.08100625834415,1.08084390285814,1.08121568128628,1.07468285900127,1.07697105702702,1.07731433141757,1.06661663575051,1.06543448977867,1.05666652033489,1.04516078752715,1.04596183678756,1.04596185594045,1.06910927333152,1.08557952193853,1.0851759913775,1.09447223476212,1.09227189980391,1.08256486485273,1.08284520335292
An4_Tr20,0.952315430164496,0.974347761305014,1.00432428217611,1.00993202363325,1.0333939105569,1.03647318503929,1.03549403827556,1.02900001783664,1.01232377619366,1.00167628996121,1.00790883755492,0.998412357739093,0.993633088470255,0.991000349068613,0.986109398990764,0.984694261631093,0.981826173618091,0.981626775141266,0.985508042643771,0.980503671267721,0.976624479312164,0.956553180425667,0.95962590988127,0.95384352908171,0.952970536624756,0.978941077105902,0.999032932833691,1.00097377619092,1.01079876614583,1.00849815089069,1.01020415574792,0.988253258413895,0.985830341703621,0.980721163092982,0.980721163092982,0.979920775770073,0.987917208958727,0.988176595570301,0.992472626259632,0.989187815253618,0.989688199905968,0.982887879967665,0.983567885489332,0.983338205425152,0.983338205425152,0.982092004585848,0.982811587675257,0.982191028220847,0.980868406434515,0.979390405960254,0.980181613979681,0.977324191443675,0.977408636878565,0.980245405282047,0.980245405282047,1.00591911240407,1.02950080757928,1.0290897813466,1.03815051847132,1.07064582669131,1.10393520962888,1.10393520962888,1.135761851009,1.11922069245667,1.1104078789032,1.14248493101448,1.14707902496714,1.14707902496714,1.14291369362859,1.16620164545866,1.17682176812907,1.16947386248285,1.14660154100701,1.14031484766067,1.14450107004388,1.05211094832105,1.05463542492899,1.05535403879437,1.07794952707436,1.07691614876099,1.07506332852967,1.07506332852967,1.06473145520638,0.993735775830407,0.993845315968418,0.94378137973817,0.952427639141412,0.968870173347063,0.968870173347063,0.983195132357565,0.986334027215295,0.986201792447478,0.992669792988407,0.997067376335256,0.996864465224641,0.990458189514962,0.987252211303375,0.98473819451033,0.984275205991015,0.988713476991098,0.986173615568022,0.983614900414551,0.979973170380198,0.981605346911585,0.981297927282781,0.982833733986313,0.981332283386083,0.97748734596592,0.977511049232416,0.976938831158339,0.981585591468104,0.979360001354949,0.971999449968591,0.973046918884141,0.974345255242691,0.94651106154948,0.858233571171131,0.849112157077013,0.8488700394215
An4_Tr21,1.01278723730236,1.0130509055326,0.989542635955719,0.901854924657251,0.908314220831304,0.908490703778207,0.949198711829801,1.00246127324611,1.00170742255675,1.03460811035151,1.05043059725143,1.04468850495645,1.04313044621779,1.03480603969091,1.02577341303702,1.02572911622739,1.02206567493184,1.01402921901222,1.01733084263334,1.01263565035362,0.996938926121335,0.968025925040917,0.970413701970109,0.983834465606705,0.988279067028738,0.988285450332345,0.988682150393312,1.01437461584077,1.01437461584077,1.03785140135856,1.04779658176227,1.03663636444908,1.03663636444908,1.01242514168416,1.00767792720482,1.00771809176306,0.99646716945973,0.996610899948821,0.997097869366596,0.978578133946342,0.970913206546136,0.965938065457127,0.965946602275933,0.950167495692466,0.948266801363018,0.948265890336145,0.947419028025956,0.937313308497831,0.923602690413647,0.92589351302122,0.92535264974498,0.909443243005416,0.913354913638166,0.913976157316305,0.915645223116231,0.913665671632009,0.911990331293699,0.909994787066296,0.914400937411767,0.914400937411767,0.911399095464735,0.908942470077797,0.908247931526438,0.909830156837182,0.911783155559331,0.910455539880553,0.912885224027891,0.904591430976955,0.893138033240173,0.893354425422376,0.898906558160985,0.886418609898245,0.88505036397255,0.918842812860317,0.955565255432315,0.95555166629677,0.963286449212709,0.957561852035987,0.931193991072363,0.931463250000008,0.953970374252992,0.954366121144004,0.956696915479152,0.955993715898579,0.964378797610927,0.966195016642629,0.96614731975347,0.967228334692153,0.968526627970083,0.967986721831727,0.972709859030714,0.971516422323402,0.930486618519553,0.930334615662543,0.945492808113143,0.975665308756388,0.975409389084925,0.981539289566605,0.98386743868869,0.983443128509632,0.986643028198522,0.986388546432953,0.982495593609078,0.985725153900545,0.975042041145624,0.975065592717947,0.974833123718832,0.976183538295328,0.981396915148594,0.979141196707416,0.981738537158198,0.979150138165689,0.978198927571887,0.977796519483497,0.979465468195144,0.982063360183288,0.981483762872922,0.970634885415889,0.889171114986581
An4_Tr22,0.992183047573616,0.992733012810629,0.993984237947945,0.993552676726776,0.984915804733136,0.980532732630729,0.926505236300188,0.933743584429584,0.934551079921055,0.992585597067872,1.00366167069066,1.00354015751291,1.03401935429063,1.03711698698066,1.03717372114615,0.999762202115547,1.02652893785882,1.06644251375295,1.06646744551015,1.09625875029259,1.10848347006471,1.10848347006471,1.12190819917761,1.12496402405287,1.11543239161786,1.11522326833893,1.11025089340026,1.1168037440152,1.1168037440152,1.09614219267005,1.08664861700966,1.08608788230447,1.05804318384125,1.05845264508797,1.06110612003835,1.06161082333296,1.08018702746145,1.08103442565957,1.08057379159853,1.08194580864916,1.08218559957113,1.08185282187551,1.07768422953052,1.08152741909652,1.07138098864177,1.07163590770623,1.06614106463303,1.06780712958706,1.06736205048873,1.01424512513552,0.994470395429535,0.994470395429535,1.03773371722423,1.06334981087362,1.11136747852038,1.11280243014654,1.17545244718188,1.20883266300991,1.20426942835266,1.25598882283048,1.27100106088777,1.28900829181816,1.28178328750037,1.27747830175266,1.27778849297136,1.27648235712657,1.24604716663761,1.23462195705869,1.2182418290678,1.2182418290678,1.21582902704512,1.20167604250161,1.20184787661461,1.20036396061076,1.19323541470454,1.19275801738002,1.19199487788031,1.14992269280915,1.14992269280915,1.08842226903545,1.11482172331896,1.1257080688605,1.1257080688605,1.13521172855667,1.13735639849943,1.13735639849943,1.13957110765882,1.1304855460883,1.12443933536942,1.12443933536942,1.10242088025936,1.0405744950366,1.02253649584502,1.09642755275724,1.10596193081572,1.10587143240995,1.12356828875701,1.14026553834783,1.13993052875491,1.14187915634871,1.13642847956604,1.13265519993459,1.13192266125297,1.13769668977022,1.13307509860134,1.12596244761988,1.1248648129564,1.11625915938204,1.11525103660797,1.11362004247748,1.11497920745614,1.11650423395732,1.11649080372158,1.11545815969025,1.10951659399162,1.1155980585646,1.11482549484343,1.11517835091174,1.11545712964999
An4_Tr23,1.01758791794557,1.01424261201888,1.01110115917129,1.00754220476035,1.00730244956065,1.00514646947982,1.00349042267577,0.99979271285177,0.994619302296617,0.991708353003394,0.989439564191625,0.993070556426402,0.972863206869025,0.979839877812846,0.979105278966797,0.989298294973982,1.00497243866839,1.00677754419751,1.03209963412933,1.0340041966727,1.01837144545346,1.01836745316817,1.00209106025298,1.00624727557735,1.01129077711452,1.02624021636615,1.05134824001816,1.05121284409331,1.06641133964951,1.07006883466878,1.04645217142247,1.04653722811861,1.04512788986256,1.03034246728496,1.0296912864072,1.0019039129492,1.00964504129214,1.01151019769371,1.01149948483654,1.01948789552098,1.0307523363057,1.0290477648537,1.03014194213193,1.03057358028236,1.0216579726684,1.0205146990097,1.00042950045098,1.00568754731216,1.00568754731216,1.00506747385678,1.00446362326125,1.00446362326125,1.02149338346908,1.04039004496749,1.03972771083482,1.04384450363827,1.01413275903507,0.900275434657936,0.889997981050952,0.908228179176233,0.940810678637937,0.946772740252267,0.976392970271925,1.02117787682191,1.03993082753726,1.04054141697517,1.04539561195505,1.04326269529447,1.04238024435118,1.04520031094425,1.03931994510294,1.04303516208823,1.02839877323824,1.02336682100051,1.01965611910942,1.01965611910942,1.01492653765179,1.01109326600488,1.0100301003159,0.944621449722217,0.943050110999142,0.947389276182998,0.94803371842854,0.944778788051347,0.954268508749315,0.954099898365016,0.928298102771664,0.950670089324027,0.952816172219734,0.968810523171005,0.999133071423905,1.00415052897837,1.02649672191545,1.04366908621,1.05499295489114,1.05608850806548,1.05304431974758,1.04975082433882,1.04906168033458,1.03533084327237,1.01989785109653,1.01263679976782,1.01237420614311,1.01510416995047,1.00798812663104,1.00811744345494,0.96869103304695,0.893323781594302,0.867075920498208,0.86763579537007,0.903457028923998,0.9098188592149,0.912099438666249,0.926624838045213,0.937466609289158,0.939120430897156,0.943203824631389,0.937053560557919,0.93574549551876
An4_Tr24,1.01818463529109,1.01821523655074,1.02366660802703,1.01565161103104,1.012251635915,1.012251635915,0.998134555400757,0.99900837832674,1.00202817163976,1.00086332843425,0.989053349148643,0.99520375701469,0.99520375701469,0.992724732745184,0.990121953610487,0.99038280209586,0.982829246886478,0.985032884154298,0.97919172079827,0.98382047441995,0.979070314780383,0.934677081029752,0.934677081029752,0.949659471376439,0.952949452201293,0.952949452201293,0.990200875295584,1.01911565152585,1.01937838008816,1.0209709666445,1.02502919787794,1.01058772977468,1.0107071373021,0.971326043941949,0.982614182474465,0.983012191753954,0.988932544956249,0.981784808898794,0.954130964170586,0.953139698637673,0.969269890077454,0.971159654091321,0.970831781047902,0.978459644017776,0.962592697311553,0.962695948592775,0.961779218362157,0.961007611689868,0.956215942953895,0.955795223437331,0.941837117378587,0.931807208348274,0.936620567324938,0.965682263087879,0.968890713743306,0.989498957896329,0.989217115768525,1.02053892278753,1.04163892312727,1.04217979026432,1.06118161368757,1.08433001307741,1.08433001307741,1.09466701994577,1.09027361937793,1.08969541187686,1.07071533057056,1.05865152689433,1.04610365424058,1.04610365424058,1.03405793033612,1.03341409003494,1.03572675191468,1.02210408327754,1.01673886674624,1.01596944840884,1.0157712765512,1.01295948899864,1.01614407542939,1.01614407542939,0.95768179558026,0.939894270934361,0.958167170638122,0.958852800823869,0.983006737056604,0.998471081014568,0.99847113152664,1.00621924398589,1.00789274319984,1.00789274319984,0.99819172707366,1.0040449771631,1.00118111659346,0.999762590036459,0.989054738958804,0.98979954858279,0.990987676845406,0.987770724207396,0.989021564952184,0.991078060157239,0.980267210825392,0.977758469677659,0.980784106225049,0.980784106225049,0.985435679349631,0.986088943579873,0.986158995428028,0.975545128661454,0.969752718749351,0.969721228174347,0.972246147959493,0.979755608163756,0.993979397505756,0.994878669114787,1.01485828471164,1.01197110383702,1.01246136556505,1.00687302181182,0.999805272276337
An4_Tr25,1.01549498447287,0.983716017971632,0.984656338322615,0.980679677506962,0.999649673146683,0.999738679210179,1.00898041684951,1.0093764187146,1.00596930812988,1.00596930812988,1.00503827568304,1.00086568455925,1.00108194602949,1.00403107225066,1.00204672748529,1.00388524757904,0.997611566791671,1.00123372376499,0.989974933401754,0.989974933401754,0.995005086983678,0.932342741625277,0.932342741625277,0.912119267623817,0.946175457507107,0.947091083743876,0.986260184369951,1.00472621981536,1.01657971393115,1.01648268631826,1.00811739229635,0.999717661391325,0.99994409633762,1.01336271738556,1.00516171638408,1.00812218656048,1.00413353540597,1.00349093282794,1.00013883555464,1.0004328251059,0.999664664559219,0.998047061326086,0.998963079107994,0.973302922259213,0.97569958221429,0.990744672307001,0.991357482654174,0.989439441527192,0.990488472959817,0.990471547271451,0.989958099952499,0.998011350540829,0.981427458296292,0.987123044511889,0.867214681286965,0.86260106965672,0.861609010514725,0.889680023019448,0.892528979316953,0.892724229246837,0.891445853526838,0.892483123913729,0.907247419645304,0.90987773556002,0.915344735840885,0.91472363098495,0.915694298778618,0.916144023984609,0.909912029446785,0.908999002092672,0.909954641200605,0.908605672949558,0.910199469983482,0.911919349418682,0.910962846585312,0.90654301190759,0.90654301190759,0.9078335154309,0.907826934637186,0.907840745270276,0.913310122008874,0.915668442689792,0.915975482422163,0.916891400013029,0.915113305152733,0.909591142576358,0.908792053504424,0.91115214693647,0.906878145423314,0.918911095920519,0.918858761792358,0.929449733757029,0.937892365941333,0.938036322745277,0.934435669721558,0.920198912189639,0.920025347794937,0.918492350699109,0.935453613471179,0.926823322832324,0.926278337465809,0.925157760788441,0.903831558604526,0.904364031469933,0.888605335192124,0.883287857488473,0.882217500173612,0.913013031406489,0.916385363625579,0.91226551149854,0.912011476588938,0.908781874848367,0.909900778214065,0.909653030633566,0.909603863827621,0.914371310630343,0.913659608836978,0.913221642017284,0.908632517460899
An4_Tr26,0.994340550390893,1.0132907159934,1.02199494266825,1.02233484720964,1.01635002563538,1.01605527813466,1.01552729926803,1.0163767712309,1.01180795172917,1.01611415819315,1.0121747658088,1.00742070885325,1.00640033997795,0.990420726426469,0.988525189425917,0.955110725690291,0.959194277298613,0.958749719568469,0.97781100649676,0.990077740767426,0.989341431308996,1.01268016927321,1.02030456608294,1.01485668798278,1.02805426086887,1.03889880050018,1.05418423903786,1.05313822266316,1.05362682496243,1.05263219021893,1.05278577164393,1.04348831806737,1.0417140991826,1.02408297929892,1.0248849768835,1.03365022459188,1.04041190824743,1.04130307656992,1.04472105053716,1.04946753254947,1.04808669246142,1.05542328109053,1.03221014626508,1.02981119701206,1.02981119701206,1.03653058897099,1.05640208539425,1.05510760821547,1.05739048572118,1.06068270258248,1.05540437334509,1.05110032699373,1.05672432407324,1.05506169278551,1.05496295085739,1.05441362843045,1.05474466650195,1.05348116881948,1.04947041091823,1.05673366195443,1.05366764290884,1.05366764290884,1.05102670927689,1.05257771790513,1.05246871131159,1.05636848768092,1.00770074335423,1.00693143090208,1.03268575476122,1.01407756352131,0.985275788094291,0.985610513119774,1.02998033792082,1.0185779976379,1.0188618204953,1.0167511061292,1.02292361910885,1.00000488843903,0.999014605232825,1.00739141466607,1.00739141466607,1.01322950118254,1.01069226006416,1.01365020893003,1.01355181651835,1.00586908193928,1.00217804746009,1.00112346974433,0.99899172475917,1.00076852653762,1.00671004289131,1.00671004289131,0.997186985557273,1.00515706238248,1.00524878607462,0.993245554566781,0.99974852876602,0.998414750558373,0.999552431810248,1.00115757173035,0.998797601649728,0.9991552646124,0.95876473460945,0.929070175971438,0.929498565962166,0.963380820795584,0.982926637538037,1.00133510756627,1.00133510756627,0.932319226755722,0.951605827997464,0.959223314594647,1.01619563517939,1.02837278435374,1.04749073891295,1.0475029078947,1.08554692668077,1.09643748851828,1.09699645040488
An4_Tr27,0.991788147379557,0.988625270254173,0.987801197000307,0.997866649803932,0.995403732042122,0.993356982948692,0.992532033452311,0.997190124732024,0.99850457062862,1.00195261611227,0.996292329435787,0.997090976295993,0.99760732556741,0.99760732556741,1.00186657409159,0.992116161664334,0.992486220945602,1.02272663863661,1.05718512344127,1.05502835859844,1.08535926878345,NaN,NaN,NaN,NaN,NaN,NaN,1.17468506591285,1.18095971179766,1.18730984477252,1.17450233616114,1.15070127973545,1.17271657118348,1.17262565664819,1.19046752479401,1.18387217547841,1.18298373723291,1.18167464439975,1.17690072387332,1.18257409025218,1.18274905733958,1.18283209764593,1.18470155331444,1.18424903500365,1.17698899876496,1.15458354730129,1.15481742757322,1.1509569961784,1.15115726179321,1.13613600682177,1.13637942634931,1.04335939853681,1.02404209759226,1.02332079689262,1.03353495333113,1.02250190601949,1.02250190601949,0.96621211873704,0.963372569568049,1.01204295118053,1.01185102258896,1.04375694679638,1.05610592735704,1.05610592735704,1.06087041185895,1.06020001047885,1.05976421596997,1.05955473148927,1.05470308615508,1.06954915051023,1.07079102430484,1.07068717124192,1.07560357203201,1.07445471409667,1.07464190513871,1.07537395236838,1.01132151570145,1.01073444468746,0.973001940540067,0.906050860354246,0.905887979214574,0.903606638498065,0.881705679896279,0.872752215854971,0.872752215854971,0.97030850803789,0.980640592242285,0.980974279542201,0.996943853308753,1.00487651791294,1.00485171057423,1.01526085835726,1.01329494509122,1.0141372679064,1.00802897614965,0.952714442485545,0.92636052963193,0.926597925403108,0.939589904208454,0.95239704376561,0.95239704376561,0.949344939870611,0.918643822964539,0.929403658001115,0.929194699823892,0.977964718578124,0.901248772022457,0.904346387151384,0.937182713927206,0.965564744211417,0.96491420023579,0.975957350864562,0.97354512198019,0.967000379943703,0.967000379943703,0.964340305163407,0.962444438903006,0.959056380015935,0.95212577291955
An4_Tr28,0.91778818189318,0.954185194862817,0.968710541550932,0.968798356101158,0.975932607201371,0.95965515818325,0.959384865158909,0.951911788183988,0.981881734001952,1.00404006809784,1.0039714419112,1.04288932198881,1.05734453954362,1.05748550975806,1.05704113003876,1.05200232230096,1.03166181891059,1.02914065503237,1.02617476528024,1.02339744566447,1.02294029127313,0.991815323474468,0.995989846804343,0.996140577812502,0.988724290941116,0.984519834063779,1.01482656466403,1.01482656466403,1.03087738210399,1.00188274050864,1.00188274050864,0.982060896138134,0.992663689571128,0.993137400373417,0.992563019878366,0.989548949740585,0.99230049131345,0.992449304240116,0.998920290507175,1.00136429479122,1.00087976467992,0.997766897313671,1.00642971217696,1.00199500580553,1.00134153116428,0.998806989821745,1.02370956297996,1.02243301153806,1.03243284751331,1.02892429294598,1.02954527086003,1.0286106407654,1.05181816145246,1.04888483248521,1.05022819484747,1.04992378024391,1.05012062505937,1.0508357991388,1.04815100119333,1.04674462883627,1.0451566029731,1.04451974508734,1.04618765174595,1.04444373682103,1.04204026487385,1.04431946057932,0.992914944210541,0.992914944210541,0.97910090702761,0.97238629539715,0.972519583235106,0.978613504276774,0.874543590211487,0.835466291245825,0.830554490641239,0.82082933525784,0.859160343896237,0.859804430848723,0.94461283190426,0.968906778355744,0.970203510341623,0.970895756399013,0.980656618522664,0.978884394068641,0.978782293650375,0.983705756997325,0.981842938159393,0.981842938159393,0.977885994416178,0.983195147964324,0.976690805136815,0.976690805136815,0.968436064758071,0.969377466922501,0.969643746746396,0.970450824319818,0.964025633563274,0.96821720508242,0.968163132396574,0.962325936089265,0.963021177233457,0.961174424090083,0.964732100741818,0.965375563823807,0.973425904128595,0.966157586424234,0.961662217811787,0.960962882646003,0.96238553290081,0.957497806122788,0.950305649140587,0.950305649140587,0.922638392117791,0.932287591287826,0.93415776137407,0.941569614299956,0.988914849349847,1.01059681031547,1.01059681031547
An4_Tr29,1.01326673357258,1.00817540907952,1.01429917370353,1.01385727766153,1.0053707021986,1.00994143700186,1.01128121858552,1.01126234718743,0.989420560973965,0.968672871230716,0.969515250898951,0.954808880397368,0.98598087488747,0.989700995564967,1.00915923214054,1.00585314039595,1.01217772605909,1.01217218204211,1.01508398641832,1.00921678345424,1.00921678345424,0.993612349624174,1.00079128147522,1.01781313493385,1.0176793279468,1.02523016623151,1.04907812888172,1.04927091210577,1.05772783600986,1.04992198884154,1.04953924419814,1.03547605409277,1.02200298932933,1.0265655565821,1.02527004595398,1.0277244120994,1.03515508664099,1.03662793095139,1.03073592573839,1.0320685005845,1.03148147961073,1.03579739791823,1.03930944966932,1.03541807244236,1.03541831243588,1.05027486640417,1.04935730807728,1.04913472525985,1.04520544265316,1.04982228777264,1.03600084368457,1.03572031071637,1.04732646367388,1.05712389497801,1.05605670289389,1.02099580808518,1.02426876770606,1.02319989376681,1.03840319722689,1.06121431971732,1.08481687454456,1.08458408894144,1.11081392438034,1.12751585410686,1.12902068026615,1.13958689106901,1.1428189524604,1.15171719368193,1.1519641433439,1.16600586714904,1.17220744013554,1.1674748964278,1.17789756658636,1.20452343622243,1.20551225596095,1.21808448289078,1.23564813867279,1.23501618427536,1.23905366595632,1.23713802177025,1.2162512460147,1.2165281322202,1.20508441359147,1.19395430102656,1.19488297224668,1.19860428346512,1.20391811761517,1.20419130668315,1.20435935333662,1.19266204203638,1.19120900761663,1.19166778267487,1.18706676352541,1.18928133448999,1.2001642860152,1.20002182919942,1.20792329549696,1.19293179033195,1.19172726454975,1.19650916161438,1.19100523208455,1.19046978124547,1.19252733498913,1.20109863820188,1.20377005747549,1.20248392300239,1.20658920118933,1.20174549779095,1.20175299402485,1.19876528777732,1.190481010749,1.19116626846112,1.18954351229937,1.19822343348661,1.19138664363911,1.19189750120322,1.19359249280304,1.20418793294756,1.20487780985635
An4_Tr30,0.9924266689952,0.992932886867839,0.976901365076898,0.980092003242941,0.980700781793089,0.996891137401701,1.00000829627919,1.00001552747688,0.995579616150974,1.01085888894861,1.01952977706565,1.01952980619493,1.02288339599039,1.01230702977512,1.01284420199395,1.00064897745959,0.994788877575557,0.996405592415755,0.994655169295731,0.983031200602441,0.949757659030134,0.949390097367805,0.92750416921821,0.930219488693286,0.930219488693286,0.946476418939208,0.963059449850563,0.975058408162238,0.975058408162238,0.964198184414037,0.9345242278522,0.93408959743222,0.928371618540777,0.926631580580968,0.926014715878064,0.921182579474914,0.917968327880174,0.912456228100189,0.912067275885526,0.915289465119625,0.926055095961684,0.926850771648858,0.932177846265454,0.917281952347515,0.915662495837342,0.913025891126999,0.909707273007924,0.861143247442675,0.861143247442675,0.854596371381676,0.863798982078747,0.863721489034158,0.866841433255978,0.884028596141646,0.900998244975537,0.900730013006237,0.898714872042203,0.902831418194133,0.902684919137736,0.893100803226284,0.890224373279412,0.888494178739046,0.887342203053954,0.882632038637286,0.877645215638885,0.877613168587313,0.875895300521257,0.873857942043366,0.874812595137061,0.876002563701642,0.873886954548936,0.86829837081586,0.871228238865191,0.87038554406377,0.845729979073418,0.837922361343281,NaN,NaN,NaN,NaN,NaN,NaN,NaN,0.708257483320518,0.743708000297711,0.744413485760726,0.779598085586905,0.816488374828181,0.817030511683882,0.842742246067385,0.847364395214781,0.844605938186428,0.844605938186428,0.836540895841936,0.831203131382626,0.831005789836108,0.825869271176728,0.824538317839449,0.807463505929251,0.806695398851131,0.751594368268172,0.747866995866769,0.747318017328445,0.766918306717931,0.779816002981908,0.780231939186083,0.800938150451814,0.807187898588535,0.803403787938927,0.803403787938927,0.796623431302925,0.801568069855175,0.801882893928584,0.795808796253178,0.795814065561832,0.797033801009995,0.793819316760175,0.789140530894434,0.791227110763885
An4_Tr31,0.900924651205669,0.900895057846094,0.918502975835267,0.936066689242481,0.936066689242481,0.996024250788243,1.03744860370675,1.06372037355026,1.06439850197945,1.06412890109605,1.04258579260216,1.04238248663287,1.02837839886302,1.01997428837182,1.01489482841444,1.01000711371168,1.00367147275494,1.00996446207816,1.00996446207816,1.0050155115403,0.990520885615139,0.992767455170933,0.979949398232864,0.961834468693069,0.980848422393765,0.980848422393765,1.01903233215877,0.995199744420873,0.996113697382721,1.00821479012122,1.01398175766371,1.01901314227521,1.01901314227521,1.01355211342994,1.01318304556947,1.01367944197356,1.00405433409447,1.004506669508,1.0037700100128,0.996269021074224,0.993073661980317,0.989201156020254,1.00857591841309,1.01462894759477,1.01385222887941,1.01140358842299,1.00778375067892,0.991727659116862,0.991712504383346,0.992923067379875,0.992805601696348,0.977838620962704,0.979100861911515,0.979335591326431,0.944445883599765,0.943356257074382,0.93120967677732,0.935826489691281,0.936904110271843,0.963916623598942,0.979902983731185,0.986845005191373,0.986435210388855,0.987467090503167,0.99321290305595,0.993358531754763,0.991071656533197,0.98879959843837,0.977626713228394,0.977392661238269,0.979967081666676,0.968422818472817,0.967812926649236,0.970647315844575,0.969851629989035,0.968744758370113,0.979415907473146,1.03430286371288,1.06101109254078,1.0609339771057,1.08412308734332,1.08419929742903,1.08661270314262,1.09916273129021,1.11427877516079,1.11316316214057,1.12327205661973,1.11907224989496,1.10274224251229,1.10117669541423,1.09343136406828,1.08571003501829,1.08482111488254,1.0750085093947,1.07390526153602,NaN,NaN,NaN,NaN,NaN,NaN,0.915488139758518,0.915372623959714,0.979701098686787,1.00762596360701,0.962095787157,0.962095787157,0.945893122923223,0.956052346565295,0.956291572071183,0.957783341017694,0.951768143947612,0.953128454859701,0.957175764756144,0.95561512242708,0.95109851709992,0.95109851709992,0.945511989334935,0.950993383932161
An4_Tr32,0.956491858005917,0.998214082242664,1.0132879896929,1.01249798673233,1.0183529671634,1.01029095522276,1.01065091884453,1.00840377968223,1.01196477253768,1.00161831356995,1.00161831356995,1.00448577117222,1.00306363485825,1.0025238548404,0.996220886203191,0.990211804452625,0.985449307334893,0.985449307334893,0.98920349653921,1.01417623198473,1.0130816772996,1.00614939715224,1.01295278967845,1.01367057771448,1.04284687952438,1.06273208471542,1.09051290236121,1.08814597136021,1.10343660804115,1.10239488867099,1.10283145080635,1.09843932726597,1.08601196732197,1.08062962729964,1.08086366375636,1.06004186645513,1.06649654666547,1.06672967721538,1.07131934717326,1.06950258929487,1.06953591902952,1.066232677378,1.06782580696054,1.0679131200166,1.06940345797889,1.06815678654481,1.05907214832827,1.05960811070697,1.05267531317531,1.03507722898693,1.0346461974065,1.05585989075637,1.0625201848497,1.07047574507727,1.06899437830921,1.07369165688599,1.06836225919597,1.06393439854245,1.06340385202064,1.06798779296786,1.05811939049285,1.06217602174356,1.05735829832616,1.04972208351105,1.05156689470283,1.05494698350205,1.04558784489828,1.04560647070305,1.05363892254042,1.04236745470002,1.04721138985912,1.04721138985912,1.04386660861668,1.01842193914434,1.01845754955384,0.857672181746483,0.858560858883098,0.857879821154345,0.845929143266645,0.84970736057775,0.900866004479037,0.914205627648524,0.972657085028534,0.991647915899617,0.993602939599797,1.00400771546332,0.997838534729445,0.997459857582981,1.00890240667647,1.01030198055261,1.00288365391321,1.00240398436358,1.00760017814033,1.00685835507727,1.00848375472378,1.009227800585,1.00935226212411,1.01302085308718,1.01286879628515,1.01482143978262,1.02211314723593,1.022092765334,1.01384935096063,1.0139982534511,1.01325323187526,1.0132261811568,1.0135821330011,1.01385210029002,1.01232713000295,1.00995004186894,1.01053211815562,1.00597397786844,1.01581577571715,1.02492271046568,1.02178815562323,1.02029892491343,1.01602680674705,1.01624203987397,1.01594913034588
An4_Tr33,0.998336629511352,0.990959532831117,0.99089872970979,0.988912869499301,0.990769582700585,0.995499642715766,1.00189271862176,1.00868667789049,1.00840793098905,1.00127826921862,1.00015044628483,1.00177124437828,1.00295593244937,1.00836390182088,1.00431291873931,1.00569949282103,1.00107628600948,1.000677076557,0.999350117251982,0.998909089678349,0.991811092468943,0.993112786383601,0.993097587682037,0.99819678819143,1.0078515525702,1.03216379526233,1.03922428272681,1.03146682954957,1.03578919083537,1.04637922971963,1.05366035892968,1.04932336264379,1.04932336264379,1.03800658846482,1.04923262244376,1.04736558801764,1.04853791735283,1.04132509120931,1.0459523348014,1.03708354521945,1.02432230671062,1.03300208627146,1.03714218708442,1.03054250824847,1.03626309235478,1.04873929279334,1.04792858845143,0.943865696704534,0.966994300471082,0.968793576325704,1.01218218615952,1.06157437643132,1.07253102489179,1.15026004492916,1.21389888006749,1.26923575441146,1.26923579638894,1.34720929179215,1.36816472657478,1.36753992579935,1.39492189336993,1.32990706171697,1.30566734337603,1.30635397600775,1.25189778851282,1.31616066562135,1.31620565227849,1.28228216272767,1.31350193214509,1.31834856350437,1.31838043861983,1.34021326352521,1.3586280864103,1.35792175406438,1.36103786067213,1.36069790147379,1.36044881901622,1.35688701338627,1.35593630518107,1.35458782172607,1.35758297098999,1.36258461449696,1.37092232461063,1.37092232461063,1.35780057199892,1.25162994715047,1.25199330464181,1.28465818296129,1.28887149003676,1.2749072062375,1.2749072062375,1.26489306479062,1.26452360034975,1.27192559786517,1.26396946655386,1.26330941246053,1.26330941246053,1.25972879125038,1.2578502739888,1.24873928520474,1.249730686516,1.25001060206348,1.2399431296984,1.23999597146304,1.23939398344102,1.23667269489678,1.24799316524744,1.25051064384137,1.24260734067098,1.22449151983622,1.22449151983622,1.24675750925305,1.27194282601759,1.2713534124368,1.28293169008341,1.28413312874512,1.28381207221402,1.28470412577304,1.27544094265885
An4_Tr34,0.995318284426466,0.994167401792239,1.00933125427133,1.01266237148185,1.01312075595167,1.02059934288149,1.00962263273137,0.996766122735703,0.996766122735703,0.991831907489736,0.985003094068286,0.984452878901824,0.986613897219927,0.982627318366264,0.982322153927348,0.997046484580095,1.00628943896256,1.00768200045911,1.02777653701702,1.04405088302944,1.03759725566818,1.0370154070828,1.02976795945786,1.01459234667511,1.01603079723224,1.02104928293692,1.02511301027488,1.0236080695024,1.01871930776131,1.00916156085278,0.992657526746919,0.992737293939968,0.977439364636267,0.934632778964681,0.952878145600599,0.952735459102823,0.95961756660486,0.967649201461723,0.967660191456033,0.981941891333502,0.988424204847211,0.987181861618574,0.987576532108833,0.976527612620532,0.973438107506659,0.976365957176537,0.965650005148734,0.955279874731732,0.958241951714492,0.951452731293563,0.950478185717497,0.952811052770219,0.952942604775709,0.951594163635221,0.954091209710008,0.953475287722494,0.95171061321156,0.946658920446054,0.944908265144247,0.938647156901659,0.934297077190652,0.957928819339819,0.957928819339819,0.966353036507811,0.980554263175897,0.981122282428624,0.982444926293375,0.979284179577043,0.979130728764418,0.972918605677955,0.974233259834862,0.979658636659072,0.979633149955738,0.987477505896262,0.98596623565892,0.985942087392807,0.972526004272609,0.955201568965715,0.950251684373178,0.949584347143151,0.97329382917143,0.998340003143818,0.998495539439556,1.02574004074741,1.04307524774183,1.04262253886239,1.06723217411522,1.08350354773592,1.08454593783412,1.06676258899773,1.10260096000546,1.13363222299791,1.1331403290931,1.11126091921388,1.14252038322083,1.14650226753838,1.1474072551299,1.13420287234993,1.12241623060791,1.12334837975884,1.1258587345268,1.12676326877586,1.12541157987018,1.10543640943445,1.09170209495799,1.07817993384426,1.07821952907374,1.06642313098615,1.05747006284704,1.05796918665008,1.04557341683124,1.04821776974977,1.0492865799034,1.05209860595004,1.04505366767478,1.0507136795076,1.05110086932022,1.05361311659838,1.05373871765595
An4_Tr35,1.0271000024915,1.03105682378984,1.03449763951382,1.02202529887799,1.02173586237778,1.01469642830132,1.00310059424579,1.00288413924032,0.995147333910216,0.98009792112775,0.98009792112775,0.988979640262205,0.996324745536325,0.978236657870148,0.978767414432834,0.951769069623321,0.992643487249826,0.993209341853623,1.00762967816764,1.02282368274819,1.02303572077819,1.03415357184994,1.04316724145863,1.04805163231646,1.04831836859755,1.05165680456185,1.03900773173316,1.03900773173316,1.02613603984876,1.00888948375005,1.00785263139939,1.0091373283706,1.01481661117055,1.00210268591094,1.00203092329027,1.03209425653402,1.02628601963805,1.0276981841457,1.0320830568923,1.04729512700663,1.04948460347914,1.04948460347914,1.04217067201543,1.03693513309328,1.03635570609298,1.0087150381477,0.990896789816492,0.991566784702719,0.942803839274284,0.938729664016972,0.946378922582092,0.946701172737807,0.959266431560861,0.982717928026071,0.982895162079597,0.995638713313609,1.02499734177265,1.02492023041699,1.05817530087734,1.06575994411871,1.07413156783406,1.07473557835702,1.06673882220192,1.06345732085715,1.06518110663771,1.06116591663378,1.06110688932739,1.04700932986099,1.04551565675887,1.03267859511313,1.0070545383857,1.00842122141241,0.996744086894357,0.987091064017776,0.988505451074521,0.987503189455087,0.986291191373383,0.990298068355087,0.992248588486459,0.989253805729257,0.984269657729179,0.984444171808049,0.979993830843843,0.979052375770706,0.971908801672091,0.971899126221975,0.970921608867385,0.966188857575256,0.96326567667964,0.954307786168886,0.956874351268751,0.956874351268751,0.953386902411148,0.949380286688717,0.942509708564474,0.942659905508891,0.948969555640837,0.947430539614851,0.946603136818455,0.937764089989748,0.935234032558017,0.934443877317689,0.931244788106126,0.934854303188253,0.931078429567971,0.931078429567971,0.927245302720691,0.92472998134975,0.925851646335086,0.930552316779658,0.932427217467107,0.932347799995181,0.932347799995181,0.930045793052076,0.925798398429608,0.926094401821357,0.918215530988517,0.923641892239533,0.923301756850626
An4_Tr36,0.956785564862759,0.98791959417857,0.988089091144402,1.01682211010669,1.03222022791276,1.03222022791276,1.03429388510433,1.04243826271835,1.02740056033525,1.02740056033525,1.0101082097548,0.995580186796341,0.995580186796341,0.9916112132163,0.976206005450054,0.975387143205111,0.973145223634184,0.96649682531633,0.970294921219416,0.973538253290262,0.970431098150358,0.961084893087332,0.961084893087332,0.905037106784576,0.893037213187526,0.892641446538051,0.92646752251082,0.97240570984366,0.990946470974424,0.990946470974424,1.0034644392287,1.00031769188052,0.99984784328587,1.02072530585384,0.99496948873137,0.996215433017314,0.990707848597607,0.948521100721896,0.954222172571663,0.954699228108349,0.961340396642561,0.954605338032471,0.954472064778283,0.968236908013681,0.985237437884277,0.975981913740577,0.975749577807259,0.96813385082879,0.974725841269441,0.974393153980896,0.980831601081412,0.98330096168158,0.9787826958509,0.978626938495551,0.98327511542585,0.982099828955092,0.98202356488327,0.976893169385562,0.967441740057664,0.969670667590006,0.958069481450572,0.950377223445868,0.950377223445868,0.949234940975597,0.943116246841237,0.938455462805302,0.938455462805302,0.941298281823176,0.932695824766653,0.933247536671329,0.933365253086798,0.930998838445151,0.87812434006664,0.877553544258916,0.901704254140448,0.931518708906573,0.935127892939976,0.952107854282091,0.966541608568811,0.966420911159536,1.01208703439225,1.02240206680551,1.04246307698162,1.03844497684802,1.06694507067309,1.08616780919263,1.08545305936873,1.08915549226186,1.09828443204845,1.10720825367536,1.11025410660109,1.10066652816584,1.12279517474003,1.12279109474396,1.11050312926207,1.11896409403663,1.11855568543636,1.11100678029916,1.0851520018819,1.06875630841498,1.06899983127885,1.06300677597191,1.05528694238733,1.05518137682048,1.04390582111595,1.03022334407147,1.03657436938651,1.03599705755525,1.03764106508731,1.04426049549014,1.04449417303348,1.04280560235451,1.04026995773898,1.04052277894519,1.03721114563185,1.03519035831773,1.02954661436898,1.02954661436898,1.03011475537971
An4_Tr37,0.988444436608701,0.991377628168635,0.986234554085296,0.99821703966016,0.99821703966016,1.01338574574463,1.03312818121673,1.03322963451661,1.03072996959465,1.02843964059437,1.02859709682766,1.01523149355684,1.00473049044867,0.965209313212277,0.965978974771197,0.952961209384744,0.980087338088459,0.980613951079424,1.0051862627808,1.01444680172113,1.01286139482763,1.01184486957801,1.02474947916296,1.02771033305849,1.02894319872425,1.03072226542768,1.03278348144135,1.03084765091739,1.02262872202883,1.01054772024134,0.990957403338652,0.991323313064497,0.991780758574006,0.980923207639191,0.981999907046797,0.995999086213897,1.00958571663325,1.00902318491414,1.01553808311462,0.988679716670923,0.98774502634031,0.996624317494425,0.997053744728832,0.999671253353439,0.999844959497164,1.00385168892587,1.00764992274534,1.00450273642329,1.00447916555195,0.995956306288885,1.00539135256445,1.00611069221776,1.00147169238736,0.995243234228899,0.990808453703496,0.98805951680015,0.9818212776618,0.986256455940089,0.981453565583059,0.980119110469477,0.978649323508872,0.978863474148613,0.975849919116117,0.964867185271634,0.96008069392958,0.963280225492156,0.869122321945122,0.870595117525939,0.870595117525939,0.893197515911259,0.906021219759,0.906021219759,0.931513675155898,0.947988733563493,0.943319132625038,0.943319132625038,0.940950631999658,0.938296655069996,0.944489048680452,0.935858638222979,0.930294781146679,0.930294781146679,0.935874472635541,0.931875372884003,0.932436484990777,0.92878546823793,0.930454758320723,0.909942910262595,0.909942910262595,0.826786579530116,0.845327065563996,0.838042719689228,0.855388550885345,0.780428490335709,0.822518465388607,0.822518465388607,0.839734670074609,0.855440356088223,0.85556518838622,0.88651049764992,0.893726706629873,0.893651159702888,0.851019190605119,0.862598247905794,0.878515624991496,0.877891827773996,0.889436486090016,0.888067593477039,0.888485066038956,0.886573262849919,0.883648159459839,0.875722994014051,0.875593926458162,0.87749840404425,0.874184811933725,0.874184811933725,0.870575473675808,0.867520832661011,0.867034503326047
An4_Tr38,1.03840718561041,1.03695140626854,1.03683505447267,1.02380167491851,1.01956541407782,1.00638190946832,1.00638190946832,1.00117451962548,1.00412204346099,1.0040423991948,0.944211188780078,0.960699176526771,0.961391117430627,0.965250885967941,0.962900929609049,0.992094989134705,0.991578055927704,1.01181040079952,1.03239973925774,1.03282786122018,1.05661753208277,1.06544172695209,1.12026576259977,1.1202038205856,1.14581270783216,1.15876922347859,1.16087075723434,1.17019292576647,1.15365546652428,1.15393083366216,1.14288671720071,1.1319501977737,1.13016171659669,1.11212547881292,1.10219984813288,1.09408227947496,1.09408227947496,1.07203725260545,1.07249124528922,1.07249124528922,1.05114254830777,1.04875208193283,1.05517203875914,1.05517203875914,1.05230758706769,1.0416711110609,1.03987247721749,1.02548817312356,1.00002462538933,1.01915555897627,1.01809454876462,1.07733001073835,1.15004235560025,1.14894162812536,1.19698774745325,1.22611918276509,1.22331657561953,1.25117623631284,1.26453391213462,1.25789657775563,1.25448362963007,1.27525388345197,1.26100463437298,1.25601893857235,1.25227041668808,1.26042165649424,1.26024701001315,1.26140430240871,1.2783221780303,1.28881477736078,1.29406954694457,1.29386059162608,1.2896949051168,1.29029369218381,1.25975995394615,1.25068247175387,1.25028931988498,1.24814342060728,1.23266078597566,1.23412440240871,1.22813864072647,1.20958932956111,1.19765085404033,1.19745610080847,1.19526373634539,1.19134901564493,1.19857472079283,1.19632407511703,1.19701621290395,1.19782128133995,1.19967660531679,1.20472971876766,1.1986114285559,1.19639362495772,1.18501569576995,1.1736870945828,1.17221027217929,1.17664019582147,1.17099113657374,1.16869265105644,1.16869265105644,1.1675101608977,1.17318090376814,1.1729772427601,1.17101021309357,1.1748473948076,1.17118094476221,1.17154947246568,1.17286711434544,1.17139682801578,1.1704225794659,1.17139294729699,1.16821903850654,1.16936834186392,1.16964926002727,1.16525713935663,1.16348667495358,1.16234040295507,1.15648773382413
An4_Tr39,0.990624002811181,0.994831009580304,0.995307052196042,0.997460352583672,0.994133034424863,0.996497474403121,0.998065627827666,0.977405223009535,0.98151146871313,0.957644693131851,0.981771135940939,0.99106613097059,0.992578308098823,1.01427995193159,1.02696844151356,1.02679327962471,1.02690859682132,1.02948309196812,1.02667112444899,1.02880238316272,1.02657412348574,0.992228670789474,0.992228670789474,0.988683640471678,0.979987717428363,0.995673257542098,0.995742597912755,0.991834182783779,0.988838018145278,0.990945754141964,0.990550291338177,0.990489174599679,0.990848268852485,1.00710296963291,1.02734021921066,1.02130141720989,1.02217397119206,1.01907852995924,0.981350457099544,0.981289715704196,0.963185988967613,0.977859482436411,0.977673152065675,0.993963572484662,0.996279850238388,0.988305035619431,0.988601845445305,0.960044186411962,0.957814263573555,0.957962345315825,0.957371466332306,0.957848279006283,0.957714358768236,0.962518143146189,0.958949031032311,0.956705450987537,0.957421830914924,0.955900542822424,0.949073635519172,0.951081680463649,0.95522440246065,0.951587721831673,0.947529482362889,0.946975228326627,0.946775615563222,0.948644591099347,0.948866281868837,0.94149064281057,0.945670579580908,0.945670579580908,0.945879107680648,0.944272776560369,0.899295915204994,0.899231320591576,0.896036605035082,0.895959414223105,0.895959414223105,0.915410604804288,0.934602765047556,0.938894102973789,0.879244668299897,0.907966296498062,0.917848377725274,0.922054848872025,0.94744403858036,0.971715312669135,0.972092613100394,0.999469739876694,1.0324981891417,1.04434891287263,1.04475072105047,1.04245143197482,1.03092789881627,1.03111505390614,1.02453758317974,1.00974277620671,1.00974277620671,0.989595128040636,0.975669799516933,NaN,NaN,NaN,NaN,NaN,NaN,0.799309101962127,0.840015181352534,0.840015181352534,0.878871752979039,0.914095816647722,0.914095816647722,0.917566166450221,0.917577329203811,0.927986088062895,0.946207050801645,0.954408544693675,0.954355376460344,0.950653064484425,0.936129742940394
An4_Tr40,0.983726772680901,0.983401726032312,0.98419388193707,0.980927111701795,0.988098622890467,0.996453791063742,0.996517823116969,0.995629112691835,0.999246938703254,0.999204457222941,1.00861797512598,1.02441307577934,1.02425213969282,1.02090911210196,1.01428631160811,1.00265118928174,1.00169939549015,0.994178066812559,1.00159249606605,0.995547111908966,0.995000890562913,0.985502931961909,0.985018091292026,1.00839644823321,1.02722431903857,1.04864496546099,1.04694455650798,1.06632159640805,1.06983504854092,1.06952808274086,1.06609988695823,1.05385298622923,1.05335313893662,1.05773517607358,1.04843233709938,1.03792636048536,1.03975887414187,1.04347865181824,1.03619959117754,1.03785618865791,1.03673082529155,1.02310178408859,1.02315082882188,1.02337211159692,1.03257651702108,1.03516765181499,1.03633354455225,1.02991633639006,1.01859589029014,1.0166657507792,0.98822456153279,1.00969570960975,1.03206447813854,1.03241589906165,1.03723722405348,1.04574464443718,1.04618955973306,1.05984588912032,1.06322682782272,1.05069500689062,1.04987505151352,1.03459310665493,1.02042667176301,1.01848330154611,1.00553008314545,1.00551421940875,1.00674459876712,1.00012963095453,0.999201005998391,0.992537909193316,0.989823050038933,0.986872708380736,0.972394017820057,0.97224746329015,0.951395027160901,0.939474242081693,0.939348810910744,0.936969021452416,0.957275851197281,0.957283785369587,0.957384821700826,0.966921024697942,0.972394261021667,0.972394261021667,0.970448039470122,0.968167687980861,0.968167687980861,0.968081933980726,0.967650610052235,0.966326174867659,0.966300209219125,0.968523215401455,0.971361845882714,0.970369381207089,0.975961457120814,0.992659639367289,1.00864978772451,1.00927335199223,1.01486507412488,1.01076722073258,1.00838101429427,1.0010528438747,0.975768626485758,0.978543641114921,0.979934804652488,0.957347546129904,0.975042195318144,0.974720785219591,0.992369069551545,0.98893393568135,0.988964255640739,0.969329511618767,0.956279766296825,0.952632328209788,0.954440102085328,0.941621768615323,0.939538535636131,0.939538535636131,0.932906381481097
An5_Tr11,0.790618757637364,0.788650075196898,0.86433932162097,0.86433932162097,0.987129056823678,1.01100462212,1.01099666610231,1.02342907119209,1.02995670771652,1.02894157534558,1.03764410746321,1.04109000558684,1.05405646636177,1.05405646636177,1.06796082464259,1.08215699002414,1.08166138221716,1.0935577525116,1.08841082945454,1.09537660286405,1.09537660286405,1.0973165327117,1.01987621446501,1.01948663920066,0.994203139181558,1.05573274993623,1.05192393299334,1.13226976050247,1.17168000168965,1.18122029999555,1.18932668171589,1.17863748819324,1.17475164825394,1.17475164825394,1.13525566066334,1.07530705272894,1.0721920438031,1.12747493454559,1.13125567572438,1.13975573670228,1.14006149505374,1.13447032864157,1.00765059094737,0.999546282499211,0.923311059294558,0.926308918298712,1.01387762818036,1.01387762818036,1.06534813153368,1.03509887462306,1.03369029410229,1.00617472162302,1.01226836129372,1.01524838562679,1.00429602238232,1.0537917342783,1.06431153231866,1.06570479658637,1.08649594071304,1.10532165791085,1.10608307656759,1.11716869775214,1.12053430288614,1.12186208233892,1.12026518367295,1.11466953535396,1.11203648483668,1.11058265264196,1.11672901054962,1.11148302067658,1.10942068249333,1.11747881372152,1.13156338348135,1.12803325937573,1.13504142442352,1.1334664560023,1.14336487224096,1.14130616540479,1.17886518698086,1.14020573906261,1.14431485785636,0.937875919745558,0.922991768794343,0.854926126372271,0.854600588205979,0.829491716660955,0.833453280826183,0.833077370069302,0.868613288421519,0.908672335093359,0.912559479324676,0.942576453045929,0.957236346293193,0.985390833415958,0.983831386273079,0.997929624384296,1.0139777882067,1.01258103156983,1.02262026522883,1.04840194158259,1.063225529255,1.063225529255,1.07438916990825,1.09063608064645,1.091538845092,1.09534513608949,1.0800287098034,1.0800287098034,1.03104868160955,0.949724500301808,0.941014648685492,0.941014648685492,0.989908459116706,1.02156651799142,1.02134791377634,1.0722592830366,1.09721611969088,1.08605616575974,1.08256762235732
An5_Tr12,0.987353059392527,1.00207268400743,1.0157205296224,1.01263773824813,1.01545225595615,1.02132150843996,1.02639269634721,1.02760274562817,1.0326836713269,1.02442586917908,1.02448376753997,1.0473585680573,1.04937368396143,0.992451326680427,0.99285900778878,0.952598916754533,0.945031159171292,0.945855259999429,0.884325551898864,0.834314196274014,0.821160818438917,0.828980208702534,0.890340746671015,0.958979847911817,0.960123662386552,1.02690131295932,1.08394559619462,1.08556390982666,1.14699706883091,1.15009914189917,1.15009914189917,1.15066469079975,1.14185982319144,1.13362390471795,1.13362390471795,1.00758794517703,0.932094770512371,0.930851902676747,0.912702468653531,0.936557267797724,0.936557267797724,1.02033550380332,1.07639761823415,1.097899125026,1.09761749284347,1.1042047088089,1.10305967902927,1.10212963034955,0.960505345991035,0.984111479949854,0.987462780071036,0.982647840104661,1.00022503490264,1.02731380010578,1.03252163756145,1.02803049664085,1.04377791376186,1.06905302127304,1.05930694635252,NaN,NaN,NaN,NaN,NaN,NaN,NaN,NaN,NaN,NaN,1.099556886223,1.16998141826889,1.16961141923803,1.22949579340121,1.28475499527584,1.27993222095423,1.3250599122355,1.37010495978573,1.4141428465796,1.4113140835729,1.4768502443492,1.52323978251406,1.52323978251406,1.52985695278387,1.5222593502723,1.52291350503328,1.5150552932112,1.5253258337808,1.53927141632487,1.5392935641187,1.5312112905406,NaN,NaN,NaN,NaN,NaN,NaN,1.03223370673687,1.11205448868422,1.11186907406894,1.17555442237948,1.18001453654317,1.18001453654317,1.19451087805177,1.18177194591343,1.1967799794119,1.19590694962006,1.20640248487676,1.23699641163323,1.23649292734297,1.24089738312078,1.25732025924199,1.25840936762735,1.27296437155854,1.28851593276946,1.28891298040941,1.2844495857337,1.2789716332945,1.28172574640851,1.28266742814835
An5_Tr13,1.08374089339499,1.07971942036484,1.08220284768291,1.07968824898232,1.06967704148119,1.0696568395071,1.07824141431348,1.07179212435128,0.836644511054373,0.836647006042002,0.843856535916629,0.931001618072885,0.931320488893021,0.978958785548627,1.00423607830815,1.00822227950562,1.00763266235738,1.00566724031725,1.00109396390596,0.999270741183568,1.00260777505672,1.00316062053979,1.00796122778056,1.00796122778056,0.996813966088158,0.998675969367311,0.998328193195756,1.01482637832789,1.02792038592274,1.03105461734102,1.035295429345,1.02983853445515,1.01520765028569,1.01520765028569,1.00232736673988,1.00114107275794,1.0020347949701,0.9978047234599,0.988890469466028,0.988890469466028,0.939711072488202,0.90316892668759,0.903748328125839,0.903748328125839,0.920552043790927,0.931617986118439,0.935570675497926,0.926085960174526,0.93116332325968,0.930667827927878,0.932887335025041,0.878029789796437,0.860962349223825,0.860975314851881,0.8729854129039,0.881554234233442,0.882371963091499,0.890508103996586,0.895347666331433,0.891214882131235,0.892032353645378,0.877217250690575,0.867836894182297,0.868023442769461,0.867645517250253,0.863456917263348,0.860350339775846,0.883702862871573,0.881241904782763,0.882004565553397,0.880008444535131,0.891214372858217,0.904158781232277,0.905589097461687,0.905277136796401,0.908723227118026,0.904457279426918,0.900686530453201,0.885004565593623,0.752627640108704,0.755666954295943,0.72489524701238,0.720599813538562,0.720599813538562,0.635256811342926,0.605373051453929,0.602833012062946,0.600643846849802,0.626007935843075,0.652220271494355,0.652122106426462,0.669223767759025,0.688289886103053,0.688276176397736,0.701088423064003,0.703675118535739,0.706696514933224,0.706396789092301,0.706521366677083,0.715859370827032,0.712504568342148,0.716989522395196,0.723307349537796,0.72314809918364,0.722513577316733,0.71074309958306,0.64962949636005,0.64962949636005,0.62563875779567,0.63327495367789,0.630366031988321,0.638641463098948,0.675666504981747,0.675666504981747,0.707585688568281,0.713078649356076,0.725817505613222,0.725158722153553,0.727054739901244
An5_Tr14,0.991686954539208,0.992019545322056,0.988821286607815,0.985297907990711,0.984357237664222,0.989421899550169,0.98455552043464,0.98877305662307,0.98877305662307,0.992864997354053,0.985067992119393,0.999363804181621,0.999748106519076,1.00258783574146,1.01347003433994,1.0139078443104,1.02581738953166,1.0385364018784,1.03492912866903,1.04394339891651,1.05336643798897,1.06580998531991,1.06607061674664,1.02721246864492,1.09283380975177,1.09184520001587,1.15299546252964,1.17596927526464,1.17938142619576,1.17938747538697,1.17818801881375,1.16030372500128,1.1607697715643,1.14802232867028,1.14067808996167,1.14076721256875,1.13346814278849,1.13143117865959,1.12293972845137,1.11872637825751,1.11571333624034,1.12194625948911,1.12513540690696,1.12110957802985,1.10683574826538,1.10683574826538,1.09673113613097,1.11344093033397,1.0968610821284,1.0968610821284,1.03215384129672,1.04483488233283,1.04470705089698,1.02780065006699,1.03829639186905,1.06129695338611,1.06315463272241,1.09025368936006,1.09033924306395,1.08965698565961,1.07369633929664,1.06796067860915,1.06796067860915,1.07832226261333,1.07277867096553,1.07510666037513,1.07510666037513,1.08492311505374,1.08343607241586,1.08068640784766,1.09204167223986,1.08156756535005,1.0802190248753,1.09255784608762,1.09378043675248,1.00301775758597,1.00305021731986,0.966223431950594,0.905292460103155,0.905355172725365,0.841232433802933,0.796684359515196,0.798172933387099,0.81384764490689,0.866609446504974,0.904576492997454,0.900052732562428,0.929205209812735,0.926951774539499,0.926951774539499,0.937031157385489,0.925300820156388,0.933030386601644,0.933030386601644,0.922670187604243,0.937267258312217,0.938790956845177,0.935263060340632,0.935726340299322,0.948370478899781,0.948370478899781,0.941944465254019,0.877095799692409,0.876157157958505,0.893919249826953,0.826765699842137,0.828151835236239,0.848498408671856,0.830584435440581,0.829900601803425,0.90283669643903,0.970272120859263,0.971386118394464,0.971467626009194,0.971418091911116,0.966181728515076,0.965801581116981,0.971907476383081,0.962122083276077
An5_Tr15,1.02131206621418,1.018905701602,1.01317842826507,1.01317842826507,1.03148100704913,1.03098552697461,1.02995743584417,0.993550241568627,1.02305831037502,1.02365514286796,0.978528531386262,0.936665500455409,0.936665500455409,0.94305372324547,0.958411490215193,0.998133384525337,0.998133384525337,1.02434894869009,1.02679724747566,1.02513172296622,1.02181202551265,1.02185884738668,0.859873642541199,0.859243748362012,0.844517436460151,0.882140906024948,0.882737495469336,0.959599086614221,1.00933669842439,1.03243626436684,1.03243626436684,1.04707241326083,1.05193709346995,1.05161458146955,1.07015735240209,1.06821971455013,1.06832110673817,0.947374914151187,0.930902395168113,0.984169650712773,0.984169650712773,1.02267232139123,1.0374257714649,1.04609047002298,1.06458105520748,1.08242955782139,1.0899145704185,1.08795759155787,1.11456867177968,1.12699293793522,1.12699293793522,1.13628030104238,1.14764822611579,1.14671967840781,1.1603022222173,1.1673519311851,1.16674167512366,1.18121313243871,1.19065635093936,1.18435033095129,1.18336169735918,1.08841591927975,0.984349437464891,0.976520098096489,0.913529939050956,0.874274611361289,0.923420769303954,0.92690079903086,1.04442906473449,1.09261575471927,1.09268994996727,1.14556355403895,1.17370658069061,1.17981796270435,1.17985199698963,1.18135349723018,1.17029881982457,1.16289877077697,1.15111259789445,1.13261785038346,1.13284357723966,1.12491459602949,1.12851823452567,1.12968814071936,1.11182881886537,1.10323333859514,1.11003770446391,1.10934677346646,1.11396099205197,1.12175356737703,1.12345824044928,1.12807284178914,1.13152713963253,1.13465765646697,1.13542466138438,1.13189771086068,1.00591122291378,1.00552499733119,0.951648334054937,0.901986905705196,0.900699215259817,0.906545659223003,0.904155527897182,0.938168687448019,0.938168368965389,0.960622446327008,0.977461154518086,0.979688139265164,0.982811876154645,0.984667919925998,0.978504956417736,0.978504348050772,0.985587990417788,0.982230416845932,0.981411367048826,0.980543721063497,0.985843250669864,0.98377127105158,1.00014697823031
An5_Tr16,0.908305938719044,0.91929022902521,0.921017180518044,0.94584444012862,0.990582129175947,0.991673276783732,1.00848125137547,1.00642623975939,1.01056400489227,1.01127119965548,1.01484687527442,1.02296589396413,1.01739173560564,1.0227260706239,1.03922557991164,1.03924090439007,1.04407682689487,1.04096037371996,1.04510984958217,1.04486331941014,1.04810653961457,1.05777509145302,1.05752570922294,1.09759314151002,1.13115620884294,1.20005209036021,1.19957595534298,1.29237151024868,1.29736815816659,1.29917328654611,1.31522400804768,1.31210324811443,1.31210324811443,1.29819556225861,1.27933685352073,1.27296593416608,1.27254832051735,1.2638953135264,1.26638051563022,1.25833067306188,1.2606180927579,1.26751267570171,1.26558910018379,1.26466311343786,1.26397362136729,1.24466087227669,1.24483228110888,1.16178905844675,1.16266518502726,1.16088870785098,NaN,NaN,NaN,NaN,NaN,NaN,NaN,1.20833894162256,1.29636688861793,1.29455544244205,1.35678996090136,1.4131649063887,1.43935636631678,1.43935636631678,1.46285530995459,1.46259010512896,1.46393390243436,1.47025651927232,1.47200470292264,1.43431660879162,1.3966285146606,1.35894042052958,1.32125232639856,1.28356423226755,1.24587613813653,1.33590448761772,1.33590448761772,1.34558867282504,1.35329489025307,1.35353604600519,1.37062198462275,1.3974088972918,1.39946487369633,1.40040948137273,1.39658111947837,1.38330316477318,1.38906093873323,1.39412632989498,1.39287874092567,1.37891907318244,1.37891907318244,1.38422345704309,1.38703988405727,1.3860588460309,1.3953827858293,1.40128263141799,1.38966794418216,1.37805325694632,1.36643856971049,1.35482388247466,1.34320919523882,1.33159450800299,1.37101539709746,1.37031560873237,1.36907184975587,1.39877424141778,1.41073394929249,1.41035986869228,1.41476571670108,1.41021266527299,1.40921922873852,1.40824317860943,1.39289942571682,1.39241890033177,1.39251222308961,0.938272272637416,0.936536055902925,1.01496381477554,1.01182427825542
An5_Tr17,1.09140266222821,0.912790054139139,0.898188858797966,0.92899095441391,0.949084796826628,0.95064624725368,0.959172427725158,0.97273327599963,0.97273327599963,1.0007674886706,1.02462756121967,1.05029665105025,1.05033304134876,1.04892463411414,1.04939164338794,1.04087211480383,1.03669334171819,1.03144872863125,1.03090224167143,1.01959582152522,1.00843980362488,0.99046827749765,0.991411097986743,0.997615869522758,1.03648154830934,1.03541512953319,1.07806374859138,1.08939753714132,1.08191248737014,1.08183668099869,1.06120787100462,1.0479637230262,1.0531029214455,1.01199133930123,0.860245752375559,0.861093157558677,0.843607352367172,0.925643948100095,1.0045161097114,1.00554507343492,1.03521981722841,1.06591926214474,1.06686605822683,1.07246702940081,1.07878192226418,1.07932598019114,1.0804311734157,0.992100856142979,1.01575596632723,1.01787087341061,1.01832903139056,1.03647551305911,1.03711756527722,1.04294589718164,1.03845513142745,1.03879909342964,1.03156593089684,1.02209135594822,1.03251557165637,1.03251557165637,1.01642852811941,1.0196440850264,1.01853125400309,1.03579688387747,1.04182509974944,0.996306709286094,0.996615150590387,0.947844340432378,1.08721207704087,1.08785443634533,1.07112734266206,1.09937634127001,1.10518252820209,1.10518252820209,1.1075130376474,1.1144365064151,1.11456993341415,1.10665235239264,1.10069640747105,1.10196053399812,1.10289093061319,1.10691504068814,1.09993249457176,1.10091054117498,1.10353309698934,1.1035212518138,1.10429221006433,1.10227681256234,0.971111928966752,0.971552442354837,0.885990553293208,0.912538547210216,0.869122036360318,0.86911571105608,0.912912174218019,0.99060070811824,0.990361675245808,1.01741987852708,1.04369989743605,1.04369989743605,1.03316948782058,1.06024011694062,1.09269714938544,1.09269714938544,1.08535227316633,1.08604998512339,1.08477582767786,1.09482863641331,1.1021486220998,1.09293727568646,1.09293727568646,1.09802933200017,1.09791999809552,1.09811916850055,1.0913905409063,1.09692850638579,1.09766626866425,1.09853930495616,1.10359259084787
An5_Tr18,1.01104399112404,1.01501394188387,1.00190862757233,0.999886714278664,0.995581932990985,0.995581932990985,0.98812194251,0.98689672660552,0.981945264880814,0.984715596641427,0.984773864517381,0.980949771980104,0.980086002091824,0.991651977625855,1.01126649320748,1.01069456329469,1.01370679827613,1.03294989566282,1.03322396186511,1.05342524864517,1.06822347624042,1.06834052080836,1.05882944891133,1.04862956087868,1.10978734062406,1.1092103775733,1.15055143934048,1.17507910662486,1.17764991439561,1.18113641603618,1.17211714455366,1.16550777987996,1.13787066184489,1.05420330148813,0.843515231849457,0.845378546955907,0.820319329989148,0.851593739070658,0.855534887349244,0.892423231634948,0.945226242899259,0.955053775872938,0.953833012530101,1.00096516131463,1.01634060590868,1.01694486214518,1.0178452663565,0.984284594251939,1.05792011928821,1.06346014642019,1.09852172438886,1.1153888876381,1.11340943175397,1.12657626154491,1.1248080428509,1.1248080428509,1.11562451063672,1.1064926819655,1.10786270760035,1.09987368914775,0.957454137549164,0.76386772662054,0.764288062128757,0.769397324810245,0.714830810947852,0.716341891285394,0.811216991624166,0.879321369853601,0.896426797560934,0.896294252301732,0.904959905329124,0.924583523745916,0.925238387331425,0.945441784836458,0.938856240471836,0.939123533964235,0.946671369936155,0.943479040131219,0.940876403968085,0.939941796119451,0.94209026624661,0.940753399570189,0.938266052242542,0.948092090557204,0.950360699422033,0.959149120889266,0.950123302588215,0.977928479523211,0.949998700869948,0.948785583243054,0.87143137089722,0.867908723885014,0.867855802063581,0.8416119007362,0.864343989140198,0.910018158374918,0.91002001001749,0.915190068921966,0.918892089039544,0.919516144119325,0.925246290528614,0.93002751611413,0.92566463559371,0.927407543424476,0.926934862324023,0.930211814478403,0.930211814478403,0.929803592026817,0.935165721003791,0.935449676296163,0.94342038173601,0.914332942765889,0.958929714437349,0.959621128378267,0.939668662581622,0.873967347122721,0.873611340742115,0.852598419137839,0.870503501365779
An5_Tr19,0.903414012848812,0.913458815841194,0.922289763850602,0.920593234933103,0.922107744518666,0.938437079520697,0.932552046374374,0.956490313714118,0.936225230829574,0.923098371887312,0.920818706592223,1.02678692602433,1.0829930410724,1.08281264607307,1.11417053608425,1.1250471246312,1.12993849295031,1.12968718225717,1.11907872999659,1.11578183778254,1.11620927024102,1.11154470859421,0.952461859861198,0.942222687441414,0.904927500469182,0.928165578256728,0.991878472757907,0.992406906329637,1.01517676741333,1.01004790629888,1.01006069918954,0.995580159681629,0.977678071971216,0.977545074129501,0.973204724086195,0.968617298092513,0.961624686889891,0.960262100791352,0.96834628929329,0.969457897171843,0.969544818383709,0.97436640055252,1.0026850287878,1.01391577814482,1.01446700571202,1.03196407925146,0.927376079498868,0.926327325645885,0.890207692953752,0.868066237164988,0.868701624227072,0.910511074120736,0.967289096891144,0.997167124436805,0.997167124436805,1.00415853591572,1.01854025594203,1.01667893122011,1.01300850659815,1.12099711434028,1.18135176297613,1.18135176297613,1.21961854998528,1.27385269101977,1.27455739513494,1.30067841498829,1.32359056568396,1.32849335073474,1.33071643978565,1.22182969835647,0.892183764596259,0.839931971105426,0.794565894136461,0.761918328332239,0.761285130889968,0.768986997112508,0.850866507360775,0.851108981930306,0.89499037208896,0.899866461922387,0.907302647001176,0.907289442143899,0.918860482319121,0.927049554358266,0.919631272727489,0.917865192479249,0.916499400449997,0.922139789328516,0.927765192558485,0.926642276731502,0.765378386141335,0.762631125073641,0.678023615204318,0.725487513329647,0.725064829265598,0.728660176499636,0.757093944325452,0.741033150441437,0.740991869246924,0.726431262271979,0.782441178099911,0.782192759348507,0.900829049142731,0.987130371238835,0.987130371238835,1.02882425076711,1.04590602699446,1.04679517629907,1.04693461957792,1.05798936625441,1.0519544857585,1.04861687121853,1.05515197943055,1.06356923531009,1.06206968702174,1.08376743034164,1.0972490024539,1.0976569538017,1.09575329798421
An5_Tr20,0.965611596935213,0.970633492487463,0.969915055961917,0.969220492035109,0.971390280538587,0.971893403355826,0.989502775056183,0.999473274052363,1.00004257986097,0.997429029673715,1.0036678679619,1.02571971539984,1.02642604627712,1.03307641770987,1.03045643296926,1.03084370078491,1.01504159973226,1.01078933764848,1.01886690155902,1.01895606061794,1.01876976052828,0.998528238647156,0.998335634157842,1.00568094099627,1.02110512628231,1.02089829810414,1.02528442756447,1.03837274249932,1.04649762816411,1.04573071530593,1.01315167559137,0.996261459722848,0.996296700817923,0.983446817575205,0.951334183388139,0.931186330699619,0.933711080343559,0.948905141408635,0.962615335501504,0.964679240905908,0.972831174696801,0.992159993949702,0.99251720491861,0.992201500272421,0.979301014657516,0.979461658029509,0.991899379370292,0.994728271504353,1.00052522825826,1.00058437233806,1.0168287781072,1.03250432903493,1.03271275543214,1.02716460907274,1.01787783297024,1.02936740993525,1.0292660425522,1.051793999148,1.06523954599008,1.06510773140688,1.08332334174252,1.08527722528875,1.07086189636686,1.07062040948889,1.06729043315904,1.05146356830156,1.04978317893164,1.06024200565016,1.05760196819469,1.05875279091839,1.05178650202926,1.04021334650787,1.04655907590175,1.0459315030045,1.04814500925474,1.05304961701561,1.05304961701561,1.06630095743058,1.07227627130184,1.07101401750334,1.07803160089577,1.07582332757622,1.0849745459669,1.08451370301563,1.06996755829,1.05683566177229,1.05762209666178,1.05185875087618,1.05349675561079,1.05352992606446,1.04946578940032,1.0599226721552,1.07208445255018,1.07209463496627,1.08428307643896,1.08295699473587,1.08459955138929,1.08438121738451,1.09753417685224,1.09630542744601,1.09609864368585,1.09987105521403,1.0942588879906,1.09573236057162,1.10887943089028,1.09921858383703,1.07941276745948,1.07941276745948,1.07364675174005,1.07048607235239,1.06611686581154,1.06613260509608,1.07123194387994,1.07120302655288,1.06412971290648,1.05737735493095,1.05782914015448,1.04689473289242,1.02827247159449
An5_Tr21,1.11107746315069,1.10940159883777,1.03236004218659,0.947272511430715,0.941372278607133,1.00607743062756,1.02308289860326,1.015134237554,1.03959069133652,1.05193607653848,1.05092906838114,1.0582972015173,1.05467541207037,1.02229938603756,1.0215043184978,0.861258991939045,0.868247557330305,0.862207745030872,0.923275090322887,0.965361897720543,0.968888517916146,0.967889101748045,0.981308931307675,0.987525441801749,0.987003302656155,0.988077650569365,0.986542594780742,0.981777567259025,0.974064752404341,0.975252718473257,0.961316245271652,0.955565225359244,0.772483949642025,0.804348967921019,0.804348967921019,0.832092402718592,0.832034935001658,0.832530132853915,0.89666856025503,0.938302331176353,0.946364637099588,0.946364637099588,0.936658901258915,0.946796445722823,0.945641307390149,0.95382132425349,0.950460136211796,0.949085648455692,0.948735848353005,0.861276794869602,0.834476086839863,0.835322082522033,0.81796939417369,0.877821410912351,0.877537695903317,0.965029389042392,0.991356279732693,0.999089316088461,1.00090234432629,1.00792241206879,1.00702488854989,1.00893015115372,1.00910700319537,1.01122082226534,1.01838002044196,1.01838198583142,1.01593738539698,1.01946336610554,1.01613079956969,1.03428437643337,1.05196598028341,1.05493170285623,1.05553736525784,1.05355754090454,1.04905909455299,1.04979972980387,0.939948113424528,0.86835536981833,0.855565078542985,0.830077583597269,0.832259510916174,0.832259510916174,0.881627546810795,0.906645732736198,0.914743044442505,0.914198221762166,0.917456649766371,0.922921213733572,0.920921721105843,0.917318861798237,0.91576587279747,0.921262480563831,0.921262480563831,0.923380354159406,0.924250891715904,0.924644596631074,0.934076119039335,0.949323689161027,0.952129133819327,0.956651554470538,0.861616578097821,0.743938993913217,0.745013049035867,0.760802907244042,0.811077699788929,0.810869578232582,0.867909258045058,0.879268870983989,0.868328739162817,0.868420216313424,0.856556233089108,0.852020581900282,0.851861046331535,0.849351315583036,0.842801949793501,0.842801949793501,0.836892731763597,0.838535953983788,0.838386315294991
An5_Tr22,0.971025855051265,0.968247769377533,0.983205433638485,0.987612002322212,1.00617532911492,1.00669537836318,1.00741160089358,1.00935625176697,1.00925581931728,1.01272374443352,1.01266081936162,1.01276303074385,1.03431236609418,1.03535096246892,1.02908282393856,1.02891305953483,1.00954227149187,0.937833249645468,0.937832232441748,0.832402618573666,0.874088023956753,0.876003198526496,0.938308335112877,0.985371155451867,1.00328863590311,1.00191721926106,1.00944398919537,1.00557130569276,1.00697905947443,0.981533235952287,0.921404409784667,0.967382871276927,0.966864943507541,0.995084470401255,1.0049550057955,1.00530959128731,0.998780850337045,0.991931797451356,0.992014553612199,0.973184508965348,0.98314244803132,0.999379975940019,0.998974760594994,1.02348644615692,1.0335686985388,1.03349343076573,1.03408820216288,0.985113707654684,0.986312963609591,0.954069692401516,0.953361308792289,0.991149495605402,0.992938512966409,1.02006072801105,1.02692426281268,1.0261730870359,1.07981747078635,1.15691979288893,1.18715018363804,1.18715018363804,1.25190146041564,1.25332528680358,1.28569676187555,1.30952906899897,1.3329983217503,1.3329983217503,1.34567081432293,1.34724877473249,1.33059662850093,1.33059662850093,1.31115466192823,1.149253230163,1.14887919959918,1.03912223423339,1.07173826101529,1.07037912213415,1.11074370139671,1.13641405774215,1.1459080713994,1.14642814379439,1.15664718408383,1.16494666899921,1.16540119576452,1.1689467369539,1.17096744250634,1.17106924668885,1.17098879835777,1.16993275422025,1.16417344422032,1.16417344422032,1.16948343905558,1.16494184669765,1.16443179883849,1.17625170253608,1.18214734767109,1.19051601482691,1.19051601482691,1.18403783925182,1.09936886253061,1.09881658565289,1.03506455560949,1.09930884937905,1.07163079633749,1.07136656296837,0.931841236903971,0.897821059322403,0.897976067091769,0.93638313249608,0.987932281161808,0.987112455118233,1.01400709501922,1.02158539166868,1.02231482199811,1.02036291805633,1.01721685984362,1.00917094030468,1.00910473559718,1.00838689440911,1.00566946985287
An5_Tr23,0.90019223614888,0.887138975280671,0.887138975280671,0.968458958364761,1.01087508560675,1.0086200183349,1.04447058453278,1.04261187167665,1.03417686721944,1.03417683923759,1.02158026125985,1.01876763929526,1.01925777510991,1.02354762853383,1.02224129336556,1.02242476140857,0.976365183310294,1.02607820182036,1.05187684421326,1.05200387703093,1.07874953813751,1.09563572920562,1.09524827232677,1.02205693748693,0.938222270327166,0.938580918064962,0.980570062949948,1.03390728798441,1.04066130755149,1.03875238101267,1.03744229636628,1.0359850195608,1.03619033619431,1.03074027402345,1.03023660246015,1.02971951064476,1.02906523102697,1.03646841328676,1.02988063555876,1.0282855455315,1.02264884227329,1.02987942714835,1.02987942714835,1.02904033883574,1.03113310942775,1.0293052129566,1.029841983734,0.97775037136747,0.913740783491996,0.913740783491996,0.94452306733814,0.861266060531241,0.856577596261682,0.853627073970927,0.798875524972612,0.863822792010363,0.864065422169527,0.9557805004865,1.00486905514889,1.00248583920158,1.08737386212192,1.16705467412248,1.16705467412248,1.18427666328791,1.19807342015522,1.1984523063236,1.19893685686515,1.21213054568579,1.21783686236897,1.21391664179259,1.20999434088151,1.20587377780714,1.21448739561724,1.21875080635411,1.21656360747586,1.21074538343917,1.21164723450263,1.21265594661858,1.20814665871765,1.21333162484699,1.21333162484699,0.987176090041946,0.843869369466177,0.843452654337198,0.817068282021595,0.855897688138849,0.854745284463041,0.962039584404421,0.995429270632238,0.99418695990427,1.00727317353855,1.01330427384907,1.01227042113002,1.00771137999287,1.01008610925613,0.996068419214965,0.995889398986534,0.991786709441748,0.991198482873849,0.991906015108071,0.991673417962924,0.956698331792089,0.846617200801141,0.846645641604087,0.896586634812757,0.946116561667974,0.944491001826037,0.981671457437591,0.987017399307338,0.998078341766261,0.998078344560766,1.02249357965378,1.01778431136226,1.01784416092228,1.02066329334312,1.03301787159779,1.04451337695944,1.04460620217704,1.05045606194268
An5_Tr24,1.01012833885194,1.01012896331454,1.00957312644536,1.0131152879765,1.03161210886029,1.03249485131183,1.03693502591809,0.92759032439353,0.926982475823144,0.949095987681969,1.00751035027973,1.00763103288397,1.02180151848306,1.02195513037758,1.00929550999293,1.00841082090393,0.996060737463064,0.992456680015841,0.987221729022714,0.975657106264448,0.978032987265363,0.978032987265363,0.973559516466402,0.954599269385107,0.962330987911438,0.962330987911438,0.9972069842063,1.01533129909048,1.01541529181823,1.00755540707005,0.995541538867493,0.996249094642863,0.987385873799847,0.975552775575774,0.968186644000071,0.973459560298308,0.969823677057243,0.960069085148678,0.966329593143443,0.963128392206078,0.965000283930173,1.01389499203863,1.01359265387017,0.953015869455185,0.967424073152896,0.966485741727364,1.02252761624983,1.07851132658222,1.07832833237657,1.09849363686134,1.09414852334914,1.0766200444791,1.07297787947508,1.06433683437733,1.0633739759379,1.06349343306958,1.05609907635042,1.05987000384031,1.05985050752534,1.04526464861705,0.962973778420445,0.931393799322972,0.931393799322972,0.808656942610839,0.795986215835376,0.794484428557951,0.807100584533117,0.785297226227837,0.820334124409093,0.820291697896461,0.856793774325864,0.878034817302054,0.875838919528502,0.891185983283158,0.898102810181432,0.905355528371951,0.905355528371951,0.906116062812321,0.906093266673726,0.907771008269129,0.906920481259841,0.838642287319913,0.839593915535119,0.73166658462668,0.751622061701582,0.751504669924051,0.758508367886374,0.78935314025952,0.821977200520769,0.821977200520769,0.842210526943828,0.840041884269943,0.840792941962708,0.833154230816585,0.833506802143488,0.824835824153787,0.824683522883313,0.829959120872987,0.834620017845916,0.834758876689236,0.83538551832285,0.85958203976204,0.879985667692059,0.882557497867912,0.898235408518097,0.899324335943039,0.899324335943039,0.899203366171821,0.857359261604977,0.85676626863396,0.807617348710854,0.740638718056893,0.824764117811968,0.824764117811968,0.997171590363517,1.01800203592042,1.01455314531525,1.05871636668886,1.08239317182003
An5_Tr25,NaN,NaN,NaN,NaN,NaN,NaN,NaN,NaN,NaN,NaN,NaN,NaN,NaN,NaN,NaN,NaN,NaN,NaN,NaN,NaN,NaN,NaN,NaN,NaN,NaN,NaN,NaN,NaN,NaN,NaN,NaN,NaN,NaN,NaN,NaN,NaN,NaN,NaN,NaN,NaN,NaN,NaN,NaN,NaN,NaN,NaN,NaN,NaN,NaN,NaN,NaN,NaN,NaN,NaN,NaN,NaN,NaN,NaN,NaN,NaN,NaN,NaN,NaN,NaN,NaN,NaN,NaN,NaN,NaN,NaN,NaN,NaN,NaN,NaN,NaN,NaN,NaN,NaN,NaN,NaN,NaN,NaN,NaN,NaN,NaN,NaN,NaN,NaN,NaN,NaN,NaN,NaN,NaN,NaN,NaN,NaN,NaN,NaN,NaN,NaN,NaN,NaN,NaN,NaN,NaN,NaN,NaN,NaN,NaN,NaN,NaN,NaN,NaN,NaN,NaN,NaN,NaN,NaN,NaN
An5_Tr26,1.01100615849105,0.99988083330058,1.00053753609464,0.996010918931087,0.996791358812315,0.993980150246457,0.991589240590453,0.997731680484693,0.994345049283992,1.00771062202031,0.997951182016495,1.0001299550163,0.998956938248672,0.995644584725967,0.997021908887948,0.996707636962991,0.994110366590106,1.01409726099459,1.01579661830136,1.03135729699614,1.00489425090868,1.03168410704044,1.02555630104249,1.07841292672292,1.1137481788359,1.11438165023376,1.14643818712707,1.1505227056358,1.12999206431621,1.12999206431621,1.11881433294523,1.10250544092596,1.10216036612345,1.04698159349861,1.11660711922194,1.11736083960604,1.17486881327468,1.18620899757527,1.21944288675694,1.21951860011182,1.23328334559759,1.23699012355805,1.23810142853999,1.20870131626034,1.22536142143357,1.22413476192387,1.22198833999329,1.20447100403465,1.19157878077829,1.19043907967239,1.20417686642677,1.21825631039171,1.21835641142537,1.23332603364931,1.25611314744293,1.25712332788347,1.26323789454592,1.26127280849637,1.26150913668719,1.26016490072698,1.24890574756496,1.23594915059231,1.23693915003516,1.24341927755304,1.24580714250904,1.24744419814796,1.24744419814796,1.24527433697775,1.24508189601102,1.24487868713636,1.11260849102036,1.00125705825657,1.00087060650176,1.05919222825967,1.02097243491165,1.02009593534258,1.0220757235019,1.11538667208261,1.15385062365123,1.15358403417561,1.18104113243374,1.23335840441255,1.23467898338516,1.2743076356703,1.28878117992054,1.30138934533071,1.30172746766906,1.16474165213717,1.10892518491975,1.10248120176681,1.14238943241199,1.17676324322548,1.18622358220591,1.19541545966873,1.21138654934779,1.21341282670817,1.21386258832409,1.22303473610426,1.22630366651267,1.22646894536719,1.19979559803109,1.21063488222778,1.20879701487983,1.20292499107386,1.19904013785316,1.20520263091127,1.20594208977807,1.09814549669762,0.989389851873529,0.96397280859877,0.97366140232552,0.863283031382464,0.899726115528795,0.893246568708311,0.954330166923156,0.977316203628263,0.977431725858916,0.988644963992046,1.00166072959319
An5_Tr27,0.939348747792279,0.940656001166698,0.940697798018703,0.948102242994505,0.955587068188763,0.952602111703582,0.952033602440911,0.95932539971844,0.971924831636443,0.973373786671479,0.993801171576855,0.980402028710252,0.979469134194789,0.954439835095568,1.04934531722344,1.1034438699504,1.1034438699504,1.13268789610775,1.16931528685874,1.16858519956001,1.20370686642977,1.22349426463152,1.22349426463152,1.21893648723149,1.22484502646405,1.21336671292338,1.21369800548597,1.19901461065384,NaN,NaN,NaN,NaN,NaN,NaN,1.05037566385424,1.01355926430544,1.0141894462227,1.04030633665993,1.05691424172178,1.05700485539654,1.07114458533189,1.06471559162476,1.06761032644755,1.05855403484118,NaN,NaN,NaN,NaN,NaN,NaN,0.936341631859027,0.971149081801584,0.973948245357066,0.97240733810001,0.95807806940766,0.967023858870252,0.968946867182431,1.02555467788639,1.07066163732516,1.07845482220431,1.08132304126081,1.07928217803662,1.07320130096697,1.07320130096697,1.07100906318517,1.06967405129686,1.07078112616148,1.06503514966751,1.07305882602976,1.07355728637587,1.07355728637587,1.06391422938546,NaN,NaN,NaN,NaN,NaN,NaN,0.910755348019106,0.95312830075946,0.957027153068704,1.00302371918385,1.08143814885445,1.08143814885445,1.10998028797116,1.11395880069775,1.11359818455544,1.11377580285335,1.10917486321617,1.11058841487626,1.11061756921545,1.11010971010834,1.10180476656854,1.10072656220308,0.947489391806024,0.788886691631523,0.782400896191368,0.759215415183465,0.765241099583562,0.810400403018445,0.810210568143575,0.903265102192356,0.935592584589269,0.934982910799041,0.944586997272108,0.955559167526836,0.966548736157307,0.966757444569155,0.974326040985377,0.969935644898492,0.970385286811892,0.975011244702518,0.982412920924151,0.978910565366299,0.979242397905199,0.984636669319134,0.983751708363616,0.984754200729744,0.981783308427383
An5_Tr28,0.938777965917347,0.86927716481292,0.896340073175628,0.913070648323684,0.91355460002364,0.990273813910553,1.03276198866143,1.03204707146406,1.05776885451376,1.06320325234486,1.06835827394165,1.05331517414716,1.05742353496716,1.05188108148787,1.050879572021,1.06016053401569,1.0464127137463,1.0464127137463,0.858080968779003,0.806435457347987,0.806303939694679,0.835596706639138,0.896358776844301,0.893189678629568,0.980332067923684,1.00766600777516,1.01361721790629,1.01522238853534,1.01127799677301,1.00932835149269,1.01667228661873,1.00914466259694,1.00087399287768,1.0134430980288,1.0134430980288,1.00884176861601,1.01859189357119,1.01806320649929,0.962204846101049,0.900759865299706,0.960167142758042,0.960167142758042,1.00115489185893,1.01530613425754,1.01523016458766,1.01755476644126,1.0116765475978,1.0116220957414,0.884809204115466,0.922684100583275,0.94262869843344,0.943991372771412,0.967517015696727,0.977170432865332,0.97720591690044,0.985612519237572,0.992439953587649,0.985853753806524,0.987149005955453,0.996624877968319,0.99680582409055,0.99680582409055,0.995527008711682,0.988077023878895,0.988077023878895,0.996855350195196,0.999909575965068,1.00054529404397,1.00103905653259,0.995065948222243,0.994982987573433,0.9943875492244,1.00050841359976,1.005953466693,0.942720302618313,0.942720302618313,0.882770003654385,0.859247662845008,0.859253729103112,0.851863823710082,0.712012332113499,0.706637897021739,0.768728597511197,0.854131678919369,0.84389625730137,0.924268680043044,0.936365676726831,0.949585789234126,0.949393711273382,0.956165349416399,0.975343875734261,0.975410091618778,0.989929597676912,0.897557047416063,0.834860018275194,0.834892060289732,0.758193424027473,0.744836096886935,0.744836096886935,0.760362959768125,0.83083103463655,0.830941888569304,0.951901826236569,0.989571456960612,1.00882200201725,1.00882200201725,1.02288236968661,1.02234125061075,1.02192522089779,1.02387838783741,1.02128314571819,1.04361462537093,1.04841051927047,1.05922627369223,1.074797606222,1.07489379191965,1.09188785640443,1.08835976137583,1.08772631087892
An5_Tr29,0.94525521076049,0.952387791318615,0.964905462250242,0.966983778084203,0.969791048807164,0.972536436793513,0.969447807983081,0.981130583142606,0.963490476241554,1.00600676804173,1.00617568668549,1.03129021264898,1.03741395764682,1.03795132040282,1.04505330054344,1.04450012316078,1.0450612887264,1.03270192393547,1.02791682282661,1.02569459674974,1.02600474499746,1.02262466929219,0.980969660277682,0.981520270758657,0.849140449419255,0.832268827583354,0.865581347186629,0.865929011007792,0.953734532597373,0.983837627434248,0.983663419500955,0.990429061272571,0.986682386832384,0.978758467613437,0.978761637248869,0.972252946205024,0.97517784419863,0.977718633953158,0.974911530783622,0.979124541000878,0.978676759035466,0.975480704789872,0.9655324239226,0.96423234318795,0.973095184760625,0.976091293648769,0.980194435163696,0.980281849153902,0.923194610394429,0.873255265614196,0.873516052363209,0.791142054226778,0.726482873753481,0.665031824601897,0.66119349663347,0.610244510349552,0.664833695140006,0.678681220575139,0.755415783906954,0.799785962937179,0.800374362531829,0.863774566697733,0.91194619517463,0.931315374196998,0.931380518784954,0.954365487248286,0.956909019103451,0.957161645721346,0.953823626647918,0.985258539510625,0.989548965411479,0.990762180250127,0.998423739915027,0.982751871320392,0.981404553489683,0.991328461937269,0.985632977081768,0.982910358173886,0.984377199353002,0.981138120892907,0.981138120892907,0.989676485640338,0.997115903851956,0.98692961663444,0.98692961663444,0.977148144100347,0.971222780955116,0.97236350298301,0.975609093464255,0.938509139744857,0.896626777010586,0.895996390336254,0.877631595731246,0.847894745322543,0.847903353320149,0.891129857488074,0.960546767647956,1.03164021244389,1.03211215895171,1.04637406289452,1.06250511788075,1.06185501434231,1.0695647338924,1.07140554142229,1.07113215026124,1.07485808068219,1.05610915645835,1.06011753825772,1.05697789989784,1.06050951117321,1.06209563902691,1.06209563902691,1.05940896557173,1.05860542848408,1.05860542848408,1.01367276778888,0.925491565183969,0.937104090238335,0.934056709035785
An5_Tr30,0.900090718446804,0.898758287502746,0.834893261913325,0.85815168986123,0.936387610703806,0.941551176148888,0.98268043902848,1.0153475371992,1.01887910499401,1.07014479185899,1.02410857395066,1.05367415055619,1.05456037566431,1.07599598888176,1.07405689486804,1.07612837648661,1.0724335322252,1.05688687054185,1.05527061916789,1.05697591290754,1.05279883226846,0.892568748261948,0.89195736414079,0.863298604949125,0.900618624055244,0.901716507774582,0.922133194548666,0.929900283121482,0.931304496234372,0.932476851572169,0.944832741236309,0.947459838879824,0.949214768450075,0.932649390807028,0.932707643832127,0.932707643832127,0.959921423233477,0.973698815058178,0.974006238996814,0.986632716589256,1.00507310198188,1.01426934780351,1.01426934780351,1.02352643435999,1.02259309475449,1.02129573185133,1.00797651274806,0.95206584956468,0.976142844128067,0.980717433418181,0.984710427882713,0.993718368970533,0.993718368970533,1.01861737350802,1.03889790632986,1.06307023894493,1.06377526474085,1.0893918601939,1.10222660161949,1.10283726769018,1.09520026179923,1.10602326097675,1.10480518179319,1.12461945517825,1.13153865280087,1.14224195751486,1.14209879096358,1.15124064809498,1.15254541428409,1.15254541428409,1.10712944098661,1.13701724684153,1.13743110574748,1.13595977642311,1.13388500476249,1.13012073573788,1.13018710757269,1.12975294123479,1.12419449372394,1.12311488006037,1.06788512066536,1.06820184687589,1.07145523313179,1.07722359162912,1.08121875411836,1.08369279415897,1.08369279415897,1.09239080322663,1.09302118677657,1.0931585571923,1.09412735919892,1.08708887308199,1.08774371498105,1.08301604906726,1.08158762128887,1.01300396709894,1.01300396709894,0.851976288661314,0.903770353426906,0.88237268333252,0.882949922058751,0.947829777949082,0.968429729006791,0.969859775051591,0.984477784933579,0.984514684361513,0.983675838832298,0.992478898693046,0.988472315515374,0.988472315515374,0.987182686030642,0.981496369012827,0.975893509260297,0.975893509260297,0.977689655649477,0.985580412312582,0.985160169238779,0.982328902876572,0.97443616362344
An5_Tr31,1.0064698122798,1.03927483466687,1.06845728857933,1.06812256160409,1.06847659092922,1.06210640221259,1.05456832522906,1.05336234955904,1.04856449141016,1.03751959073498,1.04041025472586,1.04167533991811,0.970794738711597,0.968275602529453,0.92350194598524,0.895008194076115,0.857982141689174,0.85895911649217,0.936470418667141,0.963599948864985,0.963581252870793,0.984147124284387,0.999058154996758,1.00033161687281,1.01512788835576,1.02236789200707,1.02070622436004,1.02128465903383,1.01557958881327,1.00999889539069,1.0111730372379,1.00477197225375,1.00197478453858,1.00060767053167,0.998810530633035,0.993183028925787,0.961159059356275,0.961188720670811,0.885637587930655,0.933691478656438,0.934603546169613,0.979849030012275,1.02666029247325,1.02584057656023,1.04003734886604,1.08493246142642,1.08169022275328,1.08169022275328,1.09109778344852,1.09889049913867,1.09985092972308,1.10714643384774,1.1077460319775,1.10851428607023,1.10851428607023,1.10570623017021,0.936796778592884,0.935987900521547,0.934388066402269,0.993018621892751,0.9931964009452,1.02958869611227,1.05185785887285,1.04784040431415,1.04944083150327,1.04565564863793,1.03480466715018,1.03480466715018,1.03236198060491,1.02431468744205,1.02386256975352,0.907618748782246,0.953403104058638,0.986903491633497,0.988079238254911,1.01853992178687,1.03509018569761,1.0396991663559,1.04442261511993,1.03614560931855,1.02977007856959,1.02938374649736,1.03106897595949,1.02725955969971,1.02796197991959,1.02426290114622,NaN,NaN,NaN,NaN,NaN,NaN,NaN,NaN,NaN,1.07560751960133,1.09014157820365,1.13514608399239,1.13524882012531,1.17571553016995,1.19830053938624,1.19967599230688,1.20731218202474,1.2007459644739,1.20249150608275,1.20510402976414,1.20130792389139,1.19952281286501,1.18953421284426,1.18213133232272,1.17473947941748,1.17444001587061,1.16951817392379,1.16700485986165,1.16696076925246,1.18319723970537,1.17851568670183,1.18161903959623,1.18038568201649
An5_Tr32,1.03817521738944,1.04410565855873,1.04474167465913,1.04950213068506,1.0493063515335,1.04666518297682,1.04341420655918,1.03398346014439,1.03364777142612,1.03783427682415,1.02445663697148,0.903706066124236,0.90369925748569,0.927339061774271,0.951567786918541,0.964769603432678,0.964769603432678,0.970560097876715,0.967755955227188,0.967755955227188,0.964926412425547,0.956750247640763,0.956251126345511,0.88069310330137,0.913300755971191,0.932688429890541,0.933206729534867,0.952158236610636,0.955724563480034,0.956008795804734,0.954761446491272,0.953632889311049,0.949788646181299,0.94926054067095,0.945506968467134,0.944244805715186,0.944244805715186,0.940677365969202,0.943502145786395,0.94488649403935,0.936874145183669,0.943173186455779,0.938266449398263,0.939025792736318,0.932916903527476,NaN,NaN,NaN,NaN,NaN,NaN,0.840107984056461,0.869953747021276,0.869953747021276,0.897866203516481,0.926061609215456,0.927005757374148,0.953658604083101,0.988367258476941,0.989642225055225,1.01913510900142,1.02936634391808,1.02690798612667,1.02577049561109,1.04224379694952,1.04195422097267,1.04310311672969,1.04639598271716,0.965337869820001,0.965640984742732,0.977110843073861,0.979940330497154,0.976680212911137,0.977160152153857,0.979981582183368,0.97460847606145,0.978162551109427,0.957719783592258,0.827779888460936,0.849802968935607,0.849802968935607,0.876301451439212,0.883504305565676,0.882037623617321,0.893610424972972,0.898968893490695,0.899805452479997,0.899636933640199,0.89672352773306,0.899036601688795,0.8982606245964,0.897003507451955,0.898816614656548,0.895646454209502,0.895914635299485,0.887075602092695,0.902025426237611,0.901997391758181,0.842456516193803,0.732791680932136,0.727352227911742,0.748059379347339,0.781257316138261,0.781257316138261,0.852819786626795,0.876787687959491,0.884428762542083,0.885028109169855,0.889093577549996,0.889593760084586,0.889520302889788,0.884681052564824,0.883709124266419,0.886614295937261,0.886332535890279,0.88680759765525,0.88801293032245,0.888812940346713,0.89070185457897
An5_Tr33,0.988249740170074,0.92363804544601,0.911102169344846,0.963245940598017,0.963327187376404,1.01563577363298,1.03127478845238,1.02945384601347,1.0378309855637,1.02425115144678,1.02014257170109,1.02143806713165,1.0204431794239,1.01179276910887,1.01066388863676,1.00923830347463,1.00440039608489,1.00328673512021,1.01058446127335,0.973181076602605,0.917437497828808,0.917437497828808,0.9803430085902,1.0225659947774,1.02275873054454,1.04933577127912,1.0674654817246,1.06761016173224,1.07722009660398,1.07846990610255,1.06353731754034,1.06420102860404,1.06015935625843,1.05276589169819,1.05120424132893,0.985512457167328,1.01064310219752,1.01569399230322,1.02687124768098,1.04076579646198,1.04543370746327,1.04393259589086,1.06328521154134,1.06292302567707,1.06119015074784,1.06322597786515,1.06677692823861,1.07233174290715,1.07193254681104,1.06819482258958,1.057096123894,1.057096123894,1.05239286649711,1.02945747090728,0.865218352603505,0.863567528426082,0.836704877172494,0.866225424654631,0.866517445039442,0.907071629662734,0.941000047349815,0.940282145211834,0.940473239126482,0.933752001109894,0.933752001109894,0.934794651443793,0.935296270938801,0.936715203015329,0.936715203015329,0.930595111764792,0.928641634816202,0.928413262919743,0.929853776155746,0.931969283913519,0.938144630172696,0.938070187208312,0.9488658833069,0.962832624335501,0.962474188040048,0.984360068186583,0.994092543544278,0.994064790685147,0.991855714167349,1.00996028155754,1.01602699003614,1.0182898666785,1.02052126880657,1.02099626719033,1.02339726818349,1.0315358786564,0.94093903348064,0.937886244030441,0.938996513649175,0.932831438954258,0.931977354369169,0.932691907261241,0.983195778427726,0.99226196371607,0.999207245361466,1.00617669995511,1.01142477723237,1.00893323487666,1.0084577288201,1.00375379326745,1.00007834189408,1.00007834189408,0.99119861294785,0.993850314146251,0.993571955510898,0.988308347698206,0.987316013776038,0.981519322554112,0.981660454816453,0.977437852204999,0.971638027531352,0.972030520726876,0.943558845358093,0.972451785908646,0.973415451156696
An5_Tr34,0.868333242377951,0.868584562204511,0.935684693834529,0.990619039418307,1.02252939113704,1.0217971449345,1.02171975803147,1.0274423162645,1.03142050105219,1.03629363701837,1.03130696195933,1.03130696195933,1.03198546383461,1.0246047459811,1.01256508231513,1.01239436377774,1.01001104408738,1.01070054490601,1.01070054490601,0.948372976428626,0.855420379588083,0.894503771760607,0.894562839885064,0.931564789693152,0.95977627953896,0.959917232255915,0.97122874199919,0.976157503815651,0.979022364197864,0.975576775916334,0.968967411059683,0.971411445188071,0.970852948509257,0.971928459876873,0.971208719094488,0.970410645507359,0.975051836772305,0.975013880565985,0.975013880565985,0.891089750488364,0.860233316741615,0.928924162021914,0.929452776935776,0.962062149528512,0.99130879980488,0.991155957184579,1.00851996373109,0.980303930766793,1.01550000059907,1.01556771264385,1.02284734572532,1.03872963672214,1.03805975654073,1.07091338337256,1.08856925854566,1.08975789155878,1.10298271574394,1.10129353048048,1.10027522197162,1.10203788024307,1.10156957247462,1.10008970408981,1.09574480108869,1.07527456244394,1.07939264112428,1.07200848964656,1.06664779374515,1.06501708563764,1.06515852597147,1.07046726611916,1.05971486436688,1.0574807480654,1.05196172552398,1.05663717249502,1.02134228884123,1.02134228884123,0.957248883600741,0.950143615862459,0.888747027941154,0.887892045163781,0.896837439007295,0.952129757724725,0.952129757724725,0.974183623374318,0.997398181411989,1.02416642021737,1.02416642021737,1.02659709230615,1.0300103875103,1.02759106184452,1.03539715358376,1.03504025372398,1.04285627305123,1.04096988751819,1.03007197766507,1.03078909992533,1.02495922458614,0.914068341631664,0.806146021681818,0.806146021681818,0.798245244141394,0.745258710732007,0.777577864912415,0.777577864912415,0.808612138630956,0.865884663063541,0.865990787212071,0.885010237663135,0.885211186566188,0.886572155712924,0.886173204732238,0.887080586305795,0.894847921739876,0.895406717686477,0.883494681472422,0.896713021016817,0.896803095871593,0.907760921540217,0.927541339160787
An5_Tr35,1.01940477902481,1.04463025107966,1.04463025107966,1.04982371221073,1.04900709667417,1.04924463531489,1.04109935012256,1.02285063580415,1.02271189545406,0.951373993713805,0.925928998076447,0.937287816339579,0.936467356307687,0.926802628519981,0.933004577645349,0.932752496287073,0.988655426563405,1.0610042729797,1.06331982680226,1.08303272952899,1.11256379684777,1.15367531506698,1.1532981096903,1.09805261205995,1.09535769926381,1.09497488930638,1.11274248205842,1.13396824543349,1.13874977202142,1.13774434284631,1.13184837076682,1.13343896212548,1.13429642306732,1.1233478773215,1.11984523685819,1.10848526362577,1.10814505851736,1.10895516008404,1.10485141228431,1.10512439517351,1.10192801103045,1.1017285043073,1.09901598469338,1.09771733785124,1.09382823609472,1.09382823609472,1.09551222551928,1.09249335050287,1.06183997593676,1.06183530215085,1.07222410867691,1.10038877408163,1.10837065964938,1.05534107091242,1.06112543991246,1.06908457011494,1.06908457011494,1.07619353087948,1.0777575985977,1.07755856851752,1.06471023217043,1.06504707751303,1.06394808895304,1.06394808895304,1.06798387420932,1.06817713841376,1.06785784673408,1.06202453322122,1.06885505926298,1.05830808310906,1.05771832081469,1.05689354881939,1.06633427324502,1.06633427324502,1.06138969994943,1.06889806230037,1.06828455430376,1.06599792618474,1.06465822081295,1.06448652929962,1.06016244949744,1.0576067459648,1.05674747418363,1.0584216243976,1.04176219231286,1.04400526158027,1.04629855552678,1.08399345132199,1.13781776754846,1.14017286347577,1.14184693827557,1.13701443151693,1.13644416594428,1.13693292512273,1.13274672343535,1.13254892168792,1.12808755536856,1.11724683167977,1.10935534431089,1.1117384066647,1.11255137814143,1.1101475727764,1.1132199129761,1.10999113757891,1.1079078530963,1.08625894111213,1.08670351820385,0.987435814696792,0.955893255278336,0.905125148247427,0.893406043361589,0.948701806624762,0.996284981466923,0.997342446031516,1.00759086710255,1.02514993050703,1.02609042677348,1.02836887123931,1.03171441848505
An5_Tr36,0.997621809209909,0.997621809209909,0.995077487710417,0.991355337767974,0.990246060670135,0.990246060670135,0.990668841914788,0.992451237587211,0.988074726725146,0.993113184039668,0.998293140872503,1.00867798654424,1.01006565697024,1.01358576667832,1.01547391164373,1.01473471105213,1.01208425253199,1.00038911662633,1.00021890157524,0.899058387199616,0.848193808013431,0.846986315704094,0.893694060413997,0.918699271351747,0.931373386434596,0.932022505555933,0.94313153586829,0.966991545878203,0.968017188102226,0.969570966256211,0.970894894457912,0.971055894950413,0.971321487803478,0.964811234275857,0.955072898534299,0.951268997031139,0.958490755000549,0.946851551674212,0.941862300825939,0.941742516765951,0.941400573956633,0.939084733030055,0.939155653686873,0.940201643905757,0.933455911017078,0.933896438129991,0.941259034638947,0.917638974250203,0.903200293237119,0.903318055626582,0.893856960509419,0.84849118939377,0.84834073709314,0.893639328261078,0.861835245291914,0.861835245291914,0.905566216087447,0.94281129140562,0.947229389665977,0.945234894698573,0.943511587606592,0.943199360898413,0.942952685137289,0.937209748848434,0.931012062638313,0.932229208305114,0.917519257756878,0.913206975394886,0.917630859605507,0.917630859605507,0.915225119277578,0.912437187591511,0.912567433436803,0.915004515584831,0.915567316125516,0.91732518130356,0.918603825782071,0.922337964233419,0.9257531688719,0.924684657935017,0.929080161165537,0.804896921440016,0.803837712249633,0.790618236837163,0.771836940318534,0.702576098616632,0.702576098616632,0.687653181851242,0.748377102158303,0.748650893692428,0.801087426627382,0.818587878734485,0.818587878734485,0.827081415132573,0.823382676672381,0.830603399127227,0.829048733404418,0.833373031552903,0.835044236614625,0.833923617280359,0.840237493828191,0.840165855136646,0.793690959137219,0.794867887551482,0.780747213908121,0.871310391369083,0.877828465550649,0.908271397652281,0.930150955959387,0.928422246437411,0.941716129037854,0.943982626774496,0.945362934814098,0.94632461843319,0.94289587537965,0.939176573751027,0.940780143749667,0.947568962501293,0.944595395022217
An5_Tr37,1.02287402073974,1.0158126977462,1.01714673559845,1.01107739730229,1.00877158774357,1.01115342005346,1.00677482362622,1.00442312364689,0.951824980554138,0.948372903590731,0.887354325540424,0.942095221908014,0.937132428575162,0.996924302935297,1.0267557653041,1.04628655922162,1.04643647809191,1.05799986766818,1.0607833601536,1.06051427263494,1.06040645600455,1.05616071476182,1.05616071476182,0.92047644776894,0.872516943876652,0.90663204970292,0.906628460942113,0.964700973265818,0.995331644314331,0.997077510199699,1.00368129225353,1.0014992121189,1.00149820272547,1.00017956303616,0.993147587896787,0.987460150886301,0.987376716982714,0.983270580965854,0.981427090389231,0.979037500915483,0.984006160407889,0.983903032697718,0.982932758943276,0.97006728512074,0.848540442692713,0.884442947129974,0.885773720589224,0.942690923283933,0.976886403489217,0.977640613659569,1.00039274513536,1.00282249999032,1.01143740203341,1.01143740203341,1.02924898621129,1.03405263102633,1.03405260228019,1.03473252150352,1.03260603480378,1.03217152783801,1.02386363655696,1.02587574119108,1.02363253041292,1.01791651436548,1.01493371869147,1.01077225463194,1.01033774042964,1.01508320920334,1.01831978558545,1.01617674892973,1.02184521380215,1.02411501031479,1.04999290631929,1.04972875062037,1.05174694982633,1.05666072535412,1.0571399821425,1.05646785250976,1.02120974511422,0.85877807576717,0.856119148388922,0.866391602256188,0.907517632776587,0.915497859304202,0.94988392906217,0.977500797951908,0.978797943103975,0.997484775942247,0.989697884160627,0.982170068143327,0.982170068143327,0.983921915845304,0.9835140299579,0.984008681028785,0.981338034293117,0.980298815471502,0.983389180304704,0.975326147515669,0.974414921683,0.974439700114703,0.974438778212761,0.97903613502751,0.956950776490608,0.956780941225063,0.975985357635216,0.98336585737914,0.982489836086993,1.00967180388502,1.02453839736282,1.02677747258054,1.02497754978858,1.0238435883793,1.01931930981706,1.01887506686258,1.01144046102417,0.996374664375065,1.00420114194767,1.00371427004769,1.00736628784473
An5_Tr38,0.993590620600596,0.99290982583407,0.972956287662777,0.933522845754384,0.975673762828389,0.973668237156782,0.997139992538858,1.00839521074087,1.00252816218908,1.01465203600991,1.01740546290549,1.0185015367487,1.01837221518923,1.01822042441796,1.01588347500048,1.01543687493647,1.01120837592811,1.00996732832854,1.0099673252293,1.01695348624716,1.01004113854497,1.00415297668497,1.00499506024574,1.01515250893361,1.0479785293729,1.04903676190182,1.09149640185818,1.11390397650302,1.11364008290392,1.12286850500462,1.1179656704407,1.11299662167502,1.11226291713977,1.10998378725223,1.10753780830483,1.10547381792033,1.10530759114285,1.0998762409669,0.963891773663968,0.963891773663968,0.890303194417201,0.915776399106944,0.916544917977118,0.94602693394274,0.982210015628679,0.981661711057373,0.979271826181511,0.984646754823102,1.00209284661269,1.00156320128796,1.00587512734608,1.01053417737035,1.01057647120879,1.03146251510288,1.03986701523693,1.03986701523693,1.04832738593362,1.04830063187125,1.0367582979454,1.03733537677254,1.04731273112804,1.0484093579973,1.0484093579973,1.04851174334356,1.04115456469649,1.0422901759829,0.895681034776052,0.866777572970737,0.848649660848436,0.848649660848436,0.85933808325631,0.927893556929137,0.927225425400614,0.977421336331351,0.98618429579027,1.01062805386955,1.01016783374588,1.04135030563705,1.05214779852528,1.05239460417084,1.05376523472579,1.04650495006026,1.04887681109935,1.04742209720678,1.06513648779528,1.06632997373201,1.05672349663337,1.05216322995459,1.05676829305338,1.05676829305338,1.00121378891363,0.912218589996478,0.911667475131145,0.837626268943051,0.792167577041165,0.822507305426368,0.819029629360654,0.865190558850801,0.890329195450963,0.890735776467708,0.89719489279096,0.904910915369158,0.904963183035184,0.903366524894849,0.898847321251073,0.897182336637397,0.897953018541868,0.896279816722521,0.895620102288502,0.895620102288502,0.898726090942277,0.904948170259331,0.922830475790774,0.922880056014811,0.929949105588905,0.885722984444556,0.877910589426056,0.833206084093485,0.852131374553892
An5_Tr39,1.02222859626487,1.02174247354752,1.01342165061735,1.01055606983342,1.01176251396309,1.01217193542431,1.00911262789005,1.00626885005253,1.00928122204163,1.00632497990455,0.997744622420378,0.997773382491699,1.01064772569654,0.974285327735357,0.973614578410907,0.90315553695248,0.993719801530967,0.984987377893258,1.0412007273291,1.06008980968594,1.07329208265557,1.07351404383483,1.08800208223468,1.07179385998646,1.07154716342213,1.11521406368284,1.13287843825408,1.13287843825408,1.12649360830734,1.11604345988339,1.11206022531807,1.11206022531807,1.11551074411601,1.11675896717829,1.11629343192467,1.11721551319095,1.11765179948561,1.11812987404123,1.11438944157478,1.11316991969465,1.10712843122117,1.10712843122117,1.10653109984474,1.09990414068421,1.09960103172104,1.10341347815826,1.11676885844725,1.15606712664621,1.15534017405678,1.22447169616852,1.24066582343619,1.24067915221036,1.18662034906411,1.12622182754787,1.13651968626818,1.13662251611389,1.14847358187838,1.17545161930559,1.17244023529609,1.20885677581139,1.28134026307758,1.28249530340528,1.30374806139308,1.34112071326527,1.34112071326527,1.38472076817827,1.42213444185289,1.44630149997296,1.44630149997296,1.46709657434627,1.45830306642617,1.45783962808789,1.45352125030528,1.42646591319877,1.42019887503605,1.42182581778957,1.39370240934053,1.24677627441895,1.23555310325473,1.28402888607954,1.31546391541725,1.3157486776276,1.34637149738684,1.36743971821866,1.38266437842274,1.38266437842274,1.38724083045367,1.38682868748519,1.38568366015544,1.38619804413528,1.38960065455313,1.3838210862849,1.38906158309633,1.39013601326278,1.39526068040762,1.3912384528875,1.38611915844491,1.37563326043361,1.37906355042395,1.36687733483076,1.36896873261521,1.36896873261521,1.35956677453522,NaN,NaN,NaN,NaN,NaN,NaN,NaN,1.15523913289956,1.21723618440395,1.21761245610826,1.24233761756033,1.26918638973676,1.26946231945801,1.2756162379085,1.27132665166325,1.26903396186304
An5_Tr40,NaN,NaN,NaN,NaN,NaN,NaN,NaN,NaN,NaN,NaN,NaN,NaN,NaN,NaN,NaN,NaN,NaN,NaN,NaN,NaN,NaN,NaN,NaN,NaN,NaN,NaN,NaN,NaN,NaN,NaN,NaN,NaN,NaN,NaN,NaN,NaN,NaN,NaN,NaN,NaN,NaN,NaN,NaN,NaN,NaN,NaN,NaN,NaN,NaN,NaN,NaN,NaN,NaN,NaN,NaN,NaN,NaN,NaN,NaN,NaN,NaN,NaN,NaN,NaN,NaN,NaN,NaN,NaN,NaN,NaN,NaN,NaN,NaN,NaN,NaN,NaN,NaN,NaN,NaN,NaN,NaN,NaN,NaN,NaN,NaN,NaN,NaN,NaN,NaN,NaN,NaN,NaN,NaN,NaN,NaN,NaN,NaN,NaN,NaN,NaN,NaN,NaN,NaN,NaN,NaN,NaN,NaN,NaN,NaN,NaN,NaN,NaN,NaN,NaN,NaN,NaN,NaN,NaN,NaN
An6_Tr11,1.05940098702455,1.04933930842907,1.03256329440896,1.02025834165558,1.02461060075461,1.02310596101,1.01259846980773,1.01420278309487,1.0097935311246,1.00991380763181,1.00687059815405,1.01169609689023,0.963268917546394,0.943413304908797,0.944544575409384,0.914644615119907,0.97137960782607,0.97137960782607,1.01701559137731,1.02226455963921,1.01570578875221,1.01571455599974,1.02774942630954,1.02123385667588,1.02123385667588,1.02833978440777,1.02914330492342,1.03003478471136,1.03756525620543,1.03776344180751,1.02858079247028,1.02858079247028,1.02208149015485,1.01953175673807,1.02045001576123,1.01812890140491,1.01240690014446,1.00747683445842,1.00234490387904,1.00491868553323,1.00562396534081,1.00562396534081,1.00630238250863,1.01121489063028,1.01110218029463,0.997223963739139,0.999633242742699,0.996961939161858,0.999574134316444,0.994263202001812,0.99873808329787,0.998928181399781,1.00758004849045,1.0083113444578,1.01007235562045,1.01007235562045,1.02014730830284,1.03684570907672,1.03443623308558,1.04795406443034,1.04177752547377,1.04165959548691,1.03468818622666,1.02892055129786,1.02838162573862,1.02940132130047,1.02251651233334,1.00182343598879,1.00114175088883,0.982942616591239,0.939535298122531,0.937657945904262,0.913049974297616,0.895171835353038,0.924210613512178,0.920502033726815,0.917942251239262,0.902380881267334,0.902983551425834,0.895418728823002,0.885046674888322,0.884301510381746,0.877989683947844,0.868616920034999,0.866562538250015,0.874863962587485,0.865901002773262,0.859697070579227,0.859697070579227,0.866659344449541,0.871264845518303,0.866558214543469,0.865869545458445,0.87314651941514,0.880707449014826,0.8802007174374,0.885458951893513,0.881137813972401,0.880753213829253,0.877044650691204,0.868033606045171,0.864676118172075,0.863399232535906,0.858283403481054,0.859344046923423,0.856208624653676,0.853991396706979,0.852154552820726,0.852842496904,0.858575856647609,0.859552513928448,0.860711951923037,0.862548718393573,0.86329770506448,0.856860549315052,0.85933648218211,0.855856981709757,0.853279084393312,0.88890465555161
An6_Tr12,1.01721817281638,1.0122431078653,1.00732979842993,1.00009301704268,1.00009301704268,0.99180818730424,0.981515237367452,0.982242013571022,0.983214837922956,0.99538808451095,0.995601941090545,1.00567947478404,1.00883395895455,1.00734527358143,1.00613850348144,1.00144196282101,1.00182845853302,1.00192836841654,1.00005658446383,0.995091154339775,0.984192327744748,0.984666153768635,1.00106640651406,1.01039817106373,1.01037853924269,1.02775630127679,1.05612734043148,1.05859956037059,1.05894913721272,1.02613007629657,0.962007274871904,0.962005343886765,0.779098977132409,0.756181647691735,0.759085454981597,0.751074284726054,0.711454529219802,0.705820128019708,0.677742232648067,0.691893257363556,0.669197317258644,0.66601687721365,0.637096072921204,0.603726714804734,0.604021084135215,0.647932906660287,0.64690013097746,0.672652083772372,0.672946346386594,0.690267339567265,0.694155060356303,0.693092831163573,0.674757354739324,0.725906339366562,0.72476720199412,0.652208705239049,0.672184025097105,0.698996621479768,0.700510565415635,0.702664423494765,0.828707970019819,0.828707970019819,0.899170995239389,0.915302320244472,0.916380704815719,0.941283587820515,0.958307546642364,0.97233865753572,0.966887036320434,0.964475413034835,0.967966875449061,0.964604558170604,0.951265368477215,0.945810810466098,0.933895646516583,0.934473196632609,0.842466454232053,0.781853307018793,0.778249459084757,0.795632418447038,0.799507086716715,0.799951810423294,0.792494850788772,0.78510501558089,0.77370976762616,0.773865242612254,0.76505965911353,0.751993772677749,0.752167188736256,0.753728369993254,0.754220002598709,0.753721920238033,0.756523166726719,0.756710883212602,0.758341244014406,0.755307099612152,0.750870860781295,0.752742459386008,0.747940990748144,0.748039085312646,0.750938534860991,0.767256632043107,0.765799107656584,0.793459762028215,0.786380164883074,0.786284017302011,0.78800228296153,0.813180301726726,0.812991913196832,0.788344506746627,0.757604156742877,0.754380558204318,0.756173622093917,0.812578929024659,0.817446656948046,0.816814529353724,0.807597414859773,0.816482894549687,0.815081658217455
An6_Tr13,0.955192050553685,0.96067858301767,0.960527651685928,0.963990005528605,0.963990005528605,0.982280281572748,0.98365045288253,0.985208823406996,1.00773062383466,1.01978069271698,1.024931145897,1.02406980755208,1.03913127491936,1.03197912179697,1.03435655583429,1.03297050721799,1.02100003280075,1.00430832476144,1.00422405849172,1.0383361266768,1.0254487974154,1.02544886377671,1.05700295366478,1.04476987082797,1.05028596935518,1.05028596935518,1.05397503010537,1.06905595699514,1.06905595699514,1.0657991736446,1.05499796640819,1.05614884048769,1.03930716156396,1.03004597570329,1.01181208601908,1.01181208601908,1.00936862108418,1.00262590595664,1.00352078170384,1.00257045285961,1.00452630933363,1.00328447583755,1.01438341092406,1.00624295728023,1.00601375777022,1.00268999952335,1.00080848926947,1.02362521039323,1.0233348364393,1.03670916193631,1.03793451526012,1.03769308706177,1.03149233421845,1.01536450138859,1.03081662931015,1.03177251974629,0.993479401404742,1.02588077344682,1.02487245351208,1.06021313305518,1.09578239215146,1.09245415178631,1.09011018876341,1.09471965908147,1.08632220586492,1.08690945338497,1.07788441712328,1.06750833855033,1.06645957295278,1.06100867814005,1.06015842157418,1.06209824433208,1.06667043965245,1.06060768103062,1.05775979628486,1.060603504921,1.05834075852766,1.04969501863911,1.05332218118323,1.0545623316736,1.06120133068403,1.06398372792918,1.06380179070993,1.06963186316069,1.06749263360189,1.06701419419548,1.07259219159237,1.06851257386258,1.06384716980882,1.07297533197371,1.08244335547959,1.09336131335982,1.09471220007978,1.09217822293016,1.0879394990075,1.08617223203538,1.08462798167489,1.0846752474147,1.08390178081954,1.08734494937992,1.08665257115407,1.08563912536511,1.0836939704819,1.07138122125509,1.07921342638379,1.08047356505016,1.07975253491227,1.10044138568175,1.10040465777594,1.0959833859291,1.06519264002282,1.0500373321159,1.05324226672647,1.07800384793373,1.08847657175201,1.08938575916095,1.1577553899992,1.16812687205723,1.16615063222854
An6_Tr14,1.02223756508561,1.01315550966863,1.0227472221383,1.0144238063136,1.01405821357922,1.01610962126891,1.02306508357418,1.02244789164947,1.02561393562036,1.03271874644755,1.01716896519648,1.01731996601728,0.984718037606335,0.965076099392151,0.965006338131515,0.911787121175346,0.950578725365065,0.953800300821079,1.02796685094891,1.0413043208495,1.04103892454554,1.04436559429868,1.05721065001898,1.06076675092465,1.06077173182444,1.05739270472591,1.05465667864603,1.05618640944522,1.051482901111,1.04033533706462,1.02528855598194,1.02661993383392,1.01995819525092,1.01672324986813,1.01902866938429,1.00926716489524,1.01219941274014,1.01236113992442,1.00608829564587,0.997603677541412,0.996677429195687,0.997641293940079,1.00856114754494,1.0154766276195,1.01646992262401,1.02803706210792,1.03708777112801,1.05246211615007,1.05246211615007,1.04569350955479,1.06325425510262,1.06346314790074,1.08512156790259,1.07150434518297,1.07196049190619,1.05577249302991,1.05193425822021,1.04386870953794,1.04366464083203,1.03661686012179,1.02383962347924,1.0238580665454,1.01736096664928,1.00562656584019,1.00589528533122,1.00690420508188,1.00319244561305,1.00164058677989,1.0010073139456,1.00988040538359,1.01644199270315,1.01337502489088,1.04228927501547,1.07827219410783,1.0837852669656,1.0870683496608,1.07560302190986,1.06016327213746,1.06638848128826,1.05422375599221,1.04396229394582,1.04396229394582,1.04143836247975,1.03402879092409,1.0316782979123,1.0316782979123,1.03109441998435,1.02164486096004,1.02275463547587,0.989331699943907,1.00398229211222,1.00382435660382,0.978969274464223,1.00150129670439,1.04598799603564,1.0459539844961,1.03666760881229,1.03127300618136,1.0301214047302,1.02074715646417,1.01351005361435,1.00936097744851,1.00893266522534,0.999779351563662,0.993865454476426,0.993061096278921,0.996021891056666,0.992309613970505,0.99054639085251,0.984546286853046,0.984930732998782,0.997849017546138,0.998910330328599,0.999362446716245,0.999449592894459,0.998885495772367,0.947220098652905,0.977870699076198,1.00938305880063
An6_Tr15,1.00621261640154,1.00507451007495,1.00154782487918,1.00072255413476,1.00245957586105,0.995123964033886,0.99570151685744,1.00130569918403,0.992613510749108,0.992767439644964,0.995462448750863,0.993066080166071,0.988360322926301,0.988206777275032,0.987486197992665,0.997421370472016,0.99930610011038,1.01262019686664,1.04454129361913,1.04490615691692,1.05308201149465,1.04054581885875,1.0388612482075,1.04297807223053,1.03051389468568,1.03922096826626,1.04840637956643,1.05231127181414,1.05162399021549,1.05868204445591,1.05664918455584,1.04613653655277,1.03469574379595,1.03440490885657,1.01545285124758,1.0162678658061,1.0162678658061,1.00093084815988,0.99327673719595,1.00504082096343,1.00408985686971,0.997629490731184,0.997096138973092,1.00036971321751,1.02163696527083,1.0446419325375,1.04278141564474,1.05645552371196,0.996557421633671,0.979194043879114,0.978813533196715,1.01153107154966,1.01278188979964,1.01186012672548,1.020847063206,1.012352564767,1.012352564767,1.00651612734734,1.00103627088739,0.999603703276521,0.999603703276521,0.987514939139301,0.993210886433698,0.993400853341171,0.990186373749453,0.997360685161243,0.994835677956629,0.997697519244229,1.01017410958604,1.03842024332995,1.04055840915014,1.05583201786252,1.0555152155296,1.05625598376767,1.04820732568021,1.0424421607105,1.02555705748989,1.02732616899549,1.01562102018758,1.01923652783123,1.02005690019102,1.01769275984175,1.01213136388263,1.01469028888007,1.00680911656779,1.01404655550491,1.01843422964655,1.01843422964655,1.02094474885923,1.01412419835402,1.01658510234376,1.01580622882326,1.00407810071066,1.00591837264291,1.00288883741435,1.00527001915336,1.01740413795784,1.02385510092381,1.02086892105293,1.02067318561393,1.02397973809261,1.0186170852629,1.00978710766005,1.01256287653998,1.02108072729145,1.02948480678926,1.04478016575167,1.04478016575167,1.04911461035469,1.05681247619328,1.046471907928,1.046471907928,1.03464500832903,1.04272742034896,1.04243747117839,1.05096322920217,1.0560248954602,1.0554580196792,1.05886901388529
An6_Tr16,0.978574275301858,0.969937147469915,0.97068744092055,0.969204512779125,0.969926950514211,0.965276984929706,0.964620514690259,0.973814803231912,0.998741794421124,1.02267936098068,1.03435536707725,1.04491601538731,1.03822681405853,1.04041768566751,1.0298806278828,1.01883241014078,1.01702954255469,1.0040428528381,0.988834899153686,0.988948869495769,0.987865894211556,0.986301154745521,1.02116616994587,1.0235921183372,1.03989675783709,1.07150954825659,1.07312371109256,1.11313923470926,1.12217804777953,1.14005900983399,1.14303285745904,1.15405034226466,1.13212734162526,1.12796400712401,1.11860407446415,NaN,NaN,NaN,NaN,NaN,NaN,NaN,0.855462106559138,0.855521608406633,0.882250281577891,0.866926151117584,0.905207626183972,0.905207626183972,0.910343208348722,0.912479518690909,0.912286678266777,0.919234823436819,0.91944293442242,0.918093577951507,0.895193692944157,0.772808542382623,0.782834852751116,0.787678460106372,0.808132010687229,0.876385458690982,0.874223431368319,0.964652493190293,0.990106587231712,0.990106587231712,1.03455940359702,1.0498451718654,1.05596579529514,1.05596579529514,1.05332437060639,1.04027582186627,1.04017318895046,1.02891996970362,1.02514170416398,1.01960939728371,1.01960939728371,1.01736724266936,1.01048465755551,1.01141657670653,1.01716459799743,1.02461008076129,1.0565873008626,1.05431663000959,1.08265410995613,1.08620325390342,1.08215891690289,1.0794354075693,1.05973684459248,1.06050655585812,1.05734396275172,1.05459963535067,1.02530716152681,1.02638750832746,0.987113973844145,0.906154229618226,0.90432226891818,0.964755185923252,1.00114005939467,1.00679140399459,1.02436099879019,1.02365028731212,1.03091163542123,1.03091163542123,1.02053997695521,1.01329048170734,1.01466032699065,1.00684196751316,1.00251572103283,1.00488508276706,1.00468152409185,0.99791825266395,0.998952032138569,0.999180275564118,0.999492283972724,0.996539060122945,0.99692622651948,0.992730540741991,0.989194221141903,0.992545172625288,0.992545172625288
An6_Tr17,1.01299527613785,1.01362483267099,1.00320660045813,0.995989525772406,0.990832524022905,0.991193648410782,0.988916944221232,0.98594700221445,0.985358541883252,0.987757837786715,0.988617524126944,0.991123353625,1.00859305958167,1.01262882806542,1.01164879742911,1.01183310398685,1.00296209826053,1.00962826831845,1.00714223302729,1.0270308138187,1.0619056686015,1.08552276176968,1.08430898718646,1.08964606459441,1.13870075981021,1.14000320391113,1.12928162397586,1.14317038075651,1.14105055076142,1.1489924969633,1.15369334706618,1.16056607847514,1.15529602754856,1.13828019212942,1.12341178740972,1.12805162579375,1.11578449629833,1.10965692991486,1.10643210639977,1.10609496810444,1.10651166208728,1.10685466693531,1.10632979713872,1.0968313366055,1.10017940897012,1.1007618753561,1.09412265180256,1.06600309283226,1.06553134955303,1.06985605812744,1.06279922119987,1.0391465791207,1.04037976327137,1.01155097454889,1.01724495387943,1.0166779768397,1.0640023757023,1.10611677176041,1.11603289881749,1.11619631419311,1.12239058017379,1.16711217888031,1.16751862353508,1.142700744841,1.20181895760519,1.20140198199364,1.19922898634579,1.2209297398133,1.21817526065745,1.22342903421004,1.21666646225595,1.19773607276114,1.19773607276114,1.16965304942901,1.15403279097512,1.15096802467505,1.15096802467505,1.1447920023107,1.13688430395392,1.13506643927366,1.13794302903181,1.13854965239737,1.13921163621585,1.13661850104962,1.13217377854138,1.12668665003191,1.1218698056262,1.121432698229,1.12394759259636,1.11922466215687,1.117063810976,1.11997276598105,1.12328987468869,1.115732814891,1.12090975657383,1.11650796680026,1.11635045605313,1.12224668619584,1.12139745044467,1.12030591390934,1.11905615031966,1.12435765948952,1.11786442362472,1.11691385251898,1.11594966621127,1.11585884085456,1.11088555245419,1.11953971593437,1.12807762568707,1.1306933700064,1.1306933700064,1.13086558663401,1.13453166973291,1.13551827114164,1.13076797208597,1.12619056387097,1.12195753824119,1.12785728227158,1.12608379504802
An6_Tr18,0.911963513553476,0.935806407241694,0.935105473059651,0.96738137274394,0.954098339064865,0.954341793680409,0.982101662378063,1.016355834664,1.03324440831731,1.03324440831731,1.04233866010322,1.03932322195107,1.0397915982156,1.04338979526206,1.03211613542749,1.03221823814123,1.0259978688977,1.00828020375032,1.01290106523059,0.987920143568871,0.985610942215286,0.972991142469675,0.973041148519288,0.989384917161005,0.997150154970566,0.99696623237102,1.00032036094158,1.0077547805281,1.00298515053332,1.00298515053332,1.00514202830302,1.00149726076989,1.0017749041937,0.990899171799214,0.984740981426334,0.985123297636587,0.984076406471141,0.984379086103137,0.982224579563655,0.987369707179786,0.979396964959703,0.975939000293254,0.975939000293254,0.969245324139238,0.980443919489179,0.995604145773047,1.0003967655675,1.01055867382574,1.00756067448909,1.00756067448909,1.00528598543212,1.01052827317301,1.01052827317301,0.993081090760476,0.998370341451128,0.998586131038446,0.989151068110574,0.988462255793072,0.989353747436521,0.989810092049963,0.990591177169603,0.990481495786496,0.991312299050744,0.987692215438988,0.985944377831553,0.985855401630777,0.986783814959191,0.992975945815546,0.984289446907574,0.982828078229127,0.984704958629471,0.983101166831962,0.99705001980579,0.996398728566344,1.00548698666012,1.00434391640061,1.00441185951514,1.00058264297039,1.0034341686739,1.0011167509643,1.0125204651222,1.02135870828547,1.01973367813891,1.02079720258812,1.00512628722021,0.996551771563658,0.996551771563658,0.995586841633017,0.996989666971522,0.996989666971522,1.00712808243865,1.00844308083527,1.00337557134361,1.00363313931458,0.99933648651591,1.00067015862585,1.00644923746594,0.996450562226432,0.994476982164312,0.995036297309875,0.994223372701713,0.993910538683814,0.98444005758044,0.983418556897464,0.988818179532862,0.989124021548236,0.9928676101929,1.00182365641429,1.00298875694324,0.995301996366277,0.996295201985746,0.995160884274862,0.990939938823869,0.996728632000707,0.990234849114395,0.989272128621789,0.987664724392544,0.98987447191924,0.988046212702393
An6_Tr19,0.955807935129293,0.951957962923536,0.951425196598307,0.9638627146954,0.962253917050489,0.981313944211224,0.981772353041327,0.984045534313882,0.97849933965235,1.02209018150705,1.02518714571252,1.02994511871708,1.0232838390882,1.04142573969485,1.04190710996938,1.03589758540446,1.02295140746506,1.02480976290567,1.02156321191992,1.00185480191078,1.0087607994762,0.990150048363873,0.980286440621733,0.973813264446859,0.975622051315594,0.980579187623944,0.980962489526509,0.978880390829544,0.986468185365554,0.971409811511169,0.969689754320503,0.972436921827763,0.933317200976775,0.936021320209533,0.9355725532101,0.951729839457607,0.951966121314983,0.951382071466363,0.952400997937144,0.960657501473348,0.96056886676546,0.961233652911923,0.964545734910827,0.961377589899286,0.960409698959881,0.958687824094402,0.930695734488269,0.932913519876435,0.929909201730806,0.943328802715994,0.93985223214456,0.943182015345114,0.947269097061385,0.94878862816385,0.947474478677109,0.947879491430461,0.947059265178142,0.955811438356272,0.955774295708184,0.958263310306179,0.955026873283659,0.953956851606036,0.950012885916549,0.951345178495175,0.949106360907717,0.952647187960706,0.954725238425912,0.940115282118879,0.936237952820262,0.898898133309415,0.916986424444037,0.917935921290021,0.943352407653578,0.959265349644909,0.977667077516878,0.977667077516878,0.972331534966035,0.963466067169372,0.963466067169372,0.949762413228518,0.93781133166656,0.938654893924901,0.944411908290778,0.969176924491251,0.975514176068664,0.975795227404894,0.981269017664618,1.01592725931813,1.01577989509936,1.02429899506006,0.989659194337063,0.955019393614067,0.920379592891071,0.885739792168075,0.851099991445078,0.850432525035803,0.900965408884379,0.923246550177249,0.918518393573937,0.933010301757579,0.928761111978553,0.95179857705931,0.951190709617708,0.967994357764617,0.931555019593631,0.931484625475636,0.938599920698294,0.933422654631458,0.930203057017268,0.928308221446276,0.938943502914314,0.922496201475598,0.922836124943481,0.987101719901749,0.986314595771973,0.986654562039652,0.986481690629134,0.995236752980721,1.00866278849468
An6_Tr20,1.01915339551523,1.0118909685993,1.0118909685993,1.00960645985852,1.00126106477255,1.00719232207865,1.0075180604735,1.00187478205138,0.999393441469401,1.00206008951391,0.997060647444243,0.979371822934183,0.985619840220553,0.987259776449442,0.998147957625398,0.999517563891988,0.994986012898031,0.993016644935173,0.993178180669256,0.993178180669256,0.994973753486804,0.979205990388613,0.976819430386121,0.976819430386121,0.971563972230946,0.980057015953797,0.980057125958627,1.00809179966079,1.00670901153268,1.00795419214264,1.00115231267586,0.99510798948525,0.996408036988885,0.996408036988885,0.996672616370466,0.981843839423091,0.98217397805553,0.98246561189549,0.981509238022842,0.980447857948398,0.984598177968844,0.989320651890513,0.982657964911471,0.982139222705091,0.973164836187886,0.978051409918762,0.977975882786037,0.986016884844596,0.98878082213181,0.988567479372409,0.985494631785262,0.958430517704068,0.964356456091738,0.966548649931492,0.967357011499049,0.954573100357254,0.954573100357254,0.956545358979992,0.957486406044805,0.976501967232096,0.974482591717572,0.953787037161718,0.975728669023747,0.976787876700706,0.975438160695986,0.969089171555008,0.969127598797132,0.972374607091717,0.971209324391524,0.976298586799422,0.976664534900026,0.967270363340876,0.966131584824112,0.963977476123665,0.961809598225146,0.952951564354531,0.952951564354531,0.953768495488147,0.959266997766186,0.954865355733569,0.956528183096049,0.953813094607498,0.951829965112651,0.949422609988189,0.949422609988189,0.947108659263025,0.951954808053968,0.951773785599126,0.958174672109284,0.974619573826561,0.974899513107953,0.991880425119054,0.994540655470964,0.994685269783913,0.99936320812608,0.997641971211979,0.982524053104634,0.983114241039411,0.979798435782109,0.975383647484521,0.975383647484521,0.969913451276742,0.969810672556133,0.969720688274455,0.983420298643423,0.951075594838809,0.957089034686424,0.957054760677547,0.961148481748584,0.968218612132863,0.968703812274646,0.967962323051491,0.974000421711428,0.975684616802239,0.974814759645862,0.977283555780923,0.967937050361994,0.964010886087398,0.957957598587812
An6_Tr21,1.00340882900935,1.00121196299088,1.00071158938971,1.00071158938971,1.00396885072265,1.00311834312802,1.0032085292739,0.99365030333321,0.991155901796895,0.992789966491793,0.994309241486771,0.993838250815782,0.995226090726049,0.995226090726049,1.00534350795509,1.00547591782733,1.00553826899253,1.0049184263338,1.00618833961046,1.00892499682511,1.00914664207553,0.988328110666718,0.99414495271638,0.99414495271638,0.996891161665326,1.01485746953096,1.01258828943035,1.03671711606193,1.04086552357716,1.03646756204927,1.0348558468838,1.0330176695591,1.02287100765293,1.02745880132478,1.02441389914093,1.01694906839638,1.01694906839638,1.0149077701831,1.00910318381048,0.994098904731398,0.992620915362851,1.00944832945551,1.0072000260549,1.0072000260549,1.00526392421273,1.00477570586217,1.00585315786263,1.0085648227767,1.0096053748317,1.01108968997079,1.0117714850118,0.979585577439154,0.971729673685784,0.972105430385856,0.981042107265651,0.988839689782621,0.998410032326439,0.998648011371328,1.00159844991523,1.00018483167689,1.00015271755351,1.00289243249798,0.997833094764708,0.997624216458227,0.995479863015422,0.992710334091409,0.988589163105734,0.993528634525062,0.995175825200807,0.991193344334174,0.991193344334174,0.995309704005237,0.992053367853368,0.992616663517584,0.996155072249646,0.980868919513992,0.970512512428543,0.971313193254507,0.989011352815627,1.0028173248431,1.00209053246683,1.01218468736649,1.02009405033453,1.02192517883803,1.02192517883803,1.01523813028644,1.0094520133024,1.0094520133024,1.0104711609419,1.00285092803743,1.00100984668344,1.00027297232017,1.00206383223456,0.999757456611203,1.00074211138798,0.998228304289999,0.996188099579069,0.994515877784221,0.990143280402833,0.984394012010485,0.990719954147494,0.990719954147494,0.990419345089312,0.988459037182268,0.988459037182268,0.981374258864783,0.982473139596641,0.982761187869793,0.986987568515957,0.994744493163005,1.0206169217702,1.0206169217702,1.02378568337304,1.03315890256417,1.03289596472484,1.02804148517465,1.01863850575685,1.01861502411705,1.01946197048048
An6_Tr22,0.969063884611832,0.969063884611832,0.966500985098141,0.988965228591738,1.00302668081836,1.003826886472,1.01223575132144,1.01818957145415,1.01751497959589,1.01299125874382,1.01024655673782,1.00823375255747,1.0073559812182,1.00574285134462,1.0059123509808,1.00519013525548,0.996641726063057,0.999449884010575,0.999847650512771,0.99094098132697,0.97858952421542,0.985052409172486,0.965535722903202,0.970681499619272,0.988953700073711,0.989569402012381,1.01016334224804,1.0293786173705,1.02894286890804,1.03068204645093,1.03125869338786,1.01037273217615,1.01037273217615,0.923705840581186,0.934860199607984,0.934868206138882,0.968842006988395,0.962612351678446,0.963233231783053,0.979082977205746,0.984824154764925,0.988171818450238,0.987339229398842,0.987932638060259,0.986574856823282,0.986640211306236,0.952291262277961,0.92934666313561,0.930419650488335,0.955327134204098,0.960812143151395,0.963385061840109,0.963534749427654,0.971170565240702,0.979551760634873,0.979551760634873,0.974575790851358,0.933038683466687,0.848653365580359,0.850102850336839,0.765455471072211,0.760044582467693,0.760506099653882,0.785436966403497,0.820475827742155,0.844773995936011,0.842972944023139,0.852125814800936,0.859679836331858,0.860765373103208,0.865513130182344,0.870919451113194,0.871103312090812,0.880292158912319,0.883577040696921,0.885700979857619,0.895138894510945,0.895711993241641,0.898134403022934,0.893967746709257,0.90155429806062,0.902801421292596,0.90416481760933,0.902431276714312,0.904711155203137,0.902957916503432,0.904411371579999,0.907720181761075,0.906982073354595,0.905871424425858,0.908299576196003,0.906774839949792,0.906065380608276,0.87253331372158,0.807499996165265,0.789995826135779,0.786649925871595,0.767676631937131,0.790754853977052,0.790754853977052,0.812613935318686,0.820592725867636,0.820904081641553,0.820904081641553,0.821966387771407,0.81831945544886,0.819387208532076,0.815655027874991,0.812575341442956,0.813308157485599,0.813304716331997,0.813870147187545,0.816604189457173,0.817635890583531,0.810571203602078,0.807098528115039,0.807413869744071,0.817936196847989,0.837874648260824
An6_Tr23,0.884452322660575,0.884620946173332,0.895423231229324,0.927160310225925,0.95638717766049,0.95590925664056,0.976685247871817,1.01166503911322,1.00991216970242,1.04082416258789,1.05915345105871,1.05915345105871,1.07320693096178,1.06685219516521,1.05146484585463,1.05146484585463,1.03319584115199,1.0312342875144,1.0312342875144,1.0291239010212,1.01939621633979,0.998689992946863,0.998689992946863,0.996184253053591,0.997289133097672,0.997936850090598,1.00736157001625,1.03367502053329,1.04052993339102,1.0371650455666,1.03340305312923,1.01974991230007,1.01963078499838,1.01468993272388,1.00578216437332,1.00475384522033,1.00304884420725,0.997361354053426,0.998658072387356,0.992219250070933,0.988628375896837,0.985661926129908,0.99100149665414,0.9783935434338,0.963433536100246,0.963860364877529,0.976691946447648,0.978297925588588,0.936877150523391,0.936335732771216,0.902796890354477,0.847434177374455,0.833685220986031,0.820528425332227,0.860951360932612,0.861940185554927,0.870688559999505,0.919098456209076,0.963483135474634,0.962884368734381,0.986169263583675,0.998918143456798,1.0006242071484,0.996461812821,0.984809520082661,0.97997136258533,0.978744867909791,0.971331197620757,0.964383334704047,0.963885721590656,0.95962178716609,0.954784647445711,0.955379082798391,0.945489648447845,0.940901175802436,0.938385524325901,0.935134071632979,0.94601147294185,0.950320895137891,0.950320895137891,0.898507669001049,0.877918636627377,0.875638415302239,0.931331098769839,0.963039570323679,0.981528316741809,0.981477111699375,0.984073041084733,0.975367324273477,0.970310076697056,0.970620836867626,0.965624349935911,0.96947111291532,0.969307585598741,0.958534114978446,0.954211978100565,0.953951451162763,0.953001012050052,0.9502700964348,0.950560146121086,0.935169256757951,0.919892516746402,0.935980184907251,0.936761242589,0.942645419295135,0.945001290124481,0.945724908002218,0.944085632147848,0.941916551846079,0.94065976363832,0.940723533560876,0.938921620035563,0.941240922474804,0.941267627919744,0.942874023944497,0.934792107098505,0.934395973745178,0.931675544834044,0.920563881362058
An6_Tr24,1.03078943327425,1.01771163440497,1.01779685178978,1.01209947863396,1.00573000434827,1.00816754904001,0.999376727227539,0.999418463546047,0.99229777518898,0.996758867357098,0.996709950026387,0.993798455874862,0.993886790593771,0.988842609659582,0.985414775901712,0.986667162050373,0.99020434097636,0.989850949408053,0.994478180697992,0.994478180697992,0.993924971023183,0.996230257336768,0.996494239898296,1.00093927537117,1.0206333978661,1.0271344193152,1.02578801957409,1.04264398560443,1.0018490325736,1.00359298191874,1.00166892981222,1.04184577889133,1.04184577889133,1.03577881474613,1.03397247479704,1.03434773607098,1.03527792136425,1.02985959359171,1.0220698478022,1.02150652158789,1.02728031356018,1.02567101584669,1.02945793695077,1.02809715460257,1.02204955714324,0.986857223245772,0.986834895718893,0.954634660607299,0.90191829448273,0.902093439604048,0.867196578334954,0.870451217284786,0.907962717187742,0.915574149266966,0.937240943070595,0.935583250611482,0.938441697025256,0.942231730938277,0.944847391586796,0.952185188050278,0.953549333182215,0.953258222046029,0.967965072766988,0.967373784031249,0.973182223770587,0.976485024079844,0.974746044133612,0.974906626014887,0.97278262501748,0.972681737696898,0.968827438180939,0.960154485236949,0.956783033178388,0.953123725224604,0.966198351337369,0.983720170658462,0.984092638683986,1.00753288850674,1.00773670498498,1.01284586667559,1.00010312688012,0.996588173017529,0.9849284168081,0.982237674274854,0.973052033878271,0.974075548738162,0.975990762588812,0.970187591487213,0.966089024892591,0.962837038744189,0.967702465377755,0.957010985823797,0.952999446078715,0.952204306390752,0.944324100687446,0.951328868941811,0.950113292471767,0.953912188956772,0.908214476348419,0.835399484020567,0.83518031842201,0.900813528205591,0.93564071191696,0.935892211316622,0.977542284043097,1.00406405423181,1.00437522754483,1.02462271683917,1.01886193881499,1.01149325157891,1.01231649298994,1.01056808253544,1.01365885533759,1.0132213313358,1.00505117224103,0.997805547393037,0.990780420704824,0.990780420704824,0.989955482665116
An6_Tr25,0.99978127452101,1.02539873373273,1.03598727899064,1.03961466718576,1.02458214197436,1.01580757490642,1.01633361848626,1.01466328217398,1.01796025672454,1.00698702465438,1.00698702465438,1.00639264052028,0.996874247055779,0.997303645942581,0.939640906742324,0.924004881073179,0.965464411811228,0.965094640357356,1.00112174849281,1.01107518951519,1.01167923081481,1.01220510559358,1.00404659379958,1.0075490732504,1.00374515000158,1.01228114328617,1.02084193661118,1.02084193661118,1.02249713271748,1.01657585065634,1.01747060989363,1.02015293173709,1.01366029395077,1.00821532512986,1.00821532512986,0.999906788103486,0.976775313232706,0.977974075451902,0.964154281411329,0.958996403916751,0.959989950251819,0.96180463425117,0.96623140464366,0.966229861665129,0.965803031848394,0.962203521670582,0.930572870298509,0.931135907948664,0.95260361740723,0.941662503876086,0.940046367424577,0.947628982998158,0.959546200314583,0.955472704567312,0.955352965280739,0.954401245579361,0.951490307885943,0.951922818581119,0.9502072417055,0.942996528602729,0.948987600800039,0.949118219237178,0.939972397176289,0.937873286981153,0.946139838676385,0.943124529235451,0.938264131283509,0.938120449251545,0.94141847983747,0.92233081525659,0.905386653959502,0.902968685025737,0.885272344668966,0.889192034484508,0.884918751622919,0.946343532082783,0.957122920351745,0.957747964834721,0.963961574830103,0.956231264600375,0.937582147704069,0.937582147704069,0.930073701761551,0.92456795966058,0.925234427566993,0.916381427982335,0.914910305032525,0.917793362609136,0.918337714502185,0.912678136634205,0.911631639774169,0.911633184001077,0.911102516003792,0.913470561849119,0.921340339564753,0.918231603313402,0.913606720378129,0.91777645012272,0.916744741107811,0.915046371981413,0.913268395150724,0.915786790008973,0.919057807352576,0.911201647296881,0.915941289815262,0.920862420113958,0.91108244978107,0.944875738835611,0.945425650567144,0.952273427332548,0.890871747409083,0.892865570311107,0.922581574453276,0.941972796220778,0.945661874876612,0.957768003469901,0.954344528384773,0.966311613607043,0.967961433476909
An6_Tr26,1.15789596370569,1.16395294774424,1.19416418723013,1.12612049697606,1.13262050665037,1.05045423261519,0.962765673973723,0.935365002747596,0.935327025671573,0.937124324572362,0.943727030286606,0.943736859671741,0.93664237539287,0.937218743936724,0.937218743936724,0.930378618993199,0.925730886853356,0.925464808330194,0.924091570711659,0.921911576530454,0.929914913611984,0.929905815807542,0.92245888746422,0.923801376696004,0.939436674734227,0.939982473587088,0.950472029798478,0.913201508306896,0.913922395907177,0.83523769207667,0.853200830707137,0.850433651584271,0.859639259069928,0.857361951083505,0.866793521413363,0.866686145653625,0.87829601122313,0.872090418332162,0.871118691198588,0.86532496803129,0.8518291959938,0.853709319934138,0.844929683633723,0.84824694342242,0.861113748494602,0.861841014790678,0.853157275997295,0.851172682696703,0.851189793992287,0.85803234531421,0.867212382217169,0.868048665623591,0.868105475146908,0.86110579485455,0.858170004376749,0.86025111250508,0.863819289919284,0.862633754653943,0.862453843847444,0.860093270413239,0.869284350171326,0.872793536040935,0.874282242853506,0.871197875225703,0.88177823618343,0.882108934433079,0.884928129483651,0.896878790957393,0.896493927477793,0.907309963449576,0.901405928562291,0.898677109638415,0.89921433472981,0.900862706349514,0.907680748776794,0.907370340323263,0.907186427215202,0.899297916733817,0.899566718827928,0.887019751079905,0.887626705089243,0.884370122073675,0.884345110680719,0.889004131185032,0.96228716094811,0.963226189288881,0.989416607958994,1.00394199370326,0.994705351088756,0.994657888211322,0.978589024280799,0.989972077723051,0.990867025224413,0.980417440064116,0.958375374792484,0.935906631545966,0.934101970761867,0.920511821562038,0.911171190485357,0.91244587614112,0.899040175498666,0.890231212967585,0.890727127802521,0.880109985900699,0.881236920938644,0.877186788968301,0.876867938822163,0.877564130830562,0.867513504579781,0.86759790932453,0.870549564445427,0.849358213407726,0.850421359526004,0.853789330189207,0.865837988942917,0.878396560388347,0.87394606257108,0.877515402883695,0.882736892255839
An6_Tr27,0.868322064719117,0.868273314172698,0.901356327473573,0.985447610493814,0.985436239698723,0.981577800285083,0.985338192641466,1.00094060219184,1.00094060219184,1.01311156199953,1.01856789806241,1.015110912286,1.02394211270896,1.04135543100697,1.04804631683766,1.06624790204344,1.06645811457546,1.06476349830571,1.06476349830571,1.06703411152736,1.06519370756422,1.06431582883018,1.06923059702715,1.09035178453498,1.09125633404293,1.10180288207412,1.1361983375578,1.15772563005736,1.15772563005736,1.17158879917071,1.16174007620127,1.16192071475708,1.15179647553075,1.13527259211633,1.12436179821872,1.13226608165725,1.12482625074087,1.11470207940953,1.11449036629835,1.10782395620844,1.106817677532,1.10463453772726,1.07447035618478,1.00115622803327,1.00002191647282,1.00356568889595,0.995128432409967,0.999388035151215,1.00579237384904,1.00202274412242,NaN,NaN,NaN,NaN,NaN,NaN,0.778013376966248,0.84256617369243,0.842667329636845,0.858701331126804,0.870589888615554,0.873780780000412,0.873780780000412,0.874740801961702,0.888073285686934,0.892423405652954,0.892515580298629,0.896923306398907,0.908960916116905,0.908620412462782,0.866167128706283,0.853712696161712,0.851677230001684,0.877537509925302,0.886713805566275,0.886592853757477,0.87923702451429,0.878400818978997,0.878400818978997,0.864366513538119,0.851174092997975,0.849569391134765,0.849569391134765,0.85337525382825,0.851389398751918,0.851185970675134,0.850388041464268,0.853838152441921,0.85570606883808,0.855646629118425,0.848682630264521,0.853196701869559,0.852365062648036,0.857926232244323,0.855841593953077,0.856074049435963,0.852780557652106,0.854540628667779,0.879542821794224,0.88501970837999,0.843850840508598,0.781188040815538,0.782529847311982,0.754954694224706,0.757270405809894,0.776991121785914,0.776914889050982,0.795545569863482,0.808105018766497,0.807889790283562,0.808345321091801,0.799541318457337,0.799685229416266,0.801210673373095,0.795743345001808,0.797969665502066,0.798404317647139,0.794562177075945,0.787987898502011
An6_Tr28,0.997375351145688,0.989462484016176,0.993457518892184,0.987077931184059,0.986795423668955,0.985712787096548,0.983862350325761,0.987946325440113,0.986107260076781,0.989784281335559,1.01553177690792,1.02052331053638,1.02184554579014,1.01596532942545,1.01898490088289,1.01894235214003,1.00204633743246,1.0007660659781,0.997812667724811,0.995016989579034,0.988283487783699,1.03208356129746,1.03233167086116,1.04171168979628,1.05777537005605,1.05708920505993,1.07924418600521,1.0903173224556,1.09669291456883,1.09683853989,1.08004065065733,1.07381667025911,1.07450724188039,1.05079808454811,1.04409213981349,1.02703364893711,1.02612051807252,1.02193099360111,1.01642415970573,1.01704579657081,1.00348011991277,0.995283994300649,0.998290356855953,0.982940903334947,0.898275516424017,0.89835234370781,0.857432961511503,0.868980047766652,0.885879478964529,0.887376697498329,0.864414392385174,0.814825163126492,0.814295056064158,0.798980337177559,0.80778661848657,0.822529555297016,0.821516327120451,0.837312179970515,0.839117519357776,0.840473229360481,0.843553277314226,0.839542901511791,0.839504686369473,0.830347277981835,0.82433566321142,0.828112642174278,0.829844414663928,0.887896781167629,0.835081410860618,0.842384355258578,0.822287835911288,0.839242948919977,0.87485332702919,0.87194359784095,0.886498739969424,0.882569186670654,0.883362787848791,0.865670242122543,0.853991212190649,0.853784965630159,0.841056442783386,0.839937888904777,0.839451897838389,0.83276527009674,0.830391318671581,0.832208204412004,0.836713700578475,0.826355861553809,0.821638211311051,0.821638211311051,0.822136425031855,0.820916282955019,0.822433348118346,0.824746014946916,0.834803292970322,0.840697905949514,0.840627739838389,0.893063769658597,0.972050134175649,1.02825771071721,1.02810631228342,1.00696481017415,0.968587521503773,0.964771666175249,1.04253990101998,1.0482823374572,1.0482823374572,1.06754918152083,1.10706765461176,1.1345222140729,1.13478411035991,1.15629946267597,1.15205499314613,1.15166721694677,1.13456606864597,1.10981750980664,1.10927189720126,1.10615215125084,1.08486716487103
An6_Tr29,1.104002490155,1.12036525069951,1.09234153698928,1.09682698341344,1.07658053740987,1.04960942341725,1.05000602361715,1.02565974251163,1.01368343526599,1.00384677492908,1.00343445978049,0.984722778175958,0.940436981312934,0.940070519484574,0.924872101800195,0.905901502065286,0.892601223273079,0.893267926680216,0.881770309019054,0.88101988257181,0.876143501318859,0.942634461725615,1.02666689621925,1.0277783210529,1.07231919509404,1.10037023755327,1.0385995317753,1.04100195285832,1.02290965513152,1.02914498869529,1.02934093650921,1.07232147752104,1.0899493340029,1.09122959782399,1.09077694359687,1.07879414212177,1.0632916392941,1.06572741320245,1.05498589685786,1.04746835869717,1.04456878374592,1.05638920396989,1.04017515979946,1.04993040731774,1.05138248546977,1.03875113157431,0.950116210143198,0.949515757745217,0.899703378907331,0.883431737659279,0.884090806082176,0.910089559416347,0.882457501142919,0.867601782384907,0.866368782350926,0.866971170788055,0.853999939774369,0.843850902970166,0.838095571065212,0.839136051739188,0.839509726641211,0.83297968722653,0.822274098295113,0.809555456847478,0.814333449287905,0.810195792371039,0.802606368350646,0.807727169970767,0.813637547122448,0.803331526338025,0.802805709906085,0.803880071260852,0.808173008625732,0.833377145637787,0.832246902612601,0.844985968651181,0.853636492672051,0.85143497219173,0.858133971511167,0.877240597778143,0.9120345140836,0.910241300083833,0.917096271618355,0.907296742320083,0.907760791659281,0.893662075814391,0.898417728980798,0.898455734055099,0.897468035924276,0.949813808932763,0.962826611926169,0.961617523542695,0.961251036258525,0.977937124060321,0.979482942665861,0.984804907969985,0.972510840492819,0.946366355749097,0.947310096390072,0.936966769515837,0.918816527671029,0.918753848141984,0.901141135813333,0.884049335343935,0.889885743232747,0.879890056703281,0.874030528349911,0.880358156790401,0.880126379072933,0.877694682508932,0.879559295854765,0.883210365060402,0.897962827662389,0.964695571922978,0.965120757220088,0.966379772594793,0.947265061110741,0.954786516008715,0.955194700233614
An6_Tr30,0.992603855988416,1.00652561893946,1.00920575359521,1.01067584955412,1.01658822590978,1.00057673821036,1.00456803010584,1.00046960985644,0.988536061760083,0.989760566598249,0.991356149799073,0.980782913389811,0.988057648736233,0.995090454138213,1.00047407704299,1.00596540151844,1.01129173121537,1.010707717993,0.996763595648908,1.00075513844734,0.999355729012569,1.02902259462416,1.06730435592657,1.06699861689447,1.05691315184483,1.07642674684884,1.09730380306061,1.09893893808239,1.11759696528652,1.10547186465459,1.1060209637147,1.08324952530928,1.05543617158507,1.0568357022248,1.01432745421249,0.99881514386858,0.980396734177543,0.985177558293887,0.978297566355434,0.981555869665858,0.98436589302109,0.976448128891302,0.973848607870285,0.973848607870285,1.01230384259972,1.04338623484741,1.0501801407665,1.0447538100916,1.03749421921954,1.0076432017009,1.01510053343425,1.03598412029523,1.07711018408962,1.07702832809564,1.10266824800694,1.13205293194504,1.14609887288904,1.14620642137846,1.27431016890648,1.35646592163675,1.36231208621061,1.40972302444946,1.45037088598099,1.48328762865239,1.48617527212759,1.50107166720472,1.48931861476729,1.49107734206768,1.47200966494724,1.45336347866461,1.45299891501549,1.44055118124459,1.4269110615094,1.41589176110652,1.41547345103687,1.41562581301583,1.40297194448256,1.40341108721449,1.40739154859391,1.40224035990132,1.40570715929046,1.4114588548717,1.3807415703352,NaN,NaN,NaN,NaN,NaN,NaN,NaN,1.2624980317721,1.26430628267345,1.28931848539415,1.31992349514596,1.31935856503237,1.36872826578232,1.37478917685095,1.38495135598914,1.37957613910699,1.38575796416285,1.3726555570477,1.37498208434646,1.37253696706471,1.3674844959432,1.3674844959432,1.36188444858346,1.36133892761363,1.36412570546387,1.36688530246033,1.36384572312013,1.36543305589367,1.36407554646702,1.37319246058741,1.37484099210414,1.37295735225216,1.36991957485114,1.36049679109426,1.36025278143662,1.3677788782167
An6_Tr31,1.03485576602163,1.03485576602163,1.02373225249174,1.01405260155174,1.01405260155174,1.00290432080878,1.00758500620386,1.00561414837059,1.00404530294879,1.00297637951517,0.995890719109333,0.995085645877502,0.99985525515803,0.996671688439087,0.994329767631036,0.986377605566285,0.991595224771411,0.948197892341162,0.947322055620473,0.894213784950141,0.854850057071213,0.85220026682393,0.935563444416268,0.954768936764443,0.955642999179146,0.955457225681138,0.957590082021912,0.960510671329088,0.964528183090934,0.960977185243972,0.943608728995916,0.944862819208505,0.934755578418937,0.924299138955669,0.918688040319867,0.920076569866922,0.912898796663345,0.909931904065403,0.905460189892606,0.899727480942559,0.919903563825496,0.92131389789929,0.915771524031402,0.914434932936649,0.931491875297123,0.932459622826276,0.972006778848698,0.958621297299113,0.961404807376742,0.934256133153181,0.884970946250902,0.871479351423476,0.88629572169308,0.901112091962684,0.915928462232288,0.914102820660863,0.93614680879046,0.952893174329688,0.953136346832748,0.96563972021367,0.97304209356289,0.972517907818901,0.966884763175423,0.96409115850649,0.953521670217474,0.958716412647619,0.959001800844217,0.961595789045772,0.964943338483199,0.954621954612502,0.953783913202971,0.947594891551758,0.947258293735834,0.952519393119053,0.952381694994374,0.955375827921936,0.951965544741829,0.957070464106742,0.955819761271522,0.97495112363391,0.996926180793876,1.00465729881531,1.00465729881531,1.0067937015245,1.00246847391818,1.00005188234432,0.998119401932288,0.976645768515664,0.976553730446519,0.944556082343633,0.92851359412155,0.940883363057168,0.939113715500022,0.947066041512675,0.935778201714891,0.935284229378903,0.939764746679418,0.928891851326286,0.922384948122721,0.924232609991134,0.918286785937084,0.90757163520096,0.912797614086668,0.918435154846155,0.903159295303784,0.902991507118657,0.903144888090239,0.907860552397441,0.907623253328275,0.909538637098771,0.907079543380691,0.91890648611452,0.919834974223092,0.930627623113437,0.877458986893954,0.877075756712768,0.851765585514342,0.865944131832512,0.885060851843023
An6_Tr32,0.94365598818147,0.934909198427816,0.940984041804623,0.940315095821761,0.948440679173497,0.949771373464149,0.95226328208885,0.957139384834844,0.981354424206295,0.9870258008538,0.986359982321069,1.00352952091423,0.986658900835754,0.988748503750466,1.0365755924108,1.09907444073503,1.1113644897633,1.11240474739183,1.13942455302043,1.15117219302457,1.15117219302457,1.15573985817362,1.10188121349976,1.10188121349976,1.1023541069948,1.07584556811639,1.08950687501233,1.08730977864696,1.08698960211613,1.07780954496007,1.07809304422937,1.05965110148921,1.03840750001451,1.02260224373199,1.01570987572401,1.00398362011653,0.986088241581427,0.996128989231166,0.983760014439827,0.982984721362297,0.982984721362297,0.976952956126634,0.968483869369567,0.972034491555712,0.971198383977747,0.975276245961215,0.980264314274026,0.979513718528833,0.964744566886124,0.976755453450401,0.976592126346365,0.97883409287075,0.97558305366592,0.970639498771055,0.971260573290306,0.955716286342453,0.947327684435987,0.948208367616189,0.934332922663207,0.918239857617936,0.920148711547024,0.920623667836379,0.923960133411818,0.92168122219616,0.920817128027067,0.920726399094275,0.949133964470503,0.949374455033804,0.971419971235497,0.914542201318093,0.878977844297185,0.878743133700152,0.929702592859826,0.957934751493797,0.958417345661175,0.95805220085107,0.94960650774702,0.917899491713393,0.918591068484956,0.903376301614771,0.894860711403079,0.89733169060928,0.890890499461151,0.885653368357661,0.88841184228415,0.875952189328382,0.873693972474025,0.873760850908914,0.87063522377335,0.86567975234076,0.871340217045536,0.866650729174734,0.869255210470789,0.872307776078839,0.872685419398686,0.876786324869941,0.88099060569275,0.882752163408818,0.889731587347464,0.874746005529425,0.877143522743205,0.87662096030454,0.916630909012241,0.936043291002372,0.936817536507167,0.934658019491875,0.928021777643883,0.932457407515509,0.932457407515509,0.94403880844679,0.922470287172185,0.922658304614268,0.910407531075381,0.957690788373486,1.00498723191651,1.00758255912713,1.06603625182165,1.10060994858822,1.09943119149581
An6_Tr33,1.05771458008939,1.06110290672085,1.07081520699712,1.05550784533889,1.05119051180681,1.04644138004801,1.04588433302199,1.05296104180243,1.0337132726532,1.03346644930572,0.988318944682438,0.878002952905988,0.881730282939167,0.879514310806733,0.948048492730868,0.980308443610111,0.980308443610111,0.986270982790584,0.968699618139591,0.968737724549062,0.960443664196511,0.950489565823802,0.927533360480397,0.930369866990636,0.925329086134335,0.918481215602747,0.918136278419165,0.922135982178461,0.922903764987739,0.922464152100143,0.921812750395032,0.913690832345411,0.888184331604044,0.882882230256681,0.870861627283773,0.860827710192753,0.863709816979783,0.852250908053353,0.856982673907027,0.85825324839744,0.85825324839744,0.850877359895934,0.865208774099016,0.864441856476461,0.893932599075257,0.914988555211567,0.930386195428698,0.930386195428698,0.936495289790225,0.926881569137318,0.926741583868132,0.897984321551941,NaN,NaN,NaN,NaN,NaN,NaN,0.854976478964119,0.900524471655995,0.900647409843466,0.960537951792956,1.03092824808963,1.03615672163905,1.07552785315821,1.08854492209245,1.08740555756443,1.08929683566842,1.07193419353947,1.06164369296373,1.05966773807604,1.06195137877451,1.06365045937672,1.057888583582,1.06002458997663,1.05669444813594,1.06531722169141,1.06531722169141,1.07612068709312,1.07030056316579,1.07107647951495,1.07821701383604,1.07991701684576,1.07919658169312,1.07919658169312,1.08674098948418,1.08872321024455,1.08908468509519,1.09423918883918,1.09005605611112,1.08958201754023,1.08874886371292,1.08835279312664,1.07633228357008,1.07762974697133,1.08643458116458,1.08977105350441,1.08998696918655,1.10950039229538,1.11218950576557,1.11151707461367,1.12822921072718,1.14375094937508,1.1593678505148,1.16087857123964,1.19293907362699,1.21536271576187,1.21477300536655,1.22267938668815,1.27392380978162,1.40564884153373,1.40818846272362,1.46377648301484,1.5263341653642,1.5262913118289,1.52155934042638,1.55232373631501,1.54897415543264,1.53903831242753
An6_Tr34,1.01974619554305,1.01092261239751,1.0091568838803,1.00641310439041,1.01503293014045,1.01559431821385,1.00994095073296,1.00271630073693,1.0024642851996,1.00245171756457,0.995142518961378,0.994385722652612,0.994385722652612,0.99926756323151,0.994641221354009,0.993016571597909,0.993094077066645,0.975826496372337,0.965800807311359,0.968520596264249,0.981187949272096,0.979504384319154,0.979484496378513,0.998358047384066,0.999027715402434,0.998662033775587,1.01308821104278,1.01990316237569,1.01808199146787,1.01990984475536,0.997518669155649,0.969373718741484,0.968985917323461,0.961958807095317,0.957543527186964,0.940059987786263,0.940457349117302,0.94673224238742,0.92994303859559,0.929936801692981,0.912055949454637,0.935104501727811,0.935095348008729,0.947696573591255,0.941739441540173,0.937685259591726,0.937576769254085,0.934047807514183,0.932491974484577,0.932772604744822,0.915464855219222,0.82965765693157,0.794316836052438,0.794031666219604,0.760703883180223,0.769977126068559,0.770384145503201,0.790419388525759,0.79869955696115,0.798729616919842,0.803576585694337,0.789407949865748,0.788940577110762,0.792847347281443,0.7885435841156,0.78736876136175,0.78691050885195,0.792119879856878,0.748898130680325,0.749505871912939,0.682804964449718,0.703728933256008,0.730718049933903,0.739764557494406,0.751797133679523,0.747075950306023,0.747624709111606,0.743063747141546,0.742043554933109,0.744823314102225,0.744383147956591,0.748946898542098,0.711420289598307,0.711284605024868,0.719626822854183,0.743384525775648,0.742962478995936,0.781965721234914,0.789888934908491,0.788617542222117,0.788617542222117,0.785424728590188,0.792245815181618,0.79152119101477,0.781063654928321,0.776152714490886,0.77619510907761,0.781374547931286,0.779456191197465,0.77350877991522,0.773839932390665,0.773247723499172,0.770986959139683,0.771242757241376,0.762559384308575,0.765616751512259,0.765760847544291,0.772157150779361,0.75346613312008,0.701892861567618,0.702389835990809,0.728134535642897,0.748320599345817,0.748611279147051,0.746886381393082,0.729603120289498,0.714229606142937,0.714408373850205,0.706482377281776
An6_Tr35,0.950424984744055,0.987053258118594,0.992574815198757,0.993890941551588,0.997504969824679,1.01471684601603,1.02886425104021,1.02714810430361,1.03117883805505,1.02583151857465,1.02584076578728,1.01616718819237,1.00047923191895,1.00308097311394,0.990326949589444,0.9857031859089,0.978463120023025,0.978724216168961,0.972025841869919,1.01250726196171,1.01345522687186,0.97979162718718,1.0480619479534,1.08222750009484,1.08222750009484,1.10772875776997,1.10605071814719,1.10424415988721,1.09655796452633,1.0828006909419,1.08426619359164,1.06609022605495,1.05829547535794,1.05712568346067,1.04548744383702,0.994998375195348,0.948106920583238,0.947112431621293,0.93036997655349,0.933914948794742,0.935121979298976,0.95618877911835,0.948585996308091,0.950471123756453,0.950471123756453,0.942316978918372,0.957196196898472,0.95737645888773,0.955022771163156,0.948279402024732,0.947502786204546,0.943276573292748,0.942860851105022,0.946240628039545,0.946958110581115,0.956427313196566,0.949781988537092,0.949117484341282,0.948598432603004,0.940211822846188,0.944961064266616,0.946205039018522,0.947002166736319,0.947849720791468,0.951001462349181,0.942975282961443,0.946123508917339,0.947178038846388,0.942273220978063,0.941649411194408,0.947446854760411,0.947817014736457,0.949311635785786,0.944629207061975,0.944769296827385,0.944068445317931,0.940260579271772,0.941508162552777,0.981991307430961,1.03625012271622,1.08222279725388,1.084014745283,1.10485770093798,1.12841785138944,1.12892437393247,1.12940212461153,1.12076512365105,1.11718368104899,1.11994670953586,1.11054804115121,1.10690532237037,1.10156682657485,1.09003014530887,1.09757912262467,1.09757912262467,1.10191776818367,1.09367397312382,1.09034552559016,1.08823481364083,1.08915773574991,1.10980279509129,1.10913025715384,1.14156796949885,1.16167817371397,1.16601174255236,1.16860370211454,1.16318532068947,1.14696645818408,1.1477942022545,1.15047283591348,1.0657949168837,1.0663972519365,1.03679347717843,1.09713774295141,1.1060746747369,1.11113492099151,1.14511518548656,1.14939699305984,1.14939699305984
An6_Tr36,1.01970537307166,1.01498866204568,1.01365639850254,1.01863684006513,1.01863684006513,1.01776978158178,1.01951878314537,1.01933147966577,1.01381370160756,1.0175322568634,0.99895634340948,0.999740841036091,0.949191759029369,0.952006795435687,0.958157974259254,0.982176174668637,0.991666029537397,0.993642390319058,1.000871575691,0.98878260273683,0.975829098708575,0.978556043009942,0.984406285273897,0.965799442764971,0.967562102401782,0.965204323626859,0.980705856484507,0.980834834964554,0.97996720868687,0.97444320377924,0.954026573330023,0.953390728198049,0.949233722459351,0.931785100777712,0.935894096387935,0.923255574825565,0.927204143200218,0.918228091294947,0.918673837548402,0.921047161901668,0.915259430108923,0.914326602503614,0.918123302707514,0.921968594983625,0.922278284345647,0.918457016291163,0.927486797926803,0.931811854935537,0.930614763427999,0.924548038539303,0.918477283878334,0.918335097662029,0.92545915235219,0.910509962378541,0.898013609431385,0.898013609431385,0.890698754937515,0.881489869717838,0.883073936084057,0.885197666941439,0.891126845690115,0.891346921371901,0.893852373008743,0.89799989905273,0.90648192676482,0.906440756007791,0.903994038224404,0.925386521618006,0.927533582094441,0.951679261107292,0.928548140163817,0.928931380489602,0.929394822909772,0.912221087274923,0.928139877147784,0.925855772295872,0.929884526247834,0.914643593925821,0.91554347678162,0.906070352807844,0.894508863591356,0.887893324754923,0.894637784295057,0.888787361851099,0.886097931355201,0.886097931355201,0.883673873956618,0.877250162603491,0.87675300593746,0.874227466944464,0.871093666163108,0.866829450202055,0.874002439337335,0.8745864241995,0.884232226028925,0.884232226028925,0.903593493998773,0.914358142866068,0.921578029015256,0.935036943398652,0.926749360098664,0.925248971355883,0.925248971355883,0.931221950653863,0.947008942184464,0.948632415347121,0.945721383814374,0.937389053864136,0.93719448738672,0.928088208839362,0.927442025847231,0.923315274990493,0.921911999330012,0.919464971917822,0.919408916129162,0.919408916129162,0.919404716455962,0.921900820365905,0.924833989539958
An6_Tr37,1.03086878423611,1.03242378075486,1.02704425013491,1.02644346080381,1.02644346080381,1.01307813997408,1.00658890249034,1.00973548248695,0.991483933104152,0.986413444061476,0.990032569476509,0.989830581916273,0.980352787816425,0.976250861139479,0.975613016871581,0.98454304559106,0.97863490052922,0.986269295585212,0.987949302223738,0.979390554090614,0.980523150872946,0.983918787746391,1.02846357518036,1.03025703541026,1.03353888663231,1.04435432718167,1.07140829492361,1.08810944688983,1.0903750278163,1.08999936837129,1.07805770335704,1.07711828155611,1.06051155718709,1.03989015118226,1.03772774383744,1.03071739062638,1.01317081266384,1.02058454371993,1.02171356400726,1.00802125902348,1.00583091745189,1.01126534414724,1.00388233016595,1.00639452855398,0.974996869415707,0.975095297639057,1.00612256725231,1.01516946893247,1.01406049357686,0.952673255977839,0.917121745643655,0.917121745643655,0.915362298691586,0.935984068434791,0.938801558568705,0.938497805039629,0.94323722975964,0.94160171881923,0.941646613168186,0.946520942630617,0.953284011907602,0.952763153317835,0.93938535206471,0.939876085843627,0.940357462175647,0.940357462175647,0.937284287898007,0.930033066651208,0.931944957669871,0.930068572147573,0.929586832406672,0.934016822107075,0.929310288789043,0.932901763164866,0.943016307033252,0.955055151994683,0.964968508171874,0.959660973506295,0.96353102997416,0.955827029182944,0.949761789186189,0.94885042821921,0.94885042821921,0.946877973963169,0.948723848362741,0.948866749358034,0.954603053371958,0.914943314069516,0.914611472130975,0.887125084734017,0.926950226810047,0.973009940558594,0.972870990216759,0.990767422070952,0.990100156319207,0.992213993941205,0.971831882414007,0.953217857111905,0.953213136957952,0.941082200789811,0.938589086969129,0.925224680547917,0.925048698506659,0.912103765704461,0.914089456172406,0.912392264457631,0.918923512770035,0.922506208099801,0.928548652954947,0.928839229846651,0.932542209231123,0.931961005034285,0.931411444621609,0.93863243135156,0.931580808087561,0.932514285537206,0.92689544020493,0.926016517992642,0.91337864470187
An6_Tr38,0.995792222186617,0.995668385344461,0.99216017246491,0.999095287173951,0.997370633648377,0.99897290311526,0.990782310093299,0.999987599766203,1.00213330502904,1.01107461045188,1.01395650669215,1.01434355433568,0.999453932691116,0.999495040580891,0.997950578430421,0.995814259135009,1.00082147229161,0.997373248100548,0.997753978468571,0.992176780368831,0.996305746543417,0.992540731145724,1.02576764104557,1.06068168594966,1.00403246339874,1.00547681826137,1.04474746308465,1.0916760695057,1.09366268247102,1.09814059323043,1.079629652885,1.07575838115757,1.06965940709722,1.04833122841949,1.02340088454963,1.02566268129411,1.00858677859455,0.996170184857014,0.995212824603686,0.978632044464181,0.940152343920049,0.936389585672983,0.898240943596494,0.887161295434842,0.902448853867154,0.904271206427329,0.932728218345252,0.934804781976888,0.934744715880033,0.939380613547075,0.936147555812346,0.938585166114206,0.938849036317594,0.931456982765892,0.930812329855016,0.933459027825569,0.934385695218835,0.931357032702489,0.940142858038269,0.940863101867913,0.93336382848436,0.940317078745414,0.939853981163693,0.945777836617864,0.940267841235927,0.941679659473533,0.950363409029445,0.953892936433629,0.953892936433629,0.956140984064094,0.965214613802526,0.98760073344497,0.98760073344497,0.998999749114178,0.991644140671229,0.991644140671229,0.98539375337088,0.987839554174792,0.989450269625369,0.989450269625369,0.991501308081802,0.986921329112326,0.984439574423492,1.03406601202625,1.03869952979548,1.03945336187981,1.05215371970198,1.07794884035195,1.07787041627702,1.08076666666042,1.07070991370309,1.06107091117429,1.06107091117429,1.04750894552837,1.02515340721232,1.01148453467916,1.01148453467916,1.01302539806762,1.02292818342767,1.02310528856764,1.03889674157415,1.04246792834089,1.0423532655121,1.04550187072728,1.02662278404899,1.04040790965453,1.0251370310461,1.01600433758405,1.00610365381795,1.00718611393735,1.02012895452922,1.05983256293442,1.06492144316738,1.09184213897363,1.09497947971621,1.10726184063195,1.11251845998236,1.11742716695855,1.10079664663681
An6_Tr39,1.01197920740464,1.03361454307882,1.03590996238449,1.01046806828057,1.01349670270169,1.00274184801319,0.996082030087668,0.996452484332443,0.991928453374824,0.989341250484404,0.988387460959334,0.975011054644968,0.963886177892832,0.973172402333135,0.972587657319242,0.993294725388142,1.0123122261714,1.01581313801755,1.02352060713066,1.03102205349915,1.0315453926224,1.04184856052672,1.04702937356786,1.05436489367883,1.0577185434437,1.02901529749405,1.05228903431512,1.05186645386256,1.08210247296296,1.07962114388239,1.07445499206637,1.07480176388118,1.06265351864362,1.033918015012,1.03654765500469,1.00768385923208,1.00155661366217,1.00129960584204,0.988653211229451,0.98763580478965,0.985846945387972,0.985854344974008,0.978473758174396,0.977806927405225,0.977806927405225,0.976048458660507,0.963688631641563,0.957140189199151,0.957140189199151,0.965899206119846,0.981438789841754,0.982822338978772,0.949251128830108,0.99921946498864,0.999098027361552,0.995512452765626,0.990985738124057,1.01140077558399,1.01140077558399,0.998137411364292,0.988126512657169,0.988126512657169,0.993893732557011,0.976909562207037,0.946266589528454,0.946266589528454,0.93174792909777,0.949475138672556,0.950524268662374,0.964183019327014,0.966123392128071,0.968294611239061,0.966867514519662,0.962618901079117,0.964746224288502,0.97136917197056,0.98203489372052,0.980284400353311,0.980284400353311,0.984935798363348,0.979275495506242,0.981997496431879,0.983095324999242,0.983034408396282,0.976581229483907,0.975757475661487,0.974933229146569,0.974269886837903,0.972873364936831,0.979678604937273,0.97752140350552,0.978998469878315,0.97115219367921,0.919452482960561,0.93307812017698,0.93307812017698,0.923003591612661,0.96733377785246,0.96733377785246,1.00090492299519,1.01009576295013,1.01039470491069,1.01039470491069,1.0111669906138,1.00270561320319,1.00192841342077,0.99611581936007,0.988440457576123,0.988440457576123,0.992985638392673,0.985851689152863,0.982034092619794,0.982034092619794,0.985082450515282,0.977327605423289,0.977953365456441,0.979416330291336,0.979596276349611,0.980470854300022
An6_Tr40,0.998255685854383,0.999185869216296,0.996992994783023,0.992051544468949,0.992575342128877,0.98511616077979,0.985513488320643,0.981749315528446,0.986005245751941,0.988529999143412,1.00394911369444,1.01780947638182,1.01384796453202,1.0289086996771,1.02691263732529,1.00292500210238,1.00292500210238,0.993280085255123,1.00346637295369,1.00399672487519,1.02372347289199,1.03652539207295,1.0429700072223,1.0443997653795,1.05147810342137,1.06149669202251,1.0589911022825,1.06159974702375,1.05955430072103,1.06255121488326,1.05562127828803,1.04539280933715,1.03592114819852,1.03592114819852,1.02538558481193,1.0203280339462,1.02037987255944,1.00888867588836,1.00647131998607,1.00426142999967,1.00441411465164,0.954786014685494,0.944513231555706,0.943633877725699,0.955442506023807,0.961902532031787,0.962338595382026,0.967428977533844,0.973613006307311,0.972033608518403,0.970463513320718,0.967538786207072,0.967135548546185,0.965464392319885,0.971164786767568,0.969125840708082,0.969448924614942,0.968306544482625,0.96443565657799,0.964656206659577,0.963416074292113,0.955939038529576,0.954850797109648,0.955402964500907,0.957105431265171,0.960488592011911,0.966593486818226,0.966792688925822,0.969048438991967,0.969339470677935,0.96432155124503,0.958399376190973,0.959468985607806,0.960502526089391,0.976849977064984,0.99308906979336,0.992076150389574,0.993747704246999,0.994188778067055,0.99399805299974,0.987106913006125,0.98996660869939,0.984895827727357,0.984306123478397,0.985298945111554,0.974257583719766,0.965704851670539,0.965322162261096,0.96755221612367,0.97968167094293,0.98267893337928,0.974201174803415,0.97624658954858,0.97624658954858,0.98168608985289,0.961806071019689,0.959825976949602,0.960765338146227,0.957097568593471,0.951276878422331,0.951765368376018,0.945279902507761,0.945727521186981,0.945003740612385,0.947675691630037,0.946392650861594,0.941531109652308,0.93970578099868,0.929782571740607,0.929522885113656,0.931694327348835,0.928504192627015,0.930597968840016,0.926232361438256,0.926887566670927,0.927917197706868,0.92157527013113,0.923016233037803,0.927528382875696
An7_Tr11,0.987777972811934,0.992128301135717,0.991434649500578,0.995213273937828,0.997469736557135,1.00047286219083,1.00058538979671,1.00501564099676,1.00343570085389,1.00433940777685,1.00452013738767,1.00501783366302,1.00530202146461,1.00530202146461,1.00286864026773,1.00304850984028,0.99839857684066,0.999442017032502,0.998227306480677,0.998227306480677,1.00357319395705,1.00769087068261,1.01266563326462,1.01266563326462,1.01891999464014,1.02798045632661,1.02761398988826,1.03557183144702,1.03228376460938,1.0305031275656,1.01721736093421,0.977698416389132,0.984728486067778,0.984728486067778,0.986925433764954,0.989492379784693,0.989492379784693,0.990198898431174,0.994779175315279,0.996241163074124,0.999230380250585,0.990582794641324,0.986711677617463,0.98654213155993,0.988761174557567,0.989367549646924,0.988703230746907,0.995229544483487,0.998752023331678,0.999668006142001,1.00035135705839,0.980560276381737,0.991504269401391,0.990652911942999,0.999445800075975,0.997367183294815,0.996570035067364,1.00078565207413,0.994027707447245,0.997423270877481,0.997229151982364,0.996981700884632,0.996274150069093,0.99656628495368,0.996781271588869,0.994570720271518,0.994138172144591,0.99644910391146,0.999065999718225,0.99693363199163,0.997323183147813,0.992207444598606,0.991432598512654,0.991558862677285,0.99871360417813,1.00034083098544,0.999090236899853,0.999556355750125,0.998510069835529,0.997520179068583,0.999188152837758,0.975459401492568,0.998413955107022,1.00055690978461,0.993239208176353,1.00887136562756,1.03095760824533,1.03090213879848,1.03621705073516,1.03294891025114,1.03231883904173,1.02913023359348,1.02940230475053,1.02266288546698,1.02315416474591,1.02110320106658,1.01436072040189,1.01301161611544,1.01653466989321,1.02074777124718,1.01958173169674,1.02374723857811,1.01964190214298,1.01961449011247,1.02212849199422,1.023195938001,1.02240685143617,1.02002515655827,1.02143631782841,1.01978284433702,1.01977715107981,0.9907427509941,0.994098136643543,0.991453376879561,0.990480661545188,0.986823267324882,0.988201488656978,0.988928373125533,0.990016285865187
An7_Tr12,NaN,NaN,NaN,NaN,NaN,NaN,NaN,NaN,NaN,NaN,NaN,NaN,NaN,NaN,NaN,NaN,NaN,NaN,NaN,NaN,NaN,NaN,NaN,NaN,NaN,NaN,NaN,NaN,NaN,NaN,NaN,NaN,NaN,NaN,NaN,NaN,NaN,NaN,NaN,NaN,NaN,NaN,NaN,NaN,NaN,NaN,NaN,NaN,NaN,NaN,NaN,NaN,NaN,NaN,NaN,NaN,NaN,NaN,NaN,NaN,NaN,NaN,NaN,NaN,NaN,NaN,NaN,NaN,NaN,NaN,NaN,NaN,NaN,NaN,NaN,NaN,NaN,NaN,NaN,NaN,NaN,NaN,NaN,NaN,NaN,NaN,NaN,NaN,NaN,NaN,NaN,NaN,NaN,NaN,NaN,NaN,NaN,NaN,NaN,NaN,NaN,NaN,NaN,NaN,NaN,NaN,NaN,NaN,NaN,NaN,NaN,NaN,NaN,NaN,NaN,NaN,NaN,NaN,NaN
An7_Tr13,0.998776542298917,1.0008842033678,1.00547617487116,1.00629263603128,1.00530644859692,1.00517869219923,1.00511919273226,1.00828391429817,1.0036239013427,1.00129081129704,1.00354433766517,0.984844584367268,0.988180982153051,0.987706652321966,1.00177118623968,1.0048556796149,1.00231332115633,0.991815543043281,0.994735196402862,0.979211456793404,0.979211456793404,0.97408158509722,0.979742223129893,0.981119375783674,0.989251186964226,1.00129475883377,1.00137752194717,1.00754707852907,1.00808166970189,0.997224251434956,0.997518116333431,0.995803504762084,1.00379060869392,1.0044466502517,1.00327663402806,1.00654298742079,1.00900059205298,1.01060063764059,0.985618572056482,0.980656496605935,0.980656496605935,0.984582307602618,0.988892613160055,0.989133833726705,0.993030772447511,0.992103223277198,0.988477241075172,0.987511916669765,0.988633249905632,0.987663834115809,0.987663834115809,0.989745448370492,0.995195596326654,0.994351146805637,0.991940319417146,0.99396509655753,0.996870001921615,0.997645365749461,0.993498363312719,0.98394289484014,0.983513163081511,0.993052603092257,0.982026186257187,0.983305212733834,0.983107732247166,0.991429596569722,0.993481612623354,0.994043997757815,0.997958902028295,0.995246905547468,0.999580769617914,0.996112839661495,0.995627796062094,0.995857470065017,0.994939238862862,0.998685694159007,0.999940141976039,1.00018151730515,1.00144437855538,1.00900054623503,1.00665608263813,1.0065152250804,1.00810977441941,1.00821886727482,1.01001298588784,1.00964481362412,1.01142552030154,1.01170992156485,1.00853307408374,1.01103831020547,1.01195411195274,1.01049947089517,1.00741764170428,1.00060342230198,1.00060342230198,0.983199236988222,0.956890745300581,0.956890745300581,0.974264166531466,0.949415338201952,0.954476799837796,0.954476799837796,0.976094175916343,0.987479523975642,0.987029460686527,0.992222571192627,0.991645782644496,0.992854898564975,0.990059706025831,0.997722175918138,0.996152617811245,0.996183592446354,0.995597618239355,0.991847516453886,0.991622614379016,0.99186077857884,0.942245022637103,0.952734460763573,0.953049022317003
An7_Tr14,0.998299937379339,1.00210048582122,0.998299986025592,0.999345586367788,0.998735478268115,0.999675844336654,0.99700623597393,0.99700623597393,1.004102669184,1.00383683355694,1.00388831976559,1.00094316454218,0.981238884906554,0.988441358089234,0.98806518503491,0.992738931830319,1.009123556853,1.00955709974624,1.02759420634446,1.04336087778881,1.04229932845426,1.02892627427681,1.03946643217418,1.04473252050094,1.04306889852841,1.04381652511335,1.04273006716674,1.04168889249522,1.04159892942123,1.0380715999878,1.03811700877794,1.0231094963406,0.995089176990087,1.00613975862582,1.00613975862582,1.01164438974011,1.01465376214732,1.01465376214732,1.01273318775322,1.00463677238864,1.00399074922372,1.00399074922372,1.00149446681044,1.006519742497,1.00677604566345,1.00203002029951,0.997939143590312,0.997939143590312,0.999196378104578,0.997569077183473,0.997059310213722,0.998218288163911,0.995360392413059,0.98888200461997,0.988889159114236,0.990121667966139,0.995959716808216,1.00255847283689,1.00185901146449,1.00668764361043,1.00259647710583,1.00279721540018,1.00418700080588,1.00504426164542,1.00358521130889,1.00590093297769,1.00560680741738,1.01095478246221,1.00716798631539,1.00975953860822,1.00979257266493,1.00844909755304,1.00574777304024,1.00893754509373,1.00607823874339,1.00815263730853,0.989368819712838,0.989506387555518,0.989599372632273,0.997964048976236,0.996518678329032,0.997454240311137,1.01499735753386,1.02298164870664,1.01716467529783,1.01777738003659,1.01535659114169,1.01385979562009,1.01288597062897,1.01895909242142,1.01333279129563,1.01170417660118,1.01375028867859,1.01340315013838,1.01083605378721,1.0106657636973,1.00904572299325,1.00892488513478,1.00770768709334,1.01344753996857,1.01192407415744,1.01108603238518,1.00931389700413,1.01447384138921,0.996712329286144,0.995656174425161,1.01433282164376,1.0302795898652,1.03031358663385,1.04074264595561,1.03968612296451,1.03913648706506,1.04537691050699,1.04064966533268,1.03897639760074,1.03783360436445,1.03607800025472,1.03196586831558,1.03082319473393
An7_Tr15,0.992407483415609,1.00867398003639,1.01299820897758,1.01355764397028,1.01361627757968,1.01258684948913,0.991996316355351,0.987702526826353,0.986191138512579,0.997345298538234,0.990553256293213,0.990453947763491,0.993307636404275,1.00259307668945,1.00259307668945,1.00585185378893,1.00111410988091,1.0012162156727,0.995241103116405,1.01279847674856,0.998167260485073,0.998159374966455,1.00153889021853,1.00506304424042,1.00613530300124,1.01260870734426,1.01747805491048,1.00933022687744,1.01074998950122,0.985845024017923,0.994336952120206,0.991514725198385,0.989578295845361,0.988316712419895,0.988316712419895,0.983384862548737,0.98621805895745,0.98621805895745,0.985257608690357,0.97458027294025,0.944662102801337,0.944662102801337,0.957749513117348,0.969019499622169,0.969318108405544,0.981078466604433,0.983193880978153,0.984306616530878,0.983387918391312,0.97625051259805,0.96463702002772,0.964634744785936,0.970066369208192,0.974021999944031,0.980106387493729,0.98010329188958,0.990882482949219,0.99564812251518,0.99277598908026,0.999830734799107,0.997694878705448,0.995858355842595,0.995818677154499,0.997212566798912,0.991947363792465,0.992556631870622,0.991453201207168,0.985823502216835,0.988288910000561,0.986788858850247,0.981219395245599,0.979705835874651,0.96048313322224,0.967440557164739,0.96415316246162,0.964374334095931,0.972784860566144,0.978924082350728,0.978742633058084,0.979112085019301,0.983866162904819,0.983866162904819,0.987233764013806,0.984796165648767,0.98826912414191,0.988561527867465,0.986223604204502,0.984625215588615,0.986004594855753,0.98375715719699,0.98056205098126,0.978578527034932,0.980011521608463,0.986718382595187,0.988673430873248,0.989437959053043,0.990564024986258,0.99203971070393,0.976493922862701,0.978553773661493,0.972590359302531,0.971740480096191,0.973275488151089,0.989600875372259,1.00040743061145,1.00046870119174,1.01201426865831,1.01396228701943,1.015257241563,1.01320586659557,1.01212160869479,1.01420985749006,1.01330956621175,1.01284753741087,1.00862693331159,1.01011739149802,1.00936245602406,1.00665305073469,1.00813170850717
An7_Tr16,NaN,NaN,NaN,NaN,NaN,NaN,NaN,NaN,NaN,NaN,NaN,NaN,NaN,NaN,NaN,NaN,NaN,NaN,NaN,NaN,NaN,NaN,NaN,NaN,NaN,NaN,NaN,NaN,NaN,NaN,NaN,NaN,NaN,NaN,NaN,NaN,NaN,NaN,NaN,NaN,NaN,NaN,NaN,NaN,NaN,NaN,NaN,NaN,NaN,NaN,NaN,NaN,NaN,NaN,NaN,NaN,NaN,NaN,NaN,NaN,NaN,NaN,NaN,NaN,NaN,NaN,NaN,NaN,NaN,NaN,NaN,NaN,NaN,NaN,NaN,NaN,NaN,NaN,NaN,NaN,NaN,NaN,NaN,NaN,NaN,NaN,NaN,NaN,NaN,NaN,NaN,NaN,NaN,NaN,NaN,NaN,NaN,NaN,NaN,NaN,NaN,NaN,NaN,NaN,NaN,NaN,NaN,NaN,NaN,NaN,NaN,NaN,NaN,NaN,NaN,NaN,NaN,NaN,NaN
An7_Tr17,1.01703675676851,1.00992551261919,1.01062654791947,1.00694979221683,1.00073858299248,1.00073858299248,0.979943295150241,0.970870081036492,0.970314395892299,0.982695489507826,0.994012203010997,1.00396383515394,1.00382508854705,1.0124072335663,1.01118749945476,1.0098810349867,1.00671242165456,1.00357703775438,1.00459460877549,1.00854222132219,1.00289743684371,0.986577315328498,0.987626739113144,0.978649716804523,0.993861826982746,0.993655607429889,0.999871677228159,1.0014157836118,1.00429246108192,1.00372612451917,1.00543863706327,1.00452915431794,1.00131916950845,1.0005995013791,1.00313377406925,0.999992176111086,0.997360787761315,0.996444002051036,0.994419335176538,0.999275889326659,1.00031297004072,0.994858640255217,0.994858640255217,0.994221620303835,0.993137167050396,0.991851740776635,0.993855250706907,0.993767265865056,0.985478265182413,0.984761007694228,0.990634184114331,0.998803672251854,0.998135139502037,1.00769529199689,0.989071562363956,1.00010283291508,1.00010283291508,1.00637457482939,1.01154829713331,1.01152358416178,1.01667695837935,1.01623737840833,1.01851895867688,1.02452935984847,1.02657406866134,1.02343151508188,1.02340817915068,1.01456589527549,1.00499132369185,1.00535332962883,1.00583721073152,0.972288722243625,0.972194488789,0.990928048398163,0.982671168765933,0.991785683149024,0.991729931586698,0.996698014703423,0.994290032656674,0.994113667257932,0.997125426719652,0.997355308435016,0.996866156300157,0.995998635889111,0.995793129153545,0.998463210928055,0.994501851491055,0.995886304598622,0.994983309646565,0.995807116838646,0.992629597444036,0.995060582691234,0.997265533271017,0.997265533271017,0.992993422269266,0.996265272314702,0.996927398160482,0.997920510188375,0.996569426318094,0.99308458508846,0.992881436814518,NaN,NaN,NaN,NaN,NaN,NaN,NaN,NaN,1.00652567788868,1.00756121685975,1.00604058719387,1.00892550823051,1.00876839231378,1.01052088208298,1.01238638643491,1.0111403887976,1.01165716048537,1.01301708431578
An7_Tr18,0.993422587034145,1.00306684498361,1.00448184464088,1.00391799424041,1.00387904755913,1.00807982134176,1.00345278119388,1.0034336614325,1.00592750976705,1.00575971143274,1.00553260898593,1.00966140953369,1.00733406000641,1.00028061692264,1.00028061692264,1.00000664844374,0.980700177954785,0.97825764659124,0.982524411012833,0.98590003717971,0.987255130511996,0.991292187037228,0.988525361935154,0.995974236435763,0.995703156458754,0.997114646570139,1.00254513849467,1.00265569964888,1.00899632231015,1.00682781897909,1.00012113918262,1.00012113918262,1.00368846988872,0.999741641546601,0.999741641546601,0.998332666390058,0.992156585369496,0.991700831075611,0.989371053527672,0.989594372093985,0.977709006327304,0.978168168108174,0.974849158911692,0.980088072062904,0.984771695236661,0.988663925550655,0.990060198808517,0.989204784259783,0.990655060066664,0.995323977252934,0.994869076288863,0.997575315857211,0.996946420389601,0.999798845174894,1.00044578756856,1.00155028771038,1.00260508167025,1.00335728298565,1.00502127567385,0.978343148938013,0.981558725405872,0.98096723319794,0.981715797606038,0.990142692466361,0.991108979526475,0.994080655594479,1.00260524925244,1.00791874333718,1.00791874333718,1.00926003916627,1.01558819825526,1.01583751754519,1.00937144602605,1.00729252656793,1.00683251898459,1.0076675408337,1.00836823359138,1.01156978707673,1.00452456639855,1.00360996675055,1.00257466456232,1.00302383793013,1.00510441852153,1.00079233517205,1.00295676193626,1.00316564908206,1.00225855614494,0.976534722621071,0.976534722621071,0.994155272286881,0.986225810668833,0.986320784896068,0.987340279079532,0.988420164956629,1.00678916813616,1.00678916813616,1.0178659006559,1.01283771427523,1.0115415481002,1.01128931460083,1.0080977490153,1.00551237651123,1.0060610611998,1.00138274580335,1.00255776480194,1.00285668643664,0.997117431818482,0.996791699829011,1.00079452181119,1.00068751470376,0.996171598327248,0.998612805071311,0.997120187075891,0.996595093583946,0.99621693785935,0.995061817500687,0.99546583821637,0.995523339785467,0.995200916141839
An7_Tr19,0.998926741305297,0.997638228729976,0.996451073076202,0.977201562641401,0.97101917389502,0.98605862390876,0.98620823081763,1.00284005165533,1.00502416744016,1.00626287093798,1.00921866222433,1.00712410504662,1.009360393371,1.00683179046333,1.00535941476595,1.00693872033964,1.0093693048787,1.00989852117304,1.00826836332964,1.00826836332964,1.00399176044928,0.978296341942115,0.998772897742469,0.997623527989634,1.00384918160739,1.02528897343445,1.02526073412032,1.02861444356016,1.03269684196773,1.03269684196773,1.02075458404674,0.999050688612377,1.0000903572638,1.00095780027138,1.00555372263865,1.00883472366034,1.00911016160815,0.998589367372456,0.982037337140013,0.981911861573211,0.990605742440685,0.997015878383228,1.00066776867243,0.999178836438855,0.999901861582162,1.00159080915988,1.00463172686443,1.01059481667949,1.01007941191474,1.01157787361361,1.01157787361361,1.00822168423526,1.00748433106437,1.00789259203555,1.01121906526417,1.00541671165004,1.00542714039296,1.00915789303474,1.00917371745958,1.00983965151442,1.00941494292666,1.00400785591601,1.00683273976768,1.00715260674373,1.00997191288601,1.00906433902304,1.01222120633931,1.01246332236835,1.00719572765447,1.01215050267839,1.01225465511851,1.00713614588596,1.0099815570854,1.00820140268673,1.00974265017848,0.99828308634127,0.99828308634127,0.992730235346259,0.996911030365747,0.997155780610264,0.997073856338274,0.990594213550668,1.01811610877505,1.01704072381028,1.02140531340105,1.01392283598617,1.01748295398539,1.01600619216296,1.01451882752158,1.0153190145093,1.01431622478351,1.01294852150787,1.01110915668397,1.01289124213532,1.01090089659236,1.00951407180445,1.00705713162711,1.00705713162711,1.00792581359835,1.00668957787538,1.00672785115979,1.00738191951271,1.00723244130803,1.00606963318017,1.0037636834327,1.00812761696987,1.01366715331982,1.01296996492643,1.0113090140906,1.01181612044246,1.00662331694974,1.00846642163866,1.00928108275261,1.00485067312067,1.00672200195383,NaN,NaN,NaN,NaN
An7_Tr20,1.00321993986487,0.977707736729734,0.977707736729734,0.990222812306446,0.996160189370482,0.996160189370482,1.00085324648123,0.997600602759004,0.998246001610528,0.995507377963612,1.0085111279821,1.00860362582915,1.00971823244107,1.01150907468886,1.00940969938314,1.00936984040836,1.00522289771226,1.00216906268895,1.00210060567999,1.00381750167534,0.996653463532196,0.967274738227509,0.967515614615559,0.99338906929472,1.00909227979936,1.00904923122531,1.01853429570931,1.02712382546841,1.02669290807573,1.02711635230742,1.02672187244235,1.02992980921611,1.02985297798368,1.03069930532162,1.02917277607848,1.02869731476267,1.02348054471617,1.02334642174297,1.02393398148326,1.02303925777264,1.02367939304621,1.02276299122663,1.02383790785223,1.0218815275819,1.01753301940669,1.02229297728937,1.02500576116565,1.0223349193822,1.02261228043576,1.02329188564032,1.02125008775207,1.02553372771564,1.02534730571511,1.02865220776148,1.0279305712492,1.02990216778435,1.0306929897954,1.02935499375421,1.02942019576515,1.03067197976553,1.02554181377484,1.02219424707782,1.02223414981137,1.01996511058656,1.01812933554836,1.01754302581456,1.01754302581456,1.01692599975289,1.01040588713178,1.01081632657509,1.01360728598959,1.0137039219377,1.01364804354716,1.00923746674119,1.00824113427854,1.00896766272865,1.00839867675009,1.00702758298887,1.01074528429596,1.01107315800815,1.01552662027013,1.01849940198728,1.02129743860158,0.987435322783593,1.00223854292611,1.00521711860327,1.00521711860327,1.01734298695522,1.02185394767402,1.02347582746481,1.02803153321602,1.02784500182337,1.02780037401881,1.02098345772194,1.01961818837881,1.027891154772,1.027891154772,1.03625709287004,1.04323950290219,1.03807962860716,1.04271794714796,1.04120447572358,1.02692209390769,1.02632641855681,1.01506773853148,1.01238996844154,1.01086528287092,1.02289063044261,1.0274388602926,1.01601740053825,1.01497726996416,1.03005624585174,1.01356201813572,1.01618943541106,1.01795153161331,1.01667833914695,1.01694923741496,1.01922428270568,1.02380581530068
An7_Tr21,0.998510559863179,0.999787599911583,1.0029520135767,1.00874427524822,1.0085566662818,1.00026641644299,1.00436847239601,0.998286871804706,1.00072538362433,0.998592762222927,0.998122962647223,0.998185364081718,0.995156942147148,1.00061231910295,1.00001149062468,0.995351168378473,0.99654028168602,0.996705603623396,0.99852284633596,0.99541855910357,0.962402334629403,0.962402334629403,0.973560530405851,0.98458782924843,0.985065802997373,1.00370686208072,1.01241715021672,1.01556542754069,1.01608228927713,1.01700233462225,1.01605850161385,1.01524441032898,1.01109899600597,1.0115869204031,1.01785889188334,1.01785889188334,1.01411951698586,1.01025882875081,1.01093161207171,1.01228582679114,1.00860459199312,1.00951829885916,1.00788038220536,1.0013439380865,1.00423281773374,1.00564447881903,1.00782182730862,1.00572544479542,1.00675885053392,1.00513165350587,1.0027663758698,1.00424263720408,1.00404369377459,1.00464273530697,1.00168663737078,1.00059042052151,0.998434224250605,0.999770804207921,0.998064301811961,1.00105558948262,1.00347944895784,1.00412340086055,0.998088215153236,0.997471616037569,0.999499302418058,1.00025884127546,0.999294955937562,1.00101561520599,1.00110119490884,1.00187025852965,0.999000337161723,0.986448264817225,0.98659761564539,0.981382929811213,0.968626070216237,0.967732650404359,0.94632461535613,0.950004004560614,0.949698731244021,0.967024162462125,0.966170178708299,0.97194029699923,0.972060271784701,0.970973934517274,0.968761303621545,0.968820326698423,0.97008721158534,0.968274073563521,0.970930118200848,0.981521415339559,0.981306985726996,0.984437457648018,0.984437457648018,0.987906969729379,0.989806212303413,0.989427018418356,0.99213873451814,0.985730859000581,0.985998680140194,0.986459726682581,0.984631987728832,0.984432210647787,0.984052977698537,0.964137445103692,0.939619151921375,0.939732162960736,0.92537144824869,0.94086580128815,0.95593171221249,0.959089945333751,0.959905526457793,0.956217150695857,0.95710831883608,0.961556687815374,0.964669304241414,0.965512820267877,0.966182249278271,0.973753760327494,0.975031855496015
An7_Tr22,1.00606520331051,1.00359897981225,1.0032759644168,1.00011059356028,1.00786329965771,1.00224034117534,1.00254679467225,1.00344590260319,0.995063109323816,0.99544108484198,0.993232408774209,0.994639842746548,0.998105844658145,0.998299192901962,0.998602416018706,1.0000845650972,1.00095628122018,0.998036073107107,0.998392102101802,1.00048066207766,0.99857649756543,0.995007398961257,1.00157275151486,1.00157275151486,1.01249178839068,1.01298363266404,1.01466715653288,1.02792350701285,1.02759749202835,1.02759662813237,1.03418239786364,1.02812194312095,1.02386071908752,1.02304513295253,1.02625485163415,1.02648117807304,1.02447293340609,1.01639300707389,1.00374714779532,1.00126928606595,0.998660876522863,1.00531834920887,1.00415990626996,1.00559954487161,1.00388711407293,1.00525306742062,1.00445636448724,1.00152181884061,1.00661254560213,1.00429366993657,1.00429366993657,1.00085223175016,0.994602779747924,0.994950307860579,0.992903357781892,1.00693006303172,1.00718573724024,1.01111444474311,1.00898369039587,1.01003949681774,1.01048688622558,1.00694329144286,1.01236723107906,1.01234833620846,1.01048539487258,1.00874791809162,1.00855420439174,1.01251603342635,1.00537988795967,1.00164659625847,1.00116127702769,0.998746842225027,0.990582285515272,0.99149939531734,1.00508948139038,0.97418355506698,0.959065127697435,0.953597300033807,0.949942228356334,0.96440676277968,0.961087550404722,0.963691413179076,0.960900941001534,0.96713329957869,0.966627792916827,0.97094456538311,0.97401145364302,0.975573002431878,0.973590082360241,0.98050295179567,0.98050295179567,0.982797758598858,0.987185888757447,0.988083725052298,0.981439019117579,0.983303106156176,0.985037417971602,0.986111497300194,0.989316940479424,0.990953714553698,0.99079311521046,0.988459939687822,0.989518092291319,0.988936191480117,0.993763648381,0.992225753311568,0.994697475947146,0.995418551295319,0.997021147463871,0.994184222628211,0.992834181331596,0.992908023398907,0.994714403716074,0.964031426942845,0.964031426942845,0.983974475464638,0.994816297516969,0.994816297516969,1.00027678427839
An7_Tr23,1.00996603293731,1.00996603293731,1.00875971216273,1.00680814465992,1.00680814465992,1.00551610551475,1.00383465415565,0.996722355703832,0.996722355703832,0.997873931307265,0.994555179325671,0.994545683272219,0.9963762079209,0.994874498849853,0.996488532890979,1.00111660307447,0.99471232608421,0.991187834210706,0.993165664628475,0.996651607734575,0.979872335333805,0.983664794507719,0.985424132187452,0.988428652431752,0.989113890856379,0.997198745664783,1.01140038413816,1.01549767369491,1.01770874477484,1.0147594879908,1.00713607719088,1.01003767872672,1.00585529365093,0.987296515289586,0.988513212259924,0.991334092763856,0.989032694345066,0.992256331273686,0.992616764288488,0.993026029303814,0.990118785984265,0.990149058243934,0.993894065073987,0.996770795287953,0.999083787618163,0.998406973744914,1.00050652099792,0.9981564797206,1.00003759708425,0.994975479148644,0.990067409749571,0.990032131536218,0.975031963515962,0.982736097995414,0.982897798739078,0.98344540421844,0.991873576142259,0.99184110668496,0.995741770106833,0.998915312288517,0.99804208844813,0.997443292523658,0.991840842758025,0.997206756453406,0.998559387608733,0.997950249366021,0.996413614651038,0.998084447793513,0.998084447793513,0.995331830833203,0.994283817208791,0.994628297387274,0.994563130696592,0.991340187834289,0.990449949526032,0.990127854323576,0.991026353003585,0.992712205146995,0.990890298698987,0.992022184595852,0.992663372926013,1.00322332936923,1.00341134460025,1.00666873773356,1.00485577601173,1.00525082639306,1.00370341773364,1.00349261329898,1.00658387379102,1.00679596499967,1.00812780745796,1.00083083564321,1.00013470224452,1.00126746451459,0.999442040761225,0.999442040761225,1.00449508443555,1.00204607574118,1.00036798361185,1.00036798361185,0.99259923171633,0.989607391197827,0.992786800118293,0.993053103390609,0.994350916308001,0.994350916308001,0.995969078106861,0.995894328336814,0.995672842810852,0.99572293952847,0.992298587325146,0.992159565327657,0.992159565327657,0.988605929998979,0.987727807972463,0.963747283160695,0.96385388096512,0.983476853508429,0.993163821321465
An7_Tr24,1.00522752844922,1.00411998114697,1.00089771894069,1.00089771894069,1.00312624535221,1.00613117434371,1.0056077368659,0.995399968684457,1.00075968516989,1.00011795137193,0.997792125844741,0.995606531729585,1.00332766808757,1.00332766808757,0.997056633648436,0.995285364466516,0.994620969134169,0.996548583831188,0.994148745904558,1.00121249277177,1.00121249277177,0.987208956660296,0.986752995581433,0.986752995581433,0.989649223494533,1.00011982496586,1.00053234298538,1.01087023921627,1.01808170725455,1.0184202070393,1.01491099802047,1.01072846790201,0.994324646901362,0.99434833063201,0.999580669347923,1.00537333887281,1.00532897404201,1.00710471784249,1.00153165699733,0.995710676061051,0.996365367341713,1.0009052161724,0.995779228068744,0.995730263606573,0.99131812509427,0.99291523397668,0.994907695929538,0.995535829444268,0.998554846036581,0.99421061927817,0.997744393397357,0.998022273988216,0.993197905121012,0.993197905121012,0.992302373487152,0.990075156679053,0.988333872836674,0.990265765812037,0.987838101865838,0.991174584022889,0.991565174037815,0.993787351783351,0.995195615963556,0.994584547981742,0.990834082997211,0.98757849667952,0.993031234408633,0.993594720864484,0.994904386091039,0.988698794247634,0.989069886975877,0.990293779909026,0.977359257250611,0.988983898645364,0.988983898645364,0.995275583083986,1.00849886744592,1.00982120019626,1.01303171018956,1.02531542267257,1.02510731605859,1.02635459949643,1.02325365813714,1.01570765775574,1.01635820029019,1.0138227532263,1.01021450444391,1.00343610652359,1.00712081113814,1.00877437415738,1.0051700666223,1.0051700666223,1.01519090443544,1.01577455219958,1.01657561915443,1.01591821540027,1.01424344035497,1.01443410405964,1.01582532230977,1.00844552194266,1.00781574432235,1.01058050876154,1.01025922786155,1.0088806886785,1.00888072218949,1.00634979804616,1.00991246926072,1.00976272495325,1.01030369639762,1.00913155090037,1.00952796357365,1.0094595347459,1.01092367238072,1.00902816901706,1.00866192741648,1.00877690937975,1.01340477244892,1.00536410138382,1.00373324764513
An7_Tr25,0.990062829490191,0.99301285916528,0.998737612152202,1.00430378131646,0.997466436763707,0.997466436763707,0.991003130496909,1.00285993729732,1.00249558040486,1.00208493606864,1.00724007906232,1.00811245001903,1.00651070779974,1.0061721737011,0.999198477140486,0.999312306206104,0.99828363739802,0.99891393835277,0.996762690401165,0.994142890831358,0.954977263788915,0.964212975060738,0.964361043898986,0.972686242960409,0.98286001154063,0.98504151042552,0.993134558441086,0.993563872502148,0.993452395793559,0.992502178989616,0.989333796106881,0.98540841809799,0.98413456220649,0.985203769731646,0.984277801020479,0.98360313700043,0.968219914109698,0.976991885018923,0.977253829573963,0.979509003584356,0.981352115693942,0.980329226564196,0.979492372598663,0.985576944302778,0.979803913687216,0.981001391821578,0.985677638762376,0.979340985623429,0.981650783651366,0.982418038724785,0.953653854937363,0.966356919131329,0.967012265595587,0.967121922119691,0.956650105051878,0.956852587624108,0.970503649829445,0.973405007247076,0.977915598872967,0.976788167207725,0.979029523825307,0.987298479085186,0.986223106600742,0.980218865944725,0.985557467648624,0.986006358096591,0.983703068556588,0.980867515743848,0.974615093567925,0.974615093567925,0.976294996724771,0.979263300847426,0.980102005940501,0.977465139882227,0.972816747125747,0.972831554442692,0.973597469067284,0.974883367501691,0.977070003328635,0.977451219805286,0.972104279887433,0.970570918636841,0.969272913774242,0.953161384029404,0.961408507092578,0.941228213615433,0.9409591683348,0.943705659483896,0.956076528760469,0.954634624839795,0.983463275860469,0.966928106846607,0.96580227182477,0.96520075159393,0.97203823506008,0.973783199732899,0.973325773701528,0.968451076591819,0.96820653647747,0.96690083230193,0.967236248994281,0.970766797847893,0.972405640593382,0.972292309554368,0.971476213837473,0.970644609617391,0.969347987632688,0.968410750225446,0.97248154353958,0.96970096519423,0.971874242196791,0.967280572054688,0.952796595473288,0.953199004596476,0.970899711540039,0.953508204032953,0.948129664920693,0.954407796276123,0.967394496267776
An7_Tr26,0.998142158803052,0.998773645607133,0.999938503843891,1.00264550038126,0.997321820733294,1.00412176554561,1.00412176554561,0.996969175192575,0.997394271818291,0.997719658336709,0.997750646442198,0.994088187138077,1.00207416476635,1.00247847215446,0.983204488187684,0.993411019223788,0.993014657768227,1.01727293223531,1.01955716627647,1.02150488453681,1.02376403112314,1.01680338971687,1.02126333638275,1.02188280353785,1.02178036050802,1.02018032635526,1.02077710296817,1.02087097349694,1.02098445800361,1.02122454285782,1.02174270251056,1.01801706526593,1.02078905123506,1.02260924595395,1.01421008476799,1.01020616567824,1.01570471922184,1.01514705082565,1.00898794035566,1.00456024186063,1.00485210729184,1.0081827809993,1.00213340861474,1.0017280435446,1.00618504241384,1.00476342595687,1.00651091846484,1.008213189194,1.00721737911509,1.01279010449828,1.01277918836775,1.00259278135631,1.00582491314995,1.00687502417953,1.01495536273518,1.01007607514235,1.01113354283428,1.00603420346442,1.00826132931167,1.00860424884792,1.01194322491732,1.01552187841919,1.0071034451556,0.999681783259941,1.00120037045024,0.987347895455103,0.982522862395925,0.983538610738174,0.976918205874708,1.00096014543069,1.00114216275632,1.00529956973201,1.00837904324455,1.0131389498397,1.01335447774755,1.01466868592235,1.01548384059396,1.01606312312406,1.01565185928961,1.01528413166501,1.01375274213856,1.01398307873449,1.01153453852595,1.01229529375155,1.01247697270562,1.00527554982191,1.00825155987789,1.00612459751119,1.00707955995022,1.00717823547939,1.00717823547939,1.00784136031883,1.00623028747009,1.01004677620773,1.01004611281228,0.987085279550242,0.975733142590065,0.976213590413611,0.956253889311306,0.956436300781238,0.974135978239043,0.973409970575705,0.975208316346805,0.975250921400826,0.976485547191157,0.975721794079634,0.97629093290357,0.973693861214211,0.971411061586698,0.977989267385909,0.980320078078646,0.9796826002005,0.981949567956309,0.979975192529719,0.980433354094294,0.986958218957538,0.988773337283771,0.98630784539237,0.986031966704554
An7_Tr27,0.992392798197968,0.992026663681428,0.995814486487893,0.992036126220733,0.992036126220733,0.998922856387391,0.997014147943283,0.996512582444104,0.974397181338133,0.994966256942698,0.994447165477209,0.998518080575349,0.990065175145023,1.01187347896878,1.01187347896878,1.02001296178223,1.01395320349871,1.01542168488084,1.0177155448387,1.01948507852232,1.01920977032369,1.00608626492013,1.0074592673737,1.01361202966507,1.01361202966507,1.02068173466809,1.02384445708912,1.02480931678397,1.02482431528217,1.02733517219417,1.02741745619441,1.02736736165331,1.02512756999854,1.0231972594896,1.02316544898423,1.02270364531231,1.01173401390938,1.00245013619731,1.00529460798621,1.01032918483558,1.01223408213832,1.01193988948321,1.01583645518514,1.01838023806761,1.01869259619558,1.01761041455667,1.00731273945693,1.01558233302986,1.01487791716624,1.02675904799321,1.02454962713451,1.02443164168781,1.02658549870013,1.02655749512996,1.02382087650494,1.01518961239599,1.03017580003978,1.02558070823554,1.02563228490684,1.02686016555193,1.03619736778738,1.03559845959194,1.0317842927707,1.03222141543587,1.03212577278323,1.02940849864001,1.0246882358335,1.02797997944819,1.02842284201774,1.02625558798574,1.02361451558557,1.02513925839921,1.02422526464666,1.03102868480277,1.03278615608273,1.03200236740645,1.03284370422331,1.03189952779167,1.02753297358574,1.02693910618877,1.02710074164038,1.02651527477923,1.02983914426489,1.03139659792591,1.03320734018792,1.03256957287284,1.03224831486426,0.99303528103888,0.99197583930933,0.979051700479615,1.00087049999608,1.00803191385166,1.02114555818981,1.03365394432313,1.03711611187309,1.03605210605395,1.03895191988128,1.03881989205062,1.03885248513432,1.03877943008419,1.03541097172346,1.03833979961609,1.03710100478623,1.035382690829,1.03208060171529,1.03136649679346,1.03030683501262,1.03327274272401,1.0338606929797,1.02950287444741,1.02958509714315,1.02824927581377,1.03020363706554,1.0251499337693,1.01695304940624,1.01996051422389,1.02750150364862,1.03247997049887,1.03101098953715
An7_Tr28,1.01207472907309,1.00903689548307,1.0114983078729,0.995600175794305,0.995207932592769,0.965306567132931,0.966500497753043,0.97689077391239,0.994365261697266,0.994297068242194,1.00798992929337,1.00698198113008,1.00403804178708,1.00697065290763,1.01028691927266,1.01015828089871,1.01015828089871,1.01438228477414,1.00825541948366,1.00942006701725,0.985650960210062,0.966893373435174,0.965373856959214,0.975892680970677,0.982170271156488,0.970752626985717,0.97055459321155,0.977220480620393,0.993014171662304,0.992173393103364,0.991019349195455,0.998324001186908,0.998311277106956,1.00019755759198,0.999629696670037,0.99450077263292,0.993264234584414,0.997165980976549,0.996684813007415,0.996973363187106,0.987275102444974,0.998317643957593,0.99946359227864,1.00044325167182,1.0023492435153,1.00161562891919,1.00117818736762,0.981535139319708,0.995413959733344,0.994758932547876,1.00008725299097,0.999934964084793,0.997955857782718,0.992847387701485,0.991186049480027,0.992312203067902,0.997097244740445,0.999096990535316,0.998349868505482,0.998993026084334,0.996773380606623,0.998138068341577,1.00214104661465,1.00214104661465,0.990832525904774,0.978899977070743,0.9799686696661,0.951836033634171,0.939378001331497,0.933517304938842,0.933877844791889,0.944592895976278,0.955559983182259,0.953746993108087,0.962665001406342,0.965961910001969,0.965682172726936,0.970926322615865,0.972188311331016,0.968430241316256,0.96848240287966,0.972696215663161,0.974547924221623,0.970956823665811,0.969438024575211,0.974675477488374,0.973034877281876,0.975368744453875,0.980738993211661,0.977740854804186,0.97687645242469,0.962364524131023,0.967374833144608,0.967506164479896,0.976014385849382,0.966166581253931,0.966451973065053,0.947448714292218,0.956146464169764,0.96012982120984,0.961630282657092,0.966678529029186,0.983427314904527,0.983061927493625,0.981999915553157,0.982520985416014,0.978392082712031,0.977775406355425,0.978284790393546,0.973662011131586,0.97683966344562,0.978387478248465,0.97696234961896,0.95140623181797,0.95140623181797,0.953054212973278,0.970602993775597,0.97096876522756,0.972068394747258
An7_Tr29,0.996968222127445,0.987759120233736,0.993341225431047,0.993341225431047,1.0012835836236,0.994957907007942,0.999718710743837,0.998818950768112,1.00179915792656,1.00683180708139,1.00636471247142,1.00620464056718,1.0045303288659,1.00341790977562,1.00334076028975,0.999756493816556,1.00072431244487,1.0013497493544,0.999491182039586,1.00549398364798,1.00579366037822,0.98457895026955,0.987279867399593,0.985761271831334,0.98520405705645,0.998473446769607,1.01138484408892,1.01138484408892,1.020052829337,1.02552350610296,1.02608873216931,1.02078327092824,1.00794113842792,0.982026266317561,0.981599861305251,1.00457028106446,1.0129916624952,1.01343737500145,1.01520059771823,1.01887037873564,1.02075689364738,1.01860398888924,1.02332176900457,1.02151606429455,1.02564903033145,1.02591589071222,1.02291585862326,1.02388760815839,1.02256245166354,1.02421419966532,1.02316145786151,1.02427444947902,1.02596595840607,1.02480821282636,1.0255673933772,1.00053802206681,1.01774975356499,1.01819204764808,1.03461523397498,1.03137535339914,1.03197718030432,1.03197718030432,1.03335586378086,1.03282940190842,1.03289647511874,1.02803133217446,1.02813782501946,1.02795555535812,1.02782896729588,1.02650897756812,1.02773274768925,1.02816251086126,1.02643574275671,1.02350298386205,1.02398427299502,1.03232051188378,1.02660876322979,1.03322108541024,1.03314124980059,1.03782493858175,1.03354454707791,1.03326654071653,1.04089640162351,1.03879319790969,1.03816826514514,1.03754771539639,1.03991904105921,1.03499405057167,1.03572244505844,1.03253670211961,1.03336803416091,1.03460797751502,1.03466251891496,1.03366628435951,1.03366628435951,1.03119055738231,1.02607789515717,1.02758129623071,1.02838184127582,1.02770594333594,1.02902124080121,1.02899818046289,1.03202785633458,1.03333767334892,1.03543519967593,1.03522512283949,1.0355913592898,1.0402062373501,1.04053097547712,1.04433286963614,1.04438406328554,1.04093846695903,1.03749303638421,1.03584056117686,1.03594322503661,1.02655710194028,1.03741978524211,1.03307346742333,1.03311489872702
An7_Tr30,1.00015138095109,1.00199971738172,1.00049800791377,1.00049800791377,1.00299488168182,1.00318096128916,1.00253066047732,0.99575137610218,1.00003861802701,0.992475401294729,0.992461735961599,0.978441022123787,0.971486496880212,0.978134397274067,0.999044255648287,1.01624865991504,1.01515267944442,1.02567431921747,1.02323742050254,1.01635004381779,1.01493282519637,1.01557854944275,1.01541278537888,1.01593036927204,1.0144383439269,1.02489581148274,1.02432239746858,1.03256421906865,1.03813938447712,1.03429149643839,1.02989980605564,1.03015327447838,1.02594885306849,1.02609556860723,1.02227701971847,1.02132380678607,1.01788807167772,1.01691199696115,1.01712424821548,1.01456191478458,1.0157320631486,1.01660034483717,1.01249100112574,1.00437707073346,1.00259440240743,1.00986037614167,1.00684145883185,1.00984713542241,1.01240228717248,1.02247441838815,1.02332228430823,1.01338678386081,1.01127494909526,1.01086898787755,1.0105417659259,1.00892739743587,1.00806972213574,1.01055315337407,1.00894332376446,1.0082128820287,1.0098297217917,1.00765948946204,1.0042804421268,1.00584145780927,1.00537016928522,1.00443955406551,1.00707448756575,1.01428898763236,1.01176205984652,1.01004494860933,1.01041220462406,1.01058835305371,1.00969694447339,1.00432188817004,1.00522022923813,1.00600062350073,1.00405916841251,1.00427534885942,1.01171183099095,1.00576836027433,1.01869278614797,1.01833140145561,1.01244365452077,1.01939868397061,1.01862456848281,1.01338914511933,1.01688473240329,1.01626500249281,1.01811976294417,1.01748303756458,1.01995661502706,1.0147304304815,1.01160592082046,1.00834757118894,1.00834757118894,1.00123160290824,0.998502504220873,1.00142552704936,1.00608360383385,1.00772771563417,1.00759092083361,1.00554263573495,1.00801850477846,1.00742754821697,1.01012223789247,1.01298009180134,1.01192352171964,1.00866236747028,1.00866236747028,1.00518521753101,1.00806485651481,1.00893728365182,1.00860138429757,1.00675422389713,1.00686950795074,1.0065637769351,1.00881631682666,1.00857224842634,1.00881694899728
An7_Tr31,0.994407781360827,0.998408956285596,0.998146977473262,0.995759274860735,1.00308459882897,1.00950480979328,1.00955496081385,1.010807221052,1.00771306606494,1.00770501428776,1.00708283012681,1.00171044940985,1.00224778770874,0.988078641267133,0.992267575847895,0.989459075264986,0.989985143048368,0.994446675619085,0.999629160885906,0.999629160885906,1.00418105103625,1.00334217927039,1.00352709914809,1.00352709914809,1.01264419206107,1.01443428808563,1.01443428808563,1.02222778934847,1.02485057297133,1.0243285856706,1.01701253372107,1.02189367921759,1.0150441455217,1.01334159831175,1.01137519466197,1.00170018717945,1.00261401226257,1.00068337543606,1.0017572823335,1.0003711195783,0.999950950040406,0.996150308257719,0.99745285794433,0.997422833161792,0.996643828672941,0.995072003865641,0.994947237838073,0.994029978308576,0.995610280559393,0.994523603408696,0.987824612183875,0.984370293359316,0.991447812277432,0.991888142793691,1.00210267017947,1.00559450715177,1.00111469816062,1.00928774799047,1.00724025806356,1.00386214150565,1.00999817896797,1.01874975166261,1.03649929401321,1.03501317598154,1.03505045649767,1.0452736454699,1.05312468781467,1.05265572047222,1.03940612357861,1.0502200614835,1.05006381386793,1.04196162929687,1.04016029108937,1.0383774501563,1.02587651075772,1.03658004463652,1.03333636643858,1.03425950296964,1.04165008703747,1.04150511269221,1.04433676430623,1.04462445463641,1.04099980701771,1.04094570846946,1.03981717332057,1.04133595057152,1.03318807573958,1.03142635449859,1.01991002464498,1.01006161555545,1.01078743241221,1.00883248927617,1.00087338006635,1.00109468635321,1.00061537226501,1.00172994018904,0.999408550378058,0.999695200571552,1.00536144414693,1.0057827101209,1.00219010365937,0.996638782171713,0.999846477789793,0.9963475814619,0.995673024396078,0.999249643613746,0.993717341820995,0.99497423218201,0.980496175968328,0.996162777721245,0.995551131076572,0.997220587524651,0.992520879017407,1.00021609948832,0.999388045867797,0.996906475118029,1.00237338242319,1.00183571145159,0.995699323186953
An7_Tr32,0.997473801936475,0.996337952636573,0.995367540312474,0.99448304841984,0.997123814522525,0.986882582858541,0.986481390038889,0.984230009839398,0.991485384757882,0.996668404048613,0.997092667794893,1.00761859790736,1.0143171985826,1.00877677878063,1.00824278566528,1.00890183140975,1.01169147011664,1.00544435690635,1.01138038346528,0.999005037314457,0.998598186013652,1.00053928995568,1.0031683809383,1.00424976752427,1.01241529350431,1.02079648757166,1.02307044780434,1.01957006661792,1.02724663392818,1.01702447472266,1.01782838262658,1.01884584691536,1.00771467532412,1.00720580820063,1.00852015306839,1.00549770289553,1.00403777921386,1.00625706536025,1.00049825690289,1.00369692938023,1.00369692938023,1.00360235141593,0.99935958260091,1.00311316773968,1.00311316773968,0.998927171815873,1.00082815295378,1.00070809177453,1.00646708514363,1.00480767975851,1.00477808547376,1.00582317832128,1.00675389422495,0.998448471690207,1.00121060100491,1.0031501953912,0.9986388483899,0.999365193878582,0.994455445316479,0.992063265964796,0.993961977441032,1.00021910462743,0.998819054033618,0.992796936640549,0.992796936640549,0.998646542740127,0.996296654881862,0.996466638208989,0.99654289267221,0.996310975704205,0.996702428803479,0.997460466669143,0.998210806113067,1.00246571993891,1.00272128159347,1.00329182546853,1.00394066812152,1.00348295998852,1.00391278022721,1.00241537901735,0.985345263320035,0.984938332566729,1.00188164957631,1.00625180993909,1.00601416932236,1.00872053736479,1.01075780149906,1.01528717969261,1.01223305981127,1.00881045477912,1.01079807992792,1.01220117246695,1.01260405014798,1.01233643303114,1.00944770568292,1.00557069495186,1.00648515607474,1.00654525093625,1.00842082679042,1.00954818142914,1.00272932393881,1.00270675258857,1.0003821492456,0.99991479661867,0.99950712683311,1.00257927676275,1.00275332573059,0.999097300677822,0.998942043422774,0.999551107143272,1.00694651220278,1.00614735976381,1.00324620479509,1.00333830804337,1.00327652867292,1.00658556395608,1.00777314713608,1.0012733706374,1.0012733706374
An7_Tr33,1.00254933325008,1.00299842157985,1.00143410260144,1.00137065141848,1.00053027654589,0.999961388535532,0.99581850585238,0.995845362632879,1.00391220567385,1.00336356623216,1.00299478000924,1.00309850141965,0.999638614344245,0.999704631870023,0.995896553183429,0.994759015649321,0.997458874560237,1.00350749328935,0.995157721351966,1.00580351863284,1.0062371601662,1.01422194497065,1.01700043239464,1.01709110885859,1.02119254445522,1.02412863080848,1.02428298601516,1.02418600228634,1.02333621064264,1.02591488961922,1.02616115983266,1.01775459467124,1.01279460789283,1.01279197782281,1.00952475486043,1.0081033072663,1.00949076797636,1.01068179270917,1.01151590672812,1.00865892723592,1.00865892723592,1.00607037727323,1.00866206021871,1.00846706261887,1.00923817319012,0.998521940355907,0.997614667751901,0.99807466662025,1.00144792097977,1.00482636024182,1.00445241179224,1.00710693783627,1.00172646077204,1.00021563007393,1.00021563007393,0.998650971008645,0.994414171753371,0.993931093551244,1.00054593730482,1.00298907115425,1.00299721101618,1.00688689649012,1.00654071150006,1.00457710825317,1.00455434000046,1.00896808766449,1.01019916570188,1.01017738840492,1.00627740708132,1.00333054254466,1.00541403946305,1.00412865380831,1.00474443638204,1.00226627926418,1.00501764138819,0.997514720532365,1.00124309594665,1.00174146878316,0.998429181613318,0.996926987105988,0.997651847840703,0.998974636366807,0.99515238623011,0.997075675106637,0.995024355206608,0.997717535543989,0.996204829027069,0.996204829027069,1.00001389908769,1.00259046122159,1.00167773336253,1.00138214308669,0.997983710662046,0.9951627750371,0.995149190318901,0.997701363742136,1.00240038024187,1.00192882460148,1.00144794296143,0.999364943516879,0.996455230302948,0.997214799493727,0.993448041505738,0.995939269458423,0.995930118678201,0.999309313977622,0.979725216224941,0.996615969905695,0.997080580551217,1.00143344614375,1.00145034707412,1.00526831980298,1.00809235560508,1.00532432453991,1.0050490766134,1.0077597667648,1.01256066388465,1.00851507103466,1.01210068999939
An7_Tr34,1.00240750809108,0.998437005143432,1.00051653086546,0.999704201619844,1.00661308669568,1.00372075966592,1.00328736412504,1.00046472768024,0.999425665889802,0.998418689695885,1.00261534789772,1.00340466728174,1.00017589839665,1.00017589839665,0.998173062867244,1.00318811450959,0.990754568696153,0.991981401446604,0.99653550103526,0.99425076791103,0.99777308253887,0.995765147762292,1.00092256787988,1.00150794212969,1.00506151546493,1.00644958329475,1.01113596157252,1.00835596549411,1.00286447722519,1.00240206665091,1.00387764349515,1.00086196449404,0.989376748974867,0.983517772943556,0.989935308418774,0.987330500438767,0.996416190578675,0.996325373203361,1.00458481298213,1.00351410149185,1.00458036358342,1.00561839173856,0.999376379758209,0.99669012535557,0.997191589793672,0.997669166781282,1.00123413874723,1.00123739618866,1.00688246566817,1.00451914113435,1.00609129843845,1.00352027273362,0.98777614450949,0.989275911781089,0.995295171322378,1.01061351895301,1.01396668955255,1.0079275802457,1.00793954883703,1.0028458682379,1.00256098116297,1.00147446667444,1.00087533593709,0.997905387092699,0.995254932759151,0.994133822060326,0.993066314307562,0.992943018881595,0.989770937801,0.990942772057438,0.990798137096292,0.990778648931673,0.989128839999913,0.99240197614357,0.99240197614357,0.995548865034775,0.992695452047932,0.987938268532577,0.995840579241476,0.993241205239954,0.980124001267806,0.980014312747337,0.984192953475842,0.984952401391433,0.984663358144123,0.994909540411708,0.995388416065485,1.00091050516518,1.0002511796558,0.99400770874636,0.957035369656906,0.956636338848253,0.963273686929752,0.976480751770185,0.981867627190092,0.984748102270841,0.995780571012387,0.998131431414717,1.00017731683433,0.997333220571593,0.99019991138741,0.99019991138741,0.990735083602831,0.986377037950993,0.986670549968143,0.987752346564014,0.985475061626429,0.986255420331056,0.986258254725198,0.983800768488633,0.979057369069254,0.978540172776536,0.982212809162773,0.983802132157263,0.983592772884616,0.980097708455116,0.975729065056164,0.979187166729287,0.978530321267305
An7_Tr35,0.986708525476661,0.994800959534811,0.996734857310171,0.997578991656594,1.00178825211387,1.0036033233761,1.00440661494738,1.00334490491326,1.00240139273601,1.00222129920237,1.00189750312515,0.99771284135156,1.00228240283809,1.0026674764926,1.0026798670911,1.00089950404902,1.00040325906978,0.999622691859218,0.998245332856256,0.999038699243203,0.996562688108724,0.992271020812793,0.991469569946113,0.991987228844085,0.990908915352403,1.00020638763839,1.00255053843858,1.00283150019362,1.00816682868902,1.00794965651645,1.00791797545552,1.00397904595242,1.00857407275259,1.01002177817968,1.01092560828527,1.00415291795191,0.987752875403511,0.986395155687929,0.99058960078453,0.989302151582625,0.993307579583005,0.99370903206994,0.987575888034599,0.977263992086264,0.977346528534147,0.983656953220315,0.983912726527871,0.987332998223662,0.975666990036365,0.982062514900876,0.986670013890613,0.987352227479197,0.986243120154419,0.98743004914136,0.987386335693169,0.989770627791599,0.987493952579887,0.986979102980914,0.986916666752764,0.988696583478342,0.989435493507971,0.989846139195474,0.985253324811729,0.986484683662277,0.986381358447159,0.988124606459904,0.983786154140931,0.984009068332172,0.979311185525816,0.985759142621692,0.986855094243341,0.989666097461643,0.992412706573011,0.990354300443976,0.990769487480698,0.984953075206998,0.986667884761387,0.984087242990626,0.984087242990626,0.989986670534762,0.990804265525326,0.990804265525326,0.997898323260007,0.992802438882118,0.993611843132926,0.994155018607587,0.994422407959243,0.991694673927834,0.991590687510691,0.986483872301816,0.987788454122498,0.98742852460375,0.989687736086678,0.989008255026918,0.992242795977754,0.992016963772322,0.994074451424152,0.990936831313452,0.99051176357115,0.994064213957756,0.99150988789122,0.993207687271662,0.991850021155771,0.990023718455461,0.990023718455461,0.973188136432618,0.97962224077339,0.987123731315641,0.989791175231518,0.999181097989202,1.00353252115095,1.00437762110008,1.01207454582721,1.01177887638639,1.01400766487825,1.01398049649791,1.00684761395696,1.00800769245264,1.00890264593547
An7_Tr36,1.00433245531105,1.00553974476675,1.00006301718602,1.00006301718602,1.00137615271083,1.00162694937161,1.00130049746807,0.998150248102378,1.00007253763681,1.00405556151952,1.00462364709562,1.00281181556486,0.989837955767345,0.988628824648961,0.991840207382192,0.995304906182283,1.00122801738604,1.00179288737492,1.0073515573387,1.00968387392738,1.00968387392738,1.00765169897623,1.01293175746145,1.00882370266797,1.00743825041345,1.00473788640724,1.00779668882469,1.00779668882469,1.00609249156065,1.00374595630404,1.00300831984499,0.987353421984669,0.987773800062618,0.992584835383871,0.989261767347804,0.994150886225737,0.993209479549953,0.989709215992387,0.99169747974189,0.990162183623895,0.988644724571563,0.987622581586894,0.990988087900111,0.99008801988538,0.993249678154293,0.979733815920989,0.980950266817148,0.980950266817148,0.984979355896043,0.988485032454207,0.988438696739001,0.989228851833284,0.978032793007183,0.981103155668648,0.980823783567854,0.976928229666356,0.969084684768587,0.969157268634653,0.958402816440764,0.967953359338676,0.974596793454532,0.974239691785927,0.982744871835445,0.973973811112616,0.973564208088641,0.992102452603909,0.989558842030315,0.986813298049138,0.997148405899935,0.993647880341629,0.993647880341629,0.993492048849229,0.98894374237119,0.992503212553593,0.99099693613661,0.976542245022113,0.977501297988532,0.978046989864687,0.986414428758448,0.988117390572511,0.985871484957109,0.985871484957109,0.983694117849699,0.956033886014376,0.957173454536543,0.951212254300185,0.933229668182511,0.945044560140086,0.944269892342064,0.964992033760967,0.980079070528068,0.979956832410152,0.987330358116284,0.98996383700598,0.989844955831139,0.987381893315126,0.974920116217252,0.99079260441673,0.991677096450995,0.996684797130897,0.996244440429451,0.99722809870348,1.00655193941757,1.00434290340472,1.00337445729343,0.958421385770332,0.98007593620805,0.980791766919845,0.981692952132411,0.980923176421908,0.984370680776799,0.983856684135968,0.982189322899365,0.979661969932055,0.982314882514995,0.986062017414735,0.984584108422716,0.982769243231397,0.982769243231397
An7_Tr37,1.00708624441011,0.96075063204744,0.970943335216583,0.972127167001318,0.972332279563283,0.999462306158731,1.00734492496062,1.0075225531818,1.0088517741045,1.01353565784011,1.01353565784011,1.01493192654907,1.00733352832921,1.01100958652921,1.01069547859611,1.00830768615019,1.00607807929549,1.00568110232906,1.00247007989705,1.00142052895602,1.0018575899812,0.979658908946061,0.975051499927652,0.984530471903412,0.984785067417911,0.997030157664664,1.00331448175008,1.00296568756623,1.0151014310877,1.01244176004411,1.01597896285829,1.01337341657801,1.01368921683454,1.00962787553792,1.01061515626949,1.00986093235208,1.00844559218151,1.00844559218151,1.00665057461069,1.00921198208777,1.00484341348346,1.0043431182773,1.00938875086069,1.00667955317158,1.00447137575188,1.00528506220068,1.00381102627483,1.00561504930176,1.00614956198618,1.00610246423386,1.00500289395708,1.0056963932108,1.00607142989722,1.00794972558137,1.01272451520357,1.01069877379053,1.00428504552774,1.0045858403622,1.0046002675773,0.99204837705488,0.978485662890701,0.978556431163708,0.970373699746894,0.985687565923597,0.985687565923597,0.97531166072581,0.985762209015933,0.984645570823379,0.984115658637256,0.962718569301291,0.97725430300835,0.97725430300835,0.987432540780017,0.99199992431749,0.99231099560109,0.995775860409288,1.00517542437547,1.00857005670056,1.00842475689919,1.00671164287521,1.0049043534156,1.00412407023638,1.00401353940679,1.00568298076679,1.00447055551959,1.00595002315876,1.00360435259668,1.00035320023222,1.00082787169775,1.00419261941464,0.997791370240003,0.998840006991467,1.00169667169948,0.999767356254215,0.999540129485478,0.999599840838162,1.00018868636644,0.997583697934715,0.997302159680261,0.994685527597866,0.996798059246682,0.996735125797266,0.982455861187283,0.993723511659418,0.99396972939054,0.993383916967751,1.00978804899232,1.01698139312604,1.01696729634862,1.02428664867502,1.01866121199383,1.01981528012371,1.0180277808692,1.0188756343845,1.0160694846088,1.01538421886921,1.01910939624952,1.01274652664102,1.01025646441565
An7_Tr38,0.999388532588691,0.997085719572006,1.00007193356202,0.997311817518972,1.00010661846851,0.999082299196474,0.999082299196474,0.99762582916429,0.998180881934045,0.998558602263921,1.00268498189584,1.00128841890498,1.00257610806862,1.00298644248904,0.999286030997922,0.997856165905015,1.00241149066442,1.00349658081922,1.00091924678954,0.996783554845811,0.995786679733289,0.988181237287381,0.985081055904198,0.985207054215722,0.99413951288839,0.997862805625536,0.996674420674782,1.004348587518,1.00369275307566,1.00396387603184,1.00262113538422,1.00034601837343,1.00060487408024,0.999221612185606,0.994656674070603,0.993163759124604,0.985879261570182,0.987951566759527,0.991245762469863,0.990278821499786,0.989062130685183,0.983423194556146,0.984322373988056,0.984152124135136,0.986987126151073,0.987964876019033,0.985668840221974,0.985668840221974,0.982334003108775,0.980714838309887,0.977425582758996,0.980107062099175,0.979007115005806,0.960244633852332,0.961286375327478,0.970215253318936,0.982797464387293,0.982866269617452,0.990809247395696,0.988895577918429,0.989425487653991,0.991420579828937,0.977637744567098,0.996083454711828,0.996083454711828,1.00134016054793,1.00114753018958,1.00069888645467,0.997341425832765,0.997531580444946,0.99782498713008,1.00004089018998,0.994299016660566,0.994009622283306,0.993182492005061,0.992361487331671,0.99049484058899,0.994605319979293,0.998943228820989,0.992039641277771,0.969109159888797,0.969165000370158,0.977970544758184,0.986409800815518,0.986019502616238,0.995315470757874,1.00446132163213,1.00348379483835,1.00040734871031,1.00077263175757,0.999713927777607,0.999809722298603,1.00368730551382,1.00473241911862,1.00422245026122,1.00441136625729,1.00714730981068,1.00703092401573,1.00128218363837,0.993705455594834,0.989127969048767,0.989127969048767,0.983809709215251,0.988869381110418,0.989185616545747,0.996407244357942,1.00132056190715,1.00100696919465,1.00279682230461,0.991525754662944,0.992338713442329,0.992340832120773,0.995972939040006,0.996886433687454,0.996886433687454,0.997689348865026,0.999186745673782,0.998862615026766,0.998593197422899
An7_Tr39,1.00933078708633,1.00925920917661,1.01052344751986,1.00936135284005,1.00776198370698,1.00772749655644,1.0061821017248,1.00279153216508,1.00248346693056,1.00370843693757,1.00467059178748,1.00238809433873,1.00198275129074,0.969852153532819,0.987936639690181,0.987699761635044,0.982452130290133,0.997056050406001,0.996832012384597,0.988553798264646,0.985827847854023,0.985841564609976,0.982073486417466,0.947363471529587,0.952351937818315,0.952176553833093,0.968224885274529,0.978718954037569,0.980052261789453,0.984813335003277,0.98576452911882,0.982398007333044,0.981305152736762,0.97712488597093,0.973850545425498,0.973655478295637,0.974041941715013,0.976214904347073,0.972757021465524,0.976555651517228,0.968573439593923,0.968599291748509,0.973388929785573,0.973716975981917,0.959196762152797,0.958414849570409,0.936175062302636,0.953320930958519,0.963868036623171,0.9632119614592,0.972800123473013,0.981039693569917,0.981039693569917,0.981506512874937,0.97929414350876,0.97929414350876,0.977549365613658,0.978354465891213,0.977260028344843,0.977260028344843,0.975851706302522,0.971049399085954,0.970893568030185,0.97728373584904,0.979548353522875,0.979637459645258,0.975539691416184,0.972069920917499,0.972586622507864,0.973975685584453,0.968730749536987,0.969600921523359,0.96839503919017,0.976435346901265,0.97376908662145,0.970667116156051,0.970667116156051,0.971237834765107,0.96888561732669,0.968826355150517,0.981006202158086,0.981605286944157,0.984149138696786,0.980145528503248,0.989584158354165,0.972167216465034,0.973178312462578,0.981707418960693,0.983248253983254,0.982594817678971,0.990495905824805,0.985990534357924,0.988929492614405,0.975645868229953,0.981076986315815,0.982868658079748,0.989002529461978,0.988162826223341,0.994077849169918,0.994077849169918,0.989215799885924,0.990266789218284,0.9913530448338,0.9913530448338,0.991365668164094,0.993662742430306,0.993662742430306,0.998728997896955,0.991362336326917,0.991170154406043,0.990686038194322,0.991759884804031,0.989737745291002,0.990065094301463,0.991918869566191,0.994989734000528,0.994989734000528,0.992744661169296,0.995663200804967
An7_Tr40,0.999353532473737,1.00249386136971,1.00345490207519,1.01097821350566,1.00683296674785,1.0072510201409,1.00364436891386,1.00263749570944,0.978229462931524,0.978995263440415,0.980824096695705,0.980375779001801,0.987149368643284,1.00260767494729,1.00576151249636,1.00803162425012,1.01207450167468,1.01473845645481,1.01456589852766,1.01708797767391,0.990448506924262,0.990086770568697,0.995793226963468,0.999559006166748,0.998782418982041,1.00389989766224,1.00601900610297,1.00601900610297,1.00269539060338,1.00266877908711,1.00222806318644,1.00316737094629,0.998066652633048,0.993986385518412,0.996856292760613,0.978028252331134,0.966888909139683,0.965207943780634,0.972659211905348,0.974321991176491,0.97803724626108,0.978755557621538,0.980150772945651,0.980051294257319,0.981344255664002,0.988281902072284,0.987044483449267,0.97740964481884,0.97740964481884,0.990366611032982,0.990209428050444,0.990025833620911,0.988122293054527,0.965330008117598,0.951174043336965,0.950738931820851,0.968759171968072,0.975090540899526,0.980768273761393,0.990430657329943,0.989771052196639,0.991614341236231,0.990606051134721,0.986895830736638,0.982748049513938,0.981714216537001,0.982873925501795,0.983565502059203,0.983565502059203,0.978473497792009,0.979454852331025,0.979507268863407,0.982577662768049,0.983901537858344,0.981966014853803,0.985221199199052,0.987517733002019,0.980635766629072,0.980627109623953,0.98613648922643,0.987014293701414,0.98678310513582,0.982295331211032,0.954324921372418,0.945867143093783,0.946009231237214,0.935412959769624,0.928697706200528,0.928761413541397,0.927267491985435,0.939255254923147,0.942652497305404,0.94269662656863,0.949167970133973,0.954608012329533,0.955281395044132,0.955164881329499,0.954140995237407,0.955506169710198,0.955591378555189,0.95565405649846,0.955249463161671,0.954496777307267,0.961140966971829,0.957544999849887,0.95941983331114,0.965348719809924,0.963161581364577,0.962422589838586,0.965887174249566,0.967324628653057,0.971775674376176,0.971775674376176,0.972526477619243,0.967556917895814,0.967556917895814,0.967332008600688,0.968304954361446,0.963833951691245
An8_Tr11,0.961475140194838,0.974733712684763,0.975538256784849,0.975538256784849,0.94163421689597,0.946986481785325,0.946722085635968,0.972292676930767,1.0006759215256,1.0006759215256,1.01943296617064,1.03428316517971,1.04106794676869,1.04136530991043,1.04165421691679,1.03673254757096,1.03696341940098,1.02430331802097,1.0279244393123,1.02722031303331,1.01994255656891,1.01547394792284,1.0145972705778,1.01666020839423,1.01151204654081,1.0083746584894,1.00698465723254,0.99229840635832,0.919171088850664,0.919171088850664,0.896195699715581,0.891282424833101,0.898651941974273,0.898651941974273,0.897327693140011,0.884516245908021,0.88412645092121,0.873237758845557,0.872481946587559,0.864644533200778,0.865132414333353,0.865051549163954,0.85357637686073,0.85380509972413,0.846021297739027,0.841610429225215,0.845227098339096,0.845227098339096,0.848867300807296,0.85263068038284,0.852631192697687,0.848739190403625,0.842834138336599,0.843244503561075,0.848255024983797,0.85282279494137,0.849697551662047,0.855417417946583,0.862718977160091,0.875014352490388,0.875014352490388,0.866012784122374,0.866554161280702,0.867391672272736,0.861704356486225,0.857029370245075,0.851192428382295,0.851192428382295,0.848490188402003,0.850319782550745,0.850574266717221,0.84129692991221,0.842427739671165,0.844805836503889,0.844805836503889,0.846815701240939,0.844833871981712,0.845428501427743,0.84615336365354,0.843589810677973,0.843661689556606,0.847172868806013,0.843191113532354,0.838916204767874,0.838682080604053,0.844530570195308,0.843882044192976,0.842195598258564,0.842251156901119,0.844981308191664,0.845582709730807,0.849559691995125,0.844040144471114,0.849949983219924,0.845592886549717,0.820081032265873,0.772146015840356,0.771097029131702,0.710183742634911,0.724308186452923,0.726635054272024,0.759075433175386,0.761025641774812,0.746679910351071,0.748628923847345,0.727491002750079,0.733404963927164,0.733404963927164,0.73996878043442,0.738688522644853,0.735285399291667,0.73884589858307,0.73621579375834,0.734957801085257,0.734957801085257,0.734698759065993,0.736407738480869,0.737046330029435,0.734484052749669
An8_Tr12,1.02074956536299,1.0129836876073,1.01705146101996,1.01574447572297,1.00554316493892,1.00362769656218,0.999635772527863,0.999183204612028,0.998174287132019,0.996381293701656,0.990019484912778,0.986502620154079,0.996318738872509,0.996318738872509,0.990773349282509,0.988323971131538,0.989304711099566,0.997452570494623,0.995911205991995,0.994150695681734,1.00908280503729,1.01758569934485,1.02207056131233,1.02447111957776,1.0216205706599,1.03347191392292,1.03395696556814,1.03537483161254,1.02832594538777,1.05489179603394,1.05409816028604,1.07365840095159,1.08145858219798,1.08042200758836,1.08454498992885,1.08360648189705,1.08397685881981,1.07753673783828,1.06201414615169,1.05227938048824,1.05230540142147,1.04409888360963,1.0325411576899,1.02921137940741,1.01552618053948,1.01678591422841,1.02289253740137,1.0225043704573,1.02006826866907,1.01990435341486,1.02017258885873,1.04042093973831,1.03702664400793,1.03629701331721,1.03082513556224,1.02259668697118,1.02400764127853,1.03190348156172,1.03676518599935,1.03076876302432,1.03160650250996,1.03331986396786,1.04058151640262,1.0401870437522,1.02865275787185,1.01729702386618,1.01282088748904,1.0100513052762,1.01101656136417,1.01526369898696,1.0152637298776,1.02064943684919,1.01571017062394,1.00743218392658,1.00743218392658,1.006536922248,1.00175635539252,1.00095826301907,0.996830864279426,0.999126470548939,0.999505889792813,1.00529027354272,1.0077598112075,0.986075811077548,0.986071855141563,0.946669604712526,0.915135702551958,0.915528519113374,0.932191967819218,0.967087659415975,0.96786624952174,0.983903401280705,0.98891013290122,0.992064111194666,0.994654171266972,0.993547021833419,0.996525258440811,0.996525258440811,0.99618124627523,0.990809567002778,0.991236314457005,0.992469126412894,0.994004135025113,1.0005265849461,1.00241541609434,1.00469735006719,1.00119381316623,1.00199315168293,0.995084159920298,0.991749350775455,0.994502674845052,0.997457385324953,0.99459388166655,0.992783172912739,0.993514815792202,0.994870126400389,0.990367450968048,0.990367450968048,0.975463510637016
An8_Tr13,1.00180941299525,0.991508243303451,0.990681747262244,0.991855527007047,0.996628284775179,0.993972639794621,0.999839703944447,1.00000178543136,0.994463554010595,0.996793633988906,0.997473566783123,0.997205892714083,1.00465813880006,0.992708517829461,0.998342321629552,1.00979732061521,1.01324131127262,1.01383390371489,1.0151844941279,1.017315082498,1.01181804084557,1.01209154913401,1.01815188176963,1.01760366923728,1.01240579148067,1.00956276439556,1.0116006276516,1.0116006276516,1.01449109067947,1.03152187749422,1.02964700593792,1.07123642240956,1.10754233941285,1.10439640323797,1.16754675840959,1.17371957970825,1.16586227431944,1.16586227431944,1.16243762047139,1.16510816463535,1.16352099582307,1.15048667121181,1.14675504904119,1.12906056256142,1.1296184075209,1.1144182295408,1.10373030276952,1.10373030276952,1.10075714420045,1.09741921996586,1.10784245061493,1.10784245061493,1.10790141880604,1.11819255472286,1.11819255472286,1.12442695997827,1.12031100838902,1.1229377376176,1.11705264449504,1.12069067864268,1.11455784522366,1.11666836354724,1.09777530857662,1.03974001053192,1.03929451679084,1.0469383560218,1.02995316236707,1.030121288402,1.05229269602122,1.0660138383782,1.06629779256619,1.06629779256619,1.07077254313411,1.06575895032395,1.06575895032395,1.06690804941717,1.06655294848968,1.06591486506473,1.05687405060001,1.04846220996114,1.04818684035099,1.04696314870848,1.05297497893672,1.05302361625188,1.0513680163238,1.05544694565545,1.05991157137763,1.0706618487058,1.07261601789994,1.07003638785957,1.06482875993911,1.06603785723741,1.0596537684499,1.06110681600631,1.05742305337564,1.06093263214185,1.05202435300655,1.01928504170278,1.01884349078519,0.956208215341212,0.956891897301905,0.967183332200752,0.950938483057831,0.971153497024943,0.986220421600914,1.1876345417517,1.2367777677046,1.2498049512096,1.25054860376912,1.27880398764911,1.31081335365636,1.31100382506466,1.31852950351734,1.32303248411947,1.3276305738952,1.32770059742632,1.32647910495886,1.31763269436152,1.31431101783508
An8_Tr14,1.03212314214461,1.03017677869338,1.02840866032057,1.01234967542065,1.013213012332,1.01165654492087,1.00523863696404,0.996398381144526,0.996174748812873,0.995731285932668,0.993816910413311,0.98271608018434,0.982132704412403,0.981753613174853,0.984470123332951,0.983164596773642,0.990907981169738,0.989858217988127,0.989708905864458,0.988931775661382,0.984642383095561,0.915398061428839,0.916009351670804,0.899377108172091,0.89640816568421,0.895742958076025,0.870314631472285,0.832898836384224,0.832655502750765,0.852828801047258,0.851870323291946,0.866921120597608,0.866926080425177,0.885187481039711,0.885175018610646,0.8880330161099,0.884036752642276,0.873890768944655,0.873900352744551,0.863566668107988,0.857105388510477,0.847105250937231,0.849412308583124,0.843584367605148,0.841718368192134,0.842046546320187,0.836243033123421,0.832651063111996,0.834646607080128,0.834646607080128,0.834847806640772,0.846012182435109,0.845500126237202,0.846679096464419,0.843764870381682,0.843547076491023,0.845311817746179,0.844943207316935,0.842294294324857,0.84130226718738,0.833726775169367,0.841033267837978,0.84104221889797,0.833927768656434,0.830451555326272,0.83369573663239,0.833365706827272,0.829098316646741,0.82816326911513,0.82845963516635,0.851404234180086,0.849812848124907,0.847824308144368,0.816415617666071,0.848822267247229,0.85648787581746,0.858391487385814,0.856877529752249,0.85990202509233,0.862557431487055,0.861136252208106,0.85971115345166,0.859588546731488,0.859598982120254,0.859323981250907,0.85671606467771,0.856175198465616,0.856575188575586,0.849787117325504,0.849612595342125,0.846292684185505,0.844022777666366,0.844936557740731,0.842616531317787,0.845743730538551,0.846978519512151,0.846200405301068,0.839136116210231,0.842622650717227,0.838568506043988,0.839354510828874,0.840596245641436,0.847405375681502,0.846425703105835,0.852922053458675,0.857692898299016,0.856802940243803,0.864614217088985,0.875237606619852,0.875467177624027,0.880946320269389,0.872702063429463,0.873910511564944,0.87014854327988,0.866994300713087,0.865152405566614,0.864432388656899,0.858765782600216,0.85368695098465
An8_Tr15,0.994585968692518,0.993641477641528,0.988375160513596,0.980029307485801,0.981274789482594,0.986749747648597,0.983481243637712,0.991379769260194,0.991379769260194,0.98545134209618,0.984938686989699,0.985673292266635,0.986663886667193,0.989524354007368,0.989903201701741,1.01758815901387,1.0314901739172,1.06876880099018,1.0691008687272,1.07508047518169,1.0758957796511,1.07627134359566,1.05534474841519,1.03680530118552,1.03702247700982,1.03997943600008,1.06170723537273,1.06935914580696,1.06935914580696,1.07256669748813,1.06635667978726,1.06635667978726,1.06514582968295,1.06226990045277,1.05614208730974,1.05879798951178,1.0491039146485,1.04337047083475,1.04337047083475,1.04028923336128,1.03561227071663,1.03581942154637,1.02362475290734,1.02639081025066,1.01512371538651,1.01472838974495,1.00681675122103,1.01214357075398,1.01411989489958,1.00942595487981,0.999913720552178,1.00165079416567,1.00041653571502,0.983848564325048,0.988774289823358,0.985626100846747,0.983029149854939,0.991305313403074,0.987412581147926,0.99992669966636,1.0053643018418,1.01507160411632,1.01765981061745,1.01456574717165,1.01753530440678,1.01630887173297,1.01823172249753,1.00940565391349,1.00940565391349,1.0043198202623,1.00039099388408,0.99767363357851,0.999271031785613,0.971114267620531,0.973145535557615,0.974697977875551,0.982352068073056,0.995778199533037,1.00879960594979,1.00879960594979,0.989678915518662,0.985871211371657,0.987663388226845,1.01606621745444,1.01645160576756,1.01447814749426,1.02413554738219,1.03010509551098,1.0310670582534,1.03573482546532,1.03592817227454,1.0255728600249,1.02569384293627,1.02214489453045,1.01888669927233,1.01923249497104,1.00884354195208,1.0008872567332,1.00248997978283,1.00068203048573,1.00376248631458,1.00506126438683,1.0059633876735,1.00150402134147,1.00543517419105,1.00433043698861,1.01827188919379,1.01989717532487,1.02587590659522,1.02563333283654,1.02229823293177,1.02041074322197,1.02012688724778,1.0210500163429,1.02162221392851,1.03105809802324,1.03184249436664,1.04460899151153,1.03863669815695
An8_Tr16,0.986618963902412,0.991776423429767,1.00241251797644,1.00241251797644,1.00347388509125,0.998858308100313,0.998858308100313,1.0052385184077,0.995806749822977,0.994734623056748,0.997789092985393,1.00418804085929,0.998193267250425,0.99922403308909,1.00418210691716,1.00356329759909,1.00355443587039,1.00597251817165,1.00314239139315,0.994713435814481,0.993480940163874,0.990718665724788,0.997729700949211,0.998501915803265,1.02715966180409,1.04793223562634,1.05145534118308,1.06068570184249,1.05699977249043,1.05356101706893,1.05371114339705,1.04581536669778,1.05207878004486,1.05241800477076,1.05043989634306,1.04062608045912,1.03428247189853,1.03531714821806,1.02444052831638,1.02235550826868,1.02023323962169,1.01295197109853,0.991165577450357,0.990949207837787,0.994718538703897,1.00865831152636,1.00644824699929,1.00424125020487,1.00730902946716,1.00914546007862,1.00941183471325,1.00300375516019,0.988940897448103,0.989010409217839,0.961575778189642,0.982714065834966,0.997415302788927,0.994455319215553,0.998505723950094,1.00525914620628,1.00466550505169,1.00930237650581,1.00599964677798,1.00599964677798,1.00144191776505,0.996441374729438,0.996044620291489,0.997233474189838,0.993413934678778,0.988376713648472,0.988240654058513,0.98253386902309,0.985591843404027,0.986572899320534,0.988476965410761,0.98440731770393,0.985818378359501,0.984932294517736,0.981725947684544,0.990351304780935,0.995577670913033,1.00266546564288,1.00586153360956,1.01412928360893,1.01491961817146,1.01795589915053,1.02087985257368,1.02136514581866,1.02601846293691,1.02581353414293,1.0274634931272,1.02319378172957,1.02079562907056,1.01979621489936,1.01742950111408,1.01534412093313,1.01601399584684,1.01699364638172,1.01563114760206,1.00846579303702,1.00941984205427,1.00995252858962,1.00521096360063,1.02791551302045,1.02732506787479,0.98937686907707,0.969899998748217,0.965414959825293,0.994936848011071,1.01529926526717,1.01748633837491,1.01660957108723,1.00927240011517,1.01096930398504,1.01167868042329,1.00377440138357,0.997875030076385,0.9985571758422,0.993468168721403
An8_Tr17,0.973124928371593,0.973610848392477,0.979987033492663,0.979192398513602,0.975833655885694,0.971691524303693,0.97564503434513,0.973683581981663,0.974316329627405,0.979218667914214,0.981165978145079,0.97965489994863,0.994580797734434,1.01541278010028,1.02067115191318,1.05165848624242,1.05952614091694,1.07074186045114,1.07028390171976,1.05987688818548,1.04660561070069,1.044442017076,1.03083351420632,1.02441177817391,1.02409102879643,1.01973543314096,1.01441355364585,1.00868812282249,1.00772277383588,1.02435118236034,1.04645860577058,1.04668881239364,1.06756676096482,1.08064991682646,1.07606880508335,1.07451539124849,1.06690601071672,1.05623906412117,1.06378684366383,1.05411974766005,1.05179960511241,1.05179960511241,1.04067810809364,1.03928062248346,1.03279147164663,1.03267158348989,1.03345100804505,1.03296647477167,1.03242949640338,1.02908655157022,1.03102139907696,1.02926931986177,1.01949836716572,1.03593805609566,1.05231150087595,1.05245558848287,1.08819522026557,1.12230984852089,1.12299701528978,1.13593010918852,1.15483612297691,1.15695745577383,1.16716535121602,1.1661131740308,1.16080497883883,1.16228299514798,1.15892286050165,1.15740786625764,1.15452723391988,1.15217271730146,1.14799674075277,1.13589224891472,1.13392674988285,1.12248869318174,1.1191174756142,1.11659037456198,1.10939993836353,1.11002415292208,1.10914417519474,1.11581674703746,1.12030299584174,1.12568977241287,1.12568977241287,1.13512378043462,1.13272331139487,1.13272331139487,1.13508646200721,1.14552068306544,1.14827002686788,1.14827002686788,1.15078744291003,1.15542040822774,1.15631227063987,1.16722342471719,1.16202005481876,1.16119363812929,1.17025906135015,1.17610705687442,1.16630459040706,1.16608955306228,1.18226819263402,1.19911861029385,1.19959718950215,1.15215778320926,1.17432805259612,1.17426048263563,1.18566461624979,1.16654311867172,1.18691200364161,1.19187953979115,1.19877628129897,1.20748963997678,1.20722286114013,1.24173102296617,1.25254492229773,1.2515039750876,1.27699353471543,1.29183662417582,1.30656464007306
An8_Tr18,0.884017305467107,0.917547372192226,0.981459308331262,0.98236525142033,1.02078163509064,1.01846214220644,1.02597543416079,1.0258741948979,1.03305881228959,1.0287960482429,1.0284382251842,1.0232491410723,1.01420578946619,1.01245087056956,1.00240284987321,1.0010600216611,1.00045001635882,1.00095656733003,0.998449014185427,1.00000695934271,1.00000695934271,1.00046504232938,0.968004495431973,0.92173246623309,0.917247503777072,0.88884167823762,0.856141667293205,0.852033525507302,0.896765392407134,0.915765512743726,0.914908775429359,0.919632294315565,0.951411786778946,0.97216849787503,0.97216849787503,0.967117368215582,0.967262304226551,0.967262304226551,0.957979453583833,0.944842762611313,0.944763801455472,0.934624150884147,0.929797937342938,0.915885726394359,0.916455014159148,0.916919272350567,0.903291160624871,0.903920028353551,0.902023293385187,0.908388805986011,0.896427813039412,0.89855453610467,0.898775218905128,0.910643622222173,0.910643622222173,0.920390060580901,0.932597873807733,0.932597873807733,0.95860554762053,0.970453129493199,0.968619614114624,0.968619614114624,0.969847571033032,0.965218561763598,0.964554605825829,0.968267294444043,0.965590253013709,0.96581018398591,0.950154764444003,0.944102126338172,0.944249540399843,0.944728573316726,0.946133545902876,0.9486621277946,0.947907824493828,0.954781231434729,0.964784325827707,0.964169268613085,0.969410907921852,0.966900701450083,0.965269390333705,0.968633108458412,0.974005636247139,0.982579844548248,0.982579844548248,0.984921238358025,0.997138131847606,0.995629461302077,0.990740131165568,0.996972833065704,0.994483269972913,0.996591900930811,0.992706899262299,0.988987604682995,0.991020701930919,0.991020701930919,1.02117795164924,1.05060281679211,1.05161261167686,1.03544239243482,1.02021472395386,1.02021472395386,1.02563623504382,1.03480253075334,1.03480253075334,1.0618058789031,1.04973126559169,1.05245321995105,1.05245321995105,1.0585193374846,1.05664095432372,1.05625130736624,1.05733214524974,1.05159497926662,1.05157390320155,1.05285375179508,1.04807128396972,1.0483883582414,1.04876831647937
An8_Tr19,1.00066516161629,1.00352971376416,1.02496215578255,1.02572038341222,1.02631154066233,1.03004867703517,1.0240063338696,1.0240063338696,1.01815456548557,1.00766837105114,1.00129206636391,1.00129206636391,0.987250633812474,0.980195828821274,0.980195828821274,0.970116200297575,0.971024284650459,0.961780699610333,0.96177915471019,0.961037455477535,0.929984551182891,0.93044513736173,0.932134516787905,0.969550620552236,0.969463919579079,0.979991019589931,1.00106601459477,1.01361847434194,1.02703627074897,1.02619105516083,1.02960360620254,1.03463857115287,1.04041794638897,1.01866300424573,1.01941871828053,1.01676501161575,1.01714594277338,1.00248216255148,1.00248216255148,0.994014701228843,1.00222564045206,1.00202985492478,0.994362123782129,0.999867727939163,1.00073884616,0.999256387241977,0.993313190657607,0.990419067635819,0.988025299958775,0.98085460697921,0.973505611663875,0.973295485236927,0.963886639644232,0.968770961640366,0.977916736561075,0.977918313085482,0.989578952898607,0.955396209806917,0.952343106629277,0.914808680062006,0.914277030158897,0.911443328542396,0.947567805806961,0.953134710468547,0.952142421718257,0.952522915118064,0.960871082743434,0.960797988591763,0.960547851958543,0.966999094699086,0.967140150752651,0.967621532378846,0.961884545646492,0.960273552855143,0.957598447885064,0.957274741158422,0.951577833745838,0.954103712166908,0.950389737412144,0.947161379470848,0.953697260986212,0.953795172306075,0.952343395545007,0.903014139872103,0.8858990212014,0.88362362059012,0.835815745225076,0.822312913870134,0.820104530892964,0.796395796629603,0.882348218155585,0.932744971790286,0.933220002641908,0.95116707605115,0.988374776411063,0.98938341319368,1.00107167123014,1.00762705050733,1.00757411125249,1.00974009310649,1.01466204499923,1.01235539527361,1.00977747973054,1.00434173155403,1.00186269151351,1.00195154135131,1.00795898483414,1.00210782089613,0.991766993478378,0.991230353253159,0.994383160896127,1.00027843634925,1.00027843634925,1.00608605071122,0.99386661799798,0.993448215071648,0.92979706133011,0.922662029051355,0.941438635521695
An8_Tr20,1.01551131657787,1.01459619338193,1.01821673942063,1.01895524932711,1.01897848395299,1.00785513427452,1.00785513427452,1.00868488694852,1.00515761608777,1.00430275705234,1.00882453470362,1.01176397555678,0.999230632417719,0.999230632417719,0.947581019089561,0.983083068839434,0.983083068839434,0.966979818979216,0.980109737858333,0.97885214827671,1.01856374021885,1.03639792237411,1.05087497807599,1.05118908234652,1.05626016316345,1.04878298331027,1.04874318311104,1.0477650987074,1.03461817998072,1.0379037536621,1.04554354231146,1.04048761234284,1.03388259756051,1.03435721472974,1.03756813616705,1.03286790103591,1.02760345803291,1.02905993871798,1.02287736231823,1.0247187204718,1.02698312987678,1.02909387937834,1.03245113454575,1.03124860944772,1.02459353295211,1.01994235588834,1.02395451321147,1.01879742453125,1.01394491371556,1.02285387595737,1.02324850863858,1.0258875796435,1.05190699317071,1.05252243353535,1.05498838656421,1.07999731497956,1.07819968390526,1.08700354877295,1.10874269670321,1.1206515341422,1.12009589105107,1.13401354346498,1.14113919362698,1.14062093589775,1.13632690031669,1.12774777074321,1.12294425549078,1.12147741206207,1.10880331121611,1.10275733688364,1.10361522233413,1.09785468080103,1.10232212407945,1.09611069856389,1.0949215604811,1.04066046595105,0.999264579331076,1.00000937279287,0.97434115453838,1.01806252055442,1.0188149279677,1.02241959400109,1.02203825461477,1.02066496611877,1.03337126752302,1.04961026322288,1.03763037398677,1.03736494949566,1.02158514698587,1.02468296396205,1.02513299876556,1.00864600828111,1.02418412665506,1.01427215534023,1.01414038407757,1.00844613178758,1.01010109959845,1.01394844876791,1.0192623723716,1.01883739462806,1.01813172054435,1.01820978464148,1.0158999435234,1.01255348918155,1.01692671604558,1.01342658107676,1.01719400269531,1.01725086083803,1.0241860810644,1.02396452691651,1.01927564728866,1.01992506364984,1.02047092434001,1.01779149123442,1.0174317692305,1.00857727708076,1.00680498769055,1.00482690426704,1.01518967694938
An8_Tr21,0.979477829202041,0.983112378421438,0.996090628533404,0.996090628533404,0.992256356181946,0.973767578476274,0.972771747896817,0.985400766694041,0.98079670428452,0.991063161640991,0.99207721083037,1.00348021322588,1.0124213199451,1.0124213199451,1.02380062685812,1.02889497817353,1.02889497817353,1.026383440257,1.02079813272649,1.01222728682771,1.01222728682771,1.00381526070027,0.998573147543868,0.999264893028353,0.997952093003847,0.991199260371464,0.990476364154001,0.990627033042727,0.985352847332857,0.985488628916766,0.984817085003002,0.994935216180928,1.00938565889356,1.01010213657662,1.02113381880256,1.02337319521419,1.0211986964832,1.02265985945479,1.01033625639883,0.984375018345946,0.983730556490054,0.97423592559986,0.980616789961781,0.978997221837137,0.97812310640553,0.976029921125576,0.994301389271992,0.99531774575829,1.01823586966664,1.02146720491104,1.02354864241803,1.02290115128155,1.04034897112506,1.03866160167061,1.04283522354553,1.04362749544912,1.03826690134475,1.04073198001869,1.0334012503999,1.02601794044017,1.03270127363819,0.957614221139729,0.945808662710977,0.969582551113919,0.969385157511405,0.970897247932947,0.964446465731247,0.964848703655456,0.967762454986202,0.970342750944818,0.970891827302595,0.97561832811136,0.978244929853666,0.974390524707466,0.974180956224483,0.975533695162692,0.971824349470425,0.966293370718918,0.964346401232459,0.961723754171329,0.962158595631151,0.961313909018053,0.96141812341569,0.963966061286776,0.966666708072738,0.970463502050923,0.971587052467694,0.97078553825273,0.967987310894015,0.966363569031659,0.968724657898103,0.960708893207411,0.9669672968622,0.963077642351422,0.970465240836397,0.974985589655756,0.966126064810769,0.965774209644383,0.97218673069215,0.935333977973201,0.976989607597267,0.976989607597267,0.992646701938029,0.9992485463059,0.999956011850816,1.00653217433106,1.00835046091342,0.998432025297284,0.99841852443447,0.987082783536258,0.9800813950537,0.97990826420527,0.982794522310492,0.975947719068998,0.974998672074495,0.973494446226052,0.971944001187336,0.965762636420213,0.968380442732301
An8_Tr22,1.04701594898646,1.05054310440585,1.05245965494223,1.0513471651166,1.04838317339463,1.04838317339463,1.0417734959299,1.02528633082041,1.02691297826847,1.02293872274383,0.940969641262749,0.93904413909535,0.94193070879125,0.918542406051276,0.897335245385071,0.89885003753604,0.975826450340416,1.03618256420027,1.03627505933458,1.04768215725093,1.05785743617707,1.07304341686115,1.07368411343619,1.07322816313819,1.0621189492149,1.062192818304,1.04595732065543,1.0223947838595,1.02171052684413,0.999361144626721,1.00859454878433,1.01362554722959,1.01344409273122,1.02745891764534,1.02296252402625,1.02255664207574,1.01879156357353,1.0092866103732,1.00317587508843,1.00416040365752,1.00148933845999,1.00276241406102,1.0044554680581,0.998876672963306,0.994019100079653,0.974381018388847,0.973898496890072,0.962552086777528,0.974369791111539,0.975606031107016,0.990186891971172,0.985459331653837,0.985437376265882,0.981089086810207,0.982069203008044,0.99640655963967,0.998877290100206,1.00980346405147,1.05382859907162,1.05382859907162,1.06872541519012,1.08952366214574,1.0890239967815,1.07441359940672,1.10183204995289,1.10093242701952,1.12998637881105,1.15717787976086,1.16853133699685,1.16659713012163,1.18585116033834,1.20397288069114,1.20502530038363,1.21200323349051,1.22201378664133,1.1710522845402,1.17039715747655,1.1415341714529,1.15103945780694,1.15245518233695,1.15417900851375,1.16437673714047,1.1738042881521,1.17417478720879,1.17466802942025,1.17749832346135,1.1764355082337,1.17421702867925,1.16056319169354,1.16262268670642,1.15877989683337,1.15227873077716,1.14199193182226,1.14121248311815,1.14189989452272,1.13611768616539,1.13755117956729,1.13368093465928,1.13254385375815,1.13435553733488,1.13722098300204,1.1346064200824,1.12963503017989,1.13096786247457,1.13604349592759,1.1386760067829,1.14112474596628,1.13742128583393,1.1375181977691,1.13552243574526,1.14260568666879,1.12917481652212,1.0628380967375,1.06281519438704,1.04858664108761,1.08018507431766,1.08018507431766,1.10584307763335,1.12743244418348
An8_Tr23,1.00129358589627,0.999610874496947,1.00009430308296,1.00657251664818,1.00868630833793,1.00735843891011,1.00273405292443,1.00054089096983,1.00329314922607,1.00206732655445,0.994589411104271,1.00004373554192,1.00052520949736,1.00130035897858,0.995505727885737,0.995714093445624,0.995611149466976,0.996999997101621,0.987458869930713,0.99130521228104,0.962261717121689,0.952780786772599,0.974726657604307,0.977106965981777,0.99229210854824,0.996530143821288,0.996190613087028,0.975693508075201,0.954380130759012,0.956223328460708,0.960297954961241,0.963716156833297,0.966026951395907,0.963153484022326,0.969093965459867,0.964881715070634,0.964881652239792,0.95304050282234,0.940331946511919,0.940331946511919,0.930096823782079,0.921348499732064,0.931255243562927,0.931255243562927,0.928627284594797,0.928628530478244,0.928599248169445,0.930310235907527,0.9306966552386,0.931586733092541,0.925658341665634,0.920976788965879,0.916540399717644,0.91745789043565,0.92232190851657,0.932332507643486,0.935420824958442,0.924005182258663,0.926209747963504,0.928033117026052,0.931154405282582,0.938824731350693,0.93958582486725,0.941124665746714,0.939182711751787,0.93282925821044,0.934309612509665,0.931384045168043,0.928958981341346,0.922998600300442,0.919144133804932,0.917063206415997,0.914883435804177,0.915438294261906,0.915430199213556,0.915353251362295,0.91534467455072,0.9162199514182,0.917095511028376,0.910998966429593,0.910544375841239,0.914649851302193,0.921825507510479,0.922951077008198,0.928089369770865,0.940271816780402,0.958795288194022,0.958795278207686,0.905963165756206,0.932110866680949,0.932714974485771,0.887290466878117,0.797927114649525,0.7979451614838,0.789359161336959,0.820575749922077,0.835924258098378,0.835924258098378,0.830654762795647,0.828421494228868,0.833456012498633,0.827064391833523,0.823406377760537,0.82264008382227,0.823805866384701,0.816257344120223,0.814993765947918,0.815988031893836,0.815131120961275,0.818058188471315,0.81652535008941,0.823607319621888,0.824213825450811,0.825569920442729,0.823702634122913,0.82395268775294,0.818083291366885,0.818083291366885,0.8164792217794
An8_Tr24,1.02454788494045,1.02154890642724,1.02162912802172,1.01744894655963,1.01684813749833,1.00622859467537,1.00859047060239,1.00125330988874,0.99215960845793,0.994279215175615,0.991716200564197,0.98645289870427,0.986525951991867,0.98825413499645,0.983771100655269,0.986416801975045,0.986416801975045,0.995087210277065,0.990824696613369,0.974771718346055,0.974798534915947,0.880640366696006,0.843833932953839,0.843634292378149,0.80810243014197,0.837112631409627,0.83711264487367,0.862517974108984,0.867984864003867,0.867984864003867,0.850681198637283,0.844662184808997,0.842820260468177,0.851202785047494,0.848751059909871,0.836388619513107,0.839674733341663,0.828342864601838,0.823393671449561,0.823807106538726,0.827307333521524,0.812664053741442,0.826824635296563,0.826824635296563,0.830106384789332,0.847828315151679,0.839070601761814,0.839070601761814,0.838161994881346,0.844608338275107,0.844812679787322,0.839629694178081,0.812177061939938,0.811702669136338,0.808673565723648,0.830697216850833,0.83681233637679,0.836070948261448,0.85479456885141,0.86284649325836,0.862554268369556,0.873136581448528,0.872794114840609,0.87271896177421,0.875198098267847,0.873041904281325,0.870347907301478,0.875851281838982,0.851745763638241,0.843418456672701,0.846610931687999,0.85522524279941,0.848328690640163,0.848514706968387,0.854000943907923,0.852773689446992,0.851636126792244,0.850359310222669,0.848230214029123,0.84558833146156,0.845630990201904,0.849401088263827,0.845927124491602,0.834270550596327,0.833975793161497,0.833834049674096,0.834958594776362,0.832718250654895,0.829204243910551,0.831064595247724,0.831682099497009,0.833468399853454,0.824967600810178,0.824828492486017,0.825594610060283,0.800987927030756,0.812068061782773,0.812435277465723,0.812809086131252,0.772132313931883,0.770939215112802,0.714119760654558,0.742739335924469,0.760459873886212,0.760459873886212,0.786094230857287,0.797315769650602,0.797315769650602,0.813900633477045,0.822221602426917,0.822721100029941,0.823973143685119,0.826943813535423,0.825212145208026,0.825707360236563,0.819387064346166,0.817928612057784,0.817928612057784,0.8121366734966
An8_Tr25,0.976028374172873,0.987933380831869,0.991245020469586,0.996358651455707,0.996615199198485,0.997774733542975,0.996383372116387,0.995100556679154,0.998669386717898,0.996540296445254,0.993535402077723,0.994149868216144,1.0015678311446,1.0037030066167,1.00366730349172,0.994561642974452,1.00387138388955,1.03302386681076,1.03927072314817,1.09199997363971,1.11422305722212,1.13644614080453,1.15866922438694,1.18089230796935,1.18089230796935,1.2132145445129,1.24015864460051,1.25964599676319,1.25777376991723,1.27671361748988,1.27635366917175,1.27564078787448,1.26614211712605,1.25574376853989,1.25574376853989,1.25041501646264,1.2317665182858,1.21537483048046,1.21415886677311,1.20401029198877,1.20263282213065,1.20828450200928,1.20763905982685,1.20275886559858,1.20194760412068,1.19793708799339,1.19313766589637,1.18954612985529,1.18954612985529,1.18537411138931,1.17973076622786,1.17983639625244,1.18443093273066,1.18031964995143,1.18729364239128,1.18709538615759,1.19153117006967,1.1977812433145,1.19751402517151,1.19616548231202,1.19710672536286,1.19775055246258,1.20024506242727,1.18791880641214,1.18943302993651,1.19040315348332,1.18393053495632,1.17938831891868,1.17959948189173,1.1714874038247,1.17158416917339,1.17357367988907,1.16979833779898,1.1670857936459,1.16764203773873,1.16655395010683,1.16975324428041,1.16573396295082,1.16846105247419,1.15839429302453,1.16366895622908,1.16366895622908,1.16464322984006,1.16866771565559,1.17499670102108,1.17499670102108,1.18610947785473,1.17995728218124,1.1794660273503,1.18326179142982,1.15536195790254,1.18440477527193,1.18366957454855,1.19753603518887,1.2095897174032,1.20921874319628,1.20745862246311,1.2058510491499,1.20777761504425,1.20568622758879,1.1924424527258,1.18982114052082,1.1909361670129,1.18113210776245,1.1832332278097,1.18313244473646,1.17007561022524,1.16870585603667,1.17279522568088,1.16546903195131,1.17486241991663,1.17596854425559,1.17502834777338,1.18372008745445,1.1819435312408,1.17979952658658,1.1783669153419,1.16801562081986,1.15473432079653
An8_Tr26,0.923143074999662,0.988722888212807,1.00785927678934,1.00892355634133,1.01236968464466,1.01953570377909,1.01920790247362,1.02718639166921,1.02762132303566,1.02657180825359,1.01674496551953,1.00659599279024,0.99640877936835,0.997197418832698,0.989063838125835,0.989969579391733,0.989969579391733,0.979288151736805,0.973620084644111,0.971366020394367,0.971366020394367,0.960325966227446,0.951224750265763,0.951225317564672,0.955814487227026,0.967717300625465,0.987370616774541,0.988418773549125,0.969043552968008,1.01930278169175,1.02038843952707,1.01720410264446,1.02832145109542,1.03124239137586,1.03930962576204,1.04034199909352,1.03375467948598,1.03436221684654,1.01174274492122,0.993460022698759,0.994117525485134,0.980356863302063,0.95922249496261,0.95922249496261,0.953331014170238,0.948275002801239,0.95065663555535,0.949451895843686,0.952607098628596,0.954476744208028,0.95385370556943,0.96297866162297,0.962993728006312,0.949496003170249,0.949929135849551,0.980765292642857,1.00049925517329,1.00019142938653,1.02208195061224,1.0095950867461,1.00930409030593,1.04178375953213,1.05275082660649,0.938214496963406,0.936320436342875,0.898187293301189,0.954585145358428,0.954875464763663,0.972638699418786,0.968218112456514,0.97648762332739,0.962369344098301,0.9576855373937,0.95413980544802,0.951198542805615,0.949754488059598,0.945491895582686,0.94568310080368,0.943679039561654,0.939359796304439,0.939303527607767,0.938077296426947,0.941355588023701,0.93713881362925,0.937649234567369,0.928155469154217,0.900509227029774,0.899605006466804,0.908361030718414,0.909213718699228,0.930241146398615,0.929557487335483,0.938060384539602,0.932292417864897,0.933324564340122,0.935988975077794,0.937764920775614,0.937159858312412,0.940023104864757,0.931860040974809,0.931473371561877,0.931473371561877,0.931494120277268,0.886459644010047,0.886861214379664,0.888881688841478,0.928820352384777,0.946692898232296,0.9464017298457,0.965682477489963,0.979482079424892,0.978166150728474,0.987234242966294,0.971606718550068,0.971246930281487,1.00309250953945,1.0055885843526,1.00531029923777,0.942206407116748
An8_Tr27,0.961543222398024,0.882948806248721,0.881257610564058,0.882698164105965,0.90796144758022,0.908005809389414,0.972358001001644,1.01681918319057,1.0398349535305,1.03961751236875,1.0521027543961,1.06195234035538,1.06200453798792,1.05802318485436,1.05675135401206,1.05631094628816,1.05448564423552,1.05515591280155,1.05016861469107,1.04918339598929,1.05024527324028,1.01506519066678,1.01506519066678,1.00570575890878,1.10073215498076,1.10049761177449,1.12140835657417,1.14370748535919,1.15849563858661,1.15520171436414,1.16511153867391,1.17631732703116,1.17994266760222,1.18542038004689,1.17671193673169,1.16315183938434,1.16484486166904,1.157026884356,1.1328048352619,1.13271898245715,1.12045634647188,1.10585879421902,1.10658038639032,1.10001682416174,1.10057569652951,1.09749416672582,1.09703642610586,1.12166170433623,1.13575382582305,1.13712436858321,1.13976555308465,1.14777788946419,1.14668082596494,1.1435633664483,1.16064080338844,1.16529163198949,1.16630694420918,1.17782483997568,1.19878094968885,1.19696803669896,1.21621577804694,1.22496448012728,1.23386557718093,1.23386557718093,1.21712165766611,1.19203739832261,1.18616433811642,1.23975699013819,1.30147470759886,1.30274946457572,1.34776724306318,1.39776734642755,1.41174202319555,1.41228434131393,1.44998823124438,1.47290643850773,1.47937301120188,1.47494192990102,1.4677474265452,1.47030267625322,1.47030267625322,1.45516166279688,1.45592098486558,1.45592098486558,1.44698690545173,1.4516502150212,1.45048072729389,1.4488434838737,1.43873268545009,1.44028255376997,1.4341696368786,1.43067068732386,1.42214383841704,1.42159234407494,1.42615732629332,1.4162950985167,1.40845500905749,1.41203171568901,1.40582574422611,1.40660814631658,1.39979621383203,1.40965949723593,1.41153184139647,1.41361112964891,1.40893864000036,1.4079012688813,1.41248343485916,1.40631537052461,1.40536369146109,1.39921102193684,1.39921102193684,1.39983813135086,1.39068215540341,1.390511121451,1.40018223618586,1.40408540269517,1.41069106038164,1.40909376537571,1.32584405803023
An8_Tr28,1.03352305585873,1.01929074701134,1.01178012715681,1.0093308460214,1.00904196876479,0.99928587715509,0.998100570224802,0.992634561193508,0.985296854386979,0.985060536985132,0.985060536985132,0.980182278209126,0.982409966762874,1.00112692592766,1.00112692592766,1.00262352214929,0.998340583356372,1.00237127884914,1.00341283707416,1.00618278876959,1.0048936867372,1.00590535107798,0.997899560561615,0.983237150084684,0.988120794550706,0.965162460163355,0.97690350842474,0.98615622356861,0.99489895787754,0.994331505524792,0.996206007772818,0.995555116517339,1.00825233633911,1.02227275233979,1.02268488178331,1.04340333107773,1.02482665108006,1.02399466373453,1.01092133905597,1.02528385817869,1.04065878891243,1.04112963059727,1.05338912766865,1.07221806492601,1.0774861712626,1.08664340441993,1.09778499503923,1.09755227988793,1.10042788750155,1.10654799677454,1.10659058874342,1.10740061180152,1.09875817799427,1.09101561685955,1.0895108010123,1.06944410181981,1.05036082180005,1.05036082180005,1.06193087566055,1.07398710084942,1.09159945134025,1.09449195148538,1.11046922413863,1.10155541857315,1.10180266380708,1.11769448611003,1.11678119998173,1.12345682825317,1.12342325370819,1.11446216332412,1.09860198633258,1.09805082619132,0.97863217166278,0.856915709753902,0.787188234615609,0.787506475658193,0.783944721596753,0.812326770895269,0.812326770895269,0.835572477593024,0.871351867438422,0.870400056747488,0.880643254916977,0.887267063005454,0.896965919157974,0.896965919157974,0.904629923236427,0.910537669937253,0.908949410713384,0.917882306816189,0.911479888844832,0.911541118110974,0.918643951796909,0.915938814286667,0.919334795227887,0.919606665220888,0.916624122131678,0.918589486349747,0.921093625495182,0.919416593465702,0.915977777761311,0.913972997396034,0.906853016567612,0.910364012233605,0.929356131803725,0.929356131803725,0.95394250818884,0.960311910788486,0.967277822871498,0.97037329422087,0.974620041949222,0.978119250322774,0.978119250322774,0.978741395095084,0.966413575642206,0.965408933232436,0.961836392446488,0.950019705215827,0.949663490841213
An8_Tr29,0.987474831705201,0.987081495965616,0.991663871283164,0.992628545539365,0.990966854017647,0.995841885748545,0.996171528151649,1.00078183840222,1.00023499535372,1.00047906823971,1.00720811010392,1.01044871047857,1.01089720663595,1.00668134564775,1.0123867661753,1.00161487235283,1.00444305012227,1.00060723865231,1.00238778542425,1.00238778542425,0.983210163384259,1.03203789881222,1.04003569927428,1.03569620734721,1.00056058345791,1.04950928460309,1.04891244704038,1.10815802969436,1.1250625214963,1.12550514557323,1.14434556342354,1.16109034085939,1.17039898495819,1.17049519354552,1.17757132275477,1.17815624465275,1.17815624465275,1.17538541642767,1.15761045741316,1.13467055610522,1.13532783780533,1.09718231140749,1.08506850872129,1.08419113974603,1.0899210628674,1.092816054378,1.09230923762102,1.09240447479196,1.09940870162359,1.10006757695899,1.11533321141418,1.12215348989725,1.12831872943028,1.13432743688529,1.13386630883467,1.13526835011365,1.13234461867984,1.1337752592102,1.1354027739254,1.12639368368298,1.12951674123212,1.11996987393327,1.11918932876715,1.11918932876715,1.11301675820545,1.11652392659149,1.10360276085487,1.10405369138532,1.09738599267692,1.00534877518842,1.00479684575421,0.992876885649583,1.02457553202577,1.02457553202577,1.06227026368818,1.09032543080579,1.10247817641355,1.10237897197862,1.11941577958974,1.12497108004671,1.12464748306226,1.12402138848932,1.12530329918503,1.12992918319848,1.12587108782895,1.12065533028171,1.11810753853978,1.11810753853978,1.11577381051251,1.11397725278882,1.11396898272929,1.11205287320102,1.11184325060759,1.11184325060759,1.10844949601471,1.11215642476758,1.10945258242001,1.10945258242001,1.10617244620256,1.10434288148152,1.10434288148152,1.10589268800737,1.09598782141566,1.10475843475974,1.10475843475974,1.10504923647764,1.11070155800379,1.1116470115882,1.1189054407118,1.12317482339413,1.12659409237847,1.12510063958626,1.11763164844657,1.11509707823351,1.11565522699321,1.1181165815164,1.11807112170716,1.12247325117862,1.12543313105714
An8_Tr30,1.01567052158915,1.01525515723841,1.02361369197471,1.01960377930881,1.01981393195346,1.01205366298459,1.00647982531644,1.00622905986869,1.00104139170878,0.993923698356934,0.993983612060208,0.990688084189043,0.988897884328346,0.990446565891958,0.988723602290036,0.985685760693115,0.987325577459398,0.980282096393959,0.980282096393959,0.978662685469303,0.981240104803817,0.982098293377717,0.980116525032517,0.989754564602342,0.989528961685622,0.994320237220505,0.947844908524695,0.945961109316648,0.953462835821231,0.964294458639391,0.978811634693247,0.978811634693247,0.996434806884636,1.00401671686069,1.0041256842467,1.02474072975066,1.02777854199747,1.01044456038225,1.01063781361989,0.970401177792993,0.970441330752844,0.970305345029344,0.972387042746236,0.97223686599081,0.969524957132229,0.969461826334125,0.966312359172354,0.959901261585886,0.959312055968169,0.940212478913989,0.93098387576272,0.93250110932163,0.933976180507475,0.934637739923169,0.941896969243912,0.941948538941555,0.944250261401019,0.946726004161631,0.946815943543665,0.945508106050305,0.942538860591614,0.942408613683343,0.940930063250787,0.941571395880009,0.941891160484782,0.936196265311798,0.934614169537121,0.937277620719858,0.93692528180011,0.932996285656378,0.934990461751948,0.93384409150038,0.934639556948705,0.93005910690372,0.92684638976461,0.927693228750614,0.929790477744153,0.928189077459577,0.92978804801503,0.928101435796407,0.927181375016836,0.931180006525609,0.932374476784006,0.942637636071578,0.941977295143886,0.942935479762331,0.938472468491349,0.941832766488669,0.941177989426106,0.945216609763224,0.946221455674211,0.932862901289888,0.934305772447181,0.911631612511915,0.911501874872962,0.911297542602052,0.894369711721877,NaN,NaN,NaN,NaN,NaN,NaN,0.860588879117209,0.891703224184074,0.895484685638314,0.901254414846654,0.855162225794796,0.820715918869097,0.820617356474289,0.947073512733167,0.977683955344844,0.977930580209891,0.964919621036315,0.976928000249952,0.975024426980718,0.998291814811624,1.01099021084978,1.03374092978379
An8_Tr31,0.941396122941037,0.942539342076753,0.942539342076753,0.944162181176454,0.935398297171932,0.936075343622384,0.934758611028178,0.937180231552894,0.931098222157648,0.931098222157648,0.948003663306826,1.02554352793471,1.02554352793471,1.06176162628808,1.08016270454781,1.0867184438807,1.09029348796318,1.14530995202114,1.16041715016116,1.16071736213801,1.16503987806336,1.17971604497431,1.17893587672505,1.19019533765149,1.18602125550848,1.1867542719241,1.18227276910798,1.1482722623073,0.982629078098837,0.9819902913004,0.949000146400807,0.965259425095964,0.965259425095964,0.969898750874512,0.96928036969441,0.958764000279194,0.958896055256087,0.942213953108787,0.937824856672145,0.938046494058854,0.927142670318069,0.918900042902056,0.913945511068782,0.913945511068782,0.920081244199326,0.905756250670272,0.90949944106373,0.907653738640898,0.908397724937616,0.906702480128924,0.907736260241503,0.917148615497659,0.927439690811079,0.927951526851851,0.973166699050375,1.01181504353569,1.01239558498407,1.04767523421782,1.05830356056348,1.06289842250205,1.10959383224287,1.09540062307804,1.13506998827927,1.13347631747033,1.13338978043285,1.11132850475564,1.11709779152851,1.11470331925529,1.15280028112488,1.15920933269135,1.16092038817103,1.16599504400599,1.16296531117509,1.16301380812224,1.1595718849988,1.14888449942888,1.1520972102942,1.13554651129462,1.13041229668933,1.1251280758907,1.12261576646647,1.11162534232862,1.1035011131502,1.10435181721039,1.10358087346679,1.10011360864683,1.10071146815508,1.1019666449271,1.10304074620681,1.10145304286883,1.10101401531219,1.11070136711833,1.1083437466058,1.1083437466058,1.05987640633561,1.0073468237618,1.00664330963611,1.03319036896493,1.08100055405444,1.10484905941421,1.10484905941421,1.12289683149681,1.14843211797651,1.14843205230618,1.15627876185183,1.14251063010453,1.12987060574168,1.12960707066496,1.12410466354445,1.11711591825427,1.11575308632901,1.10615936292493,1.10320380499631,1.09918944456601,1.09467122911606,1.09158970588151,1.08418849371345,1.08652343939655,1.09109887385811
An8_Tr32,0.975982281844291,0.997908442983374,1.01243321991597,1.01243321991597,1.02280366694888,1.02501650652398,1.02501650652398,1.02442310064222,1.01388626078484,1.00362684868625,1.00362684868625,1.00229862004699,0.991218568559427,0.991064775959283,0.982131668292148,0.978694008521394,0.979889723120237,0.98002803218287,0.977517699861659,0.975791499468787,0.974843417063652,0.973600830425302,0.976603320360364,0.975789582311533,0.971655974889876,0.973779467559437,0.973488892520924,0.964241558011643,0.945493088067021,0.919641653354794,0.916599524398317,0.925010251098618,0.944271870080024,0.944138334192359,0.95654663128671,0.962619262718295,0.964253753240437,0.961744155942565,0.962442916430502,0.964492504635011,0.967301417402041,0.965724436782784,0.959798157849718,0.960529990516222,0.951137849885745,0.952739468583625,0.943501100858211,0.944825611049821,0.938718745825864,0.936699811728602,0.935853205100537,0.93699924653314,0.924310676601982,0.923267090187129,0.913715231524464,0.898811587671962,0.898392759797929,0.910947119560244,0.914365362260935,0.921597876104535,0.921576307885265,0.925459311003385,0.92497843934099,0.924900085410318,0.930645838361641,0.928113094933678,0.921569761582188,0.920419220017605,0.920348604938415,0.918516023691186,0.917571386303503,0.917202351040428,0.914899051344849,0.910601084355745,0.910682071912705,0.912888757921479,0.912084687307035,0.911264634298103,0.914740438698975,0.915763116770473,0.917668834140195,0.919109215311238,0.917068058202392,0.909240057487669,0.912213399350975,0.912941323648481,0.911535785998768,0.910045572805339,0.919903097590449,0.921756432548004,0.916072746202117,0.904257595712428,0.918066255091467,0.923662510201921,0.924267861107765,0.902284506627436,NaN,NaN,NaN,NaN,NaN,NaN,0.851267615743063,0.805514245697067,0.798301150537038,0.810539698771176,0.855847670753682,0.856196351092937,0.881907460736027,0.89330458429201,0.923718435476541,0.924332792032509,0.942209563987707,0.946714241741033,0.946043499091976,0.938759659839943,0.936592296021606,0.931006162721703,0.930583469623965
An8_Tr33,1.03794105649742,1.04959906884476,1.05844892056437,1.05604357213705,1.0550951042853,1.03048560805447,0.998710577998059,0.998094270568182,0.99272942045335,0.969737875585882,0.968535669736011,0.957032250131203,0.965910516059806,0.970530947667063,0.979520571958921,0.984636376297634,0.98069972037243,0.97669370888807,0.969554763900027,0.963678540898858,0.965322134804937,0.952602069994025,0.948386060535069,0.948102741371455,0.948916549705101,0.960050085649147,0.960942543566608,0.958362981428924,0.940906139012427,0.947496102153459,0.947496102153459,0.957833156012719,0.957988315030525,0.97190832347335,0.971865837213452,0.979902602703924,0.969301776038227,0.969079135669882,0.969629254636096,0.959490389326566,0.957355309408785,0.953087653894727,0.943795889484281,0.919700360577067,0.91691213129572,0.943952405241405,0.960167709214495,0.95735171558917,0.96991827480482,0.971140724616758,0.971140666579362,0.990443731898408,0.988438142830267,0.98770843485018,0.98770843485018,0.971018796804763,0.966442910666664,0.957927834881061,0.980740956770236,1.01308671295786,1.01164837479226,1.02559589075379,1.02568107864094,0.991531528627225,0.986306738383865,1.03902203920212,1.04913557810441,1.05078705833919,1.06653949695548,1.07593158783416,1.1141323153106,1.11741296148989,1.13254874486469,1.12868086610983,1.12972544262962,1.13385823476603,1.08025301864727,1.10377386669735,1.10318018855349,1.13691152835991,1.11551208333621,1.11569664437627,1.07208072034765,1.02560523802127,1.00029064323676,0.963851874537005,0.950832721909285,0.983398201347053,0.983361475513104,0.995338063989144,1.00366456777468,1.00348792023366,1.01273914659214,1.0189667421075,1.01615150666108,1.01227088653362,1.01580518435118,0.996616043301078,0.99711120039163,0.984241196258937,0.98296057222895,0.987287341390964,1.00949915284503,0.931752536422387,0.926538797023858,0.979105522383453,0.99940633189831,1.01950215311641,1.01950215311641,1.03937242230158,1.03946760812904,1.03946760812904,1.02774119884061,1.01883682731229,1.01312798660509,1.01376948169711,1.0073913900981,1.0048729022584,1.0048729022584
An8_Tr34,0.989478676739243,0.990136065302489,0.985287050638614,0.986342687539343,0.985096320666514,0.989509973832027,1.00532295198611,1.01823801408085,1.01925270399824,1.02824088736014,1.01438318316929,1.01438318316929,1.00426552915945,1.00034917779899,0.997664544387387,0.998876484261561,0.994183236599381,0.989375650444609,0.989613678866474,0.992338538382657,0.987801328388453,0.988504752474362,0.982017601560346,0.98388630546627,0.985146599553149,0.986734323517695,0.98645077872755,0.9433333177381,0.943312412893033,0.94042160482933,0.963778469467677,0.963778469467677,0.978364139464571,0.988495697983112,0.98914626102187,0.988523803835353,0.98195461158831,0.969189237524362,0.96895533866029,0.967763781180153,0.951713923315596,0.952836045703047,0.953301256994286,0.940808513346156,0.94132511588894,0.938475914659219,0.93179588797529,0.924648631491603,0.927971930561353,0.929907122840706,0.931309277156675,0.934993980768823,0.935415124719281,0.944282295790638,0.932063677458591,0.930036310199396,0.927947314191533,0.922334979712564,0.919243769331374,0.932083710632022,0.935101598916176,0.93497423495563,0.934422385984391,0.924607872017627,0.921651144466283,0.92348183630251,0.925513536890701,0.919156293429469,0.91718294188267,0.918632174639754,0.912902540150436,0.915351061402854,0.914089274415229,0.912217513047011,0.909809580382636,0.908279921094726,0.912306674903039,0.91716570826304,0.926461766996774,0.926461766996774,0.941759175554423,0.951523443320911,0.949436790015647,0.959533830300613,0.968407017289972,1.00343947382613,1.00377717731238,1.01994341346589,1.05924557722823,1.05873979840548,1.05867628505808,1.07463986390446,1.07463986390446,1.08449289432145,1.09178416437026,1.10069526906635,1.10046585994828,1.09867184885627,1.08403717970193,1.08403717970193,1.08267989773029,1.07588202089491,1.07452483564195,1.07183786680041,1.06062969634436,1.0523967307671,1.05155418832604,1.03764524311232,0.9276077167776,0.927491826946062,0.888634012427492,0.887376386727437,0.887613086342676,0.846062232066775,0.837889778169686,0.812849795048054,0.813031677311035,0.951865871193412,0.981468840379713
An8_Tr35,1.0416806609235,1.03826939719142,1.04699699038917,1.04862097891501,1.04862097891501,1.04759900448319,1.0557720862056,1.05374095002593,1.0586149275407,1.01183075432742,0.970691957401945,0.970441104670665,0.966579179420276,0.923615512876933,0.922999622370668,0.928370538370269,0.942409374488337,0.961555971771952,0.961590009712015,0.974250609211129,0.96783363025927,0.960088383452812,0.95278191237502,0.945286441214467,0.945289233897315,0.939075434128061,0.93880125374904,0.940132836963824,0.901213176355279,0.871455910920837,0.872697899381736,0.872846992999637,0.886587707631645,0.889810610689223,0.89025231543024,0.891644678498901,0.890739028112011,0.881432838569582,0.883764178291242,0.880286401519568,0.87528499200225,0.875572803680698,0.886086526098228,0.904078378386026,0.904447873773811,0.90119221199433,0.901289595152178,0.900777987464122,0.900777987464122,0.914656267641532,0.915580814649498,0.915078567126354,0.91993056525409,0.939963964694409,0.953175188809087,0.953205696101362,0.967845291359985,0.981963938149227,0.982496520810651,0.982957486187166,0.98416390016413,0.98454936605302,0.99018312620585,0.985245622278488,0.987017580280677,0.979292050962435,0.975050279686544,0.9680833870429,0.970449661022717,0.969232205141496,0.965569635158872,0.963464699279941,0.958148787721063,0.957587953258667,0.95335540907058,0.952959770214806,1.00006047521187,0.937745512843738,0.938426395186482,0.912308463127518,0.797288204654188,0.740162674327535,0.740147736015636,0.656776806514136,0.631980857980065,0.631980857980065,0.630638464000473,0.649021162950976,0.649021162950976,0.669864398968325,0.676870896324396,0.689854265304302,0.689854265304302,0.697098117209262,0.696365860669166,0.696325869735876,0.698037419710755,0.697205617930558,0.698222971776502,0.697152858143575,0.697246050138022,0.695383909212987,0.697983482147022,0.694133472719571,0.692593574876203,0.690911597994421,0.695945061401438,0.694697726148574,0.705780878867593,0.706416768766923,0.713188947570483,0.732620211829863,0.732072908545784,0.739597066326785,0.73500892771888,0.73951902540055,0.737136810427478,0.731706199193206,0.729018828061585
An8_Tr36,1.04335761659081,1.04291488748502,1.05620820738979,1.04895349589953,1.04895349589953,1.03013204339502,1.01733364449828,0.998451157800176,0.992677571164118,0.984180356254287,0.962106609394646,0.962106609394646,0.970656410079297,0.958582408658313,0.957432453168705,0.961352750698371,0.978481974688039,0.993059153770707,0.993059153770707,0.979293866237115,0.982749550790766,0.981682641844056,0.977793657406259,0.979201992218891,0.968944761010477,0.968146159252109,0.975568037448878,0.948992305645926,0.949626534560677,0.969522093639644,0.98160494353545,0.976400695016386,0.973515703056029,0.973610914655355,0.962181420576856,0.961867744371041,0.968866333678779,0.956158831986064,0.957599502273903,0.945547277053238,0.929127995067416,0.926590591530895,0.927911600410538,0.917888250401669,0.914329069358703,0.915639106504683,0.924604945462197,0.919730680100302,0.915508950833428,0.909602602362266,0.931627720422633,0.931606133245598,0.931606133245598,0.927303390747558,0.933276526615943,0.933276526615943,0.928171793256467,0.918914929901102,0.915369549796364,0.915811095353318,0.91480262275371,0.915940969496817,0.915540912448281,0.909089698954475,0.909067810123155,0.908938661442813,0.903843718518905,0.897880624794211,0.895862799801572,0.896411633437776,0.88931184762364,0.890097632795039,0.888824949594685,0.891288467325656,0.889388109679428,0.892952408067435,0.895432385604233,0.908962133245367,0.922802616222151,0.92203193974342,0.913645445261842,0.9122682792074,0.912000748672621,0.914136585331494,0.914058296574521,0.912891003839022,0.912540115225219,0.918807976468472,0.924260856639804,0.924572246491845,0.926142632169997,0.925565357391841,0.918950325053368,0.907353043917027,0.902140114900219,0.90021719736172,0.905339474438029,0.907359593775152,0.923696379411307,0.923696379411307,0.936830390839516,0.942129753012887,0.942454424521544,0.914331656805187,0.864916185385185,0.872860560719667,0.873218169670263,0.845479704797129,0.786298705508908,0.786298705508908,0.776653166394691,0.822326300008328,0.821837594374907,0.832881105334449,0.833881647350602,0.832767238290156,0.8322453498173,0.828012614123723,0.824672064456331
An8_Tr37,0.908674660295319,0.908108969607453,0.933111609520083,0.933967820307524,0.956522767580823,0.969747659140571,0.989923413075149,0.98624539060598,0.982640129683434,0.999807548688924,0.997466069743947,1.01584900225112,1.02678274701144,1.0268573482795,1.03773582059724,1.05441629078686,1.05410274055884,1.09654092174107,1.12149909052473,NaN,NaN,NaN,NaN,NaN,NaN,NaN,NaN,NaN,NaN,NaN,NaN,0.828281153440473,0.857558356779517,0.887996733634936,0.886358237387961,0.91607222800007,0.929924847917115,0.930383624854663,0.924582887285649,0.919074026615031,0.917808075352207,0.918901345904113,0.917310941307136,0.906091574011502,0.905491215297817,0.905666651467586,0.903028828250705,0.901552198441017,0.899499052576496,0.892747565436911,0.893938843831082,0.89653152433633,0.925408723947425,0.995755708826616,0.995755708826616,1.02844371989755,1.05073650172515,1.05116896679387,1.05553886484449,1.0737594065338,1.07514690638355,1.08964984794634,1.08972051380631,1.08188218590452,1.08219767788337,1.07671766011541,1.06944491135664,1.06616799034082,1.06292278557842,1.06822704768516,1.00244699355853,1.00336990294669,NaN,NaN,NaN,NaN,NaN,NaN,NaN,NaN,NaN,NaN,NaN,1.09948498374825,1.09896277161565,1.217803139119,1.27934876371107,1.28270519852531,1.33806402551047,1.38095694725688,1.40303199571764,1.40378841050307,1.39759480544969,1.38967424531703,1.38943165532485,1.38609486090392,1.38180982212142,1.36885174470906,1.36885174470906,1.36234517515193,1.35727573066907,1.3584092431864,1.35431093071908,1.23141799703971,1.05041026749545,1.05170514498495,0.9876513343047,1.01147688183019,1.01021250409627,1.02494711051793,1.02299445319189,1.02116204440613,1.01062763952954,0.995925895084618,0.996452704503816,0.988454225564834,0.977670796520131,0.968898654523507,0.968898654523507
An8_Tr38,1.08478394102139,1.0845546371698,1.0752411438222,1.04611086660148,1.04608351550045,1.03981482834401,1.01791337701494,0.994496721584013,0.992717175780101,0.980706859654366,0.972356414466392,0.973925398794465,0.962848172664701,0.955840135842611,0.955840135842611,0.951903885816091,0.957048771086703,0.95630630619567,0.951507712798005,0.954221004345856,0.952954187659113,0.952954187659113,0.923938113266367,0.864614040910539,0.864774701586345,0.845869172389631,0.836797143198685,0.890368722059129,0.890444021570453,0.925733601066994,0.962239217300776,0.962239217300776,1.00492377899816,1.02138229802598,1.01881094346439,1.01896431860271,1.01176565274411,1.00686028697708,1.00595881901142,1.00438853233773,0.991131854866859,0.990776879575472,0.97850433915021,0.982282064398274,1.02953963975418,1.02671221328701,1.10057167101808,1.12653932405989,1.12371894531596,1.13921257128395,1.15134748243785,1.1505847312804,1.15847151887959,1.13439894458731,1.15152209693155,1.15152209693155,1.17149898818851,1.19403943380794,1.19344686568226,1.20949872311202,1.20871973483065,1.21803408547153,1.21988502585152,1.21414249831044,1.20296744765423,1.20296744765423,1.2095581100158,1.20776036797008,1.21151730394204,1.20924825696546,1.19835405080145,1.19895824213079,1.1992474527722,1.20190190047043,1.21492236315565,1.21460852831618,1.21434497137074,1.21239961000086,1.21024622436733,1.21724897158415,1.21892629225672,1.22968592855401,1.22968592855401,1.2392460387257,1.24490668450916,1.244779293184,1.2432972056872,1.23652039795975,1.23678858572001,1.24014632028797,1.26066672496876,1.27380015597739,1.27597800522069,1.26420857705745,1.31190269107839,1.31190269107839,1.31551224412938,1.31564488405244,1.34099937138128,1.34199537815119,1.34383935180823,1.23300942555681,1.23367234848971,1.26319428250911,1.24307393888018,1.21869283296795,1.21869283296795,1.22963993311124,1.22116057130477,1.21993018972851,1.22429656288707,1.22978687372403,1.22978687372403,1.23275892686008,1.21439769170177,1.2144163177714,1.20803558188497,1.20098447018309,1.20659300177275
An8_Tr39,0.982704389202033,0.98520604936291,0.98520604936291,0.996300750626646,0.997947071674925,0.97890229386888,0.980284372914618,0.976094209836455,0.984113030271658,0.984113030271658,0.996902656282714,1.00763937743265,1.00774035332751,1.02348534395955,1.03314506805048,1.02772167217792,1.02579390542277,1.01703636821433,1.00966400773939,1.01126766669701,0.994995481871567,0.989326439165704,0.987207069539373,0.985694491417711,0.97693849011918,0.971929285758738,0.972818776192345,0.947197922672075,0.946558918232135,0.948354949207033,0.954270433747183,0.978236689313454,0.998406379808484,0.997124118904978,1.00708705308467,0.994263182418277,0.996760528220816,0.98851013005536,0.974271088108327,0.975154028231988,0.980532936280637,0.974440881431893,0.972404369477745,0.974893160671304,0.927421498871223,0.881797923401439,0.878633790265529,0.893286891127364,0.897548224121945,0.898068719642792,0.911724088159816,0.945722034482445,0.967151536452613,0.965774930399255,0.979337280492054,0.981668165795218,0.98148603354226,0.981691054761908,0.977016417085611,0.969308202314772,0.969684363268494,0.969903389050474,0.964149320666918,0.9633029478863,0.965460573403317,0.957415195969503,0.96215396998265,0.947657220783391,0.954833563193127,0.961475751175754,0.967813383920007,0.986096699538226,0.989604589967711,0.990096622791467,0.986476262107112,0.986598888332129,0.98018158169676,0.980065696870225,0.978210836203583,0.981709644712182,0.984160810971079,0.982111663722087,0.98246816269776,0.983860585002117,0.983884619455356,1.0027454728063,1.00383732037537,0.97655623737455,0.91328911482865,0.731211199360741,0.730571042180466,0.677947507151226,0.648599591424186,0.648839199561395,0.647428266832459,0.689796358228922,0.726163799627071,0.726163799627071,0.747741344656407,0.758721360116699,0.758721311869305,0.759588081876652,0.761372302301811,0.770928613850822,0.768170421014676,0.772666200764475,0.773506478322435,0.773506478322435,0.777387714996599,0.771052380556135,0.771780328249392,0.773766057792523,0.778313535496547,0.78248878563377,0.78248878563377,0.779574214118719,0.780126782228842,0.779267661237667,0.788347649677548
An8_Tr40,0.945899406263057,0.944198703084456,0.945409096294258,0.952700895862214,0.961341458284493,0.974534106256627,0.974941888066757,0.986849947363973,1.00060649989405,0.999582478194914,1.00706773439329,1.02537684842419,1.04232166605461,1.04201846429675,1.03982555327983,1.04323988088812,1.04409584711818,1.03536813329803,1.03462139268221,0.981949679159904,0.982215602296821,1.00297575054661,0.983687983474038,0.984271846110639,0.947562220273122,0.956394673468047,0.955050386857663,0.964880293717668,0.955116121153204,0.947693465924515,0.948049841395098,0.946636838828993,0.953286241179675,0.95330142553962,0.951738775683345,0.943275890826019,0.94793292504639,0.946353456851171,0.941471397036347,0.932251947751182,0.938982118106148,0.935150067958555,0.937665081362819,0.936376259891917,0.941454806041788,0.940286587371615,0.935475789865755,0.936957774186377,0.947343441104665,0.943284750310664,0.946733888940499,0.937699436670065,0.931389715550428,0.933448400329126,0.925576663946598,0.929960416705858,0.921790160464584,0.921790160464584,0.924988018304548,0.924652617120863,0.925163951617013,0.923377189303382,0.925402205624454,0.925513172162672,0.92565608466873,0.927860394308338,0.935336066750213,0.935149448711945,0.940727689362094,0.940192632346108,0.941783491399434,0.953721511802043,0.937851376690936,0.954457212367881,0.954457212367881,0.973786662260311,0.972532856622638,0.971716955468461,0.967424962005805,0.967784829072214,0.970673947461206,0.973681589974957,0.971873129652079,0.968555631448036,0.968978349859707,0.964426848309709,0.954224730288628,0.954379029591234,0.951803154214864,0.957789655036019,0.953987778681333,0.952946550888456,0.944631063236319,0.953385242831154,0.957571140730664,0.959110280606206,0.972255368105934,0.975176776951042,0.981273685699339,0.984250381753379,0.974233449792319,0.972155162440673,0.965504700655771,0.966398776293196,0.966398776293196,0.966961406739092,0.970670322899599,0.971037458924892,0.958333420911132,0.958439058750907,0.969557151343349,0.969557151343349,0.976611549578889,0.979592079414547,0.979592079414547,0.984092241718036,0.979858290752909,0.979599161452427,0.976882667112348
An9_Tr11,0.820736585305354,0.85533509500716,0.9163235710604,0.916305365605809,0.981322772660251,1.01985888242422,1.01985888242422,1.03632071103914,1.05733199422811,1.05823665275792,1.0594300438594,1.05593312449351,1.04662314792387,1.04662314792387,1.03804885571418,1.0221668952171,1.0226061236506,1.02381811939462,1.00312002931028,0.84998135174992,0.849293934763687,0.836726526345193,0.852381003455229,0.852464855297888,0.876915684002635,0.899826056080564,0.899616269304623,0.902549413407895,0.900864470082164,0.88988867537009,0.88988867537009,0.890144308209797,0.880017707971963,0.881177587975936,0.885543686304084,0.883141928902166,0.883502854051531,0.879069226302652,0.878807981793016,0.878325897223561,0.878091381500874,0.885497111524253,0.882998567965824,0.87317681486028,0.872502908548351,0.831425370773452,0.870365470202462,0.871194137354703,0.895187911443388,0.911290508203901,0.911684082783704,0.924650768327499,0.923552318179567,0.922692813151799,0.922357545335827,0.920525249650219,0.859397605113881,0.858945292112916,0.791051326134906,0.765861594060754,0.764342977674879,0.776617424216923,0.777745592968016,0.781570090887195,0.781429395914484,0.784033192191283,0.81808848437675,0.81808848437675,0.836862399000188,0.835927309693757,0.834835769508324,0.839152033647264,0.844880354792158,0.852955963340605,0.853218018444262,0.847253269639133,0.846567460080519,0.851828869351403,0.845930153060882,0.847918217307205,0.850131534515114,0.850131534515114,0.846016314403215,0.845247620038292,0.845247620038292,0.846157655228266,0.850985627815233,0.849883228342229,0.859340116556272,0.866297925132187,0.859958936468147,0.859958936468147,0.856713416062019,0.855470757633406,0.854043503510534,0.85349487294151,0.863531215338904,0.863340925971631,0.868720615700319,0.874882412090533,0.879463364128176,0.878607362799187,0.886740369931918,0.876688260736157,0.876688260736157,0.839795052782091,0.897852231760252,0.937389815920854,0.937389815920854,0.978586524441012,0.99987150957345,0.998925158702245,1.00812007108887,1.00949920013704,1.00775489497645,1.01099623466622,1.0043370474915,0.992322214502744,0.99212151489275
An9_Tr12,0.950585956470425,0.973264380224127,0.973341228463899,0.981640923286853,0.9886271418586,0.992668220378638,0.992668220378638,1.0002459139453,0.999972021763831,0.999904220535689,1.00603515371133,1.0106781259026,1.01320866067654,1.01186501294662,1.01387377130471,1.02349312906425,1.02281450234655,1.01685162177524,1.02826179496616,1.04572794961638,1.0463533144197,1.07233951757136,1.04883513971534,1.04766842909669,1.09987383337854,1.16160365520167,1.16185244936174,1.25822972722548,1.3119371618148,1.31216191942416,1.31875531926197,1.33083529619219,1.35465697735382,1.35500846894363,1.38724239609549,1.38183909718384,1.38187279025065,1.37710018223038,1.36928917917037,1.3649023880152,1.365137286395,1.34967909263315,1.29917909588842,1.29861875790584,1.11913587822237,1.14106676239163,1.14101407156206,1.17930917791564,1.21971789026101,1.23584345708386,1.23556287953224,1.24166026784543,1.2407863836145,1.24185354504836,1.24130453763662,1.24867310149356,1.25038382596364,1.24143036356537,1.24851132832602,1.24641485111469,1.24673509136447,1.23911511218991,1.23853906129956,1.24003651613911,1.23936927090198,1.23673539094247,1.23730836220582,1.2379914838933,1.23706207623043,1.23297899950625,1.24059330945791,1.23055762525244,NaN,NaN,NaN,NaN,NaN,NaN,NaN,1.20355343538286,1.19916128947257,1.21773418250877,1.25111509041206,1.30734140765801,1.30639726948343,1.34725882971385,1.35887275802319,1.35788364424556,1.37310721018464,1.38521804727847,1.38505752163553,1.39249518009941,1.39196150138358,1.38309498839936,1.38360759942531,1.38473067729816,1.37153131227061,1.37153131227061,1.37605533651678,1.32133869337414,1.32249973986718,1.0987964840774,1.0063230042731,0.91786243774932,0.889637950386207,0.880623535673001,0.923997822809725,0.923416571996635,1.0438924300799,1.06915219412642,1.06993167316251,1.09555281162375,1.13218015044339,1.16398485111327,1.16398503668195,1.18025898327519,1.19796131330338,1.19836152636194,1.2032624727776
An9_Tr13,0.917955462117835,0.918681263728835,0.928452259475477,0.92631393356163,0.924765028778871,0.996687528669837,1.00660428706972,1.01109136854804,1.01109136854804,1.01713828434442,1.02466669503146,1.02407721867714,1.02431306568561,1.03357649309916,1.04170631927317,1.04243415510498,1.04710277605628,1.04864899204464,1.05469350018485,1.04657613736499,1.05880842637341,1.05951346028345,1.0983151133646,1.10149441500311,1.12932177808454,1.12671428538385,1.16919294377225,1.20439088674656,1.20938497482815,1.22406197376479,1.20345558530468,1.19076468705103,1.19076077583886,1.25652381665944,1.25146805324662,1.24629365722037,1.3055048296476,1.37496566135488,1.37505055473607,1.37275598703002,1.40993773723664,1.40451530552871,1.45955474216988,1.51708705652655,1.53858233698277,1.54123770410099,1.56883267941682,1.54690175544243,1.54729178080569,1.60467092743401,1.61307931981015,1.6201980621094,1.61899390759294,1.64810619563924,1.64413952344102,1.64450808766385,1.59551049354212,1.5959874493129,1.57934327055324,1.57923310099736,1.60545309089133,1.62793895799607,1.62781077143709,1.61756415289365,1.61027106308161,1.60975138625509,1.62156039525484,1.61757395986708,1.63557913950065,1.63662705532311,1.65944426581598,1.6440385116135,1.64900223164874,1.66276565557285,1.65760437668178,1.65725005173702,1.65387433818074,1.67612090691123,1.74996693803671,1.75013619382378,1.79153635054474,1.80067349985778,1.79876455264291,1.80023658250478,1.84780601017291,1.84186874408535,1.77102266430235,1.79754333161112,1.77713488622472,1.77830784819379,1.80767248431224,1.73736654706239,1.73713321912325,1.75832148369075,1.7464737727883,1.75587781634583,1.75688212703348,1.76015309478513,1.75752523091649,1.75866166675357,1.73146123382508,1.73112930564124,1.72227030516892,1.72195144071235,1.75852877127196,1.75347263459749,1.7534730396008,1.74955029713381,1.75238353829163,1.7491887435056,1.73923448774831,1.76852772000606,1.77096327609635,1.78724504989313,1.80246701624507,1.79794108747232,1.7972511306934,1.80526997961229,1.80029112400575
An9_Tr14,1.00920439237417,1.00920439237417,1.01114853635617,1.01127542800301,1.01202507501529,1.01196400255254,1.00837738462753,0.991218697308434,0.991764791451952,0.980015918059797,0.983005690224932,0.983088611344396,1.00203009782064,0.999227629917194,1.0015374579557,0.996978879979706,0.998545761076553,0.998643056396075,1.00074419716174,0.995957559200579,0.996411409836493,0.996563190697051,0.988382866424109,0.992578544131427,0.993051771012084,0.991464808004977,1.00147586854472,0.993919184904508,0.996755109080433,0.992346246072932,0.988703536810568,0.990874092031483,0.983056486871954,0.97730612682016,0.973148903057762,0.972626292180224,0.97040217417435,0.966223582227023,0.972990219039188,0.980423092544641,0.982426776490066,0.982429552297274,0.974198671018387,0.97547427435282,0.973965823201522,0.973965823201522,0.967640999923397,0.966034125508292,0.966394024082734,0.959558463769844,0.957149312661043,0.957149312661043,0.971042059708316,0.959370386373308,0.95776658458046,0.961195761639346,0.9529792231558,0.965181803894173,0.968383670696818,0.98024990923283,0.999274114763882,0.999274114763882,1.00014185895275,0.993651890502687,0.979269641457207,0.979975428173152,0.971980888461969,0.967582764579093,0.969406096218801,0.968759975634434,0.968984519452648,0.971453569348398,0.970550044298207,0.966295584064198,0.961916739572353,0.962260087938552,0.958615996392294,0.961064178295395,0.961064178295395,0.966980095159866,0.971519407102817,0.970250603196916,0.972041172749493,0.968618201162614,0.971709873429194,0.970159038851059,0.971509587499886,0.972724292338582,0.973135815954383,0.974335344151296,0.968337164504587,0.969588843169106,0.96955154451062,0.918817896896717,0.898496954353206,0.896612137118807,0.917357526349512,0.904155585006838,0.895764976110429,0.896060727687898,0.897963281225929,0.91064174301092,0.91064174301092,0.913234741170637,0.90708011212978,0.906417942842168,0.90637691232104,0.902678192957979,0.904280298601889,0.904280298601889,0.904012329573041,0.901922758316028,0.90079842584519,0.896572455618311,0.893274978375165,0.896379721386412,0.895575655032172,0.895960657938112,0.899523262352895
An9_Tr15,1.00783897691192,1.00477035250996,0.979662262635445,0.980219923310795,0.925785109629857,0.922258318080323,0.922258318080323,0.904042068596345,0.914220451029142,0.995876125674344,0.996042251912961,1.02658566940755,1.01838360664631,1.01783368190152,1.03946484437911,1.06992434149486,1.06966379855439,1.0901196909026,1.11505020834224,1.11170900606234,1.11170900606234,1.08728630651512,1.074112205525,1.07398114432465,1.05991454014695,1.04936339708862,1.04936339708862,1.02382586332641,1.01769014755522,1.01962892777219,1.01962892777219,1.02604613992894,1.01888984693179,1.01928353991604,1.01280547897798,1.00855053543817,1.00686933052137,1.0013662043009,0.998382573501665,0.936994518511777,0.936514222583425,0.914835873150725,0.920010766688183,0.919962363026891,0.938129749024246,0.945200966067599,0.937034966667487,0.936698648859044,0.934181626646791,0.936853302452578,0.93735930212226,0.941834989493965,0.942238928833876,0.944398080659727,0.943031105842745,0.940363139991619,0.938466559696994,0.942938374283003,0.947959171361949,0.93694358616896,0.936944074395641,0.936330984088369,0.934035730195777,0.936111296477713,0.932879551629023,0.931326139700212,0.933890175874593,0.934148057087427,0.935197395485722,0.933509219438579,0.932813749345828,0.930592647378862,0.930667938321504,0.932594904971029,0.932003038064028,0.933935472011244,0.935120853249217,0.935198498025595,0.934870589983588,0.93590377703459,0.934022686873918,0.940761774179163,0.941437308093707,0.939925769343898,0.937474127093477,0.938051181123258,0.894310706946567,0.88713220095297,0.882987823838916,0.953759053214957,0.954123070670374,0.966997272840291,0.985873356895511,0.971248831600545,0.964446140841655,0.931291073966453,0.931680251826499,0.932385302277437,0.962744818796358,0.978026976757244,0.979460890134826,1.00248627478206,1.01853484750919,1.02686191095711,1.02686191095711,1.04421426327221,1.05312055209589,1.05333504031503,1.05566023651154,1.05424613383263,1.03487475324652,1.03445471575416,1.03173721323569,1.02433024316603,1.0247864115208,1.02591873439088,1.03009881998299,1.00531510965774,1.00531510965774
An9_Tr16,1.01961099709053,1.01992065525146,1.01672316528995,1.00845714318527,1.00859602890749,1.00731008061773,0.999137290528417,0.997837065398621,0.998472938352177,0.992313492103716,0.992121275578424,0.994144454761924,0.991177013950223,0.993361754858329,0.992299660160776,0.992293346157369,0.988264410352663,0.993705221931768,0.994254005523161,0.98970888110255,0.980137122888889,0.967613855024476,0.969589693570704,0.969284109612213,0.989063098228732,0.989406796947322,1.01564029063418,1.02757974509758,1.02763594243984,1.03754988574035,1.00587500145143,0.977672127260746,0.977672165138955,0.967235088471711,0.955847795199857,0.955673485116387,0.953047098292707,0.946671517751148,0.946671517751148,0.943762935478562,0.937386089043384,0.934545308006435,0.934545308006435,0.926149404287841,0.917518921373424,0.917488035312507,0.916190618485584,0.903518405427572,0.771781730923402,0.764898010321856,0.763336373417233,0.721304181559613,0.721309476205765,0.753153271746937,0.663721695229918,0.650302648445367,0.683324031464707,0.737077515005082,0.773526451997281,0.77352253912431,0.794014446113156,0.783538770224402,0.782487024393538,0.812437178864408,0.756834212558488,0.755475380696164,0.718934100106347,0.709707975905303,0.727064607755855,0.727293852132835,0.737671971946585,0.73559113065913,0.735935113399291,0.739292925410868,0.740884691201384,0.741002549354123,0.713550772381685,0.629141178026035,0.538673512285648,0.53791770331561,0.51350825073605,0.550837944992271,0.549991155926782,0.57245156493726,0.578023363326919,0.578622680027966,0.578538039690475,0.587724284336605,0.593042259380953,0.592151117278335,0.590822211601997,0.592797847442299,0.59521527349707,0.59521527349707,0.596926120271409,0.613078555597896,0.613469791790182,0.587975637707201,0.549489841194233,0.551219769748478,0.560174966899093,0.605071047092416,0.605071047092416,0.632019663462996,0.642632118753193,0.634379826123339,0.634356730430234,0.636520645181121,0.631122590363804,0.626705480265168,0.626444653645648,0.62692517837585,0.625558726392579,0.625558726392579,0.623832204832962,0.632150185394299,0.630766481045402,0.633114171618773,0.636118875447988
An9_Tr17,0.944845629064066,0.929066986118791,0.928696486988179,0.925775276087995,0.957965885547006,0.999129865103164,0.998882478744973,1.00458117024575,1.02745766342503,1.0240781861408,1.0308447312684,1.02741920894815,1.02741920894815,1.02616462931352,1.0278666294348,1.02977950810966,1.02823719831824,1.03265850445387,1.02913075373945,1.02981940989334,1.02637556552369,1.00863885825119,1.00961915852367,0.999498579989529,0.992728721429599,1.01178523317364,1.01078406597437,1.03704625906218,1.04305830582965,1.04558052875774,1.04405202418139,1.02629299088699,1.01885140604134,1.01885140604134,1.00972153602746,1.00120189022319,1.00168398478001,0.997129395027412,0.991075993169468,0.989407453657535,0.988434332076812,0.982475125274116,0.98677034923517,0.987536908486623,0.975066668682289,0.961858298945948,0.96152071122266,0.942859311993317,0.942528390360095,0.942528390360095,0.970934231068726,1.03209795581029,1.00938820176904,1.00431477292262,0.962630977968701,0.938766515746014,0.93730758139177,0.892489253325357,0.850105828892492,0.848747811333229,0.843644373406621,0.866392367320675,0.860251971699308,0.861183947773518,0.884928832455094,0.89307893007587,0.889965560380915,0.890451157584297,0.896392234283938,0.903687164259886,0.904944308629751,0.912881573164166,0.911576571377223,0.915570177282891,0.906072552620948,0.896448416692669,0.89601727001065,0.814138746967499,0.722617016490176,0.700882421339803,0.698946474098356,0.697837282398441,0.703721853876863,0.703721828640546,0.729956412007339,0.753460667660722,0.752838413695941,0.752711153769963,0.757625926861751,0.754339025499505,0.755864805263893,0.756984086701662,0.759127785766089,0.75951521325048,0.757570825317127,0.769824200228887,0.779143836801317,0.778864210900018,0.779587149616224,0.781105445461187,0.781095766730284,0.800390052541111,0.822099317658043,0.805952449093394,0.798688472673611,0.728505699121795,0.746457486420301,0.746350495422111,0.794167282713218,0.852553923217814,0.850161313007229,0.89839169556031,0.913716673677179,0.925828080735825,0.925828080735825,0.930647211472528,0.928133456986246,0.928091985024463,0.929701457713689
An9_Tr18,1.02265851380948,1.02530774105015,1.02669821261927,1.03285158504321,1.03290742329023,1.03015691209026,1.02743549783331,1.02904761517635,1.02940847629785,1.02747955345369,1.02747955345369,1.01945489998024,0.977123497864885,0.916602030274969,0.916602030274969,0.961141511676271,0.943752731464412,0.941117032646434,1.01277518170033,1.01743269700299,1.01692645063509,1.02715923511261,1.04676016044228,1.06225574732025,1.06102397231654,1.06466658524553,1.06492314668404,1.06538262693317,1.06287114294326,1.05788447034523,1.0461845345713,1.04610651104822,1.04769620980463,1.04317540681189,1.04395805264795,1.038702583826,1.00242258022325,1.00400619617252,1.006901949364,1.03630014247533,1.03153218198475,1.0306758340583,1.03512376807448,1.05788548512883,1.05785832981572,1.0902514647301,1.11089410520999,1.11070883275661,1.12110614471062,1.12824871675668,1.13518951232519,1.13429926183457,1.13145073808804,1.12217837823957,1.1216009246082,1.12102537585439,1.02418565811355,0.942824912217244,0.942117951135824,0.985460552463757,1.00437711910324,1.00437711910324,1.02394094840374,1.02453155676755,1.02504361977518,1.01043974642712,1.001817134847,0.965822668678329,0.965869728838235,0.947792911425467,0.951476496444701,0.952243924128926,0.984102989424467,0.984298064314028,0.984519799589939,0.98417593123817,0.98825346123543,0.982392327805564,0.982159708333596,0.977743797358326,0.980021855486249,0.978854297766593,0.974438159011753,0.969610254109329,0.97010443917312,0.96562450276784,0.965400702078388,0.926450882867786,0.926273693184711,0.87935372759172,0.919974684594317,0.919285665570641,0.896709225740408,0.992479860240292,1.01749483037074,1.01818072371139,1.02640361876216,1.05872236891353,1.05746071613405,1.08285147834358,1.09925312565838,1.09937388368076,1.09937388368076,1.07493623910636,1.07190835801891,1.07172464386639,1.06773622479102,1.05896257511665,1.05777177900624,1.05455186529478,1.05615032355438,1.05452493810886,1.05518772953532,1.04664433094647,1.04856323337887,1.0508177051692,0.999335448427937,0.919023964883711,0.902890438593042
An9_Tr19,0.895453049531557,0.928678021998451,0.989516074918027,0.989516074918027,1.00032288216477,1.00609535117714,1.00615891708583,1.01158300216679,1.01831765424634,1.01926465536286,1.01883220416084,1.02275027066982,1.01902685655802,1.01902685655802,1.01562812563911,1.01320604644221,1.00899697024819,1.0091295140227,1.00849747213132,1.00775984422997,1.01450136804252,1.00254049856989,0.993856203947048,0.988021707582644,0.988217117076828,1.00797703009085,1.00797703009085,1.03858681406187,1.05667402214822,1.05667402214822,1.06027926502633,1.05606133334872,1.05383228801375,1.05330068205984,1.04462144437325,1.03653802314172,1.03916588952783,1.03361652364649,1.03420813116217,1.03996840696302,1.03980808447011,1.03928807131216,1.04235938218167,1.04118191265043,1.04173141434265,1.04060055871292,1.05603974974588,1.0556648508663,1.09254676276307,1.03527533985684,1.0328751206352,1.10867444796714,1.12586249692958,1.12181972102222,1.08354798882327,1.08670084237249,1.08762975629918,1.1146324719877,1.11543023174786,1.12537802568234,1.12587426352515,1.10993887864769,1.09639101710388,1.09837146224154,1.0956757730224,1.09260682336467,1.08549610511531,1.08555823489172,1.06888928377125,1.06322076428529,1.06470283153616,1.06773477993159,1.06990329500563,1.06834682666886,1.07058616302797,0.973944274515866,0.985822108749996,0.986660798049732,0.969156937559322,1.01705092513083,1.01976733549642,1.16151733626634,1.19554853914012,1.22879137453032,1.23031927315874,1.26193077411764,1.29237390338341,1.2918267503729,1.30287146295427,1.29512175983586,1.29444523864865,1.28344749004453,1.27644922664744,1.2200479350367,1.22037923520031,1.1756338167806,1.16463828177657,1.16943405424895,1.18660679433412,1.25433676897405,1.25417157994677,1.2953472982141,1.32128581694168,1.38012709301737,1.37844181115929,1.44961040213239,1.46485723010146,1.46299166161939,1.46755154340312,1.48674314378984,1.4851957151414,1.48298301339432,1.49111129345225,1.48039812681263,1.4812978420157,1.48145432408357,1.483738387421,1.47656892811638,1.47414826104457
An9_Tr20,1.0275658782585,1.0274722804425,1.03460982261808,1.0290056803919,1.02794749906779,1.00026592761798,1.00005818268326,0.97867988648845,0.961745619925818,0.961745619925818,0.98175125006859,0.994844184500412,0.999906654127349,0.999906654127349,1.00035705798117,0.999845487756959,0.99878892173341,0.992212328380555,0.983291063904102,0.98749770480298,0.988222733095435,0.970986143724894,0.905214978356119,0.904070271679605,0.941122604072841,0.967304895922939,0.970293618834796,0.983187631381403,0.9894081739181,0.989237867725048,0.987911204082749,1.00640831289007,1.02299915633199,1.02438101749001,1.02767090019016,1.03757830424328,1.03569085829896,1.02155953204401,1.02138610052555,1.01936934575987,1.02009678344045,1.00791542040338,0.999011939012327,0.99895950253237,1.01104812901746,1.03371206761276,1.02965778950024,1.02565804650543,1.04223802735359,1.06193167538844,1.06154327609318,1.07642954223047,1.0852252413177,1.09214522512311,1.1108741308554,1.11539814371936,1.13592972675798,1.13592972675798,1.14895009662975,1.14520009129843,1.14535530538432,1.12631155435325,1.11159078786044,1.11139328392267,1.10349257055198,1.11805735202819,1.10695756850149,1.10695756850149,1.11787877693546,1.12438118349472,1.12419560476535,1.124153368124,1.12920005726766,1.12920005726766,1.13049226330242,1.12960204867033,1.13001665372244,1.12927553588128,1.12254799993966,1.11889084607699,1.118259802497,1.11563708259735,1.11103421465765,1.10879071307229,1.10977322632168,1.09861041043016,1.10005200722479,1.09617779853523,1.09157764604399,1.09512854857528,1.09512854857528,1.09810841530469,1.09979776755802,1.0988663129509,1.09973409986347,1.09463290075909,1.09254123073091,1.09494024392219,1.09751250737786,1.10143103630148,1.10143103630148,1.10036312178099,1.09527659234386,1.0994090107157,1.09851554907449,1.0984434518096,1.10023374441731,1.10328427764089,1.10797128893518,1.11342381474235,1.11480440405837,1.10968182052558,1.07060306503558,1.02873284552426,1.02901069716019,1.08010178655573,1.10933648555206,1.1112520759464,1.1275344293591
An9_Tr21,1.03591653101659,1.02984447552898,1.02984447552898,0.96618931654275,0.973233693542541,0.985595712369107,0.984987376206722,0.993532965418601,1.00567646914578,1.00567646914578,1.01174401666469,1.01502686523681,1.00647888512666,1.00716412087926,1.00135503612197,0.990115098532123,0.989180070763213,0.984317410506974,0.98412101172248,0.9879851645258,0.984767620336455,0.984762771016606,0.920226072249126,0.921001684569027,0.936885397128868,0.938970719866395,0.938893389861835,0.937223910038834,0.940590861925971,0.939749290558026,0.940119786407852,0.932117816331684,0.92794432492712,0.92802464160732,0.932477321679977,0.929349674757308,0.929758546584054,0.926915340746679,0.927008970901701,0.926445376219165,0.92715106808924,0.928028863181099,0.929258510789068,0.929258510789068,0.927471819536725,0.925902676207621,0.926029362834792,0.928908813425379,0.917901126212485,0.931981486098185,0.931981486098185,0.93837790940861,0.96176321164281,0.96176321164281,0.973673054513086,0.974477863152474,0.991579022470869,0.993255868644161,0.999431884693389,1.00415488524116,1.00356121814298,1.00221458397536,0.999766836944994,0.999357535712224,0.98957572912621,0.984983364425001,0.97868884264893,0.97872242142038,0.97262052713507,0.96913190546719,0.967169872774247,0.96747015438912,0.965133666908839,0.965721213069687,0.968207963121276,0.965812445142482,0.96100275190346,0.961941489095466,0.964406259591813,0.967593589876503,0.962743624961127,0.967056503945444,0.98048538269045,0.980479224780555,0.977959888191424,0.979814335682854,0.986951698318182,0.988472452420655,0.994836135811577,0.994738559827114,0.995613598906554,0.991840111267978,0.988875777710617,0.97962567257515,0.980284725510538,0.972373466909125,0.973046444683689,0.972348512432534,0.952169205116692,0.896790478218151,0.898471098074627,0.89988542732599,0.796065071302053,0.805739350307767,0.807842942551078,0.860891678686922,0.86429514366559,0.863098926779919,0.881557904698563,0.877142972098027,0.878812208156694,0.894197985132843,0.893936219913566,0.892766496712627,0.893255241821842,0.907099494696538,0.903888221895446,0.904132276704531,0.904197785580079
An9_Tr22,0.9916027901531,0.997431599531321,1.00150463915814,1.00264710245239,0.9963688638392,0.99628538486122,0.996395644118595,0.996548836498285,0.995107987333635,0.997299041000134,1.00041496015225,0.998447232417021,1.00160903568147,1.00142996311023,1.0060195876595,1.00740569702371,1.00420884161526,1.00432839772024,1.00494439567431,1.00755327540144,1.00683368810488,1.03092842538042,1.06998838235306,1.07017978394102,1.08760761430992,1.07357991378689,1.09577026646713,1.09577026646713,1.10742599438734,1.11725897000412,1.11725408360888,1.12346219269862,1.12143574977858,1.12143574977858,1.11681656982801,1.11406579686345,1.10382009451096,1.10438886245285,1.1007458815722,1.09358118161342,1.09486599809097,1.0944912000391,1.09303758669881,1.09170168085574,1.0852611312986,1.08182473355894,1.0841945866853,1.0841945866853,1.07634126414106,1.07338204957561,1.07307746207651,1.07727033594526,1.07918561058262,1.07742021306058,1.07670622905093,1.07866265826012,1.07882626532334,1.07882626532334,1.06499725127824,0.900911027758426,0.901169779600095,0.867599979463956,0.78992215856136,0.789176702320275,0.788859865562892,0.837327437150787,0.873410698057727,0.873074120969371,0.89076887063631,0.89126678069218,0.892132038428506,0.895027046121975,0.899497965874564,0.903836636210831,0.908767920576483,0.911076916212609,0.910740401898797,0.910844203045237,0.914154610959497,0.918102714437148,0.927955908247534,0.927463883186008,0.933727313504671,0.940892283273575,0.941182389721003,0.878670908366527,0.809945551852678,0.857732551549399,0.858079954812334,0.900453322130871,0.922053557969161,0.922090509015142,0.929328561046411,0.929495745513053,0.928923543906687,0.920671758949052,0.912617260312637,0.912617260312637,0.907655863372344,0.901523376851846,0.824302555769125,0.826859068653732,0.772159100658306,0.76188230768044,0.762345681849665,0.814696904195913,0.838963003259681,0.83797963534933,0.83797963534933,0.838293767007946,0.844433510087691,0.844586330604996,0.849295366576267,0.844902887698023,0.844902887698023,0.844902094794003,0.844720426253802,0.836089027697308,0.835205722559578
An9_Tr23,0.997130616898034,0.997130616898034,1.00135918506306,0.99117188123365,0.990876964079082,1.0104874886901,1.02720362358821,1.02192304691033,1.04496555581021,1.04913731795545,1.04250506643063,1.04265167299246,1.02955350730466,0.997392467107326,0.997126637703916,0.954064930690702,0.914383551773586,0.94415955592183,0.946776312948753,0.992150481935072,1.01994236432337,1.01952134236883,1.04734988361712,1.06896378283952,1.06694829319051,1.08787057704452,1.09438469953305,1.0872035981955,1.08657315526456,1.08334805104176,1.07518717679531,1.07268036656227,1.01960172106129,0.984427682321679,0.984427682321679,0.979472763643411,0.983367713943138,0.979419291093929,0.977458215214813,0.973163343695234,0.973592781903494,0.967705007636104,0.964251971249238,0.963043739621728,0.969621155402903,0.970179508359812,0.972528521458227,0.971237299111924,0.973498589583124,0.974988145942569,0.976539343288433,0.978525393383661,0.979801560133012,0.987031656545147,0.987161800427019,0.988626690301045,0.984029242304909,0.986506509120459,0.986547482373452,0.993441641528889,1.00174746783098,1.0022509604378,1.00446574040443,1.01205550459701,1.02696628460655,1.02959976491946,1.07074483864442,1.12998506375971,1.12998506375971,1.16762814797684,1.20058398487276,1.21023673613587,1.21152252957323,1.25383832840543,1.27931070464569,1.27931070464569,1.30747082729525,1.32979255693869,1.32979255693869,1.34004638479794,1.32922630216812,1.3175966821974,1.30980360099436,1.32778036920203,1.3208292883015,1.3208577714334,1.34277610434358,1.30867418862496,1.31820471275371,1.31824879458205,1.32967536907246,1.3016625785174,1.3016625785174,1.30022753860756,1.30976753584589,1.31705867409885,1.3111261073344,1.31750395941126,1.31781917112648,1.32307597106018,1.30315847067171,1.31497464545053,1.31366831508955,1.30633499444423,1.31024989823797,1.31622419339363,1.3395026059056,1.33306302132238,1.34472737331453,1.34144435617781,1.33332515464707,1.35361640196099,1.3545430943785,1.41988824144652,1.40196114912807,1.42494974150478,1.42415284363201,1.43453734879873,1.40060046724672
An9_Tr24,0.97255254241313,0.973484104556972,0.966109701456652,0.962442085928957,0.985321204879409,0.985321204879409,0.992547985339394,0.982860529382214,0.982860529382214,0.997687429367661,1.00997597115431,1.02430151190961,1.02197742526954,1.0224064151157,1.01749812625821,1.01750099138883,1.02214346970899,1.02916732976693,1.03384144184188,1.03365815333135,1.01928622370718,1.02365469804889,1.02318023664974,1.0275640878002,1.02618220185366,1.02586083877624,1.02814832227552,1.03071762622829,1.03058048249847,1.02531220634521,1.01946885934786,1.01250346768711,1.01131743486328,1.00169747724906,0.993481479355511,0.992094563523109,0.989530084415822,0.98658243161504,0.983854502021294,0.983854502021294,0.981257355904273,0.980023185970416,0.976028156170361,0.977391620131213,0.974241548817751,0.974241548817751,0.970101120643499,0.965690076871595,0.966116765503982,0.965189716074852,0.964064893904514,0.960529102554584,0.961601366122214,0.96197632250079,0.966074769389031,0.960967543747508,0.958265048653846,0.952977222025211,0.951625077428686,0.951749492293375,0.954761563230101,0.950324750877867,0.949995804285071,0.95471279244439,0.953229835965749,0.958064679054116,0.95557188792919,0.955101751790757,0.960704547324307,0.960110387193881,0.956667893474712,0.955980954978338,0.955993408312531,0.954922102552115,0.948183495271315,0.946232769840127,0.946505515777015,0.948079334902091,0.938230468744743,0.941506125514024,0.9034411979542,0.928038648794181,0.943625966475324,0.943783413445562,0.963122394337479,0.977352993223522,0.975616669372836,0.994781887016662,1.008372480335,1.00818870162007,1.00424988655399,0.989667390591201,0.978781923513675,0.984683168881784,0.976662702340591,0.9707509653701,0.969611133624238,0.958237251204502,0.958075449508116,0.960118609194076,0.961146603147072,0.958500300259826,0.961276815374046,0.960535230296843,0.965709631900364,0.965407897703604,0.9646944786335,0.956619139753379,0.954212436213571,0.957047958532306,0.954983497537244,0.957810566962267,0.953774722627827,0.953774722627827,0.959254902388465,0.954630928661271,0.954548797924451,0.956254580849723,0.959791490626047
An9_Tr25,0.99805728104455,0.995922587351135,0.995922587351135,0.987536561282409,0.993121480648491,1.00145761614222,1.00088703601122,1.00619438123255,1.00542666977144,1.00542665954889,1.00941883832915,1.00343122473519,1.00343495502457,1.00214506362517,0.996255234583194,0.999791911468026,1.00135726140809,0.996423156726449,0.997789493716119,0.994985724235151,0.998147466534548,0.990861008092078,0.974191049606034,0.974306690147613,0.987706308543815,1.00129069230217,1.00096654399557,1.00772980229327,1.00842359020818,1.00218308290891,0.998746196684204,0.994881328986734,0.986213481613119,0.986263367641139,0.983267583156499,0.979784550283235,0.980279798473039,0.975094316020801,0.975574026818602,0.978187929402182,0.973024331020413,0.969117920233388,0.968360691518969,0.968360691518969,0.95991034598642,0.960462887249456,0.960225348427836,0.932198742073241,0.931365705350848,0.928861204339318,0.928763917509581,0.936076426438983,0.927267790829691,0.927848770465792,0.924684108975515,0.941298459251551,0.946619890815822,0.946779169408103,0.95269376700897,0.948877551091498,0.947872558829065,0.938823679218087,0.938845254297425,0.93786764250072,0.931557284967628,0.931386710775969,0.928512521532697,0.928526091230371,0.92799303522882,0.927744135284121,0.931167851396984,0.928017021682515,NaN,NaN,NaN,NaN,NaN,NaN,NaN,NaN,NaN,0.8328536535649,0.868614993358892,0.868584423953554,0.890606258792031,0.904096159130238,0.913523037915943,0.915342446837617,0.91483983879192,0.913923755328381,0.911164692536788,0.910556476892565,0.90543149097528,0.901037786621438,0.900496571829451,0.900422317495079,0.902001924492882,0.900923565324557,0.902725492548255,0.899848533209431,0.899848533209431,0.897819434265018,0.895594755584867,0.895717272949521,0.894495158561372,0.899517513155332,0.895503297425217,0.895813114564298,0.896328693013568,0.894282049025006,0.894275123661334,0.873759762078858,0.788070749312461,0.755431053936554,0.755367258237423,0.759498752589482,0.777280917010955,0.780205562795742,0.789372853521026
An9_Tr26,1.05240785549609,1.05550233814106,1.06517759716619,1.0653759583322,1.06334190990542,1.07166127149529,1.05905650737387,1.05853811005179,1.05486521283983,1.05560588203485,1.05868346323886,1.02851983312597,0.972532827150883,0.972517494687572,0.900869903247751,0.840706996192406,0.86226558571909,0.863064165410053,0.899307088390815,0.936765941633767,0.936594112856259,0.970286402533429,1.02649388037609,1.03830407318258,1.03814151231004,1.06272567116867,1.08559713001605,1.08557013257582,1.09495886443432,1.09065404416438,1.08992861338159,1.08968296023454,1.08256383154042,1.07367740866148,1.07367740866148,1.06565033647592,1.06263862230836,1.06272937470408,1.06217302092282,1.05867085211356,1.05771941395365,1.05771941395365,1.05745996437293,1.05484607291916,1.05412685259766,1.04754148581814,1.04162896419894,1.04171920752204,1.04472616736558,1.05101360165194,1.05552348875004,1.0558998774681,1.05750081736117,1.06026690171611,1.06041805221376,1.07408277432131,1.08116191858191,1.08190950544808,1.08654982287645,1.08878908126516,1.08368447266788,1.08294453924171,1.07841993493042,1.07523283858278,1.07356239169434,1.07534559882569,1.07808012602412,1.07488074152063,1.07418444933554,1.07110778069978,1.08339815007742,1.08221060599799,1.08933969518572,1.0876580310947,1.08709842033996,1.091336675838,1.07870258968253,1.07651556357302,1.07574232915287,1.07128843795209,1.07374543461716,1.07351898445087,1.07516927945732,1.07114191880095,1.07295747057791,1.04189589363222,1.05073152805477,1.10912244351656,1.10777927983503,1.1615888775513,1.15758697442531,1.15765353163113,1.16297581786373,1.13574046582156,1.15466458899997,1.15618511118658,1.17001021965393,1.16528872314329,1.16187401992032,1.16871024800151,1.18612006664617,1.18702174948074,1.19532671608821,1.19527964514142,1.19064944190545,1.18943263222097,1.19219018521415,1.19805649620866,1.19818595212153,1.19823252081825,1.19499427341282,1.18738447280785,1.18819709034938,1.18939845490294,1.18825156991646,1.18831270095912,1.19505190565308,1.16358831643386,1.16627865412904
An9_Tr27,1.02250519122934,1.02682638106291,1.01742226714271,1.01742226714271,1.01194836249205,1.01231951742757,1.00042425968489,1.00159644388335,0.930200274028565,0.935364159723168,0.935406626265817,0.983618271319171,1.00352543269147,1.00926032707558,1.01967539532784,1.02295557164177,1.02295557164177,1.01421942020895,1.01235426001037,1.00821689615926,1.00821689615926,0.98858466336241,0.983146352186734,0.983437436028765,0.974698439089203,0.990808802673705,0.991520655827022,0.991244953561906,1.0057850906532,1.01200640483447,1.01263950910675,1.00996931501343,1.02356453006399,1.02306248156553,1.0372745048686,1.03158242765473,1.02724649593271,1.02792162090863,1.02217878249505,1.0107166487517,1.01018360709982,1.00366624407071,1.00343074592581,1.00044124759424,1.00104335427791,0.996890890703389,0.989628886693709,0.989444486365006,0.990939484546912,0.999438226462995,0.997526901455699,1.00802039184317,1.01242374192315,1.01924268323648,1.01896207564959,1.00100692866767,1.00614046190649,1.00272136440732,0.975861080006941,0.981232597923397,0.982693490603571,1.01247978957738,1.00852697604011,1.00226034383083,1.00173005435317,1.00983953943359,1.00582718794613,1.0044424533907,0.990022203597649,0.998121844244618,0.999990443571831,1.0002000230098,1.00157279777434,0.997216872898103,0.997735201981877,0.999579737624031,1.00138662554327,1.0022696806915,1.00579093328183,0.999941477236126,0.998113501312288,0.997644225954796,0.991674459190206,0.990463763873811,0.990825121607081,0.98814513342438,0.989898227897594,0.990837278952793,0.983859140538123,0.986227719466076,0.990319660065838,0.990319660065838,0.986810654155473,0.992807829394003,1.00043684095254,1.00503886781187,1.01100676258338,1.01298426606737,1.01699992517222,1.01234465375332,1.00608055508681,1.00608055508681,0.939120272433023,0.885864591846123,0.886079322139832,0.839814598616876,0.913524473455334,0.943009931474384,0.944015491454157,0.956202911088424,0.954744827096798,0.953776682936424,0.94290422764128,0.952248507381144,0.947444665440749,0.947804223552841,0.945194196204686,0.945770036611748,0.949634850787119
An9_Tr28,NaN,NaN,NaN,NaN,NaN,NaN,NaN,NaN,NaN,NaN,NaN,NaN,NaN,NaN,NaN,NaN,NaN,NaN,NaN,NaN,NaN,NaN,NaN,NaN,NaN,NaN,NaN,NaN,NaN,NaN,NaN,NaN,NaN,NaN,NaN,NaN,NaN,NaN,NaN,NaN,NaN,NaN,NaN,NaN,NaN,NaN,NaN,NaN,NaN,NaN,NaN,NaN,NaN,NaN,NaN,NaN,NaN,NaN,NaN,NaN,NaN,NaN,NaN,NaN,NaN,NaN,NaN,NaN,NaN,NaN,NaN,NaN,NaN,NaN,NaN,NaN,NaN,NaN,NaN,NaN,NaN,NaN,NaN,NaN,NaN,NaN,NaN,NaN,NaN,NaN,NaN,NaN,NaN,NaN,NaN,NaN,NaN,NaN,NaN,NaN,NaN,NaN,NaN,NaN,NaN,NaN,NaN,NaN,NaN,NaN,NaN,NaN,NaN,NaN,NaN,NaN,NaN,NaN,NaN
An9_Tr29,1.00588189381226,1.00372105587604,0.981036381762607,1.00798399035964,0.997074761349226,0.997986456241707,1.00435211080388,1.01709375333593,1.01709375333593,1.02628624401235,1.01461472608681,1.01454025808155,1.00320757777677,0.981287688068012,0.971408326504366,0.96993929755705,0.991016226147715,0.998070364746463,0.997405134141688,1.0016363769953,1.00965952872762,1.01052778374677,1.01356394689683,1.02575890310945,1.03833774698102,1.03833774698102,1.05418544335528,1.05077786205862,1.05041010457836,1.03638681705467,1.02663510677596,1.02227473451909,1.02227473451909,1.01649125946181,1.01079425224071,1.01748082111407,1.01532264081275,1.01641546315273,1.01641546315273,1.01126486028892,1.01216500076941,1.00953609301882,1.00812516369078,1.01223714119973,1.0106383366252,1.01043499752315,1.0092937293877,1.00698625393267,1.00698625393267,1.00433505848862,1.00077616334619,1.00320663293507,1.00414512924582,1.00788500615903,1.00950434987218,1.00966299175823,1.00721253092864,1.01217011689048,1.00913518956255,1.00694635875869,1.00941276672157,1.01457636103481,1.01206569898892,1.01332242560057,1.01027557596116,1.01262506971929,1.01438409601657,1.00948986801533,1.01300965406482,1.00730925443567,1.01046736892073,1.01042848339478,1.01048862898757,1.00918180327171,1.00419631009791,1.0052612801716,1.00993953405773,1.0163019250216,0.93174521063059,0.928625945855796,0.897426056196326,0.919440035274454,0.91925297666074,0.9210335302706,0.914392479844553,0.914392479844553,0.862587302045326,0.861900061907341,0.930823232092032,0.931488181925399,0.951540216628954,0.964033260957533,0.964611174167752,0.990792761680103,1.00270153436286,1.01229241522535,1.01285144821548,1.02274596794457,1.03515953328343,1.03431258091488,1.04137335995707,1.03073109162583,1.012202862345,1.0123670103722,1.00863193030623,1.00257799155988,0.996881221225446,0.993204286747343,0.982548919988985,0.982548919988985,0.976913560771087,0.966726344155864,0.969055138606017,0.969055138606017,0.924760994747739,0.836802699151687,0.837352706614547,0.858189290778652,0.878501876831469
An9_Tr30,1.00346048233377,1.00346048233377,0.997224378999598,0.992201231224338,0.995426166811509,0.998888918297475,1.00091500815618,1.00070863079475,1.00093949840468,0.989402323528433,0.975378634640161,0.97655303112335,0.988704712127274,0.998405956500247,0.9984461761836,1.02313905744353,1.02102908730228,1.01784848862696,1.0178677351681,1.0091212474153,1.00130519330504,1.0012833768556,0.994143421895289,1.01114878662224,1.01653210697668,1.01653210697668,1.02194384975436,1.02156246021535,1.0208746141577,1.01982941521787,1.01742198935667,1.01706918111377,1.0203927752883,1.01863315044294,1.01108600923831,1.01108600923831,1.01406455100436,1.01104093243909,1.01049980013345,1.00759206181215,1.00509308241648,1.00829050530496,1.00938091958275,1.00505558776578,1.0139079552933,1.00976097840786,0.98635803167169,1.00646353400599,1.00607724679014,1.02082353617458,0.996037488207957,0.996078560598015,1.06228428148394,1.08108995047011,1.09171409869254,1.09277705452967,1.06363356256002,1.0299490530065,1.02987627839874,0.963344082442849,1.01567241956865,1.05695706384838,1.06108197077621,1.0800560099862,1.06789291360558,1.0672638829063,1.06350465696771,1.0718440003224,1.0645035705844,1.05820312617883,1.05509092134711,1.04770037960867,1.04676919027816,1.05042849089292,1.05321046393859,1.05321046393859,1.04536565369309,1.04594484673725,1.04576913049361,1.04504724696552,1.04449617732277,1.04245270104517,1.04312385682041,1.03867672311673,0.977745250408886,0.977341660293332,0.858744263814632,0.816658077351422,0.816156747107433,0.766749129574333,0.796651907509364,0.839706275248853,0.839706275248853,0.873370436031215,0.886203556400756,0.886273313803792,0.900132092788834,0.907791305092235,0.917172601429459,0.920260590042237,0.934827564037856,0.932752440188121,0.93560463400342,0.927862252744423,0.925436347647922,0.931556089745858,0.933680633288078,0.934544244528702,0.935889693563194,0.933853198388835,0.927370492981072,0.899508432510165,0.899508432510165,0.849197009133722,0.851919068949387,0.904988074930563,0.918910356442517,0.997874448936285,1.00689998345451
An9_Tr31,1.09668823224809,1.0999233004363,1.10373679027108,1.10300587558555,1.10651039083036,1.06696073152077,0.974154565068042,0.946152993329453,0.889600296629803,0.85910364529938,0.850704232126883,0.933357189028404,0.960713599609723,0.960087585511875,0.975956746896776,1.00286594846581,1.01943014139266,1.01943014139266,1.03161759435637,1.0307686550617,1.02942001996547,0.982305331455404,0.884952275244986,0.884952275244986,0.890908163807229,0.932872840918606,0.941702444273415,0.941083404162089,0.940704213365524,0.939677664842237,0.939720198066501,0.933236895536177,0.92532659193162,0.915841925243664,0.914619985201451,0.92000656726155,0.91543482847557,0.915932066332763,0.916028656217019,0.914636943298,0.909732635546372,0.909732635546372,0.90724574431575,0.906933421801855,0.906733223237968,0.906672390890515,0.907174543640042,0.90249762691606,0.915963508192747,0.911489959041565,0.880103214670699,0.880103214670699,0.889014717033583,0.959136440057857,0.959408980808283,0.975084117081168,0.9765360997605,0.976171578763173,0.975870111733212,0.97568065572301,0.976483035166475,0.976483035166475,0.975733753988529,0.97591960904125,0.976936595827883,0.977033116268007,0.97824895261113,0.978555411300649,0.980840083198996,0.978963292073461,0.980619899763913,0.980033525002467,0.977619482824324,0.979351483010816,0.980346141180643,0.982806834810374,0.986886008723572,1.00452749769537,1.00452749769537,1.01579769572836,1.01946341695312,1.02078122131081,1.01281902658606,1.00754009574686,1.00723428372726,0.997678042546213,1.00004341963858,0.971170959846189,0.972441874644322,0.891799739368878,0.866929219970269,0.866259886423252,0.861231583850139,0.794647264249752,0.791410760024968,0.69352291235185,0.661501522927452,0.691139186906545,0.692716748426223,0.725927273171642,0.776908883917486,0.776908883917486,0.789988662655805,0.795691707068285,0.795920251685739,0.795865528800426,0.794538549831723,0.795386026262838,0.797266452895964,0.801182940066183,NaN,NaN,NaN,NaN,NaN,NaN,0.756265742018992,0.792711702598105,0.792732136911278
An9_Tr32,1.02046554038992,1.02443588292965,1.02443588292965,1.01595133652989,1.01297744335982,1.01304478454576,1.00796181179133,1.00456844618204,1.00256295884492,1.00177572880168,1.00880861249068,0.994356989508999,0.993739637345845,0.919207724762074,0.907285981173561,0.987361419477429,0.98698570268787,1.02486644525078,1.04920767099812,1.04920767099812,1.06742976605264,1.08215968511769,1.0821341928736,1.0882146775978,1.08915421456177,1.08947675487505,1.09241126903638,1.09612933558855,1.09420329421907,1.09420329421907,1.08155307974536,1.07888637482377,1.07833005540425,1.07578717804147,1.07150970073956,1.06990155013822,1.06990155013822,1.06037245743387,1.05991048853039,1.0593926091194,1.05904497484093,1.0511633599238,1.05103329296383,1.05762869369574,1.05806999803147,1.05370638300232,1.05306329565463,1.02527628611777,0.971678485365881,0.976359793286495,0.978437025417205,0.997459042357084,1.00062267989021,1.00069262808023,1.01002553844619,1.01344658256083,1.01344658256083,1.01936357604973,1.022728489213,1.02374598412662,1.01919692530438,1.01548293777119,1.00991187438105,1.01028842140341,1.00958496744722,1.00773327393401,1.00452857905675,1.00127850158527,0.998917781720808,0.998917781720808,1.00155909036349,0.976448345943907,0.918219090457065,0.91204996391547,0.933666039985193,0.966105713831241,0.966950233763683,1.02824959686592,1.0748730985683,1.07594185212505,1.09563921973984,1.09948500338501,1.14530976014482,1.14530976014482,1.17221176336259,1.22011926699405,1.22069952277781,1.22908730969772,1.27199267216568,1.27656923936794,1.27786253756862,1.25626357322003,1.27599423683851,1.27538428804158,1.27657006590039,1.26634058903602,1.26616586387781,1.23762322890499,1.21470048371391,1.20722847761737,1.20650647806821,1.20396300681725,1.20202626943247,1.20225295706379,1.20206964315876,1.19966122955986,1.19854061324156,1.19912325580301,1.19957046056869,1.14982266198174,1.14995111670233,1.05863101116924,1.11094067908797,1.10857484855748,1.15614487510787,1.17281984274926,1.17885874436202,1.17915345384684,1.18833198518459
An9_Tr33,1.07748022611827,1.08537624689115,1.08907609200909,1.04314187953528,1.04171157609502,0.940813762409879,0.946616589420337,0.945838407348683,0.970302271739205,0.973038574967007,0.982560111900761,0.982560111900761,0.985119079169549,0.99518423184502,0.99574834287789,0.995673145834452,0.989969308424927,0.979895020756358,0.979895020756358,0.982247586214053,0.971812748294706,0.971290467315672,0.953097980954273,0.941837574060038,0.941837574060038,0.967389063719282,0.983924098673114,0.983282157513831,0.994662505148626,0.987025033051436,0.9768789278995,0.9768789278995,0.969446848570431,0.957104596180976,0.95785554787041,0.951779272973845,0.946464378909314,0.948630091769386,0.949945939151908,0.950565083500517,0.946759285887832,0.949788778101704,0.944225870289356,0.943726863573245,0.939703905240706,0.939703905240706,0.939955927103043,0.932338931587324,0.932338931587324,0.934571136566244,0.936242571789239,0.935908278160354,0.94054230661372,0.946378029708127,0.864709436987467,0.866356418556422,0.880543757411466,0.923946726577351,0.919259106370352,1.00644243394315,1.01925459093856,1.019488798351,1.02026664709864,1.0196232774581,1.08460164540288,1.08661409122551,1.07652668253975,1.09801620064507,1.09817454582292,1.10901799609898,1.11124942134178,1.11101399390681,1.12554682372553,1.1232192305136,1.14869392372537,1.14869392372537,1.14670151427591,1.1433091644357,1.14332931727863,1.1453965189684,1.15256678805738,1.14007952058939,1.14007952058939,1.12452939875396,1.11530150884997,1.11498952487379,1.10684621773011,1.10479327215623,1.1026462572383,1.10479031371525,1.0632930347224,0.949583372944139,0.947200738097811,0.965425492367115,0.969491674361776,0.969491674361776,0.965670036966679,0.968044199654611,0.967790946833106,0.974852890392284,0.962511640692976,0.959217523655749,0.964335234723529,0.958755023749814,0.960467435359334,0.964179294348142,0.964028717669189,0.960431385136641,0.960519080313602,0.960055768689871,0.943483882291707,0.883639447243605,0.883639447243605,0.867299953776763,0.886803189054305,0.89122354912486,0.90748407747393,0.913184854144151,0.914355840193046
An9_Tr34,0.999968020214549,1.00188575856871,1.00040503147711,1.00410102175049,0.999360619228832,0.998757351634547,0.999385665733919,1.00313762465101,1.0032076352151,1.00580650914337,0.997633205499133,0.994721488389035,1.01056289251867,1.01056289251867,1.0095434880087,1.01001225352894,1.00903123613081,1.00199958340983,0.939917722378572,0.917214547995858,0.843531395147424,0.842603831076484,0.900047130850294,0.899128088829115,0.919586894989471,0.925916703279752,0.925478922087241,0.927630445280451,0.926059470227175,0.926053838987509,0.920729382884026,0.920966211042121,0.916529611866687,0.916601009939377,0.921175225888509,0.916987633470456,0.917066056996268,0.923826702284596,0.92061330921457,0.918016318294796,0.918062481108612,0.924789573640059,0.926096970188253,0.926214035717335,0.931071336001472,0.928209065844381,0.926636225500407,0.9269129007698,0.928929261514493,0.922901142906876,0.922749933624311,0.91553917297685,0.873204957291886,0.87253655632966,0.914334808968716,1.02748546579748,1.02804520524394,1.05431092637061,1.09975428754736,1.14391810047897,1.14083597906725,1.16962157657554,1.188067356078,1.18920865809961,1.19880074017581,1.20028972409245,1.19608289272318,1.19823486655707,1.1867154495202,1.1757693719668,1.17348688248695,1.15784999528092,1.11195578221169,1.11221879342057,NaN,NaN,NaN,NaN,NaN,NaN,NaN,0.991182765802254,1.01352054036311,1.0328754236146,1.03327390444546,1.05111330332135,1.06625002869931,1.06521135373661,1.06521187110077,1.06626426476601,1.06705693172658,1.06976397970363,1.07142080278864,1.07150404714439,1.08052787354571,1.08084495362169,1.0833038331469,1.08253014834513,1.08535061180586,1.09233413237393,1.09369866873712,1.0930435436442,1.09534593856035,1.10209377935465,1.10605169403117,1.12254881218569,1.13139863620747,1.13229017391565,1.12922179926342,1.11772639156863,1.11819413552037,1.12200329773302,1.12176402811922,1.11689989741009,1.11601481787868,1.0895816556539,0.911202173901041,0.911202173901041,0.900586978755246
An9_Tr35,1.12862212111001,1.12746067806662,1.11981282752795,0.981339646499543,0.981339646499543,0.914868612306459,0.945267344155506,0.968802280950752,0.968833088940954,0.976447645528966,0.981289381490567,0.981142208516157,0.988230109599064,0.991468266833698,0.989079307896772,0.989978941241136,0.987985715424921,0.989262500287768,0.988769677123623,0.992138013672408,0.991364202040152,0.99132013764666,0.952462382780728,0.931783085553201,0.964379735376178,0.964379735376178,0.983680774094986,0.986220366187563,0.986511281675294,0.984656253979929,0.971881306782299,0.970562174780426,0.953768168064647,0.944904251508146,0.952827594123523,0.955829896890167,0.947753079997338,0.940528676963021,0.939687629572476,0.937835922778117,0.95053245279454,0.958302766812006,0.958059419752255,0.962225783510924,0.959333139995628,0.958239289664544,0.956278846186384,0.940698266412758,0.938102985478866,0.938461397118089,0.984636366398925,1.02977326356086,1.03001747885992,1.03325809229136,1.06334273853991,1.06320149817358,1.09605030274504,1.10503910124286,1.10471840900335,1.10975831166457,1.03717480125,1.01459516592352,1.0152144221663,1.02908190186192,1.03173692460883,1.03412622108749,1.05131352232484,1.07793558915558,1.08058498599551,1.07315922027983,1.06776809443,1.06334728796849,1.06334728796849,1.06839433134501,1.06844476855985,1.06984130918185,1.073036090251,1.07786409203872,1.068938098401,1.06862222190788,1.06740474044377,1.06329904427965,1.06255259047382,1.0595229996043,1.05736318373089,1.0545599794527,1.05679268422247,1.05627085083742,1.05849167211174,1.05781069041289,1.05591806080503,1.05862642912605,1.06496969225324,1.06569674768554,1.06856979754429,1.06673474325165,1.06579225425772,1.06874365913764,1.06971985940094,1.06943386334721,1.06149207610093,1.06099695701415,1.06099695701415,1.06599614260373,1.06620773319197,1.06475597092288,1.06594069517102,1.06283343651955,1.07312139992622,1.07320370107284,1.07378035398582,1.07169623988348,1.07568243377549,1.1210840451132,1.11560445143938,1.11747295457084,1.12293224315625,1.15703828358438,1.12734144800233
An9_Tr36,1.0955683926348,1.09556976042518,1.09209391156,1.09439544861539,1.09439544425689,1.09114912740021,1.09742211369365,1.09232325181179,1.09105836150663,1.09023231241936,0.991285220694801,0.991075818431787,0.938348316965361,0.9067249678381,0.867368251712257,0.867292707089652,0.839437921756377,0.831495580275039,0.832763090912738,0.851655435456315,0.880114188291426,0.87965614978167,0.909999287986905,0.933021389454858,0.945373380139799,0.945373380139799,0.954890484959966,0.967106072069333,0.966196930754681,0.972960855955704,0.965909667193972,0.965894382665131,0.96375467877766,0.96308223855077,0.962528027575575,0.962222255817826,0.96708425761185,0.97451236043353,0.976333411187898,0.997465989196891,1.04386428157243,1.04378225668455,1.09990366377231,1.16550414152869,1.19990237570671,1.20084059214901,1.22313525621572,1.24643210709179,1.24783656346822,1.25135491862766,1.25834882380942,1.28527470086434,1.28228447674154,1.30944313134482,1.31665385737191,1.31559755184095,1.33540163662346,1.34441154481446,1.36281051090744,1.36148270410134,1.34743687908244,1.3368474526459,1.3368474526459,1.29660962538821,1.24276392497347,1.24249574686987,1.24593421625513,1.22527266065814,1.2396409454529,1.23954972005845,1.27426989596212,1.31588889520542,1.31672168861447,1.3331685428463,1.36844753547138,1.36744664015091,1.38665574022923,1.38629463896199,1.43513462277048,1.43513462277048,1.43388238133022,1.423400343915,1.42652498054854,1.41369884056389,1.35450264811628,1.35450264811628,1.33797375413187,1.33770631825928,1.34886495366702,1.34955849714096,1.38004673915446,1.43695888676349,1.43691736267537,1.41807757984038,1.42500380295293,1.42794983738177,1.42825192106205,1.44438657456905,1.44058011633954,1.44119185352951,1.43966709040743,1.43220586389458,1.43329755876748,1.4210477434441,1.41503655554256,1.39961019013772,1.40060880164635,1.39552226225955,1.39334074294619,1.39334074294619,1.39517837292177,1.3815783970008,1.38309031649059,1.37227454107951,1.36963758138122,1.37193992144066,1.37193992144066,1.37005410456324,1.35698781370947
An9_Tr37,0.993978924665112,0.998939281916084,0.995360374518472,0.995825035925704,0.995950488882074,1.01034611593979,0.999737659984512,0.999653840436564,0.995211876339113,0.997837067340418,0.997813037226013,0.994003090335229,0.997582919045397,1.0016282258213,1.00111983476996,1.00517964149415,1.00799163093436,1.00823850622341,1.00360244820234,1.00345591707623,1.00812977403646,1.00744114287651,1.00677623648265,1.02435722199779,1.02435316989409,1.03244815299538,1.03550988605573,1.01955011006207,1.01993583574947,1.01505724603038,1.0011327358135,1.00019102937275,1.02626451425956,1.02877752970111,1.02861073369748,1.02682136966914,1.0353275444348,1.03520141195175,1.03987593450433,1.03927841274856,1.03495926122751,1.03183341443794,1.02715017521367,1.02134156830657,1.02134156830657,1.00734772354504,1.0068416442143,1.00887324230419,1.01329514813537,1.0114541417503,0.979487295616148,0.981043991164779,0.978130771206655,0.980011703119135,0.981394759315034,0.989572917996906,1.02109985721963,1.03596706006119,1.03652121025506,1.02355593749168,1.01962187584462,1.01982716180833,1.01393641533219,1.02767502079531,1.02632148266252,1.02771415284915,1.02035381176016,1.02416688184171,1.02416688184171,1.02384233855541,1.01937463027389,1.01931916481185,1.01200109837932,1.0089219796368,1.00258260844664,1.00208659193938,1.00389360064632,0.995679688015869,0.995679688015869,1.00105235140292,1.00313170377047,1.00283776544275,1.00234684976381,1.00243235229301,1.00474760474248,1.00470668104349,1.00254667744226,1.00126884448789,1.00154363950433,0.952263343767493,0.833718116436378,0.831771417204267,0.832240274901715,0.867829311109636,0.909533104396277,0.908409069164792,0.908117253758097,0.909635022125244,0.909635022125244,0.918636916164253,0.92771433133649,0.92392447776555,0.923933479773925,0.917057203501476,0.918146232006388,0.918146232006388,0.914549653950372,0.915310394150851,0.917311564058297,0.911924222007548,0.913771054823711,0.912911196947948,0.912797554345338,0.913415291853877,0.91268334147343,0.914850845441779,0.913187575014586,0.907317131464614,0.908418964808427
An9_Tr38,0.956733570371749,0.952112053218575,0.973121107590337,0.992070899125907,0.986593295518049,0.986593295518049,0.981720500629957,0.988312512461326,0.986950351996274,1.00959863282371,1.01527494895575,1.0147944908715,1.00616247043406,1.00109719490011,1.00109719490011,1.00932181343795,1.02075665585057,1.05852213134699,1.05916688004902,1.06801943260904,1.06117022728073,1.05935364312164,1.09485112607776,1.11469807103228,1.1159832689426,1.1170375066126,1.12376901609101,1.12324760394283,1.12327653718269,1.12066886318865,1.09951666152596,1.09967637780079,1.04827408278222,1.0177368117997,1.02819655358826,1.02641751565,1.04786470649385,1.06388098831753,1.06311631991833,1.06808183648021,1.08666006034581,1.09953829117571,1.09953829117571,1.09416070889531,1.08860695096308,1.08851725150493,1.08681759747571,1.08433246595626,1.0842863626883,1.08636006084551,1.07440664575661,1.07440700401261,1.07061438986289,1.06447770069948,1.06647930711492,1.0670804497722,1.07132165414331,1.07738237712556,1.07721797157378,1.08709950834371,1.08369702518519,1.06947944252344,1.06953567656938,1.07591681017249,1.09290474467728,1.09280729130512,1.11011262636931,1.1152422535571,1.09173751870749,1.09338055681857,1.04728679496678,1.10065459908632,1.10065393844628,1.13243404859589,1.13838594671953,1.13874105982845,1.13943333738151,1.13913724352808,1.13586265440184,1.1358966005329,1.12807488196993,1.11718220753633,1.11669456281802,1.10121626019533,1.10380624568286,1.10380624568286,1.09517476599115,1.0921574878707,1.08868517802837,1.08967155897801,1.09426145081012,1.09482552138733,1.09519673438479,1.09338135011162,1.09197068158793,1.09197068158793,1.09365461926115,1.10646294118068,1.10018973839815,1.10098084255821,1.10341053967054,1.09893676081538,1.09893676081538,1.06959449501652,NaN,NaN,NaN,NaN,NaN,NaN,NaN,0.990848727511656,0.990335866355676,1.00270851126117,0.998520752023262,1.00009514063499,0.999929796929023,1.01172879295795,1.00995616200338
An9_Tr39,1.02401304308093,1.03298597467836,1.03235419257676,1.03700801470251,1.02728725651627,1.02585143318342,1.0238923380315,1.02984086979926,1.03288147991288,1.03367901162256,1.03239827109486,1.02840179411426,1.03015422841444,1.01767665427875,0.968107987516192,0.969210453097956,0.899706405840009,0.889413781213088,0.865136810325998,0.864826280555888,0.904280267532346,0.963001133304967,0.963001133304967,0.961613792996241,0.976852991330855,1.00236372066955,1.00667603419432,1.01882142632181,1.02010525777789,1.02157891888238,1.01343012266987,1.00683915263459,0.997409529204575,0.997747199103065,0.992893430441311,0.991822048560645,0.991051543976821,0.987165191209719,0.989349374699761,0.989349374699761,0.989786252666859,0.990613963377746,0.992102936152049,0.991595612483113,0.993563059093881,0.98902274899272,0.989457758621859,0.988039700525452,0.978168021477186,0.977584762735199,0.977063993610922,0.946762537287115,0.914103455945736,0.911738652006699,0.891692069815785,0.886908214960695,0.887263602515013,0.892479583752798,0.894953479094093,0.894953479094093,0.897424182778234,0.897461324411504,0.908819548759313,0.908136834504508,0.908936100301287,0.905351225051359,0.903714040469777,0.905972950355469,0.908907481750416,0.903999524430128,0.903614876726022,0.905043281350337,0.904060124343203,0.904322821534956,0.898728987294491,0.903256858462699,0.906616917054073,0.905444474894343,0.908998663373152,0.917160885083244,0.917160885083244,0.877152042678957,0.894279966170723,0.897060299772332,0.85672822914335,0.850677781703879,0.850648755388942,0.833917802076712,0.824409231038462,0.818229712260772,0.821432154987848,0.817436775947689,0.832437301924524,0.832861308478628,0.868055840190578,0.879931873263263,0.894657395494441,0.894657395494441,0.907405895617503,0.935608516845377,0.942451266177421,0.962024546896198,0.997776595446505,0.997796076740737,1.01517561237504,1.02351349474404,1.02614524752093,1.02181594602193,1.02213255019049,1.01207403147004,1.01241543330556,1.00228494865957,0.994884717296773,0.991614619098202,0.992349120179349,0.989739744827713,0.985587216046457,0.986249703619679,0.990749133423742
An9_Tr40,1.01622445597376,1.02011850292997,1.02358498406295,1.02319455936271,1.02562547019339,1.02347665846109,1.02055829385642,1.03144402324686,1.03358893224724,1.03304126096955,1.00379123062946,0.945177582754435,0.938556372451938,0.936372742731302,0.946306594266005,0.975398628968233,0.975398628968233,1.00228004393021,1.02586103399626,1.02585161600915,1.02891209616344,1.04077320556082,1.04077320556082,1.05525589491187,1.06480928197249,1.09225428099157,1.09225428099157,1.12264660868095,1.1347393340009,1.1345399576264,1.13736351821021,1.13391302376205,1.13605568952127,1.13653300203498,1.14116217496876,1.13952714464024,1.13744820679715,1.1333480445146,1.13788484836236,1.12664673971076,1.12870319983234,1.13303467103936,1.13179390588448,1.12979036232868,1.13481956107323,1.13188499141269,1.13067755730827,1.1339282128623,1.1340262931908,1.14867296137828,1.14901141392607,1.15919921371794,1.19045613782077,1.18863136608258,1.24085982855698,1.26185778036307,1.2621306312812,1.27549770571301,1.28016366176299,1.29273553730183,1.29239058490778,1.30091322018457,1.29509214718023,1.29556338152578,1.28318577468906,1.27442414736512,1.27810242752715,1.26196417705047,1.25439490585672,1.25226587181183,1.25300757050674,1.25434115513673,1.25261385173007,1.25261385173007,1.25419800640231,1.25988633128477,1.25757474860999,1.25643028508262,1.25133639486417,1.26266045885959,1.26081356757985,1.16735908741047,1.11476552149838,1.11490929520637,1.15844741318995,1.20974069538102,1.21553628470271,1.2160414753052,1.23392178130092,1.27274000776255,1.27338836264372,1.29250505243147,1.28965247007249,1.2879847036283,1.28821387635752,1.2715249809451,1.25689529442568,1.25640818985902,1.24280671422642,1.24063042785816,1.24063046764502,1.16761019981289,1.14616099954662,1.16215571286112,1.15781629290205,1.1838014265548,1.20804070323592,1.2069131784452,1.222188400697,1.21460795833078,1.2114205890531,1.20732666108053,1.2010983025731,1.21295683874189,1.2118593073032,1.22012381984019,1.2259716045927,1.22385578258915,1.22631446808805
