   0.0000000e+00   0.0000000e+00   0.0000000e+00   0.0000000e+00   0.0000000e+00   0.0000000e+00
   1.2425019e-02   1.3944511e-02  -9.0186408e-02  -2.7434275e-03  -1.1834699e-04  -3.0373866e-04
   9.5342824e-03   3.5173739e-03  -1.0948936e-01  -1.6471681e-03   6.1181158e-04  -1.2117759e-04
  -1.0198661e-03   2.9159927e-02  -1.2434261e-01  -3.3300572e-03   3.4089797e-04   1.4653362e-04
   1.6456498e-02   2.0892472e-02  -1.8793337e-01  -3.5627175e-03  -4.7789840e-05  -3.7570785e-04
   2.2403246e-02   2.8256538e-02  -3.2833335e-02  -2.4736975e-03  -6.5568967e-04  -7.1518868e-04
   2.4924945e-02   5.2033711e-02  -1.6676582e-01  -4.4408264e-03  -5.7059298e-04  -1.2867293e-04
  -1.3425266e-01   1.5290096e-02   5.7711591e-01   1.0002960e-02   4.9863895e-03   3.3525553e-03
  -9.0874594e-02   3.5816676e-02  -4.6826061e-01  -4.3551796e-03   2.0558274e-03   1.2682568e-03
  -7.0585532e-02   1.6076843e-02  -4.7099622e-01  -5.3822862e-03   1.3167637e-03   7.6275057e-04
  -9.3648835e-02   1.4452194e-02  -4.7503419e-01  -4.2379454e-03   3.8459708e-03   1.3165877e-03
  -6.7954570e-02   2.0526045e-02  -5.3463526e-01  -5.6556747e-03   1.9717775e-03   1.1426223e-03
  -7.0045861e-02   5.0284458e-04  -5.3240502e-01  -5.7898467e-03   2.0792831e-03   1.3059294e-03
  -1.9118377e-01   1.6166258e-01  -5.2950288e-01  -1.4022689e-02   4.7140263e-03   3.3773056e-03
  -3.5505243e-02  -7.0395745e-02   1.4836622e+00   1.0629671e-02   2.4384417e-03   1.4807948e-03
  -2.2460416e-01  -1.8987662e-02   1.4969038e-01  -8.7810355e-03   2.0432962e-03   6.6393289e-03
  -1.7905798e-01   2.7564076e-01  -5.8256420e-01  -2.0457922e-02   3.0728513e-03   4.8256443e-03
  -2.6135559e-01   2.5777363e-01  -1.6196508e-02  -1.7686991e-02   7.1998561e-03   6.8174101e-03
  -1.8569573e-01   1.1781191e-01  -8.0739948e-01  -2.7157195e-02  -2.5699689e-03   4.1802561e-03
  -2.2292030e-01   1.5657968e-01  -3.9511033e-01  -2.3259293e-02   1.8158356e-03   6.3262896e-03
  -1.3618440e-01   1.6731098e-01  -6.2042174e-03  -1.3971678e-02   2.1893693e-03   4.6665821e-03
  -1.1611313e-01   7.0754479e-02  -3.1646882e-01  -2.1638702e-02  -1.4888739e-03   3.2584077e-03
  -2.2256914e-01  -4.1535463e-02   1.4404012e+00  -1.5234049e-02   2.9178921e-03   4.7489166e-03
  -2.5986427e-01   1.3456246e-01   2.9966487e-01  -8.9189936e-03   4.2486024e-03   6.8709086e-03
  -9.1757947e-02   9.3291377e-02   3.7828759e-01  -1.3187535e-02   5.5496920e-03   3.8554711e-03
  -9.5944832e-02   2.0022218e-01   9.2656680e-01  -1.1663669e-03   2.3185612e-03   1.1777640e-03
  -1.7583315e-01  -5.2640994e-02   1.3793801e+00   7.5203076e-04  -6.9807310e-03   3.3945733e-03
  -2.5104195e-01   2.5125023e-01   3.1785661e-01  -1.3498677e-02   6.0875682e-03   8.2001246e-03
  -1.7881057e-01   2.3389665e-01  -4.7650352e-01  -1.7936473e-02   2.9842688e-03   8.1947151e-03
  -1.4426736e-01   2.1914359e-01  -6.4067427e-01  -2.0616682e-02   1.8504537e-03   7.6022067e-03
  -1.6314625e-01   5.7565323e-02  -5.9504803e-01  -2.1204716e-02   1.6635363e-03   6.7229140e-03
  -7.6536943e-02   1.7750441e-01  -1.1691897e+00  -2.3945390e-02  -9.8198148e-05   5.1538774e-03
  -7.4694796e-02   1.2632672e-01  -1.3055285e+00  -2.6345321e-02  -1.3880938e-03   5.8506279e-03
  -1.1105792e-01   1.3354256e-01  -1.2130335e+00  -2.5283247e-02   1.7492298e-03   6.0550361e-03
  -1.1764212e-01   1.4219681e-01  -1.2852160e+00  -2.7398729e-02   3.6555798e-03   5.1806834e-03
  -2.2019252e-02   1.2883905e-01  -1.5982198e+00  -2.9098879e-02  -2.8901219e-03   3.3513733e-03
   5.0570538e-03   1.8953894e-01  -4.9954562e-01  -1.8491096e-02  -4.5746074e-03   3.2886210e-03
  -1.4985278e-01  -2.1603258e-01   1.3476482e+00  -2.1164837e-02   3.4071351e-03   4.0598021e-03
  -1.8243499e-01   1.2429651e-01   1.2057022e+00  -6.8744937e-03  -3.3394193e-03   5.1021249e-03
  -7.1364635e-02   5.3079023e-02   1.1732832e+00  -9.3887219e-03  -1.0433253e-03   3.6443752e-03
  -7.0573480e-02   5.4183272e-02   1.1086917e+00  -1.0636015e-02  -7.4084958e-04   4.0415498e-03
  -9.0178726e-02   3.3554821e-02   1.1085221e+00  -1.1432327e-02   7.1239848e-04   4.0073722e-03
  -6.0399521e-02   2.6712369e-02   1.0958267e+00  -1.0644587e-02  -2.0207715e-04   4.2127096e-03
  -5.2811958e-02   1.8714002e-02   1.1413895e+00  -7.7752800e-03   3.2520954e-03   4.0673269e-03
  -4.5162790e-02  -8.6823629e-03   1.2862130e+00  -6.5470127e-03   3.1046144e-03   3.8802870e-03
  -6.5073837e-02   1.0767956e-03   1.3088633e+00  -7.1118284e-03   3.5336272e-03   4.3740551e-03
  -5.2278805e-02  -1.9179229e-02   1.2619285e+00  -7.6219925e-03   4.0762380e-03   3.6095204e-03
  -7.8306575e-02   1.8382002e-01   1.3016557e+00  -1.5798088e-02   4.0376374e-03   6.9986521e-03
   3.1558741e-02   7.6694888e-02   2.9429095e-01  -1.5563556e-02  -3.7245357e-03   2.5815181e-03
   4.4725688e-03   1.2124526e-01   4.2881491e-01  -1.7241116e-02  -6.1489092e-03   2.2161157e-03
  -1.4138543e-02   1.0830106e-01   4.7981106e-01  -1.7925065e-02  -5.2943652e-03   2.8314535e-03
  -3.9107483e-03   8.2521132e-02   3.8817804e-01  -1.8156009e-02   1.9576969e-03   3.1643713e-03
   1.3170867e-02   5.7324313e-02   3.9229375e-01  -1.7523785e-02   1.1930545e-03   2.4624096e-03
  -2.7243280e-02   9.3376089e-02   2.7116328e-01  -1.6941936e-02   3.6080190e-03   3.4229482e-03
  -2.3617676e-02   7.1967451e-02   2.2434291e-01  -1.9380892e-02   2.0664066e-03   2.6186577e-03
  -1.3675643e-02   6.2910152e-02   3.2545737e-01  -1.6911244e-02   1.1730398e-03   2.8764847e-03
   5.8208762e-03   6.4645487e-02   2.9911026e-01  -1.6959533e-02   9.3783705e-04   2.1897137e-03
   1.6360373e-02   5.0587657e-02   3.4810439e-01  -1.6151318e-02  -8.6582364e-04   1.6890261e-03
  -2.0318243e-02   1.2346077e-01   4.8386016e-01  -1.3858861e-02  -5.1122292e-05   3.4161282e-03
  -9.4915345e-03   1.2062122e-01   4.1020950e-01  -1.7211798e-02   7.1641124e-04   2.4427961e-03
  -5.3586395e-03   1.1468952e-01   5.2754153e-01  -1.6325556e-02   3.5444615e-04   2.4380707e-03
  -4.2033150e-02   9.4495117e-02   3.5987039e-01  -1.5558042e-02   3.9927581e-03   3.1943188e-03
  -2.2466972e-03   9.0438559e-02   3.1546546e-01  -1.6525901e-02   3.2555173e-03   2.4296834e-03
  -3.2940784e-02   7.0707139e-02   2.6862794e-01  -1.7366731e-02   3.4965396e-03   3.4958702e-03
  -2.2978891e-02   5.5829292e-02   2.1477919e-01  -1.8847049e-02   2.8904804e-03   2.8193052e-03
  -6.7048065e-03   9.9389448e-02   2.5433023e-01  -1.8582624e-02   2.7443875e-03   3.1978595e-03
  -3.1970732e-02  -5.4023267e-02   4.3830990e-01  -1.6854957e-02   7.4458110e-03   3.9000816e-03
  -1.5439226e-01   8.2516483e-02   2.5531782e-01  -1.3415557e-02   5.5016390e-03   5.0605395e-03
  -1.3510323e-01   7.2626686e-02   3.0108134e-01  -1.4818670e-02   4.8197434e-03   4.1840586e-03
  -7.8456096e-02   2.0265306e-02   3.8162183e-01  -1.2808174e-02   5.7283211e-03   3.3035469e-03
  -5.7995555e-02   6.1345385e-02   5.4000932e-01  -1.2196056e-02  -2.0629289e-03   3.7466459e-03
  -7.6911404e-02   8.3549225e-02   4.8816607e-01  -1.2428726e-02  -2.1313879e-03   4.2620114e-03
  -1.2099477e-01   9.6936065e-02   5.5626465e-01  -1.3175558e-02  -7.3750375e-05   4.8956832e-03
  -1.7682736e-01   6.0770683e-02   1.2468555e+00   3.2836835e-03   7.0730732e-03   5.3144668e-03
  -1.0054909e-01   5.9577073e-02   5.5065061e-01  -1.0422399e-02   6.2745383e-04   4.5554491e-03
  -7.4024501e-02  -5.6055718e-02   5.9184679e-01  -1.1181576e-02   4.6175630e-04   4.4499922e-03
  -8.0907901e-02   4.1436831e-02   1.8047527e+00   8.3543674e-03  -4.8509620e-04   3.0120512e-03
  -7.2256363e-02   4.2338817e-02   1.3388100e+00  -2.5923988e-03  -3.4728611e-04   2.7702037e-03
  -5.3587412e-02   4.0558711e-02   1.3370479e+00  -3.8389322e-03   1.3584891e-04   3.3701034e-03
  -6.2570505e-02   2.0193546e-02   1.2864994e+00  -2.5674510e-03  -2.4185026e-04   2.3667029e-03
  -5.4771247e-02   1.5435277e-02   1.2482213e+00  -3.6759475e-03  -6.1384148e-04   1.7023473e-03
  -4.2514682e-02  -4.1770021e-04   1.1962980e+00  -3.1270331e-03  -2.9819037e-03   2.2860656e-03
  -3.9377525e-02   3.6347612e-02   1.2371067e+00  -4.1797348e-03  -5.7137987e-03   2.5638851e-03
  -4.3047220e-02  -5.7766627e-03   1.2495456e+00  -5.0671102e-03  -4.7695208e-03   3.0017402e-03
  -9.2883648e-02   1.2999688e-02   1.2509220e+00  -3.7331924e-03  -2.9574389e-03   5.1967655e-03
  -1.0626417e-01   4.9316965e-02   1.1205592e+00  -3.4323678e-03   2.9176579e-03   4.1875299e-03
  -1.0757590e-01   4.3256337e-03   1.0760027e+00  -8.9315975e-03   1.4577848e-03   5.0131529e-03
  -2.7314551e-02   3.6931182e-02   1.2381546e+00  -1.3294561e-03  -5.1731916e-04   2.4305676e-03
  -4.3200346e-02   4.3626155e-02   1.0436345e+00  -4.7293434e-03   8.5278280e-05   2.6937443e-03
  -4.2431877e-02   3.2880365e-04   1.5544449e+00   5.7701941e-03   3.5113914e-03   2.9380377e-03
  -3.5504002e-02   3.9219851e-02   8.8216750e-01  -4.8230210e-03   3.5825405e-04   2.6052538e-03
  -7.5602625e-03  -1.0676898e-03   7.3087054e-01  -5.4371773e-03  -1.8755523e-04   2.5162029e-03
  -4.4392067e-02   3.7360357e-03   9.1570355e-01  -4.1599399e-03   1.7239659e-03   2.4764047e-03
  -4.0502990e-02   1.1251836e-02   9.8400276e-01  -5.4153401e-03  -4.7412436e-03   3.0150252e-03
  -4.1396529e-02  -1.3394094e-02   1.0136354e+00  -5.4510079e-03  -4.4291908e-03   3.2613952e-03
  -3.8703560e-02   1.6862818e-03   1.0242040e+00  -6.7111765e-03  -2.7790860e-03   2.7861097e-03
  -3.0735643e-02   3.9694845e-02   1.0839658e+00  -5.9481461e-03  -3.2638865e-03   2.6492239e-03
  -3.0909384e-02   2.7559380e-02   1.0226586e+00  -6.6568843e-03  -3.1353532e-03   2.5329384e-03
  -3.8440840e-02   1.6786163e-02   9.7335539e-01  -2.8512329e-03   5.4735072e-04   2.6091316e-03
  -3.0548196e-02   1.6273310e-02   8.9143547e-01  -5.9944592e-03   4.1224847e-04   2.4079226e-03
  -2.9501374e-02   9.6362269e-03   8.6555333e-01  -5.5172455e-03   5.1860023e-05   2.3493938e-03
  -5.3177265e-02  -4.6187851e-02   8.5924436e-01  -1.8141802e-03   5.1716530e-04   3.2556516e-03
  -5.5991712e-02   2.8417478e-02   5.7645188e-01  -8.8262738e-03   2.4195840e-03   2.3145685e-03
  -1.2385876e-01  -4.0541349e-03   1.1279791e+00   1.7940857e-03   3.5231721e-03   4.7763338e-03
  -1.1189937e-01   2.6914618e-02   7.2423005e-01  -7.0462549e-03   6.3012237e-04   4.0062186e-03
  -8.4130317e-02  -5.2321238e-04   7.6307670e-01  -7.3563703e-03   5.9841122e-04   3.2268138e-03
  -7.1630616e-02  -1.3884970e-02   1.9248919e+00   1.0165035e-02   4.2692216e-03   3.9403396e-03
  -1.1252516e-01   2.9285437e-03   1.0578684e+00  -2.4852939e-03   3.5271247e-03   3.9811614e-03
  -1.1036691e-01  -1.6494725e-01   1.1484121e+00   2.9405954e-03   3.2926238e-03   3.9929459e-03
  -1.4733845e-01  -6.9421328e-02  -5.4919547e-01  -1.7363459e-02  -4.8824327e-03   4.9972018e-03
  -2.4247052e-01  -2.2027160e-03  -4.7615151e-01  -1.5181539e-02  -3.7738880e-03   6.2182183e-03
  -1.8579336e-01   5.9337236e-03  -3.4865443e-01  -1.4302100e-02  -7.4420738e-03   4.8740863e-03
  -7.2267151e-02  -1.1892102e-02   3.9580428e-01  -7.4127175e-03  -1.0067842e-03   2.8922051e-03
  -1.3621404e-01  -1.3708765e-02   4.1841409e-01  -6.1813102e-03  -6.2841617e-03   3.2632058e-03
  -1.6961007e-01  -2.5567456e-02   3.4215657e-01   1.1798927e-03  -4.7407800e-03   4.1328540e-03
  -1.4610941e-01  -4.0284894e-02  -6.8385769e-02  -5.3449647e-03  -9.0203952e-04   3.5084994e-03
  -8.4008464e-02  -2.7559119e-02   3.7590646e-01  -1.9209394e-03  -5.3478398e-03   2.4327258e-03
  -8.6627057e-02  -5.3608548e-02   4.9529880e-01  -2.8023007e-03  -5.3282142e-03   2.1668698e-03
  -9.4608368e-02  -1.0835288e-02   4.9039788e-01  -3.6682229e-03  -6.1724264e-03   2.3069106e-03
  -7.8999203e-02  -4.3951331e-02   7.8600018e-01   3.3070831e-03  -6.9694946e-03   2.6248541e-03
  -7.4832308e-02  -3.4203083e-02   5.6301838e-01   2.9614512e-04  -7.3661047e-03   2.3856501e-03
  -6.7107351e-02  -7.6982463e-02   5.5161682e-01  -2.8176874e-03  -5.0206929e-03   3.0011200e-03
  -1.0153429e-01  -3.8754760e-02   6.3341849e-01   1.5820519e-03  -6.5181472e-03   2.6403678e-03
  -8.8824685e-02  -4.1929636e-02   6.2206440e-01  -9.4878259e-04  -7.4905011e-03   2.0023339e-03
  -1.1324694e-01  -1.1764058e-01   6.9501049e-01   5.1502476e-03  -4.4493926e-03   2.9538529e-03
  -9.2451208e-02  -1.7572258e-02   1.5269791e-01  -4.1521048e-03  -3.8971575e-03   1.9205575e-03
  -6.8860827e-02  -3.1380810e-02   1.4384067e-01  -5.4593910e-03  -5.1216036e-03   1.1401898e-03
  -3.4242345e-02  -3.5679268e-02   3.0753247e-01  -4.7776703e-03  -8.7843238e-03   5.5202159e-04
  -5.7447434e-02  -1.6322854e-02   3.5158569e-01  -4.6933424e-03  -9.3370239e-03   9.9370164e-04
  -9.3202278e-02  -1.2046005e-02   4.8614039e-01  -2.0917660e-03  -5.9847597e-03   1.7423489e-03
  -7.5652009e-02  -1.6257949e-02   4.4304004e-01  -2.7013032e-03  -7.4016815e-03   1.4091483e-03
  -9.5461143e-02  -6.1136113e-02   7.6610150e-01   3.3959716e-03  -5.6549966e-03   1.8625030e-03
  -8.4296163e-02  -4.4663642e-02   3.5763940e-01  -3.1160574e-03  -8.5861402e-03   1.9811022e-03
  -1.0475490e-01  -5.0566564e-02   3.8934160e-01  -3.7515666e-03  -8.5463105e-03   2.5382115e-03
  -1.0557328e-01  -3.7145346e-02   3.7646011e-01  -3.0473696e-03  -8.3661444e-03   2.8182691e-03
  -8.4800861e-02   2.8461002e-03   3.9618966e-01  -2.2171919e-03  -8.8369315e-03   2.3823502e-03
  -9.1993127e-02  -6.8129918e-03   3.3904498e-01  -3.1522621e-03  -8.8984890e-03   2.5765647e-03
  -5.2972001e-02  -1.0385774e-01   3.0961260e-01   6.3032893e-03  -3.3775963e-03   2.0226277e-03
  -9.4024901e-02  -3.3516255e-02  -4.3359662e-01  -8.6514285e-03  -2.3105299e-03   1.9849619e-03
  -4.3716837e-02  -2.5265581e-02  -2.4776478e-01  -9.4196275e-03  -5.3025481e-03   9.7898149e-04
  -4.4259762e-02  -1.5913994e-02  -1.6887873e-01  -9.2724220e-03  -5.9566088e-03   8.9104140e-04
  -8.3743708e-02  -1.2388857e-01  -8.9509677e-02  -5.9980049e-03   1.3996277e-03   2.5242626e-03
  -1.4320324e-01  -6.8558637e-02   4.5971060e-01  -4.2270599e-03   1.4370250e-04   3.9980376e-03
  -1.4896623e-01  -5.0368629e-02   2.9584773e-01  -3.6029675e-03  -3.8401662e-03   3.4992638e-03
  -1.0955309e-01  -4.2919008e-02   2.8438690e-01  -2.7197670e-03  -5.9305309e-03   2.8135166e-03
  -9.7130741e-02  -1.2698929e-01   5.9254813e-01   1.3995430e-03  -3.1716263e-03   2.3197541e-03
  -1.0644087e-01  -4.4268109e-02   2.2757720e-01  -8.3285652e-04  -4.0535322e-03   1.5419363e-03
  -7.0182633e-02  -5.2468182e-02   1.7849027e-01  -2.5538436e-03  -4.6480435e-03   6.3436964e-04
  -1.0582730e-01  -4.4191579e-03   9.4073240e-02  -3.0347512e-03  -3.1699624e-03   1.6205482e-03
  -8.8709819e-02  -1.5130604e-03   1.2973915e-01  -4.4922439e-03  -4.2954709e-03   9.5765374e-04
  -7.6471706e-02  -2.0516981e-02   1.5393422e-01  -4.1372520e-03  -5.0140394e-03   8.4538671e-04
  -7.8381633e-02  -8.6732324e-02   1.6728791e-01  -5.3947427e-03  -7.9615872e-03   9.1354112e-04
  -5.5612981e-02   1.6638809e-02   5.0262779e-01  -3.9702225e-03  -1.0194413e-02   1.6015016e-03
  -6.8423754e-02   2.5280724e-02   5.7718656e-01  -3.5447955e-03  -1.0173814e-02   2.5654865e-03
  -9.5592983e-02  -7.2870623e-02   7.9988969e-01   6.7707688e-03  -9.0348667e-03   2.5090796e-03
  -7.6896164e-02  -5.2692208e-02   5.2418453e-01  -1.3156057e-03  -9.6395550e-03   1.8376498e-03
  -8.2549188e-02  -1.3230963e-01   8.0220059e-01   6.1087044e-03  -4.3683743e-03   2.0525707e-03
  -8.8468877e-02  -1.1723899e-01   4.3928717e-01   7.2590633e-04  -8.7370095e-03   1.9685380e-03
  -6.0382992e-02  -1.1646924e-01   5.4034368e-01   2.0591725e-03  -9.3644920e-03   1.4593648e-03
  -8.6500189e-02  -1.2546458e-01   7.8864465e-01   8.7005698e-03  -2.2364963e-03   2.2036169e-03
  -8.1685549e-02  -1.2046644e-01   5.7144356e-01   3.2335214e-03  -6.0477397e-03   1.7474364e-03
  -9.0454712e-02  -1.3027149e-01   5.2485617e-01   2.0997834e-03  -6.1103997e-03   1.8599704e-03
  -6.6740901e-02   2.7738979e-02   4.1876758e-01   5.8073634e-03  -1.8808286e-03   2.1674064e-03
  -1.0014726e-01  -1.9612536e-02  -1.3905617e-01  -5.5537450e-03  -7.7822594e-03   1.7613358e-03
  -9.0062552e-02  -2.7266089e-02  -1.4349774e-01  -6.8102881e-03  -8.1730780e-03   1.5147173e-03
  -1.1205724e-01  -6.0349621e-02   7.9100059e-01   9.1425820e-03  -4.8613392e-03   2.1048280e-03
  -1.0698500e-01  -1.8570537e-02   1.0690036e-01  -2.4538046e-03  -8.1271932e-03   2.2182425e-03
  -9.0298591e-02  -5.9786698e-02   7.1241440e-01   3.0949649e-03  -5.2426434e-03   2.2013694e-03
  -9.6362883e-02  -5.4286233e-02   3.8672746e-01   1.8044424e-03  -9.2658795e-03   2.2581611e-03
  -9.5705934e-02  -1.2665914e-01   3.2233932e-01   3.5524611e-03  -6.0920355e-03   2.9504039e-03
  -6.7685886e-02  -9.7416482e-02   3.7023573e-01   6.4927443e-03  -8.5872142e-03   8.5393371e-04
  -6.1452873e-02  -1.3031368e-02   7.3811462e-02  -1.8255919e-03  -6.6904799e-03   2.9468742e-04
  -4.5951054e-02  -4.7157045e-02   2.4362715e-01  -6.7568722e-04  -6.5748022e-03   3.0781628e-04
  -5.3399101e-02   1.3079963e-02   2.1041372e-01   8.3837899e-04  -6.4211965e-03   1.9820939e-03
  -8.8223530e-02  -6.3145069e-02   3.8241002e-01   3.9986814e-03  -5.9490159e-03   1.5527462e-03
  -6.3923396e-02  -7.1167887e-02   3.9387580e-01   8.1867857e-04  -7.4871144e-03   7.5760372e-04
  -8.0722911e-02  -6.4939822e-02   3.9550341e-01   3.6084308e-04  -7.1302358e-03   8.3374101e-04
  -8.4487989e-02  -4.2922319e-02   4.0392494e-01   7.7348953e-04  -6.9372091e-03   1.2351756e-03
  -9.5719119e-02  -3.9710723e-02   3.2962250e-01   2.4902991e-03  -7.2203926e-03   2.6340371e-03
  -8.2498855e-02  -5.1483008e-02   2.2433050e-01  -5.1284788e-04  -6.6131760e-03   1.3361682e-03
  -8.7425303e-02  -9.5039362e-04   1.9970572e-01  -2.8514053e-03  -5.9525833e-03   3.4752886e-03
  -4.2634348e-02  -5.9839843e-02  -1.5785854e-01   5.0200186e-04  -2.0639631e-03   1.5122197e-03
  -2.8888531e-02  -5.2205693e-02  -7.9634048e-02  -1.0250982e-03  -1.5533870e-03   7.2501672e-04
  -3.7878347e-02  -8.7216408e-02   3.7725954e-04   9.9466109e-05  -1.0604171e-03   9.2443624e-04
  -5.7208554e-02  -9.5064294e-02   3.5301294e-01   1.4195177e-03  -3.9406382e-03   1.1541133e-03
  -9.8889478e-02  -1.4060609e-02  -1.6599100e-01  -4.2807374e-03  -7.6370731e-03   1.3946089e-03
  -6.8362521e-02  -5.1600974e-02   1.4348951e-03  -1.4415240e-03  -8.3111464e-03   1.3855517e-03
  -6.0772255e-02  -3.6638986e-02   3.6531140e-02  -3.3786946e-03  -9.0642697e-03   6.1620082e-04
  -5.8602772e-02  -5.9088594e-02   1.0957811e-01  -2.5785805e-03  -8.8150982e-03   3.5165855e-04
  -4.7491394e-02  -5.8623118e-02   1.1648201e-01  -2.6556495e-03  -9.1632534e-03   3.9248122e-04
  -8.0383506e-02  -3.7123172e-02   1.6051372e-01  -1.7889923e-03  -8.4524283e-03   1.2219913e-03
  -1.5590075e-01  -1.1714957e-01   3.0011928e-01  -2.1089131e-03  -1.5217123e-03   2.4727049e-03
  -9.9217668e-02  -5.3748958e-02   2.8126870e-01  -1.2454899e-03  -6.2176011e-03   1.0782709e-03
  -8.0898891e-02  -4.1198376e-02   2.1452577e-01  -2.8628846e-03  -5.7810559e-03   9.3850971e-04
  -1.4439871e-01  -1.3350828e-01   6.4676494e-01   1.5170137e-02  -7.8809390e-04   2.8365438e-03
  -9.6373003e-02  -1.1175873e-01   9.6730291e-03  -6.1312355e-03  -1.5845781e-03   1.5984170e-03
  -7.4481047e-02  -9.1340411e-02   3.9875757e-01   7.2182435e-04  -7.1158761e-03   2.6396605e-04
  -7.0429080e-02  -6.1321629e-02   2.2795275e-01  -2.2196230e-03  -6.6904194e-03   1.5837955e-04
  -7.6810773e-02  -1.7709174e-01   5.5101384e-01  -1.6519914e-03  -8.0608910e-03   4.4509509e-04
  -1.0414790e-01  -6.1729101e-02   8.0015383e-01   8.2012431e-03  -1.0572810e-02   2.0905078e-03
  -1.0198921e-01  -8.6283537e-02   3.0672952e-01  -4.0228358e-03  -9.4907225e-03   1.9128763e-03
  -8.4008226e-02  -7.6697176e-02   3.3396471e-01  -4.0045756e-03  -8.8484895e-03   1.6175035e-03
  -1.0895137e-01  -5.9379479e-02   2.3979681e-01   1.6740853e-04  -7.3117993e-03   4.0783483e-03
  -9.9147267e-02  -4.5255443e-02   6.1731772e-01   5.1548172e-03  -5.4497115e-03   2.3793201e-03
  -9.3190146e-02  -8.3125148e-02   5.3035834e-01   2.5529362e-04  -5.1410330e-03   1.7864039e-03
  -7.9135048e-02  -1.4233870e-01   5.9928030e-01   6.1711671e-03  -3.0929926e-03   3.4813797e-03
  -1.2411200e-01  -6.5314197e-02   3.8935611e-01   6.5567309e-03  -3.6150195e-03   3.1240323e-03
  -1.1120670e-01  -1.0602024e-01   4.3848532e-01   5.0524932e-03  -4.1353541e-03   2.5307270e-03
  -6.9727039e-02  -4.1415185e-02   5.7407096e-01   8.7322629e-03  -3.8894425e-03   2.0659916e-03
  -2.4724031e-01   2.1270583e-01   5.6774982e-01  -1.8514579e-03   3.1700517e-03   7.9957424e-04
  -8.2940118e-02  -5.9393546e-02   5.2301803e-01   5.4634699e-03  -4.9588237e-03   2.1739278e-03
  -7.4973613e-02  -5.2314971e-02   4.9237948e-01   3.6265034e-03  -6.1008376e-03   1.9463350e-03
  -6.6099299e-02  -7.0301034e-02   5.4534167e-01   4.4399175e-03  -5.9994099e-03   1.7896024e-03
  -1.2543304e-01  -9.4645719e-02   8.7416914e-01   1.2312322e-02  -1.7697347e-03   2.2358720e-03
  -9.9969594e-02  -4.5483812e-02   4.8587683e-01   1.9127884e-03  -4.9811700e-03   1.5479744e-03
  -1.0860364e-01  -7.7425177e-02   5.1260878e-01   4.4282795e-03  -5.1474714e-03   2.5636922e-03
  -1.2691859e-01  -1.1638085e-01   4.0197512e-01   1.0290345e-02  -3.5547124e-03   3.8957084e-03
  -1.5578012e-01  -9.4130202e-02   1.5836905e-01   2.9365461e-03  -3.3457816e-03   3.3198589e-03
  -1.0968448e-01  -1.0071882e-01   1.7425386e-01   1.8372665e-03  -5.3376072e-03   3.0707343e-03
  -6.8507741e-02  -7.2635453e-02   5.4179036e-01   4.9060609e-03  -6.1132069e-03   1.7952034e-03
  -7.9144313e-02  -9.8502898e-02   5.9868130e-01   8.0688626e-03  -6.8072886e-03   2.0013480e-03
  -6.3253573e-02  -7.0234556e-02   5.2284134e-01   3.6210656e-03  -7.6984265e-03   1.7625926e-03
  -6.1534033e-02  -7.0740994e-02   5.7747704e-01   3.9105309e-03  -9.0918830e-03   1.2210847e-03
  -1.1409061e-01  -1.4781934e-01   7.9557178e-01   7.6913523e-03  -1.4104625e-03   2.5132949e-03
  -1.1069167e-01  -1.0720825e-01   2.8179152e-01   2.1230748e-03  -4.1807781e-03   2.2869658e-03
  -9.4074326e-02  -1.2141845e-01   3.8494128e-02   6.7074260e-04  -6.1957947e-03   2.5548924e-03
  -6.9807067e-02  -8.4474042e-02  -3.2236798e-02  -8.3919652e-04  -6.9085097e-03   2.0720255e-03
  -7.4538153e-02  -5.3098253e-02   5.2026647e-02  -1.1654993e-03  -6.2397097e-03   1.8188284e-03
  -7.7239509e-02  -1.0492476e-01   2.5591147e-01   5.8621334e-03  -5.9000983e-03   2.3084618e-03
  -6.8976169e-02  -7.0656065e-02   1.2927260e-01   2.2644552e-03  -6.4183209e-03   2.3862651e-03
  -5.7770691e-02  -7.5848788e-02   1.0383282e-01   1.4734854e-03  -6.4206469e-03   2.0091661e-03
  -7.0013212e-02  -5.6151432e-02   7.2502382e-02   1.1130048e-03  -5.9591321e-03   1.6044795e-03
  -8.7179854e-02  -8.5767162e-02   8.3701456e-02   2.4845362e-03  -4.6826676e-03   2.5426658e-03
  -7.6824768e-02  -9.0717979e-02   8.0591551e-02   3.2111400e-03  -5.8244299e-03   2.2557845e-03
  -3.0866661e-01  -9.3192023e-02   7.2323903e-01   2.3709616e-03  -4.0537736e-03   7.8564715e-03
  -3.6362215e-01   6.6507713e-02  -9.0073472e-01  -1.6738153e-02   9.5430964e-03   6.8730210e-03
  -2.9689036e-01   6.6916664e-02  -1.1908258e+00  -2.0032766e-02   1.6486337e-03   5.8327762e-03
  -2.3737181e-01   1.0389691e-02  -7.2149638e-01  -1.5146462e-02  -5.6786936e-04   4.1891166e-03
  -2.3169115e-01  -3.6421258e-02  -5.9466379e-01  -1.1570722e-02   6.7347110e-04   4.3599515e-03
  -2.1948552e-01  -1.5312403e-02  -5.1139601e-01  -1.0430729e-02  -5.9492049e-04   3.6415648e-03
  -1.8429016e-01  -4.2015163e-02  -3.4414305e-01  -7.5280153e-03   3.2112677e-04   2.7665411e-03
  -2.1822414e-01  -3.5225310e-02  -3.1697391e-01  -6.9452196e-03  -1.7255311e-04   3.6192153e-03
  -1.4271474e-01  -1.4174608e-01   3.8252707e-01  -1.7073041e-02   6.5135598e-03   2.3713555e-03
  -2.3412479e-01   3.3083309e-02  -1.9321368e-01  -2.9875808e-03   4.4696724e-03   4.5203263e-03
  -1.8687056e-01  -6.2419229e-02   1.0665442e-02  -2.1920834e-03   2.5069639e-03   3.5567711e-03
  -1.6139468e-01  -6.9202554e-02   5.8975874e-01   4.1815914e-03  -5.1571571e-04   2.9819176e-03
  -1.6151369e-01  -7.1329863e-02   6.0849757e-01   5.4441464e-03  -7.9530691e-04   2.6071479e-03
  -1.2854485e-01  -8.6408854e-02   6.2017940e-01   5.4907386e-03  -9.9728605e-05   2.2979607e-03
  -1.5336022e-01  -7.9297609e-02   5.4063143e-01   6.1416868e-03  -1.6952974e-04   2.7918345e-03
  -1.4599542e-01  -7.7335300e-02   3.7231892e-01   4.4111202e-03   1.2442759e-03   2.4759551e-03
  -1.5707331e-01  -6.6616927e-02   3.6274559e-01   3.3080250e-03   2.5996159e-04   2.4364276e-03
  -1.5318711e-01  -4.6146979e-02   3.7077316e-01   3.5673929e-03   1.7055504e-04   2.7375088e-03
  -1.4049031e-01  -6.6254968e-02   3.3600408e-01   3.4757766e-03  -1.7128134e-04   2.3479409e-03
  -1.2830932e-01  -6.3164044e-02   3.2508603e-01   3.2369595e-03  -4.8856355e-04   1.9903180e-03
  -1.4091002e-01  -5.2936104e-02   2.6170517e-01   3.9205550e-03   4.4673644e-04   2.4649396e-03
  -1.6574669e-01  -6.7064887e-02   3.1121366e-01   3.9301925e-03  -2.8498660e-04   3.2470654e-03
  -1.1555308e-01  -1.5116473e-01   8.3905499e-01  -1.3116878e-04  -2.4449037e-03   1.3301894e-03
  -1.2833054e-01  -6.6085188e-02   2.0679958e-01   3.1165454e-03  -2.4131247e-03   1.8466529e-03
  -1.1850742e-01  -5.1353518e-02   7.2092557e-02  -1.1230723e-03  -2.0805160e-03   1.7018220e-03
  -9.6781025e-02  -5.8360971e-02   1.0280680e-01  -7.3109930e-04  -1.9205371e-03   1.3167587e-03
  -8.6195772e-02  -5.2688142e-02   6.0918839e-02  -1.1226159e-03  -2.2842617e-03   1.1061283e-03
  -1.1111579e-01  -6.7053512e-02   2.6158460e-02  -6.4601284e-04  -1.8030847e-03   2.2819113e-03
  -1.0818381e-01  -6.2035043e-02  -7.2870310e-02  -1.6990773e-03  -7.2899736e-04   1.5481917e-03
  -1.2564933e-01  -1.0939440e-01  -4.1086455e-02  -5.8364851e-04  -5.1290902e-04   1.6412846e-03
  -1.5547357e-01  -3.9960029e-02  -1.4391870e-01  -1.7264099e-03   3.6481913e-03   1.7103128e-03
  -4.0137996e-01   2.4424377e-01  -6.7247101e-01  -1.4620160e-02   1.6091365e-02   4.6262793e-03
  -7.5992132e-02  -3.5024318e-04  -3.1441921e-01  -7.7887576e-03   7.2055056e-03   1.9150078e-03
  -6.7963918e-02  -1.0235450e-02  -3.4008943e-01  -2.9921982e-03   5.8729690e-03   9.1205921e-04
  -5.0183090e-02  -6.0674765e-02  -3.2832867e-01  -4.5883172e-03   2.9494317e-03   3.2593857e-04
  -2.0700281e-01  -1.4303612e-02  -2.7096933e-01   2.4177600e-03   9.0083521e-03   2.5192642e-03
  -1.2500429e-01   2.6265337e-02  -6.5843234e-01  -7.1152034e-03   2.2864324e-03   1.4034741e-03
  -9.6191801e-02  -9.0301398e-02   3.8502614e-01   9.8384332e-04   7.0190054e-03   1.9388982e-03
  -1.5568176e-01  -3.3648875e-02  -1.2492965e-01   3.2323387e-03   6.6638480e-03   1.9435606e-03
  -1.1418304e-01  -1.2300142e-01  -1.6467488e-01   1.3448454e-03   4.6469168e-03   1.9280108e-03
  -1.2370859e-01  -1.0014454e-01   7.0046266e-02   3.8432315e-03   2.9633546e-03   1.6417458e-03
  -1.0349176e-01  -8.5807845e-02  -1.6955732e-02   1.7933679e-03   2.0767825e-03   1.3425390e-03
  -9.1871223e-02  -7.6546177e-02  -1.5508415e-01   4.0519545e-03   2.9231328e-03   1.6404555e-03
  -1.0505470e-01  -5.8396067e-02  -1.0429193e-01   2.0520641e-03   2.2529736e-03   1.4861753e-03
  -8.5660281e-02  -4.9329493e-02  -9.4764700e-02   4.8784809e-04   2.1710369e-03   1.1359405e-03
  -8.7299206e-02  -1.7726789e-02  -1.6917984e-01   2.2166888e-03   2.1394093e-03   1.7074039e-03
  -9.5914118e-02  -2.8658512e-02  -2.1543122e-02   1.4055957e-03   2.0413078e-03   1.2767198e-03
  -9.1474722e-02  -5.2060911e-02   9.3295509e-03   1.0446046e-03   1.7358836e-03   1.0959784e-03
  -1.1680361e-01  -9.4180867e-02   6.0408938e-02   3.0935255e-03   4.8734398e-03   1.5574972e-03
  -8.4760824e-02  -6.2989865e-02  -7.3350379e-02  -4.0231268e-04   3.0874353e-03   1.4812212e-03
  -9.1124436e-02  -9.4987368e-02   2.5033091e-01   6.4138500e-03   4.6053680e-03   2.1370752e-03
  -1.0912486e-01  -1.0689636e-01  -2.2514930e-01   6.8685941e-04   2.9797621e-03   2.4906536e-03
  -6.9622887e-02  -7.0094939e-02  -2.6969667e-01   4.2862199e-03   1.5260216e-03   1.3335561e-03
  -5.8424556e-02  -7.0987619e-02  -3.1521483e-01   2.0073760e-03  -3.1002705e-04   1.2320902e-03
  -1.3022927e-01  -3.2707098e-03   1.6314238e+00   3.0274311e-02   3.0724043e-03   2.3745458e-03
  -2.0028866e-01  -1.2436974e-02  -2.2291031e-01   1.3397865e-03   3.4163025e-03   2.9476599e-03
  -1.5478555e-01  -2.7627993e-02  -2.0658726e-01   5.0098176e-04   8.0013571e-04   2.2927006e-03
  -1.3681833e-01  -2.5193433e-02  -2.2746492e-01   1.3087019e-03  -2.2457973e-04   2.1943622e-03
  -1.2739921e-01  -2.2779907e-02  -2.6329980e-01  -3.3494229e-04  -1.1735371e-03   2.2738887e-03
  -1.3895386e-01  -2.4071303e-02  -1.4071508e-01   1.4320400e-03  -2.0990017e-03   2.4038684e-03
  -1.3267026e-01  -3.5827706e-02  -1.3242083e-01   2.7075283e-03  -1.5238903e-03   2.4420323e-03
  -9.3033768e-02  -1.2504539e-01   5.3416767e-01   1.5872639e-02   5.7804415e-03   2.3025592e-03
  -1.0792308e-01  -1.3341407e-01  -5.0013875e-04   7.4589556e-03   3.5183947e-03   2.2997326e-03
  -8.8892505e-02  -1.2973504e-01   1.0004310e-01   7.7692769e-03   3.1794193e-03   2.2985791e-03
  -7.6184908e-02  -1.6997352e-01   2.0686545e-01   7.2735720e-03   3.1340346e-03   1.3091059e-03
  -1.3882099e-01  -8.3284565e-02   1.9167119e-01   1.0890838e-02   9.9660997e-03   2.0781294e-03
  -1.4379673e-01  -7.3429103e-02  -4.0293802e-01   1.2945938e-03   4.9620302e-03   2.1557781e-03
  -1.2204294e-01  -7.2141469e-02  -4.7366104e-01  -7.6040806e-04   4.0102303e-03   1.7605964e-03
  -9.8708649e-02  -8.2016124e-02  -4.2196827e-01   9.2520510e-04   2.1522602e-03   1.2469381e-03
  -1.0753138e-01  -8.6553438e-02  -3.5011908e-01   2.0383571e-03   9.0011102e-04   1.9387537e-03
  -1.1517388e-01  -7.5687761e-02  -2.0527940e-01   3.1689560e-03   7.2223505e-04   1.8346738e-03
  -1.0033395e-01  -7.2132828e-02  -1.6226250e-01   3.8712469e-03   1.1394357e-03   1.6579818e-03
  -1.8890630e-01   4.3002728e-01  -1.2205622e+00   1.7651567e-02   9.0282611e-03   5.1953433e-03
  -2.0146205e-01   9.3282467e-01  -1.0652023e+01  -5.3489938e-02   7.6932427e-03   8.9936856e-03
  -3.9544029e-01   2.9870519e-01  -4.6584141e+00  -4.0713315e-02   6.4738390e-03   1.0113384e-02
  -4.0950073e-01   4.7830187e-01  -4.1593947e+00  -3.8018720e-02   2.9231497e-02   3.9618127e-03
  -1.7140725e-01   1.9710778e-01  -3.6861785e+00  -1.3762791e-02   9.8125098e-03   4.0649790e-03
  -1.2986859e-01   1.0227501e-01  -3.4211730e+00  -1.5321055e-02   1.0707237e-02   2.7181596e-03
  -1.0537427e-01   1.4122208e-01  -3.5417768e+00  -1.6842228e-02   1.2515175e-02   2.5388069e-03
  -8.4491625e-02  -3.1520146e-03  -2.5324959e+00  -1.8300567e-02   1.7153466e-02   1.4946453e-03
  -4.9015758e-02  -4.2514817e-02  -2.3271258e+00  -8.2860832e-03   1.1730808e-02   1.4094389e-03
  -5.2909584e-02   1.4704988e-02  -2.0769847e+00  -6.1621091e-03   1.3335388e-02   9.8929651e-04
  -6.9099341e-03  -3.3953978e-02  -1.8276149e+00  -6.0731949e-03   1.2026294e-02  -8.3121851e-05
  -1.4972102e-02  -3.0597691e-03  -1.8382426e+00  -4.5978860e-03   1.1198749e-02   2.9767548e-04
  -4.9688265e-02  -3.3044995e-02  -1.8828739e+00  -4.1721913e-03   1.4809134e-02   6.0473506e-04
  -3.6607683e-02  -5.1744680e-02  -1.9699648e+00  -6.5723409e-03   1.3784094e-02   5.8338885e-04
  -2.7827734e-02  -3.6406533e-02  -1.9104428e+00  -6.4162771e-03   1.3974628e-02   1.3663186e-05
  -3.4915362e-02  -1.1729282e-01  -2.1213397e+00   5.4086607e-04   1.3797452e-02   1.8265192e-03
  -5.1655851e-02  -5.4669383e-02  -2.2507487e+00  -6.4032608e-03   1.2797662e-02   1.1174927e-03
  -3.2052141e-02  -4.2221147e-02  -2.2172217e+00  -7.1320751e-03   1.1531188e-02   1.1265690e-03
  -1.9204656e-02  -2.4393673e-02  -2.3572664e+00  -7.4817949e-03   1.0992911e-02   8.8491973e-04
  -3.3036703e-02  -4.7779064e-02  -2.2945808e+00  -5.8864399e-03   1.1400601e-02   1.4247368e-03
  -1.2158864e-01  -1.1831806e-01  -1.6384952e+00  -5.2571279e-04   1.9711028e-02   2.2968889e-03
  -1.4131720e-01  -2.4744650e-02  -2.3195299e+00  -6.2858872e-03   1.2390795e-02   2.4594862e-03
  -1.2306080e-01  -6.5508935e-02  -2.2496413e+00  -5.8493147e-03   1.2084220e-02   2.5804619e-03
  -1.3027716e-01  -4.7188292e-02  -2.2206499e+00  -5.6315623e-03   1.1386248e-02   2.2705556e-03
  -1.0658529e-01  -3.6707225e-02  -2.2111223e+00  -5.2271090e-03   1.0392514e-02   1.9610536e-03
  -9.5822282e-02  -5.2875052e-02  -2.2387394e+00  -5.9065897e-03   9.1343280e-03   1.7064150e-03
  -1.2050560e-01  -4.4645849e-02  -2.3081547e+00  -5.8313766e-03   9.4431601e-03   2.4509046e-03
  -1.2501339e-01  -4.6119335e-02  -2.3224412e+00  -6.5525219e-03   1.0066924e-02   2.0914134e-03
  -1.2763544e-01  -1.0973160e-01  -2.1158361e+00  -2.1860884e-03   1.4418752e-02   4.0623830e-03
  -1.2053393e-01  -4.8455145e-02  -2.5962382e+00  -4.7852072e-03   1.4392202e-02   2.8654265e-03
  -1.0055663e-01  -1.1677380e-01  -2.1225482e+00  -5.7287422e-03   2.0901044e-02   1.2812335e-03
  -9.3958826e-02  -7.3284443e-02  -2.2721652e+00  -4.9984179e-03   1.0257600e-02   1.3706386e-03
  -9.2157825e-02  -9.2493796e-02  -2.4106751e+00  -6.9165929e-03   9.5762652e-03   1.1187098e-03
  -7.8674404e-02  -8.0344631e-02  -2.3476481e+00  -6.0200141e-03   8.0260208e-03   6.7327747e-04
  -1.1631175e-01   3.1146386e-02  -2.4088396e+00  -1.0198478e-02   8.0815720e-03   2.7462350e-03
  -9.5314934e-02  -5.8727245e-02  -2.4355158e+00  -7.2323936e-03   9.8207153e-03   7.5793799e-04
  -1.1830191e-01   9.4888385e-04  -2.4687405e+00  -9.4012172e-03   9.8751778e-03   2.1047225e-03
  -4.5611690e-02   3.9801302e-03  -1.7986877e+00   1.1631497e-03   1.0472557e-02   1.2431760e-03
  -1.0496222e-01  -3.3124795e-02  -2.3719202e+00  -7.0797491e-03   9.4301854e-03   2.0368668e-03
  -8.2532802e-02  -4.6161723e-02  -2.3493125e+00  -7.7337156e-03   8.6517960e-03   1.3910855e-03
  -7.6461909e-02  -1.2677223e-01  -2.2914584e+00  -7.9409011e-03   1.0780948e-02   2.5559383e-03
  -9.1151467e-02  -6.9760135e-02  -2.2998265e+00  -6.0048164e-03   1.0316652e-02   1.0936820e-03
  -8.2671419e-02  -6.3422826e-02  -2.3345517e+00  -7.0801915e-03   8.9566598e-03   8.8426911e-04
  -7.7262761e-02  -9.1438521e-02  -2.2990471e+00  -6.9658708e-03   8.8493290e-03   8.6574978e-04
  -8.9846246e-02  -9.7699939e-02  -2.3225473e+00  -6.8707301e-03   1.0346041e-02   9.7070236e-04
  -9.0124688e-02  -4.7267448e-02  -2.5125132e+00  -6.6660002e-03   1.1418423e-02   1.2371481e-03
  -8.1857916e-02  -8.3793240e-02  -1.7523197e+00   1.4746958e-04   1.2518875e-02   2.2513609e-03
  -8.6947020e-02  -6.7342401e-02  -2.5787669e+00  -4.7206067e-03   9.7146753e-03   1.3138097e-03
  -7.2978958e-02  -3.9916554e-02  -2.5616469e+00  -7.4945230e-03   8.5640303e-03   1.1223154e-03
  -5.7015981e-02  -7.1054742e-02  -2.4954003e+00  -6.7644068e-03   9.2593183e-03   7.2131770e-04
  -1.0142733e-02  -1.1322385e-01  -2.1920905e+00  -9.7360673e-03   1.0758509e-02   1.2281253e-03
  -1.0846589e-01  -3.9504960e-02  -2.1845736e+00  -5.2238735e-03   7.4509150e-03   1.9888609e-03
  -8.3800841e-02  -5.1969595e-02  -2.1594124e+00  -5.9993901e-03   6.6201038e-03   1.3699365e-03
  -1.0125663e-01  -7.4537349e-02  -2.1884637e+00  -6.6974660e-03   7.4231346e-03   1.8436286e-03
  -1.1660863e-01  -4.2658195e-02  -2.2408929e+00  -7.9808242e-03   6.3511637e-03   2.2681261e-03
  -1.1898097e-01  -3.9200067e-02  -2.2737375e+00  -8.1347143e-03   7.7979867e-03   2.1874009e-03
  -1.0909736e-01  -2.6979641e-02  -2.3542065e+00  -1.0027044e-02   7.0077986e-03   1.9201132e-03
  -1.1166120e-01  -2.4949174e-02  -2.2831544e+00  -8.9418811e-03   6.3149768e-03   2.0633764e-03
  -1.0804452e-01  -1.2844931e-01  -1.9373377e+00  -8.0229006e-04   1.1866015e-02   1.9192814e-03
  -1.0309045e-01  -1.2092975e-01  -2.1656355e+00  -3.8314207e-03   1.0598103e-02   1.9996098e-03
  -9.3225653e-02  -8.6703941e-02  -2.1727497e+00  -4.4371120e-03   1.0287982e-02   1.8948891e-03
  -6.7600952e-02  -1.1515552e-01  -1.8422919e+00  -4.6386438e-03   1.2445085e-02   1.5017852e-03
  -9.3755540e-02  -3.4943851e-02  -2.3743703e+00  -8.2583308e-03   7.9096029e-03   1.6287014e-03
  -8.2928126e-02  -5.1356871e-02  -2.3745776e+00  -8.5496208e-03   7.5125952e-03   1.3538973e-03
  -8.9155017e-02  -5.8248453e-02  -2.4521781e+00  -8.3825236e-03   8.4595995e-03   1.7210635e-03
  -7.3799761e-02  -5.5871001e-02  -2.4078454e+00  -7.6842702e-03   9.2112213e-03   9.5981463e-04
  -5.9347299e-02  -2.3319069e-02  -2.2998190e+00  -7.1046406e-03   1.0440197e-02   1.0303619e-03
  -5.3080759e-02  -4.1447809e-02  -2.2992147e+00  -7.5856660e-03   1.0014617e-02   7.7131080e-04
  -1.3820612e-01  -6.2725072e-02  -1.7934211e+00  -1.2145132e-04   1.6827458e-02   1.9722205e-03
  -1.0879071e-01  -4.2350486e-02  -2.1685777e+00  -5.7608894e-03   1.1548051e-02   1.7676420e-03
  -6.2446538e-02  -1.4838703e-01  -2.0720049e+00  -9.3875743e-03   1.2426300e-02   1.0953277e-03
  -1.9177397e-01  -8.5292721e-05  -2.5346149e+00  -6.2833636e-03   1.1353724e-02   3.8637302e-03
  -1.5852981e-01   9.5180295e-03  -2.5299780e+00  -8.2925191e-03   9.0675868e-03   3.1373353e-03
  -1.2112275e-01   2.7293622e-04  -2.4468265e+00  -8.6200404e-03   8.8153809e-03   2.5547719e-03
  -1.1417564e-01  -5.8417441e-03  -2.4733263e+00  -7.0502576e-03   8.1978300e-03   2.5231062e-03
  -1.5224236e-01   3.9566653e-02  -2.4952375e+00  -9.0037109e-03   8.2115225e-03   4.5243379e-03
  -9.4708313e-02  -3.3400120e-02  -2.1050275e+00  -2.2691454e-03   7.6856330e-03   2.2510872e-03
  -4.5930453e-02  -7.7038476e-02  -2.0909513e+00  -8.0169164e-03   5.7546817e-03   2.6573637e-03
  -6.2993066e-02  -1.0567899e-02  -2.1492021e+00  -3.5578915e-03   5.0490516e-03   1.9554077e-03
  -6.5480184e-02  -4.8517165e-03  -2.2646427e+00  -7.3267396e-03   5.0661605e-03   1.6533149e-03
  -4.9753076e-02  -1.0059097e-01  -1.9661536e+00  -7.7733361e-03   9.2291473e-03   2.0412083e-03
  -9.3514426e-02  -3.0488718e-02  -2.3101836e+00  -6.1791825e-03   7.2856247e-03   1.9907743e-03
  -1.0926561e-01  -1.1129364e-02  -2.2598031e+00  -5.3184328e-03   8.5673306e-03   2.1560931e-03
  -1.0944666e-01  -6.3246238e-02  -2.3868545e+00  -7.4848599e-03   8.9892919e-03   1.6929533e-03
  -1.4539674e-01  -5.1172869e-02  -2.4034935e+00  -5.6625350e-03   1.2338516e-02   2.0686501e-03
  -1.1644807e-01  -2.9404936e-04  -2.7929471e+00  -1.1930149e-02   7.7326667e-03   2.2543005e-03
  -9.8885515e-02   9.8780272e-04  -2.6762959e+00  -1.1814565e-02   8.9126908e-03   1.3832931e-03
  -1.3404619e-01   4.2928014e-02  -2.8462498e+00  -1.3310855e-02   8.6018795e-03   2.4892370e-03
  -1.1728580e-01   2.6098051e-02  -2.8397355e+00  -1.3476691e-02   7.5147039e-03   2.0597794e-03
  -9.4134338e-02   2.8099781e-03  -2.8021206e+00  -1.2710869e-02   7.3583226e-03   1.8389445e-03
  -4.1870739e-02  -6.2278922e-02  -2.2816186e+00  -1.2861490e-02   6.0950162e-03   7.1058032e-04
  -7.0279726e-02  -4.2808057e-02  -2.1845176e+00  -7.2530896e-03   6.5151641e-03   9.9451220e-04
  -5.4222469e-02  -5.7587073e-02  -2.2259631e+00  -9.1739587e-03   6.6372016e-03   7.9669103e-04
  -7.0523251e-02  -5.8872829e-02  -2.2143667e+00  -7.2560862e-03   7.0602473e-03   1.2121920e-03
  -6.3978476e-02  -8.5110856e-02  -1.6230472e+00   5.8722062e-03   1.3598725e-02   1.7320338e-03
  -1.1836954e-01   7.3480111e-03  -2.6424936e+00  -7.6215416e-03   8.1215674e-03   2.1864421e-03
  -1.3591104e-01   1.5823278e-02  -2.6595094e+00  -1.3067978e-02   7.8530731e-03   3.2820454e-03
  -1.1107623e-01  -8.6134302e-02  -1.4618956e+00  -7.8840405e-03   5.4943071e-03   2.6630665e-03
  -1.1706899e-01  -1.3354866e-02  -1.9232238e+00  -3.6625133e-03   1.3468214e-03   2.4188306e-03
  -1.0267434e-01  -3.5004297e-02  -1.8980754e+00  -5.0811243e-03   1.5640965e-03   2.3946279e-03
  -8.7114430e-02  -8.5274181e-02  -1.8403297e+00  -3.6612003e-03   2.0331496e-03   1.8842579e-03
  -1.1305945e-01  -7.5778136e-02  -1.8806803e+00  -4.9434178e-03   5.3293823e-04   1.3239412e-03
  -1.1343994e-01  -6.1142333e-02  -1.7928679e+00  -3.8185824e-03  -2.0197678e-03   8.9252355e-04
  -1.2285831e-01  -5.2395140e-02  -1.8713733e+00  -4.5543713e-03  -2.8691093e-04   1.3120854e-03
  -1.1093341e-01  -6.3015256e-02  -1.9119205e+00  -4.8703964e-03  -4.3246073e-04   9.7620665e-04
  -1.4956550e-01   1.0725085e-02  -1.9658380e+00  -7.0630074e-03   1.7802706e-03   3.7724655e-03
  -1.3008911e-01  -3.4342466e-02  -1.8238482e+00  -2.6668995e-03   7.6623280e-03   2.1897127e-03
  -1.0306818e-01  -1.9048520e-02  -1.8189187e+00  -3.6448127e-03   6.2241535e-03   1.4486464e-03
  -8.7270222e-02  -4.2915043e-02  -1.7497157e+00  -2.8625171e-03   6.5473829e-03   1.2913357e-03
  -1.1405350e-01  -1.1507519e-01  -1.7984091e+00  -1.1262039e-03   6.1177102e-03   2.6194384e-03
  -1.0613661e-01  -7.9254572e-02  -1.6545112e+00  -4.6141096e-04   7.4426685e-03   1.4948678e-03
  -1.0538052e-01  -6.0526484e-02  -1.8575050e+00  -4.3127171e-03   6.2124435e-03   2.0354010e-03
  -1.6082237e-01  -1.5803817e-01  -1.6415631e+00   5.1433413e-03   1.3733090e-02   3.2253985e-03
  -1.2995159e-01  -7.9189151e-02  -2.3807707e+00  -5.1261406e-03   1.0041513e-02   2.0981553e-03
  -8.4061130e-02  -1.3422016e-01  -1.6993894e+00  -3.6708827e-04   1.0941068e-02   8.8865470e-04
  -8.9879631e-02  -9.8614895e-02  -1.7869291e+00  -1.1848896e-03   8.4182958e-03   8.4323174e-04
  -8.3085959e-02  -1.1604102e-01  -1.8582994e+00  -2.9919318e-03   8.2318531e-03   8.3431913e-04
  -1.0068801e-01  -8.3087363e-02  -2.1212768e+00  -3.9768682e-03   9.5304384e-03   1.5089939e-03
  -1.1612514e-01  -4.8603191e-02  -2.1702877e+00  -7.1207856e-03   9.0582313e-03   1.4397267e-03
  -1.1039778e-01  -7.0477806e-02  -2.2018423e+00  -7.3211498e-03   8.4924449e-03   1.2617431e-03
  -1.0854217e-01  -4.4758829e-02  -1.7939261e+00  -1.9044938e-03   1.3354345e-02   1.5295855e-03
  -1.1140990e-01  -5.9688263e-02  -2.1385213e+00  -5.6509192e-03   8.0875255e-03   1.6016831e-03
  -9.8215881e-02  -2.6775845e-02  -1.7342832e+00  -1.3084340e-04   8.6832046e-03   1.1449000e-03
  -9.3450654e-02  -3.0555039e-02  -2.1098516e+00  -6.3566621e-03   6.9838597e-03   1.4296784e-03
  -6.0545577e-02  -8.1604301e-02  -2.1681673e+00  -1.0983370e-02   3.4768500e-03   9.0288914e-04
  -6.1367404e-02  -2.6572492e-02  -1.9610308e+00  -3.6359056e-03  -6.7905048e-04   1.3668179e-03
  -5.7396848e-02  -3.8426904e-02  -1.9750048e+00  -6.2730755e-03   6.8923493e-04   1.1192522e-03
  -6.7057755e-02  -4.4293053e-02  -2.0433155e+00  -4.8878962e-03   2.7692593e-03   2.2234102e-03
  -7.9224676e-02  -1.5409735e-02  -1.9513431e+00  -4.1041234e-03   3.8251564e-03   1.5572294e-03
  -6.5549768e-02  -3.8595953e-02  -2.0008451e+00  -5.1043376e-03   3.2617305e-03   1.1720625e-03
  -8.5869049e-02  -2.0213184e-02  -2.0212094e+00  -8.7326065e-03   4.3029705e-03   1.5791167e-03
  -8.4953230e-02  -3.0678933e-02  -2.1285284e+00  -4.8813844e-03   7.3540331e-03   1.6575935e-03
  -7.1980280e-02   3.4616181e-02  -2.1772475e+00  -8.8812531e-03   5.8798270e-03   1.6914101e-03
  -1.2049456e-01   1.5433036e-02  -1.5947765e+00   7.0623127e-04   7.5659992e-03   3.1888040e-03
  -2.4035199e-01   6.8896860e-02  -2.0704877e+00   3.4996708e-04   1.4286400e-02   5.4325638e-03
  -1.9783407e-01   6.1986370e-02  -2.8284703e+00  -1.6952365e-02   1.4730201e-02   5.7135300e-03
  -1.4470637e-01  -2.7386832e-02  -2.0580591e+00  -2.3048143e-03   5.9238951e-03   3.0252155e-03
  -1.2758130e-01  -2.0526831e-02  -2.0777132e+00  -4.5330671e-03   5.9454059e-03   2.6426825e-03
  -1.1364210e-01  -4.2388669e-02  -1.9820456e+00  -3.8075134e-03   5.8708005e-03   2.2514271e-03
  -7.6721857e-02  -4.1900505e-02  -1.7157968e+00   8.1646946e-03   7.3001688e-03   2.0497795e-03
  -1.0101318e-01  -3.2386233e-02  -2.0896110e+00  -2.6216441e-03   5.7810534e-03   2.2459574e-03
  -7.4976176e-02  -2.8164017e-02  -2.0237635e+00  -2.9438552e-03   4.2673053e-03   1.6764183e-03
  -5.1106656e-02  -8.2451175e-02  -1.7491283e+00   1.1209340e-03   6.3809356e-03   1.5480812e-03
  -7.5731632e-02  -5.9683360e-02  -2.0078195e+00  -2.7165265e-03   7.8997942e-03   2.3317371e-03
  -9.9099321e-02  -1.1807046e-01  -1.8781152e+00  -1.9898849e-03   7.8207077e-03   2.0526205e-03
  -6.7462021e-02  -9.2462210e-02  -1.7020479e+00   1.2377263e-03   7.9912826e-03   1.0540333e-03
  -6.3522627e-02  -8.0724728e-02  -1.8932622e+00  -1.3759781e-03   5.9001157e-03   8.6328552e-04
  -9.8712420e-02  -2.6897582e-02  -2.0139133e+00  -3.8780658e-03   6.3895834e-03   2.2589719e-03
  -3.6735934e-01   3.8770664e-01  -2.0960888e+00  -1.7375730e-02   1.4792897e-02   6.3478631e-03
  -1.1268985e-01  -4.0401451e-02  -2.0971856e+00  -4.7649585e-03   7.5832413e-03   1.4746491e-03
  -1.2205365e-01  -1.9425811e-02  -2.1665711e+00  -5.8902504e-03   7.1741031e-03   2.1524019e-03
  -1.1887126e-01  -1.0347345e-02  -2.1533711e+00  -5.3644121e-03   6.8389055e-03   1.6766746e-03
  -1.1028126e-01  -9.6213635e-03  -2.1666550e+00  -6.3860757e-03   6.9045941e-03   1.6779248e-03
  -1.1441209e-01  -1.3443863e-02  -2.1737971e+00  -6.5141410e-03   6.4679926e-03   1.8138471e-03
  -1.1186454e-01   1.1964959e-02  -2.1788588e+00  -7.1887771e-03   5.8464822e-03   1.7509810e-03
  -1.4267974e-01   1.2107333e-02  -2.1928148e+00  -8.2054860e-03   6.6441669e-03   2.7752055e-03
  -1.6363811e-01  -4.7190885e-02  -2.1987627e+00  -5.3082159e-03   1.2128566e-02   2.2706798e-03
  -1.2498730e-01   3.5115362e-02  -2.4568458e+00  -8.8558725e-03   9.2485947e-03   1.4853709e-03
  -1.0953864e-01  -1.6696239e-02  -2.3807615e+00  -9.2136622e-03   8.2356888e-03   1.4034609e-03
  -1.1360998e-01   2.0906256e-02  -2.3801196e+00  -9.9401810e-03   8.6122368e-03   1.8540059e-03
  -1.3592074e-01  -2.8353798e-03  -2.4563686e+00  -1.0377869e-02   8.4367316e-03   1.7602737e-03
  -1.5848498e-01  -5.2570725e-02  -2.4577281e+00  -5.7537048e-03   1.1488433e-02   2.9022550e-03
  -8.2060826e-02  -1.8753015e-01  -2.4160170e+00  -8.2557401e-03   1.4274061e-02   1.5333430e-03
  -1.4957941e-01  -9.5700751e-03  -2.4181182e+00  -5.8075391e-03   1.2895334e-02   1.5097540e-03
  -1.2187312e-01  -1.6459265e-02  -2.4786998e+00  -8.0063913e-03   1.0863396e-02   9.7440580e-04
  -1.0796169e-01   1.9026239e-02  -2.5114187e+00  -8.2430390e-03   1.1321351e-02   6.2317822e-04
  -8.6750173e-02  -1.2314562e-01  -2.1646310e+00  -5.6145815e-03   1.3516658e-02   1.7985076e-04
  -1.0757506e-01  -3.7025714e-02  -2.2264551e+00  -5.0447977e-03   9.8481515e-03   4.7827331e-04
  -9.2660790e-02  -5.5309093e-02  -2.2102875e+00  -4.6036040e-03   9.2323960e-03   2.4744485e-04
  -5.7429734e-02  -1.0997494e-01  -2.0960508e+00  -6.9016324e-03   6.7292596e-03  -3.3920694e-04
  -1.2129825e-01  -6.7124703e-02  -2.0495949e+00  -2.0311505e-03   9.0179105e-03   4.8952060e-04
  -3.1689329e-02   2.6321056e-02  -7.9641950e-01  -1.6422127e-02  -9.0382316e-03  -7.0067431e-04
  -2.0741597e-01   8.8645996e-02  -1.1505953e+00  -3.7143998e-03   9.1241383e-03   5.2181838e-03
  -2.3424209e-01   2.7839378e-01  -1.7915572e+00  -1.5125229e-02   1.0627083e-02   6.5657256e-03
  -2.0728187e-01   2.3823700e-01  -2.1420400e+00  -1.9753538e-02   8.3650501e-03   6.9974343e-03
  -1.9813576e-01   1.3862565e-01  -2.0310420e+00  -1.7052549e-02   1.1352645e-02   4.5889135e-03
  -9.4185544e-02   1.3604465e-01  -2.4430130e+00  -1.9450908e-02   4.5125291e-03  -3.6024847e-04
  -1.1605834e-01   8.9914660e-02  -1.9044384e+00  -1.1112521e-02   3.1296812e-03   1.1724306e-03
  -7.2666718e-02   7.3261740e-02  -1.7363789e+00  -9.7733448e-03   2.6534523e-03   3.9122637e-04
  -7.1085395e-02   9.5277538e-02  -1.5798948e+00  -8.4509381e-03   2.1230164e-03   4.6882347e-04
  -6.1237404e-02   9.3868190e-02  -1.5492772e+00  -7.7860911e-03   1.6394002e-03   4.1043480e-04
  -9.6608496e-02   1.9146828e-02  -9.0242836e-01  -4.0185857e-03  -2.0140816e-04   2.3848924e-03
  -1.1378638e-01   4.9007642e-02  -1.0894129e+00  -5.3837232e-03   1.5727827e-04   2.3332595e-03
  -9.9378577e-02   7.7320019e-02  -1.2378555e+00  -4.0423678e-03   4.6467704e-04   3.7541462e-03
  -1.2071257e-01   4.9064521e-02  -1.5318435e+00  -8.0513029e-03   3.2706317e-03   3.2033975e-03
  -1.4625170e-01   1.5828765e-01  -1.7791947e+00  -5.2789485e-03   7.3039329e-03   3.4567496e-03
  -1.4846667e-01   1.4577314e-01  -2.3611708e+00  -1.3991228e-02   1.1229774e-03   3.6220779e-03
  -1.2660855e-01   1.1394833e-01  -2.2003982e+00  -1.1566378e-02   5.8333506e-04   3.1834452e-03
  -1.1444937e-01   1.5081837e-01  -2.3000868e+00  -1.1866554e-02   2.0515066e-04   2.9658179e-03
  -1.8214535e-01   9.5389912e-02  -1.7084113e+00   1.1900072e-03   8.4691547e-03   4.1164487e-03
  -1.0544283e-01   1.0701119e-01  -2.2584424e+00  -9.9191166e-03   2.5856172e-03   3.2720047e-03
  -9.6274070e-02   8.5518346e-02  -2.2122380e+00  -1.0107409e-02   1.6969076e-03   3.3297067e-03
  -4.2592324e-02   4.3949185e-02  -1.9937083e+00  -4.5175762e-03   1.6874298e-03   2.0535623e-03
  -1.5828056e-02   1.2614768e-02  -1.8164120e+00  -5.6502198e-03  -4.6890389e-03   1.5125920e-03
  -1.8988701e-02   1.7597880e-02  -1.8149006e+00  -5.7828884e-03  -2.6336202e-03   1.4674140e-03
  -3.0190191e-02   1.5039176e-02  -1.8951372e+00  -6.3662748e-03  -1.2698376e-03   2.6960988e-03
  -7.7260193e-02  -1.1910322e-02  -1.6806519e+00  -3.5755323e-03   2.9357301e-03   2.8536441e-03
  -7.3748943e-02   9.7656356e-03  -2.2111053e+00  -9.2633058e-03   2.4698511e-03   2.4601009e-03
  -4.8850966e-02   5.5747059e-02  -2.1266508e+00  -1.1280746e-02   3.8917399e-03   3.3161106e-03
  -2.8167439e-02   1.3492421e-01  -2.0585008e+00  -8.2644292e-03   4.0842601e-04   1.6811143e-03
  -5.2801143e-02   1.0984080e-01  -2.0813577e+00  -1.0197903e-02   2.9079688e-03   3.5489166e-03
  -8.0970839e-02   1.2643253e-01  -1.9829848e+00  -8.8101001e-03   4.9058234e-03   2.7290236e-03
  -5.2903067e-02   1.2762518e-01  -2.0401059e+00  -8.4848242e-03   4.3735626e-03   2.5535005e-03
  -5.0363741e-02   8.3576156e-02  -2.0064868e+00  -8.2490907e-03   2.8483140e-03   1.8697575e-03
  -7.6750043e-02   7.1093396e-02  -2.1502343e+00  -9.0748087e-03   3.6040498e-03   2.5234145e-03
  -7.7953706e-02   7.5563306e-02  -2.1292438e+00  -1.1288716e-02   3.9405423e-03   2.4920583e-03
  -2.3404520e-02   3.8397424e-01  -1.7741274e+00  -2.4851691e-02   1.6104985e-02  -3.7532166e-03
  -2.7188282e-02   2.3046132e-01  -4.9778954e-01  -1.0165345e-02  -7.3145934e-03  -1.4524129e-03
  -2.4717952e-01   1.9276475e-01  -1.7832589e+00  -5.1039206e-03   2.5148057e-03   4.5073803e-03
  -1.3817683e-01   2.5753949e-01  -2.3855513e+00  -1.9558547e-02  -2.3760427e-03   3.8323424e-03
  -1.0173011e-01   1.4820653e-01  -2.3535210e+00  -1.6897257e-02  -1.4429998e-03   2.8940310e-03
  -9.2471660e-02   1.4389610e-01  -2.2909450e+00  -1.5894520e-02  -2.2155521e-03   2.8296215e-03
  -8.7007661e-02   1.1979958e-01  -2.3147061e+00  -1.4541129e-02  -1.3414130e-03   3.5366379e-03
  -1.3722995e-01   1.2271690e-01  -2.3262570e+00  -1.1054300e-02  -2.8752287e-03   5.1925300e-03
  -1.1868636e-01   9.5119091e-02  -2.3808472e+00  -1.3212970e-02   1.1574323e-03   3.8949082e-03
  -3.1428295e-01   4.3351376e-01  -2.4383089e+00  -2.2120865e-02   3.4714608e-03   6.4258092e-03
  -8.6660087e-02   7.5231793e-02  -1.5682011e+00  -7.8328872e-03  -1.5544262e-03   2.8924103e-03
  -7.3783732e-02   5.1147098e-01  -1.6415938e+00  -2.5224544e-02   1.4511575e-02  -4.7328363e-03
  -5.0506463e-02   2.8153397e-01   1.4697831e-01  -5.6765673e-03   6.7022495e-03   1.7576418e-03
  -1.9141450e-01   2.1960409e-01  -6.6041752e-01  -9.1197871e-03   3.5659495e-03   3.6687907e-03
  -1.6645504e-01   1.9877542e-01  -8.0677328e-01  -1.0373351e-02   2.2356157e-04   3.7922368e-03
  -1.4397281e-01   1.3986702e-01  -8.4955743e-01  -9.8307638e-03  -2.9083831e-04   3.4390590e-03
  -1.4908476e-01   1.3693741e-01  -8.8794723e-01  -1.0381518e-02  -3.4584484e-04   4.1728399e-03
  -1.3620958e-01   1.3598783e-01  -1.1455533e+00  -8.8547420e-03   5.0652114e-03   3.6899209e-03
  -1.6639914e-01   1.9622892e-01  -1.2999372e+00  -1.1421068e-02   2.7739982e-03   4.0347339e-03
  -1.0864303e-01   8.7962112e-02  -1.2333650e+00  -5.4349786e-03   3.6147960e-03   3.4040574e-03
  -5.4326231e-02   6.6186733e-02  -1.4395465e+00  -9.1904428e-03   2.1555348e-04   4.0743477e-03
  -5.2265573e-02   1.1590997e-01  -1.1083210e+00  -6.5883328e-03  -2.8206771e-03   2.8093213e-03
  -6.1489383e-02   1.1645493e-01  -9.1430839e-01  -5.3239693e-03  -3.4368263e-03   2.8786065e-03
  -5.7502688e-02   1.0481860e-01  -9.5517817e-01  -5.8443131e-03  -3.6186257e-03   2.6766995e-03
  -6.3169361e-02   1.0749002e-01  -1.0405895e+00  -6.5671352e-03  -3.8327209e-03   2.7681647e-03
  -5.5284110e-02   1.2286302e-01  -1.1283937e+00  -8.0810312e-03  -3.9616436e-03   2.7710509e-03
  -3.2458876e-02   3.5721762e-02  -1.1516133e+00  -1.2297829e-02  -5.4248690e-03   2.4039185e-03
  -6.9006750e-02   4.2054121e-02  -6.4638572e-01  -1.0558502e-03  -3.3653005e-03   2.8891824e-03
  -5.9742537e-02   7.1393202e-02  -1.0318011e+00  -6.2608122e-03  -3.2676704e-03   2.6834876e-03
  -2.8924990e-02   1.9167556e-02  -8.2772682e-01  -4.6152881e-03  -1.8374494e-03   2.3103780e-03
  -5.6948067e-02   8.4735844e-02  -1.1241212e+00  -4.4483774e-03  -3.0421183e-03   2.7357342e-03
  -5.0977812e-02   7.4500499e-02  -1.0936409e+00  -6.0306526e-03  -2.8101865e-03   2.7366913e-03
  -3.8619581e-02   1.8199918e-02  -1.1359054e+00  -5.7130688e-03  -3.9046212e-03   1.6371638e-03
  -7.8521566e-02   5.1874864e-02  -9.2738432e-01  -3.5629878e-03  -6.8323177e-03   2.7127490e-03
  -1.1265921e-01   1.7052409e-01  -1.0014538e+00  -7.4840398e-03  -1.8517925e-03   4.7642674e-03
  -1.1639939e-01   1.2129456e-01  -1.5108054e+00  -1.2852790e-02   4.6305312e-03   4.2319594e-03
  -9.6647368e-02   1.6625783e-01  -1.3858047e+00  -1.0444305e-02   1.3370627e-03   4.1848508e-03
  -4.5432523e-02   8.4789872e-02  -6.7346322e-01  -4.0439656e-03   1.1982826e-03   3.2545153e-03
  -5.5700773e-02   8.1749812e-02  -8.8843927e-01  -3.0690413e-03  -2.0585954e-04   3.1326218e-03
  -6.9429547e-02   7.8490373e-02  -9.1641335e-01  -4.4990164e-03  -4.2173231e-05   2.9577679e-03
  -6.6835979e-02   1.0133494e-01  -9.3786649e-01  -5.4126026e-03   1.1497383e-04   3.0271710e-03
  -4.3593492e-02   1.0442787e-01  -1.0965176e+00  -6.2256606e-03  -1.9706679e-03   2.8230322e-03
  -5.1835763e-02   3.6027315e-02  -1.1225200e+00  -3.1237767e-03  -1.8670743e-03   5.4488013e-03
  -1.2202509e-01   1.0745283e-01  -8.9598768e-01  -1.7385255e-03   4.2798402e-03   5.0070653e-03
  -1.0742998e-01   9.0213255e-02  -1.1640934e+00  -6.6107480e-03  -8.7683521e-04   4.7652928e-03
  -7.0460840e-02   8.4440929e-02  -1.0529599e+00  -5.0693809e-03  -2.9549294e-03   3.8493408e-03
  -6.1962179e-02   8.9442211e-02  -1.0981844e+00  -6.2145437e-03  -2.6187888e-03   3.6301651e-03
  -5.5800756e-02   9.4865571e-02  -1.1193467e+00  -5.8502542e-03  -3.2083395e-03   3.4715513e-03
  -6.9481356e-02   7.7634177e-02  -1.1411076e+00  -4.1371297e-03  -2.0264814e-03   2.6468022e-03
  -9.4248383e-02   4.3815969e-02  -1.0759826e+00  -2.9027999e-03  -2.5854365e-03   2.1851434e-03
  -8.6000400e-02   5.1981004e-02  -1.0559983e+00  -2.3949694e-03  -2.5911862e-03   1.9830305e-03
  -7.6633059e-02   6.4521742e-02  -1.1226952e+00  -3.4345530e-03  -2.5931956e-03   1.7324555e-03
  -9.3632924e-02   7.7016971e-02  -1.1121608e+00  -3.4704882e-03   8.4766751e-04   3.8142779e-03
  -1.1694607e-01   3.4856708e-02  -1.3972601e+00  -6.0620037e-03   7.8769804e-03   2.6093716e-03
  -6.0082982e-02   3.8170376e-03  -1.1984946e+00  -3.0467485e-03   4.4239683e-03   1.3664438e-03
  -4.9370432e-02  -9.4263303e-03  -1.2258093e+00  -3.8323796e-03   3.7181098e-03   1.1720302e-03
  -4.8073759e-02   9.3268249e-03  -1.2560502e+00  -5.4781706e-03   3.5798298e-03   1.5482943e-03
  -7.7884867e-02  -1.4547374e-02  -8.9115964e-01   1.9546351e-03   5.1978265e-03   1.6286687e-03
  -8.5188164e-02   4.7695642e-04  -1.2528075e+00  -2.6244745e-03   4.3559416e-03   1.8101364e-03
  -5.0315324e-02   5.9921990e-02  -1.3169349e+00  -4.8501747e-03   5.5937487e-03   2.1559255e-03
  -7.4136241e-02  -1.2137831e-03  -1.2906080e+00  -1.7980103e-03   3.6079457e-03   1.5064759e-03
  -6.6920879e-02   5.2341518e-03  -1.2926416e+00  -2.7227961e-03   2.7111932e-03   1.0855809e-03
  -5.9452790e-02   2.2295426e-02  -1.3071330e+00  -3.7315807e-03   2.6208331e-03   7.9445426e-04
  -8.5902459e-02   3.2217976e-02  -1.4698854e+00  -5.3980986e-03   5.3980574e-03   1.3611634e-03
  -7.2762779e-02   4.3229624e-02  -1.3933430e+00  -4.1688542e-03   4.4098700e-03   7.3864598e-04
  -2.4579447e-02  -1.2923062e-02  -1.4143911e+00  -4.2262881e-03   2.5114148e-03   2.0862342e-04
  -2.4316449e-02  -2.9848719e-03  -9.1024471e-01   1.5055623e-03  -5.2915492e-03   5.0787764e-04
  -6.3494314e-02   1.9781842e-01  -9.6244971e-01  -3.8811688e-03  -1.0170324e-03   1.3844798e-03
  -5.8807136e-02   1.7591007e-01   2.6698808e-01   1.9351076e-03  -2.6040367e-03   2.7816841e-03
  -9.1746899e-02   2.0760878e-01  -4.9712913e-01  -7.9940959e-03   3.4919625e-03   2.4441638e-03
  -8.1123160e-02   2.2051894e-01  -6.3631907e-01  -7.5395102e-03   2.5058522e-03   3.5947319e-03
  -8.8677573e-02   1.7337977e-01  -6.5265204e-01  -6.7801625e-03   3.4798878e-03   2.8121872e-03
  -7.6806061e-02   9.2493139e-02  -6.4703778e-01  -5.6905246e-03   1.6499987e-03   2.7275463e-03
  -7.8572836e-02   7.4090310e-02  -6.7952955e-01  -6.2687623e-03   1.3653912e-03   2.9039840e-03
  -1.1386665e-01   1.3083346e-01  -8.2293067e-01  -6.3265261e-03   1.7222332e-03   4.9903219e-03
  -9.9713902e-02   1.0297391e-01  -1.3097176e+00  -8.2224472e-03   3.2461645e-03   4.4312207e-03
  -8.9245616e-02   9.1607882e-02  -1.3061037e+00  -8.7208122e-03   1.6779900e-03   3.7050398e-03
  -5.8308323e-02   5.1660821e-02  -1.0279546e+00  -7.2543921e-03  -2.3946559e-03   2.9428172e-03
  -9.0326530e-02   1.1578160e-01  -1.0408977e+00  -5.9337003e-03   2.3791659e-03   4.1207338e-03
  -7.1594780e-02   3.3325625e-01  -4.3869070e-01  -1.0662231e-02   2.1309001e-04   2.9207031e-03
  -8.1714997e-02   1.9808375e-01  -1.3737482e+00  -6.8156443e-03  -1.9800762e-03   3.4412907e-03
  -9.1133442e-02   2.3440109e-01  -1.6228352e+00  -1.2780035e-02   2.3966698e-03   2.8529540e-03
  -4.4436394e-02   1.6959564e-01  -1.0353826e+00  -8.4523894e-03   1.2210666e-03   1.7756864e-03
  -4.8903809e-02   1.5558045e-01  -1.1764333e+00  -8.1176867e-03  -7.8603855e-04   1.9436835e-03
  -3.0681265e-02   9.8995623e-02  -1.2136828e+00  -9.0313203e-03  -1.1856413e-03   1.5476454e-03
  -5.5134075e-02   1.3199311e-01  -1.3543261e+00  -1.0219473e-02  -1.0360978e-03   1.6513061e-03
  -4.5902982e-02   8.6177364e-02  -1.4953826e+00  -9.9053966e-03  -1.4509578e-03   1.7681816e-03
  -5.0123505e-02   1.1858703e-01  -1.6114027e+00  -1.2842674e-02  -1.9970206e-04   3.7845483e-03
  -4.3395668e-02   1.1611135e-01  -1.5873505e+00  -1.5421984e-02  -3.0946776e-03   2.3209486e-03
  -5.1282924e-02   1.2528474e-01  -1.4721242e+00  -1.0068612e-02  -3.0094991e-03   2.2690688e-03
  -8.4294291e-02   2.1673667e-01  -8.7879944e-01  -2.0912485e-02  -4.9958136e-03   1.6286034e-03
  -7.5136732e-02   1.3180270e-01  -7.6482860e-01  -2.7867886e-03   5.7085120e-04   2.7268931e-03
  -9.6450584e-02   2.3735373e-01  -1.1626412e+00  -8.0332451e-03  -1.4065934e-03   3.2357624e-03
  -6.2096965e-02   1.4956425e-01  -1.0412390e+00  -6.6730355e-03  -1.1390611e-03   2.4312804e-03
  -6.0337595e-03   1.3652281e-01  -1.1648129e+00  -2.1870827e-03  -5.1909531e-04   2.8085874e-03
  -3.6287080e-02   1.1642129e-01  -1.6002767e+00  -6.3766867e-03   3.4362049e-03   3.0630150e-03
  -4.8093137e-02   5.4877657e-02  -1.6662015e+00  -6.8752513e-03   2.7202665e-03   3.9210087e-03
  -3.6901882e-02   1.1340637e-01  -1.5097649e+00  -3.6625188e-03   1.5027144e-03   3.5773263e-03
  -2.9141129e-02   1.2837551e-01  -1.5932962e+00  -6.0386889e-03   1.9891178e-04   3.2123664e-03
  -1.0439152e-02   9.4749396e-02  -1.5925755e+00  -8.2739519e-03  -2.9540489e-03   2.4449490e-03
   6.6845587e-03   1.2602095e-01  -1.4796179e+00  -5.1334286e-03  -5.5026748e-03   2.1909129e-03
  -1.2381602e-02   4.3946048e-01  -1.3132287e+00  -1.7532432e-02   5.6186034e-03   5.2460848e-04
  -2.6344071e-02   2.3239862e-01  -9.5013641e-01  -9.6670542e-03  -3.1356731e-03   1.2839698e-03
  -2.8077361e-02   1.9393721e-01  -1.1359595e+00  -1.0627063e-02  -3.2819631e-03   2.4415570e-03
  -4.7487896e-02   1.6947805e-01  -9.4252430e-01  -5.4142294e-03  -2.3585478e-03   1.9578729e-03
  -4.6829494e-02   1.6886604e-01  -9.8720268e-01  -6.4776007e-03  -3.1726325e-03   1.7576652e-03
  -2.1229253e-02   1.7321819e-01  -1.0562133e+00  -4.5217411e-03  -1.7765711e-03   2.5344948e-03
  -4.7355627e-02   1.6064933e-01  -1.4853574e+00  -8.1422374e-03  -5.8271520e-04   1.7549869e-03
  -3.5899647e-02   1.4707458e-01  -1.4735610e+00  -9.5781511e-03  -4.2114261e-04   1.8005044e-03
  -4.2957380e-02   1.6159335e-01  -1.4480041e+00  -9.5914893e-03  -5.6210681e-05   1.6476836e-03
  -5.2308453e-02   1.6434710e-01  -1.4490532e+00  -9.8837903e-03  -5.8343140e-05   1.4961195e-03
  -5.0465262e-02   1.6519131e-01  -1.4810435e+00  -1.0295012e-02   3.2342108e-04   1.8975432e-03
  -5.9910483e-02   1.8301748e-01  -1.4353074e+00  -1.0489050e-02  -5.2570734e-06   2.0282331e-03
  -6.5255615e-02   2.3942859e-01  -4.1873481e-01  -3.9878408e-03  -7.9486969e-03   4.9828541e-04
  -4.8098539e-02   1.9930571e-01  -8.4802552e-01  -8.5654077e-03  -8.0474030e-03   1.1654037e-03
  -2.4763965e-02   2.3173551e-01  -1.0120437e+00  -8.2628021e-03  -7.6130975e-03   1.9968577e-03
  -1.0582402e-01   8.4158806e-02  -1.2490169e+00  -5.5977982e-03  -1.5398553e-03   2.7801257e-03
  -8.8967450e-02   9.0149259e-02  -1.2753784e+00  -6.2792178e-03  -2.6620103e-03   1.9093612e-03
  -1.7885718e-01   2.6817496e-02  -1.3515537e+00   3.9187700e-03   8.6978804e-03   3.2768415e-03
  -2.0291820e-01   4.5367507e-02  -1.9021370e+00  -7.9371351e-03   1.6159944e-02   2.8397777e-03
  -1.6872977e-01   9.4503189e-03  -2.1537705e+00  -5.9286934e-03   1.2211703e-02   2.4250448e-03
  -1.2731860e-01   5.2207782e-03  -2.2103296e+00  -8.1427466e-03   1.0173101e-02   1.4749611e-03
  -1.0050134e-01   5.3394079e-03  -2.1826572e+00  -7.4781868e-03   8.9605650e-03   9.1784249e-04
  -6.4868738e-02  -3.5090000e-02  -2.1633637e+00  -1.2358463e-02   6.6023594e-03   1.9248703e-03
  -7.6878914e-02   1.0168931e-02  -1.2470321e+00   6.2997375e-04   2.4704745e-03   1.2289803e-03
  -7.5627460e-02   3.3945261e-02  -1.3575204e+00  -1.5770566e-03   2.6937465e-03   1.4247602e-03
  -6.2327266e-02   1.7793332e-02  -1.3951854e+00  -2.5903537e-03   3.1061285e-03   1.5510813e-03
  -6.8147192e-02   2.9424499e-02  -1.4310436e+00  -3.5022622e-03   2.9353123e-03   1.5083125e-03
  -8.8766430e-02   3.5412185e-02  -1.7024572e+00  -2.8520428e-03   9.1736289e-03   1.8130493e-03
  -7.8158604e-02   4.9475372e-02  -1.8186758e+00  -6.3143859e-03   6.1991332e-03   1.7569207e-03
  -3.9054745e-02   2.4980191e-02  -1.3809893e+00  -3.4402573e-03   1.4698774e-03   1.9174339e-03
  -7.8783935e-02   3.3683196e-02  -1.5987152e+00  -4.3119556e-03   2.0069717e-03   1.8211852e-03
  -6.1779007e-02   2.4511407e-03  -1.5778662e+00  -4.3584913e-03   1.7919665e-03   1.6135931e-03
  -7.7610311e-02   2.7774886e-02  -1.6468486e+00  -6.1893488e-03   2.3484666e-03   1.5513408e-03
  -6.1860545e-02   3.5080017e-02  -1.5987654e+00  -4.7401261e-03   1.8063685e-03   1.3457529e-03
  -1.2707135e-01   4.2434592e-01  -1.6893622e+00  -2.9092847e-02   1.0338987e-02   7.0712734e-04
  -6.3313505e-02   2.4020849e-01  -7.0069312e-01  -3.9109934e-03   2.1488666e-03   1.3008080e-03
  -7.0247914e-02   2.4783751e-01  -1.1387685e+00  -1.0575316e-02   1.9926402e-03   1.7411292e-03
  -6.1728311e-02   2.0074995e-01  -1.1515068e+00  -9.3549848e-03   1.7578267e-03   1.7925342e-03
  -5.0710191e-02   1.5198432e-01  -1.2433193e+00  -8.2449952e-03   1.5168735e-03   2.0408343e-03
  -5.8209504e-02   1.5402852e-01  -1.2565506e+00  -8.2382832e-03   8.1437881e-04   1.9211919e-03
  -2.8169554e-02   1.7936810e-01  -1.1517158e+00  -8.9240706e-03  -1.9762241e-03   1.8205843e-03
  -4.5651438e-02   1.5517530e-01  -1.3543328e+00  -1.0750113e-02  -2.5170448e-03   1.8872768e-03
  -3.1926502e-02   3.0059344e-02  -1.4021846e+00  -5.5895372e-03  -1.8599738e-03   3.3663969e-03
  -9.0204385e-02   1.0476590e-01  -1.3179362e+00  -6.3406060e-03   1.9620798e-03   2.7642942e-03
  -1.0517747e-01   6.8928373e-02  -1.7972122e+00  -1.2350779e-02   4.8544889e-03   2.1581894e-03
  -7.6621108e-02   1.0886403e-01  -1.5126184e+00  -7.9105697e-03   2.2229649e-03   2.2092654e-03
  -1.0834227e-01   4.7998294e-01  -1.4404124e+00  -2.0224049e-02   8.3778531e-03   2.3962050e-05
  -1.0742021e-01   2.3869563e-01  -7.8143676e-01  -4.2392587e-03   1.0210834e-02   8.0660465e-04
  -1.0971458e-01   2.2505455e-01  -1.2438435e+00  -9.9970205e-03   4.0632172e-03   1.7029050e-03
  -8.4451724e-02   1.7019429e-01  -1.2703285e+00  -1.0317879e-02   3.9595623e-03   1.3492791e-03
  -8.6648078e-02   1.3499800e-01  -1.2371563e+00  -9.7756098e-03   1.4202786e-03   1.1491036e-03
  -9.8109794e-02   1.8724502e-01  -1.4348242e+00  -9.8677969e-03   1.6550118e-04   1.3295527e-03
  -8.8951954e-02   1.5287566e-01  -1.3841477e+00  -1.0186549e-02   1.8057779e-04   1.0754878e-03
  -7.7970020e-02   1.3081381e-01  -1.3450733e+00  -6.7087703e-03   1.7627353e-04   1.2783706e-03
  -9.5313410e-02   1.5712011e-01  -1.4741355e+00  -8.6289707e-03  -3.3870870e-04   1.3530079e-03
  -6.6734432e-02   1.2652342e-01  -1.4269787e+00  -8.4166247e-03   7.1716268e-04   8.3620930e-04
  -6.1352070e-02   1.1855726e-01  -1.4791517e+00  -8.5825414e-03  -1.1783951e-03   8.4807234e-04
  -7.4597254e-02   1.1533973e-01  -1.2278922e+00  -5.5241695e-03  -1.8645207e-03   1.2683436e-03
  -9.6996648e-02   5.2356634e-01  -1.2286162e+00  -1.8789481e-02   6.8437263e-03  -2.8017212e-03
  -2.6161999e-02   2.5617448e-01  -8.1210709e-01  -6.7874183e-03  -2.2135135e-03   8.1347321e-04
  -6.9022206e-02   2.2384118e-01  -9.8001849e-01  -7.9900308e-03  -3.2507740e-03   1.8359094e-03
  -5.5758135e-02   1.6473186e-01  -1.0811580e+00  -8.6674380e-03  -3.7500326e-03   1.7385581e-03
  -6.3399534e-02   1.6723082e-01  -1.1957353e+00  -9.2697026e-03  -2.9247370e-03   1.7683656e-03
  -7.9973481e-02   1.7085365e-01  -1.3533916e+00  -7.8054359e-03   1.0197761e-03   2.1326969e-03
  -1.0954928e-01   7.9492814e-03  -1.1007849e+00   1.1562290e-02   7.6463722e-03   1.5869302e-03
  -1.5795381e-01   1.0217439e-01  -2.2057043e+00  -1.1168106e-02   8.8863857e-03   1.7340746e-03
  -9.7651932e-02   4.5492113e-02  -2.0328877e+00  -6.8838008e-03   6.2058709e-03   8.9410348e-04
  -1.2786337e-01   8.1653871e-03  -2.0750325e+00  -5.8381529e-03   1.0780849e-02   4.4588647e-04
  -1.0548150e-01   7.9762485e-02  -2.2653431e+00  -9.0479525e-03   5.6345095e-03   6.5746843e-04
  -8.7347084e-02   5.5368447e-02  -2.2143989e+00  -9.7635269e-03   5.1683555e-03   8.0999002e-05
   3.0265960e-02   2.3631988e-01  -2.2303011e+00  -2.4674044e-02   2.2925838e-03   1.7834746e-03
  -2.2794409e-02   1.9940577e-01  -1.3309352e+00  -1.0246406e-02  -3.7627230e-03   1.9474183e-03
  -4.0475604e-02   2.5569935e-01  -1.4287947e+00  -1.0810435e-02  -3.5461797e-03   2.1119464e-03
  -3.6073000e-02   1.8607443e-01  -1.3896041e+00  -9.9682563e-03  -3.4700447e-03   1.9933128e-03
  -3.0657778e-02   1.6450246e-01  -1.4853808e+00  -1.0707728e-02  -3.0578985e-03   2.0118554e-03
  -4.7168957e-02   1.7370693e-01  -1.5364103e+00  -1.0686188e-02  -2.6369018e-03   2.6215694e-03
  -7.7535373e-02   1.2833729e-01  -1.6827283e+00  -1.1299815e-02  -2.1202253e-03   2.0779925e-03
  -7.0318719e-02   1.5443445e-01  -1.7254591e+00  -1.1130518e-02  -2.9798712e-03   2.2798303e-03
  -6.6526237e-02   1.5779991e-01  -1.7303203e+00  -1.0237761e-02  -4.1247489e-03   2.2608417e-03
  -3.5867460e-02   1.1363175e-01  -1.7303039e+00  -9.8540364e-03  -6.0545003e-03   1.9522056e-03
  -4.7513085e-02   1.1033042e-01  -1.5166855e+00  -7.2838835e-03  -9.1244435e-03   1.9474345e-03
  -7.0017196e-02   5.0954615e-01  -1.5826818e+00  -2.1260877e-02  -5.5297809e-03   9.4354820e-04
  -5.5313889e-02   2.3399752e-01  -1.0126236e+00  -7.2665080e-03   1.3510140e-03   1.8830636e-03
  -1.0710384e-01   2.4032427e-01  -2.0606466e+00  -1.4250904e-02   1.7336337e-03   3.4975831e-03
  -7.6577086e-02   2.0469577e-01  -2.0117083e+00  -1.5741998e-02   7.3927452e-04   2.8417934e-03
  -5.0764875e-02   1.6240098e-01  -1.5787532e+00  -9.4329423e-03   1.2967657e-03   2.8928198e-03
  -1.0164726e-01   1.9569152e-01  -1.8396250e+00  -1.0524901e-02   1.3255963e-03   2.9167100e-03
  -7.6762305e-02   1.6418561e-01  -1.9375769e+00  -9.7495115e-03   2.5685639e-03   2.1801491e-03
  -7.5150987e-02   1.8791741e-01  -1.9352007e+00  -1.2169514e-02   1.4563014e-03   1.8996158e-03
  -4.3710071e-02   1.8132548e-01  -1.8714696e+00  -1.2655408e-02  -1.6794319e-03   1.5226779e-03
  -3.5244417e-02   1.8158234e-01  -1.7323340e+00  -9.4579819e-03  -3.2125856e-03   1.2980785e-03
  -4.0766373e-02   1.2065903e-01  -1.5810495e+00  -7.6133713e-03  -4.4371521e-03   1.6591814e-03
  -3.8533191e-02   3.3275779e-01  -1.5670744e+00  -1.0075809e-02  -2.7095891e-03   2.3804849e-05
  -3.8956549e-02   2.1875822e-01  -9.2565183e-01  -1.0208040e-02  -2.4290906e-03   1.6350625e-03
  -6.3797448e-02   2.0063562e-01  -9.3463119e-01  -6.5002867e-03  -3.2514668e-03   1.6938202e-03
  -4.5402307e-02   1.6779172e-01  -9.6405139e-01  -6.4706824e-03  -2.6553881e-03   1.4683977e-03
  -3.3997821e-02   1.1035239e-01  -1.1166704e+00  -4.3479708e-03  -3.2054498e-03   2.5961480e-03
  -6.4903466e-02   1.7254735e-01  -1.2255937e+00  -6.4581643e-03  -3.1707296e-03   1.8733441e-03
  -5.7168433e-02   1.4948939e-01  -1.2153190e+00  -7.0023233e-03  -2.5712401e-03   1.3135967e-03
  -4.5575131e-02   1.0688050e-01  -1.2382900e+00  -3.1176102e-03  -4.2003468e-03   2.0015098e-03
  -6.3333529e-02   1.6280024e-01  -1.3522808e+00  -6.2718476e-03  -3.9541948e-03   1.7292618e-03
  -5.6995879e-02   1.5618566e-01  -1.3143321e+00  -6.1490227e-03  -4.2979875e-03   1.4047204e-03
  -4.8414771e-02   1.3996279e-01  -1.2710082e+00  -7.1465313e-03  -5.6529742e-03   1.5366356e-03
   3.0751200e-02   3.8503466e-01  -1.1308573e+00  -9.5829379e-03   6.0887567e-04  -6.4352310e-03
  -4.0485602e-02   2.1474164e-01  -8.2923854e-01  -7.5341647e-03  -6.2627007e-03   1.7498891e-03
  -3.3829456e-02   2.2083720e-01  -9.1785560e-01  -7.1220279e-03  -5.6442395e-03   1.2890795e-03
  -4.3359522e-02   1.7863898e-01  -8.9551927e-01  -5.8623444e-03  -5.6373759e-03   1.5386893e-03
  -6.7481625e-02   2.0727341e-01  -1.0156928e+00  -4.2786531e-03  -3.5658221e-03   2.4895054e-03
  -7.5279210e-02   2.0055639e-01  -1.2398580e+00  -7.8876703e-03  -7.1189499e-04   2.0017510e-03
  -6.6118993e-02   2.0013788e-01  -1.2604914e+00  -8.4281384e-03  -1.5424108e-03   1.8502945e-03
  -6.8465723e-02   2.0484736e-01  -1.3268532e+00  -7.7177900e-03  -2.4171622e-03   1.7022180e-03
  -4.2574041e-02   2.2001815e-01  -1.3506849e+00  -8.6917807e-03  -4.3115989e-03   1.7864416e-03
  -6.4133425e-02   5.0495959e-02  -1.3612159e+00  -7.1615905e-03  -5.8445422e-03   2.7015428e-03
  -1.1856601e-01   9.2850831e-02  -1.8434841e+00  -7.0720939e-03   2.5306138e-03   1.6219653e-03
  -1.0263755e-01   1.1629686e-01  -1.9024992e+00  -9.0997674e-03   1.0448435e-03   1.1407895e-03
  -6.3317567e-02   7.6241931e-02  -1.7491637e+00  -6.8723321e-03  -4.0061158e-05   3.0020246e-04
  -3.4368316e-02   3.4438325e-01  -1.3758541e+00  -1.5800233e-02  -4.0468556e-03   8.1304299e-04
  -4.5572947e-02   2.8279464e-01  -1.2680441e+00  -9.5825079e-03  -5.0369910e-03   1.6258924e-03
  -4.3387973e-02   2.5475356e-01  -1.3338123e+00  -1.0587209e-02  -5.6339596e-03   1.7408527e-03
  -5.9370827e-02   2.2906211e-01  -1.4893989e+00  -1.0523289e-02  -5.4927230e-04   1.9155534e-03
  -5.6577846e-02   2.0125218e-01  -1.4931199e+00  -9.5197839e-03  -2.8666257e-04   2.1568187e-03
  -9.3802585e-02   1.7830320e-01  -1.5544850e+00  -9.7319640e-03   7.2234008e-05   2.2187588e-03
  -8.5925644e-02   1.9084962e-01  -1.5575912e+00  -9.7249848e-03  -3.8865582e-04   2.1002046e-03
  -6.7464002e-02   1.3992811e-01  -1.5928360e+00  -9.0235328e-03  -2.1541166e-03   1.9574021e-03
  -9.0960734e-02   4.9706758e-02  -1.9398199e+00  -4.7851544e-03   4.3254485e-03   3.0356645e-03
  -1.8958841e-01   9.4320376e-02  -2.5554584e+00  -1.0697927e-02   9.9370866e-03   4.0855656e-03
  -1.6991455e-01   7.3369726e-02  -2.5176291e+00  -9.3158302e-03   7.6209017e-03   3.0255810e-03
  -1.6759260e-01   2.0432218e-02  -2.4075333e+00  -9.7460601e-03   1.1043409e-02   2.5490314e-03
  -1.7136495e-01   3.5633326e-02  -2.2984536e+00  -6.3851042e-03   1.1046239e-02   2.1652522e-03
  -1.4604976e-01   4.6793424e-02  -2.3417116e+00  -8.3519502e-03   8.2407426e-03   1.6189912e-03
  -1.2468631e-01   5.7050408e-02  -2.4539762e+00  -7.8240956e-03   7.9983697e-03   1.2878316e-03
  -1.0428812e-01   4.2633685e-02  -2.4126808e+00  -8.2407806e-03   6.0739369e-03   1.5414128e-03
  -1.0463500e-01   6.1648106e-02  -2.3407523e+00  -7.1499803e-03   5.0147444e-03   1.3718347e-03
  -8.4432281e-02   2.5222923e-02  -2.3185412e+00  -6.0210002e-03   4.4690958e-03   6.6085489e-04
  -7.8823733e-02   6.2395254e-02  -2.3729305e+00  -8.5007434e-03   4.5443871e-03   8.4808545e-04
  -1.2289849e-01   4.0433868e-02  -2.3981543e+00  -8.0826247e-03   5.3086676e-03   1.9638127e-03
  -8.8834285e-02   3.2557607e-02  -2.3822297e+00  -7.4494346e-03   4.1869616e-03   6.7191229e-04
  -1.0879858e-01   3.8459939e-02  -2.4025951e+00  -6.9267523e-03   4.4005960e-03   8.1600508e-04
  -4.6202658e-02  -8.3092675e-04  -1.6965644e+00   4.2161001e-04  -6.0055151e-03   8.4420827e-04
  -4.6714699e-02   3.4541391e-02  -1.9777926e+00  -5.2290608e-03  -5.0805772e-03   7.7761675e-04
  -4.2709505e-02   2.3784296e-01  -1.4573286e+00  -1.8281960e-02  -2.0389459e-06  -8.0530448e-04
  -7.2781014e-02   9.6698235e-02  -1.6753969e+00  -5.0385234e-03  -1.6418560e-03  -6.7861033e-04
  -7.3071907e-02   1.3685554e-01  -2.0001381e+00  -1.2128711e-02  -1.2650347e-03  -5.1219136e-04
  -5.7809872e-02   1.1890970e-01  -2.0154068e+00  -1.1552431e-02  -1.6404924e-03  -8.3065036e-04
  -5.8269301e-02   9.5072878e-02  -2.0416330e+00  -1.1904447e-02  -1.7195695e-03  -8.9593868e-04
  -5.1468660e-02   7.5352792e-02  -2.0479660e+00  -1.1351958e-02  -2.1115963e-03  -7.6744721e-04
  -5.5981690e-02   9.1700531e-02  -2.2203681e+00  -1.2661809e-02  -1.1206502e-03  -5.7061772e-04
  -5.1177822e-02   4.2327321e-02  -1.8361786e+00  -7.5562989e-03  -2.7865096e-03  -3.6104324e-04
  -4.1770986e-02   9.0255165e-02  -2.1319771e+00  -8.8936098e-03  -3.5095768e-03  -2.6935466e-04
  -5.4984645e-02   4.2631603e-02  -2.2911405e+00  -1.3227461e-02  -3.5937306e-03   2.4562779e-04
  -4.1367329e-02   6.9177322e-02  -2.0759262e+00  -1.0712339e-02  -4.1601525e-03  -5.6238000e-05
  -8.7047133e-04   3.8370793e-01  -1.8667799e+00  -2.6537182e-02  -4.9747718e-03  -8.4793237e-04
  -2.6086360e-02   2.7700445e-01  -1.4952281e+00  -1.3348335e-02  -5.3142177e-03   7.7705967e-04
  -3.1882203e-02   2.5839058e-01  -1.5898749e+00  -1.4254959e-02  -5.5937593e-03   1.0709456e-03
  -2.8209867e-02   2.2426439e-01  -1.7678447e+00  -1.0453166e-02  -2.3450724e-03   1.5003848e-03
  -4.2031842e-02   2.4663101e-01  -2.0076627e+00  -1.5060638e-02  -7.8650135e-05   1.2309943e-03
  -5.8543789e-02   2.1912595e-01  -1.9647653e+00  -1.4053012e-02  -1.1767673e-04   1.1547662e-03
  -6.2486691e-02   1.7763695e-01  -2.1603868e+00  -1.3331998e-02   4.4196023e-04   2.2858539e-03
  -8.7090808e-02   1.7155901e-01  -2.0372393e+00  -1.2451693e-02   4.1278832e-03   2.1831750e-03
  -6.8254976e-02   1.6688571e-01  -2.1152938e+00  -1.4061915e-02   3.4392219e-03   1.7413194e-03
  -3.4250384e-02   1.1441062e-01  -2.1186034e+00  -1.3070750e-02   1.2951995e-03   1.3671662e-03
  -3.3384050e-02   1.5212265e-01  -1.7609489e+00  -9.5205513e-03  -2.3890522e-03   1.4982638e-03
  -2.8447844e-02   1.5209301e-01  -1.7988887e+00  -1.0405913e-02  -2.5914621e-03   1.7136080e-03
  -3.0991307e-02   1.5811347e-01  -1.8551627e+00  -1.0859762e-02  -1.4346326e-03   1.9942401e-03
  -4.0041004e-02   1.4198045e-01  -1.8933951e+00  -1.1009618e-02  -5.1737426e-04   1.6543963e-03
  -4.9739427e-02   1.6984938e-01  -1.8958753e+00  -1.1050534e-02  -9.2235527e-04   1.7000401e-03
  -3.7007938e-02   4.8329883e-02  -2.0012584e+00  -6.7836153e-03   3.7207896e-04   1.7592554e-03
  -4.9939553e-02   1.1174392e-01  -2.3254316e+00  -1.0635517e-02   4.0916481e-03   1.1287190e-03
  -3.2145832e-02   9.0386757e-02  -2.3160921e+00  -1.0912430e-02   3.8603000e-03   7.0802460e-04
  -3.0771478e-02   1.0943916e-01  -2.3854900e+00  -1.1602270e-02   3.2005117e-03   6.9051782e-04
  -2.1489669e-02   1.0979629e-01  -2.3894103e+00  -1.1982319e-02   2.2383648e-03   5.1809603e-04
   3.8270697e-04   1.0650917e-01  -2.3842661e+00  -1.2147981e-02  -7.7406565e-04   4.5488414e-04
   2.9957259e-02   8.8420053e-02  -2.2879351e+00  -1.2445317e-02  -4.5228064e-03  -1.2891598e-04
   1.8009846e-02   8.1339686e-02  -2.0743648e+00  -8.2115040e-03  -2.7221744e-03   1.7520605e-04
   6.6381878e-03   3.1298577e-01  -1.8190941e+00  -2.8902581e-02  -2.8212113e-03  -1.9114981e-04
  -1.2650897e-01   5.3366859e-02  -2.0678919e+00   2.7378719e-04  -1.9947867e-03   2.1365467e-03
  -8.7459521e-02   1.6685427e-01  -2.4327614e+00  -1.0356404e-02  -1.6171265e-03   1.3790267e-03
  -5.7328428e-02   9.7923105e-02  -2.3883739e+00  -8.7997462e-03  -4.1916031e-04   8.9409302e-04
  -4.4462034e-02   7.9412876e-02  -2.4016882e+00  -8.4606635e-03  -7.2563197e-04   5.1300293e-04
  -3.6071803e-02   8.4554576e-02  -2.5253155e+00  -5.9354420e-03  -1.8666843e-03   9.5788343e-04
  -6.0759426e-02   9.3303383e-02  -2.3904584e+00  -7.5564589e-03  -2.4490562e-03   1.3787923e-03
  -9.0741158e-02   8.0625806e-02  -2.1722482e+00  -1.0451347e-02   6.8930970e-04   1.4026956e-03
  -6.3947021e-02   9.9460307e-02  -2.1219288e+00  -6.0523422e-03  -2.3942521e-03   9.2952146e-04
  -2.9746198e-02   9.4318606e-02  -2.0450531e+00  -5.6059169e-03  -2.4157970e-03   5.5025759e-04
  -1.8082686e-02   7.4842085e-02  -2.0962986e+00  -6.5934258e-03  -2.9493840e-03   3.0274057e-04
  -2.0920013e-02   7.8014175e-02  -2.1219945e+00  -7.1100389e-03  -3.3549737e-03   4.4935189e-04
  -3.3723503e-02   2.9940563e-02  -2.0968336e+00  -5.8550488e-03  -3.1301239e-03   9.9491448e-04
  -2.6110325e-02   1.1364114e-01  -2.1631987e+00  -7.5320778e-03  -1.3623415e-03   9.5492318e-06
  -3.3948431e-02   6.9088789e-02  -2.1332333e+00  -6.7345082e-03  -9.9437286e-04  -1.5570917e-04
  -1.8202299e-02   7.3870553e-02  -2.2999260e+00  -8.4979450e-03  -1.4179977e-03  -3.4259067e-04
  -4.4255493e-02   4.9811957e-02  -2.1130512e+00  -5.6106455e-03  -9.7699363e-04   2.7821061e-04
  -5.4401500e-02   6.5692939e-02  -2.1381082e+00  -5.8025280e-03  -2.5961897e-05  -3.0635711e-05
  -4.5521793e-02   7.2991008e-02  -2.1631897e+00  -6.5092742e-03  -5.8561422e-04  -1.6966342e-04
  -3.5861783e-02   4.4687875e-02  -2.2100682e+00  -7.1926275e-03  -2.9965273e-04  -4.2798360e-04
  -3.7668685e-02   8.1631203e-02  -2.2233080e+00  -7.6016806e-03  -4.8971471e-04  -4.4886400e-04
  -2.9226237e-02   2.7847177e-02  -2.2202663e+00  -6.3010019e-03  -5.9800229e-04   1.6664522e-04
  -1.4135967e-02  -6.3858805e-02  -1.0860280e+00   1.0256753e-02  -7.6285329e-03  -1.4764917e-04
  -1.3291221e-02  -1.7890798e-02  -1.3789915e+00   2.6451109e-03  -5.5152038e-03  -2.2287866e-04
  -3.5846466e-02   2.3606879e-01  -9.6739535e-01  -7.1433178e-03  -5.6360671e-03   8.5231614e-04
  -2.0598571e-02   1.1392761e-01  -1.1687572e+00  -5.0298387e-04  -6.4390563e-03   6.1702094e-04
  -3.2928392e-02   1.4823862e-01  -1.6134316e+00  -8.7010820e-03  -5.8698615e-03   6.0894107e-05
  -4.9222092e-02   1.2389057e-01  -1.5604620e+00  -7.4449003e-03  -2.8797902e-03   3.4759881e-03
  -9.7204594e-02   1.4822530e-01  -1.6811900e+00  -7.2780359e-03   2.2442809e-03   1.5532725e-03
  -8.1082118e-02   1.4979662e-01  -1.7536557e+00  -8.8223205e-03   7.3799265e-04   1.0865149e-03
  -6.7473098e-02   1.3518677e-01  -1.8245074e+00  -9.8126644e-03   6.2603215e-04   7.8729893e-04
  -6.5209102e-02   1.5639345e-01  -1.8680545e+00  -9.5939331e-03  -8.1073303e-04   8.9039111e-04
  -6.5980611e-02   7.9710633e-02  -1.8978601e+00  -8.0635859e-03  -1.4155742e-03   3.0294893e-04
   5.0487769e-02  -6.2105728e-03  -1.8738433e+00  -4.3963726e-03  -1.2561532e-02  -7.5041301e-04
   4.8907630e-03   4.2126908e-02  -1.9203601e+00  -5.6511274e-03  -9.5916549e-03  -6.0264923e-04
   1.2097093e-02   2.8921116e-01  -1.5247396e+00  -1.8176776e-02  -8.4261645e-03   6.1077610e-04
  -5.7225305e-03   2.5954536e-01  -1.2952539e+00  -8.4968734e-03  -5.6911476e-03   9.5327247e-04
  -1.6139901e-02   2.2225773e-01  -1.4700565e+00  -1.0751043e-02  -5.0011397e-03   1.0491862e-03
  -4.3184528e-03   2.0293185e-01  -1.5981034e+00  -1.0549340e-02  -4.0350823e-03   8.6612414e-04
  -1.5653266e-02   2.2320768e-01  -1.7461926e+00  -1.3031278e-02  -3.5710306e-03   1.0097557e-03
  -5.9345813e-03   2.1135964e-01  -1.7947024e+00  -1.3192568e-02  -3.6115256e-03   9.8891603e-04
  -2.8884255e-03   2.5310117e-01  -1.8593573e+00  -1.3275210e-02  -3.7790084e-03   1.4023883e-03
  -2.9541485e-02   1.8728915e-01  -1.7004032e+00  -8.5979134e-03  -1.8592687e-03   1.5030429e-03
  -4.5555286e-02   2.1694918e-01  -1.6764403e+00  -9.4033986e-03  -1.3235174e-03   1.3717545e-03
  -3.1303645e-02   1.2564706e-02  -1.7003138e+00  -3.7815900e-03   2.2062871e-03   8.0077304e-04
  -5.8444793e-02   7.8070972e-02  -1.8020286e+00  -5.4441151e-03  -2.0530619e-04   7.2343240e-04
  -6.8138282e-02   5.6066263e-01  -1.7289726e+00  -2.0703704e-02   8.3545193e-03  -3.1819836e-03
  -2.4405159e-02   2.3179148e-01  -1.0689301e+00  -7.3905219e-03   1.7334670e-03   7.0436121e-04
  -6.4265099e-02   2.5363954e-01  -1.5508759e+00  -8.0784049e-03  -1.2838389e-03   7.8969880e-04
  -7.2759164e-02   1.8414018e-01  -1.5225010e+00  -9.0176589e-03  -9.8802199e-04   8.4656702e-04
  -7.5929228e-02   1.9220280e-01  -1.6655843e+00  -9.2483962e-03  -9.1649057e-04   8.8863877e-04
  -7.7023151e-02   2.1938819e-01  -1.7169716e+00  -1.0624541e-02  -8.9708703e-04   7.2083995e-04
  -6.4327141e-02   1.9546362e-01  -1.7034152e+00  -1.0524809e-02  -1.5494903e-03   1.6322796e-03
  -7.9958213e-02   1.6023316e-01  -1.5904111e+00  -7.0301675e-03   5.9001642e-04   1.7283268e-03
  -1.2394944e-02   1.3208820e-01  -1.4062655e+00   1.4591758e-03  -4.2759595e-03   5.4652987e-04
  -6.1419735e-02   1.3634696e-01  -1.7553654e+00  -5.1681783e-03   7.9805647e-05   2.2776197e-04
  -1.9103060e-02   9.0080333e-02  -1.7277951e+00  -6.3166776e-03  -4.4075476e-03   3.4441270e-05
  -5.6225271e-02   5.5298989e-01  -1.6566158e+00  -1.7888669e-02   1.8670804e-04  -1.3237393e-03
  -9.5077719e-03   2.9054688e-01  -1.3518600e+00  -7.4570255e-03  -6.2872227e-03   1.9355750e-04
  -3.0469715e-02   2.5477620e-01  -1.4644467e+00  -8.2774854e-03  -5.5035567e-03   4.0946437e-04
  -3.0806257e-02   2.1763094e-01  -1.4654724e+00  -7.4497065e-03  -5.1433369e-03   4.9965316e-04
  -1.9679672e-02   2.4093442e-01  -1.5931972e+00  -9.2341752e-03  -5.5604680e-03   8.4235898e-04
  -4.1409648e-02   1.7586170e-01  -2.3454498e+00  -1.1138166e-02   1.1476219e-03   2.4481574e-03
  -2.9266711e-02   1.7362118e-01  -2.3564057e+00  -1.1970583e-02   1.2847852e-04   2.0520200e-03
  -1.8978323e-02   1.5812525e-01  -2.3765751e+00  -1.2233860e-02  -1.5973707e-05   1.5328060e-03
  -2.2687846e-02   1.7035574e-01  -2.3965547e+00  -1.3187929e-02  -3.1073418e-04   2.1897052e-03
  -2.5170828e-02   1.6730775e-01  -2.1662936e+00  -8.5837605e-03   1.4337391e-04   1.0760707e-03
  -8.7687168e-03   1.3284859e-01  -2.2317111e+00  -9.0936639e-03  -1.0227502e-03   5.3384458e-04
   2.3434399e-02   1.2492848e-01  -2.1667905e+00  -8.6305486e-03  -6.2195407e-03   9.9288622e-04
   3.1275038e-03   5.1728245e-01  -2.1748596e+00  -2.2424473e-02   9.0333733e-04  -2.3802432e-03
  -2.5202733e-02   2.5469112e-01  -1.4555484e+00  -2.3295114e-03  -5.6789507e-03   2.3459538e-03
  -1.1378798e-03   1.8863440e-01  -2.5383038e+00  -1.0701200e-02   1.1137104e-03   1.2162528e-03
   2.3772802e-02   1.3410421e-01  -2.4793069e+00  -1.1247001e-02   5.4284569e-04   9.5546898e-04
   5.3091111e-02   1.2575374e-01  -2.4931337e+00  -1.0458901e-02  -6.7149804e-04   4.8431553e-04
   3.7445225e-02   1.3506281e-01  -2.4454713e+00  -9.1344564e-03  -1.0950301e-03   1.2505937e-04
   2.8325231e-02   1.3922152e-01  -2.3982142e+00  -9.2554113e-03  -1.2104308e-03   2.5785765e-04
   3.3649113e-02   1.0156621e-01  -2.4158000e+00  -8.8103323e-03  -1.3189267e-03   6.5848110e-05
   2.0267664e-02   1.2545415e-01  -2.4687606e+00  -9.4529417e-03  -1.2929534e-03   2.3689295e-04
   2.3719410e-02   1.1283647e-01  -2.4556209e+00  -9.2573419e-03  -9.2112979e-04   2.0484609e-05
   8.3311088e-02   6.9696110e-02  -2.0074140e+00  -5.7673101e-03  -8.5186665e-03  -4.4418804e-04
   4.8437976e-02   8.4335974e-02  -1.9895862e+00  -3.8514015e-03  -6.7779498e-03  -2.2556503e-04
  -6.4038026e-03   3.0107080e-01  -1.7446678e+00  -1.2614525e-02  -6.6846653e-03   8.7778544e-04
   1.1481978e-02   2.2841626e-01  -1.6727149e+00  -6.6170629e-03  -6.2565905e-03   1.9770282e-04
   5.6825951e-03   2.2697009e-01  -1.7958639e+00  -9.0430032e-03  -4.9125699e-03   7.6701173e-05
  -7.8670501e-03   1.9987917e-01  -1.9914437e+00  -1.0536341e-02  -1.1891266e-03   2.1155394e-04
  -1.9957017e-02   1.9041691e-01  -2.0326492e+00  -1.0782547e-02  -1.2766358e-03  -3.1613504e-05
   4.2975344e-03   2.0193628e-01  -2.0482032e+00  -9.1055663e-03  -3.0815707e-03  -4.3496207e-04
  -2.2420931e-02   1.7433119e-01  -2.1874408e+00  -9.5384530e-03  -2.1348419e-03   7.2262680e-05
   1.6331305e-02   1.2308892e-01  -2.1173227e+00  -7.9624882e-03  -5.2526344e-03  -8.3551189e-04
   7.4602690e-03   1.6403031e-01  -2.1301619e+00  -7.8897754e-03  -5.1139093e-03  -7.5396350e-04
   4.5552534e-04   1.2849582e-01  -2.1921020e+00  -7.9152824e-03  -3.7095072e-03  -1.1137800e-03
   3.0077666e-03   1.2974996e-01  -2.2795706e+00  -9.6233145e-03  -2.9988142e-03  -1.0321980e-03
   2.5568413e-03   1.2015437e-01  -2.2546037e+00  -9.2193141e-03  -3.4087216e-03  -7.5314622e-04
  -7.0495724e-03   1.1282232e-01  -2.2781848e+00  -8.8808241e-03  -3.5261462e-03  -6.2768164e-04
   1.2005220e-02   2.2206619e-01  -2.2878852e+00  -9.3790827e-03  -2.6863111e-03   1.7710796e-03
  -1.4217611e-01   1.7131313e-01  -3.4898314e+00  -2.3383228e-02   8.7958698e-03   9.1967927e-04
  -2.5290242e-01   1.2167425e-01  -2.9091768e+00  -7.6084560e-03   1.1832858e-02   4.4225343e-03
  -1.7924278e-01   1.9357233e-01  -3.3158252e+00  -1.4095340e-02   4.3265235e-03   3.1729249e-03
  -1.2095275e-01  -3.5179685e-02  -2.8440130e+00  -1.3923653e-02   4.8527926e-03   2.6733776e-03
  -1.7727329e-01   1.5797862e-01  -2.8477053e+00  -6.9758000e-03   8.3506318e-03   2.2503845e-03
  -1.6248560e-01   1.5410995e-01  -2.8362442e+00  -8.6482751e-03   7.2465303e-03   1.9439963e-03
  -1.4100978e-01   1.3704933e-01  -2.7685461e+00  -9.0231358e-03   7.4479560e-03   1.6814631e-03
  -1.4150004e-01   1.1457679e-01  -2.7460984e+00  -8.1196252e-03   7.2062210e-03   1.5230058e-03
  -1.5624025e-01   1.0388818e-01  -2.7488023e+00  -7.2302616e-03   7.6185110e-03   2.1464277e-03
  -1.4783785e-01   1.0700192e-01  -2.7090072e+00  -8.0927362e-03   7.5408273e-03   1.8847742e-03
  -1.3864973e-01   3.6609181e-01  -2.4496244e+00  -2.1701947e-02   7.8909745e-03   1.4373365e-03
  -1.4018593e-01   2.1682942e-01  -1.9028769e+00  -4.1233118e-03   7.9618699e-03  -8.2977336e-04
  -1.2719962e-01   2.3579122e-01  -2.0440452e+00  -8.9687625e-03   5.7062389e-03  -3.5088898e-04
  -1.0383135e-01   1.4723404e-01  -2.0053012e+00  -6.9768430e-03   6.2201769e-03  -8.5802814e-04
  -1.0168238e-01   1.7447224e-01  -2.1153272e+00  -6.5412242e-03   5.6584793e-03  -7.4909841e-04
  -1.0577631e-01   1.9485110e-01  -2.2179505e+00  -9.0177277e-03   5.4225629e-03  -7.7378090e-04
  -1.0465850e-01   1.9719606e-01  -2.2004712e+00  -8.7455025e-03   5.3422114e-03  -8.6970241e-04
  -1.0616403e-01   1.6435069e-01  -2.3139036e+00  -1.0277215e-02   5.6693365e-03  -8.1622115e-04
  -8.7902355e-02   1.3733783e-01  -2.3273683e+00  -1.0127020e-02   4.0525973e-03  -9.0350624e-04
  -1.0227606e-01   5.7295005e-02  -2.3964100e+00  -4.4543943e-03   5.4160797e-03   1.5453972e-03
  -4.8371101e-02   4.4669225e-02  -1.9311897e+00  -7.1083446e-03  -1.2455977e-03   9.9156528e-04
  -5.3937656e-02   1.0128302e-01  -2.1593452e+00  -4.8642802e-03   1.2136815e-04   1.1357518e-03
  -4.6690842e-02   8.7775503e-02  -2.1430216e+00  -6.0030430e-03   9.5785512e-04   1.1395781e-03
  -4.0502610e-02   8.1020618e-02  -2.2560762e+00  -6.8669281e-03   2.0875787e-03   6.2006911e-04
  -5.1110514e-02   1.1187746e-01  -2.4418583e+00  -7.6730558e-03   4.3894956e-03   9.7671716e-04
  -6.6751641e-02   1.1570001e-01  -2.4597030e+00  -1.0270868e-02   4.5123663e-03   8.9459588e-04
  -4.9059378e-02   6.8554458e-02  -2.4142063e+00  -8.1829658e-03   3.7968488e-03   5.1312317e-04
  -6.6008807e-02   1.2238066e-01  -2.4481209e+00  -9.2640555e-03   4.2739853e-03   2.2253595e-03
  -9.1341248e-02   1.1137512e-01  -2.4544829e+00  -9.1809012e-03   5.8593247e-03   1.1822859e-03
  -8.0479156e-02   1.0623174e-01  -2.4490820e+00  -9.8818775e-03   5.2148172e-03   7.3665232e-04
  -6.3013337e-02   8.2055920e-02  -2.4462921e+00  -9.3926584e-03   5.5822441e-03   4.4103802e-04
  -7.2363369e-02   1.5151157e-01  -2.4015550e+00  -1.1166024e-02   4.7356292e-03   3.4353706e-03
  -1.5723531e-01   1.8817581e-01  -3.3020160e+00  -2.0009705e-02   8.9434018e-03   4.1410243e-03
  -9.2078586e-02   3.0369016e-01  -2.2863295e+00  -2.5985835e-02   1.0851330e-03   1.5066313e-03
  -1.3221662e-01   1.8994243e-01  -1.5651335e+00  -3.2866945e-03   7.7888053e-03   1.9706542e-03
  -1.2931403e-01   2.5178418e-01  -2.0989251e+00  -8.7731500e-03   5.7057813e-03   2.2735750e-03
  -1.2844889e-01   1.6564499e-01  -2.0550454e+00  -9.4912335e-03   5.6954288e-03   2.0540439e-03
  -1.1489266e-01   1.4678487e-01  -2.2084571e+00  -9.8626763e-03   6.4844848e-03   1.5341206e-03
  -1.1987052e-01   1.7125843e-01  -2.2750452e+00  -1.1625408e-02   5.6812364e-03   1.5773740e-03
  -1.2707921e-01   1.4842076e-01  -2.2540944e+00  -1.1165942e-02   5.9451438e-03   1.4298088e-03
  -1.1066470e-01   1.5680735e-01  -2.3136644e+00  -1.2314563e-02   6.0188861e-03   1.1512255e-03
  -1.2218717e-01   1.7042467e-01  -2.3503756e+00  -1.2149194e-02   4.9289929e-03   1.3645706e-03
  -9.6855191e-02   1.5294802e-01  -2.3959608e+00  -1.2350740e-02   2.8758377e-03   1.1642013e-03
  -4.3914213e-02   1.1058772e-01  -1.9934461e+00  -5.0401945e-03  -3.1629242e-03   9.0861451e-04
  -1.0485332e-01   5.1654020e-01  -2.1581334e+00  -2.2778580e-02   2.2642318e-03  -2.3009515e-04
  -8.4182392e-02  -1.0691612e-02  -1.9134123e+00   7.7021710e-03   7.7844424e-04   6.8101035e-04
  -8.7423996e-02   1.0601840e-01  -3.0178994e+00  -7.8859830e-03   2.0830643e-03   8.6806304e-04
  -1.1572328e-01   1.1440206e-01  -2.8672549e+00  -7.9068933e-03   3.5163445e-03   8.5893047e-04
  -7.0419293e-02  -7.0066213e-03  -2.6930717e+00  -3.4877753e-03   3.6593948e-03   4.1219594e-04
  -5.6454726e-02  -1.0093961e-02  -2.7207784e+00  -2.5806643e-03   2.8614749e-03   3.0498964e-04
  -5.9879973e-02   1.0874459e-02  -2.7074071e+00  -8.7689437e-04   3.9369018e-03   7.8560577e-04
  -4.3176919e-02  -4.5250077e-02  -2.6797026e+00  -1.9694196e-03   2.4573190e-03   4.5545215e-04
  -4.8800267e-02   1.7575328e-02  -2.8524804e+00  -2.9568543e-03   1.0078146e-03   4.8114761e-04
  -2.4306861e-02   2.3591406e-02  -2.8759630e+00  -4.7320220e-03   1.4776699e-03   1.0731378e-05
  -3.1312911e-02   3.0926478e-02  -2.9163912e+00  -6.0075120e-03  -1.7178142e-04  -1.5053876e-04
  -1.0978788e-01   6.3910395e-02  -2.8915973e+00  -6.2623464e-03   5.1020992e-03   9.3893048e-04
  -1.2531726e-01   5.9293706e-02  -2.9584844e+00  -5.7624546e-03   6.1251074e-03   1.0071385e-03
  -1.3054529e-01   1.3515669e-01  -2.8582256e+00  -7.8199599e-03   6.4317157e-03   1.8128719e-03
  -9.4575799e-02   5.2078940e-02  -2.8560627e+00  -6.0408173e-03   5.7281832e-03   4.0972317e-04
  -8.4538230e-02   7.1126657e-02  -2.8783191e+00  -6.9847891e-03   5.2255268e-03   1.3407745e-04
  -7.7143633e-02   1.1032082e-01  -2.9210538e+00  -8.2797776e-03   5.9757209e-03  -2.5838173e-04
  -1.2183676e-01   1.4833269e-01  -3.1415227e+00  -6.9907670e-03   8.1256218e-03   1.2262294e-03
  -1.0177677e-01   1.2571041e-01  -3.1392644e+00  -9.6648373e-03   7.3111828e-03   5.2211040e-04
  -1.0046371e-01   9.1623917e-02  -3.1263792e+00  -9.0464902e-03   7.0080478e-03   1.0807735e-03
  -1.2924839e-01   9.9206587e-02  -3.0654034e+00  -7.1344378e-03   9.1509205e-03   1.0823281e-03
  -1.0822712e-01   9.7044664e-02  -3.0672508e+00  -8.4186172e-03   7.2809876e-03   7.0722351e-04
  -9.8569451e-02   9.1908533e-02  -3.0496369e+00  -8.8457802e-03   7.0244134e-03   3.9430262e-04
  -9.7508320e-02   1.0174429e-01  -3.0417109e+00  -9.5100867e-03   6.8652606e-03   5.6491783e-04
  -1.3564189e-01   8.2888306e-02  -2.8887433e+00  -7.0464359e-03   9.6388908e-03   1.0769620e-03
  -1.1388828e-01   1.0596652e-01  -2.8682822e+00  -7.3152918e-03   6.9672175e-03   5.9746699e-04
  -9.9506964e-02   6.5142452e-02  -2.8291808e+00  -6.9054213e-03   6.9755877e-03   3.6954294e-04
  -1.1007526e-01   9.0317910e-02  -2.8776974e+00  -7.3409216e-03   6.1296364e-03   4.2766916e-04
  -1.0579341e-01   9.7946119e-02  -2.9030192e+00  -8.4678889e-03   5.6970947e-03   6.6001758e-04
  -1.5397846e-01   8.2568201e-02  -3.0311503e+00  -5.8737774e-03   9.4495079e-03   1.8323448e-03
  -7.4082709e-02   1.5166455e-01  -2.5099466e+00   3.1181861e-03   1.6135520e-03   3.0218236e-03
  -2.4412715e-01   1.0955712e-01  -7.8506890e-01   1.6734598e-02   6.0072043e-03   2.9379148e-03
  -2.8273408e-01   9.5535333e-02  -1.7664543e+00  -1.5855244e-03   1.0165745e-02   2.2085921e-03
  -2.3986450e-01   9.5628658e-02  -1.6257945e+00   3.0453392e-04   6.2028027e-03   1.4423687e-03
  -2.0975496e-01   4.2755399e-02  -1.2126144e+00   6.0178171e-03   1.2962668e-02   1.4694640e-03
  -2.3503546e-01   7.7987660e-02  -1.6094640e+00   1.5120917e-03   1.1548278e-02   1.5464041e-03
  -2.0256638e-01   4.2294783e-02  -1.5376730e+00   1.7805884e-03   1.0801127e-02   1.0596410e-03
  -1.9540690e-01   9.0793672e-04  -1.6221957e+00   2.3775858e-03   1.1089930e-02   1.3387401e-03
  -1.9560736e-01   6.3651408e-02  -1.6248282e+00   1.2996751e-03   1.0328841e-02   1.5473298e-03
  -2.1368535e-01   7.3298384e-02  -1.6959735e+00  -3.8169022e-04   1.0178081e-02   1.3020081e-03
  -2.0282345e-01   6.6004394e-02  -1.6354697e+00   1.1554542e-03   1.0177877e-02   1.2270182e-03
  -1.1371799e-01   6.2988134e-02  -3.4978282e+00  -6.1775555e-03   1.7276656e-02   1.5250462e-03
  -1.0984775e-01   1.6111128e-01  -3.8776423e+00  -1.2387008e-02   1.4010055e-02   1.5295196e-03
  -1.0101014e-01   1.2150986e-01  -3.8240946e+00  -1.1743036e-02   1.5120325e-02   9.0849551e-04
  -9.5201538e-02   1.4344285e-01  -3.8775252e+00  -1.2047687e-02   1.4720376e-02   6.7899652e-04
  -8.4751480e-02   1.4135621e-01  -3.9113995e+00  -1.3641091e-02   1.3977349e-02   5.8880941e-04
  -1.7660260e-01   2.4560164e-01  -3.7783255e+00  -1.4310888e-02   1.5914396e-02   1.6774447e-03
  -1.4009503e-01   1.6105875e-01  -3.7868894e+00  -1.4268001e-02   1.5009087e-02   3.7598871e-05
  -1.3978869e-01   1.5162314e-01  -3.8056979e+00  -1.5019776e-02   1.5912534e-02  -5.5109007e-04
  -1.3375600e-01   1.5251199e-01  -3.9576668e+00  -1.5644892e-02   1.5982640e-02   4.5964078e-04
  -1.3882360e-01   1.5200838e-01  -3.9508959e+00  -1.4812372e-02   1.5854608e-02   8.5050074e-04
  -1.1968726e-01   1.4297711e-01  -3.9575297e+00  -1.4913466e-02   1.5629883e-02   1.6392808e-04
  -1.3111457e-01   1.4321979e-01  -3.9818093e+00  -1.2817826e-02   1.6208951e-02   7.4019876e-04
  -1.2302338e-01   1.5875276e-01  -4.0856728e+00  -1.5350129e-02   1.5289102e-02   2.6485478e-04
  -1.0935111e-01   1.6737748e-01  -4.0867953e+00  -1.6041650e-02   1.5297735e-02   1.6461984e-04
  -1.0811406e-01   1.5584667e-01  -4.0533760e+00  -1.1808192e-02   1.9143931e-02   2.3322777e-04
  -9.4189959e-02   1.6914500e-01  -4.2674896e+00  -1.4548508e-02   1.6580613e-02   6.5575583e-05
  -7.4875233e-02   1.7042581e-01  -4.1811015e+00  -1.3713520e-02   1.5774643e-02  -2.8973973e-04
  -6.4176220e-02   1.1614179e-01  -3.6445562e+00  -1.6613436e-02   1.0147951e-02   4.3473113e-04
  -9.2430244e-02   1.7248253e-01  -3.5472354e+00  -1.8427992e-02   1.2995660e-02   3.1075865e-03
  -2.1256874e-01   2.8099342e-01  -4.7035520e+00  -1.9232514e-02   2.1587562e-02   3.2286936e-03
  -1.6295913e-01   1.9142160e-01  -4.5011397e+00  -1.5770886e-02   1.4779229e-02   1.9357227e-03
  -1.2617932e-01   1.6696725e-01  -4.4603973e+00  -1.5659907e-02   1.4655035e-02   9.2885976e-04
  -1.1849682e-01   1.5617853e-01  -4.4588392e+00  -1.5837430e-02   1.4410059e-02   7.2475385e-04
  -1.3753152e-01   1.2400820e-01  -4.2035548e+00  -1.0748609e-02   1.3479011e-02   1.4001410e-03
  -1.0990620e-01   1.4971137e-01  -4.3513080e+00  -1.4195646e-02   1.1069352e-02   1.5094786e-03
  -1.6271132e-01   1.6525518e-01  -4.3450129e+00  -1.5642459e-02   1.4088448e-02   1.6346279e-03
  -1.4290479e-01   1.7070931e-01  -4.3190931e+00  -1.5766308e-02   1.3041157e-02   1.1891954e-03
  -1.3260913e-01   1.4101142e-01  -4.3012964e+00  -1.4792550e-02   1.4213449e-02   1.0833123e-03
  -8.5472640e-02   9.0422889e-02  -4.1261235e+00  -1.5793005e-02   1.0482898e-02   5.6299217e-04
  -1.5043433e-01   1.1668774e-01  -3.9257112e+00  -1.0052027e-02   1.4265943e-02   1.2699544e-03
  -1.3586124e-01   1.4455630e-01  -4.1977126e+00  -1.4575673e-02   1.4278436e-02   5.8343602e-04
  -1.1688466e-01   7.6574118e-02  -4.1776488e+00  -9.3398712e-03   1.3768855e-02   8.9596417e-04
  -1.0611799e-01   1.2241849e-01  -4.1662790e+00  -1.1873588e-02   1.5249850e-02   1.8973574e-04
  -9.4939959e-02   1.1365121e-01  -4.1820326e+00  -1.3738478e-02   1.4329512e-02   8.5151215e-05
  -9.9654806e-02   9.3222560e-02  -4.1658015e+00  -1.2888529e-02   1.4382429e-02   5.6305104e-04
  -1.0517363e-01   1.0043932e-01  -4.2013539e+00  -1.3649840e-02   1.4790403e-02   4.1748637e-04
  -1.4127171e-01   1.7081812e-01  -4.2254131e+00  -1.5926175e-02   1.4889890e-02   1.1895945e-03
  -1.1323063e-01   1.1958334e-01  -4.1581873e+00  -1.3171816e-02   1.5338989e-02   1.1793220e-04
  -1.4735316e-01   1.7929876e-01  -4.1662955e+00  -1.5613715e-02   1.6885332e-02   5.0769371e-04
  -1.1315442e-01   1.4140064e-01  -4.1806167e+00  -1.5882292e-02   1.3779625e-02   2.2182900e-05
  -6.9727094e-02   6.8156578e-02  -3.3623603e+00  -3.5471101e-03   9.2130351e-03  -1.1247877e-03
  -8.8200589e-02   1.2345826e-01  -3.5169061e+00  -8.4973413e-03   1.0782221e-02  -9.2860465e-04
  -9.5645436e-02   5.6656886e-02  -3.5870670e+00  -7.7633079e-03   1.2232458e-02  -8.9864672e-04
  -9.2251557e-02   6.7015498e-02  -3.6444342e+00  -8.4624950e-03   1.1920392e-02  -6.1756981e-04
  -1.0449453e-01   9.5835372e-02  -3.7025701e+00  -9.1750543e-03   1.2425293e-02  -2.5076496e-04
  -1.0532614e-01   9.8189980e-02  -3.7855730e+00  -1.0443231e-02   1.2799156e-02  -6.2304679e-04
  -9.3028283e-02   8.7690523e-02  -3.8387594e+00  -1.0716758e-02   1.1982204e-02  -7.7580730e-04
  -9.1480269e-02   1.1894421e-01  -3.8427239e+00  -1.0528470e-02   1.2187071e-02  -8.8612613e-04
  -1.0091456e-01   9.1854232e-02  -3.8743907e+00  -1.0571980e-02   1.2273591e-02  -2.2334950e-04
  -1.0344736e-01   1.0182442e-01  -3.8808961e+00  -1.2013698e-02   1.2119423e-02  -4.3777844e-04
   2.0716556e-02   3.1152864e-03  -3.2567408e+00  -1.7704903e-02   1.9838533e-03   1.0932890e-03
  -1.4066251e-01   1.4351638e-02  -1.5277093e+00   9.1236371e-03  -8.3539923e-03   2.8730882e-03
   4.7663241e-03   7.5236713e-02  -2.8068860e+00   3.7933117e-04  -1.3255139e-02  -7.5347194e-04
  -1.3292699e-02   1.2219964e-01  -3.2048237e+00  -8.6340120e-03  -1.0503569e-02  -6.6712599e-04
  -2.1105487e-02   9.3303678e-02  -3.2108881e+00  -8.6936544e-03  -9.2915491e-03  -4.4997206e-04
  -2.6234880e-02   9.5912571e-02  -3.2578799e+00  -8.9716399e-03  -8.8258426e-03  -1.1159966e-04
  -5.3169130e-02   6.5302237e-02  -3.2937792e+00  -8.6442560e-03  -6.5447848e-03   4.3952272e-04
  -5.0569955e-02   9.6445442e-02  -3.2025705e+00  -8.5464723e-03  -4.8694414e-03   2.0856954e-05
  -4.4119757e-02   9.4817516e-02  -3.2518158e+00  -9.5580873e-03  -5.3332543e-03  -2.7523113e-04
  -3.8941287e-02   7.8605045e-02  -3.2450462e+00  -9.1385978e-03  -4.7773151e-03  -2.6656505e-04
  -3.5375893e-02   8.3448289e-02  -3.3056423e+00  -1.0113962e-02  -5.3225251e-03  -2.2397915e-04
  -9.0369470e-02   7.5576475e-02  -3.2836046e+00  -9.7759528e-03  -2.4109225e-03   5.5416218e-04
  -8.3741768e-02   9.8677894e-02  -3.2805448e+00  -1.0425403e-02  -2.9779480e-03   4.7988386e-04
  -8.1480225e-02   1.1004613e-01  -3.3086613e+00  -1.0668641e-02  -2.8437814e-03   3.8785412e-04
  -7.7011619e-02   8.9956597e-02  -3.3135995e+00  -1.0733343e-02  -2.8568811e-03   3.5778083e-04
  -1.0208709e-01   9.9296666e-02  -3.3251631e+00  -1.0709434e-02  -1.8323761e-03   1.3674743e-03
  -9.4614336e-02   1.0337570e-01  -3.3307123e+00  -1.1360735e-02  -2.1427175e-03   6.7391561e-04
  -9.5562397e-02   1.0996164e-01  -3.4844798e+00  -1.1675112e-02  -1.8688719e-03   1.2638923e-03
  -9.6590846e-02   1.2374038e-01  -3.4174792e+00  -1.1674611e-02  -2.0034356e-03   7.1634370e-04
  -1.0786173e-01   1.1118954e-01  -3.3606957e+00  -9.7612915e-03  -1.1409715e-03   1.1594460e-03
  -1.1496191e-01   1.3049970e-01  -3.3705277e+00  -1.1082631e-02  -1.4269408e-03   7.9268869e-04
  -1.1889073e-01   1.0192028e-01  -3.3418314e+00  -1.0358321e-02   1.6678407e-04   1.4916319e-03
  -1.7318967e-01   1.4252818e-01  -3.4799765e+00  -9.7848777e-03   6.6094617e-03   1.8598111e-03
  -1.5950924e-01   1.2848950e-01  -3.5272135e+00  -1.5729478e-02   4.4814959e-03   1.7406675e-03
  -1.8167248e-01   1.0958182e-01  -4.1268294e+00  -1.1213078e-02   1.1339608e-02   3.2426264e-03
  -1.6881932e-01   2.1453159e-01  -4.3886648e+00  -1.8639021e-02   6.1620660e-03   2.9358103e-03
  -1.3812112e-01   1.6943132e-01  -4.1570387e+00  -1.8093616e-02   5.9152804e-03   1.5799198e-03
  -2.0420575e-01   3.1089242e-01  -4.0310184e+00  -1.8608028e-02   7.7614356e-03   3.0692955e-03
  -1.0165443e-01   1.6563846e-01  -3.9911312e+00  -1.6823654e-02   5.5286012e-03   8.3303885e-04
  -8.4848548e-02   1.5530461e-01  -4.0351903e+00  -1.5723824e-02   5.6845007e-03   7.0156876e-04
  -7.4454648e-02   1.3784872e-01  -3.8847448e+00  -1.5690841e-02   1.4233302e-03   4.2181305e-04
  -3.5873275e-02   1.4600728e-01  -3.7452227e+00  -1.1881778e-02   5.7794684e-04  -3.3088223e-04
  -4.8092983e-02   1.3646490e-01  -3.7595060e+00  -1.2099387e-02   1.2178588e-03  -3.2927741e-04
  -6.4342586e-02   1.0687831e-01  -3.7941290e+00  -1.2082009e-02   2.5642076e-03   2.5871439e-04
  -7.6029350e-02   1.4032546e-01  -3.8028394e+00  -1.3004993e-02   2.6539785e-03   1.8137935e-04
  -1.2068170e-01   1.3510403e-01  -3.7674126e+00  -1.1987659e-02   5.4442182e-03   8.0366813e-04
  -9.3389379e-02   1.5554908e-01  -3.7948793e+00  -1.2911319e-02   4.4953008e-03   4.5750391e-04
  -9.7585832e-02   1.0494328e-01  -3.7522805e+00  -1.2038220e-02   5.0361952e-03   5.2585231e-04
  -8.4700556e-02   1.0611908e-01  -3.7713760e+00  -1.1541813e-02   5.1528473e-03   9.0894081e-04
  -1.1168609e-01   1.1738423e-01  -3.8165814e+00  -1.3250804e-02   5.2745717e-03   2.9068365e-04
  -1.1783810e-01   1.2639484e-01  -3.8236263e+00  -1.1808058e-02   5.3895422e-03   1.1710785e-03
  -1.2922982e-01   1.2711525e-01  -3.7701109e+00  -1.1930371e-02   8.0577798e-03  -2.4719166e-05
  -1.0041309e-01   8.7845777e-02  -3.0108419e+00  -6.7507851e-03   8.1770377e-03   1.1511513e-04
  -1.1830548e-01   8.3766192e-02  -3.3977582e+00  -8.8890708e-03   6.9300782e-03   5.9565091e-04
  -1.2142066e-01   5.4806525e-02  -3.5042048e+00  -7.2228572e-03   7.1035735e-03   1.8159455e-04
  -1.1672932e-01   1.0165679e-01  -3.6064208e+00  -1.4938852e-02   6.1353301e-03   3.1375531e-04
  -1.3979639e-01   8.3800322e-02  -3.5655248e+00  -1.0588709e-02   7.1000100e-03   2.1181647e-04
  -1.1787780e-01   9.1005168e-02  -3.5474498e+00  -1.1153868e-02   5.8801265e-03  -8.0533572e-05
  -6.8076640e-02   9.7273661e-03  -3.5449478e+00  -1.2449845e-02   1.8798333e-03  -5.3665027e-04
  -7.3659585e-02   4.9627573e-02  -3.0621715e+00  -4.2370115e-03  -3.7014215e-04  -3.1874001e-04
  -8.1739583e-02   7.2303425e-02  -3.2108176e+00  -7.1562165e-03   1.4267339e-03  -2.8714328e-04
  -9.1905900e-02   7.5126552e-02  -3.2428740e+00  -6.6788907e-03   2.7673693e-03  -2.1905876e-04
  -1.0712287e-01   8.4383230e-02  -3.4669450e+00  -1.0590105e-02   3.8578937e-03  -2.8637535e-04
  -1.0389326e-01   7.7678786e-02  -3.4464491e+00  -1.0608812e-02   3.7469359e-03  -3.9774262e-04
  -1.0083591e-01   6.4002005e-02  -3.5118979e+00  -1.0027010e-02   4.0162418e-03  -1.8908613e-04
  -9.1292563e-02   6.7855173e-02  -3.5500361e+00  -8.0940200e-03   3.9887608e-03  -1.9437274e-04
  -9.9649467e-02   9.3413479e-02  -3.5237421e+00  -1.1239764e-02   2.8147864e-03  -2.3607883e-04
  -1.3425347e-01   1.2376872e-01  -3.5057936e+00  -1.1161539e-02   5.7804128e-03   3.4171153e-04
  -1.2914092e-01   1.4533030e-01  -3.5069132e+00  -1.2403947e-02   5.3711635e-03  -7.0738060e-04
  -1.2297871e-01   1.1110159e-01  -3.4937500e+00  -1.1349842e-02   5.3970805e-03  -4.2178231e-04
  -1.8738612e-01   1.0867129e-01  -3.4789820e+00  -1.0258561e-02   1.1471192e-02   8.9179756e-04
  -1.6128915e-01   1.1229047e-01  -3.4868068e+00  -1.1520641e-02   9.1511167e-03   1.9915228e-04
  -1.3196900e-01   7.5759870e-02  -3.4820033e+00  -1.0437862e-02   6.9406771e-03  -7.1405667e-05
  -1.1971606e-01   7.7243873e-02  -3.4812352e+00  -1.0814247e-02   5.3201572e-03  -2.0009017e-04
  -1.1192986e-01   1.0109022e-01  -3.4555469e+00  -1.0029287e-02   5.3096877e-03  -5.0996643e-04
  -1.0702287e-01   1.2556828e-01  -3.4865139e+00  -1.0649059e-02   4.9594080e-03  -4.8391350e-04
  -1.0776552e-01   9.8286898e-02  -3.4856145e+00  -9.8749839e-03   4.8090399e-03  -5.4244740e-04
  -1.0794767e-01   1.0344592e-01  -3.5079823e+00  -9.9410834e-03   4.3427102e-03  -3.8541297e-04
  -1.4281949e-01   1.1432453e-01  -3.7395195e+00  -1.0036943e-02   8.4793798e-03   6.5944223e-04
  -1.6158283e-01   1.5678044e-01  -3.6862540e+00  -1.2552622e-02   9.6947160e-03   1.5439793e-03
  -1.0185668e-01   3.7738408e-02  -3.5445579e+00  -1.1441106e-02   6.1731425e-03   1.7634272e-03
  -9.0058690e-02   1.3495072e-01  -2.5072260e+00   8.8468516e-03   1.1091662e-03   1.4247738e-03
  -1.9178235e-01   1.2354356e-01  -3.7942830e+00  -7.2002423e-03   9.0298775e-03   1.8482952e-03
  -1.2487083e-01   2.7451375e-02  -3.7112522e+00  -9.3831247e-03   6.5261845e-03   8.8561541e-04
  -8.2881258e-02   5.7706812e-02  -3.6371692e+00  -6.0984674e-03   5.1192529e-03   6.7662697e-04
  -3.0689018e-02  -2.9955960e-02  -3.4976131e+00  -3.4815589e-03   5.9994218e-03  -6.0448827e-04
  -6.6193774e-02   2.7652531e-02  -3.0322692e+00  -7.9152987e-04   4.1867332e-03  -7.3029265e-04
  -1.4035058e-01   9.9580930e-02  -3.4357803e+00  -6.4681917e-03   7.7033623e-03   7.4493755e-04
  -1.3214117e-01   1.1417916e-01  -3.3779981e+00  -8.3661432e-03   6.2249023e-03   4.5946842e-04
  -1.3333671e-01   1.3896258e-01  -3.3458718e+00  -1.0154118e-02   6.3697260e-03   1.5508066e-03
  -1.3043033e-01   7.6971524e-03  -3.5153850e+00   4.4852691e-03   7.0520776e-03   1.1111387e-03
  -1.1879404e-01   1.5180377e-01  -4.0656479e+00  -1.4133036e-02   5.0439245e-03   8.4699534e-04
  -1.0857846e-01   1.0005935e-01  -3.9315975e+00  -1.3394574e-02   5.2264717e-03   4.4318392e-04
  -9.4550212e-02   1.3223582e-01  -3.9403662e+00  -1.2869039e-02   5.5978506e-03   5.5999740e-05
  -1.3944610e-01   1.9719199e-01  -4.0274790e+00  -1.5085542e-02   5.8592752e-03   1.2341669e-03
  -7.1591416e-02   1.0145252e-01  -3.6610380e+00  -1.0491550e-02   2.8283273e-03  -4.0835227e-04
   1.3552369e-02   2.7061966e-01  -3.7258089e+00  -1.7172405e-02  -2.0718670e-03   2.4648790e-03
  -6.1137745e-02   1.5193705e-01  -3.7411305e+00  -1.2959467e-02   2.3719767e-03   9.6898848e-04
  -5.7427231e-02   1.5384254e-01  -3.7827731e+00  -1.4372025e-02   2.3515856e-03   2.3215504e-04
  -5.7501879e-02   1.4757025e-01  -3.7850052e+00  -1.4343131e-02   1.6531535e-03   3.2126118e-04
  -6.3566993e-02   9.8378667e-02  -3.8506237e+00  -1.2612879e-02   2.4083995e-03   1.0458827e-03
  -1.0880163e-01   1.3628654e-01  -3.9089455e+00  -1.2798853e-02   7.1441101e-03   1.0808125e-03
  -9.3117811e-02   1.5224557e-01  -3.9858532e+00  -1.5824619e-02   4.8599271e-03   7.0484957e-04
  -8.4744015e-02   1.2735128e-01  -3.9671205e+00  -1.5013456e-02   4.8855066e-03   3.6789576e-04
  -6.9672473e-02   1.4131870e-01  -4.0128068e+00  -1.5656190e-02   3.4278820e-03   2.2009306e-04
  -6.7105616e-02   1.5583402e-01  -3.9846190e+00  -1.5851897e-02   3.3663878e-03   3.0674594e-04
  -3.5797621e-02   1.1892039e-01  -3.9631577e+00  -1.5208623e-02  -1.6865232e-04   1.3792811e-04
  -5.4191856e-02   1.5270719e-01  -3.9409984e+00  -1.5310185e-02   1.2098450e-03   5.5979242e-04
  -9.3616639e-02   1.5405852e-01  -4.0538169e+00  -1.7181683e-02   2.6502668e-03   3.8840748e-04
  -9.6151658e-02   1.4303211e-01  -4.1060719e+00  -1.4247420e-02   5.0679529e-03   3.9676028e-04
  -1.0122777e-01   1.3892426e-01  -4.0436431e+00  -1.5971683e-02   4.1793455e-03   5.7272401e-04
  -7.9636642e-02   1.2397098e-01  -3.9820699e+00  -1.4937332e-02   4.4197307e-03   7.2344844e-04
  -1.4353856e-01   1.9056120e-01  -4.0315944e+00  -1.7374235e-02   6.2483960e-03   5.2380766e-04
  -1.0141246e-01   1.4552465e-01  -4.0167933e+00  -1.6870966e-02   4.0536096e-03  -4.2066209e-05
  -4.9490026e-02   6.6713771e-02  -4.0065825e+00  -1.0786734e-02   1.4837764e-03   8.8500411e-04
  -7.3849366e-02   1.6449245e-01  -3.7836414e+00  -1.2421260e-02   2.6824205e-03  -4.9430406e-05
  -1.1221148e-01   1.1935729e-01  -3.8151157e+00  -1.2829152e-02   5.0199727e-03   7.4355928e-04
  -1.2860177e-01   1.2969447e-01  -3.8517157e+00  -1.3269620e-02   7.2811116e-03   8.9660853e-04
  -1.2462313e-01   1.4799405e-01  -3.8539001e+00  -1.4543034e-02   6.5136419e-03   6.7992548e-04
  -1.1627890e-01   1.1938257e-01  -3.8423269e+00  -1.3859393e-02   6.3015027e-03   6.0546735e-04
  -1.0060112e-01   1.3938686e-01  -3.8996862e+00  -1.4479692e-02   4.8562485e-03   1.9176505e-04
  -8.9334033e-02   1.4274022e-01  -3.9086271e+00  -1.5494774e-02   4.7118723e-03   9.6212062e-05
  -8.7828349e-02   1.6178030e-01  -3.9206595e+00  -1.5574833e-02   4.4904337e-03   2.0234608e-04
  -1.2194228e-01   1.0147514e-01  -3.9163923e+00  -1.4299969e-02   5.7968088e-03   1.9995585e-03
  -1.2453445e-01   1.8843904e-01  -4.2038949e+00  -1.6030737e-02   6.0883326e-03   1.0376750e-03
  -1.0424105e-01   1.6112987e-01  -4.1273394e+00  -1.6336134e-02   4.3734696e-03   7.4819764e-04
  -1.1597822e-01   1.6084758e-01  -4.1970134e+00  -1.5779954e-02   5.5803335e-03   7.2703476e-04
  -1.2054203e-01   2.1688228e-01  -4.1898532e+00  -1.8655160e-02   5.2435237e-03   1.6281515e-03
  -4.9973071e-02   1.1537587e-01  -2.5436641e+00   3.3274176e-03  -2.9258536e-03   2.2130750e-03
  -2.1728031e-01   3.0867276e-01  -4.7607685e+00  -2.1127973e-02   9.9921629e-03   4.0953860e-03
  -2.0002763e-01   3.6899804e-01  -4.9728698e+00  -2.8201098e-02   1.0626549e-02   3.6249273e-03
  -1.5116306e-01   2.3919830e-01  -4.9848874e+00  -2.0527217e-02   5.2273951e-03   2.3279624e-03
  -1.8163243e-01   2.1694368e-01  -4.6779348e+00  -2.0647177e-02   6.0480065e-03   2.1013637e-03
  -1.3967530e-01   1.9199917e-01  -4.4149622e+00  -1.7662404e-02   5.1622707e-03   9.7017056e-04
  -1.3226314e-01   2.0278642e-01  -4.3992767e+00  -1.7388417e-02   5.2378667e-03   8.0910712e-04
  -1.2330790e-01   1.8625363e-01  -4.4046615e+00  -1.8155757e-02   5.1626847e-03   5.1462201e-04
  -2.9101980e-01   3.9796419e-01  -4.3478207e+00  -2.2699593e-02   9.1889828e-03   8.6829511e-04
  -1.2659763e-01   1.8781490e-01  -4.3430231e+00  -1.7004921e-02   5.7227690e-03   9.0664087e-04
  -1.5825346e-01   2.1811734e-01  -4.3341502e+00  -1.8538107e-02   6.9875417e-03   3.1033769e-04
  -1.3209756e-01   1.5538523e-01  -4.3378721e+00  -1.6727169e-02   6.0168322e-03   8.9089722e-04
  -1.1936331e-01   1.5807934e-01  -4.2654749e+00  -1.6824905e-02   5.3684103e-03   3.7548280e-05
  -1.3238382e-01   1.3495956e-01  -4.2554705e+00  -1.4560643e-02   7.4829557e-03   3.6270963e-04
  -1.2086256e-01   1.4880891e-01  -4.2987781e+00  -1.5446894e-02   7.8048350e-03  -9.9200694e-05
  -1.2319422e-01   1.1453571e-01  -4.2881547e+00  -1.5590643e-02   7.2167300e-03   1.6053341e-04
  -1.3627387e-01   1.3962141e-01  -4.3292376e+00  -1.5649882e-02   8.0415323e-03   3.6736579e-04
  -1.1365201e-01   1.5274628e-01  -4.5741779e+00  -1.7341971e-02   5.1227083e-03   4.9504394e-04
  -1.1067860e-01   1.7511346e-01  -4.3897538e+00  -1.5367131e-02   4.3517896e-03   4.1267900e-04
  -1.2952841e-01   1.0857196e-01  -4.4144174e+00  -1.2955959e-02   7.9391642e-03   1.1725197e-03
  -1.1136028e-01   1.5587450e-01  -4.3712000e+00  -1.6715890e-02   5.7484814e-03   6.3946525e-04
  -5.6879341e-02   9.9041495e-02  -3.9930231e+00  -1.0834729e-02   2.7820417e-03  -9.0285973e-05
  -5.2882547e-02   1.3207336e-01  -4.1032003e+00  -1.3343227e-02   1.7307830e-03  -1.8261161e-04
  -5.8706085e-02   9.5416415e-02  -3.8821936e+00  -1.5993345e-02   2.2506718e-04  -9.3404910e-04
  -7.3022238e-02   1.4015924e-01  -3.8708794e+00  -1.2760390e-02   2.2888112e-03  -6.1830655e-04
  -1.0552407e-01   1.3845076e-01  -4.0870011e+00  -1.2988994e-02   4.3773099e-03  -1.7254167e-04
  -9.2187068e-02   1.0766685e-01  -4.0908141e+00  -1.3518358e-02   4.8560531e-03  -5.2867576e-04
  -8.9988686e-02   1.1084981e-01  -4.0894428e+00  -1.4315261e-02   4.6687572e-03  -6.7760330e-04
  -9.8113857e-02   8.4419481e-02  -4.0899420e+00  -1.3019240e-02   6.0262772e-03  -2.4946152e-04
  -9.4555988e-02   1.2620245e-01  -4.1257721e+00  -1.4189421e-02   5.4523385e-03  -5.5848803e-04
  -7.3283994e-02   4.8714635e-01  -4.1416624e+00  -2.1843332e-02   8.3455222e-03  -8.5891696e-04
  -1.7439292e-01   1.7898120e-01  -4.1420767e+00  -1.4899893e-02   7.5019998e-03   1.5136617e-03
  -1.2894244e-01   1.4415763e-01  -4.1227362e+00  -1.5027248e-02   7.1136306e-03   2.7565712e-04
  -1.9530256e-01   2.5142458e-01  -4.1233424e+00  -1.4544381e-02   1.1841861e-02   2.9907607e-03
  -2.7790198e-01   2.5417487e-01  -5.2325873e+00  -1.7832057e-02   1.7318214e-02   4.3724478e-03
  -1.3658022e-01   3.8962868e-01  -3.5028231e+00  -1.9306430e-02   4.0089208e-03   4.1948921e-03
  -1.0584031e-01   4.0653942e-01  -4.0573506e+00  -2.5590415e-02   1.4629208e-02   8.1275459e-04
  -2.0417726e-01   2.2277423e-01  -3.8709133e+00  -1.7911055e-02   8.9707212e-03   2.6207396e-03
  -1.8511272e-01  -9.3463717e-03  -3.5295042e+00  -1.0860558e-02   1.4975923e-02   1.3479553e-03
  -2.1920690e-01   4.1823810e-02  -3.6287555e+00  -2.5547085e-03   1.3232978e-02   1.5169224e-03
  -1.9842348e-01   1.1720208e-01  -4.0797049e+00  -1.2788347e-02   1.0492808e-02   1.6321766e-03
  -1.7425795e-01   1.0417454e-01  -3.9249435e+00  -1.2751543e-02   1.0139371e-02   1.3529719e-03
  -2.1596396e-01   1.7714802e-01  -3.9273433e+00  -1.5257351e-02   1.0291041e-02   2.4036134e-03
  -1.7882372e-01   8.7302921e-02  -3.8187649e+00  -1.1583102e-02   1.0782074e-02   1.8968457e-03
  -1.5031768e-01   7.6507265e-02  -3.7595214e+00  -1.1245114e-02   9.1243258e-03   1.2998713e-03
  -7.4201605e-02   9.0088354e-03  -3.1182401e+00  -1.1099021e-03   3.4852793e-03   2.1536496e-04
  -9.9853028e-02   7.9270067e-02  -3.2921512e+00  -5.4884873e-03   4.6028417e-03   6.9485345e-04
  -8.4251966e-02   2.4958863e-02  -3.4036731e+00  -5.5052105e-03   3.9485823e-03   3.9633567e-04
  -9.4120747e-02   8.2811965e-02  -3.5300026e+00  -7.6837580e-03   4.2861691e-03   6.3894412e-04
  -1.0240224e-01   7.6481433e-02  -3.5762868e+00  -9.2336906e-03   5.1542945e-03   6.4195757e-04
  -1.1395922e-01   8.1084264e-02  -3.6828929e+00  -1.0930196e-02   6.2686763e-03   6.3419892e-04
  -1.0089391e-01   6.5255101e-02  -3.6333034e+00  -1.0020399e-02   6.6614946e-03   5.6365219e-04
  -9.3971458e-02   6.5865894e-02  -3.6210348e+00  -1.0606000e-02   6.7025909e-03   4.5008681e-04
  -9.8598567e-02   6.6274725e-02  -3.6267046e+00  -1.0436648e-02   6.8678280e-03   4.3825095e-04
  -9.6022277e-02   9.9777815e-02  -3.6438417e+00  -1.1683032e-02   6.3725868e-03   3.6875246e-04
  -1.2114109e-01   4.8513937e-02  -3.5960369e+00  -9.5025108e-03   7.5994045e-03   7.0497447e-04
  -9.0588084e-02   7.8980510e-02  -3.6122257e+00  -9.7281048e-03   7.3909377e-03  -3.0417632e-04
  -1.1707142e-01   7.9291268e-02  -3.5466778e+00  -9.3170517e-03   6.6350483e-03   1.0551041e-04
  -2.7851203e-01   3.7918398e-01  -3.5745828e+00  -1.7343424e-02   7.8339364e-03   2.7650724e-03
  -1.5330506e-01   9.5946744e-02  -3.6921556e+00  -9.1515097e-03   9.1377298e-03   5.7780700e-04
  -1.4239591e-01   1.1640416e-01  -3.6632752e+00  -1.0559323e-02   9.6044577e-03  -5.2620214e-04
  -1.4253554e-01   6.8959505e-02  -3.6541911e+00  -9.7994479e-03   8.8626740e-03   5.2914374e-04
  -1.4378006e-01   7.7392522e-02  -3.7349045e+00  -8.7795619e-03   9.5175122e-03   4.7899124e-04
  -1.3877182e-01   1.1292223e-01  -3.6841588e+00  -1.0816077e-02   8.4675938e-03   1.1257062e-04
  -1.3250840e-01   8.7184391e-02  -3.6756982e+00  -1.0848561e-02   8.1718105e-03   6.4828402e-05
  -1.2129096e-01   7.3950374e-02  -3.6838564e+00  -1.0556142e-02   7.9021076e-03   6.0074301e-06
  -1.8126078e-01   1.2869489e-01  -3.7857675e+00  -1.0839737e-02   1.0457866e-02   6.7934797e-04
  -1.3992866e-01   1.0412856e-01  -3.7116132e+00  -1.1823806e-02   7.9119564e-03   5.0169149e-04
  -1.1313566e-01   9.3341800e-02  -3.6033381e+00  -9.0536952e-03   6.8051424e-03  -7.2601996e-05
  -9.1460269e-02   8.6937143e-02  -3.6200557e+00  -1.0330498e-02   4.8639158e-03  -2.3665189e-04
  -7.3236465e-02   1.0628374e-01  -3.5381745e+00  -1.0148719e-02   3.7684856e-03  -2.5229674e-04
  -7.8737981e-02   8.6644597e-02  -3.5612171e+00  -9.8065966e-03   4.9062086e-03  -3.4104689e-04
  -1.2119559e-01   6.6955631e-02  -3.6677118e+00  -9.9259417e-03   7.6118145e-03   3.6691600e-04
  -1.3647241e-01   8.3771437e-02  -3.6699512e+00  -1.0099413e-02   7.8842629e-03   1.0576304e-03
  -1.4163713e-01   1.0877003e-01  -3.6819650e+00  -1.1204703e-02   7.6675813e-03   8.6248366e-04
  -1.4519239e-01   5.3471612e-02  -3.7404087e+00  -8.8906525e-03   9.4099225e-03   1.0723974e-03
  -1.3365296e-01   9.0895188e-02  -3.7643792e+00  -1.1169949e-02   8.4495854e-03   8.8422776e-04
  -1.1614532e-01   9.4876640e-02  -3.7009560e+00  -1.0802473e-02   7.5533013e-03   3.6579893e-04
  -1.7242437e-01   1.0068186e-01  -3.6304220e+00  -7.6776099e-03   1.0735090e-02   7.5345757e-04
  -1.2102688e-01   1.0896765e-01  -3.8347999e+00  -1.1691857e-02   6.0950569e-03   5.9159618e-04
  -2.1985913e-01   8.8324660e-02  -3.5137569e+00  -8.0892013e-03   1.3445771e-02   1.4801442e-03
  -1.7294026e-01   9.9611298e-02  -3.7449986e+00  -1.1057330e-02   1.0210505e-02   7.2796900e-04
  -1.5885230e-01   1.1754685e-01  -3.7251896e+00  -1.1988122e-02   9.4691694e-03   4.7912091e-04
  -1.4521725e-01   9.9394522e-02  -3.7048859e+00  -1.2488458e-02   9.0524242e-03   3.0241431e-04
  -1.6124878e-01   1.0029078e-01  -3.7598522e+00  -1.0810986e-02   9.1138863e-03   7.5840039e-04
  -1.5676067e-01   1.0383350e-01  -3.6427964e+00  -1.1232077e-02   6.2358554e-03   6.6753960e-04
  -1.4318950e-01   1.2211297e-01  -3.5931958e+00  -9.2770947e-03   8.7331175e-03   1.4402511e-03
  -5.0183476e-02   1.0147085e-01  -3.6588704e+00  -9.0026478e-03   5.9419373e-03  -2.8978370e-04
  -9.7303518e-02   4.5395319e-02  -3.7164399e+00  -1.0132509e-02   7.7237356e-03   1.0894128e-03
  -1.1479731e-01   5.5504333e-02  -3.2162299e+00  -2.9063198e-03   7.3002391e-03   3.9137430e-04
  -1.2437359e-01   2.6955640e-02  -3.3746093e+00  -4.5262249e-03   8.5754637e-03   4.8278348e-04
  -1.1560793e-01   6.8914506e-02  -3.4383962e+00  -7.5396032e-03   8.1178457e-03   4.5820872e-04
  -9.5895807e-02   1.8291609e-02  -3.4178786e+00  -5.3403447e-03   7.6712843e-03   1.5095177e-04
  -7.1897542e-02   3.4532029e-02  -3.3386241e+00  -5.0037500e-03   3.1506892e-03   4.3794669e-04
  -9.3113777e-02   3.3975370e-02  -3.4120312e+00  -4.4906178e-03   4.8776784e-03   2.0201531e-04
  -8.6329265e-02  -9.5716160e-03  -3.0472084e+00   1.7615633e-06   5.0087242e-03   2.1988690e-05
  -9.3861645e-02   5.0038891e-02  -3.1342792e+00  -1.9127122e-03   4.5699313e-03   1.2531612e-04
  -1.9044348e-01   1.0539176e-01  -3.4080781e+00  -4.9729548e-03   8.5191080e-03   9.8483213e-04
  -1.6366961e-01   5.2548710e-02  -3.3627264e+00  -4.6926278e-03   8.6302250e-03   7.9046593e-04
  -1.1984548e-01   5.0040110e-02  -3.4160091e+00  -7.4157539e-03   8.0115687e-03   1.3358660e-04
  -1.2855415e-01   3.7249659e-02  -3.3977447e+00  -5.9838337e-03   7.8317495e-03  -2.4075867e-05
  -1.2729445e-01   7.9978838e-02  -3.4898979e+00  -7.4994928e-03   7.2224104e-03  -5.1098716e-05
  -1.5607086e-01   4.8661429e-02  -3.5067339e+00  -6.9441659e-03   8.7192123e-03   4.4877624e-04
  -1.3869413e-01   6.7125694e-02  -3.5092059e+00  -7.7101874e-03   8.0532320e-03   2.6490396e-04
  -8.4238947e-02  -1.1561123e-02  -3.4390072e+00  -8.0653098e-03   2.0794176e-03  -4.5249044e-04
  -6.3672680e-02  -8.8137795e-03  -3.1053742e+00  -1.8889023e-03  -2.6000372e-03  -6.1027680e-04
  -8.1283758e-02   3.2155885e-02  -3.1272355e+00  -3.3558788e-03  -1.2373143e-03  -4.2426612e-04
  -7.6623353e-02   1.1714895e-02  -3.2519497e+00  -3.8902801e-03   8.3980883e-05  -4.6981664e-04
  -1.0832391e-01   3.4520941e-02  -3.4331309e+00  -5.2145332e-03   2.6434302e-03   2.6957828e-05
  -1.2883371e-01   5.5449103e-02  -3.5431959e+00  -8.5974840e-03   4.2803805e-03   1.4764897e-04
  -1.3396359e-01   3.6872961e-02  -3.5325687e+00  -6.7748609e-03   4.9617753e-03   3.4179253e-04
  -1.2970779e-01   6.4512864e-02  -3.5438657e+00  -7.3075297e-03   4.6852762e-03  -2.6966615e-05
  -1.3278808e-01   4.1933000e-02  -3.5537122e+00  -7.1739304e-03   4.1822109e-03   4.0424869e-04
  -1.2224441e-01   4.3758904e-02  -3.5212247e+00  -9.5716550e-03   2.7837128e-03  -1.6340255e-03
  -1.2453668e-01   5.8947416e-02  -3.6063093e+00  -7.2379092e-03   4.3486434e-03   2.7317028e-04
  -1.0766524e-01   6.1921363e-02  -3.5573394e+00  -8.3852845e-03   4.4531360e-03   3.0437587e-05
  -1.0438701e-01   5.7891307e-02  -3.4248406e+00  -5.4939747e-03   3.8630416e-03  -4.5791730e-04
  -7.7158053e-02   1.2555231e-02  -3.4591310e+00  -7.0037477e-03   1.3500332e-03  -9.3650979e-04
  -7.1904574e-02   3.4068776e-02  -3.1262873e+00  -1.8680506e-03  -4.1024487e-04  -7.4099151e-04
  -8.1750314e-02   7.5699810e-02  -3.2477623e+00  -4.9474182e-03   4.9377404e-04  -4.6704576e-04
  -1.0436340e-01   3.2846094e-02  -3.5166347e+00  -6.5302376e-03   3.2173150e-03  -2.2802237e-04
  -1.1014551e-01   6.4061637e-02  -3.5347011e+00  -6.9911257e-03   2.5385727e-03   1.3972555e-04
  -9.2669306e-02   6.6806766e-02  -3.5996409e+00  -8.1006675e-03   2.1454919e-03  -3.2687420e-04
  -1.1302478e-01   2.7551033e-02  -3.5867869e+00  -6.4950979e-03   3.4409903e-03   1.9479257e-04
  -1.0923052e-01   5.8208204e-02  -3.5543979e+00  -7.0220400e-03   2.8740575e-03  -1.1670730e-04
  -1.0629655e-01   4.1859804e-02  -3.5039280e+00  -6.6189804e-03   2.5606367e-03  -6.6747359e-05
  -9.7903313e-02   6.7738978e-02  -3.5385693e+00  -7.2813807e-03   2.4539460e-03  -2.1292325e-04
  -1.1182828e-01   8.2644647e-02  -3.5283021e+00  -8.4666107e-03   2.5870581e-03  -2.3583032e-04
  -1.0501828e-01   8.0762993e-02  -3.5381500e+00  -9.8967119e-03   7.4590910e-04   1.2123184e-04
  -1.0170784e-01   3.5561973e-01  -3.3809679e+00  -1.4102304e-02   8.8225479e-03  -2.1691141e-04
  -1.7590884e-01   1.2971782e-01  -3.6376363e+00  -1.0754984e-02   1.0080932e-02   1.6648184e-03
  -1.5253525e-01   9.8802172e-02  -3.7105401e+00  -1.0176176e-02   9.7655177e-03   6.9066243e-04
  -1.3505446e-01   1.0573370e-01  -3.7126482e+00  -1.0827223e-02   8.8287706e-03   3.3876590e-04
  -1.6272763e-01   6.7758095e-02  -3.7208661e+00  -6.5337806e-03   1.4243494e-02   7.7558856e-04
  -1.5531808e-01   1.2563966e-01  -3.8039165e+00  -1.0304363e-02   1.0018796e-02   1.0884717e-03
  -1.3969939e-01   7.4889963e-02  -3.7100647e+00  -8.3994719e-03   1.0323052e-02   9.9733891e-04
  -1.0851477e-01   4.8980254e-02  -3.6074418e+00  -6.2271900e-03   9.8649832e-03   6.3567013e-04
  -9.5631700e-02   1.9344643e-02  -3.4425954e+00  -3.5924901e-03   9.5398614e-03   5.0367606e-04
  -1.1870889e-01  -6.1023423e-02  -3.2004638e+00  -2.3895373e-03   6.3902864e-03   1.0029276e-03
  -1.3658443e-01   1.9185552e-02  -3.7226238e+00  -7.3185212e-03   7.1449419e-03   6.8465389e-04
  -8.6116963e-02   3.2393423e-02  -3.5446273e+00  -4.9320272e-03   3.0796441e-03  -2.1300925e-04
  -1.0716079e-01   7.7826439e-02  -3.7031204e+00  -8.7576123e-03   4.5328665e-03   1.4064305e-04
  -2.1734253e-01   9.3520701e-02  -3.5666633e+00  -4.0320734e-03   1.6464283e-02   2.1593055e-03
  -2.1645234e-01   1.6959095e-01  -4.4550695e+00  -1.6295422e-02   1.5024891e-02   1.9843374e-03
  -1.7559101e-01   1.1165912e-01  -4.1903703e+00  -1.4034138e-02   1.2150497e-02   1.1956561e-03
  -3.2906250e-01   3.2475560e-01  -3.8982579e+00  -1.4108689e-02   1.3907192e-02   3.4499984e-03
  -1.8639194e-01   1.7413677e-01  -3.9289414e+00  -1.1569560e-02   1.1589183e-02   2.2753304e-03
  -1.5806220e-01   7.7035986e-02  -3.8174536e+00  -1.0368076e-02   1.1559428e-02   5.6899455e-04
  -1.4587291e-01   6.4451836e-02  -3.8249541e+00  -1.0210506e-02   1.0984597e-02   4.2107401e-04
  -1.7018891e-01   6.0622149e-02  -3.6909587e+00  -6.7992227e-03   1.3131789e-02   6.1601903e-04
  -1.5292053e-01   1.3452568e-01  -3.8266563e+00  -1.1527646e-02   1.0420493e-02   1.0044615e-03
  -1.1656751e-01   7.2678548e-02  -3.6691987e+00  -6.7401538e-03   3.7957465e-03   3.9277614e-04
  -1.0023666e-01   1.0297094e-01  -3.9571840e+00  -9.4804058e-03   3.0323022e-03   7.3804463e-05
  -7.8641211e-02   4.6095668e-02  -3.8561061e+00  -8.1196413e-03   3.2574983e-03  -3.9553250e-04
  -7.7300886e-02   8.9248501e-02  -3.8626479e+00  -1.0006255e-02   1.8312525e-03  -6.7454571e-04
  -1.2754241e-02   4.4579192e-02  -3.5077391e+00  -1.3383469e-03   1.1340455e-03  -2.9082518e-04
  -6.3047735e-02   1.9050552e-01  -4.3374740e+00  -1.4361123e-02   2.8927516e-03   2.4279362e-04
  -6.3483141e-02   1.4751613e-01  -4.1232206e+00  -1.2176454e-02   3.2039334e-03  -2.7482006e-04
  -6.4842670e-02   1.5108768e-01  -4.1040577e+00  -1.1471712e-02   3.4643519e-03  -2.5220378e-04
  -9.8558129e-02   9.2250370e-02  -4.0674575e+00  -1.2616057e-02   4.7941932e-03   4.7428636e-04
  -8.0437776e-02   1.1059277e-01  -3.6314511e+00  -7.0258189e-03   5.4432714e-03  -8.6250231e-04
  -7.2475709e-02   1.0774051e-01  -3.5802853e+00  -7.4782063e-03   5.2141993e-03  -9.9393667e-04
  -9.9431352e-02   1.2199181e-01  -3.6006788e+00  -8.1666167e-03   6.3487771e-03  -4.9021701e-04
  -1.2999531e-01   9.0494523e-02  -3.6664706e+00  -7.1708359e-03   8.2982628e-03   6.2939912e-05
  -1.0387774e-01   7.2470109e-02  -3.6610643e+00  -8.8203171e-03   5.3892710e-03  -5.9388865e-04
  -8.6822297e-02   5.6683471e-02  -3.3888002e+00  -4.4957200e-03   3.5774314e-03  -6.2788810e-04
  -1.0234060e-01   7.2713458e-02  -3.5795760e+00  -6.9460772e-03   5.5519797e-03  -3.7860185e-05
  -9.8436476e-02   5.8486915e-02  -3.6190270e+00  -7.2934787e-03   5.0006075e-03  -3.8445749e-04
  -1.0261726e-01   7.3935686e-02  -3.5585498e+00  -5.5962934e-03   4.2350438e-03  -3.6045945e-05
  -1.5700139e-01   1.1624820e-01  -3.6862759e+00  -8.6264589e-03   7.6985671e-03   5.0226152e-04
  -1.3541613e-01   1.2852949e-01  -3.6942304e+00  -9.3689842e-03   6.6092514e-03   2.6584363e-04
  -1.3685094e-01   1.0216546e-01  -3.7477708e+00  -8.7222194e-03   7.3449137e-03   1.9419826e-04
  -1.3423601e-01   1.2811673e-01  -3.7062363e+00  -7.8728587e-03   6.4614036e-03  -2.4468776e-05
  -1.1753807e-01   9.9776862e-02  -3.6559500e+00  -8.1068315e-03   6.1028261e-03   1.7071702e-05
  -1.1426765e-01   1.0819181e-01  -3.6802370e+00  -8.6700757e-03   5.8615040e-03  -1.2930319e-04
  -8.2445309e-02   4.2682296e-02  -3.6597826e+00  -8.3638968e-03   2.8129498e-03  -6.7011731e-05
  -6.6653724e-02  -2.1692503e-03  -3.0114861e+00   3.2150350e-03  -2.8498735e-03  -2.3956751e-04
  -7.9231742e-02   6.8920756e-02  -3.3142176e+00  -4.4302027e-03  -5.9601998e-04  -4.6831409e-04
  -7.1335243e-02  -4.2970099e-02  -3.0887472e+00  -1.9927548e-03   4.2773270e-04  -4.5596209e-04
  -7.8503738e-02  -1.0471846e-02  -3.0335292e+00  -3.4543374e-04   6.9199309e-04  -6.0041927e-04
  -1.8277545e-01   8.7479707e-02  -3.3023540e+00  -1.7753427e-03   6.2264181e-03   5.8052815e-04
  -4.6402237e-02   9.8164669e-02  -2.9364373e+00   6.2766998e-03   6.0897544e-03   2.4579753e-03
  -2.1010437e-01   9.9112075e-02  -1.0063194e+00   2.0369504e-02   5.3108316e-03   2.7869368e-03
  -2.1858078e-01   5.4383002e-02  -2.4043366e+00   5.5692901e-03   9.8633215e-03   1.3892873e-03
  -1.9581319e-01   5.3488885e-02  -2.3819829e+00   5.1867041e-03   7.0802049e-03   1.1619456e-03
  -1.9551067e-01   1.4554600e-02  -2.4690075e+00   6.3850888e-03   7.8699175e-03   1.9184202e-03
  -2.1075674e-01   5.4204003e-02  -2.3890236e+00   4.6476949e-03   6.6658395e-03   1.7143420e-03
  -1.7183512e-01   3.8501760e-02  -2.3415512e+00   5.1784855e-03   4.4695253e-03   1.4274859e-03
  -1.5285562e-01   3.6674099e-02  -2.3427845e+00   4.1949079e-03   4.3813593e-03   9.3473978e-04
  -1.5138930e-01   2.5905378e-02  -2.3301602e+00   5.2081984e-03   4.6524702e-03   8.7745964e-04
  -1.6796782e-01   4.9785609e-02  -2.3355327e+00   4.4672983e-03   4.7640038e-03   6.9016848e-04
  -2.5209772e-01   1.3658009e-01  -2.3382266e+00   3.5229669e-04   8.6019103e-03   7.1680517e-04
  -2.4711299e-01   1.1793705e-01  -2.7361399e+00  -2.2489258e-03   1.4531110e-02   2.5735119e-03
  -2.2693554e-01   1.0477496e-01  -2.7942663e+00  -2.7903028e-03   1.3800658e-02   9.6057425e-04
  -2.0343104e-01   7.1354857e-02  -2.7613092e+00  -2.1879989e-03   1.3544292e-02   3.1083883e-04
  -1.9757865e-01   7.9550287e-02  -2.8325919e+00  -3.4234917e-03   1.3285169e-02   3.5262586e-04
  -1.8527216e-01   7.3384709e-02  -2.8993424e+00  -4.5321443e-03   1.2476473e-02   3.8709546e-04
  -1.7822775e-01   8.4099922e-02  -2.8876844e+00  -4.0150653e-03   1.1926733e-02   1.8024421e-04
  -1.6803019e-01   6.6870179e-02  -2.8926429e+00  -3.5300729e-03   1.1226431e-02  -8.8741790e-06
  -1.6410587e-01   7.2402408e-02  -2.8181747e+00  -2.9931214e-03   1.1000492e-02   7.0846145e-05
  -1.7994640e-01   4.1354338e-02  -2.7792480e+00  -1.6387746e-03   1.2462835e-02   7.2264542e-04
  -1.7875421e-01   6.1947141e-02  -2.7887002e+00  -1.8734988e-03   1.2033825e-02   3.8908608e-04
  -1.7600569e-01   8.7731021e-02  -2.8360688e+00  -3.1573131e-03   1.1859685e-02   4.1868199e-04
  -1.9049110e-01   5.0891339e-02  -2.8207205e+00  -2.2563591e-03   1.2356067e-02   2.5802303e-03
  -2.1428563e-01   6.1269105e-02  -2.8564022e+00  -2.2422305e-03   1.3492857e-02   9.1409906e-04
  -1.9167495e-01   6.7500555e-02  -2.8556026e+00  -3.0350252e-03   1.2037716e-02   6.8050093e-04
  -1.6021811e-01   5.0372117e-02  -2.8430166e+00  -2.5782406e-03   1.1119265e-02   2.8019504e-04
  -1.6496044e-01   7.7732281e-02  -2.8480232e+00  -2.6091273e-03   1.2044643e-02   5.6859834e-04
  -1.9580684e-01   4.9208614e-02  -2.9366421e+00  -3.4161557e-03   1.1585792e-02   3.8241774e-04
  -1.7604755e-01   7.7855912e-02  -2.9409791e+00  -3.9545222e-03   1.1668407e-02   3.7610395e-04
  -1.5844877e-01   4.1486691e-02  -2.9376310e+00  -4.4443009e-03   9.2740927e-03  -2.2543539e-05
  -1.4642479e-01   5.4488648e-02  -2.8177927e+00  -2.5352775e-03   8.6015474e-03  -1.3389471e-04
  -1.2632336e-01   4.7781832e-02  -2.6526648e+00   1.4602514e-03   6.9309782e-03  -2.9869453e-04
  -1.4351591e-01   7.7000220e-02  -2.7538659e+00  -1.5463540e-03   7.6449435e-03   2.1403932e-04
  -1.8431889e-01   9.3806664e-02  -2.9233952e+00   1.3394039e-03   1.1067586e-02   1.3654315e-03
  -1.9678153e-01   5.8719514e-02  -2.9948804e+00  -2.5116730e-03   1.0711953e-02   7.4722665e-04
  -1.8162271e-01   6.5818587e-02  -2.9483681e+00  -2.6177823e-03   1.0395523e-02   6.4112433e-04
  -1.9462665e-01   7.9907230e-02  -3.0476509e+00   2.7207008e-04   1.1707811e-02   1.3246489e-03
  -2.0481982e-01   8.0081993e-02  -3.0928578e+00  -4.1408947e-03   1.1148601e-02   1.1830032e-03
  -1.9743755e-01   2.8950355e-02  -3.0113209e+00  -2.2791680e-03   1.1400693e-02   2.6342875e-03
  -1.9604133e-01   1.1158737e-01  -3.2911481e+00   2.0698648e-03   1.0275699e-02   2.4719854e-03
  -1.6788075e-01   2.4583073e-01  -4.5534847e+00  -1.2407180e-02   7.0011600e-03   2.0242263e-03
  -3.6841556e-01   3.0832794e-01  -6.3865627e+00  -2.7819949e-02   1.5372073e-02   6.7582966e-03
  -3.5203346e-01   3.1088617e-01  -6.0520445e+00  -2.4338566e-02   1.3199172e-02   4.3826890e-03
  -3.0170963e-01   3.2642764e-01  -5.6845572e+00  -2.3090782e-02   9.9563563e-03   3.9192135e-03
  -1.4064112e-01  -1.0077058e-01  -4.6943016e+00  -5.2730509e-03   6.7070612e-03   2.2779484e-03
  -1.0532238e-01  -2.7368075e-01  -4.0167010e+00   6.8834599e-03   8.6502641e-03   7.0595885e-04
  -1.1426418e-01  -3.0338287e-01  -3.9487112e+00   7.6070260e-03   7.6575929e-03   1.4893409e-03
  -1.4406701e-01  -3.0311892e-01  -3.8784335e+00   1.0316964e-02   9.6285899e-03   1.3450094e-03
  -3.3188163e-01   2.6269574e-01  -4.4496261e+00  -3.4454819e-03   1.7923734e-02   4.5112306e-03
  -1.8861499e-01   4.2524416e-02  -4.4283514e+00  -8.0543664e-03   1.0217806e-02   2.6320108e-03
  -6.7795212e-02   5.0874707e-02  -4.2041892e+00   1.5952647e-03  -1.8827958e-04   1.2966491e-03
  -5.3236720e-02  -1.1525761e-01  -4.3527936e+00   3.9949583e-03  -3.4993930e-03   1.7103711e-03
  -2.8997431e-02  -3.3599778e-01  -3.5353921e+00   1.4155208e-02  -3.6370716e-03   7.1303384e-04
  -4.3507497e-02  -2.8343543e-01  -3.5675513e+00   1.2465315e-02  -3.2865800e-03   6.7049968e-04
  -6.3432450e-02  -5.0987533e-02  -3.4630938e+00   6.9323544e-03  -2.1606129e-03   1.5227493e-03
  -7.0706461e-02  -2.4402844e-01  -3.7489522e+00   9.6152287e-03   2.1988033e-03   1.4719043e-03
  -5.3254073e-02  -2.8071002e-01  -3.3683419e+00   1.4463052e-02   7.5744022e-04   2.0261841e-03
  -4.3612797e-02  -2.4175142e-01  -3.1704397e+00   1.3339435e-02   2.3829697e-04   2.0889712e-03
  -4.7880969e-02  -2.8761785e-01  -3.5359876e+00   1.4495035e-02   1.8371421e-03   2.6572935e-03
  -4.5356645e-02  -3.3937600e-01  -3.0396715e+00   1.4330215e-02   7.8400181e-04   2.0623186e-03
  -5.7356472e-04  -5.1335724e-02  -1.8396368e+00  -1.2349220e-02  -4.8404170e-03  -2.0353376e-03
  -1.3409296e-02  -2.8507756e-01  -3.6530771e+00   1.5580022e-02   1.4175107e-03   6.7182377e-04
  -6.5897283e-02  -2.1628940e-01  -3.9457377e+00   1.1479800e-02  -7.4260845e-04   1.1580135e-03
   5.4009611e-02  -3.1145643e-01  -3.2952246e+00   1.5625714e-02  -7.3894242e-03   3.2413802e-04
   3.3465656e-02  -3.0245019e-01  -3.3321789e+00   1.3614328e-02  -4.1618600e-03   1.0905156e-04
  -9.0767892e-03  -2.6087395e-01  -2.3369873e+00   1.4667615e-02  -6.8018685e-04  -1.2197791e-04
   4.0131307e-02  -4.0206680e-01  -3.0781692e+00   1.5236875e-02  -2.4100374e-04  -7.7620487e-04
   1.2083291e-02  -1.9102377e-01  -3.6485047e+00   1.2564136e-02  -5.5601364e-04  -1.1750998e-04
  -4.7507402e-02  -2.9146932e-01  -3.5216321e+00   1.1952763e-02   4.3755770e-03   5.9558295e-05
  -2.7893214e-02  -3.5569199e-01  -3.4480858e+00   1.2051038e-02   2.9958138e-03   3.6191365e-04
  -3.4220724e-02  -3.4525248e-01  -3.3001218e+00   9.6455247e-03   6.0685812e-04   2.2778092e-03
  -9.6696667e-02  -3.7943910e-01  -1.4766507e+00   1.1758627e-02   2.4721570e-04   1.8879333e-03
  -9.6214836e-02  -2.5279436e-01  -3.5065160e+00   1.0587816e-02   5.3256265e-03   5.3543482e-04
  -7.0508530e-02  -2.2890453e-01  -3.6996680e+00   6.6022523e-03   2.1305581e-03   3.3522359e-04
  -2.1771809e-02  -1.1049124e-01  -4.3106882e+00  -4.0046366e-04  -4.8749004e-03  -6.5384184e-04
  -3.2696996e-03  -9.1392901e-02  -4.2292533e+00  -1.6520657e-03  -6.5938390e-03  -1.0094729e-03
  -1.2163634e-02  -9.2566930e-02  -4.1515242e+00  -1.0065278e-03  -5.9592937e-03  -1.3624462e-03
   7.5740982e-03  -1.1093499e-01  -4.0916453e+00   1.8602966e-03  -7.1051610e-03  -1.0426789e-03
  -8.3199837e-03  -9.5943181e-02  -4.0659462e+00   1.8078931e-03  -4.9666764e-03  -1.1351221e-03
  -6.6841528e-02  -1.3553599e-01  -4.1787769e+00  -8.0828333e-05   1.0649834e-03  -3.9506084e-04
  -8.6237828e-02  -2.4355772e-02  -4.4034799e+00  -2.1369160e-03   4.7956111e-03   7.5685052e-04
  -1.2887091e-01  -3.8924607e-02  -4.3379731e+00  -1.5205904e-03   8.3076159e-03   6.2884510e-04
  -1.0968280e-01  -6.7901710e-02  -4.2722267e+00  -2.5014539e-03   6.5937465e-03   3.6115455e-04
  -1.5827940e-01   4.6260157e-02  -4.2665707e+00  -5.4095961e-03   9.5301212e-03   3.3108272e-03
  -1.6626507e-01   1.7942452e-02  -4.5764241e+00  -1.3397670e-03   1.5375075e-02   1.8911765e-03
  -1.1000198e-01   3.9473329e-02  -5.3906603e+00  -1.4459874e-02  -1.5123203e-03   2.4644011e-03
  -2.4092668e-01   8.7024354e-02  -4.1688353e+00   2.7169514e-03   4.7440054e-03   3.9014407e-03
  -1.8178404e-01   7.2261884e-02  -4.4135382e+00  -2.9672074e-03  -1.1243231e-03   3.1964108e-03
  -2.1605264e-01   1.4085439e-01  -4.3813299e+00  -7.0205332e-03   6.1390586e-03   2.8127177e-03
  -2.0733501e-01   4.9258252e-02  -4.1910709e+00  -5.9381485e-03   5.1035845e-03   2.3229305e-03
  -1.0603167e-01   1.4554820e-02  -4.3081823e+00  -6.0797099e-03   3.4421120e-03   9.2221190e-04
  -8.0837455e-02   8.0688770e-02  -4.5165609e+00  -8.0730511e-03   3.9622744e-03   7.3362507e-04
  -8.4359537e-02   5.6803318e-02  -4.3750468e+00  -7.8399543e-03   3.3301827e-03   7.7530631e-04
  -1.2544252e-01   6.3589310e-02  -4.4494056e+00  -8.7795650e-03   5.1058278e-03   1.7151854e-03
  -1.3809271e-01   5.5755086e-02  -4.4676243e+00  -8.7483706e-03   4.2130997e-03   1.9373247e-03
  -1.2437562e-01   4.0980189e-02  -4.4296562e+00  -8.0952382e-03   4.1916409e-03   1.2980310e-03
  -1.1127784e-01   8.2651380e-02  -4.5018386e+00  -7.9212363e-03   4.2730778e-03   1.3692879e-03
  -1.0395419e-01   6.2985610e-02  -4.4699656e+00  -9.0409958e-03   4.1631607e-03   1.3320306e-03
  -1.1492665e-01   5.6949517e-02  -4.4496635e+00  -7.2385822e-03   4.9340245e-03   1.2195847e-03
  -1.0296934e-01   7.4019869e-02  -4.5694628e+00  -9.5980799e-03   4.4874523e-03   1.1295303e-03
  -1.5506679e-01   3.9815207e-02  -4.4092751e+00  -8.6662527e-03   1.2172262e-02   2.1080522e-03
  -1.4684805e-01   8.4531432e-02  -4.4255517e+00  -9.7465606e-03   9.9924202e-03   1.8411975e-03
  -1.2937510e-01   4.7728568e-02  -4.4389929e+00  -8.3141366e-03   9.1939482e-03   1.5614671e-03
  -1.2783467e-01   1.0596809e-01  -4.4326237e+00  -9.5807927e-03   8.2957682e-03   1.7234679e-03
  -1.0043886e-01   7.6592188e-02  -4.4618224e+00  -9.7198543e-03   7.3045451e-03   1.1552176e-03
  -9.6387827e-02   7.5914896e-02  -4.4705079e+00  -1.0074402e-02   6.9213414e-03   1.0371283e-03
  -9.2624304e-02  -1.8752675e-02  -4.1892766e+00  -2.6909604e-03   6.6454605e-03   1.3330071e-03
  -4.1038419e-02   1.0896023e-01  -4.8404959e+00  -1.1333852e-02   4.1857163e-03   6.5800391e-04
  -1.1827332e-01   2.9503093e-02  -4.4869020e+00  -9.7152612e-03   8.4591453e-03   1.0126699e-03
  -1.6805434e-01   2.4034674e-01  -4.5275582e+00  -1.7545231e-02   1.1393968e-02  -1.5033290e-03
  -6.4899579e-02   1.4226220e-01  -5.0143930e+00  -1.2164367e-02  -1.9866714e-03   2.0962387e-03
  -4.6520666e-02   1.4743250e-01  -4.8899883e+00  -1.0459023e-02  -1.4216543e-03   1.4558860e-03
  -2.8039902e-02   1.0451927e-01  -4.8060208e+00  -9.9609814e-03  -1.5640217e-03   1.0176852e-03
  -5.9223620e-02   7.4074716e-02  -4.8294564e+00  -9.0827804e-03   1.3169408e-03   1.1313440e-03
  -8.5897364e-02   4.8999853e-02  -4.9889852e+00  -1.0671702e-02   3.9699913e-03   1.0380624e-03
  -6.1559717e-02   4.3792053e-02  -4.9818298e+00  -1.0759764e-02   2.1417832e-03   5.8449852e-04
  -6.8528903e-02   6.4910548e-02  -5.1373161e+00  -1.1730679e-02   3.9979882e-03   8.4484772e-04
  -8.4320461e-02   8.3663437e-02  -5.0295819e+00  -1.1524672e-02   3.3281901e-03   7.1486748e-04
  -2.2763153e-01   6.4267804e-02  -4.6300377e+00  -6.0560824e-03   1.4798851e-02   2.8266329e-03
  -1.5963202e-01   1.7009779e-01  -4.9110631e+00  -1.3758246e-02   9.5422444e-03   2.3664444e-03
  -1.3376124e-01   4.5675762e-02  -4.8098484e+00  -9.9308791e-03   8.8803389e-03   1.2993154e-03
  -1.0787359e-01   7.5544088e-02  -4.8906916e+00  -1.1282646e-02   7.3805125e-03   8.8485040e-04
  -1.4100468e-01   2.7137373e-02  -4.7330373e+00  -5.7838984e-03   6.3543307e-03   2.1036299e-03
  -1.2235815e-01   1.1933397e-01  -4.9206961e+00  -1.0494405e-02   6.8817257e-03   1.6020542e-03
  -1.0712052e-01   6.7996118e-02  -4.7913886e+00  -1.1079499e-02   7.2343000e-03   1.3619284e-03
  -1.2465595e-01   2.2634289e-02  -4.7602570e+00  -9.1484900e-03   7.3386564e-03   1.6586911e-03
  -1.1871676e-01   4.7717439e-02  -4.7965468e+00  -1.0408160e-02   7.1043845e-03   1.5142105e-03
  -1.2826971e-01   4.2613410e-02  -4.7991615e+00  -1.0694598e-02   7.2347385e-03   2.3047455e-03
  -1.1903210e-01   4.0717249e-02  -4.8188669e+00  -1.1379466e-02   7.6331117e-03   1.8364964e-03
  -1.0132889e-01   1.1234496e-01  -4.7886978e+00  -1.4332448e-02   6.6237617e-03   1.6142410e-03
  -6.1403588e-02   7.9883151e-02  -4.5763572e+00  -7.6614464e-03   5.3125885e-03   1.1030455e-03
  -7.4670640e-02   3.2877106e-03  -4.7006383e+00  -1.3759087e-02   7.9285098e-03   6.7522372e-04
  -1.0216840e-01  -1.3429892e-02  -4.7215578e+00  -4.1502802e-03   6.5765030e-03   9.6905539e-04
  -1.0469544e-01   3.4144575e-02  -4.2940990e+00  -5.2723355e-03   9.2741116e-03   8.7005365e-04
  -1.0567536e-01   9.0690066e-02  -4.7342490e+00  -9.3123048e-03   4.4304304e-03   1.2382699e-03
  -1.0115258e-01   5.7460067e-02  -4.6690514e+00  -9.5832813e-03   3.8201090e-03   1.2477673e-03
  -1.0105182e-01   2.0886356e-02  -4.6201987e+00  -1.2580323e-02   6.3493499e-03   2.6371357e-03
  -1.4744566e-01   4.5728719e-02  -4.5050046e+00  -4.1019079e-03   6.3244011e-03   1.4246983e-03
  -1.5259805e-01   8.9306148e-02  -4.6499321e+00  -8.4572751e-03   6.0319423e-03   1.7634824e-03
  -1.5616295e-01   6.1500241e-02  -4.7297365e+00  -9.0761563e-03   7.0021427e-03   1.8847638e-03
  -1.2881365e-01   7.1640847e-02  -4.6599156e+00  -9.5195527e-03   6.6948056e-03   1.2880671e-03
  -1.5150205e-01   6.5616093e-02  -4.5709502e+00  -8.9004727e-03   7.1610590e-03   1.5753702e-03
  -1.0776717e-01   6.9681927e-02  -4.6319109e+00  -9.6987909e-03   5.4543427e-03   9.4982591e-04
  -9.6118276e-02   5.0112702e-02  -4.5795187e+00  -9.8004265e-03   5.3421295e-03   8.6175289e-04
  -1.1968213e-01   5.8910294e-02  -4.5457179e+00  -8.3703517e-03   6.5230347e-03   1.7977883e-03
  -1.4824305e-01   6.6228836e-02  -4.4229447e+00  -7.1469526e-03   7.8961501e-03   1.5766260e-03
  -1.3680255e-01   4.1887457e-02  -4.4319926e+00  -7.6533037e-03   7.5411705e-03   1.3988842e-03
  -1.4091429e-01   4.3767306e-02  -4.5269242e+00  -6.9794364e-03   9.2231478e-03   1.6940128e-03
  -1.4280502e-01   8.2686734e-02  -4.4618942e+00  -7.0656790e-03   8.1401075e-03   1.5407112e-03
  -1.1410678e-01   2.2899705e-02  -4.6025403e+00  -8.3586876e-03   7.1066110e-03   1.1160239e-03
  -1.3816591e-01   4.3756469e-02  -4.5958355e+00  -8.6466524e-03   7.2016272e-03   1.6737915e-03
  -8.7459283e-02  -9.0532040e-03  -4.3884016e+00  -2.7202117e-03   7.1287162e-03   1.2589326e-03
  -1.1178341e-01   3.2761769e-02  -4.4620464e+00  -6.0711016e-03   7.2506185e-03   1.1781413e-03
  -1.0215661e-01   1.8224961e-02  -4.4341853e+00  -6.2697504e-03   7.0425820e-03   1.1767773e-03
  -9.4704666e-02   2.9802984e-03  -4.3072740e+00  -4.5956603e-03   9.3837651e-03   1.2580839e-03
  -1.0419213e-01   5.0447419e-02  -4.4667735e+00  -6.7596396e-03   7.8230398e-03   8.6147406e-04
  -1.0212195e-01   3.0429469e-02  -4.4384507e+00  -7.2017849e-03   8.0104986e-03   7.6939252e-04
  -8.0332200e-02   1.8222435e-02  -4.4516919e+00  -6.8499329e-03   7.6725862e-03   1.6524717e-04
  -7.5650527e-02   2.3680253e-02  -4.4560471e+00  -6.6633789e-03   6.6739373e-03   6.5780921e-04
  -1.3027677e-01   2.2505131e-02  -4.4003390e+00  -5.7177785e-03   1.1473186e-02   1.3249404e-03
  -1.1442707e-01   1.1289482e-02  -3.6271061e+00   7.3533933e-04   8.7645343e-03   1.3990298e-03
  -1.2007023e-01   2.1055041e-02  -4.4397682e+00  -5.3263542e-03   9.1158451e-03   7.8075737e-04
  -9.2725571e-02   1.4620460e-02  -4.4199979e+00  -6.3764864e-03   7.8653564e-03   8.3134151e-04
  -4.6162316e-02   5.6563122e-02  -4.0720806e+00  -1.4213606e-02   7.2651714e-04   1.5809317e-03
  -1.6066935e-01   3.2933790e-01  -5.5951188e+00  -2.0184885e-02   1.3356868e-02   4.8649564e-03
  -1.5961699e-01   3.0052906e-01  -5.3135231e+00  -2.1413333e-02   3.7403806e-03   4.1773332e-03
  -1.2258209e-01   1.1233649e-01  -5.1609059e+00  -1.5328644e-02   5.8025736e-03   2.8924140e-03
  -1.1348436e-01   3.7119849e-02  -4.4109573e+00  -8.5726378e-03   7.1716664e-03   2.4890653e-03
  -9.5037344e-02   5.3825837e-02  -4.5061569e+00  -9.6788683e-03   6.3794109e-03   2.2341882e-03
  -6.8546540e-02   3.0945204e-03  -4.4690735e+00  -9.0071406e-03   6.0953754e-03   1.7608689e-03
  -7.4288973e-02  -5.4532840e-02  -4.4801131e+00  -4.1033093e-03   4.5181195e-03   2.4893085e-03
  -6.8262870e-02  -2.4270436e-01  -3.8123850e+00   5.3195312e-03   5.5225267e-03   3.0346715e-03
  -1.1074353e-01  -3.1288448e-01  -3.8097760e+00   1.0373086e-02   6.1752105e-03   3.3530315e-03
  -1.2541181e-01  -3.1279188e-01  -3.7778264e+00   1.0714600e-02   5.1833726e-03   3.4926476e-03
  -9.6681893e-02  -3.5548438e-01  -3.7685865e+00   1.2302933e-02   5.8841872e-03   2.7701384e-03
  -1.4845261e-01  -1.0208112e-01  -4.3822568e+00   1.4145852e-03   6.1496062e-03   2.7494442e-03
  -1.1808858e-01  -1.0466757e-01  -4.3752103e+00  -5.5999511e-04   5.9635932e-03   2.4250060e-03
  -1.1964287e-01  -6.0506594e-02  -4.4196992e+00   4.6454435e-04   1.0189008e-02   2.4552530e-03
  -2.1483278e-01  -2.5401689e-03  -3.6748261e+00   5.3675072e-03   1.5517325e-02   2.1074894e-03
  -1.6576288e-01   1.3165676e-03  -4.7212118e+00  -5.0218822e-03   1.2199094e-02   2.4037107e-03
  -1.4617147e-01   1.3717518e-02  -4.4453036e+00  -8.9129352e-03   1.0210862e-02   2.7457781e-03
  -1.8570804e-01  -3.3802546e-02  -4.3819577e+00   6.3896334e-03   8.0933256e-03   3.5580469e-03
  -1.6521474e-01   6.7013066e-02  -4.8717939e+00  -7.4822756e-03   8.0792161e-03   2.9098333e-03
  -1.4826281e-01   4.7261428e-02  -4.7957164e+00  -7.3406171e-03   7.7360613e-03   2.5779783e-03
  -1.4199025e-01   1.9593787e-02  -4.7695907e+00  -6.5834979e-03   7.9025509e-03   2.4377880e-03
  -1.7621273e-01   2.7610551e-02  -4.7407547e+00  -6.9372219e-03   8.4079219e-03   2.4001460e-03
  -1.7321398e-01   3.0819254e-02  -4.6999695e+00  -5.3580454e-03   1.1311858e-02   2.7858742e-03
  -1.6941010e-01   3.4638942e-02  -4.7788460e+00  -6.8932167e-03   1.1229949e-02   2.5062655e-03
  -1.5248967e-01   1.4068204e-02  -4.7474570e+00  -6.6121293e-03   9.8483047e-03   2.3202993e-03
  -1.4630438e-01   1.6469347e-02  -4.7566175e+00  -1.0840650e-02   1.1231291e-02   2.7407294e-03
  -1.0590063e-01   1.8067688e-01  -4.9055544e+00  -1.0613365e-02   8.2361884e-03   2.9464645e-03
  -1.3328104e-01   7.1606986e-02  -4.7262204e+00  -7.5468288e-03   9.9496393e-03   1.5132326e-03
  -1.2200293e-01   2.8256274e-02  -4.5550059e+00  -7.9456585e-03   8.9396760e-03   1.5543789e-03
  -1.2143793e-01   1.9148344e-02  -4.4441296e+00  -1.9312405e-03   9.3989198e-03   1.9729686e-03
  -1.3788927e-01   4.7379957e-02  -4.6684099e+00  -6.7412408e-03   1.0415806e-02   1.2267586e-03
  -1.4358596e-01   2.4588167e-02  -4.7242360e+00  -6.6870245e-03   1.0866883e-02   2.0326824e-03
  -1.8269327e-01   1.7034566e-01  -3.9927096e+00  -1.4874534e-02   1.3668995e-02   2.3212943e-03
  -2.6304529e-01   4.1036407e-01  -4.3090579e+00  -9.4734863e-03   1.6935956e-02   4.7099157e-04
  -2.3534404e-01   2.2624801e-01  -4.6827351e+00  -1.2225370e-02   5.2240065e-03   6.8717815e-04
  -2.0791600e-01   1.7290417e-01  -4.4492673e+00  -1.2017277e-02   7.0317915e-03   4.0621022e-04
  -2.0983716e-01   8.8388795e-02  -4.1578005e+00  -7.7257665e-03   1.1143072e-02   1.4970669e-03
  -1.8117020e-01   3.8951837e-02  -4.0250865e+00  -3.0854005e-03   1.1560155e-02   1.4227630e-03
  -1.2259967e-01  -8.6963088e-02  -3.8464700e+00   5.8437936e-03   8.1588796e-03   3.3931651e-03
  -1.1033140e-01  -6.0358986e-02  -3.6019068e+00   1.9633422e-03   7.1001608e-03   1.4182113e-03
  -1.2876395e-01  -3.3940524e-02  -3.7038589e+00   3.9634178e-04   6.6634278e-03   1.5072877e-03
  -1.1633871e-01  -2.3768218e-02  -3.7630015e+00  -1.6586830e-03   7.0010709e-03   1.0420227e-03
  -1.3006843e-01  -3.2898859e-02  -3.7675666e+00  -1.3753885e-03   8.2170234e-03   1.5375321e-03
  -1.2860807e-01   1.2296677e-02  -3.7676131e+00  -2.1031100e-03   7.5679064e-03   1.1735525e-03
  -1.1472767e-01  -8.9602423e-03  -3.7620645e+00  -1.3035041e-03   7.7040198e-03   1.0895295e-03
  -1.0703795e-01   1.9665597e-02  -3.8361872e+00  -2.9764744e-03   6.8527951e-03   7.5036765e-04
  -1.2864578e-01  -5.1012581e-02  -3.8036608e+00  -1.1276063e-03   8.0618149e-03   1.9274965e-03
  -1.4327284e-01  -1.9293301e-02  -3.7004739e+00   5.4817195e-05   1.1482838e-02   1.7175408e-03
  -1.3930336e-01   2.1592939e-02  -3.8255256e+00  -3.3266012e-03   9.8363696e-03   1.5778124e-03
  -1.1254704e-01   2.8575066e-02  -3.9033071e+00  -4.4995310e-03   8.6781260e-03   1.5412828e-03
  -1.1634826e-01  -3.4996442e-02  -3.9251671e+00  -1.0908659e-04   1.3808408e-02   1.3867726e-03
  -9.1988039e-02   8.8816062e-03  -3.9483217e+00  -7.7458830e-03   8.7651950e-03   1.0742666e-03
  -7.8154493e-02  -1.7401349e-02  -3.5713006e+00   2.2060113e-03   7.5041871e-03   5.9429466e-04
  -7.5575352e-02  -2.8524247e-02  -3.6108209e+00   8.8652048e-04   7.8302713e-03   4.4288359e-04
  -6.5490017e-02  -3.9223903e-02  -3.6024220e+00   1.5667712e-03   7.9802704e-03   6.9549084e-04
  -6.4087444e-02  -3.0941596e-02  -3.7298671e+00   2.1885731e-04   7.6459883e-03   5.2980685e-04
  -1.3686936e-01  -1.2162372e-02  -3.9416513e+00  -1.7840975e-03   1.3624959e-02   1.9206830e-03
  -1.3055606e-01  -3.9644476e-02  -3.8189372e+00   5.4347586e-04   1.1679589e-02   1.5822892e-03
  -9.9844228e-02   1.3754886e-03  -3.9539692e+00  -5.9901961e-04   9.0138489e-03   1.0880948e-03
  -9.6160111e-02  -9.5532299e-03  -4.0117777e+00  -9.0734470e-04   8.8181241e-03   1.2675438e-03
  -1.0538056e-01  -1.8823493e-02  -4.2030501e+00  -4.0174315e-03   8.0907632e-03   1.2262507e-03
  -9.9720955e-02   3.5277110e-03  -4.2105190e+00  -4.6839267e-03   8.5402114e-03   1.0192052e-03
  -1.5107347e-01   6.8430676e-02  -3.0912370e+00   6.4324752e-03   4.2554292e-03   2.7874949e-03
  -2.7967308e-01   1.7650778e-01  -3.8081646e+00   2.1003661e-03   5.0196141e-03   7.6589892e-03
  -2.9137228e-01  -1.2275922e-01  -2.9974825e+00   1.6953122e-02   9.8892132e-03   5.4077242e-03
  -1.6362267e-01   1.3447530e-01  -4.6554075e+00  -7.2158680e-03   6.7226466e-03   2.9303799e-03
  -1.5035600e-01   7.2763763e-02  -4.4237699e+00  -6.5910127e-03   6.8941946e-03   2.3277480e-03
  -3.4983728e-01   4.0341888e-01  -4.3553580e+00  -1.3612963e-02   1.3656648e-02   1.0765234e-03
  -1.4669481e-01   1.0875894e-01  -4.4068002e+00  -7.7970037e-03   7.1137862e-03   1.9355858e-03
  -1.3045299e-01   6.7411330e-02  -4.3540421e+00  -6.5534952e-03   6.2685368e-03   1.4483830e-03
  -2.3347866e-01   2.4107791e-01  -4.1922476e+00  -8.2419561e-03   9.7905108e-03   3.7488970e-03
  -1.6709968e-01   6.6332708e-02  -4.1526726e+00  -5.0076169e-03   1.2128134e-02   1.2625087e-03
  -1.3711365e-01   3.7127895e-02  -4.0572117e+00  -2.2688736e-03   1.1788833e-02   6.1519504e-04
  -7.5477060e-02   4.8784110e-01  -4.2587807e+00  -1.1853756e-02   5.6374479e-03   6.0284005e-03
  -1.3673176e-01   1.7273538e-02  -4.0034610e+00   3.6944509e-03   1.4049165e-02   1.8194488e-03
  -1.2907217e-01   8.8380695e-02  -4.3252560e+00  -5.3730828e-03   1.1031716e-02   2.3007244e-03
  -1.3304013e-01   2.6773074e-02  -4.3121745e+00  -3.9710698e-03   1.1410542e-02   2.8979381e-03
  -1.1666774e-01   4.4003308e-02  -4.3386963e+00  -5.4687023e-03   1.0107241e-02   2.3442223e-03
  -8.9453472e-02   4.8910590e-02  -4.2601644e+00  -4.4497760e-03   7.5598366e-03   1.8571268e-03
  -1.2421514e-01   5.2243009e-02  -4.2363166e+00  -5.0537788e-03   7.1156794e-03   3.1935288e-03
  -1.8859003e-01   4.5274028e-02  -4.2020162e+00  -1.1966569e-03   1.7509155e-02   2.3852631e-03
  -1.5221199e-01   7.4013987e-02  -4.3823261e+00  -5.4971214e-03   1.2517076e-02   2.1254025e-03
  -1.2090358e-01  -6.2670148e-03  -4.2642692e+00  -4.0275168e-03   1.1382187e-02   1.7756896e-03
  -9.3981552e-02   2.4606371e-02  -4.3190265e+00  -3.3541857e-03   8.4721082e-03   1.5433322e-03
  -7.0392126e-02   4.8202981e-02  -4.2586445e+00  -3.7993854e-03   7.2095116e-03   9.1825199e-04
  -5.7513798e-02   2.6018383e-02  -4.2429808e+00  -2.4092489e-03   5.8122404e-03   5.3170973e-04
  -1.0089031e-01  -2.3903898e-02  -4.2280243e+00  -4.8449031e-03   9.8086315e-03   1.7464831e-03
  -2.5286914e-01   1.1935317e-01  -4.7024318e+00  -5.1574836e-03   1.7489443e-02   3.4153162e-03
  -1.5544278e-01   1.4353053e-01  -4.8987428e+00  -9.8483316e-03   9.1248774e-03   2.6573958e-03
  -1.2933369e-01   7.1713214e-02  -4.6506881e+00  -7.0684483e-03   9.0869459e-03   2.1559761e-03
  -1.3151488e-01   7.8809817e-02  -4.6345019e+00  -6.7414854e-03   8.5919346e-03   2.1682900e-03
  -4.1656539e-02  -2.0413618e-02  -4.0378031e+00   1.4947823e-02   4.1801625e-03   1.5552116e-03
  -6.8196295e-02   1.2195335e-01  -5.3220261e+00  -1.4702907e-02   2.8991907e-03   2.3411844e-03
  -9.9000391e-02   3.0597437e-01  -6.7590987e+00  -2.1657183e-02  -3.7370415e-03   2.9821740e-03
  -8.0859986e-02   2.0219332e-01  -6.3829294e+00  -1.8906877e-02  -5.9352060e-03   2.3910569e-03
  -8.5312615e-02   2.0370208e-01  -6.3211916e+00  -1.8164274e-02  -6.2446330e-03   2.2497917e-03
  -1.4418003e-01   1.5072525e-01  -6.1223169e+00  -3.3916914e-02  -1.5698228e-03   4.6374531e-03
  -1.8740485e-01   3.6557109e-02  -4.3186319e+00  -5.2136084e-03   1.2497610e-02   2.9642038e-03
  -1.7798503e-01   3.3215983e-02  -4.4745903e+00  -7.7247879e-03   1.0413270e-02   2.5299891e-03
  -1.5709464e-01   1.6937382e-02  -4.4462480e+00  -7.1334590e-03   1.0176301e-02   2.1047246e-03
  -1.4616649e-01   1.4930347e-02  -4.4478839e+00  -6.6124145e-03   1.0365747e-02   1.8814705e-03
  -1.6907732e-01   3.5547835e-02  -4.5477583e+00  -6.0826353e-03   1.4434867e-02   2.3076449e-03
  -1.4632153e-01   4.9354860e-02  -4.5977137e+00  -8.0475725e-03   1.1292365e-02   1.9467013e-03
  -1.4823633e-01   2.6005079e-02  -4.5558175e+00  -6.9040093e-03   1.1084576e-02   1.9449527e-03
  -1.3349553e-01   2.1794901e-02  -4.5529628e+00  -6.9853975e-03   1.1056543e-02   1.7466773e-03
  -1.2974492e-01   3.4516541e-02  -4.5931133e+00  -7.8163562e-03   1.0794437e-02   1.4760683e-03
  -1.2661963e-01   2.4130039e-02  -4.5970658e+00  -7.2352757e-03   1.0565018e-02   1.4783797e-03
  -1.5806558e-01   1.8857356e-01  -4.7056501e+00  -1.9886291e-03   1.2575144e-02   1.9766168e-03
  -7.6452099e-02   2.0100603e-01  -6.2136730e+00  -2.5448755e-02   4.1693346e-03   3.2313080e-03
  -2.2509289e-01   6.2687711e-01  -4.8889527e+00  -2.3190923e-02   8.2720746e-03   1.9323223e-03
  -1.7785456e-01   2.1933944e-01  -4.9758500e+00  -1.8297567e-02   5.3641615e-03   1.9037427e-03
  -1.2443746e-01  -3.0970831e-02  -4.7750349e+00  -1.0560909e-02   6.7236121e-03   1.2376333e-03
  -1.0644822e-01  -2.3995464e-01  -3.9737611e+00   2.4373702e-03   9.2370628e-03   1.0966651e-03
  -7.4579383e-02  -1.5458995e-01  -4.3001919e+00  -7.4261258e-04   6.9053598e-03   1.2730011e-03
  -6.0977670e-02  -2.8125818e-01  -4.0122046e+00   5.5775997e-03   5.4893220e-03   2.0399308e-03
