   0.0000000e+00   0.0000000e+00   0.0000000e+00   0.0000000e+00   0.0000000e+00   0.0000000e+00
   3.3204360e-02   3.1098638e-02  -8.0166913e-01  -1.2069204e-02   1.6165142e-03  -3.6312693e-04
   2.1092209e-02   1.2183732e-02  -8.1160058e-01  -9.9889889e-03   2.2668984e-03  -6.4461465e-04
  -3.8126190e-02   4.5746515e-02  -5.2013175e-01  -1.0707283e-02   1.3048705e-03   4.6020913e-04
   2.3900971e-02   5.9610924e-02  -1.2288509e+00  -1.6860136e-02   2.0765902e-03   3.2170710e-04
  -2.5251036e-05  -3.5006861e-02  -3.8933095e-01  -5.5825958e-04  -5.9029763e-04  -2.8365358e-04
  -4.2683967e-03  -3.3761789e-02  -1.0091223e+00  -1.3820675e-02  -5.0100058e-04   8.4990500e-04
  -1.2571302e-02   3.5109194e-03  -7.3594801e-01  -6.4598339e-03   1.0271464e-03  -1.4224324e-04
   1.6081805e-02  -3.1936450e-02  -7.8786369e-01  -9.0815242e-03   1.2035027e-03  -3.6468591e-04
   1.1953965e-02   2.4610206e-03  -7.9304694e-01  -6.3094165e-03  -3.6489392e-04   7.5185335e-05
  -1.5182071e-02   3.2207184e-02  -8.8426351e-01  -1.1031750e-02   6.7353379e-04   6.2650175e-04
   1.4316149e-02   6.4721127e-03  -7.1294880e-01  -5.9071821e-03  -3.7770364e-04   2.5493571e-04
   2.1947400e-02   7.3411295e-02  -1.4851752e+00  -4.1399937e-02  -1.6220736e-03   2.0263876e-03
   1.2018989e-02  -2.9733379e-01   1.8163326e+00  -2.3852212e-02  -8.9175598e-03   3.4809625e-04
   6.5190066e-02   4.1243874e-02   1.7523615e+00  -1.3600550e-02  -3.5059096e-03   3.4268825e-03
   9.9978409e-03  -1.6377072e-02   1.5968648e+00  -1.5845249e-02  -2.1330327e-03   2.9872070e-03
   7.6309483e-03  -2.0269189e-02   1.5320029e+00  -1.6412141e-02  -3.9945062e-03   2.0026907e-03
   5.6935932e-02  -3.3787570e-02   1.2067166e+00  -2.3926762e-02  -6.9763206e-03  -1.9083984e-04
  -1.9463782e-01  -1.7515272e-01   7.7330721e-01  -2.2870718e-02  -4.4941254e-03   3.2191275e-03
   8.7042972e-03   1.2872477e-01  -2.8291262e+00  -3.0163972e-02  -1.1800372e-03  -9.7350524e-04
   5.3081677e-02   1.7466747e-01  -2.4394172e+00  -2.3448326e-02  -3.0414571e-03  -1.1025015e-03
   3.6211075e-02   1.3195769e-01  -2.1374712e+00  -2.3874571e-02  -1.6882029e-03  -7.1049229e-04
   2.2145362e-02   1.1563539e-01  -2.1316476e+00  -2.5102238e-02  -3.5105640e-03   7.5925576e-04
   2.4287553e-02   1.0401414e-01  -2.0902378e+00  -2.6499951e-02  -3.4292328e-03   9.0923556e-04
  -3.9581612e-02  -3.8355360e-02  -9.1354489e-01  -4.7419813e-02  -8.5782938e-03   4.8814727e-03
  -9.3697303e-02   1.9793511e-01  -4.5383939e-01   1.1693899e-02  -8.5675755e-03   2.7752481e-03
  -5.2684266e-02   2.5278842e-01  -2.2627877e+00  -3.2696934e-02  -9.5606122e-03   4.5546232e-03
  -4.4572626e-02   2.7745157e-01  -2.0494148e+00  -3.0888854e-02  -7.5847426e-03   5.2333041e-03
   4.8389098e-02   2.5441237e-01  -2.1587718e+00  -3.8331573e-02  -1.0909906e-02   2.4894101e-03
   5.1392053e-02   1.8752188e-01  -1.9751957e+00  -3.3360996e-02  -4.7236098e-03   2.0906378e-03
  -1.5426476e-02   1.1212796e-01  -1.7527809e+00  -2.4315811e-02   2.0866085e-03  -8.6820591e-04
   2.4691934e-03   1.2289250e-01  -6.4221115e-01  -1.9143711e-02  -4.2412777e-03  -9.9156516e-04
  -1.5781189e-02   1.1049949e-01  -1.9413683e+00  -1.8868804e-02   4.6576247e-03  -8.7071530e-04
  -3.1424516e-02   2.4771865e-01  -1.9340677e+00  -2.8979159e-02   3.4192983e-04   3.1994698e-03
  -2.3780297e-02   1.8652407e-01  -1.8786082e+00  -2.9578701e-02   1.4368693e-04   2.2959460e-03
  -1.3060889e-02  -2.7050449e-01  -7.6123538e-01  -4.1566851e-02   5.7947807e-03   1.0328987e-03
  -5.0550976e-02   4.7423967e-01  -1.1819019e+00  -2.4669348e-02  -2.1830218e-02   5.0119816e-03
  -3.8409920e-02   3.5192439e-01  -1.8106198e+00  -3.9798068e-02  -1.6697587e-02   4.4298480e-03
  -3.7130532e-02   3.0455396e-01  -1.5765350e+00  -3.7858533e-02  -1.5868130e-02   3.6477978e-03
  -2.1152425e-02   2.6946100e-01  -1.5316719e+00  -3.6649555e-02  -1.5593837e-02   4.3720302e-03
  -3.6471870e-02   2.3529176e-01  -1.5123406e+00  -3.5986056e-02  -1.4747594e-02   3.6344093e-03
  -5.0432417e-03   1.8338985e-01  -1.5410372e+00  -4.6639605e-02  -1.3352479e-02   1.7100133e-03
  -7.5120983e-02  -2.2614589e-01   1.6738227e+00  -2.0640261e-03  -1.6312284e-04   6.8404198e-03
  -9.7165019e-02  -7.0690297e-02  -7.3616334e-02  -1.0282844e-02  -1.6253791e-02   6.0446112e-04
  -7.9675707e-02  -3.5346764e-02  -3.9720017e-01  -1.8777561e-02  -1.2314146e-02   5.7419160e-04
  -7.7204707e-02  -4.0519148e-02  -3.1191901e-01  -1.9957429e-02  -1.1948287e-02   2.2629602e-04
  -5.5928869e-02  -5.7076562e-02  -2.3992023e-01  -2.0650395e-02  -1.1152684e-02   5.8236667e-05
  -4.9525215e-02  -2.5237030e-02  -2.2742118e-01  -1.9726744e-02  -1.1039265e-02   6.2657332e-04
  -3.3536117e-02  -5.9858949e-02  -2.1702358e-01  -2.4431326e-02  -1.0479208e-02  -3.0932520e-04
  -2.8140808e-02  -5.4393426e-02  -2.0478207e-01  -2.4441525e-02  -1.1052702e-02  -8.2357393e-04
  -2.7708386e-02  -4.6281002e-02  -1.8549350e-01  -2.4134223e-02  -1.2371412e-02  -7.2825906e-04
  -3.8544326e-02  -3.4393300e-02  -1.7975537e-01  -2.4240068e-02  -1.2279714e-02  -9.5465879e-04
  -2.4945416e-02  -4.5211585e-02  -1.5041299e-01  -2.4514862e-02  -1.2545257e-02  -9.0258674e-04
  -1.7654130e-02  -4.5340071e-02  -1.3585891e-01  -2.4392754e-02  -1.1981664e-02  -1.1163977e-03
  -2.5683319e-02  -1.5392554e-02  -1.4682772e-01  -2.6673762e-02  -1.2228063e-02  -3.8958142e-04
  -9.5141279e-02  -7.9250465e-02   6.2614017e-01  -3.7456325e-02   8.1484325e-03  -9.7100497e-04
   1.9460226e-02   3.3736295e-02  -1.3264949e+00  -4.4187979e-02   5.1328271e-03  -1.5058330e-04
   2.4570660e-01   6.4577626e-02  -1.1150392e+00  -2.6172127e-02   1.7641826e-02  -4.0085245e-03
   2.1354155e-01   6.3021151e-02  -1.1883231e+00  -2.8595186e-02   1.6912145e-02  -3.9299968e-03
   3.1313693e-01   3.5943005e-01  -1.3766046e+00  -4.5746414e-02   1.0645961e-02  -3.7654346e-03
   2.4097996e-01   2.0519330e-01  -1.2972428e+00  -4.3248982e-02   1.1854965e-02  -2.6170864e-03
   1.1325200e-01   2.1780307e-02  -1.6677172e+00  -3.3515898e-02   1.0846519e-02  -3.2832656e-03
   1.0778414e-01   6.3327758e-02  -1.7215377e+00  -4.0026646e-02   1.3445771e-02  -3.1869323e-03
   1.0553145e-01   3.8015748e-02  -1.6715590e+00  -3.8893523e-02   1.3376904e-02  -3.3330419e-03
   1.1328168e-01   3.8741989e-02  -1.8261374e+00  -3.7539610e-02   1.3033075e-02  -3.5180178e-03
   1.1146032e-01   4.5251364e-02  -1.5923412e+00  -3.5906678e-02   1.3362704e-02  -3.6905975e-03
   1.0398417e-01   6.4222511e-02  -1.5967189e+00  -3.5900348e-02   1.3148955e-02  -3.5325575e-03
   9.9747358e-02   5.1131507e-02  -1.5670975e+00  -3.5467824e-02   1.4135170e-02  -3.5814182e-03
   1.1164672e-01   5.0408442e-02  -1.6037405e+00  -3.5375146e-02   1.3710917e-02  -3.7324797e-03
   1.1374179e-01   4.9484244e-02  -1.5739565e+00  -3.5750831e-02   1.3924765e-02  -3.7024622e-03
   1.1389267e-01   7.5209099e-02  -1.5924372e+00  -3.6989193e-02   1.3667059e-02  -3.7313142e-03
   9.6002712e-02   9.0463444e-02  -1.9398604e+00  -2.3502400e-02   1.2141854e-02  -2.9966444e-03
   1.0742496e-01   9.0793245e-02  -2.5569786e+00  -4.0765546e-02   1.6553310e-02  -3.7730096e-03
   1.1860072e-01   9.2934372e-02  -2.5518353e+00  -4.2272835e-02   1.6172371e-02  -3.6784813e-03
   1.0946683e-01   9.8327288e-02  -2.4583753e+00  -4.1265864e-02   1.6449242e-02  -4.1068866e-03
   1.1021725e-01   8.8266661e-02  -2.4412498e+00  -3.9796769e-02   1.7248436e-02  -4.0156537e-03
   1.1144189e-01   8.5625366e-02  -2.4374700e+00  -4.0474680e-02   1.6946055e-02  -4.0318844e-03
   1.1863977e-01   8.1804237e-02  -2.4664651e+00  -4.0776327e-02   1.7024901e-02  -4.0956427e-03
   1.1009591e-01   8.9494052e-02  -2.3950405e+00  -4.0269634e-02   1.5981577e-02  -3.6989515e-03
   1.2295234e-01   9.4716998e-02  -2.4028613e+00  -3.9664026e-02   1.6117995e-02  -3.6957115e-03
   9.6998702e-02   1.1631745e-01  -2.5734461e+00  -3.8422012e-02   1.4847973e-02  -3.4236617e-03
   1.1370585e-01   8.8090804e-02  -2.3976576e+00  -3.8662772e-02   1.5433801e-02  -3.8347601e-03
   5.2919990e-02  -3.0983187e-01  -5.3408540e-01  -5.4702952e-02   1.3025918e-02  -7.9646603e-04
   1.2651865e-01   1.5008308e-01  -1.0157332e+00  -3.0462931e-02  -3.0096637e-03   1.1267339e-03
   1.2256572e-01   1.0181820e-01  -1.0278234e+00  -3.1781331e-02  -1.7969566e-05   5.8604676e-04
   1.2639622e-01   9.1836721e-02  -1.0399402e+00  -3.2614006e-02   1.6785623e-03  -5.9349277e-05
   1.2660487e-01   9.9979823e-02  -1.0185599e+00  -3.4896118e-02   5.5466764e-03  -1.1859631e-03
   1.3268356e-01   4.6872126e-02  -1.0114681e+00  -3.2959592e-02   5.5490266e-03  -1.6392998e-03
   1.2966413e-01   4.1634344e-02  -8.7630758e-01  -3.1587964e-02   5.4937568e-03  -1.8740640e-03
   1.3685430e-01   6.4933655e-02  -8.9924133e-01  -3.1952158e-02   5.4021847e-03  -1.9682658e-03
   1.1003342e-01   4.4480871e-02  -9.1848333e-01  -3.1765593e-02   5.6571345e-03  -1.2642708e-03
   1.2736024e-01   6.3321430e-02  -8.3001714e-01  -3.2156184e-02   5.9923299e-03  -1.6575321e-03
   1.3204717e-01   2.3291042e-02  -8.4239339e-01  -2.9730220e-02   6.5600291e-03  -1.5546686e-03
   1.1860114e-01   4.4084745e-02  -8.3854180e-01  -3.0854746e-02   6.1980515e-03  -1.4654218e-03
   1.3876057e-01   3.7528931e-02  -1.0205917e+00  -3.1407247e-02   3.3378462e-03  -1.5962020e-03
   1.3512591e-01   7.3095526e-02  -7.5840967e-01  -3.2565887e-02   5.4430146e-03  -2.6212536e-03
   1.3319459e-01   6.6692428e-02  -8.0020037e-01  -3.3304393e-02   6.3514257e-03  -1.9723403e-03
   1.4018696e-01   4.1081818e-02  -8.3654073e-01  -3.3246273e-02   5.8911702e-03  -2.1342904e-03
   1.2720298e-01   8.1444733e-02  -9.4170264e-01  -3.3775120e-02   5.6034310e-03  -1.9969878e-03
   1.2453595e-01   3.6510178e-02  -8.6499273e-01  -3.2606407e-02   6.2892553e-03  -2.0975430e-03
   9.4992034e-02   4.7715654e-02  -5.2145300e-01  -1.8616571e-02   7.6371947e-03  -2.3390407e-03
   8.5164919e-02   6.3621782e-02  -1.2917322e+00  -3.0115644e-02   1.0418524e-02  -2.6788847e-03
   9.5055515e-02   3.6529189e-02  -1.4207628e+00  -3.4171607e-02   1.0919125e-02  -2.8236864e-03
   8.5675749e-02  -5.0201033e-02  -1.1439568e+00  -2.1040740e-02   9.2802465e-03  -3.0024482e-03
   1.0670509e-01   2.5864316e-02  -1.4404974e+00  -2.6195502e-02   1.1243788e-02  -2.9899086e-03
   1.3143401e-01  -1.8902760e-02  -1.3780894e+00  -2.3572769e-02   1.2151993e-02  -3.5256488e-03
   1.2063054e-01   4.5713965e-03  -1.4053512e+00  -2.6167008e-02   1.0281220e-02  -3.2830149e-03
   1.5717675e-01   4.7385908e-02  -1.2354819e+00  -2.9798950e-02   3.3737934e-03  -1.4716285e-03
   1.3336735e-01   1.0007137e-01  -1.5395719e+00  -3.6733853e-02   6.7129581e-03  -1.4544323e-03
   1.2305328e-01   8.4030183e-02  -1.6019905e+00  -3.7157428e-02   7.8736778e-03  -1.3281235e-03
   1.3019700e-01   7.3329224e-02  -1.6001773e+00  -3.7667300e-02   8.3273895e-03  -1.8452089e-03
   1.2152256e-01   7.3129969e-02  -1.6356487e+00  -3.6347411e-02   9.1205842e-03  -1.4594014e-03
   1.1884653e-01   7.1847606e-02  -1.6249904e+00  -3.6632216e-02   9.1651780e-03  -1.7152940e-03
   9.0453041e-02  -1.2735150e-02  -9.3599868e-01  -2.4448414e-02   1.0176900e-02  -2.3711519e-03
   1.1466902e-01   2.6934180e-02  -1.1228248e+00  -2.5593772e-02   1.3393438e-02  -3.2440037e-03
   1.1573965e-01   3.5619247e-03  -1.1384604e+00  -2.6788673e-02   1.2929974e-02  -3.2353197e-03
   1.1896264e-01   4.1049048e-02  -1.2231484e+00  -2.9104016e-02   9.1780229e-03  -1.1613467e-03
   1.1336693e-01   2.7416385e-02  -1.2170067e+00  -2.9159889e-02   9.2876341e-03  -9.1839955e-04
   1.2065336e-01   1.8606644e-02  -1.2287418e+00  -2.4954627e-02   1.0954809e-02  -2.6954626e-03
   1.0913939e-01   2.1752671e-02  -1.5179877e+00  -3.2246967e-02   1.0063146e-02  -1.9856610e-03
   1.1845289e-01   7.6892141e-02  -1.3826973e+00  -3.0468382e-02   9.1512753e-03  -1.7613966e-03
   1.1225347e-01   6.0518644e-02  -1.3541742e+00  -3.2687057e-02   8.2912887e-03  -1.5220046e-03
   1.1445746e-01   5.1595739e-02  -1.3359164e+00  -3.3072280e-02   9.2031760e-03  -1.5852988e-03
   1.1753172e-01   3.1904390e-02  -1.3909041e+00  -3.1550184e-02   1.0033012e-02  -1.2831750e-03
   1.1610964e-01   5.4222114e-02  -1.4158216e+00  -3.2980773e-02   1.0075277e-02  -1.5322760e-03
   1.0916743e-01   4.6927150e-02  -1.4359569e+00  -3.2359083e-02   1.0995299e-02  -1.3168655e-03
   1.1438157e-01   2.6677083e-02  -1.4391078e+00  -2.4126071e-02   1.3335175e-02  -1.7695849e-03
   8.9557829e-02   4.7694777e-02  -1.5148103e+00  -2.3761045e-02   1.0660077e-02  -1.5005481e-03
   1.0154426e-01   5.3117118e-02  -1.6238812e+00  -2.5566077e-02   1.1052007e-02  -2.0066739e-03
   7.8766128e-02  -1.3331925e-02  -3.1955643e-01  -7.3246799e-03   3.4009078e-03  -1.3711850e-03
   1.2298180e-01   2.7694033e-02  -1.4294215e+00  -2.3466556e-02   1.2011870e-02  -2.1976614e-03
   1.2475821e-01   3.2095609e-02  -1.3585785e+00  -2.4167525e-02   1.2352576e-02  -2.7208848e-03
   1.1920339e-01   2.6012184e-02  -1.3641309e+00  -2.6582161e-02   1.2622605e-02  -3.1671449e-03
   1.1241044e-01   1.8440548e-02  -1.3736628e+00  -2.6973131e-02   1.2318696e-02  -3.0426689e-03
   1.1923447e-01   4.4925371e-03  -1.3707684e+00  -2.6831567e-02   1.3722503e-02  -3.2005896e-03
   1.1595830e-01   3.0513387e-02  -1.3997752e+00  -2.7158340e-02   1.3579346e-02  -3.4400805e-03
   1.0182723e-01  -1.0540061e-02  -1.4126533e+00  -2.8057652e-02   1.3346753e-02  -2.5898710e-03
   1.1168487e-01   4.9537202e-02  -1.6236971e+00  -2.6259023e-02   1.4560551e-02  -2.8770970e-03
   1.1879739e-01   4.8343978e-02  -1.6526614e+00  -2.8326140e-02   1.3490270e-02  -2.9654325e-03
   1.1302098e-01  -1.7304814e-02  -1.0292157e+00  -1.9187890e-02   7.9960970e-03  -2.6566795e-03
   1.3173543e-01   2.3889647e-02  -1.3795011e+00  -2.4187594e-02   1.0317721e-02  -2.8187539e-03
   1.3008784e-01   4.8302587e-02  -1.4726215e+00  -2.7228162e-02   1.0730665e-02  -2.7975900e-03
   1.0564676e-01  -8.2594683e-02  -1.4148538e+00  -2.4237249e-02   1.1890931e-02  -2.9841159e-03
   9.6112525e-02   5.9595460e-02  -1.4048694e+00  -1.3013011e-02   1.1221610e-02  -1.7969104e-03
   1.2387079e-01   2.3890203e-02  -1.7449577e+00  -2.0986487e-02   1.2594017e-02  -2.9669812e-03
   1.3427946e-01   3.0642736e-02  -1.7301514e+00  -2.4394016e-02   1.3443867e-02  -2.7387575e-03
   1.2575647e-01   4.8793007e-02  -1.7448746e+00  -2.4844026e-02   1.2370040e-02  -2.8064286e-03
   1.2683699e-01   5.2630456e-02  -1.7395679e+00  -2.6515385e-02   1.2575573e-02  -2.9571612e-03
   1.2978755e-01   4.4124424e-02  -1.7191682e+00  -2.5050937e-02   1.3266139e-02  -2.9482969e-03
   1.3310969e-01   5.1945057e-02  -1.7585076e+00  -2.6337027e-02   1.1458413e-02  -2.7978547e-03
   1.2727617e-01   6.7044170e-02  -1.7605840e+00  -2.5079090e-02   1.1881615e-02  -2.7453218e-03
   1.4057148e-01   7.3322541e-02  -1.8265956e+00  -2.7562877e-02   1.1355831e-02  -2.9349146e-03
   1.2385964e-01   6.7166541e-02  -1.7358867e+00  -2.6277087e-02   1.0762133e-02  -2.8547470e-03
   1.3850169e-01   5.2415837e-02  -1.7107753e+00  -2.6377958e-02   1.0951111e-02  -3.0136173e-03
   1.2466785e-01  -3.3356344e-02  -1.1572088e+00  -1.9648045e-02   1.0641783e-02  -3.4630372e-03
   1.3263732e-01   2.6284821e-02  -1.1894263e+00  -2.0642203e-02   9.1237405e-03  -3.1933370e-03
   1.5675533e-01   2.6091741e-02  -1.0806530e+00  -2.2424786e-02   9.8072166e-03  -3.3847455e-03
   1.5554411e-01   7.0769549e-03  -1.1479573e+00  -2.3150661e-02   9.8469887e-03  -2.4194709e-03
   1.4348660e-01   6.9725010e-03  -1.0882603e+00  -2.0797853e-02   1.1607574e-02  -3.2052694e-03
   1.4423511e-01   1.4794297e-02  -1.2082867e+00  -2.2445806e-02   1.1027906e-02  -3.2498925e-03
   1.6750698e-01  -8.9398828e-03  -1.2297271e+00  -2.4623259e-02   1.1143368e-02  -1.8069246e-03
   1.3256894e-01   1.8032772e-02  -1.2109517e+00  -1.0427733e-02   1.2206236e-02  -4.2186012e-03
   1.3860992e-01   1.9052837e-02  -1.7596291e+00  -2.0556164e-02   1.4284715e-02  -4.3498480e-03
   1.3564708e-01   3.5529575e-02  -1.9268925e+00  -2.5064862e-02   1.3300463e-02  -4.1154312e-03
   1.3675069e-01  -5.6129552e-02  -9.1952240e-01  -1.4909639e-02   1.3848335e-02  -3.2943942e-03
   1.3520596e-01   1.5799888e-02  -9.4818509e-01  -1.6909594e-02   1.2095842e-02  -2.9143889e-03
   1.2166327e-01   1.4360791e-02  -1.1590086e+00  -2.0598890e-02   1.0890703e-02  -2.4835051e-03
   1.3098163e-01   1.4854681e-02  -1.0817150e+00  -2.1064579e-02   1.0910128e-02  -2.5282113e-03
   9.3944841e-02  -8.2245040e-02  -9.4183213e-01  -1.9953703e-02   1.3029945e-02  -1.8244596e-03
   1.2469160e-01   1.6804047e-02  -1.1631663e+00  -1.7556051e-02   9.9025686e-03  -2.5031589e-03
   1.2593974e-01   1.9718413e-02  -1.3732861e+00  -1.9252619e-02   1.0906235e-02  -2.9968920e-03
   1.2874993e-01   5.1190482e-02  -1.5574430e+00  -2.3100703e-02   1.0505622e-02  -2.8845981e-03
   1.3662707e-01   1.8770364e-02  -1.5164483e+00  -2.1811763e-02   1.0630233e-02  -2.6163165e-03
   1.3050335e-01   3.9200241e-02  -1.5046755e+00  -2.2111675e-02   1.1353363e-02  -3.0231904e-03
   1.5652533e-01   3.1289959e-02  -1.5729888e+00  -1.6860020e-02   1.2198876e-02  -3.9152523e-03
   1.4096210e-01   5.9884156e-02  -1.5766106e+00  -2.3571693e-02   1.2657808e-02  -3.5547403e-03
   1.5482854e-01   3.6310475e-02  -1.7399118e+00  -2.5708980e-02   1.1138472e-02  -3.3129348e-03
   1.5198351e-01   7.6407546e-02  -1.7809702e+00  -2.6588119e-02   1.1299730e-02  -3.3106869e-03
   7.9640457e-02   7.1019319e-03  -6.3780835e-01  -1.1577578e-02   3.4748435e-03  -1.9191499e-03
   1.1607374e-01   1.7611573e-02  -1.3098019e+00  -2.2632980e-02   7.9844153e-03  -2.5583182e-03
   1.1238812e-01   7.6303946e-03  -1.4048190e+00  -2.3422280e-02   8.3658441e-03  -2.7777936e-03
   1.0847737e-01   1.6155205e-02  -1.4492283e+00  -2.5043543e-02   8.4984504e-03  -2.8176231e-03
   9.5246878e-02  -2.3435007e-03  -8.0676819e-01  -5.6647186e-03   7.8037915e-03  -1.6156944e-03
   8.9207937e-02   5.2196450e-02  -1.7396494e+00  -1.9835858e-02   9.9028979e-03  -2.0683631e-03
   1.0293060e-01   3.9331371e-02  -1.7207710e+00  -2.0721185e-02   1.0622415e-02  -1.9943754e-03
   1.1297040e-01   6.2630722e-02  -1.8164856e+00  -2.3647088e-02   9.1368670e-03  -2.0142748e-03
   1.2457795e-01   5.6849249e-02  -1.8100557e+00  -2.4403882e-02   9.0532266e-03  -2.1958930e-03
   1.0776701e-01   6.4283914e-02  -1.7396113e+00  -2.5130171e-02   9.1545421e-03  -2.1396116e-03
   1.3403648e-01   2.3446084e-02  -1.7096055e+00  -2.2329645e-02   1.0524014e-02  -2.5968800e-03
   1.0580136e-01   6.3690642e-02  -1.5418764e+00  -2.7423886e-02   6.5285517e-03  -1.3498817e-03
   1.4091432e-01   2.7037280e-02  -1.3955344e+00  -2.3641946e-02   7.5864770e-03  -1.9141430e-03
   1.3637709e-01   1.4024622e-02  -1.5257782e+00  -2.7835275e-02   7.6998019e-03  -1.9936112e-03
   1.4380846e-01   5.2691006e-02  -1.5372790e+00  -2.6929879e-02   7.8689113e-03  -2.2971631e-03
   1.3710667e-01   4.7036126e-02  -1.5723083e+00  -2.6604718e-02   8.1927629e-03  -2.0264727e-03
   1.2845990e-01   3.0904612e-02  -1.5753694e+00  -2.6089194e-02   8.9835606e-03  -2.0507641e-03
   1.2135717e-01   4.5659121e-02  -1.5523743e+00  -2.6953346e-02   7.6983696e-03  -1.6204815e-03
   6.4459544e-02  -4.4621632e-02  -7.3028936e-01  -9.2954187e-03   6.2037015e-03  -1.6793033e-03
   9.9415791e-02   6.2975470e-02  -1.6697747e+00  -1.8426256e-02   8.7236859e-03  -2.2233513e-03
   1.2162737e-01   4.9204647e-02  -1.8916726e+00  -2.3169121e-02   8.4899328e-03  -2.1901414e-03
   1.0849305e-01   8.7675188e-02  -1.9844623e+00  -2.5066593e-02   8.3131704e-03  -2.1390323e-03
   1.0012548e-01   8.4002400e-02  -1.9834317e+00  -2.7675396e-02   3.8488391e-03  -8.3560281e-04
   1.2651178e-01   8.1028754e-02  -1.8561511e+00  -2.8026846e-02   5.2472996e-03  -1.3233569e-03
   1.2688070e-01   8.6950587e-02  -1.9313653e+00  -2.8100443e-02   3.9064313e-03  -1.1958581e-03
   1.2434358e-01   8.9775675e-02  -1.9571168e+00  -2.8961491e-02   4.6872626e-03  -1.1359751e-03
   1.2086833e-01   9.6838102e-02  -1.9619821e+00  -2.8799128e-02   4.9474037e-03  -1.2119300e-03
   6.4973038e-02  -1.6774359e-02  -9.5913978e-01  -1.2730380e-02   5.9984069e-03  -1.1372523e-03
   9.4871368e-02   4.4538775e-02  -1.2409042e+00  -1.7474062e-02   4.9930226e-03  -1.5886636e-03
   1.0869364e-01   2.4562920e-02  -1.3802150e+00  -1.9976036e-02   5.1443573e-03  -1.5597808e-03
   1.1399161e-01   3.2108306e-02  -1.4944714e+00  -2.2330905e-02   6.3764023e-03  -1.5070587e-03
   6.4217102e-02  -5.0259816e-02  -9.6283585e-01  -9.4233995e-03   8.3138530e-03  -2.9642583e-03
   1.1315920e-01   3.4660838e-02  -1.6578032e+00  -1.5980732e-02   9.4479593e-03  -2.8158853e-03
   1.2151674e-01   2.4151687e-02  -1.7513523e+00  -1.7880409e-02   9.2434306e-03  -3.0747129e-03
   9.9276701e-02   2.2431084e-02  -8.2651219e-01  -2.5830889e-03   7.3976993e-03  -2.5618563e-03
   1.1338180e-01   6.0704565e-02  -1.8018862e+00  -1.7733321e-02   7.8630488e-03  -2.3704108e-03
   1.2765355e-01   2.4108977e-02  -1.6937534e+00  -1.9123229e-02   6.8310912e-03  -2.4956611e-03
   1.4661090e-01   5.2934108e-02  -1.8592978e+00  -2.1760184e-02   7.5576109e-03  -2.8292679e-03
   1.4352192e-01   5.1013692e-02  -1.9143911e+00  -2.2716650e-02   7.7839902e-03  -2.8846886e-03
   1.4241212e-01   5.6924879e-02  -1.8820487e+00  -2.3297110e-02   8.1280918e-03  -2.9386093e-03
   1.4065005e-01   4.4470134e-02  -1.9039915e+00  -2.1956281e-02   8.7430513e-03  -2.7963110e-03
   1.0745003e-01  -2.0748522e-02  -1.2902693e+00  -1.6412786e-02   4.4117293e-03  -2.2834443e-03
   9.6610909e-02   3.7354870e-02  -1.4486755e+00  -1.7716074e-02   5.8736988e-03  -2.3278130e-03
   5.0284860e-02   5.4235563e-03  -8.8210647e-01  -1.1661432e-02   4.7294728e-03  -9.0251252e-04
   1.0140868e-01   4.2453002e-02  -1.4815200e+00  -1.5806826e-02   9.5368446e-03  -2.5343063e-03
   1.1532775e-01   3.4601652e-02  -1.6043981e+00  -1.7456011e-02   9.2058854e-03  -2.6447089e-03
   1.1646623e-01   3.9370030e-02  -1.6516436e+00  -2.0571290e-02   5.1547857e-03  -2.2471891e-03
   1.2440511e-01   3.8044804e-02  -1.6424786e+00  -2.1316684e-02   5.5277585e-03  -2.0587019e-03
   9.6950738e-02   2.4978489e-02  -1.6347527e+00  -2.1653069e-02   6.3557242e-03  -1.8565344e-03
   1.0120866e-01   4.7047711e-02  -1.6722388e+00  -2.1110915e-02   6.6023763e-03  -2.0324392e-03
   1.1349520e-01   5.7656873e-02  -1.7094044e+00  -2.2423740e-02   6.6946912e-03  -2.2162315e-03
   1.1093313e-01   4.1069099e-02  -1.6882972e+00  -2.1293755e-02   7.7842517e-03  -2.1957232e-03
   1.0477668e-01   5.8501276e-02  -1.6988132e+00  -2.1841699e-02   7.5613617e-03  -2.2251695e-03
   1.0451047e-01   4.6194156e-02  -1.6842415e+00  -2.1553758e-02   7.3129602e-03  -2.0952524e-03
   1.1571296e-01   4.6225982e-02  -1.7288034e+00  -2.2120497e-02   7.4019301e-03  -2.2565448e-03
   9.9286945e-02   1.7500179e-02  -1.7424748e+00  -2.5939342e-02   8.6978180e-03  -1.6677179e-03
   1.0006080e-01   5.1512861e-03  -1.1253282e+00  -1.7998348e-02   1.2019741e-02  -2.3423612e-03
  -4.7226208e-02   1.2565508e-01  -1.6414044e+00  -7.4967910e-03   4.5282061e-03  -9.6999943e-04
   6.3596792e-03   2.8751970e-01  -3.3665182e+00  -4.4061987e-02   1.6492113e-03   4.5285228e-03
   6.6617230e-03   2.5885088e-01  -3.2127478e+00  -4.4640143e-02   3.2665586e-03   3.5868344e-03
   1.2184492e-02   2.5035342e-01  -3.1786126e+00  -4.5701968e-02   2.1103987e-03   3.0689234e-03
   1.3599998e-02   2.1633799e-01  -3.1342716e+00  -4.4938939e-02   2.3648125e-03   2.7805592e-03
   1.0867596e-02   2.2838200e-01  -3.1285583e+00  -4.3627687e-02   1.5041904e-03   3.1393821e-03
   1.9952444e-02   1.9040682e-01  -3.1036657e+00  -4.3415978e-02   1.4676899e-03   2.5840923e-03
   1.8377008e-03   1.9148347e-01  -3.0692295e+00  -4.2789140e-02   2.0987244e-03   3.1935705e-03
   1.2238249e-02   1.8994810e-01  -2.9984930e+00  -4.1051853e-02   1.0900633e-03   2.6812281e-03
   1.6794226e-02   1.8233197e-01  -2.9883263e+00  -4.2858671e-02   1.4580805e-03   2.1241839e-03
   3.5045060e-02   1.6250488e-01  -3.0134413e+00  -4.3504970e-02   1.8565225e-03   1.9142617e-03
   3.9371003e-02   1.9302353e-01  -3.0413975e+00  -4.3721844e-02   1.5286645e-03   1.6917942e-03
   4.4465999e-02   1.2210080e-01  -2.6175803e+00  -3.6512805e-02   2.5904929e-03   1.5867628e-03
   4.4500914e-02   1.5755291e-01  -2.6774664e+00  -3.9441342e-02   9.9629796e-04   1.3598551e-03
   4.9711617e-02   1.2687855e-01  -2.6872375e+00  -3.9472198e-02   1.4635568e-03   1.2318383e-03
   5.3137850e-02   1.3391849e-01  -2.7251925e+00  -4.0758303e-02   1.7234315e-03   1.0197062e-03
   3.9674503e-02   1.3405162e-01  -2.7889918e+00  -4.1284489e-02   2.0088291e-03   1.0354588e-03
   3.7070393e-02   1.3846993e-01  -2.6860900e+00  -4.0127327e-02   1.6831970e-03   1.0140172e-03
   5.4787736e-02   1.3726955e-01  -2.8872598e+00  -4.0678376e-02   7.5706731e-04   7.3399271e-04
   4.4186889e-02   1.4578956e-01  -2.6295045e+00  -3.6581263e-02   3.4991599e-03   1.0757271e-03
   5.3069966e-02   1.3793904e-01  -2.6662110e+00  -3.7259586e-02   3.4357314e-03   9.4815582e-04
   5.4156940e-02   1.4710372e-01  -2.7045142e+00  -3.8083106e-02   3.3782366e-03   7.8523244e-04
   5.5140559e-02   1.3104522e-01  -2.6778761e+00  -3.7902048e-02   4.1345127e-03   7.5478173e-04
   1.2216977e-02   2.4414592e-01  -2.7571116e+00  -4.6041337e-02   3.5738067e-03   5.1210325e-05
   5.1697034e-02   1.4094891e-01  -2.5971220e+00  -4.3599199e-02   3.6407235e-03  -7.3921846e-04
   5.8485414e-02   1.2193672e-01  -2.5672203e+00  -4.2761233e-02   4.9838869e-03  -7.5407725e-04
   4.6484205e-02   1.4156351e-01  -2.5769238e+00  -4.1243846e-02   4.3384827e-03  -6.5318317e-04
   3.9835851e-02   1.4741098e-01  -2.6608047e+00  -4.2248510e-02   3.3065022e-03  -7.0199092e-04
   5.4512284e-02   1.4408314e-01  -2.6675827e+00  -4.0934233e-02   3.4260057e-03  -6.7173102e-04
   5.5112514e-02   3.2181374e-02  -2.1787237e+00  -2.6501228e-02   8.2543585e-03  -1.1213558e-03
   6.0607755e-02   1.3622300e-01  -2.7877602e+00  -3.5003186e-02   5.6234384e-03  -8.8419044e-04
   5.1308350e-02   9.1850227e-02  -2.8066742e+00  -3.6441138e-02   5.5646240e-03  -9.1204517e-04
   5.8584585e-02   1.4032026e-01  -3.0057575e+00  -3.8363159e-02   5.1573777e-03  -7.6658086e-04
   4.6018654e-02   1.4173772e-01  -3.0058720e+00  -3.9181874e-02   5.1999327e-03  -9.0348049e-04
   4.3261049e-02   1.1728150e-01  -2.9339839e+00  -3.7536264e-02   5.9958188e-03  -7.9146811e-04
   3.4835000e-02   1.2191344e-01  -2.8076811e+00  -3.6430944e-02   7.9328969e-03  -1.0464077e-03
   5.0921007e-02   1.1847704e-01  -2.9024048e+00  -3.5397965e-02   6.2196073e-03  -9.8953444e-04
   4.3332265e-02   1.0035798e-01  -2.9184278e+00  -3.7260567e-02   7.0961866e-03  -5.8972570e-04
   4.9301308e-02   1.2547683e-01  -2.9187070e+00  -3.7944067e-02   6.6786522e-03  -8.7266699e-04
   4.9330994e-02   1.2292186e-01  -2.9250059e+00  -3.8317977e-02   5.7075861e-03  -9.4481619e-04
   5.6754248e-02   1.1629846e-01  -2.9795983e+00  -3.9480950e-02   5.9035010e-03  -1.0302085e-03
   5.7968590e-02   1.0929537e-01  -2.9534518e+00  -3.8627022e-02   5.7338725e-03  -1.1760474e-03
   6.2391710e-02   8.1147607e-02  -2.9077309e+00  -3.2911737e-02   8.4711918e-03  -7.9412438e-04
   5.1660051e-02   1.4387980e-01  -3.0239690e+00  -3.5900921e-02   7.3277379e-03  -6.7507165e-04
   5.4390442e-02   1.1832526e-01  -3.0358608e+00  -3.7376926e-02   6.7423641e-03  -9.9941223e-04
   7.0660404e-02   1.2395758e-01  -3.0694907e+00  -3.8085410e-02   6.7229846e-03  -1.3873504e-03
   7.5158609e-02   1.1395503e-01  -2.8396084e+00  -3.5088217e-02   3.2784197e-03  -8.9793743e-04
   1.0342586e-01   1.0468992e-01  -2.9393294e+00  -3.5389977e-02   3.6569116e-03  -1.6405173e-03
   9.3339595e-02   1.0883583e-01  -3.0041458e+00  -3.7551708e-02   3.6073903e-03  -1.4499635e-03
   9.3689830e-02   1.1358008e-01  -3.0094926e+00  -3.7895146e-02   3.8966192e-03  -1.5679194e-03
   8.2221613e-02   1.1422183e-01  -3.0341401e+00  -3.6552991e-02   4.4057730e-03  -1.0748744e-03
   8.8523772e-02   1.1454364e-01  -3.0178524e+00  -3.7177307e-02   4.6283880e-03  -1.3599046e-03
   9.7885782e-02   1.3971222e-01  -3.0386180e+00  -3.7770674e-02   4.9489157e-03  -1.6121310e-03
   1.0015202e-01   1.4875720e-01  -3.0489148e+00  -3.7626602e-02   3.9906036e-03  -1.5906496e-03
   9.6771932e-02   1.3864998e-01  -3.0312109e+00  -3.7378772e-02   4.0538785e-03  -1.3902335e-03
   9.8815823e-02   1.3716854e-01  -3.0670681e+00  -3.7627901e-02   4.0134030e-03  -1.4583446e-03
   7.8995477e-02   9.2513497e-02  -2.7415291e+00  -2.9649473e-02   3.2508462e-03  -1.2969749e-03
   7.7429551e-02   1.4212716e-01  -3.0423908e+00  -3.2974000e-02   3.1361466e-03  -1.3412144e-03
   7.8858107e-02   1.1364880e-01  -3.1221397e+00  -3.6473544e-02   1.3000749e-03  -1.4236299e-03
   8.6835398e-02   1.2854867e-01  -3.0549823e+00  -3.8031708e-02   1.6997514e-03  -1.0472107e-03
   5.5556399e-02   1.0888869e-01  -2.8010185e+00  -3.1051249e-02   7.8255328e-03  -1.1193071e-03
   8.4287132e-02   1.3187194e-01  -3.0215813e+00  -3.5340437e-02   5.9727882e-03  -1.2155570e-03
   7.6485535e-02   1.3932060e-01  -3.0560738e+00  -3.6298840e-02   6.1504638e-03  -1.5994697e-03
   7.7608168e-02   1.4367753e-01  -3.1024623e+00  -3.6782946e-02   5.7176198e-03  -1.3117244e-03
   7.8782328e-02   1.2298453e-01  -3.0875601e+00  -3.6367592e-02   6.0927090e-03  -1.3021737e-03
   5.8250832e-02  -8.6468458e-02  -1.3767924e+00  -1.6624892e-02   6.9630842e-03  -2.9294628e-03
   8.3358412e-02   8.3078763e-02  -2.4953558e+00  -2.3644886e-02   7.5010575e-03  -2.0068903e-03
   7.9590134e-02   7.7131761e-02  -2.7006234e+00  -2.6648832e-02   7.0419992e-03  -2.0899930e-03
   8.7601287e-02   9.3003183e-02  -2.8325734e+00  -2.8116251e-02   7.0105767e-03  -2.2842294e-03
   9.5699685e-02   9.1297809e-02  -2.8477578e+00  -2.8650501e-02   7.0499395e-03  -2.0227342e-03
   7.4619618e-02   9.1329853e-02  -2.8543199e+00  -2.9719941e-02   7.1713097e-03  -1.8829566e-03
   8.7968164e-02   9.5881897e-02  -2.8715251e+00  -3.2921294e-02   6.3504155e-03  -1.3846990e-03
   9.5496879e-02   1.2317891e-01  -2.7639665e+00  -3.2169277e-02   7.0738114e-03  -1.5903172e-03
   9.9686637e-02   1.2182518e-01  -2.8287460e+00  -3.3617682e-02   6.6375723e-03  -1.8682437e-03
   6.3619964e-02   1.4830930e-02  -2.1364835e+00  -2.3128953e-02   4.6256851e-03  -1.7223579e-03
   7.5547137e-02   1.0068267e-01  -2.5826058e+00  -2.9116302e-02   5.2555272e-03  -9.6391654e-04
   5.1547990e-02   2.6076195e-02  -2.2712260e+00  -1.8343693e-02   7.2633785e-03  -1.9576042e-03
   7.9889394e-02   9.4847214e-02  -2.7666702e+00  -2.5367619e-02   7.3571310e-03  -2.7939577e-03
   7.2051663e-02   6.4398782e-02  -2.7871668e+00  -2.7222954e-02   7.2860586e-03  -2.3908808e-03
   7.5294131e-02   9.1416776e-02  -2.9275798e+00  -3.0748649e-02   5.8444322e-03  -1.9323896e-03
   7.5598555e-02   9.5497981e-02  -2.9486875e+00  -3.1239089e-02   5.9744700e-03  -2.2098987e-03
   7.6877040e-02   4.4172915e-02  -2.9773789e+00  -3.5732450e-02   5.0862618e-03  -1.7950776e-03
   9.6511272e-02   5.7906919e-02  -2.4178328e+00  -2.5112619e-02   6.5771637e-03  -2.3664812e-03
   1.1608367e-01   6.4721938e-02  -2.3428943e+00  -2.6823085e-02   1.4234558e-03  -1.2176071e-03
   1.2077090e-01   1.1543362e-01  -2.5159871e+00  -3.0191374e-02   1.5905283e-03  -1.4509176e-03
   1.1362180e-01   1.0530343e-01  -2.6083929e+00  -3.1573510e-02   1.1834261e-03  -1.4670250e-03
   1.2617889e-01   9.5251714e-02  -2.6070002e+00  -3.1714211e-02   2.7463903e-03  -1.6390039e-03
   9.2746464e-02   1.0156005e-01  -2.6127359e+00  -3.0006668e-02   2.2973114e-03  -1.3617794e-03
   9.4454789e-02  -8.9552070e-03  -1.4563841e+00  -1.0060588e-02   3.6494905e-03  -2.0202717e-03
   7.8320165e-02   1.0569798e-01  -2.4684835e+00  -2.3939612e-02   3.8433770e-03  -1.6237875e-03
   8.8378268e-02   8.7016171e-02  -2.6020000e+00  -2.7110814e-02   4.2285056e-03  -1.7097719e-03
   8.8580120e-02   9.9487270e-02  -2.6332390e+00  -2.7930525e-02   4.3832384e-03  -1.4070136e-03
   8.4220462e-02   1.2602420e-01  -2.6281910e+00  -2.8659827e-02   4.8846502e-03  -1.8739446e-03
   7.9699826e-02   1.2248049e-01  -2.6254224e+00  -2.9000861e-02   4.5282245e-03  -1.6347414e-03
   1.0109401e-01   1.0480303e-01  -2.4623355e+00  -2.7881234e-02  -7.1493807e-04  -1.0666831e-03
   9.3101733e-02   1.1304429e-01  -2.6340149e+00  -3.1738664e-02  -4.5039220e-04  -9.4645830e-04
   8.1067359e-02   1.1421621e-01  -2.6622779e+00  -3.2617331e-02   9.5833349e-05  -1.0082577e-03
   8.3769161e-02   1.2093771e-01  -2.7034849e+00  -3.2789156e-02   5.1395527e-04  -1.0892581e-03
   8.6651776e-02   4.8472983e-02  -1.8424641e+00  -1.7099028e-02   4.8420656e-04  -1.2634680e-03
   7.5466012e-02   1.2641563e-01  -2.5608189e+00  -2.6287997e-02   8.5217985e-04  -1.3880391e-03
   7.5129879e-02   1.2471542e-01  -2.6100379e+00  -2.8409584e-02   2.6005792e-03  -1.1036759e-03
   6.9760705e-02   1.2024189e-01  -2.6481073e+00  -2.9883916e-02   2.1585762e-03  -9.2327845e-04
   7.8581501e-02   4.3940525e-02  -1.1343404e+00  -2.5875974e-03   2.0797473e-03  -1.0421610e-03
   8.4790489e-02   1.0075161e-01  -2.4407838e+00  -2.1278290e-02   3.3340534e-03  -9.5582514e-04
   9.4983713e-02   1.0454292e-01  -2.5989850e+00  -2.3878525e-02   2.7017256e-03  -7.4661520e-04
   8.0690586e-02   4.3630260e-02  -2.7716318e+00  -3.2085589e-02   9.9640967e-04  -8.6932566e-04
   9.5621796e-02   9.1360668e-02  -2.4642161e+00  -2.5094677e-02   9.0535857e-06  -3.0556674e-04
   9.4633369e-02   7.5476411e-02  -2.5311925e+00  -2.7275836e-02   8.2405937e-04  -4.8544420e-04
   8.1497405e-02   8.4089193e-02  -2.5241971e+00  -2.7191720e-02   1.4047690e-03  -5.2411257e-04
   8.5743621e-02   1.1218594e-01  -2.5600964e+00  -2.7902370e-02   1.2068028e-03  -5.4574306e-04
   8.1038540e-02   9.3972762e-02  -2.5281009e+00  -2.6976509e-02   3.5232816e-03  -3.5605315e-04
   4.6070794e-02   9.1120207e-02  -2.3292925e+00  -2.1664833e-02   6.1598822e-03  -3.4275966e-04
   7.4625937e-02   1.1585937e-01  -2.5808278e+00  -2.5529659e-02   5.4326964e-03  -2.3099407e-04
   7.0795044e-02   1.2661467e-01  -2.6351820e+00  -2.8137336e-02   5.1891159e-03  -2.6221625e-04
   8.0758584e-02   1.3542649e-01  -2.6439005e+00  -2.9230145e-02   5.3183003e-03  -4.1812489e-04
   7.6886555e-02   1.3587429e-01  -2.6555850e+00  -2.9125665e-02   5.2262869e-03  -2.2240126e-04
   7.9049530e-02   1.1230200e-01  -2.6351541e+00  -2.9397157e-02   4.7492174e-03  -2.4057883e-04
   9.1359700e-02   1.1487566e-01  -2.5634705e+00  -2.9832744e-02   4.6426339e-03  -3.2827297e-04
   9.2483474e-02   1.1064782e-01  -2.5818558e+00  -2.9557851e-02   4.4040580e-03  -3.1472694e-04
   9.2529482e-02   1.3275868e-01  -2.6336000e+00  -3.0581520e-02   4.5277009e-03  -2.9865577e-04
   9.4231643e-02   9.4765017e-02  -2.4694946e+00  -2.5529305e-02   2.1427091e-03  -4.3159089e-04
   6.5667674e-02   1.3744228e-01  -2.5358795e+00  -2.6572327e-02   3.0426438e-03  -4.4115500e-04
   6.8325851e-02   1.2989197e-01  -2.6129063e+00  -2.7918405e-02   4.3285783e-03  -3.0548348e-04
   3.9172124e-02   8.4758268e-02  -2.3916163e+00  -2.0161720e-02   4.9922467e-03  -4.6886294e-04
   5.1731701e-02   9.9702715e-02  -2.6337657e+00  -2.5143183e-02   4.7550481e-03  -1.0347517e-03
   5.9675686e-02   9.7737006e-02  -2.6324013e+00  -2.5703514e-02   4.8352798e-03  -9.2044703e-04
   1.1463162e-02   3.2551663e-02  -2.1619960e+00  -2.4545541e-02   1.1089537e-03  -5.2344385e-04
   7.2508160e-02   8.8639089e-02  -2.3306834e+00  -2.1519354e-02   3.9354773e-03  -2.3931777e-03
   8.4508474e-02   8.2882192e-02  -2.4193700e+00  -2.3447579e-02   3.2534041e-03  -2.2138539e-03
   2.5527733e-02   4.7483913e-02  -1.9328257e+00  -1.5480062e-02   6.0660682e-03  -1.6435176e-03
   8.2410983e-02   9.2306239e-02  -2.5005265e+00  -2.3863160e-02   6.5993255e-03  -2.0328067e-03
   6.9742296e-02   9.7099870e-02  -2.5720995e+00  -2.5701131e-02   6.3564179e-03  -2.2272520e-03
   7.5203125e-02   9.5314473e-02  -2.6221062e+00  -2.7130038e-02   6.8647260e-03  -2.5418770e-03
   7.1133900e-02   1.0038482e-01  -2.6613035e+00  -2.8169848e-02   6.3661177e-03  -2.3696196e-03
   7.3647617e-02   1.1962778e-01  -2.6377447e+00  -2.7755886e-02   6.3450841e-03  -2.4928231e-03
   6.7839564e-02   1.0209811e-01  -2.6759024e+00  -2.7422664e-02   6.3189264e-03  -2.3693778e-03
   7.2671847e-02   1.1348294e-01  -2.6037761e+00  -2.7181108e-02   6.3137849e-03  -2.5553815e-03
   7.5679821e-02   5.2668274e-02  -2.3933424e+00  -1.7729688e-02   6.8018449e-03  -2.7647820e-03
   7.4725068e-02   1.3231164e-01  -2.8911805e+00  -2.5795116e-02   7.0518615e-03  -2.8292566e-03
   7.8156542e-02   5.2038287e-02  -2.9499649e+00  -3.3538697e-02   4.3585718e-03  -2.0988710e-03
   7.4348795e-02   1.2781176e-01  -2.7816677e+00  -2.6541000e-02   4.1577630e-03  -2.0366104e-03
   7.4815119e-02   7.1952919e-02  -2.3839913e+00  -2.1065923e-02   7.3371897e-03  -1.9083216e-03
   8.1334354e-02   1.1236931e-01  -2.7773523e+00  -2.8244667e-02   6.5673939e-03  -2.0122865e-03
   7.3321734e-02   1.0874508e-01  -2.8028538e+00  -2.8867720e-02   6.1182650e-03  -2.1136387e-03
   8.4413638e-02   1.3174210e-01  -2.8398128e+00  -2.9898040e-02   6.0048316e-03  -2.2200595e-03
   6.1217414e-02   7.7082137e-02  -2.5463010e+00  -2.6834806e-02   6.0931302e-03  -1.9650471e-03
   7.3470236e-02   1.1096636e-01  -2.6425363e+00  -2.4575060e-02   5.9638298e-03  -2.0803443e-03
   7.1314439e-02   9.1409810e-02  -2.7225380e+00  -2.6633226e-02   8.3001574e-03  -2.0535838e-03
   7.7896429e-02   1.1271274e-01  -2.7765443e+00  -2.8039427e-02   7.1297241e-03  -2.0649951e-03
   7.3934227e-02   1.3441452e-01  -2.7970417e+00  -2.7967271e-02   6.6383116e-03  -2.2885003e-03
   9.4445186e-02   1.2560146e-01  -2.7962853e+00  -2.7378054e-02   7.0328878e-03  -2.3499031e-03
   8.1509208e-02   1.1332841e-01  -2.7249038e+00  -2.8369354e-02   6.6580337e-03  -2.2565216e-03
   8.6998439e-02   1.2571683e-01  -2.7327495e+00  -2.9634900e-02   6.8492738e-03  -2.3293621e-03
   8.5000105e-02   1.1729606e-01  -2.7870496e+00  -2.9090845e-02   7.8479442e-03  -2.3056216e-03
   6.9104994e-02   1.2050581e-01  -2.7485505e+00  -2.8690042e-02   7.3033421e-03  -2.4128005e-03
   7.8869433e-02   1.2372479e-01  -2.7624643e+00  -2.9427044e-02   7.2334526e-03  -2.5360519e-03
   8.2287259e-02   1.3506290e-01  -2.7597867e+00  -2.8758681e-02   7.0157711e-03  -2.4284616e-03
   8.6602980e-02   1.3262235e-01  -2.7668261e+00  -2.9017486e-02   6.8909923e-03  -2.4497662e-03
   8.5643616e-02   1.4560468e-01  -2.7780580e+00  -2.8387986e-02   8.7335475e-03  -2.9341343e-03
   3.5525373e-02   8.4717753e-02  -2.5781883e+00  -1.9156713e-02   5.7648090e-03  -1.7107328e-03
   5.9462488e-02   1.3033296e-01  -3.0408557e+00  -2.5890847e-02   5.2501001e-03  -2.1342357e-03
   5.5779102e-02   1.3851270e-01  -3.1352600e+00  -2.7092192e-02   5.5899468e-03  -1.9318674e-03
   6.6829969e-02   1.6215222e-01  -3.2143074e+00  -2.9093460e-02   5.4751841e-03  -2.1714563e-03
   7.3142500e-02   1.3844782e-01  -3.2531235e+00  -3.4332022e-02   4.3712965e-03  -2.6227551e-03
   7.1798864e-02   1.2936352e-01  -3.0465024e+00  -2.8984036e-02   3.7430418e-03  -2.0644593e-03
   3.2562860e-02   6.2203914e-02  -2.3848211e+00  -1.8368029e-02   1.0635873e-02  -2.4344538e-03
   4.8892597e-02   1.2243788e-01  -2.8178625e+00  -2.4511407e-02   8.5243351e-03  -2.7043590e-03
   5.4312539e-02   1.1696836e-01  -2.8969809e+00  -2.6737350e-02   8.6877409e-03  -2.7492721e-03
   6.0094476e-02   1.2885987e-01  -2.9941409e+00  -2.7761105e-02   7.6229078e-03  -2.7784932e-03
   7.0538575e-02   1.4907037e-01  -3.0218151e+00  -2.7346345e-02   7.1237965e-03  -2.9391555e-03
   6.6375135e-02   1.6827726e-01  -3.0477480e+00  -2.8147096e-02   7.4305783e-03  -3.0435019e-03
   6.8697079e-02   1.2812439e-01  -2.9909525e+00  -2.8501194e-02   7.9362775e-03  -3.0350018e-03
   7.7342051e-02   1.5577618e-01  -3.0319033e+00  -2.9075166e-02   7.8284393e-03  -3.1102931e-03
   6.6682692e-02   1.5080930e-01  -3.0413978e+00  -2.9088978e-02   7.2679375e-03  -2.9314306e-03
   4.2823236e-02   1.4640791e-01  -3.0119777e+00  -2.9642373e-02   1.0548604e-02  -3.0478094e-03
   2.5378062e-02   1.5097797e-01  -3.0298503e+00  -2.7985004e-02   7.8145066e-03  -2.2212356e-03
   6.5462948e-02   8.6536436e-02  -2.6309478e+00  -2.4532459e-02   5.8863583e-03  -2.8631515e-03
   1.0719670e-01   4.1271950e-02  -2.8553081e+00  -2.5929028e-02   6.7887677e-03  -3.8204603e-03
   1.2923558e-01   9.8833447e-02  -2.9183424e+00  -2.3572445e-02   6.5702979e-03  -4.0012111e-03
   1.2057170e-01   1.4476413e-01  -3.0534383e+00  -2.6339941e-02   5.8603109e-03  -3.7937289e-03
   1.1896707e-01   1.6030833e-01  -3.1662238e+00  -2.8176309e-02   5.3752076e-03  -3.5279719e-03
   5.9667119e-02   8.3869226e-02  -2.0606606e+00  -1.0548395e-02   3.7895449e-03  -2.2286108e-03
   6.2459320e-02   1.2515987e-01  -2.6509201e+00  -2.1841225e-02   5.9378242e-03  -2.4555884e-03
   7.4839971e-02   1.2523519e-01  -2.8737122e+00  -2.4341847e-02   5.1216547e-03  -2.6647460e-03
   7.1233295e-02   1.2018957e-01  -2.8864233e+00  -2.4022496e-02   6.0620202e-03  -2.4133644e-03
   7.2185601e-02   1.2947517e-01  -2.8501885e+00  -2.3254718e-02   6.7636989e-03  -2.6692806e-03
   7.3149454e-02   1.1032679e-01  -2.8945968e+00  -2.5651855e-02   6.3403894e-03  -2.9289469e-03
   9.3371614e-02   1.3807167e-01  -2.7940677e+00  -2.4407995e-02   3.8417501e-03  -2.8415666e-03
   8.5542605e-02   1.2081338e-01  -2.8282699e+00  -2.6096991e-02   3.9516066e-03  -2.7672352e-03
   9.2296769e-02   1.2355203e-01  -2.8805326e+00  -2.6516577e-02   4.0203323e-03  -2.7281226e-03
   9.1301893e-02   1.2391738e-01  -2.8848400e+00  -2.7107305e-02   4.8361671e-03  -2.9870063e-03
   7.8278521e-02   4.1656932e-02  -1.9222850e+00  -1.2279268e-02   2.6087634e-03  -3.0129990e-03
   7.2475991e-02   9.3984301e-02  -2.3231253e+00  -1.9785042e-02   5.1936200e-03  -2.9234497e-03
   2.4283705e-02   5.2336245e-02  -1.7486548e+00  -1.4479990e-02   2.3785164e-03  -2.9428155e-03
   6.4096574e-02   1.0511236e-01  -2.7346608e+00  -2.0057155e-02   7.0348772e-03  -2.7372338e-03
   7.8585018e-02   1.0311965e-01  -2.8510957e+00  -2.3378013e-02   7.6188010e-03  -2.9874681e-03
   8.5227697e-02   1.2043871e-01  -2.8288150e+00  -2.1346713e-02   7.3256305e-03  -2.9172725e-03
   5.2498097e-02   6.6577283e-02  -2.5599987e+00  -1.8625388e-02   4.3151613e-03  -2.6690118e-03
   6.8700046e-02   1.0770162e-01  -2.7518351e+00  -2.2838038e-02   4.1697895e-03  -2.7759362e-03
   8.0385877e-02   8.7488490e-02  -2.6987698e+00  -2.3639346e-02   4.3995061e-03  -2.7137506e-03
   8.6745679e-02   8.8970744e-02  -2.7487524e+00  -2.4365971e-02   3.6920545e-03  -2.8892156e-03
   8.0033680e-02   1.1750582e-01  -2.7679567e+00  -2.5297997e-02   4.2736166e-03  -2.5780209e-03
   8.0703394e-02   1.0816911e-01  -2.7942143e+00  -2.4633665e-02   3.8534154e-03  -2.5917310e-03
   4.9726132e-02   1.1593847e-01  -2.3920137e+00  -1.4203759e-02   4.2341659e-03  -2.1862446e-03
   4.5352394e-02   1.3419481e-01  -2.7913997e+00  -2.1258407e-02   3.4266534e-03  -1.7568918e-03
   4.9470590e-02   8.5610068e-02  -2.8649782e+00  -2.4748050e-02   3.6013779e-03  -2.1603329e-03
   5.4732400e-02   1.0630185e-01  -1.9853803e+00  -5.5691989e-03   4.3393296e-03  -1.8634983e-03
   4.5342694e-02   1.3525815e-01  -2.7764014e+00  -2.0153072e-02   4.8803726e-03  -1.6554483e-03
   5.2845086e-02   1.3423119e-01  -2.9390643e+00  -2.3356831e-02   5.0006914e-03  -1.6468608e-03
   5.4611050e-02   1.6371598e-01  -3.0212253e+00  -2.4796624e-02   4.6158930e-03  -1.6940704e-03
   4.9424032e-02   2.0473816e-01  -3.0509452e+00  -2.6957476e-02   2.9549031e-03  -1.2503617e-03
   7.6307416e-02   1.5588053e-01  -2.8912711e+00  -2.5196764e-02   1.3906853e-03  -1.4354877e-03
   6.1034849e-02   1.5415998e-01  -2.8781621e+00  -2.5170148e-02   1.6196547e-03  -1.5545307e-03
   5.9359056e-02   1.6248185e-01  -2.9303249e+00  -2.6147749e-02   2.1138551e-03  -1.4973857e-03
   6.6277389e-02   1.3972790e-01  -2.7908621e+00  -2.2940786e-02   3.3214850e-03  -2.0019013e-03
   5.8076212e-02   1.4311953e-01  -2.7957088e+00  -2.0915247e-02   1.6497452e-03  -1.6197912e-03
   6.3839152e-02   1.6496786e-01  -3.0036832e+00  -2.3940793e-02   2.1519648e-03  -1.1846851e-03
   6.4452278e-02   1.5178789e-01  -3.0525978e+00  -2.5834768e-02   3.5407563e-03  -1.6624519e-03
   6.5132394e-02   1.5507443e-01  -3.0717628e+00  -2.6539331e-02   3.8436939e-03  -1.9942295e-03
   6.7391677e-02   1.6294263e-01  -3.0538598e+00  -2.6483806e-02   3.1357820e-03  -1.9022676e-03
   3.8163140e-02   1.2710433e-01  -2.9976734e+00  -2.2714272e-02   4.6602629e-03  -1.3875557e-03
   5.0110183e-02   1.6179928e-01  -3.0616832e+00  -2.6377253e-02   4.4591400e-03  -1.3278215e-03
   1.1790559e-02   5.5596543e-02  -2.5263542e+00  -1.8743103e-02   3.6206783e-03  -1.9055101e-03
   4.3948300e-02   1.5141665e-01  -3.1760668e+00  -2.0441274e-02   5.1953890e-03  -1.5626622e-03
   5.6127344e-02   1.4641365e-01  -3.3769637e+00  -2.4098229e-02   5.0558324e-03  -1.4593610e-03
   5.1549073e-02   1.3377115e-01  -2.9999684e+00  -1.7505699e-02   4.8952764e-03  -1.4805559e-03
   4.1637654e-02   1.9157931e-01  -3.4676416e+00  -2.8672083e-02   4.0325784e-03  -1.5073225e-03
   5.6268535e-02   1.7683702e-01  -3.3760115e+00  -2.8041099e-02   4.4000604e-03  -1.6230454e-03
   4.7462653e-02   1.6224733e-01  -3.3310636e+00  -2.7133866e-02   4.6556083e-03  -1.4820902e-03
   5.2528052e-02   1.9055260e-01  -3.4142069e+00  -2.7884438e-02   4.7434646e-03  -1.8419365e-03
   5.2437649e-02   1.8075659e-01  -3.3634455e+00  -2.7359623e-02   4.7817704e-03  -1.8139088e-03
   5.3378771e-02   1.8435434e-01  -3.3761576e+00  -2.7969527e-02   4.8620589e-03  -1.8425841e-03
   4.6557519e-02   1.8208897e-01  -3.3872916e+00  -2.8189316e-02   4.4501873e-03  -1.5526625e-03
   5.4450410e-02   1.8482871e-01  -3.4049161e+00  -2.7841080e-02   4.4330876e-03  -1.7719427e-03
   5.9028324e-02   1.8838872e-01  -3.4169232e+00  -2.9202148e-02   4.2474387e-03  -1.9185342e-03
   6.1371575e-02   1.8410523e-01  -3.4020194e+00  -2.9373146e-02   3.8758349e-03  -1.6998704e-03
   5.3794306e-02   1.7767341e-01  -3.4273361e+00  -2.9110442e-02   4.3822895e-03  -1.4605091e-03
   5.4511567e-02   1.8117644e-01  -3.3841568e+00  -2.9150149e-02   4.7428846e-03  -1.9088806e-03
   3.3801149e-02   1.7409884e-01  -3.2586461e+00  -2.6393829e-02   7.3697125e-03  -1.7978976e-03
   5.1373097e-02   1.8324689e-01  -3.3602913e+00  -2.7934817e-02   6.9940646e-03  -1.9788529e-03
   4.1041403e-02   1.7476647e-01  -3.2621668e+00  -2.6688658e-02   7.2854853e-03  -1.6209794e-03
   4.9440630e-02   1.8479966e-01  -3.3266316e+00  -2.7318526e-02   6.0899548e-03  -1.7570066e-03
   5.3125849e-02   1.7812888e-01  -3.3840391e+00  -2.8286439e-02   5.6786516e-03  -1.8820445e-03
   5.7911233e-02   2.1921039e-01  -3.5268009e+00  -2.9760482e-02   5.0359096e-03  -1.7975616e-03
   5.4022738e-02   1.9101430e-01  -3.3714521e+00  -2.7850587e-02   4.8615025e-03  -1.5024996e-03
   4.5534815e-02   2.0775612e-01  -3.3613251e+00  -2.9376223e-02   5.7356904e-03  -1.5313030e-03
   1.0804650e-01   1.3244534e-01  -2.8013329e+00  -2.4707010e-02   1.0615825e-03  -1.9956474e-03
   7.3700562e-02   1.0399858e-01  -3.0933231e+00  -2.8055408e-02   6.0746621e-03  -1.8094632e-03
   1.7683297e-01   4.2362283e-01  -2.3669236e+00  -3.9136248e-02  -3.5730535e-03  -1.0670587e-03
   1.5007794e-01   3.2887645e-01  -2.1776236e+00  -3.3720063e-02  -3.5258914e-03   7.1938194e-04
   1.3149360e-01   2.9586789e-01  -2.2431330e+00  -3.4072588e-02  -3.0838533e-03   3.2037831e-04
   1.1214337e-01   2.6085294e-01  -2.2957493e+00  -3.4131189e-02  -3.2844720e-03   4.0491280e-04
   9.0966981e-02   1.6973553e-01  -2.4107654e+00  -3.0489034e-02  -1.4521026e-03  -5.9061480e-04
   1.3059596e-02  -8.9059005e-02  -1.8904557e+00  -4.3935996e-02   1.0282301e-02  -1.2497136e-03
  -1.3230473e-02   1.1148321e-01  -2.3902127e+00  -2.5808532e-02   4.7876911e-03  -2.9916967e-03
  -4.3303055e-02   1.0197799e-01  -2.4327805e+00  -2.9330197e-02   3.4100185e-03  -2.4551893e-03
  -3.6004799e-02   9.7105038e-02  -2.3341352e+00  -2.7051442e-02   2.7173305e-03  -2.9822491e-03
  -4.0554862e-02   8.9441462e-02  -2.2974163e+00  -2.8542080e-02   1.6366157e-03  -2.6924463e-03
  -1.5684243e-02   5.6811335e-02  -2.1271578e+00  -2.5530207e-02   1.3130531e-03  -2.9465612e-03
  -2.6162311e-02   7.1280410e-02  -2.1406790e+00  -2.6110785e-02   1.3527217e-03  -2.9264219e-03
  -2.8118191e-02   7.5338026e-02  -2.1314947e+00  -2.6242608e-02   1.3320471e-03  -3.0609340e-03
  -2.4685477e-02   5.9421607e-02  -2.1523371e+00  -2.6952561e-02   1.9269977e-03  -3.2979718e-03
  -2.1415320e-02   6.5726530e-02  -2.1164178e+00  -2.5992448e-02   2.3131601e-03  -3.4108164e-03
  -1.3648534e-02   6.5771306e-02  -2.1416426e+00  -2.5369198e-02   3.0117521e-03  -3.6778380e-03
  -9.5282890e-03   7.3486257e-02  -2.1138826e+00  -2.5967130e-02   3.2248639e-03  -3.9772588e-03
   1.0322237e-04   1.9136969e-02  -2.0931095e+00  -2.2121976e-02   5.3554724e-03  -4.3221288e-03
  -9.1929632e-03   2.1561106e-02  -1.7537445e+00  -1.8662778e-02   5.1229603e-03  -3.9959410e-03
  -9.7216754e-03   3.6575078e-02  -1.8165114e+00  -2.1336472e-02   4.4879694e-03  -3.6607184e-03
   1.3426941e-02   5.2769514e-02  -1.8091964e+00  -2.1144294e-02   4.6087562e-03  -3.8773480e-03
  -1.4560881e-02   2.5773432e-02  -1.8195744e+00  -2.1427768e-02   4.2962672e-03  -3.7257618e-03
  -2.0546244e-04  -3.1142959e-03  -1.7135775e+00  -2.0331697e-02   3.5750582e-03  -3.7975388e-03
   1.0926315e-01   2.5892703e-01  -1.8878437e+00  -3.4229451e-02   2.7626783e-03  -2.9512799e-03
   1.4057576e-01   4.2183079e-01  -1.6622053e+00  -3.4134199e-02  -7.5805935e-03  -1.5946236e-04
   1.0079665e-01   3.3514823e-01  -1.6261885e+00  -3.0871128e-02  -5.8896823e-03   6.9146835e-04
   6.7516845e-02   2.5845381e-01  -1.7598349e+00  -3.0177450e-02  -6.0547513e-03   1.0791721e-03
   5.0078016e-02   2.3581267e-01  -1.7772470e+00  -2.9161975e-02  -5.1615754e-03   8.7915709e-04
   4.1220570e-02   2.0257661e-01  -1.7392686e+00  -2.8934114e-02  -4.4516721e-03   8.5120753e-04
   4.4322107e-02   1.9390263e-01  -1.7596784e+00  -2.8897174e-02  -3.6591918e-03   8.3230926e-04
   3.4889175e-02   2.0317773e-01  -1.7733937e+00  -2.9133333e-02  -3.9492451e-03   1.0362600e-03
   3.6905791e-02   1.9308452e-01  -1.7624903e+00  -2.8840111e-02  -3.4112903e-03   7.7543376e-04
   3.0281485e-02   1.9947940e-01  -1.7717334e+00  -2.8757901e-02  -3.6097360e-03   8.9796754e-04
   1.4624408e-01   4.6658312e-01  -2.1191745e+00  -3.3343352e-02  -9.6257801e-03   5.0060258e-04
   6.2018874e-02   3.1918632e-01  -1.8496825e+00  -3.3017751e-02  -6.4550392e-03   1.4739437e-03
   4.9787901e-02   2.6542376e-01  -1.8133284e+00  -3.1602229e-02  -5.2582610e-03   1.2710005e-03
   2.4578751e-02   2.0367643e-01  -1.8657902e+00  -2.6762985e-02  -5.3667724e-03   1.6186367e-03
   3.4021088e-02   2.5041372e-01  -1.9155692e+00  -2.8587503e-02  -4.4386978e-03   1.1624237e-03
   2.4198446e-02   1.8105203e-01  -1.7569579e+00  -2.3711197e-02  -5.3603537e-03   1.4059268e-03
   2.5099053e-02   2.3482851e-01  -1.8152913e+00  -2.3114799e-02  -3.4906012e-03   6.1025833e-04
   3.8707162e-02   2.2396090e-01  -1.8838299e+00  -2.4560812e-02  -2.5704153e-03   5.1406643e-04
   3.3466854e-02   2.3934637e-01  -1.9918171e+00  -2.6560303e-02  -3.2270126e-03   5.3676128e-04
   4.3765001e-02   1.4057879e-01  -1.9400066e+00  -1.1062372e-02   3.1241167e-03  -7.0338056e-04
   5.8130766e-02   2.4438264e-01  -2.5788435e+00  -2.5679910e-02   2.6416068e-03   5.9828759e-05
   4.6877438e-02   1.6612410e-01  -2.4286595e+00  -1.9766341e-02   3.0957125e-03  -1.7312565e-03
   3.9619804e-02   1.8025148e-01  -2.4498317e+00  -2.1754761e-02   2.7319627e-03  -1.7568751e-03
   4.7986957e-02   1.6799923e-01  -2.4995909e+00  -2.3425809e-02   3.1610992e-03  -2.0242082e-03
   1.6893875e-01   5.3107482e-01  -2.6476224e+00  -3.9845067e-02  -5.1504212e-03  -1.1696749e-03
   1.5994960e-01   4.8881294e-01  -2.5930157e+00  -3.5928797e-02  -4.6434489e-03  -5.8040586e-04
   1.3869901e-01   4.3046289e-01  -2.6048442e+00  -3.4934693e-02  -3.5830866e-03  -4.4106880e-04
   1.1082809e-01   3.6700119e-01  -2.5799735e+00  -3.1845916e-02  -2.4552405e-03  -3.9204977e-04
   1.0566792e-01   3.6706912e-01  -2.6057747e+00  -3.2345982e-02  -2.1603476e-03  -1.0864820e-04
   1.0321996e-01   3.9283028e-01  -2.6313591e+00  -3.2746179e-02  -2.2500126e-03  -2.0911123e-04
   9.9747190e-02   3.7674465e-01  -2.6288103e+00  -3.2827999e-02  -1.9411168e-03   1.0220397e-05
   1.1956406e-01   3.8133166e-01  -2.5508035e+00  -2.8866629e-02  -5.2089211e-03   7.0188380e-04
   1.0770766e-01   3.7444731e-01  -2.5927669e+00  -2.9396679e-02  -4.1600321e-03   6.2971447e-04
   5.0817286e-02   3.2416422e-01  -2.3281755e+00  -2.6083856e-02  -9.6820226e-04   1.8748346e-03
   5.2107560e-02   3.7693834e-01  -2.5700254e+00  -3.2030063e-02  -2.8736184e-03   1.8835903e-03
   9.7347338e-02   5.8923814e-01  -2.5297907e+00  -4.4348466e-02  -3.6534817e-03   6.6503450e-04
   5.0298095e-02   4.0142481e-01  -2.2550181e+00  -3.0385932e-02  -2.1731417e-03   2.1125029e-03
   4.6533949e-02   3.8807856e-01  -2.4728188e+00  -3.2251844e-02  -3.4754302e-03   1.4981360e-03
   3.9118262e-02   3.6596204e-01  -2.5069771e+00  -3.2860969e-02  -3.3982455e-03   1.5950147e-03
   3.8441095e-02   3.8484566e-01  -2.5763369e+00  -3.3463235e-02  -3.6851135e-03   1.4466019e-03
   3.4536065e-02   3.6919797e-01  -2.5594761e+00  -3.4029850e-02  -2.8116565e-03   1.3587935e-03
   3.5887997e-02   3.6965237e-01  -2.5479374e+00  -3.2937838e-02  -2.6806476e-03   1.2663689e-03
   3.2959362e-02   3.6934162e-01  -2.5637413e+00  -3.2995968e-02  -3.1201205e-03   1.3628941e-03
   2.6160356e-02   3.6210549e-01  -2.5720261e+00  -3.2842187e-02  -3.0900833e-03   1.4030045e-03
   4.5178209e-02   3.9461269e-01  -2.6066701e+00  -3.2973191e-02  -3.8652573e-03   1.6741875e-03
   3.1249417e-02   3.7782035e-01  -2.5341210e+00  -3.3996478e-02  -3.2832335e-03   1.5595770e-03
   2.8638902e-02   3.6438737e-01  -2.5475294e+00  -3.4068459e-02  -3.2753484e-03   1.4141247e-03
   3.6283547e-02   3.6210004e-01  -2.5745561e+00  -3.3426570e-02  -3.4938677e-03   1.3421173e-03
   1.6041048e-03   3.4659819e-01  -2.5882192e+00  -2.8885998e-02  -1.9148960e-03   2.2799264e-03
   5.6205743e-03   3.6194818e-01  -2.6380651e+00  -3.0806978e-02  -2.6169547e-03   2.2710949e-03
   1.7247285e-02   3.5192159e-01  -2.6913452e+00  -3.0475991e-02  -3.8141636e-03   2.0439202e-03
   1.5818431e-02   3.6156404e-01  -2.7195857e+00  -3.0540901e-02  -4.1081118e-03   2.0067961e-03
  -5.2514662e-03   2.8184898e-01  -2.3250960e+00  -2.2427483e-02  -2.6911668e-03   2.9165911e-03
   4.0702557e-03   3.2825109e-01  -2.5693117e+00  -2.6515772e-02  -2.8235557e-03   2.6674548e-03
   1.5058854e-02   3.0672820e-01  -2.6763139e+00  -2.7407945e-02  -2.4249476e-03   2.1758334e-03
   1.5107958e-02   2.4991339e-01  -2.6753513e+00  -3.3748753e-02  -1.0923354e-03   2.4934843e-03
   7.5982458e-03   3.9329757e-01  -2.4659209e+00  -3.0477563e-02  -1.3782214e-03   2.1337631e-03
   1.2163773e-01   6.3836474e-01  -2.6554663e+00  -3.9850393e-02  -5.9871694e-03  -1.4952632e-03
   5.2961752e-02   2.6229005e-01  -2.1009988e+00  -1.8765897e-02  -2.6574880e-03   8.6544127e-04
   9.4901090e-02   4.1721184e-01  -3.0730895e+00  -3.1688675e-02  -3.8572304e-03   3.5049563e-04
   8.0137100e-02   3.6563385e-01  -3.0462780e+00  -3.2116683e-02  -2.9899897e-03   2.2086263e-04
   8.5741820e-02   2.4988632e-01  -3.0631103e+00  -2.8753996e-02  -7.5043947e-05  -1.1079627e-04
   1.1138862e-01   2.8378710e-01  -2.3020874e+00  -2.3270541e-02  -3.2189808e-03  -3.3298383e-04
   8.7605077e-02   2.5788449e-01  -2.4841612e+00  -2.3967257e-02  -1.5497727e-03  -2.5986100e-04
   9.6626465e-02   2.6596317e-01  -2.6088373e+00  -2.6018621e-02  -1.3999474e-03  -3.0047213e-04
   9.1170037e-02   2.8044661e-01  -2.6395660e+00  -2.7378341e-02  -1.9098237e-03  -1.8937243e-04
   9.2017540e-02   2.9849527e-01  -2.6579427e+00  -2.7497439e-02  -2.0129402e-03  -1.5975320e-04
   8.7318014e-02   2.6316801e-01  -2.5269126e+00  -2.5800640e-02  -4.1151521e-03   5.9494907e-04
   1.0624042e-01   2.7345829e-01  -2.6058927e+00  -2.7309178e-02  -2.4804861e-03  -9.4625093e-05
   1.8501299e-01   5.0872746e-01  -2.8003872e+00  -4.2751474e-02  -5.6351100e-03  -1.0220802e-03
   1.3942556e-01   4.4398165e-01  -2.4813587e+00  -3.2309997e-02  -4.6135019e-03   4.1958369e-04
   7.2716390e-02   3.4439173e-01  -2.5030001e+00  -2.7857637e-02  -3.8129555e-03   1.7887123e-03
   7.7566012e-02   3.5456430e-01  -2.5035466e+00  -2.6341267e-02  -3.3731132e-03   7.9228991e-04
   7.5985385e-02   2.7714355e-01  -2.4891753e+00  -2.5765829e-02  -2.3589614e-03   7.4122070e-04
   8.9468391e-02   3.3596371e-01  -2.6771845e+00  -2.7150057e-02  -1.2019220e-03   1.7381751e-04
   9.5941218e-02   3.3575930e-01  -2.7273092e+00  -2.8396994e-02  -1.3764695e-03   1.4126448e-04
   8.5456852e-02   3.1945463e-01  -2.7668597e+00  -3.0886683e-02  -3.3250439e-03   1.1806852e-03
   1.0719216e-01   3.3075670e-01  -2.7167626e+00  -2.8092300e-02  -2.2121194e-03   1.8514544e-04
   9.2829772e-02   3.4680234e-01  -2.7315916e+00  -3.0906349e-02   1.2093614e-03   1.5227496e-03
   8.8825241e-02   3.2592317e-01  -2.5797101e+00  -2.8136917e-02   4.3025846e-03   6.2984871e-04
   1.9090958e-01   5.9480894e-01  -2.6664928e+00  -3.6569219e-02  -2.8252334e-05  -1.5577941e-03
   1.2082222e-01   4.5937456e-01  -2.4161611e+00  -3.1898133e-02   1.6662359e-03   1.3254958e-03
   2.4632358e-02   3.9711634e-01  -2.9135296e+00  -2.8014538e-02   9.3868951e-04   5.0319165e-03
   3.5104896e-02   3.8509652e-01  -2.8443875e+00  -2.8965069e-02  -1.5311316e-03   3.6363116e-03
   3.9256412e-02   3.7440781e-01  -2.9947852e+00  -2.9487212e-02  -2.0037043e-03   3.5560396e-03
   4.4108744e-02   3.7897160e-01  -2.9324457e+00  -2.8610239e-02  -1.8328689e-03   2.9650550e-03
  -7.7801102e-03   2.6991927e-01  -2.4755320e+00  -1.5445348e-02   2.6764883e-03   3.2962129e-03
  -1.7575768e-02   3.0132519e-01  -2.7277668e+00  -2.1048117e-02   8.3810178e-04   2.8896227e-03
  -2.3337377e-03   2.8560490e-01  -2.8670304e+00  -2.5163436e-02   1.3680989e-03   3.0556884e-03
   1.0297626e-01   3.1146362e-01  -2.5294175e+00  -1.4593051e-02   2.6580113e-03  -1.2151230e-03
   9.0918139e-02   3.6657171e-01  -2.8705841e+00  -2.5367131e-02  -2.7902056e-03   2.6469365e-03
   1.8355915e-01   4.9501278e-01  -3.0182868e+00  -3.3005534e-02  -1.0815363e-03  -4.0269767e-03
   1.7064717e-01   4.8786199e-01  -3.0623122e+00  -2.9839466e-02  -3.7521625e-03   1.9962316e-03
   1.3364035e-01   4.7162317e-01  -3.1214505e+00  -2.9603910e-02  -2.6461551e-03   1.9172256e-03
   1.1773305e-01   4.2672286e-01  -3.0882275e+00  -2.9369434e-02  -2.4751571e-03   1.8266429e-03
   1.2468662e-01   4.2552766e-01  -3.0735243e+00  -2.9676005e-02  -2.0706209e-03   1.5839188e-03
   1.1267177e-01   4.1926492e-01  -3.0784749e+00  -3.0031387e-02  -1.1619175e-03   1.3282199e-03
   1.0617751e-01   4.2513894e-01  -3.1004974e+00  -2.9271518e-02  -1.0666125e-03   1.5164154e-03
   1.0539801e-01   3.7392141e-01  -3.1006238e+00  -3.1059307e-02  -4.1887998e-04   2.0962972e-03
   1.0202408e-01   4.1726626e-01  -3.0790690e+00  -2.8047398e-02  -4.7413145e-04   1.8275757e-03
   6.1026990e-02   2.3443915e-01  -2.8166388e+00  -2.2458405e-02  -1.6404905e-03   2.1029571e-03
   7.3575594e-02   3.3933698e-01  -2.9976998e+00  -2.4140885e-02  -4.4056895e-03   1.5394767e-03
   8.7234873e-02   3.3816864e-01  -3.0989322e+00  -2.5945910e-02  -3.8820700e-03   1.4996107e-03
   1.5786238e-01   4.9198581e-01  -3.1915984e+00  -3.2710266e-02  -6.2295764e-03   1.7656071e-03
   8.6871171e-02   3.7369334e-01  -2.6863079e+00  -2.4351539e-02  -6.0150328e-03   2.2330848e-03
   8.8825033e-02   3.7720273e-01  -2.8111665e+00  -2.5402031e-02  -4.5241974e-03   1.2718199e-03
   8.8339829e-02   3.3066265e-01  -2.9563505e+00  -2.6832356e-02  -3.0896905e-03   1.0871938e-03
   8.8091187e-02   3.6721506e-01  -3.0755974e+00  -2.9047854e-02  -2.7441198e-03   9.2435418e-04
   7.5260864e-02   3.3227141e-01  -3.1322552e+00  -2.7443350e-02  -2.1789229e-03   1.0973650e-03
   5.2714888e-02   3.2407135e-01  -2.8523044e+00  -2.1981781e-02  -3.7293707e-03   1.4357974e-03
   3.9434552e-02   3.1714018e-01  -2.9527784e+00  -2.3480315e-02  -3.8449799e-03   1.2894380e-03
   4.2959123e-02   3.1259087e-01  -2.9521640e+00  -2.3571545e-02  -3.0173827e-03   1.4716704e-03
  -2.9295304e-02   2.3860268e-01  -2.8123500e+00  -1.0098685e-02   6.1038024e-03   1.6644630e-03
  -6.1134942e-03   3.0164533e-01  -3.2301903e+00  -2.9309378e-02   1.3486742e-03   2.9331344e-03
   2.1012463e-02   2.4267511e-01  -2.8104832e+00  -2.0898579e-02   2.9854201e-03   2.1077029e-03
   2.3852468e-02   2.8015293e-01  -2.9438679e+00  -2.3916794e-02   1.6105728e-03   1.5887912e-03
   2.6702607e-02   2.6747717e-01  -2.9921123e+00  -2.4351595e-02   1.4048097e-03   1.3910620e-03
   2.3777763e-02   2.7535091e-01  -2.9906115e+00  -2.3265958e-02   2.2804093e-03   2.3392669e-03
   5.0368792e-02   2.7307977e-01  -3.2259927e+00  -2.4230256e-02   6.2123632e-04   1.1761630e-03
   4.1661811e-02   2.9856512e-01  -3.1479712e+00  -2.2495741e-02   6.2584509e-04   7.2013613e-04
   3.9268519e-02   2.6721843e-01  -3.1704237e+00  -2.3319390e-02   9.7307678e-04   5.6040485e-04
   3.5791338e-02   3.1368531e-01  -3.3004169e+00  -2.5753758e-02   5.3726825e-04   9.8138571e-04
   3.6533787e-02   2.8797711e-01  -3.2756498e+00  -2.6012187e-02   1.0235479e-03   7.7915572e-04
   4.8541828e-02   2.9054662e-01  -3.2787935e+00  -2.5216581e-02   2.6377525e-04   8.5199828e-04
   3.1676805e-02   2.8138503e-01  -3.2702603e+00  -2.4326297e-02   1.6322980e-03   1.1439152e-03
  -1.3923544e-02   2.6199758e-01  -2.9907778e+00  -1.9817307e-02   6.4996748e-03   3.0896380e-03
   7.5110525e-04   2.9302385e-01  -3.1260477e+00  -2.2364938e-02   3.8647081e-03   2.5991255e-03
   7.6992925e-03   2.9602108e-01  -3.1348561e+00  -2.3287514e-02   2.1427602e-03   2.0708427e-03
   2.0068004e-02   2.8865282e-01  -3.1581795e+00  -2.3985009e-02   1.5931198e-03   1.9611469e-03
  -5.9219932e-03   3.2652756e-01  -3.2567643e+00  -2.0906616e-02   3.6901622e-03   1.9731834e-03
   1.6860248e-02   2.9853349e-01  -3.3903930e+00  -2.4429887e-02   4.0277892e-03   2.1880377e-03
   7.9567985e-03   2.9874090e-01  -3.3971485e+00  -2.4948235e-02   3.4228241e-03   1.9684870e-03
   3.9210725e-03   2.9600092e-01  -3.4243986e+00  -2.5247511e-02   3.7868198e-03   1.9575985e-03
   1.1481931e-02   3.0363205e-01  -3.3842614e+00  -2.5453675e-02   3.6428170e-03   1.8681533e-03
  -3.0968613e-02   2.1562398e-01  -3.1874633e+00  -2.7337199e-02   5.3151092e-03   8.6787499e-04
   2.4194372e-02   2.1535584e-01  -3.2562144e+00  -2.1031442e-02   8.8953609e-03  -8.3511582e-04
   4.9650777e-05   2.1681751e-01  -3.1121815e+00  -2.0512766e-02   7.8621279e-03  -7.7941283e-04
   1.8003229e-02   1.6921851e-01  -2.5735667e+00  -1.7519403e-02   8.2432269e-03   3.5067441e-04
   3.7655175e-02   1.9936004e-01  -2.8224789e+00  -1.9825883e-02   7.3076459e-03   6.7096681e-06
   5.3168936e-02   3.3088867e-01  -2.7182631e+00  -2.4602763e-02   2.8021164e-03   1.3514894e-03
   5.0872294e-02   3.1402842e-01  -2.8113843e+00  -2.2656690e-02   4.5617124e-03   6.2482596e-04
   2.9674010e-02   2.2058999e-01  -2.7178312e+00  -2.4113259e-02   4.0004848e-03   2.1331501e-03
   6.1557473e-02   3.6504098e-01  -3.1815821e+00  -2.3613299e-02   1.5619903e-03   2.0280956e-03
   5.9371769e-02   3.0960822e-01  -3.2686498e+00  -2.5176219e-02   2.2880179e-03   1.2796529e-03
   5.9943666e-02   3.3495954e-01  -3.4101362e+00  -2.6209844e-02   2.0175881e-03   9.9346472e-04
   6.0494767e-02   3.2358460e-01  -3.4226003e+00  -2.7736053e-02   1.8782166e-03   1.1123166e-03
   4.9435893e-02   3.6005472e-01  -3.4389526e+00  -2.7705312e-02   1.8791169e-03   1.1107112e-03
   5.2694471e-03   2.6196701e-01  -2.7407153e+00  -1.9388451e-02   1.9210202e-03   1.0055531e-03
   2.6468162e-02   2.9441193e-01  -3.1077378e+00  -2.1758394e-02   2.4997972e-03   1.1114784e-03
   2.7018404e-02   2.6191541e-01  -3.1091468e+00  -2.3652406e-02  -2.5930748e-04   1.0773833e-03
   1.6190911e-01   4.1666187e-01  -3.0806146e+00  -3.3431484e-02  -9.7627547e-03   1.7702979e-04
   2.6360715e-01   6.1169762e-01  -3.1421356e+00  -4.1619814e-02  -4.1838495e-03  -2.0363310e-03
   1.9722726e-01   4.8628283e-01  -3.0324715e+00  -3.7528335e-02  -4.2838431e-03   1.2986428e-04
   1.7353130e-01   4.6869580e-01  -3.1878887e+00  -3.7795588e-02  -5.8769317e-03   4.1360274e-04
   1.6760656e-01   4.5788883e-01  -3.1495721e+00  -3.7163231e-02  -4.7788585e-03  -1.0835448e-04
   1.2740444e-01   4.4202806e-01  -3.0893382e+00  -3.2573041e-02  -6.1053046e-03   1.5877607e-03
   1.2132641e-01   4.1845025e-01  -3.0207484e+00  -3.0541824e-02  -4.2746689e-03   7.6703012e-04
   1.1432511e-01   3.9569853e-01  -3.0209415e+00  -3.0976954e-02  -2.7185400e-03   1.2676687e-03
   9.5689483e-02   3.7871099e-01  -3.1625797e+00  -2.5902277e-02   1.7647808e-03   1.1699739e-03
   8.5071875e-02   3.7228665e-01  -3.1147705e+00  -2.6199362e-02   7.8544762e-04   8.0848412e-04
   1.4295420e-01   3.3760607e-01  -2.7924800e+00  -2.7786808e-02  -5.2767893e-03   9.0600146e-04
   1.6211089e-01   3.5623997e-01  -2.9217602e+00  -3.0739862e-02  -3.2474237e-03   2.1344854e-04
   1.5297361e-01   3.4341841e-01  -2.9449766e+00  -3.0617605e-02  -2.8852935e-03  -2.0417954e-05
   1.2481081e-01   3.7191559e-01  -2.9621263e+00  -3.0337763e-02  -1.6202425e-03   1.0282995e-04
   1.2867602e-01   3.2532729e-01  -2.9775456e+00  -2.9442971e-02  -1.3523281e-03   2.5770113e-04
   1.2545353e-01   3.5474387e-01  -3.0143258e+00  -3.0220898e-02  -1.1407486e-03   1.2815602e-04
   1.3799482e-01   3.3861223e-01  -2.9950485e+00  -3.0369615e-02  -9.2343865e-04   4.2631608e-05
   1.1880753e-01   3.6886598e-01  -3.1082059e+00  -3.0011962e-02  -8.7536768e-04   9.6898082e-04
   1.1380437e-01   3.5689842e-01  -2.9716258e+00  -2.7985783e-02   2.0289200e-04   4.7689034e-04
   1.1937202e-01   3.6527286e-01  -3.1751179e+00  -2.9146693e-02   7.8983476e-04   3.8184628e-04
   9.6562820e-02   3.1458121e-01  -3.0390185e+00  -2.4269220e-02   4.3680267e-03   6.8568804e-04
   7.2198723e-02   3.7160761e-01  -2.9301783e+00  -2.4362567e-02   1.7104327e-03   1.1795098e-03
   1.4778595e-02   2.5346563e-01  -3.5993756e+00  -2.3635591e-02   7.5751308e-03   1.4486575e-03
   2.1434646e-02   2.5996039e-01  -3.1219462e+00  -1.8435586e-02   5.1837473e-03   6.3607087e-04
   3.2716232e-01   8.0739458e-01  -3.8411527e+00  -4.9176735e-02  -5.4913678e-03  -4.0469030e-03
   2.6677240e-01   6.4552013e-01  -3.5675881e+00  -4.5013675e-02  -5.1739284e-03  -1.4416437e-03
   2.2993838e-01   5.6617741e-01  -3.4105774e+00  -4.1915748e-02  -4.8437765e-03  -7.0264414e-04
   2.1833040e-01   5.4173718e-01  -3.4334727e+00  -4.0012810e-02  -4.2954019e-03  -5.4819897e-04
   2.1626656e-01   5.2697412e-01  -3.4445554e+00  -4.0711279e-02  -5.2928296e-03  -6.4744967e-04
   1.9967977e-01   5.5585748e-01  -3.4867100e+00  -4.1085097e-02  -2.3170027e-03   5.5221910e-05
   1.4363325e-01   5.0463268e-01  -3.1250578e+00  -3.7126557e-02  -1.7296915e-03   1.4602246e-03
   1.4543068e-01   5.0404423e-01  -3.2584438e+00  -3.8754152e-02  -3.2146002e-03   1.0531578e-03
   1.3035200e-01   5.0120624e-01  -3.3198449e+00  -3.9779638e-02  -3.9210995e-03   1.8696224e-03
  -1.4329294e-02   2.6637981e-01  -2.5935289e+00  -3.2540662e-02  -6.8438516e-03   1.5924410e-03
  -1.2292152e-01   2.8444069e-01  -2.6981042e+00  -2.5931721e-02   6.1493538e-03   1.7480666e-03
  -1.0182123e-01   2.6060081e-01  -2.8835973e+00  -3.0063487e-02   7.0092608e-03   2.5319230e-03
  -1.5999560e-02   7.5251855e-01  -3.2041794e+00  -4.9722289e-02  -1.9640818e-03   2.0940042e-03
  -1.1772666e-02   5.7821597e-01  -3.0508683e+00  -4.4916682e-02  -3.8631294e-03   4.1766839e-03
  -5.1812674e-02   4.3642101e-01  -2.9999899e+00  -3.9492011e-02  -1.7980593e-04   5.2122824e-03
  -6.1245925e-02   4.6366103e-01  -2.9840404e+00  -3.8742286e-02  -2.3415421e-03   4.9323591e-03
  -4.8540045e-02   4.4597711e-01  -3.0913393e+00  -3.9911819e-02  -3.8329581e-03   4.7498062e-03
   2.0128599e-03   4.7613164e-01  -3.1971126e+00  -3.8466846e-02  -3.6107757e-03   3.4555728e-03
  -2.8163754e-02   4.4135360e-01  -3.2916998e+00  -3.6228844e-02  -1.4412569e-03   5.0584474e-03
  -3.2342905e-02   4.1769652e-01  -3.2040663e+00  -3.7049605e-02  -8.1500984e-04   5.7390824e-03
  -8.6359630e-02   4.5226820e-01  -3.2640892e+00  -5.4097799e-02   1.9143118e-03   4.5579152e-03
  -1.1221332e-01  -7.4948705e-04  -3.1137317e+00  -3.9738640e-02  -6.3938160e-03   1.7913983e-03
  -7.1524990e-02   2.8344805e-01  -4.1254935e+00  -2.0927483e-02   3.2392101e-03  -6.5079689e-04
  -6.9959931e-02   4.0874333e-01  -4.8073068e+00  -3.0972339e-02   4.6356618e-03  -1.7123768e-03
  -7.6571191e-02   4.1740725e-01  -4.8672723e+00  -3.5653475e-02   4.8429233e-03  -1.9849410e-03
  -6.4800380e-02   4.0489828e-01  -4.8186801e+00  -3.5814127e-02   4.2338817e-03  -1.9758224e-03
  -6.6423902e-02   4.0239828e-01  -4.8240745e+00  -3.5928366e-02   4.3354123e-03  -2.0514426e-03
  -7.0371712e-02   4.1110308e-01  -4.8467037e+00  -3.4176729e-02   5.7897692e-03  -1.5948604e-03
  -6.4809841e-02   4.1721868e-01  -4.8267892e+00  -3.5501975e-02   4.1682126e-03  -1.8255246e-03
  -3.6138021e-02   4.0136062e-01  -4.7517129e+00  -3.4793674e-02   3.8737570e-03  -2.0693284e-03
  -3.2863389e-02   3.9606452e-01  -4.7770800e+00  -3.5131030e-02   4.8283583e-03  -2.3344953e-03
  -3.9092926e-02   4.0084484e-01  -4.7391415e+00  -3.4982095e-02   5.2389122e-03  -2.5644888e-03
  -2.8036898e-02   4.0081474e-01  -4.7627783e+00  -3.5541843e-02   4.9046566e-03  -2.5588581e-03
  -3.4147038e-02   3.9758862e-01  -4.6967146e+00  -3.5087163e-02   5.6109267e-03  -2.7799311e-03
  -1.7506923e-02   3.7454848e-01  -4.5927521e+00  -3.2191977e-02   7.9414601e-03  -2.6432848e-03
   1.1315209e-01   8.6276323e-01  -4.7848630e+00  -5.3566253e-02  -8.0325989e-03   9.5157141e-04
   7.7540521e-02   6.9496253e-01  -4.5830575e+00  -4.5090110e-02  -8.9193920e-03   2.8104324e-03
   5.1256187e-02   6.4905376e-01  -4.6826053e+00  -4.4096171e-02  -7.3899526e-03   2.8685920e-03
   3.6514815e-02   6.3882799e-01  -4.6719284e+00  -4.2840654e-02  -7.5904933e-03   2.5511896e-03
   3.7652944e-02   6.1402400e-01  -4.7485983e+00  -4.4181283e-02  -7.7897577e-03   2.6171221e-03
   3.7343190e-02   6.2983797e-01  -4.7618143e+00  -4.4564480e-02  -7.2957655e-03   1.9916007e-03
   3.4824594e-02   6.2738584e-01  -4.8458753e+00  -4.4990112e-02  -7.1474883e-03   2.0654886e-03
   2.0829115e-02   5.7103358e-01  -4.7184713e+00  -4.2125540e-02  -5.8632487e-03   1.8545798e-03
   1.8478065e-02   5.6873260e-01  -4.7151752e+00  -4.0327760e-02  -5.7060943e-03   2.2591686e-03
   1.7394856e-02   5.4662224e-01  -4.7003402e+00  -4.0632418e-02  -5.2887208e-03   2.0164627e-03
   6.2227282e-02   6.6997707e-01  -4.7634122e+00  -4.6958997e-02  -7.1829751e-03   3.2676888e-03
   4.2554894e-02   6.0907866e-01  -4.6104081e+00  -4.3849019e-02  -5.9307663e-03   3.1404957e-03
   1.9598828e-01   6.7032023e-01  -3.8357765e+00  -3.9983777e-02  -1.2425864e-02   4.4917485e-04
   1.3890630e-01   6.5434616e-01  -4.1939302e+00  -4.2386510e-02  -9.1799387e-03   1.4025413e-03
   1.0949088e-01   5.9607856e-01  -4.2058386e+00  -4.1202639e-02  -8.7688854e-03   1.6565776e-03
   1.1884249e-01   6.1010426e-01  -4.2513868e+00  -4.2081402e-02  -8.2321503e-03   1.1867813e-03
   3.2845040e-02   5.4642089e-01  -4.1020244e+00  -3.7695826e-02  -2.7409506e-03   2.9295549e-03
   4.7338970e-02   5.8121064e-01  -4.2104179e+00  -3.5284175e-02  -4.2832754e-03   2.5439022e-03
   4.9610333e-02   5.1491520e-01  -4.3160555e+00  -3.7969213e-02  -3.8386948e-03   2.2244511e-03
   6.5397318e-02   5.4128208e-01  -4.3409295e+00  -3.8865974e-02  -3.7470716e-03   1.9202296e-03
   6.2892111e-02   5.4726524e-01  -4.3309284e+00  -3.8918406e-02  -3.1022002e-03   1.9226980e-03
   6.2064568e-02   5.3179130e-01  -4.3304307e+00  -4.0213213e-02  -4.5079974e-03   1.9975004e-03
   7.6238355e-02   5.1987731e-01  -4.2444748e+00  -3.8257609e-02  -3.8473137e-03   1.8635220e-03
   6.9407076e-02   5.2887068e-01  -4.2488357e+00  -3.8674648e-02  -2.6960825e-03   2.0045326e-03
   7.0457202e-02   5.2481635e-01  -4.2948653e+00  -3.8911149e-02  -3.3392968e-03   2.0146499e-03
   7.0175929e-02   5.0652484e-01  -4.3225927e+00  -3.9837459e-02  -3.1137583e-03   1.6486063e-03
   7.5095979e-02   5.4267408e-01  -4.3312315e+00  -3.8607633e-02  -4.9525154e-03   1.6964127e-03
   7.3083264e-02   5.6310955e-01  -4.3689384e+00  -3.8072081e-02  -4.2016353e-03   1.6831118e-03
   7.1330868e-02   5.4019797e-01  -4.3933102e+00  -3.9489176e-02  -3.6906600e-03   1.6693952e-03
   6.8187632e-02   5.3985855e-01  -4.3952791e+00  -3.8882551e-02  -2.6714682e-03   2.0036525e-03
   6.4136989e-02   5.4507402e-01  -4.3873592e+00  -3.9094637e-02  -2.4797388e-03   1.7310124e-03
   6.3911827e-02   5.3254364e-01  -4.4210959e+00  -3.9186310e-02  -2.7714556e-03   1.6372904e-03
   8.1330429e-02   5.3168741e-01  -4.4697126e+00  -4.3322877e-02  -5.6333492e-03   1.1744755e-03
   1.0959009e-01   5.0935810e-01  -4.2449640e+00  -3.6644085e-02  -8.9041924e-03   1.2756929e-03
   1.8922119e-01   7.8983478e-01  -4.4396396e+00  -4.7826380e-02  -1.2640386e-02   1.0310965e-03
   1.5509057e-01   6.7007945e-01  -4.3922989e+00  -4.3941079e-02  -1.1152016e-02   1.3732626e-03
   1.1754029e-01   6.0464451e-01  -4.4508000e+00  -4.3115107e-02  -1.0102144e-02   1.6515453e-03
   1.1172446e-01   5.8100174e-01  -4.4419238e+00  -4.2081025e-02  -9.8376089e-03   1.6794940e-03
   1.1733744e-01   6.2328110e-01  -4.4807398e+00  -4.3396758e-02  -9.6234536e-03   1.6190935e-03
   1.5259096e-01   6.1913398e-01  -4.5147132e+00  -4.7167727e-02  -8.5189027e-03   9.1533227e-04
   1.3497220e-01   5.8389350e-01  -4.1360487e+00  -3.8954272e-02  -8.8029664e-03   1.7485220e-03
   1.3362067e-01   5.5181524e-01  -4.1897706e+00  -3.9691994e-02  -8.3902133e-03   1.8086012e-03
   8.8696522e-02   4.6783352e-01  -3.9838688e+00  -3.3993173e-02   5.4599617e-04   1.7167967e-03
   6.9482574e-02   5.1089386e-01  -3.8930679e+00  -3.3282429e-02   1.0633027e-03   1.4961427e-03
   5.5381590e-03   4.3711774e-01  -3.6910193e+00  -3.1458068e-02   4.9082283e-03   2.5951938e-03
   5.2554458e-02   5.2400940e-01  -3.8266821e+00  -3.4952166e-02   1.0888367e-03   7.3505872e-04
   1.2009436e-01   5.5678183e-01  -3.7144780e+00  -3.4090380e-02  -2.5865655e-03   2.3717893e-03
   1.1280949e-01   5.6782727e-01  -3.8503797e+00  -3.5525407e-02  -1.9288618e-03   2.0135578e-03
   1.0733252e-01   5.4881360e-01  -3.9643394e+00  -3.6380185e-02  -1.2037408e-03   1.5971669e-03
   8.7088093e-02   5.3556329e-01  -4.1179577e+00  -3.5388359e-02  -1.4616436e-04   1.8879666e-03
   9.4158500e-02   5.3743999e-01  -4.0424655e+00  -3.5675665e-02   4.1924471e-04   1.5167530e-03
   8.1591356e-02   5.1524482e-01  -4.0895056e+00  -3.5625131e-02   5.1853193e-05   1.4078361e-03
   9.9036743e-02   3.4023978e-01  -3.9321996e+00  -3.0473862e-02  -1.0888110e-03  -1.2398219e-03
   6.8592053e-02   3.9749406e-01  -3.8273684e+00  -2.8619195e-02  -5.1500786e-04  -1.1159999e-03
  -2.5303594e-02   3.2012154e-01  -3.4727383e+00  -2.5500140e-02   4.3050456e-03   1.3766521e-03
  -7.4851107e-02   2.7881269e-01  -3.8284927e+00  -2.8315996e-02   1.6400382e-02   2.0197559e-03
   7.4152032e-02   2.7984395e-01  -3.0487330e+00  -2.1640430e-02   5.2355915e-03   5.7243222e-04
  -3.5076131e-02   4.3763926e-01  -3.6317341e+00  -3.1298926e-02   5.8435661e-04   5.6726734e-03
   8.0430448e-02   5.7804298e-01  -3.5515880e+00  -3.8265937e-02   3.1833147e-04   2.5608739e-03
   6.3424419e-02   5.3651805e-01  -3.4772328e+00  -3.4509736e-02  -1.0636747e-03   2.9925351e-03
   4.3474186e-02   5.1992576e-01  -3.6514419e+00  -3.6636449e-02  -1.0193933e-03   2.7051204e-03
   5.3964713e-02   5.0344826e-01  -3.5315886e+00  -3.4445387e-02  -5.5594916e-04   2.3920993e-03
   5.6761063e-02   4.8432202e-01  -3.5236217e+00  -3.4340435e-02  -4.1980236e-04   2.1949461e-03
   4.4018450e-02   4.9058405e-01  -3.5676963e+00  -3.3872598e-02   5.5219396e-04   3.1013699e-03
   4.3385766e-02   4.4071026e-01  -3.4614289e+00  -2.8850149e-02   4.0628375e-03   2.6463633e-03
   6.4570302e-02   4.7834165e-01  -3.5087817e+00  -2.8963989e-02   4.9934390e-03   2.4969910e-03
   7.0329569e-02   4.8956367e-01  -3.6287848e+00  -3.0770864e-02   3.9493312e-03   2.0815188e-03
   1.8359465e-02   3.9845657e-01  -3.5898611e+00  -2.5033190e-02   4.2572780e-03   3.4066560e-03
   9.5938072e-03   4.6287691e-01  -3.8574440e+00  -3.2205027e-02   1.8790414e-03   3.9234033e-03
   1.2408818e-01   5.9460335e-01  -3.7025216e+00  -3.9099317e-02  -2.5576596e-03   3.1685972e-03
   7.5742684e-02   4.6971101e-01  -3.7143822e+00  -3.8094474e-02   1.1845340e-03   3.5840861e-03
   4.0070588e-02   4.4087586e-01  -3.5187957e+00  -2.8289939e-02   2.6882249e-03   3.1326280e-03
   2.2213471e-02   3.9162272e-01  -3.6112342e+00  -2.7135867e-02   2.7491655e-03   2.0056289e-03
   2.7914010e-02   4.3967179e-01  -3.8398840e+00  -2.9901188e-02   2.2445438e-03   2.0639194e-03
   4.0204559e-02   4.3110597e-01  -3.7700705e+00  -3.1121422e-02   2.4793053e-03   1.8948611e-03
   5.1364418e-02   4.5231356e-01  -3.8979621e+00  -3.0804486e-02   4.0582628e-03   1.9541016e-03
   4.6664061e-02   4.6283414e-01  -3.9421103e+00  -3.2244272e-02   3.6167653e-03   1.8978737e-03
   3.6877766e-02   4.5634635e-01  -3.9978168e+00  -3.3010169e-02   3.2906439e-03   1.9617493e-03
   2.7957878e-02   4.7754406e-01  -4.1132363e+00  -3.4634712e-02   4.3751253e-03   2.5015798e-03
   2.9541357e-02   4.8206675e-01  -4.0323726e+00  -3.3778540e-02   3.6214457e-03   2.4601288e-03
   3.3906350e-02   4.8153615e-01  -4.0504525e+00  -3.5003068e-02   3.9004566e-03   2.1127072e-03
   3.5669909e-02   4.6350978e-01  -4.0757678e+00  -3.5134221e-02   3.8994301e-03   1.7510789e-03
   4.1259523e-02   4.8583795e-01  -4.1238463e+00  -3.5448422e-02   3.5742433e-03   1.6819169e-03
   2.1559957e-02   4.4973816e-01  -4.0476771e+00  -3.3131980e-02   4.9463034e-03   2.4494155e-03
   1.6882687e-02   4.5854758e-01  -4.0515901e+00  -3.3764753e-02   5.2502588e-03   1.3724271e-03
   1.9871061e-02   4.3754159e-01  -4.0055880e+00  -3.1193581e-02   6.3356859e-03   2.8556208e-03
   3.7937365e-02   4.7486018e-01  -4.0709098e+00  -3.2030128e-02   5.1573498e-03   2.4403447e-03
   3.3609551e-02   4.6367349e-01  -4.1290879e+00  -3.2017803e-02   5.6082957e-03   2.9277755e-03
   3.2412671e-02   4.5597701e-01  -4.0790853e+00  -3.1357557e-02   4.9960911e-03   2.4549329e-03
   4.9336005e-02   4.4776702e-01  -4.1921762e+00  -3.2625407e-02   1.3848602e-03   2.1872556e-03
   1.0830542e-01   4.1428256e-01  -3.5390917e+00  -2.6534486e-02  -2.9637154e-03   1.9414842e-03
   1.7472532e-01   6.5149473e-01  -4.0323436e+00  -3.9607889e-02  -6.2708753e-03   2.7806639e-03
   1.3026094e-01   5.1546524e-01  -3.9723957e+00  -3.5831340e-02  -4.3513623e-03   3.1315123e-03
   9.8274002e-02   5.1546435e-01  -3.8561651e+00  -3.2307804e-02   1.4042908e-04   3.4070712e-03
   8.7721189e-02   5.2034795e-01  -3.9856652e+00  -3.3395614e-02  -9.9619896e-04   3.0695729e-03
   7.3966089e-02   4.9137772e-01  -4.0093448e+00  -3.2948129e-02  -8.0133955e-04   3.0607539e-03
   8.0574041e-02   5.0442659e-01  -4.0722198e+00  -3.3976959e-02  -5.5906924e-04   2.9358656e-03
   8.3126833e-02   5.0315902e-01  -4.1151453e+00  -3.5456759e-02  -7.9447509e-04   2.7649670e-03
   8.9147185e-02   5.1044139e-01  -4.1164282e+00  -3.4907789e-02  -3.9390189e-04   2.6845713e-03
   7.6942194e-02   5.2421499e-01  -4.2101336e+00  -3.4842505e-02  -7.3409839e-04   3.0973854e-03
   7.6570851e-02   5.2564255e-01  -4.1580467e+00  -3.4335422e-02  -9.5530418e-04   3.0423477e-03
   1.3596452e-01   4.8606842e-01  -3.9462587e+00  -3.2987884e-02  -5.4608777e-03   2.0314275e-03
   1.1824617e-01   5.1202348e-01  -4.1502560e+00  -3.6620133e-02  -4.2744162e-03   2.1677101e-03
   1.1753023e-01   5.0736326e-01  -4.1531755e+00  -3.6231552e-02  -4.2512069e-03   1.9819793e-03
   1.1931149e-01   5.2693852e-01  -4.2632530e+00  -3.7544506e-02  -3.3786054e-03   1.9284799e-03
   1.0772713e-01   5.1841924e-01  -4.3843657e+00  -3.8648272e-02  -3.6677996e-03   2.2941540e-03
   1.1205291e-01   5.1800613e-01  -4.2784304e+00  -3.7810723e-02  -2.9312279e-03   1.8804974e-03
   1.0255268e-01   5.2242395e-01  -4.3525677e+00  -3.8054163e-02  -3.2956684e-03   2.2145024e-03
   4.9411562e-02   3.4952526e-01  -3.8809382e+00  -4.1945949e-02  -6.5120364e-04   9.1196445e-04
   6.4288924e-03   4.2530645e-01  -4.6827363e+00  -6.9523987e-02   2.0530349e-03   1.4459382e-03
  -1.0401034e-01   4.6418473e-02  -1.6053092e+00  -1.1586132e-02   1.1048977e-03  -2.9207118e-04
   2.4309970e-02   3.3517527e-01  -3.7505316e+00  -2.2450069e-02   9.3874597e-03  -1.4153233e-03
  -2.7853800e-02   3.1829667e-01  -4.0711887e+00  -2.3676523e-02   9.9277775e-03  -7.4949599e-04
   1.1753735e-01   4.9140304e-01  -4.1319455e+00  -3.3000258e-02   8.1770695e-03  -7.2929951e-03
   9.4120531e-02   6.6155158e-01  -4.2275850e+00  -4.0338614e-02  -4.0689352e-03   4.1307755e-03
   8.1427696e-02   6.2370261e-01  -4.2696081e+00  -4.0281194e-02  -4.1606862e-03   3.6409194e-03
   5.8459215e-02   5.9834712e-01  -4.3149548e+00  -4.0761274e-02  -2.9486741e-03   3.0154156e-03
   7.0272807e-02   5.8324000e-01  -4.2912176e+00  -3.9219459e-02  -2.7190099e-03   2.3409818e-03
   6.6557294e-02   5.8051986e-01  -4.3919080e+00  -3.6703353e-02   2.2989275e-06   2.3779404e-03
   8.6806940e-02   5.7469902e-01  -4.3275101e+00  -3.8382230e-02   5.6923744e-04   1.9052822e-03
   7.6472902e-02   5.8143881e-01  -4.3297683e+00  -3.8299371e-02   6.6404144e-04   1.7533343e-03
   8.7560098e-02   5.7419625e-01  -4.4208314e+00  -4.1392937e-02   7.9251191e-04   1.3928155e-03
   7.7348134e-02   4.8109370e-01  -4.2648477e+00  -3.2193534e-02   5.2379761e-03   1.8693013e-04
   4.0492839e-02   4.4090763e-01  -4.3794832e+00  -3.1621607e-02   5.2269779e-03   7.1267296e-04
   6.1640649e-03   3.2542099e-01  -4.1104107e+00  -2.3397110e-02   7.9511971e-03   2.6885424e-04
   3.7534935e-02   3.8587108e-01  -4.3431872e+00  -3.0948044e-02   6.9827700e-03   1.4597062e-03
   7.5640594e-03   4.3536548e-01  -4.4712978e+00  -3.1346129e-02   9.9505909e-03   1.2895728e-03
   2.9826087e-03   5.1201166e-01  -4.5767357e+00  -3.5035534e-02   7.8635708e-03   1.2757387e-03
   1.0251077e-02   4.8530004e-01  -4.5936711e+00  -3.3466389e-02   8.6441171e-03   1.7123267e-03
  -3.5341010e-03   5.0869152e-01  -4.6909819e+00  -3.4998073e-02   7.8630331e-03   1.3505500e-03
   6.7098937e-03   4.8368869e-01  -4.6360750e+00  -3.4010625e-02   7.5148921e-03   6.8516343e-04
   1.2925303e-02   4.8723856e-01  -4.6771352e+00  -3.5369009e-02   7.1963990e-03   7.2771592e-04
   3.1136737e-02   4.6264248e-01  -4.6551156e+00  -3.2206474e-02   7.4969251e-03   5.0476635e-04
   4.6326948e-02   4.7217617e-01  -4.6274894e+00  -3.2271440e-02   3.6367902e-03   1.4568090e-04
   4.9115231e-02   4.4430574e-01  -4.6994467e+00  -3.3955560e-02   4.5553193e-03  -3.4526644e-04
   4.6882592e-02   4.8149433e-01  -4.7683412e+00  -3.4446780e-02   4.8671020e-03  -1.0979375e-04
   5.0998981e-02   4.8969649e-01  -4.8443644e+00  -3.6050193e-02   4.3441904e-03   5.3368371e-06
   1.9401382e-01   7.7159345e-01  -4.9187210e+00  -4.3860974e-02  -2.2576003e-03   8.6387640e-04
   1.1914596e-01   6.7552103e-01  -5.0320375e+00  -4.4562972e-02  -2.7379104e-03   1.0396861e-03
   6.1487478e-02   3.7358389e-01  -4.0985235e+00  -2.4934262e-02  -1.6680679e-03  -1.3869125e-04
   4.0240382e-02   4.2264787e-01  -4.2501631e+00  -2.7123961e-02   5.2936136e-04  -5.7847811e-05
   4.6048115e-02   4.4109175e-01  -4.4546433e+00  -2.9083994e-02   2.0305475e-03   2.4303521e-05
   3.2381154e-02   4.3371485e-01  -4.3735881e+00  -2.6302890e-02   1.8107042e-03  -6.5353240e-05
   4.0460864e-02   4.4388426e-01  -4.4418730e+00  -2.8594907e-02   1.5664957e-03  -3.5961764e-04
   3.2053884e-02   4.4685936e-01  -4.4804659e+00  -2.8730119e-02   1.7046671e-03  -4.8289212e-05
   3.5528717e-02   4.4507070e-01  -4.4988488e+00  -2.9443207e-02   1.6447244e-03  -1.0413124e-04
   4.3602697e-02   4.1291930e-01  -4.5163855e+00  -3.4895982e-02  -3.3085918e-03   2.8664902e-04
   6.5159585e-02   4.5523306e-01  -4.3468622e+00  -2.7967930e-02  -3.0890946e-03   7.3804265e-04
   1.8654911e-01   7.1748491e-01  -4.5416098e+00  -3.8488514e-02  -1.0076151e-02   1.9811555e-03
   1.3740921e-01   6.2958205e-01  -4.4779169e+00  -3.6280447e-02  -6.5240411e-03   1.6571382e-03
   1.2383049e-01   6.1155873e-01  -4.5948214e+00  -3.7259116e-02  -5.6747287e-03   1.5825445e-03
   9.7957960e-02   5.5589613e-01  -4.6262683e+00  -3.4432992e-02  -3.4964936e-03   2.0598846e-03
   7.2978931e-02   5.7601930e-01  -4.5062234e+00  -3.3497105e-02  -8.1331483e-04   1.7141675e-03
   6.7819684e-02   5.8038353e-01  -4.6590022e+00  -3.5887627e-02  -1.6679814e-03   1.3439442e-03
   8.4172374e-02   5.6412954e-01  -4.6713684e+00  -3.5726271e-02  -7.0642931e-04   1.1010331e-03
   7.4819778e-02   5.7243431e-01  -4.6778622e+00  -3.6044853e-02  -4.3273533e-04   9.7902283e-04
   7.6664114e-02   5.5671637e-01  -4.6925429e+00  -3.5705503e-02  -4.5572608e-04   1.1864409e-03
   8.4596875e-02   5.6205688e-01  -4.7338761e+00  -3.6342582e-02  -1.2758468e-03   8.0689644e-04
   1.0760160e-01   5.5219774e-01  -4.6693285e+00  -3.6226502e-02  -5.3949627e-03   8.0428937e-04
   2.4201128e-01   8.6448647e-01  -4.7793149e+00  -4.5755822e-02  -9.7930644e-03   6.1296623e-04
   1.7579640e-01   7.0992006e-01  -4.6674295e+00  -4.0259809e-02  -8.1328753e-03   1.8962046e-03
   1.4434692e-01   6.3293104e-01  -4.7438477e+00  -3.7597979e-02  -7.0165247e-03   1.8596731e-03
   1.2533668e-01   6.3922247e-01  -4.8080228e+00  -3.7734172e-02  -5.9860476e-03   1.3092299e-03
   1.1465286e-01   6.2277508e-01  -4.8271275e+00  -3.9216732e-02  -5.4467593e-03   1.5500157e-03
   1.1686001e-01   6.3097483e-01  -4.8245463e+00  -3.8395637e-02  -4.5012338e-03   1.3830944e-03
   1.1216829e-01   6.2562624e-01  -4.8642682e+00  -3.8797631e-02  -4.6525001e-03   1.3699622e-03
   1.0597815e-01   6.2634716e-01  -4.8589901e+00  -3.8334887e-02  -4.5117192e-03   1.4666387e-03
   9.0773524e-02   5.7128799e-01  -4.6411789e+00  -3.4429687e-02  -2.2179634e-03   1.6992127e-03
   8.9865541e-02   5.0473694e-01  -4.6311492e+00  -3.2643668e-02  -5.9754094e-04   9.3111750e-04
   6.2025333e-02   4.5796712e-01  -4.3099214e+00  -3.0010515e-02  -4.8703919e-03   1.6168957e-03
   8.3908218e-02   5.3420299e-01  -4.7009272e+00  -3.3709548e-02  -4.1862744e-03   1.2482960e-03
   8.7286973e-02   4.6659424e-01  -4.5142865e+00  -3.1684632e-02  -4.0508012e-03   1.0201731e-03
   8.3777046e-02   5.0878306e-01  -4.7400604e+00  -3.3251007e-02  -3.9151414e-03   5.6029507e-04
   6.7270587e-02   5.1199670e-01  -4.7062047e+00  -3.3075834e-02   2.2237604e-04   1.1224450e-03
   6.1827132e-02   5.2213854e-01  -4.7315338e+00  -3.3776019e-02  -5.8526869e-04   1.0924540e-03
   6.4232721e-02   4.9472422e-01  -4.7083761e+00  -3.3192307e-02  -1.5676107e-05   9.0059095e-04
   4.4843709e-02   5.0891213e-01  -4.5213231e+00  -2.9490134e-02   9.2708505e-04   1.6973793e-03
   4.9624805e-02   5.2140397e-01  -4.6178958e+00  -3.0888077e-02   6.0592233e-04   1.6741986e-03
   3.0962260e-02   4.7917779e-01  -4.6376526e+00  -3.1695089e-02   1.1473809e-03   1.6750330e-03
   5.3890677e-02   5.0769503e-01  -4.6415519e+00  -3.0640792e-02   2.5258725e-04   1.4172216e-03
   4.3423663e-02   4.9802277e-01  -4.5610303e+00  -3.4168745e-02   1.1347667e-03   1.1128491e-03
   6.7019489e-02   4.7984990e-01  -4.5143571e+00  -2.8555150e-02   4.0316146e-04   1.3487225e-03
   1.8312054e-01   6.6642416e-01  -4.5477807e+00  -3.7893756e-02  -1.0046458e-02   2.4037367e-03
   1.1793916e-01   5.8839764e-01  -4.7172685e+00  -3.3437598e-02  -4.8371071e-03   2.4648314e-03
   1.0679024e-01   6.0017582e-01  -4.7612185e+00  -3.4092928e-02  -4.4011748e-03   2.1329808e-03
   1.0832537e-01   5.8563417e-01  -4.7866269e+00  -3.4043638e-02  -4.1370275e-03   2.0485340e-03
   9.9663151e-02   5.9297224e-01  -4.7989449e+00  -3.4576356e-02  -4.2234238e-03   1.9120173e-03
   1.1646792e-01   5.8616717e-01  -4.8233115e+00  -3.4801435e-02  -3.6998082e-03   1.8248067e-03
   9.8343776e-02   5.7885300e-01  -4.8142880e+00  -3.4133671e-02  -3.5863978e-03   1.9439852e-03
   9.8069217e-02   5.4181570e-01  -4.7859121e+00  -3.3983812e-02  -1.5002917e-03   1.9474855e-03
   7.7341641e-02   5.7048167e-01  -4.7050526e+00  -3.1902403e-02  -7.3116192e-04   1.9700864e-03
   6.7923881e-02   5.6234994e-01  -4.7298963e+00  -3.4148295e-02  -1.3053763e-03   1.9808728e-03
   7.2590684e-02   5.4919356e-01  -4.8200574e+00  -3.8408569e-02  -3.6622748e-03   2.1587453e-03
   1.1579983e-01   5.0196507e-01  -4.3658451e+00  -2.8788770e-02  -4.3896474e-03   1.1331122e-03
   2.5401938e-01   6.8654434e-01  -4.5017535e+00  -3.7375779e-02  -1.3661554e-03  -1.7146708e-03
  -1.2070209e-02   4.7102253e-01  -4.6364121e+00  -2.2448769e-02   1.9669415e-03   2.7788328e-03
   4.0268711e-02   6.0125528e-01  -4.8814255e+00  -3.3329029e-02  -2.1304733e-03   2.6361341e-03
   6.1073855e-02   5.0606406e-01  -4.7845462e+00  -2.9635202e-02  -3.8275446e-03   2.5876759e-03
   5.0596482e-02   5.6048188e-01  -4.8810724e+00  -2.9956537e-02  -4.1512740e-03   2.8011833e-03
   4.0311402e-02   5.6858603e-01  -4.8572129e+00  -2.9783769e-02  -3.4894117e-03   3.0412531e-03
   3.2946071e-02   5.4443704e-01  -4.8276013e+00  -3.0518160e-02  -2.6943228e-03   2.7505355e-03
   5.7532934e-02   5.4405597e-01  -4.8010689e+00  -2.9539013e-02  -3.3138608e-03   1.9485517e-03
   5.7735866e-02   5.4289107e-01  -4.7210810e+00  -2.8322056e-02  -1.4712383e-03   1.7546572e-03
   4.8944738e-02   5.2580129e-01  -4.7562990e+00  -2.9962348e-02  -8.3726810e-04   1.6022260e-03
  -5.2936759e-03   4.4786896e-01  -4.3603109e+00  -2.1776091e-02   2.3323247e-03   1.3878268e-03
  -1.6743573e-05   4.8366489e-01  -4.6981285e+00  -2.5655194e-02   6.7964392e-04   1.5723183e-03
   1.3576473e-01   6.7899948e-01  -4.6216049e+00  -3.3858810e-02  -4.4172004e-03   1.7201940e-03
   1.3469794e-01   6.5248215e-01  -4.7089122e+00  -3.1544509e-02  -2.7648965e-03   1.1484203e-03
   9.1440469e-02   5.9466621e-01  -4.7734256e+00  -3.2023355e-02  -3.3901497e-03   2.5077593e-03
   7.6845402e-02   5.7259631e-01  -4.7811983e+00  -3.0727446e-02  -3.1869184e-03   2.5358073e-03
   7.3130218e-02   5.5807039e-01  -4.7288959e+00  -2.9960097e-02  -2.2196089e-03   2.1281022e-03
   7.4525722e-02   5.4829554e-01  -4.7449110e+00  -3.0427543e-02  -1.6564755e-03   1.9730336e-03
   6.4546666e-02   5.4568450e-01  -4.7050507e+00  -3.0197347e-02  -1.7297750e-03   1.8735109e-03
   5.4524799e-02   5.8302623e-01  -4.6468417e+00  -4.1925397e-02  -1.5967112e-03   1.9050700e-03
  -5.6051991e-02   3.9384444e-01  -3.2235507e+00  -4.4449878e-02  -7.3687236e-03   3.1662998e-03
   7.5745283e-02  -1.2317996e-01  -5.9320990e-01  -2.8275589e-02   1.2542752e-02   1.0103470e-03
  -7.1361981e-03   2.8251776e-01  -9.9290618e-01  -1.5619697e-02  -7.4153595e-03   4.6453811e-04
   1.4243125e-01   6.3688873e-01  -1.4076480e+00  -2.8796304e-02  -1.2116917e-02  -2.6774773e-03
   3.6470049e-02   4.3974191e-01  -1.3790351e+00  -2.6795961e-02  -1.2993191e-02   2.1281177e-03
   1.8103431e-02   3.9668257e-01  -1.4629957e+00  -2.7164710e-02  -1.2794340e-02   2.3936296e-03
   2.0328876e-02   3.8700015e-01  -1.3210883e+00  -2.5621385e-02  -1.2583615e-02   2.3393711e-03
   2.0918373e-02   4.0070028e-01  -1.3337015e+00  -2.5153075e-02  -1.1938007e-02   2.2420486e-03
   2.1552583e-02   3.6710672e-01  -1.3047356e+00  -2.4528433e-02  -1.1163568e-02   2.1774866e-03
   1.5028583e-02   3.6259191e-01  -1.2922064e+00  -2.3966483e-02  -1.0755261e-02   2.2329844e-03
   7.9251783e-03   3.6943817e-01  -1.3334268e+00  -2.4237956e-02  -1.1482661e-02   2.4567555e-03
   1.5728690e-02   3.6436157e-01  -1.2981644e+00  -2.3798239e-02  -1.0845032e-02   2.1293283e-03
   1.9610447e-02   3.8026808e-01  -1.3322996e+00  -2.3868355e-02  -1.2159781e-02   2.1836401e-03
   1.0433759e-02   3.7332888e-01  -1.2562497e+00  -2.3876854e-02  -1.1843334e-02   2.3212323e-03
   1.6574639e-02   3.6570512e-01  -1.2588363e+00  -2.4078832e-02  -1.1903248e-02   2.2250524e-03
   2.9968651e-02   3.6825591e-01  -1.2715075e+00  -2.3711076e-02  -1.1293084e-02   2.0256128e-03
   6.7829883e-03   3.6856463e-01  -1.2877468e+00  -2.3430166e-02  -1.0981279e-02   2.1735901e-03
   1.8802041e-02   3.5733007e-01  -1.2575147e+00  -2.3047813e-02  -1.0603813e-02   2.1692166e-03
   1.4361046e-02   3.8461054e-01  -1.2948113e+00  -2.3796540e-02  -1.0704531e-02   2.2767567e-03
   1.9213498e-02   3.6992799e-01  -1.3124515e+00  -2.3283741e-02  -1.0577712e-02   1.8928871e-03
  -5.3993481e-02   3.0722494e-01  -2.1929796e+00  -1.5550636e-02  -5.8309511e-03   2.4014443e-03
  -2.8831260e-02   3.0409728e-01  -2.2729959e+00  -2.2154724e-02  -4.4303849e-03   1.8239308e-03
  -1.5490257e-02   2.6316259e-01  -2.3349513e+00  -2.1181524e-02  -4.7081842e-03   1.1845786e-03
  -1.3857386e-02   3.0244735e-01  -2.4131402e+00  -2.2786167e-02  -3.7437607e-03   7.8054340e-04
  -5.3029276e-03   2.5376972e-01  -2.2853057e+00  -2.2498242e-02  -3.9613791e-03   5.0091295e-04
   3.1687475e-02   2.7593954e-01  -2.6635186e+00  -2.4154392e-02  -9.0272097e-03   1.9479556e-04
   3.0079843e-02   2.9210913e-01  -2.5928746e+00  -2.4428725e-02  -7.6528119e-03   2.4701887e-04
   2.3362575e-02   2.8701603e-01  -2.5947112e+00  -2.4777892e-02  -7.0635733e-03   3.1465709e-04
   1.6115770e-02   3.0395408e-01  -2.6325248e+00  -2.4251503e-02  -6.9650038e-03   3.0289554e-04
   1.8963764e-02   2.8943605e-01  -2.6105213e+00  -2.4316766e-02  -7.0023708e-03   2.6538112e-04
   2.4603609e-02   2.9349800e-01  -2.6322149e+00  -2.4058854e-02  -6.2429676e-03   1.0486603e-04
   2.0099802e-02   2.9815146e-01  -2.6764452e+00  -2.4266501e-02  -6.5943402e-03   2.9838856e-04
   1.6467044e-02   3.0097526e-01  -2.6740749e+00  -2.4608734e-02  -6.2271423e-03   2.1895050e-04
   1.5082127e-02   3.1624435e-01  -2.7256284e+00  -2.5311790e-02  -6.1950112e-03   2.5794846e-04
   1.4094510e-02   3.2580796e-01  -2.7286261e+00  -3.0940249e-02  -6.6432168e-03  -4.1794097e-04
  -9.3554457e-02   3.1698917e-01  -3.0653397e+00  -2.8025313e-02   1.4690745e-03   1.0337127e-03
  -6.5962402e-02   3.3419956e-01  -3.1249318e+00  -2.9416434e-02  -1.3522271e-03   8.0986284e-04
  -5.9975941e-02   2.7091161e-01  -2.8752422e+00  -2.5954954e-02   1.9948367e-04   8.4179743e-04
  -5.5631017e-02   3.0793495e-01  -2.8808571e+00  -2.6092330e-02  -1.1028840e-03   5.8151623e-04
  -4.9590595e-02   3.0660214e-01  -2.9464173e+00  -2.7524475e-02  -1.1195889e-03   5.8199254e-04
  -4.2280961e-02   3.0256589e-01  -2.9214370e+00  -2.7398827e-02  -8.0646837e-04   2.1254266e-04
  -3.4236754e-02   2.9235011e-01  -2.8818782e+00  -2.6032298e-02  -1.2657128e-03   4.1602988e-04
  -2.4255546e-02   2.9357097e-01  -3.0371194e+00  -2.6061102e-02  -3.1551553e-04   5.1142918e-04
  -1.6231401e-02   3.3588121e-01  -3.0475631e+00  -2.6996730e-02  -9.0931501e-04   3.8901234e-04
  -1.9913357e-02   3.3259236e-01  -3.0493154e+00  -2.6516956e-02  -9.7066320e-04   4.7119731e-04
  -6.3289764e-03   3.1113854e-01  -3.0472635e+00  -2.7471374e-02  -8.7598826e-04   2.0595094e-04
  -1.2471279e-02   3.1395631e-01  -3.0312736e+00  -2.7186741e-02  -7.0086404e-04   1.2888053e-04
  -3.4502922e-02   3.1985733e-01  -2.9926981e+00  -2.6569587e-02   2.9786528e-03   5.8052079e-04
  -2.9591025e-02   3.0850787e-01  -2.9290620e+00  -2.6984165e-02   1.3533623e-03   6.4901156e-04
  -2.3491566e-02   2.9946766e-01  -2.9699695e+00  -2.7709468e-02   9.6441756e-04   4.3951896e-04
  -2.1013425e-02   3.0621442e-01  -3.0169880e+00  -2.7482168e-02   1.9540358e-03   4.4840115e-04
  -3.4680370e-02   3.1501492e-01  -3.0138075e+00  -2.6122715e-02   3.8624000e-03   3.3365977e-04
  -2.5170267e-02   3.4706217e-01  -3.0751243e+00  -2.5388210e-02   4.1833354e-03  -5.1079355e-06
  -2.3671585e-02   3.1559798e-01  -3.0125294e+00  -2.2769224e-02   2.8627164e-03  -1.8406360e-05
  -1.5038440e-02   2.4732152e-01  -2.8667335e+00  -1.8868194e-02   2.8622771e-03  -1.2445418e-03
  -1.9458960e-02   2.4334111e-01  -2.8668782e+00  -2.0241868e-02   2.3119446e-03  -5.7451978e-04
  -2.0168845e-02   2.9444625e-01  -2.9755145e+00  -2.3146534e-02   1.7320116e-03  -1.0239820e-04
  -2.8107826e-02   3.1869309e-01  -3.1230408e+00  -2.2433752e-02   2.6571571e-03   6.1487219e-04
  -1.2944474e-02   3.2473571e-01  -3.0962162e+00  -2.4671425e-02   3.2547914e-03   9.0461306e-05
  -7.2009969e-03   3.2171836e-01  -3.1457040e+00  -2.5064891e-02   4.8265687e-03   2.8539690e-04
  -2.4899109e-02   3.7349521e-01  -3.2287620e+00  -2.5155412e-02   4.2833480e-03   5.0942431e-04
  -1.3520224e-02   3.2879596e-01  -3.0938141e+00  -2.4716202e-02   4.5017524e-03   2.1205024e-04
  -3.6837404e-04   3.2859215e-01  -3.1090374e+00  -2.7608165e-02   4.5079716e-03   1.0505121e-03
  -2.0418018e-02   3.3292517e-01  -3.0397079e+00  -2.3768559e-02   3.0165681e-03   3.7838623e-04
  -2.4370094e-02   3.3659751e-01  -3.0924804e+00  -2.2850206e-02   2.0876972e-03   8.3768635e-05
  -3.9692122e-02   3.7958119e-01  -3.0449963e+00  -2.4217860e-02   1.9130148e-03   1.1043283e-03
  -2.0702277e-02   3.6019044e-01  -3.2879419e+00  -2.4907282e-02   1.5595039e-04   4.3686731e-04
  -3.1004263e-02   3.7348323e-01  -3.2678484e+00  -2.7049171e-02  -1.3301703e-03   1.0383912e-03
  -3.3563448e-02   3.5360396e-01  -3.2900386e+00  -2.5537098e-02  -2.9175805e-04   3.2939017e-04
  -2.7492876e-02   3.4867185e-01  -3.2588356e+00  -2.5452948e-02  -2.2327061e-04   2.5609375e-04
  -4.4048251e-02   3.8569441e-01  -3.3480821e+00  -2.2925561e-02   3.5665707e-03   5.4420774e-04
  -6.9159694e-02   3.9823365e-01  -3.4123937e+00  -2.6994003e-02   2.4154237e-03   1.6271832e-03
  -6.2119645e-02   3.7631981e-01  -3.3352258e+00  -2.7489164e-02   1.7879108e-03   1.6531855e-03
  -6.2315597e-02   3.7973595e-01  -3.3732865e+00  -2.7574375e-02   1.3784211e-03   1.3179356e-03
  -6.6114486e-02   3.6121354e-01  -3.3539831e+00  -2.6730710e-02   1.1076292e-03   1.3215612e-03
  -6.1769372e-02   3.8690278e-01  -3.3346493e+00  -2.7480749e-02   9.6703966e-04   1.2649505e-03
  -6.8096838e-02   3.6526384e-01  -3.3224715e+00  -2.6869819e-02   1.0383600e-03   1.2803182e-03
  -4.9911197e-02   3.8227705e-01  -3.3365903e+00  -2.6447748e-02   1.2343497e-03   9.7320664e-04
  -9.2645873e-02   7.0174486e-01  -3.5465938e+00  -3.9174539e-02  -2.8885451e-04   5.0151705e-03
  -4.8450930e-02   3.9214213e-01  -3.2772328e+00  -2.4368459e-02   2.5816775e-03   1.7025577e-03
  -3.6136300e-02   3.7765969e-01  -3.3243799e+00  -2.4329453e-02   1.7057820e-03   8.1081596e-04
   2.2491520e-02   3.7169782e-01  -3.3308167e+00  -2.4699500e-02  -3.1454212e-03  -4.7212963e-04
   4.4951447e-02   3.7516677e-01  -3.5385161e+00  -2.6442010e-02  -2.5585949e-03  -8.1253286e-04
   4.2344827e-02   3.5913750e-01  -3.6030818e+00  -2.8382671e-02  -1.8622600e-03  -1.0896284e-03
   2.2491950e-02   3.4129101e-01  -3.5550354e+00  -2.5194013e-02   1.2854297e-03  -3.4332389e-04
  -3.7899776e-02   3.9626528e-01  -3.8714826e+00  -2.7370468e-02   3.3810544e-03   9.2933346e-04
  -5.0628893e-02   3.9948579e-01  -3.4811025e+00  -2.4706901e-02   3.0485201e-03   1.3968438e-03
  -4.1115658e-02   3.4124584e-01  -3.2974517e+00  -2.1213782e-02   3.7251080e-03   9.9020680e-04
  -2.5701677e-02   3.9454170e-01  -3.3736085e+00  -2.3270522e-02   2.5560904e-03   9.6736920e-04
  -3.9277496e-02   3.7901945e-01  -3.4311279e+00  -2.2866535e-02   3.8293029e-03   1.3468559e-03
  -2.9144662e-02   3.9823359e-01  -3.4648100e+00  -2.4506671e-02   1.2288163e-03   1.1386644e-03
  -1.6869003e-02   3.7220203e-01  -3.4657765e+00  -2.4342220e-02   1.2127952e-03   8.5176891e-04
  -1.0207113e-02   3.8471198e-01  -3.4875017e+00  -2.4973052e-02  -2.6999918e-03   1.1773110e-03
   1.0194074e-02   3.7843800e-01  -3.5108910e+00  -2.5205179e-02  -4.1824440e-03   9.1693330e-04
   4.8519714e-03   3.6488881e-01  -3.4672059e+00  -2.5591224e-02  -3.5980262e-03   7.5438964e-04
   1.5196299e-02   3.5533500e-01  -3.4978860e+00  -2.4058838e-02  -2.5319822e-03   3.6717399e-04
   2.8820205e-03   3.7466255e-01  -3.5114465e+00  -2.4931321e-02  -2.2040432e-03   5.0612793e-04
  -3.6407641e-02   3.7853491e-01  -3.5546738e+00  -2.5762633e-02  -1.5108010e-04   1.2158009e-03
  -7.5141117e-03   3.6755821e-01  -3.5229036e+00  -2.3464825e-02   1.4395082e-03   5.6188896e-04
   5.1065152e-03   3.6140642e-01  -3.4594110e+00  -2.0227981e-02   5.7973204e-04  -2.9071855e-05
  -4.2269219e-03   3.4074621e-01  -3.4235560e+00  -2.0817235e-02   7.2644497e-04  -2.1352762e-04
  -7.6998417e-03   3.8076252e-01  -3.5210934e+00  -2.3114283e-02   9.1519132e-04   2.8306994e-04
   1.1649362e-04   3.8208303e-01  -3.5933928e+00  -2.5084173e-02   7.8087196e-04   6.6480003e-04
  -1.0243901e-02   4.0879742e-01  -3.5836450e+00  -2.6480601e-02   4.5956874e-04   8.0892103e-04
   1.7203778e-03   4.0618983e-01  -3.7568602e+00  -2.8092150e-02  -2.3894603e-04   9.0082645e-04
   2.4132667e-02   3.6435665e-01  -3.7019752e+00  -2.6154552e-02  -4.5680886e-03   3.4451057e-04
   9.8207343e-03   3.8885228e-01  -3.7448768e+00  -2.8565259e-02  -4.3853004e-03   6.5031191e-04
   1.8576375e-02   3.6780777e-01  -3.7293715e+00  -2.7220068e-02  -4.5491945e-03   2.6468191e-04
   1.3846616e-02   3.9383756e-01  -3.7832697e+00  -2.8160294e-02  -4.6538758e-03   4.4534574e-04
   1.0775731e-02   3.8710312e-01  -3.7449400e+00  -2.7862165e-02  -4.6806891e-03   5.1408071e-04
   1.1387927e-02   3.9487064e-01  -3.7360220e+00  -2.7835017e-02  -3.6552073e-03   4.8606171e-04
  -1.5744041e-03   3.9112867e-01  -3.7383354e+00  -2.7052425e-02  -3.3793657e-03   6.3202762e-04
  -5.7752542e-03   3.9814682e-01  -3.7588812e+00  -2.8080950e-02  -3.4304762e-03   6.4724212e-04
  -1.7528861e-03   3.8364573e-01  -3.7567429e+00  -2.7406053e-02  -3.0859046e-03   4.7626553e-04
  -2.9390336e-02   4.1801495e-01  -3.8330336e+00  -2.5456794e-02  -8.5303475e-05   1.1893948e-03
  -5.9088289e-02   4.0727834e-01  -3.6129614e+00  -2.2252294e-02   4.0135647e-03   6.9779209e-04
  -4.7956408e-02   3.8781071e-01  -3.7321674e+00  -2.3701620e-02   2.4194395e-03   1.0191344e-03
  -4.1706416e-02   3.5304107e-01  -3.5688439e+00  -2.4002045e-02   1.1867159e-03   8.1634297e-04
  -2.8906244e-02   3.5423090e-01  -3.5919827e+00  -2.4264918e-02   5.9038480e-04   5.2158288e-04
  -3.4105017e-02   3.7703138e-01  -3.6994827e+00  -2.5099835e-02  -8.1083901e-04   7.4140149e-04
  -8.8119746e-03   3.6610374e-01  -3.6676908e+00  -2.3372900e-02  -1.0994098e-03   5.5967038e-04
   4.5211112e-03   3.9957065e-01  -3.8656326e+00  -2.4932368e-02  -2.6021012e-03   1.5929240e-04
   1.9296224e-03   3.8159330e-01  -3.7528709e+00  -2.4032299e-02  -1.9932348e-03   4.0882044e-05
   5.2408026e-03   3.7292953e-01  -3.7471084e+00  -2.4006928e-02  -1.6847386e-03  -8.2967611e-06
  -5.3127823e-02   3.9131409e-01  -3.5775440e+00  -2.2131333e-02   1.5015336e-03   6.9601023e-04
  -4.2302330e-02   3.7047480e-01  -3.6742488e+00  -2.2064001e-02   4.8930021e-03   1.2091397e-04
  -3.0480597e-02   3.0386683e-01  -3.6943413e+00  -2.6386635e-02   4.3777556e-03   3.4281863e-04
  -1.3909958e-02   3.3261362e-01  -3.6664318e+00  -2.1760523e-02   1.2937453e-03  -2.6593510e-04
  -1.7105581e-02   3.5581595e-01  -3.4373930e+00  -1.9112358e-02   5.8333515e-03  -3.5514872e-04
  -6.9571760e-02   2.6799566e-01  -3.2655030e+00  -1.4260767e-02   6.5941557e-03   2.6180718e-04
  -7.8073767e-02   3.5475457e-01  -3.6322043e+00  -2.4199364e-02   2.5869061e-03  -8.1027285e-05
   5.2231762e-04   3.6049029e-01  -3.8140165e+00  -2.5335151e-02   8.5411739e-05  -8.9372010e-04
  -1.9315750e-02   3.4229210e-01  -3.7755807e+00  -2.6170162e-02   4.9631114e-04  -7.0972816e-04
  -1.4536357e-02   3.4578116e-01  -3.7613200e+00  -2.6683732e-02   5.1440745e-04  -8.3135286e-04
  -1.8183385e-02   3.2601193e-01  -3.7870687e+00  -2.7926794e-02   3.7757158e-04  -9.3377741e-04
  -2.3959901e-02   3.3467789e-01  -3.7324538e+00  -2.4897632e-02   6.8078045e-04  -1.2733675e-03
  -1.6944778e-02   3.3466493e-01  -3.7043101e+00  -2.4783578e-02   1.5042498e-03  -1.3062345e-03
  -2.7324148e-02   3.5982491e-01  -3.8514108e+00  -2.5817666e-02   1.2913504e-03  -1.2198825e-03
  -1.8507609e-02   3.3907686e-01  -3.7041558e+00  -2.4631831e-02   1.7395570e-03  -1.4270735e-03
  -3.3570432e-02   3.5454040e-01  -3.7724128e+00  -3.1673705e-02  -4.2059336e-03   4.0319078e-04
   4.3919362e-02   3.4723393e-01  -3.3765250e+00  -2.3554316e-02  -3.5979878e-03  -4.3078226e-05
   3.2149723e-02   3.4812850e-01  -3.4201509e+00  -2.6045751e-02  -4.1385516e-03  -5.1876259e-05
   2.3167791e-02   3.4896870e-01  -3.5289153e+00  -2.4277516e-02   1.4317273e-04   4.8772894e-04
   2.5934132e-02   3.6228202e-01  -3.6171313e+00  -2.6285514e-02   2.1216849e-04   1.2848399e-04
   2.0401088e-03   4.0048062e-01  -3.7762474e+00  -2.6298989e-02   1.9181879e-03   5.9279664e-04
  -5.5117782e-03   3.8919142e-01  -3.6780779e+00  -2.6659109e-02   1.7148862e-03   1.8989688e-04
   7.6584719e-03   3.7878191e-01  -3.5850984e+00  -2.5259045e-02   1.6005077e-03   2.7993350e-05
  -3.9539785e-02   4.2751996e-01  -3.7991424e+00  -2.8456532e-02   4.2969342e-03  -7.7958849e-04
  -2.0752445e-02   3.9542624e-01  -3.6671913e+00  -2.5559949e-02   4.3516494e-03  -8.4561611e-04
  -2.6316053e-02   4.1977313e-01  -3.7022319e+00  -2.4212211e-02   3.3206400e-03  -4.7031227e-04
  -5.4672950e-03   4.2565451e-01  -3.6710272e+00  -2.6023963e-02   3.5778809e-03  -9.4061700e-04
  -9.3444148e-03   3.9824310e-01  -3.6968162e+00  -2.6766672e-02   2.9045289e-03  -8.0198118e-04
   4.6915746e-02   3.5381317e-01  -3.7124309e+00  -2.6322939e-02  -2.1618532e-03  -1.3077812e-03
   2.7775235e-02   3.9542445e-01  -3.6615660e+00  -2.7081514e-02  -2.0500876e-03  -1.0631854e-03
   2.3194934e-02   3.6772699e-01  -3.6260869e+00  -2.6709585e-02  -6.8566362e-04  -6.2016277e-04
   1.9393251e-02   3.9763257e-01  -3.6351237e+00  -2.6842472e-02  -7.6660344e-04  -7.8374853e-04
  -2.6209257e-02   4.1282695e-01  -3.8590641e+00  -2.5959549e-02   1.3624199e-03   3.3525041e-04
  -3.9058339e-02   4.2460004e-01  -3.7278174e+00  -2.6119933e-02   2.4520241e-03   5.7852690e-04
  -2.9584316e-02   4.2037812e-01  -3.7965611e+00  -2.7496988e-02   1.6460457e-03   3.7650562e-04
   1.6802026e-03   4.1633973e-01  -3.8413958e+00  -2.6402229e-02  -1.0006111e-03  -1.7084740e-04
  -4.3683263e-02   4.1666679e-01  -3.8649477e+00  -2.6146913e-02   1.4790335e-03   2.7005452e-04
  -2.4383882e-02   4.4431231e-01  -3.8070802e+00  -2.5970133e-02   1.3296197e-03   3.0178911e-04
  -1.3317297e-02   4.0753593e-01  -3.8083287e+00  -2.6166025e-02   1.6814308e-03  -1.6181274e-04
  -7.8647718e-03   4.1914254e-01  -3.8925184e+00  -2.8188293e-02  -2.8182615e-03   9.6197483e-05
   2.5417241e-02   3.9387640e-01  -3.7527988e+00  -2.6297312e-02  -2.0412185e-03  -4.7852134e-04
   2.2877934e-02   3.9745760e-01  -3.7236796e+00  -2.5438192e-02  -1.9151983e-03  -3.6561156e-04
   8.1722382e-03   4.1771850e-01  -3.7940193e+00  -2.6651662e-02  -9.3936472e-04  -4.2315130e-04
   3.4539573e-03   4.3144067e-01  -3.7726287e+00  -2.5602580e-02   4.1378520e-04   7.3289581e-05
  -1.1599043e-02   4.3667794e-01  -3.8272640e+00  -2.6809685e-02   6.0724068e-04  -7.9036126e-06
  -8.5251681e-03   4.1459877e-01  -3.7919567e+00  -2.6797615e-02   9.8421625e-04  -6.7301353e-05
   1.5220442e-02   4.3717450e-01  -3.9281523e+00  -2.7344345e-02  -2.4768839e-04  -2.2341633e-04
   1.4305857e-02   4.0718501e-01  -3.8827923e+00  -2.8125473e-02  -6.3778874e-04   5.3600169e-06
  -2.3487782e-02   4.0563250e-01  -4.2689784e+00  -2.7330332e-02   1.6183535e-04   7.9151018e-04
  -1.3628144e-02   4.5701088e-01  -4.1539813e+00  -2.7611096e-02  -2.8683322e-04   2.3377565e-04
  -7.4066514e-03   4.3214250e-01  -4.1203243e+00  -2.8183742e-02  -2.5931984e-03   3.6998356e-04
   3.3396390e-02   4.1193553e-01  -4.0272642e+00  -2.5809597e-02  -5.0066691e-03   1.1216181e-04
   2.3198547e-02   4.1566320e-01  -3.9906373e+00  -2.7137765e-02  -4.1082716e-03   1.5279757e-04
  -2.3112777e-02   4.0494746e-01  -3.9453439e+00  -2.6106939e-02   6.5485864e-04   8.5222469e-04
  -1.3189995e-02   4.2768784e-01  -4.0202953e+00  -2.7732308e-02  -1.8658754e-03   8.0790720e-04
  -1.5083592e-02   4.2415113e-01  -3.9688271e+00  -2.6824444e-02  -1.7961258e-03   5.7431439e-04
  -7.0799151e-03   4.3346976e-01  -3.9828676e+00  -2.7282591e-02  -1.7572571e-03   1.8628109e-04
   8.0866416e-03   3.8614210e-01  -4.0049674e+00  -2.6380354e-02  -2.3253994e-03   4.0772110e-04
   2.3348576e-02   4.2030479e-01  -3.8690628e+00  -2.5187803e-02  -2.2414268e-03   6.6965216e-05
   1.8990901e-02   4.1782275e-01  -3.8656532e+00  -2.4963632e-02  -2.0758892e-03   1.6050176e-04
   2.7308908e-02   4.1112871e-01  -3.8842830e+00  -2.4756902e-02  -1.8664804e-03  -4.8220194e-05
   2.3721254e-02   4.3304578e-01  -3.9797051e+00  -2.5641478e-02  -2.2322057e-03   8.1822579e-05
  -1.7402245e-02   4.1826749e-01  -3.8503191e+00  -2.2558273e-02   3.1618504e-03   7.6601462e-04
  -6.3647375e-02   3.9444837e-01  -4.0744512e+00  -2.1773880e-02   5.0770943e-03   1.0305032e-03
  -5.6107738e-02   3.9207539e-01  -3.9108260e+00  -2.4933642e-02   5.2043920e-03   6.1443938e-04
  -3.8249110e-02   3.8668011e-01  -3.8866008e+00  -2.4379154e-02   2.6055745e-03   6.1257590e-04
  -3.0383775e-02   3.7821140e-01  -3.8506758e+00  -2.4849111e-02   2.3345159e-03   4.4514682e-04
  -2.8684465e-02   4.0029509e-01  -3.8960460e+00  -2.5420366e-02   1.6046875e-03   3.2973947e-04
  -2.6982857e-02   3.6932116e-01  -3.9068461e+00  -2.4992781e-02   8.3497107e-04   3.3784509e-04
  -2.1943462e-02   4.2561798e-01  -4.1401393e+00  -2.7338151e-02   6.2600271e-04   1.7842566e-03
  -2.8177757e-02   4.1432850e-01  -3.9333488e+00  -2.4234679e-02   2.5724003e-04   1.0826665e-03
  -1.1719926e-02   4.1808748e-01  -3.9316516e+00  -2.4691226e-02  -3.7031667e-04   9.3657260e-04
  -2.1243349e-02   4.1717701e-01  -3.9422886e+00  -2.5041146e-02  -6.5612531e-04   1.0414551e-03
  -6.3209579e-02   4.9881074e-01  -3.9399719e+00  -2.5324256e-02   2.8821462e-03   3.3291538e-03
  -5.7889745e-02   4.2081300e-01  -4.0642129e+00  -2.6264992e-02   1.1446513e-03   2.3702172e-03
  -6.3365993e-02   4.2156920e-01  -3.9312408e+00  -2.5258624e-02   4.2438290e-03   1.8293332e-03
  -2.7457852e-02   4.3390792e-01  -3.9083516e+00  -2.2516789e-02   2.3785689e-03   1.3799527e-03
  -4.5398119e-02   3.9486304e-01  -3.9282644e+00  -2.4400613e-02   2.1225418e-04   1.6996994e-03
  -1.9788908e-02   4.2008562e-01  -3.8852650e+00  -2.4173845e-02   1.7350310e-03   1.0449456e-03
  -2.2254790e-02   4.2245471e-01  -3.8702112e+00  -2.4100115e-02   2.0000686e-03   1.1585135e-03
  -1.3925184e-02   4.1112654e-01  -3.8710195e+00  -2.3970442e-02   2.3225276e-03   8.8468914e-04
  -9.3455820e-03   4.2157879e-01  -3.9471652e+00  -2.5563987e-02  -2.9146849e-04   1.0134076e-03
  -2.0305363e-02   4.2525226e-01  -4.0297930e+00  -2.5487022e-02   1.0159261e-03   1.2282487e-03
  -3.2680591e-02   4.3010506e-01  -3.9853089e+00  -2.4721742e-02   7.6081075e-04   1.1828163e-03
  -4.4578119e-02   3.9446158e-01  -3.9874264e+00  -2.5402112e-02   4.4908379e-03   8.6299535e-04
  -2.2549765e-02   3.9726463e-01  -3.9783557e+00  -2.4402313e-02   2.9282149e-03   1.4000379e-03
  -2.2040983e-02   4.1003211e-01  -4.0172566e+00  -2.5453205e-02   2.1226113e-03   1.1044895e-03
  -2.4725890e-02   4.1263402e-01  -4.0082527e+00  -2.5380927e-02   1.8129475e-03   1.1064713e-03
   9.5538106e-03   4.8624760e-01  -4.0247003e+00  -3.3961546e-02   3.7171305e-04   1.1702540e-03
   1.4897218e-02   1.1250333e-01  -3.8217972e+00  -5.7065425e-02   4.3409141e-03  -1.0815716e-03
  -1.2380807e-01   4.8962262e-01  -4.4120097e+00  -2.3493822e-02  -8.2006443e-03   1.4889225e-03
   4.4108893e-02   3.7199147e-01  -4.2547389e+00  -2.4591092e-02   1.7829495e-03  -3.4791520e-03
   3.4122984e-02   3.4714394e-01  -4.1413576e+00  -2.1986562e-02   7.7741273e-04  -3.0004485e-03
   2.7916808e-02   3.3568650e-01  -4.0314275e+00  -2.0442163e-02   1.1753097e-03  -2.9002095e-03
   2.3389790e-02   3.7039142e-01  -4.0684441e+00  -2.2491212e-02   1.0681808e-03  -2.9045298e-03
   1.5250037e-02   3.6629788e-01  -4.0950073e+00  -2.1889240e-02   2.1468396e-03  -2.9303231e-03
   2.3510973e-02   3.3182364e-01  -3.9073819e+00  -1.7986294e-02   2.2604140e-04  -2.6253286e-03
   2.0574167e-02   3.3510641e-01  -3.8768077e+00  -1.9105349e-02  -3.3323747e-04  -2.1118788e-03
   2.0421165e-02   3.2836633e-01  -3.8572867e+00  -2.0268542e-02  -5.3571946e-04  -1.7895261e-03
   2.0308542e-02   3.4791788e-01  -3.8800576e+00  -2.0829536e-02  -4.6691894e-04  -1.8242245e-03
   2.3623010e-02   3.3945574e-01  -3.8834543e+00  -2.0732681e-02  -6.1077737e-05  -1.9547542e-03
   1.3127613e-02   3.9341689e-01  -4.0781388e+00  -2.4841794e-02   5.3652728e-04  -1.4569089e-03
  -2.3211757e-02   1.9714348e-01  -4.3883734e+00  -3.5505743e-02  -2.8751134e-03   2.7054661e-05
   5.5795185e-02   3.0693365e-01  -7.2320784e-01   1.3884254e-03  -1.2025508e-03  -2.1930228e-03
  -1.4054608e-02   2.9706604e-01  -3.1157464e+00  -1.9586286e-02   8.9954053e-03  -3.7656614e-03
   2.2745586e-02   3.5575434e-01  -3.6383775e+00  -2.4287267e-02   7.9335122e-03  -3.8067946e-03
  -1.9963605e-03   3.4002430e-01  -3.4940533e+00  -2.3156526e-02   8.0546042e-03  -4.3534606e-03
  -1.8320090e-02   3.1865343e-01  -3.4339154e+00  -2.2493273e-02   7.8079549e-03  -3.9962448e-03
  -1.5145585e-02   3.3308233e-01  -3.5047302e+00  -2.4264886e-02   8.2927319e-03  -4.2258447e-03
  -1.8877281e-02   3.5000549e-01  -3.4690786e+00  -2.5865255e-02   8.4908592e-03  -3.7845492e-03
  -5.4522494e-03   2.8636137e-01  -3.5287361e+00  -2.3841439e-02   7.6568994e-03  -4.2506659e-03
  -3.0802795e-03   3.3943140e-01  -3.4686644e+00  -2.3886370e-02   8.0577583e-03  -3.4652036e-03
  -1.0322150e-02   3.2587827e-01  -3.4586330e+00  -2.4206118e-02   7.9602435e-03  -3.7125175e-03
  -1.0997142e-02   3.2703087e-01  -3.4392157e+00  -2.4444021e-02   7.9550479e-03  -3.4882448e-03
  -5.5146129e-03   3.2776007e-01  -3.4387860e+00  -2.4492508e-02   7.5874366e-03  -3.5471790e-03
  -6.1657124e-03   3.2775360e-01  -3.4204909e+00  -2.4165688e-02   8.4139130e-03  -3.6302372e-03
  -1.1433218e-02   3.4628350e-01  -3.4589732e+00  -2.4331167e-02   8.1321015e-03  -3.1462505e-03
   2.1306145e-01   6.9097875e-01  -3.5926540e+00  -3.3744633e-02   5.9958436e-04  -4.7723330e-03
   2.1508933e-02   4.1736037e-01  -3.4349375e+00  -2.5180141e-02   4.9992747e-03  -2.2559866e-03
  -1.4371419e-03   3.9194175e-01  -3.4391301e+00  -2.4562956e-02   6.7199974e-03  -2.5657159e-03
   5.9203565e-04   3.7387412e-01  -3.4756380e+00  -2.4442510e-02   5.8969375e-03  -2.2699840e-03
   1.5329383e-02   3.6868833e-01  -3.3963424e+00  -2.5177314e-02   6.2723348e-03  -2.3576927e-03
   1.3576620e-02   3.7002910e-01  -3.4146258e+00  -2.5555740e-02   6.5863328e-03  -2.3200384e-03
   1.4964693e-02   3.6088293e-01  -3.4059458e+00  -2.5038221e-02   6.7180019e-03  -2.6655330e-03
  -4.4785872e-03   3.6317346e-01  -3.4036674e+00  -2.4129879e-02   6.9313456e-03  -2.2499673e-03
  -1.4376175e-03   3.4568385e-01  -3.3977415e+00  -2.4249211e-02   7.6735507e-03  -2.3951734e-03
   5.3894462e-03   3.5627915e-01  -3.4647417e+00  -2.3659753e-02   6.6191078e-03  -2.2842779e-03
  -3.3037458e-03   3.6342985e-01  -3.4360650e+00  -2.2572818e-02   8.0449834e-03  -2.2271204e-03
  -9.8951397e-03   3.7261780e-01  -3.4374770e+00  -2.4053508e-02   8.4808278e-03  -2.4971743e-03
  -4.6263977e-03   3.5724644e-01  -3.4378971e+00  -2.3497188e-02   8.1167291e-03  -2.4707014e-03
  -5.1808432e-03   3.8025525e-01  -3.4689634e+00  -2.4516327e-02   7.5583585e-03  -2.2263048e-03
   5.4430956e-05   3.6744533e-01  -3.4641883e+00  -2.4106949e-02   7.4673348e-03  -2.4281300e-03
   9.3798595e-03   3.5500214e-01  -3.3863823e+00  -2.2799673e-02   5.1947664e-03  -2.4715346e-03
   4.1537031e-03   3.7962529e-01  -3.3377102e+00  -2.3721906e-02   5.1815685e-03  -2.1687330e-03
  -1.9060382e-02   3.2733480e-01  -3.3057187e+00  -2.0445147e-02   1.0004538e-02  -1.6817997e-03
  -8.3343660e-03   3.6682945e-01  -3.3534379e+00  -2.3247453e-02   8.7346025e-03  -2.0176616e-03
  -7.1134571e-03   3.7375918e-01  -3.3613088e+00  -2.3236337e-02   8.6473593e-03  -2.1076696e-03
  -7.1699827e-03   3.7820494e-01  -3.3975022e+00  -2.3720667e-02   8.5592508e-03  -2.0191069e-03
  -4.4706902e-03   3.7102462e-01  -3.3849234e+00  -2.2809828e-02   8.3398636e-03  -1.8454461e-03
  -9.5478381e-03   3.6933058e-01  -3.3890956e+00  -2.2507054e-02   8.3049568e-03  -1.9831159e-03
  -1.0520141e-02   3.6399965e-01  -3.3847442e+00  -2.3064250e-02   8.5194873e-03  -2.1345488e-03
  -5.3100893e-03   3.6939695e-01  -3.3926310e+00  -2.3040152e-02   8.1570569e-03  -2.0858591e-03
  -9.9972275e-03   3.6251050e-01  -3.3979331e+00  -2.2901197e-02   8.0138212e-03  -2.1215459e-03
  -4.7792607e-03   3.6899509e-01  -3.4093565e+00  -2.3550420e-02   8.6220389e-03  -2.1354646e-03
  -9.9845910e-03   3.8129162e-01  -3.3869985e+00  -2.3249560e-02   8.4109882e-03  -1.8925641e-03
   4.8961413e-03   3.5694687e-01  -3.3911434e+00  -2.4024310e-02   8.6838120e-03  -2.0073213e-03
  -3.1895198e-03   3.4724156e-01  -3.4040729e+00  -2.3018259e-02   8.8092232e-03  -2.1408118e-03
  -3.5035988e-03   3.8373870e-01  -3.4305585e+00  -2.3335117e-02   7.6015912e-03  -1.8367045e-03
   4.0657025e-02   4.3863806e-01  -4.2350513e+00  -2.9243254e-02   4.1971177e-03  -2.1809222e-03
   4.2155478e-02   3.5292184e-01  -3.1143966e+00  -4.1718977e-02   1.9858993e-03   6.7929890e-04
   2.9637857e-05   4.1165472e-01  -4.6425015e+00  -2.3812730e-02  -3.0995952e-03  -3.8257608e-03
   6.1175988e-02   4.3715533e-01  -4.7299554e+00  -2.6392435e-02   6.8143587e-03  -5.1647793e-03
   4.8014645e-02   4.1347014e-01  -4.6884061e+00  -2.5744002e-02   6.8113769e-03  -4.9943504e-03
   3.6020150e-02   4.1679546e-01  -4.6394209e+00  -2.6711281e-02   7.6756127e-03  -5.1099223e-03
   3.7529264e-02   4.5017761e-01  -4.6613053e+00  -2.6595703e-02   7.2583625e-03  -4.8946322e-03
   3.2226177e-02   4.2302173e-01  -4.6641042e+00  -2.7386407e-02   7.1913628e-03  -4.2418663e-03
   4.0036190e-02   4.1552704e-01  -4.6436703e+00  -2.6758430e-02   6.7968287e-03  -4.4499440e-03
   4.4592215e-02   4.2975906e-01  -4.5766483e+00  -2.7201415e-02   5.9442450e-03  -4.2072280e-03
   4.8083450e-02   4.3522640e-01  -4.5714020e+00  -2.7601443e-02   6.0647024e-03  -4.3165454e-03
   5.0185545e-02   4.1993792e-01  -4.6023963e+00  -2.7508362e-02   6.1315895e-03  -4.4120256e-03
   4.1540537e-02   4.4903415e-01  -4.5872376e+00  -2.7645287e-02   6.4121280e-03  -4.3104249e-03
   3.9803259e-02   4.5102950e-01  -4.5621122e+00  -2.7244687e-02   5.9564157e-03  -4.3122282e-03
   4.3853127e-02   4.4089012e-01  -4.5661408e+00  -2.7975825e-02   5.8724833e-03  -4.2397646e-03
   4.4498036e-02   4.5450675e-01  -4.5556296e+00  -2.7291718e-02   6.0111501e-03  -4.2486358e-03
   4.3906328e-02   4.4979585e-01  -4.5639410e+00  -2.7233075e-02   6.3476435e-03  -4.3891755e-03
   3.9041907e-02   4.5373273e-01  -4.5630169e+00  -2.7171411e-02   6.0890506e-03  -4.3632120e-03
   4.2849111e-02   4.5442100e-01  -4.5770386e+00  -2.7635518e-02   6.1795707e-03  -4.2136308e-03
   2.6142567e-02   4.5037082e-01  -4.5458267e+00  -2.7322145e-02   4.4806233e-03  -4.1085352e-03
   4.3723971e-02   4.6423988e-01  -4.7787403e+00  -3.0643012e-02   5.8755315e-03  -4.1769353e-03
   4.8217656e-02   4.6900166e-01  -4.8119876e+00  -2.8187501e-02   9.1877866e-03  -4.6274095e-03
   4.4326025e-02   4.4385196e-01  -4.7514325e+00  -2.7946195e-02   9.5152690e-03  -4.5452206e-03
   4.2286031e-02   4.5227551e-01  -4.7530957e+00  -2.7717357e-02   9.7831808e-03  -4.6866672e-03
   4.0212900e-02   4.4782541e-01  -4.7386805e+00  -2.8147508e-02   9.8812046e-03  -4.7289127e-03
   5.0746936e-02   4.4893125e-01  -4.7625351e+00  -2.8964628e-02   9.1827977e-03  -4.5387089e-03
   3.9222255e-02   4.5825082e-01  -4.7778025e+00  -2.9149837e-02   8.7877747e-03  -4.4856682e-03
   5.4819878e-02   4.6516055e-01  -4.8441208e+00  -2.9231078e-02   8.8474162e-03  -4.3560929e-03
   4.9240341e-02   4.6778933e-01  -4.8455792e+00  -2.8592731e-02   9.0745891e-03  -4.5170486e-03
   4.2334310e-02   4.5719928e-01  -4.8317349e+00  -2.8082292e-02   9.5593434e-03  -4.6164042e-03
   4.0766778e-02   4.6234134e-01  -4.8483976e+00  -2.8691297e-02   9.2432351e-03  -4.5411029e-03
   4.3926003e-02   4.3672293e-01  -4.8169198e+00  -3.0657445e-02   9.0940383e-03  -4.6083096e-03
   2.8569444e-02   4.4317922e-01  -4.7319930e+00  -2.6992149e-02   1.2051275e-02  -4.3717106e-03
   2.3699279e-02   4.5374642e-01  -4.6902493e+00  -2.7794317e-02   1.0372593e-02  -4.2104398e-03
   3.0149027e-02   4.6648623e-01  -4.7371976e+00  -2.8204287e-02   1.0401750e-02  -4.4025063e-03
   3.1706369e-02   4.5786131e-01  -4.7502057e+00  -2.8012931e-02   1.0403362e-02  -4.5627845e-03
   2.2429134e-02   4.5214811e-01  -4.7542718e+00  -2.7678809e-02   1.0459986e-02  -4.4970889e-03
   2.4646111e-02   4.5584286e-01  -4.7682050e+00  -2.8498835e-02   1.0574445e-02  -4.6717670e-03
   2.3425914e-02   4.5468878e-01  -4.7607528e+00  -2.7461868e-02   1.1115443e-02  -4.4083500e-03
   1.9133143e-02   4.5581930e-01  -4.7652501e+00  -2.7911927e-02   1.1064179e-02  -4.5001040e-03
   2.6514029e-02   4.7038784e-01  -4.7960695e+00  -2.8900367e-02   1.0975809e-02  -4.3523057e-03
   3.4246747e-02   4.8209161e-01  -4.7906823e+00  -2.7938421e-02   1.0704211e-02  -3.5390060e-03
  -9.9471752e-03   2.0843576e-01  -4.6132088e+00  -5.1222068e-02   5.6000056e-03   2.5867828e-04
  -6.0312135e-02   1.5672799e-01  -1.4907687e+00  -4.5825405e-03  -1.4442948e-03  -1.8345970e-04
  -4.2808306e-05   5.0147247e-01  -4.9171976e+00  -2.3808338e-02   2.4082648e-03  -3.4493209e-04
  -4.2478349e-03   5.4000959e-01  -5.3603462e+00  -3.1843046e-02   1.1357868e-03  -7.9398283e-04
  -5.4524438e-03   5.3255785e-01  -5.3087164e+00  -3.1550758e-02   1.6645082e-03  -1.2477822e-03
  -1.0408450e-02   5.2752913e-01  -5.3510989e+00  -3.3050030e-02   1.9375579e-03  -1.3065232e-03
  -1.9499923e-03   5.4084241e-01  -5.3895329e+00  -3.4547751e-02   2.0618132e-03  -1.6152770e-03
   2.0640780e-03   5.4039042e-01  -5.4022025e+00  -3.4245251e-02   2.3436012e-03  -1.6940959e-03
  -8.9190080e-03   5.4563137e-01  -5.4494814e+00  -3.4429735e-02   2.3876158e-03  -1.7887597e-03
  -9.2827383e-03   5.3478814e-01  -5.4543738e+00  -3.4781062e-02   3.0304503e-03  -2.0218538e-03
  -8.6708153e-03   5.4679347e-01  -5.4542884e+00  -3.4405553e-02   3.5718062e-03  -2.0355667e-03
   1.8286607e-03   5.3229737e-01  -5.4302281e+00  -3.4375935e-02   3.7839465e-03  -2.1011392e-03
   1.0214367e-03   5.3795914e-01  -5.4467846e+00  -3.5093857e-02   3.9703516e-03  -2.0650947e-03
   1.9073898e-02   4.8060902e-01  -5.3018931e+00  -3.5533016e-02   9.1082033e-03  -3.5762795e-03
   2.6519513e-02   5.4395035e-01  -5.2673003e+00  -3.4601696e-02   8.4099921e-03  -3.6975339e-03
   1.6564336e-02   5.3334812e-01  -5.2745350e+00  -3.4985300e-02   7.5129053e-03  -3.4901592e-03
   1.3701845e-02   5.3192511e-01  -5.2892204e+00  -3.4822553e-02   8.3194397e-03  -3.5203542e-03
   2.7060355e-02   5.2159313e-01  -5.3689617e+00  -3.6562507e-02   8.1509903e-03  -4.1105048e-03
   1.5209017e-02   5.3106224e-01  -5.3160788e+00  -3.5590917e-02   8.2114756e-03  -3.9234078e-03
   1.1538493e-02   5.2430600e-01  -5.3276959e+00  -3.6123016e-02   8.5445156e-03  -3.7855043e-03
   5.6706382e-03   5.2456483e-01  -5.3791577e+00  -3.5899892e-02   8.7370689e-03  -3.8117561e-03
  -4.0996564e-03   5.2545600e-01  -5.3580522e+00  -3.5557754e-02   8.2082221e-03  -3.6145155e-03
   1.2583155e-02   5.1804114e-01  -5.3580938e+00  -3.5361910e-02   8.6914493e-03  -3.9195520e-03
   1.6290248e-02   5.3411871e-01  -5.3412622e+00  -3.5568150e-02   9.1150468e-03  -3.6365820e-03
  -8.3168832e-03   5.4685994e-01  -5.6010392e+00  -3.4295647e-02   1.3604803e-02  -3.1396275e-03
   2.2623233e-02   5.2361095e-01  -5.4521942e+00  -3.4045575e-02   8.8018509e-03  -3.5823149e-03
   4.7355938e-02   5.1206675e-01  -5.3636358e+00  -3.1277080e-02   8.3947230e-03  -3.9003393e-03
   2.8552957e-02   5.1474367e-01  -5.4292606e+00  -3.2052400e-02   8.3446987e-03  -3.8991295e-03
   4.8797486e-02   5.2161014e-01  -5.4232201e+00  -3.1630200e-02   9.6260665e-03  -3.8781744e-03
   8.6777896e-03   5.3636586e-01  -5.5376183e+00  -3.3042343e-02   9.9438693e-03  -3.6373549e-03
   1.2185595e-02   6.2158618e-01  -5.5549159e+00  -3.2618568e-02   9.1436355e-03  -3.3753384e-03
   4.2768651e-02   5.6437039e-01  -5.4777490e+00  -3.1753510e-02   7.2076390e-03  -4.0624882e-03
   2.7127824e-02   5.5903319e-01  -5.5014606e+00  -3.2686591e-02   6.4169481e-03  -3.5960933e-03
   2.5473738e-02   5.5668889e-01  -5.5198692e+00  -3.2437713e-02   5.8873706e-03  -3.4886492e-03
   3.3102937e-02   5.4200212e-01  -5.5330002e+00  -3.2856962e-02   6.5684574e-03  -3.7515393e-03
   3.2473740e-02   5.5465761e-01  -5.5967357e+00  -3.3370034e-02   6.8952873e-03  -3.7439574e-03
   5.9128069e-02   4.9512133e-01  -5.3461739e+00  -2.6680133e-02   5.0884313e-03  -3.8027170e-03
   2.9683345e-02   5.5199040e-01  -5.4109540e+00  -3.1360662e-02   7.4970537e-03  -3.3939116e-03
   3.5282219e-02   5.2402872e-01  -5.3627422e+00  -2.9791491e-02   8.2556971e-03  -2.8367985e-03
   1.1455950e-02   5.3901738e-01  -5.3698387e+00  -2.9744152e-02   8.8918595e-03  -3.1274650e-03
   2.4504869e-02   5.2977936e-01  -5.3587186e+00  -2.9354206e-02   7.9350568e-03  -3.5336190e-03
   4.6792716e-02   5.9508557e-01  -5.7300249e+00  -3.2034707e-02   4.8857684e-03  -3.1577342e-03
   2.1541953e-02   6.1184846e-01  -5.8479081e+00  -3.1324970e-02   3.9102908e-03  -2.6104736e-03
   2.5180711e-02   5.7353612e-01  -5.7850986e+00  -3.0924958e-02   2.6185287e-03  -2.7735731e-03
   4.2706941e-02   5.7802576e-01  -5.8146812e+00  -3.1798385e-02   1.9464430e-03  -3.0384588e-03
   3.8726536e-02   5.6687370e-01  -5.7865320e+00  -3.1434547e-02   2.3266243e-03  -3.0060770e-03
   1.5800834e-02   5.9696002e-01  -5.8087976e+00  -3.4105322e-02   7.9304966e-03  -4.1893785e-03
  -2.4588312e-03   5.9870680e-01  -5.5772495e+00  -3.2230491e-02   8.1279720e-03  -3.6823584e-03
   6.0705467e-03   5.6957943e-01  -5.6010186e+00  -3.1724221e-02   7.3219545e-03  -3.6792068e-03
   6.3311965e-03   5.8138725e-01  -5.7792595e+00  -3.1512833e-02   7.1134492e-03  -3.8655569e-03
   9.6674690e-03   5.7395239e-01  -5.6774969e+00  -3.1845272e-02   6.4495612e-03  -3.8636195e-03
   2.0390029e-02   5.6554255e-01  -5.6676348e+00  -3.1492248e-02   6.9370498e-03  -4.0310113e-03
   1.2444877e-02   5.8151575e-01  -5.6921373e+00  -3.1950917e-02   6.8481849e-03  -3.9038387e-03
   1.7065906e-02   5.7134560e-01  -5.6475572e+00  -3.0492574e-02   6.2920786e-03  -3.8404807e-03
   1.1992597e-02   5.9186201e-01  -5.7081886e+00  -3.1680599e-02   6.5784463e-03  -4.1618520e-03
   4.2599885e-03   5.5039465e-01  -5.7096170e+00  -2.8955202e-02   8.0976283e-03  -3.6648859e-03
   3.2811195e-04   6.0102511e-01  -5.7508904e+00  -3.1464970e-02   7.0962418e-03  -3.3145047e-03
   8.7385360e-03   5.8721380e-01  -5.7185344e+00  -3.1568434e-02   6.9879383e-03  -3.5995957e-03
  -9.5110354e-03   6.0938473e-01  -5.7311165e+00  -2.9978483e-02   8.5844089e-03  -3.5503764e-03
  -4.5888422e-03   5.4166345e-01  -5.6919064e+00  -2.8740682e-02   1.0848290e-02  -3.8596569e-03
  -1.7545503e-03   5.6268787e-01  -5.6919951e+00  -2.8848894e-02   8.7044110e-03  -3.2034366e-03
   9.2412367e-03   5.4542120e-01  -5.7473861e+00  -3.4626677e-02   6.6082555e-03  -2.4106640e-03
  -7.8727304e-02   5.5207245e-01  -6.1032009e+00  -2.8721823e-02  -8.9553184e-03  -3.3375584e-04
  -4.2045209e-03   6.3365610e-01  -6.2702302e+00  -3.4047987e-02   1.8404502e-03  -2.0542475e-03
  -6.7072722e-03   6.1127908e-01  -6.2146632e+00  -3.3936710e-02   1.3056004e-03  -1.7945392e-03
  -4.2618407e-04   6.1816505e-01  -6.1784043e+00  -3.3739940e-02   9.0808511e-04  -1.8135005e-03
  -4.4856110e-03   6.1161974e-01  -6.1335663e+00  -3.3991206e-02   1.6391618e-03  -2.0252385e-03
  -2.7784900e-03   6.1076786e-01  -6.0755194e+00  -3.3783837e-02   1.8696005e-03  -2.2160759e-03
   2.4797210e-03   5.5349057e-01  -6.0176557e+00  -3.1938975e-02   4.4506486e-03  -2.9569125e-03
  -9.5941805e-02   2.5230551e-01  -4.7254330e+00  -8.7389309e-03   7.9264193e-03  -2.9852465e-03
  -9.6543445e-02   2.5444665e-01  -4.6499576e+00  -8.9233410e-03   5.0102203e-03  -2.9657617e-03
  -9.2656891e-02   1.7793029e-01  -4.5910039e+00  -5.0002326e-03   6.9818147e-03  -3.1956785e-03
  -2.1220142e-02   4.2709704e-01  -5.3398808e+00  -1.9907112e-02   1.4321964e-03  -1.5134570e-03
  -2.1455126e-03   4.1616466e-01  -5.2030546e+00  -1.5382332e-02   7.3957275e-03  -3.6585215e-03
  -2.6266823e-02   2.5043838e-01  -4.5302400e+00  -5.5062149e-03   4.6158256e-03  -3.7732894e-03
  -3.1516272e-02   1.8801981e-01  -4.3119330e+00  -2.3273161e-03   5.3780221e-03  -4.5776818e-03
  -2.4642546e-02   4.3488180e-01  -5.0530759e+00  -1.3200850e-02   3.2653851e-03  -3.6970625e-03
  -4.8215434e-02   2.1681720e-01  -4.5669231e+00  -5.0635230e-03   5.5443074e-03  -4.4187339e-03
  -6.7200529e-02   2.7672747e-01  -4.4398792e+00  -5.5347845e-03   4.0267279e-03  -3.7178981e-03
  -6.1073044e-02   1.2959348e-01  -4.3349147e+00  -1.9351991e-03   4.4367354e-03  -3.8767557e-03
  -2.6967747e-02   2.9234374e-01  -4.6776774e+00  -5.6588545e-03   4.3269099e-03  -3.7359149e-03
  -3.7627003e-02   1.4722064e-01  -4.4629754e+00  -3.8906701e-03   2.8932083e-03  -4.3100064e-03
  -1.5487713e-02   3.5319833e-01  -4.8292395e+00  -1.0929470e-02   1.4833556e-03  -3.4712003e-03
   5.9148447e-02   4.1040285e-01  -5.2680134e+00  -2.0440508e-02   1.4937882e-03  -4.2465723e-03
   1.3493539e-02   4.2575235e-01  -5.0308017e+00  -1.9234850e-02   1.3194753e-03  -3.5488376e-03
   2.4535321e-02   4.4244168e-01  -5.1080149e+00  -2.1257658e-02   1.5075647e-03  -3.6246446e-03
   2.9664786e-02   4.4002351e-01  -5.1898938e+00  -2.3945321e-02   1.7703584e-03  -3.5072368e-03
   2.4992853e-02   5.0502355e-01  -5.3565246e+00  -2.2828685e-02   1.3532764e-03  -3.4071761e-03
   1.3133110e-02   5.2408808e-01  -5.3918328e+00  -2.5772360e-02   2.0787577e-03  -3.3772501e-03
   2.8346130e-02   5.0496545e-01  -5.3983040e+00  -2.5721328e-02   2.2028644e-03  -3.3468436e-03
   2.3751266e-02   5.1654152e-01  -5.4359001e+00  -2.6262623e-02   2.4151805e-03  -3.4878307e-03
   2.5669072e-02   5.1252106e-01  -5.4245994e+00  -2.6502136e-02   2.6504211e-03  -3.4475545e-03
   4.1954723e-02   6.6300456e-01  -5.5978171e+00  -4.0009542e-02   6.4715879e-04  -1.7256918e-03
   8.0866380e-02   3.0158901e-01  -4.3186702e+00  -3.4690184e-02   1.4550286e-03  -1.6465758e-03
   1.5384701e-02   3.7454211e-01  -3.6616288e+00  -1.5458281e-02   9.9339307e-03  -6.0975464e-03
   3.4668718e-02   3.9889335e-01  -4.5969339e+00  -2.8517920e-02   8.0874603e-03  -4.4675511e-03
   3.2459599e-02   3.9448304e-01  -4.3634865e+00  -2.6683323e-02   6.2984591e-03  -3.9493054e-03
   3.4696735e-02   4.1907320e-01  -4.4517915e+00  -2.7335721e-02   5.4931604e-03  -3.8781222e-03
   2.1378183e-02   4.2806893e-01  -4.4109302e+00  -2.8666083e-02   5.5812094e-03  -3.6045381e-03
   1.2488123e-02   4.4127561e-01  -4.3578211e+00  -2.8618666e-02   5.1215811e-03  -3.0778900e-03
   8.2776733e-03   4.3068461e-01  -4.3196457e+00  -2.8657162e-02   5.2110979e-03  -3.0290612e-03
   1.0723090e-02   4.1909694e-01  -4.2764487e+00  -2.8508406e-02   5.7143449e-03  -2.9754520e-03
   1.3837615e-02   4.3022929e-01  -4.2651970e+00  -2.8749600e-02   6.1012642e-03  -3.0203167e-03
   2.4624372e-02   4.3274469e-01  -4.3085438e+00  -2.8904501e-02   6.6230100e-03  -3.0878439e-03
   1.9911731e-02   4.4478624e-01  -4.3046888e+00  -2.9701750e-02   6.2440733e-03  -2.9064795e-03
   3.3523250e-02   4.7256593e-01  -4.3291527e+00  -2.8598820e-02   5.1706720e-03  -3.2110618e-03
   4.0501659e-02   4.5572644e-01  -4.3508896e+00  -2.9928078e-02   5.6219154e-03  -3.0810033e-03
   3.7717969e-02   4.4518133e-01  -4.3352969e+00  -2.9067387e-02   5.6358290e-03  -2.9170397e-03
   3.6358441e-02   4.5386136e-01  -4.3617431e+00  -2.9780396e-02   5.8106323e-03  -2.9646445e-03
   3.4052858e-02   4.4618587e-01  -4.3830680e+00  -2.9314403e-02   5.9998503e-03  -3.1151118e-03
   3.3412793e-02   4.5010595e-01  -4.4045936e+00  -3.0218429e-02   5.6997961e-03  -2.9758627e-03
   4.3981160e-02   4.3386949e-01  -4.3844328e+00  -2.5105994e-02   7.5620805e-03  -2.8161288e-03
   3.3109399e-02   4.7768763e-01  -4.3966217e+00  -2.4686919e-02   8.2423390e-03  -1.5243091e-03
   2.2100378e-02   4.9440046e-01  -4.6371328e+00  -2.7532142e-02   8.9527714e-03  -1.1910373e-03
   2.1184623e-02   4.8704317e-01  -4.5655953e+00  -2.7352200e-02   9.0500299e-03  -2.5288464e-03
   4.8062409e-02   5.0160586e-01  -4.5724233e+00  -2.6812681e-02   9.2313455e-03  -3.1686175e-03
   4.1070808e-02   4.7553358e-01  -4.6077805e+00  -2.7864148e-02   9.2926452e-03  -3.1309393e-03
   3.2614424e-02   4.8533790e-01  -4.7072697e+00  -2.8847297e-02   1.0820397e-02  -2.7956205e-03
   4.5942193e-02   4.7702190e-01  -4.6041144e+00  -2.8439159e-02   1.1023072e-02  -2.8116948e-03
   4.8723631e-02   4.5096117e-01  -4.5818368e+00  -2.7379644e-02   1.0380397e-02  -3.1084073e-03
   5.8002574e-02   4.7830719e-01  -4.6802529e+00  -2.8968421e-02   9.4883568e-03  -3.1496219e-03
   5.0318808e-02   4.6527744e-01  -4.6221358e+00  -2.7732035e-02   9.9553687e-03  -3.2185951e-03
   4.2906101e-02   4.8743104e-01  -4.7301528e+00  -2.4362928e-02   1.0578703e-02  -2.6967910e-03
   4.1182033e-02   4.9004796e-01  -4.6737474e+00  -2.7051384e-02   1.1366767e-02  -2.7281483e-03
   5.1271872e-02   4.6809387e-01  -4.6553802e+00  -2.7139591e-02   1.1271827e-02  -2.7247984e-03
   5.1788227e-02   4.7916790e-01  -4.6509836e+00  -2.7962366e-02   1.0235387e-02  -2.8673796e-03
   5.6065503e-02   4.8114559e-01  -4.6425866e+00  -2.7284824e-02   9.7676878e-03  -2.7928901e-03
   7.0591844e-02   5.0801349e-01  -4.8342239e+00  -2.6570499e-02   6.4402516e-03  -2.6880667e-03
   6.4626896e-02   5.0682407e-01  -4.9183119e+00  -2.5223914e-02   6.1840487e-03  -3.0058108e-03
   4.9344510e-02   4.5110468e-01  -4.8586394e+00  -2.2933299e-02   6.5483631e-03  -3.1238989e-03
   2.5488277e-02   3.9160298e-01  -4.4789728e+00  -1.9610181e-02   8.9815973e-03  -2.3094739e-03
   3.7082194e-02   4.6990227e-01  -4.6548824e+00  -2.3089756e-02   7.3477312e-03  -1.8036787e-03
   4.2834343e-02   4.7306313e-01  -4.7950156e+00  -2.5043030e-02   7.5870534e-03  -1.7444741e-03
   3.2592043e-02   5.1634675e-01  -4.8019279e+00  -2.5803875e-02   7.5744199e-03  -1.5877199e-03
   2.6930994e-02   5.1807207e-01  -4.8050411e+00  -2.6056977e-02   8.1820911e-03  -1.4658863e-03
   2.6420297e-02   5.1226128e-01  -4.7982107e+00  -2.5573047e-02   8.5661849e-03  -1.2391701e-03
   2.1316724e-02   5.1933231e-01  -4.8442143e+00  -2.5623160e-02   7.8484330e-03  -1.1691034e-03
   1.2684838e-02   5.5261155e-01  -4.8576952e+00  -2.4354382e-02   7.7810300e-03  -1.3325445e-03
   2.5362672e-02   5.3008554e-01  -4.7893387e+00  -2.4551784e-02   7.3649194e-03  -1.2207520e-03
   2.7925519e-02   5.1929084e-01  -4.7990206e+00  -2.4802943e-02   7.3731453e-03  -1.2516065e-03
   2.0089770e-02   5.2605766e-01  -4.8953659e+00  -2.4688968e-02   8.4440569e-03  -1.0581776e-03
   3.4679462e-02   5.5101746e-01  -4.9071174e+00  -2.5833327e-02   5.0829279e-03  -8.1643223e-04
   3.3017791e-02   5.3638131e-01  -4.8398429e+00  -2.4802480e-02   5.1380492e-03  -3.7198352e-04
   8.4541243e-03   5.3529620e-01  -4.8635596e+00  -2.3910736e-02   7.5992913e-03  -3.0102473e-04
   1.7417035e-02   5.4680673e-01  -4.8760178e+00  -2.5923496e-02   7.5350449e-03  -1.9861723e-04
   2.0904052e-02   5.3536138e-01  -4.9566106e+00  -2.5699139e-02   6.5752106e-03  -5.2658081e-04
   6.6838269e-03   5.4835366e-01  -4.8613913e+00  -2.4147538e-02   6.9907906e-03  -4.0203050e-04
   8.9207273e-03   5.3188636e-01  -4.8751440e+00  -2.3897613e-02   6.9261421e-03  -3.7869264e-04
   3.2930323e-02   5.8263502e-01  -4.9729586e+00  -2.6813752e-02   6.3311573e-03  -3.9713874e-04
   2.9622367e-02   6.1860113e-01  -4.9474149e+00  -2.5590395e-02   5.6712588e-03  -3.6731004e-04
   3.9626424e-02   5.7633014e-01  -4.9923771e+00  -2.6325251e-02   6.2078746e-03  -6.4163310e-04
   4.1185249e-02   5.9917063e-01  -5.0434783e+00  -2.8255537e-02   5.8598370e-03  -6.1708937e-04
   3.9890416e-02   5.7652954e-01  -4.9979388e+00  -2.6614173e-02   6.1714460e-03  -9.0483476e-04
   4.6862684e-02   5.7947302e-01  -5.0010271e+00  -2.6573174e-02   5.2324350e-03  -9.0136277e-04
   4.4055960e-02   5.8280242e-01  -5.0429801e+00  -2.7564057e-02   5.3095402e-03  -7.0500743e-04
   7.0571850e-03   5.6493198e-01  -5.0680464e+00  -2.7262461e-02   9.9682594e-03  -1.3829270e-04
   2.7462688e-02   5.8182455e-01  -5.1176523e+00  -2.8848352e-02   7.4322781e-03  -5.4504577e-04
   2.5596041e-02   5.8703470e-01  -5.0707210e+00  -2.7307982e-02   7.4115824e-03  -5.7782035e-04
   3.0057620e-02   5.5749250e-01  -5.0610319e+00  -2.6859478e-02   7.3959705e-03  -8.3573350e-04
   2.9022675e-02   5.7501949e-01  -5.1009246e+00  -2.7262610e-02   7.3373547e-03  -9.7063209e-04
   2.0173837e-02   5.6747313e-01  -5.0862307e+00  -2.7212881e-02   7.1459107e-03  -8.3745445e-04
   3.7306443e-02   5.6343910e-01  -5.0704693e+00  -2.6654946e-02   7.3561308e-03  -1.0407603e-03
   2.7533127e-02   5.5345967e-01  -5.0718159e+00  -2.5773782e-02   9.0237840e-03  -6.2225380e-04
   1.2027129e-02   5.6952140e-01  -5.1350869e+00  -2.8014290e-02   8.4319912e-03  -4.9082197e-04
   2.0402029e-02   5.5823415e-01  -5.0914221e+00  -2.6571201e-02   7.9859594e-03  -7.4101567e-04
   1.8936203e-02   5.7922195e-01  -5.0871887e+00  -2.6867065e-02   7.5230516e-03  -7.2024598e-04
   2.0037155e-02   5.6023881e-01  -5.0983742e+00  -2.6945771e-02   7.6495334e-03  -7.4279851e-04
  -5.8248417e-03   5.8985245e-01  -5.1624206e+00  -2.0835607e-02   7.5649563e-03  -5.9816002e-04
   2.4486905e-02   5.8272713e-01  -5.6659067e+00  -2.5607437e-02   6.2790266e-03  -5.1102929e-05
   4.0308631e-02   5.0814360e-01  -5.1229554e+00  -3.4456878e-02   1.0659763e-02  -2.8730094e-04
  -7.2995499e-02   5.1353935e-01  -5.1787702e+00  -2.0647279e-02   2.9072816e-03   3.3882135e-04
  -5.4774508e-02   6.0529487e-01  -5.4285060e+00  -2.6396450e-02   2.2020040e-03  -1.2000318e-04
  -3.8277900e-02   5.0524674e-01  -5.1988000e+00  -2.2108053e-02   2.7291493e-03  -6.4590621e-04
  -6.1722273e-02   5.3914414e-01  -5.0156727e+00  -2.2878889e-02   3.6196389e-03   1.1666470e-03
  -3.7016634e-02   5.6480679e-01  -4.7827993e+00  -2.5932004e-02   3.7316348e-03   1.1510939e-03
  -5.4519769e-02   5.5115277e-01  -4.9290847e+00  -2.1279600e-02   5.4520573e-03   1.4820445e-03
  -4.5298969e-02   5.3779044e-01  -4.8536287e+00  -2.2682357e-02   4.3311914e-03   1.0223275e-03
  -3.1259014e-02   5.1265548e-01  -4.8639986e+00  -2.1813095e-02   4.7574481e-03   2.8372003e-04
  -3.3343779e-02   5.2102397e-01  -4.8567456e+00  -2.2476083e-02   4.6694979e-03   2.7906572e-04
  -3.5439785e-02   5.3376690e-01  -4.8820136e+00  -2.2246034e-02   5.1071083e-03   9.3309678e-04
  -3.6639963e-02   5.5605738e-01  -4.8979065e+00  -2.3375981e-02   3.8048942e-03   1.1772303e-03
  -2.6095832e-02   5.4940230e-01  -4.8961249e+00  -2.3277864e-02   3.7529638e-03   7.1949565e-04
  -2.6895094e-02   5.7248967e-01  -4.9034702e+00  -2.3821556e-02   4.1208549e-03   5.8511132e-04
  -2.4594879e-02   5.5701639e-01  -4.8522741e+00  -2.3304198e-02   4.1184588e-03   5.7365929e-04
  -2.0070399e-02   5.7691401e-01  -4.9790066e+00  -2.3992163e-02   3.8435624e-03   3.6814671e-04
   1.8364333e-02   5.2005175e-01  -5.1133518e+00  -1.9558766e-02   3.6776405e-03  -5.9545692e-05
   9.0606311e-03   5.9707660e-01  -5.2538621e+00  -2.8974995e-02   3.8288390e-03  -2.6573265e-04
   4.0814244e-02   5.3768949e-01  -5.0797085e+00  -2.4182349e-02   3.8382516e-03  -1.2052058e-03
   3.4153482e-02   5.6274409e-01  -5.1678228e+00  -2.5847388e-02   4.0240444e-03  -1.0976476e-03
   1.0653140e-02   5.5686604e-01  -5.1209126e+00  -2.4125149e-02   6.4746786e-03  -4.3135750e-04
  -6.1026067e-03   5.5974590e-01  -5.1050229e+00  -2.4457274e-02   6.4905752e-03  -6.6872233e-04
   3.5876979e-04   5.3800908e-01  -5.0988891e+00  -2.4966391e-02   6.1383639e-03  -8.5216948e-04
   9.0446743e-03   5.6308017e-01  -5.1230581e+00  -2.5188188e-02   5.8618868e-03  -8.1646169e-04
   1.2913778e-01   7.7203444e-01  -5.1510652e+00  -3.1027799e-02   5.1507865e-03  -1.5681685e-03
  -2.2919763e-02   4.4326153e-01  -4.7461274e+00  -1.9520327e-02   7.1829500e-03   1.1468508e-04
  -3.2014405e-02   5.3392246e-01  -4.9600326e+00  -1.9938821e-02   4.2928646e-03  -8.2953805e-04
  -3.1211614e-02   4.7980739e-01  -4.8980295e+00  -2.0879929e-02   5.1635984e-03  -1.5272434e-03
  -1.9114123e-02   5.1909350e-01  -4.8639672e+00  -2.1051656e-02   4.0971504e-03  -1.6577495e-03
  -2.1254092e-02   5.1714353e-01  -4.8755805e+00  -2.2653399e-02   4.1567701e-03  -1.3241449e-03
  -8.5774381e-03   5.1726229e-01  -4.9098200e+00  -2.2160025e-02   5.5967059e-03  -2.3477349e-03
   1.1624687e-04   5.1740854e-01  -4.8793468e+00  -2.1526987e-02   5.9029917e-03  -2.4518837e-03
  -3.9376276e-04   5.3119397e-01  -4.8990372e+00  -2.2067869e-02   5.7589960e-03  -2.2288547e-03
  -5.4093595e-03   5.5706547e-01  -5.1055500e+00  -2.1980500e-02   8.7681302e-03  -2.2140351e-03
   9.6000603e-04   5.1322394e-01  -5.0683156e+00  -2.5323700e-02   8.0004682e-03  -2.0011229e-03
  -2.1142936e-02   4.5823072e-01  -4.6789640e+00  -2.2004417e-02   6.9425049e-03  -1.8849654e-03
  -2.3984684e-02   5.5254843e-01  -4.8489027e+00  -1.9147655e-02   6.5954773e-03  -1.2729038e-03
  -3.2772700e-02   4.9201390e-01  -4.7404990e+00  -1.9663774e-02   6.8387464e-03  -1.4013013e-03
  -1.7302831e-02   5.3816867e-01  -4.8372576e+00  -2.0393137e-02   6.7063905e-03  -1.5043462e-03
  -1.4005034e-02   5.4357870e-01  -4.8485129e+00  -2.1756809e-02   6.6855651e-03  -2.2400777e-03
  -2.0937140e-02   5.3468714e-01  -4.8571919e+00  -2.3174671e-02   6.2127504e-03  -2.2596178e-03
  -2.0340340e-02   5.1511985e-01  -4.7905668e+00  -2.1640313e-02   8.9794588e-03  -2.3571154e-03
  -1.4736668e-02   5.3652920e-01  -4.8159184e+00  -2.2132892e-02   7.7745123e-03  -2.2011694e-03
  -2.7793479e-02   5.2719548e-01  -4.8923310e+00  -2.3017101e-02   9.6553499e-03  -2.9292168e-03
  -2.5665114e-02   5.2626730e-01  -4.7534938e+00  -2.0299813e-02   1.0900634e-02  -2.3714623e-03
  -3.2050564e-02   5.3004996e-01  -4.7387599e+00  -2.0648560e-02   9.2705253e-03  -2.0642399e-03
  -3.2599246e-02   5.2887676e-01  -4.8413332e+00  -2.0990319e-02   1.0843168e-02  -1.8991982e-03
  -3.1593103e-02   5.5824775e-01  -4.8741566e+00  -2.2405375e-02   9.2900048e-03  -1.9667538e-03
  -2.4259481e-02   5.3141054e-01  -4.8878926e+00  -2.1784632e-02   9.4136147e-03  -2.0484642e-03
  -2.7271286e-02   5.3613090e-01  -4.8187501e+00  -1.9010577e-02   1.0709943e-02  -2.1409223e-03
  -3.3541345e-02   5.5988757e-01  -4.9408492e+00  -2.1837208e-02   9.7094214e-03  -2.1760635e-03
  -1.6073531e-02   5.5641624e-01  -4.9019778e+00  -2.2248746e-02   8.6184472e-03  -2.2798876e-03
  -2.3262109e-02   5.6404200e-01  -4.9380195e+00  -2.2833068e-02   8.3664617e-03  -2.1108612e-03
   2.8994114e-03   6.0206953e-01  -4.9384483e+00  -2.4300214e-02   8.5217195e-03  -1.0810002e-03
  -1.7299181e-02   5.5703974e-01  -4.9148460e+00  -2.1095994e-02   9.7601062e-03  -2.1901549e-03
  -1.2585619e-02   5.3872004e-01  -4.8926554e+00  -2.1301095e-02   9.1826544e-03  -2.2310053e-03
  -1.5622677e-02   5.4017298e-01  -4.9044023e+00  -2.0997198e-02   9.5049484e-03  -2.5170113e-03
  -1.1535331e-02   5.5250597e-01  -4.8554780e+00  -2.1461535e-02   9.2053018e-03  -2.4734309e-03
   3.4175486e-03   5.5110606e-01  -4.9586497e+00  -2.1534551e-02   8.9170315e-03  -2.5766163e-03
   8.6509398e-02   4.3401088e-01  -4.9179147e+00  -3.0174558e-02   9.0331182e-03  -2.8219758e-03
   6.4926374e-02   5.0576348e-01  -5.9768241e+00  -4.8257992e-02   9.5781338e-03  -2.8681220e-04
  -1.2491528e-01   3.1167710e-01  -2.3268425e+00   5.5280956e-03  -2.1386620e-02   1.3114810e-03
  -7.1314875e-02   4.4694607e-01  -4.1489155e+00  -1.5414206e-02  -6.6954958e-03   9.0957650e-04
  -5.2610810e-02   3.8951261e-01  -4.4873915e+00  -1.3051064e-02  -3.5015172e-03  -8.6638396e-05
  -4.9413472e-02   4.0249691e-01  -4.3116369e+00  -1.2175456e-02  -2.3454132e-03  -9.4146256e-04
  -4.5703801e-02   3.9901832e-01  -4.4063307e+00  -1.2423710e-02  -4.1940404e-03  -2.5647362e-04
  -5.4869994e-02   4.1093559e-01  -4.4139074e+00  -1.3861806e-02  -3.4486734e-03  -2.3209528e-04
  -6.2691563e-02   4.3138574e-01  -4.3647532e+00  -1.6009512e-02  -3.2664097e-03  -8.2403422e-05
  -6.5696265e-02   4.4572845e-01  -4.3195665e+00  -1.6377534e-02  -3.7069804e-03  -2.7233222e-04
  -6.5145344e-02   4.3198986e-01  -4.3340962e+00  -1.7399727e-02  -3.3297793e-03  -4.2021008e-04
  -4.8505135e-02   4.7158871e-01  -4.3292362e+00  -2.0942272e-02  -3.6692202e-03   3.2162960e-04
  -2.6083484e-02   2.2144072e-01  -2.1201739e+00  -2.4574733e-02  -1.9953751e-03  -3.4218371e-03
  -2.1657052e-02   5.0751238e-01  -4.1689803e+00  -2.7710360e-02   1.2860809e-02  -2.7847512e-03
  -6.2563930e-02   4.8740661e-01  -3.5560882e+00  -2.2040853e-02   1.8292005e-02  -8.7857442e-04
   1.6486385e-01   6.2788273e-01  -4.0164733e+00  -2.3222029e-02  -3.9810322e-03  -2.3312354e-03
  -4.2429941e-02   2.3001438e-01  -4.4010679e+00  -4.9822926e-02   5.3434058e-03  -9.6929711e-04
  -1.8091911e-02   4.6829845e-01  -4.3908293e+00  -2.5346179e-02  -4.2414281e-04  -1.5083865e-03
  -3.2207485e-02   4.8284627e-01  -4.4108992e+00  -2.5852181e-02   3.7171656e-03  -1.4952308e-03
  -4.2582211e-02   4.8091276e-01  -4.4266452e+00  -2.5992182e-02   3.9781217e-03  -1.3202286e-03
  -4.7263253e-02   4.7814679e-01  -4.4394543e+00  -2.5897418e-02   4.3908204e-03  -1.3510468e-03
  -3.7180905e-02   4.6288777e-01  -4.4574886e+00  -2.5553460e-02   4.8080701e-03  -1.5793495e-03
  -4.2760708e-02   4.6107216e-01  -4.4702196e+00  -2.6099552e-02   5.2098472e-03  -1.6184984e-03
  -3.9103959e-02   4.6407984e-01  -4.4907122e+00  -2.7300962e-02   6.0052380e-03  -2.0111728e-03
  -1.2851504e-01   5.0772388e-01  -4.3019222e+00  -2.4873159e-02   9.8632502e-03  -1.3683746e-04
  -1.1462690e-01   5.3442056e-01  -4.2773985e+00  -2.5296671e-02   8.7619688e-03  -3.3301814e-04
  -4.9722667e-02   4.4236107e-01  -4.1946256e+00  -2.4759114e-02   5.3056905e-03  -1.9709788e-03
  -4.5375567e-02   4.2286787e-01  -3.6022716e+00  -1.9390463e-02  -3.0810004e-04  -1.6082152e-03
  -4.3945863e-02   4.9737046e-01  -4.5124521e+00  -2.2694946e-02   2.0406483e-03  -1.5649468e-03
  -1.4851315e-02   4.4998105e-01  -4.3248551e+00  -2.3053464e-02   1.2970674e-03  -2.1303288e-03
   4.7941489e-02   4.6608925e-01  -4.3312103e+00  -2.2488520e-02   2.6362237e-03  -2.7208301e-03
   2.8963375e-02   4.8673931e-01  -4.3153584e+00  -2.4210520e-02   2.5542165e-03  -2.2921640e-03
   3.3527831e-02   4.8467371e-01  -4.3054833e+00  -2.3247981e-02   3.5567940e-03  -2.7582333e-03
   6.3030795e-02   3.5075194e-01  -4.1019879e+00  -3.9339882e-02   4.5713201e-03  -2.0442353e-03
  -9.3225244e-02   5.3102899e-01  -4.2862375e+00  -2.5519095e-02  -6.1704739e-03   5.5901568e-04
  -5.5204899e-02   4.9157209e-01  -4.4762436e+00  -1.9933636e-02  -1.6377078e-03  -7.7076685e-04
  -7.1865841e-02   5.1294355e-01  -4.5646586e+00  -2.0199940e-02  -8.3584348e-04  -1.4345366e-03
  -5.5013331e-02   5.1166303e-01  -4.4683611e+00  -2.0489183e-02  -8.0733901e-04  -1.3303302e-03
  -4.6474773e-02   5.0605949e-01  -4.4613678e+00  -2.0539462e-02  -9.3544920e-04  -1.2963272e-03
  -4.7804611e-02   5.0858974e-01  -4.4745725e+00  -2.1641668e-02  -2.9609026e-04  -1.5877108e-03
  -4.1421564e-02   5.1633246e-01  -4.4764057e+00  -2.2900395e-02  -4.1722065e-04  -1.5360420e-03
  -4.8758975e-02   4.8457401e-01  -4.4474054e+00  -2.1240631e-02   4.5679158e-04  -2.1058468e-03
  -2.7194315e-02   5.3277371e-01  -4.4936963e+00  -2.2235996e-02  -1.4783494e-04  -1.8992044e-03
  -5.2755274e-03   5.3458620e-01  -4.6012412e+00  -2.2646519e-02   3.5558689e-04  -2.3963880e-03
  -1.3491102e-02   5.3426527e-01  -4.6130386e+00  -2.3189024e-02  -3.8809436e-04  -2.1795492e-03
  -1.4684827e-02   5.0687772e-01  -4.6913713e+00  -4.5140493e-02  -5.4040750e-05   5.9645358e-06
  -4.2132441e-02   3.6612939e-01  -2.5514516e+00  -1.6937600e-02   7.8825603e-03  -9.1583795e-04
  -6.2108969e-02   3.2020912e-01  -3.5087852e+00  -4.7606984e-03  -4.4098237e-03   6.1610275e-04
  -7.6446530e-02   4.1190304e-01  -2.6608611e+00  -1.1558660e-03  -1.3484859e-02   3.0148123e-03
  -1.8063949e-01   6.5963155e-01  -5.7941553e+00  -2.7478951e-02  -8.1579205e-03   2.8118769e-03
  -1.3398295e-01   6.7272092e-01  -5.6926191e+00  -2.7673220e-02  -1.1745995e-02   2.4695196e-03
  -1.2931584e-01   6.3838625e-01  -5.4346775e+00  -2.5339718e-02  -1.0514452e-02   1.7401179e-03
  -1.1670846e-01   6.3014557e-01  -5.4281386e+00  -2.6044567e-02  -1.0744757e-02   1.5051527e-03
  -9.2259617e-02   6.4961182e-01  -5.4909779e+00  -2.7332905e-02  -9.3849563e-03   1.1918763e-03
  -9.5042494e-02   6.5956733e-01  -5.4753906e+00  -2.6645218e-02  -1.0229735e-02   1.3351237e-03
  -1.9016746e-01   5.6508137e-01  -2.6187811e+00  -2.4894482e-02  -9.9822856e-03   2.8052456e-03
  -1.9012763e-01   4.2269325e-01  -2.0746188e+00  -1.1788942e-02  -1.3460888e-02   3.6916100e-03
  -1.1782503e-01   5.2013412e-01  -4.6570258e+00  -1.8712390e-02  -1.9092257e-03   8.2232186e-04
  -1.3900212e-01   6.0230624e-01  -4.9524038e+00  -2.2722301e-02  -3.3907108e-03   2.0548378e-03
  -1.3352077e-01   5.9421980e-01  -4.9633657e+00  -2.4472003e-02  -4.7896204e-03   1.5126540e-03
  -9.6300510e-02   5.7274433e-01  -5.0597111e+00  -2.6427583e-02  -3.7419576e-03   8.5046090e-04
  -9.9182327e-02   6.0153402e-01  -5.0742950e+00  -2.7841737e-02  -4.2395740e-03   5.9768666e-04
  -8.7935615e-02   5.9418656e-01  -5.0289538e+00  -2.6634509e-02  -4.2098819e-03   3.1826900e-04
  -8.7476272e-02   5.9065463e-01  -5.0813200e+00  -2.9722985e-02  -4.9314712e-03   7.3898027e-04
  -9.2065706e-02   3.2052796e-01  -8.6066481e-01   1.9370687e-02  -1.7574281e-02   1.5114075e-03
  -6.6366942e-02   4.0749730e-01  -2.8293036e+00  -4.8572425e-03  -3.0272577e-03  -5.5099828e-04
  -1.2834469e-01   4.6116467e-01  -3.6735266e+00  -1.9535520e-02  -4.8671057e-03   6.2834500e-04
  -1.2631228e-01   3.2745617e-01  -2.5784553e+00  -1.5968265e-02  -6.8484650e-03  -3.3708370e-04
  -4.6430278e-02   3.7910859e-01  -3.4551592e+00  -1.8167158e-02  -2.4808051e-03  -8.4343862e-04
  -2.8813257e-02   3.9324682e-01  -3.6358398e+00  -2.0024584e-02  -1.7888091e-03  -1.2469937e-03
  -6.1407748e-03   3.6169623e-01  -3.6833608e+00  -2.6687682e-02  -9.9796809e-04  -1.5671952e-03
  -6.6178606e-02   4.5650395e-01  -4.1369725e+00  -1.9229774e-02  -3.7907107e-03   8.0315658e-06
  -8.0183244e-02   4.5420579e-01  -4.2345640e+00  -2.5619928e-02  -3.8812950e-03  -1.0443480e-04
  -3.7308693e-02   4.9833541e-01  -4.2873861e+00  -2.6158451e-02  -1.9496478e-03  -8.9763731e-04
  -3.8466827e-02   4.7576744e-01  -4.2439248e+00  -2.4755013e-02  -9.4087742e-04  -1.0475731e-03
  -3.2125162e-02   5.0149354e-01  -4.2646969e+00  -2.5809114e-02  -1.0372283e-03  -1.2284683e-03
  -3.3277565e-02   4.7372743e-01  -4.2342640e+00  -2.5043030e-02  -6.3428641e-04  -1.5294363e-03
  -1.5185532e-02   5.0075847e-01  -4.4854893e+00  -2.7733484e-02   1.4142628e-03  -1.8347667e-03
   1.0780802e-02   5.3292750e-01  -4.5333687e+00  -3.8298376e-02  -6.0801399e-04   4.0424345e-05
  -1.4356650e-01   3.9927818e-01  -3.1165442e+00  -1.0223372e-02  -1.1021535e-02   1.0315682e-03
  -1.3137093e-01   4.8753918e-01  -4.0900785e+00  -1.9729056e-02  -9.6123954e-03   1.1143927e-03
  -1.2498944e-01   5.1045389e-01  -4.1418784e+00  -2.0949054e-02  -9.2462427e-03   5.1183793e-04
  -1.1768029e-01   5.0196008e-01  -4.1696938e+00  -2.1612016e-02  -8.8800083e-03   3.9513101e-04
  -9.9861157e-02   5.1338641e-01  -4.2048985e+00  -2.3559462e-02  -8.5198598e-03  -1.1029346e-04
  -9.0989463e-02   4.8695603e-01  -4.1769541e+00  -2.3209985e-02  -8.0443171e-03  -4.1162093e-04
  -1.0336841e-01   4.7954610e-01  -4.1636081e+00  -2.3491223e-02  -7.7563473e-03  -3.2871566e-04
  -8.1597128e-02   4.7786932e-01  -4.1372827e+00  -2.2234781e-02  -7.9338399e-03  -8.3272284e-04
  -8.1142440e-02   4.8128193e-01  -4.1763219e+00  -2.2723519e-02  -7.6456535e-03  -6.9971746e-04
  -4.6394124e-02   4.9126491e-01  -4.3181292e+00  -3.6134815e-02  -1.0749692e-02   9.6695764e-04
  -1.1007640e-01   3.7873529e-01  -4.0252080e+00  -3.0879290e-02   1.0550904e-02  -6.6368840e-04
   8.1288870e-02  -6.2025373e-02  -4.0712015e+00  -2.3171494e-02   1.4585149e-02   1.1413187e-03
   1.8175899e-02   4.5862459e-01  -3.8619344e+00  -6.5544141e-03   1.3543563e-02  -1.8860004e-03
  -1.4221012e-02   5.0755086e-01  -4.4631006e+00  -1.7549350e-02   1.3353083e-02  -1.5922251e-03
  -1.0062652e-02   4.8767352e-01  -4.3560154e+00  -1.8342913e-02   1.0173420e-02  -1.4086265e-03
  -1.3149634e-02   4.8719239e-01  -4.3737625e+00  -1.9015058e-02   9.6248394e-03  -1.7607662e-03
   3.0170256e-03   4.8471064e-01  -4.3671302e+00  -1.8946722e-02   1.0249264e-02  -1.9360407e-03
  -1.6761701e-02   3.6028682e-01  -2.8579089e+00  -3.7821697e-02   1.5984621e-03   6.2396518e-04
  -2.5153693e-02   4.1759167e-01  -3.9681707e+00  -1.4340260e-02   1.4161571e-03   1.1657869e-03
  -3.9785680e-02   4.5380382e-01  -4.2792094e+00  -2.0600101e-02  -1.4697519e-03   1.6540595e-03
  -5.7835084e-02   4.6946666e-01  -4.2112871e+00  -2.1071279e-02  -8.4942148e-04   1.0521589e-03
  -5.5815074e-02   3.2125230e-01  -2.8338802e+00  -1.5541095e-02   1.3234907e-03   6.5825510e-04
  -5.4273576e-02   3.8163205e-01  -3.1511616e+00  -1.4759989e-02  -1.5126695e-03   3.5932012e-04
  -4.2600082e-02   3.6465750e-01  -3.1317395e+00  -1.3192228e-02   5.9147984e-04  -1.1696286e-03
  -3.1264481e-02   3.4217780e-01  -3.0999418e+00  -1.3004963e-02   1.1337807e-03  -1.6824630e-03
  -3.0871331e-02   3.6285246e-01  -3.1892122e+00  -1.3102247e-02   3.8224658e-04  -1.4742466e-03
  -3.1025043e-02   3.9626342e-01  -3.4089449e+00  -1.2403061e-02   3.2939385e-03  -1.6875840e-03
  -6.0425254e-02   3.2866936e-01  -2.8939016e+00  -2.8544097e-02   1.2835914e-03   7.8990166e-05
  -7.9517731e-02   4.1624049e-01  -2.9806889e+00  -9.5986717e-03  -2.9739307e-03  -5.5508568e-04
  -8.0490722e-02   4.4273876e-01  -3.2065023e+00  -1.4198550e-02  -1.7587470e-03  -9.7752313e-04
  -8.1400894e-02   4.5221703e-01  -3.2218581e+00  -1.3816369e-02  -1.6863343e-03  -8.8923061e-04
  -5.5306740e-02   4.5774469e-01  -3.3184742e+00  -1.4107212e-02  -3.7269498e-04  -1.5496945e-03
   1.3147321e-02   4.2896888e-01  -3.2068380e+00  -1.1589039e-02   5.3148456e-03  -2.6013317e-03
   7.7984077e-03   4.2809840e-01  -3.3592911e+00  -1.3990337e-02   3.9481682e-03  -2.3391399e-03
   5.8324348e-03   4.2863809e-01  -3.4392637e+00  -1.4216089e-02   3.7928462e-03  -2.5509968e-03
   3.9979892e-04   4.5109216e-01  -3.5045202e+00  -1.5577072e-02   4.1087341e-03  -2.2961731e-03
  -2.4814859e-02   4.3615008e-01  -3.3132091e+00  -1.2026601e-02   3.8306671e-03  -1.4531970e-03
   1.1151092e-02   4.7111800e-01  -3.5217703e+00  -1.4716331e-02   3.0254960e-03  -2.0710043e-03
   4.8685832e-03   4.5874265e-01  -3.5466779e+00  -1.5241843e-02   3.1968134e-03  -2.2834006e-03
   1.1015133e-02   3.4456811e-01  -3.5297857e+00  -3.0176939e-02   3.1677703e-03  -6.0753954e-04
  -2.6546053e-02   3.2852932e-01  -3.7715092e+00  -3.1189863e-02   2.6382258e-04   4.6675764e-04
  -8.1868367e-02   1.7171581e-01   1.6508658e+00   3.9723885e-02  -1.8935016e-03   1.3088219e-03
  -1.6111756e-01   4.9786895e-01  -4.3246527e+00  -1.8316166e-02  -5.4096389e-03   1.4693406e-03
  -1.3171357e-01   5.5866683e-01  -4.5452570e+00  -1.6308969e-02  -7.7347548e-03   1.8725258e-03
  -1.2205105e-01   5.3847208e-01  -4.3820144e+00  -1.6037517e-02  -8.5506154e-03   9.4632450e-04
