   0.0000000e+00   0.0000000e+00   0.0000000e+00   0.0000000e+00   0.0000000e+00   0.0000000e+00
  -2.7106809e-02  -1.3395959e-02  -7.9227486e-02  -1.1635847e-03   8.5802458e-04  -7.0262684e-05
  -3.5250431e-02  -8.6364307e-02   1.0371813e-01  -7.4363015e-03   2.5244272e-03   1.4383198e-04
  -3.6868236e-02   8.4667859e-02  -5.3845309e-02  -1.8386002e-05  -5.9560941e-03  -2.0633458e-04
  -4.8442267e-02   1.5704127e-02  -2.8641029e-01  -1.2950793e-03  -2.0866877e-03   3.4941636e-04
  -3.9771519e-02  -3.7395749e-03  -2.9360681e-01  -2.7837390e-03  -2.8808568e-03   1.0560926e-04
  -2.0632992e-02  -6.1241109e-02  -3.2238699e-01   1.6784486e-03  -2.1994257e-04  -4.6790878e-05
   9.5549718e-04  -2.1759126e-02  -5.2636875e-01   2.1075701e-04   1.0260202e-03  -3.7542952e-04
   2.0218129e-03  -6.2853433e-02  -1.8173306e-01   5.2106126e-03   2.7475785e-04  -1.4168263e-04
   1.2519766e-02  -3.4770393e-02  -1.9566333e-01  -1.6545855e-02   7.8884991e-05   1.2427977e-05
   2.1384048e-02  -7.0156955e-02   7.0733992e-01  -2.4513831e-03  -1.9721372e-03  -8.0638544e-04
  -7.0454785e-02   1.1540545e-02   5.6314367e-01  -2.9393241e-03  -2.1023837e-03   1.0288140e-03
  -4.9442298e-02   1.8641539e-02   3.6240369e-01   1.8834422e-03  -6.7940972e-04   1.5839552e-03
  -3.8969883e-02   1.6835917e-02   3.2274824e-01   9.4520232e-04  -1.0039163e-03   1.2104296e-03
  -7.2196549e-04  -3.4762548e-02   1.9388189e-01   6.5550448e-04   8.5019506e-04  -1.0492705e-03
  -4.4355540e-02  -1.3049822e-02   1.6153670e-01  -8.3751477e-04  -9.4729166e-04  -8.3071867e-05
  -1.2784356e-02   1.3836529e-02   1.2807043e-01  -1.0135590e-03  -2.6059089e-04  -4.8884235e-04
   1.8456891e-02   1.1107411e-04  -4.1872456e-02  -3.4888757e-03   1.2580392e-03  -1.9113511e-03
  -2.1185890e-02  -9.4073195e-03   6.7793018e-02  -4.2517825e-04  -1.4865985e-03  -1.0785997e-04
  -4.1090178e-02  -6.3917674e-02   7.5973789e-02  -5.5200989e-03   7.8977955e-04  -1.4563286e-03
  -7.5596301e-02   5.0030091e-02   2.9161500e-02  -3.1844289e-04  -1.1654275e-03   7.1214254e-04
   8.2109995e-03   6.1065939e-02   2.9342324e-01  -2.8360536e-03   1.9408796e-03   1.7989954e-04
   2.4730258e-02  -3.7250665e-02   1.0375999e+00  -1.3560092e-02  -8.3234640e-04  -3.5627380e-04
  -1.3854336e-01   6.7264467e-02   1.4198968e+00   5.9628174e-03   6.2760711e-03   3.6279614e-03
  -1.3366593e-01   4.9549266e-02   1.1015561e+00   2.0194495e-03   5.2877650e-03   4.2466392e-03
  -1.3043514e-01   4.0749993e-02   1.0927871e+00   1.9489410e-03   7.0131778e-03   2.7209130e-03
  -1.5211341e-01   2.3259173e-02   1.0800495e+00  -2.9524304e-05   5.2461933e-03   3.4420243e-03
  -1.2989422e-01   4.7327588e-02   1.0687741e+00   6.8430983e-04   6.6520295e-03   2.8800693e-03
  -1.1615628e-01   3.8132895e-02   1.1310891e+00  -5.9631682e-04   5.9902399e-03   3.5974428e-03
  -1.3467860e-01   2.1328843e-02   1.0332348e+00  -1.6522594e-03   4.8886695e-03   2.8001886e-03
  -9.3856273e-02  -5.9248845e-03   1.1828248e+00   1.8010599e-03   6.9109081e-03   1.5538384e-03
  -1.1416676e-01   4.8873632e-02   1.1396901e+00   4.3151875e-04   4.6967026e-03   2.7134789e-03
  -1.0206454e-01   2.3741224e-03   9.9718161e-01   1.8720266e-03   6.2583318e-03   2.0682576e-03
  -1.0446934e-01  -1.2140526e-02   1.0574821e+00   1.9713671e-04   7.3903830e-03   2.3786020e-03
  -1.2774854e-01   2.5113373e-02   1.0580151e+00   1.1433741e-04   6.2881550e-03   1.8455068e-03
  -1.3402306e-01  -1.3351350e-02   9.6128400e-01  -2.6689242e-03   6.4750515e-03   2.1571013e-03
  -1.4261289e-01   1.0251255e-02   8.7202365e-01  -6.2805993e-04   6.5695412e-03   2.6047921e-03
  -1.2405945e-01  -1.0430488e-02   8.0486800e-01  -9.7144454e-04   5.2938025e-03   2.5768456e-03
  -1.2025518e-01   3.0361713e-03   8.5901032e-01  -1.6458807e-03   5.5474801e-03   1.5950473e-03
  -8.9990095e-02   1.4809203e-02   8.0914937e-01  -7.5823947e-04   5.1479655e-03   1.9458850e-03
  -1.1547569e-01  -7.3750149e-03   7.5209110e-01  -3.7686070e-04   4.9393056e-03   2.3114084e-03
  -9.9307160e-02  -2.3566267e-02   6.4165018e-01  -5.9048039e-03   3.6500673e-03   2.1201492e-03
  -9.3487915e-02  -5.6310190e-02   5.3795135e-01   6.8955120e-03   4.8461300e-03   1.6541466e-03
  -1.9386467e-01   4.4909307e-02  -1.2967018e-01  -2.7585195e-03   6.6241587e-04   3.1892168e-03
  -1.5449545e-01  -3.3002531e-02  -2.1486896e-01  -4.4011799e-03   2.0413882e-04   2.6556972e-03
  -1.3082253e-01   3.4983665e-02  -1.6323159e-01  -2.9569803e-03   1.2821923e-03   1.6952422e-03
  -1.5388825e-01  -1.8911381e-02  -1.4280060e-01  -5.7383163e-03   4.6261370e-04   1.8467892e-03
  -1.2578133e-01  -1.2351356e-02  -1.5850266e-01  -4.1579581e-03   7.5867737e-04   1.8467473e-03
  -1.2274460e-01  -4.2028755e-02   2.5854646e-01   6.8757016e-03   3.9334598e-03   2.0974685e-03
  -9.6972142e-02   1.8775024e-02  -2.2555222e-01  -3.5431812e-03   2.6115009e-03   1.2302678e-03
  -5.9599698e-02  -2.5154602e-02  -9.4870975e-02  -3.3187787e-03   3.5447391e-03   1.0749173e-03
  -8.1730535e-02  -4.0213128e-03  -1.9503023e-01  -3.3932955e-03   2.2445453e-03   9.0917393e-04
  -6.6538386e-02  -2.6514769e-02  -2.1111703e-01  -4.6190739e-03   1.9533029e-03   5.8967933e-04
  -6.4291731e-02  -3.7394846e-02  -1.9987989e-01  -3.9560198e-03   2.0994214e-03   3.8425266e-04
  -7.0589309e-02  -3.5376275e-02  -1.1736520e-01  -9.2771259e-03   4.7081324e-03   7.3808451e-05
  -9.2539189e-02   3.4318426e-03  -1.5381800e-01  -1.6379929e-03   1.4342416e-03   8.5321689e-04
  -6.2105776e-02  -6.0393354e-02  -2.1067798e-01  -2.9150235e-03   9.7596474e-04  -1.9873187e-05
  -1.1355409e-01   1.6494232e-02  -6.7002609e-03   4.6056099e-03   3.4411270e-03   1.4731108e-03
  -8.8601388e-02  -6.6119610e-03  -3.3822440e-01  -4.7330744e-03   2.4382512e-03   9.3319030e-04
  -6.5409062e-02  -1.9660955e-02  -2.9326857e-01  -2.2304206e-03   2.9543408e-03   8.3366566e-05
  -5.9834795e-02  -4.2150045e-02  -2.5898146e-01  -2.2760788e-03   3.0003602e-03   2.5062690e-04
  -1.2807086e-02   4.0417086e-03  -1.5868403e-01  -4.3059808e-03   6.0634708e-03  -7.6876179e-04
  -4.7347757e-02  -2.5634153e-02  -3.7238026e-01   1.5845008e-03   4.0695642e-03  -6.1559891e-04
  -4.2914635e-02  -8.5627031e-02  -3.6942057e-01  -6.3143572e-03   3.8110595e-03  -3.8302025e-04
  -8.9184074e-02   1.7171283e-02  -4.3631260e-01  -4.5123243e-04   4.6108301e-03   7.7999239e-04
  -6.0322938e-02  -8.9921292e-03  -4.5665124e-01  -9.2907276e-04   3.9874285e-03   4.0954070e-04
  -2.9147320e-02  -1.7553812e-02  -5.1569167e-01  -3.6580947e-03   3.4867917e-03  -2.8285521e-04
  -4.1355767e-02  -8.5059124e-02  -9.1732154e-02   7.2293082e-03   4.6091235e-03   5.0954797e-05
  -3.4284269e-02  -3.8398393e-02  -6.8737078e-01   4.6909627e-05   3.1514825e-03  -5.6162103e-04
  -1.0691670e-02  -9.0911639e-02  -6.6041644e-01  -6.6019098e-04   2.7041889e-03  -1.0740366e-03
  -2.5813330e-02  -5.3151037e-02  -5.5879875e-01   1.9804981e-04   3.4446722e-03  -7.3104927e-04
  -3.0841658e-02  -3.8145077e-02  -5.9673065e-01  -1.2372515e-03   1.9906815e-03  -6.4200922e-04
  -1.4625387e-02  -7.8172056e-02  -5.7704440e-01  -2.5872251e-03   2.3704865e-03  -1.1645192e-03
  -1.5474292e-02  -6.1965330e-02  -5.4068275e-01  -8.4449066e-03   4.6048312e-03  -9.8090768e-04
  -6.2590851e-02  -5.6534018e-02  -4.4288141e-01  -1.8080263e-03   4.0891746e-03  -4.1234596e-04
   1.1290370e-03  -1.3788679e-01  -3.6509268e-01  -2.7647481e-03   5.2194162e-03  -8.9741978e-04
  -1.1205558e-01  -5.0056226e-02  -1.1726751e+00  -4.1424106e-03   2.7642318e-03  -3.6173090e-04
  -7.9722739e-02  -5.9247424e-02  -1.0781258e+00  -2.4334943e-03   3.1451190e-03  -6.9058773e-04
  -5.2685728e-02  -2.4926634e-02  -1.0657610e+00  -2.7418318e-03   3.1034829e-03  -7.4984726e-04
  -5.3911594e-02  -8.2930620e-02  -5.5756372e-01   3.1607920e-04   5.6925714e-03  -6.6754980e-04
  -3.8451903e-02  -4.7197533e-02  -7.4408243e-01  -8.5792829e-03   4.9303843e-03  -1.1771431e-03
  -5.4139637e-02  -7.3654055e-02  -6.1797195e-01  -2.3418451e-03   5.6410013e-03  -6.9438510e-04
  -4.5303143e-02  -5.8667387e-02  -6.6755478e-01  -3.2051946e-03   4.7485480e-03  -7.5088541e-04
  -7.5616504e-02  -9.7288370e-02  -5.0646351e-01   7.7813562e-03   6.7348706e-03   5.1309514e-04
  -6.3771790e-02  -9.3035521e-02  -9.5789390e-01  -5.0827697e-03   4.4567441e-03   4.0144682e-04
   3.3620449e-02  -8.3980681e-02  -3.5263528e-01  -2.2182561e-03   1.3311048e-03  -2.2505049e-03
   3.2345943e-02  -4.9452235e-02  -4.8980951e-01  -3.9771847e-03   7.1423525e-04  -2.1396872e-03
  -8.8824998e-02  -5.2070696e-02  -2.3890315e-01   4.0034041e-03   5.1698596e-03   8.0686255e-04
  -5.2986794e-02  -6.6667897e-02  -5.1728372e-01  -9.9299886e-04   6.1794649e-03  -7.1553366e-05
  -4.8793665e-02  -9.5420169e-02  -6.1324732e-01  -5.4730539e-03   6.5695050e-03  -2.0242539e-04
  -7.0930369e-02  -7.3469003e-02  -7.0298418e-01   2.0164170e-04   7.0498125e-03   1.2188317e-04
  -4.1259851e-02  -5.3066026e-02  -8.5350069e-01  -1.7654554e-03   6.3269595e-03  -6.4972380e-04
  -2.7254260e-02  -7.9083792e-02  -4.4940322e-01  -2.4945968e-03   9.1748762e-03  -1.3852380e-03
  -3.2223764e-02  -6.0817348e-02  -6.9949757e-01  -2.5195989e-03   8.1310508e-03  -1.3737060e-03
  -6.7606797e-02  -9.8606577e-02  -5.6383514e-01  -2.4729222e-03   9.8027546e-03  -4.8281772e-04
  -1.4760862e-02  -8.5746972e-02  -6.8234290e-01  -2.4822379e-03   8.7007316e-03  -1.0900392e-03
  -5.1442544e-02  -1.0229397e-01  -2.9611167e-01   5.4307250e-03   1.0073056e-02  -2.4006686e-04
  -6.0585471e-02  -6.9012714e-02  -7.6342604e-01  -1.2430877e-03   8.3777089e-03  -4.7964180e-04
  -5.8567030e-04  -1.1600699e-01  -7.7303662e-01  -4.6890115e-03   8.8447849e-03  -1.9355079e-03
  -6.6601559e-02  -3.7720257e-02  -5.5136314e-01   1.5543780e-03   8.8869123e-03  -3.2691209e-04
  -4.3518708e-03  -8.5522222e-02  -4.2546345e-01   3.2343412e-03   1.0084827e-02  -1.6516530e-03
  -5.8688482e-02  -6.4849565e-02  -6.8187337e-01  -5.8629926e-03   9.9308748e-03  -5.5886187e-04
  -2.3250921e-02  -7.5712606e-02  -7.0122175e-01   1.0332964e-03   1.0854982e-02  -6.6893104e-04
  -2.3565315e-02  -9.2739605e-02  -8.2763616e-01  -9.9948153e-04   9.6122916e-03  -1.0722312e-03
  -1.5981896e-02  -1.2925682e-01  -6.5518160e-01  -6.5784882e-03   1.0587411e-02  -1.1427163e-03
  -5.1564054e-02  -5.3145842e-02  -6.6438988e-01  -1.0962047e-03   8.5719405e-03  -6.4579580e-04
  -2.8011839e-02  -1.0318711e-01  -7.0091693e-01  -2.1619350e-03   8.3964586e-03  -9.9921078e-04
  -3.1544401e-03  -1.0947279e-01  -3.3453785e-01   1.0239801e-03   9.9191991e-03  -1.4455523e-03
  -2.0451098e-02  -7.0784145e-02  -5.3656529e-01  -1.5420837e-03   1.0000694e-02  -1.4743283e-03
  -2.3707970e-02  -1.0315802e-01  -5.8240627e-01  -1.7657898e-04   1.0178463e-02  -1.0212510e-03
  -1.6949904e-02  -1.0728758e-01  -7.0696350e-01  -9.9820548e-04   8.6327293e-03  -1.0422043e-03
   9.9948953e-03  -3.9245407e-02  -8.0675934e-01  -1.0604662e-03   4.3214956e-03  -2.1167742e-03
   1.1489197e-02  -1.0241560e-01  -8.1085199e-01  -8.3551864e-04   4.3250501e-03  -1.8705052e-03
  -1.3559006e-02   2.6365353e-02  -5.0141926e-01   2.9200668e-03   7.7942148e-03  -2.2460472e-03
  -6.9293162e-02  -9.4960762e-02  -1.1740235e+00  -4.4928202e-03   5.0121169e-03  -1.6101308e-03
  -3.0518933e-02  -6.6531061e-02  -1.1451215e+00  -2.9935836e-03   4.7458694e-03  -1.5449535e-03
  -1.0463726e-01  -7.1459586e-02  -6.0221338e-01   2.7679602e-03   5.6961045e-03  -1.0443095e-03
  -6.6576164e-02  -8.5478263e-02  -8.6438052e-01  -2.7544259e-03   4.6668936e-03  -1.4198384e-03
  -4.1561574e-02  -9.2521880e-02  -7.9576107e-01  -3.2889289e-03   5.5151918e-03  -1.9772659e-03
  -5.5027968e-02  -7.9176885e-02  -8.4053022e-01  -4.6689753e-03   4.4426543e-03  -8.1457377e-04
  -4.8567720e-02  -6.7742757e-02  -6.2366840e-01   3.2893852e-03   7.7462455e-03  -5.9571038e-04
   6.7732897e-03  -7.0145101e-02  -4.0026606e-01   1.5109197e-03   8.3407917e-03  -1.5177365e-03
  -5.4808744e-02  -5.4815877e-02  -1.0181521e+00  -1.3337735e-03   9.0487909e-03  -6.6568678e-04
  -3.4652419e-02  -8.9496279e-02  -1.0589427e+00  -2.4088634e-03   9.4356672e-03  -1.0979760e-03
  -4.1285656e-02  -6.2448156e-02  -5.0054721e-01  -3.0719006e-03   1.0627033e-02  -1.1858542e-03
  -5.6895053e-02  -7.8210610e-02  -9.0359316e-01   1.4685481e-03   9.1104726e-03  -7.6840086e-04
   1.0185739e-02  -1.2640573e-01  -5.7669841e-01   1.2458951e-03   1.0369388e-02  -2.1688918e-03
  -5.8286830e-02  -4.9989563e-02  -8.7063894e-01  -1.0423857e-03   9.1494119e-03  -6.2470870e-04
  -8.4444672e-02  -7.7690920e-02  -7.4376774e-01  -1.4778479e-03   5.1502888e-03  -6.2527940e-04
  -6.7866308e-02  -3.1859268e-02  -7.4533148e-01  -1.7388232e-03   5.7578385e-03  -4.4087762e-04
  -7.2287125e-02  -3.8608413e-02  -7.5198167e-01  -2.4403711e-03   6.1570090e-03  -5.7203443e-04
  -9.1100958e-02  -7.3982352e-02  -6.4231723e-01   8.0819476e-03   8.0738798e-03  -2.3273444e-05
  -6.2702429e-02  -9.9414082e-02  -9.0515742e-01   1.3097695e-03   7.4695769e-03  -2.4232461e-04
  -4.4194713e-02  -1.0150122e-01  -9.1430712e-01  -2.0524823e-03   6.2854710e-03  -4.6049366e-04
  -3.0798870e-02  -6.2182128e-02  -7.8373205e-01   6.1191587e-03   1.0542179e-02  -7.8782128e-04
  -6.0904451e-03  -6.4155988e-02  -9.2933627e-01  -1.4118235e-03   9.1701252e-03  -7.0921026e-04
   1.1959951e-02  -1.2042137e-01  -9.2263726e-01   3.1558474e-03   1.2349437e-02  -1.5882905e-03
   3.4490333e-03  -9.4364191e-02  -1.0463997e+00  -2.6059734e-04   1.0183214e-02  -1.4955440e-03
  -4.3594909e-03  -8.9702296e-02  -1.1055465e+00  -1.1528458e-03   9.2839698e-03  -1.2030560e-03
   1.5804784e-02  -8.4680848e-02  -1.1096384e+00  -9.9595722e-04   8.8279195e-03  -1.4366785e-03
   5.5892404e-03  -9.5389042e-02  -1.0598807e+00  -5.4111898e-03   8.5751162e-03  -9.2364619e-04
  -4.9567575e-02  -8.2952148e-02  -7.7694781e-01   1.1525227e-03   8.8081098e-03  -6.1492980e-04
  -3.2250382e-02  -8.4713923e-02  -8.7008974e-01   9.6125942e-04   7.6139818e-03  -4.5164501e-04
  -1.4289318e-02  -9.5594480e-02  -8.9648887e-01  -2.8880361e-04   8.5644028e-03  -6.6978531e-04
  -4.8482957e-02  -6.1451810e-02  -9.3347693e-01  -1.8177947e-04   8.0545737e-03  -3.2088614e-04
  -1.3499242e-02  -7.0864122e-02  -6.1910222e-01   2.1223549e-03   8.9614340e-03  -9.7082679e-04
  -3.4302301e-02  -6.4125916e-02  -9.6364889e-01   2.5450315e-03   8.6484284e-03  -1.1720502e-03
  -1.8739190e-02  -9.3823991e-02  -9.7521164e-01  -5.0480942e-04   8.0908626e-03  -1.4665534e-03
  -1.6500294e-02  -9.8061684e-02  -9.3976376e-01  -7.6275754e-04   7.7998057e-03  -1.9404054e-03
  -8.6481807e-02  -8.2771917e-02  -7.1776923e-01   8.9168683e-03   9.1085870e-03   1.8922048e-04
  -5.0526830e-02  -5.5196367e-02  -8.4634437e-01   4.1979193e-03   9.5298686e-03  -4.3133723e-04
  -5.0192361e-02  -6.7405952e-02  -1.0508609e+00   3.6738742e-03   8.4303510e-03  -4.5122518e-04
  -3.3892756e-02  -1.3747528e-01  -1.1005664e+00   2.8192625e-04   9.1499945e-03  -8.8460223e-04
  -3.0816515e-02  -5.7114205e-02  -1.1296094e+00   1.2697866e-03   9.0535567e-03  -8.1272699e-04
  -4.1318224e-02  -8.0696027e-02  -1.1159317e+00  -1.3575114e-05   8.5168348e-03  -4.8403198e-04
  -3.9887085e-02  -8.7169967e-02  -1.2166330e+00  -1.2569710e-03   8.0582047e-03  -7.1289244e-04
  -2.8405305e-02   2.3006389e-03  -1.0041169e+00  -4.4790047e-06   7.0336231e-03  -9.8322545e-04
  -7.0825375e-02  -5.3041843e-02  -1.0113030e+00   4.1432043e-04   7.2682102e-03  -5.4115069e-04
  -4.9056596e-02  -2.1198194e-02  -1.0002395e+00   8.2161498e-04   7.5075237e-03  -7.5889273e-04
  -5.0752138e-02  -6.4451062e-02  -9.5705530e-01  -4.8371696e-04   9.7192192e-03  -1.0047624e-03
  -1.0181388e-01  -1.3481144e-01  -1.5362386e+00   6.5564304e-04   7.1219381e-03   3.1653387e-04
  -3.5100503e-02  -9.2835321e-02  -1.2243837e+00   2.9612934e-03   5.5114625e-03  -3.4153346e-04
  -2.8924346e-02  -1.0832707e-01  -1.2234805e+00   2.6803355e-03   8.7975455e-03  -1.8890385e-03
  -5.2191224e-02  -4.7287283e-02  -9.8750846e-01   8.1222064e-03   7.5887146e-03  -1.7491195e-04
  -4.0301311e-02  -9.9111019e-02  -1.0950720e+00   1.6156189e-03   7.7510670e-03  -5.0221856e-04
  -5.6288014e-02  -3.4158992e-02  -9.3938475e-01   3.6436001e-03   8.0070003e-03  -3.9976950e-04
  -3.3023230e-02  -8.3052734e-02  -9.5993622e-01   3.5016474e-03   7.5077897e-03  -5.8042603e-04
  -4.8542248e-02  -6.4653473e-02  -1.0000595e+00   1.7573837e-03   7.4809701e-03  -6.6656421e-04
  -2.6245290e-02  -1.1157192e-01  -8.5408403e-01   6.1805776e-04   1.0618375e-02  -1.5654277e-03
  -6.6931759e-02  -4.9559082e-02  -9.1977586e-01   4.6976771e-03   7.6861818e-03  -1.1872980e-04
  -6.4123403e-02  -1.0644824e-01  -7.9186164e-01   8.4682804e-03   7.4994104e-03  -4.0483900e-04
  -3.9000849e-02  -3.6536236e-02  -1.0723192e+00   2.8936666e-03   7.1227853e-03  -8.0556980e-04
  -5.9231217e-02  -5.4019835e-02  -1.1936688e+00   1.2947545e-03   6.8552585e-03  -5.6524570e-04
  -9.7244784e-02  -7.1066567e-02  -1.0616240e+00   3.7054282e-03   8.6516010e-03  -7.2766120e-04
  -5.6992481e-02  -7.3744677e-02  -1.0808444e+00   2.9456988e-03   7.6256772e-03  -7.0698641e-04
  -5.6762255e-02  -9.0183203e-02  -1.1223519e+00   9.7400851e-04   7.3817137e-03  -7.4233687e-04
  -5.4670138e-02  -5.2301129e-02  -1.1406194e+00   8.3469505e-05   8.6224006e-03  -1.4653089e-03
   1.6061830e-02  -1.0795927e-01   9.6012517e-02   1.9446967e-03   1.1188446e-02  -8.6980440e-04
  -1.4212131e-02  -1.9742041e-01  -7.0544508e-01  -6.0723632e-03   8.6624739e-03   1.0906800e-03
  -5.7349931e-02   1.7047873e-02  -5.4157927e-01   5.3906484e-04   8.7961035e-03   1.6674797e-03
  -4.5608598e-02   4.5548998e-03  -5.6368342e-01  -6.0916446e-06   6.9311853e-03   1.2438083e-03
  -4.3150792e-02  -6.4679893e-02  -5.6272767e-01   4.4245900e-04   7.6563918e-03   7.0304612e-04
  -2.6948134e-02  -7.1333094e-02  -5.7415054e-01  -5.1909482e-04   7.9389565e-03   1.4261977e-04
  -4.4222861e-02  -5.6364090e-02  -5.1862769e-01   1.6739422e-04   8.7672301e-03   4.5994041e-04
  -3.8370926e-02  -5.5576208e-02  -5.6270858e-01  -1.0908753e-03   8.2955043e-03   2.8872879e-04
  -5.7905895e-02  -3.9157332e-02  -5.2673789e-01  -2.5395528e-04   8.1154051e-03   4.7554998e-04
  -1.9329184e-02  -7.4545006e-02  -5.6866410e-01  -2.3742502e-03   7.8632504e-03  -3.7419099e-04
  -5.6683182e-02  -1.9572438e-02  -2.6732509e-01   2.5824129e-03   7.2152576e-03  -6.2602436e-04
  -1.1098815e-01  -6.4998327e-02  -5.9002898e-01   4.6781165e-04   4.4116710e-03   4.8771861e-04
  -9.9161359e-02  -5.6045588e-02  -5.9704063e-01  -3.2486134e-04   4.9707404e-03   2.2802494e-04
  -1.0555495e-01  -8.9893211e-02  -6.9034085e-01  -9.8916486e-04   5.3494821e-03  -7.1471389e-05
  -1.1296014e-01  -6.6691688e-02  -6.7783091e-01  -1.5338470e-03   5.1455985e-03   2.9369979e-04
  -9.1818193e-02  -6.1622408e-02  -6.2631154e-01  -1.9893540e-04   6.5138938e-03  -6.2713619e-04
  -9.2633209e-02  -5.5563853e-02  -6.0811716e-01  -9.7552961e-05   4.4306193e-03  -2.3903199e-04
  -9.3243045e-02  -4.4510984e-02  -6.6015130e-01  -2.1235655e-03   4.6885951e-03  -3.2853979e-04
  -1.0289137e-01  -7.7194255e-02  -5.8346844e-01   2.7317550e-03   4.0369863e-03   1.5465530e-04
  -1.1403885e-01  -3.3636520e-02  -7.5170162e-01  -2.0314487e-03   4.1548274e-03   4.6682840e-04
  -1.0044535e-01  -7.8184817e-02  -5.6903935e-01   4.0053925e-04   4.0030229e-03  -1.8176898e-04
  -1.3624728e-01   2.1460993e-03  -6.9005896e-01   3.5583062e-03   5.9619182e-03   9.7039232e-04
  -1.4122572e-01  -8.5218113e-02  -1.7125609e+00   8.1171240e-03   6.1368361e-03   7.2677011e-04
  -1.6483865e-01  -1.7151526e-01  -1.9234305e+00   2.9847627e-03   5.1932259e-03   1.2169577e-03
  -1.1520461e-01  -1.2302261e-01  -1.6088576e+00  -3.9933350e-03   1.1986732e-02  -1.3175535e-03
  -2.6012832e-02  -2.2846057e-02  -9.3920767e-01  -1.9614638e-02   8.1766215e-03   1.2499557e-03
  -1.6589751e-01   2.3014142e-02  -1.1810190e+00  -3.7333247e-03   9.6550301e-03   2.1871459e-03
  -1.1215511e-01  -4.7291795e-02  -1.1103461e+00  -2.4892640e-03   6.7791181e-03   1.4477802e-03
  -7.8638273e-02  -5.6230867e-02  -7.0580081e-01   9.2243810e-04   7.0602199e-03   1.5356371e-03
  -9.5428918e-02   6.9803696e-03  -6.1032562e-01   2.9683319e-03   5.0819277e-03   1.7386927e-03
  -7.7264684e-02  -2.8974094e-02  -8.0560739e-01   5.9353575e-03   7.0338095e-03   2.0899686e-04
  -1.6110817e-01  -1.8358646e-01  -1.5439072e+00   5.7657920e-03   3.3960957e-03   1.1144772e-03
  -2.0696877e-01   1.1997427e-02  -1.8312195e+00   5.4267937e-03   2.7071073e-03   1.6644719e-03
  -9.3830491e-02   1.0215958e-01  -9.0449917e-01  -1.6345479e-02   8.0966352e-03   2.0834839e-03
  -1.2374082e-01  -3.8960052e-02  -8.7280784e-01   1.9850693e-03  -1.3041998e-03   2.8992869e-03
  -1.1052915e-01  -6.5753821e-02  -1.4841027e+00  -5.4608342e-03  -4.6589006e-03   1.3395223e-03
  -1.0297599e-01  -9.5104172e-03  -1.4339908e+00  -6.1229062e-03  -4.6491921e-03   7.9044886e-04
  -1.0021174e-01   2.8946618e-03  -1.3244554e+00  -7.4333492e-03  -1.5855401e-03  -5.9819317e-04
  -1.3922701e-01  -3.5677193e-02  -1.3853936e+00  -8.1016741e-03  -2.6162413e-03   8.9411323e-04
  -1.2579083e-01   8.4695614e-04  -1.3233872e+00  -7.7575049e-03  -1.7351737e-03   2.3630710e-04
  -1.3330658e-01  -2.0192586e-02  -1.3016296e+00  -8.4523914e-03   3.7330913e-04   6.3153969e-04
  -1.4993758e-01   3.3662792e-02  -1.1870022e+00  -7.2469087e-03  -1.2686902e-03   1.0804925e-03
  -1.4296688e-01  -3.5755396e-04  -1.2137869e+00  -7.9985483e-03   2.6771055e-04   7.5342090e-04
  -1.3755022e-01  -2.1266125e-03  -1.0939349e+00  -7.0897993e-03  -1.1925020e-04   5.8131641e-04
  -1.3916338e-01   3.5718036e-02  -9.7860807e-01  -5.0273760e-03   3.0959239e-03   6.1940374e-04
  -1.1426895e-01   2.8388988e-03  -9.6497099e-01  -2.1417852e-03   2.4663614e-03   9.0938693e-04
  -1.3973072e-01   6.7508680e-03  -9.6743305e-01  -3.8337779e-03   3.7447511e-03   1.1254154e-03
  -1.4476177e-01  -9.9019277e-03  -9.7691692e-01  -2.8788071e-03   2.6210917e-03   9.6404659e-04
  -1.1698755e-01   1.7577608e-02  -9.8250887e-01  -5.7574037e-03   3.5994783e-03   5.8016770e-04
  -1.1571050e-01  -4.8435868e-03  -9.7695240e-01  -3.9916997e-03   2.9774201e-03   4.0100192e-04
  -1.1313068e-01   3.5824265e-02  -9.3948830e-01  -3.2434126e-03   3.8596692e-03  -1.0109159e-05
  -7.3817859e-02  -7.8303708e-02  -7.7593142e-01  -1.2410412e-03   6.7398691e-03  -1.3976360e-03
  -1.2101618e-01   2.5962466e-03  -9.4713744e-01   7.6864143e-04   3.9830621e-03   9.5812523e-04
  -1.2260313e-01  -2.9861502e-02  -1.0127899e+00  -1.1965195e-03   3.9300680e-03   8.6442234e-04
  -1.1509970e-01   1.9503478e-02  -1.0223213e+00  -4.1064612e-04   4.1229850e-03  -1.9565381e-05
  -1.1393928e-01  -4.7388352e-03  -1.0604320e+00  -1.3399555e-03   3.6126611e-03   5.0408540e-04
  -9.7338708e-02   3.0557754e-02  -1.0345869e+00  -3.6207006e-03   4.0278180e-03   3.9812461e-05
  -1.0532415e-01  -2.7903570e-02  -9.8638917e-01  -1.4007730e-03   3.7027274e-03   1.5214284e-04
  -1.1107802e-01  -2.2071620e-02  -9.3318908e-01  -2.1498248e-03   4.1240411e-03  -2.3741746e-05
  -1.2071957e-01   2.8830740e-02  -9.1255317e-01  -2.7755251e-04   5.0744994e-03   6.9343058e-05
  -1.2912897e-01   3.3299493e-02  -1.0095511e+00  -1.1864387e-03   4.1758761e-03   6.3834385e-04
  -1.2027720e-01  -3.5432189e-02  -9.1888361e-01   3.6803073e-04   4.9651094e-03  -1.3899059e-04
  -9.1089651e-02  -9.7035606e-03  -1.0438350e+00   1.9330233e-03   3.3164877e-03   1.8299240e-04
  -8.6888890e-02  -4.3712556e-02  -1.0595876e+00  -1.4067104e-03   2.9600727e-03  -1.5030950e-04
  -8.6236271e-02  -1.0123800e-01  -9.5310622e-01  -1.0598283e-03   5.8321051e-03   9.2560019e-05
  -8.0104799e-02  -1.7159768e-02  -1.0459184e+00   1.2488827e-03   3.1207573e-03   2.4921381e-04
  -7.5647262e-02  -2.3967620e-02  -1.0779512e+00   1.8496059e-04   3.6193201e-03   4.8305022e-05
  -1.0414483e-01  -1.2467192e-01  -1.3630816e+00   1.3290604e-02   5.5020662e-03  -2.2511760e-04
  -1.3360341e-01  -1.2078525e-02  -1.6993116e+00   1.4020694e-03   2.6325558e-03   1.1220011e-05
  -1.1232014e-01  -5.1669874e-02  -1.6454370e+00   1.1850098e-03   2.5923471e-03  -8.9640530e-05
  -9.9425862e-02  -8.7044369e-02  -1.2226522e+00   8.7842897e-04   7.0078772e-03   2.0237782e-04
  -8.4783405e-02  -6.2591908e-03  -1.3052644e+00  -1.7403723e-03   5.9581080e-03  -6.9584114e-04
  -8.4243832e-02  -5.5421843e-02  -1.2548128e+00   9.7078246e-04   5.1881240e-03  -1.8823969e-04
  -7.5969639e-02  -2.3402475e-02  -1.3979458e+00  -2.9153827e-04   5.7059890e-03  -2.9277350e-04
  -8.8091251e-02  -4.8569669e-02  -1.3698328e+00  -6.2612794e-04   4.9664758e-03  -2.3748866e-04
  -9.1011177e-02  -1.8613713e-02  -1.2779753e+00   3.9044738e-04   5.4062982e-03  -2.7497846e-04
  -2.3868353e-02  -6.3434866e-02  -8.5038724e-01   6.2947270e-03   8.4201628e-03  -6.2689371e-04
  -4.6224763e-02  -9.1792376e-02  -8.6313239e-01   6.9641474e-03   7.4621171e-03  -5.8697353e-04
  -6.3693005e-02  -8.4165450e-02  -9.1328232e-01   8.2549500e-03   6.6338077e-03  -5.8738761e-05
  -1.9143534e-02  -8.4031080e-02  -9.2645002e-01   7.7871068e-03   7.9224272e-03  -7.7814119e-04
  -7.4569016e-02  -8.1200855e-02  -8.9039483e-01   1.0286334e-02   6.3942862e-03  -2.4508545e-04
  -4.3513141e-02  -7.0077279e-02  -9.0385133e-01   9.2222485e-03   5.2886436e-03  -3.6776567e-04
  -4.0558253e-02  -1.2027508e-01  -7.3957000e-01   9.5599776e-03   8.7230487e-03   4.2161207e-04
  -4.1429779e-02  -6.1254788e-02  -6.6337114e-01   1.1215113e-02   5.8322100e-03  -2.4016594e-04
  -2.0786714e-02  -1.1094911e-01  -6.4326704e-01   4.9455939e-03   7.4343718e-03  -6.9642122e-04
  -1.3629481e-02  -9.8035856e-02  -8.1068712e-01   8.4314452e-03   8.7597225e-03  -1.4274908e-03
  -5.3861724e-02  -3.5974151e-02  -7.1051074e-01   8.9975484e-03   7.2521599e-03   9.6463674e-05
  -1.0568730e-02  -1.8759720e-02  -4.4304389e-01   1.0899214e-02   6.0912728e-03  -7.3969114e-04
  -4.2076077e-02  -1.3742561e-01  -8.5569596e-01   1.1805735e-02   7.6746764e-03  -2.3504362e-04
  -1.8890210e-02  -9.3201204e-02  -8.2972592e-01   1.0280916e-02   7.5387748e-03  -1.1891215e-03
  -2.5218973e-02  -2.0593889e-02  -5.9147802e-01   6.4208955e-03   5.7173350e-03   1.4094887e-04
   3.3593456e-02  -1.9448123e-02  -3.6752040e-02   7.9755997e-03   6.4845903e-03  -1.3120152e-03
  -3.4153863e-02  -1.5592888e-01  -8.0364193e-01   1.2582248e-02   7.5029181e-03  -1.9284387e-03
  -1.1061464e-02  -8.7705121e-02  -7.5435572e-01   1.1146231e-02   5.8767882e-03  -8.1019230e-04
  -3.9892401e-02  -8.6681540e-02  -7.7215453e-01   1.1512154e-02   6.9152843e-03  -7.4175865e-04
  -2.3430560e-02  -5.2413155e-02  -6.0879162e-01   9.1879451e-03   7.0116133e-03  -9.5364230e-04
   3.9896479e-02   5.8281774e-02  -9.1980673e-02   7.0189431e-03   7.8312006e-03  -1.7567468e-03
   1.0405593e-02  -1.9152742e-02  -2.2152390e-01   1.9683435e-02   3.3980825e-03  -7.0207647e-04
  -3.5578687e-02  -8.9660422e-02  -6.9594121e-01   1.1429338e-02   4.8000823e-03  -1.2982335e-03
  -7.7100836e-02  -1.6415841e-02  -7.4597155e-01   1.0902242e-02   7.4935882e-03   3.5785443e-05
  -6.0737098e-02  -2.9057290e-02  -8.2160550e-01   1.0041204e-02   7.4587943e-03  -3.4351723e-04
  -3.3003530e-02  -2.2566042e-02  -6.6182316e-01   1.1692706e-02   7.5792126e-03  -3.8332396e-04
   3.7114484e-03  -1.7241695e-02  -4.2213314e-01   1.0125325e-02   7.4316301e-03  -1.1430208e-03
   3.6455408e-02   7.2970117e-02  -6.4615543e-02   7.2486773e-03   8.9754758e-03  -1.3335612e-03
   1.6400188e-02  -5.5309202e-02  -2.9056357e-01   1.8898738e-02   6.4900820e-03  -2.0505137e-03
  -3.3201481e-02  -9.3538396e-02  -7.9551315e-01   9.7343036e-03   6.1923118e-03  -6.9431946e-04
  -2.9831703e-02  -5.6896901e-02  -9.2769525e-01   1.4051624e-02   7.9063712e-03  -1.7376512e-03
  -7.3025247e-02  -5.9375035e-02  -7.0925633e-01   1.2771545e-02   8.6364996e-03  -5.0685154e-04
  -5.3744599e-02  -4.1063986e-02  -7.6545001e-01   9.7902206e-03   8.1217643e-03  -5.5204511e-04
  -6.6860273e-02  -3.7781557e-02  -8.2010736e-01   8.6639360e-03   8.7744814e-03  -3.4721809e-04
  -8.8164514e-02  -3.2766476e-02  -8.5797752e-01   1.4802417e-02   8.5480614e-03   3.6850493e-04
  -8.6804903e-02   4.7708878e-03  -7.3860612e-01   6.2361628e-03   1.0245850e-02   3.4177238e-04
  -9.6590869e-02   1.1997814e-02  -7.8752926e-01   7.4583188e-03   8.1458697e-03   3.3445715e-04
  -6.9775598e-02  -7.2788500e-03  -7.7409004e-01   3.6346018e-03   8.9650691e-03  -8.2716614e-04
  -8.7905963e-02  -3.7603235e-02  -9.0751237e-01   8.3157434e-03   6.6930505e-03  -2.5994212e-04
  -7.6110069e-02  -7.8498649e-02  -9.1358358e-01   7.8089116e-03   6.2424060e-03  -7.0041600e-04
  -6.2307053e-02  -5.1783832e-02  -8.9182271e-01   3.7722462e-03   7.6289069e-03  -8.3488111e-04
  -1.6291150e-01  -6.0817113e-02  -1.8032781e+00   3.5404248e-03   5.5011810e-03   9.4191265e-04
  -9.9337819e-02  -1.5325612e-01  -1.4578583e+00  -2.0669687e-03   6.7249293e-03  -1.4895804e-04
  -9.7211365e-02  -7.6112095e-02  -1.4218988e+00   7.4605022e-03   5.9432770e-03  -4.4385284e-04
  -2.3597870e-02  -7.1355929e-02  -1.3064949e+00  -4.1355853e-03   9.5365357e-03  -1.5805346e-03
  -1.4225256e-01  -5.7194141e-02  -1.3808159e+00   3.9677370e-03   8.3037305e-03   1.8221982e-04
  -1.1504590e-01  -1.2205531e-01  -1.4042228e+00   3.6424027e-03   8.3201815e-03  -1.3899447e-04
  -1.2030267e-01  -6.8198428e-02  -1.5627218e+00   1.1992847e-03   8.3249158e-03   2.1641320e-06
  -1.3737351e-01  -4.5306974e-02  -1.2529808e+00   3.8384465e-03   8.0100399e-03   1.3085286e-04
  -1.8436756e-01  -3.0530650e-02  -1.2532272e+00   4.1417120e-03   6.9747290e-03   9.8650120e-04
  -1.6290103e-01  -6.0139643e-02  -1.3802559e+00   4.5271294e-03   7.6567619e-03   2.5068652e-04
  -1.3451418e-01  -8.7651290e-02  -1.3579283e+00  -8.2524803e-04   8.3477809e-03  -5.0918051e-04
  -1.0088342e-01  -5.7364484e-02  -1.2403963e+00   3.7999454e-03   8.0064708e-03  -3.1355346e-04
  -1.2439577e-01  -6.5491796e-02  -1.2140814e+00   3.2202607e-03   6.8559226e-03  -2.0162757e-04
  -7.1091667e-02  -1.8373895e-02  -9.5063230e-01   4.6449874e-03   1.0162251e-02  -4.5957165e-04
  -6.9003808e-02  -2.1127331e-02  -1.2403958e+00   3.3325451e-03   8.6473997e-03  -7.1685528e-04
  -1.0023574e-01  -9.1904331e-02  -1.0979925e+00   1.3054246e-02   1.6051299e-02  -1.1425358e-04
  -7.5564996e-02  -5.6220795e-02  -1.1777614e+00   6.0161872e-03   1.2466305e-02  -5.8692704e-04
  -7.0407826e-02  -9.4986271e-02  -1.2844442e+00   7.1922768e-03   1.1392467e-02  -8.8607150e-04
  -4.4977776e-02  -7.9729391e-02  -9.1613297e-01   1.2334198e-02   1.7107208e-02  -9.6779303e-04
  -6.5950817e-02  -5.0278948e-02  -1.1139902e+00   1.1077366e-02   1.3831450e-02  -1.2163795e-03
  -7.3808349e-02  -1.0074990e-01  -1.1767942e+00   3.8754171e-03   1.5081515e-02  -1.9954411e-04
  -9.4577267e-02  -6.0158885e-02  -1.0638494e+00   7.4022351e-03   1.1322617e-02   1.4665053e-04
  -6.1204237e-02  -6.9960431e-02  -1.1400212e+00   5.3403318e-03   1.0985230e-02  -2.0551164e-04
  -8.3740643e-02  -5.9426668e-02  -1.1681942e+00   5.1469157e-03   1.2345095e-02  -5.5290867e-04
  -1.0014806e-01  -4.7422556e-02  -1.2176013e+00   3.4222163e-03   1.3321171e-02  -2.2110046e-04
  -1.7230316e-02  -4.4275285e-02  -9.1752678e-01   5.8970235e-03   1.6391506e-02  -4.9364843e-04
  -3.8525284e-02  -8.1064447e-02  -1.2286359e+00   5.3171666e-03   1.3870056e-02  -9.3553708e-04
  -3.1067389e-02  -8.9823158e-02  -1.2637017e+00   2.9017987e-03   1.5069283e-02  -1.6052281e-03
  -9.0851334e-02  -9.2876914e-02  -1.2126801e+00   2.7235583e-03   1.2068522e-02  -2.5361906e-04
  -7.9519703e-02   3.1807791e-03  -1.0657914e+00   3.3821983e-03   1.2828125e-02  -4.0502120e-04
  -7.8843772e-02  -7.8624848e-02  -1.1980065e+00   6.3792770e-03   1.1478958e-02  -5.1337969e-04
  -6.3620464e-02  -9.2048241e-02  -1.2672487e+00   5.3883299e-03   1.1486085e-02  -8.7798379e-04
  -6.0221451e-02  -7.6754706e-02  -1.2583900e+00   5.1919095e-03   1.1455077e-02  -1.2152356e-03
  -5.3386735e-02  -1.2794919e-02  -1.1817848e+00   2.6716632e-03   1.3184118e-02  -7.7271788e-04
  -8.3036295e-02  -7.0648531e-02  -1.2514396e+00   4.1396021e-03   1.1286207e-02  -1.1218508e-03
  -6.7718104e-02  -6.2542313e-02  -1.2058341e+00   4.9346871e-03   1.1246062e-02  -1.3922546e-03
   1.4185422e-03  -9.6975338e-02  -1.3092428e+00   1.8741011e-03   1.1699605e-02  -2.0759789e-03
  -7.0701925e-02  -1.0224351e-01  -1.0226541e+00   8.2661401e-03   1.0453662e-02  -8.4654473e-04
  -5.0869662e-02  -6.2067556e-02  -1.2334718e+00   3.7963278e-03   1.0375910e-02  -1.0372757e-03
  -6.6391275e-02   3.0943272e-02  -1.1921293e+00   1.5121376e-04   1.0568583e-02  -5.1812786e-04
  -8.4261067e-02  -3.9356784e-02  -1.3353416e+00   2.3151604e-03   9.1957320e-03  -4.0227845e-04
  -9.5262810e-02  -1.5481570e-01  -1.6868092e+00   1.3037983e-02   8.6436428e-03  -4.2629647e-04
  -9.2383843e-02  -4.4034334e-02  -1.7436426e+00   2.3860141e-03   7.7659926e-03  -5.2054147e-04
  -8.1666586e-02  -7.4978949e-02  -1.6051498e+00   3.8617528e-03   1.0188149e-02  -5.6010838e-04
  -7.6983190e-02  -3.9704378e-02  -1.6987215e+00   1.1301624e-03   8.6401918e-03  -9.5057477e-04
  -8.1715017e-02  -4.6899626e-02  -1.7053847e+00  -5.2044001e-04   8.1037957e-03  -8.4226265e-04
  -4.6759839e-02  -1.6566179e-01  -1.3037399e+00   7.1626144e-03   1.3122643e-02  -8.6959010e-04
  -7.9796415e-03  -7.4884286e-02  -1.3426317e+00   5.2161520e-03   1.2841862e-02  -5.2482579e-04
   2.3031030e-02  -8.6778886e-02  -1.3930624e+00   7.2242687e-04   1.4072008e-02  -1.7314285e-03
  -2.2938877e-02  -7.0730284e-02  -1.3471104e+00   8.3867092e-03   1.7803851e-02  -6.5144463e-04
   8.5372574e-04  -1.6621678e-01  -1.4652886e+00   6.4550002e-03   1.5904911e-02  -1.4571328e-03
  -1.0387506e-02  -8.8741782e-02  -1.1754954e+00   4.8126547e-03   1.4994437e-02  -7.2045190e-04
  -5.2083904e-02  -7.6081686e-02  -1.3419228e+00   3.4861017e-03   1.3550180e-02  -6.9696120e-04
  -4.5494039e-02  -5.1544044e-02  -1.2645587e+00   3.2118623e-03   1.3704235e-02  -6.2337106e-04
  -7.5010320e-02  -2.3732732e-02  -1.2631791e+00   3.1030488e-03   1.5724488e-02   5.1420849e-04
  -2.4915434e-02  -9.1171844e-02  -1.2713564e+00   4.1098223e-03   1.5440373e-02  -6.8909575e-04
  -3.1670432e-02  -7.9214219e-02  -1.2617801e+00   4.2136805e-03   1.6066433e-02  -8.5229272e-04
  -4.2189121e-02  -1.2827290e-01  -1.1616730e+00   5.8987998e-03   1.6669579e-02  -4.2040615e-05
  -3.3253807e-02  -8.4468119e-02  -1.2780454e+00   2.8406390e-03   1.3958517e-02  -5.5971518e-04
   8.2113460e-03  -5.6273209e-02  -1.1606945e+00  -6.5167985e-04   1.5375063e-02  -3.4526414e-04
  -6.0376197e-02  -4.5987168e-02  -1.1903152e+00   2.4541545e-03   1.4273858e-02  -4.8017655e-04
  -4.7971392e-02  -3.7444848e-02  -1.1270739e+00   4.0409715e-03   1.3257666e-02  -6.6743875e-04
  -4.7188307e-02  -8.6936018e-02  -1.2810663e+00   2.3361014e-03   1.3150990e-02  -9.3009432e-04
  -6.5102183e-02  -6.8664570e-02  -1.2756003e+00   2.1048594e-03   1.2470480e-02  -7.0825465e-04
  -5.3834801e-02  -6.4939413e-02  -1.3978053e+00   1.8040133e-03   1.2960913e-02  -6.3803925e-04
  -5.8975507e-02  -7.5401980e-02  -1.3724577e+00   1.3371770e-03   1.3142909e-02  -8.9824265e-04
  -1.6003376e-02  -1.2057714e-01  -1.4314147e+00   1.0876733e-03   1.2600198e-02  -1.6541773e-05
   1.1921032e-02  -1.4842398e-01  -1.4037439e+00   2.3541669e-05   1.2737404e-02  -8.9406167e-04
   3.1925387e-02  -1.6991133e-01  -1.4157273e+00   2.2979826e-03   8.5613388e-03  -1.6390495e-03
   4.1346835e-02  -1.7588584e-01  -1.4481955e+00   2.2335172e-03   8.9743970e-03  -1.3123503e-03
   2.3566129e-02  -2.0210540e-01  -1.4089455e+00   1.0511902e-03   9.4143201e-03  -1.4688543e-03
   4.8061419e-02  -1.5899509e-01  -1.2954326e+00   4.4794214e-03   1.2578509e-02  -9.3323161e-04
   2.2490364e-02  -1.6526102e-01  -1.2918587e+00   3.9493024e-03   1.1946841e-02  -8.6925948e-04
   1.3629246e-02  -1.1491912e-01  -1.2002660e+00   1.0170118e-03   1.2013517e-02  -3.9059705e-04
   2.7241217e-02  -1.4150134e-01  -1.2415817e+00   3.3538609e-03   1.2106771e-02  -9.2442265e-04
   7.1698184e-02  -1.6769174e-01  -1.1049045e+00   2.4366137e-03   1.4558502e-02  -8.6364905e-04
   6.1792730e-02  -1.4955881e-01  -1.2744650e+00   3.4523840e-03   1.3179831e-02  -1.1011489e-03
   6.3278556e-02  -1.7605239e-01  -1.1648837e+00   5.0160511e-03   1.4257881e-02  -7.8331613e-04
   4.9780748e-02  -1.5511328e-01  -1.4407462e+00   5.6349854e-03   1.2749419e-02  -1.0990613e-03
   5.2977467e-02  -1.4331210e-01  -1.5646763e+00   2.9967092e-03   1.1895768e-02  -1.3002574e-03
   5.7442537e-02  -1.5007391e-01  -1.5252105e+00   2.5641136e-03   1.1635164e-02  -1.2783945e-03
   3.8817470e-02  -1.8564802e-01  -1.5507363e+00   1.3095770e-03   1.0988685e-02  -1.0483169e-03
   1.1262141e-02  -1.7084623e-01  -1.6741167e+00   3.2948652e-03   1.1586404e-02  -8.2061062e-04
   1.5763179e-02  -1.8807252e-01  -1.5023891e+00   1.9486407e-03   1.3013900e-02  -6.1113738e-04
  -4.3625130e-02  -2.2369583e-01  -2.2279784e+00   1.6524914e-03   1.2822781e-02   9.7248702e-05
  -4.5005349e-03  -1.8200172e-01  -1.9964582e+00   3.1062576e-04   1.2519267e-02  -2.2642398e-04
   3.5916054e-02  -1.5227657e-01  -1.8218535e+00  -2.2825549e-03   1.3020785e-02  -8.6163513e-04
   3.2651235e-02  -1.6548481e-01  -1.6976083e+00   2.1017137e-03   1.2602350e-02  -1.0541475e-03
   4.5029706e-02  -2.0305582e-01  -1.7165352e+00   2.1465149e-03   1.2471562e-02  -1.2546291e-03
   5.7487557e-02  -1.6980622e-01  -1.5587169e+00  -3.6881336e-03   1.4509656e-02  -1.4644456e-03
   2.2585242e-03  -1.4060794e-01  -1.5317318e+00   4.6686854e-03   1.2181586e-02  -6.5609747e-04
   1.4732185e-02  -1.9351445e-01  -1.6057417e+00   2.2389469e-03   1.1933718e-02  -1.0873469e-03
   2.2301693e-02  -1.7175598e-01  -1.6069666e+00   3.3498764e-03   1.2166938e-02  -1.3536141e-03
   1.3275997e-02  -1.4510337e-01  -1.6510265e+00   1.9552047e-03   1.2222590e-02  -1.3461617e-03
  -4.8020581e-02  -1.2739126e-01  -1.3177816e+00   6.4381767e-03   1.4585706e-02   6.3223352e-04
  -4.4325674e-03  -1.5053039e-01  -1.5949131e+00   3.8007285e-03   1.3993288e-02  -2.9896858e-04
   5.2141048e-02  -2.2551006e-01  -1.7245549e+00   7.3035027e-03   1.0309197e-02  -1.9804761e-03
   1.1230203e-02  -1.7138445e-01  -1.8316618e+00  -1.4041423e-03   1.0174205e-02  -9.2854967e-04
  -8.1385246e-03  -1.3277281e-01  -1.6817403e+00   3.0899375e-03   1.1119689e-02  -5.5256382e-04
  -9.3252900e-03  -1.4683985e-01  -1.8175554e+00   1.2188882e-03   1.1051778e-02  -1.3926484e-03
  -2.8506086e-02  -1.3638849e-01  -1.7898117e+00   1.7644154e-03   1.0266549e-02  -8.3331778e-04
  -1.2926981e-02  -1.5935560e-01  -1.8124531e+00   9.0418592e-04   1.2182074e-02  -1.2480550e-03
  -7.4001390e-02  -1.2905306e-01  -1.7048574e+00   2.1418165e-03   1.1440744e-02   4.7426171e-04
  -4.0968244e-02  -1.3388308e-01  -1.7421334e+00   1.0207504e-03   1.1322720e-02  -6.2474399e-05
  -2.9580128e-02  -1.2086690e-01  -1.7702325e+00   2.7993120e-04   1.1383150e-02  -5.7652248e-04
  -3.8632624e-02  -1.3987897e-01  -1.5241064e+00   7.6448976e-04   1.4384831e-02   5.0958019e-04
  -5.2714002e-03  -1.3710572e-01  -1.7234953e+00   4.3433746e-03   1.2381315e-02  -5.9222847e-04
  -1.0278866e-03  -1.8195536e-01  -1.7711993e+00   5.2945661e-03   1.1502712e-02  -8.6838894e-04
  -1.3242070e-02  -2.2230663e-01  -1.8246381e+00   3.6799919e-03   1.2128228e-02  -6.5294500e-04
  -5.6342791e-02  -1.2928444e-01  -1.6818640e+00   5.1490123e-03   1.2342828e-02   4.3694713e-05
   1.6098163e-02  -1.4997011e-01  -1.6351357e+00   1.1274140e-03   1.3584507e-02  -4.1466466e-04
  -2.6109137e-02  -1.2980343e-01  -1.8051094e+00   5.0446642e-03   1.2689025e-02  -8.4289336e-04
  -1.4118241e-02  -1.5121817e-01  -1.5668306e+00   6.2565997e-03   1.3567872e-02  -3.1324829e-04
  -6.1941840e-02  -1.5753079e-01  -1.8248482e+00   3.2280275e-03   1.1074277e-02  -2.1313940e-04
  -2.6263615e-02  -1.6349377e-01  -1.8631240e+00   2.6840950e-03   9.7242028e-03  -8.6594866e-04
  -1.5306038e-02  -1.1050450e-01  -1.8937921e+00  -1.0753048e-04   1.0451041e-02  -8.1587227e-04
  -9.2990840e-02  -8.9082008e-02  -1.9686782e+00   6.6135383e-04   1.1478539e-02   4.5470146e-04
  -6.4858197e-02  -1.3180415e-01  -1.8855813e+00   2.2529263e-03   1.0740306e-02   2.4665968e-04
  -7.2940175e-02  -9.5558078e-02  -1.9083279e+00   1.8817147e-03   1.1097976e-02   1.2434890e-04
  -8.8881537e-02  -1.0051984e-01  -1.9558137e+00  -3.1657814e-04   1.0657556e-02   5.1682896e-04
  -7.5662946e-02  -1.4095561e-01  -1.9021647e+00   2.2021142e-03   1.0245575e-02   2.1399582e-04
  -7.8444134e-02  -1.1593158e-01  -1.9183895e+00   1.8218593e-03   1.0622640e-02   3.4857813e-05
  -5.4613275e-02  -1.1397402e-01  -1.9374517e+00   9.8921155e-04   9.4170324e-03  -2.0808064e-04
  -4.0366583e-02  -1.2540739e-01  -1.9889032e+00  -2.9870926e-04   7.5624566e-03  -6.5566982e-04
  -8.6340594e-02  -7.0396594e-02  -1.9492741e+00   4.8212592e-04   9.8672518e-03   5.8238915e-04
  -8.1914636e-02  -1.3318916e-01  -1.8928214e+00   2.8288109e-03   1.0497346e-02   7.7591298e-06
  -6.8979460e-02  -8.9041567e-02  -1.8965362e+00   2.4413771e-03   1.0348573e-02   1.5810435e-04
  -7.4835418e-02  -1.4328544e-01  -1.8690441e+00   3.4752675e-03   9.7775275e-03  -6.4960223e-05
  -5.3052176e-02  -1.3549761e-01  -1.9147813e+00   2.5349373e-03   9.3917850e-03  -1.9263216e-04
  -5.4824493e-02  -1.3355109e-01  -1.8180805e+00   2.7846093e-03   1.1815203e-02  -5.1377106e-04
  -4.1678502e-02  -1.7626069e-01  -1.8826818e+00   5.1730081e-03   1.2670672e-02  -2.8570189e-04
  -2.8130789e-02  -1.3988614e-01  -2.0119122e+00   2.2353929e-03   1.2118416e-02  -3.6909070e-04
  -3.0967176e-02  -1.7432513e-01  -1.7342222e+00   1.9418632e-02   1.1606791e-02  -1.1356792e-03
  -7.0304718e-02  -1.6525754e-01  -2.2558617e+00  -8.5617084e-05   1.2739023e-02  -5.3056114e-05
  -4.2049929e-02  -1.8765520e-01  -2.1125793e+00   3.0374661e-03   1.2102302e-02  -6.8348072e-05
  -8.6656851e-02  -9.4004884e-02  -1.6017067e+00   3.7745099e-03   1.2353692e-02   4.4787982e-04
  -7.6911282e-02  -1.7720109e-01  -1.8838349e+00   7.2016996e-04   1.1450857e-02   3.0367437e-04
  -5.6514839e-02  -1.5326042e-01  -1.7888669e+00  -4.3747027e-06   1.1310297e-02   2.9384030e-04
  -5.3473837e-02  -1.3947702e-01  -1.8565015e+00  -5.2258833e-04   1.1137063e-02   2.4700332e-04
  -5.8233420e-02  -1.7312834e-01  -1.8277200e+00   6.5580346e-04   1.3697160e-02  -3.0897385e-05
  -3.2520510e-02  -1.4190780e-01  -1.8436703e+00   7.7448181e-04   1.2943596e-02  -1.0016496e-03
  -3.5507015e-02  -1.5418248e-01  -1.8495033e+00   1.0170197e-03   1.2343340e-02  -1.6586246e-04
  -2.7748717e-02  -1.3390785e-01  -1.8190419e+00   4.3749362e-04   1.2098174e-02  -5.0884688e-04
  -8.3792267e-02  -1.4921116e-01  -1.4058068e+00   1.0443072e-02   1.3545443e-02   6.2950786e-04
  -7.1338308e-02  -1.4085859e-01  -1.8669636e+00   2.9639989e-03   1.3649650e-02  -5.8760629e-04
  -5.8017605e-02  -1.3160355e-01  -1.8626151e+00   2.1990765e-03   1.2686191e-02  -5.3983649e-04
  -5.7367223e-02  -2.1418968e-01  -1.7090914e+00   7.3907558e-03   1.3932092e-02   9.6033369e-05
  -2.7071743e-02  -1.5809615e-01  -1.9203268e+00   2.3271192e-03   1.1106727e-02  -7.1047623e-04
  -5.7016514e-03  -1.7327000e-01  -1.9072976e+00   2.5609856e-03   1.1803191e-02  -1.2847526e-03
  -1.2869469e-02  -1.5891663e-01  -1.9422310e+00   2.7276383e-03   1.3695188e-02  -2.1498252e-03
  -1.1804030e-01  -1.3673777e-01  -1.6850165e+00   5.9925537e-03   1.3158477e-02   1.1667298e-03
  -7.7158671e-02  -1.2878921e-01  -1.8604022e+00   1.8312178e-03   1.3785202e-02   5.2645071e-04
  -6.8571938e-02  -1.5210881e-01  -1.8785591e+00   1.3218991e-03   1.4112623e-02   3.5626114e-04
  -6.2709882e-02  -1.5716548e-01  -1.9194331e+00   1.0208704e-03   1.4172609e-02  -1.5018646e-04
  -8.8410625e-02  -1.7084103e-01  -1.6462402e+00   7.4980499e-03   1.5440869e-02   9.7097781e-04
  -2.6386285e-02  -2.2180282e-01  -1.8725009e+00  -2.7057220e-04   1.3488112e-02  -4.4824202e-04
  -4.9366015e-02  -8.5900116e-02  -1.6897825e+00   4.6200203e-03   1.3212231e-02   2.9296814e-04
  -3.1145890e-02  -1.3342158e-01  -1.8601884e+00   2.1115308e-03   1.2903660e-02  -6.5342288e-04
  -3.3941293e-02  -1.4722063e-01  -1.9304391e+00   1.0363857e-03   1.3006321e-02  -7.6914266e-04
  -4.6617412e-02  -1.5458256e-01  -1.9136157e+00   1.5293863e-03   1.3014354e-02  -4.0903693e-04
  -4.3978285e-02  -1.4582551e-01  -1.9559537e+00   6.9913555e-04   1.2454752e-02  -1.1545219e-04
  -6.8448510e-02  -2.2051004e-01  -1.9440774e+00  -2.4731669e-03   1.3232893e-02   9.0462255e-05
  -8.7167160e-02  -1.2417640e-01  -1.7415688e+00   1.2978948e-03   1.4681097e-02   1.1023637e-03
  -8.2543005e-02  -1.1553039e-01  -1.8995222e+00   2.0341037e-03   1.4383421e-02   6.2115695e-04
  -6.0151270e-02  -1.7575782e-01  -1.8286843e+00  -1.5357597e-03   1.5458820e-02  -1.3749976e-05
  -3.5860742e-02  -1.4985887e-01  -1.8811578e+00   2.3768201e-03   1.2703438e-02  -2.9690761e-04
  -2.2008769e-02  -1.4275382e-01  -1.9460624e+00   4.0898525e-03   1.3855191e-02  -1.1385790e-03
  -5.1104624e-02  -1.2384849e-01  -2.0218291e+00   2.6888760e-03   1.2299633e-02  -5.2285640e-04
  -7.4081248e-02  -1.5859901e-01  -1.9559305e+00   6.0289675e-04   1.4298426e-02  -3.2674456e-04
  -1.6996688e-02  -1.8239580e-01  -1.8629313e+00   3.0095330e-03   1.3121843e-02  -7.1548195e-04
  -9.3248396e-03  -1.5096614e-01  -1.9135296e+00   2.2104775e-03   1.3210191e-02  -7.1614036e-04
  -7.3525177e-04  -1.3144956e-01  -1.9282785e+00   2.7036755e-03   1.2900077e-02  -1.1067826e-03
   1.1138838e-03  -1.6794760e-01  -1.9433045e+00   1.1056133e-03   1.3517558e-02  -1.2666061e-03
   3.3399816e-03  -1.7235599e-01  -1.9297564e+00   1.4003012e-03   1.4041748e-02  -1.3823377e-03
  -1.3167003e-02  -1.5265287e-01  -1.9207898e+00   2.9830952e-03   1.3456613e-02  -5.6173159e-04
   3.5125850e-03  -1.0963391e-01  -1.2160502e+00  -1.1328679e-02   1.1030414e-02  -1.9175061e-03
  -4.5558231e-02  -1.4541311e-01  -1.3339170e+00  -2.3969574e-03   7.8620189e-03  -8.0562383e-04
  -7.4643094e-02  -1.4526511e-01  -1.7101686e+00  -1.7130042e-04   1.0554535e-02   1.5959792e-03
  -9.3716690e-02  -8.4337029e-02  -1.8943975e+00  -2.1045940e-03   8.2424181e-03   1.4488972e-03
  -6.5713223e-02  -7.9239827e-02  -1.8046543e+00  -4.6905888e-03   1.1107735e-02   3.9858925e-04
  -4.3250250e-02  -1.2607063e-01  -1.7910014e+00  -1.8958262e-03   8.1644357e-03   7.4365992e-04
  -1.8851453e-02  -1.3868128e-01  -1.7335747e+00  -1.3605643e-03   8.9791510e-03   1.1863408e-04
  -3.1150317e-02  -1.4670617e-01  -1.7434962e+00  -4.5423469e-03   8.8635874e-03  -3.9426782e-05
  -7.6055489e-02  -1.3037635e-01  -1.3734573e+00  -3.4295723e-03   1.2041918e-02   3.7690531e-04
   4.5126267e-02  -2.1305649e-01  -9.2240951e-01  -9.2102317e-03   3.8550283e-03  -3.6874425e-03
   4.5548736e-02  -1.3910309e-01  -7.6818685e-01  -5.2293850e-03   9.8357144e-04  -2.0221972e-03
   1.1736288e-02  -6.2882447e-02  -5.5110225e-01  -5.8111567e-04   4.0640150e-03  -1.1704315e-03
   3.2576217e-03  -4.1480577e-02  -5.8542475e-01   5.1375778e-04   3.0846514e-03  -1.2236528e-03
   5.9419444e-03  -1.0963884e-01  -5.6366622e-01   1.0209208e-03   3.5134276e-03  -1.3462964e-03
  -1.3114549e-03  -5.7187409e-02  -5.7850691e-01   1.2318679e-03   3.5807447e-03  -1.4436786e-03
   9.7039028e-03  -7.9836027e-02  -8.3618016e-01   4.1292340e-03   5.6944851e-03  -1.6847171e-03
  -1.0475924e-02  -9.5548136e-02  -8.9440438e-01   1.3744292e-03   6.4296785e-03  -9.5514298e-04
  -1.1342543e-02  -1.1654840e-01  -9.4301407e-01   1.1599794e-03   6.3891802e-03  -1.1032423e-03
   2.6276316e-02  -1.2224390e-01  -9.0243777e-01  -1.1289934e-02   1.0013821e-02  -5.7510060e-04
  -9.9360872e-02  -7.1047739e-02  -1.0057149e+00  -5.1506861e-03   8.8159111e-03   1.2053029e-03
  -1.3257704e-01  -1.5253862e-01  -1.3434229e+00  -7.1041570e-04   6.5363735e-03   8.7506708e-04
  -3.4280205e-02  -2.1773983e-01  -1.3927662e+00  -1.3354207e-02   4.7995764e-03  -1.5078088e-04
  -3.7428769e-02  -3.3137478e-02  -6.7815000e-01  -8.0699883e-03   1.5139225e-02   1.8139597e-03
  -7.1508518e-02  -7.2384747e-02  -6.8676029e-01  -5.1043366e-03   1.0339547e-02   2.6782689e-03
  -5.3624357e-02  -7.8856464e-02  -6.6414679e-01  -4.2022593e-03   8.7740328e-03   2.0939736e-03
  -4.1515969e-02  -6.8295314e-02  -7.3205492e-01  -4.0735629e-03   1.1493994e-02  -1.5794809e-04
  -1.4270596e-01  -6.0275939e-02  -1.3952406e+00  -2.4844169e-03   1.0135152e-02   2.3748072e-03
  -1.0549992e-01  -9.6107549e-02  -1.3677030e+00  -3.1879311e-03   8.0330137e-03   1.9491667e-03
  -9.9858216e-02  -7.1077932e-02  -1.3590480e+00  -2.5046278e-03   1.2308246e-02   1.3499709e-03
  -9.7678668e-02  -8.2079992e-02  -1.4888663e+00  -3.6088838e-03   1.0405633e-02   1.5068285e-03
  -7.6141821e-02  -1.3291054e-01  -1.3834728e+00  -2.4062398e-03   1.2296423e-02   5.0519396e-04
  -9.1408365e-02  -3.7647482e-02  -1.1275055e+00  -1.1291764e-02   1.2153129e-02   1.8569124e-03
  -1.2677925e-03  -1.8279090e-01  -9.5778381e-01  -6.0104719e-03  -4.0708017e-04  -2.2843749e-03
  -1.1212813e-02  -1.6985228e-01  -4.3241298e-01  -1.0903388e-02   1.3727301e-02   3.6855093e-04
  -8.1591777e-02  -1.0439374e-01  -4.5970150e-01  -7.1290991e-04   1.5481042e-02   1.1672222e-03
  -1.0759536e-01  -1.0079746e-01  -8.5739838e-01  -2.5267124e-03   1.0956913e-02   2.5447485e-03
  -1.1714280e-01  -1.0277051e-01  -8.8622590e-01  -2.5703137e-03   9.4032654e-03   2.6425765e-03
  -1.3542944e-01  -1.1172501e-01  -9.4922963e-01   2.9665669e-04   8.9706930e-03   2.1492455e-03
  -1.1869668e-01  -1.4252882e-01  -1.0934624e+00  -2.4598830e-03   7.9267092e-03   2.0045373e-03
  -1.0936954e-01  -1.4160751e-01  -1.1524332e+00   9.0238653e-05   8.9927866e-03   1.2299581e-03
  -1.0388402e-01  -1.0371305e-01  -1.2270378e+00  -3.7793984e-03   7.9339187e-03   1.3066960e-03
  -1.0620866e-01  -9.5321148e-02  -1.2348777e+00  -1.9797946e-03   9.1652293e-03   1.1502004e-03
  -9.8209393e-02  -1.3808541e-01  -1.1272976e+00  -1.9201691e-03   9.1687778e-03   1.1567485e-03
  -1.0583231e-01  -1.2992584e-01  -1.1893471e+00  -3.1977581e-03   8.7983447e-03   1.3131172e-03
  -1.1614551e-01  -1.0697263e-01  -1.2893520e+00  -5.6341013e-03   9.6952870e-03   1.5638862e-03
  -1.4390538e-01  -1.1058025e-01  -1.0512176e+00  -1.0206848e-03   9.7228069e-03   2.3723698e-03
  -1.0380393e-01  -8.9979581e-02  -1.1811938e+00  -1.3354315e-03   9.4329253e-03   1.2400870e-03
  -1.1635692e-01  -1.2365924e-01  -1.2740557e+00  -1.0007718e-03   1.0072764e-02   1.2516056e-03
  -1.0775318e-01  -4.2687103e-02  -1.1288218e+00   1.8935552e-03   9.0562223e-03   7.3772501e-04
  -8.5526083e-02  -1.0186308e-01  -1.3584402e+00  -2.1637328e-03   8.9005052e-03   8.2262523e-04
  -1.0039320e-01  -7.8080251e-02  -1.4095136e+00  -2.8724814e-03   8.1711719e-03   9.0380161e-04
  -9.6049326e-02  -1.1831854e-01  -1.4113980e+00  -2.6490255e-03   8.8983962e-03   1.0323151e-03
  -3.7462242e-02  -1.0945620e-01  -1.1634355e+00   1.5252850e-03   1.0514403e-02  -3.4472432e-04
  -9.7849925e-02  -1.1215816e-01  -1.6273965e+00   2.3012324e-04   7.6919970e-03   8.4246840e-04
  -1.0239568e-01  -1.3148156e-01  -1.6071791e+00  -2.1483262e-03   8.0381119e-03   6.8479304e-04
  -6.9979898e-02  -1.5090760e-01  -1.4429629e+00  -5.8197067e-03   5.3459875e-03  -1.9194094e-04
  -7.9043964e-02  -5.9807160e-02  -1.1066828e+00  -2.4219668e-04   3.5658427e-03   2.7982646e-04
  -6.8314481e-02  -9.8756722e-02  -1.1670844e+00  -1.1727516e-03   4.3405254e-03   7.0537971e-04
  -7.3601065e-02  -1.0137089e-01  -1.1972494e+00  -8.4960376e-04   3.6498951e-03   8.0340150e-04
  -6.2107336e-02  -1.1157432e-01  -1.1911215e+00  -9.7263449e-04   4.9411448e-03  -8.5288103e-06
  -6.6378522e-02  -1.0332234e-01  -1.2320435e+00  -1.4135170e-03   4.3228547e-03   4.6359791e-04
  -5.3518556e-02  -7.7919195e-02  -1.2434684e+00  -4.3328766e-03   7.1325374e-03  -8.6514256e-04
  -1.0867306e-01  -8.4703589e-02  -1.2034168e+00  -2.4110148e-04   8.3344817e-03   4.8383211e-04
  -7.4435751e-02  -8.2328144e-02  -1.7196239e+00  -4.2201665e-03   5.1484901e-03   1.6571642e-04
  -6.1582559e-02  -1.1225301e-01  -1.6583224e+00  -1.9265287e-03   4.5573434e-03  -5.8096335e-04
  -6.4212241e-02  -7.4718175e-02  -1.6467213e+00  -2.8694116e-03   4.2942328e-03  -8.1135173e-05
  -4.2208547e-02  -1.6112769e-01  -1.8655970e+00  -8.6976575e-03   6.2441575e-03  -1.5187262e-03
  -1.4250105e-01   3.9950143e-03  -1.9663563e+00  -5.7282400e-03   8.0281607e-03   5.3004141e-04
  -1.3358043e-01  -1.1746065e-01  -1.8807010e+00  -1.3818673e-03   7.3613258e-03   1.2209299e-03
  -1.1575638e-01  -1.4090076e-01  -1.8993768e+00  -4.3270097e-03   9.1394891e-03   9.5065946e-06
  -1.3777836e-01  -1.5623882e-01  -2.6206091e+00  -3.8633060e-03   7.1884343e-03   1.9967627e-03
  -1.2634565e-01  -1.7758744e-01  -1.6973878e+00   3.9855939e-03   1.0676161e-02   2.3303886e-03
  -1.0223922e-01  -1.0435384e-01  -1.9145462e+00  -2.0489395e-03   1.0012027e-02   2.0195904e-03
  -9.4899416e-02  -1.4057424e-01  -1.9713447e+00  -2.6847734e-03   9.3842158e-03   1.7631669e-03
  -7.1325209e-02  -1.3402584e-01  -2.0810530e+00  -1.1008648e-03   1.0200111e-02   1.0458630e-03
  -1.1184492e-01  -1.2370517e-01  -2.0304195e+00  -7.2907704e-04   1.1794608e-02   7.8721246e-04
  -8.7803275e-02  -1.3522324e-01  -2.0553122e+00  -3.7889655e-03   1.1090468e-02   1.0687762e-03
  -5.5160963e-02  -1.6060778e-01  -2.0498071e+00  -3.1798693e-03   9.5946744e-03   9.8744789e-05
  -8.8803220e-02  -1.5331201e-01  -2.0863202e+00  -1.6343370e-03   9.3006007e-03   1.0088072e-03
  -7.2331504e-02  -1.1662603e-01  -2.1265956e+00  -3.2868138e-03   9.1082406e-03   6.9629833e-04
  -5.5533924e-02  -1.5046110e-01  -2.1247670e+00  -3.8277093e-03   9.9437754e-03   5.6888193e-04
  -7.1783837e-02  -1.4283330e-01  -2.0358794e+00  -3.4815465e-03   9.4656529e-03   4.0674947e-04
  -9.6709136e-02  -1.3835214e-01  -1.9213211e+00   6.2756033e-04   9.6590735e-03   1.3453687e-03
  -5.5755207e-02  -1.1368062e-01  -2.0120683e+00  -3.8431094e-03   1.0554183e-02   1.9213202e-04
  -8.8624806e-02  -1.1872960e-01  -1.8932545e+00  -4.9039140e-04   9.8151042e-03   1.3563306e-03
  -8.1697576e-02  -9.8836634e-02  -1.9439195e+00  -1.7220691e-03   9.5792426e-03   8.9593129e-04
  -5.6486700e-02  -9.9484765e-02  -1.9280090e+00  -3.0638710e-03   9.7263907e-03   4.3298105e-04
   3.4727296e-02  -1.3700235e-01  -2.3511783e+00  -3.9786365e-03   4.5019040e-03  -1.9033650e-03
   3.2693574e-02  -1.4662540e-01  -2.2770510e+00  -3.4483224e-03   3.9130685e-03  -1.8791632e-03
   2.5549525e-02  -1.4064835e-01  -2.2908646e+00  -3.4251925e-03   3.6608328e-03  -2.0165347e-03
   2.1014299e-02  -1.8184452e-01  -2.3327618e+00  -5.4073496e-03   6.5680643e-03  -2.0241444e-03
  -4.0321988e-02  -1.6387341e-01  -2.3034621e+00  -2.7784339e-03   6.8985369e-03  -2.6197142e-04
  -1.3695637e-02  -1.8943149e-01  -2.3716800e+00  -5.0230530e-03   7.1870405e-03  -1.4579727e-03
  -4.5925933e-02  -1.2574533e-01  -2.3325984e+00  -3.7855599e-03   7.4608342e-03  -3.7133996e-04
  -2.7823434e-02  -7.8439421e-02  -2.0814306e+00  -3.7725260e-03   9.0453574e-03  -3.7329928e-04
   1.7819336e-03  -1.1532882e-01  -2.0091180e+00   1.2007103e-04   9.4311878e-03  -1.0846105e-03
  -2.3654095e-02  -1.1753399e-01  -2.2908338e+00  -3.6280803e-03   8.6469056e-03  -4.8056069e-04
  -2.8997292e-02  -1.4999534e-01  -2.1505006e+00   3.9221693e-03   9.6787260e-03  -7.1077737e-04
   1.0574238e-04  -1.5898090e-01  -2.4024837e+00   2.8960051e-04   9.0491641e-03  -8.2760600e-04
   1.8030020e-02  -1.9875580e-01  -2.3629093e+00   5.8473182e-04   8.9810796e-03  -1.1571273e-03
  -3.1841814e-02  -1.9694443e-01  -2.2899088e+00  -3.5273870e-03   8.1992877e-03  -7.4501661e-04
   1.9517406e-02  -1.1950068e-01  -1.7749090e+00   1.3089695e-04   5.1675822e-03  -2.3813397e-03
  -6.7431963e-02  -1.3383669e-01  -1.7854839e+00  -2.2557496e-03   6.2585162e-03   8.1899867e-04
  -7.2023318e-02  -1.0493376e-01  -1.7911200e+00  -2.0648910e-03   5.2721866e-03   7.5399280e-04
  -5.0870750e-02  -1.5951205e-01  -2.0565731e+00  -1.8617310e-03   6.5211525e-03  -2.0438578e-04
  -2.5861185e-02  -1.6552334e-01  -2.1151702e+00   4.4248758e-04   6.5952114e-03  -2.9377386e-04
  -4.0984358e-02  -1.0760724e-01  -1.9808206e+00  -2.8118523e-03   7.9371627e-03  -4.5191129e-04
   4.6803466e-02  -1.2962499e-01  -1.9922715e+00   4.6179604e-03   7.9296962e-03  -1.5645595e-03
   2.6012075e-02  -1.2223951e-01  -2.0570374e+00   2.5600533e-03   6.6224569e-03  -7.6588647e-04
   2.5865379e-02  -1.2201843e-01  -2.1387022e+00  -3.2283635e-03   9.5201119e-03  -1.5983107e-03
  -3.7319255e-02  -8.6335562e-02  -2.2974463e+00  -3.6775552e-03   7.2438595e-03  -1.2731721e-04
  -2.0379579e-02  -1.8994292e-01  -2.2439092e+00  -8.3989898e-04   6.8586011e-03  -6.0742055e-04
  -7.3998914e-03  -1.1703234e-01  -2.2248268e+00  -5.7775190e-03   8.4549014e-03  -1.0802538e-03
   2.6715137e-03  -8.4643339e-02  -1.7876710e+00  -4.7070481e-03   6.7526398e-03  -1.6596714e-03
  -7.8929485e-02  -1.5887653e-02  -1.7722350e+00  -2.3601478e-03   1.1682956e-02   1.6770004e-03
  -3.5803603e-02  -1.4943805e-01  -1.9800614e+00   1.7200695e-04   9.5736751e-03   1.3022378e-04
  -9.1345046e-02  -1.6581189e-01  -2.7566693e+00   4.8346746e-03   8.4963423e-03   1.6270318e-03
  -6.7180868e-02  -1.4857552e-01  -2.8148481e+00  -2.2673232e-03   7.8073687e-03   7.0364100e-04
  -8.3360297e-03  -1.2503334e-01  -2.5884557e+00  -6.0346571e-03   1.0394899e-02  -1.7577848e-05
   5.9278102e-03  -1.0124618e-01  -2.5775775e+00  -8.3293762e-04   1.0706979e-02  -7.7194188e-04
  -3.4884064e-02  -1.5607181e-01  -2.5000971e+00  -1.8352361e-03   1.1185948e-02  -2.2038612e-04
  -1.0999664e-02  -1.6258591e-01  -2.5475895e+00  -5.0787460e-03   1.1932479e-02  -1.5310863e-03
  -4.9018687e-03  -1.1379145e-01  -2.3577642e+00   7.8591190e-04   1.1279129e-02  -5.7868269e-04
  -4.0181137e-02  -6.2801773e-02  -2.4789232e+00  -1.9685021e-03   1.0843953e-02  -2.1921971e-04
   2.5735201e-04  -1.4188714e-01  -2.3880922e+00  -1.8571858e-03   1.0577434e-02  -1.0625912e-03
  -9.0062734e-03  -9.2865371e-02  -2.0349959e+00  -2.3698971e-03   7.7195507e-03  -3.8794381e-04
  -3.5033848e-03  -1.0239095e-01  -1.9959815e+00   3.1256135e-03   7.6949786e-03  -8.7875610e-04
   1.9622702e-03  -9.8101287e-02  -2.1399380e+00  -7.1189203e-04   7.2914750e-03  -5.2077160e-04
   1.7487468e-02  -7.8961056e-02  -2.1527812e+00   1.5119477e-03   7.9651862e-03  -7.1935608e-04
  -4.2961771e-02  -1.3101391e-01  -2.2166452e+00   3.0556359e-04   8.3423257e-03   2.1832272e-04
   2.9493146e-03  -9.4702320e-02  -2.2880035e+00  -1.1345839e-03   8.9426709e-03  -8.4153951e-04
  -6.1914597e-03  -1.1200070e-01  -2.2775847e+00  -1.5770517e-03   9.6629602e-03  -8.3433344e-04
  -1.5706556e-02  -9.0233639e-02  -2.2392261e+00  -2.8508189e-03   9.6496248e-03  -1.3979811e-04
  -4.0606657e-02  -1.2367927e-01  -2.2754761e+00   2.7421958e-04   1.0271188e-02   5.4063137e-04
  -3.2140150e-04  -1.2233518e-01  -2.3768929e+00   3.0664352e-04   1.0836043e-02  -5.1337913e-04
  -3.6519630e-03  -1.3047011e-01  -2.4935094e+00   4.8743499e-04   1.0083177e-02  -7.4277291e-04
  -1.9105821e-02  -1.6963974e-01  -2.5388667e+00  -6.9169101e-03   8.3386487e-03  -3.1205456e-04
   2.3242668e-02  -6.6017482e-02  -1.9753639e+00   2.7455941e-03   6.7965055e-03  -9.1186796e-04
  -1.7262494e-02  -1.4911322e-01  -2.3212250e+00  -2.4524346e-03   6.7175248e-03  -4.9823834e-04
   3.7542118e-03  -1.6268570e-01  -2.3206817e+00  -1.8724907e-04   7.6197064e-03  -4.7201744e-04
  -5.4317535e-02  -1.2086171e-01  -2.2563660e+00  -1.5103762e-03   8.6621065e-03   5.4117565e-04
  -3.1877554e-02  -1.4150555e-01  -2.3157495e+00  -3.6512157e-03   9.9459377e-03  -3.1029989e-04
  -3.3996123e-02  -1.4575978e-01  -2.4000267e+00  -2.2131913e-03   9.1319041e-03   1.7337061e-04
  -1.1692683e-02  -1.0384715e-01  -2.3430032e+00  -3.1313701e-03   9.4495798e-03   9.1024054e-05
   1.7130662e-02  -1.3318679e-01  -2.3645770e+00  -1.7653745e-03   1.0735822e-02  -3.8851800e-04
  -1.5224070e-02  -1.3740850e-01  -2.5028060e+00  -3.2468009e-03   1.0101515e-02   3.9035342e-04
   2.4879286e-02  -1.6771633e-01  -2.5254113e+00  -3.3061446e-03   1.1590953e-02  -1.1377298e-03
  -2.8300684e-02  -1.6870683e-01  -2.4105937e+00  -1.0320305e-03   9.7595228e-03   8.4654945e-05
  -4.4539621e-03  -1.6139234e-01  -2.4154505e+00  -8.8721258e-04   9.5941465e-03  -3.8060654e-04
  -3.6480178e-02  -1.5404232e-01  -2.4739177e+00  -3.1228233e-03   9.6543393e-03  -1.5922955e-04
  -6.0629264e-02  -9.6096440e-02  -2.3894102e+00  -3.1812173e-03   1.1163430e-02  -5.3874110e-05
  -7.2948216e-02  -1.6646189e-01  -2.4088301e+00  -3.8562135e-03   1.1019527e-02   8.9343460e-04
  -3.2567968e-02  -8.9054870e-02  -2.4875678e+00  -2.3253083e-03   1.0659673e-02   3.8598878e-04
  -3.7523357e-02  -1.5323966e-01  -2.5140224e+00  -3.6680192e-03   1.1796165e-02  -1.9707300e-05
  -1.3521141e-02  -1.6251776e-01  -2.4719944e+00   3.7671366e-03   1.2095836e-02  -1.1190798e-04
  -2.0809900e-02  -1.9560684e-01  -2.6602999e+00   6.2086929e-04   1.1770353e-02  -4.1922056e-05
  -1.0678414e-02  -1.9368135e-01  -2.6329355e+00  -4.1762938e-06   1.2094369e-02  -6.3608542e-04
  -4.1257504e-02  -2.2851262e-01  -2.3791599e+00   4.3879211e-03   1.2477480e-02  -2.3086069e-04
  -3.3516482e-02  -1.2109528e-01  -2.4461852e+00   1.6995633e-03   1.1413869e-02  -9.1332134e-04
   1.2215613e-02  -2.0873606e-01  -2.4560229e+00  -7.3839576e-03   1.1691981e-02  -5.9522979e-04
   1.0783023e-02  -1.4083909e-01  -1.8789978e+00  -5.0523511e-04   9.2788277e-03  -1.5750817e-03
  -8.9158625e-03  -1.3758318e-01  -2.0863735e+00   1.1283213e-04   1.1195984e-02   2.9848049e-04
   7.7080372e-03  -1.5785776e-01  -2.1639101e+00   3.5189641e-03   1.1122917e-02  -6.8667156e-04
   2.6642548e-03  -1.1815591e-01  -2.3972246e+00  -1.2480495e-03   8.2319893e-03  -1.6693342e-04
  -2.8941128e-03  -2.3828539e-01  -3.1612471e+00  -2.9897415e-03   1.0780551e-02  -2.9145960e-04
  -4.4965241e-03  -1.8293929e-01  -2.8363249e+00  -3.9059053e-03   1.1649087e-02  -3.9137161e-04
   1.4128804e-02  -1.4825436e-01  -2.7129953e+00  -1.7111646e-03   1.0370424e-02  -4.5878629e-04
   1.4880596e-02  -1.4883089e-01  -2.7594670e+00  -2.0423311e-03   1.0484298e-02  -6.9250753e-04
   1.5907981e-03  -2.1020777e-01  -2.5893168e+00  -7.7872403e-04   9.6682489e-03  -6.8750203e-04
   3.2776899e-02  -1.7450960e-01  -2.6005855e+00  -4.9510707e-04   9.9218729e-03  -7.9070055e-04
   1.2348576e-02  -1.1983686e-01  -2.5272016e+00   6.6814700e-04   9.6560027e-03  -4.5447848e-04
   2.9923711e-02  -1.6477147e-01  -2.2610196e+00  -6.0367412e-03   9.4426068e-03  -1.2141763e-03
   3.7052526e-02  -1.1368429e-01  -2.1063004e+00  -5.1368593e-03   8.0687517e-03  -1.5625537e-03
  -9.0744626e-02  -9.0540648e-02  -2.0656503e+00  -2.0637014e-03   1.7974694e-02   2.6030794e-03
  -6.8351668e-02  -9.5875207e-02  -2.6665747e+00  -1.2271274e-03   1.4612288e-02   3.0857416e-03
  -5.0889988e-02  -1.2419504e-01  -2.8431352e+00  -4.3175286e-03   1.3607973e-02   1.8842153e-03
  -4.2571537e-02  -1.4028400e-01  -2.8843207e+00  -4.5827557e-03   1.2203105e-02   1.5941453e-03
  -2.7118813e-02  -1.3194940e-01  -2.8937920e+00  -5.4005661e-03   1.2837059e-02   1.1731613e-03
  -1.9992877e-02  -1.2802345e-01  -2.9294469e+00  -3.5179158e-03   1.3068211e-02   9.1504271e-04
   2.5330175e-02  -9.2090073e-02  -2.7753420e+00  -4.5027243e-03   1.3746573e-02   5.8120047e-04
  -1.7619242e-02  -1.2970003e-01  -2.9465399e+00  -4.4830690e-03   1.2580537e-02   8.3159780e-04
  -1.8571325e-02  -9.9357590e-02  -3.0134213e+00  -5.2456431e-03   1.2994044e-02   9.3584010e-04
  -3.9794330e-02  -1.6968666e-01  -2.9560567e+00  -8.9946690e-03   1.5677765e-02   7.1479273e-04
  -5.1042285e-02  -1.3031645e-01  -2.6891858e+00  -7.1155667e-03   1.5316840e-02   1.2521059e-03
  -4.6951214e-02  -1.0522942e-01  -2.2858222e+00  -3.1251197e-03   1.4397719e-02   1.3746410e-03
  -5.5153726e-02  -1.5316200e-01  -2.3606521e+00  -2.8811559e-03   1.6909132e-02   1.1870707e-03
  -9.4711589e-02  -5.0344020e-02  -2.3260035e+00  -8.0340386e-04   1.6586608e-02   3.0785011e-03
  -3.5531033e-02  -2.0325043e-01  -2.4722660e+00  -6.8588055e-03   2.2303962e-02   1.3065820e-03
  -3.4437283e-02  -1.1767536e-01  -2.0682821e+00  -1.0338859e-02   2.3024397e-02   2.9193495e-03
   4.0127058e-02  -9.8372835e-02  -2.7782341e+00  -8.1469301e-03   2.1382164e-02   2.5672216e-03
   4.9492097e-02  -1.3036219e-01  -2.7332126e+00  -7.5996178e-03   2.0574533e-02   2.2155360e-03
   3.5341882e-02  -1.4678841e-01  -2.8072413e+00  -1.1408604e-02   2.1287719e-02   2.2246745e-03
   4.9598405e-02  -1.1883776e-01  -2.7644593e+00  -1.2470527e-02   2.1611976e-02   1.9970040e-03
   6.0001569e-02  -9.8848795e-02  -2.7723725e+00  -1.2099339e-02   2.2286409e-02   1.3448351e-03
   5.1869277e-02  -1.2361283e-01  -2.7080203e+00  -1.0059722e-02   2.2084218e-02   1.7128680e-03
   4.8242291e-02  -1.2003512e-01  -2.6526321e+00  -1.6052172e-02   2.1291959e-02   1.0445976e-03
   7.6494879e-02  -9.8673968e-02  -2.1111455e+00  -4.3106484e-03   1.8047908e-02   2.1115079e-04
   8.3104181e-02  -9.1347911e-02  -2.2694980e+00  -8.1057476e-03   1.7898626e-02   3.5221892e-04
   6.6854191e-02  -1.1801037e-01  -2.2987777e+00  -8.8886674e-03   1.8754671e-02   3.8695586e-04
   6.2260531e-02  -1.0205106e-01  -2.2720258e+00  -5.1746133e-03   2.2302980e-02  -4.2632227e-04
   9.7105696e-02  -1.6326262e-01  -2.1912411e+00  -4.0575058e-03   1.9240544e-02   1.1104452e-04
   1.0913644e-01  -1.6120829e-01  -2.2708068e+00  -5.8688605e-03   1.8670392e-02  -3.1111269e-04
   8.9398040e-02  -1.9337666e-01  -2.3701295e+00  -2.6808302e-03   1.9918954e-02  -6.0317476e-04
   7.9040221e-02  -1.2545688e-01  -2.4793303e+00  -6.1691693e-03   1.9005813e-02  -1.4215002e-04
   1.0758275e-01  -1.6072257e-01  -2.4067063e+00  -6.1209117e-03   1.8178743e-02  -4.2173986e-05
   4.8195516e-02  -1.7945928e-01  -2.4548265e+00  -6.9375248e-03   1.9817415e-02   6.4838766e-04
   4.1287524e-02  -1.8246527e-01  -2.4699181e+00  -9.3877469e-03   2.1139171e-02   3.2542860e-04
   3.5983277e-02  -1.3988184e-01  -2.0512980e+00  -2.2316732e-03   2.1681878e-02   7.4584764e-04
   4.1637814e-02  -1.3196193e-01  -2.4352153e+00  -1.1602185e-03   1.9718041e-02   1.6117689e-03
   1.0037365e-01  -1.4734492e-01  -2.5275272e+00  -5.6671153e-03   1.8658143e-02   7.5674460e-05
   8.6432848e-02  -1.7050483e-01  -2.5069746e+00  -2.9294383e-03   1.9568444e-02  -2.0239756e-05
   3.9437681e-02  -2.3186478e-01  -3.2391225e+00  -1.0859106e-02   1.8554167e-02   3.6830727e-04
   6.2606277e-02  -1.8627157e-01  -3.0573522e+00  -8.6413338e-03   1.7598519e-02   6.2009002e-04
   1.3910497e-02  -1.8634471e-01  -2.9538814e+00  -5.2089118e-03   1.9458806e-02   1.7311067e-03
   7.6713706e-02  -1.7468960e-01  -3.0269689e+00  -8.0321337e-03   1.8919916e-02   7.3977110e-04
   1.1138360e-01  -2.1754626e-01  -2.9833881e+00  -6.6620824e-03   1.8170283e-02   3.7405943e-04
   1.0248689e-01  -1.9673793e-01  -3.0077865e+00  -7.7812292e-03   1.8025693e-02   4.1024091e-04
   1.1642329e-01  -2.2287806e-01  -2.9934188e+00  -7.8863460e-03   1.8607709e-02   2.3219126e-04
   8.0989013e-02  -1.9508973e-01  -2.7632744e+00  -5.4049447e-03   1.9078369e-02   1.0605999e-03
   8.2966213e-02  -2.3033591e-01  -2.8142255e+00  -7.0261473e-03   1.8500931e-02   8.2358731e-04
   1.1663856e-01  -2.5396469e-01  -2.7678743e+00  -8.0005719e-03   2.0216586e-02  -8.3098483e-05
   1.1186613e-01  -2.3108667e-01  -2.6927922e+00  -5.2402269e-03   1.8349601e-02   5.5388102e-04
   1.0656850e-01  -2.1175583e-01  -2.7980149e+00  -6.9171847e-03   1.8654050e-02   4.5380080e-04
   1.1651312e-01  -2.2241536e-01  -2.8806474e+00  -8.9104933e-03   1.7337326e-02   1.0836775e-03
   2.7738430e-02  -2.5622085e-01  -3.0658116e+00   1.2962739e-03   1.7511666e-02   1.9519719e-03
   3.3312898e-02  -2.1112167e-01  -3.4265248e+00  -4.0287128e-03   1.7520520e-02   1.2599187e-03
   4.2993201e-02  -2.3618055e-01  -3.3677511e+00  -1.3062387e-03   1.7694228e-02   4.3922092e-04
   5.0898935e-02  -2.7529992e-01  -3.3964874e+00  -3.2141445e-03   1.7520637e-02   8.2912693e-04
   5.2064560e-02  -2.2925119e-01  -3.3962324e+00  -3.8693234e-03   1.7424416e-02   1.0729843e-03
   4.5284683e-02  -2.6924179e-01  -3.4032360e+00  -7.6935923e-03   1.8918716e-02   9.3755302e-04
  -4.9733435e-03  -1.9332459e-01  -3.0479614e+00  -1.3851650e-03   1.6145715e-02   1.0983508e-03
   1.1216349e-02  -1.9651835e-01  -3.1342306e+00  -4.1884660e-03   1.5512401e-02   1.1445548e-03
   3.0413461e-02  -2.0994556e-01  -3.1368768e+00  -4.5687348e-03   1.5486432e-02   1.0889178e-03
   5.1224533e-02  -2.5736630e-01  -3.1350310e+00   2.3056185e-03   1.5189242e-02   9.5411271e-04
   4.7248506e-02  -2.2010869e-01  -3.2182482e+00  -2.3698909e-03   1.5576262e-02   5.3284507e-04
   2.7453551e-02  -1.7714261e-01  -3.1843046e+00  -5.1850639e-03   1.6200990e-02   9.6853852e-05
   3.3868014e-02  -2.4042550e-01  -3.0683865e+00  -4.3273624e-03   1.7899577e-02   1.6416001e-04
   1.0041483e-01  -2.3756188e-01  -3.3065977e+00  -2.0183993e-03   1.6657632e-02  -2.3366466e-04
   9.4269916e-02  -2.8393220e-01  -3.3032544e+00  -3.3723726e-03   1.5268062e-02  -3.2307013e-04
   1.0360981e-01  -2.2370523e-01  -3.3482994e+00  -3.6859315e-03   1.4944908e-02  -4.8299270e-04
   9.4086378e-02  -2.9358928e-01  -3.3234337e+00  -1.0461706e-02   1.7248060e-02  -1.1074624e-03
   3.0077549e-02  -1.9939344e-01  -2.7185976e+00  -1.4357221e-03   1.5557613e-02   4.4988096e-04
   6.5384449e-02  -1.6621113e-01  -2.4028007e+00  -4.8799522e-03   1.1929194e-02   5.1856479e-04
   5.0992035e-02  -1.5436898e-01  -2.2934340e+00  -4.9435384e-03   1.5402551e-02   5.7219742e-04
   3.7444624e-02  -1.7501277e-01  -2.3994389e+00  -3.1863822e-03   1.4955729e-02   1.7190855e-03
   5.1013342e-02  -1.8133019e-01  -2.3904884e+00  -3.1783139e-03   1.4867832e-02   1.1628744e-03
   1.1951975e-01  -1.8814358e-01  -2.5259117e+00  -3.8132567e-03   1.1462489e-02  -7.7183040e-04
   4.8047351e-02  -1.6656899e-01  -2.8460478e+00  -4.7984391e-03   1.3531947e-02   8.8291437e-04
   7.3970518e-02  -2.1055477e-01  -2.5916172e+00   4.0173512e-04   1.2920670e-02  -8.5599894e-04
   4.5521486e-02  -1.4933931e-01  -2.7579711e+00  -1.2621705e-03   1.2281909e-02  -6.5940916e-05
   6.0932258e-02  -2.0089786e-01  -2.8305080e+00  -3.8429479e-03   1.1940047e-02  -1.9987585e-04
   6.6458028e-02  -1.8752309e-01  -2.8245473e+00  -5.3210059e-03   1.1546708e-02  -3.6795517e-04
   1.9825410e-02  -2.0738972e-01  -2.6787003e+00  -1.2477141e-03   1.6284366e-02   7.7260545e-04
   6.8359346e-02  -2.1525431e-01  -2.9051105e+00  -4.8159627e-03   1.2415497e-02   2.2168892e-04
   6.0485072e-02  -2.1270071e-01  -2.6525552e+00  -4.6846655e-03   1.3673904e-02  -3.0442890e-04
   7.8114471e-02  -1.8114381e-01  -2.4042054e+00  -2.3976214e-03   1.3940937e-02  -6.9001999e-04
   4.7591196e-02  -2.4087880e-01  -2.4946793e+00  -1.1579283e-03   1.5835171e-02  -6.6806812e-04
   4.1904628e-02  -1.8719333e-01  -2.5630265e+00  -3.0918272e-03   1.5407799e-02   7.1000065e-04
   8.0377632e-02  -2.2187162e-01  -2.6934082e+00  -5.7995368e-04   1.5517806e-02  -3.3837086e-04
   9.0494318e-02  -1.7946414e-01  -2.7992908e+00  -5.0781373e-03   1.3720233e-02  -1.1488566e-03
   7.4061696e-02  -1.9892377e-01  -2.8905223e+00  -2.9849920e-03   1.2684085e-02  -1.7447590e-04
   4.4199529e-02  -1.6884571e-01  -2.8679307e+00  -4.5025349e-03   1.4313327e-02   6.7866225e-04
   3.8966043e-02  -1.6503227e-01  -2.8631774e+00  -2.2059014e-03   1.4703547e-02   1.2794805e-03
   6.9472633e-02  -1.8449235e-01  -2.8518290e+00  -4.4338792e-03   1.6325043e-02  -3.6640728e-05
   7.0457466e-02  -1.6167038e-01  -2.7816753e+00  -1.2751777e-03   1.4419649e-02   3.9203587e-04
   5.9922847e-02  -1.8496828e-01  -2.7044160e+00  -1.4467881e-02   1.4864401e-02  -8.1263601e-05
   4.6955563e-03  -1.9160711e-01  -2.2665032e+00  -6.1084614e-03   2.1230166e-02   1.9019428e-03
   8.5245037e-02  -1.9169830e-01  -2.0644037e+00  -1.3070046e-02   2.7099492e-02   1.0576059e-03
   9.4682070e-02  -2.6563385e-01  -1.5349080e+00  -4.1924580e-03   2.7190713e-02   4.2325862e-03
   1.5556174e-01  -3.0748892e-01  -1.8465921e+00  -8.2876967e-03   2.8071586e-02   3.4543891e-03
   8.2817951e-02  -3.6450161e-01  -2.1055754e+00   1.1319332e-02   3.2492658e-02   3.7201473e-03
  -8.3172832e-03  -1.9030207e-01  -2.8953969e+00  -2.7409465e-03   2.8121174e-02   4.9265341e-03
  -2.6917751e-02  -2.4732298e-01  -2.7130354e+00  -2.2837238e-03   2.5673894e-02   5.1897154e-03
  -9.6071149e-03  -2.4555557e-01  -2.6336360e+00  -2.1704512e-03   2.7090371e-02   3.5417448e-03
  -3.4301846e-02  -2.4179401e-01  -2.6049404e+00  -4.5775131e-03   2.7620883e-02   4.8763233e-03
  -3.4755609e-02  -2.5381165e-01  -2.5051630e+00  -3.9170766e-03   3.0541821e-02   3.9856452e-03
  -4.9689227e-02  -1.6892287e-01  -2.4806097e+00  -3.4024064e-03   2.6632159e-02   5.0259163e-03
  -2.7213243e-02  -2.7122548e-01  -2.3826954e+00  -9.5429434e-03   2.6388276e-02   3.5613096e-03
  -3.7966586e-02  -1.2726609e-01  -2.9005275e+00  -3.0406911e-02   1.8627878e-02   5.1940429e-03
   1.6921481e-02  -1.8937129e-01  -2.2995210e+00  -8.4859624e-03   1.4512123e-02   1.0926698e-03
  -4.6785211e-02  -1.1147161e-01  -3.2982421e+00  -1.7464330e-03   6.3708303e-03   2.3778238e-03
  -4.2044400e-02  -1.7172147e-01  -3.3562497e+00  -7.7680338e-03   5.6859507e-03   1.9643073e-03
  -3.9709085e-02  -2.0374796e-01  -3.3126540e+00  -6.8461185e-03   5.6650337e-03   1.5790151e-03
  -3.8214340e-02  -1.9346900e-01  -3.2532695e+00  -7.3013229e-03   6.1155087e-03   1.3706063e-03
  -3.6752659e-02  -1.8931418e-01  -3.2256959e+00  -8.9101381e-03   8.4514241e-03   1.0911342e-03
  -7.2580849e-02  -1.4615495e-01  -3.1393659e+00  -1.0594154e-02   1.4050829e-02   1.7491625e-03
  -1.0029505e-01  -1.1763217e-01  -3.0685385e+00  -9.3614040e-03   1.1856838e-02   2.2790160e-03
  -7.7346600e-02  -2.2628814e-01  -3.1100657e+00  -9.7637596e-03   1.4758226e-02   2.1524762e-03
  -3.0578721e-02  -1.7415833e-01  -3.2661574e+00  -1.0378816e-02   1.1207018e-02   1.7032855e-03
  -4.6769092e-02  -1.4547491e-01  -3.1300750e+00  -1.4735527e-02   1.1667638e-02   7.8903054e-04
  -9.7782622e-02  -1.3862278e-01  -3.0816666e+00  -7.6875824e-03   1.2848136e-02   2.7621707e-03
  -6.9218707e-02  -1.6772790e-01  -3.0133771e+00  -8.5139557e-03   1.2393083e-02   1.8147002e-03
  -5.4768257e-02  -1.4115145e-01  -3.1419455e+00  -1.1209200e-02   1.2930269e-02   1.1176054e-03
  -8.7679600e-02  -1.2623659e-01  -3.0035731e+00  -7.2028308e-03   1.4948745e-02   2.5605673e-03
  -5.3410297e-02  -1.6491432e-01  -2.9381179e+00  -1.8255277e-03   1.4918129e-02   1.6121463e-03
   6.1794313e-02  -1.3219893e-01  -3.1891571e+00  -5.7382006e-03   9.9991044e-03  -2.1836085e-04
   7.7614512e-02  -1.7434497e-01  -3.3246601e+00  -5.9925511e-03   1.0605865e-02  -9.6237689e-04
   5.2292276e-02  -1.3226529e-01  -3.2016042e+00  -3.9473077e-03   1.2253761e-02  -9.1528705e-04
   3.9328742e-02  -1.6120645e-01  -3.2787867e+00  -4.7141725e-03   1.1719954e-02  -1.1817080e-04
   5.5851303e-02  -1.8780221e-01  -3.2393501e+00  -4.9696060e-03   1.1431571e-02  -2.7975212e-04
   7.1277110e-02  -1.8319932e-01  -3.2580106e+00  -6.7874129e-03   1.2011333e-02  -5.2896832e-04
   7.2779271e-02  -2.1142850e-01  -3.2019249e+00  -4.7936062e-03   1.2851068e-02  -8.5710337e-04
   5.0216132e-02  -1.6238731e-01  -3.2107109e+00  -6.4563255e-03   1.2473731e-02  -3.5992946e-04
   1.9338222e-02  -1.7405015e-01  -3.1867993e+00  -5.8860390e-03   1.3340352e-02   7.6392081e-05
  -1.6050646e-02  -1.4252677e-01  -3.1577916e+00  -6.5829124e-03   1.4876360e-02   6.7599618e-04
   1.2814270e-02  -1.6830696e-01  -3.1224161e+00  -4.2464663e-03   1.4006136e-02   7.4548396e-04
   3.4324859e-02  -1.4376989e-01  -3.1291486e+00  -4.2488190e-03   1.4479021e-02   3.3611902e-04
   5.3760139e-02  -1.9614463e-01  -3.2220329e+00  -6.4098970e-03   1.5846479e-02  -8.8659331e-05
   5.1861986e-02  -1.6048559e-01  -3.2298757e+00  -6.4074415e-03   1.5195919e-02  -3.7362625e-04
   6.2735547e-02  -2.0267121e-01  -3.1431293e+00  -6.2753522e-03   1.3994080e-02  -2.0943034e-04
   1.0132733e-02  -2.4622067e-01  -3.1063972e+00  -8.9137233e-03   1.6987614e-02   2.7248386e-04
   5.5837791e-03  -1.7255065e-01  -3.1232646e+00  -2.9328386e-03   1.3540978e-02   4.5967171e-04
   2.3803702e-02  -2.1045462e-01  -3.1880563e+00  -8.7752848e-03   1.4449309e-02  -4.6849994e-04
   5.8237127e-02  -2.8258585e-01  -2.9754143e+00   1.3024329e-03   1.4601667e-02  -1.0109180e-03
   3.3547555e-02  -1.5895322e-01  -3.1687384e+00  -2.1241976e-03   1.4871764e-02  -8.8688273e-04
   3.4320043e-02  -2.1038927e-01  -3.1569358e+00  -2.8551501e-03   1.3581601e-02  -2.0341175e-04
   5.2302747e-02  -1.8721198e-01  -3.2881869e+00  -5.3829438e-03   1.3840015e-02  -6.2900680e-04
   6.4850007e-02  -2.3075449e-01  -3.2713776e+00  -4.1749564e-03   1.3827119e-02  -4.9722815e-04
   7.1189310e-02  -1.8941351e-01  -3.2636878e+00  -4.5621421e-03   1.3293384e-02  -5.5290194e-04
   5.9424609e-02  -1.9857200e-01  -3.3004712e+00  -4.2680787e-03   1.3168270e-02  -4.9317196e-04
   4.8421860e-02  -1.9679038e-01  -3.2686684e+00  -4.4103926e-03   1.4782757e-02  -6.6008695e-04
   5.8542858e-03  -1.6082581e-01  -3.2254205e+00  -2.7893583e-03   1.4327538e-02   3.2446529e-04
   6.2151416e-02  -2.6586233e-01  -3.1341058e+00   4.2455457e-03   1.3567592e-02  -4.4241550e-04
   1.0260625e-02  -2.2469193e-01  -3.3585399e+00   1.4267499e-05   1.5959902e-02   7.4326332e-04
   5.0936048e-02  -1.9642859e-01  -3.2819809e+00  -7.4777889e-06   1.5118425e-02   1.5184243e-04
   3.4632480e-02  -2.0800191e-01  -3.1514168e+00  -1.3526242e-03   1.1840400e-02  -4.6218582e-04
   6.6140763e-02  -2.0700152e-01  -3.1852221e+00  -4.8312675e-04   1.3567380e-02  -9.7888993e-04
   8.4765321e-02  -2.1550051e-01  -3.2037599e+00  -1.4480945e-03   1.2598851e-02  -1.0976213e-03
   7.1608086e-02  -2.0761103e-01  -3.1140257e+00  -3.2683184e-03   1.7218567e-02  -6.8926458e-04
  -1.2522201e-02  -1.8490530e-01  -4.0906697e+00  -6.1869548e-03   1.2196283e-02   3.8090922e-04
   4.7788959e-02  -2.3188785e-01  -3.8556037e+00  -5.2465830e-03   1.3631942e-02  -4.3531176e-04
   6.7188623e-02  -1.9645004e-01  -3.7252657e+00  -3.5433858e-03   1.3798944e-02  -8.8761888e-04
   7.3449761e-02  -1.7016410e-01  -3.7449428e+00  -5.0310030e-03   1.3683254e-02  -9.7113901e-04
   5.5437138e-02  -1.8995892e-01  -3.7392765e+00  -4.2670097e-03   1.3228620e-02  -8.3708364e-04
   7.6940088e-02  -3.1801016e-01  -3.7476388e+00  -3.8485320e-03   1.4597517e-02  -1.0079371e-03
   8.4604160e-02  -2.2238847e-01  -3.6839463e+00  -2.7612267e-03   1.4591842e-02  -1.0349869e-03
   8.5170189e-02  -1.9531793e-01  -3.6987910e+00  -5.1333517e-03   1.4654413e-02  -1.1500867e-03
   1.0144762e-01  -2.4928484e-01  -3.4244898e+00  -5.3140652e-03   1.4267524e-02  -1.0918685e-03
  -4.1066700e-05  -2.0618774e-01  -3.4631730e+00   1.6002758e-03   1.3801473e-02   7.9957241e-04
   1.0161965e-02  -2.4903897e-01  -3.3945436e+00  -2.2134728e-04   1.4709958e-02   5.1239084e-04
   1.1192814e-02  -1.7960851e-01  -3.5612446e+00  -1.7908595e-03   1.4205356e-02   5.3013740e-05
   3.2781970e-02  -2.2698690e-01  -3.6703115e+00  -8.0024799e-03   1.4601756e-02  -2.5855098e-04
   6.7261427e-03  -2.3716337e-01  -4.2393148e+00  -7.6391729e-03   7.9198053e-03  -3.4049453e-04
   3.9866777e-02  -3.0684708e-01  -4.1137395e+00  -1.6950848e-03   7.7815250e-03   1.9956963e-04
   4.6848199e-02  -1.7733721e-01  -4.0248998e+00  -4.1615137e-03   1.0797676e-02  -7.4585262e-04
   7.1040069e-02  -2.6088481e-01  -4.0716611e+00  -4.3511960e-03   1.0552604e-02  -8.2233350e-04
   1.4887312e-02  -2.8955819e-01  -4.1265011e+00   6.4775093e-04   1.3524644e-02  -7.0592257e-04
   6.9161386e-02  -2.7872231e-01  -4.1432591e+00  -1.2250842e-03   1.4133777e-02  -1.3586149e-03
   9.9199709e-02  -2.7871026e-01  -4.0870353e+00  -4.9256436e-03   1.2474512e-02  -1.5014266e-03
   1.0100818e-01  -1.9264245e-01  -4.1568324e+00  -2.7041864e-03   1.2548133e-02  -1.6133080e-03
   9.3702612e-02  -2.1345753e-01  -4.1148867e+00  -4.1311137e-03   1.2597330e-02  -1.6390998e-03
   1.0879029e-01  -2.3186809e-01  -4.1100413e+00  -4.1338395e-03   1.2669411e-02  -1.8203661e-03
   1.0459610e-01  -2.4703140e-01  -4.0907641e+00  -2.4051594e-03   1.2682121e-02  -1.8764975e-03
   1.0051738e-01  -2.8220650e-01  -4.0186433e+00  -4.8260826e-03   1.3152754e-02  -8.3776085e-04
   1.0863917e-01  -2.8268933e-01  -3.9996513e+00  -2.2951284e-03   1.5323624e-02  -9.7601679e-04
   1.1998796e-01  -2.8237825e-01  -3.8881944e+00  -3.5919817e-03   1.6351569e-02  -5.2726054e-04
   1.1910786e-01  -2.7642895e-01  -4.0040305e+00  -3.6939002e-03   1.5714712e-02  -8.5456021e-04
   1.3184780e-01  -3.0139114e-01  -4.0646038e+00  -4.3357472e-03   1.5535744e-02  -1.4317647e-03
   1.0419152e-01  -2.5899822e-01  -3.9077659e+00  -6.1674921e-03   1.8457279e-02  -1.9401683e-03
   5.6026430e-02  -2.2157602e-01  -4.0904983e+00  -5.5699716e-03   1.5102080e-02  -6.3746447e-04
   7.3847577e-02  -2.4044447e-01  -3.8458423e+00  -2.5166916e-03   1.4174203e-02  -8.3040051e-04
   1.1293551e-01  -2.1660607e-01  -3.9934413e+00  -3.4775155e-03   1.4769123e-02  -1.8393124e-03
   9.0731911e-02  -2.4782472e-01  -3.9947214e+00  -3.2619072e-03   1.4999876e-02  -4.3131484e-04
   7.3861702e-02  -2.4587264e-01  -3.7851348e+00  -1.7540404e-03   1.6728154e-02   2.8945725e-04
   8.7859587e-02  -2.2485330e-01  -3.9138408e+00  -3.8934526e-03   1.5251795e-02  -2.9556768e-04
   8.1515724e-02  -2.2752362e-01  -4.0050827e+00  -4.1232174e-03   1.5913810e-02  -5.2213224e-04
   6.2461742e-02  -2.8167146e-01  -3.9410434e+00   1.3412439e-04   1.7005829e-02  -4.6002510e-04
   7.8434161e-02  -2.5936868e-01  -3.9497488e+00  -1.5810111e-03   1.7235089e-02  -9.5007842e-05
   8.9921038e-02  -2.5953139e-01  -4.0135507e+00  -3.5433139e-03   1.6451148e-02  -4.2377685e-04
   8.1382006e-02  -2.9252648e-01  -4.0309951e+00  -8.6742751e-04   1.7965624e-02  -5.7217210e-04
   8.8870843e-02  -2.3307619e-01  -4.0837154e+00  -4.1279621e-03   1.4668163e-02   1.1811351e-03
   8.1560003e-02  -2.2997028e-01  -4.0453235e+00  -3.3825676e-03   1.4756780e-02   5.5873091e-04
   7.6767203e-02  -3.8581867e-01  -4.1864291e+00   4.4061008e-03   1.6601133e-02  -1.1479978e-03
   5.3775932e-02  -2.4857533e-01  -4.4431721e+00  -1.5974110e-03   1.6290001e-02  -9.3665011e-04
   5.9086042e-02  -2.3470912e-01  -4.3484090e+00  -3.2110252e-03   1.6306736e-02  -9.2599924e-04
  -9.1399154e-03  -2.2659140e-01  -4.2050112e+00  -2.6257703e-03   1.5790810e-02  -3.9427248e-04
   1.3132033e-02  -2.7364399e-01  -4.1678565e+00   1.0930660e-03   1.6195730e-02  -9.7220727e-04
   1.7357371e-02  -2.7485371e-01  -4.1611501e+00  -1.1146930e-03   1.5112365e-02  -7.8227301e-04
   3.4144392e-02  -2.7085581e-01  -4.2905732e+00  -7.9753037e-04   1.5523231e-02  -7.1480523e-04
   3.0254639e-02  -2.3077453e-01  -4.2211271e+00  -2.8035150e-03   1.5168249e-02  -1.5523683e-04
   3.1456325e-02  -3.0437517e-01  -4.1860052e+00   6.4523663e-04   1.8204796e-02  -8.9973002e-04
  -3.1011638e-02  -2.8670856e-01  -4.8411155e+00  -2.6519598e-03   1.6447542e-02   1.7842854e-04
   2.7626268e-02  -2.6379920e-01  -4.4983492e+00  -4.9336297e-03   1.7231628e-02  -5.7461267e-04
  -8.9383257e-02  -2.6617920e-01  -4.5133399e+00   3.2597754e-04   1.7424158e-02   9.8160259e-04
  -1.3300029e-02  -2.2330469e-01  -4.6226713e+00  -2.3775151e-03   1.5328469e-02   6.5156337e-05
   2.6279668e-03  -2.5089484e-01  -4.4715702e+00  -2.8437878e-03   1.5181783e-02   1.0920883e-04
   1.6897251e-02  -2.9693824e-01  -4.4517214e+00  -3.4192798e-03   1.5944009e-02   3.0892509e-05
   3.2747268e-02  -2.6582711e-01  -4.4354872e+00  -3.4201751e-03   1.5740176e-02   5.2213880e-05
   3.0428836e-02  -2.6765500e-01  -4.4175949e+00  -6.5624979e-03   1.6765033e-02   2.2374066e-04
   3.5515174e-02  -2.4896701e-01  -4.4005646e+00  -1.5144527e-03   1.6143623e-02   3.5049769e-05
   1.6953360e-02  -2.4005671e-01  -4.3860636e+00  -3.4344169e-03   1.5133497e-02   5.4653325e-04
   3.1563534e-02  -2.3558320e-01  -4.4355394e+00  -2.3615003e-03   1.2309560e-02   5.7560258e-04
   2.2507408e-02  -2.6644130e-01  -4.4621226e+00  -2.8831306e-03   1.2704484e-02   3.4756794e-04
   3.8363057e-02  -1.9659725e-01  -4.4725745e+00  -4.0508785e-03   1.0263112e-02   6.2903505e-04
   2.8892600e-02  -2.8492120e-01  -4.1987849e+00  -2.7343738e-03   1.2186770e-02   6.1564503e-04
   6.7792253e-02  -2.4691088e-01  -4.3814918e+00  -3.2772974e-03   1.3482588e-02  -3.5305473e-04
  -8.1199464e-03  -2.7133288e-01  -4.2418787e+00  -6.2075991e-04   1.3026959e-02   1.6223510e-03
   3.2617837e-02  -2.3862585e-01  -4.3460960e+00  -1.9078475e-03   1.3804523e-02   6.1670086e-04
   4.3547200e-02  -2.3469832e-01  -4.3484563e+00  -3.0766408e-03   1.3843931e-02   6.3183910e-04
  -1.3884677e-02  -2.7742149e-01  -4.1382106e+00   3.3912080e-03   1.5938881e-02   1.3511241e-03
   4.6594038e-02  -2.3533202e-01  -4.3428956e+00  -1.1102727e-03   1.5187438e-02   8.2995414e-04
   5.1863488e-02  -2.7845517e-01  -4.3705494e+00  -5.4461620e-04   1.4626588e-02   7.4293143e-04
   4.1182089e-02  -2.5108118e-01  -4.4175078e+00  -7.8968214e-04   1.4595803e-02   2.8344188e-04
   5.3944220e-02  -2.4564654e-01  -4.3538298e+00  -7.6380356e-04   1.4742722e-02   4.6695410e-04
   6.6121849e-02  -2.8026051e-01  -4.3203543e+00  -1.8301719e-03   1.4953120e-02   3.7276469e-04
   6.9658060e-02  -2.2439346e-01  -4.2755851e+00  -1.1262213e-03   1.4230689e-02   6.6814772e-05
   3.9374563e-02  -2.5372072e-01  -4.3505132e+00  -1.0661487e-03   1.4861550e-02   3.4655672e-04
  -3.6730834e-02  -2.1341003e-01  -4.2571924e+00  -8.5535495e-04   1.4520185e-02   1.4422696e-03
  -6.9151437e-02  -1.4198295e-01  -4.1081705e+00  -1.1539437e-02   1.6168307e-02   3.5792770e-03
   1.2426650e-01  -4.0231157e-01  -3.3253493e+00  -9.3394311e-03   1.5600493e-02   1.7511937e-03
   1.2171775e-01  -3.8285618e-01  -3.1429516e+00  -2.1474837e-02   2.6638071e-02   2.5209311e-03
   5.4573678e-02  -2.4916196e-01  -2.6282018e+00  -4.2016843e-04   1.9535392e-02   3.4400513e-03
   6.0645587e-02  -2.6493284e-01  -3.5743935e+00  -7.8008488e-03   1.8963782e-02   1.9739453e-03
   4.6664181e-02  -2.3353320e-01  -3.4962780e+00  -1.0435109e-02   2.0368216e-02   1.7987776e-03
   3.3451605e-02  -2.2248596e-01  -3.4871777e+00  -1.0519199e-02   2.0510693e-02   1.7670496e-03
   3.3698528e-02  -2.3458070e-01  -3.3986763e+00  -9.7543856e-03   2.1314842e-02   1.4908856e-03
   3.7788371e-02  -2.2114701e-01  -3.3852550e+00  -8.9668911e-03   2.1324491e-02   1.2652361e-03
   3.0013709e-02  -2.3384094e-01  -3.1052778e+00  -9.4376648e-03   2.0641085e-02   1.9335813e-03
   3.6653811e-02  -1.7316656e-01  -3.2169045e+00  -8.4363833e-03   2.0619586e-02   2.1937799e-03
   1.4185037e-02  -1.9895288e-01  -3.1977614e+00  -7.0510795e-03   1.9571351e-02   2.2323374e-03
   1.4944911e-02  -2.4547853e-01  -3.2906438e+00  -1.5778316e-02   2.1879398e-02   2.1687962e-03
   2.9842189e-02  -1.2565080e-01  -2.8315968e+00  -1.9574813e-03   1.8555820e-02   1.8062491e-03
   2.1519088e-02  -1.9342328e-01  -3.0295038e+00  -4.4705769e-03   1.7852124e-02   1.9918926e-03
   1.5754633e-02  -1.6092212e-01  -3.0650550e+00  -6.1145925e-03   1.7842577e-02   2.0071892e-03
   1.4099919e-02  -1.5520571e-01  -3.0910149e+00  -6.8207517e-03   1.8321992e-02   2.0716479e-03
   3.2347041e-02  -1.6034516e-01  -3.0600350e+00  -7.0425300e-03   1.8787935e-02   1.9993681e-03
   2.3904282e-02  -1.6585733e-01  -3.1046927e+00  -6.5462995e-03   1.8122412e-02   1.5396819e-03
   2.7502644e-02  -1.7273951e-01  -3.1147773e+00  -7.0084124e-03   2.0053253e-02   1.3669818e-03
   2.0992088e-02  -1.5558469e-01  -2.8676661e+00  -9.2792271e-03   2.0190400e-02   1.6004722e-03
   1.3531605e-01  -2.0015126e-01  -2.6920965e+00  -1.5870438e-02   1.5253042e-02   1.1596649e-03
   6.3730406e-02  -1.6881009e-01  -2.8236151e+00  -4.3492140e-04   1.0717912e-02   1.4686223e-03
   3.4095010e-02  -2.5189684e-01  -3.8888564e+00  -8.5908256e-03   1.1713831e-02   9.6120417e-04
   5.0630427e-02  -1.8547910e-01  -3.6474705e+00  -7.7141874e-03   9.7257660e-03   6.4388206e-04
   5.6009580e-02  -1.8521492e-01  -3.7256916e+00  -9.4272924e-03   1.0868610e-02   5.0950147e-04
   5.8140372e-02  -1.8443521e-01  -3.6675445e+00  -8.5575981e-03   1.0226557e-02   4.9477655e-04
   7.2468688e-02  -1.9344859e-01  -3.6247190e+00  -9.7067213e-03   1.1755112e-02   1.5857128e-04
   7.5261792e-02  -1.8001302e-01  -3.7136320e+00  -9.6110784e-03   1.2049429e-02   9.0739633e-05
   7.8596280e-02  -2.2017640e-01  -3.6692154e+00  -1.0512644e-02   1.3674093e-02  -1.4391825e-03
   6.1890655e-02  -1.5401550e-01  -3.7372531e+00  -1.1743039e-02   1.3349472e-02   4.9875045e-04
   5.6222661e-02  -1.5828207e-01  -3.6902499e+00  -1.1663188e-02   1.3112616e-02   3.3835175e-04
   4.6200383e-02  -1.8135521e-01  -3.6595416e+00  -1.0808106e-02   1.3684784e-02   2.9583613e-04
   5.5101008e-02  -1.7362346e-01  -3.6558988e+00  -1.0734080e-02   1.3996206e-02   2.5340684e-04
   6.2361771e-02  -2.2010416e-01  -3.6866295e+00  -1.0713636e-02   1.4105174e-02  -1.4309879e-04
  -1.0505434e-02  -1.6410951e-01  -3.5312844e+00  -1.0994325e-02   1.2754043e-02   2.1903697e-03
  -5.3732527e-02  -1.7957851e-01  -4.1209093e+00  -1.0134423e-02   1.1900016e-02   3.0003733e-03
   3.7098003e-02  -1.5659876e-01  -4.1496917e+00  -1.1393514e-02   1.0711492e-02   1.5604220e-03
   6.9402900e-02  -1.5373975e-01  -4.1112777e+00  -1.2002458e-02   1.1082881e-02   1.2453820e-03
   6.5187951e-02  -1.8212620e-01  -4.0568706e+00  -9.9559312e-03   1.2310615e-02   1.3130435e-03
   6.4131932e-02  -2.0090165e-01  -3.9439105e+00  -1.0766015e-02   1.2657647e-02   1.3485593e-03
   6.5481944e-02  -1.7673511e-01  -3.8857677e+00  -1.0003048e-02   1.2524928e-02   1.3023480e-03
   6.9643559e-02  -1.5789466e-01  -3.8982710e+00  -1.0146764e-02   1.3014426e-02   9.3260563e-04
   4.8599224e-02  -1.7537175e-01  -3.8636102e+00  -8.9246213e-03   1.3655100e-02   1.0150957e-03
   5.7914710e-02  -1.9357458e-01  -3.8642268e+00  -9.7174197e-03   1.3290594e-02   1.0843715e-03
   5.9234438e-02  -1.9025515e-01  -3.8744699e+00  -1.0150121e-02   1.3731831e-02   8.7501497e-04
   7.5595732e-02  -1.9487111e-01  -3.9249668e+00  -1.2434943e-02   1.3008185e-02   5.4588839e-04
   3.9184526e-02  -1.1414820e-01  -3.7990140e+00  -9.4214599e-03   1.1853302e-02   2.6829290e-03
  -3.0155549e-03  -1.2524708e-01  -4.0276300e+00  -6.4191468e-03   7.2747093e-03   2.5983442e-03
   9.6930123e-03  -1.4690594e-01  -4.1208108e+00  -7.6951288e-03   9.0509829e-03   2.2034790e-03
   9.0514533e-03  -2.1047365e-01  -4.2511955e+00  -9.2482907e-03   1.4210361e-02   1.8081597e-03
   1.5249712e-02  -1.6752972e-01  -4.2034656e+00  -7.5579036e-03   1.3343289e-02   1.6427789e-03
   5.0517221e-02  -1.8321852e-01  -4.1881673e+00  -9.6502497e-03   1.1638292e-02   1.2697974e-03
   2.8530341e-02  -1.4111047e-01  -4.2074392e+00  -9.0407717e-03   1.2516938e-02   1.1666087e-03
   3.0551268e-02  -1.7150555e-01  -4.1541235e+00  -8.0193990e-03   1.3528337e-02   1.0895303e-03
   4.4902359e-03  -1.6577167e-01  -4.1067172e+00  -7.4900194e-03   1.3601934e-02   1.3699811e-03
   1.1262564e-02  -1.7249304e-01  -4.1906635e+00  -9.8280531e-03   1.1767450e-02   1.6341855e-03
   3.9223473e-03  -1.7308556e-01  -3.9701108e+00  -5.5331911e-03   1.2003503e-02   1.2010030e-03
  -5.3088743e-03  -2.0718284e-01  -3.9636536e+00  -5.4211946e-03   1.3263784e-02   1.7273268e-03
   4.0478734e-02  -2.4495953e-01  -4.1750063e+00  -7.7015532e-03   1.2646259e-02   9.6619266e-04
   1.4094778e-02  -1.7710781e-01  -4.0941352e+00  -7.1425061e-03   1.4595669e-02   1.0430104e-03
   1.2975605e-02  -1.6197800e-01  -4.1470362e+00  -6.7348743e-03   1.3843009e-02   1.4964103e-03
  -2.1795481e-02  -1.9624277e-01  -4.0523900e+00  -6.7050762e-03   1.4606341e-02   2.0855225e-03
   2.8241401e-02  -1.8197231e-01  -4.1488357e+00  -7.3104604e-03   1.3807537e-02   1.3451635e-03
   4.3945551e-02  -1.9513684e-01  -4.1870384e+00  -8.5139017e-03   1.3792833e-02   1.1235234e-03
   3.7510974e-02  -1.8057134e-01  -4.1788871e+00  -8.4971179e-03   1.4108821e-02   8.4707254e-04
   1.1525364e-02  -1.7884619e-01  -4.1970759e+00  -7.0560342e-03   1.4483439e-02   1.5688767e-03
   4.3920957e-02  -2.1721238e-01  -4.2396428e+00  -8.8164659e-03   1.4380241e-02   9.6055827e-04
   2.8973951e-02  -1.9993839e-01  -4.1691083e+00  -7.7005197e-03   1.4804502e-02   1.0578444e-03
   1.6177275e-02  -1.8417893e-01  -4.1385763e+00  -5.9959008e-03   1.4165422e-02   1.3093951e-03
   2.4439435e-02  -2.2808648e-01  -4.1317076e+00  -7.4726174e-03   1.4316498e-02   1.0653911e-03
   2.9990633e-02  -1.8620068e-01  -4.0758609e+00  -5.8007441e-03   1.2923619e-02   9.7030134e-04
   2.8966585e-02  -1.9089777e-01  -4.0622344e+00  -5.3681943e-03   1.5171314e-02   3.3994583e-04
   4.2242069e-02  -1.5161391e-01  -4.1282441e+00  -6.4659374e-03   1.3046246e-02   8.3258584e-04
   6.3190218e-02  -2.6383596e-01  -4.1244588e+00  -4.9022055e-03   1.6241488e-02  -7.0114002e-04
   1.7336552e-02  -2.1474994e-01  -4.2728570e+00  -4.9476392e-03   1.5068795e-02   3.6716279e-04
   2.3182889e-02  -2.4890704e-01  -4.3402967e+00  -8.0088843e-03   1.5383498e-02   5.0619033e-04
   9.9342852e-02  -2.3555959e-01  -4.2105103e+00   4.5322847e-04   1.4442066e-02  -6.1929107e-04
   2.3174982e-02  -2.6240856e-01  -4.3478883e+00  -4.5832434e-03   1.4082590e-02   5.2432094e-04
   3.2434254e-02  -2.5149521e-01  -4.3979421e+00  -5.0848183e-03   1.4619344e-02   2.8692726e-04
   4.8097342e-02  -2.0991492e-01  -4.3636608e+00  -5.4043955e-03   1.4519903e-02  -8.4337043e-05
   5.8509903e-02  -2.3560191e-01  -4.3756624e+00  -5.9279230e-03   1.5303700e-02  -5.4589362e-04
   1.9504019e-02  -1.9582706e-01  -4.4376888e+00  -4.3124532e-03   1.5378380e-02   4.9131131e-04
   2.0522093e-02  -2.5111564e-01  -4.4477084e+00  -5.8556635e-03   1.5637366e-02  -1.9614822e-04
   3.9600834e-02  -1.9609307e-01  -4.3465984e+00  -6.2882692e-03   1.5213787e-02  -6.7533334e-05
   2.3369636e-02  -2.1291271e-01  -4.3907767e+00  -7.5006816e-03   1.5388994e-02  -1.4389982e-04
   3.1071262e-02  -2.2852735e-01  -4.3896516e+00  -7.5519101e-03   1.5966624e-02  -2.5719973e-04
   1.6394073e-01  -2.4757682e-01  -4.2004344e+00  -3.1010637e-03   1.2672492e-02  -2.4255902e-03
   6.3480666e-02  -2.4894884e-01  -4.1692344e+00  -4.6486677e-03   1.2434394e-02  -5.9226868e-04
   6.2931408e-02  -2.3386109e-01  -4.2122272e+00  -4.6853295e-03   1.3461894e-02   1.9258992e-04
   7.8161730e-02  -1.9864118e-01  -4.2197541e+00  -6.8512094e-03   1.3264521e-02  -2.3249040e-04
   9.2618259e-02  -2.0195704e-01  -4.2468945e+00  -6.3584623e-03   1.3629149e-02  -4.7313722e-04
   7.8998619e-02  -2.3545120e-01  -4.2429036e+00  -5.8008788e-03   1.2421307e-02  -1.9615780e-04
   8.9563628e-02  -2.1748285e-01  -4.2531261e+00  -6.7510406e-03   1.2916746e-02  -2.1126223e-04
   7.5385318e-02  -2.1146030e-01  -4.2885712e+00  -7.0941236e-03   1.2440053e-02  -1.9507484e-04
   5.3067247e-02  -2.2997124e-01  -4.2865934e+00  -4.1323097e-03   1.3601403e-02  -1.1368129e-04
   4.2741021e-02  -1.8722639e-01  -4.2670022e+00  -5.6024710e-03   1.3388387e-02   2.1048212e-04
   6.3457943e-02  -2.5397377e-01  -4.3314217e+00  -6.3193378e-03   1.3621327e-02  -6.3648754e-05
   7.3301084e-02  -2.1928654e-01  -4.3227487e+00  -7.0310491e-03   1.4158709e-02  -4.3919397e-04
   3.6458532e-02  -1.9271514e-01  -4.3798033e+00  -7.5246974e-03   1.2998853e-02   7.9707062e-04
   5.9587008e-02  -2.1074415e-01  -4.3069244e+00  -6.3820558e-03   1.3806063e-02   2.4803004e-05
   6.2654447e-02  -2.1106509e-01  -4.3167705e+00  -6.2358925e-03   1.3330280e-02   1.4865316e-04
   6.3819306e-02  -1.9221017e-01  -4.3499808e+00  -8.0089448e-03   1.4030276e-02   5.8517012e-06
  -7.7016057e-03  -1.8086781e-01  -4.3650909e+00  -6.7653266e-03   1.6300612e-02   1.4029304e-03
   6.4508812e-02  -1.9242827e-01  -4.3219971e+00  -8.2368595e-03   1.4761304e-02   6.4909249e-04
   2.1887966e-02  -1.8664416e-01  -4.4147135e+00  -8.5932282e-03   1.5344390e-02   1.0121848e-03
   3.3682364e-02  -1.8640018e-01  -4.4384341e+00  -8.3089253e-03   1.5407275e-02   6.2564586e-04
   5.0629467e-02  -1.9718140e-01  -4.3788574e+00  -6.5963201e-03   1.4907913e-02   6.8500101e-04
   4.7273681e-02  -2.2457145e-01  -4.2402700e+00  -4.7860906e-03   1.5092436e-02   8.2325460e-04
   5.5227461e-02  -1.8875028e-01  -4.3385632e+00  -6.6182330e-03   1.4656377e-02   5.5486575e-04
   6.6323902e-02  -1.8224066e-01  -4.3899403e+00  -7.9674756e-03   1.5140887e-02   2.7990619e-04
   5.8858273e-03  -2.2550071e-01  -4.5412524e+00  -8.9474793e-03   1.4577760e-02   1.3551485e-03
   5.2225470e-02  -2.0260132e-01  -4.4502684e+00  -6.8526742e-03   1.5097846e-02   3.8159029e-04
  -5.4593632e-03  -1.8728405e-01  -4.4649363e+00  -7.8087225e-03   1.5414565e-02   1.4038979e-03
   3.3063381e-02  -1.8256923e-01  -4.4118276e+00  -7.3744139e-03   1.5244437e-02   9.9844731e-04
   3.7525194e-02  -2.1915893e-01  -4.4995481e+00  -4.5900148e-03   1.5867783e-02   4.5414021e-04
  -9.9947425e-03  -2.0115603e-01  -4.3985187e+00  -7.0406671e-03   1.6920346e-02   2.1550871e-03
   3.6509777e-02  -2.6510255e-01  -4.4320081e+00  -2.9314199e-03   1.5091792e-02   9.9486811e-04
   4.9875621e-02  -2.5918853e-01  -4.4232358e+00  -6.0629767e-03   1.5138522e-02   3.5527432e-04
   5.8750121e-02  -1.8529123e-01  -4.4484797e+00  -6.9202959e-03   1.5621388e-02   5.3060900e-04
   5.2868385e-03  -2.3231125e-01  -4.5146340e+00  -6.8317954e-03   1.6647830e-02   1.2075285e-03
   3.0322811e-02  -2.2095194e-01  -4.4954077e+00  -5.5945915e-03   1.6160093e-02   1.2154824e-03
  -1.3483144e-02  -1.4623713e-01  -4.4781392e+00  -5.9016729e-03   1.3966100e-02   8.5825540e-04
   4.8582626e-02  -2.1381496e-01  -4.3341284e+00  -4.2856217e-03   1.2167894e-02   6.7575606e-04
   6.3811733e-02  -1.8806916e-01  -4.3693033e+00  -6.3765530e-03   1.3346634e-02  -2.4104675e-04
   5.9787458e-02  -2.1794360e-01  -4.2475675e+00  -3.0632152e-03   1.3558482e-02   5.4134992e-04
   8.8935614e-02  -2.0389104e-01  -4.3513613e+00  -7.2824937e-03   1.3219985e-02  -1.6088048e-04
   9.6554691e-02  -1.8859397e-01  -4.4159519e+00  -5.6163853e-03   1.3529718e-02  -2.5812948e-04
   1.1058531e-01  -2.3775835e-01  -4.3839867e+00  -6.9488993e-03   1.2947245e-02  -2.6497266e-04
   1.2020267e-01  -1.7636262e-01  -4.4532055e+00  -8.6885111e-03   1.2090208e-02  -9.9703567e-04
   6.0321533e-02  -2.0113211e-01  -4.3130890e+00  -5.5691415e-03   1.2601123e-02   4.8975419e-04
   7.0643087e-02  -1.8236529e-01  -4.3761710e+00  -6.6417984e-03   1.3394538e-02   2.0007264e-04
   1.0418843e-01  -2.0023629e-01  -4.3633361e+00  -8.2004025e-03   1.4122008e-02  -9.9291572e-05
   1.0059721e-01  -1.8206713e-01  -4.3470028e+00  -6.0654451e-03   1.3680579e-02  -3.5051892e-04
   6.0719946e-02  -2.4043102e-01  -4.2627289e+00  -4.9773852e-03   1.3177855e-02   1.0239892e-03
   1.2085442e-01  -2.4124362e-01  -4.2833136e+00  -3.1567735e-03   1.2122293e-02  -1.0631331e-03
   5.5086677e-02  -2.3243394e-01  -4.2848614e+00  -3.5053513e-03   1.3182792e-02   7.2531773e-04
   5.5720300e-02  -2.1713945e-01  -4.2794269e+00  -4.0061861e-03   1.3147064e-02   4.3135078e-04
   4.8232676e-02  -1.7898643e-01  -4.2186093e+00  -4.8748116e-03   1.4030187e-02   3.1679981e-04
   5.4575270e-02  -1.7461371e-01  -4.3430282e+00  -9.0317798e-03   1.4600928e-02   2.9331600e-04
   1.8317448e-01  -2.2283133e-01  -3.7602207e+00  -1.4333313e-02   1.3764005e-02  -9.7356052e-04
   1.0547488e-01  -2.0728704e-01  -4.3477026e+00  -2.5630847e-02   1.9543977e-02   2.2397771e-03
   5.2321679e-02  -3.3308119e-01  -3.8903172e+00  -1.4521037e-02   2.3087751e-02   3.2083177e-03
   6.9139980e-02  -2.8699820e-01  -3.9231589e+00  -3.9124576e-03   2.3775720e-02   4.8764192e-03
   6.9804089e-03  -2.3908531e-01  -4.8058131e+00  -9.5249487e-03   1.8289676e-02   3.2435270e-03
   2.1953061e-02  -2.3437603e-01  -4.4343715e+00  -5.9400449e-03   1.7881587e-02   2.6397301e-03
   1.7143454e-02  -2.4674842e-01  -4.3431065e+00  -6.1882385e-03   1.8249533e-02   2.6288501e-03
   1.3222399e-03  -2.3312957e-01  -4.2891434e+00  -6.0242747e-03   1.8962583e-02   2.4142332e-03
  -5.4716228e-04  -2.3454718e-01  -4.3252364e+00  -6.6074378e-03   1.8935631e-02   2.4466183e-03
  -1.5793237e-03  -2.4629622e-01  -4.3570954e+00  -6.9254325e-03   1.8916011e-02   2.6400353e-03
  -2.7623270e-02  -2.1363543e-01  -4.3286749e+00  -5.1043216e-03   1.9366813e-02   2.9610226e-03
  -2.3452732e-02  -2.4957709e-01  -4.2644795e+00  -4.6161092e-03   1.9971740e-02   2.5686027e-03
  -2.0217525e-02  -2.3023749e-01  -4.2735371e+00  -5.4582855e-03   1.9914411e-02   2.5997751e-03
  -1.6021398e-02  -2.4571204e-01  -4.2423937e+00  -4.6120991e-03   1.8856391e-02   2.7960273e-03
   1.1626195e-01  -2.1337288e-01  -3.3099978e+00  -3.9067887e-03   1.6052850e-02   1.4544793e-03
   1.1409687e-01  -2.3394077e-01  -3.6457882e+00  -5.5047864e-03   1.6124724e-02   1.7164355e-03
   1.0497996e-01  -1.6402475e-01  -3.7765065e+00  -6.6825186e-03   1.7500082e-02   1.5115620e-03
   4.0245844e-02  -1.4082129e-01  -3.8973950e+00  -8.6777598e-03   1.7394125e-02   2.7818662e-03
   8.2948863e-02  -2.2656461e-01  -3.8847642e+00  -8.3724195e-03   1.8684882e-02   1.7131218e-03
   8.4592066e-02  -1.9713301e-01  -3.8936198e+00  -3.7963867e-03   1.8848636e-02   1.3937548e-03
   5.5398122e-02  -2.7494147e-01  -3.8922012e+00  -8.9651513e-03   1.9289456e-02   1.9446379e-03
   7.3130903e-02  -2.2702190e-01  -3.7375698e+00  -6.4699763e-03   1.7456329e-02   1.7358252e-03
   8.5506900e-02  -2.3234800e-01  -3.7407433e+00  -6.3164377e-03   1.7714011e-02   1.3412207e-03
   1.0770619e-01  -2.1509303e-01  -3.6409573e+00  -7.5087078e-03   1.8107213e-02   1.0206323e-03
   7.9090380e-02  -2.3756208e-01  -3.7408982e+00  -5.9533054e-03   1.8072207e-02   8.8592335e-04
   7.9327113e-02  -2.1835882e-01  -3.7539331e+00  -6.6601936e-03   1.7516710e-02   1.5910909e-03
   5.4627161e-02  -2.3941475e-01  -3.8416781e+00  -2.9038445e-03   1.9066129e-02   2.5358547e-03
   1.0573622e-01  -2.4623667e-01  -3.9875995e+00  -5.2972982e-03   1.8654694e-02   1.6531194e-03
   1.0731600e-01  -2.4779215e-01  -3.9943390e+00  -4.6276628e-03   1.8385375e-02   1.4245288e-03
   1.1475639e-01  -2.5161916e-01  -4.0218442e+00  -4.5910765e-03   1.8458692e-02   1.2530096e-03
   1.0759907e-01  -2.2738625e-01  -4.0796620e+00  -6.4068969e-03   1.7308462e-02   1.2754120e-03
   1.0627316e-01  -2.6298637e-01  -4.0396856e+00  -9.2855723e-03   2.0860543e-02   2.1794697e-04
   1.8509792e-01  -2.5471136e-01  -3.4217100e+00  -1.4918620e-02   1.5997598e-02   1.6073368e-03
   1.3071928e-01  -1.8157129e-01  -4.1534141e+00  -9.2933742e-03   7.1135850e-03   1.7666309e-03
   1.4062334e-01  -1.9837410e-01  -4.3756125e+00  -1.2400847e-02   3.0306173e-03   1.0162812e-03
   1.2699813e-01  -2.0351228e-01  -4.3636243e+00  -1.4002410e-02   3.6363556e-03   7.0479278e-04
   1.3484007e-01  -1.7846697e-01  -4.3136902e+00  -1.3539709e-02   3.8090953e-03   8.0278411e-04
   1.3116957e-01  -2.1366125e-01  -4.2882739e+00  -1.2427932e-02   4.8802527e-03   6.3109540e-04
   1.4808009e-01  -2.1312964e-01  -4.3112959e+00  -1.3346385e-02   4.4690689e-03   7.2555800e-04
   1.5156625e-01  -1.8726177e-01  -4.3083758e+00  -1.4572324e-02   5.3843453e-03   8.3642800e-04
   1.5501590e-01  -2.1382227e-01  -4.3266260e+00  -1.2440346e-02   7.7867732e-03  -3.0455620e-04
   1.3311350e-01  -2.1220990e-01  -4.1557604e+00  -1.1617640e-02   8.3776698e-03   8.4248676e-05
   9.9976761e-02  -1.8675666e-01  -4.1316032e+00  -1.8466467e-02   1.2029749e-02   1.1327977e-04
   1.6699192e-01  -2.1887540e-01  -3.9482659e+00  -2.8639905e-02   1.1343919e-02   1.0658754e-03
   1.3524075e-01  -2.8505814e-01  -3.3943281e+00  -1.5804375e-02   1.3900923e-02   2.1982753e-03
   1.9039389e-01  -2.7985057e-01  -3.7001818e+00  -1.3990542e-02   1.6418282e-02   2.1262201e-03
   1.1581128e-01  -2.2992292e-01  -4.2482501e+00  -1.3703454e-02   1.4581084e-02   1.3635987e-04
   1.1198355e-01  -2.1733918e-01  -4.1438699e+00  -1.3766750e-02   1.5601115e-02  -1.1787369e-04
   1.2721466e-01  -2.4238046e-01  -4.1231298e+00  -1.4951098e-02   1.5373063e-02  -3.3616728e-04
   1.2714555e-01  -2.3663422e-01  -4.0469424e+00  -1.3241658e-02   1.5412086e-02  -5.5741981e-04
   1.2565252e-01  -2.0904546e-01  -3.9697217e+00  -1.3013525e-02   1.5395632e-02  -4.1336093e-04
   1.1153247e-01  -1.8259099e-01  -4.0094854e+00  -5.2429018e-03   1.6939287e-02  -6.4055006e-04
   1.1042225e-01  -2.0406057e-01  -4.6870489e+00  -1.0083444e-02   1.6612999e-02  -1.1813535e-03
   1.2705652e-01  -2.3078362e-01  -4.4999531e+00  -9.4026834e-03   1.5658352e-02  -9.2192209e-04
   1.3131277e-01  -1.7028112e-01  -4.5399828e+00  -9.5094509e-03   1.5395470e-02  -9.6628760e-04
   1.3754370e-01  -1.7658857e-01  -4.5244791e+00  -1.0442859e-02   1.4873070e-02  -1.3539963e-03
   1.3180463e-01  -2.3241074e-01  -4.4885513e+00  -8.9289779e-03   1.5614231e-02  -1.0552933e-03
   1.2975808e-01  -2.0795161e-01  -4.4819535e+00  -9.1083802e-03   1.5694701e-02  -1.2058695e-03
   1.0056468e-01  -2.3531929e-01  -4.3838031e+00  -7.7119096e-03   1.6890189e-02  -7.1198685e-04
   8.9881174e-02  -2.2022488e-01  -4.3708674e+00  -7.5632363e-03   1.6915638e-02  -4.2294284e-04
   9.2614681e-02  -2.0962546e-01  -4.4732073e+00  -8.4915809e-03   1.6998975e-02  -4.7083366e-04
   1.1435857e-01  -1.5623413e-01  -4.4341555e+00  -9.2583254e-03   1.7046829e-02  -1.0200039e-03
   1.1943104e-01  -1.8199034e-01  -4.4530720e+00  -9.4614860e-03   1.6595682e-02  -1.0511289e-03
   1.2533799e-01  -2.2472914e-01  -4.4257400e+00  -8.8935558e-03   1.6840132e-02  -1.1791320e-03
   1.3324213e-01  -1.9109481e-01  -4.4081165e+00  -7.2338237e-03   1.7186069e-02  -1.3601031e-03
   1.4067680e-01  -1.6596262e-01  -4.3808750e+00  -7.1320149e-03   1.6666572e-02  -1.4917128e-03
   1.4172234e-01  -1.8538522e-01  -4.4030331e+00  -8.3902976e-03   1.6195518e-02  -1.4525029e-03
   1.3299712e-01  -2.5373600e-01  -4.3361744e+00  -2.6257826e-03   1.7458427e-02  -1.4714631e-03
   5.9486974e-02  -1.7921094e-01  -4.6421401e+00  -5.1154596e-03   1.7731704e-02  -9.5856289e-04
   1.0086620e-01  -2.3628052e-01  -4.6097828e+00  -3.5886956e-03   1.9084147e-02  -1.4844343e-03
   6.9848223e-02  -2.6876133e-01  -4.5913659e+00  -3.4752808e-03   1.6263232e-02  -4.2166574e-04
   1.1864317e-01  -2.5712718e-01  -4.6258174e+00  -3.6782214e-03   1.5952121e-02  -1.2532625e-03
   1.2573839e-01  -2.9622954e-01  -4.6599682e+00  -2.4352521e-03   1.6518402e-02  -1.0056902e-03
   1.1180750e-01  -2.3496416e-01  -4.8054017e+00  -6.3468435e-03   1.5883847e-02  -6.0645411e-04
   1.4399214e-01  -2.6907569e-01  -4.5474018e+00  -3.1190324e-03   1.6066495e-02  -1.0258438e-03
   1.3453267e-01  -2.2752332e-01  -4.6098680e+00  -5.0243551e-03   1.6241011e-02  -6.6278876e-04
   1.3927897e-01  -2.4180678e-01  -4.5322781e+00  -4.8990468e-03   1.6215773e-02  -8.1849663e-04
   1.3199601e-01  -2.2056482e-01  -4.5500130e+00  -5.9560286e-03   1.5981426e-02  -3.5639113e-04
   1.3744810e-01  -2.1386598e-01  -4.4599679e+00  -6.8247507e-03   1.5466625e-02  -2.8134622e-04
   1.2930698e-01  -2.8094121e-01  -4.3732491e+00  -6.0534430e-03   1.3136555e-02  -1.1830597e-03
   1.1812575e-01  -2.6921773e-01  -4.4288629e+00  -6.5009434e-03   1.2390682e-02   6.5125361e-04
   1.4965549e-01  -1.8533203e-01  -4.3750261e+00  -4.7542184e-03   1.1047073e-02  -1.6872792e-04
   1.4544434e-01  -2.8190710e-01  -4.3143303e+00  -6.7219002e-03   1.1474046e-02  -1.4650190e-04
   1.8657231e-01  -2.3220119e-01  -4.1414394e+00  -1.7078718e-03   1.1740048e-02  -8.5239811e-04
   1.9467602e-01  -2.2254705e-01  -4.2087246e+00  -4.6706131e-03   1.3156527e-02  -8.6955091e-04
   1.5521051e-01  -2.0631719e-01  -4.5069785e+00  -6.0537094e-03   1.4412998e-02  -3.5608442e-04
   1.5996442e-01  -1.7991474e-01  -4.5037161e+00  -5.5493958e-03   1.4696507e-02  -3.0091164e-04
   1.4292027e-01  -2.4157920e-01  -4.3823899e+00  -3.6960290e-03   1.4611073e-02  -2.1043502e-05
   1.6110526e-01  -1.9444787e-01  -4.4276993e+00  -5.2788299e-03   1.4786383e-02  -3.5138096e-04
   1.5921502e-01  -2.3261346e-01  -4.4286994e+00  -4.4059149e-03   1.4335891e-02  -2.5745402e-04
   1.3943345e-01  -1.9583489e-01  -4.4739199e+00  -9.5214306e-03   1.6934639e-02  -4.0910423e-04
   1.3545201e-01  -2.1483857e-01  -4.3449422e+00  -6.2441873e-03   1.7334769e-02  -4.8778915e-04
   1.3836994e-01  -1.8753814e-01  -4.4397198e+00  -7.1487193e-03   1.8124462e-02  -7.7309528e-04
   1.1726721e-01  -2.3536834e-01  -4.5233765e+00  -5.8109919e-03   1.8036211e-02  -5.3944357e-04
   2.1380291e-01  -2.1537985e-01  -4.0654873e+00  -8.3252367e-03   1.7978750e-02  -1.1365625e-03
   9.7252011e-02  -1.8808914e-01  -4.1768205e+00  -4.8540895e-03   1.6238036e-02   1.3998321e-03
   1.0543286e-01  -2.6087546e-01  -4.2476369e+00   2.1483897e-03   2.0526719e-02  -7.2352090e-04
   1.3039595e-01  -2.1020009e-01  -4.8884586e+00  -8.1259933e-03   1.8997803e-02  -7.3940416e-04
   1.3050836e-01  -2.7435175e-01  -4.7675875e+00  -4.3123746e-03   1.8730101e-02  -9.5898737e-04
   1.2293835e-01  -2.0630630e-01  -4.9116790e+00  -3.5966782e-03   1.3897946e-02  -5.8230034e-04
   1.2398858e-01  -2.4386325e-01  -4.9540507e+00  -5.9939364e-03   1.4565934e-02  -7.5998500e-04
   1.2235222e-01  -2.6272559e-01  -4.9470506e+00  -4.2372645e-03   1.4561563e-02  -3.7447281e-04
   1.0766083e-01  -2.5356003e-01  -4.8530607e+00  -4.0665532e-03   1.3650469e-02  -4.4191494e-04
   1.0099384e-01  -2.1030760e-01  -4.8649852e+00  -4.5706345e-03   1.4084619e-02  -1.0147526e-05
   1.1586839e-01  -2.3591166e-01  -4.7989641e+00  -4.4109446e-03   1.4852779e-02  -4.9416345e-04
   1.1436523e-01  -2.6867849e-01  -4.7849296e+00  -3.8984855e-03   1.4072233e-02  -5.4669999e-04
   1.0053112e-01  -2.6214185e-01  -4.8156644e+00  -4.4376482e-03   1.4362294e-02  -1.3276676e-04
   9.2567287e-02  -2.0171266e-01  -4.7231133e+00  -5.1010319e-03   1.5048890e-02  -5.3574163e-04
   1.1862873e-01  -2.6121365e-01  -4.8019533e+00  -3.7478142e-03   1.5040357e-02  -4.5366918e-04
   1.2072666e-01  -2.4877323e-01  -4.8321190e+00  -4.7996297e-03   1.5034469e-02  -4.0382451e-04
   1.0845455e-01  -2.4496127e-01  -4.8103720e+00  -4.7090579e-03   1.5089034e-02  -3.6363089e-04
   1.1840746e-01  -2.3573617e-01  -4.7628407e+00  -3.5935421e-03   1.6359808e-02  -6.9532199e-04
   1.2824808e-01  -2.6551890e-01  -4.8028129e+00  -2.2558191e-03   1.5663893e-02  -4.3290434e-04
   1.4618949e-01  -2.7116164e-01  -4.7560664e+00  -2.2117241e-03   1.5564913e-02  -7.8745688e-04
   1.8755075e-01  -2.1666362e-01  -4.2883492e+00  -1.1392773e-02   1.1997123e-02  -1.1550132e-03
   4.5856219e-02  -1.9654399e-01  -4.3476367e+00  -7.2615462e-03   1.4609074e-02   8.4314078e-04
   6.7391169e-02  -2.7109220e-01  -4.4255187e+00  -5.9633410e-03   1.2170013e-02   1.7259804e-03
   1.0552162e-01  -2.0858338e-01  -4.4396543e+00  -5.9055256e-03   1.3142033e-02   6.7950717e-04
  -2.3566237e-02  -2.4057879e-01  -5.5020487e+00  -7.4742578e-03   1.4527762e-02   1.3312244e-03
   2.7306478e-02  -2.4626546e-01  -5.2430079e+00  -7.8443823e-03   1.2114523e-02   6.1352331e-04
   3.8793587e-02  -2.7841329e-01  -5.2258757e+00  -5.5863644e-03   1.2194353e-02   4.5544228e-04
   6.4251255e-02  -1.8997775e-01  -5.2080417e+00  -6.6771494e-03   1.2527676e-02  -3.0764959e-05
   7.9573121e-02  -2.6593883e-01  -5.1304018e+00  -1.0201049e-02   1.4326442e-02   9.1813100e-04
   1.1768186e-01  -3.3498750e-01  -5.0435494e+00  -2.1821440e-03   1.5032209e-02   1.0497616e-04
   1.5078382e-01  -3.1314435e-01  -5.2203760e+00  -5.4771492e-03   1.4554084e-02  -3.4807637e-04
   1.4426787e-01  -3.0394299e-01  -5.1634577e+00  -4.3480802e-03   1.4672069e-02  -2.5026049e-04
   6.8610043e-02  -3.1282330e-01  -5.1998948e+00  -1.3410465e-03   1.5801973e-02  -2.0962924e-04
   5.3797674e-02  -3.0058087e-01  -5.6314952e+00  -3.2785772e-03   1.3384240e-02   4.1354498e-04
   4.4059093e-02  -3.3787252e-01  -5.5437855e+00  -2.4134122e-03   1.7793022e-02   8.5369669e-04
   6.8781428e-02  -3.3154305e-01  -5.4950347e+00  -1.3712765e-03   1.5996194e-02   4.5055556e-04
   9.5205558e-02  -3.2843150e-01  -5.4906053e+00  -2.7230491e-03   1.5807010e-02   1.4021624e-04
   1.1397092e-01  -3.2533501e-01  -5.4728370e+00  -3.3386139e-03   1.5706662e-02  -9.3512677e-05
   1.1360839e-01  -3.6803606e-01  -5.4252870e+00  -1.8885425e-03   1.5551121e-02  -1.3200499e-04
   1.0575086e-01  -3.0330480e-01  -5.4253488e+00  -2.3745950e-03   1.5127591e-02  -3.7536068e-05
   1.1102827e-01  -3.0529442e-01  -5.3708355e+00  -2.2439818e-03   1.5250199e-02  -6.2548593e-06
   1.2868231e-01  -3.1422644e-01  -5.4096871e+00  -2.9185198e-03   1.5511295e-02  -1.5482049e-04
   5.9186641e-02  -3.1259611e-01  -5.4453867e+00  -3.5756501e-03   1.5890554e-02   1.0281974e-03
   9.0509876e-02  -3.1014458e-01  -5.3806990e+00  -1.9468603e-03   1.5255442e-02   5.8263013e-04
   1.1590430e-01  -2.9038599e-01  -5.4111072e+00  -1.8755519e-03   1.7194098e-02   1.0575733e-04
   4.0587389e-02  -2.7088828e-01  -5.2727124e+00  -1.2265609e-03   1.6049005e-02   1.9848329e-03
   7.3099426e-02  -3.0942402e-01  -5.2587475e+00  -2.1480046e-03   1.5712247e-02   1.3731978e-03
   9.6206584e-02  -3.0924359e-01  -5.3126619e+00  -3.0784973e-03   1.5402409e-02   1.0524389e-03
   9.1011264e-02  -2.7340437e-01  -5.2754057e+00  -4.0623485e-03   1.5835078e-02   1.1880593e-03
   9.3650733e-02  -3.2291848e-01  -5.1432782e+00  -3.3013724e-03   1.7456805e-02   6.6589611e-04
   8.1154964e-02  -3.1355331e-01  -5.2178490e+00  -1.3625136e-03   1.5713642e-02   1.2061748e-03
   9.1181320e-02  -2.8240354e-01  -5.2358829e+00  -1.7059923e-03   1.5721172e-02   8.7142917e-04
   7.5138324e-02  -3.2554302e-01  -5.2697948e+00  -1.1928252e-03   1.4887111e-02   1.4371766e-03
   1.1473364e-01  -2.7633468e-01  -5.3377167e+00  -2.6825378e-03   1.5465445e-02   6.0640331e-04
   5.1016222e-02  -3.4021847e-01  -5.2104130e+00  -6.5644700e-04   1.5409916e-02   1.8596020e-03
   1.3053611e-01  -3.3095011e-01  -5.3077527e+00   5.8918010e-04   1.7739001e-02   4.3847580e-04
   1.1927455e-01  -3.1716461e-01  -5.3258642e+00   5.7157965e-04   1.6122176e-02   9.2798940e-04
   8.6222973e-02  -3.0063425e-01  -5.3191164e+00  -2.5050194e-03   1.7094562e-02   6.9341989e-04
   7.5866151e-02  -2.9720854e-01  -4.9121546e+00  -3.2039370e-04   1.7566001e-02   1.8117212e-03
   1.2414289e-01  -2.7355265e-01  -4.9954894e+00  -1.4339158e-04   1.7191069e-02   7.6870396e-04
   7.5749855e-02  -2.5980529e-01  -5.1691764e+00  -5.1725131e-03   2.1198739e-02   1.1974108e-03
   3.4448418e-02  -2.6995452e-01  -5.0425711e+00  -3.5685828e-03   1.9606948e-02   2.7522905e-03
   8.9192885e-02  -2.8478918e-01  -5.1177194e+00  -1.1225167e-03   1.7845701e-02   1.6462674e-03
   1.0227413e-01  -2.9683244e-01  -5.1847956e+00  -2.0518014e-03   1.6818553e-02   1.6213293e-03
   1.0984290e-01  -2.9873431e-01  -5.1556028e+00  -1.9462320e-03   1.7678360e-02   1.3602183e-03
   1.6594434e-01  -3.0028678e-01  -5.0737395e+00  -1.1897043e-03   1.6045528e-02   4.1022213e-04
   6.8806788e-02  -2.8741747e-01  -4.6266078e+00   2.4363020e-04   1.6658900e-02   2.5765596e-03
   1.1879736e-01  -2.9935176e-01  -4.8863223e+00  -2.4991704e-03   1.5888002e-02   1.3913775e-03
   1.2159629e-01  -2.8986135e-01  -4.9009060e+00  -5.4866964e-03   1.5979686e-02   1.2920070e-03
   9.5663796e-02  -3.0147838e-01  -4.8088368e+00  -2.4149724e-03   1.6138302e-02   1.7282365e-03
   9.3622454e-02  -2.7874589e-01  -4.9216999e+00  -2.8194286e-03   1.7455966e-02   9.8433815e-04
   1.0224261e-01  -2.8546920e-01  -4.8159160e+00  -3.5855767e-03   1.5874236e-02   1.5102219e-03
   1.1380876e-01  -2.7632016e-01  -4.8185324e+00  -4.3808545e-03   1.5278996e-02   1.5076770e-03
   6.4066894e-02  -2.5645540e-01  -4.8500768e+00  -1.6934859e-02   1.6970821e-02   9.2934980e-04
   1.4930897e-01  -2.2294828e-01  -3.8816996e+00  -1.1103058e-02   1.4170788e-02   2.2274786e-03
   1.0959257e-01  -2.5058691e-01  -4.1800470e+00  -1.4624230e-02   1.9093433e-02   3.0259198e-03
   1.0838828e-01  -1.8842872e-01  -4.7589154e+00  -2.1431844e-02   1.3923998e-02   2.6010673e-03
   1.0413903e-01  -2.5418128e-01  -4.5529484e+00  -1.2913750e-02   1.2893131e-02   2.2446607e-03
   1.0045177e-01  -2.9449290e-01  -4.4314447e+00  -1.2449616e-02   1.3756762e-02   2.0819309e-03
   1.1358436e-01  -3.2978624e-01  -4.4056070e+00  -1.1307548e-02   1.4533573e-02   1.6884873e-03
   1.2740443e-01  -2.7406432e-01  -4.5783716e+00  -9.8896657e-03   1.0867177e-02   2.1596728e-03
   1.4211905e-01  -2.9765487e-01  -4.6051281e+00  -1.2358302e-02   1.1894431e-02   1.2093857e-03
   9.6965321e-02  -2.9326038e-01  -5.1740869e+00  -1.4437156e-02   1.5260878e-02   1.9678742e-03
   1.1085979e-01  -2.8406526e-01  -4.8732875e+00  -1.1340457e-02   1.3761020e-02   1.8832441e-03
   1.1148290e-01  -2.2490038e-01  -4.8915906e+00  -1.2770389e-02   1.3764577e-02   1.9006499e-03
   1.0745619e-01  -2.3468081e-01  -4.8405537e+00  -1.3402087e-02   1.5523764e-02   1.3186776e-03
   6.6786147e-02  -2.9055846e-01  -4.5920511e+00  -9.9468683e-03   1.6692157e-02   2.6699927e-03
   9.7918582e-02  -2.5070679e-01  -4.6641673e+00  -1.3390043e-02   1.5852187e-02   1.9372257e-03
   1.3774519e-01  -2.8202813e-01  -4.7549158e+00  -1.2396027e-02   1.7453173e-02   7.5590265e-04
   1.2171514e-01  -2.4421304e-01  -4.5899236e+00  -1.2646948e-02   1.7650597e-02   8.3112058e-04
   1.2908887e-01  -2.4879085e-01  -4.6278731e+00  -1.3002450e-02   1.7571502e-02   6.2797861e-04
   1.3274228e-01  -2.6478517e-01  -4.6881615e+00  -1.4224298e-02   1.7392836e-02   5.1217448e-04
   1.1745054e-01  -2.4185063e-01  -4.6965745e+00  -1.5508471e-02   1.7359013e-02   1.3985645e-03
   8.9681262e-02  -2.3048215e-01  -4.7378854e+00  -1.7153789e-02   1.6727168e-02   1.8077013e-03
   1.1406079e-01  -2.2096644e-01  -4.7090764e+00  -1.4084560e-02   1.7459246e-02   2.1585825e-04
   8.8979635e-02  -2.7584115e-01  -4.7080057e+00  -1.5821827e-02   1.8977016e-02   6.7095366e-04
   6.8779930e-02  -1.6954387e-01  -4.5027809e+00  -1.2125659e-02   1.6237611e-02   2.4218572e-03
   9.4646535e-02  -1.8157033e-01  -4.5802862e+00  -1.1296763e-02   1.7401195e-02   2.0293998e-03
   8.5421021e-02  -2.0637789e-01  -4.6572970e+00  -7.7801610e-03   1.7386666e-02   1.7418916e-03
   1.0833845e-01  -2.3475200e-01  -4.5957105e+00  -8.2879749e-03   1.8040632e-02   1.3900997e-03
   1.3023668e-01  -2.2586405e-01  -4.6856853e+00  -9.7230616e-03   1.6589001e-02   9.3250460e-04
   1.2324662e-01  -2.8467262e-01  -4.6828856e+00  -1.0063530e-02   1.7093558e-02   1.0937625e-03
   1.3675348e-01  -2.3463235e-01  -4.7000218e+00  -1.0022763e-02   1.7432464e-02   8.9569331e-04
   1.2723222e-01  -2.7732436e-01  -4.6875129e+00  -9.8267893e-03   1.7316864e-02   9.0566227e-04
   6.8704126e-02  -2.3950050e-01  -4.5414987e+00  -7.1817758e-03   1.7547671e-02   1.8431936e-03
   8.9358264e-02  -2.4129669e-01  -4.5724912e+00  -9.2886224e-03   1.7833885e-02   1.7167961e-03
   8.7135105e-02  -2.4394150e-01  -4.6364017e+00  -6.5340045e-03   1.8266884e-02   1.6499005e-03
   7.3034028e-02  -2.3549640e-01  -4.5923272e+00  -9.5066363e-03   1.7887228e-02   1.6646719e-03
   8.3165862e-02  -2.4870023e-01  -4.6381366e+00  -6.5748632e-03   1.4946110e-02   1.6637413e-03
   9.4169078e-02  -1.7196491e-01  -4.7112988e+00  -1.0857138e-02   1.5825658e-02   1.7552386e-03
   1.0291159e-01  -2.6295847e-01  -4.7182216e+00  -7.4848182e-03   1.5423391e-02   1.0321634e-03
   9.9533357e-02  -2.2855127e-01  -4.8050136e+00  -8.5639015e-03   1.5837590e-02   9.9569284e-04
   1.0963123e-01  -2.9198711e-01  -4.8672250e+00  -8.8979340e-03   1.6552061e-02   7.9969081e-04
   1.0219973e-01  -1.7267149e-01  -4.8551731e+00  -6.5287158e-03   1.8371737e-02   2.9211490e-05
   1.0018290e-01  -2.4755474e-01  -4.9265980e+00  -8.5452596e-03   1.6475847e-02   8.4536418e-04
   1.0164002e-01  -2.8535633e-01  -4.9146060e+00  -9.5999026e-03   1.9125249e-02  -3.8437051e-04
   8.5655761e-02  -2.6767672e-01  -4.8384942e+00  -8.1284326e-03   1.6871914e-02   9.1443731e-04
   8.0812263e-02  -2.8584337e-01  -4.9013473e+00  -7.6420041e-03   1.6828074e-02   6.7141394e-04
   9.7118543e-02  -2.7548947e-01  -4.8892126e+00  -8.6238640e-03   1.6187100e-02   7.9574609e-04
   1.1505073e-01  -2.4719212e-01  -4.9253504e+00  -8.8462838e-03   1.6574511e-02   3.0284628e-04
   1.1529746e-01  -2.7506252e-01  -4.8815233e+00  -8.5572665e-03   1.6283307e-02   6.4032163e-04
   1.2276864e-01  -2.5977748e-01  -4.9205032e+00  -8.5264606e-03   1.6099035e-02   4.9444324e-04
   1.1660939e-01  -2.9003672e-01  -4.8599810e+00  -1.3475346e-02   1.7855707e-02   8.3462012e-04
   8.2421655e-02  -1.9583591e-01  -4.6670483e+00  -7.9960713e-03   1.7171908e-02   1.3430989e-03
   9.2854636e-02  -2.4850133e-01  -4.6604388e+00  -4.4913739e-03   1.6583417e-02   1.5041409e-03
   1.1523937e-01  -2.2292763e-01  -5.0893315e+00  -1.0370661e-02   1.4258760e-02   7.1592132e-04
   1.0352667e-01  -2.6075376e-01  -4.9372683e+00  -6.0262451e-03   1.4962209e-02   4.9287604e-04
   8.9745092e-02  -2.3199043e-01  -4.9356033e+00  -6.6652112e-03   1.4305426e-02   8.7513219e-04
   7.8176305e-02  -2.7468466e-01  -4.8673033e+00  -4.7941493e-03   1.4968196e-02   1.1958663e-03
   6.7474803e-02  -2.7390641e-01  -4.9281956e+00  -6.4472917e-03   1.5818902e-02   1.6933804e-03
   1.1445165e-01  -2.6102564e-01  -4.8838498e+00  -6.3997039e-03   1.5126596e-02   6.8551820e-04
   1.0939243e-01  -2.2962052e-01  -4.9844531e+00  -7.6938450e-03   1.5306443e-02   7.8899437e-04
   1.1815851e-01  -2.6740423e-01  -4.9834431e+00  -7.1352065e-03   1.5577996e-02   5.4032406e-04
   1.0929334e-01  -2.4053302e-01  -5.0037210e+00  -1.0528231e-02   1.6378693e-02  -1.7409362e-04
   6.0011165e-02  -2.1245622e-01  -4.8474509e+00  -7.3312108e-03   1.6919814e-02   1.5117258e-03
   4.9203140e-02  -2.5846420e-01  -4.8100513e+00  -1.2093343e-02   1.9509237e-02   1.7418051e-03
   1.4209163e-01  -2.5655872e-01  -4.8946092e+00  -6.6835749e-03   1.3919054e-02   1.1183071e-03
   1.4265423e-01  -3.0457950e-01  -4.8881171e+00  -6.3852605e-03   1.4273958e-02   8.5522485e-04
   1.5231169e-01  -2.1040202e-01  -4.9131360e+00  -4.3926485e-03   1.4801421e-02   1.2054772e-04
   1.0838129e-01  -2.5947626e-01  -4.8649198e+00  -6.3200851e-03   1.6945219e-02   7.4427420e-04
   1.0754070e-01  -2.8094068e-01  -4.8611389e+00  -2.6136861e-03   1.6248524e-02   9.9475305e-04
   9.5649439e-02  -2.8876219e-01  -4.8512540e+00  -1.2640024e-03   1.5631885e-02   1.5443013e-03
   3.5999736e-02  -3.0162989e-01  -4.8816682e+00  -9.0511222e-03   1.8526756e-02   2.6747194e-03
   8.3186691e-02  -2.1298067e-01  -5.0451923e+00  -3.3434745e-03   1.4920677e-02   2.2269692e-03
   1.1307286e-01  -2.8582793e-01  -5.0546152e+00  -7.5750564e-03   1.5176942e-02   2.0366742e-03
   1.0112268e-01  -2.3896906e-01  -5.0793075e+00  -4.5655684e-03   1.5417514e-02   1.8178266e-03
   1.3049814e-01  -2.7023755e-01  -5.0930929e+00  -4.1219995e-03   1.5967227e-02   1.3381230e-03
   1.3378437e-01  -2.7245948e-01  -5.0887479e+00  -6.8554683e-03   1.5663639e-02   1.6602976e-03
   8.9459093e-02  -2.8550709e-01  -4.8208742e+00  -3.9732928e-03   1.7434625e-02   2.0943282e-03
   5.0120643e-02  -2.5848158e-01  -4.6771860e+00  -4.5374048e-03   1.8905083e-02   3.0106674e-03
   1.1860351e-01  -3.9776350e-01  -4.7746396e+00  -1.3596977e-02   1.7456716e-02   1.9392252e-03
   1.7758723e-01  -2.3177646e-01  -4.5147097e+00  -5.7397426e-03   1.3028933e-02   9.4156607e-05
   7.5770241e-02  -2.4336488e-01  -4.7369776e+00  -4.7397928e-03   1.1732223e-02   2.0312890e-03
   1.1285658e-01  -2.5895888e-01  -5.5167429e+00  -1.2846989e-02   1.4021720e-02   1.4680369e-03
   1.2659611e-01  -1.7709272e-01  -5.3051454e+00  -7.9525530e-03   1.3031440e-02   7.7531821e-04
   1.4518194e-01  -2.4806318e-01  -5.2631452e+00  -7.8395441e-03   1.3924431e-02   6.8533660e-04
   1.3367536e-01  -2.6821055e-01  -5.2281209e+00  -7.7724487e-03   1.4778088e-02   8.2945263e-04
   1.2585543e-01  -2.9218532e-01  -5.1214296e+00  -6.5166761e-03   1.4508433e-02   1.0902829e-03
   1.2100504e-01  -2.6632597e-01  -5.1506390e+00  -7.5677881e-03   1.5696662e-02   8.0640443e-04
   1.1930499e-01  -2.8091053e-01  -5.1034936e+00  -7.4918670e-03   1.5538083e-02   6.3161026e-04
   1.3012092e-01  -2.6632473e-01  -5.0298744e+00  -6.1688408e-03   1.6039393e-02   8.4904728e-04
   1.3210771e-01  -2.6717585e-01  -4.9833710e+00  -5.1469369e-03   1.6125953e-02   7.6773707e-04
   9.7824603e-02  -2.4805163e-01  -4.9236026e+00  -6.2518966e-03   1.5931142e-02   1.1051820e-03
   3.3952390e-02  -1.9915628e-01  -4.6523308e+00  -7.4121131e-03   1.7919369e-02   2.9500013e-03
   1.3131801e-01  -2.5828495e-01  -4.5949392e+00  -3.6436514e-03   1.6712328e-02   1.4458160e-03
   1.2994925e-01  -2.6228511e-01  -4.6361699e+00  -3.2395471e-03   1.8330440e-02   9.0886716e-04
   1.1413769e-01  -2.8247884e-01  -4.5767257e+00  -7.9471965e-03   2.0185334e-02   9.3995589e-04
   1.6789484e-01  -2.8062631e-01  -4.7771968e+00  -3.2365049e-03   1.7354134e-02  -8.0775383e-05
   1.3899149e-01  -2.3164882e-01  -4.6739548e+00  -1.3452425e-02   1.7816994e-02   6.0828519e-04
   1.6848798e-01  -3.1923988e-01  -3.4585131e+00  -1.7397386e-02   1.5627281e-02   1.1409707e-03
   1.2181853e-01  -3.6256708e-01  -3.4797207e+00  -8.4706561e-03   1.7533706e-02   3.4583847e-03
   1.3149027e-01  -3.4475247e-01  -3.2554194e+00  -1.2781717e-02   1.5140052e-02   4.3775240e-03
   2.7406332e-01  -4.6006470e-01  -2.8996055e+00  -7.9519953e-03   1.5765576e-02   2.4175994e-03
   1.9700724e-01  -2.5960017e-01  -3.1903725e+00   1.0938811e-03   8.0508215e-03   1.9845123e-03
   1.5129820e-01  -2.8149978e-01  -3.6771525e+00  -6.9807834e-03   8.4953876e-03   2.5326222e-03
   1.0943175e-01  -2.8557232e-01  -3.6295934e+00  -7.5095842e-03   9.9951421e-03   2.8769509e-03
   8.5739685e-02  -2.4804417e-01  -3.7181793e+00  -9.2286185e-03   9.8958027e-03   2.7930546e-03
   7.3733296e-02  -2.4364844e-01  -3.7175449e+00  -9.9032902e-03   1.0651081e-02   2.6071609e-03
   8.3071163e-02  -2.2711097e-01  -3.7176303e+00  -9.2735930e-03   1.0886582e-02   2.2514610e-03
   9.2386486e-02  -2.5221741e-01  -3.6956322e+00  -9.1480761e-03   1.1027667e-02   2.1458494e-03
   1.0069917e-01  -2.2804042e-01  -3.7524790e+00  -1.0563167e-02   1.1024758e-02   2.0881557e-03
   9.1908601e-02  -2.1904653e-01  -3.6997416e+00  -9.8578861e-03   1.1533563e-02   2.0516803e-03
   7.6262228e-02  -2.1065789e-01  -3.7945861e+00  -1.0588022e-02   1.1620744e-02   2.3969835e-03
   8.3029677e-02  -2.3554522e-01  -3.7999941e+00  -1.1366850e-02   1.1903154e-02   2.4402122e-03
   9.8635311e-02  -2.3313417e-01  -3.9483802e+00  -1.1352239e-02   1.1711906e-02   1.8631323e-03
   8.8671406e-02  -2.2086042e-01  -3.8281936e+00  -1.0171161e-02   1.0929301e-02   1.7625530e-03
   8.2281903e-02  -2.2679122e-01  -3.8751977e+00  -9.4841740e-03   1.0813336e-02   1.9292747e-03
   5.9599602e-02  -2.5283749e-01  -4.0729848e+00  -4.8346243e-03   1.2657871e-02   1.3135628e-03
   7.1090832e-02  -1.8886581e-01  -4.2235704e+00  -1.0346183e-02   1.2454253e-02   1.3495005e-03
   7.8673241e-02  -2.2779840e-01  -4.3200658e+00  -1.0728404e-02   1.2851576e-02   1.6559141e-03
   1.6086768e-01  -2.1887537e-01  -4.1443678e+00  -7.0543716e-03   1.3200240e-02  -1.7088940e-04
   5.7894433e-02  -1.8907217e-01  -4.2605267e+00  -1.8582505e-02   1.3560036e-02   2.0346091e-03
   1.2334617e-01  -3.4308527e-01  -5.2969483e+00  -7.9549410e-03   1.4519582e-02   2.7918898e-03
   3.5941328e-02  -2.4587379e-01  -5.7099697e+00  -1.2320179e-02   1.1555512e-02   3.3060574e-03
   4.7923532e-02  -2.1824827e-01  -5.7164144e+00  -1.4742989e-02   1.0919609e-02   3.5200703e-03
   5.8646321e-02  -2.3055820e-01  -5.5571340e+00  -1.4052388e-02   1.1642346e-02   3.2107283e-03
   5.9065504e-02  -2.5851023e-01  -5.5314895e+00  -1.2793553e-02   1.2882308e-02   2.9755911e-03
   3.7630296e-02  -2.8953783e-01  -5.5141422e+00  -1.2564613e-02   1.3713446e-02   3.0350272e-03
   4.9680546e-02  -2.5541800e-01  -5.5258667e+00  -1.1974703e-02   1.4443919e-02   2.2939210e-03
   6.7108787e-02  -2.3718981e-01  -5.4567463e+00  -1.2563379e-02   1.5950994e-02   2.2380773e-03
   3.4225467e-02  -3.2990392e-01  -5.5952811e+00  -4.8351234e-03   1.8360223e-02   1.5203838e-03
  -4.3383046e-02  -2.8585917e-01  -6.3776932e+00  -6.3580169e-03   1.7865085e-02   2.0340974e-03
  -4.9805689e-02  -3.2664422e-01  -5.8900717e+00  -2.9009103e-03   1.6268480e-02   2.5923221e-03
  -3.1090400e-02  -2.4398647e-01  -6.0096871e+00  -5.6893567e-03   1.6740858e-02   2.3457632e-03
   9.9267238e-03  -2.5518990e-01  -6.1004521e+00  -5.2976579e-03   1.6857982e-02   1.5700047e-03
   3.1390491e-02  -2.8143269e-01  -5.9701689e+00  -6.5086984e-03   1.7511690e-02   1.4098038e-03
   5.3241208e-02  -2.8891389e-01  -5.9527004e+00  -4.9244627e-03   1.6123020e-02   1.1156358e-03
   1.2521673e-01  -3.1363590e-01  -5.7638883e+00  -5.1910990e-03   1.7417239e-02  -4.4395347e-04
   7.9293698e-02  -2.8945073e-01  -5.6849284e+00  -4.6226915e-03   1.8574418e-02   9.6616371e-04
   5.3165691e-02  -3.2512601e-01  -5.6046517e+00  -1.9476543e-03   2.1863965e-02   6.5492821e-04
   2.9417017e-02  -3.8138367e-01  -5.7338824e+00   1.5008810e-03   1.9090509e-02   1.7835263e-03
   3.9582942e-02  -3.2612420e-01  -5.6247949e+00   9.9730013e-05   1.8237822e-02   1.6080457e-03
   5.6458694e-02  -3.5956408e-01  -5.7814997e+00  -5.1784589e-04   1.8511499e-02   1.3638227e-03
   7.9672335e-02  -3.2791480e-01  -5.7506223e+00   5.0656292e-04   1.7653658e-02   1.2769595e-03
   9.1398628e-02  -3.7039319e-01  -5.7373972e+00   6.9656365e-04   1.8117754e-02   1.0413587e-03
   1.0661757e-01  -2.4035886e-01  -5.4648175e+00  -7.0879866e-03   1.9172111e-02   2.9749069e-04
   2.0326814e-02  -3.4081718e-01  -5.4296155e+00  -4.0154271e-03   2.0238656e-02   2.5515341e-03
   4.9967069e-02  -2.6237940e-01  -5.6754198e+00  -1.3040367e-03   1.8798917e-02   2.8722442e-03
   6.4994114e-02  -3.4852696e-01  -5.6155999e+00  -1.9327071e-03   1.8629811e-02   2.4783792e-03
   1.1872141e-01  -2.6316482e-01  -5.6770933e+00  -4.0062016e-03   1.8660107e-02   1.5281025e-03
   1.1291541e-01  -3.0007436e-01  -5.6420597e+00  -2.4184448e-03   1.8731933e-02   1.4357040e-03
   1.5274220e-01  -2.9938535e-01  -5.5683889e+00  -3.4584851e-03   1.7918912e-02   1.0230907e-03
   1.3642145e-01  -2.9552068e-01  -5.5867803e+00  -2.5369715e-03   1.7963756e-02   1.1044136e-03
   1.4279336e-01  -3.0622444e-01  -5.6121534e+00  -3.4662583e-03   1.7691993e-02   1.2906506e-03
   1.1373539e-01  -3.1396124e-01  -5.7796972e+00  -6.7053876e-03   1.9560656e-02   1.0490499e-03
   8.9983761e-02  -2.9406621e-01  -5.6634797e+00  -3.3262335e-03   1.9376714e-02   6.9372484e-04
   4.4367888e-02  -2.6181193e-01  -5.6021498e+00  -2.8909367e-03   2.1244824e-02   1.0402709e-03
   2.6625556e-02  -3.3126707e-01  -5.6614009e+00  -2.9142723e-03   1.9798689e-02   1.9937751e-03
   7.1015874e-02  -3.5033381e-01  -5.4781020e+00  -5.8829182e-03   2.2353742e-02   1.7446783e-03
   4.4429787e-02  -2.3988101e-01  -5.5956448e+00  -1.5175860e-03   1.6897130e-02   2.2827281e-03
   1.0386595e-01  -2.9890259e-01  -5.7933399e+00  -1.4608640e-03   1.5872001e-02   1.5704024e-03
   7.1666218e-02  -3.3905789e-01  -5.9596758e+00  -2.9880423e-03   1.7751105e-02   1.5180412e-03
   9.1008444e-02  -2.8082500e-01  -5.8687226e+00  -2.2532712e-03   1.7822071e-02   1.1479574e-03
   9.5319094e-02  -3.2419957e-01  -5.8951579e+00  -4.5896808e-03   1.8497343e-02   9.6573618e-04
   6.3169366e-02  -2.9976463e-01  -5.9591643e+00  -4.8278392e-03   1.9229163e-02   1.1640028e-03
   8.3100776e-02  -3.0884216e-01  -5.6505639e+00  -3.4065797e-04   1.8972945e-02   1.5910928e-03
   1.0503092e-01  -3.1876714e-01  -5.7103019e+00  -3.1381474e-03   1.8536261e-02   1.1488811e-03
   8.9349618e-02  -2.9529667e-01  -5.6767523e+00  -2.1442143e-03   1.8475527e-02   1.0463398e-03
   1.0353565e-01  -2.6460948e-01  -5.4598206e+00  -9.4694603e-03   2.0173035e-02   2.4457738e-03
   8.6477452e-02  -3.1450791e-01  -5.1957177e+00   2.3731376e-03   2.0007481e-02   2.6477223e-03
   2.1941834e-01  -2.8103009e-01  -4.7050899e+00  -1.3265307e-02   1.9682075e-02  -2.4853799e-04
   1.0974283e-01  -3.0383709e-01  -4.4140554e+00  -4.3105562e-04   1.7438014e-02   2.8545258e-03
   3.5420630e-02  -2.0970985e-01  -4.9556234e+00  -3.1823511e-03   1.4460325e-02   3.5987327e-03
   1.6444410e-01  -2.8584419e-01  -3.8938023e+00  -2.9258203e-02   2.0137158e-02   1.7768750e-03
   8.0566640e-02  -2.5233256e-01  -3.7643467e+00   8.5339279e-03   1.0836509e-02   1.5627822e-03
  -3.9780507e-02  -2.3293579e-01  -4.5275021e+00  -1.8657980e-02   1.2013696e-02   4.0363939e-03
   2.7101616e-01  -3.1447821e-01  -3.2481291e+00  -1.4530509e-02   1.9805214e-02   2.3179466e-03
   6.7349129e-02  -2.2832677e-01  -3.2172163e+00  -7.3380796e-03   2.4954447e-02   6.1081854e-03
   7.5864228e-02  -2.3954982e-01  -3.2974393e+00  -8.9163653e-03   2.2642266e-02   5.6504576e-03
   1.0922553e-01  -2.5781590e-01  -3.2611352e+00  -9.2511916e-03   2.3085574e-02   4.8374279e-03
   1.2063552e-01  -2.8145900e-01  -3.0858237e+00  -7.9101779e-03   2.3346589e-02   4.1899403e-03
   1.1241326e-01  -2.2747230e-01  -3.2502984e+00  -1.0616131e-02   2.4918677e-02   4.1920044e-03
   1.8190964e-01  -4.0475285e-01  -2.8823428e+00  -1.5529442e-02   2.5469510e-02   3.2705858e-03
   2.0828004e-01  -3.1098724e-01  -2.9868695e+00  -8.5021946e-03   2.7130733e-02   1.0427653e-03
   1.1033378e-01  -2.4484079e-01  -4.4134108e+00  -1.1917008e-02   1.6836355e-02   2.4659880e-03
   1.3110541e-01  -2.4711353e-01  -4.4814494e+00  -1.4489642e-02   1.6898817e-02   1.9633555e-03
   1.1510794e-01  -2.8706090e-01  -4.4618510e+00  -1.4216304e-02   1.7560774e-02   1.7325090e-03
   1.1509967e-01  -2.7933398e-01  -4.5107908e+00  -1.4797694e-02   1.9116522e-02   1.2789255e-03
   1.2544963e-01  -2.1887317e-01  -4.4843331e+00  -1.7883290e-02   1.8309827e-02   1.4884302e-03
   1.4806682e-01  -2.9839269e-01  -4.1715089e+00  -5.6198798e-03   1.4924404e-02   1.3117663e-03
   1.1691861e-01  -2.5562868e-01  -4.4791045e+00  -1.2534935e-02   1.4872593e-02   2.2644844e-03
   8.3685864e-02  -2.4460846e-01  -4.9840589e+00  -2.7055571e-02   1.9866762e-02   1.3600193e-03
   1.1804915e-01  -2.2850792e-01  -4.9424902e+00  -1.9646575e-02   1.7006516e-02   1.5997837e-03
   1.4561349e-01  -2.8893433e-01  -4.3177658e+00  -1.5585017e-02   1.9826136e-02   2.5805431e-03
   1.9108338e-01  -2.4752095e-01  -4.7917777e+00  -7.4788317e-03   2.1345982e-02   2.3538427e-03
   1.6536646e-01  -2.7859447e-01  -5.4953580e+00  -6.0060383e-03   1.9103949e-02   2.6740225e-03
   9.0439513e-02  -3.9944540e-01  -6.6224120e+00  -8.7363525e-03   1.7997073e-02   2.5176365e-03
   9.2626546e-02  -3.7775799e-01  -6.7153513e+00  -8.7323738e-03   1.7114348e-02   2.5769751e-03
   9.6775660e-02  -4.1799772e-01  -6.7143021e+00  -7.6340567e-03   1.6897192e-02   2.4157654e-03
   9.0670591e-02  -4.2693176e-01  -6.7122919e+00  -7.1259294e-03   1.7038748e-02   2.5109135e-03
   9.2477632e-02  -4.1529027e-01  -6.7012535e+00  -6.5188394e-03   1.6960100e-02   2.4852210e-03
   1.1644655e-01  -4.0237014e-01  -6.5741215e+00  -2.9959774e-02   1.9326228e-02   2.3101021e-03
   1.9836709e-01  -3.8062286e-01  -5.5660146e+00  -9.5343860e-04   1.6647922e-02   1.8786278e-03
   1.4163674e-01  -4.0991878e-01  -5.8429285e+00  -4.9719900e-03   1.8227510e-02   2.4348550e-03
   1.3868754e-01  -3.6381049e-01  -5.9150841e+00  -7.0956751e-03   1.9590315e-02   2.4377365e-03
   1.2109807e-01  -3.6873635e-01  -5.9794619e+00  -3.7134556e-03   1.7731043e-02   2.4722376e-03
   1.7009557e-01  -3.0153058e-01  -5.2358452e+00  -1.5622807e-02   1.6395838e-02   1.9443056e-03
   1.6932412e-01  -2.8438090e-01  -5.0013065e+00  -5.3008913e-03   1.6603299e-02   1.0952224e-03
   2.0715127e-01  -3.3917286e-01  -5.3162098e+00  -3.0433782e-05   1.1899600e-02   2.1593199e-03
   1.8053392e-01  -3.4392650e-01  -5.6943340e+00  -6.1541658e-03   1.1404692e-02   1.9911979e-03
   1.6451900e-01  -3.6932827e-01  -5.6913256e+00  -5.9743524e-03   1.2623208e-02   1.9769360e-03
   1.3280684e-01  -3.9883123e-01  -5.6317240e+00  -6.9324844e-03   1.4911903e-02   1.9936841e-03
   1.5252815e-01  -3.5517151e-01  -5.3885878e+00  -1.3048016e-02   1.7395153e-02   1.8555728e-03
   2.4045204e-01  -3.7733422e-01  -4.8847731e+00  -1.9943288e-02   1.1556879e-02   1.7497288e-03
   1.5827234e-01  -3.4553796e-01  -4.8468960e+00  -1.9192021e-02   6.8025492e-03   4.3093297e-03
   1.9314798e-01  -3.2098547e-01  -5.7118039e+00  -8.8333247e-03   1.0129050e-03   2.2609262e-03
   1.4894355e-01  -2.9491638e-01  -5.7273172e+00  -9.0202534e-03   2.7420702e-03   2.4631053e-03
   1.5235526e-01  -3.3754681e-01  -5.5622062e+00  -1.3975363e-02   5.1251648e-03   2.1174613e-03
   1.7897256e-01  -4.2923731e-01  -5.3618537e+00   1.2102331e-03   5.9707495e-03   2.1071520e-03
   2.3122491e-01  -5.3992198e-01  -5.4280090e+00  -1.3370209e-02   5.4814010e-03  -1.3772960e-03
   3.0765650e-02  -3.2570477e-01  -5.5943549e+00   4.9015067e-03   9.8377779e-03   3.4836155e-03
   8.7593951e-02  -4.7232658e-01  -5.5478676e+00  -1.6147164e-02   9.0842571e-03   2.0498506e-03
   2.0939990e-01  -3.9788452e-01  -4.8851337e+00   2.2780618e-02   7.5320129e-03   1.4963723e-03
   6.8715136e-02  -5.0228077e-01  -6.5872072e+00  -6.5559224e-03   8.8053563e-03   3.3073697e-03
   6.4131177e-02  -4.4983007e-01  -6.6038529e+00  -1.3906849e-02   1.0988207e-02   3.0948827e-03
   1.6315845e-01  -4.2908261e-01  -6.2489897e+00  -2.3710991e-02   1.5103431e-02   1.5678903e-03
   1.5602084e-01  -3.9554405e-01  -5.9746441e+00  -5.3249776e-03   1.2558387e-02   1.4322304e-03
   1.4831091e-01  -4.1543249e-01  -5.7327597e+00  -5.7313963e-03   1.3054782e-02   1.4970343e-03
   1.7156421e-01  -2.9791668e-01  -5.7158381e+00  -9.6894242e-03   1.6050060e-02   3.0370564e-04
   2.1779782e-01  -4.5402739e-01  -5.6280420e+00   7.6798173e-03   1.8770625e-02   1.2065847e-03
   9.7161007e-02  -5.1283859e-01  -6.9061305e+00  -7.9574948e-03   2.1127521e-02   3.7017111e-03
   7.6856648e-02  -3.7552369e-01  -6.8238015e+00  -1.0296266e-02   2.3349883e-02   3.2907141e-03
   7.4670891e-02  -3.4385867e-01  -6.4097978e+00  -9.1993394e-03   2.5561629e-02   3.2009104e-03
   1.7754585e-01  -4.6477453e-01  -6.3801951e+00  -1.6664487e-02   2.3054838e-02   1.9309996e-03
   1.6843291e-01  -6.6162955e-01  -6.1611724e+00  -1.2804045e-02   2.1428874e-02   2.6200245e-03
   1.4073207e-01  -4.4649418e-01  -6.4974809e+00  -3.8632027e-03   1.1830695e-02   2.5364257e-03
   1.3372610e-01  -3.2806302e-01  -6.5881058e+00  -6.9413978e-03   1.3334061e-02   2.4519931e-03
   1.1884303e-01  -3.6187609e-01  -6.5482622e+00  -8.6971908e-03   1.4677761e-02   2.2498623e-03
   1.1339490e-01  -3.1306703e-01  -6.3327767e+00  -1.3299128e-02   1.6230930e-02   2.0123904e-03
   1.2786621e-01  -3.0456096e-01  -5.2712369e+00  -5.6292798e-03   1.5827392e-02   1.2430846e-03
   1.8945476e-01  -3.6886252e-01  -5.2528229e+00  -1.1897935e-02   1.3877670e-02   1.5509896e-03
   2.9235261e-01  -3.0697938e-01  -5.2895094e+00  -9.6464138e-03   1.0017496e-02   2.0668402e-04
   1.1174967e-01  -3.0234860e-01  -5.2714178e+00   7.5368434e-03   1.5016039e-02   2.0235826e-03
   1.8070584e-01  -3.8358260e-01  -5.6851536e+00  -5.8973121e-03   1.2809073e-02   5.0091731e-04
   1.8119813e-01  -3.6449841e-01  -5.2808554e+00  -1.4615539e-02   1.0077458e-02  -5.3445027e-04
   8.5054022e-02  -3.3707193e-01  -5.4835930e+00  -6.8297051e-03   1.3709569e-02   1.4612772e-03
   1.8864511e-01  -3.4424182e-01  -5.2787597e+00   1.9235067e-04   4.7938838e-03   8.8242068e-04
   1.7523756e-01  -2.8614932e-01  -5.4474664e+00  -3.7095331e-03   1.5960797e-02   1.9247118e-05
   1.8800291e-01  -3.8987949e-01  -5.6743292e+00  -1.0403314e-02   1.0332344e-02   1.1230378e-03
   2.1541981e-01  -1.5013258e-01  -4.5822115e+00   3.5685577e-03   7.1412871e-03  -1.5902171e-03
   1.8914486e-01  -3.5569848e-01  -4.7491083e+00  -1.6462007e-02   1.3502538e-02   7.5837103e-04
   1.8056811e-01  -2.2291392e-01  -4.9087049e+00  -1.2698699e-02   5.7930009e-03   1.9754002e-03
   2.5195400e-01  -3.2078311e-01  -5.7314784e+00  -1.9537334e-03   1.8989391e-03  -1.2817039e-04
   2.2291302e-01  -3.7884350e-01  -5.3956667e+00   2.9264155e-03   4.6863460e-03  -3.9557802e-04
   1.7400926e-01  -2.0147248e-01  -5.3997392e+00  -6.9872180e-03   3.1391390e-03  -2.0954643e-04
   2.0134729e-01  -2.9068942e-01  -5.2457314e+00  -3.3996126e-03   5.2322184e-03  -1.1129894e-04
   1.4054923e-01  -2.5872722e-01  -5.4202902e+00  -7.3908237e-03   5.1547348e-03   7.3677970e-04
   1.9787463e-01  -2.9335313e-01  -5.7354113e+00  -1.5849759e-02   2.7142925e-03   2.6035366e-04
   3.3177300e-02  -2.6899179e-01  -4.6262056e+00   4.3540699e-03   8.6225433e-03   2.4480738e-03
   1.1611764e-01  -6.3008523e-01  -5.1418643e+00   3.7759879e-03   6.7707527e-03   1.3015897e-03
   1.2524428e-01  -5.1214438e-01  -6.6092927e+00   8.3109900e-04   8.6839491e-03   1.0506090e-03
   9.5501939e-02  -4.7619506e-01  -6.6776358e+00  -1.0863063e-04   9.1848388e-03   1.1988644e-03
   7.6120576e-02  -4.9824411e-01  -6.6940454e+00   5.6430188e-04   9.7664230e-03   1.3780689e-03
   1.2550478e-01  -5.2822617e-01  -6.5870279e+00   1.4485096e-03   9.6642759e-03   4.2696290e-04
   8.6982988e-02  -5.3021723e-01  -6.6696198e+00  -1.8349881e-02   1.1532454e-02   1.3134025e-03
   1.0540412e-01  -4.3858869e-01  -5.7505511e+00   2.0854788e-03   9.0683774e-03   1.7450130e-03
   1.2354546e-01  -4.0977446e-01  -5.8480903e+00   6.0212447e-03   8.5750463e-03   9.8558683e-04
   9.7909999e-02  -4.1750025e-01  -5.8966385e+00   4.1303929e-03   8.7515859e-03   1.2558330e-03
   1.0897401e-01  -4.2568878e-01  -5.9122260e+00   3.3835416e-03   9.5243978e-03   6.9446071e-04
   1.0003570e-01  -4.2998936e-01  -5.8925830e+00   4.2106120e-03   1.0518372e-02   7.9063343e-04
   1.0005453e-01  -4.1230316e-01  -5.9352172e+00   3.6685041e-03   1.1563469e-02   3.4259088e-04
   1.1449336e-01  -5.6862153e-01  -5.8515023e+00  -2.2706230e-03   1.0077373e-02  -3.2737308e-04
   1.1053122e-01  -3.9506619e-01  -5.6062442e+00   3.5693005e-03   7.9938767e-03   2.0136476e-03
   2.3098713e-01  -3.2763024e-01  -5.4816292e+00   7.4661908e-03   6.9258008e-03  -2.8233834e-03
   5.1639246e-02  -6.7512838e-01  -6.4636350e+00   1.0178188e-03   7.9388106e-03  -4.6585723e-04
   4.8404825e-02  -4.5411001e-01  -6.5619327e+00   3.5838828e-03   7.2383408e-03   3.9856827e-04
   1.0008177e-01  -3.6793044e-01  -6.6535331e+00   1.1746317e-02   1.6766316e-03   3.6677029e-04
   1.2133192e-01  -4.3571513e-01  -6.5318978e+00   1.3196272e-02   9.0879176e-03   1.1761350e-04
   1.2298008e-01  -5.0804371e-01  -6.6909525e+00   1.0438011e-02   8.3428205e-03  -2.8076140e-04
   1.5964362e-01  -4.8717191e-01  -6.6118633e+00   1.0465233e-02   6.5674590e-03  -8.3090456e-04
   1.3760742e-01  -5.1489197e-01  -6.5572258e+00   6.8377038e-03   7.0762943e-03  -4.7632692e-04
   4.5749822e-02  -4.7255529e-01  -6.6348506e+00   1.1381982e-02   7.7788168e-03   7.8992394e-04
   1.3814950e-01  -1.9662635e-01  -5.9380938e+00   6.4193060e-03   3.9877135e-03  -2.3108407e-03
   3.8576223e-02  -5.4238295e-01  -6.2074114e+00  -2.3547007e-03   6.5848342e-03  -5.2261744e-06
   1.5939415e-01  -3.2585252e-01  -6.2176974e+00  -1.1711393e-02   1.2165006e-04  -3.1449318e-03
   2.1662829e-01  -3.5294848e-01  -5.6357760e+00   9.8980262e-03  -1.8524261e-03  -2.9309409e-03
   9.2935289e-02  -5.0815470e-01  -5.8883772e+00   1.0691165e-02   6.6630427e-04  -4.0940949e-04
   9.5701979e-02  -4.4441952e-01  -5.8608568e+00   8.5535805e-03   1.4751198e-03  -6.2419253e-05
   9.7689476e-02  -4.7342107e-01  -5.8167451e+00   7.5993825e-03   1.3839512e-03  -4.1613215e-04
   8.6724116e-02  -4.6088988e-01  -5.8495930e+00   7.7796471e-03   2.4060444e-03  -5.3832558e-04
   8.1590585e-02  -4.3785769e-01  -5.8236311e+00   7.9097314e-03   3.9329330e-03  -1.0574773e-03
   5.1941316e-02  -4.4954269e-01  -5.8866991e+00   6.2823899e-03   3.0622436e-03  -4.2290212e-04
   4.0654077e-02  -4.5987346e-01  -5.8946717e+00   5.4685391e-03   3.8386617e-03  -2.4250543e-04
   2.4584660e-02  -4.3053377e-01  -5.9069998e+00   5.1341132e-03   4.9549015e-03  -1.3713404e-04
  -1.8975426e-03  -3.9747345e-01  -5.8965893e+00  -9.6266008e-04   9.5641305e-03  -1.2814225e-03
   7.8113211e-02  -4.1141996e-01  -5.6010733e+00   3.6931113e-03   6.8142479e-03   1.5380921e-03
   2.9580010e-02  -4.0604472e-01  -5.8953002e+00  -1.1114987e-02   1.5151237e-02   3.4504047e-03
  -3.2629992e-02  -4.7382510e-01  -5.5907162e+00   1.7953199e-02   1.6535763e-02   3.5940934e-03
  -1.5223686e-02  -5.0383574e-01  -6.9803426e+00  -2.8576857e-03   1.2981328e-02   3.8223465e-03
   7.0036544e-04  -4.7109986e-01  -6.8230603e+00  -3.6130191e-03   1.3936964e-02   3.2978744e-03
   2.0267137e-02  -5.3283700e-01  -6.7151519e+00  -3.7787733e-03   1.5660165e-02   2.8421351e-03
   2.0759252e-02  -4.8400264e-01  -6.5434571e+00  -7.3989428e-03   1.6701262e-02   2.6651319e-03
   1.8490655e-02  -4.6979960e-01  -6.3950876e+00  -3.3473453e-03   1.7114580e-02   2.7649334e-03
   7.6761877e-03  -4.8976590e-01  -6.3753436e+00  -3.6482584e-03   1.8458231e-02   2.3148511e-03
  -8.9978056e-03  -4.8767857e-01  -6.3077742e+00  -3.3140348e-03   1.8928557e-02   2.2930927e-03
   6.7884390e-03  -4.7220399e-01  -6.2933941e+00  -4.1159721e-03   1.9028179e-02   2.2310979e-03
  -3.9990524e-02  -4.3978126e-01  -6.0330702e+00  -6.0040677e-03   1.9769660e-02   2.9511296e-03
   4.1775308e-02  -3.4704700e-01  -5.9436014e+00  -7.2314253e-03   1.7685120e-02   3.2259526e-03
  -2.2355505e-02  -6.2583578e-01  -5.4653747e+00  -9.2707291e-03   2.0402060e-02   4.6191707e-03
   1.0111613e-01  -3.6436008e-01  -4.8226867e+00  -1.1576385e-02   1.7802789e-02   3.7925834e-03
   1.7652715e-01  -3.5981674e-01  -5.2186552e+00  -2.1218232e-03   6.7378324e-03   2.1397381e-04
   1.1401316e-01  -4.3842133e-01  -5.5173293e+00  -6.3287204e-03   1.0379232e-02   1.5292101e-03
   1.1263433e-01  -4.5872299e-01  -5.3707626e+00  -2.0519098e-03   9.4424671e-03   1.4200650e-03
   9.9239587e-02  -4.3915569e-01  -5.3595099e+00  -2.9338822e-03   9.9745133e-03   1.6244978e-03
   1.1995005e-01  -4.3973538e-01  -5.3202219e+00  -3.1947268e-03   1.1678383e-02   7.1277730e-04
   7.7289745e-02  -4.7426159e-01  -5.3075656e+00  -1.3257676e-03   1.0779119e-02   1.8359029e-03
   9.0934475e-02  -4.5201268e-01  -5.0377191e+00  -2.0796351e-03   1.0461745e-02   1.9998089e-03
   1.1331972e-01  -4.3347736e-01  -5.1194481e+00  -8.5209778e-04   1.1604489e-02   1.5616333e-03
   9.6444875e-02  -4.3721039e-01  -5.1441377e+00  -3.0203278e-03   1.1923501e-02   1.3870761e-03
   1.1910604e-01  -4.1131392e-01  -5.1960692e+00  -2.8363592e-03   1.2283500e-02   1.2297280e-03
   1.3367013e-01  -4.7351367e-01  -5.1969881e+00  -2.1799572e-03   1.2945671e-02   7.9188947e-04
   1.1029638e-01  -4.0962276e-01  -5.2112507e+00  -4.7549033e-03   1.3730757e-02   7.4558549e-04
   7.2280791e-02  -4.3373878e-01  -5.1538770e+00  -1.0367869e-03   1.3744917e-02   1.5416538e-03
   1.0143225e-01  -4.1005385e-01  -5.2598371e+00  -4.3356042e-03   1.3457126e-02   8.5736266e-04
   9.7538507e-02  -3.9074616e-01  -5.2732100e+00  -1.8330291e-03   1.3123279e-02   7.0281696e-04
   1.0258297e-01  -3.9487755e-01  -5.2368448e+00  -4.2007132e-03   1.3009712e-02   4.8534009e-04
   8.1478458e-02  -4.1787366e-01  -5.3349058e+00  -3.7301386e-03   1.3690363e-02   9.4422188e-04
   9.3744192e-02  -4.3904144e-01  -4.7122035e+00  -7.8688499e-04   1.9413742e-02   4.0113185e-04
  -6.1718583e-02  -4.2651828e-01  -6.0779920e+00  -5.4763870e-03   2.1248608e-02   2.8737646e-03
  -1.0040074e-02  -4.6246953e-01  -6.2477290e+00  -7.0744414e-03   1.9322047e-02   2.3620663e-03
   1.6508285e-04  -4.6310450e-01  -6.2187149e+00  -7.7754695e-03   2.0357981e-02   2.1475402e-03
   4.8614684e-03  -4.6917699e-01  -6.2378861e+00  -7.4373681e-03   2.0265990e-02   1.8218899e-03
   1.5086983e-03  -4.8146477e-01  -6.2874595e+00  -8.1034297e-03   2.0321741e-02   2.1968693e-03
  -1.1282290e-02  -4.4571918e-01  -6.2954087e+00  -8.4097396e-03   2.1576760e-02   1.9567149e-03
  -1.0957868e-02  -4.4830206e-01  -6.2549487e+00  -7.0393833e-03   2.0883445e-02   2.3260331e-03
  -1.8935976e-02  -4.3719344e-01  -6.2055186e+00  -7.0944496e-03   2.2177641e-02   2.0648442e-03
  -2.4323474e-02  -4.5056050e-01  -6.2111620e+00  -6.7000533e-03   2.1496595e-02   2.1690255e-03
  -6.5707827e-03  -4.4754854e-01  -6.2185432e+00  -6.9948392e-03   2.2071728e-02   1.8100685e-03
  -1.0287841e-02  -4.7598999e-01  -6.2098927e+00  -5.2172252e-03   2.1723014e-02   1.5128697e-03
  -6.1964208e-04  -4.7380762e-01  -6.2183346e+00  -5.5556860e-03   2.1220925e-02   1.6085989e-03
  -1.1260817e-02  -4.4977820e-01  -6.2370769e+00  -6.5445108e-03   2.2069907e-02   1.5115515e-03
  -1.0159291e-02  -4.2190877e-01  -6.2665841e+00  -6.0419665e-03   2.2290635e-02   1.2769957e-03
  -1.8856859e-02  -4.3286016e-01  -6.2581131e+00  -5.9272655e-03   2.2702849e-02   1.4819425e-03
  -6.5088828e-02  -4.1081347e-01  -5.9784915e+00  -7.6295028e-03   2.6289543e-02   3.7742604e-03
  -7.7983993e-02  -4.1070098e-01  -6.4028230e+00  -7.0133168e-03   2.4638784e-02   4.0932071e-03
   1.2004736e-02  -3.5547745e-01  -6.4412097e+00  -5.8716521e-03   2.0880181e-02   2.2225591e-03
   3.7986388e-02  -4.4535785e-01  -6.3968982e+00  -5.5366882e-03   2.1777782e-02   1.7571670e-03
   3.5565924e-02  -3.3163522e-01  -6.2988832e+00   1.3153335e-04   2.1948503e-02  -4.2569878e-04
  -7.9628288e-02  -3.9378507e-01  -6.9239563e+00  -5.5734307e-03   2.0438593e-02   2.2260773e-03
  -9.2713919e-02  -4.0758299e-01  -6.7239407e+00  -2.4174300e-03   2.0519097e-02   2.8320094e-03
  -4.4130053e-02  -4.0867240e-01  -6.7246549e+00  -1.8631130e-03   1.9408547e-02   1.5484988e-03
  -4.5672238e-02  -4.1059368e-01  -6.7215594e+00  -3.2073526e-03   1.9481946e-02   1.8744593e-03
  -3.7961866e-02  -4.6999965e-01  -6.6172926e+00  -2.0580216e-04   1.9115446e-02   1.5813851e-03
  -2.9415967e-02  -4.4001218e-01  -6.5496230e+00   4.9955933e-04   1.9161358e-02   1.8961784e-03
  -1.8768024e-02  -4.5571522e-01  -6.5744311e+00   1.4784975e-03   1.9567826e-02   1.5885725e-03
  -3.7433234e-02  -4.5504924e-01  -6.6036163e+00   6.0490035e-04   1.9661271e-02   1.9518366e-03
  -3.4656153e-02  -4.6770272e-01  -6.6044029e+00   8.5928699e-05   1.9456575e-02   1.8687810e-03
  -4.5582515e-02  -4.3667299e-01  -6.5951734e+00   4.9990186e-04   1.9253299e-02   2.0850504e-03
  -4.0834148e-02  -4.9772419e-01  -6.8149331e+00   1.0188399e-02   1.9478722e-02   1.2848224e-03
  -3.1438536e-02  -5.6724408e-01  -7.2799520e+00   8.1978681e-03   1.2512451e-02   1.2892511e-03
   9.9279225e-02  -3.2177260e-01  -6.8790918e+00  -1.8805780e-02   1.4225261e-02   2.7269900e-03
   8.6369973e-02  -4.1296033e-01  -5.9856712e+00   2.6596022e-03   8.5519719e-03   1.5708862e-03
   1.6267969e-01  -4.1844427e-01  -6.3541704e+00   1.5945525e-02   1.1397611e-03  -4.4020206e-04
   6.9800048e-02  -4.5725695e-01  -6.5997131e+00   3.6968669e-03   2.8569918e-03   1.1989697e-03
   7.3779148e-02  -4.2849907e-01  -6.5443357e+00   3.4327575e-03   3.3235770e-03   1.0146304e-03
   8.7576193e-02  -4.7037422e-01  -6.5448342e+00   3.4276445e-03   2.5590476e-03   6.3937286e-04
   8.0989440e-02  -4.7273796e-01  -6.4163797e+00   1.0379424e-02   4.0888663e-03   5.8653431e-04
   7.1182922e-04  -4.2293098e-01  -6.7857280e+00   7.4886562e-03   1.1399681e-02   2.6466848e-03
   1.4104088e-01  -3.0937271e-01  -6.1209193e+00   5.2411930e-03   8.5182334e-03  -1.6595835e-03
   5.4263192e-02  -4.4271414e-01  -6.4559124e+00   6.8550430e-03   1.2574730e-03   1.3445187e-04
   5.6836288e-02  -4.5330739e-01  -6.4809695e+00   6.6363081e-03   1.6273320e-03  -4.0011919e-05
   5.3769713e-02  -4.2008388e-01  -6.4244617e+00   4.4599913e-03   1.7606572e-03   2.1804519e-04
   5.6765104e-02  -4.1243234e-01  -6.3692486e+00   4.6139162e-03   3.6496705e-03  -1.9450637e-04
   5.5573011e-02  -3.9991501e-01  -6.3978359e+00   2.8086550e-03   3.5402300e-03   8.4603037e-05
   4.8969405e-02  -4.0093927e-01  -6.3800512e+00   1.9626927e-03   4.1910013e-03   1.7206651e-04
   5.7057048e-02  -4.3809384e-01  -6.3943300e+00   1.6644836e-02   4.9187763e-03   2.8727626e-04
  -6.8015306e-02  -2.5052907e-01  -6.5630318e+00  -1.6253093e-02   1.8918412e-02   4.7116983e-03
   1.0581366e-01  -3.4209439e-01  -5.5547214e+00   1.7146241e-02   1.1896770e-02   1.4530555e-03
   2.3771010e-02  -3.7005626e-01  -6.8489158e+00  -2.4046161e-03   1.4219559e-02   3.8448986e-03
   3.8736051e-02  -3.5663021e-01  -6.7633116e+00  -2.8254571e-03   1.4579825e-02   3.3394650e-03
   4.4570115e-02  -4.0804619e-01  -6.6534339e+00  -2.1983460e-03   1.5510581e-02   2.8442227e-03
   3.7656226e-02  -4.3670275e-01  -6.6365529e+00  -2.0988724e-03   1.7124757e-02   2.9694226e-03
   3.0101840e-02  -3.7954579e-01  -6.5789858e+00  -3.1595678e-03   1.6789025e-02   3.3010490e-03
   4.4413086e-02  -3.8047332e-01  -6.4999049e+00  -3.4740232e-03   1.7403944e-02   2.8658038e-03
   4.7504777e-02  -3.9942128e-01  -6.5064042e+00  -3.3235129e-03   1.7548925e-02   2.8840365e-03
   2.5309649e-02  -3.8861771e-01  -6.5128047e+00  -3.8780030e-03   1.8861955e-02   2.8715447e-03
   4.3823922e-02  -4.0122652e-01  -6.5222407e+00  -4.0791643e-03   1.8785318e-02   2.6472264e-03
   5.3017620e-03  -3.3281198e-01  -6.4864780e+00  -4.7675736e-03   1.8902997e-02   2.8602912e-03
   2.2450130e-02  -3.5752378e-01  -6.4016739e+00  -1.0803913e-03   1.9050535e-02   2.8442822e-03
   9.0474099e-02  -5.2490294e-01  -6.4746676e+00   5.0993043e-03   2.0103350e-02   2.3177395e-03
   5.9216551e-02  -4.5260403e-01  -6.0469624e+00   7.3287750e-03   2.0708809e-02   2.4619728e-03
   5.5831443e-02  -4.6344067e-01  -5.9901161e+00   8.6515650e-03   1.9440642e-02   2.4340697e-03
   8.8092479e-02  -4.7622070e-01  -5.9891637e+00   8.4576432e-03   2.0152726e-02   1.2788102e-03
   1.0797746e-01  -5.0320995e-01  -5.9822976e+00   9.3159336e-03   2.0266717e-02   5.8431960e-04
   1.0269459e-01  -5.0979399e-01  -5.9887136e+00   1.1347532e-02   2.0801610e-02   7.3376897e-04
   8.7255331e-02  -5.6136756e-01  -6.2373629e+00   2.4210463e-02   1.8140729e-02  -2.4549534e-04
   1.9004968e-02  -5.0404691e-01  -7.0112182e+00   1.5058065e-02   1.7226821e-02   2.7068918e-04
   1.6809710e-02  -5.4227586e-01  -6.9368138e+00   1.5566773e-02   1.8772091e-02   7.0207666e-04
   4.0294569e-02  -5.4829727e-01  -6.8963412e+00   1.5865189e-02   1.8808586e-02   4.2523042e-04
   3.2540970e-02  -5.0738172e-01  -6.9323556e+00   1.3876796e-02   1.8814414e-02   4.3175114e-04
   3.6394936e-02  -5.3708016e-01  -6.9280220e+00   1.2689128e-02   1.8891575e-02   3.7779397e-04
   1.9096436e-02  -4.9913197e-01  -6.9199664e+00   1.2577834e-02   1.9322723e-02   9.0365309e-04
   2.6836301e-02  -4.8248527e-01  -6.8982965e+00   1.0683117e-02   1.9695652e-02   1.8498459e-04
   3.0011741e-02  -4.6098964e-01  -6.9298982e+00   1.1355315e-02   1.9186324e-02   6.4211444e-04
   4.3035917e-02  -4.6519427e-01  -6.9265807e+00   1.1936105e-02   1.8787140e-02   8.6468179e-04
   2.6293592e-02  -4.7501228e-01  -6.9117588e+00   1.1357243e-02   1.9545534e-02   6.7353308e-04
   7.0617298e-03  -4.4979339e-01  -6.9241767e+00   1.0184945e-02   2.0321546e-02   8.3308412e-04
  -7.4236399e-02  -4.4769927e-01  -6.9106505e+00   6.8873518e-03   2.4487868e-02   1.9786110e-03
  -1.5820338e-02  -4.8307859e-01  -6.7976137e+00   1.5499951e-02   2.0781180e-02   2.5360538e-03
   2.6704857e-02  -3.1182740e-01  -6.5921074e+00  -1.4189268e-02   2.2662765e-02   3.6160228e-03
   1.3903173e-01  -5.2020953e-01  -6.2169544e+00  -9.3795588e-04   1.6812617e-02  -7.0871468e-04
   1.8620480e-01  -3.9033181e-01  -5.6056627e+00  -9.6024265e-03   2.4075346e-02   8.6409196e-04
   1.8621599e-01  -4.6897301e-01  -5.7360498e+00  -7.6834503e-03   2.3621885e-02   1.9461336e-03
   1.1041808e-01  -3.1562312e-01  -6.0523511e+00  -9.6226817e-03   1.5027853e-02   2.2240747e-03
