   0.0000000e+00   0.0000000e+00   0.0000000e+00   0.0000000e+00   0.0000000e+00   0.0000000e+00
  -2.0692200e-02  -1.9750356e-02  -7.9653870e-02  -8.7943323e-04   8.0477707e-04   3.8734739e-05
  -3.3649859e-02  -1.1095812e-01   1.4774090e-01  -9.9635170e-03   3.0876704e-03   3.8474792e-04
  -2.9882135e-02   6.2192751e-02  -2.0451530e-02  -4.0044655e-05  -6.5823281e-03  -1.1387956e-04
  -4.5359415e-02   4.0968737e-03  -2.8301957e-01  -8.9092746e-04  -1.8309110e-03   6.1049156e-04
  -3.4727769e-02  -5.3735821e-03  -2.8409344e-01  -2.3301943e-03  -2.3643770e-03   1.6622162e-04
  -1.7215494e-02  -6.2678781e-02  -3.3611821e-01   2.9056197e-03   4.2765727e-04   3.9397191e-04
  -1.0625778e-02  -2.9908574e-02  -5.8154849e-01   8.8113371e-04   2.0567862e-03   6.9825871e-05
  -3.7842412e-03  -3.9670749e-02  -1.7540052e-01   6.6838286e-03   3.0314825e-04   2.7357225e-05
   1.2496964e-02  -1.7570838e-01  -1.4913877e-01  -2.3779163e-02   8.2165540e-06   1.3319472e-04
   5.3593886e-02  -7.9109877e-02   2.9293445e+00   4.3871505e-03  -9.6199928e-03  -4.0513409e-03
  -9.3438943e-02   3.5805032e-02   1.3528931e+00  -3.8714141e-03  -1.1514815e-03   1.0807284e-03
  -5.6983679e-02   3.3203253e-02   5.0748728e-01   3.8103654e-03   1.4509302e-03   1.7265803e-03
  -3.5278524e-02   1.9612977e-02   3.7522017e-01   1.6486495e-03  -2.1666468e-04   1.0170829e-03
  -3.0137757e-03  -1.3053723e-03   1.9476080e-01   4.7176646e-04   1.1046746e-03  -7.2397258e-04
  -3.5780013e-02   1.4328465e-02   1.7062797e-01  -7.6368485e-04  -3.8662741e-04  -1.3253247e-04
  -1.3258094e-02   2.2270744e-02   1.3316607e-01  -7.5333813e-04   3.8922358e-04  -2.8777868e-04
   2.0982979e-02   7.7719227e-03  -1.0550422e-01  -2.9754649e-03   1.7738757e-03  -1.6203000e-03
  -2.2362866e-02   1.8131612e-03   3.0885950e-02  -2.1875014e-04  -1.2857258e-03  -6.4350571e-05
  -3.6269402e-02  -5.6676481e-02  -4.2466067e-02  -6.7604165e-03   9.2758117e-04  -1.1586549e-03
  -5.6960074e-02   1.9219415e-02  -1.9657866e-01  -1.7304894e-04  -2.3414680e-03   3.8411700e-04
   2.7975707e-02   9.7974055e-02   1.8608356e-01  -2.5113746e-03   1.1118218e-03   3.3266351e-04
  -8.6767676e-02  -2.8747029e-01   1.9966072e+00  -4.0428676e-02  -1.1703260e-02  -3.2128964e-03
  -1.5605608e-01   1.3926783e-01   1.9816627e+00   1.5621278e-02   1.1453719e-02   4.3272774e-03
  -1.1667250e-01   6.1931657e-02   1.1230682e+00   2.6152827e-03   5.4491468e-03   3.5833517e-03
  -1.0964210e-01   5.6403540e-02   1.0950476e+00   2.1917622e-03   7.1223413e-03   2.3839224e-03
  -1.2645768e-01   4.8770045e-02   1.0880952e+00   1.4575271e-04   5.2173235e-03   2.8497909e-03
  -1.0592686e-01   5.5562179e-02   1.0723924e+00   1.0033360e-03   6.7432929e-03   2.4475439e-03
  -9.2827764e-02   5.3250002e-02   1.1372811e+00  -5.0845322e-04   5.7204926e-03   2.8644779e-03
  -1.1080811e-01   4.0138817e-02   1.0431671e+00  -1.3026364e-03   4.8915127e-03   2.3152568e-03
  -7.5775386e-02   2.4556193e-02   1.1960293e+00   2.1504066e-03   6.9184722e-03   1.4634048e-03
  -9.0456089e-02   6.2165693e-02   1.1509087e+00   6.0611538e-04   4.7014428e-03   2.2211891e-03
  -8.3905473e-02   3.3604175e-02   1.0002528e+00   1.8965094e-03   6.2480641e-03   1.7705319e-03
  -8.8886382e-02   2.8279603e-02   1.0695843e+00   3.3264853e-05   7.7303715e-03   2.3874261e-03
  -1.0886365e-01   4.5519488e-02   1.0641311e+00   3.6296103e-04   6.5130215e-03   1.7457158e-03
  -1.1797331e-01   2.4501104e-02   9.7474046e-01  -2.4756246e-03   6.7244238e-03   2.0009845e-03
  -1.2609862e-01   4.0244557e-02   8.7542037e-01  -4.1546563e-04   6.6565042e-03   2.4825636e-03
  -1.0513407e-01   1.1434931e-02   8.0561841e-01  -7.3230317e-04   5.2530906e-03   2.2463317e-03
  -1.0105828e-01   2.7697371e-02   8.6833767e-01  -1.3025121e-03   5.5204317e-03   1.4697729e-03
  -6.9059997e-02   3.5805536e-02   8.1193035e-01  -4.2013962e-04   4.9949718e-03   1.5520633e-03
  -1.0195576e-01   2.0614789e-02   7.6929041e-01   1.7572881e-04   4.8945919e-03   2.1462098e-03
  -7.8786642e-02   1.8030029e-03   6.4981719e-01  -6.5655430e-03   3.4027388e-03   1.7843033e-03
  -7.8223717e-02  -6.6886355e-02   4.8068757e-01   9.1166395e-03   5.8815483e-03   1.7487934e-03
  -1.5634692e-01   3.4343547e-02  -1.9445825e-01  -2.8326373e-03   3.4026163e-04   2.7413964e-03
  -1.2803092e-01  -1.3027672e-02  -2.6937632e-01  -4.2478859e-03   1.8406657e-04   2.3516821e-03
  -1.0183056e-01   2.8587565e-02  -1.7802428e-01  -2.1096380e-03   1.2667029e-03   1.4874609e-03
  -1.2585790e-01  -1.6866743e-02  -1.3455811e-01  -5.0820707e-03   6.8003678e-04   1.6442411e-03
  -1.0544013e-01  -8.5240965e-04  -1.5379360e-01  -3.6779621e-03   8.1649037e-04   1.6464085e-03
  -1.6530504e-01   1.8642030e-02   4.1378232e-01   1.0369206e-02   3.7416550e-03   2.7600634e-03
  -8.8156305e-02   2.6403592e-02  -2.2428787e-01  -3.3026153e-03   2.5390297e-03   1.1647417e-03
  -6.2570701e-02  -6.7956823e-03  -7.5085139e-02  -2.5791707e-03   3.2893013e-03   1.1910154e-03
  -7.4622416e-02   6.1998781e-03  -1.8823047e-01  -3.0823635e-03   2.2043309e-03   9.3500275e-04
  -5.9116227e-02  -1.1400493e-02  -2.0654596e-01  -4.3744159e-03   1.7686208e-03   6.1971667e-04
  -5.5104923e-02  -1.8886749e-02  -1.9167441e-01  -3.7342952e-03   2.0152991e-03   3.2819576e-04
  -6.9389814e-02  -2.6993865e-03  -2.8678972e-02  -1.0297514e-02   5.1957481e-03   4.1587632e-04
  -8.7169628e-02   1.4639129e-02  -1.4321170e-01  -1.5197389e-03   1.3757729e-03   9.0634567e-04
  -5.7689135e-02  -2.6289158e-02  -2.0129059e-01  -2.6564254e-03   1.0126103e-03   1.2550927e-04
  -1.2580606e-01   4.5133992e-02   1.0784365e-01   6.8460442e-03   3.3710444e-03   1.8411723e-03
  -7.4588599e-02   2.0608576e-02  -3.4216612e-01  -5.1813187e-03   1.8291238e-03   1.0773893e-03
  -5.7819236e-02   6.0946038e-03  -2.9912492e-01  -2.4943431e-03   2.5278140e-03   9.3925959e-05
  -5.5738751e-02  -5.4774003e-03  -2.5757398e-01  -2.4358566e-03   2.5765174e-03   2.2847820e-04
   1.8387219e-03   4.5828355e-02  -6.0049973e-02  -5.5195199e-03   5.9957606e-03  -4.9913676e-04
  -4.5026450e-02  -2.8600338e-04  -3.7720773e-01   1.1546722e-03   3.8470433e-03  -3.3756407e-04
  -4.4026333e-02  -4.6048759e-02  -3.5999304e-01  -7.9937826e-03   4.2631574e-03   2.5371010e-04
  -8.0978504e-02   2.0070865e-02  -4.3104212e-01  -3.7497866e-04   4.6576471e-03   9.6763695e-04
  -5.5345730e-02   4.5447299e-03  -4.5149060e-01  -7.3296819e-04   3.9492097e-03   5.5303907e-04
  -3.0963434e-02  -7.1822051e-04  -5.0924981e-01  -3.5102443e-03   3.4222541e-03  -1.2999988e-06
  -8.5579487e-02  -2.2486557e-02   7.0265735e-02   9.1384155e-03   4.2854944e-03   9.3935058e-04
  -4.1049549e-02  -1.7711110e-02  -6.9868451e-01  -3.4091584e-04   2.9504787e-03  -1.6442049e-04
  -2.0179222e-02  -5.1554886e-02  -6.6556233e-01  -6.2515959e-04   2.2647363e-03  -6.7250224e-04
  -3.2264123e-02  -2.2139165e-02  -5.6466984e-01   1.1399725e-04   3.0063998e-03  -4.0715493e-04
  -3.7173709e-02  -1.3239566e-02  -5.9384490e-01  -1.2761372e-03   1.7572469e-03  -3.3250134e-04
  -2.4044320e-02  -3.8873268e-02  -5.7232708e-01  -2.5918676e-03   2.0361419e-03  -7.6260547e-04
  -1.9221942e-02  -6.6009079e-02  -5.0953196e-01  -1.1046249e-02   4.6989557e-03  -8.5825869e-04
  -6.8748238e-02  -2.6736796e-02  -4.2943411e-01  -1.8345848e-03   3.9747352e-03   1.0540853e-06
  -6.0281997e-03  -7.0547959e-02  -2.1604697e-01  -4.2948135e-03   5.5794653e-03  -1.8311225e-04
  -1.0070031e-01  -3.5738252e-02  -1.2667000e+00  -5.4585029e-03   2.5683997e-03  -2.1218427e-04
  -7.5190544e-02  -3.6661059e-02  -1.1142168e+00  -2.7703635e-03   3.1063258e-03  -4.5912063e-04
  -5.1113643e-02  -1.1047948e-02  -1.0888697e+00  -3.1770674e-03   2.9898135e-03  -6.0906552e-04
  -6.2752143e-02  -4.2146912e-02  -5.1112243e-01   1.2234235e-03   5.6491185e-03  -2.4496225e-04
  -4.6306193e-02  -4.8075005e-02  -7.3067839e-01  -9.7297388e-03   4.8908910e-03  -8.8568521e-04
  -5.8897172e-02  -2.6472935e-02  -6.1926150e-01  -2.7991223e-03   5.5483342e-03  -4.1147500e-04
  -5.2873231e-02  -2.3628855e-02  -6.6660407e-01  -3.4357740e-03   4.5951189e-03  -2.9807553e-04
  -1.2081412e-01  -4.2977331e-02  -3.9800775e-01   9.6388469e-03   7.6327124e-03   1.3275214e-03
  -7.0087414e-02  -6.0020608e-02  -9.7160349e-01  -6.0719564e-03   4.2071205e-03   9.3733822e-04
   7.7368850e-03  -6.3724360e-02  -2.9417139e-01  -1.1115581e-03  -4.7558471e-04  -1.5702771e-03
   4.1787296e-03  -3.7705566e-02  -4.7142220e-01  -3.3732988e-03   6.3186145e-05  -1.3210700e-03
  -1.5824221e-01  -4.8302608e-03  -2.3934524e-02   7.9962707e-03   4.8521879e-03   1.7677936e-03
  -5.9271418e-02  -3.4951564e-02  -5.2535460e-01  -1.1102624e-03   5.3517412e-03   1.6269895e-04
  -5.2964911e-02  -7.1089660e-02  -6.1664291e-01  -6.0022139e-03   5.4790652e-03   1.7610071e-04
  -7.5258771e-02  -2.5846788e-02  -6.9002784e-01   4.0627131e-05   6.6656537e-03   2.8082752e-04
  -4.9666883e-02  -2.9069783e-02  -8.6239359e-01  -2.0574959e-03   5.7909588e-03  -3.3308083e-04
  -4.3372051e-02  -2.7096404e-02  -3.7547530e-01  -2.6879362e-03   9.0207913e-03  -8.9650776e-04
  -4.7458047e-02  -3.0093736e-02  -7.0170732e-01  -2.9143193e-03   7.8363135e-03  -8.4940757e-04
  -8.1338887e-02  -5.3373011e-02  -5.3225921e-01  -1.8761012e-03   9.6566306e-03  -2.3780735e-05
  -3.4578758e-02  -5.1561552e-02  -6.7901054e-01  -2.4935872e-03   8.3041167e-03  -5.9518886e-04
  -1.0112003e-01  -6.5283509e-02  -1.0259768e-01   8.8290626e-03   1.0424225e-02   8.9223897e-04
  -6.7327037e-02  -5.5126973e-02  -7.6311288e-01  -7.0387369e-04   7.8382574e-03   5.4163374e-05
  -1.4313121e-02  -9.2844036e-02  -7.6851595e-01  -4.9021684e-03   8.4851410e-03  -1.2952549e-03
  -7.2627825e-02  -1.2310300e-02  -5.3607109e-01   1.2542103e-03   8.8594629e-03   3.6245801e-07
  -3.0200778e-02  -6.1802872e-02  -3.0598575e-01   4.4462223e-03   1.0017857e-02  -1.1284914e-03
  -6.3175615e-02  -3.3767725e-02  -6.5093317e-01  -6.7112480e-03   9.1159756e-03  -2.5609976e-04
  -4.1569182e-02  -4.6216791e-02  -7.1403530e-01   8.0149210e-04   1.0034824e-02  -1.4858610e-04
  -4.1919143e-02  -6.2199297e-02  -8.3237925e-01  -9.8060797e-04   9.0309205e-03  -4.5511507e-04
  -4.2171961e-02  -1.0164282e-01  -5.9256787e-01  -6.2105849e-03   9.9443880e-03  -1.9422993e-04
  -6.3017391e-02  -3.6837435e-02  -6.6340999e-01  -1.0926246e-03   8.1675545e-03  -1.1724122e-04
  -4.3783848e-02  -6.1540670e-02  -7.0288098e-01  -2.0597825e-03   7.9398274e-03  -4.7708820e-04
  -3.3341804e-02  -5.5375924e-02  -1.4099699e-01   3.6676722e-03   1.0269611e-02  -4.6707779e-04
  -3.4374993e-02  -6.6335442e-02  -5.2875561e-01  -1.9208375e-03   9.7587630e-03  -9.6511748e-04
  -4.9554919e-02  -6.3414236e-02  -5.7716252e-01  -9.2606576e-05   9.8566409e-03  -3.1997525e-04
  -3.7601719e-02  -7.3623512e-02  -7.0924240e-01  -1.0148539e-03   8.2070680e-03  -4.7091089e-04
  -1.2081745e-02  -2.1736943e-02  -8.0540353e-01  -9.8775446e-04   3.5951379e-03  -1.4584997e-03
  -1.5176609e-02  -7.3638186e-02  -8.1486445e-01  -9.1651730e-04   4.0387519e-03  -1.1479721e-03
  -3.4127362e-02   1.1095074e-01  -3.0666384e-01   4.8343969e-03   8.5583040e-03  -1.0879749e-03
  -7.3624961e-02  -5.9752747e-02  -1.1878667e+00  -4.8672411e-03   4.9232117e-03  -1.0995210e-03
  -4.2270700e-02  -3.9041643e-02  -1.1522002e+00  -3.1606860e-03   4.4263311e-03  -9.4538584e-04
  -1.2571988e-01  -3.5663305e-02  -5.2904129e-01   3.7729399e-03   5.9917770e-03  -3.8822958e-04
  -7.3390097e-02  -5.4329526e-02  -8.6160506e-01  -2.6822544e-03   4.7296077e-03  -8.8247188e-04
  -5.1413300e-02  -6.0048201e-02  -7.9039692e-01  -3.2791410e-03   5.4411007e-03  -1.2562614e-03
  -5.9531341e-02  -4.3213830e-02  -8.4405186e-01  -5.4522208e-03   3.9781424e-03  -5.9608720e-04
  -7.3077595e-02  -3.3110180e-02  -5.6498565e-01   4.2063052e-03   7.8296083e-03   1.4994303e-05
  -2.1576342e-02  -4.9407210e-02  -1.0893629e-01   4.5640352e-03   8.7383204e-03  -7.3637720e-04
  -6.8725962e-02  -4.1370949e-02  -1.0280686e+00  -1.6066702e-03   8.9536984e-03  -1.2856714e-04
  -5.2749857e-02  -5.5787389e-02  -1.0734515e+00  -2.4030019e-03   9.0556870e-03  -5.2922145e-04
  -5.7748995e-02  -1.2495782e-02  -2.7260444e-01  -3.0245752e-03   1.0399084e-02  -4.4952907e-04
  -7.1992884e-02  -5.8776518e-02  -9.0614983e-01   1.3893752e-03   8.9026285e-03  -2.1436236e-04
  -1.9091105e-02  -1.0096624e-01  -4.9762256e-01   2.2370901e-03   1.0564291e-02  -1.4354723e-03
  -7.2109866e-02  -2.7640528e-02  -8.7396316e-01  -1.3313799e-03   8.7407333e-03  -1.6631806e-05
  -8.1972759e-02  -4.8195823e-02  -7.4206346e-01  -1.1747536e-03   4.5960891e-03  -2.4410181e-04
  -7.4485150e-02  -2.0048496e-02  -7.3323086e-01  -1.7761070e-03   5.1848332e-03  -7.6706923e-05
  -7.8573275e-02  -1.7171171e-02  -7.5212565e-01  -2.3583190e-03   5.4510085e-03  -4.1927140e-05
  -1.1047872e-01  -4.1054998e-02  -5.6736084e-01   8.7186015e-03   8.6884806e-03   4.7672579e-04
  -7.4953211e-02  -6.8440573e-02  -9.1011919e-01   1.1593335e-03   7.1006311e-03   3.0064480e-04
  -4.9425159e-02  -7.6228767e-02  -9.1992810e-01  -2.5603433e-03   5.4977909e-03  -1.5717081e-04
  -6.2376931e-02  -2.3416360e-02  -7.3910175e-01   7.2861260e-03   1.0105780e-02  -4.1334909e-05
  -2.1068772e-02  -4.5087549e-02  -9.3596692e-01  -1.5765338e-03   7.9932440e-03  -2.0762577e-04
  -2.0841940e-02  -8.1203233e-02  -9.3246949e-01   2.9506142e-03   1.1759665e-02  -7.8538906e-04
  -2.6207158e-02  -6.8319741e-02  -1.0506538e+00  -1.0272339e-04   9.8125225e-03  -7.2020882e-04
  -2.8617217e-02  -6.5462581e-02  -1.1084815e+00  -1.0313043e-03   8.9188410e-03  -4.6400880e-04
  -1.2326185e-02  -6.3519418e-02  -1.1085186e+00  -7.8887193e-04   8.4082984e-03  -6.8895830e-04
  -1.7584042e-02  -5.4164860e-02  -1.0841119e+00  -8.7867608e-03   7.8909541e-03   4.2949466e-05
  -7.1084374e-02  -5.4908466e-02  -7.6624983e-01   1.5365958e-03   8.5286514e-03  -6.3452870e-06
  -5.3643627e-02  -6.4648228e-02  -8.7037491e-01   1.2322663e-03   7.1909671e-03   1.8451516e-04
  -3.3715964e-02  -6.7822997e-02  -8.9249657e-01   1.4329109e-04   7.9738023e-03  -3.7833509e-05
  -6.3939268e-02  -4.7997949e-02  -9.2895192e-01   2.0792102e-04   7.5155914e-03   2.6221602e-04
  -3.7921121e-02  -4.8025525e-02  -4.6415363e-01   3.5445879e-03   8.3052379e-03  -3.9541168e-04
  -4.9719961e-02  -5.2768205e-02  -9.7455740e-01   2.8483777e-03   7.8314031e-03  -5.4476493e-04
  -3.6876585e-02  -6.1963476e-02  -9.7904491e-01   2.7224788e-04   7.3192367e-03  -7.9338170e-04
  -3.4791222e-02  -7.6043898e-02  -9.2961240e-01  -3.3889985e-04   7.5922645e-03  -1.2346799e-03
  -1.2194384e-01  -4.3993919e-02  -6.2745572e-01   1.1186970e-02   8.8178688e-03   9.5586161e-04
  -6.6780638e-02  -2.4522433e-02  -8.2812197e-01   4.1511526e-03   8.9461229e-03   2.5266110e-04
  -6.4308544e-02  -5.2751237e-02  -1.0591157e+00   3.8037693e-03   7.6951458e-03   2.2179525e-04
  -5.4219844e-02  -1.2317478e-01  -1.0927224e+00   4.4444825e-04   8.7665006e-03  -7.3021594e-05
  -4.8228597e-02  -4.7959292e-02  -1.1360608e+00   1.3592714e-03   8.2411718e-03  -1.6396768e-04
  -5.5993051e-02  -5.8240283e-02  -1.1213797e+00   3.9915335e-04   7.8038394e-03   2.9448985e-05
  -5.4396771e-02  -6.9203776e-02  -1.2173394e+00  -8.1071170e-04   7.3367926e-03  -1.6839194e-04
  -3.9238684e-02  -1.3963595e-02  -9.8306897e-01   3.8665451e-04   6.2001089e-03  -5.8504183e-04
  -7.8067603e-02  -4.4039814e-02  -1.0187787e+00   4.8400220e-04   6.6395448e-03  -5.8785911e-05
  -6.0899995e-02  -1.6796367e-02  -1.0080812e+00   7.9279053e-04   6.9582209e-03  -1.8776584e-04
  -6.8892301e-02  -5.7648519e-02  -9.4975034e-01  -4.2297167e-04   9.7903692e-03  -2.5506468e-04
  -1.1126897e-01  -1.2153899e-01  -1.6202376e+00  -7.3346592e-04   6.3239811e-03   6.9862338e-04
  -5.6339320e-02  -7.9918435e-02  -1.2278615e+00   3.1445751e-03   5.0649905e-03   2.3417738e-04
  -5.9509743e-02  -9.7744142e-02  -1.2140741e+00   3.5244281e-03   9.0386295e-03  -9.0533594e-04
  -7.0984745e-02  -3.8669711e-02  -9.8866413e-01   8.2306283e-03   6.9329326e-03   3.9997214e-04
  -6.1488474e-02  -6.4243035e-02  -1.1039324e+00   1.7648855e-03   7.1261081e-03   2.9856736e-04
  -7.0757616e-02  -2.7649867e-02  -9.3739351e-01   4.2565300e-03   7.2137156e-03   1.8436626e-04
  -5.0693450e-02  -6.4623253e-02  -9.6348459e-01   3.9028068e-03   6.9243777e-03   3.7355443e-05
  -6.0978402e-02  -5.3897606e-02  -1.0025211e+00   2.0494650e-03   7.0083032e-03  -1.0740178e-04
  -5.1517799e-02  -8.3814623e-02  -7.8129250e-01   7.5416160e-04   1.0783833e-02  -7.9010098e-04
  -7.9420798e-02  -4.2941787e-02  -9.2704530e-01   4.9921096e-03   7.2157355e-03   3.3177576e-04
  -9.2962399e-02  -8.3569969e-02  -7.3264799e-01   9.6062323e-03   6.7534743e-03   2.4127995e-04
  -5.2606220e-02  -3.5720584e-02  -1.0885657e+00   2.8305224e-03   6.2457835e-03  -1.8329584e-04
  -6.4668843e-02  -3.7250356e-02  -1.2098974e+00   1.2720519e-03   6.2018662e-03  -1.6819461e-04
  -9.3607711e-02  -5.9931866e-02  -1.0706045e+00   4.1054211e-03   7.9678987e-03  -3.3809605e-04
  -6.9430580e-02  -6.2170043e-02  -1.0880786e+00   3.2661099e-03   6.9385427e-03  -5.5669725e-05
  -7.2554349e-02  -6.5292239e-02  -1.1328728e+00   1.4207482e-03   6.8649218e-03   3.2629867e-05
  -6.8690570e-02  -4.3692268e-02  -1.1535597e+00   2.6949843e-04   8.3973581e-03  -7.6157992e-04
   5.2331618e-02  -1.4792919e-02   2.2894719e+00   8.4574752e-03   1.0542829e-02   3.1100836e-04
  -7.9316760e-02  -2.4777641e-01  -6.0924661e-01  -9.5942055e-03   7.7492528e-03   3.2345776e-03
  -7.9678298e-02   1.5232428e-02  -5.2178572e-01   1.0217532e-03   8.6881680e-03   2.3066251e-03
  -5.6381986e-02  -1.0865729e-02  -5.5190713e-01   9.1273838e-04   6.4912464e-03   1.6774904e-03
  -5.4213075e-02  -5.5062814e-02  -5.5345787e-01   1.1611258e-03   7.2020370e-03   1.0585350e-03
  -4.0354402e-02  -5.5744708e-02  -5.6291241e-01   2.6108896e-04   7.5771271e-03   5.5003962e-04
  -5.5267692e-02  -4.9567697e-02  -5.0659064e-01   1.0282909e-03   8.3197172e-03   8.7959820e-04
  -5.0861731e-02  -4.9407600e-02  -5.5463680e-01  -3.2624531e-04   7.8316649e-03   7.2795557e-04
  -6.8743900e-02  -3.8738988e-02  -5.1219642e-01   6.6773037e-04   7.7611885e-03   8.8884305e-04
  -3.0723561e-02  -5.1237327e-02  -5.5894440e-01  -1.4998370e-03   7.4204826e-03   2.3355238e-05
  -6.5377576e-02  -1.1419071e-02  -1.6177896e-01   4.2211366e-03   6.1637038e-03  -2.2911129e-04
  -1.0723989e-01  -4.2962234e-02  -5.8815927e-01   9.8124213e-04   4.2029525e-03   7.5013001e-04
  -9.9060097e-02  -3.8464814e-02  -5.8675068e-01   5.7937439e-04   4.7151217e-03   5.2991013e-04
  -1.0710812e-01  -6.0588468e-02  -6.7604835e-01  -8.3486687e-05   5.2307227e-03   4.2316442e-04
  -1.1140297e-01  -4.5725753e-02  -6.6764834e-01  -8.5759625e-04   4.9312289e-03   5.9895748e-04
  -9.4003994e-02  -5.3287194e-02  -6.1272771e-01   7.5641945e-04   6.3805666e-03  -6.1288455e-05
  -9.5807138e-02  -4.3109489e-02  -5.9748815e-01   5.4904634e-04   4.4077279e-03   2.4860156e-04
  -9.0804242e-02  -3.4155292e-02  -6.5125408e-01  -1.6194989e-03   4.3182088e-03  -1.6680268e-04
  -1.0828738e-01  -4.5504072e-02  -5.6505008e-01   3.4915070e-03   3.8233718e-03   5.9332088e-04
  -1.1585865e-01  -2.5440564e-02  -7.4068311e-01  -1.3367345e-03   3.9475262e-03   8.2715771e-04
  -1.0580052e-01  -4.9830730e-02  -5.4252152e-01   1.5959095e-03   3.8108206e-03   3.0512739e-04
  -1.8135283e-01   1.0107930e-01  -6.7816790e-01  -5.2175693e-03   9.4766256e-03   2.2294384e-03
  -1.6702072e-01  -5.1690726e-01  -4.6181259e+00   6.5431470e-02   4.5175579e-03  -5.8653399e-04
  -3.0538074e-01  -2.8497924e-01  -7.1366776e+00  -4.4578975e-03   1.8512946e-02   1.5403993e-03
  -1.3911197e-01  -2.0693476e-01  -2.8398543e+00  -1.3685410e-02   1.9510631e-02   3.6647699e-05
   6.3046462e-02   2.5519677e-01  -6.3764715e-02  -4.8214527e-02   3.8145079e-03   1.7495927e-04
  -1.5343245e-01   1.6412556e-02  -1.1580404e+00  -2.3334676e-03   9.8879932e-03   2.7625916e-03
  -1.2055495e-01  -5.8062378e-02  -1.0961187e+00  -6.4749328e-04   5.7589049e-03   2.1119348e-03
  -8.6948757e-02  -6.4156073e-02  -6.2914996e-01   2.8501130e-03   7.0965168e-03   2.3407759e-03
  -1.0268870e-01  -2.8299919e-02  -4.4965034e-01   5.9199257e-03   5.5896945e-03   2.6191906e-03
  -9.3955687e-02  -3.5783320e-02  -7.3054942e-01   9.4421706e-03   7.7068358e-03   1.3080795e-03
  -2.1822588e-01  -4.0821563e-01  -2.3983519e+00   1.6958539e-02   6.1516157e-03   1.3595523e-03
  -2.1122489e-01   8.3568218e-02  -2.5716149e+00   2.1212895e-02   5.9310106e-03   1.2478806e-03
  -1.2344141e-01   9.7649216e-02   2.4865197e-01  -1.7130419e-02   9.9950498e-03   3.6820118e-03
  -1.2959288e-01  -1.6034039e-02  -7.8212533e-01   4.6675299e-03  -2.3913040e-03   3.2994732e-03
  -9.7231262e-02  -3.9789373e-02  -1.4794192e+00  -4.0775538e-03  -5.3044884e-03   1.6063944e-03
  -9.1835922e-02  -9.1054744e-03  -1.4294771e+00  -4.9938896e-03  -5.2968799e-03   1.0034467e-03
  -9.4635991e-02   4.0071581e-03  -1.3111725e+00  -6.4690089e-03  -1.6130666e-03  -3.2259181e-04
  -1.2642694e-01  -2.1624051e-02  -1.3726377e+00  -6.9791274e-03  -2.9665174e-03   1.2102201e-03
  -1.1729137e-01   5.3682367e-03  -1.3076526e+00  -6.6880308e-03  -1.8299477e-03   7.2602357e-04
  -1.2870419e-01  -8.3694826e-03  -1.2898113e+00  -7.3722130e-03   3.8713291e-04   1.1268224e-03
  -1.3579808e-01   2.4839946e-02  -1.1688474e+00  -6.1554414e-03  -1.3324942e-03   1.2426267e-03
  -1.3175534e-01   3.6213376e-03  -1.1964131e+00  -6.8533739e-03   2.9707287e-04   1.0134735e-03
  -1.2919984e-01   3.1669414e-03  -1.0821474e+00  -6.3217905e-03  -2.1795680e-04   8.9999603e-04
  -1.3718334e-01   3.1118687e-02  -9.4583366e-01  -3.9577508e-03   3.0513134e-03   1.0544078e-03
  -1.1098681e-01  -1.0635327e-03  -9.6074454e-01  -1.5658598e-03   2.3403842e-03   1.2193119e-03
  -1.3303348e-01   5.2376062e-03  -9.5773912e-01  -2.9378365e-03   3.5578052e-03   1.4551240e-03
  -1.3667748e-01  -5.1553728e-03  -9.6192972e-01  -2.0287319e-03   2.5360480e-03   1.2225215e-03
  -1.1555224e-01   2.2148131e-02  -9.7691944e-01  -5.7274366e-03   3.5748026e-03   1.1168627e-03
  -1.1297967e-01  -2.5877123e-03  -9.6330874e-01  -3.1485375e-03   2.9556121e-03   8.4387433e-04
  -1.0873445e-01   2.8874704e-02  -9.3182145e-01  -2.6011006e-03   3.7194261e-03   4.6356922e-04
  -8.1267596e-02  -6.2012435e-02  -7.2475347e-01  -1.1125263e-04   6.8111985e-03  -5.5409997e-04
  -1.1863598e-01  -2.7151926e-03  -9.4617282e-01   1.1106542e-03   4.0168009e-03   1.2528550e-03
  -1.2086528e-01  -2.1531566e-02  -1.0065300e+00  -4.9438559e-04   3.8631492e-03   1.1935316e-03
  -1.1001847e-01   1.3160734e-02  -1.0235260e+00   1.6804217e-04   4.1562844e-03   3.3806045e-04
  -1.0767662e-01  -3.0042149e-04  -1.0527337e+00  -7.2866438e-04   3.5969354e-03   7.2874533e-04
  -9.1013584e-02   2.4085696e-02  -1.0211187e+00  -2.8389401e-03   3.9488893e-03   2.4069770e-04
  -9.7987469e-02  -2.1350613e-02  -9.7714853e-01  -6.7179272e-04   3.6841200e-03   3.7494032e-04
  -1.0778336e-01  -9.9195888e-03  -9.2235504e-01  -1.4790204e-03   4.2089986e-03   4.3479416e-04
  -1.1194701e-01   2.4954324e-02  -8.9508408e-01  -4.9759718e-05   5.0239338e-03   3.7379201e-04
  -1.1821949e-01   1.5125083e-02  -1.0020019e+00  -5.4405518e-04   4.2003346e-03   8.3066036e-04
  -1.1570307e-01  -2.8449059e-02  -8.9108339e-01   1.1012164e-03   5.1222803e-03   3.9707999e-04
  -9.1620800e-02  -9.5414858e-03  -1.0380138e+00   2.3916097e-03   3.3182552e-03   5.1313681e-04
  -9.0862540e-02  -3.5250634e-02  -1.0528891e+00  -7.0205790e-04   3.0016849e-03   3.6192762e-04
  -9.9828690e-02  -9.5159996e-02  -9.1124039e-01  -4.3855003e-04   6.1537935e-03   1.1690258e-03
  -8.6278664e-02  -1.6319228e-02  -1.0443131e+00   1.5034803e-03   2.9289042e-03   7.4134601e-04
  -8.4630112e-02  -1.8104843e-02  -1.0786364e+00   6.3858763e-04   3.3532715e-03   5.6639780e-04
  -1.1251403e-01  -1.5283841e-01  -1.5572281e+00   1.5254543e-02   6.9672876e-03   3.8555876e-04
  -1.2694831e-01  -2.6133927e-02  -1.7881214e+00   1.6002501e-03   2.1272592e-03   3.7913566e-04
  -1.0986050e-01  -4.9978922e-02  -1.6951262e+00   1.3655106e-03   2.0747777e-03   3.1487537e-04
  -1.1029842e-01  -7.0979551e-02  -1.2206117e+00   1.5106907e-03   6.7308165e-03   6.6542560e-04
  -9.0566052e-02  -1.2666466e-02  -1.3042180e+00  -1.1635036e-03   5.6612549e-03  -4.7060033e-05
  -9.5699241e-02  -4.0992026e-02  -1.2593352e+00   1.3660058e-03   4.9124801e-03   4.3413237e-04
  -8.7801528e-02  -1.5119129e-02  -1.3986746e+00   2.0876198e-04   5.3796551e-03   2.9551198e-04
  -9.7906453e-02  -3.5182986e-02  -1.3723237e+00  -2.4260333e-04   4.6660249e-03   3.7437410e-04
  -1.0014688e-01  -1.5536474e-02  -1.2762567e+00   7.2322672e-04   5.1045350e-03   3.7696553e-04
  -3.6957850e-02  -6.7183908e-02  -7.1214587e-01   8.2783752e-03   8.1666980e-03  -1.0216147e-05
  -7.8954486e-02  -9.9211090e-02  -8.6173213e-01   7.8470521e-03   6.8056049e-03   5.1280141e-04
  -8.2469420e-02  -9.0198962e-02  -9.1358590e-01   9.4616569e-03   5.9692308e-03   8.3936720e-04
  -4.3432350e-02  -8.8547222e-02  -9.3368474e-01   9.0032851e-03   7.0567112e-03   2.0967282e-04
  -8.7280301e-02  -1.0274233e-01  -8.9031762e-01   1.1972399e-02   5.5679115e-03   5.9752567e-04
  -6.4059339e-02  -5.9447194e-02  -9.2179748e-01   1.0723756e-02   4.4026115e-03   6.8955354e-04
  -6.0070336e-02  -1.1628717e-01  -7.3265356e-01   1.1356103e-02   7.8759438e-03   1.2080439e-03
  -7.1023537e-02  -1.0127846e-01  -6.5963054e-01   1.3306442e-02   4.9571173e-03   8.4423225e-04
  -4.7302840e-02  -1.1155128e-01  -6.3843800e-01   6.2098316e-03   6.5097058e-03   7.2017600e-04
  -3.9154162e-02  -9.9020907e-02  -8.1796024e-01   9.8345458e-03   7.7981376e-03  -3.1090395e-04
  -7.0892700e-02  -8.0335024e-02  -6.9902415e-01   1.1728920e-02   6.8598727e-03   7.7327719e-04
  -4.6492660e-02  -2.8870878e-03  -3.9511483e-01   1.1907087e-02   5.4268471e-03   4.0243920e-04
  -6.4124035e-02  -1.3787882e-01  -8.8344482e-01   1.3882145e-02   6.5628611e-03   6.7525428e-04
  -4.4512462e-02  -1.0834986e-01  -8.3315779e-01   1.2323483e-02   6.6088878e-03  -1.3068257e-04
  -4.7806013e-02  -7.3144242e-02  -5.6838685e-01   7.3252827e-03   4.5732723e-03   1.0135291e-03
   1.4888689e-02   1.2184821e-01   7.2191769e-01   1.7687110e-03   2.2710673e-03  -6.2719690e-04
  -6.8136070e-02  -1.2960961e-01  -8.3140276e-01   1.4551829e-02   6.3884024e-03  -8.1219709e-04
  -3.0834226e-02  -9.3026232e-02  -7.7474778e-01   1.2291381e-02   4.7831313e-03   7.0461866e-06
  -5.8825507e-02  -1.0325476e-01  -7.8300657e-01   1.3211411e-02   5.9607495e-03   1.4216465e-04
  -5.6316474e-02  -9.2987377e-02  -6.1397805e-01   1.0657559e-02   6.3927034e-03   1.7854673e-04
   4.1318137e-02   2.3799009e-01   2.2835176e-01  -7.0441837e-03   8.0414869e-03  -2.1315154e-03
  -4.0643021e-03  -5.9899337e-02  -5.8822281e-02   2.4025204e-02  -3.4429429e-04   3.1159999e-04
  -5.9340015e-02  -1.0227321e-01  -7.1036314e-01   1.2379075e-02   3.8502961e-03  -1.5209373e-04
  -9.4049965e-02  -3.6985123e-02  -7.5612255e-01   1.2260307e-02   6.7322324e-03   9.5101612e-04
  -8.3189612e-02  -4.8503457e-02  -8.3610348e-01   1.1339876e-02   6.4601874e-03   6.3928951e-04
  -6.8205115e-02  -6.6529995e-02  -6.6432989e-01   1.3132557e-02   6.5104145e-03   9.0790502e-04
  -1.4997817e-02  -3.2258789e-02  -3.7306425e-01   1.0954895e-02   7.1817889e-03   1.3935623e-04
   4.7196484e-02   2.9780450e-01   6.4589273e-01  -1.1875116e-02   7.6767749e-03  -1.3217611e-03
   1.4123334e-03  -7.7296442e-02  -1.8175115e-01   2.1924736e-02   4.9619257e-03  -7.2406816e-04
  -6.1406278e-02  -1.0226967e-01  -8.0650540e-01   1.1204409e-02   5.1856074e-03   4.7319710e-04
  -7.2062061e-02  -7.4564212e-02  -9.7857722e-01   1.5658263e-02   7.1378559e-03  -2.5713867e-04
  -8.9836244e-02  -7.2132732e-02  -7.2343751e-01   1.3404967e-02   7.9390669e-03   3.6505196e-04
  -7.6290034e-02  -5.3080538e-02  -7.6666660e-01   1.0920162e-02   7.3928178e-03   3.7695631e-04
  -8.4545419e-02  -4.1931384e-02  -8.2286917e-01   9.7020069e-03   8.1571150e-03   4.8457593e-04
  -9.8449724e-02  -4.7422961e-02  -9.0803520e-01   1.5490274e-02   8.2698463e-03   9.7014751e-04
  -1.0429608e-01   2.5252146e-03  -7.4581802e-01   5.9857689e-03   1.0080402e-02   1.2907361e-03
  -1.0405320e-01  -1.3027890e-02  -7.9442667e-01   8.1040551e-03   7.5782990e-03   8.6097466e-04
  -8.4893792e-02  -3.3107777e-02  -7.8073780e-01   2.9962602e-03   8.6831079e-03   9.7463564e-05
  -9.5585348e-02  -4.3760092e-02  -9.1007710e-01   9.0069203e-03   6.3530991e-03   4.3250731e-04
  -8.7479760e-02  -7.4259934e-02  -9.1409790e-01   8.6772649e-03   5.7502619e-03   5.3102356e-05
  -7.0512086e-02  -7.9276703e-02  -8.8625637e-01   3.3180635e-03   7.2782490e-03  -1.7551247e-04
  -1.5323545e-01  -8.8336789e-02  -2.1018797e+00  -7.9202015e-04   5.4451662e-03   1.1735217e-03
  -1.0213116e-01  -1.4873449e-01  -1.4622073e+00  -1.3420680e-03   6.2406277e-03   4.4106720e-04
  -1.0382204e-01  -7.1357359e-02  -1.4356524e+00   7.9781579e-03   5.3396077e-03   2.3119277e-04
  -3.4964850e-02  -6.1001645e-02  -1.2516360e+00  -4.1510839e-03   9.7972919e-03  -8.2860651e-04
  -1.4175234e-01  -5.5916190e-02  -1.3880302e+00   4.3131923e-03   8.0712805e-03   6.2674870e-04
  -1.2175712e-01  -1.0102725e-01  -1.4126455e+00   4.1933415e-03   7.7909525e-03   3.3395573e-04
  -1.2769316e-01  -5.1023334e-02  -1.5826732e+00   1.4774888e-03   7.8000250e-03   4.8920275e-04
  -1.4204378e-01  -4.2177934e-02  -1.2431993e+00   4.5645677e-03   7.3841543e-03   4.8225898e-04
  -1.7780068e-01  -2.3643058e-02  -1.2645382e+00   4.2607083e-03   6.0401350e-03   1.1560425e-03
  -1.5392266e-01  -4.6324545e-02  -1.3916350e+00   4.7982081e-03   6.9524671e-03   5.1948437e-04
  -1.3023309e-01  -7.5495697e-02  -1.3611815e+00  -4.3220469e-04   7.8240614e-03  -2.1846921e-06
  -1.0432895e-01  -4.6875739e-02  -1.2499227e+00   4.2973211e-03   7.1701235e-03   9.1249998e-05
  -1.2538804e-01  -5.2134797e-02  -1.2189777e+00   3.8425170e-03   6.0926938e-03   2.8188253e-04
  -7.6685300e-02  -2.2681532e-03  -7.8595120e-01   6.2517498e-03   9.1141361e-03   4.5744314e-05
  -8.4715506e-02  -2.7683745e-02  -1.2571598e+00   3.6205619e-03   7.9507770e-03  -9.2781216e-05
  -1.3829944e-01  -7.4724323e-02  -1.0697061e+00   1.4090223e-02   1.5666424e-02   7.8355040e-04
  -8.9541890e-02  -6.7778424e-02  -1.1757481e+00   6.6232416e-03   1.1494669e-02  -2.3246124e-05
  -8.7330064e-02  -7.9876920e-02  -1.3012474e+00   7.5248465e-03   1.0444760e-02  -2.2201722e-04
  -8.6617924e-02  -8.1660519e-02  -8.6462881e-01   1.3894967e-02   1.6887743e-02  -1.0671740e-04
  -8.8979919e-02  -6.1584555e-02  -1.1310683e+00   1.1497506e-02   1.3036059e-02  -4.1942333e-04
  -1.0949185e-01  -6.9324727e-02  -1.1816449e+00   3.8844890e-03   1.5177317e-02   9.3682510e-04
  -1.0803245e-01  -4.9235864e-02  -1.0771195e+00   7.8793474e-03   1.0377783e-02   6.7857615e-04
  -8.1698969e-02  -5.6349296e-02  -1.1554379e+00   6.0099725e-03   1.0003605e-02   3.9758221e-04
  -9.8493959e-02  -6.5287821e-02  -1.1782970e+00   5.4741925e-03   1.1789180e-02   8.2500378e-05
  -1.1188678e-01  -4.9794428e-02  -1.2285588e+00   4.1400825e-03   1.2281502e-02   2.5901786e-04
  -5.2637253e-02  -3.4653007e-02  -8.5912258e-01   6.5720195e-03   1.6729768e-02   3.7812064e-04
  -6.9626690e-02  -6.8247359e-02  -1.2532719e+00   5.5192504e-03   1.2715158e-02  -1.8226349e-04
  -6.7041706e-02  -7.5172762e-02  -1.2770201e+00   3.2299618e-03   1.4289595e-02  -6.5943469e-04
  -1.1137729e-01  -6.9251424e-02  -1.2263538e+00   3.1038350e-03   1.1174898e-02   3.3561918e-04
  -9.9727169e-02   1.1209842e-04  -1.0463287e+00   3.7812312e-03   1.1673409e-02   2.5986989e-04
  -9.6381452e-02  -6.4109709e-02  -1.2132998e+00   6.6720966e-03   1.0434956e-02   1.9987966e-05
  -8.5317281e-02  -7.6759157e-02  -1.2864191e+00   5.8130205e-03   1.0302370e-02  -2.6888822e-04
  -7.9665170e-02  -5.6752983e-02  -1.2761236e+00   5.5245361e-03   1.0350771e-02  -5.0317312e-04
  -6.5488002e-02  -1.7411549e-02  -1.1874292e+00   3.1076122e-03   1.2278554e-02  -1.8537954e-04
  -9.6690257e-02  -5.5983756e-02  -1.2713843e+00   4.4002423e-03   1.0425538e-02  -5.2211091e-04
  -8.3073384e-02  -4.5006069e-02  -1.2174207e+00   5.4179618e-03   1.0551812e-02  -7.3754046e-04
  -3.3427518e-02  -7.3072468e-02  -1.3250321e+00   2.3722294e-03   1.0561481e-02  -1.2767047e-03
  -1.0098800e-01  -1.1691292e-01  -8.8349180e-01   1.1636945e-02   9.8288258e-03  -1.3383279e-04
  -7.3594508e-02  -5.4368928e-02  -1.2510590e+00   4.2928317e-03   9.4010831e-03  -3.8928369e-04
  -8.8291855e-02   2.5788549e-02  -1.1531263e+00  -9.2927319e-05   9.0627501e-03   5.4317697e-05
  -1.0225697e-01  -3.9554506e-02  -1.3542211e+00   2.6297684e-03   8.1207784e-03   2.0952901e-04
  -1.1877512e-01  -1.9330145e-01  -1.9150285e+00   1.3004126e-02   8.0485406e-03   1.2670193e-04
  -1.0965385e-01  -5.4944209e-02  -1.7674506e+00   2.7394238e-03   6.6470055e-03   7.3545642e-05
  -1.0070658e-01  -6.2767810e-02  -1.6340926e+00   4.0822795e-03   8.9165087e-03   2.5019663e-06
  -9.4303276e-02  -4.3640064e-02  -1.7180822e+00   1.4230835e-03   7.5428075e-03  -3.3146537e-04
  -9.5725412e-02  -4.7797246e-02  -1.7222690e+00  -7.4344227e-06   7.1468651e-03  -3.0787414e-04
  -1.0146633e-01  -1.4530802e-01  -1.2302178e+00   9.0511329e-03   1.2460967e-02   1.7123617e-04
  -4.8696077e-02  -6.5331267e-02  -1.3327721e+00   5.6985769e-03   1.1671249e-02   2.5045351e-04
  -1.9876038e-02  -9.3362682e-02  -1.3904441e+00   1.1370831e-03   1.3039660e-02  -6.3582271e-04
  -5.9359189e-02  -6.7925784e-02  -1.3757978e+00   8.5824689e-03   1.6274081e-02   4.7763106e-05
  -4.3427600e-02  -1.3551686e-01  -1.4922786e+00   6.8806723e-03   1.4446734e-02  -4.0534170e-04
  -5.3351141e-02  -7.3654780e-02  -1.1079144e+00   6.2599390e-03   1.4354155e-02   8.6927433e-05
  -7.5393875e-02  -7.2431525e-02  -1.3551103e+00   3.9148753e-03   1.2490245e-02   9.6312611e-05
  -6.9528180e-02  -4.1318303e-02  -1.2902615e+00   3.5283564e-03   1.2236153e-02  -2.1789116e-05
  -1.0133357e-01  -2.0460904e-02  -1.2896218e+00   3.4384782e-03   1.4142882e-02   1.0612950e-03
  -6.3236715e-02  -7.4269329e-02  -1.2976613e+00   4.5807780e-03   1.3694498e-02   2.0044596e-04
  -6.6305841e-02  -5.8423614e-02  -1.2843045e+00   4.5477660e-03   1.4497494e-02  -8.5304616e-06
  -8.2449081e-02  -1.1060679e-01  -1.1468863e+00   6.7415085e-03   1.5468990e-02   6.5684805e-04
  -6.7398443e-02  -7.1266782e-02  -1.2995829e+00   3.4820207e-03   1.2615954e-02   2.3318981e-04
  -2.2582191e-02  -4.0120928e-02  -1.1712089e+00  -2.4897609e-04   1.3867979e-02   2.9992147e-04
  -8.8530110e-02  -4.1184872e-02  -1.2092978e+00   2.7376943e-03   1.2648765e-02   2.2132112e-04
  -7.3122089e-02  -3.2434045e-02  -1.1476338e+00   4.3915233e-03   1.1902489e-02  -1.4473788e-05
  -6.9576128e-02  -5.9547086e-02  -1.3013068e+00   2.6538875e-03   1.1832525e-02  -3.0371931e-04
  -8.3512717e-02  -5.2130025e-02  -1.2921776e+00   2.5573974e-03   1.1281586e-02  -6.8485530e-05
  -7.9577564e-02  -4.6747018e-02  -1.4168531e+00   2.1148504e-03   1.1810426e-02   4.1775612e-05
  -8.0018873e-02  -5.5619828e-02  -1.3941820e+00   1.5663078e-03   1.1971669e-02  -1.4627614e-04
  -3.6757507e-02  -9.8330177e-02  -1.4486953e+00   1.4989277e-03   1.1299737e-02   5.6700751e-04
  -5.4045723e-03  -1.1788193e-01  -1.4255299e+00   4.3609001e-04   1.1462316e-02  -2.1956889e-04
   1.2917143e-02  -1.5502913e-01  -1.4491823e+00   2.5730544e-03   7.2543943e-03  -9.4651516e-04
   1.5494765e-02  -1.5430736e-01  -1.4711047e+00   2.7549958e-03   7.8578872e-03  -4.8245649e-04
   7.6473795e-04  -1.8532138e-01  -1.4228967e+00   1.8839955e-03   8.2770917e-03  -5.7380617e-04
   1.7533659e-02  -1.3742782e-01  -1.3180467e+00   5.0702827e-03   1.1259273e-02  -1.1600326e-04
  -6.2367551e-03  -1.4942243e-01  -1.2932266e+00   4.6819748e-03   1.1069364e-02  -8.9048616e-05
  -7.6265932e-03  -1.1462733e-01  -1.1892384e+00   1.0772083e-03   1.1002409e-02   2.6567928e-04
  -7.6114935e-04  -1.2684545e-01  -1.2635205e+00   3.8919959e-03   1.0760633e-02  -1.2543478e-04
   3.6488864e-02  -1.4965225e-01  -1.0325427e+00   3.7213945e-03   1.4419492e-02   1.0584728e-05
   2.7185589e-02  -1.3281555e-01  -1.3031804e+00   3.7345257e-03   1.1572776e-02  -2.9811025e-04
   2.4445945e-02  -1.4229129e-01  -1.0778438e+00   5.6227724e-03   1.2983409e-02  -4.5763119e-05
   1.5128993e-02  -1.3641098e-01  -1.4717024e+00   5.7264050e-03   1.1332268e-02  -2.3796713e-04
   2.3956167e-02  -1.3428037e-01  -1.5931438e+00   3.1845538e-03   1.0399925e-02  -4.6263506e-04
   2.7681321e-02  -1.2867113e-01  -1.5489814e+00   2.8162639e-03   1.0204490e-02  -4.6447097e-04
   1.0717020e-02  -1.5306283e-01  -1.5714569e+00   1.6753134e-03   9.6616641e-03  -1.9270940e-04
  -1.6319594e-02  -1.4184977e-01  -1.7049368e+00   3.4925060e-03   1.0280733e-02  -3.4487117e-05
  -1.2345402e-02  -1.7179604e-01  -1.5220831e+00   2.5680717e-03   1.1871737e-02   3.4212162e-04
  -6.4162301e-02  -2.1114371e-01  -2.3910813e+00   1.1470278e-03   1.1931606e-02   7.6503006e-04
  -2.9906375e-02  -1.5747897e-01  -2.0514665e+00   5.5275604e-04   1.1027118e-02   5.3468931e-04
   8.6803768e-03  -1.5787343e-01  -1.8304816e+00  -1.4547915e-03   1.1505177e-02  -1.8331515e-04
   7.6826357e-03  -1.4627860e-01  -1.7377028e+00   2.2865052e-03   1.0747847e-02  -2.4892769e-04
   1.8681796e-02  -1.6887259e-01  -1.7501388e+00   2.5248732e-03   1.0665342e-02  -4.5767467e-04
   2.1959033e-02  -1.5808080e-01  -1.5301479e+00  -3.5774827e-03   1.3432257e-02  -4.8044328e-04
  -1.5488313e-02  -1.2759772e-01  -1.5637533e+00   4.7605386e-03   1.0410070e-02  -2.5828163e-05
  -8.2107571e-03  -1.6510879e-01  -1.6413063e+00   2.4268569e-03   1.0117778e-02  -3.3520942e-04
  -2.1070300e-03  -1.4879091e-01  -1.6347786e+00   3.5585771e-03   1.0415962e-02  -5.4809568e-04
  -5.9189000e-03  -1.2815545e-01  -1.6855753e+00   1.9349187e-03   1.0563830e-02  -6.1239457e-04
  -9.8485328e-02  -1.1751499e-01  -1.2273395e+00   8.7952764e-03   1.4320575e-02   1.5805546e-03
  -2.3430962e-02  -1.3681996e-01  -1.6199023e+00   4.4280177e-03   1.2571349e-02   2.7937985e-04
   4.1585801e-02  -1.9128382e-01  -1.7321333e+00   8.0314137e-03   8.6731322e-03  -1.2934247e-03
  -1.4337563e-02  -1.4612086e-01  -1.8607926e+00  -1.0674280e-03   8.8846178e-03  -1.2143204e-04
  -2.9098401e-02  -1.2697363e-01  -1.7027263e+00   3.6498836e-03   9.8500298e-03   1.4129415e-04
  -2.4810714e-02  -1.3246747e-01  -1.8571507e+00   1.7762303e-03   9.6500782e-03  -7.2280678e-04
  -4.4057167e-02  -1.2705604e-01  -1.8182056e+00   1.9896418e-03   8.9174224e-03  -1.7500308e-04
  -3.1771910e-02  -1.4481237e-01  -1.8414819e+00   1.2947203e-03   1.1006207e-02  -3.9985775e-04
  -7.5767156e-02  -1.1086385e-01  -1.7330717e+00   2.3285061e-03   1.0080492e-02   7.8683233e-04
  -5.1893891e-02  -1.1867162e-01  -1.7685887e+00   1.3430722e-03   9.9375347e-03   3.9059306e-04
  -3.9562996e-02  -1.1170401e-01  -1.7959448e+00   5.0633095e-04   1.0039385e-02  -7.9478483e-05
  -4.2286132e-02  -1.3087045e-01  -1.4742667e+00   1.0167873e-03   1.3785704e-02   9.2632001e-04
  -2.3061515e-02  -1.3078982e-01  -1.7621361e+00   4.3651209e-03   1.0900914e-02   3.9101972e-05
  -2.0894430e-02  -1.5960816e-01  -1.8003521e+00   5.4803946e-03   1.0087359e-02  -2.0658942e-04
  -2.8953509e-02  -2.2112135e-01  -1.8469113e+00   4.5631219e-03   1.0828677e-02   3.6440993e-05
  -6.7758517e-02  -1.1784044e-01  -1.7076701e+00   5.2654024e-03   1.0961286e-02   5.1855255e-04
  -6.1415714e-03  -1.3108737e-01  -1.6571070e+00   1.6400714e-03   1.1991220e-02   1.3693484e-04
  -4.0585429e-02  -1.2595017e-01  -1.8404013e+00   5.0911269e-03   1.1079682e-02  -1.9814540e-04
  -4.1115741e-02  -1.2353594e-01  -1.5106535e+00   7.2650282e-03   1.3255314e-02   4.6069460e-04
  -6.8519258e-02  -1.3798800e-01  -1.8561318e+00   3.3335350e-03   9.8326834e-03   3.3456305e-04
  -3.4210707e-02  -1.4631913e-01  -1.8898896e+00   2.9763765e-03   8.4906048e-03  -3.1550830e-04
  -2.2569970e-02  -9.6798303e-02  -1.9267047e+00  -1.0602340e-04   9.1426997e-03  -3.7184236e-04
  -8.3667299e-02  -9.1755270e-02  -1.9916536e+00   1.2593221e-03   1.0129944e-02   6.1210836e-04
  -6.5283710e-02  -1.1136831e-01  -1.9196093e+00   2.4414707e-03   9.4965093e-03   6.3395472e-04
  -7.2937811e-02  -9.5905407e-02  -1.9344711e+00   2.2329392e-03   9.8385380e-03   5.5181269e-04
  -8.3832261e-02  -9.5740373e-02  -1.9825183e+00   9.5034587e-05   9.4301464e-03   7.5800742e-04
  -7.3523413e-02  -1.2109347e-01  -1.9303908e+00   2.3415835e-03   9.0520028e-03   5.3582968e-04
  -7.5423321e-02  -1.0698279e-01  -1.9493341e+00   1.9780643e-03   9.4851477e-03   4.4563902e-04
  -4.8862115e-02  -1.0569685e-01  -1.9694390e+00   8.1258703e-04   7.9381237e-03   2.5821224e-05
  -4.3862249e-02  -1.1236311e-01  -2.0180329e+00  -1.3949262e-04   6.6167559e-03  -9.2008202e-05
  -8.6082475e-02  -7.7701278e-02  -1.9745695e+00   9.7122791e-04   8.6828201e-03   9.7986038e-04
  -7.7294349e-02  -1.1368795e-01  -1.9254240e+00   3.0783340e-03   9.3638457e-03   4.3345080e-04
  -6.4967899e-02  -8.2239002e-02  -1.9319868e+00   2.4635438e-03   9.3638376e-03   4.9897010e-04
  -7.2242185e-02  -1.2283162e-01  -1.8926078e+00   3.5128641e-03   8.6651753e-03   3.6266466e-04
  -5.4361697e-02  -1.2635598e-01  -1.9385085e+00   2.8425273e-03   8.3518319e-03   3.2320664e-04
  -6.2409620e-02  -1.3401394e-01  -1.8275234e+00   3.6074418e-03   1.0975756e-02   1.9660550e-04
  -5.1524236e-02  -1.5757899e-01  -1.9169108e+00   5.3607683e-03   1.1423157e-02   3.2617529e-04
  -3.8581085e-02  -1.3248720e-01  -2.0388758e+00   2.6876521e-03   1.0794126e-02   2.0672131e-04
  -4.3285878e-02  -2.0225943e-01  -1.5700617e+00   2.5199509e-02   1.1529639e-02  -4.8245057e-04
  -7.2592823e-02  -1.6212125e-01  -2.3042109e+00   1.9147262e-04   1.1383447e-02   4.1185257e-04
  -4.7819302e-02  -1.7559907e-01  -2.1429264e+00   3.5765050e-03   1.0489550e-02   4.0227497e-04
  -8.9292540e-02  -8.8915235e-02  -1.5824006e+00   5.2428886e-03   1.1092514e-02   8.5074272e-04
  -7.7946668e-02  -1.6682461e-01  -1.9012607e+00   1.5158769e-03   1.0261959e-02   7.0469879e-04
  -6.2192725e-02  -1.3185907e-01  -1.8175659e+00   5.2465085e-04   1.0021802e-02   6.4721855e-04
  -5.5411499e-02  -1.2310245e-01  -1.8787823e+00  -9.4068399e-05   9.8283024e-03   5.2566003e-04
  -6.4715385e-02  -1.4712232e-01  -1.8485596e+00   1.1258734e-03   1.2565213e-02   3.9731448e-04
  -4.0632463e-02  -1.3151939e-01  -1.8675299e+00   1.5436050e-03   1.1590308e-02  -3.4015452e-04
  -4.6489061e-02  -1.3543337e-01  -1.8728344e+00   1.5426758e-03   1.1116726e-02   3.2513051e-04
  -3.8950182e-02  -1.1879509e-01  -1.8489317e+00   6.6816012e-04   1.0831893e-02  -2.1104259e-05
  -1.2903511e-01  -1.3733709e-01  -1.2626362e+00   1.4059214e-02   1.2456089e-02   1.3823088e-03
  -7.3000218e-02  -1.3469781e-01  -1.9023301e+00   3.1825987e-03   1.2622130e-02  -1.2674497e-04
  -6.4212594e-02  -1.2137978e-01  -1.8895378e+00   2.4406528e-03   1.1449335e-02  -1.4194682e-07
  -7.5924240e-02  -1.7943926e-01  -1.7098184e+00   8.1522434e-03   1.2640315e-02   5.5100412e-04
  -4.2623617e-02  -1.4326490e-01  -1.9550222e+00   2.4973186e-03   9.9705065e-03  -1.1589750e-04
  -1.9402535e-02  -1.5453603e-01  -1.9349643e+00   2.9298190e-03   1.0478783e-02  -6.3910400e-04
  -2.6453517e-02  -1.4183688e-01  -1.9687471e+00   2.9054112e-03   1.2749130e-02  -1.3565337e-03
  -1.1862241e-01  -1.2660939e-01  -1.6989570e+00   6.3688104e-03   1.2139245e-02   1.3563198e-03
  -8.1802924e-02  -1.2655978e-01  -1.8937801e+00   2.2337991e-03   1.2421957e-02   8.1901201e-04
  -7.3420917e-02  -1.3609280e-01  -1.9077312e+00   1.7242153e-03   1.2731683e-02   6.1722627e-04
  -6.9133881e-02  -1.3420886e-01  -1.9482664e+00   1.2613188e-03   1.2858766e-02   2.2304096e-04
  -1.3614882e-01  -1.5875440e-01  -1.5981580e+00   8.7776865e-03   1.5080797e-02   1.8742976e-03
  -3.9581359e-02  -1.9823851e-01  -1.9036962e+00   3.1201301e-04   1.2192860e-02   8.6214374e-05
  -6.1170661e-02  -8.4391647e-02  -1.7209414e+00   4.8005421e-03   1.1927554e-02   5.4406479e-04
  -5.0548518e-02  -1.2492355e-01  -1.8894917e+00   2.4308598e-03   1.1558812e-02  -7.3164136e-05
  -4.7184291e-02  -1.2553690e-01  -1.9580716e+00   1.2165011e-03   1.1768169e-02  -2.6509738e-04
  -5.7708131e-02  -1.3293282e-01  -1.9376132e+00   1.8521069e-03   1.1744782e-02   7.4693077e-05
  -5.8739645e-02  -1.2802526e-01  -1.9885073e+00   9.2729197e-04   1.1125060e-02   3.4968707e-04
  -8.0015281e-02  -2.1299790e-01  -1.9514239e+00  -2.0258041e-03   1.2387471e-02   6.1833700e-04
  -9.6947675e-02  -1.1653893e-01  -1.7549489e+00   1.9627705e-03   1.3492792e-02   1.3259629e-03
  -8.8529944e-02  -1.0887451e-01  -1.9316530e+00   2.4008312e-03   1.3097368e-02   8.9646441e-04
  -8.1695516e-02  -1.6663132e-01  -1.8209338e+00  -1.4595441e-03   1.4408282e-02   5.5423961e-04
  -5.3878124e-02  -1.3378537e-01  -1.9157847e+00   2.6445569e-03   1.1343052e-02   1.4686263e-04
  -4.4874323e-02  -1.3719967e-01  -1.9841661e+00   4.5305302e-03   1.2415263e-02  -3.9975749e-04
  -6.8270724e-02  -1.2083383e-01  -2.0568132e+00   2.7771694e-03   1.1121486e-02   3.7717281e-05
  -8.9827173e-02  -1.5693181e-01  -1.9721300e+00   8.8680202e-04   1.3414301e-02   1.6104623e-04
  -4.0167778e-02  -1.5255303e-01  -1.8988207e+00   3.2348617e-03   1.1705119e-02  -1.6024882e-04
  -3.1550043e-02  -1.3514763e-01  -1.9495710e+00   2.4512809e-03   1.1838831e-02  -9.3077159e-05
  -2.2114335e-02  -1.2443936e-01  -1.9570171e+00   3.0088578e-03   1.1556222e-02  -4.8466845e-04
  -2.2224758e-02  -1.4591494e-01  -1.9764248e+00   1.3943153e-03   1.2117577e-02  -5.6849370e-04
  -2.4920773e-02  -1.4675202e-01  -1.9688949e+00   1.5476565e-03   1.2552477e-02  -5.8603298e-04
  -3.5058777e-02  -1.3332097e-01  -1.9513703e+00   3.3479723e-03   1.2045235e-02  -7.4885994e-06
  -3.9535204e-02  -8.5849988e-02  -2.1766060e-01  -2.6338875e-02   9.9814404e-04  -3.2644220e-03
  -5.4508100e-02  -1.2967050e-01  -1.2239474e+00  -9.5261598e-04   6.6637447e-03   6.6273670e-05
  -1.0481544e-01  -9.2985638e-02  -1.7693001e+00   1.1165794e-03   8.9674624e-03   2.8372820e-03
  -9.2314942e-02  -1.0103644e-01  -1.9282105e+00  -1.5660463e-03   7.3125451e-03   1.8351333e-03
  -1.6300125e-01   1.0057521e-01  -1.7851665e+00  -1.1035981e-02   1.9475970e-02   2.1663486e-03
  -5.0209575e-02  -1.1995042e-01  -1.8181288e+00  -1.1117848e-03   7.2782310e-03   1.2137472e-03
  -3.1069312e-02  -1.2346830e-01  -1.7656325e+00  -7.2359129e-04   8.3322542e-03   6.9945349e-04
  -4.3732535e-02  -1.2389061e-01  -1.8071428e+00  -4.4916566e-03   8.5426099e-03   6.4593034e-04
  -8.5291184e-02  -1.2069325e-01  -1.3960434e+00  -2.6930805e-03   1.1607303e-02   1.1568528e-03
   5.2153126e-02  -2.4377580e-01  -8.6117382e-01  -1.0484810e-02   2.5832261e-03  -3.3468005e-03
   4.3938799e-02  -1.5326042e-01  -6.8951528e-01  -6.1232218e-03  -8.6937775e-04  -1.8578490e-03
  -8.7358173e-03  -4.7516394e-02  -4.5087244e-01   1.1533310e-03   2.7037980e-03  -7.0208362e-04
  -1.0489794e-02  -4.7959744e-02  -5.4791442e-01   1.6076417e-03   2.1012232e-03  -8.8141988e-04
  -6.7587817e-03  -9.2577340e-02  -5.3372466e-01   1.8709460e-03   2.6995313e-03  -9.6535446e-04
  -1.2930091e-02  -5.2580824e-02  -5.7064659e-01   1.5938438e-03   2.9156960e-03  -1.0650816e-03
  -2.8482603e-03  -7.4244692e-02  -8.6584196e-01   4.2011466e-03   5.4374510e-03  -1.0274111e-03
  -2.3669258e-02  -1.0183480e-01  -9.2184813e-01   1.6615328e-03   5.7309663e-03  -4.4005245e-04
  -2.5725354e-02  -1.0905246e-01  -9.6755125e-01   1.5553942e-03   5.7696990e-03  -4.8964890e-04
   1.8905306e-02  -1.4470615e-01  -9.1424674e-01  -1.2400460e-02   9.6777850e-03  -1.6304408e-05
  -9.7018818e-02  -8.5720330e-02  -1.0218357e+00  -4.4681386e-03   8.7036528e-03   1.3153212e-03
  -1.0794266e-01  -1.5031048e-01  -1.8239024e+00  -3.8139363e-03   4.5856637e-03   1.0573131e-03
  -1.0494887e-02  -2.3080757e-01  -1.5659583e+00  -1.7054724e-02   3.5494713e-03   2.9995690e-04
  -6.3201077e-02  -2.2409938e-02  -6.7857226e-01  -8.8172455e-03   1.4459133e-02   2.7904860e-03
  -5.9570791e-02  -5.8417974e-02  -6.8704027e-01  -4.2668148e-03   9.1502285e-03   2.4697021e-03
  -4.6878050e-02  -6.5613331e-02  -6.7275258e-01  -3.9309178e-03   7.7759586e-03   1.9867472e-03
  -3.4076980e-02  -4.7218646e-02  -7.4436279e-01  -4.6835046e-03   1.0602232e-02   7.4644082e-05
  -1.3478501e-01  -6.9233589e-02  -1.4829397e+00  -2.5140220e-03   9.7320599e-03   2.5452257e-03
  -9.6362054e-02  -9.2217103e-02  -1.4078465e+00  -2.4372377e-03   6.9707269e-03   1.8849073e-03
  -9.5292761e-02  -6.0340925e-02  -1.4055497e+00  -1.5355042e-03   1.1442533e-02   1.5345236e-03
  -9.1509784e-02  -8.8690374e-02  -1.5510334e+00  -2.8650149e-03   9.7913305e-03   1.7075861e-03
  -7.4839192e-02  -1.1776184e-01  -1.4127659e+00  -1.4194116e-03   1.1566491e-02   9.3448164e-04
  -8.4870683e-02   5.8742715e-03  -1.1522970e+00  -1.6511590e-02   1.0425096e-02   2.3407559e-03
   8.4972907e-02  -6.5053312e-02  -1.0186056e+00  -9.8045882e-03  -1.2174268e-02  -2.7169360e-03
   1.0569536e-01  -2.9661118e-01   7.4198664e-01  -2.5298830e-02   1.2271384e-02  -6.8909815e-04
  -8.3277584e-02  -9.0112103e-02   8.5286687e-02   7.5629073e-03   1.7632982e-02   1.4818457e-03
  -9.6730859e-02  -9.0758715e-02  -8.4468371e-01  -1.4902299e-03   1.0216630e-02   2.5338842e-03
  -1.0005469e-01  -8.9776170e-02  -8.9120466e-01  -2.0125927e-03   8.4077603e-03   2.4652660e-03
  -1.1574419e-01  -9.4301766e-02  -9.6507090e-01   8.6234768e-04   7.7514344e-03   2.1598302e-03
  -1.0229859e-01  -1.1612079e-01  -1.1093216e+00  -1.9137172e-03   6.9279766e-03   1.9442746e-03
  -9.2660284e-02  -1.1882781e-01  -1.1810689e+00   4.4985487e-04   8.2001831e-03   1.2801338e-03
  -8.7679762e-02  -8.6068290e-02  -1.2455302e+00  -3.3278720e-03   7.0041367e-03   1.3104049e-03
  -8.9556023e-02  -8.0823409e-02  -1.2499997e+00  -1.2539962e-03   8.4032125e-03   1.3133979e-03
  -8.5199486e-02  -1.0777256e-01  -1.1386521e+00  -1.3226359e-03   8.3876077e-03   1.1834196e-03
  -9.0747254e-02  -9.9418282e-02  -1.2026348e+00  -2.7125667e-03   8.1307785e-03   1.4678411e-03
  -1.0086610e-01  -8.4574933e-02  -1.2969902e+00  -4.7163908e-03   8.8157391e-03   1.6408850e-03
  -1.2107015e-01  -8.1589485e-02  -1.0644025e+00  -4.9808538e-04   9.0721504e-03   2.2791226e-03
  -8.6333732e-02  -6.8870735e-02  -1.2030395e+00  -8.9065315e-04   8.7247951e-03   1.2928809e-03
  -1.0004456e-01  -8.7057849e-02  -1.2936439e+00  -7.8339378e-04   9.2288904e-03   1.4404812e-03
  -7.9379715e-02  -4.2581969e-02  -1.1448125e+00   2.6856759e-03   8.1696053e-03   8.4825241e-04
  -7.0194485e-02  -9.1153011e-02  -1.3796911e+00  -1.6575889e-03   8.0044361e-03   1.0093973e-03
  -8.1554829e-02  -6.5650585e-02  -1.4248472e+00  -2.1942238e-03   7.3763890e-03   1.0172992e-03
  -8.0920593e-02  -9.5361221e-02  -1.4336649e+00  -2.0658823e-03   8.1960958e-03   1.1686807e-03
  -3.4921185e-02  -9.0183045e-02  -1.1713788e+00   2.2646135e-03   9.8907025e-03   1.3010794e-04
  -8.2026024e-02  -1.0913845e-01  -1.6866612e+00   7.5098092e-04   7.6552145e-03   1.0346034e-03
  -8.6029384e-02  -1.1900347e-01  -1.6500253e+00  -1.1862753e-03   8.1216674e-03   1.0270050e-03
  -2.3710638e-03  -5.8052968e-02  -1.4975918e+00  -7.3554838e-03   2.6537949e-03  -1.0176428e-03
  -4.3790661e-02  -2.5252471e-02  -1.1362698e+00  -1.2404510e-03   1.6873337e-03   2.9649850e-04
  -3.8049200e-02  -5.7563430e-02  -1.1974709e+00  -1.9602502e-03   2.7658311e-03   5.8075490e-04
  -4.2367695e-02  -6.4908980e-02  -1.2334271e+00  -1.8143892e-03   2.2675897e-03   5.8715919e-04
  -3.3245965e-02  -7.3393019e-02  -1.2220666e+00  -1.7220043e-03   3.6479297e-03   6.7764460e-05
  -3.8705115e-02  -7.0089326e-02  -1.2553088e+00  -1.8540861e-03   3.1330130e-03   3.4084583e-04
  -3.1961895e-02  -4.8300412e-02  -1.2690004e+00  -6.7296210e-03   6.9449666e-03  -4.5762959e-04
  -8.7400258e-02  -6.5097857e-02  -1.2103517e+00  -3.6815501e-04   7.6461415e-03   6.1502373e-04
  -5.8737349e-02  -7.4212395e-02  -1.7448671e+00  -4.1891645e-03   4.4102582e-03   3.3167313e-04
  -4.6768761e-02  -9.3145825e-02  -1.6819144e+00  -2.0321070e-03   3.9768133e-03  -2.5357120e-04
  -4.7613959e-02  -6.9488356e-02  -1.6699859e+00  -2.9269846e-03   3.7920567e-03   7.8751917e-05
  -3.4624876e-02  -1.3073159e-01  -1.9023329e+00  -8.8658796e-03   5.2635600e-03  -8.9862414e-04
  -1.1706072e-01  -1.3140034e-03  -1.9950628e+00  -5.9439269e-03   7.6290714e-03   9.5650211e-04
  -1.1203883e-01  -9.3609655e-02  -1.9042609e+00  -1.2116940e-03   6.5847062e-03   1.3636421e-03
  -9.7865663e-02  -1.4181098e-01  -1.9151214e+00  -3.8875322e-03   8.3983162e-03   4.4586850e-04
  -1.2081887e-01  -1.6318757e-01  -2.9921838e+00  -5.9973925e-03   7.4129912e-03   2.1547795e-03
  -1.1732382e-01  -1.5072008e-01  -1.6482546e+00   5.9784347e-03   1.0173564e-02   2.3879106e-03
  -8.5699681e-02  -1.0444472e-01  -1.9470227e+00  -1.6744694e-03   8.9389008e-03   1.9716037e-03
  -8.1259074e-02  -1.3326495e-01  -1.9968742e+00  -2.1026113e-03   8.3392847e-03   1.7850423e-03
  -5.9158544e-02  -1.2246970e-01  -2.1117924e+00  -9.0054131e-04   9.2802723e-03   1.1440375e-03
  -9.3532170e-02  -1.0647250e-01  -2.0711549e+00  -4.8424564e-04   1.0984347e-02   9.6768656e-04
  -7.9523456e-02  -1.3017312e-01  -2.0700066e+00  -3.0123367e-03   1.0440428e-02   1.3099577e-03
  -4.5646348e-02  -1.3841401e-01  -2.0712934e+00  -2.7411235e-03   8.7623333e-03   3.4638316e-04
  -7.6971352e-02  -1.3848204e-01  -2.1010369e+00  -1.0631085e-03   8.5810212e-03   1.1554458e-03
  -6.4376714e-02  -1.1717280e-01  -2.1459718e+00  -2.7232887e-03   8.3623268e-03   8.9016435e-04
  -5.1923560e-02  -1.3332309e-01  -2.1480296e+00  -3.3813755e-03   9.0668011e-03   7.9235387e-04
  -6.3213457e-02  -1.3460046e-01  -2.0412020e+00  -2.8310046e-03   8.6504318e-03   6.0597830e-04
  -8.6176971e-02  -1.2416199e-01  -1.9403279e+00   1.0800918e-03   8.7411815e-03   1.4258614e-03
  -4.0478184e-02  -1.0383109e-01  -2.0365186e+00  -4.1149039e-03   9.7383725e-03   2.4058963e-04
  -8.0291682e-02  -1.1661778e-01  -1.9061052e+00  -2.7413103e-05   9.0069409e-03   1.4108942e-03
  -7.2314722e-02  -1.0495061e-01  -1.9642729e+00  -1.4064326e-03   8.6617054e-03   9.5450831e-04
  -4.4273769e-02  -1.0575489e-01  -1.9555025e+00  -3.2979595e-03   8.3484801e-03   5.0594465e-04
   2.6480143e-02  -1.3012139e-01  -2.3831202e+00  -3.7931787e-03   3.5498430e-03  -1.3691980e-03
   2.2297858e-02  -1.3468556e-01  -2.3027767e+00  -3.0455007e-03   3.1114629e-03  -1.3498895e-03
   1.6659287e-02  -1.3580145e-01  -2.3149177e+00  -3.1147724e-03   2.8257654e-03  -1.4485837e-03
   7.8712670e-03  -1.6816159e-01  -2.3557125e+00  -5.0630589e-03   5.8057565e-03  -1.2018612e-03
  -4.1365249e-02  -1.4787895e-01  -2.3274822e+00  -2.3350365e-03   6.1734405e-03   1.3924079e-04
  -2.7310467e-02  -1.5050996e-01  -2.3948088e+00  -5.0038672e-03   7.2433971e-03  -8.3911327e-04
  -4.6855443e-02  -1.1736903e-01  -2.3489314e+00  -3.4893628e-03   6.9198403e-03   3.3169673e-05
  -3.1913176e-02  -7.5844032e-02  -2.0824261e+00  -3.0477488e-03   8.1181370e-03   3.8841095e-05
  -6.1264447e-03  -1.1357420e-01  -2.0157273e+00   4.3421568e-04   8.2858946e-03  -5.8790548e-04
  -3.3864365e-02  -1.0656514e-01  -2.3183780e+00  -3.4489240e-03   7.8826886e-03   7.4756002e-05
  -3.1816680e-02  -1.1192781e-01  -2.1734098e+00   3.6135756e-03   8.9333415e-03  -4.6986270e-04
  -8.1265438e-03  -1.4006610e-01  -2.4523001e+00   1.4861677e-04   7.8440859e-03  -2.9503054e-04
   8.2899172e-03  -1.6228448e-01  -2.4095014e+00   4.2827367e-04   7.7249709e-03  -6.4350355e-04
  -1.1026945e-02  -1.2444294e-01  -2.3738548e+00  -5.8649389e-03   4.9741545e-03  -1.8972683e-04
   3.0910910e-02  -1.1837385e-01  -1.7124557e+00   1.5015990e-03   4.3991492e-03  -1.9159127e-03
  -4.9800355e-02  -9.0930763e-02  -1.7919675e+00  -2.4047742e-03   4.5346113e-03   1.0662318e-03
  -5.1649536e-02  -8.7012340e-02  -1.8093025e+00  -2.2422461e-03   3.5330780e-03   7.9701542e-04
  -4.3590416e-02  -1.3233899e-01  -2.0857853e+00  -1.7794626e-03   5.3096201e-03   5.7220740e-05
  -2.3613459e-02  -1.4357934e-01  -2.1517291e+00   4.1861981e-04   5.3346682e-03   1.6618435e-04
  -4.2531545e-02  -7.3324222e-02  -2.0100194e+00  -4.2142220e-03   7.5126288e-03   2.3879012e-04
   3.5797233e-02  -1.1595561e-01  -1.9845785e+00   4.9368213e-03   6.6098737e-03  -8.8565536e-04
   1.5742141e-02  -1.1660181e-01  -2.0987040e+00   2.2628052e-03   5.5034808e-03  -2.8318638e-04
   1.1774637e-02  -1.0972253e-01  -2.1674775e+00  -3.6820306e-03   8.8447885e-03  -7.6125329e-04
  -2.9928291e-02  -9.6031526e-02  -2.3254823e+00  -3.2218022e-03   5.9346151e-03   1.0654552e-04
  -1.4198804e-02  -1.5318906e-01  -2.2825306e+00  -7.7251354e-04   5.4466336e-03  -2.1682535e-04
  -2.7042093e-02  -2.4222797e-02  -2.2609651e+00  -1.1942228e-02   1.0572636e-02  -1.3833901e-04
   1.7685821e-02  -6.7848015e-02  -1.7663093e+00  -7.0475795e-03   4.4105133e-03  -9.2769427e-04
  -7.4076917e-02  -1.4875839e-02  -1.7473120e+00  -2.4124151e-03   1.1327527e-02   1.8793049e-03
  -3.0708019e-02  -1.3049729e-01  -2.0060559e+00   3.8407795e-04   8.5389746e-03   3.7703907e-04
  -9.1573997e-02  -1.5451600e-01  -3.1452078e+00   2.2617282e-03   7.7170137e-03   1.9875651e-03
  -5.5127330e-02  -1.4376767e-01  -2.9100675e+00  -2.3136042e-03   6.4456650e-03   8.8311271e-04
  -8.4598052e-03  -1.1980307e-01  -2.6283035e+00  -6.1365948e-03   8.9147128e-03   3.6470931e-04
  -4.1989982e-04  -1.1864111e-01  -2.6125162e+00  -4.9364834e-04   9.6543465e-03  -1.0134782e-04
  -3.0157816e-02  -1.4235941e-01  -2.5370242e+00  -1.4743364e-03   9.8014646e-03   1.4282275e-04
  -7.0255391e-03  -1.6417739e-01  -2.5824059e+00  -4.5349537e-03   1.0599166e-02  -9.0478331e-04
  -5.8210129e-03  -1.0797899e-01  -2.3879427e+00   8.5549669e-04   1.0191113e-02  -1.6116075e-04
  -3.0846539e-02  -7.0517212e-02  -2.5139712e+00  -1.8116462e-03   9.6342891e-03   1.3092282e-04
   2.9916126e-03  -1.1144030e-01  -2.4271033e+00  -2.0073432e-03   9.2838803e-03  -4.3020757e-04
   1.2532279e-02  -6.6057346e-02  -2.0774261e+00  -3.4301610e-03   5.2493925e-03  -9.9522932e-05
   1.2437901e-02  -8.3976815e-02  -2.0057403e+00   2.5789712e-03   6.0234558e-03  -6.3236464e-04
   1.7474045e-02  -8.3602425e-02  -2.1691043e+00  -1.1291851e-03   6.0924903e-03  -4.3018435e-04
   2.6569276e-02  -7.5908730e-02  -2.1930207e+00   9.8234778e-04   6.6415428e-03  -4.8604439e-04
  -3.0830541e-02  -1.0952449e-01  -2.2473816e+00   7.1996760e-05   7.2997658e-03   4.1822248e-04
   1.0363550e-02  -9.3030030e-02  -2.3257948e+00  -1.3756865e-03   7.7439248e-03  -5.4515131e-04
  -3.7204274e-03  -8.9848678e-02  -2.3191428e+00  -2.5249226e-03   8.6947224e-03  -4.2321460e-04
  -8.7321795e-03  -9.0358781e-02  -2.2733999e+00  -3.4041153e-03   8.5646789e-03   1.2314281e-04
  -3.0236815e-02  -1.0463801e-01  -2.2977021e+00   3.5926964e-04   8.9982425e-03   7.7482775e-04
   5.0810255e-03  -1.1614582e-01  -2.4181526e+00   1.6698659e-04   9.4963645e-03  -9.7679784e-05
   5.5988579e-03  -1.1829340e-01  -2.5497139e+00   1.4610561e-04   9.1356735e-03  -4.2425001e-04
   1.5106913e-02  -9.9621186e-02  -2.6234380e+00  -8.9512994e-03   4.5467841e-03  -6.5618799e-05
   3.4260797e-02  -5.7197935e-02  -1.9923691e+00   2.1964172e-03   5.4798490e-03  -5.7510923e-04
  -4.2630506e-03  -1.1406964e-01  -2.3512911e+00  -2.6816467e-03   5.6489173e-03  -2.0880837e-04
   1.5069348e-02  -1.3621853e-01  -2.3548068e+00  -4.8018239e-04   6.4021091e-03  -1.5027189e-04
  -3.9572461e-02  -1.0131707e-01  -2.2929874e+00  -1.7848210e-03   7.4409345e-03   7.6894834e-04
  -2.3215848e-02  -1.1227930e-01  -2.3526912e+00  -4.2123475e-03   8.9504657e-03  -7.1050131e-06
  -2.7303228e-02  -1.2647104e-01  -2.4344237e+00  -2.2318103e-03   8.0463417e-03   4.7489267e-04
  -1.5611935e-03  -1.0067689e-01  -2.3743768e+00  -3.2734540e-03   8.2523228e-03   3.4890414e-04
   1.2221299e-02  -1.2354244e-01  -2.3980986e+00  -1.6494478e-03   9.3648488e-03   2.4307957e-05
  -1.3655059e-02  -1.1059115e-01  -2.5397650e+00  -3.1412133e-03   8.7721528e-03   6.1551019e-04
   1.9629347e-02  -1.5456676e-01  -2.5623853e+00  -3.0105752e-03   1.0303979e-02  -4.6707887e-04
  -2.0275441e-02  -1.4389238e-01  -2.4456162e+00  -1.0977800e-03   8.6208848e-03   3.8268168e-04
  -4.8675347e-03  -1.4039877e-01  -2.4445805e+00  -8.9136674e-04   8.4016869e-03   1.7571719e-05
  -2.2513508e-02  -1.3467299e-01  -2.5062140e+00  -3.1431671e-03   8.3601575e-03   1.1488091e-04
  -4.6772328e-02  -9.8742369e-02  -2.4199719e+00  -3.4183181e-03   1.0151814e-02   1.9657620e-04
  -5.9189253e-02  -1.4187780e-01  -2.4414450e+00  -3.7102006e-03   9.7195339e-03   1.0848818e-03
  -2.2400517e-02  -8.9323835e-02  -2.5289527e+00  -2.3899894e-03   9.3421342e-03   5.9471166e-04
  -3.2266245e-02  -1.4480878e-01  -2.5451736e+00  -3.6177149e-03   1.0626232e-02   3.3962412e-04
  -1.8167473e-02  -1.4921817e-01  -2.5110866e+00   3.6962865e-03   1.0586941e-02   2.3725994e-04
  -2.5503167e-02  -1.7910864e-01  -2.7059486e+00   9.0780682e-04   1.0300602e-02   3.9412914e-04
  -1.3704091e-02  -1.7466402e-01  -2.6677988e+00   2.2780411e-04   1.0798119e-02  -1.2598269e-04
  -3.8780817e-02  -2.1175281e-01  -2.3725773e+00   5.0689567e-03   1.1783438e-02   1.4228625e-04
  -2.5348269e-02  -1.2245540e-01  -2.4818702e+00   1.9456833e-03   1.0273888e-02  -4.8250053e-04
   2.0528616e-02  -1.4437034e-01  -2.5092519e+00  -9.3102075e-03   8.5162918e-03   9.2853694e-05
   2.1107055e-02  -1.0511933e-01  -1.7462364e+00  -2.4053941e-04   6.1119906e-03  -8.9347318e-04
  -2.3847421e-03  -1.1946489e-01  -2.0950492e+00   4.8034216e-04   9.9143132e-03   5.8859240e-04
   1.0492548e-02  -1.5163052e-01  -2.1884675e+00   3.4805308e-03   1.0043922e-02  -1.4690089e-04
   3.8863165e-03  -1.1868915e-01  -2.4319237e+00  -9.6915681e-04   6.8569147e-03   3.6577441e-04
   1.8335820e-03  -2.2471466e-01  -3.3074093e+00  -3.8205692e-03   9.9890426e-03   1.9883613e-04
  -7.0973745e-03  -1.7484700e-01  -2.8731149e+00  -2.9780980e-03   1.0285534e-02   1.3475443e-04
   6.4741192e-03  -1.4442018e-01  -2.7492868e+00  -1.4317368e-03   9.0574589e-03   6.1874542e-05
   1.0287422e-02  -1.4341460e-01  -2.7969274e+00  -1.5897060e-03   9.2457525e-03  -1.0183317e-05
  -1.0419597e-03  -1.8236972e-01  -2.6229940e+00  -4.0745452e-04   8.5025211e-03  -9.0311210e-05
   2.7538358e-02  -1.6356377e-01  -2.6322494e+00  -9.5768746e-05   8.6531762e-03  -2.6014343e-04
   9.6344880e-03  -1.1968590e-01  -2.5610517e+00   8.6769492e-04   8.2795596e-03   1.5923240e-04
   5.8602808e-02  -1.0801062e-01  -2.2313073e+00  -6.7165266e-03   5.3236966e-03  -8.8147370e-04
   1.3334502e-01  -1.1366188e-01  -1.5378469e+00  -3.8956979e-03   1.2605228e-03  -2.5213731e-03
  -8.7240222e-02  -2.5673439e-02  -1.8006733e+00  -3.1600929e-03   1.9704149e-02   3.3296488e-03
  -6.7310566e-02  -1.1090951e-01  -2.6842275e+00  -5.4120103e-04   1.3270282e-02   3.3197786e-03
  -3.7153167e-02  -1.3445541e-01  -2.8726093e+00  -3.4626450e-03   1.2159412e-02   1.8864976e-03
  -3.8691317e-02  -1.4160700e-01  -2.9146448e+00  -3.7275198e-03   1.0739889e-02   1.8209420e-03
  -2.1889744e-02  -1.3806339e-01  -2.9221638e+00  -4.5846029e-03   1.1323577e-02   1.3787013e-03
  -1.1716782e-02  -1.3378120e-01  -2.9604364e+00  -2.8606944e-03   1.1588125e-02   1.0715343e-03
   2.2007250e-02  -1.1085902e-01  -2.7951603e+00  -3.6117004e-03   1.2264699e-02   9.6700110e-04
  -1.3058420e-02  -1.3468375e-01  -2.9769727e+00  -3.7767001e-03   1.1076159e-02   1.0527813e-03
  -1.5957956e-02  -1.1190978e-01  -3.0453223e+00  -4.4627123e-03   1.1448939e-02   1.2249869e-03
  -3.0866847e-02  -1.6436774e-01  -2.9814189e+00  -7.6376031e-03   1.4253439e-02   1.0263877e-03
  -2.6761662e-02  -6.5967314e-02  -2.7820629e+00  -9.7051156e-03   1.0371835e-02   1.9910887e-03
  -2.3892485e-02  -9.4198495e-02  -2.2775253e+00  -2.5157949e-03   1.1191022e-02   1.6776615e-03
  -4.1740349e-02  -1.3977824e-01  -2.3006286e+00  -3.1132037e-04   1.5369794e-02   1.3937662e-03
  -8.4229442e-02  -7.0509365e-02  -2.3059241e+00  -8.1251725e-05   1.5113455e-02   3.2346934e-03
  -5.3897180e-02  -2.2035886e-01  -2.3812017e+00  -4.6768136e-03   2.1780160e-02   2.0583139e-03
  -6.1257853e-02  -1.4848179e-01  -1.7187138e+00  -9.9101227e-03   2.3340819e-02   4.2835930e-03
   2.0055575e-02  -1.0774903e-01  -2.8148282e+00  -7.1138312e-03   1.9070640e-02   3.1070337e-03
   3.3725494e-02  -1.3106772e-01  -2.7683907e+00  -6.5409567e-03   1.8245965e-02   2.5675506e-03
   1.9566191e-02  -1.3779528e-01  -2.8410655e+00  -1.0171587e-02   1.8934628e-02   2.5157074e-03
   3.3287378e-02  -1.0911997e-01  -2.7983658e+00  -1.1799608e-02   1.9175069e-02   2.3033433e-03
   4.2553177e-02  -9.4171447e-02  -2.8066465e+00  -1.1023249e-02   2.0036706e-02   1.7465880e-03
   3.6474692e-02  -1.1673385e-01  -2.7415194e+00  -8.8600967e-03   1.9766920e-02   1.9787534e-03
   5.0080886e-02  -7.1481846e-02  -2.7191249e+00  -1.6529136e-02   1.6306756e-02   1.7141396e-03
   7.2398768e-02  -6.5266010e-02  -2.1546576e+00  -4.6557169e-03   1.4609640e-02   7.5950661e-04
   7.7892280e-02  -6.9887153e-02  -2.3255313e+00  -8.4822516e-03   1.4710259e-02   7.8076550e-04
   6.0520415e-02  -8.3317651e-02  -2.3477462e+00  -8.9295195e-03   1.5639228e-02   9.0585191e-04
   4.8722469e-02  -9.7389590e-02  -2.3060004e+00  -4.1070730e-03   2.0416352e-02   2.8439697e-04
   7.6180162e-02  -1.4634068e-01  -2.2265006e+00  -3.2515536e-03   1.7178050e-02   6.4460895e-04
   8.6691278e-02  -1.4834783e-01  -2.3069321e+00  -4.8996574e-03   1.6667961e-02   2.9617928e-04
   6.0563701e-02  -1.6995883e-01  -2.4085040e+00  -1.7443716e-03   1.8267757e-02   3.0316659e-04
   6.3097696e-02  -1.2778851e-01  -2.5180277e+00  -5.1995285e-03   1.7110541e-02   4.4788622e-04
   8.3542500e-02  -1.4512461e-01  -2.4389725e+00  -5.2549467e-03   1.6312328e-02   5.8626100e-04
   3.5034859e-02  -1.5927124e-01  -2.4855648e+00  -5.9742407e-03   1.7909999e-02   1.1063584e-03
   3.1058933e-02  -1.5655073e-01  -2.5013791e+00  -8.8215683e-03   1.9334740e-02   9.2655631e-04
  -4.8071795e-02  -9.3789068e-03  -2.0412851e+00  -6.1681676e-03   2.5889347e-02   2.3443970e-03
   2.8507303e-02  -1.1348628e-01  -2.4715271e+00  -3.6961048e-04   1.7914788e-02   2.0031695e-03
   8.0251291e-02  -1.4055080e-01  -2.5627209e+00  -4.9905357e-03   1.6857075e-02   5.6079859e-04
   6.8784424e-02  -1.6145286e-01  -2.5426159e+00  -2.3106937e-03   1.7797735e-02   5.1563587e-04
   2.4991452e-02  -2.0374957e-01  -3.3404569e+00  -1.1054213e-02   1.6958173e-02   8.4226021e-04
   4.7440360e-02  -1.7113493e-01  -3.0916187e+00  -7.9611926e-03   1.6023164e-02   1.0279958e-03
   8.1562308e-03  -1.7163380e-01  -2.9743641e+00  -4.0619352e-03   1.7812867e-02   1.9320233e-03
   6.5577071e-02  -1.8097723e-01  -3.0614656e+00  -7.1283561e-03   1.7044521e-02   1.0178755e-03
   9.2021048e-02  -2.0310400e-01  -3.0170589e+00  -5.8551542e-03   1.6362225e-02   8.3519357e-04
   8.5895636e-02  -1.9352834e-01  -3.0409778e+00  -7.0469154e-03   1.6230452e-02   8.2836002e-04
   1.0009921e-01  -2.0455956e-01  -3.0292495e+00  -7.1696708e-03   1.6772028e-02   6.2437938e-04
   6.4590080e-02  -1.7943686e-01  -2.7502711e+00  -4.1981698e-03   1.7287587e-02   1.4868800e-03
   6.8417147e-02  -2.0776053e-01  -2.8494132e+00  -6.3281162e-03   1.6817250e-02   1.2533625e-03
   1.0020222e-01  -2.5087644e-01  -2.7832612e+00  -7.5688139e-03   1.8518219e-02   4.2906793e-04
   9.4539503e-02  -2.0793777e-01  -2.7100422e+00  -4.5385437e-03   1.6567884e-02   9.6223857e-04
   9.1752476e-02  -1.9817821e-01  -2.8220896e+00  -6.1994369e-03   1.6808993e-02   8.8219730e-04
   1.0586304e-01  -1.9880625e-01  -2.9109657e+00  -9.1251130e-03   1.5350435e-02   1.5285579e-03
   2.3126955e-02  -2.4192387e-01  -3.1029776e+00   1.4110277e-03   1.5966484e-02   2.1973129e-03
   3.9480795e-02  -2.1534938e-01  -3.4699132e+00  -3.0045276e-03   1.5921718e-02   1.5295304e-03
   4.7142917e-02  -2.2332315e-01  -3.4128254e+00  -7.1489045e-04   1.5909582e-02   6.8201469e-04
   5.5641439e-02  -2.4958555e-01  -3.4364078e+00  -2.6324975e-03   1.5821390e-02   9.9274428e-04
   5.3389834e-02  -2.1611269e-01  -3.4380431e+00  -3.4212386e-03   1.5662020e-02   1.1710856e-03
   5.0824197e-02  -2.4029371e-01  -3.4413869e+00  -7.3444135e-03   1.7046568e-02   1.2011398e-03
   7.5438311e-03  -1.8875105e-01  -3.0879941e+00  -1.1505971e-03   1.4820845e-02   1.2561205e-03
   2.2034178e-02  -1.9386112e-01  -3.1772798e+00  -3.8737266e-03   1.3973977e-02   1.1805960e-03
   3.5226045e-02  -1.9827273e-01  -3.1778289e+00  -4.3252817e-03   1.3986748e-02   1.1966631e-03
   5.3161168e-02  -2.3041274e-01  -3.1754121e+00   2.3894364e-03   1.3576913e-02   1.2165948e-03
   5.3468443e-02  -2.1030207e-01  -3.2629482e+00  -2.0976025e-03   1.3881043e-02   7.3052517e-04
   4.2952269e-02  -1.7960694e-01  -3.2272061e+00  -4.6424038e-03   1.4517041e-02   3.4661024e-04
   4.2275293e-02  -2.3149868e-01  -3.1042262e+00  -3.8698519e-03   1.6397837e-02   3.7377633e-04
   9.3001505e-02  -2.3044741e-01  -3.3612987e+00  -1.9035284e-03   1.4913005e-02   9.9678657e-05
   8.6576825e-02  -2.5344009e-01  -3.3601530e+00  -3.1103170e-03   1.3640312e-02   1.5635811e-04
   9.8622244e-02  -2.1602360e-01  -3.4315732e+00  -3.9967715e-03   1.2896010e-02  -5.5900719e-05
   8.8342073e-02  -2.7044388e-01  -3.3869202e+00  -1.0183740e-02   1.5662412e-02  -4.5998550e-04
   4.6384305e-02  -1.8321736e-01  -2.7672439e+00  -1.7649157e-03   1.3964333e-02   2.6423819e-04
   1.0734104e-01  -1.2894725e-01  -2.4651967e+00  -1.1016314e-02   4.4482348e-03   1.0359899e-03
   6.7796005e-02  -1.3953042e-01  -2.2475305e+00  -5.3266444e-03   1.4043097e-02   6.4182430e-04
   5.0700790e-02  -1.7290670e-01  -2.4203682e+00  -2.7413579e-03   1.3666647e-02   1.6564066e-03
   6.0338998e-02  -1.8708506e-01  -2.4016002e+00  -2.8011651e-03   1.3602398e-02   1.2812972e-03
   1.1536670e-01  -1.8283193e-01  -2.5633959e+00  -3.6025421e-03   1.0028992e-02  -3.2428341e-04
   5.3761034e-02  -1.5926767e-01  -2.8763042e+00  -4.5098838e-03   1.2198123e-02   1.1256029e-03
   7.3841752e-02  -2.0287530e-01  -2.6190750e+00   7.2587158e-04   1.1581060e-02  -3.7099458e-04
   4.8579324e-02  -1.5196239e-01  -2.8028451e+00  -1.3418928e-03   1.0922738e-02   2.3367613e-04
   6.4457134e-02  -1.9045735e-01  -2.8728881e+00  -3.7301119e-03   1.0438874e-02   7.8535098e-05
   6.6588090e-02  -1.7932371e-01  -2.8608539e+00  -5.0498132e-03   1.0131502e-02   5.3952934e-05
   1.6458593e-02  -1.8444318e-01  -2.7048143e+00  -1.1644528e-03   1.4978388e-02   1.0574147e-03
   7.3536124e-02  -1.7742854e-01  -2.9693397e+00  -5.6356307e-03   9.6029581e-03   1.0019107e-03
   6.1263392e-02  -1.8078089e-01  -2.6867071e+00  -5.0375017e-03   1.2702117e-02   6.3069625e-06
   7.3098783e-02  -1.6738442e-01  -2.4281502e+00  -2.3873179e-03   1.2766331e-02  -2.6201828e-04
   4.5410291e-02  -2.1976904e-01  -2.5304054e+00  -1.0580420e-03   1.4923613e-02  -1.1388221e-05
   4.5386151e-02  -1.7826377e-01  -2.6060571e+00  -2.9262923e-03   1.3825043e-02   9.1527340e-04
   7.6149047e-02  -2.0029261e-01  -2.7489082e+00  -7.1779090e-04   1.3934781e-02   6.7779127e-05
   8.7984363e-02  -1.8313839e-01  -2.8485074e+00  -4.9157134e-03   1.2324284e-02  -5.0246350e-04
   7.3253497e-02  -1.9145236e-01  -2.9390510e+00  -2.7228216e-03   1.1243985e-02   1.9477557e-04
   5.5207483e-02  -1.7246480e-01  -2.9414615e+00  -4.4660515e-03   1.2197132e-02   9.4102648e-04
   4.3952454e-02  -1.7771471e-01  -2.9205264e+00  -2.0323088e-03   1.2928018e-02   1.4876540e-03
   7.4205362e-02  -1.7690851e-01  -2.9198555e+00  -4.1840020e-03   1.4087272e-02   2.9821823e-04
   7.0764335e-02  -1.5943833e-01  -2.8347163e+00  -1.0850331e-03   1.2621263e-02   6.9309109e-04
   6.9011088e-02  -1.6938684e-01  -2.7533810e+00  -1.4796778e-02   1.2569505e-02   1.9565164e-04
   1.1107477e-02  -1.9530490e-01  -2.2600425e+00  -5.5985436e-03   1.8964223e-02   2.1365677e-03
   1.1454234e-01  -1.0175934e-01  -1.5230275e+00  -1.7888218e-02   2.1596581e-02   2.0630211e-03
   3.5866619e-01  -3.2641578e-01   6.5576755e-01  -2.2871089e-02   2.2422641e-02   6.4402885e-03
   3.1715788e-01  -1.8471088e-01  -2.9132816e-01  -1.7209773e-02   2.9663178e-02   6.5915697e-03
   5.8716141e-02  -3.4027061e-01  -1.8010156e+00   1.8407252e-02   3.5110592e-02   4.8231108e-03
  -2.4191696e-02  -1.7760099e-01  -3.0017491e+00  -2.6819773e-03   2.5834607e-02   5.4473369e-03
  -1.5714934e-02  -2.2252997e-01  -2.7777432e+00  -1.6818222e-03   2.2398957e-02   5.0715733e-03
  -3.5505302e-03  -2.2720462e-01  -2.6843370e+00  -1.4076883e-03   2.4138897e-02   3.6699839e-03
  -4.1344306e-02  -2.2589838e-01  -2.6423965e+00  -3.5913037e-03   2.5074732e-02   4.9067111e-03
  -3.5980222e-02  -2.3501084e-01  -2.5407808e+00  -2.7462940e-03   2.8222228e-02   4.1609653e-03
  -3.7002676e-02  -1.2937095e-01  -2.5686256e+00  -5.9435676e-03   2.0597981e-02   5.6891694e-03
  -1.3540757e-02  -2.5849081e-01  -2.3627645e+00  -1.0878168e-02   2.4731606e-02   3.6075507e-03
  -2.8072869e-04  -1.0933887e-03  -2.7148613e+00  -6.2135903e-02   8.3331689e-03   4.8532651e-03
   1.4461521e-01  -1.1569798e-01  -1.3542046e+00  -1.3034396e-03  -1.5245596e-03  -1.0188451e-03
  -5.7400933e-03  -1.3791087e-01  -3.4411785e+00  -1.3378850e-03   3.4306211e-03   1.9574168e-03
   5.4655537e-03  -1.7327296e-01  -3.4279806e+00  -7.5860275e-03   3.3787007e-03   1.4605200e-03
   1.8548917e-03  -1.9447216e-01  -3.3641008e+00  -6.3837708e-03   3.8882789e-03   1.2236680e-03
  -5.7066557e-04  -1.9198129e-01  -3.2965511e+00  -6.8624467e-03   4.7172752e-03   1.1321945e-03
  -9.1664763e-03  -1.8178084e-01  -3.2621482e+00  -8.5129433e-03   7.3423683e-03   1.0711658e-03
  -1.2232045e-01   1.4338656e-02  -3.1620353e+00  -1.4631955e-02   1.8330367e-02   4.1669280e-03
  -6.5340542e-02  -1.3235671e-01  -3.1072741e+00  -9.2018282e-03   1.0615196e-02   2.0742652e-03
  -5.5369880e-02  -2.0169754e-01  -3.1396794e+00  -8.8299060e-03   1.3536060e-02   2.1856550e-03
  -1.1447359e-02  -1.6040205e-01  -3.3020507e+00  -9.6159321e-03   9.8939042e-03   1.7352590e-03
   1.0463203e-03  -4.1321757e-02  -3.2152205e+00  -1.9650200e-02   9.0618486e-03   7.3733112e-04
  -6.7018198e-02  -1.3015741e-01  -3.1132387e+00  -7.2625328e-03   1.1581826e-02   2.5579937e-03
  -4.0483198e-02  -1.4400116e-01  -3.0530037e+00  -8.2309908e-03   1.1139449e-02   1.5956204e-03
  -3.4533173e-02  -1.2774569e-01  -3.1743450e+00  -1.0691681e-02   1.1900157e-02   1.2028048e-03
  -6.0292047e-02  -1.3260294e-01  -3.0329307e+00  -6.6883153e-03   1.3805478e-02   2.4331827e-03
  -2.9500043e-02  -1.4975582e-01  -2.9363631e+00  -1.4346598e-03   1.3750117e-02   1.6035509e-03
   6.7926623e-02  -1.4518608e-01  -3.2315848e+00  -5.4618319e-03   8.8189022e-03   1.0396098e-04
   8.9015356e-02  -1.7179136e-01  -3.3696359e+00  -5.6577178e-03   9.2098509e-03  -6.4014932e-04
   6.1106761e-02  -1.4275103e-01  -3.2500006e+00  -3.5288172e-03   1.1149283e-02  -4.2591562e-04
   4.9204763e-02  -1.6316898e-01  -3.3198555e+00  -4.3395367e-03   1.0422034e-02   1.6574070e-04
   6.2305136e-02  -1.7810804e-01  -3.2784788e+00  -4.6616887e-03   1.0288079e-02  -3.5870556e-05
   7.4229507e-02  -1.6887089e-01  -3.2986498e+00  -6.4439244e-03   1.0811925e-02  -2.2360016e-04
   7.2938599e-02  -1.9005514e-01  -3.2367887e+00  -4.4295169e-03   1.1661993e-02  -3.2538815e-04
   5.9749211e-02  -1.6429432e-01  -3.2475030e+00  -6.0717953e-03   1.1286327e-02  -1.5929755e-04
   2.9381918e-02  -1.6732704e-01  -3.2241161e+00  -5.4140720e-03   1.2065182e-02   3.3788083e-04
  -1.4772661e-03  -1.4091936e-01  -3.2062528e+00  -6.1647640e-03   1.3607312e-02   8.5865886e-04
   2.5851748e-02  -1.6223878e-01  -3.1619073e+00  -3.8351915e-03   1.2628353e-02   8.2081690e-04
   4.2708080e-02  -1.4612606e-01  -3.1693730e+00  -3.9478590e-03   1.3191755e-02   5.9911403e-04
   4.6693612e-02  -1.4979842e-01  -3.2491174e+00  -6.8962009e-03   1.5828592e-02   3.9083007e-04
   5.4013495e-02  -1.5143594e-01  -3.2721026e+00  -6.2775664e-03   1.4098222e-02  -1.0558750e-04
   6.5114017e-02  -1.8063912e-01  -3.1823306e+00  -5.9452694e-03   1.2876230e-02   5.3797313e-05
   1.2361814e-02  -2.3524779e-01  -3.1304499e+00  -8.2219837e-03   1.6036033e-02   7.7795999e-04
   2.1591667e-02  -1.6763061e-01  -3.1626471e+00  -3.0230932e-03   1.2472682e-02   4.8786911e-04
   5.4796327e-02  -1.1181568e-01  -3.2946260e+00  -1.2662616e-02   9.4293374e-03   2.8138868e-04
   5.8014177e-02  -2.2792681e-01  -3.0121300e+00   8.0029821e-04   1.3412992e-02  -6.4787871e-04
   4.2488056e-02  -1.5741268e-01  -3.2136698e+00  -2.2681565e-03   1.3672954e-02  -4.8573415e-04
   3.8550358e-02  -1.8075706e-01  -3.2013648e+00  -3.1034190e-03   1.2381098e-02   1.0683116e-04
   5.4031730e-02  -1.7064736e-01  -3.3335876e+00  -5.3887402e-03   1.2590843e-02  -2.8817929e-04
   6.6838912e-02  -2.0150121e-01  -3.3140557e+00  -4.2136754e-03   1.2555515e-02  -2.4244047e-04
   7.0268509e-02  -1.7510556e-01  -3.3027737e+00  -4.5112095e-03   1.2035192e-02  -2.4176817e-04
   6.2972711e-02  -1.8038803e-01  -3.3487139e+00  -4.6052069e-03   1.1981172e-02  -2.6445297e-04
   5.0163197e-02  -1.8708469e-01  -3.3086976e+00  -4.1705505e-03   1.3768126e-02  -2.3174796e-04
   1.4935275e-02  -1.4893340e-01  -3.2714774e+00  -3.0890098e-03   1.3194152e-02   4.8587417e-04
   5.7084158e-02  -2.5720576e-01  -3.1311843e+00   4.8150052e-03   1.2179147e-02  -2.2433058e-04
   1.7930890e-02  -2.2557641e-01  -3.4160936e+00   2.0295917e-04   1.4964811e-02   9.7127398e-04
   5.1529554e-02  -1.8349376e-01  -3.3336724e+00  -2.4646162e-04   1.3620730e-02   3.1237878e-04
   6.3850709e-02  -1.6412422e-01  -3.2093596e+00  -2.2487653e-03   1.0033562e-02  -4.6488537e-04
   7.7161182e-02  -1.7401254e-01  -3.2321258e+00  -8.8767499e-04   1.2254718e-02  -7.7077861e-04
   9.3562110e-02  -1.7867422e-01  -3.2574222e+00  -2.0710794e-03   1.1030509e-02  -8.2375193e-04
   8.5527980e-02  -1.8314388e-01  -3.1131182e+00  -4.0344578e-03   1.6447851e-02  -2.7115483e-04
   7.4693111e-03  -1.7240353e-01  -4.2671991e+00  -8.1235501e-03   1.0809047e-02   5.8859617e-04
   5.3212504e-02  -2.2169064e-01  -3.9162854e+00  -5.0897131e-03   1.2203005e-02  -1.3411021e-04
   6.9437267e-02  -1.9842985e-01  -3.7735382e+00  -3.7510941e-03   1.2227751e-02  -4.8585383e-04
   7.5634500e-02  -1.7862701e-01  -3.7944891e+00  -5.3294948e-03   1.2227264e-02  -5.9353279e-04
   6.1915949e-02  -1.9005604e-01  -3.7870784e+00  -4.4971018e-03   1.1881186e-02  -5.8143794e-04
   8.0455912e-02  -2.9125149e-01  -3.8048367e+00  -3.7449716e-03   1.3380867e-02  -6.7600882e-04
   8.1020369e-02  -2.1536822e-01  -3.7387675e+00  -2.9565953e-03   1.2996238e-02  -5.2949930e-04
   8.5737565e-02  -1.9662781e-01  -3.7522507e+00  -5.0423933e-03   1.2982328e-02  -8.3068805e-04
   1.1052113e-01  -2.1969783e-01  -3.4604895e+00  -6.1570374e-03   1.2302735e-02  -3.6408213e-04
   1.1568230e-02  -2.0833850e-01  -3.4820005e+00   2.0812421e-03   1.2739429e-02   1.0085040e-03
   1.9160207e-02  -2.3739714e-01  -3.4125868e+00   2.0151499e-04   1.3538466e-02   7.4346179e-04
   2.5664119e-02  -1.8247090e-01  -3.6031003e+00  -1.8261108e-03   1.2772719e-02   3.1387397e-04
   1.9714571e-02  -1.4593201e-01  -3.7420597e+00  -1.5546463e-02   1.4020845e-02   2.5703980e-04
   2.0663138e-02  -1.6085459e-01  -4.3217192e+00  -1.1434526e-02   7.8000025e-03  -6.4871093e-04
   5.4927578e-02  -2.8733573e-01  -4.1656182e+00  -1.5692791e-03   6.2958988e-03   4.1222511e-04
   5.0196323e-02  -1.7094586e-01  -4.0801545e+00  -4.9258842e-03   9.4078183e-03  -4.1124280e-04
   7.2046852e-02  -2.4139057e-01  -4.1255284e+00  -4.4548328e-03   8.9327617e-03  -3.8444092e-04
   1.6270228e-02  -2.5977326e-01  -4.1879594e+00  -2.1890296e-05   1.3206830e-02  -5.4905025e-04
   5.7298899e-02  -2.5629947e-01  -4.1936201e+00  -1.5808577e-03   1.2862895e-02  -7.3306843e-04
   9.6747158e-02  -2.2998373e-01  -4.1465757e+00  -5.9554635e-03   1.0601483e-02  -9.7241904e-04
   9.8951823e-02  -1.7975500e-01  -4.2201066e+00  -3.8010901e-03   1.0974799e-02  -1.2690061e-03
   9.2136344e-02  -1.9336591e-01  -4.1731759e+00  -5.2304984e-03   1.1108624e-02  -1.2360060e-03
   1.0337072e-01  -2.0897973e-01  -4.1700952e+00  -5.2226154e-03   1.1084412e-02  -1.3366534e-03
   9.9811258e-02  -2.2094427e-01  -4.1530487e+00  -3.4463209e-03   1.1098594e-02  -1.4000714e-03
   9.2843434e-02  -2.8702126e-01  -4.0383568e+00  -3.5419958e-03   1.2243812e-02  -1.2053941e-04
   9.3674665e-02  -2.6610044e-01  -4.0537316e+00  -2.4462614e-03   1.3825849e-02  -4.0254383e-04
   1.0872217e-01  -2.4788186e-01  -3.9285866e+00  -4.2989568e-03   1.4591420e-02  -1.0497986e-04
   1.0403068e-01  -2.4782647e-01  -4.0604236e+00  -4.3282670e-03   1.3891763e-02  -3.2711994e-04
   1.1665809e-01  -2.6313705e-01  -4.1222054e+00  -4.9912269e-03   1.3787212e-02  -8.4537428e-04
   9.1882837e-02  -2.3448441e-01  -3.9259022e+00  -6.5409640e-03   1.7599498e-02  -1.1657321e-03
   8.0583271e-02  -1.7000823e-01  -4.1733311e+00  -7.6976493e-03   1.2267341e-02  -3.3263061e-04
   8.5082060e-02  -2.0895071e-01  -3.9102791e+00  -3.5728602e-03   1.2229332e-02  -5.4682934e-04
   1.1817109e-01  -2.0073580e-01  -4.0509160e+00  -3.8559318e-03   1.2802649e-02  -1.3989407e-03
   9.5040905e-02  -2.1706701e-01  -4.0587516e+00  -4.0197511e-03   1.2769465e-02  -6.0450965e-05
   7.4468426e-02  -2.2292893e-01  -3.7896827e+00  -9.7916885e-04   1.4868889e-02   6.2176115e-04
   9.1791135e-02  -2.1340288e-01  -3.9707080e+00  -4.1572887e-03   1.3290292e-02   9.9589316e-05
   8.6561880e-02  -2.1178106e-01  -4.0618147e+00  -4.4003181e-03   1.3912901e-02  -9.2024228e-05
   6.5772137e-02  -2.7284006e-01  -3.9932902e+00   3.8327401e-04   1.5330592e-02   4.3247047e-05
   7.2692443e-02  -2.4645018e-01  -4.0004209e+00  -1.6068909e-03   1.5661783e-02   4.1364950e-04
   8.1373406e-02  -2.4729111e-01  -4.0646306e+00  -3.3028813e-03   1.4715986e-02   1.2591267e-04
   7.0986647e-02  -2.9502285e-01  -4.0697712e+00  -2.6936269e-07   1.7053095e-02  -5.3949228e-05
   9.0239819e-02  -1.9045285e-01  -4.1991877e+00  -6.9848385e-03   8.1553568e-03   3.2216003e-03
   9.2450215e-02  -2.0838863e-01  -4.1114114e+00  -4.0991842e-03   1.2297358e-02   7.2192956e-04
   8.1708334e-02  -3.4322125e-01  -4.2203683e+00   3.7130831e-03   1.4788588e-02  -1.0984623e-03
   5.9329012e-02  -2.4701094e-01  -4.5180373e+00  -2.3729908e-03   1.4769233e-02  -5.9020483e-04
   6.2184134e-02  -2.1770748e-01  -4.4115834e+00  -3.9656640e-03   1.4627783e-02  -5.6156385e-04
   1.0455159e-02  -2.0600953e-01  -4.2407593e+00  -2.6604181e-03   1.4600916e-02  -3.0872548e-04
   2.3218940e-02  -2.4881288e-01  -4.2230907e+00   8.4781870e-04   1.4866376e-02  -4.9558061e-04
   2.4692505e-02  -2.4834224e-01  -4.2161223e+00  -1.4277784e-03   1.3939783e-02  -2.4618128e-04
   3.7283270e-02  -2.4897221e-01  -4.3494125e+00  -1.3044879e-03   1.4254245e-02  -2.0350490e-04
   3.2274565e-02  -2.2922140e-01  -4.2738256e+00  -3.0380711e-03   1.3716688e-02   2.9776399e-04
   2.9304490e-02  -2.8787787e-01  -4.2370468e+00   7.8135446e-04   1.7270517e-02  -4.8424235e-04
  -2.2646859e-02  -2.7915956e-01  -4.9770191e+00  -3.7948875e-03   1.5888695e-02   4.7552509e-04
   3.2225060e-02  -1.4116282e-01  -4.6186805e+00  -1.1665072e-02   1.4268602e-02   2.3253821e-04
  -7.2001464e-02  -2.5122402e-01  -4.5704015e+00  -5.7625408e-04   1.6412009e-02   9.4849904e-04
   1.1072947e-03  -2.3255787e-01  -4.6783749e+00  -2.8580158e-03   1.4248506e-02   4.3365405e-04
   1.1997450e-02  -2.4038187e-01  -4.5212356e+00  -3.1263333e-03   1.4052412e-02   4.4410406e-04
   2.6082403e-02  -2.7226663e-01  -4.5056041e+00  -3.5828644e-03   1.4620108e-02   3.6618568e-04
   3.9169511e-02  -2.5313408e-01  -4.4862141e+00  -3.6197844e-03   1.4297049e-02   4.6960929e-04
   3.7871753e-02  -2.5626698e-01  -4.4872525e+00  -6.8022609e-03   1.5239640e-02   6.1032289e-04
   3.9721618e-02  -2.4271707e-01  -4.4589751e+00  -1.7295435e-03   1.4526261e-02   5.8091178e-04
   2.8978821e-02  -2.3296760e-01  -4.4437869e+00  -3.4562433e-03   1.3270459e-02   9.1183357e-04
   4.0932612e-02  -2.4218881e-01  -4.4875069e+00  -2.0006394e-03   1.0749114e-02   9.5730158e-04
   3.2845376e-02  -2.5808496e-01  -4.5197797e+00  -2.6820924e-03   1.1002765e-02   7.7255527e-04
   7.3382539e-02  -1.7998469e-01  -4.5822076e+00  -5.9691960e-03   5.0357245e-03   1.8119511e-03
   4.7909737e-02  -2.5195290e-01  -4.2461094e+00  -3.0430417e-03   9.8828212e-03   7.9235798e-04
   7.2265942e-02  -2.4779887e-01  -4.4297913e+00  -3.1063910e-03   1.1491290e-02   3.9826740e-05
   5.3770115e-03  -2.6640312e-01  -4.2836582e+00  -4.2938070e-05   1.1448878e-02   1.8176211e-03
   4.5267332e-02  -2.4548882e-01  -4.3984664e+00  -1.6528043e-03   1.2127459e-02   9.2580617e-04
   5.7282681e-02  -2.4047079e-01  -4.4014631e+00  -2.7377289e-03   1.2015126e-02   8.9791739e-04
  -6.7124608e-03  -2.8236961e-01  -4.1463632e+00   4.4340406e-03   1.3953066e-02   1.6633136e-03
   5.6394669e-02  -2.4408414e-01  -4.4059993e+00  -8.5912652e-04   1.3129590e-02   1.1732389e-03
   5.6034655e-02  -2.7468574e-01  -4.4303380e+00  -2.1481034e-04   1.2568549e-02   1.1708800e-03
   5.2991415e-02  -2.4868824e-01  -4.4834422e+00  -6.7416875e-04   1.2639524e-02   6.5473941e-04
   6.2784137e-02  -2.4638969e-01  -4.4139514e+00  -6.1102452e-04   1.2859189e-02   8.0521528e-04
   7.0699698e-02  -2.6904427e-01  -4.3816178e+00  -1.5842009e-03   1.3103920e-02   7.2925984e-04
   7.9102533e-02  -2.2601718e-01  -4.3381749e+00  -1.0449333e-03   1.2246443e-02   3.9282703e-04
   5.1503836e-02  -2.5345341e-01  -4.4184052e+00  -4.2817624e-04   1.3004341e-02   7.4966979e-04
  -8.5990539e-03  -2.2397119e-01  -4.3156836e+00  -2.6785582e-04   1.2737002e-02   1.3162197e-03
  -2.4401392e-02  -2.0599746e-01  -4.2546626e+00  -1.6001391e-02   1.3707860e-02   3.5298284e-03
   1.6123506e-01  -5.1030321e-01  -3.0181579e+00  -5.6968408e-03   9.9616347e-03   2.6342284e-03
   2.4509886e-01  -5.0383115e-01  -2.0177443e+00  -5.2462144e-02   3.9925994e-02   7.4432512e-03
   1.5434956e-01  -1.6180342e-01  -1.0031975e+00   1.6072411e-02   2.3726899e-02   3.7895716e-03
   5.4757649e-02  -2.3681523e-01  -3.6255566e+00  -7.1225449e-03   1.6638928e-02   2.0938754e-03
   4.6752424e-02  -2.1696372e-01  -3.5433337e+00  -9.6493775e-03   1.8074083e-02   1.8540581e-03
   3.2509110e-02  -2.0697384e-01  -3.5293850e+00  -1.0001904e-02   1.8483230e-02   1.9103526e-03
   3.4850593e-02  -2.1450470e-01  -3.4408614e+00  -9.0375294e-03   1.8992230e-02   1.5761723e-03
   3.7055309e-02  -1.9863301e-01  -3.4308577e+00  -8.3211064e-03   1.9018211e-02   1.4011089e-03
   5.9582372e-02  -1.7151887e-01  -3.1691279e+00  -1.0167419e-02   1.7511759e-02   1.5722432e-03
   5.3673619e-02  -1.4841460e-01  -3.2852647e+00  -8.4990781e-03   1.7461350e-02   2.0808944e-03
   3.4181485e-02  -1.7482890e-01  -3.2614255e+00  -7.0610284e-03   1.6812766e-02   2.0820273e-03
   3.3569955e-02  -2.2425468e-01  -3.3469651e+00  -1.6165152e-02   1.9134192e-02   2.2997568e-03
   5.6352739e-02  -1.3439787e-01  -2.7433464e+00   2.5238634e-03   1.5416830e-02   1.6736147e-03
   3.7439734e-02  -1.8197456e-01  -3.0813340e+00  -4.1918067e-03   1.5639269e-02   1.8923593e-03
   3.2669943e-02  -1.6533842e-01  -3.1087999e+00  -5.5446691e-03   1.5605674e-02   1.8605493e-03
   3.4123077e-02  -1.5580734e-01  -3.1342122e+00  -6.1556503e-03   1.6113627e-02   1.9153188e-03
   4.6842539e-02  -1.6148630e-01  -3.1039037e+00  -6.3222479e-03   1.6588294e-02   1.9030092e-03
   4.0328336e-02  -1.6176884e-01  -3.1528151e+00  -6.0535949e-03   1.6011625e-02   1.5172369e-03
   3.8248391e-02  -1.6227477e-01  -3.1613761e+00  -6.6487093e-03   1.8040961e-02   1.4014387e-03
   5.3541299e-02  -1.2718237e-01  -2.8511468e+00  -9.0890685e-03   1.8219170e-02   1.4029098e-03
   2.2199233e-01  -2.5917063e-01  -2.4197196e+00  -2.7286493e-02   1.3055042e-02   1.4612546e-03
   8.4842082e-02  -1.9062917e-01  -2.7445659e+00   2.5861229e-03   7.8490131e-03   1.4170382e-03
   5.9622138e-02  -2.3307345e-01  -4.0042902e+00  -8.9919219e-03   9.7253686e-03   7.4609877e-04
   7.4587359e-02  -1.8266455e-01  -3.6941402e+00  -7.9704803e-03   8.2560922e-03   4.3033963e-04
   8.2939224e-02  -1.7584138e-01  -3.7674507e+00  -9.3614119e-03   9.1400751e-03   3.1754313e-04
   8.0533776e-02  -1.7810779e-01  -3.7148979e+00  -8.6999470e-03   8.7527105e-03   3.5299514e-04
   9.0213538e-02  -1.7860639e-01  -3.6718058e+00  -1.0081193e-02   1.0290188e-02   1.4924562e-04
   9.1919723e-02  -1.7474799e-01  -3.7583264e+00  -9.7063006e-03   1.0415165e-02   2.4292913e-05
   4.3965384e-02  -1.2094414e-01  -3.7021572e+00  -1.5255548e-02   1.7597755e-02  -1.4112872e-03
   6.6383027e-02  -1.3306383e-01  -3.7839423e+00  -1.2742374e-02   1.2789707e-02   2.9909679e-04
   6.7593128e-02  -1.4129301e-01  -3.7323760e+00  -1.2184143e-02   1.2115780e-02   1.5590146e-04
   6.0323180e-02  -1.6249102e-01  -3.7049531e+00  -1.1330053e-02   1.2538796e-02   1.4440938e-04
   6.9658343e-02  -1.5818718e-01  -3.7023569e+00  -1.1123722e-02   1.2642027e-02   7.9495672e-05
   7.2983668e-02  -1.8844861e-01  -3.7290159e+00  -1.1058813e-02   1.2885376e-02  -6.5185331e-05
   4.6059525e-02  -1.8185893e-01  -3.5109683e+00  -1.1181974e-02   1.1184772e-02   2.0319236e-03
  -2.4997416e-02  -1.7266830e-01  -4.1845281e+00  -1.0334423e-02   1.0777506e-02   2.7909566e-03
   6.1326538e-02  -1.6760689e-01  -4.1947458e+00  -1.1020160e-02   9.2919701e-03   1.4372741e-03
   8.8157588e-02  -1.6930160e-01  -4.1505229e+00  -1.1362635e-02   9.6665601e-03   1.1652155e-03
   8.5750763e-02  -1.8594333e-01  -4.0957613e+00  -9.4751873e-03   1.0953743e-02   1.1747542e-03
   8.1451124e-02  -1.9467615e-01  -3.9829201e+00  -1.0175426e-02   1.1186565e-02   1.2659831e-03
   8.3369936e-02  -1.8254170e-01  -3.9210412e+00  -9.4199667e-03   1.1163703e-02   1.2356396e-03
   8.9347901e-02  -1.6863054e-01  -3.9388177e+00  -9.6156139e-03   1.1574438e-02   8.7372325e-04
   6.9937836e-02  -1.7761315e-01  -3.9027883e+00  -8.4693255e-03   1.2200290e-02   9.9184033e-04
   7.1228734e-02  -1.8831768e-01  -3.9031394e+00  -9.1989211e-03   1.1891283e-02   1.1171162e-03
   7.2880430e-02  -1.8404084e-01  -3.9135305e+00  -9.5318617e-03   1.2287744e-02   9.2303292e-04
   6.7278671e-02  -1.2424578e-01  -3.9567421e+00  -1.6990149e-02   1.6301854e-02   8.3633669e-04
   5.7775291e-02  -1.0224489e-01  -3.7543281e+00  -8.7687426e-03   9.7368420e-03   2.9333883e-03
   3.3251421e-02  -1.4719477e-01  -4.0674362e+00  -6.0357126e-03   6.4561479e-03   2.3499003e-03
   4.6335114e-02  -1.6537538e-01  -4.1626262e+00  -7.1837391e-03   8.0305866e-03   1.8638981e-03
   2.7243529e-02  -1.9820762e-01  -4.3097344e+00  -9.3223436e-03   1.3092622e-02   1.7417315e-03
   4.0504151e-02  -1.7849352e-01  -4.2481839e+00  -7.3802885e-03   1.2162777e-02   1.4418683e-03
   8.7379817e-02  -1.6456723e-01  -4.2406053e+00  -9.7980142e-03   9.7903933e-03   9.3373179e-04
   5.5525427e-02  -1.5111490e-01  -4.2555975e+00  -9.0906796e-03   1.1170953e-02   9.8290968e-04
   5.5700714e-02  -1.7514790e-01  -4.1980493e+00  -7.8023872e-03   1.2240031e-02   1.1300698e-03
   3.3865761e-02  -1.6778330e-01  -4.1569148e+00  -7.4090780e-03   1.2206198e-02   1.1830491e-03
   8.7925999e-02  -1.0564083e-01  -4.3157115e+00  -1.2974944e-02   5.9231365e-03   1.2872417e-03
   4.8366214e-02  -1.5356487e-01  -4.0319015e+00  -6.5237767e-03   9.7462984e-03   9.9463078e-04
   2.9436273e-02  -1.9321759e-01  -3.9909420e+00  -4.9791364e-03   1.1863562e-02   1.4796319e-03
   6.6926185e-02  -2.1368418e-01  -4.2221876e+00  -7.5566052e-03   1.1143943e-02   7.7801546e-04
   4.3988849e-02  -1.7914593e-01  -4.1447242e+00  -7.1178701e-03   1.3112159e-02   9.8255065e-04
   4.1265716e-02  -1.6753345e-01  -4.2086228e+00  -6.7326361e-03   1.2545632e-02   1.3068095e-03
   9.2846268e-03  -1.9342179e-01  -4.0919036e+00  -6.3642971e-03   1.3169264e-02   1.8714114e-03
   5.4623174e-02  -1.8600316e-01  -4.1981833e+00  -7.1665553e-03   1.2338253e-02   1.2169318e-03
   6.6953671e-02  -1.8926195e-01  -4.2324276e+00  -8.2270828e-03   1.2267181e-02   1.0160460e-03
   5.9018524e-02  -1.8067189e-01  -4.2275417e+00  -8.4712044e-03   1.2675650e-02   8.7945942e-04
   3.8183301e-02  -1.8034364e-01  -4.2419316e+00  -6.8758506e-03   1.2967852e-02   1.3686098e-03
   6.2979959e-02  -2.0604822e-01  -4.2923556e+00  -8.7205271e-03   1.2764825e-02   9.5864635e-04
   5.3835374e-02  -1.9311156e-01  -4.2247668e+00  -7.7445195e-03   1.3076598e-02   9.5919485e-04
   4.3370854e-02  -1.8647496e-01  -4.1873052e+00  -5.9795182e-03   1.2648340e-02   1.1304523e-03
   5.3410761e-02  -2.3553715e-01  -4.1829331e+00  -7.1792977e-03   1.2665824e-02   1.0574368e-03
   5.6645446e-02  -1.9625457e-01  -4.1250826e+00  -5.7393661e-03   1.1290253e-02   8.5174310e-04
   4.4418475e-02  -1.8782734e-01  -4.0952351e+00  -5.4915470e-03   1.3774569e-02   4.3133535e-04
   6.3473984e-02  -1.7772429e-01  -4.1813010e+00  -6.3381382e-03   1.1503834e-02   8.1987651e-04
   6.6860135e-02  -2.6192989e-01  -4.1629234e+00  -4.3332861e-03   1.5630088e-02  -3.7534444e-04
   3.7621524e-02  -2.1493003e-01  -4.3247072e+00  -5.1867382e-03   1.3883032e-02   3.8039666e-04
   4.2508324e-02  -2.3254629e-01  -4.3946303e+00  -7.9707702e-03   1.4022212e-02   4.6564214e-04
   1.1758838e-01  -2.3744332e-01  -4.2686979e+00   5.1102922e-04   1.3265338e-02  -5.0763355e-04
   4.2502496e-02  -2.3902955e-01  -4.4029307e+00  -5.1227036e-03   1.2801059e-02   4.9487560e-04
   5.0532123e-02  -2.3595609e-01  -4.4533263e+00  -5.3166626e-03   1.3248769e-02   3.0408188e-04
   6.6249554e-02  -2.0811398e-01  -4.4220642e+00  -5.9343211e-03   1.3039011e-02  -9.8190574e-05
   7.8259919e-02  -2.1671979e-01  -4.4353210e+00  -6.5259056e-03   1.3785903e-02  -5.3178726e-04
   4.4291490e-02  -1.9323903e-01  -4.4996787e+00  -4.7307820e-03   1.4106836e-02   3.4505832e-04
   4.1535717e-02  -2.2709888e-01  -4.5100770e+00  -6.3048877e-03   1.4415120e-02  -1.2671093e-04
   5.8096996e-02  -1.9468260e-01  -4.3973297e+00  -6.6802180e-03   1.3920981e-02  -5.2076667e-05
   4.4429009e-02  -2.0291739e-01  -4.4403412e+00  -7.9280263e-03   1.4107000e-02  -1.7446151e-04
   4.9069722e-02  -2.1119985e-01  -4.4369752e+00  -7.8265143e-03   1.4585521e-02  -1.7862039e-04
   1.8324810e-01  -2.3909749e-01  -4.2287503e+00  -2.8256834e-03   1.0425258e-02  -2.1240317e-03
   7.8343709e-02  -2.3717912e-01  -4.2212480e+00  -4.5878968e-03   1.1017658e-02  -2.2702067e-04
   7.6162002e-02  -2.2853794e-01  -4.2639941e+00  -4.6989563e-03   1.1917329e-02   3.3767153e-04
   9.1227969e-02  -2.0315329e-01  -4.2727784e+00  -6.8754011e-03   1.1736430e-02   5.8290535e-06
   1.0446023e-01  -2.0456326e-01  -4.2999505e+00  -6.2803486e-03   1.2077677e-02  -2.3975520e-04
   9.3767803e-02  -2.2472501e-01  -4.2974677e+00  -5.8824987e-03   1.0917918e-02  -8.1126430e-06
   1.0050551e-01  -2.1359085e-01  -4.3075852e+00  -6.7840425e-03   1.1264744e-02   9.0901414e-06
   9.0338836e-02  -2.1109513e-01  -4.3398939e+00  -7.1266148e-03   1.0939190e-02   4.5863797e-05
   7.0073582e-02  -2.2187824e-01  -4.3439280e+00  -4.3077983e-03   1.2082986e-02   6.8719509e-05
   6.3307560e-02  -1.9579230e-01  -4.3229070e+00  -5.6664843e-03   1.1850603e-02   2.6326884e-04
   7.9119497e-02  -2.3709402e-01  -4.3819530e+00  -6.3630842e-03   1.2025263e-02   1.4060166e-05
   9.0787330e-02  -2.0627976e-01  -4.3782688e+00  -7.1590694e-03   1.2490326e-02  -2.8296163e-04
   5.9145929e-02  -1.9835756e-01  -4.4341958e+00  -7.5878383e-03   1.1421820e-02   7.0472102e-04
   7.6457632e-02  -2.0463637e-01  -4.3594684e+00  -6.5388775e-03   1.2253814e-02   1.1128831e-04
   8.0072315e-02  -2.1207164e-01  -4.3689044e+00  -6.3096369e-03   1.1786040e-02   1.7694140e-04
   7.7936636e-02  -1.8817658e-01  -4.3949159e+00  -8.1362696e-03   1.2950301e-02   3.4391374e-05
   1.7276680e-02  -1.8521117e-01  -4.4244573e+00  -6.9329188e-03   1.4689866e-02   1.3287164e-03
   8.2426789e-02  -1.8156092e-01  -4.3782874e+00  -8.3536681e-03   1.2979688e-02   6.1969012e-04
   4.2283216e-02  -1.8637449e-01  -4.4622573e+00  -8.4499599e-03   1.3799085e-02   9.8704554e-04
   5.5051521e-02  -1.8498608e-01  -4.4916927e+00  -8.3580304e-03   1.3858713e-02   6.6703617e-04
   7.1917388e-02  -2.0797741e-01  -4.4322046e+00  -6.3683054e-03   1.3170190e-02   7.8898716e-04
   6.5864448e-02  -2.1237461e-01  -4.2996259e+00  -4.9302207e-03   1.3384726e-02   7.7801836e-04
   7.4370792e-02  -1.9089436e-01  -4.3952075e+00  -6.8150272e-03   1.2995580e-02   5.3846261e-04
   8.1187158e-02  -1.8351903e-01  -4.4401060e+00  -7.9568811e-03   1.3497659e-02   3.5512577e-04
   2.9839597e-02  -2.2232995e-01  -4.5889319e+00  -8.6159394e-03   1.3051513e-02   1.2415588e-03
   7.4916521e-02  -2.0444386e-01  -4.5052278e+00  -6.9477486e-03   1.3437999e-02   3.4559449e-04
   2.8140169e-02  -1.9015504e-01  -4.5165003e+00  -8.0020011e-03   1.3866058e-02   1.1983978e-03
   5.8373245e-02  -1.8652108e-01  -4.4709741e+00  -7.6324945e-03   1.3528034e-02   8.3807508e-04
   5.8206764e-02  -2.1868889e-01  -4.5539012e+00  -4.4008836e-03   1.4258043e-02   5.9085274e-04
   1.6145690e-02  -2.0381463e-01  -4.4512314e+00  -6.8543406e-03   1.5113778e-02   1.9714981e-03
   5.9128864e-02  -2.5130022e-01  -4.4790698e+00  -2.7773355e-03   1.3467507e-02   9.0284377e-04
   6.9171700e-02  -2.4363817e-01  -4.4820150e+00  -6.1527163e-03   1.3578734e-02   4.3243754e-04
   7.6077707e-02  -1.9602820e-01  -4.5038758e+00  -6.9177126e-03   1.3916250e-02   5.5000552e-04
   3.0169760e-02  -2.2815463e-01  -4.5651442e+00  -6.4950796e-03   1.5026324e-02   1.1035499e-03
   5.0523486e-02  -2.2003579e-01  -4.5544932e+00  -5.7123383e-03   1.4586869e-02   1.1728002e-03
   2.1730880e-02  -1.6890425e-01  -4.5441701e+00  -5.8598487e-03   1.2355694e-02   5.8885054e-04
   7.5256174e-02  -2.1141773e-01  -4.3951915e+00  -4.4927387e-03   1.0589193e-02   6.2497490e-04
   8.4880658e-02  -2.0341726e-01  -4.4265122e+00  -6.4240478e-03   1.1813225e-02   7.6078147e-06
   8.0283796e-02  -2.0975357e-01  -4.3047708e+00  -3.4246944e-03   1.1935892e-02   5.4319375e-04
   1.0585725e-01  -1.9995563e-01  -4.4058538e+00  -7.2774887e-03   1.1706300e-02  -4.5073444e-05
   1.1048030e-01  -1.9095573e-01  -4.4837238e+00  -5.6402147e-03   1.1963328e-02   7.8475737e-06
   1.2378857e-01  -2.2485363e-01  -4.4407750e+00  -7.0294611e-03   1.1326844e-02  -1.3348400e-04
   1.3170734e-01  -1.9013540e-01  -4.5030391e+00  -8.4365992e-03   1.0661897e-02  -6.8130756e-04
   8.2219613e-02  -2.0211390e-01  -4.3711609e+00  -5.7544490e-03   1.1158138e-02   4.5851147e-04
   9.0330219e-02  -1.8953678e-01  -4.4322489e+00  -6.8752524e-03   1.1877036e-02   2.7287066e-04
   1.1956351e-01  -1.9160188e-01  -4.4180417e+00  -8.2084485e-03   1.2468621e-02  -5.4103923e-05
   1.1568226e-01  -1.8961865e-01  -4.4002776e+00  -6.2051077e-03   1.2167799e-02  -1.9402897e-04
   7.9853264e-02  -2.2767007e-01  -4.3151816e+00  -5.1055787e-03   1.1751299e-02   9.8289133e-04
   1.5582452e-01  -2.5254920e-01  -4.3260702e+00  -3.2177147e-03   1.0088785e-02  -1.1189564e-03
   7.6413113e-02  -2.2728227e-01  -4.3409017e+00  -3.7094429e-03   1.1788234e-02   6.9653470e-04
   7.8527223e-02  -2.2075947e-01  -4.3339608e+00  -4.0779504e-03   1.1668607e-02   4.0528938e-04
   7.2481583e-02  -1.8142038e-01  -4.2731187e+00  -5.0617306e-03   1.2649807e-02   3.3230815e-04
   7.8121619e-02  -1.8101625e-01  -4.3868114e+00  -8.9184650e-03   1.3560066e-02   3.7459047e-04
   3.1777406e-01  -1.6579154e-01  -2.9970189e+00  -2.3805976e-02   9.5017647e-03  -1.6404141e-03
   1.7985588e-01   5.4202153e-02  -3.7847849e+00  -5.8515177e-02   2.4493758e-02   6.9325349e-03
   1.5884244e-02  -3.6855893e-01  -3.3761596e+00  -1.6695886e-02   2.5929602e-02   5.8598191e-03
   4.8888124e-02  -3.2261097e-01  -3.7398528e+00  -1.3816233e-03   2.8419758e-02   5.8080925e-03
   2.9783573e-02  -2.5250709e-01  -4.9698848e+00  -1.0406389e-02   1.6569214e-02   2.9921021e-03
   5.6735399e-02  -2.4490610e-01  -4.4981777e+00  -5.4481266e-03   1.5174342e-02   2.1548517e-03
   4.6125649e-02  -2.5355051e-01  -4.4070888e+00  -5.7727791e-03   1.5625615e-02   2.1980711e-03
   3.2070903e-02  -2.3807927e-01  -4.3517999e+00  -5.7901431e-03   1.6502948e-02   1.9960974e-03
   2.9763282e-02  -2.3798624e-01  -4.3874811e+00  -6.3689420e-03   1.6525371e-02   2.0453659e-03
   3.2781022e-02  -2.4876804e-01  -4.4185325e+00  -6.4785662e-03   1.6354317e-02   2.1627757e-03
   9.7701215e-03  -2.2422036e-01  -4.4007801e+00  -4.7399471e-03   1.6866075e-02   2.5387602e-03
   9.7860887e-03  -2.5057886e-01  -4.3302705e+00  -4.3196044e-03   1.7549187e-02   2.2348084e-03
   1.5901070e-02  -2.3363582e-01  -4.3357010e+00  -5.0981409e-03   1.7494620e-02   2.2690550e-03
   2.0047924e-02  -2.5305316e-01  -4.3036197e+00  -4.2476917e-03   1.6423074e-02   2.3704606e-03
   2.3638053e-01  -2.2536216e-01  -2.7598855e+00   3.4965387e-03   9.4161977e-03   1.2060864e-04
   1.3553488e-01  -2.2915333e-01  -3.6860670e+00  -4.9152362e-03   1.3112575e-02   1.4902133e-03
   1.2268593e-01  -1.7686989e-01  -3.8272094e+00  -6.5376726e-03   1.5090741e-02   1.5392652e-03
   6.6950911e-02  -1.6850502e-01  -3.9591008e+00  -8.4154580e-03   1.5060442e-02   2.4357277e-03
   1.0194099e-01  -2.2460269e-01  -3.9421690e+00  -7.8428273e-03   1.6282481e-02   1.5658155e-03
   1.0333574e-01  -2.0619785e-01  -3.9629887e+00  -3.5034542e-03   1.6544061e-02   1.3103289e-03
   7.2642262e-02  -2.5589492e-01  -3.9433831e+00  -8.4282713e-03   1.7240859e-02   1.9516360e-03
   8.8025610e-02  -2.1967622e-01  -3.7879455e+00  -5.8925404e-03   1.5394142e-02   1.7123424e-03
   1.0019017e-01  -2.2319075e-01  -3.7971209e+00  -6.0850975e-03   1.5639214e-02   1.2647595e-03
   1.1746780e-01  -2.1139742e-01  -3.6886136e+00  -7.0572390e-03   1.5965420e-02   1.0813451e-03
   9.2217030e-02  -2.2907843e-01  -3.7920320e+00  -5.7108624e-03   1.6168528e-02   9.5084767e-04
   9.5981824e-02  -2.1430775e-01  -3.8102683e+00  -6.4422021e-03   1.5496354e-02   1.4896615e-03
   7.4114672e-02  -2.3847217e-01  -3.9008575e+00  -2.7437814e-03   1.6975554e-02   2.4156159e-03
   1.1632566e-01  -2.4084741e-01  -4.0493492e+00  -5.1413510e-03   1.6458164e-02   1.6605402e-03
   1.2053967e-01  -2.4398685e-01  -4.0539477e+00  -4.3599903e-03   1.6162909e-02   1.3637794e-03
   1.2478486e-01  -2.4323942e-01  -4.0819443e+00  -4.2848119e-03   1.6154398e-02   1.2073990e-03
   1.2697464e-01  -2.1502220e-01  -4.1486378e+00  -6.4408750e-03   1.4631156e-02   1.1945585e-03
   1.0311251e-01  -2.1902268e-01  -4.0953900e+00  -1.0562758e-02   2.1730712e-02   7.0977409e-04
   2.6969522e-01  -2.5521663e-01  -2.7418390e+00  -2.4828714e-02   1.2431824e-02   2.2971031e-03
   1.5733341e-01  -1.8760459e-01  -4.2212615e+00  -8.9485493e-03   5.0763844e-03   1.8850287e-03
   1.7216405e-01  -2.0395585e-01  -4.4329217e+00  -1.1487052e-02   9.4734847e-04   1.0483749e-03
   1.6021560e-01  -2.0428337e-01  -4.4031950e+00  -1.2991500e-02   2.0854415e-03   6.8512098e-04
   1.6556025e-01  -1.9304105e-01  -4.3520072e+00  -1.2498341e-02   2.3013342e-03   7.2100459e-04
   1.6250136e-01  -2.1018957e-01  -4.3233127e+00  -1.1436378e-02   3.4107434e-03   5.1316780e-04
   1.7440719e-01  -2.1075152e-01  -4.3508359e+00  -1.2333291e-02   2.8840977e-03   7.1025985e-04
   1.7860628e-01  -1.9231910e-01  -4.3433825e+00  -1.3468968e-02   3.7590935e-03   7.9797178e-04
   1.7221994e-01  -2.0533789e-01  -4.3677573e+00  -1.1837010e-02   6.6065922e-03  -1.2131728e-04
   1.5614745e-01  -2.0735201e-01  -4.1996910e+00  -1.1069876e-02   6.8949223e-03   2.8454299e-05
   1.2396120e-01  -1.9158750e-01  -4.1536268e+00  -1.7945779e-02   1.1388207e-02   2.5607278e-04
   1.7610081e-01  -2.5343166e-01  -3.4066595e+00  -4.7977782e-02   1.1147717e-02   1.2868920e-03
   1.6924250e-01  -3.1224906e-01  -2.2582778e+00  -1.1347905e-02   2.0526458e-02   3.7061043e-03
   1.8908040e-01  -3.1701601e-01  -3.2012552e+00  -7.6694441e-03   2.1586371e-02   4.1752551e-03
   1.1477006e-01  -2.0274053e-01  -4.2871102e+00  -1.3661515e-02   1.3866288e-02  -1.4085215e-04
   1.1383583e-01  -1.9691469e-01  -4.1789075e+00  -1.3453115e-02   1.4393160e-02  -3.1026018e-04
   1.2915986e-01  -2.1545061e-01  -4.1638528e+00  -1.4489135e-02   1.3989098e-02  -3.5979011e-04
   1.3051993e-01  -2.0847397e-01  -4.0872109e+00  -1.3002493e-02   1.4088338e-02  -5.1120850e-04
   1.2871128e-01  -1.8828808e-01  -4.0074529e+00  -1.2701432e-02   1.4104692e-02  -3.7764758e-04
   1.2040003e-01  -1.5419212e-01  -4.0634128e+00  -3.8483691e-03   1.6205314e-02  -6.3434397e-04
   1.1898900e-01  -2.1235527e-01  -4.8285692e+00  -9.4098690e-03   1.5754296e-02  -1.1364672e-03
   1.3256792e-01  -2.1179122e-01  -4.5519130e+00  -9.6006711e-03   1.4431674e-02  -7.0776428e-04
   1.3797825e-01  -1.7101773e-01  -4.5941193e+00  -9.7512884e-03   1.4096432e-02  -7.9642082e-04
   1.4001166e-01  -1.7582272e-01  -4.5747756e+00  -1.0668045e-02   1.3646519e-02  -1.0836031e-03
   1.3589879e-01  -2.1372297e-01  -4.5405861e+00  -9.1129389e-03   1.4451038e-02  -8.3117563e-04
   1.3505519e-01  -1.9267597e-01  -4.5345287e+00  -9.3632893e-03   1.4467156e-02  -9.7461931e-04
   1.1001481e-01  -2.1411090e-01  -4.4368549e+00  -7.9260284e-03   1.5572269e-02  -5.6963878e-04
   1.0008525e-01  -2.0224978e-01  -4.4230168e+00  -7.8413596e-03   1.5756934e-02  -3.8010329e-04
   1.0511276e-01  -1.8517410e-01  -4.5268521e+00  -8.9989235e-03   1.5803565e-02  -4.1582504e-04
   1.1984249e-01  -1.5471006e-01  -4.4848762e+00  -9.6102842e-03   1.5816875e-02  -8.4233571e-04
   1.2105788e-01  -1.7490607e-01  -4.5050038e+00  -9.7411190e-03   1.5367818e-02  -7.7761324e-04
   1.2737193e-01  -2.0198354e-01  -4.4763579e+00  -9.1855371e-03   1.5614302e-02  -8.9631678e-04
   1.3435295e-01  -1.7395635e-01  -4.4647705e+00  -7.8128603e-03   1.5905563e-02  -1.1081733e-03
   1.4204234e-01  -1.6569050e-01  -4.4339505e+00  -7.6307453e-03   1.5488832e-02  -1.2220091e-03
   1.4365403e-01  -1.7458205e-01  -4.4512859e+00  -8.8240774e-03   1.5022448e-02  -1.2193116e-03
   1.3546294e-01  -2.5625919e-01  -4.3837787e+00  -2.3073785e-03   1.6271038e-02  -9.8731886e-04
   7.5205318e-02  -1.7538264e-01  -4.7086067e+00  -5.8646594e-03   1.6735832e-02  -7.8051177e-04
   1.1067343e-01  -2.2007626e-01  -4.6666652e+00  -3.1110122e-03   1.7647704e-02  -1.1217954e-03
   8.6419226e-02  -2.4913906e-01  -4.6466105e+00  -3.0655805e-03   1.4456731e-02  -5.4774922e-05
   1.2925243e-01  -2.4531967e-01  -4.6870056e+00  -3.4418694e-03   1.4244749e-02  -8.6226795e-04
   1.2884315e-01  -2.7471029e-01  -4.7199270e+00  -2.0905997e-03   1.4771571e-02  -5.6067643e-04
   1.2366780e-01  -2.3835892e-01  -4.8825982e+00  -5.8775469e-03   1.4250733e-02  -3.0480249e-04
   1.4059862e-01  -2.5106798e-01  -4.6077766e+00  -2.9107155e-03   1.4290089e-02  -4.2475562e-04
   1.3679279e-01  -2.2597428e-01  -4.6678363e+00  -4.7177311e-03   1.4362886e-02  -2.1973501e-04
   1.4295465e-01  -2.2495184e-01  -4.5949268e+00  -4.9359706e-03   1.4358903e-02  -4.0275618e-04
   1.3659015e-01  -2.1931807e-01  -4.6074536e+00  -5.7928784e-03   1.4281644e-02  -2.2124108e-05
   1.4238819e-01  -1.9950989e-01  -4.5181333e+00  -7.2344865e-03   1.3724179e-02   6.3563599e-05
   1.4419692e-01  -2.8235536e-01  -4.4150843e+00  -5.8467712e-03   1.1671793e-02  -8.1206911e-04
   1.3008412e-01  -2.5763427e-01  -4.4759185e+00  -5.6573008e-03   1.0615022e-02   1.0026100e-03
   1.6360186e-01  -2.1617032e-01  -4.4337858e+00  -4.3894926e-03   9.1466372e-03   1.7514230e-04
   1.6184070e-01  -2.7836313e-01  -4.3727261e+00  -6.1902231e-03   9.4635526e-03   1.2556474e-04
   1.9474859e-01  -2.4127662e-01  -4.2015661e+00  -1.5359790e-03   9.4839426e-03  -4.1066194e-04
   1.9838913e-01  -2.2157908e-01  -4.2723143e+00  -4.7786062e-03   1.1245625e-02  -3.9579456e-04
   1.6562127e-01  -2.2363581e-01  -4.5789142e+00  -5.8156630e-03   1.2175908e-02  -6.8401005e-05
   1.7066122e-01  -2.0318039e-01  -4.5760636e+00  -5.2944958e-03   1.2257936e-02   4.8672171e-05
   1.5426869e-01  -2.3787730e-01  -4.4501088e+00  -3.4841279e-03   1.2235899e-02   2.7636353e-04
   1.7264436e-01  -2.0502403e-01  -4.4987760e+00  -5.2024214e-03   1.2493745e-02  -9.1991903e-05
   1.6900198e-01  -2.3496006e-01  -4.4955522e+00  -4.3449001e-03   1.2186385e-02   5.7190532e-05
   1.0285787e-01  -2.2549384e-02  -4.5854947e+00  -1.4922259e-02   1.5372608e-02   2.0251278e-03
   1.4685380e-01  -2.0904249e-01  -4.4088474e+00  -6.2353869e-03   1.5177407e-02  -2.8875367e-04
   1.3342940e-01  -1.7874911e-01  -4.5002721e+00  -7.6676481e-03   1.6815121e-02  -5.2983774e-04
   1.2552469e-01  -2.1826993e-01  -4.5943580e+00  -6.0827652e-03   1.6252258e-02  -3.2828399e-04
   2.2351345e-01  -1.7127959e-01  -3.8575891e+00  -8.9967280e-03   1.3791095e-02  -9.3470107e-04
   1.1108203e-01  -2.0358456e-01  -4.2110322e+00  -4.3503510e-03   1.3985916e-02   1.5411120e-03
   9.8558246e-02  -2.4908034e-01  -4.2878864e+00   2.1758138e-03   1.9637719e-02  -3.0638814e-04
   1.2828256e-01  -2.2139780e-01  -4.9510493e+00  -8.1380569e-03   1.7335479e-02  -4.9685359e-04
   1.2403595e-01  -2.5796081e-01  -4.8414308e+00  -4.0765863e-03   1.7305977e-02  -5.3181262e-04
   1.3717284e-01  -2.3341465e-01  -4.9931751e+00  -4.0768482e-03   1.2150858e-02  -3.6114335e-04
   1.3378126e-01  -2.4280338e-01  -5.0333389e+00  -6.0162165e-03   1.2632827e-02  -4.6008283e-04
   1.3421462e-01  -2.6177010e-01  -5.0198802e+00  -4.1055049e-03   1.2604553e-02  -1.0659915e-04
   1.2062126e-01  -2.4897036e-01  -4.9174341e+00  -4.1579314e-03   1.1905944e-02  -1.8822674e-04
   1.2023409e-01  -2.2258830e-01  -4.9279606e+00  -4.6479755e-03   1.2153652e-02   8.7211445e-05
   1.2573843e-01  -2.3342362e-01  -4.8647109e+00  -4.4213534e-03   1.2950675e-02  -1.7675191e-04
   1.2717388e-01  -2.5769087e-01  -4.8493374e+00  -3.8659942e-03   1.2139263e-02  -2.9204101e-04
   1.1404634e-01  -2.5579867e-01  -4.8791724e+00  -4.3340460e-03   1.2396291e-02   1.0814668e-04
   1.1182219e-01  -2.2089053e-01  -4.7862060e+00  -4.9186622e-03   1.3103236e-02  -2.8047012e-04
   1.2728085e-01  -2.5540188e-01  -4.8658570e+00  -3.6432494e-03   1.3066119e-02  -1.2249200e-04
   1.3080751e-01  -2.4386487e-01  -4.9010043e+00  -4.7530168e-03   1.2968189e-02  -1.2519980e-04
   1.2138154e-01  -2.4088448e-01  -4.8735366e+00  -4.6932700e-03   1.3153702e-02  -1.3851150e-04
   1.2735632e-01  -2.3183009e-01  -4.8301048e+00  -3.6673350e-03   1.4397153e-02  -3.1502911e-04
   1.4282551e-01  -2.6724383e-01  -4.8690316e+00  -2.1253677e-03   1.3367903e-02  -1.3346920e-04
   1.5733554e-01  -2.6680383e-01  -4.8248161e+00  -2.1511555e-03   1.3340278e-02  -5.0471187e-04
   3.1334687e-01  -1.7322404e-01  -3.5972472e+00  -9.3194856e-03   2.7445189e-03  -3.2189158e-03
   7.1973073e-02  -2.1350261e-01  -4.2985906e+00  -7.8120406e-03   1.2357045e-02   9.5781297e-04
   9.7960881e-02  -2.5761614e-01  -4.4160444e+00  -5.8304362e-03   9.3445471e-03   1.6726164e-03
   1.4176456e-01  -2.1370077e-01  -4.4263350e+00  -6.2870081e-03   9.7710671e-03   5.8165419e-04
   1.9041247e-02  -1.6438655e-01  -5.8111898e+00  -1.4728141e-02   1.5073916e-02   7.0183082e-04
   8.4218578e-02  -2.3242452e-01  -5.3152669e+00  -7.9406484e-03   9.7723670e-03   3.7777275e-04
   8.5623992e-02  -2.5807035e-01  -5.2865105e+00  -5.5089609e-03   1.0025379e-02   4.8448310e-04
   1.1165808e-01  -1.9284630e-01  -5.2711615e+00  -6.5398647e-03   1.0509953e-02  -3.0037978e-05
   1.0743635e-01  -2.6383153e-01  -5.1797534e+00  -9.9176207e-03   1.2361456e-02   1.2090151e-03
   1.3967156e-01  -3.2930363e-01  -5.1167050e+00  -1.9317256e-03   1.2858786e-02   3.9355675e-04
   1.6481126e-01  -3.1939387e-01  -5.2878951e+00  -5.0111559e-03   1.2325651e-02   6.3318985e-05
   1.6130069e-01  -3.0662145e-01  -5.2310962e+00  -3.9489117e-03   1.2400273e-02   9.8205692e-05
   7.7019679e-02  -2.8147548e-01  -5.2084706e+00  -2.5239554e-03   1.5376376e-02  -1.8438846e-05
   9.1313801e-02  -2.9823752e-01  -5.7348367e+00  -4.2078256e-03   1.2400691e-02   3.4544470e-04
   7.0000360e-02  -3.3329290e-01  -5.6453863e+00  -2.8124844e-03   1.5864381e-02   1.1865021e-03
   9.9304723e-02  -3.2664197e-01  -5.5741543e+00  -1.6079592e-03   1.3976098e-02   6.1067347e-04
   1.1919045e-01  -3.1907801e-01  -5.5661493e+00  -2.9475465e-03   1.3646104e-02   4.3158226e-04
   1.3925532e-01  -3.1514803e-01  -5.5447343e+00  -3.4406923e-03   1.3511516e-02   1.6712430e-04
   1.3914744e-01  -3.4610779e-01  -5.4996137e+00  -2.1128132e-03   1.3371434e-02   1.3731389e-04
   1.3128558e-01  -3.0354537e-01  -5.4981907e+00  -2.7405482e-03   1.2953576e-02   2.0935132e-04
   1.4022125e-01  -3.0174406e-01  -5.4403153e+00  -2.3398738e-03   1.3173116e-02   1.6479255e-04
   1.5350364e-01  -3.0732027e-01  -5.4832913e+00  -3.1844768e-03   1.3335942e-02   1.6177008e-04
   9.4848853e-02  -3.0985006e-01  -5.5111880e+00  -3.5104846e-03   1.3727432e-02   1.0780311e-03
   1.2036857e-01  -3.1246121e-01  -5.4516087e+00  -2.0770874e-03   1.3083982e-02   7.3764001e-04
   1.4750627e-01  -3.0478608e-01  -5.5018908e+00  -1.6831393e-03   1.5291659e-02   2.9937251e-04
   7.7237761e-02  -2.8697643e-01  -5.3432815e+00  -1.2422704e-03   1.3870862e-02   1.9503923e-03
   1.0956192e-01  -3.1058945e-01  -5.3306437e+00  -2.1731089e-03   1.3523778e-02   1.4010122e-03
   1.3025325e-01  -3.0770626e-01  -5.3826855e+00  -3.0222084e-03   1.3155996e-02   1.1467482e-03
   1.2647398e-01  -2.6708281e-01  -5.3444941e+00  -4.2767832e-03   1.3642593e-02   1.2537865e-03
   1.2300876e-01  -3.2340130e-01  -5.1790255e+00  -3.4007281e-03   1.5426389e-02   9.3712811e-04
   1.1006329e-01  -3.1688661e-01  -5.2882837e+00  -1.4367717e-03   1.3531241e-02   1.3857215e-03
   1.2129868e-01  -2.9504001e-01  -5.3050676e+00  -1.7069876e-03   1.3659280e-02   1.0936119e-03
   1.1316318e-01  -3.2466728e-01  -5.3418025e+00  -1.0803572e-03   1.2671313e-02   1.4762220e-03
   1.4545059e-01  -2.8944462e-01  -5.4132070e+00  -2.6947984e-03   1.3213176e-02   8.6333781e-04
   8.8204853e-02  -3.3511281e-01  -5.2593836e+00  -7.8035126e-05   1.3355735e-02   1.9021412e-03
   1.4635243e-01  -3.3207043e-01  -5.3980607e+00   3.0457550e-04   1.5414889e-02   1.0176369e-03
   1.4895186e-01  -3.2329978e-01  -5.4072657e+00   4.6077716e-04   1.3870294e-02   1.1651827e-03
   1.1593977e-01  -3.0498983e-01  -5.3940389e+00  -2.7809081e-03   1.4914411e-02   1.0853298e-03
   1.1241036e-01  -2.9874642e-01  -4.9713196e+00  -7.7325883e-05   1.5156861e-02   1.8788152e-03
   1.5192284e-01  -2.7433468e-01  -5.0732301e+00  -5.1637869e-04   1.4855442e-02   9.4128209e-04
   9.9484640e-02  -2.6719527e-01  -5.2963788e+00  -6.2466185e-03   1.9010962e-02   1.4936680e-03
   7.2136015e-02  -2.7368906e-01  -5.1138838e+00  -3.6416659e-03   1.7253335e-02   2.7548387e-03
   1.1792597e-01  -2.9104026e-01  -5.1916286e+00  -1.1224574e-03   1.5215179e-02   1.8976934e-03
   1.2902566e-01  -3.0281622e-01  -5.2597657e+00  -1.9750803e-03   1.4336903e-02   1.8242885e-03
   1.3374644e-01  -3.0035358e-01  -5.2357124e+00  -2.0010708e-03   1.5278838e-02   1.7251736e-03
   1.7820664e-01  -3.0845594e-01  -5.1621103e+00  -1.3472304e-03   1.3770596e-02   7.6980150e-04
   9.5701374e-02  -2.8988409e-01  -4.6615244e+00   1.0504980e-03   1.4456218e-02   2.7198169e-03
   1.4720835e-01  -2.9701002e-01  -4.9533800e+00  -2.3874156e-03   1.3471043e-02   1.5702710e-03
   1.5250408e-01  -2.9617354e-01  -4.9682575e+00  -5.1730215e-03   1.3755171e-02   1.4030031e-03
   1.2807218e-01  -2.9053079e-01  -4.8808114e+00  -2.4501814e-03   1.3957859e-02   1.7924842e-03
   1.2866788e-01  -2.8529793e-01  -4.9978279e+00  -2.8847930e-03   1.5259540e-02   1.0962282e-03
   1.3232605e-01  -2.8703659e-01  -4.8812795e+00  -3.5735590e-03   1.3768562e-02   1.5675496e-03
   1.4972720e-01  -2.8231481e-01  -4.8881063e+00  -4.4098937e-03   1.3204559e-02   1.5003277e-03
   1.4133903e-01  -2.9345399e-01  -4.9476311e+00  -2.2334854e-02   1.3770414e-02  -6.7920579e-04
   1.7955274e-01  -1.9439275e-01  -2.7176862e+00  -2.7482410e-03   6.0222047e-03   2.5158895e-03
   2.2558553e-01  -5.3536291e-02  -3.2945684e+00  -1.8285969e-02   1.7448535e-02   4.1369378e-03
   1.3747793e-01  -1.7566606e-01  -4.8373858e+00  -2.2163833e-02   1.1811536e-02   2.3671339e-03
   1.3419143e-01  -2.4776482e-01  -4.6058727e+00  -1.2084846e-02   1.0622658e-02   2.0300720e-03
   1.3204474e-01  -2.7525427e-01  -4.4780921e+00  -1.1596624e-02   1.1503430e-02   1.8714352e-03
   1.4769535e-01  -2.9799891e-01  -4.4429705e+00  -1.0131813e-02   1.2337863e-02   1.8114260e-03
   1.5752749e-01  -2.6974853e-01  -4.6310372e+00  -8.9663674e-03   8.7759288e-03   2.1343122e-03
   1.7141748e-01  -2.7794069e-01  -4.6606145e+00  -1.1580889e-02   9.7396294e-03   1.3562284e-03
   1.2675808e-01  -2.8685348e-01  -5.2975607e+00  -1.4315180e-02   1.3601518e-02   2.0168842e-03
   1.4096016e-01  -2.7622663e-01  -4.9318592e+00  -1.0334395e-02   1.1701959e-02   1.8624698e-03
   1.4369379e-01  -2.3662249e-01  -4.9413630e+00  -1.1789648e-02   1.1518698e-02   1.8488725e-03
   1.3756413e-01  -2.4208702e-01  -4.8880754e+00  -1.2290979e-02   1.3459648e-02   1.4330140e-03
   9.3731077e-02  -2.8287575e-01  -4.6408609e+00  -9.0293119e-03   1.4747365e-02   2.6504363e-03
   1.2750636e-01  -2.4553082e-01  -4.7175124e+00  -1.2449487e-02   1.3691387e-02   1.9062186e-03
   1.5189551e-01  -2.6275759e-01  -4.8170712e+00  -1.1643827e-02   1.5669583e-02   8.8020899e-04
   1.3508957e-01  -2.3487073e-01  -4.6366264e+00  -1.1902702e-02   1.5834124e-02   9.5422916e-04
   1.4315717e-01  -2.3635175e-01  -4.6779004e+00  -1.2165235e-02   1.5568205e-02   7.8454015e-04
   1.4449589e-01  -2.4547784e-01  -4.7365727e+00  -1.3413400e-02   1.5514158e-02   7.6188102e-04
   1.3344245e-01  -2.1525795e-01  -4.7480865e+00  -1.4945790e-02   1.5288312e-02   1.4722137e-03
   1.1319373e-01  -2.0419923e-01  -4.7835217e+00  -1.6497081e-02   1.4581147e-02   1.7342608e-03
   1.3466322e-01  -2.1482018e-01  -4.7597556e+00  -1.3224226e-02   1.5341925e-02   4.6274400e-04
   1.2049806e-01  -2.5075876e-01  -4.7634894e+00  -1.4949384e-02   1.6986836e-02   8.5855284e-04
   9.4924237e-02  -1.7336312e-01  -4.5566685e+00  -1.1872917e-02   1.4131251e-02   2.3536305e-03
   1.1887823e-01  -1.9466395e-01  -4.6304197e+00  -1.0309256e-02   1.4899811e-02   2.1251529e-03
   1.0455637e-01  -2.1689785e-01  -4.7147948e+00  -7.1293061e-03   1.5582131e-02   1.9088783e-03
   1.2942952e-01  -2.2774002e-01  -4.6582062e+00  -7.9969019e-03   1.5716502e-02   1.4239551e-03
   1.5216448e-01  -2.2928000e-01  -4.7434439e+00  -9.2396018e-03   1.4489771e-02   9.8101555e-04
   1.4363733e-01  -2.5491412e-01  -4.7422078e+00  -9.7003008e-03   1.4928850e-02   1.0947565e-03
   1.5583338e-01  -2.2942859e-01  -4.7605569e+00  -9.6859065e-03   1.5206253e-02   9.7433945e-04
   1.5188935e-01  -2.6047699e-01  -4.7477482e+00  -9.4469375e-03   1.5050720e-02   8.5100140e-04
   9.8913520e-02  -2.3562321e-01  -4.5870386e+00  -6.5979245e-03   1.5562323e-02   1.8445792e-03
   1.1817481e-01  -2.2748802e-01  -4.6353659e+00  -9.0381826e-03   1.5640677e-02   1.5473145e-03
   1.1383845e-01  -2.3922522e-01  -4.6992861e+00  -6.4742032e-03   1.6205016e-02   1.5716249e-03
   1.0505612e-01  -2.2568969e-01  -4.6551251e+00  -9.3181782e-03   1.5566393e-02   1.4957496e-03
   1.2030382e-01  -2.4418558e-01  -4.6907267e+00  -6.1639774e-03   1.3018523e-02   1.4356924e-03
   1.2361967e-01  -1.8140107e-01  -4.7743814e+00  -1.0898459e-02   1.3707458e-02   1.5804008e-03
   1.2764814e-01  -2.4949035e-01  -4.7819820e+00  -7.1681379e-03   1.3208549e-02   1.0250405e-03
   1.2626315e-01  -2.3331300e-01  -4.8741832e+00  -8.4183948e-03   1.3661169e-02   1.0415141e-03
   1.3327229e-01  -2.6684072e-01  -4.9323534e+00  -8.5027948e-03   1.4283288e-02   8.6054425e-04
   1.2559117e-01  -1.7429688e-01  -4.9358366e+00  -6.6685879e-03   1.6512734e-02   1.4358087e-04
   1.2865140e-01  -2.3887202e-01  -4.9893398e+00  -8.4776877e-03   1.4458371e-02   8.1331083e-04
   1.2744242e-01  -2.9411336e-01  -4.9728532e+00  -9.2969665e-03   1.7334889e-02  -7.9321670e-04
   1.0730335e-01  -2.5760360e-01  -4.9023167e+00  -8.0527114e-03   1.5197389e-02   1.0358774e-03
   1.0731136e-01  -2.6785591e-01  -4.9646854e+00  -7.5048013e-03   1.4894594e-02   8.0958841e-04
   1.2162824e-01  -2.5897473e-01  -4.9508955e+00  -8.3657251e-03   1.4168016e-02   9.0238523e-04
   1.3695756e-01  -2.4211411e-01  -4.9871265e+00  -8.7223813e-03   1.4611247e-02   5.5047017e-04
   1.3731266e-01  -2.5959326e-01  -4.9385365e+00  -8.2256025e-03   1.4283717e-02   7.8030896e-04
   1.4553500e-01  -2.5465472e-01  -4.9810035e+00  -8.2325589e-03   1.4066683e-02   6.1968638e-04
   1.3810241e-01  -2.8027985e-01  -4.9090490e+00  -1.3683076e-02   1.5926233e-02   1.1200282e-03
   1.1690360e-01  -2.0599134e-01  -4.7019202e+00  -7.8118367e-03   1.5334560e-02   1.3851580e-03
   1.2030369e-01  -2.4493396e-01  -4.7203727e+00  -4.4244372e-03   1.4623591e-02   1.4841237e-03
   1.4438574e-01  -2.3291842e-01  -5.1463206e+00  -9.8212588e-03   1.2221108e-02   7.5098572e-04
   1.3281261e-01  -2.5577996e-01  -5.0033960e+00  -5.9022676e-03   1.2888465e-02   6.2144912e-04
   1.2221404e-01  -2.4130261e-01  -5.0000064e+00  -6.5899822e-03   1.2361352e-02   8.8355445e-04
   1.0975252e-01  -2.6770097e-01  -4.9326849e+00  -4.6696835e-03   1.2990550e-02   1.1953990e-03
   9.8351220e-02  -2.6826408e-01  -4.9907148e+00  -6.1538039e-03   1.3659699e-02   1.7081343e-03
   1.4172979e-01  -2.5378200e-01  -4.9521499e+00  -6.3345195e-03   1.3129474e-02   7.1043264e-04
   1.4217176e-01  -2.3633193e-01  -5.0494246e+00  -7.5135493e-03   1.3031716e-02   7.3411027e-04
   1.4289395e-01  -2.6305847e-01  -5.0506134e+00  -7.0153515e-03   1.3564295e-02   6.2641278e-04
   1.3891346e-01  -2.1607457e-01  -5.0848308e+00  -1.1486718e-02   1.4983301e-02  -2.0941853e-04
   9.3820195e-02  -2.1492177e-01  -4.9206654e+00  -7.6576845e-03   1.4798397e-02   1.4575557e-03
   8.4034387e-02  -2.6375215e-01  -4.8580669e+00  -1.2281418e-02   1.7922039e-02   1.8679529e-03
   1.7270663e-01  -2.6777067e-01  -4.9615393e+00  -6.2664569e-03   1.1671866e-02   1.1691107e-03
   1.6880355e-01  -2.9683103e-01  -4.9529338e+00  -6.0196101e-03   1.2060506e-02   9.6263110e-04
   1.7988072e-01  -2.3282594e-01  -4.9843283e+00  -4.3034822e-03   1.2761300e-02   2.7280861e-04
   1.3484880e-01  -2.4288651e-01  -4.9290950e+00  -6.4948851e-03   1.5222757e-02   9.0317805e-04
   1.3840755e-01  -2.7409568e-01  -4.9430171e+00  -2.6666499e-03   1.4278430e-02   9.6755880e-04
   1.3089370e-01  -2.8247844e-01  -4.9271415e+00  -9.9753705e-04   1.3596525e-02   1.4504161e-03
   7.2769407e-02  -2.9955011e-01  -4.9306231e+00  -8.2104438e-03   1.6696027e-02   2.7040083e-03
   1.2459284e-01  -2.5102623e-01  -5.1186865e+00  -3.2164357e-03   1.2723970e-02   2.0154445e-03
   1.4720735e-01  -2.7595095e-01  -5.1216886e+00  -7.5624136e-03   1.2895156e-02   1.9112497e-03
   1.3346161e-01  -2.5637323e-01  -5.1426387e+00  -4.2666117e-03   1.3113454e-02   1.7280416e-03
   1.5454356e-01  -2.8020633e-01  -5.1645630e+00  -3.7720441e-03   1.3583092e-02   1.3992814e-03
   1.6349565e-01  -2.6985579e-01  -5.1573628e+00  -6.6200591e-03   1.3174638e-02   1.5675304e-03
   1.1365555e-01  -2.9073697e-01  -4.8803424e+00  -3.7178962e-03   1.5531347e-02   2.1407868e-03
   7.8636929e-02  -2.6834397e-01  -4.7085351e+00  -3.9630246e-03   1.7184584e-02   3.0194932e-03
   1.3361999e-01  -6.0949172e-01  -4.5126186e+00  -2.7529856e-02   1.7425041e-02   2.1440562e-03
   2.0301881e-01  -2.7521865e-01  -4.3224117e+00  -1.8793928e-03   8.2922841e-03   1.4936999e-04
   1.1912804e-01  -2.5978098e-01  -4.7686641e+00  -4.0430076e-03   9.3078815e-03   1.7828494e-03
   1.6257119e-01  -2.3739696e-01  -5.7288195e+00  -1.5493713e-02   1.0767842e-02   1.0629712e-03
   1.6716710e-01  -2.2086602e-01  -5.3880112e+00  -7.7858255e-03   1.0598971e-02   6.3124870e-04
   1.7455278e-01  -2.6017426e-01  -5.3302044e+00  -7.3334548e-03   1.1715391e-02   6.4499767e-04
   1.6008817e-01  -2.7011884e-01  -5.2934464e+00  -7.2816787e-03   1.2673849e-02   9.2860484e-04
   1.4912982e-01  -2.8524796e-01  -5.1828414e+00  -5.9889706e-03   1.2453340e-02   1.1476343e-03
   1.4718917e-01  -2.6652741e-01  -5.2126256e+00  -7.0530996e-03   1.3615579e-02   8.5592750e-04
   1.4486743e-01  -2.7673131e-01  -5.1626969e+00  -7.0559541e-03   1.3628160e-02   7.2787433e-04
   1.5441869e-01  -2.7232427e-01  -5.0888687e+00  -5.7163311e-03   1.4099883e-02   9.6044272e-04
   1.4955446e-01  -2.7043364e-01  -5.0460079e+00  -4.7701170e-03   1.4258596e-02   9.6685384e-04
   1.2579546e-01  -2.5175222e-01  -4.9840694e+00  -5.8819762e-03   1.3968610e-02   1.2362725e-03
   7.5570212e-02  -2.2009063e-01  -4.7039654e+00  -6.9245146e-03   1.5745707e-02   2.6814058e-03
   1.5785408e-01  -2.6177755e-01  -4.6602175e+00  -3.4016272e-03   1.4611590e-02   1.4210024e-03
   1.5485572e-01  -2.5755045e-01  -4.7011383e+00  -3.0118099e-03   1.6305068e-02   1.1762988e-03
   1.3203750e-01  -2.7821789e-01  -4.6339373e+00  -7.6219570e-03   1.8484148e-02   1.3850045e-03
   1.9025113e-01  -2.8513743e-01  -4.8974621e+00  -2.5064985e-03   1.5911009e-02   3.4142713e-04
   1.7211151e-01  -2.1860806e-01  -4.7763136e+00  -1.2931963e-02   1.6504789e-02   6.6713369e-04
   1.7601328e-01  -3.8048371e-01  -2.6448097e+00  -3.4181487e-02   1.2387219e-02   1.7614388e-04
   1.2181316e-01  -4.4826819e-01  -3.1956176e+00  -4.2672769e-03   1.9756178e-02   4.1082557e-03
   2.6216638e-01  -3.9804175e-01  -2.5726669e+00  -1.2927728e-02   1.7844584e-02   4.6219261e-03
   5.5600795e-01  -6.6439597e-01  -1.1538748e+00   3.4553285e-03   2.8679003e-02   2.2438701e-03
   2.2600709e-01  -2.4527706e-01  -3.1189459e+00   5.0213100e-03   4.4913684e-03   2.0144874e-03
   1.9308039e-01  -2.6784908e-01  -3.7449188e+00  -6.4049547e-03   6.2100658e-03   2.2179717e-03
   1.5938879e-01  -2.6017914e-01  -3.6948939e+00  -7.3274602e-03   7.9465966e-03   2.3109251e-03
   1.4082479e-01  -2.4223834e-01  -3.7782619e+00  -8.9200585e-03   7.9658501e-03   2.2055058e-03
   1.2431341e-01  -2.2801889e-01  -3.7762400e+00  -9.6484844e-03   8.9524363e-03   2.1864848e-03
   1.3317496e-01  -2.2637601e-01  -3.7779726e+00  -8.9489161e-03   9.0032451e-03   1.9254711e-03
   1.3968003e-01  -2.3122888e-01  -3.7622915e+00  -9.0035889e-03   9.1088399e-03   1.8405940e-03
   1.4742445e-01  -2.1955109e-01  -3.8098836e+00  -1.0242866e-02   9.1923457e-03   1.7277182e-03
   1.4043697e-01  -2.0842943e-01  -3.7597989e+00  -9.6400266e-03   9.7210581e-03   1.7342685e-03
   1.2464555e-01  -2.0187417e-01  -3.8548409e+00  -1.0441977e-02   9.7820028e-03   1.9842521e-03
   1.3160072e-01  -2.1757251e-01  -3.8577085e+00  -1.0945741e-02   9.9422722e-03   1.9713261e-03
   1.4685989e-01  -2.1381438e-01  -4.0030333e+00  -1.0907439e-02   9.9300383e-03   1.4752042e-03
   1.4187915e-01  -2.0905449e-01  -3.8871295e+00  -9.9810423e-03   9.2406488e-03   1.3219514e-03
   1.3353024e-01  -2.1679498e-01  -3.9309199e+00  -9.2422057e-03   9.0676885e-03   1.5029535e-03
   9.8847736e-02  -2.3130004e-01  -4.1494726e+00  -5.2609305e-03   1.1509523e-02   1.1240625e-03
   1.1543899e-01  -1.7982208e-01  -4.2823175e+00  -1.0447700e-02   1.1151077e-02   9.6792177e-04
   1.2147108e-01  -2.0842235e-01  -4.3809763e+00  -1.0753765e-02   1.1255815e-02   1.3011102e-03
   2.6753295e-01  -2.1272882e-01  -3.9479650e+00  -4.2156765e-03   9.5012838e-03  -1.3064877e-03
   1.3366515e-01  -2.2027953e-01  -4.0960334e+00  -2.3659359e-02   1.2518352e-02   1.1475771e-03
   1.6050608e-01  -3.1241109e-01  -5.6011979e+00  -9.6793954e-03   1.2730934e-02   3.4898521e-03
   1.0634123e-01  -2.4674916e-01  -5.9055988e+00  -1.3143252e-02   9.0690102e-03   2.9454199e-03
   1.2155852e-01  -2.1759207e-01  -5.8094510e+00  -1.4388934e-02   7.9235368e-03   3.0331690e-03
   1.2421218e-01  -2.1818489e-01  -5.6243971e+00  -1.3477060e-02   8.6585845e-03   2.7667260e-03
   1.2419691e-01  -2.3711977e-01  -5.5983012e+00  -1.2157585e-02   9.8893958e-03   2.7579296e-03
   9.8783285e-02  -2.6722380e-01  -5.5810451e+00  -1.2008078e-02   1.0928192e-02   2.7531186e-03
   1.0648927e-01  -2.4355537e-01  -5.5892047e+00  -1.1676069e-02   1.1654450e-02   2.0263760e-03
   1.1538620e-01  -2.2378295e-01  -5.4835308e+00  -1.2152206e-02   1.2853637e-02   2.1122293e-03
   3.5556922e-02  -2.0073775e-01  -5.6211811e+00  -1.1278561e-02   2.2537758e-02   5.1438532e-04
   3.5866185e-03  -3.2369510e-01  -6.6823840e+00  -6.3838321e-03   1.8662008e-02   8.7682567e-04
   2.3580600e-02  -3.3134892e-01  -5.9577053e+00  -2.5165784e-03   1.4154184e-02   2.1608302e-03
   3.5780595e-02  -2.6370277e-01  -6.0832201e+00  -5.4869214e-03   1.4458516e-02   2.0199037e-03
   7.0253768e-02  -2.7831296e-01  -6.1939956e+00  -4.8038355e-03   1.4481259e-02   1.2806504e-03
   8.1515659e-02  -2.8631338e-01  -6.0455439e+00  -6.2305822e-03   1.5008777e-02   1.2983563e-03
   1.0270690e-01  -2.9917630e-01  -6.0295751e+00  -4.6250027e-03   1.3750943e-02   9.5663577e-04
   1.5761697e-01  -3.1472940e-01  -5.8331836e+00  -4.6530061e-03   1.4829939e-02  -6.8325319e-05
   1.1802440e-01  -2.9302877e-01  -5.7571356e+00  -4.2186827e-03   1.6054081e-02   1.0912881e-03
   8.3462276e-02  -3.2961707e-01  -5.6625753e+00  -1.3168046e-03   2.0452268e-02   7.2170487e-04
   7.8518973e-02  -3.7945555e-01  -5.8110583e+00   1.4606812e-03   1.6859495e-02   1.6557241e-03
   8.0466105e-02  -3.3353952e-01  -5.6966186e+00   1.8164078e-04   1.6135002e-02   1.5983322e-03
   9.6142651e-02  -3.4299268e-01  -5.8643515e+00  -5.4522952e-04   1.6312131e-02   1.3527794e-03
   1.1889311e-01  -3.3191659e-01  -5.8274174e+00   5.9394418e-04   1.5359034e-02   1.3034461e-03
   1.2970521e-01  -3.6123650e-01  -5.8155399e+00   8.1305339e-04   1.5682522e-02   1.0724566e-03
   1.4213602e-01  -2.3764865e-01  -5.4249039e+00  -7.0892763e-03   1.5202804e-02   5.3439073e-04
   6.8183439e-02  -3.4507236e-01  -5.4877447e+00  -3.7607603e-03   1.7821453e-02   2.4796334e-03
   1.0298435e-01  -2.9835179e-01  -5.7595155e+00  -1.1452153e-03   1.6048860e-02   2.5921807e-03
   1.0936001e-01  -3.4316254e-01  -5.6904911e+00  -1.3655525e-03   1.5917370e-02   2.3454079e-03
   1.5001671e-01  -2.8707853e-01  -5.7538103e+00  -3.6413148e-03   1.5991898e-02   1.6257451e-03
   1.4775404e-01  -3.1205913e-01  -5.7248679e+00  -1.9547386e-03   1.5829658e-02   1.5576078e-03
   1.7856010e-01  -3.0919449e-01  -5.6416493e+00  -2.9219516e-03   1.5211241e-02   1.3190908e-03
   1.6566614e-01  -3.1128729e-01  -5.6600285e+00  -2.0585815e-03   1.5266976e-02   1.3355079e-03
   1.7361195e-01  -3.1907920e-01  -5.6843400e+00  -2.8190707e-03   1.4946139e-02   1.4571204e-03
   1.4351869e-01  -3.0996630e-01  -5.8693621e+00  -6.4704184e-03   1.7030051e-02   1.3032781e-03
   1.2547143e-01  -3.0292400e-01  -5.7364811e+00  -2.9260978e-03   1.6848767e-02   1.0196863e-03
   7.4497218e-02  -2.6570070e-01  -5.6638569e+00  -2.3910594e-03   1.9356680e-02   1.4742273e-03
   7.0129059e-02  -3.2672439e-01  -5.7230902e+00  -2.1333055e-03   1.7556439e-02   2.1728106e-03
   8.8517520e-02  -3.5117708e-01  -5.4281465e+00  -4.8339747e-03   2.1723754e-02   2.2151651e-03
   9.1675071e-02  -2.8933235e-01  -5.6392980e+00  -9.0645662e-04   1.4895664e-02   2.3321917e-03
   1.4597148e-01  -3.1637272e-01  -5.8724720e+00  -1.1236547e-03   1.3353492e-02   1.7131428e-03
   1.0730409e-01  -3.3481683e-01  -6.0394151e+00  -2.5543182e-03   1.5182340e-02   1.7175649e-03
   1.2484176e-01  -2.9744832e-01  -5.9456741e+00  -1.9375393e-03   1.5253806e-02   1.3522264e-03
   1.2565203e-01  -3.2172438e-01  -5.9728306e+00  -4.2237473e-03   1.5878099e-02   1.1670102e-03
   9.6385154e-02  -3.0933530e-01  -6.0447484e+00  -4.3692863e-03   1.6990155e-02   1.3972849e-03
   1.2043103e-01  -3.1085882e-01  -5.7233469e+00  -4.0893988e-05   1.6455077e-02   1.6760593e-03
   1.3673816e-01  -3.1730442e-01  -5.7896562e+00  -2.6862584e-03   1.5799336e-02   1.3997158e-03
   1.2527650e-01  -3.0711974e-01  -5.7683502e+00  -1.4995112e-03   1.5937989e-02   1.2063599e-03
   1.3932276e-01  -2.6784727e-01  -5.5340857e+00  -8.8273608e-03   1.7508584e-02   2.6977271e-03
   1.3015567e-01  -3.4233515e-01  -5.3025430e+00   3.6750489e-03   1.7448884e-02   2.6929961e-03
   2.9115676e-01  -2.9949245e-01  -4.6499340e+00  -1.2082350e-02   1.6995887e-02  -7.8618098e-04
   1.3559377e-01  -3.0044568e-01  -4.3090828e+00   6.3882911e-03   1.3297179e-02   3.3809098e-03
   1.2163284e-01  -2.1384552e-01  -5.1962902e+00  -3.0473117e-03   1.0256992e-02   2.9661627e-03
   3.9305841e-01  -2.3540197e-01  -3.2816427e+00  -6.2304243e-02   1.4794228e-02  -2.0960817e-03
   9.2493848e-02  -3.3885420e-01  -3.1069951e+00   2.9475455e-02   7.2836677e-04   1.2247629e-03
   3.8513460e-02  -2.5121819e-01  -4.7376292e+00  -2.1750843e-02   7.6182500e-03   3.1596642e-03
   4.4424510e-01  -1.8003129e-01  -2.7299849e+00  -1.6886482e-02   1.5264252e-02   1.5901085e-03
   9.0092298e-02  -2.1440234e-01  -3.1810004e+00  -5.1409105e-03   2.3463829e-02   5.6305438e-03
   1.1773435e-01  -2.2431302e-01  -3.3458622e+00  -7.8636633e-03   1.9297033e-02   4.8024213e-03
   1.4371387e-01  -2.3644734e-01  -3.3070793e+00  -8.1722077e-03   1.9964303e-02   4.0734105e-03
   1.3387515e-01  -2.5842450e-01  -3.0641869e+00  -5.7841253e-03   2.1367947e-02   3.9117589e-03
   1.4134456e-01  -2.0682863e-01  -3.3050418e+00  -9.7189950e-03   2.1897921e-02   3.6480517e-03
   2.5726502e-01  -5.4727376e-01  -2.2005053e+00  -3.3280570e-02   2.6127957e-02   4.2108802e-03
   3.0727992e-01  -2.6227141e-01  -2.1954470e+00  -4.2193717e-03   3.1053949e-02   7.4039033e-04
   1.7033440e-01  -2.4144682e-01  -4.7256758e+00  -1.2787414e-02   1.3511791e-02   1.6568550e-03
   1.8439484e-01  -2.4099471e-01  -4.6644959e+00  -1.4491836e-02   1.3517099e-02   1.2670875e-03
   1.5689654e-01  -2.5890054e-01  -4.5606590e+00  -1.3971099e-02   1.4708715e-02   1.3002148e-03
   1.5074241e-01  -2.3742894e-01  -4.5882675e+00  -1.4402732e-02   1.6435493e-02   1.0209518e-03
   1.5355938e-01  -1.7968235e-01  -4.5365894e+00  -1.8306085e-02   1.6137037e-02   1.1979478e-03
   2.0595293e-01  -3.2438346e-01  -4.0665075e+00  -1.6979672e-03   1.0915172e-02   9.4518252e-04
   1.6219581e-01  -2.5060546e-01  -4.4646482e+00  -1.0536466e-02   1.1509245e-02   1.9182438e-03
   1.2403009e-01  -2.3804337e-01  -4.9933315e+00  -2.7005825e-02   1.7203679e-02   1.1863135e-03
   1.3531237e-01  -1.8104342e-01  -4.8619678e+00  -2.4149263e-02   2.0100056e-02   1.5657948e-03
   1.3673773e-01  -5.6452264e-01  -2.0794638e+00  -2.6373356e-02   7.9056880e-03   1.7719307e-03
   3.8905487e-01  -1.7523350e-01  -2.7952958e+00  -2.5081799e-03   1.5935340e-02   3.3155834e-03
   1.6735024e-01  -2.1496641e-01  -5.8040154e+00  -1.3816313e-02   1.4422135e-02   5.4011262e-03
   1.6430856e-01  -4.4371040e-01  -7.2074062e+00  -8.0735229e-03   1.3668196e-02   1.7609533e-03
   1.5911693e-01  -4.2629668e-01  -7.1977572e+00  -8.2236192e-03   1.3051467e-02   1.8851194e-03
   1.6374715e-01  -4.6543643e-01  -7.0682026e+00  -6.3334518e-03   1.3362838e-02   1.6440790e-03
   1.5199372e-01  -4.6226934e-01  -7.0074693e+00  -6.0633640e-03   1.4203330e-02   1.8748850e-03
   1.5251519e-01  -4.5572287e-01  -6.9523342e+00  -5.2483724e-03   1.4131945e-02   1.9639824e-03
   1.7493588e-01  -5.5875773e-01  -6.6191110e+00  -4.9767777e-02   1.7899420e-02   1.9393020e-03
   2.4138392e-01  -4.7255644e-01  -5.1108939e+00   1.1429715e-02   1.3409818e-02   1.7728201e-03
   1.7144158e-01  -4.2191295e-01  -5.8715515e+00  -3.2359426e-03   1.5101736e-02   2.5201981e-03
   1.7722525e-01  -3.7967098e-01  -5.9754492e+00  -5.8338727e-03   1.6144233e-02   2.3244953e-03
   1.5965059e-01  -3.7458448e-01  -6.0122984e+00  -1.5821920e-03   1.4627957e-02   2.6423800e-03
   2.3709270e-01  -1.8545436e-01  -3.3189361e+00  -1.9266188e-02   1.7317588e-02   2.3586797e-03
   1.9568416e-01  -2.1547587e-01  -3.1209360e+00   7.7787100e-03   1.0317430e-02   1.9080130e-03
   2.4025943e-01  -3.6950784e-01  -5.0226120e+00   9.7404502e-03   9.1800811e-03   2.1984325e-03
   2.3025592e-01  -3.4407342e-01  -5.7610651e+00  -5.2794132e-03   8.6044333e-03   1.7211048e-03
   2.1140426e-01  -3.6290765e-01  -5.7583901e+00  -4.9427330e-03   9.8724352e-03   1.7223514e-03
   1.7602930e-01  -3.7478792e-01  -5.6964062e+00  -6.0154993e-03   1.2349886e-02   1.9346185e-03
   1.8984113e-01  -3.5673488e-01  -5.4198606e+00  -1.2067572e-02   1.5129907e-02   1.9766898e-03
   4.2276941e-01  -4.1983867e-01  -3.4395071e+00  -5.1622028e-02   1.4828345e-02   2.7898832e-03
   2.5008502e-01  -6.3158752e-01  -3.7939913e+00  -4.4893734e-02   2.0962356e-03   6.1400345e-03
   2.6587327e-01  -3.1946840e-01  -5.8578786e+00  -9.7175444e-03  -2.2394011e-03   1.7663379e-03
   2.2533692e-01  -3.1033411e-01  -5.8227588e+00  -8.6574684e-03   8.3536386e-05   1.8120924e-03
   2.1170655e-01  -3.4130527e-01  -5.6031892e+00  -1.2218258e-02   2.7831598e-03   1.7853801e-03
   2.4015723e-01  -4.2371557e-01  -5.3723675e+00   2.7857861e-03   3.4067135e-03   1.8069063e-03
   2.9367361e-01  -6.2004301e-01  -5.4536852e+00  -1.7798235e-02   4.3432189e-03  -2.4679791e-03
   7.1301270e-02  -3.5732071e-01  -5.6405739e+00   6.7103146e-03   9.2500788e-03   3.2873645e-03
   1.7035231e-01  -5.9410512e-01  -5.4860909e+00  -2.6279558e-02   7.7503869e-03   9.7417029e-04
   4.2603934e-01  -5.5652585e-01  -3.1917160e+00   7.4417760e-02   7.3780233e-04  -7.1974942e-04
   1.1821240e-01  -5.1759428e-01  -7.4136750e+00  -6.2943292e-03   6.6293590e-03   3.5802671e-03
   1.0535177e-01  -4.0811521e-01  -7.1448752e+00  -1.8101894e-02   9.7459755e-03   3.2657506e-03
   2.0412469e-01  -4.1262478e-01  -6.2329133e+00  -3.0327775e-02   1.2885173e-02   1.5823394e-03
   2.0397963e-01  -3.9002630e-01  -6.0341126e+00  -4.3062504e-03   1.0030945e-02   1.2007380e-03
   2.0480592e-01  -4.6109856e-01  -5.5138357e+00  -8.2306723e-04   1.0743643e-02   9.1792473e-04
   2.4898884e-01  -3.1938360e-01  -4.8862997e+00  -5.8148670e-03   6.6139600e-03  -1.6084410e-03
   2.6236817e-01  -6.3196120e-01  -4.5163581e+00   3.9207718e-02   2.2028778e-02   1.0558699e-03
   1.7248826e-03  -4.3592573e-01  -7.5195983e+00  -1.1708879e-02   2.5889390e-02   5.8126530e-03
   3.3011442e-02  -3.1543390e-01  -7.1380832e+00  -1.2378456e-02   2.4521526e-02   4.6757130e-03
   7.4891922e-02  -3.4590536e-01  -6.5153045e+00  -8.4158251e-03   2.3800597e-02   3.9008162e-03
   2.2665449e-01  -5.7412351e-01  -6.5148029e+00  -2.7657381e-02   2.3706437e-02   1.3442136e-03
   1.5709895e-01  -1.0728054e+00  -5.8448511e+00  -1.7383906e-02   2.8143236e-02   4.9331652e-03
   2.0918682e-01  -4.4777856e-01  -6.5937053e+00  -2.2336683e-03   7.4860085e-03   2.4697637e-03
   2.0140474e-01  -3.6051372e-01  -6.7072529e+00  -5.7251513e-03   9.0654305e-03   2.1690625e-03
   1.6690000e-01  -3.7243286e-01  -6.7023094e+00  -8.0448139e-03   1.0994529e-02   2.2028746e-03
   1.5790919e-01  -3.2077705e-01  -6.4427804e+00  -1.2430095e-02   1.2989492e-02   2.0553069e-03
  -3.4847746e-02  -2.3425471e-01  -3.8049206e+00   5.2237674e-03   7.5920783e-03   2.5058017e-03
   2.1404922e-01  -2.5121115e-01  -4.5042628e+00  -1.2450435e-02   5.7229688e-03   1.3487005e-03
   3.7038318e-01  -3.3048653e-01  -5.1711325e+00  -1.5162201e-02  -2.1437656e-04   7.5917180e-05
   1.0727811e-01  -3.5260035e-01  -5.1166760e+00   1.3986247e-02   1.4816106e-02   2.5241835e-03
   2.2617057e-01  -3.8628000e-01  -5.7486477e+00  -4.2518205e-03   1.0603880e-02   3.5480658e-04
   2.0901466e-01  -4.0582695e-01  -5.1246061e+00  -2.0753615e-02   6.8174554e-03  -1.7164963e-03
   1.3984591e-01  -3.3504010e-01  -5.5549170e+00  -7.9157059e-03   1.2226981e-02   1.1695702e-03
   2.5388276e-01  -3.5532884e-01  -5.3543014e+00   3.0018756e-04   1.7487853e-03   5.1430212e-04
   2.0107909e-01  -2.9447500e-01  -5.5026710e+00  -1.5908816e-03   1.4634781e-02  -1.3197923e-04
   2.0569155e-01  -3.8341215e-01  -5.8824357e+00  -1.0506063e-02   1.1159646e-02   9.1366385e-04
   2.9783408e-01  -1.3678765e-02  -3.3853182e+00   6.6545647e-03   4.4336791e-03  -4.3626192e-03
   3.0013689e-01  -1.0232808e-01  -3.6410463e+00  -2.9440834e-02   1.3135267e-02   3.8314573e-04
   2.2015594e-01  -1.8995335e-01  -4.6925574e+00  -1.3407711e-02   2.9119819e-03   2.1525413e-03
   3.1502701e-01  -4.0749519e-01  -6.0699368e+00  -1.3368522e-03  -1.9425911e-05  -4.4874626e-04
   3.0066543e-01  -4.1990162e-01  -5.4692411e+00   6.2981720e-03   2.4723907e-03  -8.8492488e-04
   2.3326187e-01  -2.4483411e-01  -5.4626221e+00  -6.4481163e-03  -8.2685300e-06  -5.2469158e-04
   2.4556950e-01  -3.0055275e-01  -5.2619783e+00  -3.8955242e-03   2.9942976e-03  -9.0912239e-05
   2.0073175e-01  -2.5918435e-01  -5.3921064e+00  -6.9734274e-03   2.7392126e-03   6.9076628e-04
   2.6883221e-01  -3.0345514e-01  -5.7921217e+00  -1.6425682e-02  -6.7572296e-04  -1.8273291e-04
  -1.0725357e-01  -2.4123837e-01  -2.4220834e+00   3.0267743e-02   1.2370101e-02   5.0572511e-03
   9.5766153e-02  -1.1974231e+00  -3.6834241e+00   2.4318796e-02   1.1819916e-02   2.4553156e-03
   1.8156964e-01  -5.1986548e-01  -7.8721769e+00  -3.3737921e-03   1.0071051e-02   5.2173283e-04
   1.3654252e-01  -5.1825465e-01  -7.3530359e+00   4.4003387e-03   9.7960265e-03   1.0714655e-03
   1.2721441e-01  -5.2579116e-01  -7.2079272e+00   4.3611111e-03   9.7014122e-03   1.1671966e-03
   1.8712407e-01  -5.5934638e-01  -6.7629796e+00   4.4607343e-03   7.9213741e-03   2.5837001e-04
   1.6712846e-01  -5.7618206e-01  -6.8606547e+00  -2.6961603e-02   1.0457824e-02   5.2973941e-04
   1.2274606e-01  -5.7780629e-01  -4.5674640e+00   2.0084562e-02   8.5587017e-03   2.3764526e-03
   1.7786908e-01  -4.4105807e-01  -5.7484698e+00   9.5149279e-03   6.1644963e-03   8.0609077e-04
   1.6382937e-01  -4.4802440e-01  -5.8038388e+00   6.7673377e-03   6.1381664e-03   8.7044301e-04
   1.6959363e-01  -4.3780539e-01  -5.8226008e+00   5.3888021e-03   7.2059929e-03   4.3358654e-04
   1.6284414e-01  -4.3250454e-01  -5.7680302e+00   6.3241027e-03   7.9595950e-03   6.0188345e-04
   1.4440160e-01  -3.9425411e-01  -5.8557340e+00   4.7743765e-03   9.9144910e-03   5.6168021e-04
   1.7871214e-01  -6.9930122e-01  -5.3868977e+00  -2.6348314e-02   8.9229215e-03  -2.1815846e-03
   1.8568881e-01  -4.1943404e-01  -4.6118053e+00  -4.5631301e-03   4.3442010e-03   1.4121153e-03
   3.9989989e-01  -1.0030397e-01  -3.6053299e+00   1.2302888e-02  -8.8195973e-03  -6.2957297e-03
   4.2072853e-02  -6.6232719e-01  -7.7096717e+00  -1.4368982e-02   1.0527562e-03   8.2393386e-04
   1.1744027e-01  -4.6753588e-01  -6.7102330e+00   3.2729311e-03   4.9725917e-03  -2.0667822e-04
   2.1052047e-01  -4.0413697e-01  -6.9143313e+00   1.3936973e-02  -3.2954662e-03  -6.0257476e-04
   1.8018724e-01  -4.8345845e-01  -6.8507900e+00   1.8091122e-02   7.7852115e-03  -4.2865784e-05
   1.6701571e-01  -5.7810287e-01  -7.0406702e+00   1.2212169e-02   9.5378790e-03  -4.0852788e-04
   2.4154191e-01  -5.5243509e-01  -6.8794080e+00   1.1099108e-02   4.0617122e-03  -1.3030900e-03
   2.1553614e-01  -5.4590064e-01  -6.8163507e+00   7.2482630e-03   6.2562617e-03  -8.0725716e-04
   7.5193606e-02  -5.3260925e-01  -7.1340073e+00   1.2948083e-02   1.2802305e-02   7.0848153e-04
   2.3722218e-01  -1.5471671e-01  -5.8957115e+00   3.0469429e-03  -2.3820141e-05  -4.2781637e-03
   1.2593053e-01  -5.4612701e-01  -6.2440393e+00  -6.1281405e-03   5.2097955e-03  -1.8663863e-03
   2.7693551e-01  -3.0611459e-01  -6.2477310e+00  -3.1230042e-02  -4.7088799e-03  -6.0085363e-03
   4.9549164e-01  -5.0486611e-01  -5.1074684e+00   2.0709432e-02  -1.3701550e-02  -7.2775788e-03
   1.8385739e-01  -5.2004264e-01  -5.9649083e+00   1.1154664e-02  -1.8802621e-03  -1.4477886e-03
   1.8409986e-01  -4.7237726e-01  -5.9307039e+00   9.2631635e-03  -9.4815753e-04  -1.0650652e-03
   1.8134046e-01  -4.8407924e-01  -5.8727392e+00   8.4187449e-03  -9.6593448e-04  -1.2220710e-03
   1.7047282e-01  -4.7612028e-01  -5.9014827e+00   8.6827659e-03   3.7692047e-05  -1.2763209e-03
   1.6230101e-01  -4.5366285e-01  -5.8649326e+00   8.7995330e-03   1.5586893e-03  -1.6912702e-03
   1.4101489e-01  -4.6091992e-01  -5.9311636e+00   7.1427500e-03   5.7092655e-04  -1.1884733e-03
   1.3695209e-01  -4.7182368e-01  -5.9310316e+00   6.4179050e-03   1.0021594e-03  -1.0976806e-03
   1.1910713e-01  -4.4926152e-01  -5.9372713e+00   6.5807383e-03   2.1586402e-03  -9.6669755e-04
   3.8787245e-02  -3.4990185e-01  -5.8929622e+00  -8.2897695e-03   1.3992310e-02  -2.0638380e-03
   1.3425236e-01  -5.3292239e-01  -4.5591982e+00   1.6165294e-02   3.3838446e-03   1.7890046e-03
   2.6587801e-01   1.0521298e-01  -4.4800473e+00  -4.0225828e-02   1.7649667e-02   4.8038090e-03
  -2.1812969e-02  -4.2069013e-01  -3.3707764e+00   5.0853301e-02   2.4924862e-02   6.4895525e-03
   7.2245084e-02  -4.4632085e-01  -7.8283147e+00  -7.3286783e-03   9.8602642e-03   3.8779614e-03
   6.8343702e-02  -4.6911421e-01  -7.1585327e+00  -4.1294605e-03   1.1999130e-02   3.0601577e-03
   7.3741659e-02  -5.0872100e-01  -6.9588050e+00  -3.6756606e-03   1.3693288e-02   2.7255487e-03
   7.2412999e-02  -4.5324713e-01  -6.6982166e+00  -7.1188523e-03   1.4311935e-02   2.5946342e-03
   6.2180208e-02  -4.6140234e-01  -6.4760967e+00  -1.9173189e-03   1.5074415e-02   2.6336803e-03
   5.0204961e-02  -4.7354173e-01  -6.4553143e+00  -2.2668332e-03   1.6447504e-02   2.4265842e-03
   3.3082113e-02  -4.6245090e-01  -6.3906197e+00  -1.9529159e-03   1.7148355e-02   2.3823518e-03
   4.1816771e-02  -4.4462572e-01  -6.3894235e+00  -2.9288245e-03   1.7533081e-02   2.4378402e-03
   5.6482584e-03  -4.1920585e-01  -6.1087383e+00  -4.6682349e-03   1.7650617e-02   3.0194082e-03
   1.6838900e-01  -4.2293054e-01  -6.2354136e+00   3.7989712e-03   1.3564896e-02   2.8458774e-03
  -3.0223832e-02  -1.0391384e+00  -5.3556558e+00  -1.9499883e-02   2.5142319e-02   5.9376337e-03
   1.9970033e-01  -4.4411223e-01  -4.1163107e+00  -4.0862763e-02   1.7963645e-02   5.6496744e-03
   2.2867888e-01  -3.6293835e-01  -5.1931060e+00   5.5343543e-04   1.7541957e-03   2.7585613e-04
   1.6747749e-01  -4.3252749e-01  -5.5851413e+00  -4.7779900e-03   7.6821795e-03   1.4508482e-03
   1.6113128e-01  -4.5135658e-01  -5.4284473e+00  -7.3086926e-04   7.1952247e-03   1.4033924e-03
   1.5010316e-01  -4.2878805e-01  -5.4181996e+00  -1.6852840e-03   7.9703729e-03   1.5415224e-03
   1.5993569e-01  -4.2231642e-01  -5.3808264e+00  -1.9068520e-03   9.6601011e-03   9.5900746e-04
   1.2561006e-01  -4.4522683e-01  -5.3612453e+00   8.8059757e-05   8.8954861e-03   1.8404251e-03
   1.3236117e-01  -4.2617689e-01  -5.0756985e+00  -3.2444889e-04   8.5306341e-03   2.1642474e-03
   1.5550818e-01  -4.1772591e-01  -5.1743493e+00   4.4151802e-04   9.4923692e-03   1.6629033e-03
   1.3687479e-01  -4.1490968e-01  -5.1985885e+00  -1.6676578e-03   9.8541191e-03   1.5583992e-03
   1.6010873e-01  -4.0300205e-01  -5.2575923e+00  -1.5245652e-03   1.0108295e-02   1.2561716e-03
   1.6777771e-01  -4.4151886e-01  -5.2496521e+00  -6.8277841e-04   1.0869084e-02   1.2142508e-03
   1.3607675e-01  -3.7327661e-01  -5.2663442e+00  -3.5516643e-03   1.1900227e-02   1.3834751e-03
   1.1444546e-01  -4.0554425e-01  -5.2093895e+00   1.9227415e-04   1.1668128e-02   1.7873986e-03
   1.4255387e-01  -3.8652159e-01  -5.3194394e+00  -3.0197397e-03   1.1301658e-02   1.1107958e-03
   1.4089683e-01  -3.7856618e-01  -5.3343180e+00  -7.5756231e-04   1.0688473e-02   1.0097912e-03
   1.4720837e-01  -3.7781451e-01  -5.2871900e+00  -3.0157382e-03   1.0517293e-02   7.9074088e-04
   1.2688494e-01  -3.9616422e-01  -5.3871635e+00  -2.3315477e-03   1.1358656e-02   1.2140073e-03
   1.5299455e-01  -2.4443144e-01  -3.4203761e+00  -3.2108644e-03   1.7018168e-02  -2.3208633e-04
  -3.7836061e-02  -3.9960011e-01  -6.2800402e+00  -5.8878802e-03   2.0836919e-02   3.4653098e-03
   3.2802059e-02  -4.3579954e-01  -6.4109848e+00  -6.3913085e-03   1.8044527e-02   2.4786688e-03
   3.9911946e-02  -4.2219577e-01  -6.3186950e+00  -6.7336530e-03   1.8372399e-02   2.1750367e-03
   5.5826154e-02  -4.2948050e-01  -6.3168973e+00  -6.3001826e-03   1.7730497e-02   1.6977187e-03
   5.2278628e-02  -4.3235011e-01  -6.3569657e+00  -6.8367377e-03   1.7621140e-02   2.1016672e-03
   4.1684673e-02  -4.0572500e-01  -6.3637963e+00  -7.1391099e-03   1.8601167e-02   1.9086186e-03
   4.6975991e-02  -4.1959712e-01  -6.3133423e+00  -5.5202506e-03   1.7778405e-02   2.1272130e-03
   3.8369714e-02  -4.1082549e-01  -6.2675482e+00  -5.6696716e-03   1.9038536e-02   1.9995002e-03
   3.5740473e-02  -4.2589815e-01  -6.2713701e+00  -5.1521016e-03   1.8382050e-02   1.9965275e-03
   4.6201896e-02  -4.1288333e-01  -6.2838957e+00  -5.5985996e-03   1.8925164e-02   1.8375421e-03
   4.3251472e-02  -4.3552361e-01  -6.2714165e+00  -3.8378836e-03   1.8480146e-02   1.5860182e-03
   5.1387664e-02  -4.4331835e-01  -6.2783495e+00  -4.1523038e-03   1.8059920e-02   1.6551684e-03
   4.0822052e-02  -4.2354048e-01  -6.3013408e+00  -5.1603173e-03   1.8851485e-02   1.6174725e-03
   4.1195592e-02  -4.0741280e-01  -6.3272120e+00  -4.6464285e-03   1.9052238e-02   1.5263896e-03
   3.3847583e-02  -4.1292867e-01  -6.3157277e+00  -4.6082863e-03   1.9473938e-02   1.6602232e-03
  -3.2087388e-02  -4.1557761e-01  -5.7408895e+00  -6.8354109e-03   2.5277913e-02   4.2536865e-03
  -5.5449756e-02  -4.1259193e-01  -6.4771063e+00  -5.3495927e-03   2.1174833e-02   5.6515180e-03
   6.4092815e-02  -3.8017616e-01  -6.5174206e+00  -4.4524869e-03   1.7069710e-02   2.9452621e-03
   8.5182740e-02  -4.3999854e-01  -6.4705860e+00  -3.8106195e-03   1.8129429e-02   2.3165977e-03
   7.0168503e-02  -1.0873289e-01  -6.3456942e+00  -9.2506413e-03   2.1555782e-02  -1.5144739e-03
  -1.8143221e-02  -3.2950137e-01  -7.0848109e+00  -8.9959258e-03   1.9945962e-02   9.4174974e-04
  -6.2326936e-02  -3.1596647e-01  -6.7951871e+00  -5.0293335e-03   2.1746137e-02   1.3554480e-03
   2.9750917e-02  -3.9660811e-01  -6.8144896e+00  -1.5999121e-03   1.6457351e-02   1.2400864e-03
   2.4736130e-02  -3.8667379e-01  -6.8081369e+00  -2.9264599e-03   1.6334356e-02   1.7067252e-03
   2.6986113e-02  -4.3095635e-01  -6.7036631e+00  -5.9767165e-05   1.6195913e-02   1.4977716e-03
   3.5537270e-02  -4.1583038e-01  -6.6332350e+00   7.0376276e-04   1.5995293e-02   1.8223461e-03
   4.7726906e-02  -4.2553201e-01  -6.6649519e+00   1.7502296e-03   1.6518019e-02   1.5344372e-03
   2.9774288e-02  -4.3223041e-01  -6.6948536e+00   8.3957414e-04   1.6643427e-02   1.9215720e-03
   3.3116594e-02  -4.3665775e-01  -6.6947292e+00   2.3544889e-04   1.6563779e-02   1.7701298e-03
   2.1359159e-02  -4.1627248e-01  -6.6762276e+00   7.7838008e-04   1.6539017e-02   2.0082241e-03
  -6.7240488e-02  -5.4840378e-01  -7.2644282e+00   3.1930223e-02   2.4718278e-02  -9.4441008e-04
  -1.8442263e-01  -8.5680150e-01  -1.0758331e+01   2.9129172e-02   2.4770375e-02   8.6509514e-04
   1.6107840e-01   8.8588239e-02  -7.9400523e+00  -6.4210767e-02   2.4884043e-02   5.1900354e-03
   2.3849756e-01  -5.1165310e-01  -5.3133044e+00  -5.9016176e-03   7.4905149e-03   1.5910595e-03
   3.1661252e-01  -4.8810710e-01  -6.2883777e+00   2.0883649e-02  -2.2110341e-03  -1.7427020e-03
   1.5571385e-01  -4.7977437e-01  -6.6868003e+00   5.2559374e-03  -6.2874117e-04   9.8477976e-04
   1.5051742e-01  -4.5742029e-01  -6.6201807e+00   4.9862414e-03   4.3684990e-04   8.0226304e-04
   1.6281379e-01  -4.8515072e-01  -6.6221143e+00   4.8833625e-03  -1.5756073e-04   3.9606217e-04
   1.5125391e-01  -5.2942103e-01  -6.4533757e+00   1.5579169e-02   2.6135680e-03   6.0569457e-04
   6.5021212e-02  -4.0029749e-01  -7.0725164e+00   1.0554066e-02   1.0880394e-02   2.7346872e-03
   2.7262859e-01  -3.1229048e-01  -5.8022780e+00   7.8818620e-03   4.3934254e-03  -2.7019022e-03
   1.4586001e-01  -4.6425028e-01  -6.5302422e+00   7.9031912e-03  -1.2256327e-03  -2.9974972e-04
   1.4144574e-01  -4.7859652e-01  -6.5560692e+00   7.6662285e-03  -7.4167935e-04  -2.7423654e-04
   1.3246876e-01  -4.4025103e-01  -6.4936989e+00   5.3184014e-03  -5.4909241e-04   8.2877071e-05
   1.3095522e-01  -4.3629905e-01  -6.4321185e+00   5.6547000e-03   1.4418853e-03  -2.0194578e-04
   1.3312301e-01  -4.1488189e-01  -6.4684296e+00   3.6479141e-03   1.3651274e-03  -6.5876494e-05
   1.2099499e-01  -4.1711304e-01  -6.4411035e+00   2.9462419e-03   2.1188311e-03   1.0861702e-04
   1.2209692e-01  -5.3725567e-01  -6.3822938e+00   4.5965269e-02   4.1911658e-03  -4.8995395e-04
  -5.0274140e-03  -3.3094657e-01  -6.7866813e+00  -3.6256691e-02   2.1153906e-02   3.9425636e-03
   2.8773960e-01  -2.6677008e-01  -3.5418919e+00   4.5057351e-02   1.0880319e-02   1.3007196e-03
   5.9588050e-02  -3.9100139e-01  -7.0354034e+00  -1.2686636e-03   1.3190656e-02   4.2324346e-03
   9.4418383e-02  -3.9171323e-01  -6.8724676e+00  -1.0599762e-03   1.2116895e-02   3.2797019e-03
   1.0304783e-01  -4.1620858e-01  -6.7430571e+00  -6.6098412e-04   1.2787398e-02   2.6857423e-03
   8.7532735e-02  -4.4071205e-01  -6.7325685e+00  -5.6448740e-04   1.4579641e-02   3.0705246e-03
   8.5984881e-02  -3.9433968e-01  -6.6569776e+00  -1.7587555e-03   1.3794202e-02   3.1947060e-03
   1.0243408e-01  -3.8639129e-01  -6.5794116e+00  -2.1550449e-03   1.4232708e-02   2.6891074e-03
   1.0186113e-01  -3.9749417e-01  -6.5838320e+00  -2.0796388e-03   1.4324270e-02   2.7857431e-03
   8.0317583e-02  -3.8788829e-01  -6.5930389e+00  -2.6146533e-03   1.5656033e-02   2.9007245e-03
   9.2110893e-02  -3.9532834e-01  -6.6032037e+00  -2.8582207e-03   1.5670385e-02   2.7384123e-03
   5.6310718e-02  -3.3689858e-01  -6.5728682e+00  -3.9092175e-03   1.5881755e-02   2.9455286e-03
   7.8393279e-02  -3.8238307e-01  -6.4787631e+00   4.8694876e-04   1.5714474e-02   2.8854275e-03
   1.4297057e-01  -5.3700270e-01  -6.5925408e+00   6.4859805e-03   1.7052671e-02   2.4045729e-03
   1.1209485e-01  -5.0265616e-01  -6.0943853e+00   1.0012652e-02   1.7462115e-02   2.5537437e-03
   9.8454906e-02  -5.0728979e-01  -6.0001035e+00   1.1336049e-02   1.5472439e-02   2.8420518e-03
   1.3362067e-01  -5.1752983e-01  -5.9613318e+00   1.0542088e-02   1.5818882e-02   1.8397997e-03
   1.5756635e-01  -5.4087978e-01  -5.9283687e+00   1.1330579e-02   1.5191504e-02   1.0346453e-03
   1.5919225e-01  -5.6477579e-01  -5.9155155e+00   1.3241408e-02   1.6804644e-02   1.0377720e-03
   1.6161437e-01  -5.5451621e-01  -6.3715057e+00   3.1075798e-02   1.0610712e-02   1.2991636e-03
   7.8073245e-02  -5.6666276e-01  -7.3817237e+00   1.5753530e-02   1.4344531e-02   4.4884133e-04
   6.7238755e-02  -5.6728674e-01  -7.0857116e+00   1.6547713e-02   1.6114334e-02   1.4283466e-03
   8.3779388e-02  -5.6092514e-01  -7.0092017e+00   1.6722459e-02   1.5942768e-02   1.2941911e-03
   8.0893795e-02  -5.2843913e-01  -7.0366432e+00   1.4547683e-02   1.5925548e-02   1.2454944e-03
   8.3536896e-02  -5.4367759e-01  -7.0210336e+00   1.3553219e-02   1.5872878e-02   1.2117094e-03
   6.4367351e-02  -5.1479524e-01  -7.0113187e+00   1.3416370e-02   1.6589307e-02   1.8317628e-03
   7.1816347e-02  -4.9409294e-01  -6.9918940e+00   1.0872777e-02   1.6674141e-02   1.1509281e-03
   7.8577784e-02  -4.8785447e-01  -7.0198287e+00   1.2135477e-02   1.6317024e-02   1.3979832e-03
   8.7259626e-02  -4.7803421e-01  -7.0264562e+00   1.3002710e-02   1.5974876e-02   1.5758461e-03
   7.2858406e-02  -4.9652113e-01  -7.0025561e+00   1.2135851e-02   1.6718343e-02   1.4996321e-03
   4.8994682e-02  -4.7140923e-01  -7.0151642e+00   1.1090109e-02   1.7682791e-02   1.8097530e-03
  -5.0154788e-02  -4.5108790e-01  -6.9927967e+00   7.6839843e-03   2.2834796e-02   3.1733036e-03
   2.6004149e-02  -5.2279075e-01  -6.8683576e+00   2.1110593e-02   1.9449392e-02   3.0900020e-03
   1.0405903e-01  -3.1751050e-01  -6.5090821e+00  -2.2013299e-02   1.9462907e-02   4.5403875e-03
   3.2008200e-01  -6.7851231e-01  -5.7920671e+00   9.3951079e-03   7.7427608e-03  -2.6192889e-03
   3.4850348e-01  -2.5809647e-01  -3.5202787e+00  -7.6846435e-03   1.6840043e-02  -4.7546407e-04
   2.8815244e-01  -5.0829844e-01  -4.2199983e+00   1.0513823e-02   1.5762560e-02   1.5955838e-03
   1.9974096e-01  -3.1553530e-01  -5.9233609e+00  -6.3871869e-03   4.0305262e-03   1.8515855e-03
