Animal_ID,Trial_ID,timebin_1,timebin_2,timebin_3,timebin_4,timebin_5,timebin_6,timebin_7,timebin_8,timebin_9,timebin_10,timebin_11,timebin_12,timebin_13,timebin_14,timebin_15,timebin_16,timebin_17,timebin_18,timebin_19,timebin_20,timebin_21,timebin_22,timebin_23,timebin_24,timebin_25,timebin_26,timebin_27,timebin_28,timebin_29,timebin_30,timebin_31,timebin_32,timebin_33,timebin_34,timebin_35,timebin_36,timebin_37,timebin_38,timebin_39,timebin_40,timebin_41,timebin_42,timebin_43,timebin_44,timebin_45,timebin_46,timebin_47,timebin_48,timebin_49,timebin_50,timebin_51,timebin_52,timebin_53,timebin_54,timebin_55,timebin_56,timebin_57,timebin_58,timebin_59,timebin_60,timebin_61,timebin_62,timebin_63,timebin_64,timebin_65,timebin_66,timebin_67,timebin_68,timebin_69,timebin_70,timebin_71,timebin_72,timebin_73,timebin_74,timebin_75,timebin_76,timebin_77,timebin_78,timebin_79,timebin_80,timebin_81,timebin_82,timebin_83,timebin_84,timebin_85,timebin_86,timebin_87,timebin_88,timebin_89,timebin_90,timebin_91,timebin_92,timebin_93,timebin_94,timebin_95,timebin_96,timebin_97,timebin_98,timebin_99,timebin_100,timebin_101,timebin_102,timebin_103,timebin_104,timebin_105,timebin_106,timebin_107,timebin_108,timebin_109,timebin_110,timebin_111,timebin_112,timebin_113,timebin_114,timebin_115,timebin_116,timebin_117,timebin_118,timebin_119
1,81,1.83243225908109,1.58766276426095,1.23961014334013,1.23884649192884,0.916351646086527,0.808910240057961,0.805723926665823,0.742461757044975,0.787938946897707,0.780875401790916,0.814874682658076,0.846015631081794,0.897745447830477,0.896853103531493,0.922955405933465,0.944143974556454,0.944480637178151,0.979368044981268,1.0127494950939,1.1102577969311,1.10956078704536,1.3748548555646,1.38578655114667,1.36968556902056,1.41439492628718,1.4773895973653,1.53535840834408,1.53470930684715,1.53303192365515,1.49848386114002,1.49793309426226,1.49597722674113,1.4987891540869,1.4986236553012,1.50029380794011,1.49941454690191,1.49060774671516,1.48884791633207,1.48204954591816,1.5112280348176,1.51112920180597,1.52110908219712,1.51712251712264,1.51720415879189,1.51472088774916,1.5101000100298,1.51759237595399,1.51968704893792,1.55597097754387,1.57102435609282,1.5721715471935,1.59883970327192,1.60081534981823,1.59270155233909,1.59529506106365,1.58753348878685,1.52863196395558,1.52907300633511,1.52855627854724,1.53387541657105,1.53388479044119,1.53060927496201,1.5207133860451,1.52802719277526,1.5296150386887,1.52693225372167,1.52949519747615,1.5308429502771,1.54682449137723,1.53575083840031,1.53362966607625,1.53309122818943,1.5296356257182,1.50510156668989,1.50122837419746,1.49289713252427,1.50862449289347,1.50695071437619,1.52645015440011,1.53994976137154,1.5365448237932,1.53599377663033,1.54948401889334,1.56273792953527,1.5622873817981,1.61635132879664,1.61208096799988,1.61154886511952,1.62230416101569,1.61957493819197,1.62000820378851,1.61929226439808,1.58376453048474,1.43270054258259,1.43335588582507,1.38947728089434,1.40643720759476,1.40658832502237,1.43288762870065,1.46438900006121,1.45777017209496,1.45842125394134,1.45070069705956,1.4441547727623,1.44309704920703,1.42380893746644,1.41295923419591,1.41178534117317,1.41173079276842,1.40585452181645,1.40290897333044,1.40319400389022,1.42183536173145,1.43269239147844,1.4324661836435,1.38627338543981,NaN,NaN,NaN
1,82,0.991171678112217,0.990606391786635,0.992502458811224,0.991930456272755,0.991911864662825,0.990586997922075,0.988539022214458,0.9886562414825,0.994660115405286,1.00832246723094,1.00885714611385,1.00523751241747,1.0070065459511,1.00721996215395,1.00704294687927,1.00862368729734,1.00331395160938,1.0035206315835,1.02028992209321,1.0148209869215,1.01436775716225,1.01260286460971,1.01909084344566,1.02502962842089,1.02496896339202,1.04921731774068,1.10511140271039,1.10056551502947,1.12242642145115,1.10501151264239,1.1049470906978,1.10372236001738,1.11482990114118,1.10144933049832,1.1001649653305,1.10078174502031,1.09831913480512,1.09766340388856,1.09739745912175,1.10698187873163,1.11318142440264,1.11378138216701,1.09812571332443,1.09227412104737,1.09308403815218,1.08648274234514,1.09073530490554,1.07694053668152,1.07817783749199,1.07435599038103,1.0785995610356,1.07767477287998,1.07645243748621,1.08225151672939,1.08604972718454,1.07531827869277,1.07675821833899,1.01761543535049,1.01777252839584,0.997462964909605,0.968868399745574,0.96952273264925,0.955354506371166,0.959821205264876,0.965470669357971,0.964414880265679,0.964864808839725,0.968707131532782,0.967335041008776,0.959614102312017,0.961481595085581,0.959962630096388,0.963116485973492,0.965984308953215,0.962915182586453,0.963736535013803,0.96858049428971,0.965855520313219,0.965764669696297,0.975958610335552,0.975617677219123,0.975501995902354,0.977978338081992,0.974629784623867,0.979630611843801,0.97888556515503,0.982561417879507,0.978276363921369,0.977874047694003,0.974524640504968,0.987078666604842,0.986984011181137,1.00247602028603,1.01260697648093,1.0028149551792,1.00248508674948,0.974185118425443,1.05281960270195,1.05209480854054,1.07058005119778,1.09655970227962,1.13409908147085,1.13495171705445,1.19613123221574,1.19703751080459,1.19754051954187,1.19575700511416,1.19149751996838,1.17523045232799,1.17775620223492,1.16844185991546,1.15564570758604,1.15628601061747,1.14546530593107,1.14608601636223,1.14566180991462,1.12700947730144,1.13555337693105,1.13289686512091
1,83,NaN,NaN,NaN,NaN,NaN,NaN,NaN,NaN,NaN,NaN,NaN,NaN,NaN,NaN,NaN,NaN,NaN,NaN,NaN,NaN,NaN,NaN,NaN,NaN,NaN,NaN,NaN,NaN,NaN,NaN,NaN,NaN,NaN,NaN,NaN,NaN,NaN,NaN,NaN,NaN,NaN,NaN,NaN,NaN,NaN,NaN,NaN,NaN,NaN,NaN,NaN,NaN,NaN,NaN,NaN,NaN,NaN,NaN,NaN,NaN,NaN,NaN,NaN,NaN,NaN,NaN,NaN,NaN,NaN,NaN,NaN,NaN,NaN,NaN,NaN,NaN,NaN,NaN,NaN,NaN,NaN,NaN,NaN,NaN,NaN,NaN,NaN,NaN,NaN,NaN,NaN,NaN,NaN,NaN,NaN,NaN,NaN,NaN,NaN,NaN,NaN,NaN,NaN,NaN,NaN,NaN,NaN,NaN,NaN,NaN,NaN,NaN,NaN,NaN,NaN,NaN,NaN,NaN,NaN
1,84,0.90715626353337,0.905801445592786,0.904995095778645,0.946084854596312,0.96476114834315,0.969947427318556,0.969198107856337,0.957076450101626,0.950092286320717,0.948050833967849,0.957983647522426,0.970681232656731,0.968220303625881,1.01789196982876,1.09885585382048,1.10111975669889,1.13310167825728,1.14620186432147,1.18277977985873,1.1810148689118,1.41673013004367,1.46211119117496,1.46183323296104,1.45146442051094,1.48693810504036,1.5389786424213,1.53248313621669,1.54847571678178,1.53735358818897,1.53793727504127,1.51877748513893,1.50483060930444,1.49512486330113,1.49256062102237,1.48162832236157,1.46590769315928,1.47016880090096,1.46419102327392,1.44718743997011,1.44721032350817,1.44705483824521,1.32488893093898,1.32553437929412,1.11520334215462,1.02383957527144,1.01352441126357,1.01101912670203,0.979740138595879,0.979336510885704,0.978193130418437,0.974856151913029,0.985124053138964,0.993876169864459,0.987538401338851,0.977267435364267,0.983931927228357,0.98314462771651,0.961880850486863,0.961999525164506,0.962782269654775,0.965432773907615,0.962052997422317,0.965971884219696,0.96589978827584,0.97203721346558,0.972457685208944,0.972207093366381,0.980044574294731,1.07561977926678,1.11173292763737,1.11147095149235,1.15754751295421,1.19053282600112,1.19033827040214,1.20530827255713,1.26781659848364,1.2683821230077,1.20740226791816,1.16800324599896,1.16297635836101,1.12433602216286,1.11222377736592,1.09344725092639,1.09391507475297,1.083962814781,1.10016587540809,1.10618096710992,1.07553368849112,1.07503183685525,1.07327379294413,1.07323518897394,1.06991545707134,1.05308835747101,1.05662905076824,1.04849203210519,1.0525613119738,1.06184664416172,1.05580167481034,1.09995401592264,1.11966422886175,1.12005775323268,1.13203270314,1.1755034782634,1.17301891432601,1.15113333623351,1.07699365756952,1.01044721031371,1.00467487731858,0.992730195205412,0.984063893233548,0.982723296418048,0.968252175413516,0.957374989049919,0.96287108464191,0.954332930483474,0.937336167303009,0.951503527450611,0.949497359597129,0.92856134562909
1,85,1.00354010331596,0.995113272535257,0.994283529883016,0.990929793394703,0.974648041050566,0.978940448928897,0.981682645839362,1.06060029190689,1.05940500542095,1.12975225683621,1.0653429951967,1.06585756518294,0.975852669846321,0.964490168096768,0.953424868730523,0.952297377183811,0.958180784924776,0.947581779519343,0.948076402207016,0.934519443248388,1.15514151429023,1.56279534043086,1.55328064133454,1.71890095005266,1.87496422143926,1.87277214682054,2.01266206372808,2.10755209494149,2.11830387496429,2.13819644530957,2.21140431655345,2.20258520783189,2.20185351229052,2.20727923941293,2.23035547526515,2.2300540887895,2.30044154422046,2.32063470721041,2.30817642989457,2.3088453947121,2.25672485684347,2.12772482853477,2.12807911240802,2.09611599058025,2.04444040262325,2.04440864332599,2.10436717538598,2.16313652412114,2.16392442597285,2.23364225663029,2.2152168662531,2.15152954204939,2.15277749976533,2.16203597470835,2.16353906499503,2.16338078004289,2.07516213479646,2.19890387499207,2.1143847130766,2.11446208151215,2.12446670325553,2.08452670972253,2.08222341435999,2.07002437211166,2.08615168699125,2.0344805984672,2.03277672590889,1.99345845676559,1.98810533264691,1.98986655364619,1.97488160201437,1.97289663270156,1.97345729522692,1.97698956279657,1.97437364031069,1.96907421188203,1.9673000999228,1.97050364934892,1.97855517409084,1.97948102830148,1.96364863489911,1.97909655166472,1.97728344434236,1.98379167917481,1.98309260279672,1.92474423709772,1.92449161586346,2.05790458024572,2.15480866864308,2.15548127975046,2.17645164619777,2.2178290577706,2.2212111832254,2.25621101898891,2.26781319924903,2.26579674462744,2.26529058590073,2.23772898929128,2.2120030805061,2.20966961968771,2.19991293723031,2.19140231237791,2.17911992838423,2.17911416850622,2.18025828778583,2.17433197597203,2.17514673312189,2.18133782048095,2.18189687336042,2.18463980890417,2.18731943720855,2.1970839112667,2.20857719416845,2.20687584436343,2.22750739986637,2.22634140476125,2.22583358780015,2.20599162688225,2.23499242449454
1,86,NaN,NaN,NaN,NaN,NaN,NaN,NaN,NaN,NaN,NaN,NaN,NaN,NaN,NaN,NaN,NaN,NaN,NaN,NaN,NaN,NaN,NaN,NaN,NaN,NaN,NaN,NaN,NaN,NaN,NaN,NaN,NaN,NaN,NaN,NaN,NaN,NaN,NaN,NaN,NaN,NaN,NaN,NaN,NaN,NaN,NaN,NaN,NaN,NaN,NaN,NaN,NaN,NaN,NaN,NaN,NaN,NaN,NaN,NaN,NaN,NaN,NaN,NaN,NaN,NaN,NaN,NaN,NaN,NaN,NaN,NaN,NaN,NaN,NaN,NaN,NaN,NaN,NaN,NaN,NaN,NaN,NaN,NaN,NaN,NaN,NaN,NaN,NaN,NaN,NaN,NaN,NaN,NaN,NaN,NaN,NaN,NaN,NaN,NaN,NaN,NaN,NaN,NaN,NaN,NaN,NaN,NaN,NaN,NaN,NaN,NaN,NaN,NaN,NaN,NaN,NaN,NaN,NaN,NaN
1,87,0.872747171096063,0.866906651723982,0.863678314083868,0.86879612655824,0.861961251449465,0.861139293617452,0.859767604118078,0.889970951605602,0.893063520508432,0.956324649106623,1.00928103557586,1.08291910554334,1.08025151224753,1.13414022952465,1.16837156851754,1.16570338955053,1.17983180331926,1.20368622266262,1.18145959919086,1.22929912236198,1.26197145101858,1.42580952972414,1.42570229909058,1.5292739217658,1.57861275566349,1.57838841231323,1.65512044663935,1.68843546118925,1.68831636974337,1.71196521002252,1.70877299730175,1.69392939868129,1.69167093522521,1.68217813889561,1.65266884586689,1.65182693890227,1.63174376024277,1.65996785361372,1.64937713284306,1.64893739313345,1.62463751943992,1.61500791653647,1.61387929657843,1.62451595692973,1.62607699824844,1.62537938035946,1.62173171168178,1.65248940649516,1.64214932554981,1.64162781766401,1.6470904739692,1.61012702581279,1.61091680993031,1.39735751166483,1.05927584867352,1.0612576136275,0.988026622279136,0.950923867307961,1.02118271864904,1.02165308546415,1.0184764990798,1.12732780064964,1.12770527288954,1.15728869123167,1.18857976075907,1.18474100243863,1.18454636938247,1.19884525539771,1.19579861460211,1.19682146660277,1.19842323762092,1.19424609319277,1.19407681742977,1.16548287167371,1.18295885960877,1.20219568917735,1.20395848472592,1.21946568437782,1.21987945541039,1.21988699481491,1.20565164896811,1.20587081319771,1.20601726199913,1.1988680735494,1.1918104585485,1.18713990352898,1.18540913530075,1.2037743869782,1.19530897345002,1.19171772876598,1.20863646635195,1.21510900735733,1.21712488684269,1.20487953092459,1.21081189455395,1.20926995240714,1.2093353422597,1.22476343840675,1.23658408477982,1.23569621083674,1.2249999366326,1.23880446907964,1.23949948310902,1.23808855526542,1.27601392864074,1.30518780058421,1.30409204977515,1.36507431656505,NaN,NaN,NaN,NaN,NaN,NaN,1.62222535302865,1.67963587006333,1.67942583414358,1.71636630742867,1.72693443302274
1,88,1.01624155922183,1.01944432612562,1.01612866480387,1.01401387206997,1.00737809947072,1.00598415727561,0.991944014181909,0.991894804387666,0.991478327382207,0.983838635318305,0.989836750127639,0.991716310000338,0.991692317187614,0.988789538959644,0.994614546400037,0.993248077808877,1.00695273705673,1.00240075894937,1.00240250327205,1.0035424428148,0.984412773238897,1.02989034842599,1.02933817519859,1.05971948665828,1.10424805057501,1.10080414494651,1.13084274175282,1.16382273492518,1.17682779253895,1.17731505997005,NaN,NaN,NaN,NaN,NaN,NaN,1.21985156264897,1.23236329875076,1.23528082192115,1.23490420865661,1.22959691867354,1.21551217202802,1.21588087653116,1.20557382788376,1.17940635150574,1.17964297223849,1.16215632116842,1.14489667339515,1.13451281030137,1.13454641676965,1.1265266937579,1.09729569519363,1.09700531029096,1.08128874682177,1.07915129067272,1.08115160026476,1.1127383536137,1.12980590847167,1.13718366807737,1.13798076890333,1.14412672478048,1.13400732781613,1.1364033074097,1.12510763873522,1.11602749672327,1.10587717845909,1.10549819791799,1.11083330072922,1.11734491464068,1.11739268921792,1.12057145162272,1.117957488651,1.12014766045462,1.11791974341863,1.11632496318297,1.11990320013553,1.11906083393856,1.12438333083787,1.11241439174447,1.11261834424111,1.10607067813723,1.0947392358018,1.09625290371923,1.10928792569552,1.11308328792921,1.12417301634311,1.1257369096377,1.13597947387127,1.13966954433975,1.13729076807565,1.13292874977679,1.12814997083623,1.13217654822307,1.13127470134817,1.12744091553556,1.12391634052553,1.12286578978216,1.12043686792575,1.12634319016999,1.12874654099407,1.13013963645495,1.12874565456657,1.13219560579795,1.13341293975825,1.1280251590589,1.13069715426389,1.13030968289971,1.12742176942525,1.12362358845731,1.12338226060467,1.12093538046869,1.14372894574672,1.14154295997069,1.1400808820699,1.13825144647087,1.1338015200038,1.13190837023935,1.12540110340582,1.1310656386238
1,89,0.981290438228115,0.985763486622485,0.985763486622485,0.992951801655808,0.989587780836722,0.978947995228381,0.99746068188408,0.999767419988556,0.999589392361718,1.02146665636577,1.0115343681709,1.01713614811169,1.01713614811169,1.01706127235532,1.00904749224765,1.00904749224765,0.99576737172285,0.99587423745308,0.994806329785056,0.993168309394667,0.98274313891995,0.984460588015721,0.97964705441648,0.985719051734138,0.98874577215348,0.989211666150141,0.991121002217374,0.984833185084216,0.983504983186424,0.98351305506355,0.986715333304574,0.958930347519106,0.953174342075245,0.9797582660662,0.970510630995424,0.979849339972848,0.980284396365118,0.994237821002295,0.991452233224138,0.988778711033295,0.979776422799115,0.987836645905532,0.987847352412198,0.992235998884024,0.987701051555861,0.988900313808955,0.994676749136897,0.994517119863415,0.983316583245303,0.982350656465151,0.984379622174803,0.981971229920604,0.980838018530951,0.975670342012845,0.983284654150604,0.977750658553486,0.97770068459481,0.972732578292773,0.97902185440747,0.978999765311268,0.975249475106164,0.969654489307586,0.969751439318181,0.948842462518335,0.91243026773256,0.910483266134117,0.911755527046042,0.933108032981825,0.933848144687179,0.933605306026401,0.928576871423868,0.896928442412802,0.903759873866269,0.903858833717937,0.900819980937224,0.916645702030067,0.921035955610664,0.921232190256386,0.920292938317795,0.920727779228266,0.920230043295537,0.934980917335041,0.931951438609466,0.942406308621931,0.945635088931738,0.945940620847485,0.94409783771031,0.945769684553354,0.937780051225806,0.936775844608266,0.933780142864807,0.928086724889267,0.926908082792394,0.926120775373437,0.929880495803263,0.938837170937773,0.940038711635908,0.946857908424476,0.948346360108594,0.943954342948027,0.94473357232428,0.938954135768683,0.956932845727965,0.956693556896131,0.922776614198942,0.90506218491501,0.901629308569277,0.927999162092985,0.946823789407762,0.935705491704709,0.935462296675519,0.959269723834161,0.979708357913655,0.978226734727438,0.961529957538138,0.96084548079434,0.96014472153599,0.977240471525183,0.996123316185898
1,90,1.00597894590005,1.00699091346142,1.0079363918257,1.00860205968889,1.01035606514675,1.00719815752638,1.00689991786212,1.01137800094054,1.00431410297048,1.00398357870325,0.989996459057343,0.967420175359941,0.967330617042881,0.97779527422542,0.996276513983423,1.00873861443813,1.00878709693603,1.00759866969221,1.00241844523903,1.0026627637159,0.992068146888197,0.982610435351142,0.988671430089186,0.987379100070358,0.998273550317925,1.01264974188453,1.01193336165626,1.03488970496735,1.02794161937955,1.026990596231,1.01694017721059,1.0026084986775,1.00678318946011,1.0064935873444,1.01367332050211,1.01907611561212,1.01833048033831,1.00693788453269,1.00835057439841,1.00488055443006,1.00641164604995,1.00236572328768,1.00126807774172,1.00143317471629,1.00122640356409,0.991079674813605,0.991347090887341,0.981679582461861,0.983103334995691,0.985040520798981,0.995840554056234,0.995655475679546,0.991879737414102,0.992036095911151,0.990873725090172,0.995859988334349,0.997394701363358,0.992676161791015,0.998040177715889,0.996804816666974,0.996210469792796,0.995116384699872,0.996023435657181,0.994689227976497,0.995530749002014,0.99053324140523,0.993574256670782,0.993599535042855,0.993987874147484,0.994035365055635,0.993575710702081,0.992599712961725,0.989860875202519,0.990692576581106,0.983677973297235,0.988681054443589,0.991611707268373,0.991183785446354,0.995938147634052,0.999617327113255,0.999684709569503,0.995509285634145,0.999715643424477,0.998513003966621,0.996483028030527,0.994749501823542,0.99623626645746,0.994970915169333,1.00621805967659,1.01476364581071,1.01455806380228,1.02445086914738,1.02938415184636,1.02977906585267,1.02521580271843,1.01666891316107,NaN,NaN,NaN,NaN,NaN,NaN,NaN,NaN,NaN,0.859807500698246,0.902035469743148,0.902003421971483,0.950986161096495,0.982292267870893,0.98227428528374,0.997661653146835,0.992064461772339,0.979300099634184,0.978733409465981,0.969237827580244,0.960177317947488,0.960437820029581,0.960609005378388
1,91,0.990889278296764,0.989731845725539,0.981539808143237,0.979642661881344,0.989945757145035,0.981424305235278,1.00082670243481,1.00031062122353,1.00401837832344,0.99894111196031,0.998629419172927,0.995425903934195,1.00783233285536,1.00592011379141,1.00981100102097,1.00301669853221,1.01436751702321,1.0144159366599,1.03331060664053,1.01502950607506,1.01495388151949,0.927914480510802,0.908358174075834,0.897543329843921,0.897830825778333,0.911394797592474,0.91375404905759,0.912968886492677,0.920623086782136,0.926065860129325,0.92588646007811,0.94914790879106,0.990119167690113,1.01058319669662,1.01231282767731,1.00790811754829,1.0076100250419,1.00772252727456,1.02394509559857,1.0224440227509,1.02103202982486,1.0208065576402,1.02650673178736,1.03059321645843,1.02980000372606,1.03266034805476,1.0270664711619,1.02723541497899,1.03229028273391,1.02056040212016,1.01479385139311,1.01389423805315,1.01636559214955,1.0073272475904,1.00735338895289,1.03554553096031,1.05593983983168,1.05554858466419,1.08631964791004,1.09083128359367,1.08612505102457,1.08602008990295,1.07006208377738,1.05599523797205,1.05676196640606,1.05018288603414,1.04083071231213,1.03884949638511,1.04591508595891,1.03310666407733,1.03065762384084,1.03765813029333,1.00667747474179,NaN,NaN,NaN,NaN,NaN,NaN,0.968350006196711,1.02149545114125,1.02163606574297,1.04710965908678,1.0680526371446,1.06814114059936,1.07860047963121,1.08250817188598,1.07570883465587,1.07687686852965,1.06853370495228,1.06683586515708,1.06756587956006,1.06822017817378,1.09214878101561,1.09096668920922,1.09251850506331,1.09226722327487,1.11501784017781,1.11553939118628,1.11669990950373,1.13046987750141,1.13003334745742,1.13848499704885,1.14186080140058,1.14204894355656,1.14171051904444,1.14264496517186,1.0783186105145,1.07778797834281,0.907869594969108,0.789320432415634,0.788295554922426,0.786242358329965,0.747599501767422,0.728232438456776,0.728134202081847,0.72904857588123,0.722486110218444,0.721481080198305
1,92,NaN,NaN,NaN,NaN,NaN,NaN,NaN,NaN,NaN,NaN,NaN,NaN,NaN,NaN,NaN,NaN,NaN,NaN,NaN,NaN,NaN,NaN,NaN,NaN,NaN,NaN,NaN,NaN,NaN,NaN,NaN,NaN,NaN,NaN,NaN,NaN,NaN,NaN,NaN,NaN,NaN,NaN,NaN,NaN,NaN,NaN,NaN,NaN,NaN,NaN,NaN,NaN,NaN,NaN,NaN,NaN,NaN,NaN,NaN,NaN,NaN,NaN,NaN,NaN,NaN,NaN,NaN,NaN,NaN,NaN,NaN,NaN,NaN,NaN,NaN,NaN,NaN,NaN,NaN,NaN,NaN,NaN,NaN,NaN,NaN,NaN,NaN,NaN,NaN,NaN,NaN,NaN,NaN,NaN,NaN,NaN,NaN,NaN,NaN,NaN,NaN,NaN,NaN,NaN,NaN,NaN,NaN,NaN,NaN,NaN,NaN,NaN,NaN,NaN,NaN,NaN,NaN,NaN,NaN
1,93,NaN,NaN,NaN,NaN,NaN,NaN,NaN,NaN,NaN,NaN,NaN,NaN,NaN,NaN,NaN,NaN,NaN,NaN,NaN,NaN,NaN,NaN,NaN,NaN,NaN,NaN,NaN,NaN,NaN,NaN,NaN,NaN,NaN,NaN,NaN,NaN,NaN,NaN,NaN,NaN,NaN,NaN,NaN,NaN,NaN,NaN,NaN,NaN,NaN,NaN,NaN,NaN,NaN,NaN,NaN,NaN,NaN,NaN,NaN,NaN,NaN,NaN,NaN,NaN,NaN,NaN,NaN,NaN,NaN,NaN,NaN,NaN,NaN,NaN,NaN,NaN,NaN,NaN,NaN,NaN,NaN,NaN,NaN,NaN,NaN,NaN,NaN,NaN,NaN,NaN,NaN,NaN,NaN,NaN,NaN,NaN,NaN,NaN,NaN,NaN,NaN,NaN,NaN,NaN,NaN,NaN,NaN,NaN,NaN,NaN,NaN,NaN,NaN,NaN,NaN,NaN,NaN,NaN,NaN
1,94,1.00861617166313,1.01618952890919,0.997544112997663,0.992751472947859,0.993367697730147,1.00865371662786,1.00855095342941,1.01019667081259,1.00943393279529,1.00167235997638,0.991252049053105,0.991252049053105,0.987585637006513,0.993978996948718,0.992569630292877,1.00264328311074,0.990735470127701,1.00158768156082,1.00141858495688,1.02202989854666,1.0701610648554,1.07052645677057,1.13630126621233,1.13931312845428,1.13931312845428,1.19797230630009,1.24844209089416,1.28624212657568,1.28895652698058,1.30565629665746,1.28631417199269,1.28615110124846,1.26852968488812,1.25285327889265,1.25285327889265,1.22361394419906,1.21368576297236,1.20119212086654,1.2012098238247,1.23171058849286,1.26039693245314,1.26039693245314,1.23780431104923,1.22888702041178,1.22423969054386,1.22063179129611,1.21481850757036,1.22231335724556,1.22231335724556,1.23425571900652,1.33744388733831,1.32059906700131,1.32103892625363,1.33039097775316,1.33991528496147,1.34124981894012,1.37341886139393,1.36783092114302,1.36795652983423,1.37754125275782,1.38817181846745,1.36036309673547,1.36993408173091,1.42664905061505,1.46205881459913,1.46230420824579,1.50124950444035,1.54850902626806,1.55012945085059,1.6292715986824,1.67293283535361,1.67626773125603,1.68067200066278,1.66828353490497,1.64453087768834,1.64597335224243,1.64555213692285,1.63498286414394,1.63162187680088,1.63693520961513,1.63074296687954,1.68177692173389,1.68556387714241,1.73381249786471,1.74123587002031,1.74123587002031,1.74627689035768,1.74666707254154,1.75640655257841,1.76030481738013,1.73743905778528,1.73022725564819,1.7383470590777,1.74895119514381,1.75537876498695,1.74718011687043,1.74104739100575,1.73594208436438,1.72371285201315,1.72371285201315,1.7047457111812,1.71833541083915,1.71838049462644,1.65731295297008,NaN,NaN,NaN,NaN,NaN,NaN,NaN,0.905720286908499,0.88731657090307,0.908077623757051,0.928386547163462,0.927041284880428,0.946764803632101,0.95252993305546,0.947706177534448
1,95,1.4750681021048,1.48043759393855,1.47789034062786,0.940720353194218,0.801642605617484,0.803016714849958,0.778429437556671,0.823974640479417,0.823264236288883,0.881597782207397,0.893782517435269,0.881671546198672,0.880723951555229,0.893360557990772,1.00143331400386,0.9991778091806,1.04158585511648,1.05935922776445,1.06286341388943,1.06133080439013,1.10823866345434,1.36418474670197,1.35813028214398,1.48420316749605,1.59172384941937,1.59424724883051,1.66079961552556,1.72416848035987,1.70377564301409,1.71381943598369,1.71490017000691,1.70105507808971,1.70128302263095,1.69059044559001,1.68870204835184,1.68465606658361,1.70730147598129,1.69999022362158,1.70337825184515,1.70337825184515,1.78515823851936,1.82661061915594,1.81806279826599,1.84437142701683,1.8149084306644,1.81521308412216,1.80357574015595,1.79984628112038,1.79613095813027,1.79613095813027,1.75490597277419,1.677012569562,1.67165877533267,1.58581791372973,1.46313503596065,1.45045350914162,1.45045350914162,1.46647248114511,1.46390826240281,1.46496336156336,1.49980598702826,1.52587520940614,1.52587520940614,1.52319531191905,1.52012220742684,1.50817557066807,1.5078780660478,1.49305426974736,1.51299295647311,1.50745590216368,1.50542788832566,1.51635958865098,1.53839269765555,1.53905377092057,1.58372976695192,1.59067788867552,1.59366660327123,1.58846563467128,1.58970218421033,1.58984946268966,1.58351263204722,1.61875655898217,1.61535471887042,1.64753626030562,1.70015056045607,1.71935480857574,1.71200210420961,1.73035309035134,1.73418935428598,1.72901642585777,1.4879913293554,1.26451671628114,1.18774473485629,1.18909189795451,1.18712051797357,1.25263933975938,1.25207965133918,1.2683476393443,1.2627905721202,1.25325549869666,1.25365113838569,1.23252538237884,1.22889178225172,1.22952127958413,1.23258782315495,1.22410299375632,1.22055347926221,1.21561515707191,1.24920155131267,1.31080869240622,1.31217492511484,1.30780115540427,1.23138693005413,1.21185326913053,1.0450393597584,1.04896607995976,1.04991669269607,1.11248785150133,1.14198994554981
1,96,1.01929794429769,1.00462975712474,1.00413279203899,0.99995255449241,0.999586204129308,0.999607672034296,0.990760879566694,0.991518684719578,0.983144884367777,0.983337922340446,0.986212129041088,0.993359044715,0.993436720707871,0.988252333053252,0.990474892560521,1.00856988034462,1.00904586635096,1.01967195755571,1.03500788055907,1.03467388193514,1.03582095078111,1.14054342681517,1.14273270762005,1.17407404439512,1.20157409505004,1.25416305653875,1.25162837280268,1.28678046181256,1.29627626973924,1.29593960756932,1.28895040915786,1.29245893413294,1.31545166448524,1.3150240851065,1.31133899742693,1.32356019408147,1.32278998370962,1.34296822853725,1.35519845192285,1.35539320110703,1.35707847063888,1.35634679815132,1.35231190085763,1.25761147478846,1.24004606292547,1.21039425619546,1.21121411042884,1.20071551860919,1.21075083019786,1.21053267156618,1.22444710499626,1.22059159628551,1.23052316866462,1.22557639357014,1.23834387291533,1.26039528644288,1.25541917902072,1.25942670010321,1.26251115377516,1.26244821987255,1.26291706718126,1.25400552816818,1.26690107940673,1.26725283839693,1.26466725190822,1.26617880294732,1.26934191448735,1.27611898416555,1.2668297277117,1.27385224949921,1.27496715979954,1.26492644834887,1.2649926625955,1.26411499752629,1.24864290440829,1.15971965178024,1.15037651184054,1.06951502568264,1.04324831959062,1.0581532258914,1.04480538479868,1.07678976215834,1.1001764566496,1.10158744385677,1.14448099760469,1.18604076225106,1.18639418934451,1.21253155149675,1.21620938566953,1.19372851947089,1.2052929449069,1.21427942019987,1.1955127836419,1.19530742441509,1.19047470905065,1.18168325884006,1.18517289191119,1.18472674277891,1.18732892110495,1.18711959148936,1.18780350024236,1.19247468061575,1.21705549589239,1.21731753200717,1.21734299469941,1.22256775438098,1.22205408056817,1.21710120757783,1.21489197301019,1.20936292475666,1.21265021101785,1.20802171694831,1.17134427077573,1.17118870256313,1.14531124557087,1.00117995027806,0.908977771882131,0.902018022655218,0.895075813469187
1,97,0.987740295511442,0.985807660659823,0.986504288172271,0.990758884392232,0.989231667649249,0.990877210686974,0.991323578431725,0.987566346008094,0.982198315890682,0.989365869173797,1.0025004225398,1.0076919786645,1.00661497078127,1.02254205620068,1.01371763750196,1.0124255370273,1.01121927222402,1.02092420177625,1.02098980670794,1.03318426624818,1.04828587014077,1.09968372735495,1.09973191275936,1.08102034049725,1.10290385667768,1.10270715968688,1.12727084116901,1.14429593797685,1.13450868042633,1.13911512860297,1.12165537857058,1.12079767661878,1.11637712794304,1.12717932689952,1.11562984953509,1.08610416000157,1.0878910270318,1.09830199651684,1.09206853456719,1.09180734794625,1.08210988311584,1.07304965432063,1.07271299251709,1.08568522759182,1.08157866435377,1.08628517228202,1.08115241299913,1.09917745851732,1.10270298244444,1.10160143602901,1.11214537390074,1.1020001838987,1.10062071929655,1.108413985301,1.11778314460733,1.11866164819377,1.12957238579453,1.16157073201938,1.16398423065781,1.16495369577642,1.17888189865179,1.2062203584162,1.20535492345213,1.21386707341822,1.20939820138411,1.21340558260568,1.21345664621478,1.20736560297168,1.19495063475114,1.19509486462945,1.10972785156431,1.08026833670901,NaN,NaN,NaN,NaN,NaN,NaN,0.559743236573086,0.559976883367743,0.558119942088941,0.563629498573855,0.573030873592517,0.57125703072547,0.589327263700997,0.602183463424453,0.601625391060175,0.622368422322827,0.618255913697077,0.618498922886244,0.62093198216062,0.62962559306734,0.639019546416461,0.638321696601583,0.638853602021625,0.644059663280531,0.641445789249072,0.675571147840636,0.712829937732736,0.660878771465134,0.655056649209955,0.60778840022842,0.577875752789007,0.576275493562596,0.575190997796939,0.588736234708065,0.58852940768367,0.590725966954635,0.588336242628419,0.584099937728544,0.584621080621796,0.580652045298386,0.583421037295462,0.584111452054639,0.582229786188538,0.586605664002458,0.585873914654276,0.577576477304092,0.590634421580831
1,98,1.10017175620078,1.09170120493836,1.08945602776426,1.06984515500216,1.07140968602523,1.07221352852839,1.07109835306809,1.05229140483934,1.05986895295919,1.06077060451195,1.09358301178477,1.03308241990464,1.03182829357626,0.906375386264217,0.88506019242307,0.884786139681686,0.795533595195995,0.815472982861369,0.815451304470245,1.05429726328013,1.39601670409255,1.63034576812281,1.62984255481212,1.7870898655689,1.86902585379301,1.87088610946637,1.95681530153417,1.9817470391103,1.97315554550061,1.97211678395957,1.94112322701785,1.93979062425919,1.93918966791929,1.93005666751293,1.92162902392996,1.92181128937913,1.85647705925091,1.83195891161522,1.78058924459849,1.77953911390286,1.76582087527506,1.79008985052819,1.78474715303355,1.80551942180138,1.82033489824777,1.83649765811427,1.83577117329154,1.83396756116415,1.84110868974494,1.8413271767761,1.83441634287308,1.84745282422859,1.84473612231576,1.84569526606298,1.89050153289728,1.89657498021621,1.89691236764946,1.88725577078465,1.90480333886482,1.90505896545856,1.91195803842399,1.91887014200475,1.91647319510453,1.92511717126044,1.91047673631696,1.89967236522383,1.9000266190393,1.94213616515248,1.95511636674086,1.95611084558148,1.95361005550455,1.89777383134509,1.89657448217836,1.07144155078128,0.869580294698126,0.841222454569744,0.840892768620613,0.77938761128197,0.792264426894714,0.786832441788134,1.07948390301854,1.21033207632493,1.2871498649186,1.28897755137514,1.30850033507567,1.3008970421831,1.2971236086331,1.30646088646619,1.31569863223693,1.3142327869452,1.32889550220382,1.33333908668064,1.34097780926315,1.33982187715478,1.34425793977448,1.35301190185247,1.35390238737772,1.36281150897821,1.36080980852622,1.36332448538837,1.37103519140484,1.36608931263504,1.3390713334552,1.33817161344585,1.27167276022539,1.13251541051718,1.13255839444051,1.02948254488533,0.981215458455651,0.977676521243172,0.976966679268284,0.99609408596697,1.00913642080458,1.00929857043548,1.01574454609635,1.01275431620825,1.00931441618589,1.00275389423779,0.977872726709501
1,99,1.0347412115755,0.956260645457596,0.9568815738966,0.913801814212686,0.959314711260213,0.9960068062023,0.993592775107221,0.983834234521052,1.0032076940491,1.0037992918129,1.00789583708533,1.02658750408837,1.03324346032959,1.02647999571194,1.02385861841308,1.01812266017112,1.01774138910529,1.02496867242751,1.01966110457259,1.0193913580923,1.10606482505462,1.28184469575141,1.38651427653594,1.38443814472234,1.44317822353048,1.52835488793288,1.52869800570405,1.56348194403493,1.6010705119462,1.59785628369993,1.58538254520544,1.55183221959482,1.55177282049807,1.53717714366397,1.55257836663217,1.54645344023466,1.54867338296779,1.5506692331202,1.53643468476901,1.53628689806826,1.54811704045702,1.53435180304508,1.52408760009842,1.52338702720742,1.52529275745968,1.53362204327154,1.53722706166972,1.54382265795861,1.53259884161916,1.52149949529045,1.52125816441142,1.53350050839129,1.53796319983731,1.5386995239885,1.4566046932929,1.43355363584556,1.43498304867863,1.41416767109077,1.40640399626033,1.42206275607597,1.41929031965123,1.41730406935322,1.41082352273662,1.41047561369795,1.41594976195751,1.42313490089195,1.42184092026008,1.43992651648007,1.4577525657266,1.47594511472823,1.47883735147405,1.48393304883311,1.48479687041083,1.48382744260194,1.40278670274933,1.42494107528883,1.42487249876171,1.44370810100414,1.44929011726423,1.42785340467522,1.43613425520459,1.42125295116525,1.40102118318074,1.40681851556053,1.39944612584104,1.38130401115709,1.38432652264479,1.38176255922608,1.38775159367267,1.39104583351105,1.39378341765831,1.4139983960023,1.4327874624531,1.46073624323128,1.45947247852833,1.48861725906443,1.48832313822218,1.48796726864911,1.49250923363542,1.47041007865531,1.46827315067159,1.45416812933405,1.44141721321895,1.44145153707741,1.43652494423828,1.43747649407854,1.44010366345919,1.44160406393902,1.4629442187853,1.49378098917563,1.49533224774786,1.42440880455465,1.41303444250833,1.40209800901944,1.38952447777367,1.38434480668487,1.48170937833643,1.47761267132571,1.55788705613727
1,100,1.41547628551961,1.4159185774061,1.41208111314585,1.40402611500751,1.2350052479243,1.2355852747788,1.03087082272681,0.902837125872946,0.902031736510918,0.832948983783996,0.794550075060206,0.791356771504974,0.790227462471865,0.81400137211307,0.80834878179861,0.808237993914964,0.805714857291119,0.803209425449598,0.797571977718749,0.796072544658353,0.876421826691248,0.946056272426908,0.948085669248638,0.886043700642958,0.890511659118136,0.891446440707148,0.904630947424225,0.926540699646924,0.973601407169454,0.97293860699423,0.959107041368317,0.92137799113315,0.920316562639503,0.907514706537462,0.892685680972988,0.890516222239399,0.88138337077854,0.871024756501868,0.87098246388548,0.860470598137622,0.863162339470386,0.869005612433757,0.869152662783594,0.86508642288078,0.930090371999902,0.928737232184841,0.958369569002034,0.966096457385588,0.968899282266826,0.970553933284202,0.989443669868334,1.00908156441986,1.00974517951663,1.00140437238072,1.00262250895011,0.995946539807173,0.993650691482723,0.999060024305454,0.999873982046444,0.998239516332806,0.992611320087917,1.00459915880144,1.00452853555151,1.00394940064002,1.00344478728158,1.0102520559855,1.01277766556682,1.01141814497188,1.01866243869321,1.01702024394246,1.01563510723368,1.01506482112627,1.01621540323141,1.0165635840887,1.0099155148019,0.982235961951344,0.982715340194621,0.827879408276479,0.478600336282167,0.481056975858739,0.448093401329959,0.438787825928738,0.438518818600743,0.472950559641151,0.50888017086051,0.511208253422254,0.512814960608463,0.528553149089908,0.532716462207272,0.532434002353597,0.529431958834325,0.52826021009331,0.512714032415039,0.507038892617601,0.505864928683389,0.59596533977893,0.594405962056256,0.639930805549674,0.676746278975632,0.669800167452438,0.670034451274239,0.670874617162906,0.665723116965789,0.665636808187475,0.685110406930235,0.629823092335796,0.628349440809683,0.632269399414482,0.616337306388957,0.616562383079313,0.60665318265513,0.596201655405091,0.597575771469716,0.598886448884743,0.595007591399638,0.595372681761373,0.59554089158136,0.594188614864127,0.593842689449291
1,101,0.838757798626744,0.842944183012762,0.841171358247708,0.841170404320919,0.864970437215846,0.87691242444965,0.869630987236784,0.869225764227707,0.890561821581343,0.923871681474401,0.923558438188256,1.01580759344518,1.11742884219981,1.11897069397576,1.18416555713338,1.21868593392649,1.25728253697912,1.25388166270265,1.25100188105549,1.25466669670697,1.25493932906791,1.27727652947204,1.29310672356357,1.29371714446623,1.26201844448577,1.27506957660811,1.30968058428833,1.3087735297209,1.28023600680819,1.27246435756093,1.27104126562942,1.25064593881904,1.24415027940121,1.22964481462297,1.22881110409955,1.23826280327909,1.21912778334673,1.21799082726322,1.21284241605331,1.20951231588954,1.20955571086806,1.201231657951,1.21106089685068,1.20750257000266,1.20731350510571,1.20682617084696,1.22003725104819,1.21946689731528,1.22530691540155,1.24772094996339,1.249186037465,1.30142599763585,1.34121029433375,1.39905317494215,1.39821021778252,1.41133572977155,1.44357051856766,1.44364917440552,1.47301383983788,1.49929212748211,1.48755422374601,1.49231297499732,1.49966519250033,1.48129023626757,1.47990414299743,1.48610227511659,1.47772634477438,1.47813628595566,1.44763416732094,1.27320573272095,1.21665303042175,1.21613554133775,1.06189484190315,0.940416432130092,0.941061735284613,0.877327700071834,0.861365149542388,0.887413528730209,0.885732152184974,0.895957247621768,0.900766139133164,0.899846242770765,0.89186591749375,0.881013249979061,0.882132609030134,0.883856721263485,0.884945371258373,0.885097176005889,0.896386485129549,0.922351122905305,0.947213399708366,0.946309420911521,0.95250376743542,0.976747086890274,0.974821079216457,0.984196059778561,1.00209471889053,1.01671268478117,1.01679969638374,1.01610376247097,1.00865947493181,1.00905893041649,1.02395861408926,1.02811063590654,1.03252513360738,1.0336964967722,1.05721660835964,1.08870294703173,1.08884258657555,1.10955214451576,1.12132738645236,1.12297122030054,1.14433443420897,1.14387886938242,1.19235566903865,1.19339017729352,NaN,NaN,NaN
1,102,0.885471768844452,0.888412650533334,0.93148458157526,0.961265391641347,0.957974492107028,1.01092067554423,1.01325348308597,1.01424400889647,1.00963371844514,1.00703201322105,1.00757905112362,1.02883830906971,1.0245790652003,1.0362616092995,1.03736321506427,1.02445923484661,1.02904076630748,1.02968498725082,1.10250097794341,1.19209086570321,1.20978569917215,1.20674954347781,1.23359258466168,1.22435120186576,1.22589296058138,1.24724985460955,1.25530077745455,1.2551703031649,1.26620381993069,1.25407700398351,1.23769497577307,1.24180193217369,1.22720980877597,1.22163672521392,1.22245378879273,1.20948159341016,1.20276590225265,1.20278315209304,1.19932763160669,1.20784025125821,1.23562014765894,1.23759419218619,1.28044959324988,1.27774864099137,1.30446010262626,1.32823515414754,1.32099270106966,1.31924178587783,1.295376367089,1.23852425212342,1.21314774199391,1.21232487698527,1.19592913770574,1.17742610129968,1.17421635489427,1.18093488486861,1.18559754313059,1.16824158929598,1.16544632311383,1.14631107644542,1.13858657333433,1.13706653339597,1.14009157022772,1.136602361031,1.1354088749006,1.13981408362078,1.16884686330836,1.19397224704697,1.19638738404223,1.20078904407955,1.22163788075088,1.22101365015179,1.18764553274159,0.985863631443926,0.992567052317314,0.978245198695453,0.93836455074931,0.87639736863651,0.878365651202127,0.856409197387669,0.845375635769931,0.844688908310948,0.85726832349875,0.851949681043328,0.868875813133287,0.868359237707382,0.866637828324507,0.863803077248469,0.863393028338671,0.851097738949004,0.874213823806392,0.874081451226617,0.871129121322359,0.870948312593065,0.867553559865261,0.8687044846995,0.866270583229285,0.88147214170304,0.879967090299017,0.882034230162384,0.876785471316671,0.877403596152379,0.871502472983489,0.876456421590726,0.893728589302302,0.8872346103161,0.928151594810882,0.964922149561364,0.96780602471937,0.991818639384117,1.02564139663072,0.989108038765913,0.992309673917593,0.944617771895774,0.919662249655348,0.92085264541836,0.914927850749493,0.920663455955629,0.921181840770911
1,103,1.12824453749609,1.13289371350578,1.10642481863994,1.03149170456532,1.03225963756452,1.03610672007227,0.953768082601731,0.939439277687549,0.935894344031444,0.939446358288015,0.969607817584251,0.973404279098062,0.965540592036423,0.970286029594981,0.980953214497294,0.982051648945979,0.975021044933011,0.972014279097127,0.9751518997602,0.985896761850658,1.05065497905457,1.05078917110828,1.32381788224328,1.41747884819503,1.48378751823647,1.48857625776977,1.56841820151927,1.6238962979922,1.62140246999512,1.60616441555865,1.61704184238585,1.56530746294208,1.56525185891728,1.56206115250079,1.52947934706806,1.5314268169647,1.56269408307649,1.58077790015523,1.5833432756186,1.58212318401546,1.59033227553699,1.59830487403733,1.59649292507422,1.57781766683333,1.62827626625984,1.62769182038202,1.62561604687322,1.65406127697311,1.65409147554562,1.65528251644968,1.65502758451622,1.67712100779857,1.67636104037211,1.67047670660171,1.66776119165681,1.65981997070743,1.66142353575674,1.66441670724081,1.6546709550817,1.65436025486061,1.66083031364733,1.65963566055017,1.65945774052283,1.6700194630136,1.68131247110069,1.68184404536723,1.67243362482866,1.72333410279567,1.56276368729094,1.56421501162139,1.28166384374389,1.14780900583773,1.14830606252141,1.10993341762268,1.05313234879125,1.05009505491811,1.04898298989155,1.10363779013336,1.11474602099754,1.10839882232193,1.1017022853201,1.116684067881,1.11665692554607,1.11371021617131,1.27378311133888,1.4953393670538,1.49255942783965,1.53375110714453,1.63137632379183,1.63052324101789,1.73378832025084,1.80554362924839,1.80586393828773,1.84974418411861,1.84183455563665,1.82356058211018,1.82091044658188,1.82499456621325,1.81842861837765,1.81637832909266,1.79921612955792,1.80675472326719,1.79721959480328,1.79678293915232,1.80689463974308,1.79602004649613,1.79495282416565,1.7698398296615,1.62850314612164,1.62855697292655,1.53314530849264,1.53071939061581,1.58539201784494,1.588244226989,1.63520976378478,1.65841261745953,1.65833270944623,1.65095472484429,1.63209898757542
1,104,0.73453730986234,0.734416517148053,0.791068061526622,0.860614771249151,0.86091643897313,0.912324110958506,0.952823193228778,0.983368407200864,0.98249204771273,1.038714236358,1.06393337276009,1.06508448334948,1.10450149794332,1.13775687076606,1.17517684484734,1.17444525391068,1.15660334903196,1.1358419669273,1.13538126624559,1.0666211626803,1.01872797877259,1.01888972074364,1.05036935921508,1.07794606214764,1.07847524267051,1.05907633198831,1.05300442745629,1.05051295086516,1.0508900136639,1.04655924962539,1.02621712920619,1.02578009879726,1.00991490912511,1.00622551664519,1.01101634610669,1.00940227345647,1.00216246085489,0.999451722073654,1.00010162644575,0.995519937828544,0.997638976545731,0.997665523656449,0.992909452998596,0.971834133293072,0.952501437833254,0.951403918367686,0.949824663037399,0.960367322415673,0.96168262396105,0.970890145321906,0.931495352865782,0.772687685516519,0.772155349724931,0.732363640944458,0.751240311658171,0.751277911437356,0.766481731193979,0.777763654814105,0.778395841167272,0.799528718878104,0.824516213786911,0.824376556054042,0.834600614495946,0.843511987820413,0.853308455393315,0.85315384613155,0.864450787230767,0.868020535905946,0.868377260242444,0.86945713490051,0.875653470203456,0.881557395187391,0.881317018767153,0.888223050905287,0.883592694507735,0.883055206605528,0.880741639979086,0.879930907324956,0.884652987404167,0.892825151677475,0.889948741257408,0.883493886911869,0.883308852920067,0.896959344417896,0.898538116218261,0.898086001407952,0.895909542899485,0.892103484291841,0.895984289824749,0.895378615254742,0.893821795207614,0.900785675236835,0.900520016618783,0.856781521974567,0.874035186590043,0.874684386070701,0.894282600321548,0.862563687254197,0.813047007148267,0.800831283288966,0.78880712869839,0.816535319781099,0.816907324029848,0.842826232786177,0.855957514100355,0.853806000368671,0.850436873833889,0.853374802227802,0.85421582375302,0.860689536003501,0.843773144927317,0.839121432816598,0.838007770797829,0.837865497302872,0.848138460146962,0.835372720199982,0.839009693546454,0.847137834744418,0.841953154887785
1,105,1.04958163991977,1.05286400198519,1.0449664757917,1.0485516063229,1.03430244213289,1.03117826694238,1.02789805661361,1.02809190928084,1.02759907142144,1.0307648843264,1.02810990178827,1.0260971987098,1.0225306189223,1.02358727676938,0.974551606306858,0.873540356037406,0.874918432664848,0.876928730887489,0.923937523176533,0.98503515338683,0.986556000362883,1.0272443982368,1.04574710374028,1.06958359680986,1.06952468313848,1.09709472619379,1.12197667711446,1.12242174586097,1.10239099125291,1.09782996931665,1.09678639899529,1.08532356288195,1.08205894019363,1.07612085218357,1.05426126680386,1.05068860710213,1.05015622558304,1.05215978153549,1.05026971292867,1.0520940777908,1.05180935736021,1.04614637017008,1.04699474153923,1.04110419266402,1.0424874308047,1.0434620958718,1.03174637644194,1.0317978403762,1.06334380736304,1.09247472960805,1.13755604670112,1.13525292173481,1.14638639995607,1.1524648600428,1.15213015115926,1.14623787981708,1.15050236148849,1.14992403609362,1.15336875512831,1.15407019722471,1.15517213846721,1.15931816318706,1.16326861357737,1.16323640738945,1.16228572296307,1.15838036339812,1.15025213508617,1.15307210044961,1.15540339808763,1.15025756623837,1.14755980885206,1.14967440555865,1.14659925397465,1.17564916336116,1.17498245146171,1.20026301081708,1.21014904472314,1.21128425970223,1.21185145768967,1.21742295145945,1.18674524897109,1.18573192044324,1.18722907831334,1.18600034005268,1.18585720048199,1.20691808249803,1.2140612000216,1.21256085739234,1.21153076525172,1.21072320142877,1.20726805309342,1.20703973042344,1.20895325865919,1.20006710032539,1.20001098422528,1.20309492119322,1.17095376851091,1.12091828613399,1.11967548569434,1.15354806097027,1.09384825420788,1.09270507192044,1.16008287505807,1.184485867815,1.18517069292558,1.18703861485653,1.17756605401867,1.17741390977808,1.17899742954534,1.16841844301674,1.18057956615841,1.1807354627398,1.16920093438182,1.1707652112529,1.15873480504231,1.15743815457434,1.16297404950933,1.1538160048127,1.1540698558047
1,106,0.995641316049847,0.996665508891654,1.00566671743596,1.00776750058708,0.999373404604744,1.00190785998737,0.999155836079283,1.00106267428372,1.0010834067011,0.992794921651347,0.994336472505703,0.99871763317595,0.995161073363677,1.00798298969816,1.00489023169042,1.00782030300045,1.00628448993938,0.993412310892374,0.990275349461779,0.989387083533795,0.996565251522808,0.997718054655672,0.997683037230675,0.990271314466165,0.992332700227428,0.993466425313152,1.00092106810388,1.0000243668725,0.984384590836584,0.983879252378323,0.968104627296808,0.966684180802964,0.966180426261625,0.986859052392258,1.01082334864367,1.01002411543123,1.01671359169649,1.03195303226509,1.04952272474877,1.04978147804859,1.04883206114629,1.05218884215796,1.05176004057131,1.04907354371006,1.0496073846701,1.04733182567241,1.05230211643542,1.07051578989191,1.08160974762096,1.07898768133926,1.09171742906063,1.12363727685064,1.12145672404418,1.0548178430594,1.12110751311228,1.16924473256268,1.16942965628796,1.17188323592501,1.17720981997993,1.17841443173663,1.20505677346616,1.17436732154689,1.17454618635781,1.16687026464747,1.16388989733508,1.16151625105917,1.16137382920458,1.13139006312145,1.10064732231781,1.10065834944397,1.08451956018343,1.09173166641743,1.09167267336847,1.10113710230179,1.09812159964689,1.10425980021924,1.10416986708729,1.09378672076596,1.10569969760709,1.10584430055135,1.1079121709521,1.11078065644934,1.11196597293556,1.11217171566343,1.10445688254387,1.10537765492195,1.10437160895307,1.10682477498696,1.07546584116095,1.07770019778397,1.06111566369598,1.06587209172689,1.08373631817691,1.08298013000042,1.09875007022451,1.10516905241021,1.10384222400658,1.10519770951036,1.10078819857287,1.1018609749341,1.09388808082783,1.10032897992675,1.09919249925558,1.08814418313869,1.08499669463908,1.07629240086165,1.07301696964579,1.07423093595955,1.03790165062185,1.04083677405248,NaN,NaN,NaN,NaN,NaN,NaN,NaN,0.808116749613417,0.834582848911395
1,107,1.01960763337311,1.0152335821019,1.03051696461498,1.01896347375192,1.01781621083958,1.01850612578867,0.99964362716223,0.872683171524134,0.873325558554388,0.900954737887762,0.953149531551886,0.953176810507378,1.03922036835397,1.06002581604677,1.05252901458169,1.05312098441479,1.03591246510361,1.04420489689211,1.04140902694911,1.05980627917633,1.07956665081263,1.07808038025217,1.10031947242255,1.09564890916641,1.10742652682747,1.10650599195014,1.10684641056567,1.11632514121899,1.11512987776183,1.11271600640825,1.10417175711398,1.09169587746319,1.09229888736966,1.10555776602417,1.12788141541446,1.12550881063646,1.14081416909438,1.14291429882066,1.14266172223342,1.14616268371172,1.15019023419052,1.15055085582975,1.15058383442166,1.13875725697874,1.14291689894701,1.14275905486105,1.13898711708609,1.14869080777311,1.14888962004789,1.15185208201073,1.16580532888616,1.16869139363463,1.16841777278853,1.16781531209391,1.15567385490723,1.15613246114432,1.15221510212439,1.15000349854941,1.1622397595206,1.15972673911456,1.15592916780288,1.15695504821113,1.15709708621786,1.14604617324128,1.14945726362963,1.15279241702951,1.15568571994653,1.17272237929215,1.17176332427788,1.16752940173252,1.16814854509331,1.09909274343555,1.09859415547906,0.916866615319981,0.93134935973827,0.931443557489971,0.985523694282173,1.01107777135917,1.02353277719008,1.02459610860702,1.01531018878996,1.01848655602359,1.01817117165345,1.02607584074251,1.02893207328665,1.02754822667985,1.02557596448329,1.0303064739904,1.02921848736292,1.02915117271599,1.03270130497659,0.999993852823363,1.0001769331033,0.931176007774231,0.951534529071809,0.986232299416821,0.985201717727623,1.00506879667895,0.979120240782571,0.978807844700775,0.985854010939629,0.875840228158919,0.885451660227528,0.883082488036965,0.896626821857531,0.901155132107604,0.896746571350964,0.929372301401296,0.979439830781264,0.979358924757394,1.00809495493753,0.999723300005502,1.00043960779381,0.998387848627571,0.989803673720996,0.986909215958324,0.987299561770413,0.986488712485627,0.985607184154403
1,108,0.887361443434985,0.870150389387216,0.887320285127154,0.888478756995982,0.884186101306998,0.927453378594414,0.927554122219258,0.993712099586904,1.01241778094067,1.05002116685278,1.05132117962128,1.07791848073701,1.07843805508902,1.07839384651305,1.07398513491982,1.07623496961271,1.07753753995357,1.0775360808273,1.07997918827987,1.06582066673395,1.06530296073584,1.09572046169905,1.11622214006232,1.1162802602519,1.14240832012637,1.17353341612611,1.19354258225751,1.19612867579308,1.18971251211966,1.1800108060016,1.18078575276601,1.14797836764728,1.13570976067396,1.13513095189096,1.13960283667557,1.13429754192045,1.13098786861737,1.13564314575447,1.12871328888961,1.11565295083326,1.11461140034412,1.14295525485602,1.1594626618557,1.16007040030104,1.13594442760715,1.15234217254299,1.1464716122714,1.14541842322864,1.12841737265153,1.13660574607842,1.13601542538689,1.1429110741658,1.16061466409052,1.20038856291364,1.19956271984054,1.22428894732727,1.24007056567227,1.23982391453016,1.23536685956948,1.23001330581968,1.22287853333144,1.2128987172506,1.20912361057956,1.20960156974225,1.20942058623177,1.21432921958112,1.20467005919774,1.20472175879097,1.19200256682972,1.14844555137829,1.14655339937796,1.12551066534484,1.12014429458043,1.13545270253182,1.13677156474032,1.14679370958919,1.09741824587022,1.09502899573945,1.14939442359773,1.06375962415451,1.05665247742193,1.06047641603556,1.11462970423152,1.17837004475341,1.17833479911336,1.21072223512678,1.23857164813606,1.23884298451875,1.26011503454518,1.31666586568464,1.35935870597135,1.35052179359561,1.36765287472935,1.39337825451356,1.39247173650609,1.40882392291171,1.4134056013665,1.39291498388409,1.39171693544647,1.38658823590548,1.37025833027661,1.37034782963808,1.35958298817336,1.36969539134617,1.3703097784126,1.34867856587731,1.34296078499888,1.34460558753613,1.34391235971403,1.34027147458432,1.3458354954174,1.34528176777815,1.34389691561673,1.34075420761725,1.33946713399762,1.34907752457048,1.36147479694187,1.36682904054929,1.36824085777384
1,109,1.00024706159135,0.994162282155808,0.993674535551898,0.997643465608124,0.991651307524784,0.994105738314448,1.0016879449838,0.997427314558652,0.999867829789935,0.99843768864354,1.00293959523125,0.992701250889463,0.993836918981195,0.999024344016139,1.00609944160716,1.00503150022224,1.00818998494997,1.01644138696765,1.00683040841259,1.00911061597462,0.998074013948286,0.993462635496481,0.993318448482028,0.985973747784926,0.995641979867952,0.992290924162069,0.992622481462562,0.998705943897351,1.00411209923519,1.00452596892281,1.00039578159713,0.990265107703577,0.982651512220189,0.981269435024514,0.980894371361246,0.994141870931657,0.994321188118292,0.995255820072343,0.980638139215091,0.978728590851291,0.980069435312539,0.984965063006712,0.986074108701823,0.989820107612673,0.984437022716923,0.981413139925062,0.981367601886343,0.996453148991431,0.991818928707684,0.989800838425459,0.998792752835145,0.981333107159473,0.980546127043211,0.980693346961976,0.990294996289745,0.994197204637323,0.993369894030099,0.995169077461508,1.00677414824238,1.00662740310388,1.03140383269874,1.04073907055255,1.05759519127326,1.0576060190496,1.06746804041912,1.06354125765332,1.0601279714756,1.05802905609485,1.05302445901161,1.05111232796223,1.04953029512682,1.04731911085027,1.03384401181761,1.03587675688226,0.994213075384548,0.899709007828304,0.899460644951491,0.877778180214801,0.91112598157855,0.910741336710411,0.925067974221226,0.96280399739061,0.977898141176418,0.977430814005856,0.975697406534371,0.97566340963285,0.975884069100024,0.968067428723733,0.977612921647098,0.981803266560099,0.978193879226715,0.977726640132039,0.9735759387566,0.97317467878137,0.974764557758897,0.984508181862624,0.979730625228154,0.980067289525602,0.966821965357999,0.973147344687804,0.973079772304437,0.959718813630201,0.931769131909716,0.931570109591131,0.858205356799063,0.765590954172578,0.779027084302276,0.773029239379774,0.799358167335304,0.844798264989926,0.843686575332775,0.851325739444968,0.857386203075983,0.858833624893927,0.876795829124194,0.877592136076037,0.874234147108522,0.874664602302027,0.876021056876025
1,110,NaN,NaN,NaN,NaN,NaN,NaN,NaN,NaN,NaN,NaN,NaN,NaN,NaN,NaN,NaN,NaN,NaN,NaN,NaN,NaN,NaN,NaN,NaN,NaN,NaN,NaN,NaN,NaN,NaN,NaN,NaN,NaN,NaN,NaN,NaN,NaN,NaN,NaN,NaN,NaN,NaN,NaN,NaN,NaN,NaN,NaN,NaN,NaN,NaN,NaN,NaN,NaN,NaN,NaN,NaN,NaN,NaN,NaN,NaN,NaN,NaN,NaN,NaN,NaN,NaN,NaN,NaN,NaN,NaN,NaN,NaN,NaN,NaN,NaN,NaN,NaN,NaN,NaN,NaN,NaN,NaN,NaN,NaN,NaN,NaN,NaN,NaN,NaN,NaN,NaN,NaN,NaN,NaN,NaN,NaN,NaN,NaN,NaN,NaN,NaN,NaN,NaN,NaN,NaN,NaN,NaN,NaN,NaN,NaN,NaN,NaN,NaN,NaN,NaN,NaN,NaN,NaN,NaN,NaN
1,111,NaN,NaN,NaN,NaN,NaN,NaN,NaN,NaN,NaN,NaN,NaN,NaN,NaN,NaN,NaN,NaN,NaN,NaN,NaN,NaN,NaN,NaN,NaN,NaN,NaN,NaN,NaN,NaN,NaN,NaN,NaN,NaN,NaN,NaN,NaN,NaN,NaN,NaN,NaN,NaN,NaN,NaN,NaN,NaN,NaN,NaN,NaN,NaN,NaN,NaN,NaN,NaN,NaN,NaN,NaN,NaN,NaN,NaN,NaN,NaN,NaN,NaN,NaN,NaN,NaN,NaN,NaN,NaN,NaN,NaN,NaN,NaN,NaN,NaN,NaN,NaN,NaN,NaN,NaN,NaN,NaN,NaN,NaN,NaN,NaN,NaN,NaN,NaN,NaN,NaN,NaN,NaN,NaN,NaN,NaN,NaN,NaN,NaN,NaN,NaN,NaN,NaN,NaN,NaN,NaN,NaN,NaN,NaN,NaN,NaN,NaN,NaN,NaN,NaN,NaN,NaN,NaN,NaN,NaN
1,112,0.931219670985219,0.94105210811974,0.944991460452531,0.94154403057733,0.923443885332834,0.949099116492267,0.949330713611105,1.00777651562388,0.975007166759901,0.984100708922788,0.98404257548942,1.02944845586328,1.06405588751734,1.06376428741959,1.05993399905464,1.07005704428107,1.06924990116854,1.06120666800509,1.05067580432344,1.0428032102764,1.04254912340481,1.15147086126077,1.17922841341127,1.18091565726384,1.22788253341861,1.27089438046003,1.31329141640922,1.31200851520868,1.29971488497656,1.29595393150906,1.29538990463892,1.29171760733137,1.27316592358655,1.27458978868214,1.28497720527849,1.28741631651124,1.29947994663756,1.29902868916085,1.27389624940996,1.29183790376536,1.29132367623372,1.30121639253051,1.32573416033342,1.32537664524046,1.35804625388609,1.36700974792219,1.36600675053935,1.36885177484991,1.35656204686542,1.35034304882196,1.34987955476312,1.33019000318411,1.31345922099318,1.31881045915275,1.32216668525771,1.31710038272149,1.33011600449899,1.32969901415339,1.33994685831694,1.33331485741293,1.33091321797229,1.33754383539597,1.34561997865209,1.35388381095185,1.35366184966353,1.35076146940082,1.34815623322601,1.3478338050705,1.33777686081738,1.33143344391527,1.32836710422067,1.32454119627672,1.32117849142743,1.32206627289383,1.3213186650476,1.35895115277843,1.39806668778316,1.39959798173403,1.40691268804714,1.40389792881434,1.37903302098958,1.38006894664148,1.37397346410599,1.3671576842057,1.36673629747883,1.36970013086907,1.37327326801991,1.37223508563136,1.41647040966541,1.43379901557169,1.42514187633961,1.40824925918491,1.41127774572299,1.37910366499746,1.38022857454751,1.38243815774831,1.38854879188725,1.38877917231594,NaN,NaN,NaN,NaN,NaN,NaN,NaN,NaN,NaN,NaN,1.08695978348491,1.16122906708899,1.17399291485946,1.1621973073082,1.20162136533558,1.23551183941953,1.23395932824046,1.2537113683438,1.26953145825224,1.27515173817621,1.27829542666695
1,113,1.15265835505839,1.1617445579653,1.04077403360025,1.04070650296271,0.903327586561831,0.859177443447516,0.877310208671779,0.876940069539161,0.895821391913395,0.981562606663581,0.981151621331871,1.0004521401565,1.01596557314697,1.02285111390277,1.02099918423298,1.03647736859048,1.04416546246612,1.04328001297951,1.04463476680888,1.02785557394246,1.02750420078617,1.05988136834031,1.06197619301871,1.07895551834609,1.07986801760455,1.11512262707961,1.12876833762164,1.12863804261585,1.1338012949516,1.12918098316598,1.11696563752762,1.11628278367591,1.09383648822834,1.08702946860942,1.0867744280943,1.07760654385725,1.07693643673151,1.07621016133941,1.06878425061828,1.06697239487448,1.05093067962626,1.05083397205475,1.06840256600102,1.06971318736964,1.06962536635886,1.09212047738717,1.11132617686417,1.11120189111123,1.10618345467887,1.10139959310073,1.09602273571254,1.09622073121972,1.11185527139529,1.11227669206647,1.11102024523736,1.11234798981504,1.10223405572103,1.11610944486755,1.11629827882028,1.12758028642798,1.12324674892781,1.12445811510917,1.12064130423629,1.11383434784085,1.11510018096951,1.11572609803566,1.12013276812203,1.10845518693245,1.10891187698182,1.1070492741304,1.11599810060245,1.1157298769546,1.1229044721795,1.12058546540202,1.11803712776627,1.12067709876417,1.09048061199271,0.998834594296298,0.997613022274867,0.91182661729959,0.779341100883063,0.779178801553817,0.788944600268928,0.80552631524859,0.805435475330146,0.790589969867503,0.783312847022455,0.773363360997219,0.775687855336229,0.789899582549962,0.805025206419189,0.804490474850204,0.81949043544956,0.832926900012054,0.84455077999212,0.843849403530096,0.858642133458574,0.87592184686586,0.875719922133078,0.888557227362217,0.902737846471038,0.910830515574587,0.91048625167535,0.910532391134289,0.869759871865165,0.869465558856086,0.825959763782235,0.819857772485254,0.819199718174889,0.79607963628516,0.771547607809951,0.771606657080644,0.793225688442983,0.807177794848389,0.810333744571647,0.808303897147156,0.803631185216548,0.796742162253636,0.798111942370518
1,114,1.00683270812638,1.00021550752907,1.00260431826213,1.0120038070563,1.00500751784005,1.00339279506159,1.00574287923884,0.998923665325703,1.01850872914945,1.01657429970384,1.01006339206394,1.02510257621524,1.02462141529349,1.03228084413267,1.00030946651438,0.995725760046116,0.969192312509132,0.962689789359263,0.910208216572414,0.911176907525463,0.923619500775743,1.0084464372691,1.00886097766617,0.992152396077938,0.991407199185406,1.01309019835043,1.01340747585594,1.06621586902106,1.05727021310251,1.05547674813499,1.04049413051815,1.02491506854098,1.02538653776907,1.03485383066544,1.05116591471962,1.08841676376139,1.08976756447783,1.12980755957517,1.15278419668266,1.1498638191791,1.18244053339508,1.17612079756433,1.17150382942909,1.17372777076872,1.18179131155895,1.16233146837756,1.16277269220637,1.1795543172817,1.21661520741035,1.21652297195822,1.22253490135936,1.24831375366034,1.24708479889299,1.28042528864354,1.29166202048437,1.29305345808241,1.29182949402579,1.27365279941361,1.27958355297757,1.27929634570268,1.25820742587248,1.26321705715075,1.2539324108068,1.25232019318789,1.25745920396559,1.26853216972466,1.268984117614,1.28665926249656,1.31756591142337,1.3273757983339,1.32742184053055,1.32484004549398,1.31501932782909,1.31533333914962,1.30819080961136,1.31770505634694,1.31697705688332,1.31226591639724,1.30263581218445,1.30327910945342,1.28492722957203,1.31573364388216,1.29456267915405,1.29632568900216,1.3206515152871,1.33247308755608,1.3294029589607,1.24825017483643,1.31607789588343,1.41094882846065,1.40367535071863,1.45554462650272,1.52990154710526,1.51996412964835,1.58643393416894,1.63024797506816,1.63611112973324,1.66325970919246,1.67831549120205,1.65761197745729,1.65787344605525,1.63774287754015,1.63204142569044,1.63083185363285,1.6171932701474,1.52297016279594,1.52661594344811,1.52676552660353,1.5564565567326,1.58418625040891,1.58611933035077,1.61917528897733,1.63785789471824,1.63551498956111,1.6202028153838,1.59561380699018,1.59472626602278,1.61702298712436,1.6563916773511
1,115,1.15037204661174,1.02220845277103,1.00922159312551,0.942234980746257,0.894377367079219,0.875860120565075,0.90226326542868,0.948396045999552,0.969722256042099,0.968667194195918,1.00261479890709,1.02628280650087,1.02252413382873,1.02900004809171,1.04102032753226,1.04096514948452,1.04237928687887,1.05280268158678,1.05908744462409,1.05925766809215,1.05165306391503,1.08054627371445,1.08039016489066,1.08595256387292,1.09611249843018,1.12055738770741,1.12376965258149,1.12110041757351,1.12302832432612,1.12246479579398,1.10818487029647,1.10238467166961,1.09176680573224,1.09256831698221,1.08307430022722,1.04786297225605,1.04774859450796,1.07086436532653,1.08951126092559,1.08617230049108,1.09530258558135,1.11555915598319,1.11163232250696,1.12921318250712,1.11368324926635,1.10695818660584,1.10711562317895,1.11802109685757,1.09660198008742,1.09744139081431,1.01891105503851,0.941263626071795,0.823592403871033,0.822791802465151,0.77995437007728,0.817196507246857,0.810254857907954,0.858832668255777,0.898408727623057,0.89714008175575,0.91228689991741,0.928701105260439,0.94116443260507,0.938978385173122,0.948331846019232,0.951438697187892,0.951605921131293,0.959564598537879,0.971636166029968,0.970964010184419,0.96715677724739,0.967906409999385,0.9772972703072,0.976213060178547,0.971135346469845,0.97971969978855,0.980634470065528,0.948337687536413,0.857458506840342,0.857059652933985,0.88431367784292,0.906838610637598,0.95377421435444,0.953381992235909,1.00007063168535,1.00601130179824,1.00372941612363,1.00774721046742,1.00555094395968,0.998290868913751,1.00262298719402,1.00498409095749,1.01050829566177,1.01068085839668,1.00739875733503,1.01302374702514,1.01761340729881,1.01750272292075,1.02504090154937,1.05447451096097,1.0541279705959,1.05825109311359,1.04783124479548,1.04645095171763,0.9551776149981,0.901817119947052,0.85822401311605,0.853905192437409,0.885490227749039,0.880180094791597,0.879998419026948,0.885347952832062,0.87448190344173,0.874517629202467,0.879663873827801,0.884774723209556,0.862788385353576,0.862623625791367,0.874672433229475
1,116,NaN,NaN,NaN,NaN,NaN,NaN,NaN,NaN,NaN,NaN,NaN,NaN,NaN,NaN,NaN,NaN,NaN,NaN,NaN,NaN,NaN,NaN,NaN,NaN,NaN,NaN,NaN,NaN,NaN,NaN,NaN,NaN,NaN,NaN,NaN,NaN,NaN,NaN,NaN,NaN,NaN,NaN,NaN,NaN,NaN,NaN,NaN,NaN,NaN,NaN,NaN,NaN,NaN,NaN,NaN,NaN,NaN,NaN,NaN,NaN,NaN,NaN,NaN,NaN,NaN,NaN,NaN,NaN,NaN,NaN,NaN,NaN,NaN,NaN,NaN,NaN,NaN,NaN,NaN,NaN,NaN,NaN,NaN,NaN,NaN,NaN,NaN,NaN,NaN,NaN,NaN,NaN,NaN,NaN,NaN,NaN,NaN,NaN,NaN,NaN,NaN,NaN,NaN,NaN,NaN,NaN,NaN,NaN,NaN,NaN,NaN,NaN,NaN,NaN,NaN,NaN,NaN,NaN,NaN
1,117,1.02476026567523,1.01651662566691,1.0196704263021,1.00721545213024,1.00376420967218,1.00827339125956,0.997289576083111,0.996353085927857,1.01302070294426,1.00827365331503,1.00797959446751,1.00041754357771,0.995682461153778,0.988053342823872,0.982401036232901,0.97547559720613,0.98324429187536,0.982194158579257,0.989414585107018,0.999522825159484,1.0014693241562,1.10034697180507,1.0986152152253,1.09281995052879,1.09277679310536,1.13465228702862,1.15822416132349,1.15736748567791,1.2194877069188,1.21360157815417,1.21922212435215,1.21777810899642,1.22270809205912,1.23416480580876,1.23211978236719,1.24757980517054,1.24686265953117,1.2493999828613,1.25457343463598,1.25766018221543,1.26148536025815,1.25973287440271,1.25784088419234,1.26238795776869,1.25811286363529,1.27575013687999,1.30344258153437,1.32081861569156,1.31990093399362,1.35546361328148,1.4056297162274,1.40615266937904,1.43539654944173,1.44395940064902,1.44417572749291,1.46141932476263,1.53034829334349,1.56332748279296,1.55991493534789,1.57316020852549,1.57886426430651,1.57864644886142,1.57004068804905,1.55752952994904,1.55622793233625,1.54852545883934,1.53468318994483,1.53478412457379,1.53312781048513,1.52425201701524,1.51127178972463,1.51140282293691,1.50867113579759,1.5121593555977,1.51450737321199,1.51430150924926,1.51492155054493,1.51518576203039,1.51443930265641,1.55568438845839,1.54533621122539,1.54492727165102,1.47682652905388,1.42770370504147,NaN,NaN,NaN,NaN,NaN,NaN,0.944762970441378,0.944660182175448,0.9495899134928,0.995220719225648,0.989207694437875,0.99044911586857,0.98762884191432,0.996587070391281,0.996457686147679,0.996132085024162,1.03435013194597,1.03012152222615,1.03092001358988,1.03920332044295,1.04232139616258,1.04238381903707,1.03049159874347,1.0423849678125,1.04334710570279,1.05870492535823,1.05913074702001,1.06724590792308,1.07018464350788,1.08543872035134,1.12306155480166,1.12217974351912,1.14514903749896,1.1941701036876,1.19377363454205
1,118,0.99751272956953,1.00082360102506,0.997497224836011,0.99712040838405,1.0016094080758,0.992945742624923,0.987615292230851,0.98765295853983,0.995233461829793,0.993269925771755,0.993136262833784,0.998738030860926,0.999188222836418,1.00713372044883,1.00696859806399,1.01048116921067,1.0099953731517,1.01183646408476,1.01124140562131,1.00689398486417,1.00601588589954,1.03797892487648,1.05607658637216,1.05529020247587,1.07980418165443,1.12307462672088,1.1686299025479,1.1671725965723,1.1732320405585,1.15026345867291,1.14997560714526,1.13344774082786,1.13870082909137,1.14009009912324,1.14105618451119,1.1496538025917,1.15154038857848,1.14262475390112,1.12950328654277,1.13049760735418,1.13003624357139,1.14284904919214,1.12886383393842,1.14477705422021,1.14445139550198,1.14689809416919,1.15213972251541,1.15219670670024,1.16716631752899,1.16817476831763,1.17793408590603,1.1783976921691,1.18410294643316,1.17219907580823,1.1727638337658,1.17047532091437,1.16233584745195,1.16167581859008,1.15866044705289,1.16413610057388,1.1605969191769,1.15743605947737,1.16541192925011,1.1730970987228,1.17227314166186,1.16755052324055,1.18050316568047,1.17901395768607,1.17565706085872,1.16730730599615,1.13963227968281,1.13905131034455,NaN,NaN,NaN,NaN,NaN,NaN,NaN,NaN,NaN,NaN,0.918479709418236,0.959212980672261,0.958741567137784,0.987137487761991,1.00376077558083,1.01537902024722,1.01580237192263,1.05081272847965,1.07731674178124,1.07817551479254,1.08840392041377,1.110284967989,1.11061263902004,1.11229590760588,1.08125104839936,1.10394282740732,1.10458923972562,1.12358670119019,1.17991501824865,1.17940569658735,1.24045690134893,1.2638236865523,1.26343236034633,1.26703222581584,1.26493552259182,1.26402374255634,1.25576065118088,1.23710505198887,1.22961447246788,1.22918160936771,1.226055513407,1.2165763057351,1.20418644910594,1.20223322392957,1.19315274329551,1.19195038965199,1.19093863055192
1,119,NaN,NaN,NaN,NaN,NaN,NaN,NaN,NaN,NaN,NaN,NaN,NaN,NaN,NaN,NaN,NaN,NaN,NaN,NaN,NaN,NaN,NaN,NaN,NaN,NaN,NaN,NaN,NaN,NaN,NaN,NaN,NaN,NaN,NaN,NaN,NaN,NaN,NaN,NaN,NaN,NaN,NaN,NaN,NaN,NaN,NaN,NaN,NaN,NaN,NaN,NaN,NaN,NaN,NaN,NaN,NaN,NaN,NaN,NaN,NaN,NaN,NaN,NaN,NaN,NaN,NaN,NaN,NaN,NaN,NaN,NaN,NaN,NaN,NaN,NaN,NaN,NaN,NaN,NaN,NaN,NaN,NaN,NaN,NaN,NaN,NaN,NaN,NaN,NaN,NaN,NaN,NaN,NaN,NaN,NaN,NaN,NaN,NaN,NaN,NaN,NaN,NaN,NaN,NaN,NaN,NaN,NaN,NaN,NaN,NaN,NaN,NaN,NaN,NaN,NaN,NaN,NaN,NaN,NaN
1,120,1.21129459472241,1.21723531433833,1.13494126106618,1.13459702821793,1.08384536900874,0.980598537498992,0.980505978686755,0.9517883693486,0.957678949890425,0.951554629365142,0.951334607662594,0.945712271996107,0.93847748890717,0.937709701137367,0.930463354564607,0.916104812318262,0.917193180992791,0.92264062332437,0.936323926953227,0.95280678848877,0.952595994883992,1.04057238178648,1.00261861455902,1.00280032848541,1.0215838370461,1.04345271339242,1.04487246428436,1.04813818998203,1.04667797528279,1.02897292160486,1.03039261815538,1.02676608286285,1.01232835943006,1.00842160659675,1.02207877691214,1.0248681906335,1.03411536467537,1.0340095164591,1.05653630946246,1.08561475357558,1.08317795627303,1.13528183201395,1.20508381608825,1.23102960618547,1.2308793039681,1.23781947035886,1.23977107939324,1.24424045613247,1.25135904977037,1.24424841414486,1.23926263216988,1.23768581626798,1.2394615970546,1.23494915057808,1.24359543010708,1.24117766429643,1.20804953951935,1.20891727588025,1.13133497885058,0.945255260302755,0.944748210880368,0.895700433806232,0.902936213996758,0.892988659995914,0.892296726349751,0.898573395268846,NaN,NaN,NaN,NaN,NaN,NaN,1.16927621437119,1.23889339951925,1.23684432853626,1.26145045459967,1.28738305372854,1.28687180168757,1.30397072858432,1.31644754918356,1.32831920022295,1.32816002024273,1.33585202301792,1.33761869669798,1.34906861291798,1.35194480025687,1.36749880772857,1.36822389194632,1.37311703356739,1.37976832579912,1.37697919947178,1.38302165008558,1.40533185964754,1.42583629695086,1.42589984275624,1.44464711701255,1.46898159364768,1.46875892097106,1.46513598471978,1.51999304173585,1.54335945754187,1.54317231747122,1.55053291142457,1.56165839086468,1.56167050744875,1.55033448337482,1.543979797808,1.52836428335017,1.52118655373104,1.52736673329524,1.47007324985353,1.4687123376729,1.39108707630045,1.36709052921334,1.3680396019361,1.37461762898182,1.32312880790738,1.44871603601075,1.45198937341809
2,81,1.02472101966331,1.03257045901856,1.03334717210587,1.03833764094733,1.02817449431116,1.02801615091158,1.02488826914131,1.00855534560106,1.00095100918748,0.999672096675914,0.982367344806382,0.980093535824131,0.980880242471749,0.976693809444652,0.979053080726635,0.97908706382823,0.970163915673102,0.965969049807902,0.966458299853633,0.962711475314178,0.963180579431499,0.978544162438501,0.97836909112603,1.00143230469772,0.974218088272027,0.97354511939829,1.02399906393119,1.04967707880728,1.05556433073791,1.05253672545288,1.05657936419439,1.04628934886922,1.0423380035674,1.0264934093325,1.01895290936589,1.01898543955452,1.01217883736285,1.01240800193706,1.00243903387694,1.0017998502403,0.994309801300566,0.99178572814883,0.989507664148452,0.964314483396572,0.822816518727026,0.75333794103997,0.753322730126508,0.747884025767753,0.76293197352729,0.762764173485707,0.77848742135248,0.801026125936646,0.800302455719922,0.817312057476089,0.81967651189093,0.817772845007692,0.817330678344386,0.844916973441383,0.850693268712124,0.850761619169102,0.844837224591091,0.850499071632433,0.850443648751801,0.84564388868048,0.851290569467237,0.852308414258325,0.85214940485978,0.863254950372855,0.861631944630412,0.862620935468907,0.8586987551086,0.865964601040665,0.861916141197986,0.863487499317457,0.871299054170949,0.866780150502434,0.86631583382278,0.881275560480229,0.895906853992811,0.896035608633382,0.873952265801359,0.881201543954585,0.903641516888305,0.904206328372359,0.910663052939906,0.908054516038623,0.907724238503749,0.902780726484316,0.90343318250657,0.903613455711775,0.898327892373267,0.888001217122232,0.888378569505877,0.888936342855051,0.88628971379467,0.876459867157387,0.877414449679981,0.87548738042893,0.873072047243023,0.873862982971512,0.870431771587042,0.862110858928351,0.86187672401243,0.860498633364803,0.862302863222913,0.854298141504854,0.854190696296152,0.856832936856093,0.857769240473867,0.852574476621613,0.852228544187749,0.861173240887478,0.864182340625098,0.864129359397454,0.860782767008428,0.862651577748599,0.861878583212849,0.862086120131366,0.866863301136985
2,82,1.04742742563367,1.03456652083857,1.01910225558419,1.01910225558419,1.01908797745104,1.0116994702659,1.00274121432347,0.998774285259591,0.991546248742094,0.993408278560391,0.993757737940018,0.989068918036357,0.980468575013826,0.985669809223779,0.984237882353853,0.978691001608562,0.980813201961227,0.986978236809699,0.982858704809568,0.979929347714491,0.980489495460796,0.972446937141553,1.01595052637948,1.01642421203017,1.03617223450225,1.05157007925192,1.07476881633066,1.07460485951149,1.09732334652627,1.08805046614102,1.08718300704044,1.07893185978691,1.07133026801812,1.0604595238678,1.05722166106305,1.04470275767445,1.05013041516499,1.05214134186096,1.04130682477471,1.04276907081722,1.04128068020268,1.04061551277839,1.0378717781674,1.04096190838309,1.03317706010526,1.03188295862308,1.01740244491002,1.01740839035038,1.01720621948912,1.03192614670555,1.02677695991223,1.02693288024094,1.02210839451755,1.01727210781629,1.0077484889055,0.999860383651666,1.00146181580111,1.00164668265343,1.00125897712514,0.999573946475315,1.00342627564541,1.00307116256938,1.0019688315512,1.00240736555546,1.00192687719782,1.00429052889957,0.991468529555456,0.992175673479184,0.990973327655654,0.989085695228922,0.99074045497794,0.991551638279338,0.986734612667321,0.98923545814441,0.978929431784272,0.995416072701318,0.994060626083108,1.00155546709825,1.00173365889628,1.01793708095701,1.02334003537372,1.02373702812888,1.00406590887929,1.00560751757316,1.00020891383169,0.999954311509184,0.999716730468874,1.00072396528337,1.00079619765446,1.00760942310187,1.00527702784652,1.00667578253458,1.02006788901268,1.01828821291503,1.02684366075011,1.02521582052882,1.01403784991938,1.01278969834984,1.01078799946408,1.01390871447555,1.0166944135424,1.01324019787428,1.02401000800352,1.04529181183852,1.05457438772491,1.05624206134591,1.04892321868744,1.04167789061263,1.03982723928133,1.04299540430649,1.04354090015212,1.04293614858023,1.02858659041472,1.02291530306013,1.03006668539986,1.02568222055865,1.02254486028937,1.0189382704085,1.01940513136042
2,83,0.996588237152001,0.99502857478773,0.993946699347447,1.00699032963006,1.00632654596899,0.998809938723658,1.00859980174497,1.00483135588603,0.989554723382096,0.996745291088919,0.997720530551257,0.997324364578263,0.995612196842846,0.998251759785472,0.999718924153819,1.00401300287112,0.999204355680891,0.999098052483375,1.01163531534105,1.01958186473025,1.03336010937795,1.03160415506821,0.998689758359628,0.990301727935243,0.991240948757124,1.00297896556196,1.02001254501838,1.02165132068297,1.03617589358979,1.03220626297618,1.03254666034613,1.03045760532921,1.02253855094822,1.01467245268537,1.0131073512048,1.00590775345831,0.974327334869913,0.971396398161098,NaN,NaN,NaN,NaN,NaN,NaN,NaN,0.925112540080262,0.961548457230865,1.00249895342828,1.00262682978427,1.00758676696032,1.00219560513511,1.00279680482093,1.00081867572883,0.989223740555923,0.998029036715513,0.997780398441147,1.04177745659994,1.06369753650322,1.05889376860133,1.08720971904181,1.04061869768503,1.04151425270942,1.0771705239006,1.0779143380087,1.08003147422139,1.09619499270465,1.11141841966176,1.11159045870647,1.11225347144654,NaN,NaN,NaN,NaN,NaN,NaN,NaN,NaN,NaN,NaN,NaN,0.489260334148376,0.487959563470595,0.517547350858729,0.550167751848815,0.553948230472376,0.554637869036057,0.566873011038345,0.594559887361547,0.593884975658734,0.584212332052817,0.589368738957448,0.589878907125696,0.592831388145745,0.602593476276291,NaN,NaN,NaN,NaN,NaN,NaN,NaN,NaN,NaN,NaN,NaN,NaN,0.637986166374387,0.612788842689064,0.613486687653919,0.6114089065854,0.600802174414432,0.606663713980065,0.607898840070504,0.610647882447307,0.613023163908088,0.599713599506263,0.608841739908993,0.6037123462963,0.610539570373523
2,84,0.843833306300904,0.861458721979769,0.860801205785304,0.93352716869907,0.996692842883382,0.992135315799443,1.02908320082627,1.05180520074853,1.05346926273964,1.05199143570226,1.05753841327726,1.03405463137066,1.03444765456553,1.03468107413935,1.05768147556371,1.05271631886796,1.04775116217221,1.04278600547647,1.08630428565672,1.08602473979476,1.12306802395227,1.15760719305813,1.15760719305813,1.18724743697935,1.2136569905373,1.26697173578989,1.27386187085675,1.25544028778928,1.24045986441315,1.23894656014638,1.25082536044219,1.24482759158469,1.23454198733781,1.2063412642221,1.16438679513658,1.18887703291371,1.18843984322319,1.20615244540569,1.21293651430956,1.21204852955145,1.20999583938346,1.2061035521646,1.2096231920008,1.20098328792773,1.19988687860912,1.19335664603381,1.19171809673282,1.21165017260769,1.21335325879082,1.21335325879082,1.20603600269435,1.21060963362776,1.21435890748251,1.21418006366267,1.218377228836,1.23188780332066,1.23123461623467,1.22048940549024,1.22615616388465,1.24189604710512,1.23436579988022,1.25031110400826,1.26180547581766,1.26372254239585,1.26610035744278,1.2573411893873,1.24858202133182,1.23982285327634,1.22272311105719,1.22112439847185,1.20658344236031,1.19204248624877,1.17750153013723,1.17750153013723,1.20516546578886,1.20670014061583,1.2060263676655,1.1974859089954,1.19842514361586,1.215529126143,1.21495545274579,1.22191422651242,1.21605877370592,1.21605877370592,1.21251221421099,1.17698704753789,1.19910213724332,1.19910213724332,1.21532909671822,1.23246921807985,1.23130771848593,1.2366094569593,1.2417075638734,1.2392376613951,1.21244460391274,1.19282145025009,1.17319829658744,1.17188204783649,1.19069971490334,1.19038927345844,1.19074006810552,1.20960430076986,1.20098508563269,1.20098508563269,1.20713347169712,1.20778761305112,1.20844175440513,1.20909589575913,1.20975003711313,1.21040417846714,1.21040417846714,1.22506446675525,1.26052837532957,1.26071863055762,1.29591166786283,1.31335539109716,1.31381208584855,1.31381208584855,1.3173759772568
2,85,NaN,NaN,NaN,NaN,NaN,NaN,NaN,NaN,NaN,NaN,NaN,NaN,NaN,NaN,NaN,NaN,NaN,NaN,NaN,NaN,NaN,NaN,NaN,NaN,NaN,NaN,NaN,NaN,NaN,NaN,NaN,NaN,NaN,NaN,NaN,NaN,NaN,NaN,NaN,NaN,NaN,NaN,NaN,NaN,NaN,NaN,NaN,NaN,NaN,NaN,NaN,NaN,NaN,NaN,NaN,NaN,NaN,NaN,NaN,NaN,NaN,NaN,NaN,NaN,NaN,NaN,NaN,NaN,NaN,NaN,NaN,NaN,NaN,NaN,NaN,NaN,NaN,NaN,NaN,NaN,NaN,NaN,NaN,NaN,NaN,NaN,NaN,NaN,NaN,NaN,NaN,NaN,NaN,NaN,NaN,NaN,NaN,NaN,NaN,NaN,NaN,NaN,NaN,NaN,NaN,NaN,NaN,NaN,NaN,NaN,NaN,NaN,NaN,NaN,NaN,NaN,NaN,NaN,NaN
2,86,1.01274877949285,1.01177789971989,1.00096248936603,1.00521759500084,1.00675383712268,1.0000845280559,1.00610107728681,1.01111966946111,1.00891328713644,1.00109307075318,0.996895549794968,0.989573705091683,0.989573705091683,0.989722555640503,0.991044463625027,0.991201310065775,0.991843865185604,0.997800746601466,0.997571865507575,0.990453078950621,0.994288850637589,0.992459702289056,0.992425724586302,0.988153718065613,1.01303260317549,1.0170009246295,1.05931981487658,1.07186151193473,1.07587559281947,1.07671679848964,1.06284640230515,1.04247401838211,1.0424621018731,1.04328137170453,1.0407542372838,1.02859756952578,1.02782693101812,1.02288738474896,1.03594701081323,1.03388434956921,1.03877728093225,1.03843675121299,1.02551919228723,1.03297403150756,1.03213216965779,1.03236257525581,1.03271423765982,1.02387534193486,1.00158580675035,1.00326824345248,1.03503230781413,1.03269554932008,1.03102409309414,1.04455210572528,1.07926281674512,1.09263276973654,1.10151913974059,1.11795666604259,1.1393889103052,1.14086661578128,1.15498579954764,1.14900650411201,1.1478939143444,1.16287769552426,1.15019726334567,1.15886757141675,1.15994188964961,1.18086796209923,1.18741495476236,1.18589919290321,1.20650503654175,1.21575815439089,1.23015985263983,1.23067054032337,1.2460192076632,NaN,NaN,NaN,NaN,NaN,NaN,NaN,NaN,NaN,NaN,NaN,NaN,NaN,NaN,NaN,NaN,NaN,0.545938788288676,0.544476471526003,0.500682470236797,0.543014988491482,0.543014988491482,0.590313485124985,0.626347121593941,0.653146539935305,0.653146539935305,0.682942296249611,0.725763055484244,0.727045471951845,0.721761018644644,0.706732775805224,0.706274506773184,0.689562022100983,0.753081133986126,0.788580234274582,0.787632611095854,0.807246867768352,0.852700214537566,0.850948941027233,0.872892340449184,0.853402999968728,0.853402999968728,0.877982569758171,0.905452172897741
2,87,0.901865937027138,0.891834536367658,0.891928168052161,0.964611976353757,0.988762928094631,0.989830751026149,1.01961649587009,1.03519421636972,1.03519421636972,1.05798500460555,1.07224625574783,1.07204415192879,1.06813231129815,1.01938751533167,1.01305328856633,0.986483933318471,0.999566308610593,0.996137433605245,0.996124571456353,0.995736590613977,1.00529532154854,1.00461867011125,1.00702287061439,1.01144755582391,1.01609138621786,1.01676329902369,1.02777832337462,1.03685609144265,1.03718346574294,1.02870885903674,1.01762330007384,1.01767576050641,1.01974179013924,1.01416241257797,1.0157208679366,1.01555934522938,1.00904904985958,1.00962057987843,1.01019210989727,1.01076363991612,1.01332098844111,1.02977066915481,1.02758267516778,1.03470003880293,1.03498065848523,1.03458918940268,1.00002128710814,1.01048030836029,1.01089430918029,1.01634636346313,1.01805193487375,1.01835066935206,1.041101833484,1.06151507154432,1.07735966238341,1.07789145441216,1.07557020001067,1.08245146743791,1.08234008752461,1.08640122078185,1.09283181633826,1.06311366566905,1.06589462860188,1.06670238050701,1.07641976126611,1.07494879682466,1.063887424438,1.05020744552565,1.0393600878527,1.03928605872979,1.01647675354797,1.01627787023,1.01614771171535,1.02356689163042,1.03061012699115,1.02897179176398,1.02713836863231,0.941618794426837,0.837432844635965,0.824411700328254,0.800589621390543,0.824497865820359,0.826253166461705,0.853806015621003,0.868225337434805,0.867586146002373,0.878693968302821,0.87861797845062,0.884766876037569,0.882125663048228,0.895192497766931,0.895342083936673,0.895408787724895,0.91157387058659,0.930482443794622,0.928488359829512,0.943935953293361,0.954996573896416,0.971244088244591,0.970374289193681,0.978527055237946,0.987006794901915,0.984375181652741,0.985608767801535,0.964978319581196,0.975513806906764,0.97841838455039,1.00117754677575,1.02197712243727,1.02191449086736,1.03307511293964,1.0261536890135,1.03285681942709,1.03322507032918,1.03041921988556,0.99576821034337,0.987983264571723,0.963802125913815,0.955868756007787
2,88,NaN,NaN,NaN,NaN,NaN,NaN,NaN,NaN,NaN,NaN,NaN,NaN,NaN,NaN,NaN,NaN,NaN,NaN,NaN,NaN,NaN,NaN,NaN,NaN,NaN,NaN,NaN,NaN,NaN,NaN,NaN,NaN,NaN,NaN,NaN,NaN,NaN,NaN,NaN,NaN,NaN,NaN,NaN,NaN,NaN,NaN,NaN,NaN,NaN,NaN,NaN,NaN,NaN,NaN,NaN,NaN,NaN,NaN,NaN,NaN,NaN,NaN,NaN,NaN,NaN,NaN,NaN,NaN,NaN,NaN,NaN,NaN,NaN,NaN,NaN,NaN,NaN,NaN,NaN,NaN,NaN,NaN,NaN,NaN,NaN,NaN,NaN,NaN,NaN,NaN,NaN,NaN,NaN,NaN,NaN,NaN,NaN,NaN,NaN,NaN,NaN,NaN,NaN,NaN,NaN,NaN,NaN,NaN,NaN,NaN,NaN,NaN,NaN,NaN,NaN,NaN,NaN,NaN,NaN
2,89,0.985965559095626,0.983595549531543,0.984222438377197,0.978282029716055,0.971584589488836,0.983204651850646,0.98405138048033,0.98382045623119,0.998541392143594,1.01054121724058,1.00844487163671,1.02598023419469,1.02121366040234,1.02841555326909,1.02457741236513,1.01350496157811,1.00675213949437,1.00675228895294,1.00054961395102,0.996275971645961,1.00306807723286,1.00005138824691,1.00680606776583,1.01654080678218,1.01699367285092,1.03469167188456,1.05795357630638,1.05762960918238,1.05388057717757,1.04812245104575,1.06224786938026,1.06397135616098,1.05707886718051,1.06978060102485,1.06981085753814,1.06713098447949,1.07854857496817,1.07721280202415,1.09161195693032,1.10928415068851,1.12709978078566,1.12709978078566,NaN,NaN,NaN,NaN,NaN,NaN,NaN,NaN,NaN,NaN,NaN,NaN,NaN,NaN,NaN,NaN,NaN,NaN,NaN,NaN,NaN,NaN,NaN,NaN,NaN,NaN,NaN,NaN,NaN,NaN,0.802024075648996,0.81258957359084,0.811284570958243,0.81311704278505,0.808872457913611,0.857881199995472,0.857637941294222,0.883100276688717,0.900001751528921,0.898723484645177,0.895434999695003,0.897651400410005,0.903812237273432,0.903199115477747,0.913087777958666,0.915535784531713,0.913335554112619,0.902122671967792,0.904437539092193,0.902395578132628,0.904259385412552,NaN,NaN,NaN,NaN,NaN,NaN,NaN,NaN,1.0192737037568,1.01791003647514,1.04129040932424,1.04716040483498,1.04676334139174,1.04748375465366,1.05567228953845,1.05677465980475,1.06416684766985,1.0740898585808,1.07366726491013,1.07204884095059,1.0887776292494,1.10477705417237,1.10450600828974,1.1252221685882,1.13277725751423,1.13409892436794
2,90,1.01663658997633,1.00554868510822,1.00441183030989,1.00355862491324,1.0028738185285,0.993668972138366,0.994012769820147,1.00218427745605,1.00348912284183,1.00461378167333,1.00461378167333,1.00067127810986,0.993173667218945,0.991124317945916,0.986121728759106,0.993369100524526,0.99796147134645,1.00033275873938,1.00163342291659,1.02035476995818,1.02035476995818,1.01497397622097,1.01969327814756,1.01906731918388,1.01733150853674,1.01660320267973,1.01586337383562,1.01805766047798,1.01871004653067,1.01004758644523,1.0099658987828,1.00310845748734,0.991825521261352,0.991998258077779,0.992585475928503,0.996683714697294,1.00337808115533,1.00241888513012,1.0037139479498,1.00533731858363,1.00627703189553,1.00019417250242,0.999119668323298,0.993584503361546,0.993624712626711,0.996342923757384,0.988188523923614,0.988240207377825,0.99006782086975,0.997950191324244,0.991666050596043,0.980613700516421,0.989136743961161,0.977824533156642,0.977514862470996,0.986199956383628,0.986342972329054,0.989946254263841,0.982463990382568,0.977444449116921,0.977444449116921,0.987910060024983,0.983377474928396,0.974045600113472,0.973283764016555,0.976842512705858,0.977578884718044,0.981205447175626,0.974291548685218,0.975472724924278,0.974377830027819,0.987721447766476,0.993816549816313,0.996939315998933,0.998766408132373,1.0079166422047,1.02571198482233,1.02567534615706,1.02941631212444,1.03162939116778,1.02715211180592,1.02764951937205,1.02436236251098,1.02934253687759,1.02905240599842,1.01879925549719,1.01783160225582,1.01729389796448,1.01358500080933,1.01670578480473,0.991150898132687,0.993719388858836,0.986961440733202,0.995205718391128,0.995205718391128,1.02368514987519,1.02721172783241,1.03386182590475,1.03335254516535,1.05174354489608,1.05037370433643,1.05037370433643,1.05962841882961,1.05084039865104,1.05104072690024,1.04324144230937,1.03394885867838,1.01307219798518,1.01307219798518,1.00375953293902,1.01361951250745,1.00617214410191,1.01461195267574,1.00699232320502,1.00699232320502,1.0048318871092,1.01475127783891,1.0083656281421,1.00691589261876
2,91,0.99983271913021,0.997945834015346,0.998362817790548,1.0026198497757,1.01310350545789,1.00553826362461,1.00871555581093,1.00778650913006,0.99973947255646,0.998906383161998,0.998106350455048,0.998164906314495,0.995019396306763,0.990327824319171,0.994959621664166,0.994160832560326,0.99491081223675,1.00031045040508,1.00148889528445,1.00219305028692,0.998421785148439,1.00127073090069,1.007321698474,1.00794905144747,1.00564876646686,1.01041600425,1.01195431884585,1.01682039068768,1.01650200853318,1.01691707981997,1.00828959828716,1.00216742221658,1.0034767393546,1.00217869947118,0.993277782856826,0.997998467087843,0.997972865000776,0.989378436283233,0.99168120656601,0.988998447601191,0.984808366884956,0.984810699674295,0.984784261116227,0.984454251826739,0.984426274381625,0.978604948430322,0.97933452236911,0.98842879976295,0.980140700756905,0.987193284666235,0.987190776921999,1.00043096280883,1.01569435983313,1.01591137871175,1.0053089863407,1.00404400034499,0.996995941806935,0.996448408476881,0.992599856979485,0.987039089429857,0.987422104039255,0.98797081710279,0.991015182082302,0.993375511424396,0.991960345273442,0.989883655947623,0.990255556616993,0.991333209135171,0.988249446965967,0.98537021870201,0.984236125423857,0.989191638312892,0.989045807246634,0.988907669553547,0.992488428239295,0.996389007570252,0.991753303096806,0.994528038747477,0.996284741080179,0.992936958767301,0.992869892659188,0.990760672173893,0.994960155139006,0.994513682176199,1.00035088544381,0.999829669227702,1.00251745447648,1.0003660018314,1.00218568572591,1.00285874531072,1.00096716318026,1.00873681473912,1.01013532493554,1.00890062917892,1.00787153150406,1.00106947380969,0.988972890743721,0.988943438240169,0.979862284489812,0.995742164410767,0.990837677633035,1.00177350799033,1.01205889767823,1.01495858249563,1.01440023409284,1.01712485642675,1.01809291141898,1.01846278825289,1.00797804799103,1.00266176296268,1.00336477782828,1.00304464996196,1.00545771596505,1.00274893578555,1.00358970845145,1.0092585199787,1.00398093576174,1.00338007404911,0.99269639175519
2,92,0.998272593126795,0.998525900847934,0.996984701236947,0.993053595039866,0.992353286721211,0.993684736243888,0.994280809597236,0.991407100738016,0.986314115069101,0.985973491783057,0.991706323742703,0.999318969914067,0.992669254398497,1.00793217388068,1.01387108428789,1.0213178223315,1.01882555280975,1.01149627975425,1.01201220847661,1.01168838579749,1.00908234711611,1.0085200923871,1.0079481266412,1.00453510225621,1.00204709661163,1.00196077500064,1.01851663509768,1.02747729608,1.02222817792829,1.02280796110474,1.03422027322673,1.04446242750844,1.04468708243733,1.05242788228131,1.06794051076082,1.0856838766197,1.08555190657458,1.0910074519955,1.0896998600645,1.08096458802153,1.07934019661736,1.07502531618653,1.07502531618653,1.06950735890813,1.07722606641863,1.05866466798921,1.05901507141054,1.04555212732221,1.03824116335254,1.03855853260536,1.04192568521747,1.04557013079141,1.06309843212185,1.05979743241119,1.05156322821846,1.05516813293065,1.05516813293065,1.0468877392082,1.04498048870964,1.0429999361744,1.03594005669817,1.0446699305887,1.04469269451007,1.03239694563987,1.03957002281133,1.04030728759279,1.04112445768686,1.04118034246341,1.04779357593107,1.04232629069451,1.0441554454495,1.0336476127493,1.03836863689977,1.03233846049015,1.03949100020075,1.05551811057655,1.04881762564359,1.05331111782282,1.04128823335691,1.04204869819622,1.04204869819622,1.03440035256043,1.02959923393605,1.02499389148791,1.02287178766387,1.02435379251081,1.02230765668803,1.02195379961318,1.0260577243416,1.01738641267421,1.01610832295333,1.00843986354148,1.01716357394376,1.01645781798889,1.03008908541188,1.03855062053148,1.03957677962685,1.04541361364804,1.04167704415956,1.03577152235386,1.03396450840559,1.02954222028894,1.01721558372447,1.01599238652864,1.01807339979453,1.02001919983422,1.02001919983422,1.02041167297704,1.03190405446591,1.04516278547212,1.04501850046787,1.04119729339216,1.04006260237806,1.0379621498755,1.04037888535752,1.04192166963254,1.0340370182488,1.03462270176352,1.03174281943235
2,93,0.996342187095548,0.99423181980616,0.993260983169392,0.992147878063253,0.982138506570453,0.981789046052569,0.994840740012124,1.00688566430303,1.0087803766789,1.00925428876214,1.01137014333778,1.00844690059976,1.00877169602909,1.01386558507662,1.00251644995939,1.00072253158529,1.00129604807377,0.996568809356396,0.996770345468336,0.996501670151027,0.994112129301184,0.980447817769462,0.980445425097053,0.991928974261712,1.00399752189761,1.00303711699059,1.00833876210962,1.02242401266961,1.02111720867311,1.01894087180771,1.01935560747811,1.02135538196664,1.02080900133266,1.01336362052038,0.998088171901433,0.998941534875991,0.998055520013331,1.00420998027168,1.00262041381626,1.00229769257567,1.00077143977849,0.99634740254356,0.98899156974101,0.991893638986137,0.990320118898579,0.986241561862219,0.985532710066215,0.98492069135304,0.97968144419235,0.98004955801994,0.989050160360914,0.990369157661766,0.996708918124973,0.99398229924364,0.990819904778077,0.989792624820684,0.988639175592865,0.990718642641796,0.989275783569421,0.986704300575027,0.990040869986455,0.987255437855469,0.98972353144389,0.988973281079129,0.986428147956378,0.98617014395186,0.985189343328871,0.987379100107501,0.990454236453321,0.988328539012875,0.978500363331312,0.982009782465508,0.992275189658957,0.991899622484276,0.993135078780657,1.00001027488511,0.997845363892736,0.996647332032604,0.992439270182178,0.993194287126063,0.993171258595656,0.991367112362807,0.990360163741067,0.990975639286217,0.985231496192417,0.985147685491612,0.984136448354552,0.97859069906287,0.984991232180058,0.989695227126407,0.990764792776153,0.985451354530476,0.983804019324873,0.985905338665452,0.989522947536124,0.993387449385992,0.99467968027007,1.00149872350756,1.00522453397045,0.997602006029943,0.998041110153186,0.995266558597803,0.990279052117893,0.990455899461061,0.98830696651978,0.988577260862106,0.986741338082745,0.986920665748523,0.985823226544714,0.981135688681576,0.981012658021205,0.985077661144064,0.98706785158996,0.986030598783167,0.992896712418414,0.987123670503699,0.982909865505279,0.98263567916109,0.980985739454109
2,94,1.00605451855069,1.00055261902593,1.00005220548944,0.996523913328014,0.997672354246219,0.992361815378735,0.992319682292642,0.989851941195648,0.998465992256008,0.995859032848265,1.00522455802826,1.00797016257998,1.00196350348545,1.00161488282802,0.996229578331644,1.00401606105274,1.00461460989643,1.00391496120536,1.00473760798052,1.00322170734959,1.00230310977326,1.00824215893151,1.02412961948961,1.02225236837587,1.03343709327342,1.04659879665051,1.04106764758935,1.06332548520485,1.05715713156386,1.05801935833771,1.05837160340002,1.06166403729377,1.05530572711247,1.0548740981318,1.04553118990832,1.03851297394624,1.03685604414682,1.03171541526339,1.02858187691414,1.02291071941848,1.02333328004051,1.0190454021816,1.0178090407619,1.01895486014871,1.01428557801256,1.01763595490007,1.01711452736006,1.02569260230237,1.02061980067676,1.00940779175055,1.00952121994442,1.01165553548706,1.02201543836361,1.0168817354603,1.01884923955609,1.01682322119537,1.02464665114526,1.02336255131645,1.01613776369898,1.01387243478282,1.01373255246953,1.01363963708426,1.01516554212366,1.01441227600302,1.01024283794319,1.00034851393466,1.00453022577223,1.00659423503312,1.00760657444852,1.01061801612897,1.0138967297912,1.00721102458157,1.01196746034325,1.01159488794389,1.01771230383812,1.01200011706872,1.00589317611911,1.00648284550418,1.00484073248181,1.01004636843362,1.00779908369841,1.0030492283555,1.00927412906991,1.00484558040061,1.00506369902982,1.01694592982415,1.01701277566012,1.01758589235935,1.02507249011783,1.02981903756933,1.03029614682693,1.02088921653086,1.01736827711551,1.02302616983746,1.02249748982523,1.01967527751277,1.01095482628067,1.01060758019669,1.01306557790516,1.01427609758744,1.01499213954712,1.01510270302197,1.01680565673632,1.01618635404712,1.01563089750495,1.01746302267266,1.01357740273305,1.01346545440235,1.01119824281029,1.01225561995341,1.01218381358538,1.0153424397001,1.02092964564817,1.02129224316787,1.02129224316787,1.02169488164979,1.02163648369626,1.02180403914941,1.01696476306017
2,95,1.01431980246385,1.01447466652759,1.01819017617368,1.01049854701695,1.00268451998727,1.00165965136748,1.00227837880909,0.996154684674899,0.996166925053424,0.999957640151121,1.00167466982856,1.00159909731072,0.994547605398399,0.994083885125193,0.990058020783165,0.989195996102508,0.990656505173563,0.990839449196946,0.990959778855585,0.989668607146422,0.992103290420432,0.97837814678394,0.979071308944096,0.987552975656545,0.988740113556815,0.98684578276201,0.995058740293628,1.0111165301782,1.01045788971485,1.01027357611185,0.998143710487089,1.0032988893629,1.0025521019744,1.0022345184815,1.0014053621546,1.00094139408067,0.995597541793683,0.99513037672711,0.995115786521537,0.990747541673909,0.992091376527107,0.986021311198958,0.984305673688318,0.980255785547213,0.979093803506284,0.978922727369965,0.976688054988136,0.97154386614901,0.95365036407373,0.952712322529537,0.933595830442827,0.949496154506546,0.951097134280496,0.956585963492286,0.975465633984374,0.975726113576686,0.9969843807621,0.995936994038519,1.00907915277941,1.00903004215861,1.00077647088316,0.989216657282545,0.988532684045243,0.985430860276167,0.988269602812098,0.988665487304878,0.973395546096603,0.976184760513834,0.980970878663375,0.981635241228598,0.975517971795179,0.977649680868683,0.977477503532391,0.976936788505827,0.970310677651307,0.969864831801802,0.974508115598365,0.971512702363108,0.96478263726479,0.9663744653628,0.964740572458503,0.965309455819377,0.965030971864686,0.95779533563907,0.954133367905459,0.960561841165353,0.960827077932862,0.957426268127317,0.94414279508949,0.944478059238052,0.949719177109988,0.952858852529342,0.959536715203848,0.959075716636943,0.968541492268087,0.977189074316216,0.977388317661555,0.980101523037784,0.976620443974235,0.976742200455649,0.962013652208271,0.969756272324637,0.974720323366154,0.975188550512015,0.983075897571769,0.985899946930283,0.986349949155217,0.991414413461288,0.996027796954684,0.995627105479745,0.994573200615834,0.987255619569444,0.981998125735065,0.983052737991029,0.98214188191201,0.974870343838345,0.974829348254446,0.972770446304953,0.968816988786362
2,96,NaN,NaN,NaN,NaN,NaN,NaN,NaN,NaN,NaN,NaN,NaN,NaN,NaN,NaN,NaN,NaN,NaN,NaN,NaN,NaN,NaN,NaN,NaN,NaN,NaN,NaN,NaN,NaN,NaN,NaN,NaN,NaN,NaN,NaN,NaN,NaN,NaN,NaN,NaN,NaN,NaN,NaN,NaN,NaN,NaN,NaN,NaN,NaN,NaN,NaN,NaN,NaN,NaN,NaN,NaN,NaN,NaN,NaN,NaN,NaN,NaN,NaN,NaN,NaN,NaN,NaN,NaN,NaN,NaN,NaN,NaN,NaN,NaN,NaN,NaN,NaN,NaN,NaN,NaN,NaN,NaN,NaN,NaN,NaN,NaN,NaN,NaN,NaN,NaN,NaN,NaN,NaN,NaN,NaN,NaN,NaN,NaN,NaN,NaN,NaN,NaN,NaN,NaN,NaN,NaN,NaN,NaN,NaN,NaN,NaN,NaN,NaN,NaN,NaN,NaN,NaN,NaN,NaN,NaN
2,97,NaN,NaN,NaN,NaN,NaN,NaN,NaN,NaN,NaN,NaN,NaN,NaN,NaN,NaN,NaN,NaN,NaN,NaN,NaN,NaN,NaN,NaN,NaN,NaN,NaN,NaN,NaN,NaN,NaN,NaN,NaN,NaN,NaN,NaN,NaN,NaN,NaN,NaN,NaN,NaN,NaN,NaN,NaN,NaN,NaN,NaN,NaN,NaN,NaN,NaN,NaN,NaN,NaN,NaN,NaN,NaN,NaN,NaN,NaN,NaN,NaN,NaN,NaN,NaN,NaN,NaN,NaN,NaN,NaN,NaN,NaN,NaN,NaN,NaN,NaN,NaN,NaN,NaN,NaN,NaN,NaN,NaN,NaN,NaN,NaN,NaN,NaN,NaN,NaN,NaN,NaN,NaN,NaN,NaN,NaN,NaN,NaN,NaN,NaN,NaN,NaN,NaN,NaN,NaN,NaN,NaN,NaN,NaN,NaN,NaN,NaN,NaN,NaN,NaN,NaN,NaN,NaN,NaN,NaN
2,98,NaN,NaN,NaN,NaN,NaN,NaN,NaN,NaN,NaN,NaN,NaN,NaN,NaN,NaN,NaN,NaN,NaN,NaN,NaN,NaN,NaN,NaN,NaN,NaN,NaN,NaN,NaN,NaN,NaN,NaN,NaN,NaN,NaN,NaN,NaN,NaN,NaN,NaN,NaN,NaN,NaN,NaN,NaN,NaN,NaN,NaN,NaN,NaN,NaN,NaN,NaN,NaN,NaN,NaN,NaN,NaN,NaN,NaN,NaN,NaN,NaN,NaN,NaN,NaN,NaN,NaN,NaN,NaN,NaN,NaN,NaN,NaN,NaN,NaN,NaN,NaN,NaN,NaN,NaN,NaN,NaN,NaN,NaN,NaN,NaN,NaN,NaN,NaN,NaN,NaN,NaN,NaN,NaN,NaN,NaN,NaN,NaN,NaN,NaN,NaN,NaN,NaN,NaN,NaN,NaN,NaN,NaN,NaN,NaN,NaN,NaN,NaN,NaN,NaN,NaN,NaN,NaN,NaN,NaN
2,99,1.00081718984567,0.99258618209663,0.992612602402255,0.99033303199933,0.992944266561594,0.992731648021403,1.00476425052128,1.00799717188046,1.00735819540175,1.00679663493365,1.00486095941944,1.00448011891734,1.00421083284932,1.00444083080892,1.00258872014219,1.00288756886352,0.99007001852932,0.990939705520013,1.00658007128593,1.00309373183903,1.02403284634947,1.03186009892251,1.03012780473703,1.03260172060138,1.03329709722417,1.02473951046849,1.02480430762946,1.02130800028731,1.01219978673005,1.01209518772298,1.01366221096377,1.01005620614997,1.00891497485484,0.99929748570016,1.00750013035763,1.00543940662545,1.00294933316093,1.00561592324543,1.00508105393797,1.00338726734298,1.0091218678741,1.01363972480949,1.013291774267,1.00948690482352,1.0160423179659,1.01111027408815,1.01241678230259,1.00867506208388,1.00709246995088,1.00744335116326,1.00231182722182,1.00091494808863,1.00085684740365,1.00252546544334,0.999750056243783,1.00042697937538,0.99993855776791,0.99596762049168,0.997402198127448,0.996927040904212,0.995273968363952,0.997046189621373,0.987728458890378,0.989344688690469,0.993362743226182,1.00394780705606,1.00455751876923,1.0104634678721,1.00926376377989,1.0082824142074,1.01189902176755,1.00751219011376,1.00373590642093,1.00094339525814,1.00507570035386,1.00479505848181,1.00583910270675,1.00272902270948,0.994680797764063,0.993829379477659,0.997460067313168,1.0092307666995,1.02107944577613,1.02095267234081,1.02870535624732,1.03317334406346,1.03646082089389,1.03028247924779,1.02587278843012,1.0211185128458,1.02086037415709,1.01886749703342,1.01970891632161,1.01943348034814,1.01605204457667,1.01989945952216,1.02027740713102,1.02177859258843,1.01730691570903,1.00658974997182,1.00554717962233,1.01143871002864,1.00901886061513,1.00968591074852,1.01742705689894,1.02718814274487,1.03109837642731,1.02952572705717,1.02824096437309,1.02402932240096,1.02372705677709,1.02033423543052,1.01800902248832,1.01891301445162,1.02279727889666,1.0202743022627,1.01754073561424,1.01670176136783,1.00876164404148
2,100,NaN,NaN,NaN,NaN,NaN,NaN,NaN,NaN,NaN,NaN,NaN,NaN,NaN,NaN,NaN,NaN,NaN,NaN,NaN,NaN,NaN,NaN,NaN,NaN,NaN,NaN,NaN,NaN,NaN,NaN,NaN,NaN,NaN,NaN,NaN,NaN,NaN,NaN,NaN,NaN,NaN,NaN,NaN,NaN,NaN,NaN,NaN,NaN,NaN,NaN,NaN,NaN,NaN,NaN,NaN,NaN,NaN,NaN,NaN,NaN,NaN,NaN,NaN,NaN,NaN,NaN,NaN,NaN,NaN,NaN,NaN,NaN,NaN,NaN,NaN,NaN,NaN,NaN,NaN,NaN,NaN,NaN,NaN,NaN,NaN,NaN,NaN,NaN,NaN,NaN,NaN,NaN,NaN,NaN,NaN,NaN,NaN,NaN,NaN,NaN,NaN,NaN,NaN,NaN,NaN,NaN,NaN,NaN,NaN,NaN,NaN,NaN,NaN,NaN,NaN,NaN,NaN,NaN,NaN
2,101,0.997535461366463,1.00238321542386,1.00235289958917,0.99995957515032,0.997646991650462,1.00025803179051,0.999137053184622,1.00339195557116,0.996924979600039,0.996328293749594,1.00290837566393,1.00132388358768,1.00193106732947,0.9984498134661,0.99908100175993,0.998921213956835,1.00196966400757,1.00021222254402,0.999284300608268,0.997785510515512,1.00292851255493,1.00622890989892,1.00547669319309,1.03958189136724,1.03909287833778,1.05170196337012,1.0499462843264,1.04750813426254,1.04236125550297,1.0430251594962,1.03393495295803,1.02554642597519,1.02550969593654,1.02173650583579,1.01244739425053,1.00809551917275,1.00892819476502,1.00405736861182,0.99808987764964,0.9982188375511,0.999381281633051,0.992993102177092,0.992922400365084,0.992700524669733,0.993548940660639,0.999721516233953,0.997533945839508,0.997202308598402,1.00944644640903,1.00971593240239,1.02250682393649,1.02877203376353,1.02906646858709,1.02827181677671,1.03511463479726,1.04053405135199,1.03925247307595,1.03920038814864,1.03808370537449,1.03818129707708,1.04884289567628,1.04785176880728,1.04458404667283,1.04351055661324,1.03822601927137,1.02427453081221,1.02336737550223,1.0174279307451,1.01610494879831,1.01218461921338,1.01098316556664,1.01303851875021,1.00683494086814,1.00281943636316,0.999166883667603,0.998237963850987,0.996595861648001,0.99545954541089,0.997390736866877,0.997577758185952,1.02529701438169,1.02856805753557,1.02626484206135,1.02374233963602,1.01717308364351,1.01530908227289,1.01560176292234,1.01859312639663,1.00892761059897,1.00785915432087,1.00803981091344,1.00166858568552,1.00034456524741,1.00008683281591,1.00070635509375,1.00446899834171,1.00341371342234,1.01309148957129,1.01831208184033,1.02022799956486,1.01980413842203,1.01900876258948,1.01452491160822,1.01414447268962,1.01385755321797,1.01371175062347,1.01684079586091,1.01714483290631,1.01057844258335,1.01169136851474,1.01247201937766,1.00868796734332,1.0079506612046,1.00860875424607,1.00841863959844,1.01010479648822,1.01833203909389,1.02204917326253,1.01813233923466
2,102,1.02593680243315,1.02520383447321,1.02531037443704,1.01568802865539,1.00783963949739,1.00155973073036,1.00284771047636,1.00066542405844,0.999321363178206,0.99563040527208,0.996072507753814,0.992027909310612,0.990230813745215,0.985670454588263,0.98648629218218,0.989109460228526,0.990338443746501,0.989019022421067,0.98104178281219,0.981759639619848,0.978844353419075,0.996277638326689,0.9963476559687,1.00326085097951,1.01541354688396,1.02127049270692,1.02155313891676,1.02366674064861,1.02537396008986,1.02626416936754,1.02600729928858,1.02316562843806,1.0193446484578,1.01929789151614,1.01713413182335,1.01684187417258,1.01665880935912,1.0125029862928,1.00797585152268,1.00803988062162,1.00880715129268,1.00102510168763,1.00577906959245,1.00664391259343,1.00431940566086,0.997351672829848,0.998309065136363,0.993521874068531,0.984371051294757,0.984751543358633,0.986567797726395,0.99208867430746,0.995878519747548,0.996697546191993,0.997077894863669,0.999471249927572,0.999170548783158,1.00049170677583,0.999008694583693,0.995113645788249,0.997475705127887,0.999874967712007,0.992018253025033,0.991314131799109,0.990866593668279,0.985138274519967,0.986249670326659,0.98036991941873,0.979012247689165,0.984207346333451,0.984483004158912,0.982770429094947,0.983587168683948,0.984114011969231,0.986327521094153,0.987504542751279,0.987582638218428,0.987344124799201,0.98756411841671,0.979559223427964,0.978924614164023,0.977072710112014,0.985254983790421,0.985559498047774,0.982925147736577,0.988887583222922,0.99165636775022,0.989030239424667,0.996694766889721,0.992859100013483,0.991601049673763,0.992107473398046,0.990178166085245,0.989937177525479,0.987517147938982,0.988254918862824,0.98374295069691,0.985248960981547,0.973903359879911,0.977699713872688,0.977783484777945,0.979499251269537,0.991144691792523,0.990560260867082,0.990659516975247,1.00267630426715,1.00013264039523,1.00071416067722,0.994919085838525,0.997025723338493,0.997435134216173,0.998972584428341,0.996177788370641,0.986579823283525,0.986598198311569,0.987776746547625,0.982052530517721,0.982473606018823,0.968848050218155
2,103,1.00471399317115,1.00092702078515,0.999761770949537,0.999031695174422,0.999584094559768,1.00060834128463,1.00169963158133,0.999145356777721,1.00004127183751,0.99924393629595,1.00341089951692,1.00253968977248,0.998478762235007,0.997029429241357,0.992615344436674,0.995036534797362,0.994296267910405,1.00097273706985,1.01086322260278,1.01366250448945,1.01013307776981,1.01592148323912,1.018917507182,1.01852187430799,1.01787508500276,1.02760889533649,1.02597006255822,1.03652710933078,1.03884749015271,1.04181692517535,1.04277736923124,1.03358324633948,1.02319792450169,1.02299654360293,1.0254935197442,1.01874514490392,1.01805575739557,1.01859338959865,1.01056154039214,1.0108793604347,1.01189214776911,1.00320203959511,1.00423134243865,1.00524001760647,1.00873176041279,1.00581191117607,1.00640800714271,1.0080717019969,1.00380277843516,1.00267957624855,1.00249688937745,0.99838826354526,1.00072993258579,1.0009130599572,1.00752513079486,1.00584240389993,1.00800826619074,1.00555282905454,1.00253926355363,1.00049043255676,1.00051147538951,0.996875224985913,0.995503526686164,1.0024852434604,1.00361308352909,1.00161452116458,0.998881863031291,0.999313038386327,0.996132347467305,0.994349504698889,0.99757456256189,1.00277663178234,1.01081968703306,1.00105384544806,0.999644897584453,1.00556904526297,1.00197283709792,1.00082032393523,0.99987466520666,0.999912917458762,1.00060032144442,1.01331272628131,1.01258131922559,1.01571067413778,1.01642414439659,1.01490952684031,1.0175805562491,1.01598374988613,1.01753640719932,1.01820298888824,1.01481127846133,1.0222541720105,1.03576623001227,1.03748309385762,1.03721954425884,1.03995218817833,1.03655654406732,1.03629109233973,1.03830344237693,1.02663118533795,1.02591009117508,1.01817023784237,1.01319742340963,1.00639138900008,1.00662318911369,1.00408786948888,1.00473086554222,1.00537405131919,1.00292295511325,1.00255369005262,1.00120115159869,1.00096006948552,1.00546094820517,1.00137896035918,1.00129935739388,1.00747810551944,1.01741795501222,1.01575617287467,1.01699203523386
2,104,1.01235778197783,1.01271825818727,1.00930612914048,1.00583319342976,1.00494975228766,1.00699367037121,1.00683957020926,1.00237519944163,1.00517063065951,0.995390427189829,0.991032774234475,0.990128504055908,0.992079743514824,0.992812272114407,0.99344335828675,0.992885288519787,0.997440618316005,0.993620179682696,0.994622648380709,0.997545299193538,0.991721145971011,0.992001454602395,0.98566487468254,0.985822343661903,0.988113011820395,0.987346334580615,1.00390134786428,1.01334102516261,1.01092338505627,1.01797813747035,1.01468763890514,1.01467771966124,1.0013891422175,0.993422895834575,0.988345039807916,0.98680676866971,0.985897541613133,0.986419900382576,0.986186713676061,0.984411361285693,0.981748251522925,0.982782149564421,0.981383266206791,0.980142171723614,0.968166938330126,0.968528170882765,0.976738742352299,0.969709619110424,0.9683459344406,0.969965569450959,0.966655684964346,0.968432907566219,0.970031349948125,0.97473156308978,0.978311380519634,0.979510802630023,0.981165659241556,0.976680680424941,0.971635580181701,0.981010272744034,0.974960665144061,0.975143649408711,0.97520829351066,0.976902256514501,0.975810242692189,0.975573491631137,0.96501483769504,0.962293248267605,0.96259686648504,0.963000549500426,0.958518975292121,0.95886331680912,0.95836635617256,0.960053497498799,0.972981252618971,0.97303247253108,0.964729030455076,0.960960390231435,0.961331950545549,0.959564721107759,0.963379307070602,0.962066757025536,0.962741379578051,0.964766158021617,0.959703992205479,0.959865176698655,0.967767968146101,0.971270787107083,0.970729528931845,0.970647327430463,0.970676231648624,0.965658460056312,0.965304104975024,0.963353795385057,0.969064250541563,0.96822406845412,0.960534392290212,0.957730580098633,0.958338843094025,0.962038067288863,0.956603729753003,0.960025149083494,0.960353587061904,0.962681514613439,0.96105817576562,0.969055214608015,0.969435065004288,0.971906294618314,0.980603754797446,0.982119988742402,0.989916828354365,0.995276527848411,0.994992539765115,0.992543955366105,0.985259807812614,0.985458400282125,0.984024296966777,0.979267012288539,0.974367991410641
2,105,1.00826103816973,1.00989642419382,1.01703669195597,1.00773413090594,1.00883777795083,1.00693208482005,1.00109959065455,0.996685235259301,0.996762877199397,0.995854225204088,0.991487423234845,0.99193133929401,0.994998107536268,0.998053833859347,0.998887541748055,0.998940511356254,0.987693644673684,0.994408477887249,0.994499044096602,0.991653961312314,0.999279451334265,0.998911872360835,1.01495651724194,1.00457214672565,1.01715690033834,1.01784329410336,1.03092586659615,1.04136737334315,1.03912185886602,1.03817596818841,1.04426942682934,1.02798083202308,1.02872905557093,1.05793069552201,1.06470017698713,1.06285470189185,1.05094772040122,1.06729115841463,1.06565755446819,1.0681147784341,1.03414716855746,0.93498482249038,0.934005012469745,0.82160686057922,0.828609868045235,0.829023718041888,0.850987188361332,0.866799261021673,0.866799261021673,0.858330127232451,0.874521952154954,0.846934346519384,0.847096724023868,0.808541314970912,NaN,NaN,NaN,NaN,NaN,NaN,NaN,NaN,NaN,NaN,NaN,NaN,NaN,NaN,NaN,NaN,0.617603140374867,0.590858307350225,0.589951640587825,0.558129016456415,0.586322757551906,0.587327709233251,0.618415200281647,0.614156813918558,0.615365195804945,0.615365195804945,0.620710669325027,NaN,NaN,NaN,NaN,NaN,NaN,NaN,NaN,NaN,NaN,0.54405744150258,0.535038014079399,0.560299848510413,0.592255736703098,0.588427754181714,0.588017570691843,0.560021546763615,0.542697104461045,0.543405951023072,0.540701070750059,0.546465313111983,0.536488818207305,0.537070627597196,0.538045661404612,0.52022218374136,0.517943195832292,0.486945304665483,0.48844856239924,0.487785789397208,0.504784561186836,0.508740171421532,0.52069330126941,0.52155178641186,0.547187007226813,0.550763331230081,0.552458310062281,0.558090202215044,0.557305394425257
2,106,0.794763900912528,0.775424909196684,0.790893693393513,0.790893693393513,0.867479889674034,0.93877739179339,0.938856054810251,0.990835135925581,1.05545207374039,1.06082302327096,1.10605140788217,1.1202134273909,1.10475408920679,1.10654832017633,1.11104727443074,1.11418901298225,1.10964652287033,1.10756375725246,1.11578642169718,1.11578642169718,1.12211307825346,1.13815871037387,1.14337831365593,1.14240186882507,1.15345037166234,1.17683121484927,1.17785778185567,NaN,NaN,NaN,NaN,NaN,NaN,NaN,NaN,NaN,NaN,NaN,NaN,NaN,NaN,1.27185597237076,1.28279368983698,1.27982334471734,1.28612074194005,1.29815533979578,1.29976819595832,1.2883250134835,1.28330631625224,1.28183736860298,1.28284111460515,1.27988663353925,1.29591552361328,1.29498580935113,1.34752461859555,1.38620055970042,1.38227608123637,1.40563244279216,1.41550861993004,1.4213769412374,1.41894361123956,1.44825109012616,NaN,NaN,NaN,NaN,NaN,NaN,NaN,NaN,NaN,NaN,0.584663175440387,0.554382831464733,0.553415215005608,0.591823067078577,0.620706465174875,0.618529360062534,0.644827489345955,0.662505583846364,0.662766779547021,0.69951998374991,0.682783995490413,0.682998472006473,0.726638680110368,0.844219199558585,1.03356302297161,1.03606039585546,1.09798650144237,1.14728607860091,1.14803993087365,1.17135331313154,1.19651334959184,1.20338627726252,1.20405959036212,1.20796777078539,1.20472064237146,1.20357786413146,1.23741951867963,1.23962145105168,1.23954089244456,1.23980413835202,1.24210426910403,1.2555206556257,1.25776624199802,1.27355251588392,1.26162042785574,1.25705780580118,1.26144407497331,1.2563543639928,1.1957716557983,1.19513710791601,1.06360230899448,1.068398357527,1.06769296267449,1.0690111655014,1.0739522226765,1.07612071387023,1.06314077422351
2,107,0.962606735388664,0.966154166849397,0.966330091907553,0.918319221096493,0.924380038025392,0.959965342593732,0.957144240853279,0.987231284635978,0.981192787359173,0.981246711220709,1.03865493492315,1.07575856542429,1.07695071280061,1.05537886519947,1.04210627079855,1.03530854709508,1.03504200944716,1.02043827170916,1.01579120267217,1.01517842131222,1.01659573084558,1.03086965774692,1.02735432251705,1.03521993723928,1.02689273067331,1.03935025669788,1.04040798113908,1.05125681746369,1.05362722884419,1.05660736204135,1.04826932421839,1.04082438572718,1.04034568506018,1.04071474103649,1.03792329753803,1.05984979774738,1.06015047970474,1.05597662020893,1.0521370017402,1.04990695923118,1.0464853514716,1.04466122558031,1.04681655814737,1.04477356412928,1.03765410372983,1.03383008507818,1.03277676859378,1.03087766850868,1.03623207086531,1.03718373718898,1.02994127025528,1.03428495924062,1.03094519058881,1.02388359627771,1.02256776653242,1.02980024937652,1.02975197281775,1.02374101863996,1.02699670035452,1.02502099713954,1.02559619891706,1.02179201026681,1.02447253611467,1.02293203973792,1.01202896476553,1.01328502360683,1.01328502360683,1.00912111064338,1.01486232810596,1.00450646488591,1.00455198898963,1.01038110054893,1.00820665955774,1.00646276556148,1.01512757496898,1.01965187797052,1.02282365518546,1.02082679666681,1.03697554249567,1.04180544473599,1.04151307417293,1.05538991704544,1.05377289792726,1.05377289792726,1.05416129141143,1.05222400536335,1.0509369301255,1.0497316852422,1.0453111568233,1.04525613272409,1.04499947665544,1.03149929554208,1.03134157690015,1.0258472350696,1.03401154143803,1.03297594752003,1.0353810312964,1.0353810312964,1.03361667082857,1.0350966501402,1.03424199810567,1.03219998624635,1.03305957663685,1.02895287603314,1.02923093766665,1.03012203138827,1.03028774666651,1.03706155710659,1.04209163364592,1.03871831943368,1.03826485006118,1.03881130844181,1.03796105672953,1.04133049547934,1.04186468673489,1.04949758758516,1.06478800278363,1.06257707124757,1.06420972671727
2,108,0.973866633150421,0.983951283256082,0.994018854536983,0.992157375304176,0.996416714534848,1.01057613995813,1.01128535865979,1.01933638555435,1.02592599807301,1.02523436688781,1.01396236237901,1.01035228082237,0.999438019067243,0.999146318973906,0.994160313274676,0.989688508648414,0.991510185540953,0.988454811272917,0.980518090104907,0.988457028013565,0.988457028013565,0.987104595766589,0.99021013593628,0.992400164223955,0.989724364119622,1.00146536019423,1.00253975076197,1.01504235779832,1.0261165544314,1.02396421797371,1.0273226889425,1.00445085835196,0.995919296119537,0.995919296119537,0.999348824229439,0.999124412589222,1.01025297788782,1.01025297788782,1.00985127140692,1.00325295129975,1.00438596877254,0.995630018847843,0.993006165165163,0.993021139542403,0.984127230644521,0.98251071899487,0.98245841786768,0.990041920328845,0.983021776738655,0.999452246841761,0.999452246841761,1.0036621239459,1.00032666642179,1.00231768562409,1.01085463328991,1.0003808791117,0.988887660647444,0.990592104411414,0.999889429432625,1.01918396066368,1.01037109056927,1.0192897284445,1.04175708323155,1.0606832652344,1.05815046929732,1.06102104192877,1.0562871559759,1.0495028561358,1.04887983838797,1.07029535080954,1.07058178783107,1.08229398768677,1.08277845210053,1.09441444129465,1.09574711251691,1.13011688052688,1.14544682058467,1.1462935983133,1.12832381566733,1.11698305470952,1.11715440725041,1.1116986150745,1.09122670188476,1.08613053151606,1.08538938024077,1.1060362356705,1.14862100851051,1.1387752552847,1.15837916984365,1.17223357211622,1.17222964024755,1.16419368477456,1.18844048772337,1.18401712739535,1.18413663296098,1.19265538324562,1.19668612156807,1.20334721708448,1.21923566927938,1.22395458380852,1.23377779100814,1.23603810796751,1.23668668925283,1.24041295291033,1.24129957538699,1.26478819658323,1.26247604171209,1.26148669364119,1.27422327476212,1.29806253142955,1.32753001421308,1.3286230579625,1.33259538564679,1.32246564921216,1.32203192293289,NaN,NaN,NaN,NaN
2,109,NaN,NaN,NaN,NaN,NaN,NaN,NaN,NaN,NaN,NaN,NaN,NaN,NaN,NaN,NaN,NaN,NaN,NaN,NaN,NaN,NaN,NaN,NaN,NaN,NaN,NaN,NaN,NaN,NaN,NaN,NaN,NaN,NaN,NaN,NaN,NaN,NaN,NaN,NaN,NaN,NaN,NaN,NaN,NaN,NaN,NaN,NaN,NaN,NaN,NaN,NaN,NaN,NaN,NaN,NaN,NaN,NaN,NaN,NaN,NaN,NaN,NaN,NaN,NaN,NaN,NaN,NaN,NaN,NaN,NaN,NaN,NaN,NaN,NaN,NaN,NaN,NaN,NaN,NaN,NaN,NaN,NaN,NaN,NaN,NaN,NaN,NaN,NaN,NaN,NaN,NaN,NaN,NaN,NaN,NaN,NaN,NaN,NaN,NaN,NaN,NaN,NaN,NaN,NaN,NaN,NaN,NaN,NaN,NaN,NaN,NaN,NaN,NaN,NaN,NaN,NaN,NaN,NaN,NaN
2,110,1.03440149278047,1.03910195941197,1.04211673542021,1.04282537296012,1.03972698074346,1.03452372038247,1.03393056943809,1.02772853314963,1.01992550488949,1.02154856694369,1.02154856694369,1.00990478995512,0.996092241298262,0.996320559915957,0.957374039505965,0.916576998311135,0.915072634143343,0.913009992834256,0.938270740972686,0.940202505991865,0.941754521178844,0.95566872694339,0.984373669515851,0.984601821124432,1.0104392676117,1.03141026923342,1.04861650579485,1.04737223643039,1.06253720074015,1.06400596372124,1.06400553524612,1.06003943711411,1.04822363674235,1.04646484630388,1.03905670583051,1.03140512629601,1.03997747966651,1.03866016054145,1.04153178502097,1.02928132713783,1.02914462375952,1.0288150826149,1.02114654918258,1.02120417395376,1.03031388278914,1.02980845209165,1.03352524936983,1.03260092129744,1.04180419915699,1.04889439024921,1.0472967339877,1.0373139080612,1.03546858736835,1.03761264593436,1.03955045977393,1.04452170726367,1.04278898668354,1.04275489012856,1.04162922775425,1.04398278502477,1.04378918892677,1.04517118813738,1.03976637318582,1.03604803735239,1.03465477363114,1.03687119728406,1.03397929444374,1.03442476721768,1.03412201156418,1.02928590033751,1.02932475809006,1.02836765346959,1.02494017670987,1.0216984641819,1.02222881831674,1.03226870157639,1.04900372673919,1.04884882662537,1.06178927836977,1.06441954667643,1.0647551669975,1.06101243189398,1.06084728816375,1.06903774032151,1.06781339290783,1.058798858507,1.05144723301333,1.05181847230102,1.06854451907192,1.04682783380806,1.04041475499717,1.04130688948235,1.0450103899768,1.0428332554566,1.04247657355693,1.03550728961902,1.03683299189977,1.03193959533144,1.02902738569825,1.03220994855625,1.04106876584529,1.03868154294416,1.05407766570155,1.05814431746598,1.05777516490162,1.0594766226366,1.04986973158079,1.04061862848139,1.04521127518375,1.05080486817533,1.04730171590967,1.04462786732687,1.04267816750391,1.04052833925474,1.03941934359998,1.03755951993718,1.0376944532805,1.03333999049913,1.03342596495048
2,111,1.00651508362335,1.00589325458951,0.990881715177787,0.993654898138959,0.993752825268201,0.990135574845791,0.985529391742236,0.993249801414236,0.99349920909567,0.984406620569295,0.98266963506912,0.982738193350546,0.98614745658994,1.00524180669457,1.00759537274483,1.02536266775023,1.02424749996607,1.02569472350265,1.02278426986701,1.00988062243216,0.998276738634464,0.998668464462947,1.017041894658,1.01189215418278,1.00372028936105,1.00491006663302,1.01338365136078,1.02191783012282,1.02169456191925,1.01333037662182,1.01012717542771,1.00923904606116,1.00599370810893,0.996667718374702,0.995487244015105,0.997772865119287,1.00239831657548,1.00193603345057,0.999021427163667,0.991280268586669,0.987076018329669,0.986060363445998,0.997752777007119,1.01101493608021,1.01798473479079,1.01775017279355,1.01629187287294,1.00915150146711,1.00980764660734,1.00563364127827,1.0093956716799,1.00520953145092,1.00627922014222,1.00881441641418,1.00765258959858,1.00337348007088,0.996266339519142,0.989159198967404,0.982052058415667,0.974944917863929,0.967837777312192,1.0043733665966,1.00102223185143,1.03151791869307,1.05284704979633,1.053282004838,1.03529349462463,0.996027570699697,0.956702289012245,0.943567195672169,0.939108801191162,0.943391480683999,0.944835174582698,NaN,NaN,NaN,NaN,NaN,NaN,NaN,0.853097030192602,0.750170204543929,0.747508995201834,0.688536429814604,0.699137468177819,0.700218885630683,0.723343796586477,0.75608754760627,0.767913294542847,0.767913294542847,0.774692644126495,0.777815821239084,0.771410202654982,0.775497275561633,0.784292049738857,0.784292049738857,0.786231754472704,0.786482411928089,0.783740441536398,0.783541009589073,0.789864065870191,0.795188231213457,0.788864740848957,0.682379759057218,0.644528434821629,0.64948560855823,0.64339306226666,0.637733754226142,0.619249038160588,0.619249038160588,0.606388289823579,0.600725160105136,0.600835791155198,0.596255599728282,0.587627150226322,0.59301924461554,0.59301924461554,0.598974676030022,0.602500639618298
2,112,1.01952901425096,1.017862477977,1.017862477977,1.01291260027349,1.01320862926974,1.00080035487789,0.995066502255586,0.996300566621933,1.00153536091014,0.997091523937984,0.983458861915863,0.983207090009538,0.985440735870551,0.996598360606691,0.996195360434213,0.993185761751539,0.993185471072176,0.996252752553232,1.0003060974345,0.994890593494737,0.992006332487583,1.0391636405799,1.11631967158306,1.11631967158306,1.13129467961447,1.16739486900668,1.16788567920683,1.2006007458956,1.21419296550206,1.21333903147649,1.21430037402794,1.19840410874005,1.18947497296472,1.18493416255526,1.17731003671806,1.16521611860275,1.16433157431891,1.17039473827687,1.16457821994204,1.16457819001303,1.16445828590132,1.1720713096734,1.15737898849036,1.15825697629117,1.16704629026683,1.16282139523984,1.16281355082241,1.17271292081081,1.16734110735568,1.16847413524247,1.16637236888888,1.16615579905198,1.17598207054783,1.17497664458842,1.17086829654506,1.17068941786997,1.16752442127826,1.15884980991446,1.16556152316639,1.1607509185764,1.16069015753391,1.1653424048484,1.16232776634948,1.16301197012189,1.16660281930321,1.17098268478342,1.17054255455509,1.16993207064837,1.16914420108061,1.1646478441705,1.16224039088414,1.17192201225582,1.18549815799211,1.18398244779739,1.20753923881427,1.23326007970891,1.2338397018256,1.22206790202846,1.210014176419,1.20178202862805,1.20273350424104,1.20262301690334,1.20218689702049,1.19802787861405,1.19877231142564,1.19140256823716,1.18844513282876,1.1847607139721,1.18511143537646,1.18242526706257,1.18032524915508,1.18427454372063,1.17676859735906,1.18182250554251,1.1803390842915,1.18888052542919,1.17971625153808,1.17854570202694,1.19597175579624,1.1930527086128,1.19317918902802,1.19649453752661,1.1954558648666,1.19639500155586,1.1930353484491,1.17364802039676,1.18555703403608,1.18549747207071,1.20314946875344,1.2058929303408,1.20728209694751,1.22505159894453,1.24116248960614,1.24305818340469,1.24136300936048,1.24022545293856,1.23777651653266,1.23767234025802,1.21691732414484
2,113,1.00132394164979,0.990399614414474,0.99036449084741,0.998495754189251,1.00430237142844,1.00047014024028,1.00642840250004,1.00501093083756,1.00389142210486,1.00172324223661,0.999515228485878,0.999370840706474,0.998513635002495,0.997492251081366,1.00114292306514,1.00226753440974,1.00160013554545,1.00010593780128,0.997581203453446,0.997734102019501,0.997217794332163,1.00739143622325,1.0065566422112,1.01486447659797,1.00783658336935,1.00893153625836,1.01748514013771,1.02997596966579,1.03287656614322,1.0314645509636,1.0276081195743,1.02746644849981,1.02495652487417,1.01906555706801,1.01104351305937,1.0030961695205,1.00198664940172,1.00828547064989,1.01281795004837,1.00254692215557,1.00272484980394,1.00140320848234,1.00140320848234,0.994175763060623,0.994577966158001,0.995189432684294,0.997161908419535,1.00064219154728,1.00497401710601,1.00337044927496,0.998903294620366,0.996510622625774,0.996889003604822,0.997949449023281,0.997636372838047,0.996831761067285,0.998993732679686,0.992535904537445,0.990421580528309,0.98926102100826,0.987032737419387,0.989844756706709,0.987635208825713,0.986533145586544,0.991694362415469,0.988230599637874,0.986370487588756,0.991282015623739,0.99146052697202,0.99146052697202,0.986482470529624,0.980614549689124,0.977785645752362,0.976979966746998,0.986500427677141,0.99392065926496,0.99392065926496,0.991473234378479,0.987285712836036,0.988598875723932,0.996801131758404,0.996642583857992,1.00169230039522,0.998471879158085,0.994184121233509,0.99182567743648,0.988505367595998,0.986144714819237,0.993974365041735,0.993974365041735,0.990492447598702,0.998538926512286,0.999118864202728,0.999647526777116,1.0066901079791,1.00504121001616,1.00572345485627,1.00192823596572,1.00908442224014,1.00010325284536,1.00043739339035,1.00286680555435,1.0006066912922,0.994428287671662,0.996906833511274,1.00200137346605,1.0011494654603,1.0116977326999,1.02963337002059,1.05165857458838,1.05113652913566,1.07376872393315,1.08816748336214,1.0882887614759,1.10376832135508,1.09091137622221,1.0973540643462,1.07813674221737,1.07303909133324
2,114,NaN,NaN,NaN,NaN,NaN,NaN,NaN,NaN,NaN,NaN,NaN,NaN,NaN,NaN,NaN,NaN,NaN,NaN,NaN,NaN,NaN,NaN,NaN,NaN,NaN,NaN,NaN,NaN,NaN,NaN,NaN,NaN,NaN,NaN,NaN,NaN,NaN,NaN,NaN,NaN,NaN,NaN,NaN,NaN,NaN,NaN,NaN,NaN,NaN,NaN,NaN,NaN,NaN,NaN,NaN,NaN,NaN,NaN,NaN,NaN,NaN,NaN,NaN,NaN,NaN,NaN,NaN,NaN,NaN,NaN,NaN,NaN,NaN,NaN,NaN,NaN,NaN,NaN,NaN,NaN,NaN,NaN,NaN,NaN,NaN,NaN,NaN,NaN,NaN,NaN,NaN,NaN,NaN,NaN,NaN,NaN,NaN,NaN,NaN,NaN,NaN,NaN,NaN,NaN,NaN,NaN,NaN,NaN,NaN,NaN,NaN,NaN,NaN,NaN,NaN,NaN,NaN,NaN,NaN
2,115,1.01059416348907,1.01168174374295,1.00492067463997,1.00383567252826,1.00776237629336,1.00119466474339,1.00355141084582,1.00322332675106,0.99832187250983,1.00127785271201,1.00108374067652,0.999764197543526,0.997239092518297,0.996890926612301,0.996754748664995,0.991768780423613,0.989918309477955,0.989474704929864,0.990741740897225,0.991741837277753,0.994263652813844,1.0625120935707,1.11875133706121,1.11539760629512,1.12308200595533,1.1558472651322,1.15641388741528,1.17816760163889,1.1900494829976,1.20420697103045,1.20429984970996,1.19509708674543,1.17347867365077,1.17110204239852,1.17087625251216,1.16129542523304,1.16082639302703,1.16129655843919,1.14978018455016,1.14723784887849,1.14364069468431,1.14449121498035,1.13586669789995,1.13491593063966,1.1328576718412,1.12339564991974,1.13617246395642,1.1390967012721,1.13275985559798,1.1384315513098,1.13805972042355,1.14168040826426,1.14263824960672,1.14327185580866,1.14738402001969,1.14257512124624,1.13723357299703,1.13988771415957,1.14327868704528,1.13760980723228,1.13596552991882,1.12877498689242,1.12931939176222,1.13277476112348,1.1337831257349,1.12310989548124,1.12982656718691,1.13003793348018,1.14299730450866,1.14229571347214,1.14161460456046,1.14603696556296,1.1540921981536,1.16253188621918,1.15912450883113,1.15405951678018,1.15073268702888,1.15033741765598,1.15349799677697,1.15913069725933,1.15725861112633,1.14454267778954,1.1452488266551,1.14166626520275,1.14111469304364,1.13784440123554,1.13516270888601,1.13608403057385,1.13556438193483,1.13259616593968,1.13163000031698,1.12665872524762,1.13769081921012,1.13818895874788,1.13806700118313,1.14016266419722,1.13042727769423,1.1296084114549,1.12032201960328,1.13692684584358,1.1601267377853,1.15982349997443,1.17431334259875,1.17025640937262,1.16907561572253,1.16339631173009,1.15513463865466,1.14567607798201,1.14560963274722,1.14061564732496,1.13828455625276,1.13653994177702,1.12879693951885,1.15330644870908,1.15149541701297,1.16933702141206,1.17168051248779,1.17490079359873,1.17651496182977
2,116,1.02189067522081,1.02294295090086,1.00889856206047,1.00344807356857,0.99986953591945,0.994281031139951,0.993412651034433,0.993958276016656,0.99256816246286,0.987973992027761,0.988219056749044,0.99187880907993,0.98785013240464,0.999757103208914,0.998577990166643,0.997684369497661,0.999881029008664,1.00088560486659,1.0160219946661,1.02329813371685,1.02327160006349,1.03324096762822,1.04400963895005,1.02938232857993,1.02613445876295,1.03961042401462,1.04975156050474,1.04930759385094,1.04996818627057,1.04968857525827,1.04188415278904,1.04187743357141,1.03943164753322,1.03990817478383,1.03976072561517,1.02710569865635,1.01779182517722,1.01723887048699,1.01548171830965,1.01961255004552,1.03337366279029,1.03168019575333,1.0390513998827,1.03933273888874,1.03925012356507,1.03848510518046,1.02959079803988,1.02897644242339,1.02449505572509,1.01571133123536,1.01495434345544,1.01355702214502,1.01286451044358,1.01207663638269,1.01259934327293,1.00898479093467,0.999267051772525,0.999122732131051,0.999168162960307,1.00464664517636,1.00621149675483,1.00488055067113,1.00291565489752,0.999171812593065,0.998177300470489,0.993827953922902,0.997212841374368,0.995377271872527,0.995759144163939,0.997078558859868,0.995616424694375,0.995930207445903,0.991158250106644,0.983826808917305,0.987383167088981,0.98394576080052,0.991698081609379,1.01119748934668,1.01472467800449,1.02179733909184,1.02518209261185,1.03073079516591,1.02892105983741,1.0229115191367,1.02297343028599,1.02237820919862,1.01371422497593,1.00271256210046,1.00270344007436,0.999379137197744,1.00092167741267,1.00153918193437,1.01084648748205,1.00973559735839,1.00988505555237,1.00892886737976,1.00100765480855,1.0036746802706,1.00148981614034,1.00301574007624,0.997478255810883,0.996438750440538,0.995681056093909,0.998086611952325,1.00261320006176,1.00270838314906,0.998184598266193,1.00525028698123,1.00458840031402,0.998914845146067,1.00586575618733,1.00764978316377,1.00562049803114,1.0026628365994,1.00539198070979,1.00511706424498,0.993920032828416,1.00081409002257,0.99942461647466
2,117,1.01688441697399,1.01548593944066,1.00976405227389,1.01214971761735,1.00850647805353,1.00886847936763,0.995855539424429,0.996960590146588,0.997672278937806,0.998886718164524,0.998639423253174,0.999391461450987,0.994894729716724,0.991326073217108,0.989249212692761,0.986765731661791,0.988247642206984,0.995261714451815,0.995189800948273,1.00231607684932,0.999902836514421,1.00077375378309,0.988574513712082,0.986666585955153,0.991086363816143,0.991165147805764,1.01118966061976,1.02179325942521,1.02339045302252,1.03584413863675,1.03736349695297,1.02487384397555,1.02716197033967,1.0164998132935,1.01364552673585,1.00977287198335,0.99835674845711,0.992265987935954,0.990214700867947,0.990087594333021,0.994055928674395,0.993002240089365,0.992908500394817,0.994979518153907,0.984764413390355,0.984439987486826,0.977712767219974,0.98304261653691,0.98163176611665,0.980554330189094,0.977851053114484,0.98769079085002,0.985368862412473,0.986453609329374,0.988643812328043,0.988745137791223,0.9807687500161,0.987055026371114,0.989436330582605,0.989228332702603,0.986463438958279,0.980344797317185,0.979813923027258,0.98097954921667,0.977619182522944,0.979953971444744,0.984263217690176,0.980117411391126,0.988043591906162,0.984453650091936,0.979962361793673,0.975700934355041,0.974773449150868,0.975397847498548,0.987407611342655,0.989064748747271,0.988268447285486,1.00546041744267,1.0005900257131,1.00033621987756,1.00833575446046,1.00427011987529,1.00971675909328,1.01097446702235,1.0118667447973,1.01163551749797,1.01225563325043,1.00644374051913,1.00164932249855,1.00117334301424,0.997636802139669,0.992553810666104,0.993024087896032,0.987948775944609,0.977221610213359,0.991899801738471,0.98813871474637,1.01043391764574,1.02433953175313,1.02475360248586,1.01883556355596,1.01520975402542,1.01172276165454,1.01097443128147,1.00335838750183,1.00684990550932,1.00847103314137,0.997838664437639,0.99339943562185,0.990942739702714,0.990689251814239,0.995503896030205,1.0026116571842,1.00225124514951,1.00386581923821,1.00412051172665,1.00345699492673,0.999251030901434,1.00011319037977
2,118,0.989495909780409,0.962660380836726,0.9603267151254,0.973606399761431,0.98879373584102,1.01328986244811,1.01181421516245,1.01863291105541,1.01908927441034,1.01912847942261,1.019156715674,1.01831629598493,1.0133958757061,1.01289498689511,1.00589888284354,0.9971530847061,0.996786766106875,0.993463376339444,0.986096131899981,0.986229030726487,0.977248222173552,0.985195821802867,0.984213627850831,0.980972123560489,0.98736274963947,1.00646650831811,1.00647108046537,1.01897233667243,1.0197665801491,1.02191209258102,1.02183511980418,1.01370203322997,1.00691758339784,1.00686336625441,1.00184338366574,0.997159447778672,0.996455838249085,0.986772247861396,0.985888934411839,0.985434529945511,0.97955152449094,0.977244014012477,0.97450224571357,0.971230097502396,0.97559510021716,0.967743053816655,0.968439034766154,0.97013814992663,0.972806419278541,0.968382066172717,0.966053257761392,0.966180760575944,0.969879337079148,0.968155493426754,0.970995997966707,0.983369767735605,0.98333079542719,0.982137987856847,0.97847756996162,0.979955730644543,0.980251947091585,0.97857365215447,0.969521929220533,0.969063096181791,0.968566552684717,0.968288566341259,0.966076331103993,0.961537595263164,0.961255127474145,0.967632836451329,0.965740762744047,0.963501852072178,0.969328209561741,0.967054033361051,0.960524441433186,0.968722375485403,0.965457406578011,0.964759942978006,0.963641756367823,0.957472213983859,0.956672890544119,0.957384698340791,0.966787933637604,0.967986710764634,0.977801849723471,0.99945431173972,0.992669318001213,0.99484422218423,0.998555992162786,0.995208905627541,0.994535287870802,0.99125821148333,0.990708493397524,0.990651004091175,0.97365175257245,0.979854613106152,0.9759251127246,0.975561015407141,0.969638657192611,0.97074454256926,0.970402382029894,0.975805097661941,0.985154708103895,0.985194111643506,0.984172830729494,0.98495660441803,0.985476795700028,0.985574222597801,0.981240264916999,0.979574813538951,0.979829299440842,0.973247684840114,0.963687418479694,0.960936704445434,0.961124522776313,0.961780282982201,0.959712017699899,0.958482033458761,0.963337704098384
2,119,NaN,NaN,NaN,NaN,NaN,NaN,NaN,NaN,NaN,NaN,NaN,NaN,NaN,NaN,NaN,NaN,NaN,NaN,NaN,NaN,NaN,NaN,NaN,NaN,NaN,NaN,NaN,NaN,NaN,NaN,NaN,NaN,NaN,NaN,NaN,NaN,NaN,NaN,NaN,NaN,NaN,NaN,NaN,NaN,NaN,NaN,NaN,NaN,NaN,NaN,NaN,NaN,NaN,NaN,NaN,NaN,NaN,NaN,NaN,NaN,NaN,NaN,NaN,NaN,NaN,NaN,NaN,NaN,NaN,NaN,NaN,NaN,NaN,NaN,NaN,NaN,NaN,NaN,NaN,NaN,NaN,NaN,NaN,NaN,NaN,NaN,NaN,NaN,NaN,NaN,NaN,NaN,NaN,NaN,NaN,NaN,NaN,NaN,NaN,NaN,NaN,NaN,NaN,NaN,NaN,NaN,NaN,NaN,NaN,NaN,NaN,NaN,NaN,NaN,NaN,NaN,NaN,NaN,NaN
2,120,1.01142177140557,1.01454369813913,1.01646432315358,1.02089639980107,1.00749044308574,1.00749044308574,1.00753198862161,1.00136150585107,1.00341415631643,1.00413783075136,1.00601491044474,0.996025942595034,0.99452429940405,0.987023443998552,0.978858149908141,0.979857196686143,0.978605543325774,0.992529361294208,0.991808592132051,0.991950944856289,0.994901316989793,1.00863721041287,1.03583128643308,1.03513717229425,1.04225821648005,1.06750228839973,1.06690933695451,1.09177920890087,1.09862250948605,1.09602185438882,1.10179023469027,1.09568762765495,1.08044523735975,1.08003148992856,1.06594660586135,1.0646738390899,1.06526366109215,1.05942624810473,1.04868773470058,1.0499270128826,1.05562167098165,1.05986016452889,1.05381644842223,1.0533647461325,1.05930965005022,1.05251340094128,1.05192552537781,1.03713758876415,1.0312446808804,1.03116204400138,1.05004800442064,1.05326123491105,1.05365969610745,1.05387407387144,1.05673677523974,1.06695480380301,1.06415571913338,1.06452101851917,1.05845171182699,1.05851195661369,1.0585934203647,1.05007103870532,1.0486156335721,1.0487476716127,1.0525410713513,1.04982815843154,1.04978724877942,1.04876561318926,1.04571297094359,1.04567759893865,1.04788032283611,1.04932182246216,1.04583502887953,1.04545042289709,1.05099919019329,1.0611475471714,1.06100199275518,1.06679454924504,1.05653640237053,1.05792724003926,1.05634931886915,1.05102125457354,1.05718019011452,1.05731359110808,1.05451488689491,1.06024608794244,1.05746136404936,1.05747888454334,1.05427037550065,1.06570000099053,1.06526398423175,1.06673723204016,1.05846768982011,1.05848678846377,1.06352845910208,1.06012867801228,1.05570913413529,1.05450836671256,1.05392861948329,1.05671904454732,1.05705158351341,1.05704805145597,1.06123605400237,1.06149032083257,1.06566683785081,1.06720167395792,1.07432107173387,1.07259629397908,1.07082791696127,1.08150738004809,1.08079155026087,1.10013463945475,1.10159819229868,1.10289346608037,1.10132944289472,1.09298788106211,1.09011464659692,1.0896251707355,1.08310158080742
3,81,0.991504242907246,0.988854772369721,0.987236832561684,0.984037846023238,0.985163423044153,0.983973743216058,0.984915196700698,1.00452514350022,1.00523554289861,1.02739463520307,1.02313336618329,1.02397218083626,1.01851596584652,1.00810325803363,1.00802286485192,0.997974485345418,0.996103032855782,0.989204831580717,0.992128636041776,0.991636467541248,0.991711849562096,0.991884867387899,0.968731546917463,0.919362343853949,0.937998835776894,0.937033617320766,0.952531452262489,0.966859845459322,0.966914849494382,0.961738857089679,0.957749081168699,0.954426263409929,0.954773295505308,0.957110396368276,0.961296872640729,0.962296794537177,0.957012192013538,0.961640213881393,0.961640213881393,0.952862965157713,0.962296335977018,0.962226336729173,0.956532554696661,0.953404624492445,0.948952388522179,0.9495155945775,0.95781869366398,0.956549711784362,0.957195968522836,0.950321478996426,0.948353257640144,0.946696645936161,0.946720813463677,0.949215427976671,0.944592456067151,0.946581176284172,0.945562851640124,0.956587622338731,0.962221914068382,0.962036018058373,0.972193854417071,0.97738839851099,0.97738839851099,0.973531486329669,0.970722060022308,0.971234748747677,0.965523489738948,0.963271998813029,0.960580356481925,0.960739839382928,0.962015076882759,0.953767880552298,0.955111969330452,0.952187554434075,0.948945941007684,0.948170306279688,0.952418308413461,0.949976862838909,0.954190047449589,0.953958136762334,0.955836898910595,0.956493157549626,0.956003167057637,0.954043873886832,0.95622766833791,0.949522892449961,0.953830070318528,0.947628445574188,0.948249961013743,0.947817047643523,0.949269828781855,0.947558674463851,0.947558674463851,0.947568265756644,0.944973509197395,0.940984389077495,0.94229578861828,0.941858325794258,0.952121151956303,0.952121151956303,0.962964873702937,0.978400238422195,0.972274309095529,0.974739177423814,0.971205194239694,0.962904149768896,0.962395740032179,0.963152384695689,0.958932062193806,0.958514641604324,0.952648576913264,0.955274075747676,0.954812121430024,0.953848108718914,0.95210275579102,0.952397509768486,0.954983272016046,0.954657419739145,0.954700476700194
3,82,1.00134151530805,1.00307193863667,1.00288091800248,1.00585193178987,0.996974036836226,0.997031992324083,1.00231492472645,1.00232724455667,1.00028681147058,1.00033297016617,0.995387367793891,0.995387367793891,1.00055723124804,0.996966024812085,0.998349156816619,1.00311719960835,0.997479146941839,1.00017111058401,1.00017111058401,0.996961939011584,1.01067625741089,1.01058595608185,1.0193712998053,1.02517953523346,1.03184347397358,1.0316105061802,1.04272877718945,1.0456647206186,1.04479051097259,1.0463894001184,1.04256896750398,1.03706687763187,1.03722901688596,1.03458479749799,1.03442070966731,1.03399623351043,1.03013601750628,1.03005888469267,1.02983812112959,1.03137656955689,1.02909703465852,1.02317212864668,1.02489028599345,1.02453417062727,1.01793623873329,1.01782093810833,1.01755667822708,1.01834881324047,1.02095294229665,1.02071147165469,1.02134935223801,1.01174609100788,1.01196035448843,1.01902890371376,1.01392806595022,1.01458821603641,1.02006173606542,1.01929179653274,1.01775317685253,1.0121816611158,1.00835533223158,1.01076717672834,1.01056677918199,1.01221354924063,1.01023744303417,1.00921469236944,1.0068326901402,1.00422890704868,1.00446594404115,1.00592679789633,1.01257807668453,1.01045821469726,1.01284084839543,1.01302988247505,1.01060215968567,1.0153490501842,1.01045352320788,1.01388269069853,1.00602432789689,1.01211480868402,1.01301977360677,1.00936601317478,1.00936601317478,1.00775790887995,1.00430609276038,1.00464049149571,1.00741178154909,1.0094065052259,1.00647551254314,1.00647551254314,1.00930222244893,1.00588093606844,1.00692642069072,1.00826975479671,1.00727461342269,1.00714096099373,1.00901462166993,1.01319817413593,1.00985565694787,1.00971593738687,1.01242385147705,1.0099668414769,1.00573694430245,1.00896243851211,1.00429659887915,1.00968939679423,1.00948569302901,1.00944968079558,1.00473879395107,1.00470762029848,1.00454786954717,1.00567770951172,1.00977278014727,1.00998445039414,1.00454576203864,0.999116497586902,1.00154163993482,1.0043366417283,0.999452673732381
3,83,1.00227240621344,1.00227240621344,1.00143404250079,1.00414797134781,1.00195987505813,1.00195987505813,0.99822939880995,0.995140095861047,0.996285082522466,0.99488969989402,0.995727970154581,0.99608043817456,0.996510793689256,0.996302276582897,1.00208035458359,0.999953887856026,1.0051678656436,1.00398634546529,1.00559921437096,1.00783179252596,1.00592563321132,1.00647429242076,1.00633881062091,1.00607632663768,1.00610496879292,1.00549425850422,1.00770092024957,1.01003147827945,1.01383152090933,1.01347018630922,1.01151064960727,1.01165540523211,1.01491792407348,1.0091888706815,1.00377803928845,1.00377803928845,1.00683187543516,1.00484469297739,1.00546507025448,1.00923392974911,0.999524045270945,1.00087601492146,1.00356857725503,1.00801035233485,1.00418604253685,1.00414366835649,0.996306207174772,0.99040918271906,0.99043333968316,0.992153144737177,0.996986481585413,0.993788291017922,0.99411129837534,1.00812134986241,1.00116977962759,1.00122832541267,0.993188368479036,0.994187342502531,0.992918470278548,1.00667368089948,1.01701510976539,1.01319252089418,1.00925090734029,1.02078771605487,1.03289262464925,1.03358333636017,1.02403213228885,0.97486281091928,0.942694479523502,0.942872827142604,0.919600495687004,0.908034347724588,0.906641995022412,0.895670426566236,0.897712082569118,0.898436161989801,0.926468325686441,0.934708605864241,0.925724279686132,0.925518080275317,0.930909986313192,0.930185717931415,0.930208418061207,0.931451675823529,0.926700260197482,0.927239782381505,0.923454812381055,0.925061755659317,0.932538356208747,0.936216309222394,0.943054560274086,0.941600087910916,0.941289983971595,0.945283364164527,0.952534150765691,0.952532846442252,0.953706750142873,0.958644538025735,0.966736603262952,0.966206245047667,0.961239284268154,0.966758370680505,0.963866142919771,0.955877622553836,0.960395766941179,0.953878788883697,0.954968405724354,0.960457550992199,0.955146176722988,0.958288597159103,0.951688163047359,0.953467197496522,0.954621606870447,0.954080850304438,0.951616496061043,0.949375214960012,0.95006998985722,0.959291893069733,0.964972097649634
3,84,1.0323467635601,1.03393276558663,1.03369850188752,1.03398551320904,1.03242303127519,1.03198900413514,1.03861963548476,1.04704514338197,1.03473536311209,1.03496600653787,1.00158705725789,0.980411688743404,0.985563793581959,0.980860337216871,0.978024003717869,0.981935253494571,0.918210976024118,0.908185166141993,0.911479995651015,0.89523471866754,0.878746747504797,0.917298671933238,0.917298671933238,0.910364174738048,0.893981457294462,0.894008413174576,0.895331676093872,0.912596027641726,0.975731840865584,0.975764955765298,0.972836938081843,0.968248460974845,0.966314108197298,0.9602476858796,0.970037081686519,0.968425669150862,0.962455006108096,0.960858490035885,0.96643360112376,0.962534752099054,0.961989829456774,0.960960091930751,0.956630847319661,0.95662369078411,0.959033980088833,0.953067066243669,0.966930821631548,0.970406779585822,0.955169602342566,0.953955970277851,0.955935542390364,0.948834380943545,0.948087507543443,0.954108591079598,0.96226274683403,0.957337958179828,0.947089742050206,0.942844783428011,0.940549819586318,0.940549819586318,0.931309986960383,0.93643322911462,0.936091544570544,0.921770050656997,0.930627705573014,0.936617999025537,0.936370803276843,0.929611677281658,0.934568027322678,0.934488362915202,0.935187263428705,0.940387408899711,0.953363358052186,0.953128503899399,0.961448626439553,0.964809819720042,0.964459105669171,0.93929458093498,0.937314776314539,0.940335945462024,0.925299681622635,0.919122875163748,0.920178522199008,0.922816633179091,0.927973916296772,0.947792835942605,0.946966593925595,0.946037613037568,0.946097213548499,0.947109604938202,0.949844137294731,0.945973462167933,0.946366580730522,0.953868039252036,0.961451662711923,0.962043767238918,0.962043767238918,0.964915643549931,0.957395474548924,0.955370518125361,0.960172791498465,0.958508398831732,0.958815289537405,0.960100510253398,0.957064601489501,0.968220338213287,0.970216701934477,0.967111505615577,0.969161372862053,0.969831359130836,0.972682728292527,0.966175390310516,0.971329994721499,0.973329584289902,0.967160888714863,0.97028948687252,0.975900279156576,0.971659693110121,0.960307936951264
3,85,1.08236628895917,1.08154572062317,1.08363390493002,1.08367632067284,1.07893548953382,1.07294798839453,1.07498784685376,1.03804495046129,0.999544057989862,0.999416399283077,0.958549353742141,0.953925683297246,0.962938933723138,0.958342848490373,0.938260776257676,0.919595773982461,0.916958537627075,0.901980678965761,0.894348446212585,0.892995132635531,0.889421666821744,0.92197625886766,0.939038528343101,0.938629085769489,0.925033945910223,0.906862881221519,0.907853742534186,0.90777726072632,0.912615950764931,0.89532795740653,0.89500152672254,0.891224244484777,0.88328567295772,0.883332074578375,0.883402388079447,0.879925642360111,0.882701767347409,0.88360259179574,0.874918573035109,0.885267669755314,0.884830816908636,0.892696911529006,0.920700554999432,0.918088600905248,0.935464054143664,0.946442585830419,0.946442585830419,0.958874792409011,1.00826515753684,1.04512412030224,1.04512412030224,1.05272332901693,1.0575944800892,1.05739140551309,1.04747191169247,1.04261569090284,1.05375721861703,1.05375721861703,1.05285069419109,1.05259758189274,1.05246034345856,1.05851959494831,1.06244289499101,1.05854904120994,1.05880859500803,1.06183243813176,1.05831216262062,1.05831216262062,1.0709602544272,1.06182401391904,1.05855607375921,1.05607302692079,1.07091359926527,1.06755124567817,1.06755124567817,1.06415180605631,1.065901418806,1.06747179225197,1.05026360197769,1.05398661469053,1.05479586825594,1.0540891170449,1.04916125631072,1.04735735956158,1.04750024921538,1.04566589001262,1.04479210203549,1.03841695164382,1.04034171309719,1.04721512010257,1.04560240568381,1.06069581276811,1.06066038047568,1.06115925670521,1.06115925670521,1.0548587060656,1.05467767906537,1.0549364216635,1.0661360617267,1.07932495496545,1.07672595670959,1.07686537621543,1.06285056037422,1.067500400784,1.07215024119379,1.07680008160357,1.06388172074326,1.06449055505851,1.06436795333045,1.06379829655024,1.07252331463531,1.07245262949957,1.0659737563464,1.06842222815953,1.06862231420902,1.05255787737228,1.04486877236668,1.04346122800743,1.05259010872241
3,86,0.928179643144355,0.919712363096628,0.934416397576636,0.930400966407236,0.93183121041784,0.932498722279796,0.938672125280293,0.940175257722375,0.964529835475152,0.985290500098034,0.986333090689961,1.01588865105983,1.05837207040791,1.05573007906361,1.09143357054674,1.10751113982542,1.09473832998377,1.09432132566356,1.08996472126086,1.08102312171722,1.08028956120909,1.07767747993431,1.08615888045653,1.08535550342417,1.05302717322765,1.04289989043851,1.04453680575232,1.04053425906294,1.04899567487706,1.03589437953349,1.04126975789231,1.03731838313602,1.02907744750142,1.02644947435039,1.02442169515994,1.02200783291316,1.02454172316086,1.02426685182406,1.02567828851799,1.02776771319576,1.02748744133939,1.02748439081283,1.02896701135008,1.02867508676925,1.02756683265147,1.02369286459799,1.02903063496053,1.02886237229963,1.01525377851127,1.00900990164419,1.01162912648095,1.00331351422117,1.01056973205809,1.0032285197023,1.00324605467303,1.00391249226435,1.01239540291529,1.01100328632218,1.01253139853175,1.00501993096331,0.999274252898569,0.999267593036095,0.999166764966061,0.996885895159552,1.00104139164397,0.999517461537445,0.993343993535407,0.993343993535407,0.988736882973732,0.990707815614388,0.987688526723198,0.988369972531765,0.986103303814284,0.994709376340624,0.994709376340624,1.00236576982812,1.00561504671139,1.00610987539817,1.00610987539817,1.01164088836343,1.02459819222779,1.02510069733724,1.03655331177606,1.03837491175903,1.03902239406025,1.040114800913,1.03463686222374,1.03851849991677,1.02457808292945,1.02160907226533,1.02275424503373,1.02275424503373,1.0101947503265,1.01154650122778,1.01154650122778,1.00550795141249,0.999444385978246,1.00073149675864,1.00073149675864,0.995906265363819,0.992975781449898,0.992785423955376,0.998397183421861,0.994846389874654,0.992356678940195,0.992144275731472,1.00490538044378,0.996989532234705,0.996725993038267,0.990955727064234,0.996178277418467,0.995557487685985,0.994538227157773,0.991257738392431,0.988493229938913,0.988493229938913,0.994514512824886,0.988129810140419,0.988129810140419
3,87,1.00174013363581,1.00186228219779,1.00714236627462,0.999913138056914,0.997548142085994,1.0050179033659,1.0043460320132,1.00180905465477,1.00289762241369,1.00019644871318,1.00107049419991,1.00228310413845,0.997387450172957,0.996501056366634,0.995657894980941,0.997534309847528,0.998737562379174,0.994103296533413,0.994251707969129,0.994782733742207,0.990171439133357,0.991135985593291,0.973711591505156,0.979000811238735,0.987542620287971,1.01306265441208,1.0178165382087,1.02444352793885,1.02540545809474,1.02329827797526,1.00535320021755,1.00535320021755,1.00951893081475,1.01842116225229,1.0200377555552,1.0200377555552,1.02422681425138,1.01878508882183,1.01882273539227,1.01559291399776,1.00883160754494,1.00975455421214,1.00917482979728,1.00665071942157,1.00801351555959,1.00867559711689,1.01166308576262,1.006380569315,1.00638015455222,1.009729762742,0.998743402189168,0.996241867694677,0.997585731742461,0.991442226613483,0.997836791850962,0.997836791850962,0.998332668502413,1.00334741443682,1.00324625386456,1.01017415702761,1.01318435954308,1.01909694140692,1.01925911695306,1.02597301125524,1.02781912591819,1.0288418943798,1.03024332784579,1.02804488970917,1.02665477030828,1.02598015552695,1.01926678733383,1.01485147148368,1.01521465118434,1.00290696339136,1.01159060244788,1.01040486755982,1.02039272445643,1.00766288174509,1.00590525727658,1.00087511573907,1.00266537374334,1.00917371812635,1.0095512893566,1.00303319995388,1.00261303368075,1.00595967224831,1.00813960615076,1.00850985011809,1.0205158681765,1.0190396300099,1.01741696695462,1.01390672787701,1.01398661884182,1.0157664213227,1.016033974218,1.01552504341183,1.01505676407334,1.01424095736414,1.01959846657048,1.01959846657048,1.00468031733305,1.00903453469532,1.00834652037932,0.998710606988368,1.00295291928918,1.00095378912219,1.00607311883262,0.985548269787068,0.999633438300952,0.999633438300952,1.00017956313232,1.00191311387678,1.00417816527492,1.0069550504235,1.01969346941636,1.0511397621655,1.0548312191154,1.09066102438213,1.10978028632034
3,88,0.980498239565931,0.98290161893814,0.982243425192838,0.97979863170413,0.979927957894444,0.98054891284641,0.982137753034797,0.986611671090763,0.98795906101277,0.988165115928104,0.986631155861018,1.01742122349348,1.01755093613062,1.03081332242849,1.03844047839398,1.02479739248415,1.02497677253294,1.01860836810136,1.00996796336564,1.00956699661353,0.997767608199151,0.987251442005705,0.986634456866642,0.961975320023226,0.959981261204116,0.967681320669801,0.966977168854873,0.985373630167969,0.996397672137859,0.996431862281007,0.986857270702416,0.978586233938329,0.984864667020386,0.982766461701125,0.977849635919567,0.978066618761766,0.969764680433072,0.971625501361083,0.968729206159537,0.969380868472351,0.970955776169407,0.972596491663034,0.972788713388297,0.964442211938943,0.964228016263349,0.961167910837277,0.960202673378717,0.963226004350142,0.955963639683574,0.957529482603691,0.953827438032782,0.949420083793071,0.953017601861187,0.953694449974652,0.951570539264573,0.951549244418028,0.950332515550883,0.95314707477832,0.959931114597009,0.959712254410098,0.960118897777021,0.965100873500916,0.967174236439262,0.967174236439262,0.972610768908437,0.96584785522422,0.970517342511979,0.95935886309183,0.962058101118792,0.961868590257635,0.968246602870229,0.971249477002058,0.971907107281532,0.970274139142891,0.963001807090192,0.959592336845611,0.965207299902579,0.959318295786675,0.954778733570365,0.954778733570365,0.954919188601265,0.952290398486694,0.955406951864654,0.960438963128777,0.944234788251781,0.948213526109088,0.947729659197935,0.956010176494776,0.96683082607003,0.964484823419952,0.965058174399312,0.964690723956708,0.969498192956968,0.969390833226036,0.962651651282226,0.9572446188221,0.959901374595896,0.959462638455392,0.956167036485864,0.956455274223056,0.955217602726464,0.956772659497606,0.95398653243189,0.958123107063286,0.94948479215359,0.954051188103235,0.948534799294528,0.953025286438212,0.949043382556793,0.946283058923603,0.947689117325584,0.951076803950773,0.954015359263825,0.949175329748506,0.95377006536422,0.955322015462735,0.958414677003307,0.959000434419398,0.960136972833615
3,89,0.985614575556219,0.989024107134391,0.989415699106778,0.991609749748691,1.00527765762195,1.00521123046537,1.00673211514082,1.02354426100039,1.02309706149103,1.01119936053112,1.00634314616581,1.00118637643841,0.997217387739803,0.992716807658853,0.9944483080558,0.99616391800526,0.997731510528896,0.989799689158187,0.993667038452234,0.994886115169437,0.981406372135972,0.991074049110645,0.992085642129488,0.976141876307064,0.979221719414344,0.979215931570237,0.99643691663372,1.00853506430776,1.01379596040695,1.01429849082181,1.010168872874,1.00523052376502,1.00533151906517,0.997167581148592,0.996274710060223,0.99169353248647,0.978235175183107,0.994864069964161,0.981338996381365,0.981756279840688,0.991858232293181,0.989751286240398,0.989853317953344,0.997932857852283,1.01071854230798,1.01091556548446,1.01440099952613,1.01790312536127,1.01377340706724,1.01338223209239,1.00410176599948,1.00727878445376,1.0070838510426,1.00286313853897,1.00613613415198,1.00090671158838,1.00161371824765,1.00564288310844,0.996046981377244,0.996046981377244,0.9987895107049,0.999717907185846,1.00042888384265,0.995620670364297,0.991612559641601,0.995200496533179,0.996871224692577,0.991472366628416,0.998945614144044,0.998433326643621,0.998000876029397,0.997441955503015,0.996016037510361,0.99123929070924,0.98232105139317,0.990768944327061,0.989096783980364,0.985518272090856,0.996708201468001,0.993872145856816,0.997172323357551,1.01223043456466,1.01468606080709,1.01097584578219,1.01660588205659,1.01986463962483,1.01920757610112,1.01940602670551,1.0069768219369,1.00722937876296,1.01346934944785,1.01734913156458,1.00993467505917,1.01054315460379,1.00369744694694,1.003405176386,1.00242364852952,1.00025321946247,1.0001818467492,0.997002230763614,0.996602025945824,0.998110814160043,0.996801426570525,0.99443613738359,0.99432379621471,0.992540666931411,0.99802941188482,0.992892435328149,0.992026776066045,0.992114248567697,0.99958298786418,0.995787045604886,0.992200857492195,0.998868057985857,0.994120474633278,0.990205070419308,0.990137001288306,0.995533182613571,0.995575683184729
3,90,1.02003552742648,1.0209764440415,1.0155573791596,1.01978359413763,0.999823969072713,0.999823969072713,0.98933354658127,0.981120491679959,0.983518727607693,0.983499350669277,1.00216915881073,0.99565152920938,0.99565152920938,1.00132059217977,1.00003131352111,0.999830427037369,0.994319852585517,0.997523017690957,1.00002958030696,0.999086592859674,0.994494259892332,0.98946884923812,0.992050498621849,0.972556261650735,0.983335509020902,0.992783702248712,0.993608928617236,0.993290221374602,0.999387809687844,1.00121525332438,1.00129336249972,1.00262866476729,1.00565735898997,0.996488727886608,0.998964070201702,1.00135797099587,1.0007494001281,1.00266186295212,0.997649776949417,0.997649776949417,0.993691345563392,0.991418779079766,0.993044033824082,0.988489720994142,0.987987061154652,0.997709018577509,0.997886607794688,0.988852386029297,0.984995841413725,0.984862588576359,0.9880028502685,0.985964090268003,0.97837722279799,0.97837722279799,0.988497291512608,0.977203269435691,0.977203269435691,0.972858383202222,0.975759190548462,0.975806457541201,0.971087607776954,0.969066612872719,0.967648180557696,0.96791084357854,0.964433790001105,0.975181898124065,0.97465287649772,0.971462226018998,0.965998851564275,0.960462635316896,0.967611397853109,0.96452616390174,0.966037143516465,0.966037143516465,0.967519462277002,0.968456879376604,0.970237940656693,0.971159785708462,0.972854986062891,0.967922382226348,0.968454688870469,0.964290298087413,0.961346369328349,0.961419515813843,0.972429343086873,0.966220567416679,0.968213547301372,0.964119230748474,0.969618945110437,0.960022503643996,0.960371678779188,0.97222932332239,0.958121723237975,0.958038589416937,0.967789281181781,0.97692019537756,0.985448215931497,0.989168968505402,0.984372849235118,0.986688230769809,0.986688230769809,0.984620889878438,0.971336929890392,0.972259981419746,0.978181550467048,0.971920076619151,0.973282642790408,0.970401315201484,0.971814868950591,0.971707719236902,0.971727436849137,0.972234826309556,0.969816790021032,0.969987314727938,0.970765602753133,0.970825966539216,0.966492905700895,0.968419366914937,0.969832723548351
3,91,0.98855398052565,0.987488145863069,0.982645063727669,0.982632529221127,1.0048847247582,1.01998521905581,1.01950507788259,1.02070406693004,1.02082161332053,1.00845535853116,1.00879270797333,0.999804627775589,0.998352253759954,0.997340472464526,0.991106545233019,0.990676006621857,0.989859355832198,0.995692804582478,0.992699445941207,0.995761889157922,0.995820142666938,0.999969611682084,1.00672478015091,1.00727127016974,1.00678525506543,1.01080139721761,1.01369091258399,1.01288905503602,1.01598997197885,1.02263482757078,1.02273666753629,1.01719623571369,1.01259491286384,1.01187023520555,1.00327456592217,1.00206990445608,0.99994378774033,0.999697950250754,0.999178912720908,0.998136313305033,0.993436237066497,0.99345349075768,0.997404644178395,0.996505362176916,0.993311674090412,0.998524889614066,0.994558808404915,0.989732863578432,0.98964315116781,0.991526911152822,0.98924261708934,0.986041552853059,0.98847455792656,0.991909353857903,0.991909353857903,0.990223258633191,0.98480966429539,0.983459662271018,0.983146491951589,0.986098551288915,0.986016163474871,0.985026733478941,0.980178446440602,0.982431316903685,0.98260019987421,0.989456427530872,0.998587025566633,0.998117819925858,1.00712380494681,0.988641397629385,0.988258732118859,0.994403865933001,1.00355464223145,1.0059537746302,1.00305763170867,1.03414443448535,1.05350536512156,1.05820074568276,1.06286455566911,1.05526798341759,1.04574334660682,1.04574334660682,1.03739154685731,1.02788017017032,1.02788017017032,1.02284472450849,1.01500727330727,1.01879768528075,1.02009240476551,1.01529381038921,1.01481259649944,1.01356836670404,1.00585799604191,1.00745292836512,1.01030786575437,0.999821280535447,1.00060441049399,1.00353830795894,1.00346764866862,0.998206935113631,1.00370757358051,1.00319175817399,1.00364219610345,1.00949873488672,1.01407149166604,1.02664374881005,1.01035982207557,1.00939018872856,1.00641236684254,1.02388709383537,1.03315604843298,1.02926970234785,1.04958330207562,1.07060777416834,1.06208163310599,1.0563576093356,1.04547888114824,1.03060890851937,1.0349255752301
3,92,0.956540707482744,0.963174427408887,0.993976565414762,1.00867434340728,1.00783202229612,1.00017034456765,0.985014494547933,0.979539901235542,0.97765936319279,0.990588001768869,0.998929308069864,0.998873292658712,1.01928558320781,1.02989631799087,1.02982711033964,1.01961814099935,1.01420710026258,1.01500199247314,1.01119098267546,0.986650804117871,0.995748425286179,0.995739005147746,1.00175977680577,0.997886174510845,0.998087731152517,1.01102524638801,1.03025251584221,1.04770714262952,1.04888469871388,1.06353286873338,1.05702114846936,1.05642571445577,1.03232562480106,1.02599508909477,1.02591660865356,1.01649487377182,1.01392730212395,1.01211542219707,1.02047119763842,1.01355186221338,1.00947880687984,1.01004431342405,0.999375364334078,0.998947084009655,0.99253306825201,0.990203992006966,0.990180819190818,0.990958925665959,0.990958925665959,0.992551269862568,0.987499873118948,0.9869149457331,0.981001478451751,0.979215382463782,0.981405564199288,0.981512391534903,0.982804594826262,0.978119438997543,0.977887779893693,0.978326118500381,0.981207658303609,0.981823038885459,0.977439732525541,0.982970153811716,0.977977230669559,0.977476999953259,0.983469998039159,0.978301677797854,0.978471479107719,0.967127705810611,0.965100969845866,0.965569344286532,0.952953293594891,0.958005674500057,0.960396704859267,0.959686218212742,0.964878717134991,0.964288541335607,0.963711599730049,0.964736768320026,0.959819037199813,0.959711662780171,0.956827638086991,0.956002643113489,0.949260845560273,0.950968245182278,0.963460415850368,0.958596585336497,0.953823881337673,0.961563315412894,0.963914389961576,0.974832396521965,0.974832396521965,0.975978794666171,0.975248609988585,0.975248609988585,0.973693612073537,0.975086120423612,0.974768921315688,0.969113638297759,0.9725756177889,0.967143779342581,0.965843510421858,0.963340125866521,0.968981299557348,0.968835111242881,0.96717142274025,0.959991154278302,0.960674788123769,0.97440416878419,0.973538801136783,0.961568965964623,0.963292911880911,0.966979659645146,0.987872078511281,0.987892940247783,0.999858793006433,1.00081426146643,0.999966894168145
3,93,1.00063742640037,0.996369013412642,0.996946842427511,1.00439554024734,1.00167894024922,0.996238888467959,0.995843058625853,0.999462941536924,0.997831980020243,0.99587630886381,0.995856423941185,1.00444428048452,1.00452324340862,1.00193447499714,0.999125870906666,1.00255293835218,1.00206581877064,1.00203503580419,1.00218097308298,1.00218097308298,0.992207913969656,1.0057769438331,1.00645110049926,1.02691190017329,1.03673638229458,1.02748417516815,1.02748417516815,1.02471108058276,1.03004295336244,1.02922699840238,1.01791835336124,1.02188685800144,1.02061059471523,1.01697464442091,1.01223391075188,1.00986118909755,1.00997083477209,1.01073183972709,1.0043161364597,1.0043161364597,1.00463583662342,1.00755716680719,1.0075560510874,1.00642621484824,1.00014065884305,0.997204591877901,0.9964032716422,0.994063393988107,0.996345424025144,0.997709809999917,0.992969130502854,0.98857365104682,0.987751459241485,0.989254114315086,0.988454070959261,0.99025885162206,0.995482533486957,0.990211700568577,0.989728761516142,0.985582246473506,0.98493330395015,0.979115436275291,0.981026779490793,0.981002087720999,0.986307056814146,0.986801231457441,0.98641351782781,0.9899446050787,0.984485236985017,0.983989450578924,0.980513897966257,0.984597446999461,0.972857054913477,0.972984552088366,0.990009914762292,0.993199751418399,0.992766043188745,0.999058904214875,0.995695772890805,0.995352399165846,0.991730235117335,0.993368544733288,0.990906381212181,0.992888042734428,0.998149171667679,0.998181797212669,1.00004779926909,1.00458051677636,1.00185656932952,0.99939569433692,0.999486907442803,0.995276542740948,0.995868866584433,0.995868866584433,0.999803599837568,0.994448438114488,0.994448438114488,0.999328167780549,0.999387318151152,0.99961122217104,0.99961122217104,1.00086093743466,0.998172396950882,0.999141582721418,1.01227085164942,1.02074769919358,1.0211539589863,1.02481823927139,1.01686885538959,1.02357572255415,1.02861607407846,1.03192517747452,1.03109009245569,1.03138766064001,1.04260094727615,1.03227213612062,1.03345514425623,1.03313614565907,1.03107805172942
3,94,0.982986478824901,0.982933627685493,0.993997568102052,0.994471895354439,0.994904262775588,1.00444748081342,1.01399306697038,1.01173393499127,1.01593491831292,1.01049609850215,0.996331512180668,0.996221360321001,0.995784633980666,1.00358443845396,1.01081413028199,1.00124806597992,1.00116785904681,0.994285052821056,0.994663614601298,0.991441829705115,0.986602517442655,0.981257083004261,0.975439052944292,0.961641597757138,0.966918040131122,0.961605036660716,0.975202218772764,0.972057336878799,0.996985431841007,1.00082348447016,0.984380924667133,0.983954304592623,0.971194291194546,0.972419328893134,0.972239264772686,0.971384705531463,0.963817797788452,0.963578754126482,0.963766380368125,0.95416083618177,0.956034836114622,0.958057935786972,0.955855552541756,0.948265963071259,0.947807675860435,0.944307464822438,0.938668891705835,0.938254959172434,0.938254959172434,0.937853828250631,0.936734722010534,0.935766192460191,0.935012051006447,0.931800894714844,0.93274666528943,0.935388815945035,0.928831578256531,0.931397696470323,0.931149594144961,0.937945783243101,0.931519622591403,0.931103185783807,0.935012286802058,0.935493857224971,0.943996327711645,0.942976672040411,0.94714698044007,0.952155260279453,0.95204559235847,0.937297213086588,0.943806431150475,0.939770887435224,0.9459723964177,0.942724270707905,0.936300147237749,0.936546764665952,0.940153322023133,0.938113829505526,0.937097621086066,0.937407102791592,0.939234813616785,0.939625250915671,0.950844175574539,0.982609978781425,1.02046414942288,1.02049417842987,1.01580729755607,1.00896033944161,1.00891458396061,1.00260356770991,0.991781741292933,0.991023054985983,0.98541761999303,0.979010173192949,0.96505059068348,0.96505059068348,0.959720582547818,0.957904819446245,0.957963980286622,0.951544241205818,0.946015019828615,0.949291826643802,0.949531424096386,0.950741730367356,0.951741481807606,0.956191026193564,0.969065657042653,0.957064990137032,0.961297430882923,0.958292587377453,0.972114094231237,0.946735891149401,0.945146753745028,0.958676329509841,0.96440128406001,0.961927727968061,0.974809615571661,0.969583114417221,0.970797495186057
3,95,0.967225019602419,0.967141286193837,0.986336996750967,0.986725414152517,0.990196629131836,1.00019987476872,1.00182198897998,1.00381209826987,1.00554937631099,1.00805693146888,1.01302520638622,1.01473220065767,1.00326748366474,1.00257639300512,1.01127548004471,1.01152758363154,1.01240031247502,1.01049574476235,1.00363397974262,1.00481642853961,0.99962373243685,0.999807891159498,0.996383796661685,1.00164951749117,0.986316611254941,1.001023248242,1.001023248242,1.00594372310758,1.01704579214078,1.01114154263567,1.01094971701341,1.00592151857794,1.0024608169375,1.00276011721234,1.00015521809004,1.00173508255193,1.00062329226685,0.99889075129713,0.984837611183651,0.974847654275815,0.975138473631418,0.983999404950383,0.980964201899836,0.981171578069397,0.982791080431884,0.982443470091914,0.982224520239669,0.977621595513468,0.98168531681044,0.974976429238753,0.97844143425052,0.982626701884674,0.976646913851063,0.977380466736277,0.982264800844836,0.96885577314373,0.968856432603926,0.971557626034605,0.975934046484931,0.977145560166183,0.97501673596126,0.969963562641891,0.967100907600759,0.973140049656224,0.97760574768319,0.972744595864293,0.96633227494655,0.976013004030624,0.979588668295464,0.978411076897016,0.974619302722085,0.9777082860398,0.980124429735349,0.982663399077707,0.981060048334229,0.9785100303788,0.980352180575175,0.980193553260625,0.977630772203957,0.972954555277443,0.974103527195907,0.974957009621002,0.975082394579625,0.978268091268416,0.982808280935124,0.972190099679531,0.975748807686224,0.975791062008761,0.976837540942834,0.980819382231694,0.981207256021843,0.984713933332531,0.994961159225921,0.996669648357707,0.997760691400923,0.9934550001588,0.999323627218111,0.997862243305525,1.01679903635932,1.01895043774286,1.0223451468378,1.03047825133617,1.03933505159275,1.03530447231126,1.03127389302976,1.02724331374826,1.02321273446676,1.01017410409755,0.991190295409096,0.979311714645106,0.995948329008077,0.994695084322441,1.00486743013622,1.00763945466112,1.00984735719615,1.0012563018355,0.997215371830744,0.9934888961715,0.988602212413975
3,96,1.06173946449801,1.06069779329578,1.05823625736403,1.05429153245087,1.06033382890775,1.05790336999093,1.05280846667649,1.05588626735886,1.05390388793738,1.01522488175632,0.959858342831275,0.960455118322662,0.953000271234923,0.953030756535573,0.958717955109509,0.958129147173946,0.918448815838196,0.904480875606403,0.902852967111095,0.912802902318522,0.920406353320276,0.918456642888869,0.929916807542536,0.932422455584666,0.927560572957242,0.926823933833402,0.933214789276433,0.948746196256086,0.951610406025858,0.940302900112111,0.942818445131179,0.9361399172361,0.9361399172361,0.930048708541992,0.927887152230533,0.930326124268456,0.932298334096281,0.936757599398514,0.936964212653233,0.933308362282479,0.936161794674839,0.933235343168529,0.925449826769595,0.925433259973987,0.937609280977628,0.937609481021313,0.935602095359148,0.930021705408014,0.930021705408014,0.940524311672047,0.925023859684444,0.925023859684444,0.920852031354091,0.916426869582788,0.912501953063673,0.912501953063673,0.906278792098397,0.912648422761157,0.912648422761157,0.915075907124748,0.925029556516581,NaN,NaN,NaN,NaN,NaN,NaN,NaN,NaN,NaN,1.12695614357208,1.13387173897358,1.13005627385548,1.13616530409679,1.12743424429521,1.12749828470678,1.12225951885045,1.12275344343703,1.12638809925901,1.12481446366948,1.11587509433868,1.11851568174412,1.1197310031985,1.12098841725383,1.11426863595484,1.11392459935846,1.11414068484413,1.11530734725842,1.11772447682857,1.1182271011277,1.12421592336839,1.12800730042939,1.12834637207104,1.12120181833608,1.12515197122798,1.11567616181562,1.11501536012578,1.12190418737696,1.11946643234655,1.12027006436916,1.1127932037021,1.11619366160481,1.11044610979778,1.11669138833791,1.11312986893317,1.1137637933289,1.11397625651122,1.11527683114407,1.11461785487133,1.11521790345035,1.10460247222205,1.12565207543504,1.11992799642882,1.16343876553633,1.15833752256001,1.14668494685139,1.14690988297653,1.15429467904417,1.154328296572
3,97,1.01772579337045,1.01847279525537,1.01219729548394,1.00870539142108,1.01815942118812,1.01272613441513,1.01241472338942,0.978574072227696,0.965865832319463,0.965782173922354,0.966408084169471,0.981470129547754,0.993496919839796,0.994716985280039,1.00380292027036,1.02078735833288,1.01948913306115,1.00976907460098,0.999435761904553,1.00173761642376,1.00016170680146,1.00163413703513,1.00598013515213,1.00886777754804,0.999427734049302,1.00102743478577,1.0065499723534,1.00642874807418,0.999908493306084,1.00049410963257,1.0007326377916,1.00280254459764,1.00157108142384,1.00249079373467,0.991761781630786,0.991694476387729,0.990952347392202,0.991407271825979,0.992357949425667,0.990026225945756,0.988858762537723,0.98877398123256,0.987568201788756,0.988088577009796,0.98809144305475,0.97998485917814,0.981193265800569,0.980912132926265,0.969773962171967,0.945326871146625,0.948542428760633,0.936581436119061,0.93037606402479,0.929915112480168,0.924244406969994,0.95603271815918,0.950033359642059,0.950993521041376,0.943672795435064,0.93570959630431,0.934404311848149,0.934351090425205,0.928789383431908,0.933186840419621,0.933249956633735,0.928526997728029,0.922021613747361,0.922873907447742,0.9297529931213,0.927190334977666,0.934044055369878,0.927369857735631,0.931517383419566,0.922839599454756,0.924199173368819,0.925806803463295,0.935369881365741,0.935436471597967,0.935272316355147,0.92895888247596,0.932474146095165,0.932546024381183,0.932664744887555,0.927485380105895,0.928525205322476,0.937110220610132,0.940624620079165,0.936200181703554,0.920364095201704,0.908500099653829,0.943055869272639,0.943551512147428,0.936359408460742,0.937633913189941,0.938404282878305,0.941032649125804,0.94685187535969,0.947006268876409,0.937615740712475,0.932763382763385,0.93285649733756,0.933152759969427,0.932411030126028,0.938076406125663,0.937657466186796,0.94539744215277,0.950221719198399,0.946911332823753,0.926706269740883,0.908930659055294,0.91440115686924,0.916469186418535,0.942063727596363,0.946097598773993,0.947355831489875,0.964959986095277,0.972183942403728,0.966807095621715,0.966827817645245
3,98,0.984449582767095,0.989539056805592,0.997846877117662,0.997846877117662,1.00872557035557,1.01029209898011,1.01076122554009,1.00291933503073,1.00882017509431,1.00285558742678,1.00210630779272,1.00475246464932,0.997606628062401,0.997840751464858,0.99251668942672,0.996067091407222,1.00364131207537,0.998620416952002,0.992791951933796,0.994657367700544,0.994349297754772,0.992513500797837,0.995177928110243,0.994988250357778,0.986452760424041,0.991583453019061,0.99182126943954,0.999584489722676,1.00989379572892,1.01342306557343,1.01305790835995,1.0060045131162,1.00391475343629,1.00329017803643,1.00310140312128,1.0004626127733,0.994113533114063,0.994782323118438,0.997639971549384,0.998481498102413,0.997950940078577,0.99679888014577,0.994641105792402,0.99611675708578,0.99621892786621,0.988712703404556,0.990603882619087,0.990616124185026,0.987663411423463,0.985481015571135,0.990935567932582,0.985756630475893,0.982846898585325,0.988533338101087,0.989156260085346,0.98506775101815,0.981028895738925,0.987729831621406,0.980425255701198,0.977584043893464,0.978257505600921,0.977272485121936,0.976969376791423,0.976952309204029,0.976476402203376,0.972211033065202,0.978058470886965,0.976654923244495,0.975249598525478,0.967759057748429,0.966388408165241,0.974711594943562,0.969795951560232,0.980338805512745,0.980085718568983,0.97693230388266,0.986102601461362,0.985852913500485,0.986574106170804,0.998375340775351,0.995430441732378,0.994862750954032,0.992425792905427,0.978417119695523,0.983004728652294,0.986219639530084,0.986815604456792,0.987388362429225,1.00099242206032,1.013739996783,1.01530540959467,1.00847558166095,1.00967226772998,1.00751335229098,1.00493617053106,0.998848502930808,0.990189787993939,0.990189787993939,0.989944163714969,0.991630547494178,0.991176013199049,0.991176013199049,0.987883680637512,0.988956544780342,0.989197158762638,0.988361815549781,0.99106288809686,0.987068901345804,0.989231243322756,0.986524230546024,0.977634498424482,0.981208382188466,0.978980249911947,0.981567407336977,0.981309719612746,0.980107744686265,0.979226355368269,0.990508347740269,0.990508347740269
3,99,0.986987753184122,0.989862669692284,0.987197475613471,0.984282001339197,1.00260136201909,1.00558889729826,1.00760857818723,1.00760857818723,1.01720911238912,1.00963544484231,1.01016310491054,1.01095972794761,1.01124638999983,1.00528185530073,1.00528185530073,1.00635141479454,0.987973628515036,0.987886252273856,0.97627389820481,0.964774529867727,0.965127684529205,0.950868034705189,0.948918051990933,0.950990632287944,0.942867157495288,0.952504287973767,0.963469586176783,0.959826762879116,0.958628751390201,0.958955800929677,0.956888891126306,0.963183996573146,0.953622394216327,0.944760810373613,0.945566451991162,0.934865401427123,0.929191421422989,0.927955086645916,0.924448742940731,0.919363868822438,0.919363868822438,0.917123914018385,0.907359997676228,0.908773492991394,0.908773492991394,0.901347308610274,0.902606862555658,0.903028363007357,0.901232687093629,0.902829115064093,0.901613643498555,0.901613643498555,0.899737349186042,0.896321499775031,0.897057300224944,0.896846522858134,0.89401617918806,0.893486079542115,0.895647380592457,0.897246655400704,0.901753902261457,0.903349652614089,0.899876574060152,0.900120274389583,0.900120274389583,0.900693014375169,0.894424186281064,0.893983999138397,0.894188607571961,0.893083860856379,0.893896455620606,0.894064846639714,0.892857778092914,0.898139004191233,0.898264314324995,0.89755033679883,0.898691797952531,0.900612471609168,0.899050409884439,0.896666547817172,0.898846010451749,0.900024061038055,0.902444784711054,0.894277762740565,0.893983951345969,0.890641229119051,0.89079622372934,0.909099718849052,0.903416227685188,0.924092030661301,0.929176056850616,0.929314457113479,0.931828534286335,0.927630905896004,0.92773545377005,0.922767138153018,0.917521201537409,0.918279048175746,0.91971870083215,0.910972079513801,0.910121017088511,0.910121017088511,0.910459625092986,0.90724035207791,0.906990358875544,0.908515428030085,0.904197121831916,0.90227366146637,0.90227366146637,0.905720417206522,0.905205632361411,0.905459180975573,0.908231515601604,0.906423682728872,0.906801615081572,0.909097503832878,0.905563019463192,0.90402470532998,0.902167746726899
3,100,0.996072606703122,0.996732682102203,0.996798679437522,0.996798679437522,0.999948411812419,0.991177092371311,0.991741508798949,0.995296397369897,0.997819837837679,1.0061801162471,1.0061801162471,1.00809474819012,1.00609842948294,1.00559678489467,1.00453592435863,1.0061140704787,1.00386723244291,0.996046719165223,0.994899962621987,0.997285621213669,0.996251602169518,0.987323366716988,0.982494100191735,0.985630712617676,0.985248151272355,1.00152316051482,1.01601027801615,1.01515883931153,1.029709756809,1.01655636633976,1.01517029541753,1.00508891288423,1.00039894486153,1.00006841135219,0.998031827882048,0.99008428735547,0.988531709856741,0.990520502502331,0.990592952165835,0.994206388321313,0.993925510375809,0.989556379255352,0.99274560951455,0.990358026434388,0.991218083503447,0.986634910611541,0.9733812059155,0.973430101278807,0.987267823576089,0.982340880662819,0.980508078711246,0.981288979702512,0.982713507589413,0.980047002616808,0.980047002616808,0.981007342555274,0.98601065821404,0.98590054674547,0.980074607223404,0.981077154254544,0.981489048203967,0.977922120375699,0.976263559650768,0.98077376013449,0.980414601845452,0.977574097154815,0.990547864918306,0.990051660802906,0.998086387464108,0.997508867313218,1.00440179802935,1.00861337977203,0.993455425651003,1.00155336299172,1.00155336299172,1.01930057542524,1.03436773804013,1.03460529934331,1.043008861391,1.07306445279724,1.07959425311413,1.10102037316822,1.11339161301676,1.09971624549949,1.09939663932095,1.10207912499705,1.07993321775359,1.07967196360507,1.07140385591309,1.06577499925411,1.05847158783624,1.05778155619677,1.04229815886074,1.017166827637,1.01797229513099,1.03390411348179,1.04974809193171,1.06838114649721,1.06838114649721,1.0844186764298,1.08944163833603,1.08941812566648,1.08053645966888,1.07833942271355,1.07893877482496,1.06316868247966,1.07399926848164,1.07399309929364,1.07503379533037,1.07468013611469,1.06990673494712,1.06981588602973,1.06529297705899,1.06262237778518,1.06236218376474,1.05004595329623,1.04683484162649,1.04574219684258,1.04416225893599
3,101,0.924666125096111,0.944103893012412,0.955576270856672,0.964279315822929,0.964796884061546,0.975347785909581,1.00456990075529,1.0066507574108,1.01697603278849,1.02324307177127,1.02920167485672,1.02920167485672,1.02295458337211,1.03110566911084,1.0311649122737,1.03117645268189,1.02582210871414,1.0096660674727,1.00949681917607,0.999339547154637,0.987109653787519,0.986786304793842,0.9724025195967,0.966854383769222,0.965940801103839,0.973362069099765,0.982335322957588,0.981165648989169,0.980982305690562,0.975404957102831,0.968672562379337,0.968672562379337,0.963530780746569,0.950912619792341,0.949868651498345,0.952853986488612,0.957910943967204,0.963259314603001,0.963202051579246,0.95931421926129,0.958597092579555,0.958032312085638,0.95349514606389,0.955245745259545,0.953511997033793,0.955673978729731,0.953443264617084,0.949589498987598,0.949589498987598,0.946232583568922,0.948196640840053,0.947748394390102,0.941786627849929,0.93992614078524,0.956471113353536,0.956471113353536,0.952400688935848,0.95539504611525,0.95539504611525,0.959472013510153,0.956218634472133,0.955315780570069,0.955315780570069,0.953282451655542,0.951559614160013,0.95060159077245,0.946045614664116,0.943523320685926,0.94505094917573,0.944344987702738,0.9446247527744,0.943971005648979,0.946042018316791,0.944667626001777,0.948393674635546,0.9495948052831,0.952703572089328,0.95047206507126,0.94582506733011,0.945493695717697,0.948571795892523,0.951605679145083,0.952358283790732,0.946638882122718,0.954494933370956,0.953980337321938,0.953545866454436,0.948490081945716,0.944989785808537,0.942499999739192,0.935949894738908,0.93748210881308,0.942905472825864,0.953786621195333,0.959685250216602,0.959783125502435,0.956724803538583,0.95409987824784,0.950796989172962,0.951603113646088,0.953930450493214,0.949030466950881,0.951076249355744,0.956647874461208,0.952555373074672,0.951469150174577,0.95152982163718,0.960356854121443,0.960569785634738,0.966313467370223,0.968354490890332,0.967790310793228,0.966955367363757,0.961285033758986,0.956528329642154,0.956412516787829,0.959663746162108,0.958238842284951,0.952846142901516
3,102,NaN,NaN,NaN,NaN,NaN,NaN,NaN,NaN,NaN,NaN,NaN,NaN,NaN,NaN,NaN,NaN,NaN,NaN,NaN,NaN,NaN,NaN,NaN,NaN,NaN,NaN,NaN,NaN,NaN,NaN,NaN,NaN,NaN,NaN,NaN,NaN,NaN,NaN,NaN,NaN,NaN,NaN,NaN,NaN,NaN,NaN,NaN,NaN,NaN,NaN,NaN,NaN,NaN,NaN,NaN,NaN,NaN,NaN,NaN,NaN,NaN,NaN,NaN,NaN,NaN,NaN,NaN,NaN,NaN,NaN,NaN,NaN,NaN,NaN,NaN,NaN,NaN,NaN,NaN,NaN,NaN,NaN,NaN,NaN,NaN,NaN,NaN,NaN,NaN,NaN,NaN,NaN,NaN,NaN,NaN,NaN,NaN,NaN,NaN,NaN,NaN,NaN,NaN,NaN,NaN,NaN,NaN,NaN,NaN,NaN,NaN,NaN,NaN,NaN,NaN,NaN,NaN,NaN,NaN
3,103,1.00248005824439,0.999553143417038,1.00155840783197,1.0051578136527,1.00363628449853,1.00305577091344,0.999312791850627,0.997355983722644,1.002906801685,1.00204942235101,1.00405062597137,1.00382953975358,0.999770206742119,0.996847577614546,0.994873941945585,0.995948438571304,0.99809562407068,0.99809562407068,0.991421943092808,0.991264244270433,0.996580549278026,0.996580549278026,0.986505437231292,0.980646271965554,0.980658137807596,0.991228502031308,0.99931013022056,0.999770728414982,1.01745548148126,1.0263661401392,1.01859476858788,1.01994394830787,1.00577963681612,1.00351856599807,1.00509286753777,0.996623710994227,0.99411833152024,0.994321740433718,0.996794642504347,0.998111584804086,0.986459917664587,0.986771057165258,0.993166359077702,0.994062362172961,0.991950309641205,0.987829473647987,0.981697763181023,0.981417868817304,0.981179770154632,0.982194029910319,0.981147728690809,0.979995037451272,0.991944753885402,0.99531476172757,0.995294596547902,0.995294596547902,0.985661805027523,0.987261421139441,0.987261421139441,0.988431458884091,0.982007784074819,0.983685672389372,0.983536802733023,0.993856687462291,1.004234667768,1.00204082728916,1.00255804902498,1.00510044078849,1.00927858613806,0.998728276933292,0.992621363846373,0.992621363846373,0.993230560398049,0.985080432917223,0.984568977045468,0.980494327438964,0.987070371699045,0.982096782493151,0.981769711370564,0.978213990114928,0.979151399831206,0.978145996092608,0.973654853749172,0.974654102566963,0.975117919289393,0.974528510294655,0.979947086949194,0.984342428865505,0.984123492438093,0.982674798240087,0.985881245440135,0.995483582826737,0.994697926647686,1.00252298484049,1.00173490453868,0.99770028867292,0.990560843878316,0.985102342506312,0.985278338936783,1.00636910184285,1.00614204886781,1.0138559312137,1.01405440009711,1.00337614413992,1.00407698856612,1.00464154844004,1.00040690805216,0.997401546173414,0.994652699390643,0.991036856400908,0.990888196882422,0.994719774523926,0.991856695540042,0.984375246552545,0.986347384382102,0.985117178966396,0.990808050579727,0.989258875329703,0.985073996898392
3,104,1.00513714013171,0.986309391046567,0.98811190798721,0.98755512933544,0.985771140208336,0.982762502895913,0.982957502347527,1.00121117685905,1.01169003364816,1.01528264052624,1.02061260435666,1.01909143212921,1.01793645575761,1.01371686534094,1.00419362048721,1.00288090999903,0.991775576239257,0.991775576239257,0.991228394464676,0.991039728982043,0.991219449848741,0.974974018662335,0.962452994278611,0.972867300229439,0.973502589219648,1.00453993388043,1.01789921094102,1.01671259327503,1.03329656208764,1.02605706525509,1.02488086962309,1.02627714619609,1.01436697563477,1.01500767307129,1.00011759388548,1.00370856552701,0.997441174275249,0.995128915739439,1.00171467973501,1.00416946198958,1.00436205994894,0.998554532398896,0.994761775058886,0.997012258992998,0.991050367648629,0.991462923776428,0.990850349562665,0.991934926173185,0.98908336932377,0.983466601691616,0.982558354086772,0.974217861618932,0.967714817985568,0.976185366104432,0.980721225169109,0.992437670613504,0.983438322370372,0.984807232379357,0.980739799858344,0.980659132635777,0.979912634591691,0.981802299918704,0.976203891665912,0.974998240981395,0.974998240981395,0.963463294322913,0.959705286053554,0.95967924058621,0.951936444206009,0.958254375967277,0.984560614645999,0.984215892212536,1.00173157984806,0.987596744595346,0.994943042637943,0.983440928426898,0.980166824419063,0.980166824419063,0.971752367958833,0.9718883872037,0.975194467599178,0.968449926087868,0.969979542263768,0.972297970627441,0.97050422414241,0.967418131091745,0.963100394464131,0.955943186250604,0.955649884925215,0.957313351255812,0.956695546488494,0.956792400206673,0.966808589637633,0.970199829842145,0.969865477499974,0.96946667750299,0.963451448603936,0.962153717777873,0.961658768056707,0.961249920539301,0.957897019026346,0.959728268797633,0.961668478919303,0.95344917298021,0.960248204161545,0.95634676508009,0.954371548047982,0.954903894032641,0.956086095687306,0.95840720275756,0.959105514088763,0.958010106669065,0.970426360399425,0.981293212716609,0.988595636381823,0.980045802742786,0.975859771907197,0.976046410237869,0.976038245961023
3,105,1.00106124966676,1.00118321775926,1.01564585978121,1.01522288547896,1.0172911885551,1.01622294563461,1.01629986894428,1.01598115562854,1.00914848108017,0.999309116836647,1.00246331932727,0.994769335651856,0.988088467544135,0.991079333537425,0.985890552513167,0.979807420565421,0.979807420565421,0.985151832286849,0.985576348642906,0.979992812330088,0.981326689110461,0.984376040784565,0.983403369243235,0.982448581129912,0.981866576797133,0.986028986535785,1.00601406404307,1.00641786629327,1.01708275677679,1.01166020765164,1.01228792580567,1.00473038537947,0.997888386206698,1.00243645171771,0.995090983255045,0.991451021266535,0.994704386977006,0.993577011364908,0.987280404309655,0.993052798005841,0.993052798005841,0.99082023390775,0.982028118976309,0.982693462858669,0.97978968987396,0.981103044367516,0.984530120187627,0.984495999958671,0.979467490114884,0.985556047846899,0.985038947480098,0.981031985621682,0.980017571459887,0.981787640503912,0.985133340593168,0.984306656312584,0.988928822381617,0.987516771229744,0.984913179793582,0.985431501843764,0.986483871503396,0.991389017942265,0.987388427852931,0.992644032820412,0.99174446000533,0.985872122980723,0.985492279835859,0.985571741820263,0.977034178432834,0.966686477991213,0.966700695831555,0.962133856672906,0.971747425485414,0.988698636361648,0.98858946090085,0.997300253365682,0.999181502399359,0.999907674238801,0.99423075578561,0.99608340829864,0.994063087574951,0.993195093754819,0.993004116622972,0.991616254184137,0.985529541694354,0.986330647342821,0.98434636272518,0.984269282943178,0.987993523622636,0.978085011703995,0.985231225612077,0.984371549494498,0.986546967183534,0.992200945320954,0.993136114914824,1.00279482405753,1.01267807691199,1.01306601944186,1.01254767236832,1.00769854534691,1.00104999366592,1.00035484342848,1.00222537181935,0.998878487941392,0.999328006667799,0.994082372556624,0.994602683724443,0.994928704814572,0.999213332477143,0.991541325076824,0.986786116621101,0.986930244960581,0.985159324444383,0.992097009580854,0.991456678869685,0.99898732965834,1.00060970460311,0.993983083454586,0.994740173718034
3,106,0.99887500171711,0.995166802556258,0.995865489698293,0.997088795780746,0.997071812171896,0.996083652532623,0.990056675117481,0.9891617809049,0.994351855936509,0.989063543408509,0.983533902618049,0.987817913098787,0.982710328792872,0.986543329820141,1.00410644716169,1.00500121513516,1.02337417678892,1.0422843154933,1.04184296126675,1.02480798814532,1.01070054063222,0.999656007565273,0.999863032494294,0.996694010686836,0.99482496627324,0.995642395692234,1.01358621759448,1.0258390840195,1.03541446374457,1.03467915706939,1.0334612132629,1.02270398718796,1.02403833780889,1.01864022250919,1.0231373381392,1.0231373381392,1.01454399805821,1.01403733397773,1.00971872996545,1.01145885397338,1.00515488136335,1.00472277266712,1.00472277266712,1.00159354557212,1.00347217342908,1.003187823183,1.00376726883111,1.00307187247748,0.994438275198643,0.994155938851551,0.992668685905861,0.996118185703158,0.996576712750294,0.993539164902919,0.999800556287036,1.00199531288693,0.967679188550023,0.959547620542571,0.980969070502773,0.980958453989489,0.976518827640563,0.981503604518201,0.982489611271803,0.986725703407256,0.993561833061838,0.991061788773289,0.993405511063924,0.99306240670717,0.993140706943,0.988625503770605,0.984786945704952,0.993100003923114,0.988750240360635,0.990347321568636,0.987441815707271,0.987183192520065,0.98376422024708,0.991992715225704,0.991136315133086,0.993616935625401,0.99574809564858,0.99159191540816,0.993132502549606,0.993643385646038,0.988094099840821,0.994452899932607,0.994452899932607,0.992958967612216,0.990612145392348,0.990387456649072,0.992684321826694,0.992274989976956,0.997809835918947,0.997809835918947,0.99415778226919,0.998161636599499,0.998417020642639,0.984411592602942,0.976061283730122,0.976660883315093,0.982459840174902,1.00026127114703,1.01404758490374,1.01312291401462,1.01681575991331,1.0209175560084,1.02131525339421,1.01842406732864,1.01722349383389,1.01820604363684,1.01918859343979,1.02017114324274,1.01606527053276,1.01817788846844,1.01561210268611,1.01818868228507,1.0177643750749,1.0222496429711,1.02616317428526
3,107,1.01511092431684,1.02425454512169,1.02286558482046,1.02608817064731,1.02692272551425,1.02403458655412,1.01428344633676,1.01382760665374,1.01524308966435,1.01524308966435,1.01173723931187,0.970554245150673,0.970223657525768,0.961272037526443,0.97178331372153,0.97201753591592,0.975204893248987,0.981344705132803,0.987988603172141,0.985604957589851,0.985781589782077,0.986648316377014,0.987528576958199,0.9792886539614,0.963524631831968,0.963628320030158,0.959250714525359,0.97016342530983,0.965258207420309,0.965336056048477,0.970080857627314,0.962654931878587,0.961508109060644,0.956762522927302,0.950189269433583,0.948086069540083,0.947161780706337,0.946115382985544,0.937429316369811,0.937662349078324,0.936822629695813,0.931143881447654,0.933367125695594,0.927001136323705,0.937358485920465,0.924944358508407,0.93304733378946,0.923193882347876,0.930825383269518,0.930825120718786,0.919572062783326,0.919307817853933,0.918974571141454,0.925727341095483,0.923202602119008,0.923645133825551,0.93019928504071,0.923104843892628,0.919225408198659,0.920441003085129,0.923602226962783,0.930877327795792,0.933091607567862,0.933091607567862,0.932304426848086,0.93030597249511,0.929336040295257,0.932049300505339,0.932032192882741,0.9309739365897,0.923791884140794,0.926300373348161,0.926904521243516,0.92884910183858,0.929368378691064,0.928920937796939,0.928070736799512,0.930409897648515,0.925394148940461,0.92825777281548,0.927817119350548,0.923570296193569,0.92799116127109,0.926387672445355,0.914871259926582,0.936032263523243,0.936916831185711,0.950559099915829,0.953388174794119,0.953222731057213,0.954168287732638,0.955999063963398,0.951738406715735,0.951612446468998,0.951755502005167,0.945502926693556,0.94678569900902,0.938451704172459,0.933664098620118,0.937239399382774,0.936763509582728,0.934097149560419,0.930101613397675,0.930888520951401,0.934535772927525,0.93006226549137,0.935970554682814,0.935826051112902,0.9329404109652,0.929559172802145,0.931564903662708,0.936163790505135,0.935370325172926,0.931919496850494,0.930197684882951,0.929686988850061,0.937529018416279,0.939371943238771,0.940379165805921
3,108,0.985626034281378,0.98250995223739,0.977815175040607,0.973747302820374,0.972720341969458,0.970986161719474,0.981208002735469,0.981849696841517,0.987159212972165,1.00022830027197,1.0195233844586,1.02076520799746,1.03126882348285,1.02424464063139,1.02523779649552,1.02226853874928,1.01549264817129,1.01547994117482,1.01186883794896,1.00966303624832,1.01343546289362,1.01313317366747,0.998904295348889,1.00416171364338,1.00524654379492,1.01007544762834,1.0207650604284,1.02232652926001,1.02766733574342,1.02463484163526,1.02245477016081,1.02245477016081,1.01205199705032,1.01451197394696,1.01413517094597,1.0103475445428,1.00353006831043,1.00123722292863,0.998756825564152,0.997303240823259,1.00564023531289,1.00564023531289,0.993004741531574,0.998451201061739,1.00157873937128,0.994036828331102,0.99389841367092,0.99457420232215,0.99457420232215,0.997045016489998,0.995322422868948,0.995295648562378,0.996419385720089,0.999653768153306,1.00128829390467,0.999377839644621,1.00040647575281,1.00090556809311,1.00101945487364,1.00353225780282,1.00158718628336,1.00276007956699,1.00369828633781,1.00411666767057,1.01086131628806,1.01459971262351,1.0218439242595,1.02744466816239,1.02513280194984,1.03785974911722,1.06409268402685,1.06409268402685,1.06448348813674,1.06583625965813,1.06452779300963,1.06452779300963,1.06181747365409,1.06402203752647,1.06561032333881,1.05318308102615,1.0531152132088,1.06181660701642,1.06233306212121,1.07087964919361,1.08560498046194,1.08684591154612,1.0904668129322,1.09108725648696,1.09303483378784,1.09289373971201,1.09616798065955,1.10320261593678,1.10893025196851,1.11555661410435,1.11336541824601,1.11336541824601,1.11018946633375,1.11244374456815,1.11198150214599,1.10464403402383,1.11694128130151,1.12693576070079,1.12883792483841,1.12930235119971,1.12500034889718,1.12574582075342,1.13021189903179,1.12344336776036,1.12720248200534,1.12299970772593,1.11832246453115,1.11407091326452,1.11407091326452,1.11980471540058,1.13481893680044,1.13673875362624,1.15849978331156,1.1600828113937,1.16381875564028
3,109,0.985377148887921,0.986036965615472,0.995538025943628,1.00165122710128,1.00063423948977,1.01120325689231,1.0128580698829,1.01318433593138,1.011224373712,1.01224034330263,1.00031830266247,1.00534289995802,1.00420444758601,0.99954702925918,0.999358542418291,0.993158067831408,0.989782586955637,0.990568195934011,0.987771940635682,0.985312027964347,0.989620438536026,0.988685462821307,0.97732570478381,0.985195469874169,0.984096869184974,0.983309426141699,1.00103332711174,1.00447394183085,1.02214363760025,1.03258224375492,1.04146956268808,1.04632390937451,1.04400529066043,1.04794044064446,1.04765924565533,1.05313405503106,1.04903734917509,1.05154321107207,1.05156116221854,1.04779566923195,1.04473640723582,1.04606756440339,1.04432335872509,1.05054730094078,1.05604158982941,1.05926365412507,1.04977042007112,1.067107670481,1.06720318935194,1.07094502331396,1.06604531657953,1.06867515203785,1.05663315615501,1.06169469378329,1.06169472607581,1.05821412172087,1.05048482270401,1.05899666728595,1.05883670424781,1.0571541696258,1.06150860974642,1.06935292952395,1.05593221723262,1.03342123069884,1.03323286945501,1.03323286945501,1.0365357157084,1.03445913172831,1.03404171636539,1.04802549178772,1.05102826033312,1.04999254659257,1.04877186337512,1.0417670592077,1.04159892075061,1.04289746868511,1.03854419083003,1.04996001150976,1.05099277148243,1.06982646467301,1.0738289828293,1.0767982965764,1.0767982965764,1.06423704384393,1.05617620951858,1.05548531240373,1.07401520826676,1.0950682927725,1.09662490008583,1.11256492824892,1.09452341841173,1.06516372414991,1.07066867029114,1.04875306468625,1.04566081374032,1.04557393920655,1.03569183127959,1.02612723813607,1.02633892831536,1.03566824586011,1.03694114846136,1.04331960761959,1.0437266798931,1.0413170984962,1.03962410558086,1.0298169268256,1.02433585610821,1.01795224884247,1.01062782495648,1.01040990009016,1.00109888426188,1.00587933777332,1.00588456827777,1.02034116027895,1.03504304941166,1.03504304941166,1.05229861308138,1.05054336290607,1.03715199001163
3,110,1.00453022125109,1.00453022125109,1.00589573603005,1.00339179207794,1.00020906159638,1.00373079413764,1.00069594952676,0.987906828425742,0.993575688892313,0.981211312455939,0.983940007019509,0.983823341952408,0.999498551114624,1.00917745201586,1.00973318198054,1.00901607806965,1.00338522413412,1.00787427903417,1.00787427903417,1.00459742548487,0.995496893500359,1.00314851400524,0.982762928445334,0.976456660592666,0.974605179491538,0.974605179491538,0.974520491112613,0.979706361355671,0.979090807779404,0.977986387771593,0.974293847039461,0.973774038243575,0.976296515272816,0.972325522024957,0.966111654759151,0.966946929448618,0.96301725494562,0.962221307528334,0.962467562173509,0.9646955800989,0.960753476182899,0.955660813060075,0.955660813060075,0.95822109186095,0.958182245194052,0.958276004121428,0.959897434373929,0.954874435028377,0.954582458966785,0.964148102893098,0.960398348676397,0.960312117877721,0.966476162415872,0.962239111252156,0.957482531157312,0.956765814001303,0.952854175827408,0.951230528728344,0.950418235761333,0.950930267703946,0.948766291276547,0.950120141131724,0.950399981741495,0.949496037055759,0.94729564762122,0.946090668822128,0.949171688719824,0.948460193905277,0.933337789206639,0.933237226555621,0.924313736911687,0.926782309184856,0.924728441702028,0.941931165763207,0.971141016945488,0.971141016945488,0.956496857576001,0.965031539595636,0.951908730535293,0.951010564919646,0.947200121813679,0.945539286785596,0.945840471566675,0.909667507651952,0.905520347297638,0.90853665060053,0.91700412210143,0.932410159632618,0.950778942409768,0.951619569060184,0.954899358327444,0.953273235978211,0.955651071914517,0.952569259395685,0.951368136237085,0.952743642655282,0.942544992283279,0.940119070428037,0.933217720416262,0.93354306934453,0.937259019959794,0.931473974227024,0.929878897913452,0.942659850381991,0.93831057226602,0.93472156226595,0.934901918659626,0.931217685316706,0.928416042836408,0.930148800451363,0.927574611678049,0.926968125873559,0.927818780259762,0.929353666111283,0.93539449023497,0.932233576065854,0.935546532995599,0.93361333522755,0.929045798055331
3,111,0.999830535837932,0.993640001440964,1.00294016455918,0.995741679166879,0.99555861193125,0.997816009481012,0.998900413645204,0.993206649997289,0.995629993152395,0.996279147251506,0.998002098434604,0.993040395765664,0.99099383296289,0.990670456662203,0.995237394292738,1.00837100288546,1.00671083251615,1.01778964573473,1.02964113428195,1.02828699910071,1.02212506963211,1.01346649512534,1.01476406517491,1.00330127959965,1.00613452574076,1.00653460905397,1.00601348840316,1.01249364317724,1.01039853412627,1.01210681110581,1.00425034632948,0.998788017812395,0.99762255879514,0.997343778421131,0.999425603329559,1.0031395917276,1.00207182228915,0.998344478464425,0.996506130957059,0.999790882039591,1.0000321399395,0.996637176610019,0.991319659398737,0.988965735484212,0.99386289644075,0.992999574625902,0.990227604048189,0.993823677994964,0.994231504263851,1.00667273302654,1.00647792800415,1.00483136266009,1.00431086793096,1.00381293704737,1.00488959506942,0.995501497355659,0.99475377954221,1.00001140729997,1.00042595822476,0.996192473722915,0.994917320250721,0.986050071141791,0.991630078634819,0.99230395905316,0.990993380445,0.994942147101823,0.998088113612561,1.00299470120239,1.01151683723688,1.0267243327976,1.02648854027855,1.02047732666406,1.02004104104763,1.01919668808905,1.02072445499116,1.0158689414295,1.01762151038325,1.01686550132748,1.02178649669688,1.01959834499919,1.01690731992066,1.01706412489725,1.01165415907857,1.00934370537526,1.00303167632061,1.00211106175729,1.00674513235612,1.00624750205269,1.0009778679756,1.00445899229376,1.00464796734121,0.997321369508086,0.992626530105126,0.9928823475876,1.00289813984294,1.0096481799074,1.02270209051186,1.02251061022757,1.03915517765384,1.03523753530488,1.03459136569931,1.02813681887495,1.02220748403396,1.01640563318246,1.01692359273427,1.01231265991396,1.00842169763289,1.00387735028036,1.00373612118835,1.00639504999973,1.00688630026822,1.00039001369959,1.00450915874649,1.00331978662245,1.00336386556363,0.997582031530722,0.995751865226758,0.995278354450123,0.994341183911763
3,112,0.995430028780032,1.00082720577251,0.99472424732286,0.99472424732286,0.991253821101689,0.993549341985382,0.997957695947099,0.997936105740739,0.991271737310036,0.993282134387622,0.993133469896047,0.990768558126272,0.995064830384703,0.995545800936477,1.00177330536755,1.00798867967748,1.01806585696172,1.02046664860768,1.02623628437123,1.01857286022843,1.01424577366559,1.00824330340863,0.998073642886886,0.997300159290516,1.00039548853579,1.00692993480334,1.00536746135661,1.00369471505785,1.00880924948114,1.01000498076378,1.01294003813517,1.00494909722737,0.997802212007728,0.999484691064624,0.999484691064624,0.9898074457377,0.977241276791627,0.977241276791627,0.984020404000609,0.984547622266676,0.980313584049559,0.981134390580749,0.975517707690316,0.978259658081281,0.977541649933301,0.97444585770532,0.977658421326475,0.984310610703259,0.986133145018341,0.984277805974004,0.980569370741267,0.980569370741267,0.98778842258327,0.985326067609035,0.985326067609035,0.99124989168803,0.980373888616594,0.981625966002041,0.988093740019275,0.986494385842887,0.983819041339942,0.983627933307102,0.980314901921842,0.987104837053415,0.986820461572598,0.989176785249579,0.981066822017645,0.980350999591123,0.979468827518378,0.982932918582544,0.98236318430591,0.981499727430929,0.987587724907139,0.984328990437498,0.979547555355711,0.979728794916023,0.97594832926918,0.975624962120286,0.975604068703985,0.981270170300912,0.976240208897604,0.975699613364737,0.985058821181348,0.997353104595942,1.0120728326556,1.01251809964224,1.00990108129984,1.0094289038165,1.00919723818663,0.992698609057172,0.976969280183111,0.976653569797302,0.980834065864265,0.980773380968101,0.980860190555724,0.995774127994691,1.00983664570334,1.00939379446345,1.00960201108853,1.00654381864558,1.00023877201718,0.999663183219687,0.996123454626851,0.996619492361301,0.992870244597417,0.992222263923854,0.982505758054708,0.984723068043845,0.985565093636724,0.980614072144886,0.983434357174129,0.98007830198114,0.979090596404806,0.979107194880119,0.988438335994486,0.988681621970872,0.985891870633167,0.988971896578902,0.986867254641285
3,113,1.00650240681251,1.0070978167204,1.0070978167204,0.996808390274016,0.997202854137817,1.00438528408289,0.999956843270721,1.00052288196898,0.999121403324036,0.998985864081567,1.00170117797635,1.00844549602592,1.00717762251049,1.00642168185387,0.993002376788201,0.979789385045239,0.979824908838078,0.997663135892893,1.00829265367562,1.00880842431744,1.0337107033371,1.02957007142865,1.05004247257218,1.05163016355592,1.05437712762266,1.05745257369857,1.05719426403867,1.05695076632026,1.072399817898,1.07220518169383,1.08139355928034,1.06866337334828,1.06294941986076,1.06294941986076,1.05798340425074,1.0468854369652,1.0468854369652,1.04002227738839,1.03836509610415,1.03040749357691,1.03040749357691,1.03260082577843,1.02227234348712,1.02336065278993,1.02236200738315,1.02300364331578,1.0229306518071,1.01975318722649,0.986519444003936,0.983144100198346,0.982472112553189,0.983315804056845,0.975472847177078,0.976107401932103,0.980477621228504,0.985909510090637,0.984838162263686,0.985999869962888,0.98491353923854,0.979541582433982,0.979457251097263,0.970318429577586,0.97028102140762,0.970195681004758,0.969457023074404,0.965829162227563,0.964536131501319,0.963870183212917,0.962513581966053,0.966196940976365,0.966196940976365,0.960967861868005,0.962398514339932,0.961740076795281,0.957871175366591,0.967015662941862,0.966393243191241,0.966881687168419,0.953890702817715,0.958724492830549,0.963164778489033,0.961729866259204,0.960520856747874,0.95806234466393,0.958309035043284,0.96786854615941,0.961011439321608,0.961523250790719,0.981641351572052,0.981023335424057,0.980471713332459,0.974990549518062,NaN,NaN,NaN,NaN,NaN,NaN,NaN,NaN,NaN,NaN,0.877897141547327,0.876733025430914,0.930921301842185,0.955248133848023,0.963456112123842,0.963456112123842,0.968415724176113,0.964272426332417,0.965857589795128,0.96736733652627,0.96402188499925,0.964224698672846,0.964289803203136,0.957353400912118,0.952786420133595,0.952890378698101,0.950153909055233
3,114,0.991613895060943,0.991545249855138,0.993300389142504,0.993300389142504,0.995652670845949,0.980563690574505,0.953329655210346,0.953827433531573,0.971121923778505,0.989213093101801,0.987171822345115,1.01908992724798,1.03236639999046,1.03185481460854,1.03305087135782,1.02571268113374,1.01970768361472,1.01970768361472,1.01786972584315,1.0242102894068,1.02491515429695,1.00634941713753,0.98461333111346,0.984877230780386,0.990421710016916,1.00187136034669,1.01385754281395,1.01361496078829,1.01561751589237,1.01049428794613,1.0104579769379,1.00215773394848,0.997809177275353,0.999035874867944,0.992363979089754,0.989872637225002,0.989834945393866,0.98878015046194,0.983837387114271,0.986448857214369,0.982329587784431,0.983581433838895,0.977671112947248,0.972880248146272,0.973369902238432,0.965077581579257,0.95905097512183,0.958482734333443,0.973766942323888,0.97176009233691,0.969753242349932,0.967746392362954,0.965739542375975,0.963732692388997,0.962079824227036,0.961454654208143,0.959904328031254,0.958354001854365,0.956803675677477,0.947393646654322,0.947350469661783,0.940758276978101,0.929588444650414,0.929096661107496,0.927074148700479,0.930429457797866,0.929281700227223,0.931115715219107,0.922008308872955,0.921661908613917,0.922188316404682,0.92220265506553,0.920041455356706,0.916926249923565,0.916447483007761,0.917831914479374,0.9241263480372,0.923807552290472,0.921922055356137,0.923368953130752,0.927017527506202,0.928271943663796,0.934909616915562,0.909002861027537,0.909854940001004,0.913707132122483,0.943054553164219,0.923650455791962,0.92618321013821,0.927967693022588,0.939756272590314,0.939649404299746,0.95589548005714,0.952832866443081,0.953176230656252,0.945914445355247,0.94988039709934,0.949461205601614,0.949461205601614,0.958181743005198,0.948034176889635,0.947997795674103,0.940817794487611,0.946252931082613,0.944778223688116,0.951509557037054,0.946848937195885,0.944898028133228,0.944898028133228,0.943641307079085,0.942604867009893,0.942323611834937,0.919168390895424,0.890219410181816,0.883477637083202,0.88182194871573,0.904841215268227,0.903381324814732,0.90403623422725
3,115,1.00276171092101,1.01262218922911,1.01134727467163,1.00828226763757,1.00321984062852,0.992872728347424,0.993538797928367,0.993283811046339,0.991967332798923,0.992635004386688,1.0012614883738,0.993029788716043,0.996497108673491,0.998494002398033,0.988972099817421,0.995302128404509,0.994007754019761,1.01185501944704,1.01804965255432,1.01664676694317,1.02575020468673,1.03800279242683,1.03716073571893,1.00982881819869,0.99182835076148,0.985066626538614,0.984413562122195,0.978455313802978,0.985463814474255,0.98158199847111,0.974278463276984,0.997632489300653,1.00424387403493,1.00566314102968,1.00797891643347,0.996807931104865,0.998099074504187,0.996336376371476,0.985495271363408,0.985489525639397,0.98710877795723,0.982076048560013,0.972245200987303,0.974621736000953,0.966555438949887,0.964686518342484,0.968299385659409,0.963450355251153,0.960173779254612,0.964518336219248,0.964455354520024,0.975024458700339,0.975630353604095,0.971667404932257,0.971396217378041,0.971680870509415,0.964226774467303,0.971112809585725,0.964331017877961,0.964331017877961,0.964232118479564,0.970360831158508,0.979889450322629,0.972601567367147,0.98963348686893,0.99867373844432,0.998628011221242,0.996174000890884,0.995611945273237,0.991193450182268,0.988144792838961,0.979913379537398,0.981201206649164,0.97705854922539,0.96918112919313,0.963495318480068,0.966364391369571,0.966459982423749,0.969111475323941,0.977520280003419,0.976036603353066,0.989630767206238,0.991718801128946,0.991718801128946,0.991948013058523,0.988953872753037,0.983963444047535,0.985961938858887,0.982017394390055,0.980752937087491,0.977493991899486,0.971614752440115,0.978877660003871,0.980731994300632,0.979287035967892,0.983983962830637,0.991360760823537,0.992655001792883,0.991535849850353,0.99128463142692,0.993132898228452,0.988301313055641,0.99013802334935,0.98857171002613,0.984353930274859,0.982512590957886,0.967046383437917,0.955044458013892,NaN,NaN,NaN,NaN,NaN,NaN,NaN,1.00187340547804,0.99723299838954,0.997260239327935,0.993609370246495
3,116,1.00167293773306,0.994889033967863,0.994783055638752,0.993133228874177,0.99809119088822,0.99722222669502,1.00930308122348,1.01825715801975,1.02245105931744,1.01915018710222,1.00925227672843,1.00406475909085,1.00406475909085,0.998901067944606,0.994872328251557,0.989309011222613,0.989309011222613,0.981310276042625,0.979963350945876,0.979963350945876,0.973898277659626,0.965888916597462,0.965387946644679,0.977704519758714,1.00124290949873,1.00126227799499,1.02132175913044,1.0235628283224,1.02126871507555,1.01775897082574,1.03072604697127,1.0319298044262,1.03171992594284,1.04480312589606,1.06047316510738,1.05296627283604,1.05296627283604,1.07927016028244,1.08373981318053,1.08475680405488,1.07546188748546,1.05795171047791,1.06336313222482,1.06564973979323,1.06769857237057,1.0617918498851,1.06896068591711,1.07364082668204,1.06482507395778,1.06197353317925,1.06164498970743,1.04670834909929,1.04787516443137,1.0473990717631,1.05103712035526,1.04687552033186,1.0448095997676,1.04691607182645,1.04897505460336,1.04854404122705,1.03363854073958,1.02575942023841,1.0260630439995,1.02086099493552,1.01517806547034,1.01501007606594,1.01501007606594,1.02197380206322,1.01936251740152,1.01906712008798,1.00960154377627,1.0090125408746,1.00300792929914,1.00050915045054,1.00286671906973,0.985988474350958,0.983686323157604,1.00150395754222,0.995532405008517,1.01133752199778,1.01141629790118,1.0226001395386,1.03151386675769,1.03147864844298,1.02529088534262,1.0169191066917,1.01715789649697,1.01374801721976,1.01958398354701,1.01584598703786,1.01524674312912,1.01995414118759,1.02255882142637,1.02360207728908,1.02124324819542,1.01774390850993,1.01611728473,1.02249578627124,1.01801315582698,1.01781438781778,1.0160996568764,1.02107944038254,1.01717976923259,1.01811345748121,1.02470887706856,1.01380230351195,1.02201756275124,1.02211543027736,1.02101731267288,1.0094962456095,1.01029503242831,1.00627735322181,1.00922438901472,1.00922438901472,1.02976992224974,1.0382282166136,1.03558460425106,1.03495523028573,1.02924436311842
3,117,0.998417120904824,0.99819289865771,0.992726934880887,1.00106895050109,1.00008961062321,0.993943565720633,0.999808105530318,0.999808105530318,0.997997582121601,0.998903969819804,0.998080422943666,1.00000064711915,1.00241677278796,1.00341224460598,1.00293739268548,1.0035616531442,1.00363055645656,1.00367252528915,1.00133094067747,0.995155405193528,0.996203844814208,0.995680383861021,0.992772884070035,1.00285299068724,1.01360958447284,1.01761676660802,1.04572475065459,1.04592480624749,1.07400821069159,1.07847842324886,1.07840550701657,1.06379643172281,1.05878519750329,1.04338852735901,1.04338852735901,1.04055991773471,1.0329282391671,1.03317675924707,1.03008208425777,1.02837109011854,1.0305651130382,1.02565756391428,1.02441487728717,1.01973743845623,1.01973743845623,1.02048977502324,1.01779417208188,1.01797814941175,1.01257687075711,1.01603691197613,1.01443761065439,1.01413324945674,1.00535139069708,1.00175109045891,0.999491041785045,1.00523303997107,1.01213331999197,1.01325614333729,1.01002973100937,1.00386856994656,1.00747505327954,1.00806151717186,1.01432339565291,1.0116704508379,1.00925857582828,1.00111154768068,1.01251219326172,1.01148333718171,1.01277079697593,1.02048498146928,1.01418961214535,1.01417142071117,1.01156607195968,1.00832945548412,1.00832945548412,0.997054872582961,1.00043220104002,0.999462751255233,0.999462751255233,1.00224524986312,0.997726502735963,0.997843240083759,0.999815375142567,1.00004530166651,1.00006309110439,1.00224116333545,1.00473625395287,1.00308040991631,1.00480839107522,0.99903679460453,0.999741924148641,0.999867443047077,1.00268348750139,1.00955883614367,1.00955883614367,1.01847406303285,1.03757333501052,1.03934632681877,1.03907879502252,1.03848449515893,1.0316145618832,1.03193609731765,1.04047950746999,1.04288222123903,1.04393806899826,1.04116125616368,1.04156143663982,1.03518748521379,1.03730193593226,1.03358312592564,1.03023832520811,1.03077912501327,1.02064160538433,1.00615107990183,1.00761820917146,1.00708270310794,1.0063663116393,1.00653572750083,1.00614865161048
3,118,1.027530379461,1.0191443671247,1.01980760573219,1.02489876354047,1.01539563010758,1.01187091968186,1.01220736789019,1.0038165436215,0.993026129606482,0.991546081994465,0.992816916918583,0.986494922175158,0.989841077590649,0.985064559362593,0.984658828343771,0.985549775998529,0.984879544309158,0.984276071309698,0.987174515231424,0.985095963267348,0.981946207759651,0.981498528629707,0.963368682557437,0.963368927743543,0.961740969962126,0.97425408083038,0.974440548883396,1.00074294141306,1.00408001042918,1.00408001042918,1.00428464742705,0.995990614084944,0.980677135072897,0.980677135072897,0.974182234781996,0.965542397174281,0.965861222691368,0.968709650995961,0.964815204507789,0.964815204507789,0.964224504994416,0.957222097959768,0.960514216484445,0.961112956839463,0.95925330523309,0.953641912835684,0.954476274591193,0.950302326961986,0.953354413601571,0.949072839698469,0.948748062271521,0.948088704711746,0.947661771816846,0.94615345670005,0.94433637133836,0.947866228046729,0.948836589653794,0.942159702320577,0.945953020354383,0.940962452390047,0.946801663215035,0.943946236007394,NaN,NaN,NaN,NaN,NaN,NaN,0.944483210728028,0.944652139758931,0.945359076232065,0.946927689103563,0.950916639721486,0.944609835992682,0.944430711657836,0.942772255362149,0.943106790592485,0.94510932928707,0.947637151451531,0.942981079752438,0.945960580768531,0.939896855963743,0.939051465820413,0.939051465820413,0.955712523206387,0.951073431610724,0.969237342549926,0.971809775368214,0.983901290786774,0.982774823274984,0.983169650458069,0.97046588502074,0.974533618432049,0.977195837115886,0.978552355068387,0.970222033355694,0.983894388122938,0.984053101961762,0.981872551705127,0.973036955461847,0.973546090377988,0.96390465162685,0.961860913468611,0.96444397607068,0.96340888015175,0.959700329588669,0.961650483952241,0.955945300475663,0.95716503279866,0.957004577311366,0.957004577311366,0.957638945134866,0.956141940346726,0.957989706577624,0.957989706577624,0.960634004954479,0.957201246209016,0.957333453054185,0.95154968315566
3,119,1.0322838655886,1.02390471957653,1.02406224634731,1.01593515270634,1.00942114179642,1.00967896886905,0.998915290288719,0.994284697178914,0.990615286335804,0.984681041050246,0.986527302588361,0.987556360104574,0.987845263762405,0.986859476953712,0.987381433156483,0.988698063274037,0.987865711850252,0.999468213468586,1.00401576510366,1.01094362929795,1.00629456608927,0.996631591983646,0.994651313408169,0.994696920066189,1.00138567322324,1.00351552012143,1.01474375158948,1.03685069380871,1.0383187614315,1.03854154179007,1.03351349948217,1.02285618938751,1.02288870245784,1.02024823283641,1.02652662036838,1.02609526990944,1.02773560461547,1.02099800805923,1.02355540370485,1.02654141338722,1.00985858175709,1.00494656636097,1.00978417905022,1.00101688014454,0.997327478665569,0.997327478665569,0.994819426656205,0.989222452534645,0.994359802663028,0.996517843952692,0.990395870685845,0.987568102362204,0.985223113116081,0.991249850760719,0.988658508223082,0.995545846725212,0.991712087738587,0.99285587204849,0.991549998602261,0.989851410009059,0.997396662088736,0.98867120035227,0.984407762773958,0.984407762773958,0.991863629568325,0.994060167837705,0.9941471301243,0.986876193038112,0.986585049806811,0.986698267702519,0.979955414032635,0.984390151466381,0.983335655127504,0.990281262845398,1.00635761254506,1.03958415793611,1.03943914915765,1.05084821672516,1.05083223979342,1.05333986020129,1.04187090469353,1.02662015772283,1.02648273291858,1.01741624194482,1.02347878203435,1.02001243274929,1.02001243274929,1.02836053223504,1.02184032371817,1.02000201168654,1.01992168109244,1.01218606822045,1.00557033632869,1.00593785728374,1.00338161080868,1.00235054155892,1.00308488036006,1.00445925269993,1.00413118861318,1.00879912105226,1.00879912105226,0.999383418969039,1.00322980077641,1.00396622807835,1.0053969288286,0.996843896997002,0.997539717556423,1.00112133749923,0.995705347617008,1.0024757770368,1.0024757770368,1.00828594244752,1.01775161917033,1.01775161917033,1.03390106065609,1.04100598956674,1.04106333290559,1.03517340195102,1.03269295805924
3,120,1.00260588752254,1.00264449164113,1.01302586085971,1.02180615864969,1.02173046730602,1.03762086024395,1.02592795893268,1.01909664073973,1.01909664073973,1.0011916634042,0.994423289614063,0.993726706984551,0.986980526678909,0.987102914152833,0.987390188631219,0.98673971239235,0.989096348351731,0.956814781792622,0.952978901362321,0.948147066756276,0.954416251326373,0.954403835034162,0.958429787466101,0.960010223461758,0.966118855712866,0.966118855712866,0.980942257074391,0.991370505204644,0.991370505204644,1.00005617057657,0.975971504988779,0.972388688669455,0.972149746795734,0.962555413992644,0.969025653484636,0.967382543792002,0.966570896690958,0.966985170288641,0.966147959883593,0.963997249240932,0.972632958066147,0.97264138726586,0.969781666060047,0.970706288591224,0.963372829475749,0.963364310912988,0.962207891627062,0.959813028379016,0.959732399567845,0.963525476013537,0.958118383250525,0.959390624546617,0.959816390155591,0.958763696596698,0.951843037684527,0.950991022813143,0.952769982058723,0.953635615913314,0.954436409840259,0.950282596661967,0.947720354865498,0.943682319822457,0.943778494280544,0.943540588842386,0.945676677800901,0.948781219641854,0.945408562377777,0.949645780853229,0.942667773754668,0.942667773754668,0.944272601416191,0.945278134355088,0.945833225120779,0.941677936673813,0.946739147058824,0.945408458395174,0.948741561421205,0.947724248451499,0.946638160293681,0.944321925099256,0.947161737483932,0.947914717139105,0.948003362825607,0.942857885993198,0.955603414175594,0.949121022783948,0.954018971399188,0.953912410733967,0.951910388399328,0.952399206822166,0.953354017219244,0.954955412657186,0.95506152243603,0.959078840190235,0.948976059127973,0.951407700160695,0.951542826793724,0.949101014242127,0.951672307682131,0.95135104607554,0.953810217483132,0.947874374974618,0.94663307975289,0.948196801915205,0.946968102091555,0.956742314759733,0.953657823047207,0.956165472732379,0.962736157062372,0.966521497467279,0.975625705564432,0.971988647731594,0.972010408284159,0.967932405177194,0.966209867232639,0.966359420881997,0.965316824598794,0.97091540980181,0.974155454970213
4,81,1.0368503579555,1.03561895978607,1.03703812440828,1.03100468564542,1.02277442900687,1.02416275797628,1.02555288191528,1.0192153251173,1.01781985479961,1.01078206741208,0.960888807805089,0.960512443305673,0.940238655472581,0.935358745421605,0.971218987129275,0.971255999180927,0.997621854226633,1.00014530319436,1.00193976024115,1.01101324800403,1.00047302758297,1.00042761087314,0.967679014058132,0.949743152186791,0.935645090332527,0.933236994006815,0.926873837857714,0.937300175926948,0.937357413674526,0.94858848768556,0.946395607821468,0.950267902856501,0.949696426020009,0.942217848533347,0.954872488484625,0.95656151492986,0.962418046414941,0.958141467780471,0.952339547658962,0.948787151112318,0.94227233653234,0.944077775280101,0.945372233587867,0.9383045532803,0.94943361795734,0.949444288206907,0.947435444436912,0.955688607428681,0.943471426894342,0.94446924183159,0.930255947243508,0.931612619619525,0.931148446124603,0.935544463340438,0.935138035352136,0.935421053313759,0.92704361890322,0.932086017290433,0.925735172596149,0.926517217401456,0.931413999896685,0.927935078397468,0.927108833372073,0.927337685559031,0.926534465049557,0.926345713516741,0.923020942179038,0.935602335864998,0.930209054483085,0.929428804106736,0.92486067292445,0.920897698339358,0.922563889403196,0.926165161737905,0.922666625609491,0.933896067376517,0.931363983595993,0.946047835565557,0.94706618899695,0.947232164141271,0.94872657503428,0.950699428730588,0.945009081600664,0.947442290846115,0.951614591727083,0.947012333335089,0.942824108355176,0.94695985596871,0.944013260222853,0.943655141434461,0.943118292599002,0.935858395035875,0.935819040496227,0.936919314578661,0.931734357853644,0.932452060615128,0.932832109451753,0.927893730308468,0.93117445480777,0.931204210415898,0.938060900624068,0.939543224672023,0.938757237006016,0.937742885126497,0.950257398425395,0.950568603612348,0.952554114498252,0.925634878974872,0.929333810993569,0.927322212111591,0.929894586805412,0.960636508827107,0.962507734741114,0.961578726628625,0.958533517662428,0.958779198664504,0.958644036902938,0.960185438877213,0.958932328367447
4,82,0.990772159298098,0.989473557865271,1.00958336226154,1.00371928495468,0.993008935768931,0.989353708026943,0.979856844706703,0.97623316282862,0.988560230151875,0.986691142474213,0.985886610705976,1.00375784706371,1.00931743230851,1.01131624468716,1.01356264608286,1.01514402930526,1.01771919556707,1.01853407358674,1.01750953235584,1.01751713746211,1.0177694390466,1.00510842851492,0.989388515728916,0.989066158414017,0.996814941138307,1.00950276491365,1.03765413212771,1.04086533284858,1.04451412848436,1.04695512206184,1.04627318048107,1.03813758105445,1.03949362876072,1.03598818096721,1.03475699164212,1.03274375808663,1.03003048622104,1.03543843390438,1.03227223527145,1.03203820929015,1.03192345682548,1.0267302864127,1.02355665447999,1.02184901408438,1.02184674233045,1.01234200897789,1.01331199478449,1.00948706391366,1.02067189469459,1.02449058871161,1.02932033067455,1.03016301431524,1.03785729973079,1.03739690242091,1.03749457084409,1.06297829036322,1.080667343514,1.08067819640301,1.08298368104126,1.08428260563281,1.08816412018585,1.08791178776203,1.09416880210993,1.08605102321349,1.08621384808176,1.07801546224854,1.07714980205488,1.07580385208923,1.06977773737678,1.07004869028682,1.06275102819725,1.060648824887,1.07097855679906,1.06267782774012,1.05907575992812,1.05717774763618,1.0570733586518,1.06019214572107,1.05929841747956,1.06400267496179,1.05918090761813,1.05860128903822,1.05772002752711,1.06277309965903,1.06277791478489,1.06222883764212,1.05618329373972,1.06734128620802,1.06730011884252,1.03305905052924,1.03471642876085,1.03476920039471,1.04034663492443,1.06371128588813,1.06454250324243,1.07997276046488,1.078638359086,1.03124049598253,1.03147868788006,0.991741634661638,0.998147706121995,0.997670494362281,1.00938398366533,1.01735943628851,1.01673884207891,1.01501932923651,1.025876789834,1.02717490493955,1.0261216735166,1.03486148654431,1.03597096722707,1.03579308972203,1.03340985017232,1.03025776884079,1.02869305450144,1.02614490096168,1.02554897523046,1.01436213613,1.01676654381761
4,83,0.95836601105788,0.975828467802628,1.01613533844762,1.02876371536571,1.02909058716494,1.03125222880862,1.03391450246543,1.03427378704112,1.031723569216,1.02134188167982,1.00915494321932,1.01042811800458,0.992869181007091,0.990334846392314,0.987374343256334,0.980881591442551,0.978896641591807,0.978861850913133,0.910508395123102,0.907573461033841,0.904348511873612,0.904589924826137,0.947430660536981,0.963450918597214,0.963497625117383,0.964197860152481,0.978189663205608,0.998361366252577,0.998739899427317,1.00634657148965,1.00500251549178,1.00497437395852,0.985875856896802,0.990202615385028,0.987538669415686,0.977443381981468,0.974728466508393,0.974135467968996,0.978198069240493,0.954852253252727,0.955870023979338,0.954850077507509,0.955701010219112,0.962798852715976,0.962197573045976,0.962376507208986,0.966728046371138,0.972367029681367,0.973507639637104,0.970122962697383,0.97177337426485,0.971763940429673,0.960419655927093,0.973491261647326,0.981320945357927,0.981468154509652,0.973558814719769,0.976621448085556,0.975885056329424,0.976883042318182,0.975823465472406,0.977129643757705,0.975948675940167,0.975033393627654,0.970438784200891,0.97056136342239,0.972147198380732,0.966182438164604,0.963107024004291,0.970043926919832,0.975604125293347,0.974983473942387,0.964569708281481,0.964689217346569,0.964111038198605,0.964723855885845,0.967052013831874,0.964718445305594,0.960353995387511,0.960304791634784,0.962448529636944,0.962701795311914,0.97203113079845,0.977880869266752,0.976390688282027,0.975820428758875,0.970660357075432,0.970370321308831,0.971257936423048,0.969028196458105,0.965117050240719,0.956357156969812,0.955747102210988,0.96248783583017,0.966537259373701,0.966537259373701,0.975538084531978,0.981676440768454,0.966460325067587,0.966875497007463,0.927924656990852,0.954924080589638,0.957023155147066,0.96963896363646,1.01433860743773,1.01967893376482,1.07812063524495,1.12126531839086,1.12117495989586,1.1513367741536,1.17787284340814,1.18898299177591,1.1914840302185,1.18508141230872,1.16535245210733,1.17038667443553,1.15479953533017,1.12738551017694,1.07332372038801
4,84,0.963478773475051,0.977929204212416,0.987030738852763,1.00445481844957,1.00471901259196,1.01553476151777,1.02598654036684,1.02534290393152,1.0319531872777,1.02506185030751,1.02977880103718,1.0321462613401,1.02386827467804,1.02004850386818,1.01886762618454,0.97759270716695,0.946490456547218,0.942395421403885,0.947320156790819,0.945773189893971,0.945649474670403,0.881069572856081,0.894136636417878,0.916640181143063,0.918959563893707,0.932861161786239,0.949303265493479,0.94733639732691,0.978570744573585,0.986901203462972,0.987625206846087,0.987179941618784,1.0232962913436,1.04878923885784,1.04878923885784,1.08179041876248,1.12148601948794,1.12148601948794,1.12545131483442,1.12733545084141,1.12721837212371,1.12689010742976,1.12480996056354,1.13850431685195,1.13989480617196,1.1233798110988,1.11147655308104,1.11547818111937,1.10608019473397,1.08345287632558,1.07731276612608,1.07731276612608,1.05376645077755,1.04604940113811,1.04717917383912,1.03240939134691,1.0334436546136,1.03460433635961,1.05462952744745,1.07109213299199,1.06897232034594,1.07214322327861,1.06365299234559,1.05884736761175,1.0611326186314,1.03539929586936,0.997464575952207,0.954105787211995,0.951794674094558,0.964288745967246,0.96850974193523,0.968032415614328,0.974157347348028,0.982345583447231,0.981991817232828,0.988418250668923,0.984604374243229,0.979184091277647,0.979666786663059,0.980723255594851,0.98605381734635,0.985387378534591,0.981246768715187,0.9780426296911,0.979721181309417,0.981966661677072,0.984214947817617,0.983937493351746,0.984669328680042,0.934106575293083,0.921768622511829,0.922312141999145,0.959601649594573,0.985725112681125,1.00218772217648,1.00362415251281,1.02933838490757,1.03970619148299,1.03932684270759,1.0475523775895,1.04957383540082,1.04957904923411,1.04009960771719,1.03037840847936,1.03230683898829,1.03230683898829,1.013306046444,1.01693734584467,1.01881117110913,1.01824018600915,1.0144492164155,1.00630124993805,1.00630124993805,0.996198731567267,1.00864287495206,1.00812274838029,1.00660559829651,1.01597191199621,1.01458274576446
4,85,1.01434571186256,1.01006922081515,1.01006922081515,1.00680354754441,1.00182671236553,1.00019346226574,1.00154955508388,0.982035352508219,0.95965424960721,0.95965424960721,0.974955634914405,1.00401970625138,0.999861572553681,1.01638422284254,1.0144012247631,1.01213842770789,1.01213842770789,1.00960405187091,1.01029544891316,1.0081606556938,1.00232637867269,0.979590108857483,0.979330477655905,0.975313958943096,0.983106972199002,0.991006217674712,0.991006327745245,1.02671916526285,1.03005991427206,1.03029649093321,1.03637391276647,1.03559059002828,1.03335903005543,1.02709834788659,1.02745394562815,1.01969275653951,1.02037270401706,1.01801375665112,1.01682766454134,1.01682766718249,1.0068809432521,1.00343421019785,0.999959862665212,0.999730393143028,1.00536034315589,0.998393389823459,0.997922161157524,0.983088085452479,0.975116529505721,0.97183178812801,0.9747257888674,0.982614031360767,1.00631367666962,1.00687507638153,1.00785666804873,1.02815468614764,1.0272834316181,1.01902459165822,1.03195485097273,1.03195485097273,1.02078998778211,1.00749043574571,1.00445364204866,1.00376232171502,1.00796800670419,0.989610993748426,0.989568634490578,0.992900094203092,0.985953709254221,0.983975606722909,0.985245252833188,0.992936437703593,0.973114979241278,0.972773309188813,0.956069731878506,0.954894173271599,0.952395131987856,0.996311698655518,1.01401074304465,1.00781290643003,1.00765615901377,0.996726953561595,1.00877568604779,1.00877568604779,1.02052144367946,1.027672083277,1.02420523996962,1.02963604921433,1.04060611976548,1.02930632496322,1.02270555240369,0.99580809881255,1.01600028585702,1.01600028585702,1.03689292294918,1.04253997451324,1.04752343824898,1.04657026651822,1.04246480531321,1.04020557302086,1.03709779997213,1.03474699200427,1.03404766072614,1.0273000886344,1.02787278736787,1.01554909916637,1.01468125448145,1.02110944661634,1.01591791573559,1.00750858887614,1.00615762903474,1.0093747271044,1.01099282746143,0.99986594131725,1.00271759526635,0.994172298707881,1.00088810289511,1.00308419123001,1.00138014833401
4,86,1.0089301925054,1.01223541228871,0.966566917811203,0.966491968389219,0.935345865776465,0.917695388257163,0.952621513504552,0.951421193461579,0.979307164547536,0.986949363346846,0.986820934133064,1.0000036820402,1.01652167063108,1.04911195909922,1.04940979898264,1.0679039890738,1.05232192729566,1.0528119363942,1.04752912246146,1.04063502919151,1.04120983279785,1.02082834677538,NaN,NaN,NaN,NaN,NaN,NaN,NaN,1.06464081886948,1.06451828584357,1.08360671414389,1.08074107300219,1.06371509982818,1.06382272688617,1.07487947292045,1.08022841729582,1.0808089928351,1.06768856636945,1.05997086110502,1.03913685829051,1.03913685829051,1.0310842473909,1.02366341469953,1.02463395201019,1.0307248884507,1.00494046291623,1.00442126767339,0.987016186837505,0.970426618191465,0.949871778091108,0.949777024623023,0.912425970912875,0.899801875476461,0.900402422111363,0.893173475062369,0.898691276101437,0.903695515795738,0.900539583095832,0.922941972090407,0.920165317776889,0.919415402511017,0.924461012673594,0.917631738837841,0.920050463524709,0.929010583721696,0.924187037881996,0.924245559747382,0.922862737072435,0.926651551394721,0.930693765746006,0.929768317391076,0.929664222186118,0.931355474819971,0.929142375548941,0.918062266628482,0.913964485537588,0.918084608698713,0.918084608698713,0.915945525615194,0.915746370828992,0.917421840455925,0.91019199621014,0.913220562612582,0.921077594666418,0.921077594666418,0.922997285955325,0.917130000809819,0.918065022687586,0.919608755889518,0.91606017262279,0.917018061988115,0.923015955423276,0.918477033625042,0.918477033625042,0.918125024981069,0.920315309012901,0.916755529701018,0.916748181039548,0.921878862522603,0.91909065413207,0.918798664493658,0.917893721472745,0.922863664067277,0.919985541647327,0.92207426327955,0.923181896467864,0.917070707585892,0.917070707585892,0.917044480824276,0.922934668488598,0.923756658391335,0.930501611925013,0.952925867603773,0.96785212629195,0.966987619490142,0.963967812726338,0.936997452868349,0.939921791060299
4,87,0.968397893057507,0.970406170666116,0.969798334573135,0.973024882670444,0.969659821520177,0.976567794158674,0.97659980714751,0.97188362856029,0.969753284336862,0.972719323120479,0.968944140884143,0.991593006657038,1.00966048390757,1.00991890818034,1.04403558326213,1.06299469965922,1.06368831687208,1.06739429873162,1.06295962203467,1.06223741264247,1.0577042072121,1.04185105094247,1.00297896749283,1.00380701820166,1.0043925461315,0.993714939980065,0.995051395570007,0.98280056628448,1.00425251036876,1.00521866849661,0.988757441675702,0.999768262207109,0.987091781639541,0.985623551833082,0.98556849940029,0.985800391660692,0.988978886794861,0.977902443834724,0.984762097645358,0.985308134721742,0.984485080764987,0.982402739771992,0.980296378822687,0.980745940287974,0.987686167642756,0.977374216691789,0.977333680474878,0.959726275733575,0.944430429757939,0.909911483998175,0.908968114913388,0.893880655986356,0.901526779688554,0.901759197466415,0.919790957053959,0.91544827821668,0.921800202793252,0.922035022908912,0.933890597789709,0.932177723956819,0.932197686183879,0.939621674926385,0.941074857867581,0.940959510851981,0.948189678111748,0.948232053359786,0.948761518833957,0.950970413526673,0.952128923140454,0.947214475838231,0.947711000141263,0.950364947281423,0.949237725580731,0.94869209649549,0.951987431457049,0.96202246106627,0.960787683331473,0.959802705414922,0.955451948134245,0.951317533582278,0.951303590231736,0.954177731626139,0.960276696616062,0.960893540909204,0.95787660873014,0.959021090106627,0.957224088409137,0.956619028771444,0.963614652862878,0.960727406605929,0.960825821547541,0.980735900121479,0.988838784918476,0.993143937067424,0.991604965322301,0.990087594842193,0.986673190242252,0.988020020020334,0.983158623509521,0.973790236394962,0.974624656193628,0.972687367159024,0.958260982174619,0.948671868580123,0.948891874752831,0.967827576495149,0.984102644693614,0.984507177701546,0.978638406746804,0.983666774331341,0.985727901728341,0.993805707847288,0.997345154718024,1.00178481508137,0.99936332942834,0.996037045866219,0.991314354976054,0.991353021212345,0.986836262315875
4,88,0.996392928910489,0.996716019022118,1.005862421906,0.999689961227439,0.999555256565917,0.995551179289305,0.99508084891077,0.996935254440755,0.993563021520078,0.993704753928393,0.992898349437192,0.992570470438865,0.998038496051954,1.00013130848399,1.01210982587724,1.00661170653222,1.00878389086185,1.00934746850487,1.00645683809056,0.997981554284788,0.99386129216427,0.99361806967736,0.975891944587628,0.984735546757417,0.985990521659099,0.989318342472376,1.01276268186422,1.04053722181799,1.03848305374548,1.04854884102628,1.04868836493021,1.04867017007171,1.04579054391568,1.04141917720154,1.03607548411809,1.03656632413127,1.02841530032865,1.02485275237694,1.02105264923151,1.01683565119226,1.01254661266319,1.00943464840828,1.00957498362524,1.00367384092776,1.00933605565446,1.00695013428712,1.00801740908882,1.01284469179625,1.01158457229714,1.01923728808776,1.01178482253642,1.01131888003629,0.999683893157844,0.995620510454123,1.01357880766222,1.01572296228236,1.03042739324176,1.01961038993164,1.01917689509548,1.01001304394379,1.03281719721091,1.03323068932857,1.03681921566335,1.03375344999591,NaN,NaN,NaN,NaN,NaN,NaN,NaN,1.17233483318324,1.17076865345186,1.19931138910604,1.20781969325487,1.20774979009321,1.1990558898261,1.18952107669887,1.1900649405533,1.17140936809337,1.15709880890504,1.1584792882202,1.13268779332117,1.12749159403669,1.11713874929413,1.11704552903875,1.06617607415658,1.05870196149938,1.05850188984485,1.07664346102997,1.07806128639056,1.10907693962482,1.10936580848458,1.12263288757352,1.12433853832024,1.12345392022626,1.1250343688336,1.10923602914094,1.10045641824485,1.10021308098681,1.09841177245704,1.09066275122546,1.09130581220095,1.08668345571493,1.09615938628719,1.0957266346794,1.08808827715181,1.08604419056862,1.07946085387285,1.07879334545302,1.07373736204353,1.07154431052068,1.07047530962864,1.04579597420097,1.01859115843528,1.01945400884736,1.04446749987241,1.09075046016211,1.09710266320563
4,89,1.08641187404831,1.09522379207784,1.09544622390849,1.09313696571555,1.09902921422129,1.09716371653705,1.06911865288492,0.914788027994752,0.9082415642998,0.931146616091059,0.938206327836641,0.940798313250372,0.95262807566067,0.965894414239054,0.969578363821537,0.970679614660215,0.963644562797617,0.954382865852739,0.954480814102097,0.955949374838387,0.949815947159996,0.948821950450053,0.950352775183375,0.958569607702915,0.969441957796506,0.969779630088759,0.977608840834624,0.982717587256446,0.984505765615232,0.977222508344735,0.960303634854221,0.961712913173128,0.961707114095622,0.955300258833031,0.953892294030178,0.953801571951283,0.951474545646447,0.945364022861889,0.944190508403155,0.943930173113479,0.946976708378701,0.941466970314991,0.940857433982348,0.938632499618371,0.938155439793973,0.93912225925592,0.940053602558803,0.941503715224378,0.940917721913369,0.965542180291185,0.987041297832361,0.97567667174333,0.97608202514595,0.955544657186275,0.947526429546789,0.947884201430929,0.947508328696925,0.955423177040192,0.963520484090148,0.963776220181783,0.990012456035317,1.00876110198715,1.00927591288761,1.01007836356961,1.01167149475055,1.01239825448182,1.01398875216166,1.00153116279826,0.997198213306318,0.998823785930074,0.993974514090255,0.990205734500104,0.99084757299993,0.985862898739898,0.993256530586595,0.990892588962694,0.991436247856739,0.987404455633032,0.9840825035937,0.986140558245316,0.979020734769551,0.977226854618789,0.978289840835189,0.9809511184741,0.984532788460596,0.97928164046431,0.979633537391127,0.982159264700742,0.9857444845355,0.986123699767966,1.00285930009109,1.02444624696361,1.02650071003922,1.03216812447931,1.02338548406363,1.02500446418091,1.02450750892374,1.02646138484865,1.03792375680396,1.03675655836142,1.03409140738303,1.02696986959165,1.00762179987924,1.00746172399703,1.01387075036849,1.0279255296319,1.02845686462523,1.06092399929315,1.0825308947773,1.0809930956447,1.11130867973911,1.11646015636772,1.11349700029981,1.11261992177012,1.10139106211097,1.08948878106367,1.08926386553957,1.08689134977237,1.0706672817204
4,90,1.01097892560533,1.00931111645837,1.01391875704816,1.00830968878015,1.00871817570839,1.00171170065277,0.998859142789769,0.994018299211703,0.993888710796873,0.999404187356682,1.00667480281129,1.00494153503747,1.00390369148405,0.997917732762491,0.992978496597224,0.992665605379,0.988318651330417,0.986825057973375,0.986655722216503,0.983256840074232,0.986973571028867,0.987003878482107,0.950086705473649,0.946330235098045,0.946080398058512,0.955199172497632,0.962970251875085,0.991318104341095,0.990855511105679,0.995012815411578,0.995720161205814,0.99594447840489,0.984272455527879,0.976940387398248,0.977037095615636,0.977220573742014,0.988931074833305,1.00060119598639,1.00078547924286,1.00544307342039,1.0097055449328,1.02477949162274,1.02481875892107,1.01944979419221,1.01916608742229,1.01949564736647,1.00622475698357,0.976615195826282,0.975757678082124,0.958723422335609,0.943718408142595,0.946019260446413,0.946065608952837,0.957757453509474,0.964148994692733,0.964206833723232,0.986381284387506,1.02123090319098,1.02029294251778,1.01474096018886,1.02304850284603,1.01979800140562,1.01971044305609,1.0117986742092,1.00596654927536,1.00782294080357,0.996631348273853,0.986699943322983,0.986764333229974,0.991989737110038,0.98435647903807,0.977788264064809,0.977429422402584,0.975782045680585,0.975971621471348,0.975480884281757,0.968784744602071,0.964990490738412,0.965872803638191,0.96605338849238,0.961308738354266,0.965375337076574,0.964562454843459,0.966243825660699,0.966779992293992,0.964295939304196,0.971073209162695,0.998879623177406,1.02059215156319,1.02088793762996,1.04520690135583,1.04697359134863,1.0468270479404,1.05784721999753,1.06452283871337,1.06402706460731,1.06869739597539,1.0582312079919,1.01149222753424,1.01122865859982,0.967105898575334,0.961064516423805,0.96118551732385,0.988821849538115,1.01114006779608,1.02623129374016,1.02789346934294,1.02191607362481,1.01897896675126,1.01909936869434,1.01575025499031,1.01179951465072,1.01161735507864,1.00391843477455,0.999239458944085,0.986922330577067,0.9885254047353,0.98595749868569,0.97186023026863
4,91,1.02091298303391,1.00743156067128,1.00288529971452,1.00468565138959,1.00309301287739,1.0140885063109,1.01523189656933,1.01495847383166,1.00465977492295,1.00064423655088,1.00016656272392,0.990924280863309,0.986364287731775,0.98707068768623,0.988665604555238,0.986777657919464,0.990712266743616,0.990229548058811,0.99049770784523,0.991322596503586,0.991339149444487,0.975758720773135,0.969989123502935,0.969323478288571,0.986965656634418,1.00042119780996,1.02601996912007,1.0242953222784,1.03553015203331,1.0393385640803,1.04105599320724,1.02254879085512,1.02213597935757,1.02239716275602,1.01963391291744,1.00981773449091,1.00880565414746,1.0085229624534,1.00477595316027,0.998174518075812,0.99917031359903,0.997752129980034,0.988855914018149,0.989146331181251,0.985679307479287,0.991075112964903,0.975290176525012,0.976298909228593,0.96865992622312,0.974659201019784,0.97592641355923,0.989148451010286,1.00340862277229,1.02538221182603,1.02341166764373,1.04031131268437,1.04824840476594,1.04837547266379,1.02283277847362,0.988372572329779,0.987773213589412,0.984034538852904,0.969558486127752,0.980634146350309,0.979628753240173,0.99585604589617,0.991157828196645,0.991345486933468,0.987217990347125,0.982357925722134,0.980878672261375,0.969902804996179,0.970593638753595,0.956454067970727,0.956436932919088,0.965913480925144,0.956656336356947,0.957308804773619,0.961072512120968,0.948620236544643,0.950662344785744,0.95027470652477,0.976883908518744,1.00397499055892,1.00459923560015,0.997777949176667,0.999730015311446,1.00141453309578,0.989993296979905,0.983815686718323,0.979638357266126,0.97849059235236,0.980953361813147,0.978653614761175,0.978872647627122,0.969822368087495,0.969394040820713,0.969842148154528,0.963714260126316,0.965584886528856,0.965640492280469,0.964782763990085,0.961395020268923,0.969651305628031,0.969792118970383,0.96539183536757,0.976516517437362,0.979002419179292,1.00413085299649,1.00677851730271,1.00975025630445,1.00936983663431,1.00591376792846,0.999506655832258,0.999747718923422,0.986134998145451,0.983123349301258,0.983148980908822,0.975620287646589
4,92,1.03801769893472,1.02686766427463,1.02458253324708,1.00950085314164,1.01776348317617,1.00413083852376,1.00505563143527,0.996319243837248,0.995279784910399,0.990311847785665,0.989709760815899,0.986132786349642,0.986551523365245,0.987382441634417,0.990255246932963,0.9900225966261,0.989291563342743,0.988526340126296,0.98429816154011,0.98086155736185,0.981291718150933,0.958697111719634,0.958817604778382,0.958724538580622,0.968913457292017,0.968608429883871,0.991387177331917,1.00869966440957,1.0158988626571,1.01466512693478,1.04914640944062,1.07511650388815,1.07429323448273,1.08331230850135,1.08243987144215,1.07732558891414,1.07908327773845,1.06014764590966,1.04895042798449,1.04791968272525,1.04973587199278,1.0342631103557,1.0315832152977,1.04870728612743,1.06701453920765,1.08719752454243,1.08805566116962,1.07415015634156,1.0666483844383,1.06593822658151,1.06223728480544,1.05004323818673,1.05033447440263,1.03574103270441,1.01108175434632,1.00033926603393,1.00052578756613,0.996090997065953,0.99394114002796,0.993810470877232,0.990835902533368,0.983072882806623,0.986255843110388,0.988551329096801,0.986202352636547,0.989506020355653,0.989578822496526,0.974317248625034,0.939484786613232,0.938289743207873,0.916857751169804,0.900461041507225,0.900174660731345,0.914409917516268,0.919606065635267,0.921689415372213,0.923351802265388,0.928030003797856,0.930161886042069,0.929506822509987,0.954494942659221,0.97951120039043,0.987940033796007,0.987319570383216,0.985477430606249,0.975805652744819,0.975959600627511,0.968235985293479,0.96767453391127,0.960825056180196,0.95893502280358,0.950870144796582,0.953539096614355,0.952219019137346,0.955835383585942,0.952864436634731,0.951852905416512,0.956468034182354,0.959340280355557,0.963185894416682,0.961399907988431,0.949060564338035,0.953655581425113,0.953939678868949,0.947921122076908,0.941750405960885,0.942323861776478,0.947757379210152,0.960565290913485,0.980018901502301,0.979483774388008,0.992564440298726,0.976716130631131,0.97699204702706,0.941550569709577,0.95729028322698,0.959020186354227,0.97514710794712,0.995739800481628
4,93,1.00710056824201,1.00594088981876,1.00488113538195,1.00403787831968,1.00414969115307,0.999551391533262,1.00336028262499,0.999756260185487,0.994982528919386,1.00082289238435,1.00038850387156,1.00462424429755,0.996779373053789,0.997204608714196,0.992118786078109,1.00072402845549,1.0014559987927,0.995765919293216,0.986355018880447,1.00584562106086,1.00333908994659,1.06876132415841,1.07720556057406,1.075811804825,1.08549701473365,1.11573154039787,1.14453627279878,1.14853130411822,1.14024049370561,1.1342794084093,1.13350137791447,1.12655099084025,1.10789234724079,1.1080819360212,1.08806758943823,1.0794561195231,1.07214914020941,1.06758530899529,1.05896430650901,1.04186545366079,1.04227898530079,1.05012618183613,1.0307590581634,1.02131419395507,1.0224882812866,1.01994099447527,1.04213107745397,1.0427056668346,1.03654390023408,1.03902492845664,1.05231702108144,1.05064709318802,1.04501729412702,1.04477115684169,1.04380597587616,1.04551256555377,1.05478391089827,1.0555326077212,1.07813335818394,1.07994561798629,1.08089812102122,1.0749678667449,1.06810861006885,1.06560633802242,1.06581402657418,1.06444949948378,1.06461588078324,1.06465487805356,1.06313973850906,1.0525968027384,1.04695870625267,1.05123876745283,1.05080154169298,1.04788429582733,1.04896632940373,1.04669126070847,1.04742348135702,1.04534283989641,1.05106703982825,1.05092891292556,1.04633635066855,1.04603320465964,1.04019857196392,1.04159624659701,1.04296564760148,1.02431277390886,1.0273489721431,1.05478896236077,1.05532886847013,1.07541504535567,1.06662409274929,1.06690434330267,1.0549252944984,1.05455335622952,1.05268482901607,1.04905994311438,1.03870565544515,1.03894558807042,1.04371443819031,1.04074246126483,1.0365926395308,1.03490941028818,1.02978241053465,1.03029029701825,1.03079686072707,1.02999020865759,1.02775042463604,1.03176779774362,1.03159307823573,1.03497352641983,1.02856549505707,1.02834794474957,1.02105497618308,1.02317676289672,1.0356206373246,1.03754797072815,1.0661545543803,1.06095757710034,1.06096831958656
4,94,1.00850175783037,1.01291767177035,1.01186794925962,1.01915539232094,1.01219527640499,1.01178005716442,1.01266321073886,1.00599954892375,1.01005240480535,1.00991868783141,1.00861446548258,1.0005530159394,1.00334502590446,1.00124930646483,0.999919838464646,0.999625325791056,0.981176651587658,0.946002426846876,0.944461986468424,0.958508781289077,1.00374525608798,1.03472261450368,1.0365426140436,1.05184037109178,1.06001458246752,1.06016383402368,1.06732695066397,1.07838230014443,1.0674429631647,1.06626667570241,1.05969475591294,1.05686595740237,1.05671467016243,1.05868979537736,1.05134367108008,1.05135473039271,1.05077769447089,1.05620546158378,1.03120139458059,1.03120139458059,1.0107986612649,1.00213961435787,1.00197579992622,1.00864257597182,1.01625877154174,1.00837585909656,1.00953787274766,1.01312766396697,1.01285315148407,1.01301571307614,1.01486265972895,1.01349261834873,1.01407667253295,1.02037122978794,1.03681595576916,1.03587776731591,1.04114584979952,1.05271178331325,1.04790760871109,1.04948433602425,1.05723605258785,1.07333192362254,1.0739905174505,1.07666864073095,1.06838887189293,1.05918184620822,1.0597220842139,1.05424584160236,1.05434325250075,1.05510463878403,1.01754534789492,1.0003804633004,0.972869728811515,0.971662763472275,0.916818219485562,0.952801249153871,0.95045977889801,0.99014972773319,0.998824715831119,0.998844581228058,1.01316688848752,1.03440597664879,1.03123520647598,1.03452171237931,1.039287240754,1.02293710094787,1.02413036708694,1.02614025399085,1.01044033579754,1.00966932149785,1.01208238583028,1.00941895227911,1.00876275268167,1.00821355567746,1.00354096486176,0.999746814980545,0.999767882382808,0.982447495614674,1.00442226057885,1.00480897755133,1.00217103093478,1.01885232360928,1.03965451439649,1.03949124039754,1.05926865449916,1.06043564691867,1.05929853490765,1.07212806306617,1.09467537141405,1.09814861755314,1.09871013408813,1.09612970841432,1.08422648663449,1.08074436147633,1.07940691712968,1.0702274984895,1.06882762718644,1.06101035181985,1.04971202093582
4,95,0.982856031650116,0.962061257236678,0.961674330342038,0.943456531393318,0.96685845342957,0.991803771450531,0.988635800499989,1.01095922155196,1.03506040536326,1.03507909506048,1.02691978959958,1.02303316333932,1.02740382700273,1.02670313224017,1.02167638876298,1.00380735316439,1.00344130243392,0.99448310400842,0.994087041470559,0.992870598563925,0.996034758740232,0.98889425882839,0.988661965522605,0.962925289510573,0.964441371475402,0.970573267342126,0.968597706817054,1.00455769305308,1.00576773827818,1.00556016160785,1.00267970015805,0.998153169761707,0.995801529541316,0.995864645871091,0.984017330428798,0.992932667788965,0.992891758759965,0.995740201549058,0.982380993473024,0.976574629167246,0.976209190977326,0.982260237399138,0.98339469876081,0.983099599024713,0.998948180073653,1.01707290088546,1.01720450413671,1.02830308699805,1.03551604714017,1.03000693829967,1.02980430488462,1.0332942208648,NaN,NaN,NaN,NaN,NaN,NaN,NaN,NaN,NaN,NaN,1.14875629441035,1.15025528530838,1.15540331628649,1.14920802732573,1.14920652936458,1.13524207805653,1.13948215351516,1.13418544449143,1.13421565101306,1.15357044046894,1.16760223559526,1.16725788333682,1.16225326946887,1.17049643473478,1.1660579168352,1.1542266661603,1.15052773512196,1.13520072812036,1.13217852680478,1.13393785838301,1.11918523299394,1.11746316179283,1.11120335037226,1.10828382220764,1.10219196453052,1.10076044416289,1.09890744821303,1.09700678159528,1.09644274386492,1.08747160875066,1.08736924536604,1.08754990524315,1.05090246515918,0.990767518813953,0.976029810067878,0.975944916114269,0.990336535155219,0.995032267136419,0.996286679166504,1.01538520312107,1.04544533672378,1.05547652159184,1.05627989267476,1.05757135931639,1.04926207961527,1.04994325744625,1.04512596062522,1.04658584535575,1.04811609468144,1.04818423845336,1.04926706075252,1.04500158002641,1.04489467773592,1.04356050928678,1.03995838209786,1.03954419537793,1.04255601785574
4,96,0.995026262744667,0.995542977704257,0.993149440984803,0.989760172376005,0.989608362324004,1.00400045138571,1.01272933154538,1.00491235883651,1.00542703773939,1.00539696228737,0.997372186506787,0.997373188090596,0.990711285322085,0.97842922927265,0.97858525082189,0.985699965829653,1.00714907394683,1.03463582697045,1.03449063531096,1.03836016331372,1.04184075292079,1.03940435846131,1.04643865658009,1.06279665678634,1.06219453822583,1.06095850157359,1.07964092655583,1.05928081947167,1.05718331626719,1.06291796130089,1.05602475071151,1.05204456926808,1.05684199416955,1.04829927743266,1.03699061895402,1.03732212158181,1.03876904102614,1.04524543087915,1.04507671521622,1.03774874764807,1.01006668994298,1.01078543073148,1.0188058944291,0.995891499312411,0.996457007116825,0.997578025085209,1.02823599677869,1.05772702889609,1.05779559134474,1.05501495559394,1.062187306111,1.06427897880665,1.05983189852941,1.06813114937544,1.06228559130063,1.06256914095035,1.06152719237824,1.05800426910386,1.05838977334066,1.06081773254654,1.04813678745095,1.06767516995798,1.06831807562295,1.05898149725147,1.06007307264281,1.05991467548475,1.05763398001487,1.04819003855522,1.04794871388906,1.04893447527341,1.06676603322849,1.0458906400851,1.04569172893822,1.07038938164594,1.05846187221061,1.05505404034179,1.09256302369688,1.12332327017612,1.12355222231431,1.1179786708608,1.10420455829899,1.0956015229301,1.09638670562018,1.09719543643608,1.09249438325563,1.0916476169283,1.10980311363086,1.10870675213533,1.10967945563634,1.10745571923692,1.11655707998483,1.12010564288146,1.12025597104312,1.11129183782595,1.1074755491056,1.10773544545961,1.09488015801441,1.08697484011442,1.05623385441784,1.05675376218541,1.04332904424995,1.04257098414271,1.03636697399143,1.01990517757182,0.955061793284954,0.90186497665095,0.90247511369665,0.922507486972809,0.917063406896322,0.91940419745657,0.933882612493783,0.936237031349518,0.937010296174991,0.92985949456019,0.932049729672308,0.932768894671212,0.928595090992968,0.925467450828419,0.918913716717336
4,97,1.0363693451741,1.0272467840837,1.02479267566378,1.02189489806439,1.01302309574919,1.00915711693556,1.00724574696176,0.999219613779885,0.999178282958891,0.98974189194176,0.988200159113046,0.989991693346062,0.988633032214784,0.985962230115864,0.983953290959066,0.984060277709614,0.985988360671465,0.983753126822736,0.981588377734334,0.991877016863344,1.00870102026755,1.01632528956663,1.01560401659529,1.02736816525019,1.024562986213,1.02291295676314,1.04235687792526,1.05519799360904,1.05891925732523,1.05914246634198,1.06005328689845,1.04236007351923,1.04116392535178,1.03583554566615,1.03180150825981,1.03365182677653,1.01861271883251,1.01111262635047,1.00305115982013,1.00379423815129,0.999783823369369,0.997969676480768,0.99743002540653,0.997298651567758,1.00806709441465,1.0093485047409,1.00641445466736,0.999156180348041,0.982613396483004,0.982779284122746,0.980945339004237,0.973825636970622,0.975380845392343,0.968995279835,0.974500618922083,0.972696944579178,0.974696247158947,0.980601135888506,0.967436174438146,0.966164148536343,0.970702457613059,0.972623701617151,0.972390911825484,0.984915657508579,0.990481141916895,0.988429158530932,0.989369091569158,0.980277272227616,1.00431826757318,1.00301175792566,1.01828239510076,1.01467814746828,1.00767600345528,1.00809309792072,1.00043604597418,0.995270290038024,0.995020651662381,0.980751045407946,0.976861742097758,0.98060706476958,0.979310892919159,0.977819472506553,0.97750775961535,0.970452785899562,0.985635196846315,1.01937016039494,1.02759599890133,1.03951383710978,1.05903737752536,1.0542754446275,1.07643439660869,1.09671418316471,1.11780236148696,1.11762624839012,1.11235061927384,1.1100679182778,1.10728344598499,1.10154624692214,1.10176553211028,1.10183900205843,1.09004565692651,1.07574259712884,1.05883512532109,1.05706700676673,1.04439156516077,1.03001065689172,1.02979948336431,1.02944898133799,1.03380949232685,1.03057577842774,1.03016777575997,1.02634325572539,1.02553344859957,1.02616335956338,1.0198141759744,1.02137744616826,1.01366386818011,1.01100464568427,1.00185080778563
4,98,1.03248719728201,1.02479437435027,1.02521066831232,1.01922656685767,1.01796699133142,1.00470989348549,1.00473887550782,0.997986921161776,0.991400748450648,0.993129045501354,0.986550258804984,0.987206120156203,0.987198927469887,0.989292078550055,0.996659461452816,0.990247216232285,0.991189901743654,0.979837235676951,0.980167517672396,0.979381557769853,0.975325178425694,0.980550589308293,0.978887371791941,0.997522522165361,1.02719770620758,1.04845335302021,1.04986789339547,1.08871718173683,1.09378751153437,1.0959885131769,1.09001304827382,1.05985270429235,1.05862389171291,1.08052645591252,1.06312414813817,1.0400832836639,1.03966380387709,1.09352242066623,1.09682059830922,1.09816573319977,1.0984575001279,1.09322369928867,1.08966380862871,1.08864148683131,NaN,NaN,NaN,NaN,NaN,NaN,1.05441824048791,1.06322493400008,1.07676603695079,1.07816815123312,1.07651047963203,1.10591250962389,1.10520606932856,1.11887145057053,1.12054700158583,1.1144788535115,1.1159651148352,1.1203064497019,1.11985082503451,1.12510507525764,1.1114420444586,1.10564559756175,1.10558105866695,1.10224207196052,1.08853991124036,1.08146475864302,1.08145632577673,1.07658277469806,1.07245292609255,1.07147133999779,1.06773523239463,1.0664627739344,1.0595482947374,1.05985263827773,1.05318559514743,1.05219945714348,1.05348965998804,1.05826607925843,1.05523278873477,1.05516616090219,1.05562071553859,1.05709528170322,1.05962336540376,1.05525788544943,1.05112858588963,NaN,NaN,NaN,NaN,NaN,NaN,NaN,0.983237703440295,0.982570755074279,0.971190576764434,0.964451011367806,0.960961704555519,0.955538304561219,0.949463998658202,0.950996925861755,0.951122638179869,0.943495622853892,0.93445145432605,0.93422359106745,0.928584972602245,0.923476817220556,0.923626694103175,0.923205116297494,0.922232153404422,0.927712659532724,0.926983585444718,0.924002668122084,0.92978725169346,0.930781579174913,0.943463122549402
4,99,1.03500645910438,1.00021515987667,0.959402716225412,0.9544426153986,0.954239640193424,0.971802629915837,0.980646186401832,0.980160626515143,0.987183599755952,1.01456052220799,1.03417083506703,1.03083827023188,1.03703376669295,1.02675367527383,1.02695629381437,1.01845330571469,1.00054983000386,0.999966194878628,0.987617672727528,1.00539388136489,1.0055147805459,1.04346807610352,1.05863537916561,1.07551256192278,1.07535751759054,1.08642742627485,1.0960588005274,1.09423431228002,1.10496550559838,1.09141267761858,1.08006046188395,1.08001836274001,1.06926441530758,1.05827172328308,1.05780865411316,1.05514904342323,1.05363252454318,1.05134983627951,1.0446785518243,1.04542656616274,1.04092606725691,1.03999245554051,1.03865212478637,1.04325784580557,1.04557742038004,1.03515971781318,1.03928591273502,1.04051485216859,1.05314566978912,1.04868406172463,1.0637781581241,1.06290816379393,1.10255676369478,1.12907393886347,1.1290713613214,1.133168282887,1.136027496852,1.13459379198837,1.13490690931789,1.15186065143724,1.14519977729032,1.14531215814618,1.1396638323067,1.13379854825455,1.13338898283819,1.14652875263867,1.13931884818141,1.13570440330377,1.13584107782396,1.1320770389224,1.13579249768082,1.13658606484885,1.13886910857806,1.14929259953703,1.15648142064968,1.15703513974756,1.15812773206608,1.16192621703208,1.1738894868845,1.15450325004035,1.15998662687967,1.16126832026287,1.16942061102242,1.179014127529,1.17712262438749,1.17800698231749,1.18131831518999,1.18312755770169,1.18306492264684,1.19308342110249,1.185911555432,1.1855214889033,1.17848604786537,1.17946621221065,1.1925442443119,1.19345677658467,1.2155720640935,1.22149288094209,1.22239548583667,1.23015827702155,1.233044519272,1.23152242723921,1.21942180022357,1.22273981669472,1.21104063088933,1.21012957731033,1.19962921414693,1.1894936322634,1.19066713883252,1.21188792121618,1.20762966561373,1.21585067909221,1.21770751483813,1.2265166689538,1.21171135894234,1.21111012786114,1.19900853797097,1.1890848316955,1.19031675690669
4,100,1.02779323846547,1.0278720215445,1.01639958546369,1.01424986244268,1.01265592316582,1.01174414068166,0.988097188918947,0.986434156168772,0.984046577379114,0.975644338206626,0.977325920024942,0.976870015061507,0.986728181244898,0.997091062441684,0.997285688018059,1.01007965284853,1.00397943763175,1.00276413955315,1.0029388707382,0.999229810813667,1.00896574232374,1.00843750146982,1.0246686630073,1.02850178432321,1.02845523190845,1.0480778277373,1.06507619976718,1.06484840705612,1.09475221912603,1.09900946662097,1.0971057541077,1.10003202476598,NaN,NaN,NaN,NaN,NaN,NaN,NaN,NaN,NaN,NaN,1.0722612761556,1.07037668058325,1.04976199450136,1.04933336180495,1.03549515037071,1.007830324958,1.00806197235804,1.00722078872419,0.985429749808086,0.985746200305116,0.969596666602963,0.963107111924747,0.926184251352382,0.926246747708979,0.91097304758686,0.901241391297556,0.900844795415383,0.900858519194357,NaN,NaN,NaN,NaN,NaN,NaN,0.940729975714331,0.947174002359555,0.947443116284588,0.931154001779552,0.917522704995837,0.916276456971078,0.904366141354647,0.901981536905616,0.879971318405022,0.879967675966325,0.876811857481346,0.869528253423446,0.869186759930951,0.875105090960359,0.868351055613943,0.869107917942167,0.870024413489711,0.869353925844907,0.869479531820734,0.869478963784419,0.844832493506938,0.850119635724801,0.850179468037413,0.833948295709194,0.896091056716322,0.918199093660151,0.917094304002542,0.925705433963825,0.922865313484213,0.923146564546701,0.915759647099319,0.913336907343471,0.913942701843833,0.911149058186726,0.915482289532082,0.920972156453802,0.926068151814915,0.937327678400405,0.961071724101818,0.961335501752253,0.972854606732762,0.977847321886106,0.974317809365214,0.975727768872196,0.966863693746649,0.958000536840177,0.95787734634714,0.907023548706268,0.873292236572848,0.87372430245217,0.88826600167779,0.896712173702714,0.909806062079726
4,101,0.985858082207476,0.98971162338779,0.992046573718711,0.989868734262143,1.00606381361698,0.999362547475044,0.99872414221521,0.999115583069239,0.997019162182706,0.999406100185853,0.988358532134704,0.980404151962713,0.980947107736107,0.980129331499329,0.996606248008594,1.0213706177784,1.02097971091756,1.03634882405405,1.03767911358739,1.03722228130448,1.02623745205772,1.01108289079659,1.01916600071862,1.01706371678739,1.01775240547155,1.04053879225036,1.04027206819197,1.05638665319514,1.07220740364397,1.07184312524974,1.05784034846841,1.04540390749422,1.04530271400541,1.04574256879611,1.05200236172216,1.06056502780166,1.06095963824449,1.05895771229818,1.05486018626184,1.05757414876064,1.05813526084499,1.05285713333078,1.04238973865223,1.04117686685495,1.00298412971185,1.00058297529202,1.00062257044051,0.970254815933224,1.02291842960707,1.0513034635617,1.0522534948309,1.06528451046848,1.0697661707707,1.06892648314508,1.06766389493406,1.04536998735187,1.04516475047179,1.03903982612753,1.02891348288795,1.02754595459292,1.02793168373176,1.01941598314841,1.02202080225037,1.02245756595456,1.03378192202127,1.04474017762513,1.04467551682146,1.04822088756262,1.04832346986968,1.03001943303533,1.02357563836409,1.0276412420009,1.05266935345636,1.05307044511856,1.06251965099009,1.05753849315169,1.04930237320053,1.0491902225722,1.03082522506458,1.0219061772797,1.02280507937038,1.02655502781785,1.05708880375235,1.05741497805998,1.03307663469983,1.04197659243015,1.054282902643,1.05318707458581,1.05563209192069,1.04732903409875,1.04785114369723,1.02933064506353,1.01851129898651,1.01842699794443,1.00588646477392,0.99264917383923,0.982075695926445,0.982186104661652,0.978983628185489,0.968041367519591,0.971807489594059,0.961955331182276,0.990718749006253,0.991712530175519,1.02791140548814,1.04106215555905,1.04523322537699,1.04485312546092,1.0420428406333,1.03160220366113,1.03118161504895,1.02706321049436,1.01725140014327,1.01694037180316,1.01743593523215,1.02025257853699,1.0216925921531,1.01961855232711,1.01496548492134
4,102,0.962794494384684,0.959432179433372,0.963988671838371,0.961050675635584,0.964097581002504,0.964007651498434,0.977731284362691,0.968885600487957,0.973278824484516,0.97371362257915,0.970296565746124,1.00578288147846,1.00572089011727,1.02744127721131,1.04616336704331,1.04781141053158,1.07388166349299,1.07547778894932,1.07844356972237,1.07950980987836,1.06803736484114,1.06764799339445,1.06894899998438,1.05806045565877,1.06704887705926,1.08036494395853,1.08040934517659,1.08558053926012,1.0841646743071,1.08426194902749,1.06741338238465,1.05805756774741,1.05659294519771,1.05474246200616,1.06151896962202,1.05309517653434,1.05234331618299,1.04524202055705,1.04743536510947,1.04802660118153,1.03080944282101,1.02308657471366,1.0235603815287,1.03344290956933,1.0407808904984,1.04121707760646,1.03983462487775,1.04473174323685,1.03528239058563,1.0353438092722,1.03353845534038,1.04123742423344,1.03280431883282,1.03258292882342,1.0389355243326,1.0479215615593,1.04860054018643,1.05274883335203,1.0643433899588,1.06419590894777,1.06350373249191,1.05099806660633,1.04367017583558,1.04313265915521,1.03688457925606,1.03331607803792,1.03093972518387,1.02793650452068,1.00074024502746,1.00063701537411,0.993854241247782,0.984076490843263,0.992680187209449,0.993905994648345,1.01710477426828,1.03013276828337,1.03040185202765,1.01701362855478,1.02141361115153,1.02102562099934,1.01676984383648,1.00963725765962,1.00239469332755,1.00231281902368,0.995992710453947,0.999212261175069,0.99737267815219,1.0054070587603,0.996646133340733,1.01267843213317,1.01195665507797,1.01394665717699,1.01997087598307,1.01925288253264,1.01353040268006,1.011135112569,1.00781604690629,1.00760689095782,0.996322821282485,0.992995772087672,0.992784303676359,1.00634363743785,1.02707989066841,1.02887568691711,1.03491490023354,1.03308619147535,1.03244457096991,1.02437338935725,1.02172713676382,1.0190373472025,1.018316136715,1.0111392339887,1.00954104463451,1.00990663954347,1.00140696355126,0.98826246608507,1.00203010839066,0.998625320773788,1.0145613564953
4,103,1.0121433836894,1.00266605921986,1.00944267033327,1.01012382777413,1.00866679599036,0.998108126741215,0.998287119254395,0.991891860817063,0.99026022306247,0.987217439783565,0.986615023209917,0.994197311901863,1.00176150719201,1.00435199379435,1.00529763270394,1.00399013726591,1.00153056383005,1.00081996985139,0.992628353584851,1.00506600578015,1.00490092212104,1.00589246581435,0.999809265718502,1.02116908225931,1.0246278037625,1.06253183317718,1.10989662946579,1.10828686719815,1.14676125309452,1.16175170231758,1.16024586598702,1.17968204210678,1.17593820363547,1.17063653793348,1.17162031982146,1.16469302022963,1.14823247348807,1.14829503696638,1.14999833046412,1.15641134205128,1.1562798533669,1.14732610595399,1.15377971359017,1.14654057431042,1.14416221270579,1.12828762934123,1.10374025346009,1.102940454987,1.09679607561843,1.09209210207543,1.0955053599322,1.09611046559003,1.1037418736975,1.12029084616871,1.11765103026514,1.10783080529657,1.06634700761309,1.03213783283433,1.03140242970082,1.03291363945368,1.11181976170409,1.11621517334714,1.13748011046863,1.15158535008343,1.14911200519147,1.17838691481836,1.19924963325794,1.19952450733735,1.22844193495616,1.24015612119826,1.23832499364052,1.23547062150238,1.21264985707359,1.19916336630847,1.2001760507698,1.18666772900432,1.18052596260848,1.17481369084618,1.16967585808022,1.1625278335445,1.16236956894654,1.16325393435952,1.16170410545521,1.16547807488341,1.1631575349605,1.15742039100509,1.15201229517948,1.1529555490088,1.15313721766897,1.14628272024831,1.15080677933469,1.15055587352522,1.1189842403389,1.09410278999829,NaN,NaN,NaN,NaN,NaN,NaN,1.06931469960538,1.07129375948268,1.11313529710024,1.14248933902236,1.14186285120881,1.14564234478841,1.12966258027301,1.12210143385913,1.12447636523687,1.11678956943872,1.10668631056827,1.10586409003608,1.10572855225323,1.10022674530895,1.0998157991663,1.09503070861171,1.10105801132899,1.10038397011912,1.09981215596961
4,104,1.05518116923473,1.05201375164252,1.04685989414763,1.0472658955814,1.01357775866403,1.01170936849776,1.0106988669754,0.988296747472624,0.979894964219002,0.968350636975221,0.968888834748409,0.971317553921192,0.973746273093975,0.97443965328934,0.977457069967874,0.977291105470632,0.976919868588257,0.979285281774859,0.975789027939976,0.983861581681907,0.983650136655311,0.984933963494334,0.984702140617592,0.984549643609456,0.975507838783189,0.994754155503267,1.01639768169546,1.01736512966613,1.0204437018875,1.0177198670449,1.0190643252618,1.00763222936238,0.999184722442849,0.998234651507853,1.00165371102859,0.996587069104365,0.989031720473596,0.989448943000161,0.99057899368742,0.99091840085011,0.993046222405527,0.996018726146252,0.998820938163661,0.997739383765667,0.989990552704464,0.980497257066784,0.985956496612208,0.985595521960556,0.993648861087875,1.00657574807567,1.00675913282354,1.02443772536417,1.03793650180901,1.03810756158378,1.02598225511976,1.01543990604828,1.00872425768715,1.00924289028717,1.00034406299007,0.994224035133204,0.994940537310949,1.00709044825983,1.01394457874278,1.01117457249523,1.01055745929253,1.01176022810026,1.02008267240711,1.02068492338692,1.02142872694477,1.0353979073505,1.04085535793699,1.04112666070935,1.04165288098647,1.02830567056611,1.02891140987122,1.01831515229184,1.00431278781475,1.00409686209873,0.995064935136335,0.992374992451273,0.992220878942195,0.972101265351867,0.957672145276652,0.971652685589129,0.973510787575282,0.955112045796256,0.945105449493446,0.944656990532648,0.959839676302675,0.979886840740298,0.981835119511273,0.989074442203007,0.991197109653294,0.987501395968434,0.988907595192771,0.992197299776206,0.999054655474097,0.988666971117634,0.991312924490114,0.993685938060449,0.991546542647841,0.992111901605048,0.968519913063501,0.924525115790269,0.923860269806831,0.899665015427882,0.958408091736111,0.988620288328193,0.992756646723267,0.993811682327079,0.989035702067271,0.99058401127823,0.984271350960451,0.988176784627012,0.988165914715041,0.99024059899439,0.987375768565843,0.997697628982775,0.99708461979127
4,105,1.05131669564669,1.04751289326642,1.04742333321995,1.02969291850961,1.00436984172894,1.000213053223,1.00129549457463,0.995019955886808,0.987871085116769,0.990724565408946,0.981090252163114,0.978492156974694,0.978349281493772,0.985454766269236,0.984253984590966,0.988556864209465,0.990623267098709,0.992147739912742,0.965591850705538,0.965753449164182,0.907937000874158,0.931009080343872,0.954507539167471,0.954764182353463,0.976177747821483,0.983988557924327,0.985082655576552,1.01292868724357,1.02267594380191,1.02291894173327,1.03440965155282,1.02091731893581,1.02770994561879,1.02572306176875,1.02441695705915,1.0212944682314,1.02164377611296,1.019268785111,1.02183170216895,1.0203005349493,1.01694984474959,1.01200398516674,1.00955637423025,1.0099615043176,0.998753797817061,1.00759830178015,1.00779579867195,1.01131898870926,1.01679560692383,1.01845032527029,1.01642320163528,1.00847159373421,1.01405329595197,1.01425445596146,1.0052050122343,1.01506426576128,1.01532516712366,1.0294949278501,1.02265885520243,NaN,NaN,NaN,NaN,NaN,NaN,1.08164970260886,1.10190869762046,1.10358868855015,1.12342101844304,1.13256292991422,1.13261250460638,1.11994091811399,1.11021148495083,1.1096963111367,1.1110032324902,1.10279168746413,1.09591902567704,1.09739175438943,1.09167137093142,1.08550070488177,1.0859363829173,1.08013259703658,1.08222464032505,1.08408022184892,1.0835022352398,1.05698218526152,1.02337240093697,1.02371897272921,0.945267653586716,0.9201172652913,0.914730106747049,0.921395105916641,0.900752599329186,0.899512470901551,0.906137001695936,0.942638054723984,0.952877976691179,0.953047849312567,0.958401484567426,0.962218331655434,0.962243378323392,0.959524246415879,0.960034481186594,0.958491969473224,0.95889718561587,0.958220693023773,0.959428101798585,0.958954574502486,0.955433770077508,0.953253033711218,0.95265305286584,0.922169882070543,0.864829790979611,0.853040587209217,0.852957858874727,0.887818109556121,0.887285960523815,0.887113119616055,0.895392901688787
4,106,0.991055600379925,0.9913440751832,0.996519637021952,0.991947317289748,1.0004808036095,1.00042242682159,0.991515116611588,0.980247554619574,0.979182694691806,0.988251544834698,0.998813035066516,0.99846648435483,0.993877393296381,0.999691209670183,0.995282087145589,0.994424189634911,1.03688088958641,1.0358284920202,1.03576944816141,1.04884155748907,1.05074470676253,1.06851198150499,1.06830103307496,1.10398452902192,1.12570034214413,1.12556096647141,1.1466809775712,1.13537009897556,1.12582433918824,1.12616313483378,1.12482718863981,1.12200463475013,1.12266551761243,1.12264164852333,1.12575875194321,1.12575729421221,1.12432917203716,1.13432210574258,1.12572102782793,1.12623716331841,1.13543601557345,1.12670785195557,1.12536981549666,1.11955818821157,1.1111486128622,1.10922552696093,1.10980333645616,1.09911352136607,1.09710106843629,1.09773733596565,1.095675219508,1.09563787181748,1.09549934860204,1.10901578495146,1.11060688114796,1.11165988730002,1.11430613081793,1.11320962599122,1.10161455576268,1.10133488064844,1.10202682879428,1.10264275488916,1.10287283178202,1.10924986208136,1.09685506595208,1.09342993388731,1.09157349476228,1.09438933876936,1.1007092913511,1.10267975682715,1.10710122294691,1.09973483981214,1.09947034636448,1.10882162478276,1.10223577791637,1.12069875300712,1.12069056119123,1.12707150673905,1.11963485476507,1.11958232695183,1.11653285140483,1.12409386799478,1.12505292779489,1.11396412438434,1.10545470589408,1.09122216412793,1.0914382091007,1.09286839569893,1.10901776037338,1.10845120797164,1.16042620321991,1.17477785286172,1.17103035110442,1.17093663593298,1.18054963513084,1.16564133011634,1.16574121760033,1.17529930862031,1.16163958304776,1.16156070395952,1.15195703702168,1.15309534337858,1.13953664557421,1.13778549202103,1.13638126388538,1.12921503352394,1.12956243362762,1.1440704493424,1.13993361672889,1.14041886878978,1.15145042209901,1.15576755295242,1.16055132870014,1.16051363696272,1.1509249789463,1.15046546990965,1.15012822700456,1.14582393613658,1.14529587586178
4,107,1.0132530508879,1.01322748358219,1.01198981233588,0.997021444271176,1.0168487734236,1.01784298487461,0.99342215637479,0.979797899056761,0.978996334001987,0.99930015939684,1.00928745495107,1.0144319813329,1.01380972620416,1.0063546655328,0.993729312817031,0.991947369916001,0.991343016603778,0.981938355744283,0.975458018692241,0.980491777664072,0.973204943306806,0.972306571455424,0.972651363582141,0.966334195517713,0.995502340006237,0.995551873896716,0.995720171715587,1.01072540017975,1.01520598112358,1.01731689637828,0.990549614436261,0.986011484749876,0.985799082619245,0.985317226182491,0.991593676309507,0.985924917935983,0.986114748398404,0.979851813641362,0.981501664815459,0.979290445440842,0.993656483167735,0.993954893937393,0.99198461529149,0.991660858818749,0.988971737462925,0.991271745804608,0.989355782915483,0.976772354051782,0.96721627883525,0.967336077141967,0.965077465860425,0.970071412838635,0.970992870431104,0.966706926449763,0.953295527602466,0.967148198714804,0.967095371587592,0.968620876452982,0.991450307356436,0.99164875106136,1.01317479468692,1.03470083831247,1.05622688193803,1.0562103507245,1.09894086588114,1.14145662138126,1.13980821184249,1.174740197369,1.18570737988334,1.18386568288116,1.18374542137641,1.16901497069386,1.14939961418991,1.15036890244964,1.09227747929914,1.06176958240866,1.05710862529232,1.03036779763222,0.999803930904746,1.00022041607729,0.997586558788949,0.985559134530855,0.976409983928272,0.976513698214971,0.970308443728552,0.959003225578772,0.959275508253552,0.952778560895149,0.943223545418936,0.943828001988688,0.936274035322903,0.9365044906823,0.931481988737626,0.931388751512946,0.923410796405353,0.915068017652094,0.912343415180908,0.913506606150234,0.913187573411194,0.919785355929028,0.920533105851413,0.917003327871431,0.909071191881171,0.910260101749009,0.923162220979755,0.928499256464649,0.928656055403569,0.928950965547951,0.926354361058429,0.955658753244848,0.955218737638024,0.974629171000063,0.990620547550495,0.991472277394195,0.977523158450378,0.968138641917664,0.968140593731214,0.969579135985338,0.961256799626016
4,108,0.941010569385363,0.9384214665383,0.944840832306414,0.941820036297159,0.941585778870946,0.935775607845741,0.933407888497479,0.935130739892324,0.937687696123387,0.940469004007271,0.9391803878667,0.935542120995252,0.994362884433761,1.0455519204487,1.04567600694687,1.08756663525603,1.16438076131793,1.16551333530107,1.23207632766931,1.27766840783345,1.30563739013079,1.305507835114,1.32549724577176,1.32553856898808,1.32606689416408,1.30543387451415,1.26183464657247,1.22343389980197,1.22419823850112,1.21554583063339,1.18615565800142,1.18614623668528,1.17650070560498,1.15392984830506,1.15413149175196,1.14734991704844,1.13688565982119,1.12954400785876,1.12828921863462,1.13045430770326,1.14322469831843,1.14345374199088,1.14760724586691,1.14188007589891,1.14106100860887,1.12557367054957,1.10867394360128,1.0608823199317,1.06044468878449,1.04833029903466,1.05007263152135,1.05009467662831,1.05690791445384,1.07756152198816,1.07756107610003,1.10487324557876,1.13452230100041,1.13193080920312,1.13049099313145,1.12078132810442,1.1179222688153,1.11604465969581,1.11749762693509,1.11453411631145,1.09749445165653,1.09778659480623,1.07556210916318,1.09217704750866,1.09127648720333,1.08494394211046,1.08725634509379,1.08717679361083,1.08099066703379,1.08027728953402,1.08275046897399,1.08431673347155,1.08463758914514,1.07562244689498,1.07524588552763,1.0756985445177,1.06773364482916,1.06746065045386,1.09328319174134,1.11269194767919,1.1268616729799,1.12580562171014,1.14305149507354,1.14120462801318,1.14112494987541,1.13948691280891,1.14736875761317,1.1531442694227,1.15352749476864,1.154730805276,1.16071689634875,1.16018433427378,1.14808910594997,1.14790844949832,1.14658249033367,1.13804084270117,1.12770974782123,1.12811981356184,1.12758283556179,1.12730282920593,1.12518021941547,1.12520148525385,1.12753568136347,1.12940620963601,1.12153636961173,1.12171673261329,1.1155925213761,1.07277358822729,1.07254086915203,1.05345076573364,1.05267741455085,1.0549476344441,1.02801708270967,1.00840239681516,1.00654765433314
4,109,0.946848305653265,0.935181453914642,0.94681620806169,0.946355003664628,0.967848527568364,1.00453156075216,1.00412312237928,1.01922649461555,1.02053173590007,1.02351680701272,1.02382495719348,1.0211143561212,1.03049493656841,1.03160764027015,1.02066965642236,1.01731293066516,1.0178746212598,0.997046688297949,1.02507499367912,1.06251823009398,1.06229298841151,1.05592676198122,1.0564641214977,1.05799342210565,1.07134186345928,1.09999958885566,1.10053646132944,1.10332867423937,1.10209427786423,1.10307165891404,1.10418061797509,1.09257419434185,1.08600527059542,1.08690447725399,1.08817880702464,1.08166421420356,1.06899443533998,1.07038152592935,1.07241915102542,1.06963758821787,1.0699781127179,1.06819766261633,1.0715979926691,1.07134988597247,1.05866986650429,1.05261060120546,1.0420703029874,1.04192859299426,1.04801382478168,1.04547555246815,1.04526305984246,1.02513741268885,1.03499354625662,1.0382060958916,1.03769982056149,1.03218125680147,1.02446516123233,1.03238589119191,1.02405741491903,1.03043981480082,1.03056736460261,1.03552589751486,1.03674279057972,1.03096340709709,1.03158954613288,1.03542145513146,1.02359755154527,1.02410008077213,1.02424379669685,1.02371866211826,1.00932886197806,1.01391101227886,1.01337904650019,1.0138979166446,1.01396607199683,1.0033125170933,1.00502262517496,1.00402680045297,1.00745569234399,1.01623878331841,1.01419846647363,1.00381631592869,1.00186222647236,1.00669148810769,1.00424667807678,1.01339780856246,1.03519762649338,1.04158704395981,1.07435714959963,1.13502323136497,1.17714907196218,1.17503159545069,1.20748756115921,1.26245578881936,1.26182593234215,1.30299418304079,1.33327486171038,1.33795186258721,1.33790183317946,1.32261396243142,1.31307670718789,1.31252918961384,1.30344238288525,1.29819698204076,1.29953330676248,1.28613153436764,1.27539318565125,1.27019992599109,1.27100239399558,1.26406863942272,1.27292864742648,1.27532251671157,1.27466842425768,1.27321802343375,1.27151094528025,1.27009864575686,1.27877684513579,1.27923064091572,1.27905339855311
4,110,1.00403606193288,1.00796554150037,1.00333944699347,1.00422526337178,0.998146461745043,1.00050079134194,0.995044795982032,0.995130472216406,1.00394872612418,0.998719258236659,1.00012088547541,0.998350576312341,0.994685380646719,0.989845556301758,0.990137207047187,0.991379808409214,1.0022482281761,1.00146466916141,1.02071086902509,1.0231238099026,1.02363308876838,1.01846622619605,1.01795065404466,1.02568399787776,1.0256637170591,1.01977106182009,1.04360835043549,1.04395455123386,1.04966157772637,1.03841393032038,1.03826198909611,1.03207751040733,1.02285620261968,1.01674094274255,1.01580102465914,1.01293911430773,1.00168500721319,0.998634916569085,0.992633653660083,0.986586636609024,0.988352410364168,0.983064092230112,0.972285994604337,0.973358789841564,0.972842243424446,0.972546278196446,0.983133601502209,0.981779566144673,0.990258982892528,1.00165544825484,1.01040644856215,1.00588999081672,0.992845463150402,0.993380250904149,0.992225621258757,0.986151188630245,0.989234835140449,0.983916015037702,0.984277676047643,0.972761611457212,0.979818168304754,0.980152659624238,0.974908463314602,0.963442369569238,0.963869834451225,0.965731545204748,0.963529792819737,0.955426069518116,0.955423567713291,0.942737412905952,0.947835623902598,0.947443163018545,0.937854621062373,0.954376649545404,0.952265206673104,0.990945432839334,0.995528867800133,1.00663023083201,1.00567806894865,1.01194569183555,1.00222973382924,1.0014552071453,1.00431798365245,0.993355420031744,0.992425346865774,0.983927640424008,0.985766694250194,0.984413912233549,0.984055062578386,0.974337956155677,0.978898232953793,0.978334396114641,0.979919449218323,0.977599418582169,0.978700271592143,0.97778420006374,0.976901668958829,0.977629547133538,0.976693451807133,0.974230771122595,0.972781059906769,0.974776382037853,0.97760398573082,0.977936918786641,0.977434100058525,0.977998949611192,0.983378977348119,0.971448653664831,0.970279380650681,0.971152563206111,0.996523678160542,0.996735686724867,1.01780116883148,1.03244802595643,1.04447627216204,1.04435992021812,1.05678178496041,1.05656840447927,1.05681549017685
4,111,NaN,NaN,NaN,NaN,NaN,NaN,NaN,NaN,NaN,NaN,NaN,NaN,NaN,NaN,NaN,NaN,NaN,NaN,NaN,NaN,NaN,NaN,NaN,NaN,NaN,NaN,NaN,NaN,NaN,NaN,NaN,NaN,NaN,NaN,NaN,NaN,NaN,NaN,NaN,NaN,NaN,NaN,NaN,NaN,NaN,NaN,NaN,NaN,NaN,NaN,NaN,NaN,NaN,NaN,NaN,NaN,NaN,NaN,NaN,NaN,NaN,NaN,NaN,NaN,NaN,NaN,NaN,NaN,NaN,NaN,NaN,NaN,NaN,NaN,NaN,NaN,NaN,NaN,NaN,NaN,NaN,NaN,NaN,NaN,NaN,NaN,NaN,NaN,NaN,NaN,NaN,NaN,NaN,NaN,NaN,NaN,NaN,NaN,NaN,NaN,NaN,NaN,NaN,NaN,NaN,NaN,NaN,NaN,NaN,NaN,NaN,NaN,NaN,NaN,NaN,NaN,NaN,NaN,NaN
4,112,1.03371826853194,1.03371826853194,1.05979786020279,1.05080746557471,1.04590985083921,1.04691198715106,1.02147825347691,1.00534910049887,1.00708959269364,0.993859208116325,0.983711382267936,0.982623778998084,0.981970697730133,0.972213837381299,0.960253829644077,0.956828235096924,0.948279884722984,0.957691349838045,0.957787148703125,0.967829817922247,0.984337012132484,1.00231365943555,1.00134369412773,1.01996288822191,1.0177161328,1.01846800226461,1.01322944134744,1.02941738110992,1.04223505710677,1.04143729503385,1.02500829010337,1.01539474952934,1.0160969141481,0.991627696475205,0.982487939400899,0.974543003195699,0.984052774910631,0.989553059427751,1.00590883753462,1.00590883753462,1.00970250873058,0.984337256550029,0.982344979892158,0.982411456923274,0.9708332632099,0.966665823385166,0.97394365512366,1.0362585325865,1.05514670623387,1.05492321232223,1.03421013672607,1.02083301831769,1.01822255546575,1.00916989963483,1.00619536901179,1.00407285329203,1.0035012644234,0.990338560804195,0.984937660661838,0.98496022018136,0.991147652072881,0.995551130430832,0.992149483494213,0.9943979613315,0.983387363189501,0.993985093822008,0.992683289992776,1.00118879967423,1.002665460354,1.00023581181603,1.00154830755334,1.01287689768863,1.01035199590387,1.00984617363617,1.01423395357568,1.01871583431486,1.01961213269136,1.02517585833395,1.03206972619455,1.03144471772132,1.03169403858394,1.0371496456808,1.0371496456808,1.04188211018791,1.03979149199082,1.04233013144844,1.04189147483783,1.0408239066757,1.04208653976514,1.04072311656228,1.06231234402273,1.06641518961019,1.07202793268458,1.07202793268458,1.07953144262281,1.09857414192921,1.09640405703689,1.10049657867041,1.11225656273353,1.10725216847596,1.10747726722454,1.10035667239123,1.09243595660664,1.09172291982814,1.08570135480195,1.08584672420453,1.08039718559174,1.07990732597147,1.07564364139731,1.07586050044942,1.07783223839563,1.08361475522872,1.11411146982522,1.11411146982522,1.14586093061483,1.16267811779401,1.17949530497319,1.19631249215238,1.208709008917
4,113,1.04804042901675,1.02726972090471,1.02816027125884,1.02879333364595,1.0280544685128,1.01852542232394,1.01232573577693,1.01238338317795,1.01010610596149,1.01896935617546,1.02103509437165,1.02781591586322,0.994636583280166,0.995860942360472,0.997773048191348,0.95994038886214,0.922277802286797,0.922490728593477,0.925541269435917,0.940468255410857,0.910890578405675,0.911404364445845,0.92385839353323,0.94239721846698,0.94239721846698,0.945828597850266,0.942032927122542,0.939836217437104,0.939670494221047,0.94427290455312,0.940005899914967,0.946838087750139,0.946370822792419,0.947242108871176,0.947242108871176,0.937674436543751,0.952689443175366,0.958481604980818,0.96023841928735,0.958635574816524,0.953110808759638,0.95536418385507,0.955258350940011,0.939181115968718,0.940652994244045,0.948409459893177,0.934398688861769,0.944233521716534,0.94284632514771,0.922338059226231,0.927628096368399,0.926385698030857,0.918601406662367,0.912139080747341,0.909896897235186,0.907617000300269,0.90680233291019,0.918229058322924,0.918229058322924,0.903125406235412,0.913660776508385,0.920739211349659,0.902888186308046,0.903956206463572,0.896038863504911,0.896231293075211,0.900372973867555,0.893428455831308,0.892563478437937,0.869931758912533,0.914941950049348,0.947513654856894,0.947513654856894,0.964830688819339,0.997927689302837,0.996534508418387,1.04772874046402,1.06375640130904,1.06445578163464,1.07968411860798,1.07798995917931,1.0756783241517,1.06886792179351,1.05054548425508,1.05160978691097,1.0516291395567,1.04088563507796,1.04674041280502,1.04707399223076,1.04074726481417,1.03564350704103,1.02890315699266,1.02890315699266,1.02959710936858,1.019398823355,1.02268426237612,1.02071069469643,1.01236133341831,1.01115754074174,0.978047920122088,0.953162224720678,0.986803769135609,0.986706340268381,0.991429529084323,0.992776430903496,0.99230147429171,0.972579202709469,0.967736191578626,0.952929956223317,0.952929956223317,0.954592126678828,0.946978922649777,0.94347344357457,0.929207271117901,0.922835211410126,0.923068436346066,0.924100500856101,0.920626724981934,0.921517796164306
4,114,0.947091728778096,0.947091728778096,0.941807190260408,0.966001497756736,0.965481801425029,0.971343057916492,0.988591098459715,1.01882836484654,1.01882836484654,1.04134060068772,1.04132765253147,1.04196006124952,1.03892385037888,1.0213162448792,1.02191911364807,1.01547414976292,1.01410306400345,0.999952934563375,0.998617495227763,0.997313350707307,0.993423230535649,0.994434996088823,0.990789664965125,0.995956212308167,1.00549202497147,1.00500892214502,1.02413873721137,1.03709354226814,1.04383701803046,1.03935409999487,1.04232590040599,1.04250720134203,1.03758842540956,1.04020302110127,1.04222826650085,1.04325000361824,1.04329311787583,1.05194180313479,1.05210144010371,1.06218633049146,1.04791746871721,1.04476507164008,1.03638750641092,1.02551206780327,1.023377120872,1.02270523617811,1.02127493092849,1.00662222743607,1.00860310277033,0.994847956656874,0.977504912104421,0.984802170677053,0.985880706344996,0.989233678837974,0.980582814136846,0.981952493674521,0.994380618448739,0.998833753668085,0.999969504203505,0.987915451105816,0.985533767329021,0.975569014176698,0.977512271055028,0.977387832828548,0.970176404018594,0.966280080254965,0.96608252564618,0.978288915433252,0.992369753734309,0.991861398942244,1.02717408978486,1.06979535914861,1.06890990824778,1.09602403827927,1.11592525583317,1.11520632047496,1.12325590168378,1.10715354590729,1.10701492079586,1.09074305729967,1.08929656795587,1.07027919145357,1.06936489293751,1.06473199925864,1.05204108421908,1.05156824168373,1.05519229506768,1.04665446095988,1.03996713414454,1.03980097727245,1.03786145442279,1.03901261363015,1.03954589800925,1.04145566784612,1.04286980532011,1.04888166924029,1.05029465481755,1.04192022929404,1.04200507511379,1.0431973734756,1.04391418620191,1.0422157460913,1.04127202875042,1.03128835812426,1.03890195824041,1.03523272853597,1.03620497318699,1.03761109017943,1.04179000261987,1.04342946196288,1.04070256931889,1.03406036404428,1.03505593690144,1.04551644653992,1.04108345501865,1.01959823706794,1.01942292696588,1.03305825000142,1.0421652660539
4,115,1.02194503588348,1.02173896187745,1.01246679352149,1.02128560596652,1.02167264328716,1.01898663526426,1.03121339500469,1.0305731256536,1.03632411404829,1.01955350158736,0.983286252857181,0.985256465178084,0.973502904600712,0.963493721492251,0.96186208735679,0.960482258956975,0.97399401722178,0.980920265428418,0.981442214813497,0.980657824197001,0.977231811033009,0.976425670940937,0.961814335436476,0.951343735248633,0.950420763465072,0.930344799404099,0.92392823591722,0.92456918138933,0.922628636926388,0.939575149209287,0.942756984664647,0.942713363976118,0.948562444383661,0.959500805889608,0.957761854172632,0.972261169437144,0.977748063499418,0.977348616960354,0.978258806016148,0.975178726602405,0.975932114991776,0.983452503265133,0.998491132072003,0.997710251985128,0.996856763490123,0.988598374270626,0.979193941468602,0.965899014655974,0.966947245195088,0.951075964642271,0.948989782786872,0.949341494780024,0.95038194232276,0.951750094928441,0.950224403159209,0.950093888884558,0.990058160480468,1.00316668855153,1.00646327299228,1.02057704062623,1.02871348184722,1.03092440181336,1.03112015168331,1.03396214459532,0.996806736175241,0.998457670949659,1.02579221304244,1.04130796356087,1.04066564979011,1.04719696240049,1.04489724915784,1.04864866130629,1.04882262265146,1.03629584728834,1.03114463127685,1.03123456791464,1.01313367929344,1.01277012761511,1.01268033784973,1.04351089060808,1.07219732172819,1.09039042665729,1.09043665362816,1.10895079379543,1.10387564646045,1.10325283459607,1.11247747064084,1.10230899651699,1.10128011429542,1.09220450582433,1.07647142237997,1.06449431327407,1.06363577071166,1.05726207722222,0.985388591869792,0.985290698453215,0.981163441264246,0.995973406352955,1.00813375101588,1.00682703989407,1.02391515830982,1.03297628221191,1.03301036585529,1.03490133266882,1.0382252488751,1.03866221758739,1.02844062009026,1.02715241189756,1.01533102704209,1.01536071951438,1.02245577838538,1.02322672115817,1.02351692026534,1.05587585939434,1.06043510787531,1.05861630651106,1.07637566199853,1.09179780252461,1.11075647477138
4,116,1.0294920517339,1.0222659654677,1.02229467270104,1.0161045284741,1.01268364387429,1.01772887997052,1.02032197399587,1.02819091347386,1.0272255856573,1.02591583237618,1.02410258361915,1.01963618294289,1.01817823469834,1.01672823534463,0.954954372474893,0.924367610446434,0.923467032299543,0.948487784612634,0.947853915836722,0.947144997278045,0.989986352008092,1.02665296009247,1.03412875804324,1.03204402650024,1.04714726029261,1.0401281472664,1.03929330985744,1.02179680060359,1.01097587181593,1.00366734453223,1.00290071428653,0.9919531677062,0.973777028275756,0.97409598413678,0.967587982770541,0.972554815774953,0.971789652064732,0.965851923056313,0.962728195302671,0.963361379130734,0.959961278843491,0.953786591263505,0.951412742343157,0.951152533283006,0.952072735498323,0.942261019269593,0.94255072393163,0.938786968621636,0.930657879591045,0.928431040111217,0.928814623732099,0.941318889428399,0.944650528247303,0.944687233932227,0.945673625823085,0.934814143514716,0.935006589209024,0.934622883952556,0.933751447427576,0.934711308026036,0.933200795422228,0.93643193255725,0.929250606371192,0.930892048659294,0.931076527467126,0.929005062533406,0.914585669638538,0.913799074969278,0.892622799360613,0.9052679470371,0.905485936530514,0.93246334631111,0.961507254801792,0.959839250402161,0.972823238361035,0.971999281807237,0.977616107225745,0.977409240938493,0.966067077184564,0.968721333754436,0.968150872409984,0.969434855005882,0.968921469867565,0.968889469783336,0.967590537136903,0.961047274143894,0.958702726094072,0.956813639259097,0.955499915405741,0.95249118640889,0.948548686234532,0.947792814135429,0.948261982212208,0.921896890023399,0.921019784051253,0.923409155340911,0.929078714929213,0.928800870581628,0.939526005248467,0.954806688537175,0.956075382829693,0.948739525337271,0.945242796009281,0.950103231414106,0.94987650731938,0.942420175738945,0.940655404400194,0.938893297022459,0.937546539683922,0.937896403121483,0.939203577210193,0.943590081038501,0.93278956108518,0.931841968274605,0.930579807771061,0.92814884905746,0.920123395627553,0.920281702047075,0.91675135499732
4,117,1.01860006279374,1.01605512309483,1.01666936483853,1.00989064478068,1.00595336406834,1.00546906574839,1.00280456825415,1.01124049939533,1.00815274966677,1.01118283163042,1.01295000116267,1.00708566058144,1.00715365278798,0.965162494686059,0.973718850113731,0.964339258092222,0.966251386755844,0.980528680779534,1.01679174076932,1.01702607463001,1.04156996338408,1.02750572231865,1.02576339882368,1.01733131814549,1.019159866454,1.02887713000642,1.02846366853505,1.02841868085704,1.03817115136233,1.03467653430592,1.0406475088275,1.04704207884869,1.04564083560987,1.04611517358556,1.04575934766825,1.04785935221746,1.0475813790051,1.04389731530565,1.04601190667725,1.04634731333982,1.04811551283537,1.05195598850796,1.04507369407717,1.04462944023416,1.03702897194711,1.02863957884941,1.02862599036333,1.00348867358913,1.00186749364168,1.00147579051504,1.00028803104401,1.0038962540566,1.01020257548948,1.01093396054102,1.01771338103928,1.01251998708734,1.01284458846753,1.00768342495668,1.01076749175353,1.00246310609613,1.00235568060612,1.00907319317692,1.01532157773204,1.01597919626084,1.00932509630619,1.00532640339727,1.00659478029032,1.01483351928327,1.01583791568945,1.02085689353725,1.01978896788601,1.01648481346065,1.01436167023066,1.0131752499917,1.01586694401497,1.01204016818554,1.01374254513589,1.01813847547123,1.0181947665376,1.02371281202317,1.02369636864841,1.02417429856502,1.03218406314202,1.03165953156206,1.02455562554755,0.998999321369547,1.00286677471475,0.994964499905248,0.994586851001471,1.01101240319175,1.0110018657485,1.0104465180112,1.01627746312932,1.01512338656536,1.01002220841922,1.01290844169279,1.0085995277322,1.00695235074983,1.00248751649352,1.00323476683454,1.00336400105919,0.998371831263338,0.987942885963892,0.993323411652066,0.993321007867314,0.994826488517739,0.999272041474067,0.999243765087024,1.0061513431918,0.999951889369648,0.999827699744461,0.988150511034682,0.993429145215432,0.993175387129064,0.985686046511276,0.986404228972356,0.979429397254455,0.979167534791477,0.990824956382813
4,118,0.999395635086519,0.997257959798241,0.998367665405673,0.998251863502421,1.00192683129099,1.00589039127839,1.00495563795263,1.00711800271833,1.004989086831,1.00426173591257,1.00315662711407,0.999151086077913,0.986360757736466,0.982921195752299,0.983232844740235,1.00312513565463,1.00079865184844,1.00115414129746,1.01768475000172,1.03180466435168,1.02784017236404,1.0266682795153,1.03353809699817,1.0174694558213,1.01723721455989,1.01870472680919,1.0121169834315,1.01217068994497,1.00956913793629,1.01494821819194,1.01467181532408,1.01228826701403,1.01639304185657,1.01880274832398,1.01817810988468,1.03146273448382,1.03066298890188,1.02912081976047,1.02839709778163,1.02210776501574,1.02523236913162,1.03018499560062,1.02283451290635,1.01348071561781,1.01425115744832,0.993469801520436,0.981077353013798,0.980403806182714,0.982075426832682,0.997761628488374,0.996457574040035,0.996217455816427,1.00408335048389,0.997201905686228,0.997128727982679,0.994809544301014,0.99229740365731,1.00023480857595,1.00238937897126,1.0016018664418,1.01530795705648,1.01298248701589,1.04619288516762,1.03517498329016,1.04184706756087,1.04204522398207,1.03343157744583,1.03207093983857,1.03283015547676,1.03469845261938,1.03617365854643,1.0363303715951,1.05208439431773,1.05199511174413,1.05631321031582,1.06084930083019,1.05496756975408,1.06618622515605,1.06895181116642,1.06695188366872,1.05815743573453,1.05713303834701,1.05480258619453,1.04626432028215,1.054274504092,1.05966710980639,1.05908868707362,1.04958501463305,1.05016835224191,1.04662318625181,1.05701202232142,1.05519789246929,1.08222954967538,1.08533882609906,1.07099810874087,1.07038137609282,1.04739193428967,1.03073005464709,1.02902578017988,1.02325886609964,1.03914542622068,1.05783748368544,1.05822557530798,1.07684233297731,1.07388308920729,1.0731672926906,1.07851877841297,1.08030926115323,1.08479744079456,1.08481801264923,1.08039817915725,1.08196986280193,1.07286135604708,1.06213160642202,1.08965224482121,1.08965224482121,1.08477211935686,1.09127958267398,1.09194211380952
4,119,1.008252022483,0.98693399879941,0.99097282347407,0.983799498009097,0.984748120559449,0.983773271002292,1.01317930546043,1.0233602521694,1.03170293396487,1.03108903366819,1.01954891176131,1.01469668758433,1.00361948133947,0.994405476251807,0.988893431704999,0.989421582211788,0.985525787185088,0.983745280622332,0.982332101748659,0.982332101748659,0.972142257207462,0.961168527331931,0.961168527331931,0.958732081152139,0.975449124883411,0.997467939221361,0.995869679046476,1.01636981431503,1.03285259701748,1.03972067573435,1.03270846148608,1.04495466006251,1.04339365728427,1.02945166100971,1.02709631141273,1.0287778441106,1.03364399306203,1.04594695790531,1.02846515162361,1.02835072650862,1.01677760187491,0.99863225157216,1.00397519225204,0.983981612599319,0.973659544198397,0.951237323540603,0.953137758076942,0.961356603507313,0.97958334800069,0.981768040858979,0.974098931479024,0.965409411596404,0.97416136848599,0.974236606661379,0.988400983274007,0.987329998221403,0.995583157398927,1.01022057565227,1.02475297293599,1.02456515700681,1.01946460155667,1.0360256224742,1.04182058846113,1.04127951965577,1.04629266369681,1.05813494774903,1.05948275951278,1.06663263036584,1.05917127025795,0.992263155398559,0.980895572086377,0.962594160105461,0.975226307481366,0.975097170079975,0.98265696076492,0.987335949442235,0.989528252281223,0.980217271589272,0.978338992532408,0.978087176421608,0.97460025274251,0.967224940420433,0.949919931662391,0.949879655999993,0.955656878403496,0.952428911906522,0.95747477465305,0.955904810771702,0.957251024758633,0.976459031839772,0.976459031839772,0.995246437937461,0.994068008798253,0.994606088048077,1.003787008037,0.997807587040022,0.99048727766813,0.991333846419783,0.990250168849217,0.989068130778627,0.985422028199441,0.986211362074778,0.978196606682057,0.978201497804306,0.97663637925401,0.968054999685405,0.964554007510415,0.964554007510415,0.958116323053455,0.941414082325883,0.942332270906956,0.978062821053608,0.988639023704024,0.989282954892147,0.997992062019855,0.997792882003027,0.987863838159248,0.989080389546022,0.977433717720752
4,120,1.01124629734457,1.01832779656634,1.01797132002951,1.01694997296883,1.00662107177966,1.01403648337221,1.01478010461915,1.01035499252882,1.00292222420388,0.979565745720324,0.9819619163798,0.97349364545198,0.969625492591385,0.968396773109626,0.976379063598852,1.00951555447637,1.00885180374214,1.00410241837631,1.01489732314023,1.01350089509356,1.01582766414204,1.01040120017002,1.00210954917221,0.998162203684051,1.00830893917552,1.01112691508079,1.0108285638694,1.00762413605659,1.02329727360339,1.01521590575535,1.01457941616774,1.01370325225046,1.00358108405953,1.00420339543651,0.994787083308207,1.00224898936761,0.99190728477958,0.994121741768083,0.992138528633589,1.00805266972606,1.00646279037277,1.03486510535844,1.03875951694862,1.03713721116455,1.02830423470953,1.04093781373615,1.02756094995727,1.02784271630633,1.01508123470767,1.00126470191906,1.0021255580992,0.993957547913602,1.00060993502249,0.99557917803222,1.01480227450074,1.03379162178183,1.04089671974756,1.04088462307467,1.04447602321475,1.04158767874873,1.04205286467992,1.0462590873221,1.05984433962183,1.07122933787718,1.07134043663642,1.06351474894751,1.05032980708295,1.05025312848534,1.04337357002076,1.03229728512263,1.02753453839265,1.03014696205421,1.02172337169705,1.02369125655577,1.02394700098761,1.02436474305351,1.01812291089128,1.01689152856107,1.01338504466504,1.01875372878791,1.00801905077135,1.00733153569965,1.00497882750919,1.0061031118871,1.00661478112724,1.02153189189923,1.03684138681837,1.03319835235147,1.04360317446633,1.05783061732463,1.05186715447483,1.0532243535676,1.04982309052993,1.04227880433892,1.04208325988551,1.0338116786121,1.03158828278161,1.0314879397819,1.02524742393209,1.02662642412858,1.02044453917943,1.02089523530125,1.02449895719976,1.02357293983315,1.02435133121207,1.01842528207209,1.02069307870735,1.01432503600936,1.01432197164378,1.01462012063458,1.02382934627449,1.02663247042102,1.0238224737251,1.02337230700849,1.0247208251802,1.02181600057311,0.997256167981475,1.00918887322125,1.00168555052005
5,81,0.981524947081907,0.978753037253676,0.97604121348726,0.981752438534787,0.98555049406437,0.98555049406437,0.998782106513922,1.00126315297999,0.998031116868192,1.00092056212418,0.912469776334538,0.910949357637052,0.988045708614712,0.986874517645279,1.03813848061405,1.038070136619,1.0696990270407,1.08441626539174,1.08316716713027,1.08310963685147,1.08614932663052,1.08494717004383,1.08633828471581,1.06122175954587,1.09958811594603,1.10091036888803,1.12147465985083,1.12799668465388,1.13682876796356,1.13632950142203,1.13016269596703,1.1160352319538,1.11109966522314,1.10238097732698,1.09830418866917,1.09801524427291,1.08700994982716,1.08525474335119,1.08867916935139,1.07458747496211,1.08097256285493,1.09685871367518,1.09388644285157,1.10380609657495,1.10638751453868,1.10638751453868,1.10034638298786,1.10984547096128,1.10952964034464,1.09969018201606,1.10643148960307,1.094256522099,1.09429163132127,1.08991226239772,1.09055978818653,1.08401721856599,1.08748999880236,1.08701476193838,1.07923482051143,1.07923461160635,1.10621766315852,1.15680673599567,1.15611922815053,1.16151525060794,1.18198501242836,1.20959922851347,1.21200803679118,1.20645924587221,1.22425539845889,1.22470656732908,1.24370214715136,1.2506485753663,1.25350212731028,1.24399187904213,1.2351791733685,1.23481355258337,1.22213989971495,1.2086547417209,1.1976564651577,1.19507953607372,1.19338625084666,1.19231234576454,1.19417464111252,1.18294284758126,1.1883136873621,1.18923674168747,1.18885740635438,1.17320653788206,1.18146302820034,1.18049539914288,1.17977233113645,1.18562460522435,1.18639798030975,1.18786435248143,1.19258918874649,1.19848034149212,1.1983265764759,1.20629680477736,1.20989764888636,1.21142750924586,1.20755220999796,1.20686527127015,1.20278827062316,1.20375279710958,1.20750986309255,1.2061545990519,1.20878898470111,1.20067103352464,1.19040954134301,1.19072039055915,1.15681200690836,1.09015616968731,0.996605278237269,0.998131842355872,0.951582314429463,0.972318240397643,0.973032559207606,1.0156080696763,1.05806172930845
5,82,1.13416436194697,1.13335862923671,1.12294041098992,1.13985347195515,1.04837291795606,1.04804683317846,1.00329207177003,0.952671868119615,0.95221231280088,0.864768743442858,0.894098205264859,0.924933665539997,0.926215005031728,0.938367666058517,0.978567259655621,0.978353267026118,0.984914822217591,0.987448745064964,0.987419742743955,0.990107331866629,0.988147795549869,1.00358100059236,1.00336083531683,0.957885030926119,1.00469363215557,1.0032424962099,1.03108834522755,1.04000260370328,1.04204786494328,1.04464907606057,1.03127021354687,1.02649781100929,1.02651250569737,1.02728324716407,1.01960139511412,1.01628265589344,1.01505692991313,0.956589509081814,0.956593868019553,0.922189445101031,0.938715122428528,0.96739295267566,0.968550371223824,0.990909064908004,0.99687649982445,0.997252479392088,0.998875978943934,0.991947756120725,0.99241529604322,0.992791514795179,0.99265039142253,0.985868875369685,0.986764825444684,0.98165269272465,0.990134344305729,0.988098327830752,0.980897091727027,0.986521202643097,0.986003207086276,0.985748001036509,0.981041918685781,0.987287938492638,0.987530377121394,0.987013210988897,0.984004685869196,0.978992352870355,0.979193347204875,0.978932244396558,0.989171352972946,0.989615765446923,0.972696101210677,0.938610660711464,0.946562852177159,1.01170627343126,1.11793378170859,1.11718159664538,1.1433223293455,1.15301641727834,1.18741232448187,1.18775015500454,1.22125211524527,1.23606196636525,1.23621348076896,1.23781631958917,1.24753602900401,1.23972687672041,1.24021018050489,1.23699745421845,1.21595564614058,1.21546817579637,1.20284853227941,1.18080802661713,1.18697261756856,1.18257123553723,1.17521541282341,1.19295176324973,1.19369521344618,1.22776548757299,1.24219941042543,1.24366716959411,1.2511188129728,1.24385021687973,1.23012535331346,1.2292917605647,1.21421726450821,1.20217955348252,1.20249641713481,1.20628810973486,1.2153159074197,1.21422985266927,1.20942494644505,1.20933940660148,1.20743429260573,1.20732515212994,1.20429221790385,1.15855997275832,1.16193225606286,1.04783785585079,0.971092263165101
5,83,0.97846746339724,0.976282360888574,0.978434532117929,0.973817979478284,0.964636300556534,0.963861377819408,0.922344423223592,0.930462845821479,0.926819395308703,0.946457568737019,0.997669373210198,1.03325389348098,1.03248033568527,1.05516877004612,1.06740858920524,1.06739394197045,1.06497543255377,1.06043787404883,1.05962754245036,1.05327949658266,1.0420267019074,1.02340475934708,1.0226640908749,0.899103252126479,0.873642999920003,0.873328758704626,0.899055309035816,0.904203143578328,0.919897902031708,0.920508340678294,0.92516209562801,0.924877356910338,0.92475347010456,0.931823128191772,0.923407988133257,0.922943065735321,0.925088743647466,0.92682507437603,0.921112507803578,0.921500066932195,0.910723509994604,0.90561857828464,0.904900665535115,0.928405641724437,0.952316139724586,0.952177462598084,0.962137217464458,0.954893202319671,0.955152509775825,0.953995023782883,0.950756075766885,0.940784238756538,0.940550371510085,0.942778643898745,0.941422023889376,0.940648147685443,0.940469321130995,0.907484379580843,0.829834521051686,0.829357431924352,0.857493756100046,0.862077703422052,0.861887701498484,0.865022012554431,0.907681311963503,0.930851418984127,0.932325496527619,0.948390197276639,0.951785891697899,0.951823530014421,0.949900257880989,0.942200657226715,0.942013524626175,0.938369125389676,0.934249337280679,0.935438897506265,0.934764273445748,0.931146489492956,0.933616678828133,0.933957427421966,0.938090466315987,0.937665860575362,0.949508641098616,0.948702158138547,0.961714790259143,0.954366677126359,0.955265291015009,0.960336592304808,0.951132460312337,0.950504782900667,0.955849742588023,0.937331564748028,NaN,NaN,NaN,NaN,NaN,NaN,0.987109450711426,0.987135865314734,1.06412811029375,1.09680807367899,1.12658355139325,1.12611927291038,1.17291746953481,1.18193891781441,1.17959712024777,1.17959175562373,1.16943481153877,1.16788613350455,1.15623339681305,1.13933361390302,1.13989298059598,1.13802859842621,1.12941226032113,1.11034618643719,1.11072265473892,1.10587574789905,1.10268470789213
5,84,1.15522153236349,1.15099146384972,1.15035631560299,1.14403305066258,1.14062619341748,1.14031133510557,1.13614376749914,1.10259872898982,1.00476354525149,1.00386588403267,0.878726348498472,0.839141566730771,0.838204555371616,0.857114885150794,0.885717306071692,0.887697614267791,0.874096761875761,0.883324301566872,0.927064843691276,0.926904701258911,0.921409655804774,0.921455936566616,0.920200061578811,0.859111272705816,0.876567224700219,0.834962858890182,0.836407917794494,0.81867108765719,0.79758665471927,0.798035593586922,0.783517729372041,0.767215253890378,0.76797815924599,0.766867454725146,0.75855608424633,0.753597451858033,0.753268545309248,0.751320161667779,0.778958991574147,0.779790399696427,0.785943665751317,0.787333815508364,0.787476527360232,0.791071946148952,0.788952455514253,0.788959805346581,0.789779215623061,0.809552684051216,0.81515396217434,0.8156974470812,0.827597012933054,0.826991253434891,0.8277388725534,0.822341302674287,0.827577248309097,0.841090695947276,0.838804357709877,0.840741876754406,0.838156440706346,0.837952428285255,0.832362285399986,0.819876267047836,0.824876667914944,0.824580396389081,0.814711906407816,0.838183426623562,0.83733518165417,0.957022854937769,0.991199281458841,0.991070304475533,0.987081948487318,1.00959027265423,1.02117051947368,1.02181229464677,1.03181615680015,1.03891698152819,1.03903486688481,1.0577408656713,1.05481416738958,1.05464122210647,1.05222510308464,1.04032443056529,1.03712322448103,1.03490862074905,1.02148574225664,1.02121343329431,1.02112002909807,1.01414491102735,1.01266107912546,1.00151319854957,1.00167437713676,1.00373197365885,1.00115079663808,0.999492776608329,0.975819601248393,0.992943534935478,1.02033217700841,1.0204691594503,1.01103618681723,0.949937513613199,0.950328578612143,0.958273802354459,0.943555165403857,0.943688234871833,0.938233184978925,0.931074541785758,0.929344725998026,0.929177004085808,0.925522084492333,0.923782382534472,0.912097738681308,0.914451124920048,0.911452641095199,0.913810234643326,0.91680259907454,0.913265675583738,0.909692929228823,0.908746943337282,0.907716643101973
5,85,1.03289195243757,1.032655174858,1.02447500765161,1.02299760806227,0.9634176941836,0.964242446525061,0.966624645381603,0.997289817497268,0.999551350633171,0.996477895076989,1.00192999809677,1.01192116195343,1.00773299729753,1.00826953919817,1.00226042442928,1.00107328528151,0.996919093035627,0.987056683699944,0.982213224700594,0.981774886408477,0.97741008948589,0.986371530643671,0.986381341346694,0.999637885848127,1.02683031573891,1.02586994946437,1.02852191121517,1.02374815655807,1.02623742067718,1.02549198228266,1.02765299344554,1.02115430488859,1.01980244927306,1.02192199461671,1.01725888239797,1.01757303022516,1.00943069559373,1.00054129286768,0.886762456351821,0.886682437033198,0.814544046020277,0.8218871919938,0.820771643313844,0.841818140731439,0.864246413391096,0.864643633924008,0.875139331873149,0.867185617796966,0.866828719911329,0.86689243794383,0.878501099345641,0.889412153760533,0.888345393607363,0.894097274884189,0.888693585641845,0.888490485682322,0.888865611641384,0.891220885931929,0.889247489766192,0.889737039552633,0.88446154933819,0.879431380818904,0.871444315727111,0.869519519695071,0.873597085395721,0.883298462900326,0.88178085970737,0.892376369554726,0.901295295275656,0.901049365210483,0.896291403949312,0.893550063549073,0.893855898793648,0.889928284156086,0.892222230061581,0.889346766345405,0.890508810497495,0.885984315418029,0.889182039077616,0.890145205305779,0.891405413477505,0.8801104802841,0.8031344425393,0.803507178817674,0.767238358204667,0.769661199747991,0.769119608971621,0.793269775400641,0.802424347963873,0.802326887935612,0.801633856019458,0.794352354477479,0.782518721465202,0.782830212804712,0.781115339175141,0.780277584931886,0.780322084451544,0.781119810301255,0.775366158396598,0.792405850465569,0.795511664906204,0.874579400286381,0.909708214291548,0.907869933088036,0.929399469890184,0.939211651882737,0.939467118138547,0.947126014415957,0.949387989476832,0.949428408237286,0.93880197234541,0.933770651916548,0.923836432749391,0.923201540813368,0.877365843843523,0.857044103817684,0.858888083675061,0.878851442473214,0.914854967552227
5,86,1.01974447653022,1.01075717686936,1.01043261731267,1.00339701000709,0.994896676905054,0.992883167552591,0.991904335884897,0.990183506986024,0.994892855556566,0.995772326946945,0.995102716699752,0.983907173889841,0.9834509025353,0.991815322502072,0.983244823050595,0.971813739343242,0.972293197838108,1.01770883091513,1.09579914267454,1.09674152215759,1.09905469466471,1.11464967917711,1.11448489949248,1.12702889137408,1.15147903639697,1.14783404000276,1.14608642856048,1.12773055298458,1.12358534479395,1.12381879476703,1.11455488235391,1.10468505846863,1.09310454520989,1.09190019895101,1.08653815438261,1.0830358438283,1.08301142060904,1.07906657572204,1.07973877832864,1.07866292599736,1.08144918514749,1.08654260601127,1.08727002316108,1.08722281694349,1.08425754842696,1.08075236939855,1.08305099134522,1.07457875988774,1.06914045414488,1.0681791680424,1.06704401168274,1.06444666200333,1.07435655033479,1.07434758018729,1.07465114736283,1.07711041381916,1.07725133564488,0.984647778883935,0.95478169412582,0.956079828597435,0.950700916326713,0.870168849231363,0.880108809086956,0.877950665603625,0.880931466185602,0.920100529272579,0.920370218634933,0.980516578621741,1.02874246724417,1.03232349969333,1.0328453827936,1.05979909014167,1.09185073258172,1.09175777419152,1.11095856178564,1.11209449157525,1.09430144603397,1.1035523378212,1.09369413413905,1.08729528290957,1.08502039521645,1.08035556196657,1.08708738094512,1.08580753014955,1.07449640282236,1.08978460937104,1.08430426833951,1.08398835876405,1.07954976219356,1.09219551099329,1.09219551099329,1.10292878085858,1.10586349769276,1.10538726103504,1.10602586130629,1.16394968310339,1.1803137871216,1.1803308071321,1.21101857656751,1.22076206572608,1.22076206572608,1.23036023261797,1.21519745026789,1.21441129955943,1.20922237676361,1.20905813633485,1.21406435254701,1.20945275387251,1.21512741456406,1.20739081231992,1.2065765167825,1.15164144001962,1.11349424425409,1.11332837738081,1.11079727647889,1.11787716775855,1.03525403678238,1.02938975916774,1.07077469393567
5,87,1.07260732624508,1.07384090726358,1.06356772325016,1.06440529473094,1.06375515525561,1.06087469268978,1.0631965143851,1.06240197374168,1.05718996509896,1.05727065682766,1.05727071286303,1.0522008503235,0.960339774849423,0.960733456021618,0.856487096961867,0.872469487933726,0.868421969120972,0.857361522376466,0.875604920060846,0.951119804825952,0.952281913387077,1.02971056106827,1.08916635160271,1.08979949740019,1.13704923651527,1.17800380286735,1.17747964804952,1.2040417198266,1.21962742241016,1.21692833250085,1.22039049710679,1.20768047326112,1.19889034026281,1.19889034026281,1.18754029331561,1.17019192149449,1.15873775248009,1.15873775248009,1.14943950492979,1.13918837178858,1.13794564073111,1.14374805498017,1.1426956640441,1.14350140625975,1.13577419731066,1.0069847660172,0.931709609153176,0.931709609153176,0.966829247454506,0.977660980032004,0.977403376764376,0.997641267366506,0.995582832137342,0.994364097024604,0.978968584014227,0.988664518350188,0.99889004633453,0.998795174382913,0.987848032145621,0.966342076587811,0.964258677615759,0.977856097074109,NaN,NaN,NaN,NaN,NaN,NaN,1.0050853131244,0.991950586542484,0.991034544909738,0.989197186242455,0.981365497376153,0.979972886524242,0.98214851873056,0.986151325289394,0.987768547861634,0.987486020128048,0.989835795642319,0.9872103105083,0.9872103105083,0.994905611926365,0.990886718835089,0.983899174446844,0.98421322077228,0.981561467811018,0.980706663640852,0.982621505469822,0.98940879949936,0.954186568352442,0.86698386157121,0.86698386157121,0.832003606976186,0.849918574244276,0.849353775829173,0.890976300924336,0.893858665595926,0.893858665595926,0.897191378940353,0.889999463347562,0.886041223720351,0.88597843754221,0.873721923578791,0.871143701932748,0.870590823727144,0.869856381426328,0.855144313627965,0.853561597413824,0.855355271158373,0.858641796163452,0.880735917757096,0.880445559284442,0.909969849281614,0.854202608108819,0.853426641200639,0.873507395845871,0.89007775052704,0.893184336898259,0.893502742041413
5,88,0.854067247755606,0.940591331265635,0.959789686818572,1.00029579526572,0.997978972717921,1.04324788948584,1.00629662089434,1.00753298731205,0.98706974032529,1.01940163716219,1.01867020820307,1.02294163524433,1.0273324792748,1.02736163408675,1.0286059780324,1.02197588344015,1.01184879683785,1.01191631375138,1.01307516212611,1.0111847556608,1.01086621254653,1.00961986992019,0.959471029794825,0.905068788622115,0.908153799179743,0.906452625659948,0.907908183066633,0.908991322281562,0.898544623491517,0.882560963135656,0.882049129314662,0.876554615149224,0.871910911168671,0.876177117485002,0.876242619405585,0.868190318432954,0.863989363561164,0.864324223325535,0.858787313254621,0.854475036334273,0.849983924549222,0.849290440180116,0.845002046742495,0.847557539941807,0.84751349456668,0.865989853618312,0.873593984160266,0.871765151063837,0.838252354160871,0.876855579845815,0.893499083874786,0.893053330315367,0.905006874784088,0.905080947738485,0.906833475029376,0.912098370181413,0.908860113653954,0.922462917538893,0.922073086554677,0.92892252841356,0.986215720170613,0.985379248216895,1.0547241907023,1.10278931744085,1.10093350562914,1.12525943551509,1.14349919688203,1.14491766612964,1.16015456377406,1.05411284333519,1.06788817327728,1.06841917736942,1.09759086781996,1.12166228780104,1.12148490724947,1.12507644896386,1.12908118105832,1.13642276796175,1.13754959402389,1.13228714100625,1.12005952671001,1.12045954815974,1.11609433941301,1.10296065941327,1.10108999284741,1.09980223826782,1.10246006968864,1.10181763734043,1.10251446508461,1.09946669694674,1.10119615292732,1.09974463562467,1.09232103930475,1.00522198327148,0.884632619661273,0.864592853747362,0.857252963450808,0.887168423344773,0.887822005488627,0.907170577895952,0.930418509821539,0.929197272291217,0.975221520939112,1.00476894201716,1.03145907629537,1.03371033751703,1.04569301300295,1.05550603687203,1.05373413786023,1.05824848327503,1.04436471192478,1.04360466670296,1.04498173099483,1.04004477706468,1.0358930271197,1.03579747185531,1.03567983475963,1.04206051016615,1.04353411437993
5,89,0.958108709278583,0.944566715194949,0.98044867842431,0.980854888560523,0.996273836465073,1.01653345373421,1.01659959013773,1.01940267894805,1.02394910404335,1.02396894837234,1.02675409418923,1.02357728401796,1.01365073882191,1.01230664041647,1.00827020449782,1.0058740294941,1.00568102372744,0.984645480474759,0.95853390120118,0.958895061394693,1.02277142472985,1.06161983214875,1.1006052997122,1.09915342441394,1.13656305811723,1.16869636775037,1.16802403263743,1.17998283541202,1.19322519708935,1.19093761350549,1.18438349904048,1.17027750011617,1.16000648605321,1.15770291085963,1.13936052360573,1.13033040500458,1.12904352713678,1.11905134130329,1.11427447234398,1.10757692983372,1.10745324507697,1.11108289919182,1.11355971914664,1.11269272236531,1.10851007034116,1.10141382883941,1.034537178305,1.03175042450001,1.04104263406033,1.03227873328477,1.03200278030661,1.03992781890435,1.0559394612552,1.05714892859007,1.06478470714028,1.06330850543014,1.05621968892063,1.05617219739357,1.04692666543584,1.04029175982227,1.03867219822707,1.04415118958632,1.01805337385046,1.02039274921616,0.949979098012627,0.94378157370201,0.951585269073777,0.954942928893761,0.987671973378195,1.00419001284903,1.00540550412841,1.01034525659784,1.01592460152821,1.00718370025394,1.00300871353135,1.00072176593996,0.990353617288347,0.989924618676844,0.996066397245063,0.988194069777854,0.988221256083209,0.98052742123681,0.982294868613729,0.986860837793655,0.98814709364188,0.993537929761573,0.98583628828428,0.986931856770492,0.984300862804208,0.98004045669458,0.978171743881599,0.972607816922886,0.978052574244628,0.973243175706355,0.972869046345591,0.973443468331144,0.981738534654524,0.981673571119749,1.00074774950243,1.01751510114019,1.01817929309969,1.01233619412373,1.01206559813726,1.01689185021794,1.01697697015328,1.01022688306726,1.02005488883508,1.01958236044415,1.01738587097331,1.02404435760067,1.02605480778642,1.02583857878504,1.02340209318939,1.01930012677094,1.01975383319235,1.0145929119954,1.0165570218591,1.01657963783493,1.01848701591313
5,90,1.01814517195146,1.01313870052197,1.01392604949,1.00736159130469,1.00592322181731,1.00161836441279,1.00141672123523,0.99545299703186,0.984383358898527,0.98303655866882,0.975496243878414,0.97079320504297,0.969892125017789,0.999133509637943,1.00626219747629,1.00550881571479,1.02043165240774,1.01731637142134,1.01076314407007,1.0119166318859,1.0007196349523,0.95307223489133,0.957137139042895,0.965324139860644,1.00738861008113,1.02556934495832,1.02459418828935,1.03221051449623,1.03370561963396,1.03348980175416,1.02724077170533,1.01637924316318,1.01498856215532,1.02166124539994,1.00946410627695,1.00179728386555,1.00262847059548,0.99998190353214,0.994188146345321,0.997195697670538,0.986891446526327,0.983200997491311,0.98874147887257,0.997700801833979,0.99385184702807,0.995515930098529,0.998725451718353,0.991351691420235,0.983441467797545,0.983439233192206,0.979268030729482,0.958683420610531,0.977509236730849,0.97741747605334,1.00079755754711,1.02411272442711,1.02416925427849,1.0636150324999,1.05967189262917,1.06572633498202,1.06975442546015,1.1010166367054,1.11934200383855,1.11960279545583,1.13590933396061,1.10308271148673,1.09528894450167,1.10452162803321,1.08790291878267,1.05090535052031,1.05078843251568,1.06397431363503,1.06628842677976,1.06628842677976,1.0686380346822,1.07385233769688,1.06168385867757,1.06168385867757,1.05716316175502,1.05248174224824,1.04554480586042,1.03880823978912,1.03598701313788,1.03511050525587,1.03208580611145,1.04015726344422,1.045774946042,1.04303728557225,1.03520244453944,1.03336628022465,1.02961332268354,1.03760102256501,1.03037995114282,1.03037995114282,1.036915485479,NaN,NaN,NaN,NaN,NaN,NaN,NaN,NaN,NaN,NaN,0.9716642135907,1.04030912433176,1.04151219932385,1.08699402021499,1.09459868957654,1.09346906358983,1.08853142138583,1.07634197265284,1.05928159248686,1.06265850833387,0.882929447672003,0.752090560702783,0.750775314376701,0.700711965225718
5,91,1.07196264357157,1.06255452044171,1.0644134347311,1.0643032558681,1.05916824773361,1.06024634841458,1.0668425365619,1.06825064328425,1.07057902988096,1.06066121014801,1.06219016366029,1.0351016758051,1.03449250968413,0.87183880837747,0.84201397687182,0.842995767027987,0.861509905620853,0.87899310318012,0.921882219136433,0.921882219136433,0.906221806440834,0.927944789715868,0.929195967666801,0.937799603312352,0.950115621600482,0.948822969273495,0.950259095893023,0.954789359465817,0.954789359465817,0.954572594394326,0.932415875722968,0.945840805103723,0.945781430275319,0.971284657281415,0.960161550209884,0.960161550209884,0.964845694515174,0.965887026699219,0.960457618640404,0.959594477287125,0.964353654208939,0.954428633664767,0.954428633664767,0.951214523356386,0.944323865223863,0.947306479516537,0.946558067170916,1.00513446794321,1.03973485519205,1.0389953405956,1.09721529785467,1.13381154843404,1.13264379859443,1.15823444366758,1.18008076660912,1.18426689019302,1.19749725394905,1.18968620447638,1.18356820539431,1.18356820539431,1.17197660449569,1.17400799524686,1.17434895278943,1.18193795604292,1.17310086281583,1.17439270569263,1.17324306885812,1.17570000856175,1.17857083365866,1.17853635310258,1.18760823660457,1.18035881551819,1.1805623760707,1.17301790507083,1.17013120360034,1.08532920701054,1.08455437530255,0.921299024953229,0.940434287970505,0.939763086322262,0.965712466063189,0.991998228105787,1.01053607058024,1.00994590742049,1.00135663482285,0.992063938966684,0.992619051723949,0.980991031066785,0.970184062257762,0.96747507970117,0.967305199328027,0.965757687253376,0.960347398022895,0.959893990654388,0.963366279707778,0.96310290803629,0.961977808532784,0.963358472884093,0.954746663454741,0.954881465467215,0.945176481785728,0.846607464547176,0.86069728243415,0.860491573016129,0.89373374206378,0.925136422205653,0.926537288849841,0.957339865603968,1.008760952034,1.01946465581934,1.01988096069897,1.02378888467923,1.01761036942345,1.01743057968895,0.989893970622816,0.985259136161658,0.96990131984973,0.970282222732616,0.966288754716772
5,92,1.08395529058012,1.07108415704707,0.934189184344377,0.882900496636593,0.908285767558082,0.902645469521816,0.921338381884861,0.935879963642394,0.934611936006745,0.999340901667169,1.01404590556634,1.01600386800827,1.01230061797162,1.00933521681471,1.01678011861891,1.00982924270599,1.05853152916765,1.14417795977301,1.14476399248426,1.15412690510009,1.19492948529802,1.23564385107441,1.23567606417822,1.16590458899148,1.19208858776435,1.19222341302998,1.22137472140644,1.22876329220014,1.22836121226605,1.22407455034921,1.20057439939629,1.18612084762683,1.18383860549522,1.15756917489033,1.14409535506291,1.13142881576549,1.12848309989497,1.12997397049498,1.12997397049498,1.12609005844401,1.11186344623701,1.11546035756285,1.11547773833656,1.10627141100928,1.10265391483399,1.10817716079125,1.08507731792363,1.00342393658904,0.96409991078537,0.96423758174218,0.979313378719885,1.02809515012661,1.01620706242948,1.05061065454892,1.06887375789066,1.06887375789066,1.07597795345848,1.08129261961772,1.08801240236719,1.08692591088077,1.08712712508164,1.08422394510352,1.08447476162581,1.08083526335026,1.07600336954624,1.07976438535504,1.08092063817588,1.08672602089319,1.07098947043087,1.07127380457365,1.08223518124339,1.09193011640567,1.09154871631592,1.09800091474025,1.12487668910233,1.1442132402028,1.1547374469681,1.14848258015905,1.15158220440793,1.15381726690792,1.17685222653917,1.17927242671892,1.14717635014657,1.13856252308477,1.04119193511861,1.04754433007832,1.04271182618092,1.09667175402856,1.1356184197443,1.1356184197443,1.17561780528053,1.19845857832961,1.19577357663124,1.19397243357055,1.19892118873396,1.19004085359696,1.18682398722025,1.18376012185641,1.18705177888702,1.18613530628923,1.18866130831458,1.18828802878013,1.19144222971807,1.18985949109359,1.1900466246788,1.17999399256213,1.18570900146222,1.18791134552409,1.17907893363265,1.17907893363265,1.17783228839655,1.13452690043172,1.03598471003295,1.03356793553679,1.07137906991011,1.08577204386729,1.08565172935938,1.11481571655309,1.15022945168802
5,93,1.03458616773622,1.03410779542438,1.03471038908478,1.02966227513237,1.03441265135296,1.01695202302717,1.00997014266634,0.997235148552021,0.997110510397475,0.995065458010912,0.984628952044419,0.98417723639102,0.987862762541333,0.982350805820214,0.980387737179765,0.973801714161141,0.974337829254885,0.974320200611294,0.974320200611294,0.97925694809419,0.977605075246292,0.981055676353426,0.938429192304192,0.883783841443851,0.883495790198969,0.911377344270695,0.932297437690012,0.930560456179998,0.930560456179998,0.935943366193219,0.931781098443058,0.926727333702429,0.921439956667589,0.922283533149894,0.922460282126366,0.924689592673504,0.919155442773071,0.915828600637068,0.915828600637068,0.903494576585166,0.890982193049227,0.890921412469032,0.856884694006915,0.8773555890915,0.889966624053664,0.889930570766718,0.904656955901561,0.871240391177441,0.873061708132812,0.851927123910615,0.841968284865548,0.841968284865548,0.863452063046152,0.871760470616742,0.874161625503058,0.874587081556852,0.882934952449697,0.87716706318533,0.87716706318533,0.869928747501932,0.870193282120016,0.870193282120016,0.855628483435072,0.856113871500314,0.858126499911711,0.858592434633102,0.856737346813079,0.85763207592002,0.85763207592002,0.85388008339118,0.855242672324385,0.83627445941182,0.836399629728025,0.808351265158724,0.732594982944171,0.733169739173628,0.65692967531902,0.704008237953269,0.703611388398434,0.748127082777875,0.816371319958382,0.874214627008445,0.87689396331541,0.900983677940192,0.933499923286725,0.934254982934247,0.983881600147279,1.00984865348846,1.01860465985782,1.0197052916741,1.02072110603205,0.998931888620152,0.998298439855289,0.990177330410961,0.979809275818792,0.978815019190208,0.977412428378177,0.985389104455195,0.990389764148578,0.989627776972479,0.992712722812468,0.991093427581337,0.988514996512233,0.985787246707808,0.969043173033719,0.967193611411243,0.96196281662247,0.881446387239617,0.810742919744318,0.744757642095551,0.676467037954262,0.677604500596101,0.67696066475734,0.731878946167002,0.773793682339161,0.807694089535668,0.807605191182472,0.828989435303565,0.823703423037458
5,94,NaN,NaN,NaN,NaN,NaN,NaN,NaN,NaN,NaN,NaN,NaN,NaN,NaN,NaN,NaN,NaN,NaN,NaN,NaN,NaN,NaN,NaN,NaN,NaN,NaN,NaN,NaN,NaN,NaN,NaN,NaN,NaN,NaN,NaN,NaN,NaN,NaN,NaN,NaN,NaN,NaN,NaN,NaN,NaN,NaN,NaN,NaN,NaN,NaN,NaN,NaN,NaN,NaN,NaN,NaN,NaN,NaN,NaN,NaN,NaN,NaN,NaN,NaN,NaN,NaN,NaN,NaN,NaN,NaN,NaN,NaN,NaN,NaN,NaN,NaN,NaN,NaN,NaN,NaN,NaN,NaN,NaN,NaN,NaN,NaN,NaN,NaN,NaN,NaN,NaN,NaN,NaN,NaN,NaN,NaN,NaN,NaN,NaN,NaN,NaN,NaN,NaN,NaN,NaN,NaN,NaN,NaN,NaN,NaN,NaN,NaN,NaN,NaN,NaN,NaN,NaN,NaN,NaN,NaN
5,95,0.981100427929271,0.997762090319919,1.01024893551522,1.00248441327066,1.00392832283057,1.00645364513784,1.00672477470649,1.00835393622352,1.00415868616821,0.995197194201879,0.99856107610028,0.996022575458474,0.998818002426989,0.994210611319465,0.993975122749657,0.999075025812744,1.00143566937958,1.00158322267054,0.99990626777869,1.00386818457843,1.00000220004486,0.99986914376971,0.993368425073161,0.983677567600439,0.984684200343908,1.01637522619077,1.04310193710815,1.04993726746628,1.06441100847697,1.06912876132937,1.06684113324678,1.06685886801045,1.05502979902896,1.04257130037912,1.04660608731124,1.03552925469772,1.03349173667784,1.04179697055596,1.04179697055596,1.04111292451009,1.02777167035652,1.02494169291705,1.01667700268563,1.01612181861793,1.016901539069,1.00431956064901,1.00064895186345,0.999236710112214,0.967955404060982,0.976932071482406,0.908902690545846,0.906719509895227,0.86100934885267,0.85384372589209,0.853997594463755,0.830494697359935,0.761572230823947,0.763929740241709,0.763631494837298,0.755478941028781,0.770875710465003,0.771737854283636,0.805163493281785,0.817413132797692,0.81510909926971,0.829609821188519,0.851289272514099,0.885363717385271,0.885298426263488,0.903992495654682,0.898865795795882,0.89940781613653,0.902120382111712,0.892678719266932,0.892582112977901,0.893456205051954,0.898773162784905,0.889838392053482,0.891981542437847,0.892838250639618,0.900413960649049,0.900413960649049,0.902325006527417,0.899089668790352,0.894063112349901,0.894011616790389,0.894881975467101,0.898424968438652,0.898424968438652,0.90616766988811,0.910474913660511,0.910474913660511,0.903657168838859,0.915829913504674,0.923395656004849,0.931183978752593,0.923493945235256,0.916603537594397,0.916603537594397,0.910461420630815,0.924886851692903,0.925337905991619,0.927651154227126,0.920955562432081,0.922080564441575,0.922080564441575,0.91459179266562,0.867543663866924,0.869885897860044,0.762677626952554,0.744249037280914,0.738458287899054,0.739455070065198,0.768300110657932,0.775856133026209,0.775633189858731,0.79378168597963,0.803745115087311,0.806681567992751
5,96,1.05965034327018,1.06182480904094,0.918119081241494,0.878792565067541,0.922479379925386,0.927137536427146,0.975427528695501,0.989170240136944,0.982738281971705,0.98406203726863,1.00000903869217,1.02690423880479,1.02668906773889,1.03559190934435,1.03417027707491,1.03371107320865,1.04802567348667,1.04783880578378,1.04765811282031,1.04560727611477,0.949610582468926,0.94002690721891,0.82801452525747,0.790488422527918,0.818125161809352,0.818821870248802,0.845484953589816,0.869458637192144,0.862250934732696,0.897467029183494,0.910602378773962,0.920060868809696,0.920060868809696,0.915944348501529,0.872229446287283,0.868259629816241,0.81950142457018,0.835084367704487,0.881959850956713,0.881959850956713,0.906151093202064,0.916842957273962,0.91630363322932,0.920141762046421,0.921975783199088,0.921818567209426,0.935952231391559,0.942013218298386,0.936354940352359,0.935455810895744,0.925632597204932,0.924412305866024,0.925057338927169,0.944131141643098,0.851896356678681,0.851144407993287,0.660154132031201,0.669239915090651,0.652987628248289,0.630013409113289,0.595537839926188,0.849477461962022,0.844052230493584,1.03780024181762,1.14956360854843,1.1510674424802,1.19389449140859,1.22822038196485,1.24158303405677,1.24277930071774,1.23829644690822,1.22639613588804,1.23321510203134,1.11627685442236,0.896878820912053,0.900549709608189,0.914228067174144,0.940363562821985,0.96706723508198,0.96743809550696,0.994229316639927,1.01300469330289,1.01160950803399,1.03078808864608,1.02980956837575,1.03380613496043,1.03111241944794,1.02656668504131,1.0297683154247,1.0297683154247,1.02515772562146,1.02150355315337,1.02498707114213,1.02583111667219,1.02668668985248,1.03339205832974,1.02839002673376,1.03058067149612,NaN,NaN,NaN,NaN,NaN,NaN,0.724351777824353,0.773361717061165,0.771839915579947,0.823139300402359,0.861985908828847,0.864379141250774,0.883559913443666,0.896005650601834,0.904820368673946,0.905872658687103,0.922985274994721,0.930706227892054,0.930556716447055,0.949790522551882,0.965961868011409
5,97,NaN,NaN,NaN,NaN,NaN,NaN,NaN,NaN,NaN,NaN,NaN,NaN,NaN,NaN,NaN,NaN,NaN,NaN,NaN,NaN,NaN,NaN,NaN,NaN,NaN,NaN,NaN,NaN,NaN,NaN,NaN,NaN,NaN,NaN,NaN,NaN,NaN,NaN,NaN,NaN,NaN,NaN,NaN,NaN,NaN,NaN,NaN,NaN,NaN,NaN,NaN,NaN,NaN,NaN,NaN,NaN,NaN,NaN,NaN,NaN,NaN,NaN,NaN,NaN,NaN,NaN,NaN,NaN,NaN,NaN,NaN,NaN,NaN,NaN,NaN,NaN,NaN,NaN,NaN,NaN,NaN,NaN,NaN,NaN,NaN,NaN,NaN,NaN,NaN,NaN,NaN,NaN,NaN,NaN,NaN,NaN,NaN,NaN,NaN,NaN,NaN,NaN,NaN,NaN,NaN,NaN,NaN,NaN,NaN,NaN,NaN,NaN,NaN,NaN,NaN,NaN,NaN,NaN,NaN
5,98,1.13653048979794,1.07040980406861,1.06724998155116,1.06738034788992,1.05123734470954,1.07635284188594,1.07831744735464,1.0917991164431,1.08294182829689,1.04402393972504,1.04402393972504,0.97153645508505,0.919866175955674,0.919429240122824,0.872984385211508,0.859864561544691,0.859864561544691,0.878671300020115,0.907516239067634,0.919259039265844,0.919319516638084,0.948248964516682,0.811846662434081,0.803560042975021,0.799432409711401,0.849904593729665,0.845285338517661,0.885447768573216,0.90384495564611,0.900336920696243,0.900336920696243,0.891950431042204,0.884572611329733,0.88512813769744,0.870842946936848,0.876202801614708,0.880573575312622,0.880533315048803,0.874740798330371,0.869797644241614,0.869797644241614,0.87511070973174,0.863371537902986,0.862846801923935,0.904714020151422,0.929705864235324,0.958525513080813,0.957747640007957,0.971390190449594,0.994819861170572,0.992191555684588,0.996293889337366,0.942684253021238,0.943066837909262,0.985566536058184,0.979652104516535,0.987105561310248,0.98752606847744,1.01777175416301,1.06757501536003,1.05803948147122,1.05587543387141,1.05632884035873,1.05495339400762,1.07249109136336,1.07415211886685,1.08267225952886,1.07671352615643,1.09329080285562,1.10112421906889,1.10169192868955,1.11030295449281,1.12438180342284,1.14499236178053,1.14499236178053,1.1542351315998,1.15500666697337,1.15555836296785,1.1494318236907,1.13552844115809,1.13993675364814,1.14275786361785,1.14545577849659,1.15726218885843,1.15800326468643,1.12903142016033,1.15632351228194,1.15793237036295,1.19701389985351,1.2063502222771,1.21059179191955,1.214147570354,1.21267528654234,1.21443406069161,1.2091209429405,1.21167402450879,1.2213365822737,1.22146057729862,1.22252691968924,1.21717030097312,1.22368035385822,1.22493005575672,1.23167854336368,1.22206760505882,1.21949351070242,1.21617411808654,1.1116673722563,1.1116673722563,1.17477538656749,1.22474978670253,1.25331296428789,1.25360204300695,1.24758937346236,1.23923223737317,1.23923223737317,1.22287074002036,1.20357265756057,1.19682481021096,1.19905911766071
5,99,1.10899425328887,1.10973380320949,0.92315071223837,0.835090125250571,0.86587566735051,0.865472161695454,0.833377411228045,0.888300349998947,0.894672957549409,0.980623384180777,1.02933483932002,1.02933483932002,1.08172147061807,1.09522287401394,1.09198105835456,1.09198105835456,1.09810759247201,1.08840741172482,1.08861802983157,1.08564724417913,1.08005545645322,1.08115898846084,1.0713779752233,0.97388555360154,1.03255726452543,1.03139405648798,1.06197536206788,1.08110505285107,1.08110505285107,1.0835734344121,1.07665376647613,1.07278835851598,1.06801089282492,1.06503527309503,1.00959633313166,0.969578990975149,0.919717978224774,0.86898273087168,0.842608792810943,0.832585840101493,0.914947015486509,0.981060432441078,0.981722146355615,1.03420520364995,1.06642201595331,1.06638787339805,1.0765663377136,1.03629483216723,1.01871392507244,1.01751059686295,1.0498893230353,1.06921196921203,1.06821225944822,1.09740303588084,1.11104279619733,1.11164906455881,1.11715326048907,1.11643146082567,1.11771226603713,1.11665799041526,1.09775797690475,1.09151889759334,1.08839553134837,1.08806139167386,1.08465692725901,1.08163913566635,1.08419534099484,1.0815669452181,1.08175464392821,1.08073763641414,1.08258080832389,1.09036103939678,1.09032578664261,1.08935953580637,1.08985341202095,1.08967404386036,1.09443042363759,1.09640008974286,1.0926896242162,1.09279027589501,1.09373485934917,1.09324585225306,1.09549874079373,1.06898100865855,1.00051654870092,1.0308726790197,1.03080123891698,1.03626153918288,1.04737853067082,1.04692593508019,1.07636661984782,1.07257156363031,1.07214740298374,1.08515296250662,1.08325621587878,1.08380366463343,1.08589033380995,1.08380399475076,1.08731072201104,1.08832369571708,1.08091216285843,1.0803161928429,1.07988413869387,1.08415196714557,1.07494951035099,1.0739437789124,1.07390639317707,1.0871405681171,1.0942870689975,1.09464266791261,1.09759659251014,1.1028902544599,1.10280513530185,1.10850962603662,1.10827423327958,1.10938350151586,1.10946219385661,1.11529607912092,1.11619468384853
5,100,0.998577156711794,0.989867351533668,0.989508451862564,0.987325556349787,0.963406357215455,0.964762450306258,0.872117607215431,0.924101386203551,0.959279677643377,0.958119743778344,0.967031953403315,0.972063732662229,0.971542120978192,1.0347974534738,1.05813337226856,1.08188903807547,1.0806883471273,1.10833970731022,1.11844853588069,1.11834004156451,1.11400514939479,1.10592444002744,0.980907180499867,0.978130659441826,1.00765515883184,1.02698317280811,1.02695858150246,1.03828666388115,1.02925018224087,1.02927785607576,1.02389533536312,1.02434506911175,1.02646949796178,1.01956125713644,1.01678289887921,1.01647357457905,1.01079956530063,1.00586743212537,0.999512481406445,0.999112024179986,0.999490513499468,0.993250767665748,0.992450160276224,0.992111130676266,0.96980909384808,0.94909940495363,0.948205642778878,0.905722195171411,0.951521560893349,0.95526891800039,0.941672767588076,0.910607857470697,0.938136047049342,0.939091935641588,0.959846639690646,0.968927319003153,0.976575561825163,0.969230348435459,0.965529210439752,0.970883600886303,0.967241732000445,0.967111910673489,0.962652843523565,0.962323970339902,0.960655766013523,0.961885637872332,0.96291878197063,0.956291390631541,0.955959149253835,0.955959149253835,0.966773007233417,0.973599650926341,0.978684593022884,0.978572902459641,0.976787360992999,0.968734057185153,0.969166274437301,0.893325142344482,0.695814511724532,0.734387496983218,0.733414288426671,0.733123875948647,0.787551730895358,0.785402468074824,0.836036632492423,0.87314190427157,0.873181066633696,0.871026917234944,0.865369857778169,0.878039742786482,0.873923491339556,0.875977553055277,0.88109020250564,0.88109020250564,0.874588436797018,0.87277962856823,0.877051402066704,0.878163067076267,0.874132904628916,0.880114599580733,0.879915182853329,0.86245815160112,0.931116221325578,0.931116221325578,0.903614487175301,0.912287466825572,0.956518538485752,0.956656871777492,0.99789279989232,1.02527480475093,1.03061668661658,1.04525472126181,1.06334106495174,1.06663315990435,1.05525163589118,1.08689136893557,1.10611649588035,1.10530850259035,1.10255382341906
5,101,1.04642108363687,1.04766964125086,1.04869945031246,1.05282869240684,1.00087198022203,0.98005372896396,0.973058532267024,0.962716536998318,0.940294094283775,0.95328822237381,0.975290970492541,0.983973710178411,0.983973710178411,0.99726796623825,1.00650562510438,1.00654605207094,1.00856389832333,1.01352985880863,1.01844624588918,1.01896224993462,1.02504060040251,1.01379178427167,1.01895986404501,0.874389538971982,0.913262394516178,0.96825017248817,0.973807663941118,0.978094506840986,0.988212416940129,0.989420013958502,0.988128667102713,0.979397307345187,0.976087727073065,0.967984370111346,0.966554142807872,0.966277954666798,0.967211565936627,0.957845795286158,0.949647494508574,0.949647494508574,0.960852143158404,0.971301493787393,0.965662178056126,0.914675479638886,0.897349512355052,0.958186273196341,0.959514336061039,0.979634943157778,0.990706793640401,0.991042423172846,1.02001118269635,1.024896645613,1.02530045285693,1.02517276981083,1.02802195488957,1.02688681491417,1.02688681491417,1.02999394860989,1.03292054943227,1.03161177207255,1.01842874600516,1.01193806509239,1.00818392199161,1.00747684064701,1.00423925662164,0.987892173853733,0.98922220949074,0.890542150790838,0.931984928000898,0.931501893917094,0.972758545953562,0.997602797000161,0.997461257223995,1.02279683031163,1.03862237915264,1.04007516689546,1.04334262300731,1.03814931425637,1.02134062819446,1.0207424562118,1.01147549828585,1.00700997763165,1.00480051065474,1.00479267159634,1.00459559515974,1.00299073766645,1.00185058033581,0.998579170848664,0.995500080400262,0.988718016652686,0.992596220669081,0.994852701424799,0.997175927863672,0.997175927863672,0.995394234064739,0.987152549807718,0.995258588730661,0.982484036554289,0.980308598669746,0.982214478898855,0.981320195567245,0.983778076362722,0.990595094455665,0.991857639787222,0.984498828722738,0.980683939736771,0.980683939736771,0.983669741963888,1.00397350569602,1.00446135525319,1.00466535841563,1.01465129140772,1.01480587022008,1.01547549068105,1.01102484387721,1.0035900985947,1.0051406441018,1.00546135109913,0.997759463950179
5,102,0.892127990741496,0.895931461861689,0.894939584870388,0.92385268653657,0.966793656085076,0.971152821781083,0.993499684287663,1.02232604896948,1.02330049456051,1.04859722700683,1.07175599446441,1.07913495537826,1.07995000924336,1.07451951872587,1.05006187414744,1.05006187414744,1.03409361340219,0.966366536559587,0.96153396723067,0.961225395937387,0.965633158281982,0.973531097691392,0.973859183906199,0.983178303819629,0.97782306704623,0.972566253773471,0.973028172581526,0.960639569417824,0.942615093132519,0.942880291375946,0.951380699412007,0.979681538769068,0.979194018331207,0.972602986573279,0.978297861848431,0.989518277705841,0.989889862831908,0.992149900257868,0.993334686333035,0.993334686333035,0.985344224840676,0.974279211379726,0.973942852421315,0.937065204981269,0.904105051560799,0.904645743461892,0.922773231376585,0.936992971569075,0.954377041490983,0.955538116552278,0.954565390878109,0.964696340865206,0.966408699827494,0.98828295265704,0.995117714764905,1.00005436626435,0.999826583973245,0.988434427578737,0.945132203273913,0.945132203273913,0.931869173666997,0.953952888384676,0.96637407463194,0.966797180625391,0.984348549006252,1.02281302180779,1.02269680592995,1.04825376695678,1.06765164224203,1.06874879725765,1.08424656943391,1.09021398489677,1.0903215663493,1.09109475999012,1.08279016986859,1.07474144130675,1.0754167950514,1.06184765877255,1.06165918326093,1.05496895095136,1.03642402878062,1.04606109884467,1.03830012187422,1.04047357965523,1.0300525081694,1.03502251390781,1.03588355638961,1.06463354157197,1.05474515544687,1.05534174230362,1.10056683188264,1.10814610817733,1.11196125824754,1.11297133418015,1.10935687807436,1.10604186300477,1.10333151878436,1.09769244063358,1.09616877660762,1.08625797068502,1.09146446707448,1.08483149152118,1.07414225707703,1.07414225707703,1.06854671574459,1.06720341566037,1.06773642121056,1.05672130037503,1.04556570299224,1.04114453434803,1.04122734547479,1.034904619218,1.03353966863936,1.03874390450807,1.03516618034544,1.02907401829629,1.02693766674006,1.03192003931783,1.02558365757725
5,103,1.03150147639767,1.03213631918135,1.02755136534835,1.02995198912325,1.02974032670428,1.0261083638149,1.01554249804271,1.01802016232581,1.0176073456386,1.01949527860556,1.02182382088418,1.01894303126162,1.01907544037463,1.02178149523134,1.0216512691644,0.986884399774295,0.873944802414039,0.868453896239566,0.919786719473434,0.954729362997017,0.990204248551455,0.991773955018859,1.01085266375348,1.02559508825688,1.02584163798978,1.03009716378637,1.03711267171288,1.03391506487957,1.03437785424428,1.03444123340358,1.02958190325228,1.02960282145953,1.02274485495004,1.02174270495988,1.02162322782453,1.02954840676911,1.02389004801965,1.02489390041345,1.0292362465765,1.01690872871834,1.01771379051374,1.01786774933213,1.01566524054988,1.01625516260627,1.01730809010622,1.01538234714743,1.01307944935096,0.967417780099236,0.965623958119237,0.987581372992481,1.00617637215217,1.00512359657045,1.01549474103356,1.04318959973158,1.06449060299053,1.06169268588917,1.08440498851848,1.10177519803919,1.10311317812244,1.11695532874671,1.11758171265446,1.11325995039383,1.10852972478689,1.08534218953922,1.05810241189081,1.05674833413728,1.0604222047051,1.06467230784031,1.06624240985423,1.08379281470969,1.08323517262964,1.08226509539236,1.09167833221687,1.11400773928336,1.1101199042457,1.10906070645806,1.11146155735953,1.11072077059552,1.11209496407256,1.11730451210264,1.11710696046728,1.11743147989215,1.10883274450369,1.10374946756359,1.09324270292488,1.09461439653602,1.08507377638189,1.07816950061958,1.0779268802089,1.08022824705846,1.07394123371112,1.06802848387898,1.07423134133531,1.07620445668231,1.07193525335784,1.07235356604039,1.0753098784215,1.07331718011669,1.07372050016292,1.07454500118491,1.05627318098277,1.04516959098469,1.04583931292863,1.06512174886126,1.07664147529984,1.07707953633147,1.09061115109679,1.10675742081531,1.10669100847187,1.11843406171838,1.12324403899413,1.11874441511451,1.11669040817164,1.11514002888121,1.0992360466931,1.09571389640539,1.08856747449752,1.09813067898244,1.10603851932022
5,104,1.00137224715388,1.00494124809136,1.00229397644018,0.991520858251161,0.98034290267476,0.978500713475442,0.94595610500284,0.954542620308033,0.955471902916284,0.983200985374996,0.996332465519446,1.00551232336363,1.00535601512327,1.0248600089837,1.02543182738227,1.02472722255085,1.0278889480943,1.04570626055492,1.04604136873869,1.06223591845415,1.06211540511699,1.06268248155177,1.06309440434391,1.06840917581457,1.06525445698738,1.06365364094064,1.03962529312669,1.04562233606523,1.03508216675274,1.03480587953889,1.02240225286062,1.01037684552783,1.01935755814442,1.01125995296846,1.01031621805348,1.01081871109285,0.995812491703867,0.997587351959345,1.00177239963257,1.00327705783601,1.00926639977954,1.00589117445476,1.00611242218404,0.989450919535671,0.937921293895743,0.937921293895743,0.954969426251064,0.962720638281419,0.960543830799675,0.95979652013326,0.948844225162454,0.978331600868751,0.976604292357544,0.996560619512428,1.01607647978688,1.02021992063073,1.02065414012117,1.02681871197507,1.02987613440329,1.02899356133715,1.0054646430566,1.01961359235014,1.05048522853799,1.04956331447433,1.02739071519016,1.02735691925099,1.02998522719938,1.01938146889756,1.00546589770587,1.00555818618682,1.01611629820025,0.997850154086705,0.997166778470978,0.996097290387662,0.991197120080803,0.978393853384565,0.978757463284676,0.969108343147445,0.972350226607202,0.984459151334387,0.98648088447723,1.0052267371291,1.0039896494476,1.04414723341592,1.04135560033649,1.03549230693335,1.03852891871557,0.993276675282182,0.940006108433484,0.928506393529708,0.947743989908682,0.967731674485944,0.970859315730211,0.970824168840345,0.979222170666515,0.981489349597525,0.973176236255689,0.980745108432318,0.973296764827553,0.974331859873605,0.974502036953556,0.974192190904999,0.97876088556094,0.978899995668819,0.973300397944732,0.971834797699485,0.970933216502485,0.978575922759578,0.969197860975005,0.969900359293345,0.963985310596217,0.963932883472141,0.95315931921151,0.951298804765546,0.871459334539966,0.838294346064956,0.821350791040696,0.821883227100449,0.768997079783522
5,105,NaN,NaN,NaN,NaN,NaN,NaN,NaN,NaN,NaN,NaN,NaN,NaN,NaN,NaN,NaN,NaN,NaN,NaN,NaN,NaN,NaN,NaN,NaN,NaN,NaN,NaN,NaN,NaN,NaN,NaN,NaN,NaN,NaN,NaN,NaN,NaN,NaN,NaN,NaN,NaN,NaN,NaN,NaN,NaN,NaN,NaN,NaN,NaN,NaN,NaN,NaN,NaN,NaN,NaN,NaN,NaN,NaN,NaN,NaN,NaN,NaN,NaN,NaN,NaN,NaN,NaN,NaN,NaN,NaN,NaN,NaN,NaN,NaN,NaN,NaN,NaN,NaN,NaN,NaN,NaN,NaN,NaN,NaN,NaN,NaN,NaN,NaN,NaN,NaN,NaN,NaN,NaN,NaN,NaN,NaN,NaN,NaN,NaN,NaN,NaN,NaN,NaN,NaN,NaN,NaN,NaN,NaN,NaN,NaN,NaN,NaN,NaN,NaN,NaN,NaN,NaN,NaN,NaN,NaN
5,106,0.948815255348533,0.950253215832955,0.944689631119371,0.909476871451558,0.908842888862637,0.918051085880389,0.886537248725214,0.918440683430697,0.920110343096428,1.00145916450626,1.03370416745742,1.03391050626743,1.05286980859704,1.0640159076013,1.0901949414549,1.09234081311589,1.10821711908286,1.10754744011619,1.11052290805292,1.10959697737528,1.09459659838642,1.09165179512569,1.06804730182714,0.944577138352314,0.980764034895832,0.97677170781051,0.975645950434017,0.962553529409942,0.962774905434287,0.951382154912949,0.941603423783422,0.937089700753765,0.93714353529525,0.932648230487319,0.928946336400586,0.92477761143422,0.913631944389355,0.909764448071895,0.909764448071895,0.904285826494027,0.892582563665856,0.894881725609577,0.896790349622053,0.916601633788203,0.924834355880879,0.926018756722403,0.927774222079195,0.953134387618663,0.953134387618663,0.986251526527987,0.985935444609495,0.975123805713987,0.965974471275285,0.954510752331364,0.953475926727033,0.952814601511214,0.954402940541512,0.955575888851831,0.955509324936969,0.954459367027729,0.956845348644231,0.958877615370069,0.958468755098984,0.889229309109677,0.855651694457562,0.850606294047602,0.828046647269618,0.805806353624016,0.80916465159791,0.809488438589027,0.827009544230257,0.823142058775496,0.827139173209568,0.819455239429902,0.812978178058413,0.812745944783333,0.807715691304394,0.803299407860248,0.790850331317284,0.790989730823646,0.790083167257145,0.7866506396741,0.787268123855557,0.785186950897598,0.791868809219974,0.789258567314101,0.783527624355325,0.78028568048832,0.772227527306742,0.776524180388249,0.771540136670359,0.779516661222837,0.779827233544793,0.780957326394906,0.787453081037402,0.793739313451773,0.798656494457715,0.798525848560561,0.796098982446395,0.788990091985757,0.782448690963862,0.777643312637898,0.77720550620305,0.778730305530449,0.774938118895589,0.777575309434461,0.776770787285628,0.82543423746445,0.871015592174962,0.873707750324884,0.95353862745265,0.976072901729613,0.983761649317861,1.02669641072706,1.05188466325118,1.06849691071686,1.06762977155066,1.0829935781241,1.09058462767714
5,107,0.97746345238856,0.979991968021983,1.02200794379702,1.00710644477852,1.00693805815245,1.01203051144973,1.01316886454784,1.01316886454784,1.00293845590395,1.00457362622196,0.991818652817801,0.991818652817801,0.991963498445721,0.998029749412655,0.996044440400378,1.00420416368702,0.995288574483871,0.994578516721245,0.996865561403643,0.983632742762978,0.976107259712289,0.97784512697416,0.945952113793915,0.934957785184504,0.935421879795368,0.942537457397703,0.94189851079633,0.934023249211217,0.934023249211217,0.921382332583913,0.961511473070685,0.961215147447997,0.992843358761765,1.00342969416474,1.00294492093571,1.01960000388222,1.04730915816489,1.0928163227453,1.09305007139866,1.12410865982496,1.14872550554589,1.1479984488628,1.16221825378203,1.15741114723682,1.14212383873216,1.14667891255024,1.1443542488866,1.1429832448748,1.14368011783263,1.11977933755429,1.10133338942589,1.09713065174698,1.09592164064982,1.11115781188754,1.111020052967,1.12486164152789,1.12733299972598,1.09223771656024,1.09223771656024,1.09460619336099,1.08190828814135,1.08070348399632,1.08326863918613,1.08858220554857,1.09732095290522,1.09816014178908,1.09382051543408,1.08694057483904,1.09003543390237,1.08344676483382,1.07203806338901,1.0669739550103,1.06670858142153,1.06275164211723,1.06315578696565,1.06423117337998,1.06041830177707,1.05275072150412,1.05162668876011,1.06361326453489,1.06527775219251,1.07223712996671,1.07119455016367,1.06648264994837,1.06628035484827,1.06516566778521,1.06256864652433,1.06000511137126,1.05961483693135,1.04256895176646,1.0510297148796,1.04194637766604,1.03920197686201,0.977589280846375,0.934094417824088,0.908246029707102,0.930894954120199,0.951288903819992,0.971682853519785,0.992076803219579,1.01247075291937,1.019259301777,1.02165930977014,1.02390532721221,1.0012305584713,1.00200646793111,1.01516108221193,1.03118291223105,1.03018178000745,1.03241474010223,1.03327605109198,1.02590700151616,1.02579679827086,1.02640734239221,1.01593086894024,1.01525357293442,1.00446117001937,1.01531267066426,1.00442466580919
5,108,1.12496571416681,1.12474881727268,1.04753877466653,0.972396122540312,0.972302187822369,0.977456764971144,0.959405405360587,0.959533818368018,0.963987731949397,0.959204298641007,0.951404266421938,0.95049442453948,0.948692930738607,0.955118406391107,0.94874615980785,1.00364680519708,1.05249078990266,1.06393329062121,1.06393329062121,1.09589230196691,1.10050726476957,1.10208283626605,1.12643308018242,1.13052865714788,1.13056073623413,1.15589836764796,1.15548448280254,1.15512078653513,1.13847034244526,1.15758746255899,1.16075682687903,1.16044397549729,1.15277524787814,1.15245174694064,1.15338902182279,1.14333860497922,1.13373111278925,0.987239755608577,0.987239755608577,0.890782863242815,0.931381147770952,0.934511498807354,0.981466132277627,0.981071940536131,0.987832807334228,0.985729267164242,0.980932966905892,0.974447999487593,0.974447846680694,0.972423508076644,0.973472754655729,0.973232967927691,0.999360860148044,1.00213466966847,1.01356345417482,1.00740502630933,1.02188123162041,1.03160700588198,1.02854658872355,1.01822109820755,1.03007369798695,1.0296082115508,1.06184701388047,1.09728659494202,1.15579867478252,1.16123543950688,1.23196119887889,1.27797666550966,1.27822159400254,1.2970139931747,1.31552084279723,1.31626793058303,1.32835756062989,1.35026303158231,1.359621305806,1.35925017589377,1.36863523982381,1.34132369051507,1.34006174846423,1.33009129460031,1.33727100258502,1.3859355921165,1.38963448048563,1.40913923873122,1.43753503013793,1.43855461241823,1.44358953911051,1.45602460551704,1.45694640303271,1.45419868078586,1.44910410619812,1.42530408060317,1.42530408060317,1.41196628965443,1.40315880781528,1.40769945708721,1.3919565888879,1.3832078975854,1.38401306851525,1.39032638042078,1.3939944597487,1.38311743764182,1.38480471968181,1.37499203095444,1.37678304771699,1.37744491428694,1.38132603917146,1.40571132574941,1.43452491659523,1.43452491659523,1.43172031046334,1.42068741356799,1.42584421718562,1.41406130758936,1.4061641782613,1.38116708914828,1.38663483747792,1.37195720074328,1.37966521938151
5,109,NaN,NaN,NaN,NaN,NaN,NaN,NaN,NaN,NaN,NaN,NaN,NaN,NaN,NaN,NaN,NaN,NaN,NaN,NaN,NaN,NaN,NaN,NaN,NaN,NaN,NaN,NaN,NaN,NaN,NaN,NaN,NaN,NaN,NaN,NaN,NaN,NaN,NaN,NaN,NaN,NaN,NaN,NaN,NaN,NaN,NaN,NaN,NaN,NaN,NaN,NaN,NaN,NaN,NaN,NaN,NaN,NaN,NaN,NaN,NaN,NaN,NaN,NaN,NaN,NaN,NaN,NaN,NaN,NaN,NaN,NaN,NaN,NaN,NaN,NaN,NaN,NaN,NaN,NaN,NaN,NaN,NaN,NaN,NaN,NaN,NaN,NaN,NaN,NaN,NaN,NaN,NaN,NaN,NaN,NaN,NaN,NaN,NaN,NaN,NaN,NaN,NaN,NaN,NaN,NaN,NaN,NaN,NaN,NaN,NaN,NaN,NaN,NaN,NaN,NaN,NaN,NaN,NaN,NaN
5,110,0.963879297383103,0.964082917071582,0.959403633633994,0.959632452736671,0.967385864922532,0.991686816623848,0.991498487047933,1.0160149092191,1.02154835824764,1.02133313357791,1.02016638260745,1.02451266945377,1.0283742777861,1.02530724869605,1.01405402941022,1.01297348271448,1.00840528444265,1.00840528444265,1.00133546998231,0.956647371982206,0.955702485505782,0.849508652493021,0.810206105997821,0.807851411677053,0.779302436169721,0.834498824475897,0.880421331843182,0.880565783591931,0.956367965155926,0.959257352267039,0.95203339426431,0.961566156344851,0.958566261729085,0.958444252041136,0.953663570143277,0.954624073497879,0.95429087147582,0.952079910141159,0.958672180137771,0.961011902502977,0.961011902502977,0.960581790709394,0.961769246264091,0.955516568306868,0.961772801346048,0.962505804622055,0.948429401488229,0.948208502037998,0.778419183993555,0.721164963457896,0.632864816597972,0.632163760573793,0.601367519524454,0.555508493527018,0.555508493527018,0.636070248277188,0.643598593802634,0.642841967372167,0.662170957373719,0.742723315388348,0.742723315388348,0.755541486526158,0.755504466977062,0.769810228194356,0.770470255776448,0.772649590132833,0.781779831255408,0.781779831255408,0.778140977008534,0.779716718059143,0.77900860760604,0.7798612679001,0.779020056677735,0.779820682133282,0.794523020864315,0.881163268830833,0.862809963943311,0.862809963943311,0.803367230898592,0.781938048638369,0.762106396777987,0.761861875369217,0.775588658145126,0.7777223899194,0.778137121062509,0.777560786862885,0.776466893384486,0.772807887918513,0.773474124561881,0.778676073862035,0.779325850261336,0.769501154021904,0.759501170170504,0.787465409391105,0.787465409391105,0.758276823786205,0.707231700588686,0.694605651320966,0.636990329235052,0.631737651536316,0.641756282023013,0.641756282023013,0.654161337396108,0.663388518489792,0.660946354285555,0.662021822390226,0.646765954618022,0.639887049168351,0.639582202380857,0.671821479438786,0.674981826841317,0.673687364337781,0.661989423892973,0.661308282595575,0.663135090027441,0.665129741487834,0.670800517826204,0.670019983434483,0.670019983434483
5,111,NaN,NaN,NaN,NaN,NaN,NaN,NaN,NaN,NaN,NaN,NaN,NaN,NaN,NaN,NaN,NaN,NaN,NaN,NaN,NaN,NaN,NaN,NaN,NaN,NaN,NaN,NaN,NaN,NaN,NaN,NaN,NaN,NaN,NaN,NaN,NaN,NaN,NaN,NaN,NaN,NaN,NaN,NaN,NaN,NaN,NaN,NaN,NaN,NaN,NaN,NaN,NaN,NaN,NaN,NaN,NaN,NaN,NaN,NaN,NaN,NaN,NaN,NaN,NaN,NaN,NaN,NaN,NaN,NaN,NaN,NaN,NaN,NaN,NaN,NaN,NaN,NaN,NaN,NaN,NaN,NaN,NaN,NaN,NaN,NaN,NaN,NaN,NaN,NaN,NaN,NaN,NaN,NaN,NaN,NaN,NaN,NaN,NaN,NaN,NaN,NaN,NaN,NaN,NaN,NaN,NaN,NaN,NaN,NaN,NaN,NaN,NaN,NaN,NaN,NaN,NaN,NaN,NaN,NaN
5,112,0.77812872133556,0.776275016247474,0.776062566372895,0.799521123888549,0.889828714255999,0.889780019929534,0.959424128348555,0.994937845402286,1.02529328686638,1.02350613649729,1.0570641601599,1.09359855961488,1.09351964992418,1.12512559352852,1.14143104728997,1.14143104728997,1.14858308916525,1.18742994283001,1.17050413027105,1.1535783177121,1.13665250515314,1.11972669259418,1.12086790329632,1.17475256572264,1.17933185094252,1.17933185094252,1.19536609109813,1.21183057068577,1.19858093245244,1.19830407291468,1.18314659321619,1.1756802960418,1.16973496569955,1.15789121963172,1.12757638310521,1.11837645377539,1.1197885806187,1.11577832263449,1.10068720928152,1.0998664204196,1.10292529982214,1.09408873227306,1.08229508817057,1.08223392260737,1.08201529268679,1.14418680986878,1.13876162459551,1.24500204428829,1.25684383986463,1.25684383986463,1.28232347379349,1.28096641547037,1.27320159017518,1.25975818874873,1.26393566357284,1.2548677141703,1.25793249430078,1.25754993299228,1.2592633686191,1.26234241470048,1.2852104595108,1.27634857724146,1.27444211312519,1.20813782678505,1.25263333069873,1.28521042190287,1.28507889932316,1.31473851746881,1.32956355314983,1.32956355314983,1.32623334698574,1.32273977559549,1.29900658266414,1.29771806018469,1.28180113709031,1.28092370759988,1.28122342000366,1.28838406486779,1.29872239904906,1.29121372876308,1.29070360422341,1.29098958042509,1.30505776010225,1.31059200302815,1.32986009478053,1.32767961464498,1.33303348802156,1.32979991761862,1.24823364597446,1.19118396101296,1.19279622862665,1.17866027074892,1.22129742883629,1.21874767739444,1.2741594253592,1.30096353029895,1.32776763523871,1.35457174017846,1.38137584511822,1.40817995005797,1.39922344736811,1.43105860986557,1.37376685099893,1.37468904359084,1.37660724144667,1.38287194822905,1.3943602106972,1.39391273276856,1.39595477536572,1.37347204917762,1.37616366581656,1.35507566818363,1.37055540196656,1.36971763333863,1.34783992701193,1.33690162918111,1.33972272931274,1.3397226246736,1.31936074108784
5,113,0.870553658580712,0.858149531125612,0.854757308933333,0.852417891285697,0.852018329885347,0.825275422166026,0.817557346389124,0.825918193260295,0.813283789470787,0.941764862987627,1.04207605147548,1.04265442461996,1.11468334980845,1.15867171942542,1.15796790218486,1.20856702428416,1.25477215544177,1.25512033699635,1.25379070167899,1.15356201033369,1.15232831944576,1.1521583431154,1.16540209412818,1.1439887205252,1.14417419858868,1.14725912698552,1.1501478266624,1.15012109256911,1.1386441873458,1.13112367616416,1.11463393559827,1.11856003018272,1.10987620788267,1.10465832839872,1.10489647074319,1.10129250594205,1.09216131740034,1.09135215922778,1.08797309074465,1.05612100936626,0.996974588222952,0.997401472555987,0.988371659680481,0.985752561286978,0.986616145093665,1.00737863618447,0.998357794903005,0.993148008221476,0.997797839039339,0.991846704395937,0.980154746548588,0.982947086392243,0.981861390589405,0.985152093008744,0.984756509489139,0.981220923476806,0.985219301143266,0.986985479724897,0.98826861483277,1.00305154675462,1.01281098701882,1.01137772332474,1.01912355177775,1.02259881552127,1.0347294697814,1.03499677100821,1.03366927805061,1.04269128026141,1.04350181517496,1.04325688384587,1.02792537011704,1.02654836768689,1.0197587977338,1.00827079976266,1.00598025125203,1.00621019986213,1.02904235045313,1.02575781493703,1.02307237014762,1.04043436926231,1.05454662872371,1.05323097929495,1.05004818207208,1.03350550064933,1.03428558005494,1.0352311038208,1.02414672837972,1.01981591084902,1.02010588818353,1.02554826981657,1.02319671663137,1.02259422194949,1.0257705268986,1.01815840625461,1.01285991510056,1.0229385793959,1.0161015553509,1.01608590263128,1.02138507593408,1.01136766034757,1.01601050371226,1.01407322250574,1.01362287534372,1.01163839192835,1.01249449279312,1.01218696614591,1.00659983014237,0.977553437652745,0.978113248395407,0.903082236620668,0.910211723995329,0.943842254410838,0.943563973939221,0.994087812686509,1.0177970014618,1.01308240955101,1.02602869924414,1.03057601654193,1.03134314841748
5,114,1.01892464992796,1.0228793492876,1.02185069128714,1.02296472035509,1.00320646728823,1.00606526125529,1.00102210595814,1.00112082348216,1.00706573364154,0.994440416941906,0.994998358332387,0.956309851158519,0.921683457111562,0.921402709975402,0.982952536902534,1.01590245489226,1.01200093540899,1.01361389586679,1.0815955809265,1.11168516307543,1.11160232677894,1.10690700385711,1.10597848511935,1.12230301681181,1.12243083877352,1.12391646348957,1.12820306711789,1.13290726601422,1.12342432185077,1.11309674459403,1.11309674459403,1.09892171343825,1.08339570358727,1.04795954594087,1.04813938951191,1.01248417167218,0.994781228279204,1.00146064105294,1.01009558401442,1.02687218892628,1.0261061290039,1.03252658545349,1.03298668995447,1.02484712408546,1.03437753802725,1.01748512523993,1.02158032997398,1.02222647627366,1.03077308159873,1.02545299045022,1.02438830162078,1.02480425566575,1.0380682066815,1.0410873145004,1.04682717112563,1.04039897212181,1.04043697168349,1.04043697168349,1.05768182065663,1.08022972730111,1.09060051246296,1.08883996346838,1.09224774570363,1.0930906357898,1.09061860808453,1.08305840110854,1.08604871463076,1.08604871463076,1.0876875293131,1.08350984406645,1.07691413684152,1.07751199253589,1.07468192095998,1.07291998176371,1.07109921647736,1.06759887454502,1.05624217881321,1.04584928205994,1.04525756708774,1.04580609339234,1.05096276615059,1.05018722559006,1.05259698082217,1.05378380466996,1.05519207883945,1.05487087439718,1.06259586768089,1.05107784392693,1.05172236455796,1.05328935554776,1.03626685099286,1.02502430494204,0.970648864366247,0.927292598976843,0.925362888326897,1.00655280918749,1.03578025998132,1.08427301485109,1.08009991968456,1.12177130549052,1.1455835348595,1.14558737398185,1.15888440857618,1.15113187994689,1.14952324570298,1.13202922681449,1.12149314979303,1.11578116028095,1.11286570051828,1.11032772422777,1.10403470815406,1.10246614665623,1.10404359902869,1.11394117032073,1.11155348951061,1.11141561083171,1.10109674612516,1.10010286932523,1.10171259624279
5,115,NaN,NaN,NaN,NaN,NaN,NaN,NaN,NaN,NaN,NaN,NaN,NaN,NaN,NaN,NaN,NaN,NaN,NaN,NaN,NaN,NaN,NaN,NaN,NaN,NaN,NaN,NaN,NaN,NaN,NaN,NaN,NaN,NaN,NaN,NaN,NaN,NaN,NaN,NaN,NaN,NaN,NaN,NaN,NaN,NaN,NaN,NaN,NaN,NaN,NaN,NaN,NaN,NaN,NaN,NaN,NaN,NaN,NaN,NaN,NaN,NaN,NaN,NaN,NaN,NaN,NaN,NaN,NaN,NaN,NaN,NaN,NaN,NaN,NaN,NaN,NaN,NaN,NaN,NaN,NaN,NaN,NaN,NaN,NaN,NaN,NaN,NaN,NaN,NaN,NaN,NaN,NaN,NaN,NaN,NaN,NaN,NaN,NaN,NaN,NaN,NaN,NaN,NaN,NaN,NaN,NaN,NaN,NaN,NaN,NaN,NaN,NaN,NaN,NaN,NaN,NaN,NaN,NaN,NaN
5,116,1.05374308390835,1.04957979139597,1.04916517260176,1.04885020428305,1.04044606232432,1.03615618401911,1.03171049790586,1.02769684441766,1.02746786999907,1.02730848912339,0.973960597518798,0.924290445728872,0.924776218270552,0.905418749404234,0.933189284384804,0.967366323117154,0.967366323117154,0.998328061845083,1.01317979663483,1.01379999943828,1.01734468872334,1.00939529704639,0.916139615572729,0.916817893951659,0.930475767085666,0.931357473780417,0.931589701638446,0.928663050238832,0.932640648950116,0.930979507787362,0.935177003689459,0.935782722175755,0.941873884164436,0.942170483204326,0.938254185215166,0.933993918641325,0.932210574545502,0.926684111994571,0.920741179662939,0.920747832127075,0.921783647429171,0.91715867931998,0.913990121720926,0.9118174827187,0.911422078756626,0.919990219735292,0.919286080716204,0.913805195485842,0.912859270244046,0.914663535321747,0.913225549252752,0.907175650670597,0.907732432002059,0.903886177605102,0.90349904639969,0.881481225328904,0.881481225328904,0.837237110449866,0.837205401371625,0.878968084590937,0.879412484840024,0.900600098183653,0.902501068037663,0.902501068037663,0.909932629585504,0.913586995741044,0.902989291770714,0.901927761956748,0.90074677859646,0.896486185689234,0.895620310107601,0.894843157697633,0.899043565759689,0.898486826843689,0.893360277010129,0.892210659008417,0.888814739588204,0.889933648742279,0.887707439508569,0.888550207357503,0.889292489480105,0.893927980049721,0.889407237997385,0.889407237997385,0.746287611242077,0.636878243721514,0.594403050834106,0.593568414361479,0.584712483079927,0.604317323076993,0.603789246922885,0.63686914356477,0.687874795345273,0.687868818587432,0.712346222097492,0.71295189638907,0.713319313687531,0.713319313687531,0.71424607319323,0.712413417068984,0.71624071640431,0.781939539633906,0.865662604124346,0.876443771666938,0.878838638188694,0.894285333904992,0.945838403089472,0.948795878267183,0.983969498098114,0.991813383198197,0.995215526228734,1.01574324982766,1.03607953498526,1.04037551769867,1.06110217658005,1.06979057987138,1.06359278178777,1.06369767277577,1.04743376554686
5,117,0.998984688209054,0.995664564245612,0.993326791535597,0.990809225752713,0.987270382361772,0.988614218940669,0.983010744244779,0.987418758040586,0.988807317952783,1.00320749447182,1.01340204258515,1.02388827383769,1.02155070398519,1.01585142039556,1.00004476146952,0.999669338224914,0.998194617253412,1.00086544485181,1.00941921164137,1.00764276262243,1.00297245009554,0.995787182264556,0.995357437738112,0.851541819307203,0.834935952191457,0.834994149723222,0.870624160056889,0.925961027297434,0.930936848832296,0.928273527707353,0.926829934459869,0.918944089460933,0.917546542598271,0.91644307926537,0.906326938958065,0.904021556816339,0.899291406144877,0.900945756948678,0.896201534670473,0.895668177509263,0.897508847773434,0.890154724941555,0.890100967126075,0.884753225769611,0.804923834841182,0.798434582815971,0.797488507067072,0.776353741333898,0.791667917284169,0.789924748166614,0.808896502356279,0.812158052548102,0.815520517717906,0.815387716724223,0.828281343958861,0.830153209051067,0.830181651156385,0.827451049016116,0.828317083454692,0.827190575874801,0.827751600786863,0.832318732208075,0.851321374979435,0.850702148934225,0.853280199296098,0.879238867769599,0.879690276214961,0.905235252000018,0.923054482859257,0.922669451912537,0.945138847282889,0.959567293459407,0.969314677061989,0.97025839659834,0.978022382950355,0.977441506926838,0.975825838009353,0.977220433318519,0.970794081343014,0.969205054324096,0.93776662362116,0.964490524519189,0.949965161532009,0.94907900940191,0.969434216004855,0.9833074212769,0.983857398127249,0.99053473919767,0.993522892094042,0.988355788048612,0.988301474701503,0.982474759614118,0.97350717621124,0.973566409164506,0.974408930348736,0.963556185318558,0.963510431778657,0.9669954765645,0.967960928856289,0.96169575394473,0.962329642082784,0.97242281106981,0.977264289833589,0.977219109194434,1.01915731437598,1.07195415286943,1.07291269094483,1.15784122012063,1.19592076681397,1.24140399384203,1.2339757086787,1.24148014573236,1.25764849977824,1.26056108459778,1.20813894870948,1.2166031721506,1.21664456579231,1.20726301568736,1.19314755710692
5,118,NaN,NaN,NaN,NaN,NaN,NaN,NaN,NaN,NaN,NaN,NaN,NaN,NaN,NaN,NaN,NaN,NaN,NaN,NaN,NaN,NaN,NaN,NaN,NaN,NaN,NaN,NaN,NaN,NaN,NaN,NaN,NaN,NaN,NaN,NaN,NaN,NaN,NaN,NaN,NaN,NaN,NaN,NaN,NaN,NaN,NaN,NaN,NaN,NaN,NaN,NaN,NaN,NaN,NaN,NaN,NaN,NaN,NaN,NaN,NaN,NaN,NaN,NaN,NaN,NaN,NaN,NaN,NaN,NaN,NaN,NaN,NaN,NaN,NaN,NaN,NaN,NaN,NaN,NaN,NaN,NaN,NaN,NaN,NaN,NaN,NaN,NaN,NaN,NaN,NaN,NaN,NaN,NaN,NaN,NaN,NaN,NaN,NaN,NaN,NaN,NaN,NaN,NaN,NaN,NaN,NaN,NaN,NaN,NaN,NaN,NaN,NaN,NaN,NaN,NaN,NaN,NaN,NaN,NaN
5,119,0.885699833952304,0.886407920118638,0.887456634851741,0.889590370000763,0.900079678499083,0.913956131471055,0.913956131471055,0.95608687079121,1.02504967558938,1.02504967558938,1.02948965405598,1.07083967325113,1.0708461676393,1.09874311841132,1.10063527214321,1.09713828872302,1.0987837575095,1.08709658442556,1.06309456150636,1.06340230017479,1.0611904351134,1.05204385984534,0.97191090712482,0.970161617943445,0.911057741383854,0.925575179789264,0.929321928048682,0.901576876502285,0.910897148190043,1.00159734816178,1.00527783418984,1.0377300337983,1.06850756448174,1.06884967732383,1.10363957740091,1.15183919886609,1.15186638728691,1.15327375605396,1.13439707146324,1.1281643983836,1.12724417487882,1.11288752032363,1.11486952735439,1.11351790850301,1.10655199723778,1.10356676206368,1.10177231569044,1.09185979758028,1.09441380451919,1.09074815672711,1.09166883131564,1.07516990695609,1.06923425077469,1.06955278093739,1.09294459095842,1.10442855352968,1.10267725782964,1.10393537335296,1.13089748362597,1.1308818528042,1.12864141071947,1.15963251301827,1.15498900107838,1.15648075797951,1.14190863246406,1.13278115362391,1.13444037362862,1.13358268403868,1.11604970291975,1.10366085657048,1.10540826681307,1.09553183444816,1.09339669416137,1.09351444223059,1.09401722786056,1.08830533856469,1.08729178638478,1.08573629846321,1.08548554199821,1.08700211208981,1.08628561864297,0.972033301152107,0.840625447499672,0.832693411355573,0.749059671522687,0.737623574730086,0.755233829895033,0.753731427480295,0.793186061100434,0.827113373431581,0.824891499091292,0.843197282107675,0.871590956196164,0.891264974275971,0.889581173160361,0.902238127791738,0.913098635758376,0.918656139213612,0.929250750196497,0.836060089456744,0.83671040773849,0.83671040773849,0.857255897315808,0.877835162142636,0.877809287442882,0.902803253828974,0.918581763699064,0.922957450933457,0.908787491180648,0.916427504189738,0.91538055317344,0.964043438274438,0.973521985028151,0.978788949021398,0.978788949021398,1.00840813922665,1.05199951625878,1.05703670757862,1.09192979704769
5,120,1.1158043964873,1.11528432728768,1.11714738093017,1.03962143930827,0.936527127516845,0.925219436609123,0.945318593006955,0.928811202904779,0.929209148480113,0.935032290854947,0.956237430282665,0.987455289643914,0.983666780318266,0.998158095677479,1.01050637867411,1.01050637867411,1.01772993713189,1.02497354060268,1.02279082560871,1.02823586820785,1.02456524088888,1.01389491141969,1.01387685196458,0.878660279085356,0.865732735854007,0.858949663726873,0.89309336718343,0.910047346973138,0.929326073215872,0.927393064446155,0.930836615326903,0.926824516785404,0.925641823045925,0.927577376691845,0.919027314069241,0.9174264312551,0.914194055997414,0.912220218648101,0.910632007090345,0.911784709067598,0.910256018330932,0.914534623722007,0.913875972878693,0.94108316917748,0.952889016164364,0.951619152954719,0.959320687277856,0.971999990007557,0.982383485705902,0.982781474058553,1.00122941512829,0.989888479824774,0.989888479824774,0.980657022472443,0.994718184107815,1.00515619966608,1.00512517907147,1.03055574331031,1.06105457266314,1.06232867512569,1.07179005849171,1.16616947553688,1.16634030468247,1.21054917829399,1.20715150430725,1.20332107924929,1.20332107924929,1.23568330410294,1.23308524147179,1.23243474113198,1.22633946042316,1.22489033893098,1.22424487884782,1.23071891791318,1.21643696382478,1.20784169067422,1.20633706065146,1.19557374150076,1.1733014617086,1.17334526984215,1.08700288396385,1.09428077406656,1.12850030568895,1.12850030568895,1.14747205046029,1.13434024330907,1.14888054871444,1.13514309926342,1.13413006116965,1.12921893381028,1.11871892239901,1.12390795864222,1.1072067700368,1.10817336647798,1.11112268240659,1.1045837506266,1.10427100397127,1.11150778852211,1.10975595679395,1.10696723733062,1.10486415996397,1.11894096476838,1.06752999695913,1.06747711799194,1.04832783858192,1.09904296910254,1.1018714718674,1.12245912177256,1.13235828795829,1.13269181580573,1.13221210022893,1.13437173582149,1.13764328365508,1.13597599033909,1.14521460433655,1.15486491262016,1.15812974246166,1.19120973639365,1.22639501161006
6,81,1.02087641212692,1.01605510881642,1.01516165031762,1.01470435570061,1.00825975743373,1.00497840256387,1.0038665508161,0.999054930321589,0.990389782894873,0.990519757267637,0.98307772851726,0.976420589441249,0.97570476144539,0.974257546062634,0.996209582839824,0.996930104274536,1.00755270503609,1.01462562521732,1.01135464890632,1.01157726573457,1.00254919176779,0.98423738177767,0.983589713908192,0.988210075463338,0.991904131907517,0.991814696175558,1.00883476934838,1.01899026155613,1.02183061635875,1.02311991448711,1.01968660114893,1.01103999511002,1.01613778880171,1.00606827047158,1.00556328013116,0.996497464567011,0.997217268133238,0.998219150269676,0.973805229998911,0.973583436059753,0.975989347771473,0.978014105650413,0.971026075807216,0.975589451692478,0.972978979288408,0.97947601580026,0.97947601580026,0.98349438280203,0.982956541440042,0.982954633337131,0.98075207260635,0.980756336611682,0.980756336611682,0.983783961533131,0.979278628788291,0.978392386033503,0.978266944746838,0.981751445508048,0.982938828147647,0.979371323071441,0.97989574299893,0.977905569275696,0.977904805168549,0.982062032772944,0.984793596642466,0.97495848094489,0.974962096033877,0.977989828359243,0.976272576748868,0.979646856595628,0.973849180575195,0.963915148762539,0.964825659214596,0.964825659214596,0.980162651347055,0.99885174398931,0.999097937614326,1.01768912167168,1.01110827817962,1.0127340854866,1.01329973939687,1.01901174483197,1.03157937482432,1.03135824616574,1.04451066932025,1.03875518203054,1.03675971900842,1.02767630149284,1.01953927776513,1.01953927776513,1.01092291224306,1.01512685403965,1.00811745168657,1.00756590200696,1.00674486651747,1.00673609873479,1.00671452351237,1.00079803913339,0.996725647159264,0.991600120570478,0.99280462884756,0.995535585600142,0.99529113767609,0.992483879913469,0.994409389057852,0.996607037008917,0.996145320123864,0.993265742373589,1.00208943595609,1.0085861020308,1.00849656864718,1.01681535249801,1.03799978093861,1.03808142937765,1.05086824863482,1.05062830871805,1.04610499294025,1.04611261090973,1.03111516664517
6,82,0.99391748175696,0.991395505551035,0.991140739218294,0.993688613187878,0.992787018028468,0.996116809621187,0.996806289154275,1.00484915454006,1.0040809926919,1.00583403625127,1.00825216932918,1.00719684239051,1.00593477646615,1.00639739667974,1.00318459682221,1.00086625343023,1.00129654741532,0.999306683956344,0.996948093508998,0.996815525630212,0.990516914795055,0.978330571794641,0.981957568535825,0.983303402228526,0.983852267928086,1.00186418762393,1.00460987064659,1.02588162261027,1.033216459136,1.03369015700336,1.02772549729978,1.01906668623357,1.01217987099145,1.01686708324736,1.00274818467155,1.00210698073383,1.00207570876396,0.997219503044538,0.997007213266436,0.996967424276871,0.993494856009944,0.987740860482717,0.984202590056375,0.98451075918425,0.988576914817997,0.982061574341181,0.982325554679025,0.98238672039571,0.981562210862102,0.979889038597842,0.980832503806863,0.990279531823265,0.99403722365233,0.993971657332612,1.00034528464806,0.999814235234765,0.994401602063543,0.994006011575519,0.992866441298229,0.995365285900546,0.995789057049445,0.98969217996237,0.987395265401476,0.983979339445933,0.977836634325849,0.972071773242179,0.97237767407139,0.968199488008704,0.971403171067058,0.99274539195989,0.992538842739685,1.00527986862648,1.0025008175124,1.00471953069322,1.00153100133751,1.00550229401662,1.01081071650179,1.01081071650179,1.00781222821672,1.00249966868261,1.00246871528457,0.990873763464131,0.991134806958549,0.991441144907849,0.995708619243644,0.997320732797255,0.995603060791361,0.995603060791361,0.985931209320918,0.98372538235926,0.985984865213484,0.980746056453556,0.977912830954197,0.982969270033332,0.983305669134719,0.98938407109424,0.97599777488911,0.97911787420097,0.984435274730306,0.982879877324458,0.988267659635259,0.995570142729852,0.994166543705161,0.994166543705161,0.997798433558405,0.996255609364512,0.993563090488968,0.993317389037326,0.989673274105944,0.987885173069492,0.987885173069492,1.00248974012732,1.01720087385714,1.00415007012243,1.0070222569747,0.997888172759576,0.996192666751639,0.996316679207709,0.999575271871552
6,83,1.0004348424913,0.99106527790907,0.985607503356213,0.986795647443335,0.995851203315914,0.995666395682879,1.00077896907661,0.99860456407325,1.01098905629294,1.01092952034101,1.01101927547687,1.00974897851472,1.00974897851472,0.993606403863663,0.990595677094609,0.99199316924944,0.996770826951364,1.00622798713359,1.01356572321851,1.01470620823856,1.0208982768251,1.01403170627157,1.01182767873416,0.995817857332299,0.992587566260445,0.998900206581065,0.997519821860535,0.990328805521408,0.985072977871616,0.986613385150583,0.987405882808597,0.981370162303293,0.981370162303293,0.978792426550969,0.973444147494443,0.969230341257856,0.96925370572309,0.968672641471343,0.969258774223123,0.971219440303207,0.966218920569139,0.961465833326548,0.961655776101394,0.972116579103758,1.00507846672576,1.02005003198108,1.02110912536208,1.03160547542976,1.0482077201208,1.0482077201208,1.06382733199994,1.06669427356798,1.07087626238832,1.0717298976771,1.07615987847055,1.07663581083153,1.07662664062003,1.09182643418382,1.07619604964161,1.07541414937629,1.07394064901768,1.06931729088275,1.07413424578052,1.07533844768165,1.05678611023515,1.07011688163618,1.06778936761718,1.04484916866459,1.02408203184519,1.02334066746766,1.0015897631153,0.979589383585188,0.950532608562862,0.95032244596754,0.930173215222577,0.91960154541929,0.919763631675711,0.943349242330744,0.952767385001412,0.95552081855879,0.952852858402448,0.95333445244337,0.958357355453515,0.957755149402685,0.956136918289958,0.950313967254154,0.950184837080544,0.949172099704524,0.952405399927431,0.96096008258545,0.961111810312194,0.908025176626533,0.881381207436051,0.880018928306822,0.908130603094306,0.929279234015777,0.930602340712248,0.942064746875544,0.94855913457863,0.946662285724901,0.947122478524724,0.946615039532109,0.944574068982745,0.945008717596883,0.943807892792321,0.948292213100442,0.94927984768614,0.95092861250746,0.947886045311584,0.953107085071259,0.950680410731072,0.922240553877592,0.886113193159129,0.884676495575912,0.907459395022588,0.95275369179927,0.995718502818695,0.995518053735374,1.00999146699709
6,84,0.998124900837129,0.993326166379577,0.99352114871612,0.992193346244278,0.986284903116202,0.998220190727102,0.997860261284993,0.99518981368165,1.00110752508392,1.00151216554765,1.00509648689499,1.009186660772,1.00773319637333,1.00830102343799,1.00379187757513,0.998762426751837,0.998853520650516,1.00446427506863,1.00647011085695,1.00704442141795,1.0046222177464,1.00600471049956,0.995693760432379,0.995648633648686,0.99763873683596,1.01042046645043,1.00990093603386,1.02831420083153,1.03942195598505,1.03811066416183,1.03671652818549,1.03156149560663,1.02396525233185,1.02388875449033,1.01301328936205,1.00228195230764,1.00319764559699,1.00543866919406,1.00752705988925,NaN,NaN,NaN,NaN,NaN,NaN,NaN,NaN,NaN,NaN,NaN,NaN,NaN,0.866408495892783,0.886751561257009,0.889202405384195,0.921931685953967,0.886245517405636,0.886218736436222,0.891690744389709,0.912049101494316,0.91333183772429,0.909769046002579,0.917437522981223,0.917772364806619,0.917747941963903,0.908919501384489,0.899331476345455,0.898719973997971,0.887120692770867,0.87698391553829,0.878383405102099,0.870513101323261,0.854379918653026,0.847504874343639,0.847698182866579,NaN,NaN,NaN,NaN,NaN,NaN,NaN,NaN,NaN,NaN,0.809182319225648,0.834456325267394,0.840415587951017,0.847457132093993,0.852960480869331,0.86068702846648,0.860551507933209,0.860273625258398,0.86380407346264,0.869116831714035,0.868613489299767,0.863511455132439,0.865072850819059,0.874132005567382,0.879665843139951,0.870657497195786,0.864431151165056,0.786277469005463,0.761727631224546,0.759578669517419,0.688894666399408,0.689734337778978,0.68394322350927,0.691945559817399,0.702486665912197,0.691168253722993,0.691168253722993,0.696395218795951,0.694568208001083,0.694360610618513,0.696550966114087,0.694015631992874,0.690472031863915,0.690472031863915
6,85,1.01077055849843,1.00412147499645,1.00281512989739,1.00344783836444,1.0025262952382,0.999518523674104,1.000756741793,1.00188054429898,1.00676099826557,1.00631821600021,1.00685887543379,1.00640580832969,1.01152009136463,1.01321377771269,1.01324203302916,1.0028586653255,0.977858813478568,0.965279226177082,0.963846388122117,0.974102975631271,0.993913998818433,0.997913093075553,1.01097000565109,1.01925501413278,1.01545666853829,1.02977984999091,1.04659767634619,1.04811410778872,1.03826645953338,1.00016691117827,0.95900259465449,0.95900259465449,0.937276648618284,0.924273827542833,0.9250215931718,0.920039708166388,0.909350869016044,0.906889904257499,0.903024085624981,0.895842282067634,0.889570221873132,0.889570221873132,0.883747933642772,0.881743917996879,0.881297569588402,0.881161613346813,0.876918701129992,0.873324440315965,0.873332791307095,0.894935101767449,0.907852673878207,0.908004994494876,0.907126507526302,0.936692298118165,0.945013984655322,0.945311447093461,0.929602287455556,0.930600216397026,0.931021357346544,0.930067871432202,0.935170576968988,0.936595377066262,0.938153672686318,0.932044076546593,0.920421875800937,0.921086603634744,0.914914402562009,0.911210199292685,0.905736354423934,0.906368086464738,0.902186552872218,0.902186552872218,0.900882886142976,0.901963432100452,0.899585991656729,0.899585991656729,0.904250082809934,0.908145098107125,0.908232857469513,0.919387188263087,0.925837603846997,0.884806558456004,0.88263439364194,0.868242336178272,0.916473244633013,0.917792406562581,0.938669609674445,0.981105335363809,0.980913910129195,0.978097177053949,0.970492147224065,0.979610974853221,0.979310399537058,1.00525873814845,1.00737121227969,1.00825929806799,1.00334250748092,0.994377677728174,0.98426951161107,0.984826865473316,0.973021534849104,0.964879660623362,0.973572251997641,0.96995339660903,0.959861475986278,0.962167061990008,0.948664969964179,0.940082328687531,0.939953737721515,0.942126149184873,0.932012938996579,0.912206576087125,0.91310588568947,0.902141040341811,0.90506732807696,0.902903701000779,0.895178530027475,0.882481954027645,0.888845461291932
6,86,1.0273049964433,1.02801523673367,1.01739689285011,1.00693164050777,0.997671059320906,0.996870478187138,0.98727740664985,0.986884356509995,0.986754779686028,0.996999490712209,0.990203490101341,1.01816326887573,1.01685752978182,1.00568894019886,1.00317500344119,1.00305759533252,0.98911643636619,0.971086974590133,0.970544423711234,0.9588384571621,0.951135378097531,0.945454118292213,0.945652121850588,0.962796114628383,0.959086886939089,0.960938874199325,0.957589641273133,0.970081051371975,0.964876681998489,0.96956174245882,0.932666107268797,0.88277159014737,0.87402428664491,0.849150430718399,0.844259589680729,0.843034623892258,0.842537933710341,0.860906947550881,0.849678463553851,0.859351531932874,0.852988298108071,0.85737325014087,0.856680061926254,0.853855431244328,0.857758629554575,0.854310853453898,0.854425107715087,0.850627496556453,0.858304555322712,0.861630176441158,0.887358287122828,0.88696178610446,0.886593950640946,0.897138321188426,0.917347869448347,0.919068205499511,0.930812988026501,0.93430608834909,0.938226731494642,0.934290696853355,0.928283423601545,0.922444760583242,0.922198295923548,0.919453747133548,0.920327192964796,0.915528152267325,0.913975701525664,0.92645904806141,0.929292474019451,0.928853680147027,0.897685792892308,0.891941346280534,0.887785104920136,0.885105057846321,0.892967906114968,0.893993643217059,0.889439115442028,0.884483998153158,0.877730941407334,0.877730941407334,0.878444375136017,0.882808053754228,0.881978856312306,0.878588995856828,0.87415753998404,0.865733840377644,0.875259755303853,0.872027592828277,0.873044722569799,0.873044722569799,0.870966120928188,0.884033515744046,0.894733491313143,0.894733491313143,0.906124004996518,0.898512743350679,0.898005351151883,0.892181211262324,0.90794431155907,0.901654231694989,0.943818830326928,0.978342385653582,0.979551188830136,0.983184855914551,0.988552432789376,1.00341157290664,1.00002272108842,1.02591607856835,1.03306962782041,1.03306962782041,1.02058615316606,1.0214895253738,1.01360011010437,1.01345061935139,1.00873069031531,1.00609836208223,1.00091683501987,1.00097546231559,0.991078020335348
6,87,0.960220494916161,0.965226682179924,0.968868778326149,1.00350794977167,1.01886373446942,1.05000903226777,1.0500137725545,1.04792482150597,1.03273061804852,1.03273061804852,1.01327530577752,1.00314666350832,0.990402688287522,0.990402688287522,0.980492673156907,0.979515489490889,0.974597568788778,0.970230715704359,0.967839704909563,0.968136313941976,0.9725101679222,0.983414567718427,0.984216724586266,0.987183360076086,1.02201234953304,1.04398911536818,1.04398911536818,1.05214194632451,1.0600391330267,1.05914395860341,1.06036105235576,1.05148575507294,1.03199739071566,1.03199890583911,1.01856104762384,1.0083831228617,1.00531179628724,1.00898542123008,0.996063163109879,0.996063163109879,0.996028381351537,0.988542807571924,0.988892116430609,0.988892116430609,0.979513267929486,0.976348321510561,0.975161124022757,0.978383587122443,0.975449507731215,0.974451035652344,0.974451035652344,0.979000279275671,0.991214487772011,0.99187116322001,0.992007976548817,0.994580867373234,0.984142806301964,0.982321225459997,0.979038753766517,0.980987129029901,0.977835739458313,0.977152053096616,0.97439181067468,0.974560527035544,0.97235339333884,0.975029653434693,0.975972954831019,0.973364795265772,0.983158041424768,0.98111163334057,0.979556863679658,0.995456713494899,0.99551208526339,0.994397421189464,0.988272480703634,0.983873488423948,0.988207543356088,0.987269707507576,0.999439104714305,1.00373764474819,1.00760440703204,1.03851666989221,1.05982277529077,1.05875473158335,1.04375873572591,1.03363740491355,1.04904299056949,1.04897414056214,1.04629347470745,1.04108323526388,1.04108323526388,1.03238387372228,1.01550589926238,1.00479353323,1.00367561541813,1.00225876531845,0.997382458869364,0.994787980066014,0.994280300922527,0.995289926733818,0.995289926733818,0.987468535874029,0.988541117766471,0.989093989316847,0.943202289472107,0.897280925488213,0.929710139843747,0.929710139843747,0.945834732424577,0.958309429546431,0.960042897453855,0.968702117100644,0.965443417332865,0.95098976458021,0.952110687114281,0.954188910015257,0.954512444653722,0.951411962648873,0.949840463422276
6,88,0.987681172054076,0.979069211947938,0.989867665913646,0.995371401787067,0.996543729553103,1.00964122646622,1.01601517771749,1.01501919839552,1.00735040311039,1.02007763989251,1.0204196588589,1.01411250414883,1.01664900821114,1.00181012869615,1.00177562799898,0.994670822667817,0.982377366101733,0.981248623711691,0.970299432766803,0.968521079655543,0.962111225101569,0.962111168886923,0.974243816207585,0.991739282019714,0.992819969375756,1.00616632435489,1.02180031204253,1.02087278430187,1.04398822963686,1.05267850307081,1.0509143323214,1.04809891439156,1.03011533562235,1.02257256453148,1.0107782877852,0.995570253956718,0.984528691386127,0.984486922702793,0.957851545072424,0.932942308113092,0.897126768609433,0.897126768609433,0.898184355542855,0.897286576212343,0.896537617825834,0.897120938724786,0.901412948485749,0.913273510719012,0.914408128491845,0.919670555043015,0.922187767499545,0.921313284956066,0.924440777508802,0.925843173189232,0.922056576666524,0.929428654040491,0.925524129661214,0.925929651482224,0.92727932981188,0.924309607674053,0.92293667200941,0.919749783237727,0.930227346601014,0.927802271782221,0.939694171652721,0.939694171652721,0.937593125165238,0.924695760749372,0.92507951901771,0.957125942060145,0.971623256110033,0.969526724900397,0.974989242097923,0.979506982547752,0.977964921372169,0.963724225804189,0.959890246201745,0.972236346167062,0.972236346167062,0.977096190543774,0.969348762512527,0.965353836313752,0.961002121291648,0.953285347329267,0.954118380133423,0.947436433754991,0.94426972014314,0.936715795353717,0.936936225352057,0.943176014153187,0.946061340465208,0.937425176438243,0.937264925953508,0.933115621886549,0.932081912249885,0.932081912249885,0.931129636893627,0.932585943813058,0.932381380808268,0.945209830953006,0.958816744051236,1.01894168536843,1.01302036055659,1.00161115232683,1.01771523345398,1.03869078143063,1.05244218268665,1.03566446562186,1.03530058790512,1.01723912894902,0.984714704254303,0.981527374391498,0.981527374391498,0.965756548720471,0.964006703888361,0.962910835036037,0.956861349083191,0.952143230759943,0.95202311877214
6,89,1.07960538466757,1.07184965997214,1.06768560867052,1.06288838410525,1.03777571147048,0.984732105488611,0.978413000381093,0.972806411350749,0.980301989080654,0.972349350596956,0.975991629198702,0.981456251101758,0.990207966369438,0.990207966369438,0.982730370038068,0.970843685856224,0.965715394884015,0.97037584686134,0.964063283536992,0.964445401168251,0.959849385631555,0.96600274411191,0.98407404891372,0.98407404891372,0.995814458319845,1.02292025416703,1.02221559139516,1.03344872925783,1.04143990920883,1.04026653353752,1.03360391877037,1.02503060680882,1.02267489109629,1.02226703820856,1.01248997547704,1.01162689332879,1.0105670607361,1.01664783303346,1.009028297418,1.01314033653798,1.0066254684257,1.00208638008175,1.00356843651324,1.00435191505949,1.00170964667803,1.00233827087086,0.998577926252147,0.987417032768639,0.994935225227957,1.00355309002511,1.00028963521505,1.01203375425327,1.02594485748944,1.02594457231006,1.02275069752649,1.01998445360417,1.01456398804815,1.01450555107987,1.00972875393457,1.00845879869469,1.00551113351915,0.997546130462492,1.00157697987602,1.00043117274569,0.997957289227503,1.00415642539741,1.00235417520418,1.00098551934993,1.01210753062945,1.03008573113271,1.03321103502298,1.04095474032842,1.0350912229212,1.03419013549799,1.0425972728193,1.05542563309154,1.06068515879476,1.05995485244729,1.04513575226778,1.03564688704914,1.03216824868184,1.02008747820153,1.0414516210855,1.04147584320891,1.05601741234866,1.05058752806103,1.05734181661227,1.0600831011577,1.07814842135994,1.07234380476161,1.06358647890681,1.05292908407431,1.03973819870728,1.03114186833368,1.03114186833368,1.03705627202178,1.02275980627215,1.02167767931918,1.02351515646139,1.01570717070605,1.01591994797406,1.01831651755812,1.01221118427338,1.0112931066929,1.01241879357092,1.03587197657099,1.06273742030676,1.06287749311345,1.10996010131686,1.15779416902362,1.15888434190059,1.16777424327974,1.12784079203938,1.08961218296577,1.08905717966382,1.05474211179745,1.05258123311225,1.04965588916158,1.04907935594983
6,90,1.01467023296938,1.01494051367119,1.0059457230555,0.989383132570636,0.982882139296714,0.98098296115816,0.973428623900241,0.956557665301977,0.955040145979675,0.988234136796338,0.953106693603799,0.986100802739367,0.987780672198324,1.01203762593808,1.02191089521416,1.02248388590991,1.04646782225196,1.05505255158223,1.05299377586236,1.06084402989398,1.04488609021119,1.02866786535854,1.0291381118844,1.02321797389665,1.01420813579213,1.00680622430255,1.01024494656066,1.03581563313492,1.03600779237889,1.03837073803792,1.02527051773644,1.00734187122768,1.01059016591346,1.0005968724506,1.01986618291629,1.016445605098,1.03772976127354,1.00100456810412,1.02231399189728,1.02429347552068,1.03885624246604,1.03931963128446,1.04081297486289,1.05317176751342,1.03992479349879,1.04022766354278,1.03630905905996,1.04017038824332,1.02064506408315,1.02099995655431,1.01193722446224,1.02010051869869,1.02010051869869,1.05461909364463,1.07071040727818,1.1055655032477,1.10577554362818,1.12777556042529,1.16696859965033,1.16838005480301,1.14322202825849,1.17033293150779,1.16890659144021,1.16020771959317,1.15973979122822,1.17549905740467,1.17172493217078,1.18509212408385,1.17581964783982,1.17912219813904,1.16876345405286,1.14401276581572,1.14947121604622,1.14191453590016,1.1381906819907,1.13965855685435,1.13929339585477,1.13404750718658,1.13489869586722,1.13661645857297,1.13389298400472,1.13247391881199,NaN,NaN,NaN,NaN,NaN,NaN,0.906863700457483,0.899805871040499,0.904872256077954,0.913490507567401,0.929243351318009,0.929243351318009,0.940860652702535,0.948312733999063,0.945670159601803,0.938031531568234,0.929991689810753,0.923326207176884,0.913817156270966,0.906991231345185,0.904599006006503,0.903050838071523,0.902167856122325,0.895190109403162,0.895190109403162,0.897148752349461,0.894356856461682,0.894339202359547,0.89867053178381,0.896841656048485,0.898973098374806,0.898973098374806,0.896714828164012,0.917559155728201,0.910644284613056,0.940251427510214,0.973145499007967
6,91,1.02544893394114,1.01071504369571,1.01071504369571,0.999415862262967,1.00311602004371,1.00172443456112,0.994784564175271,0.993899982488358,0.986509277702698,0.986790083514688,0.98067093925658,0.980340431800985,0.98491474189701,0.986568782374166,0.994229501621459,1.00578452018764,1.00578452018764,1.02465401752678,1.02393329906638,1.01685554781281,1.01685969737437,1.00954759135039,1.00903590968487,1.00974028230649,0.994533639756147,1.00863732175165,1.00323539027439,1.0150035819426,1.00355023133643,1.00558335702253,0.999703270304277,0.990590286263248,0.990237745236444,0.988526128905513,0.978614427784787,0.980351939568727,0.981020839024926,0.97858336740318,0.959005940957628,0.959012276560185,0.972078656608712,0.975440498716928,0.975061826333104,0.983216188532964,0.98671111783714,1.00437188508812,1.00437188508812,1.02118990163789,1.01790666629686,1.01790666629686,1.03593013463582,1.04294290236278,1.05096864614089,1.05196163963577,1.0531632315606,1.04545513217017,1.04470375208917,1.03718306108052,1.02230647260643,1.01827933619713,1.01827933619713,1.02364174306252,1.01461095861489,1.01428698633371,1.01495995247239,1.0108260621228,1.01124889099303,1.0115665591764,1.02890744664682,1.02624304114713,1.02578803607044,1.00882441398725,1.01535023220164,1.01081211542424,1.02803724881552,1.04039128290141,1.04471028512734,1.04656744052285,1.05558436470531,1.072220482072,1.07246040239842,1.09513753848712,1.09221268515279,1.09212894585071,1.0882445045804,1.07593555426309,1.05947048995462,1.06030010534339,1.04992646171136,1.04992646171136,1.04006109793568,1.03189662559139,1.03062902336346,1.03062902336346,1.03019660946884,1.02425314875478,1.02392477560428,1.02417584323327,1.02129508125967,1.03354957466365,1.03371964999338,1.05520318763417,1.0583257714971,1.04088365496869,1.04088299307036,1.05126416177655,1.05737999013639,1.06082709547431,1.07792571461793,1.08064781330072,1.07895800586718,1.07033777879122,1.07553904162494,1.07553904162494,1.06805371952879,1.06331173944248,1.04852970464813,1.04747411051471,1.03681527833881
6,92,1.05163580957784,1.03563793942639,1.02190020148011,1.02190020148011,1.0136833171928,1.00654260710644,1.01095031124503,1.00341079482785,0.999437967228877,0.992110105513211,0.99063306384505,0.978840765736582,0.966088453249861,0.960284760086293,0.973368522991355,0.988535259235786,0.987883229435233,0.999126125492355,0.998030564848817,0.997814362724512,0.9933780098534,0.98828461999191,0.986583905216862,0.987904378565444,0.963021971423491,0.974167924131401,0.974692235738148,1.01098652470971,1.03224826808585,1.04659990447725,1.04659990447725,1.0430863366198,1.0357456539296,1.0337628984618,1.02331342395528,1.02012112453568,0.991156558772107,0.991156558772107,0.963422701432677,0.966455959315126,0.965317002265563,0.975378070483254,0.982198559564903,0.98263746777025,0.982649284916567,0.986445905433265,0.988569714235402,0.988535031599418,0.982878220364606,0.986069111625531,0.979191450328639,0.979290881381581,0.973733227962009,0.973733227962009,0.971761036982156,0.972470066950157,0.966801773242257,0.964867361943164,0.975476176230138,0.990163407606696,0.987224649797926,0.988720775904648,1.02253279383313,1.02144313500777,1.03802560139253,1.05302272244982,1.05311776569073,1.04787445340887,1.04474592231281,1.03081670114701,1.03161630615774,1.03517780478577,1.02858141204891,1.02793793568834,1.03761752846879,1.02644032223196,1.01026045728191,1.00997955106284,1.02400470848497,1.04924381631717,1.05584991297712,1.05650597218505,1.07256237810526,1.06229589972562,1.07229290658136,1.05591736717388,1.05572868044271,1.05572868044271,1.05485507555152,1.05578298829054,1.05541513757366,1.04427796837598,1.0401267490675,1.04582628456106,1.05055371257068,1.05898770010547,1.05538479619077,1.05636726830906,1.05961638018101,1.06304444559529,1.09787866780299,1.09787866780299,1.1456737189475,1.17006954812457,1.16866612411957,1.17210981613922,1.19461273422071,1.20792848170984,1.20924290087036,1.20858416254139,1.20192287458738,1.20119828027137,1.19742964880128,1.19079501544506,1.19364019929128,1.18226875041785,1.17289559390638,1.15282994397665,1.15200313260508
6,93,1.01357887036367,1.01357887036367,1.02280815370717,1.00736237033463,1.00136170083712,1.00137677340834,1.01027472913072,1.02120519511259,1.02120519511259,1.01022799511093,0.997881934046629,0.999327560284718,0.987926049628908,0.983455634222982,0.995941792034562,0.993108264261779,0.968781892910788,0.981505367421958,0.969091651706256,0.987339247392004,0.996867897415843,0.997095145020092,0.992436892875645,1.00179637916823,0.996114378652661,0.995809520874121,1.01385466653029,1.01818938824017,1.0186064601996,0.998765329938002,0.983533708216234,0.963361745975875,0.963209195794982,0.958240588711087,0.956622973979559,0.956662517023306,0.953349948441916,0.944954730321621,0.945032791837362,0.930937512390904,0.804933482722429,0.822861995215805,0.820752430491146,0.862583389600884,0.873297268818401,0.872228581298068,0.885533289735292,0.89225590621838,0.889250044034632,0.893213962955145,0.893646971835971,0.894473802090498,0.891917047364009,0.891663577491735,0.894825535036373,0.894825535036373,0.896203406453787,0.895655684417354,0.885376254773056,0.882651014524437,0.897250859356438,0.942869955572083,0.942524165786872,0.993144119546109,1.01465438504351,1.01325018323327,1.03625698978675,1.06180132065162,1.10367119694253,1.10414810254261,1.11607475729569,1.13778305275275,1.14141228009843,1.15022814591877,1.14510464292667,1.14175450734342,1.1401225102234,1.12814696678356,1.11289602397805,1.11276634486039,1.10399244369492,1.0972634555854,1.09552585420235,1.08390118759996,1.07530271934074,1.08261989780245,1.07891223757379,1.07926259977729,1.07650687839644,1.07503274635375,1.07790622184808,1.07352730620177,1.07313229801654,1.08528390153023,1.08307267243255,1.07922303424714,1.07922303424714,1.07005991526317,1.07888669266478,1.07782380693767,1.08689004988652,1.09162402274055,1.09513489696527,1.09887979901173,1.09955702639299,1.11014663979426,1.1079242449396,1.10392566319019,1.13074383489725,1.13102875494952,1.11855774812826,1.10887980238315,1.12160794268438,1.12153111019317,1.12801316706706,1.13912008872893,1.13912008872893,1.145627210093,1.14574717244952
6,94,1.04165137317155,1.03288719343858,0.997739237600362,0.996906067223947,0.935875705245793,0.952700349721898,0.973528542001483,0.974485970039646,0.989570934131719,1.0018014338478,1.00223576147206,1.00806669791291,1.01732143401769,1.01732143401769,1.01778755714012,1.01355139916227,1.01163584013901,1.01075204259089,1.00418102712458,0.999102697571129,0.999102697571129,0.991437259518991,0.990505670143693,0.985602315276652,0.986096037509242,0.998073215650378,1.00662693765602,1.00519847951219,1.01605353576878,1.02221653195698,1.01992612859612,1.00837197791275,0.999430203030319,1.00218757203885,1.00218757203885,0.994801114722159,0.987918344487129,0.987255359781204,0.974256516765986,0.939436666820898,0.937978589394986,0.909242643071485,0.918856181326742,0.930328838367986,0.932432052477458,0.949287221956689,0.951764854667958,0.947773617604953,0.955196304617605,0.958028057206983,0.958028057206983,0.946380104930153,0.939475934119285,0.939836656090157,0.939836656090157,0.94026968437274,0.935386743621201,0.933175787010144,0.938790188564031,0.933794823653118,0.941386954958699,0.94233534739083,0.937625711096405,0.930803555773498,0.930803555773498,0.935726486658476,0.931020455044936,0.962600776067226,0.962419028396965,0.972669082339582,0.936540221878784,0.936657622363902,0.954156883687002,0.915544895579924,0.91195737591316,0.894205455125146,0.920832717883535,0.93135458436853,0.934285563602894,0.939068560009625,0.956278477367348,0.956892966198904,0.955258123443888,0.965619051360697,0.964536067056657,0.965081877854602,0.970221114223861,0.960998072544759,0.961953744953982,0.964761889919593,0.969448841725678,0.966363258604208,0.976424824884598,0.986714061737546,0.986800900942961,0.979828187283923,0.977483165576549,0.97025005580382,0.969550720989374,0.970626052723948,0.939957177819849,0.939777878526063,0.931139857762405,0.947382469079302,0.97523338433374,0.97485033178705,0.980418644366327,0.976084185900799,0.97248039133917,0.952819138374065,0.944969506289663,0.944969506289663,0.927672486357864,0.928438007971964,0.923983930822735,0.924674028720441,0.925387953237996,0.915405402409598,0.916044950232603
6,95,0.994411341251851,0.994263644203548,0.990006449014487,0.991560227235194,0.988775281233962,0.985921343014862,0.98681587446809,0.986322318569629,0.990328016429021,1.01572892047972,1.01486721358837,1.01592718461674,1.0203672685166,1.01801087530801,1.01705940304123,1.01422608722325,0.994075774887793,0.99451232438164,0.986820452536004,0.991197387366367,0.991197387366367,0.982452982038025,0.986771638833352,0.989194681090183,0.989693810037862,1.01753244842463,1.03674544397772,1.03746021893669,1.05035422756281,1.04135216501082,1.04135216501082,1.03190310656329,1.01506934735678,1.00886396390142,1.00886396390142,1.00259637523796,0.998472840661864,0.998160111667689,0.999568477493458,0.994468887263816,0.977526081308899,0.977526034270698,1.00000016215952,1.01226386531546,1.01204357260068,1.01999619470963,1.02213878668171,1.02213878668171,1.01972729513344,1.0134096532541,1.01151469717014,1.01080383146545,1.01432329383631,1.02018024438199,1.01946814248217,1.02319047742735,1.01579724470705,1.01519944120613,1.02202545021641,1.0207910263346,1.02371551372025,1.02453953902543,1.01163773047951,1.00900192701322,1.00608607618447,0.996964520748069,0.994463688724417,0.995036846811717,0.996941718520105,1.00425697577477,1.01888747952127,1.02163437529395,1.02315831058625,1.0268594872535,1.02502850795438,1.01893031123119,1.01817013166182,1.02048489134191,1.02048489134191,1.01824233029601,1.01852891915561,1.02018087384718,1.01807800459068,1.02934179165333,1.02892301724049,1.03267345091215,1.03209766032354,1.0417698819607,1.04207608382053,1.02489602402711,1.00898932793674,1.00890568804069,1.0245259028951,1.05942943172139,1.0584058971858,1.0642648677918,1.0721542975972,1.09098185250148,1.09047334165246,1.0892001589505,1.08945778644647,1.08835011915407,1.10339395348782,1.12236404202072,1.12002714767719,1.11954121994701,1.11041409466685,1.09958049098643,1.09882670101752,1.08635836782485,1.08264191525149,1.08177527431902,1.07159458924167,1.06905849289757,1.06591909094712,1.0673240026094,1.07673547401802,1.07017904503252,1.07401985684373
6,96,0.99573956300997,0.987664267299829,0.987445422379354,0.972868129436765,0.973768789436843,0.971638739663538,0.97284365114388,0.973360665032354,0.971457228771556,0.991617743460119,1.0059615434777,1.00538238102323,1.01390444064742,1.01189327692576,1.01201052350246,1.01654943541365,1.03639588958243,1.03606650365916,1.06343180613398,1.06626166183081,1.06690757270045,1.07009132181665,1.05650133792517,1.04234165201631,1.04294542055657,1.03997759548344,1.03869420628938,1.03898080546855,1.02724327128347,1.01528118442769,0.995710868377667,0.994875930567826,0.983602924683434,0.988011733472233,0.988170122918309,0.996635398161445,1.03040174010353,1.0297018122111,1.02674065364206,1.02828819684712,1.03014200228738,1.03061321226701,1.02964454354382,1.01970329679643,1.01909415242714,1.01837594281571,1.00017689095116,1.00276211911833,1.00426645424873,1.01331332415034,1.01927120274969,1.0191478144409,1.0256541299987,1.03006868190696,1.03103711819426,1.04142947283932,1.04414675952016,1.04311259365257,1.04519974557954,1.04709233103026,1.05111775470838,1.05007963839865,1.04231104523249,1.0457071482409,1.04416015674682,1.04576205822142,1.03319126877713,1.03193130823202,1.03193315464166,1.03479651746414,1.05430797034438,1.05473574130216,1.06426829962353,1.06293645679721,1.06318762305941,1.05961278581951,1.06180074154807,1.05947452458149,1.05902413740538,1.05059561083818,1.05155695514417,1.05129399151459,1.04630946097314,1.04437189114907,1.04776668494616,1.04689659850075,1.0647144711077,1.07900982002229,1.07841322372557,1.08369776142836,1.09616571543752,1.09423536100163,1.09379682215733,1.07871069728291,1.07273343588984,1.0728096479857,1.06860407584637,1.06155418234895,1.06884833397611,1.07293137528385,1.06727645611006,1.0663630407472,1.06272414587075,1.04080580514565,1.04882721721804,1.04882721721804,1.06200782734955,1.06863727923,1.06865544187974,1.09660415936424,1.10507585573522,1.10436979949146,1.10598254288154,1.10506752389762,1.09661009445899,1.09804033918061,1.0961757864225,1.09472978717181,1.07683038096195
6,97,1.032331281461,1.02853316294281,1.02065186115165,1.02065186115165,1.01136387274534,1.00363468012298,0.993889966853753,0.99273793530721,0.995750284568472,0.99053891410177,0.99125232750827,0.997761897727698,0.990061999780342,0.98941765795248,0.970441228022915,0.977142442637693,0.993700992499777,0.993483195173767,1.00665443829043,1.02801331618738,1.02741800529092,1.03784335876261,1.02168648450624,1.02074849952239,1.02074849952239,1.01489553574232,1.01038999363931,1.01038999363931,1.01221256522279,1.00874811395109,1.00777403894217,0.999688847806609,0.995840819191602,0.992428820083662,0.98657240941626,0.98424386794578,0.979629656983924,0.979829909716557,0.980196489896473,0.979609999143708,0.979189917084689,0.979759370825617,0.978821797550415,0.979549355161957,0.978084328602611,0.976120868136945,0.965045258748473,0.964732545269442,0.973516845352175,0.966107284589683,0.987582341520539,0.986712011893732,0.986226471259955,0.982026023702499,0.98230648109419,0.982436733791645,0.99439166151251,0.992713538429912,0.999815097291028,0.99930039582494,0.996505348047111,0.995966878378839,0.99668718422545,0.995092762159349,0.993470519955129,0.994375336480043,0.994133770085951,0.995845632581124,0.992018468424877,0.98419208571565,0.986129507832504,0.986020615310865,0.985966835826113,0.981629001385622,0.98166762976074,0.975421820079853,0.988660314954673,0.986168930856857,0.991090327388901,1.01039414222993,1.02012854383522,1.02130070736419,1.02695268268007,1.02569056960627,1.02485660509337,1.02134049506709,1.01179542508459,1.00737053848348,1.00842742464124,1.00211590364801,0.994015109749019,0.992416659518322,0.992674579654774,0.988884507471414,0.988773138523995,0.989719838588368,0.979613482356769,0.970134428490698,0.969871308183362,0.983647914650261,0.990592886174653,0.9898630813458,1.0146867903387,1.016759300346,1.01736127025387,1.01256008003772,1.00981391064435,0.999988522741855,0.998240209908597,1.00287371223748,1.00005730572877,0.999393438053861,0.994890518289404,0.986392349374207,0.988684851651595,0.989445047975478,1.00601961142097,1.01219732531872,1.01021584417156
6,98,0.997865360742704,1.00612331336195,1.00708731520716,1.00136975923452,1.00124873036421,1.00084865197563,0.992536832039903,0.981977770573762,0.986258288089184,0.987763588875394,0.985256615579882,0.998436362821506,1.00088750676184,0.996505991244836,1.00163718347257,1.0169662863467,1.01599462533363,1.01360655916317,1.00762925881146,1.00742958386691,1.00614342911986,1.0073855892091,1.00008015788638,0.997020165748325,0.994230583755103,0.994711517660423,0.996844832581791,1.00596830651813,1.01046460782011,1.01085740322683,1.00375728013894,0.978057699793189,0.96592363647771,0.965304158963631,0.969993021577403,0.975657337789543,0.971072889911781,0.96829740497886,0.971818222446685,0.976941681846094,0.974482324645089,0.973232387724763,0.976869552102198,0.976869552102198,0.969822358026265,0.971879649040149,0.97081901555821,0.966210639529482,0.95694668693672,0.960369677534886,0.960812710106746,0.962297657288246,0.969001839284903,0.967196612448812,0.968277367796342,0.969778088890268,0.968965996768545,0.969604832892778,0.969166841376666,0.971751114072442,0.972283611899543,0.96970383297416,0.968750145684407,0.971048847429448,0.966675286756176,0.969659863500743,0.970882536873831,0.9646374676255,0.965542125964792,0.967937120014715,0.961766172647054,0.973042611107701,0.98328383217277,0.987130026257861,0.99271316863993,0.996472870995539,0.996472870995539,1.00211708663239,1.00329779711293,0.99430481504514,0.99573588781049,0.999724012352765,1.00255649581427,1.0015555708011,1.01680051847027,1.00707478132192,1.00857298165973,1.00752776500614,1.00367652099067,0.988970449458696,0.986164773247367,0.983807936994142,0.981191390132037,1.00073497400452,1.00061955075716,1.00710439233883,1.00695890427389,1.00754193180514,0.996932012483791,0.997214730252038,0.993482792261804,0.988850311901766,0.989212014770641,0.98496118908211,0.98495089033092,0.983893442265935,0.986738288877722,0.984813147909805,0.985515646393929,0.985627865377757,0.98616893524062,0.971726104612693,0.949118946145121,0.94719312331433,0.95773743673636,0.940839946000222,0.900056574871356,0.903328008700519,0.945860257145045
6,99,1.01023144657226,1.01259031903167,1.01680273629489,1.01149866270608,0.995170905584648,1.00558854743005,1.00618752124329,1.008101948869,1.01041003669565,1.01071158571761,1.01754666520099,1.03178449696307,1.03178449696307,1.03976525598633,0.981478737592043,0.943217158166431,0.941215491763148,0.952406326815053,0.973507660404692,0.972199394944509,0.979452479867231,0.992009436923886,0.988038432848465,0.984156499466799,0.99221411401731,1.00310845610472,1.00251666293221,1.00358093023051,1.0066269410394,1.00216096811743,1.01088812578635,1.01214568822817,1.00681267487,1.00681267487,0.989814879215107,0.985588861433342,0.986012871197778,0.97532711544139,0.966334369747017,0.966334369747017,0.982026444687835,0.985525318288231,0.989777964760074,0.98551285357742,0.979046560008296,0.979737195939083,0.979737195939083,0.981930137087763,0.97037105063477,0.968733333159439,0.94269573764915,0.949709522761011,0.952914164498618,0.950667467277697,0.954760201216207,0.942672832981344,0.942733715526151,0.945454955974767,0.939212388361598,0.945050269115433,0.943948391640645,0.909756450215062,0.83927358452657,0.837967879004714,0.857342597634694,0.867371228452385,0.867417360529613,0.897628480989889,0.917113444737448,0.920728759260009,0.920624185717602,0.928164740213916,0.932346017509013,0.932346017509013,0.935287614188885,0.940137523187145,0.940518871679727,0.889782505828343,0.85593385882442,0.831798242090604,0.833008940495816,0.829974633309455,0.834009366553779,0.834148096366794,0.841916535066119,0.842491850569061,0.841537875225188,0.836966254418923,0.838671462655187,0.840301655036969,0.837363040972717,0.835193302049883,0.832974858148796,0.832974858148796,0.837887710067087,0.839887273986134,0.846870800982089,0.846585282367001,0.845979331322375,0.846727599943103,0.847918502974073,0.849886596217893,0.862132087483777,0.866280922187333,0.868914444546671,0.866948148841675,0.886901689597611,0.886029057037273,0.898148078861287,0.900334971199769,0.900334971199769,0.903323265470369,0.901365937898592,0.89201258923278,0.89201258923278,0.887955585457416,0.884347970013774,0.885558762553422,0.881621487741241
6,100,1.02541268361062,1.01539312872792,1.00782735545165,0.996238706019757,0.995665841258072,0.997011325812643,0.989475661816367,0.989475661816367,0.986352616827394,0.985409525492574,0.980317540336801,0.983409401092844,0.986814534498894,0.996511725473085,0.99596445269232,1.01460959051063,1.01529931164011,1.01493886147371,1.02387207544826,1.02007762857754,1.02011373337885,1.02168782849446,1.01885210058251,1.00656263713008,1.00667678224297,1.0131109646518,1.02771728850115,1.0265733618777,1.03243324074883,1.03173310369118,1.028061004705,1.02702723702182,1.0237233650114,1.02167732110695,1.02167732110695,1.01892633306777,1.01455328616672,1.01465514763751,1.01318198368211,1.01279928474197,1.00927906059702,1.00963460500553,1.00529566318314,1.001948947511,1.00822097942895,1.01202189817854,1.00258548659295,0.998453709965647,0.997878083082535,1.00368248230368,1.0102792804691,1.01103260317889,1.01968844988776,1.02826281811041,1.02356841535239,1.01780531312028,1.02857963529414,1.02720664255764,1.02515936454518,1.01933896145927,1.0158069255582,1.01728485520277,1.0147150388926,1.0168524735765,1.01263905627863,1.00885086886512,1.01237937893559,1.00822647093201,1.00857422750181,1.01178815245103,1.02402598689784,1.02402598689784,1.0283859401481,1.02715468065589,1.01958604453653,1.01881614599934,1.01776649378935,1.01710487238367,1.01735531897942,1.02801933210286,1.02586383291442,1.02518063824268,1.01738252903134,1.01511099657207,1.01511099657207,1.02010369162492,1.02304094131807,1.03264915510747,1.03244403042881,1.04437254690197,1.04857502343512,1.05379143038969,1.04789968483196,1.04781359353875,1.03217361626199,1.03654527482384,1.02132869229927,1.0273749693778,1.02338983491451,1.03295919002734,1.04987674658815,1.05064466556805,1.05619302508038,1.05346691585966,1.0564409930988,1.05661652799643,1.04585990626402,1.03878405238224,1.03878405238224,1.02760055480038,1.02842130353355,1.02274201630296,1.02274201630296,1.01890835979858,1.01242767113063,1.01226318180289,1.00506524739362,1.00962389634484,1.0098423785037
6,101,0.997486390269405,1.00247495831813,1.00247495831813,1.01232181145679,1.01841635678866,1.01354759135143,1.01399459573106,1.00875037702609,1.02293826633494,1.0240014452461,0.999946996475351,1.0011666506819,1.00008018183165,0.982152319683468,0.98715617879311,0.973619459301134,0.976610805385422,0.983337509460861,0.979523147546373,0.97725868350218,0.97720466144121,0.96916788046208,0.969894363599146,0.974324843388341,0.980772904834828,0.996781523815195,0.996781523815195,1.0026154029657,1.0022231963793,1.00404556527253,0.980503438269064,0.968584448111868,0.966870858767936,0.973414560255297,0.977040863728456,0.971999546063559,0.973801520784247,0.979636445693845,0.983390471537918,0.975443974324683,0.976390189298778,0.978141037079932,0.982073175714009,0.982539018904945,0.980355858260053,0.976171159257006,0.974946295452233,0.96686980423659,0.962643449453377,0.969514434541901,0.969514434541901,0.975513526378138,0.976659602713535,0.974953467113267,0.974994333354047,0.974183863482946,0.974183863482946,0.977788483969161,0.972239966763332,0.973274989615221,0.973817795708308,0.970825155207517,0.963882605672179,0.964819801171419,0.971662223814079,0.972796427969824,0.973689293361781,0.97241826911447,0.971668630289559,0.973754061160287,0.972785104098454,0.982997386301036,0.983304145630257,0.983304145630257,0.98354946257639,0.985013075644784,0.984092909998298,0.982764595968402,0.974047944477035,0.969557065265131,0.970043241643362,0.966541695686562,0.973532890918422,0.973109844445682,0.976208878530486,0.985960277262115,0.991626584139338,0.990801643073163,0.994852645653797,0.996356595068719,0.997187879334595,0.997478173484056,0.985765835769123,0.980999835845927,0.975181928555884,0.969320361541568,0.969320361541568,0.956852878244498,0.961845053114086,0.968622035295974,0.968669100958839,0.986775644905167,0.988499432819231,0.991773875515605,0.989759325908781,0.983024548070962,0.990363244319318,0.990315970865105,0.998515741806678,1.00121587856875,0.998970174475144,0.994431856126868,1.00054633341285,1.00308108155999,1.00670996507614,1.01720820076724,1.02575504519387,1.02614693762766,1.02505152432572
6,102,0.948945491577685,0.973467683567655,0.996633635128547,0.991993501916581,0.991934538351914,1.00117469141117,1.01263252779043,1.01212253333521,1.02199176916015,1.01767141339852,1.01694800537067,1.01412952913726,1.01395967623367,0.999278826342723,0.999577126195645,0.999842507764819,1.00014199997683,0.999910867687051,0.987643675653472,0.972561327515188,0.966289930623069,0.966289930623069,0.969703403168498,0.982034575337648,0.982619382938512,0.99280797795774,1.00087397161833,1.00087397161833,1.00591493335171,1.01008196286896,1.00952215352566,1.00469482355729,0.993506240970056,0.980152919081917,0.979370795114471,0.979787277808079,0.971055752349757,0.974854526973936,0.977274276225043,0.966292057469672,0.957599171214492,0.957172779781569,0.957751093721917,0.956939327325255,0.957783355335828,0.965143646850374,0.963232572611216,0.96369939112536,0.966924734295634,0.968003640061223,0.967472632603014,0.96757523909297,0.97008975129494,0.959861743056825,0.960332489193687,0.966486708032943,0.966451882177278,0.96430491359932,0.964453523303647,0.963549184268739,0.96332181102731,0.963502890055767,0.964488436636113,0.963617017252042,0.960878944029673,0.955991189333558,0.959770927255408,0.960292598438568,0.972589174343252,0.979629326396222,0.993353620802641,0.995303619975894,0.997296728805462,0.992791612190424,0.987210892614531,0.987761459821292,0.982521271669932,0.985121167253372,0.985121234323073,0.978520604268283,0.972038574165572,0.971476330694076,0.964968417611441,0.966724556077006,0.977394033917733,0.977394033917733,0.994871199966493,1.01001498417291,1.01042591826477,1.00969016522391,1.00326005936471,1.00326005936471,0.997722560744014,0.999811865115681,0.993372707418877,0.993744856339605,0.986509884344557,0.980523054581447,0.981897719243003,0.972537886989354,0.977189193668981,0.976431775638339,0.967800665420895,0.975177853300698,0.980414767008508,0.977309700338668,0.986433904234175,0.982969049411481,0.982969049411481,0.98769313262655,0.992913422420456,0.995716473928954,1.0226894773627,1.04212773455635,1.05196435048728,1.05076886002733,1.05630215448273,1.05034611342375,1.05015090317118
6,103,0.977395575162095,0.975319940656503,0.976156361500335,1.00110989731167,1.00363277961853,1.00472551111434,1.01869221835321,1.02683190329561,1.02053889469023,1.02051898375866,1.0189883635554,1.01445724099311,1.01139855931991,1.00347014274901,0.992354084358752,0.986430681705076,0.985553137501713,0.983986533204517,0.978439191151339,0.978439191151339,0.982113487598394,0.966873762034662,0.967487076515776,0.971595142401399,0.984814340541599,0.999700954807433,0.999676927796095,1.00766601893967,1.00532810809786,1.00532810809786,0.999282461169147,0.998025811249227,0.985178714738848,0.985660499773887,0.979219586337939,0.987520714916814,0.987352300729311,0.975173334915895,0.955378331227197,0.95357344499174,0.944162994972695,0.947856776935425,0.944484231049297,0.951737338340221,0.953021780601502,0.952546133950885,0.952494392634931,0.953128906458023,0.96636183607359,0.96636183607359,0.958180937107112,0.958342503821186,0.954999612770255,0.956025100548392,0.962556520049907,0.963150854346105,0.963390850392702,0.975360833503876,0.968648208033194,0.964057158523389,0.96424779666804,0.96258698564041,0.954565834547652,0.954575337002242,0.94109323386179,0.924807669545479,0.924366753992954,0.919712646400325,0.930993475671591,0.938637671848642,0.942768918204815,0.938387064203112,0.94526722210925,0.946076870516626,0.943809328926129,0.94051008517411,0.941459875972929,0.944609589956271,0.936759611839685,0.933068347978855,0.931128718105059,0.928628426610806,0.928888146618691,0.928146839166414,0.924413268144492,0.944946630211553,0.946124877399098,0.943228955254712,0.944283572077456,0.943583050167071,0.944235384372332,0.949186865923863,0.94179648193306,0.94190071061736,0.939576549916857,0.95784433977175,0.954294760551965,0.954286888910661,0.960866083905399,0.965863138544536,0.966253651906291,0.970946694779431,0.980475871711158,0.983045918816467,0.988224826009599,0.995287113662772,0.99098337956757,0.992352390132438,0.982475855109075,0.972455270619878,0.972455270619878,0.972445010712442,0.984986458964282,0.984155112923373,0.987198984678164,1.00311614773038,0.997483983843184,0.997518840713504,1.00092555955431
6,104,0.9941543905997,0.995552493370143,0.985518592227587,0.98923417303043,0.989038801501942,0.984003547984635,0.980390069015869,0.980405525101737,0.993758933630289,1.00777429466253,1.00895576515166,1.0117247688593,1.01613703600833,1.02018546026355,1.02018546026355,1.01328932908004,1.00698948333254,1.00698948333254,0.995712392583631,0.996627864271601,0.991926958633416,0.991926958633416,0.984583373649236,0.9919494717754,0.992672514520352,0.999623275744648,1.01086437103729,1.01063539371211,1.02471797359778,1.01462041202011,1.00577229705204,1.00571572433851,1.0091641841182,1.00884030318877,1.01401094348334,1.00174104236337,0.98737166796881,0.987563384494558,0.981133859288641,0.984878829177033,0.988669997904147,0.988670063560927,0.990484908931678,0.996586705779537,0.997991888430446,1.01016652045114,1.00635268281556,0.994335801284568,0.994630009273396,0.99323232174946,0.990387794713982,0.985620347696824,0.978671381605611,0.981226830365719,0.983228683365082,0.995273151323505,1.00035291983557,1.01825796863515,1.01694969312729,1.03756302872018,1.05161282042467,1.05223382519632,1.07810582294413,1.09821868375718,1.09760188286416,1.09589862919252,1.07479502339745,1.07866709065258,1.0778315740038,1.06536020010055,1.00789345801943,1.00789345801943,0.942329172395669,0.929975775730662,0.930584082561758,0.945830698460398,0.960674671394876,0.958226080523297,0.958226080523297,0.965448883245825,0.960178085594092,0.961600999136256,0.964877031894677,0.965420144718776,0.966052881030211,0.966188294915171,0.973254039127936,0.970548838655705,0.97626898996099,0.970788383707117,0.974235268293599,0.974235268293599,0.978798364367268,0.975460374817394,0.971964642332761,0.973300559732738,0.969877348270036,0.971352535482484,0.972484907527514,0.975520416313131,0.981472983441765,0.985080967806064,0.979583460601195,0.980898162730639,0.98278423373508,0.981787678890513,0.980832353296094,0.986491239026216,0.986491239026216,0.979515384703931,0.983986409200458,0.983488875424964,0.979690061285577,0.98380525079916,0.979722284725347,0.983310269267816,0.982100057581055,0.978762868630037,0.971075975529909
6,105,1.00675321197518,1.01023073411134,1.01023073411134,0.999584377731264,1.0015122932295,0.999489054742568,0.998932197685137,0.997816221300493,0.996014360451751,0.995883796820956,0.999231982796003,0.989140057268656,0.992796436215886,0.998166241339657,0.99758195946789,1.00064960928894,1.00064950428884,0.997502266477765,1.00783496069684,1.00848890419237,1.0129652905467,1.00637396118186,1.00182646762389,1.00467823359204,0.987376005393322,1.00141849066149,0.999246398003882,1.02000336570357,1.01774620347683,1.01703557095944,1.02515065350844,1.02442792746789,1.00468012046937,1.00530599819508,0.985524611843352,0.984852953661177,0.99263725877031,0.971759383219709,0.970446141114957,0.972299180567621,0.982172802000394,0.979206925465485,0.978877168486342,0.978877168486342,0.978305334577691,0.9786440157549,0.9786440157549,0.965197466157006,0.966821785737197,0.967155157103509,0.964514038531521,0.960887319192622,0.961685914097042,0.961415809825173,0.96078272552737,0.952069643322163,0.952154338894493,0.945996274225889,0.962518969294696,0.98925784627636,0.987602067514626,0.99643388533483,1.01455987520604,1.0145367175184,1.03549990918813,1.05122190952572,1.05230094575703,1.0585101210501,1.05470140571745,1.03989559676725,1.03993494296296,1.03422553618524,1.02708434298491,1.03087252641971,1.02378976640493,1.02142500501304,1.02139001558208,1.02349755474763,1.00633232581193,0.995892912900524,0.998485180283485,0.991289311308094,1.00326505098467,1.00326505098467,0.979178892286741,0.977960014757485,0.978169277352307,0.980382346163072,0.974706116840652,0.973355643185145,0.973355643185145,0.972819387643869,0.967620460101684,0.968111962605829,0.972180430787595,0.972004115327496,0.968079456813659,0.968567146816885,0.973885363173108,0.977424798200705,0.975579595795931,0.974473848357482,0.979023566961851,0.981686055343395,0.980294225032093,0.987916659096549,0.988692601239497,0.996162807916207,1.00519079008744,1.02123114320597,1.02163315497799,1.02768916725602,1.02805071696786,1.0275813963228,1.02462515953443,1.01807861763493,0.999565143615398,1.00250348114432,0.982795329890899
6,106,0.996607852605735,0.992580178723831,0.991148513546507,0.988723017882603,0.999185848770317,1.01045720951024,1.01356483176593,1.02363214954726,1.01361390204857,1.01246430158477,1.00467205200166,1.00169716447039,0.992846426184934,0.992753017595262,1.00064865097873,0.992226205304903,0.991916275623673,0.984562933818843,0.996699468035837,1.01505864203779,1.01505729414432,1.0312541890261,1.03039285444783,1.02939141207397,1.0347738938734,1.04261309292499,1.0557696244185,1.06263882936671,1.07238747988202,1.07313882628671,1.07414912734148,1.0736722974768,1.06409826717744,1.06409826717744,1.03833393899143,1.04202008991046,1.04182909391949,1.02692774358577,0.966453741377472,0.981741606247321,0.985640022659438,0.987091286205571,0.995612710138521,0.994552983256332,1.01128484470593,1.01184567582896,1.01196260161872,0.998539988028994,0.988260888061982,0.974488950160104,0.974488950160104,0.968930848471909,0.973303803971187,0.973847023963851,1.00189193573659,1.04199375916818,1.05787916438183,1.05920872075748,1.09148314023489,1.10827658159007,1.10827658159007,1.12181155474643,1.12268641849275,1.1185788615352,1.11812636575494,1.12237409398115,NaN,NaN,NaN,NaN,NaN,NaN,NaN,NaN,NaN,NaN,NaN,NaN,1.10927581405985,1.10573999022743,1.10009068097888,1.0965100393532,1.09854861745977,1.0888977074884,1.0888977074884,1.07436152974905,1.07082575477444,1.07103246682144,1.06779840077079,1.0660923762924,1.06602374954503,1.06660664576152,1.06302718637073,1.06527971736692,1.0658776734123,1.06705375416738,1.05993365482727,1.05789141133914,1.05252036296465,1.05582952785217,1.06971873099101,1.0696999580711,1.08691286224138,1.08974498123966,1.08633101665205,1.08949574977979,1.08361109406506,1.0825478919412,1.0881635226192,1.08060000194073,1.09633449828184,1.0970760877065,1.12163459275776,1.13441449854456,1.13556889991077,1.14317452357484,1.14086288771361,1.14086288771361,1.15226715035102
6,107,1.0075255300733,1.00448721834384,1.00494828903026,1.00497213076256,1.00320867281178,1.00468830639599,1.00419646004708,1.00410133304374,0.999095454005077,0.999590693216023,1.00099193278107,1.00217263464438,0.999457709685959,0.989254295371665,0.992715167438502,0.989359374538453,0.992356339460332,0.994825298808758,1.00205315954123,1.00066020836341,1.00814893590829,1.00352845388102,0.991928518122285,0.991928518122285,0.999112094489159,1.00507782067623,1.01721423730875,1.0156620992554,1.01894218877042,1.02099513018135,1.02085925105655,1.01846123601668,1.00898321749954,1.01068087515884,1.01387726794216,1.01208564293982,1.01164934404783,1.0114345254773,1.00424288158363,0.985782279862762,0.987005017704868,0.998290351707835,1.01341329174561,1.01264901494128,1.02250004568463,1.02844611135461,1.04312995639406,1.04350444080697,1.05150995166717,1.06270609943083,1.06006251797727,1.05607403867599,1.05193225963246,1.0394217375792,1.0370200623942,1.03289023694039,1.02424736403427,1.02671745577559,1.03004365923764,1.0331146302902,1.03241642299096,1.03235870642392,1.03366020710081,1.03189553068401,1.03338498772993,1.01984189080421,1.03063062235961,1.02679900849837,1.02648696742843,1.00404638237526,1.00464248249457,1.00791135746896,0.991051168315718,0.985481376891457,0.986478320712528,0.988815458819526,0.98935983279667,0.987991540059627,0.982451365996914,0.95043179212605,0.950787001745679,NaN,NaN,NaN,NaN,NaN,NaN,NaN,NaN,NaN,0.82389518208441,0.823646682122409,0.818822939491063,0.8314321439793,0.831369357902243,0.834089336214525,0.837124371903314,0.836677869379264,0.837115101721435,0.790242991473255,0.772558290179491,0.773864624053119,0.75947007721076,0.764114826260801,0.763495937721601,0.781120546181404,0.782362277349359,0.786572181054435,0.783141698058019,0.78668040401243,0.791446112054613,0.790676466634528,0.788249569713982,0.789875744951481,0.787546717143838,0.784470626021325,0.784522375651682,0.78671377301863,0.7894525183839
6,108,1.10544861918952,1.10348172622485,1.05684524706508,0.994749310235567,0.994749310235567,0.998870661382461,0.991013653771342,0.990913064564615,0.998043191558257,0.99402895378511,0.99402895378511,0.991963664166039,0.980214462420846,0.970421114349861,0.971385513427224,0.966878547277431,0.96795689646455,0.969355053951199,0.959652056145364,0.963816992397959,0.963816992397959,0.983451556161098,1.02042031962627,1.05251859113627,1.05211746213805,1.06032517779285,1.07559882842436,1.07433510713478,1.08733654009349,1.11647154904392,1.1198011106451,1.12052859972551,1.12521996179493,1.12863799233342,1.13022172256147,1.1502769100204,1.14527396521512,1.14045315807695,1.1413698272705,1.14256859162682,1.13724112777397,1.13827830041487,1.15270329330453,1.14226075646572,1.14311616207016,1.15920923155359,1.1698153278756,1.14722794439933,1.15330895310605,1.14458937852565,1.14023630248949,1.1403588994209,1.14189313757841,1.15747699340324,1.15888155634569,1.18405997297909,1.21285485260025,1.21486755332102,1.23720075761984,1.25059748055725,1.25883369747095,1.25883369747095,1.26187822623008,1.26617046664449,1.2652409573237,1.25173539117906,1.26357505218015,1.26375879697357,1.24912595160038,1.17097020358656,1.0752586914958,1.0752586914958,1.10057652661965,1.12825947703267,1.15936261578318,1.15936261578318,1.17640283788094,1.17749770902266,1.18052368053878,1.18826496406896,1.18926250025774,1.18741205034543,1.18281882936968,1.13148354501461,1.09792731093215,1.09562850516613,1.12359076123262,1.12206006327166,1.12206006327166,1.12206427403468,1.12682142889784,1.1264807585748,1.14664568336319,1.14351258949829,1.12787249340101,1.12994566037616,1.08967575547587,1.06902325705812,1.06878507274777,1.0780028294184,1.06867260860267,1.06867260860267,1.06071316015952,1.06623763386921,1.05974288767984,1.0579558575052,1.05687728546983,1.05287213720674,1.05066643579548,1.0503697370265,1.05673984765932,1.05615834680867,1.05872817348382,1.05978630962518,1.05664759079306,1.05356896704326,1.04985948739755,1.06419764233947,1.06474091754765
6,109,1.01155163424077,1.00513471484812,1.00513471528473,0.994034472412533,0.99823415112489,1.00003012052403,0.972328788630247,0.989773045562342,0.991779236818259,0.996507571397565,1.01840891761015,1.02116535449978,1.02116535449978,1.00251050256322,0.99569765748504,0.995913036397974,0.994573657472263,0.993028534314157,0.993028534314157,0.985592447432615,0.985394650341169,1.00100278505979,1.00126142411063,1.0256318081134,1.03730279054176,1.03730279054176,1.06805742535787,1.10962047046556,1.11189872431249,1.12207591152011,1.13150457630927,1.10353503195837,1.10353503195837,1.08640928113089,1.06639452468641,1.06795059048967,1.056654874902,1.04522812754719,1.03807471001615,1.03526117406159,1.03169472703934,1.0276947686758,1.03391347837127,1.03148925150282,1.02487307238761,1.02494677109951,1.02538656034046,0.999217767846538,1.00344274042821,1.00975666900606,1.00102722898403,1.01616577263974,1.01659848215322,1.01153139361164,1.00664753485789,1.0155375913692,1.01990319848518,1.01868930527407,1.01460336327455,1.01460336327455,1.00804495107981,1.0097953671541,1.0097953671541,1.00982137697043,1.00456151782533,1.00352442465069,1.00530989471825,1.00372880523433,1.00142859382476,1.00204958858097,1.00510431927861,1.00419605826586,1.00349517869193,1.00321926618358,1.01075367233592,1.02237059429837,1.02245604329033,1.03911288298326,1.03863540724719,1.03944850066926,1.04508232158529,1.03838944292115,1.03270971786668,1.03475289473663,1.02618165228273,1.02673260234801,1.02715868855257,1.0197430497222,1.01915830616181,1.01798369997312,1.01081877427032,1.01805270228828,1.01973248800839,1.0202938405039,1.04772738099524,1.06212279721269,1.06054540353008,1.05973835881979,1.0596709188357,1.0597237375786,1.04744663941458,1.04452000427506,1.0328120585817,1.03204604039219,1.03514906670195,1.02986955060072,1.03100246998127,1.02732508513618,1.01788153843745,1.02009201862337,1.01882884854637,1.0213406887485,1.03870308139036,1.03792152430828,1.05921908139773,1.07436329442675,1.07503539713147,1.07085509081529,1.05949380078057
6,110,0.979979523371595,0.973164245533055,0.973055819185632,0.970849143404258,0.966297166360615,0.966915358966362,0.983777032694929,0.976164045777798,0.981457917556768,0.980208875822434,0.994823448693593,1.02022660414118,1.02003222754188,1.03783781414847,1.04018008823212,1.04198142505657,1.02649490226886,1.03178693916915,1.03476742207473,1.02553968293204,1.0134405841924,0.996141229726317,0.994678183975035,0.986526389469917,0.994390480593384,0.993695125495422,1.00009580134915,1.00589231283976,1.01223801095597,1.01268683448623,1.01034487611432,1.00572023772192,1.0058004253358,1.00762852351247,1.01810645385816,1.01722061659457,1.03374549758363,1.03595606713164,1.03558003100129,1.03421928016336,1.02074697092587,1.01505886127595,1.01558500501809,1.00611970898321,0.990669640692869,0.970932121246714,0.970660883645193,0.959465767457821,0.965479112601042,0.965126757999952,0.962363733997386,0.986492568237773,0.984865690439326,0.993701756366191,0.992404229813626,0.981799693261947,0.975543579463321,0.968021028270057,0.968563077658799,0.968563077658799,0.96878563114471,0.968171352601038,0.968045501629633,0.966273127286436,0.967809629968725,0.967468683744588,0.964002289807592,0.964497826215448,0.981304722515589,0.981304722515589,0.993519769230913,0.995922948592823,1.00125654185774,1.00125654185774,0.998915357100581,0.994175426858483,0.994737082557337,0.98959425966526,0.983627056362378,0.983736036228603,0.983736036228603,0.981674784608309,0.987415843982387,0.987278175036032,0.996777477224754,1.0067519289342,1.0067519289342,1.01011509390292,1.00377143770139,1.00444811083887,1.00066230403575,0.994176075049562,0.977094363004575,0.97244606505048,0.977632759177995,0.995805478640927,0.993328609861465,1.00699824892868,1.01697948986766,1.01636843388009,1.03192657202673,1.02880356113901,1.02579737783401,1.02534166581539,1.02081554123307,1.01190732275229,1.01431457776321,0.999468266510911,0.99541258635467,0.9898459660241,0.9898459660241,0.989237948906785,0.986772300235558,0.988706132384754,0.987274384109566,0.991231872344635,0.988025135574232,0.988653962985116,0.988143490476923
6,111,1.05689683245471,1.0564187073761,1.04574370375475,1.02101190840041,1.02101190840041,1.02431548708775,1.01814608289669,1.03587381162645,1.03781226970746,1.01315177119432,0.984233018660782,0.984100780322638,0.977574922777501,0.961776588335896,0.96276686906371,0.956507793858004,0.950669818627563,0.945443334992846,0.946544390462008,0.951091558234736,0.943781136870177,0.945420629828929,0.947033218515085,0.93915390620153,0.940478310927689,0.936406820190577,0.944243240040029,0.953948971831302,0.955237738685149,0.955377423475859,0.949940487523015,0.960145649384369,0.952579791941288,0.957605244648793,0.962284462808056,0.961909341610629,0.957660137601096,0.940286181633282,0.939004565918166,0.936894786139141,0.942837555366445,0.943274891761728,0.939234781680868,0.940784072195735,0.952903231019044,0.950531597195842,0.959579227882723,0.96944507303144,0.965123855917797,0.967537348417141,0.962111369025344,0.96210791351378,0.956474786111079,0.962068874145129,0.958948595654964,0.959655662813476,0.96098649580336,0.956463356976813,0.956464055643406,0.955099137284006,0.95434641118163,0.955464115927468,0.954488784006368,0.948347541437325,0.952657777277414,0.953905425708542,0.950285756852744,0.950191510710899,0.950567525241551,0.949862400786035,0.974505276283797,0.977736062327679,0.978906749387074,0.985869480287347,0.987815704511696,0.990974209573768,0.988599395453706,0.984721546871795,0.975856098622393,0.97504644493065,0.961852101650405,0.96610414183837,0.965946845082195,0.964148671828365,0.950911285714938,0.950911285714938,0.9533394975018,0.967980503523299,0.967439554035181,0.976486051064109,0.983862985440726,0.985846958953027,0.985493100311693,0.980115723401641,0.973846372693544,0.979205959168872,0.979454710269001,0.97362766371402,0.96994604990427,0.96994604990427,0.96204728275934,0.965652767467782,0.96550330243157,0.971295429892533,0.982553912238437,0.98698946678472,1.00165675950176,0.998932905208963,0.995047600523922,0.993442606922368,0.990367813641275,0.978035806990419,0.975534036098656,0.977708078648962,0.982007997068213,0.986869489678011,0.986869489678011,0.985506811575456,0.991159025648774
6,112,1.02026508944418,1.02992974706503,1.02945690767875,1.02445732010956,1.00517793619714,1.00839001714785,1.00423079233956,0.996827477399708,0.997002182035379,0.995778176614987,0.984283403035029,0.977090486540985,0.977442646623776,0.97208262157049,0.992439198892677,0.992708830986739,1.00204672311024,0.9963463538191,0.994044089388829,0.970228960118124,0.97732624961686,0.992879534750584,0.993177376234203,1.01191357153124,1.02723904266229,1.02766948553409,1.04107390153288,1.04545680740441,1.0424788639985,1.05445783286859,1.0467518021072,1.03647559151206,1.03534618657018,1.01085232555913,0.974683139841705,0.975849948415639,0.961776202530471,0.956661538453153,0.970721696266248,0.970711745896813,0.97208393460377,0.941036737727375,0.941036737727375,0.942688106069215,0.923059145630247,0.914520611462658,0.918608305495821,0.913455564115731,0.897084966355216,0.897577982530616,0.899270682211189,0.889775518313497,0.889775518313497,0.886853295564052,0.858170826051001,0.857361467444497,0.82310213954388,0.844058229790969,0.851326262336659,0.852815708862937,0.867730611761531,0.866858971952334,0.861568257247794,0.862680241402934,0.84602322163134,0.831559928737689,0.831559928737689,0.843382174597392,0.830452544900778,0.830925168120619,0.837575331118156,0.841008093421105,0.841008093421105,0.840620635437586,0.846230096323314,0.843185424033672,0.843143598763737,0.855722416599568,0.849990378097511,0.844732063998277,0.842607359941374,0.841290489048436,0.849402150593039,0.848330287428139,0.863179614147,0.865388764087418,0.866198525777329,0.866608386495484,0.862744222621322,0.861170105194133,0.855618848665646,0.8655629583856,0.864857357382131,0.895816901411905,0.931557530809543,0.946007117156129,0.951210864251289,0.961035002944279,0.960154337740044,0.961903546692727,0.951072141386898,0.947310768483225,0.939944387883564,0.940420861901847,0.935242041666033,0.932080063915141,0.93810406330889,0.930438384448365,0.926238491893909,0.935830854270884,0.936395670795937,0.907923467388604,0.911899953709948,0.911388145069911,0.925092111609612,0.941689847788025,0.942387257494128,0.944559617622174,0.937843604354153
6,113,1.03020334786674,1.02365364370967,1.02644407398246,1.02644532428745,1.01487292914441,1.00800868321391,1.00909755271777,0.999134179303736,0.997641023473356,0.997641023473356,0.993826774945117,0.978157213537485,0.960375441831201,0.960342078222973,0.978669604815587,0.98792560827171,0.989483811819422,1.00774366940114,1.01033401598251,1.00971693842838,1.01256046635229,1.00220364191345,0.968349817049053,0.9661898959017,0.96304667780274,0.967079497892655,0.967079497892655,0.964241607322377,0.973125847933852,0.974751773338653,0.975074588772317,0.977245382632369,0.967705439489894,0.969083374425193,0.959884620450785,0.958882267484836,0.962081845514765,0.961780782886167,0.959477529719834,0.957785133061435,0.952924000811378,0.95331930769019,0.949947839135632,0.950542057431868,0.951369258451047,0.951212265069134,0.950913996160804,0.950913996160804,0.95361688541723,0.962824359710661,0.962289333909406,0.977386593159554,0.986638210676651,0.986638210676651,0.98899431024989,0.986882814502495,0.982897071957124,0.981844012626698,0.982813431581981,0.976185950445602,0.983495876636472,0.984646985268235,0.977273711027828,0.97853269198445,0.969939466688447,0.974475164272609,0.988818370074071,0.987663482253667,1.00175957172359,1.00310094496581,1.0023121989184,1.00327836687687,0.998574011177155,1.0008592484441,0.998213071710848,0.993827016244134,0.995970593876227,0.991228983853447,0.994117969485519,1.00267617983394,1.00267617983394,0.990550367826435,0.995587037816304,0.99371680972213,0.994128342778684,1.01725348692828,1.03769753276021,1.03678441421962,1.04436092386766,1.05289043842337,1.04927196601713,1.03299788414467,1.03165793265004,1.02493848942454,1.02349697666566,1.02121530325088,1.02145136371006,1.02145136371006,1.01794863085893,1.01706353198863,1.01432668929343,1.00688709702791,1.00704463886985,1.01254769724687,1.01331929052377,1.02857749860159,1.04138616666832,1.04138616666832,1.05162081706728,1.05050336090919,1.05095481522119,1.05119119082444,1.0481808118562,1.04868925367965,1.04868925367965,1.04932438659689,1.03973728098382,1.04399674650013,1.05135143542241
6,114,1.02388472883099,1.01859623233823,1.01340417948438,1.01804057733086,1.01486724886219,0.996448110923057,0.99677163850668,0.995415977042783,0.992227406964217,0.990517017685628,0.990363344638478,0.978274556805101,0.986115391870334,0.986115391870334,0.995935782283119,1.00102074118908,1.00058984014022,1.00075538998155,1.00065644325277,0.99515499052099,0.996613887020587,0.990210556018899,0.985581447014957,0.985581447014957,0.989682182675491,0.987036685757259,0.992361548748629,0.997329968886264,0.998054336624134,0.990304387703733,0.989412529685764,0.990791309368829,0.988644901499918,0.986485099654123,0.985862846279991,0.997814971298161,0.992469145846346,0.992764688575734,1.00115412610858,0.998697805342688,0.99676732639613,0.99763298028301,1.00122327776127,0.994238042887515,0.999774680328929,0.997229452592273,0.989412262231139,0.989412262231139,0.983016483696476,0.985941303846634,0.985599253731328,1.00088073289912,1.00962709669111,1.01824817713639,1.02017710501582,1.01947501991731,1.01272980422369,1.01512332960252,1.0112430934032,1.01214169811629,1.01271445147975,1.00004170778666,0.990599812205866,0.994861186161919,0.994287107903749,1.00558748130789,1.00858892692923,1.00858892692923,1.00913617481162,1.0024966358766,1.00122268893124,0.999900570563244,0.996122592806191,0.989348252429913,0.989348252429913,0.988490013236209,1.00552464481192,1.00576381706669,1.02859875061019,1.0254282811883,1.02114883252438,1.02155724821118,1.02973677985071,1.02679486748936,1.0211976352507,1.01712663220615,1.01036106743989,1.01359604596903,1.00910375866226,1.00672151354046,0.993168993468115,0.993222542628551,0.98355007566885,0.990586539594244,0.994898343304199,1.01116841415378,1.02245461261987,1.02190272516276,1.02015450207581,1.01965153692273,1.01441832063941,1.01455928810331,1.01478360921352,1.01050719958542,1.00749172863589,1.00657248449049,1.00549207118677,0.997751583234167,0.997847777169005,0.999261216588621,1.00382982238239,1.00382982238239,1.00368281374015,1.00651710325,1.00596248582544,0.999833833925896,0.990594407942889,0.993180482711848,0.99318353644803
6,115,1.00562795931872,1.00186115608195,0.998492276796336,0.995122655184655,0.994480893889282,0.991137996031873,0.97382251992202,0.974214201046467,0.979484287354711,0.994161464953607,1.00450792930712,1.00450792930712,1.01023784747252,1.01512095518737,1.01588084370048,1.01199193430338,1.01108680149416,1.01111000238521,1.007150346263,1.00125211984779,1.00167546397033,0.989180530579904,0.986099933950298,0.987945047738662,0.987105194092755,0.991741638688704,1.00959411176936,1.01095204730513,1.02089018233044,1.02759339366628,1.01809931017075,1.01541181733292,1.01446600574291,1.01782198570405,1.01798395462793,1.01681640461863,1.01170064620508,1.00194641339486,1.00077820835483,0.998641896954954,0.995814136877828,0.995950049852695,0.991471843288337,0.992766619132392,0.992277618774592,0.992223240997182,0.985614783900539,0.978070580812529,0.977773905810182,0.979832283255888,0.935623954790846,0.936162843399174,0.909409057260114,0.910272266841257,0.907517962409683,0.927392525141504,0.949508032441245,0.973441010721003,0.973046375695387,0.991349507605523,0.995165357744509,0.996983783593665,0.991929114866384,1.0063768737308,1.00816268762542,1.00710800869602,1.01492316460872,1.01739594656896,1.01896162234024,1.02706518933184,1.025994478879,1.03101223698909,1.0262224069509,1.02142528542078,1.01649796456949,1.01557412185302,1.01131199690513,1.00469020510142,1.0076280600923,1.00146933371838,0.997699763662129,0.997699763662129,0.977996580665971,0.975823624714984,0.978580365564993,0.978580365564993,0.98685380254792,0.993703327688421,0.994345283169268,1.00251257012871,1.00200769632207,1.00547761168618,0.995400466679194,0.996161933789097,0.994675039579482,0.994103300711506,0.992623893984841,0.981848984539065,0.98341958606161,0.983717517546527,0.980739337087442,0.978344895632204,0.979592433632305,0.970321186927864,0.975763444014318,0.975763444014318,0.981886688685358,0.993872352627898,0.993872352627898,1.00684851872526,1.00854567942375,1.00895886895756,1.00896495550803,1.00472091518702,0.999941821205468,0.997782005314403,0.99271326145545,0.995491143162879,0.987255153800422
6,116,1.01866494074194,1.01987519248318,1.0169357578632,1.01464471950432,1.00870184644777,0.998425270975945,0.998499873213585,0.995412227214403,0.998930490456497,0.994115438316879,0.991962748481019,0.988143521998784,0.991110148765663,0.991083339731112,0.993395801079514,0.996488482540817,0.996488482540817,0.993301588214345,0.993820129430209,0.99891023376187,0.998528998230705,0.992561500091665,1.00076917179582,1.00076917179582,1.00260783822351,1.01879431789637,1.01684730078232,1.04060875902216,1.05567616496176,1.05458338627548,1.0451024458146,1.0501104675932,1.03764787704273,1.03854003037249,1.03610487393245,1.0311427905089,1.0311427905089,1.01745862685165,1.02154352866888,1.00843546685392,1.0080620794311,1.00587395260353,0.996532421012768,0.996089433722913,0.967748316608012,0.928615763148868,0.894725650577339,0.894725650577339,0.87802928161342,0.905372481515412,0.904424195306902,0.931055246870639,0.934680468901757,0.939121612864671,0.937998103735505,0.9625897958628,0.967621568421163,0.967382088337271,0.971913377517118,0.971706769377168,0.966983298315525,0.969675520871405,0.962735173400941,0.962735173400941,0.956685150387379,0.95798659049229,0.960518179228986,0.960822070601869,0.962499348084151,0.956816764614255,0.956416232077041,0.957922724581327,0.949603411399397,0.949700275954147,0.947896317224712,0.959996232378212,0.967200810403248,0.967923089277919,0.968808811737214,0.976624942865435,0.97538155765837,0.972106364894418,0.96521484697769,0.973762726999029,0.973185012846958,0.99093888406732,1.00690505963793,1.00799624164513,1.01734210714286,1.01555852268585,1.01694998570808,1.00936621529323,1.00113451839911,0.991040582744757,0.990053384132806,0.990622013572152,0.979710383552632,0.980925795357893,0.989379344426752,0.98153533023769,0.981107221604557,0.983323031468071,0.985607968125054,0.985191361873494,0.984297196819381,0.978157637882586,0.96556611132925,0.969849553145018,0.972896331889319,0.989335435086932,0.998326018985976,0.998505523645072,1.01368673999407,1.02368196660901,1.01835550186469,1.00949405880698,1.01039763945083,1.00985587647072,1.00572402210775
6,117,0.995924940481195,0.994701326676365,0.990110740189483,0.987877923732091,0.978692206296237,0.984801629844746,0.985325658440931,0.992154663094991,0.994565643549224,1.00545344504581,1.00545344504581,0.993843051254997,0.997296858895677,0.997657795530037,1.00418771223821,1.00834312441658,1.02860673287584,1.02860065166333,1.02640245072845,1.01985021317455,1.0198506685996,1.01640037142457,1.00405657382908,1.0022195701823,1.00135120581946,1.01151355618961,1.01982428317434,1.01400694727595,1.01465924264867,1.00976500992146,1.00976505464745,1.00027881557661,0.997037927614239,0.992545965923075,0.992545965923075,0.993707232778637,0.990810346396833,0.992941383742786,0.996456370781776,0.992976954663659,0.993492680701358,0.996591748323108,0.991670904057889,0.98691329965684,0.989855281128087,0.987039755901493,0.985190164548517,0.984185932301717,0.97697591096433,0.97173180488961,0.974024067441693,0.986303261097564,0.985839722167091,0.991896151226024,0.991891263057306,0.989737637131847,0.989871589787027,0.989434801087749,0.996412699362905,0.996709671867241,1.00158881005245,1.00075825427179,0.999164652917437,0.997330164778375,0.994316294968347,0.989169267904004,0.98416495809517,0.978991514746179,0.980389673786051,0.984745085073289,0.982953478277892,0.985924846282245,0.976675360343184,0.970081975185711,0.970081975185711,0.92888121129004,0.918381256533322,0.918669043335472,0.95878822798893,0.973457313459123,0.983919747790705,0.984408295751137,1.00497625708362,1.01094251495761,1.01261537120473,1.00602828199697,1.00734665272153,1.00153931843741,0.997257878485501,0.987388179015146,0.981050061875994,0.982344244190562,0.975135808368355,0.974317110792017,0.9748398033551,0.984697022645258,0.983687181916332,0.979888833265786,0.980001872501706,0.982498072969192,0.983587826279189,0.984631625748553,0.981894837392661,0.970536485566212,0.970369655307432,0.970873162240241,0.976105192821641,0.991130509576148,0.990777047685771,0.998848107879126,0.996198228087936,0.994897696401281,0.997509188706623,0.995719521844574,0.996138772933762,0.989695087400778,0.984914446007981,0.979244489282028,0.976995796226401
6,118,1.01162657110486,1.01080849576326,1.00453948786291,1.00577156266247,1.00509093461181,0.998222097798614,0.993098870658587,0.987457562481003,0.984289178984928,0.99000123337193,1.00144180668044,1.00079670884361,1.00059440604112,1.00408987421141,1.00352260631499,1.001891241136,0.997450759457635,0.99966099703066,0.999645604983756,0.991324801819786,0.992773179517355,0.992570801722422,0.984475189410456,0.990308185060472,0.990207404433351,1.00649018686014,1.02588386462037,1.02771122559343,1.02729024511101,1.03538563121788,1.03573426587992,1.03588863925322,1.01642566274065,1.01167098524399,1.00621326282486,1.00390446715324,0.997952873775265,0.994422723598673,0.995125075690273,0.991569715647623,0.986852254722216,0.985073714127833,0.980604405714654,0.978084005635338,0.983117922959974,0.983217574592198,0.987736546858224,0.982764615016628,0.982688714728191,0.987421386297588,0.990319222565215,0.987317285829503,0.980537449989978,0.986324642520916,0.985536222807651,0.984618646452135,0.988280772362474,0.986001687268781,0.984722558934957,0.983527059887267,0.973761110423636,0.982002933408272,0.979788113546671,0.979494298352981,0.975609933438522,0.98038189358419,0.97240408879984,0.976651181630841,0.976440146663483,0.989242988758808,0.996051808788787,1.00896037513877,1.0065932778649,1.01434139651481,1.00830098141218,1.00959277125969,1.00512407822469,1.00707613265028,1.00960608784125,1.00911891106665,1.0172928287158,1.02231766843548,1.02308327685941,1.02474333423449,1.02335501197733,1.02321856877623,1.01052727473884,1.0083137285153,1.00797523251834,1.0089366460858,1.0046564560128,1.0077043919678,1.00732202670076,0.994710450148293,0.993682455292187,0.996889334033216,0.987625735739304,0.990053420241399,0.994804401632508,0.996003051843142,1.01065823882501,1.01082278676709,1.00762738062697,1.0100907767152,1.01031653215053,1.01160625174184,1.01214647979493,1.01079637421798,1.00886959724337,1.00943099114521,1.00551716641484,1.00476353190521,1.00468030375207,0.992239485043521,0.995441015165181,0.997986597923139,0.996240551907334,0.995128318147554,0.996711126287675
6,119,0.999236022971388,1.00340359772227,1.00396890664093,0.998974600615652,0.996681746828272,0.996203536720761,0.991007979777769,1.0030690769298,1.01109020073048,1.00597957453555,1.0043458391841,1.00011731229506,0.99896048451867,1.00632433084666,0.998890445042903,0.999289609810485,0.996970470272029,0.990552100224181,0.994934164333028,0.995099419817458,0.995019861471391,0.99198408022383,0.993387291753706,0.981617202328071,0.984681559435209,0.988039977805157,0.987866507968718,0.997204804417648,1.00512389850965,1.0047368431569,1.00040118945798,1.00320201847693,1.0033078948053,0.995647583779229,0.994673564418659,0.98737708814877,0.986418262780647,0.981149059097667,0.987044071100909,0.986708505256735,0.984481803973931,0.987593207857163,0.987970154661095,0.984649935214888,0.97773931242051,0.980051276650439,0.979759016423497,0.971462262163287,0.971376914644767,0.969221959385278,0.968588028955791,0.970017190488309,0.969299135390289,0.982320578605306,0.987225740313142,0.990695140150573,0.992234013175154,0.988953323577212,0.991886431164687,0.992685893359182,0.992204686928192,0.989694992484879,0.990004682683605,0.990015845494803,0.986804869906248,0.981847704695144,0.980913642027279,0.978959295007512,0.971328314753287,0.972595670232913,0.971665758652649,0.98587027949873,0.989438682951128,0.989206812511691,0.99891381232827,0.996903652697129,0.992086720016654,0.985519931795713,0.978113843018284,0.983043226185818,0.982926860300074,0.98413769024335,0.974170272573046,0.97369981732166,0.976459035508369,0.982267505768712,0.981417143642219,0.99811442964892,1.01190557581771,1.008879005825,1.00851565882478,1.00035122432793,0.997883814885506,0.997767456539469,0.987288068291246,0.980887094020688,0.982047585437275,0.9859610342271,0.99591097624877,1.00730463985722,1.00814908067521,1.02380460607183,1.01938210653655,1.02019681803369,1.00267029972545,1.01154771072528,1.01080341572988,1.01293705766412,1.02304383314001,1.02466005626659,1.02445008590169,1.0323229769209,1.02919068589563,1.02905535898991,1.02669359221346,1.01317829392431,1.01520873453847,1.01462128376429,1.01027885679525
6,120,1.00436039388983,1.00159593517469,1.00080465505185,0.998253375785411,0.998704540893607,0.99901289024487,0.992254632787621,0.997534312697022,0.991625815668485,0.987768749337016,0.989983010278273,0.996229764371645,0.996272335146604,1.00452370165588,1.00807080732078,1.00933936532485,1.01135114724956,1.00708924257516,1.00522532454683,1.00522532454683,1.00548885455987,0.995394534290984,0.995906361688696,0.991197884763855,0.991588932919485,1.01167594051994,1.01167594051994,1.03349233723029,1.04805464224861,1.05429364548007,1.0548361262795,1.05816634359045,1.05260991800248,1.05331034856015,1.04804144092235,1.04576178804042,1.04536442098071,1.03991342115027,1.03064338289566,1.03089263436973,1.00292675643557,1.00168702625021,1.00172432294963,1.00323031364638,0.997022975706462,0.995648186287278,0.995900662669354,1.00139345206909,1.001810685835,1.001810685835,0.99857891609266,1.00057188658583,0.996234452966247,0.99541156531453,0.996781600380995,0.996410534540284,1.00016655517858,0.996335137588604,0.987366539524495,0.981152924987317,0.979310087909527,0.987108594843487,0.991730584280635,0.991967066721847,0.997083840109565,1.00152792246498,1.00094453500828,1.0087972663912,0.985948806912958,0.99120412046177,0.993572518028057,0.994000019023507,1.00294790739864,1.00320189618496,1.00653784006952,1.00973635834287,1.00478556053339,1.00354634013497,1.00249676107967,1.00275319754342,1.00342588038056,0.997109085370866,0.995106474220973,0.995422381486889,0.996362153400048,0.994440864558082,0.991466825389891,1.00131771954145,0.993893906656049,0.986043471656504,0.985902872657241,0.980940052136248,0.985716102491097,0.985330705189144,1.00202927479827,1.0178877501009,1.01559817116318,1.01495274319492,1.01689877430941,1.01435998817012,1.01237177944061,1.00755244236652,1.00011635657577,0.997066632285442,0.994374837976626,0.996894141272691,0.996456161929951,0.996473533491776,0.986126039195649,0.982369492019293,0.981500982776086,0.999950099623435,1.01265547225161,1.01241158142546,1.01707186037859,1.03134614710447,1.03337422844316,1.03440390947013,1.02211236908618
7,81,NaN,NaN,NaN,NaN,NaN,NaN,NaN,NaN,NaN,NaN,NaN,NaN,NaN,NaN,NaN,NaN,NaN,NaN,NaN,NaN,NaN,NaN,NaN,NaN,NaN,NaN,NaN,NaN,NaN,NaN,NaN,NaN,NaN,NaN,NaN,NaN,NaN,NaN,NaN,NaN,NaN,NaN,NaN,NaN,NaN,NaN,NaN,NaN,NaN,NaN,NaN,NaN,NaN,NaN,NaN,NaN,NaN,NaN,NaN,NaN,NaN,NaN,NaN,NaN,NaN,NaN,NaN,NaN,NaN,NaN,NaN,NaN,NaN,NaN,NaN,NaN,NaN,NaN,NaN,NaN,NaN,NaN,NaN,NaN,NaN,NaN,NaN,NaN,NaN,NaN,NaN,NaN,NaN,NaN,NaN,NaN,NaN,NaN,NaN,NaN,NaN,NaN,NaN,NaN,NaN,NaN,NaN,NaN,NaN,NaN,NaN,NaN,NaN,NaN,NaN,NaN,NaN,NaN,NaN
7,82,1.0144162753041,1.01117114739992,0.998554970129054,0.994552543760854,0.994832175522883,0.996681753358905,0.999049461152143,0.99928785542953,0.995557253311221,0.998084235984162,0.998372286815237,0.998372286815237,1.00196474332822,0.999091362907385,0.998988793809945,1.00353856901419,0.998492404494242,1.00052342794021,0.998468453522556,0.99555889593297,0.988122421165221,0.988122421165221,0.985169376402881,0.990878242545346,0.99051855181258,1.00122507843007,1.01043652959394,1.01005785641752,1.01919200821186,1.01291216626086,1.0098558893885,1.0091414857394,0.99808154697485,0.99975280597025,0.997482412998244,0.995305841071008,0.989955123819731,0.989562858420941,0.990931999288558,0.989780322984018,0.986938534831147,0.988709177722847,0.989974405216799,0.988269009169637,0.987128067322146,0.993076027609895,0.984173497904672,0.98797813818477,0.990725098962603,0.988007541170459,0.993001326619049,0.993085763248048,0.980642443544077,0.979753013076671,0.979112454447205,0.979826421068202,0.980537427415779,0.984423293065508,0.984226078712164,0.980055664356269,0.986662735820584,0.987738846754682,0.985541832138644,0.987715714988953,0.987420988126503,0.981417269055681,0.978915094100317,0.975653906072068,0.975907557159047,0.979217002200523,0.982132663136471,0.982246298196861,0.973826054119371,0.99390376006282,1.0057308046139,1.00554389055308,1.00285299822,1.00617223887324,1.00482712474123,1.00829928071794,1.00752649281691,1.00825142159728,1.00385112848792,1.01135036569925,1.01539611465945,1.0158167382224,1.01809262184953,1.01749244743161,1.01655369920886,1.00448358317023,1.00003971669952,0.996463282219716,0.995578124683069,1.00115141767964,0.998388529701891,0.992383838911776,0.994514672099822,0.994327316238509,0.993896829626143,1.00046985224448,1.0054131094414,1.00553262538988,0.996388931429015,0.994251693296643,0.991423086452832,0.989402607379065,0.989784575326966,0.983187358979165,0.983350238295975,0.985768031808798,0.983023521457314,0.985462741248109,0.985462741248109,0.987267385973051,0.98569688418533,0.98712149733934,0.987451389404099,0.988700882634767,0.975032068836763
7,83,1.01332182493103,1.00777681414236,1.00150967280585,0.997669766386616,0.999727310740591,0.998831591674044,0.996938390587375,0.998475357371392,1.00228538525864,0.99880932973884,1.00082637874041,1.00059574092325,0.998286203971473,0.993022055102113,0.990168122573075,0.990756680661404,0.998149129991646,0.998149129991646,1.01470111440824,1.02565674312104,1.02410721446869,1.02425923751349,1.02668374648721,1.02420379003883,1.02248920370695,1.02446409984115,1.02489723114394,1.02403371284933,1.02791305117569,1.02194487447647,1.01811424895305,1.01811424895305,1.01139084909769,1.00880859219058,1.00271829444924,1.00820134510276,1.00006461562349,0.995863966021453,0.996036660852065,1.00459746183056,0.996965918142763,0.996788783440302,0.975996858823919,0.990951905538631,0.990951905538631,0.995172495897127,0.994827843859998,0.992029744474815,0.992029744474815,0.989309926510514,0.987738016085056,0.987622825542295,0.986935273846653,0.994594159714886,0.994743283130872,0.989259330519365,0.986508970813641,0.994178644419205,0.993568429932821,0.990223815716373,0.982870498351492,0.982103952382735,0.984235830922201,0.981712202986981,0.983697492755,0.988727088150609,0.988210131052871,0.989699598317251,0.989699598317251,0.99421821455286,0.994152950860218,0.996953548666791,0.993493678831973,0.9892349281963,0.986061084435521,0.986061084435521,0.991513116179529,0.993070939033471,0.993279560116151,0.988905940963829,0.987039941497554,0.986611656422302,0.9920489584886,0.988356094108308,0.993272959247172,0.991794133160621,0.990908148089979,0.988550604099618,0.988519495230213,0.986990616239275,0.986069232998773,0.993305903311345,0.993274345347052,0.989574050983215,0.995677975543074,0.995766947083275,0.999032961842086,1.00611571112075,1.00519369817207,1.00386942511633,1.01542722615174,1.01635713620095,1.03480180939937,1.04535673476607,1.04487077086387,1.0454537875424,1.0465206732863,1.03890869229261,1.03781257457098,1.02779626278674,1.02829864434379,1.03463806454402,1.0356063873328,1.02199671341822,1.02350251544383,1.02504241084487,1.03896053009767,1.06105276472948,1.08714530098226
7,84,1.0081988594669,1.01017812740105,1.00930956882719,1.00691471989893,1.00691471989893,1.01021151488897,1.01143176990739,1.00997194711001,1.00932586470827,1.00766198762054,1.00136615169148,1.00118923203175,1.00083326224054,0.997048106135268,0.997534787479671,0.980446159984872,0.986992375755488,0.971835223129522,0.972635621823227,0.9808849524838,0.985012155705458,0.987039240587152,0.988520077699315,0.98823152182566,0.988256546515394,0.990941495040595,1.00303389160622,1.01462508953517,1.01911367003741,1.0205036460923,1.01050840475607,1.01253959200648,1.01166604968743,1.00270232551129,1.003116017506,0.999897575661744,0.998181357704173,0.995841158817872,0.998423746035432,0.998989693404965,0.989824652820957,0.990263793051594,0.987035865829625,0.988551856897658,0.991320187175139,0.991320187175139,0.998304442960106,1.00361799123216,1.00142473312887,0.999712534283252,0.993027581028978,0.995305334393275,0.995305334393275,0.997344969686806,0.994480095665031,0.994539151416412,0.992904617969977,0.99168022888931,0.991375922647591,0.987301954968893,0.992686247082396,0.993441831824846,0.993599196826335,0.996799242748983,0.992897045777562,0.992897045777562,0.998136188705204,1.00697276935894,1.00670858691452,1.01505253418844,1.02481974523438,1.02885977684074,1.02885977684074,1.01970897414615,1.01955289895942,1.01807126476076,1.00989487870509,1.00361194185732,1.00361194185732,1.00661503645177,1.00777651987277,1.00406998582127,1.00406998582127,1.00543953336726,0.998471161359405,0.998947805692593,1.00928856939437,0.992964011077918,1.00140237775483,1.00000467639041,1.01484506125121,1.01321751595939,1.01513282395198,1.01908457001141,1.01168500018965,1.01554447372857,1.01138943924752,1.01552337282772,1.01549448068903,1.01495145456329,1.01283606554267,1.00983554989177,1.00893405323165,1.00614792120523,1.01336912498794,1.01352153440313,0.999846129933737,0.998727528973727,1.0038998393702,1.0038998393702,1.00267996750882,0.994724599698822,0.993849623941815,1.00120287777945,1.00207157082454,0.999418892775158,0.999418892775158,1.00216741266561,1.00060765232653
7,85,1.0041867691281,0.999554359417904,1.00499199065903,0.998395179101848,0.991832507804181,0.994580768150193,0.991906924658316,1.00422987797895,1.00565764352543,1.00040455575352,0.999683085512284,1.00401766677442,1.00401766677442,1.00376022599217,1.00269207689382,1.00363244442489,0.992739206279271,0.995819328621576,0.997897722549682,0.998004526707206,0.990767299173492,0.996030361934823,0.996738804387978,1.00009906090527,1.00617213436792,1.00589314690906,1.00603777552893,1.01640873870254,1.00661771172586,1.00638929842083,1.00647591807564,1.00200943086475,0.999712071178399,0.99478668831988,0.993065205073227,0.988765163262111,0.985548152555582,0.986583292362956,0.993203653879089,0.993203653879089,0.995011064230316,0.981689331376384,0.981918323882614,0.983948241932308,0.985998218130948,0.988086939576474,0.990570331860503,0.984750614042495,0.993113229086001,0.994932360257088,0.989438867898078,0.989773361744958,0.991853751791777,0.989610729889889,0.983933874183788,0.99308808368375,0.993539677691133,0.996281171219777,1.00097867150136,1.00759387656155,1.00756620186334,1.01453436303577,1.02427931209414,1.02423436234723,1.01882599215878,1.00629986251346,1.00946731743173,1.01121163613803,1.01860823338955,1.02036076311346,1.02108458385915,1.01748318134099,1.01708667073615,1.01708667073615,1.01062573208786,1.01009165356126,1.00901890694017,0.996857042022905,1.00739733280164,1.00739733280164,1.01188342038323,1.01152271130386,1.00905791292406,1.00905791292406,1.01644865870925,1.01070431814159,1.01050963792024,1.00650747400023,1.0114097330905,1.01233278627264,1.0090218880108,1.00518332952345,0.999116270910884,0.999314080104784,0.999813988229337,0.989002386337752,0.989608981604278,0.997965646195376,1.00765621644543,1.0064440110906,1.00654088898449,1.02494531059291,1.03624525120069,1.03677094635323,1.02991082853866,1.02304002876723,1.02777711714111,1.01949220970434,1.01955237888258,1.01624101166482,1.01624101166482,1.01785660156698,1.01768503858679,1.01858746736213,1.0077421669238,1.0036814789213,1.00718633119451,1.00541622650489,1.00799317448991
7,86,NaN,NaN,NaN,NaN,NaN,NaN,NaN,NaN,NaN,NaN,NaN,NaN,NaN,NaN,NaN,NaN,NaN,NaN,NaN,NaN,NaN,NaN,NaN,NaN,NaN,NaN,NaN,NaN,NaN,NaN,NaN,NaN,NaN,NaN,NaN,NaN,NaN,NaN,NaN,NaN,NaN,NaN,NaN,NaN,NaN,NaN,NaN,NaN,NaN,NaN,NaN,NaN,NaN,NaN,NaN,NaN,NaN,NaN,NaN,NaN,NaN,NaN,NaN,NaN,NaN,NaN,NaN,NaN,NaN,NaN,NaN,NaN,NaN,NaN,NaN,NaN,NaN,NaN,NaN,NaN,NaN,NaN,NaN,NaN,NaN,NaN,NaN,NaN,NaN,NaN,NaN,NaN,NaN,NaN,NaN,NaN,NaN,NaN,NaN,NaN,NaN,NaN,NaN,NaN,NaN,NaN,NaN,NaN,NaN,NaN,NaN,NaN,NaN,NaN,NaN,NaN,NaN,NaN,NaN
7,87,1.00425776700482,0.998318051358297,0.997875785596939,0.990326383490457,0.989999738064956,0.991759481734978,0.984582589736904,0.991508986891262,0.986077562373861,0.987813293393527,0.991128933840443,0.991128933840443,1.00493110399491,1.01124513532351,1.01243941477758,1.01628671949743,1.01605422980017,1.01605422980017,1.01821165947935,1.00831448846972,1.0021578211347,1.0016336955694,1.01133261976758,1.0115984016616,1.01285664666787,1.02718645690265,1.03320954058017,1.03372486956035,1.04254151719019,1.03551342295412,1.03282750452214,1.03282750452214,1.02974456210103,1.02112192974651,1.0206072711321,1.01995278148776,1.0161873014692,1.01148156942821,1.00863465372249,1.01006553857538,1.01510216109402,1.01468170344304,1.01170127691774,1.01063236026054,1.01236490896777,1.00822479061464,1.0126989262664,1.01812578549145,1.01811613382081,1.02638782329821,1.02185789953078,1.02140841638679,1.01580996682885,1.0108967782883,1.01051388269001,1.01795567782465,1.03205599706025,1.0318742768155,1.03306114092203,1.03803969074762,1.03745406029143,1.0395113363884,1.03710145869356,1.03199441507399,1.03199441507399,1.03200630943585,1.03734319375635,1.03372141208221,1.0335825100486,1.03239888076473,1.02754519286302,1.03351446217084,1.02761381782716,1.00829623122812,1.02325964833554,1.02346116489977,1.03373697075041,1.05387747269193,1.05387747269193,1.03208622753849,1.04112639604327,1.04024385914854,1.03453934649453,1.02976217817486,1.02663998370309,1.02663998370309,1.03478051792381,1.03507114177619,1.0345923176905,1.02467381536367,1.02240243411005,1.02510325414066,1.02441377490473,1.01854038582646,1.01215518809741,1.01198966023813,1.01283133777328,1.01609994357709,1.01604655283452,1.01953030008157,1.02076109684449,1.02131575812737,1.03495446971277,1.03584914284992,1.03749651514691,1.03789766112119,1.0258690418045,1.02689689818621,1.02679888005396,1.02690116519991,1.0253769445993,1.02420246804462,1.02346609389342,1.02442149765105,1.01701657587073,1.01701657587073,1.01318234112847,1.02474539354901,1.02510595994378
7,88,0.995481907424713,1.00210424849271,1.00210424849271,0.99765701874911,1.00203615338636,1.00256161458648,0.998307804005733,0.997131493794316,0.998976468301841,0.993411631427711,0.993365363508879,1.00192848335263,1.00192848335263,1.00733677801088,1.00557364292937,1.00529115602784,0.997597094591977,0.994733051954381,1.00247335760974,1.00320663602857,1.004966631931,1.01962169773647,1.01962169773647,1.02334216473714,1.01892536051301,1.01958952575237,1.01929522221366,1.01889633568351,1.01404537740434,1.01404537740434,1.01435948663148,1.01206388755627,1.01133845648045,1.0110120171502,1.01190010881568,1.00386912225965,1.00880209109357,0.997072497926869,0.994958427910989,0.994958427910989,0.997051974196179,0.992994699709227,0.99258912775257,0.99014248691049,0.990002944947029,0.990704264793461,0.987102019380822,0.985964770654652,0.987037170819003,0.987037170819003,0.978924057282668,0.992153273433732,0.997997952056796,1.00788612209357,1.00957358451348,1.00183636246022,1.00122810395702,0.997016442893615,0.994914219484236,0.994914219484236,0.983779626598683,0.984697543109849,0.985598138045826,0.989578456529785,0.994537974114131,0.992852939504305,0.992852939504305,0.994873653673424,0.994399007414966,0.993748609257389,0.989607551715323,0.97893707353941,0.97964292416107,0.985420203708287,0.98478968042632,0.981475246424901,0.981475246424901,0.986874491818604,0.988031308482005,0.988094647685172,0.98588131844245,0.990848983132035,0.990962278781611,0.990962278781611,0.985407089902312,0.992449121142048,0.991910887793947,0.98994263350682,0.987558086263538,0.985994615422242,0.985994615422242,0.991063794042915,0.988922477989048,0.989587008692687,0.986160648523907,0.985086238240733,0.992021352948038,0.983350108392717,0.987254169951893,0.988004134628026,0.988346320495339,0.992958778209526,0.985909443247572,0.985550686288062,0.977797312033931,1.01596940693602,1.01588557252604,1.01331346732565,1.01705349330067,1.02188750133142,1.01689113380714,1.01845386601616,1.01249554233912,1.01249554233912,1.01041717603549,1.00939459721736,1.00948239045529,1.01115550573221,1.01688774846828
7,89,1.00557644998059,1.00217440721696,1.00342788372319,1.00082134478507,0.998954726366819,0.997803515706025,0.997243417469278,0.997243417469278,1.00083560038519,1.00301300064905,1.00217176468719,1.0017973525187,0.99980843518205,0.99842304542312,0.99842304542312,0.997822186014074,0.997342756509042,0.997771993742184,0.999345656749059,1.00343712651944,1.00123215959967,1.00482271693496,1.0035138735824,1.0050226830442,1.01244399965292,1.01270708572308,1.01965080137741,1.01810557417793,1.02614425957509,1.02459894513391,1.02452205878319,1.02452205878319,1.01804503878847,1.01453872603106,1.01489122677092,1.0119016488282,1.01076918983543,1.01105259237508,1.00903368787206,1.00431667404433,1.00282139714131,1.00356445813879,1.02122350514009,1.02077589555947,1.02227717391203,1.01653633522035,1.01043757208548,1.00817617196387,1.00817617196387,1.01031166293863,1.00367041014288,1.00342998779487,1.00434049118155,1.00782458895579,1.00727966398333,1.00579440490598,1.00450029423804,1.00282237917671,1.00282237917671,0.998588629679631,1.00026279451226,1.00028082027011,0.997091592067015,1.00359352711596,1.00359352711596,1.01099976912517,1.01931492756302,1.0272602828339,1.02682953009842,1.0207666777734,1.01910160764885,1.01927978039498,1.01910041504737,1.01633113891492,1.01404136331937,1.01404136331937,1.0191949835161,1.01415271567322,1.01127235525863,1.0048592474752,0.997556398783273,0.998961617977981,0.996613667250506,NaN,NaN,NaN,NaN,NaN,NaN,NaN,0.877904712440435,0.883862111170431,0.883534377617789,0.886057449899409,0.885345036833169,0.884827429211905,0.882910682954389,0.884322755824456,0.885156280310208,0.884038776127102,0.887597926197662,0.887486277863518,0.887301908970261,0.893023254177052,0.891727932031688,0.89223638722524,0.896297398293455,0.884309714135784,0.884222516023495,0.889860632875052,0.89605699999565,0.90092083996383,0.900920875760109,0.905676648752797,0.900741919599536,0.901325556834405,0.901440429900101,0.898465858999923,0.902122012464528
7,90,1.0177117684194,1.01772050358852,1.00316060816935,1.00391081812081,0.972568357255619,0.973388305693048,0.975761281854407,0.991108959531147,1.00396659967033,1.00720905735666,1.0057447690717,1.00979740259442,1.01299524740637,1.01188822031028,1.00699120977403,1.00702023369672,1.0250428066002,1.04306537950369,1.06108795240717,1.07911052531066,1.07842660182684,1.10855276247594,1.1368951412177,1.15647294893338,1.15550436493866,1.15800900350716,1.166890601065,1.16704226272902,1.14397146457778,1.14736233267614,1.14754084012835,1.12964946508278,1.11807803923941,1.11608384494245,1.10920740839675,1.09810314126328,1.11108700375095,1.11076623685115,1.10948003841546,1.10591374286674,1.10591374286674,1.11578718031448,1.11644508957512,1.12152940580645,1.12368266470185,1.12604008762815,1.10737233367274,1.07997594311476,1.0652692667571,1.05056259039945,1.03585591404179,1.02114923768413,1.00644256132648,0.991735884968823,0.998498877714482,1.03569449066524,1.05776309533186,1.05790892774155,1.06887691750857,1.07176211070013,1.06779008341196,1.06779008341196,1.06407177275507,1.06905850160794,1.06042520772506,1.07119144455805,1.06880857241466,1.06673670031024,1.0599415442765,1.06282162804471,1.05887113500582,1.06439879070786,1.06003529409854,1.06488423961629,1.06134669680076,1.06410749183537,1.06819956537816,1.06819956537816,1.05826584077094,1.06428498479235,1.05886240749311,1.05640630289903,1.05228038531707,1.05197809940784,1.05118903223689,1.04953354627305,1.05670841802879,1.05476949510895,1.05515230712009,1.06125209648503,1.05251704834324,1.05070215159615,1.04965255179872,1.03790294584926,1.03842142486882,1.03652483833726,1.03055138878431,1.03597648588958,1.03165192671226,1.03190167072846,1.03190357991569,1.03215716702813,1.03482396740454,1.03666432206238,1.04165500767489,1.04805759939437,1.05432038854091,1.05597466065835,1.05553572757856,1.04163074950661,1.03784985056531,1.03833915221039,1.00201167309288,1.02904954636367,1.02904954636367,1.03468144870965,1.04221551708488,1.10315982719983,1.10204286053547
7,91,1.00542997413566,1.00562913295551,1.00265993928934,1.0054634980531,1.00582537096722,1.00316389533792,1.00389190642776,1.00115303455656,0.999540092140425,0.995689132437859,0.995397207648478,0.99898985418456,0.996558640057905,0.999965449246212,0.999085997179252,0.998861691437327,0.997381047796183,0.993128608445543,0.992185527703179,0.99708259607517,0.994342481759696,0.975866778565082,0.97587892198581,0.977611727035867,0.985122800775256,0.985270614868753,1.00839953442206,1.0157539489099,1.01584915574512,1.01413177381804,1.00898268374743,1.00912240906002,1.00399253041188,0.998311235197067,1.00015522102625,1.00015522102625,0.994064104607611,0.998348785045217,0.998660348073376,0.985521912003181,0.982328787526801,0.983034977064702,0.983034977064702,0.980691226297199,0.979810295404289,0.980306266131413,0.971739532213017,0.97589089932479,0.973034611909568,0.973024361083208,0.97037943912932,0.963431529678629,0.964474190882062,0.960489744717184,0.965903854589692,0.965830452076862,0.956475014084782,0.970106178867614,0.969943042206941,0.96991566184795,0.969588587475077,0.967156758544269,0.969128470988182,0.966981793227485,0.967832008891547,0.962486211473342,0.957726474223212,0.959085219475996,0.953110533698486,0.958398525462823,0.95510433394852,0.959771699298439,0.960371073809088,0.956165185126213,0.96803484693563,0.969816030213627,0.977075978204958,0.97551474904309,0.970911916766767,0.971046067585765,0.98983858454224,1.00311731794313,1.0025947851283,1.00546403292493,0.996494104043268,0.994563639773393,0.99526922112277,0.991675526101115,0.986519845511915,0.986889182398318,0.985446428680055,0.981594512331911,0.982881904376943,0.982888969074513,0.971592226104926,0.982882730008317,0.98355802012463,0.979967260420251,0.988145705371108,0.988592294560797,1.002447396728,1.0042651264602,1.00420254345019,1.00928235907628,1.0022702986211,1.0012633300182,0.998040515178782,0.990986449157633,0.986959750078465,0.987794510858225,0.985058936269734,0.985840583760621,0.984946531301936,0.985179275597626,0.981803739064733,0.976456262173103,0.976101342684324,0.977977767423569,0.97029982486207
7,92,1.00991712072255,1.01041348624359,1.00428930934973,1.00074651589421,1.00063549290075,1.00014612745275,0.996600057277158,0.997696015987634,0.998454496405854,1.00010074783013,0.996518501217291,1.00038892700715,1.00014205502278,0.996776071131215,0.996584542409506,0.99709227632165,0.995511163908882,0.999016351215126,0.998970741702044,1.00653090741689,1.00007850354232,1.00038100873429,0.999216456132522,1.00424940036519,1.00328470438908,1.00370333795736,1.01737889138612,1.03837171339246,1.04442455077368,1.06078071669372,1.05710295882316,1.04986102439745,1.0499275135973,1.03727936746534,1.02941632861455,1.03052902794699,1.02564743037924,1.0170118112313,1.0170118112313,1.01559314917255,1.0146452575489,1.00941150205122,1.00941150205122,1.01260928299435,1.0211707558406,1.0230925271544,1.01689405517154,1.01016482105927,1.00713856010505,1.00788747434938,1.00186707965617,1.00268157402369,1.00268157402369,0.999019943733374,1.0015072318952,1.00211200055001,1.00147509458607,1.00212867283937,0.997337470364209,0.997337470364209,1.01323751059647,1.00258546520082,1.00306215939851,0.99635909653734,0.993273456265646,0.996935394995539,0.993246268748643,0.983139544743343,0.978185151036516,0.97879019346876,0.979472977913788,0.987390585174103,0.986636773396539,0.998889640705577,1.01135604638641,1.01192924249199,1.02550128645753,1.03057201586953,1.0358759524101,1.0358759524101,1.02862605262259,1.03026395191589,1.03363240316283,1.03238563629959,1.02461916109103,1.02497391326728,1.02531035256994,1.0177524291017,1.01664430882408,1.01686140989564,1.01178382591686,1.01221023645411,1.0018877101443,1.00308346189072,1.00298158486869,1.00090149818787,1.00299488684215,1.00361283301777,1.00837178822022,1.0088310962885,1.00638388149318,1.00357790003997,1.00304134691119,1.00371496088719,1.00482305614367,1.00766523326602,1.00941210913216,1.00146066260543,1.0010863261626,0.99916411887844,1.00588192269859,1.00212668581039,1.00492615083617,1.00492615083617,0.99947706206407,0.99860187479643,0.998171191433077,1.00224462142379,1.00244753312776
7,93,0.89817878573146,0.906990289155319,0.91234920372908,0.916196049363699,0.954943908244519,0.983924844828547,1.00318566762101,1.00270905747116,1.04171958124183,1.05281101182213,1.05248166016001,1.04751632810399,1.03937944940514,1.03934658170893,1.04605117795597,1.03567248878459,1.0229411299394,1.02374851788123,1.01985426685198,1.00939975969341,1.0098102436656,1.00288185834947,0.971699003177393,0.955731557326035,0.95513702580691,0.966070267755338,0.96357939344243,0.964311808675726,0.966719404467756,0.961076487531734,0.960775140229813,0.955300543526216,0.947031767989818,0.938526568250472,0.938526568250472,0.929869726161949,0.927192266186131,0.928094003236766,0.910016327650107,0.918357309849372,0.923523534722513,0.938330835893241,0.966729219625102,0.977861473409689,0.977781382203368,0.99639472289883,1.00923342110345,1.00902274792727,1.01685407042844,1.01885168845061,1.01508095408195,1.01539943946877,1.01263719970494,1.00793949250045,1.00796494255268,0.988433525173778,0.982469493823183,0.982469493823183,0.971733178196265,0.969138638293295,0.96371255075389,0.96615969458326,0.954895021695466,0.954544215888243,0.955849335878632,0.950903669277916,0.952260894842004,0.951502817744225,0.954240060482754,0.920573170070739,0.854640817321143,0.851731133102615,0.799816971113968,0.716021577285211,0.716132270131144,0.661520556463677,0.627342468904738,0.62646183499081,0.616692528397132,0.602108095261986,0.612310936199421,0.612564974197317,0.607833877320852,0.608730727890957,0.608525846662032,0.603872196389472,0.603526951135556,0.621795211193195,0.621029534405315,0.624446777884841,0.625265921983992,0.625122921964192,0.62225747710694,0.627683656814009,0.62788960569867,0.628743908207076,0.624351974154995,0.625684159901805,0.627392988178391,0.630376474368439,0.636686881244295,0.637943138943369,0.640692083371648,0.642774663425148,0.644292908397882,0.64447682234959,0.640803513451383,0.644550942827631,0.643763319462061,0.645563154180488,0.646416191115434,0.64509922479056,0.650218082694117,0.662232622578429,0.692608974830349,0.69347607138094,0.755558817294071,0.786991807747225,0.786991807747225
7,94,1.1135457763816,1.08831031144231,1.04351399552096,1.02966005217614,1.02872952156534,1.00432336135815,0.993116725483157,0.993376765673518,0.980261237397182,0.973003813160245,0.969191918344089,0.969191918344089,0.970974673990795,0.968047602675007,0.968466122791244,0.967813379573579,0.979090575900845,0.978841335617209,0.980540912604539,0.986169082774561,1.06336021171566,1.06352418344113,1.08655669609668,1.10041306572031,1.10010300760502,1.14291660744953,1.1726767357644,1.1727708574368,1.18408159043062,1.17166899365934,1.15544766059559,1.15511875154653,1.14628885870263,1.13685528343956,1.13841690510727,1.12880359509742,1.13072667341384,1.13450409649349,1.15869451706871,1.13940263405206,1.08715730736222,1.08715730736222,1.03880929201862,1.01410624306791,1.01397493004846,1.00839934878612,1.004662623619,0.996638286233575,0.99686741066607,0.986155294489945,0.985051932461026,0.984524323756397,0.975305471360567,1.00474453243903,1.02984137045505,1.02984137045505,1.02228049420207,1.02092399664971,1.02200279847124,1.0431861945047,1.05433427309745,1.05546060257074,1.02439182260089,1.01123456628681,1.01548222404642,1.01688492480448,1.0358989546392,1.05320987976349,1.05378697517853,1.05994081464412,1.0493371741282,1.04954667226261,1.05334356822785,1.11019545476156,1.13718733752483,1.13718733752483,1.14044171465485,1.1413515207861,1.14093023921226,1.16058274034989,1.16395257039275,1.16220379111161,1.1809784949746,1.17529897071488,1.15703203871303,1.15679841066381,1.15755792765886,1.15491696454056,1.1553444656316,1.16035098002882,1.12303881369201,1.05778962759743,1.05582038269803,1.01755693307264,1.00012578223668,1.00763355774277,0.997944349008507,0.996984789134673,0.995094183698109,0.993496989936515,0.982352162220675,0.982535704769301,0.986402683866714,0.976595165450988,0.970088521441795,0.970088521441795,0.967268769468404,0.962938030943212,0.964090316080056,0.971811097828164,0.990187763797776,1.00856442976739,1.00906124349386,0.997035730532923,1.0076735731391,1.00904222422151,1.00879078877157,1.00672907120814,1.00934327636779
7,95,1.02711477861641,1.01261944736952,1.01437702710244,1.01923735820159,1.01763957765606,1.01430033887495,1.01430033887495,1.00103838852713,1.00274377123662,1.00274377123662,0.989756742601057,0.986343510702181,0.976427939278313,0.976650396388697,0.980527249845301,0.9802195400056,0.981745665718556,0.984739215619788,1.01747494214421,1.01754318447401,1.01566828147985,1.03406237705567,1.03421776839454,1.05968593607581,1.06487743168996,1.08167179455491,1.08233598386722,1.10053753594962,1.11000952832912,1.11000952832912,1.11225841551178,1.12226122433819,1.10484907079535,1.10593513222263,1.09389162736536,1.0910440766017,1.09111076043603,1.08043139077651,1.07591734871636,1.07481806870247,1.06687158931169,1.06121565628143,1.05949334405306,1.06068460568501,1.06404961768311,1.08018722519915,1.08337455359746,1.05762678740084,1.04025825791086,1.07397180423486,1.07569752650062,1.07336639417105,1.06622675799583,1.06622675799583,1.05704418916566,1.0457366654049,1.04416293519208,1.04499818504058,1.04816116122575,1.04817392448518,1.05148111208234,1.0432020830497,1.04210970283384,1.04313374926158,1.04095575771433,1.05001965707317,1.05148779818429,1.05108542335474,1.05183235974649,1.05863240312388,1.05929825105667,1.04344155508087,1.04869558682663,1.04970145171535,1.05660490846809,1.06002036096424,1.05208620177002,1.05174344920587,1.05459652621447,1.05379674037509,1.05349708546329,1.06951962154312,1.07372187665046,1.06786312696934,1.07493961453458,1.08728168917136,1.09713557988256,1.09713557988256,1.08813286182562,1.08881256326918,1.09050105369374,1.09270164281608,1.08641215961424,1.09339711736041,1.09905936380305,1.08073348025509,1.079762814112,1.08038053508353,1.08293834667995,1.08557993091635,1.08364927237555,1.08605996973956,1.13007849325677,1.13134063131915,1.12160364828694,1.11509642240802,1.13386803494414,1.13386803494414,1.1459637868785,1.14311609991079,1.14192282466393,1.13496084820237,1.12014594913341,1.11681992284858,1.11584963368377,1.10648518909859,1.10393864467904,1.1025928964513,1.08524765746004
7,96,NaN,NaN,NaN,NaN,NaN,NaN,NaN,NaN,NaN,NaN,NaN,NaN,NaN,NaN,NaN,NaN,NaN,NaN,NaN,NaN,NaN,NaN,NaN,NaN,NaN,NaN,NaN,NaN,NaN,NaN,NaN,NaN,NaN,NaN,NaN,NaN,NaN,NaN,NaN,NaN,NaN,NaN,NaN,NaN,NaN,NaN,NaN,NaN,NaN,NaN,NaN,NaN,NaN,NaN,NaN,NaN,NaN,NaN,NaN,NaN,NaN,NaN,NaN,NaN,NaN,NaN,NaN,NaN,NaN,NaN,NaN,NaN,NaN,NaN,NaN,NaN,NaN,NaN,NaN,NaN,NaN,NaN,NaN,NaN,NaN,NaN,NaN,NaN,NaN,NaN,NaN,NaN,NaN,NaN,NaN,NaN,NaN,NaN,NaN,NaN,NaN,NaN,NaN,NaN,NaN,NaN,NaN,NaN,NaN,NaN,NaN,NaN,NaN,NaN,NaN,NaN,NaN,NaN,NaN
7,97,0.983536609365072,0.978170092171979,0.973803915333086,0.974000502034467,0.955462638824257,0.955895137458869,0.931396171373347,0.97112740398701,0.977017507125521,1.00663574601358,1.01428848511996,1.01410411493256,1.02649676730068,1.0392198690291,1.04296531113737,1.04296531113737,1.04343660863152,1.03473939526771,1.03473841375654,1.02508209697031,1.02619029032318,1.02788403146153,0.982219813649343,0.997273186194702,1.00061033602776,1.00061033602776,1.00852924854759,1.01323318599315,1.01308468844767,1.01548069772925,1.01427191495504,1.01133722494792,1.00438174975422,1.00345623666736,1.00055990046386,1.00225402631743,1.00243504037658,0.992190965595701,0.991983127179948,0.992292615950446,0.987342532330283,0.994327497862617,0.993238536867873,0.986647993753993,0.977236043791826,0.977656879555184,0.982915719245906,0.994729358623579,0.994864526423947,0.990278422809936,1.0207850286534,1.0296392270487,1.0282894080664,1.04994731891976,1.09824218118757,1.09849307062312,1.11133213597051,1.11631059946799,1.11639487493982,1.13252349498239,1.17418587760478,1.17197184885549,1.17211117447893,1.16592149741279,1.18483155265088,1.18995139251862,1.18393711672093,1.18698696004227,1.19381498352968,1.19412800416933,1.19577637419631,1.17938489566691,1.18060715383324,1.19597958737047,1.19895448226896,1.19903430970715,1.19087093676857,1.17859007208418,1.16039669712897,1.15932549609873,1.15978451956585,1.15384608837447,1.15354144203593,1.14614035046951,1.14378901602697,1.13695940995754,1.13672063815657,1.13763696710928,1.13546486375344,1.13592450644325,1.134351812202,1.13294274022574,1.13324313770567,1.13108261194092,NaN,NaN,NaN,NaN,NaN,NaN,NaN,0.916698698868031,0.915581253944207,0.94327464104626,0.932247711597805,0.951725994733756,0.953014670723325,0.971335129149081,0.979236088607957,0.978689700209033,0.995858292114704,1.00105125608365,1.0017981612876,1.00198655979548,0.982869791383986,0.988017442392861,0.98486034709406,0.994649426528581,0.992052919057472
7,98,1.01548081866334,1.01339754453608,1.00996642826528,1.00654075838561,1.00652011226371,1.00232525890867,1.00508285028391,0.998568093090424,0.995539866846681,0.997818023006352,0.996803830321955,1.00262025251532,0.996662021967461,0.99368126999275,0.992232701410708,0.995375714015352,0.991417292548981,0.989983581488711,0.989983581488711,0.994222527164376,0.995718147085138,0.99618288720944,0.985460460742974,0.991916996640939,0.991916996640939,0.990453161800902,1.0171072744275,1.02436804518633,1.03003636526168,1.03852550647615,1.02952840146897,1.02984563114627,1.01861213762011,1.00834591108957,1.00924546385504,1.00873971037429,1.00700170311862,1.00208162642665,1.00293410288495,1.00248640762165,0.991999710202853,0.988737752209627,0.994476412042208,0.990486648135496,0.984994590536708,0.984994590536708,0.982934287982838,0.994258264375803,0.994096264597042,1.01224299661925,1.02624484368353,1.02624484368353,1.04740133470299,1.04492365808045,1.05219113970128,1.05560113460666,1.0529564179293,1.05570144558943,1.05570144558943,1.05097051002207,1.04035814932077,1.04081023674484,1.0331702904184,1.03601083295802,1.0309158764712,1.03089203752768,1.03573636370044,1.03370679329853,1.0372465384165,1.03349524999594,1.02931263552085,1.02635107388683,1.02586997990661,1.01583145016707,1.00136358210657,1.00191725304889,1.0140553991154,1.02285491041961,1.03129076687415,1.03129076687415,1.0414431438291,1.03812599684108,1.03910017154637,1.03865987863174,1.02399327443636,1.02619378990108,1.01794199761329,1.01976569540252,1.02087822916721,0.992630849648897,0.972208232574031,0.994714663608881,0.994256892658465,1.00795927114399,1.02462346991496,1.02439638269606,1.01977394154457,1.01253472952705,1.00878778245424,1.00211957980283,1.00778837731132,1.00404452423061,1.00404452423061,1.00435728055694,1.00900927384904,1.00751278602893,1.00585520433822,1.00427574369817,1.00897072728117,1.00897072728117,1.00551650929911,1.00742301827085,1.00730590368886,1.00340559564091,1.00017095820818,0.998977847944534,0.998977847944534,0.996996135865013,1.00184742093512
7,99,1.01680550982815,1.01231657547178,1.00330466193696,1.00804234159412,1.00503725234791,1.00289444050553,1.00289444050553,0.995413452243297,0.997156874843297,1.00000548525585,0.999823325351738,0.994981169146582,0.999314618286369,0.999098371705216,0.994376071995061,0.991298465227404,0.990843679032234,0.989288882916,0.997104381806966,1.00317032768241,1.00362110661679,1.00104688332504,1.01606609242798,1.01551978971631,1.02175280950021,1.02962502488471,1.0313643302487,1.03550767886372,1.06480131983996,1.09191372198021,1.09141610962106,1.09720809274478,1.099324754867,1.0965207915427,NaN,NaN,NaN,NaN,NaN,NaN,NaN,NaN,NaN,NaN,NaN,NaN,1.05967452383078,1.05916019314376,1.07280564873401,1.08289816506466,1.08445645664848,1.08760919438596,1.08430568892634,1.10356217506373,1.10176969261527,1.11223868732635,1.09763678728366,1.09488368815792,1.07155413498231,1.09915065430938,1.0955662508908,1.09390537607954,1.0856975109231,1.08551312303624,1.0793261164642,1.07914661114379,1.08500783771856,1.08347450409416,1.07311079662464,1.07467341265448,1.07467341265448,1.07470845811444,1.07280753986648,1.07681152362575,1.07623339701685,1.07157776225168,1.07214060155979,1.06902958878043,1.07035965394545,1.06867199934573,1.06794709421464,1.07105104787201,1.0723280759293,1.06485728603168,1.06526826326696,1.06701881866881,1.06689200740463,1.06713799985966,1.0674832673172,1.0644969105235,1.06212682562207,1.06249928832567,1.06574137599187,1.06143762655581,1.06176869036556,1.05987162051368,1.06214565392943,1.06613534273385,1.05855899084561,1.06493834684698,1.05419741698478,1.05434314445023,1.06277517402918,1.05727330494558,1.05727330494558,1.05632072283817,1.05026823979723,1.04992652149984,1.05199305176661,1.062662154404,1.07003434098966,1.07159499995635,1.08066660383672,1.07759390358539,1.07795435010084,1.07080771562805,1.06958185192136,1.06911429600212,1.06893063745525
7,100,0.992438008033027,0.997462967975558,0.998910217090377,1.00695453638325,1.00765769041261,1.00333980408071,1.00011741021192,1.0007461422529,0.999243118293814,0.995278159151379,0.997673344880354,1.00001394139945,0.998263760598733,1.00118979181222,1.00394796483933,0.999826366344063,0.999494338711288,0.998909024246984,0.998533413282024,0.997740289688901,0.990131127080173,0.990131127080173,0.974133578303379,0.957080317715733,0.957596945317801,0.958817901761531,0.98240189194159,0.9853237798029,0.989162565041134,0.984784032621275,0.979993486198463,0.979993486198463,0.984097392931373,0.986685655957318,0.986092368896307,0.985356027342572,0.980204475120537,0.980204475120537,0.976233618937943,0.971969425858577,0.973820896464356,0.973972222528219,0.969583839289269,0.964193469731508,0.96356245939956,0.962922388882899,0.966057729045833,0.92927915638614,0.925995986483855,0.934601068276224,0.955168591074723,0.957232883793844,0.95960343971754,0.969535701934089,0.969535701934089,0.975250891175661,0.980249359974624,0.982758243997784,0.980947594147196,0.97905549995939,0.975154336491602,0.971067467676124,0.96886478252873,0.965362610028025,0.967143664981461,0.96784762029016,0.966640628443013,0.965674819775273,0.963376716095496,0.964770481289537,0.962461509460303,0.964290762034,0.959696467300918,0.964000333601213,0.963336443812599,0.966987798278337,0.950201868183774,0.964525072822718,0.962951047737789,0.936283898649325,0.962473451816144,0.962473451816144,0.968826459761637,0.971254466370781,0.983250139590359,0.983759984871545,0.990382236579586,0.992732862077697,0.997975989357369,0.992758295819599,0.990814924178334,0.975139409544763,0.975139409544763,0.966272482554054,0.967404590943454,0.96833210834366,0.963855553126775,0.9649257107322,0.964307460010579,0.966526334366273,0.961670816252543,0.960645471974216,0.960284178260347,0.961452956591886,0.958523584982051,0.95828054138202,0.962299085775554,0.964115949355208,0.965631801877969,0.958413267412511,0.960897455962111,0.962797632071756,0.962250445876583,0.963745630088453,0.964666121867381,0.964146668255398,0.964832049211731,0.964305996176364,0.961236741065183
7,101,1.0225199107655,1.02193474877394,0.94929970017103,0.949454351203111,0.949127657800383,0.968354475542533,0.943687245610047,0.944775696833302,0.946356428077455,0.963371621202081,0.990946203417932,0.990947539391604,1.00317028580992,1.03349094145123,1.03363014888132,1.05583809242339,1.06651804061334,1.082553225745,1.08402368628688,1.08804228680794,1.08348067378003,1.08225600058154,1.05287128407253,1.04779497785342,1.04654005084235,1.0267726361615,1.02239668823948,1.02416880476013,1.02488720003753,1.02274723649636,1.01517862187573,1.01514220583442,1.00777253861709,1.00706239790815,1.00382576577558,1.00438208652759,1.00114526964482,1.00357802873329,1.00533901145836,0.997672881125762,0.992357856473352,0.9923118884068,0.990908424304743,0.99152389992584,0.991945407598014,0.989697399076382,0.983093356776781,0.986345379855867,0.985828215231996,0.985689230304371,0.985098955583226,0.985512044996488,0.930933316008479,0.895141829562915,0.871734555102804,0.872274717542336,0.895623423459629,0.915812068500829,0.921570376807494,0.934210049554752,0.932303716339379,0.961872016021201,0.962054619379045,0.989168156868796,0.991949106016852,0.992210984345919,0.97664239320446,0.974673686942854,0.972350566633085,0.957092207205774,0.94291096621606,0.945895941666549,0.945761303623226,0.951359261009804,0.956289396238152,0.956653377200892,0.95264814325278,0.953804509778511,0.953917849217035,0.947050298131632,0.938750955570267,0.94026594539556,0.940373629458203,0.933625170716656,0.927775488604801,0.934035864837082,0.932945471921817,0.929510880390381,0.934064380070114,0.92839993678412,0.930502162549846,0.926269087289792,0.926269087289792,0.928457351086199,0.926994924681074,0.926115146388586,0.930935159745235,0.932155463521594,0.947926262102022,0.947926262102022,0.962359166012181,0.968126464281781,0.971523085922526,0.969469161497481,0.964951093358885,0.958044062982962,0.95859065817006,0.94965072297214,0.947575966108725,0.944866341617486,0.943074374289033,0.942362554050825,0.942362554050825,0.942309807735923,0.936616741397651,0.939401826262308,0.936217598513037,0.939629181734726,0.932012568198307
7,102,0.996354234313131,0.99643001834273,0.991997788897114,0.993828216806476,0.998295855389941,0.999277922216096,0.998260608559694,0.997606461609206,0.999690918134146,0.998530876927082,1.0012771299475,1.0012771299475,1.00278055709492,1.00415640806004,1.004192775739,1.00772177352055,1.00042830862984,1.00394650793252,1.00394650793252,1.01601901993024,1.02957545704922,1.02956896228955,1.03642908708795,1.01055881840565,1.022556216634,1.02231114769921,1.03745183770013,1.05265703570504,1.05372470177406,1.04693726724974,1.04094055237082,1.04659372491291,1.0334434658303,1.02150612595623,1.01868807804883,1.01898037944888,1.01558217076884,1.01090648451877,1.00887299958109,1.00875912400337,1.01888345917885,1.01925160682872,1.03750849361713,1.0246976520934,1.02212383645952,1.02279943298038,1.00989634548036,1.02093746173244,1.02068916419833,1.02021224141943,1.01769180509824,1.01030253352216,1.0057868815621,1.00931027651645,1.01328409295889,1.01332652429968,1.0085934247114,1.00955943239213,1.01627394246374,1.01434746766136,1.01524886110676,1.01597467768497,1.01555442326055,1.01355099891713,1.01789681548666,1.02084896980135,1.02386453806239,1.01747145687597,1.01692367159937,1.01577618584984,1.01737939426183,1.01607187299244,1.01879712989175,1.01637929742347,1.01420031559301,1.02177215984801,1.01766863073195,1.0154089586833,1.01586065907788,1.01669806672463,1.01709472859658,1.0159695088334,1.0159695088334,1.01125604806348,1.01010061209145,1.01093721816394,1.01309596148629,1.01423899044298,1.02368044634125,1.02421892097278,1.01983476458677,0.993565573291063,0.993791195422005,0.968044171191851,0.978920781935836,0.979996821302124,0.998329281489822,1.01075229304402,1.00860628817024,1.00860368198229,0.993559573883708,0.925839673012163,0.925826245185782,0.894223843270824,0.89105945259458,0.885528053379712,0.884491601788064,0.889560966216251,0.894451977498894,0.893167231104266,0.901984405319449,0.899690500468439,0.899729163843896,0.90239275849293,0.902454379895507,0.902949883228797,0.900092199840718,0.896991275710501,0.905670898052159
7,103,0.938993944942116,0.936118179454455,0.94048349770201,0.941828081240397,0.942407509471444,0.940865552597929,0.938602894799132,0.946115647996645,0.970663281558978,0.970663281558978,0.99317534634107,1.01856894849762,1.01855063885747,1.06823852053556,1.07968020302689,1.08074376914841,1.08004571294391,1.08598131358863,1.10827367573835,1.10832475565641,1.10633941910192,1.10534335364,1.12652025920789,1.12578911391145,1.12980519577086,1.1277238243338,1.1265952677584,1.1261791969017,1.12611949298971,1.12661563879929,1.112618905555,1.10274287214498,1.12009479750617,1.12155451712337,1.11811575622036,1.10256686601798,1.10235772441883,1.09682364737096,1.11242226124198,1.11273483739987,1.11060445365441,1.11548469257743,1.11011437598923,1.11011437598923,1.09984633940423,1.09743360936294,1.09671908202572,NaN,NaN,NaN,NaN,NaN,NaN,NaN,NaN,NaN,NaN,0.874714931532826,0.880551511496022,0.881877879176539,0.881956642116563,0.884288840349023,0.879825320772731,0.879523980937339,0.875934066844239,0.880647277646011,0.879857300940936,0.879816219124631,0.884287901601371,0.878815899197121,0.876721777114307,0.885458284763928,0.882218627558254,0.882218627558254,0.887397758386348,0.890959652327698,0.891309296789003,0.892290447534657,0.892910306861436,0.912481639745813,0.912404241088921,0.919968144311159,0.928818923134968,0.927860905898551,0.940811024177209,0.955014733198742,0.948641668912776,0.951630706901803,0.944492542890507,0.929424509142032,0.928077231388738,0.924741913713814,0.923048007706736,0.921472596514586,0.921845619521063,0.923791432143789,0.921849135058872,0.919028444168727,0.919967584791162,0.919458540646449,0.919458540646449,0.920469090716049,0.919459132191197,0.920171873348021,0.920171873348021,0.91983643378841,0.920315069603233,0.920660032155498,0.926380777007723,0.927201534710839,0.927258904493403,0.92292103489629,0.922978934579641,0.91836337413333,0.922642864392326,0.939583389321509,0.942674653550384,0.942726600500193,0.935484070547032
7,104,1.01736817916738,1.01882874328694,1.00140184646593,1.00232012217486,1.00268331366358,1.00326981601389,1.00189556221375,1.00164157943255,0.999613354430396,0.990951874892348,0.990589432654731,0.995198262464506,0.995198262464506,0.996485148456242,0.994040380624846,0.994551649671289,0.994115723224935,0.999923374348661,0.999923374348661,0.997232756159262,0.994748385638439,NaN,NaN,NaN,NaN,NaN,NaN,1.08937707230911,1.08942668591898,1.09576961102053,1.08170582416796,1.06659421967965,1.06646935649168,1.0547154725036,1.0412356067813,1.03985238446147,1.03476353001758,1.0309360483855,1.03120588698379,1.03286146908581,1.02857695989838,1.02218694164036,1.02423117327547,1.02202287240772,1.02122102029337,1.0200524188499,1.02615900597841,1.04707263326024,1.05478464092567,1.05478464092567,1.04513036462494,1.03847524352746,1.03985559427813,0.974228301477526,0.869641249384424,0.785171726408269,0.785163869457805,0.786080409580945,0.786039158223044,0.786022090014326,0.808477572039977,0.831402560209274,0.831758516714803,0.848683830949361,0.852596680598709,0.847415031961033,0.859661208563442,0.858986798866376,0.860056966476931,0.860829740041296,0.860508129746553,0.884954145222834,0.884261502710808,0.907564129208884,0.907445825990303,0.925603471631341,0.926286936585402,0.951978944453309,0.968889529324744,0.963195035766971,0.964798334557158,0.967796526091034,0.972352742044152,0.981788123361049,0.962834660091145,NaN,NaN,NaN,NaN,NaN,NaN,NaN,1.15857119193328,1.15692950913094,1.1600076040797,1.16317626246999,1.16317626246999,1.15690292559037,1.15209065241232,1.15125520252004,1.15541464484746,1.15633112724666,1.15501444859417,1.14923948555363,1.16507700434896,1.18286671108008,1.18282387971571,1.184511386096,1.18579092019005,1.1863747028801,1.18970638942569,1.21353719062194,1.21160071959023,1.21165761997617,1.19532327802154,1.17941883467879,1.17941883467879,1.16870095555701,1.14677707768668
7,105,1.00458964833016,1.00657812930858,1.00610452668563,1.00566750307069,0.999279078322433,0.994821234956729,1.0011401601404,1.00323366819763,0.995586544013474,0.990459777894656,0.992536785025382,0.988405497509014,0.990505103401015,0.995940598861895,0.998484567920168,1.00132696227633,1.00400002129281,1.00400002129281,1.0173401715002,1.02168286864656,1.01966624476116,1.02064343664205,1.03028175158676,1.02898862270592,1.02872385547624,1.03058994877538,1.04037454729402,1.04974117388581,1.04974117388581,1.05120846090505,1.05104351133856,1.05024106965452,1.04396076236002,1.04237067343271,1.04334937815376,1.03976763820157,1.03816519686039,1.03660080638395,1.02535320685481,1.02350426532243,1.02159298935972,1.0221532905723,1.02065998350213,1.01411738536865,1.01325464672156,1.00899893981717,1.01315817497347,1.01312804788563,1.01463123020728,1.01229975852999,1.01123707170742,1.00921722480122,1.00352817593345,1.00696138680876,1.00858173341986,1.00761503140673,1.0026287149736,1.03109623805004,1.03110680708252,1.02837180683036,1.0093339329762,1.00874538297977,1.04046010789731,1.03932044756174,1.02921088953884,1.02918072212617,1.02594569625781,1.02251115173695,1.0223781318048,1.02108964393037,1.01841985886833,1.01882201609477,1.02627493603353,1.02663169782915,1.03071961474274,0.966675083826191,0.907312442609364,0.849797857392017,0.834810022451183,0.85536189393343,0.866963408716424,0.86817922439411,0.878894154477652,0.898074416842054,0.897180023581588,0.897180023581588,0.911010229403407,0.921215445780614,0.920208445363499,0.917751237434728,0.91385115675213,0.916582375249269,0.916582375249269,0.907550410838586,0.911147907217454,0.912233369300243,0.910959881410287,0.916577244826036,0.916563225352829,0.934189975036112,0.940767703777467,0.957218256038712,0.957864128828797,0.980651181703157,0.967369278929357,0.954087376155557,0.940805473381757,0.927523570607957,0.92681182318972,0.939814669644748,0.949202811198493,0.947965214420377,0.948250736976024,0.948281741186363,0.933888620126301,0.935631642542002,0.930244579675579,0.924683471005677,0.92468392941584
7,106,0.969663879987587,0.969282990307172,0.975573388343293,0.99241758329262,0.99241758329262,1.00656429611511,1.00617294703194,1.01306411786832,1.0134928502345,1.01641211645353,1.0104102787305,1.01019802431837,1.01121250534683,1.0075208942622,1.00885369482101,1.00893864606381,0.993728196816141,0.996964938325956,0.997111068388482,1.00216207503879,1.00560298207453,1.00590805183488,1.02407620691503,1.02558351456097,1.0277804359838,1.02844616512664,1.03996970089931,1.04845524068546,1.04845524068546,1.05118485835686,1.04354404987931,1.03642987132662,1.03697599016476,1.02829014388365,1.02020607513508,1.02058370285767,1.01360919234345,1.01129872206477,1.01093332751827,1.00431037049378,1.00332730810879,1.00747339754041,1.00614305415492,1.00305877448096,0.99741777300699,0.995458827399907,0.997577342270738,1.00200178721258,1.00200178721258,1.00164054006951,1.00415512171016,1.00346154299002,1.00346154299002,0.998888805199306,1.00544782507575,1.00539348734927,0.996823933467603,0.996622969968491,0.994667544547791,0.995357884417765,1.00762244586364,1.03264236263317,1.0326145078705,1.02864964369153,1.02253763743197,1.02152523775871,1.01806899036942,1.01226849876516,1.00924880215095,1.01196755060544,1.00802147235498,1.00568802778739,1.00500020964407,1.00184332077675,0.998959839930721,1.00546121203496,1.00642450842133,1.01144308851229,1.03043849431584,1.0308601664945,1.04557785571804,1.05431165960598,1.05453083408026,1.06243136277133,1.06577890221105,1.06567620965961,1.05576275947957,1.05675321670585,1.04531888506473,1.04531887539784,1.03878407750331,1.03389634236402,1.03387442978004,1.05990020681359,1.05908877528916,1.04932200417188,1.04940506386246,1.0441136369117,1.03642637145457,1.0357133107286,1.03377856135276,1.03013531733779,1.03144851161913,1.02409138204967,1.02086795554503,1.01718054506383,1.01718054506383,1.01749291600354,1.01927842933773,1.01919938670821,1.01633340766434,1.01337533499514,1.01337533499514,1.01091418813304,1.01620065991276,1.0119378702182,1.01187012576575,1.01687315991601,1.01672294358973
7,107,1.00987290162006,1.00987290162006,1.01194287109358,1.00527187772331,1.00527187772331,1.00136876663871,1.00034624133245,1.0052440367414,1.00542652380969,0.995962242587361,0.991994560592148,0.994086116621579,0.991407030700839,0.996990373608404,0.997759240493714,0.994579733479152,0.994766324172831,0.994249990284266,0.993586389157141,0.995372106526793,0.991376330318193,0.994312720488646,0.988490767903951,1.00284801356795,1.00366636248126,1.00721574601633,1.03428739931291,1.04003319530647,1.04442937336914,1.04491945947802,1.038762365478,1.03816280316287,1.0344619058346,1.02987662293752,1.01773135396353,1.01808464901452,1.01197347632751,1.00187847375939,1.00178837677298,1.00482538022119,1.00430535409806,1.00322851791288,1.00305968278578,0.999426399904701,0.993028909962686,0.992098671477866,0.98749340643048,0.981539345858296,0.981751440682552,0.978525294044644,0.983784288591692,0.983270723287935,0.975404290265123,0.974046321200615,0.978510551183526,0.978148963430843,0.967341190400903,0.956029874124036,0.955647064662672,0.972380282320754,0.97464773644388,0.975597506450391,0.98164919761704,0.969065886983381,0.987486573472896,0.991759544840872,0.987986910986067,0.977891225286627,0.977515311755089,0.975512229579012,0.970051278486463,0.967283494751644,0.971437123787418,0.970075766654088,0.969828808801029,0.969828808801029,0.969973917746896,0.971974783301113,0.972172925891903,0.97624816101093,0.982203743979284,0.979027674119405,0.979166199629216,0.9780088777883,0.982598125524883,0.97823335171711,0.981990712812274,0.981670268185501,0.98569836591054,0.982909171454804,0.977340828260012,0.982560145475925,0.983039527248996,0.993424953038306,0.998790679744388,0.998790679744388,1.00840937047175,1.00849765274343,1.00705370811892,1.00705370811892,1.00625631240125,1.0004988069929,1.00024561829198,1.00125501826041,0.991666246915669,0.992291921631503,1.00403134489403,1.00757996359736,1.00252749861532,1.00149729058873,0.999462226412613,1.00208560344318,1.00103796209289,0.995369664931861,0.985321141209249,0.985123182799009,0.985135383987077,0.986072401255274,0.98430999793229
7,108,0.977983978550026,0.98127800654877,0.979855815689471,0.976931282130137,0.976124171687614,0.970577818779436,0.980724368136023,0.980259981554466,1.00350261848951,1.00260830530696,1.02772282930512,1.0287635010639,1.03575187515338,1.02355166176279,1.02382596292572,1.01496479848977,1.00657926384273,1.00621537354953,1.00277838703464,0.999057072817748,0.994511007096922,0.987676800512756,0.987033173683751,0.98773646265481,0.988079669351889,0.991495579341875,0.984906547288007,0.985730592353769,0.99489602474087,0.993843244096057,0.985500100297413,0.986047375224622,0.98518763642012,0.978446035784491,0.973974164886542,0.97300089418499,0.970636725543193,0.971746880743442,0.967475370524606,0.965208280325243,0.964618149831305,0.964664599076494,0.962212753447287,0.962880774587302,0.964232219078284,0.963628535015057,0.9775749541497,0.982975959558007,0.982975959558007,0.99265729151705,0.991205277437024,0.985614121061181,0.979207224369249,0.968367600371001,0.967333703729648,0.962451104151796,0.962467382437728,0.963532360187754,0.963532360187754,0.963365569467265,0.963017441657788,0.962014161285986,0.958474922645545,0.962056521432306,0.961906518802035,0.963126678447476,0.961514258547957,0.958066828265047,0.958066828265047,0.970544198396539,0.974610771686751,0.974538077249031,0.976356917622863,0.976253280306673,0.970069572153832,0.970069572153832,0.966479779868202,0.962924826379633,0.962943945502028,0.967439593457945,0.963520345119595,0.962976153745594,0.959900600316594,0.963368410944854,0.959626574689706,0.959626574689706,0.966520362427372,0.964405084624495,0.960768090097308,0.955485141220596,0.956972290002359,0.957136047336855,0.962418695256313,0.960982860229723,0.958860360208882,0.959464410027641,0.964184881677718,0.963785836878213,0.961759527082864,0.963193891418866,0.968368398855695,0.967212246019306,0.982574419325327,0.990628491943688,0.990764376542936,0.990764376542936,0.987852461925706,0.987373607839472,0.986840979226836,0.979354483837879,0.981207735493778,0.976834112928376,0.976834112928376,0.977136216066005,0.979419211430902,0.979661828417783,0.974815902665642,0.977874028235073,0.969726634400879
7,109,0.993234945264235,0.99535684208015,0.99535684208015,0.987289493804092,0.987301610937892,0.984663887902312,0.985438021159128,0.998626886952565,0.985533363862156,0.985726222996242,0.999356391324795,1.01334743999987,1.01345404044374,1.02106444592908,1.01723999961854,1.01156767357423,1.01419062554038,1.00723361879628,1.00401764773416,1.00297950798208,0.996562457780776,0.956382963564473,0.945611968778747,0.945701649930562,0.955149303404127,0.956911910855985,0.957939136739252,0.965045555487605,0.964317007726732,0.9658174819849,0.960343792088525,0.959886380800681,0.956286788725463,0.955356944148088,0.960260735579851,0.959375024881995,0.955540495766481,0.963257497759338,0.959519910620997,0.959519910620997,0.957892553554191,0.950698260835673,0.963572321276642,0.963644660933498,0.964864269816453,0.954848245637744,0.954081225365869,0.957012646444803,0.958458878324435,0.956948316254588,0.956658832817834,0.963534402291682,0.957805512163163,0.958568001286153,0.958233810794119,0.955442263172573,0.958016844384225,0.959830945216224,0.961771002707282,0.964786331016043,0.964786331016043,0.967697709998937,0.967950909443132,0.968580136841344,0.97230881881203,0.958786831836751,0.962338344291721,0.966497916850599,0.966512685413504,0.965356159092727,0.965462554101818,0.965841365889267,0.978373929723193,0.978380256008437,0.98282870044357,0.977927469633096,0.975941599148297,0.976072014033465,0.970639388626581,0.965708661825209,0.965708661825209,0.962500589468773,0.964034527067114,0.963451554294117,0.96973092609354,0.974504055427592,0.989286494509895,0.993623789155678,0.993577458225436,0.98699482688121,0.986310697851266,0.993226895559541,NaN,NaN,NaN,NaN,NaN,NaN,NaN,NaN,NaN,0.911973427446494,0.930052815033535,0.9309991440787,0.908326324363394,0.90292851589868,0.909097250889446,0.91247171903343,0.909660866947984,0.906850014862537,0.904039162777091,0.901228310691645,0.898417458606198,0.876931196529198,0.87644052941518,0.856182264159595,0.842060616398032,0.841552153223939,0.840701959568515
7,110,NaN,NaN,NaN,NaN,NaN,NaN,NaN,NaN,NaN,NaN,NaN,NaN,NaN,NaN,NaN,NaN,NaN,NaN,NaN,NaN,NaN,NaN,NaN,NaN,NaN,NaN,NaN,NaN,NaN,NaN,NaN,NaN,NaN,NaN,NaN,NaN,NaN,NaN,NaN,NaN,NaN,NaN,NaN,NaN,NaN,NaN,NaN,NaN,NaN,NaN,NaN,NaN,NaN,NaN,NaN,NaN,NaN,NaN,NaN,NaN,NaN,NaN,NaN,NaN,NaN,NaN,NaN,NaN,NaN,NaN,NaN,NaN,NaN,NaN,NaN,NaN,NaN,NaN,NaN,NaN,NaN,NaN,NaN,NaN,NaN,NaN,NaN,NaN,NaN,NaN,NaN,NaN,NaN,NaN,NaN,NaN,NaN,NaN,NaN,NaN,NaN,NaN,NaN,NaN,NaN,NaN,NaN,NaN,NaN,NaN,NaN,NaN,NaN,NaN,NaN,NaN,NaN,NaN,NaN
7,111,1.02816715315977,1.03398265759407,1.02703034333448,1.02607730083358,1.01275334740265,1.00840890900106,1.00852844435783,1.00133026826787,0.988879988927179,0.986343270912084,0.989484787453053,0.986520356400069,0.987622760262802,0.985729417599348,0.979096381958327,0.98038264379817,0.980426743271816,0.981525019456592,1.00771020600924,0.995920653030821,0.997680551464138,0.991637086147947,1.00262960008201,1.00147381967963,1.00526254731614,1.00745012399767,1.03079767634471,1.02954347628197,1.08660579493644,1.09168370823905,1.0916862523128,1.07269387201076,1.05153144514602,1.05348400067545,1.04247794324493,1.02953476593216,1.02893995660005,1.01977257279313,1.02090026386634,1.00966261111358,1.00917979142411,0.992603985148694,0.994663676163467,0.993243068533342,0.99114329495669,1.00204950564313,1.01432072570657,1.01141184918913,1.00884192645137,1.01208101365491,1.0143604125325,1.00418296846147,0.992520688639042,0.995511389613923,0.996141692440576,1.03572391801174,1.03802298560366,1.03630242506959,1.02858203476164,1.04005777722971,1.03994010386358,1.04170101847352,1.05679641153125,1.05261677611009,1.05307527735671,1.04912825244842,1.04123553600238,1.04276270618203,1.05691654495292,1.0488765333716,1.05013793907656,1.04800363978493,1.03830250157134,1.03799888101414,1.03986078733827,1.03661271813217,1.05244400713937,1.05556717788013,1.05517972179786,1.06458832183183,1.0659954999784,1.08053319069367,1.07698768981948,1.09560819332809,1.09743063670765,1.12763395801365,1.12390244614964,1.12125531269811,1.11526743335953,1.12705228956501,1.11239683931227,1.11215517655106,1.10617646668645,1.11339740183262,1.11339740183262,1.11681699555632,1.12282234103852,1.12283188628631,1.12439405320986,1.12229152780877,1.11928544893559,1.11956741113914,1.11074416965754,1.11068315976526,1.11292056895105,1.11651574517525,1.1020969834892,1.10095917031179,1.10424834231731,1.10759899504807,1.11136848116299,1.11136848116299,1.1176027881136,1.13202590684602,1.13246557138019,1.1539398160458,1.15016409654656,1.1516233191036,1.14413760060917
7,112,0.999427721046395,1.00684399181428,1.00699430570516,1.00401833257668,1.00334156654467,0.99147704585627,0.982572019335149,0.986023509407767,0.988707395510062,1.00191755011609,1.00773850450704,1.01739174306412,1.01851836188041,1.00518129268858,1.00506114516675,0.997146558367194,0.994786804688741,0.99344447463745,0.989407677087191,0.986423166387479,0.98365732272865,0.983475147540382,0.996681397258868,0.995408296565669,0.996212406272314,0.995833099292505,1.00554494581004,1.00592916604924,1.01596671540797,1.0087486682346,1.0048932150886,1.01076035996407,1.00055364129599,0.99239663690976,0.989851444514425,0.981382100839824,0.976675026631994,0.974406742180465,0.972245849523057,0.972534134816034,0.983424168293911,0.984595986360705,0.976597380852221,0.985398516558275,0.985398516558275,0.9839397456673,0.972674521666489,0.972735440352061,0.976083665447454,0.975850391803573,0.974428001262186,0.978420737143283,0.974168974562302,0.97517021658081,0.975741255045181,0.974085751270597,0.969849042532324,0.971654173536409,0.971654173536409,0.969670455744574,0.958457953504441,0.957543180759606,0.955002074602589,0.959763639151949,0.954474339403391,0.959483057238263,0.965173598912177,0.960148505976799,0.958462562358675,0.956646521011701,0.958052263436015,0.956906239274817,0.961630405339451,0.963208757071583,0.963167225485308,0.963167225485308,0.954368052297169,0.958119646036406,0.95750115254411,0.969493595431466,0.984125367956292,0.981095446578683,0.987568932081028,0.985136890909819,0.982539248294005,0.982928542883965,0.987704950194332,0.986270668435617,0.983668033349672,0.982960502597282,0.979895284326642,0.979888143652895,0.98068075229161,0.975542661717912,0.976850947267976,0.974045688683073,0.974718887935479,0.976943922147697,0.982378097620866,0.981303627185536,0.987736205079717,0.977281781909656,0.977300142536638,0.981839565039826,0.976057053696726,0.975299852160723,0.981547190241363,0.984689648413727,0.98584368684625,0.98377681543942,0.984238097308583,0.98278764572177,0.98278764572177,0.979954273088914,0.985891843745053,0.986200772533032,1.00188630062035,1.01747212773544,1.02250394671938
7,113,1.04834523238445,1.03755103442167,1.03776078123727,1.02701020195371,1.02138156143486,1.02341052664173,1.02317945553987,1.01873400073325,1.02049154359075,1.02049154359075,1.0240384195542,1.02260130966937,1.02382303729138,1.02370139177316,1.02387497933713,1.02423383479208,0.935282066993326,0.835669887510815,0.808419191550245,0.812151243567031,0.787093161638982,0.776511541835039,0.776511541835039,0.803046766108897,0.800497201770854,0.805904901570554,0.805904901570554,0.815446740837187,0.813519306027533,0.815038278565963,0.814746569026903,0.813430624708091,0.809677565590886,0.809274363790533,0.801172342654539,0.796231242674092,0.796701062551032,0.790807512636813,0.792471798597506,0.791457543042573,0.782633270034491,0.777325039106413,0.781569263328887,0.781569263328887,0.780447589310548,0.768942138991213,0.767723039688442,0.757171889323959,0.746781382032892,0.746721716950629,0.750461055486352,0.740979636435778,0.751538698755579,0.750792019520192,0.750285155299342,0.752963159673869,0.754293816494824,0.743521944557257,0.756624211281844,0.757098650504029,0.762456436073241,0.762118310775084,0.764183349577456,0.764582460725927,0.771392314409777,0.76971686802146,0.767790195772783,0.764231750751215,0.754981688576833,0.76924871868415,0.769169772526676,0.788214146283198,0.792587696785348,0.792025927188646,0.797852878746127,0.812830587027947,0.814511144036119,0.825475322627873,0.828608844075771,0.812691474876224,0.812691474876224,0.824293785374657,0.826987735888343,0.822321735080605,0.822933949191408,0.820999748821084,0.821099323240998,0.824906968782113,0.831012707010132,0.8322862208951,0.8322862208951,0.840788021305562,0.859646576130587,0.85961982842787,0.885604284239866,0.89799010720607,0.899658574908275,0.903605937751459,0.903531152495518,0.890480091144476,0.88356530120004,0.875175014381019,0.866833415109734,0.866980450442856,0.861155936659716,0.860315029507956,0.863271969441312,0.862273375652523,0.859153698526794,0.854952738275522,0.854612903208173,0.857219568073176,0.85334529694539,0.85334529694539,0.858436182611184,0.8621058065059,0.881145401428976,0.877379361189621,0.791877108474567
7,114,0.97842416900264,0.97842416900264,0.978521392222536,0.971692508872567,0.970613268329172,1.00786292189876,1.01285439481198,1.01751103018494,1.01873480122431,1.01530889606495,1.0120566309666,1.01326060399457,1.01082779127368,1.00631316256862,1.00554767283953,1.00772535599759,0.999747198915045,0.997287015914936,0.997287015914936,1.00536316061335,1.03856118646697,1.03947121546431,1.03777827219996,1.01466207762742,1.01450337018518,1.00743478985416,1.00857077602999,1.0030235464812,1.0030235464812,1.00181448437815,0.993607630888567,0.994195466731187,0.980176291823185,0.970325969564503,0.976494189051946,0.962510688053725,0.958041112616939,0.959099243810756,0.960990243848449,0.966458781673054,0.967505408649324,0.968131421728933,0.967389549111515,0.965434205537089,0.968933532623285,0.970249718367491,0.965788836452837,0.95683272478788,0.961084127815424,0.929899966094017,0.895142312279221,0.895049595252882,0.844276904303539,0.863095210922234,0.876865037377235,0.878937035128786,0.894415198608991,0.902681168274544,0.902681168274544,0.915341748300479,0.928792561940994,0.928389580818688,0.923056226355883,0.922864982927934,0.917124252835623,0.915635707603079,0.915506700998011,0.910677155472666,0.903746857430923,0.902191795619174,0.897670253577948,0.897681905313038,0.89879802602661,0.898858432719548,0.903727709996721,0.903727709996721,0.90314647524494,0.897160405269128,0.896892156230095,0.90432198601979,0.904895844595437,0.904112888484043,0.904257988822102,0.899832286864735,0.906082119776104,0.9068638441667,0.917985361740551,0.929356190495008,0.931385163155235,0.937310151191415,0.946555856121074,0.952411306910551,0.952411306910551,0.950449881038497,0.939267558313387,0.937734605127513,0.937182261923049,0.934175965566718,0.931598828233622,0.931732118233317,0.927742741867537,0.922163419967748,0.923323110932984,0.927677570610261,0.928791584664495,0.938654486991242,0.931319237452113,0.925855491543714,0.924388796624921,0.924388796624921,0.924366694496544,0.928215899553323,0.927972782545383,0.924105652341911,0.92493459341359,0.926024820618587,0.925353532798278,0.91932835381065,0.929956182992605
7,115,0.937079824279156,0.943772747118373,0.941761479268701,0.940213229947285,0.939280998496358,0.954956054411932,0.985346791654047,0.985626767986753,1.00996544400493,1.00569635779014,1.00546780048529,1.03208065997099,1.05055300843737,1.05294926862415,1.05294926862415,1.04789142673062,1.03984144686142,1.03909147909555,1.03547594621279,1.03305114312248,1.01737822558159,1.01737822558159,1.04484544884717,1.04657411102981,1.0460160571623,1.06488202141565,1.10394515502168,1.10393636366829,1.11728260650623,1.10957839998739,1.0924213187398,1.09235495970313,1.13074097050992,1.17871549627254,1.17856048581212,1.17627292616031,1.171729368263,1.1672269737615,1.1678902372369,1.16679055074349,1.16195227999399,1.16391554273229,1.15528782569645,1.15611870777625,1.16307306819555,1.16243507378286,1.16588022305781,1.1561261125106,1.1561261125106,1.16505268325955,1.16668165472714,1.16865980126043,1.17590775257375,1.17105545429112,1.17116059022541,1.17525016544366,1.17781759761403,1.18465178021659,1.18460355986461,1.19307696755005,1.18858972576297,1.19073082265187,1.18945588097017,1.19189235020065,1.1918831554097,1.20283548916557,1.19799003198366,1.18765921193402,1.18604483173982,1.1852088721814,1.19405160043441,1.19845267868844,1.20356553898899,1.19631548350736,1.19631548350736,1.19193410770375,1.19032812633626,1.19536685447528,1.19536685447528,1.19890826743283,1.1942364118276,1.19331625120716,1.19298371532272,1.18748098004706,1.19002703563373,1.19021032922367,1.18918554767589,1.17782661389215,1.18397441544347,1.1830570685775,1.18276915767068,1.17811309660874,1.17823415005881,1.1668950738832,1.17160187982774,1.17366625603901,1.18283821301183,1.18387314092476,1.18624598071108,1.18651618422284,1.19503524611866,1.19644955100247,1.19643818255552,1.1934420648263,1.19321169237511,1.19260731365498,1.19132411770261,1.18941099920215,1.19089181315822,1.18696675424479,1.17995880273818,1.17604463931248,1.18076335231387,1.17421487746898,1.19227777271108,1.19158443648528,1.21494121475101,1.22753138813963,1.22847332297419
7,116,0.990439357241331,0.990350969958271,0.990267600261576,0.993973802850851,0.992873397760771,0.99438509831245,0.984468932813367,0.985311496372327,0.989813919630058,0.989813919630058,0.991245661949757,1.00582630180942,1.00530067832034,1.01110866283542,1.01806951364774,1.01830641988981,1.01944803157889,1.01152352297087,1.01747271216669,1.01687773203241,1.01513836339209,0.996996184738888,0.99744075805476,0.978175293994538,1.00218564452653,1.00296802297172,1.00913574657244,1.00501869430531,1.00591197408338,1.01428508423495,0.994666347906186,0.990941469527942,0.987211214438327,0.971059040096556,0.964658495638401,0.965700336171828,0.968412854896423,0.966297688756184,0.963094468628659,0.96315300073659,0.959580122393425,0.955005036208684,0.956459559617254,0.959089906389996,0.936869449782097,0.888588234732965,0.88801034353264,0.872296600774389,0.873971757885282,0.876044603549954,0.89183410107594,0.885750012324321,0.874091870671645,0.877036001084403,0.866454591727827,0.858750076687978,0.858394581642324,0.852939533190001,0.858398972253509,0.857836717426489,0.855055569365492,0.849382633105917,0.851867933272905,0.846251401335086,0.847557643741676,NaN,NaN,NaN,NaN,NaN,NaN,0.866142517561426,0.872418635685487,0.872418635685487,0.899528526713331,0.911296670005296,0.911021813144435,0.901568056361364,0.886467616097244,0.883542076926574,0.876165609090325,0.87201707447004,0.86997641847408,0.8700500425083,0.867833705946659,0.863856066788965,0.865009541021703,0.869176589566768,0.877796214426586,0.872496911648228,0.872496911648228,0.870272915187831,0.87011412349047,0.869955027135307,0.889930038014767,0.892309617037882,0.893052012350929,0.892725661750332,0.884910616851479,0.883953921668059,0.890595762381546,0.889578138332121,0.889963338493744,0.889604727912794,0.875767887281592,0.874909834854049,0.871883080506853,0.867100275577344,0.855884780904734,0.858220859235687,0.862382339137761,0.86496912376728,0.86254094169355,0.86254094169355,0.871093624565966,0.867698616563779,0.878250243448235,0.878250243448235,0.872445668922063
7,117,1.01011471830689,1.00700784140415,1.01174759506555,1.00506265203969,0.996521393890941,0.992778450934072,0.993338350607636,0.996539227990802,0.999564995594248,0.998692987847906,1.00645214041166,1.01320197640676,1.00690827411184,1.00580174914076,0.996914631994839,0.992860396502993,0.994348501710096,0.987359369572489,0.984784746466693,0.97675317626269,0.979036528238969,0.981738461970808,1.00595014111692,1.00788505127205,1.01769385851801,1.03715756344275,1.03822350930472,1.07298971056181,1.09567122428488,1.09591527553098,1.10230387796988,1.10129880779808,1.07418180308737,1.07418180308737,1.10505166690402,1.10563317747598,1.10481784586268,1.10847633214312,1.1033662766355,1.10066081275786,1.10082055139219,1.10340316685584,1.10472115202363,1.10482466695142,1.09937788379433,1.09953982805756,1.09924796901337,1.099174295059,1.09503447624768,1.09406561234975,1.09416411504057,1.09453467259886,1.09272601543774,1.09291083269334,1.09336636608272,1.0934645835882,1.06773943567966,1.06707144106144,1.07932937247929,1.08459049384438,1.08357601811462,1.10298533988583,1.11302897745294,1.1138677824469,1.12353875271772,1.14423883265454,1.14629932511796,1.14815466712192,1.12907516748926,1.10056601212618,1.09943569654025,1.09768755308663,1.10013156987352,1.09875795160271,1.0883133289155,1.08831000757768,1.08216625460945,1.08588017421395,1.07776128027983,1.07917969420895,1.08654252493802,1.07726286922642,1.00121509080759,0.964875682517098,0.959472446715929,0.966697427664603,0.964393512880034,0.96451211531837,0.937838607506003,0.961105145478539,0.960833610510723,0.973345332913446,0.989837352243966,1.00683695323104,1.00654467849004,1.0086573424902,1.00006629275728,1.00015044783639,0.985173114665632,0.976814666190181,0.980695525786444,0.97930639112354,0.981344853154834,0.996636156440843,0.996621998534785,1.01307326765367,1.01934816483447,1.01871352427891,1.0148464717379,1.00402933835076,1.00286924858404,1.00050305818366,0.992930582217968,0.990042788917687,0.989810377746816,0.986071997049565,0.984406975171741,0.984868921603279,0.979607786507214
7,118,1.0129479937297,1.016731214038,1.01693325925882,1.01766643947585,1.01746526155609,1.01718998135474,1.01466496744163,1.01781025339032,1.01555800691155,1.0174764348356,0.98137589435913,0.954054517437825,0.954083457599318,0.965129575482324,0.986128285643066,0.987039684545803,1.01348788634447,1.00280142380017,0.991455462795592,0.991990810281863,0.98983580720566,1.00431377805891,1.00436412714681,0.994944587054404,0.997192555964924,0.997656944985292,1.00746433673699,1.00679663003763,1.0106966089578,1.0106968761126,1.00444885794606,0.997639356912493,0.996288278448707,0.984513030218173,0.979525765832443,0.975533924549866,0.975255372867247,0.967881336384914,0.971105829382566,0.959255070552979,0.967109760667251,0.96330927468522,0.964686501138358,0.964686501138358,0.959610773382403,0.960653916782391,0.959922182387223,0.957964320962446,0.964159342930748,0.964159342930748,0.959310437006779,0.956809184863671,0.962884674170064,0.963132441640911,0.958480170265185,0.952621621944914,0.952601374476187,0.953575199673518,0.97513207022797,0.97513207022797,1.00449464450104,0.997263975288173,0.996754394337043,0.979720989068248,0.970210433903018,0.959060545215128,0.957823634630615,0.968026318687638,0.96310086221398,0.953939916802827,0.947223594345848,0.945824220365907,0.944127757210516,0.944127757210516,0.963933884049742,0.971507664686244,0.97178720515672,0.979045549450259,0.99169865525628,1.0176684032073,1.0176684032073,1.04274131975298,1.05865169657493,1.0579320471593,1.04301004600996,1.02904359082035,1.02437698153562,0.995315056088804,0.993983936590612,0.985904288528074,0.985904288528074,0.978793646769246,0.973019645351938,0.972836937701382,0.96672382668094,0.968529478576728,0.965541192835635,0.95949257135327,0.959295087831369,0.957380519827682,0.957380519827682,0.961367761184805,0.953938217663338,0.953108458673598,0.953865273186233,0.950953599143226,0.95224337184324,0.94909298956426,0.941124259707118,0.951118781394768,0.951118781394768,0.956980594137781,0.953689946624447,0.953668216216296,0.965398323426237,0.97863079583791,0.998959759472604,0.997850938896592,0.989254133569169
7,119,1.0125137698414,1.00729715633875,1.00717484926647,1.00836690973874,1.00299105711221,0.999065915604324,0.998768713134917,0.998266451528701,0.995490686341536,0.998278063414556,1.00161454762907,0.999387149248126,0.999961308948635,0.999961308948635,0.996675074409515,0.990064372364489,0.990041102945252,0.995046892413004,0.999034670771666,1.00184352871001,1.00155056656473,1.00187471382405,1.00660027613593,1.00472219328236,1.00964199843702,1.01035537441325,1.03745016292652,1.03873031755865,1.05648143936565,1.06763798674894,1.06826969791521,1.02839057031086,1.02017186193331,1.01963276464147,1.01651481000106,1.02661216290115,1.02195232015053,1.01722274323286,1.0159326894678,1.00417065476654,1.00434884071672,0.992774408932859,0.987153561378297,0.994359334225796,0.994299271392698,0.994561815474602,0.983755503029852,0.981096043173414,0.978693924416388,0.986687785902596,0.986934397595267,NaN,NaN,NaN,NaN,NaN,NaN,NaN,NaN,NaN,NaN,NaN,1.05498617155139,1.07194936394963,1.07145302121962,1.0866905066722,1.09563161083057,1.09711150990293,1.1104076930927,1.11804299209852,1.1227734554936,1.12310304720874,1.12809954867661,1.12819554272171,1.12819554272171,1.12484287279402,1.11450173038412,1.1154166043964,1.09561945824647,1.07641983394376,1.06767137271812,1.067876113637,1.06558015630521,0.987432983597339,0.987112815875527,0.96110640327314,0.918845039557024,0.918878688926258,0.900378334970932,0.895276813099126,0.895243421850476,0.895036242965959,0.889363375090544,0.877380711913059,0.877071293995416,0.873835518791461,0.872197481754095,0.871621205363367,0.868151666147007,0.867011093045971,0.864741352349484,0.863965791833671,0.859441157156655,0.858452691185645,0.861274172801449,0.867432267818368,0.869723052478109,0.874901082318479,0.877556477455453,0.867823453797129,0.882060435546941,0.882060435546941,0.891031615021915,0.904266618554816,0.907110298620372,0.907046560653464,0.903978051991928,0.902969087266382,0.902557961699054
7,120,1.00327630881612,1.00134001035555,0.998344598988606,0.994765427751556,0.994765427751556,0.997755427315793,0.991248622587409,0.991390229592693,0.994598969726013,1.00136343709544,0.995907693314059,0.995663375896978,0.995756337639832,1.00353553119504,1.00426398347282,1.01169874352778,1.00676237075463,1.00647295570487,1.01109054851327,1.00271446856105,1.00879609789595,0.997644409090836,1.01322207046567,1.07084400417639,1.07704887890214,1.0908197716435,1.12672792394663,1.12083465333255,1.1529308696595,1.14978962068252,1.15239346455101,1.15324624026294,1.1759518303992,1.21632179870873,1.21278691969079,1.20733432669783,1.18905232640589,1.18539366823813,1.17955427425625,1.177381401466,1.17560296682284,1.17196092765191,1.17578155223983,1.17564509161309,1.17564509161309,1.16966411345231,1.16051999994963,1.17430932722786,1.17449174431276,1.18816012693973,1.17549810823644,1.17549810823644,1.17687747216487,1.16433878348019,1.15337028596,1.13867145501375,1.12397262406749,1.13358644194025,1.13392743127606,1.14246401954504,1.15012705596226,1.14931443315992,1.17258118837096,1.1782541253101,1.1774124099193,1.18116667588036,1.16505040872818,1.15731922285121,1.15731922285121,1.15053264640248,1.15263138971339,1.15095176189768,1.14086988374111,1.13451894574332,1.13774063855664,1.13965128593465,1.13609154778069,1.13683492379168,1.13756127591814,1.14070461739543,1.1519801251389,1.15210190069748,1.15842583265672,1.15544666876439,1.1547227145944,1.1547227145944,1.15128789347813,1.0993135042309,1.09967638631253,1.10011714064067,1.11158600819073,1.11105808407743,1.13742877176894,1.18893317287423,1.18993802668333,1.19560025364241,1.19423297148197,1.20299211993396,1.20299214837811,1.20323093120613,1.19595273243972,1.16109944309405,1.16004123752869,1.16900741501231,1.1867102691488,1.18393201712085,1.1764693121059,1.16949621608089,1.16191135898508,1.17575796560313,1.17349395846624,1.1735743800014,1.1735743800014,1.16940741020491,1.17219702672418,1.17219702672418,1.16208132697684,1.15446996463616,1.15608003775608
8,81,1.0088426147297,1.0088426147297,0.997868971088766,0.991991814665276,0.99147980678211,0.986000920351795,0.988760899568876,0.988487369807896,0.981510302217012,0.98114294201115,0.986738367484104,0.989657195327525,0.991899526751947,0.994195541006077,0.993827062667068,0.993260907041357,1.0331610627849,1.04616604049237,1.04616604049237,1.04794140893918,1.05427702149273,1.05427702149273,1.047831215869,1.04585920696537,1.04334080139384,1.04807652932063,1.0784545796964,1.08784390153765,1.09311912933685,1.08867831220602,1.08022072674494,1.0827102538365,1.0757774763395,1.06762321464479,1.06425001706108,1.05576180074729,1.04530004169632,1.03482568728816,1.03561833564724,1.0336751816624,1.03478022028865,1.03021476134949,1.03239136086867,1.0467018654773,1.08205939435874,1.08373222649933,1.09771528286098,1.1453136031122,1.14586863070671,1.15070872774031,1.14409992004661,1.15862463114846,1.15804183082007,1.16601786563882,1.17041306736015,1.17071782399325,1.16839704748409,1.16607627097494,1.16375549446578,1.16143471795662,1.15911394144746,1.15939277900627,1.18827964807667,1.21499801351152,1.24541091766499,1.25260235905486,1.30353036441391,1.31100367899353,1.31086065060052,1.31416375223743,1.29791174846741,1.29292949207115,1.29292949207115,1.27857155724349,1.27207162082704,1.27207162082704,1.26718258069316,1.26039583976311,1.26040824237592,1.25848803971415,1.26426484487667,1.26307594981072,1.26052018358471,1.1774752694117,1.15914518705488,1.15831718280617,1.12701906092716,1.14442577709649,1.14815914501857,1.14932182307275,1.14836402013148,1.1442413472923,1.14528374760674,1.14900530154502,1.15265528912708,1.15271967707854,1.15850909019567,1.1282428953693,1.15789363518869,1.15789363518869,1.16558736912316,1.16444997037629,1.1648807905398,1.16113413989087,1.15230942037543,1.15230942037543,1.14934333914837,1.13628212171994,1.1344441666179,1.13442230321471,1.12463917396147,1.11669345373295,1.11634561277908,1.11048382624932,1.10997524821419,1.10687818489677,1.10770497353444,1.11296764794256,1.14002759462133
8,82,1.02051025067323,1.01953287029558,1.01889558975107,1.01907155937496,1.01986873245661,1.01767625621427,1.01767625621427,1.00922288794434,0.996416560333935,0.996870338819672,0.994815549356629,0.988391172217198,0.987164072008513,0.991145475806363,0.987092054353652,0.985290758175957,0.984110374080364,0.978914616102642,0.967334625820753,0.946468209922115,0.944470993681814,0.903728264504317,0.90955628949335,0.910705086146614,0.927642872420437,0.932119960425764,0.928830308986218,0.929741488175384,0.928472817533748,0.928496608310513,0.927576229097986,0.921117467375183,0.920588520778105,0.91892828442973,0.913360638112022,0.915998000902595,0.914465291619282,0.909617224848541,0.912761039160032,0.909710947684034,0.911314838219846,0.915747362000666,0.909057181631795,0.91211712262749,0.903468095818063,0.904482084759119,0.904482084759119,0.90657155650232,0.907862563494502,0.902551057165295,0.902551057165295,0.900171093834832,0.895927388399134,0.894546318992578,0.895317471140022,0.877960055090412,0.882369365612263,0.874865750572429,0.891550462148799,0.901340667716687,0.900918561684716,0.912334862771168,0.921324958911818,0.921559436150161,0.916949649237065,0.910699185608757,0.915465192193593,0.904348878526336,0.877417411433506,0.886419902732919,0.881742574570397,0.880503115102743,0.896045030965552,0.896292488742534,0.902208689794813,0.894430982253956,0.894163318353345,0.894163318353345,0.88519987152877,0.875289227095261,0.872866430416042,0.879066187201163,0.872961587643023,0.876406635656972,0.878071777631916,0.867670718510215,0.865313297246336,0.865887421463476,0.86083959393737,0.866160187337408,0.870218052351923,0.873646521996368,0.882670927613905,0.885347229653812,0.883277518443044,0.879647232626693,0.877076183865101,0.877076183865101,0.875235519855325,0.884205110932331,0.883176635674518,0.886330125399606,0.895169675405008,0.894782992979123,0.894782992979123,0.889309119396987,0.886508271591822,0.886277159021764,0.89308596384296,0.890826567120144,0.889680938403544,0.891502291778967,0.888018202795951,0.893984070191526,0.893984070191526,0.894129842636201,0.887979992869551,0.889418268017338,0.890941787431384
8,83,0.991841813848337,1.00150475732159,0.999574035358928,1.00052793212409,0.991320460845031,0.987491572154134,0.977850753836015,0.977850753836015,0.971627272082683,0.980943857902281,0.981130045459814,0.966832804999745,0.993854032492779,0.995671834234687,1.00428890361813,1.01909804510368,1.05019763765091,1.05019763765091,1.05819584948025,1.06238310714982,1.0629764891737,1.05292264923851,1.02850718418133,1.00558991974428,1.00553787829542,0.989705104600634,0.981059981121397,0.981278440642499,0.984933303975393,0.983117189925511,0.983397763647744,0.979413727638224,0.97243753226161,0.971975898909599,0.978519998322422,0.966615943429913,0.968376972084208,0.968376972084208,0.968765621192291,0.962146416774543,0.962146416774543,0.960606560871913,0.972121269502397,0.969488939347653,0.969488939347653,0.968656917436928,0.952838536156294,0.953066337978766,0.961917670442213,0.978667527621278,0.972773168425513,0.97228610175086,0.981303033300075,0.992951153348136,0.994452025170601,0.995056578805138,0.992232975136358,0.990313121775851,0.98607923877557,0.989475940079281,0.962724942465631,0.963607322325649,0.953771185937422,0.954112893892317,0.954722231289863,0.958057879014012,0.969404416441894,0.969381640128522,0.970087171094227,0.963644152036415,0.950079101634311,0.951025828246934,0.94511063649981,0.943244505880624,0.943149525761303,0.93928205027073,0.946974936963365,0.946306483627381,0.946565550177485,0.943482716377229,0.939283432888758,0.938551398858284,0.936636744204947,0.935362131767957,0.935260453177375,0.937179302722842,0.910323805017781,0.918683936198956,0.919065912689773,0.897587489207311,0.920175077720264,0.919710259255003,0.937364327228052,0.939854526835852,0.939256126489118,0.940811612006492,0.941723762323858,0.942537416775546,0.944297281971491,0.935896186949269,0.928274354363349,0.933017387971676,0.935567399738446,0.932145950249964,0.930961299991047,0.926251724464522,0.932403031350236,0.924488911533679,0.921965587334775,0.934028934413294,0.949389003200212,0.944636831750177,0.939909604553742,0.942585860079681,0.937260695989889,0.9373573385657,0.936533401590018,0.935295153611664,0.936406195303931
8,84,1.00209189465709,1.00357362596808,0.998469079233021,1.00532736113752,0.999902375087069,1.00115770565786,0.998145035558798,1.00038765481895,1.00229435173926,0.996343136354817,0.997149070652758,1.00234646068371,1.00234717827854,1.00234717827854,0.998746857001119,0.998254222056724,0.988306473289055,0.995742581510082,1.00706775803702,0.997959496342793,0.998226306462612,0.997568231037238,0.98508398336979,0.982885928333623,0.978946209861422,0.984678194829975,0.992008648553729,0.993474763576485,0.998515512440787,0.989316155417051,0.990248450298306,0.984423240595959,0.982632651749457,0.953420263072779,0.952712014790493,0.972990089557732,0.965551715293288,0.965524343188435,0.986228163211622,0.9897646993455,0.990659653600174,1.00412366733011,1.01869583851766,1.02281630097475,1.02249999707754,1.01707950266312,0.979891014945782,0.979891014945782,0.983595569149071,0.976984085602643,0.976421167480982,0.982551369601455,0.974481611425685,0.990383259003226,0.989193148116808,0.989227901721404,0.982131100194656,0.982131100194656,0.9720190579795,0.967596275895582,0.964852906160842,0.964389844074662,0.963532766691915,0.958779401110992,0.959259406506459,0.9636384305774,0.961936069900972,0.97149327464139,0.984912417661994,0.989764727886217,0.99202079491488,0.99202079491488,0.989550876851131,0.989067148009633,0.988192146408214,0.997996427274341,1.01512105865151,1.01561778320406,1.03611269001705,1.0251040985713,1.02337875537091,1.0264004842232,1.01944351834589,NaN,NaN,NaN,NaN,NaN,NaN,NaN,NaN,NaN,1.07640458120288,1.11704996429987,1.12005031474597,1.12769243556879,1.13034066605195,1.12492577841311,1.12329135248143,1.1109226926189,1.10127381654195,1.10126575549926,1.08671988673045,1.07348962175172,1.0725656726342,1.07119321245058,1.0674657743194,1.07488490361796,1.07488490361796,1.08112352384076,1.08574204330082,1.08119869382667,1.08970832591884,1.09001453835527,1.08987356091683,1.08256533241936,1.07720645779962,1.07058997841529,1.06612803796616
8,85,1.03944520039968,1.033632962981,1.02054703746463,1.02059898494897,0.999000352831549,0.978486695463289,0.978486695463289,0.987021363332007,0.989136593331568,0.989136593331568,0.997569376434913,1.00165637619426,0.998714702144202,0.998714702144202,0.994761581733466,0.99855426359396,0.999044720882081,0.989018176068355,0.986473621257012,0.9859772765395,0.99566941557307,0.999330838476473,0.982968472490993,0.983663964824214,0.992133345860985,1.00284745332251,1.00503128141907,1.01784632007684,1.01880808921656,1.01370624915699,1.01415746670305,1.00134059345573,1.00274949397681,1.00364657963345,0.9900644545755,0.984612724653253,0.988770024962569,0.985111115509832,0.98662966147881,0.983736837075974,0.98435227682072,0.986311929040981,0.984715282995563,0.983364761510776,0.983095961030517,0.989165406740918,0.989685225491159,0.996352737539929,0.985061694198031,0.978113485890991,0.978113485890991,0.987963539047902,0.997813592204814,1.00766364536173,1.01751369851864,1.02736375167555,1.03721380483246,1.03794778020071,1.07009263176961,1.08814685786637,1.08967495760242,1.07074998522183,1.04551554047724,1.04551575383358,1.05485020308987,1.0390491922097,1.03307549454174,1.03217450590677,1.02352480560842,1.02089660007431,1.02054113954542,1.01369286857865,1.00723267313697,1.00788588672699,1.00191242447807,0.992810594923268,1.00490254216166,1.00357758513021,0.994470664744926,NaN,NaN,NaN,NaN,NaN,NaN,NaN,0.92379372006869,0.920093335129317,0.934883218956397,0.906684847611698,0.904309129132416,0.886873311555754,0.875872570662752,0.882202004219695,0.881303925226289,0.883631186049037,0.873739644962745,0.8738497381788,0.86305939352116,0.860008681397977,0.86595352758539,0.860359593387715,0.861684488155362,0.857992773145968,0.857992773145968,0.849915114425091,0.859855244260717,0.859824569018674,0.854888403349942,0.881571607188247,0.880605752408342,0.833041943134792,0.840345842215824,0.83986638063976,0.841095618791193,0.83696531772741,0.837703448677464,0.837703448677464,0.828495886740268
8,86,0.952230196849474,0.952230196849474,0.98194294869877,1.01033580086632,1.00869144664612,1.02088263166582,1.01954540479438,1.01240959463066,1.01240959463066,1.01275567159277,0.95343840325046,0.955189555093076,0.973442088442384,0.995786021373645,1.01673491095928,1.01603260218994,1.04085615557781,1.03349353485668,1.03159324103231,1.01824867439488,1.01019618173124,1.01098407603181,0.949313101335576,0.875184134204669,0.824726816965982,0.824726816965982,0.830278052246009,0.823569981178812,0.824050797631305,0.820356657924613,0.807499329734109,0.807632999271722,0.802321582743,0.795636156111336,0.794194887276101,0.794194887276101,0.799580302949422,0.78726988684002,0.787382556353943,0.781104401793175,0.782642383509081,0.782643224838144,0.788552322672706,0.790731694025024,0.790667552641453,0.790667552641453,0.781730181449755,0.776599950571836,0.776239855496102,0.773643887680859,0.769301900335169,0.763615080092252,0.764003663176207,0.766857361912909,0.776750326867074,0.779745347455931,0.778551674019778,0.785369984941415,0.80215051568835,0.800641643768013,0.80548625408162,0.812291557143502,0.81610621415797,0.8168637403073,0.816989738033966,0.817794800853458,0.811287457121543,0.825191983926041,0.824234980521768,0.83936231496675,0.851151087994926,0.868779278392703,0.868112645556412,0.865946751879809,0.862215645182746,0.857680110931422,0.861360405181679,0.856388263118264,0.856388263118264,0.851554512056562,0.825486265512301,0.80734435395119,0.80734435395119,0.816014036309665,0.842975549847147,0.842975549847147,0.857506432534481,0.859255901805509,0.871842205165991,0.870252565022409,0.851362860204489,0.856866319787629,0.851779451792281,0.846419329902814,0.840702513615627,0.838183381065786,0.839601805859592,0.825773850848501,0.823017199089546,0.821631099926537,0.824194919585864,0.815628849342315,0.81651313082387,0.816643168776282,0.816630297661882,0.816178110911391,0.816178110911391,0.825412698487274,0.818431997671463,0.818421873208541,0.820068698050999,0.820445493027133,0.819484978074747,0.819358384154082,0.817077960401891,0.823730615939176,0.823362909224905,0.832082285209965,0.841040160080599
8,87,1.04320899465995,1.03501904482075,1.03546352199248,1.01242798470617,1.00238089995307,1.00229533415365,1.00037223646897,0.997008975381028,0.998024798911437,0.993518945384329,0.987999096703713,0.995895340136212,0.996665915302556,0.992526789061039,0.990287343016119,0.98862813781236,0.981718867744141,0.97404530144833,0.972512472343697,0.970963691508075,0.969439886681947,0.987447456931338,0.987184307178857,0.9933051877058,NaN,NaN,NaN,NaN,NaN,NaN,NaN,1.16131260374415,1.16418309536021,1.18451287634859,1.20922463194441,1.20922463194441,1.23452142076306,1.2375561911955,1.2219595066326,1.21909557933358,1.22303082996366,1.21839809848719,1.21834347739911,1.22480829210295,1.22428114894601,1.22529760664948,1.22531528497984,1.20196322519081,1.18693946251896,1.18327930942465,1.1521625223263,1.13492488798833,1.13482261309011,1.11901588493361,1.11639718708168,1.10178105485081,1.10021583888995,1.09841411494423,1.08960197484556,1.08927389350735,1.0841160544134,1.0749621222315,1.05225523291952,1.0529736945563,1.04969934240124,1.05600967794452,1.05616589045172,1.05975776790368,1.0557540457016,1.05535130945469,1.04970463106145,1.02798707568992,1.02798707568992,1.04383775233323,1.02571495245611,0.934928165761169,0.929353608220138,0.874269052781655,0.892383152423685,0.891899501585677,0.905990856764976,0.922207593287228,0.933747506717875,0.934593022174142,0.94488479561428,0.941605973286333,0.94060907619785,0.937897271454981,0.939119116992451,0.939990281783692,0.939935033469323,0.940156255952775,0.935138912025339,0.934434171689753,0.932898236301758,0.935435769616496,0.936542120016381,0.928650180987818,0.945916427801664,0.988212518422644,0.991954077758378,1.03132044057648,1.03782469744211,1.03786852798065,1.05504062186912,1.09154596861049,1.09089780616652,1.10183610627351,1.10210724080167,1.09145121455307,1.09117564453642,1.08460764439246,1.07411006304764,1.0740155617839,1.06852655247468,1.02780716403863,1.02780716403863,1.02610695856295,1.01871184683576
8,88,0.998041052892381,0.993588154874378,0.993191586351956,0.993191586351956,0.990771469821232,0.990450032273051,0.991574365805937,0.991574365805937,0.993489538443123,1.00990319971113,1.0070848982041,1.00568073338811,1.0044578192088,1.00658060016682,1.00553444004828,1.00130533456086,0.99983692997925,0.999732894108235,1.02401099800447,1.01509318778772,1.02075946868661,1.05478082057854,1.05811868434836,1.06424953634193,1.07010275850537,1.07770295659817,1.09604380547469,1.09678822413961,1.11170667068631,1.10999315210397,1.09184005975513,1.09184005975513,1.08280059262544,1.06281475839142,1.06311541045666,1.05231935790128,1.03417440812696,1.03365696274797,1.02750765537619,1.03032744767013,1.03443044641592,1.03036139206132,1.02886233802817,1.02766811318683,1.02766811318683,1.02562120898021,1.00142298842919,1.00142298842919,1.00272882530822,1.00209358104693,1.00759366449689,1.00136100990417,1.00753561122413,1.02708564365156,1.02651496877998,1.06942381848834,1.07793302340882,1.10682920140806,1.10598590694041,1.11846373221527,1.12906206084132,1.12696671297364,1.13106910423239,1.12443401966807,1.126430262745,1.11201596914953,1.10355527283053,1.09681755241652,1.09698647210875,1.09469753028101,1.08170059163038,1.07323575648585,1.03345447898928,1.03974391066662,1.03269273316537,0.970867429340282,0.896192855920356,0.837953065638628,0.820774104121276,0.832327983145175,0.868379944242443,0.859220907270969,0.895267417642,0.938723794522486,0.937344309878686,0.947642355269849,0.955781531933331,0.950407822261575,0.950225898482801,0.950859992121627,0.94843774726136,0.949711081457371,0.948442885142682,0.956733120841718,0.951381186232773,0.951381186232773,0.95457749945965,0.956461816855606,0.955842066606667,0.952443035200623,0.951146974770647,0.951664554940038,0.927099031005418,0.925312379322758,0.921073520781112,0.921073520781112,0.924616241351282,0.930906054982415,0.930769445615931,0.911479908765848,0.907706655524262,0.916810872451737,0.917448016775863,0.917592589787722,0.914454909428082,0.911676686982549,0.906687175550819,0.906039511157699,0.906735065126009
8,89,0.995617457554425,0.983847717974701,0.985865053566625,0.99329435344387,0.991410361101741,1.00977814346625,1.00698927363246,1.00698927363246,1.00970536921616,1.01076815902194,1.01033650248393,1.00462076130017,1.00281743911205,1.00242545918574,1.00562059619345,1.00508020865329,0.998952161300683,0.992919853009925,0.982961856150121,0.986910297610368,0.988533696796316,0.99864208772101,0.991867521306362,0.990149297945594,0.990149297945594,0.993678936038194,1.01098013795925,1.01173386419726,1.01741824413623,1.01187475528849,1.01068233971121,1.00666141422216,1.00396344023335,0.998439787872356,0.998233482877264,0.994793995049618,0.989362727138859,0.989164340909445,0.991982905653063,0.985883165254098,0.977583833575143,0.977798570122498,0.969134303663943,0.972939747240714,0.966612708847512,0.96610125336341,0.975364155746448,0.975602831595502,0.986473923184369,1.00624699482894,1.00675150561861,1.00584739065521,0.999504715374612,1.00733750189902,1.0063051695091,1.00166086689752,1.00387254079951,1.00372496074058,0.999641429769675,0.997679649057141,0.957599460223963,0.95477888707799,0.973982271711652,0.967935743755107,0.966424303398148,0.972162172566172,0.964912682764307,0.969502284584072,0.971976857503017,0.966979599984355,0.966863757895296,0.962289489706771,0.966032770654881,0.953355697620918,0.95120632000874,0.938972456423942,0.965265782953078,0.973438706803728,0.975490839402688,0.998676774772732,1.01382605379397,1.00413781640569,1.01270397168094,1.01317102944119,1.01270550430301,1.00700147424361,1.00867848600936,1.00647644408456,1.00647644408456,1.00060533294514,1.0105339513919,1.00954051911901,1.00319903922762,1.00568290226838,1.00646028778633,1.00674857487374,1.03258104674787,1.11558107404265,1.11558107404265,1.19392178573569,1.24125404434623,1.24193869236906,1.29932143872254,1.32619496750135,1.354150360084,1.35153315372037,1.36940981905109,1.36722507919237,1.35981203408901,1.38023830371376,1.38420412760683,1.38406091946432,1.39448320080552,1.38303934852611,1.39486388743989,1.38419925428581,1.4156776230806,1.41268096925023,1.41268096925023
8,90,1.30787747382347,1.20918467339628,1.21131901244741,1.15203309176921,1.0331018920296,1.02772707859694,0.974426474000286,0.953471976048438,0.948304740777305,0.946926958272409,0.924305357391333,0.927275552111058,0.92749427463317,0.921776396958032,0.915940959423956,0.915940959423956,0.899670156713046,0.902015731241732,0.901207240942356,0.899476202939074,0.896852297567744,0.955615222977314,0.958750919804853,0.994483757644951,0.99405031663769,0.995326750231448,1.02265371790666,1.03342578721123,1.04193749203799,1.04139565632846,1.0497880245556,1.05227554240694,1.04568583004484,1.03588098314912,1.02748446014996,1.02952597810203,1.02816236613289,1.0242550524575,1.02229181466307,1.02604066099166,1.02054322007771,1.01200743015833,1.01327178340612,1.02599309706905,1.05240060222833,1.06587039778618,1.06245637400106,1.06709955235544,1.06677165299743,1.06846206584946,1.06856478812861,1.07552839089651,1.07552839089651,1.06298269712419,1.06529344098559,1.0679121663836,1.06848996738822,1.03904267597998,1.03589562264553,1.03575503263954,1.03226376152132,NaN,NaN,NaN,NaN,NaN,NaN,NaN,0.898628817013102,0.896667107835505,0.921244479029194,0.933484940388458,0.933510586921265,0.933510586921265,0.936223417741497,0.943359707935868,0.951639518566174,0.9468430478309,0.947080287836291,0.944942525785291,0.945488765351081,0.955154134251847,0.955327249246854,0.953782676855498,0.954753834842627,0.946600134931473,0.943358945604037,0.942787950231833,0.937040775195194,0.937040775195194,0.937662363476694,0.957288517885603,0.975009080472529,0.974465706992208,0.993511790683866,0.999026763546031,0.999050721372732,1.00915085118587,1.01110513527432,1.00218997070078,1.00196026697606,1.00360910992073,0.998035376193553,1.00111937159604,0.998955750157182,0.985590984165625,0.997748950344705,0.997748950344705,1.00656773257713,1.0158201152773,1.01138938834079,1.02492074574973,1.03365949834748,1.03365949834748,1.03303074133454,1.01619032034854,1.01704314135638,1.02360455758717,1.01891703525924
8,91,0.974526952508004,0.995342003216309,1.00239901669428,1.01781330305096,1.01996312341859,1.02613476265231,1.02026543112568,1.01658070285923,1.01802239257336,1.01034815015149,1.00597459329365,0.996653324196058,0.994750012723297,0.992764650012406,0.987910902949421,0.987910902949421,0.981984025452848,0.975757514518662,0.97489823565402,0.971605993955214,0.980297579591403,0.987033832233059,0.987052984730637,0.986259094714328,0.987529906084145,0.987529906084145,0.999755263496184,1.0005336046712,1.00682007994071,1.0092270758429,1.00347416681327,0.987473885884268,0.987931915995131,0.985394814278634,0.976778921240612,0.976666900087673,0.973864603765599,0.968291119991358,0.97341910842242,0.973621783486923,0.974865139397901,0.963809718578653,0.963524927456842,0.977022693544147,0.975195322648741,0.975195322648741,0.974431221472175,0.98073661466336,0.975595735090802,0.976018446135971,0.978626508864429,0.97289503886372,0.972548296365165,0.964103567619811,0.960937135895116,0.960915796210497,0.955823400527348,0.949346178352685,0.93299633314265,0.934243169578738,0.938481235057393,0.943626980209614,0.941453569321975,0.948017958101569,0.962002003061065,0.967608486669283,0.970151728813149,0.978367776368442,0.966896866659269,0.970498530906242,0.961707709043745,0.962866058720476,0.953127666575357,0.948084428457299,0.951688447999366,0.949986105953329,0.944937124841801,0.92074795368707,0.921084629656832,0.921084629656832,0.935743394125526,0.930443909785139,0.930212467351798,0.944879934966693,0.943201770653088,0.943248046038184,0.944932507380595,0.949693943573851,0.939696442270851,0.93670982082158,0.937280175518549,0.938643565566305,0.940862100972739,0.942134447597844,0.925079914728834,0.926196834176179,0.924974753661233,0.934282265589823,0.945692799798803,0.944030655248654,0.951727294388159,0.947111190027492,0.949056462801367,0.949056462801367,0.949559192918279,0.947578168015601,0.947927457625154,0.941878586077405,0.946380952812579,0.951041778669635,0.950777651152832,0.944607200350999,0.954176918967306,0.954000822391543,0.959322474676318,0.967046164704628,0.963108673695619,0.955378081358476,0.953988756957393
8,92,0.889638778145917,0.893461792611361,0.884032079239809,0.881099539213007,0.897248096844723,0.935672198314637,0.938910200436088,0.978857676895604,1.03033115246294,1.02965363658624,1.05861781411629,1.0670710239746,1.08188139616383,1.07894161939189,1.07691705847034,1.07492032180078,1.07492032180078,1.0699663360421,1.05785895748905,1.05889047762111,1.04876511579367,1.0223315870257,0.990200946827524,0.990733071863532,0.996958956359037,1.01488485338596,1.0148762852499,1.03150299025038,1.04426428656021,1.04349518582167,1.0343640606381,1.02698424605212,1.01118706995301,1.01118706995301,1.0127475085083,1.00464571307472,0.998536822663748,0.998536822663748,1.00106212779716,0.962420883430161,0.960486192626245,0.955128884906831,0.968926387147518,0.969320974444672,0.971386239175371,0.969058259360766,0.968711801741573,0.970011073939733,0.964736102656734,0.963829009045365,0.963829009045365,0.949331552294061,0.950426008904707,0.951134314569275,0.949464412215759,0.939574075975353,0.934216729823634,0.93368698654875,0.92526604479365,0.939279428310998,0.946132031809293,0.943556681746065,0.956298791240138,0.957840125165845,0.955453985746146,0.95995325859875,0.957643674559635,0.956943622829748,0.951573025967567,0.948267481893557,0.942638171877154,0.940016509175103,0.941070907290286,0.940123662774268,0.939156907047246,0.947044866837272,0.954755210288339,0.955762119314197,0.956991747589655,0.959896976275754,0.958095210187773,0.954553386936043,0.956918098104496,0.956575895512017,0.950357539242346,0.941716404361387,0.94034177189238,0.942976074571129,0.938270787332186,0.936190489827501,0.936441007646132,0.92834875030144,0.931273428873279,0.939588207693347,0.941683332213161,0.946481411629982,0.944875287541908,0.951116557740138,0.947050063715581,0.95305569946436,0.957535443889212,0.954326599015115,0.959134084698738,0.964116426067231,0.963555164385439,0.95794951767813,0.959371925461736,0.959371925461736,0.961123909519982,0.958236232528688,0.952533496307905,0.952533496307905,0.948069171226155,0.933184863271597,0.932632248449553,0.93973438583635,0.943568966222617,0.943867742633771,0.954291215810238
8,93,1.00786532089842,1.01146056511376,1.00406559131242,1.00425461964164,0.995156368000933,0.992699063639395,0.992796954958731,0.992363807870643,0.995245358412075,1.00667029208677,1.00680675444337,1.00426118964545,1.00001503268208,1.00005649118638,0.992684734483116,0.994927845101495,0.99404480507681,0.999786028057945,1.00483917738855,1.01688467189179,1.01457531517053,1.01480369481553,1.0153819038297,1.01702718920277,1.05430391230318,1.0550095545267,1.05976368485337,1.08875191024126,1.09177650999922,1.11124132627907,1.10978793087536,1.1158685857422,1.13007888318221,1.12901199782587,1.11809565507214,1.10421972687436,1.09950677767596,1.09964336989015,1.09463416108427,1.09523947613401,1.09518549979109,1.09662254929271,1.081785250464,1.07473952482966,1.07215922561538,1.06619036582114,1.05013783131741,1.05026275482506,1.04962738426223,1.04933604983938,1.05025135669893,1.06300200316929,1.06627556091188,1.06486804586675,1.06642301016233,1.06892720300037,1.06486665194471,1.06840663035315,1.06010603300551,1.06096092833464,1.05744314903071,1.05253696443547,1.05574391761115,1.0459745804917,1.04599295780797,1.02353683789754,1.02420834430535,1.01727149561247,1.02874485554421,1.03689149384865,1.05595078637333,1.05694602074068,1.04693066599156,1.0481287319961,1.04676588601043,1.04832566270397,1.03892885665844,1.03876195280109,1.04022961908136,1.03604913659292,1.03881813652875,1.03960821207501,1.03236642804765,1.02279154580079,1.02274103902928,1.03014295307499,1.02405722720602,1.02139359519807,1.02695002033068,1.0398774656904,1.03635068625784,1.03566127449911,1.02998363035473,1.02495623732966,1.02495623732966,1.01653967497787,1.01922597186585,1.01774274367493,1.01351855306964,1.01904559831504,1.01865671906768,1.01926901628697,1.02833908027032,1.02195862907362,1.01592733054548,1.02870944862364,1.02792847450712,1.03463546125308,1.03463546125308,1.0337505964828,1.0367775133554,1.03580742445934,1.02817754534254,1.02346467572976,1.02306088723657,1.02604859779171,1.01486477073799,1.02231995880575,1.02220046831098
8,94,0.990549637009089,0.992586179763697,0.991334000515543,0.99376203810424,0.999425706251823,1.00600810932131,1.01112554033193,0.999833093644473,1.00004171125893,1.0017433424433,0.996555023025464,0.998223962375628,1.00459385744087,1.01081744024603,1.00473352309943,1.00420044139115,1.00010403511498,0.996585851472523,0.997776507189583,0.989623641129533,0.988083917020158,0.985772741032119,0.968917390440218,0.972996411374892,0.969615436685002,0.967785826988446,0.979869811586961,0.996445313249275,0.997347401626337,1.01500355014427,1.00985571809074,1.00995643854104,1.0094417761265,1.00259571309192,0.990894325246441,0.995990456917506,0.983414603875614,0.978847142914911,0.982655495013822,0.979404545068211,0.98906083425242,0.983770454069521,0.977625565851133,0.980640133156021,0.975949739281113,0.977131238222826,0.973665024147431,0.966254858542528,0.9662839140961,0.956316371614937,0.963591681836662,0.96831249017266,0.96839868625923,0.976792251587209,0.987756302458901,0.993492732264487,0.995344890813713,0.987572841597042,0.987572841597042,0.994549600326087,0.998113120625487,1.00090992458585,1.00090992458585,0.997202009111235,0.995581079848402,0.995834758067851,0.993655401126541,0.988963699886845,0.989683673174972,0.988952680457738,0.984621305523272,0.979538095195498,0.979957420785037,0.981542314309939,0.975110352323035,0.975145333484528,0.980539574993492,1.00114747191781,1.0240071652129,1.02419382948692,1.02886743619124,1.0220295074225,1.0217433196497,1.00933339597009,1.00034390164715,1.00396045682153,1.0072633750943,0.988074123331879,0.941257134498457,0.931565086464039,0.92967992013057,0.940609142905169,0.940640951466192,0.960731155080732,0.978561012988022,0.977522862902568,0.993260182876862,0.989738205472833,0.988510896381774,0.989622762128786,0.989501635260164,0.982449161607594,0.978846507661021,0.977267166847126,0.975376021787125,0.974568697749456,0.965238985159037,0.972828260083951,0.971060303957853,0.968421020707824,0.972728593522403,0.976762722952892,0.978632750487144,0.976043902539372,0.976292518686313,0.978037692490532,0.978037692490532,0.9738269132679,0.974732482215785
8,95,0.955515843611879,0.954794500643222,0.953177901370091,0.952623829598795,0.954636757766662,0.963131681640398,0.957427081442006,0.969536107351517,0.969961294683379,0.986500669461171,0.986342080905598,1.00545357593065,1.01911500172127,1.01848426383493,1.04867239769923,1.06984070839951,1.06686306454357,1.07979003825037,1.08813320114576,1.09490486813547,1.09397426847493,1.07262335588038,1.04835929298739,1.04828947156643,1.03039929035854,1.02603596640416,1.02603596640416,1.03139652900948,1.04046282690532,1.04225048230906,1.04225048230906,1.03528341129507,1.0260585547752,1.0260585547752,1.01811516810895,1.01773403936797,1.01649411838675,1.01649411838675,1.00943066705477,1.0090432787131,1.00988160780913,1.00595461977721,1.00047136324567,0.997612971537365,0.993909529499842,0.998022424190533,0.984612501577602,0.984612501577602,0.983132123942346,0.985869341260868,0.985869341260868,0.985231242166966,0.980350369576247,0.98042864199045,0.986002100978676,0.992238126831919,0.989671776189842,0.992201691275237,0.997312997970486,0.995562593986576,0.993435247809171,0.988286811122662,0.981240901942716,0.986577809907733,0.983075617994314,0.983093239773979,0.983787012203522,0.982093448741218,0.990806888671287,0.991048543864947,0.991048543864947,0.998611815413226,0.988493968422342,0.987257801932474,0.987257801932474,0.98750898616605,0.996100003724888,0.996100003724888,1.00777537983056,0.997498265304558,0.999309818373265,0.992785629684263,0.980384764206435,0.976522940553818,0.976522940553818,0.994814997993311,1.00444895136572,1.00339248506746,1.01406135518051,1.01395684701325,1.01504322116594,1.0110609895354,1.01266127728985,1.01111454123095,1.00988740955438,0.997888278763037,1.00201346594297,0.997975750867586,0.994783757341739,0.989499793923469,0.991013213821362,0.990397883917417,0.98724123512755,1.00372765995884,1.0015287757194,1.00213334573436,0.99833236299604,0.993160833403224,0.992541249798234,0.996382794138309,0.995928517746775,0.995928517746775,0.98746525632713,0.98634933806459,0.985664826985756,0.993337269096932,0.983579965901495,0.983768470653708,0.982247523295097
8,96,1.02414203650256,1.01133355876838,1.00973404603662,1.00959031030579,0.999797335705543,0.999250141898168,0.990090529708278,0.98966804430048,0.99582032114343,0.989144413961142,0.987133363551132,0.98705129786051,0.991963533635825,0.994724904404634,0.994882510782182,1.00681857769019,1.00590373930096,1.00855249523907,1.0043988392051,1.00076154150231,1.00076154150231,0.994762224135059,0.987249532011415,0.99073087066046,0.990379497636728,0.992866887625287,1.00285716549237,0.999677693145115,1.01191170198176,1.01006981231885,1.01031519689244,1.01563831871473,1.014785404119,1.01041895497853,1.01041895497853,1.00598811867977,1.00029871039292,1.00043410480218,0.992516041805606,0.990743552427457,0.984139515820358,0.985290707319373,0.981139899209564,0.985438313808346,0.984929073311001,0.985368509902846,0.95590166364507,0.953491083603299,0.960666458895165,0.964680662874579,0.96634170358167,0.968522923701104,0.981857124898356,0.993146595417126,0.993460540709859,0.997408597927941,0.99683243825618,1.00010595434285,0.998110969555634,0.999405431339974,0.99411461874236,0.993811288462941,0.987208701301494,0.991738450513777,0.99305979598562,0.987223697377607,0.981238500488125,0.983001862206197,0.98323749147942,0.98220079595374,0.988653003444116,0.990680709264087,0.993147119229353,0.995051150459421,0.996511731960721,0.988691012527426,0.991290003271898,0.991490992092551,0.990420318030219,0.991354542691239,0.993256448739735,0.992942626588864,0.995394102756952,0.991921640652982,0.987245381930601,0.987254930750707,0.951658710083935,0.965864311326238,0.966151414385624,0.98262545445554,0.995690910979105,0.996169085382418,1.00203072310812,1.00883728721371,1.01499270998042,1.01399087488323,1.00675486086522,1.00053230734301,1.00194940852864,0.999995723909425,1.00036964529373,0.999301064821515,1.00095075252355,0.988126725587899,0.974527571694358,0.974527571694358,0.977493896311742,0.977116471362077,0.977120413630959,0.976528319287837,0.992486550756028,0.991954689825591,0.995983588589827,0.991622886754244,0.989608152531854,0.99001840549404,0.989987749281499,0.985121597920238,0.985115845738044
8,97,1.01562067631066,1.01563186142946,1.01691467575457,1.01028445241692,1.01120304072722,1.00754153171294,1.01276757984066,1.01276757984066,1.00261730357936,0.997265299232123,0.985044111316448,0.985231626650233,0.97595662701074,0.979423980953033,0.986446275282744,0.99869068632233,0.99638716479752,0.996419303397883,0.993786223424501,0.993854011426044,0.98529076530231,0.985814858935485,0.973952675495382,0.976804613928903,0.976671527485166,0.978194409272775,0.982840155124438,0.982840155124438,0.99777805384561,1.00522290125118,1.01575685409294,1.01562615529575,1.01796424944295,1.02098080324523,1.01864673073532,1.01589052066743,1.01086961840033,1.00540233489668,1.00775983612902,0.973468564347632,0.974451300904343,0.974275360571753,0.970551271770195,0.96404075166485,0.966470625253429,0.965905951923099,0.965625415377796,0.965914674065687,0.965914674065687,0.966137020606196,0.968548631195318,0.968639275352864,0.966105735428659,0.969839124064241,0.969696041091475,0.972590313716472,0.975356484602443,0.972118552169561,0.971515380022094,0.96739675671401,0.964999669378515,0.964993580864875,0.96201573367316,0.960192293056242,0.966372231542613,0.965364221991613,0.967692304797938,0.972848712269417,0.971931295192876,0.974332801492603,0.973648954463952,0.972538258533277,0.970563654206462,0.968003375234045,0.952809281282069,0.952903580658036,0.937935215077633,0.945448002862703,0.945448002862703,0.960408334824393,0.974899419542576,0.975995105555776,0.977489137863554,0.980288764664994,0.979028224694205,0.979012218151891,0.979694528954719,0.975298308465499,0.97557478636165,0.967339225070499,0.956832671181901,0.956048763817242,0.949685773978551,0.952055882071754,0.961187270008223,0.959460224965019,0.968669697020446,0.964725379912467,0.963300982470123,0.966556881057812,0.962590121814137,0.958203286950181,0.958732617937937,0.969134764912555,0.937919417695709,0.932554884090978,0.936892969252809,0.940449346721451,0.940659428616954,0.939831981634136,0.957102385645332,0.969433257775325,0.968234891316159,0.967986180888807,0.965250002876468,0.960774797148384,0.963670714712875,0.961518884061081,0.955666703966243
8,98,0.994813511525195,0.993827821531692,1.00082727254315,1.01216349192813,1.01301209130986,1.01011208380617,1.01177024368447,1.01073513673708,1.01073513673708,1.00626450306062,1.00658648683295,1.00658648683295,0.99740151149109,0.990463437422324,0.990219710301091,0.989990365109647,0.987483827785779,0.984117093900263,0.982889787460469,0.974411263291519,0.971736590701874,0.968683054716188,0.958366240746798,0.941794719093563,0.940860847285218,0.934591466749877,0.946343169079457,0.953931063108082,0.951390501002098,0.970816098294493,0.960241582989329,0.960248165059609,0.959128480998926,0.948069612888649,0.948014172910437,0.948195956743905,0.948642398765178,0.940851017012429,0.940521330276001,0.941216276492136,0.937688585938745,0.928419664031961,0.927655103114246,0.927987198186534,0.932953963251092,0.93435538979504,0.933319905039278,0.93189656174771,0.932556193802483,0.929700484645593,0.932630779788205,0.932630779788205,0.937162880675743,0.931910941356288,0.925167560876265,0.925167560876265,0.929502542891458,0.934566129689869,0.93558579642688,0.932341121928734,0.928095158690769,0.924450955645719,0.924615453632037,0.924701672127197,0.942491301940099,0.942614892087809,0.948409772706574,0.94916718363693,0.949877750545975,0.950773046055207,0.951490899337656,0.952157635808202,0.950904319269535,0.955575708369447,0.954676750452682,0.954328153573296,0.950390011493248,0.949152702744095,0.949138914626469,0.949138914626469,0.943399688371012,0.943928719372204,0.944781952284124,0.944929473772394,0.94229973625386,0.943250974599544,0.945163823107538,0.943150180338996,0.939719074947631,0.938004973760261,0.918355396890715,0.928036019707258,0.927432180635521,0.942318097941845,0.952060941200043,0.954646975628751,0.96493278212819,0.963267929934974,0.956058556541415,0.956720673099114,0.95765512501225,0.95520150372687,0.951021996213483,0.948409648325442,0.948172598738143,0.943621388250397,0.943194277459504,0.942499082955547,0.942507799461187,0.942409001939411,0.940732904926683,0.940394476353155,0.939642777641517,0.937976043345564,0.93490725992221,0.934061727207063,0.934515205217341,0.937162746223525,0.938161669563055
8,99,1.01338671035514,1.02036335484549,1.01750800862204,1.02278974674165,1.02187752028712,1.01502532382456,1.00764597087195,1.00816653846534,1.00053393787203,0.988742824395416,0.99057597925474,0.992794505273058,0.988961103052393,0.988961103052393,1.00763296102809,0.994064078771316,0.973910109460128,0.971372800913568,0.975687422913592,0.975406255984054,0.975505909059777,0.970330299674677,0.938474340113352,0.93588930138731,0.935148048511695,0.951485036640746,0.957150404973871,0.955894267101338,0.956507685687203,0.949481507285636,0.952494999607316,0.951592653622489,0.954865842321784,0.959331442534926,0.958357000446356,0.961421841969041,0.951277608978993,0.959997469063394,0.96166999141113,0.959535685540698,0.969908652802806,0.964295218749688,0.96133687886829,0.962310764571843,0.962310764571843,0.968802145298339,0.963655282255044,0.963655282255044,0.95378429545035,0.952797372802869,0.959029962414336,0.959029962414336,0.958934669819361,0.961107623591624,0.960565465268831,0.966995345714087,0.960047520489514,0.960060295463479,0.954566137875874,0.956552137311128,0.957177264465419,0.954261579936808,0.956719964290504,0.956060665996278,0.95988430209243,0.962659599466298,0.95771528297819,0.959249770122909,0.958604626968205,0.965509815715616,0.96407104401951,0.962898546851635,0.961343618507527,0.960205703718251,0.959503748015202,0.953421275284524,0.947447782997259,0.951282883643404,0.950993478707675,0.958077785570395,0.959743163716061,0.960831528888527,0.963242703733402,0.972709575433349,0.975292176526263,0.972463698978003,0.972539970400761,0.973703941103496,0.973556612380205,0.966861680302669,0.966030928373212,0.966734364433228,0.957374144807657,0.956817723735621,0.964869562992579,0.969663073904518,0.966531356038653,0.965648773508916,0.96603136129365,0.96242423164239,0.961320311664415,0.961586128885535,0.966473562506138,0.955463794280561,0.949628089371216,0.949652455389832,0.947631326315573,0.964556462375628,0.964758540206953,0.971655271714537,0.974372794142146,0.973391128985554,0.974567938796086,0.972239626450098,0.970095687485169,0.977048016804223,0.973483075694478,0.973307015005957,0.97136998491454
8,100,0.999359216752712,1.00551005368286,1.00522185042519,1.00520989304251,1.0039134609492,1.00700304185747,1.00483548205178,1.00434830738972,1.00485059716659,0.985795338589793,0.992761723403217,0.995282554838014,0.99449501966196,0.99449501966196,0.991918627115373,0.998676885253223,1.00313448779862,1.00503081459343,0.998157625766373,0.997606085651004,0.997606085651004,0.989188164206892,0.978551607465656,0.97892596629143,0.966055744704879,0.928726405924746,0.964069927611758,0.964069927611758,0.985526748034759,0.994567470968386,0.995419540847731,1.03336193398261,1.07270623460689,1.07674065782564,1.10280978515657,1.11298681360718,1.13113341986424,1.12703780029544,1.1249680214073,1.1000376301602,1.09826365820471,1.08797833948451,1.06792007463383,1.0179659337021,1.01573038478658,1.00997334387164,1.00819267109065,1.00819267109065,0.914862098412292,0.885919963299403,0.875506010187461,0.73686130782198,0.719957576315406,0.707411874246797,0.707220027345185,0.718686186510979,0.731701635818268,0.731589281338887,0.732421451622499,0.733079894952331,0.736856816090028,0.728003137592898,0.662299287560441,0.582968233829883,0.583094446419528,0.593617216926137,0.607044665860715,0.604481918036707,0.627861239443354,0.636806952195868,0.667282444708891,0.667282444708891,0.700915576002426,0.704517352724106,0.706749409368589,0.716872234291527,0.724957030264185,0.724329194541487,0.732063638104057,0.738012624162975,0.73030375112535,0.730559446595326,0.700679542694462,0.687587395623611,0.687285351818216,0.679391107503141,0.673775178115887,0.673006132222079,0.662443353076899,0.672119453545329,0.674230343381387,0.673630920077292,0.664024210375183,0.662331509069218,0.661580997240126,0.664307035852571,0.665979794337443,0.66572216988877,0.661938326894573,0.671585234895309,0.662125372715804,0.662125372715804,0.652570369292904,NaN,NaN,NaN,NaN,NaN,NaN,NaN,0.660400757194494,0.660757744507017,0.672397000683047,0.687621720257086,0.705600019825223,0.70619552652887,0.725634412590605,0.726252941910244,0.725973979703334
8,101,1.0248046535733,1.02756660644297,1.03092844204531,1.02961734107425,1.0409835488298,1.0409835488298,1.04261071036084,1.03251277775437,1.02831629194083,1.02821582475536,1.02010994050662,1.00503297864072,1.00503599197484,0.970746323657657,0.94963611916773,0.936023622789117,0.936023622789117,0.924710512202627,0.926141142664744,0.926196846650396,0.947943855161725,0.95887007345658,0.959102400611567,0.947017781868552,0.95399978185446,0.950113988428927,0.950082336382475,0.953298225749359,0.950149360335642,0.950638106543515,0.94947214112935,0.952720631348139,0.952079773265053,0.951905475735177,0.940800520392032,0.941013284236685,0.938756161789706,0.937018857816321,0.945892085583419,0.945892085583419,0.942187345915409,0.942565137624093,0.934669116838779,0.934669116838779,0.928667649122496,0.930189672404578,0.930708648338033,0.95340095915458,1.01816128785745,1.01916195352703,1.05730140185925,1.07663587340937,1.10800913308465,1.11126661316211,1.14194144397679,1.15817482008493,1.1623051852961,1.16304900328556,1.14866009071881,1.14866009071881,1.13741050621029,1.13592739563292,1.12346110232582,1.12419659311956,1.11835698835636,1.12266885254962,1.12347884029959,1.11394167527189,1.130832074155,1.1326543215246,1.1662985726096,1.1873127858891,1.19941929746977,1.20498406657343,1.19668649423958,1.18111631091129,1.18111631091129,1.18323188378501,1.17072037582714,1.16486649014551,1.16690640339288,1.16416115490895,1.15574838058463,1.15362279760539,1.14392024749786,1.15053070678428,1.14668439509763,1.14021683783762,1.13937113376612,1.14258579127622,1.14907948531833,1.14381876104614,1.13532282765404,1.13028363806007,1.11298419335096,1.13160150378376,1.13160150378376,1.13445817500651,1.14166824360008,1.14586143731697,1.14586143731697,1.14119961695708,1.13254549483763,1.13254549483763,1.12383202133599,1.11501199689681,1.11425570675225,1.11425570675225,1.11442773248369,1.10657918221847,1.10969354644445,1.12643483216292,1.14339792078678,1.14414623547317,1.16143251496613,1.15548462401094,1.15352992643485,1.1503861840442,1.15037706039724
8,102,1.01769611884291,1.01933599291493,1.01758569842218,1.0101479030978,1.01022962591128,1.0131562160984,0.99414500282483,0.987811794235059,0.990347837596157,0.990754842026337,0.995009105927288,0.995239168917134,0.997842198786845,0.997656339153686,0.992249963471598,0.992339014431932,0.99058046521245,0.996899181486083,0.990973530643094,1.00779672946542,1.0116523849869,1.01186987839349,1.01595341299128,1.01587956823254,1.02284717957055,1.02284717957055,1.0217525432205,1.01474551020496,1.01469564337426,1.01790265560213,1.01146066436584,1.01086735298182,1.00539904727721,1.00496270349265,1.00675108637915,1.00788823540866,1.00119134187592,1.00268024641971,1.00223072637508,0.993660620072989,0.982761828257798,0.982100904136922,0.982359901198243,0.98349366898639,0.979412003578304,0.980305217899893,0.980587343759196,0.983115698750828,0.979432376518299,0.987373147084667,0.981369604605155,0.974994584359801,0.973267798358503,0.979683642332895,0.98461242247494,0.98572088811778,0.987409285053767,0.985918446576302,0.975955047632214,0.975379402664005,0.979962173683762,0.970049852837489,0.969797000053812,0.97248698577679,0.974456734400178,0.978020200420112,0.973069132198765,0.974281120272557,0.972509118967908,0.976592288528245,0.974482924580902,0.969262592466012,0.970555568427464,0.968875087934539,0.969176861803647,0.972645369080397,0.981607417371006,0.987464555962166,0.987782201502903,0.988924277276401,0.987060284350413,0.983509248418309,0.984233616227396,0.979382269863622,0.981900511526052,0.978752854552973,0.982501998800996,0.969300303370553,0.969900151260849,0.978272797706599,0.97317159779253,0.982426261813571,0.986051716965346,0.984345286894591,0.990427540402724,0.987852210874885,0.982655625775458,0.977463373842742,0.9780473129224,0.9780473129224,0.96929397780475,0.976304761228823,0.971776601548933,0.973027852741346,0.975237153158578,0.980397330957069,0.979507860363477,0.976478717803354,0.979190591403116,0.980738062384466,0.983915490904615,0.978540143480591,0.975067803698371,0.976487384020305,0.977793536470701,0.989180061048545,0.988686808154873,0.992966733266895,0.983195610490731
8,103,1.00400381428711,1.00820963188008,1.00685302208544,1.01073710572162,1.00062400293932,1.00062400293932,0.999109264687062,1.00491514057685,0.995300565062506,0.997256521843465,1.00083691941747,0.999168912020001,1.00044039641213,1.00822792704312,1.00055821078899,0.994752529628092,0.993585176158666,0.98949113366064,0.98530572284812,0.989283852835404,0.984683051174759,0.999034910700236,0.999319727733632,1.01924994188749,1.02975787816521,1.05850645394807,1.05718244949919,1.07541001717025,1.09021192502883,1.09257328173258,1.07459892064709,1.06814581071684,1.06814581071684,1.08053004087672,1.07458289637769,1.07945549455997,1.07945549455997,1.06327894964614,1.05424865670584,1.05336707612654,1.0468924990468,1.04436102533086,1.03297536978618,1.03338023372646,1.02072680678131,1.01569381304062,1.01468169181377,1.01369616078777,1.02278006557925,1.02278006557925,1.03127992910158,1.05451396130932,1.05839063975332,1.05839063975332,1.06308312405361,1.05841717380833,1.05841717380833,1.06136723930076,1.05267943096566,1.04592133986103,1.04592133986103,1.04222091938816,1.03956312945053,1.03905427111157,1.03182456104351,1.02945902039459,1.0298383119237,1.02711167700492,1.02830992457796,1.02417270196996,1.0171986842801,1.0202972148942,1.02112260520818,1.02215734238444,1.00849684401911,1.01305419205409,1.01329908558911,1.018001079269,1.01960255009049,1.00408490654398,1.00384825113833,1.00779112242906,1.0171958043337,1.01902229015229,1.03129168194823,1.0426942212563,1.04208228438752,1.04163229132526,1.05040730096685,1.04366527382397,1.04304701603198,1.03733211927973,1.0336763432964,1.03384818779066,1.03866140879179,1.02555666164165,1.01751403726923,1.01881642490093,1.02773390562268,1.03051970927047,1.03137645573123,1.03086784792508,1.03775578868326,1.03775578868326,1.0339010056703,1.03188310278837,1.02913594548108,1.02913594548108,1.02742837503045,1.02706618579018,1.02725685713894,1.02608968938941,1.03310266502783,1.03311357773976,1.03167389651263,1.02902295991516,1.02629027187383,1.02629027187383,1.03522185741234
8,104,1.0017298959441,1.00423013409752,0.995162878674686,0.997114982166734,0.99784089829878,1.00497327362534,0.991951094560525,0.992234753110609,0.988835641074315,0.991671387501093,0.995717786250063,0.993502082457185,1.00152657882312,1.00024465595872,0.997977910027146,0.995064121125467,1.00239459153902,1.02557939541789,1.0222479393477,1.0259664742976,1.02447475029195,1.02447475029195,1.01553773002379,1.01099567289305,1.01180057108586,0.994019661536071,0.993710733949868,1.01494407515024,1.01494412784116,1.02195169133762,1.01706185520377,1.02338423285062,1.02600698864668,1.02544376725465,1.02525897223903,1.04405213134424,1.06526471700573,1.07224271306301,1.07224271306301,1.07337179525442,1.07616545743583,1.07616545743583,1.0647003630078,1.05892581381724,1.059428888155,1.04256551787256,1.04030476439387,1.00544871863077,1.00651115923318,0.981446632993506,0.943193541779331,0.943193541779331,0.948924890488727,0.962483482819829,0.969068426440937,0.968272988715935,0.969751370544252,0.972112414169214,0.974230134208945,0.973488978986372,0.968626793694671,0.968508600091569,0.968361985942481,0.971181848801654,0.971273285081664,0.968393590095466,0.967283152278388,0.967082508588909,0.967009241575038,0.979590412007439,0.979787163458977,0.978642430819498,0.98085199009927,0.975300210245999,0.93120293592831,0.933522434407976,0.95336169619922,0.969454154319427,0.969147411036439,0.967441288452916,0.982809690617828,0.989290053600614,0.988561171363234,0.995902518101783,0.980507745472004,0.980507745472004,0.987646951481247,0.979580531307704,0.979399169055635,0.97949080963638,0.982120811952214,0.976217454714152,0.976217454714152,0.966945329527221,0.969233419624979,0.969233419624979,0.972567779035043,0.967075910504228,0.974682490332083,0.973692620921153,0.987537405190155,0.99313535618189,0.993313788989656,0.993402697051803,0.995306063541936,0.997622991965177,0.984885936566345,0.984218916139127,0.990408594918528,0.996181850861491,0.998189174547217,1.00476533735529,1.00476533735529,1.00502672413145,0.997066475514701,0.99724085502846,0.996954659303178,0.996587367502158,0.991142319307571
8,105,0.986682159430705,0.986881200944698,0.986842875492626,0.992088941482979,0.986371649211153,0.986938884846736,0.991562442261766,0.99844003414863,0.99844003414863,1.00721816665462,1.01202416009187,1.01042322324866,1.01084749420594,1.01319800451204,1.00705012174483,1.0059025172942,1.00280593688401,1.00954793177992,1.006734221616,1.00742834696679,1.02192909054126,1.02125310359294,1.0239033945183,1.04482349531013,1.0715445725066,1.08687779605182,1.08603770561269,1.09128888708442,1.08702804719763,1.09062701382493,1.08493364076312,1.0880603550066,1.08735617163815,1.08582682041948,1.08319828771285,1.06608828511864,1.06624685679478,1.04006806834189,1.04186000496565,1.03959257413357,1.03298536485464,1.02847244979541,1.02840818347894,1.02254079363422,1.01986367380387,1.02451744409494,1.02608390018803,1.02105476204365,1.01472259236303,1.01502091638133,1.01821288758992,1.01274971928343,1.02086566392063,1.01919387491724,1.01293415378799,1.01491464361758,1.01250555281652,1.01266138080958,1.02338839509864,1.02299219137015,1.02156746749151,1.02224862924179,1.01509647934472,1.01628810672687,1.01818173416142,1.01380953736771,1.01709944605259,1.00340201898301,1.01246747730603,1.00853740284241,1.01539763354023,1.01669388626437,1.01465467466874,1.01443659356401,1.01466198987484,1.02962062446641,1.041275141211,1.08772307991864,1.17813451981497,1.17623653744605,1.21975062378269,1.24993336754368,1.297970430908,1.297970430908,1.34872340390403,1.37796718237019,1.37893634659483,1.37976716355836,1.40119674774331,1.39140647019964,1.39027600804929,1.39034954640135,1.39117633012763,1.39096884420308,1.37968249688243,1.40186607327975,1.40376802721124,1.36628723354939,1.36532107459092,1.37004294491581,1.37004294491581,1.35675642946587,1.32605288995757,1.32530659911947,1.34340455899755,1.33577649588652,1.33570713001099,1.33247565200247,1.34486065944248,1.33547700310024,1.33430913092385,1.3381711529095,1.34026640520843,1.34026640520843,1.32486394726464,1.31798626818104,1.31721022316389,1.3122706503968,1.30607152058524
8,106,0.981178234265477,0.981067330511662,0.991797878426224,0.995551223242528,0.995901761842422,0.949094158991335,0.96626778466817,0.965407376270509,0.965146964401908,0.976568597910779,0.977405481430768,0.995397142553658,1.02013547976908,1.02319527482584,1.02319527482584,1.03732751571038,1.0611280272972,1.06050311464706,1.03373137840917,1.05848030248408,1.05400329187887,1.05400329187887,1.05156767738408,1.03521202932258,1.03289700643709,1.02965531656546,1.02971663095995,1.02980489149753,1.02609768385449,1.02717252287307,1.02281201811006,1.02447808873215,1.01537252739252,1.01285442359386,1.01285442359386,1.00255859444037,0.997053758339186,0.999336276852625,0.999336276852625,0.994730858635211,0.992669313657169,0.993816352216723,0.992895469193532,0.993790868175104,0.992543325369645,0.989456467198511,0.962398039533318,0.965884629399505,0.965553965555444,0.974682695788635,0.962103822866221,0.963020760092729,0.971197220939171,0.970636585371427,0.973243502886594,0.986101298360783,1.00141830767589,1.01051716076863,1.01091549181086,1.00952321804819,0.995930397693716,0.995254731092844,0.981502203704346,0.973741945265849,0.994881899694905,0.994881899694905,0.998583849658249,1.01928614964911,1.01786375874798,1.04080579760602,1.04392864330412,1.04418360477365,1.04503245270116,1.0375892514037,1.03387601636084,1.03288547763127,1.02761735329136,1.02355841957896,1.02393916703739,1.02169209625754,1.01102575145231,1.00887983966712,0.999567162086619,0.981958754150862,0.973509040117118,0.973577420728223,0.979426411634071,1.0005311711791,1.0005311711791,1.0028134678977,1.01130473328739,1.01112293517573,1.00874508492476,1.00895964736318,1.00290445233838,1.00263588507756,0.991517455778149,0.986795727833817,0.985292006951107,0.986184600560046,0.985146144598701,0.995931894971644,0.995931894971644,0.988693395536333,0.979699144493986,0.980402060221953,0.983897170410561,0.982601932702944,0.989316322276664,0.989563148320808,0.988859121703075,0.988741211917417,0.989158263209668,0.98846223369388,0.99262623312526,0.992780612103205,0.988759185998391,0.982534652227111,0.98313886928628
8,107,0.986812607698479,0.989504977529108,0.992409394493852,0.99223828568568,0.996434774375042,1.00380423485747,1.00293821229226,1.00622431385868,1.01332778957976,1.01180828827681,1.01472629613375,1.01287722224655,1.01290259955355,1.00939848802744,1.00121088122418,0.983693636699996,0.98247227750563,0.983333648036855,1.0038820719249,1.00329244600693,1.00873581873846,1.02776761962711,1.04361654462442,1.04337506212969,1.057504125233,1.05387350804058,1.05334598390701,1.06094322111017,1.0584344034923,1.06061860898423,1.06019037625213,1.04693768660365,1.0340102744249,1.03633982759403,1.03138348342298,1.02544192785114,1.02520860111301,1.02448435958387,1.00025492237517,1.00366579823788,1.00297096883265,1.00339206280103,1.00445253676523,1.00495254404816,1.00380919286527,0.999201670370039,1.00434597467582,0.992206630159078,0.985028844369299,0.995719476425665,0.995620410624831,1.0020775258278,1.01442409075936,1.01434309815915,1.02054914940565,1.01637510220967,1.01594908035706,1.00760630568913,0.999981531483442,0.999139282768484,0.99915110929499,0.987279439895816,0.985091234108093,0.985903548891972,0.990074155504143,0.981638298056823,0.975755112100949,0.975755112100949,0.985046645980545,0.995310695671476,0.996078341567527,1.0026330069063,1.01041645796389,0.994138937008061,0.99415633072583,0.994488809917737,1.00148152079357,1.00313548521185,1.01209403370107,1.01521775052634,1.01674744090659,1.01004365679469,1.01059082725762,1.0094723966611,0.997009269813073,1.00398664151814,1.00177696120276,1.00108086555423,0.999860781574825,1.00073970906759,1.00064112554231,0.993991649530226,0.992722993504901,0.992443366569064,0.994471454491101,0.990902119257796,0.988763290831412,0.988763290831412,0.98757328110919,0.989423873368382,0.989738848212169,0.979647454059142,0.971997677051632,0.970993509538169,0.969840387985259,0.985371660563098,1.00181032341121,1.00161318544507,1.00641869570825,0.998274799770334,1.00449599908942,1.00449599908942,0.987701115134919,0.994960663925547,0.994960663925547,0.978937036119904,0.91027785517311,0.911075360830028,0.943869299564513
8,108,1.01264627651577,1.01258845625698,1.0056425485786,0.997590175481856,0.998172796314956,1.0016773619882,1.00081238205682,1.00401609137593,1.00373292291292,0.993683436039489,0.996313469557407,0.996730933415881,0.993077697141974,0.986242060866087,0.985059125386293,0.991279772901723,0.999368675439667,1.01077008215455,1.01059573561489,1.02537820201672,1.01996369308657,1.02025748833177,1.00343944835156,1.00104500670608,1.00333218209935,1.0068562110769,1.02044863017403,1.01448970390475,1.01492383656866,1.01639458902658,1.01732046033623,1.01363930782969,1.00987984057128,1.00412018881885,1.00535882829373,1.00583550865399,1.00379011787384,1.00459130531582,1.00713873863181,0.993765407426757,0.99862726769522,0.99277087482509,0.986447770006794,0.986215352268929,0.975867658527881,0.974378064788189,0.982578609129548,0.986158303953773,0.986171851714839,0.996784798682599,0.99724649832288,0.998208626025807,0.997706389043983,0.998173795013133,0.995061710673423,0.994517386012332,0.988093688790056,0.985356822759228,0.985438331142962,0.977684462939757,0.978690413420217,0.975960632281999,0.975490658009546,0.972289612709553,0.967571986169651,0.966803518765592,0.973631471461233,0.988130475966615,0.992224309069684,1.00607345671717,1.00745882738971,1.00361660013977,1.00361663520271,0.99973734734005,0.993836503929397,0.994484279452411,0.982393883857509,0.992348236119955,0.98969344253901,0.990440367226205,0.990763060459688,0.994589107387114,0.993422762707843,0.990989552282516,0.999568000584888,0.999846121085857,0.997303791567753,1.00006633561626,0.994834221353413,0.987390685807686,0.975196930855553,0.983239176064952,0.98293535979682,0.985440692839369,0.987831460743103,0.985846121631188,0.997854219905919,0.996064987809765,0.995580895382343,0.988414313928837,0.995591265323376,0.996949387972489,0.996949387972489,1.00984876890227,1.01412833904901,1.00874391921006,1.01051093154993,1.00557867209608,1.00403162263891,1.00438603020856,0.993016994015355,0.989673652733467,0.989069208495021,0.991599479404795,0.988082094531788,0.985963324159104,0.985565547173707,0.988765462289044,0.987310423596343
8,109,1.00246713205443,1.00270101968586,1.00483964175566,1.01357839935183,1.01234180369343,0.997974385710912,0.995822998514898,0.993892544382191,0.996128226271214,1.00115981223713,1.00083903982736,0.999891074330238,0.999598651025919,0.995560789972441,0.996748676029634,0.996109050449315,0.992154318621658,0.99845075242916,0.99974168365672,0.99918960588268,1.00393254636835,1.00570292567324,0.994078589187501,0.99404369698345,1.0107541308358,1.01147055109393,1.02341305354043,1.03796228815233,1.03775967620732,1.03862659947392,1.02895599281802,1.02867245074521,1.01986192568149,1.01540156707209,1.01353672762989,1.0114141135596,1.01300550374841,1.00817031578101,1.00829329484218,1.01227057316454,1.00835819712081,1.00835819712081,1.00415885780006,0.995685722055782,0.995166251960191,0.994349774888586,0.987567880203256,0.978920383410063,0.982908927178889,0.987148946525811,0.988502253068635,0.988545032770286,0.990541663774964,0.992307470333232,0.997159746523447,0.997159746523447,0.992770006305704,0.989410919712446,0.989117979187051,0.985230984100249,0.979251359250817,0.977996087207684,0.973392536076503,0.976375052769442,0.982748835495567,0.982442516688841,0.995621497178293,0.99576566303765,0.997158872066759,0.995730134642498,0.992543571193352,0.988497067707381,0.987273013105642,0.986350305288066,0.986100817030596,0.984332191830566,0.97608436236916,0.983066378421423,0.978201756298937,0.97816359456635,0.980951931063524,0.982106069477474,0.981611563789455,0.983558744541998,0.970541500777114,0.970757514229038,0.971408054148756,0.97880292341424,0.973333180603928,0.971825398184406,0.976308461720607,0.972543648273738,0.968517911555835,0.965852484567546,0.973868266915042,0.975143254116929,0.97562384125218,0.969334827838477,0.968052257338033,0.972411533040939,0.973495715006235,0.976800461468613,0.976800461468613,0.980108523896684,0.983319119999727,0.980534982996397,0.982507186643476,0.970345558206411,0.976285415757571,0.979810197958661,0.977711719516051,0.974313976277837,0.974300276156804,0.975459661488553,0.972520273135077,0.989212235879792,0.986542303096298,1.0075528665283,1.03770649682114
8,110,0.986056020654269,0.986615223258151,0.99181986035633,0.985432367723923,0.986290280971465,0.991463121302061,0.986027077129561,0.985457003922098,0.985457003922098,0.998477816537634,1.00483754889107,1.00483754889107,1.01184899879828,1.01674670846157,1.01775194124537,1.01495106421739,1.01496568390794,1.01548447758228,1.01548025222745,1.00537381728153,0.997352819571454,0.991117581793698,0.976340132663057,0.979545009316282,0.991740543231809,0.993124098794542,1.00274225212691,1.0065268346537,1.00935253052801,1.01177715934293,1.01380768415141,1.01538396213548,1.0129566860071,1.01562941136821,1.01467366027821,1.0243538471528,1.01168601315867,1.00482217871842,1.00482217871842,0.99699629148475,0.998859798815571,0.997187486408613,0.984832806500332,0.989923123295645,0.981790556455793,0.981967301334539,0.987987739083729,1.01260391491699,1.01306849454526,1.0331848041075,1.05234810535482,1.05515008980791,1.05515008980791,1.04981245823815,1.04502847839988,1.04638477580739,1.04847964885415,1.04311384556975,1.04355109069914,1.03328852582571,1.02320728302555,1.01776485618057,1.02345455913794,1.02190507805222,1.01308617347823,1.01713389039018,1.01369237057513,1.01159375388672,1.00732164893218,1.00664154308916,1.0081055438393,1.00892056795995,1.01316316958549,1.01583543574759,1.01402028591859,1.01720541573081,1.01376368775687,1.00885325719094,1.01136593127698,1.01222457445461,1.00244341920415,1.00445243253746,1.00440619735763,1.00680264089498,1.01157680815002,1.01243644519545,1.00721876360676,1.00436905741859,0.992441176842259,0.993508125250153,0.994398812311752,1.00363556065765,0.999401282136964,1.0128410924724,1.02213674110034,1.02543771988575,1.02592247293291,1.02248533007329,1.01580063436431,1.01495459204905,1.01540188838757,1.01206643354421,1.01561132363525,1.00121843041338,0.993867477840425,0.994226311341581,0.994522855169255,0.991608571117066,0.996658941282804,0.995417128200801,1.00099570107369,1.0076646475002,1.0076646475002,1.01027781007717,1.00796999357866,1.00996417697684,1.00996417697684,1.00791736598156,0.994335930582616
8,111,1.01117157705908,1.01063058712158,1.01108075822267,1.00823457102645,0.992056048921098,0.9913126857169,0.986212173378207,0.981345346560896,0.980907034324599,0.987170766858335,0.99361841093801,1.00655075755423,1.00617976228762,1.00871524535125,1.00735416564779,1.00670857652879,0.998632823403873,1.00688300100472,1.00523570809392,0.995348294484782,0.992099871576192,0.98183793002038,0.981786302246543,0.997545271913849,0.976723973847031,0.976934040848961,0.953280454926522,0.960475705842874,0.958841119499186,0.959150197522125,0.97207411640653,0.981523534682161,0.978513571308851,0.988486693133914,0.991224261967776,0.991224261967776,1.00317253906358,1.00996961724825,1.00309071946358,1.00311444648521,0.99142853408977,0.992682155354714,0.990829548374194,0.984992024463996,0.972598164763343,0.976060669890406,0.971876006958043,0.965175028689339,0.967135554028172,0.967135554028172,0.969257526707994,0.972711159003027,0.973424828170926,0.965728835592057,0.965599838628647,0.963777385807269,0.963777385807269,0.958828177461515,0.95667254323283,0.957236096636043,0.958980683195688,0.951383108837815,0.950624681619921,0.959970331672312,0.959654705654384,0.965270012681494,0.965270012681494,0.961703773699126,0.965298100217414,0.965044015688573,0.967300037188984,0.963248050608835,0.963699830098244,0.958400893852359,0.95436165938807,0.954529277232695,0.953625333793988,0.940912730224928,0.949148276589132,0.94860895750756,0.955493634435053,0.971442135620294,0.97298640108456,0.992008889909484,0.998665866545339,0.997065213382145,0.996909675878843,0.989749172020045,0.983077878575293,0.98272770096519,0.976516098603395,0.967446175247139,0.962896906443949,0.964143434285294,0.963585435725788,0.957005771173296,0.957780774135618,0.957359680794618,0.953555222944362,0.895348647331861,0.895971802211811,0.916385117486791,0.938968334571655,0.935636806894977,0.953934898175027,0.96242022477023,0.958608631427641,0.972804962764947,0.978531116148156,0.973410516563038,0.973171355733977,0.968956182594107,0.969886809018159,0.965385533492139,0.963362527632207,0.959682836847916,0.957874251427201,0.963199649487695,0.958987474796172
8,112,0.990420323821924,1.00186164738753,1.00205170621739,0.996685460276094,1.00745169050063,1.0066122652059,1.01371404419418,1.00927694414994,1.002126897828,1.00357575288472,1.00553271383579,1.00481924650689,1.00481924650689,0.996754356722763,0.997621266039041,0.991974481470214,0.98992002156971,0.989997160959644,0.984784773922755,0.984708411610538,0.983758222913725,0.994823125326928,0.994391791382991,0.99211258357514,0.997640841669029,0.989731076975873,0.989670617732587,0.994846355535462,0.990494410144675,0.990494410144675,0.996875792408291,0.995360845518224,0.995177039607286,0.982526740503558,0.975731627828008,0.974751569847252,0.975646933716829,0.981081255454938,0.978871678812256,0.978871678812256,0.97988329791857,0.994536452351354,0.994536452351354,0.977251937644867,0.971077402248315,0.960768643793739,0.960105671180743,0.972383072764445,0.983062828937419,0.980771925040646,0.988751065998406,1.00517567703499,1.01475968051726,1.01541365852809,1.01675526420194,1.0156939517157,1.0156939517157,1.00761006805567,0.997388637934099,0.989930538501202,0.990746270845221,0.986645067470812,0.980481666898799,0.978222250297672,0.974173209088682,0.975214437772261,0.976534682999293,0.974722740949135,0.946477230588619,0.946551812919712,0.916349909747005,0.92369253006562,0.947413285432324,0.947413285432324,0.961971630961727,0.9692679818188,0.968860474374642,0.977922705001386,0.978223511797927,0.977472840489059,0.977838105486649,0.978333149302004,0.977819255428766,0.978158009711824,0.953410356711479,0.938833021337306,0.938833021337306,0.945661231439898,0.949516779881218,0.947146112757993,0.946891873416446,0.95388019645126,0.943204167074644,0.941628918241918,0.967149090793531,0.960737740929014,0.965665268736238,0.965813852210182,0.988434407244591,0.990097095269742,0.988221167086913,0.976519097191269,0.979966398748885,0.979966398748885,0.997132774117893,1.0013709725628,1.00191710896765,1.00470324204068,1.02035202833205,1.00423989204894,1.00422209953003,1.02575587509564,1.04189758942067,1.04191104184204,1.04981887500196,1.0464879705055,1.06483777182973,1.0638539831807,1.08049460721401
8,113,1.03453409043627,1.03255896548981,1.03942972920142,1.04535079696853,1.04892338216853,1.04704395497319,1.03463662801818,1.02247322860054,1.02087878985091,1.01273991546268,1.00599994728272,1.0039386114344,0.978832027701487,0.930941493746958,0.928241250194431,0.938273748966338,0.952548535921769,0.961063350076574,0.961591553505253,0.969170336697543,0.999524005919926,1.00062360350168,1.06507958350853,1.08378850847396,1.10594376831504,1.10566973668641,1.12378585265197,1.13265987115891,1.13263140110775,1.14254522237339,1.11623610160799,1.11620445979969,1.03326425719315,1.01760615512615,1.00541032539157,1.00521738276802,1.00247017156155,0.989885943292542,0.990842526158768,0.993576317887532,1.01270214651716,1.01270214651716,1.01412273606879,1.02931718294933,1.04889842520196,1.04889842520196,1.0453632090597,1.03799471211441,1.03774648648869,1.04600533080912,1.05722846069077,1.05736128041367,1.05680774409961,1.0622730985698,1.06636565861028,1.06642906133447,1.0687734874017,1.06331530184914,1.06330548263121,1.05484015224002,1.05152525032579,1.03829149403903,1.03914754627791,1.04222456753575,1.04107359782885,1.03461511607253,1.02672007159597,1.00558048109002,1.00662846949006,1.00740071332451,1.0161579506522,1.02061212563776,1.01555744222981,1.02157139374288,1.02157139374288,1.0192787813488,1.02278951942645,1.01772881331111,1.01805076232436,1.02328052502976,1.02339206909383,1.02663645946823,1.02715808129427,1.0305103303043,1.03200291236235,1.0337762568608,1.03132925491761,1.03152013572408,1.01824267733505,1.01824894554418,1.02249252385836,1.02110865315874,1.02084051827404,1.02308455491547,1.02805588717238,1.02972705670307,1.02833685716289,1.03263069459973,1.01217531063645,1.01627445586343,1.0194163572072,1.01755758421892,1.01735826044319,1.02370064366168,1.03038334894435,1.02297480294503,1.02729174484158,1.02490600385835,1.02937014083071,1.03033685302841,1.03785027747179,1.05119210259229,1.05144638626084,1.06066636944746,1.0484801441113,1.05139450192549,1.05160394113743,1.04478628368039,1.03992894933902
8,114,0.991652192223512,0.984952198558314,0.986682692780667,0.981995716129143,0.981804458883186,0.987002132207392,0.979710606532651,0.972845093433802,0.966834460647338,0.966925689178795,0.970604796211411,0.987716524449282,0.986773752996897,0.999383116119466,1.01885286888601,1.05534901041004,1.05534778624494,1.0574465800843,1.06812032402285,1.06253977791345,1.06104129061899,1.04595594395333,1.04595594395333,0.997478679138794,0.993838020322771,0.996131882812068,0.996683036550488,1.01613476202532,1.01952431971662,1.01949562566324,1.01408132175298,1.00513026768865,1.00390391263749,1.00292417159078,0.99465700246772,0.983058772755755,0.983435823462259,0.971488598699913,0.958287891848393,0.957530538709592,0.959094423880508,0.965548053663197,0.963072082992289,0.967287302502096,0.969221999491285,0.972239537655981,0.972239537655981,0.94365980861322,0.957447409201824,0.955522950163241,0.962546173102758,0.970769614859102,0.974972139085583,0.976293541123742,0.977171903051641,0.976730769670299,0.975716050884967,0.973858575693642,0.968381585504605,0.965766423947065,0.964833992884231,0.963373851840808,0.958243206625249,0.958725156337808,0.95858508193936,0.968351152066943,0.967577377386434,0.986065978435175,1.00267427280221,1.00140023582497,1.00161440544962,0.982161596634221,0.982681091363367,0.98393924126609,0.980938158006893,0.988449872811675,0.989373242323837,1.01575203946412,1.04275704336675,1.0706506539402,1.07043512271457,1.07916932005521,1.11002787425832,1.10980092397907,1.13257330682404,1.15163613005004,1.15226413257167,1.15049938967891,1.15700362818008,1.14452917279778,1.14452917279778,1.13292570920195,1.13569521612071,1.13569521612071,1.13178589247261,1.12636854567944,1.11649095990996,1.11649095990996,1.10947134281111,1.10329990660134,1.10357818735035,1.10468352921263,1.08988849436203,1.08979988948873,1.0482444195026,1.01705796745529,1.02772891690721,1.02779510982642,1.02796204402248,1.03644495433567,1.03808117722991,1.03485493549421,1.032226964283,1.0311971838245,1.02866561525221,1.02840447070095,1.02098348524328,1.01843443215532,1.00885975652362
8,115,0.998973042109085,1.00319587456028,1.00632741367759,1.00526685639271,0.989638735642317,0.98897760044062,0.987671433780428,0.985539020000589,1.00132918580482,1.00172661819162,1.00292063888212,1.01953017512121,1.0122564329171,1.00705597717767,1.0077179405694,1.00208909130846,0.996511694347015,0.988855750911221,0.994416518165744,0.994416518165744,0.991735690896754,0.983243133168762,0.983923395888164,0.989375722364801,0.994260333956959,1.000377196032,1.000377196032,1.00730890766868,1.000263145716,1.00136306730089,0.984295288502844,0.984542842726559,0.989627550965678,0.985683682228602,0.984946981744534,0.989489251896711,0.989489251896711,0.995314604997043,0.988297113687917,0.988297113687917,0.986673357140174,0.980385139852665,0.981230250779688,0.975056301921334,0.971256041880273,0.963573906765694,0.963919056298638,0.960832644004545,0.966522555522172,0.966701975588018,0.971352477643634,0.975612242286138,0.985067184304356,0.985118630586162,0.977593388161853,0.964399907569098,0.966507941236322,0.967043251594265,0.970377522029574,0.970049196219915,0.974616892520166,0.976650599157589,0.975130932734963,0.974142259859784,0.970240682102285,0.958636784390345,0.959609394176003,0.958215724624403,0.957149710623165,0.965270460823292,0.963358459402193,0.979538045274856,0.97859009813839,0.973815351110804,0.98137124088578,0.967174807078394,0.967174807078394,0.965638004719997,0.969677039884089,0.971519004476246,0.972765976708805,0.970309410609313,0.967256118188976,0.973196813862352,0.972059946618603,0.96658416311363,0.96658416311363,0.96215608830647,0.959535878911651,0.972072298226629,0.977647418346745,0.986255286817027,0.994389675535091,0.994389675535091,0.992256062978777,0.992606774579214,0.982795581878637,0.982795581878637,0.973975565920916,0.979702639866038,0.980261667821404,0.984255696487173,0.968381273279624,0.968694598122229,0.929170496012243,0.95359681762799,0.971200508680216,0.971566632323663,0.996475976135832,1.02029700027162,1.0191033197513,1.02506590831547,1.02081444217003,1.02134873443494,1.0186887689081,1.0214018794259,1.0022998283187,1.00530166642706,1.00000559703422
8,116,1.03098574592716,1.01366605951341,0.996404962113602,1.00117974790702,1.00166789958328,1.00155076021435,1.02774584655112,1.027213713641,1.02484268182693,1.02827334004413,1.02900550309731,1.02121481137236,1.01462216513192,1.00855834416433,1.01171265592156,0.998410505487103,0.931317876016753,0.931314257219811,0.90031312426684,0.928939983189809,0.931009225705604,0.958608799217546,0.973499728440941,0.981521218273091,0.980293002708276,0.986807822322126,0.996319468362591,0.996605996879533,1.00654060253236,0.995754740453019,0.985994427980354,0.985392919994931,0.976951802960637,0.968123008056958,0.968142865174965,0.967531854300673,0.970312772352291,0.969332726286599,0.974837301312547,0.976833314919691,0.979426706787997,0.974460705571756,0.969002410563589,0.96167612788737,0.961065869465646,0.954449001581666,0.949341518269226,0.959993992533339,0.960945520253545,0.958246150230874,0.958105044919175,0.957992357580938,0.952885715557612,0.955214884956871,0.952750184657147,0.948838191580882,0.949028264223894,0.946690025662438,0.946417098529334,0.95681964562485,0.96341088108028,0.963006453205634,0.962483027582326,0.957094366048907,0.956532801578569,0.954190321136085,0.956969769706879,0.950447870356528,0.949689619398919,0.948301208215419,0.950632434335123,0.951216059744104,0.954638329778356,0.966595167811332,0.96238925470041,0.96238925470041,0.964628568014682,0.967781949716124,0.966447174174774,0.959455061299697,0.957293922308422,0.957293922308422,0.956934501977128,0.955351626523862,0.934375670704971,0.934586014145829,0.937071188610544,0.935085435415422,0.934366571122747,0.95297399337605,0.970119636287855,0.965774352989391,0.966990308936706,0.970587912484572,0.963404848405272,0.965135543998688,0.962199755938259,0.958214109127422,0.957042767514079,0.916415479075785,0.900695513781829,0.901918458063829,0.898435502641433,0.91505670589316,0.934884333758628,0.938085817828195,0.944816905843622,0.946488632592893,0.947781092544346,0.949834381506652,0.932224335938375,0.930696964293263,0.930641810698255,0.929220459679911,0.92231785750552,0.919480465467796,0.922310590827507,0.92750534248612,0.944523394818521
8,117,NaN,NaN,NaN,NaN,NaN,NaN,NaN,NaN,NaN,NaN,NaN,NaN,NaN,NaN,NaN,NaN,NaN,NaN,NaN,NaN,NaN,NaN,NaN,NaN,NaN,NaN,NaN,NaN,NaN,NaN,NaN,NaN,NaN,NaN,NaN,NaN,NaN,NaN,NaN,NaN,NaN,NaN,NaN,NaN,NaN,NaN,NaN,NaN,NaN,NaN,NaN,NaN,NaN,NaN,NaN,NaN,NaN,NaN,NaN,NaN,NaN,NaN,NaN,NaN,NaN,NaN,NaN,NaN,NaN,NaN,NaN,NaN,NaN,NaN,NaN,NaN,NaN,NaN,NaN,NaN,NaN,NaN,NaN,NaN,NaN,NaN,NaN,NaN,NaN,NaN,NaN,NaN,NaN,NaN,NaN,NaN,NaN,NaN,NaN,NaN,NaN,NaN,NaN,NaN,NaN,NaN,NaN,NaN,NaN,NaN,NaN,NaN,NaN,NaN,NaN,NaN,NaN,NaN,NaN
8,118,1.00435854015581,1.0207230946402,1.02101527459658,1.02604946904553,1.02383337262282,1.00688274124378,1.0068774549997,0.999904249998222,0.994985822515208,0.994985822515208,0.993012269026784,0.997842515173342,0.997842515173342,0.992352353432526,0.988352656169727,0.98321182848336,0.98321182848336,0.984791900359303,0.979766291365199,0.980138281470423,0.977343644257869,0.969067145941496,0.967985678756451,0.956378064996564,0.965887234933864,0.981484514934764,0.981484514934764,1.00169686324105,1.01042059239025,1.01197899288265,1.00224229578086,0.996977279581183,0.996247512572692,0.990359988723287,0.990015327553047,0.990424419144938,0.990424419144938,0.983754216645777,0.974953953436284,0.974953953436284,0.965542335571754,0.96560562069252,0.969937522860225,0.969937522860225,0.970445636769665,0.974547201843087,0.974836274381989,0.967562636225727,0.955974550701719,0.956474511591674,0.921863431663865,0.93149329975302,0.947382335364892,0.947382335364892,0.949076128663453,0.943947559573525,0.943947559573525,0.947337838896476,0.943635055822644,0.94298249182387,0.948055257055936,0.949249266329843,0.944020938078641,0.945459369778625,0.944712260018475,0.950541632804431,0.950513280927091,0.952294539543299,0.952001203935381,0.959226611339049,0.959518345023751,0.960795521603302,0.9609376500459,0.960702327275863,0.962784404987405,0.958608429754,0.95868125228795,0.952067098253708,0.953844309717369,0.951739082105821,0.953514543068085,0.956031642795921,0.96786619397137,0.959113461924044,0.961650619292845,0.961278730659094,0.960344091965371,0.965454247134262,0.968647037179774,0.968674871283542,0.969398601132738,0.965069232889061,0.956522922883091,0.958019724281436,0.962413466976913,0.951885663663415,0.951885663663415,0.946776490789973,0.949791947423859,0.951241717778623,0.951073438831966,0.950009489711213,0.94748458175126,0.947930072446463,0.956257241273494,0.947847352659709,0.937144384918416,0.937132910141114,0.954333088922536,0.973986303156205,0.968363334812925,0.984435285331936,1.0089693662342,1.01407784292859,1.0146146173084,1.01415574086451,1.00716297511308,1.008387760242,0.99715915347089
8,119,1.01428641311777,1.00353119123741,1.0046298719266,1.00288060163692,1.00288060163692,0.998610449010723,0.99673429317471,0.997546367501495,1.00099403855949,1.00187678122593,1.00117967606883,1.00031812407943,0.992988789641753,0.999099699557239,0.999099699557239,0.998182764053224,0.993600510682687,0.993948846237143,0.997611281094488,0.998098266679043,0.995644880496866,0.995709428672685,1.00592291865169,1.00471695860746,1.00483336543782,1.00721753073768,1.00372049341106,1.0037433315459,1.0094545805883,1.00501140813006,1.0023564152992,1.00860382651796,1.00751287478201,1.00335916063837,1.00335916063837,1.00256360887935,0.994017408455621,0.995853013254463,0.996002044962089,0.987723487347261,0.989931021241427,0.986471255604869,0.9935135612976,0.992749779504785,0.992749779504785,0.989008558456117,0.982077501890201,0.982218224354865,0.982218224354865,0.985105329883978,0.983096046199927,0.983727337940641,0.976127758684291,0.97914720302314,0.979138881200548,0.974657397603897,0.975231719465592,0.973993026988866,0.974225510102129,0.97048291034496,0.965415373842623,0.965331745142883,0.967180980440797,0.970962449391161,0.970623468162033,0.964682938679951,0.963871097102975,0.966165362029198,0.967696511430644,0.966774050229491,0.971308334638354,0.97199913226327,0.970298638415122,0.969979635362262,0.952003166551322,0.949425108039316,0.971328377876172,0.987908463073844,0.991251293722427,1.0040615747602,1.01218966273118,1.02031775070215,1.02844583867313,1.0365739266441,NaN,NaN,NaN,0.971108412477425,0.970356023860329,0.983212912511279,1.0032017374102,1.00798976999979,1.00873674538899,1.0150455816263,1.00745438711725,1.00764394119361,1.00553559367618,0.999949023034932,0.999930136959393,0.989867420465563,0.990653232525743,0.979737787276712,0.977894171479022,0.979665010043117,0.976734046362489,0.971188174541414,0.971870889832773,0.971698693645287,0.974592763063519,0.966261706950763,0.966058373671089,0.953615155404882,0.954377769801575,0.942754795844528,0.947087537193088,0.944610632570631,0.962861027736019,0.981069304943503,0.990068806659805
8,120,0.991434422044849,0.990866928416662,0.9947941546933,1.01297037755219,1.0142119102064,1.01823098208653,1.01228356861988,1.01662779733805,1.01694359542534,1.01054838587548,1.00269856514639,1.0021772284328,0.994171533312007,0.993428395258267,0.989109698130481,0.984261250788763,0.976874874181967,0.989183954557864,0.98918237793278,0.987698263838273,0.990067472399839,0.992276133197692,0.964777798222129,0.9267899439726,0.926233035946561,0.942331095601881,0.941947038674687,0.945232452918651,0.945327639891745,0.93048900695059,0.929190416121131,0.929588774934224,0.926926491798446,0.920900769017281,0.918964292122248,0.918849276037763,0.915643516638278,0.915133977201211,0.914715021971689,0.91992206180713,0.917971745976847,0.923736830121507,0.922481236377563,0.92930887347003,0.926743567248686,0.927022921319531,0.928443812182174,0.924556931714948,0.923909571034972,0.92098112318823,0.909671295325973,0.910054843254543,0.911139058598929,0.915379806398531,0.917611450520473,0.920809387988123,0.901805434705035,0.906523757543305,0.906053976212791,0.897820412497334,0.895444026423096,0.886110973477499,0.884991878440825,0.857406490386397,0.872383240886309,0.87329634070331,0.867196717724822,0.860342829844156,0.860342829844156,0.863780893957651,0.862435712976209,0.870889106831752,0.869418472798029,0.86781431863829,0.869199260342024,0.867555720470316,0.866505003094086,0.866827625984404,0.869365337404361,0.871663040909536,0.87797114697487,0.887380585875173,0.88915395414807,0.890000541882347,0.89172518476932,0.89168327198312,0.889889312086177,0.885432506753057,0.883661133695901,0.883759773519325,0.881859187832013,0.88820181434402,0.888974756322083,0.886463431948441,0.888824503654722,0.886759682142268,0.876809097554874,0.879170881649217,0.879030602785086,0.873991098174798,0.871521012780872,0.86875584541822,0.867085779131828,0.875308210288781,0.86934315471775,0.872577091376852,0.875150243521407,0.877237641205487,0.877730964750511,0.876590045372199,0.874142381083266,0.874490315887917,0.872388623644787,0.87575796328565,0.874046459524958,0.867647357201904,0.867141925499507,0.872706646653026,0.877441366135873
9,81,NaN,NaN,NaN,NaN,NaN,NaN,NaN,NaN,NaN,NaN,NaN,NaN,NaN,NaN,NaN,NaN,NaN,NaN,NaN,NaN,NaN,NaN,NaN,NaN,NaN,NaN,NaN,NaN,NaN,NaN,NaN,NaN,NaN,NaN,NaN,NaN,NaN,NaN,NaN,NaN,NaN,NaN,NaN,NaN,NaN,NaN,NaN,NaN,NaN,NaN,NaN,NaN,NaN,NaN,NaN,NaN,NaN,NaN,NaN,NaN,NaN,NaN,NaN,NaN,NaN,NaN,NaN,NaN,NaN,NaN,NaN,NaN,NaN,NaN,NaN,NaN,NaN,NaN,NaN,NaN,NaN,NaN,NaN,NaN,NaN,NaN,NaN,NaN,NaN,NaN,NaN,NaN,NaN,NaN,NaN,NaN,NaN,NaN,NaN,NaN,NaN,NaN,NaN,NaN,NaN,NaN,NaN,NaN,NaN,NaN,NaN,NaN,NaN,NaN,NaN,NaN,NaN,NaN,NaN
9,82,1.02491404394332,1.02477232156034,1.0148622093441,1.01312094169329,1.01364466546895,1.00437127700323,1.00675264887777,1.00635937880002,1.01198711131279,1.00899767014175,1.00113133984179,1.00083937153662,0.990529651512185,1.0002059001126,1.00146558574374,0.993191779307575,0.98046028340531,0.951463876701897,0.950929943692717,0.932230336709924,0.908894450642028,0.91174830007285,0.944243694306164,0.948586669873053,0.946786787855865,0.949287299208843,0.947840163937846,0.949584961511295,0.948487567595993,0.944588071730174,0.940768674596585,0.94068042575433,0.938185840936309,0.939037990624661,0.931481890013296,0.931573346614489,0.92689304872586,0.927832985576094,0.927068475887601,0.929366541219206,0.932175181329442,0.929589717099692,0.933402779193989,0.939269100638651,0.928287806711815,0.929780234629496,0.926719741401644,0.924670164712398,0.925025061379337,0.905533549944713,0.917072136163373,0.918148361518087,0.9404591903874,0.973627873940376,1.00270531799354,1.00275588483191,1.02987243071986,1.03790769898777,1.03815326501812,1.04058952466022,1.05411015777248,1.05447622505227,1.04448553986703,1.04018355600224,1.01353253992882,1.01658471818549,1.02122665524035,1.00478811151142,1.01034350671405,1.00722261038913,1.00120916749849,0.947958526674778,0.947903098532328,0.934689493004397,0.955823363026903,0.954231201055196,0.95859335339044,0.977140213063989,0.96658629585017,0.971043656588171,0.967682679727032,0.975317128893066,0.973157540641411,0.984268610142015,0.980485554028302,0.980382389867593,0.994482565412148,1.0079458782731,1.00781902251552,1.01056464701782,1.00211398754703,0.99235126168878,0.994321832239307,0.987798787996037,0.984353483841741,0.984630770953441,0.978892875567313,0.974275178578119,0.972353151545503,0.972353151545503,0.972932219591135,0.977716889304814,0.97675032867276,0.976494000212988,0.942043133655372,0.853101916834991,0.853707114822605,0.824392922935666,0.760978691462409,0.760288742826712,0.784871384310101,0.865365602565392,0.871170852291735,0.908346069129678,0.930895319687335,0.931027274047217,0.953635929634203,0.964550500535919,0.96815917126072
9,83,1.0851274659784,1.08676984090756,1.08675873431296,1.07771221740521,1.03779535273616,1.03838048195167,1.01588649800259,0.97145794213108,0.971710634175532,0.924026737504183,0.967920435065524,0.967920435065524,0.974444532756762,0.977342105121799,0.98650978906929,0.989765743049317,0.992349911340158,0.981401725492617,0.970453539645076,0.959505353797535,0.948557167949994,0.937608982102453,0.939224480914528,0.963287201191638,0.977610972239449,0.976722532914006,0.995574238541533,1.01254568568,1.01428514107478,1.01476067057743,1.01281028269979,1.00615132923215,1.00615132923215,1.00019612329485,0.990758076831435,0.990745574352587,0.998981045394739,0.997164610774482,1.00179301277646,1.00442254201544,1.00550432271496,0.999978998859779,0.999205333666792,0.99167868640325,0.985969839264399,0.987365305979508,0.982761272514456,0.986030904987948,0.981427419683486,0.981427419683486,0.982163000304615,0.981666756727989,0.982618278109903,1.0063041249484,1.02374698371491,1.02374698371491,1.03019867603779,1.03751366261294,1.04507708055953,1.04507708055953,1.0616802372293,1.06656065834921,1.06707303378502,1.06684137587387,1.04726819735543,1.04660099566857,1.04771190382621,1.04704038551786,1.05077088197925,1.05037346673601,1.03415031008788,1.04349161931454,1.05569999490169,1.05569999490169,1.05362435079264,1.03779327564123,1.03576510163934,1.00400009265274,0.974799915969414,0.98193591823474,1.0068307126263,1.00551995543039,1.00807071297488,1.00863728445058,1.02159056146986,1.03361630662593,1.03353978599157,1.02293492780954,1.02274175758348,1.02569433681946,1.02123912134444,1.01725086738573,0.974979567178485,0.976076673550308,1.00943216224119,1.04516704235271,1.05099920040032,1.07733661503567,1.07950005489777,1.08002506530536,1.10790635003501,1.10923090194583,1.10048337631193,1.10309057854019,1.09091114263524,1.08225387232183,1.08225387232183,1.08043867781985,1.0912344239083,1.10301190659324,1.10301190659324,1.0982176193111,1.10746897200644,1.10707734604678,1.133018161764,1.13119155050177,1.13170045577945,1.14582512069802,1.14474343092105
9,84,1.01383230589323,1.01670783662304,1.01432998326942,1.00600880002021,1.01917296692402,1.01725077580332,1.02653942054367,0.978297218976166,0.977901122907343,0.988477744787115,0.980181268233981,0.981721129389318,0.989634835571887,0.974667249006714,0.999098873601751,0.999416279545137,1.02000656020858,0.998634862453445,0.998120766241663,0.973922161951735,0.990216357589122,0.989421950708904,0.987447416411528,0.98449152936207,0.978232344222365,0.980108386185243,0.971459742758784,0.972209562858434,0.982765493922814,0.995436718092849,0.963286757122597,0.963287324558983,0.968609349771682,0.971434904278041,0.973247838701212,0.973660189228832,0.976852014430723,0.977225594328115,0.976767490620493,0.977855439724518,0.977854724417853,0.972392831140795,0.972764523539464,0.965108261550664,0.958271616815849,0.953851995051042,0.954282614337589,0.948112622990296,0.948037151503466,0.940443228683442,0.941265146281044,0.936486334063147,0.936326514781074,0.936419508505163,0.930132823555776,0.929006226811319,0.929720782170512,0.927225427245873,0.926897054928766,0.929431152107087,0.929471802103367,0.932994770920144,0.932288970596419,0.931191989068401,0.937565340350801,0.943128158672457,0.935203547214111,0.934184488356479,0.929868225113792,0.93050590667705,0.929201229312763,0.920491573570689,0.920236587571469,0.925930934898118,0.92482956583426,0.925760707037554,0.919074900087796,0.917185246952777,0.918331543575587,0.918331543575587,0.92180042634048,0.920360588731122,0.921154867696382,0.917560022994981,0.917476142960286,0.923755461383507,0.923854741263154,0.922504365186739,0.917625099367506,0.918336795091784,0.911469391907187,0.915804815217001,0.915849424787326,0.915155179124163,0.914988587606502,0.915099248300577,0.911851404846064,0.912750839210788,0.920173573501481,0.919712413463474,0.914173602033694,0.91498459949682,0.916221117005083,0.910989629736905,0.906415323090164,0.910617890177553,0.911287358382382,0.912305633040437,0.917274794769306,0.916275106483381,0.926068225428889,0.919002019812298,0.914954445113877,0.914174881763463,0.887204684427785,0.910328631945513,0.911134843054855,0.936348198647485,0.921463789456059
9,85,1.00769446469962,1.00213220939353,0.992646407173985,0.999705370375325,1.00428250729551,1.01026652597991,1.00775782749358,1.00775782749358,1.00956023503395,1.00491455672392,1.00538092836066,1.00771669631858,1.01190519698048,1.01275300313322,1.00975750851771,0.997772499978953,0.968350405958362,0.968350405958362,0.971295423130749,0.943283196353855,0.94339265986599,0.927093402882223,0.951797226632828,0.960475966944176,0.961526701731785,0.961379962295345,0.969808317865295,0.970902909495453,0.977037889277381,0.9776259941802,0.977388393023897,0.977603265291719,0.974475153463106,0.974846122288051,0.974029954242768,0.971400977089532,0.977261009049231,0.9760155687185,0.976755240065082,0.973564835201261,0.965964482264353,0.967951381574422,0.962540226574335,0.960779040540013,0.960779040540013,0.957669126708735,0.957000464327397,0.957476517162609,0.956504846411713,0.963964452380227,0.978455136713455,0.979139777820902,0.982989049875324,0.982342437908828,0.985556754602978,0.985370231607557,0.978114961515461,0.972684991129446,0.976363019326525,0.974004549863943,0.963396841654141,0.96367908165772,0.96466165272614,0.975523282469853,0.984371405575942,0.983093736944999,0.986413973026443,0.990674735676253,0.990674735676253,0.98295088714348,0.990428704196788,0.991207260270751,0.97712359352061,0.998441572662674,1.00231454770971,1.00268626420405,1.00944105504778,1.00465416533903,1.00142227857819,1.04321138847794,1.06618032688012,1.06659604708592,1.07863617419704,1.08829884179027,1.08401161312205,1.08594883910273,1.07872046026399,1.08514419481725,1.0854025671021,1.07172150163544,1.06967493910572,1.07080970762508,1.06155841684693,1.05025635417828,1.04324879090467,1.04327345985281,1.04073240435996,1.03753912669741,1.04066909894639,1.04318176590142,1.05208056521918,1.05183229534475,1.04558227904072,1.04567504500166,1.04196512178598,1.04246167662829,1.04943261349119,1.05895256089856,1.05940063542143,1.0634799284746,1.06926847817876,1.07540300673231,1.07485169359303,1.07517049740349,1.072038462624,1.072038462624,1.06767690919834,1.0597454863995,1.0597454863995
9,86,1.23360970609316,1.22890179032777,1.23118636044329,1.22806674490082,1.21150315153013,1.21204786991144,1.20741648109513,1.1181574635529,0.966839788391858,0.958736002039989,0.841687660619376,0.781395656072798,0.781295778457015,0.787653760206842,0.825348297363416,0.827367632060064,0.838855060751602,0.85215014644157,0.867780649740835,0.867780649740835,0.878448649213491,0.949827521906529,0.949903052264398,0.955208792660012,0.938516174065288,0.976859667485785,0.976887795763603,1.00140860147011,1.01606381342902,1.01424490466546,1.02155961707169,1.01453024163131,1.00906847051685,1.01285389388178,0.99934025364133,1.00448790255644,1.00437069183177,0.99789111095114,0.992756072051075,0.993929640481649,0.991430026945415,0.993378386146406,0.991835686958106,0.992860017677656,0.985521554577698,0.982688843980758,0.982726058083136,0.985385135651573,1.00249168465983,1.00347229768408,1.01697878255543,0.975273962054959,0.925107204719783,0.924035460705998,1.01235372981918,1.01580206746517,1.01655278356304,1.01789774582002,1.03430323874185,1.03430323874185,1.03733660358708,1.03216687366583,1.0310006338612,1.03633002133769,1.00742128406296,0.737516773323768,0.738343675428973,0.582305649758153,0.485090720110855,0.518862284964765,0.518417561569593,0.486472031910424,0.499417655168495,0.498219023689974,0.523519945479529,0.604633730605388,0.602815304180991,0.64199220611656,0.678405617541652,0.690448356769222,0.691475222871228,0.699566078394076,0.709275076529721,0.708075899413237,0.724100847149673,0.765094987401783,0.765094987401783,0.786210237881136,0.80850844871585,0.82982565434962,0.829801124977396,0.807611154562958,0.74201177960302,0.74268021339922,0.635349230307926,0.591272323442759,0.59073710352618,0.585183193297413,0.605173567948829,0.628633761459412,0.628559857914677,0.630492046195814,0.640916214012429,0.641374111406403,0.637599975125916,0.637054072686942,0.64070371793832,0.639059756957137,0.639015419716708,0.639993267434231,0.638245466881687,0.635430071899792,0.570589816719216,0.570757047652004,0.507030999070001,0.5396855670179,0.55802901006987,0.558573584156362,0.574942949073167
9,87,1.01503432921156,1.01279021967926,1.01021252713989,1.00566259994004,1.01019052383752,1.00120619285472,1.00037555463321,1.00122254427552,0.999566890306212,0.995763715970833,0.994544136008227,0.988430065535017,0.990331508597031,0.990676191204552,0.998020762402008,1.01459923984913,1.00994902450619,0.997695269279572,0.96372870476952,0.976219581598491,0.947681061447787,0.994751868963127,1.11890265832239,1.120278719274,1.17070192138081,1.1976044570501,1.19716463941317,1.25746028856041,1.3811921274245,1.48784788188476,1.48784788188476,1.51945058633681,1.53576573780213,1.53642127340217,1.59184088713707,1.67112972575162,1.66836902678906,1.69932537152993,1.72485060663028,1.76273811158108,1.76726383822466,1.76049597628868,1.75663839297043,1.76553201631193,1.73255382397822,1.70461977685577,1.68656235417855,1.68656235417855,1.70444202705286,1.68970881555576,1.69112845450268,1.70921817243199,1.71800019928575,1.72693689585348,1.72880166437209,1.74999662939304,1.76744543701386,1.76696256190969,1.78500953622906,1.77512685745743,1.77561548393149,1.76183625094122,1.74810470122658,1.74653174217462,1.7278098782318,1.71906233589153,1.71659698883135,1.71366249095828,1.69729983892711,1.68958034752562,1.68994157476642,1.7044737170896,1.70308515872138,1.7013449848159,1.69805981264741,1.69897549995696,1.70161125133362,1.70118703167104,1.70550669974985,1.69546096550336,1.69546096550336,1.70075307164076,1.7021688048062,1.69939948460268,1.69939948460268,1.70412110583612,1.71325635731442,1.71325635731442,1.70740880241348,1.7071152661635,1.70697198277826,1.71528845962745,1.64725951708376,1.61556725205546,1.61486366453125,1.67023040363601,1.69347408997183,1.69347408997183,1.71394521483607,1.73955684269228,1.73795862523321,1.73482509059179,1.72851506137472,1.72832040672689,1.72196446744468,1.71734442263669,1.69333723845004,1.69297551515002,1.69658532925505,1.69400820293115,1.6771331140609,1.6771331140609,1.67853999656276,1.67800117867536,1.67800119558441,1.68673679030451,1.68644051353958,1.68808152015159,1.68797627575865
9,88,1.01752167583732,1.0151849017249,1.01707828798066,1.01089008433318,1.00768515566464,1.0076179457193,1.00741412162859,1.00258591441548,1.00064467183261,1.00093691839145,0.993151887361317,0.99673608716728,0.999625998608214,0.994992572822715,0.986771360641055,0.986771360641055,0.990669336288605,0.99714043068746,0.966581288254174,0.966581288254174,0.937865395450291,0.955653490062416,0.955032357560126,0.983271902752143,0.993563720136927,0.996078352562365,0.997177021199422,0.999116924738161,1.00002188760091,1.00433358718082,0.995392539032356,0.988540472689101,0.987389492286688,0.989506883133468,0.95987467821755,0.965247184722433,0.965391377460208,0.96516356352542,0.967084070767501,0.974009033892879,0.981851290420641,0.986103205926531,0.978259755291282,0.9784334855933,0.984554526841803,0.978472149992205,0.981097833375173,0.970929120568501,0.970227502712086,0.972055813153501,0.953697665988517,0.957498912451703,0.971886315681848,0.968997356778655,0.985101492073646,1.00124304493259,1.00294004251768,1.02343392734801,1.03127579971754,1.03127579971754,1.03370112323133,1.02379370068725,1.01181755375708,1.00901689640503,0.995994913312661,0.99709414305792,0.99709414305792,0.986188797836578,0.985091767154158,0.979853803281881,0.979198373506314,0.980568514884607,0.98170213248134,0.980187086343307,0.979169437161191,0.975165363776414,0.973418853812138,0.973418853812138,0.979952516991285,0.986740590427476,0.986809708309665,0.98866713047299,0.98356848926958,0.98356848926958,0.975606660605837,0.968289593569186,0.965501585535798,0.967571573446792,0.982892967634854,0.989770569549444,0.990316657292414,0.989598050836422,1.00234889519236,1.00238144241075,0.99460237990853,0.932967328142979,0.906445129602889,0.906445129602889,0.912637413878052,0.937640873859741,0.937577053534639,0.944007441754874,0.941301950380228,0.941301950380228,0.944237907888964,0.945350964706169,0.948148063261142,0.948148063261142,0.942762222093895,0.945299290299712,0.945764330604125,0.937407903915927,0.895962641804681,0.836498183959802,0.834764777545702,0.736974904993974,0.701112130744037,0.701049840360356,0.501992724223224
9,89,1.12415976233985,0.970840960404874,0.971284340917156,0.970638272899943,0.947483382448255,0.98413460972205,0.984030566754066,1.00191754174895,1.00704556493464,0.997667094062555,0.996197698978116,0.999556964403301,0.998701501203135,0.994812072265503,1.00109198247442,1.00591656223524,1.00470530157796,1.01320767159345,1.02660814903655,1.03739581282147,1.03757780158303,1.09961468936767,1.10216891262468,1.10801842079986,1.065594605396,1.09767815490821,1.09615666801101,1.19951793693558,1.25319102216417,1.25695930525396,1.25591283634053,1.24569758062684,1.23807124757757,1.23853486619421,1.24425729983731,1.24095059878748,1.23498097590909,1.23123302533917,1.227164139205,1.22682792535687,1.22224472231145,1.22940799375828,1.24162016009442,1.2464173653874,1.23769347865092,1.24033622550053,1.23470509986392,1.23803094516774,1.23085614287618,1.23185693193508,1.23226960141506,1.22989106592643,1.24430620419376,1.24139788699874,1.26214010004671,1.28084947495848,1.29570341703421,1.29400120082851,1.28045536439501,1.2816844717313,1.28181612562612,1.21264500761949,1.22850817953245,1.22745199652686,1.25115535843194,1.27717180767851,1.27482883207237,1.2773445726469,1.26698384307186,1.28802845852839,1.28741718241712,1.30178956810918,1.3252175160419,1.31612147141095,1.31620461531387,1.31425640439961,1.25488324535136,1.25473444706997,1.14242841037196,1.11888857912902,1.11657958943904,1.02671858537474,0.982505051016379,0.990985085826656,0.995179459589109,1.05175589866095,1.10326997250754,1.1025507217585,1.12337731197609,1.14469814764623,1.15451679686382,1.15451679686382,1.16700671319083,1.16959491155498,1.17020879098299,1.17272809324085,1.17967482616724,1.17967482616724,1.18244028358304,1.19334574769635,1.19295272567993,1.21091657847814,1.23745006099681,1.23631156602881,1.23631156602881,1.24381723677208,1.22787007854595,1.22846012466921,1.23160121656888,1.20542542065476,1.26955111959326,1.26950905501001,1.34273681575169,1.37493144737048,1.37457531991079,1.40254786636518,1.42171833587242,1.43468916034148,1.4303962989975
9,90,NaN,NaN,NaN,NaN,NaN,NaN,NaN,NaN,NaN,NaN,NaN,NaN,NaN,NaN,NaN,NaN,NaN,NaN,NaN,NaN,NaN,NaN,NaN,NaN,NaN,NaN,NaN,NaN,NaN,NaN,NaN,NaN,NaN,NaN,NaN,NaN,NaN,NaN,NaN,NaN,NaN,NaN,NaN,NaN,NaN,NaN,NaN,NaN,NaN,NaN,NaN,NaN,NaN,NaN,NaN,NaN,NaN,NaN,NaN,NaN,NaN,NaN,NaN,NaN,NaN,NaN,NaN,NaN,NaN,NaN,NaN,NaN,NaN,NaN,NaN,NaN,NaN,NaN,NaN,NaN,NaN,NaN,NaN,NaN,NaN,NaN,NaN,NaN,NaN,NaN,NaN,NaN,NaN,NaN,NaN,NaN,NaN,NaN,NaN,NaN,NaN,NaN,NaN,NaN,NaN,NaN,NaN,NaN,NaN,NaN,NaN,NaN,NaN,NaN,NaN,NaN,NaN,NaN,NaN
9,91,1.04868175873838,1.04819092369923,1.04224435949271,1.03584034126255,1.03601525330499,1.02491056519218,1.0171038207264,1.01706013383055,1.01288843400593,1.00796320480811,0.994889922498781,0.996131984288367,0.94476667057461,0.938071248525829,0.938071248525829,0.949892614299487,0.97791158858165,0.977246115721896,0.992119811922509,1.00293830989029,1.01902145764675,1.01902145764675,1.01445438461061,1.02732270026487,1.02736476427507,1.02379258971751,1.02660853525175,1.02617449497534,1.02724077181702,1.02578128169223,1.01596853677193,1.01709851214229,0.993177036806039,0.995084391030154,0.995085223510308,0.990450462579761,0.991040357290717,0.99609950132975,0.996969060175109,0.989996972368455,0.988157769526205,0.988525999828103,0.986001279966151,0.983812366960005,0.979227283470265,0.982565327771063,0.980971661285657,0.920939628685128,0.92137378337971,0.938607076521296,0.967437918037078,0.966996244765077,0.985409011910048,0.981937875188369,0.981311267927076,0.990206150786999,0.98414851070799,0.978749645440053,0.982820569280009,0.9872305050265,0.991943514954278,0.991943514954278,1.00551779790339,1.00875788346558,1.00102001400695,1.00102001400695,1.00153849504039,0.994691295209073,0.994198203612241,0.990592795740082,0.983816758026403,0.983386758000839,0.986595313661132,0.985646916175653,0.986691300507645,0.986718081500909,0.98685334389588,0.986236567134642,0.985334465021977,0.979838159478231,0.977835568088191,0.97416521308032,0.97416521308032,0.978759770585036,0.980517518592067,0.980526527670261,0.982646158804477,0.98228754185678,0.985135839981153,0.970593513345201,0.923373501125355,0.870199472370348,0.861622616895893,0.864299212149476,0.917842158943624,0.918619448791864,0.940775826765101,0.946445975601829,0.947239312930661,0.967574907854007,0.983321925682406,0.983658049605564,0.983658049605564,0.977278586526451,0.910689032567124,0.910968101746997,0.857025184153377,0.881618967793601,0.884853766967265,0.885140654063821,0.889332519554566,0.899960686038368,0.899865749549954,0.896957721670544,0.901954938912778,0.901964484038471,0.910842938938205,0.912156768316894,0.912750775587792
9,92,0.875534202817103,0.875910487471389,0.860831986161081,0.813752070705089,0.834516947152209,0.835763641120978,0.881510152551908,0.937579223810868,0.936920570276558,1.02804764648716,1.05956926848189,1.07301480604033,1.07407059112696,1.11871543390326,1.14492299540778,1.14639854517962,1.16619094961449,1.16838788151751,1.16836260017381,1.1619755135409,1.1557428164031,1.15068598690517,1.12164367231392,1.06352184425839,1.08987489654725,1.08987489654725,1.10910516287618,1.11168582106969,1.11141754501042,1.11052392443969,1.10202034124282,1.10248476712366,1.10242685106547,1.09766248182114,1.09291537871096,1.08913366554519,1.09428951170806,1.09131417898884,1.09089578212212,1.08994874027697,1.08705343108608,1.0978385054904,1.09920530147001,1.0900608752683,1.09217484445572,1.09330547229189,1.0821180790171,1.08810462525475,1.0368644037002,1.03502329048793,0.981856841126406,1.03045688485192,1.03119406073722,1.08254084021033,1.08835940097796,1.08843854282974,1.09804633379645,1.12167702713294,1.12177697266039,1.14191889250856,1.15085867291177,1.14558964847319,1.14557597821272,1.13628628537981,1.14038080629111,1.14078011795298,1.13491687250787,1.1345940827503,1.12275748296916,1.12382963477176,1.11449653788868,1.11357652980638,1.11389391709895,1.10864975635937,1.10446882264943,1.11037906627079,1.1101266511878,1.11160348299202,1.12699797571646,1.12683127411561,1.13222503361402,1.13377834162161,1.133697653061,1.12738473051442,1.13108073166212,1.11656661531716,1.11658585145615,1.12003435636479,1.11838071470461,1.12066103801624,1.12303706842217,1.1226654620539,1.1192427611639,1.12431557612606,1.12463077689509,1.12972402668578,1.12967191046556,1.13454030735082,1.13196589861187,1.13021845432555,1.13094993385667,1.14044860327726,1.13707775366931,1.13971338368584,1.14222025199461,1.13826696997186,1.13946828334609,1.13699326547943,1.13884999113402,1.13476281338574,1.12170427999392,1.16083263059667,1.18205518693973,1.18817089658881,1.19627576751902,1.21156688040695,1.21038998766372,1.20672016762475,1.25273424121456
9,93,1.06941415330101,0.978196075364989,0.936794481436819,0.936794481436819,0.97970070307148,1.00208457597773,0.997784963596415,1.00864595571122,1.02248274166956,1.03017745230618,1.02870165834965,1.02647831425234,1.03150674616508,1.02883641692558,1.02546241200998,1.0231000144649,1.02287285140111,0.96568920482844,NaN,NaN,NaN,NaN,NaN,NaN,0.916838253658,0.955297912762454,0.95456149677509,0.975107479373006,0.994374829533989,0.999456892392443,0.999456892392443,1.00014540740929,1.00746808705442,1.00655439185339,1.00378708851806,1.00647737502283,1.00674403176196,1.00674403176196,1.00591306326291,1.00840325998749,1.00840325998749,1.00794412732538,1.01478799893164,1.01461708411281,1.01341021809327,1.00939946047273,1.00566874616652,1.00542099479727,1.01362753857134,0.987195615212509,0.984979981341628,0.894204369155161,0.770492433484653,0.756942951185342,0.745121333864811,0.78183706979108,0.813973497280392,0.813973497280392,0.856397258998116,0.889399517276837,0.888697636650925,0.902588517322795,0.907689575995288,0.906712567901951,0.914901418979315,0.923973104532145,0.923354184710501,0.923349137141461,0.919589646861861,NaN,NaN,NaN,NaN,NaN,NaN,0.902723282487158,0.925939619253343,0.926637296711622,0.956925473842113,0.974764118422103,0.99372149614142,0.992486572315378,0.994551214820861,0.994032441926522,0.993542977320276,0.991546310339707,0.983962063705272,0.984057544717676,0.983792721590126,0.982795367348614,0.987096913129405,0.996583468535684,0.963907347729342,0.929230749505304,0.934218608074335,0.942000824675338,0.998333536625592,0.998192293892796,1.01122141702682,1.02743368869216,1.05283717424693,1.05317162330053,1.05924622114435,1.05676671983849,1.05894355020265,1.0687878785164,1.1029131904868,1.10398008017254,1.10768325810176,1.1506297339633,1.16732931568441,1.16655048077277,1.19226091753366,1.20995901227526,1.21279277791251,1.22796724500077,1.24853203089582,1.24629432904765,1.2462943074292
9,94,1.01997217838934,1.01317986113934,1.00737698130577,1.00855946586297,1.00350214625662,1.00004299812273,1.0034555420186,1.00383582915704,1.00205542929702,0.99028619637984,0.990923180386473,0.976198659837694,0.985788967769183,0.978749439170917,0.987430735721611,0.998214831715815,1.00691435766661,1.00691435766661,1.01659884213581,0.999042834681164,0.997993646651008,0.959015975270373,0.966973973960338,0.966973973960338,0.974069416415629,0.987082792647074,0.984932852148164,0.984932852148164,0.98164500514222,0.982670676203718,0.982116351991509,0.980280690702965,0.972889163284895,0.963956385214978,0.963686073651089,0.972958076373822,0.97584243238517,0.97665891551362,0.967283913784231,0.970445925287479,0.970418529505917,0.968121529557759,0.972273703414551,0.975199430020794,0.975378632532266,0.96892909001939,0.966314731194234,0.968372532759461,0.956867619252507,0.895802609372802,0.894632640477475,0.90353324583011,0.896647999809738,0.896313050219489,0.898492368760475,0.915286602749596,0.937640656945844,0.93861907803326,0.947248745436653,0.962379196268264,0.983870093125607,0.984220064683703,0.998605498700589,0.989240549844734,0.988331313183902,0.98362753872039,0.978579147613724,0.977973907962999,0.967589462917471,0.964236365884695,0.959480006818227,0.959762992238474,0.959316807409571,0.95757143927636,0.958476972733362,0.960026360719878,0.962540128064371,0.960049798771637,0.959886674786755,0.966935518051937,0.967445053765219,0.96853096942374,0.974435744379229,0.900529424024613,0.900571733457165,0.894583383291233,0.920800726004902,0.920659778858715,0.935660974970118,0.968933576321805,0.998508386623867,1.00173509643151,1.00546576266137,1.02163388078413,1.02516355204847,1.02274123880131,1.02056279578504,1.03333775382659,1.03005538659898,1.03885789409637,1.05582863194402,1.05595570397298,1.05549188858859,1.04585179955265,1.05711926939318,1.05827241509641,1.06290409269543,1.06689735161869,1.06689735161869,1.0634750208129,1.09576703923857,1.09500651177561,1.10130511096759,1.0908984577736,1.09895151045007,1.10041518159724,1.09393207956842,1.09379797489905,1.08546382234646
9,95,1.01958658413107,1.00831335282432,1.00881136846043,1.00233404953188,1.002139026387,1.00207789867905,0.998422793432788,1.00280158690595,1.00425297620573,1.00369781266238,1.00085387380744,0.997043801502784,0.996877712200364,0.99669028345028,0.990914094970903,0.991168708286917,0.994171886322492,0.98759825471388,0.99224393552434,0.99224393552434,0.991062291010051,0.955227453141201,0.95488583488332,0.966771066935244,0.962392929740977,0.978187892340148,0.979561809075529,0.989455882640967,0.988987271013124,0.990513207251189,0.9898720923816,0.984265805233835,0.984265805233835,0.985321538650318,0.974812662376119,0.974242438695263,0.973937840699173,0.971371629101407,0.962702887899982,0.962702887899982,0.967284964225676,0.968638854222693,0.968548680021479,0.966854328330613,0.971725084465224,0.973826177174557,0.973826177174557,0.975689618947863,0.969229547660283,0.971266674191097,0.979704634151051,1.00832956251407,1.00778452847426,1.00338914120658,1.01471032647021,1.01405820620973,1.01330287503024,1.01343816350196,1.03020994062235,1.03020994062235,1.0280243356641,1.01641390533013,1.01747714645575,1.01747714645575,1.01414696880912,1.01055694140091,1.00980758311798,1.00375616461409,0.999401428399715,0.997531192661374,0.996789871526708,0.990733610488964,0.987064622589804,0.986993264031949,0.991273849062239,0.984764280730988,0.984908891845164,0.983797797301135,0.975852050202691,0.979739020220324,0.980522578633375,0.983015757763528,0.984586052698272,0.983845744024946,0.982431421707409,0.983938598422728,0.984159491349683,0.986591774489055,0.989786086089956,0.985388833134626,0.985618960570627,0.986196797055795,0.982427858883197,0.983132314764796,0.978648851795121,0.981593141586911,0.981593141586911,0.982649778325838,0.984360375600051,0.990888488966756,0.990888488966756,0.993142799440387,0.986138119503943,0.985467311370941,0.983838323278877,0.977005048014683,0.982210225403525,0.979940498252877,0.982847883204368,0.98315463665564,0.983412383114794,0.977366623544363,0.976547746660318,0.977042438137817,0.972263046973116,0.974886709783778,0.975098089241812,0.974568508928291,0.974480644667499
9,96,1.06543188817765,1.06655807585198,1.01301323934828,1.00376525875217,1.00226110381274,0.992756429143433,0.993226510549582,0.992577305855579,0.994840505636669,0.979716006869388,0.978342701406799,0.979813998395799,0.989683440310259,0.998009995010464,0.998009995010464,0.989989163078336,0.984830248803643,0.984472777464516,0.992701356522242,1.01652082324726,1.01701346244182,1.01574165353557,1.02400805727988,1.04246625888301,1.04325379026101,1.04233273426179,1.04473903167353,1.04294905750879,1.04345520888522,1.02856871960878,1.02442555794809,1.02986573667196,1.01433772721497,1.01044065792285,1.01140504420701,1.00952027443709,1.0056131914395,1.00081134334674,1.00081134334674,0.998381896677327,0.99495671620678,0.994546422234295,0.992725674145089,0.982808445476132,0.986411867065705,0.987008199635332,0.980565617880233,0.975194490218454,0.974914493589016,0.952648128357615,0.931478284056097,0.932680462977689,0.928477529364503,0.936603950880991,0.937136544121559,0.946073226250082,0.955147458113534,0.969365767370314,0.969563359442948,0.977923947494165,0.969214775110423,0.969997074434993,0.968455539456367,0.977802542457195,0.976960668361824,0.977787974072244,0.974007837980403,0.978489689275398,0.976898819235642,0.968738180519356,0.965789762544989,0.966364695857118,0.961280584360621,0.960409365725566,0.959919421397733,0.959919421397733,0.960137026863502,0.960185392400497,0.960498692275135,0.960549226362468,0.957951453154289,0.951285275695329,0.950447690849212,0.949158579457643,0.949221671593447,0.950365021442564,0.956717453495611,0.952435428375195,0.95232695379795,0.953702044257144,0.954552516801436,0.94607977682121,0.955563595213918,0.957351629608401,0.957261925898466,0.956469228887707,0.965820865781267,0.970921835475468,0.971662011911664,0.978819467145004,0.979491605017217,0.971113028849786,0.971517755616746,0.965188723798735,0.967311754442619,0.967477817449382,0.96823245465266,0.967889808857518,0.959616164435739,0.959234707649865,0.95984203940426,0.964536227650077,0.964984026436268,0.97147728169348,0.97708110587495,0.973554042654619,0.971170350245994,0.978304803382316,0.97310566861417
9,97,1.01943923806628,1.01943923806628,1.01178693636491,1.00666831078826,1.00840295142168,1.0047904884418,1.00460721825547,1.00696953154538,1.00696953154538,1.00612192787851,1.01250942084757,1.01018647007553,1.01018167569495,1.01495866872998,0.959801427214146,0.957639273453497,0.97474439027116,0.982510783453217,0.982272517885985,0.982272517885985,1.00653986664297,1.02945653182093,1.02989180033759,1.05386819751378,1.07759304508767,1.07790058047628,1.06684548976933,1.07195097785706,1.07334787186546,1.08305938982135,1.08857908416721,1.03801457430714,1.03889057694601,1.02624657618395,1.01634799866996,1.01634799866996,1.01714845066246,0.989040347978711,0.992340306341316,0.993501222186935,0.996852607736849,0.995460549165324,0.995310937225082,1.00338063516221,1.00849898815782,1.00836757664938,1.01083598221021,1.00493575345976,1.03553345117899,1.03553232454346,1.02493154286675,1.01187995100184,1.01789562956764,1.01620136995528,1.0248937914161,1.02467519267781,1.02644272762581,1.03579634738737,1.03438919975348,1.03776511522164,1.03088489165197,1.0317428023818,1.0313818626627,1.01928630166191,1.01364890089617,1.01364890089617,1.01036636355108,1.00151067374663,0.995934390454667,0.995934390454667,1.00264855964276,1.00159563258042,1.00134996331843,1.0014797440556,0.999272078147568,0.99513562614311,0.99513562614311,1.00005007842106,0.995810534227316,0.995840798826712,0.994957443302917,0.993066048026435,0.990042523626316,0.993080160404903,0.995399581231097,1.0006593203836,1.0006593203836,1.0021811972148,1.00369869059533,1.00404201442101,0.998216850286269,0.991915386967303,0.997474016275489,0.997705859694643,0.993585010677899,1.0080832673474,1.00821367050433,1.00950877106408,1.01048473910283,1.01111821396325,1.01623675912182,1.00334089876525,0.972675583183773,0.972636276377246,0.949261016675289,0.936954114531422,0.949352993863639,0.925341699709894,0.944876626694533,0.944876626694533,0.947285782965633,0.956362308616945,0.972301686705324,0.971856151399597,0.979807766756376,0.978422667285656,0.977447106003611,0.978754783632516,0.968914648117078
9,98,0.928787144762979,0.94094530120254,0.942094250306376,0.974068777477192,0.990357471322841,1.00962445311869,1.00986548474417,1.02747369428017,1.01980448008314,1.02006832095144,1.02203173438159,1.01736820762419,1.01420415317986,1.01404161596969,1.01437704778815,1.01562772012277,1.01014864763581,1.0120183401683,1.01709315488011,1.0170559638433,1.0166825805236,0.994322916135436,0.911406764532663,0.911779300788481,0.7983766466292,0.821211154956894,0.821164744284427,0.861585254059495,0.83611781513065,0.879665807526229,0.880896991275246,0.917187695350483,0.957761689505907,0.962862325531628,0.955261730791301,0.96492933784371,0.96492933784371,0.981062456910604,1.00164002842297,1.00164002842297,1.01133511434692,1.00294082851676,1.00212786396608,1.00243411779693,1.00622979093229,1.00095077599024,1.00038469402638,1.00039039137107,1.00242920095231,0.997603900925051,0.997477942797457,0.997488390607971,0.994418071828015,0.995025057026438,0.96760592444957,0.88028504151603,0.833796681142762,0.833796681142762,0.839450183218355,0.86279545146279,0.862258034259616,0.9358727593785,0.996493133406694,0.996610252160901,1.00262393420078,1.01246122231609,1.04196860890872,1.04196860890872,1.05498170880294,1.06413326769298,1.06413326769298,1.0653380580553,1.05683418506646,1.05700449811132,1.04581336442431,1.03732504918563,1.04076190525025,1.03970555687353,1.03749342403512,1.03628982092572,1.03736182949874,1.03535168487124,1.02273398174093,1.01838906643579,0.951323773274394,0.923671177504595,0.889329858940822,0.889329858940822,0.900692065434698,0.913574008101324,0.913752772429533,0.917835236010272,0.914870121987999,0.906570573027526,0.907679925868044,0.907343621624956,0.889495904364688,0.889174304509953,0.822970049020405,0.787113468902639,0.7865102978073,0.818785168056362,0.719684036065928,0.670692599231023,0.670692599231023,0.706649720817915,0.737138125021316,0.737627069752067,0.764962357793383,0.770116531749227,0.769735152045808,0.784819696279553,0.798090865097493,0.805812009593231,0.805460917392317,0.808918192374655,0.80720298828746,0.806831075900904,0.820827145328661
9,99,0.975885832976306,0.982656165369802,0.989831145195488,0.991226529721038,1.00874753073772,1.01659649146669,1.01651540562367,1.01626161864314,0.958887471290847,0.919107115401729,0.917250927963547,0.982969896754232,1.01707517179234,1.01969042264049,1.0161360751294,1.03089899704889,1.03089899704889,1.05964155684174,1.04972264835404,1.06609748803192,1.06609748803192,1.07066834353238,1.08114188855142,1.08421898123691,1.08138197678248,1.08308830616058,1.08268288102066,1.08173083591577,1.08882537992917,1.08550832721598,1.08529330957707,1.08587020395714,1.08556427949184,1.08079755561938,1.07821892864569,1.07554452516961,1.0780331672489,1.07806551736603,1.08046286901387,1.08552443037554,1.08414285860548,1.04130582909751,1.03776576021906,1.05244652362799,1.05273987468448,1.08070649066494,1.11563641945016,1.11465049213326,1.12333639136669,1.15304471715981,1.15432751404276,1.20187327369381,1.24966684915137,1.26557935589542,1.26557935589542,1.29966451167095,1.29294644490583,1.29191896009914,1.29793548052307,1.31465404738274,1.31698969704857,1.33306383588895,1.33913027071038,1.32587230302988,1.32487667175292,1.33203629790675,1.29968854575155,1.28984091510727,1.26335684224626,1.23389206049392,1.22062719424389,1.22031791276297,1.21816523418811,1.20946859698327,1.20970377066105,1.20302467571079,1.19722623648872,1.19692646888016,1.19157150825594,1.18571927244025,1.1927050952217,1.1927050952217,1.19117789419075,1.18633408467639,1.18633408467639,1.18080983805413,1.15561120645783,1.13041257486154,1.10521394326524,1.08001531166894,1.1071874275933,1.10789463906522,1.15794483527384,1.18339489598066,1.18507420871982,1.19800017806494,1.20578939147028,1.21554336513903,1.21597676012807,1.2278865163253,1.22537629126324,1.22447751256531,1.21321227316417,1.20769021565659,1.20996599824159,1.20023470986953,1.20132863333651,1.20175243359939,1.196728725352,1.19414768215727,1.14224887189403,1.14198688696339,1.12226399074706,1.10254109453072,1.10121745474178,1.10235621005958,1.14304016109416,1.1384642298228,1.14899203022384
9,100,0.877876417651281,0.924714785008577,0.965726066098408,0.965726066098408,0.99475095306349,0.998808906882581,0.9981206897263,1.00054100016746,1.0065957113615,1.01639494197656,1.01778803633173,1.02429528311403,1.03101376081062,1.03155836632994,1.02506085346,1.02839249952463,1.0276180081462,1.0378871477716,1.02713050647666,1.01290484608762,0.998679185698583,0.984453525309543,0.970227864920504,0.956002204531464,0.941776544142424,0.981665264317158,0.984077084894306,1.00105638968929,0.999136139528977,1.00397420936155,1.00371027332707,1.00023579789767,0.996005054238832,0.999521408201852,1.00464189194907,0.990879445706896,0.990879445706896,0.993184826094397,0.986069804185407,0.980456369934309,0.980926675670566,0.983827955797895,0.983939534491911,0.983939534491911,0.989130681626137,0.99068089994198,1.00820400191222,1.00820400191222,1.02718859627622,1.03472211816344,1.03355273455596,1.10460641816709,1.13335988550857,1.13296193378888,1.14311988196165,1.14966701984316,1.15088425241627,1.15107234509882,1.1475381263225,1.14810930712421,1.14776774490807,1.13493613720821,1.13090313881803,1.1259494643081,1.12586657229493,1.11715126105859,1.11575010155133,1.11575010155133,1.10406739457363,1.11313198584634,1.11320852209737,1.11164622481507,1.10590069723189,1.11245288536148,1.11245123199146,1.11425356911724,1.10425410431266,1.10304398849517,1.11028591138124,1.05689503237837,1.05696427009806,1.02767010870847,1.01320936558926,1.04461427333572,1.04407576113868,1.09728859992783,1.10126823360097,1.10118496935725,1.13059575280887,1.14589875794483,1.14633108225311,1.15869683102283,1.15971033364452,1.15843338687509,1.15809860205631,1.14400973487253,1.13361398217766,1.13662973856546,1.13351333087787,1.12906033708535,1.12858720806726,1.09185503127576,1.02719343478766,1.05069930036467,1.05324680918466,1.09432920329394,1.10508436413439,1.10484871294713,1.13246960907498,1.14377483794983,1.16582705072633,1.16582705072633,1.17866905746901,1.19195027050723,1.19182778016664,1.18300223739934,1.17359147099023,1.16452475981766,1.16576647697295
9,101,NaN,NaN,NaN,NaN,NaN,NaN,NaN,NaN,NaN,NaN,NaN,NaN,NaN,NaN,NaN,NaN,NaN,NaN,NaN,NaN,NaN,NaN,NaN,NaN,NaN,NaN,NaN,NaN,NaN,NaN,NaN,NaN,NaN,NaN,NaN,NaN,NaN,NaN,NaN,NaN,NaN,NaN,NaN,NaN,NaN,NaN,NaN,NaN,NaN,NaN,NaN,NaN,NaN,NaN,NaN,NaN,NaN,NaN,NaN,NaN,NaN,NaN,NaN,NaN,NaN,NaN,NaN,NaN,NaN,NaN,NaN,NaN,NaN,NaN,NaN,NaN,NaN,NaN,NaN,NaN,NaN,NaN,NaN,NaN,NaN,NaN,NaN,NaN,NaN,NaN,NaN,NaN,NaN,NaN,NaN,NaN,NaN,NaN,NaN,NaN,NaN,NaN,NaN,NaN,NaN,NaN,NaN,NaN,NaN,NaN,NaN,NaN,NaN,NaN,NaN,NaN,NaN,NaN,NaN
9,102,1.00574367409236,0.997654653304862,0.997474729966186,0.991280175945559,0.991081221622447,0.99140825492468,0.996853869228637,0.997436473874127,0.990825227288353,0.990825227288353,1.00040149233677,1.00225453226915,1.00335625160595,1.01453813615535,1.01153311323142,1.01230588445872,0.977139717885605,0.98426548457147,1.04362187995,1.04478386263355,1.10079249287677,1.14872244723958,1.14872244723958,1.16116281654636,1.19102685981939,1.19102685981939,1.21899877010512,1.22541483961553,1.22087053975778,1.21992845374776,1.2127029306561,1.19029394214473,1.19069127856359,1.14043872030477,1.10504581666721,1.09688864996036,1.09688864996036,1.10137099375716,1.12284407325914,1.12382149151011,1.12963052354105,1.12766198028434,1.1236573495177,1.12386292920766,1.11688815381599,1.11199214700554,1.11276100396578,1.11224227086233,1.11251573774978,1.10882457014573,1.12601862288509,1.13883682602849,1.13866492124619,1.15830461652413,1.1628717008469,1.17048257078319,1.17045845668152,1.21660886066359,1.22189154351418,1.22276204692838,1.23697260419503,1.24865200581752,1.25816679822947,1.25816679822947,1.26894593331885,1.26324539337695,1.26324539337695,1.25868544454513,1.24838786910552,1.24540646294617,1.22689442434778,1.22787834272472,1.21414855353582,1.21461624488465,1.22425918452021,1.22724377242389,1.22690063696229,1.22924903904534,1.22891991742287,1.22351290484998,1.21878306736739,1.20768554013405,1.20815824981315,1.20965195003685,1.20888125516002,1.19579435290936,1.19712629826641,1.15786741660291,1.13670772142536,1.12846974267748,1.2048859158756,1.20934434447426,1.24306727973928,1.24267590934175,1.25786313794337,1.27926310043712,1.28004904543109,1.28738174760076,1.29054021157408,1.29368719805907,1.29390634499699,1.27685960548405,1.27242634080762,1.27316449877193,1.26494041812001,1.26369806661942,1.25531220127737,1.25554286278454,1.25235159640612,1.24328047764431,1.25301326427569,1.2423702000044,1.2434758824966,1.24190972271214,1.22364690533084,1.13584610012679,1.11097097384635,1.11188011504417,1.12303762100958
9,103,1.01528610016655,1.03075360049185,1.02567148933419,1.02973837636605,1.04171020183803,1.01142092231513,0.994000995417113,0.993362755628516,0.994017626905347,1.00025813039397,1.00041363803573,0.998877262091258,0.996058150270792,0.9883467724036,0.989287091642473,0.980262857067807,0.972170786556496,0.972170786556496,0.966192456518618,0.965783652471753,0.965755279139137,0.961425350783245,0.938448004441547,0.942626374363864,0.943096403548091,0.95849014429701,0.970759978032578,0.970759978032578,0.97219995309177,0.971060498699344,0.969351172880869,0.973184195103708,0.960235768723587,0.948315745285248,0.948315745285248,0.948640870823912,0.950521527425997,0.945721823812966,0.941044011324295,0.937525595860018,0.935777415987921,0.933017968724965,0.93224006773736,0.940982163534422,0.940982163534422,0.940055845653339,0.9326735332509,0.93247239627838,0.891695391172674,0.848899915551018,0.826666416104543,0.826407496237092,0.828078409819671,0.833393976070886,0.832760147357072,0.850395578721608,0.853442508389153,0.853442508389153,0.855550327620701,0.848838706561041,0.849226802924904,0.849868656079064,0.845787486727693,0.845166479007738,0.845166479007738,0.848160760994615,0.844062384060732,0.844062384060732,0.846272098148194,0.854313074187984,0.857800199333469,0.857800199333469,0.85653668406329,0.849735322661273,0.849802913324178,0.806284756424716,0.760520692343751,0.72212514260482,0.717527154196261,0.676739860655309,0.749611783403977,0.749879403310661,0.798616609687304,0.82674294364508,0.826739205005633,0.860761352744667,0.875840648907943,0.889913753422127,0.888318676498274,0.891407872640543,0.890728386786688,0.889779606969345,0.882739847140528,0.876972482594667,0.876972482594667,0.87508181083038,0.866705908126552,0.761394962029086,0.761410831455935,0.668518286574851,0.646154033684916,0.645840693930441,0.670502958500804,0.674401462774937,0.675244532718578,0.684575510419954,0.692784209300236,0.706617753599814,0.708552366945691,0.720047689862696,0.731747688388379,0.731747688388379,0.748109620554304,0.756050551821028,0.764877651304523,0.764877651304523,0.765968357728881,0.771807564780803,0.772055209936497
9,104,1.03911037727098,1.03506792967944,1.02990685268842,1.02990685268842,1.01874712287563,1.00954423891146,1.00941738049497,0.997394309832945,1.00543222725397,1.00588879458708,1.00390461138002,1.00579074965385,1.00531751454158,1.00524657305264,1.00436544697435,0.995035569915752,0.995035569915752,0.951136597039918,0.853751281242809,0.832033835234453,0.819796668518272,0.846709986524769,0.902344258339793,0.902344258339793,0.915110972089065,0.928798176278875,0.928480261614842,0.94256557093839,0.944164208871444,0.942653479219147,0.933312179188839,0.9315086916921,0.932098297623266,0.933899711514428,0.926206731751847,0.925835424048783,0.924770902389444,0.925548279555512,0.919311780645981,0.922919196884004,0.922919196884004,0.9179375728506,0.91994135569745,0.919802562656744,0.921923848168312,0.934807598299478,0.944212284183084,0.948784011028752,0.944975645416404,0.945308012317417,0.945308012317417,0.95706319602061,0.960230813738499,0.960812425945096,0.962252812773218,0.954319433938712,0.943956826659214,0.943956826659214,0.892814761928446,0.913162908857018,0.912598839568916,0.935384379667376,0.955953762467785,0.955724234946444,0.98388912334504,0.997006316959029,0.968530590736335,0.970632109406926,0.956385411608903,0.937171642069595,0.935275541625593,0.946917250281093,0.944169950692529,0.944220853294001,0.934365079551427,0.932839820979385,0.925444343018792,0.928846319412869,0.921184042867231,0.920182081018713,0.922140746332469,0.910563353715015,0.905262656970024,0.90543589835238,0.90543589835238,0.907496885867939,0.903093322375647,0.905820736208227,0.894708180394438,0.852558040286319,0.852558040286319,0.80887333483815,0.769648902080997,0.775428861886283,0.775428861886283,0.803796009978378,0.819321794753332,0.818987392097935,0.83069253080887,0.831711816531919,0.831457862786647,0.827112764311005,0.83062732269045,0.827009027279681,0.833957793059396,0.830398737338141,0.833684725562431,0.832019712875586,0.830767601050361,0.834926765112871,0.839837997508605,0.839729453125372,0.847770665852071,0.815684446626678,0.815688042254343,0.732187953651167,0.603158044480035,0.602952256712135,0.532691921778493
9,105,0.9224438399627,0.950389544223527,0.950896302802433,0.969467401147051,0.976006796472503,0.978731687538678,0.979355735937894,0.985925129337224,0.984307944938661,0.98418526483313,0.98585057424797,0.985392939306595,0.98578518706958,0.985364070924128,1.02987570208,1.03396077670146,1.03228350394616,1.10584674270686,1.17393085582343,1.17484573646925,1.23485618860657,1.25213392353202,1.25213392353202,1.28024793026669,1.31165717021064,1.3236385325032,1.32370913005109,1.31125394586766,1.30747611645387,1.30927335689154,1.3046016978442,1.29616109961608,1.29684563663642,1.29532754554708,1.29624154166747,1.22765947740355,1.22851904508082,1.21197772625829,1.20194691475277,1.20227897855712,1.21773758266777,1.22306815897064,1.21843426933678,1.2191743309394,1.2254761190016,1.23113644776553,1.23127534080754,1.23508131948037,1.23652578479892,1.23870097430696,1.23051137542381,1.23037913624861,1.22553480031903,1.22776869367189,1.22917661543018,1.22951885654781,1.22951885654781,1.23083630376862,1.23135144329295,1.23078262507291,1.23684695898309,1.22997765929775,1.23039812732766,1.22863431945471,1.22560618394638,1.22559495254506,1.22601318573198,1.20801127583795,1.16381178440891,1.16605681990708,1.16605681990708,1.2081040913921,1.22592407890662,1.22653410845766,1.23664995410769,1.25063699183865,1.25063699183865,1.24849474492289,1.24495909200056,1.24043039273512,1.24221405704926,1.23569454005647,1.23560738905448,1.23440894606373,1.23763972893946,1.23821996221202,1.2369807899114,1.23770678559338,1.23367892716372,1.24353586005288,1.24488096139304,1.24289990132457,1.24332867483439,1.24520180412721,1.24444704591039,1.1836647295841,1.18297910439959,1.15747175495528,1.21002141765168,1.23562984419592,1.23501324878598,1.26726320432978,1.27822332969207,1.28437353979642,1.29677639698825,1.33829801568324,1.30636139206269,1.30970285377581,1.34443311580877,1.35486889826318,1.35486889826318,1.39140358399141,1.42814244168966,1.41726285987606,1.41709661132275,1.40186554027838,1.38501790383142,1.38562718015633,1.35552108872663
9,106,1.00631073055556,1.00514626923903,1.00514626923903,1.00973350096088,1.00770229228064,1.00787830936812,1.00575203488233,1.00569929907207,1.00471090626942,1.00071051674917,1.0020918777891,1.00763563032417,1.00744663755901,0.996469610510268,0.97929312613406,0.980035272377457,0.978562497506855,0.994694545360833,0.994980673821994,1.02032712633924,1.03142732687532,1.04457449997276,1.04532337000004,1.03617730255915,1.04780338761397,1.04782881269425,1.05192110014682,1.06085640554717,1.06644360666562,1.06643377744209,1.06474438644602,1.05369809251832,1.0548074130374,1.03890532291084,1.02302806247106,1.02569455971352,1.02894047441757,1.01868281828921,1.022542377457,1.02346023695031,1.02766690989676,1.02523988410286,1.0249272471736,1.02425280754521,1.00186784398836,1.00236100010726,1.01936161306128,1.02596745332731,1.03357609390953,1.03445162421466,1.04083579302348,1.03425558272693,1.03477786659773,1.02687813296586,1.02980127854868,1.03025734540075,1.03018882072121,NaN,NaN,NaN,NaN,NaN,NaN,NaN,NaN,NaN,NaN,NaN,NaN,NaN,NaN,1.24843545674213,1.26041271005118,1.2591502201243,1.24095330889582,1.23238849480303,1.23724847532296,1.24233672673321,1.22905438988045,1.22921057167467,1.25604652570538,1.27304624559448,1.27215800395667,NaN,NaN,NaN,NaN,NaN,NaN,NaN,NaN,NaN,NaN,NaN,NaN,NaN,1.25258216670396,1.24261423848925,1.23041040129226,1.22790410054927,1.23376546505147,1.22876773891372,1.2272199283877,1.23353943848914,1.23409824817205,1.22529385017555,1.22607357815641,1.21200912375339,1.21367693995048,1.19450541472466,1.19450541472466,1.18551899787423,1.17425326007355,1.17452293911494,1.19189015893809,1.18141861260281,1.18318246225435,1.18408515668783,1.1704382983837
9,107,0.98802199972669,0.993345061864242,1.00357420526806,1.00931473561868,0.999538229639972,0.997078798940226,0.997078798940226,0.998856332062151,1.00459297656814,1.00451024295232,0.997766486823095,1.00555598257391,0.998958627412977,0.999050885924166,1.00636962132855,1.00383302910461,1.00348984469045,0.996575259775805,0.992488880785741,0.99186953378268,0.988064559534994,0.971298167636785,0.963915407236338,0.963915407236338,0.964687393673122,0.967775548042829,0.967660598220123,0.9745258674393,0.977797491064009,0.975101037482228,0.972625703344206,0.966748199209651,0.967789636059903,0.966802797532716,0.96350983697743,0.960491840222016,0.95752706178796,0.957816210686063,0.956562651607028,0.954199520641052,0.953917100491031,0.945959100689398,0.945109522038551,0.955192938783206,0.95010259950149,0.960304703329495,0.958611265162391,0.938511411713018,0.961650232948762,0.972147784127041,0.972147784127041,0.976127641308778,0.993457719618861,0.993457719618861,0.972131063356904,0.977518435707465,0.981881655186036,0.98206928674921,0.995548797281817,0.990178840709454,0.990310083663899,0.996765746227862,0.986950275326499,0.988637264352525,0.994342549433528,0.973130085108278,0.972535848224238,0.972535848224238,0.946228096091409,0.958206253080046,0.958406683401656,0.959870184083558,0.960141292175217,0.955232163781412,0.957236548402897,0.963125121844509,0.952486338948107,0.952442797295587,0.954588852607458,0.949451556586259,0.947910757406692,0.938498177701165,0.947763844178868,0.947822570299499,0.940962080164105,0.940151482864615,0.9354431793615,0.937630089662643,0.936341642346623,0.934443852626091,0.934765755167948,0.936128052508171,0.936332114646188,0.931211938419383,0.932178967614029,0.931240495983558,0.922411525429044,0.921628623409658,0.92221510979463,0.922599335229465,0.918768156257326,0.91838000947617,0.925574477463959,0.927489038109647,0.928333009781142,0.930002557210448,0.925363935336943,0.927315912012411,0.920972120480884,0.924465163130414,0.928870454074375,0.928215375327173,0.924046450750548,0.929180302651502,0.928626244656437,0.924208049384655,0.921438504546985,0.922803464164908,0.923439526385023
9,108,1.02701709680661,1.02576055355568,1.02632025654055,1.02120169316317,1.02243637839846,1.0184460033086,1.01691807246007,1.02012267262344,1.02055353261703,1.02084028999584,1.00529332853056,1.00520921307064,0.992620199017136,0.985143722387919,0.971170261833332,0.971097605619461,0.928903129522722,0.960472995274385,0.960472995274385,0.933297424057085,0.895577456351928,0.889734814498074,0.93903259987767,0.975899644395111,0.979659913633805,0.979750896912009,0.99130189913654,0.99576054714424,0.996425752978867,0.998728284352885,0.996257940808482,0.98655747685364,0.98655747685364,0.978280712573131,0.977171477420871,0.97781853725779,0.969750991009269,0.9651043933763,0.965260706494589,0.969046625862983,0.965447890681088,0.964921339430973,0.959197800851945,0.958751343103709,0.961672532591087,0.961280644511908,0.961572386502149,0.968165441686369,0.968672887986531,0.963105214893377,0.961591800106157,0.968137602680681,0.969010490999235,0.970538902586767,0.975364272452914,0.975190911578195,0.978702355158737,0.983492975663413,0.976507118395275,0.976507118395275,0.959540783357414,0.944999843295129,0.944728439140258,0.95663725541921,0.962364559995786,0.963563339057896,0.986775689949155,0.991904853591061,0.921936408676622,0.921486359595063,0.895161439432827,0.88377249173072,0.884239176287015,0.877666849468711,0.892223791427686,0.892632408545459,0.90298801680898,0.902199532305908,0.896504961878013,0.902424727720831,0.892782726247299,0.895436700841459,0.900716049762048,0.897831083651603,0.891388972142794,0.890773205106623,0.895544576734104,0.877101250063952,0.791504194101531,0.790410926452172,0.762399507362428,0.780175668087933,0.780172957262598,0.791142142006781,0.821382302575581,0.839174192559599,0.839174145726464,0.839659515725953,0.849067417189195,0.849587555278558,0.852058868738488,0.847877043824645,0.847610064015093,0.853706412202628,0.858052640408043,0.854981131724991,0.854416148575532,0.858056890355459,0.865541234656539,0.85641534339417,0.864750777798942,0.863363987183736,0.861009454554419,0.863651290419802,0.865537553894975,0.861201844933663,0.861001786537963,0.852909189159376,0.815060228726419
9,109,1.18841430611252,1.18990210946785,1.17275202726642,1.1761867081,1.17653048160188,1.05869092685455,0.951069662715207,0.905152877241354,0.905279719294775,0.879038755701779,0.895478567331668,0.896065481460339,0.907976949308681,0.923888499662408,0.943643210188758,0.94336445925282,0.949714129644188,0.968385321468699,0.9684658073261,0.980210173082258,0.986766475473891,0.994951126792886,0.99495168547727,0.962332333994964,0.963340054796209,1.00029981390025,1.0439267815461,1.06078283438644,1.06078283438644,1.06806855412377,1.06687007994023,1.06947528495573,1.06947528495573,1.06082296826042,0.963137091367833,0.962779570408083,0.944858539212214,0.944467901578083,0.945358478214827,0.943567015642599,0.947347864514444,0.964244516255638,0.964244516255638,0.963565898988122,0.965350255171262,0.965780688557335,0.981073462834081,0.98685366889673,0.984789810655611,0.986939158172603,0.979784305194901,0.973892677086397,0.973289527608169,0.973516808459011,0.981669719597923,0.981562562360646,0.985131889829909,0.998507435223389,0.996013597916803,0.996875816380823,0.997349832368028,0.992700764768137,0.995580748238626,0.988825487769662,0.98624136215294,0.987905155925637,0.984199251110501,0.981596395707168,0.985941115225227,0.986810380045199,0.956190685304053,0.920933065188753,0.92086529719915,0.870676030661931,0.794714830461558,0.791063419834821,0.808881835175164,0.819334318556552,0.865256321061251,0.866204748867321,0.879763567511723,0.892942687005329,0.892786010836229,0.935409292755803,0.968587452745479,0.982589845113874,0.982646802702698,0.982141678377557,0.981415648682564,0.976864465823487,0.967250374002167,0.962125180816199,0.962125180816199,0.965527216112936,0.936825054343246,0.854657715990893,0.854633515436487,0.798171503884186,0.791000140422838,0.790308801191571,0.815722962630644,0.83506427906405,0.83490782689533,0.851971123302976,0.862007108805966,0.876064754753735,0.875039961250431,0.877119210200472,0.875833096351607,0.875796590239064,0.871297775863277,0.865655441052688,0.866014730235499,0.874146521900648,0.853628434832791,0.762285329257293,0.763020911948943,0.770054992096674,0.830972885533082
9,110,0.891911900302612,0.924603129552308,0.941149205885215,0.941149205885215,0.933082677470343,0.947626166383051,0.946555549252299,0.961434051477874,0.960919411498764,0.959612365547484,0.981343820306983,1.01780150484759,1.03623956621392,1.03389667115345,1.0489229488311,1.09130303352829,1.09069136651767,1.12785205603426,1.16390536931157,1.16410226031221,1.17732822296078,1.20112820811517,1.30868929124231,1.31240808983464,1.34961265606748,1.36736004023524,1.3671276721817,1.40427060132642,1.41817788093361,1.42115084689567,1.41728090348702,1.42040432206396,1.40641981236574,1.40064459042196,1.39927691777968,1.3852884593324,1.3852884593324,1.39426620438251,1.39320260991005,1.38818384171433,1.38830467105373,1.3819089461932,1.37872280063882,1.377345660101,1.37564090458404,1.37864007973962,1.37508029677077,1.3578397784115,1.21819731351831,1.22124319233549,1.22169061627442,1.27345412048514,1.26682935250537,1.26831194218902,1.28602587826645,1.28888286129772,1.29567385657016,1.29507024666361,1.29485142274954,1.30144043009272,1.30072196414884,1.30249242474798,1.29687158634579,1.29833046359848,1.29989438929759,1.29538978619676,1.29769804021045,1.29811680931571,1.30249581977852,1.2933894998711,1.28799778613887,1.29356738953148,1.28504561923702,1.28343305355982,1.28921999938327,1.29251156316756,1.29258429030245,1.29153410243048,1.19417059521537,1.08061497536547,1.0432555044552,0.912686854530624,0.705916885339539,0.658130234907366,0.675769014998657,0.710729475301352,0.754144019126856,0.750314067874996,0.78859778239792,0.836205861381658,0.831270674066287,0.855712290679076,0.874047151076288,0.894218072869334,0.894762310980422,0.923056540586086,0.945254678923548,0.935403723943272,0.945366101859941,0.982147465433019,0.993353102375875,0.993353102375875,0.843454309660322,0.777620441283374,0.778320454801427,0.793771749120157,0.803648853778213,0.802828975335251,0.829520351908907,0.85547315142515,0.855784299210542,0.868551360680771,0.867673492920745,0.85164967986402,0.851554469996465,0.851323399719673,0.853412520896785,0.853255737161526,0.853117228810486
9,111,0.836135848347328,0.838598213033643,0.796480792918363,0.778340949115937,0.828248982575434,0.879442317976831,0.931895745866486,1.00533084265449,1.00403147053024,1.0510376902653,1.07761205535246,1.07748498100341,1.10288903099452,1.11586505687692,1.12793898343306,1.12852788102701,1.1321294804957,1.14378807642536,1.14422160110751,1.13612191620775,1.14297488872624,1.10599039520769,1.10739887033019,1.0768152664966,1.10087814569841,1.10117065996878,1.14572690983103,1.18237131212109,1.1850070736186,1.20388612642954,1.21307003746399,1.21294953363349,1.21011906815076,1.19967352162725,1.19501364981954,1.19404790231769,1.19168986289807,1.18654880139383,1.17799453350172,1.18397096217166,1.17648454731758,1.16869331500923,1.17078085509129,1.17248036033972,1.16597210908125,1.1685994600438,1.1563181471051,1.149270769066,1.1422233910269,1.1351760129878,1.1281286349487,1.13298427045658,1.13318710188679,1.1626232919379,1.18950713050684,1.18890263237393,1.22748896471628,1.24889121517048,1.27028467148961,1.27028467148961,1.27132778732566,1.2816900797917,1.28209278812989,1.27500773428789,1.25287267825686,1.24473541706696,1.24482480757765,NaN,NaN,NaN,NaN,NaN,NaN,0.609701738987426,0.616289342103444,0.616790312803699,0.63517739599011,0.638616338280754,0.709035339161648,0.709438157725615,0.741297158926734,0.755738489181073,0.755454791353395,0.770280418755908,0.774752857178862,0.735383272359697,0.735044277070557,0.71824586305786,0.72044629552563,0.72070174402257,0.777534005222902,0.835382634017011,0.828970774817101,0.854600276473416,0.873004142135778,0.863251025503492,0.864180049133711,0.860859611648094,0.858748512946736,0.858654146224057,0.858199661317778,0.856350247250149,0.853421769719973,0.853383277076887,0.872396077758874,0.919393720070565,0.918673108970816,1.01675502348857,1.10128466275751,1.10281000656224,1.14253473278091,1.17849118191574,1.19994141319714,1.19950718694202,1.19270763119378,1.20228998654023,1.20313338239669,1.19538419170165,1.22665533632257
9,112,1.05059020351666,1.03525921964943,0.947743320606052,0.976342650532705,0.998834726596539,0.998101812946769,1.00884964109202,1.00178320345411,0.999809597316601,1.00566147614893,1.00875871540006,1.00683974633773,0.996676052168065,0.992937709044961,0.997495540271881,0.996775340180151,0.997292471183556,0.993597780145963,0.986650793407809,0.992117897074835,0.983970036328272,0.984070637027371,0.977180282929377,0.950612984702697,0.96619882096362,0.965108513124222,1.01017252929511,1.01793207216548,1.01793207216548,1.02636845785156,1.01974080618164,1.01614844080129,1.01940167819795,1.00868609966659,1.00286559570314,1.00058160415511,1.00285674419533,1.01056934610729,1.00978630270728,1.00071059774368,0.995322431919143,0.975847990451081,0.975304510116373,0.92172769029984,0.908544760914731,0.905951991698322,0.98548127886428,1.01126298076628,1.0125696289168,1.02922926143431,1.04573505879804,1.06674871939114,1.06699111944794,1.09711812377931,1.09678674456303,1.09727725717677,1.08911811690531,1.08115914960776,1.08048096814617,1.08048096814617,1.05739826502599,1.05080486811568,1.04957469678206,1.05000624523004,1.04789712661315,1.04732335421777,1.06570858594294,0.993106912424559,0.963624004505777,0.959286141483327,0.984864434959843,1.024121238209,1.0240037031091,1.06876210516695,1.07972588846186,1.09573383913541,1.09573383913541,1.09215909071393,1.10156807963355,1.10156747398064,1.12594461621303,1.13653343916671,1.13699045860286,1.14742755439574,1.1492685189415,1.15277822568132,1.11096972536358,1.02770006328917,0.995020350366379,0.993701769207725,1.00636632278034,1.01012589627302,1.00698800569258,1.00274466084533,1.00462924607991,0.998772538368825,1.00410803350805,0.997651974198206,0.997907373588764,0.999846811812467,0.994732253871574,0.993729698472309,0.992419643240046,0.997758328023453,0.989181794728543,0.989016836715489,0.989016836715489,0.994210931940345,0.991924254221876,0.992436398765298,0.9877392271374,0.988948048201337,0.996147623693778,0.995185507628361,0.997832021991027,1.0003131154384,0.997920632361237,0.994723724773684,0.931107133253513
9,113,0.967167836918105,0.926041457019638,0.943021609598985,0.944459701852427,0.944164251006714,0.979340224091635,0.995616531393028,0.996590235291429,1.01373809797745,1.03103481768977,1.04633085585522,1.04628692166979,1.05897665407192,1.05405791031292,1.05401064733963,1.03434754962828,0.996352582953586,0.996882306653172,0.971579808676303,0.953295933193816,0.953295933193816,0.948276946956284,0.969407262046977,0.99256862778325,0.99256862778325,1.00161496218051,1.00627467461759,1.00627467461759,1.00591640468591,1.00606666647275,1.00118504258525,1.00118504258525,0.994419880982711,1.0013602555014,1.00148546301592,0.992207079396976,0.988247877086922,0.987182333805123,0.989224478280649,0.987585836673775,0.974855471016879,0.973813995235637,0.940120237668649,0.929470678741105,0.931374116790055,0.95405862716213,0.961133795669935,0.984444439215499,0.984444897425915,1.00158107750126,1.00124367832186,0.998559436705661,1.009152501717,1.0242394407458,1.02881370779343,1.06495312675153,1.06988401741864,1.07067777206424,1.07432972601684,1.07757441956616,1.06822349426822,1.06753940753578,1.06308803628201,1.05566207320274,1.05812889578111,1.04309133578112,1.03897321276852,1.03288424799849,1.03240694097353,1.03299188352814,1.03660202999048,1.03557758215797,1.03199189199731,1.03809740942961,1.03021154841533,1.03027422829624,1.02844717611607,1.02733239097385,1.02735646737361,1.02428615751102,1.02257231774394,1.02241056046352,1.02711034787864,1.02545867513706,1.02151867024798,1.02153884515785,1.00362937703009,0.919273209356974,0.919355688151004,0.937716717947852,0.971709396378745,0.970998405000838,0.984495463021938,0.99152085746302,1.00526746349828,1.0056252090101,1.0177400992393,1.02314691943154,1.02477537591679,1.03168226688558,1.00771464505056,1.01166272144653,0.960628416762341,0.942687896432511,0.929044099347122,0.928804471970099,0.940374360946044,0.939475484624912,0.942650416585354,0.955176084211086,0.952237341340101,0.940610945805301,0.940610945805301,0.970940718695971,0.974699566869311,0.973673168218544,0.969264037893035,0.980683716867864,0.981526155308764
9,114,1.00963173950545,1.00949601723661,1.00343022956924,0.988675424225708,0.986912701473511,0.986842088926364,0.983214806720483,0.983480503237792,0.9839609210585,0.977129721106151,0.956665110498635,0.984138761495335,0.983621844384097,0.989404948958187,0.997809312690243,0.996974459499072,1.04533900309436,1.06809386693014,1.06517853939013,1.08214267249524,1.08283294714728,1.08283294714728,1.0883731005386,1.08399415656124,1.09299471468212,1.09299471468212,1.10056888441899,1.08128170423722,1.08156068849069,1.06167541224451,1.03966441047738,1.04847104942713,1.04847104942713,1.03464108330707,1.03166878433626,1.02995097041255,1.03836094191787,1.04351120360868,1.0529099872069,1.05315667678242,1.07467992102028,1.05806246774451,1.05806246774451,1.05556781640794,1.06278789074517,1.06245343151034,1.05860339817906,1.04118971814771,1.04347711226945,1.04368932345304,1.04110918277603,1.0385549026584,1.04110405632338,1.04967303626521,1.04401959089717,1.04604175409443,1.03825738875132,1.03457181974376,1.03341903084578,1.03480991111565,1.0357127609202,1.03363923755047,1.03954992120181,1.03524991135064,1.03257519545532,1.0392738359217,1.0308675827911,1.0317542061928,1.03000333617679,1.03000333617679,1.03583035573084,1.03287281613804,1.03391712822336,1.02798341334029,1.03193245109123,1.02563668481683,1.02648272607531,1.02152156643975,1.02437259927484,1.02384321653536,1.02049111473996,1.0235033260386,1.01997489091404,1.0239286638912,1.02336823683996,1.01379957866218,1.01046969035749,0.954355853274843,0.973887884216177,0.973483479372857,1.00598604608687,1.03033604363638,1.02999708842018,1.05090897349605,1.06023052881215,1.06005550425069,1.06034175341002,1.07131182078483,1.06581115166484,1.06581115166484,1.05817364396009,1.04976558622419,1.04590223208189,1.04590223208189,1.03244663073214,1.03194785068508,1.03175328794654,1.02996934820158,1.02255328630933,1.02378945235622,1.01967966473874,1.01688769684757,1.01156857217343,1.01156857217343,1.01819802362693,1.02944458743887,1.02944458743887,1.02924031677115,1.02972293370178
9,115,1.01369054271545,1.00910276614855,1.00906405031816,1.00574688648714,0.999265662145996,1.00069306650824,1.00042449853398,1.00000553479311,1.00186277355229,0.998190724126321,0.995597274975633,0.991070227134567,0.990894622272201,0.981965496590831,0.989886122096278,0.996276371873543,0.996644932754866,1.01027634252792,1.0093421044449,1.00906402215027,1.01035813931595,0.9716981485359,0.973491279975344,0.940974894316182,0.924266742444358,0.901528512419906,0.901700946197884,0.915244204655177,0.943496771973512,0.942783024078075,0.97318088641567,0.97546349164364,0.976159989095483,0.977302164300306,0.990714246606558,1.015242258198,1.01506516404122,1.02803263276349,1.0238868448476,1.02127468729942,1.01911038368671,1.0169585824847,1.01477871544978,1.01466879851899,1.00511194956641,1.00178886198327,1.00136470605741,1.00031704783412,1.00172698557204,1.00423996204893,0.998826298005162,0.994917019883156,0.996869182977101,0.99524700655282,1.00066168502355,0.992363074070934,0.992363074070934,0.992479486571337,0.94833123081083,0.94955901743867,0.941472288075457,0.933389649578873,0.912513455044106,0.91268067957473,0.930559209315512,0.941163772912969,0.940637870937964,0.947579211256593,0.951139852178106,0.946293504538298,0.943699743891663,0.936084326939238,0.937278511052602,0.939588075110875,0.934404172880357,0.933376100418254,0.933376100418254,0.93951823861552,0.924045867741501,0.903924540954335,0.903348095606169,0.920812638914461,0.940001743711473,0.93928814393946,0.949469779583185,0.944995478141393,0.945595923641875,0.961028146950223,0.955542756398964,0.945081043352159,0.945081043352159,0.946424822347449,0.948290785914078,0.948511667041592,0.930762566985683,0.930584776683028,0.930565644707137,0.972599895473342,0.991012528435153,0.986576662913434,0.988811292723982,0.995441601702128,1.01226156355989,1.01300569996057,1.00996717534729,1.02156201679843,1.02983906759267,1.03016835694294,1.03729909036215,1.04026432439796,1.03917074805724,1.08021605771592,1.10776055874001,1.11952354133604,1.11952354133604,1.10816960771586,1.13684625085849,1.13826459967321,1.1255001512442
9,116,1.03036517517884,1.03093253824084,1.03035768637602,1.03218398827735,1.00340274928527,1.00881914354296,1.00881914354296,1.00322258712221,1.00111775472487,1.00100101216031,0.990165717216295,0.983205412512032,0.980321044825517,0.974609988163249,0.984033208505495,0.983830305830999,0.991267866946678,0.979580554630755,0.982764122917361,0.982764122917361,0.978161037998674,0.970127171077972,0.917659281002706,0.918005193347986,0.944445297659498,0.961691504723036,0.964688258446466,0.987375789560296,0.992968145797395,0.996319363913708,0.987885608780609,0.999052974428436,1.00831644695633,1.00837138873712,1.0064720996116,1.00833690558158,1.0082232743622,0.998731688371673,0.989513598333654,0.9818866351391,0.980433040079028,0.976389557213602,0.970972305889512,0.967237718766735,0.965050103912494,0.966004457155455,0.966004457155455,0.956146432679602,0.955792289057687,0.959359871709831,0.959108005362697,0.955858338664621,0.930020148891549,0.931022164626832,0.937356976885121,0.942434865678093,0.942434865678093,0.962322865506539,1.0032208455801,1.02844563366659,1.02917928026184,1.02161656572731,0.992339177114957,0.992175629581775,0.994680226876293,0.989954142726035,0.98955048189749,0.994001964029859,0.994739859575978,0.984913701832365,0.984529628468794,NaN,NaN,NaN,NaN,NaN,NaN,NaN,NaN,0.991595893348576,0.987292446050453,1.01571745761276,1.01930685437201,1.02756032948993,1.02751368799904,1.03195497845892,1.0363565868693,1.03753132167893,1.03985544185262,1.00761039632223,1.007757419335,1.00615818125371,0.996037936809792,0.996455374093426,0.992673920214569,0.994479161616519,1.00130227383712,1.0018512955096,0.994282212311525,0.991924212396193,0.991838027733068,0.989963847608199,0.987339854019934,0.985836139068836,0.985836139068836,0.980878802497555,0.971656940992169,0.978666943902675,0.977597651149007,0.97293276988337,0.969994632192401,0.964631709956925,0.967133511307593,0.972750389232901,0.973731436305751,0.965751621685977,0.962168864375303,0.966727182481833,0.966943996334523
9,117,1.03854559031623,1.02299542086318,1.02420750526793,1.03175046675348,1.0447480882205,0.9728148330962,0.973421485175175,0.96820860413754,0.941426703544658,0.940827566152587,0.985737305070029,1.00026629599608,1.00021678909479,1.00439283315526,1.00332984333553,1.01203262064006,1.01151084155146,1.01182159541903,1.01174561221026,1.01204106409991,1.00688773936912,0.995547553708063,0.995562298369134,0.966880585809235,0.943635439797587,0.942260275164437,0.942223456791764,0.936855150048227,0.935583660863569,0.936079537715289,0.935180148719934,0.932722259411676,0.932655282784243,0.924072205298549,0.922242454158137,0.917322608755013,0.917322608755013,0.924975481377217,0.930890936523866,0.930817975941631,0.929979000049079,0.924671749018176,0.925785014958121,0.925807016639779,0.926232284015546,0.915798722781411,0.916237477555885,0.924991121308627,0.92392204736537,0.924281927649139,0.924305511229451,0.929522411005618,0.931383104801908,0.929337774474261,0.92851876295106,0.924358952290754,0.92586740473601,0.925024923048514,0.92450652089857,0.923196935657114,0.931807545283009,0.940286990054077,0.936798144918998,0.93756636775133,0.93213938123677,0.936928585910032,0.936973122268299,0.932175250032884,0.933140210745441,0.928564803205313,0.928564803205313,0.928494710538471,0.921265961670845,0.921533990626114,0.917633292403516,0.92297139428626,0.922980021983641,0.915828546883046,0.907645136361088,0.901051904903372,0.901051904903372,0.885535664613169,0.862961751745291,0.865326233584995,0.898845005267665,0.932639927413364,0.942137799275338,0.94114723942646,0.950326105828086,0.952459725061433,0.952078513169682,0.950689215898421,0.948212883814894,0.947712689147274,0.942568499521491,0.942302680883282,0.945043611200486,0.934570395875695,0.941316060043007,0.918755030195326,0.918755030195326,0.848902326554515,0.820235905805764,0.820653590474198,0.827035856917037,0.859130244933872,0.869240737910555,0.869518984966936,0.874732717753053,0.875991827764551,0.876733052575744,0.877473438717978,0.877291728900215,0.879039491335191,0.880783884449265,0.875530579141107,0.871986847745185,0.871752919984335,0.87899208757959
9,118,0.979808774405304,0.970093079683416,0.970481229792326,0.972715450902874,0.986644209989469,1.000456070339,0.997035614531867,0.996052726542154,0.994025562300017,0.993596416203838,0.999175115811383,0.998216301997833,1.00820001178793,1.01094275077168,1.01691801004529,1.02595373887257,1.02584006051188,1.02696454449409,1.02688033101708,1.02587367249636,1.07622268902316,1.12865731489616,1.12876857611087,1.14587527850879,1.11630589517067,1.14905647183397,1.1495240662238,1.14464074130304,1.15433579982086,1.15298964259926,1.14458932070353,1.15255101470296,1.14398498770273,1.14361848167372,1.14781408623085,1.14628769544858,1.1461564320933,1.14400815552721,1.12967285110858,1.13132313776418,1.12596982083072,1.10621814690872,1.08620122704769,1.0867421886297,1.00907266044254,1.01589484970474,1.0173243910884,1.02434562583784,1.02973022814561,1.04328545964422,1.04328545964422,1.05726657237827,1.07917829190799,1.07905305467119,1.06894337715006,1.07221701673607,1.065281049975,1.06309706819208,1.05651001064601,1.05802039925007,1.05391810152376,1.05965592031603,1.05725540226496,1.05750062227566,1.05850893747264,1.05242253187771,1.05411018207195,1.05827627075052,1.05538761481233,1.05173734976707,1.0543448776448,0.985807891116889,0.890607367088932,0.89046750374159,0.928552168709419,0.889461084084291,0.90330371414684,0.90330371414684,0.913455525538216,0.914619349392452,0.913568366179484,0.914843022848706,0.913837164372531,0.913162740684593,0.917240696336022,0.923574629834725,0.925956581070356,0.925136103401958,0.927721150721609,0.926500908045696,0.922120411417796,0.916925816236277,0.918515849923424,0.919405177589352,0.918411157435004,0.919383220496696,0.921278191941437,0.921559580819415,0.917271911599676,0.919915108392213,0.919915108392213,0.91685735927074,0.91835005744351,0.918262835214168,0.916150790707852,0.915521271515683,0.914203543783909,0.914203518095608,0.911862794253608,0.914297300178757,0.914854507308886,0.918216322374196,0.91986929142497,0.919750617995142,0.92023209607162,0.923918067963748,0.940362870090926,0.940574866728181,0.946686354664847
9,119,1.0375639741007,1.03782599525199,1.03798450332058,1.03657347246236,1.03574762765741,1.03560696323895,1.02321764770588,1.00143733981023,0.984341624999028,0.985442969273945,0.953652465690634,0.960770476859854,0.959076106367714,0.978498634761081,0.978118634958948,0.988878424110558,0.98806827701453,0.986836350801674,0.990358511613933,0.988752669698608,0.962668425872822,0.970153981098833,0.974343508947978,0.987624998675764,0.984426681634509,0.986236925216331,1.00494239974361,1.00886387566544,1.00185330114838,1.00102509401916,0.993234590266527,0.97448702704723,0.976360417396407,0.959886366368684,0.947048532318573,0.951862721499521,0.951931776251843,0.940638631182732,0.934279487130094,0.935736689684184,0.934585347170403,0.930699169612816,0.9318859056022,0.931526214472084,0.921075557124706,0.923508725387509,0.923750740860686,0.943561237137539,0.960866103917339,0.96029554103942,0.978878655376532,0.989526807441102,0.992961614864883,0.993744894227133,0.995304011432086,1.00090366816679,1.0012313480993,0.983447334244012,0.982176399917354,0.981174034627671,0.982775038411816,0.97563788028777,0.974765434104162,0.975323882941068,0.966591617733956,0.964629667342311,0.965301900898078,0.969226481480244,0.967985171562249,0.967767864124841,0.970749762264204,0.966238224720279,0.972701017132447,0.972861774637237,0.964228929408031,0.965927402831867,0.966001392908241,0.960055643305505,0.923671077893608,0.923466459307223,0.923333071463152,0.927589483185431,0.952872086283521,0.957374794212226,0.972243287446482,0.972126656115328,0.973083237373609,0.993219464894729,0.993241294605561,0.990671722283689,0.994783159549251,0.987773154736666,0.979936735518388,0.981333765979277,0.982298597397891,0.964856725539816,0.964958669840896,0.954397710685977,0.961442059952881,0.953312169666009,0.953312169666009,0.962944045180779,0.949352640286589,0.948364380815351,0.899367051656358,0.869217150271747,0.808778208516578,0.807829214245714,0.788397739184762,0.811141027885623,0.809373204504719,0.8400084346106,0.849573368984888,0.849573368984888,0.864232552907229,0.86250185276708,0.853331542988297,0.853331542988297,0.861805905665455
9,120,0.915146860164771,0.920353325266019,0.944143106721355,0.944143106721355,0.968225230847011,0.980054738580412,0.979395372456062,0.992564237440264,1.01349092801978,1.02581189255146,1.02509291449493,1.03732919099351,1.0473434432061,1.04371906880186,1.04378272544572,1.01240249582359,1.01485478189697,1.05242711388234,1.0397194666865,1.05778058822788,1.05765039173298,1.06585854451801,1.09080893496323,1.08980825645126,1.08419325648352,1.08712617363615,1.0984150226881,1.08199627923387,1.09077007181209,1.079629415106,1.0796174622966,1.07389195032615,1.06429648825571,1.06429648825571,1.05772649455966,1.05464825056981,1.05337124074203,1.04450173533993,1.04110344663687,1.04010074709199,1.04010074709199,1.0386671627662,1.0352365074729,1.0365596212596,1.03225747128454,1.02481527734999,1.01978392878974,1.01978392878974,1.01659050082083,1.01504438172987,1.01528219675222,1.01661084381686,1.01103903849744,1.01113057868074,0.997900792798348,1.00127410175298,1.01477063319613,1.01398524685296,1.01594777634289,1.01536607745257,1.01565735770628,1.00372591194626,0.99007203314682,0.997318146885072,1.00586652021938,1.02322508110641,1.03206777772205,1.02488745703794,1.03565039676089,1.04529355810571,1.04529355810571,1.05196203533576,1.05417792052944,1.07749819371697,1.07838047607732,1.07326793302275,1.08005594220419,1.07992946013497,1.08235314799963,1.09508186496931,1.09508186496931,1.1080827113424,1.10702550459283,1.10793242639562,1.1086143274138,1.10225513256965,1.09822262447939,1.09857037659346,1.09806835068459,1.10844284715623,1.10948807206793,1.10158656886944,1.0930079656759,1.09026806421372,1.09102782538507,1.10837243272476,1.07014731534647,1.08021597114756,1.09482827158268,1.09452118727813,1.09497182823571,1.09008226230633,1.09230762870355,1.09365075272598,1.09365075272598,1.08972938738769,1.08042305417604,1.07674626925612,1.0688514522536,1.0591240106118,1.05821153162948,1.05851006310009,1.0499815353433,1.047266192892,1.0472700923184,1.04880510475536,1.05456981079611,1.04462850237654,1.04459454599217
