Animal_ID,Trial_ID,timebin_1,timebin_2,timebin_3,timebin_4,timebin_5,timebin_6,timebin_7,timebin_8,timebin_9,timebin_10,timebin_11,timebin_12,timebin_13,timebin_14,timebin_15,timebin_16,timebin_17,timebin_18,timebin_19,timebin_20,timebin_21,timebin_22,timebin_23,timebin_24,timebin_25,timebin_26,timebin_27,timebin_28,timebin_29,timebin_30,timebin_31,timebin_32,timebin_33,timebin_34,timebin_35,timebin_36,timebin_37,timebin_38,timebin_39,timebin_40,timebin_41,timebin_42,timebin_43,timebin_44,timebin_45,timebin_46,timebin_47,timebin_48,timebin_49,timebin_50,timebin_51,timebin_52,timebin_53,timebin_54,timebin_55,timebin_56,timebin_57,timebin_58,timebin_59,timebin_60,timebin_61,timebin_62,timebin_63,timebin_64,timebin_65,timebin_66,timebin_67,timebin_68,timebin_69,timebin_70,timebin_71,timebin_72,timebin_73,timebin_74,timebin_75,timebin_76,timebin_77,timebin_78,timebin_79,timebin_80,timebin_81,timebin_82,timebin_83,timebin_84,timebin_85,timebin_86,timebin_87,timebin_88,timebin_89,timebin_90,timebin_91,timebin_92,timebin_93,timebin_94,timebin_95,timebin_96,timebin_97,timebin_98,timebin_99,timebin_100,timebin_101,timebin_102,timebin_103,timebin_104,timebin_105,timebin_106,timebin_107,timebin_108,timebin_109,timebin_110,timebin_111,timebin_112,timebin_113,timebin_114,timebin_115,timebin_116,timebin_117,timebin_118,timebin_119
1,11,NaN,NaN,NaN,NaN,NaN,NaN,NaN,NaN,NaN,NaN,NaN,NaN,NaN,NaN,NaN,NaN,NaN,NaN,NaN,NaN,NaN,NaN,NaN,NaN,NaN,NaN,NaN,NaN,NaN,NaN,NaN,NaN,NaN,NaN,NaN,NaN,NaN,NaN,NaN,NaN,NaN,NaN,NaN,NaN,NaN,NaN,NaN,NaN,NaN,NaN,NaN,NaN,NaN,NaN,NaN,NaN,NaN,NaN,NaN,NaN,NaN,NaN,NaN,NaN,NaN,NaN,NaN,NaN,NaN,NaN,NaN,NaN,NaN,NaN,NaN,NaN,NaN,NaN,NaN,NaN,NaN,NaN,NaN,NaN,NaN,NaN,NaN,NaN,NaN,NaN,NaN,NaN,NaN,NaN,NaN,NaN,NaN,NaN,NaN,NaN,NaN,NaN,NaN,NaN,NaN,NaN,NaN,NaN,NaN,NaN,NaN,NaN,NaN,NaN,NaN,NaN,NaN,NaN,NaN
1,12,0.999083017338181,0.996028014025137,0.991645231216086,0.995571941440589,0.995604167381006,1.0096829050121,1.00545868540206,1.00608319332326,1.00096176868712,0.993199784583423,0.991117580432097,0.985883533832443,0.996363517778816,0.997558793700773,0.996973793823316,1.00606160001792,1.01334602418184,1.01190726508272,1.0074691827411,1.00059654797251,0.97430196484236,0.975214083458263,0.962063836300752,0.966814460034799,0.970402147954433,0.985928300183853,1.00840301428984,1.00713181756739,1.00807781097957,0.999351246074726,0.990755115514943,0.990755115514943,0.985854460073162,0.981134770860633,0.980976582611358,0.977056803539868,0.98199229241598,0.973193348648304,0.973193348648304,0.966798456801223,0.971386612735254,0.97163785127521,0.965082532424327,0.962857213861204,0.964276081772054,0.965604957452645,0.962747160250066,0.970379878420159,0.969795230314905,0.966749694638763,0.963456570728027,0.956518024622562,0.958573147596184,0.959268887749508,0.974807511268513,0.975187799161613,0.979060970101549,0.969048796276909,0.962067708363962,0.968599493957959,0.966090275157376,0.960223787120469,0.962571765785566,0.96753587410411,0.898050908784373,0.89792215203746,0.865917309418283,0.853572279409488,0.848992983977831,0.864961704965688,0.873335681034445,0.873843318895024,0.884068673684512,0.897083607936787,0.901476779636412,0.901541647701938,0.901857081418246,0.901202914151292,0.904461000209436,0.903601355451216,0.910962883307915,0.909190128112134,0.908270710381802,0.905809064806484,0.906968208295832,0.907081345565125,0.914086848372671,0.918592905553521,0.91647773147315,0.922097710936463,0.925858856850858,0.921461784715391,0.922085371019653,0.928592887512835,0.924980652334179,0.923278774520046,0.917262218027381,0.91418656532021,0.91418656532021,0.823887248492338,0.819366067534786,0.856695937753899,0.855660115513665,0.887663839376821,0.887682793792364,0.886861506117694,0.908503443208291,0.916369915028475,0.909364072089648,0.896335185128277,0.909268901663221,0.907843421653493,0.906930431751824,0.916675486111367,0.89717140654785,0.892737199307271,0.747067197066848,0.758353567519845,0.762870734008059
1,13,0.987428982893469,0.977255981958123,0.977181183476283,0.980671901937478,1.00168421834691,0.996125452652622,0.986659791788811,0.997850157541985,0.999492294477639,1.00138554287054,1.00335356495202,1.00984513033661,1.00737594559957,1.01606997001195,1.01762622547954,1.01472823563345,1.00974538113441,1.01456418685726,1.00095585205134,1.00287619169941,0.993831966651323,1.02034072161934,1.04783380790089,1.04569300608152,1.0904394890271,1.1043434152051,1.1043434152051,1.11695694729862,1.12137579569061,1.12011731779629,1.11470439278968,1.09497338610811,1.08329657558382,1.08291235709014,1.0767604564663,1.07072567701596,1.06805116307095,1.06762781066196,1.05414367438117,1.05417912939073,1.01499813725245,1.01221096468905,0.999587021611372,0.999587021611372,1.00888015774248,1.02498646022885,1.02535005064351,1.01446772718035,NaN,NaN,NaN,NaN,NaN,NaN,0.90496032450421,0.843653047550199,0.842094576273984,0.832931405316807,0.834699885499127,0.848108738048871,0.848771322294736,0.849724102754656,0.838380971205553,0.839056306419491,0.842640847718625,0.847437993774559,0.844663466236287,0.861354440571021,0.85841536531909,0.86011058845526,0.860093246160586,0.858052632480599,0.855692569388392,0.855691548812355,0.857390755126694,0.856945272411399,0.857024319523669,0.888031540238309,0.883708717197962,0.885028175749303,0.884017154927369,0.880879778636529,0.86649527085853,0.862400613877628,0.87708444024595,0.834629351984497,0.786945709989927,0.785626884582172,0.73946227482731,0.756226140078048,0.754014308679611,0.739672941260117,0.723881415962249,0.733713943554518,0.733735937054532,0.750475587293176,0.75636339483861,0.758126375928958,0.766504258622315,0.777029456250226,0.777029456250226,0.791559104618246,0.799530856675451,0.801365406681254,0.801639035789891,0.833912260346372,0.854210864914741,0.854210864914741,0.855586399628904,0.866327537074237,0.867085461491142,0.871100335055097,0.879723413297473,0.859270694041968,0.859823254210516,0.774412214987577,0.732882854283579,0.733521165363746,0.728431960524001
1,14,0.906622959242408,0.953785858286925,0.976538521604698,0.974464679636167,0.97269924470639,0.988256798759404,0.989820382434904,0.988240488055474,0.999095968119022,1.00251363952345,1.0033219628349,1.00768242705049,1.01970321012632,1.01567404247215,1.02498594723432,1.02913577935657,1.04049440035117,1.03972195741066,1.06724173279457,1.06037440345761,1.05705327571291,1.09842352571429,1.05311496329722,1.05474228075902,1.07272028908787,1.09181139191087,1.11083975414258,1.11085652351274,1.10563920623869,1.0950088104987,1.08481741869287,1.06989484109138,1.04678299734138,1.04678299734138,1.04839117586121,1.03834089982158,1.02185480635075,1.02266067823547,1.02307507023052,1.0097337689115,1.00899657211352,0.970153350820361,1.02361950033314,1.02426328746946,1.02341928707039,1.04085573115537,1.04087848103149,1.03435261203815,1.03523164279924,1.04192836996494,1.03829216854726,1.03740953919128,1.03294154904596,1.03966065045812,1.03691180163309,1.05104777706571,1.04941212913431,1.0517949454384,1.04850518748929,1.04670996396134,1.04132457511841,1.04251669001476,1.05854522577273,1.05511814339681,1.05531721560731,1.06525054341321,1.0789304052534,1.07670188128912,1.08623196130851,1.09394968286712,1.09394968286712,1.1130960196475,1.12901011301757,1.13318782697741,1.12719343895826,1.10985936047486,1.09825065948775,1.10472263784384,1.10409852107683,1.09720298152072,1.10123514077066,1.10389678827381,1.099726233193,1.10350802711472,1.10350802711472,1.10434824688017,1.1122872696882,1.11331101992758,1.11424424223665,1.11616538137951,1.11914959066017,1.1184246571863,1.10766549614966,1.10624127925493,1.1023896218979,1.03852331273652,1.03743194064934,1.03634056856215,1.03524919647497,1.03415782438778,1.03306645230059,1.03382336086557,1.11208366615347,1.12717855455454,1.12603519882262,0.98072752416286,0.941416705862509,0.929422391249419,0.929422391249419,0.926872355070571,0.928008885449114,0.918570719157484,0.932503863861117,0.943957576147557,0.944153053502308,0.945220897196214,0.950524366988682,0.961006401097368,0.961021499905201
1,15,0.870313105032124,0.949056111800502,0.946449059602089,1.00143414874458,1.00290265084079,1.00928041680754,1.00928041680754,1.00365460010969,1.0175949611224,1.01728140215079,1.01613459631173,1.01129446184745,1.00717869267371,1.01897993012085,1.01766941618265,1.02040973086271,1.02071706999258,1.02666955068187,1.03369967830841,1.03367875585998,1.10316004756966,1.14501734051202,1.17421108032871,1.17406229059568,1.2115886136962,1.27390192502523,1.26217281617448,1.31595401998347,1.31634101002193,1.29611782964842,1.29713266525423,1.30616006115767,1.28964716022497,1.29069502106568,1.28030898493534,1.27549574059579,1.27340021567408,1.27225232354081,1.26404237339245,1.26558953327836,1.23753804780238,1.18828037601606,1.2028766765156,1.2028766765156,1.12898040690425,1.14742327295744,1.14386988391479,1.13992499808838,1.15153648619378,1.1630978934473,1.16309933621868,1.17642092173222,1.19867653031741,1.18770955347647,1.19708827125022,1.2019724432061,1.20118090581802,1.21116691732852,1.21309931511435,1.21585185353207,1.21495091373252,1.2112963936624,1.21819190188454,1.2169106864627,1.21820322981886,1.19233145628123,1.11043491942344,1.11055275530823,0.862646402282554,0.841958395824249,0.841907572695976,0.83743462857106,0.866862060876362,0.86615934534199,0.882765632989139,0.959674492761528,0.95771179432343,0.987793306871508,1.02660070937696,1.03135801175098,1.03104357071408,1.04696487681464,1.05459455064049,1.05414278437805,1.04807322376305,1.00656097542973,1.01454544376253,1.01471474248611,0.984589021909292,0.931636837366431,0.930609359341423,0.929130177046689,0.922805058575299,1.01177599691557,1.00838166268755,1.0557464342593,1.08536144125185,1.08554317175009,1.11747060393871,1.13245182570826,1.12973397731273,1.13272376524434,1.13636687630561,1.15142796920851,1.15151771387829,1.10181873070839,0.94575231944223,0.9451658723365,0.867728384186592,0.858706756461178,0.859934689701013,0.860590139388857,0.877662750713835,0.858340182502654,0.857221019036388,0.845329790577504,0.860762118913149,0.861010094735898,0.865763671830349
1,16,1.06167773345151,1.07712728939269,1.07812607755738,1.09165336698917,1.10967836351237,1.08425064442304,1.08544656713188,1.02192185527758,0.988676393240179,0.987686817685917,0.933128630375179,0.951649022455774,0.95368929527914,0.963592595816978,0.934386281162953,0.934272718280585,0.920981597056614,0.915224016244285,0.906830734666765,0.906037351415173,0.946516481992859,1.19297652666915,1.19387082808353,1.2352319234652,1.30122195530001,1.38463446800224,1.38133743666862,1.44372073759352,1.43895996424796,1.43795210679206,1.39564691166496,1.36358256754413,1.36179525377048,1.34456208033891,1.36046555672736,1.35896333310036,1.35851375972042,1.36693363081695,1.37248371029575,1.3725305609625,1.35197482996511,1.25228251621138,1.23896037814201,1.23601003086217,1.28107782069581,1.36385920992026,1.36774841901445,1.36282702351669,1.30566945510558,1.30352727834134,1.2702912376732,1.23527050691283,1.23379074757956,1.24586895302252,1.24501517281883,1.24844815230922,1.24625691138231,1.22801378060788,1.23510842046805,1.23840532037331,1.22423248569184,1.21472962838257,1.22474828171621,1.21770973166533,1.23510179179738,1.18731141633727,1.18730970257269,1.1229035688015,1.04281525983705,1.0323919692494,1.02401298270239,1.06371263083146,1.09347240095466,1.09314340468032,1.12269078661088,1.15603184167993,1.1483350925866,1.17822543843324,1.17260142695202,1.1933893818268,1.1928246107423,1.20063968827995,1.22121926037682,1.22180812839787,1.22100045042616,1.23112925716913,1.23150210390183,1.22342984218446,1.22863001222761,1.19034040151061,1.18698244873827,1.14782644269914,1.1725343631727,1.17260712903949,1.15296256864854,1.09727526694033,1.09607538457803,1.03381135148122,0.978652584068007,0.952534217269085,0.948803960639535,0.978884339262515,1.00442812123433,1.00375227756158,1.01077628630146,1.01902268259382,1.02811703065051,1.02811703065051,1.05779018553413,1.0675490092684,1.06716669591067,1.03623800530612,1.02574773850705,1.02493713371782,1.06219066415128,1.14734220013983,1.18874597435532,1.18909057962585,1.20524169700016
1,17,1.03671856839547,0.905701202599447,0.844529001316073,0.874024766311449,0.875559434060259,0.945870292476623,0.981584294644708,0.981267820526824,1.00683475392819,1.02510856379252,1.03430531615623,1.0355384806073,1.04747557626618,1.05541639676671,1.05517470716491,1.06390208337164,1.07565243489808,1.07560521340594,1.07973109331145,1.08086234805314,1.08048996311114,1.14614664987395,1.15503089758074,1.16080528890695,1.16019244038472,1.20677559496759,1.26464735240431,1.26710493875464,1.27304509380408,1.25739737674385,1.21979619434805,1.21918158574635,1.199325624216,1.1820866934056,1.18158321780123,1.19336931450838,1.16809113505123,1.14044980150442,1.1368894878876,1.14226348742337,1.1521776450293,1.15203424953938,1.16473810084042,1.16909490814438,1.16902107625319,1.18416421541217,1.18805387972092,1.2016056572942,1.20088554213891,1.19589834653728,1.20648674175191,1.21125903024647,1.20238130253238,1.21438469916396,1.21453938859589,1.20372375653433,1.20729318848207,1.07406564759827,1.07227165561463,0.935881292934664,0.86778384856915,0.867191263239264,0.867808668544905,0.878547784458149,0.878271423962097,0.89615047186198,0.941146971266287,0.969588351275883,0.969708663736246,0.994907890909661,1.01792134077943,1.01770797361701,1.03871099385263,1.05239532802533,1.05816228366628,1.05535951839916,1.06263958628736,1.07145819102178,1.07033195929197,1.02703110550473,1.01840243498616,1.01795819296324,0.942998637128147,0.932216437903365,0.900469922361528,0.900233631624491,0.871398905933707,0.856439123070719,0.855738918006197,0.861463300275506,0.859845236961173,0.861286610066427,0.880409894269306,0.8907273132164,0.902477712886912,0.901276605655024,0.913316696176901,0.911769271163955,0.9114364543432,0.915085355504445,0.921833056239268,0.869696986572996,0.868237266262073,0.837919835436404,0.859322562942184,0.859392772372288,0.861257199496188,0.875209817003207,0.880020788529603,0.869595482342987,0.875742636845109,0.876968311992789,0.881805663147558,0.874566653175285,0.866104197013267,0.865552744092464,0.863887636507341,0.86789115457516,0.866955200786262
1,18,0.982902720848917,0.984726604149051,0.984789800571173,1.00774445581974,0.959325145423248,0.950295335691882,0.941917962034866,0.962918912928802,1.00312311929008,1.00312311929008,1.01486742826524,1.01309640688411,1.01390919280305,1.02453487012544,1.02900841107848,1.02905028821943,1.03226920226669,1.03399113866671,1.02840588564302,1.02905292026686,0.993940087375402,1.06241662818364,1.06241662818364,1.06073872048631,1.06735712492151,1.06850471189692,1.1225390008025,1.15615892308969,1.15873166652831,1.15659346150508,1.15549754480578,1.14097243328253,1.14179618740411,1.14221443253142,1.144312341575,1.16033476870601,1.16146509895349,1.15902714040611,1.16669463152552,1.15973027141172,1.16718208890841,1.14731493700023,1.14638650183849,1.1618457576916,1.15623527936646,1.17473190715651,1.1752096563612,1.20216025787902,1.21315408668382,1.21315408668382,1.22665280288442,1.2020779206625,1.20752347666222,1.15929404516694,1.12543703387668,1.08870409987006,1.08771749340976,1.11118637714857,1.15148065090816,1.15284173454475,1.19277796490761,1.20234641855058,1.19969906011244,1.20178849024613,1.21331654992886,1.21475108281833,1.21475108281833,1.22177046183931,1.22209040229952,1.21840446137079,1.22392168165576,1.22294804909022,1.18326285616115,1.18228770657714,1.06808944263539,0.974935214951063,0.969495434692283,0.84410037393592,0.856820732644162,0.851936981610615,0.877441220383917,0.915101782352151,0.931591483644844,0.93044834403674,0.939779954424863,0.95045868573709,0.955584436699063,0.974488610895468,0.99608676910035,0.994414902977522,0.994272974106585,1.02764543538281,1.05948822145206,1.05903120677081,1.07809266755012,1.07673069766278,1.07575312491653,1.08332187246921,1.10728508353641,1.1352323578701,1.12579362640755,1.16164532799092,1.18184554087481,1.18184554087481,1.18158953585105,1.18785739986383,1.1767070711797,1.1771284316978,1.17577554671871,1.1689137134418,1.17223087985542,1.14893237088697,1.10518206966198,1.10342363862418,1.10881579776494,1.08334150873144,1.08334150873144,1.16908930277353,1.22264354762702
1,19,0.933226291723711,0.959531628460865,0.959623876600546,1.0026723432312,1.01992895271947,1.01786892420827,1.01889296427038,1.01934533232728,1.03174790106555,1.03295496641959,1.05036080229979,1.05694046821082,1.04434748175063,1.04570903486108,1.02630784889989,0.970845351008866,0.972969603938477,0.917201585773189,0.919524642230378,0.914163369757614,0.962501998790497,1.03850131091699,1.04336073937925,1.04311358173675,1.12191363041694,1.20929627199639,1.20977882371741,1.2416397688229,1.26553855439145,1.26553855439145,1.29489094430042,1.29373794793619,1.16725171417846,1.16488745364106,1.09215971210577,1.08156971058469,1.08236867063166,1.08307473265492,1.05956035230248,1.05831081237031,1.01388167877573,1.01719407548737,1.02253866904255,1.02236664229691,1.00903672981058,1.00713581412264,1.01078949417758,1.00545132030714,1.00045765415472,1.00045765415472,1.00824506824488,1.02406005708959,1.02609901955996,1.02732217161295,1.04219892650901,1.04688639170875,1.04456882000302,1.03864748245759,1.04016055979494,1.0489489939424,1.0489489939424,1.06492225838185,1.0520586061048,1.05262742138938,1.04701191512213,1.05326136479623,1.04672861821775,1.04706909028471,1.06421164909957,1.09382087356749,1.08838205269298,1.12321915940785,1.13919852018095,1.13692232210435,1.10171553996196,1.05248562433423,1.05001177347908,1.06118442428301,1.10079612120829,1.10548269930084,1.10548269930084,1.09852757413167,1.0841548171452,1.08438972957953,1.08713694192902,1.06888744393423,1.0704452004295,1.07024138836883,1.06606941293561,1.07548085936616,1.06405618519394,1.08052480712886,1.03396589588044,1.03542844598886,0.972683411403024,0.967606597535501,0.921393003723272,0.920504145670408,0.913696514051302,0.976693801852843,0.98633759773002,1.05693832060373,1.07662614760883,1.0936873641032,1.08943547184125,1.11243730234649,1.1178423051816,1.1178423051816,1.12688773716864,1.07731213311048,1.07788689544615,0.920414433666429,0.870481201495442,0.828900110308275,0.827851681898574,0.834675180082928,0.861355649625272,0.855707658673698,0.882602591908141
1,20,1.24868098018045,1.14214701615431,1.13945235836589,0.999259227439445,0.901960005154058,0.923296994052605,0.916590360477546,0.972453666332116,0.980124723014757,0.978661540548179,0.966617724447205,0.959351342891592,0.961831499312294,0.97247420087927,0.958556330368721,0.978611055632378,0.984677251757463,0.994262362313571,1.02099136067815,1.01919256567926,0.976815727255693,1.03039654743806,1.03152757475153,1.05820455848544,1.07323506723964,1.07479903606393,1.07580467866513,1.07949682083692,1.05067186490607,1.04886807575693,1.00809927502102,0.992609018102318,1.0520029410974,1.05414522157591,1.10613936898267,1.16628947789259,1.16137628159265,1.19333517558344,1.21955176687981,1.22460728712123,1.22460728712123,1.24338430093693,1.24549205134433,1.2359609375297,1.24788105577451,1.26322177683678,1.25284762671174,1.26812123383139,1.23032431986139,1.22810759686749,1.15650310734953,1.07307707377311,1.07250665980362,1.01771520762141,1.03246287563489,1.04620217566957,1.04619771551195,1.06893699139192,1.07392186125087,1.07534172609267,1.07454846598155,1.08508311685592,1.0844116506481,1.08296497981608,1.10137231072752,1.13729213033873,1.14051277243721,1.10666949299176,1.04014170114285,NaN,NaN,NaN,NaN,NaN,NaN,1.03781903993418,1.13273522011182,1.13275994868257,1.21045901961654,1.22620085518326,1.22589483229509,1.25726375357867,1.27568254159065,1.2749273108899,1.29842613889383,1.3015038223445,1.3015038223445,1.30369749971311,1.31143312109834,1.32220918002771,1.32225930128517,1.29031771473405,1.10831218417009,1.08221568507476,0.939132223718014,0.798817530490291,0.762234737053175,0.762031823845383,0.788346687357597,0.824771756019806,0.823972788439275,0.829030126420198,0.844714515243187,0.83241098400805,0.833155030936644,0.83080921834404,0.835742411248633,0.834550271852316,0.862799313291132,0.886562639561841,0.886037118719786,0.896822553455785,0.90714690076385,0.942531823720743,0.940623522647852,1.01033154776942,1.03300365986222,1.03382942449276,1.02530135708513
1,21,1.39489723507931,1.3765049137258,1.24661324455311,1.246599334884,1.21872986907898,0.821188191173612,0.832644290017118,0.832819947910441,0.868137672676907,0.888358207100826,0.889317561486713,0.905421291389986,0.911149502121237,0.920504984367566,0.918866762030771,0.91176905635067,0.935574777389342,0.934605338797622,0.946297819865993,0.957740254604196,0.955410261960663,1.2781904963277,1.47800104013126,1.47802033664925,1.55828299427131,1.66117041194088,1.75692295004127,1.75268893160481,1.81300111941099,1.83940143490061,1.83657624967465,1.8264774490358,1.79807376866636,1.79883600214537,1.79506340637014,1.79692018890232,1.80437684874513,1.80296129369047,1.82357334190966,1.86647578035582,1.86332298504618,1.8945839238861,1.89225908642538,1.89612081674297,1.8958920630213,1.93038051196391,1.94791332849055,1.94720865024848,1.95313683834659,1.93919028868095,1.72730358703644,1.7217307889692,1.70229353089713,1.63162443177271,1.63297697791074,1.70856848978107,1.76081729188859,1.7607101092959,1.78436435388446,1.78849566512417,1.78888713260054,1.81550453469859,1.8082459159129,1.82144858106362,1.82191249703129,1.73949455442503,1.66207975341206,1.66125739029426,1.70745669428994,1.71229430398548,1.74216143792245,1.74688749917626,1.76148877301187,1.74464157236501,1.74220840726459,1.74544775779433,1.73966595512064,1.74662695106312,1.74721916326624,1.73059289145815,1.48382884573908,1.48309846854724,1.51590294102196,1.50615929138133,1.50531544744346,1.5422225252797,1.49138224153815,1.50173741619755,1.49980681331858,1.5058371669116,1.5457884026717,1.5457036951642,1.55059059412344,1.48670894003398,1.48890230637098,1.50502515782549,1.5103720290978,1.54552001515482,1.5452217264659,1.5773819627884,1.57634642452404,1.57749079387537,1.61646730969901,1.59579749977981,1.59766748427406,1.59768580141327,1.35000477393333,1.28037205253337,1.28055796219709,1.37525584061112,1.43420709178464,1.43433009522726,1.49404866042735,1.51244569259818,1.5246013865151,1.52043065063618,1.53127465494261,1.53891324315698,1.53804797936857
1,22,1.04569970858445,1.01041833127154,0.971091020996017,0.970660548172467,0.998435189773654,0.999830518906355,0.999948262924307,0.997470471411369,1.00431589665743,1.0059763170289,1.00011476364077,0.998700625281359,0.991825763894502,0.992051681035921,0.998633786844768,1.0018781557625,1.00334234397765,1.00306602295753,1.00654059087853,1.00948648446911,1.00899786612121,1.05501893604079,1.06317446340688,1.0636772510623,1.10525095768408,1.13863411494727,1.14027506947595,1.1506980578981,1.15897856736812,1.13602327471554,1.14094550361292,1.12268036505415,1.1148112158208,1.11556243491206,1.10401599161797,1.07300598653213,1.06795378466182,1.06913454492836,1.08328595072903,1.07420220654076,1.07164671918916,1.05887791185208,1.05121128531255,1.04864957482908,1.046347702803,1.04646531955863,1.04352734509793,1.04440164819779,1.04624070409367,1.05207971298409,1.04860591237501,1.05926010693,1.06520404059244,1.06771168220631,1.06631824533457,1.04824173370634,0.989235308978288,0.987013366620581,0.998149462139369,0.975211858234449,0.974689936704417,0.940796848988921,0.936768838075341,0.962534596902296,0.960489935510168,0.947454549864534,0.962993913646649,0.963107183376386,0.980120192967677,0.989018118220372,0.989200946684713,0.998724325339552,0.995966783876797,0.998225621601318,1.00058940605761,1.00626579152608,1.00753979140402,1.00851147966588,1.00478218085111,1.02081299059357,1.02929626964377,1.02883364835612,0.981595837850705,0.992142070121354,0.992040640941334,1.01775253169102,1.0605887401747,1.06052661640999,1.08097368946911,1.07735787704575,1.0845125042023,1.08406517620363,1.07726383208698,1.071048965709,1.07145203947862,1.07136737911113,1.07418987740313,1.07344453521533,1.08221486391005,1.08184418931865,1.08464861306482,1.08466783612802,1.08525931218376,1.06974375304469,1.06894915716527,1.0644454817774,1.09996943719401,1.15840161976682,1.15851914345716,1.13715422893838,1.15164560359919,1.15205519270071,1.23127599679507,1.24057041474201,1.2405681576332,1.28449238623167,1.3073174598064,1.30660103020992,1.30466845504193
1,23,0.965384304616489,0.940164944526607,0.93802170513741,0.897493826727829,0.930001807331265,0.929508064078557,0.956428575539433,0.974245859905396,0.984055871056101,0.984422981797061,0.998789240178634,1.00325619583276,1.00245692762433,1.06676114128823,1.08879648244482,1.08871980760825,1.11826179915599,1.13725258819154,0.995977876959314,0.996960680751829,0.959341529931927,0.955491844857692,0.954808397915187,0.94002153026978,0.948385532724994,0.94789048863433,0.951683577246649,0.946060173341603,0.937304520765833,0.939848124034671,0.943498387219857,0.937651029454926,0.936922262994428,0.931556287457535,0.922653058475511,0.922953403226642,0.922910273089321,0.922666643816242,0.918737268408613,0.916992019904321,0.912583316875214,0.914560989504176,0.912452588942597,0.908391279036392,0.906529359483523,0.912490498292871,0.913010281304542,0.911677840766663,0.923680114465348,0.923951045645059,0.931574626722491,0.929409942381284,0.926033626419259,0.920633401404705,0.940788198934889,0.952524121886852,0.953031500069881,0.947466851166571,0.93225552413207,0.9335285296246,0.910325596049825,0.874680501548295,0.876047024977661,0.889134347562916,0.896836917640011,0.907548372493212,0.907125558242552,0.913845317952959,0.919220360048623,0.919084890419188,0.925219185036514,0.92557987768072,0.925366863649418,0.931125949212251,0.930508093088807,0.934061040666876,0.934358156517462,0.927132191821658,0.94389135681654,0.943168652963085,0.959325440097084,0.959266208218367,0.966813610496761,0.968739507875094,0.96926292233544,0.967911472722568,0.966688851310486,0.980823360805845,0.978912899789076,0.976718354127237,0.980584150508811,0.985417974094445,0.987090602245561,0.987206160760302,0.994579314779701,1.01426587633019,1.01275742685711,1.04818058036131,1.00000557114957,1.00129451142238,0.962813741659619,0.981196585299199,0.984352905509555,0.984053262593867,0.998810628472875,0.997211062707823,0.996144850964308,0.998827866900795,0.992407303807575,0.988350770745764,0.988026076065816,0.995807072542,1.00099985122604,1.00024286191379,1.00401468941259,1.00029541367792,1.00214586774335,1.00166946715368,0.943842373261417
1,24,0.962571783008252,0.884294636594339,0.882222965244358,0.892074255902284,0.928755787868242,0.928851771295827,1.00570133398294,1.03339744240238,1.04284304587061,1.04372818830454,1.05731628470111,1.05304035652118,1.05288648786543,1.03987385057337,1.04481754749104,1.04222270114936,1.04117193596767,1.03162880041289,1.03260082484416,1.03459429975842,1.03574130597808,1.04010988904074,1.04178628056623,1.02114450747832,1.0307771788138,1.04315450205209,1.04214752717216,1.04438488539839,1.04378004091118,1.05373542251136,1.03459787890432,1.03102770688033,1.0331978606524,1.0315188621222,1.03036630788255,1.03093250061586,1.03100802923624,1.03802034961631,0.974422890587675,0.97453808199558,0.942201654767166,0.928496133188517,0.95140742439844,0.950532604387056,0.955211903262334,0.963798879174621,0.96454482820264,0.980617564997705,0.981553845364637,0.981762023713882,0.981859912241147,0.98394535473841,0.981625118075128,0.983246580553605,0.98709655498751,0.999005515819701,0.997294098291693,0.988646535452852,0.986877876967719,0.991279921143923,0.985391950140579,0.991633361152909,0.996066859001002,0.996174537518055,0.999387829293604,0.96805026055099,0.967893526442992,0.973222293882566,1.00195885830452,1.00124406431823,1.01421417731647,1.03848228989695,1.04857038869837,1.05038831835851,1.07490072856948,1.08064091223746,1.07985338046514,1.09679122253716,1.10161375800507,1.0991922459349,1.0998287026203,1.09123961759074,1.08933108928066,1.08702075654752,1.08742259355884,1.08223968878391,1.08200632645237,1.0737710726548,1.07675319146866,1.07535583046516,1.07450765994841,1.07775932822281,1.08385273407586,1.08088028050964,1.09184527151058,1.10884073349412,1.1062064996554,1.10907758429693,1.11039841014239,0.99065893716699,0.990076831607662,0.939246991846531,0.818089306791016,0.814312567130192,0.82257517259474,0.822952294742508,0.839468028591347,0.838453074379848,0.872349036287903,0.895151189136506,0.894368254656166,0.901941861897749,0.887937057893426,0.887422095058909,0.871198372906264,0.881411684297987,0.893813342433751,0.891706264101046,0.905389952155209
1,25,0.984414058697166,1.00901008909008,1.01155731394328,1.01171872375992,1.00362275166717,1.00186216687591,1.00167611272291,0.996394465663972,0.999844652574972,0.987656491199226,0.984865973309835,0.986941334477322,0.990731276716209,0.990212221747172,1.00173693119838,0.999626139241445,1.00642194861663,1.00774912054885,1.02395822794955,1.02638730235051,1.02732020183559,1.03559474249564,1.03293491650294,1.03206852385002,1.02603804688724,1.03108148151128,1.04072113559322,1.04062674208676,1.04013817149175,1.03540635034744,1.0368296816784,1.03091308334841,1.04155424867891,1.03980659835263,1.02545728262346,1.03070427785833,1.04241616721284,1.04046454651537,1.04615819645521,1.0450959000154,1.04594876183198,1.03984481507362,1.03375144328265,1.03361358324503,1.03123632455545,1.03561398214133,1.03569452213306,1.03469029344594,1.02461163264015,1.02278234718758,1.02290486056456,1.02559274784769,1.02185437714965,1.03078141377089,1.03056953726378,1.04470846617638,1.07160269710253,1.0711422019908,1.06011543192439,1.07538221641445,1.02238325407442,1.02065134495069,1.07091752929712,1.10282248741588,1.10291987770936,1.10652925110282,1.12734932628054,1.12786251388076,1.13049365709964,1.13885594890573,1.134850908476,1.14022956304367,1.13438318023742,1.12211360436056,1.12186650992414,1.10747949505051,1.11414690967561,1.11427534063986,1.11201606049414,1.09916083861782,1.10462558199132,1.10467604763509,1.10937257590382,1.12351583248891,1.1229376442973,1.14172150725049,1.13844036554347,1.1378224052575,1.13818762014268,1.13146103785477,1.14004200619213,1.13995201558099,1.12908234589122,1.12386949160435,1.12381994949494,1.07626536179896,1.03537865969347,1.01270467914352,1.01325567087891,0.988712683646023,0.964948409715307,0.964407540398044,1.03894246345444,1.07768851263865,1.07799837580612,1.08618300163893,1.09860349118727,1.09449906489779,1.09767526861893,1.09976818079499,1.09679814941955,1.09674693981855,1.11050988425763,1.09481399149719,1.09383779402727,0.996412863447931,0.992029680416372,0.967558746005132,0.96633593273284
1,26,1.21154947983301,1.17296247968756,1.17255431784742,1.14761000638002,1.07336488432278,1.01550365726821,1.0145603972968,0.876566469962348,0.867560724268379,0.86755714720847,0.902648689084628,0.91246751281703,0.946160974825565,0.944662462913472,0.963294959519345,0.976987905886897,0.972416842580793,0.978208996301558,0.983362091995719,0.983430670925419,0.987554055806805,1.05476066710239,1.08332800819565,1.08392935661391,1.10987612379887,1.13630624968071,1.13673743006354,1.15864999427945,1.17399594286034,1.17437910456565,1.17998148901509,1.1672316863747,1.15785754341751,1.16088586336255,1.18219955463157,1.18562521665835,1.18701702893528,1.20436956542376,1.2099744455069,1.18578759070005,1.18554229978241,1.19612549650437,1.18668622471851,1.18524570447467,1.21816543469606,1.22982048771763,1.22641983616263,1.24401203038194,1.24513599984833,1.23609260127197,1.23693466572631,1.15151324193214,1.11472942257502,1.11152732311608,1.04562850255675,1.03158634987782,1.03295536965414,1.03631909088048,1.07385208130925,1.10610262153807,1.11103941784865,1.14372597107475,1.15894558671913,1.15894558671913,1.15555628704979,1.15801177281067,1.15803363129686,1.17713394107703,1.18411495677963,1.206920408119,1.20412918023909,1.20737946304179,1.18635944232026,1.18596474051702,1.11519450578691,1.06266910774309,1.01307201614624,1.00850508489971,1.00812371495309,0.987782343958837,0.990446350133138,1.00694593966806,1.02470235471535,1.02921533146123,1.02931749238559,1.03482787170966,1.03138583925139,1.03261760925297,1.06097012733397,1.08662044889281,1.08483071596934,1.05740803042232,1.08027212286842,1.06572339850438,1.06570990569561,1.08885088170498,1.10167607386192,1.09102462152336,1.09696454811733,1.09533298030667,1.09533298030667,1.09284346516191,1.08835101298573,1.09350873291053,1.09116896018368,1.10176730635325,1.11085235565188,1.11086658522695,1.1250955003126,1.14165190276866,1.14457885781277,1.15198577561876,1.15871127408995,1.1703481682282,1.1703481682282,1.158570047212,1.22662408209881,1.22522181188759,1.25385714794889
1,27,1.1629010870665,1.14726518533419,1.14726518533419,1.01556675659361,0.975813959779495,0.975812602513987,0.911616660720247,0.920762244056851,0.945752791761736,0.945752791761736,0.96945570568247,0.961743068025148,0.961437855194197,0.993870879270665,0.987391655070371,0.986762180302766,0.986762180302766,1.00128645252841,1.00278075870067,1.00205231688196,1.00301764005405,1.00699520377853,1.00687134128517,1.01110931714404,1.02557117008666,1.05778148886303,1.05770442237112,1.07330149489044,1.0688912554187,1.07141170640616,1.05814624637369,1.04823574034031,1.02513303512049,1.02850185938774,1.00417501691408,0.99251950903319,0.992221789451642,0.990626419699001,1.01355067205845,1.0080189319384,1.00591513569287,0.996507515953273,0.997247826118263,0.995490929102893,1.00830427295691,1.01732917672479,1.01633148795329,1.02570350747899,1.04369763370468,1.04215711538762,1.04357514051742,1.05097325958058,1.07041466010368,1.07159183024677,1.08514198337805,1.07915724731598,1.07748986933988,1.06949904595291,1.06841040892176,1.08797609848933,1.08797609848933,1.07813376735787,1.09225459404613,1.09121933896251,1.08676271496666,1.07951009301771,1.07964352543229,1.07395228228552,1.04621637186779,1.04007622526896,1.03851061129751,1.03906677839827,1.02621577737796,1.02583305600481,1.04332692345373,1.02579796901328,1.02579796901328,1.04312862718784,1.06601507950398,1.06627931158511,1.06705815586233,1.08383448055549,1.07803962237157,1.0778205991468,1.07971431846818,1.08480158104526,1.08308027748366,1.08456883686775,1.08076184964108,1.08284005746152,1.08903238143111,1.09701104805273,1.09541180208043,1.09441113966086,1.0866253189689,1.03943748940023,0.995939783398732,0.996476553929106,0.998536394417669,0.926566942329702,0.921701859179994,0.877725270777066,0.905815241002988,0.906815354525943,0.940597180412092,0.973818669802187,0.984027585761654,0.989480327792653,0.989805031308006,1.00177866602249,1.00127046131027,0.997012575749877,1.0004882106026,1.00183489618873,1.01290004718709,1.01059542708972,1.01038275645536,1.00986179357255,1.01795298264203
1,28,0.952573667273745,0.956038264584879,0.955885120816054,0.958955056635075,0.96971463466065,0.973980783401334,0.967127773002373,0.988114042032195,0.988108925090622,0.996191986642749,1.00276709267671,1.01630717820897,1.01630717820897,1.02455521316931,1.01190967747593,1.013230445967,1.05071608876858,1.07955681936403,1.07796005202082,1.1169820987827,1.12479853618981,1.1154420471652,1.11667826948425,1.10520628547839,1.12934657077397,1.13225408423931,1.14551021293127,1.16186075957545,1.16352669927922,1.15599096372561,1.14082912356311,1.14345665952184,1.14345665952184,1.12945626654984,1.1344719875659,1.13184637403727,1.13445197413128,1.15005942767496,1.16623544962432,1.16556610228353,1.18430965744164,1.18331385184324,1.18272726889633,1.18646305467308,1.19358245060161,1.18625377146946,1.18442319212861,1.18125819238663,1.1856200671149,1.18495428559159,1.18371146282112,1.1804262101264,1.17641866358512,1.18467837164897,1.17519029981805,1.18051693555057,1.18051693555057,1.18065350461468,1.1845339891562,1.18628820793524,1.12275565558354,1.08433971435366,1.08433971435366,0.967138488740278,0.95147220524159,0.954591656144765,0.954591656144765,1.00122718421112,1.0368476648342,1.03550889871209,1.05727881883563,1.06504453494475,1.08180966609346,1.08056091005742,1.082418988201,1.0850048534326,1.08679772550943,1.09593443452479,1.0951528284756,1.09551377918372,1.10590923759669,1.08078345230303,1.01646971342608,1.01646971342608,0.989793554752045,0.991181099021345,0.992004555894016,1.00874672591181,1.0358936686457,1.0357998668552,1.0908604792369,1.12509025210701,1.13248636230282,1.13165477199488,1.16144097699115,1.17106958851919,1.17204438968892,1.18771571715167,1.18482681697598,1.16816180360601,1.16726530446082,1.16467253944266,1.16753124778164,1.16254452862344,1.16253020005322,1.15319387227807,1.15157210406332,1.15797839565893,1.16780358914386,1.17006317466009,1.17149990920539,1.17403345473599,1.17437506852921,1.17485584571976,1.18178771608177,1.17233860417693,1.17239016612642,1.16597951228635,1.10367695989686
1,29,0.975034271906494,0.978330400670319,0.97989103286608,0.990633892818084,0.989825877430108,1.00167800252846,1.0030818182493,1.00403667375265,1.0052296964688,1.01215387116566,1.01262933317542,1.01112817492159,1.01259260329365,1.01049028934566,1.0116274194403,1.01277260213158,1.00088155036903,1.00020282842244,0.987779661044376,0.958328375301582,0.959659504020695,1.00026832280776,1.0634978707756,1.07214493555185,1.07143343686048,1.0646743364398,1.07731795685337,1.07554460677796,1.0777496592628,1.07540490013254,1.07086666095753,1.07112399432979,1.07815343917795,1.08110137429123,1.07890270773238,1.09545603277272,1.10247554960242,1.10151285936091,1.10390866574506,1.08614467492233,1.08365827558713,1.08023976051465,1.08875741415733,1.08980257037249,1.08681561718224,1.09984650374321,1.10995238461642,1.11829632798229,1.11663352552887,1.1179651266992,1.12958332777306,1.127449952942,1.09531138661097,1.07164683327447,1.0695197080923,1.06005609409574,1.07014000287917,1.0690741751997,1.0677674782772,1.07581855495686,1.08306404163769,1.08301036954948,1.07628004546277,1.07625610052811,1.07606472467004,1.08251605144064,1.0824153029672,1.07938289268343,1.07925712892193,1.03128922882341,1.03419948239375,1.03498614677251,1.05959035052914,1.05186762927365,1.08840066988751,1.08613819748339,1.13672316063185,1.15672005969867,1.15637865765166,1.17407123123292,1.23895426140875,1.23834155036659,1.2475470076507,1.25928091401743,1.2720498839799,1.27153388852118,1.27875934823214,1.29711354669848,1.29704094112751,1.32188005817906,1.35792315727168,1.35266195318133,1.39003209378399,1.3869075526777,1.37351042342633,1.37424932460616,1.36759279800575,NaN,NaN,NaN,NaN,NaN,NaN,1.11600221316192,1.13943510652028,1.13963503748865,1.17147376573134,1.18619393000979,1.1853961680805,1.19323105600811,1.19656826100592,1.19335291947606,1.19162607973734,1.19069345875783,1.19670035399934,1.19669538373739,1.19641310920719,1.18787128210951,1.15530044720292
1,30,NaN,NaN,NaN,NaN,NaN,NaN,NaN,NaN,NaN,NaN,NaN,NaN,NaN,NaN,NaN,NaN,NaN,NaN,NaN,NaN,NaN,NaN,NaN,NaN,NaN,NaN,NaN,NaN,NaN,NaN,NaN,NaN,NaN,NaN,NaN,NaN,NaN,NaN,NaN,NaN,NaN,NaN,NaN,NaN,NaN,NaN,NaN,NaN,NaN,NaN,NaN,NaN,NaN,NaN,NaN,NaN,NaN,NaN,NaN,NaN,NaN,NaN,NaN,NaN,NaN,NaN,NaN,NaN,NaN,NaN,NaN,NaN,NaN,NaN,NaN,NaN,NaN,NaN,NaN,NaN,NaN,NaN,NaN,NaN,NaN,NaN,NaN,NaN,NaN,NaN,NaN,NaN,NaN,NaN,NaN,NaN,NaN,NaN,NaN,NaN,NaN,NaN,NaN,NaN,NaN,NaN,NaN,NaN,NaN,NaN,NaN,NaN,NaN,NaN,NaN,NaN,NaN,NaN,NaN
1,31,1.00170530458996,0.968757950122902,0.927292587635035,0.932943726284242,0.932605111232994,0.978914417272116,1.00421301376303,1.00574481240671,1.01243571591187,1.01314763276954,1.01662175493164,1.01700121024557,1.01652606384114,1.02306817083238,1.0257703036881,1.02670277138659,1.02831468161008,1.03530887204653,1.03292589942957,1.03638936008328,1.04404594178924,1.04656051402688,1.06360337091926,1.06850993745826,1.08178755857146,1.08062072381691,1.12372036431217,1.14383072119231,1.14395072913242,1.14810225099417,1.13475970548073,1.13678518115108,1.13311696905332,1.12162102797106,1.12550923264961,1.12478576060058,1.10903054266375,1.11750730898321,1.11768654126173,1.09883668299579,1.06929694270714,1.07016860210394,1.07783214512572,1.07293532569903,1.07965318863138,1.08003023195067,1.08253159867325,1.08165505099951,1.08166175043774,1.08140222592971,1.05915455949538,1.02130833413303,1.01779242519644,0.994105786819225,0.989858655211114,0.989741680877076,0.998399176925294,1.00852792507249,1.00885856938024,1.02348790081572,1.03414842557146,1.03584436201199,1.03651010467594,1.01848656127962,0.899800144916588,0.903204738590279,0.854981502435033,0.880630623617668,0.880086598547385,0.938554816288038,0.972422940490559,0.992516604955938,0.992578102498963,0.996675991966843,0.99805710297323,0.997937174006455,1.00935850519931,1.00820177621687,1.00312331363699,1.00339071765872,1.00234047671431,0.995875348562764,0.994468338633867,0.999168656341341,1.00164437266529,1.00165736793654,1.00719461860628,1.01606332709141,0.994391947392819,0.99437251766315,0.924810809004072,0.878196995430474,0.879026749657209,0.840445217493219,0.834046159986741,0.808037037606231,0.805601825362393,0.836871104197265,0.874158935904195,0.874002806312524,0.893704458330744,0.898320198404936,0.898757263360452,0.906463555636334,0.924515544568188,0.925842876907791,0.928728153020947,0.937864514462149,0.946110946927781,0.944375305988649,0.956139685956846,0.958282450209877,0.958381287835015,0.975611780068329,0.976163531337307,0.927709619380498,0.927469080903065,0.848347412031743,0.841567324343573
1,32,1.00155705887546,1.00329496493326,1.00227823850541,0.999943696945814,0.999776927005168,1.00378024253604,0.998048673710351,0.998078509857409,1.00054133514613,1.0011183230582,1.00238991059253,1.00483806575176,0.999422721809274,1.00537987196521,1.00165351000562,1.00782031092192,0.99392868015273,0.992519419637656,0.983629538590054,1.00704938388409,1.04709547696862,1.04478478351725,1.06732004421453,1.08493300573604,1.08264389933614,1.07699823698626,1.07753014247708,1.08559123660232,1.08263419675858,1.09220978759888,1.08789674911452,1.08930047370781,1.08920166581567,1.08389209872781,1.08183791798811,1.09514961248657,1.09006166305606,1.10196696143092,1.10161434659554,1.10055270774352,1.08987040999395,1.09679763549447,1.10404002004848,1.10426353770046,1.10564029729638,1.10747065884448,1.10155317202716,1.10672494889371,1.10687646711537,1.11048178758108,1.11106754928467,1.11125792728051,1.10864287555981,1.11236461108693,1.11428150610238,1.11327847954658,1.11155721338351,1.10637203747972,1.10601267758559,1.10964605784369,1.11405375020777,1.1027610026798,1.10817801688934,1.11084272429654,1.0029515405842,1.00429028041883,0.972831089206636,0.934719776822976,0.935102823173786,0.946306715511492,0.993160916883197,0.994749281647086,0.990058195495128,1.03010099416392,1.03208045597452,1.03281770968284,1.03210019546059,1.04080307153883,1.04092211750539,1.03783868449249,0.90549089544426,0.880867186617896,0.881414008852732,0.922219352289068,0.944966987691368,0.945405850872967,0.962751861272803,0.957854423677768,0.968163952875817,0.97348134375682,0.973099970560967,0.975494883149576,0.975047612069121,0.976175931923553,0.978793863172776,0.980735006214101,0.980514886866432,0.986349024314673,0.986744102486935,0.987596718708817,0.989398241848112,0.996210402649296,0.995733759075943,0.982106313631851,0.925424058610241,0.925832910260737,0.86248990248856,0.876578544962338,0.881685687973565,0.880402835821896,0.892963708485097,0.908085630471469,0.907417555851224,0.918712825158565,0.918753774476255,0.919290019533738,0.916798273526473,0.908865895181608,0.904602771881528
1,33,0.990426397344272,0.990303141543715,0.991928598344084,1.00402985917918,1.00506312908538,1.00537526415777,1.00854297619299,1.01279411934727,1.01535155851927,1.01292548498089,1.01711191698498,1.01689442870015,1.01704177648314,1.01567250605904,1.01262332421458,1.01288266723429,1.00479175872938,0.933355800666001,0.932885292233606,0.890435701185865,0.888992171985724,0.924238834454761,0.924766574027303,0.928519366628061,0.912713341764968,0.912035637550756,0.904628550373095,0.944757369858884,0.944892310682915,0.944002595881674,0.95172634858583,0.941498552250447,0.939133518635671,0.949051248274041,0.951850466440968,0.951849049376957,0.960137366606629,0.967015278894147,0.966668337030569,0.970177984315642,0.973459673265045,0.973717673276465,0.975078550170824,0.974577431940571,0.968490915120406,0.968908828936268,0.972220941923517,0.997697675354093,0.997516432600712,0.99943410003682,1.00711094598843,1.00476779073212,1.00399407203734,0.994811358420821,0.994010576616322,0.993414237208234,0.999672568522506,0.997877906814336,0.998065045464591,0.998714385306318,0.991684044505336,1.00298306738666,1.00916501244095,1.01088441266854,1.01787713998592,1.02386704938869,1.02334060646168,1.06376570329412,1.07569893411664,1.07489344576804,1.07668692542043,1.0639446041171,1.06424417653771,1.02272064389888,1.00106308366106,0.954652010522144,0.955400801062812,0.944751106568406,0.945247424911155,0.944687125361698,0.945177387269411,0.935657579572897,0.934911457392702,0.940841585200432,0.937762705137664,0.939444925840814,0.938114111659511,0.940156519136366,0.935698582446406,0.93363036949188,0.9436148597833,0.941350005472712,0.940976997341481,0.93977552354864,0.954731431469744,0.968808489928057,0.968242624396359,0.983064588373884,0.966717047400695,0.96756755811546,0.942411545146285,0.918471834236165,0.912029860908586,0.909344552111035,0.912964425673761,0.916403791327917,0.915013105379883,0.930132817866443,0.940459965353864,0.940109542598495,0.951943276174006,0.955719262168714,0.952395216288525,0.951894006507902,0.956349022600782,0.956064419726302,0.955629865375813,0.951471688452895,0.959551019544187
1,34,1.1468376999872,1.14623731503999,1.15172978540001,1.12320350022405,1.12240974950251,1.04859440057782,0.990876392666769,0.989485923147853,0.934580963609043,0.905437761643316,0.933267973007317,0.933667051220619,0.939726531850941,0.948241895580458,0.948190164354059,0.944534732339679,0.929377891839252,0.931976768534055,0.931623499475047,0.927929824186227,0.991892153726859,0.991673160546782,0.99130240538567,0.968654575983667,0.977497495964805,0.978226760782347,0.993468608427699,0.998203481694657,0.997479729757649,0.995821089616118,1.00881025683383,1.00266785607709,1.01664808556266,1.01949787750505,1.01701135598538,1.03039356429442,1.07731125273489,1.08517163685224,1.08504851107605,1.09921392894714,1.10500189475821,1.10453325874691,1.10880078447735,1.11608963195071,1.11185333735914,1.11117477403919,1.10246996866803,1.10572212240005,1.1055580501661,1.09423196569377,1.10158002751571,1.10161357988215,1.09756524939806,1.11227562486672,1.03632952378796,1.03720092300349,1.02569000519503,1.00498053814541,1.00478923337419,0.945039506634229,0.970620387383857,1.02926219256824,1.02964890757107,1.09516894620384,1.12372010730569,1.12438294240683,1.15020089226284,1.18056702053963,1.17822584155449,1.17842422089534,1.18033800143593,1.18199167476296,1.17961799846119,1.18196233573227,1.18826689309982,1.1879999871418,1.17776522572253,1.1141886769892,1.11392735236871,1.07459241302202,1.02114533482705,1.03777603294856,1.03382188792949,1.04156111284354,1.04437277040174,1.0433297522733,1.04466813055069,1.06020392073418,1.0613544817389,1.0593722818596,1.06460800930161,1.02668538725594,1.026826340621,0.990544145685342,0.993964927771636,0.994716656754047,1.02623047657234,1.03494923206045,1.0336366535589,1.03178219368521,1.03409094063973,1.04907696480607,1.04870716171334,1.04669041757955,1.04553050892787,1.0428028368212,1.04724919499237,1.04817071498593,1.05592940339759,1.05464539888307,1.05594229758467,1.06962304865554,1.07017463542123,1.10560848073097,1.13832207064046,1.14002277957238,1.17420269614806,1.19825961579009,1.20824502949519
1,35,1.0839334725092,1.08689475748192,1.08809966809013,1.07463570291156,1.0700591646587,1.06981394500103,1.06928694677739,1.06702712068809,1.06640838766942,1.06793315348331,1.05125299045822,0.854035914905048,0.854148321487099,0.853829794600192,0.903296095126011,0.903834727434695,0.941455838781175,0.945317272825124,0.948736725111697,0.947574645468746,0.972431422399411,0.997925018140195,1.00011811066873,1.01665008642892,1.04290133664276,1.08330446440074,1.08128518189754,1.10723520456412,1.06908349660013,1.06959310694962,1.04834526702911,1.07008035646571,1.07079165562753,1.06864941165065,1.07253562776658,1.07238653115351,1.08106565396133,1.07691131550048,1.04442049157721,1.04336386632692,1.04540717988327,1.03357472358356,1.03233967497557,1.01992545724111,1.02448093631469,1.01933838439758,1.02246214842688,1.0228626884476,1.02985976422563,1.03201860070642,1.04701938774318,1.05516419133682,1.06833743972306,1.06865689993334,1.07088499474239,1.07005235009621,1.06882765242717,1.07216369445029,1.08018060404102,1.0795147083495,1.07933964781327,NaN,NaN,NaN,NaN,NaN,NaN,NaN,0.938589662591143,0.934439838141298,0.943066713658298,0.998331765730834,1.01926300384869,1.02091235512019,1.05413894952057,1.05928686831521,1.05965404314627,1.05531997471295,1.05153094812365,1.05035228182252,1.05056034352503,1.04975771782682,1.04922662901666,1.04174834395394,1.0502334546363,1.04995928604143,1.0498982368595,1.04770334040843,1.04645087197156,1.05123645203118,1.0511836998355,0.942719800531055,0.824322364289785,0.822978077839867,0.855687477427863,0.888787782364622,0.966620744758258,0.961715178066991,0.977740144456947,1.00391424067168,1.00025179688843,0.990625652748165,0.912322212034356,0.911374515150322,0.934965958448636,0.961325136842723,0.960540835612625,0.977983339806551,0.982075938741989,0.99347238672472,0.994353988861679,0.998756865023763,0.996604090827584,0.995584210697554,1.00974630405803,1.01231296712736,1.00751824985349,1.00623009804607,0.982446564839114
1,36,0.960263505507446,0.883200287200605,0.882801158304387,0.911202526940579,0.938893333433469,0.939556841774734,0.986534888051892,1.027631268172,1.03770834612066,1.03699330750847,1.04873075630546,1.04270885480436,1.03454901438177,1.03596204538091,1.04516438845257,1.04904947085698,1.04840604988539,1.04994558791006,1.04069836900826,1.04081651554435,1.06606878017309,1.14565371378771,1.14496673902111,1.17247040416313,1.22110391108541,1.28313899825467,1.28219974951456,1.26618634286825,1.23961861390095,1.23951046507373,1.25407895996916,1.25033222912796,1.2497470770403,1.25513420712009,1.24731955585991,1.2446440442189,1.24824975387741,1.23969729897175,1.22958746900719,1.23003647508771,1.22433795097838,1.20936935208038,1.20015038750945,1.20359984461953,1.19258526104178,1.18981723140304,1.19240161435687,1.19777417033084,1.15407789721461,1.15301258022058,1.09484873122421,1.04078418221758,1.01419843783761,1.01582941419621,1.02139581062754,1.06179540427548,1.06012636431276,1.07127664325995,1.10371253762098,1.09984545909478,1.10200986997257,1.11534704381843,1.1183710785568,1.11852095265253,1.13098366831374,1.12134822444756,1.12081350224942,1.12934862840641,1.13406593674814,1.13384724975508,1.14476138464666,1.13671715714674,1.14022992155621,1.14059779481913,1.14857682366361,1.15079296266088,1.15238071167447,1.16287292225422,1.16438990378205,1.16953323360159,1.16955072233114,1.16225925866435,1.16345182381843,1.16366916954822,1.16791679836542,1.16550597363765,1.1654874659551,1.17302029035458,1.19092051349028,1.18507986557072,1.18464171456531,1.1819150846875,1.19034119268104,1.19089033573222,1.22486636667592,1.20442057470282,1.23398174313421,1.23440361931053,1.23314830921126,1.24316028967659,1.24321822135023,1.25728751214635,1.26561866833419,1.26568570960012,1.27934235539779,1.27041777217599,1.26746698079752,1.24862084146005,1.25243399691699,1.25994154333829,1.25935450580147,1.26227936851154,1.2501264907665,1.25016569108465,1.24392133728097,1.23963850543098,1.23663884541344,1.23383651141605,1.23489903836167
1,37,0.959248812964621,0.905935983260265,0.956583691551687,0.955725988651676,1.00015162081656,1.0178530605652,1.0184747185058,1.01748983878442,1.01659247480212,1.01656228918616,1.01845194487015,1.01966869459904,1.01837634732015,1.01585871823152,1.01580957908953,1.01271642599123,1.01277293262686,1.0122053390829,1.00952153910012,1.00910671094801,1.01026214336092,1.00348579293884,1.00973879388977,1.00865806035765,1.01519806126124,1.0139322796075,1.01445124050325,1.01801570872376,1.02460237777179,1.02500795051431,1.0236070081776,1.00759774132297,1.01245309621459,1.01195750912486,1.01111369419255,1.00052336688252,1.00109613342799,1.00209245111301,0.997077162406865,0.999155728572958,1.00165804406744,0.999053449505425,1.0050404960331,1.00473805758435,1.00714176869973,1.00572841203983,1.00548298251131,1.00687598382598,1.00780217344419,1.01467575586384,1.01501381978478,1.03047676606009,1.03049205665104,1.03002821234772,1.02876643649094,1.04494365823829,1.04874927160773,1.05070167905184,1.06277930148096,1.07427657719847,1.0698639777278,1.08959663209228,NaN,NaN,NaN,NaN,NaN,NaN,0.876571436555291,0.916397307850661,0.91572234431626,0.943906728628884,0.955377746718076,0.955153012871494,0.972747804530381,0.970582837848724,0.979621021193495,0.979100461565774,0.98490112765762,0.982194044378077,0.980532442908815,0.979630481091589,0.978543825478464,0.976917464719081,0.970066994944115,0.97764247232254,1.0020689444463,1.00029427474097,1.01633198947092,1.02651899254095,1.0247937487624,1.02415461593524,NaN,NaN,NaN,NaN,NaN,NaN,NaN,0.590381149211115,0.631812048135537,0.63230391786366,0.638012553244036,0.642267339808971,0.642443530014893,0.642823993132384,0.653156193144945,0.650708620514593,0.656473748390504,0.668146326052428,0.678693196883886,0.679293703424691,0.691474448977619,0.703815083516505,0.698529913222315,0.703838340299761,0.714722336772421,0.714722336772421,0.723979089887505
1,38,1.10108300863258,1.09884274998987,1.098851677705,1.09975765963202,1.0855532213505,1.07409141233766,1.07409141233766,1.05983252661598,0.846042991242237,0.856576281337839,0.856589927900874,0.900161487693387,0.905565321839083,0.905639561334912,0.994727661181409,1.01294445979576,1.00823337371546,1.00532004684355,1.0160952185142,1.01570050263212,1.01113584251952,1.02001861216018,1.027561159426,1.02629258375942,1.02919818406488,1.03811425252587,1.04815024090747,1.04515605131898,1.0380869260916,1.02772347241869,1.02560278366058,1.02346408941105,1.0086722601969,1.00631046795145,0.998604407380654,0.990872556246206,1.00007309119414,1.00007309119414,1.00920524261464,0.980338432390096,0.96961282084056,0.945700135900314,0.949991176570651,0.947489504242701,0.949687489673039,0.960052201469585,0.977473847769483,0.979347614599013,0.987715633358235,0.96986597624199,0.968792890774089,0.979470889565156,0.973611035167623,0.97739450752426,0.97739450752426,0.970820840975671,0.976711873406284,0.977680071486397,0.982344058135572,0.978688032459006,0.96113248270204,0.960809571175528,0.854600822484908,0.770312708010091,0.77051631355422,0.777873212680117,0.77435848553494,0.773372365490268,0.826824781180973,0.87377794500825,0.891156448001804,0.891547211761591,0.90203050345809,0.913723729390974,0.91166395324916,0.923056966056126,0.92278802242855,0.924810464676133,0.935352319077817,0.938487826104067,0.94757083961058,0.94757083961058,0.955960818614491,0.953180208063358,0.951588488354855,0.961966527782426,0.967624950533981,0.97081237896208,0.97432406762747,0.988020752352396,1.03199191140874,1.03224678768328,1.06549514688829,1.07759262057979,1.07763795283821,1.11867455820755,1.13902385862637,1.13984316869056,1.1383425907612,1.13074461783365,1.12343762401213,1.12280799690576,1.12027844141004,1.12113628342404,1.12084601529009,1.11138334073927,1.10583490294553,1.09229656900814,1.09257310791086,1.09079087061409,1.09269111983585,1.09135229099291,1.08310398050216,1.0504870020988,1.05160089054184,1.03776414236921,1.03345331363325,1.051879174695,1.05122613377866
1,39,0.981946014987186,0.980142641850529,0.997224698563644,0.996938787515898,1.00823886955122,1.01146087757176,1.0088512888854,1.00761737315687,1.01671370934419,1.00801845376505,1.00613682066457,1.00219005543705,1.00173824203349,0.998150307025162,0.997035481595221,0.998253011280203,0.991934657813264,0.992784780532489,0.9946239284268,0.990869239376854,0.973202430494427,0.972721736861855,0.965766484097657,0.973513510865905,0.968638261540845,0.979799937909451,0.97951344317706,0.978145948844742,0.981492717077619,0.974939385140009,0.973484468627805,0.971682335700008,0.957018660505431,0.965400511841706,0.965440182282372,0.901387162934554,0.843074772564197,0.786956918936896,0.733078278026759,0.708911304257129,0.762653355742299,0.763542929151362,0.81158090431127,NaN,NaN,NaN,NaN,NaN,NaN,NaN,0.872046007388736,0.881154032496914,0.946335333928642,0.979275244033145,0.977034511524066,0.975667892257311,1.02867311835344,1.0285733134806,1.02740344783684,1.14180360190611,1.1572228219046,1.156448074299,1.15293926109507,1.13659062500455,1.1353689221547,1.16380354853977,1.16246643166706,1.14721522812397,1.14937155339731,1.13886399086948,1.15135146461662,1.15132804137113,1.13672806044151,1.1101542995748,1.10936278092869,1.1065882776019,1.09866975683773,1.091817116657,1.09592425327953,1.09468668704673,1.08555958722757,1.08555958722757,1.08483397757794,1.07680436432853,1.07504880001289,1.07333347536384,1.06085111631056,1.03465965187333,1.03676781413241,1.04107581829264,1.04774144353296,1.04661499516708,1.04909260039567,1.05548056928698,1.04529249168329,1.05071003017265,1.05087827822306,1.03320365506798,1.03248254527018,1.04078894701558,1.03670296168474,1.04311335937978,1.03797868663411,1.02936071070358,0.988313038317652,0.990350949767303,0.953627201571925,0.984133293389763,0.984105455455358,0.961358285850936,0.955201924133008,0.955465618224705,1.05396571053271,1.0568606874555,1.05759142356024,1.05759142356024,1.07257894992485,1.06184391402697,1.06154121954695
1,40,1.00717912418628,1.01013702749399,1.00990481637766,1.00576590708641,1.01074509709746,1.00414256479629,0.987851745038816,0.98669580965448,0.999232448502967,0.999219163993843,0.992194839598368,0.988023394985898,0.986024835873355,0.984206286090765,0.985293822177807,1.010216816192,1.01106075837398,1.00075872926047,1.02134681321915,1.02150710570091,1.02466165020746,1.02880654305747,1.02605085071786,1.02801636109074,1.04586911856106,1.0463275881557,1.0628662841527,1.06041070324972,1.06381759734737,1.06726534810929,1.05020320593249,1.04181103736447,1.04181103736447,1.03171851612057,1.01846809847581,1.00975333407445,1.00975333407445,1.01126829500301,1.00707122583969,1.00707122583969,0.993838320938928,0.98942102259683,0.978077217831138,0.974355950114027,0.963584093639335,0.975424307487467,0.974638314641613,0.972287843242658,0.975962696465753,0.976415242918729,0.993593008334814,0.973849901003308,0.968342756034728,0.968287930699366,0.981248964430025,0.987381058899374,0.987381058899374,0.973649797497972,0.980878319143797,0.981267189146626,0.984801593612822,0.979797639352591,0.982186672955244,0.981699278476153,0.99646696831522,1.0088697294112,1.00900240446802,1.01755309148878,1.01948129857348,1.02161957251909,1.02388617841977,1.00751217424913,0.997014035081567,0.999182938718058,1.00014634917416,0.994673885081133,0.995788778679594,0.991702624564543,0.98702703509742,0.977965687982716,0.978174663593331,0.961734287706109,0.941055302701298,0.939156255815986,0.965358892528955,0.987359921859197,0.98195922726982,0.982834932291508,0.975009199962065,0.978141510538139,0.98147682222249,0.988932473838036,0.990766563454362,0.991228834416679,0.990312900578262,0.99493903025448,0.994790578750503,0.993418330542971,0.98795585020269,0.987051011714992,0.985218560565973,0.981041502400447,0.976114294874568,0.976083522192885,0.963857266418366,0.913864073117158,0.930665502856048,0.930327246601643,0.956982754657364,0.97205357578231,0.971870570321181,0.981849946644377,0.976289733246725,0.97661706298549,0.97288970367796,0.970838984641409,0.964113918505396,0.964294918131736,0.959015881322112
2,11,0.975798325546419,0.976619785781364,0.987433550090012,0.988934077077547,0.982630570790181,0.990658782040565,0.990610790990592,0.996742928826085,0.996843763515769,0.994693688140266,0.994145419917946,0.991580855385603,1.00619061301652,1.00646810452774,1.02478087817612,1.02088054467875,1.01778771099597,1.01790215279546,1.03929745770711,1.10641415949937,1.10624630478451,1.11692296412723,1.17180083871151,1.17149131942503,1.17967591682274,1.16255153610606,1.1426253957357,1.13273284760825,1.1475139117843,1.13705384255089,1.13509787161067,1.11535145183371,1.09763987510841,1.09728277958234,1.09945794989499,1.14066417544002,1.14951358665267,1.14837098684528,1.14789381785886,1.14914572543012,1.14880514047257,1.14146372163204,1.12231759763291,1.11966288389188,1.12117743411353,1.1018405157522,1.08557172103822,1.08544476249194,1.09013139329228,1.09561880862351,1.09400091076426,1.08353203840434,1.0826516194393,1.08986065876955,1.09073722517532,1.08284015109437,1.079945200234,1.06943743736673,1.07176744783018,1.06667657021796,1.06637820428089,1.0631920177043,1.0666333005149,1.06126815845235,1.06100271841695,1.08804086695614,1.08428134289609,1.08362718146766,1.03464789084853,0.995804207437834,0.995575731183052,0.943514749108957,0.89569605868941,0.860370788853301,0.858444564552199,0.868716331061669,0.896692694286747,0.896455293380196,0.896824010164726,0.902482979495575,0.896767659026214,0.89546550151405,0.921425382924014,0.944896361415403,0.941749497918111,0.967519376710916,0.987522299916226,0.989774323669159,0.989170672796575,0.993636680778587,1.0007140390169,0.997806249296529,0.997340255337547,0.994128092029488,0.99180460678918,1.0044127119481,1.00640917760033,1.00702984840859,1.00989601667641,1.03354056236049,1.06337115885903,1.06282434276266,1.08127142616681,1.06953208943288,1.06865962655713,1.06637540710337,1.05847018063115,1.05435355171319,1.05412252644493,1.04746879840007,1.04660832384941,1.04652265693286,1.04750959028975,1.07816443546814,1.07816404101425,1.10489835722698,1.14873159464706,1.14906591380933,1.14926568540299
2,12,1.06421529404052,1.01129242742244,0.922445946170127,0.914235960969679,0.921304874488348,0.951715130766671,0.95057506772772,0.985872519622164,1.01583168623435,1.01538013492675,1.03948251164849,1.05391214668286,1.06264496331159,1.06156942269201,1.0410957611748,1.03458656804121,1.03425011336678,0.992815989992462,0.926773480721019,0.903210093338843,0.904390368494862,0.935905209441466,0.980355187659412,0.980615654939619,1.00760072283195,1.03286273632322,1.03307595977707,1.05562556985336,1.06071816260302,1.06216458095144,1.0618394835562,1.06337360772368,1.0545483581402,1.05366189092023,1.03797235283771,1.0398093886303,1.03903737249956,1.03517996118175,1.03719327797641,1.03282218856173,1.03426531139755,1.03135300584097,1.03230992408178,1.03182119249258,1.02716518109535,1.0014850738201,1.00104151593015,0.996635680441613,0.987488843422406,0.976643439710656,0.975304486849748,0.919397177689019,0.865100902443097,0.863949528481463,0.864152049311173,0.86510983655264,0.868843849572273,0.868015112915269,0.757537668167825,0.750293624459015,0.750725536016053,0.736639841664828,0.750694342645293,0.748298218205714,0.748132505354333,0.74047698900201,0.746422713651256,0.746642022129721,0.757970663278468,0.765350331954418,0.76504777963772,0.773035272833985,0.794164424301173,0.79487711909217,0.802540428860002,0.820191021066086,0.844415243759088,0.843952099671425,0.855112227111845,0.858859322991227,0.857970770599853,0.869786027468034,0.881583348733026,0.894880600107795,0.892377181132161,0.895068462884988,0.897072083407391,0.897037818402089,0.893039080057577,0.889361391103901,0.889048249637501,0.891664216427296,0.890968679233945,0.88948587019128,0.887778739575825,0.901710818586987,0.913826224702696,0.913622845439284,0.920678931560515,0.91071834237892,0.921421767011142,0.924761048510669,0.926665008820647,0.919020985848861,0.919493925424968,0.901320584655777,0.918731172695086,0.918378410338194,0.916182115348556,0.909000275278203,0.910359483346689,0.835426764242697,0.825229567141512,0.857671333283428,0.859196463964824,0.896628227634122,0.944280337606588,0.944473591629132,0.948930920301468
2,13,1.06710180976913,1.01693063382449,1.01688867611289,0.963267013819644,0.967609475230599,0.967284389776361,0.985786555393361,0.995717205413153,0.997507099761061,0.995371626062028,1.0033062757732,1.00513909766202,1.00634421138208,1.00729941568401,1.00799437961243,1.00501185613214,0.995705008115019,1.00155974353575,0.994175526940638,0.994626893368976,0.995683064159925,1.01349962325403,1.02187742716887,1.01839569931191,1.01421153304615,1.02425077184069,1.02284561757256,1.027986401732,1.02535287890231,1.02581192464902,1.01793903685088,1.01345763745849,1.01342395005442,1.00877108723441,1.00571444050171,0.995174227546885,0.994670319953336,0.999220490573946,0.997422022695457,0.999667531587601,0.993733575127353,0.988951232012446,0.982926873348428,0.982699608318904,0.979804991731907,0.971885376285674,0.960693136892374,0.954240943980052,0.947750078683872,0.94671002580673,0.954184321154179,0.956187283075612,0.966409417864257,0.961898570817407,0.962991899601807,0.966939107598159,0.9646648598147,0.962067871277251,0.961273048274385,0.957066982404132,0.958170129694046,0.953879548716627,0.948965807222266,0.948169096710383,0.955331236250842,0.95586862673641,0.956436290551262,0.964831959460035,0.969465748692909,0.969045200439278,1.03209293502326,1.09900065260247,1.13728830415537,1.135151507258,1.19396137700846,1.24773491093785,1.25156322498652,1.29561923118874,1.31820446351175,1.32034846586754,1.34465536132537,1.35395144724865,1.34163643351072,1.34150108033395,1.30574315290707,1.29754275786911,1.2889125020637,1.28922424362002,1.29533977535514,1.32292100834598,1.32263918515504,1.32897651237349,1.32407011704275,1.32348241496387,1.33440369983174,1.33188145996135,1.32407497234696,1.32517613403646,1.28195734215051,1.14233601974455,1.10145842641308,1.00458924257261,1.00137905498639,1.00143167802775,1.03159498926555,1.02967751159981,1.04011652882751,1.04011172019951,1.04393781015383,1.05921731366327,1.05873665453681,1.09327563886525,1.10456720105451,1.10491279334528,1.09811615635391,1.00606590477462,0.926340136843574,0.926427736958663,0.93287851116066
2,14,1.06011471665748,1.07438239993844,1.07430797712992,1.0625466460789,0.997031329855955,0.996876176784071,0.933714100887999,0.897342713696599,0.89754568296259,0.936790415839226,0.977371538262388,0.992682312987701,0.991812123978279,1.00366849669599,1.01447109157482,1.01457028273931,1.01940258058661,1.0279728969807,1.02739651636302,1.02702684516689,1.0427988490312,1.10391018890244,1.10394063041288,1.12982050201413,1.12710005706694,1.12442127892207,1.13339887492385,1.14640692646205,1.14258556353628,1.137294737958,1.12947405625683,1.12073156796626,1.11927889265816,1.10824150552838,1.10810047966908,1.10803592824171,1.09595593527758,1.06236241320763,1.02455960000353,1.0232802290217,0.993236466879472,0.984797137873228,0.982176648060447,0.977559220106053,0.973545344000981,0.971435067182359,0.976257094874635,0.972186771853014,0.978003519524476,0.97715048716061,0.978441984682119,0.966107095297765,0.963736075501202,0.91916651234999,0.972441785244151,0.976262881268117,0.975496312088883,0.990600642757876,0.985062825071392,0.984717664796957,0.981779476912848,0.983477689760296,0.980927113657966,0.982961541320682,0.985702916166642,0.976549141391802,0.977246541649676,0.954284288409809,0.961445791148998,0.961715328764107,1.08245128233951,1.15458457163317,1.1772178123252,1.17884785866434,1.20190945358402,1.22093860273438,1.22257102038748,1.2268289171302,1.22303164472113,1.22307471188693,1.21588409028137,1.2155662305963,1.18999659947014,1.19088340143812,1.18195813987653,1.17303287831495,1.16410761675337,1.15518235519179,1.16071440454873,1.16078814831183,1.18986205335862,1.20814621438338,1.23155335446129,1.22937190387748,1.22818124503319,1.18009694632502,1.13201264761685,1.08392834890868,1.03584405020052,1.04355073762153,1.04397240258423,1.04642237398857,1.04158698905761,1.04068746002065,1.05119542180642,1.05741424707425,1.05725529925219,1.06190155336761,1.04940673297958,1.04424854330996,1.03619405214787,1.04371833882199,1.03814369752896,1.03767660419496,1.04952967148741,1.04216772216788,1.04200715447348,1.03806782921109,1.0432735344403
2,15,0.989192834225038,0.986491738405494,0.981706611284655,0.981441594564045,0.979372388965082,0.966784700667097,0.982672898346071,0.980430098710742,0.980034910051018,0.999287164651631,0.998927342696333,1.00106906232571,0.998692404885727,0.998632647642446,1.00995674849607,1.02962976441488,1.04675216907343,1.04556801484315,1.04335690575138,1.03166274722265,1.0368163501768,1.03316900328686,1.05246838431581,1.03921055317444,1.03974419233325,1.03343344237894,1.03542934960846,1.03551594583699,1.03414139917508,1.02711433855079,1.01726202054471,1.01757683338868,1.00792150579303,1.00666292733854,1.00518579608698,1.00442077078389,0.999843687669072,0.999706994781778,1.00674309956701,0.998390761560274,1.00922683659489,1.00556607171302,1.00179703135684,0.997342948883284,0.990778180374791,0.992854365696421,0.996504497608216,0.993768105147891,1.00586681785117,1.0051223343804,1.00889426274935,1.00630013234121,1.01143379131231,1.01296419621899,1.01187233695597,1.00655589899432,1.00435263922962,1.00507879919383,1.00521720539204,1.00987119897069,1.0033090870343,1.0023734360699,1.00160999526096,1.00724604644235,1.00728722920595,0.998442218842402,0.997977212444912,0.99379308689436,0.99135950768719,1.02239641871137,1.03230550870399,1.02786860811966,1.03284761714258,1.0376809461438,1.04493857254285,1.04710980530472,1.03704715982038,1.03460790214529,1.03443770524833,1.02961214113577,1.02158361896977,1.02175557685917,1.02600740197686,1.02111913051259,1.02077076026469,1.02269501017993,1.01580220704289,1.01599982261957,1.01705832179933,1.00774696849862,1.01972649333529,1.02039636988881,1.01091295888468,1.00572409699467,1.02815680325384,1.02563026950739,1.02159446918535,1.01952455246836,1.02020147187953,1.01614724176738,1.01857139472533,1.01692284349001,1.02170861986091,1.01244845561368,1.01012846816442,1.00907881583569,1.00134639690079,1.00057892261907,0.998623010909399,0.999949504534318,1.00104116722177,1.00079664195757,1.01369336094157,1.01290167902047,1.01894189881227,1.01879928691474,1.03118118590588,1.03838390369362,1.03783354102558
2,16,NaN,NaN,NaN,NaN,NaN,NaN,NaN,NaN,NaN,NaN,NaN,NaN,NaN,NaN,NaN,NaN,NaN,NaN,NaN,NaN,NaN,NaN,NaN,NaN,NaN,NaN,NaN,NaN,NaN,NaN,NaN,NaN,NaN,NaN,NaN,NaN,NaN,NaN,NaN,NaN,NaN,NaN,NaN,NaN,NaN,NaN,NaN,NaN,NaN,NaN,NaN,NaN,NaN,NaN,NaN,NaN,NaN,NaN,NaN,NaN,NaN,NaN,NaN,NaN,NaN,NaN,NaN,NaN,NaN,NaN,NaN,NaN,NaN,NaN,NaN,NaN,NaN,NaN,NaN,NaN,NaN,NaN,NaN,NaN,NaN,NaN,NaN,NaN,NaN,NaN,NaN,NaN,NaN,NaN,NaN,NaN,NaN,NaN,NaN,NaN,NaN,NaN,NaN,NaN,NaN,NaN,NaN,NaN,NaN,NaN,NaN,NaN,NaN,NaN,NaN,NaN,NaN,NaN,NaN
2,17,1.00994259211371,1.03451415998171,1.02703269645254,1.02745574967087,0.990939732622107,0.985030464905457,0.984213034846036,0.988596976605116,1.00551098927106,1.00929483398162,1.00413336663335,0.988808562028285,0.979425626140992,0.97628174735745,0.988569395619014,0.998862226483163,0.999769782583845,1.00157579787408,1.0000422648296,0.999261138117277,0.996141272996866,1.01079616442966,1.04414700612957,1.04341988236779,1.03133400634295,1.04772420286731,1.04781222807746,1.07218878125842,1.07792195861113,1.07234077381906,1.07118641305315,1.06876279944916,1.0623940519498,1.06234625029393,1.04601588319029,1.03876370929085,1.03523651877129,1.03326077796435,1.03703408385222,1.02931349051148,1.02969521230138,1.02810158726482,1.02001988530891,1.01536219280567,1.00659637583107,1.01760691792901,1.01427175241366,1.01229206119897,1.01279872459238,1.01269254443394,1.01239487629218,1.01559220270737,1.01614025544545,1.01495395594392,1.01819309326987,1.02532008516675,1.03071260653507,1.03036493221262,1.01555478955143,1.00060906347231,1.00222927421906,0.991327379080802,0.989276953903408,0.98873469297376,0.995296130603271,0.993572053286614,1.00250837332942,1.00025777772844,0.986428060070508,0.999759820330134,0.999389700160585,1.03050914931389,1.02246817867901,1.01766983384421,1.01834596686069,1.0170636305189,1.01756344345342,1.0206541370145,1.00555318717744,1.00708343756421,1.00362877175582,1.00453359673877,1.00369469306743,1.0239365581627,1.02397692501941,1.03470693836876,1.04678852091414,1.04650016902587,1.08119629912975,1.10150800835684,1.10137929923755,1.11468479405316,1.10884511843285,1.09976678932756,1.09950386076417,1.09408248424192,1.09209604029506,1.09221538804696,1.09082664618373,1.09675110974146,1.07651554647097,1.0753091647972,1.09511992450218,1.07658276448815,1.0735607695299,1.09846008623664,1.10563894259217,1.10557151484885,1.10853990453239,1.10442077215304,1.10094154242736,1.10261823554011,1.09946795459356,1.09086858514522,1.09104294829563,1.09095922742163,1.0844217117847,1.08377200425045,1.0860943068168
2,18,1.0165783820575,1.02291264556673,1.01905749127816,1.02031976414711,1.01931953783513,1.00906275399226,0.994820745299653,0.993588877242022,0.993924339348357,0.993281957045098,0.992144964758456,0.993328805710914,0.998047586470721,0.995627712710651,0.993907515782464,0.990833057189008,0.985456862094228,0.985204478494953,0.98258252297659,0.982426142331918,0.982118762375856,0.983157554024485,0.993767314931657,1.00291593727929,1.00301342473049,1.02301493214545,1.0267521812562,1.02687130402805,1.02419307491643,1.01970812374681,1.01993564541051,1.00175928015436,0.998273750053006,0.99105211280622,0.990694567026634,0.989659395919207,0.977499758976828,0.97710080941611,0.984365545441667,0.988092945125657,0.987198723125609,0.993811054381052,0.996420818816847,0.971667384240013,0.971478481151378,0.960111569709024,0.964858581086732,0.964747422715502,0.96041976928762,0.956989157885446,0.954654262261578,0.953661538857243,0.961457320998002,0.960701816505656,0.960557573447118,0.96235293410812,0.966573434068996,0.961432443409604,0.962471870962341,0.96098348649847,0.961410439045766,0.959424627942702,0.963131658381643,0.955845529891426,0.956284617149015,0.959539370451208,0.955153441315894,0.954777648312403,0.964357193681214,0.953519204251878,NaN,NaN,NaN,NaN,NaN,NaN,NaN,0.868062119874729,0.868841792107472,0.874633781205922,0.874795028834744,0.874668406583686,0.875864974579585,0.877692805401536,0.877407071118922,0.878003638164991,0.888526519087889,0.889248508751977,0.892956325717668,0.888885915662188,0.884176314616128,0.884635466681736,0.883169114491371,0.884612399108554,0.904142198597087,0.904598693672731,0.902842011195102,0.902534194420588,0.903127937127202,0.899907124923104,0.918656461495598,0.918973596694536,0.939271989872698,0.946007048680603,0.946258269092138,0.967579945063128,0.981978617069106,0.993684125037916,0.995528592182411,0.986636255179476,0.985189249544106,0.986264378419127,0.992010938326253,0.996292468498266,0.991214922396685,0.991231819758259,0.988875595735138,0.985808889135192,0.98576547804642
2,19,0.982215594055221,0.98798225070911,0.986366449391278,0.986060381355178,0.992796359606469,0.989514717800886,0.986105611247062,0.986530352298668,0.986665450600386,0.989224388707526,0.989053089642673,0.99856732568911,1.00318632799645,1.0084023644154,1.00971998426108,1.00815072795324,1.03220841319924,1.03185431163301,1.04539589943802,1.03996168208053,1.03901582192109,1.04638810680565,1.05043013883935,1.05565788619268,1.05561814143131,1.05906746113811,1.06101928305846,1.06076035961889,1.0645433439176,1.05339999770194,1.05217458153285,1.04360323875433,1.04154657263011,1.04344178903651,1.03857261127378,1.04125350891972,1.03802182732996,1.03881950569214,1.02598639079418,1.03297105259822,1.02914534334074,1.0266972408898,1.03122590323304,1.03134188821998,1.0308043254851,1.02736760848385,1.02690627660642,1.02715760471799,1.03588437824726,1.02296453662342,1.01964748051598,1.01915934979813,1.01912404291967,1.01806700818025,1.01892129444808,1.01344597467113,1.01491141177164,1.00622976774226,1.00904432354844,1.00782125217351,1.01063555086591,1.01014622609729,1.01469506250078,1.00615559834862,1.00974532960445,1.01552845985576,1.01751779786602,1.017089859177,1.0251330981151,1.01675085476594,1.02207539797537,1.02149187039327,1.01442148408968,1.01280207336897,1.01271761099631,1.01729472952884,1.0152803187854,1.01779604045734,1.01724150749093,1.01139313458785,1.00429762730662,1.00405763027497,1.01320794629316,1.01149514762414,1.01902656094364,1.01598879971362,1.02981437122923,1.05027890222552,1.05013958892424,1.04683593586232,1.05373391969491,1.05436552781957,1.0569378359074,1.05704850806453,1.03909815650855,1.03905431738402,1.0368189453229,1.03732791132258,1.03992612453085,1.03346892555086,1.01895723152565,1.02041902598347,0.967833973255045,0.992543085315606,1.00734873863442,1.00738976285867,1.01532822761111,1.01559349719529,1.01428935453943,1.01064902507451,1.01456452230123,1.01435634795322,1.01710734651552,1.01987481081065,1.01622736109946,1.01682655117844,1.01581614389201,1.01598197799843,1.01581286628692
2,20,1.0033445630529,0.999227507383462,0.997688405907737,0.995841760188973,0.991871024056336,0.99105269294651,0.992557798639744,1.00153497158283,1.00125217684717,1.00624399236445,1.00027369229176,1.00200526419278,1.00276611828782,1.0064361162041,1.00510064275467,1.00607913644267,1.00120219103002,0.998254163054851,0.99726778277122,0.99834086417913,1.00435813076268,1.00081026932567,1.00064640772347,1.00563253039111,1.01173217863841,1.01179128760203,1.02116626261529,1.02512081676598,1.02405939040982,1.02470587188716,1.02255095033464,1.01488662874623,1.01643927246241,1.01145112822251,1.01238056887084,1.01407435771722,1.00754513004296,0.995880015243443,0.998960037268935,0.998812169915209,1.00245352294843,1.00301841990354,1.0030407661634,1.00252894582814,0.999659419150798,1.00010222795665,1.00572742107469,1.00477316271369,1.01020106921867,1.01031460094387,1.01950240614737,1.02842051061153,1.02836732665568,1.0294975020989,1.02126869939265,1.01724796447562,1.0176133953091,1.01459855509407,1.0142127842371,1.01422599138883,1.00580505136549,1.00111960142055,0.999312746176969,1.00248624548589,1.00352647319742,1.00391898628425,1.00379833987963,1.00468576450391,1.00059679814979,1.00094007908228,1.0032467663041,1.00764640326356,1.00373472723849,1.01999112930022,1.01867204282773,1.01797657690127,1.01611630155637,1.01919167004202,1.02141752915204,1.0224392581865,1.01810069402255,1.01771258235951,1.01455136348571,1.01448383764959,1.01501979700571,1.0111580166751,1.01132758452356,1.00603224856156,1.01243829664461,1.01272374941499,1.02258349661857,1.02773081075315,1.04112532191174,1.03881488079123,1.05132436478695,1.04310736618112,1.04347997697144,1.02378077470992,1.03451111919997,1.03351039055365,1.03803345338024,1.0345324219979,1.03160482020236,1.03271694342217,1.02940843769438,1.03137984723776,1.031048859724,1.02757925168838,1.02541312461735,1.02502102086936,1.02499339772045,1.0325887795435,1.03324462386149,1.03351810346116,1.03645149444492,1.05688352114773,1.05702766779524,1.08428954481295,1.11094432132581
2,21,1.01991568065223,1.02086516878314,1.02086516878314,1.0219625336084,1.01697960677863,1.01586406427112,1.01586178162145,1.00172749464189,1.0153955393292,1.01284248109194,0.992101641821445,0.989643279031942,0.982571326593275,0.969701753885899,0.974635297376034,0.975180644275566,0.982246550357523,0.987655583783408,0.983984403313754,0.985185864813616,0.976764114428232,0.972848406794323,0.972891133563397,0.945409451249465,0.922362755786655,0.906274349649278,0.906274349649278,0.93271191194433,0.937872240768796,0.937691949851939,0.938704244319324,0.942467694029017,0.939724301166148,0.9297289270704,0.922244210448414,0.927399691017795,0.926575577465497,0.927595465740403,0.924811458168767,0.925284663072339,0.923663163552442,0.920751388813176,0.925745950316964,0.925748155825592,0.925618574511016,0.915122146429975,0.915538332253444,0.916852438849785,0.925661445019565,0.924942621922657,0.926980539338935,0.932200259363578,0.927455310120281,0.928163020299773,0.921144345173731,0.922861002685041,0.923667454845998,0.916214939877455,0.929347125106237,0.928833987180158,0.925621438908376,0.925684774351877,0.921929836221385,0.927549869145641,0.934781741126672,0.933223719335239,0.932497777305064,0.935667059561315,0.939296052876606,0.941909856682606,0.942028076513891,0.945857722925124,0.947235366807977,0.947994088458299,0.947893179986594,0.948820588983505,0.948290240587645,0.961240025659719,0.975258127382983,0.99449526776908,0.994185702962551,1.00407852194394,1.00611935936149,1.00477204426719,1.00415232965412,1.00238082533999,1.00422941372287,0.991204949746836,0.981248454906884,0.980147145215844,0.980063261671386,0.994933831468027,0.989833081943629,0.993454242441342,0.993929167979503,0.997842697227499,0.994599433694481,0.994220441977735,1.00149865798328,0.991358361621941,0.991388572427855,0.991495095901999,0.994629917829075,0.997377778480957,0.990202551419784,0.984256906317347,0.982570541594686,0.983883498323252,0.987061743983902,0.984502476719939,0.984502476719939,NaN,NaN,NaN,NaN,NaN,NaN,NaN,0.998002575850939
2,22,0.994172427162153,0.992722485997777,0.988776035818635,0.986812871535334,0.986160606843415,0.99832356924235,1.002166825571,1.002166825571,1.00902589775593,1.00844144221214,1.00844038269524,1.01051405506806,1.00162907478858,0.998535117047253,0.998112057082058,1.00314173566353,1.00634955465882,1.00634955465882,0.998159480627902,0.99981983848594,0.999937676820172,0.99983033749224,1.00640054971462,0.996450499602474,0.988555400453331,0.996212389788876,1.00854988444177,1.01818804411041,1.01492539384462,1.0178514580618,1.01740720942732,1.01955816931691,1.01058640533414,1.00274315212411,1.00147579134611,1.0008935988326,0.998416219382581,0.997258328236887,0.997530059982561,0.998376562910919,0.997519354687682,0.997495323672873,0.999663015936266,0.998997233022469,1.00082174972062,0.994841468322265,0.99900822377326,0.994941858615863,0.995166574681388,1.00083255927848,0.99792814221267,0.996568546611547,1.00048257949071,1.00158678054847,1.00300502562532,0.996630659859378,0.991381576319482,0.98446241866826,0.984287454526819,0.991036359695839,0.988414738556982,0.988414738556982,0.983233767908756,0.979895421250898,0.983315892865787,0.983153598466783,0.983465379412131,0.984077939921777,0.984028483421028,0.994790482091504,0.98965052576269,0.980408548703115,0.979081480372726,0.985051895999843,0.992647854246256,0.992647854246256,0.99606882560937,1.00925450644758,1.01010472907091,1.00223747966751,0.99640342912588,0.997175684763353,0.990243288965847,0.991472819080674,0.983876611797721,0.983688882184549,0.994258951946625,0.993888132218648,0.993969125335116,0.991877664084587,0.985449343325106,0.991338976074457,1.01397814165641,1.03504385037085,1.04040540122932,1.04089972439351,1.06590514292003,1.0787821887133,1.07408464406785,1.09255524452341,1.07506792297539,1.08778646305872,1.08780980539517,1.09056641171854,1.11905550442118,1.11261482434469,1.13009883002724,1.13467679117582,1.12258615721388,1.12258615721388,1.12370516606495,1.11843146567088,1.11843146567088,1.0812382032089,NaN,NaN,NaN,NaN,NaN
2,23,1.1329809554279,0.990445069171145,0.993244554758814,0.953187108684694,0.966909987136747,0.997499592160654,1.00437170281814,1.00683245365693,1.01547072313029,1.01547072313029,1.02664193149137,1.01879533046157,1.01761728595822,0.938712527757688,0.948047702286782,0.980290046039128,0.980290046039128,1.00035346542002,1.01283879447047,1.00989218466607,1.01698154911195,1.0235477067659,1.02509772944461,1.0338982132194,1.01423626117339,1.01056915275272,1.01152118228539,1.01484502354772,1.01887585996769,1.01601668572709,1.02595413992158,1.02328561815279,1.0199744454768,1.02166261053988,1.01991241093704,1.02012763411489,1.02084128683912,1.02145250387878,1.01498084241979,1.01711615150085,1.01777768735594,1.0176147823545,1.01912758276541,1.01843949866802,1.01018540767883,1.01203268249463,1.00819791151714,1.01961144235054,1.01876773176737,1.0154407188801,1.00508625884706,1.00858025887072,1.01761468727717,1.01882160977743,1.01743896470879,1.01603557231718,1.00470219836064,1.00193808413021,1.00027875528935,1.00017748900955,1.00015324400664,1.02289184577856,1.03507942860276,1.03329473609499,1.03343029572501,1.02772293141097,1.02729666893685,1.04022831704845,1.04628490789187,1.05162125150173,1.05298340217191,1.05709655508587,1.05144580280239,1.05735044985836,1.05323886018193,1.04897780624663,1.05331261473864,1.05204497501965,1.04667036066164,1.05052369236579,1.05026263940442,0.998707276859895,1.01585307736185,1.01594473699125,1.02430350698797,1.05913474348089,1.05948206135213,1.06769840339026,1.0626764799281,1.06716794801087,1.06390675899819,1.06793517983133,1.07616311269902,1.07185481311778,1.07676812291631,1.0888784195893,1.09731928968201,1.09705445436553,1.09758875453251,1.10464796096832,1.10412882397802,1.10530687473252,1.09868326176488,1.09600159060195,1.09600159060195,1.10319278142428,1.09595880901088,1.09613091158474,1.08497532241483,1.08953312101962,1.08932331170273,1.09480049292036,1.11732217506609,1.12039047988185,1.12074106923376,1.14107664154918,1.16092766962661,1.16114249734658,1.18963122523609
2,24,NaN,NaN,NaN,NaN,NaN,NaN,NaN,NaN,NaN,NaN,NaN,NaN,NaN,NaN,NaN,NaN,NaN,NaN,NaN,NaN,NaN,NaN,NaN,NaN,NaN,NaN,NaN,NaN,NaN,NaN,NaN,NaN,NaN,NaN,NaN,NaN,NaN,NaN,NaN,NaN,NaN,NaN,NaN,NaN,NaN,NaN,NaN,NaN,NaN,NaN,NaN,NaN,NaN,NaN,NaN,NaN,NaN,NaN,NaN,NaN,NaN,NaN,NaN,NaN,NaN,NaN,NaN,NaN,NaN,NaN,NaN,NaN,NaN,NaN,NaN,NaN,NaN,NaN,NaN,NaN,NaN,NaN,NaN,NaN,NaN,NaN,NaN,NaN,NaN,NaN,NaN,NaN,NaN,NaN,NaN,NaN,NaN,NaN,NaN,NaN,NaN,NaN,NaN,NaN,NaN,NaN,NaN,NaN,NaN,NaN,NaN,NaN,NaN,NaN,NaN,NaN,NaN,NaN,NaN
2,25,0.996304691286724,0.994917367761644,1.00639766932593,1.01123546763932,1.01100214616143,1.00549687470572,1.00193630981565,1.00180552758573,1.00381083867958,1.00201694196249,0.991839804946905,0.990456149912698,0.999135805786428,0.996062616454035,0.996062616454035,0.997779385892807,1.00036175870407,0.997201433350122,0.996176593574685,0.994543932491217,0.985579797052735,0.98608858357555,0.988102363163978,1.01414028843402,1.01414028843402,1.07295393820645,1.10379944776977,1.1060323831457,1.10522960503985,1.10895321509962,1.10889794831003,1.11003811571563,1.10426613017626,1.10320231861754,1.10288333863448,1.08584488605253,1.08423180686118,1.0762536593732,1.07122298281861,1.0685745154213,1.06864417288944,1.06864417288944,1.07165157316604,1.06373822363303,1.04951975074899,1.0513034852643,1.04279862221874,1.05299042888657,1.05050963996112,1.05853104640132,1.06418278106937,1.06619941976709,1.06695933481395,1.07396965217304,1.08188283193841,1.08000387790782,1.07198711987914,1.07279836924595,1.07279836924595,1.06250305695698,1.06413204539627,1.05879381683436,1.0582504754586,1.06258505991082,1.05162147038824,1.05162147038824,1.05427476171506,1.05807685773263,1.05808946887291,1.0706570483357,1.06980598776544,1.06308072966736,1.06308180055248,1.05749938099961,1.0603981205606,1.05953219095896,1.06430479827732,1.06410589136133,1.06394471299203,1.07435513247199,1.08176187554204,1.07563083977054,1.07563083977054,1.06736937291409,1.06525238274518,1.06544189712979,1.06086693111378,1.06217357364248,1.06481782572589,1.06634339701264,1.06813751118733,1.06543158642541,1.06543158642541,1.0597361647183,1.06271247466328,1.06148607952821,1.06764141124772,1.06767180812206,1.06507760919846,1.06320696651283,1.05964969192323,1.06566364159775,1.06770116072502,1.07003896967211,1.07394660949431,1.07043762111397,1.07780195735134,1.06883568757688,1.06828927773156,1.06995055700054,1.06753718306733,1.07238131130043,1.07241478369269,1.07483136242382,1.07134775131113,1.06746983279323,1.06429689864114,1.06948623920929,1.05584009834548
2,26,1.00843614889373,0.999340807463529,0.999245055298653,1.00492706594514,1.00863039141192,1.01657663972168,1.01610695253154,1.02223940787594,1.01408668147788,1.01404079267874,1.01340908664434,0.987103012888487,0.98931564075417,0.989598167764319,0.975118645360504,0.983733929459238,0.983693947475854,0.9695316019216,1.00486602443275,1.00450615909531,1.00519614203757,1.01434748180354,1.00816493943396,1.00960507038853,0.998201293576164,1.00024520838249,1.00087823977725,1.00604224401106,1.00226703051322,1.00238119299257,0.974959080108856,0.845822086424617,0.814846953012416,0.814970121699952,0.823463250930875,0.853519926721409,0.853245313743882,0.844167749124412,0.82439584815176,0.824222467528698,0.843417887520318,0.828711939803187,0.820511477552135,0.820337895996232,0.821575439511944,0.811088566720258,0.811230492881025,0.805551082401518,0.805062571147328,0.810656322601469,0.808895664530741,0.823898341278382,0.830629818722174,0.830765333500566,0.832113720016572,0.831840460762387,0.829641458180177,0.831476817545116,0.825735156410465,0.829394928554466,0.834210674794947,0.823744800497693,0.819084417147797,0.818028434816821,0.827157385183536,0.784841085041398,0.777179868687231,0.776630261317091,0.779838323333665,0.741621704495719,0.741932491371367,0.700919244599098,0.601772361450988,0.601844421396362,0.59875956154212,0.608253840602748,0.613414410851325,0.612225084885846,0.634884344272287,0.638886396812392,0.638072844993353,0.672160265064479,0.679033355286282,0.680733320569602,0.679037413291166,0.686230271553142,0.699219630997283,0.698443323656028,0.70380347724799,0.704758985969826,0.703782814288428,0.704106602553074,0.701097652934054,0.698914198133136,0.701762147764272,0.695847527583858,0.694045788425288,0.689707366447779,0.690841096457059,0.677734637753355,0.677675199141031,0.699676852318511,0.703271822009998,0.706866791701485,0.707495479318081,0.730439541877379,0.741954682947536,0.742450538133041,0.739928385527998,0.723813382519656,0.723881463126335,0.712902244803951,0.7030952093149,0.69840104027411,0.700314361764123,0.691231375454554,0.689679343687861,0.689577076586983,0.689517294780002
2,27,0.904887474472227,0.954864702962098,0.955004525723932,0.985543568153044,1.00509398735361,1.03121420674061,1.03195932153836,1.05140163879139,1.05094128522535,1.03978934969412,1.03440350554507,1.01976028695012,1.02214593695715,1.00667126297377,0.991137015987022,0.98396877092994,0.983801904364423,0.976106780406266,0.971304475231494,0.971582372852643,1.0029105581987,1.0273255860232,1.02665612140824,1.05759985822914,1.09688288690549,1.11783160503037,1.11622362102451,1.13090739442131,1.13815777511661,1.13763932163089,1.12755582669737,1.10195669913614,1.10326191430913,1.08656152282958,1.0458018178141,1.01907595444047,1.01933774318343,0.988647523290561,0.975209419167274,0.974274385286955,0.96997998387657,0.96910026514233,0.959874417074225,0.957687086801882,0.948935140745466,0.94356393959548,0.943762959633525,0.92772905829314,0.930041430371068,0.926320819029832,0.923084924029957,0.910331263798042,0.908448854094495,0.906413280450854,0.914390025958443,0.910258954000469,0.910233872667663,0.906404036133343,0.90299560251834,0.89417704685228,0.892427328979374,0.891226128491458,0.899415780011553,0.899831338517873,0.909727979655472,0.907441436678063,0.907756377915445,0.912825490553331,0.911921706716126,0.896120424812561,0.896155818269431,0.896161413984229,0.896870335384513,0.89752261193509,0.896657171379942,0.894277162557962,0.892310096276972,0.899760779437804,0.906858970737915,0.918739022113151,0.919993447560942,0.921982561532767,0.914634109006442,0.916347588359742,0.904091726070779,0.908715742828003,0.906149569990247,0.904461318482379,0.898775049225355,0.89507616473245,0.894747465402705,0.900092471293644,0.924328552603997,0.943229763530515,0.943517910440463,0.952342523205678,0.967119634705575,0.966832402981611,0.986631203358694,0.968344895820286,0.968216730732419,0.956851579710226,0.940102979227514,0.939557234738368,0.923293189232308,0.914043159975492,0.90622149897369,0.904863289360488,0.922236121130158,0.997322231834819,0.997803014969125,1.03521381570474,1.06657836614998,1.103581287998,1.10488418692203,1.20177180169512,1.2115436912572,1.21089331734303,1.21129612249385
2,28,0.998052034734154,1.00599608166117,1.00829155906904,1.02130130264576,1.01848932946467,1.02217883698606,1.02030246772982,1.00932363545767,1.00329419975206,1.00399871155632,0.998382738979008,1.00126917556626,1.00133597102487,0.993613219838601,0.985432446231734,0.975846747951751,0.975081307137228,0.982836034656881,0.974974199556931,0.974966931789549,0.980290733583234,0.969490706958458,0.978672381959999,0.977701360261927,0.983937630655651,0.989176814370391,0.988737839600495,0.994017044253962,0.998186298116836,0.998494957972593,0.996911747334999,0.990955222346333,0.987017747865292,0.985984171012106,0.988973633243013,0.986757340625331,0.986592722415241,0.992981708411198,0.989633307832759,0.989793706285009,0.990762166881203,0.99937649625547,0.995585324866589,0.996423608651448,0.982204263428523,0.983972753162665,0.985527045839684,0.979184444544571,0.99221397886756,0.990394765028019,0.999503009302261,1.01052345420268,1.01794250268917,1.01589051649805,1.01247423634592,1.0203654478258,1.02010019397992,1.0090995768889,1.00687682505365,1.00712303484521,1.00660805780591,1.00613892324246,0.996509116562636,0.996403017484805,0.997868068559648,0.994963938364932,0.995205567354503,0.995956286560015,0.991972390023294,0.999045416971724,0.996366304420327,0.985472878041121,0.982453619007795,0.982231302914019,0.985834385836063,0.977809272576728,0.979689223245598,0.975886879430125,0.981010190860982,0.989900881997242,0.988967193317033,0.990994859523419,0.996724234934672,0.99660908127295,0.995156791259895,0.994543293547551,0.991520656072788,0.991870788001088,0.984424399859292,0.983897399680391,0.983979006568706,0.987896627248611,0.994310362622874,1.01628635318382,1.01625984874257,1.02820357450766,1.03023982981044,1.03266931094602,1.02246591028326,1.02010758299634,1.01803580144089,1.0111823669208,1.00745174643505,1.00135377724688,0.983963371773286,0.990404816634017,0.990295319381246,0.990353439170191,0.990451672805963,0.989262187862993,0.991661653280528,0.992442781095731,0.98860659977581,0.98993566602837,0.988139714740682,0.99709409463243,0.984771717500572,0.984771717500572,0.985255632634147
2,29,0.997503185482169,0.992024107023415,0.981138403689944,0.986040262101941,0.995112741719279,0.994895446431012,1.01471749142885,1.01945910344633,1.02152710388348,1.02387933382934,1.01577805621158,1.00966700183932,1.00590434056483,0.990282776740911,0.990849568481243,0.990849568481243,0.991323361169831,0.989954009818815,0.989094137656469,0.988878003779608,0.986115243688135,0.971933045679549,0.972790570317641,0.976916345646286,0.992299504797089,1.01009868422887,1.01196952304218,1.02851901920399,1.03145204582861,1.02791517924681,1.02274846130891,1.00869744835291,1.0029460415409,1.00559634186019,1.00432689581836,1.00774135145868,1.00774135145868,1.0023301268047,0.997969489689037,0.997953142841695,1.00270604033326,1.0042898406168,0.996935321997281,0.999197132947734,1.00262736269841,0.984639501211995,0.983581332387824,0.978584342065262,0.96697309711785,0.95945979705834,0.929129069243412,0.949935957950282,0.922460257865034,0.918342974769279,0.878805183867196,0.890364805184122,0.889443974887667,0.914439069377839,0.920828776456695,0.924669021176963,0.933915656824937,0.935434101112986,0.947373670889247,0.947267620865716,0.952334857663729,0.950100831644122,0.948598188575431,0.948560661598117,0.948390247492465,0.939840193433858,0.938699125718812,0.939282074974949,0.945852872720547,0.940281538474746,0.932120832249304,0.938140160700536,0.938140160700536,0.935171946420963,0.940280752476331,0.940367331641548,0.939085590618157,0.941997644420809,0.947095169938779,0.943443031396425,0.944762692559008,0.945144547293584,0.942908189597232,0.936429426599899,0.93317715653437,0.934086326958719,0.934086326958719,0.936273639288922,0.947158331397658,0.947047909806829,0.945355202729253,0.942637389508848,0.938025535988768,0.938025535988768,0.943933762425887,0.949808886274906,0.950198023509422,0.945941902148732,0.939951097599161,0.934572767376923,0.961549383625105,0.977013724826188,0.988185322724404,0.98815987732966,NaN,NaN,NaN,NaN,NaN,NaN,NaN,NaN,NaN,0.85711846979632,0.859904335755231
2,30,NaN,NaN,NaN,NaN,NaN,NaN,NaN,NaN,NaN,NaN,NaN,NaN,NaN,NaN,NaN,NaN,NaN,NaN,NaN,NaN,NaN,NaN,NaN,NaN,NaN,NaN,NaN,NaN,NaN,NaN,NaN,NaN,NaN,NaN,NaN,NaN,NaN,NaN,NaN,NaN,NaN,NaN,NaN,NaN,NaN,NaN,NaN,NaN,NaN,NaN,NaN,NaN,NaN,NaN,NaN,NaN,NaN,NaN,NaN,NaN,NaN,NaN,NaN,NaN,NaN,NaN,NaN,NaN,NaN,NaN,NaN,NaN,NaN,NaN,NaN,NaN,NaN,NaN,NaN,NaN,NaN,NaN,NaN,NaN,NaN,NaN,NaN,NaN,NaN,NaN,NaN,NaN,NaN,NaN,NaN,NaN,NaN,NaN,NaN,NaN,NaN,NaN,NaN,NaN,NaN,NaN,NaN,NaN,NaN,NaN,NaN,NaN,NaN,NaN,NaN,NaN,NaN,NaN,NaN
2,31,1.00082380036594,1.00082258226543,1.00850838465409,0.999441934511968,0.999136290048638,1.00034519665204,1.00775144915643,1.00465338324806,0.999122767517398,1.00684675504894,1.00075410576233,1.00075410576233,1.00300164601828,0.99618724808769,0.995324294912723,0.995024427819558,0.995562546115614,0.992659398412538,0.993279683639994,1.00540845378319,1.01268165364862,1.07228261523098,1.07228261523098,1.06165852329276,1.09040644910911,1.09132911207911,1.13208718975174,1.1481197348257,1.14390323366925,1.14390854674911,1.14143268492268,1.14770711800726,1.14047794584821,1.12729846533818,1.12836828247462,1.13017397472996,1.12797482889038,1.13997084204719,1.13632569402212,1.13268380551093,1.11232158328144,1.08393548310362,1.08461364055745,1.07015803688309,1.05933870865684,1.05417980336091,1.0618808919916,1.06585889322986,1.06251649726467,1.06251626004351,1.05326887583193,1.0510225285417,1.05108835230607,1.04152308854373,1.04179067200275,1.04387009768214,1.03534600222125,1.03595955360039,1.04014741043974,1.03479924198269,1.02533960401966,1.05652805861542,1.05449526166538,1.06216081385171,1.05747921281613,1.05043487146934,1.0497132306665,1.04473365461564,1.04331516353434,1.04066379998768,1.02716207467983,1.0214653884946,1.02072298018589,1.02902568465576,1.02451868217702,1.02727045235895,1.02553871764059,1.03105551837799,1.0518800271707,1.05258844255616,1.04663429297055,1.03743114371971,1.03646958366344,1.0450483592794,1.04934958145926,1.05079182897489,1.05296099268315,1.05535590246279,1.05731994261266,1.05650997994914,1.05188190848321,1.04707286980474,1.04465791265034,1.05500467427365,1.06816459642352,1.0818947980483,1.08155407393875,1.10849189570528,1.12185235539271,1.12173821953904,1.11474401584786,1.11227707861843,1.09447028750734,1.09479396782504,1.08175546959891,1.08120766497454,1.08259955318185,1.07125090422967,1.10980728457988,1.11014597384853,1.09552742513502,1.05892392919305,1.07767678655833,1.07588728277452,1.09755314806747,1.10364290703088,1.10162458698937,1.10607900852156,1.10127932150837
2,32,1.02286103223915,1.01623682420938,1.01388741755309,1.01666275883454,1.01748424147092,0.998700932355019,1.00441877261803,1.00230017527338,1.00449891573068,1.00075218825104,1.00033710291029,0.99840675948233,0.996634137247929,0.996489165881376,1.0167804846767,0.994307963233623,0.97024687766975,0.970369045247267,0.958625205115491,0.953131581279679,0.956039346211022,0.953203378782718,0.957475744194437,0.953139398396664,0.951113923702448,0.942763394368359,0.936054861289837,0.935295643160832,0.931900843214187,0.92797832355994,0.927566249928704,0.922931019447153,0.915777145336963,0.908274073388755,0.907932745005651,0.939739337483128,0.934550206709717,0.932900164328846,0.925998538741799,0.926078928959448,0.924719293272789,0.923951986682732,0.905761088819889,0.908189203188461,0.908059098250877,0.908180585732817,0.92332708783112,0.923249283688275,0.946688378068493,0.95124860484575,0.949676993758316,0.951406130670242,0.954796986181709,0.953247733742586,0.952727164788769,0.954686624003549,0.94454358934808,0.944381386154116,0.936684902536907,0.924912135810343,0.92284309308318,0.922734660541942,0.923307947472661,0.921582478532375,0.921656240182266,0.919949529230323,0.920942753503654,0.922047692132835,0.921561208250365,0.925635041621906,0.925057464276031,0.924354173407064,0.927660271847345,0.927492255921695,0.927388952934706,0.922472869119121,0.922061558478589,0.913103782891053,0.911602245792405,0.917066155144982,0.918189459070662,0.919174840269822,0.919971715383471,0.935467755877368,0.935226164268916,0.967901839675225,1.05253284418302,1.11517264290279,1.11424612251121,1.15179240825482,1.16206722326724,1.16122568818621,1.22471835700315,1.23599369561328,1.23303048317116,1.22428133898761,1.21630379028097,1.20917469293186,1.2061548888321,1.20563895133754,1.20555184630487,1.20922671171268,1.19456267674944,1.18549853881431,1.18422966451756,1.18144800515819,1.18531077275773,1.18742034753556,1.18953393512332,1.18018074383125,1.17639997781909,1.17357188643325,1.17990116777694,1.15890352541404,1.06266434296784,1.06266434296784,0.913986392427789,0.813803163576426,0.815118564585116
2,33,0.963496636251235,0.966264154993153,0.975434571482805,0.979148418403376,0.990665667737644,1.00553484083415,1.00525495940061,1.02490362859505,1.02363130975964,1.02363130975964,1.02305907866835,1.00813740597595,1.00154719079899,1.00489767092254,1.00659957801573,1.00208963092118,0.998924392490652,1.00069827756106,0.996081277428252,1.00657575201507,1.0072796350691,1.11700758560433,1.14874655970613,1.14874655970613,1.12257246919683,1.16837870728975,1.20678632645033,1.2054394453447,1.21956876251765,1.22622004331407,1.22394609460156,1.21537673442997,1.19924656967716,1.19924656967716,1.1854971520857,1.18386805558167,1.17253856692616,1.17253856692616,1.16161672544192,1.16016947960289,1.16022607176581,1.15668094357101,1.14948424270992,1.14962504551904,1.14444021630564,1.15013737676058,1.15839613663981,1.16089131938357,1.14978182899555,1.13487971412184,1.13613946757554,1.14356152920327,1.16663382864237,1.16556019712079,1.18570957307075,1.20525220902119,1.2017739631579,1.21230766810775,1.21909558063097,1.21497333229375,1.21682991248538,1.21142978273094,1.2024521083256,1.20050588324819,1.19933984029826,1.1947663735807,1.19970555294659,1.19924261247632,1.18702771976222,1.17473224197794,1.17333060600538,1.17490003827251,1.16799692551097,1.17165586595191,1.17166221575131,1.15880395795493,1.16075222657399,1.16305894177641,1.16153108351287,1.16879223413038,1.16973339751005,1.16972670142616,1.17898982228743,1.17898969987311,1.17933291220708,1.17491777506713,1.18245099229556,1.17887619101843,1.18299085224259,1.19291301505683,1.19459668930798,1.19358639435811,1.19491577951544,1.20026406905786,1.20015103310621,1.20268432332942,1.21714804644298,1.21757532825368,1.20917649421943,1.20762487305592,1.20751147472486,1.20484032206965,1.20175015567466,1.20252161092465,1.20167717102715,1.21984744171618,1.2218153907907,1.22304810892605,1.22266684681181,1.21711849473007,1.21721720217657,1.21692583743838,1.20075721285868,1.18655741366866,1.18759006152493,1.17794773323861,1.1591538758989,1.15884472237039,1.16937382155134
2,34,1.01515301347935,1.01142647289512,1.00465422523652,1.0040480799336,0.988306729650932,0.990324035502646,0.989746704229485,0.998623321051618,0.999231865842578,0.999683054217817,1.00013046744661,1.00543705166995,1.00712473366111,1.00544069418175,1.00217647953621,0.993788359201011,0.993999820738557,0.999496203585345,0.99120868793978,0.98933688432763,0.989259996674295,1.04662436375148,1.08553576185782,1.08502030639066,1.06564325799322,1.06591972930494,1.06609443233054,1.08914402403704,1.08972183632052,1.08511928961291,1.08892182099037,1.08096830225924,1.05932327959337,1.05771609775062,1.08328277306686,1.06916502838801,1.06885474426006,1.08991568488655,1.09894965058994,1.11566993544176,1.11598832048642,1.114256102089,1.11705225244935,1.11685208123181,1.104103015055,1.09490155066451,1.09340611227668,1.08123701788298,1.07588065893732,1.07938463456192,1.07867434983455,1.07359966504846,1.08214723706863,1.0822020111365,1.09012700089904,1.09958788957102,1.09614145845432,1.09576962451921,1.09170433287109,1.0762237447067,1.07734273018719,1.07527915680894,1.07289093695833,1.07036786672684,1.05901871107392,1.06331755363089,1.05884156378397,1.05657300735113,1.05141077392221,1.06293830460807,1.06237907812908,1.04580640822155,1.04766833196801,1.04803404422587,1.05041294172732,1.05031080547463,1.04382993771986,1.04463447398395,1.0470238216322,1.05747710089529,1.05964116304075,1.05402496116043,1.05284519515176,1.05092729068048,1.05113955211529,1.04950140658319,1.04039949091834,1.04040735692693,1.05249601090072,1.05472788195572,1.05530702701998,1.08139572381711,1.07044190234364,1.06331698074596,1.06318002885167,1.05827745913186,1.05993989243272,1.06032721996772,1.06531363237721,1.06058804616732,1.05814306578284,1.06047567167013,1.04969182838442,1.04570917185105,1.05218986202958,1.05407062071833,1.04997821743121,1.04768964307889,1.05033158488439,1.05742979375763,1.0654443374612,1.06304040697577,1.06113781090539,1.06394340626701,1.06228052301396,1.07255186288626,1.07437814342887,1.07575063094815,1.07141155164823
2,35,0.974877954909055,0.985729523924245,0.986051718994017,0.977056521598806,0.977994639309508,0.976704533387231,0.990853395536548,0.993317590453492,0.988490368666327,0.988240805515782,0.984197064443464,0.988443982685313,0.987096243729499,0.984082486492871,1.00994280782965,1.00894129384806,1.05052441010267,1.06111771695422,1.08633694161924,1.08884441857839,0.992516381346676,0.929863348854244,0.928451702307684,0.918672425518421,0.920728883217353,0.927258984635304,0.922407822340419,0.986696690515465,0.983552871370038,0.984024339577798,0.954273682198779,0.937251347226656,0.933585348760477,0.932152245035105,0.923230904926076,0.923243836899558,0.919490994831427,0.908014409213914,0.895978621550224,0.894764828544479,0.905037123407678,0.925405269621019,0.925297108472506,0.937538363967029,0.950142595376276,0.95685658732748,0.952313338636879,0.952929775388922,0.950578178896945,0.950780942515975,0.958870265016747,0.951782416750142,0.951724302072358,0.939144886587747,0.895891465296988,0.879468576525827,0.87946866606477,0.89129910363355,0.895233062539445,0.890925582441064,0.894652602023507,0.9012183093926,0.902601669395763,0.90354318142871,0.900006890480833,0.908066371175526,0.90358212574992,0.898926553224121,0.900359608115401,0.902968498378021,0.902350394482034,0.906265673211819,0.906816677135261,0.902195995998958,0.902774100762837,0.901876990595938,0.900765876472091,0.9019244157766,0.910487363724959,0.903534926117056,0.90407491395735,0.908363737201051,0.910702340971413,0.904237845452292,0.907900811624672,0.901842319489166,0.901841920303249,0.908709058609393,0.91259390807305,0.902785538674715,0.902349931883465,0.909790642716134,0.909402310509276,0.911860008540541,0.91569917809656,0.913301262719513,0.913077370471693,0.916099997860086,0.921755963869996,0.912399884749156,0.913177658398118,0.912536003042043,0.919272598036364,0.920671081215013,0.925519683180338,0.92103642205406,0.919085033547745,0.921072740534236,0.932909837119713,0.938447675934535,0.942584412139072,0.951734751093598,0.948715705880875,0.950197210212181,0.95573373848003,0.950455858713232,0.951671736050544,0.950449292729511,0.945314789902592
2,36,0.999453747781769,0.999683470636537,1.00499533672554,1.00066723941575,1.00210846513991,1.00203495063723,1.00471194463225,0.99679263840945,0.998523612482297,1.00409408914062,0.994704055091033,0.994534584044209,0.99541033551956,0.994379372183847,1.00250650390769,1.0032438138835,1.00980490828178,0.998336591042292,0.99401434104473,0.975343330726488,0.971848207488189,0.989130866274794,0.988908053950204,1.00794673500852,1.00361641878463,0.997997735800931,0.990262294114826,0.981130439070205,0.965977215130385,0.966992050167554,0.959911646190637,0.9623024606272,0.962767704682544,0.955569683379953,0.944664342039713,0.944606158828568,0.950177148014656,0.949132642383293,0.948513874163489,0.94234153994415,0.933887300050196,0.937750836575852,0.934202839349573,0.93433004792586,0.924881065547174,0.924881065547174,0.921324791182353,0.92511560760154,0.920858486626975,0.921073978114044,0.927733242503839,0.924211077641364,0.925028144782832,0.924469995462809,0.920637473405731,0.920637473405731,0.921595605908657,0.914519749913834,0.910732557368749,0.915774707839629,0.910584417576055,0.912274419446603,0.911914719792854,0.913826357204433,0.911649412913074,0.904819381299897,0.904919636341133,0.911642047801285,0.910055023033475,0.914160259949411,0.918855739739998,0.92274230884058,0.92219482213967,0.914735974489092,0.913206432005845,0.908370441405643,0.908370441405643,0.909894762219344,0.915687646183655,0.915448126241738,0.91167796883872,0.910379112944253,0.911352922745177,0.908384366973056,0.904309182835853,0.907578488306757,0.915874406486093,0.923067437263887,0.93434025508276,0.93434025508276,0.925786486041742,0.941407797441468,0.940894268847039,0.940894268847039,0.932736728108316,0.925866883066191,0.929041523104741,0.921836022510448,0.902720639776407,0.903466234726363,0.899459364449187,0.89692620133197,0.896929416433517,0.889375981477573,0.891187319682036,0.888726626440342,0.888710587248014,0.893190507299543,0.929644189359679,0.929460875945218,0.931889334686802,0.90365702662026,0.898649110612616,0.900307232934296,0.897287759390281,0.844006485980843,0.824033598124614,0.782423703524835,0.773838125001021
2,37,0.991185796549789,0.981542077575212,0.992637761056699,0.996294597612624,0.986194688912257,0.985826416984372,1.01753771254864,1.01909765303738,1.01085948135796,1.00174989227222,1.00174989227222,1.00092658750671,1.00388293233997,1.00415898503807,1.0042743870896,1.00154563097288,1.00165052589816,1.00033123275037,0.998553748224879,1.00135225689262,0.988886920171229,1.02596695143529,1.09065178107319,1.08869103857955,1.08567309916831,1.09910986763003,1.10803740364588,1.11087353137804,1.12138082258972,1.1152930430896,1.09214232471583,1.09176189770563,1.07965216607628,1.08869854912894,1.08881638710219,1.08866216841471,1.09627818098805,1.0945885422646,1.09611792616648,1.09582091070373,1.09323643416325,1.08980404327502,1.08384240995061,1.07704892983801,1.07704542149052,1.07689073458933,1.06512098317834,1.06393668946038,1.07454185845316,1.06292966137425,1.05399965955591,1.05438812673271,1.05386374031039,1.05380033937297,1.05110409390365,1.05187935859957,1.04971173443908,1.0537695904562,1.05315803338992,1.04496889285579,1.03916076501508,1.03995825646916,1.04541172856843,1.04536373182409,1.04525749896258,1.04363704746063,1.04328848101602,1.04534973614578,1.04433484072845,1.04390347478205,1.05031355676235,1.04968882909431,1.04893267901387,1.05597579991223,1.05354685726825,1.07191263811956,1.07458923228795,1.08171240310059,1.08197642149874,1.08279195910885,1.06730299094922,1.06756300133503,1.07705915004287,1.07551234091872,1.07488396247296,1.07780924230457,1.1008659423411,1.1083658900915,1.1099087846224,1.11159181083615,1.1432147545404,1.14285022051287,1.14330634340898,1.13530550977704,1.12492020525168,1.12117457016705,1.11962567686535,1.1262755573357,1.12236243221414,1.12103388875362,1.11520631454085,1.11701643812978,1.11684164412301,1.10102178480237,1.0983911900558,1.09762543955129,1.10143840676585,1.09754558607943,1.09718329922298,1.08901914955375,1.08956581412678,1.08974055489212,1.08620242058678,1.09113233209287,1.09241620966949,1.09096292964476,1.08820997360931,1.08346144155991,1.08273331459612
2,38,0.993735027158159,0.99621113304594,1.00010395354231,0.999569623789391,1.00445613526377,1.00666974636344,1.00600882530197,0.999156546174308,0.996571030914767,0.995590176828361,0.998236066368133,1.00111252056333,1.00119025818204,1.00094300401034,0.997162908198524,1.00185153969285,0.9985396491739,1.00039218109227,1.00249967433619,1.00123505939476,0.998751444701068,1.00406187340742,1.0121875031743,1.0122842650043,1.01250180922752,1.02926914795729,1.04345201779954,1.04310056411669,1.05504392009953,1.05881199986519,1.05848071555354,1.05991255916599,1.05568377677544,1.05241345076982,1.04981083645968,1.04959686457815,1.04202137946951,1.0428331248844,1.04462826423429,1.03691668330796,1.03675699179271,1.04787233305262,1.05608209935728,1.05597830730542,1.04617444528461,1.05789774260336,1.08623319742311,1.08340769061407,1.11018644625978,1.12241882288113,1.12335447187599,1.11969936289426,1.13119917988352,1.13152403698899,1.17426629116428,1.17827721339547,1.19364826843486,1.19290494855116,1.18928094292279,1.22479942065811,1.22439082685759,1.22947888039078,1.24061255797105,1.23649073499073,1.24033210833072,1.21239569963721,1.20640444163693,1.20605958056885,1.18523642349974,1.17693369119587,1.17363637583568,1.16365875415174,1.15708447854103,1.14937532349631,1.14064816896786,1.13768647932532,1.13309597003595,1.13293860747641,1.13766848585136,1.12865249088221,1.12956482147937,1.11953054993958,1.12653413238809,1.12314637409041,1.12379245174939,1.12182566334537,1.12739327014998,1.12569450510675,1.12742358848536,1.12174589473926,1.12591830674284,1.12492343602956,1.12656492100067,1.1400152530672,1.14001299252479,1.14166442728045,1.14943926875162,1.14959615526161,1.13910635532271,1.13492308858952,1.13650341631519,1.13700843204181,1.13151005533025,1.13375148732067,1.12747832964945,1.12790570475246,1.12786458271818,1.12591874664234,1.1273525505111,1.12837936085087,1.12632543679492,1.12361442744627,1.12346085695541,1.12014459775532,1.1245516900255,1.11683791485175,1.1176415506079,1.11915644253373,1.11070124864415
2,39,1.009311946493,1.0089790613065,1.00425982544781,1.00491968214784,1.00480914462529,1.00457813322694,1.00189496532002,1.00110335867339,1.00022801099654,0.999857195820694,0.996295371598881,0.995694105523575,0.993043751841085,0.988528161424957,0.991398150753914,0.987795394393349,1.00154346707854,1.00288016671599,1.0028801066117,1.010161967179,1.00209396693506,0.99659463414775,0.998689853610653,1.00466014496588,0.996325044659026,0.996325044659026,0.992166853072462,0.993959811494861,0.992827901807495,1.00078057702906,0.997827939224845,0.999671533228135,0.990500275248647,0.988929004588334,0.983751024209848,0.984240048357942,0.989028716891596,0.988955323675546,0.995758999986814,1.00023327492798,0.99212291472857,0.991751737706664,1.00033851099614,0.995149401375367,0.993808503685695,0.992429715132793,0.994654037458989,0.989763169166933,0.989989025610896,0.98488904922108,0.986520592329581,0.97958212677481,0.979297656922456,0.980082698206127,0.977628370850286,0.978436151267927,0.983270121771113,0.983348488540246,0.983367874730184,0.978859934233162,0.97915217007578,0.9811692428052,0.979622379743141,0.972919585548949,0.975721673137796,0.97401695688656,0.97184110652922,0.97752785517991,0.977424770490043,0.98090820503895,0.978682661712652,0.97779885893719,0.975818988518158,0.984427060719009,0.986757163450166,0.984544021195134,0.97407713186592,0.977999530560936,0.978195152228595,0.991450909955872,1.00789037307669,1.01636873534571,1.01645292662992,1.02250660531863,1.03098771889266,1.03067727590842,1.03410702284096,1.03766021571158,1.03111182249166,1.03410461831466,1.02211103894593,1.01270103721964,1.01112922747376,1.01293148896748,1.00699939544559,1.00439070679631,1.0051242300523,1.00004707784269,1.03425332308734,1.03403502730011,1.04168251837938,1.03517181975169,1.03452559485861,1.04020092793234,1.03695790737565,1.02954174136119,1.02999725425136,1.02273867576276,1.01989209505885,1.01769208434661,1.01257077011682,1.00641216264526,1.00573595029836,1.01019458847972,1.00924698003104,1.00913041151129,1.00995359891598,1.00905182213351,1.0111976610085
2,40,1.01891949410353,1.01909101091756,1.01744879919316,1.01346003167803,1.01526314161819,1.01526856975495,1.01488701517526,1.03070355079134,1.0302254624232,1.06505438468816,1.0295548635395,0.969427022726261,0.969003595618099,0.955949101073617,0.952506686458711,0.951378181507413,0.973229547022822,0.985849848813102,0.972779692897093,0.972353092124286,0.977747254829055,0.993365691925495,0.991914762134319,0.978671018238361,0.967528698593463,0.966185418450925,0.971643275177797,0.976126239004546,0.985849115172905,0.985413513880433,0.977487888095563,0.965835916469943,0.96536418933107,0.957782235501093,0.949502199249968,0.948829179717473,0.947971160754047,0.941534258884878,0.946363628626821,0.944899482401417,0.938610382406297,0.941463288496256,0.940942089871026,0.939312682923879,0.950697776131261,0.948412260505604,0.951524218271586,0.941699177421614,0.938488005646605,0.937788698430937,0.944141882053208,0.967285730928714,0.967823908836425,0.945234082307956,0.948351667559857,0.947957879747206,0.939849343602368,0.944363849570701,0.948373383959854,0.949481489702613,0.951357779131139,0.944479225612658,0.941927122359652,0.941647171848702,0.938257201854362,0.939461801964677,0.940038208837019,0.940449918224834,0.938264889799195,0.937829177663505,0.939098033745191,0.926135281534337,0.924846920460523,0.931525472882355,0.92866978365307,0.931171284797406,0.931154191946667,0.933835009259286,0.933004733960291,0.932619434328863,0.929271588578121,0.935846785720285,0.940525681084814,0.940460942922236,0.9411339190174,0.934795673965713,0.938026763932026,0.945780306747572,0.949890246196036,0.948776917264202,0.952148015641318,0.963469864408514,0.955259935643329,0.957979345290152,0.945905102568831,0.940159529839944,0.936274483281274,0.941697409614265,0.938035920373198,0.93538315998967,0.936341185644977,0.935314916901459,0.9330790224286,0.931740685323709,0.928183178121716,0.924721524221469,0.923298454845324,0.932707859412707,0.929375470367154,0.938619822473782,0.938366061245791,0.938923663318249,0.955898452709058,0.955408937050285,0.987253919216863,1.01326367266519,1.01461551187085,1.02942373680501,1.03901026126649
3,11,0.993546581696716,0.995876558336935,0.997837939364148,1.00039213214347,0.994763178253559,0.990680732016947,0.992626327447582,0.992424870291459,0.990934728047333,0.982607317240858,0.983045969736798,0.998839203160481,1.00122161997737,1.00175805053802,1.00670153468313,1.01076570430616,1.0222141257652,1.0222141257652,1.02154930122863,1.03125644144013,1.03106605141487,1.04698753197338,1.0562528410194,1.05747558146224,1.06591396419662,1.04885948660594,1.04752132028148,1.04614858103788,1.04425243304479,1.01769121155251,1.01854016649083,1.02663324799372,1.04432942752274,1.04325911329078,1.03404140915816,1.02359527952532,1.02324221804391,1.02324221804391,1.01966842568904,1.01325736915546,1.0138941405268,1.01124947782099,1.00852014182214,1.01029038079726,1.01107510137285,1.01111488480849,1.02741394472051,1.02682143855154,1.01762894508074,NaN,NaN,NaN,NaN,NaN,NaN,0.991045472109653,1.01220614080411,1.01222493012213,1.01105356773739,1.00761417333767,1.00820019479943,1.00836785698509,0.993673099609692,0.997477267188945,0.998939737713666,1.00237430047119,0.996060134483158,0.995728848838481,1.00110586396029,1.00111575670842,1.00323640651145,1.00458632849877,0.997441221099982,1.00129328722912,1.00883849458975,1.0044232689398,1.00063002850931,1.0049139473372,1.00652641990465,1.01507208924388,1.01527088224623,1.01607913035944,1.00940891406285,1.01255624923991,1.01255624923991,1.01912469747875,1.01174658932018,1.01426616304693,1.01297426154398,1.01191308345858,1.00987228615044,1.01207510810931,1.00578767104372,1.00709640419718,1.0080091659504,1.00580342184178,1.00500499447972,0.99774111159586,0.998189764894615,0.997787560481745,0.989458200982226,0.985312864655149,1.00689997511627,1.00265814367628,0.999633975212662,1.00601913047444,1.00336439434155,0.993976585660744,0.994568146747899,1.01247528390139,0.999258054313268,0.999979611307192,0.98154910557125,0.984370529444429,0.983957595776831,0.981433579246014,0.979180789299906,0.979537642910947,0.980289088088548
3,12,0.997593252862189,0.999442933027619,1.00018230603008,0.996888184531245,0.993139931853042,0.98696695677075,0.988291559963773,0.9882085418364,0.987995773707491,0.990824243107281,0.990131507046509,0.995288571309185,1.01087155459817,1.01367471292211,1.01454492857885,1.01519963647933,1.01082568177877,1.0098767804755,1.01005294312172,1.00385842588288,1.00222955970519,NaN,NaN,NaN,NaN,NaN,NaN,NaN,1.08407377376435,1.07505672340614,1.06650841053864,1.066683369324,1.07221765653824,1.06832444957973,1.06832362763798,1.06690194914463,1.04991199152929,1.04763550808019,1.05785270122656,1.06121387275287,1.06136869989409,1.06889717831231,1.07254933347801,1.06615834953959,1.06591990200417,1.06601118448249,1.07307349318015,1.072470695215,1.06556257186363,1.06555042870149,1.06807609178233,1.06520523561236,1.06021778617086,1.05865129946208,1.05757503421008,1.05911924951937,1.06829789402155,1.06825484710934,1.06829650133179,1.06545681807494,1.07067446292163,1.07327295952519,1.06795010617434,1.06939517186899,1.06939517186899,1.068578013889,1.07011692638008,1.07215240112702,1.0679507314579,1.07288779134715,1.0743759346362,1.0732782120163,1.07121718295973,1.0836139747485,1.0825643192756,1.07948236187076,1.07814780442939,1.07729716637173,1.07711345057089,1.07566542344998,1.07020280141784,1.06997370969495,1.07577648744069,1.07346997606176,1.07483098092915,1.07816396511366,1.08017965575064,1.08150210500463,1.08179656665196,1.08483707562236,1.09745784845622,1.09796628322533,1.09628196387352,1.10743501306596,1.10542696275981,1.10553585272397,1.09747920045446,1.09116914572632,1.0987607416192,1.09838882284271,1.09771567655566,1.09759999733777,1.1152141200401,1.1222822642959,1.12158966969886,1.12042236077304,1.13126881555775,1.17084198162089,1.17094500769952,1.19407239526605,1.22655575867616,1.22541854234634,1.2451430549645,1.24231961671928,1.25053591105495,1.24910882865947,1.18834044446015,1.10583566580385,1.10486832039153
3,13,NaN,NaN,NaN,NaN,NaN,NaN,NaN,NaN,NaN,NaN,NaN,NaN,NaN,NaN,NaN,NaN,NaN,NaN,NaN,NaN,NaN,NaN,NaN,NaN,NaN,NaN,NaN,NaN,NaN,NaN,NaN,NaN,NaN,NaN,NaN,NaN,NaN,NaN,NaN,NaN,NaN,NaN,NaN,NaN,NaN,NaN,NaN,NaN,NaN,NaN,NaN,NaN,NaN,NaN,NaN,NaN,NaN,NaN,NaN,NaN,NaN,NaN,NaN,NaN,NaN,NaN,NaN,NaN,NaN,NaN,NaN,NaN,NaN,NaN,NaN,NaN,NaN,NaN,NaN,NaN,NaN,NaN,NaN,NaN,NaN,NaN,NaN,NaN,NaN,NaN,NaN,NaN,NaN,NaN,NaN,NaN,NaN,NaN,NaN,NaN,NaN,NaN,NaN,NaN,NaN,NaN,NaN,NaN,NaN,NaN,NaN,NaN,NaN,NaN,NaN,NaN,NaN,NaN,NaN
3,14,NaN,NaN,NaN,NaN,NaN,NaN,NaN,NaN,NaN,NaN,NaN,NaN,NaN,NaN,NaN,NaN,NaN,NaN,NaN,NaN,NaN,NaN,NaN,NaN,NaN,NaN,NaN,NaN,NaN,NaN,NaN,NaN,NaN,NaN,NaN,NaN,NaN,NaN,NaN,NaN,NaN,NaN,NaN,NaN,NaN,NaN,NaN,NaN,NaN,NaN,NaN,NaN,NaN,NaN,NaN,NaN,NaN,NaN,NaN,NaN,NaN,NaN,NaN,NaN,NaN,NaN,NaN,NaN,NaN,NaN,NaN,NaN,NaN,NaN,NaN,NaN,NaN,NaN,NaN,NaN,NaN,NaN,NaN,NaN,NaN,NaN,NaN,NaN,NaN,NaN,NaN,NaN,NaN,NaN,NaN,NaN,NaN,NaN,NaN,NaN,NaN,NaN,NaN,NaN,NaN,NaN,NaN,NaN,NaN,NaN,NaN,NaN,NaN,NaN,NaN,NaN,NaN,NaN,NaN
3,15,0.991583692558737,0.992590537303337,0.992590537303337,0.993652219783209,0.996228695325451,0.993189701273141,0.993245143881396,0.991152996944939,0.990836782435142,0.989787824038602,0.999396202076328,0.996396460264182,0.996605685319475,1.00710779734502,1.0098293107551,1.01303385996933,1.0176384244649,1.02097370581909,1.01416042313928,1.01393280600391,1.01587070886181,1.00056668862452,0.991037741144298,0.991037741144298,1.0034181689486,1.01803743928589,1.01803743928589,1.03268501250259,1.03611867277646,1.03766656981809,1.03171572150551,1.02473445288459,1.01906664274734,1.02024827989733,1.0192727740669,1.01446789572148,1.01446181872257,1.01302221542097,1.01076337082686,1.01232180138142,1.0065522960081,0.999503423132764,0.997830597223425,0.998691403564179,1.00882187965353,1.0058227035509,1.00646756260612,1.01335320642829,1.00761576532174,1.00953790691867,1.011408885211,1.01309795321699,1.01433531294733,1.01433531294733,1.0069392074008,1.00350631065498,1.00452932717212,1.0069418852782,1.00465573121489,1.00134730023302,1.00101110555454,1.00024058974567,1.00208482127958,1.00184623572289,0.992872478611335,1.01358903651605,1.01035362993487,1.01040909696844,1.00620589153126,1.00644873794666,1.00713173156169,1.00880772353596,1.00622936640417,1.00454426935531,1.00536233075276,1.00137061534245,1.00155753041054,1.00420476761668,0.997975981127586,0.997785085847327,0.995610993070891,0.996244494586678,0.992199209114645,0.99531932762229,0.990809504213117,0.999081902506138,0.995201012625542,0.996681581487548,0.993481730412213,0.990348299403683,0.99576428601343,0.994499603940524,0.995587071666229,0.995859127319859,0.989435749155176,0.991988217765465,0.988531960013176,0.987359691122115,0.993516967909845,0.998294926514584,0.998836547073636,0.991016457691076,0.99688120369804,1.0060821226685,1.00649978025522,1.00676462625084,1.00343233157215,1.00396147715335,1.00097340549111,1.00775035691314,1.01078471402557,1.01305956427189,1.00927290101293,1.00837544742254,1.00971457948145,1.00206233588154,0.992531241294092,0.992833240552239,1.00162688778317
3,16,1.00264567943684,1.00498664462581,1.01949944140876,1.02526462552138,1.02172191513088,1.02095909880061,1.01694939335794,1.0096160106526,1.0090939253141,1.00729056685045,1.00645627613984,1.00624209590559,0.993693328205501,0.985666006975756,0.974158886420764,0.977544401639655,0.974407323767744,0.971902189922881,0.971902189922881,0.960345948482658,0.953674279380067,NaN,NaN,NaN,NaN,NaN,NaN,0.970165979881121,0.967211528966631,0.965796087163281,0.956682706830588,0.957911367573964,0.957911367573964,0.958018790844408,0.956618734731454,0.956120601044152,0.956704974916691,0.952853866332814,0.956403256886308,0.951113795342549,0.951022487596209,0.954821970375187,0.954874195084258,0.945778331430135,0.942022967284376,0.943549151431855,0.940994846390783,0.940294814469443,0.937691433211433,0.937691433211433,0.934194059632337,0.934543830258447,0.934749345066417,0.938719470500068,0.934763294524086,0.934957753040812,0.939135446025339,0.933997904833239,0.936817348302308,0.936572427270834,0.932003238821032,0.934908975073305,0.934885677701344,0.928365580772695,0.931415847004083,0.931872476539934,0.931327121785371,0.934687312052751,0.930360440001876,0.931906847614514,0.926617755376637,0.926394866956575,0.926301433308263,0.930902951533327,0.930860398841488,0.931819726713278,0.928511549401409,0.935862843353787,0.93225261625959,0.931391006367261,0.934299213950986,0.932224077938833,0.938784074002669,0.935832503388216,0.93328184110221,0.930333487422649,0.932120704458312,0.937145001179692,0.933831240766898,0.940792810679694,0.937929848611784,0.933621829047542,0.935057534322628,0.934970702517829,0.931615338273069,0.938303817067515,0.935423372114139,0.93918845378291,0.942124172980352,0.941930771657475,0.941326653993218,0.945203749828931,0.944903825445678,0.944650731872551,0.941018416186664,0.942961160110611,0.943523716435664,0.939528751640965,0.93900311773576,0.938022562004312,0.94157028493952,0.934736016828591,0.93734704845734,0.938223771189757,0.936431463815279,0.938135523563919,0.938135523563919,0.937121388467738,0.940243999378256
3,17,0.998888470753431,0.997077834180971,0.999390021411662,0.998488638794346,0.996800132124026,0.994111135711351,0.994663617991285,0.98974720888679,0.978943084258892,0.979130484984918,0.9953248784876,1.00369281245255,1.0122159713299,1.01236430157314,1.01644397468425,1.00912507068976,1.00923899773993,1.00692821818349,1.00742514576171,1.00407151268124,1.00504122308741,0.984979477596986,0.978787958468056,0.978446053064271,0.966870674554073,0.962970943642523,0.970904523955865,0.987257221228868,0.992881110843137,0.969947036862657,0.969947036862657,0.977685382177738,0.969904256511851,0.968422797974099,0.98048937821862,0.984674518912902,0.982949158094049,0.982736827651589,0.999229387045595,1.0286577745778,1.02628745261019,1.03725047986259,1.03262700444637,1.03266003167501,1.02386637797038,1.01491826841994,1.0146534310949,1.00632323828886,0.994986684840075,0.994474502140742,0.99133502001163,0.979890768549672,0.976187195281087,0.976187195281087,0.972680997284525,0.971852261389837,0.967727146789528,0.966112977248478,0.956805365068912,0.961201933975288,0.960893391644657,0.948015443104982,0.951364813087623,0.947790525276425,0.954468258620207,0.944208156249587,0.941933986637405,0.946905001972597,0.941222535213166,0.935031245493903,0.935719834764169,0.932880295398566,0.931133285651182,0.930145215489217,0.931145373100538,0.936897207481219,0.934887283344809,0.935099761790611,0.932144366024932,0.930758805224452,0.931472603661309,0.933663235616858,0.93019393477687,0.932808279374405,0.933105502509624,0.930141200083684,0.932112730155017,0.931852424023537,0.936921576400836,0.932868279247885,0.931840543510514,0.929589456111024,0.930272083375899,0.933136166726745,0.936262433255393,0.943053200510623,0.940393199800469,0.942393405878241,0.93491367405652,0.936826195625703,0.935591165767,0.931898085363934,0.931510615922112,0.932130294200377,0.930423964404608,0.926852078077817,0.925001587684735,0.928291629444523,0.930709692527466,0.931102387042073,0.93078922131141,0.935129364631225,0.938289779619361,0.935430639257107,0.935979311400886,0.936216603807314,0.936371216010632,0.936430536793377,0.926530374269371
3,18,1.03403267846193,1.03200243520631,1.01860625628097,1.01486532516184,1.01494191224729,1.00792831832189,1.0046586754595,1.00445967510585,0.997723685229753,1.00084410669243,1.00084410669243,1.00074141261816,0.997579692954334,0.992839249497756,0.993154884527972,0.964678400007232,0.968664090069295,0.968704068467352,0.982731026997714,0.999579386684022,1.00305020714507,1.0149408183439,1.0043902856291,1.00846156944679,1.00853498599589,1.01920635571506,1.0209546021841,1.02083069517643,1.02754781595407,1.0177088824564,1.0158939804472,1.01589525132873,1.01518749037483,1.01535910024879,1.01555022471016,1.01615092259944,1.01483378113542,1.01478734974248,1.00186582463092,0.999869177169153,1.00404784709999,1.00404784709999,1.00554623558893,1.00596321741145,1.00608054150213,1.00157486264601,0.992881355299751,0.989827144324514,0.99048827700163,0.987934292050916,1.00157295472258,1.00153134321968,0.998279379196921,0.998010257627705,0.998010257627705,1.00157950053815,0.999092349563127,0.999319026414136,0.999319026414136,0.998008376255998,0.996256736087687,0.996593118729013,0.994436120968355,0.997742352088622,0.99754196350465,0.996354769499142,0.990134732807285,0.989400452198042,1.00056016335194,0.993132079180524,1.011743120299,1.01835287211374,1.04417813229637,1.05166308168719,1.05295068603815,1.05257785437794,1.0382153923249,1.03988300929521,1.04092792688985,1.03120206430247,1.02461140844062,1.02419060717991,1.01940609575791,1.01254146302743,1.01144184679612,1.01144184679612,1.01235260151572,1.01464081855399,1.01362592312314,1.01708281861108,1.0133146395627,1.01732016716361,1.0148251990225,1.00897573155027,1.01027133749546,1.00799178683989,1.01833483802253,1.01107663731743,1.0165600041385,1.01265567735666,1.01244909886912,1.01880363495002,1.01910626357428,1.01065518362946,1.0155974287497,1.01921318451414,1.01405338637457,1.0119862687393,1.01333881791464,1.01206549756071,1.02025219759029,1.01607586580808,1.01607586580808,1.01734142135684,1.01363676527725,1.01398712882347,1.01896542810518,1.01310351928209,1.01198846145273
3,19,1.02712613154406,1.02907539107813,1.02263310364413,1.02534475287483,1.02252035047162,0.977419472232621,0.970069156709178,0.972149620408452,0.983200938071962,0.981299342108694,0.986074393912003,0.962959217071564,1.00363541874526,1.00331303167832,1.01189767474243,1.00819335174775,1.00406930134932,1.00450145264897,1.00451789896072,1.00277050590341,1.00365171549654,1.00040833582605,0.935429121877926,0.829728265182039,0.822365555034158,0.805875586164525,0.801331963785526,0.80088197463701,0.802795804778445,0.799934083130418,0.801635755191712,0.801755168138167,0.798012098422766,0.790861448116849,0.791194829853287,0.789884638936477,0.816784820249299,0.816642678450343,0.85131920071724,0.844241118662147,0.842840996600437,0.841075401596232,0.841498199271464,0.838322940619298,0.838212222500245,0.840721318441778,0.846545055069635,0.845799036504348,0.845846512931353,0.849516374296445,0.850128901631744,0.849931304238284,0.850676984002927,0.85745515777407,0.857841732340443,0.854282707409947,0.846576932853712,0.846883548296435,0.840175683509018,0.85890479948989,0.852064191527718,0.852146908370008,0.859059619625864,0.869977231921405,0.870743560604458,0.871455778105046,0.863777592767899,0.865282886663748,0.859243426861284,0.850892869671592,0.844196434513901,0.845663321505775,0.837111966601148,0.834267389888191,0.836217432213885,0.831153976940582,0.8330522899129,0.826765431046793,0.826136245097201,0.813751873547354,0.768628797316411,0.765170499523324,0.749070149054725,0.743519925646187,0.743092708648148,0.752322054414172,0.762279485965936,0.760656553798136,0.757680990915007,0.739932529225803,0.743804171206615,0.743804171206615,0.741886142297815,0.738118746750737,0.738118746750737,0.736269151093319,0.737311775241249,0.723142626561721,0.723142626561721,0.746255248635462,0.719992359288468,0.719713630310069,0.720225353082368,0.728103408931613,0.727194029603366,0.727714443841284,0.72279441390292,0.715455238232496,0.712416311510904,0.71230008450885,0.704925890446911,0.706542255734311,0.705583960501288,0.705547859509769,0.703726562320632,0.705243164970914,0.708315530544806,0.706590886526495,0.70701192068435
3,20,0.988710713638421,0.993951724492616,0.991104756545585,0.996326700973493,0.999091829977949,0.999701344452728,1.00472540475316,0.991779524010774,0.996307602175523,1.00485292997854,0.998988365345715,1.00353771167163,1.00238778247018,1.0108029907012,1.00911295513136,1.00197140168581,1.00565380357806,0.997471293214081,1.00352116520316,1.00270145900826,1.00057809285158,0.997182453204504,1.0042253007025,1.00502966088396,1.01638151196156,1.03677664904175,1.03904191443279,1.06198358794263,1.0660202389998,1.06606197529371,1.05042590101016,1.04554668374478,1.0420538284783,1.03532635951676,1.02831086771315,1.02878662675877,1.02481362075175,1.02203171388122,1.02270378963188,1.02270378963188,1.01248402255066,1.00571540883645,1.00710679769556,1.00710679769556,1.00347354418907,0.969709559277044,0.97051453757471,0.995142152322991,0.996031267718648,0.978426788414407,0.978426788414407,0.953685373757475,0.948907324246033,0.948599793692615,0.93235968131176,0.927306683456963,0.927600705345084,0.906758141145618,0.89052669194709,0.872579262085425,0.874447568659291,0.862115824643044,0.85088896636873,0.850296703730082,0.840693127722718,0.836719658672783,0.835026506347334,0.832663734929186,0.908092339212803,0.909812776686988,0.914338144355081,0.891020288413465,0.888410049988107,0.893010951465839,0.892879149141693,NaN,NaN,NaN,NaN,NaN,NaN,NaN,NaN,0.791001457679515,0.794279012548347,0.791216781519764,0.78747665950723,0.78747665950723,0.783390329784414,0.783269027515123,0.785632046945863,0.784269991217831,0.789463626107062,0.789648460787462,0.793292114747434,0.788552478158446,0.78661971352434,0.786636879475892,0.789245547013479,0.788005309757109,0.786437840672269,0.779445119349399,0.782527055466554,0.770861130410515,0.77051447131424,0.765127694784747,0.76912096554016,0.769337083477628,0.794751225355833,0.807282848737604,0.806335211144028,0.804108447037181,0.799975691327898,0.797568947483739,0.797528999358676,0.789102994414664,0.791651850929544,0.791872440121821,0.778803702888154
3,21,0.969752391685209,0.962247635533831,0.959519340616084,0.961663419679729,0.980324148890904,0.985765687237924,0.971500877642248,0.971405184484288,0.963623397320887,0.972373255500293,0.973843259824232,1.02612392007603,1.06695772058874,1.05689207970441,1.04854029993116,1.0281218542135,1.03469924603659,1.03462965732979,1.03201662370413,1.02857718873584,1.02607454731357,1.02221360299038,1.02928744149,1.02182443885967,1.01903645356779,1.00770346153941,0.992135981784895,0.991815624927533,1.00351871329434,0.99685793052237,0.997390161098735,0.980329752680913,0.978443230593596,0.976809239563426,0.97281264638809,0.970820200479298,0.962189625850252,0.96236696098975,0.960607471341763,0.953299780746118,0.95286343688953,0.948441634010093,0.949785883128934,0.943178502131127,0.941632577772975,0.951428219235501,0.963697079811089,0.963697031218868,0.987227415858225,0.985405058955387,0.972152988498268,0.972960192917308,0.975195399387063,0.984358422500057,0.976755761993309,0.96574044672591,0.977058947672986,0.970765140638835,0.970765140638835,0.974563442651601,0.973210488241616,0.972664098869422,0.962900473892906,0.973796455934327,0.973441058397058,0.966591053658393,0.969488454497254,0.963444190018042,0.965415936398642,0.966483441824889,0.967550947251137,0.967550947251137,0.956310230486432,0.971458878528925,0.971458878528925,0.979940223033638,0.992761519607166,1.00558281618069,1.01840411275422,1.03122540932775,1.02750257648712,1.02506867816499,1.00762867950381,1.00381031962044,1.00289583161188,1.00520715826207,0.998630924089518,0.9840136247114,0.9840136247114,0.986204375275725,0.975734797928931,0.975937483411958,0.974648326509705,0.974698288700155,0.977600018286463,0.977110032591201,0.969910632093482,0.975992313741364,0.974823997163356,0.967238949654759,0.972438878671003,0.973240480176748,0.978356712664796,0.980089028942352,0.969991805384898,0.965594017811939,0.949657065447672,0.941675733181495,0.944386880228647,0.930836294693484,0.926461129473507,0.927200289558775,0.922526533508933,0.923691937461997,0.914327059251216,0.914275521062603,0.917885339663931,0.924866203310218,0.924282912075687
3,22,1.01189921748595,0.988810070409565,0.984207585194456,0.980091865291373,0.979817172191381,0.980749806974719,0.976348969677975,0.977427787654932,1.03717453028777,1.01722222811241,1.01640142860121,0.99892482966245,0.998855228171921,1.01341390022739,1.01333389688479,1.0118721018081,1.00594710735276,1.00967345675897,0.997828817251875,1.0001037269454,1.00876278311887,1.00787590974314,0.997413601903415,1.00912259653942,1.00942704033668,1.06790217411211,1.13232108818245,1.13390680264135,1.15450560156511,1.18259749628495,1.22275242708582,1.22375532579828,1.26812589925278,1.26341689841487,1.26673254784253,1.26880131399311,1.2864943302975,1.28474676122485,1.29645011841186,1.30678597702204,1.28284082461478,1.28380906358038,1.28816013021326,1.29223147104263,1.29068309479476,1.28483711687253,1.29167208802914,1.29076240703809,1.28965467815031,1.29481787825286,1.2892846992689,1.28585065022289,1.27304006671763,1.26674160153685,1.27088914096638,1.28451591979261,1.27858790668533,1.27157313343991,1.26912830762183,1.26582207521981,1.26280626378787,1.26637481746961,1.26422795920083,1.26299561355051,1.26655535372747,1.26655535372747,1.26286530934517,1.26876985084459,1.26713599502435,1.26671304828314,1.25916433490118,1.26098384400871,1.26800451175604,1.26128534002898,1.26168987344406,1.25802622380645,NaN,NaN,NaN,NaN,NaN,NaN,NaN,NaN,NaN,NaN,NaN,NaN,NaN,NaN,NaN,NaN,NaN,NaN,NaN,NaN,1.3558749602831,1.3440010429326,1.3444256059719,1.32607398454494,1.32081277043739,1.31704070419816,1.31598878423643,1.30747897169411,1.29974344224267,1.29944109621966,1.29088617045439,1.28893447868459,1.28844884607784,1.28264403292101,1.29037682384788,1.29037682384788,1.28389757848771,1.28024518162134,1.28242758479204,1.28242758479204,1.27617610859377,1.27919046339492,1.27887144244657
3,23,1.17227107276412,1.17443268589246,1.09493918454627,1.07193601518903,1.07350315527334,1.04187937453449,0.98347433674771,0.969686372739863,0.969686372739863,0.95534143854143,0.946036578064497,0.945934320229947,0.937749669206115,0.93315387554554,0.930339305640081,0.931364636617141,0.926071825320137,NaN,NaN,NaN,NaN,NaN,NaN,NaN,NaN,NaN,NaN,1.2670258018552,1.26202278599028,1.25327988800569,1.23379139294521,1.24229214354446,1.22790132716643,1.22719186004813,1.22983461379504,1.22934820226395,1.22107165246706,1.2238580557006,1.22412145539695,1.22590993520913,1.23221243268716,1.22608710614701,1.22573464777514,1.23595626331078,1.23983163652735,1.23968468164251,1.23972259475041,1.19828884195433,1.19497686550025,1.17904856238987,1.15446808701303,1.13939590642965,1.14006281264302,1.13763027174287,1.12874273994689,1.13035680928142,1.13227409293877,1.12971038315836,1.12910532302396,1.13187629937492,1.13601746432051,1.13290423324445,1.13322749414053,1.12802720106005,1.12420972058843,1.12305932178619,1.11031543288578,1.13804527697517,1.12397147354035,1.12423030361382,1.12539487623073,1.13146638334013,1.13144148874157,1.11944261182909,1.11576980473429,1.11277045115421,1.10921703535612,1.10637412847709,1.09018915798613,1.09245175425508,1.08235283395619,1.0853652749675,1.08994794995382,1.08210481986008,1.07698541835536,1.07691863485396,1.07850118958722,1.07976792277038,1.08060097610092,1.08069623038421,1.073760236649,1.08504981134641,1.08579580895547,1.07715446925111,1.07858878315371,1.06778208369519,1.06778208369519,1.08402127299571,1.09077753868434,1.09136893383558,1.10953970091466,1.11355135880251,1.1145225979352,1.11084511657472,1.12164363607808,1.12472040896896,1.12472040896896,1.09864603413326,1.1039968040202,1.10460524778585,1.1054846828849,1.08631534235896,1.08633724985462,1.09292655802535,1.09629557672796,1.09962854072506,1.09857446994703,1.12146326571089,1.12138644142938
3,24,0.997666555171662,0.993642005947714,0.991859917702426,1.01989931685536,1.02105135738946,1.0121132773758,1.02011435875733,1.02510106186705,1.02455591484394,1.01490158608203,1.00777419353277,1.00777419353277,0.992646811831061,0.982279044373632,0.983025761371286,0.98393048513669,0.984414576525572,0.968036279977181,0.969213301726257,0.96403942883326,0.966749126485379,0.966962505895918,0.950072743839862,0.936719835711079,0.936951999284304,0.936421432630728,0.946090988236938,0.946476449079883,0.946476449079883,0.946638953727398,0.950913610344763,0.953412060599623,0.953412060599623,0.981994682432272,0.974003857837487,0.974003857837487,0.962984270904825,0.966530266088281,0.967804896136688,0.965385996629801,0.971560907516025,0.972862110230824,0.976624350356762,0.976996644478217,0.970333820254394,0.971212421994106,0.976163517112396,0.962429107338262,0.959167643330494,0.966060541482432,0.976567162850248,0.960641901270008,0.961929681747099,0.967291140418166,0.949538167571611,0.951043308050238,0.961359024733425,0.961355822333515,0.966527647328232,0.956940578254489,0.959533863941822,0.952385861054072,0.952294708041181,0.957559977984013,0.960071821838699,0.958862176001611,0.957234235337877,0.961847469958513,0.97334657606281,0.975065074338628,0.968410298709773,0.974741766391026,0.968977504181751,0.982718621560379,0.98290217459401,0.983647368150103,0.98199304664672,0.986758853306345,0.991649624237545,0.991668224618184,0.978280227956916,0.978639177546266,0.973092293672856,0.975426832969311,0.963938851358455,0.961302503808769,0.959599652062485,0.971860017572885,0.973033013350974,0.973691299974043,0.972152023639498,0.9702747118859,0.968124004200637,0.960624912447019,0.964810827291315,0.965989920287341,0.965989920287341,0.964300246501729,0.96893340752042,0.967437511826411,0.960475330564896,0.952784410896187,0.952215190866802,0.952544082318709,0.958976568460424,0.964184744533426,0.963803643844323,0.958450799439144,0.965844770429127,0.964507529978623,0.958788454398092,0.986285777852053,0.983472372292917,0.984991578314367,0.989962233033177,0.999552665589327,0.999305058537544,0.999186885363698,0.998083802769919
3,25,1.00955973100278,1.00386197815286,0.988985518039005,0.988985518039005,0.993945553489907,0.981831233100389,0.982268459340497,1.01108712227716,1.02152990194483,1.02363982541388,1.02363982541388,1.01651396459195,1.01111381755369,1.01172266829691,0.997579891109902,0.989043279244106,0.981211116352397,0.981211116352397,0.982269480284443,0.979399060965542,0.98149333565651,0.983510803423109,0.983705841305655,0.982635286389529,0.967999956488708,0.972142067589316,0.977175353171614,0.978679783203363,0.989427899860926,0.992865397439608,0.992865397439608,0.986986288530186,0.978775160250907,0.967143381102683,0.970303619988328,0.961768943282144,0.963486559607804,0.964922398082443,0.961704823273648,0.959166358314016,0.959243457912704,0.957629480899647,0.964366610084402,0.96378563419035,0.963342743359458,0.956325839213325,0.965617533137196,0.962974132834526,0.955701172743398,0.939458951793331,0.939742786909326,0.93259219917494,0.938671511878596,0.937403276109001,0.940808673976841,0.941822118609271,0.943602872107372,0.939424271808101,0.933631155032821,0.935162896104887,0.931618991382485,0.930947893189671,0.93457609793544,0.930653537463562,0.930003596374119,0.926397566872207,0.949512114707876,0.949470549202622,0.945113350341668,0.928200773466004,0.953095068172819,0.953261244377875,0.95455180959408,0.951771930476808,0.952275431081253,0.945677516716593,0.953872946551984,0.952706931856495,0.949259979731147,0.94991860193401,0.940482640521259,0.940164547841799,0.94162800441336,0.938983871989618,0.938597909868336,0.938847605885816,0.938473688365306,0.936796719312649,0.938812030401206,0.946743373008886,0.95108532564008,0.951227309962965,0.978776538702399,0.965459881935902,0.964549074888269,0.970097780232819,0.971116556311136,0.958289388783034,0.956883656247286,0.954497398341721,0.950260809373279,0.950313230324189,0.958835360413013,0.95305024885944,0.950818893316224,0.951163974513524,0.950697813275123,0.953993926156296,0.958368430612422,0.955799371385012,0.951684200893107,0.951684200893107,0.953749109231465,0.948693733233421,0.949463792778814,0.948089111891924,0.94688824969579,0.947614848217594,0.949197927630571
3,26,0.997527424312134,1.00595006993184,0.994104461656299,0.996231624886784,0.987839242867695,0.986525459332958,0.987252065927577,0.987726092841383,0.985108823267269,0.987271919978255,0.993304309057833,0.98945619184975,0.989118847028699,0.993116363247142,1.02433433559633,1.02664995434735,1.02672397275033,1.02156349371497,1.02019534740541,1.02144032860098,1.00257468850368,1.01254092168857,1.01260461036928,1.01348939191577,1.00108145287004,1.00248627706247,0.99893352357843,0.995676660071706,0.991072009333663,0.978601997300832,0.978117383481743,0.968894949300873,0.971417715890972,0.971188919086314,0.971174922871427,0.979409494478895,0.970405499076542,0.979467859195613,0.978833915610812,0.968289347096211,0.967045754893422,0.961733058962138,0.969562263963686,0.963981772847607,0.953015513629125,0.954878530855312,0.948821225323748,0.951561928940239,0.952573922608687,0.940494669661115,0.940494669661115,0.952198047758756,0.95384337741566,0.951887410086044,0.947695302561269,0.944806407170398,0.945374073110445,0.94542442093029,0.950060811583271,0.943900262561699,0.944356352996388,0.946700967284353,0.946508821902681,0.946545969151578,0.93754774400703,0.94045649140158,0.974051340453948,0.974051340453948,1.00659349537304,1.03112912360282,1.03223937986961,1.04045335934391,1.07210444198681,1.08146409562631,1.07964284597993,1.0662601237313,1.06047459553833,1.06093284254434,1.05541692792269,1.06222922461643,1.05887012652168,1.04495400618905,1.04277868079841,1.04178729431901,1.04135550396316,1.04313161037885,1.04490771679454,1.04668382321024,1.04845992962593,1.06810846353075,1.06810846353075,1.06932262585499,1.08929199051065,1.10353506793656,1.10353506793656,1.09251881936486,1.07812972756888,1.07808046595069,1.04768960122807,1.02611391488683,1.03272824274776,1.02534059712591,1.01096903498631,1.00072669461919,1.00115013298137,0.994309161466518,0.990198016291484,0.988976644120199,0.988162273453074,0.981447296180333,0.984562779570704,0.982060058158279,0.981099992092038,0.987482607890385,0.982677819564407,0.984494575295402,0.985446644883132,0.980014606621797,0.979526777855236
3,27,1.03966476665554,1.0357517961555,1.02758987807242,1.017157316125,1.01508332990889,1.00333964621209,1.00507907521124,0.996175032891632,0.990731596712424,0.984409234885955,0.990248583463543,0.990791762180289,0.989620356030525,0.99283293690075,0.972478300265499,0.972478300265499,0.983545207487063,0.9961986373269,0.996824243249264,0.986490409340216,0.983055283520819,0.983014188132256,0.969193443019664,0.926855514628294,0.916761333916147,0.915857366573854,0.92854032850379,0.928535713504533,0.928173371355979,0.949373346804213,1.00455429048265,1.00266223390886,1.02809724254072,1.04024536395312,1.04874163947744,1.04844884830434,1.06477228191607,1.06042385401682,1.06059531788061,1.08037749064264,1.09115180219109,1.07943373381443,1.07929401270633,1.08365815669643,1.07146750755271,1.07141349800179,1.07586986759505,1.06215503250994,1.06204723778954,NaN,NaN,NaN,NaN,NaN,NaN,NaN,NaN,NaN,NaN,NaN,0.90976923297551,0.909078675947821,0.904761713414806,0.894109413649927,0.902103509304216,0.901040075367756,0.900366578049144,0.905086009711312,0.899136165204283,0.899745301850429,NaN,NaN,NaN,NaN,NaN,NaN,NaN,0.948935209877781,0.954720533395053,0.954720533395053,0.951788097841859,0.936010808071081,0.936230368691008,0.930341654621122,0.931684960283011,0.927818913112103,0.930467246758785,0.932950775646273,0.925685642829181,0.925617707804492,0.926432874216573,0.926096312901545,0.926140590612968,0.92805149371926,0.930287378729969,0.927447225027785,0.92967587377664,0.935198815337335,0.968340872491986,0.972479538909979,0.958746725122485,0.961986571130937,0.961404600922487,0.954058836830852,0.954634405327785,0.975518397843999,0.975518397843999,0.94728361883944,0.935286044393565,0.935286044393565,0.924515313854249,0.912223401855378,0.900399994762696,0.900399994762696,0.895872979535406,0.883005368758463,0.882514113226399,0.885455343743352,0.890917294855786
3,28,1.03209074786104,0.999629760667065,1.00180951361687,1.00934017507054,1.00881723207147,1.00169850684887,1.00071451224596,1.00079555022544,0.989266049582047,0.988914680518889,0.981211035719747,0.967918433211952,0.969770037688364,0.978166445326832,0.986562852965301,0.99495926060377,1.00335566824224,1.00335566824224,1.00220708841235,1.00892667052186,1.00892667052186,1.02650316220629,1.03995554322469,1.04295732084976,1.04271775896972,1.04745204945154,1.04838472359957,1.04842179115007,1.04615376546969,1.04946848008947,1.05398938662441,1.05805111963165,1.05196859608331,1.06513319112099,1.0652465536628,1.06229391172277,1.07007669578901,1.07163389923264,1.05509356743533,1.05490670122269,1.06232790826869,1.06284386817763,1.05622360262709,1.06015536637084,1.05487023719146,1.04580196924421,1.03948393512449,1.03948393512449,1.03145018879169,1.0374611983596,1.02721982696406,1.03160530879328,1.02049375535541,1.03336386978608,1.03182866568592,1.04105416466553,1.04295574194801,1.0450001453688,1.0403872793307,1.03750335216299,1.04183149652232,1.04284554097177,1.06347576865599,1.10343073726127,1.10269794203674,1.07751942625632,1.0767000998863,1.07491298894729,1.07364641003038,1.06350530837362,1.05549007844125,1.05554273691561,1.04802017886026,1.04722513372455,1.03711804076454,1.03712992674038,1.02859940518936,1.03172251844649,1.03174521346724,1.02800436059414,1.03122835247843,1.02378345710109,1.06907908436507,1.08301805070843,1.07790309808926,1.0795115519642,1.07472195768181,1.08379263198574,1.08407921918689,1.10983355263947,1.09578363532592,1.09154301752377,1.08445413542122,1.08864712321045,1.08393314301883,1.07739803108037,1.0710821153752,1.06395152872986,1.06573355788417,1.0663223384236,1.06161301027421,1.06161301027421,1.05884002878821,1.04952060384844,1.04862417248622,1.04862417248622,1.04577253226955,1.04442596173085,1.04533845729422,1.04465791226993,1.05371433262275,1.05898760045089,1.05898760045089,1.05913357475157,1.0682983540727,1.06836777911221,1.05641966408103,1.05818783019455,1.05682043424865
3,29,NaN,NaN,NaN,NaN,NaN,NaN,NaN,NaN,NaN,NaN,NaN,NaN,NaN,NaN,NaN,NaN,NaN,NaN,NaN,NaN,NaN,NaN,NaN,NaN,NaN,NaN,NaN,NaN,NaN,NaN,NaN,NaN,NaN,NaN,NaN,NaN,NaN,NaN,NaN,NaN,NaN,NaN,NaN,NaN,NaN,NaN,NaN,NaN,NaN,NaN,NaN,NaN,NaN,NaN,NaN,NaN,NaN,NaN,NaN,NaN,NaN,NaN,NaN,NaN,NaN,NaN,NaN,NaN,NaN,NaN,NaN,NaN,NaN,NaN,NaN,NaN,NaN,NaN,NaN,NaN,NaN,NaN,NaN,NaN,NaN,NaN,NaN,NaN,NaN,NaN,NaN,NaN,NaN,NaN,NaN,NaN,NaN,NaN,NaN,NaN,NaN,NaN,NaN,NaN,NaN,NaN,NaN,NaN,NaN,NaN,NaN,NaN,NaN,NaN,NaN,NaN,NaN,NaN,NaN
3,30,1.01043720510206,1.00193768618435,1.00156510161141,1.01367334844224,1.00527440382413,1.00451788911128,0.997083291654506,0.995353989766994,0.995571001878985,0.994036165729,0.998821384155022,1.00732670519891,1.00662775347757,1.00521394133498,1.00124488793212,0.994441821340989,0.995951125043691,0.985159786805511,0.985762511406255,0.985551609056629,0.990847979427818,1.00943024597164,1.01808566614281,1.01092251367705,1.03310784884269,1.06877074080014,1.07562205332361,1.09849701425328,1.11606035573335,1.12149392609234,1.13351792126818,1.14616613601988,1.14753862003469,1.15212465490461,1.13274103695057,1.12362738014107,1.12362738014107,1.13370661543073,1.12656072857608,1.12684994339086,1.14692877562523,1.14047921176805,1.13623898728723,1.13810318895496,1.13490658584328,1.14332894378797,1.14332894378797,1.1431869705207,1.14251377069863,1.14207291830797,1.14295002564526,1.14250078909541,1.1455079393817,1.14443132833498,1.14496550351848,1.15107085050945,1.15172933726498,1.15264602195275,1.14288926056173,1.12106065072743,1.12111413308517,1.16836199485979,1.16961900004521,1.17060176426731,1.19102444030797,1.19351310652152,1.19700306149611,1.192867505605,1.19946749599021,1.19593829125215,1.17690412838565,1.17094577096484,1.17304936176885,1.17647512617522,1.16934678739965,1.16416991481199,1.17090685230144,1.16950129495192,1.15893040718456,1.1667257668853,1.1667257668853,1.17022101513076,1.16453121893744,1.16309978267763,1.16216972251178,1.17131035552224,1.1693044289024,1.16724395313761,1.17074439615951,1.16868292791253,1.16834440649255,1.16694078495826,1.16678978922145,1.16388030619071,1.16160676671214,1.16669207657673,1.16888023269206,1.17046181537604,1.14255687424262,1.16216586815428,1.16216586815428,1.10236726065728,1.08619908680155,1.0863877614426,1.06304422702744,1.06236803183276,1.06817784980052,1.06817784980052,1.04246867799482,1.0131927451138,1.01436400286037,1.0296026218711,1.01830735621154,1.01780610012255,0.990476694863226,0.985058904855885,0.975203155454405,0.975502996579704,0.975889767207122
3,31,1.02561991936834,1.02519809621447,1.02285901399279,1.01537657994766,1.00798308637452,1.00855234551785,0.99868174498491,0.993937020408107,0.995224347295192,0.995224347295192,0.998017405857296,0.989938497081877,0.991611752011321,0.989382726123581,0.986223343312824,0.984604445706103,0.98864673326503,0.99475331038997,0.988165284852965,0.987997527278476,0.97910460734136,0.969996038203367,0.970581072974871,0.962144334499199,0.975694179630302,0.985198946880464,0.985494240284318,0.995756548742585,1.01467315050125,1.01015210979865,1.02900751015427,1.06763902093016,1.07877964909512,1.07895801040613,1.06619081336926,1.04908606297984,1.04875904695267,1.06475333666762,1.07372786890721,1.064659710129,1.06238961665244,1.06937690142662,1.06911121920992,1.06638924675907,1.06219063134925,1.07096843823821,1.07096843823821,1.0806864185507,1.10724654537089,1.10781442278566,1.09239645506269,1.10185439341188,1.08672714824751,1.08672714824751,1.0865329221285,1.07809106939364,1.07817320032854,1.06733736970434,1.0606534658206,1.06149473038333,1.05903823058985,1.05839879188354,1.05184450549766,1.05265399776413,1.058081496363,1.06748674600339,1.06072202648533,1.09627514382383,1.10257756899789,1.09530869720961,1.09127368660971,1.08911175804753,1.08428696194059,1.08428696194059,1.09029961219622,1.08434941937533,1.08434941937533,1.09335206022199,1.08574459915241,1.08561213564093,1.08390723165938,1.09140192553437,1.08537959903935,1.08383351335198,1.08411309859098,1.08025664896079,1.0799103898365,1.09182617725922,1.09649662205552,1.10742843539769,1.10404659663576,1.12388879753779,1.12889692485536,1.1297905762667,1.15433986699567,1.15154385039431,1.15623593838491,1.14206435272276,1.16398684107754,1.16385327002488,1.15908053254905,1.17019128937914,1.15217925308469,1.15182443095037,1.1517170499319,1.14302389316637,1.14574764905324,1.14513682187099,1.15873698582934,1.15261515809406,1.15149039154581,1.13787575869328,1.14320852603943,1.14500870855863,1.15080744814623,1.14944769154445,1.13840511541611,1.13854961690404,1.16318982220627
3,32,0.956820670937529,0.95576351892042,0.952812322406952,0.95449380620409,0.950432077923828,0.976145806281997,0.971645453323204,0.975487349085561,0.975797166681532,0.975797166681532,1.0121970147893,1.04104167789022,1.04917116723199,1.05008851808108,1.05370557684326,1.04353538988898,1.04353538988898,1.03325878467076,1.02827114226879,1.02341619054971,1.02341619054971,1.01488164510808,0.951468748061506,0.952101748255031,0.943819676054373,0.942827319585017,0.950558012723332,0.948797153501106,0.971553002812244,0.969705968695964,0.969430374621176,0.964976941035349,0.954002094524467,0.952795253029241,0.954329884551976,0.957992078172055,0.9462243216294,0.949465361673266,0.940798187849111,0.945453150384755,0.945313065794793,0.939993827444274,0.936286802883184,0.935365124022919,0.935343207332471,0.93480706505834,0.926727876711406,0.927110989062589,0.935459012291669,0.931044855346418,0.932317233727504,0.926099486207028,0.926471834466,0.926460546047392,0.930650358591173,0.916628522583658,0.91215163497659,0.913264831290015,0.931113890752502,0.92933899093752,0.925325794416152,0.928585167435694,0.93322692633861,0.926254805618364,0.926413375452647,0.929975610506729,0.92675177323699,0.926730615372667,0.925417457590864,0.923009900513315,0.923009900513315,0.918088981181276,0.914023475246817,0.91727474484615,0.91727474484615,0.923840457276625,0.925802131582513,0.925802131582513,0.939204179186985,0.959491508393117,0.959346652198077,0.970807529955323,0.972365973340281,0.968959220985456,0.968927728257995,0.967790364525325,0.957456317699389,0.95926228956528,0.956606296584365,0.953799709459004,0.948903170405542,0.948064011172308,0.934368876723919,0.948504891149264,0.947400151506071,0.951235710198993,0.975049662632178,0.973770266071296,0.979882896303692,0.99675483659265,NaN,NaN,NaN,NaN,NaN,NaN,1.10285872112913,1.11229143298658,1.11298499921343,1.09416094134734,1.10307993473284,1.10194693026969,1.08958845152434,1.08322815362171,1.0836969909137,1.02481525406298,1.01399526537635,1.0072622659189,0.991159839567564
3,33,1.01296895015478,1.01375745852756,1.01846502239161,1.01849321090094,1.01201613347201,1.00708799964975,1.00811429462631,1.01228107140563,1.03333684486623,1.03209422724173,1.01674124695487,1.00138826666802,0.98603528638116,0.986122322787663,0.998721667619793,0.997779056664008,0.997872840291892,0.983032137963478,0.976008923286221,0.971413175087359,0.960429917937678,0.983285172841418,0.980287727698999,0.976965390234407,0.983994118278314,0.996517652565619,0.996517652565619,1.00648117877547,1.00279511647467,1.00431169164178,0.99722575890576,0.989037374476151,0.990475769869798,0.990453786200696,0.98189426047881,0.986766442292433,0.985522605655782,0.981842445721195,0.973604682009166,0.996723692378631,0.994553970049407,0.977830324244736,0.975951641315201,0.974708332526551,0.97071050483916,0.974299646673821,0.974000240949795,0.971382497436847,0.968803264864168,0.987001091616631,0.984452675323803,0.965851211028141,0.969500803335145,0.969394444628433,0.993411130424741,1.00791403176703,1.00967345301792,1.01222785638077,1.01282698963591,0.998005508353433,0.995991474550721,0.994844437478995,0.998828354264312,0.995674061893151,0.993759446675285,0.986051163653697,0.985426643512769,0.98314821468101,0.978539177606676,0.981074172537057,0.979462100176079,0.973434882306973,0.97125414169241,0.969296427712717,0.969454795704099,0.976633131990863,0.978002950769727,0.977890803643771,0.987419362456563,0.975439074309743,0.973763243309266,0.975217724114964,0.956031575354914,0.952668869718813,0.941647124298928,0.941890731583954,0.925041532680978,0.912969039910446,0.905852984122536,0.891052967537674,0.890746179960003,0.891401789649675,0.891077277677327,0.886603933802135,0.887056545807832,0.893928759074404,0.904206985730376,0.898635245371906,0.900357439336475,NaN,NaN,NaN,NaN,NaN,NaN,NaN,NaN,NaN,0.99869031874466,0.966268467415256,0.956309893266079,0.956623070575019,0.937964750984164,0.927819593716071,0.929643622031582,0.927634360441601,0.92023783590303,0.92023783590303,0.914952286797479
3,34,1.04223506996822,1.05001530920556,1.04633331573567,1.04695140082144,1.03408485233085,1.02192016303804,1.02171581360042,1.01605459971866,0.996666636563948,0.987284303437451,0.987251569706899,0.977869648940834,0.978293080226539,0.978293080226539,0.967326674808854,0.965013898056639,0.964497551855667,0.958688761549098,0.959504270208675,0.964447272607796,0.964447272607796,0.970099610956223,0.983425208485863,0.996750806015503,1.01007640354514,1.02340200107478,1.03672759860442,1.05005319613406,1.06432057257787,1.07774589582706,1.06950389243367,1.06921820195431,1.06277946377502,1.06188811452617,1.07555360329067,1.06239723643289,1.05888246834148,1.05888246834148,1.05978913864244,1.06346388037905,1.06394534154603,1.05922768692009,1.06941150426972,1.06783993132205,1.07601122539408,1.07781877646003,1.07521237693898,1.07521237693898,1.08746448418685,1.0977844600881,1.09805882027952,1.09103135628819,1.08111580888416,1.08112219427088,1.08784117172748,1.0853431303205,1.08202063141892,1.08698000900607,1.08856636929016,1.08821081602302,1.08754000498581,1.0886667091255,1.0815314773978,1.0820012161969,1.08401568967727,1.08093891392282,1.0832885974175,1.07774374390704,1.07527736812716,1.0785636406769,1.0785636406769,1.08617416663852,1.09909291517685,1.11715341440041,1.11711756331284,1.12066920546531,1.10467978135172,1.10441721354251,1.07692511571076,1.05152344353121,1.03723514947045,1.03358816431687,1.03268630557867,1.0251956349412,1.02209199767082,1.02700298926592,1.02789122522287,1.03465120901561,1.03479680506509,1.03144438912414,1.02748982862314,1.03300145808629,1.02911557744229,1.02089527714264,1.02075521003792,1.02220287261434,1.02599342904577,1.02830061212556,1.02129185389397,1.02357001719361,1.01889496659411,1.02134664804071,1.01932922492762,1.01916931322549,1.0189745718898,1.02166655121476,1.01223015154978,1.01227969533303,1.00758323946278,1.03028473281781,1.06359552747051,1.06341310517352,1.04967355819811,1.04385039713776,1.0419003934861,1.03923807906281,1.02638530084309,1.02678822815411,1.02708977331324
3,35,0.996608987899435,0.995980673862179,0.996941591161954,1.00106796430326,1.00225191424875,1.00380057247414,1.0049095252979,1.00755837140044,1.00424083131788,1.00150787160867,1.0075017489781,1.00553904745466,0.996439900085782,0.996398560381218,1.00197542163467,0.991224920057893,0.991293190906253,0.99522251179854,0.99953639512827,0.997683514179261,0.997642826497081,1.00580512052727,1.01178502117275,1.01439668195743,0.991059131789481,1.02403435153954,1.02778327572822,1.05823185871852,1.08130422204154,1.07870747302961,1.08411272321028,1.09840683359654,1.09518525819904,1.09882967550753,1.08712413180215,1.08583667083042,1.08583667083042,1.08077831418871,1.08448739116628,1.08448739116628,1.09142116068109,1.08885785569607,1.08781991922051,1.08781991922051,1.08759973864649,1.0915131550102,1.09174473286631,1.0906001445337,1.08547999034134,1.07762362398706,1.07815449572088,1.09944521503843,1.08488533575366,1.07895001715548,1.09413154443696,1.0850194426725,1.07698026511428,1.07726137927106,1.07580933472965,1.07794159316983,1.07621649351569,1.06885739575822,1.0762867778842,1.07552339745356,1.07071534823487,1.06115296383544,1.06296154986819,1.05374576645985,1.08010364353911,1.06828993853091,1.06772038552963,1.05870210277192,1.04242219567954,1.0418069886884,1.0524148357744,1.05886826129203,1.08201002435753,1.08188893883373,1.09575407689521,1.13249046372495,1.1327786778879,1.17802922843433,1.18038508202488,1.1811731571416,1.1700845690282,1.16008232748459,1.15400721858444,1.15295230932781,1.13729057769557,1.14238822643082,1.13796036972478,1.13851249722705,1.1110466140218,1.08856321388935,1.08920927518589,1.06752034012589,1.07557057587619,1.07575614136209,1.0752657713974,1.0501014906758,1.0488883123601,1.03208567496005,1.03669426479353,1.02743467555159,1.02330870857491,1.04444483191675,1.03499041565409,1.03785808988816,1.0868706155369,1.07766434891272,1.07697557252806,1.0530893784614,1.04466345343915,1.03648340733852,1.04256588376192,1.03215089823888,1.02870295764933,1.02851908708214,1.02750684126431
3,36,1.06865854706647,1.05985447911476,1.05999783509837,1.03500648274611,1.02027431868015,1.01916568684337,1.00912431941832,0.996702730030075,0.987429164130925,0.990040437180572,0.989331547065578,0.985102346949488,0.980772298919714,0.970028860982055,0.964455205228005,0.964455205228005,0.965245423772873,0.963223561910994,0.971131549634178,0.971131549634178,0.97545428588318,0.998732417459803,0.999597307288511,1.02828303134036,1.03276687889442,1.0871421755252,1.0871421755252,1.11115194373444,1.11000513533046,1.10917518752649,1.1136999512211,1.11532207901704,1.11309458041865,1.10395440365289,1.12569996108082,1.12898715877089,1.12906794821156,1.12649194489016,1.11051308907114,1.108616174709,1.10481507626434,1.09836963000357,1.09088042510148,1.09321162560376,1.09392245483239,1.0910408952817,1.09289085216971,1.07768872752265,1.07289285269447,1.07335704618231,1.07565668617043,1.07132429316055,1.07312661639997,1.07369137031075,1.07113900683988,1.06711430157705,1.06808809985831,1.04130338845625,1.05165143027145,1.04192366558079,1.02976330635721,1.03936403058203,1.03443404924546,1.04362849064724,1.04077155394615,1.03372184853119,1.03372184853119,1.03696519702119,1.03678891441614,1.03669621991941,1.03669621991941,1.0383629199,1.03635577328885,1.03534542860444,1.03252156705043,1.02429857099894,1.02301472425574,1.0172988451348,1.01888430413674,1.02178677605268,1.02800708295014,1.0368519494615,1.04713550578977,1.06022798721143,1.03307859804192,1.03331332091438,1.03423288142426,1.03566017120156,1.03822458533573,1.04122710626371,1.04192478681198,1.05624324300517,1.05692758985109,1.05944290279522,1.04021053986041,1.07732792254485,1.1020766477144,1.10205842665505,1.10677181879742,1.11027289500965,1.10878743571354,1.10892285058795,1.09418162967881,1.09477056665776,1.08102967944562,1.08255778793045,1.07892868365039,1.07826789997036,1.07299675465487,1.0711866925221,1.06985990498964,1.07637064471147,1.06338898680418,1.06548427919742,1.06226471788587,1.06591336021145,1.06470518290497,1.06470518290497,1.06420482742406
3,37,1.01929469302254,1.01929469302254,1.0208618759127,1.0195121958313,1.01881398221935,1.01855035060124,1.01452441412952,1.01868999018417,1.01868999018417,1.02190799716614,1.02724819322836,1.02873658640746,1.02159895693038,1.00569390113025,0.978359346466669,0.977844088651085,0.93181374940145,0.919054866707325,0.919510128803346,0.932395785751594,0.936175703296906,0.940054195285429,0.955202412673846,0.97392781038991,0.975223603869912,0.974260507835137,0.97136403205529,0.963761916849123,0.963753696321681,0.963193806769009,0.965607111759187,0.969869985377704,0.969869985377704,0.949068415119797,0.941890235781136,0.940803266906998,0.928719043774233,0.95141161395593,0.951411001065854,0.961212854680831,0.938446552423833,0.938446552423833,0.937669288409941,0.942501365209134,0.954189087601313,0.949896164017712,0.95825348221435,0.958004997928815,0.958004997928815,0.955386407219962,0.948968074621915,0.942623349460426,0.94243615130136,0.947832802739882,0.936853594393561,0.937167696202629,0.941416373793704,0.934208358516946,0.937794728945953,0.938952329465654,0.934564149319845,0.933748348476801,0.932566673759078,0.936858308552689,0.931412801280193,0.934949704296894,0.941133554329189,0.94378839562331,0.936851820133055,0.937069488114141,0.933257033024649,0.937620621428268,0.937475252351565,0.93936031583604,0.938847236498212,0.93444771558555,0.932873907136849,0.934959636436678,0.92398001538224,0.922403903225551,0.949522278949659,0.936979760048656,0.937676634851833,0.965927438208974,0.9408481767273,0.934338032905065,0.960433800493415,0.96103808035602,0.960177260042778,0.955848942489915,0.951180902663304,0.943160455141824,0.943160455141824,0.943989489248292,0.940879437133997,0.94331651133887,0.942620168253089,0.932001112448411,0.929060703821797,0.929060703821797,0.923786301888061,0.923822117224044,0.924375150216341,0.926507402128876,0.924916356424142,0.938739656092419,0.938739656092419,0.938285491419427,0.94381433206267,0.943837652324044,0.942651190079367,0.952175917826776,0.95169395265451,0.94695093011017,0.950762955464132,0.942794308651918,0.942613027732144,0.946624873816864,0.938789346840677
3,38,1.0543126251972,1.06769719681056,1.05719698112416,1.05593914142299,1.05593914142299,NaN,NaN,NaN,NaN,NaN,NaN,NaN,NaN,NaN,1.00259359077756,1.01391208856605,1.00912458236444,1.00956371595798,1.00456241228453,1.01737887247833,1.01928602892047,1.01404166705486,1.01188274534589,0.998917888029504,0.998124375522197,0.994181852273441,0.993466284674312,0.992264879973538,0.997104586939248,0.99693660911869,0.997694136705347,0.996423457971813,0.993960360090505,0.987811636251536,0.987614857955932,0.976913328637792,0.974831026244343,0.979445488663595,0.968303129923533,0.969664082598871,0.956262027522074,0.954870024410684,0.961733549720909,0.963854647690206,0.964775739290576,0.961316843078976,0.961034860167195,0.961034860167195,0.949739462326066,0.964941720580921,0.962023302291856,0.970480489772462,0.96868467132084,0.964764380239965,0.96449172799095,0.96023653656437,0.960556130788468,0.956777105414856,0.955743216259431,0.979094314570979,0.999327436995941,0.993566122251116,0.980577595064062,0.976478709866715,0.976347492778523,0.941503455322056,0.946347419363747,0.951513743311834,0.951961837975744,0.95812288906411,0.987070541220147,0.98712589590017,0.998344403172916,0.990663800996502,0.989451196878866,0.980176946764634,0.994450900558438,0.988629699609392,0.987510736597538,0.977575961384528,0.984397272052945,0.984414672101892,0.987212713163939,0.982207345511886,0.980861803640585,0.987585820418714,0.991903875748811,0.989437524808077,0.992418416909246,0.982906481405679,1.00537133369504,0.998435619052062,0.908595151589086,0.889670958660701,0.865759667621724,0.865759667621724,0.864313808498778,0.868830459637889,0.868674808337026,0.878084776066532,0.917783563719346,0.919062054407523,0.898699574509233,0.892568555313036,0.909001336647455,0.897894403472888,0.904361564947623,0.907245290693726,0.90641169547225,0.897366575310782,0.897738249219636,0.900922481286168,0.899401018308155,0.890348411550512,0.897485321349008,0.897485321349008,0.905846678703654,0.90093194267414,0.900981474461409
3,39,0.963739143951263,0.974276336683704,0.972057833200912,0.968606983971869,0.969511571524941,0.976869578463854,0.97760623051039,0.977529502047021,0.970151528174741,0.971900788351387,0.968020294218352,0.972646820750446,0.978644310747327,0.978644310747327,NaN,NaN,NaN,NaN,NaN,NaN,NaN,NaN,NaN,NaN,NaN,1.18450420467122,1.19950818293393,1.19922508628942,1.18559993244799,1.19184893797115,1.1917282613379,1.19779724656346,1.19300351801968,1.19211283279338,1.1866156685453,1.18288759403382,1.17952867283607,1.17913394039463,1.20079671152891,1.19470196648353,1.18810577923426,1.1761857376416,1.18405520620356,1.17329692211232,1.17347478920274,1.16601659964208,1.18574067201068,1.18618030458336,1.18549395799495,1.18139843753719,1.18200308667621,1.16866830427931,1.16535695319017,1.1609382631464,1.16142513126435,1.16291283644178,1.16174513645551,1.16185729635462,1.16140873559167,1.16054801290865,1.16551693569587,1.16552426999742,1.16624168321789,1.15884306520188,1.15914900484216,1.15416205006759,1.15308427141101,1.15473996973291,1.16400888341374,1.15912143039306,1.1611327347404,1.16183855025062,1.15966449379317,1.16445391238939,1.16833881768746,NaN,NaN,NaN,NaN,NaN,NaN,NaN,NaN,NaN,NaN,1.2123247929392,1.20406458816248,1.21027961099374,1.20069100389328,1.19974590468721,1.18008195181518,1.18264168455408,1.18605732973448,1.18403003360092,1.18351421103261,1.18473873034199,1.18756474930815,1.18889877775523,1.18708507397421,1.19186373170931,1.19603831395656,1.19567577627736,1.17005404215478,1.17033776472029,1.17642410004809,1.17521999000009,1.18169490966948,1.15162198275211,1.15517701402148,1.11435435519459,1.09609597117105,1.09583908991651,1.08819465606041,1.10327598034796,1.10217728446549,1.11854140862864,1.11590150643675,1.11586901291256,1.11508109407011
3,40,0.976109983803029,0.966622509459777,0.974883589763116,0.97136297079524,0.966651875406233,1.01704177452191,1.01826959201642,1.00894474403731,0.996215421417291,0.997041183753213,1.01180264032346,1.03584255336704,1.02544250589836,1.02546512503777,1.00923132176747,1.01114651807267,1.01114651807267,0.995430832821479,0.981348339665523,0.966658115473007,0.967348883552732,0.969670554558173,0.968286837522921,0.967711992795613,0.945483169565564,0.937109998253073,0.937109998253073,0.945258494219495,0.96656813748181,0.957172112748087,0.958636325384262,0.95165922946191,0.936915115332602,0.935364949923414,0.921158869284244,0.925548580499369,0.925045390373706,0.912823673423215,0.905454742206457,0.899629747723662,0.899629747723662,0.899266065991158,0.893038599445564,0.895118210770329,0.891630554927774,0.896978470243015,0.89643300347043,0.890781064376779,0.896902918308382,0.886640213185243,0.885508654154895,0.889053269260211,0.885108567331798,0.885046059438053,0.88717027707581,0.886565266609743,0.878967579292725,0.878424115887725,0.88015895606279,0.878630596780391,0.875431367583766,0.876754931081601,0.87824888883734,0.875356262176731,0.873348131817047,0.87734284618548,0.879737635262048,0.88031089425092,0.879982485686853,0.872290395288816,0.87232732522785,0.873550360025526,0.872773025196674,0.87247436183775,0.881987879975442,0.882234013060623,0.876908960436502,0.876058138768354,0.873946618884069,0.876236128846367,0.876502975914977,0.887252369122951,0.894453911674608,0.901655454226266,0.908856996777923,0.91605853932958,0.923260081881237,0.92385581096187,0.945610959886259,0.966051897643045,0.968674411898301,0.959595679143238,0.950396606708594,0.948956544119195,0.948843146854334,0.987374143510928,0.989641490688771,0.990356880483602,0.986013030854472,0.980832823289034,0.978472637328613,0.977605041659955,0.976637003038135,0.980302887045588,0.980480104180462,0.975397633283478,0.978230821750672,0.974127433970865,0.970366421054413,0.968012944060994,0.968012944060994,0.968734381517033,0.96706938310298,0.974972177054404,0.974972177054404,0.981986321956836,1.00671049839582,1.00620297533771,0.995922993523885
4,11,0.993377021797477,0.993904525148816,0.997640862991529,1.00247956611215,0.997963997027889,0.995924085911538,0.997148478753656,0.998522676279626,0.998280354306567,0.999996404147229,1.00376588056783,1.00380438451962,1.00402286105493,0.995361400391179,1.00085271914,1.00103430984068,0.99736917064132,1.01034620270385,1.00820509866412,1.0049723578531,0.945307062765321,0.945636501165313,0.952426956588741,0.972518414400137,0.987417540283794,0.988935033323423,1.00562241490753,1.01922506104574,1.0195619094175,1.01946698375818,1.01399608792575,1.00987902064842,1.00845697255721,1.00938353284496,1.00280891526228,1.00359481632963,0.998659130697504,0.993799115986757,0.995428547951755,0.947458657270574,0.940543468318242,0.949488337064199,0.950281734860755,0.952674844192671,0.948411699699048,0.95098972168524,0.939064696142768,0.954105147437828,0.959224395545312,0.962409200136105,0.962661643026596,0.991522267835221,0.988944414636912,1.00910234607947,1.03205619534026,1.03194841526336,1.05600118410934,1.07025768861332,1.07139084045172,1.07235882641654,1.07542800732369,1.0834149717012,1.08590457228216,1.08509045833907,1.07960343906636,1.07605594191936,1.06725594703586,1.0616384859209,1.06304910209515,1.06126337485904,1.05671630193802,1.05310307343885,1.05085832538427,1.04201042466301,1.04089904374749,1.04053672275466,1.04146183158761,1.0312786861641,1.02904164854204,1.02901505003781,1.02891186025334,1.02986349144892,1.03009162636852,1.01795003587366,0.998463344873686,0.986372169497119,0.987594454257342,0.974361985055727,0.975773042630649,0.97570582681693,0.987253989425066,0.99942762996769,0.997614324828656,0.999729835965055,1.00062948075158,0.996310567955604,0.996690268996749,0.993666231244727,1.00141350236456,1.00073390119429,1.00393574056437,1.00668515349013,1.00540004724056,0.998451305805599,1.00072938163661,0.99730415476627,0.997373845496823,0.994269970777497,0.991961844604358,0.992439735366166,0.995274477255948,1.01478915159961,1.02382687911501,1.0256773592388,1.02537843339839,1.02259730486607,1.0215138530172,1.01781923050564,1.01284163423525
4,12,1.01956763384472,1.02716188438452,1.01898231046296,1.0189035279425,1.01777979691526,1.01110812952961,1.0140786512029,1.01381331478961,1.01273580959981,1.00063485739107,1.00126274480987,0.996191290811616,0.978892128776781,0.978525282275126,0.947345420097652,0.972377202982936,0.986550674185632,0.986697237172416,0.99739210282501,0.983034789529396,0.976440367890944,0.907144157814125,0.945104039035691,0.94356249670844,0.95381218387694,0.969699382603719,0.996809830416245,0.997744909193626,1.00112048563626,0.99840516930893,0.998530560626013,0.999599537618197,0.988776890464744,0.987799818878475,0.984937748711727,0.981663294521162,0.977429793485057,0.977395722511395,0.947130179506891,0.888453081541642,0.885351966194726,0.883899084345346,0.889511996065426,0.89024651816393,0.890743097743122,0.900424218218782,0.885977594197238,0.883589191743331,0.927989606639611,0.946400295236536,0.959330483135625,0.959296527111565,0.999081175371922,1.02916241552807,1.02926946463914,1.05372082046411,1.08552914729758,1.08765475627644,1.09505913187079,1.09568918354342,1.05956401851435,1.05825682182929,1.01302090552636,1.01068368254043,1.00945105090798,1.00021020335953,1.01277210550006,1.01372468899106,1.0115188359334,0.999907547262002,0.998289986429478,0.998182742505941,1.00158063047291,0.992331489333043,0.992157472850171,0.995221119579245,0.989702757830371,0.989371789946912,0.989037665219347,0.98825714397841,0.983124612138922,0.983203810359713,0.974171291721774,0.980288589192259,0.980870065220739,0.915703708432937,0.924859210202616,0.940852541108887,0.941088669017707,0.951398397417783,0.962770073301895,0.96262359590057,0.930573389092719,0.91168378891752,0.912244957646272,0.945673100295403,0.961681196556554,0.968429862110422,0.968292330858481,0.971465502472234,0.981298965466339,0.980988542286332,0.978635966575129,0.978213020934297,0.973900069383292,0.970696293388617,0.97317590422932,0.976373506447621,0.976734777331973,0.96938456278408,0.969695412302638,0.970114484511426,0.970843322375516,0.974524881102449,0.983458440358261,0.98395885600158,0.978974441804714,0.979355048598273,0.978013180797301
4,13,1.02190556366083,1.02167361408865,1.01911733674911,1.00725718437666,1.00709286639268,1.00544416999769,1.00045283995621,0.995259946287009,0.995733003232281,0.99318791483097,0.991822093496893,0.991828418001407,0.989463115639095,0.991692824384618,1.00463961023994,1.00440994779872,1.01032459418178,0.974305567548045,0.974389389137408,0.989986959912774,0.988979621693098,0.988707283059412,0.990345998132465,1.00546920331255,1.00319693248335,0.999517852406065,0.958255407997089,0.957680481376385,0.957002006138706,0.951035813050636,0.951441201494732,0.951301152749397,0.974008714924436,0.983302390355314,0.98504628297686,0.985337743338653,0.978263343527869,0.986652205364156,0.987387519794955,0.970269255775396,0.945006978006341,0.944872853083439,0.945306521190876,0.943043830584748,0.948687225023734,0.945069828591648,0.956366509378848,0.956706038708914,0.959074171344982,0.959741015686297,0.976951682375914,0.980645983013209,0.980421892448375,0.981359940415205,0.978074017129049,0.977619901463578,0.977421023770359,0.970856527615391,0.969036475648763,0.969852683116797,0.972295977413688,0.967943875387232,0.968012683284228,0.968343083323794,0.967514938280461,0.966321474830453,0.954700256090555,0.967761698429631,0.967595116150349,0.965747971543607,0.964006601595247,0.928943252053571,0.928446567192488,0.923677762500301,0.933246164659747,0.933835736270671,0.954356460204791,0.966402757354804,0.987144585147109,0.987673753897106,0.985391979546583,0.98725222502744,0.98694304806519,0.984019758912193,0.984057915970027,0.982151416878503,0.981329011959121,0.978790553494605,0.976995643625334,0.977414574321964,0.971052649302835,0.980727163258515,0.98018758883785,0.964583025853796,0.964103505452962,0.96313206545394,0.9691117026843,0.973844143075651,0.975888608315209,0.975579062445017,0.976328049366571,0.975418309755057,0.975158078230313,0.974482911476407,0.971293124143405,0.972557814998255,0.972633696726601,0.972010872468503,0.974209200707287,0.975794357489192,0.974129340481183,0.970551909707002,0.968285055990021,0.965053904373549,0.962932581472067,0.962845390928356,0.964239209872715,0.962705904973922,0.965191137111586
4,14,NaN,NaN,NaN,NaN,NaN,NaN,NaN,NaN,NaN,NaN,NaN,NaN,NaN,NaN,NaN,NaN,NaN,NaN,NaN,NaN,NaN,NaN,NaN,NaN,NaN,NaN,NaN,NaN,NaN,NaN,NaN,NaN,NaN,NaN,NaN,NaN,NaN,NaN,NaN,NaN,NaN,NaN,NaN,NaN,NaN,NaN,NaN,NaN,NaN,NaN,NaN,NaN,NaN,NaN,NaN,NaN,NaN,NaN,NaN,NaN,NaN,NaN,NaN,NaN,NaN,NaN,NaN,NaN,NaN,NaN,NaN,NaN,NaN,NaN,NaN,NaN,NaN,NaN,NaN,NaN,NaN,NaN,NaN,NaN,NaN,NaN,NaN,NaN,NaN,NaN,NaN,NaN,NaN,NaN,NaN,NaN,NaN,NaN,NaN,NaN,NaN,NaN,NaN,NaN,NaN,NaN,NaN,NaN,NaN,NaN,NaN,NaN,NaN,NaN,NaN,NaN,NaN,NaN,NaN
4,15,0.915379196997331,0.935256791030956,0.935218261923251,0.952496035863193,0.976407638469896,0.974416931827028,0.974683552870693,0.986554265210134,0.994635263953992,0.994665895356665,0.996318447573257,1.0092752264547,1.02353601125196,1.02393423861088,1.05220477188623,1.05555455635446,1.05567172678921,1.07015853300555,1.07363265457062,1.06502209214759,1.06427854525292,1.02460800008837,1.00569116487465,1.00556435358863,0.986452688805116,0.986830943675656,0.986252046782057,0.989553199840574,0.997874287866266,0.986310071731561,0.98450692317111,0.982848106716043,0.977680667971497,0.977124317692645,0.971583880472321,0.970145944058469,0.969936047123,0.971830572431477,0.965645473515961,0.892325323832265,0.892266832179434,0.891118628301627,0.911596081306173,0.911291304031035,0.927217811296159,0.929564493610768,0.928113107057203,0.932688094240461,0.934171841541569,0.93414627678135,0.934381505112739,0.926544633516569,0.921937851821198,0.924259828303356,0.912882878335746,0.910458672146497,0.922550539884078,0.92208997882917,0.934188367605332,0.930413153802555,0.930340621808871,0.930496258004279,0.933270201153789,0.926535239802347,0.926507043557938,0.929435150588948,0.935280721450585,0.935209843060857,0.936179776788291,0.931690127703401,0.930937903409298,0.934879986384745,0.933621848705459,0.933134512309077,0.93127687727293,0.925540624330745,0.931971687327109,0.931536972321911,0.9282950660586,0.927212282808671,0.929291124152489,0.929635413118146,0.904473507408409,0.911092516349372,0.910905081954039,0.91891762415772,0.933224632165537,0.933553857710138,0.944067312672859,0.958524047154566,0.958352530039223,0.952397810706862,0.919959613211904,0.920696642864099,0.92082835006054,0.926055383188381,0.927714979842523,0.927482311146372,0.929399906921861,0.936619916748713,0.940386693480145,0.940212119707469,0.93634426106894,0.934548370009634,0.934621866697785,0.931214216524695,0.929056645087449,0.929286781691274,0.92535704181194,0.927378064561548,0.927767716460981,0.929746145494058,0.929791311676209,0.933018658135388,0.930896021490443,0.92307785975342,0.918161447788101,0.918801687205177,0.916258045598522
4,16,0.963002265603495,0.973952267594032,0.987266655280817,0.987433959842652,1.01288047080189,1.03021244113451,1.02983868939879,0.996989224836252,0.987633503973121,0.977077092094139,0.977791713083526,0.983410130009979,0.998134294942205,1.00401552078429,1.01052113360359,1.02192348201452,1.02376380370702,1.01785935790753,1.01629399338763,1.00051234397207,1.00034266514888,0.980544813895912,0.925817009888326,0.901897069527369,0.839549928147933,0.825083748052458,0.852024934663699,0.851615456533301,0.875686998064602,0.920650179444475,0.920846836486537,0.939297736266517,0.941953491482877,0.940237044034169,0.844835248554488,0.847169250043952,0.879150940853498,0.878829414563887,0.890329042373603,0.890570882916394,0.890563791639686,0.898064133801819,0.906376985303602,0.903182761745789,0.870907641495301,0.859413699138189,0.847919756781076,0.836425814423964,0.824931872066851,0.813437929709739,0.812154186060432,0.847514603900897,0.863682465189944,0.866272114952168,0.870075438768749,0.874779777622559,0.854455403536543,0.856155366543744,0.850299101604705,0.857711022195421,0.857082713822346,0.849785577102788,0.847656466407385,0.827286587345753,0.826945135285583,0.847122750880163,0.840131829368117,0.840190236784821,0.805581286254516,0.79636048727382,0.798069472716669,0.797955590324802,0.794663356710794,0.795706060818718,0.796476799132911,0.776667033148243,0.780060405049363,0.778868175783005,0.781710587174083,0.801984562029277,0.801105743765833,0.81280992924052,0.819985075673128,0.827650520548996,0.827217339813218,0.832826244375367,0.83376758115739,0.834502715622384,0.834157445338499,0.83729546002794,0.842195830347409,0.842334951986062,0.843202456521067,0.780541567262755,0.780419616478709,0.778647950853993,0.776494370152253,0.800622257421597,0.799954995323007,0.839033410965072,0.83826895905553,0.836978047489948,0.838789848812371,0.843715855194336,0.84343531803248,0.84200708799762,0.844603573581249,0.844192190027905,0.844541416327641,0.847276882213661,0.843996928211325,0.844728796664581,0.849418769521378,0.847079725761135,0.845628478524516,0.843962930019706,0.845347806177049,0.846960457489151,0.846343692576914
4,17,0.999938402844531,1.00034902867032,1.0009803090584,1.00078376262504,1.00192034676144,1.00185839155279,0.997231111511295,0.973506354722839,0.974469550047394,0.969243892049844,0.975107397239767,1.0013795238609,1.00080231155812,1.00816948142994,1.0171230196103,1.01717082071073,1.0255236967147,1.01793410920011,1.01650848983153,1.01698917115765,0.997157147410143,0.963530526675452,0.963899562027157,0.98650470664538,0.999868539496605,0.998222976553996,1.01180849793807,1.04000530649972,1.03988360015748,1.04249737649849,1.04511190302535,1.04058128259023,1.04230025630368,1.04505007583505,1.04268714387618,1.04332479787276,1.03866338403096,1.02995677726336,1.01997386905519,1.01970655688024,1.00210835190721,0.986132996633367,0.986506057108672,0.981489506647808,0.973965014361488,0.973675839640009,0.953938120077,0.95464383924156,0.975516078027795,0.976079981753012,0.98784584962973,1.00267542161816,1.00346125691195,1.01252684461522,1.0132514138885,1.01571342227497,1.01605597809653,1.00411600345325,1.00546796266647,1.00534564348933,1.00784903209618,1.00541098937535,1.00510469311934,1.00733698949366,1.0061596378809,1.00151994755787,1.00156672224804,0.993747884792062,0.993581175351365,0.993208224911988,1.00423747552327,1.00837275469591,0.984823233781548,0.984936074644463,0.9899993931568,1.00940447659995,1.01083332744857,1.0322499195065,1.04169718283873,1.04279436642595,1.05621977567713,1.05514810673254,1.05111318745038,1.05039372047011,1.03950676314196,1.020973752513,1.02076594199004,1.03362516373904,1.01484462180601,1.01353202276309,1.04175547394668,1.04744481662369,1.05181309324589,1.05153078298998,1.06235978959312,1.0760857476329,1.07496494811519,1.08640792078367,1.07578639949174,1.0653067197097,1.0648660513249,1.04527020614458,1.0277733925057,1.02785612779317,1.04155824946452,1.04518012184007,1.04492897500938,1.05435233203776,1.05972378263557,1.06585634321315,1.06664994668638,1.06478889606005,1.06111596105567,1.06035219763637,1.05666023151671,1.05254116347293,1.05219677652596,1.06317362125303,1.05974903135181
4,18,1.01954321047968,1.01973699066295,1.01425671358392,1.0092797641019,1.00812954369761,1.00206709494638,0.997670625951931,0.988981079226213,0.989038679428004,0.977478356156083,0.982730373503022,0.982596171173887,0.983354907574688,0.997072513146807,1.00587226832456,1.0028897352352,1.01067031096081,1.00414290731714,1.00448875452921,0.999579003341768,0.992539770240677,0.987308410751772,0.9872648194725,0.98998118519069,0.98640020898359,0.987209498480328,1.00304232010569,1.00368371061862,1.00392257544413,0.999772799646,1.0014622151731,1.00116631379654,0.997737370307543,0.99633532772051,0.98749934169155,0.987359925337145,0.983582983041971,0.945991589088706,0.946376484331572,0.958327213635349,0.964420801741287,0.965356808181466,0.965181466556502,0.971174711898519,0.97883594243496,0.978903856846675,0.975417380729631,0.969808151619468,0.970447511920647,0.966821450995932,0.9611567621743,0.96887527478012,0.969253323109897,0.973377474347485,0.975165671272518,0.975667964266506,0.974003095693506,0.965716502742855,0.961250600477018,0.96026806894214,0.964378642565788,0.960952666061748,0.961199204461055,0.971213910602293,0.988442086658343,0.987642349256795,0.992095649474624,0.995718331564348,0.983370685512587,0.98303598454363,0.9857769973753,0.980425952739948,0.979919355488877,0.97464377010306,0.977198184653715,0.977036046194844,0.972946561226697,0.978274009731252,0.984101536870589,0.983974379087615,0.971800639967086,0.978453436975808,0.978526365437662,0.977827633565323,0.97786237494824,0.973389580491371,0.972118064190811,0.958508069203032,0.961593069903502,0.963560242375933,1.00036073280988,1.0130389889964,1.01473679458197,1.02625303798305,1.03338193439757,1.02721842499523,1.02643936841869,1.0190665001679,0.980989847544584,0.981115367625681,0.979719471569047,0.991514746947212,0.991206112609764,1.01035017597949,1.02245796815526,1.02322804863078,1.02115650009448,1.02406462463259,1.02195910603994,1.0224582020313,1.01116838296782,1.00252126945665,1.00285903852058,1.00833944934164,1.0027368799793,1.00392488245346,1.00268967106472,0.996869281216351,1.00144262923576
4,19,1.00070466439525,0.987931746732786,0.982582565213051,0.986913105965505,0.986996161596359,0.988125043790732,1.01054920356911,1.01056651410882,1.01374712868227,1.01053002757988,1.00681984460184,1.00827003824873,1.01116801548252,1.00243269234696,1.00172661824455,1.00164492219046,0.995212063097373,0.99463412290649,0.999445521247319,0.991484813468836,0.979211824496743,0.979657654655729,0.975404173095396,0.984574534268844,0.984268953762351,1.0023920650294,1.02369270599476,1.01915844354057,1.01804339367681,1.01769912324495,1.01650265857902,1.03115810344177,1.02248688148605,1.02648758948174,1.02347301242376,1.03921756609195,1.05087403531449,1.05257453103188,1.05563591778259,1.05141690618728,1.04809540437799,1.04774475351327,1.03769444926633,1.02306477592757,1.02232699507544,0.931745390483446,0.948616649137885,0.959267520817983,0.959551647132887,0.978459942301661,0.977964962710239,0.977379294412466,0.967108915748362,NaN,NaN,NaN,NaN,NaN,NaN,NaN,NaN,NaN,0.957651289178702,0.969247551148408,0.968455843267648,0.981861239935749,0.997322729543183,1.00523417173002,1.00531760975326,1.00952543426989,1.00096907574501,1.00149721558323,1.00326425692982,0.989446674292338,0.98986127472995,0.975037373485194,NaN,NaN,NaN,NaN,NaN,NaN,0.933825996958537,0.964969171872425,0.969200307964224,0.965741777145698,0.98653856702125,0.996617503067755,0.99677253486146,1.00560904175773,1.01264436577607,1.01092481743346,1.01013588581401,0.99772439296655,0.993354432891392,0.992974194987867,0.978316428072342,0.945984999529073,0.945622920650151,0.916492725597504,0.898387634069306,0.897281175358781,0.917461737274013,0.92912814295519,0.931804775381895,0.931694656626285,0.93696697393498,0.944047332087883,0.943583590348826,0.948517814524076,0.94278748066583,0.944262783578487,0.945086391267541,0.943800642994862,0.918292944291344,0.924742030563932,0.93061294450296,0.930138341744081,0.930375339573455
4,20,0.991937472089844,0.985453353079427,0.988074269620347,0.989114090957092,0.990559980263578,0.991124354743511,0.998734052541005,1.01143930002704,1.00143602655057,1.00281141819411,0.96587542935866,0.970417163914434,0.970455410868967,0.993409618636028,1.02431588146772,1.02777207907976,1.02761364880788,1.0336637778639,1.03579267193613,1.0350051599689,1.03595340113322,0.983825741694899,0.982787157613464,0.966750003243137,0.970891372193632,0.98121658049783,0.98388679607049,0.983921657049011,1.0032916201835,1.003661827079,1.00006915559912,0.995608933790352,0.996139341621842,0.995648771334715,0.99145413886291,0.983335114594285,0.98367720361852,0.954053951288309,0.968404517753292,0.967295772310519,0.978494039810793,0.988086409510041,0.987565249847261,0.990185568750418,0.995911463137335,0.99074113351904,0.992802783070745,0.981751886883574,0.980855330330492,0.980309296067305,0.986493480088076,0.986635184486597,0.982444143472957,0.98264276232911,0.985052507798692,0.981777736348386,0.9808469868365,0.982752006040974,0.987459188806208,0.988433058289651,0.981280399593483,0.981406028215131,0.985809833705509,0.985963727890178,0.987306035743658,0.994682469487377,0.994760534698897,0.992186127479761,0.991509014930658,0.990770222468027,0.992682277318955,0.983478623428456,0.978794194808604,0.97853327183448,0.984479273068944,1.00120120421433,1.00139599821969,1.0056331158522,1.0309417923352,1.00555862101111,1.003966384727,1.00637590703491,1.02253135745949,1.02265067944552,1.02059901483657,1.0129991951727,1.01250960346046,1.01001225118089,0.999842580825665,0.999570023674795,0.994371708226044,0.992840572651823,0.990227436923169,0.98688343569763,0.987311949787173,0.987640097442784,0.984761222752172,0.984949110021753,0.986915497936728,0.985773052235501,0.986524486113916,0.985901492696728,0.99147759601263,0.990877731650657,0.996233591320346,0.994024742837764,0.994873811108638,0.991703851135239,0.987971068795428,0.986159883245853,0.986543225314849,0.983869994939648,0.985308303406181,0.984746001363549,0.983557585733629,0.991026284669359,0.979570549454259,0.980133567641091,0.979432689666438
4,21,1.02232479143744,1.02132454037614,1.02106276289417,1.02210229967907,0.943814013966472,0.944344568822081,0.957698746545866,0.98439838113512,0.99865968416759,0.999222536810551,1.00357739922504,1.01530391321558,1.01618987858518,1.00790145704824,1.01355155179394,1.00646489178922,1.00564282511149,1.01390934894487,1.00250640845193,1.00443908365244,1.00574356152539,0.959284811226838,0.957082419640424,0.948530159199151,0.958301040596566,0.950724472001288,0.951104941222782,0.951966211269531,0.96077386469307,0.96075003254507,0.964620844106178,0.954559758040374,0.954456480087148,0.965702343752856,0.964638760663565,0.962747823999615,0.961715911120577,0.970854633577464,0.966117295001741,0.964389012515819,0.962931301925802,0.961389832461783,0.946921450902313,0.947266009500167,0.944903196070483,0.951579637845836,0.952191252234502,0.951183874152776,0.960040110571309,0.959740302278307,0.974043029561823,0.969135651778431,0.971255012659099,0.97184448748258,0.969461964725357,0.965508851206585,0.96547552831179,0.959668926064203,0.970117095609591,0.979344348450295,0.987293854459434,0.981483667844898,0.97675442287148,0.974649622770617,0.976372603617545,0.978363309094437,0.978999774607561,0.979671946100275,0.977782129905405,0.976996439837389,0.963688557236511,0.961663390238453,0.963193063644269,0.964003639102847,0.974157702859683,0.978323988746173,0.978916823547938,0.97801531932365,0.981623204983592,0.976058797629943,0.975709481589027,1.01706985298006,1.02807992593724,1.02803153060521,1.05823947497931,1.08249230311496,1.06968318424424,1.07179839502171,1.06225343776937,1.05087982444391,1.05123863780611,1.04258738001586,1.03893932428291,1.03870051149104,1.03655376499231,1.03108372655759,1.02305869594072,1.02325889963906,1.01719270407316,1.01298239126672,1.01513617506625,1.00847505722325,1.01011025121668,1.00757578918736,0.996524054693878,0.989927742958881,0.981580718654673,0.982689446585661,0.983249408188441,0.997618205701224,0.998208942177808,1.0016287121996,1.00792790902796,1.00674744314762,1.01431147821764,1.02002311221979,1.01100437057571,1.00888462677798,1.01072405238929
4,22,0.997120805695015,0.996343253778563,0.989915064118237,0.963164120810877,0.975637216335868,0.975712844483361,0.991821596248398,1.00886107955348,1.00892689460336,1.00663446380628,1.02360283160331,1.01437065856282,1.01684963414228,1.01211573939928,1.00686008680899,1.00880665277577,1.00277611256292,0.999223907458053,1.00125703725314,0.999616483886874,1.00141666979048,0.985281168918897,0.985094746342491,0.988588692655,0.983712223156215,0.983026148864826,0.998937123073946,1.00044978015295,0.998784061184171,0.997502655224811,0.9936362254776,0.988118262711899,0.988429180602594,0.988310239061616,0.987648382704852,0.986838479212406,0.965793391669698,0.976222017248889,0.974256413315328,0.98247808813127,0.990729762379365,1.00291921641916,1.00344338669139,1.00466524137626,0.998709875965877,0.99913680463197,0.999781948602917,0.998707037228038,1.00019619345599,0.999821235609012,0.995090524196149,0.983873451335778,0.984318366703036,0.98529028533553,0.991442161496857,0.998473544829806,0.997930323798645,0.997720219492109,1.00228294595735,1.00293815664217,0.999731326445526,0.967914715231704,0.966594059519777,0.973582270094938,0.986212095490597,0.995916946693008,0.994963176500172,1.00420011855996,1.02227928709782,1.0223687183196,1.00814392858506,1.00973543800713,1.00994199259078,1.01096205851513,0.992617749753004,1.00358562659602,1.00349715834397,1.00087999647001,1.00493412670578,1.00453382921556,1.00662439806509,0.984803298583473,0.985115638015184,0.995017311209152,1.00152036005445,0.990646351688125,0.989488355249567,0.99591411443562,0.996854471163089,0.996554623627154,0.988221173084438,0.970409516167688,0.990611148430895,0.990671402627251,1.00388910840961,0.995096568703967,0.993533832552372,1.01633233020646,1.02184183159852,1.0215145300266,1.02290970946646,1.01591160949707,1.01797420909709,1.01956628695117,1.02758401851022,1.02595133980125,1.02609489131078,1.03464849673593,1.03068821691625,1.03085817360211,1.02474752190692,1.01692791131931,1.02032429595287,1.02227869789011,1.02252105171849,1.02278888842164,1.02251992490823,1.01809015352848,1.02534214011235
4,23,1.00644718012293,1.01083945129872,1.00795580422247,1.00599866276601,1.00912714028446,1.00847046951656,1.01060422487407,1.01783786948006,1.01489657204538,1.00167277632798,0.971086850845958,0.971398995423668,0.979310209819156,0.996267251599046,0.991699934365393,0.993158939796198,0.997734786242767,1.00376416577699,1.00172871519219,1.00913864800636,1.01161300134038,1.00915781273982,1.00066427479355,1.0062791518323,1.00608670879902,1.01724632201548,1.01230006839922,1.0208449961806,1.01936282945041,1.01986192113586,1.02313868359887,1.0216884139599,1.02016096359292,1.01859889354438,1.0184138205021,1.01509703956996,1.01360932999017,1.01259257202806,1.01296967580094,1.01509430421281,1.01820536184906,1.01558165734832,1.01440607470708,1.01200414932647,1.00558387394521,1.00681758667736,1.01073001525273,1.00403156109092,1.00365803828273,1.00994266583444,1.01418939121832,1.02541937062102,1.03463790377534,1.03029981883057,1.03100408684035,1.02831182102465,1.02356819355814,1.02427310873648,1.0227286030002,1.02200061670046,1.01771736989287,1.02189741331406,1.02157831809175,0.998926929288444,1.00185401759556,1.00365286164069,0.995141793995003,0.969475734275565,0.970237046112784,0.959928758933938,0.891151433646367,0.895729881049863,0.895471280008454,0.928044816429747,0.959864662524488,0.959759258114203,0.968995296102207,0.979349316213093,0.985811901644277,0.986168436220349,0.984201532567815,0.986455780114231,0.991248874115128,0.979121944278344,0.983435090406061,0.979985164682803,0.942809530798438,0.952726982322743,0.968581435020627,0.968765138257534,0.987407901585204,1.00355333953162,1.00378592484116,1.01561483738525,1.02291114358878,1.02568055660577,1.02331960066204,1.01928658215711,1.01357640964705,1.01430215809373,1.00229976258955,1.0027467650124,1.00393042726087,0.987281611056312,0.994906472093502,0.995769499281589,0.991724340987575,0.991226419307163,0.997378158832341,0.99794163734993,1.0012244414272,0.990411121578809,0.984412384203767,0.984469135150294,0.990116982222244,0.990241060394596,0.989799880713559,0.992370043367022,0.989663971656607
4,24,1.00903669039026,1.0026408994702,1.01024522380458,1.00972807421561,1.00143378642668,0.998172993243584,0.998371865117454,0.991160659175749,0.991585536950572,0.995032468311566,0.994983745234073,0.995807712791125,0.998280484635565,0.998399899604523,0.993828115322208,0.999311318118617,0.999229510941583,1.01546294349445,0.9972880727516,0.99850619361838,0.995684656081738,0.988709832603647,0.983982927409114,0.985136802455752,0.983476044454873,0.997293794404117,0.998113286799836,1.00712560738108,1.01665849533375,1.02081230167297,1.02086303664035,1.0172092431857,1.01321926432244,1.01367626838926,1.00980792701249,1.00508826663572,1.00639410376183,1.00414064207667,0.995476172344544,0.992971262640199,0.994796606982775,0.994366761803509,0.989071488754358,0.988315368730133,0.99012301491856,0.990969430468938,0.987249870534105,0.98619776327783,0.99510451924281,1.00377677198429,1.00302241613121,0.989824047487945,1.00752197972382,1.0075367700308,1.01076643402203,1.00619703432854,1.00973291220163,1.00915382938828,1.01052278062391,1.01390694038173,1.01327043409478,1.01389502871813,1.00052366443487,1.00109936841381,1.00171051541913,0.993943342023996,0.993569549341229,0.993666479032209,1.00011979584492,0.998266080084576,0.998533953932212,1.00357564574931,0.999637857206842,1.00217396829756,0.999079036565657,0.99455515837089,0.986448464209234,0.984919831708759,0.969148083781683,0.978983672491634,0.990909705480573,0.991793531917988,1.00204793108034,1.00901889453286,1.00968320689927,1.02098935603452,1.01569241534593,1.01517908545938,1.01345207855362,1.01376645171559,1.01304897537582,1.01478087858674,1.01429064178249,1.00518403343867,1.00429626526285,1.00364688314293,1.00440958954012,1.00425602824583,0.999220240198193,0.999535252637739,0.993688211269979,0.994127840664739,1.00031087819302,0.996196250023974,0.996814986047015,1.00146004450083,1.01470634261344,1.01489952909161,1.01789842641235,1.00331350314044,0.972418185170976,0.96917697903857,0.962596698469003,0.975753136260345,0.976278878292435,0.991263784260515,0.986185935768965,0.986611861516068,0.986547361609188
4,25,1.00365873707369,1.0048846635695,0.999573055992301,0.997243110582367,0.996514193944646,0.986396042738785,0.98589087682226,0.964981660120464,0.966608801207611,0.974910132952192,0.985256661590366,0.986582630701586,1.01266267186788,1.0215746678116,1.02075403185739,1.02332358860547,1.02224294788608,1.02176485774308,1.02517666693274,1.01808501682368,1.01415583316703,1.01471483931724,0.98867149798134,0.994696343636708,0.99670091579634,0.99920408584178,1.00964562387579,1.00849454431594,1.00992140238404,1.01391198886769,1.01068996977041,1.01071947194146,1.01098939140811,1.00393413007763,1.00391778786313,1.00540272079685,1.00994697174736,1.00438080899484,1.00325680141264,1.00803484911947,1.01099981802651,1.01096349369388,0.981670182090089,0.987329813252522,0.985389666612069,0.985163328149101,0.982601469326292,0.983448343002295,0.982139842391791,0.989517501868266,0.996770859819523,0.996335995517363,0.991967454484763,0.984972206726301,0.993302405932562,0.990437822934352,0.999564966638829,1.00732075749073,1.00724977809042,1.03073621905302,1.05169098319702,1.05387015032002,1.05408025012726,1.05262647023743,1.0592392852824,1.05877072397267,1.05410550667017,1.03910704297491,1.04002752238877,1.03080651126972,1.01897441208323,1.01531164099526,1.01388130580859,1.00897524429374,1.00938610085871,1.01093339078691,1.00579215138633,1.00865905574326,1.00386908439844,1.00431630834676,1.00705310910415,1.00576754001095,1.00495556555795,1.00159790010024,1.0045392511612,1.01387723251635,0.997418504339347,1.00123923800459,1.00391472809151,1.01555880996877,1.01135427849965,0.988417386321559,0.987994150678699,0.969904018643932,0.949372533360453,0.949216457026322,0.965417055518704,0.981967212265226,1.01446921706026,1.01894640745541,1.01569767045056,1.02223297466513,1.02531666722759,1.02565658924741,1.01679685604749,1.01834876882382,1.01978646638032,1.01861444311464,1.02294662679738,1.02256693412149,1.02305426467551,1.01951945690651,1.01933361242429,1.01418860547571,1.0168918332543,1.01669289461862,1.0167691753355,1.00778803088202,1.00753438853157
4,26,1.03606108071934,1.03741484434931,1.02762887178005,1.02903015133888,1.02421755490226,1.02345999537914,1.02286873637378,1.01709258886746,1.01697741765516,1.00175945537789,0.952129146104506,0.952757985308187,0.976588723303344,0.986789848658174,0.982347071344211,0.982502062663639,0.964588022602318,0.982107489208089,0.983678954064252,0.986178305993706,0.992523527996676,0.990157514710007,0.98400362691001,1.00668661044061,1.0110920979101,1.01458482974697,1.03748155362705,1.04718169964902,1.0487661504001,1.05793039783709,1.06050056606112,1.05217563330719,1.05119810427547,1.04978301846228,1.04893658399725,1.04820271049269,1.04680880506658,1.04015227597614,1.03967827595472,1.03803442784682,1.0385877515668,1.03540823572032,1.03304128208352,1.03611868316487,1.03723782707772,1.03709128503163,1.0131658479978,0.991274403624711,0.991485740046339,0.993826748820634,0.996206769538167,1.00750442455403,1.00813548278603,0.999118395405912,0.965899127493582,0.965969297935119,0.963501207999627,0.97547113354913,0.976246275215476,0.989655120079517,0.99319924990406,0.986139282912681,0.984971075618958,0.984653616621526,0.986470670228839,0.986989022865415,0.982613236242522,0.995003295064151,0.988200695499816,0.990257161312635,0.985575105665866,0.978311921561216,0.978328879145065,0.979663698618069,0.991731906389353,0.984661258367415,0.987397128023538,0.996861632460973,1.00593253803952,1.0027531304735,1.00667398450897,1.00145042773036,1.00148819940499,0.985831071473129,0.973161519202001,0.993821506187435,0.994774756903611,0.990184046423883,0.995245272469558,0.995259012067845,1.01075285640755,1.01133869302694,1.01023467716492,1.00890341015357,1.00773583018222,1.01497443777519,1.01187022843974,1.01195644912324,1.00175243933593,1.00244734968893,1.0021047349253,0.998394679011712,0.998062434018825,0.999479894831997,0.980799450755186,0.983759036653037,0.983647236676432,0.995325441470342,0.99538538130912,0.994940798459473,1.01454493775323,1.01570808893088,1.01322276693823,1.01402325073375,1.01653293748627,1.01340590450352,1.0140928519754,1.02118928606566,1.02674679640385
4,27,1.01274073822542,1.01247713135578,1.01421193947228,1.01518562132453,1.01769007906712,1.0109575561729,1.00926125940036,1.00980850241,1.00659088711483,1.01022255644307,1.01359690884996,1.01359877489028,1.00946217610076,1.00904190630513,1.00976954031361,0.984715667973646,0.953259125704202,0.955460157319524,0.931949471556607,0.913940758157194,0.906042722647901,0.908068603638355,0.926690424192625,0.951918332181938,0.952003018301176,0.965955847567294,0.996623907257477,0.996959119288989,1.003144441139,1.01381163794029,1.00776488253201,1.00803716265116,0.999659488792143,0.991611735404025,0.990816583872755,0.990740700233948,0.993353268384026,0.992442107994741,0.992803235201484,0.997295555609197,0.990142063171051,0.990318708225598,0.984440405795814,0.972929706884667,0.981190010614571,0.981722408244132,0.982614552879809,0.972567645045462,0.971484121970337,0.985796840127681,0.996008188577579,0.995988051075134,0.986158019947812,0.973680828834781,0.971861962150511,0.9695383022484,0.959699799185936,0.965477664847741,0.965634938704466,0.969348326004458,0.972884656955594,0.97412611397349,0.975821163368174,0.980497329167939,0.969029283323607,0.968040170988112,0.983525672515369,0.975211222853561,0.974571165306057,0.969693566583826,0.973133762701528,0.974997350817782,0.999730164915139,1.00962674806112,1.044520683143,1.04438324119912,1.06529765888246,1.07429100100998,1.07956243467131,1.07526757671373,1.07720131330732,1.06974467529082,1.06970136922165,1.05605995026443,1.04560267177443,1.04552528808912,1.04460740035344,1.00219020969725,1.00195569489331,0.972931489415141,0.985349358700132,0.966794389180628,0.965276834588747,0.966382705669413,0.959500512833335,0.952618319997258,0.945736127161181,0.938853934325104,0.938434081136718,0.952873828589227,0.956127573727166,0.950347135570978,0.948981968635713,0.947466586656863,0.939745235410831,0.939305251338009,0.939786047384637,0.941613413839426,0.944637037793292,0.944590685702646,0.943730798670662,0.931768674692424,0.934462088143336,0.915388145077359,0.929589932374561,0.931330509171462,0.944656618179146,0.9557108661363,0.959106563706257
4,28,0.967774314848062,0.960529270250954,0.966347726951093,0.975880754225452,0.97583431617895,0.979304424145953,0.952202206315085,0.955156206640228,0.9602915684093,0.976391165483697,0.974186303469669,0.974366503377206,1.00332004721062,1.04690816826908,1.04567531777713,1.06247445107099,1.070911280526,1.07695147123683,1.07549450361371,1.06577631520182,1.05572292765958,1.05567872756272,1.0232310903783,1.01401223298465,1.01407533610227,0.992635297194249,0.985560951531425,0.985605353855249,0.971584946996941,0.978631812128877,0.996916956600765,0.99635654386379,1.01019757736223,1.0253138002604,1.02505723560966,1.05789925404005,1.06566977051775,1.07191473099017,1.0710245220398,1.0776930347359,1.07667038533309,1.07348452550682,1.07534227366406,1.06718004978838,1.06916952957219,1.05797285327785,1.03855031024894,1.00704614230459,1.00755056478398,1.00089086164281,0.99564966633816,0.996233946345203,1.00854043495233,1.01582373015712,1.04602989570831,1.0458217491824,1.06868363396452,1.07319290817932,1.07366057140077,1.08156132235628,1.07641889133,1.07611918945349,1.06634268948602,1.07864950502827,1.08562338926393,1.08765990259695,1.06634777657433,1.06689618324433,1.06770775656627,1.05962037434402,1.05551158819317,1.05592316089232,1.04926857776104,1.04429165433962,1.04453494704959,1.04072911251565,1.03930026843075,1.04154467835467,1.0429817749225,1.04629288724935,1.04626883532564,1.046287558613,1.03954682258268,0.991494818475403,0.940155159471862,0.943019231796643,0.960157919510853,0.971663727589235,0.971092598348817,0.994852616809819,0.998985176584442,1.01757866316263,1.01822047429809,1.00359687114446,0.999697075193476,1.00081967947276,0.999455371953596,0.999927675257338,0.99834357998348,0.990847146689898,0.99672785574231,1.00121195315192,1.00109932200819,0.982038609071572,0.940778695248886,0.941084311148657,0.945085241243126,0.964528432601853,0.964382491560764,0.992062736836211,1.01099744797425,0.951142516313719,0.952774848888069,0.992192525875073,0.992701809993126,0.995829658606583,0.997375006163909,1.00430320269474,1.00840564375787
4,29,1.00067502873423,0.999618811031689,0.999324140652892,0.998931346167603,0.990960375021777,0.964783014881075,0.965851638766626,0.962260719926775,0.967601437894025,0.993920911905439,0.99573741209671,1.02498162487153,1.0218931626423,1.02198985075228,1.02029785906931,1.02023511854589,1.01804619575417,1.01896958281389,1.0139217684718,1.00575428740356,1.0050734609964,0.994308228586269,0.991401956684724,0.991601729712231,0.996460995917194,0.999958348458498,1.00076725379817,0.992121377363979,0.997917732169925,0.994288975755574,0.993730596491558,0.993937197358424,0.988959409892244,0.988940183805576,0.990469132086199,1.0140499178595,1.02953926706552,1.03455248149578,1.03090191461695,1.02937903118026,1.02860797159353,1.00001761471264,0.989166515567685,0.9919944054966,0.993366712936873,0.990655029213954,0.979841969757573,0.980022886570061,1.00007892798879,0.996061435406522,0.994928623895643,1.00311086876058,1.02156174779622,1.03448620061162,1.03470443159712,1.03363271425469,1.0477432583554,1.04782045364052,1.04756158067351,1.05639418966794,1.05705465113869,1.05679430817748,1.05976604128207,1.05580470313303,1.05587283506183,1.06340395909997,1.05699748278428,1.0500502154283,1.05263388129452,1.06526635648141,1.06455510543715,1.07043159169092,1.06790240485432,1.07451873902254,1.07077682304663,1.06801785818553,1.07466908713282,1.07498009909028,1.08908298120594,1.09453545379782,1.09224895095539,1.09289662151978,1.07896051236237,1.07512992331768,1.07507743430347,1.07976743080869,1.0894927350899,1.09260626113703,1.09102243217005,1.09335606243912,1.09841981024373,1.09929912053293,1.08721538028283,1.08531657122316,1.08672871419845,1.09031540445202,1.09091462204725,1.09944356182086,1.09704915455757,1.10213247272544,1.08523386573256,1.0951146056117,1.09437150800957,1.08656629962215,1.08811301257327,1.09248351170888,1.0940660510857,1.08944017654111,1.08912564838154,1.08051146065116,1.08215739527138,1.08221770830353,1.08692745483187,1.10759761202336,1.10792462197997,1.1241264400837,1.12625933218102,1.12497802353724,1.12364944965223
4,30,0.941014175423409,0.954449871201373,0.977608318685348,0.98833664366449,0.989520955934013,0.983308290971802,0.981427047668386,0.980351987633023,0.993713406923608,1.01713325374079,1.01729251605268,1.012756906955,1.02097184354903,1.0325145171208,1.03161114518495,1.02717632138947,1.01785597799142,1.01895490911576,1.01400191079465,0.992628015464966,0.995019443639342,0.97568692368177,0.908736516696878,0.895913288475875,0.89704500013688,0.899925989651613,0.916925046400797,0.915123605047154,0.922381516016718,0.920995038392316,0.921128929148601,0.917780634013984,0.91202405318152,0.918768043354172,0.918881330697992,0.918139589143509,0.91560448841243,0.915194857687085,0.918440873342175,0.8964816587692,0.869959277585624,0.868452954528869,0.842439320118907,0.845493633540628,0.844633493502808,0.862339763904969,0.860116536779115,0.860366846036641,0.868944158491027,0.86723892464192,0.878002536613927,0.878249893218644,0.880585964158571,0.865152612336134,0.864967640730501,0.870534982642262,0.872798907948901,0.874246231969858,0.870328175350351,0.873420768827838,0.874104013237503,0.874836431339136,0.874696156933336,0.876273862344965,0.876165674394896,0.869847162106051,0.869565456278401,0.870253998712764,0.870143541973863,0.878173471272224,0.871137474775693,0.870837265806641,0.862561732243215,0.832600040197054,0.833231092533742,0.813336274163629,0.819926240477997,0.838152013623216,0.838585152034966,0.861563470588363,0.874684014716981,0.873750838447428,0.876204703204796,0.871945724367984,0.869974314554932,0.874016412187598,0.873226451739387,0.863711409959966,0.864130548219355,0.866599924018961,0.875187883599661,0.875551411082909,0.866478381514217,0.86965699572313,0.869032458022176,0.868237223177136,0.868218254368156,0.867894989901076,0.865941514342955,0.864815312730244,0.865989956289971,0.865812133143625,0.867923696076677,0.865029045751241,0.865029889842785,0.863960273960557,0.874292190237264,0.877936727465907,0.87817041232348,0.886969291451219,0.881687515771658,0.878950183029169,0.878492810479683,0.880985913376199,0.886164754972806,0.886370765210166,0.889815704172627,0.895378049736658,0.895501512717191
4,31,1.04524609762902,1.04448664414075,1.05546184732761,1.05047211299304,1.05085297936982,1.04378649593824,1.00218363962005,0.998332960391113,0.963746055814369,0.960172271448508,0.958631073811959,0.956902355634087,0.966232448940998,0.975863574454125,0.976108773283922,0.985117242178334,0.98814429729947,0.988293223847017,0.989965905877573,0.99197968398174,0.984328596152048,0.979941413851445,0.94919705935696,0.947539862938253,0.950307385001706,0.945121208481797,0.945402017530266,0.945732492836592,0.947659914112461,0.955782170646329,0.952742122717972,0.953675712398154,0.955610804819268,0.960470420024377,0.961675967608685,0.965074886188606,0.960222203713695,0.963352797063126,0.963720355024202,0.965761043666361,0.967493959217052,0.971298840537709,0.958523284042132,0.946366112960718,0.946498493849373,0.949438527469629,0.960814119681667,0.973022178728146,0.973047226421853,0.96422215374839,0.965167468823032,0.961105952801892,0.967290508066755,0.954743412376017,0.954357721217245,0.972090907971772,0.963755058993848,0.960825217028219,0.965327990011906,0.966693337851562,0.970513452391815,0.970588985996904,0.971570600214581,0.973705788012782,0.965142281610846,0.9638559509184,0.96455061271296,0.963866273897321,0.963661286438715,0.963053938764358,0.963615764025031,0.967377483910832,0.966551934080254,0.960401337415265,0.967157628200568,0.96705109113141,0.961429744950784,0.957723007541651,0.957447889417,0.959916742327717,0.961006229789773,0.955580858918549,0.956233733812429,0.945507622484433,0.971050958822402,0.970056744468064,0.973277000381257,1.0041887734048,1.00261820267857,1.01016089442058,1.01567270713577,1.02042705783759,1.02074388358079,1.01431485735498,1.0088969946989,1.0074263549843,1.0018627436543,0.993149338293084,0.993447947747084,0.985020051324139,0.977573017183433,0.969782663020614,0.969451753494242,0.96458736583751,0.962380627979239,0.961943698933861,0.959465754960943,0.965253024932066,0.967076596304511,0.966510856465263,0.957890402381889,0.958552654316301,0.959129275710263,0.966507000695618,0.971795915804337,0.969986219755473,0.976511457669057,0.934504778306949,0.923400575987364
4,32,0.990901344546922,1.00165690881847,1.00687786184326,1.00878954028723,1.00745768270874,1.00813926250495,1.00561360554051,1.00537041732307,1.007529683382,1.00111980791034,1.00139434739054,1.00188030224714,1.00259440921954,0.998344693779773,0.998012267376073,0.999945313206431,0.989871800343923,0.989944375986942,0.974556375584146,0.964573754310783,0.964277392418775,0.953631829892336,0.979590089812931,0.994981110183568,0.993225677739474,1.00654101622052,1.03334162011641,1.03402498989842,1.03228153909632,1.0287748783919,1.02566079543936,1.02250292207568,1.01950488912733,1.01548992466699,1.01466060249718,0.998495071737035,0.994476320517409,0.996631015030784,0.996784402802808,0.99730512237964,0.994648820387438,0.994863933200803,0.984853714398865,0.988097797193523,0.987092436181813,0.985997535434475,0.987560584587749,0.989311611548702,0.994298561815776,0.979804804535086,0.978993840085622,0.980046297649259,0.979078515087951,0.992595975176413,0.990446467454382,0.994467501695771,0.995640078365268,0.990039992102091,0.988945487482804,0.990855644732093,0.992436134028199,0.99303829151217,0.994834652799312,0.990756694076907,0.990177687310413,0.991329641628003,0.988931913523667,0.966810553766375,0.966633506454563,0.978642550914231,0.986262387967175,0.980944018872481,0.949873226804698,0.901073956577233,0.923716582529381,0.925989668423239,0.961796528678151,0.990261329185226,0.989774988221227,1.0118722157838,1.03778541032879,1.03545435755663,1.03967878799602,1.04848162230821,1.04397777300725,1.04362459644122,1.03697415099478,1.00927879311519,1.00867944684825,0.993537069150174,0.984187012441669,0.985813020586309,NaN,NaN,NaN,NaN,NaN,NaN,NaN,0.896994758435781,0.937403544166216,0.969549310047362,0.968355233930331,0.972369496925128,0.966652061519223,0.966122189864344,0.95995819508535,0.943050325130419,0.943648599400008,0.934850205343727,0.908947727511921,0.903977284512849,0.901961734296403,0.931926921977969,0.949289765642087,0.948694458033572,0.984330003483104,1.00460352471863,1.00258831407419
4,33,1.09474928727565,1.09559736451736,1.09728712722058,1.09432110388238,1.09274465762517,1.0929526495414,1.09236417853529,1.0960655179382,1.09093391526787,1.08659976334636,1.08725447768288,NaN,NaN,NaN,NaN,NaN,NaN,NaN,NaN,NaN,NaN,NaN,0.938668519307626,0.965681418311267,0.96547642890158,0.994939209717544,1.02899405208733,1.03090627375306,1.04825541363067,1.04174339119262,1.04310051430112,1.02718316565827,1.02435029764913,1.02511081502199,1.02628122922868,1.02029303391914,1.0194974380723,1.01933191727776,1.021514327936,1.0224183480619,1.01663292051616,1.01127691172901,1.00110266364996,1.00457671515931,1.00405990553043,0.965661894737976,0.962790257053888,0.963309504381456,0.962701383539399,0.955897573037933,0.940281635819878,0.938369524152271,0.942771351275654,0.946605996190618,0.946558209861242,0.947229034091053,0.948550929036237,0.951232296081735,0.958190718198834,0.974513585584607,0.983984631322811,0.983599283034002,0.984812385696324,0.984328829453933,0.983771398199351,0.975194256791713,0.974596132193474,0.97147406428315,0.972714919402061,0.973686366213284,0.967982040781067,0.967777074058419,0.957573601202842,0.966691400209614,0.965481429648904,0.96267236198745,0.966485153194289,0.968532346310966,0.968239036211757,0.974527395858999,0.976071232495416,0.974677747712528,0.968059001585991,0.981505456571688,0.983233735385864,1.01122045449878,1.02817818840049,1.0239747338233,1.02398637338515,1.02937882757176,1.00300123280628,1.00150874769645,0.967289349788509,0.972303790532089,0.970149611634791,1.01298946608366,1.02879114574545,1.03261289822736,1.03164671805124,1.02229125257597,1.01437651426558,1.01444680152274,1.01118265930019,1.00257979499996,0.99584583377328,0.997107439434814,0.990379483272477,0.984052032490466,0.98244717849456,0.988968498306549,0.981008796273178,0.980694935884962,0.978773220925792,0.977283761370189,0.980652491233211,0.982492448140483,0.980877908427041,0.979107764172758,0.979079180037399
4,34,1.03439195958707,1.01815519606466,1.01831703941725,1.01335909710159,1.01289549391371,1.01291534422393,1.00263702668411,0.997403733464996,0.992161808505777,0.990994205462819,0.99551187320443,0.996144744892611,0.990433024067806,0.985781309044022,0.990848825315749,0.987641535899527,0.988424646214259,0.980854920437953,0.991128216497734,0.991341586436972,0.997306031048461,0.995241613700509,0.995546508847944,1.00028814686973,1.01946823877895,1.01883932619329,1.06256178456381,1.06963628391874,1.0744602735833,1.07825424192133,1.068250100859,1.05018634463878,1.05012754631682,1.03458347697704,1.01871008947926,1.01446262925058,1.0134331330066,1.02577406460649,1.01380278720209,1.01368205314966,1.00930847965634,1.0103417671752,1.00057779358403,0.99997705573295,1.01024268929995,1.0133341672741,1.01352982987346,1.01751092046162,1.02721858328439,1.0271491827427,1.04458304521781,1.03827695680554,1.03533269267583,1.03549590261471,1.03253604335437,1.03142941287768,1.0323261573126,1.02777578304259,1.03232995215785,1.03281192764027,1.04008331859924,1.02703349123758,1.02268924105988,1.02116626937123,0.998489639411305,0.999716862523187,1.00084661335763,0.951280107721791,0.942161547733578,0.942461546174998,0.97805252426304,0.982707326403931,0.977998951601959,0.978464600853233,0.988833643672584,0.983318430770145,0.984377964394224,0.983077311120407,0.984119693391488,0.988442008311775,0.986235707645726,0.97907483553637,0.977129503204,0.97532628972846,0.986337118314482,0.982633461961795,0.983642023293629,0.984320790105926,1.005872500832,1.00488239624192,1.0047624006436,0.998715320151507,0.999068116528861,1.00048196372016,0.978660231480354,0.945744269456499,0.943303994865713,0.960406336493413,0.977827622693529,0.978701153843319,0.97873426842705,0.979812058466272,0.979309882356582,0.977589551050572,0.980058161044542,0.980890326830772,0.987751639449287,0.98701506598366,0.987188102256008,0.978607216990438,0.978973397588541,0.9811618605706,0.971828330183458,0.971163416533741,0.971650567231012,0.971682845817559,0.953149947766558,0.953758244943878,0.91444851193168
4,35,1.01674346733124,1.01535437486921,1.01108180648877,1.01092918990286,1.00680612955504,1.00888047462518,1.00864674159013,1.00338557738453,0.998281835229432,0.998332190323196,0.99453408391248,0.994886870494296,0.990886130210282,0.989830680248669,0.989973266010177,0.987129822860097,0.993360563382635,0.992654043777222,0.988302751804556,0.988676520477472,0.97803917990267,0.950812639606757,0.986691031816364,0.9853606278607,1.05416408155883,1.08011699171856,1.07920687773757,1.07608255776769,1.08558586177738,1.08512041901826,1.06718161877141,1.06642232630318,1.05608172227363,1.05718020265297,1.04724421204954,1.02100297533983,1.02027658715041,1.02738025615515,0.993611382382386,0.963724460569827,0.963488675271294,0.954371377800122,0.955418384971497,0.954773751055899,0.95242341598303,0.945655371595734,0.946299142423883,0.951129043263862,0.947851782210272,0.956118280079683,0.955719991312104,0.979703548467085,0.983189633170242,0.983600664339176,0.98695962543605,0.990995884334444,0.991386773433644,0.999828997131245,0.999296029113327,1.00286527114334,1.00197724360593,1.00565020514063,0.997503255596114,0.997943808295918,1.00651465527738,1.00638789059401,1.00571673064304,1.00492917132859,0.997070733877853,0.987147317298168,0.98430791543741,0.990082796363808,0.971009723304355,0.970699101092221,0.98886283780479,1.01385409700863,1.0454517732961,1.04557527623995,1.05153474999492,1.05483482556961,1.05533296883823,1.05462101629617,1.04581733570462,1.04332269149699,1.04368446750414,1.03961194818517,1.03447893484754,1.03436535299504,1.02898351032452,1.03115614517465,1.03109258672208,1.02229833063773,1.01779176536786,1.01927383806507,1.01786117492828,1.01766014946755,1.02957348051953,1.02964588232675,1.04042180759697,1.06376340257175,1.06466798013354,1.10319879528436,1.1330596222041,1.15483163764631,1.15349361487886,1.15879350663835,1.14477072396777,1.14476146532481,1.12858215944276,1.12002428466517,1.11235125657805,1.11224987512141,1.10038794099697,1.09422041571954,1.09553853080728,1.09345565566618,1.08149388197576,1.07987000264357,1.08284496427092
4,36,1.02042115071121,1.01472771666265,1.01522008507469,1.01603999948118,1.00313984571936,1.00279579391402,1.00436831193793,0.998945892530074,0.995662725781256,0.995781700939331,0.999233138108401,0.996988591840252,0.996987192132851,0.994513257637723,0.988572804049346,0.98989795275874,0.987095708148095,0.988998137504841,0.99060999506804,0.990636649531425,0.985129637106085,0.972086454573663,0.972382319287645,0.97675774420984,0.975716415477327,0.975831989246076,0.99603860220146,1.02414601902858,1.02691041040758,1.026276429174,1.02137673229354,1.01526630527446,1.01560699296947,1.01014532744426,1.00114688157119,1.00430992139692,1.00463165723481,0.987774118543007,0.990389222380469,0.990848016847226,0.989651017470952,0.979901420108058,0.980041362340986,0.971753379985764,0.986448984893613,0.964873160507562,0.963949735158291,0.963019949143841,0.963068474591156,0.962498222034472,0.961573236488824,0.960468079808537,0.960444927319564,0.967978477716727,0.959199162161271,0.955524928183569,0.955351323478767,0.952026739776896,0.952277682385731,0.952605318542476,0.945054845750902,0.976002948390525,0.975800178162082,0.961586397743807,0.97237524162837,0.939354270221213,0.937631180978326,0.866918939454676,0.877673322869077,0.882911754932309,0.920564331726149,0.941620823091081,0.949470315356701,0.953356008388016,0.952160236083671,0.951353315511137,0.951005826253178,0.962498347780559,0.953998816397483,0.957764818167988,0.957803331796616,0.954510681554765,0.95595148896393,0.95696703717206,0.954417032815335,0.954548640590435,0.952289266946831,0.958258554626455,0.960059773986491,0.956641197752023,0.957551618936959,0.957336934191314,0.941466112225653,0.941614722299552,0.957150003822585,0.971112796405667,0.970862229703054,0.970255383788275,0.979689301410721,0.957205649012127,0.957793424519441,0.965094367192367,0.97089122685245,0.972311872048396,0.968753093459744,0.968282192185974,0.96840107361791,0.973838974154098,0.976588315106054,0.981488941077186,0.981946455248282,0.977594438422743,0.971654201889812,0.971829599530433,0.964667644038512,0.962747872320205,0.964240139550957,0.966521967268277,0.968229540331743
4,37,1.00110351387328,0.998186646872817,1.00212667144859,1.0017646002695,1.00916937739097,1.00249508164044,1.00087257396447,0.998427083727417,0.996367842396926,0.999397941432125,0.999210880873047,1.01064448149492,1.00299681482987,1.00091640188086,1.00222854734018,0.996881269318675,0.993716573267983,0.994077220605564,0.989416477372369,0.996832650638966,0.997684050129401,0.974939837290361,0.971884216286993,0.971314877856265,0.968686277446178,NaN,NaN,NaN,NaN,NaN,NaN,1.02147866264095,1.02735860184504,1.02827947274952,1.06016348763293,1.08172799497283,1.08372096937321,1.08494204024437,1.07798628623721,1.06281078320296,1.06296031822768,1.06356123448849,1.04616904394329,1.04361702873451,1.04237202640071,1.03999961972357,0.965849142569072,0.96623535905294,0.955625480227449,0.93039141690028,0.929481432531283,0.904702500178599,0.874133888194634,0.883935703783613,0.885496858732716,0.884645274012209,0.893641569798244,0.894059154713414,0.900238981912571,0.904362733663717,0.903781587685487,0.914113308422473,0.910538805999953,0.910276792940288,0.913149457470685,0.916888347386343,0.91807881897193,0.918658984017682,0.904848525887475,0.905325083579241,0.904632959276962,0.905008413881081,0.903621568856993,0.910495591893251,0.910423669889241,0.914868929448463,0.916230984859293,0.91404382300388,0.918615779890878,0.927198439163252,0.928823003614512,0.924442189047033,0.930010664008021,0.928754618896658,0.928046460608266,0.924868632546052,0.917483329809515,0.917471690019244,0.921756359522785,0.928321747571939,0.918725078656952,0.918867157676426,0.932159393868907,0.938186487024748,0.93779537321613,0.968427343113265,0.971382370910534,0.971552671363837,0.971730234802503,0.96119255680966,0.951897060342827,0.952086640203316,0.959259840152151,0.966193623178942,0.967886500888533,0.958259590574793,0.963520332236516,0.965185247400342,0.965722236596937,0.960713004249105,0.964497494612798,0.964320745376379,0.957375654799352,0.960880890002784,0.960729895619294,0.958416857922585,0.962223915666469,0.958778445592133,0.958971134534053
4,38,1.00297120964916,1.00267847892677,1.00727318213298,1.00696252003724,0.997350162529521,1.00135880345065,0.992857078307086,0.99642859384951,1.00334640540658,0.996133603065979,0.996498982489757,0.999428823276016,0.993581267809874,0.994721148082772,0.994672816910076,1.00949968012182,1.00110592204591,1.00159145553427,1.00153986637404,0.997328359416208,0.997628479216441,0.98201289334352,0.980864413267233,0.980526302465227,1.01217260333387,1.04090892786964,1.05340781544656,1.05506684395404,1.06529494495373,1.0572573209795,1.056740920852,1.04822012374847,1.041667572429,1.04464272278721,1.04648545266913,1.05390278510386,1.06691390935504,1.06728685089721,1.07234424869152,1.0691187196114,1.06922987697912,1.05907285015398,1.0529881513296,1.05365053522499,1.05681034834279,1.05623293849205,1.00210094641911,1.0021252090135,1.00337864569843,0.984513149969087,0.9778355374598,0.976467265232105,0.97133391019852,0.979174021233931,0.978318959527621,0.987000841717693,0.994442097622867,0.993997129948802,0.996785922557122,0.999578149187251,1.00050566544401,1.01623424840715,1.0227927811762,1.01915938170767,1.01877646237797,1.02380458463194,1.00288026451214,1.00256907584935,0.987222355476725,0.991213520539796,0.980860950174689,0.980369420173895,0.998249028644017,1.02762702680635,1.02799419004635,1.01847694136024,1.01771510947888,1.01307622315374,1.01154917381772,1.01700102617232,1.02666832979958,1.0262664166031,1.02313911424687,1.02098643951208,1.02185853074473,1.02492530196605,1.03239681264472,1.03091234558487,1.0307495234086,1.03433038814452,1.03444248892842,1.0337985318324,1.03229322572899,1.03197874684118,1.03273092713244,1.04877983813719,1.06410301427846,1.05821237598213,1.05923875705904,1.05468792802388,1.05299295689457,1.05276035013974,1.04617419158717,1.04726939040654,1.04641220659265,1.04890602685878,1.05106993255216,1.05231880927631,1.05268535033096,1.04733769918903,1.05307298413592,1.05381163527311,1.04341705306826,1.04554924476432,0.999565386033448,0.999696210959182,1.01294984720076,1.02231053417819,1.02212138567032
4,39,0.994329033150304,0.979426889894338,0.998028503959333,0.998032759848852,0.99318771653169,0.999268303514227,1.00239409604805,1.00210788460201,1.0069148950336,1.00674644708038,1.00673596746001,1.00394389442206,1.006195286077,1.00179289698178,1.00430151978222,0.999320947785213,0.995752448503116,0.997722760036349,1.00379774928947,0.998881208410769,1.00913897798092,1.01157865497849,1.00387625538035,1.0064429049292,1.01516459738979,1.0047200142422,1.01606568667544,1.01598161556744,1.02317078399144,1.03260901514047,1.03249825016817,1.03041807401221,1.03276913389694,1.04153751553155,1.04222326972868,1.04051827744155,1.03726855097901,1.03927100177508,1.02717179581082,1.03342836262916,1.03397373704393,1.03301083419569,1.02830232506884,1.02833333443166,1.02862531844074,1.03282979450333,1.02135415807159,1.02106241714754,1.01795788060629,1.0196425122858,1.03123039494392,1.03102402658321,1.03567700802197,1.03567390273792,1.03767784691705,1.03078961087384,1.02267533314396,1.02108150138104,1.01803623966971,1.01744164449794,1.0153575726239,1.0169823817715,1.01099603293269,0.98021345693202,0.979105740986205,1.00078030166484,1.00054936696057,1.0008847228588,0.994999835930698,0.992719781613216,0.996661089465725,0.996806213570497,1.00605168615542,1.00798118449892,1.00981253634288,1.00481119731583,1.00777367144318,1.00800848169659,1.01190544061813,1.01408349826122,1.01111446387714,1.01111446387714,1.02017391473206,1.01047138820202,1.01471013636492,1.00868531465279,1.0053686161117,1.00920196963953,1.01349333330403,1.0199015303114,1.00088414975324,1.00205163985246,0.994938609272442,0.998612723456883,0.999300408612067,1.00786740178912,1.02064706971861,1.03425036802126,1.03180533571678,1.0296715136933,1.02560177523497,1.02556146314227,1.02129798674848,1.01833929884441,1.02087505812267,1.0203153649994,1.02560815561528,1.00835196513201,1.00896971225342,1.00953951066643,1.01907529583172,1.01877664475483,1.02992872539181,1.03440539213214,1.04061971765122,1.04040351088548,1.03834510513103,1.0307867392016,1.03245785817874
4,40,1.02013448628576,1.02516279643729,1.01719310212483,1.00204621469313,1.00337670509455,1.0062634163135,0.999621722510317,1.00034223836351,0.996076273152344,0.992443546362575,0.99335626662977,0.999446195878117,0.997953250388298,0.992420421450119,0.992259459692272,0.98999327126271,0.991603628843339,0.992120269986602,0.988186734530961,0.994550525239131,0.992776585241355,0.992116432596739,0.95503350612505,0.978423356558294,0.978176565960809,0.981038243024682,0.991340356291196,0.991501857664751,1.00995591580167,1.00845306495785,1.01118516936773,1.00830187385445,1.00217888811602,1.00198504658112,1.00227785221391,0.998133873552391,0.992539235759001,0.996143107732997,0.999080093457082,0.996275651796623,0.997803263170521,1.00073402988593,0.998414598845281,0.995661285113456,0.994932187701724,0.984925369769638,0.969717673248751,0.966234683532928,0.966698886253526,0.963850611809226,0.95629744250146,0.95502501861841,0.968930779768556,0.985350849353877,0.984156619066552,1.01811931341398,1.06268108081174,1.11570465020173,1.11513354367645,1.15807655268796,1.19295506546794,1.19278319858544,1.17995976985759,1.18558959739518,1.15933873138286,1.15937456683549,1.13481082462575,1.13634690172256,1.13635971729172,1.15308747397504,1.15185388048113,1.14935622157753,1.158770655833,1.16847080625195,1.17725845448527,1.17695653772633,1.15649431984674,1.14761257864597,1.14830145599071,1.14634741151475,1.14630517967674,1.13658862927448,1.13074402220122,NaN,NaN,NaN,NaN,NaN,NaN,NaN,NaN,NaN,0.957705205301432,0.976060458898254,0.982196448687905,0.983446830792848,0.944107425779116,0.93691637919089,0.936288190469053,0.956323383525691,0.976447574437275,0.980516228558906,0.98029588935329,0.979270683627879,0.978863875240073,0.978422699178816,0.984273740188235,0.983813112355,0.98251828553471,0.990509413347626,0.994048887005371,0.990696175252928,0.998325161293613,0.999506183281231,0.99207127673559,0.992256341875462,0.999742276604783,0.999830748277384,1.00196495446068
5,11,1.03683139878313,1.02098567956774,1.01994709462805,1.02157949171278,1.0144216874336,1.01442048571794,1.01133382229728,1.00139035894034,1.00139035894034,1.00029664575881,0.998758373289585,0.996854838178373,0.997693797974176,0.995835952637326,0.99555062521604,0.995323046533535,0.947753887762742,0.964816227314103,0.964816227314103,0.975280270498214,0.972634495070385,0.979688176076718,0.981580934132033,1.00278594370289,1.01720406737429,1.01720406737429,1.03822098431344,1.05059757225227,1.04321882533747,1.05202041655354,1.04194541661392,1.0352099642564,1.03507830757778,1.02741400386814,1.01178857654755,1.0151922707237,1.00748212458766,1.00524337110639,1.00036374969894,1.00106770525671,0.999169226443977,0.991029312547403,0.991029312547403,0.883793215351387,0.917810702857091,0.943379391768809,0.944005972250134,0.943788685621534,0.946045363662923,0.95032618009644,0.944703225208942,0.939723358490055,0.943544901234139,0.942413428448147,0.949190534400544,0.949513432290843,0.951114142967081,0.949503397091371,0.946754414707962,0.944707998645584,0.944556942645159,0.950318072047115,0.950537870597364,0.949776184549379,0.856133125181613,0.837919327628237,0.839580691613062,0.865492418394854,0.82400919803736,0.826394583538997,NaN,NaN,NaN,NaN,NaN,NaN,NaN,0.890183721014942,0.925954987042147,0.925989295401573,0.939995138876054,0.956290890604246,0.960068984692153,0.95842989056613,0.956983464519902,0.95458009944301,0.95168480177719,0.945959700266289,0.929206074009932,0.929221787107278,0.955153314481123,0.958732895648297,0.966989880076978,0.961878861841892,0.970834319853182,0.965907124345663,0.969018151170599,0.964042210583693,0.962117126555556,0.96078217813936,0.951529624975233,0.955598572830178,0.952198448128355,0.952882185732779,0.962951951677356,0.966937013195214,0.967302848630009,0.97434739859555,0.971851018745819,0.974723068555811,0.975538398422393,0.985260878331734,0.978716898292103,0.969831593708277,0.951673361683822,0.909352827741252,0.90918965670442,0.962219655516928,0.991141254895679
5,12,NaN,NaN,NaN,NaN,NaN,NaN,NaN,NaN,NaN,NaN,NaN,NaN,NaN,NaN,NaN,NaN,NaN,NaN,NaN,NaN,NaN,NaN,NaN,NaN,NaN,NaN,NaN,NaN,NaN,NaN,NaN,NaN,NaN,NaN,NaN,NaN,NaN,NaN,NaN,NaN,NaN,NaN,NaN,NaN,NaN,NaN,NaN,NaN,NaN,NaN,NaN,NaN,NaN,NaN,NaN,NaN,NaN,NaN,NaN,NaN,NaN,NaN,NaN,NaN,NaN,NaN,NaN,NaN,NaN,NaN,NaN,NaN,NaN,NaN,NaN,NaN,NaN,NaN,NaN,NaN,NaN,NaN,NaN,NaN,NaN,NaN,NaN,NaN,NaN,NaN,NaN,NaN,NaN,NaN,NaN,NaN,NaN,NaN,NaN,NaN,NaN,NaN,NaN,NaN,NaN,NaN,NaN,NaN,NaN,NaN,NaN,NaN,NaN,NaN,NaN,NaN,NaN,NaN,NaN
5,13,0.996041070471212,1.00615596591044,1.00492820802959,0.999544021182168,1.00622930898732,1.00600727084508,1.00616281026353,0.93893088879192,0.93893088879192,0.921614919917018,0.939646503746512,0.985583289209143,0.985583289209143,1.02321048285051,1.04268717304787,1.04509028149713,1.04755017837309,1.05446458373724,1.05163886513915,1.05451358346444,1.05402071623,1.05469198769054,1.03832777377616,1.03967035375373,1.05394239949407,1.05342472789751,1.08433418615052,1.09355146669411,1.09299790896003,1.10152479244875,1.0990944989044,1.08554613166076,1.08524216484868,1.07628434286664,1.07502789063507,1.07502789063507,1.06531707403899,0.940888837014726,0.964029949130751,0.964044458507521,1.00331566946701,0.992397464734106,0.992397475423687,1.01160206933484,1.02086953897388,1.02086953897388,1.02736394314598,1.02093931273059,1.02437481817564,1.02437481817564,1.03224706646105,1.0278012140143,1.03054262032585,0.993686860051667,0.883757035062996,0.871212778936423,0.848332296106648,0.84710369502307,0.88794803880893,0.886516842763967,0.930059771489751,0.96131325980269,0.966203751620433,0.976354988716801,0.986747021507669,0.986747021507669,1.00096554973968,1.00643406627476,1.00713404222829,1.00667734561658,1.00888288759541,1.01058032602461,1.01072200959789,1.00607531431965,1.00885117409835,1.00522157539583,1.00512329421613,0.87419851392064,0.795629662433649,0.795265152465438,0.790032881204167,0.781446815489391,0.782946940666183,0.826680832842654,0.895712550887495,0.931897575090723,0.927949903572672,0.947423262519382,0.97006562737552,0.96837694445528,0.990363168603118,0.990205530349388,0.989286596786443,0.986394577161907,0.989282047174749,0.997389749783959,0.994396658743198,0.99743465514656,0.997486941028641,0.997487522537978,0.990509912037663,1.00372682348065,1.00638029266067,1.00438476668865,1.00579000551097,1.00742957295538,1.00653001318639,0.942542168578301,0.930403007439576,0.931128179977315,0.937846338996145,0.933712130742653,0.931928872565432,0.935221818940929,0.925237500935188,0.946967433125992,0.945469888828406,0.992917198911764,1.01367996594037
5,14,0.791211782282262,0.787097802450848,0.812851933882745,0.851763971188917,0.853626917333008,0.917754305606055,0.973483646679395,0.975104382520876,1.02142782746026,1.0563160202236,1.08472745864995,1.08414971958563,1.11031650662683,1.12388860558485,1.12323733248764,1.10990321382101,1.11083458622611,1.11138630867917,1.10091767871082,1.10956101730183,1.1031468393528,1.1031468393528,1.08286229628216,1.03739682766796,1.03664923847703,1.05200698778548,1.01787943910489,1.01920816433354,1.06140604668669,1.06353440256329,1.07052041814755,1.06976620507128,1.07546602402959,1.07020467151858,1.07741548236771,1.07379989178206,1.05252012682893,1.05693344042792,1.05700968553701,1.04414355627041,1.03725828477083,1.03705025070957,0.974243055375784,0.943022823710359,0.944386928053318,0.984724451263468,0.984418912297404,1.00309684104723,1.0023902355142,1.00708898666624,1.0208549173707,1.01706661394964,1.04819089574156,1.06005004296952,1.05987036114795,1.06908654206565,1.06489549282778,1.07135209448916,1.07135209448916,1.06746562005926,1.06558402694247,1.06532865579294,1.06015103850704,1.05412786141519,1.05767956599918,1.05140602797264,1.05571900158831,1.06155467019388,1.06222648067831,1.07088195068311,1.05429944108255,1.05429942446554,1.02828591052794,0.985249455448276,0.90581511964422,0.898069620705198,0.919566826157345,0.897316191629532,0.880067864667365,0.862055124911598,0.871022141537571,0.921174239310892,0.922761240405497,0.946439096896904,0.962631881595994,0.964887848907306,0.96883232139305,0.970659662158246,0.970659662158246,0.974941418110293,0.980891212829548,0.977304880572781,0.981255362068323,0.978184902455102,0.978237625007478,0.979593430662058,0.980948475071895,0.994570490371224,0.993457544461666,0.957094165723165,0.932159339160372,0.886203765081161,0.886778776253389,0.871257462851728,0.932271576601623,0.93553484750048,0.971471859898792,0.983895837786316,0.978659418862414,0.98029267274439,0.987535432725834,0.991299530273969,0.991831534011098,0.988785468186835,0.997875740411326,0.991927580051,0.995321366907588,0.997008612910049,0.989950881044051
5,15,1.00682457709134,1.0047150287958,1.00375237096578,1.00059463159083,1.0016866081969,1.00031208209363,0.999946621791914,0.991933845743003,0.992442687927249,0.996475981956526,0.994306107762937,0.995289400284165,0.996397501603559,0.997336260857018,1.00144059884615,1.00581458333467,1.00581479102913,0.999464382751809,1.00545193737759,1.00581089700471,0.951117671733987,0.983629574093738,1.02156874773153,1.02205442877202,1.05289127878692,1.06807461001887,1.07015467499079,1.07311346776699,1.07040578568846,1.05166529527451,1.05166529527451,1.03874394730038,1.02919391228935,1.02919391228935,0.90874263487415,0.947943537631074,0.947675236800394,0.971787874611742,0.956158883074414,0.965213577026962,0.968568637811128,0.97368103101665,0.897745631776607,0.897284259531409,0.871099894888491,0.911553740900801,0.911505392172658,0.938570387136967,0.986036860568794,0.99263026109547,0.992374955948406,1.01564198739093,1.05140387654446,1.05662120669774,1.07973606056827,1.08302834145003,1.08062351316849,1.08013314743048,1.06802749370335,1.05336219685101,1.05307338775794,0.955352137058383,0.967833199942428,0.96884156769439,0.996114517795158,1.02336176353424,1.02339338547342,1.0276106182806,1.02924796132331,1.02563076210249,1.02519399294663,1.03156725555218,1.02832427902307,1.02535144944371,1.01969514390132,1.0025789395364,1.00067835010914,1.002118736612,0.973436581769333,0.903800616015956,0.903017813616788,0.826238218570679,0.804492833607014,0.80490408312159,0.826494379184725,0.811611202491259,0.90971753039177,0.909104194277852,0.940461702449275,0.953061065916092,0.952882886229338,0.96745792342486,0.996554095941021,0.996766836148721,1.00751316522741,1.01084233090457,1.01464198672157,1.01084325796336,1.01551846460961,1.01429516334504,1.01442522871205,1.00846590493991,1.01179261269467,1.00786879668307,1.01088692586598,1.00764614349546,1.00214645613037,1.00234539666077,0.99506946652356,1.00416024698211,1.002586850922,1.00475289692606,0.995529847477548,0.99560826492652,0.992495110415428,0.998458117067923,0.922970842111493,0.92308094711678,0.873699239188826
5,16,1.04950479401232,1.04974802201887,1.03488562072536,0.987153480002926,0.986727446306295,0.954733024537572,0.931649169047369,0.883217536704694,0.883276254334675,0.961272729998229,1.02802670460545,1.02872422389368,1.02675191383044,1.02584399121537,1.03305084436878,1.03305084436878,1.03173846101903,1.03535763023764,1.03528730877253,1.03572054752279,1.04253887502944,1.03783447787929,1.00802921965147,1.01003371736812,1.01422775766966,1.01422775766966,1.01959361264013,1.01430951182179,1.01287466214621,1.01037536801803,1.01578784250001,1.00938466927431,1.00921700710637,1.00213465597801,1.00660222058721,1.00297904613042,0.959179284249463,0.927263170545811,0.928515038442329,0.970210245873832,0.922860198434155,0.922882537339797,0.951140685871579,0.977643348348142,0.982493367523006,0.982571208220773,0.998215273099313,0.994768899721323,1.00149436661443,0.994516863447228,0.9936741355451,1.00240795581228,1.00549153866444,1.00954228997921,1.01378274360188,1.01339291600281,1.01551641155415,1.0110572602711,1.01345505091085,1.01257812247798,1.03701458257168,1.04976152343456,1.0502310850997,1.05406526218717,1.0383676489885,1.03769854521909,1.04384695238844,1.04090915515481,1.03864367637052,1.037894568256,1.02935761505088,0.873905718818585,0.875564056378263,0.799579999429578,0.827875844129102,0.83176905021523,0.832789059849675,0.875161100996758,0.900285134472396,0.899846710769501,1.01246068931292,1.03275986510158,1.02755853662538,1.0330818321896,1.04496522400263,1.04764921563338,1.08060246678185,1.08424634475241,1.08337715801623,1.08362281130593,1.08597287171842,1.0747705188754,1.07513330564169,1.01017969158224,1.00705195038724,1.03530150994481,1.03530150994481,1.06586649016482,1.09021045876687,1.08940883394904,1.08366027812127,1.06589799310262,1.00051801700814,0.999665673541253,1.031508528016,1.03553813684799,1.0322542082719,1.08304253432432,1.10478391934177,1.10548188145635,1.13056940768843,1.15972508302617,1.15511265201067,1.17684555905986,1.18934898972311,1.19607330042693,1.19628071283212,1.19037222104145,1.1832833513048
5,17,1.05216225332737,1.0482849040214,1.0484281180805,0.984481051044702,0.927481531218399,0.918598924622913,0.948583631632819,0.975268498444339,0.996965388776297,0.995707373694689,1.00962145046986,1.02092565620127,1.02106280159971,1.02230511555756,1.02085939711187,1.01790899695577,1.00379098634767,0.992141955687193,0.995421965205672,0.995756625800514,1.00026458301273,0.98214629797122,0.980119711603102,0.978448866446158,0.988740503915525,0.988393920643814,0.996199067855213,1.00863728186196,1.00344180031894,1.00221049326839,1.00814228613013,0.988973986190993,0.990484295151146,0.944131885629761,0.962617750103926,0.981760138006446,0.986358092523635,1.01057906030661,1.03628335131683,1.03471140122418,1.04959939583117,1.04784364935916,1.04329537073921,1.06744156170229,1.06093155970976,1.06568118904135,1.06554547648702,1.06249707196229,1.06338954152977,1.06279366605228,1.07098984969546,1.07472174051855,1.07012434229476,1.08900793992924,1.07848530028966,1.09245767911941,1.09272381057444,1.10312691887495,1.11532221337865,1.11485239939745,1.12430081379749,1.12865767398086,1.12870450102765,1.13305832580346,1.1193369813314,1.08812713722235,1.08866559003461,1.02368678079486,1.04090076598281,1.04180125915594,1.04772750407364,1.04886374114325,1.0508813111519,1.05087597368806,1.04368108900437,1.0418214184816,1.03980394338579,1.04904349534025,1.04660917985689,1.04586789080387,1.04061423357255,1.03696407252973,1.03132293091419,1.03499641789158,1.03391067633638,1.02908019908226,1.02850935325702,1.02570275655836,1.02836638534505,1.02901621402483,1.02719800316436,0.936313840631185,0.957467807192471,0.962315758273963,0.968814037047971,0.99671550422703,0.998565478662475,1.01343434327792,1.01639762730718,1.01560830246155,1.01442099833136,1.00608016110315,1.0075019588506,1.0073456489901,1.00168018836369,1.00068291260666,1.00083112762047,1.00316823180172,1.00405306968889,1.00247948679798,1.00295672580634,0.996759320126603,1.00192383693962,1.00238334265306,1.00524514270967,0.984653891285578,1.00657825694312,1.00647524095752,1.02367144063416
5,18,1.00186423024677,1.00179662094674,1.00208088962849,1.00165552893755,0.992356759081986,0.992999613276097,0.992097325482684,0.992384372488592,0.992430309299924,0.99779971387589,0.999460381369681,1.00045800096053,0.999300913163377,0.998402580733783,1.00799135734249,1.01503883664846,1.0102287919231,1.01221744930559,0.989436325288248,0.917840901446378,0.917644868866978,0.966641444057728,1.0217684570515,1.02178898055582,1.05962099270709,1.08335166349686,1.09495746996107,1.09487780407435,1.10666347336116,1.08742650756592,1.08712651330206,1.06658263864129,1.07099303974576,1.05470461554074,1.05737334233016,1.04889481273118,1.0427163006207,1.04249959792413,1.04406767689867,0.974280378296708,0.973360232892797,0.998262951491948,1.0104963630795,1.02051302950789,1.02207633217685,1.02135697663018,1.01860619130046,1.01835511465568,1.01272785510349,1.01664238880389,1.01637749613993,1.01880113926516,0.972090574517554,0.974803792147563,0.971204993292966,0.983762716608534,1.02073355738896,1.01933454253358,1.04594007779872,1.07764999905023,1.07255733449226,1.11195970367311,1.13072426986017,1.14053965852107,1.13836978293285,1.13084372442321,1.12208383486252,1.12224814616508,1.11100165579499,1.10300629508843,1.09590274642971,1.09808054186468,1.0960552192691,1.07840994813274,1.07962380522693,1.06976571402399,1.07832006291711,1.07903170789193,1.08264711949904,1.08033435582611,1.08308323147425,1.08443796318408,1.05012811896827,1.05353661616383,1.05385090254156,1.07358824259906,1.08707418857501,1.08688409755019,1.08961106894193,1.0819330679385,1.08620683486157,1.08600036143597,1.0878714415452,1.09181115653596,1.08902722457816,1.08360459266184,1.08886031070082,1.08953606169789,1.09024094525843,1.09635138677288,1.05571670078552,1.05571670078552,1.04158023764083,1.06114922177395,1.08270265182994,1.07937863450641,1.11694489779704,1.13858333469178,1.1418724617195,1.14561208821509,1.15279170807747,1.15456538798969,1.15810011195024,1.15906283302864,1.1453257064917,1.14507884160376,1.13551669178742,1.12748356253742,1.12748347532876
5,19,1.02530900531422,1.01770011562332,1.0172880967479,1.01280788381918,1.01417471802146,1.00556713226498,1.01046006795467,1.00674084461599,0.998725007025942,0.987194105727459,0.987877059349129,0.966263753891565,0.986152679263031,0.990820503606265,0.991631916432117,0.991731088769841,0.99614281835624,0.995780438723983,0.997632764492696,0.99382783497735,0.991722040177109,0.988848137393237,0.985431274682952,1.00383158712786,1.00461294738427,1.00004294449081,1.00979912525209,1.01011559666029,1.01832077739994,1.01345230135531,1.00897810574538,1.01100096942575,1.00559286962761,1.00022876858093,1.00028691481477,0.994432703439624,0.990129128155492,0.989229423846153,0.988567437366761,0.928350957808143,0.950705781131092,0.952700610924957,0.907877542488042,0.931064299465213,0.931566201125211,0.927233482099572,0.957340681138663,0.957145799227951,0.988169872507979,1.00141653641023,1.01322156482135,1.01405072936513,1.04000624410539,1.05940882834716,1.06140279096617,1.07251891752582,1.0808523273022,1.08785869159188,1.08853139780677,1.09640598044086,1.11317371106985,1.11563971734298,1.12529835561605,1.12935484100771,1.1277864429748,1.12768810244894,1.11027855924981,1.10005696654994,1.09863316126616,1.1093365947977,1.10546367481764,1.10597707990725,1.10820580061425,1.1104495627838,1.1101297373047,1.10671533360612,1.10467219357591,1.10286324704558,1.10386250984237,1.04893310681663,1.03668463232799,1.03709053411214,1.05536225072422,1.06503765493481,1.06484066505023,1.07001917921471,1.07528353485848,1.07561322804208,1.07492624791953,1.07942009193913,1.07333126763718,1.07407893869881,1.06173053088132,1.05210413210266,1.05200390413083,1.05273286537547,1.05864740827456,1.06308009912939,1.06305932989565,1.05991544136185,1.05169235493474,1.04990179371301,1.05015168859139,1.04826497252062,1.05408673339094,1.05438816449673,0.895602223533962,0.902648829185977,0.897906264709334,0.938182671685402,0.982578085640617,1.00457184415953,1.00500421030863,1.01017520906031,1.01434066850016,1.01531403511523,1.01139632897595,0.942813541586516,0.942833024970848
5,20,1.05136267999283,1.05201297868311,0.966468244819068,0.960248795877105,0.911073516987046,0.911073516987046,0.971002892908586,1.00787579437014,1.00753380633654,1.02021785756469,1.0170606252246,1.01612462870592,1.0171911646618,1.01969381445836,1.01816768535179,1.01890515176346,1.00987218589206,1.01392792996271,1.01018672945313,1.01545643997918,1.02549362261566,0.988637904617357,0.988967630395518,0.974723460883579,1.01251512057839,1.01269623454492,1.03287214167792,1.04566595401445,1.0499064942813,1.0507865589057,1.0320962765261,1.03069889275048,1.03117661079981,1.01955697277733,1.0112366596401,1.01613759512813,1.00926559862621,1.00816062753982,1.00816062753982,1.00594462235975,0.963341456008376,0.939835171474055,0.940916960210782,0.959795844092516,0.978512870525183,0.975957963997167,0.985324765682098,0.99799400253285,1.00151581672015,1.00091419022794,0.944286752372379,0.909835953638867,0.903406534472826,0.897253614702722,0.993336697758022,0.993336697758022,1.02927170372934,1.05106761995466,1.08058618139053,1.08019008098077,1.09116303980342,1.10077106247546,1.09997908947629,1.10760382488671,1.10989452005599,1.11460768439376,1.11435075051962,1.10353300315095,1.09830205735592,1.09282859496002,1.0839026000345,1.07943134472949,1.07943134472949,1.07862642727467,1.08071111561347,1.07039772075963,1.0696354346103,1.0720742015277,1.07326790501901,1.07326790501901,1.06811392861845,1.07322800049274,1.06656101985147,1.07350000623684,1.06543154015057,NaN,NaN,NaN,NaN,NaN,NaN,0.921089716728203,0.966766007776362,0.968734096264791,0.976747300862431,0.983215735144584,0.983231054724423,0.98036590697079,0.98693673928406,0.987517270230412,0.979365167092485,0.980024634164898,0.983689442800707,0.983772653350326,0.980572450099068,0.979507518391394,0.980533152687329,0.981432346397789,0.980835687762838,0.980835563470564,0.974476717652863,0.967963482078828,0.974755399475037,0.974759180568879,0.980470749652503,0.981056991738035,0.984336456368352,0.985704975700673,0.989490945252456
5,21,0.991957654613793,0.994172027636997,0.997376412402406,0.996649604150577,0.997830876044858,0.994885957609571,0.998443658748026,0.986091396706184,0.989471618993441,0.98883290186383,0.995240168447023,0.990155959945835,0.990743683131943,0.991859065358113,0.996444219382422,0.995281106787861,1.0200858831334,1.04749288267511,1.03698492236861,1.03618441115456,0.985447179669319,1.03906269313507,1.03948572038898,1.0549932646156,1.09030351902391,1.09048280262909,1.12855317667725,1.13653139507514,1.14212755713589,1.14349753706282,1.14262604158909,1.12546383657033,1.12411567761925,1.12161585848496,1.10681707993406,1.10819853711654,1.09705640505055,0.991528350002408,0.990936275331044,1.00879507396639,0.95832346700213,0.78313482861073,0.766327570608291,0.76476085415555,0.780194378052322,0.780674299020144,0.84196181836988,0.905896064618242,0.939491455793872,0.936801046292121,0.95485734483123,0.963133390522152,0.964229376531369,0.977574800736393,0.981050142478406,0.98343139840797,0.981805819778006,1.0047046467344,1.00318532126131,1.00214852213921,1.00710179437466,1.01209862965844,1.01088759585986,0.999427402180126,0.989006658786,NaN,NaN,NaN,NaN,NaN,NaN,NaN,NaN,NaN,0.828929638160228,0.891863246930521,0.895352902861241,0.932637745835019,0.959900002441389,0.958178639088702,0.968876197701724,0.964776838901109,0.963786105492739,0.966230125744495,0.962017639398186,0.960703768669013,0.960066026657108,0.95967249933467,0.955333617974807,0.955539237632783,0.95270600059235,0.950655214886224,0.951920484905087,0.950212641763043,0.95497788054325,0.964495810427252,0.967637111558052,0.979734179864157,0.983044865854667,0.986714993371011,0.983747184867416,0.979965077723374,0.973944792233577,0.973944792233577,0.968422896857676,0.967817726084092,0.967590379420825,0.969385112019518,0.963118085792943,0.972819262247278,0.970767792056834,0.970070091522561,0.972318074726512,0.981118142466457,0.975761874204457,0.850908752780537,0.850908752780537,0.799584365316761,0.731697702733081
5,22,0.978371598785411,0.978061924078083,0.977693921406639,0.973366023832049,0.975772013318014,0.97593632531276,0.983654756492694,0.967840608468595,0.967840608468595,0.978670958738258,1.00093994607261,0.982483145478176,0.981189898581333,1.00573823862845,1.05701108814415,1.05689360995179,1.05187720735168,1.04997924000664,1.05667888688407,1.05596617985189,1.04619910569836,1.0316863996054,1.03195263598959,0.945664969145492,0.97799396622795,0.977724314628782,0.99474946631244,1.0073654694148,1.00966761209919,1.01056747159557,1.00863601152414,1.00287021762445,0.994324119358849,0.991086052784206,0.990677208499273,0.991208567171177,0.976473183496762,0.973459090875705,0.979360737186766,0.979578317980752,0.973855580383877,0.969836255871042,0.969985630303189,0.964745399044979,0.961597666857375,0.961597666857375,0.948756426190945,0.896683400337035,0.902884568764523,0.903364800419471,0.850668611136417,0.851367841920456,0.851367841920456,0.860987551097887,0.876871499764548,0.895595480572701,0.895595480572701,0.911118620921301,0.904997968231177,0.905582716236245,0.916773932421793,0.902402564410525,0.906574220799778,0.897540443857169,0.896333059361204,0.898565723731991,0.896370245479845,0.896531685713563,0.937015127857324,0.937015127857324,0.947047132844465,0.953887761929404,0.953999281399873,0.963332322356234,0.960321830458431,0.954329247556538,0.952440369113064,0.952810753179847,0.952521495881284,0.952292512855712,0.952718766084175,0.952162067932997,0.953252676288246,0.952831385967798,0.956674857822918,0.952227990886466,0.952227990886466,0.964616471745357,0.967507681291398,0.968549325067418,0.966400607882069,0.983100600153185,1.01835336196455,1.01832225905601,0.93154619804614,0.903393954722562,0.900698066177619,0.896311806036132,0.942449592925907,0.967313306143982,0.969271253282836,0.965422846277028,0.956361976210487,0.956361976210487,0.953841463007826,0.945573658182452,0.942752532793242,0.94873314911237,0.942640646382296,0.944274273026704,0.945762345187867,0.941609020890884,0.937878115348404,0.93845251829776,0.935988240154709,0.943972759055411,0.943467374121687,0.93918097054139,0.885149622806582
5,23,1.01118893210827,1.01040077007514,1.0101811940075,1.01155267862695,1.01497654314134,1.01562982684829,1.02081231486129,1.02051408643358,1.02259387276774,1.01990123771476,1.02366848108798,1.0296444898756,1.02930162332766,0.992973541784654,0.959350128682555,0.958509917552213,0.876672036533067,0.952175618081822,1.0199527064896,1.02045084569006,1.05569793666256,1.06553328614897,1.06563751453877,1.0609470495707,1.05827795902933,1.05690165335201,1.05798318187275,1.05659803520483,1.06168917179992,1.05770154580898,1.05344479887546,1.02106414623063,1.02067759098837,1.0407088010373,1.05507162333769,1.06311023208746,1.06092888763713,1.07938065045069,1.08348512207873,1.08320676041926,1.07819212493935,1.03494777843518,1.03494777843518,1.0765338023704,1.10644095072634,1.12844248382551,1.12944517682386,1.15874588904528,1.1778506906667,1.1778506906667,1.20083060382917,1.21335399521908,1.20436088109565,1.20279337960067,1.19330835524469,1.17645077825431,1.16645496341202,1.16322359593012,1.14952118677781,1.14952118677781,1.14427711347562,1.1514901343863,1.1442093235155,1.14319124179118,1.14080267351167,1.13642781672091,1.13647981698659,1.14188908509996,1.13698396608607,1.13870934921413,1.12153251066395,1.11964892052101,1.07060237433873,1.06919592453084,1.11260260980155,1.11249044035654,1.11292644087903,1.11761574530495,1.13090688046007,1.13182995065394,1.1509726046122,1.15907142482724,1.17012851235806,1.17099874456129,1.18831724565359,1.18945203831748,1.18945203831748,1.20314143495458,1.20491865785761,1.18526724404675,1.18576478296853,1.17323416151136,1.16449475634801,1.16579783940148,1.15106834934981,1.10743970236785,1.10629535193477,1.08761712359202,1.11409007190824,1.14445913419447,1.14548334524298,1.16026038467284,1.16793687881668,1.16742216554785,1.20153762469157,1.21187959727737,1.21244044961576,1.20570325644474,1.18964366168804,1.17968604997277,1.17922606258489,1.16396530178221,1.15182380722176,1.15360693582457,1.15230057619791,1.15185627113639,1.15497103129479,1.15859441067974,1.16042588453675
5,24,0.976062926364499,0.975101180313958,0.973562730587296,0.932247608029372,0.931722197864882,0.952274036458314,0.962692926799674,0.955861603116977,0.955932620899081,0.983464926709243,1.00759975004145,1.00426060107196,1.02847225606397,1.04680924553596,1.0467647370085,1.05910688944129,1.06947406322434,1.06947401520495,1.0691156852643,1.05211300925068,1.05408529604967,1.04809045564956,1.00842388159604,0.97959317458236,0.981708343129816,0.980972528945159,0.985061551449122,0.988404564103716,0.98860912891754,0.990361302227444,0.983922013977096,0.984255421897876,0.968432847780733,0.963178970224825,0.963693481846832,0.963785465734392,0.955258951753418,0.955909403335751,0.95520609958687,0.957767854905605,0.959048808973888,0.960974852796808,0.959716844388988,0.960546783309738,0.95977920416717,0.959477023197906,0.95846319778677,0.962595299954616,0.961445472144518,0.9655604519552,0.969385241388053,0.968854835160088,0.975102615599942,0.97698052440541,0.9660836690487,0.9660836690487,0.974616924452755,0.970829676550956,0.969635942471746,0.971037757080197,0.967777167606733,0.970643204932352,0.969708126321532,0.961665449776906,0.968817709003899,0.968817709003899,0.97181875715552,0.975922674530142,0.976107976156484,0.973547956571394,0.969364194056595,0.970438630188937,0.965804869148073,0.962970117981445,0.965826838137534,0.966347769762575,0.971611199185116,0.960379732219676,0.962104784006645,0.943455179226584,0.981821725605937,0.970626830074302,0.962910400470726,0.930578750088561,0.948703268791508,0.948644108245239,1.00305646269424,1.02970676478047,1.02701295040891,1.04146017465528,1.04476838039088,1.0501216712287,1.0501216712287,1.04368697617421,1.03538136760364,1.03538136760364,1.02991456045621,1.02528920396621,1.02253926961597,1.0216306455014,1.02243196610032,1.01255206724893,1.01931078238637,1.01756885310916,1.02002140869869,1.0211045764402,1.02036902482959,1.02460214502029,1.01587796048166,1.01587796048166,1.01072177952622,1.00847376133241,1.00846741185363,1.00187444537949,1.00826888960864,1.00832215618843,1.0096759814241,1.01040451075041,1.01038754850226
5,25,1.0043836452128,0.995459976607045,0.994198927740527,0.996689932166029,0.992880154146402,0.98905570267466,0.986386097088955,0.998103930837499,0.998104145919294,0.969137169438483,0.89595619728564,0.953096423065249,0.952499948335046,0.980759572360663,1.01647658629543,1.0159997154495,1.05632524277095,1.10225536511807,1.10223126748776,1.1292355973272,1.1519966308531,1.1513090093843,1.16898798074621,1.17394939503068,1.18383487198283,1.18377332352255,1.19191703389725,1.19408612246427,1.18168164434516,1.1813833271862,1.16759604756037,1.15081567439499,1.15149216453611,1.13094069725209,1.11924494052168,1.11992064498344,1.10443127734035,1.08900272359189,1.06421819771042,1.06441874673171,1.07449560057234,1.07460449830029,1.07460449830029,1.06894951023073,1.07054825638116,1.07116158368245,1.07776477845372,1.07634447867325,1.07899771561507,1.07936739002614,1.07470470921837,1.01077153000349,1.00080082741609,0.939443562215572,0.930214781767939,0.938220115201683,1.00182646769815,1.02396244511367,1.03540707484758,1.03540707484758,1.04379583296876,1.06027954601785,1.05663490809945,1.04752218848192,1.04756325275746,1.03233314446126,1.03278042390204,1.03714722146144,1.0296603310929,1.0288590643959,1.02966219637269,1.02800079536908,1.03433335933378,1.0357167969014,1.04490750096927,1.03787561879608,1.03837199710141,1.03235520098393,1.02525353462377,1.02642144980941,1.02632948501184,1.02398425454045,1.02692245729747,1.0313936459675,1.03201753331234,1.02813943921639,1.02599379289748,1.01996202867857,1.02602251243421,1.02553104485253,1.02526217308881,1.02262639327775,1.01227102823214,1.0129387844159,0.979622979848432,0.929764738716676,0.926291474982184,0.919570706907304,0.972321556299474,0.972651991481914,0.967904121737831,0.967153762757897,0.988998409174018,0.988998409174018,0.982905739457284,0.983719852682719,0.984847743211903,0.98414561038638,0.979135834002615,0.973892203735224,0.97439173488871,0.981400084268416,0.970987507448989,0.976409102673572,0.966426169975594,0.96802104214294,0.96802104214294,0.971956125024477,0.974973434792298
5,26,1.02765161008564,1.02304908095662,1.02455610023065,1.02723751354237,1.02294448732544,1.01299350217793,1.01395529110401,0.918588509914632,0.956725172755615,0.959020899418096,0.989308237468229,1.00659520212789,1.00733829799841,1.00255512332265,1.00400854233284,1.0092431217659,1.01101627209881,0.995879395081912,0.987333640292342,0.993388865837905,0.993640643657203,0.966162509199975,0.951444802941764,0.953841991858051,0.970355048936301,1.00086490908977,1.00086490908977,1.02067279771341,1.02067910845804,1.00699501051857,1.00699501051857,0.995193974064335,0.990387547584833,0.984382732833764,0.987753945452915,0.976868279242469,0.978118031687594,0.978118031687594,0.976894589223162,0.97769829678735,0.977481869950498,0.976335842715865,0.970129578651351,0.966963720245866,0.970952710314537,0.973758029072701,0.973758029072701,0.970838691538037,0.926098633160578,0.838617253233729,0.838917913067189,0.859547135163381,0.856989739881787,0.856535592703854,0.871512519582212,0.882168910214582,0.823708363431237,0.824455368481371,0.862184789079799,0.875952184537257,0.875952184537257,0.881993515608002,0.896331656838161,0.896677308031301,0.897087157563113,0.901330914229395,0.915572734992186,0.915572734992186,0.912379266284761,0.917050598555525,0.91637611943005,0.920431008311464,0.93032697564939,0.923841033427317,0.923815693718661,0.926141845310747,0.924324702126645,0.925495466367641,0.924819704036517,0.920170312451771,0.918199391379754,0.92608957930238,0.920868003463874,0.92474762064456,0.923779865201819,0.920057408953845,0.854007740953658,0.854002559498142,0.831216240777052,0.851835832371399,0.851835832371399,0.909834579821521,0.935801928546489,0.960758990055908,0.960116077324172,0.974440241724608,0.971095564979704,0.975746910073385,0.977980844624938,0.97575540824831,0.985511826727521,0.983102422473141,0.982613789936849,0.975852146919548,0.975852187821213,0.977242729724769,0.971370165094545,0.971370165094545,0.96819982209072,0.968874209764813,0.970914206126072,0.971313953867923,0.973758557450361,0.979787345105462,0.975435765691928,0.977061246512797,0.971738476340634,0.972032231479178,0.970856639432712
5,27,1.06785534468295,1.0681273146356,1.06572539491878,1.06568439605389,1.06862870988722,1.07344210906064,1.07458910809635,1.07449066199072,1.07157466883901,1.06163318417931,1.06163318417931,0.969454384221314,0.95928742742387,0.83321086395517,0.829253246141925,0.853901809741239,0.927304555053378,0.927304555053378,0.946899081885948,0.969865547200907,0.9703981035957,0.996104322969605,1.00049881436938,1.00049881436938,1.00296074527918,0.999082467602954,1.00041343766281,1.00123291747429,1.00376337319113,1.00346416696932,1.00563989888151,0.910364364091226,0.802556943797104,0.794189114500347,0.792213000814578,0.827983406105835,0.862682759365487,0.861531326279672,0.869522728983113,0.865735137034356,0.865735137034356,0.89654155014821,0.910106029858297,0.910236127101377,0.915537720601539,0.906910317547221,0.910256097047923,0.910709075022147,0.911445618875028,0.910611165105947,0.912357245442069,0.912357245442069,0.915421362441108,0.912461423638793,0.911246457634199,0.913941482159367,0.921491632867533,0.922784280759358,0.920125319739471,0.910417762629885,0.800894886528454,0.800938144111635,0.745639668860768,0.706125182511233,0.705364656502053,0.705707943926218,0.737461596482469,0.737461596482469,0.777842408633765,0.808992387934046,0.820759024083031,0.820759024083031,0.822893686522884,0.826744182016355,0.826744182016355,0.823591486846808,0.82706815859046,0.834949005457069,0.835504179961146,0.839517882953657,0.841621928099259,0.841621928099259,0.848989911882457,0.85448027047619,0.853951468138793,0.86415328184416,0.862058884256777,0.859751348021,0.859405041380787,0.85896811991912,0.878464722523262,0.880143895401428,0.885003915373694,0.882262343668093,0.883319927894006,0.832521003436911,0.783996509632293,0.772308189918432,0.765130629342186,0.79074930957995,0.859127005055681,0.862924066632298,0.890947746297153,0.905873135206326,0.905231259441889,0.92859486327282,0.932897643862111,0.932361916840221,0.9324417021131,0.915765425489097,0.907231347549267,0.907948788618867,0.909678713468039,0.909872649513981,0.908824058411079,0.909351494653786,0.908247886588249,0.909917122837522,0.909412774608375
5,28,1.01256658154037,1.00707381748457,1.01041745534825,1.01041745534825,1.00667026730503,0.996745604898305,0.997632875217858,0.99815579716573,1.00280612511822,1.00407494642042,1.00407497918355,1.00286715558588,0.988945718869485,0.988366339347527,0.974426499122139,0.981025516476761,0.995469441072995,0.995553142214472,1.0227102822802,1.0411263141818,1.0411263141818,1.06700986335947,1.071902774025,1.10744895475458,1.10640011244035,1.13780579788807,1.15682504343346,1.15485337429984,1.16559804456352,1.15513759875483,1.15492534081618,1.13303921348883,1.12656120513808,1.10618690273966,1.10618690273966,1.11003043062438,1.10227549443833,1.10314237929156,0.999708278498472,0.994991076368201,0.99585249862655,0.994237969487064,0.996927674479829,1.01310229530273,1.013170762165,1.02439333247902,1.02664919792688,1.01863819400635,1.01791376427749,1.01659923147856,1.01584579808854,1.01687290648993,1.00797495268664,1.01614224410224,1.01615118143244,1.01960874983471,1.01577510674787,1.01529341193597,1.01292440458285,1.0141496249349,1.02230407766041,1.02286286406841,1.01538732081744,0.94693706184189,0.946743549736927,0.909274635399873,0.880507103623698,0.879900278907231,0.854094186798645,0.878369127962481,NaN,NaN,NaN,NaN,NaN,NaN,NaN,NaN,1.05710369088759,1.04300672015332,1.03121334819045,1.02973020122077,1.01951771509993,1.01454776250242,1.01365273850932,1.00928410454215,1.01009890637122,1.01709809264804,1.01629351030218,1.0125474242894,0.992018786234724,0.99046303443213,0.819777896568739,0.839950807564196,0.838083121905635,0.852667731316409,0.884455070143411,0.898780084038865,0.897154012171726,0.928891190743445,0.944457493669182,0.94493231819631,0.942387559889295,0.940507673178718,0.941033804056312,0.948953745253075,0.9570934799695,0.966312691152158,0.966312691152158,0.977391513554454,0.979409665247205,0.978147615245301,0.981875778369574,0.98103552717949,0.974604777177121,0.973918653851643,0.97084196418788,0.96639562182242,0.967635037300262
5,29,1.0365921065299,1.0365921065299,1.0421257502833,1.04577176206758,1.04460149537536,1.02727046563728,1.01021703459263,1.01021680510857,1.00945252976319,0.999012179900394,0.999682965382984,0.98621325851111,0.994548173811507,1.00984086261175,1.00907899614728,0.993701293889414,0.944381144802897,0.934034335443045,0.866666733611915,0.874037996065993,0.903977475684421,0.906216573483141,0.965726707321855,0.9818599442089,0.9818599442089,1.00024931662358,1.02382315951515,1.03666686306101,1.03477825662872,1.04121723638578,1.03062914270971,1.03062914270971,1.02306713594816,1.01368106798935,1.00570669856003,1.00789893635734,1.00338698582912,0.997548616803678,0.997548616803678,0.995815356383603,0.977517509750228,0.977390040900007,0.854397857019499,0.860382340010934,0.856789563310354,0.879194155943367,0.909187533495879,0.930713002695916,0.931010126488573,0.954903038365958,0.959808585357272,0.960839114855018,0.963754910080167,0.980423000287585,0.974230172700299,0.975033306225491,0.894523757625248,0.83123289997121,0.822651578845705,0.807870791153479,0.845896764338935,0.841369141076239,0.902917305777824,0.972503294513628,1.04573612906846,1.04573612906846,1.10338565094479,1.11766812309296,1.12005826271895,1.12036088731358,1.12470399209104,1.12646117872871,1.13170862293593,1.12356514652592,1.11019043974856,1.10997122946514,1.10476547411656,1.10509007653206,1.10471949216955,1.09524492076111,1.09593774224288,1.09565072374333,1.09914472864376,1.09873451205242,1.09909473627846,1.09766381090636,1.1095368948586,1.11111866605371,1.11080279332145,1.11548800849357,1.11009364029507,0.933513067554157,0.926563398651913,0.830156964571557,0.860495813599718,0.860437146976187,0.855559995552332,0.865890964610285,0.888994672726166,0.888744655982345,0.893016565124112,0.883982870395623,0.883982870395623,0.876697359066055,0.868694832113775,0.868320989887712,0.868331504382578,0.868860493284848,0.868478794023911,0.863108914594276,0.872130121967,0.873627774681634,0.873627774681634,0.877930895999684,0.88715541910587,0.882807065798926,0.875319867851907,0.882584680405134,0.882584680405134
5,30,1.04370733389852,1.05302822213571,1.04136429566824,1.0340005780258,1.0350719440909,0.986286414747319,1.01967835600413,1.01967835600413,1.02266295002303,0.897734287518589,0.897455302374351,0.938238837730909,0.955368205316585,0.97499616626308,0.974248840575624,1.0055504300116,1.03053808904393,1.02624660936018,1.04414478120737,1.04288095952928,1.04433185855254,1.03376576022955,1.07614850339283,1.07518782238485,1.08465102903791,1.12079276494395,1.16666361757079,1.16666361757079,1.19057571240392,1.19490670514946,1.18364260349515,1.18277990451215,1.16891457651519,1.16570722033694,1.15744712914777,1.15208299642441,1.15857347587995,1.15787795182712,1.15087551498035,1.14633550201308,1.13752346030815,1.13641780688527,1.13204662827116,1.1262615586904,1.11635917951368,1.00889872624604,1.01454007160763,1.01454007160763,1.05465222899106,1.0772675765364,1.10071550253804,1.09949066588114,1.11361240657933,1.11370864218397,1.11318450704366,1.11560189581139,1.10654238918527,1.10833103687541,1.10404825436482,1.10775886036146,1.10579534253631,1.10974770122585,1.10491086115586,1.10661787394806,1.1061815430805,1.12242386362896,1.13343317852961,1.12507792628897,1.12545774474557,1.14601772367856,1.15431636737917,1.15401023395779,1.15263432698428,1.14715150805551,1.14743809262185,1.13785231659933,1.14079516622718,1.13795572010946,1.14477912749023,1.06941592377218,1.05619738902914,1.05619738902914,1.01161780436337,1.06982315750452,1.06770603597183,1.14130894455207,1.17035160916444,1.21585010489887,1.2195089883264,1.24597078722073,1.26035372398182,1.26121577252509,1.27247657266502,1.25844768271914,1.25703605068292,1.26321548804042,1.25284890649958,1.25651590200093,1.25601383182678,1.25107577429844,1.24295882373635,1.24460301421553,1.24351659321237,1.2298282770176,1.2315782763492,1.2325338088885,1.23878635822201,1.24205915133917,1.24205915133917,1.24131050520056,1.23158775113481,1.22828243905978,1.22826855430724,NaN,NaN,NaN,NaN,NaN,NaN
5,31,1.08324754789296,1.06763820575016,1.06624921807496,1.0659929647872,1.06461523862314,1.06324182371893,1.04456105150855,0.973011671521089,0.97363275774548,0.953144300740758,0.976532395995192,0.927947024899331,0.927946005970361,0.917168041860624,0.964559723399166,0.964703739965869,0.985583962592812,0.990381156052849,0.989843168900565,1.00466316649406,1.01778548852173,1.00464077283699,1.00477366209266,1.01062100421382,1.04562730718508,1.0450284117548,1.08289198570074,1.08712478854463,1.09219333723055,1.09205732433226,1.08651553035503,1.07586793126,1.07522621095331,1.0565862757234,1.05462249126451,1.05454985843102,1.04596933422766,1.04319223089392,1.03937963989462,1.03917571726251,1.04486095377201,1.02193213971304,1.02104261283614,0.928262365807382,0.911603677915411,0.912023562649181,0.936374307077325,0.97256887989772,1.0135584296071,1.01271516258084,0.990967450583478,1.03695617720626,1.03829399373883,1.01616934975293,1.02869751090695,1.07444027025029,1.07404454577848,1.09042870245789,1.09177668579141,1.09159334682428,1.09060315139705,1.07868111914998,1.08107140363803,1.08340566381347,1.08676071794159,1.08057356805913,1.08175540884513,1.07533425646099,1.07543745277888,1.07370664430993,1.06686810206143,1.07293163878575,1.07445856903331,1.0750121620424,1.06846446912736,NaN,NaN,NaN,NaN,NaN,NaN,NaN,NaN,NaN,1.10544338644408,1.20283304752844,1.20243191350975,1.23648768944845,1.26487491667916,1.26556652383702,1.26918869738681,1.27028458290818,1.25593478411371,1.25648176437268,1.24242753275535,1.23213213450816,1.2339056552706,1.18637069014183,0.959014519919494,0.861354783475659,0.833717013155808,0.838475541349192,0.886363891670872,0.889068890950005,0.918420428837925,0.926991838010261,0.920074555914103,0.919427045176139,0.919983816436655,0.923535621995255,0.922246355453143,0.922836636442966,0.9214788424989,0.922176500148159,0.923576520892178,0.926341931915868,0.927674053886916,0.929371758531489,0.933288765830294
5,32,0.937955029246601,0.940015422426641,0.937851446012875,0.938956187920714,0.952655453704328,0.955136103494137,0.953749676930399,0.960559184244666,0.9746738981525,0.973823668830352,1.00784940342114,1.030798631141,1.04653419467166,1.04637073025096,1.04535847960868,1.06183628383336,1.06299262324418,1.08461370101607,1.08826988184973,1.07391680853667,1.07391680853667,1.06803196702618,0.988672248315206,0.989942207550937,1.00882014686522,1.07452927096654,1.07470611887144,1.09235531758401,1.08887971780025,1.085074692074,1.085074692074,1.07747077582905,1.06791306484291,1.0578122053878,1.04642383401019,1.04166050869214,1.03812947777833,1.03771103337002,1.03508961776738,1.03447360929222,1.03447360929222,0.975525263851029,0.999877139317205,0.998768324287093,1.01034742434452,1.05407889091617,1.04893447077818,1.09282508371154,1.11366664542049,1.14268169661399,1.14305848351268,1.15848275840921,1.17081495423194,1.16975471020823,1.1987878459481,1.25080966296607,1.27160892654812,1.27160892654812,1.23874118628148,1.25349231938641,1.25301309603364,1.24412467378985,1.26540197720882,1.31580605605853,1.31580671860681,1.33767612240082,1.32998985606056,1.32823318063482,1.32789672650017,1.31317174889433,1.30562593030617,1.289859620516,1.28542377093254,1.2779971652829,1.27760233560127,1.28143021225527,1.26417715360319,1.2691405935401,1.27470200706226,1.2669560273901,1.26647626701443,1.26692343312038,1.25960121963104,1.25563949345199,1.25555344452646,1.2561764195708,1.26630921691478,1.26292829052876,1.25837946676244,1.05657187608479,1.05583583783067,0.872989108310567,0.814052903858239,0.775867518482303,0.775867518482303,0.819350825281107,0.80695430356271,0.808543714792341,0.828153012638111,0.85594641467016,0.862415262808347,0.860287038708442,0.857181226003479,0.861156169000443,0.860675656489905,0.873209983371765,0.8744356125662,0.874939748528579,0.879131966770649,0.882284446325899,0.88419744088494,0.884230791802443,0.891996705062188,0.895569457959384,0.898683682326681,0.89834333921251,0.904483933632919,0.904944125480673,0.917992920529513
5,33,1.04351246391849,1.03131325595759,1.03061043254459,1.02910044257507,0.97640582384099,0.97565687350172,0.882860597667659,0.884611079187584,0.874448482838909,0.874258245323041,0.943098474221896,1.00766909426912,1.00483994261585,1.05523472722626,1.06078399640578,1.06108215164475,1.06876297721832,1.09787454096693,1.09787639807545,1.10309347354343,1.09242624265321,1.08306674107556,1.0840859287854,1.06498790595967,1.05865226744764,1.0596396584125,1.07914507101317,1.09243984336855,1.08914894906898,1.08922702530432,1.09111245565316,1.07301687935915,1.07103446071745,0.925931243960932,0.958211831232889,0.990487868179457,0.988814602077086,1.01979555175468,1.0118367939153,1.01236160805989,1.00775920599122,1.00438245248796,1.00371767829794,1.00810553855334,1.00342902916991,0.997527018256469,0.996242174040427,0.990202614025215,1.00407647974981,1.00268642539983,1.00798633999698,1.00557632463409,1.00590754830176,0.976314714947267,0.972142113332568,0.955391772365196,0.954892658190319,0.992619098721336,1.05229091588714,1.05286511769446,1.11563756151263,1.16031165396352,1.1593324422625,1.19322241865261,1.24355094210261,1.27841727662268,1.28009184192768,1.28605347825038,1.27950600691752,1.27982262845331,1.27555916276856,1.26351428292253,1.26038471470505,1.25880338809331,1.24562468892019,1.2482108190692,1.24686927834877,1.2486528410129,1.25236889655562,1.25012745712829,1.24764652953644,1.23876271281157,1.20987187919344,1.20990855613388,1.04372845176586,1.00444891047981,1.00291801195826,1.02955552678146,1.05837798085232,1.05873523147083,1.06593594050364,1.06384696145991,1.06049189664373,1.05967331413498,1.05371121138,1.04865607196011,1.05176924612265,1.04888985543826,1.04956387769352,1.06284537467498,1.06333523650768,0.970381753344181,1.02043177539416,1.01987125023676,1.04759667384781,1.06428608998468,1.06367333313763,1.064211919464,1.07752626033716,1.07594465976278,1.072652984865,1.06788452476322,1.06242927889839,1.06299679932608,1.06189729303191,1.06301310099623,1.06277243004499,1.05908216872915,1.0661097629038
5,34,0.973935502214476,0.973628249804356,0.980690519003946,0.990632303993709,0.987050976283552,0.987050299595612,0.98764559515887,0.991276267379757,0.99002394225368,1.00287646265636,1.00479309239616,1.00451903192705,1.01425259918036,1.02570613031569,1.02536773058169,1.03800149435604,1.03463145375587,0.993686283157522,0.994232065985302,0.946059957458027,1.02078668321612,1.02147423645448,1.0526198742849,1.07356865974109,1.07259553750885,1.07032678277791,1.07420920307664,1.06367785580857,1.0637174542888,1.04579784154816,1.03564260875665,1.04117999459574,1.04123209963549,1.03913981760217,1.04048281789162,1.0430860245729,1.02909681724614,1.02905477286451,1.028283454937,1.0280736640654,1.02228509959063,1.01240483972069,1.01256612763321,0.989936393403671,0.882938835054888,0.87916063778564,0.894208791364011,0.954581837621952,0.958416166527248,0.954235988792355,0.947580260303548,0.950774170989752,0.950615016177839,0.974047636292542,0.997226545435033,0.995917217432264,1.00738709742087,1.01202785798224,1.01383917893419,1.01442320846772,1.00870883445541,0.998741052630116,0.996726668510168,0.784027393074249,0.782870255875115,0.771561162035486,0.781091446561754,0.766447081859736,0.798140973848844,0.798302495033726,0.890602929496186,0.9079558518858,0.90820487688,0.91644993576646,0.930857474133228,0.930699866356083,0.940823078038049,0.934563266112664,0.920779510638797,0.920826053760264,0.913916758194019,0.913269718997936,0.913367080547281,0.914291546669412,0.91506058257039,0.914596101869964,0.911771863065536,0.916482256312297,0.910310630731241,0.911374577197195,0.903942371603156,0.906384647513913,0.903964268474105,0.899831741836559,0.904328445263193,0.908518992338606,0.907990645230003,0.905555956481939,0.915483148028854,0.914609269219923,0.906328868046747,0.923072267430695,0.923079339947319,0.88025512727194,0.910088204560798,0.972500466263051,0.971977290566452,0.995762834138978,1.0139677041035,1.0139601655967,1.01278022035322,0.999682796468982,0.999227042225665,0.990498535112748,0.977885842545318,0.973635270434964,0.973658385301885,0.969680132042708,0.977395520730744
5,35,0.981231770954066,0.977157182092142,0.980733117116463,0.979145383166176,0.979715233965331,0.977512680446084,0.975965834553893,1.00593961984189,1.00436601581948,1.00438991050375,1.00514412620517,1.00162722932945,1.00099886933904,0.980119700787067,0.989047702544601,0.989123486452774,0.98850737682193,1.07286681032885,1.10640794973184,1.10457346694355,1.15536230737004,1.19011036972577,1.18949455533885,1.2064133496883,1.219072988991,1.21987095091069,1.21987080359364,1.20475429511376,1.19264635596142,1.19222300541938,1.07949764296039,1.08041094937392,1.08049461689649,1.10479660167027,1.11302381754017,1.12933924133288,1.1274019633194,1.13462484138328,1.15709253259312,1.15714745262737,1.1706087239471,1.15906176406849,1.15918539943256,1.15718918461544,1.15176788031127,1.14552996622373,1.14975761133053,1.13666150140438,1.12331101284718,1.12057079899593,1.12138250828046,1.11292426661517,1.11167801167294,1.11767496997043,1.13841713167883,1.14896851563995,1.14919668524345,1.14648851715438,NaN,NaN,NaN,NaN,NaN,NaN,NaN,1.02732295657851,1.02745095874489,1.098692603623,1.14918217442022,1.1459832519145,1.19567726741795,1.22511355741629,1.24129858903997,1.24069935337343,1.25847943820312,1.26251259250585,1.26141270848967,1.24937606117826,1.23046456556186,1.2178759487711,1.21746921278233,1.21244752784905,1.21009370366778,1.209847377882,1.20306800030659,1.20466209656615,1.20264190505988,1.19641330123446,1.19412708106446,1.19487301270734,1.19551672302737,1.19877242879296,1.20092291051437,1.20327572764244,1.19987735077861,1.19699145999433,1.19600686731022,1.19237089601427,1.1799023192912,1.01977222409092,1.02064729008901,1.03617573883213,1.05244574239803,1.05605423120898,1.07796909856432,1.0897125193247,1.09041727074459,1.10908306000183,1.11910485704707,1.12784456230969,1.12294924385197,1.12890966496393,1.12449088895782,1.12432572035,1.12395794652194,1.11681035953948,1.11571100312833,1.11174104654811,1.01461759400294
5,36,NaN,NaN,NaN,NaN,NaN,NaN,NaN,NaN,NaN,NaN,NaN,NaN,NaN,NaN,NaN,NaN,NaN,NaN,NaN,NaN,NaN,NaN,NaN,NaN,NaN,NaN,NaN,NaN,NaN,NaN,NaN,NaN,NaN,NaN,NaN,NaN,NaN,NaN,NaN,NaN,NaN,NaN,NaN,NaN,NaN,NaN,NaN,NaN,NaN,NaN,NaN,NaN,NaN,NaN,NaN,NaN,NaN,NaN,NaN,NaN,NaN,NaN,NaN,NaN,NaN,NaN,NaN,NaN,NaN,NaN,NaN,NaN,NaN,NaN,NaN,NaN,NaN,NaN,NaN,NaN,NaN,NaN,NaN,NaN,NaN,NaN,NaN,NaN,NaN,NaN,NaN,NaN,NaN,NaN,NaN,NaN,NaN,NaN,NaN,NaN,NaN,NaN,NaN,NaN,NaN,NaN,NaN,NaN,NaN,NaN,NaN,NaN,NaN,NaN,NaN,NaN,NaN,NaN,NaN
5,37,0.959519327476622,0.959484722165479,0.956160723486287,0.960443034093791,0.962484561167211,0.959896258299666,0.990159148386832,1.02040244188881,1.02192156675045,1.03328819353998,1.02893043074129,1.02998363075773,1.03019331565526,1.02968539398127,1.01826368868344,1.01700514390898,1.01501124849977,1.00314386467872,1.00402330583839,1.00250885706788,0.993515662406462,0.982870235392632,0.982193700889372,0.992283316219884,0.997901997795743,0.997953476962571,1.01499961246282,1.02376787808694,1.02493485771313,1.02068045475624,1.02314317794966,1.01468582251413,1.01437978707125,1.00164229727122,0.991869291791098,0.990447199392391,0.994525063777956,0.995467426064534,0.995690556230245,0.985987595809686,0.983786424489219,1.00521217483899,1.00398484836908,1.03622212706819,1.06231806085291,1.0616800760276,1.06327320541685,1.05157577704467,1.05611546911502,1.05610890543794,1.0509255261668,1.05038998953729,1.05090693979195,1.06424039242128,1.06704420578408,1.06969106369172,1.0684778808217,1.07024742582652,1.04758677207517,1.04807868739962,1.0496060918023,1.04263425330609,1.04281136038309,1.03756771982759,1.03892910833636,1.04045761001346,1.04145860712386,1.047940716524,1.04918840821375,1.04900932059019,1.04226550247808,1.04031296780661,1.03999138177495,1.03607966728946,1.03296391075629,1.02734133428965,1.02361044920778,1.03047875614994,1.03451411584442,1.03816745562655,1.03622531465902,1.03279354081005,1.03261027789077,1.02549760735203,0.97460814327342,0.976886290783012,0.975480791350268,0.972765829445656,1.00679985042345,1.00651679494576,1.02357995994695,1.02816417559446,1.03923106534074,1.0403794241373,1.03934647003234,1.03890107831058,1.03745297813736,1.04291768331571,0.972025413490303,0.972067894588762,0.972695982988811,0.974109883199354,0.978806740820755,0.9982103894942,1.00948051961877,1.02014574424958,1.02087254301086,1.02396128033042,1.01726306450557,1.01878067286703,1.01323189647346,1.01056415599514,1.00411470188764,1.00758673593339,1.00181801370148,0.985903677540713,0.985902884517096,0.947798583045558,0.970430604767877
5,38,1.00443678473472,1.0131846464115,1.01283013345773,1.01608151397907,1.01500533534559,1.01406816769128,1.01565075265021,1.00426427177986,1.00542238932267,0.996638264627422,0.993236188381249,0.994431314127279,0.994402656925606,0.993135184207717,0.986032543387517,0.987470730954602,0.986761979334717,0.983471245342027,0.983475897339227,0.98904727272795,0.986105115605996,0.977298325542054,0.977298325542054,0.948707263049893,0.906887934892275,0.908701840972867,0.970711848162932,0.984611444546514,0.985133351810646,0.983189219167188,0.974951399559582,0.97504078016359,0.976068549325888,0.972731218164847,0.966562558716902,0.969427238511489,0.963695842391836,0.956659061175854,0.954226600092478,0.954245196018219,0.947466909404445,0.950920908891338,0.950920908891338,0.950495037490216,0.944979280944139,0.945888256985113,0.946062876059153,0.949252152518967,0.949252152518967,0.951799575641171,0.951495833437766,0.947507040505688,0.947201638366132,0.946946795162087,0.944587633482447,0.877561293039772,0.877530131033468,0.882230863173057,0.883779815018529,0.882644385512136,0.920761919442022,0.93131676554888,0.931574720033644,0.942046680834374,0.954262439927756,0.949760753750064,0.964493709534046,0.978651879740531,0.987908271226393,0.988051444839493,1.00193227725097,1.00005736736411,0.997026304878415,0.869291275932746,0.870843741047437,0.890231254152457,0.892253502055291,0.92516154573537,0.940582440854694,0.940293542500799,0.958352262044496,0.967565859149808,0.977843653964302,0.977843653964302,0.979292155399455,0.971853159131393,0.968005937075674,0.967655940080612,0.96028829126406,0.962100451608446,0.951080830749635,0.949338817433106,0.950683149645708,0.950722058854119,0.960862261251602,0.910819833751049,0.910837421877516,NaN,NaN,NaN,NaN,NaN,NaN,NaN,0.790799083679434,0.800338961186947,0.800338961186947,0.808785844444619,0.822173383009343,0.821988472615063,0.805181218905407,0.654243260836398,0.658689884881478,0.650307758599409,0.683179391753438,0.720934325852518,0.72123057348734,0.759334523505905,0.780633103352967
5,39,NaN,NaN,NaN,NaN,NaN,NaN,NaN,NaN,NaN,NaN,NaN,NaN,NaN,NaN,NaN,NaN,NaN,NaN,NaN,NaN,NaN,NaN,NaN,NaN,NaN,NaN,NaN,NaN,NaN,NaN,NaN,NaN,NaN,NaN,NaN,NaN,NaN,NaN,NaN,NaN,NaN,NaN,NaN,NaN,NaN,NaN,NaN,NaN,NaN,NaN,NaN,NaN,NaN,NaN,NaN,NaN,NaN,NaN,NaN,NaN,NaN,NaN,NaN,NaN,NaN,NaN,NaN,NaN,NaN,NaN,NaN,NaN,NaN,NaN,NaN,NaN,NaN,NaN,NaN,NaN,NaN,NaN,NaN,NaN,NaN,NaN,NaN,NaN,NaN,NaN,NaN,NaN,NaN,NaN,NaN,NaN,NaN,NaN,NaN,NaN,NaN,NaN,NaN,NaN,NaN,NaN,NaN,NaN,NaN,NaN,NaN,NaN,NaN,NaN,NaN,NaN,NaN,NaN,NaN
5,40,0.981521139486876,1.00334095859432,1.00334095859432,1.00487121868241,1.01258239149306,1.01253269803271,1.00567060089683,1.00754131693581,1.00957195281864,0.978129000183208,0.949087915252226,0.968765332005209,0.968773883795475,0.983194435330856,1.00486700302755,1.00692059823745,1.02187525547784,1.03637701459057,1.04103632656464,1.04077271039413,1.03920902086666,1.04238186372639,1.04352940192897,1.05542167612057,1.05927808418401,1.0668447742851,1.07021137185394,1.05442149335578,1.0402961204412,1.0402961204412,1.04095648060261,1.03681004970245,1.03507492691133,1.01707514600862,1.00933944303287,1.00915626911423,1.01321287460122,1.0113002314321,1.00848415207053,1.00393646078355,0.992336173870037,1.00117837566901,1.0011103529588,1.00053636366606,0.995743836627192,0.996068019996295,0.988433280762061,0.991542116736685,0.988795244469039,0.988795244469039,0.993011092809737,0.944389043367531,0.946734369061619,0.975748915108539,0.996268228691284,1.00005943624642,1.0000660046436,1.02047722458669,1.03625680229037,1.03075232844353,1.02927895383885,0.989969415661547,0.989920364820596,0.990412448669637,1.01825867086024,1.03229661295965,1.03229661295965,1.04261649475772,1.04234491707346,1.04165996196364,1.03668050211113,1.03352245140279,1.03425486426816,1.03040701413334,1.02032961760409,1.03012775939623,1.03155584317929,1.0348539990964,1.03797765370632,1.03695296573791,1.02269346808315,1.03010874517616,1.02299216454989,1.02271962700954,1.02830388617526,1.00988299418087,1.00952454444049,0.911161622593196,0.884693006541002,0.884657982940141,0.901782807823603,0.91912186114094,0.928324301596482,0.927787244624258,0.941103264730723,0.95491751636616,0.963918902507678,0.971002226095961,0.970138063950612,0.970138063950612,0.972618684141741,0.962883520222096,0.955467829254821,0.957153032293741,0.959648879469018,0.946263078821275,0.944856086946425,0.948846228515435,0.953402683923452,0.943717921525358,0.945685641814625,0.944982308875357,0.94463052928452,0.94463052928452,0.938925594631784,0.939805141389258,0.939802271970452,0.953598464113022,0.963290658831771
6,11,1.04611398188301,1.04172824488104,1.02192235786227,1.01523486717261,0.989329905226816,0.985721905568856,0.947650331624571,0.939947196390474,0.940247454850243,0.940280204615162,0.977839851648542,0.979275227562985,1.04847951014833,1.04728314760167,1.03110030341847,1.03110030341847,1.02143353812734,1.00126840577243,0.99404326222672,1.00393104480821,0.986416019600707,0.984743699235414,0.97787916931008,1.0146847420816,1.02584241983031,1.02462938883572,1.06048040310767,1.10254804541088,1.10324367641613,1.1060810719202,1.09533818544764,NaN,NaN,NaN,NaN,NaN,NaN,NaN,NaN,0.628174391751484,0.632931491666193,0.606487297762613,0.605397187737912,0.62828561789352,0.656118944974917,0.657170352097018,0.688637010883701,0.743679513115764,0.744769947235503,0.763353440883335,0.767476360908593,0.781693617085517,0.782861953189575,0.788342190069334,0.798552645794534,0.798552645794534,0.804203292106953,0.808642672136961,0.810898967368351,0.811471814449227,0.819797569190443,0.830440744688083,0.830440744688083,0.841391947755601,0.863131261714489,0.861607638702107,0.884539502604555,0.91553734601479,0.940047246287909,0.931899490631847,0.963611224305792,0.993946329765102,0.983090949868276,0.994912047944887,1.00219356968798,1.00074584836826,0.998077079955777,0.986682110730327,0.980768304667998,0.980768304667998,0.991582591591831,1.00191251004686,1.00097761683191,1.01315104269945,1.00446046593361,1.00470776265568,0.976337119601224,0.902312229332818,0.8907450305605,0.885719753208034,0.874988043845833,0.91386755474457,0.91420859007744,0.96658760751761,1.00132308178634,1.02003680296329,1.01608125682004,0.992189888331477,0.843830757575403,0.843830757575403,0.859729335396064,0.853369888498291,0.839362979819751,0.840696383540756,0.840372168375405,0.831774408046383,0.832278060657626,0.842128398959749,0.84042909243591,0.840720781547056,0.847340950564564,0.852121669241479,0.848786461888547,0.849628998468068,0.848338417224408,0.842656538240152,0.83995147586667,0.856748461919081,0.86924120024456
6,12,0.980362951566639,1.02600659216763,1.04672090988604,1.04583336373011,1.05607554551614,1.04269357609075,1.01321443235076,1.01296246430675,0.987251497673257,0.969684552891783,0.968611973206076,0.962934922413092,0.964903659769195,0.960780538260868,0.964527163072702,0.974695353110784,0.999150121037977,0.999096475626533,1.02449390732292,1.03930573979502,1.03870502989149,1.03526167639371,1.0474847331972,1.05052193539638,1.04739124069087,1.04079509001147,1.06829385867482,1.06518319560585,1.0809181553342,1.08067608062596,1.08097601491557,1.05171620920303,1.03151760713319,0.416446007382307,0.418399577417755,0.382439855394094,0.414934260656654,0.416550373406373,0.450167213815771,0.423387889143656,0.403912870057887,0.412594072429647,0.542126272707236,0.613488070499986,0.61318400669547,0.65664323986691,0.661218930525598,0.660155189517086,0.660530031746681,0.66498093547682,0.66498093547682,0.688939300768025,0.707816825296112,0.726341752443024,0.72575629526326,0.700907091434666,0.84425078342189,0.84425078342189,0.915430517934872,0.942197501149225,0.963938038438098,0.963123713215052,1.00159464741886,1.05673977006409,1.04890642891398,1.0618417063339,1.06387691630977,1.0731371875248,1.06269442253171,1.05578208809892,1.05613406733547,1.05613406733547,1.0550478742266,1.03804257632029,1.03825917018692,0.960284186859006,0.924568676911596,0.918164194294783,0.888817258671323,0.913437164114371,0.938070521971999,0.938204409954409,0.950024595124731,0.955021143258905,0.954023482263759,0.936741557922662,0.943842109481885,0.917493958833357,0.9168376931824,0.909062823973547,0.919594607851006,0.914692458457623,0.923570215496185,0.916497771328875,0.913522074863407,0.919432876356202,0.925923685113831,0.937969266577649,0.93884869222352,0.950707943364613,0.951408251128311,0.950904734236244,0.92410689929101,0.865366198326957,0.856028785448037,0.854732214423704,0.870306791405766,0.873516528578099,0.873516528578099,0.858875208983242,0.85197173738159,0.851720103935224,0.836615841278022,0.830955549856717,0.817803773837537,0.813360257255636,0.818744114418399,0.824069826357749,0.826871966975997
6,13,0.970305714897532,0.963260129834632,0.959988865257128,0.959092287378952,0.957849035380559,0.956965514234273,0.956965514234273,0.966017236975453,0.980145196333178,0.99258007552188,0.99409223004177,1.0127159123509,1.03124879833208,1.03060757430678,1.05411291004594,1.06321347751922,1.06321347751922,1.04693069437071,1.04069535546552,1.03246655117451,1.03067532619626,1.02327403297134,1.06879224528858,1.06259340229375,1.068964950008,1.09453179975957,1.08435139179888,1.10498512789706,1.124598422228,1.1168659266713,1.1168659266713,1.0996371944837,NaN,NaN,NaN,NaN,NaN,NaN,NaN,NaN,NaN,NaN,0.689580932752306,0.673847832717152,0.673847700887224,0.672990164776323,0.652497509981573,0.652497509981573,0.656920150249736,0.685309044183926,0.686065695928554,0.689992657536491,0.707999016227216,0.706860078862994,0.702637103085865,0.722133897777536,0.735097842819571,0.733814235297051,0.751766872454463,0.768899322282757,0.759793522447834,0.758106439686822,0.7624900750714,0.749961684304824,0.749442740532567,0.780338958575415,0.789724350273664,0.789799046668976,0.803993921462229,0.818188796255481,0.832383671048734,0.846578545841987,0.860773420635239,0.841666296954565,0.841666296954565,0.843649952426628,0.852324941166586,0.852566657654781,0.862901924726004,0.860867089962332,0.851417862593485,0.851417862593485,0.837463918558367,0.821803126693987,0.821584271951593,0.820701818448351,0.815942569622121,0.815942569622121,0.825882432903182,0.824974602786025,0.825216555167588,0.848994861043411,0.866975540635148,0.857235408893347,0.857237090862593,0.86015651147089,0.869639918968577,0.859605993027573,0.909178515254461,0.966570196958119,0.979081638796601,0.974712519636643,0.956688070457173,0.963716713557557,0.963665328046965,0.941204228729878,0.924882804532522,0.921462159846062,0.909055345235969,0.90238984750183,0.889675997356864,0.885675425479301,0.863195889982614,0.872196729453447,0.868965394295919,0.872936820942072,0.870311722314973,0.867709698120632,0.868487857381927
6,14,1.10758966496759,1.12216762354279,1.11636311971064,1.10275215695786,1.10046681432103,1.10252193401849,1.10636855941405,1.10061469802122,1.10093029411009,1.04550751962423,1.04550751962423,0.878971042190405,0.856668427023442,0.83842445492734,0.835805588246963,0.87356980510883,0.884849376189791,0.884328555374072,0.896592846626922,NaN,NaN,NaN,NaN,NaN,NaN,0.86442448781092,0.885728242288548,0.885728242288548,0.894995773067069,0.884529762118784,0.885253619778786,0.871225742416121,0.856715228150781,0.850857565219341,0.851165802947721,0.826217908165018,0.787262100929693,0.786447250480816,0.736378965736907,0.745832842108942,0.745832842108942,0.741362605474216,0.750142225383801,0.753357590478788,0.751542893587194,0.750266024014876,0.751063983921029,0.751063983921029,0.742188134324127,0.734218517545856,0.735268044611259,0.733598720087925,0.700094417934453,0.715461433716584,0.70863271858343,0.743022849891139,0.779043390910619,0.779043390910619,0.803298709654889,0.81779551173871,0.816351036570996,0.810934387183815,0.812297441328511,0.80087303010035,0.801253462131578,0.804836542124613,0.806953449206601,0.805455438528145,0.806912262864359,0.816119543941582,0.826224489267981,0.826654930961955,0.858613152245348,0.90314359261146,0.904895639318876,0.92854976041153,0.961330288561243,0.958456657108411,0.958456657108411,0.96792199914505,0.963104276081023,0.96428062218258,0.958130767903243,0.953308020203102,0.952027745408117,0.931483889446606,0.907178693316202,0.938415548487381,0.933030815521914,0.898136324409138,0.901987772982181,0.900626360274849,0.899444657629022,0.888203032404597,0.887464322479622,0.879568082645699,0.896456955197072,0.893972203586864,0.889268847364073,0.88358988858664,0.893960214438378,0.883823472513403,0.891781826392919,0.897342864049467,0.892070523055039,0.901561809638367,0.915916199230474,0.936109117762686,0.936109117762686,0.963112695080809,0.990214907833822,0.989632907153561,0.960788349259862,0.931943791366163,0.903099233472463,0.874254675578764,0.845410117685065,0.855666323927311,0.854879466807139
6,15,0.971645960159789,0.983056527284434,0.983766610844981,0.996911102255709,0.996151948617566,1.00515514524688,0.984163189688571,0.986347219626579,1.0178888935533,0.994718148968612,1.00302398417466,1.0058303128972,1.01486540990267,1.02390050690814,1.0329356039136,1.04197070091907,1.05100579792454,1.0515238570439,1.08901545199851,1.10781865530424,1.10325068466114,1.103025532063,1.11473100132123,1.10492878403275,1.10492878403275,1.12408996821975,1.16456352062266,1.18963932483449,1.18810207598389,1.18916720197588,1.17322368891693,1.1664812090866,1.14897685867327,1.13537931828751,1.12449499326092,1.10716795619705,1.09211171641962,1.09183110386643,1.08009708922888,1.06876865807611,1.04042636102608,1.04042636102608,1.01841887829545,1.02442056821086,1.03151001087308,1.01735409952831,1.04721578629925,1.07851970040971,1.07793738321858,1.10929160641505,1.11700959716369,1.11760828119132,1.10412902005202,1.1006621877132,1.09646929396949,1.09646929396949,1.10838823773901,1.10107193617312,1.10069109397691,1.09653598897611,1.10112863084247,1.09358066561607,1.10190012682429,1.07381812282826,1.07743138441233,1.07828532152211,1.11040197504987,1.10945606879533,1.09628612299951,1.11296196411993,1.11423207218135,1.11489098593593,1.13453539346179,1.13836848584033,1.12066576778882,1.12066576778882,1.12039506752793,1.12549116185754,1.11843663174089,1.12694739223597,1.13311853839042,1.13283740532396,1.12533692492833,1.12636458846637,1.11638794463653,1.11587199867987,1.12009694808685,1.13459417416872,1.13138565005134,1.16199833087922,1.18305272283646,1.18964149241688,1.18740471278992,1.20856740261635,1.20701394088091,1.20933452801753,1.20373283469457,1.19401214895837,1.19461727353768,1.19557634340171,1.18431337880424,1.16918168193046,1.17107857703403,1.17915261104436,1.21228562040811,1.2122729731386,1.22960289557919,1.24481351954571,1.24310801830744,1.27031839010181,1.2772076074709,1.2768354367596,1.27697964015387,1.29711226211591,1.30072723656133,1.3003081624864,1.29200592131721,1.28804910459975,1.27492878818502
6,16,1.05162799288155,1.04458061112039,1.04388638371978,1.04089446038124,1.03188907677181,1.02928037691664,1.03413250117588,1.02619537838345,1.00890692989984,1.0096354570429,1.013364934074,0.975498410128979,0.966429383572261,0.919029644445526,0.932319569807293,0.939768913661675,0.941614500060327,0.976938233865398,1.01400724209107,1.0085669270231,1.00479455507713,1.02047560473065,1.0337420265103,1.0337420265103,1.04174579595934,1.05499980200662,1.05392670549003,1.07712855121335,0.946256564191921,0.943047252893656,0.849859178778789,0.84109275437696,0.841072269746893,0.837630066482427,0.839990582081839,0.852921664323111,0.851757808101223,0.849445698022376,0.86303520145051,0.85840165316064,0.796337401608656,0.796719708966824,0.814184751073841,0.814104030338707,0.817921649939264,0.822329982180004,0.823559092142458,0.807107655913065,0.765241664605818,0.765842116994408,0.766218165211272,0.752332976917209,0.765587332554383,0.763274894223123,0.813054767990305,0.833024958507181,0.836474274298212,0.850638619072195,0.860762240938795,0.868939278919231,0.868939278919231,0.879594922413939,0.884159396929093,0.883313727380735,0.885112451080019,0.888964808003669,0.880088588601261,0.868656574021498,0.826564979629339,0.843882904078803,0.842374876339694,0.861165182684835,0.909141825276541,0.909141825276541,0.97202942878647,0.990779906608531,0.989920151722096,0.988046031564568,0.989027432493967,0.99191802142043,0.988844241196139,0.989694898886939,0.995430186515212,0.995430186515212,0.996931150649051,1.0045074527118,0.994770020293939,0.994830544613649,1.00295133221987,0.985337256925242,0.985886838541493,0.967354289174494,0.98541263807685,0.97928079030715,0.987070095345661,1.00560762963706,0.989814562769723,0.988999716664848,0.977397127982249,0.954240759807956,0.954240759807956,0.949897397692474,0.932917215030304,0.931303252951028,0.92491007114526,0.908904611278013,0.906833468187385,0.906833468187385,0.905043045296951,0.910150366373558,0.911478391398856,0.91534998492923,0.930553621662106,0.930553621662106,0.958616291562377,0.927117869934192,0.920356888425783,0.919362758474662,0.962223546156144
6,17,0.965037232386646,0.963587579224755,1.00414691750105,1.02267666816899,1.03871127590968,1.04085631556109,1.02944436986715,1.02214336603409,1.02078380423908,1.0080110076163,1.00425279115136,0.989490837815136,0.991246164288108,0.995374546818408,1.00096995351968,0.984810035123025,0.982420113349341,0.966435860545224,0.969601160880889,0.971641592066731,0.982284430347787,0.902184352126378,0.902184352126378,0.942885720671884,0.972462418874254,0.972020197993515,1.00638616015361,1.0231879804434,1.01958445863754,1.01491461005619,1.01639662734494,1.00508986385377,1.00508986385377,0.990842124745369,0.989415942819211,0.992255162993507,0.977416559136759,0.975722648832557,0.953554855437894,0.953978191631864,0.822873958680201,0.792886686918959,0.792886686918959,0.834861642963777,0.842657956821242,0.842099533032133,0.838621717389458,0.809450029169598,0.808708135962573,0.807342452456187,0.807358505049712,0.790963424580148,0.779112063821586,0.809966246937688,0.860048023914621,0.895798702727751,0.895798702727751,0.911395509538695,0.936576288860523,0.936491811773251,0.946412075367703,0.946451258573077,0.945407694966582,0.946740805618389,0.946965621131568,0.954233612056757,0.954233612056757,0.939382337818506,0.948196477973163,0.950276173614951,0.957575619738006,0.968886737730575,0.968886737730575,0.976272910377485,0.939921091569465,0.886289097443992,0.868030957578868,0.871581321024654,0.859966640969484,0.859561361242697,0.883306987154437,0.890858770857864,0.893239423488895,0.890456526570797,0.871191301765473,0.863322625626452,0.863758638045486,0.852832807188031,0.858763705224343,0.857408235669217,0.853648014791602,0.883748020012851,0.902847574943744,0.902847574943744,0.902549360511768,0.915754752002274,0.915750945786139,0.932818202581211,0.933753063043146,0.922073456947435,0.922073456947435,0.917407848714672,0.915212437408799,0.913451042864342,0.899472495345914,0.906078464636899,0.905853674340018,0.91094359145197,0.900710273167089,0.899976428434171,0.896633985211074,0.907000669634099,0.924006493902642,0.927351235177747,0.946105529755567,0.959893112113499,0.952959597707842,0.944554794809251,0.940612606762288
6,18,0.979716921693068,0.981849120493923,0.983435872366172,0.974494015578021,0.985810984531831,0.988484361744797,1.0273701190794,1.0273701190794,1.04298339335102,1.03354422652459,1.03252895206028,1.02649733729718,1.02139556392429,0.995722723381815,0.995722723381815,0.981664821537892,0.974509479896578,0.975496405356676,0.971402858721242,0.963391192593987,0.961146676849233,0.966088139723034,1.01371153376258,1.03968798651664,1.02835266566153,1.04547276975762,1.10082885029345,1.09160008154933,1.10437493042108,1.1060668046885,1.10582322284494,1.09957407904292,1.03011440660319,0.982262031218971,0.982262031218971,0.971155016277033,0.958449845739722,0.963151555909649,0.953885893234659,0.951790795558754,0.951790795558754,0.946101532377917,0.926660015426881,0.934434360910601,0.936115779658943,0.930514953194048,0.899523717542005,0.899523717542005,0.911181471259828,0.921487667602254,0.931911492304895,0.932938406614438,0.934722388112468,0.940315726701777,0.940952528812172,0.95407654906891,0.962018747667756,0.985332775962101,0.976562874720687,0.973329641333221,0.98293739775118,0.976230543848302,0.938883281031628,NaN,NaN,NaN,NaN,NaN,NaN,NaN,NaN,NaN,1.03895495710056,1.10256191288079,1.09549669976681,1.12617442034398,1.1386950004498,1.12115227394667,1.12208367495392,1.1189715553071,1.09738557297006,1.09738557297006,1.09360826755084,1.09120227811186,1.091171348353,1.0999678625443,1.11190277611239,1.11330242220833,1.11330242220833,1.10970301653403,1.08170600078289,1.08218812184685,1.05352657175262,0.993079470386416,0.929525410542722,0.932393237502162,0.935790237584842,0.947291481165839,0.947291481165839,0.944551123471179,0.93108542896523,0.927787954027714,0.913166478341976,0.921399719728063,0.920863183053162,0.922196347342294,0.933108835747179,0.9309743008443,0.930922126388885,0.922534938790179,0.932597522204103,0.929648549853595,0.934589712010496,0.938317596782667,0.944925440565356,0.941651893442696,0.939440571384202,0.991129567341869,0.991233904837771
6,19,1.01696433767041,1.0331909566096,1.02251049388549,1.01274168201082,1.01138708613284,1.00439685325223,1.00385537867898,1.00047197595419,0.998071827708954,0.999232639952968,1.00309826302039,0.993217770712182,0.989818937660521,0.988540648610337,0.989999608520205,0.993970245024812,0.978267626711117,0.974826491582434,0.985437176301519,1.01029667949677,1.01029667949677,0.985161594364516,1.00451221549225,1.0054193196593,1.02101280595174,1.01968320456346,1.01927954152734,1.02059667696239,1.02017689192773,1.02189980117758,1.01553248945643,0.998695847803127,0.993920034695392,0.993920034695392,0.981572393664534,NaN,NaN,NaN,NaN,NaN,NaN,0.815909284674882,0.818782046359845,0.817836463934737,0.82080460220565,0.830547096092099,0.831691799544077,0.819102336944409,0.814927586546899,0.825228968303966,0.825506998003439,0.819243168625786,0.799879777331344,0.800312804706875,0.812175385793371,0.82623501285624,0.841754512214753,0.841754512214753,0.848115733860609,0.847855361217836,0.847637538440619,0.843904796581593,0.845144310728805,0.840498773455269,0.844596803043405,0.855703164215933,0.8563924569478,0.853771514485065,0.872942144359829,0.897202083988095,0.897202083988095,0.904717133005835,0.932717048770922,0.93223210539589,0.950211497338273,0.94837473159094,0.95220985346953,0.95220985346953,0.953574502267447,0.961374815356123,0.949313622135984,0.945971126157165,0.944027256027167,0.932795876962648,0.931127870860085,0.936051183300547,0.948317335978116,0.947244879486955,0.963944695489191,0.959206455683893,0.958215366156689,0.960130427011167,0.931895932792753,0.930354923755652,0.930354923755652,0.900290552712773,0.90636798933823,0.90571103288507,0.901720385914696,0.887011067365358,0.886932401794049,0.888980847013027,0.89395870101999,0.890560833244285,0.889224200607292,0.893081050127385,0.889773370148994,0.887092429787274,0.897696878226711,0.899093361123101,0.899638468926259,0.901792613876046,0.900956517901374,0.906407899201053,0.904309521885826,0.907529150910436,0.910176916993559,0.908467453278396,0.915793871569494
6,20,1.02568497299763,1.02136320267331,1.01382798641055,1.01248458411199,1.01273958190357,1.00014005006006,0.993940728742676,0.998466467268156,0.998556637774378,0.992207354227191,0.992906331997722,0.993107058698915,0.999594735195665,1.00010647723976,0.998602078338984,1.00588446518147,0.994564868263303,0.972079600020683,0.973742818893985,0.982945469440996,1.00688555229518,1.00748229029345,1.03500275743273,1.0833936890457,1.09569873771221,1.09186299110643,1.10713440660496,1.12815494716279,1.13184353616257,1.13187235626277,1.12899744883782,1.12947226907712,1.10966061796159,1.10315954886448,1.10436636271992,1.0809975671128,1.06084934455195,1.04036589185554,1.04099073559323,0.926531964558041,0.865009897468748,0.86475834046611,0.849808528948292,0.83070525414207,0.827135659130266,0.827489533876329,0.836038364967639,0.848884866972696,0.848360223515884,0.847221943413877,0.821278192925115,0.837503962794649,0.837031974913204,0.836436491862466,0.842512916921524,0.842050552419927,0.886993037097264,0.907509438965903,0.899462193457334,0.957876374105765,0.971076875415908,0.992813278630006,0.992622215216129,0.987692256586465,0.99195176339494,0.99195176339494,1.00872771128146,1.00941481258854,1.00904214569241,1.0320543057435,1.03228164237841,1.03497548703597,1.03497548703597,1.02563184729044,1.02276540529826,1.02089943462081,1.0220698662939,0.999885839191788,0.999885839191788,1.00312262754264,1.01342746485457,1.00122651605771,1.00144777215906,1.00965824423789,1.00206249919273,1.00206249919273,0.989478591633269,0.985797207020289,0.979516144253707,0.97824232036167,0.994329050035448,0.996103774798528,1.00505263333542,1.01742423437129,1.07272804842734,1.06879264268505,1.09093118579055,1.11309694674445,1.1420663056464,1.14184148665302,1.16044183687384,1.15329089163206,1.15417286051935,1.15064184186229,1.14404309541309,1.1405774978678,1.14520636489648,1.13985103700355,1.13106309719531,1.13427852446809,1.11953008399237,1.08157059227469,1.07616162236868,1.08768975430072,1.09007957006787,1.11747356754829,1.11846201327269,1.13199880200806,1.14231943524128
6,21,1.14466546451637,1.14435672988676,1.12467128727196,1.11706564706224,1.10442312933464,1.10371971948073,1.08797326565456,1.04041746837374,1.04039601091501,0.959289894551687,0.87473264956266,0.887167771395233,0.885623251949717,0.894490978023775,0.907448520373226,0.90738075844242,0.923034224167758,0.931963102665695,0.921180126371817,0.925000804812872,0.917910266902919,0.928298832497232,0.928298832497232,0.923868850273489,0.926322786855556,0.925457535789836,0.946566852036033,0.961285252142063,0.959003165386801,0.963578078617316,0.952400647255317,0.930177901525448,0.930177732493811,0.83233611093086,0.808106893225617,0.803970798442053,0.807525033074375,0.823660689535451,0.823264128556079,0.830311671228972,0.809767592768047,0.810422456557277,0.810422456557277,0.818062559451758,0.821759840475798,0.817753320407608,0.820199620431456,0.815725276297473,0.813121469444339,0.814537154762708,0.819646884288977,0.824859966463001,0.828363079790431,0.842199461027054,0.870237269936231,0.868424150938618,0.880175192358999,0.873692702560309,0.873546529231766,0.867559934706154,0.868070228447854,0.858771765809432,0.85903850477232,0.86458914846514,0.870539655646888,0.862671682775847,0.854282548839891,0.851926268965078,0.853293744227562,0.853293744227562,0.846780946451485,0.846392798456248,0.845050377265685,0.849634485870299,0.863437414256415,0.891000426667887,0.891000426667887,0.897109547495307,0.906609037992454,0.904700991342636,0.918828246992013,0.896762545059154,0.896605810254657,0.903718490467288,0.903479903026612,0.889597349539615,0.888716276121607,0.875557157298059,0.834310766794558,0.833762501922791,0.836966014782961,0.835183556834555,0.832378324070044,0.87456714198334,0.914449648444206,0.918905358602694,0.917828094108987,0.914319889444501,0.905721377740425,0.904886983363693,0.908253696159085,0.897507767863543,0.900223454798344,0.895031713338155,0.89626961143177,0.889444694231848,0.888342563487646,0.894999302786485,0.884074807634343,0.883708912900594,0.880690048989029,0.848005011956284,0.865107781900734,0.863658290558224,0.835813143765767,0.864093325396025,0.863342182402396,0.905814240199224,0.968612251640313
6,22,0.952817258031264,0.957354447013641,0.948940291609192,0.949316609286822,0.961603411538281,0.96901642812328,1.00645828249256,1.00991882955442,1.02952511881142,1.04509186174353,1.04575646483196,1.04626375120249,1.02845608079452,1.02822411018845,1.01763691440544,1.01135928600285,0.997366057425004,0.999416884241854,0.995477912703025,1.00985064307289,1.00921959821192,1.01968039238679,1.0105684976548,1.03135442557948,1.02533707776893,1.04835745518362,1.06791571822331,1.06753408769683,1.09238786586307,1.0879394856676,1.08678110802871,1.07776885653164,0.901344873169673,0.810963011978739,0.811027629234359,0.781624295335268,0.775380286229192,0.775912631240224,0.755449518723089,0.758960241164777,0.758175056668936,0.752667015760886,0.745937778367641,0.748817806315315,0.742245392471929,0.74286365602373,0.726610858128979,0.726610858128979,0.699620274006806,0.711189995498168,0.723068014080385,0.723026714415668,0.726501121593721,0.76390560858785,0.763477212803992,0.799876217338683,0.815272598615405,0.815553439923854,0.832581576982646,0.861016072058758,0.854973001383372,0.85497222107945,0.860252824937731,0.85279807679008,0.850006133568501,0.841568048585866,0.841648226068224,0.840952090972195,0.832227779487648,0.830727572060461,0.84414993701216,0.84414993701216,0.832645738139474,0.833888846551519,0.836697435442747,0.8473832696087,0.854546264463325,0.844081910381538,0.851169947112996,0.876460903467772,0.889375701951021,0.884756385611146,0.888958381702742,0.877680070338303,0.875499212103135,0.862170723407153,0.863071498744202,0.862477349724751,0.862306668769909,0.866739133595361,0.868714013753642,0.872928885332013,0.865940876166517,0.883114126268167,0.870742682674214,0.869619392339194,0.888925020519997,0.904839675525863,0.903992809956011,0.932174158209179,0.928977905322453,0.929279873630888,0.920536977448778,0.909844791049849,0.910023385503004,0.904078362225937,0.902768213169947,0.880529351631121,0.879321302934288,0.890582429947776,0.878166884383738,0.875409320251703,0.871606040074543,0.876350134169087,0.867273231193875,0.865503712157889,0.870874642487627,0.871178919249912,0.870404837547992
6,23,1.03057970303155,1.02229647291962,1.01483555881339,1.00549590848086,1.00406310092414,1.00946168051958,0.99741177424885,0.998633548235444,0.992153274708922,0.982636180686948,0.982636180686948,0.990831010551166,0.982487482853836,0.983212025286435,0.991223973359582,0.990329723789157,1.00497631421002,1.00497631421002,1.01175977248352,1.0197799210932,1.03674020623768,1.03853980314451,1.05474311843571,1.06048052660622,1.06048052660622,1.05531492014774,1.04655319462266,1.0464762538765,1.04727955909493,1.04790606774113,1.04071993486588,1.04105976505858,1.02215789591584,0.98539595634109,0.985422921673251,0.9744755456957,0.970672710509799,0.971237786944877,0.956856786133104,0.967009612901682,0.964294349397906,0.954261035511115,0.957098995735189,0.957875680856679,0.957875680856679,0.957148976189733,0.95194499831476,0.95258637525578,0.94612537514175,0.951135824527564,0.947930305626675,0.947997022662975,0.963092577073815,0.95892944941622,0.958286373141608,0.985244830801662,0.997390067324743,0.981436418056438,0.981436418056438,0.983958976616995,0.996969024511183,0.996849431792355,0.992445042332219,0.989639550090066,0.977501561091247,0.977980924617807,0.977752208047794,0.977928491598698,0.966816212284177,0.965604106469832,0.973702879870743,0.976318016562602,0.962526210740594,0.98017547438982,0.973924558314245,0.979337837422948,1.00482064393144,1.01649182855244,1.01793589705962,1.00768058210743,1.00815765105088,1.00862863001769,0.990336359488025,0.986511078264055,0.987686522940237,0.987483612933274,0.989261084266945,0.991608728353624,0.990721747799066,1.02529353402925,1.03548609670551,1.03395244737547,1.05165680257773,1.0661040315188,1.07928371544616,1.07952480828709,1.08172810014344,1.09759173941593,1.09783791675248,1.08430561844864,1.10242040221479,1.1544114002641,1.15043668767443,1.18368481627014,1.18368481627014,1.21111430394653,1.22390247599546,1.21903589303939,1.22102768588983,1.21439878907925,1.21067509787125,1.21066181123016,1.18640587004823,1.18899121918694,1.16788190915475,1.16745546246084,1.16871887577578,1.16330507891377,1.16038682196164
6,24,1.02162238393845,1.02424489781187,1.02497946930057,1.0151948792525,1.0100302108784,0.996989935567656,0.998583154469477,0.998741031789895,0.997313489631381,1.00273248904468,0.997481722999013,0.997533409654139,0.985148693245739,0.991745601815557,0.995350600406178,0.985113518810188,0.984050308240941,0.987455879715916,0.985688323427437,0.981077719403796,0.990160281109068,0.990160281109068,0.996477794241149,0.996302628055036,0.996435008950885,1.01337065979039,1.0475649822189,1.07098431930114,1.07073389305651,1.09062966092552,1.08947585719919,1.09065085019732,1.09595859521935,1.07945977400694,1.08004109125694,1.07090597476733,1.06474662174606,1.04688311760744,1.04705163731152,1.04322800699447,1.03489379369749,1.03185341878167,1.01807391359865,1.01499516091294,1.0169666422133,1.01691997666983,1.00270679065988,0.952932325246366,0.952932325246366,0.973708640317902,0.989382224888601,0.988842641222173,0.974596847742181,0.942133918149728,0.98239912340718,0.983093578299463,1.01173691793767,1.01904384890189,1.02055484297213,1.05227052833373,1.06812884366064,1.07827701268726,1.07751536115123,1.08879328250128,1.09016860790606,1.09016860790606,1.07839779998621,1.06383016683516,1.06645313272383,1.0556438145181,1.04441615872412,1.04958406018273,1.04520398745663,1.02889449076125,1.03068950915303,1.03198824369315,1.02760818851981,1.04051630801814,1.03720430796033,1.02515823245947,1.01992421902894,1.01775222262122,1.00901899883509,1.0042279967556,1.01433457337695,1.01466025386624,1.01261311374331,1.00382051421747,0.996488973279921,1.00093587141879,0.98878147367093,0.979752162566348,0.973366884365694,0.965350968242297,0.965487692407059,0.966587870483144,0.956880311317746,0.95725754857414,0.950742171334792,0.951445244811592,0.965904733312496,0.960467143478035,0.96155329997129,0.96300084812114,0.948832737192792,0.950521071840754,0.969282965273133,0.990473327010831,0.993186839624726,0.993197620925271,0.979009984097187,0.983074095680221,0.988592336410906,0.984930892744247,0.976438311155642,0.975861336372156,0.978924652862086,0.972966874371268,0.959563146570449
6,25,1.09245007039765,1.09576766266124,1.08728205592167,1.07945556906569,1.07945556906569,1.06433817829932,1.04430152441378,1.04414474781215,1.01838375869142,0.992523176942824,0.992905860804927,0.947832564288689,0.945359571759415,0.934507980952197,0.934507980952197,0.915845533413357,0.911870083102204,0.912065779614466,0.907002331841115,0.899243068416974,0.885600711130327,0.885020452275147,0.878481311782134,0.880624841939113,0.880470895473538,0.896926974432123,0.90501826349674,0.904351598893002,0.916707820750988,0.920096214711769,0.919409301348172,0.904594466491554,0.903014248091411,0.885633194160489,0.886384916319962,0.879477996700421,0.879580574198768,0.880160802995876,0.871383650916999,0.855694631616172,0.836082323724302,0.831924680761579,0.836936090899755,0.836881136038924,0.836881136038924,0.840035918793994,0.843865011254009,0.846804502369601,0.84721295233084,0.844703041448248,0.854796010732206,0.854717546048659,0.858354801530066,0.848832170962029,0.848968717269126,0.8497478995853,0.852594021427214,0.860508520573568,0.862422562976905,0.862553353975456,0.862454459669368,0.861256354376568,0.854461316403066,0.845470246318839,0.844385756036453,0.847083931595114,0.845992533386589,0.834530606887387,0.835073712727964,0.845773276559794,0.855371293005051,0.854213262543051,0.867844217753611,0.874749149249643,0.874545264268596,0.876823550639461,0.877565545618316,0.883319163543661,0.880179334798184,0.899284433608367,0.90275047144555,0.900462011554746,0.936057883656704,0.934921800895777,0.955471594454404,0.954833975901056,0.946422111330486,0.928670685170246,0.929441369923126,0.927741626676854,0.910223849751274,0.91018875430914,0.904342465387144,0.900378568356204,0.89626037052594,0.895799132888705,0.888136897572947,0.890229575514993,0.890735646058848,0.898067164475414,0.893209335177505,0.891489668879666,0.882437244417045,0.877181381844319,0.878938529532466,0.874803810126368,0.890230556627068,0.920226034154296,0.918046105929165,0.909390979695452,0.935609047036114,0.949035729622084,0.94941061987799,0.952638717490164,0.965334604310761,0.96610542250357,0.964086461582689,0.963346952187306,0.962655708326758
6,26,0.988798838168065,0.989438794034677,0.974302707969951,0.9694370604297,0.987873378846182,0.987873378846182,1.00766810924012,1.01450256492314,1.01540649747727,1.0238001817521,1.01426941067682,1.01342620639891,1.01432507142715,1.01745419570119,1.00417802245289,1.0006125527031,0.999846543478082,0.989272935124493,0.987513550349989,0.980574917999599,0.980415818531429,0.962821363383961,0.961879827638474,0.964170776077795,0.973235119122485,0.971185295628237,0.992503008252312,1.01078369743255,1.01133214704606,1.00383651919988,1.00957635018995,1.01045318750064,1.01311565670488,0.993593118333427,0.985872291548586,0.983419460521913,0.9778671580644,0.980072035299115,0.974929662067024,0.968702426781731,0.958517427553129,0.954805797284213,0.956190269238782,0.952623378663194,0.95038078176465,0.950239298594577,0.947855847400262,0.937127781333704,0.939400253489736,0.938722943614215,0.940310774311829,0.954400748905185,0.949985993493087,0.966447482966913,0.960385276829319,0.958835275395684,0.963742808703378,0.953448995674913,0.95475716161103,0.953482148748234,0.956374561476487,0.950398793185115,0.951007986334954,0.950010868530354,0.937045471002994,0.938021023923598,0.938831965340043,0.933446849562529,0.93409726334986,0.935658806062552,0.925263190803501,0.922787629483276,0.916440664199792,0.921676123161364,0.927542275073384,0.94669725096251,0.948990295627236,0.951384618940765,0.957455814853392,0.952745241490357,0.946042353389507,0.948622973201841,0.951616312347741,0.939040649859001,0.932260293922523,0.938867179177106,0.939461313542222,0.937216613002679,0.959117224376596,0.958423776029038,0.96762169128833,0.971444969628148,0.971444969628148,0.965554210179468,0.95516490545811,0.949109968344742,0.950252742573616,0.950372186879239,0.94125046348939,0.941452608615962,0.937937564932984,0.939887724208957,0.937658157596861,0.935726372326687,0.939859451561837,0.94312249779413,0.939543650590337,0.935027253008256,0.9380017622101,0.935744023735471,0.941785945569739,0.947997949758399,0.907864439508527,0.907864439508527,0.929746474564789,0.91455296986241,0.913524979033477,0.934951901389512,0.942938837557274
6,27,0.96239878657071,0.979590994875223,1.01286047210689,1.01286047210689,1.02593762933564,1.02884780442621,1.03144337336134,1.03144372358792,1.0209482842919,1.00685224493372,1.00622003512671,0.996598487422993,0.984703984501505,0.990912830835392,0.991190255089032,0.983427510073012,0.977372552011411,0.976749246906269,0.979641312437217,0.977980369799971,0.9792477684976,0.988133852730775,0.982558684938804,1.00042903701047,0.994257793369071,1.00316144853095,1.0178015888013,1.02220200281083,1.02666356351582,1.02360531007631,1.02424452957701,1.02218719577049,1.01536188898371,1.00144230219746,1.00144230219746,0.989727397690575,0.959554086705921,0.959554086705921,0.965051913426566,0.962531707761556,0.963551419563474,0.961760755492221,0.96991485020573,0.970698685574052,0.97061394551559,0.962984604827053,0.927171002732336,0.92338812291418,0.927723728353312,0.939800460285881,0.95433056211381,0.95433056211381,0.98025313025064,1.00117082908848,1.00145891747484,1.01701637123656,1.00245328413659,1.00387668163853,1.00403638122692,1.003049176589,1.00906112970658,1.00911842590599,1.00456962339016,1.00001436338037,0.998961255235144,0.991053995558958,0.99035097202873,0.990319659537918,0.978614628043766,0.969761897093135,0.966063424418274,0.966692699517432,0.960503394514952,0.958141469689632,0.958600583610804,0.959730486124644,0.953049675598762,0.953754644250737,0.953514096424143,0.958313623866332,0.964037273993695,0.964275887158753,0.970490729192215,0.978578953212118,0.986457992174558,0.98711038867425,1.00139081412589,1.01938520156903,1.01867589417747,1.04488720410091,1.06129070819637,1.06149971854918,1.07795415177591,1.07384415236926,1.0725545531262,1.05499029736679,1.04302759634691,1.04646419893893,1.04564756283384,1.03247043254299,1.02294698237717,1.02036980553634,1.0122024440812,1.01585881683147,1.00950636071338,1.01033645908766,1.00700245208243,1.00384764904274,1.00301073254272,1.00636732394142,1.00654508945389,1.01626317372333,1.01549117424012,1.01296976061699,1.00865840802893,1.0088370070002,1.02101355687873,1.04423317312656,1.04308993357296
6,28,1.01071514735775,1.00150898842219,0.993004255639106,0.988934744394567,0.992845073852288,0.996824596935434,0.981674787721552,0.986715704502913,0.988108319067329,0.989148151443557,0.991909137447939,1.00265420077799,1.00256542509345,1.01090026747481,1.00537798935813,1.00537798935813,1.00965934435573,1.02134998747524,1.0207258893219,1.0189416733374,1.01890638989049,1.01147078020041,1.01059629023127,1.02961152872121,1.044146782832,1.04340078278052,1.06539468711427,1.09170452284844,1.09312797751564,1.1126199891232,1.11489497950594,1.09970673936235,1.09970738285568,1.09619262752716,1.08655431762176,1.0853008467908,1.06874007510615,1.06536719640609,1.06440386924391,1.05705422305206,1.05863719443762,1.05864738705189,1.05772026604748,1.05082819611352,1.04226334877526,1.03123193773707,1.0223092963333,1.02459653143294,0.9984195929376,0.998548501179564,0.985332623644989,0.981918972237067,0.981918972237067,0.984094985242752,0.989576190185615,0.992257246293694,0.992257246293694,0.984952861137596,0.979301289207753,0.979065821308279,0.991808035301857,0.99427595681827,0.990140188639339,0.98789068766719,0.979982501582061,0.983983822444436,0.97980360854565,0.975136509334942,0.97315533839446,0.97315533839446,0.964932054505526,0.968905384857711,0.969488943258192,0.96815069452968,0.969155940863159,0.961760023347523,0.961760023347523,0.958194516799709,0.963110404246146,0.968701303070933,0.983394780822334,0.987306519586306,0.987188798268684,1.02132961834286,1.03816081311141,1.06463845704151,1.06499271503797,1.08573408337293,1.08085308924557,1.07295881063516,1.10477004231868,1.11201059720236,1.12669735591642,1.13083973509783,1.16882069321742,1.1900557449184,1.1900557449184,1.19856349812659,1.1953670062817,1.19405634990312,1.17666649179939,1.15503563834337,1.15818722794278,1.13077410352303,1.13537037080886,1.14596035256672,1.15171617172597,1.1750619051126,1.19446910456705,1.18576173286964,1.18929067652367,1.17902656830781,1.16407209941983,1.16452526495684,1.14505287283884,1.0498168213594,1.04871678226497,1.03116489787221,1.03299352663359
6,29,0.980606433963466,0.981605094820624,0.977701914558802,0.972737976560072,0.97170006534558,0.970961424198484,0.974125926867808,0.998954063006474,0.999308561819083,1.01337805833022,1.01840594605052,1.01748283662886,1.01173701319277,1.00090387010614,1.00090387010614,1.01554938017313,1.04059455600747,1.02667150413218,1.02667150413218,1.04082332116798,1.03514407247708,1.03514407247708,1.04572764047655,1.05473482669306,1.05588461090429,1.07621317995899,1.08670102414395,1.09293140345312,1.09264901200646,1.08243387971095,1.05004472724132,1.05286152365208,1.04193736853363,1.01068174642861,1.01602465893956,1.01602465893956,1.0026257465098,1.01271346524086,1.01185735804142,1.0167238885556,1.02501880270064,1.02544051669636,1.02160626566226,1.01353277503401,1.01340544914757,1.01239812433805,1.01235662918478,1.00521227606174,1.00688531822539,1.00103485103485,0.993020101979722,0.990773740072082,0.98942832971424,0.998292636450034,1.0131089598864,1.0138721046801,1.02029997317266,1.01767702878241,1.01647581883219,1.02479353069912,1.0163058210188,1.01633284534542,1.00145093032863,0.979240302095204,0.973459568912907,0.972945741522534,0.945233394159011,0.973030027134256,0.972621559211145,0.999493395390363,1.00886948772689,1.00135015165018,1.00062058951888,0.995412096593123,0.997357998865904,0.999033435218546,0.991055563777741,0.968870319585966,0.963287528151733,0.96644035364242,0.959669469682968,0.956714495559097,0.956754760678435,0.96966629577212,0.990003062186402,0.979725105298574,0.997908289284031,0.990173252771336,0.993597257851373,0.993597257851373,0.980889021532006,0.982873134092085,0.979975105206497,0.977199393885903,0.97460357953603,0.978441684832507,0.9678178501658,0.972090761660385,0.973290036755237,0.973406413002214,0.973254966543929,0.980281790916299,0.982416210101621,0.996950179264287,0.996917135999186,0.997738194990691,1.00774086246578,1.00102545794954,0.994191484541846,0.994191484541846,0.989711047886414,0.995806323890854,0.995168093812449,0.987165693682249,0.983626310511558,0.974417381968261,0.976456374025472,0.976741273643177,0.977706326228952
6,30,0.996017439196242,0.999143928406628,0.9878654802138,0.982872598724837,0.982872598724837,0.99109280821415,1.01379855812544,1.01485811819603,1.01729340173462,1.02795464230654,1.01821401754479,1.01821401754479,1.00544997569827,0.995375161326575,0.996069246482211,0.989500178724144,0.987270838026234,0.988525344808087,0.987611646001779,0.973692987334351,0.972192037422103,0.972192037422103,0.979178160258664,0.98696674944941,0.987124874683395,1.00110642800397,1.01080290915009,1.01080290915009,1.01231900869296,0.993218132482537,0.988581475568042,0.989174576932876,0.985563896507518,0.98234796541613,0.981551150825346,0.984231486524136,0.983702754933927,0.983702754933927,0.978347380222428,0.981982715028433,0.976779413897679,0.974094153097745,0.976891065051933,0.955357416241375,0.953631579339412,0.953901147202402,0.944745328007523,0.948654153265006,0.948654153265006,0.942043217286189,0.958935893390384,0.958611985533086,0.973452111996448,0.980216926628896,0.977035863561425,0.977035863561425,0.975000040556058,0.970334909085347,0.96584172378411,0.968426618181742,0.960475668458957,0.960784913742295,0.963408670921357,0.967657669420617,0.959327347277076,0.959259907571384,0.961402707903238,0.957855092209332,0.95680130291847,0.956158643189909,0.961756861551804,0.963043568413403,0.955753570170626,0.958723300674654,0.962535739176338,0.961487521143855,0.96643332939882,0.976688046591052,0.977013335944344,0.99163606602591,0.991769158034679,0.991769158034679,0.997749150888643,0.997997551148104,0.994071388474113,0.994071388474113,0.991139577718162,0.989223729473901,0.986695599200003,0.983557656990142,0.980813006528627,0.980759499409914,0.977652108542464,0.966998965624874,0.959910443678711,0.960423494300657,0.964280585979386,0.975315007407975,0.979406780101679,0.989487925625184,0.99573937946748,0.995301890160388,0.995419511647551,0.991980894413224,0.984461410045111,0.982649965959506,0.988219618228273,0.988354485400484,0.986239923803479,0.983153022442974,0.984868046320259,0.984440156627507,0.984734861290552,1.00055809598625,1.00407839303184,1.00303170027923,1.00741057190318,1.00061723573554,0.980164202968052
6,31,1.05521830721619,1.05644040362054,1.03641099353378,0.980417529793572,0.979815460281154,0.988445742398872,0.997612963398099,0.999637054110535,0.994323745812852,0.998554212876431,0.997823127544299,0.99446258440056,0.990781745832858,0.99003319498203,0.990038342287949,0.991793176958809,0.990929072598008,0.983631171176733,0.983631171176733,0.979879468268188,0.977375294015019,0.976831402417539,0.977856065572676,0.979427053899778,0.974727363742886,0.987448466974865,1.00845393125406,1.02055157492107,1.02055157492107,1.02819140757009,1.02219366236981,1.01698516200115,1.01027886160962,1.00761107564436,1.00705990582962,0.996683397936535,0.994587900132101,0.99180906664593,0.991969905432532,0.993167334929332,0.985077712713827,0.983361584619067,0.972425267059459,0.962911141605631,0.962908832114331,0.977496660277273,0.977418400853862,0.978359125657685,0.978791896648936,0.979469721618612,0.979954591132091,0.97924142547469,0.992123783528621,0.990312013380843,0.988059591480795,0.98772102653426,0.9958730250852,1.00045571440993,1.00107727942184,1.00585116871795,1.01174667289153,1.00779149356502,1.00926997401649,0.978509879960214,0.967206426948752,0.965425389728878,0.970841089361412,0.961452970711404,0.96113928268387,0.985403515374602,0.978605275898302,0.978605275898302,0.991113251371325,1.01382856514962,1.02241249629762,1.02062258296043,1.02389608395785,1.01945040100915,1.01952545258333,1.0071294643174,1.00305308511815,0.999045488845292,0.997321033006631,0.994515107062735,1.00300182457804,1.00092453644993,1.0016992675097,0.996349134079821,1.00180089321236,1.00005189758783,1.00039707592842,0.967594414568165,0.967331122008993,0.957272593312767,0.971413719959529,0.969670586086282,0.98950431104398,1.01232022824823,1.00953702587613,1.02348677875016,1.02238163624162,1.01088422839442,1.01098646411153,1.00240254645194,0.9973191079236,0.9973191079236,0.992546930010587,0.992547781357574,0.991268115473234,0.984421470684864,0.976017289335123,0.983917566866829,0.978779598990136,0.979497273701835,0.978954084189821,0.978458548334526,0.981004527360052,0.981722253831235,0.982897422149608
6,32,1.02023662632574,1.01761094199998,1.02045053859023,1.01847104411562,1.01806444314597,1.00763780839732,1.00763780839732,1.01028556796231,1.00245670620494,1.00108042535072,0.991067374645486,0.998210292575405,1.00996697099708,1.00996697099708,0.96642533957946,0.971114185058544,0.971987480554379,0.98163158644503,0.975697888657385,0.975914934895171,0.982285778688291,0.976465908259183,0.973648986676496,0.975788788529833,0.976573453707111,0.988506613038374,0.98606134741438,0.989024997439408,0.98947144260679,0.988587811283901,0.988587811283901,0.980885163476177,0.979812791943532,0.973101828161774,0.936937952921351,0.939737487986997,0.939956213896376,0.933245732385096,0.942136553672099,0.958125706065316,0.958125706065316,0.961823415875993,0.960683462030138,0.961838670570848,0.95533512235651,0.953470700167894,0.957970348734382,0.959181029612526,0.953219923611356,0.941452620593513,0.939431345533871,0.959485655459645,0.957679100425326,0.955320935671791,0.966068880074331,0.983123709544457,0.974756073729615,0.974756073729615,0.966045369906535,0.95402672538352,0.953505198952254,0.957382105320591,0.947958442378094,0.947958442378094,0.947346187911932,0.947874437883633,0.945400116191823,0.945551966785052,0.942383998369117,0.937251982925415,0.935746426420268,0.946728518442007,0.959580359126999,0.959580359126999,0.969900662845728,0.994001375297522,1.0089899622804,1.00798145265497,1.00817375561032,1.00656027274844,1.00512641547766,1.00277897268271,0.987174451337196,0.968025879333911,0.967812207856125,0.965578189714128,0.966244167390908,0.961783387756685,0.955602793306455,0.965023395774253,0.969518274425289,0.975290241307756,0.971614864709245,0.962675073499725,0.962675073499725,0.956181703822414,0.952992901113736,0.952432936387358,0.944107266729408,0.947231311601597,0.944386933718406,0.944404611242592,0.942218602315704,0.934460910982385,0.934803330635987,0.928273630812628,0.928514387720105,0.925347944401536,0.896312348351934,0.915754352784979,0.932070160799611,0.932070160799611,0.934973870697393,0.937010881692103,0.937310982365332,0.931654701521141,0.929601392925073,0.929997265355157,0.923235269970015
6,33,1.02726492865695,1.02726492865695,1.01874784584559,1.02266354236113,1.02244649491382,1.01550626355747,1.01241188401849,1.01231221301714,1.00909500850194,1.0008223420079,0.993831893580936,0.998517035803942,0.987934911868666,0.981888994558542,0.977014539425117,0.983229112023764,0.974831979657344,0.967135353749945,0.967080727794358,0.972103358798076,0.979428177847083,0.980662079710816,0.999971224411637,1.013571520674,1.00989833742914,1.02062466144766,1.03577156544709,1.05060961964132,1.05182062382345,1.05018631391867,1.03685196899464,1.03685196899464,1.02152439893363,1.01247012436326,1.00699286358664,1.00057394773457,0.987903820759705,0.985383030552029,0.985457043471575,0.945368338436395,0.932912697272047,0.925412859212207,0.92408639452839,0.929502762763303,0.895542124336006,0.897465827995078,0.876667899192175,0.879522897700113,0.879522897700113,0.888485216685216,0.908637710673416,0.926130733253497,0.927146425462452,0.930455866292978,0.933056109218361,0.933326041494362,0.933680902437834,0.940779221970212,0.932172182449806,0.936680176156581,0.933484008077561,0.934638720058755,0.933205709610212,0.939593248684875,0.935943633409705,0.933283924929648,0.933573029991843,0.936166030665618,0.93731653044392,0.927535824361881,0.935677208584786,0.914309820187138,0.911211183886398,0.91254082689414,0.920540812522941,0.919563194400348,0.941111055776006,0.93732939926148,0.930588300321999,0.924590565302351,0.926023105601593,0.926437337614951,0.927513298650365,0.92249919170592,0.920401948204793,0.919207465229089,0.923974134631844,0.925301465012774,0.930417020419307,0.930417020419307,0.930852000970734,0.926064682335934,0.924457750175362,0.93028923413212,0.935913521309881,0.933519653799832,0.932224655946753,0.914502280632124,0.914502280632124,0.912349432620415,0.903934927927277,0.909434421276658,0.910346278660962,0.917320891078338,0.914658720213212,0.912341247536203,0.913782153146929,0.908998668773017,0.892791558741877,0.890064069013362,0.893698943985567,0.890115764717068,0.893307422163645,0.877112011306556,0.876336101827544,0.872074387545581,0.869823481458372,0.891615136023988,0.910743038575242
6,34,0.998763590199737,1.00170680710302,0.997217483906558,1.00166025803946,1.00166025803946,0.989975704697952,0.991828260138551,0.989238957719036,0.987734221876659,0.975219880438526,0.980023375491221,0.982482642557932,0.985342982768994,0.997226544874316,1.01516346831487,1.01614684137397,1.02535770143675,1.03140784493908,1.03184317608391,1.04753198394676,1.03966394155914,1.04034265650129,1.03983500772516,1.03651417594371,1.04779116279472,1.04845145884026,1.08182178404589,1.11902010374999,1.1148575775661,1.11931380638333,1.11743771726969,1.11705285003583,1.09561638635329,1.07363968204505,1.06895111815543,1.07183034439055,1.07346542734465,1.07374387219711,1.07197998578631,1.06814383438228,1.05852512018421,1.05859819029954,1.05693079630786,1.05767667938138,1.04098866155274,1.03907758163861,1.00520038794193,0.98574075293482,0.98574075293482,0.971120217180482,0.978942464462139,0.989178710007327,0.988546262144828,0.990476823662389,1.00580758008953,1.00723157399089,1.01929117953917,1.02079286334677,1.0115235512533,1.01149718936274,1.00907549113204,0.99718303491062,0.998880348859276,1.02332835927516,1.01642468925868,1.0166167102809,1.04812843894905,1.07807058213539,1.07807047470421,1.10449109532962,1.10389776658168,1.12095534616831,1.11998467347182,1.13241725318679,1.12002737688423,1.12111480552896,1.1149054207225,1.11704688576747,1.12525266037718,1.12426809090459,1.11028740864302,1.10622467824301,1.10690787162689,1.09808274712878,1.10194726543025,1.09678924833032,1.09759258997623,1.08572324610468,1.08405933021673,1.08405933021673,1.08355846041685,1.08495732366142,1.08334124351996,1.07818079671991,1.07127071212723,1.06060193915386,1.060608422118,1.06615192918306,1.06533875378339,1.06495806065141,1.0683165766439,1.069822043504,1.06668340738774,1.05698256673642,1.04506753258751,1.05426425464935,1.05404287529586,1.04089745567088,1.01191621221687,1.01191621221687,1.0098754392211,1.01071193725414,1.00914986164392,1.02678114220612,1.04785192826671,1.04126776633827,1.04117672075422,1.03925284669237,1.03744436560124
6,35,1.01879329691885,1.01879329691885,1.01755122070338,1.01641801530496,1.00662972448676,1.0063111326938,0.995472268850103,0.983445858468645,0.983445486908674,0.975743516157069,0.976039238275837,0.976028634059032,0.988340038831503,1.00267891226293,1.00867464167038,1.00321486094762,1.00822598756766,1.00524251391866,1.0089513550553,1.00312300397778,0.992873612257503,0.99418901699664,0.978802771749137,0.956641000358912,0.960040722870489,0.960470255094211,0.964812513528298,0.97441689045942,0.97567717998261,0.971799768682957,0.959868889703669,0.959939147335234,0.952495197869417,0.959189668435289,0.954325722615832,0.954325722615832,0.953397566487596,0.93059345575726,0.930413619654457,0.930521193039633,0.926625952469372,0.925518076927471,0.926035475694708,0.934316462054065,0.931958929533283,0.931958929533283,0.936680235706032,0.901381727726372,0.915584556064576,0.915393309455331,0.923457183774131,0.926560941639358,0.926950998933937,0.922107909448497,0.922408223985631,0.924768816349074,0.92731916836673,0.924539913440979,0.928338469337001,0.928549600381171,0.93043435829863,0.931904695700905,0.930876186438422,0.932585444210633,0.929917463060538,0.928485843395763,0.931276026780682,0.929329744554112,0.928207458154044,0.928207458154044,0.931707298575354,0.938457058229446,0.935229428031294,0.948820774677653,0.948118910758111,0.949576204439459,0.938331938079538,0.933992357796937,0.950554602925759,0.946988628138441,0.959690793155129,0.96952068949258,0.966334730496558,0.978123153650838,0.981583111053744,0.975168579037861,0.975495824795682,0.972983440088553,0.958777282950112,0.966260772562048,0.9598909650109,0.953127714394341,0.954676255017992,0.954926718631986,0.951511191352923,0.950236255222805,0.949364447779985,0.945362164302949,0.943673092742165,0.943673092742165,0.940050231730394,0.937023165018522,0.936676809853944,0.94220818648919,0.936615037078899,0.923887342952732,0.924513634487813,0.923158034646024,0.964625329547121,0.964109284424796,0.993152540757422,0.989731425035546,0.985717499203109,0.986481962801436,0.977331638897967,0.974036878121534,0.974036878121534,0.966286573481881,0.967231617801998
6,36,1.01714407471239,1.01903679256629,1.00935622959638,0.998238442244216,0.999067255965865,0.985354266972041,0.984275787917567,0.98191873418758,0.999365705408816,1.01380621498642,1.01384511610862,1.01384511610862,1.01992961549179,1.01034197180036,1.00647999366139,0.997407435121842,0.980819223029476,0.981680045294078,0.968087978826262,0.961166420298302,0.962291913903597,0.969874535204276,0.979607472284271,0.98759317271492,0.98759317271492,0.978540792843385,0.993710594432895,0.994081940121618,0.999606610139474,0.998628469392124,0.994815879663612,0.994237059098604,0.994309749736445,0.982634726670304,0.985906762315783,0.977104214837918,0.971181806230429,0.971181806230429,0.964475079878132,0.956824470721392,0.964972613585342,0.965537755806858,0.96051641927347,0.953565578488534,0.955045515616507,0.949319997938215,0.952255661276878,0.94853098064035,0.949228706192599,0.95011758784595,0.947810411142917,0.955806136133092,0.953469315781035,0.958742047856732,0.958742047856732,0.959127027073099,0.964372962762061,0.963102893612543,0.963102893612543,0.960399799547505,0.962790991767398,0.963844149039625,0.960031638944706,0.954537029282045,0.957524773580516,0.956439933916534,0.953604230041675,0.95073747575556,0.950246651189611,0.955620427522819,0.954147976934779,0.956517202336536,0.955776630076658,0.957602238501973,0.954266903960402,0.954330335908553,0.954555501181193,0.955944148523206,0.959500666374948,0.960092105955584,0.962406719499778,0.970890105443023,0.962306980592999,0.963106130880163,0.964054230609884,0.964116646589405,0.959621141730219,0.954353375926008,0.957272792136626,0.944465624342083,0.953827628624716,0.953827628624716,0.97541484390373,1.00769968091592,1.01588780657043,1.01708003390215,1.00566110463294,1.00334711736624,1.00334711736624,1.01639305698689,1.01952361230731,1.01874421417935,1.04086650999702,1.05698744229846,1.06760369661872,1.06760369661872,1.06604937167747,1.05852516548815,1.05979865462604,1.04889881606509,1.04381793831629,1.03440301543457,1.03469803477337,1.01157325254771,0.992437645856095,0.992504576370395,0.974743608805452,0.984243418648218,0.988436590200369
6,37,1.00197737101971,0.998346416086392,0.999062027080895,1.00411686233159,1.00452121056298,1.00367201614907,0.990675151309279,0.980997309127849,0.978012075715128,0.984757833345632,0.96389752635974,0.999224454456142,0.999224454456142,1.0190743939382,1.01674659312271,1.02009073443497,1.01936602699,1.01039333757075,1.00584420594282,1.00584737920487,1.00372810402804,0.996467957231784,0.996097482600531,0.984899825845861,0.978181331922256,0.983635109935966,0.987491664548408,0.998969067197972,0.990052168735347,0.989394865799886,0.982841345026207,0.986242927455053,0.986563164342567,0.988844197389063,0.987034441147142,0.987034441147142,0.988220816423614,0.994094207758341,0.988753325750559,0.988753325750559,0.981871336538655,0.984590012394208,0.981515029149769,0.976324555444524,0.969155892741353,0.972196811399571,0.972080438049808,0.967494181787932,0.98080483643521,0.980502056904278,0.993525604642091,0.996758902732831,0.997190167238973,1.00440970674229,1.00265718096107,1.00382122802416,1.00382122802416,1.00011212638607,0.996163401486711,0.995837460769946,0.990649158616365,0.98561420295985,0.991927163529907,0.986857265465245,0.976723217326102,0.986318819457814,0.986641210179468,0.974320067394992,0.974120343813386,0.974078769486119,0.978579560639979,0.977084632964696,0.976663972410595,0.98767539595434,0.997908991510849,0.997624579533659,1.0032793972483,1.00292532254638,1.00180374972354,1.00180374972354,0.994971159937595,0.989373058913521,0.988797594789002,0.988797594789002,0.985272925480597,0.985023316385113,0.985933137827381,0.979545712168873,0.980558700385885,0.983131870380851,0.983131870380851,0.990554691840947,0.988391751504658,0.987279353364854,0.988924841547931,0.987268888160476,0.989487338517374,0.977840338617237,0.977771790653787,0.979600120214559,0.996730330697432,1.01872257450225,1.03589254690884,1.03636472521327,1.03829828736319,1.0340667175961,1.03479341369858,1.03031788123525,1.02565799258181,1.01406832588596,1.00985800799959,1.00821837195378,1.00625244756448,1.00625155223737,1.00375843842469,0.999217649793754,1.00006245481039,0.998649234912581,1.00205318038623
6,38,1.01255552238466,1.00490900202417,1.00299357598026,0.992318951160225,1.00637760983432,1.00847416179232,1.00547626555811,1.01117415001117,0.983498794714257,0.983498794714257,1.00027828603294,1.00978169790875,1.00130460249337,1.00130460249337,0.994957773845424,0.991070659122168,0.991928198583939,1.00101666382756,0.997080687518715,0.994159071936859,0.997035359245857,0.980453890798699,0.973741556450019,0.973171228971294,0.970499546322089,0.990693935121956,0.991091112817543,1.01897544401002,1.01914789983819,1.0185860876708,1.00582335944446,1.01401055359593,1.00473445171027,1.01113533188601,1.00717458345667,1.0022523006466,0.995728835360947,0.989105396235106,0.98855514589251,0.98855514589251,0.991896242981861,0.989818480724689,0.986509054776058,0.982855016319549,0.982214219251463,0.988384129646044,0.991330884077816,1.00306893695612,1.00643020280819,1.00779130100909,1.0095816561929,1.0170088606134,1.01662056167708,1.01325124929173,1.02467720491329,1.00977328130862,1.00400876539746,1.00767603357995,1.01115448193839,1.0022445829797,1.0025189275084,1.00621547957235,1.0115669755891,1.00800015516556,1.00609238785204,1.00526568661642,0.997410332264452,0.997957433275662,0.993672431091625,0.998147343058744,0.997610593268309,0.992155008271521,0.98672270679816,0.98672270679816,0.982433282086896,0.985569139037635,0.990113161671763,0.990321190112757,0.988573588850161,0.987316585572985,0.987316585572985,0.988112965468386,0.998833927515747,0.9988338770568,1.00952622100477,1.00581649111433,1.02707167922545,1.02670089505288,1.00437720922388,0.980390040150449,0.98214735302906,0.967902052204349,0.982963918984387,0.9895756803774,0.989254603714378,0.97926451678888,0.975999088715802,0.975999088715802,0.983369923747855,0.979308131630743,0.977515686356251,0.971872973796417,0.971015551074993,0.970582744158857,0.966997349355808,0.962093880532612,0.961383406845732,0.961347926141562,0.9605014399832,0.96210614116307,0.961967820822451,0.965551661372133,0.96443736144095,0.976378616379688,0.978028101713393,1.00018591965626,1.00092660663786,1.00093945707681,0.998457155444423
6,39,0.98274113428582,0.982628958113243,1.00767811047546,1.01647379463977,1.02032340031963,1.01690092057587,1.0154060817441,1.00966987203196,1.00341678868115,1.00288818502335,0.998874354036233,0.998548779286453,0.996955597101435,0.992442655377121,0.991584044970116,0.994351065061168,0.990302008131237,0.989283071299634,0.989531178846261,0.987629843646286,0.974533887492512,0.97435022935536,0.978337299346009,0.989252768821601,0.990815124429373,1.00644844083084,1.02142572807922,1.02765636690071,1.02699330762701,1.00699152932239,0.999264830873422,1.00025572373111,0.989299521334305,0.984363951642873,0.998284230543567,0.993860188144538,0.991185287579942,0.991424266982704,0.991249423233606,0.980319573790761,0.977095074062664,0.978234120671812,0.975794018915628,0.975299970534876,0.972334935327831,0.973064678939899,0.969989386565685,0.978192233537174,0.978052596606973,0.970412764367602,0.963934993625431,0.976415703278638,0.97652281360391,0.997915426360379,1.00810346502559,1.01017102023876,1.01761839149196,1.01707304646788,1.02079176568408,1.01576179227033,1.00956696955345,1.01233613674722,0.978273554127838,0.967960181111603,0.96671340621336,0.96671340621336,0.967406299372791,0.972766114706992,0.975854384582086,0.977339282935823,0.975512582981976,0.982948432070726,0.983538573731515,0.975234156516419,0.976374518610016,0.976374518610016,0.973564864225159,0.959838019369399,0.965746712763628,0.964203719593887,0.972399221505374,0.977541128799615,0.977541128799615,0.995131842600674,1.00264694263651,1.0002044829958,0.996511146215273,0.973963471018975,0.942862346801356,0.942866757762497,0.922385795063839,0.914829395086519,0.914892770098131,0.933340928866276,0.946246865994083,0.946514282529532,0.9563382630526,0.962544325519959,0.961031856806787,0.961031856806787,0.955390480198671,0.954928238811618,0.950671329903723,0.95173029888751,0.946967603408108,0.947007333211396,0.95100368051954,0.948456704672467,0.947873869105653,0.950432059272606,0.945218573957389,0.949359120892252,0.949359120892252,0.950531527071746,0.951640570287616,0.947988238047329,0.947988238047329,0.948041925160691,0.943433794939867
6,40,1.02405693236516,1.03017178942706,1.0291266642296,1.01837151173145,1.01963209927188,1.02015206813164,1.01654862463476,1.00573994566091,1.01170279388557,1.00662442659768,1.01402022919802,1.00629664005643,1.00546804526493,1.00128880904868,0.952947677849682,0.936768959372341,0.959797512568729,0.970642635352734,0.970642635352734,0.986707772241053,1.00253584071381,1.00428814405857,1.00473271062011,1.00907638888781,1.01404688238888,1.01404688238888,1.02196388204131,1.03973765385963,1.03976336358334,1.04024162014399,1.03057492121314,1.02678711899963,1.02730280915274,1.01646178691572,1.01158090655956,1.01436995428036,1.01281202050161,1.01476851654802,1.00802653433204,1.00685628721351,0.98819225941778,0.990124296880566,0.988721550992773,0.995125745693715,0.997426965822796,1.00045279218203,0.999238691189857,1.00115978988594,0.999008215558197,0.99868256543321,1.0005351725488,0.997370122066395,0.996287888585775,0.999920348661336,1.00666431410769,1.01274149735283,1.01297672524785,1.01763436703912,1.01338701622091,1.01087041253919,1.00966629056362,0.999111451968375,1.0007283431055,1.0046988196937,0.991873446955322,0.990891834412347,0.990891834412347,0.994370038521487,0.982789293289472,0.983108599771201,0.99019895010668,0.986212716799407,0.985816164167419,0.997907629706821,0.995565540825674,0.99538245409073,0.995536066450586,0.990183115790599,0.999295599221408,0.998960994073498,0.975620068574435,0.997640723961296,1.01185861008187,1.01185896286725,1.01477877132681,1.02899760913516,1.02909174985677,1.04953931149985,1.05558495040046,1.0558253943509,1.07135027661695,1.06239123263218,1.0562184013824,1.05717148046212,1.04947500828608,1.0439644166657,1.0438746582053,1.0330801069786,1.02829633370533,1.01889562849321,1.01651450517048,1.01736083851775,1.01300564065029,1.01428851357977,1.01445304380818,1.01396273254715,1.01443832394999,1.01431300311795,1.00887719742725,1.02667831951064,1.02625960877932,1.04547649420189,1.06313345836089,1.06411396694203,1.08047143130877,1.08740162424055,1.08714655332963,1.09079363761295,1.08702828703558
7,11,1.01024969792048,1.00668151772554,1.00313814954044,1.00158143842358,0.993345514827715,0.991294006703319,0.991294006703319,0.987151066748324,1.00311318509902,1.00301211643872,1.00208114709485,1.00223792344035,1.0027474144371,1.00320851449366,1.0035359704784,0.999185843143748,0.998872150339304,0.992491382677319,1.00477895376481,1.00968742170529,1.02370851021801,1.03786632792724,1.04716240925762,1.04830859489415,1.04039238070818,1.03977690534308,1.03981105049478,1.04222206897645,1.03990548289768,1.03752150978064,1.03323743109077,1.02602270607186,1.02186176086117,1.02230578282316,1.02209320223655,1.0277697568414,1.02423215100775,1.02407650490756,1.01847098645453,1.00586385821047,1.00494168924436,0.998635726447595,0.997580443105602,0.997967568090339,1.00013089369855,0.999381646410215,1.00678772162522,1.00799283340906,0.984064773350804,1.01901708453876,1.01499402579045,1.02616180224516,1.0236368602382,1.0236368602382,1.01229500726144,1.00645168302055,1.00696057413361,1.00395166310968,0.999839224131854,0.995297488742741,0.9954295894895,0.996789278122519,0.99536442319396,0.999876456211949,0.994752991360287,0.994007473879907,0.9900027421148,0.993660412973066,0.989296493682756,0.991952771783172,0.992515919344111,0.99719598758138,1.00214396025077,1.00244566106749,1.00095551641574,1.01074084115881,1.01010687381185,1.00757251494293,1.0088174602799,0.998321792476255,0.998115875289483,1.00968892751379,1.0069399393762,1.00766866309808,1.01423590224332,0.99945584497027,1.00406627904221,1.00406627904221,1.00416289689794,1.01065250389929,1.01066099257674,1.02286420473619,1.03099388938941,1.02408644678549,1.02408644678549,1.01541901901097,1.02452493979652,1.02521327966957,1.020247005796,1.02063231715197,1.01999802013212,1.01412844661133,1.01720716236585,1.00933118126262,1.01224587526363,1.01921658994072,1.01694177068119,1.02162420202407,1.020945381501,1.01725314058894,1.01210531987636,1.01369044568624,1.00908137841106,1.0117082449066,1.0117082449066,1.00278223997151,0.997204588921356,0.99761766323372,1.00618887146423
7,12,0.968701390853255,0.969693049312055,0.984268746823399,0.997888995936503,0.999029212057804,1.00903999683844,1.00773093872324,1.00322692214851,1.00318976599399,1.01846730149961,1.01611566762137,1.01611566762137,1.01279220108171,0.995252707918134,0.993949404804806,1.00459472069139,1.00283822849113,1.00283822849113,0.994266853092147,0.984536141961664,0.986195046288739,0.986612978667402,0.982616058132622,0.977119069604035,0.976974519332333,0.976404323930247,0.983563661647289,0.990079942133449,0.990079942133449,0.98479733759276,0.980801585783465,0.979737321075967,0.98025573511738,0.985535012479757,0.986673325716284,0.978600410339223,0.980172957421517,0.978633506718932,0.97988602518621,0.979033379207966,0.980873810182283,0.981818982080915,0.972811612772287,0.969197652926591,0.983914196818747,0.983914196818747,0.979181838499977,0.974036509872909,0.974468558657003,0.974113797422025,0.968745514636071,0.969068436704957,0.973339424495259,0.972954425657768,0.972940310831475,0.965775959652551,0.969649635588511,0.974308069751261,0.974308069751261,0.975342230355256,0.980520392481386,0.982708232945775,0.984413367257968,0.98378578042115,0.983607555569697,0.983607555569697,0.980460987662823,0.986955757151375,0.98752410599832,0.985455497239264,0.987499476896137,0.980456998210309,0.98131274150454,0.976646575199317,0.979469984170836,0.979498585024837,0.979199037674328,0.977438432763594,0.979018898555827,0.974259331698145,0.983143778703984,0.989489412892855,0.989471611713954,0.988541381501515,1.00763476775607,1.00718309862901,1.01479468588598,1.0268377062328,1.0268377062328,1.02422271484152,1.02155846643803,1.02241896201065,1.02006120030304,1.0211081633488,1.02593491677585,1.02554197341531,1.02557444581589,1.0214410346101,1.02641592797314,1.02070764780017,1.01901277829592,1.01068361144781,1.01068361144781,1.00747473140252,1.00512175326132,1.00439916532992,1.00915287120268,1.00296197105411,1.00220303117466,1.00220303117466,0.994530164912623,0.984979667254816,0.984038182946135,0.984291433194684,1.00152616200152,1.01108278811615,1.01605014557907,1.00846452532412,1.01036920783635
7,13,0.993328802963448,0.994509100564198,0.993452807286282,0.986809393268339,0.995053958735515,0.996643304704751,0.998783149191493,0.991440729220497,0.995115618486795,1.00148952718468,1.0091809875804,1.01110684401449,1.01141897120258,1.01272523784897,1.0224362595972,1.02217765758877,0.988261409183575,0.979616431969274,0.996449809408742,0.995896667638391,1.00256937674616,1.00547595798818,1.00540085235449,1.00449298276969,1.02074491902845,1.02403083804922,1.02350397873123,1.0226542962189,1.01757761150485,1.01768338547168,1.0071902959583,0.994650101310833,0.972376548275457,0.972364547113051,0.976096599209015,0.962383106463142,0.962479664370443,0.972776839287029,0.989526842903611,0.99057159060803,0.977033584601843,0.98953774350652,0.989654121798924,0.989748679078137,0.973233439366838,0.970756312271815,0.971824932294237,0.975608975652397,0.988027918573127,0.988027918573127,NaN,NaN,NaN,NaN,NaN,NaN,NaN,NaN,NaN,NaN,NaN,NaN,NaN,NaN,NaN,NaN,NaN,NaN,NaN,NaN,NaN,NaN,NaN,NaN,NaN,NaN,NaN,NaN,NaN,NaN,NaN,NaN,0.982481993324776,0.98238092386995,0.985956635998333,0.974967640380191,0.975253436354191,0.974005366983014,0.997210231940683,1.01002513796864,1.00587634990096,1.01869335775271,1.01059371940963,1.01052555711386,1.00641982498379,1.01083157141251,1.00071351775202,1.00056591214993,0.992343385367788,0.991664843625098,0.991545424020111,0.992606393741947,0.989997241831024,0.990737775457851,0.973411980307724,0.96881360434509,0.960741187284713,0.961685791625402,0.982136019082779,0.972926237709024,0.977995511816215,0.994480287454528,1.02824591650054,1.03812363105896,1.03829670300708,1.02581185938942,1.02306994818247,1.01318351617599,NaN
7,14,1.01471769732869,1.0025669955977,1.00264817145859,1.00178454181586,0.993734369729402,0.995117065225946,0.996168866757329,0.992213401803259,0.993076092668974,0.990931943203453,0.989106769132955,0.986468729252231,0.990958103163117,0.989659712107132,1.00591770105902,1.01139359491612,1.01139359491612,1.01533886933646,1.01680378052765,1.01604445388858,1.0023480580625,0.995658411364758,0.995658411364758,0.982665946053486,0.99033570799926,0.996953052731075,0.996934835011038,1.00824190477352,1.0307506781648,1.03019405965127,1.02552236243882,1.04117171791277,1.03362727617793,1.03606176255829,1.04301083714928,0.997621447163678,0.978994208916805,0.960183888361711,0.956926571758182,0.956555403946111,0.966378782445959,0.970324410756915,0.992658745134384,0.992658745134384,0.99783966265892,1.00211714357398,1.00258364276068,0.996033192187641,0.984725866144489,0.985373259215366,0.977980870906958,0.964801373610812,0.974402941369231,0.974402941369231,0.969426895374665,0.965335758618832,0.965129534075744,0.966865062906856,0.965092765333067,0.965092765333067,0.960926154277345,0.95164650935323,0.950304220158405,0.94936827157007,0.957838614891116,0.960461861455627,0.960159924692977,0.956827386442787,0.959170262828156,0.955109748029553,0.955109748029553,0.958557269880589,0.956809924349566,0.957239049684271,0.961188565085424,0.953768940039517,0.953751559341462,0.957655392920442,0.952320043727846,0.959500972935026,0.959759932966975,0.959936653862903,0.963001647195062,0.963001647195062,0.976212364234853,0.988897301681159,0.989332450226363,1.01012533045221,1.02322091898259,1.02499213309947,1.02499213309947,1.01753482607533,1.0158303677539,1.01665190235173,1.01540430500699,1.00690733013729,1.00690733013729,1.00804093656769,1.00370189309372,0.99829242594011,0.99829242594011,0.994778622545647,0.990199206401182,0.990707113900656,0.995332455592132,0.993020154002814,0.994383278781689,0.994878053913946,1.00058091225537,0.996495931260041,0.989039833931989,0.986378891914474,0.982518987449377,0.987901311898891,0.987901311898891,0.992165334899307,0.990023191180561,0.991922362981459,0.992935976579699
7,15,1.02710800834645,1.02710800834645,1.03198859563309,1.03361795789122,1.03393142911768,1.01961911127238,1.00659570726375,0.995289056936739,0.995424406768948,0.995401675438834,0.997519981381899,0.997267373006283,0.990138489662608,0.990495976478189,0.989249279871165,0.979104309262141,0.971131251716286,0.959504690802944,0.959504690802944,0.9814911748529,0.995810075497714,0.995254857531522,1.00379597879763,1.00794763399102,1.00865698809153,1.00620656910742,0.999510757067277,1.00209025888392,1.00245917603603,1.00030338459473,0.993860853484157,0.994500974397202,0.991762262305667,0.985702992489029,0.985702992489029,0.979251984749548,0.98083174392094,0.975147913611089,0.975147913611089,0.957808317618906,0.975139721061351,0.974293997058278,0.98321614814305,0.975320621292924,0.977390145595108,0.977390145595108,0.980144416054081,0.982298160691972,0.982532366695966,0.97944781617058,0.973602055742546,0.973495158277506,0.965789808478359,0.962647867135095,0.966332643456804,0.966332643456804,0.967876796602941,0.96972144673909,0.969519007681574,0.970240948356626,0.968056491948013,0.971623376054075,0.971372668232104,0.96981253766262,0.969278381755863,0.969278381755863,0.969880984693693,0.972141060524714,0.972780474361153,0.968487803094524,0.970072060750272,0.971776672866654,0.971897812073945,0.964170546648759,0.976667089352702,0.976817378468133,0.974796068579916,0.975012488193471,0.974567328477003,0.973971365594139,0.974300651427117,0.972120765796245,0.976775591228651,0.977371967650966,0.976485203467597,0.976812359560435,0.974646798813855,0.97508027336536,0.975046672392677,0.976771975021432,0.975772315217432,0.965169319246096,0.964805099306868,0.985997394464622,0.981597700131574,0.981482081042786,1.00247194050775,1.0040620930442,1.00617673167825,1.0070905769549,1.00874289744165,1.00556228916599,1.00615082731128,0.994280732420139,0.991369019650007,0.992575067550841,0.988351561686572,0.989438297013785,0.983105502434402,0.982711062405974,0.939229016541171,0.93107376303959,0.930662076525654,0.921996494107241,0.938669305030098,0.939681193288942,0.941659972702549,0.933643533879447,0.924351557410644
7,16,0.978959117715457,0.979648925817647,0.979648925817647,0.977536307677022,0.977746550401132,0.978134380414935,0.97741548141841,0.972363960814917,0.974643787229082,0.991396564512376,1.00574303108238,1.01360568047315,1.01705541835438,1.02040922063173,1.03401323206402,1.03401323206402,1.03359726973625,1.02726338798816,1.02680552578729,1.02942845783456,1.02451429906594,1.02372519768022,1.02372519768022,1.01382791853611,0.993656999372036,0.995235187936362,1.0006848012892,1.01105196523508,1.01061545013281,1.01763833134876,1.01064340499425,1.00702362809289,1.0072521232224,1.00648136980164,1.01333776636664,1.01383754060658,1.00197924914774,1.00156253886021,0.997603442566759,0.997779240606023,0.994736525286355,0.993415062901651,0.992478518711012,0.990663843468553,0.986508751053007,0.98544614050065,0.989616953136688,0.984487450449256,0.989247907478802,0.986612090845902,0.992985156881315,0.992742521027841,0.99291410153745,0.988493160978465,0.989470594913129,0.989464783999447,0.991909022984697,0.991389029209159,0.989647400963694,0.989540879423231,0.999719585367039,0.991280581990064,0.991280581990064,0.986763804986637,0.986251855312766,0.968919780433553,0.963740975382799,0.951179499321935,0.967948658741734,0.967566409763836,0.944995630800464,0.935990725384335,0.938118330568216,0.9446252137546,0.943841991316688,0.945078724275832,0.945934992767249,0.949561789815996,0.941885511494484,0.941752214146086,0.940595367116383,0.942247656620829,0.945753313635837,0.945753313635837,0.946934307581835,0.944737140843603,0.94554229863762,0.945417650387376,0.951925768182025,0.952327024843907,0.949057755255329,0.944604255720679,0.945231798540748,0.943273493054509,0.946279108867888,0.945593378421523,0.940769990392356,0.939824241406144,0.934020276150939,0.939740922256509,0.935563635154492,0.93751685056068,0.939333597773639,0.941292290035714,0.944828058650879,0.960990526305079,0.960886670332744,0.939772337160027,0.942628246479984,0.946494456296709,0.948202508594177,0.94036026170727,0.934223235282794,0.937223479070443,0.933599780103012,0.933377998872601,0.933377998872601,0.928548656568773,0.932651016626228
7,17,1.00437392972315,1.00602630901527,1.00117574403407,1.01221893958867,1.00914619271208,1.00752454654811,1.00986038080663,1.01782088979352,1.01236231019023,1.01236231019023,1.01599771612769,1.01288757825236,1.00765208773297,1.00513899704465,0.959080327169049,0.974132957827655,0.974829980061932,0.9763486086923,0.981060194489458,0.983751925271981,0.987217023228049,0.982936438555729,0.982936438555729,0.971762007609504,0.98277533836394,0.989073290187969,0.989073224029509,1.00219296852242,1.00871592489336,1.00904415055055,1.01485673126988,1.02363230770461,1.02095681387709,1.02046059922602,1.0200285344901,1.01359047242529,1.01293397432537,1.01009139621766,1.0119845971002,1.01634752154179,1.0148241327058,1.012359972143,1.01030000863709,1.01095779702022,1.01027579813821,0.990241119360519,0.990241119360519,0.973721284360081,0.971706785232217,0.990677996148564,0.990368956953037,1.01459730024331,1.01594033874685,1.01552587457864,1.03206949188692,1.04552212891307,1.04989425870975,1.04350889228421,1.02706216937637,1.03081851728505,1.04373179630315,1.03813046157571,1.02988299046776,1.02988299046776,1.02107272755343,1.01796168947349,1.01747177130288,1.02967415349291,1.03353995939344,1.03293472969586,1.0324658031036,1.02969135530869,1.02408218564205,1.02533371523207,1.02527870841461,1.01823266194625,1.01670436635545,1.01870531084599,1.00559127375775,0.988327279741411,0.985639753615685,0.993565352864809,NaN,NaN,NaN,NaN,NaN,NaN,0.918308112580971,0.935067889636559,0.933887845449359,0.943128893598318,0.953078423107438,0.953769636021203,0.952489612759859,0.949983516459468,0.939241093003276,0.941207058195706,0.943497998565193,0.942006233062776,0.943994166433894,0.936579881997144,0.937783354797728,0.938013144847963,0.938439725340892,0.939907305785206,0.938261077324174,0.938971395475761,0.941378541726044,0.946504986948798,0.945826994857632,0.948756692326378,0.946278955562228,0.939517170774047,0.939708655575375,0.920190420255706,0.90323284907262,0.904558890894199,0.894742298306141
7,18,0.981777505432157,0.978952793724805,0.987465324163241,0.987465324163241,0.987146757197811,0.984618615587121,0.984428585113013,0.984302197423162,0.996930436562441,0.997979920926323,0.997979920926323,1.00063733712594,1.00132586119102,1.00155372573726,1.02801147991671,1.03322686629411,1.0326954988763,1.0249546416777,1.00854720796133,1.00838959199585,1.00980857209558,1.01760449985296,1.01986496974031,1.01986496974031,1.0124877832094,1.02715980765728,1.02774422715791,1.05918836621921,1.07520641100367,1.08400083083521,1.0837886380849,1.07652119822679,1.06185105495964,1.06235018815834,1.0513966564576,1.04051491825561,1.04248820924943,1.03716419346772,1.03364805001075,1.0325595767875,1.03389391551434,1.02478606833774,1.02731462428657,1.0279253048455,1.0269640991007,1.05063327763537,1.05268235792251,1.0587068417084,1.04258552778557,1.03361797478033,1.03361797478033,1.01684355757176,0.987494183742561,0.987622829791056,0.979864434372479,0.975709828590336,0.976280641443854,0.978005992673889,0.976585823182163,0.975014362136493,0.974824203805791,0.978087330583654,0.975596480882359,0.969255961919451,0.975791144880206,0.977290540359675,0.978789935839144,0.980289331318613,0.981788726798082,0.983288122277551,0.983506775202256,0.980092995075214,0.975790795334185,0.980401758551901,0.980822427515943,0.969933337881514,0.97018479747311,0.975680202261405,0.963386142630112,0.96348333495316,0.96348333495316,0.965875995583772,0.974585133148526,0.981649663208231,0.980711153137009,0.989782014492129,0.991103287909024,0.994134169270649,0.997579430188606,0.991895379323215,0.988111806882901,0.99498196365458,1.0075236420603,1.0050448210979,1.0050448210979,1.01132814690761,1.02036968303183,1.02070517799074,1.02826250530231,1.03055149989453,1.03055149989453,1.0117339542349,1.02400585838271,1.05010714849391,1.05084227592731,1.03287694788818,1.0290126155366,1.02675649244855,1.02958142588558,1.02860474921851,1.01997149344461,1.02205674683659,1.01256224317988,1.01216143772099,1.01216143772099,0.993598477750767,0.989945444800998,0.976473289001926,0.976090411128898
7,19,1.01232762502039,1.00380278299226,0.994357336918978,0.994357336918978,0.98389176429797,0.983814630823057,0.984993868368488,1.00954414150442,1.02312440779679,1.0361505112152,1.03613600463763,1.02616560656363,1.00944073683337,1.00863965381011,0.985433073434526,0.981387573089217,0.981387573089217,0.970306440612094,0.974738932073685,0.973684637910138,0.973684637910138,0.981695190248874,1.00850538522109,1.00906381419566,1.00865655255884,0.995543273899664,0.995299170138093,1.00601582283579,1.01720768920916,1.01002539894867,1.00999684904142,1.01234856529906,1.0088781484729,1.00876166771793,1.00144458708509,0.99487782196177,0.99487782196177,1.00103584716721,1.00253723199372,0.987780905362309,0.987688364187336,0.96672805148454,0.961660355018244,0.961988500983342,0.966766630032524,0.960967938894694,0.969486286791501,0.970433278611122,0.979385927182395,0.986562597361037,0.986569456622608,0.995507013530772,0.979056117595388,0.980113931247783,0.962043246986707,0.956462101065613,0.967366059540163,0.967366059540163,0.985351746067881,0.996965143779633,0.996988602117098,1.01025464689434,1.01305510373373,1.0129798514047,1.00794823362124,1.00109318150307,0.995760112573129,0.994639401249114,0.994699821045646,0.996744009735034,0.996645415954967,0.994157927790059,0.988675088193835,0.989324444294198,0.988865374566645,0.98913501135113,0.989523312917239,0.991326032723734,0.990213297054434,0.992924432587425,0.992924432587425,0.998021471306529,0.995513724073805,1.00221051888274,1.00289639238685,1.00164191512018,1.00426242615508,1.00490684016197,1.00569793516028,1.00838003595574,1.01075246439856,1.00623571116652,1.01796285196355,1.01163200056199,1.00899825896449,1.01102260073685,1.00273441246411,1.00210068271637,0.999900190604832,0.992309636586549,0.997466852958489,0.996368642220175,0.993676642650002,0.984852918470016,0.98936407579899,0.974606377340647,0.96859366230305,0.96859366230305,0.962560631586017,0.959125097475882,0.95619082640275,0.955753047521651,0.976575168438099,1.00218010078686,1.00066969097459,0.985295654616613,NaN,NaN,NaN
7,20,0.99220265209591,0.991684360047315,0.991227375805645,0.982958967327224,0.977811083479248,0.974625988963656,0.97932828053805,0.991694344447829,0.991694344447829,0.974758252367027,0.996990873647509,1.01616908299855,1.01695292707077,1.02470679697284,1.02792177934802,1.0287037485368,1.02036115274906,1.01551527536765,1.00469271378906,1.00882112137856,1.00399395582756,1.00840199991475,1.00876701622473,1.01482737463107,1.00690245249618,1.00732015717242,0.998982225188357,1.00481950609381,1.00793007401635,1.0079757990517,1.01360829897068,1.01783456383169,1.02027493693726,1.00901590927499,1.00704640617099,1.00637017293143,1.00766826182178,1.00523527961136,1.00180076675786,1.00238111753776,0.995356536660231,0.995023366170719,0.995033332290308,1.01829722529926,1.04225509005818,1.04467224901999,1.04900316838479,1.04884322213459,1.05378488487261,1.05378488487261,1.04159892858034,1.03518178289445,1.03593873936173,1.02903420645884,1.03063682145079,NaN,NaN,NaN,NaN,NaN,NaN,NaN,NaN,NaN,NaN,NaN,NaN,NaN,NaN,NaN,1.0538435473715,1.06121787674669,1.06121787674669,1.07028668864053,1.07690305973871,1.07340684933878,1.06105650759524,1.02446438743368,1.01388190162237,1.01398443954767,1.01881850483963,1.01550779578763,1.0116470644307,1.01439559156431,1.02739571589698,1.02527475650175,1.02355943239713,1.02171790466475,1.01415471666307,1.01514141648667,1.01514141648667,1.01090013761725,1.01411813139351,1.01426303393839,1.00556221726873,1.00914737835896,1.00914737835896,1.00167977647356,1.03347777387541,1.03525043260682,1.03499871248861,1.02447153078181,1.03567901691622,1.03509960943543,1.02847203055886,1.0243954912211,1.02240620690571,0.998054336347168,0.990895325954195,0.988092342026562,0.988092342026562,0.98471124140865,0.98615253065055,0.986937659710294,0.980403147930467,0.979808435308559,0.980626563556369,0.983110810891175,0.983825195577208
7,21,1.05245919533722,1.04539313584978,1.0380716926212,1.03075024939261,1.02342880616402,1.01610736293544,1.00878591970685,1.00860781169671,1.03204090512808,1.02038556379389,1.01979781415513,1.00138716171692,0.989240004340774,0.981192710913312,0.98082682868913,0.97267687157711,0.973374221383866,0.97353180186654,0.958987047541522,0.954973223117114,0.952290907525398,0.952290907525398,0.958614549173123,0.96856666872835,0.969223004876003,0.980933025507096,1.00498759989208,1.00453128029441,1.02221125015458,1.02443039971476,1.01366857739241,1.01366857739241,1.00850959901553,0.995021998626277,0.994970098566684,0.991320983602042,0.984702217105424,0.980756133185458,0.969478326592109,0.998515058289576,1.0026044870409,1.0085098634922,1.01299816720818,1.0120215807847,1.0120215807847,1.01631760459441,1.01159692339884,1.01287828419963,1.00658820911656,1.02308426625638,1.02642877661768,1.02792072908501,1.03024687198929,0.998931343791114,0.999343583723713,0.981463850835966,0.974303417317926,0.989350256894195,0.989766659744204,0.988788759907852,0.985572058908326,0.985786275871218,0.978361339674904,1.01557669839765,1.05218045090546,1.05217852005605,1.04232706426702,1.04636884121803,1.04637715365137,1.04614358329206,1.04020887896431,1.03945411523225,1.03425218899477,1.02655991577969,1.02586004262728,1.02110141391997,1.01879130788584,1.01242050870943,1.0125364893338,1.01455567102263,1.01454926277224,1.01348350653716,1.01350053348991,1.02434962280699,1.02264319245437,1.02626283829566,1.01818019408335,1.03926279924112,1.0389662737988,1.05117871498182,1.0637610715113,1.06461747770202,1.02654289623994,1.03856221487423,1.03550315468266,1.03543029250585,1.03078754112722,1.02504234157279,1.02697280962447,1.02024158599268,1.01954957768178,1.01961116093377,1.01862516464501,1.01863706803789,1.01234193882312,1.01208756488099,1.02294801886973,1.02056605387775,1.02152925059152,1.02365554569783,1.02680455488788,1.03194880503703,1.03499028674092,1.04136339243526,1.04237032397473,1.04281759884201,1.03349748536968,1.03224904478413,1.0342373713479
7,22,1.02140808880494,0.992887540820105,0.993796435590888,0.99448580025568,1.00675117285402,1.01926841133988,1.01851372206971,1.01065793176694,1.00080725642601,0.995021426719491,0.99401413836558,0.992731350896036,0.995170362062763,0.993789599434492,0.990966955539216,0.985683976406873,0.991964027005524,0.992319969117251,1.0097618345246,0.999031674422547,0.994883364986031,1.00075433424531,1.00245904334719,1.00409317236059,1.00349122713272,1.00375005583437,1.03729738660899,1.03729738660899,1.05173994748712,1.06108417285306,1.06052905657694,1.04995866900896,1.03697313570875,1.03637561739449,1.02450524896215,1.01017832491279,1.00705765414196,1.00630341964916,1.011396607284,0.980249324096446,0.979482883907599,0.995467446458229,0.99532854785861,0.993586344290436,0.993586344290436,0.99142502281378,0.985451548001905,0.984637322434672,0.974118653484138,0.986055413422144,0.986055413422144,0.98847317767553,0.98845433489282,0.978272332605782,0.978461297415916,0.974672257589389,0.973709490178249,0.976272087498656,0.973427894163399,0.97211322408206,0.971988289239951,0.974802996617403,0.983559582627122,0.982849081392478,0.980981134773428,0.985476007391589,0.985036964917459,0.984977365098324,0.993413972479972,1.01310880420518,1.01391473238679,1.02953275887774,1.10201381526159,1.14068590349367,1.14078000273236,1.1221207756671,1.14258453268869,1.14258453268869,1.11993313788926,1.09445105279659,1.08363371786731,1.08438329891765,1.07103144371997,1.06321215777831,1.06399621436905,1.07216746175138,1.07181525374694,1.06938371890336,1.06938371890336,1.06665353482181,1.05926336103758,1.059851789426,1.02753808172574,1.02649553273877,1.0256755538243,1.0303760020597,1.03836007375693,1.05379626764762,1.05499873524976,1.03815156091658,1.02171972194916,1.0205757993996,1.00313181848526,1.0070382834694,1.00726432824489,1.00140782745375,0.998201959642881,0.989789349600536,0.989789349600536,0.98763131301099,0.990208849211646,0.990493365567131,0.991016056521229,0.989812409501427,0.989812409501427,0.988184420045108,0.99056102176226,0.994473403274484,0.99506628317511
7,23,1.07721093992173,1.06358967197235,1.0629596018379,1.05519239431977,1.04830521105455,1.04881447112775,1.04282240855489,1.02886494731286,1.00793006343328,1.0088465044572,0.995277476899779,0.993489952747135,0.994082591774269,0.982885318883016,0.978670726071607,0.974456133260198,0.970241540448789,0.96602694763738,0.961812354825971,0.962248315454189,0.982932029538313,0.979579577451587,0.983846256690386,0.997527032992151,0.993890692741431,0.996664370739006,0.998326902422958,1.00754574757564,1.01589349001195,1.01910375068293,1.0094189211592,0.991777762841383,0.991795457639418,0.975987444111946,0.970889236634291,0.971091359748673,0.991471819605204,0.994562923987251,0.992544071921343,0.990655977394328,0.987992338522035,0.977040640650312,0.977044043383619,0.979096706798122,0.981167408719079,0.984466066485733,0.986116154041624,0.983750614669473,0.987446513211072,0.987639310996727,1.00855396037204,1.00969804247925,0.997163086919153,0.997163086919153,0.997465883258493,0.975196866359723,0.975431249636648,0.969524425759403,0.962763294767614,0.962763294767614,0.954527831120093,0.949772786478764,0.95176568186682,0.95176568186682,0.946520891814948,0.956902781114674,0.957039207099372,0.959526424042379,0.963959171435725,0.962543251625877,0.966015319247612,0.966509931771247,0.970740062609474,0.973967914684264,0.975430182189893,0.972144955300239,0.976827383142993,0.968063412350756,0.956265412905568,0.956265412905568,0.966674659512363,0.971075885173867,0.967035391022242,0.966800701404678,0.982987261538753,0.970162195542195,0.97011076879217,0.957302483389691,0.96127314734214,0.94195210284857,0.942445681710676,0.952645612993955,0.942777224856047,0.943727990332664,0.949710849080739,0.943676485863897,0.942145876388118,0.937947737207157,0.939622328999353,0.944440209982438,0.944440209982438,0.940548630123091,0.94030740304793,0.946120401046741,0.941093802763116,0.965818356214397,0.967086595272542,0.969707303665721,0.966805587938954,0.967600587964864,0.967600587964864,0.96335337018309,0.97320709880333,0.97264202964572,0.970667891851085,0.966837173003597,0.972622213093015,0.963276557930385,0.965762296854529
7,24,0.979876324044807,0.98051691035463,0.975325934347883,0.979619559776519,0.977507020688345,0.980324210655049,0.984833859973871,0.983346164157117,0.990140159446776,0.983972547199075,0.983583887630731,0.983323253611097,1.00267320702524,1.00629662081403,1.00854917620597,1.02472194071622,1.05441282705801,1.05518280939062,1.065793586904,1.04420977552948,1.01775184683737,1.02307902453013,1.00650926177954,1.00744404695231,1.00744404695231,1.01308613010535,1.02968146963392,1.03001626361815,1.03172562545019,1.02835369575686,1.01146621583752,1.01241526776056,1.01469818380195,1.00936411697335,1.00881762637069,1.00326547310413,1.00079438088759,0.995205886644565,0.992686748281861,0.99598856997774,0.983160684788536,0.988790631028232,0.985869647463069,0.988390584334649,0.989366527131992,0.990895928240886,0.984102538903601,0.984847701038395,0.98594350177665,0.986045591171182,0.982777978237224,0.982751392364881,0.978887613772724,0.98580467142581,0.9856530456795,0.975845521110767,0.982768598746627,0.977943159647824,0.977384658088565,0.976666944783218,0.976930268761239,0.976014236634521,0.977430501167364,0.980990880579442,0.982213214335216,0.98217038977063,0.987065939060584,0.989514571714465,0.989514571714465,0.98762928602748,1.004000181661,1.00399031739514,1.02795860615474,1.02981249537088,1.03333177674639,1.03974388622728,1.03481547560082,1.04312791958037,1.04312791958037,1.02245683275125,1.01619622163103,1.011641564144,1.00221672926027,0.999170241285656,1.00714354041236,1.00387070443624,1.00505292112295,1.00093543053806,1.00093543053806,1.00463922905859,1.00602643191785,1.00423197386161,1.00474639062896,0.999408240743753,0.996580233845412,0.996948704918296,1.00052086997481,0.998098253172846,0.997971132624872,0.998933365344605,1.00477477548973,1.00459880950773,1.01096229028164,1.00689112919552,1.04198774072326,1.04198774072326,1.05097330234969,1.04924692302786,1.04886316471776,1.03740802724899,1.03290638286037,1.03389471736573,1.03228375954107,1.02439945592051,1.02156439000426,1.0217676636992,1.01155933204306,1.01225701450992,1.01666321529726
7,25,1.01656271303427,1.01425441958903,1.0162656988951,1.0159226823035,1.0142528659977,1.00202002035174,0.998050532919276,0.998521869249285,1.00099062908504,0.996234300921632,0.994628970104719,0.991426747667393,0.995414166658077,0.997594435489543,0.995809567391224,0.992922458920481,0.986601397770998,0.986601397770998,0.985925125879986,0.989068623812176,0.98915987260876,1.02467776043671,1.03831448811765,1.03701128857609,1.03701128857609,1.02699753082157,1.04004069894187,1.03986952892093,1.03781048861921,1.02863337450822,1.02549305797465,1.01996558296882,1.00921795710815,1.00633500212513,1.00548973452396,1.00534988689307,0.988496182047418,0.986423960876849,0.993664428406094,1.01074523687074,1.01098784970742,1.03294278894578,1.04510333838429,1.04018811775912,1.03995054102372,1.0305845866582,1.02568285106098,1.02689327889883,0.995622994236687,1.01861688752994,1.01559801127176,1.01563565108297,1.00797556838,0.988428723077558,0.987891629167989,0.981755449743253,0.983402075913248,0.983852437542293,0.981158893546307,0.988573377151913,0.983719525945671,0.983693657897676,0.987771008274459,0.990453503473215,0.990460522806679,1.01175142889408,1.00839605671272,1.0126872970349,1.00853576983845,0.993424422689911,0.978499927271009,0.978697506741457,0.968933617853174,0.955150120000311,0.957768379549063,0.942094304598761,0.942840817760887,0.945453894111453,0.943729912471581,0.946657442253607,0.956464100848272,0.956601461396007,0.947607264664413,0.959001095976454,0.958368346451813,0.975804680261006,1.00525089110557,1.02804734022241,1.03093290333977,1.05506738138506,1.03154061709543,1.03556428114109,1.01298633936238,0.990408397583665,1.01138919623401,1.01574939064475,1.02627564052119,1.03194759394664,1.03239439975695,1.02021688478405,1.01721973801901,1.01545495752282,1.00348833592764,0.998878683141272,0.998347299393732,0.996865117414386,0.99298925095649,0.993306170121203,0.993522625219275,0.993755991015414,0.987603823989539,0.990605699206674,0.989930494218471,0.98877592747075,0.986790101940989,0.986838486533088,0.991407366582285,0.987898566600254,0.988878983135639
7,26,0.988753022030538,0.988753022030538,0.991178303772105,0.986247628524354,0.989251614429754,0.99168483578862,0.992154799734385,0.994446112547073,0.98944372728336,0.994366980084261,0.996983879011049,0.999812876043443,1.00895249596325,1.01855257148855,1.02060840139769,1.02087028171527,1.01749211892865,1.00605526863259,1.00439206059453,0.989112282644289,0.982783623498124,0.982435414693172,0.989134208148084,0.995646236528967,0.99707138508292,0.986446692751337,0.992485464456648,0.993590751532764,0.993027997149877,1.00465019819661,0.997556262463569,0.998506638976942,0.984252412577043,0.981050597314034,0.98126722848372,0.972031875933452,0.973275794801182,0.978769500524461,0.975445802359512,0.978809957125466,0.993436219768795,0.994565586721328,0.988216898024352,0.992558638144889,0.990994803895334,0.981511854337175,0.970021351791137,0.965457843180897,0.965457843180897,0.964894399683207,0.959418292721841,0.960576785360525,0.954516559807345,0.952713921484,0.95268653665607,0.95268653665607,0.950685777382251,0.957999547588261,0.957360862857982,0.954487163522716,0.951174396975855,0.950097354937236,0.951292334062608,0.960743553069283,0.958597081772705,0.958890420402501,0.981978281702502,0.957752164595584,0.958238704011088,0.954955910460528,0.973613980775834,0.978128166352674,0.981941144952725,0.97093702761357,0.965448692252055,0.96765987032591,0.95000814563224,0.948270768888355,0.949843085728354,0.952030077279278,0.946130685182026,0.948762220126746,0.947521298978387,0.951341815913851,0.95201137763543,0.950219597657069,0.949490808295418,0.957469206755619,0.962399828013221,0.960564637007489,0.966473776976223,0.961548908247118,0.961548908247118,0.971768380470471,0.970044176530326,0.970058659005317,0.970969951589808,0.971429878015586,0.969742451286032,0.969742451286032,0.967417330525584,0.968258037136135,0.968258037136135,0.972955998579307,0.968214933796748,0.96701928885974,0.968436739385997,0.965152622434411,0.970299751347859,0.972312194200912,0.97291750380765,0.983809397124964,0.984130024565743,0.98700122420452,0.986556476603345,0.986599207016055,0.990767149699055,0.992001793210316,1.00081685678592
7,27,1.03159597264079,1.01697304987017,1.02255798634104,1.00899533434713,0.990871210545256,0.991358428928867,0.98127107833013,0.976389981608849,0.97561144919275,0.983080168369573,0.985041557284048,0.990955830600619,0.988150524993671,1.00005680155063,1.01436742594796,1.01436668768955,1.0134890266384,1.01284562137532,1.00202186374524,1.00191418353632,0.996444519079525,1.0073459464133,1.00684537474387,0.974966594698703,0.989636999251893,0.992468330494366,0.991294384620099,0.986614332061184,0.994237249677883,0.994852765299329,0.997345752679625,0.988743194527378,0.990148172698914,0.985990248662824,0.98265129833881,0.981486736667205,0.984198464530526,0.984329790358001,0.982914455548785,0.978883511639553,0.983507281626505,0.980990560495437,0.980990560495437,0.984738382547062,0.98173897974161,0.988870069506808,0.988739374558816,1.0102258441211,1.01107704847645,1.01391146434608,1.01457767556427,1.01692656166439,1.01875359882756,1.00398058379571,0.99910372854726,1.00037782837354,1.00352003058594,0.997098188914205,0.99330296112145,0.994268746581823,0.99293360043044,0.99434481760889,1.00346110634725,1.00084673058396,0.999030162694817,1.00494978457632,1.01129053039385,1.0091647392136,1.01040702191501,1.01514947246198,1.0100505711331,1.01072606906534,1.01072604481591,1.0338764542793,1.03520254356555,1.02896954672035,1.03071865608111,1.045347750573,1.04828318015022,1.04856791972924,1.0452470991693,1.02467348094643,1.01430089404024,1.01732883847589,1.01152247071402,1.00275568685253,1.00275568685253,0.995118766715156,1.00020878888783,1.02513990507744,1.02513990507744,1.03132233362984,1.0255711878925,1.02535142763327,1.0276127480288,1.02572340159904,1.02471950782413,1.00483526368365,0.994933267097513,0.992679672241973,0.992178295235946,0.988592841156561,0.981545332968966,0.979949231850671,0.97567722654081,0.984792738426563,0.985811272456627,0.983817439170688,0.975255699414755,0.976883559402394,0.977389750545365,0.980335804704627,0.980465031718,0.980224313075863,0.976546698202015,0.965326598891451,0.964109300859773,0.970258939564359,0.987012965513066
7,28,0.930847756508001,0.938712689519985,0.940112727879091,0.940241539080301,0.943301922853758,0.959486268801834,0.965208599167739,0.965111253238253,1.00957908534325,1.02746798119107,1.02795237713706,1.03855864102844,1.03840087081136,1.03996460432544,1.04057660248708,1.04156163323933,1.0521624923933,1.04955335152754,1.05119960346717,1.05866889192259,1.06212069396504,1.05829575694993,1.0523998856407,1.04394301601122,1.04016028020829,1.0463908352057,1.06446346190107,1.06419613716882,1.08053203008529,1.08517975999002,1.08686272347726,1.08607284109334,1.07472669880572,1.06448438063992,1.06407738528398,1.03349716248987,1.03716452816981,1.04222538193252,1.05320218152104,1.05352095163318,1.05352095163318,1.04019389957713,1.03528006311819,1.03094501741399,1.03144761500324,1.02522444359285,1.02789774877694,1.02761728500173,1.02721341431804,0.995997545183575,0.980751772518035,0.979556222913156,0.977596609166037,0.989746702219872,0.991216588422444,0.985122462873969,0.983261652936112,0.991049855844103,0.991049855844103,0.988131726669278,0.983715519882681,0.98370088664624,0.983474510485709,0.980040435149622,0.980040435149622,0.983432265382362,0.984487314990936,0.981181274217829,0.981345785227604,0.982856435080253,0.963668463154677,0.965319713506368,0.980804069913292,0.999283097606553,0.999646551154774,1.00446941564523,0.994076028052113,1.00045888640775,1.00345625043053,0.979112345665329,0.980994310762015,0.982876275858702,0.984758240955388,0.995436427471031,0.996322640669317,1.01116779508969,1.01145991514369,1.00802198433626,1.00802198433626,1.00795344429119,1.00411436063965,1.00332182107005,1.00580538298667,1.00461287006379,1.0022142159474,1.0022142159474,1.00443259629363,1.00548549496784,1.00500728925939,1.00561360456194,1.00467545628764,1.00395502865795,0.994025550283372,0.966684540642392,0.949799285833193,0.949799285833193,0.979346783077298,0.99700241639455,0.998053458795766,0.998518724618241,0.99043496671705,0.99043496671705,0.980068238924271,0.965889634839269,0.951129855204576,0.951112060450918,0.946393876819498,0.94574266935265,0.94402767684855
7,29,0.997373421008256,0.993101518120179,0.993654106466958,0.991685922993373,1.00022918384855,0.994865624134265,1.00220208059269,1.00240274701417,1.00236419209908,0.999901019219393,1.00004225080203,0.996401670717176,1.00969607664396,1.0055825765164,1.01095415846296,1.00603347703481,0.997971741114957,0.997184948251574,0.998353284959245,1.00168073030351,0.997813960719808,0.998212406231777,1.00806290595473,0.983166074829605,0.983091244618202,0.98886725753125,1.00663670955091,1.00721190385373,1.02159093553504,1.0251876786223,1.01840474128414,1.02028807090634,1.01120519893783,1.0203293551161,1.0230351436982,1.01431135767625,1.02587295987,1.02573187102326,1.02288659440888,1.0174735036216,1.0157486111123,1.01440351089537,1.01908274708895,1.00836927540915,1.00660614241066,1.00469368986752,1.00741148305817,1.00820736648199,1.00332113032839,1.00200130401458,1.00014736950371,1.00479126372841,0.999070910226889,1.0010372299993,1.0010372299993,1.00233057405283,1.00733777018667,1.00319194012846,1.00319194012846,1.00477472547593,1.00480784530201,1.00473366315258,0.997480341627592,0.987987149235118,0.987763639268218,0.991871138086666,1.0249524920819,1.03385821858712,1.03457523213384,1.03473902524309,1.02810950915486,1.02822888385495,1.02852869084963,1.02322681204001,1.022798789039,1.01809886618491,1.0188076387489,1.01880914238202,1.01886050290603,1.020262389664,1.02019821980182,1.01890903005416,1.02033237883793,1.01955437878035,1.01715798444816,1.01695603698965,1.01610942493135,1.01913875862484,1.01913875862484,1.01471861974907,1.02014293433393,1.01840814937617,1.01377443073155,1.01790742103006,1.01201845569637,1.01201845569637,1.01597961949082,1.01734977167316,1.01774671991816,1.02182666573363,1.0155862775402,1.01502779892881,1.01395899541315,1.01098107144667,1.02646128612121,1.02558817276805,1.02332559510741,1.04476890563117,1.04461070422488,1.07559544883548,1.07016681745121,1.07157926905771,1.08634768278458,1.07465317916842,1.05335732282264,1.05378614671757,1.04361259299861,1.0414140478291,1.03903471684628
7,30,0.990504625758073,0.99069025486457,1.00164595213759,1.0289732510316,1.02896901229553,1.01663076712705,1.00898285614643,1.00548956466217,1.00116015090269,1.00140330838557,1.0007499025681,0.999028884169563,0.994306169106755,0.987554738015084,0.993304474678384,0.989311010828311,0.98296195678651,0.989037065132449,0.989296055403578,0.993427760467428,1.01714189679601,1.01831776993379,1.02625355193253,1.01563793659222,1.02336615444994,1.02261022094231,1.03192314394988,1.03142732064346,1.03205203854645,1.02769390731864,1.02767644616912,1.02767644616912,1.02291623071259,1.02069865805476,1.01456493960787,1.01454663839878,1.01321753273587,1.00335018844244,0.999881834599798,0.999476268906859,0.997103686816174,0.997103686816174,0.99932339155859,0.998235278538454,0.994805856798221,0.993143271332068,0.997497500985136,0.996409795533431,0.992936774345871,1.00494552266061,0.998891093391129,0.987377676755844,0.990404604750505,0.994269188023445,0.992685686937005,0.992685686937005,0.981701164102248,0.98319410914966,0.983373725648401,0.991757636338106,0.990801341970969,0.990510175863096,0.990510175863096,0.98968782698926,0.989780338604559,0.989706005243399,0.986702970426676,0.991823607992251,0.993866188663656,0.991750912530259,0.989203511653844,0.990525748468839,0.990525748468839,0.987722366750533,0.988167829398741,0.991005166936974,0.990218985659642,0.990036496615091,0.990447716330412,0.990941461267143,0.992517363847343,1.00122406193843,1.00176098396584,0.995922737659346,0.994251101530838,0.996284042249738,1.03155491356906,1.03352505956908,1.02112723877762,1.0235692934545,1.02013440883321,1.01954379760755,1.0155773210547,1.01347095902567,1.0178940501233,1.01698380877108,1.01698380877108,1.00900544569562,1.008177163969,1.008177163969,1.00791831395476,1.00634931559997,1.00699413874637,1.00592187935157,1.00366766076176,1.0042956915295,1.00136784856391,NaN,NaN,NaN,NaN,NaN,NaN,NaN,NaN,NaN,NaN,NaN,NaN
7,31,1.00923954088175,1.00725888389689,1.00875043284106,1.00895560209389,1.0020241645379,1.00325090846163,0.999837987811115,0.999837987811115,0.994709253066114,0.999673874659287,0.99492915320012,0.996553416949725,0.99786526966854,0.99780241068173,0.999054306282251,0.996967262789069,0.995527880262177,0.995327202240474,0.992434461865175,0.991112263654422,0.994136088865605,0.994319350260248,0.992679292797314,1.00553301309319,1.00645953782788,1.00763981083631,1.02462406776239,1.0179669750251,1.03847068031229,1.04217249160364,1.03751915780705,1.03973301959957,1.02892007504714,1.02272795839633,1.02183075348583,1.0119067889859,1.01328654246538,1.01224489221025,1.01070264799589,1.00547178766415,1.00546978397076,1.00543284207878,1.00478394344647,1.00203881869498,1.00216675245861,1.00308012963684,1.00150917413744,0.995491493338503,0.994372998350576,1.00890150525322,1.00888666718525,1.00519471473302,0.998502478398862,0.994942109348006,0.992435573800014,0.99214047567791,0.990569301431987,0.990095417475892,0.989618286466929,0.996860688323795,0.995512240610199,0.999388007811345,1.02023695704275,1.0145652194257,1.0128658457853,1.01088418801017,1.01419011232452,1.02558012572106,1.02445309646114,1.03249764754261,1.02911932951481,1.02987584751364,1.02847275941475,1.03204221208254,1.02559441863627,1.02341806630132,1.02098625531774,1.021176418355,1.02018502343129,1.03508150834598,1.04516878677767,1.04587513457297,1.05444599930591,1.05731625970125,1.04620570124729,1.04658294674009,1.04700705667527,1.04308877380279,1.03993620355051,1.03830041307732,1.03255144028797,1.0351918712038,1.0351918712038,1.03249263700711,1.03267302850452,1.03338927098179,1.02809140168467,1.0298570129886,1.02927648065513,1.02900036858926,1.02585902703458,1.02585902703458,1.0284647276476,1.02535502441925,1.02696622852698,1.02703376865236,1.02930155834663,1.03105460431599,1.0306153631627,1.03333038325251,1.03423942606203,1.03390793894252,1.03895019551336,1.03783531100339,1.03183824987137,1.03183824987137,1.03166732040698,1.02909962547726,1.03006022552788
7,32,1.00122531408937,0.997995268347854,0.997426487835643,0.995209100130359,0.996106456945831,0.996906681455051,0.99527475576652,0.994393234626973,0.991491052338139,0.993665946105272,0.991199137893147,0.986755471806897,0.989920051760048,0.990037134890509,0.990037134890509,1.00938742057172,1.02800652626345,1.02846383663142,1.02649898765129,1.02565642190566,1.01846430544786,1.01917604215327,0.989839575258937,0.971051845149507,0.969191919854396,0.974222534317078,0.996174236061661,0.998627834146608,1.00052040389011,1.00110324448373,0.99930703136792,0.999623732077504,0.991159382338174,0.992523625537905,0.993450573023752,0.986430213174364,0.975458991349218,0.975198817216536,0.983498293607658,0.979890638783521,0.979880972034591,0.980257196241499,0.976506447524711,0.974021043863596,0.974536726419829,0.970104966278924,0.969899707628826,0.970346825266747,0.971101680108192,0.969402058782725,0.968841478470947,0.969218812709263,0.965234332520678,0.961664659845017,0.96048813962632,0.958401125276177,0.961921334771518,0.96400328961199,0.96400328961199,0.948916819679452,0.949543591355027,0.949408005132837,0.984081522919572,0.987931915383964,0.992885679194866,0.992946135517356,0.993300885725079,0.939605881244367,0.939086973901131,0.937951743600071,0.969014061018076,0.96929960394174,0.968737456998958,0.97253566909626,0.973157027934002,0.975185480001369,0.973363649911521,0.978675317351167,0.97772270324383,0.982245538702447,0.978175127489457,0.978086502757413,0.979002833240753,0.977197956928117,0.979103096863108,0.980046359503487,0.975371435855111,0.978164667938703,0.979382799032238,0.981061658817135,0.974674019840551,0.973275843369871,0.973740607759242,0.974685192744246,0.974279749344499,0.973399198569703,0.971142205607679,0.965933190721553,0.964751250659816,0.970773041087499,0.968652516803767,0.965992952276469,0.965992952276469,0.966558347444719,0.962361489984976,0.96317047405865,0.966596903262745,0.968548002589603,0.965923255800889,0.969674503451223,0.978407559419453,0.987249068815631,0.987249068815631,0.980781313183935,1.02439628373568,1.0220024218262,1.03090679026113,1.03055055382377,1.03055055382377
7,33,0.99596889098529,1.00246454255246,1.00127468312424,1.00228069488192,0.995788199404572,0.99486629934882,0.997214929902371,0.997214929902371,0.991178862245086,0.991714479136932,0.991443301258938,0.979694959393216,0.988404862250822,0.989102810439954,1.00298568318528,1.01291674618187,1.02460541684223,1.02261453520857,1.01826517375506,1.00959749302333,1.01023734399718,1.00822929336478,0.99536847466563,0.995014567096977,0.993248156937331,0.996817345928528,0.998423371324368,0.999557255576722,0.987318492742443,0.999386318444952,0.999467378160257,0.999641077961426,0.993434371487882,0.986487569499776,0.986487569499776,0.989772721293075,0.988658774190353,0.988878245509438,0.990497329279025,0.987747392964525,0.991859644090806,0.992121322522289,0.986670006848526,0.990139127634416,0.993103081475547,0.989916547684963,0.985611656773325,0.985078034228134,0.989257129213869,0.989987261548943,0.988989051894897,0.988577798886993,0.972637507629989,0.977298324330679,0.981034504581203,0.988737777726564,0.985526021033082,0.985526021033082,0.978214407191238,0.971340144327051,0.976164465471135,0.976164465471135,0.97570365564403,0.967665045027291,0.967368077637754,0.972373172154268,0.970813063456579,0.973916618822779,0.973990364518547,0.980570969808311,0.976729268689009,0.977588406852286,0.977964597170508,0.978466353809921,0.978466353809921,0.972887575775099,0.975433565370173,0.976439442840174,0.976083773331226,0.968955890938057,0.975030954955545,0.974649980570978,0.978427624638851,0.982819929527651,0.983919884231297,0.991728258047572,0.987731111218877,0.988372007407073,0.989157479354223,0.981278923587659,0.981595520172933,0.981595520172933,0.979232482994141,0.983232754443401,0.983044466016549,0.983216414715928,0.981272352847391,0.981238809036461,0.98111626712982,0.989453032463097,0.986792010262015,0.985376609664615,0.977711360340616,0.977577196537746,0.976016747639319,0.976016747639319,0.981283933110731,0.984367910595535,0.983411169571384,0.978523934299264,0.982200442291925,0.98186532193789,0.982489160387014,0.980002458876925,1.00072019831665,1.00048766586407,1.02707116487179,1.03545729502325,1.03884715708232
7,34,0.984087026456414,0.981847945628852,0.986884236090038,0.984219377740254,0.981744784242822,0.982591703489309,0.985669847967077,0.999957811069711,1.01423581498001,1.01802211784607,1.0216328568341,1.02263094014122,1.01900550805779,1.01712778683653,1.00538342770711,1.00322190636847,1.00322190636847,0.998198504218912,0.990316497956845,0.982577380369268,0.982577380369268,0.980341636374935,0.98082840322634,0.980838226475464,0.964740051221149,0.966613330056644,0.967327135822887,0.978155742060301,0.970701811847615,0.970518827044344,0.969203230954601,0.962658925828761,0.96271607295042,0.963674440926843,0.962996500727685,0.958275561524164,0.951430723953064,0.952235716647394,0.953081478213938,0.958840326714724,0.958840326714724,0.956928870443492,0.964405624720579,0.962750812345944,0.962750812345944,0.951761377375709,0.962664364762314,0.963284299243951,1.00075071006996,1.0550131735921,1.05595670706531,1.101610116397,1.10881477309589,1.10843089388918,1.10843089388918,1.12174370313166,1.12394547744161,1.12345596978719,1.12710753746225,1.12084832052715,1.12047570054236,1.1218521868472,1.11385869068608,1.11897603546026,1.12097478737766,1.1243144383863,1.11555093335249,1.11550620280937,1.09705268956375,1.09763217776521,1.09851076034991,1.10448095864154,1.10472543961189,1.10543855848171,1.1036185129908,1.09765489921813,1.09123162231583,1.09123162231583,1.09375314603562,1.08528021271744,1.06768202148042,1.06710516361714,1.08583393313642,1.0905081659219,1.09000764838055,1.06517663010868,1.06658351431096,1.06664241255404,1.06212536342319,1.05484819852101,1.05626865773685,1.05626865773685,1.05988550402835,1.0591867529493,1.05952878952461,1.04311093825749,1.04918900575908,1.04924694172635,1.07445254884804,1.07781107758598,1.07161318267006,1.07148269872712,1.06888116050617,1.06498018733401,1.06843930719321,1.06628908780043,1.0621024430189,1.06728455809213,1.06728455809213,1.06843647647872,1.05832991630938,1.05883878761155,1.06608359446062,1.0577826969374,1.0577826969374,1.06267160471721,1.07065086387319,1.07755773250227,1.07749923873893
7,35,1.03371043382389,1.02879960122182,1.02933998599764,1.03023049241078,1.03058875460267,1.0159363727957,1.01605156114036,0.983606804195864,0.980920440651065,0.97971985991464,0.982918708112168,0.982268673877494,0.981948231608609,0.984437061656146,0.984800006901614,0.990341407494361,0.988093257121783,0.98714143653735,0.989146909936044,0.986847726103278,0.98668504860532,0.991013634660138,0.95903529992282,0.957081712787101,0.940236042757293,0.954247921974857,0.954762750194013,0.984660728115073,0.995485853574981,0.998269148546116,0.999480264014032,0.993678626548668,0.996242047854971,0.994261019232082,0.988295418859112,0.985717426602618,0.985737101244599,0.984757109444997,0.986048405566637,0.985596987805822,0.985464335682626,0.983950038478067,0.987763885237867,0.986249211041666,0.978229431474531,0.984731323298214,0.98462542323002,0.980541547223456,0.986204702180431,0.982735085416864,0.982367744550771,0.979706954612525,0.976399663463504,0.972419422172265,0.944014011371872,0.937814381836763,0.961528090954183,0.967769517226833,0.986456617745897,0.978597601335864,0.978597601335864,0.971422753806952,0.971601885568375,0.971465033300649,0.964592156013957,0.948990772963014,0.959565680976248,0.959576694938949,0.974789672201391,1.00729352958688,1.00716886328352,1.02118517742777,1.02778130024688,1.02331873446901,1.03725424293823,1.04328076700237,1.03797540515412,1.04096650730686,1.03463420391808,1.03389935463241,1.0346710450931,1.03615365245075,1.03727154725959,1.03912492848948,1.03805258639549,1.03244935187792,1.03103467549094,1.03103467549094,1.03192786295885,1.02877854290605,1.02829900036391,1.03260541470399,1.03443865721023,1.03317118270765,1.03343021262423,1.02743229977454,1.03218410421913,1.03287788572649,0.985419679924417,0.951382434426084,0.960046644538818,0.984891115050577,0.998699804037573,1.0095394060799,1.01203005327358,1.00652994497911,1.00447260585902,1.00447260585902,1.00007838099563,0.99779037602111,0.995580363585347,0.991501934998894,0.98424579907554,0.98594038714792,0.98594038714792,0.984275763047814,0.981407456016043,0.982178966788709,0.979644438725887
7,36,1.01552210377752,1.00486565560345,0.998064539473485,0.998416501090192,1.00042561100534,1.0015383939128,1.0015383939128,0.99831324125414,0.995602611136981,0.992189137700421,0.991288019392107,0.994162707153033,0.998239519740664,1.00004355811505,1.00121803770734,1.00040675924433,1.00273589835168,1.00325898186363,1.00217032956503,1.00055836435189,1.00055836435189,1.00457385957298,1.00407586277808,1.00242892289938,0.984130899298556,0.999789405401169,1.00441398225161,1.00495631522514,1.00325773954138,1.00098666525766,0.998148088234008,0.990354879884618,0.992051693697524,0.9947637160531,0.984264559310093,0.980407698447948,0.97608110205648,0.975923689611109,0.971688811098964,0.980140099049503,0.974979378961788,0.971537419815175,0.979931007688635,0.979929317856155,0.97387388358002,0.969078060251299,0.966924339668834,0.966924339668834,0.970503695102612,0.966648677915881,0.972387982012485,0.974093492817778,0.964425458852477,0.961713621002995,0.961713621002995,0.959991480793329,0.970976404741776,0.96518804323036,0.972818982167543,0.980491891540942,0.987877028436548,0.984221202959941,0.983258373635332,0.981855386389683,0.981855386389683,0.981624232225892,0.983110079604324,0.983842776854361,0.985770231201688,0.983669255510732,0.983968944474692,0.990816692447421,0.995943372515001,1.00982483664946,1.00982483664946,1.01032403255705,1.00095712989748,1.00256894412238,1.01426706639847,1.02433179597359,1.02430625484207,1.03529886064601,1.02885992505781,1.02310141192666,1.02310141192666,1.01741932405585,1.01720970465865,1.01756123636152,1.00419160756362,0.99696771858081,0.99914578015938,0.998365616528368,1.00453945625537,0.990675396611942,0.990291939113341,0.994746932392963,0.994802484805985,0.996204366405573,0.995930046930344,0.997408754945256,1.02208089354634,1.02286957137316,1.03575345780274,1.03046205986286,1.03457132627685,1.02123907557646,1.01837164523342,1.02154649987281,1.01172478670166,1.00678694334428,1.00282332238264,1.00322011522169,1.00173643705008,1.00025275887847,0.999789051882902,1.01748348005879,1.02484797947446,1.02921618160357,1.02875127391568
7,37,1.01552421849848,1.01151206707632,1.01434855986648,1.01041155433951,1.01051333287351,1.0111299127875,1.00377180276342,0.999322084511843,0.987317884611288,0.990599540614192,0.994515494056022,0.999173932201681,0.999173932201681,1.00318777803352,1.00340346088995,0.999288651222988,0.999195519946967,0.974850028269358,0.972760245235293,0.972760245235293,0.974637517294843,0.974147711233767,0.979922888699421,0.980055017387313,0.967258754497554,0.983073465243333,0.981585831215748,0.989794296071329,0.995743893839389,0.996037297370232,0.989721008440769,0.99048072065626,0.989888888812608,0.989888888812608,0.986267716396208,0.973913180018859,0.974687282868655,0.971116915433945,0.982822749734499,0.982569451110913,0.991080838736238,0.987523661670896,0.984983146047667,0.984018814469407,0.986542877824921,0.988421401073287,0.987169065642687,0.982126390151043,0.99583690344012,0.997290221491047,1.00110191576276,1.00430885137734,0.997887205047811,0.997887205047811,0.994114648442688,1.00851285948439,1.00747400794667,1.01126334131892,1.01347634721919,1.00991696553837,1.00932636432508,1.01392384297793,1.0107284205467,1.01048796146774,1.01530618400095,1.01713721249741,1.00918403455252,1.01008047704782,1.01411796867126,1.01881333711347,1.01384183262776,1.01690397943169,1.0147175994877,1.01465509345754,1.01038395028239,1.00797744688078,1.0087844827603,1.013967879043,1.01285567339841,1.01379409655011,1.01339537988224,1.00800781400975,1.00262024813726,1.00341054585364,1.0138783990739,1.00789665367869,1.02341993820138,1.02386278170623,1.04843443516702,1.0338767635132,1.03307207132437,1.03583157062647,1.02568903407281,1.02274778523793,1.02350559381581,1.02272981088698,1.01910094527217,1.01632052489655,1.01721517325812,1.01693939090291,1.01698283211692,1.00966430559617,1.0112064271007,1.01013155301067,1.01370916735085,1.01365914242652,1.00891348025695,1.00891348025695,1.0117727297681,1.01519387942394,1.0147585782955,1.01537964026894,1.0151493478262,1.01527618011294,1.01265795716004,1.01360405480839,1.00550618835187,1.00550618835187,1.00825820965933
7,38,1.01819192644552,0.965783581939736,0.970655871595631,0.986962487300973,0.98703494988384,0.997675284759439,1.00192423524797,1.00348085378531,1.0107322704672,1.00168957250342,1.00201167347914,1.00375112826065,1.00424312017381,1.00457569765653,1.00461243702485,1.00045696172539,1.00776217206531,1.00843410408646,1.02002167159883,1.01872871489134,1.02068909847121,1.0195054624256,1.02589921292308,1.01701893318595,1.01132455818761,1.00568149153794,1.02675059556554,1.02675059556554,1.04625322321317,1.05548434815694,1.05546746689575,1.05546758904136,1.04142845282749,1.03400451291505,1.03341583750159,1.03108218183705,1.02631112734012,1.02768100350731,1.02556912607222,1.02319915436768,1.0217080495497,1.02232269343168,1.01832500187176,1.01685914271369,1.01612156770322,1.00035701070683,1.00909020143002,1.00935104652634,1.00284625524532,1.00762382997442,1.00692561232902,1.00697506356809,1.00485166913578,0.987000915603596,0.981878536291213,1.0096482121366,1.01807088322994,1.01354159648989,1.01560907976204,1.00933439405717,1.00550628285224,1.00621236954168,1.00443766446116,1.00806886806341,1.00801669306486,1.00679853962292,1.01250656305,1.00510263027332,1.00510263027332,1.00689757252922,1.00899926370941,1.00973155237291,1.00827353818792,1.01556733247518,1.00640882120007,1.00640882120007,1.00889490738498,1.00381606262482,1.00340159392753,1.01281755166563,1.01546703455821,1.01921705114662,1.01744868984292,1.01349317013791,1.01288965637848,1.00538324910113,0.997079293438326,0.997321587284845,0.997212156614457,0.999470715900301,0.997164957290136,0.997164957290136,0.996406311501713,0.997289054196678,0.999272634645635,0.998950550956466,1.00080440822531,1.00386290466274,1.00217637423405,0.99784274818051,0.99715926598658,1.0025647151291,1.00453616418938,1.01065256711831,1.00653413439411,1.00998743407504,1.01122202139098,1.01631028105477,1.01631028105477,1.02686773558013,1.02322267241986,1.02066884786258,1.02241163761943,1.0164246550142,1.0009871237791,1.00104684650515,0.997716657387961,1.01374090883666,1.01315299873774
7,39,1.0196511624819,1.01926858428312,1.01705102513291,1.01736717188274,1.01491784205531,1.00762668988336,1.0075475303685,1.00508709239171,1.00346783423251,1.00439539043259,0.998070287523689,0.986962396223437,0.982232805115989,0.981669179541652,0.984956890968617,0.988023927574078,0.984168509618759,0.988167049800651,0.989368630488501,0.987895896187106,0.988120622459763,0.989835336932374,0.990366494688546,0.990724054830568,0.996961325264691,1.00232957295476,1.00316869095683,1.01527744504151,1.01494554070174,1.01349096690868,1.01464580291486,1.01245339801797,1.00685057503995,1.00731021749269,1.00484886139757,1.00024320338826,0.996459452132776,0.999695735082016,1.00152112069435,0.997974584949917,0.99973722056518,0.997132100572104,0.997684439083332,0.997300889001559,0.99800596773969,0.994916014884693,0.99518994509198,0.993402039081967,1.00475835243461,1.00528441259209,1.00528441259209,1.00542739542943,1.00164047045103,1.00127977574143,0.998239432390171,0.997975989772888,0.993192497522771,0.994308113615351,0.991311826570171,0.988050255980477,0.988050255980477,0.99548279417824,1.00576200654037,0.998247510051625,0.998139805382903,0.990494756375843,0.988683601136951,0.988998022034184,0.999610818509087,1.00531334444728,1.00652692493558,1.00915790318793,1.00929560107117,1.01042863497152,1.01058952931151,1.00369326875883,1.0083236091147,1.00900928122266,1.00458252543648,1.00554611025572,1.0007095604792,0.998792419863662,0.997480645728906,0.999673465162966,0.999673465162966,1.00002808733619,1.00048363696533,1.00059180072116,1.00509899976036,1.02396433438257,1.0250095672658,1.05038529007545,1.05165748488446,1.06124448162973,1.06160117911115,1.06340840628916,1.04885728695443,1.04885611219015,1.03725062086494,1.03053064153332,1.02697522087647,1.02730740395914,1.02586955798479,1.0230707431907,1.02343718877696,1.0246169391383,1.02174994519875,1.02217790898796,1.01784725333763,1.01708863494754,1.01721846783176,1.01721788210846,1.00922000971011,1.02656064740441,1.02682290197425,1.03759665750565,1.04619642220872,1.04414791734178,1.03440956012285
7,40,1.00823754508972,1.013177639804,1.0143858376279,1.01114457955981,1.00804461369542,1.0029755513729,0.999787229397697,1.0013554402061,1.00127489382185,1.00057839732647,0.996628854347601,0.992184611618521,0.989938246048909,0.998842399702732,0.996613733236082,0.991720227980218,0.98967040240257,0.991359756575748,0.992080040185752,0.992355313587787,0.987726744197758,0.986632154508908,1.00171238336585,1.00171238336585,1.01485625494816,1.02531062567,1.02585848080926,1.03594246984325,1.04348739912103,1.04528538903931,1.0456243097416,1.04103146005608,1.03912893519337,1.03608588998146,1.03231354312716,1.02744171236825,1.02509641185781,1.01797252067505,1.01381001892836,1.01381001892836,1.01462302868554,1.01942338246674,1.01521536248806,1.01423449644377,1.01579355890215,1.00948053197291,1.01212268356839,1.0132816719763,1.01729081139531,1.01041363074902,1.01041363074902,1.00724884040057,1.00585598212481,1.00555320178937,1.00472521893804,1.00214514997034,1.00214514997034,1.00139742315251,1.0050778831586,0.995385073649416,0.995831890543505,1.00166981308645,1.01521277453701,1.01552153443312,1.02030826043414,1.01372071165644,1.01685356335011,1.01602168822999,1.00697753248096,1.00020946346358,1.00020946346358,1.0052087950177,1.00440240526907,1.00494475203492,1.00817629691287,1.00561989984172,1.00056472412968,1.00056472412968,1.00568185835151,1.00672205584589,1.00722180122044,1.00703724070994,1.00229341461137,1.00259117094435,1.00361207841584,1.00870648204753,1.0041561250389,1.00468896939495,1.00611281249175,1.0049879372328,1.00471299969034,1.00754150124729,1.01004130640764,1.00995674492697,1.01303566962088,1.01252567481108,1.014557633025,1.01453342233482,1.01504101386299,1.01245080972488,1.00911334420662,1.01026210150468,1.02115228218866,1.01705552392782,1.01789522541018,1.03041667734338,1.03758989995693,1.04517907765218,1.05293991065659,1.04497816240657,1.04348382779696,1.03342878506523,1.02673182620923,1.01793267170593,1.01941019942257,1.01938693424208,1.01712253785291,1.01812515196537,1.01713039805328
8,11,1.02561981799245,1.02575152251808,1.02766083730694,1.02766136607869,1.02646527984462,1.02970281816161,1.01468515839262,1.01392223923804,0.99661595332123,0.943787317187543,0.943658472397079,0.923663063825425,0.921950932699354,0.921403097493929,0.989315160457147,1.03023483229645,1.03888921745965,1.03399217420874,1.06502073912041,1.08778987521874,1.08806481079931,1.09513785272444,1.07427470864029,1.05221866038881,1.05364188219268,1.03741065197192,1.02911037241672,1.02915855079487,1.02148198618119,1.01250509500459,1.00963636246687,0.994457091085068,0.979656140920122,0.983124072685888,0.983806586149172,0.981971241215673,0.981980428802189,0.980943766007726,0.975610129473375,0.971587354875703,0.973624852751305,0.971129716492324,0.968782781413341,0.97602156633996,0.975542473440088,0.977373247019334,0.975962970066005,0.971125518063372,0.972834942418079,0.964195321135143,0.968904673128514,0.969316214984271,0.966833516370403,0.951330891983907,0.951865914224051,0.956845481243376,0.958310965878794,0.958435835133378,0.961842136972374,0.970536057406413,0.969580553829171,0.969580553829171,0.970230113470247,0.962278935714631,0.962434978053146,0.962825357866914,0.962660240652453,0.964143079432679,0.958988953726893,0.966019415044395,0.961202630802757,0.962431631120985,0.959510725344605,0.956859488278672,0.957078318680933,0.922920825708581,0.849236167301443,0.849236167301443,0.874058826250456,0.884573074786148,0.889221522377177,0.887920366024651,0.903814569714723,0.907523863952311,0.907277309337277,0.914832891046769,0.924198461486365,0.919294948190424,0.919128094169911,0.926598724540276,0.924753978868431,0.927995770611677,0.925030518121711,0.920254759959137,0.913613395339641,0.913671376456164,0.924391818089297,0.937866136388604,0.938097665436669,0.94528297658162,0.945727750977651,0.937858215178744,0.935986640864192,0.932974351034506,0.939540241259774,0.938970562017778,0.94035653204789,0.939776510371315,0.94266442135227,0.919817511644278,0.92062388730424,0.918504662172971,0.914799278755303,0.91141307170302,0.909540533853359,0.909263423198114,0.954368370900945,0.978631427885825,0.977013631470907
8,12,1.00719873184379,1.01173565019642,1.01206882272978,1.01009442021667,1.00669097200071,1.00517376987822,1.00079305470448,0.999494591816904,0.998196128929327,0.99689766604175,0.995599203154172,0.994300740266595,0.993452129252876,1.02529249451751,1.03236152880851,1.02844712643771,1.02953171319897,1.03034416445437,1.0232596411662,1.02372476755663,1.00751367738749,0.995062053647255,0.994882596909317,0.998889738293229,0.99305934181567,1.0037474896503,0.992189338283839,1.01614112443789,1.03285394049233,1.02936745548881,1.0289940976432,1.01573583413567,1.01573583413567,1.00685342233347,1.00486297854059,1.00000728129333,0.996945046058964,0.993978527507628,0.985012124812599,0.980743050534489,0.984385758263455,0.988917815057536,0.986916478837905,0.977604885193693,0.980201343608368,0.978328642665557,0.978328642665557,0.986082129268529,0.976226194984366,0.978276712472679,0.98113463866691,0.969209056965131,0.984455574724033,0.984324318706327,0.981266974808601,0.993589377297574,0.993961238150929,0.993501941640683,0.992441366619495,0.993683684287279,0.990607104838596,0.981664488243479,0.981224895002957,0.983877789567674,0.974197253502165,0.972837360870338,0.972837360870338,0.972960901840886,0.978339277542057,0.979277626481798,0.982799059426797,0.991627480795284,0.985244612307098,0.985372753149329,0.979508197931838,0.973652210279911,0.970937596660723,0.97285030656063,0.979120556493641,0.977379491111707,0.977962492416609,0.985802327179068,1.01123279005739,1.01167128633412,0.982614391784905,1.00862368434194,1.00740410748132,1.00924797919331,1.03507125588989,NaN,NaN,NaN,NaN,NaN,NaN,NaN,0.816286480313272,0.820169038616536,0.848081902236634,0.865754318802025,0.865717279392714,0.869771658621527,0.873415157380816,0.871086798552002,0.879119430016817,0.888429247092843,0.897546582750894,0.896344190170846,0.899170804035712,0.913147228814488,0.913264359399018,0.913453455561608,0.92324895010782,0.923141037304013,0.940578631713818,0.939090515343768,0.922146466770811,0.921852438720381,0.926903139851926
8,13,0.862165210789064,0.901643673478716,0.901643673478716,0.937961599136667,0.96523792665134,0.96484593223055,0.980897922076719,1.00235958560797,1.01281879726235,1.01281879726235,1.02141214728275,1.0194003869083,1.0196459193079,1.02935387216439,1.06368717170027,1.07648657047402,1.07628886930011,1.07626688484042,1.07506506004738,1.070889915425,1.06266327109086,1.05333083492552,1.04033805182651,1.03803725789383,1.03005111841313,1.03588880330732,1.03624157087943,1.04442965287252,1.02985397365976,1.02615398975179,1.02522056137806,1.02162139892213,1.01892710507154,1.02538693451309,1.02876477242598,1.02119423893975,1.02368799989671,1.01907502357752,1.01726075486115,1.01988958623662,1.01727370376655,0.977636814303065,0.933845343112623,0.926753599879904,0.90889673320146,0.942705537156275,0.941397312479126,0.949293644684398,0.957757543714595,0.95852824238126,0.941660045377836,0.965719102113763,0.974634398174787,0.974325473268992,0.979048634965619,0.996470294956808,0.996746867667639,1.01926711927734,1.02796793859146,1.00629542430969,0.999775823230714,0.990756801879365,0.969665461215572,0.968431883741213,0.912035159301334,0.920062125888771,0.920614905536435,0.924218177989002,0.938179883324852,0.938488463498802,0.93331400547687,0.927571514815162,0.919058387250252,0.919058387250252,0.921701421213128,0.909228267996284,0.912595998989169,0.905584733361747,0.903947448328716,0.901502636591437,0.90130503562959,0.886966295076175,0.887220439323601,0.888045186589561,0.889028242422944,0.884360069056729,0.88209860155378,0.88209860155378,0.88525848423718,0.881881975820846,0.88179018090257,0.854940673280218,0.864320506472292,0.864443914052059,0.880973056314716,0.896185814204813,0.90968582906381,0.910018988878774,0.91260098132626,0.90753992348425,0.90740272634551,0.896179995273351,0.895861480344675,0.894874367466655,0.889825644541523,0.88672298479426,0.895714954532282,0.897750363083896,0.898666724812912,0.90592371612532,0.903615729219617,0.895920955358338,0.896411507139542,0.897843604351506,0.892843681517718,0.890569556527946,0.891102017355456,0.88912665295224,0.888696892830633
8,14,0.980493362523731,0.977460741913067,0.976946574826509,0.978324022697957,0.980464835442018,0.977623151784651,0.97433657762756,0.976233066719395,0.97632090376748,0.989251936363146,1.01112486446729,1.00965636630674,1.03036048889777,1.03335573388224,1.03320509835637,1.03347698208126,1.02029523631117,1.02044848691118,1.02062156912048,1.01425175275115,1.02405413978508,1.02718346909064,1.05727628729002,1.06131316630753,1.0628921291835,1.06309794509489,1.07925969048513,1.0750196637052,1.07476627580852,1.08363969717357,1.07409403145259,1.0778193249758,1.04986041896672,1.03859038910222,1.04009953108985,1.02777830624712,1.01872217482508,1.00668658160605,1.00668658160605,1.0073325526009,1.00422697790449,1.00369350311255,0.998763407657224,0.95934826334705,0.937258015827769,0.931953444668231,0.943540493892451,0.95971394724401,0.958557609906543,0.977775049527872,0.966889992278192,0.964083964449277,0.964083964449277,0.989343367641946,1.02509273025331,1.02509273025331,1.00786243950808,1.06235811518124,1.06243963496906,1.09429267442491,1.11255485760812,1.11599227724929,1.11511736672861,1.13463779969502,1.13037697980343,1.13037697980343,1.12634827665856,1.12895348241585,1.12977162969497,1.11881491051013,1.11561866357176,1.11622900066325,1.10550962101529,1.10658046519927,1.09481509858235,1.09445137607339,1.09006649484143,1.09231971071926,1.09266478638511,1.08529360992255,1.06611085770394,1.05794587958646,1.05794587958646,1.06079698600098,1.0570481691197,1.0570481691197,1.05785708415547,1.05885521057434,1.06034790725067,1.06034790725067,1.05764351696783,1.05603521014943,1.05511125735343,1.04978378254077,1.04839194400291,1.04938096599336,1.05366868695723,1.06389803750342,1.06252844252041,1.06278639692766,1.05767132134535,1.04911342529392,1.04660966197072,1.03345905927613,1.02030845658154,1.00715785388695,0.994007251192364,1.02437112157441,1.05096109237262,1.05096109237262,1.07649235970457,1.07750913174785,1.07752535749449,1.09643077679758,1.07865224241428,1.06579045587639,1.06623193340613,1.04236297208166,1.03520311762555
8,15,1.00611317909881,0.999209971278477,0.990976064969848,0.990976064969848,0.975163724013638,0.981367292917234,0.987509763382272,0.984975312063681,0.962196527255478,0.967756654183957,0.973316781112436,0.978876908040915,1.00708028436027,1.03042406331484,1.03038585273527,1.04910614768625,1.05862894987501,1.05946638759045,1.06335251765088,1.055505243393,1.04460185109641,1.04536803785135,1.01283117606315,1.00181249622477,1.00132831909987,1.00844178599365,1.00152606847235,1.00050660079357,1.01094617096937,1.01276594090064,1.00230464195816,1.00281221079137,0.997501890255059,0.994515342823133,0.996436599355941,0.986770257343487,0.986525091413292,0.985612555289291,0.973633567929846,0.978298083315521,0.977729859926283,0.979683221127586,0.981034036587982,0.981149071551774,0.976849845209088,0.970811447883138,0.968664547386266,0.968342715528305,0.965567993058334,0.968876767211315,0.9704347082732,0.969528382751381,0.972305016523831,0.972874459730657,0.972874459730657,0.973823093773855,0.96760622938493,0.973553998825255,0.973782067352622,0.977321676856304,0.977492917754714,0.978498201126889,0.963973339260383,0.97003990962023,0.97003990962023,0.963890065347017,0.965312348588716,0.963756742371805,0.963756742371805,0.96681529328759,0.973859005974693,0.97503638341464,0.979920108794664,0.978574107773393,0.978986696858917,0.975640280549103,0.976026149259861,0.973422408787996,0.976111805115271,0.979184489726194,0.98361333311788,0.987298592279539,0.982310886390582,0.97872980408992,0.982946761893726,0.982913630995064,0.96973946549045,0.99093001789415,0.990788827296734,0.995304587084327,1.00419383920833,1.00490426891023,1.04243818455117,1.04780084529961,1.06702260374793,1.06534923426994,1.06646014983585,1.06265066230895,1.0609589072505,1.06702444056046,1.0672834504941,1.06555825644179,1.06215776824451,1.05650956070937,1.04067108392156,1.0399001242605,1.03651423747413,1.02788397864382,1.02376335125026,1.02434686853771,1.01851513940226,1.01339295399091,1.01112127270551,1.01018262483073,1.00800608479645,1.00800608479645,0.976963812836399,0.985517756364935,0.985734597897478
8,16,1.01598322120006,1.01298968523135,1.00762914652775,1.00707306979136,1.00707306979136,1.00508659288194,0.999068053461402,1.00164545209748,1.00164545209748,0.995656392703124,1.00006853829954,0.990459138971657,0.995741619272306,0.995812160782794,0.995174774840451,0.993654421343323,0.989413934938175,0.993743515197234,0.992081760571204,0.980869115511952,0.973699701882172,0.973149144774193,0.99227574137958,0.999189606961781,1.00273534913679,1.00392660444039,1.00896107618917,1.01776056930901,1.0169430821341,1.01650947009063,1.01057724779788,1.00668557325868,0.99442122489302,0.991015716043549,0.983787068838868,0.986037245102219,0.986312055780277,0.98030463268828,0.983804188205686,0.985968281983048,0.976644921389037,0.974739912730814,0.972878683486373,0.96698503825555,0.965643003072436,0.966383578156509,0.971373469103496,0.969957405211627,0.97012473903351,0.97034795228626,0.972784419295081,0.970814130834371,0.970105038295933,0.975473644048528,0.976632925963877,0.976592333623459,0.972874330722731,0.971005662654202,0.97134657298684,0.972443210099726,0.968968709089837,0.963707366045752,0.96359646604166,0.967886366760931,0.969859713936964,0.971464289809474,0.970377857838048,0.970506595128413,0.973329077441488,0.970397015374032,0.974085662007949,0.958309456284251,0.958333506669308,0.962173241829259,0.960548721929847,0.959565690006774,0.965420599438731,0.966477046309345,0.965329974027858,0.962501963998977,0.971675764971133,0.96175062151741,0.96175062151741,0.98625721576,1.0062505846743,1.00568418359149,1.01588393486236,1.00887567646401,0.997682739861265,1.00206291871085,0.997938258464399,0.994514252388173,0.998544507635053,0.995936438477757,0.992304737812347,0.990891783850774,0.994082723948636,0.992617623695549,0.980427613915787,0.980870849354493,0.968842577113369,0.977936017056052,0.978135280316511,0.999905314362802,1.01450588205563,1.01736370718027,1.02187358908353,1.01985176928044,1.00961297750082,1.01084472399716,1.00480069057618,0.995498029380345,0.997326112626719,0.991012550152647,0.987160463002406,0.993878732549204,0.993591749099773,0.974805383250934,0.978393955259055
8,17,0.982320352355997,0.987218858965151,0.992724751330695,0.993377699272085,0.991340335244859,0.989129712388618,0.98890371937218,0.98845950991359,0.977042147243283,0.973186106471743,0.974033004672258,0.971629759536407,1.00127814440443,1.0023047236394,1.02029219389746,1.03121411640717,1.04441870201507,1.0426397059948,1.0484864568748,1.04425292050639,1.04334868004585,1.03594583810917,1.0105435299892,0.999438068176132,1.00035451085129,1.00203451982107,0.997451445611203,0.997509351743339,1.00140898881277,1.00106239036932,1.00148512863268,0.993693330404925,0.965787638014443,0.975181548390782,0.975059251999121,0.970155762862066,0.96849235004916,0.968577170789425,0.96031355697397,0.956263209276395,0.956484613379814,0.960240144350274,0.954997540542452,0.960883478180776,0.959539432502463,0.96296811033655,0.948156285820293,0.947716535488174,0.943130453787866,0.946012907960424,0.946598290157713,0.954118714998908,0.965073044825746,0.965962121061502,0.965778048017233,0.977827532561469,0.97351567892852,0.97351567892852,0.977168748132118,0.972424525824807,0.963165886339021,0.963165886339021,0.956561686790777,0.952826035365515,0.953681318406646,0.956443166834023,0.963625349445312,0.971874068852917,0.970377211725636,0.968265486670605,0.951314861551129,0.952362614222641,0.949493525192192,0.955684685098608,0.954471580028815,0.952102515793039,0.965389089802786,0.965432784356994,0.988069590480328,0.991087334944049,1.00412349921655,1.00412349921655,0.995268833948094,0.989574340737288,0.986435394820604,0.983011876325504,0.983971134270547,0.979351579845269,0.979351579845269,0.966803210536153,0.966326428613088,0.966326428613088,0.968906029074479,0.96643762773951,0.966817236621269,0.970966311011642,0.972543766874358,0.969448895116776,0.970345407344709,0.962492917855488,0.969745094837756,0.968459240845668,0.96576034589728,0.985038366775748,1.0134635933419,1.0134635933419,1.02066766889999,1.021232047737,1.021232047737,1.01806371016292,1.00646318692982,1.00556972997249,1.00208550466869,0.999650800189981,0.998275219243476,0.99742941772226,0.993724357022579,0.99973044515149,0.999791647733483
8,18,1.07476588787169,1.07352191726796,1.071906114835,1.07307598610095,1.06546626671622,1.05806241269918,1.05502555545092,1.05682454523663,0.988048424721265,0.958032511906635,0.960150513685901,0.926791347382372,0.924161232247585,0.913361003325442,0.933659911374201,0.957988811254852,0.969409203175756,0.9678795433835,0.971868811363949,0.968946998965915,0.969322634126,0.969596834987098,0.963590381634306,0.960295796340685,0.963246070826989,0.975549978053341,0.982401939716997,0.982401939716997,0.995038807841507,0.997093097636352,0.995679775352575,0.990051671289807,0.984379046864044,0.98401058810818,0.982991274295851,0.972807081636142,0.973096301659202,0.972344954379576,0.970298281135697,0.957036343370808,0.95696708111578,0.940020384964165,0.955357027992085,0.959285185018262,0.959805935031218,0.967653740032468,0.973356939712135,0.972991536760313,0.972167127422409,0.966734375657528,0.957295005590205,0.957069795939014,0.958028033618217,0.953426486718782,0.951767032403473,0.923209353702459,0.914609912286474,0.914367924648234,0.929270638231145,0.94823554166458,0.963815725925877,0.963796035279136,0.968008719855148,0.971270586466178,0.968136008648923,0.958949393550706,0.874270985869935,0.833745832469863,0.830693069718294,0.84216474658664,0.873018836692287,0.872040551526585,0.880895508337326,0.882706100606844,0.88750967163306,0.896053642912776,0.900498102730302,0.900022842165423,0.900161112339668,0.900521337093897,0.899762589419653,0.90235284892884,0.900514730048167,0.898072626824563,0.898072626824563,0.900349199144412,0.902371608223157,0.907145840923067,0.905573380609954,0.90689440656075,0.911703181334143,0.911285817917329,0.902916283429838,0.911110970288896,0.9215896624072,0.9215896624072,0.927845853293649,0.932417304196008,0.929913532856226,0.926005106560891,0.927045028725505,0.920685460905028,0.927628660252645,0.92836891146225,0.935251071981373,0.935251071981373,0.936846825037653,0.951277243679196,0.951277243679196,0.969478636288922,0.977156347310571,0.97653241895857,0.978246453697514,0.975137799565859,0.96156088585039,0.962331175212357,0.953321874994933,0.947585266530943,0.948242261932317
8,19,0.996991544577466,0.996848470782016,0.99387910459062,0.994956564481455,0.99718202072372,0.998556136487915,1.00173973009843,0.999094576803781,0.998348686293122,0.999451924961916,0.999557707241801,1.00291926882685,1.00316997121272,1.00562270677519,1.00562270677519,1.00435110646887,1.00250784303408,0.998504937761189,1.00069499210368,1.01982839532498,1.02543558711421,1.02255463656448,1.0277249775202,1.03393453440436,1.02435679353338,1.02458391147764,1.0379965562068,1.06135802995573,1.06127703203022,1.06712731007135,1.06179441284112,1.0593986840959,1.04750906063004,1.03609912844727,1.01868369169832,1.01868369169832,1.00705474117781,1.01183142380911,1.01193747199421,1.00510606625593,1.01234035349969,1.00047777613604,1.00135410662194,1.00559681657455,1.00067355265694,1.00024111589837,1.00242619608029,0.996630832272108,0.997412485243356,0.990882036076422,0.988015303874695,0.986292418638832,0.987878788285353,0.983801273066165,0.983937050947163,0.983877613577452,0.976196550007153,0.974961541879809,0.976420532159225,0.981453858853354,0.983011880926821,0.972838989513908,0.97240081147636,0.971004514731952,NaN,NaN,NaN,NaN,NaN,NaN,NaN,NaN,NaN,0.996917855610819,1.02567255093799,1.02528067497037,1.04538009472713,1.0518133311138,1.04160519704077,1.04186090792869,1.02977590308884,1.02770803660402,1.02781939049577,1.02026345727654,1.01414052344477,1.01437093152381,1.00907388737458,1.0026467225912,0.997419306038287,0.989377042425109,0.971654031874997,0.947065177045071,0.947065177045071,0.907976115333308,0.881983096023487,0.881078393711823,0.863992618584256,0.860304008724634,0.89951999772164,0.89937448522754,0.918215382668364,0.932623318462657,0.933360096146408,0.935743862764602,0.942877123861586,0.950826380001183,0.952898564825079,0.948660877804632,0.950343213368501,0.950364179168493,0.949228232011263,0.943827089445922,0.943052455855253,0.949272349229058,0.943277004965856,0.943499531562783,0.940556459614742,0.948698024053868,0.941223886969444
8,20,0.988490039616078,0.991672586776148,0.990167051937354,0.989740086511619,0.99845705755219,0.993500462563792,0.993500462563792,1.00051090196201,1.00735730756922,1.00782266611691,1.0085485338203,1.0039834304803,1.00616962458068,0.998183323428666,0.997318908065068,1.00153757499912,1.0107467321961,1.00785339012288,1.00443985913776,1.00531624590154,1.00718194990389,1.01107403612907,1.01534957462895,1.01941740289871,1.02526316402425,1.05214014642243,1.05250951974318,1.06993506594243,1.07553163617537,1.07525937742563,1.06100167834926,1.04616950020245,1.02482590450764,1.02416151261996,1.02099438482451,1.01401775318977,1.01493020297354,1.00123411655841,0.999710397535387,0.999942605611295,0.986678329911248,1.00334776882399,1.00994568382355,1.00457911461993,1.00227084761477,1.01164653583433,1.00308634816384,1.00036367783801,0.990012846800081,0.996822851740819,0.994071809585999,0.987900391251148,0.991262474410008,0.991170950638715,0.984912617476427,0.976689529160687,0.979728319412514,0.928369975618517,0.926936423370473,0.931953452710399,0.923370800185541,0.939045020231093,0.956248715675052,0.960865801253234,0.961329703310744,0.964694672608815,0.964694672608815,0.969934359710724,0.987297772717114,1.00862462874629,1.00941737363198,1.01477951697621,1.01723781485279,1.01592188613781,1.01638395708225,1.01691927300677,1.01737431353811,1.01198064324162,1.01059675341489,1.01343251423242,1.00821414557634,1.00758432661216,1.01617269276922,1.01617269276922,1.02137427336491,1.01846992304329,1.01223660419619,1.01174694521109,1.00289787598273,0.992576427568651,0.992240492975834,0.993834087117189,1.00113627642368,1.00079047607147,0.998378732902906,0.996358718122185,0.99499528351054,0.99380844108183,0.993061621209214,0.994993170619852,0.994089707921815,0.98301154641465,0.987605291959545,0.991561957569618,0.981616200116808,0.991391071018264,0.994901128945476,0.98862780741892,0.99372391485073,0.990703015562555,0.987292506424877,0.99423555165712,0.990982515138241,0.990982515138241,1.00498670375169,0.998194753785405,0.955830592694983,0.955830592694983,0.963854971508762
8,21,1.03958029154088,1.02071826610063,1.00974873836296,1.01483425825477,1.0097667432762,1.00072579681441,0.999728356661274,1.00343756859855,0.998568350651621,1.00239030377004,1.00239030377004,0.997575570967991,0.99547825231694,0.99547825231694,0.998909155955387,0.993188410392469,0.98121801076833,0.98121801076833,0.955045358712235,0.950603255384782,0.950550158472159,0.957297121589672,0.965806254750665,0.965713501002971,0.979823503507257,1.0023040173893,1.00185774653415,1.00254142814434,0.9957189391541,0.98972601205509,0.990714541149749,0.988803513704482,0.985004654861198,0.983554792913264,0.982784543657515,0.979675953195468,0.976102110761397,0.974042703749093,0.970421740187014,0.966732607696319,0.967110213984479,0.959812895482256,0.958538502516967,0.961394263844087,0.959912118869399,0.950486247266204,0.950778714611676,0.947918561029056,0.952521182963799,0.962973754370956,0.957848957446864,0.956810459147682,0.952823218861648,0.953980323968985,0.956632206493301,0.955314939858268,0.952646922817654,0.95318838170658,0.948089542395887,0.949378168353313,0.947696105543057,0.953476331535976,0.944634003916439,0.952944683278886,0.952944683278886,0.95583564251385,0.956843801258118,0.956329900899703,0.951314252887644,0.95650106849454,0.956548216982473,0.986439308786396,1.03696248919012,1.0640971847341,1.06413308634744,1.09280014123712,1.11974158101293,1.11565981990636,1.13240944258936,1.13589711818016,1.13050763431751,1.13218783491184,1.12580979132686,1.1137047753284,1.11421350638605,1.10184162449202,1.10275786249345,1.0959880593425,1.07728187561217,1.05563525953759,1.06579935501894,1.07069640143573,1.11050935771578,1.11833064797263,1.12095932009368,1.12101613289121,1.12279708619572,1.12415957078294,1.04271823810401,1.01864240534725,1.02284615771769,1.02280264985384,1.0165286540501,1.00477068579482,1.0054282555279,1.01152781038139,1.00942798843692,1.01027592751217,1.01027592751217,1.00389708072013,1.00106946853033,1.00069326763474,0.996129634931969,0.994202810762636,0.986197124330274,0.986204930445775,0.967154212099797,0.953827644018351,0.955696247670723
8,22,1.01136906513459,1.00839962063444,1.0052938013726,1.00392512012767,1.00392512012767,0.999186303953545,1.00008105332676,1.0008758704063,1.0008758704063,0.998945462394654,1.00245472514186,1.00384861609132,0.985845750771685,0.975800585173892,0.979180055147136,0.977509861121773,0.998869317542997,1.02186156806357,1.02175223306125,1.02181750825313,1.01661949348617,1.0121126293105,1.00176042577005,0.998018359035693,0.992288168775358,0.992237485844564,0.997778773781433,1.00754859676001,1.00799298073502,1.01393156911078,1.00570895741896,1.00937490242912,1.00146134662679,0.996902359166465,0.986414488025971,0.987346251426254,0.981827222868088,0.974982843855515,0.975144848715625,0.986485040386445,0.98810364334747,0.988689471609531,0.990889718790848,0.988038432300837,0.964015968561368,0.967757519179735,0.930460219985462,0.934950790065848,0.935758918274073,0.92094119866674,0.923000817346047,0.955401437856102,0.955401437856102,0.951205786420025,0.954710726249246,0.954710726249246,0.954473509601535,0.960263488627124,0.95947176516943,0.956613647283616,0.960372591790767,0.958863637670037,0.95914324991629,0.963034870288438,0.96657720887401,0.966765158762995,0.9581477489388,0.959198185979236,0.956816407044485,0.957488233318185,0.951423858400771,0.95683145112174,0.955831765405748,0.96822242846209,0.962932690762001,0.964504864408412,0.953019422458921,0.964482790319694,0.966059665081062,0.966059665081062,0.972874131349097,0.980504153859363,0.981144101113316,0.977440914006016,0.97771368943855,0.973557399299322,0.973883686450306,0.971479857182458,0.971438894508874,0.973054650540742,0.973773145008863,0.973148397407717,0.976039670182718,0.979642908918618,0.982165340547746,0.973947153717592,0.977803163167208,0.981214386197101,0.976106506723456,0.982472068256939,0.976570846415804,0.980046726808101,0.980878099105726,1.00823358694546,1.03531798667347,1.03954786985491,1.0395636404437,1.03782807970898,1.02303696224599,1.02201302790517,1.01866162363124,1.01250166170268,1.01186044692634,1.00748736260987,1.00567839502178,1.0019635489615,1.00154679970031,0.999978906788266,0.999766174626107
8,23,1.01409411132583,1.02135713741949,1.01030854615178,1.01033222749731,0.993728335752188,0.956975534758023,0.986429023980016,0.989443003537127,0.998005185671435,1.00794959888607,1.00822275632392,1.00728086321087,1.00418277729816,1.00352998903652,1.00293274829789,0.999750949048122,0.996322456544106,0.991863348619139,0.997291406642003,0.987021048764071,0.984074710252534,0.986926231701862,0.984149239375145,0.983463884759057,0.989166262633195,0.996104802255204,1.01931801954132,1.01931801954132,1.03122614409438,1.02302386611841,1.01631149662205,1.00956895229551,1.01076593912289,1.00953925636935,1.00470921415898,0.998650376304339,0.995190986171642,0.995190986171642,0.996388167224835,0.98245701960304,0.980806029403869,0.986325139276238,0.978060612507111,0.978939552835461,0.985877681427465,0.977431720762964,0.974135948462672,0.974135948462672,0.971771543814609,0.96514385892807,0.973111122530004,0.972335665287048,0.976968669417777,0.98407204154834,0.984019051736271,0.981537631598215,0.973629077224173,0.973436058540489,0.970164433693201,0.971023445665566,0.969080473713218,0.97143690643923,0.968191590656695,0.97276174935278,0.969866832136257,0.965949053518393,0.96771415511392,0.96776114044728,0.962110658037126,0.963725924082394,0.962125768071633,0.963003918952847,0.95979149763564,0.96115561434882,0.961901390546338,0.964973935942559,0.967753975589905,0.965925076644185,0.961637075405735,0.964926217538213,0.963001056191653,0.96032974880819,0.966973166062036,0.972742807328817,0.972742807328817,0.981868145509967,0.98831042822244,0.986581074640803,0.985845179329938,0.983404367805769,0.98165651353463,0.98165651353463,0.98271868925198,0.992469741641532,0.991690613368105,0.993052813082251,0.984797852646205,0.983486942554564,0.98896879361739,0.986229391168445,0.957604316502511,0.956314376482238,0.896371703425822,0.894886971158578,0.893970931514858,0.887418626273996,0.887306112933145,0.942851247765926,0.942851414429021,0.937163228025608,0.908234205959214,0.907982459340218,0.995953279394056,1.01273997806856,1.0203645754762,1.02383345810998,1.04843744881104,1.10344583818282,1.10783689622556
8,24,0.983811667230766,0.989636769508964,0.999287020204538,0.994574670732121,1.00986108160655,1.0125752998667,1.01292267023855,1.01247443010424,1.01043271511086,1.00590055425302,1.00594600055737,0.99929168044758,0.997908540077686,0.994466903491511,0.994070867483065,0.992197053582043,0.992269172217849,0.991559713246965,1.00081319003962,1.00513168825462,1.00520451317685,1.00690677876894,0.997389893321633,0.996732914412255,0.991549852719362,0.994151586796513,1.00563717242705,1.00580026027834,1.00816270794306,1.00662325446704,1.0059839948254,1.00469509732314,1.00198247472575,0.994513069299685,0.995928233401816,0.992083281257069,0.952790221926094,0.954238149339393,0.942742906186303,0.938226025267025,0.938977882602433,0.942080052288774,0.947646381810661,0.946326515382772,0.947080621433097,0.947740060356211,0.940025034262717,0.939570517798776,0.943696746599847,0.944426685503922,0.946449754916856,0.946563144894714,0.962197144152755,0.904244174991845,0.903985298957827,0.911682668479635,0.912058381427318,0.911124717917003,0.910060048732905,0.908428529319405,0.909404309748779,0.919144684260468,0.923342198714864,0.914208208425621,0.916143601637883,0.917799418490002,0.914944457829944,0.913380634549202,0.907530951228999,0.896336106171052,0.894955759085066,0.894830799450124,0.88840755247374,0.893666292248441,0.893380458003727,0.900026969211149,0.881733527841184,0.896685665665939,0.893438184855235,0.892347759509936,0.905958841706222,0.90657053344382,0.921886079986085,0.931200386689496,0.930885573186357,0.923084896068342,0.921386238048679,0.903532192423205,0.903809423966428,0.87394301018473,0.869414787076114,0.870368895251903,0.874197687637646,0.907370502932082,0.907370502932082,0.95454325190804,0.997739308930872,1.03842016628508,1.03738332876012,1.07003648586918,1.05951036194998,1.06006406528592,1.07361969804169,1.09302424075921,1.09362920966817,1.09615721497776,1.12946052773999,1.14701200574875,1.14795825262381,1.17201680577631,1.17284415776454,1.17330224131433,1.16969024993371,1.1340182588008,1.1495467082433,1.14793390859667,1.18773532522189,1.19739887232191,1.19737996972309
8,25,1.00948775848179,1.01745259263555,1.0208083221525,1.02030379533355,1.02221067274339,1.01045108147185,1.01502901789033,1.00969547912549,1.00227338015875,0.996365115410424,0.996472707515049,0.992745892735139,0.976376085211246,0.980064206872636,0.9595863668459,0.985754117542842,0.985647170299498,0.997567747853295,1.00170848972077,1.00514268153996,1.00592859897572,1.00262480319728,0.996438498723867,0.996629192897346,0.992164030266901,0.997940176330651,0.998207440884534,0.997395703368793,0.995293618884379,0.995116449699429,0.989456347004681,0.985046686032974,0.98208576956935,0.98208576956935,0.978336325574079,0.94931490473856,0.94931490473856,0.951526970603435,0.958836975979266,0.965948337137815,0.965948337137815,0.947348564490685,0.950052895750745,0.950335885216992,0.950505162704608,0.960201983361595,0.976564329273387,0.976564329273387,0.965489980732235,0.992805038158994,0.99166298073483,0.986228513242478,0.97240219263746,0.974370110483987,0.97406730323008,0.998489204706972,1.02061107691609,1.01752398891973,1.03455834014447,1.02058822024349,1.03061919058402,1.02684456946555,1.00879832966794,1.00546418204087,0.999727885870922,0.988132112064738,0.999721124666949,0.999402697110697,1.00751369622032,1.00927476258324,1.00948642701225,1.01039916564465,1.016253996758,1.0104440608839,1.00923918781713,1.01030915366869,1.0064432049657,1.00726347394182,1.0066949026494,1.00279143214577,1.00063633307603,0.923187363661991,0.843272434047219,0.859362268369152,0.857424916784223,0.864298849216756,0.884284237695765,0.884284237695765,0.887777189801523,0.891526364353785,0.889117333644266,0.890615961998091,0.892846402374263,0.902446219243804,0.90199073903919,0.899218512883325,0.891297442775153,0.890481946380031,0.896821681819652,0.888338891448375,0.889676584666861,0.889676584666861,0.861299867862081,0.845933472909046,0.845679078928863,0.858632485156946,0.86511794374442,0.868324141100596,0.878787314157612,0.875741761196267,0.876712971679915,0.872820731600777,0.855288629269827,0.862558762126263,0.862938431341768,0.873792412809657,0.890479798577411,0.893199493262987,0.893199493262987
8,26,0.973020148304253,0.978388573739416,0.975185065782284,0.977919938763095,0.987169639445306,0.993991872857094,0.998559543832927,1.0011172360571,1.00904449932139,1.01449908692028,1.0172025019308,1.01865804305181,1.01021762627008,1.0104385483846,1.00510319746934,1.00846309120061,1.00682691337385,1.00488226958205,1.00931220371371,1.00966483697813,0.974350410451706,0.965108615717276,0.954205449706277,0.954195088834391,0.96123010185246,0.990067224412363,0.989808315305937,0.998183672690729,1.00265191563252,1.00259147766126,0.997148819101338,0.991107533134318,0.978966366492082,0.978595630467678,0.972128621224335,0.963394093862942,0.963033347412515,0.965369588632687,0.9631604149207,0.961589898919148,0.964690937027348,0.960023512774507,0.943359871496384,0.934896654119371,0.929686042766556,0.936696853474728,0.936895771184441,0.940372502290605,0.941041942110587,0.94573535189923,0.94573535189923,0.942942311478911,0.941297448251947,0.941275641676153,0.941814056504479,0.944609448343956,0.943952184674514,0.9475933997057,0.945933808426892,0.929576655740839,0.929627343731008,0.932085145619189,0.941260574938939,0.941227874820784,0.944304488799984,0.941458952819419,0.942597212421896,0.939306793975261,0.939676309538691,0.944595285569815,0.944798099136379,0.940932418480637,0.946071815649148,0.94590615159991,0.942778214566816,0.943301063429857,0.938964511897598,0.939408225975304,0.942348551454459,0.94005406588032,0.939946529690328,0.940994158987525,0.946432759381639,0.947175328279038,0.937330308373406,0.923067151617773,0.93235551558544,0.932068706064544,0.93259436374062,0.939583851641791,0.93891778829267,0.955386016742289,0.962569569379505,0.958736643193771,0.966499070419992,0.965054647736763,0.964589864307461,0.964581466854965,0.965622596308553,0.962213209311478,0.963116727732082,0.937484905652733,0.926541405607582,0.922243323023887,0.922069835316162,0.928917683850971,0.963187249183348,0.962106965425874,0.986857226399341,NaN,NaN,NaN,NaN,NaN,NaN,NaN,NaN,NaN,NaN
8,27,1.12801606319418,1.12639137010936,1.12545393965848,1.12516029855088,NaN,NaN,NaN,NaN,NaN,NaN,0.936535591721822,0.952908121647678,0.965302567146892,0.965302567146892,0.976394135351843,0.987860280097093,0.988044118445891,0.981996212491219,0.972534603848605,0.971916440683059,0.974177795871415,0.966166117468404,0.949484456814722,0.949484456814722,0.948383893054694,0.971004796541614,0.971004796541614,0.991110423016929,1.00624912283453,1.00686533606133,0.995328829225542,0.987531806510589,0.948072428466092,0.945694548789221,0.916630216421627,0.921948096199543,0.92190522790297,0.927523207835451,0.930941499286207,0.942283451054809,0.941666933499281,0.943940626105116,0.940561073693845,0.940544958324819,0.931439958189024,0.931462111306392,0.936638968294671,0.901281553650014,0.911666059764297,0.927768026550053,0.927768026550053,0.934260860170385,0.931015795402648,0.932710429968213,0.935204477766525,0.932401824753588,0.932361002067329,0.933751060970917,0.932593061313336,0.928729696408076,0.928729696408076,0.928144868161117,0.927034300296977,0.927034300296977,0.927461355719392,0.928588392469187,0.928448421341231,0.929985279861069,0.927689858025377,0.900212589923588,0.900147648098825,0.879814212352156,0.905930968101514,0.905532504400604,0.914274749430821,0.926024882555035,0.928121329805266,0.927466391714229,0.927594715833148,0.9309878133135,0.930627368219308,0.931692597187402,0.93290809684724,0.929367964928435,0.930510788613456,0.918319831770297,0.904443040355252,0.902876964883343,0.91299165160931,0.929958332923293,0.929700447292471,0.961949369702559,0.985135731370938,0.985065108648851,0.990297360447146,0.982801893455649,0.980568231455472,0.980568231455472,0.972650154592547,0.974039260789722,0.973795352347025,0.965203616796896,0.935352668880985,0.939638137671828,0.941912862351641,0.941782014560149,0.949405497420679,0.94684988244819,0.953861748042506,0.954350276323626,0.955151408842391,0.955832797178079,0.94562958306151,0.941142266836827,0.948019093379825,0.940877143724342,0.94862899970142,0.952320341931005,0.931332746734724
8,28,1.01551997868648,1.01512235213462,1.00701907276323,1.00251107150463,1.00191464928517,0.998007005757571,0.992084943721378,0.990778297560053,0.990778297560053,0.977270546434755,0.974754518891998,0.974754518891998,0.983938650231356,0.999317199995158,0.999317199995158,1.01766297227886,1.01508022472842,1.02208424978955,1.02208424978955,1.01767398125269,1.01656151592814,1.01675186028936,1.01111535134906,1.00317651845974,1.00394115093365,1.01506661377057,1.0451147660031,1.06500466463764,1.06508808182911,1.05850800378486,1.04738007239177,1.0465645958268,1.03472021914827,1.03326413566285,1.02735834252661,1.01798991324455,1.01498104639589,1.00634956551292,1.00634956551292,0.99002698429094,0.987657437141347,0.988088086033097,0.994463350673745,0.920862919375916,0.897278192781936,0.896710782786879,0.895637603316741,0.910187317375397,0.909874618188999,0.924180475434506,0.935858792083436,0.947408600359708,0.945882801934822,0.943810422021962,0.937683199093425,0.946364245504886,0.951092954626032,0.942638980644042,0.942638980644042,0.942031517897494,0.94141178668658,0.941330887959402,0.942959312599992,0.949594103176896,0.940048890633296,0.940052984335062,0.936656513537027,0.948828097678639,0.948676965120497,0.937899015970112,0.913281001810733,0.946152234538249,0.947167654242768,0.966467811190184,0.966578010655785,0.966407952023187,0.970660948301648,0.973924187573848,0.97647174943054,0.970852596251415,0.96830291523058,0.974390276418601,0.974646099068626,0.955535539309004,0.956049944003829,0.955996395450787,0.956894631633125,0.968691136425953,1.00091575148813,1.00183570784934,1.01350710295259,1.01301912804518,1.01271998808334,1.0070946556185,1.00023235943508,1.00325395715041,0.993426074487822,0.982705305417745,0.981870262797159,0.973633576366095,0.973280794291747,0.982199667728825,0.981810831422255,0.946647962160338,0.871254907966334,0.871274940652949,0.90063363427619,0.93691889620732,0.958829870118719,0.958478279854798,0.959490780575379,0.959144359293428,0.959181573181062,0.962554142089502,0.963199794207343,0.960096602000012,0.960294663529769,0.957036542953404,0.953487139661725
8,29,1.00774511062496,1.00058436332233,1.00434591922735,1.00321771367805,1.00588856848912,0.976054340956699,0.98620205444347,0.986083889951365,0.979768034557986,0.993083117566464,0.992625852978018,1.01674130456276,1.02724239348762,0.98301012120048,0.98301012120048,1.00505537284686,1.01549094775281,1.01713235944237,1.01671841371081,1.02047340905892,1.0196758679543,1.00889229890956,0.999914524380744,1.00356171936812,1.00363511915291,1.00358287544624,1.00656951203095,1.00674702095413,1.01571150937829,1.01155544291001,1.01198521950307,1.00916205970256,1.00713168702998,1.00886766090468,1.00886766090468,1.00234494016677,1.00433113893863,1.00393448100634,0.996427026462644,0.989164771222726,0.983059636526108,0.983446849041113,0.999183940889763,1.00369862116751,1.00418427669658,1.01271047474789,1.00657992237953,1.00489443194278,0.97713777199556,0.981734162343568,0.994959240672096,0.995370562205192,1.00202989019289,1.01959436089293,1.02058116900253,1.02970788254733,1.02521227281283,1.01863427749448,1.02481413450656,1.00964305493857,1.01188255047641,1.01957416334891,1.01809641015609,1.0096014688986,1.0096014688986,1.00499441867567,1.00152945465468,1.00213081617385,1.00338837647707,1.04136977253034,1.07340947756711,1.07191662277045,1.09058168029568,1.06197954848765,1.06195029917438,1.0428260904484,1.01307977807165,0.989863657739213,0.978921551604381,1.01508850139253,1.02550401629399,1.02321322266568,1.03192906635753,1.04115501704486,1.05977539410772,1.06049975840692,1.0578842536523,1.05487221115204,1.05788769401291,1.05354048346858,1.04634033855454,1.04657209975302,1.02974727775714,1.02637394897565,1.02243402099853,1.01903201172738,1.02304056649991,1.023049468109,1.02430197749075,1.02719270401924,1.02306380206932,1.02364071008846,1.03169279138153,1.04299243918785,1.04134683218346,1.04005468659652,1.02384554666935,1.00396637461601,1.00478582068783,0.987918135219591,1.00827965925154,1.01131583248017,1.00829222127533,1.06974935243329,1.09761516185861,1.09761516185861,1.12480844618685,1.14854142841392,1.14789341846139
8,30,1.0241921252036,1.01778956007001,1.01281870787241,1.01350194903378,1.00296005878187,0.998148982248979,0.997834496586477,1.00106096656187,0.994400746677136,0.995179030441524,1.00327450801133,1.00654131763184,1.00162118334367,1.00162118334367,0.99684835396366,0.991710867975743,0.992343018139603,0.974470000762829,0.97368294334999,0.966724491228848,0.966724491228848,0.956440118365316,0.961425105356407,0.961699281157823,0.964265447654586,0.976295017108564,0.99069433071584,0.991528371293536,0.997775411458637,0.983604926040382,0.983583804592776,0.981490651295642,0.980362772333398,0.975570848867716,0.965029989735,0.956408508149252,0.954597001691978,0.956694172349648,0.955237656414164,0.953682859034413,0.953682859034413,0.957733394300338,0.951619810685897,0.951503562715195,0.954216131916072,0.952185017185164,0.943656939637312,0.943656939637312,0.946306723882242,0.943249366587661,0.944604631375924,0.945704909522326,0.944163111046002,0.945360019896376,0.936945510822089,0.939102302685849,0.944493056809638,0.942105706035838,0.941365486935602,0.935321875260608,0.935340420198608,0.939215577595244,0.93954790903142,0.936192872695177,0.93584880473883,0.932539209598075,0.934374977192012,0.938589076351789,0.943075188577464,0.941984542252957,0.936127987820761,0.942217555072291,0.940729086780385,0.926264599653415,0.925648100742711,0.921380878311143,0.911309910418261,0.911309910418261,0.926783264119049,0.931165570528585,0.931309628428536,0.939154989814604,0.944406729047256,0.938301790260571,0.938343959575136,0.939487509450325,0.930872552442553,0.92966638154907,0.93052472199759,0.922768085474787,0.924864048271046,0.926117475238042,0.923663220932001,0.926872501324555,0.926652363234161,0.928875625075726,0.936354341417538,0.935947322062062,0.930583162247877,0.929130690086413,0.926294628259307,0.927064732786458,0.921674010957056,0.919099169868314,0.919099169868314,0.926238625769154,0.904038494735014,0.904038494735014,0.889508837623353,0.881942760563339,0.885006238988188,0.885006238988188,0.898170725423389,0.910192475971981,0.910300685046432,0.912015129067429,0.912935701605432,0.907035412754995,0.907954745282508
8,31,0.996478144066951,1.00335574556417,1.00318304453391,0.998340955819128,0.996385221838449,0.995908051438684,0.997665410376367,1.00634471284295,1.00265315071057,1.00476719658043,1.00030105551559,0.99915092529173,0.999800803710419,0.984266139854364,0.984293882566636,0.98522634959426,1.00168755681723,1.01332696851421,1.02686468436395,1.03103625606263,1.04100611328688,1.03843158097383,1.03843158097383,1.00965732889883,1.00994312185085,1.01529800472983,1.01534046610758,1.02468020056224,1.02023049996488,1.02024108515149,1.01318753094741,1.013795128813,1.01440485762321,1.00868626842148,1.00338665121612,1.00534638296455,1.00448156920935,1.00733632355469,1.00207143386276,1.00120126488958,1.00272145819004,0.99730947249367,0.994973318022721,0.986809825416298,0.993277017132666,0.983344875870092,0.982705229245207,0.960051712487388,0.976571042397542,0.976966871628486,0.971653546417524,0.980369834796376,0.978352356312757,0.98724080741043,0.985397114153547,0.986801032497084,0.986801032497084,0.985934237467843,0.980010315862184,0.979613016005768,0.978287781061498,0.983108628762031,0.972759219701104,0.973800381630995,0.983119289213599,0.980990694866004,0.980513041801343,0.981083619045542,0.975187810892137,0.973124839829362,0.978348538603415,0.979604959199608,0.990460692944819,0.986833328526377,0.987627162505704,0.984440470681909,0.986893646067441,0.992229531097446,0.994083628491796,0.993719023147391,0.99692657186705,1.00151681714569,0.994888202907592,0.996693247271656,0.996102679413695,0.990244950570836,0.990244950570836,0.995269408677055,1.01397410790173,1.01976444357535,1.01976444357535,1.02496180157198,1.01965443109572,1.0183817319768,1.02085334034736,1.01656028158385,1.016259036707,1.01150753927718,1.00759692280863,0.999655474076343,0.999655474076343,0.994049755563375,0.996746674635983,0.999796694114507,1.01583095564585,1.03074135654865,1.03074135654865,1.03863326802133,1.05159725809177,1.04854026613189,1.04854026613189,1.04670354937777,1.0432666447937,1.04270486785679,1.04136997582171,1.03506590828056,1.03244044888315,1.02435572095978,1.02009260377411
8,32,NaN,NaN,NaN,NaN,NaN,NaN,NaN,NaN,NaN,NaN,NaN,NaN,NaN,NaN,NaN,NaN,NaN,NaN,NaN,NaN,NaN,NaN,NaN,NaN,NaN,NaN,NaN,NaN,NaN,NaN,NaN,NaN,NaN,NaN,NaN,NaN,NaN,NaN,NaN,NaN,NaN,NaN,NaN,NaN,NaN,NaN,NaN,NaN,NaN,NaN,NaN,NaN,NaN,NaN,NaN,NaN,NaN,NaN,NaN,NaN,NaN,NaN,NaN,NaN,NaN,NaN,NaN,NaN,NaN,NaN,NaN,NaN,NaN,NaN,NaN,NaN,NaN,NaN,NaN,NaN,NaN,NaN,NaN,NaN,NaN,NaN,NaN,NaN,NaN,NaN,NaN,NaN,NaN,NaN,NaN,NaN,NaN,NaN,NaN,NaN,NaN,NaN,NaN,NaN,NaN,NaN,NaN,NaN,NaN,NaN,NaN,NaN,NaN,NaN,NaN,NaN,NaN,NaN,NaN
8,33,0.992730525429843,0.991101172548295,0.994947555597935,1.00288873910489,1.00232958878277,1.0090609051242,1.00181006411784,1.00868206657701,1.00305943479412,0.999970646568103,0.999477117619999,0.999477117619999,0.989542567355719,0.98481480629897,0.98481480629897,0.998812139728393,1.00095858177979,1.01756983330216,1.017952331351,1.02979275836931,1.03419095535765,1.03444841637628,1.03822288655907,1.03228876991888,1.0356455855541,1.0356455855541,1.03533245204089,1.01280612925861,1.01320500595202,1.04076019331239,1.03125585513338,1.03125585513338,1.03442107626866,1.04654205578334,1.0439161255896,1.05413477413639,1.04353404841237,1.03361791056977,1.03361791056977,1.0332972126253,1.01492931148299,1.01548187411316,1.00529705432868,1.00770430901798,1.01000038949519,1.01061644338367,1.01191196004399,1.01108233831483,1.01105398047542,1.00809853118773,1.00603665708687,1.00603665708687,1.00903870543415,1.00639981095986,1.01049267635407,1.01081198318651,1.01105025002804,1.00716746050011,1.00772083092257,1.00240172919834,1.00125236791379,0.991466414901477,1.0074898902254,1.00316189506895,0.998819623667156,0.997566641015745,1.00692360054953,1.01728903106462,1.02454625165306,1.02416680707413,1.02115161174272,1.01464140637753,1.01850571966689,1.0137419525697,1.01687242608771,1.01801061573821,1.01113756533164,1.00232449627783,1.00341641107891,1.00971856660651,1.01421152191552,1.02263734756556,1.02159659500944,1.03540388484991,1.03712904307388,1.04065776273403,1.03594876268149,1.03050272520666,1.03050272520666,1.02325540195887,1.02435691025745,1.02002077658528,1.02055277690486,1.01884273810376,1.01869965249296,1.019317837721,1.0164241660619,1.01007907809026,1.01643748105073,1.01649499415912,0.998352660034773,0.933842487123589,0.935070008537223,0.950064424181378,0.967863772880078,0.984323298524832,0.984247218019174,0.999482597217065,1.00420303748593,1.0023674326373,1.00704173406997,0.999526158891703,1.00351266476544,1.00189630333883,1.00630917482363,1.00763894258151,1.02025289983502,1.04245172430254,1.07627350007335
8,34,0.983661543694625,0.99046611184806,0.983869641095034,0.982350365092856,0.984161870897152,0.981772902328706,0.971784229176959,0.995153175142559,1.00006212794159,1.01333062062481,1.01731937847527,1.01669550325234,1.01089753787931,1.01089753787931,1.00501163661943,1.00688321520209,1.01564840369785,1.01617421169509,1.01385998745697,1.00982160929263,1.0140703313825,1.03012440014917,1.04617846891584,1.06223253768252,1.07828660644919,1.09434067521586,1.11039474398253,1.1095452905476,1.13431036677921,1.17319461837352,1.1785774141968,1.2034993898714,1.20798467167391,1.20502950951291,1.20502950951291,1.20879610303578,1.21196265611326,1.21196729242149,1.22092020698836,1.20346714497863,1.20411754479197,1.21941338375479,1.2212540856929,1.20426585054449,1.20447189027813,1.19149922653448,1.19207703744441,1.19157976222408,1.17545820106714,1.17528134154317,1.19196252124033,1.19146613477555,1.18304109116196,1.21261283953673,1.21284787930084,1.22619587109873,1.22406278707067,1.22483866233018,1.23327782371602,1.25517621435908,1.25988392271194,1.26026395138397,1.27555668780258,1.27356762187871,1.27351888707196,1.26761806601631,1.22709176716892,1.19980003772742,1.19915521488313,1.20479477803163,1.20393614149185,1.20166557419136,1.20859593099305,1.22872837086359,1.22526439780308,1.22506548900947,1.21819565856016,1.21764971851701,1.20495202097952,1.20129084807902,1.19916858571745,1.20146551160909,1.19905278393449,1.19741588435447,1.19698736021207,1.19560588470465,1.13871816365132,1.05650844820774,1.05651111802638,1.00813216120225,1.03560556996844,1.03454379035489,1.03489289296523,1.04883219969393,1.05176814951466,1.0515880407891,1.05092185458054,1.03975545946456,1.04493764455265,1.04612952548873,1.04205931968831,1.04205931968831,1.03967326165643,1.03911644884588,1.02659096550473,1.02465275263265,1.01204958691968,1.01742100926736,1.01742100926736,1.02784322503948,1.04211187151909,1.04173672283231,1.0567441998692,1.07022769401285,1.07614551994507,1.07656191803136,1.07481936343937,1.07891646433246,1.07946835561164
8,35,0.986552091370927,0.996184841100006,0.995904345018589,1.00042704679396,0.997621983690352,1.00260479380734,0.998655462063925,1.00070812172462,0.998620502068512,0.998532944503284,0.996147776492567,1.00310138019039,1.00187342584914,1.00214844541055,1.0016711151597,1.00633438314236,1.00626483877881,1.0058424881187,1.00080401471628,1.0008825154787,1.00218779890011,1.00588176271002,1.01253371378226,1.0123768348566,1.03460137021402,1.07712851738173,1.07717697310671,1.08492422475741,1.09249032220988,1.09361527877068,1.09435232917867,1.08100444377708,1.06490016867711,1.06490016867711,1.05269169544925,1.02967272380063,1.03098342628914,1.00031223443804,1.00970046341759,1.00946515454262,1.00850110579485,1.01024519295955,1.00837978600531,1.00837978600531,1.00060440952389,1.00433787355916,1.00433787355916,0.996385732990135,0.98843228932036,0.988730628211421,0.988730628211421,0.984484320817919,0.991240660324927,0.990469177807937,0.995746910211541,0.988522682796832,0.962821013627999,0.963273285232576,0.968028739609437,0.959466562011225,0.960195119821759,0.965119080321684,0.973241061949801,0.96834172214638,0.975728207230653,0.978154310228897,0.976559128207213,0.975764479471722,0.975107705953097,0.971974984258084,0.967301779175079,0.967113267026588,0.965882073004245,0.965760075772073,0.961744837303183,0.958409597944182,0.955406481213986,0.954927092392901,0.94056259430574,0.947704707907087,0.948152570406419,0.948954464163209,0.954642773158707,0.95343341088039,0.959723372999001,0.970120994088024,0.967637087940275,0.967884028118452,0.964697203741325,0.963567272537088,0.965685207161912,0.966803108313807,0.96057511750829,0.962704166723024,0.962630626329154,0.959755468095425,0.9627545577739,0.962333298235976,0.964695785500382,0.962087922511168,0.961866557066062,0.956375403161445,0.933980072529638,0.945779633544773,0.945685492097491,0.971840387067983,0.998883991983305,0.997043021937695,1.02340310580477,1.03749063491196,1.03833645894051,1.04288635938567,1.04452030317874,1.03657612740893,1.03898854384976,1.01849045460745,1.00683827585442,1.00799975969824,1.00107992127023
8,36,1.00432840328461,1.00417174849518,1.00582407705285,1.00486533117188,1.00227072648971,1.00052004708281,1.00490675057954,1.00438876579841,1.00409969533032,1.00830852229839,1.00759091644764,1.0076710287008,1.00136542117661,1.00425743507137,0.993734936137524,0.993200976410512,0.9859418157818,0.981271737023021,0.981281665667025,0.984799228070755,0.984043944691132,0.981606274089919,0.982886987676571,1.00159948231275,1.01319998438527,1.01263333253396,1.03098419945707,1.04099339919959,1.03861524234258,1.037815541872,1.03537161142183,1.03185403439854,1.03311406771712,1.02672653624661,1.02495017784311,1.0238862257406,1.01893076899167,1.01533662532473,1.01090849712536,1.013727658896,1.01205425252638,1.01149261792745,1.01149261792745,1.00897035827632,1.01379454484467,1.01385014361632,0.991884521698687,0.998140364880063,0.99813769841603,0.992571836593792,1.00391875616894,1.01388019177955,1.00934574986363,1.00775126644652,1.00615678302941,1.00456229961229,1.00296781619518,1.01913142211415,1.02740977306634,1.02838171382921,1.04501169410137,1.06251444285378,1.06054285526513,1.06635085860694,1.0515464761491,1.05153010011487,1.04346876845331,1.0374862702798,1.01751645357557,1.01731231334737,1.00877709985258,0.995631943724243,0.995613695048316,0.95674352973414,0.957337970426542,0.957827097080592,0.912455533606088,0.862964098872598,0.843767159437121,0.838906802456151,0.860241229241097,0.872171476351114,0.871128072700618,0.908933710206946,0.921936986424702,0.928901986663843,0.930149384684775,0.927804710577953,0.926942260742858,0.926559007031994,0.924325830106044,0.925642970554718,0.923283138174308,0.91945214204882,0.909219506467549,0.913875712064728,0.911034005651483,0.903178149856156,0.900665171268662,0.89969869697755,0.906684832334514,0.916679246942343,0.916078654294818,0.915372053104523,0.914012306327467,0.90563259955045,0.904866580652491,0.897877959591133,0.902153902019415,0.902140290832792,0.897438912646994,0.90437699795485,0.904757445248272,0.904085311728205,0.899849443034693,0.900559845514049,0.899766985608459,0.89503664929718,0.898209746130349
8,37,1.08620891732085,1.08624137407085,1.05794623223169,1.05963629678023,1.03941248278038,1.04098177651983,1.01021407468858,0.96747075328149,0.965770970798153,0.914620153417751,0.926362086466951,0.949226656913744,0.949226656913744,0.983907933988417,0.992916944064425,0.992225096029465,0.992872487088893,0.992514892077764,0.992244214566784,1.00067818381883,0.995323612888851,1.0096446496628,1.00908411068827,1.00633787896766,1.02485520207391,1.02565235994647,1.04566818231741,1.0621743346711,1.06478808726609,1.0658932817085,1.05420295965718,1.04635668269509,1.04625928667087,1.03178461790343,1.03195128300514,1.03380427063909,1.02990797606483,1.02292743089412,1.01565104102993,1.01682363512099,1.01075441199739,0.995405580110826,0.997676291046319,0.989126552121397,1.00898322751655,1.00898322751655,1.01126068462484,0.997941498515151,0.995644685444988,0.995703913955781,1.00166560793526,1.00772742813962,1.00732901608654,1.00505320809149,1.00052399873183,1.00832131532465,1.00952004526362,1.01180341177831,1.00820780577581,1.0043249008334,NaN,NaN,NaN,NaN,NaN,NaN,NaN,NaN,0.967552050860671,0.963598081202915,0.969694365204656,0.967579410546585,0.972717295723564,0.97160053702983,0.969629783358052,0.96348009414731,0.96348009414731,0.961424269127918,0.970628509560981,0.97006456631993,0.975073596044413,0.987663746021792,0.988628731766383,0.990244371336389,0.994089005770182,0.99830473748679,0.996407041658971,1.00151240723949,1.00709326088751,0.999768434403718,1.01204796598088,1.04443979148704,1.04986052491096,1.04987703464646,1.05567158058387,1.05795840908631,1.06139138761482,1.06245914881526,1.0623952159736,1.04795659816399,1.04912760582252,1.02869013326706,1.03777159066944,1.03712057926061,1.03841688104668,1.04490776987113,1.04471675236818,1.08611802881792,1.11222244194486,1.11210166000688,1.11902413401924,1.12937956799121,1.14000803626112,1.13909260346427,1.13632914795633,1.1313072066164,1.13087642432288,1.11767522733242,1.1107884371759
8,38,1.0350190313757,1.03367676294691,1.02396240003838,1.00248726883608,1.00199001776331,0.978725428417261,0.991934841162404,0.995038928566693,1.00477280477701,1.01321159210784,1.02162980589187,1.02192643448522,1.00533882151756,0.971462549513431,0.966456145570298,0.972198069438945,0.983968221676361,0.988692647686899,0.987508228227851,0.987060537791896,0.986428966152191,0.986428966152191,0.981451260486029,0.969799152705064,0.970498459724613,0.967707979207044,0.966164162721588,0.967000184299601,0.967500388852493,0.964908721784539,0.968948132061933,0.966894245881698,0.962486151102282,0.964411615385284,0.964579069748977,0.96214580267227,0.96490810517501,0.962944871268882,0.961987621242105,0.957625208001361,0.953158986528103,0.953531761576616,0.945851601297786,0.949806826470118,0.949806826470118,0.960263445908401,0.959330565100216,0.963246705695565,0.961968450986265,0.951089113950623,0.947901007886197,0.950928712906485,0.9502954609116,0.956623108093751,0.961073100277109,0.953131091475289,0.962222438413648,0.963224851457758,0.965820461837785,0.961620612270494,0.953939094696598,0.96390237738224,0.96390237738224,0.977233921413637,0.973926466946787,0.973642535694432,0.96192559498998,0.986001510559677,0.986001510559677,1.0340148290354,1.06120098907487,1.06046282033134,1.09832116092831,1.12291706347457,1.13549683076634,1.13614794200566,1.14086724491445,1.1436569408696,1.13863375650282,1.13835761989074,1.08696401898292,1.03076055843195,1.03079764088756,0.927731650315983,0.899774869675057,0.898573519854703,0.925484082108018,0.94297930551588,0.943835002900969,0.97613663059336,1.00366598739392,1.02530528417962,1.02530528417962,1.0230273013969,1.02454308053528,1.02984975859416,1.01035870089238,1.00580433297305,1.00139684413795,1.00149924307345,0.993183158713838,0.993201290977538,0.993552398525006,0.987868609828482,0.989521394691518,0.986919285908605,0.984843495927075,0.987502845532373,0.987889765291166,0.986269085441017,0.996911394733585,0.99645935066011,0.99645935066011,0.984961336936786,0.949509151004606,0.949849095027065,0.959561485982159,1.00755950334072,1.00142024604952
8,39,0.961310870987287,0.961743336534456,0.964490454596503,0.978931996741709,1.00875150884813,1.00725952492326,1.02848272003019,1.02782868253144,1.02815125677842,1.02304870803992,1.01609209416994,1.01578896140214,1.00804445757554,1.00102682683658,1.00347765092426,1.00347765092426,0.992823317558905,0.984467454048558,0.984802526548507,0.98456239932057,0.994431719091561,0.965859034717421,0.964691988042413,0.919455641686205,0.951862519188581,0.951585239517004,0.970632220447392,0.984638192326107,0.987703854913306,1.00498808091315,1.00016972714674,0.990117822619931,0.990117822619931,0.987502242895257,0.982799700823606,0.982996326998596,0.983161448018577,0.981956852423745,0.980207859452375,0.979681961418083,0.982978128842903,0.984511672087862,0.981352433348638,0.981271349070177,0.98233862174326,0.982524752424137,0.972875291039032,0.974004011308441,0.977687967175213,0.976830284121455,0.957882376438331,0.933551209224887,0.932802405196477,0.936721491020224,0.942662126132381,0.942984997675055,0.942451670841404,0.941324038432761,0.943765286750829,0.943205292027838,0.948188649821253,0.941801503795247,0.941652634677205,0.943741092071145,0.943299810689025,0.936553259477482,0.936553259477482,0.940497960500975,0.935527300189711,0.934627022540535,0.922677932388921,0.918433105788527,0.925943703784381,0.92784197964166,0.891327229013456,0.891327229013456,0.871344130654735,0.865329560242491,0.883519884149682,0.883519884149682,0.894007086738085,0.933990010920142,0.935499501213054,0.974022608146126,1.00344313905839,1.05094164601778,1.05168637314889,1.09481696659016,1.14317040196228,1.14272247765297,1.1588874403496,1.16941727278415,1.17689820393519,1.1772632203132,1.17793805575127,1.17301589093505,1.17289382525276,1.168614597603,1.16233573995525,1.1560978348577,1.1467560103824,1.14459887170858,1.13999669237374,1.13999669237374,1.13374879090136,1.13099173946784,1.13496492665231,1.13477612096603,1.12632399532655,1.12636497023849,1.12872591931229,1.13666701350826,1.12854045804594,1.12888827548882,1.12573100860636,1.0558217572406,1.05640566928868,1.01952358778703,1.02247953097307
8,40,1.12933337015911,1.09511592858563,1.06248991019346,1.06470140619492,NaN,NaN,NaN,NaN,NaN,NaN,0.96523334442296,1.00096012476368,1.00904793689795,1.01379856850129,1.01449637307701,1.01569575184655,1.01776051615071,1.02650970840303,1.03089552580844,1.02512387421291,1.02512387421291,1.02036507909741,0.964502666762523,0.964211587487198,0.945797401166912,0.942847730786493,0.94278622993096,0.954001265939949,0.944077177539026,0.942433858142653,0.941562124815372,0.944634157472687,0.951403881472596,0.948494256984779,0.94210928624083,0.950980517540613,0.951779711579822,0.943269898231939,0.936068623178745,0.929473463812589,0.929697764850284,0.920257772529799,0.917970148499779,0.919153646581809,0.914759351070324,0.927081742892536,0.927081742892536,0.916640979026809,0.905350668739556,0.905979234419064,0.906487219851748,0.912433889285248,0.913749356120682,0.913301214753871,0.920087483360268,0.923789523527297,0.924958974783178,0.924742102276985,0.88641755096604,0.892014347083629,0.891481996405249,0.898076064328785,0.907488279565767,0.908650168410739,0.909383596981479,0.914127317604401,0.914192722896229,0.914015648137248,0.910709644748828,0.906152293363165,0.906364036307431,0.901607588154642,0.896359982003543,0.888093647482623,0.888695191719993,0.885814864640821,0.891108529196422,0.88988597449839,0.895638196121936,0.891556225371909,0.884249133897722,0.883382350450415,0.887722832304646,0.881954507989308,0.884485133218975,0.878189906310696,0.876543151654295,0.877138097935059,0.879692769592905,0.88036330110034,0.877601177020405,0.893929335805617,0.8941616770946,0.904191201029366,0.905858731021292,0.904725730122396,0.910396674527138,0.906090373131956,0.908976027110593,0.914586179776401,0.922733886914519,0.9164675959757,0.924552763617981,0.931681817953315,0.935531021111913,0.956352331377944,0.956979563821342,0.951096710815624,0.930762504688806,0.929958325802815,0.909374689952591,0.908821147905908,0.898944435908854,0.895355398614007,0.895621627078873,0.886092789761466,0.885328350968386,0.885328350968386,0.877877295167909
9,11,1.04996622718235,1.03462170646767,1.03176492609236,0.906647392659344,0.948512392522939,0.954304990429945,0.99077814809847,0.991694800558814,1.00758818290046,1.00758818290046,1.01369728296587,1.00918316100449,1.00649232018448,1.00954263731928,1.01134140931763,1.01223457958893,1.00956491636354,1.00017764881487,1.00429909462811,1.00314284904124,0.999447791357898,0.979846278855351,0.98249402460703,0.925751026848895,0.965593549217201,0.965593549217201,0.993675769779365,1.00436111176311,1.00738888914186,1.00699149109844,1.00519420063173,1.00835816917966,1.0079822358781,1.00407989341525,1.0017334399121,0.99964024821866,0.99964024821866,0.993987026288226,0.987330964136251,0.986841008333886,0.994455731242627,0.992675053827622,0.985733474572901,0.98439219498519,0.984181314956619,0.972839899314718,0.975442857311419,0.953327610150693,0.975240257429466,0.975240257429466,0.991548622153568,0.995022358123285,0.996171111581556,0.955497867152662,NaN,NaN,NaN,NaN,NaN,NaN,NaN,1.02469202515991,1.0431869936613,1.04381075925757,1.08653666837966,1.08178458280026,1.08341546852627,1.05956105861159,1.0718628558022,1.07049052489563,1.0487808343272,1.03793181661548,1.01903369079549,1.01900810680642,1.0464665740662,1.06325140959135,1.06623029495558,1.03280119645558,1.07953830733407,1.07923219835505,1.09587996233939,1.10114626453947,1.11053332389922,1.11053332389922,1.13169783278678,1.13314214875296,1.13410178869704,1.16180323061316,1.17442039793133,1.17364839971,1.18550631035227,1.19636639149515,1.18674513671569,1.18674513671569,1.16457266847392,1.15832800126712,1.15832800126712,1.16393471605452,1.16618357932993,1.16709953794994,1.16831237125542,1.1615537283626,1.14536047622456,1.14535867014044,1.12910648118654,1.12248257069295,1.12618342030125,1.13114304697644,1.12255287397535,1.1229239963339,1.1229239963339,1.12537260927779,1.11516511336086,1.11544068393835,1.11289241557075,1.11142803808858,1.1016230032544,1.10113438068455,1.10005992011362
9,12,1.0070895378487,1.01120517277163,1.00368123190293,0.994524004314107,0.994524004314107,0.999501872664655,0.994324308435689,0.985476281726088,0.984207174786065,0.986934662591605,0.993708794879281,0.993977261362592,0.998816893390211,1.00759739813398,1.00693936412434,1.01165834177998,1.01856479275179,1.00649151757214,1.00077738465011,0.990954128480996,1.01406003127666,1.01406003127666,1.03860063772937,1.04065047684166,1.05256985560091,1.05256985560091,1.0556926769905,1.05466950583024,1.05392381509791,1.04035254968089,1.03363744281668,1.03388138318544,1.02973043142821,1.02600733469368,1.02153121729709,1.0223378844279,1.01464706237891,1.00174905133696,1.00140929408711,1.00258547332626,1.00199564054233,1.00067400780143,1.00227405610801,1.00137630930752,0.99996886547736,1.00121935429174,0.995636452586773,0.967527926123057,0.971746516593622,0.972890736627979,0.972423273722766,0.972356613570293,0.984257302197915,0.985810919629358,0.988687445021208,0.989023637282644,1.00396710894875,1.00108920285785,1.00114829671986,0.999607033995836,0.993406006711174,0.991228574731433,0.988130674401627,0.992262038780959,0.989832942306426,0.989624159235723,0.992684696178978,0.995349881208446,0.99163823420289,0.990675771104284,0.989640763818943,0.983655090007809,0.983560320973465,0.983911393281988,0.974581912050476,0.974688695857384,0.947272040047935,0.940798618994136,0.940578195217499,0.940403387126561,0.919968051979689,0.958588297363306,0.958588297363306,0.981851092754981,0.988961657101091,0.988320890426761,1.01271925777595,1.01642370432529,0.988651909453124,0.98775517388918,0.998149820931367,0.998970055043325,1.00034675922205,0.95041836161365,0.960569606977963,0.959569840527249,0.982473409564346,0.980997453567542,0.977155626522232,0.981709166549895,0.981061982143941,0.984100027368772,0.984100027368772,0.994017506556627,1.00855980166988,1.01713921855465,1.02116896259573,1.01575737872174,1.0101060910551,1.00997019709709,1.0031992916803,0.996599127473685,0.996902655261463,0.992268192593384,0.989200773499423,0.987254003125356,0.988773208734196,0.987404195382536,0.987141850066541
9,13,1.05246531640897,1.05614927561281,1.05850341819127,1.06059278191602,1.06437895548575,1.05859867875607,1.04651679129722,1.04770675973268,1.04070881461423,1.04355299983313,1.04165846609961,1.04117214459657,0.991439224387929,0.882606967759919,0.876410779847621,0.873745114895243,0.913945672443482,0.914955271212533,0.934892566908945,0.945098587520904,0.95697343657664,0.957811831738538,0.968335120553688,0.97584996155745,0.980715523517653,0.978993139039358,0.988667392598285,0.988199724226649,0.992246975781869,0.990460705938303,0.993060553149963,0.99294510156579,0.988961322227143,0.982835764338034,0.979001896348016,0.979773937571951,0.977944513258827,0.977624468766639,0.977904750336052,0.982110114952617,0.980976456355192,0.981873572269542,0.92828591527514,0.945209497812847,0.945919157734321,0.975844094240221,0.982974136865461,0.990748261204325,0.990844874680759,0.995537302653839,0.985537459272222,0.983716133981642,0.943241919697658,0.926500472038704,0.91560019117349,0.915324843416318,0.926878760540644,0.969436961041654,0.976670079905048,0.983655670929361,0.975160967616481,0.975160967616481,1.01553867251799,1.02111604997584,1.03181315764847,1.03181315764847,1.03336488198248,1.033681861463,1.0309413615801,1.02213962526133,1.02477446780057,0.991299857758039,0.99122517995195,0.940884533549141,0.819685669568212,0.820054239231944,0.816552310579146,0.858221355479973,0.858828134135166,0.909161462072935,0.919784358758961,0.940651509480691,0.940651509480691,0.943381375096118,0.950006218521555,0.949982273738848,0.952349637662397,0.950337981711264,0.952380722127566,0.943874507165871,0.944138245001215,0.944194899480882,0.942211278980172,0.942509059350461,0.784984485661678,0.784605608880151,0.657648762757128,0.628035998437055,0.652535349325675,0.652535349325675,0.700518292749519,0.736277381549737,0.734468495734782,0.782176732737384,0.813987787398171,0.813452759886353,0.824497469720514,0.810826080400183,0.718098165074066,0.718743345527623,0.740782485223578,0.793895612618609,0.794699457031359,0.822544283769729,0.824864497358073,0.826573547403257,0.824653850873292,0.821686832804839,0.824257195126326
9,14,1.00442610884528,1.01188069044418,1.0079366871523,0.978400019711947,0.980223950248341,0.984240490321117,0.988257030393892,0.992273570466668,0.996290110539444,1.03344051893326,1.03344051893326,1.02850627614403,1.03981119209037,1.04316533702635,1.04043870329471,1.03457256266475,1.03009108338519,1.03009108338519,1.03096416772835,1.0275186611444,1.02529727059286,0.896031918661794,0.898051841911206,0.94832663826698,0.947846916573602,0.981542935186098,1.00668921899881,1.00651111302074,1.01168850485909,1.00688024132467,1.00460853903756,1.00273850640146,1.00477385088529,0.929513025823675,0.929438179595563,0.920154615716293,0.934013569306157,0.93134564259191,0.958535311089488,0.978120801947193,0.975625909088766,0.975625909088766,0.976107026195971,0.971898601122092,0.972179988428972,0.978581016493453,0.975635683848006,0.975585753072505,1.00966937542588,1.01556927550979,1.01618100620663,1.01633679120069,1.02379632643928,1.05122162750832,1.0508428819084,1.04882766251723,1.04552447206897,1.04516307599414,1.03940068172696,1.0366975765912,1.03813644147139,1.03813644147139,1.04384798313672,1.04369596631456,1.04545739798268,1.02934824383747,1.02800347676837,1.02800347676837,1.02591392246198,1.01451102138482,0.887682667402764,0.887682667402764,0.826904089381158,0.830307229331056,0.830211616037376,0.890168253660379,1.00807285854794,1.05979952801873,1.05979952801873,1.08442963371093,1.12469157112319,1.12498800067037,1.18105000346207,1.18854899840607,1.18854899840607,1.20808329250583,1.2217214468486,1.21874591361576,1.2156627681854,1.19018438214187,1.07324780284003,1.07324780284003,1.0165165329212,0.985250503949879,0.986383785094638,1.03438162502132,1.06206872951939,1.07619520272885,1.07680657952944,1.07929314079463,1.08845782961498,1.08838937736491,1.10249760282154,1.10049672046277,1.10600108835299,1.10600108835299,1.09469291142829,1.05495792606535,1.05570842157107,0.929448701185932,0.851258334755495,0.841397352007563,0.835754670118798,0.885305110453191,0.923292511263576,0.922659252530597,0.885055125258585,0.872938423352797,0.873420773070756
9,15,1.10112195380902,1.10449872985847,1.10811804169699,1.10811804169699,1.10398915093685,0.960417425029597,0.840716925608575,0.840071885326992,0.896316003132223,0.94354307388383,0.943156196249571,0.955666663347273,0.99858181467746,1.01227051268538,1.01195815002349,1.01519395298073,1.01655598728453,1.01682143298037,1.02288405879166,1.02724139140051,1.03332138746986,0.960926813657686,0.932995006476883,0.93289308537307,0.946462619158928,0.991292963135139,1.02569370878302,1.02569370878302,1.04505031271097,1.08310969401921,1.08310969401921,1.11655667411997,1.13767575314418,1.16004640358448,1.16041613918404,1.17863809672484,1.18799230989643,1.1885891183791,1.18352121520814,1.17740789859747,1.17640214257842,1.17648639246601,1.17261833027769,1.17536322792435,1.17196078980893,1.17740152054681,1.17563200028281,1.17507788517312,1.15142496443135,1.01546019218718,0.96450287663433,0.964529158728184,1.00378465797205,1.04013595469155,1.04041295262744,1.11990445236923,1.15103417936001,1.1448352445292,1.15152385553592,1.15083823304802,1.15630859170467,1.15630859170467,1.16045323548987,1.1700818334375,1.1701163520816,1.17057446232794,1.17509774158537,1.17428166618872,1.17793441763617,1.1789926876365,1.17839947088352,1.17805197320032,NaN,NaN,NaN,NaN,NaN,NaN,NaN,0.879190376235701,0.912203655914588,0.912203655914588,0.923852767129968,0.930766442313944,0.931121953579707,0.941209569999561,0.845705744642943,0.760714855290482,0.760714855290482,0.802155428141838,0.840958391847233,0.841950367338309,0.852694788194201,0.857332291658182,0.855349344399089,0.862766681211439,0.856056714170789,0.868499352074708,0.86782255103705,0.869220696535244,0.873364057550448,0.86506920676371,0.810765628480836,0.820949050192729,0.831132471904621,0.841315893616513,0.851499315328406,0.861682737040298,0.861451845638983,0.890972136955753,0.914335419105924,0.914448482913849,0.919557789792577,0.930752849303783,0.942123013249733,0.94184524938251,0.957571031399718,0.95990923994392,0.960916184248564
9,16,0.976932968910354,0.995984637001111,1.00024167932127,1.00286481951351,1.00346089099805,0.997272477776725,1.00233748614787,1.00084540713537,1.00381561582173,1.00301736731485,1.00310074342671,0.999638512037108,0.999534158459324,1.00410351457182,1.00248457132494,1.0009274031359,0.999748575856204,0.998405795695794,1.00528337555136,1.01220708947819,1.00898180865234,1.01511473793042,0.971056834516772,1.00698006794791,1.00504118548358,1.07816257426673,1.10639785988954,1.1066218555529,1.11566304093443,1.12691111070325,1.12510123608805,1.11542237307276,1.108103550057,1.09732214442188,1.09730293500983,1.07182427603408,1.03129499086962,1.03001804695475,1.03378313390091,1.05782049652797,1.07344605986928,1.07487113344279,1.05215284580169,1.09329157439096,1.09329157439096,1.11141797332729,1.13738385444657,1.13798900615845,1.17295818532692,1.17933657036347,1.20399909511823,1.2068896811157,1.21362493437477,1.22773176735833,1.22865341051909,1.23992726913398,1.24616155774489,1.24669436540827,1.23890653048824,1.2066436474841,1.21968822685706,1.23273280623002,1.24577738560297,1.25882196497593,1.26066606044873,1.24732046331357,1.25352446503656,1.25974192470499,1.25874672440898,1.2283539941141,1.18792097063211,1.18741741472342,1.14784611110817,1.13056106483017,1.12951462526312,1.11790713529126,1.13118236318892,1.14422546841957,1.14422546841957,1.14458265679541,1.14080299836105,1.14142164969169,1.14993058780744,1.15060951171853,1.15084583008496,1.15615029058308,1.15629901934174,1.15019627267479,1.1550299259544,1.07646201810506,0.910530193989016,0.902186764755693,0.85031034576795,0.843413230649403,0.843764490937106,0.842618674338085,0.896157040636125,0.971228461742699,0.971228461742699,0.998523962949178,0.997965694632113,0.997782734905422,1.00039793492697,1.01049846685125,1.01584198998649,1.01583791970918,1.02083268279345,1.01737172378406,1.01777092538236,1.02756113565148,1.02556757996288,1.01606628753267,1.01498929763949,0.91094868947521,0.824376392140412,0.812385940318841,0.786184682541917,0.768544552917986,0.768857751347737
9,17,NaN,NaN,NaN,NaN,NaN,NaN,NaN,NaN,NaN,NaN,NaN,NaN,NaN,NaN,NaN,NaN,NaN,NaN,NaN,NaN,NaN,NaN,NaN,NaN,NaN,NaN,NaN,NaN,NaN,NaN,NaN,NaN,NaN,NaN,NaN,NaN,NaN,NaN,NaN,NaN,NaN,NaN,NaN,NaN,NaN,NaN,NaN,NaN,NaN,NaN,NaN,NaN,NaN,NaN,NaN,NaN,NaN,NaN,NaN,NaN,NaN,NaN,NaN,NaN,NaN,NaN,NaN,NaN,NaN,NaN,NaN,NaN,NaN,NaN,NaN,NaN,NaN,NaN,NaN,NaN,NaN,NaN,NaN,NaN,NaN,NaN,NaN,NaN,NaN,NaN,NaN,NaN,NaN,NaN,NaN,NaN,NaN,NaN,NaN,NaN,NaN,NaN,NaN,NaN,NaN,NaN,NaN,NaN,NaN,NaN,NaN,NaN,NaN,NaN,NaN,NaN,NaN,NaN,NaN
9,18,0.854789289662155,0.853517164875063,0.896555083668762,0.961630129394203,0.960511934548751,1.02306169208161,1.04574723672595,1.04536707366025,1.06458129258942,1.0693110756883,1.07302501143483,1.07485303727473,1.08094815362516,1.07339295104192,1.07339408510881,1.07894985777271,1.04366178162194,0.864255574016399,0.862447575209048,0.829697216083704,0.862059744345208,0.860358708700054,0.999338638113139,1.04911408899652,1.04509910875448,1.07211353330288,1.1004629373193,1.12405779368459,1.12417104064249,1.1347074311922,1.14140795280586,1.14027727792593,1.13350521154913,1.13533847577816,1.1340735017518,1.12919059797003,NaN,NaN,NaN,NaN,NaN,NaN,1.13349518289788,1.13287520802347,1.13369746860072,1.14081155109266,1.15082255563859,1.17014469233231,1.1670470956239,1.1795487140967,1.17217971061309,1.1727665349731,1.1739776598122,1.17186737607358,1.16583410304846,1.16583410304846,1.17078248149313,1.17888520947935,1.18000535819203,1.157979835408,1.13099784418562,1.10401585296324,1.07703386174086,1.05005187051848,1.0230698792961,1.02282199797042,1.07198515144703,1.08498196632654,1.08473131369831,1.08066200266263,1.08648857221339,1.08352424828246,1.08029431734569,1.08355496904006,1.08832771230461,1.08545760539396,1.08748841158757,1.09447254492757,1.09351942605796,1.09753124505972,1.08967563562704,NaN,NaN,NaN,NaN,NaN,NaN,NaN,NaN,1.04291625904938,1.06509547826557,1.08574419051506,1.08574419051506,1.10589500065115,1.11089894627167,1.11083986409673,1.08499410162552,1.00520224143583,1.00101915814972,1.00159084071683,0.958615115258237,0.949144917040072,0.949144917040072,0.967026902476606,1.03851129724626,1.03889266453744,1.06063511935604,1.07812692554534,1.07934531465594,1.0820534531844,1.09063514471998,1.09615732511788,1.09615732511788,1.04073611333623,1.0004920921215,1.00907354821296,0.995775676930491,1.01160699592996,1.04999570729117
9,19,0.82732401123699,0.912005462867759,0.9749394510659,0.977998393880623,1.00990822054564,1.0270351500223,1.0281383712383,1.04063154733427,1.05320153515528,1.05281614529567,1.05508829641186,1.05137231806001,1.01561752930309,1.01491215863963,0.984859880186357,0.977043886520028,0.988022042751896,0.99475478533413,1.01433081415028,1.0290643143271,1.02951804786105,1.05817876998237,1.10608965013536,1.13807794065065,1.13822387867841,1.15170699066465,1.15377456720786,1.15340338366423,1.14893627415597,1.13611239309574,1.13562893369388,1.13194281851235,1.13089738359887,1.13819196232129,1.12998143365523,1.12830163860059,1.12568013515278,1.12446664800406,1.12143916194446,1.09736678012759,1.09834948949853,1.00191743953271,1.05687997886606,1.08546232201883,1.08588992994393,1.08626563384349,1.08823859763556,1.08805883556669,1.03668314746951,1.05489232926373,1.05593598514586,0.975222265392044,1.00812230281611,1.05357679805234,1.05357679805234,1.06815325569537,1.07793168646446,1.07818447280774,1.07999637103359,1.09002221881913,1.0975541160321,1.09690984232477,1.08813674203661,1.08756507353914,1.08877950196474,1.0859402282584,1.08890706916794,1.08596269795595,1.07652540926644,NaN,NaN,NaN,NaN,NaN,NaN,NaN,0.898520848272028,0.898520848272028,0.955141857822919,0.978324347850893,1.02353751024572,1.0232959857754,0.916741750745009,0.908697602314245,0.914124150875554,0.944113110628926,0.932289699472092,0.945343736718583,0.941642066895171,0.964524389468183,0.966927825398494,0.965322826255991,0.967358363298225,0.96771440593069,0.967516044363829,0.975475448000206,0.976520664359008,0.98121508470801,0.980459955509318,0.97808879166091,0.831768559734594,0.831478708068554,0.775760930622848,0.807167997480105,0.807792616953422,0.860926724866127,0.894209308742092,0.901713964234141,0.902061382817915,0.920629979500718,0.918523780094858,0.918782272541731,0.923685517783896,0.928517292072505,0.92692384641735,0.932819901584354,0.933096028448946,0.931282461469409,0.936842124515006
9,20,NaN,NaN,NaN,NaN,NaN,NaN,NaN,NaN,NaN,NaN,NaN,NaN,NaN,NaN,NaN,NaN,NaN,NaN,NaN,NaN,NaN,NaN,NaN,NaN,NaN,NaN,NaN,NaN,NaN,NaN,NaN,NaN,NaN,NaN,NaN,NaN,NaN,NaN,NaN,NaN,NaN,NaN,NaN,NaN,NaN,NaN,NaN,NaN,NaN,NaN,NaN,NaN,NaN,NaN,NaN,NaN,NaN,NaN,NaN,NaN,NaN,NaN,NaN,NaN,NaN,NaN,NaN,NaN,NaN,NaN,NaN,NaN,NaN,NaN,NaN,NaN,NaN,NaN,NaN,NaN,NaN,NaN,NaN,NaN,NaN,NaN,NaN,NaN,NaN,NaN,NaN,NaN,NaN,NaN,NaN,NaN,NaN,NaN,NaN,NaN,NaN,NaN,NaN,NaN,NaN,NaN,NaN,NaN,NaN,NaN,NaN,NaN,NaN,NaN,NaN,NaN,NaN,NaN,NaN
9,21,NaN,NaN,NaN,NaN,NaN,NaN,NaN,NaN,NaN,NaN,NaN,NaN,NaN,NaN,NaN,NaN,NaN,NaN,NaN,NaN,NaN,NaN,NaN,NaN,NaN,NaN,NaN,NaN,NaN,NaN,NaN,NaN,NaN,NaN,NaN,NaN,NaN,NaN,NaN,NaN,NaN,NaN,NaN,NaN,NaN,NaN,NaN,NaN,NaN,NaN,NaN,NaN,NaN,NaN,NaN,NaN,NaN,NaN,NaN,NaN,NaN,NaN,NaN,NaN,NaN,NaN,NaN,NaN,NaN,NaN,NaN,NaN,NaN,NaN,NaN,NaN,NaN,NaN,NaN,NaN,NaN,NaN,NaN,NaN,NaN,NaN,NaN,NaN,NaN,NaN,NaN,NaN,NaN,NaN,NaN,NaN,NaN,NaN,NaN,NaN,NaN,NaN,NaN,NaN,NaN,NaN,NaN,NaN,NaN,NaN,NaN,NaN,NaN,NaN,NaN,NaN,NaN,NaN,NaN
9,22,0.929621747677536,0.933029704326156,0.933592466179154,0.958409424997707,0.976500100736647,0.976665146711191,0.995215971425136,1.009743482324,1.009743482324,1.02363105537683,1.03683737482076,1.03043723809515,1.02785848879441,1.03557998335066,1.02667154076225,1.02667154076225,1.02816040087217,1.02384546711547,1.01778538334851,1.01860047542643,1.00835677427397,0.985733067914988,0.987075052403434,0.872438695897078,0.924255290264121,0.924255290264121,0.952368787576418,0.96152081990587,0.966754036748607,0.966837266315717,0.963285131815316,0.955167210075683,0.955865345125701,0.951487591317231,0.94915055658799,0.947850400800481,0.939337093274161,0.944797841852991,0.879748929351908,0.880636626165798,0.92449021805703,0.960602781781337,0.960602781781337,0.980367739431201,0.976277801096428,1.00181657735914,1.00026476537125,1.03343214740283,1.03589044250249,1.03540102782038,1.02873100726357,1.00038715909433,0.999920065019155,1.02484681269443,1.04876938151842,1.0521811584304,1.05590592748376,1.02120891890905,0.986671705691876,0.986029919293511,0.919013761672347,0.800000279131734,0.798837043217306,0.728026826641716,0.705856592516964,0.763027201465628,0.762472809779756,0.823991337851006,0.844266652632802,0.843771742270661,0.869595563529154,0.879579656985434,0.87938860094187,0.886081416295916,0.889598524993545,0.863609411060208,0.863012823809909,0.755550362738035,0.707926335464075,0.708750785736983,0.687618827275185,0.716992084282758,0.769376321072038,0.767918907641761,0.810722831919517,0.820986337425175,0.821325541059498,0.829872520199815,0.841111595491357,0.842952808646196,0.840335323051576,0.842050250996434,0.850359792213746,0.850359792213746,0.854020814159881,0.86478044670205,0.865270738078729,0.871118710729178,0.883928572378577,0.883187465303119,0.893340088818183,0.899529375709521,0.899528306337565,0.899014398982382,0.905365610030895,0.911581033246249,0.911340826046629,0.926408198052777,0.939827568765738,0.930841871564115,0.930211764453136,0.825570544438549,0.858712970058158,0.859616002976524,0.896069806308004,0.923848413299719,0.924330180544287,0.948210362502611,0.987618007021968
9,23,1.24842955219933,1.24733410706062,1.24818216305083,1.25149415298873,1.24431669166056,1.25123561315416,1.14690891412844,0.969031775300601,0.969011179864442,0.805907059088051,0.766614825426345,0.767147362800633,0.773394711075738,0.782871925809186,0.842730258679398,0.840509723139117,0.92835937103614,0.958025578811994,0.958495034725673,0.976145386877837,0.999469110835247,0.999469110835247,0.945580067247787,0.891761589408986,0.972711783483845,0.972646631949047,1.02743030641425,1.06126927704319,1.06055280999598,1.07559500344436,1.07316088913088,1.07284277745249,1.07212820294257,1.08049756939113,1.07444772766498,1.074445736022,1.0717130795436,1.0748717836857,1.07600194090588,1.02057194464007,1.07273621798246,1.07249208879726,1.13010066997851,1.16435484968043,1.18445886223904,1.18605330502577,1.21891663562313,1.24491772375236,1.24361543146528,1.26893163113247,1.27597952634606,1.26221528302003,1.26104588208755,1.22172922311995,1.22900939737435,1.22900939737435,1.20419880512058,1.22587590295532,1.23827935318758,1.23836221606374,1.27226081650157,1.3025297324699,1.30402654886305,1.33767185400093,1.37794390642718,1.37740755825264,1.39134854473657,1.39839139341839,1.40008715954433,1.40388693900484,1.39981081021995,1.39451705382115,1.39491510512594,1.38237227975461,1.37087593519112,1.37139086454108,1.35949718826414,1.35378387583015,1.34058770714258,1.33930328262511,1.33471665864574,1.32640733025258,1.32665595241727,1.31781851628449,1.31485834019251,1.31466879575797,1.31749098614531,1.30606703211117,1.25200620926384,1.25234070890819,1.16080259424709,1.19160839509443,1.19271896373901,1.19720969941103,1.20857539647778,1.22802412694785,1.23045330480871,1.24640939755486,1.25041964610558,1.25008620433064,1.2526434014752,1.25342774080517,1.25484284833774,1.24596418682036,1.24630651896087,1.2450499034776,1.24236705312503,1.23825138135095,1.24339689110486,1.23950134835196,1.24626256180002,1.24498215899675,1.25117992985153,1.24894083093458,1.22674860649667,1.07111279259568,1.07504543520714,1.03074590686567,0.927733614015878
9,24,1.06127088467583,1.06127088467583,1.07283760633075,1.0729275667242,1.06877400140753,1.06786695747618,1.06445853557467,1.06275176051651,1.06240905217705,1.05598735781137,1.04830207326935,1.04894636955516,1.03507573930515,0.946486835923833,0.854130900131992,0.850025247919472,0.83347647728573,0.866183300178094,0.866818449061279,0.922772782494607,0.938793748821497,0.958451072800372,0.958451072800372,0.979228871495859,1.00502497565821,1.00485559695676,1.02730969264238,1.02855601379063,1.02821548916376,1.0296098723581,1.00561440127905,0.98161893019999,0.957623459120935,0.933627988041879,0.951136182358015,0.951792504568566,0.954787975288244,0.968239352247029,0.968400102226949,0.972179784266774,0.977732451137829,0.980467145812486,0.980304840542565,0.981496713591663,0.975612711141476,0.97658298701662,0.976985463318961,0.966810143449892,0.97645981872009,0.97645981872009,0.97359840093519,0.97887018283284,0.979070779512797,0.980259073239403,0.982675450292068,0.981950889847817,0.991098077514886,0.990584527671359,0.990344278623868,0.994180231741636,0.999988647220405,1.01391700573936,1.01368040618597,1.02061843985898,1.01677822034479,1.00904171045919,1.0137916021989,1.01087477177461,0.992047167196299,0.992047167196299,0.871082559018829,0.821122876576229,0.821936749164625,0.835911448296933,0.837105979687596,0.835721624706702,0.834091028251675,0.864501804404445,0.91326533262031,0.91326533262031,0.938269637294136,0.942543063351277,0.942174250798828,0.952611490694219,0.956240140793353,0.947161018719838,0.938081896646323,0.929002774572808,0.919923652499293,0.910844530425778,0.901765408352263,0.922398614530373,0.940434478169147,0.94019781227228,0.962481221223351,0.986317609290528,0.98649032130851,0.988740289162801,0.990452191861103,0.98895538296823,0.989289254429801,0.978503043422111,0.977538783510849,0.977538783510849,0.983426457706441,0.986824105931729,0.989473864806574,0.99013213666231,0.987535149924714,0.989319258491082,0.992272073582844,0.984891942943265,0.95102897412385,0.951281354921431,0.972267935329188,1.00995164748629,1.01005177153208,0.975447291409008,0.940480790472758
9,25,1.00976266067127,1.02586536143477,1.02662864380132,1.02229678363998,1.02229678363998,1.02512926855486,1.02627651671039,1.02673520985849,1.02154631643748,1.02470801984795,1.02176657689395,1.02164740468928,1.01704229627159,1.02006993299987,1.02122055657951,0.967449950433887,0.902302334496876,0.903372811762557,0.893882571275979,0.868358623158921,0.903888377644553,0.9038720872839,0.9996189021616,1.01744188142079,1.01744188142079,1.02559861396316,1.04806665531419,1.06516909874056,1.06742888820428,1.08079245875443,1.07140204062265,1.07045976435028,1.07364170468662,1.07115157885613,1.07076049208742,1.06022874124391,1.03460788699381,1.03371623743306,0.971952480459901,1.01561997863444,1.05433209450109,1.05417808880797,1.08185091014318,1.08117916606976,1.08100431639643,1.07589126961051,1.06375738480751,1.06719298837658,1.06719298837658,1.06398742343978,1.07077001804496,1.07052981388872,1.08148547303652,1.06976530175789,1.08981128162018,1.08618648889201,1.12723167388005,1.10836907051976,1.10991801763133,1.14481328496037,1.17522628920712,1.17658905981773,1.18300082645269,1.21242029921725,1.22435143389064,1.22435143389064,1.21739168197995,1.23206815223098,1.23154839055896,1.20546612044392,1.20625624979472,1.20705661437511,1.2133284624975,1.20164240257733,1.20129747524634,1.20097228666131,1.1916776695445,1.18202570133556,1.18206469940157,NaN,NaN,NaN,NaN,NaN,NaN,NaN,0.865794691521734,NaN,NaN,NaN,NaN,NaN,NaN,NaN,NaN,NaN,NaN,0.898723545890522,0.898489138062034,0.928970374933048,0.951723839195051,0.975211636309682,0.975211636309682,0.994579221097303,1.0034346055957,1.00363083663174,1.00858867350682,1.00830339655185,1.0081582950782,1.01001633372986,1.01919014462438,0.999396305752618,0.999391328373246,0.904788712062667,0.886346361119345,0.887345077368909,0.890466379830983,0.944005992165816,0.94362549439619
9,26,0.972041146036203,0.975074125455912,0.976074851981205,0.975670638673533,0.970753180101541,0.970225288811979,0.976985437335868,0.985945943126534,0.986400764277404,1.00806188343162,1.01632235294174,1.01647259137651,1.01545484270338,1.01888475083768,1.01796575516065,1.01828277601235,1.02731705786338,1.032716747966,1.0393498659065,1.03850824003634,1.04584465290845,1.0160579686827,1.01626005694897,1.08059235408034,1.0687136872936,1.09223392401757,1.09536971658858,1.09744776813003,1.10666559471608,1.10677157243262,1.10337636367448,1.06850925747045,1.06921092775112,1.0748105322502,1.05655130286683,1.04029441680253,1.04247553518659,1.04136885211476,1.05906919574955,1.05906919574955,1.11639721928748,1.12755817356922,1.12601851089428,1.13616379320552,1.14685372723639,1.17627117595856,1.17602683361298,1.17995761157485,1.18669409434603,1.191593157173,1.18548899671974,1.16326874638096,1.16326874638096,1.15811070363446,1.1694161213343,1.15051606426919,1.15142144086783,1.15530944016601,1.15820978343798,1.16046932870118,1.15916758172689,1.16659817415359,1.16297004214275,1.16305859634987,1.1575043779943,1.14822034647752,1.14859031891363,1.14701195620596,1.13770901916816,1.1381069756768,1.1265885954356,1.11511233816196,1.1248106123623,1.12332744244422,1.12311124752093,1.13113432596779,1.12748373108649,1.13308924962421,1.13075513735319,1.1303556166647,1.12265457490627,1.13057420318111,1.12621263309013,1.12486116898447,1.1232409071997,1.12032925336385,1.12311434466434,1.07313177490335,0.956347676281853,0.974296744518152,0.974296744518152,0.94477243124721,0.977814667563504,0.981600463694905,0.970863358569732,0.961546968549567,0.968211206858049,0.980035849205606,0.998874573534056,1.01095454506568,1.01173024661812,1.02672657863481,1.0151438519164,1.01536898454638,1.0170797227137,1.01304966579992,1.01282094279545,1.01401825503406,1.01727687107429,1.01462682908015,1.01388927328794,1.01183425290008,0.97009344313579,0.97009344313579,0.894081969751323,0.912494931923711,0.912803250398214,0.956662299774416,0.980798685594648
9,27,1.02336991398694,1.02363685441865,1.04082157930988,1.04654610484131,1.04675978826526,1.05459717049903,1.05338901175821,1.05899073392035,1.05899073392035,1.05651551854196,1.01214631585583,1.01220571089423,0.906873704864309,0.899534795983491,0.899744174351558,0.920161814602087,0.953258750905467,0.966713900903209,0.965743422177877,0.967424046012686,0.976658406130896,0.976916737847808,0.992220357358529,1.00180869464099,1.0058128903999,1.0058128903999,1.02204023218379,1.02834521938619,1.02736011406871,1.0317787782339,1.02857785810448,1.02893632479783,1.02184435343913,1.00686282513681,0.953347170343518,0.951139229472131,0.978670064100447,1.00922312144846,1.00922312144846,1.0208638613835,1.02676231268688,1.02609641773949,1.0201685750638,1.02053766528327,1.01665148129378,1.01711792414833,1.00847036891793,1.008745321425,1.01089049775722,1.01584930857082,1.00271108574072,1.04538903485873,1.05207159666508,1.07464472335216,1.087784428038,1.08693561386198,1.08585926939433,1.05959105466409,1.06068726894017,1.00795575735064,0.984302606367986,0.98592592926128,0.985707467198335,1.00560007834524,1.01071113394537,1.011338865604,1.00957103032505,1.0062162314655,1.00616330514171,1.00237896784971,1.00042634197364,0.986288860282552,0.985807741418279,0.897642999921638,0.927959142409871,0.925432250259853,0.975142416001876,0.999673829506122,0.997247443669621,1.00394245129387,1.00656788117526,1.01087195322588,1.01093984514947,1.0133390915807,1.01062482095552,1.01075954245246,1.01118420399995,1.01018830561777,0.997715165743361,0.997675881245314,0.992947204287086,0.997988602906133,0.997417487040984,0.994775418897047,0.967172444901829,0.860452503556665,0.860463273620939,0.885466316739281,0.8977745388409,0.8977745388409,0.928751083260631,0.977660901587448,0.97731700447924,0.974524410883458,0.979146866822864,0.979608590829549,0.989035093325149,1.00507404173325,1.00079893897034,1.00094750285606,1.00218329900178,0.998427051049409,0.999867530278977,1.00063625979866,1.00138987508021,0.992503127769151,0.992196734011221,0.997861748705553,0.988666447906779
9,28,1.01782223091719,1.01819470383056,0.967677885193383,0.967677885193383,0.910754770057011,0.975985787096736,0.993492408436111,0.994062510999117,1.00156578048281,1.00938481937547,1.01011022671974,1.00972296271001,1.01668536273367,1.01438548318526,1.01356644903693,1.01867529977852,1.01755568375817,1.02115500714428,1.02152474335162,1.01343470541013,1.01274037088885,0.986910467534507,0.999408839190086,1.02950308693491,1.02833956278672,1.04715428555435,1.06747218625684,1.06747761343876,1.0807505192628,1.08002031466527,1.07991028894059,1.11239174874666,1.12347069954455,1.14619890846244,1.14392502893747,1.1416019205783,1.14664021080721,1.14664021080721,1.14658034824358,1.14657790129363,1.14693729893082,1.13612857700715,1.13094820737201,1.12183854529925,1.11819854823708,1.03239032430011,1.02398445095962,1.02576325282906,1.04791300726818,1.06349308751537,1.06562853186774,1.06562853186774,1.07396214538533,1.03087712662493,1.0306002403002,0.985680274854455,0.959362075422539,0.955977536869788,0.956183662462362,0.948725836127117,0.96796496864471,0.968257879487596,0.981169896894043,0.980482417523479,0.978453278290491,0.983916277853942,0.991410108419934,0.991410108419934,0.988276263900207,0.924296882591203,0.874097474482764,0.877069063262323,0.842109271832283,0.790884661587272,0.788839396592369,0.8135677629832,0.930824491318213,0.977844199297921,0.977029708271137,0.993005687830997,1.04068016132666,1.04114503102904,1.06780162269434,1.08036563420376,1.0791714058532,1.07985272462641,1.07725416811335,1.06565871387916,1.06380509716537,1.06480596099727,1.06188079090477,1.06188079090477,1.05956748199544,1.06379011125512,1.06865143026063,1.0698880102353,1.06919504219193,1.06967563658552,1.06881419999226,1.06751668925596,1.06398330038933,1.05660890468099,0.990191899808112,0.933591551115061,0.93361674041493,0.92001949052632,0.888326918036615,0.906195004369745,0.906422508429198,0.994098309592903,1.0065988212523,1.005615757919,1.01694033610169,1.03250704255164,1.04422348001277,1.04584529648563,1.05826385198489,1.05679089701057,1.05663673726795
9,29,0.980253386336399,0.985883414100843,0.993588734487421,0.958234971156429,0.927524780844355,0.928096327240903,0.950951055751379,1.00107266408162,1.00107266408162,1.02417310934461,1.02718705313032,1.03313132595344,1.03232690570583,1.02094943837891,1.02628498318285,1.02628498318285,1.02972854706546,1.02735452832069,1.02590112765408,1.02684633872908,1.03197250927635,1.01414281738121,1.01427015833062,1.03437613434654,1.06186381163456,1.05816905657597,1.08218651879263,1.11285659086575,1.11329982345694,1.11258724482057,1.11138940814543,1.10695345870278,1.10687473667907,1.10469087023554,1.10240346029233,1.10176598183704,1.09351321273714,1.09324489569503,1.09780731207345,1.09353839263151,1.10529589221794,1.10851370693412,1.11071782971459,1.11149668146744,1.11434454897357,1.1131315059606,1.09790905746665,1.01246569220326,1.00961700638254,1.0103978803661,0.943348508084976,0.956917762250474,0.957947308868556,1.00206709218772,1.01448889825548,1.03294190207906,1.03220287139666,1.04588304823294,1.05968458740109,1.06370427819726,1.07747316107888,1.07530024239136,1.07300295652561,1.06610009400692,1.0728654486347,1.06858298315321,1.07058846876261,1.06728561536056,1.06310105714714,1.0677644941934,1.06914050434721,1.07104816407354,1.07104816407354,1.01912960320585,1.02167505482758,1.05464597471445,1.0568449820586,1.08704961474205,1.13651627880657,1.13672516100879,1.16195980813783,1.17714468630281,1.18435642485361,1.18435642485361,1.18607554013512,1.18880980299149,1.18837111280632,1.18493466785473,1.17294281080584,1.17414774887866,1.17201493266884,1.12346492159654,0.949392885811852,0.949392885811852,0.924682563528999,0.966579952649856,0.968418729060893,1.02177312776144,1.03922403605355,1.03817263729437,1.06394360999162,1.0786586885584,1.07793043882064,1.09293696294792,1.10103891543313,1.09755761713922,1.09755245964079,1.08516239703602,1.04028977841197,1.03882748702952,0.989837967421221,0.962560536228066,1.0048019818079,1.00634500532517,1.05931286737186,1.09208461246262,1.09212741807329,1.10459373318598,1.11298291148537
9,30,1.03070249465124,1.03021399606991,1.0312161266624,1.02907277555331,1.0282657841125,1.03169060140576,0.983864850817827,0.98238738589807,0.914479495574464,0.936383153673716,0.934881240784742,0.981448444749163,1.00320969630617,1.00265724469384,1.01555178942801,1.01780160696437,1.01434196795178,1.01449378378903,1.0173375609137,1.0147698091719,1.01549744880358,1.01671513106583,0.975886260766742,0.959282669216695,0.959286215590568,1.00162596423271,1.0385956552994,1.04211372983495,1.05294401579465,1.0553592070962,1.05710764030426,1.06400485286927,1.05641796398176,1.05621681551588,1.05860335652377,1.06159875631132,1.05784080436954,1.06361151210492,1.06026235723077,1.0403045144872,1.0403045144872,1.01068683848318,1.05854475424827,1.06743631805014,1.06743631805014,1.07928185549701,1.09958705506425,1.09958705506425,1.11247424549968,1.12095950653293,1.12022670143541,1.11134123848963,1.07945941996465,1.05402436172143,1.02858930347822,1.003154245235,0.977719186991791,0.976998754441357,1.02280954367788,1.03280992384451,1.05453877718957,1.05286166228412,1.0632039201867,1.06681002484712,1.06184507149091,1.06352876589424,1.0642236684056,1.06387358193034,1.05935900464556,1.05837774950076,1.05353134216615,1.05353134216615,1.04835438971225,1.04756542911014,1.04850006909662,1.01359485069228,0.966650188178818,0.966471951243574,0.982144351640465,1.01850545876017,1.06036629992872,1.06037013635338,1.08468135173794,1.10911117540767,1.104812997539,1.1209845254726,1.1353876948149,1.14364179163453,1.14264185640949,1.14432771348342,1.13259122803689,1.13259122803689,1.13149631184431,1.12884939812102,1.12972428529211,1.13181701910442,1.12312706924711,1.12995830467228,1.12990320190496,1.13066595092552,1.1148591047761,1.1164143801986,NaN,NaN,NaN,NaN,NaN,NaN,NaN,NaN,NaN,NaN,1.2214837601461,1.22513181056752,1.23444904495804,1.23421473246473,1.23931783458496,1.23570655712802,1.23632948035142
9,31,1.01814239119493,1.02906376861562,1.02906376861562,1.03003879013274,1.02916728634376,1.02855222450582,0.919221202017021,0.938913190056974,0.962744112959697,0.962794131510594,0.990685403769087,0.999055898286427,0.998715246916659,1.00601816417591,1.01189744592767,1.01062501484166,1.01476375000931,1.01319607174082,1.00734213837966,1.00903255856223,0.996255498006588,0.967442507621613,0.966449277279331,0.9519153193625,0.964681115217565,0.97440185966784,0.970965164430394,0.980221794031797,0.975913621664331,0.975913621664331,0.976521702457226,0.97349537816659,0.97349537816659,0.951238269023491,0.971630835282451,0.989393780759266,0.985250835712764,1.00126316157707,1.0237026606579,1.02285160532124,1.02603743775448,1.02157820817216,1.0264753911352,1.01667317469175,0.978648820069642,1.00033823002884,1.00033823002884,1.00620019070878,1.03215101430352,1.03160350418156,1.05654868143923,1.05832050653999,1.05698307405392,1.05698307405392,1.05721219386727,1.0727776608907,1.06983143691095,1.07656958054435,1.0701492334897,1.07050039261006,1.06913514423955,1.06725942226895,1.0660988485357,1.06607228698716,1.05463528369341,1.05402044978141,1.05721332530753,1.05331485950176,1.05162535495494,1.04711582738658,1.04348747020098,1.04349521350254,1.03531547578208,1.03654287066311,1.03819155289756,1.03648910271183,1.0364008309866,1.03422570678115,1.03401584637464,1.03613695540195,1.03553428843044,1.03074923433552,1.0292075453846,1.03049114184482,0.934136665702435,0.923160373449044,0.930376197748495,0.959382242013277,0.956510642116104,0.941325789505877,0.941481423633454,0.941315670374062,0.889545790074275,0.889185154282223,0.882713982257842,0.88553311159782,0.886076858086863,0.90051826330251,0.922956171290084,0.93080801174443,0.932909819928991,0.941687596753038,0.935797500984456,0.929100719891774,0.926326789898882,0.931009734030717,0.931009734030717,0.932095777194098,0.933079418028275,0.935666363718105,0.939008160026555,0.942562015424696,0.918217986582835,0.918217986582835,0.889456015279101,0.913266407357914,0.917918785120131,0.918352520916411,0.941551318438412
9,32,0.995404554523545,0.99582172013214,1.0014128057205,1.00510007782507,1.00222749138409,0.999315914653275,0.996989541486668,0.989092273332603,0.989092273332603,0.991442266565028,0.998578753051346,1.00742792737975,1.00742792737975,1.00765152061099,1.00669969122913,1.00669472541628,0.99808203535571,1.0010846265113,1.00045387411023,0.995436666424734,0.944085249582023,0.996604083080325,0.997683316969052,1.05036416835832,1.07434549518333,1.07533387929384,1.09537961358272,1.1163838107476,1.11636122570324,1.12645193808055,1.09644226004095,1.09120645312472,1.08970085749193,1.0664932415145,1.0762446101588,1.07519207686907,1.07298936995791,1.0687297058369,1.09331306192191,1.09390455156365,1.11369129045329,1.12951077962018,1.12951077962018,1.13159046785043,1.14593802591781,1.14610761852258,1.14283767205993,1.12345439015098,1.11147597312808,1.10709276976151,1.09282802213758,1.08976173753076,1.08974433861153,1.08779768454169,1.09857654910495,1.09867530347758,1.11161962559179,1.11145418274316,1.10869914688467,1.10987064031568,1.1074176995907,1.10056917315865,1.0962555695919,1.09582701620723,1.08931022882271,1.08931022882271,1.08786927549877,1.08453359122123,1.09097631414891,1.09097631414891,1.06813466423308,0.994896985744739,0.992261779576111,0.91077341336483,0.860034140377675,0.921689443250033,0.921689443250033,0.975876113336519,0.996251129550993,0.99562450459603,1.03262610030335,1.05984085489023,1.06544373907327,1.06439582442854,1.05640108159495,1.06112218146174,1.06154693037149,1.05527076657664,1.03562094018134,1.03672801968251,0.91740141607156,0.879409319000726,0.878247283659584,0.842235905701975,0.896804641674389,0.91796102189409,0.91796102189409,0.967920532909562,0.98390566306777,0.984396466605972,0.995220150985281,1.00882784060088,1.02145671113837,1.02145671113837,1.02530801280203,1.01536137876082,1.01690806473009,1.01074045650043,1.01168588895493,1.01106174875569,0.926230451246691,0.899011665664037,0.944347188837275,0.944347188837275,0.974172510959683,0.998864246910216,0.998543885212542,1.0328441320645,1.04577058843568
9,33,0.925433194000579,0.924671949086951,0.960433028693617,0.987060165589848,0.986242095464205,0.992781052818395,1.01475447119066,1.01834360875393,1.01834360875393,1.02749212412565,1.03897567770321,1.03964708515941,1.03566034554518,1.02872243052875,1.02870702705674,1.01509430304175,0.988498054466166,0.983967964528108,0.985171813492929,0.997524816700624,1.04343546574916,1.04428944933784,1.06992496143491,1.08228480114461,1.0825356894947,1.09064220772185,1.10500716691068,1.11590935259769,1.11533819159032,1.10457749596068,1.04421242620214,1.04327100802213,1.02459650019209,0.993443335385646,0.99671745389117,1.0038089971817,0.995125611178689,1.00483152215527,1.00487632274071,1.00566830516138,1.01882663077985,1.02056482683799,1.03865035351133,1.03961540069965,1.0528687480501,1.05443704293112,1.03657774381981,1.02614196256305,1.02582722972077,1.01754061726601,1.01110418253659,1.02323253783659,1.02183264025069,1.04059687373868,1.05456788935263,1.05447612197122,1.05694620325976,1.06762159249488,1.06675059243868,1.06328034371354,1.05854660871076,1.05954181066009,1.05552191966332,1.04870414640307,1.04649496456391,1.04659095072187,1.03714155371107,0.936207656363592,0.936443616510685,0.870672278621235,0.840145211169948,0.856361430798979,0.858129952990556,0.897385267017166,0.909408667246116,0.909448129599742,0.916196293057418,0.934312193636184,0.934153749285521,0.942268039177253,0.950401431334665,0.94630068548424,0.946587674330235,0.947615898591125,0.949173600915746,0.944981894024225,0.950346153819585,0.948823545440907,0.869887364523197,0.869887364523197,0.818253126008205,0.861369604425919,0.861545758976047,0.87130798024055,0.899191938852873,0.899157626319524,0.915356374350999,0.924028089317058,0.925368904969799,0.931848744143774,0.867904763827001,0.841380136012154,0.842966063842807,0.898180580473008,0.929962737884673,0.92923538352284,0.937202486520552,0.954718778117173,0.987196403866168,0.987196403866168,0.998388148541565,1.00232531294862,1.00232531294862,1.00175574575991,1.00306971811754,0.994853582051153,0.992550544607341,0.988218462387627,0.986365197449085
9,34,1.03490783272459,1.03552504654372,1.03556521701106,1.03506901970033,1.01798849394439,1.01780088315537,0.975635122084617,0.93938865017217,0.924648856810746,0.917920200841023,0.935496267826702,0.93385356740644,0.965212792114627,1.01143524675449,1.0337568118588,1.03749686743818,1.05753219831963,1.0462406973026,1.04452622799052,1.05275312706883,1.0718545207191,1.0762225582409,1.07812951572365,1.08602188840205,1.08630088415417,1.08836782897651,1.11047199979179,1.12499613298137,1.13947872572773,1.13947537597102,1.13615137845702,1.14819851467173,1.14619247516232,1.12850389246995,1.11726406450866,1.11485068316298,1.0691115660553,1.05794088347735,1.05717286181106,1.06078999665212,1.06884697836681,1.06487955325307,1.06630563770803,1.06985885874629,1.06769298306561,1.06551547332763,1.06662306682597,1.0636913633229,1.06252340460324,1.06469122534646,1.06458957186245,1.0638535496628,1.0638535496628,1.05444245519083,1.05328402609276,1.0536826093488,0.957191257122526,0.886424908844907,0.899856415451345,0.900600484745339,0.910561567435407,0.9406115454942,0.946691360227039,0.956519940627801,0.973121871149045,0.993928315139012,0.991923772947837,1.00717493193467,1.00731429387042,1.00893873925507,1.01034426697844,1.01084015191623,1.01130655986034,1.01198912200624,0.99939291705956,0.994600335571211,0.90064285733012,0.890776295540236,0.929868839907206,0.933161020108512,0.950934063329736,0.969240134399285,0.969360685799321,0.973234494041841,0.969505637986524,0.97301525006627,0.97301525006627,0.976321200596252,0.975153542227217,0.975414884848323,0.977889502810694,0.982517541747439,0.977495759825038,0.977495759825038,0.980853506362659,0.98018567021086,0.98018567021086,0.979386753437772,0.972523403283296,0.972165009022142,0.982238873720753,0.993672900820373,0.995476761708847,1.00258693777303,1.01014003816968,1.0145927487332,1.01277397527065,1.00966890177456,0.974347342412766,0.971923540738198,0.959691156474636,0.965782437170726,0.99270426389639,0.99713439047411,1.03329639224743,1.01825464167381,1.02318423613568,1.00023029653696,0.98558600370144
9,35,NaN,NaN,NaN,NaN,NaN,NaN,NaN,NaN,NaN,NaN,NaN,NaN,NaN,NaN,NaN,NaN,NaN,NaN,NaN,NaN,NaN,NaN,NaN,NaN,NaN,NaN,NaN,NaN,NaN,NaN,NaN,NaN,NaN,NaN,NaN,NaN,NaN,NaN,NaN,NaN,NaN,NaN,NaN,NaN,NaN,NaN,NaN,NaN,NaN,NaN,NaN,NaN,NaN,NaN,NaN,NaN,NaN,NaN,NaN,NaN,NaN,NaN,NaN,NaN,NaN,NaN,NaN,NaN,NaN,NaN,NaN,NaN,NaN,NaN,NaN,NaN,NaN,NaN,NaN,NaN,NaN,NaN,NaN,NaN,NaN,NaN,NaN,NaN,NaN,NaN,NaN,NaN,NaN,NaN,NaN,NaN,NaN,NaN,NaN,NaN,NaN,NaN,NaN,NaN,NaN,NaN,NaN,NaN,NaN,NaN,NaN,NaN,NaN,NaN,NaN,NaN,NaN,NaN,NaN
9,36,1.02107216215756,1.02176870364336,1.01717228171332,1.02650542604559,1.03949529540182,1.04040963879152,1.04748262955868,1.05405181014689,1.05392193554799,1.04949373534398,0.951606887500374,0.903448593297944,0.903689214064882,0.91341808571672,0.965465904919651,0.965453972808264,1.00653866649631,1.00934645080925,1.00965860603589,1.01061439085012,1.00264094513081,1.01316844180541,1.01404685565747,0.953406786261567,0.972711772804537,0.973199509035917,1.00846605855585,1.02922162109471,1.04012512301635,1.04012512301635,1.03496070803243,1.01382122659558,1.01466449743729,1.02823324873117,1.02053332302754,1.01707179210583,1.01685447078043,1.0130649410276,1.00975766588029,1.01243230288936,1.01413613831727,1.01939228183039,1.01516643356803,1.02557456202296,1.03200698353664,1.02768859198278,1.05478562785501,1.08447871004781,1.09903831293957,1.10120265552984,1.10536879089359,1.09195445717758,1.09276866266898,0.966948639091499,0.931034780554674,0.906911682683481,0.909695677993154,0.91764106611369,0.922308717381273,0.922280831948249,0.930095290342769,1.02893517158585,1.03390822520624,1.0515821674413,1.06349422920436,1.10679942532848,1.10679942532848,1.12772650833385,1.13746703111328,1.13747946815391,1.13651248115812,1.1307878000274,1.14074896166062,1.13853247093862,1.12856661013417,0.964075676381054,0.966615704186721,0.907213769635363,0.874942653913624,0.868367956170418,0.875683679455413,0.915473373689225,0.992648136426885,1.00079146546077,0.973797119243593,0.986420967788251,0.985761503963491,0.988038986520464,1.03827574843882,1.03827574843882,1.06740333949195,1.07363867657572,1.08379386156359,1.08089670554898,1.07475227130546,1.08404449755215,1.08433370208375,1.0789343625361,1.07186443959718,1.07069047900426,1.07490159085333,1.05386900841081,1.02354372894464,0.993218449478477,0.962893170012311,0.932567890546144,0.932845639539707,0.991698886631693,1.0112931835478,1.01207431623695,1.01889870549218,1.01868573470724,1.02886149898675,1.02886149898675,1.02758837247527,1.03024783459204,1.03260511839364,1.02758372071867,1.02470514608539
9,37,1.03779056316149,1.03673298083448,1.03741097208528,1.03907908447674,1.04413229345236,1.04306730715376,1.03559188867891,1.02584180512035,1.02138222675814,1.02138222675814,1.01507804033849,0.998840653023468,0.99870372344861,1.00429985902709,0.994550544155911,0.995019498089061,0.989244257225975,0.983469016362889,0.977693775499803,0.971918534636716,0.96614329377363,0.997053337048893,0.997554316191471,1.0174347487492,1.04247217580216,1.05534525726588,1.05549938726407,1.05657741462601,1.05641666264916,1.05685102356251,1.05690599952466,1.05269441206627,1.0545017121376,1.04587924982913,1.03883086289018,1.04155247138468,1.04227279033467,1.05063049531253,1.04517377557785,1.05007324778348,1.05209779388803,1.04655660315407,1.04663679530936,1.03670422063772,1.02786528513463,1.02707723215848,1.02721957999245,0.97049641937344,0.989206993577845,0.993681539259195,0.995540107479364,0.989737414276233,1.02355925111236,1.0209911545564,1.0364535200662,1.04280646974587,1.04630992597867,1.06951039342777,1.07552492494882,1.07037921655555,1.07326736379527,1.05914147825113,1.0573117587631,1.05721481176972,1.04630175046352,1.04353995408411,1.04353679785643,1.04396872414131,0.997444591407565,0.997258128225391,0.848046599164144,0.854365811446727,0.885042521999888,0.885242896064188,0.92875468135522,0.963352173418509,0.965225950905452,0.979171486268484,0.980174823404788,0.981879528541556,0.968702265418487,0.984347164766492,1.01157059218844,1.01681314280808,1.02321495472403,1.05556879279897,1.05348723427621,1.06214307657273,1.05861930960176,1.06094540544629,1.05736579801651,1.04989958192683,1.04612614832068,1.04612614832068,1.03988719369884,1.04111149180992,1.04367978425422,1.04340900811449,1.04159815311592,1.02151049081215,1.02074670082566,0.940078250607584,0.947486224932679,0.946104136752572,0.904600295500852,0.924253894999587,0.922370044373325,0.948650689088477,0.965274161663083,0.986177010957655,0.986779628278789,1.01824524626078,1.0399526215978,1.03999864350169,1.03587360709005,1.02950321933163,0.999764550915817,0.999495260096984,0.934747640569442
9,38,0.987966473062896,1.00310332492222,1.01586444676636,1.02481141214391,1.02464914969077,1.02505072328693,1.02390389561971,1.0240523892318,1.01711206679295,1.00601965753339,1.00443518777357,1.00458794855649,0.994826599684033,0.991095174606118,0.991285223575186,0.994188158623461,0.977106883305798,0.976826475920048,0.913114808904355,0.911853708334988,0.911156537473626,0.912788379938205,0.922159635211257,0.95009009512269,0.950052320896192,0.954559464805841,0.953746668672917,0.954730524112224,0.95075636304564,0.947410605007513,0.950268164627676,0.950628406104478,0.942890855962025,0.943367286427518,0.944528988282692,0.940253110276576,0.94307984606633,0.942738047655102,0.940342095232249,0.938583176987852,0.939662342201276,0.946748989615623,0.943241739183479,0.936901834101608,0.936697235632205,0.933293813876737,0.92424924077444,0.918017741826927,0.918401488645492,0.902243945724657,0.913931210475025,0.915973592726048,0.913930775256925,0.926161351515655,0.927711232787943,0.924380552457305,0.922653280893785,0.921954542208496,0.922928597561018,0.936023829807523,0.939294826436274,0.939579399733616,0.933205080230709,0.931429716960024,0.931706017252506,0.932453547399642,0.924897197606071,0.926758213368164,0.925773271892826,0.90649353645562,0.843709539104103,0.845152405279169,0.835110144688985,0.870874233719433,0.910142286432665,0.9096609484943,0.923621441729131,0.928259365014845,0.928004792307251,0.927170694058198,0.925710097752312,0.930681650162181,0.934886382631108,0.931065293277765,0.918328555241964,0.918188191873918,0.88811395353115,0.893426391810429,0.89359016937169,0.909130305345741,0.916611275928232,0.949747564286942,0.948160029846322,0.96555382002731,0.973505535447595,0.9721074523421,0.984497747410388,0.995857925412338,0.997300416673349,1.01166542787442,1.01082166641123,1.0159846872862,1.03548381484502,0.995542568162523,1.00361806192014,1.00494585442419,0.996382490917426,0.99681363214345,0.999475143815448,0.998416661102399,0.999984583404484,1.01326575843652,1.01326575843652,1.00984035164847,1.00205869239278,1.00206650217791,1.01081975060341,1.01113886069918,1.01113886069918
9,39,1.00331294915519,1.01024849184801,0.95296714886759,0.97398880894244,0.997744355299286,0.997744355299286,1.00395005535158,1.00651050748372,1.00651050748372,1.01769337902777,1.01259257551478,1.01251286092404,1.01191829069167,1.00752452720261,1.00168337334505,1.00191694369768,0.99637936764163,0.992400751111975,0.992400751111975,0.991891629881184,0.984591680994593,0.95195779637386,0.952512189454821,0.935348033197293,0.954256584303121,0.954716717703971,0.974996043277159,0.97317023663112,0.978212538823901,0.988655079698637,0.98614642351031,0.975008922832404,0.975154730698451,0.972548843034226,0.97074186141636,0.970805964381568,0.966517760926525,0.961822968643334,0.963525461281221,0.950097155782953,0.956784047108699,0.949726926739181,0.950393051889147,0.916002577426261,0.939412019721902,0.939055289335715,0.97676428471846,1.00218283171661,1.01320187184599,1.01590931469113,1.02940091507967,1.03960318063698,1.03933144588883,0.999439652230809,0.947045016929935,0.947128645929479,0.978471098485896,0.991804796892743,0.997428320747916,1.0010411013715,0.996810400598769,0.995049100499005,0.994847178855908,0.985313032273155,0.976232180820778,0.952120576146958,0.952351100913095,0.920506211083337,0.914923211735465,0.915552008536917,0.896845715126261,0.921150851397984,0.92136894905115,0.927187376756608,0.940527901144733,0.93984133999382,0.958946004018617,0.974393250845038,0.969676592859359,0.966672827881981,0.969518349223984,0.973547533709703,0.973547533709703,0.965028839890805,0.968145037892899,0.967281001383064,0.967120866915095,0.965143243425742,0.965975725136706,0.965133279515826,0.954204694365068,0.956348456103067,0.946054674001253,0.947277217500116,0.944995510492143,0.947558147393529,0.947558147393529,0.949156083613853,0.956974041819382,0.957509464240738,0.954807813758149,0.95755235919712,0.950811533173362,0.950811533173362,0.946296542888246,0.942181730590338,0.942115841926312,0.939293425236622,0.944751421927598,0.944581348482548,0.957183387045937,0.96012137230712,0.963558174334537,0.963558174334537,0.95045576243189,0.934682668469235,0.93513132875743,0.934410379014495,0.961344886289325
9,40,1.02637406362616,1.02016309055523,1.02498824625768,1.02499740211577,1.01351872283654,1.01538832994009,1.02372058160229,1.02391235700573,1.01839379528555,1.02641624681007,1.02586555205763,1.02682658179909,1.00186379433453,0.930248222646382,0.929010355405008,0.944752844911866,0.97073568554551,0.962985028504142,0.989839098760736,1.00322203045444,1.0031398580192,0.997466293947363,0.973954064786006,0.996704912352007,1.00170456180678,1.02004931770749,1.03575025427195,1.03639435018019,1.03615693020291,1.04989590327466,1.0152289367222,1.01509267116191,1.00542509051261,1.00088322322814,1.00127579972581,1.00287799947525,1.01006438529568,1.01025742231569,1.03825465334982,1.0242782257511,1.02465620455031,1.02580203873116,1.03752749392051,1.04051329089594,1.04157743857308,1.04522993704628,1.03110489673754,1.04199803904251,1.02653909591181,1.01630418167366,1.02002172074355,1.02002172074355,1.01372823415029,1.0134962174669,1.01369976410707,1.01985392272873,1.01909695237992,1.0188217331534,1.01402104163662,1.00857557772175,1.01352401429696,1.01445217381089,1.00707974433781,1.01672118951511,1.01696799721351,1.01062944512418,1.00895042218746,1.00825179359687,1.0075105524968,1.00555533685703,1.00210948612514,1.00090383607456,0.994704365612175,0.99719195137808,1.00136142798048,1.0054343380189,1.00245271055158,0.919758556738393,0.919758556738393,0.903599134311736,0.919611266714932,0.919618315858938,0.949534034550074,0.965877897013755,0.965256025572228,0.966751547525377,0.988565713145621,0.978999909398716,0.978999909398716,0.995370994789224,1.02357550044188,1.02405469541837,1.03552721347563,1.03784343415413,1.03916399873121,1.03617280163207,1.05519869809586,1.06972101174574,1.07181818171082,1.03668829071813,NaN,NaN,NaN,NaN,NaN,NaN,NaN,NaN,NaN,NaN,NaN,NaN,NaN,1.01979434432477,0.998581100392907,0.998822589520809,1.02451375723027,1.05443862635913,1.04711230663167
