   0.0000000e+00   0.0000000e+00   0.0000000e+00   0.0000000e+00   0.0000000e+00   0.0000000e+00
   3.0426458e-04   4.3518750e-02   7.2620911e-02  -1.4502363e-05  -1.0477082e-04   1.7373405e-04
   1.7181384e-03   1.5153025e-02   7.1288047e-02  -3.7777261e-04  -7.5855632e-04  -1.7229132e-05
  -8.1695778e-03   3.9576650e-02   6.2524302e-02  -5.2733780e-04  -6.8218486e-04   2.9469181e-05
  -4.4794806e-03   1.0047561e-01   6.9487558e-01   3.1527144e-03   7.3667913e-04   4.6193867e-04
   3.7732839e-03   4.9847408e-02   3.7383922e-01   3.3714220e-03   1.1962408e-03  -3.9109575e-05
  -3.3811139e-03   7.8755078e-02   7.6891734e-01   1.3050141e-02   9.9693870e-04  -3.2357635e-04
  -1.0210712e-02   5.1485109e-02   5.8273069e-01   3.3479120e-03   1.8394918e-03  -7.2168935e-05
  -1.5218037e-02   1.9974866e-02   4.0525328e-01   4.4138528e-03   2.0371065e-03  -6.3598538e-04
  -2.2598953e-02  -8.3327170e-02   4.9394811e-01  -1.2023030e-03   4.2428854e-03  -6.1445398e-05
  -2.6281390e-03   3.8652806e-02   5.0688625e-01   5.3817282e-03   2.7314701e-03  -1.8368645e-04
  -1.3382588e-02   1.4705901e-02   8.3141658e-01   6.0081243e-03   3.6130057e-03   1.3107824e-04
  -2.1006856e-03   4.0947733e-02   5.5825741e-01   7.8413293e-03   4.8646471e-03  -7.8419214e-06
   7.8005759e-02   2.3628595e-01   3.1042523e-01  -2.8596836e-03  -6.1255233e-03   2.6744458e-03
  -3.8565622e-02   7.8043799e-02  -6.6097414e-01  -4.2772358e-02  -6.0793547e-03   7.1317800e-03
   7.9381624e-02  -4.6991168e-01   1.1400705e+00  -4.4374845e-02   1.3828961e-02   4.9472668e-03
   9.0418385e-02   1.6555315e-01   1.6709493e+00   6.9121218e-03  -1.0072945e-03   4.3873484e-03
   9.4074938e-02   3.0205497e-02   1.6571907e-01  -2.3487419e-02  -7.8931242e-03   4.7071448e-03
   1.1960352e-01  -8.8191722e-02   3.9048648e-01  -3.1036193e-02  -5.3196748e-03   2.3143337e-03
   1.1158080e-01   1.4079190e-01   6.7453307e-01  -1.3027679e-02  -5.1246480e-03   3.4357567e-03
   6.8409812e-02   5.3665439e-02   2.4988934e-01  -1.7599683e-02  -7.6007202e-03   3.9454666e-03
   8.3716369e-02   5.8332048e-02   1.4739872e-01  -1.9279040e-02  -7.2751465e-03   3.9734764e-03
   1.0370977e-01   5.2975114e-02   1.6109759e+00  -1.7876270e-02   7.3499680e-03   8.6385910e-04
   2.0662219e-02   2.2305533e-02   6.3537243e-01  -1.5264290e-02  -8.9302813e-03   1.8465591e-03
   4.2259131e-02   1.0421098e-01   6.2552136e-01  -1.6858869e-02  -1.1296342e-02   3.6896826e-03
   1.2863848e-01  -1.2537729e-01   1.9463227e+00  -3.0722716e-04   2.0778318e-03   1.3140887e-03
   8.5917247e-02   4.7540324e-02   9.8820326e-01  -1.1956980e-02  -4.4920887e-03   4.7875701e-03
   6.8058296e-02   2.5570017e-02   9.7307844e-01  -1.3910901e-02  -5.1611091e-03   5.0190710e-03
   8.1264913e-02   3.8204655e-02   8.8826466e-01  -1.1918609e-02  -4.1215594e-03   4.6492590e-03
   8.4271461e-02   1.4221806e-01   2.6261351e+00   1.6812952e-02   7.1958881e-03  -1.8803382e-04
   2.9664478e-02  -2.6020952e-02   7.0996538e-01  -8.4705500e-03   7.6471560e-03   4.0738719e-03
   2.1337668e-02   2.8099856e-02   5.9310370e-01  -1.0340069e-02   3.4929475e-03   4.9797093e-03
   3.7701997e-02   4.8566897e-02   6.1077843e-01  -1.0902621e-02   2.1987038e-03   4.8629396e-03
   4.5409638e-02   6.4197645e-03   6.0297005e-01  -1.0926515e-02   3.5496053e-03   4.6531635e-03
  -4.6219545e-03  -1.9240965e-01   3.8185038e-01  -2.5881614e-02   9.0043039e-03   4.3950538e-03
   1.1140503e-01   3.6009169e-01   3.6049988e+00   3.1181431e-02   8.4639992e-03   1.8811484e-03
   1.0119852e-01   1.1265326e-01   3.8218247e-01  -1.6526816e-02  -6.7729855e-03   3.9442642e-03
   1.1446500e-01   7.9564980e-02   2.7231191e-01  -1.7619714e-02  -6.1806204e-03   4.0326215e-03
   8.8954084e-02   5.8265280e-02   2.0189789e-01  -1.8523407e-02  -5.1376757e-03   4.2449263e-03
   6.2926360e-02   7.6416115e-02   1.3089102e-01  -1.8986722e-02  -5.3286875e-03   4.1508076e-03
   7.0544718e-02   7.1164009e-02   1.7313516e-01  -1.7958242e-02  -5.3408976e-03   5.2517145e-03
   5.6315870e-02   6.9633492e-02   1.1940828e-01  -1.8605641e-02  -4.3066291e-03   5.4540934e-03
   1.2992788e-02  -4.9608906e-03   1.7521742e-02  -1.6772424e-02   6.1894635e-05   5.8896655e-03
   7.4567639e-02  -5.9280486e-02   2.9046454e+00   9.7504489e-04   8.7606187e-03  -4.8020227e-04
  -6.9766999e-02   4.1499827e-02  -1.2628006e+00  -1.3821252e-02   1.1569818e-02   4.4130524e-03
   2.0242388e-02  -3.2056560e-02  -1.1680442e+00  -1.4513979e-02   1.1464741e-02   2.1480128e-03
   3.9774865e-02  -4.2945418e-02  -9.9882693e-01  -1.5101436e-02   1.2407853e-02   1.7295852e-03
   6.2800535e-02  -9.3470687e-03  -9.6177255e-01  -1.6802998e-02   9.3201248e-03   3.2043978e-03
   6.8687173e-02  -5.6102467e-03  -9.5703578e-01  -1.5544257e-02   9.2069785e-03   3.1388383e-03
   7.1099364e-02   8.5934325e-02   2.5949119e+00   4.2413041e-03   2.2732276e-02  -2.0269645e-03
   1.1253066e-01  -1.1019813e-01   9.9018064e-01  -5.8046579e-03   2.0007688e-02  -9.4583260e-04
   7.5756911e-02  -8.6747151e-02   9.9052366e-01  -6.4577368e-03   1.8892906e-02  -9.5391850e-04
   8.3444796e-02  -1.2380841e-01   9.5937020e-01  -9.7388234e-03   1.8842168e-02  -6.6261312e-04
   2.9002886e-02  -9.9618204e-02   8.8904723e-01  -9.2378750e-03   1.8082999e-02  -4.6305813e-04
   5.5217620e-02  -1.0586347e-01   9.0324459e-01  -8.5666023e-03   1.8398100e-02  -4.2664511e-04
   4.9239770e-02  -8.3990776e-02   7.6105025e-01  -9.4419199e-03   1.8239810e-02  -2.8330262e-04
   4.8194816e-02  -9.4260361e-02   8.0758724e-01  -9.4956219e-03   1.6554104e-02  -1.8577997e-04
   3.2277704e-02  -5.7101200e-02   8.1903905e-01  -9.3592586e-03   1.7376123e-02  -1.9681113e-04
   3.7783744e-02  -5.1178990e-02   7.8499391e-01  -9.5351591e-03   1.5865721e-02   1.3344098e-04
   7.3176863e-02  -1.1080804e-02   6.5611379e-01  -8.6748396e-03   1.5195474e-02   2.1883496e-03
   1.9877259e-01  -7.3015476e-03   1.2454969e+00  -1.7619476e-02   1.5558034e-02   2.0471433e-03
   1.3829170e-01  -4.8598353e-02   6.6074414e-01  -9.6878138e-03   1.6962164e-02   2.3897026e-03
   1.3641950e-01  -4.3408262e-02   4.8782232e-01  -1.1525286e-02   1.6178262e-02   2.3401671e-03
   1.3466899e-01  -6.3639631e-02   4.7233030e-01  -1.3843518e-02   1.4683551e-02   2.4791255e-03
   1.4252238e-01  -7.6148842e-02   4.9078471e-01  -1.2802165e-02   1.4176078e-02   1.9474696e-03
   9.3327851e-02  -1.1873565e-01   4.5062876e-01  -1.1534127e-02   1.6727119e-02   1.9801534e-03
   6.5154693e-02  -1.3295981e-02   3.4443853e-01  -1.2507889e-02   1.2941542e-02   2.6822921e-03
   7.5912586e-02  -7.8634302e-02   4.4382100e-01  -1.2618939e-02   1.2112255e-02   2.3562561e-03
   7.1737371e-02  -4.6459556e-02   4.1558949e-01  -1.3168613e-02   1.2002726e-02   2.3884204e-03
   7.5137057e-02  -4.6358504e-02   4.4916716e-01  -1.2642635e-02   1.1288801e-02   1.9622357e-03
   6.3233902e-02  -5.3763647e-02   4.5785282e-01  -1.1576877e-02   1.2068356e-02   1.8236130e-03
   6.3965046e-02  -6.4825745e-02   4.8404148e-01  -1.0898825e-02   1.1984829e-02   1.7283542e-03
   6.8316710e-02  -7.3280098e-02   3.5029796e-01  -1.2812850e-02   1.1170614e-02   1.8094834e-03
   8.2347409e-02  -4.8865536e-02   4.6383127e-01  -1.2612976e-02   1.0916258e-02   2.1630296e-03
   7.0077190e-02  -4.3305639e-02   4.4156671e-01  -1.0905498e-02   1.1435825e-02   1.8802464e-03
   6.0812904e-02  -6.8035703e-02   5.2188128e-01  -1.3465594e-02   1.2059232e-02   1.6836200e-03
   5.5126889e-02  -7.6826203e-03   2.2881674e-01  -9.8440555e-03   7.0898421e-03   3.0372055e-03
   5.1371463e-02   2.3390198e-03   1.8107631e-01  -1.0865560e-02   6.9229528e-03   2.2439388e-03
   6.1265058e-02  -2.8120065e-02   1.6984365e-01  -1.1520751e-02   7.8511392e-03   1.7612432e-03
   5.2567577e-02  -6.8159830e-02   1.4943860e-01  -1.1475115e-02   9.2945978e-03   1.5577791e-03
   4.3336728e-02  -2.5836927e-02   5.0290705e-02  -1.2078586e-02   1.0255421e-02   1.2227222e-03
   5.0411394e-02  -6.1902473e-02   4.1273434e-02  -1.2551499e-02   7.9795814e-03   1.5934206e-03
   5.4277980e-02  -3.6592396e-02   3.5824636e-02  -1.4660906e-02   6.9272617e-03   1.9829458e-03
   5.7223773e-02  -5.6498675e-02   7.3083627e-02  -1.3677002e-02   8.5295555e-03   1.6419360e-03
   5.0035377e-02  -8.5661684e-02   9.4439928e-02  -1.3352878e-02   1.1279728e-02   1.7624326e-03
   5.3437000e-02  -3.7475922e-02   2.9324414e-02  -1.4333990e-02   8.7590503e-03   2.0798240e-03
   5.0229804e-02  -8.5950852e-02  -1.0121169e-01  -1.3145946e-02   9.3330628e-03   1.8276450e-03
   4.4385074e-02  -1.1399955e-01  -6.4033083e-02  -1.3527652e-02   1.0336188e-02   1.4122644e-03
   6.4236800e-02  -5.2152860e-02  -6.0718877e-02  -1.4162609e-02   9.1396987e-03   1.3921141e-03
   5.4867842e-02  -1.2067009e-01   4.7003026e-02  -1.9182189e-02   1.4169982e-02  -1.3627089e-03
   9.0263460e-03  -2.5210820e-02  -9.7477187e-01  -1.3225786e-02   1.2146492e-02   1.7751036e-03
  -1.3305976e-02  -1.2075760e-01  -1.5865263e+00  -3.4451674e-02   9.7149012e-03   3.7309378e-03
   4.1118423e-02  -9.2519819e-02  -1.4732892e+00  -1.6602429e-02   1.1090897e-02   1.3953744e-03
   3.3617356e-02  -2.9966410e-01  -1.1456492e+00  -1.1350617e-02   2.1939032e-02  -3.2447909e-03
   8.8981614e-02  -1.6317813e-01  -9.8999615e-01  -1.7307229e-02   1.1491276e-02   5.4209991e-04
   7.4140390e-02  -1.2201367e-01  -1.0059728e+00  -1.7207930e-02   9.7284042e-03   1.2968158e-03
   7.7312627e-02  -1.1244979e-01  -1.0601552e+00  -1.7780525e-02   9.5705312e-03   7.9195201e-04
   6.8745503e-02  -1.6002697e-01  -2.6600439e-02  -1.8893684e-02   1.1672279e-02   1.0003682e-03
   3.6159488e-02  -3.7143682e-02  -2.9280695e-01  -8.2681240e-03   8.5783233e-03   5.6730604e-04
   5.0051312e-02  -9.9482811e-02  -4.4362952e-01  -1.1773912e-02   8.2521308e-03   3.2459778e-04
   5.8898654e-02  -4.6888964e-02  -4.3319529e-01  -1.2620714e-02   8.6859964e-03   3.1229280e-04
   6.2487262e-02  -3.0816756e-02  -4.1359744e-01  -1.3320584e-02   7.8835523e-03   4.4836728e-04
   4.9126122e-02  -8.7011722e-02  -3.9000184e-01  -1.2226566e-02   9.1554025e-03   1.2293428e-04
   6.3394741e-02  -5.9589782e-02  -4.4872393e-01  -1.2647048e-02   8.3044696e-03   1.0614300e-04
   7.1756761e-02  -7.5726375e-02  -4.1838276e-01  -1.2571789e-02   8.0155669e-03  -1.3231072e-04
   7.4208098e-02  -6.6678100e-02  -4.5156670e-01  -1.3783617e-02   7.8268880e-03   9.7154274e-05
   6.4261810e-02  -8.0468723e-02  -3.8686140e-01  -1.3890880e-02   8.4785512e-03  -6.7387398e-05
   6.1803184e-02  -8.2907180e-02  -4.0724104e-01  -1.3134661e-02   8.4633684e-03   6.2279396e-09
   6.1820683e-02  -8.3779446e-02  -4.0123145e-01  -1.3702832e-02   8.3312754e-03  -1.0580712e-04
   3.4731482e-02  -2.6974286e-02   4.2865635e-01   1.4566723e-03   3.6096176e-03   4.1103105e-05
   3.8249971e-02  -2.3905919e-02   7.3992790e-02  -6.7826214e-03   5.9732496e-03  -1.2052488e-04
   3.7010131e-02  -7.1236082e-02  -6.9762837e-02  -7.6918911e-03   6.8886268e-03  -2.9640070e-04
   3.5158474e-02  -1.2424882e-01  -1.9512810e-01  -1.1861227e-02   7.7244624e-03  -1.4749987e-04
   4.3433838e-02  -1.8685566e-02  -1.3701819e-01   9.6831355e-03   8.3011802e-03  -1.2479261e-03
   1.8489575e-02  -9.6260893e-02  -9.4083745e-01  -1.2219799e-02   9.8856688e-03  -2.0149057e-05
   1.3438067e-02  -5.4621831e-02  -8.4234329e-01  -1.0001323e-02   8.7319817e-03   4.4416722e-05
   1.1571053e-02  -1.0265176e-01  -8.6226296e-01  -1.2371705e-02   7.7145153e-03  -1.2089178e-04
   3.8564643e-03  -6.2739156e-02  -8.5784150e-01  -1.1881669e-02   7.4412453e-03   1.2168202e-04
   1.8502785e-02  -6.7102615e-02  -7.6783359e-01  -1.2205484e-02   7.3421038e-03   4.6944622e-05
  -3.9044938e-03  -1.5925106e-01  -7.5458162e-01  -2.0699066e-02   6.7154680e-03   1.4000214e-03
   3.5891169e-02   1.0094865e-02   8.1844340e-02  -4.6469540e-03   5.4069909e-04  -3.5593631e-04
   5.6573753e-02  -4.0069314e-02   9.1818223e-02  -6.5838341e-03   2.1311433e-03  -9.8901689e-04
   5.0899033e-02  -4.1971635e-02   2.4596651e-02  -7.4753234e-03   3.1285793e-03  -1.1824320e-03
   5.6674282e-02  -4.3017630e-02   2.5390768e-02  -8.0212447e-03   3.2239409e-03  -1.1823972e-03
   3.3750788e-02  -1.2523843e-01   2.4740761e-01  -8.1144567e-03   7.3946208e-03  -1.9733793e-03
   4.2582443e-02  -3.2930420e-02  -9.2834072e-03  -5.4794336e-03   3.4114187e-03  -3.4964362e-04
   2.7491968e-02  -7.0332559e-02   2.6446797e-01  -5.1953564e-03   5.9207836e-03  -1.1806805e-03
   2.8003390e-02   1.2299356e-02   2.0213179e-01  -3.3153067e-03   4.2689334e-03  -5.8311583e-04
   4.8971682e-02  -3.7591152e-02   1.6010078e-01  -4.1537372e-03   3.8268472e-03  -7.9425190e-04
   3.5269157e-02  -6.5800474e-02   1.4826455e-01  -4.8107035e-03   4.8975419e-03  -9.5191306e-04
   3.7951461e-02  -6.0655982e-02   1.3085080e-01  -5.8216609e-03   4.5190406e-03  -1.1816440e-03
   3.3895678e-02  -3.2018833e-02   6.0122159e-02  -6.5815390e-03   4.0830043e-03  -6.7102066e-04
   3.5140959e-02  -3.0113695e-02   4.8332071e-02  -5.5254981e-03   3.2114100e-03  -3.4841240e-04
   2.4011468e-02  -9.8928106e-02   1.0815313e-01  -4.2745367e-03   5.2203347e-03  -1.6379233e-03
   2.1505756e-02  -1.2088718e-01   1.1897155e-01  -3.5515395e-03   8.5911594e-03  -2.4218861e-03
   7.7889149e-02   4.8814580e-02   1.3819965e-01  -7.2831676e-03  -2.4800696e-03   2.4742378e-03
   3.4781543e-02  -7.9940907e-03   6.1387307e-02  -6.3434513e-03   2.9696635e-03  -1.8181731e-04
   3.8777425e-02  -1.8348464e-02   8.6254563e-02  -6.0207300e-03   2.8052890e-03  -6.5141341e-06
   2.8393733e-02   3.0213923e-02   3.9023651e-01  -2.0154494e-03   4.0874160e-03   1.0522765e-03
   2.4102926e-02  -4.0250001e-02   2.2448157e-01  -5.8748778e-03   5.3374652e-03  -5.2328487e-04
   4.3216821e-02  -1.5145053e-02   3.7595926e-01  -4.9818438e-03  -1.7158003e-03   8.5394327e-04
   3.2929048e-02   6.7177293e-03   3.4483576e-01  -6.7325146e-03  -1.0738054e-03   1.1543533e-03
   2.6161550e-02  -9.9587018e-02   3.8628243e-01  -7.1226748e-03   2.5278451e-03  -1.8840637e-04
   1.8954199e-02  -3.4695251e-02   2.7780149e-01  -6.3226282e-03   2.0694516e-03   1.5808848e-04
   2.9846450e-02  -4.0505656e-02   2.2310004e-01  -5.7933476e-03   1.5741347e-03   9.4053819e-05
   2.8871554e-02  -3.2307575e-02   2.5902612e-01  -7.0113979e-03   1.5157329e-03   8.9974878e-05
   2.8674489e-02  -2.5556172e-02   1.9919410e-01  -6.4404089e-03   2.1272953e-03   6.6218099e-05
   3.0051389e-02   2.9363686e-02   5.9403744e-01  -2.5894174e-03   4.3435070e-03   1.0544357e-03
   3.9933719e-02   2.4381308e-02   2.9095263e-01  -4.0952148e-03   3.0281082e-03   1.6781986e-04
   7.6833637e-02  -7.1044007e-02   8.2724025e-01   4.2001146e-04   9.5132546e-03  -6.2441513e-04
   9.1390708e-02  -6.7586958e-03   6.7923118e-03  -8.4996547e-04   9.3024256e-03   8.1617685e-05
   8.8774232e-02  -7.0566926e-02  -6.1046438e-02  -3.5680970e-03   9.5121727e-03  -9.6143020e-04
   8.2501842e-02  -5.1117955e-02  -6.8761927e-02  -2.9595956e-03   9.1624237e-03  -9.2306200e-04
   8.0880834e-02  -6.1617104e-02  -1.1735501e-01  -4.8991587e-03   9.0676023e-03  -1.0375731e-03
   9.6663100e-02  -6.7512020e-02  -1.2988113e-01  -5.6230164e-03   8.6542006e-03  -9.4987426e-04
   9.2352306e-02  -6.6633243e-02  -1.5091562e-01  -5.9522157e-03   8.3473205e-03  -7.2447015e-04
   1.1256417e-01  -6.9933167e-02  -1.5455216e-01  -5.8946303e-03   8.7471046e-03  -9.7379422e-04
   7.5197624e-02  -8.0385372e-02  -1.9584640e-01  -5.6234840e-03   9.3238741e-03  -1.0950541e-03
   4.9252732e-02  -2.0216981e-01   7.4966882e-02  -1.2866679e-02   1.1771501e-02  -4.7165537e-04
   3.1581747e-02  -1.0104579e-01   2.8867800e-01  -5.9489041e-04   1.1898487e-02  -1.4645815e-03
   7.7816577e-02  -9.5628917e-02   4.2933419e-01   8.4128316e-04   9.1809497e-03  -9.5626897e-04
   6.9308557e-02  -5.9351155e-02   2.1189990e-01  -1.7062742e-03   9.3690507e-03  -1.3394149e-03
   6.7537737e-02  -6.3860835e-02   1.4080406e-01  -2.8824826e-03   8.7984078e-03  -1.5258784e-03
   7.2432445e-02  -8.0071033e-02   1.1436974e-01  -4.3424604e-03   8.5349682e-03  -1.1986301e-03
   7.4382068e-02  -9.8940231e-02   1.5979089e-01  -3.0015744e-03   9.1299786e-03  -1.4535211e-03
   5.4077706e-02  -1.0023864e-01   5.7459676e-01  -9.0269161e-03   1.2229716e-02  -9.2986921e-05
   5.5844319e-02  -2.6883130e-02   4.9694619e-01   4.6308120e-04   8.7345885e-03  -1.1043210e-03
   5.5251598e-02  -6.6566561e-02   5.2329602e-01  -2.1012899e-03   7.8528241e-03  -7.8576074e-04
   4.9263021e-02  -5.0959583e-02   4.2160593e-01  -1.2867816e-03   8.8423170e-03  -1.1933055e-03
   6.4055082e-02  -6.8751173e-02   4.4726602e-01  -2.2306966e-03   9.0490568e-03  -1.3739208e-03
   6.0094009e-02  -3.9936701e-02   3.8685574e-01  -2.6135436e-03   8.6976918e-03  -1.0472953e-03
   5.2092337e-02  -1.5036777e-01   4.5929745e-01  -7.2853188e-03   9.2348125e-03  -9.7854668e-04
   4.6526073e-02  -5.3725624e-02   4.4683027e-01  -5.2335868e-04   6.9215613e-03  -1.2597627e-03
   5.1716919e-02  -8.8529155e-02   3.6669596e-01  -3.4223800e-03   7.8570199e-03  -1.8422615e-03
   5.2314251e-02  -4.0121960e-02   2.9760124e-01  -4.0651767e-03   6.5838366e-03  -1.2488902e-03
   6.4154528e-02  -5.7182038e-02   2.1946666e-01  -5.5126861e-03   6.5378396e-03  -1.0378191e-03
   6.9049216e-02  -6.1764096e-02   2.0065088e-01  -6.1070457e-03   5.3497448e-03  -8.5450153e-04
   4.9755210e-02  -6.0617091e-02   2.2374444e-01  -4.7292005e-03   6.3764398e-03  -1.3982697e-03
   9.2585206e-02  -5.5596040e-02   8.0821022e-01   1.8231375e-03   9.8295375e-03  -1.9227770e-04
   4.5492541e-02  -1.9394567e-02   3.7799128e-01  -3.2397591e-04   9.1505494e-03  -4.2463025e-04
   5.8354296e-02  -7.6551156e-02   2.9726532e-01  -2.2492701e-03   9.4014038e-03  -7.5428545e-04
   6.4957086e-02  -2.5628970e-02   5.1385381e-01  -5.6042804e-04   5.6882251e-03  -4.7921796e-04
   5.2523884e-02  -1.9387889e-02   3.9905961e-01  -3.4177950e-03   5.7150517e-03  -4.2101799e-05
   4.3418520e-02  -9.7145100e-02  -5.1595395e-01  -4.3683712e-03   6.2406921e-03  -8.5074981e-04
   1.7168556e-02  -5.0554096e-02  -1.5086255e-01  -4.5008973e-03   7.4983007e-03  -1.2482578e-03
   3.1379217e-02  -7.9908808e-02  -1.0388771e-01  -4.2185573e-03   8.0113589e-03  -1.8947247e-03
   3.0719867e-02  -7.9062360e-02  -1.5666321e-01  -5.5000276e-03   7.6944689e-03  -1.6143449e-03
   1.2051847e-02  -3.3755629e-02   2.0417241e-01  -8.8947869e-03   3.0692986e-03   6.1209187e-04
   2.3023329e-02   1.0040840e-02   3.8266367e-01  -2.1654056e-03   1.4810050e-03  -8.7280215e-05
   2.0435472e-02  -5.7414398e-02   3.6528027e-01  -2.9631298e-03   3.2709846e-03  -1.2990968e-03
   2.3817053e-02  -6.3327032e-02   3.2454537e-01  -4.1972601e-03   3.4254190e-03  -1.0436046e-03
   1.7617981e-02  -7.8049353e-02   2.4501302e-01  -4.3830957e-03   4.4178968e-03  -1.1887699e-03
   9.2434589e-02  -7.9237824e-02   6.6041308e-01   4.7603968e-03   1.0284175e-02  -1.8768431e-03
   5.3511646e-02  -5.0834226e-02   2.3108498e-01  -5.3848720e-04   8.8304034e-03  -1.0907012e-03
   6.9331910e-02  -1.2139320e-01   5.1000911e-01  -5.2205148e-04   1.2092629e-02  -2.3970960e-03
   6.1750376e-02  -6.8863500e-02   4.5318031e-01   5.8695759e-04   8.0938602e-03  -1.6122069e-03
   7.0763032e-02  -5.7076136e-02   3.6847340e-01  -1.3922241e-03   7.5986227e-03  -1.5654943e-03
   4.5332815e-02  -9.3131743e-02   3.2756104e-01  -1.5870231e-03   9.0697523e-03  -1.9583172e-03
   4.9042600e-02  -6.1077047e-03   5.6038780e-01   5.6746691e-03   7.9458751e-03  -1.2581419e-03
   6.9897249e-02  -2.4735826e-02   2.2620402e-01  -2.1310294e-03   9.0455186e-03  -2.8580506e-04
   6.1267242e-02  -5.9721947e-02   2.0118072e-01  -1.0221023e-03   1.0160030e-02  -1.2186612e-03
   6.0062090e-02  -5.4933389e-02   1.6992030e-01  -2.3579866e-03   1.0303842e-02  -1.4718492e-03
   5.0314329e-02  -6.6827928e-02   1.4851858e-01  -4.6738618e-03   8.3661090e-03  -1.1404119e-03
   6.4650766e-02  -1.1688361e-02   2.3756506e-01  -2.6733847e-03   7.7877214e-03  -5.5050560e-04
   7.2379982e-02  -3.2919138e-02   2.5112870e-01  -4.1284920e-03   7.9278249e-03  -6.6317219e-04
   6.0181791e-02  -7.4614649e-02   3.9580200e-01  -7.8822131e-04   7.7832294e-03  -5.3906563e-04
   3.8534755e-02  -5.5899685e-02   2.5689283e-01  -8.8597087e-04   7.1334619e-03  -7.7362791e-04
   5.1983929e-02  -5.7668027e-02   2.3088485e-01  -1.8695138e-03   7.6163706e-03  -9.5238020e-04
   4.3752301e-02  -4.8098678e-02   1.7556747e-01  -1.6022025e-03   7.9290517e-03  -1.2547340e-03
   5.1536142e-02  -6.3733120e-02   5.5418420e-01  -6.6549696e-04   9.3020511e-03  -1.0153406e-03
   3.8084854e-02  -5.2760361e-02   3.6815299e-01   3.7307132e-04   8.3067061e-03  -1.5231907e-03
   4.7156351e-02  -5.4686524e-02   3.4950426e-01  -3.1547077e-04   8.7322750e-03  -1.7454277e-03
   5.8525130e-02  -7.9088351e-02   2.4416837e-01  -1.4891036e-03   8.5448784e-03  -1.6990111e-03
   4.7362724e-02  -3.2727031e-02   5.4219300e-01  -4.8518617e-04   6.1142082e-03  -5.3846506e-04
   3.6083550e-02  -3.3422902e-02   2.9915889e-01  -2.4717786e-04   7.2227608e-03  -1.1816305e-03
   2.6969617e-02  -8.2170941e-02   3.6666103e-01  -1.2000314e-03   7.9587163e-03  -1.9380945e-03
   2.3294692e-02  -2.6498667e-02   2.8967757e-01  -1.3683638e-03   8.0557074e-03  -1.5743754e-03
   3.5897153e-02  -1.4301328e-01   3.0871683e-01  -3.2007302e-03   1.1631673e-02  -2.4385125e-03
   4.5757494e-02  -5.1523086e-02   4.2036582e-01   1.1520802e-03   7.5698823e-03  -1.0592327e-03
   3.8459877e-02  -1.8748661e-02   3.0048851e-01  -1.1693591e-03   7.4331059e-03  -9.8345835e-04
   6.0579441e-02  -1.4993068e-01   3.0384841e-01  -2.9105934e-03   1.1497563e-02  -1.4922108e-03
   4.3594264e-02   9.6441948e-03   2.7134149e-01  -1.2082443e-03   6.0623222e-03  -2.0700268e-04
   5.1205004e-02  -5.3421592e-02   2.3209300e-01  -1.6905926e-03   6.0435875e-03  -5.2168776e-05
   4.4513727e-02  -2.0501112e-02   2.0403089e-01  -1.9951994e-03   5.1374020e-03  -8.6583252e-06
   5.4033724e-02  -4.4274866e-02   2.2722930e-01  -1.9090111e-03   5.6836779e-03  -4.2987192e-04
   1.0479581e-01  -1.2093624e-01   2.1751973e-01  -3.8267609e-03   6.1834455e-03  -1.8075819e-03
   3.4194736e-02  -3.4967016e-02   2.5185613e-01  -2.8030192e-03   6.6240288e-03  -6.2576886e-04
   5.0641147e-02  -3.3148428e-02   1.6999694e-01  -3.0496299e-03   5.3721021e-03  -7.1571044e-04
   3.8998433e-02  -3.1966620e-02   2.2228336e-01  -2.6664004e-03   5.5396074e-03  -7.0080276e-04
   2.4750179e-02  -3.3856199e-02   1.9636405e-01  -1.5975969e-03   6.0169538e-03  -9.5032960e-04
   3.8937822e-02  -3.5099087e-02   1.9986035e-01  -2.6021605e-03   5.8416791e-03  -1.0284186e-03
   2.6651582e-02  -2.0368672e-02   1.9074141e-01  -2.8009250e-03   5.2153596e-03  -6.7659934e-04
   3.2906007e-02  -1.0316099e-02   1.3936189e-01  -3.4050436e-03   4.7857377e-03  -6.6488973e-04
   4.0707973e-02  -1.4527523e-02   1.0991566e-01  -3.6677464e-03   4.8574513e-03  -7.4972292e-04
   3.1035283e-02  -2.3657679e-02   1.3263811e-01  -1.6474752e-03   4.2735246e-03  -9.0035016e-04
   2.4740092e-02  -2.2218039e-03   8.3383479e-02  -2.7485860e-03   5.0472926e-03  -8.1482983e-04
   4.3387405e-02  -5.0024175e-02   9.2864185e-02  -3.3305734e-03   4.9373207e-03  -8.8965314e-04
   3.5184857e-02  -1.8115166e-02   3.4879412e-02  -3.3513801e-03   4.6436505e-03  -7.1571571e-04
   4.3002906e-02  -2.7729488e-02   4.4264662e-02  -2.6689882e-03   5.3725355e-03  -9.9855019e-04
   3.4286922e-02  -1.3593827e-02   8.0660577e-03  -3.6987509e-03   5.0398572e-03  -6.7082779e-04
   3.3332063e-02  -3.0652067e-02  -1.6105683e-02  -3.8125758e-03   4.9394585e-03  -8.7919229e-04
   4.0656710e-02  -3.2327516e-02  -6.7643190e-02  -5.0413065e-03   5.4199836e-03  -1.0578330e-03
   2.9661850e-02  -2.5034866e-02  -1.0189625e-01  -4.3828331e-03   5.6862412e-03  -7.9415596e-04
   1.9909540e-02  -2.9425194e-02  -1.2519920e-01  -4.9921807e-03   5.0610642e-03  -6.8306756e-04
   4.2066625e-02  -4.7734770e-02  -1.4277765e-01  -4.4288039e-03   5.6370218e-03  -1.0373489e-03
   4.3881849e-02  -9.8251350e-02   3.8682206e-02  -5.1837001e-03   1.0107089e-02  -2.5633589e-03
  -6.1514077e-03  -7.2345248e-03  -6.7568795e-01  -1.3022338e-02   6.9344877e-03   3.7186997e-03
  -2.6837583e-02  -1.3397341e-02  -5.3478772e-01  -2.9159816e-03   7.3804395e-03   1.4822112e-03
  -2.5675178e-02  -3.5557968e-02  -6.1043531e-01  -6.5447551e-03   7.2041513e-03   8.6809371e-04
  -1.6857936e-02  -7.6150939e-02  -5.8584627e-01  -6.9975050e-03   8.2777250e-03   5.1039673e-05
  -1.0474102e-02  -4.9779570e-02  -6.1714584e-01  -6.6986258e-03   7.5118755e-03   1.3030516e-04
  -6.6290983e-03  -5.0838712e-02  -5.9791492e-01  -8.0275644e-03   6.9726131e-03   2.1694414e-04
  -9.7983243e-03  -7.0050060e-02  -6.3469676e-01  -7.9698145e-03   6.9841468e-03   5.6218992e-05
  -6.8411570e-05  -8.2084024e-02  -6.2651725e-01  -8.2449600e-03   7.1204952e-03  -2.5744485e-04
  -2.0084349e-02  -4.7830742e-02  -6.3362104e-01  -7.8761196e-03   7.0798490e-03   1.4580572e-04
  -1.2270799e-02  -4.5553215e-02  -6.4183726e-01  -7.3632596e-03   6.9451618e-03   3.8876824e-05
  -6.6913446e-03  -7.2746798e-02  -6.2805730e-01  -7.8102104e-03   6.8869898e-03  -1.8764189e-04
  -1.2164274e-02  -5.1640828e-02  -7.1147854e-01  -8.3850382e-03   7.0828572e-03  -2.3003148e-05
   1.8314749e-05  -3.4719938e-01  -3.1941287e-02  -2.5313981e-02   1.4647503e-02   1.7039266e-04
   9.3671587e-02   2.1476337e-01   1.3170367e+00   5.7975116e-03   2.0517556e-02   3.6391908e-03
   1.2487826e-01   3.6560310e-02  -1.2483113e+00  -7.1416990e-03   1.6372704e-02   2.5522448e-03
   5.3192533e-02  -4.1378255e-02  -2.0003972e+00  -1.7155138e-02   1.4056025e-02   3.2964091e-03
   5.4728378e-02  -1.0425558e-01  -1.6633958e+00  -1.8040961e-02   1.4248373e-02   2.5372872e-03
   6.1903268e-02  -8.9368178e-02  -1.5723721e+00  -1.7765860e-02   1.4696618e-02   2.4561062e-03
   7.6261745e-02  -7.8584278e-02  -1.4856760e+00  -1.7805325e-02   1.4439322e-02   2.1710168e-03
   7.5880128e-02  -7.7028712e-02  -1.4355059e+00  -1.7019143e-02   1.4241149e-02   2.3287063e-03
   8.6419999e-02  -9.4557023e-02  -1.4355310e+00  -1.6771971e-02   1.4108157e-02   1.8452489e-03
   8.1367375e-02  -1.1422370e-01  -1.3663618e+00  -1.6227087e-02   1.4987581e-02   1.4936213e-03
   7.7261371e-02  -8.9561899e-02  -1.3870759e+00  -1.6082593e-02   1.4023913e-02   1.7724574e-03
   6.9642119e-02  -1.0309828e-01  -1.4241175e+00  -1.6083737e-02   1.4180999e-02   1.6925252e-03
   6.7218647e-02  -1.0169923e-01  -1.3723522e+00  -1.6524067e-02   1.4613281e-02   1.9410181e-03
   7.5100442e-02  -9.5609710e-02  -1.3790798e+00  -1.5992821e-02   1.4847185e-02   1.4585730e-03
   6.5023956e-02  -1.0726903e-01  -1.3635140e+00  -1.5909068e-02   1.4347049e-02   1.6063064e-03
   6.3369910e-02  -7.2373502e-02  -1.3951473e+00  -1.6431710e-02   1.4310860e-02   1.7201410e-03
   6.8209877e-02  -1.0248187e-01  -1.3497889e+00  -1.5520093e-02   1.4782965e-02   1.2175203e-03
   7.6735763e-02  -7.9373970e-02  -1.3910425e+00  -1.6328003e-02   1.4463126e-02   1.4490437e-03
   5.3258990e-02  -1.6399219e-01  -1.3526901e+00  -2.0674418e-02   1.7913825e-02   1.0875499e-03
   5.5106356e-02  -2.8504127e-01   1.0767688e+00  -2.7118410e-02   2.7941109e-02  -6.4292163e-04
   9.1997677e-02   2.2186637e-01   3.8567556e-01   1.9011739e-02   3.4296809e-02  -1.8519795e-03
  -7.1607128e-02  -6.2973722e-03  -4.6273188e+00  -2.7269314e-02   1.6101376e-02   2.1882895e-03
  -6.8690106e-02  -1.1198372e-02  -4.3156760e+00  -2.5948563e-02   1.6052985e-02   1.9715683e-03
  -4.3865551e-02  -1.1935088e-02  -4.1402701e+00  -2.5803852e-02   1.4337693e-02   2.1701971e-03
  -3.9111421e-02  -3.3085595e-02  -4.0590960e+00  -2.5183893e-02   1.4427278e-02   1.8650726e-03
  -4.9091906e-02  -2.9557536e-02  -4.0110680e+00  -2.6429127e-02   1.3616156e-02   2.9414894e-03
  -4.0138528e-02  -4.3084061e-02  -3.9340712e+00  -2.4858230e-02   1.4675521e-02   1.3350609e-03
  -3.1259496e-02  -3.6706297e-02  -3.9330720e+00  -2.5360998e-02   1.4329874e-02   1.1859195e-03
  -2.3392424e-02  -3.8793046e-02  -3.9287532e+00  -2.5875601e-02   1.4426411e-02   1.2413692e-03
   1.6179671e-03   3.8696591e-02  -3.9650450e+00  -2.8085958e-02   1.1260877e-02   2.7673698e-03
   1.3086221e-03  -1.4059108e-02  -3.8899049e+00  -2.5629120e-02   1.4219129e-02   1.2232945e-03
   1.4455227e-03  -2.0361025e-02  -3.9119089e+00  -2.7142235e-02   1.3721779e-02   1.1933456e-03
  -7.4637065e-03   1.1122694e-02  -3.9140637e+00  -2.6388692e-02   1.3211042e-02   1.0034978e-03
   9.4751677e-03  -3.3438466e-02  -3.9349559e+00  -2.6632911e-02   1.3633009e-02   8.5408931e-04
   2.2886440e-03  -1.5180337e-03  -3.9344618e+00  -3.0810234e-02   1.3463369e-02   2.2677770e-03
  -1.0316939e-02  -8.0048223e-03  -3.6662731e+00  -2.3930485e-02   1.4865798e-02   1.4029121e-03
  -1.2915732e-02  -3.1705573e-02  -3.6366413e+00  -2.4956668e-02   1.4562657e-02   1.1995695e-03
  -1.2510238e-02  -2.4598865e-02  -3.6364039e+00  -2.4916609e-02   1.3643889e-02   1.1775891e-03
  -5.8713562e-03  -3.4066055e-02  -3.6532429e+00  -2.5401378e-02   1.3930524e-02   1.0122326e-03
   8.0551044e-03  -4.8746619e-02  -3.5966594e+00  -2.4025752e-02   1.3692970e-02   7.4060375e-04
  -1.2857581e-02  -5.7089275e-02  -3.6401470e+00  -2.4178911e-02   1.4404619e-02   5.7010982e-04
  -6.4417807e-03  -7.1899840e-03  -3.6585013e+00  -2.4910144e-02   1.3980170e-02   7.0413247e-04
  -1.5081915e-02  -2.6404453e-02  -3.6392011e+00  -2.4138989e-02   1.4330717e-02   6.6474727e-04
  -2.1507050e-02  -3.4545896e-02  -3.6676600e+00  -2.4416725e-02   1.4246607e-02   7.5291331e-04
  -7.4872807e-03  -3.5223841e-02  -3.6949758e+00  -2.4774782e-02   1.4306813e-02   7.2665295e-04
   5.4889268e-03  -5.4139114e-02  -3.6842962e+00  -2.5024742e-02   1.4865734e-02  -8.3918654e-05
   4.6724132e-02  -6.2697467e-02  -3.7470929e+00  -2.5596182e-02   1.4116502e-02  -7.4765952e-04
  -4.7150111e-03  -2.6302130e-02  -3.6859740e+00  -2.4708413e-02   1.3907580e-02   2.6867521e-04
  -1.0890356e-02  -4.9769862e-02  -3.4307651e+00  -2.1906862e-02   1.3048167e-02  -1.8568818e-04
  -1.9438026e-02  -3.6318447e-02  -3.4600173e+00  -2.2506912e-02   1.3156619e-02  -6.3887999e-05
  -1.8018358e-02  -3.4021804e-02  -3.4802376e+00  -2.3408725e-02   1.3227149e-02   8.6690576e-06
  -1.2518422e-02  -3.6672372e-02  -3.5126168e+00  -2.3577416e-02   1.2886766e-02  -5.8706733e-05
  -1.6017076e-02  -4.5841403e-02  -3.5113765e+00  -2.3266014e-02   1.2870104e-02  -1.4234997e-04
  -1.7115066e-02  -6.0587779e-02  -3.5258404e+00  -2.3116170e-02   1.3033979e-02  -3.2184745e-04
  -2.6042396e-02  -4.4091831e-02  -3.5418165e+00  -2.4296283e-02   1.2781940e-02   9.5753783e-05
  -1.4782869e-02  -7.1475539e-02  -3.4883975e+00  -2.4137346e-02   1.4650971e-02  -2.3284008e-04
   3.0972021e-03  -3.6978458e-02  -3.5346412e+00  -2.3938283e-02   1.1923044e-02   2.4484903e-05
  -7.7058174e-03  -4.2361746e-02  -3.5119697e+00  -2.2917619e-02   1.3041276e-02  -2.6703971e-04
  -1.5191579e-02  -5.3863173e-02  -3.5198349e+00  -2.3084242e-02   1.3271755e-02  -1.8633223e-04
  -8.4915161e-03  -3.8619797e-02  -3.5559319e+00  -2.3406021e-02   1.2844393e-02  -1.4063138e-04
  -4.5707677e-03  -5.1340815e-02  -3.5561013e+00  -2.3129868e-02   1.2811892e-02  -2.5451106e-04
  -7.7910477e-04  -4.4510622e-03  -3.5972192e+00  -2.5159360e-02   1.1194764e-02   1.6256819e-04
   3.1563656e-02   4.9687298e-02  -3.6348055e+00  -2.6468383e-02   7.8870206e-03   2.3322934e-03
   2.7906130e-02   3.2033748e-02  -3.6288158e+00  -2.5359810e-02   9.1897218e-03   1.7838907e-03
   3.2155092e-02  -1.8758522e-03  -3.6117046e+00  -2.5198713e-02   9.5274702e-03   1.3165171e-03
   1.7764444e-02   3.2928587e-02  -3.5954077e+00  -2.4302060e-02   9.5486114e-03   1.4743391e-03
   1.9167270e-02   9.7870664e-03  -3.6405229e+00  -2.4422291e-02   9.8210910e-03   1.2159675e-03
   6.9964855e-03   1.0780166e-02  -3.6028034e+00  -2.4785849e-02   1.0314272e-02   1.0693755e-03
   1.5002053e-02   1.2922945e-02  -3.6069680e+00  -2.4854576e-02   1.0510546e-02   1.0721906e-03
   7.5586348e-03  -3.6149752e-03  -3.6193182e+00  -2.4148270e-02   1.0973084e-02   5.3626849e-04
   1.2998575e-02  -2.2036385e-02  -3.6272273e+00  -2.5561416e-02   1.0579561e-02   6.8562579e-04
   9.0845128e-03  -6.9940067e-03  -3.6519544e+00  -2.4557541e-02   1.0823832e-02   5.8599831e-04
   1.3113612e-04   6.8880025e-04  -3.6296667e+00  -2.4091906e-02   1.1426603e-02   4.4216278e-04
  -1.3743870e-04  -1.7164529e-03  -3.6397713e+00  -2.4331251e-02   1.0994266e-02   3.4571963e-04
  -1.8020754e-03  -5.6509871e-03  -3.6632297e+00  -2.4726817e-02   1.0973742e-02   6.0951682e-04
   5.0642995e-03  -1.4880056e-02  -3.6623207e+00  -2.4201970e-02   1.1780924e-02   1.4875497e-04
   3.1484884e-03  -1.8587179e-02  -3.6952589e+00  -2.4476866e-02   1.1238094e-02   1.5068552e-04
   1.9123400e-03  -3.0585733e-02  -3.6727542e+00  -2.3891611e-02   1.1770067e-02  -1.6482546e-04
   8.8570145e-04  -3.0647213e-02  -3.6872996e+00  -2.4730059e-02   1.1239790e-02   1.2183092e-04
   5.4134338e-03  -2.6585449e-02  -3.6956858e+00  -2.3797268e-02   1.1662440e-02  -1.2892938e-05
   9.7526279e-04  -6.5306855e-03  -3.6990236e+00  -2.2620157e-02   1.1824379e-02  -2.9806819e-05
  -1.2258219e-02  -5.6728320e-02  -3.7259583e+00  -2.4448748e-02   1.1434642e-02  -2.4783517e-05
  -4.8478913e-03  -3.3669159e-02  -3.6822698e+00  -2.3541182e-02   1.2031445e-02  -1.3913701e-04
   1.3514620e-03  -3.5934240e-02  -3.6740854e+00  -2.3779548e-02   1.1849172e-02  -2.1634650e-04
  -8.7499543e-03  -3.6417808e-02  -3.6738474e+00  -2.3621954e-02   1.2275605e-02   8.1759556e-05
  -7.5579132e-03  -5.2097784e-02  -3.2894802e+00  -2.2119587e-02   1.1304610e-02  -7.1345778e-05
  -5.5381680e-03  -1.5310846e-02  -3.3286210e+00  -2.1666431e-02   1.0824622e-02  -1.5027425e-05
   3.6171208e-03  -3.6655580e-02  -3.3404315e+00  -2.1718685e-02   1.0889842e-02  -9.4310354e-05
   6.6923272e-03  -3.5759027e-02  -3.3272093e+00  -2.1322247e-02   1.0746808e-02  -4.6884891e-04
   3.3988241e-03  -2.7546093e-02  -3.3471395e+00  -2.1563244e-02   1.0554491e-02  -1.0201752e-04
  -1.9274199e-03  -2.6325850e-02  -3.3503916e+00  -2.2159535e-02   1.1131043e-02  -1.7528438e-04
  -5.3216035e-03  -5.3261745e-02  -3.3600626e+00  -2.1199068e-02   1.1164324e-02  -2.7179839e-04
   2.5368161e-03  -5.8063822e-02  -3.4239502e+00  -2.2130472e-02   1.1441903e-02  -1.9386489e-04
  -2.5893215e-03  -3.7311897e-02  -3.3479918e+00  -2.1925892e-02   1.1647624e-02  -1.5327805e-04
  -2.3635944e-02  -6.1812538e-02  -3.3180279e+00  -2.0871742e-02   1.1688743e-02  -3.2162886e-04
  -1.5074017e-02  -5.0170833e-02  -3.2947381e+00  -2.1551767e-02   1.2075493e-02  -3.1649083e-04
  -1.5984402e-02  -4.5099142e-02  -3.2998113e+00  -2.0991322e-02   1.2028171e-02  -4.6907592e-04
  -8.7972139e-03  -6.8582307e-02  -3.3128321e+00  -2.1490942e-02   1.1883354e-02  -3.8427240e-04
  -3.1901813e-03  -4.5573716e-02  -3.3252024e+00  -2.0951442e-02   1.1682660e-02  -3.5563616e-04
  -6.1527526e-04  -5.3221370e-02  -3.3502785e+00  -2.1738292e-02   1.1136902e-02  -2.0776579e-04
  -1.5757284e-02  -5.3810500e-02  -3.3613184e+00  -2.1381658e-02   1.1861241e-02  -3.5968087e-04
  -5.8196723e-03  -5.1470139e-02  -3.3702018e+00  -2.1784422e-02   1.1790526e-02  -4.2580739e-04
  -7.1558329e-03  -5.4936178e-02  -3.3892086e+00  -2.1999866e-02   1.2048402e-02  -2.5286485e-04
  -5.4619245e-03  -3.4976832e-02  -3.3903578e+00  -2.1833546e-02   1.1755278e-02   2.7984687e-04
  -8.1999500e-03  -2.1046009e-02  -3.4080718e+00  -2.2005461e-02   1.0318096e-02   5.5011583e-04
   5.6087820e-03  -4.1996114e-02  -3.3536403e+00  -2.2005210e-02   1.0642387e-02   1.0977923e-04
   1.5017398e-02  -2.7423150e-02  -3.3888409e+00  -2.1910701e-02   1.1071293e-02   1.1938520e-04
   5.9504698e-03  -1.9758557e-02  -3.4051691e+00  -2.1958386e-02   1.0612158e-02   1.0395028e-04
   4.9133211e-03  -1.2501837e-02  -3.4432106e+00  -2.2313843e-02   1.0611227e-02   5.0448887e-04
  -6.7054832e-03  -2.6926412e-02  -3.4309042e+00  -2.2019053e-02   1.1063254e-02   3.3796542e-04
   6.6983077e-03  -2.2973761e-02  -3.4074214e+00  -2.2090195e-02   1.0737231e-02   1.2092368e-04
   1.5305203e-03  -3.3691736e-02  -3.4373427e+00  -2.2599826e-02   1.1038491e-02   2.9082241e-04
   2.7953690e-03  -2.1827216e-02  -3.4247784e+00  -2.2207055e-02   1.0430187e-02   5.6832903e-04
  -1.7668589e-03  -1.1806564e-02  -3.4308858e+00  -2.2541163e-02   1.1207579e-02   2.9748494e-04
  -1.1504701e-03  -1.1187508e-01  -2.5925037e+00  -2.3147181e-02   7.5643084e-03  -1.1617960e-03
   4.1270385e-03   5.0963177e-02  -2.6097714e+00  -1.3346177e-02   3.7621693e-03   1.6212339e-05
   1.0977075e-02  -7.4841382e-02  -2.4359106e+00  -1.7167497e-02   4.9898128e-03  -1.1877101e-04
   2.0785578e-03  -1.2136517e-02  -2.4774830e+00  -1.5855615e-02   5.9559040e-03   1.4521150e-04
   5.8443015e-03  -1.3927131e-02  -2.4231601e+00  -1.6239242e-02   5.5032448e-03   3.7832971e-04
   1.7411817e-02   6.3039459e-03  -2.4272431e+00  -1.5904452e-02   6.0527261e-03  -3.1885120e-05
  -3.9503361e-03  -4.8848196e-02  -2.4485694e+00  -1.6047576e-02   6.3550998e-03  -2.9802398e-04
   2.0111652e-03  -1.7661843e-02  -2.4516752e+00  -1.5973552e-02   6.1410680e-03  -8.8322081e-05
   3.9953336e-03  -1.4272510e-02  -2.4636458e+00  -1.6428260e-02   5.6414288e-03  -1.1728886e-04
   3.1265158e-03  -1.4263242e-02  -2.4840196e+00  -1.6288622e-02   5.6243389e-03   3.0294403e-04
   3.4932626e-03  -2.4936558e-02  -2.4854204e+00  -1.6617047e-02   5.9759027e-03   1.4383531e-04
  -4.2023183e-04  -8.0906988e-03  -2.5164033e+00  -1.6534121e-02   6.1582533e-03   1.6730375e-04
  -5.3897698e-03  -2.4774845e-02  -2.4701386e+00  -1.5275712e-02   7.1798648e-03  -8.6903355e-05
  -1.5493699e-02  -8.1507468e-02  -2.4844780e+00  -2.1866092e-02   7.4891576e-03   1.2231494e-03
  -2.4235229e-03  -2.6207151e-02  -2.3429240e+00  -1.3109773e-02   8.0289257e-03   5.9424702e-04
  -1.7461509e-02  -2.5713385e-02  -2.4281691e+00  -1.6100771e-02   7.7324949e-03  -2.6522998e-05
  -6.5955496e-03  -3.4192116e-02  -2.4415693e+00  -1.5623291e-02   7.6993361e-03   1.4450621e-04
  -2.9823753e-03  -2.6660616e-02  -2.4593203e+00  -1.6225288e-02   6.9926652e-03   7.5255950e-05
  -3.3319547e-03  -2.6124119e-02  -2.4662341e+00  -1.6478769e-02   7.1003657e-03   1.2796031e-04
  -1.6214630e-02  -5.8988969e-02  -2.4513648e+00  -1.7419447e-02   8.7298379e-03   9.2372226e-05
  -9.9556453e-03   5.1686623e-03  -2.5162748e+00  -1.6276979e-02   7.4404937e-03   3.8474677e-04
  -1.9720092e-02  -1.6001222e-02  -2.6029283e+00  -1.7610612e-02   6.8717640e-03   2.3536590e-04
  -2.0982955e-02   2.0281936e-02  -2.5441761e+00  -1.7056535e-02   8.4399570e-03  -1.6022443e-04
  -2.0800393e-03   2.0843201e-02  -2.5841915e+00  -1.5763791e-02   7.0150578e-03   1.2516106e-03
   1.3664095e-04  -1.0532208e-03  -2.5247437e+00  -1.7104156e-02   7.7547617e-03   1.4132885e-03
   1.4213721e-03   2.7801963e-02  -2.4719455e+00  -1.6253754e-02   7.0411470e-03   1.6741888e-03
   7.6022391e-03  -3.6844536e-03  -2.4560953e+00  -1.5217329e-02   7.7750851e-03   1.0409250e-03
   1.2138382e-02   1.6422152e-03  -2.5461286e+00  -1.5599807e-02   7.5476510e-03   1.0045330e-03
   6.5494216e-03  -1.4972356e-02  -2.5074853e+00  -1.5208927e-02   7.5414682e-03   8.0550169e-04
   4.4066882e-03   4.1145317e-04  -2.5448856e+00  -1.5959396e-02   7.3934887e-03   8.9817988e-04
   1.5530175e-02  -1.0182343e-02  -2.5509683e+00  -1.5781585e-02   7.0988069e-03   6.6960449e-04
  -1.5232604e-02   1.8578519e-02  -2.6635095e+00  -1.4386270e-02   8.8838626e-03   3.0458124e-04
  -2.9283141e-02   1.4643373e-02  -2.6446733e+00  -1.2848863e-02   8.3342348e-03   1.0201335e-04
  -1.9681987e-02  -3.1138259e-02  -2.6319809e+00  -1.2978152e-02   8.4042557e-03   2.9259143e-05
  -2.6600015e-02  -3.3824022e-02  -2.6788276e+00  -1.5347696e-02   9.5350579e-03   1.5223569e-04
  -3.8778665e-02   7.7174241e-03  -2.7627026e+00  -1.4597910e-02   8.8936463e-03   2.1960763e-04
  -9.4238558e-03  -2.9198083e-02  -2.7675659e+00  -1.4909285e-02   7.1583591e-03   6.3704722e-05
  -1.8990527e-02  -2.8295699e-02  -2.7134473e+00  -1.4033922e-02   8.3455478e-03  -1.2571474e-04
  -1.8309594e-02  -4.3390432e-02  -2.7416928e+00  -1.5636439e-02   8.0376842e-03   2.4202436e-05
  -2.4323420e-02  -3.6550661e-02  -2.7332262e+00  -1.5963959e-02   7.8866198e-03   1.0104763e-04
  -2.9456960e-02  -2.5906241e-02  -2.7642224e+00  -1.4626881e-02   8.6278187e-03  -3.4523766e-05
  -1.8905883e-02  -4.0031527e-02  -2.7612395e+00  -1.4614499e-02   8.6668338e-03   4.5660127e-05
  -1.2009649e-02  -2.2138017e-02  -2.7332156e+00  -1.4386233e-02   8.5975216e-03  -2.3586591e-04
  -1.1095333e-02  -2.3619698e-02  -2.8096148e+00  -1.4320333e-02   8.9575545e-03  -2.2509769e-04
  -1.8834135e-02  -1.1983029e-02  -2.8020371e+00  -1.4760192e-02   8.1078252e-03   2.0433308e-04
  -3.2201026e-02  -1.5767309e-02  -2.8384777e+00  -1.4834696e-02   8.3387974e-03   3.5105413e-04
  -3.0964525e-02   2.1850679e-02  -2.8078925e+00  -1.4232602e-02   8.8441358e-03   2.4172671e-04
  -1.7445257e-02  -4.3662933e-02  -2.7906536e+00  -1.4225061e-02   8.8635351e-03  -2.7009097e-04
  -2.0956191e-02  -1.4128507e-02  -2.8030739e+00  -1.5130204e-02   8.5037792e-03  -1.0535711e-04
  -3.8132710e-02  -1.2840879e-02  -2.8428329e+00  -1.4951060e-02   8.8570556e-03   3.1910712e-04
  -1.9331472e-02   9.7636484e-04  -2.8663138e+00  -1.4980861e-02   8.9775557e-03   1.9681335e-04
  -3.5121334e-03  -2.7703278e-02  -2.8532492e+00  -1.4751523e-02   8.9448762e-03  -6.3755321e-05
  -1.5147148e-02  -1.6444025e-02  -2.8234305e+00  -1.4486766e-02   8.7767354e-03   4.3041807e-05
  -2.2537735e-02  -2.9777002e-02  -2.8440352e+00  -1.5096007e-02   9.9754402e-03  -1.2069400e-04
  -3.7690540e-02  -3.4422939e-03  -2.9177191e+00  -1.5967279e-02   8.4110765e-03   5.0687475e-04
  -1.9817409e-02   7.5540899e-03  -2.9474564e+00  -1.4762478e-02   8.3184608e-03   3.5668508e-04
  -2.9207128e-02  -1.2104666e-02  -2.8751543e+00  -1.5172715e-02   8.4036221e-03   3.2696268e-04
  -2.9004538e-02   2.1742717e-02  -2.9543131e+00  -1.6479632e-02   8.3218702e-03   6.0681318e-04
  -4.7415036e-03   4.1775737e-02  -2.8817647e+00  -1.4655541e-02   8.6658140e-03   3.0102009e-04
   1.3775044e-01   2.8773676e-01  -2.9984540e+00  -2.2015282e-02  -1.5116614e-03   3.8084640e-03
   2.4036520e-04   2.7253305e-02  -2.9141126e+00  -1.3190123e-02   9.1896410e-03   1.5059969e-03
   4.0795527e-03   5.0149738e-02  -2.9251460e+00  -1.4837806e-02   7.6257664e-03   1.7155011e-03
  -7.3528449e-04   6.0415201e-02  -2.9375594e+00  -1.6033673e-02   7.3059863e-03   1.9539587e-03
   1.2431410e-02   6.8965271e-02  -2.9327421e+00  -1.7095699e-02   7.2562604e-03   1.5487487e-03
   1.1523835e-02   5.9126311e-02  -2.9478952e+00  -1.7001846e-02   5.3747287e-03   1.9463137e-03
   2.3744433e-02   8.9257015e-02  -2.9578642e+00  -1.7105177e-02   5.9108792e-03   2.2261293e-03
   2.1461701e-02   3.8744739e-02  -2.9571339e+00  -1.6672064e-02   6.7859224e-03   1.7221452e-03
   2.0934929e-02   7.1113630e-02  -2.9495316e+00  -1.6809567e-02   6.2083636e-03   1.5225018e-03
   2.9575553e-02   4.7959001e-02  -2.9631934e+00  -1.7561811e-02   7.0607695e-03   1.5012907e-03
   2.1369370e-02   3.3313862e-02  -2.9904195e+00  -1.6611229e-02   7.5130941e-03   1.3485714e-03
   1.0554746e-02   4.5538266e-02  -2.9316724e+00  -1.6303295e-02   7.0786299e-03   1.3263629e-03
   1.1324829e-02   3.3193311e-02  -2.9218974e+00  -1.6590623e-02   7.2939189e-03   1.3115743e-03
   9.3788834e-03   1.4407009e-02  -2.9178413e+00  -1.6881043e-02   7.8123890e-03   7.3076133e-04
  -5.4877123e-03   3.1364436e-02  -2.9105871e+00  -1.6758511e-02   7.8099757e-03   6.3450046e-04
   6.2521679e-03   1.2000007e-02  -2.9233315e+00  -1.6329473e-02   7.8858055e-03   4.1069817e-04
   1.7150063e-02   2.8809155e-02  -2.9399618e+00  -1.6116534e-02   7.8354005e-03   5.0715989e-04
   2.2324408e-02   3.3291754e-02  -2.9447300e+00  -1.6614455e-02   7.8506194e-03   7.5515034e-04
   1.3783779e-02   3.4990705e-02  -2.9329862e+00  -1.6963468e-02   8.3206897e-03   6.9621236e-04
   3.9493106e-03   2.6346060e-02  -2.9114154e+00  -1.6041427e-02   8.8452938e-03   5.5840473e-04
   1.6369318e-02   9.6661280e-03  -3.0439728e+00  -1.6146747e-02   9.1539486e-03   1.4897709e-04
  -6.5739496e-03   1.9470196e-02  -2.9709639e+00  -1.6853189e-02   9.9786498e-03   2.9176208e-04
  -2.0091565e-02   3.6241891e-03  -2.8763962e+00  -1.4221915e-02   9.1845305e-03   4.9379204e-04
  -1.1420623e-02   8.9159635e-03  -2.8149000e+00  -1.4890919e-02   9.0635826e-03   1.9711424e-04
   1.6531923e-03  -2.7091033e-03  -2.8566848e+00  -1.4852591e-02   9.3519276e-03   2.5775552e-04
  -8.1431806e-02   1.0399830e-01  -2.8068209e+00  -1.8356758e-02   1.3624270e-02   2.8138562e-03
  -5.3963861e-03  -4.5240394e-03  -2.8446270e+00  -1.3953659e-02   9.8957528e-03   8.4583244e-06
  -1.3141263e-02  -7.3663491e-03  -2.6920050e+00  -1.4379131e-02   8.9591597e-03  -2.2228649e-04
  -1.0919720e-02   8.0550714e-03  -2.6780887e+00  -1.3467526e-02   9.9434847e-03  -2.6719961e-04
  -8.6238285e-03  -2.8007462e-03  -2.6396027e+00  -1.2209790e-02   9.6385244e-03  -1.3615694e-04
  -1.7187550e-02  -2.5878222e-02  -2.8563975e+00  -1.2244573e-02   1.0791584e-02  -7.7550833e-04
  -9.1585754e-03   7.9190155e-03  -2.8094645e+00  -1.2941577e-02   9.9704649e-03   9.0490877e-05
  -5.6826181e-03  -9.1825230e-03  -2.8027167e+00  -1.3293116e-02   9.6438475e-03  -3.1072002e-04
  -3.5147716e-02  -2.6540768e-02  -2.8897516e+00  -1.4843615e-02   8.7299480e-03   4.7416419e-04
  -4.1412489e-02  -1.0805559e-02  -2.6568777e+00  -1.7126735e-02   7.9691191e-03   8.5323731e-04
   7.8378604e-03   9.8114174e-03  -2.5160941e+00  -1.1743315e-02   7.5020007e-03   9.6714259e-04
   9.9611663e-03  -3.3533963e-02  -2.5992552e+00  -1.3803621e-02   8.2033773e-03   4.5532891e-04
   9.4708865e-03   1.9718776e-02  -2.6786667e+00  -1.4096273e-02   8.7434557e-03   5.5433006e-04
   1.9356033e-03   3.0123229e-02  -2.6132321e+00  -1.3936905e-02   8.4660829e-03   2.2005470e-04
   4.1329744e-03   1.9603100e-02  -2.6186234e+00  -1.3718815e-02   8.4022981e-03   4.4566372e-04
   8.4844089e-03   1.2576779e-02  -2.7274537e+00  -1.3923926e-02   8.1180695e-03   3.7169166e-04
  -2.3463149e-03  -8.4516732e-03  -2.6452629e+00  -1.3722359e-02   8.6290731e-03   3.4639323e-04
  -9.9639596e-03   2.3227246e-02  -2.6895117e+00  -1.3700207e-02   8.4227534e-03   5.5459291e-04
   7.4808082e-03   1.3697647e-02  -2.6781661e+00  -1.3593508e-02   8.4853532e-03   2.7281489e-04
  -1.2820267e-02   5.0868457e-02  -2.8566902e+00  -1.5430475e-02   7.3030563e-03   8.0888606e-04
  -6.8909965e-03   4.2691321e-02  -2.7148542e+00  -1.4211585e-02   7.9962150e-03   8.0370833e-04
   1.5315417e-01   2.9123441e-01  -2.8188838e+00  -3.2763393e-02  -9.1101392e-04   3.7084491e-03
   3.3822887e-02   6.2819168e-02  -2.0220336e+00  -2.4399564e-02  -2.4202719e-03   6.0665204e-04
  -2.4576232e-02  -1.5270914e-01  -1.2611736e+00  -2.7309014e-02   4.4523905e-03   1.9862214e-03
   5.4392676e-02   2.2637482e-01  -1.3845672e+00   1.7075373e-03   1.8371020e-03   2.6148803e-03
   3.3514652e-02   8.5424953e-02  -2.6273929e+00  -1.6183606e-02   2.3877855e-03   2.3365666e-03
   2.1841332e-02   7.2123232e-02  -2.4602022e+00  -1.6518145e-02   4.0089279e-03   2.0286557e-03
   2.6891166e-02   6.3648417e-02  -2.4849508e+00  -1.6223402e-02   4.6997418e-03   1.7812457e-03
   3.5489447e-02   6.3369234e-02  -2.5484818e+00  -1.6248959e-02   5.3321271e-03   1.6305395e-03
   4.2594935e-02   6.2498459e-02  -2.5073075e+00  -1.6825397e-02   5.7446848e-03   1.5660129e-03
   4.9871437e-02   5.8316844e-02  -2.5003776e+00  -1.7086258e-02   6.1094617e-03   1.1487830e-03
   2.5204868e-03   5.8888055e-02  -1.7522392e+00  -7.7942994e-03   7.8305004e-03   6.0468944e-04
   9.8074204e-03   8.1184111e-03  -1.7967476e+00  -8.4570746e-03   8.1193279e-03   4.0269799e-04
   1.2213305e-02   1.3898277e-02  -1.8515942e+00  -9.7016354e-03   7.9595117e-03   5.9073280e-04
   2.8115384e-02   3.4501047e-02  -1.8697451e+00  -1.0955565e-02   7.0472221e-03   7.0894828e-04
   2.2621009e-02   3.2886040e-02  -1.8622897e+00  -1.0761754e-02   7.2979378e-03   6.2271083e-04
  -1.2548477e-02   9.0246245e-04  -1.8495236e+00  -1.0654095e-02   1.0542667e-02   2.3751545e-04
   4.3124720e-03   1.9147511e-02  -1.8919436e+00  -9.6229830e-03   8.4657899e-03   2.6692477e-04
  -6.2483924e-03  -2.3727788e-03  -1.9122118e+00  -9.9189154e-03   8.5958318e-03   3.2937264e-04
  -1.4036192e-02  -6.1637387e-03  -1.9715561e+00  -1.1921336e-02   1.0241425e-02   4.0776863e-04
  -7.1605825e-03   1.6477230e-02  -1.9752360e+00  -1.0061256e-02   9.1044862e-03   2.9321326e-04
  -4.0385583e-03  -9.9384716e-03  -2.1360526e+00  -1.1266045e-02   8.5418555e-03  -6.8568364e-05
  -2.7632413e-02   2.1468344e-02  -2.0429756e+00  -1.0584651e-02   9.4065315e-03   1.8796690e-04
  -2.2651023e-02   1.1180760e-02  -2.0161628e+00  -1.0033822e-02   9.3690077e-03  -1.3028283e-04
  -8.7577419e-03  -9.8680205e-03  -2.0281398e+00  -1.0754938e-02   9.0105778e-03  -1.0346633e-04
   1.3045514e-01   2.6671445e-01  -2.2200559e+00  -2.3185065e-02  -3.3911902e-03   2.3632770e-03
   4.6596405e-02   1.2992883e-01  -1.8667756e+00  -1.3478385e-02  -3.6133010e-03   2.2033546e-03
   4.0873461e-02   1.1932414e-01  -1.9276365e+00  -1.5998683e-02  -3.0168279e-03   2.2631617e-03
   4.3760707e-02   1.2111814e-01  -2.1152997e+00  -1.4999248e-02  -3.4059641e-03   2.0517106e-03
   4.7822656e-02   7.5327056e-02  -1.9749619e+00  -1.3964241e-02  -1.9830104e-03   1.4252332e-03
   3.7409878e-02   8.7905268e-02  -2.0108270e+00  -1.3945706e-02  -1.8206866e-03   1.4788603e-03
   3.2988330e-02   9.2310447e-02  -2.0330082e+00  -1.4503453e-02  -1.7218222e-03   1.4143980e-03
   3.0511170e-02   9.6055606e-02  -2.0164197e+00  -1.3520685e-02  -9.6256165e-04   1.0420610e-03
   2.9732600e-02   7.5914715e-02  -2.0359555e+00  -1.4072423e-02  -6.2937825e-04   6.3291570e-04
   1.8425455e-02   6.0512119e-02  -2.0390463e+00  -1.3580949e-02  -6.4644853e-05   4.2787096e-04
   2.3331197e-02   6.2867645e-02  -2.0067079e+00  -1.2599235e-02   3.8098943e-04   3.2543227e-04
   1.2678469e-01   2.6850917e-01  -2.1341242e+00  -2.6581922e-02  -8.0534828e-03   1.2725921e-03
   5.8069712e-02   1.0719450e-01  -1.5720703e+00  -1.3345245e-02  -6.2107058e-03   1.7728066e-03
   4.3064496e-02   1.4529417e-01  -1.6496544e+00  -1.3717164e-02  -4.8075807e-03   1.8712112e-03
   1.3177900e-02   5.8858266e-02  -1.6056625e+00  -1.5028184e-02  -1.9820705e-03   1.3519992e-03
   1.7564957e-02   9.8108390e-02  -1.7988868e+00  -9.7616270e-03   9.4022427e-04   1.8918188e-03
   1.9177124e-02   8.9619312e-02  -1.8872547e+00  -1.1883176e-02   4.8713282e-04   1.6108150e-03
   9.7301823e-03   5.3216610e-02  -1.9022810e+00  -1.1557111e-02   2.1125417e-03   1.0775120e-03
  -3.1194913e-04   8.9105068e-02  -1.9401953e+00  -1.1384875e-02   1.4770962e-03   1.4750877e-03
   1.3651191e-02   4.8348638e-02  -1.9262941e+00  -1.2011369e-02   1.7431367e-03   9.2297650e-04
  -3.9641417e-03   6.1440252e-02  -1.9789845e+00  -1.1575794e-02   1.8934444e-03   9.8826759e-04
   2.3690667e-04   5.2604830e-02  -1.9874862e+00  -1.2142818e-02   1.9193850e-03   6.0035807e-04
  -7.2189159e-03   4.7343344e-02  -1.9776384e+00  -1.1896985e-02   2.1463557e-03   6.7951951e-04
  -4.5197127e-03   4.1348172e-02  -1.9873176e+00  -1.1971456e-02   2.3036539e-03   6.7528251e-04
   1.1428891e-03   4.6557938e-02  -2.1008345e+00  -1.3610401e-02   2.4412886e-03   1.3628545e-03
  -1.8383981e-02   5.5435572e-02  -2.1217179e+00  -1.1378253e-02   2.6070539e-03   8.2350762e-04
  -4.8297900e-03   3.8450963e-02  -2.1126692e+00  -1.1857389e-02   3.0133234e-03   3.3114742e-04
  -8.6157072e-03   5.4192692e-02  -2.1186069e+00  -1.2206800e-02   2.8556688e-03   2.7632660e-04
  -9.8396735e-03   2.9787794e-02  -2.3067780e+00  -1.3959821e-02   3.0729127e-03   4.1315386e-05
  -1.6601879e-02   3.6257398e-02  -2.1924407e+00  -1.1730603e-02   3.6822518e-03  -2.1193161e-06
  -1.6175273e-02   1.1909003e-02  -2.2336341e+00  -1.2865771e-02   4.2859248e-03  -5.0063558e-04
  -6.5491132e-03   5.1826197e-02  -2.2465030e+00  -1.2608455e-02   3.9386305e-03   2.5836196e-05
  -9.7267013e-03   5.3872142e-02  -2.2119322e+00  -1.2555687e-02   4.4328322e-03  -4.1913538e-04
  -1.0377099e-02  -8.4307829e-03  -1.9765808e+00  -1.2182268e-02   5.1659426e-03  -5.9785689e-04
   1.0306750e-01   3.6219598e-01  -2.1895350e+00  -2.1636301e-02  -6.6806177e-03   3.0383920e-03
   4.5992808e-02   1.1676339e-01  -1.7680683e+00  -1.1757114e-02  -3.9034396e-03   2.3456532e-03
   7.8450797e-03   9.3232742e-02  -1.8288775e+00  -1.3953949e-02  -4.0400331e-04   2.4831659e-03
   3.4056296e-03   1.0752877e-01  -1.9671475e+00  -1.1534771e-02  -2.0050930e-03   2.0172165e-03
   4.2680165e-03   1.1312732e-01  -1.9517064e+00  -1.1351906e-02  -1.6299533e-03   1.9820538e-03
  -1.9877207e-02   1.0616465e-01  -2.0409683e+00  -1.2969699e-02  -2.1907795e-04   1.9534845e-03
  -1.4335604e-02   1.0868669e-01  -2.0453988e+00  -1.0879261e-02  -1.6362665e-04   1.5855364e-03
  -5.9607101e-03   1.0271546e-01  -2.0037885e+00  -1.0784446e-02   4.7514795e-04   1.2951901e-03
  -1.2393607e-02   8.9405846e-02  -2.0471576e+00  -1.1779765e-02   1.1599527e-03   1.3927488e-03
  -2.5009943e-03   7.2727161e-02  -2.0344207e+00  -1.1276254e-02   1.4557570e-03   8.3808040e-04
  -1.1784640e-02   7.5182828e-02  -2.0913655e+00  -1.1346162e-02   1.3103275e-03   1.2939947e-03
  -1.1328795e-02   6.5487039e-02  -2.0695355e+00  -1.0242668e-02   1.9937106e-03   6.6834405e-04
  -2.3292220e-02   5.6437514e-02  -2.0626376e+00  -1.0857906e-02   1.6744662e-03   5.6519412e-04
  -4.0502204e-02  -8.4472366e-03  -2.2436127e+00  -1.2215508e-02   3.8168609e-03   1.9867526e-04
  -1.0995355e-02   3.8430361e-02  -2.2170303e+00  -9.8779621e-03   2.8334843e-03  -1.9887107e-06
  -1.8229401e-02   2.5035521e-02  -2.0946079e+00  -8.3645395e-03   3.8921557e-03  -3.8580055e-04
  -3.0914755e-02   6.0607331e-02  -2.1507760e+00  -1.0027914e-02   3.8917990e-03   2.0207654e-04
  -4.0901628e-02   4.9335128e-02  -2.2081355e+00  -1.0861879e-02   7.0866162e-03  -4.0271067e-04
  -5.5016578e-03   1.7660339e-02  -2.1518216e+00  -8.6801396e-03   7.4766706e-03  -8.8767216e-04
  -3.3011378e-03  -7.8778161e-03  -2.1827705e+00  -9.3855926e-03   7.5283081e-03  -8.8867807e-04
   9.9136428e-03  -1.7462523e-02  -2.1734632e+00  -9.8708751e-03   5.7445274e-03  -1.3098747e-03
  -2.1451480e-03   9.3669666e-03  -2.1154584e+00  -9.9902741e-03   5.6282330e-03  -9.3558985e-04
  -1.6660898e-02  -1.2266560e-02  -2.1286123e+00  -1.0403012e-02   5.0558513e-03  -5.1712155e-04
  -1.4244136e-02   4.9272278e-02  -2.1408345e+00  -1.3593908e-02   5.8644005e-03   6.1954896e-04
  -2.2862933e-02   2.9699786e-02  -2.1232219e+00  -8.4502189e-03   6.7066600e-03  -6.2409099e-05
  -2.2100091e-02   1.1480183e-02  -2.0842180e+00  -8.6595817e-03   6.3996278e-03  -6.7352154e-04
  -2.3495318e-02   1.5310221e-02  -2.1957032e+00  -1.0053368e-02   5.7209355e-03  -3.9857147e-04
  -5.0932382e-02   2.2862936e-02  -2.7400618e+00  -9.6475358e-03   7.5662065e-03  -3.5702687e-04
  -4.1467150e-02   4.8215354e-02  -2.8293183e+00  -1.2064555e-02   5.5763512e-03  -6.9753852e-04
  -2.2454690e-02  -2.0854975e-02  -2.7587710e+00  -1.1514688e-02   6.1422982e-03  -9.0441247e-04
  -3.9998714e-02   2.4303557e-02  -2.7971735e+00  -1.2870017e-02   5.9999019e-03  -6.5833910e-04
  -5.2323479e-02   3.2973803e-02  -2.6956986e+00  -1.4061695e-02   6.5571174e-03  -4.3163398e-04
  -4.8104711e-02   1.1360754e-02  -2.5155967e+00  -1.0402374e-02   5.7685875e-03  -2.5316412e-04
  -3.7783665e-02   1.2225638e-02  -2.4590666e+00  -1.0670090e-02   5.8959271e-03  -2.3031784e-04
  -2.9259405e-02   2.5675130e-02  -2.5225557e+00  -1.1296889e-02   5.5621815e-03  -2.9240185e-04
  -3.9394006e-02   1.7440301e-02  -2.5710516e+00  -1.2633617e-02   5.7153940e-03  -3.1752553e-04
  -3.7359321e-02   2.9285372e-02  -2.5518238e+00  -1.2084488e-02   5.9956970e-03  -4.2082675e-04
  -3.0179519e-02   3.9972809e-02  -2.6818304e+00  -1.1767230e-02   5.5254649e-03  -2.1055142e-04
  -4.0330292e-02   2.8629019e-02  -2.5980594e+00  -1.1992989e-02   6.5915442e-03  -3.9817891e-04
  -2.7319497e-02   2.2914864e-02  -2.5651928e+00  -1.1274997e-02   6.5659331e-03  -5.4066853e-04
  -2.6263099e-02   1.6474796e-02  -2.5842839e+00  -1.3834079e-02   6.3925587e-03  -2.6720467e-04
  -3.2525744e-02   2.3089371e-02  -2.5885632e+00  -1.0971048e-02   6.7846001e-03  -7.4742181e-04
  -3.7376784e-02   1.9075855e-02  -2.5889641e+00  -1.1903345e-02   6.3985452e-03  -3.1997341e-04
  -2.2879352e-02   7.1601618e-02  -2.6001988e+00  -1.2691476e-02   4.3566362e-03   1.3035949e-04
   1.1939816e-01   3.3353953e-01  -2.5905461e+00  -2.2315013e-02   1.6367785e-02  -9.0598788e-03
   9.1577572e-02   2.0675706e-01  -2.4072234e+00  -1.5923652e-02  -3.3422581e-03   2.4854441e-03
   8.2882543e-02   1.9784026e-01  -2.5013359e+00  -1.5425239e-02  -2.5462639e-03   2.3723940e-03
   4.3098286e-02   1.6780257e-01  -2.5348696e+00  -1.5852435e-02  -1.5423661e-03   2.2048603e-03
   4.9682186e-02   1.5409200e-01  -2.5332859e+00  -1.4979583e-02  -1.2555801e-03   2.3275156e-03
   2.9529428e-02   5.7020084e-02  -2.5222266e+00  -1.7266551e-02   1.6117084e-03   2.0218603e-03
   5.2031813e-02   2.2746696e-01  -2.6695572e+00  -1.6394233e-02  -4.9219936e-03   4.5739066e-03
   2.6602108e-02   9.4390186e-02  -2.5692409e+00  -1.6085025e-02   2.5389826e-03   1.9146756e-03
   2.5958621e-02   1.3340357e-01  -2.6002479e+00  -1.3182977e-02   4.5923754e-04   1.9645041e-03
   2.7021887e-02   1.4237860e-01  -2.5996057e+00  -1.4533803e-02   9.4776209e-04   1.8536509e-03
   9.1429030e-03   1.0165608e-01  -2.5777101e+00  -1.3888038e-02   3.4108379e-03   1.9250694e-03
   4.9020625e-02   1.4624097e-01  -2.5873141e+00  -1.4787312e-02   3.8425369e-03   5.3087261e-04
   8.1839197e-02   2.1032245e-01  -2.5013032e+00  -1.5519010e-02  -2.5231529e-03   2.8606173e-03
   4.5688404e-02   2.0065758e-01  -2.5235509e+00  -1.5392291e-02  -1.5953459e-03   2.9041617e-03
   1.7350020e-02   1.7391881e-01  -2.6042905e+00  -1.3221851e-02   1.7883823e-04   2.8432027e-03
   2.3963899e-02   1.4675767e-01  -2.6285189e+00  -1.4616789e-02   2.6159596e-05   2.6052445e-03
   1.6912287e-02   1.4634536e-01  -2.6550262e+00  -1.4598560e-02  -1.4394253e-04   2.5802887e-03
   1.5985689e-02   1.5818521e-01  -2.6052952e+00  -1.2785794e-02   9.5312247e-04   2.4258357e-03
   2.4624625e-02   1.7032661e-01  -2.6525770e+00  -1.3666092e-02   6.4968605e-04   2.3575712e-03
   1.9651913e-02   1.1070241e-01  -2.6363471e+00  -1.2875356e-02   1.5737069e-03   1.7749242e-03
   1.3038427e-02   1.3252412e-01  -2.7067600e+00  -1.3260148e-02   1.9474242e-03   1.8129893e-03
  -1.2930823e-02   9.2807252e-03  -2.6665936e+00  -1.6650149e-02   4.1703092e-03   1.3270816e-03
   3.6426356e-03   1.2236486e-01  -2.5009606e+00  -1.1555401e-02   2.6456022e-03   1.9076526e-03
   7.5294781e-02   2.4193219e-01  -2.5097169e+00  -1.4959943e-02  -5.0678209e-03   3.3173264e-03
   3.4850707e-02   1.9031763e-01  -2.3187482e+00  -1.1947887e-02  -1.3417107e-03   2.0874557e-03
   3.5361946e-02   1.5589989e-01  -2.3908031e+00  -1.2319574e-02  -5.1547721e-04   2.2690306e-03
   2.7574862e-02   1.1837924e-01  -2.3967818e+00  -1.2240358e-02   4.5385953e-04   2.1384707e-03
   2.9447297e-02   1.1249345e-01  -2.3807479e+00  -1.1966201e-02   1.0071580e-03   1.6124023e-03
   8.0693244e-02   2.2616911e-01  -2.4903460e+00  -1.4471220e-02  -2.6663574e-03   2.4896336e-03
   4.6442352e-02   1.6756752e-01  -2.4655460e+00  -1.3150238e-02  -5.2045012e-04   2.0633778e-03
   2.7965354e-02   1.5709703e-01  -2.4658977e+00  -1.2727014e-02   6.3338627e-04   1.7189577e-03
   3.2317207e-02   1.3981441e-01  -2.4833319e+00  -1.1940887e-02   1.0499700e-03   1.3450777e-03
   1.6288301e-02   1.4962519e-01  -2.5519064e+00  -1.4493242e-02   1.2989677e-03   2.0255978e-03
   3.6379844e-03   9.1154454e-02  -2.5067174e+00  -1.1806953e-02   2.2419480e-03   1.1103168e-03
   1.7589946e-01   4.6009492e-01  -2.6392889e+00  -2.0763980e-02  -7.1832964e-03   2.3079220e-03
   5.7879620e-02   2.1086404e-01  -2.4608130e+00  -1.2583404e-02  -1.2930007e-03   2.4921063e-03
   3.2666281e-02   1.9254614e-01  -2.6623252e+00  -1.2075252e-02  -5.8019435e-05   2.5718106e-03
   2.7328236e-02   1.3745097e-01  -2.7591101e+00  -1.5559625e-02  -1.7062751e-05   2.1458241e-03
  -5.0266098e-03   6.9719633e-02  -2.5258533e+00  -1.1132528e-02   4.4835070e-03   1.3560374e-03
  -2.4356285e-02   6.6101742e-04  -2.5807927e+00  -1.0172321e-02   7.4133389e-03  -4.3724494e-04
  -4.4727211e-02  -2.2552461e-01  -2.2554971e+00  -2.7906073e-03   2.0273041e-02  -3.5657157e-03
   4.3111638e-03  -2.8245262e-01  -1.6800645e+00  -2.3808726e-02   1.7469788e-02   1.6096236e-04
   6.5467134e-02  -7.4322119e-02   7.2359726e-01  -1.4161882e-03   3.3748592e-02  -6.4570328e-04
   8.1838233e-02  -7.2463455e-03  -2.2329572e+00  -1.2520519e-02   1.1686964e-02   9.3060168e-04
   2.9689717e-02   3.6304102e-02  -2.0549812e+00  -1.2112828e-02   1.3768145e-02   1.6739199e-03
   1.9845969e-01   1.7634144e-01  -1.9324150e+00  -1.4113059e-02   1.5697340e-02  -1.7176925e-03
   8.8816976e-02   1.5388301e-01  -2.0873700e+00  -1.9741798e-02   1.8719274e-03   4.6580544e-03
   6.7846197e-02   1.6724726e-01  -2.0732050e+00  -1.8184382e-02   2.9509991e-03   4.1355884e-03
   6.9830982e-02   1.3728912e-01  -1.9751636e+00  -1.6672734e-02   3.8364346e-03   3.3073419e-03
   7.8490186e-02   1.0716829e-01  -1.9873718e+00  -1.6521804e-02   3.7981574e-03   3.1862522e-03
   4.3247576e-02   1.2476427e-01  -2.1600689e+00  -1.7669907e-02   3.2373838e-03   3.5307233e-03
   5.6326193e-02   1.4711396e-01  -2.0816607e+00  -1.5179052e-02   3.7714011e-03   2.9731563e-03
   6.6045004e-02   1.0263695e-01  -2.0489081e+00  -1.5340145e-02   4.1181155e-03   2.5625816e-03
   5.3084717e-02   1.0050712e-01  -2.0177758e+00  -1.4619760e-02   4.4273843e-03   2.3895490e-03
   5.2176322e-02   1.0612170e-01  -1.9690903e+00  -1.4103882e-02   4.9587078e-03   2.2427089e-03
   4.6811156e-02   8.6938573e-02  -1.9540831e+00  -1.4059987e-02   5.2119513e-03   1.9059730e-03
   5.1992952e-02   7.2701760e-02  -1.9679125e+00  -1.4127668e-02   4.8428364e-03   1.7414399e-03
   3.0235530e-02   4.4647101e-02  -2.0033332e+00  -1.4843194e-02   5.5244161e-03   2.0768436e-03
   3.8951462e-02   7.0814225e-02  -2.0731267e+00  -1.5200407e-02   6.3201696e-03   2.1025425e-03
   3.7451291e-02   5.0743075e-02  -2.0290904e+00  -1.3182166e-02   6.6583352e-03   1.6307023e-03
   4.6362462e-02   4.9069035e-02  -2.0993577e+00  -1.3579543e-02   6.6982796e-03   1.2031095e-03
   5.5915204e-02   4.6880368e-02  -2.1318489e+00  -1.4076310e-02   6.8373780e-03   8.5417330e-04
   4.6558556e-02   5.3272159e-02  -2.1327275e+00  -1.4167225e-02   6.7529769e-03   1.1148202e-03
   3.5879543e-02   4.4357029e-02  -2.1587406e+00  -1.4746754e-02   7.0648158e-03   8.6565623e-04
   4.3922267e-02   1.2541219e-02  -2.1042944e+00  -1.5403928e-02   9.6160518e-03   6.7896800e-04
   2.0508469e-02   4.4096774e-02  -2.2563269e+00  -1.3654411e-02   9.6684238e-03   6.6405256e-04
   2.5935851e-02   4.7150608e-02  -2.2912805e+00  -1.3699027e-02   9.8562720e-03   5.4352042e-04
   8.6906554e-03   1.2824591e-02  -2.1786270e+00  -1.6002830e-02   1.2316432e-02   1.1806735e-04
   9.2639827e-03   2.4368042e-02  -1.9304516e+00  -9.6379900e-03   1.1720925e-02   2.6496308e-04
   8.9593195e-02   2.1175721e-01  -2.0602207e+00  -1.6961078e-02   3.6263504e-03   2.8196453e-03
   4.8936863e-02   1.0862650e-01  -1.9441957e+00  -1.2436882e-02   6.3623329e-03   1.8816042e-03
   4.5137078e-02   8.6170535e-02  -2.0262112e+00  -1.3315935e-02   6.7676608e-03   1.5835850e-03
   4.6702349e-02   3.5574518e-02  -2.0282175e+00  -1.3278167e-02   7.0045892e-03   1.0719278e-03
   3.7531638e-02   6.1387472e-02  -2.0256128e+00  -1.2818025e-02   7.7139557e-03   1.0006324e-03
   4.8575745e-02   5.4381032e-02  -2.0385328e+00  -1.2619968e-02   8.1597940e-03   4.9058565e-04
   4.7953808e-02   7.1610104e-02  -2.0836557e+00  -1.3516441e-02   8.3005896e-03   7.4754292e-04
   4.3958381e-02   6.3536457e-02  -2.1072619e+00  -1.3274080e-02   8.1515440e-03   6.6132576e-04
   3.9179261e-02   5.2407604e-02  -2.1447011e+00  -1.3260607e-02   7.8856135e-03   6.1228604e-04
   1.2730963e-02   4.0321831e-02  -2.2999602e+00  -1.3384461e-02   8.6592447e-03   6.7441359e-04
   3.4015214e-02   5.2535517e-02  -2.2150476e+00  -1.3508483e-02   8.5561417e-03   4.0833895e-04
   3.7251758e-02   5.8449125e-03  -2.2565942e+00  -1.5263509e-02   8.9264419e-03   5.2893957e-04
   1.2397146e-01   2.9444530e-01  -2.3016381e+00  -1.9489073e-02   1.4181592e-03   2.8110873e-03
   6.2253336e-02   1.4438293e-01  -2.1054543e+00  -1.4115094e-02   4.0152368e-03   1.8857936e-03
   6.0575234e-02   1.1924209e-01  -2.1074009e+00  -1.3479810e-02   5.3125955e-03   1.5933929e-03
   6.2737622e-02   1.1783991e-01  -2.1919701e+00  -1.4300614e-02   5.4594074e-03   1.2495202e-03
   6.5355882e-02   9.4267184e-02  -2.2181429e+00  -1.4256156e-02   6.0441583e-03   1.1145345e-03
   6.1166548e-02   7.3715496e-02  -2.2880278e+00  -1.4557683e-02   6.4727980e-03   6.8533448e-04
   5.6571851e-02   9.7553788e-02  -2.2907548e+00  -1.4548011e-02   7.2718486e-03   8.3265445e-04
   3.1848125e-02   4.5475284e-02  -2.2438725e+00  -1.3560215e-02   7.2058047e-03   5.6265084e-04
   4.8291117e-02   4.2787687e-02  -2.2846476e+00  -1.3558992e-02   7.9441999e-03   4.9557485e-04
   3.3241063e-02   6.3356955e-02  -2.3004101e+00  -1.3694922e-02   7.7174026e-03   3.1178728e-04
   4.6485111e-02   4.3721703e-02  -2.3028538e+00  -1.3646587e-02   7.9033766e-03  -2.9790135e-05
   4.2928037e-02   6.9617278e-02  -2.2803114e+00  -1.3342822e-02   8.0734425e-03   9.4447430e-05
   1.2895054e-01   2.4031307e-01  -2.3693369e+00  -1.8518258e-02  -5.4264219e-04   3.2780520e-03
   6.8671659e-02   1.2475288e-01  -2.0368173e+00  -9.4962057e-03   4.2416606e-03   3.9692444e-04
   3.3203837e-02   1.2383769e-01  -1.9888993e+00  -1.0972570e-02   5.4027033e-03   5.3648573e-04
   2.7596287e-02   5.5507168e-02  -2.0494814e+00  -9.6782790e-03   5.9577765e-03   2.9712625e-04
   2.2973216e-02   8.0902524e-02  -2.0915492e+00  -1.1363580e-02   5.8225846e-03   6.3747635e-04
   3.2174899e-02   6.2532545e-02  -2.1099519e+00  -1.1795452e-02   5.3461459e-03   1.9581257e-04
   3.2288036e-02   6.4346253e-02  -2.1140891e+00  -1.1635438e-02   5.6554523e-03   7.9854586e-05
   3.1746229e-02   3.5383787e-02  -2.1508744e+00  -1.2993845e-02   5.3963127e-03  -1.8186292e-04
   2.5889113e-02   5.0410704e-02  -2.1447713e+00  -1.2076454e-02   6.3346491e-03  -4.9465067e-05
   1.0968672e-02  -2.1602482e-02  -2.1484191e+00  -1.3137033e-02   8.3969165e-03  -6.6539997e-04
   3.3410059e-02   4.5571196e-02  -2.1967225e+00  -1.1574936e-02   7.9119796e-03   5.7501102e-05
   7.8735203e-02   2.0132871e-01  -2.3692564e+00  -1.7995983e-02   1.1525144e-03   2.2348609e-03
   6.1079134e-02   1.2232377e-01  -2.1397284e+00  -1.1090995e-02   5.6133690e-03   8.8042530e-04
   4.4523013e-02   8.4805653e-02  -2.1013167e+00  -1.1734480e-02   5.4507247e-03   3.1649273e-04
   4.9447034e-02   9.9476937e-02  -2.1211925e+00  -1.1235468e-02   5.4743650e-03   3.7703910e-04
   1.8045878e-02   7.9511381e-02  -2.6492907e+00  -8.4348245e-03   6.8652269e-03   2.2062884e-04
   4.9500108e-03   8.5799793e-02  -2.7932719e+00  -1.3286433e-02   6.4542346e-03   5.1543073e-04
   1.7782390e-02   4.0974180e-02  -2.6968187e+00  -1.2888052e-02   6.8359849e-03  -9.6008611e-05
  -8.6621668e-04   5.7879027e-02  -2.7689519e+00  -1.4091351e-02   7.6496774e-03  -9.0700573e-05
   1.2085601e-02   7.5188361e-02  -2.7709279e+00  -1.4045737e-02   7.0348377e-03  -9.9941654e-06
   1.8809605e-02   5.7640702e-02  -2.7217233e+00  -1.4415362e-02   6.5897736e-03   4.4484738e-05
   1.3437326e-02   4.4265488e-02  -2.7144070e+00  -1.3721955e-02   6.9293479e-03  -6.0009262e-05
   1.4390919e-01   2.6884281e-01  -2.8174111e+00  -2.4432373e-02  -6.1739102e-04   1.2280986e-03
  -2.8896850e-02   6.0008740e-02  -2.3624523e+00  -1.3643296e-02   3.9607222e-03   4.9756306e-04
  -2.0005497e-02   2.6566596e-02  -2.3597980e+00  -2.4928086e-03   7.4287466e-03  -9.3813481e-04
  -3.1354016e-02   9.2863987e-02  -2.8232724e+00  -8.9690752e-03   5.1335826e-03   1.0569922e-03
  -3.4386469e-02   9.7978899e-02  -2.8293738e+00  -1.0305947e-02   4.4294764e-03   1.0050438e-03
  -2.2490367e-02   9.3176533e-02  -2.7427288e+00  -1.0009750e-02   4.5926842e-03   5.7611760e-04
  -2.9087245e-02   8.9295887e-02  -2.7218712e+00  -1.0395178e-02   4.7066693e-03   9.6268822e-04
  -1.0739576e-02   7.9945675e-02  -2.6754008e+00  -8.7489219e-03   4.9935296e-03   3.2788432e-04
  -1.6716345e-02   9.4139040e-02  -2.6974219e+00  -9.8348107e-03   4.4563766e-03   5.6728945e-04
  -1.4255373e-02   1.0457415e-01  -2.7298631e+00  -1.1779699e-02   4.3478997e-03   8.4532412e-04
  -2.3955864e-02   8.3657307e-02  -2.6350698e+00  -8.7643031e-03   4.9632031e-03   7.6371307e-04
   8.5035616e-02   2.0942299e-01  -2.6317956e+00  -2.7896387e-02  -2.5613497e-03   1.3867404e-03
   1.5813572e-01   1.5587946e-01  -8.8205587e-01  -9.8082207e-03   1.8171039e-02  -4.7152168e-04
   1.0036721e-01   1.2691466e-01  -1.1704675e+00  -7.3900446e-03   1.6700657e-02   2.5496062e-03
   7.6176922e-02   8.1219592e-02  -1.3026790e+00  -9.0564632e-03   1.5873371e-02   2.3974410e-03
   7.8176570e-02   9.5486657e-02  -1.3902991e+00  -8.9391730e-03   1.4985601e-02   1.8994190e-03
   8.3116171e-02   7.9086537e-02  -1.5050232e+00  -9.3030592e-03   1.5005136e-02   1.7896365e-03
   9.0704369e-02   7.0731666e-02  -1.6061554e+00  -1.0604360e-02   1.4912333e-02   1.5623526e-03
   8.7470320e-02   8.2196764e-02  -1.6651840e+00  -1.0956314e-02   1.4406641e-02   1.7115258e-03
   6.3825582e-02   6.2257214e-02  -1.6336122e+00  -1.3410303e-02   1.5935015e-02   1.9563561e-03
   8.8034468e-02   8.7272013e-02  -1.6424057e+00  -1.0283711e-02   1.3616118e-02   1.1393240e-03
   3.8527740e-02   8.6775010e-02  -1.7178086e+00  -9.3839936e-03   1.3395086e-02   1.1034285e-03
   5.9139889e-02   9.7531640e-02  -1.7037923e+00  -9.6771059e-03   1.2653784e-02   9.2444284e-04
   5.3297038e-02   1.0176868e-01  -1.7215353e+00  -1.1882572e-02   1.4086639e-02   1.3791702e-03
   8.1504292e-02   1.7189521e-01  -1.7700924e+00  -1.2563098e-02   6.5392149e-03   2.2348645e-03
   4.5985774e-02   1.7352641e-01  -1.7355278e+00  -1.1530140e-02   7.1689025e-03   3.0705543e-03
   3.7921912e-02   1.1839831e-01  -1.5399869e+00  -8.0493842e-03   8.3917219e-03   1.6453280e-03
   4.9718371e-02   1.4043620e-01  -1.5950738e+00  -8.4204384e-03   7.2976347e-03   1.3333362e-03
   4.4214963e-02   1.2194200e-01  -1.5872022e+00  -7.5030894e-03   7.3791577e-03   7.7320427e-04
   3.3476843e-02   8.2479355e-02  -1.5899095e+00  -7.5649867e-03   8.4609393e-03   6.4094689e-04
   1.1129584e-02   4.6594737e-02  -1.2587508e+00  -5.5711721e-03   1.4300520e-02  -1.3959625e-04
   4.3530573e-02  -8.7382522e-03  -1.1324997e+00  -3.9690621e-04   2.0306536e-02  -1.6827717e-03
   1.1434383e-01   9.2927943e-03  -1.0189356e+00  -2.9033009e-03   1.6022397e-02  -2.4911166e-03
   7.3789889e-02   7.3689328e-02  -1.0620281e+00  -1.4586643e-03   1.1838640e-02  -3.3721759e-04
   8.6622110e-02   5.6643632e-02  -1.1845092e+00  -3.1077536e-03   1.0533291e-02   1.4775885e-05
   8.4782480e-02   7.1527113e-02  -1.3005554e+00  -4.5533471e-03   1.0556422e-02   3.2892320e-04
   1.1462302e-01   2.1902395e-01  -1.7123372e+00  -1.1510713e-02   3.7570238e-03   2.5497769e-03
   1.1169614e-01   2.1022108e-01  -1.6679169e+00  -9.8323002e-03   4.4663174e-03   2.1740916e-03
   9.9997622e-02   1.9357717e-01  -1.6483986e+00  -9.6836984e-03   4.2684415e-03   2.3836012e-03
   9.7131977e-02   1.8898397e-01  -1.6758817e+00  -9.7447157e-03   5.2682644e-03   1.9894051e-03
   1.0683422e-01   1.8079593e-01  -1.6612690e+00  -9.3421983e-03   4.9091112e-03   1.8475074e-03
   8.2421202e-02   1.7416360e-01  -1.7154511e+00  -9.7891000e-03   4.9497214e-03   1.5967127e-03
   9.2285339e-02   1.7776071e-01  -1.7420379e+00  -9.5597758e-03   5.3603540e-03   1.4350889e-03
   8.2866554e-02   1.5522623e-01  -1.7749558e+00  -9.2551129e-03   5.6166477e-03   1.5956230e-03
   6.8849567e-02   1.0259928e-01  -1.7678434e+00  -9.7660897e-03   5.6131641e-03   1.2799332e-03
   7.3205955e-02   1.8076737e-01  -1.7757100e+00  -9.9210626e-03   5.8248108e-03   1.3999748e-03
   1.8019125e-02   8.7498505e-02  -1.6049861e+00  -7.8931937e-03   9.5323066e-03  -1.2574250e-04
   2.9378311e-02   1.3195822e-01  -1.5802693e+00  -4.7998612e-03   9.1976717e-03  -2.2744482e-05
   5.1924079e-03   1.5527430e-01  -1.7574960e+00  -5.2475842e-03   8.5523303e-03  -5.7252754e-05
   4.8466501e-02   1.6771882e-01  -1.7272271e+00  -7.0669319e-03   6.9361490e-03   1.2444680e-03
   6.0395448e-02   1.3425392e-01  -1.7482196e+00  -8.0318086e-03   7.0174056e-03   1.1700623e-03
   5.0180644e-02   1.4902089e-01  -1.9273768e+00  -9.7840505e-03   5.5015112e-03   1.5374431e-03
   6.2916402e-02   1.3531461e-01  -1.8899128e+00  -9.4230976e-03   6.1459178e-03   1.3719225e-03
   6.0575147e-02   1.2769647e-01  -1.8687179e+00  -8.4100091e-03   7.0903201e-03   9.2030601e-04
   6.7504155e-02   1.4787872e-01  -1.8802447e+00  -8.0536445e-03   6.9240739e-03   9.7444522e-04
   7.4038502e-02   1.6971799e-01  -1.9663438e+00  -1.0139219e-02   6.2217917e-03   4.6951062e-04
   7.4544687e-02   1.6284434e-01  -1.9126683e+00  -9.1286021e-03   5.5516878e-03   1.0062072e-03
   5.5524464e-02   2.1637497e-01  -1.9255167e+00  -8.6914340e-03  -3.1038758e-03   7.2505944e-04
   2.9325580e-02   2.4300981e-01  -2.0309221e+00  -1.0497445e-02  -2.4452611e-03   1.5766368e-03
   3.9665759e-02   1.2476241e-01  -1.8998507e+00  -9.5269159e-03   5.5760868e-05   5.3570681e-04
   5.5450724e-02   2.3500128e-01  -1.9900944e+00  -1.0180796e-02  -4.4623114e-04   1.5280861e-03
   5.4694742e-02   2.2203070e-01  -1.9146417e+00  -1.0224648e-02  -1.6643636e-03   1.9442230e-03
   6.8316205e-02   2.0015265e-01  -1.9726089e+00  -1.0102674e-02  -1.1050550e-03   1.6440811e-03
   5.7048300e-02   2.0744075e-01  -1.9455343e+00  -1.0026792e-02  -1.1206269e-03   1.4924552e-03
   5.6173153e-02   1.9359307e-01  -1.9762830e+00  -9.3980715e-03  -3.4674090e-04   1.4219783e-03
   4.4723554e-02   2.0497911e-01  -2.0295437e+00  -1.0181583e-02  -7.8176019e-04   1.5279204e-03
   4.0383474e-02   1.7128110e-01  -2.1346710e+00  -1.0106747e-02  -7.4094042e-04   1.5496873e-03
   3.7942420e-02   1.7758644e-01  -2.0721070e+00  -1.0020444e-02   3.4868215e-04   9.3343286e-04
   3.5694516e-02   1.5338596e-01  -2.0510618e+00  -9.5563595e-03  -1.1590174e-03   4.3783735e-04
   2.8773792e-02   2.0263093e-01  -2.0457440e+00  -9.9101889e-03  -9.9667468e-04   8.5073244e-04
   3.9334185e-02   1.1965262e-01  -2.0949590e+00  -8.9870885e-03   1.4852713e-03   4.6875475e-04
   2.7960129e-02   1.6298454e-01  -2.0828241e+00  -9.1802217e-03   2.2550441e-03   4.7258426e-04
   3.1235959e-02   1.3900325e-01  -2.0321586e+00  -8.3006400e-03   3.0267351e-03   5.3099666e-04
   1.6679153e-02   1.4892858e-01  -2.0968425e+00  -8.9945438e-03   2.7543089e-03   7.1482669e-04
   3.4212019e-02   1.4617494e-01  -2.2114176e+00  -1.0515919e-02   2.3680406e-03   5.2580313e-04
   4.0411958e-02   1.3526746e-01  -2.1801517e+00  -9.6204857e-03   2.4852499e-03   4.0619423e-04
   3.0089813e-02   1.2749403e-01  -2.2393307e+00  -9.1870959e-03   1.9818067e-03   3.4796305e-04
  -5.6366764e-03   1.2280611e-01  -2.2130887e+00  -9.3570394e-03   3.9850865e-03   5.0619175e-04
   3.4628266e-02   1.5112651e-01  -2.1508253e+00  -8.7229812e-03   3.2734687e-03   2.8360572e-04
   1.3034056e-02   1.1291249e-01  -2.0701573e+00  -9.5979626e-03   4.7339590e-03   9.9391609e-04
   3.8831747e-02   1.4168469e-01  -2.0507989e+00  -8.5757986e-03   4.5763745e-03   8.6189130e-04
   4.5920595e-02   1.2158987e-01  -2.0457238e+00  -8.1275236e-03   4.5776662e-03   3.0151633e-04
   4.2517510e-02   1.5133530e-01  -2.0998478e+00  -9.3707323e-03   3.9717794e-03   7.5479889e-04
   1.9926104e-01   3.8229590e-01  -2.1816234e+00  -1.5892921e-02   1.0696450e-03  -2.4739618e-03
   3.7589524e-02   1.5854906e-01  -2.1425782e+00  -8.8711135e-03   3.8196442e-03   1.5355123e-03
   3.6351268e-02   1.5530830e-01  -2.1390638e+00  -9.7419309e-03   3.8594187e-03   1.5173027e-03
   3.2366746e-02   1.6740064e-01  -2.1342871e+00  -9.3808960e-03   3.6536096e-03   1.3545105e-03
   3.2120289e-02   9.4258613e-02  -2.1442933e+00  -1.1221731e-02   5.2056889e-03   1.1994613e-03
   3.5965166e-02   1.5243890e-01  -2.1480728e+00  -8.4633731e-03   3.4849496e-03   1.0288678e-03
   2.0482334e-02   1.5773674e-01  -2.1432473e+00  -9.1256330e-03   3.3585828e-03   9.7559942e-04
   4.3444704e-02   1.4655351e-01  -2.1542639e+00  -9.2604805e-03   3.7603903e-03   4.4115694e-04
   4.2216259e-02   1.4574442e-01  -2.1211431e+00  -8.7312602e-03   4.5573978e-03   3.4606151e-04
   3.5157125e-02   1.2749649e-01  -2.1485419e+00  -9.0677870e-03   4.1671537e-03   2.5521207e-04
   6.6969658e-02   1.5038512e-01  -2.1746251e+00  -7.0519462e-03   1.3164535e-04  -3.2457538e-06
   1.6171812e-01   3.4174412e-01  -2.1739238e+00  -1.7991609e-02  -5.4159202e-03   1.4083261e-03
   5.1925655e-02   1.4467208e-01  -2.1790828e+00  -7.2151784e-03   9.8193022e-04   4.1705500e-04
   3.5240878e-02   1.6841538e-01  -2.1743154e+00  -9.3073428e-03   8.9090465e-04   5.4316072e-04
   2.1743858e-02   9.4985929e-02  -2.8561158e+00  -7.6049487e-03   2.3799670e-03   6.5823812e-04
   5.2212818e-02   1.6179325e-01  -2.6630967e+00  -1.0800962e-02   6.1849696e-03   1.3792317e-03
   3.9974528e-02   1.3591462e-01  -2.6458836e+00  -1.1812299e-02   6.9790539e-03   1.0151285e-03
   4.0817888e-02   1.5537486e-01  -2.6353368e+00  -1.0345534e-02   5.3007015e-03   8.0844921e-04
   1.9063741e-02   7.2415497e-02  -2.6410620e+00  -1.1988697e-02   6.7159138e-03   5.0299128e-04
   2.6632123e-02   1.2140695e-01  -2.4895718e+00  -8.9202007e-03   5.9152957e-03   5.2089347e-04
   4.3131191e-02   1.1960651e-01  -2.5323878e+00  -9.7845662e-03   5.5368655e-03   1.9805000e-04
   3.8424956e-02   1.3051536e-01  -2.5580626e+00  -1.0173154e-02   5.0453400e-03   2.7864101e-04
   5.3794914e-02   1.1172205e-01  -2.5732509e+00  -9.8985227e-03   4.9644786e-03   1.5105441e-04
   4.8346285e-02   1.2896962e-01  -2.5718935e+00  -1.0138149e-02   4.2719809e-03  -3.4171834e-05
   3.5522879e-02   1.4858674e-01  -2.5369829e+00  -9.7774182e-03   4.1480927e-03   1.2464316e-04
   2.8342960e-02   1.2464474e-01  -2.5320829e+00  -9.0573529e-03   4.6298043e-03  -1.0632569e-04
   3.1234578e-02   1.3223534e-01  -2.5371688e+00  -9.5194711e-03   4.6486721e-03  -1.2499526e-04
   2.3968423e-02   1.2720393e-01  -2.5324290e+00  -9.7097935e-03   4.3183062e-03  -8.9201957e-05
   3.4976345e-02   1.5007778e-01  -2.5101189e+00  -8.6321665e-03   4.3332566e-03  -8.9195052e-05
   3.4253470e-02   1.4080785e-01  -2.5245934e+00  -9.1791642e-03   4.8269684e-03  -5.4775273e-05
   2.7519889e-02   1.2006046e-01  -2.5601936e+00  -1.0020226e-02   4.4011209e-03   5.8534557e-05
   3.7883224e-02   7.7093907e-02  -2.5929343e+00  -1.2668179e-02   5.0527579e-03   3.5817047e-04
   2.9432925e-02   1.5634882e-01  -2.5620116e+00  -1.0247553e-02   3.0333394e-03   8.2507885e-04
   1.7951408e-02   1.5811011e-01  -2.5535616e+00  -1.0019386e-02   3.6255163e-03   6.2045272e-04
   2.2803704e-02   2.0050715e-01  -2.5969111e+00  -1.0781638e-02   3.1729009e-03   7.8112626e-04
   1.2894278e-02   1.9236507e-01  -2.6153264e+00  -1.3222846e-02   3.6844085e-03   1.4871250e-03
   4.0324007e-02   1.6440875e-01  -2.5932633e+00  -9.5409762e-03   3.5512476e-03   8.8896320e-04
   2.4805171e-02   2.0980726e-01  -2.5741369e+00  -9.5078445e-03   3.8127343e-03   9.0537699e-04
   5.1619624e-02   1.4847630e-01  -2.6035642e+00  -1.0285633e-02   3.6176958e-03   4.5249262e-04
   3.9973989e-02   1.5008024e-01  -2.6213054e+00  -1.0081457e-02   3.8042046e-03   2.5855510e-04
   2.4897611e-02   1.6359774e-01  -2.6494433e+00  -1.1180250e-02   3.7296723e-03   4.3781556e-04
   2.8901721e-02   1.4991438e-01  -2.6131127e+00  -1.0022371e-02   3.8837759e-03   3.1549238e-04
   1.9865626e-02   1.5068938e-01  -2.5846441e+00  -1.0214765e-02   3.5939591e-03   3.3798918e-04
   3.8204147e-02   1.6445679e-01  -2.6411065e+00  -1.0219375e-02   3.6192941e-03   5.9910226e-05
   2.8438462e-02   1.3995576e-01  -2.5879870e+00  -1.0213792e-02   3.7736724e-03   1.6221171e-04
   4.8165474e-02   2.5320499e-01  -2.7102045e+00  -1.4869725e-02   7.2198337e-04   1.3272642e-03
   3.5347131e-02   1.6851414e-01  -2.4825929e+00  -9.2727621e-03   2.8157094e-03   5.1476411e-04
   2.7730219e-02   1.3181110e-01  -2.5773528e+00  -1.0908994e-02   2.9603710e-03   5.0390146e-04
   2.1981987e-02   1.3936605e-01  -2.5553244e+00  -9.0653505e-03   3.6968186e-03   5.2008860e-04
   4.9353222e-02   1.9463411e-01  -2.6329979e+00  -1.1404999e-02   4.2979066e-04   9.8603011e-04
   4.3888407e-02   2.1303742e-01  -2.6081574e+00  -1.0939521e-02   5.2915817e-04   1.0635759e-03
   4.1807157e-02   1.6250878e-01  -2.6428790e+00  -9.7507711e-03   1.5683892e-03   4.9204571e-04
   6.3263199e-03   1.7671708e-01  -2.5971475e+00  -9.5747294e-03   3.3691874e-03   2.6229459e-04
  -5.3646273e-03   1.3423104e-01  -2.6949632e+00  -1.0033178e-02   2.0115596e-03   1.3153559e-04
   2.5861461e-02   5.7384728e-02  -1.8457759e+00  -1.2423744e-02   1.1996056e-02  -4.9506183e-05
   4.0385112e-02  -1.9338286e-01  -6.5950692e-02  -2.4049911e-02   1.6858689e-02   5.1116566e-04
   8.5641794e-02   3.7513795e-01  -2.2285776e+00  -1.7203054e-02   7.1697660e-04   3.9260469e-03
   1.0503485e-01   2.4286789e-01  -2.9126981e+00  -2.2250294e-02  -2.6906842e-03   3.6831572e-03
   7.2606947e-02   1.4490571e-01  -2.5159359e+00  -1.9688784e-02  -2.1971491e-03   3.1044466e-03
   5.0189609e-02   1.8469034e-01  -2.5250831e+00  -1.8759164e-02  -1.0808246e-03   3.1901387e-03
   5.5185495e-02   1.7948865e-01  -2.4821562e+00  -1.7950676e-02  -4.1016833e-04   2.7272146e-03
   5.1703345e-02   1.4637626e-01  -2.4216950e+00  -1.7309980e-02  -4.8541586e-06   2.4807129e-03
   6.4100988e-02   1.2961843e-01  -2.5824869e+00  -1.8745867e-02  -8.9668133e-04   2.5950305e-03
   5.0535371e-02   1.3697793e-01  -2.4751569e+00  -1.7617673e-02  -3.4369501e-04   2.4134047e-03
   4.9131889e-02   1.5415631e-01  -2.5216642e+00  -1.8604355e-02  -7.7190747e-04   2.3828549e-03
   4.7988659e-02   1.5295317e-01  -2.4724703e+00  -1.7864228e-02  -5.4775151e-04   1.9583429e-03
   5.3551713e-02   1.0818636e-01  -2.4762145e+00  -1.7427115e-02   5.0800976e-04   1.8822940e-03
   5.3540693e-02   1.2607114e-01  -2.5000536e+00  -1.7698341e-02   5.0827449e-04   1.5830613e-03
   7.8837482e-02   2.1221589e-01  -2.6226526e+00  -2.0029878e-02  -3.6740379e-03   3.1583023e-03
   8.7219758e-02   2.2257796e-01  -2.5128652e+00  -1.8068368e-02  -2.3022635e-03   2.7093557e-03
   7.7177121e-02   1.9657944e-01  -2.5026286e+00  -1.7544576e-02  -9.1669954e-04   1.9246674e-03
   6.6046535e-02   1.8665388e-01  -2.4840972e+00  -1.6762397e-02  -8.6141778e-04   1.5884233e-03
   6.9342412e-02   1.7375498e-01  -2.5173180e+00  -1.6997590e-02  -4.9196012e-04   1.6526357e-03
   8.2539101e-02   1.7476964e-01  -2.5102217e+00  -1.7174688e-02  -2.9935049e-04   1.5870248e-03
   5.7242346e-02   1.5990689e-01  -2.5257195e+00  -1.6463627e-02   5.3323017e-04   1.6674793e-03
   6.1140930e-02   1.4946318e-01  -2.4859222e+00  -1.5632616e-02   8.2624069e-04   1.4049271e-03
   6.3126169e-02   1.5701308e-01  -2.4870439e+00  -1.6148267e-02   9.8350689e-04   1.3068507e-03
   5.4643776e-02   1.4997028e-01  -2.5203486e+00  -1.6205954e-02   1.1903298e-03   1.3038895e-03
   2.2661260e-02   6.7923240e-02  -2.4630701e+00  -1.2674414e-02   3.5371894e-03   1.5735945e-04
   4.1929073e-02   1.4444633e-01  -2.5054134e+00  -1.2831229e-02   3.9781666e-03  -8.7809735e-06
   6.5343884e-02   1.4738763e-01  -2.5188414e+00  -1.5072626e-02   3.0943384e-03   4.1603118e-04
   5.5678469e-02   1.3934574e-01  -2.5199166e+00  -1.4859950e-02   3.6164993e-03   3.5690499e-04
   5.5133189e-02   1.3166114e-01  -2.5442475e+00  -1.4031247e-02   3.9543770e-03   8.6200750e-05
   6.1336863e-02   1.1470347e-01  -2.5416408e+00  -1.4453496e-02   4.2711309e-03  -4.1623668e-05
   5.6163644e-02   1.3231222e-01  -2.5729237e+00  -1.4072452e-02   5.2632741e-03  -2.8181518e-04
   4.4737602e-02   1.0564236e-01  -2.5530199e+00  -1.3751005e-02   6.5622181e-03  -2.5563922e-04
   5.4426975e-02   1.0149109e-01  -2.5446906e+00  -1.3191820e-02   6.4356347e-03  -3.5105060e-04
   5.1950360e-02   9.9926385e-02  -2.5606245e+00  -1.4347078e-02   6.5728492e-03  -4.5519674e-04
   1.4285293e-02   6.6723896e-02  -2.5513797e+00  -1.3899822e-02   8.6395755e-03  -8.1180448e-04
   5.1938549e-02   7.8060012e-02  -2.5033233e+00  -1.2598978e-02   8.3205892e-03  -1.0244747e-03
   4.9819914e-02   9.5818526e-02  -2.5257269e+00  -1.3281968e-02   7.9870260e-03  -1.0123879e-03
   6.5887682e-02   7.5895525e-02  -2.6124016e+00  -1.3376548e-02   8.1165864e-03  -9.4552389e-04
   5.0485323e-02   1.3992229e-01  -2.6369773e+00  -1.8090277e-02   5.2118527e-03   9.9085003e-04
   5.7778027e-02   1.3212605e-01  -2.5185900e+00  -1.3553162e-02   5.4984229e-03   3.4201834e-04
   6.5406962e-02   1.3321266e-01  -2.5055918e+00  -1.3222515e-02   6.0407770e-03   1.9246546e-04
   6.2439752e-02   1.0088873e-01  -2.5836177e+00  -1.4117372e-02   6.8743151e-03   6.7324770e-05
   5.3044529e-02   1.1984863e-01  -2.5254692e+00  -1.2680901e-02   6.7365606e-03   4.6549496e-05
   5.6431560e-02   1.0406712e-01  -2.5211910e+00  -1.3345166e-02   6.5000345e-03  -4.1361636e-04
   6.0398396e-02   1.1545761e-01  -2.5464356e+00  -1.2925968e-02   7.0516500e-03  -6.0466067e-04
   5.7104050e-02   1.1108636e-01  -2.5504614e+00  -1.3500668e-02   7.0736641e-03  -5.6157900e-04
   5.8168336e-02   1.1819819e-01  -2.5869557e+00  -1.3533058e-02   6.7383049e-03  -5.4745205e-04
   4.6454526e-02   1.2539688e-01  -2.5920570e+00  -1.3068422e-02   7.2246403e-03  -2.2233522e-04
   5.3831627e-02   1.2004625e-01  -2.5754537e+00  -1.2570357e-02   7.0946773e-03  -2.6743412e-04
   3.3232743e-02   7.4566968e-02  -2.5457105e+00  -1.2654949e-02   7.2386252e-03  -9.2657868e-04
   6.1090293e-02   7.9188121e-02  -2.6111370e+00  -1.4098283e-02   6.8074743e-03  -2.6537132e-04
   4.3938870e-02   8.1542312e-02  -2.6050276e+00  -1.3804937e-02   6.2964586e-03  -5.5185785e-06
   6.5372796e-02   1.2784147e-01  -2.6187220e+00  -1.5018316e-02   5.1925130e-03   3.4531414e-04
   6.9886732e-02   1.3125621e-01  -2.6247715e+00  -1.4978170e-02   5.8260165e-03  -5.6755170e-05
   4.4621166e-02   4.5303261e-02  -2.5995235e+00  -1.5709929e-02   8.7252653e-03  -2.0171795e-04
   6.7386479e-02   1.3331296e-01  -2.6378849e+00  -1.4109242e-02   6.9190495e-03   7.1232129e-05
   6.9779284e-02   1.1238859e-01  -2.6017805e+00  -1.3447809e-02   7.2545014e-03  -3.4214703e-04
   5.9425868e-02   1.1093675e-01  -2.6851335e+00  -1.4179862e-02   7.2693250e-03  -3.7593095e-04
   6.3843374e-02   1.1662155e-01  -2.6576410e+00  -1.3966839e-02   7.0106907e-03  -2.6903155e-04
   6.0923334e-02   1.1817070e-01  -2.6294837e+00  -1.3771165e-02   7.3290884e-03  -1.9978343e-04
   6.5170907e-02   1.4170613e-01  -2.6269331e+00  -1.3778868e-02   7.5327547e-03  -1.4647569e-04
   1.4209905e-01   2.1751261e-01  -2.7015574e+00  -1.7347925e-02   5.3643475e-03   5.7352369e-04
   7.5295567e-02   1.2260828e-01  -2.4258525e+00  -1.1115174e-02   4.9235158e-03   3.3121536e-04
   5.2843484e-02   1.4784080e-01  -2.4993710e+00  -1.2794419e-02   5.2744270e-03   5.3636994e-04
   5.8508340e-02   1.4232288e-01  -2.5416042e+00  -1.3349783e-02   5.5419774e-03   2.8712188e-04
   6.2152385e-02   1.2742740e-01  -2.5826408e+00  -1.3554055e-02   5.3662426e-03   2.2615687e-04
   5.2158669e-02   1.4539356e-01  -2.6453045e+00  -1.3386859e-02   5.5936324e-03   1.4464495e-04
   5.6118892e-02   1.5557005e-01  -2.6306874e+00  -1.3995474e-02   5.3567078e-03   3.0673363e-05
   5.9178117e-02   1.3226430e-01  -2.6148717e+00  -1.4385839e-02   5.5405354e-03   2.3811499e-04
   6.7780893e-02   1.4991734e-01  -2.5622552e+00  -1.3791853e-02   3.9584620e-03  -3.2556157e-04
   5.2065544e-02   1.5488986e-01  -2.5906167e+00  -1.3463602e-02   4.6916874e-03  -1.2575983e-04
   3.8492552e-02   7.3835984e-02  -2.6122365e+00  -1.3438205e-02   5.8872812e-03  -7.5712785e-04
   4.8445811e-02   1.2157727e-01  -2.6418703e+00  -1.3865710e-02   4.7631847e-03  -1.2241502e-04
   7.5093042e-02   1.3741482e-01  -2.6752742e+00  -1.5208684e-02   3.4024622e-03  -3.4382130e-04
   5.0859573e-02   1.6041534e-01  -2.6243365e+00  -1.3787007e-02   4.7643214e-03   2.2358425e-04
   6.5582620e-02   1.2152441e-01  -2.5954579e+00  -1.2015237e-02   5.1939750e-03  -1.4372329e-04
   4.4938580e-02   1.5586365e-01  -2.6393933e+00  -1.3712237e-02   4.8514926e-03   2.0701882e-05
   7.2569550e-02   1.5786848e-01  -2.6315681e+00  -1.3942789e-02   4.4030293e-03   6.9350439e-05
   7.3672389e-02   1.5231039e-01  -2.7211452e+00  -1.4803391e-02   3.3559597e-03  -2.8658177e-05
   6.8688755e-02   1.6699268e-01  -2.6842855e+00  -1.4284978e-02   3.7683309e-03   3.9957206e-05
   6.0509863e-02   1.6418868e-01  -2.6712314e+00  -1.4076444e-02   3.5192561e-03   6.4422757e-05
   6.6209400e-02   1.5654352e-01  -2.7170824e+00  -1.4682355e-02   3.6805405e-03   4.4619199e-05
   6.9510333e-02   1.5691814e-01  -2.7296032e+00  -1.3907802e-02   4.0674445e-03  -3.0174104e-04
   6.5097304e-02   1.4080774e-01  -2.7422657e+00  -1.3936105e-02   4.0971334e-03  -4.5350318e-04
   1.7022361e-01   3.5797335e-01  -2.8825590e+00  -2.3506269e-02  -3.5258058e-03   1.6595671e-04
   7.0200920e-02   2.2254105e-01  -2.6540366e+00  -1.3355521e-02   1.0387612e-03   5.6371602e-04
   5.2907505e-02   1.0744694e-01  -2.9586435e+00  -1.0243131e-02   2.0188050e-03   6.3927970e-04
   3.5304977e-02   1.4452057e-01  -3.0118714e+00  -1.5075778e-02   2.2277853e-03   8.1148475e-04
   9.5580299e-03  -1.7509065e-03  -2.7646962e+00  -7.7198643e-03   9.0775184e-03  -1.8432191e-03
   1.2863547e-01   2.8158755e-01  -2.7553804e+00  -1.5042182e-02   8.2724516e-04  -6.1895829e-04
   5.9504168e-02   1.7852687e-01  -2.7936738e+00  -1.1034751e-02   3.8757011e-03   7.1300086e-04
   7.9039124e-02   1.4961120e-01  -2.7313565e+00  -1.1844042e-02   3.2386419e-03   5.9398654e-04
   7.2174633e-02   1.6947428e-01  -2.7623199e+00  -1.2689762e-02   3.5562917e-03   4.9751196e-04
   7.1460293e-02   1.8156031e-01  -2.7230266e+00  -1.2251081e-02   3.2281116e-03   5.9912784e-04
   6.3455296e-02   1.7274565e-01  -2.7163885e+00  -1.2357446e-02   3.4215967e-03   3.5091229e-04
   1.3125332e-01   2.8208118e-01  -2.8128425e+00  -1.8727236e-02  -4.9745600e-05   5.5748727e-04
   6.5288175e-02   1.4163364e-01  -2.7296714e+00  -1.2471200e-02   3.5731345e-03   7.6577372e-05
   5.2622736e-02   1.7525679e-01  -2.7115162e+00  -1.2398222e-02   3.3785671e-03   1.7280969e-04
   5.9990140e-02   1.6572846e-01  -2.7292859e+00  -1.3042870e-02   3.2155022e-03   1.3338984e-04
   5.7047757e-02   1.6135745e-01  -2.7419168e+00  -1.3375298e-02   3.4067860e-03   2.6834129e-04
   5.7241437e-02   1.3845369e-01  -2.7314569e+00  -1.2912370e-02   3.5333145e-03  -6.2919372e-05
   6.0787035e-02   1.3799452e-01  -2.7304824e+00  -1.2876017e-02   3.6921105e-03  -2.2376795e-04
   5.5328605e-02   1.4597206e-01  -2.7883985e+00  -1.3105330e-02   4.0352343e-03  -2.0310284e-04
   6.6930639e-02   1.5525737e-01  -2.8197947e+00  -1.3995050e-02   3.7862818e-03  -3.5895980e-04
   5.4583140e-02   1.3423122e-01  -2.8150955e+00  -1.2691119e-02   4.5016960e-03  -3.6402331e-04
   5.2865818e-02   1.4967682e-01  -2.8133514e+00  -1.2874204e-02   4.6670172e-03  -2.6562601e-04
   4.0435974e-02   1.4989713e-01  -2.7751390e+00  -1.3383558e-02   3.9720266e-03   2.1350801e-04
   4.5701934e-02   1.4646917e-01  -2.8300624e+00  -1.4090603e-02   4.3503013e-03   2.1321514e-04
   5.3935855e-02   1.4602124e-01  -2.7842957e+00  -1.2453631e-02   4.4256388e-03  -1.8291556e-04
   5.2143972e-02   1.3834660e-01  -2.7966357e+00  -1.3159514e-02   4.3298020e-03  -2.3252172e-04
   4.2219983e-02   1.4637458e-01  -2.9594783e+00  -1.3741446e-02   3.8976919e-03  -2.4710497e-04
   1.0751382e-01   2.3373376e-01  -2.9292239e+00  -1.6154726e-02   2.3806775e-03  -3.4216895e-04
   5.3765509e-02   1.7762582e-01  -2.8697586e+00  -1.4399073e-02   3.5603417e-03   1.7658538e-04
   5.6853646e-02   1.4877730e-01  -2.8520312e+00  -1.3400244e-02   3.8645604e-03  -2.9096329e-04
   5.8545817e-02   1.7372774e-01  -2.8750747e+00  -1.4091473e-02   3.5352817e-03   1.3730516e-04
   5.2265876e-02   1.6497917e-01  -2.8848567e+00  -1.4063122e-02   3.4859809e-03   1.1892154e-04
   6.3756893e-02   1.6772825e-01  -2.8952264e+00  -1.3566747e-02   3.6772066e-03  -3.0122954e-05
   5.6716343e-02   1.6229304e-01  -2.9049690e+00  -1.4193664e-02   3.6724956e-03   1.5366916e-04
   5.8286234e-02   1.5069661e-01  -2.9104712e+00  -1.3716620e-02   3.8345156e-03   5.4175173e-05
   7.8170083e-02   1.4824045e-01  -2.9106562e+00  -1.4993676e-02   3.6168112e-03  -4.2812131e-05
   7.2491334e-02   1.6112044e-01  -2.9133742e+00  -1.4641912e-02   3.9427751e-03   1.8905789e-05
   5.8278101e-02   1.5452107e-01  -2.9073904e+00  -1.4045810e-02   4.2032522e-03  -1.1647627e-05
   4.1589455e-02   1.6374770e-01  -2.9348958e+00  -1.4042518e-02   3.5400940e-03   5.9514873e-04
   4.2085138e-02   1.2484979e-01  -2.8189591e+00  -1.6755790e-02   5.2129584e-03  -5.9821021e-04
   1.1614285e-02   1.9420766e-01  -3.1222667e+00  -1.2486795e-02   3.3765087e-03   6.6622667e-04
   2.6799920e-02   2.2636787e-01  -3.5798082e+00  -1.6467221e-02   4.9499687e-04   2.1016784e-03
   4.5668391e-02   2.3824296e-01  -3.4750089e+00  -1.7065318e-02  -1.2550962e-04   1.7153068e-03
   1.2093946e-02   1.8614364e-01  -3.4522874e+00  -1.8311858e-02   1.9411185e-03   2.0895873e-03
   3.1902389e-02   2.4491833e-01  -3.4234967e+00  -1.6301087e-02  -1.2845007e-04   2.0691305e-03
  -4.3054306e-02   3.5102903e-01  -3.3409860e+00  -2.1295178e-02   4.4024576e-03   4.7381704e-03
   3.1413355e-02   2.1823818e-01  -3.3975771e+00  -1.6688321e-02   1.5342615e-03   1.6571320e-03
   3.3583284e-02   1.8231069e-01  -3.3927360e+00  -1.6731739e-02   2.0242417e-03   1.3219001e-03
   3.2506848e-02   1.7789718e-01  -3.3691303e+00  -1.6702790e-02   1.6791708e-03   1.2136112e-03
   1.1575271e-02   1.6386165e-01  -3.4198439e+00  -1.8418655e-02   9.1291871e-04   1.2882103e-03
   1.3326445e-02   1.0985198e-01  -3.3694412e+00  -1.6239790e-02   2.8928530e-03   5.9062813e-04
   2.1301712e-02   6.1295515e-03  -3.2193694e+00  -1.2294509e-02   8.4688697e-03  -1.2093670e-03
   2.1759830e-02   1.1073458e-01  -3.1761266e+00  -1.2423686e-02   5.1026435e-03   2.1080458e-05
   1.4261205e-02   1.2324936e-01  -3.2172830e+00  -1.3956465e-02   3.8935581e-03   3.2917446e-04
   3.0776983e-02   1.3030588e-01  -3.2567147e+00  -1.4454905e-02   3.9513306e-03   5.8613702e-04
   3.5919055e-02   1.4759064e-01  -3.2816305e+00  -1.5484695e-02   3.5902464e-03   7.0689371e-04
   4.7375608e-02   1.6532427e-01  -3.2857060e+00  -1.5383854e-02   3.7383371e-03   8.4164190e-04
  -1.1876586e-02   1.3028415e-01  -3.2891011e+00  -1.5158395e-02   5.2911373e-03   1.1696118e-04
   5.7721846e-02   1.9843086e-01  -3.2501935e+00  -1.5685619e-02   3.2600582e-03   9.6723372e-04
   5.9824559e-02   1.9798372e-01  -3.2174832e+00  -1.5137308e-02   2.7673896e-03   1.1164759e-03
   4.8000079e-02   1.7399030e-01  -3.2387128e+00  -1.6033588e-02   3.0284786e-03   1.1660594e-03
   5.9929499e-02   1.8701765e-01  -3.2064418e+00  -1.5836075e-02   2.4527677e-03   1.2191164e-03
   5.1883817e-02   1.9880836e-01  -3.2780143e+00  -1.6790458e-02   2.0505242e-03   1.4594367e-03
   5.7973760e-02   2.0249743e-01  -3.2614671e+00  -1.6579192e-02   2.4401618e-03   1.2964158e-03
   6.2347433e-02   1.9911802e-01  -3.2474541e+00  -1.6295311e-02   3.0920333e-03   1.3045546e-03
   4.5175663e-02   1.7629651e-01  -3.2442768e+00  -1.7123242e-02   2.8554271e-03   1.4436331e-03
   6.3475702e-02   1.8510465e-01  -3.2583749e+00  -1.6739394e-02   2.5738912e-03   1.0849157e-03
   5.8018069e-02   1.9055688e-01  -3.2696647e+00  -1.6054298e-02   3.1036398e-03   1.0848541e-03
   5.4340047e-02   2.0308509e-01  -3.2795650e+00  -1.6423493e-02   3.4124482e-03   9.8232739e-04
   5.7030511e-02   1.6335586e-01  -3.3143141e+00  -1.6249673e-02   3.3085866e-03   8.5782762e-04
   5.4588468e-02   1.7168202e-01  -3.3179589e+00  -1.6760185e-02   3.3268500e-03   1.0226745e-03
   5.2151326e-02   1.7756276e-01  -3.3140012e+00  -1.6470493e-02   3.3951357e-03   7.5118803e-04
   6.0465949e-02   1.6275839e-01  -3.3366120e+00  -1.6758441e-02   2.9792296e-03   7.6255243e-04
   5.0512026e-02   1.8228303e-01  -3.3183208e+00  -1.6692573e-02   2.9782980e-03   6.4914489e-04
   5.4997736e-02   1.7554505e-01  -3.3094729e+00  -1.5894412e-02   3.0732073e-03   6.0066122e-04
   4.9730072e-02   1.7254905e-01  -3.3518981e+00  -1.6814213e-02   3.3017053e-03   6.7130007e-04
   5.1532237e-02   1.6016848e-01  -3.3212184e+00  -1.7106328e-02   3.2142896e-03   5.3658430e-04
   5.3197441e-02   1.7158288e-01  -3.3565556e+00  -1.6752308e-02   2.8226093e-03   6.5573432e-04
   4.9274978e-02   1.6060580e-01  -3.3071306e+00  -1.6347718e-02   3.5494541e-03   4.9153422e-04
   3.9147999e-02   1.7426577e-01  -3.3682137e+00  -1.6547309e-02   3.1620916e-03   6.7887962e-04
   4.7525452e-02   1.7207288e-01  -3.3619567e+00  -1.6735923e-02   2.9199156e-03   6.3289818e-04
   5.3984038e-02   1.8151338e-01  -3.3629761e+00  -1.7327084e-02   2.9342337e-03   6.1839938e-04
   5.1667850e-02   1.7146734e-01  -3.3503589e+00  -1.6551332e-02   3.3552068e-03   5.7075588e-04
   6.0198195e-02   1.8695647e-01  -3.3816638e+00  -1.7804206e-02   4.1347370e-03   2.2403815e-04
   5.1050365e-02   1.9354938e-01  -3.3697061e+00  -1.7379293e-02   2.4496245e-03   1.1426859e-03
  -1.9247122e-02   2.5081378e-01  -3.3715714e+00  -2.0380073e-02   6.9785015e-03   2.9814385e-03
   3.6693543e-02   2.4178126e-01  -3.5085776e+00  -1.8675564e-02   9.9417748e-04   1.8422885e-03
   5.0485636e-02   2.3549847e-01  -3.4115554e+00  -1.7671510e-02   1.7938810e-03   1.4298716e-03
   3.7071680e-02   2.1233744e-01  -3.4166718e+00  -1.7214926e-02   2.5991551e-03   1.3616861e-03
   4.8296063e-02   2.0626768e-01  -3.4302783e+00  -1.7261519e-02   2.3738177e-03   1.1488174e-03
   2.8984997e-02   1.8545134e-01  -3.3775733e+00  -1.6793797e-02   3.1194734e-03   7.3905530e-04
   2.4533836e-03   1.5546436e-01  -3.4208298e+00  -2.0569356e-02   1.7089053e-03   1.0187141e-03
   4.4784881e-02   1.7916134e-01  -3.1114028e+00  -1.1249128e-02   2.5489201e-03   5.8902407e-04
   2.3602947e-02   1.8902693e-01  -3.0618322e+00  -1.5453433e-02   3.6891926e-03   6.9931162e-04
   2.5269957e-02   1.7121672e-01  -3.1025384e+00  -1.4068918e-02   3.7978761e-03   2.5115789e-04
   3.4044967e-02   1.7022568e-01  -3.0835360e+00  -1.4622775e-02   3.4694829e-03   2.2252110e-04
   3.9735239e-02   1.6789313e-01  -3.1195447e+00  -1.5032351e-02   3.3655690e-03   2.4121664e-05
   4.4687567e-02   1.6002723e-01  -3.1344589e+00  -1.4218415e-02   3.6023369e-03  -1.1166325e-04
   4.6831598e-02   1.6549767e-01  -3.1433816e+00  -1.5327041e-02   3.4267571e-03   2.5467621e-04
   3.1695805e-02   1.6599717e-01  -3.1239293e+00  -1.5027530e-02   3.1615337e-03   3.2144182e-04
   5.7335364e-02   1.8180751e-01  -3.2649787e+00  -2.0145648e-02   3.7704338e-03  -7.0159315e-04
   3.5742269e-02   1.8037457e-01  -3.1814579e+00  -1.4731687e-02   2.8315758e-03   4.8202858e-04
   3.1059960e-02   1.9300227e-01  -3.1885902e+00  -1.5767375e-02   2.5104129e-03   9.3267374e-04
   3.9615306e-02   1.9163437e-01  -3.1832830e+00  -1.5474527e-02   2.6132449e-03   6.9063653e-04
   4.4273146e-02   1.9869095e-01  -3.1954410e+00  -1.6297237e-02   2.2206669e-03   8.9635359e-04
   3.2815794e-02   1.7558025e-01  -3.2615836e+00  -1.6405699e-02   2.7822164e-03   1.0161330e-03
   3.9027558e-02   1.7540085e-01  -3.1851900e+00  -1.5626173e-02   2.2710878e-03   5.7477718e-04
   4.2436775e-02   1.7072735e-01  -3.1821924e+00  -1.5149551e-02   2.6999683e-03   5.5262932e-04
   5.0628341e-02   1.1683970e-01  -3.2106404e+00  -1.7857482e-02   3.5583497e-03   3.7006550e-04
   3.7575936e-02   1.7593829e-01  -3.2654089e+00  -1.5821889e-02   2.8175371e-03   2.4294070e-04
   2.4808059e-02   2.1707824e-01  -3.2637792e+00  -1.7392118e-02   4.0612645e-03   7.7744026e-04
   3.5709073e-02   1.6940627e-01  -3.3351921e+00  -1.6556740e-02   2.9207263e-03   3.0005704e-04
   2.8396365e-02   1.4158408e-01  -3.2804254e+00  -1.6754954e-02   2.3446688e-03   4.4076679e-04
   4.1785351e-03   1.3281229e-01  -3.2716446e+00  -1.7106399e-02   3.8657727e-03   3.5823217e-04
   1.3651437e-02   1.7445930e-01  -3.2718613e+00  -1.5252203e-02   2.7803645e-03   2.7513530e-04
   1.7169913e-02   1.4586282e-01  -3.2607317e+00  -1.5404803e-02   3.3072852e-03   1.4579749e-04
   3.6795333e-02   1.1526643e-01  -3.2428597e+00  -1.3763692e-02   3.5484000e-03  -3.7840628e-04
   3.0352119e-02   1.7627950e-01  -3.2426250e+00  -1.5093718e-02   3.1693833e-03   2.2763420e-05
   3.9175392e-02   1.5074000e-01  -3.2421885e+00  -1.5704089e-02   3.5849076e-03   4.4407123e-05
   4.0887610e-02   1.7805864e-01  -3.3141950e+00  -1.6872719e-02   2.6075655e-03   4.3626012e-04
   3.1620827e-02   1.8109959e-01  -3.2719841e+00  -1.6553676e-02   2.3042655e-03   7.6783253e-04
   4.3829487e-02   1.7692775e-01  -3.2749380e+00  -1.5726146e-02   3.4310218e-03   6.9060861e-04
   3.5735371e-02   1.8253287e-01  -3.2717202e+00  -1.6094038e-02   2.8911562e-03   5.3330192e-04
   4.3479055e-02   1.9559485e-01  -3.2930157e+00  -1.6364866e-02   2.6154841e-03   6.2968655e-04
   1.0516768e-01   3.6659491e-01  -3.3938266e+00  -2.3622956e-02  -2.2194477e-03   4.1292024e-04
   3.9277789e-02   2.2348208e-01  -3.1557346e+00  -1.5066006e-02   3.6024700e-03   1.2933760e-03
   3.7727528e-02   2.0911355e-01  -3.2792323e+00  -1.6708039e-02   2.7767327e-03   1.2437999e-03
   1.2626357e-01   3.9921794e-01  -3.3436291e+00  -2.3680726e-02  -2.1957974e-03   1.8990516e-03
  -4.6196193e-02  -4.8876113e-03  -2.7039311e+00  -1.0416175e-03   7.6026315e-03  -4.5701352e-04
  -2.7494718e-02  -7.4281142e-02  -2.5521777e+00   3.6053012e-03   1.0014550e-02  -1.5939772e-03
  -7.6694911e-02  -1.4531546e-01  -2.5450362e+00   6.8603838e-03   1.5304722e-02  -2.4505245e-03
   2.6901141e-02   1.8504679e-02  -2.9748356e+00  -7.3828561e-03   7.3809202e-03   5.4041960e-04
  -8.1089312e-03   5.7211590e-02  -2.9798049e+00  -7.8740308e-03   8.4461712e-03  -6.9102846e-04
   2.9446998e-03  -1.3359203e-01  -1.7404481e+00  -2.0107027e-02   1.0410384e-02  -6.7888219e-04
  -1.7387921e-02   1.4454668e-01  -2.5027143e+00   6.6415076e-03   1.0821175e-02   2.5913255e-03
  -1.0458944e-01  -1.4907375e-01  -2.9166169e+00   2.2588268e-03   1.8233089e-02  -1.0620383e-03
  -1.8364548e-01  -2.2240820e-01  -2.5417947e+00   4.6885391e-03   1.8949396e-02  -1.4943523e-03
  -1.0046453e-01  -2.0211376e-01  -2.2714890e+00   8.2894862e-03   1.8590653e-02  -2.8554886e-03
  -1.3244767e-01  -1.1948261e-01  -2.1748982e+00   7.0660520e-03   1.2922458e-02  -1.8303002e-05
  -1.0224815e-01  -1.6108124e-01  -1.9892906e+00   1.0616056e-02   1.4037749e-02  -5.2862142e-04
  -1.0439315e-01  -1.7590097e-01  -1.9827117e+00   9.1558530e-03   1.4451425e-02  -2.8652934e-03
  -1.1511859e-01  -1.9644420e-01  -2.0265140e+00   9.0180349e-03   1.5815675e-02  -2.6373244e-03
   5.6403105e-02   1.0372550e-01  -2.1782792e+00   4.1902063e-03   8.6382219e-03  -4.7330596e-04
  -1.3248476e-01  -2.0260944e-01  -1.9833873e+00   1.1866658e-02   1.4767017e-02  -7.3030065e-04
  -6.4744457e-02  -1.4946781e-01  -2.0018251e+00   1.0056251e-02   1.3178470e-02  -2.2345921e-03
  -9.6704988e-04  -1.9713464e-02  -2.0139997e+00   9.8444949e-04   8.3540870e-03   7.5137772e-04
  -1.3156402e-01  -1.6086463e-01  -2.4752755e+00   2.7373253e-03   1.4349843e-02  -3.0613957e-03
  -1.4588441e-01  -2.4250965e-01  -2.0288436e+00   1.1329806e-02   1.6995104e-02  -3.0879802e-03
  -1.1806875e-01  -1.5409066e-01  -2.0877459e+00   9.4021826e-03   1.2977096e-02  -1.7686324e-03
  -3.2287059e-02  -4.2220139e-02  -2.0779882e+00   2.0281811e-03   8.5874856e-03  -2.4535098e-04
  -1.2472081e-01  -1.0837460e-01  -2.3615237e+00   4.6518134e-03   9.1061725e-03  -1.5753524e-03
  -3.4648873e-02   7.1281053e-02  -2.8914761e+00  -5.6473695e-03   7.4940865e-03   1.6801256e-03
  -4.0237810e-02   3.3893481e-02  -2.8653789e+00  -7.7928671e-03   8.5468973e-03   1.7088479e-03
  -1.9857414e-02   1.1151888e-01  -2.8891400e+00  -9.5084835e-03   6.8688259e-03   1.9446505e-03
  -4.5772970e-03   9.8175121e-02  -2.8084381e+00  -8.5384842e-03   6.7325164e-03   1.3777511e-03
  -4.9266973e-03   8.9520127e-02  -2.8428830e+00  -8.5741940e-03   6.3804706e-03   1.2280067e-03
  -9.7968573e-03   1.1686199e-01  -2.8553702e+00  -8.9590251e-03   6.2408719e-03   1.3782573e-03
   7.7439922e-03   1.1173174e-01  -2.9114444e+00  -9.9189767e-03   6.3254064e-03   1.1709636e-03
   6.3780250e-03   9.5676803e-02  -2.9120828e+00  -1.0194486e-02   6.5407697e-03   1.0173271e-03
  -7.2557846e-03   1.2438480e-01  -2.9235397e+00  -1.0705664e-02   6.4418171e-03   1.3257661e-03
   1.2576650e-02   1.0996523e-01  -2.9237866e+00  -1.0789411e-02   6.6682043e-03   9.5463145e-04
   6.4628218e-03   8.8278914e-02  -2.9290923e+00  -1.0536770e-02   6.6103057e-03   7.3061974e-04
  -4.3370036e-02   1.8999393e-02  -3.0770181e+00  -1.2800639e-02   1.1446932e-02   1.1315746e-04
  -2.8417136e-02   4.3554499e-02  -2.7177832e+00  -5.4321604e-03   9.0869611e-03  -1.2203332e-03
  -1.5195516e-02   7.4957672e-02  -2.6507280e+00  -3.3348032e-03   7.8129752e-03  -1.0858354e-03
  -6.5161517e-02   7.8337405e-02  -2.6857157e+00  -4.5411529e-03   9.8137855e-03  -1.1310287e-03
  -1.3783465e-02   8.6095936e-02  -2.7435065e+00  -5.5756390e-03   8.8852144e-03  -1.4581064e-03
  -2.0862124e-02   1.1599486e-01  -2.8341843e+00  -5.7436016e-03   8.9527814e-03  -1.1990491e-03
  -1.5040340e-02   1.0383198e-01  -2.8179468e+00  -6.1214141e-03   8.6767640e-03  -1.1925780e-03
  -1.4931339e-02   1.0858714e-01  -2.8078638e+00  -6.9678382e-03   8.5611827e-03  -1.0031407e-03
  -3.8792563e-02   2.1204060e-02  -2.9801233e+00  -6.0830203e-03   1.3224449e-02  -2.8145465e-03
  -1.6885815e-02  -3.2028006e-02  -2.5353112e+00   1.3844773e-03   1.1581593e-02  -2.9524091e-03
  -9.0024667e-02  -4.6126504e-02  -2.4459596e+00   2.8535215e-03   1.9447279e-02  -3.6530855e-03
  -1.1585415e-01  -2.0568002e-01  -2.1824683e+00   1.1883629e-02   1.7874895e-02  -4.3389687e-03
  -8.8887959e-02  -2.2031633e-01  -2.0117746e+00   1.4618729e-02   1.9146228e-02  -5.6569687e-03
  -1.5355513e-01  -2.5500358e-01  -1.9342703e+00   1.6238387e-02   1.7295776e-02  -3.1514632e-03
  -5.5044797e-02  -1.7362121e-01  -1.8683641e+00   1.5027912e-02   1.9211302e-02  -7.6401689e-03
   6.4005629e-02   2.2805444e-01  -2.1654416e+00  -6.9291597e-04  -1.3852004e-03   1.5793272e-03
   6.2353367e-02   1.5821692e-01  -2.5941541e+00  -4.2474382e-03   4.2164529e-03  -2.7758022e-03
  -1.1620931e-01  -1.9605689e-01  -2.6038398e+00   5.4138953e-03   7.4309849e-03  -2.8209970e-05
  -3.6929330e-02   5.0154400e-02  -2.6522686e+00   3.7031441e-03   4.6642257e-03  -1.5032713e-04
  -4.5208720e-02  -2.9303326e-02  -2.8281848e+00  -1.0646234e-02   1.0148672e-02  -1.0218581e-03
   1.7645475e-02   7.7761107e-02  -1.3838887e+00  -1.5062767e-03   2.4554711e-02   1.2863499e-03
   1.3018957e-02   1.7249833e-01  -1.4473364e+00  -3.3782972e-03   2.3100672e-02   7.3711045e-04
  -3.9229767e-02   1.5012230e-01  -1.9961893e+00  -6.1167241e-04   1.7523934e-02   1.0033898e-03
  -1.4906466e-02   8.7091332e-02  -1.9543572e+00  -1.6328061e-03   1.7070633e-02   4.0875334e-04
  -3.4377403e-02   8.7136365e-02  -2.0832644e+00  -3.1274340e-03   1.6348139e-02   6.2502932e-04
  -2.7294352e-02   1.0172468e-01  -2.0128699e+00  -3.3513951e-03   1.6560500e-02   5.3316514e-04
  -1.4248151e-02   9.3256502e-02  -2.0175333e+00  -4.5325859e-03   1.5998381e-02   6.6524443e-04
  -9.2908764e-03   1.0071535e-01  -2.0415201e+00  -4.8415181e-03   1.5478692e-02   6.9959680e-04
  -2.4996309e-02   1.2685338e-01  -2.1335477e+00  -4.3668407e-03   1.4870891e-02   1.2800361e-03
  -3.2084819e-02   1.3890897e-01  -2.1960604e+00  -4.1465929e-03   1.4719353e-02   9.4984897e-04
  -3.7173073e-02   8.9496872e-02  -2.1846027e+00  -4.8240389e-03   1.4791944e-02   4.4040468e-04
  -2.9834235e-02   1.0968484e-01  -2.1639245e+00  -5.5524330e-03   1.4901703e-02   3.2445800e-04
  -1.4011944e-02   9.5792167e-02  -2.1965003e+00  -5.6562053e-03   1.4589665e-02   2.7358216e-04
  -6.8620299e-03   9.9307209e-02  -2.2272768e+00  -6.2479283e-03   1.4234473e-02   2.3873546e-04
  -2.6286028e-02   7.5718882e-02  -2.2184923e+00  -6.3467554e-03   1.4372193e-02   1.3619270e-04
  -4.1882894e-02   4.3882306e-02  -2.2149733e+00  -4.6730150e-03   1.7006956e-02  -1.0242307e-03
  -3.7898110e-02   1.5519220e-02  -1.9912670e+00  -1.3042549e-03   1.8410199e-02  -1.5873999e-03
  -1.2389616e-02   7.3191954e-02  -2.1326358e+00  -3.5990436e-03   1.5806188e-02  -8.8398714e-04
  -1.5348422e-02   6.9485135e-02  -2.1457845e+00  -5.1002822e-03   1.5482900e-02  -4.9026968e-04
  -1.5281424e-02   1.0609681e-01  -2.1667414e+00  -5.3564999e-03   1.5506124e-02  -6.2228309e-04
  -1.0899302e-02   9.3777026e-02  -2.1688144e+00  -4.9866267e-03   1.5254993e-02  -8.3875854e-04
   2.1588091e-02   4.2978578e-02  -2.2779917e+00  -6.3068894e-03   1.5964191e-02  -1.1657772e-03
  -3.3616629e-02   1.2365955e-01  -2.3497807e+00  -4.7269795e-03   1.5537611e-02  -2.1472243e-04
  -2.2208518e-02   8.3047283e-02  -2.2992390e+00  -6.0065832e-03   1.5924805e-02  -5.6794023e-04
  -1.4177203e-02   8.3522433e-02  -2.2787247e+00  -6.1686075e-03   1.6472947e-02  -9.3046116e-04
  -1.4220908e-02   9.2333234e-02  -2.3200276e+00  -6.0583672e-03   1.6043169e-02  -8.3624484e-04
  -1.4490138e-02   1.0618690e-01  -2.3268174e+00  -6.3791769e-03   1.5948160e-02  -7.9679918e-04
  -3.8655963e-02   9.6964205e-02  -2.3510338e+00  -5.8306094e-03   1.6821640e-02  -9.3029938e-04
  -2.9353541e-02   7.3666015e-02  -2.3939968e+00  -6.5736010e-03   1.6198785e-02  -9.5576864e-04
  -1.4666418e-02   5.2557853e-02  -2.4086099e+00  -7.2020471e-03   1.6579775e-02  -1.2398875e-03
  -2.3668794e-02   7.0699083e-02  -2.3999124e+00  -7.3041617e-03   1.6129821e-02  -1.1188860e-03
  -1.9327874e-02   6.1171747e-02  -2.4883410e+00  -7.9493702e-03   1.5012248e-02  -1.0452898e-03
  -2.1146833e-02   9.5422889e-02  -2.4645592e+00  -8.0505398e-03   1.4751495e-02  -9.2128145e-04
  -2.4460301e-02   7.1421677e-02  -2.4601617e+00  -7.6744595e-03   1.4860244e-02  -1.0209819e-03
  -1.3711947e-02   7.2147524e-02  -2.4840259e+00  -7.9490882e-03   1.4894278e-02  -1.2337392e-03
  -4.7886374e-02   9.0052762e-02  -2.6477169e+00  -8.6768832e-03   1.5412682e-02  -9.5573283e-04
  -3.4767754e-02   8.6765982e-02  -2.4986002e+00  -6.5931514e-03   1.5566251e-02  -1.1983650e-03
  -2.1333411e-02   7.3439543e-02  -2.5314853e+00  -7.9211717e-03   1.5066253e-02  -1.1322058e-03
  -2.8948289e-02   8.5354959e-02  -2.5449130e+00  -6.7930111e-03   1.5119468e-02  -1.2776638e-03
  -2.0032485e-02   6.7082556e-02  -2.5496923e+00  -7.9426941e-03   1.4438723e-02  -1.3962661e-03
  -2.8207904e-02   7.6918044e-02  -2.5653166e+00  -7.3435545e-03   1.4651109e-02  -9.5398872e-04
  -2.6249174e-02   9.0975225e-02  -2.5798632e+00  -8.2040132e-03   1.4686446e-02  -9.7008106e-04
  -1.8878830e-02   6.0242063e-02  -2.5891382e+00  -7.9018048e-03   1.4573197e-02  -1.1533695e-03
  -2.5455166e-02   9.2526920e-02  -2.5794559e+00  -8.2751014e-03   1.4770997e-02  -9.7700753e-04
  -4.2178838e-02   4.4700081e-02  -2.6068277e+00  -8.5713440e-03   1.3417499e-02  -1.5956448e-03
  -3.3395432e-02   9.1699506e-02  -2.7169924e+00  -5.7316395e-03   1.0370682e-02  -1.8211883e-03
  -3.5184293e-02   8.2332655e-02  -2.5858280e+00  -6.4122618e-03   1.1312220e-02  -1.7862072e-03
  -3.4855531e-02   3.6878003e-02  -2.6213137e+00  -8.8918269e-03   1.3791511e-02  -2.2768382e-03
  -5.4948575e-02   9.1126627e-02  -2.7360552e+00  -6.9362804e-03   1.2160800e-02  -1.2574588e-03
  -4.1251692e-02   7.0004973e-02  -2.7528030e+00  -6.6175632e-03   1.2471582e-02  -1.9046395e-03
  -4.8327731e-02   7.4249043e-02  -2.7575111e+00  -7.1022215e-03   1.1758665e-02  -1.5559652e-03
  -4.1370693e-02   6.2973960e-02  -2.7679763e+00  -7.2003305e-03   1.1777236e-02  -1.5926255e-03
  -3.8457637e-02   7.9990626e-02  -2.7449555e+00  -7.3990728e-03   1.1779401e-02  -1.5761220e-03
  -3.4559738e-02   7.5326748e-02  -2.7622170e+00  -7.3487943e-03   1.1744463e-02  -1.5479919e-03
  -4.5950927e-02   8.3929940e-02  -2.7500327e+00  -6.5476907e-03   1.1964125e-02  -1.5248157e-03
  -4.1901386e-02   8.9170164e-02  -2.7931238e+00  -7.6709119e-03   1.2089130e-02  -1.4023921e-03
  -3.4979603e-02   7.9228678e-02  -2.7777253e+00  -7.7449072e-03   1.1672486e-02  -1.2022695e-03
  -4.2883133e-02   8.9187957e-02  -2.7895281e+00  -7.5338147e-03   1.2042748e-02  -1.5205800e-03
  -4.0028138e-02   7.5761817e-02  -2.8079744e+00  -7.8645258e-03   1.1478451e-02  -1.1257026e-03
  -1.0717514e-01  -7.2638184e-02  -2.6932754e+00  -1.0111956e-03   2.2544879e-02  -5.5555261e-03
  -2.9692572e-02   6.8859809e-02  -2.4370745e+00  -3.7166094e-03   9.9474678e-03  -1.1463722e-03
  -1.8253375e-02   8.2335250e-02  -2.5408120e+00  -5.8343945e-03   1.0394200e-02  -9.3104768e-04
  -2.7710875e-02   9.2922531e-02  -2.5578319e+00  -6.3556086e-03   1.0399459e-02  -9.2562332e-04
  -2.2013040e-02   8.7207192e-02  -2.6287089e+00  -6.8979245e-03   1.0024245e-02  -9.2299866e-04
  -4.3715520e-02   1.2478643e-01  -2.7439173e+00  -8.5904261e-03   1.0284412e-02  -5.9722613e-04
  -4.5726035e-02   1.1545377e-01  -2.8306318e+00  -9.2187018e-03   9.5380594e-03  -6.1214472e-04
  -3.9310663e-02   1.1014765e-01  -2.7790557e+00  -9.1029995e-03   9.9300074e-03  -4.0812702e-04
  -1.6637006e-02   1.0195162e-01  -2.7462675e+00  -7.7089586e-03   1.0333888e-02  -9.4051147e-04
  -2.7257092e-02   1.1054478e-01  -2.7687149e+00  -8.0927578e-03   1.0186548e-02  -9.4954668e-04
  -2.6823961e-02   9.0922391e-02  -2.7660718e+00  -8.3452277e-03   1.0543615e-02  -1.0499919e-03
  -3.0367542e-02   1.1353523e-01  -2.7726483e+00  -8.2976593e-03   9.9911421e-03  -1.0567431e-03
  -3.1786298e-02   1.1613954e-01  -2.7797983e+00  -8.0672991e-03   1.0147342e-02  -8.5764192e-04
  -2.2696418e-02   8.8759586e-02  -2.8157578e+00  -8.2739804e-03   1.0444187e-02  -1.1997101e-03
  -4.2595096e-02   5.8841824e-02  -2.8806057e+00  -1.0018692e-02   7.4520870e-03  -2.5157845e-04
  -4.4684112e-02   1.2513343e-01  -3.1607832e+00  -7.6882243e-03   1.1369651e-02  -1.0539577e-03
  -5.5797116e-02   1.2775311e-01  -3.2170799e+00  -9.0469125e-03   1.1431326e-02  -7.7039349e-04
  -5.7744118e-02   9.8141513e-02  -3.1550404e+00  -7.8797017e-03   1.0748728e-02  -9.7566034e-04
  -5.8128100e-02   1.1759429e-01  -3.1754149e+00  -8.2915302e-03   1.0661104e-02  -9.4410634e-04
  -5.0016420e-02   9.5472973e-02  -3.2180270e+00  -9.0743973e-03   1.0467493e-02  -1.1051306e-03
  -5.3506478e-02   8.2017787e-02  -3.2223452e+00  -8.8047918e-03   1.0267063e-02  -1.1800179e-03
  -5.8073158e-02   1.2113784e-01  -3.2544324e+00  -9.0378966e-03   1.0455192e-02  -8.4787837e-04
  -5.7060334e-02   8.1999228e-02  -3.2591855e+00  -8.0681375e-03   1.0966589e-02  -1.2663535e-03
  -5.4645339e-02   1.0786059e-01  -3.2286501e+00  -9.0675552e-03   1.0379324e-02  -1.1289110e-03
  -4.8112509e-02   8.6913785e-02  -3.2600707e+00  -9.3503099e-03   1.0611321e-02  -1.2300406e-03
  -5.1818026e-02   7.8650134e-02  -3.3036135e+00  -9.5712393e-03   1.0091866e-02  -1.1984940e-03
  -5.5066347e-02   6.9020985e-02  -3.4937230e+00  -1.1761613e-02   8.9984684e-03  -8.5439271e-04
  -4.0885427e-02   1.0511187e-01  -3.3813064e+00  -1.0675416e-02   9.8774038e-03  -1.2083131e-03
  -3.9537838e-02   1.0730388e-01  -3.2898562e+00  -9.9014568e-03   9.4504375e-03  -1.1685780e-03
  -3.7671135e-02   1.1546713e-01  -3.3252725e+00  -1.0491663e-02   9.6082898e-03  -1.0669904e-03
  -4.2989846e-02   1.2652860e-01  -3.3062642e+00  -1.0355112e-02   9.1915027e-03  -6.2235187e-04
  -4.3962807e-02   1.3462522e-01  -3.3405317e+00  -9.7278672e-03   9.5823453e-03  -9.7647366e-04
  -3.5246689e-02   1.1267126e-01  -3.3300813e+00  -1.0006461e-02   9.5613129e-03  -9.3584914e-04
  -4.9352491e-02   1.0393332e-01  -3.3204032e+00  -9.7449954e-03   9.7405750e-03  -1.0089781e-03
  -6.0938571e-02   1.0903315e-01  -3.3696344e+00  -1.1763043e-02   1.1008662e-02  -8.0975232e-04
  -6.5052542e-02   1.2423256e-01  -3.3134834e+00  -9.3950967e-03   9.7525621e-03  -6.6325386e-04
  -4.8960136e-02   1.3816264e-01  -3.4229542e+00  -1.0563084e-02   1.0027815e-02  -6.3256409e-04
  -5.1585852e-02   1.4385444e-01  -3.5406217e+00  -4.1305282e-03   9.3974474e-03  -1.9541793e-03
  -6.2090622e-02   9.0090040e-02  -4.2303553e+00  -1.0395300e-02   8.9239578e-03  -1.6670691e-03
  -7.3456947e-02   8.5977301e-02  -4.1242923e+00  -1.3331831e-02   8.6381645e-03  -1.5764414e-03
  -8.0674087e-02   1.0126351e-01  -4.0583215e+00  -1.1164356e-02   9.1769330e-03  -1.3954870e-03
  -7.3617414e-02   1.1261283e-01  -4.0007125e+00  -1.1768977e-02   8.6596860e-03  -1.4607358e-03
  -6.1885929e-02   1.0215110e-01  -3.9835777e+00  -1.1740523e-02   8.3991251e-03  -1.3327249e-03
  -7.1919029e-02   9.9164277e-02  -3.9835796e+00  -1.2298761e-02   8.0229302e-03  -1.1966865e-03
  -6.4113941e-02   9.5870479e-02  -3.9867243e+00  -1.2197774e-02   8.5870375e-03  -1.2851942e-03
  -6.0316102e-02   1.0567313e-01  -3.9943201e+00  -1.2585356e-02   8.0776336e-03  -1.3091634e-03
  -5.2219498e-02   9.0010676e-02  -4.0342776e+00  -1.2547626e-02   7.9937898e-03  -1.3557193e-03
  -4.9039947e-02   8.6487164e-02  -4.0279109e+00  -1.2136399e-02   7.8065716e-03  -1.6066460e-03
  -5.3656270e-02   9.6006512e-02  -3.9911306e+00  -1.1639126e-02   7.9536852e-03  -1.5617380e-03
  -4.6485694e-02   1.1972556e-01  -3.9948773e+00  -1.2281831e-02   7.1709541e-03  -7.9378057e-04
  -5.0651517e-02   1.3435777e-01  -4.0113631e+00  -1.2107439e-02   7.2762889e-03  -7.5747633e-04
  -4.3614318e-02   8.6732911e-02  -4.0154649e+00  -1.2217804e-02   7.6603115e-03  -1.0342931e-03
  -5.0473369e-02   1.2754086e-01  -4.0232063e+00  -1.2112905e-02   7.5083651e-03  -8.6476997e-04
  -5.3271524e-02   1.3757089e-01  -4.0075921e+00  -1.2427908e-02   7.5644787e-03  -7.7999217e-04
  -5.7098417e-02   1.1586130e-01  -4.0262688e+00  -1.2089380e-02   7.4094097e-03  -8.0367650e-04
  -5.4207922e-02   1.1256627e-01  -4.0063212e+00  -1.3801189e-02   6.9357310e-03  -5.7179594e-04
  -6.3643684e-02   1.5342302e-01  -3.9685633e+00  -1.2433396e-02   6.9762972e-03  -1.1809350e-04
  -4.9374567e-02   1.2190392e-01  -3.9610131e+00  -1.1867621e-02   7.3496259e-03  -5.4610517e-04
  -4.6869764e-02   1.3270347e-01  -3.9754734e+00  -1.2513583e-02   6.8487846e-03  -3.9661467e-04
  -5.0976281e-02   1.2321119e-01  -3.9749633e+00  -1.2730185e-02   6.9357140e-03  -6.0518413e-04
  -4.5934506e-02   1.4241181e-01  -3.9597684e+00  -1.1101993e-02   7.4284206e-03  -7.4990585e-04
  -4.6421569e-02   1.2952355e-01  -4.0258150e+00  -1.1874766e-02   7.2207859e-03  -4.7083335e-04
  -4.5977954e-02   1.3068926e-01  -4.0135292e+00  -1.2825200e-02   7.0547149e-03  -1.3634670e-04
  -2.4474646e-02   1.5573176e-01  -4.0663324e+00  -1.3544302e-02   6.1097612e-03  -2.4960593e-04
   6.2444132e-02   3.4667582e-01  -4.0799570e+00  -1.8502290e-02   1.4501366e-04  -4.7335952e-04
   4.4311928e-02   4.7225271e-01  -4.0733008e+00  -2.3003253e-02   8.9297897e-03   3.4618525e-05
  -1.7386381e-02   6.8845318e-02  -3.6014417e+00  -2.3944841e-02   1.1602702e-02   1.4228689e-03
   1.0998885e-03   3.3827362e-01  -3.5844735e+00  -9.1895242e-03   5.6757579e-03   3.2241086e-03
  -1.7807573e-02   2.8231130e-01  -3.7642741e+00  -9.6438832e-03   4.4727481e-03   2.6522762e-03
  -3.6661357e-02   2.2482505e-01  -3.8092985e+00  -9.7860423e-03   4.7163461e-03   2.2022122e-03
  -4.6998014e-02   2.3139956e-01  -3.8260366e+00  -1.0769814e-02   4.6587710e-03   1.7948773e-03
  -3.7596457e-02   2.1249495e-01  -3.8269492e+00  -1.1058200e-02   4.9522738e-03   1.5381908e-03
  -2.3785504e-02   1.9386208e-01  -3.8329750e+00  -1.1304755e-02   5.3965250e-03   1.3158730e-03
  -2.6105982e-02   1.6277376e-01  -3.8009008e+00  -1.0669638e-02   5.4373416e-03   9.9633435e-04
  -2.6840522e-02   1.8345703e-01  -3.7869267e+00  -1.1982765e-02   5.4817899e-03   1.2303149e-03
  -2.4384661e-02   1.9776383e-01  -3.7781266e+00  -1.1108800e-02   5.1209707e-03   1.0272002e-03
  -1.0946013e-02   1.9987032e-01  -3.7643110e+00  -1.0782247e-02   5.3247358e-03   8.9178969e-04
  -1.4650223e-02   2.0670033e-01  -3.7688951e+00  -1.1262060e-02   5.2210822e-03   7.2694009e-04
  -1.1555659e-02   1.8165101e-01  -3.7963292e+00  -1.1326474e-02   5.1845542e-03   5.4069874e-04
  -2.2794106e-02   2.3471845e-01  -3.8366020e+00  -1.0745693e-02   5.5641370e-03   8.0016956e-04
  -2.2427280e-02   1.9971174e-01  -3.8426643e+00  -1.1461693e-02   6.5708120e-03   6.3559913e-04
  -3.1763550e-02   1.9738938e-01  -3.8499017e+00  -1.2316403e-02   6.3934020e-03   6.5578319e-04
  -1.8385997e-02   1.9530224e-01  -3.8274446e+00  -1.1563173e-02   6.3989787e-03   5.6599119e-04
  -9.0094488e-03   1.9446908e-01  -3.8234664e+00  -1.1370121e-02   6.4325829e-03   1.9939703e-04
  -4.2483838e-02   1.4093135e-01  -3.8348210e+00  -1.6342039e-02   7.6158231e-03   3.2799927e-04
  -1.5797558e-02   1.4051551e-01  -3.7985932e+00  -1.1210098e-02   7.6912017e-03  -3.3603952e-04
  -6.7994348e-02   1.4931103e-01  -3.8126610e+00  -1.0749398e-02   1.0645196e-02  -2.2603235e-04
  -4.8101893e-02   9.4360539e-02  -3.9856502e+00  -8.5992748e-03   1.0364203e-02  -1.4517431e-03
  -7.2473197e-02  -7.0912077e-03  -3.7108105e+00  -5.9733765e-03   1.5814823e-02  -3.1712241e-03
  -5.7758725e-02   7.0622839e-02  -3.6601095e+00  -6.4023242e-03   1.1348941e-02  -2.1320138e-03
  -5.5768611e-02   5.5062414e-02  -3.7757499e+00  -8.7558755e-03   1.0813901e-02  -1.6970036e-03
  -5.8365362e-02   6.8396771e-02  -3.6840884e+00  -7.5069349e-03   1.0360132e-02  -1.7704578e-03
  -5.2664577e-02   8.0488327e-02  -3.7191123e+00  -8.3691941e-03   1.0231289e-02  -1.5441200e-03
  -3.5757994e-02   8.3395477e-02  -3.7649493e+00  -9.7612353e-03   9.8930171e-03  -1.4406746e-03
  -4.0981127e-02   8.8587135e-02  -3.7521487e+00  -8.8910137e-03   9.6676692e-03  -1.4019803e-03
  -5.1251704e-02   1.0500061e-01  -3.7775046e+00  -9.7756368e-03   9.4903443e-03  -1.1626099e-03
  -3.4317423e-02   1.0383764e-01  -3.7640347e+00  -9.0457276e-03   9.8134956e-03  -1.4468731e-03
  -3.6577110e-02   1.2142569e-01  -3.8032489e+00  -1.0094492e-02   9.4687712e-03  -1.0774630e-03
  -1.2542266e-02   1.3085713e-01  -3.8251095e+00  -1.1807456e-02   7.1057180e-03  -3.7375898e-04
  -3.4488529e-02   1.6973409e-01  -3.7920627e+00  -1.1293404e-02   7.5160993e-03   7.4216538e-05
  -2.7347352e-02   1.5081339e-01  -3.8259972e+00  -1.1588316e-02   7.6449947e-03   5.3490341e-05
  -4.1138287e-02   1.4913897e-01  -3.7939910e+00  -1.1548636e-02   8.6841166e-03  -3.2030032e-04
  -3.1232430e-02   1.5486301e-01  -3.7860534e+00  -1.0493024e-02   8.6140007e-03  -5.6299140e-04
  -2.8345231e-02   1.6275562e-01  -3.8263346e+00  -1.1208964e-02   8.3389748e-03  -2.9162990e-04
  -4.5157328e-02   1.3755272e-01  -3.8648858e+00  -1.3047875e-02   7.7901177e-03  -1.6188379e-04
  -3.6034304e-02   1.1770751e-01  -3.8315382e+00  -1.1250348e-02   8.2463625e-03  -4.8786118e-04
  -3.3399610e-02   1.5099005e-01  -3.8338066e+00  -1.1807332e-02   8.1966381e-03  -3.0094736e-04
  -1.8758610e-02   1.4347590e-01  -3.8560626e+00  -1.1498495e-02   8.3580358e-03  -4.9039121e-04
  -1.1373028e-02   1.3551434e-01  -3.8482908e+00  -1.2343678e-02   7.9001546e-03  -5.2789729e-04
  -2.4662814e-02   1.4837184e-01  -3.8882786e+00  -1.2218858e-02   7.4071944e-03  -2.6032365e-04
  -2.3179243e-02   1.2877320e-01  -3.8499447e+00  -1.1873207e-02   7.5734295e-03  -5.0472378e-04
  -5.0487462e-02   1.2975004e-01  -3.9035705e+00  -1.1336242e-02   9.7486632e-03  -6.9571417e-04
  -4.2675294e-02   1.3193338e-01  -3.9906681e+00  -1.2740270e-02   7.9554810e-03  -3.1368320e-04
  -4.9906659e-02   1.6834401e-01  -3.9563174e+00  -1.2664138e-02   8.2533945e-03  -2.2586072e-04
  -4.6446635e-02   1.1481996e-01  -3.9204760e+00  -1.1347145e-02   8.2287047e-03  -6.8166032e-04
  -5.0712808e-02   1.6858554e-01  -3.9494270e+00  -1.2038832e-02   7.8454383e-03  -2.2780908e-04
  -3.9053591e-02   1.5974880e-01  -3.8997616e+00  -1.2233398e-02   7.9630143e-03  -5.1310212e-04
  -3.7360550e-02   1.6313827e-01  -3.9361641e+00  -1.1068499e-02   7.8115802e-03  -3.8436013e-04
  -3.7970889e-02   1.5609157e-01  -3.9989663e+00  -1.2245122e-02   7.7547908e-03  -5.8893419e-05
  -4.5601949e-02   1.6499033e-01  -3.9147080e+00  -1.1842170e-02   7.3180566e-03  -4.4501010e-04
  -3.0406232e-02   1.8702477e-01  -3.8943457e+00  -1.1932087e-02   7.8105624e-03  -2.7795903e-04
  -3.8593524e-02   1.4510009e-01  -3.9299278e+00  -1.2042344e-02   7.3490855e-03  -5.2647167e-04
  -3.3222787e-02   1.5902767e-01  -3.9636987e+00  -1.3264959e-02   6.9180107e-03  -4.6019514e-04
  -2.8846888e-02   1.5873951e-01  -3.9474828e+00  -1.2521696e-02   7.5507237e-03  -3.7619705e-04
  -2.3826759e-02   1.3607897e-01  -3.9458927e+00  -1.1984290e-02   7.8780406e-03  -4.4027025e-04
  -3.9555450e-02   1.7913369e-01  -3.9609524e+00  -1.1960202e-02   8.0633862e-03  -4.0423679e-04
  -2.8745635e-02   1.3574155e-01  -3.9414324e+00  -1.1859525e-02   8.2204209e-03  -8.4720343e-04
  -4.1738284e-02   1.5393817e-01  -4.0103230e+00  -1.2491537e-02   7.7630754e-03  -4.7316501e-04
  -2.9409853e-02   1.7226126e-01  -3.9784808e+00  -1.2243095e-02   7.5948555e-03  -4.3229356e-04
  -3.3621780e-02   1.6180309e-01  -3.9864071e+00  -1.2597907e-02   7.9692930e-03  -7.1790926e-04
  -2.9423756e-02   1.5881035e-01  -4.0241732e+00  -1.2513738e-02   8.0663860e-03  -4.7840280e-04
  -3.5418685e-02   1.4824511e-01  -3.9814072e+00  -1.2161042e-02   7.6394096e-03  -5.6061853e-04
  -3.9064426e-02   1.5502622e-01  -4.0068062e+00  -1.2501818e-02   7.9893510e-03  -4.6568220e-04
  -3.4274035e-02   1.6429455e-01  -3.9704545e+00  -1.1865953e-02   7.8250064e-03  -2.6725296e-04
   9.7341500e-02   2.4927444e-01  -4.0843080e+00  -1.5530441e-02   4.4246882e-03  -3.7335608e-04
  -1.0341889e-02   2.2310231e-01  -3.9964350e+00  -1.3302548e-02   5.1947714e-03   8.9391093e-04
  -1.1070707e-02   2.2205422e-01  -4.0000803e+00  -1.2489622e-02   5.7250288e-03   7.3185942e-04
  -8.8858954e-03   2.1465334e-01  -3.9658410e+00  -1.2644776e-02   6.0201414e-03   4.7436496e-04
  -3.0855799e-02   1.8237545e-01  -4.0455885e+00  -1.2786778e-02   6.2511532e-03   8.4159336e-04
  -2.8405737e-02   2.0855157e-01  -4.0203113e+00  -1.3236583e-02   6.2849583e-03   6.3324114e-04
  -7.1361271e-03   1.9001879e-01  -4.0284900e+00  -1.3032970e-02   6.3140673e-03   8.9365499e-05
  -3.4618035e-02   1.9663144e-01  -4.0099715e+00  -1.3085204e-02   6.5922676e-03   3.6705436e-04
  -4.9380633e-02   1.7220671e-01  -4.1496683e+00  -1.4011232e-02   7.7777228e-03   2.2306563e-04
  -3.2478228e-02   2.0323049e-01  -3.9805598e+00  -1.1998799e-02   6.9931687e-03  -6.0409248e-05
  -2.0380361e-02   1.6866396e-01  -4.0262904e+00  -1.2069726e-02   7.3184773e-03  -4.7315877e-04
  -2.6450924e-02   2.0746904e-01  -3.9511265e+00  -1.1956204e-02   7.5467854e-03  -2.7592163e-04
  -2.6491285e-02   1.7324761e-01  -3.9710221e+00  -1.2431972e-02   6.4865645e-03  -1.5897481e-04
  -2.9143783e-02   1.9482450e-01  -3.9999642e+00  -1.3091253e-02   7.3434663e-03  -1.6292523e-04
  -2.5745790e-02   1.7953644e-01  -3.9770457e+00  -1.2242518e-02   7.6628658e-03  -5.4740538e-05
  -2.0983718e-02   1.8484969e-01  -4.0345600e+00  -1.2817198e-02   7.6902281e-03  -9.5851248e-05
  -2.7804593e-02   1.8285796e-01  -4.0483432e+00  -1.2548392e-02   7.4443551e-03  -2.7648570e-04
  -3.9782006e-02   1.7607819e-01  -4.0199743e+00  -1.2309887e-02   7.5423874e-03  -2.5423745e-04
  -3.7123536e-02   1.8797266e-01  -4.0305554e+00  -1.2103087e-02   7.3338801e-03  -3.0854121e-04
  -2.5151696e-02   1.8265644e-01  -4.0751405e+00  -1.1573571e-02   7.2040438e-03  -5.3503235e-05
  -3.8426397e-02   1.9086419e-01  -4.0991779e+00  -1.2154905e-02   7.9673851e-03  -1.4854512e-04
  -4.8473668e-02   1.5136848e-01  -3.9607397e+00  -7.0236318e-03   8.8970515e-03  -1.3560633e-03
  -9.3845714e-02   1.8086374e-01  -4.6230059e+00  -1.8703116e-02  -1.5198774e-03   1.4857146e-03
  -5.9717559e-02   1.6791565e-01  -4.0983492e+00  -8.6495184e-03   2.2434343e-03  -1.0595351e-03
  -8.9828036e-02   8.8115297e-02  -4.0655022e+00  -8.3038919e-03   7.3618236e-03  -1.8648384e-03
  -6.2139036e-02  -1.9080338e-02  -3.5650833e+00  -6.6194649e-03   1.4672788e-02  -4.0156555e-03
  -5.7605824e-02   1.2511124e-01  -3.4495361e+00  -3.8039107e-03   9.7799211e-03  -1.4336674e-03
  -1.9396473e-02   1.4960836e-01  -3.5140353e+00  -6.0436396e-03   8.8822729e-03  -1.0381533e-03
  -3.0794452e-03   1.2367746e-01  -3.5727593e+00  -7.2072586e-03   8.3914499e-03  -5.0327820e-04
  -3.3269049e-03   1.7079596e-01  -3.9626466e+00  -8.2975478e-03   9.4209140e-03  -1.3460352e-03
   9.5130757e-03   2.3135451e-01  -3.8293317e+00  -8.8299142e-03   7.9021565e-03   6.6049562e-04
   6.5586597e-03   2.7362875e-01  -3.9211447e+00  -1.0253686e-02   6.0065774e-03   1.4851589e-03
   6.9725552e-03   2.4331513e-01  -3.8597863e+00  -9.3116359e-03   6.5321762e-03   9.2503669e-04
  -2.0259270e-03   2.4749517e-01  -3.8697728e+00  -1.0236154e-02   6.5090597e-03   9.4258512e-04
  -5.7465370e-03   2.2863477e-01  -3.8514078e+00  -8.4931289e-03   7.2296449e-03   6.0027674e-04
  -1.1187600e-02   2.3327061e-01  -3.8743163e+00  -9.1084596e-03   7.4956350e-03   4.6234827e-04
  -4.5572938e-02   2.1749017e-01  -3.9169002e+00  -7.6217757e-03   8.6268424e-03   3.1781185e-04
  -4.4288575e-02   2.0710533e-01  -3.7543740e+00  -6.6306360e-03   9.5857660e-03  -4.7086529e-05
  -2.5398423e-02   1.9518009e-01  -3.7671554e+00  -6.4087804e-03   9.7350202e-03  -4.4912734e-04
  -2.6524996e-02   1.9982492e-01  -3.8048928e+00  -7.8625998e-03   9.6076720e-03  -4.5235274e-04
  -3.0181063e-02   1.8462832e-01  -3.7966719e+00  -7.4084452e-03   9.8815602e-03  -6.3904379e-04
  -2.4668848e-02   1.7597787e-01  -3.8411469e+00  -8.2384037e-03   9.6364139e-03  -8.0564565e-04
  -3.4096301e-02   1.8654768e-01  -3.8626657e+00  -7.7171198e-03   9.8379719e-03  -7.4609036e-04
  -4.2161490e-02   1.6791840e-01  -3.8708106e+00  -8.0937490e-03   9.0673858e-03  -7.9792116e-04
  -3.3381080e-02   1.7792197e-01  -3.8752454e+00  -7.8916519e-03   9.8235162e-03  -8.6574033e-04
  -2.3116067e-02   1.5688255e-01  -3.8706934e+00  -8.3078555e-03   9.7008073e-03  -1.1637142e-03
  -2.8257096e-02   1.7321954e-01  -3.9172113e+00  -8.2958062e-03   9.5359619e-03  -9.3642849e-04
  -1.7823375e-02   1.6980085e-01  -3.9020679e+00  -7.7612991e-03   9.7310244e-03  -1.2465584e-03
  -2.5683159e-02   1.9327824e-01  -3.9162575e+00  -9.7645454e-03   9.4611690e-03  -8.3409581e-04
  -4.3569738e-02   1.5991072e-01  -3.9119811e+00  -9.8465846e-03   1.0094469e-02  -6.5682561e-04
  -4.3184844e-02   2.1974834e-01  -4.0484060e+00  -8.3906722e-03   9.3608265e-03  -4.0131943e-04
  -3.2213845e-02   1.9671935e-01  -3.9814394e+00  -8.3880751e-03   9.4171570e-03  -6.7027328e-04
  -5.0825603e-02   1.8780555e-01  -3.9984402e+00  -8.1967778e-03   7.4670335e-03  -1.5909086e-03
  -5.9178022e-02   1.9981038e-01  -4.0092140e+00  -8.5212648e-03   7.0168594e-03  -7.8820994e-04
  -6.6996927e-02   1.6654721e-01  -3.9490788e+00  -5.9686119e-03   9.3418109e-03  -1.1512156e-03
  -6.4892736e-02   1.9349009e-01  -3.9044665e+00  -6.9684818e-03   9.2612036e-03  -1.0907691e-03
  -5.7138183e-02   1.5499462e-01  -3.9292300e+00  -7.4160453e-03   9.0669177e-03  -1.2320945e-03
  -5.8419142e-02   1.6788869e-01  -3.8263985e+00  -6.8391630e-03   1.0164344e-02  -1.2088453e-03
  -4.9074066e-02   1.6313292e-01  -3.9194743e+00  -7.9727414e-03   9.3559854e-03  -9.7033505e-04
  -6.0158550e-02   1.6798245e-01  -3.9099330e+00  -7.7937482e-03   9.4763750e-03  -8.6565315e-04
  -5.6797598e-02   1.5172985e-01  -3.9696698e+00  -8.2345279e-03   9.2259424e-03  -1.0040563e-03
  -6.9910319e-02   1.7322234e-01  -3.9578983e+00  -7.6275468e-03   9.0645614e-03  -9.8363458e-04
  -5.3696638e-02   1.5381093e-01  -3.9879710e+00  -7.7905634e-03   9.3962094e-03  -1.2397405e-03
  -6.5733699e-02   1.7500075e-01  -4.0524919e+00  -8.4642718e-03   8.9797738e-03  -8.0625416e-04
  -5.7162299e-02   1.8973281e-01  -4.0232918e+00  -8.8989645e-03   9.2628364e-03  -9.8043615e-04
  -6.9513662e-02   1.6805606e-01  -4.0185314e+00  -8.4737523e-03   9.0692097e-03  -1.0961690e-03
  -6.1988015e-02   1.7083929e-01  -4.0250387e+00  -8.5124750e-03   8.8129224e-03  -9.5661751e-04
  -6.1124875e-02   1.8698568e-01  -4.0109850e+00  -8.9828185e-03   9.0876513e-03  -8.8892624e-04
  -4.1300145e-02   1.7778065e-01  -3.9822947e+00  -8.3201351e-03   9.4321743e-03  -1.2579429e-03
  -5.2843064e-02   1.9807959e-01  -4.0032892e+00  -8.5019924e-03   9.2625171e-03  -9.3069117e-04
  -4.0217548e-02   2.1826461e-01  -4.1083116e+00  -1.1491041e-02   9.1185893e-03  -1.2174553e-04
  -4.4376868e-02   2.3747556e-01  -4.0923928e+00  -9.1614797e-03   8.7143597e-03   2.9512485e-04
  -4.3627525e-02   2.2125140e-01  -4.0651284e+00  -8.5138723e-03   8.9925432e-03  -8.7381859e-05
  -3.6132031e-02   2.1170842e-01  -4.0814533e+00  -9.0946427e-03   8.4294088e-03  -1.3568647e-06
  -2.8738370e-02   2.1368444e-01  -4.0901869e+00  -9.1384680e-03   8.4079007e-03   4.8923902e-05
  -3.1127436e-02   2.2486488e-01  -4.1215541e+00  -1.0080790e-02   9.1991531e-03  -1.3512687e-04
  -3.3331577e-02   2.0308143e-01  -4.1198601e+00  -8.9555796e-03   8.3656173e-03  -1.5927752e-04
  -3.5910104e-02   2.1674385e-01  -4.2613919e+00  -1.1423151e-02   6.6084165e-03   9.2680527e-05
   2.0025737e-03   3.0243127e-01  -4.1691300e+00  -1.1485955e-02   5.3194471e-03   1.4762598e-03
   3.0711558e-02   2.8569191e-01  -4.1447557e+00  -1.3379942e-02   6.1435913e-03   2.4540803e-04
   8.5585179e-03   3.6835466e-01  -4.1075040e+00  -1.3395759e-02   2.9927743e-03   3.1214497e-03
  -8.7676334e-04   3.1024216e-01  -4.0812541e+00  -1.3001060e-02   4.5597474e-03   2.5975754e-03
  -3.6330071e-03   2.9809962e-01  -4.1534571e+00  -1.2796752e-02   4.4970979e-03   2.3906428e-03
   5.2015470e-03   2.7417047e-01  -4.1043047e+00  -1.1141551e-02   4.5676794e-03   1.7883250e-03
  -1.7947058e-03   2.9085645e-01  -4.0795027e+00  -1.0735395e-02   5.1986431e-03   1.6898534e-03
  -3.3047094e-03   2.8427460e-01  -4.0728342e+00  -1.0635156e-02   4.5826130e-03   1.5414223e-03
   4.0218586e-03   2.9567143e-01  -4.0472770e+00  -1.0708797e-02   4.0052402e-03   1.5373746e-03
   1.1881403e-02   2.7197662e-01  -4.0425788e+00  -1.0394267e-02   4.8306932e-03   1.1993537e-03
  -2.0996238e-03   2.6198720e-01  -4.0780152e+00  -1.0528776e-02   5.1511811e-03   1.0158563e-03
  -6.6641897e-03   2.6644405e-01  -4.1073065e+00  -1.0812228e-02   5.3480490e-03   1.0505724e-03
  -4.2190846e-03   2.5840791e-01  -4.1159611e+00  -1.1369006e-02   6.1207075e-03   1.2205710e-03
  -5.7134283e-03   2.5708173e-01  -4.1144778e+00  -1.0492889e-02   6.5080127e-03   7.0409713e-04
  -1.7433709e-03   2.5615287e-01  -4.0753479e+00  -1.0824212e-02   6.5454602e-03   7.6476763e-04
  -6.5918215e-03   2.6577656e-01  -4.1420382e+00  -1.0899533e-02   5.9964119e-03   8.4201312e-04
  -1.5459447e-02   2.5040165e-01  -4.1024450e+00  -1.0455938e-02   6.0748020e-03   7.1906432e-04
  -1.5408303e-02   2.6351386e-01  -4.1112493e+00  -1.0176940e-02   6.5711872e-03   5.2279167e-04
  -1.5667247e-02   2.2749496e-01  -4.1457690e+00  -1.0427064e-02   6.7105090e-03   3.2978921e-04
  -3.3498438e-02   1.8264638e-01  -4.1341547e+00  -6.5895282e-03   7.5896944e-03  -1.4463708e-03
  -4.8548605e-02   2.0717974e-01  -4.0132492e+00  -1.0881592e-02   1.0563259e-02   3.3500693e-07
  -5.7400750e-02   1.1179279e-01  -4.0317180e+00  -3.2454960e-03   1.4502359e-02  -1.6743300e-03
  -8.9763605e-02   2.4552066e-01  -4.4728405e+00  -7.6110428e-03   1.0187559e-02  -8.6459263e-04
  -6.7806952e-02   1.8525936e-01  -4.4234274e+00  -1.0017743e-02   1.0701178e-02  -7.7347780e-04
  -5.8651341e-02   1.3798344e-01  -4.3206688e+00  -8.6034845e-03   1.0149985e-02  -9.6817789e-04
  -6.2370950e-02   1.8853981e-01  -4.2373292e+00  -7.9633531e-03   1.0652681e-02  -1.0290730e-03
  -4.6435972e-02   1.7913174e-01  -4.1856406e+00  -7.3584629e-03   1.0562871e-02  -1.1275317e-03
  -3.1130873e-02   1.6530172e-01  -4.3721837e+00  -1.0093857e-02   9.1244386e-03  -9.3230313e-04
  -4.4916477e-02   2.0806910e-01  -4.2353455e+00  -9.1721612e-03   1.0335128e-02  -8.8272296e-04
  -4.4426090e-02   1.9255271e-01  -4.1983131e+00  -8.8346539e-03   1.0579790e-02  -1.1567405e-03
  -2.2726579e-02   1.7332706e-01  -4.2806876e+00  -9.7719118e-03   9.6744076e-03  -1.2359352e-03
  -3.1064593e-02   2.0328708e-01  -4.2429106e+00  -1.0440725e-02   9.5716226e-03  -9.8348600e-04
  -2.4050772e-02   2.1404798e-01  -4.2415432e+00  -1.0155354e-02   9.2909866e-03  -9.2571443e-04
  -2.9558210e-02   2.0271031e-01  -4.2610304e+00  -9.5107410e-03   9.1552435e-03  -8.5354678e-04
  -2.6604579e-02   1.9976396e-01  -4.2365198e+00  -8.9138552e-03   9.4414225e-03  -1.2011901e-03
  -2.9468959e-02   2.1571325e-01  -4.2597775e+00  -8.6757344e-03   9.2061102e-03  -9.4587892e-04
  -2.5407980e-02   1.8393503e-01  -4.2882947e+00  -8.8666276e-03   9.9107287e-03  -1.2977108e-03
  -3.3694330e-02   2.0495049e-01  -4.2749580e+00  -8.8539512e-03   9.5596921e-03  -1.0161462e-03
  -3.9433216e-02   8.1613424e-02  -3.2228042e+00  -1.7904552e-02   1.8909917e-02  -2.7777673e-04
   4.9292099e-02   2.9224323e-01  -3.1821557e+00   2.0294898e-03   1.6053636e-02   8.6684882e-04
  -6.0729199e-02   1.4257024e-01  -4.0644373e+00  -1.4652876e-02   1.0538253e-02   1.7645964e-03
  -9.5923680e-02   2.1907165e-01  -4.0752913e+00  -6.8337412e-03   2.0303474e-02   1.4861003e-03
  -5.2894836e-02   2.6981593e-01  -4.4042871e+00  -1.2148674e-02   1.6273468e-02   2.3551702e-03
  -5.4797649e-02   2.0283547e-01  -4.2734831e+00  -1.2950111e-02   1.5076204e-02   1.6542430e-03
  -5.9092330e-02   2.4286816e-01  -4.2544683e+00  -1.3814967e-02   1.5907687e-02   1.6308736e-03
  -4.5282458e-02   2.4414392e-01  -4.2169111e+00  -1.4059010e-02   1.6148903e-02   1.5120768e-03
  -4.9849478e-02   2.5663044e-01  -4.1921080e+00  -1.4237769e-02   1.5438429e-02   1.9313902e-03
  -2.7331131e-02   2.2110391e-01  -4.1761513e+00  -1.3722038e-02   1.5318194e-02   1.5161525e-03
  -4.5411334e-02   2.2151339e-01  -4.1830486e+00  -1.4782411e-02   1.5519037e-02   1.3316954e-03
  -3.1215870e-02   2.4169284e-01  -4.1415292e+00  -1.3971032e-02   1.4401425e-02   1.3887369e-03
  -2.4712932e-02   2.4109981e-01  -4.1449478e+00  -1.3703281e-02   1.4594778e-02   1.1217102e-03
  -2.4271012e-02   2.2070325e-01  -4.1317297e+00  -1.3448486e-02   1.4940589e-02   7.6541153e-04
  -2.5124187e-02   2.2209563e-01  -4.1428184e+00  -1.4555633e-02   1.4891262e-02   1.2126942e-03
  -2.3353347e-02   2.2165097e-01  -4.1275009e+00  -1.4088076e-02   1.4762234e-02   8.3994211e-04
  -2.5020568e-02   2.2286500e-01  -4.1170811e+00  -1.3845606e-02   1.5033722e-02   9.7454067e-04
  -1.9078648e-02   1.9605547e-01  -4.1231773e+00  -1.3934713e-02   1.5635497e-02   1.1661911e-03
  -8.6543694e-02   1.6809305e-01  -4.1635556e+00  -2.4492420e-02   2.2355724e-02   2.7812981e-03
   2.0188175e-02   1.2198603e-01  -3.6732680e+00  -1.6960874e-02   1.9807675e-02   4.4811593e-04
   2.9972664e-02   7.4862716e-02  -3.8737293e+00  -3.7294341e-02   1.5934946e-02   4.4284295e-04
   9.6402192e-02   2.2261169e-01  -3.4183169e+00  -1.7118679e-02   2.7403557e-02   9.2283376e-04
   9.9499614e-02   2.5779476e-01  -2.6894110e+00   5.6437441e-03   3.1813202e-02  -1.2937329e-03
   8.1605707e-02   2.1086043e-01  -4.4001030e+00  -1.7565355e-02   3.3924061e-02   1.1732601e-03
   9.0826407e-02   2.1727585e-01  -4.3022918e+00  -1.7889595e-02   3.2027489e-02   1.4507314e-03
   8.5623916e-02   2.2237006e-01  -4.3038479e+00  -1.8691819e-02   3.1310709e-02   1.6048455e-03
   9.2673306e-02   2.0693554e-01  -4.3241638e+00  -1.8385584e-02   3.1053859e-02   1.1151540e-03
   1.0182469e-01   2.0362291e-01  -4.3067746e+00  -1.7828451e-02   3.0429405e-02   1.0894613e-03
   9.5541447e-02   2.0986673e-01  -4.2968002e+00  -1.8438183e-02   3.0196029e-02   9.9118083e-04
   9.6076486e-02   2.1972709e-01  -4.2970384e+00  -1.8460971e-02   2.9859559e-02   1.1606840e-03
   9.5682899e-02   2.2034005e-01  -4.3161045e+00  -1.8586672e-02   3.0033447e-02   1.1218936e-03
   1.1104009e-01   2.0520649e-01  -4.3175914e+00  -1.8568111e-02   2.9752300e-02   7.2738017e-04
   1.0235042e-01   2.1121602e-01  -4.3050345e+00  -1.9000722e-02   2.9753235e-02   1.0671654e-03
   9.7570938e-02   2.3086240e-01  -4.3294333e+00  -1.9149339e-02   3.0186411e-02   9.7601211e-04
   2.2486334e-01   6.5044932e-01  -4.4159949e+00  -3.4647754e-02   2.9438267e-02   1.3243295e-03
   6.9406574e-02   2.0603745e-01  -4.1768436e+00  -1.7086093e-02   2.5187655e-02   1.3877277e-03
   5.2848408e-02   1.8526783e-01  -4.1151625e+00  -1.6820424e-02   2.5605769e-02   1.2101156e-03
   8.2043081e-02   2.4343854e-01  -4.1780453e+00  -1.7857213e-02   2.3499631e-02   1.6261477e-03
   8.6405301e-02   2.3209614e-01  -4.1482811e+00  -1.7838952e-02   2.4248664e-02   1.4632442e-03
   8.2273198e-02   2.1622975e-01  -4.1275964e+00  -1.7091670e-02   2.4577601e-02   1.1209010e-03
   9.0261843e-02   2.1597238e-01  -4.1515021e+00  -1.7918105e-02   2.4615379e-02   8.0479492e-04
   8.4594892e-02   2.2591684e-01  -4.1616748e+00  -1.6660406e-02   2.4832584e-02   6.7770959e-04
   6.6191398e-02   1.5687927e-01  -4.1280533e+00  -1.8913797e-02   2.6186504e-02   5.4726714e-04
   6.9910688e-02   2.1856596e-01  -4.1668262e+00  -1.7542071e-02   2.5381056e-02   5.3627357e-04
   6.8866419e-02   1.9060395e-01  -4.1619882e+00  -1.6808568e-02   2.5203331e-02   3.1454833e-04
   7.1475399e-02   1.9792884e-01  -4.1524791e+00  -1.7289481e-02   2.5462401e-02   8.5537904e-05
   7.7711190e-02   1.8532247e-01  -4.1699743e+00  -1.6966018e-02   2.5674672e-02   1.5914976e-06
   6.1629008e-02   1.4159919e-01  -4.1831223e+00  -1.8916608e-02   2.6542269e-02  -4.6663579e-05
   7.9816462e-02   7.8933029e-02  -3.2027802e+00  -5.0035259e-03   3.4180008e-02  -2.0049980e-03
   7.1962344e-02   1.4524471e-03  -2.9129207e+00   2.4848282e-03   3.3319982e-02  -3.9066921e-03
   4.9046525e-02   1.0184862e-01  -4.7055074e+00  -2.0730606e-02   2.2539222e-02  -5.0763915e-04
   2.1402433e-02   1.2678029e-01  -4.4516480e+00  -1.3352350e-02   2.0295206e-02  -9.9074558e-04
   2.5382984e-02   1.3900237e-01  -4.3610821e+00  -1.3460418e-02   2.0977353e-02  -1.5636994e-03
   2.0137630e-02   1.2943429e-01  -4.3242104e+00  -1.3428149e-02   2.0693059e-02  -1.6261728e-03
   3.1807444e-02   1.2345914e-01  -4.3091992e+00  -1.4491717e-02   2.0295470e-02  -1.7747678e-03
   3.1294259e-02   1.3381557e-01  -4.3157445e+00  -1.4331265e-02   2.0262903e-02  -1.6671469e-03
   2.4527245e-02   1.4140401e-01  -4.3278369e+00  -1.4128538e-02   1.9805430e-02  -1.5745561e-03
   1.9708471e-02   1.6010885e-01  -4.3115803e+00  -1.3858524e-02   1.9872702e-02  -1.3348356e-03
   5.9982685e-03   1.6887970e-01  -4.4630919e+00  -1.5372613e-02   2.0086691e-02  -1.1218912e-03
   1.6415425e-02   1.3767573e-01  -4.3423045e+00  -1.5586908e-02   1.9977820e-02  -1.8728881e-03
   5.7278827e-02   1.1479420e-01  -4.1654263e+00  -1.0974822e-02   1.5690629e-02  -1.5061996e-03
   6.4493213e-02   2.1540674e-01  -4.4519839e+00  -9.4167892e-03   2.5832763e-02  -1.0633889e-03
   4.8259685e-02   1.4180497e-01  -4.2781598e+00  -9.4550878e-03   2.6281618e-02  -1.4519216e-03
   3.3615339e-02   1.6383620e-01  -4.3174392e+00  -1.0936020e-02   2.4653403e-02  -1.4005582e-03
   4.2790598e-02   1.8439362e-01  -4.2982993e+00  -1.1736137e-02   2.4663334e-02  -1.1337129e-03
   5.3415950e-02   1.7069717e-01  -4.2972690e+00  -1.1179507e-02   2.4476702e-02  -1.5060595e-03
   5.6568765e-02   1.7288872e-01  -4.2823439e+00  -1.1451456e-02   2.4474713e-02  -1.3240921e-03
   7.1370208e-02   1.8952449e-01  -4.2735143e+00  -1.0246400e-02   2.3980682e-02  -1.5958621e-03
   6.0417693e-02   1.7741457e-01  -4.3110464e+00  -1.1328446e-02   2.3318885e-02  -1.2984520e-03
   4.7429272e-02   1.6033978e-01  -4.2933910e+00  -1.0721055e-02   2.4045255e-02  -1.6750531e-03
   5.0310909e-02   1.8815635e-01  -4.2969402e+00  -1.0963312e-02   2.3678096e-02  -1.2244398e-03
   5.6724214e-02   1.8827114e-01  -4.3314127e+00  -1.1479442e-02   2.3423357e-02  -1.1867492e-03
   5.4268754e-02   1.7577401e-01  -4.3277844e+00  -1.1777724e-02   2.3225009e-02  -1.3166655e-03
   4.9082003e-02   1.8636800e-01  -4.3483743e+00  -1.1590709e-02   2.3465853e-02  -1.2746899e-03
   4.8364796e-02   1.8148932e-01  -4.3340799e+00  -1.1478430e-02   2.3549615e-02  -1.2448240e-03
   6.2821016e-02   2.0976136e-01  -4.3171505e+00  -1.0899587e-02   2.3295565e-02  -1.0946921e-03
   2.1232988e-02   2.3028967e-01  -4.2353076e+00  -1.5818516e-02   1.9198051e-02   1.6648251e-04
   3.1476463e-02   2.0223583e-01  -4.1323928e+00  -1.2906806e-02   1.6645200e-02  -1.3127043e-04
   4.4769070e-02   1.9998030e-01  -4.0812536e+00  -1.3706169e-02   1.7128747e-02  -3.2733152e-04
   3.9072889e-02   2.2027763e-01  -3.9417756e+00  -1.1267143e-02   1.5542685e-02  -1.2101148e-04
   2.2974219e-02   2.1708037e-01  -4.0326569e+00  -1.2606771e-02   1.5987533e-02  -2.8460417e-04
   3.7257720e-02   1.8686637e-01  -4.0083916e+00  -1.2736145e-02   1.5932117e-02  -6.2848565e-04
   1.3981477e-02   2.0904436e-01  -4.0565920e+00  -1.3021737e-02   1.5212464e-02  -2.3495056e-04
   2.2045648e-02   2.2258130e-01  -4.0010589e+00  -1.2758565e-02   1.5541991e-02  -2.7948921e-04
   3.5593036e-02   1.8720417e-01  -3.9999208e+00  -1.2538533e-02   1.5368629e-02  -7.2453846e-04
   1.7223024e-02   2.1262866e-01  -4.0089347e+00  -1.2876522e-02   1.5575106e-02  -4.9966286e-04
   3.1975045e-02   1.8531138e-01  -3.9977020e+00  -1.2037513e-02   1.5703487e-02  -7.2362714e-04
   2.9853104e-02   1.9250503e-01  -4.0282297e+00  -1.2151011e-02   1.5886806e-02  -6.9738043e-04
   3.4248251e-02   2.1753596e-01  -4.0282204e+00  -1.2809333e-02   1.5917233e-02  -7.1026429e-04
   3.2409047e-02   2.0926060e-01  -4.0037392e+00  -1.2207566e-02   1.6314878e-02  -6.6517686e-04
   3.3158014e-02   2.2222315e-01  -4.0355429e+00  -1.2629753e-02   1.5511863e-02  -6.4863295e-04
   3.5304800e-02   2.0500827e-01  -4.0349583e+00  -1.3184132e-02   1.5828376e-02  -7.5601093e-04
   3.3542287e-02   1.9661827e-01  -4.0638205e+00  -1.2739974e-02   1.5596673e-02  -7.5891437e-04
   3.9965074e-02   2.2579113e-01  -4.0830747e+00  -1.3639144e-02   1.5294053e-02  -6.6966072e-04
   3.2401096e-02   1.9701932e-01  -4.0687545e+00  -1.2582878e-02   1.5602069e-02  -6.2651512e-04
   9.6291383e-04   2.0213204e-01  -4.1217049e+00  -1.0857825e-02   1.6863293e-02  -1.1379609e-03
   2.6659284e-02   3.0964763e-01  -4.2486252e+00  -1.4240461e-02   1.3329671e-02  -7.9683476e-04
   5.5963856e-02   2.2361234e-01  -4.6354442e+00  -1.9026243e-02   9.7215769e-03  -9.9744756e-04
   5.7300907e-02   3.2793899e-01  -4.3477738e+00  -1.1669635e-02   1.0469729e-02  -1.5898251e-04
   6.3065202e-02   2.6813273e-01  -4.1352130e+00  -1.0856149e-02   1.2333036e-02  -2.6664418e-04
   4.8214862e-02   2.4323652e-01  -4.1233741e+00  -1.0259803e-02   1.3675001e-02  -4.8702875e-04
   4.7024002e-02   2.3059906e-01  -4.1114507e+00  -1.1051366e-02   1.3458057e-02  -2.7631074e-04
   5.2077001e-02   2.4622570e-01  -4.0304475e+00  -9.2360612e-03   1.3619657e-02  -6.9768273e-04
   4.3217618e-02   2.4033947e-01  -3.9883874e+00  -9.4500619e-03   1.3634349e-02  -8.7772153e-04
   4.9195192e-02   2.4151386e-01  -3.9978156e+00  -9.6154690e-03   1.3815447e-02  -1.1192791e-03
   4.3292263e-02   2.4032535e-01  -3.9820549e+00  -9.9657658e-03   1.3629852e-02  -7.9417405e-04
   4.9248954e-02   2.2823308e-01  -3.9721751e+00  -9.5360478e-03   1.3903909e-02  -1.1086687e-03
   3.6348719e-02   2.3486973e-01  -3.9595609e+00  -9.6330927e-03   1.3594577e-02  -1.0240197e-03
   3.8787960e-02   2.1902095e-01  -3.9471569e+00  -9.0511880e-03   1.3882889e-02  -1.2938930e-03
   2.2083821e-02   1.9189063e-01  -4.3612088e+00  -9.1069844e-03   1.4756750e-02  -1.5342467e-03
   1.4804141e-02   2.1124616e-01  -4.2131736e+00  -9.6978795e-03   1.5634751e-02  -1.4961681e-03
   2.3724028e-02   1.9852234e-01  -4.1712547e+00  -8.8193622e-03   1.5704798e-02  -1.7514712e-03
   1.6476399e-02   1.9913337e-01  -4.2025908e+00  -1.0650378e-02   1.5585139e-02  -1.6596841e-03
   2.2583573e-02   2.0612577e-01  -4.1705561e+00  -1.0040554e-02   1.5730635e-02  -1.8069546e-03
   3.1080034e-02   1.9221158e-01  -4.1857205e+00  -9.9492967e-03   1.5266264e-02  -1.9349150e-03
  -1.0445511e-02   1.6410446e-01  -4.1645112e+00  -7.2205942e-03   1.7814764e-02  -2.6741100e-03
  -1.7965289e-03   2.0453455e-01  -4.4282097e+00  -7.4944630e-03   1.6776641e-02  -1.9433912e-03
   1.6528191e-02   2.2630389e-01  -2.5858123e+00  -1.1233348e-02   1.9168865e-02   8.2380600e-04
  -2.8317516e-02   2.6483173e-01  -4.2049539e+00  -1.4088590e-03   1.9207148e-02  -2.0125852e-04
  -4.7478666e-02   2.1724633e-01  -9.2666866e+00   2.0667718e-02   1.6558099e-02  -5.1015890e-03
  -1.9284069e-01   5.6617109e-01  -1.0286356e+01  -5.9332076e-02   7.7318161e-03   5.8863093e-03
   1.9456084e-03   2.1032969e-01  -2.9725538e+00  -7.8166047e-03   2.2935897e-02  -1.3672994e-03
  -7.2596354e-02   4.5532524e-01  -6.1202478e+00  -2.0374903e-02   1.5242936e-02  -2.6283545e-03
  -1.3431672e-01   4.1876269e-01  -9.8302232e+00  -6.7601254e-02   1.1286917e-02   5.7327407e-03
  -2.5324657e-02   2.6757337e-02  -4.1761395e+00  -4.9304757e-03   2.4207914e-02  -4.0182323e-03
  -6.4615058e-02  -8.1870717e-03  -4.0913471e+00   1.3962976e-03   2.3383000e-02  -2.6359318e-03
  -7.8835009e-02  -1.1065933e-01  -4.0621130e+00   3.8103351e-03   2.6300380e-02  -3.7433742e-03
  -6.8249653e-02  -8.1669911e-02  -3.9856536e+00   4.2573936e-03   2.5683513e-02  -3.0432162e-03
  -8.0405808e-03  -2.4309959e-02  -3.9957253e+00  -3.6062934e-03   2.4840060e-02  -3.4457293e-03
  -1.3536988e-02  -9.1048086e-02  -4.8552135e+00  -2.0401146e-02   2.9912210e-02  -3.8959786e-03
  -2.2759948e-02   1.0593810e-01  -3.9199602e+00  -1.1759829e-02   2.4418999e-02  -3.5510618e-03
  -4.5372298e-02   2.4559960e-01  -2.1254890e+00   1.3106482e-02   1.7316257e-02  -2.3507609e-03
  -3.6358138e-03   1.2604601e-01  -3.8540685e+00  -1.0552050e-02   1.9590668e-02  -1.1640956e-03
  -1.0135065e-01   1.6753599e-01  -4.2167490e+00  -1.0421698e-02   1.6845691e-02   1.0284735e-04
  -9.3709073e-02   1.4406792e-01  -4.3616499e+00  -1.0638985e-02   1.7683725e-02  -3.1670161e-04
  -8.9843260e-02   1.5774129e-01  -4.2703823e+00  -9.5168788e-03   1.6787871e-02  -2.2650020e-04
  -9.0025441e-02   1.5917322e-01  -4.2519212e+00  -1.0735487e-02   1.6590153e-02  -2.3989115e-04
  -7.6027274e-02   1.5878126e-01  -4.2354765e+00  -1.1040710e-02   1.6351619e-02  -4.4853835e-04
  -8.9030773e-02   1.5578312e-01  -4.4097817e+00  -1.1651968e-02   1.5704442e-02   2.8704257e-04
  -1.0666480e-01   1.7462068e-01  -4.4397543e+00  -1.3184833e-02   1.5759351e-02   1.1738949e-03
  -7.8113395e-02   1.8432998e-01  -4.4481497e+00  -1.3921561e-02   1.5474093e-02   5.6964233e-04
  -9.0945431e-02   1.0751116e-01  -4.5445872e+00  -1.9324385e-02   1.7739345e-02   1.0598954e-03
   1.4660475e-02   1.5857383e-01  -2.8333085e+00  -4.1986301e-03   2.4401676e-02   1.0181253e-03
   9.1537816e-03   1.9121788e-01  -2.9858961e+00  -7.4076146e-03   2.3332743e-02   6.1119944e-04
  -4.5087234e-02   7.7843937e-02  -4.1728807e+00  -1.1791950e-02   2.5221807e-02   2.1513943e-04
  -4.5602245e-02   1.7797385e-01  -4.2044471e+00  -1.3555385e-02   2.3387950e-02   1.1894566e-03
  -2.5500850e-02   1.4130396e-01  -4.0244907e+00  -1.2759904e-02   2.3294242e-02   5.9278859e-04
  -3.0913349e-02   1.8528033e-01  -4.0978886e+00  -1.3981852e-02   2.1830311e-02   1.2728499e-03
  -3.6876932e-03   1.7759527e-01  -4.0766618e+00  -1.4070359e-02   2.1706382e-02   7.0330695e-04
  -1.9312935e-02   1.8025937e-01  -4.0396479e+00  -1.3878378e-02   2.1765628e-02   6.4155833e-04
   3.5201179e-03   1.8048477e-01  -4.0318720e+00  -1.4670306e-02   2.1471594e-02   3.5169226e-04
   4.4593602e-03   1.7846698e-01  -4.0415109e+00  -1.4134236e-02   2.1044371e-02   1.9029724e-04
  -2.1773202e-02   1.9791917e-01  -4.1156864e+00  -1.4067295e-02   2.0945972e-02   8.6867658e-04
  -8.2373097e-03   1.7631507e-01  -4.1362012e+00  -1.3995138e-02   2.0215273e-02   5.7337538e-04
  -6.4891877e-03   1.7388136e-01  -4.1356030e+00  -1.5072093e-02   1.9762565e-02   7.8652365e-04
  -5.7424354e-03   1.8027022e-01  -4.0618794e+00  -1.2922939e-02   2.0521430e-02   1.3491113e-04
  -9.7042879e-03   1.7254787e-01  -4.0967356e+00  -1.4282249e-02   2.0093796e-02   3.1798747e-04
  -8.6788470e-03   1.6665793e-01  -4.1006546e+00  -1.4789297e-02   1.9389654e-02   1.9625472e-04
  -3.6143015e-02   1.1118269e-01  -4.0808316e+00  -1.3475938e-02   2.2169609e-02  -2.4476364e-04
  -1.8020961e-02   1.6594117e-01  -4.1462880e+00  -1.4034446e-02   2.0402353e-02   1.2023377e-04
  -4.0157984e-02   1.5386547e-01  -4.0175332e+00  -1.2665888e-02   2.0802706e-02   4.9911243e-04
  -3.3028717e-02   1.4237168e-01  -3.9186508e+00  -1.1333801e-02   2.1006142e-02   6.3015890e-06
  -5.2988085e-02  -5.5467937e-02  -3.8088692e+00  -7.0401006e-03   2.9666589e-02  -2.9072746e-03
  -5.3493905e-03   8.5702689e-02  -3.7626083e+00  -9.2181402e-03   2.0124301e-02  -1.6855150e-03
  -1.3735116e-02   1.7533226e-01  -3.8633895e+00  -1.0691623e-02   1.8128364e-02  -4.9737179e-04
  -2.1490457e-02   1.7845818e-01  -3.9781752e+00  -1.2329348e-02   1.8496453e-02  -2.1402104e-04
  -7.3976307e-04   1.7142396e-01  -3.9288834e+00  -1.1003919e-02   1.9230106e-02  -5.8674052e-04
  -7.1866791e-03   1.7710857e-01  -3.9386312e+00  -1.1528418e-02   1.8094781e-02  -5.3507664e-04
   1.0343941e-02   1.4391419e-01  -3.8945573e+00  -1.4232094e-02   1.9696622e-02  -4.8468586e-04
  -2.5071722e-02   1.2086297e-01  -4.0222382e+00  -1.3948371e-02   1.9184371e-02  -6.7221065e-04
  -9.2201446e-04   1.6203675e-01  -4.0315773e+00  -1.2976035e-02   1.8804182e-02  -6.1972206e-04
  -7.8839576e-03   1.8842970e-01  -4.0085694e+00  -1.2867857e-02   1.8738165e-02  -6.1347626e-04
  -6.7650374e-03   1.6808387e-01  -4.0163392e+00  -1.3815980e-02   1.8314901e-02  -5.6934133e-04
  -4.3862989e-03   1.5014796e-01  -4.0625451e+00  -1.3362099e-02   1.8238732e-02  -4.9559028e-04
  -1.9350185e-02   1.4048195e-01  -4.0237489e+00  -1.4164890e-02   2.0028540e-02  -5.3285318e-04
  -1.5052237e-02   1.6566910e-01  -4.0314979e+00  -1.0436295e-02   1.8701234e-02  -5.8230018e-04
  -3.4958228e-03   1.5690432e-01  -4.0198250e+00  -1.2139929e-02   1.8339947e-02  -8.1963395e-04
  -2.3647849e-02   1.6771396e-01  -3.9780674e+00  -1.1738202e-02   1.8283507e-02  -4.8176319e-04
  -3.5117166e-03   2.0327363e-01  -3.9458077e+00  -1.1303217e-02   1.7029986e-02   3.3564582e-04
  -4.2622891e-03   2.1369583e-01  -3.9853909e+00  -1.2257417e-02   1.7449308e-02   1.8516951e-04
  -1.3623083e-02   1.6083598e-01  -3.9787000e+00  -1.0886821e-02   1.9172407e-02  -1.0467956e-03
  -9.5215220e-03   2.0626256e-01  -4.0104312e+00  -1.2594366e-02   1.7806653e-02   2.2971996e-04
  -4.6610051e-03   1.6914158e-01  -4.0458438e+00  -1.2415308e-02   1.8033118e-02  -2.4734592e-04
  -9.0754971e-03   1.8380814e-01  -4.0493062e+00  -1.2162981e-02   1.7420521e-02  -2.6633477e-04
  -1.1199539e-03   1.5947546e-01  -4.0783900e+00  -1.2997542e-02   1.7839745e-02  -4.3616428e-04
  -2.1412029e-02   1.8546941e-01  -4.0719051e+00  -1.2186853e-02   1.7688563e-02  -6.4365815e-05
  -8.9076668e-03   1.9868548e-01  -4.0709063e+00  -1.2342835e-02   1.7831728e-02   3.1773360e-05
  -6.0697811e-03   1.7721816e-01  -4.0544845e+00  -1.2571727e-02   1.7250129e-02  -9.8819250e-05
  -1.4521915e-02   1.6792590e-01  -4.1005696e+00  -1.2780864e-02   1.7676228e-02  -4.1125274e-04
