   0.0000000e+00   0.0000000e+00   0.0000000e+00   0.0000000e+00   0.0000000e+00   0.0000000e+00
  -4.3983174e-03  -5.8331655e-02   1.0024335e-01   4.8726053e-04   1.4963832e-03  -2.3882035e-04
  -2.1459003e-02  -7.3489316e-02   4.4950276e-01   4.8771213e-03   2.7938625e-03  -5.1975350e-04
   1.3024340e-02  -2.0341275e-02   7.5535623e-02   2.3536122e-03   1.0382382e-03  -1.4032564e-04
  -9.4759423e-03  -8.3197520e-02   1.9812984e-01   2.9014289e-03   1.7287748e-03  -4.9235208e-04
   1.8206765e-04  -3.6598864e-02  -8.2324163e-02   3.6652263e-03   2.2351218e-03  -3.9949138e-04
   1.0062699e-02  -1.3881570e-02  -2.7173463e-01   3.8681233e-04   7.0020907e-04  -1.5938777e-04
   2.3953581e-02   4.6538269e-02  -3.7038812e-01  -2.4430075e-03   2.2505436e-06  -1.8624875e-04
   1.7701025e-02   2.3667017e-03  -3.7811145e-01  -6.3288984e-03   8.1354269e-04  -4.3314027e-05
   1.8565591e-02   1.7014458e-02  -2.4483865e-01  -4.1925658e-04   1.7979748e-03  -1.8734386e-04
   1.6626899e-02   4.4808875e-02  -3.2742614e-01  -3.1910412e-03   1.6577819e-03  -2.1664198e-04
   3.7555941e-05  -2.2936154e-03  -4.1341691e-01  -2.5578294e-03   1.1363407e-03   3.3652761e-04
  -1.5483948e-02   5.0789882e-02  -3.0380587e-01  -4.4277797e-03   1.7368629e-03   5.8634255e-05
   3.3504078e-03   5.6717299e-02  -2.6273688e-01  -1.9241550e-03   9.7356938e-04   6.9006194e-04
  -1.2041513e-02   7.5980740e-03   3.2414216e-02   3.2794135e-03   2.4003789e-03   5.7011921e-04
   3.2482326e-02   1.5345608e-02   1.6986517e-03  -9.7835263e-03  -7.0849864e-04   2.5089184e-03
   5.7274045e-03   1.0113024e-01   4.6776103e-01  -3.8207997e-03  -1.2291182e-03   3.2700611e-03
  -3.2925991e-02   1.4933051e-01   1.3007882e-01  -8.4794560e-03  -6.8375491e-04   4.3303232e-03
  -1.2947124e-01   9.2005169e-02   1.9787046e-01  -1.1855345e-02   1.8735686e-03   6.3747365e-03
  -1.1512494e-01   1.2854816e-01   1.1403610e-01  -8.6909303e-03  -3.3760916e-03   6.2827763e-03
  -2.6826068e-02   1.7362763e-01   4.8105380e-01  -1.0277631e-02  -1.9098350e-03   5.2975868e-03
  -9.4531117e-02   2.0707099e-01   3.2558255e-01  -1.1585488e-03  -2.7730720e-03   5.6739803e-03
  -1.2239510e-01   2.8814909e-01  -3.6119656e-01  -1.4979582e-02  -3.4153236e-03   8.7645754e-03
  -1.2779093e-01   2.8803642e-01  -2.6281886e-01  -1.5261681e-02  -6.3567274e-04   8.0743548e-03
  -1.0197061e-01   2.9141700e-01  -4.6854234e-01  -1.5816578e-02  -2.9157710e-03   8.2990068e-03
  -6.5779267e-02   2.2536926e-01  -3.4190593e-01  -1.4510909e-02  -9.0027177e-04   6.8964338e-03
  -7.9428546e-02   2.0574027e-01   3.3567205e-01  -1.8862860e-02   1.0972794e-03   5.4680057e-03
  -7.0016817e-02   1.1789013e-01   8.2572755e-01  -7.1553614e-03   5.2763742e-04   4.8345341e-03
  -7.0154293e-02   2.1735221e-01  -1.7727017e-01  -1.9815548e-02   1.3289358e-03   6.2249771e-03
  -8.1291341e-02   1.2676521e-01   3.6559656e-01  -5.3787027e-03  -2.3798326e-03   5.7188401e-03
  -1.4941653e-01   3.0894887e-01  -4.7588229e-01  -1.8722410e-02  -4.3331099e-03   9.0707037e-03
  -1.4477683e-01   2.9213637e-01  -6.5777023e-01  -1.7969698e-02  -3.9606833e-03   9.0013264e-03
  -1.1873897e-01   2.9314668e-01  -8.0576123e-01  -1.9256963e-02  -4.6479290e-03   8.7343244e-03
  -8.9051684e-02   7.1905984e-02   9.9779300e-02  -1.1358004e-02   3.9590618e-03   4.4677423e-03
  -2.7954656e-02   6.0145496e-02   1.1190504e-01  -7.6494459e-03   3.6965135e-03   2.4827045e-03
  -3.2182718e-02   4.9622524e-02   5.6552037e-02  -6.4689016e-03   2.4888658e-03   3.7999771e-03
  -5.9303001e-02   3.1313109e-02  -1.2422714e-01  -7.8822430e-03   2.2270993e-03   4.0173120e-03
  -5.0566483e-02   7.3317036e-02  -3.3347791e-01  -9.0489985e-03   1.6259613e-03   4.4007602e-03
  -6.0547338e-02   5.7518973e-02  -5.8403832e-01  -1.1142663e-02   1.5609805e-03   3.6185667e-03
  -2.8049113e-02  -7.0616145e-02  -1.6897544e+00  -1.6938970e-02  -1.0564878e-03   4.2756120e-03
  -1.8100298e-01   3.6352876e-01  -1.9638092e+00  -3.0582115e-02   2.1313478e-03   5.1311190e-03
  -5.0986468e-02   1.9405795e-01  -1.5464571e+00  -1.7204278e-02  -1.0601031e-03   4.8987639e-03
  -8.5668025e-02   2.2903625e-01  -3.8835447e+00  -2.2661636e-02  -1.2241816e-03   5.2395263e-03
  -1.1380700e-01   2.3780793e-01  -4.1939381e+00  -2.3281173e-02  -4.9125969e-03   6.1915736e-03
  -1.0377284e-01   2.5072768e-01  -4.3840036e+00  -2.4865088e-02  -4.8499995e-03   5.9743896e-03
  -9.8537307e-02   2.4522107e-01  -4.4844714e+00  -2.5592564e-02  -5.2944554e-03   5.8122217e-03
  -8.8191440e-02   2.3614348e-01  -4.5292460e+00  -2.6534699e-02  -5.5150581e-03   5.6644583e-03
  -1.0557828e-01   2.6585376e-01  -4.5473611e+00  -2.6859426e-02  -4.6877372e-03   5.5362350e-03
  -9.9917905e-02   2.8232087e-01  -4.5883451e+00  -2.7175299e-02  -5.1413411e-03   6.0022334e-03
  -8.7886806e-02   2.8443927e-01  -4.5859069e+00  -2.7742618e-02  -4.8276737e-03   5.8355315e-03
  -1.0765055e-01   2.6979483e-01  -3.5207967e+00  -3.0872025e-02  -1.5666164e-03   4.7746738e-03
  -1.2872640e-01   2.1988357e-01  -3.3861199e+00  -2.5376575e-02   5.4950505e-04   5.5421688e-03
  -1.3578930e-01   2.1449668e-01  -3.5905582e+00  -2.7411829e-02  -1.9498669e-04   5.7587509e-03
  -1.2335989e-01   2.8245793e-01  -3.8218153e+00  -2.6938799e-02  -2.7273737e-04   5.7882747e-03
  -1.0757405e-01   2.9599266e-01  -3.8690958e+00  -2.9626814e-02  -2.1699246e-04   5.7039682e-03
  -1.3181056e-01   2.7588772e-01  -3.7564047e+00  -2.5880948e-02   9.8997872e-04   5.7599271e-03
  -1.2689751e-01   2.7350698e-01  -3.8752806e+00  -2.7463127e-02   9.3510199e-04   5.5187944e-03
  -9.9728429e-02   2.9203678e-01  -3.8306426e+00  -2.7926826e-02   3.3412868e-04   5.3441331e-03
  -1.5827392e-01   3.4922666e-01  -2.6830670e+00  -3.9410622e-02   3.9898488e-03   5.1544694e-03
  -1.0969259e-01   1.5252918e-01  -2.0249176e+00  -2.0563594e-02   4.1086496e-03   3.6021289e-03
  -6.3911595e-02   1.2403559e-01  -1.9111489e+00  -1.9212756e-02   2.8470475e-03   3.4555216e-03
  -5.5166987e-02   1.2002233e-01  -1.8547237e+00  -1.9324701e-02   2.9621205e-03   3.1744910e-03
  -7.6445550e-02   1.3115148e-01  -1.8146297e+00  -2.1401013e-02  -2.3831482e-04   4.9179265e-03
  -9.4148863e-02   1.4460022e-01  -1.7735448e+00  -2.1433062e-02   5.8338306e-04   5.3044776e-03
  -8.5888834e-02   1.4442561e-01  -2.0692651e+00  -2.2770035e-02  -8.7712103e-04   5.3838184e-03
  -7.5894391e-02   1.7919742e-01  -2.0558870e+00  -2.3593327e-02  -1.5068027e-03   5.4506073e-03
  -7.8212620e-02   1.8247190e-01  -2.0973233e+00  -2.3414900e-02  -1.7399258e-03   5.4699290e-03
  -7.1892648e-02   1.3381430e-01  -2.2487318e+00  -2.2713589e-02  -9.3998606e-04   4.9331957e-03
  -6.2258707e-02   1.9451013e-01  -2.2249945e+00  -2.4232137e-02  -1.9376909e-03   5.2284411e-03
  -7.9242318e-02   2.0742328e-01  -2.2186249e+00  -2.4255338e-02  -1.5910840e-03   5.3784838e-03
  -7.1573321e-02   2.2879786e-01  -2.2316847e+00  -2.4077482e-02  -1.4619726e-03   5.4082889e-03
  -7.1282031e-02   2.3015489e-01  -2.2671030e+00  -2.4818104e-02  -2.2311329e-03   5.6210307e-03
  -5.4729412e-02   2.2753278e-01  -2.2900875e+00  -2.4489496e-02  -2.7145548e-03   5.6589685e-03
  -2.6631359e-02   2.6052523e-01  -2.3748374e+00  -2.4858061e-02  -3.9151088e-03   5.1689693e-03
  -2.1700512e-02   2.1040799e-01  -2.3028495e+00  -2.4899529e-02  -3.5912484e-03   4.7494804e-03
  -1.5086417e-01   1.5392117e-01  -2.1486173e+00  -2.7408160e-02   1.3262960e-03   5.9885385e-03
  -1.4283278e-01   1.5708784e-01  -2.3182365e+00  -1.9227130e-02   2.8531250e-03   5.3840958e-03
  -9.9307261e-02   2.6628634e-01  -2.8362904e+00  -2.6276412e-02  -9.8859299e-04   5.7925240e-03
  -9.6172009e-02   2.7731524e-01  -2.9065109e+00  -2.7737506e-02  -1.6102190e-03   5.8473681e-03
  -7.6061775e-02   2.7549105e-01  -2.9830993e+00  -2.9224362e-02  -2.2876181e-03   5.7596880e-03
  -5.3284779e-02   2.4152627e-01  -3.0810602e+00  -3.2379576e-02  -4.2460516e-03   5.2712030e-03
  -5.1500944e-02   1.4282618e-01  -2.6428622e+00  -1.9114537e-02  -2.0739985e-03   3.5945662e-03
  -8.1652887e-02   1.9066873e-01  -2.8525648e+00  -2.2660316e-02  -2.2832058e-03   4.4280714e-03
  -6.2492691e-02   1.9527191e-01  -2.9416491e+00  -2.5165680e-02  -2.1506873e-03   4.3255716e-03
  -5.6298282e-02   1.9958159e-01  -2.9037078e+00  -2.5133799e-02  -2.3324474e-03   4.3676900e-03
  -6.4399905e-02   2.2897614e-01  -2.9109286e+00  -2.5529336e-02  -2.9516267e-03   4.1561499e-03
  -3.5186655e-02   1.8412611e-01  -2.6896975e+00  -2.0555229e-02  -5.8734896e-03   4.8382109e-03
  -6.5183562e-02   2.7949743e-01  -2.9883823e+00  -2.6830360e-02  -5.6149653e-03   5.6025986e-03
  -6.9640598e-02   2.8505728e-01  -3.0183232e+00  -2.8586079e-02  -4.8857179e-03   5.4204179e-03
  -7.1254288e-02   2.6371724e-01  -3.0247451e+00  -2.7792723e-02  -4.6951541e-03   5.5249896e-03
  -6.2320682e-02   3.0659893e-01  -3.0690166e+00  -2.8608234e-02  -5.2784052e-03   5.5570253e-03
  -7.5805103e-02   3.3229005e-01  -3.0793446e+00  -2.9420976e-02  -4.7745322e-03   5.7353932e-03
  -7.1051951e-02   2.8096296e-01  -3.0795830e+00  -2.9252170e-02  -5.0535320e-03   5.4645311e-03
  -7.4217632e-02   2.8272804e-01  -3.1503835e+00  -2.8425088e-02  -4.8950119e-03   5.2442883e-03
  -7.1022543e-02   2.9069200e-01  -3.0825365e+00  -2.8645487e-02  -5.0234176e-03   5.5698929e-03
  -6.3491275e-02   3.2195234e-01  -3.1089559e+00  -2.9576695e-02  -5.1250764e-03   5.4804514e-03
  -1.4930894e-01   1.4708876e-01  -2.6620851e+00  -2.7528198e-02  -1.4330332e-03   5.0646028e-03
  -4.9549396e-02   1.1024492e-01  -2.4838840e+00  -7.9774750e-03  -4.8208668e-03   4.2838844e-03
   3.6100032e-02   9.4939178e-02  -3.3379341e+00  -1.5602291e-02  -1.0057924e-02   4.5544616e-03
   1.5513617e-02   1.6396686e-01  -3.5840484e+00  -1.8859592e-02  -1.0979692e-02   5.2001146e-03
  -1.0351009e-02   1.4450430e-01  -3.6854205e+00  -2.0557431e-02  -1.0756639e-02   5.4310548e-03
  -1.0518754e-02   1.7344645e-01  -3.7236291e+00  -2.1659080e-02  -1.0740047e-02   5.5768291e-03
  -2.0530456e-02   1.4437548e-01  -3.7448891e+00  -2.3769576e-02  -7.8127838e-03   4.5529818e-03
  -7.5154779e-02  -8.0348360e-03  -2.4978293e+00  -1.0222836e-02  -6.3165370e-03   5.0318649e-03
  -5.7427076e-02   8.0639323e-02  -2.9353372e+00  -1.4765110e-02  -7.8068322e-03   5.2028666e-03
  -5.4425892e-02   1.1144371e-01  -3.0154791e+00  -1.6209213e-02  -8.4752808e-03   5.1733346e-03
  -3.6985093e-02   6.5560350e-02  -3.0476676e+00  -1.6063286e-02  -8.2209697e-03   4.9445693e-03
  -4.5993092e-02   1.2355475e-01  -3.0698458e+00  -1.7258921e-02  -8.2383200e-03   5.1807445e-03
  -4.7142164e-02   9.3394345e-02  -3.0961266e+00  -1.6759653e-02  -8.6274285e-03   5.2952458e-03
  -5.3240565e-02   9.7995419e-02  -3.1707680e+00  -1.8857492e-02  -7.8548123e-03   5.0127232e-03
  -5.6951520e-02   1.1616158e-01  -3.0847425e+00  -1.6789332e-02  -9.4888766e-03   5.6616262e-03
  -3.2424571e-02   9.9269378e-02  -3.0853428e+00  -1.7871238e-02  -9.3054401e-03   5.1664775e-03
  -4.5140101e-02   1.0887401e-01  -3.0997208e+00  -1.7818433e-02  -9.0662738e-03   5.4198940e-03
  -5.0464648e-02   4.1626196e-02  -3.1193258e+00  -2.0914503e-02  -6.3130369e-03   3.5719875e-03
  -3.9475445e-02  -2.1762761e-02  -2.8477209e+00  -7.4819817e-03  -7.7736136e-03   3.9986972e-03
  -2.0813723e-02   7.1758137e-02  -3.1128636e+00  -1.2978287e-02  -8.5780858e-03   4.0978052e-03
  -1.2124132e-02  -8.4874473e-03  -3.0003774e+00  -1.2519745e-02  -8.4247561e-03   3.8626299e-03
  -1.0393040e-02   4.3389202e-02  -3.0894580e+00  -1.4990423e-02  -8.2706314e-03   3.5680748e-03
   2.6989222e-02  -9.6174328e-02  -2.6110986e+00  -7.1409080e-03  -8.4536975e-03   2.3229028e-03
   4.2370053e-02  -5.6384120e-02  -2.9360347e+00  -9.4793960e-03  -7.9395455e-03   2.2385153e-03
  -9.1025536e-03  -1.4048571e-01  -2.5628131e+00  -3.7081764e-03  -5.1007490e-03   1.4254968e-03
  -4.1705029e-03  -3.2746129e-02  -3.1485959e+00  -1.1153458e-02  -7.4819392e-03   2.5210655e-03
   4.4846607e-03  -9.9223152e-03  -3.1141473e+00  -1.2632560e-02  -8.0740182e-03   2.8672064e-03
   1.5268560e-02   2.8136711e-02  -3.1675055e+00  -1.4575450e-02  -8.4432412e-03   3.0635285e-03
   6.7306094e-03   6.3003389e-02  -3.1748809e+00  -1.4880801e-02  -8.0507649e-03   3.3029510e-03
   7.2932380e-03   2.8654769e-02  -3.1507195e+00  -1.4845616e-02  -8.0751968e-03   3.4143016e-03
  -2.2962993e-04   7.9281848e-02  -3.1842212e+00  -1.6762774e-02  -7.1214398e-03   3.1624307e-03
   1.5199976e-02   8.6535349e-02  -3.0897577e+00  -1.5595167e-02  -7.6226316e-03   3.0794019e-03
   1.7170168e-02   8.8276974e-02  -3.1678438e+00  -1.6537811e-02  -7.7076922e-03   3.0561757e-03
   2.8545860e-03   4.3793008e-02  -3.1829996e+00  -1.5724960e-02  -8.0836201e-03   3.4447816e-03
  -3.0060763e-02   3.3488618e-02  -2.9179005e+00  -1.3388512e-02  -5.8643606e-03   2.1726720e-03
   1.8049363e-02  -4.4577110e-02  -3.1125125e+00  -8.8783994e-03  -7.7336299e-03   2.1848652e-03
  -8.2684901e-03   3.5607830e-02  -3.2688998e+00  -1.4840211e-02  -7.0132969e-03   2.7379958e-03
   1.9753519e-02  -1.5091269e-01  -2.8292110e+00  -3.6118898e-03  -1.0377186e-02   2.0839545e-03
   1.9074597e-02  -5.8588711e-02  -3.1451308e+00  -1.1466540e-02  -1.0272856e-02   2.3199400e-03
   1.2548940e-02   3.2786352e-02  -3.2648141e+00  -1.3214317e-02  -9.7059343e-03   2.3922160e-03
   7.0578328e-03   1.2451556e-02  -3.2678152e+00  -1.3993008e-02  -1.0010333e-02   2.9633374e-03
   7.5642245e-03   1.7120746e-02  -3.2576063e+00  -1.4519576e-02  -9.7149045e-03   2.7952585e-03
  -1.4861291e-02  -2.9675084e-04  -3.1719164e+00  -1.2780543e-02  -8.7281404e-03   2.6351078e-03
   5.0195898e-03   3.5091711e-02  -3.2453824e+00  -1.6681673e-02  -7.8488792e-03   1.0880235e-03
   1.1852272e-02  -1.2111848e-01  -2.6432301e+00  -2.8444546e-03  -7.4996451e-03   1.5198544e-03
   9.5228542e-03  -2.6616120e-02  -2.9813978e+00  -8.2055619e-03  -7.4157294e-03   1.8707489e-03
   1.3353799e-02  -5.9663786e-02  -2.9683496e+00  -9.0541891e-03  -6.3148646e-03   1.8786379e-03
   1.5850690e-02  -2.7704775e-02  -3.0542725e+00  -9.8535581e-03  -6.4135903e-03   1.6655976e-03
   2.5916298e-02  -5.3710029e-02  -3.0493702e+00  -1.0658317e-02  -7.5631140e-03   1.9934944e-03
   2.8003704e-02  -6.6877181e-02  -3.0124331e+00  -1.0621586e-02  -7.3867252e-03   1.7205856e-03
   1.5793554e-02  -3.4482320e-02  -2.9875833e+00  -1.1535882e-02  -6.6291575e-03   2.1571795e-03
   9.0732144e-03  -3.5103503e-03  -3.0179935e+00  -1.1817008e-02  -6.6091907e-03   2.1986849e-03
   1.8222076e-02  -1.9127036e-03  -3.0047536e+00  -1.2461910e-02  -6.8979370e-03   2.1235764e-03
   2.2824096e-02  -9.9982375e-03  -2.9787540e+00  -1.2048458e-02  -6.9268550e-03   2.0410275e-03
   2.2596579e-02   2.9010282e-02  -2.9731825e+00  -1.1810798e-02  -6.8559629e-03   1.9546501e-03
   7.7822282e-03   3.1218671e-02  -3.0002278e+00  -1.2338240e-02  -6.3536070e-03   2.1400461e-03
   1.1751687e-02   5.0305760e-02  -3.0356853e+00  -1.3214591e-02  -6.9836110e-03   2.2126748e-03
   1.7694306e-02   3.2685988e-02  -3.0500536e+00  -1.3722214e-02  -6.7929133e-03   2.2423470e-03
   1.3331511e-02   4.2298020e-02  -3.0809927e+00  -1.2951658e-02  -6.8651054e-03   2.2968200e-03
   4.2147919e-02  -2.5200494e-02  -3.0134201e+00  -1.7696328e-02  -9.3904585e-03   2.7486259e-03
   1.4607813e-02   6.8519881e-03  -3.0753054e+00  -1.2047962e-02  -1.2062865e-02   3.5468000e-03
   1.4145092e-02  -1.7674823e-02  -3.2163772e+00  -1.3687498e-02  -1.1732832e-02   3.6519394e-03
  -4.6518573e-02   9.3466315e-03  -3.2324572e+00  -1.5087105e-02  -9.2877678e-03   3.8522605e-03
  -3.1179662e-02  -2.4415848e-02  -3.3018042e+00  -1.2475915e-02  -1.0446213e-02   3.8255554e-03
  -3.0807619e-02  -3.7181219e-02  -3.3705115e+00  -1.3140084e-02  -1.0788950e-02   3.8778432e-03
  -3.0841662e-02   7.9524909e-02  -3.4442440e+00  -1.5348324e-02  -1.0679127e-02   3.9386388e-03
  -1.0653644e-02  -3.2623086e-03  -3.3147573e+00  -1.3782740e-02  -1.1421474e-02   3.6758360e-03
  -6.9798565e-02  -3.8057264e-02  -2.7775449e+00  -9.3202020e-03  -5.0911372e-03   2.5151631e-03
  -1.3670129e-02  -5.7511011e-02  -3.0868515e+00  -7.4168644e-03  -6.5155577e-03   2.7787186e-03
  -3.2706162e-02  -2.4653620e-02  -3.2581260e+00  -1.4804957e-02  -4.9956199e-03   2.4122927e-03
  -1.6969008e-02  -1.6100689e-01  -3.0250394e+00  -1.6055588e-03  -6.5723918e-03   2.7874795e-03
  -2.6359479e-02  -8.0673876e-02  -3.4082976e+00  -8.9778864e-03  -7.9146370e-03   3.1196732e-03
  -2.3738184e-02  -3.9584711e-02  -3.3829367e+00  -1.0465726e-02  -8.3719497e-03   3.3982234e-03
  -1.6012643e-02  -2.9101298e-02  -3.3691674e+00  -1.1593104e-02  -8.7783260e-03   3.6761804e-03
  -1.5672940e-02   1.7612056e-02  -3.4296129e+00  -1.2986291e-02  -8.5700721e-03   3.6343877e-03
  -2.8221941e-02  -3.3097888e-02  -3.3535782e+00  -1.1577735e-02  -8.6042855e-03   3.8418666e-03
  -3.0188246e-02   1.9323582e-03  -3.3456737e+00  -1.1765707e-02  -8.4260580e-03   3.8758840e-03
  -2.9217589e-02   1.8863497e-02  -3.3527643e+00  -1.2805552e-02  -8.7079504e-03   3.8831576e-03
  -4.2198791e-02   4.3134347e-02  -3.3820200e+00  -1.2939552e-02  -8.4848768e-03   4.0322548e-03
  -3.4457380e-02   3.1865667e-02  -3.3651711e+00  -1.2610955e-02  -8.0973803e-03   3.9094361e-03
  -4.3914343e-02   3.7247778e-02  -3.3484151e+00  -1.2370457e-02  -7.8977691e-03   4.0596854e-03
  -4.0158054e-02   5.3367228e-02  -3.3646810e+00  -1.3854735e-02  -8.1553975e-03   4.0102743e-03
  -4.4220626e-02   7.6524900e-03  -3.3015489e+00  -1.5429718e-02  -6.8182074e-03   3.3251417e-03
  -4.4532405e-02  -1.2040957e-01  -2.7796903e+00  -4.1431849e-03  -5.1225423e-03   2.6943612e-03
  -5.3080807e-02  -1.1673568e-01  -2.8969058e+00  -4.4601591e-03  -5.3384400e-03   2.6396653e-03
  -8.9415731e-02  -1.2426948e-01  -2.9066100e+00  -6.9241825e-03  -3.7315681e-03   2.3852625e-03
  -4.9889912e-02  -1.0335631e-01  -2.8829314e+00  -6.5145014e-03  -4.9414689e-03   2.7124323e-03
  -5.8355598e-02  -8.8698513e-02  -2.9334835e+00  -8.4400354e-03  -5.8123134e-03   3.0170985e-03
  -1.1595799e-01  -1.9074964e-01  -2.9565546e+00  -1.3033139e-02  -3.5678792e-03   2.5893093e-03
  -1.1649392e-02  -1.7902948e-01  -2.7294335e+00  -1.5741709e-03  -3.3701271e-03   1.1428026e-03
  -1.7440090e-02  -1.5195025e-01  -2.8672132e+00  -4.6146193e-03  -3.4336402e-03   1.2278495e-03
  -1.2461740e-02  -7.5291255e-02  -2.8813811e+00  -8.6013810e-03  -3.5116696e-03   9.2411815e-04
  -2.3956071e-02  -1.4097960e-01  -2.3677345e+00  -7.5667375e-06  -4.1242043e-03   2.1005077e-03
  -3.5112134e-02  -1.8191846e-01  -2.3545207e+00   1.6279608e-03  -4.6636479e-03   1.7253474e-03
  -1.7835908e-02  -1.2020586e-01  -2.8528323e+00  -5.4142115e-03  -4.2964997e-03   1.5467421e-03
   2.4706091e-03  -1.3561785e-01  -2.7409002e+00  -5.3036584e-03  -4.6907254e-03   1.8714284e-03
   2.0688190e-03  -1.0142899e-01  -2.7613859e+00  -6.2314029e-03  -4.0372988e-03   1.4292110e-03
   2.2571583e-03  -1.2050179e-01  -2.7384755e+00  -5.9127898e-03  -3.5997293e-03   1.6261862e-03
   1.7892772e-02  -3.4946261e-02  -2.7878702e+00  -7.4035281e-03  -3.8273165e-03   1.4577868e-03
  -8.6812374e-02  -2.2154565e-01  -2.6781127e+00  -9.4410994e-03   1.4358048e-04   1.5152322e-03
  -3.2431807e-02  -1.0369492e-01  -2.9064825e+00  -3.1477158e-03  -1.9386349e-03   1.6670972e-03
  -4.0004677e-02  -1.0383450e-01  -3.1127802e+00  -6.3251455e-03  -2.3822354e-03   1.9910961e-03
  -4.1355841e-02  -7.8507095e-02  -3.1321169e+00  -8.1091465e-03  -2.4412955e-03   2.0178383e-03
  -4.2587046e-02  -7.9333399e-02  -3.1491349e+00  -7.9786689e-03  -2.0770677e-03   1.8115800e-03
  -3.0217333e-02  -2.5193694e-01  -2.8051364e+00  -1.0649562e-03  -5.6244135e-03   2.3662847e-03
  -9.2523844e-04  -8.1444058e-02  -2.9254302e+00  -7.0815888e-03  -6.0898436e-03   2.2246810e-03
   5.5324620e-03  -1.7342398e-01  -3.0201880e+00  -7.8475166e-03  -4.6662437e-03   1.3973577e-03
  -1.4104061e-02  -1.1425274e-01  -2.9176428e+00  -4.7665280e-03  -9.7617409e-03   2.3109655e-03
  -1.0789842e-02  -1.0344435e-01  -3.0646636e+00  -7.7923037e-03  -9.2340798e-03   2.0850204e-03
  -3.9965253e-02  -2.1785766e-01  -2.5043291e+00   1.1756344e-03  -6.2966074e-03   1.7713008e-03
  -4.1308623e-02  -9.4352536e-02  -2.9759420e+00  -6.2612857e-03  -6.4924358e-03   2.1650933e-03
  -4.9165899e-02  -1.1026539e-01  -2.9735147e+00  -6.6856738e-03  -6.1721147e-03   2.0870402e-03
  -3.5458947e-02  -9.0060666e-02  -3.0658850e+00  -7.7418456e-03  -6.0673750e-03   1.9683278e-03
  -8.7179394e-02  -1.3712873e-01  -2.8319556e+00  -6.9912289e-03  -5.2330971e-03   2.0061841e-03
  -4.7146290e-03  -1.4132957e-01  -2.9895002e+00  -2.5484077e-03  -5.6992159e-03   1.3402383e-03
  -2.9879821e-02  -9.7520944e-02  -3.0508238e+00  -5.1595785e-03  -6.1978773e-03   1.9447903e-03
  -5.0561525e-03  -5.7167858e-02  -3.0841061e+00  -6.0143371e-03  -5.8212421e-03   1.5991643e-03
  -8.9516796e-03  -6.8250665e-02  -3.0425968e+00  -6.4955899e-03  -6.1100425e-03   1.6149598e-03
  -3.8678169e-02  -7.8743357e-02  -3.1189131e+00  -9.3574566e-03  -5.1505250e-03   2.3576217e-03
  -4.4680766e-02  -5.6545723e-02  -2.9530405e+00  -6.8456795e-03  -8.4481795e-03   2.0867776e-03
  -4.5205774e-02  -8.3715219e-02  -2.8964343e+00  -9.2575175e-03  -5.3702483e-03   1.3394473e-03
  -4.9075438e-02  -4.2976676e-02  -2.8168513e+00  -6.7387768e-03  -7.4388119e-03   1.9354707e-03
  -4.7359843e-02  -3.4171699e-02  -2.9247854e+00  -8.2080804e-03  -6.2466325e-03   1.5844430e-03
  -5.2334404e-02  -3.6998537e-02  -3.0272056e+00  -8.1078208e-03  -6.9061871e-03   2.1882433e-03
  -3.6199675e-02   5.3057146e-03  -3.0930027e+00  -9.3856044e-03  -7.7938833e-03   2.1450824e-03
  -7.8652094e-02  -2.0893350e-02  -2.6819609e+00  -1.3137753e-02  -4.5827750e-03   1.6364790e-03
  -5.9422426e-02  -5.6133475e-02  -2.5650383e+00  -5.9556216e-03  -7.0077298e-03   1.6968993e-03
  -3.4298622e-02  -4.9407319e-02  -2.5922164e+00  -5.8707867e-03  -7.5001475e-03   1.6632066e-03
  -3.9695240e-02  -8.2669515e-02  -2.7155193e+00  -7.3859253e-03  -7.7437536e-03   1.6211885e-03
  -2.7727154e-02  -7.5413872e-02  -2.7795812e+00  -7.5541899e-03  -7.6143858e-03   1.5442366e-03
  -4.5043200e-02  -2.2670827e-01  -2.4894058e+00  -2.7022277e-04  -6.2998570e-03   1.2681930e-03
  -5.6691548e-02  -1.0004669e-01  -2.8092822e+00  -5.5022807e-03  -6.1799879e-03   1.6078705e-03
  -9.3156876e-02  -7.2749037e-02  -2.4697461e+00  -5.0352960e-03  -6.0225257e-03   1.7359631e-03
  -2.8473192e-02  -1.0954399e-01  -2.7135401e+00  -3.1771107e-03  -3.5967456e-03   2.3966046e-04
  -6.0262009e-02  -1.2346721e-01  -2.5061414e+00  -1.6041010e-03  -5.2479391e-03   1.5063958e-03
  -5.9202403e-02  -8.2174778e-02  -2.5477833e+00  -4.6823713e-03  -5.6770094e-03   1.3307597e-03
  -7.8465605e-02  -1.0713614e-01  -2.7435869e+00  -7.4654223e-03  -4.2720588e-03   5.5151701e-04
  -5.9849708e-02  -1.2735866e-01  -2.6419135e+00  -1.6379041e-03  -5.4724903e-03   1.3442557e-03
  -4.2052213e-02  -5.9106916e-02  -2.9285711e+00  -6.5467887e-03  -5.4351905e-03   1.4369088e-03
  -4.3992887e-02  -2.9505515e-02  -2.9234579e+00  -7.5862066e-03  -6.3130109e-03   1.4103768e-03
  -9.6975990e-02  -1.3609837e-01  -2.5648436e+00   1.1625555e-03  -6.1576694e-03   1.3005136e-03
  -7.0882096e-02  -7.2489131e-02  -3.0042808e+00  -3.9961231e-03  -6.4305794e-03   1.7618146e-03
  -7.1595826e-02  -9.2095518e-02  -3.0317149e+00  -5.5160090e-03  -6.7860959e-03   1.7475622e-03
  -4.8321309e-02  -6.9773318e-02  -2.9476300e+00  -6.0572529e-03  -6.2825804e-03   1.4738273e-03
  -4.7268486e-02  -6.8276438e-02  -2.9903821e+00  -7.1733251e-03  -6.1584190e-03   1.4811424e-03
  -5.8020044e-02  -6.4611499e-02  -3.0196507e+00  -7.7703112e-03  -6.0612291e-03   1.6422261e-03
  -6.4291879e-02  -1.1001709e-01  -2.5108357e+00  -3.0645159e-03  -3.0926488e-03   7.7020489e-04
  -7.0843503e-02  -9.0780110e-02  -2.7248574e+00  -5.0159966e-03  -5.5110653e-03   1.5797341e-03
  -5.8077502e-02  -7.1003826e-02  -2.7090371e+00  -6.3250748e-03  -5.4929723e-03   1.3503970e-03
  -6.8937241e-02  -1.6033351e-02  -2.6998007e+00  -7.0054921e-03  -5.2561571e-03   1.6266237e-03
  -6.4201414e-02  -3.9617369e-02  -2.7299403e+00  -6.7739778e-03  -5.4891475e-03   1.7679783e-03
  -7.1684611e-02  -2.6249310e-02  -2.7592225e+00  -7.9035525e-03  -5.1800473e-03   1.7355953e-03
  -7.1699677e-02  -4.3148763e-02  -2.7555119e+00  -7.5571994e-03  -4.8892840e-03   1.5294740e-03
  -5.9726370e-02  -4.0687319e-02  -2.7936873e+00  -7.8813778e-03  -4.9411005e-03   1.4861183e-03
  -8.6852833e-02  -2.0316611e-02  -2.8767120e+00  -8.5038192e-03  -4.7489082e-03   1.7025037e-03
  -8.9103899e-02  -2.0703002e-02  -2.8992919e+00  -8.6530685e-03  -5.0540503e-03   1.8885172e-03
  -8.3498061e-02  -2.4121677e-02  -2.8830328e+00  -8.7702343e-03  -4.9954016e-03   1.8292255e-03
  -7.7760109e-02  -4.0415951e-03  -2.9547204e+00  -1.1152814e-02  -5.1994972e-03   1.8043427e-03
  -7.9349205e-02  -4.1361080e-02  -2.7750208e+00  -7.2288187e-03  -3.8255145e-03   1.5856339e-03
  -9.1981415e-02  -5.2313301e-02  -2.8304497e+00  -7.4242022e-03  -2.3048114e-03   1.1455466e-03
  -1.0633175e-01  -5.0933091e-02  -2.5668480e+00  -6.4821431e-03  -1.8004249e-03   1.0764834e-03
  -4.0859854e-02  -1.4294447e-01  -2.6515274e+00  -7.3934310e-04  -3.9007149e-03   6.5184405e-04
  -3.4038684e-02  -1.1613298e-01  -2.7662085e+00  -4.2984873e-03  -4.1366909e-03   9.2877353e-04
  -4.6122756e-02  -7.1815710e-02  -2.8078719e+00  -5.6111055e-03  -3.3229725e-03   9.0277810e-04
  -4.7850536e-02  -7.2732540e-02  -2.8153362e+00  -5.8322919e-03  -3.8526712e-03   1.1329993e-03
  -7.1487881e-02  -2.4348415e-01  -2.5166680e+00   2.6935508e-03  -4.6395751e-03   5.9215110e-04
  -8.6389584e-02  -1.2118136e-01  -2.8556665e+00  -2.8820879e-03  -3.4714253e-03   6.2841799e-04
  -7.5757104e-02  -2.1775528e-01  -2.8184347e+00  -3.5073607e-04  -4.1025022e-03   2.0570321e-04
  -9.3290362e-02  -1.1920865e-01  -2.8148673e+00  -1.7726768e-03  -4.8559532e-03   8.8571239e-04
  -1.0569567e-01  -5.8402960e-02  -2.4291540e+00  -2.0632722e-03  -3.3390616e-03   1.1689788e-03
  -4.9011196e-02  -1.1138227e-01  -2.7047340e+00  -2.8821575e-03  -4.2502994e-03   5.1132631e-04
  -6.3859476e-02  -9.8337132e-02  -2.7537101e+00  -4.7881659e-03  -4.1020213e-03   8.0320811e-04
  -4.6492363e-02  -4.5676310e-02  -2.7951240e+00  -6.6719728e-03  -4.8028756e-03   8.3507144e-04
  -5.3891834e-02  -3.4633765e-02  -2.7681841e+00  -6.7589300e-03  -4.7970262e-03   8.7334721e-04
  -7.5818281e-02  -1.9115377e-01  -2.6861090e+00   2.5508717e-03  -4.7902239e-03   7.7124374e-04
  -6.9760107e-02  -5.9229378e-02  -3.0052691e+00  -4.3914529e-03  -4.8209359e-03   9.8735268e-04
  -8.3786528e-02  -1.4133639e-01  -2.9997820e+00  -1.0307668e-02  -4.1270829e-03   1.1170995e-03
  -4.4063665e-03  -2.3812976e-01  -2.7442268e+00   5.3210797e-03  -6.7553343e-03  -2.5662393e-05
  -4.4817512e-02  -1.7410740e-01  -3.0953788e+00  -1.9488888e-03  -5.8823287e-03   5.5502219e-04
  -5.5844450e-02  -1.4986676e-01  -3.0270039e+00  -3.6804356e-03  -5.4096825e-03   6.1327368e-04
  -4.8898258e-02  -1.2800551e-01  -3.0669677e+00  -4.5953027e-03  -6.0701513e-03   8.9828654e-04
  -2.3238922e-02  -6.8089108e-02  -3.0952549e+00  -5.4215170e-03  -6.0537031e-03   8.1148492e-04
  -2.7338549e-02  -1.1577980e-01  -3.0327034e+00  -4.9588351e-03  -5.7712538e-03   8.5092058e-04
  -7.0209034e-02  -5.5692337e-02  -3.0030390e+00  -5.9068049e-03  -5.1988171e-03   1.0400669e-03
  -6.1174253e-02  -2.3095939e-01  -2.6274483e+00   7.2054961e-03  -6.5518529e-03   7.6729612e-04
  -8.5374652e-02  -1.0605714e-01  -2.8694581e+00  -6.1604218e-03  -3.2961681e-03   1.5603067e-04
  -4.5611669e-02  -1.5671744e-01  -2.8528824e+00   2.7482364e-04  -5.4678632e-03   2.3273096e-04
  -3.9419140e-02  -1.3898008e-01  -3.0238358e+00  -1.0309115e-03  -6.2153201e-03   3.9559141e-04
  -4.0065148e-02  -1.1605417e-01  -3.0562955e+00  -3.5294367e-03  -6.0217005e-03   2.2077370e-04
  -2.4755167e-02  -1.3439511e-01  -2.9485244e+00  -8.5288377e-03  -5.4159119e-03  -3.3564889e-04
  -3.7116071e-02  -1.6359641e-01  -2.6113721e+00  -1.3769539e-03  -4.8076653e-03   5.4452162e-05
  -3.4008690e-02  -1.2463310e-01  -2.6435127e+00  -2.9732707e-03  -4.9725782e-03   8.4994449e-05
  -3.1245402e-02  -1.3534558e-01  -2.6523846e+00  -3.0447871e-03  -4.8191150e-03   1.5270843e-04
  -2.5131886e-02  -9.0333132e-02  -2.6874273e+00  -4.5618998e-03  -4.9966425e-03   2.5684283e-04
  -3.8692520e-02  -9.7011408e-02  -2.7007238e+00  -4.3913962e-03  -5.0174944e-03   3.8279311e-04
  -3.3423547e-02  -1.1003231e-01  -2.7139377e+00  -4.7038297e-03  -4.5345991e-03   3.2933437e-04
  -3.5089374e-02  -1.1308330e-01  -2.6575259e+00  -4.2202060e-03  -3.5601089e-03   2.1726481e-04
  -3.0739944e-02  -8.3653839e-02  -2.7139347e+00  -5.7695614e-03  -3.2562944e-03   1.1256304e-04
  -3.8500716e-02  -9.6321368e-02  -2.6875768e+00  -4.7408088e-03  -3.7691791e-03   4.8397173e-04
  -1.0202411e-01  -7.6447148e-02  -2.5666455e+00  -4.1923064e-03  -4.6365659e-03   1.0179820e-03
  -4.4523394e-02  -1.5676899e-01  -2.7843404e+00  -5.5557277e-04  -3.7171689e-03   1.7023458e-05
  -4.2814977e-02  -1.4603550e-01  -2.7231149e+00  -1.1557693e-03  -4.2134961e-03   1.0212222e-04
  -3.5965684e-02  -1.2980921e-01  -2.7614479e+00  -2.3800197e-03  -4.2327811e-03   5.2048164e-06
  -2.6721088e-02  -1.2329450e-01  -2.7995305e+00  -3.6547789e-03  -4.2441289e-03  -1.7686686e-04
  -2.3578772e-02  -7.9570887e-02  -2.8225085e+00  -5.0319804e-03  -3.9706889e-03  -1.1348933e-04
  -6.7354218e-02  -1.1970613e-01  -2.7986274e+00  -4.4846044e-03  -3.5027296e-03   4.1821046e-04
  -8.8519391e-02  -2.9700936e-02  -2.9212100e+00  -6.1012841e-03  -1.8769303e-03   2.4115792e-04
  -5.2632782e-02  -5.8826374e-02  -2.8991340e+00  -4.8544131e-03  -3.3345342e-03   3.0533760e-04
  -5.9589568e-02  -6.9295819e-02  -2.8631642e+00  -5.3989138e-03  -3.3947540e-03   2.0981187e-04
  -1.0734840e-01  -9.2808206e-02  -2.4128406e+00  -3.5398279e-03  -2.3882988e-03   4.4728071e-04
  -6.8412777e-02  -1.8731005e-01  -2.6870294e+00   1.9788001e-03  -4.5883881e-03   1.9663771e-05
  -7.2198103e-02  -1.3477453e-01  -2.8123126e+00  -2.1690973e-03  -4.6393350e-03   4.1187822e-04
  -5.4810094e-02  -1.1364156e-01  -2.8278438e+00  -2.6282927e-03  -5.2349814e-03   2.1612599e-04
  -6.8613058e-02  -9.6209581e-02  -2.8667194e+00  -3.8078162e-03  -5.1341835e-03   4.9514906e-04
  -8.2392659e-02  -1.1517944e-01  -2.8050042e+00  -3.6320491e-03  -4.9225375e-03   7.6301957e-04
  -8.1547688e-02  -1.5017660e-01  -2.7755116e+00  -3.9744457e-03  -4.4768269e-03   5.2049851e-04
  -1.1209970e-01  -1.5976196e-01  -2.6318145e+00  -6.2001054e-03  -4.2729424e-03   1.7915626e-03
  -9.6476530e-02  -1.6459944e-01  -2.4833439e+00   6.2710101e-04  -3.0091445e-03   5.2656646e-04
  -7.6660553e-02  -1.7420486e-01  -2.5938716e+00  -7.1079077e-04  -3.0392145e-03   2.3589750e-04
  -1.0152490e-01  -1.2387188e-01  -2.8090625e+00  -3.8170331e-03  -4.1696955e-03   9.7274589e-04
  -1.7187588e-01  -1.0473968e-01  -2.5744428e+00  -3.5874843e-03  -3.5272383e-03   2.7252419e-03
  -8.7625797e-02  -1.5436239e-01  -2.7848256e+00  -2.8597371e-03  -5.0398767e-03   2.2323434e-03
  -9.6821797e-02  -1.1511326e-01  -2.8316374e+00  -4.2704659e-03  -4.9958704e-03   2.0491708e-03
  -8.8369935e-02  -9.4993447e-02  -2.8788039e+00  -5.6609626e-03  -5.2714958e-03   2.3678703e-03
  -9.3872302e-02  -1.1272666e-01  -2.8757139e+00  -5.3205498e-03  -4.9752282e-03   2.3394694e-03
  -1.3152870e-01  -9.1490010e-02  -2.8649012e+00  -5.7977309e-03  -4.2952031e-03   2.4850699e-03
  -1.2392634e-01  -5.1903613e-02  -2.9550469e+00  -6.6946668e-03  -4.1584295e-03   2.5932341e-03
  -1.0326319e-01  -5.6171436e-02  -2.9539561e+00  -6.7284059e-03  -4.4328455e-03   2.2679861e-03
  -1.2791379e-01  -1.2916912e-01  -2.9552898e+00  -8.6483161e-03  -3.3311047e-03   1.5563893e-03
  -9.7019748e-02  -1.2211923e-01  -3.2593576e+00  -3.0046640e-03  -4.2668583e-03   2.6965440e-03
  -1.1375501e-01  -1.1869390e-01  -3.3047471e+00  -6.1676404e-03  -1.4090880e-03   1.2374954e-03
  -5.3671675e-02  -1.6780791e-01  -3.0123935e+00  -6.1253932e-04  -3.9609162e-03   1.2048876e-03
  -5.1412853e-02  -8.6123609e-02  -3.2172610e+00  -3.7836996e-03  -4.2143411e-03   1.5094474e-03
  -1.3018005e-01  -1.9616309e-01  -2.6806623e+00   1.9576579e-03  -4.8976951e-03   2.6306389e-03
  -9.9781999e-02  -1.2884908e-01  -3.2384584e+00  -1.0849793e-03  -4.3188347e-03   1.4474026e-03
  -8.9242369e-02  -1.6190449e-01  -3.1059806e+00  -1.9728065e-03  -6.2184726e-03   2.0753091e-03
  -8.3107501e-02  -8.6494451e-02  -3.1096973e+00  -1.0074047e-02  -4.9240813e-03   1.6119201e-03
  -7.5730055e-02  -2.0998738e-01  -2.7505972e+00   7.5616966e-04  -6.9561595e-03   1.9473929e-03
  -1.0725539e-01  -7.0096553e-02  -2.9698301e+00  -4.0561812e-03  -4.9322569e-03   1.8872050e-03
  -8.8996309e-02  -1.3457567e-01  -2.9869656e+00  -3.0868895e-03  -5.8029753e-03   2.3738461e-03
  -8.1349285e-02  -7.7223564e-02  -3.0540622e+00  -4.1796379e-03  -6.0015637e-03   2.2560337e-03
  -9.5025712e-02  -1.0571908e-01  -3.0442520e+00  -4.5640182e-03  -5.6529487e-03   2.1230462e-03
  -8.2471092e-02  -2.2258488e-01  -2.8784987e+00   1.5718984e-03  -5.9792747e-03   2.0188045e-03
  -6.9727362e-02  -1.2236253e-01  -3.1336924e+00  -2.8596104e-03  -4.5350665e-03   1.4778125e-03
  -1.3295225e-01  -1.5112926e-01  -2.5359582e+00   8.7634511e-04  -2.2420506e-03   1.2965411e-03
  -9.4841152e-02  -1.3063170e-01  -2.9440724e+00  -1.9303875e-03  -3.9726670e-03   1.7069364e-03
  -8.9656626e-02  -9.5796840e-02  -3.0145247e+00  -3.2547331e-03  -4.0431043e-03   1.8095546e-03
  -6.1959507e-02  -1.5890446e-01  -2.9150157e+00  -2.8739297e-03  -4.8844462e-03   1.5501446e-03
  -6.8269340e-02  -1.1574950e-01  -2.9489184e+00  -4.5971395e-03  -3.8439380e-03   1.6409917e-03
  -1.0413382e-01  -1.6381500e-01  -2.9737682e+00  -4.1182506e-03  -2.3897874e-03   1.6051822e-03
  -1.1549367e-01  -1.2454267e-01  -2.9703194e+00  -2.5013560e-03  -3.0762808e-03   2.1530489e-03
  -1.1128181e-01  -6.4705123e-02  -3.0018929e+00  -3.4204245e-03  -2.7241497e-03   2.1037812e-03
  -1.4731112e-01  -9.7137776e-02  -2.8479258e+00  -7.0029728e-04  -2.0204309e-03   2.5834202e-03
  -1.0004432e-01  -1.2258837e-01  -3.1167392e+00  -3.7635673e-03  -3.3699804e-03   1.2426542e-03
  -1.0879148e-01  -1.7118770e-01  -2.5631011e+00   1.2890749e-03  -1.5888414e-03   5.7031561e-04
  -7.7556759e-02  -1.1035124e-01  -2.6804914e+00  -8.8781400e-04  -1.1480657e-03   1.4342918e-04
  -9.1587508e-02  -1.4079382e-01  -2.7842013e+00  -2.6235839e-03  -1.5992247e-03   9.9422080e-04
  -1.0061901e-01  -1.8764572e-01  -2.7294906e+00  -2.5151961e-06  -2.3378177e-03   8.4259294e-04
  -1.0737796e-01  -1.3928157e-01  -2.7668881e+00  -1.4914254e-03  -1.5761906e-03   3.3903664e-04
  -8.5910426e-02  -1.0238275e-01  -2.7841478e+00  -2.9188911e-03  -1.9791445e-03   1.0399717e-04
  -1.0471023e-01  -1.2972995e-01  -2.8174311e+00  -2.7072322e-03  -1.5141047e-03   4.8945123e-04
  -9.2178197e-02  -1.0878246e-01  -2.7933591e+00  -3.1777068e-03  -1.6664802e-03   2.6658977e-04
  -8.1762287e-02  -1.0770174e-01  -2.8062660e+00  -3.5112291e-03  -1.5070214e-03   1.8710346e-04
  -9.8277840e-02  -9.1856993e-02  -2.7665317e+00  -4.9491183e-03  -1.2190486e-03   1.6432872e-04
  -4.8463781e-02  -1.8789746e-01  -2.5212296e+00   3.2392557e-03  -1.6147525e-03  -9.1186289e-04
  -5.2445313e-02  -1.1149047e-01  -2.6939389e+00   5.1234097e-04  -2.1987495e-03  -2.7050282e-04
  -6.1734553e-02  -1.0913969e-01  -2.7544308e+00  -1.9439901e-03  -1.6277297e-03  -5.4116252e-04
  -5.2866980e-02  -8.1525637e-02  -2.7997096e+00  -2.4926646e-03  -1.4592687e-03  -4.1543755e-04
  -5.5245032e-02  -9.1990477e-02  -2.8537670e+00  -3.8396974e-03  -1.0928588e-03  -4.1196785e-04
  -5.3681077e-02  -1.0069899e-01  -2.8302329e+00  -3.2460492e-03  -1.4974065e-03  -3.7126168e-04
  -5.0814716e-02  -8.3175972e-02  -2.8516194e+00  -4.4188298e-03  -2.0571373e-03  -5.5654222e-04
  -4.8519647e-02  -1.6109813e-01  -2.9130704e+00   3.4003488e-04  -4.6169997e-03  -3.0177912e-04
  -3.9130318e-02  -1.0618566e-01  -2.9813084e+00  -2.4722639e-03  -3.7247081e-03  -3.8733261e-04
  -5.4120845e-02  -9.9170337e-02  -3.0342252e+00  -3.8486759e-03  -3.9888634e-03   5.5917268e-05
  -6.1167529e-02  -8.7835793e-02  -3.0315892e+00  -2.1063706e-03  -3.9011444e-03   8.2032193e-05
  -7.3273798e-02  -9.5063544e-02  -2.9777324e+00  -2.8327780e-03  -3.6949044e-03  -2.7947059e-04
  -7.7199884e-02  -9.4035807e-02  -2.9637327e+00  -4.1009124e-03  -2.6806238e-03  -1.3899699e-04
  -7.9380786e-02  -9.2316849e-02  -2.9373207e+00  -3.2690732e-03  -3.1163172e-03   1.1137781e-04
  -9.0295429e-02  -1.5423632e-01  -2.7546737e+00   1.7804274e-03  -3.5607985e-03   6.7512980e-05
  -6.9608979e-02  -1.0678968e-01  -2.9813788e+00  -1.4059877e-03  -3.5089813e-03  -8.1416160e-05
  -7.8957086e-02  -8.0040166e-02  -3.1189925e+00  -3.0858918e-03  -3.6395888e-03   6.8232922e-05
  -7.5801479e-02  -8.6431814e-02  -3.1931227e+00  -4.2463072e-03  -3.4595317e-03   6.1854409e-05
  -6.9976738e-02  -9.8062973e-02  -3.1607542e+00  -3.6990961e-03  -3.7577058e-03  -1.9635057e-04
  -6.0888895e-02  -8.9812735e-02  -3.0829035e+00  -3.6705848e-03  -3.7472729e-03  -2.0779274e-04
  -8.1468932e-02  -1.3451451e-01  -3.1429352e+00  -2.5957817e-03  -2.5657748e-03  -5.9552311e-04
  -6.8630538e-02  -1.5684250e-01  -2.9914911e+00  -2.2304480e-04  -4.4028477e-03  -3.5560304e-05
  -6.9829938e-02  -1.2282006e-01  -3.0204514e+00  -6.1748194e-04  -3.6997757e-03  -1.1280685e-04
  -6.9731371e-02  -1.0091578e-01  -3.0490175e+00  -2.7283965e-03  -3.3557568e-03  -3.1378938e-04
  -6.7754209e-02  -1.1793285e-01  -3.0957304e+00  -3.0473222e-03  -3.5259440e-03  -3.6998985e-04
  -9.0154979e-02  -2.0778449e-01  -3.1437613e+00  -2.8899570e-03  -1.9177313e-03  -3.1167996e-04
  -1.0733426e-01  -9.9775345e-02  -3.3370498e+00  -2.2945374e-03  -3.2126957e-03   1.8024924e-04
  -8.9511057e-02  -6.7678512e-02  -3.3346780e+00  -4.1207876e-03  -2.5849417e-03   1.2997525e-04
  -1.0550347e-01  -3.2386849e-02  -3.3743667e+00  -5.4587819e-03  -2.7690395e-03   4.0128075e-04
  -1.4964695e-01  -1.4533784e-01  -3.0383270e+00  -2.3604905e-03  -1.0437863e-03   6.9662681e-04
  -1.7416171e-01  -1.8016756e-01  -2.8427064e+00   7.2637405e-03  -2.7732503e-03   2.3886331e-03
  -1.0731276e-01  -5.6794001e-02  -3.6930292e+00  -5.4938472e-03  -5.9749594e-03   2.4425472e-03
  -9.8378638e-02  -8.3655807e-02  -3.7505774e+00  -5.7234135e-03  -6.0312594e-03   2.2482274e-03
  -1.0774882e-01  -4.7438672e-02  -3.7664992e+00  -6.6929435e-03  -6.4618716e-03   2.6807351e-03
  -9.6709960e-02  -3.6800542e-02  -3.7684848e+00  -6.2479888e-03  -6.3733987e-03   2.4715988e-03
  -8.0352034e-02  -3.9484831e-02  -3.7540939e+00  -6.6657570e-03  -6.0901976e-03   1.8804548e-03
  -8.5076755e-02  -6.2691407e-02  -3.4946788e+00  -5.1682480e-03  -5.2738738e-03   1.1436232e-03
  -6.3259792e-02  -5.8911279e-02  -3.4128060e+00  -4.2958876e-03  -3.0874314e-03   7.1801939e-04
  -5.7568581e-02  -2.1037694e-02  -3.5138778e+00  -5.9056774e-03  -2.9551819e-03   7.2543049e-04
  -1.2190002e-01  -2.5271505e-02  -3.1272031e+00  -4.7907856e-03  -2.9658986e-03   8.0577120e-04
  -9.3478680e-02  -1.0870351e-01  -3.5302922e+00  -2.9293343e-03  -4.1344812e-03   1.2549629e-03
  -1.3261905e-01  -1.5950886e-01  -3.0081912e+00  -1.0080071e-02  -2.5698796e-03   1.0950763e-03
  -8.6441972e-02  -1.8746153e-01  -3.1170941e+00   3.5810346e-03  -2.5475380e-03  -2.7502805e-04
  -7.9692585e-02  -1.1786821e-01  -3.1894931e+00  -9.6283588e-03  -4.4354818e-03   3.0408759e-04
  -7.3058323e-02  -2.2529839e-01  -2.7866020e+00   2.5870742e-03  -4.0136221e-03  -3.0607579e-04
  -7.3975828e-02  -1.1751607e-01  -3.0109283e+00  -2.1949643e-03  -4.0295661e-03  -1.8242761e-04
  -7.2911837e-02  -1.9274648e-01  -3.0192392e+00  -1.6276339e-03  -3.7742393e-03  -1.5691684e-04
  -8.5018294e-02  -1.4997532e-01  -3.0884637e+00  -1.5653371e-03  -3.7875031e-03   7.1106684e-06
  -8.1171888e-02  -1.3758458e-01  -3.1294496e+00  -2.7676087e-03  -3.5593489e-03  -1.3733793e-04
  -1.1206597e-01  -1.4377928e-01  -3.0720110e+00  -7.1809262e-03  -2.0599319e-03  -6.3351458e-05
  -6.1120940e-02  -1.5577250e-01  -2.5902154e+00   1.5409170e-03  -3.6897269e-03  -1.0682997e-04
  -5.5165116e-02  -1.0567292e-01  -2.7738557e+00  -1.3029071e-03  -3.6342922e-03   8.9906299e-05
  -7.2335141e-02  -7.4324767e-02  -2.8464907e+00  -5.2184816e-03  -4.0944890e-03   1.1296585e-03
  -7.6880194e-02  -1.7478625e-01  -2.5230376e+00   4.2909127e-04  -3.7882980e-03   2.9539963e-05
  -9.1407017e-02  -1.1586128e-01  -2.6327056e+00  -2.8093536e-03  -3.7261563e-03   4.3217804e-04
  -1.1318601e-01  -2.1807959e-01  -2.8441187e+00   2.5692927e-03  -4.0232017e-03   9.6334658e-04
  -1.1303128e-01  -7.2174566e-02  -3.1536741e+00  -4.4646688e-03  -3.8081192e-03   1.0107267e-03
  -1.1888592e-01  -8.1527379e-02  -3.1716225e+00  -4.8118556e-03  -3.8493781e-03   1.1526806e-03
  -1.1517890e-01  -9.3529935e-02  -3.1374234e+00  -5.4777822e-03  -3.5160308e-03   9.2289089e-04
  -1.1222472e-01  -7.8965980e-02  -3.1049829e+00  -5.0396714e-03  -3.3934384e-03   1.0738422e-03
  -1.2194357e-01  -9.6301034e-02  -3.0739742e+00  -5.4242285e-03  -3.1734694e-03   1.1019608e-03
  -1.1454092e-01  -8.0739483e-02  -3.0935314e+00  -4.8909431e-03  -3.3692268e-03   1.1766424e-03
  -1.3662832e-01  -1.5413129e-01  -2.9582074e+00  -1.1557324e-03  -3.0724121e-03   1.2746835e-03
  -1.1913480e-01  -8.0325626e-02  -3.0708803e+00  -4.6189583e-03  -2.5137555e-03   9.0846262e-04
  -1.4235827e-01  -6.9013180e-02  -3.1178066e+00  -3.7471030e-03  -2.3205833e-03   9.6791420e-04
  -1.3633254e-01  -7.2187753e-02  -3.0903182e+00  -5.4528062e-03  -2.7142559e-03   1.3044992e-03
  -1.3589328e-01  -9.3544026e-02  -3.0847808e+00  -5.2330341e-03  -2.9652289e-03   1.3839545e-03
  -1.2933665e-01  -3.7799450e-02  -3.1411548e+00  -6.4719788e-03  -2.4081043e-03   9.9310526e-04
  -1.4126936e-01  -8.0490091e-02  -3.1054283e+00  -4.7246357e-03  -2.9061881e-03   1.3820286e-03
  -1.3841193e-01  -6.3061934e-02  -3.1914351e+00  -1.0713030e-02  -4.1282055e-03   1.9743305e-03
  -1.1639008e-01  -1.7523430e-01  -2.7177010e+00  -2.4273754e-04  -3.1074164e-03   4.4260693e-04
  -1.1014329e-01  -1.0763387e-01  -2.8676707e+00  -2.6835248e-03  -2.8937797e-03   1.4917049e-03
  -1.1715092e-01  -1.1632970e-01  -3.0297865e+00  -4.5933811e-03  -3.1252648e-03   1.3783305e-03
  -1.8609300e-01  -2.3778219e-01  -3.3239027e+00   3.8681548e-03  -1.9043333e-03   1.9703855e-03
  -1.2658318e-01  -8.3223312e-02  -3.6319799e+00  -3.0928777e-03  -4.2006620e-03   2.0329972e-03
  -1.2410518e-01  -1.1812038e-01  -3.6722833e+00  -4.3265430e-03  -3.1464809e-03   1.6783858e-03
  -1.1445014e-01  -4.0935651e-02  -3.7681411e+00  -5.2709853e-03  -3.2418674e-03   1.7763787e-03
  -1.3655515e-01  -4.4418647e-02  -3.6157390e+00  -6.6466125e-03  -2.7357131e-03   1.7997086e-03
  -1.2053249e-01  -8.1417847e-02  -3.5850873e+00  -6.1246756e-03  -3.1024784e-03   1.6547176e-03
  -1.2741133e-01  -4.3452584e-02  -3.6443485e+00  -6.3328570e-03  -2.9499984e-03   1.7171954e-03
  -1.4051725e-01   3.5587209e-02  -3.5092330e+00  -1.4937692e-02  -3.3787768e-03   2.0398563e-03
  -1.2683286e-01  -8.1528975e-02  -3.6113085e+00  -3.4558843e-03  -2.4817131e-03   1.1191407e-03
  -1.1399086e-01  -5.7960728e-02  -3.5728871e+00  -4.5265100e-03  -2.3395746e-03   8.8407801e-04
  -1.1487293e-01  -1.5827041e-02  -3.6243873e+00  -5.6634641e-03  -1.7826408e-03   8.0325743e-04
  -1.1553603e-01   1.1789355e-02  -3.6666114e+00  -6.7643227e-03  -1.7240071e-03   1.0076895e-03
  -1.1539815e-01  -1.1042134e-02  -3.6992748e+00  -6.9833663e-03  -2.0551199e-03   8.5177310e-04
  -1.2302465e-01  -4.8801191e-02  -3.6880886e+00  -1.0353649e-02  -2.4180259e-05  -3.6200357e-04
  -1.3529952e-01  -1.2772934e-01  -3.0841563e+00   1.3904160e-03  -2.6060693e-03   9.2820845e-04
  -1.2036409e-01  -7.7352010e-02  -3.3403176e+00  -4.4809548e-03  -2.4323053e-03   8.3684481e-04
  -1.1181866e-01  -3.8013634e-02  -3.3840437e+00  -5.9699992e-03  -2.4939434e-03   6.4816995e-04
  -1.1708118e-01  -2.8267164e-02  -3.3863139e+00  -5.8749518e-03  -2.1391104e-03   6.8502796e-04
  -1.0485442e-01  -4.4391098e-02  -3.4119577e+00  -5.8712237e-03  -2.1823968e-03   6.1159474e-04
  -1.1079092e-01  -2.8757939e-02  -3.4329879e+00  -6.3335963e-03  -1.8321717e-03   5.4700351e-04
  -1.5468495e-01  -1.7715948e-01  -3.0274995e+00   4.9884208e-03  -1.9052439e-03   7.8360518e-04
  -1.2335446e-01  -9.7950147e-02  -3.5783241e+00  -1.9415968e-03  -2.3020300e-03   6.5563403e-04
  -1.8084292e-01  -1.0174323e-01  -3.4257729e+00  -3.0248400e-03  -1.5384995e-04   6.8701905e-04
  -1.3610846e-01  -1.1289145e-01  -3.6670494e+00  -3.4333081e-03  -2.7870035e-03   1.0157947e-03
  -1.2960899e-01  -7.4458753e-02  -3.9765043e+00  -4.2044830e-03  -2.6911830e-03   8.4711273e-04
  -1.2758617e-01  -9.1923452e-02  -3.9515071e+00  -4.6287511e-03  -2.7465398e-03   8.6848900e-04
  -1.0850881e-01  -2.1810019e-02  -3.9299151e+00  -5.5153529e-03  -2.9883799e-03   4.7804689e-04
  -1.1335621e-01  -7.1786899e-02  -3.8447014e+00  -5.8067307e-03  -2.5280865e-03   6.8721609e-04
  -1.1870314e-01  -1.3449438e-02  -3.8407039e+00  -8.5174604e-03  -2.4769649e-03   6.0103669e-04
  -1.1070165e-01  -7.2164678e-02  -3.6722729e+00  -3.8395170e-03  -2.9520778e-03   5.5113714e-04
  -1.0411935e-01  -2.9264954e-02  -3.7230588e+00  -5.1002754e-03  -3.1715648e-03   5.7936605e-04
  -1.0058131e-01  -6.4960337e-02  -3.7369688e+00  -5.1798342e-03  -3.1763183e-03   5.2569557e-04
  -9.1121451e-02  -2.8070511e-03  -3.7959976e+00  -5.4022166e-03  -2.9580937e-03   4.0001309e-04
  -1.3186749e-01  -4.3722608e-02  -3.7610277e+00  -8.7132873e-03  -3.3511779e-03   5.6773280e-04
  -1.0503282e-01  -1.3584400e-01  -3.3933478e+00   1.2749774e-04  -3.0502782e-03   7.9545608e-05
  -9.9866248e-02  -8.2102433e-02  -3.4880425e+00  -2.6359233e-03  -3.4785670e-03   1.7369423e-04
  -1.2044809e-01  -1.0469350e-01  -3.6245273e+00  -1.4285041e-03  -2.6889840e-03   2.8346928e-04
  -1.2110781e-01  -5.9545560e-02  -3.5501381e+00  -3.9950960e-03  -3.9285401e-03   5.5635664e-04
  -1.0004467e-01  -9.5826223e-02  -3.2129582e+00  -2.6035404e-03  -4.5908435e-03   1.0242127e-04
  -8.3738006e-02  -1.1277739e-01  -3.4013922e+00  -1.6218381e-03  -5.2793248e-03   1.4601616e-04
  -8.6349327e-02  -1.2641787e-01  -3.4848455e+00  -2.8675966e-03  -4.9486290e-03   9.7499384e-05
  -9.3068028e-02  -1.4226235e-01  -3.4356494e+00  -8.5714582e-04  -4.6828424e-03  -1.0155484e-04
  -1.1689140e-01  -1.5556136e-01  -3.3144031e+00  -5.4205466e-04  -1.9209370e-03  -1.2922310e-03
  -1.4454176e-01  -1.2312397e-01  -3.0965202e+00   8.9496793e-05  -4.1583416e-03   5.6521462e-04
  -1.0521821e-01  -1.5990565e-01  -3.3407879e+00   1.1663163e-03  -5.7611144e-03   1.9830405e-04
  -9.1451491e-02  -1.0131993e-01  -3.4810975e+00  -7.3657668e-04  -6.4128021e-03  -3.3625588e-05
  -6.2996849e-02  -7.2324584e-02  -3.4168188e+00  -2.9526122e-03  -5.2716440e-03  -5.4776611e-04
  -8.8523507e-02  -4.7571650e-02  -3.4603096e+00  -3.4613483e-03  -5.3416316e-03  -4.6799960e-05
  -7.6213205e-02  -8.1748449e-02  -3.5477436e+00  -3.1391115e-03  -4.8345379e-03  -2.0395329e-04
  -6.4269965e-02  -4.6831889e-02  -3.6657688e+00  -3.5311607e-03  -5.8921523e-03  -1.8993602e-04
  -6.4184760e-02  -3.4090526e-02  -3.5981166e+00  -5.4125816e-03  -5.0563314e-03  -1.9535995e-04
  -6.4964668e-02  -4.8005844e-02  -3.5645758e+00  -5.2210232e-03  -5.0008964e-03   1.0993877e-04
  -1.1911309e-02  -7.8026167e-03  -3.7424025e+00  -1.4913463e-02  -1.4121609e-02   2.4728729e-03
  -1.0879126e-01   3.8719581e-02  -2.9821070e+00  -1.0541221e-02  -9.0209964e-03   2.4572871e-03
  -9.6749392e-02   1.1763146e-01  -3.3874920e+00  -1.0774115e-02  -1.2930065e-02   4.5904228e-03
  -3.9488857e-02  -1.7959774e-03  -3.2645122e+00  -9.0085543e-03  -1.4297342e-02   4.6370114e-03
  -3.7654241e-02   2.2992751e-02  -3.2551670e+00  -9.5659502e-03  -1.5171266e-02   4.7806137e-03
  -1.2135510e-01  -2.4047908e-02  -3.3750352e+00  -5.6241399e-03  -1.0957853e-02   4.7471198e-03
  -9.8635210e-02   7.7794480e-02  -3.7727176e+00  -1.1882277e-02  -9.6420363e-03   3.6191869e-03
  -6.2381813e-02   1.1755933e-02  -3.6477609e+00  -8.1442795e-03  -1.0265752e-02   3.7528117e-03
  -5.7436291e-02   3.0503750e-02  -3.7212164e+00  -9.9928414e-03  -1.0545821e-02   3.8364506e-03
  -1.1638884e-01   5.3052422e-02  -3.4299172e+00  -5.5659893e-03  -9.7353857e-03   3.4782638e-03
  -2.0220720e-02  -1.0743973e-01  -3.2841826e+00  -7.2528517e-04  -1.2894130e-02   3.5075086e-03
   3.3605365e-02   2.1822517e-01  -3.3422570e+00  -1.5341941e-02  -1.6585144e-02   3.4827814e-03
   9.3000694e-02   1.9542785e-01  -3.5448444e+00  -1.9206060e-02  -2.0500346e-02   3.1996802e-03
   1.2709336e-01   2.3343959e-01  -3.4141235e+00  -1.9298801e-02  -2.1374674e-02   3.4728143e-03
   1.3152009e-01   2.5036285e-01  -3.3892971e+00  -1.9274671e-02  -2.2292197e-02   3.8765572e-03
   1.2555277e-01   2.0434758e-01  -3.4294598e+00  -2.0014762e-02  -2.3082467e-02   4.6378357e-03
   9.5199524e-02   1.3995025e-01  -3.0849660e+00  -1.3734572e-02  -2.0890243e-02   5.0011962e-03
   8.9409349e-02   1.0369531e-01  -3.0384182e+00  -1.2452059e-02  -1.9600745e-02   5.8344436e-03
   9.4635228e-02   1.2034045e-01  -3.0634564e+00  -1.3100937e-02  -1.9103084e-02   5.3187213e-03
   4.4639689e-02   1.3004977e-01  -3.1013205e+00  -1.7258002e-02  -1.7012499e-02   4.9282517e-03
   5.0331690e-02   1.9055257e-01  -3.3325378e+00  -1.3576280e-02  -1.7157945e-02   5.1602687e-03
   6.0489405e-02   1.3965089e-01  -3.3304944e+00  -1.4129524e-02  -1.7047943e-02   4.8501899e-03
   9.3581982e-02   3.2570895e-02  -2.9328477e+00  -7.5844544e-03  -2.1036970e-02   5.2508584e-03
   1.0859146e-01   1.7394214e-01  -3.1517927e+00  -1.4097148e-02  -2.1886230e-02   5.6040976e-03
   1.0960488e-01   1.9066723e-01  -2.9874988e+00  -1.8745965e-02  -2.0288365e-02   3.9696792e-03
   1.4679235e-01   2.2167886e-01  -2.9182221e+00  -1.7145817e-02  -1.9665026e-02   3.3358353e-03
   1.4047207e-01   2.1067494e-01  -2.9236148e+00  -1.7528390e-02  -1.9376496e-02   3.6124822e-03
   1.1999552e-01   1.5709762e-01  -2.9387097e+00  -1.5891721e-02  -1.9988233e-02   4.6697175e-03
   7.6037038e-02   5.5244072e-02  -2.8586202e+00  -1.1136239e-02  -1.6511166e-02   4.9419105e-03
   5.0528967e-02   1.0688387e-01  -2.7516376e+00  -9.4449170e-03  -1.4925366e-02   4.9201597e-03
   4.6177281e-02   1.1022961e-01  -3.0512963e+00  -1.1938000e-02  -1.5254729e-02   5.0610240e-03
   7.0680041e-02   9.3856170e-02  -3.0223685e+00  -1.4131899e-02  -1.3740660e-02   4.5791959e-03
   7.8619017e-02   1.4373791e-01  -3.1011569e+00  -1.4586880e-02  -1.4002796e-02   4.1980076e-03
   7.6369785e-03   1.0325117e-01  -2.9431744e+00  -1.3740175e-02  -1.6979295e-02   5.5206558e-03
   2.9453349e-02   1.3770047e-01  -3.2319987e+00  -1.3282669e-02  -1.8028292e-02   5.8243221e-03
   2.7713844e-02   1.4518264e-01  -3.3699193e+00  -1.7644460e-02  -1.5523596e-02   4.4842928e-03
   4.0300092e-02   1.7359639e-01  -3.0762565e+00  -1.9832196e-02  -1.6590965e-02   4.8073068e-03
   7.0770964e-02   9.1394104e-02  -2.8906153e+00  -1.1126856e-02  -1.4667036e-02   3.9105785e-03
   5.5897507e-02  -4.4838716e-03  -2.9539397e+00  -8.9257012e-03  -1.6231755e-02   4.5537803e-03
  -1.9373173e-02  -1.8012116e-02  -3.1735284e+00  -1.0913879e-02  -1.2360935e-02   4.6396677e-03
  -2.3559642e-02  -3.6400672e-02  -2.8899705e+00  -5.7649948e-03  -1.2129145e-02   4.6053359e-03
  -1.4975974e-02  -1.9887260e-02  -3.0921281e+00  -7.1645047e-03  -1.2105939e-02   4.7344191e-03
  -2.9021414e-02  -2.3886747e-02  -3.1831549e+00  -9.2045278e-03  -1.0920694e-02   4.4880818e-03
  -5.0279253e-02   2.4025143e-02  -3.2823559e+00  -1.2045656e-02  -1.1381152e-02   4.7233173e-03
  -1.1588831e-01  -1.2228513e-01  -3.1272215e+00  -2.1971537e-03  -7.5751933e-03   4.4068241e-03
  -9.1648470e-02   1.2078343e-02  -3.2470618e+00  -7.8235503e-03  -9.2028539e-03   4.3330540e-03
  -1.0278058e-01  -4.4443418e-02  -3.3486568e+00  -8.3645888e-03  -8.1116264e-03   3.8872334e-03
  -4.5997101e-02   8.4168976e-02  -3.3619676e+00  -1.2787133e-02  -9.8453380e-03   2.9073607e-03
  -7.9579046e-02   2.0987028e-02  -3.0717853e+00  -1.4414884e-02  -1.0499206e-02   4.4141679e-03
  -3.1896013e-02   5.7675218e-02  -3.2871870e+00  -6.4645770e-03  -1.3385947e-02   2.5056276e-03
  -9.8977636e-02   1.3617915e-01  -3.9191209e+00  -1.2018576e-02  -1.2981645e-02   3.8664472e-03
  -6.4605632e-02   4.2432058e-02  -3.9580322e+00  -1.4310024e-02  -1.1178967e-02   2.6475644e-03
  -6.9534799e-02   1.5304356e-01  -4.0654578e+00  -1.5185098e-02  -1.0998915e-02   2.7683201e-03
  -1.1055887e-01   5.8604129e-02  -4.1099032e+00  -1.7342635e-02  -8.8563212e-03   3.0984336e-03
  -6.3343727e-02   3.5387330e-02  -4.0787252e+00  -1.1065025e-02  -1.0436924e-02   3.3878794e-03
  -4.4573505e-02   5.4535105e-02  -4.1070529e+00  -1.2501970e-02  -1.0384844e-02   2.4688195e-03
  -6.9693972e-02   8.2844831e-02  -4.2125240e+00  -1.4995693e-02  -1.0238594e-02   2.6255534e-03
  -1.0855039e-01   1.4533472e-01  -3.8172687e+00  -2.1163245e-02  -8.1919591e-03   1.9493077e-03
  -3.6638995e-02   3.9383513e-02  -3.5169318e+00  -1.1272196e-02  -1.0867206e-02   1.6270819e-03
   6.3379646e-03   1.3646779e-01  -3.5872724e+00  -1.6640149e-02  -1.0601427e-02   1.6799587e-03
   4.8863965e-03   1.2449621e-01  -3.4897333e+00  -1.6449141e-02  -1.5550177e-02   2.9566796e-03
   1.1443517e-02   1.6303322e-01  -3.5630509e+00  -1.6349059e-02  -1.5496845e-02   3.3829759e-03
  -8.5198844e-02   1.2194341e-01  -3.2522090e+00  -1.4030673e-02  -1.3533183e-02   4.2753713e-03
  -3.3873260e-02   4.8611015e-02  -3.5628046e+00  -1.2528546e-02  -1.2923213e-02   3.7331796e-03
  -4.2083717e-02   9.6924454e-02  -3.6460829e+00  -1.3413737e-02  -1.3205539e-02   4.0716758e-03
  -4.9976610e-02   7.0587932e-02  -3.7453664e+00  -1.7120670e-02  -1.1048827e-02   2.9495694e-03
  -6.0947852e-02   2.7949111e-02  -3.4798518e+00  -9.4467039e-03  -1.1715232e-02   3.3362640e-03
  -1.4661721e-01  -1.8580707e-02  -3.4893926e+00  -8.0236326e-03  -8.6210800e-03   3.0468947e-03
  -1.0809275e-01   7.3202203e-04  -3.5610699e+00  -7.3267143e-03  -9.7033863e-03   3.1618989e-03
  -7.3521181e-02   2.1300172e-02  -3.6012838e+00  -9.8279187e-03  -1.0155721e-02   2.6721552e-03
  -6.8589565e-02   2.5156433e-02  -3.5459130e+00  -9.7170743e-03  -9.6951808e-03   2.7584891e-03
  -8.9642209e-02  -1.4613003e-02  -3.5169237e+00  -9.8886885e-03  -7.6277577e-03   1.9226589e-03
  -7.7127701e-02   3.7742076e-02  -3.5288735e+00  -9.1840482e-03  -9.2022549e-03   2.4524646e-03
  -6.5329273e-02   2.1017002e-02  -3.5630098e+00  -9.7463879e-03  -9.2097415e-03   2.3797727e-03
  -7.9953027e-02   3.4801025e-02  -3.6369210e+00  -1.0231443e-02  -9.1184947e-03   2.5314305e-03
  -8.3223332e-02   6.6598342e-02  -3.6975497e+00  -1.0513036e-02  -9.5525372e-03   2.7268962e-03
  -8.3596014e-02   3.8574288e-02  -3.7181341e+00  -1.0147453e-02  -8.8402708e-03   2.7582213e-03
  -9.4356197e-02   1.2842960e-02  -3.7401667e+00  -1.2903546e-02  -8.4321491e-03   2.2492259e-03
  -7.5890677e-02   4.9251252e-02  -3.6603824e+00  -8.7842046e-03  -9.8342958e-03   2.8405906e-03
  -8.7900922e-02  -2.9944427e-02  -3.5377338e+00  -5.1657493e-03  -9.5086314e-03   2.4997199e-03
  -7.9784123e-02   4.6889663e-02  -3.7313494e+00  -1.0578669e-02  -8.9621092e-03   2.2939709e-03
  -7.6732074e-02   4.5941716e-02  -3.7052412e+00  -1.0062365e-02  -8.4336770e-03   2.2257552e-03
  -1.2656618e-01   5.8948904e-02  -3.3941752e+00  -9.9918987e-03  -8.0538833e-03   3.1735684e-03
  -8.1655732e-02   4.7344235e-02  -3.6475022e+00  -1.0475264e-02  -7.2269301e-03   2.0093542e-03
  -5.9911491e-02   4.3987807e-02  -3.7614284e+00  -9.7940447e-03  -8.3617538e-03   2.2171318e-03
  -7.4313718e-02   7.4685713e-02  -3.8733915e+00  -1.2153823e-02  -7.6569404e-03   2.1033605e-03
  -7.7541638e-02   4.9713587e-02  -3.8885099e+00  -1.1228226e-02  -7.6462044e-03   2.1859223e-03
  -9.7517351e-02   2.2706929e-02  -3.8155802e+00  -9.2906455e-03  -7.6521299e-03   2.1427803e-03
  -7.6169692e-02   7.7532880e-02  -3.8270747e+00  -1.1410938e-02  -8.1356980e-03   2.2282430e-03
  -7.5878017e-02   6.7931557e-02  -3.8843410e+00  -1.1809828e-02  -8.0095686e-03   1.9459498e-03
  -9.7218597e-02   8.0313018e-02  -3.8988775e+00  -1.1350495e-02  -7.8601962e-03   2.1972687e-03
  -1.5192518e-01   1.3536146e-02  -3.9288991e+00  -1.0945029e-02  -6.0837710e-03   2.0690489e-03
  -1.1368165e-01   2.2450432e-02  -3.9361126e+00  -8.9916834e-03  -8.0487966e-03   2.5836291e-03
  -1.1089426e-01   8.9119363e-02  -3.9808839e+00  -1.1552403e-02  -7.9334868e-03   2.2782917e-03
  -8.5586573e-02   5.1651249e-02  -4.0300654e+00  -1.0993794e-02  -7.9436710e-03   1.8309023e-03
  -1.3079216e-01   4.7777138e-02  -4.0517303e+00  -1.0336239e-02  -6.5406200e-03   2.0889713e-03
  -1.2839599e-01   8.0150067e-02  -4.1050780e+00  -1.1255639e-02  -7.2625760e-03   2.3567188e-03
  -1.6336142e-01   5.1514865e-02  -4.1013921e+00  -1.1755759e-02  -5.6541428e-03   2.1466055e-03
  -1.4294059e-01   5.4401781e-02  -4.1319241e+00  -9.8671307e-03  -7.5292225e-03   2.4142068e-03
  -1.3372263e-01   6.4702921e-02  -4.2475003e+00  -1.1446773e-02  -7.6954961e-03   2.2839185e-03
  -1.2690412e-01   5.5400219e-02  -4.2766938e+00  -9.9123251e-03  -7.2210976e-03   1.8402907e-03
  -1.5837715e-01   1.2840924e-02  -4.1635833e+00  -1.7674009e-02  -5.9326427e-03   1.7614028e-03
  -8.0282274e-02  -7.2941200e-02  -3.6975308e+00  -2.7455525e-03  -7.0473097e-03   1.0495345e-03
  -9.1754124e-02   1.3821051e-02  -3.8087259e+00  -5.8120768e-03  -6.4619607e-03   1.7374130e-03
  -8.6244747e-02   2.0938962e-04  -3.8728579e+00  -9.3505480e-03  -6.3891988e-03   2.3359067e-04
  -9.5709774e-02   1.0290378e-01  -3.8556930e+00  -1.5657536e-02  -1.0704607e-02   3.9977733e-03
  -4.5296724e-02   7.2031120e-02  -3.6661394e+00  -1.0927249e-02  -1.1992393e-02   3.7469198e-03
  -5.4445284e-02   8.0804997e-02  -3.7505691e+00  -1.2853366e-02  -1.2378212e-02   3.8316788e-03
  -8.8067571e-02  -9.2876835e-02  -3.6355419e+00  -6.1447521e-03  -1.1454334e-02   4.0894187e-03
  -9.5753950e-02   9.9696681e-02  -3.7925372e+00  -1.0550622e-02  -1.0899882e-02   4.2447579e-03
  -1.0043506e-01   4.1980461e-02  -3.8540633e+00  -1.1697469e-02  -1.0896882e-02   3.8613951e-03
  -1.1999130e-01   7.4870519e-02  -3.9507308e+00  -9.6319414e-03  -9.4344794e-03   3.5548896e-03
  -1.2066064e-01   6.4993554e-02  -3.9210334e+00  -1.0441229e-02  -1.0420732e-02   3.8767356e-03
  -1.3020250e-01   5.1623556e-02  -3.8534671e+00  -1.1188388e-02  -7.8413251e-03   2.9088827e-03
  -9.6495707e-02   4.2156460e-02  -3.9107163e+00  -9.5062281e-03  -9.3720441e-03   2.6623322e-03
  -1.0413886e-01   5.3087325e-02  -3.9224850e+00  -1.0215680e-02  -9.5430946e-03   2.6281553e-03
  -2.8723764e-02   1.5625431e-01  -3.9999991e+00  -1.4448117e-02  -1.1962018e-02   2.9385537e-03
  -4.5317638e-02   6.3329747e-02  -3.8012775e+00  -1.3605071e-02  -1.3901824e-02   4.0889644e-03
  -2.9700786e-02   1.1801937e-01  -3.8459251e+00  -1.2616552e-02  -1.3780337e-02   4.0770260e-03
  -4.9630057e-02   5.7548066e-02  -3.9228585e+00  -1.3321794e-02  -1.3525618e-02   4.4134981e-03
  -4.9968468e-02  -4.5876797e-02  -4.0759411e+00  -6.4443421e-03  -1.2696812e-02   4.4473145e-03
  -5.8884226e-02   1.5405045e-01  -4.2125710e+00  -1.3537109e-02  -1.2258665e-02   4.6200500e-03
  -8.1881557e-02  -9.4943668e-02  -3.9082714e+00  -5.5410890e-03  -1.0496715e-02   2.6600536e-03
  -1.0097366e-01   8.7291844e-02  -4.2531498e+00  -1.2257580e-02  -9.6776626e-03   2.7016915e-03
  -7.3960008e-02   6.0468112e-02  -4.1409319e+00  -1.1683359e-02  -9.3767912e-03   2.2996440e-03
  -9.1545642e-02   8.0817474e-02  -4.2420687e+00  -1.2726466e-02  -9.1771842e-03   2.2422094e-03
  -1.6213675e-01   3.7811007e-02  -3.8283387e+00  -6.8107220e-03  -6.9732312e-03   2.4910138e-03
  -1.2771597e-01   2.0391917e-02  -4.0392982e+00  -7.9947762e-03  -7.9907260e-03   2.2051517e-03
  -1.2825647e-01   1.7464949e-02  -4.1168815e+00  -1.0459635e-02  -7.5685319e-03   2.2124601e-03
  -1.0616679e-01   4.1284237e-02  -4.2053661e+00  -9.0674985e-03  -8.0070123e-03   1.8432040e-03
  -1.0207427e-01   8.7309705e-02  -4.2676425e+00  -1.1777217e-02  -7.5777249e-03   1.9036713e-03
  -1.0813689e-01   3.7300528e-02  -4.2243502e+00  -1.0235434e-02  -6.5779651e-03   1.2545255e-03
  -1.2541372e-01   3.8460356e-02  -4.2330960e+00  -8.3435647e-03  -6.1153837e-03   2.0736322e-03
  -1.1746599e-01   6.1133829e-02  -4.2987113e+00  -1.0321265e-02  -6.5195478e-03   2.1144424e-03
  -1.3512816e-01   1.9623418e-02  -4.3262067e+00  -1.5120766e-02  -5.5088135e-03   1.7978107e-03
  -1.3354537e-01   2.2634290e-03  -3.9000593e+00  -6.9524078e-03  -5.8976682e-03   2.0775530e-03
  -1.3872005e-01   6.1376738e-02  -3.9490608e+00  -8.5412946e-03  -6.1942682e-03   2.1668228e-03
  -1.1333284e-01   1.8672475e-02  -4.0806169e+00  -9.5104154e-03  -5.9493564e-03   1.8725089e-03
  -8.2612469e-02  -2.1012038e-02  -4.1681478e+00  -6.9105921e-03  -7.1376583e-03   1.1095735e-03
  -6.6911462e-02   5.6234127e-02  -4.3586750e+00  -1.0798622e-02  -8.4770301e-03   1.5553282e-03
  -7.6227100e-02   1.0333914e-01  -4.5207233e+00  -1.1893640e-02  -7.6070065e-03   1.4855079e-03
  -8.1710975e-02   1.0605715e-01  -4.4750579e+00  -1.6406051e-02  -1.0288563e-02   3.0036432e-03
  -4.9895631e-02  -2.3214965e-02  -3.8633356e+00  -7.0575068e-03  -1.2035874e-02   2.8990911e-03
  -5.0133145e-02   7.2965704e-02  -4.1710127e+00  -1.1640687e-02  -1.1517378e-02   3.3056582e-03
  -6.1165769e-02   6.4905048e-02  -4.2435187e+00  -1.2235675e-02  -1.1063165e-02   3.7548087e-03
  -1.3097376e-01   3.8702663e-02  -4.0851179e+00  -1.1750030e-02  -7.4148237e-03   2.5029869e-03
  -8.1975960e-02   7.1758219e-02  -4.1639879e+00  -9.8519586e-03  -8.0376096e-03   1.9633476e-03
  -9.8803126e-02  -8.6285308e-02  -3.8796183e+00  -2.3862628e-03  -5.9558025e-03   1.7402719e-03
  -5.4488282e-02   7.5111842e-02  -4.1045643e+00  -8.9794802e-03  -5.8984343e-03   1.1753497e-03
  -6.1638657e-02   1.0222312e-01  -4.1869727e+00  -1.3031504e-02  -6.0430126e-03   1.4552585e-03
  -7.2391453e-02   5.4860723e-02  -4.2142979e+00  -1.0549418e-02  -5.7561097e-03   1.6449186e-03
  -6.7653462e-02   7.6596604e-03  -4.0016689e+00  -9.9440092e-03  -6.6918651e-03   1.5324869e-03
  -6.4580989e-02   1.5830275e-01  -3.9794094e+00  -1.3712379e-02  -1.2447509e-02   3.6749262e-03
  -2.5257757e-02   1.3074420e-01  -3.9721038e+00  -1.4472913e-02  -1.3607274e-02   3.5333352e-03
  -3.0142984e-02   1.3540862e-01  -4.1545902e+00  -1.3105304e-02  -1.3441408e-02   3.8545231e-03
  -3.6404249e-02   1.7711033e-01  -4.2938904e+00  -1.6348653e-02  -1.2973688e-02   3.9575551e-03
  -5.6791691e-02   1.6343094e-01  -4.3129108e+00  -1.6036083e-02  -1.2581480e-02   3.9782760e-03
  -7.0176345e-02   1.8252588e-01  -4.3511659e+00  -1.5210598e-02  -1.2208359e-02   3.9292380e-03
  -1.1113665e-01   1.5277222e-01  -4.3150505e+00  -1.4960072e-02  -9.4067184e-03   3.7590103e-03
  -1.3307199e-01   6.6896793e-02  -4.3830419e+00  -1.6267531e-02  -4.8756229e-03   2.4039301e-03
  -9.8756095e-02   5.2458169e-02  -3.9947596e+00  -8.1405772e-03  -6.1852811e-03   2.4378449e-03
  -1.3440325e-01  -3.2484204e-05  -3.8544046e+00  -5.0788430e-03  -6.5307992e-03   2.6236682e-03
  -7.4155825e-02   5.1767009e-02  -4.3012952e+00  -9.2414783e-03  -5.9304355e-03   2.0309338e-03
  -8.0374658e-02   5.4827437e-02  -4.3524907e+00  -1.0900806e-02  -5.8945271e-03   2.2211288e-03
  -6.7020769e-02   1.7436982e-01  -4.4845918e+00  -1.6521727e-02  -1.0969334e-02   3.6687544e-03
  -5.5812575e-02   1.8340971e-01  -4.4516377e+00  -1.6872434e-02  -1.0840195e-02   3.7109030e-03
  -7.2521756e-02   1.1455725e-01  -4.4107815e+00  -1.4954591e-02  -1.0149940e-02   3.2166825e-03
  -1.4046837e-01   1.5154850e-01  -4.2386968e+00  -1.3644555e-02  -9.5567857e-03   3.8543377e-03
  -9.4002944e-02   1.1168918e-01  -4.3447654e+00  -1.3194642e-02  -9.5545885e-03   3.1409082e-03
  -1.0189350e-01   5.3015945e-02  -4.3003830e+00  -1.2640802e-02  -7.5254575e-03   2.3967253e-03
  -9.3633840e-02   1.0799432e-01  -4.3437611e+00  -1.2229761e-02  -8.3334718e-03   2.4776926e-03
  -9.6907747e-02   1.1202819e-01  -4.3703088e+00  -1.4860213e-02  -7.4619045e-03   2.0577567e-03
  -1.0976460e-01   9.7671704e-02  -4.3934855e+00  -1.2152632e-02  -7.5144579e-03   2.3233176e-03
  -7.2785084e-02   6.7523210e-02  -4.3884233e+00  -1.3463861e-02  -9.7429944e-03   2.0720458e-03
  -4.6462332e-02   7.9673064e-02  -4.2575125e+00  -1.3788515e-02  -1.0804783e-02   2.4076566e-03
  -1.1164443e-01  -1.2031042e-03  -4.1155983e+00  -6.8963219e-03  -7.2184333e-03   2.2113505e-03
  -1.3789838e-01   6.6732852e-02  -4.3714943e+00  -1.0384528e-02  -6.8383800e-03   2.9394077e-03
  -1.3564454e-01   9.6340204e-02  -4.4191763e+00  -1.0929199e-02  -6.3137093e-03   2.4893029e-03
  -1.1059190e-01   1.1129136e-01  -4.4545613e+00  -1.3135931e-02  -6.5812678e-03   2.1823774e-03
  -1.9976697e-01  -5.6042361e-02  -4.3172762e+00  -2.5633612e-03  -3.5169333e-03   2.3412865e-03
  -1.4835774e-01  -4.3499297e-04  -4.6443874e+00  -6.0461005e-03  -5.2486882e-03   2.4016042e-03
  -1.4329286e-01  -2.1671527e-02  -4.6849908e+00  -6.3508062e-03  -4.6717681e-03   1.7714863e-03
  -1.5375710e-01   5.5160999e-02  -4.7681427e+00  -9.7362985e-03  -4.8953279e-03   1.9108328e-03
  -1.4371258e-01  -5.1619527e-02  -4.5197562e+00  -8.0656445e-03  -3.9414250e-03   1.0307694e-03
  -1.3652059e-01   6.9614196e-02  -4.6960933e+00  -1.3938657e-02  -5.8414042e-03   1.5426562e-03
  -1.1774857e-01  -1.1718952e-01  -4.1738200e+00  -2.9513456e-03  -5.2849064e-03   1.1041601e-03
  -1.4653948e-01   1.1223070e-01  -4.5520068e+00  -1.1840569e-02  -7.2247237e-03   3.3407837e-03
  -2.2162408e-01   4.5667619e-02  -4.0974391e+00  -1.2544576e-02  -4.4735079e-03   5.1477284e-03
  -1.6382482e-01  -1.0581610e-02  -4.3489585e+00  -6.8331107e-03  -4.1622268e-03   4.0059680e-03
  -1.5913823e-01   1.7459000e-02  -4.3627750e+00  -9.0250566e-03  -3.9225773e-03   3.9856480e-03
  -1.5845440e-01   2.6115351e-02  -4.5225497e+00  -9.5941850e-03  -3.5422294e-03   2.8598538e-03
  -1.4621867e-01   1.0121206e-02  -4.4889071e+00  -7.2846801e-03  -3.2912932e-03   1.9495568e-03
  -1.5324526e-01   5.6599838e-02  -4.6428726e+00  -9.2112038e-03  -3.9579725e-03   2.2321905e-03
  -1.4348822e-01   4.3368498e-02  -4.6505312e+00  -9.0572520e-03  -3.3775818e-03   2.0046761e-03
  -1.6890541e-01  -2.3993909e-02  -4.4998443e+00  -6.0973853e-03  -2.7979050e-03   2.0869381e-03
  -1.4545484e-01   7.4956183e-02  -4.6261404e+00  -9.0780306e-03  -3.3888847e-03   1.8008850e-03
  -1.6423950e-01  -7.8338882e-03  -4.0366743e+00  -6.3735673e-03  -3.6098353e-03   1.4659675e-03
  -1.3879472e-01   6.9425658e-02  -4.3882889e+00  -8.8211419e-03  -5.8689427e-03   2.1856355e-03
  -1.7412083e-01   3.0147758e-02  -4.3521332e+00  -9.8365490e-03  -5.4113231e-03   2.4973049e-03
  -1.8082493e-01   8.7558326e-02  -4.4435351e+00  -1.1809146e-02  -4.5617396e-03   2.4875457e-03
  -1.4681284e-01   6.6114096e-02  -4.5383433e+00  -9.0199795e-03  -6.1884888e-03   2.6083252e-03
  -1.3532612e-01   6.0420304e-02  -4.5779701e+00  -1.0033450e-02  -5.3228116e-03   2.1303695e-03
  -1.3538981e-01   1.1029837e-01  -4.6177065e+00  -1.0946940e-02  -5.7532673e-03   2.1227635e-03
  -1.4670289e-01   4.5621975e-02  -4.6521385e+00  -1.0324744e-02  -5.7998100e-03   2.2219524e-03
  -1.3569102e-01   8.0206455e-02  -4.6865428e+00  -1.2086534e-02  -5.8453656e-03   2.3312315e-03
  -1.4057627e-01   5.8449564e-02  -4.6258062e+00  -9.2916364e-03  -5.3600718e-03   2.1673377e-03
  -1.9374059e-01   9.1109283e-02  -4.4528271e+00  -9.9891373e-03  -4.6336546e-03   2.4101189e-03
  -1.5586690e-01   4.4780084e-02  -4.5244217e+00  -8.6227065e-03  -5.1111583e-03   1.9936366e-03
  -1.3838503e-01   9.3350219e-02  -4.6151435e+00  -1.0198781e-02  -5.9479533e-03   2.1336578e-03
  -1.4628694e-01   4.9164817e-02  -4.6476152e+00  -1.0801014e-02  -5.7299005e-03   2.1997934e-03
  -1.2035533e-01  -2.7627089e-02  -4.2749969e+00  -5.8325540e-03  -6.4736019e-03   1.2477203e-03
  -6.1239390e-02  -2.0026479e-02  -4.5089449e+00  -4.5524188e-03  -6.3776982e-03   1.0934962e-03
  -7.5610301e-02   5.6332005e-04  -4.6079760e+00  -7.3436929e-03  -5.8051936e-03   1.0431902e-03
  -7.9473027e-02   3.2143483e-02  -4.5940601e+00  -8.5407974e-03  -5.8242821e-03   1.4070580e-03
  -1.4858733e-01  -1.1513572e-01  -4.3587458e+00  -9.5155330e-05  -5.4760998e-03   1.4438163e-03
  -1.3756868e-01   4.5202910e-02  -4.6515258e+00  -7.8240154e-03  -5.0772712e-03   1.4482113e-03
  -1.5013118e-01   1.7337283e-02  -4.6427241e+00  -7.5919543e-03  -5.1184287e-03   1.3923673e-03
  -1.5294521e-01   6.4583569e-02  -4.7054889e+00  -9.2550862e-03  -5.3138435e-03   1.4353972e-03
  -1.9608041e-01  -9.4190612e-03  -4.6739767e+00  -1.0866092e-02  -1.9225440e-03   1.4014452e-03
  -1.2578238e-01  -6.2037261e-02  -3.9811268e+00  -7.4008983e-04  -5.0158221e-03   1.2666969e-03
  -1.5735270e-01   3.0274965e-02  -4.3316336e+00  -5.1953676e-03  -6.0556151e-03   1.7292908e-03
  -1.1365353e-01   6.4583155e-02  -4.2879082e+00  -1.1413393e-02  -1.0365217e-02   3.7941154e-03
  -1.1479675e-01   9.6800470e-02  -4.0039242e+00  -9.9640916e-03  -1.0588778e-02   4.2665615e-03
  -1.2442348e-01   8.3579339e-02  -4.3188241e+00  -8.1548573e-03  -1.1063490e-02   4.9358877e-03
  -1.3342972e-01   3.6429551e-02  -4.3705045e+00  -1.0356693e-02  -9.5628526e-03   4.5873990e-03
  -1.5189010e-01   8.1955686e-02  -4.4787605e+00  -1.2120258e-02  -9.8559203e-03   4.8441300e-03
  -1.8777721e-01  -8.0328763e-02  -3.6732441e+00  -5.7414079e-03  -4.1867668e-03   2.0508199e-03
  -1.3003308e-01  -6.3628238e-02  -3.7764395e+00  -4.1254789e-03  -4.9395523e-03   2.3329190e-03
  -1.2984790e-01  -1.0272307e-02  -4.0168949e+00  -6.6085736e-03  -4.9742153e-03   2.3193221e-03
  -1.2619514e-01  -1.4755268e-02  -4.0973723e+00  -9.1620894e-03  -4.4014451e-03   1.9324070e-03
  -1.0700400e-01   1.0494029e-02  -4.0802017e+00  -1.1267738e-02  -4.8998158e-03   1.5852408e-03
  -9.6080016e-02  -1.5231771e-02  -3.7950431e+00  -5.3675893e-03  -6.8031103e-03   1.8068952e-03
  -9.0140366e-02   7.7737375e-02  -3.8005386e+00  -1.5077950e-02  -6.9770251e-03   3.1039973e-03
  -8.5218572e-02   1.0991891e-01  -3.4007753e+00  -9.5948065e-03  -1.2481249e-02   4.0381684e-03
  -7.1943771e-02   1.2033003e-01  -3.4984420e+00  -1.1331166e-02  -1.2863097e-02   4.0098671e-03
  -9.1152578e-02   7.2203821e-02  -3.5441240e+00  -1.0553652e-02  -1.2804880e-02   4.3011512e-03
  -1.3019862e-01   9.6714988e-02  -3.6961735e+00  -1.3271541e-02  -1.2043503e-02   4.0658027e-03
  -1.2562780e-01   1.6999478e-02  -3.6006827e+00  -7.4370257e-03  -9.4705725e-03   3.0514908e-03
  -1.1698927e-01   6.4044414e-02  -3.6642431e+00  -8.6024541e-03  -8.1773831e-03   2.4630604e-03
  -1.1519995e-01   4.8194419e-02  -3.7080378e+00  -9.3190528e-03  -7.9674669e-03   2.5406660e-03
  -1.5428749e-01   5.8217778e-02  -3.8141933e+00  -9.5636063e-03  -6.6424941e-03   2.3369070e-03
  -1.1832209e-01   7.0393650e-02  -3.9119899e+00  -1.1241597e-02  -6.7635744e-03   1.9280171e-03
  -1.2478203e-01   4.3705707e-02  -3.7245858e+00  -1.0246694e-02  -8.2340500e-03   2.0229148e-03
  -9.5671451e-02   2.1766521e-02  -3.8806976e+00  -8.0930391e-03  -7.0288324e-03   1.3833772e-03
  -9.5986405e-02   5.2177612e-02  -4.0221145e+00  -1.2244676e-02  -1.0868578e-02   4.1759106e-03
  -1.0842135e-01   1.1239067e-01  -3.8838012e+00  -1.0349334e-02  -1.2169835e-02   4.8439013e-03
  -1.2867613e-01   4.8615904e-02  -3.7603877e+00  -9.6861319e-03  -1.0714622e-02   4.4481463e-03
  -1.0129969e-01   2.2803064e-02  -3.8670779e+00  -9.4206881e-03  -9.3969636e-03   3.8933931e-03
  -1.1086904e-01   6.4773574e-02  -3.9368190e+00  -1.0503495e-02  -9.1064127e-03   3.8085302e-03
  -1.4241636e-01   8.4500285e-04  -4.0034425e+00  -9.8206792e-03  -8.9966431e-03   2.7905603e-03
  -1.4822597e-01   1.0944737e-02  -4.4005437e+00  -7.0927241e-03  -6.5434534e-03   2.5220729e-03
  -1.5066393e-01   3.9242971e-02  -4.3380552e+00  -1.0574225e-02  -6.3758909e-03   2.5362609e-03
  -1.4624606e-01   6.0608081e-02  -4.3394424e+00  -9.6411844e-03  -7.5224863e-03   2.4245783e-03
  -1.4126138e-01   9.7759217e-02  -4.3562138e+00  -1.0517919e-02  -7.6098602e-03   2.5132649e-03
  -1.4262011e-01   6.2413448e-02  -4.3911708e+00  -1.1370593e-02  -7.6657670e-03   2.5379563e-03
  -1.6117935e-01   9.3377235e-02  -4.5812875e+00  -1.2837025e-02  -8.5383492e-03   3.9600400e-03
  -2.2887664e-01  -4.9006540e-02  -3.9088619e+00  -3.1860786e-04  -4.2208820e-03   3.6688292e-03
  -1.9078239e-01   5.6028569e-02  -4.4649051e+00  -8.2239763e-03  -5.8994725e-03   3.5730295e-03
  -1.5400866e-01   5.1126906e-02  -4.5705890e+00  -1.0644520e-02  -5.0902059e-03   2.8667819e-03
  -1.4944727e-01   1.0046482e-01  -4.6232579e+00  -1.1611310e-02  -5.3765490e-03   2.5067099e-03
  -2.0812402e-01   4.1530476e-02  -4.6380513e+00  -1.1444477e-02  -2.6786772e-03   2.2268028e-03
  -1.7112545e-01   9.3851228e-03  -4.4396108e+00  -7.0661930e-03  -4.2120119e-03   2.3825118e-03
  -1.3801990e-01  -6.2392483e-03  -4.4250280e+00  -5.2382500e-03  -4.2577460e-03   1.7909272e-03
  -1.4102146e-01   6.8527111e-02  -4.5715601e+00  -8.6785683e-03  -4.0670365e-03   1.9177339e-03
  -1.5304387e-01   1.0447906e-01  -4.6136067e+00  -1.1089157e-02  -4.0272919e-03   2.0447323e-03
  -1.5528032e-01   7.0471643e-02  -4.6319385e+00  -1.0372823e-02  -3.7665825e-03   2.0981033e-03
  -1.5568062e-01   3.1779118e-02  -4.6576362e+00  -1.0239513e-02  -4.1108301e-03   2.0683535e-03
  -1.8018110e-01   1.2514009e-01  -4.6609871e+00  -1.4601118e-02  -5.9156044e-03   3.4461309e-03
  -1.5080884e-01   1.1889070e-01  -4.6423788e+00  -1.3094847e-02  -5.3170345e-03   3.5173659e-03
  -1.4543983e-01   1.2062607e-01  -4.6566948e+00  -1.3909976e-02  -4.8328443e-03   3.2706056e-03
  -1.4676156e-01   1.0889282e-01  -4.7175044e+00  -1.3004636e-02  -4.5597772e-03   3.0007377e-03
  -1.5575662e-01   1.0333358e-01  -4.6466380e+00  -1.2483052e-02  -5.2158588e-03   3.0301170e-03
  -1.4211383e-01   1.3458653e-01  -4.7032134e+00  -1.3495779e-02  -5.2069414e-03   2.7898787e-03
  -1.6109729e-01   6.4548583e-02  -4.6605784e+00  -1.2981178e-02  -3.8564849e-03   1.9196556e-03
  -1.7913370e-01   2.0368649e-01  -5.2588647e+00  -1.8089577e-02  -6.3611675e-03   1.9970393e-03
  -1.5957568e-01   2.0477201e-01  -5.2652588e+00  -1.8652524e-02  -5.3670506e-03   1.6020983e-03
  -1.2963709e-01   3.4174177e-01  -5.3072262e+00  -2.0727220e-02  -6.4340231e-03   2.0974874e-03
  -2.1548058e-01   1.7425647e-01  -5.3862792e+00  -1.2833826e-02  -2.2685117e-05   1.7082965e-03
  -2.2657572e-01   2.1133230e-01  -5.4081264e+00  -3.2436577e-02  -1.9091931e-03   2.4238319e-03
  -2.4010957e-01   1.2547709e-01  -4.1499477e+00  -2.1308971e-02   4.3724255e-03   7.9545181e-04
  -1.9248324e-01   9.2471474e-02  -3.4666627e+00  -1.0546075e-02   4.1638518e-03  -4.2719273e-05
  -1.6382797e-01   7.6762571e-02  -3.5218279e+00  -1.1863745e-02   4.0055122e-03  -5.6890626e-05
  -1.6857506e-01   1.2781151e-01  -3.4843819e+00  -1.2927880e-02   4.0437984e-03  -2.0358634e-04
  -1.9140168e-01   7.5739851e-02  -3.6613742e+00  -9.9952940e-03   6.8514681e-03  -9.6307373e-04
  -1.8207177e-01   1.6128682e-01  -3.8904506e+00  -1.5423420e-02   6.5481288e-03  -4.6698057e-04
  -1.7745679e-01   1.5216994e-01  -3.9301924e+00  -1.6629696e-02   6.5264813e-03  -3.0592695e-04
  -1.7559132e-01   1.7204873e-01  -3.9611015e+00  -1.5812520e-02   5.5176455e-03  -2.9790625e-04
  -1.6852969e-01   1.6043329e-01  -3.9245053e+00  -1.5673147e-02   5.6796583e-03  -3.9364359e-04
  -1.3549117e-01   1.8147312e-01  -3.8953227e+00  -1.9347331e-02   3.8581618e-03  -3.6455712e-04
  -1.1391697e-01   6.5318072e-02  -3.8115526e+00  -1.2954402e-02   2.7777967e-03  -5.6596077e-04
  -9.0735168e-02   1.8512691e-01  -3.9914596e+00  -1.6318213e-02  -1.3410408e-03   1.4591547e-03
  -1.3344777e-01   8.3465932e-02  -3.4672508e+00  -1.3878242e-02  -2.9186661e-03   1.6157411e-03
  -8.0925112e-02   4.0888202e-02  -3.2881673e+00  -9.1433562e-03  -2.6120745e-03   8.6785220e-04
  -6.9996890e-02   3.4848934e-02  -3.3699214e+00  -1.0196869e-02  -2.9921442e-03   8.9307376e-04
  -1.1130476e-01  -2.5911884e-02  -3.3304488e+00  -9.6266641e-03   1.5498437e-03   4.0832183e-04
  -1.4722317e-01   7.9508864e-02  -3.5965751e+00  -1.1330701e-02   1.0299450e-03   1.3670093e-03
  -1.6249358e-01   9.8498429e-02  -3.6942997e+00  -1.2533012e-02   1.1355523e-03   1.4110808e-03
  -1.4328825e-01   1.1792066e-01  -3.7341413e+00  -1.3945917e-02   1.4102499e-03   1.1941997e-03
  -1.2939615e-01   1.3294851e-01  -3.8055135e+00  -1.4989997e-02   2.7812763e-04   1.2578158e-03
  -1.3540886e-01   7.5610375e-02  -3.9056108e+00  -1.4182439e-02   1.1448325e-03   1.0000079e-03
  -1.3911710e-01   1.3557826e-01  -3.8861472e+00  -1.5788526e-02   1.6013630e-03   9.3010297e-04
  -4.4341386e-02  -2.0715616e-02  -3.4418359e+00  -1.1741776e-02  -4.9869530e-03   4.6763030e-04
  -6.4677452e-02   1.2103137e-01  -3.6959848e+00  -1.5651632e-02  -4.3168064e-03   1.4702586e-03
  -2.3114833e-02   8.0192588e-02  -3.5814786e+00  -1.3693868e-02  -5.2625177e-03   1.6788405e-03
  -1.1452470e-01   9.6601856e-02  -3.6173583e+00  -1.4521271e-02  -2.2680816e-03   1.7884403e-03
  -1.3246354e-01   2.1275494e-03  -3.8019036e+00  -1.2345576e-02  -1.1555513e-03   1.2529594e-03
  -2.3823658e-01   1.4326897e-01  -3.9271959e+00  -1.2437832e-02  -1.5615885e-03   2.9984004e-03
  -2.2344769e-01   1.9471778e-01  -4.0832526e+00  -1.7351125e-02  -2.3760348e-03   2.3603047e-03
  -1.5463166e-01   9.5028121e-02  -3.9871907e+00  -1.4416644e-02  -3.6366740e-03   1.4519739e-03
  -1.5093650e-01   1.7547090e-01  -4.0653535e+00  -1.5531687e-02  -3.9757305e-03   1.4232194e-03
  -1.2112817e-01   1.2561214e-01  -4.1126067e+00  -1.5061136e-02  -3.3737219e-03   6.6238623e-04
  -1.3796646e-01   1.4296401e-01  -3.9153041e+00  -1.4556729e-02  -2.1053070e-03   1.0300461e-03
  -1.3592895e-01   1.3974975e-01  -3.9104653e+00  -1.3691776e-02  -1.8824797e-03   9.2585921e-04
  -1.3119875e-01   1.4190418e-01  -3.9365481e+00  -1.5112993e-02  -1.4025732e-03   6.5815690e-04
  -1.4669978e-01   1.3925495e-01  -3.9911805e+00  -1.9354508e-02  -2.5920370e-03   2.5297008e-03
  -2.2804571e-01   6.0243319e-02  -3.4829569e+00  -1.2211889e-02   7.1482663e-04   3.2383001e-03
  -2.1160894e-01   8.2670219e-02  -3.6031285e+00  -1.0769003e-02   9.5707688e-04   2.9213482e-03
  -2.1080850e-01   1.1787579e-02  -3.6317911e+00  -9.1666170e-03   1.5508113e-03   2.5004120e-03
  -2.1401988e-01   4.0369412e-02  -3.5040869e+00  -9.2004543e-03   2.3488573e-03   1.6246124e-03
  -2.0102739e-01   4.3362952e-02  -3.6553497e+00  -1.0167078e-02   2.1439188e-03   1.6121997e-03
  -1.9343048e-01   7.5953311e-02  -3.7940954e+00  -1.2258383e-02   1.5520447e-03   1.6587361e-03
  -1.9425519e-01   9.8172943e-02  -3.8254535e+00  -1.2947377e-02   1.6137344e-03   1.8150846e-03
  -1.9196470e-01   1.1161206e-01  -3.8419385e+00  -1.2987353e-02   1.1288322e-03   1.9170249e-03
  -1.8297623e-01   1.1952585e-01  -3.8545542e+00  -1.3625198e-02   1.9237746e-03   1.4875961e-03
  -1.3783631e-01   1.1943458e-01  -3.8646937e+00  -1.3109220e-02  -2.3815872e-04   1.5199067e-03
  -1.0930351e-01   9.7580616e-02  -3.6793535e+00  -1.0149585e-02   4.4212012e-04   9.2297500e-04
  -1.1941042e-01   1.0096343e-01  -3.7378289e+00  -1.1436405e-02   5.1042784e-04   1.1593621e-03
  -1.1748981e-01   1.0767306e-01  -3.7302830e+00  -1.1034065e-02   6.7490077e-04   1.3770660e-03
  -1.2397731e-01   5.0345515e-02  -3.6855005e+00  -1.0394607e-02   3.2907506e-04   1.1514520e-03
  -7.1985176e-02  -7.3360162e-02  -3.4265740e+00  -1.9670124e-03  -1.7721967e-03  -3.3573709e-05
  -1.2462156e-01   6.4017768e-02  -3.5327296e+00  -9.4400324e-03   1.4362315e-04  -1.3151086e-04
  -1.0005710e-01   5.4333206e-02  -3.6145988e+00  -7.1201295e-03   3.7472017e-04  -1.3897234e-04
  -9.7962694e-02   1.1069005e-01  -3.6531439e+00  -9.0993102e-03   2.2775132e-04  -7.4037752e-05
  -8.6363851e-02   3.9611994e-02  -3.6647198e+00  -1.1925461e-02   7.1245140e-04  -6.1258566e-04
  -1.5415025e-01   9.0493503e-02  -3.5277724e+00  -8.1395373e-03   1.4914869e-03   3.3358549e-04
  -1.7323714e-01   4.0247635e-02  -3.5363195e+00  -8.8000770e-03   3.2502344e-03   2.7092296e-04
  -1.7333260e-01   1.1999776e-01  -3.5269288e+00  -1.0298912e-02   2.1962618e-03   6.0174066e-04
  -1.2330079e-01   7.2305912e-02  -3.2478034e+00  -7.9223685e-03  -3.8823548e-03   2.8378844e-03
  -1.3962010e-01   8.5400449e-02  -3.5737181e+00  -1.0895035e-02  -1.9734153e-03   2.8984437e-03
  -1.2619897e-01   6.3005912e-02  -3.6443456e+00  -1.1373865e-02  -2.5169859e-03   2.5262159e-03
  -1.3388386e-01   7.7307076e-02  -3.6575808e+00  -1.1426205e-02  -2.2370568e-03   2.7039954e-03
  -1.2080373e-01   8.9916046e-02  -3.7150043e+00  -1.2691188e-02  -2.1277595e-03   2.3063648e-03
  -1.2635381e-01   5.2822551e-02  -3.6044715e+00  -1.1975969e-02   8.7650021e-04   3.8716113e-04
  -1.3332941e-01   9.7178467e-02  -3.6038502e+00  -9.5314193e-03   4.8470788e-04   5.9953935e-04
  -1.8326986e-01   5.0745273e-02  -3.5932998e+00  -7.0737697e-03   3.2971108e-03   7.6053927e-04
  -1.6030402e-01   1.5542898e-01  -3.7280050e+00  -1.3491296e-02   1.9357998e-03   6.6795628e-04
  -1.3202115e-01   7.7357350e-02  -3.3602583e+00  -9.2209801e-03   1.9984352e-03   3.0941516e-04
  -1.1907463e-01   1.1166881e-01  -3.5874490e+00  -1.2585327e-02   1.2811293e-03   3.1897449e-04
  -1.3513137e-01   3.9311806e-02  -3.3347050e+00  -9.9732530e-03  -2.5462416e-03   2.2897392e-03
  -1.2000936e-01   1.0368889e-01  -3.5002916e+00  -1.1241743e-02  -3.5193589e-03   2.4993822e-03
  -1.3069686e-01   7.0782991e-02  -3.6037064e+00  -1.2875213e-02  -2.4422388e-03   2.4905981e-03
  -1.4016338e-01   9.2800015e-02  -3.7055297e+00  -1.2761660e-02  -2.4110521e-03   2.6887360e-03
  -1.3541277e-01   5.1341542e-02  -3.7559231e+00  -1.1575689e-02  -3.4362944e-04   1.3485695e-03
  -1.9714793e-01   7.8450160e-02  -3.6253281e+00  -1.1889820e-02   3.3521946e-03   1.9449006e-03
  -1.5830016e-01  -4.4188479e-02  -3.2485672e+00  -6.4745227e-03   2.6669552e-03   1.0477165e-03
  -1.4484121e-01   1.2634948e-01  -3.5101499e+00  -9.7336775e-03   1.2390852e-03   1.2584253e-03
  -1.3201195e-01   1.1062595e-01  -3.5734710e+00  -1.0306081e-02   1.1490289e-03   7.0136913e-04
  -1.2017564e-01   1.0271387e-01  -3.5968855e+00  -1.1143523e-02   9.4907884e-04   7.0551180e-04
  -1.2498836e-01   1.1119221e-01  -3.6053760e+00  -1.1380873e-02   1.0697539e-03   9.5524841e-04
  -1.1357960e-01   9.8738342e-02  -3.6178595e+00  -1.1492086e-02   1.0272040e-03   9.5061737e-04
  -7.6617248e-02   1.7153931e-01  -3.6403612e+00  -1.6445046e-02   1.6724934e-03  -7.7724348e-04
  -7.0693649e-02   9.3004128e-03  -3.3061283e+00  -5.3516300e-03  -2.0182121e-03  -6.2640755e-04
  -8.3768545e-02   8.3009744e-02  -3.5350853e+00  -9.5946553e-03  -1.0679863e-03  -3.0571218e-04
  -9.5062726e-02   6.5970397e-02  -3.5885346e+00  -9.3362233e-03  -5.3815728e-04  -1.3191609e-04
  -1.0306435e-01   5.1767033e-02  -3.6154747e+00  -9.9469467e-03  -5.7782399e-04  -1.8045020e-06
  -1.0146563e-01   6.6851250e-02  -3.6123974e+00  -9.6251566e-03  -2.8091651e-04  -1.1596023e-04
  -1.3137771e-01   2.4733778e-02  -3.5337460e+00  -7.6507233e-03   9.8555734e-04  -1.6184354e-04
  -1.3794348e-01   9.9656969e-02  -3.6939977e+00  -9.7935405e-03   1.0412732e-03   1.4802447e-04
  -1.3736370e-01   5.1214364e-02  -3.6815937e+00  -1.0127561e-02   1.6393055e-03   1.6977682e-04
  -1.3499755e-01  -4.9234312e-02  -3.6985260e+00  -2.6886312e-03   3.8949297e-04  -1.4218558e-04
  -1.0646945e-01   8.6277334e-02  -3.9379197e+00  -9.9474871e-03  -5.6628980e-04  -5.3434040e-05
  -6.7645646e-02   1.9145855e-01  -3.9626539e+00  -1.4851039e-02  -1.5764710e-03   4.3962279e-04
  -1.0564160e-01   1.3829628e-01  -3.9005613e+00  -1.3712275e-02  -4.9574384e-03   3.0888177e-03
  -1.0816455e-01   1.6474734e-01  -3.9327408e+00  -1.3680918e-02  -5.1693256e-03   3.6950219e-03
  -9.5080737e-02   1.6669759e-01  -3.9698450e+00  -1.4675761e-02  -4.3180284e-03   3.1275541e-03
  -1.4117884e-01   1.7039119e-01  -4.0586061e+00  -1.4995567e-02  -3.8150586e-03   3.8629759e-03
  -1.2443721e-01   1.7937589e-01  -4.0592635e+00  -1.5539721e-02  -3.8712284e-03   3.8772833e-03
  -1.3372395e-01   1.8030506e-01  -4.0643027e+00  -1.5635149e-02  -3.7823602e-03   3.7727765e-03
  -1.6496347e-01   5.0751228e-02  -4.0622459e+00  -1.4692396e-02   3.2255645e-04   1.6491604e-03
  -1.4378754e-01   6.5847935e-02  -4.1178239e+00  -8.9100743e-03   3.4025611e-04   2.7295381e-03
  -1.3490106e-01   1.3173098e-01  -4.1033739e+00  -1.2662989e-02   6.3992492e-04   2.5799697e-03
  -1.3577668e-01   9.7307788e-02  -4.1558402e+00  -1.3064385e-02  -9.6481998e-06   2.3766636e-03
  -1.1777997e-01   1.5848922e-01  -3.9261652e+00  -1.3280714e-02  -2.2217907e-03   2.6442217e-03
  -1.0888030e-01   1.1379542e-01  -3.9870500e+00  -1.2455120e-02  -8.7788250e-04   2.2790088e-03
  -9.8274083e-02   9.8772031e-02  -4.0175935e+00  -1.2409068e-02  -5.7347825e-03   4.4360901e-03
  -9.4116309e-02   2.0049918e-01  -4.1354754e+00  -1.5836272e-02  -5.3398040e-03   4.3713496e-03
  -1.2969783e-01   1.9167018e-01  -4.2200142e+00  -1.6349275e-02  -5.1483115e-03   4.5270390e-03
  -1.2201816e-01   1.7946792e-01  -4.2282440e+00  -1.5634721e-02  -5.3406950e-03   4.4919238e-03
  -1.2081862e-01   1.7167505e-01  -4.2882198e+00  -1.5782770e-02  -5.4349435e-03   4.5963914e-03
  -1.6338383e-01   1.2842766e-01  -4.3003504e+00  -1.6290078e-02  -1.0953612e-03   3.3206146e-03
  -1.6458547e-01   1.4097316e-01  -4.0110503e+00  -1.2596533e-02  -2.6333822e-03   4.1284389e-03
  -1.5495678e-01   1.6708638e-01  -4.0724398e+00  -1.3857360e-02  -3.1874073e-03   4.3329751e-03
  -1.4837883e-01   1.1952612e-01  -4.0946459e+00  -1.4767330e-02  -3.1965400e-03   3.9154531e-03
  -1.6817306e-01   5.8430431e-03  -3.9271316e+00  -6.1730409e-03   9.8822538e-05   2.0799837e-03
  -6.0107632e-02  -5.7353084e-02  -3.6786598e+00  -5.4444090e-03  -2.2972810e-03   9.8679141e-04
  -8.6796583e-02   9.7956735e-02  -3.9511101e+00  -9.8525728e-03  -1.8611446e-03   1.3555785e-03
  -9.1322601e-02   7.9471683e-02  -3.9171667e+00  -1.1295929e-02  -1.3349907e-03   1.1488508e-03
  -1.3561803e-01   5.6489635e-02  -3.8228986e+00  -8.0374237e-03   9.2499650e-04   1.5800968e-03
  -1.5897197e-01   1.1616667e-01  -3.9686856e+00  -1.1548624e-02   5.9926298e-04   2.1191015e-03
  -1.4132042e-01   1.2022268e-01  -3.9661434e+00  -1.1231885e-02   1.2729187e-03   1.6937760e-03
  -1.6322914e-01   7.1566918e-02  -4.0186071e+00  -9.1065006e-03   1.1015415e-03   1.0580896e-03
  -1.7108639e-01   4.0754064e-02  -3.9981720e+00  -8.8910903e-03   3.6368671e-03   6.1053907e-04
  -1.4545246e-01   8.0551142e-02  -4.0407929e+00  -9.8599221e-03   1.3361086e-03   9.2939961e-04
  -1.5311842e-01   7.7612698e-02  -4.0082715e+00  -9.9434310e-03   1.8592152e-03   8.3315152e-04
  -1.5093141e-01   9.1893313e-02  -4.0420217e+00  -1.0948575e-02   1.8684774e-03   9.6837122e-04
  -1.7514803e-01  -3.1121303e-02  -3.5693585e+00  -3.7432625e-03   2.9176319e-03   6.6102955e-04
  -1.5287259e-01   3.3935084e-02  -3.7795609e+00  -1.0771574e-02   1.3130116e-03   8.1463833e-04
  -1.1007112e-01   4.0813701e-02  -3.6479238e+00  -7.3852546e-03   1.4420342e-03   3.1765455e-04
  -1.1489669e-01   2.5910862e-02  -3.7326288e+00  -8.3800819e-03   2.0316761e-03   2.7823908e-04
  -1.3831567e-01   8.4105281e-02  -3.7886924e+00  -9.4950212e-03   2.1619418e-03   7.0653250e-04
  -1.1690059e-01   5.6393449e-02  -3.8988493e+00  -1.0037063e-02   2.4856231e-03   2.4706169e-04
  -1.5164716e-01   4.5068557e-02  -3.9068045e+00  -1.2410221e-02   2.6516867e-03   7.9477368e-04
  -1.6858923e-01   5.4307616e-02  -3.8338463e+00  -7.3425318e-03   2.5349565e-03   7.3195243e-04
  -1.5966945e-01   8.7553619e-02  -3.8966808e+00  -9.3427748e-03   2.4624424e-03   6.9851374e-04
  -1.5665358e-01   8.6167890e-02  -3.9644697e+00  -7.9446565e-03   2.2272403e-03   6.9288970e-04
  -1.6461409e-01   7.9581717e-02  -3.9881579e+00  -9.9609835e-03   2.5436786e-03   8.0747032e-04
  -1.6162854e-01   1.1033660e-01  -4.0624484e+00  -1.2797668e-02   2.9082461e-03   5.9133383e-04
  -1.4174445e-01   3.5858624e-02  -3.9069649e+00  -7.2520960e-03   1.5232605e-03   4.3807329e-04
  -1.1980795e-01  -5.3366570e-02  -3.5974311e+00  -4.9309381e-03   1.1366636e-03   1.6995355e-04
  -1.2907679e-01   4.6492282e-02  -3.7629834e+00  -9.9473682e-03  -9.9311460e-04   1.6335315e-03
  -1.6820352e-01  -3.3583876e-02  -3.5310389e+00  -6.7352478e-03   2.9027303e-03   1.3344648e-03
  -1.9229280e-01  -1.9634109e-02  -3.7248585e+00  -3.6037012e-03   3.3918245e-03   1.3465515e-03
  -1.7735192e-01   1.1118322e-02  -3.9437032e+00  -6.1986580e-03   1.4234676e-03   1.2167810e-03
  -2.1686707e-01  -1.9584230e-02  -3.7592549e+00  -6.1495599e-03   4.5243091e-03  -3.2033807e-04
  -1.6376598e-01   8.4413131e-03  -3.7664297e+00  -5.3531293e-03   4.9021098e-03  -1.1001611e-04
  -1.5162827e-01  -7.2668823e-03  -3.8698462e+00  -6.6770038e-03   3.8014251e-03   1.1111171e-04
  -1.5807958e-01  -1.4942053e-02  -3.8956313e+00  -6.7120068e-03   4.1798798e-03   3.8334747e-05
  -1.5488862e-01   3.4319830e-02  -3.9827788e+00  -8.2370509e-03   4.0031325e-03   1.0575281e-04
  -1.9020544e-01   2.0889923e-02  -4.0912146e+00  -8.0654837e-03   4.2819803e-03   2.4332028e-04
  -1.5227964e-01   6.2376100e-02  -4.0095144e+00  -7.6452423e-03   3.9374434e-03  -4.6848485e-05
  -1.4741412e-01   4.5929386e-02  -4.1739984e+00  -8.6946687e-03   3.6922919e-03  -1.3940252e-04
  -1.4614736e-01   9.3466392e-02  -4.0398279e+00  -8.9603853e-03   3.7924875e-03  -6.9982462e-05
  -1.3713026e-01   7.4730270e-02  -4.0047549e+00  -9.2607323e-03   3.7239219e-03  -1.1692603e-04
  -1.3605252e-01   5.0921780e-02  -4.0237501e+00  -9.8547621e-03   3.7218643e-03  -2.0553019e-04
  -1.4382551e-01  -2.2879001e-02  -3.7733486e+00  -4.1878466e-03   4.1888742e-03  -3.2168158e-04
  -1.5601230e-01   8.0604044e-02  -4.0091257e+00  -9.4138737e-03   4.6193091e-03  -1.2085430e-04
  -1.4381516e-01   5.5627757e-02  -3.9956137e+00  -9.0250077e-03   4.1845922e-03  -3.3144032e-04
  -1.3543898e-01   7.0822598e-02  -4.0498378e+00  -9.8361130e-03   4.4968673e-03  -3.9073128e-04
  -1.5996514e-01   7.3371784e-02  -4.0705957e+00  -1.0507199e-02   5.6620589e-03  -7.2340913e-04
  -1.5074149e-01   9.4109128e-02  -4.1020621e+00  -8.9293785e-03   3.4704134e-03  -2.2384596e-04
  -1.4778879e-01   8.7598244e-02  -4.0654116e+00  -1.0460050e-02   3.3869453e-03  -2.4564560e-04
  -1.4186102e-01   1.1074263e-01  -4.1265349e+00  -1.1265636e-02   3.9610834e-03  -2.0491185e-04
  -1.5086910e-01   8.7001444e-02  -4.0970166e+00  -1.0958154e-02   4.2808281e-03  -1.6163156e-04
  -1.5747156e-01   2.0433246e-03  -3.6623961e+00  -3.7090777e-03   3.7774002e-03  -3.6507648e-04
  -1.2952849e-01   6.5724314e-02  -3.9573384e+00  -8.3398494e-03   2.9862199e-03  -5.3860600e-04
  -1.4434593e-01   6.2445413e-02  -4.0210407e+00  -1.0019299e-02   2.8207083e-03  -2.8816611e-04
  -1.4937609e-01   7.5312841e-02  -4.0594205e+00  -1.1078593e-02   3.0408011e-03   1.3575048e-04
  -1.8402857e-01  -3.2622649e-03  -3.9906519e+00  -8.3037939e-03   5.4826622e-03  -2.5860074e-04
  -1.6850373e-01   1.0480446e-01  -4.1319192e+00  -8.7496510e-03   4.6591010e-03   9.7740475e-05
  -1.6054807e-01   5.6834932e-02  -4.1562792e+00  -9.5129602e-03   4.9063548e-03   2.0965076e-04
  -1.5836365e-01   9.6330033e-02  -4.2253738e+00  -1.0663735e-02   4.9157873e-03   4.9233247e-06
  -1.8935515e-01   9.4418523e-02  -4.2595328e+00  -1.2379585e-02   6.1423386e-03  -2.4033906e-04
  -1.9119610e-01   6.4577476e-02  -4.1688617e+00  -1.0704375e-02   5.1461465e-03   3.4877855e-04
  -1.7684436e-01   8.9127124e-02  -4.1743914e+00  -1.0828751e-02   4.7723401e-03   1.6207323e-04
  -2.4719132e-01   6.1937537e-02  -3.8574839e+00  -1.6378219e-02   6.0187153e-03   6.9058975e-04
  -1.9404791e-01   1.2211460e-01  -4.4580872e+00  -9.3681219e-03   1.5352484e-03   9.4466271e-04
  -1.9546320e-01   8.1590550e-02  -4.1578921e+00  -8.4191722e-03   3.2941690e-03   5.6686337e-04
  -1.9634048e-01  -4.6742703e-02  -4.2296667e+00  -9.4303736e-03   4.6476082e-03  -9.1321934e-05
  -1.8091735e-01  -4.0109049e-02  -3.8567029e+00  -5.4823890e-04   4.8278347e-04   3.9218878e-04
  -1.7912521e-01  -9.9683902e-02  -3.9888233e+00  -7.5928528e-04  -1.8392107e-03   2.7247851e-04
  -1.3502233e-01  -2.2800018e-02  -4.2028799e+00  -4.1933098e-03  -4.2456945e-03   4.9429508e-04
  -1.3222144e-01  -2.3154914e-02  -4.1885950e+00  -5.3961635e-03  -3.8582082e-03   5.4735036e-04
  -1.3220486e-01  -9.2602381e-03  -4.2617225e+00  -6.4263977e-03  -3.7372774e-03   6.9649463e-04
  -1.2542831e-01   5.5920921e-04  -4.2425135e+00  -7.4766505e-03  -4.2148281e-03   6.2118997e-04
  -1.1990735e-01   1.7292987e-02  -4.2521406e+00  -8.0636283e-03  -4.3672342e-03   6.0267717e-04
  -1.1744346e-01  -1.3145327e-02  -4.2639358e+00  -7.9518713e-03  -4.1580087e-03   3.1064865e-04
  -1.2412371e-01   3.4389549e-02  -4.2798238e+00  -8.5077995e-03  -3.8379469e-03   3.9913393e-04
  -1.1437047e-01   2.9419649e-02  -4.2621851e+00  -8.0798051e-03  -4.0189393e-03   4.3122500e-04
  -1.2113944e-01   3.4020340e-02  -4.2901880e+00  -8.7137451e-03  -4.2670172e-03   6.3291936e-04
  -1.6684470e-01   6.1370598e-03  -4.2890635e+00  -8.6840952e-03  -1.2039897e-03  -3.5138807e-05
  -1.7271682e-01   4.5443450e-02  -4.3559358e+00  -7.7909212e-03  -1.7506518e-04   3.6551443e-04
  -1.0605674e-01  -6.7220689e-02  -3.8815136e+00  -1.8451530e-03  -1.3977206e-03  -2.6163289e-04
  -1.0592675e-01   1.8475013e-02  -3.9882222e+00  -5.4086354e-03  -2.0287812e-03   2.0364438e-04
  -9.5614118e-02  -1.1344899e-02  -3.9958438e+00  -5.4530058e-03  -1.7507337e-03   1.0009832e-04
  -1.0340510e-01   1.9000974e-02  -4.0715489e+00  -6.3773412e-03  -1.8916090e-03   1.6724054e-04
  -9.7653181e-02  -1.0222185e-02  -4.1415925e+00  -1.0439584e-02  -4.3251295e-03   1.1198182e-03
  -1.5289711e-01   3.4280078e-02  -4.3534302e+00  -8.2587453e-03  -2.6052772e-03   1.6510133e-03
  -1.6453537e-01   3.5050819e-02  -4.4162637e+00  -9.9729076e-03  -2.5720239e-03   1.7300521e-03
  -1.5081723e-01   8.0752722e-02  -4.4649019e+00  -1.1338636e-02  -2.9563485e-03   1.8832572e-03
  -1.4852636e-01   8.3575674e-02  -4.4633189e+00  -1.1651845e-02  -2.7787743e-03   2.1360702e-03
  -1.8549144e-01   6.2782131e-02  -4.4709690e+00  -9.5591406e-03  -1.5361710e-03   1.4741565e-03
  -1.6784530e-01   5.8200043e-02  -4.4368136e+00  -9.5469205e-03  -1.3435062e-03   1.3191586e-03
  -1.6509383e-01   6.4214547e-02  -4.4767236e+00  -1.0059302e-02  -1.6528119e-03   1.3309722e-03
  -2.7164198e-01   9.1036161e-03  -4.3556500e+00  -1.6005422e-02   9.4564027e-04   3.0470602e-03
  -2.1213586e-01   1.2350530e-02  -3.6986645e+00   2.1518976e-03   1.0957530e-04   1.5295750e-03
  -2.3653889e-01   1.1408711e-01  -4.0062821e+00  -1.8452400e-02  -1.7578232e-03   2.7901986e-03
  -1.8775052e-01   1.2672784e-01  -4.3741207e+00  -1.8388115e-02  -5.5548645e-04   2.1049787e-03
  -2.4559366e-01   1.1781039e-01  -4.0010518e+00  -1.4823135e-02   7.7164776e-04   2.4532750e-03
  -2.1414368e-01   6.1753941e-02  -4.2413282e+00  -1.0269172e-02  -5.8604342e-04   1.7734132e-03
  -1.8637792e-01   2.0606720e-03  -4.1035817e+00  -1.4353889e-02   2.0582184e-03   6.5633325e-04
  -1.6802190e-01   8.2210711e-02  -4.1005747e+00  -1.3871832e-02   8.7612131e-04   6.6690791e-04
  -1.7877948e-01   1.3317066e-01  -4.1679887e+00  -1.6417137e-02   8.1441294e-04   1.0639252e-03
  -1.7096991e-01   1.0663139e-01  -4.1593653e+00  -1.5184722e-02   1.3073356e-03   6.6464658e-04
  -1.6247270e-01   1.0100803e-01  -4.2316188e+00  -1.6578013e-02   6.3733544e-04   7.2660762e-04
  -1.6823231e-01   1.5569693e-01  -4.2760262e+00  -1.7326517e-02   1.0586659e-03   4.7698510e-04
  -1.5671938e-01   1.5443259e-01  -4.2495412e+00  -1.7577350e-02   7.5478911e-04   6.3405923e-04
  -1.8046274e-01   1.1702133e-01  -4.2931756e+00  -1.6162782e-02   1.2808191e-03   8.2675468e-04
  -1.7784167e-01   1.1636591e-01  -4.3022149e+00  -1.6302720e-02   1.4221684e-03   1.0643978e-03
  -1.7036897e-01   1.5546259e-01  -4.3572365e+00  -1.7326322e-02   1.0048903e-03   8.7541019e-04
  -1.7539729e-01   1.4316709e-01  -4.3228427e+00  -1.7137455e-02   5.4800955e-04   9.4926551e-04
  -1.5927193e-01   1.9038522e-02  -3.8843926e+00  -1.0896747e-02   4.7225869e-04   3.0816405e-04
  -1.5962981e-01   9.2801033e-02  -4.0671493e+00  -1.4455911e-02  -7.7742768e-04   8.4162804e-04
  -1.5795952e-01   1.5569582e-01  -4.1093546e+00  -1.5181044e-02  -9.2562707e-04   9.0480105e-04
  -1.6684325e-01   1.5118748e-01  -4.1228991e+00  -1.5859157e-02  -1.4916346e-04   9.6097249e-04
  -1.5674840e-01   8.5999877e-02  -4.0695861e+00  -1.3147537e-02  -4.4538144e-04   6.1860886e-04
  -1.6518492e-01   1.3296527e-01  -4.1616855e+00  -1.4633678e-02  -7.8918587e-04   1.0231165e-03
  -1.5372905e-01   1.5856098e-01  -4.1734142e+00  -1.5280540e-02  -4.0560159e-05   6.4600211e-04
  -2.0541204e-01  -9.7457199e-03  -3.8425151e+00  -7.3903947e-03   2.5415965e-03   6.0268157e-04
  -2.0599025e-01   1.3926070e-01  -4.1360755e+00  -1.2885054e-02   1.1742779e-03   1.0190086e-03
  -1.7859827e-01   7.3075381e-02  -4.2295769e+00  -1.3519077e-02   8.0189173e-04   8.9223734e-04
  -1.6274560e-01   1.6132478e-01  -4.3312769e+00  -1.8523683e-02  -4.4180129e-04   6.9138244e-04
  -9.9706530e-02  -1.1839732e-01  -3.3255065e+00  -6.3393624e-04  -6.3544492e-04  -5.8749898e-04
  -1.2362148e-01  -1.1719264e-02  -3.5451196e+00  -6.2112817e-03  -7.3486639e-04  -2.3296295e-04
  -1.1525623e-01  -2.5587172e-02  -3.6487811e+00  -6.7145405e-03  -5.7199012e-04  -5.2211435e-04
  -1.3582272e-01   5.4295679e-02  -3.7951067e+00  -8.4171971e-03   7.0750419e-04  -3.2371226e-04
  -1.5129124e-01   4.3787975e-02  -3.8521430e+00  -8.9424054e-03  -2.0671261e-04   1.8798602e-04
  -1.4810581e-01   1.5451007e-02  -3.8471831e+00  -8.5510723e-03   6.0645199e-04   8.0877571e-05
  -1.2566836e-01   6.5626244e-02  -3.8871932e+00  -1.0193174e-02   3.0632007e-04  -1.5545465e-04
  -1.9458452e-01   1.4406028e-02  -3.8826786e+00  -9.1842362e-03   1.3898438e-03   1.6940118e-04
  -1.6382904e-01   3.3822675e-02  -4.0393413e+00  -1.5026205e-02   1.6404105e-03   5.8199530e-04
  -1.4351802e-01  -3.5368474e-02  -3.8372043e+00  -7.1970575e-03  -3.1065686e-04  -1.4306522e-04
  -1.3325832e-01   2.7317156e-02  -4.0546380e+00  -9.3891749e-03  -9.3228634e-04  -1.6162490e-05
  -1.2906211e-01   8.0831891e-02  -4.0765457e+00  -1.1880008e-02  -1.7488554e-03   3.5237330e-04
  -1.2506842e-01   3.7813053e-02  -3.8618214e+00  -9.1041456e-03  -2.4160142e-03   1.4943725e-06
  -1.0214472e-01   8.8702338e-03  -3.9119225e+00  -9.4050848e-03  -1.9870110e-03  -2.6217393e-04
  -1.2047476e-01   3.8595473e-02  -4.0879692e+00  -1.0684271e-02  -2.2322774e-03  -4.1997960e-04
  -1.1724156e-01   4.7967370e-02  -3.9971077e+00  -9.9905500e-03  -1.5165735e-03  -1.6452543e-04
  -1.2216476e-01   5.4630434e-02  -4.0377820e+00  -1.0578361e-02  -1.2544142e-03  -1.5374513e-04
  -1.4344910e-01   4.1824346e-02  -3.9952841e+00  -9.1630550e-03  -1.5219744e-03  -3.9335910e-04
  -9.5509126e-02   7.0184350e-03  -3.9747084e+00  -8.0900341e-03  -3.0522600e-04  -8.2889339e-04
  -1.1528852e-01   2.7422983e-02  -3.9722806e+00  -8.9666025e-03  -7.4426809e-04  -5.6308609e-05
  -1.6897997e-01   3.2070397e-02  -3.8853843e+00  -6.8527141e-03   1.1377473e-03  -6.3306422e-05
  -2.2476791e-01   8.9540981e-02  -3.8623487e+00  -7.8636836e-03   2.7005759e-03   3.0463249e-04
  -1.6313201e-01   3.3165198e-02  -4.0247215e+00  -8.7713207e-03   1.8602733e-03  -3.1691388e-04
  -1.5178595e-01   8.4535251e-02  -4.1144838e+00  -1.0853634e-02   6.0087673e-04  -2.8928100e-05
  -1.4230681e-01   5.0923249e-02  -4.1222587e+00  -1.1736877e-02   1.3874163e-03  -4.3909881e-04
  -1.4828777e-01   5.5938924e-02  -4.0952888e+00  -1.1265711e-02   1.2427922e-03  -2.0025278e-04
  -1.6676782e-01   5.4148558e-02  -4.0691603e+00  -1.0717463e-02   1.2704018e-03   4.9929202e-05
  -1.5466536e-01  -1.3457847e-01  -4.2181382e+00  -2.5742141e-03   1.8556553e-03  -4.7891412e-04
  -1.8974375e-01   6.1004172e-02  -4.5916018e+00  -1.0019546e-02   5.4408867e-04   5.1758540e-04
  -1.8593449e-01  -3.8898697e-02  -4.5669762e+00  -9.8466275e-03   5.1678956e-04   5.1344358e-04
  -1.8834879e-01   1.0989001e-01  -4.7152969e+00  -1.2661148e-02   1.2172418e-04   6.1560720e-04
  -1.8829632e-01   1.0035678e-01  -4.7202844e+00  -1.2919652e-02  -3.1716164e-04   6.6754215e-04
  -1.8364794e-01   1.0891958e-01  -4.7247887e+00  -1.3804855e-02  -4.6364245e-04   9.7848969e-04
  -2.8796990e-01   9.4458980e-02  -4.1060086e+00  -1.5257130e-02   2.4136178e-03   2.5802079e-03
  -1.0823712e-01  -5.7039364e-03  -4.3237095e+00  -9.2688540e-03  -1.8811431e-04  -2.4807608e-04
  -6.2967930e-02  -2.0962878e-02  -4.1309780e+00  -7.4345341e-03  -2.9745219e-03  -7.5427229e-04
  -1.2732117e-01   1.0823060e-01  -4.2594530e+00  -1.2692040e-02  -2.6829246e-03   3.2918002e-04
  -1.4124667e-01  -9.3539628e-03  -4.1266718e+00  -9.1452504e-03  -1.7675443e-03   1.4901947e-04
  -1.2645577e-01   1.0657771e-01  -4.2651905e+00  -1.1169082e-02  -1.7124197e-03   1.5787600e-04
  -1.4807145e-01   1.1886817e-01  -4.2341550e+00  -1.3518055e-02  -2.0318038e-03   6.7400702e-04
  -1.6147213e-01   5.0156712e-02  -4.1543709e+00  -1.0977228e-02  -1.0020064e-03   2.7406661e-04
  -1.4079319e-01  -3.3125709e-03  -3.9633989e+00  -7.5483458e-03  -1.1625523e-03  -2.1671364e-04
  -1.3864342e-01   1.0165560e-01  -4.1178514e+00  -1.0674712e-02  -2.2324677e-03   3.0212587e-04
  -1.5590882e-01   4.5133296e-02  -4.1748194e+00  -1.2474025e-02  -1.1076946e-03   1.3684448e-04
  -1.7174341e-01   5.0341483e-03  -4.1509549e+00  -8.8740840e-03   4.1194616e-04  -2.7016179e-04
  -1.6102713e-01   4.9061567e-02  -4.2400325e+00  -9.8961172e-03   8.0260070e-04  -1.4257789e-04
  -1.7867174e-01   2.7458974e-02  -4.2174248e+00  -1.1263712e-02   2.8663928e-03  -9.7176795e-04
  -1.8371239e-01   6.9952245e-02  -4.1581562e+00  -9.1841813e-03   1.0120473e-03  -1.1859627e-04
  -1.6957710e-01   6.4331386e-02  -4.2719088e+00  -1.0966670e-02   6.9835446e-04  -2.4734589e-04
  -1.6922014e-01   7.0184240e-02  -4.2873112e+00  -1.1384875e-02   3.8030592e-04   9.6715282e-05
  -1.7602215e-01   8.1516579e-02  -4.2807880e+00  -1.1580652e-02   8.0761142e-04   4.4192580e-05
  -1.7755702e-01   9.7029866e-02  -4.3132951e+00  -1.1715404e-02   1.0867782e-03   9.0232284e-05
  -1.7927017e-01   9.0776226e-02  -4.3056112e+00  -1.2421657e-02   9.2984015e-04   2.1018955e-05
  -1.7063031e-01   1.0999293e-01  -4.3043576e+00  -1.2335081e-02   1.1626903e-03  -8.5143682e-05
  -1.8549974e-01   1.2290895e-01  -4.3174837e+00  -1.2397574e-02   1.5775125e-03   2.9411689e-04
  -1.7533957e-01   1.4570996e-01  -4.3929928e+00  -1.5504594e-02   8.3567150e-04   2.1159166e-04
  -2.0538228e-01   3.5647769e-02  -4.2074601e+00  -8.0506245e-03   2.5518880e-03  -4.9757943e-05
  -1.9492052e-01   9.4910472e-02  -4.2626452e+00  -1.0570006e-02   2.1570687e-03  -1.7163276e-04
  -1.8239720e-01   8.6344388e-02  -4.2928267e+00  -1.0646497e-02   2.2000539e-03  -2.9478586e-04
  -1.7500726e-01   9.6923802e-02  -4.3379494e+00  -1.1907041e-02   1.6485771e-03  -2.7090268e-04
  -1.4014023e-01  -1.5654845e-02  -4.1496048e+00  -6.5743520e-03   4.0590602e-04  -5.8129457e-04
  -1.5453660e-01   1.0705362e-01  -4.2667798e+00  -1.1915185e-02   9.4403286e-04  -2.0541720e-04
  -1.6912828e-01   7.0626156e-02  -4.3737853e+00  -1.0249431e-02   4.9232263e-04   1.6656612e-04
  -2.2915503e-01   4.1379099e-02  -4.1824729e+00  -8.9287536e-03   2.9316649e-03   3.2572322e-04
  -2.0748193e-01   1.3147111e-01  -4.3557070e+00  -1.1236039e-02   1.3122930e-03   6.0257053e-04
  -1.8818642e-01   6.6554814e-02  -4.3637671e+00  -1.1179813e-02   1.3657640e-03   5.3014855e-04
  -2.0528224e-01   5.9498603e-02  -4.4730097e+00  -9.9067755e-03   2.0309395e-03   6.6863659e-04
  -1.9160521e-01   1.1207676e-01  -4.5139936e+00  -1.1491262e-02   2.7353686e-04   7.7740930e-04
  -1.6475072e-01   1.2783418e-01  -4.5337761e+00  -1.3010302e-02   7.3001916e-04   4.0103093e-04
  -1.6930244e-01   1.2323967e-01  -4.5993008e+00  -1.4780548e-02   3.6011708e-04   2.1215112e-04
  -1.7410329e-01  -1.4860463e-02  -4.1461657e+00  -5.5538278e-03   6.4899341e-05   3.3499181e-04
  -1.9164545e-01   9.2302610e-02  -4.3873446e+00  -1.1661468e-02  -9.0593897e-05   7.9182324e-04
  -1.8627135e-01   9.1326649e-02  -4.4491099e+00  -1.2004107e-02   2.9516206e-04   8.2117478e-04
  -2.1939151e-01   8.3615470e-03  -4.2374742e+00  -7.6513408e-03   3.3422635e-03   6.0158389e-04
  -1.7716268e-01   1.0642134e-01  -4.4514524e+00  -1.2228689e-02   1.1130120e-03   8.2309542e-04
  -1.9267269e-01   9.3201022e-02  -4.4376226e+00  -1.1573010e-02   9.1880346e-04   1.0220502e-03
  -1.8432259e-01   1.2159994e-01  -4.5003703e+00  -1.2533873e-02   6.3503739e-04   1.2377632e-03
  -1.7776303e-01   8.9078806e-02  -4.5776721e+00  -1.2441271e-02   9.2066541e-04   6.9401229e-04
  -2.0453632e-01   5.1931653e-02  -4.6013116e+00  -1.1562336e-02   2.0453547e-03   8.7269803e-04
  -1.9739692e-01   7.2173545e-02  -4.4339544e+00  -1.0556986e-02   2.6544544e-03   5.9893679e-04
  -1.8307653e-01   1.0104312e-01  -4.4996966e+00  -1.1196109e-02   2.6320315e-03   5.4891401e-04
  -2.0329898e-01   5.9315164e-02  -4.3398057e+00  -1.2144175e-02   4.2516214e-03   6.7151899e-05
  -1.9514251e-01   7.2686472e-02  -4.3537988e+00  -1.0347197e-02   2.9889871e-03   5.1335579e-04
  -1.9760217e-01   3.8066639e-02  -4.3601366e+00  -1.0553114e-02   3.1168244e-03   4.8364672e-04
  -1.9702667e-01   1.0391455e-01  -4.4068514e+00  -1.1791017e-02   2.4158073e-03   9.1003356e-04
  -1.8474470e-01   7.5797777e-02  -4.4412998e+00  -1.1634668e-02   2.0661216e-03   8.4924962e-04
  -2.1647506e-01  -1.4390013e-02  -4.4816500e+00  -1.1059034e-02   4.2555380e-03   6.4931859e-04
  -1.9696511e-01   6.3309236e-02  -4.4096629e+00  -9.4786618e-03   2.8560812e-03   5.5152598e-04
  -1.7332798e-01   2.8467133e-02  -4.4621573e+00  -9.2994783e-03   3.0953341e-03   1.5266669e-04
  -1.9939051e-01   8.3788898e-02  -4.4086227e+00  -1.0623283e-02   3.3704165e-03   1.8825208e-04
  -2.1504967e-01   1.0387231e-01  -4.5368008e+00  -9.9875331e-03   2.1336636e-03   1.0589384e-03
  -2.0092375e-01   9.7461236e-02  -4.5678495e+00  -1.1171517e-02   2.0090413e-03   7.1368979e-04
  -2.3202090e-01   8.5594011e-02  -4.6743507e+00  -1.4085373e-02   2.3494222e-03   8.4491725e-04
  -2.2796118e-01  -1.1636255e-02  -4.3425742e+00  -4.2235674e-03   2.8273256e-03   5.7926306e-04
  -2.2435324e-01   2.5178171e-02  -4.5598516e+00  -9.8217538e-03   2.7874628e-03   1.7233596e-04
  -1.8622755e-01   2.0805079e-02  -4.7147128e+00  -9.2477780e-03   1.8999589e-03   4.8980043e-05
  -1.7503796e-01   1.2664983e-01  -4.8041365e+00  -1.1992530e-02   1.4659614e-03   3.1831631e-04
  -2.5474180e-01   3.7874813e-02  -4.7249926e+00  -1.1653718e-02   3.4548117e-03   1.0082897e-03
  -1.8866211e-01   2.9192323e-02  -4.8213976e+00  -9.9160175e-03   2.8588674e-03   1.4715532e-04
  -1.7974343e-01   3.5782190e-02  -4.7592176e+00  -1.1368611e-02   2.5688738e-03   1.2684681e-04
  -1.7151572e-01   1.1572277e-01  -4.7760005e+00  -1.2299660e-02   2.2942844e-03   2.6488304e-04
  -1.5979679e-01   9.2583352e-02  -4.7789783e+00  -1.3142732e-02   2.2971460e-03   1.5295128e-04
  -1.6147160e-01   1.1847731e-01  -4.7624701e+00  -1.3039637e-02   2.4855146e-03   2.6543070e-04
  -2.0240368e-01   3.6903947e-02  -4.8001785e+00  -1.0987782e-02   3.4426313e-03   6.9549242e-04
  -1.9346157e-01   1.1986852e-01  -4.8102794e+00  -1.3158830e-02   3.4110571e-03   4.6833896e-04
  -1.7205252e-01   8.1708412e-02  -4.8366201e+00  -1.2613835e-02   2.6118186e-03   4.8487527e-04
  -1.7978332e-01   1.2885348e-01  -5.0458542e+00  -1.4062179e-02   2.1496063e-03   7.0601809e-04
  -1.8183563e-01   7.6216808e-02  -4.9996516e+00  -1.3776188e-02   3.0555314e-03   5.8022450e-04
  -2.2564892e-01   4.1135398e-02  -4.6329235e+00  -1.0965295e-02   6.0873824e-03   3.3376386e-04
  -2.6390746e-01   8.6526672e-02  -4.4595123e+00  -1.2206783e-02   4.7735651e-03   1.4949303e-03
  -2.1661701e-01   8.9275455e-02  -4.6898703e+00  -1.0146681e-02  -9.8616375e-05   1.1595275e-03
  -2.2850957e-01   4.1784512e-02  -4.2546363e+00  -9.6333096e-03   5.3770101e-04   2.6313119e-03
  -2.2388372e-01   5.4483428e-02  -4.4844277e+00  -1.2456192e-02  -1.0219589e-04   2.4215933e-03
  -2.0157221e-01   3.5546774e-02  -4.4151526e+00  -8.5098071e-03   1.6082546e-03   1.2157440e-03
  -2.0055565e-01   2.5045809e-03  -4.3335709e+00  -8.1113484e-03   1.4133787e-03   1.3764056e-03
  -2.1532781e-01  -2.0733265e-02  -4.3655870e+00  -8.5015380e-03   9.3998118e-04   1.5952166e-03
  -2.1459015e-01   2.3072726e-03  -4.3662483e+00  -9.9915352e-03   8.0930893e-04   1.6794782e-03
  -1.6629918e-01  -2.2642630e-02  -4.3581074e+00  -8.8258181e-03   3.9342272e-04   1.1016178e-03
  -1.6834790e-01  -1.0564812e-02  -4.4411317e+00  -9.8400062e-03   1.2951919e-03   7.8512818e-04
  -1.6879080e-01   6.3707494e-02  -4.5414576e+00  -1.0902221e-02   4.8376241e-04   1.0271329e-03
  -1.7123182e-01   3.9703176e-02  -4.5198743e+00  -1.0179400e-02   1.0805171e-03   1.0695779e-03
  -1.6046797e-01   5.2675797e-02  -4.5564020e+00  -1.0924496e-02   6.7139393e-04   9.0830264e-04
  -1.6227291e-01   4.5437638e-02  -4.5440429e+00  -1.1004438e-02   8.7762996e-04   8.9970293e-04
  -1.6023983e-01  -1.1695428e-01  -3.8661561e+00   6.0508037e-05   3.2546387e-03  -8.7252770e-04
  -1.9753608e-01  -4.7829702e-02  -4.1483366e+00  -6.2324032e-03   5.6746143e-03  -6.3424130e-04
  -2.0978916e-01  -4.5033095e-02  -4.0426780e+00  -5.0609219e-03   6.0988941e-03  -3.8054404e-04
  -2.2431600e-01  -6.4667236e-02  -3.8453205e+00  -4.3110999e-03   7.6157559e-03  -1.4084680e-03
  -2.0123416e-01  -1.1384340e-01  -3.7480970e+00  -3.2911777e-03   7.0713471e-03  -1.7476842e-03
  -2.1141886e-01  -1.9138364e-01  -3.5125916e+00   7.5078378e-04   1.2142700e-02  -3.6564359e-03
  -1.9505879e-01  -2.2047814e-01  -3.4300892e+00  -1.1325078e-04   1.1820364e-02  -4.4721626e-03
  -1.8580286e-01  -2.1852730e-01  -3.4803601e+00   6.3966139e-04   1.2267587e-02  -4.3450205e-03
  -1.9551353e-01  -1.9005434e-01  -3.4791932e+00  -1.1747231e-04   1.2514285e-02  -4.6079251e-03
  -1.8558647e-01  -2.1572539e-01  -3.5068899e+00   2.9652662e-04   1.2288085e-02  -5.2933585e-03
  -1.8919142e-01  -8.9023894e-02  -3.4036438e+00   1.1516719e-04   1.1793236e-02  -5.1575817e-03
  -1.9776942e-01  -2.1773764e-01  -3.4141534e+00   7.5781221e-04   1.2363813e-02  -5.3877169e-03
  -1.7428948e-01  -1.4630386e-01  -3.5560651e+00  -1.0538351e-04   1.2329746e-02  -5.4991964e-03
  -1.7628189e-01  -2.1087825e-01  -3.2835143e+00   2.5056985e-03   1.2018425e-02  -5.2675965e-03
  -1.9759847e-01  -1.7012564e-01  -3.7754759e+00  -9.5623821e-04   8.7814457e-03  -3.7285330e-03
  -1.9849348e-01  -1.2491866e-01  -3.8724778e+00  -5.6383091e-05   9.8117229e-03  -2.9509426e-03
  -1.8484183e-01  -1.7615871e-01  -3.4988025e+00  -6.4873129e-04   1.1151948e-02  -4.4138584e-03
  -1.6908987e-01  -1.3346753e-01  -3.3789619e+00   1.5722568e-04   1.2096727e-02  -4.9911597e-03
  -1.8545636e-01  -1.8315401e-01  -3.2046422e+00  -5.7478269e-04   1.0844143e-02  -4.6123894e-03
  -1.5062505e-01  -2.1263384e-01  -3.8740874e+00  -5.7019222e-04   8.1993101e-03  -3.8973211e-03
  -1.7397680e-01  -1.3042059e-01  -3.7693287e+00   5.4717835e-04   9.4697696e-03  -3.1875225e-03
  -1.6630553e-01  -1.9160902e-01  -3.8513671e+00   1.0946831e-04   9.0148139e-03  -3.2729884e-03
  -1.7490134e-01  -5.0875477e-02  -4.0662001e+00  -3.3849477e-03   6.7783375e-03  -2.3898957e-03
  -1.5994519e-01  -1.8087332e-02  -4.1275414e+00  -3.9997408e-03   6.2996005e-03  -1.8508270e-03
  -1.6947563e-01  -4.6514350e-02  -4.1739142e+00  -5.3366600e-03   5.7478133e-03  -1.5398700e-03
  -1.6737269e-01  -4.6304972e-02  -4.1457146e+00  -5.5078788e-03   5.1052995e-03  -1.6099740e-03
  -1.5740871e-01  -5.2674655e-02  -4.1714435e+00  -5.3095313e-03   5.2383464e-03  -1.6476539e-03
  -1.4310420e-01  -3.6851437e-02  -4.2422319e+00  -7.2571344e-03   9.2727488e-04  -1.9636169e-04
  -2.0103234e-02  -8.4349086e-02  -4.1973365e+00  -7.1534700e-03  -1.8495542e-03  -1.7711125e-03
  -2.5026401e-02  -1.5324069e-02  -4.2720097e+00  -8.4792677e-03  -1.5362074e-03  -1.6048795e-03
  -3.9621742e-02  -1.9887836e-02  -4.4019990e+00  -1.0463899e-02  -1.2709731e-03  -1.4046281e-03
  -5.8093583e-02   3.7326470e-02  -4.4237901e+00  -1.2108904e-02  -1.1008735e-03  -1.0864463e-03
  -3.1302272e-02  -1.0392217e-01  -4.2058004e+00  -5.5184865e-03   7.6981382e-05  -1.9547559e-03
  -9.2076556e-02  -2.4930981e-02  -4.3204919e+00  -6.2577027e-03   2.2797628e-04  -1.3534117e-03
  -8.5340067e-02  -3.6376406e-02  -4.2967330e+00  -1.1032722e-02   5.2372432e-04  -1.5383385e-03
  -1.3429853e-01  -3.7763676e-02  -4.0398332e+00  -4.3783130e-03   7.8625854e-04  -6.9327709e-04
  -1.1583159e-01   4.9080202e-03  -4.0968166e+00  -7.5751509e-03   2.2683001e-05  -5.4633748e-04
  -1.0785210e-01   2.1238935e-02  -4.0865508e+00  -7.0594425e-03  -1.6136438e-04  -6.3993554e-04
  -1.4754713e-01  -4.8454274e-02  -4.1700458e+00  -4.2397786e-03   1.5911943e-03  -1.1730150e-03
  -1.4333896e-01  -7.7726679e-03  -4.2021701e+00  -6.5712668e-03   2.0913802e-03  -4.3693122e-04
  -3.7278514e-02  -1.5723365e-01  -3.8713579e+00  -1.3729027e-03  -1.9669932e-04  -1.8498160e-03
  -6.2093522e-02  -3.9306158e-02  -4.1146376e+00  -6.0529324e-03   9.1282521e-05  -1.5023595e-03
  -8.6522535e-02   2.5039385e-02  -4.2550851e+00  -8.3806892e-03   6.7405248e-04  -1.3080576e-03
  -8.7285259e-02  -2.5113174e-02  -4.2419856e+00  -6.3934755e-03   3.2021167e-04  -1.1100391e-03
  -7.9888593e-02  -1.4885119e-02  -4.2680461e+00  -7.4183359e-03   3.5352299e-04  -1.0460973e-03
  -1.0922121e-01  -8.2101402e-03  -4.2165721e+00  -6.8102009e-03   1.5943716e-03  -1.4988131e-03
  -1.2439190e-01  -1.9635214e-02  -4.1819598e+00  -6.9884206e-03   9.8847986e-04  -8.7724551e-04
  -8.6988843e-02  -5.5606859e-02  -4.1991828e+00  -5.9012403e-03   4.4530282e-04  -8.4764873e-04
  -9.2719062e-02  -6.2471767e-02  -4.0869415e+00  -4.0650247e-03  -5.4720688e-06  -1.0554092e-03
  -1.0207630e-01  -5.6351222e-02  -4.1773359e+00  -6.5053538e-03  -4.1953541e-04  -1.0458777e-03
  -7.6842686e-02   1.5465035e-03  -4.1529139e+00  -5.5016389e-03  -1.6606759e-03  -8.1449346e-04
  -4.6017790e-02  -8.3513540e-02  -4.1753505e+00  -6.1158994e-03  -3.1007926e-03  -9.6668208e-04
  -3.7037655e-02  -5.8684592e-02  -4.2487922e+00  -3.5743913e-03  -3.0812769e-03  -9.6848796e-04
  -4.9161802e-02  -8.4112262e-02  -4.2266206e+00  -9.1694448e-03  -3.2164588e-03  -9.8018164e-04
  -1.0933168e-01  -2.5274865e-01  -3.8075838e+00   3.6788874e-03  -3.8128712e-04  -1.2288964e-03
  -1.1612834e-01   2.4388458e-02  -4.0901971e+00  -5.1713721e-03  -1.3804686e-03  -6.2806220e-04
  -1.1470724e-01  -9.9898968e-02  -4.0271577e+00  -3.9927424e-03  -7.0073004e-04  -6.1843236e-04
  -1.1503246e-01  -1.0796788e-02  -4.1167390e+00  -5.9815543e-03  -7.6290004e-04  -3.8806429e-04
  -1.1106360e-01  -4.3435271e-02  -4.1065374e+00  -5.2482028e-03  -7.4068782e-04  -3.8878049e-04
  -1.2551233e-01  -5.9486767e-02  -4.2248195e+00  -3.1252175e-03  -1.7678389e-04  -5.8425238e-04
  -1.2078283e-01  -1.0660234e-01  -4.4507249e+00  -5.2646619e-03   2.2020437e-04  -2.1880854e-04
  -1.9058498e-01  -1.1992237e-01  -4.3214169e+00  -8.4639118e-03   2.5623721e-03   2.5797912e-05
  -2.2517512e-01  -1.0981161e-01  -4.3303646e+00  -3.1708861e-04   4.6260826e-03   4.3713909e-04
  -1.9644047e-01   2.2275688e-02  -4.5317215e+00  -6.4626623e-03   4.3359924e-03  -7.1461675e-05
  -1.8112991e-01  -1.0546514e-01  -4.5252652e+00  -5.2162311e-03   3.7365383e-03   3.5752018e-05
  -1.6561093e-01  -3.7331752e-02  -4.5883906e+00  -6.1506121e-03   2.8596098e-03  -1.8339504e-04
  -1.6129791e-01  -6.4307311e-03  -4.6506955e+00  -7.4070684e-03   2.9551003e-03  -2.0326895e-04
  -1.7662098e-01  -4.3173230e-02  -4.6914254e+00  -6.9880175e-03   3.9928258e-03  -2.2601446e-04
  -1.8103228e-01  -4.8695845e-03  -4.4990187e+00  -1.1634064e-02   4.4550711e-03  -4.1172440e-04
  -1.6660895e-01  -2.5725389e-02  -4.3572396e+00  -4.4832594e-03   2.8398943e-03  -4.1072492e-04
  -1.1627120e-01  -6.0760388e-02  -4.5327424e+00  -7.1119155e-03   2.8133435e-03  -1.5426606e-03
  -1.1480197e-01  -1.5210198e-03  -4.3194514e+00  -5.9830552e-03   1.3920273e-03  -8.6861811e-04
  -1.2378100e-01  -2.8218103e-02  -4.3875435e+00  -6.3954384e-03   1.8894097e-03  -9.2835633e-04
  -1.1452391e-01  -2.2426477e-02  -4.3385830e+00  -5.4802473e-03   1.7700433e-03  -6.2947914e-04
  -1.1293836e-01  -3.1461021e-02  -4.3383216e+00  -6.7760350e-03   2.2410440e-03  -8.7415691e-04
  -1.2238840e-01  -1.2442531e-02  -4.4369368e+00  -6.9630845e-03   1.8919727e-03  -8.7609841e-04
  -1.2320731e-01  -3.7793340e-02  -4.3688646e+00  -6.8305561e-03   2.2340577e-03  -1.1875670e-03
  -1.1376496e-01  -7.6282796e-03  -4.3334343e+00  -8.0570878e-03   1.9793528e-03  -1.6099729e-03
  -1.2370070e-01  -5.6750248e-02  -4.3075094e+00  -4.4920142e-03   3.1495368e-03  -9.5564116e-04
  -1.4138149e-01   1.2617418e-02  -4.4134954e+00  -6.2294096e-03   2.8928547e-03  -4.8986848e-04
  -1.3880713e-01  -6.2365703e-02  -4.3938697e+00  -4.8844858e-03   2.4793894e-03  -7.7360900e-04
  -1.1508636e-01  -1.8857880e-02  -4.3967803e+00  -5.6741562e-03   2.9184240e-03  -1.3618482e-03
  -1.2727516e-01   2.3606119e-02  -4.4030868e+00  -5.6172793e-03   2.3735265e-03  -8.5680291e-04
  -1.4894448e-01  -5.3197900e-02  -4.3753813e+00  -5.3152650e-03   2.8137787e-03  -6.5694842e-04
  -1.2770687e-01  -1.2726618e-02  -4.4489941e+00  -6.1388179e-03   2.2507140e-03  -7.5905478e-04
  -1.0998848e-01   6.7715909e-04  -4.4369829e+00  -6.5755348e-03   2.2431885e-03  -8.9591002e-04
  -9.4418387e-02   6.8326238e-03  -4.4293342e+00  -7.2586796e-03   9.2362182e-04  -1.1711078e-03
  -8.6898997e-02   1.0292931e-02  -4.4013960e+00  -7.1931029e-03   1.2942252e-03  -1.0451036e-03
  -7.1978668e-02  -6.4171224e-02  -4.4033529e+00  -5.4135142e-03   1.5367093e-03  -1.2708373e-03
  -1.0714744e-01  -7.7753367e-02  -4.4187282e+00  -3.6205874e-03   1.9195653e-03  -1.0649214e-03
  -3.7237266e-02  -1.1542233e-01  -4.0266956e+00  -1.1849097e-03  -1.1884320e-03  -1.4192233e-03
  -1.1496720e-01   7.9780456e-02  -4.5716370e+00  -1.0035172e-02  -1.7967827e-03  -2.1728609e-04
  -1.2686756e-01   2.7584953e-02  -4.5235340e+00  -8.2563581e-03  -6.9637580e-04  -3.0501643e-04
  -1.3856259e-01  -7.9694746e-02  -4.3441013e+00  -2.9705608e-03   9.4399828e-04  -8.7180398e-04
  -1.4376675e-01  -5.5806770e-02  -4.3478963e+00  -6.0503061e-03   2.7495139e-03  -6.9125208e-04
  -1.4459362e-01  -4.6289775e-03  -4.4163231e+00  -6.0852722e-03   1.1158764e-03  -4.2835069e-04
  -1.1938834e-01   1.0919493e-02  -4.4129465e+00  -6.8174496e-03   8.7930956e-04  -5.6884287e-04
  -3.5152644e-02  -1.0117901e-01  -4.0918869e+00  -9.3232181e-04  -1.5776463e-03  -1.1737172e-03
  -9.7685844e-02   3.0944691e-02  -4.4000664e+00  -8.4210110e-03  -7.4274923e-04   1.9329317e-04
  -1.5208923e-01  -1.3978741e-01  -4.4597295e+00  -5.3460730e-03   1.3742499e-03  -5.5754517e-04
  -1.3160179e-01   7.2022511e-02  -4.6176889e+00  -8.5214665e-03   5.2850730e-04  -3.5685456e-04
  -1.2453126e-01   5.7457980e-02  -4.5872134e+00  -9.3118941e-03   8.7248420e-04  -6.1583919e-04
  -1.1720734e-01   1.4482824e-02  -4.5772054e+00  -8.9674885e-03   9.9234534e-04  -6.2847957e-04
  -1.2346456e-01   4.8803309e-02  -4.5383396e+00  -9.0009834e-03   9.1612379e-04  -6.2801952e-04
  -1.5003663e-01   6.3241997e-02  -4.5413685e+00  -1.3115130e-02  -7.2122017e-04   9.5591619e-04
  -1.5165190e-01  -1.3787874e-01  -4.1576279e+00  -8.0785786e-03   5.0125611e-04   2.4475699e-04
  -1.5361082e-01   6.2591395e-02  -4.1293712e+00  -6.9855229e-03  -9.7107968e-04   3.5534486e-04
  -1.3010203e-01   3.8674288e-02  -4.2419432e+00  -8.1413122e-03  -1.6992730e-03  -3.5376912e-04
  -1.2826757e-01   2.9534174e-02  -4.3662260e+00  -8.3043607e-03  -2.2260276e-04  -3.6016146e-04
  -1.2288751e-01  -1.0032640e-01  -3.9709288e+00  -7.8239277e-04   9.8638439e-04  -1.2692884e-03
  -1.5140797e-01   2.4226857e-02  -4.1723914e+00  -7.4814166e-03   5.5556925e-04  -2.0586714e-04
  -1.5810740e-01  -5.7083566e-02  -4.2010123e+00  -4.2820341e-03   1.3104428e-03  -4.1775352e-04
  -1.4782170e-01  -1.1521334e-03  -4.2551100e+00  -8.4755437e-03   7.7752161e-04  -5.8525228e-04
  -1.4848042e-01   1.8520671e-02  -4.3688113e+00  -9.3353753e-03   9.8016248e-04  -2.9753127e-04
  -1.2901412e-01   5.8545371e-02  -4.4131347e+00  -1.1034072e-02   8.1506049e-04  -4.7482588e-04
  -1.6881357e-01   1.1331935e-02  -4.3671788e+00  -8.0836269e-03   2.0980662e-03  -4.2357711e-04
  -1.5159509e-01   3.1711649e-02  -4.5001778e+00  -9.8129528e-03   1.6773448e-03  -6.3826646e-04
  -1.4237401e-01  -1.6729621e-03  -4.4182078e+00  -9.0023462e-03   2.0068710e-03  -6.4438126e-04
  -1.3978149e-01   5.2925763e-02  -4.4863851e+00  -9.6676138e-03   1.5983067e-03  -1.0010904e-03
  -1.7092866e-01   4.9874022e-02  -4.4206208e+00  -9.5812662e-03   1.9092320e-03  -1.3580729e-04
  -1.5349349e-01   1.3431380e-02  -4.4461580e+00  -9.2531398e-03   2.1799824e-03  -7.1485966e-04
  -7.8852244e-02  -1.6264901e-01  -3.8538819e+00   1.2588629e-03   2.1054735e-03  -2.2382526e-03
  -1.5921950e-01  -2.3430583e-02  -4.2463510e+00  -5.8592909e-03   9.9137691e-04  -2.2618229e-04
  -1.5062124e-01  -1.8309465e-02  -4.2349131e+00  -5.7515271e-03   2.3354542e-03  -5.2334949e-04
  -1.4931337e-01   1.0353246e-02  -4.3314682e+00  -7.2947289e-03   1.5939137e-03  -5.1928834e-04
  -1.5199035e-01   1.8946324e-02  -4.3568133e+00  -8.5143304e-03   1.5246838e-03  -5.0615493e-04
  -1.6634734e-01   1.1269291e-02  -4.3674475e+00  -8.2651906e-03   1.0488475e-03  -3.3000736e-04
  -1.5057799e-01   1.7928386e-03  -4.4023924e+00  -8.1476888e-03   1.0225268e-03  -6.7392413e-05
  -1.4352567e-01   2.4227440e-02  -4.4318959e+00  -8.6121317e-03   8.9253947e-04  -1.9942219e-05
  -1.4195613e-01  -7.1175692e-03  -4.4276242e+00  -8.3702865e-03   1.1998158e-03  -2.3378179e-04
  -1.6158376e-01   3.8430105e-02  -4.4020596e+00  -9.6672745e-03   1.8546635e-03  -1.4308700e-04
  -1.5798192e-01   6.4701013e-03  -4.4702312e+00  -7.4987801e-03   1.9052225e-03  -3.2108578e-04
  -1.6026106e-01   2.4913668e-02  -4.4585597e+00  -9.4217927e-03   1.6495596e-03  -1.0828735e-04
  -1.5984042e-01   3.9140760e-02  -4.4889204e+00  -9.5753981e-03   1.8195535e-03  -3.5325882e-04
  -1.5796770e-01   4.4564615e-02  -4.4896693e+00  -9.7709201e-03   1.5403323e-03  -1.5182097e-04
  -1.7761646e-01  -2.6490821e-02  -4.4147230e+00  -1.2114963e-02   2.7953676e-04  -3.5401497e-05
  -2.3061277e-01   2.8321305e-01  -5.5296496e+00  -2.9967384e-02  -6.8559915e-03   1.3161398e-03
  -2.1490890e-01   5.8245432e-02  -4.6964608e+00  -1.2529383e-02  -3.7540420e-03   2.4201816e-03
  -1.5275123e-01   4.4465219e-02  -5.3571630e+00  -1.7335247e-02  -1.0530652e-02   1.3172102e-03
  -1.9931239e-01   2.4997034e-01  -5.3513229e+00  -2.0822568e-02  -1.0447469e-02   2.5653541e-03
  -1.9364520e-01   1.6266378e-01  -5.3099414e+00  -1.9504375e-02  -1.0151429e-02   2.0646163e-03
  -1.8358348e-01   2.3827785e-01  -5.3669488e+00  -2.1028979e-02  -9.6765483e-03   1.9756999e-03
  -1.7234597e-01   2.0224482e-01  -5.3587725e+00  -2.1401916e-02  -9.5969924e-03   1.7644455e-03
  -1.8833241e-01   1.9392764e-01  -5.4017824e+00  -2.2565953e-02  -9.3108503e-03   2.2850644e-03
  -1.7052665e-01   2.3307352e-01  -5.4374489e+00  -2.3352359e-02  -9.2009564e-03   1.9812947e-03
  -1.7236809e-01   2.4164388e-01  -5.3954291e+00  -2.3226634e-02  -9.1808891e-03   2.0536464e-03
  -1.7570310e-01   2.3612835e-01  -5.3616952e+00  -2.3008442e-02  -8.7001972e-03   1.9957383e-03
  -1.8616657e-01   2.2177959e-01  -5.3620860e+00  -2.2826844e-02  -8.1190523e-03   1.9650530e-03
  -1.9992684e-01   1.5737243e-01  -5.2006481e+00  -2.0731316e-02  -5.1200402e-03   1.3304657e-03
  -1.8939291e-01   1.7190506e-01  -5.2081658e+00  -2.2441315e-02  -4.4284648e-03   1.2421700e-03
  -1.5905254e-01   1.7840045e-01  -5.1616199e+00  -2.2559362e-02  -3.6497927e-03   9.5083362e-04
  -2.2245423e-01   9.9568379e-02  -4.0759441e+00  -2.6455290e-02   8.2053192e-04   1.7338155e-03
  -2.3764328e-01   5.8193382e-02  -3.6317069e+00  -1.7819553e-02   2.3449312e-03   2.4516178e-03
  -2.7572738e-01   2.1344079e-01  -4.1515679e+00  -3.3099549e-02   3.9702726e-03   1.2236778e-03
  -2.5265144e-01   8.3816960e-02  -3.2173739e+00  -1.1832027e-02  -2.2462450e-03   2.6296710e-03
  -2.2840304e-01   3.6932821e-02  -3.2746774e+00  -8.5237065e-03  -1.4264261e-03   1.8316831e-03
  -2.0416482e-01   5.4280800e-02  -3.4351559e+00  -9.3717019e-03  -3.1893686e-03   1.4714179e-03
  -1.8788125e-01  -1.6904901e-02  -3.3778869e+00  -8.9776967e-03  -2.1095045e-03   6.6456660e-04
  -1.7210732e-01  -2.2125476e-02  -3.4027646e+00  -9.3181196e-03  -2.5116747e-03   5.1802108e-04
  -2.3436023e-01  -3.5186223e-02  -3.2950432e+00  -1.4571580e-02   1.7781218e-03   1.3441808e-03
  -1.6125538e-01  -2.5463600e-01  -3.4498573e+00  -4.7194464e-03   1.5601763e-03   4.7386740e-04
  -2.3878830e-02   1.4578034e-01  -3.5314031e+00  -1.4946299e-02  -4.7056202e-03  -7.6044177e-04
  -5.3095806e-02  -5.1434522e-02  -3.3843289e+00  -6.8416869e-03  -5.6271919e-03  -1.2060953e-03
  -7.5269120e-02  -6.0641413e-02  -3.4556325e+00  -7.1744769e-03  -5.7045527e-03  -1.1714427e-03
   2.6181696e-03  -1.0384493e-01  -3.5169614e+00  -5.1082647e-03  -6.4866106e-03  -1.9713876e-03
  -6.9598263e-03  -2.8921555e-02  -3.7587561e+00  -6.1462309e-03  -5.1288884e-03  -2.3030935e-03
  -5.3180618e-02  -9.2042285e-02  -3.7867359e+00  -7.9140334e-03  -4.8825529e-03  -1.3885909e-03
  -4.2729684e-02  -4.7527961e-02  -3.7910474e+00  -8.0989898e-03  -4.4088299e-03  -1.4029472e-03
  -7.3999789e-02  -3.9957147e-02  -3.5912363e+00  -8.0878587e-03  -2.7855413e-03  -1.8164714e-03
  -4.0473606e-02  -8.2234547e-02  -3.4123223e+00  -5.5240697e-03  -2.8263576e-03  -1.9794853e-03
  -1.2961403e-01  -1.1018074e-01  -3.5572949e+00  -4.5084500e-03   1.8542281e-04  -1.4125863e-03
  -1.2812247e-01  -6.5263932e-02  -3.5559694e+00  -8.2447119e-03  -6.6431776e-05  -1.1721567e-03
  -1.1069413e-01  -8.7526775e-02  -3.6126487e+00  -6.4363913e-03  -3.0315778e-05  -1.6631869e-03
  -1.0421206e-01  -9.1960806e-02  -3.5936063e+00  -6.7066115e-03   9.4149988e-04  -1.4966589e-03
  -1.0999297e-01  -9.3878455e-02  -3.6680390e+00  -4.8649018e-03   1.0960577e-03  -1.4839660e-03
  -1.0030122e-01  -6.1781932e-02  -3.7155399e+00  -7.4875213e-03   5.9798794e-05  -1.5794309e-03
  -8.2746300e-02  -3.3609551e-02  -3.7387968e+00  -8.7089045e-03  -1.2864474e-03  -1.7600553e-03
  -5.3482702e-02  -7.6944509e-02  -3.6946707e+00  -5.0161076e-03  -1.0858729e-03  -1.7491521e-03
  -6.3835388e-02  -1.2593199e-01  -3.5920558e+00  -6.2207916e-03   2.4106797e-04  -1.9236482e-03
  -8.1912031e-02  -7.7476695e-02  -3.6769056e+00  -6.8966330e-03   3.7488647e-04  -1.9753875e-03
  -1.1027897e-01  -7.9965133e-02  -3.7713326e+00  -6.0144429e-03   1.4957740e-03  -1.6328422e-03
  -9.2648849e-02  -3.5972263e-02  -3.7938002e+00  -7.3536765e-03   2.3726579e-03  -1.7224843e-03
  -7.9868235e-02  -2.8657733e-02  -3.8122634e+00  -8.5865012e-03   2.5116046e-03  -1.9704589e-03
  -1.0003258e-01  -1.9651663e-01  -3.6577629e+00  -1.4136858e-03   1.3491787e-03  -1.9207605e-03
  -1.2604264e-01  -3.6031055e-02  -3.8325292e+00  -6.6505567e-03   1.7943374e-03  -1.4551719e-03
  -1.3790205e-01  -1.1009525e-01  -3.8353191e+00  -5.9008656e-03   2.2130288e-03  -1.3692553e-03
  -1.1287967e-01   3.2003533e-02  -3.9406398e+00  -8.7475618e-03   1.6703361e-03  -1.3440003e-03
  -1.0280150e-01  -1.9619468e-02  -3.9235541e+00  -8.3231557e-03   1.5343535e-03  -1.4967419e-03
  -1.1141286e-01  -1.0003832e-02  -3.9123515e+00  -8.3689524e-03   1.5868286e-03  -1.2275277e-03
  -1.1294593e-01  -1.8188347e-02  -3.9116717e+00  -1.0864620e-02   2.2302053e-03  -1.5604714e-03
  -1.4043321e-01  -4.5107939e-02  -3.8805174e+00  -7.2100543e-03   2.4755460e-03  -1.1651647e-03
  -1.1672131e-01  -2.3351250e-02  -3.8733177e+00  -8.7047697e-03   2.8926000e-03  -1.4492356e-03
  -1.1329961e-01  -4.0159974e-03  -3.8905260e+00  -8.7401359e-03   2.5582731e-03  -1.4634933e-03
  -1.7221602e-01   1.0561090e-02  -3.8871561e+00  -9.4092911e-03   3.4427541e-03  -8.5226812e-04
  -1.4292302e-01   2.8116720e-03  -3.9216876e+00  -8.9544440e-03   3.2583553e-03  -1.1008903e-03
  -1.3862153e-01  -7.5514394e-02  -3.8684755e+00  -7.3712202e-03   3.4076589e-03  -1.2819232e-03
  -2.1283520e-01  -2.4555308e-02  -3.8180128e+00  -1.1574820e-02   5.5317099e-03   2.5919006e-04
  -1.7322165e-01   7.8997916e-02  -3.4264195e+00  -8.4261883e-03   4.8785455e-03  -2.0033447e-04
  -1.7397612e-01   2.2049026e-02  -3.4840129e+00  -1.5973417e-03   4.0138649e-04   2.6344811e-04
  -1.7318777e-01  -1.7966395e-01  -3.4669790e+00  -2.5369846e-04   3.9333826e-03  -6.3772668e-04
  -1.6276867e-01  -6.9981850e-02  -3.6754889e+00  -4.3192637e-03   2.8595196e-03  -4.9240034e-04
  -1.5461859e-01  -3.0109467e-02  -3.7194559e+00  -5.8330948e-03   3.1349530e-03  -6.0905560e-04
  -1.5193263e-01  -4.3278594e-02  -3.7115904e+00  -6.6102414e-03   2.8519977e-03  -7.4965412e-04
  -1.4331862e-01  -3.0709769e-02  -3.7181581e+00  -6.0523604e-03   2.7504861e-03  -8.7559837e-04
  -1.4659204e-01  -3.1896615e-02  -3.6953673e+00  -4.9599213e-03   4.1206044e-03  -1.0885888e-03
  -1.8435682e-01  -3.9028949e-02  -3.6012529e+00  -4.3000728e-03   5.9886951e-03  -1.0674360e-03
  -1.3782416e-01  -4.7754412e-02  -3.6940814e+00  -5.7385748e-03   4.7859119e-03  -1.3793471e-03
  -1.3346912e-01  -4.3299168e-02  -3.7099462e+00  -6.4010419e-03   4.3807258e-03  -1.4310090e-03
  -1.2998022e-01   2.7248693e-03  -3.8208915e+00  -8.1239719e-03   3.8412788e-03  -1.3075639e-03
  -1.2072266e-01   3.8364707e-03  -3.8942134e+00  -8.7997841e-03   2.7825054e-03  -1.4997570e-03
  -1.9907202e-01  -7.1838010e-02  -3.7194515e+00  -4.0177315e-03   5.8834042e-03  -2.6653592e-04
  -1.3018978e-01   3.5980125e-02  -4.3229570e+00  -8.7091363e-03   1.7338174e-03  -3.8307592e-04
  -1.1846531e-01  -1.6468544e-01  -3.0761962e+00  -6.5824148e-03   4.0638876e-03  -2.1814677e-03
  -1.9943301e-01  -6.7879735e-02  -3.2977474e+00  -1.0308067e-03   2.9228220e-03   6.5174376e-04
  -2.2481310e-01  -4.5570776e-02  -3.6152574e+00  -1.0320944e-02   1.9753741e-03   1.0675475e-03
  -1.5818521e-01  -4.8208609e-02  -3.5357882e+00  -6.3252652e-03  -3.2789715e-05  -3.9842261e-05
  -1.2806583e-01  -9.1964229e-02  -3.5803410e+00  -6.9252470e-03   3.4193582e-04  -3.1985885e-04
  -1.3918705e-01  -6.4014825e-02  -3.6475801e+00  -5.8843119e-03   9.0009009e-04  -1.1601188e-03
  -1.5651048e-01  -3.8878912e-02  -3.6833602e+00  -8.0591061e-03   1.5817159e-03  -6.0171558e-04
  -1.4505373e-01  -8.1090527e-02  -3.5563826e+00  -7.1786448e-03   2.2092739e-03  -8.7901939e-04
  -1.5141790e-01  -7.1652790e-02  -3.7456876e+00  -6.9956720e-03   2.3253715e-03  -9.6917707e-04
  -1.4150399e-01  -2.6195817e-02  -3.6084258e+00  -8.0652304e-03   2.2817270e-03  -9.0851393e-04
  -1.4348123e-01  -2.0727150e-02  -3.5683446e+00  -8.3949756e-03   3.2843429e-03  -1.1068551e-03
  -2.2863576e-01  -7.1477726e-02  -3.0713601e+00  -9.3457610e-03   6.5740775e-03   3.5614651e-04
  -2.5292829e-01   7.6856925e-02  -3.7188186e+00  -2.3610430e-02  -1.3466776e-03   3.2593644e-03
  -1.9368110e-01  -4.3292009e-02  -3.3396651e+00  -4.8000730e-03  -1.6893097e-04  -4.5267857e-04
  -1.4814473e-01  -1.0461168e-01  -3.3686848e+00  -5.4439486e-03  -1.7254497e-03  -3.9720721e-05
  -1.3052173e-01  -1.0329694e-01  -3.5231819e+00  -6.2182876e-03  -1.7185690e-03  -4.8980617e-04
  -1.1133128e-01   3.9210218e-02  -3.5556259e+00  -1.0220691e-02  -8.6554342e-04  -6.1070459e-04
  -1.2274092e-01  -1.4918988e-02  -3.5216729e+00  -8.1819756e-03  -1.3441832e-03  -6.1499158e-04
  -1.4070955e-01  -9.9074609e-02  -3.5338683e+00  -4.5392461e-03   4.4544170e-05  -7.4146984e-04
  -1.3241453e-01  -3.2238357e-02  -3.6488180e+00  -7.7505647e-03  -3.8377848e-04  -7.6529320e-04
  -1.6147957e-01  -8.9250054e-02  -3.4529964e+00  -9.8226456e-03   1.0362435e-03   2.2185019e-04
  -1.8356076e-01  -2.1604811e-01  -2.6477256e+00  -5.4575066e-03   3.1194285e-03   2.8607642e-05
  -1.9540169e-01  -6.6606740e-02  -2.5877589e+00   2.0964213e-03   1.3093088e-03   4.2364089e-04
  -1.6462817e-01  -6.8984504e-02  -2.8745736e+00  -3.0287743e-03   8.7833858e-04  -2.1434322e-04
  -1.7952966e-01  -1.5690868e-01  -2.9705541e+00  -4.2411682e-03   9.0733574e-04  -8.6179106e-04
  -1.0995298e-01  -1.9071377e-01  -2.8755112e+00  -3.1524354e-03   5.0773673e-04  -2.1496207e-03
  -1.1702996e-01  -1.0352454e-01  -2.9895614e+00  -4.2864809e-03   5.1311261e-04  -1.8071913e-03
  -1.0692815e-01  -1.5292768e-01  -2.9718516e+00  -4.1208962e-03   9.9339786e-04  -1.9408753e-03
  -1.2663236e-01  -1.0132485e-01  -2.9377611e+00  -3.8126483e-03   1.0321692e-03  -1.6524750e-03
  -1.2502274e-01  -1.3852377e-01  -2.9842642e+00  -4.9005264e-03   1.1906169e-03  -1.6920693e-03
  -1.4261944e-01  -6.3385240e-02  -3.0199944e+00  -6.7508352e-03   5.8630181e-04  -1.5890613e-03
  -1.2449522e-01  -9.3806384e-02  -3.0550902e+00  -4.7571435e-03   1.2995594e-03  -1.9625482e-03
  -1.2897387e-01  -6.5026008e-02  -3.0562007e+00  -5.5908104e-03  -9.4904939e-05  -1.5990667e-03
  -9.8598173e-02  -1.7291177e-01  -3.2715283e+00  -1.3422585e-02  -3.3346165e-03  -9.0787161e-04
  -1.6170322e-01  -9.6453907e-02  -2.1709279e+00  -3.5403098e-03  -6.6305575e-03   7.7611491e-05
  -1.6905979e-01  -2.9055458e-02  -2.1335349e+00  -3.5539622e-03  -5.8767684e-03   4.6908297e-04
  -1.2875682e-01  -1.2825705e-01  -2.0655409e+00  -3.2241286e-03  -6.3059665e-03  -1.1204343e-04
  -1.2503478e-01  -5.8139287e-02  -2.1037525e+00  -4.1701800e-03  -7.1262572e-03   2.4942237e-04
  -7.0491646e-02  -5.5251513e-02  -2.2019254e+00  -5.3127315e-03  -9.1409700e-03  -2.9397688e-04
  -5.8123003e-02  -7.5186327e-02  -2.1875303e+00  -5.7433722e-03  -8.5031869e-03  -5.4852273e-04
  -6.6252015e-02  -9.6399979e-02  -2.1613312e+00  -4.5488615e-03  -8.3752093e-03  -2.2101511e-04
  -7.6445684e-02  -1.3553411e-01  -2.3079710e+00  -3.2118376e-03  -7.0669689e-03  -1.1031769e-03
  -6.0641296e-02  -5.9644551e-02  -2.2241358e+00  -4.5520296e-03  -7.2641583e-03  -1.1176283e-03
  -4.6410948e-02  -7.7100995e-02  -2.1856066e+00  -4.2218598e-03  -7.1870896e-03  -1.1478421e-03
  -4.9377767e-02  -6.3492219e-02  -2.1381909e+00  -4.1593484e-03  -7.6660952e-03  -9.2281671e-04
  -7.4668885e-02  -1.5635099e-01  -2.1745632e+00  -1.0467145e-02  -7.3958291e-03  -5.9409673e-04
  -1.0582755e-01  -8.2671845e-02  -2.5236245e+00  -1.2102386e-02  -8.4800343e-03   4.2663937e-04
  -1.3016531e-01   8.8403339e-02  -3.0469816e+00  -1.1029506e-02  -1.0966326e-02   1.6735194e-03
  -9.4334278e-02   1.1444308e-01  -3.2028783e+00  -1.3461412e-02  -1.3596134e-02   1.5140663e-03
  -8.0792081e-02   9.9337114e-03  -3.1079322e+00  -1.2422133e-02  -1.3008862e-02   9.1698011e-04
  -5.7012910e-02   9.9385563e-02  -3.1375386e+00  -1.2540162e-02  -1.3263059e-02   6.8058438e-04
  -6.0910422e-02   6.7102450e-02  -3.0834832e+00  -1.3224580e-02  -1.2456396e-02   6.9179232e-04
  -6.7230662e-02   8.9367051e-02  -3.0961882e+00  -1.3323657e-02  -1.2552622e-02   7.5783508e-04
  -8.0410210e-02   3.9816799e-02  -3.0618257e+00  -1.2598275e-02  -1.1824837e-02   7.3765551e-04
  -8.6760186e-02   8.8962518e-02  -3.0018245e+00  -1.3092938e-02  -1.1575223e-02   9.3373172e-04
  -7.3555400e-02   8.5294461e-02  -2.9578079e+00  -1.2314721e-02  -1.1118964e-02   7.4222974e-04
  -1.5516819e-01  -4.1586584e-02  -2.9651810e+00  -6.6209933e-03  -5.9678633e-03   6.9263285e-04
  -1.3607895e-01  -6.8828073e-03  -2.9071063e+00  -1.5645114e-02  -4.3564958e-03   6.7301339e-04
  -1.6230369e-01  -6.5340703e-03  -2.7367274e+00  -9.3941863e-03  -1.8194973e-03   6.2699707e-04
  -1.7180574e-01  -1.0445115e-02  -2.5963825e+00  -2.8270072e-03   1.0854578e-03  -3.5988541e-04
  -1.7165089e-01  -1.1537359e-01  -2.5830904e+00  -1.1191676e-03   1.8090055e-03  -2.7233476e-06
  -1.6955150e-01  -9.8025836e-02  -2.7232837e+00  -4.2747626e-03   2.2413144e-03  -3.6955831e-04
  -1.5945681e-01  -7.1101011e-02  -2.8216208e+00  -5.3366798e-03   2.2415326e-03  -6.8314370e-05
  -1.4954597e-01  -7.8345139e-02  -2.8763341e+00  -5.4531372e-03   1.9139853e-03  -4.0784309e-05
  -1.3520229e-01  -1.2043808e-01  -2.8637310e+00  -4.8521093e-03   1.9237761e-03  -5.0030701e-04
  -1.1410113e-01   5.3727787e-03  -3.0575703e+00  -8.1313245e-03   7.2858492e-04  -3.8497459e-04
  -1.2629838e-01  -5.9372621e-02  -3.0641521e+00  -7.5760616e-03   7.1830228e-04  -1.6356109e-04
  -1.2061208e-01  -3.0367396e-02  -3.0760045e+00  -8.0762132e-03   5.1196617e-04  -2.7338168e-04
  -1.2394420e-01  -7.1069364e-02  -3.1877943e+00  -6.8703855e-03   7.2596125e-04  -5.6082354e-04
  -1.1250916e-01  -3.0293377e-02  -3.1366834e+00  -8.7819029e-03   7.6186038e-04  -5.3491552e-04
  -8.6540602e-02   2.3334502e-02  -3.1743663e+00  -9.4832096e-03  -8.5147594e-05  -1.1381901e-03
  -5.1019241e-02  -1.8979408e-02  -3.2465381e+00  -8.8384734e-03  -2.8149449e-03  -1.1351378e-03
  -1.1688359e-01  -4.9806521e-02  -3.2692561e+00  -9.5074574e-03  -1.9507053e-03  -1.5488390e-04
  -1.0429141e-01  -2.4014876e-02  -3.2982031e+00  -9.9834731e-03  -1.9633584e-03  -1.0614492e-04
  -1.0132068e-01  -5.8347732e-02  -3.2534064e+00  -8.3434799e-03  -1.8289987e-03  -2.6000806e-04
  -5.3281916e-02  -6.4934545e-02  -3.3052436e+00  -8.4790509e-03  -2.8898902e-03  -7.6208357e-04
  -4.9011447e-02   2.7720101e-02  -3.4360879e+00  -1.0971896e-02  -2.3001426e-03  -1.0651392e-03
  -6.1376285e-02   4.3322584e-02  -3.3911760e+00  -9.3866700e-03  -2.9718895e-03  -7.8088363e-04
  -7.6383135e-02   4.9791349e-02  -3.5623338e+00  -1.1537934e-02  -2.5837859e-03  -6.5508520e-04
  -8.0852524e-02   3.2668990e-02  -3.5384114e+00  -1.1382307e-02  -2.5962307e-03  -4.4175918e-04
  -7.0741379e-02   5.0399026e-02  -3.5525115e+00  -1.2138072e-02  -2.6022699e-03  -5.5689383e-04
  -8.2846964e-02  -4.8028489e-02  -3.5651924e+00  -1.1092127e-02  -2.7055104e-03  -4.2063277e-04
  -1.2690682e-01   2.9061500e-03  -3.6542032e+00  -8.5686562e-03  -2.7975660e-04  -5.1835202e-04
  -1.1591817e-01   5.0033005e-02  -3.5264574e+00  -1.0654959e-02  -5.5261549e-04  -5.8028906e-04
  -1.0494939e-01  -1.2608977e-02  -3.5994204e+00  -9.4575881e-03  -4.7295772e-04  -7.3058709e-04
  -1.1342304e-01   5.5630150e-02  -3.6538247e+00  -1.1050198e-02  -9.4555088e-04  -1.9737375e-04
  -1.1655374e-01   5.4549191e-02  -3.7295544e+00  -1.1101393e-02  -1.5574636e-03  -2.5095609e-04
  -9.5841056e-02   5.9913403e-02  -3.6617381e+00  -1.2147937e-02  -8.0275216e-04  -5.6415764e-04
  -7.3997246e-02  -1.5817089e-02  -3.6867669e+00  -1.1480413e-02  -1.3655331e-04  -6.5449885e-04
  -1.6952697e-02  -9.9835489e-02  -3.3543137e+00  -6.0769195e-03  -2.1642746e-03  -1.5859833e-03
  -1.2213823e-02   3.3817142e-02  -3.5157404e+00  -9.8287824e-03  -2.1367268e-03  -1.5720730e-03
  -6.9391653e-03  -1.4274736e-02  -3.4864856e+00  -9.4893617e-03  -1.8840992e-03  -1.5982898e-03
  -1.2665955e-01  -4.8772646e-02  -3.4562369e+00  -1.0573637e-02  -3.4996601e-03  -3.8292745e-04
  -1.2152342e-01   2.9565576e-02  -3.3322578e+00  -9.1015293e-03  -1.2781825e-03  -4.2325135e-04
  -1.6892462e-01   1.3997430e-02  -3.4808891e+00  -1.1782231e-02  -4.5644168e-04   2.2258538e-04
  -1.2532479e-01   5.3057095e-02  -3.5179415e+00  -1.1600874e-02  -9.2618837e-04  -2.1292684e-04
  -1.0371022e-01   5.7327914e-02  -3.6679867e+00  -1.2348806e-02  -7.2211792e-04  -3.8622824e-04
  -1.1049476e-01   6.6097614e-02  -3.6092579e+00  -1.1625639e-02  -8.0903149e-04  -2.9545850e-04
  -1.0459835e-01   5.6420813e-02  -3.6837058e+00  -1.2594470e-02   4.7503378e-05  -8.5044045e-04
  -1.6076882e-01   4.1457531e-02  -3.6605452e+00  -1.3435962e-02   2.1117252e-04   5.1068577e-04
  -1.6884335e-01   1.1568596e-01  -3.7081697e+00  -1.3821911e-02  -3.5501813e-04   5.8050226e-04
  -1.5959270e-01   7.5380295e-02  -3.6043349e+00  -1.2595922e-02   7.0555573e-05   2.7053965e-04
  -1.8314762e-01  -3.2415796e-02  -2.6821761e+00  -1.5307178e-02   3.6464982e-03   6.5792338e-04
  -9.8581154e-02   2.3488183e-01  -2.4755840e+00  -6.9978130e-03  -7.3748237e-03   2.1072919e-03
  -1.3182431e-01   2.7296300e-02  -2.7853166e+00  -4.0796264e-03  -8.1265711e-03   1.8758782e-04
  -1.2542630e-01   8.9063621e-03  -2.9719665e+00  -7.6470658e-03  -8.6306743e-03   2.8789343e-04
  -1.1749362e-01   1.7735298e-02  -3.0230771e+00  -9.0253378e-03  -9.2044800e-03   4.1352567e-04
  -1.6185519e-01  -7.4251507e-02  -3.0461664e+00  -1.3433408e-02  -7.8628532e-03   2.0398296e-03
  -1.2630584e-01  -8.3062012e-02  -2.6761085e+00  -6.8634750e-03  -5.5423191e-03   7.7571788e-04
  -1.1460584e-01  -9.0208659e-02  -2.7256972e+00  -7.8727504e-03  -5.7048285e-03   1.0246964e-03
  -8.7918333e-02  -8.1988295e-02  -2.7501533e+00  -7.2714494e-03  -5.0700754e-03   2.1295761e-05
  -1.2665977e-01  -3.3022869e-02  -2.8836215e+00  -9.2887338e-03  -4.4299666e-03   3.5630291e-04
  -1.1392333e-01  -3.1541623e-02  -2.8818693e+00  -9.5461986e-03  -4.2166635e-03   3.0591063e-04
  -1.0019012e-01  -1.3859037e-02  -2.8768684e+00  -1.0363874e-02  -4.3571085e-03   1.1370365e-04
  -1.0336083e-01  -6.0990106e-02  -3.1112153e+00  -9.3539587e-03  -4.9565694e-03   1.5169681e-04
  -9.3040806e-02   1.2784638e-02  -3.0289713e+00  -1.0856556e-02  -5.1692701e-03   5.9890690e-05
  -9.3687447e-02   6.3409112e-03  -3.0402012e+00  -1.0491990e-02  -4.9178485e-03   5.4803853e-05
  -1.0104056e-01  -3.2385669e-03  -3.0699239e+00  -1.1126284e-02  -4.8436656e-03   2.4632537e-04
  -9.6205867e-02   9.7133357e-03  -3.0568223e+00  -1.1041506e-02  -4.4817242e-03   1.0386056e-04
  -9.3085283e-02   1.1990146e-02  -3.0818663e+00  -1.1425284e-02  -4.5880025e-03  -6.0352896e-05
  -8.9907094e-02   4.6698787e-03  -3.2566134e+00  -7.6978578e-03  -4.2462320e-03  -3.9166975e-04
  -1.1595332e-01   6.3235706e-02  -3.3481761e+00  -1.2652386e-02  -4.5920603e-03   3.4688934e-04
  -1.3045921e-01   4.2632922e-02  -3.6666875e+00  -1.2924780e-02  -4.4561625e-03   1.1049337e-03
  -1.5192044e-01   3.1287420e-02  -3.6983595e+00  -8.8374131e-03  -2.7617019e-03   9.2214763e-05
  -9.5666527e-02  -3.0593084e-03  -3.8058482e+00  -5.5830541e-03  -3.1888320e-03  -3.3041300e-04
  -1.1521397e-01   4.7513172e-02  -3.8742380e+00  -1.0291888e-02  -3.5761859e-03   4.0382945e-04
  -1.1015723e-01   7.7801844e-02  -4.0161819e+00  -1.2420759e-02  -3.5399856e-03   2.7684639e-04
  -1.1253054e-01   9.2504110e-02  -4.0113504e+00  -1.2615028e-02  -3.9820300e-03   4.1486346e-04
  -1.4640040e-01   4.1289784e-02  -4.0968693e+00  -1.2029744e-02  -3.0139202e-03   5.3560238e-04
  -1.3069952e-01   9.1387907e-02  -4.1098133e+00  -1.1486586e-02  -3.1221415e-03   2.5794056e-04
  -1.2700046e-01   7.2122498e-02  -4.0644843e+00  -1.2200644e-02  -3.8494949e-03   4.2317436e-04
  -1.4000770e-01   2.8639853e-02  -4.1404506e+00  -1.4361440e-02  -2.3257651e-03   5.9968182e-04
  -1.5477420e-01   4.2315183e-02  -3.9677316e+00  -1.0794094e-02  -2.1558867e-03   3.7624145e-04
  -1.2116136e-01   8.7448925e-02  -4.0278763e+00  -1.4032458e-02  -1.5350434e-03   1.4124446e-04
  -1.5767202e-01   4.3923522e-02  -4.0739122e+00  -1.1598456e-02  -8.4579191e-04   7.8181217e-04
  -1.4970453e-01   9.2704972e-02  -4.1165628e+00  -1.3179414e-02  -1.6813729e-03   5.4258375e-04
  -1.4989482e-01   7.9737136e-02  -4.1463764e+00  -1.3434229e-02  -1.6654748e-03   6.2789407e-04
  -1.4398609e-01   7.8871102e-02  -4.1802085e+00  -1.4257897e-02  -1.3790988e-03   4.8125055e-04
  -1.6061891e-01   7.1256175e-02  -4.2243264e+00  -1.3734838e-02  -1.2289065e-03   6.2345015e-04
  -1.4858033e-01   7.6428215e-02  -4.1939957e+00  -1.3428450e-02  -1.0827187e-03   6.3329892e-04
  -1.7460559e-01   9.8537936e-02  -4.2049348e+00  -1.3672761e-02  -1.2133927e-03   1.0489608e-03
  -1.7750756e-01   9.6533067e-02  -4.2564923e+00  -1.4921709e-02  -1.1558203e-03   1.1939562e-03
  -1.5906582e-01   1.0211133e-01  -4.2431098e+00  -1.4854313e-02  -1.5564222e-03   9.1743333e-04
  -1.5080142e-01  -2.8870870e-02  -3.6621586e+00  -9.0896138e-03  -7.7306260e-04   1.5405803e-04
  -1.5954990e-01   8.2019100e-02  -4.3891360e+00  -1.1843097e-02  -1.0163761e-03   8.6654641e-04
  -2.0973213e-01   1.8071832e-02  -3.7393469e+00  -2.1368617e-02   1.9775133e-03   1.8433247e-03
  -1.9984927e-01  -4.2002673e-02  -3.5156070e+00  -1.4531730e-02  -5.7915126e-03   2.8465418e-03
  -2.8487394e-01   6.1040867e-02  -3.9204752e+00  -9.0944391e-03  -7.4177811e-03   5.5880919e-03
  -2.7689410e-01   9.8955583e-02  -4.1199242e+00  -1.5579015e-02  -1.0435499e-02   6.1000703e-03
  -2.3276012e-01   2.7978398e-02  -4.0762141e+00  -1.4374526e-02  -1.0732408e-02   5.4330960e-03
  -2.1163719e-01   1.1448790e-01  -4.1094791e+00  -1.5461202e-02  -1.1176640e-02   4.9987401e-03
  -1.7415140e-01   6.1346000e-02  -4.0983515e+00  -1.6704929e-02  -1.0121454e-02   4.2761524e-03
  -1.7059734e-01   9.5811491e-02  -4.0341580e+00  -1.6920376e-02  -8.5573003e-03   3.4073696e-03
  -1.4184919e-01   1.0772820e-01  -4.0003669e+00  -1.6548121e-02  -8.6494461e-03   2.9796575e-03
  -1.4234135e-01   8.1301686e-02  -3.9884948e+00  -1.6358574e-02  -8.5825190e-03   3.2215133e-03
  -1.3613896e-01   1.2081168e-01  -4.0419610e+00  -1.7067127e-02  -8.7034932e-03   3.0265261e-03
  -1.3252000e-01   1.1649191e-01  -4.0490101e+00  -1.6948494e-02  -8.9926351e-03   3.0906532e-03
  -1.2421586e-01   1.3910822e-01  -4.0659076e+00  -1.8176152e-02  -9.8167317e-03   2.3727683e-03
  -2.7507411e-02  -2.3236433e-03  -3.4053131e+00  -1.0514482e-02  -1.2737995e-02   3.2715279e-04
  -1.5014708e-02   2.5155183e-02  -4.0097267e+00  -9.6876300e-03  -1.5444831e-02  -1.7887850e-04
   1.2641349e-02  -1.1164771e-01  -3.4315689e+00  -4.3368112e-03  -1.4515554e-02  -4.5388525e-04
  -1.1629113e-02   5.4754103e-02  -3.9957711e+00  -8.7157569e-03  -1.5453722e-02  -4.1461099e-05
  -1.1710845e-02   9.9986323e-04  -3.9517343e+00  -8.7396745e-03  -1.5164855e-02   1.2772810e-04
  -1.2246628e-02   5.1555566e-02  -3.9886868e+00  -9.6008990e-03  -1.4607548e-02  -3.1421984e-05
  -3.6149404e-02   2.1280315e-02  -3.9749134e+00  -1.0172338e-02  -1.4632943e-02   3.7686670e-04
   3.1397542e-02   5.4044135e-02  -4.0089932e+00  -1.3979107e-02  -1.5983386e-02  -4.5795361e-04
  -8.7659299e-02  -7.6467038e-03  -2.8747337e+00  -3.1509194e-03  -9.4599989e-03   8.4542525e-04
  -1.6434602e-01   6.1485780e-02  -3.2627261e+00  -9.1054578e-03  -5.3498283e-03   1.6410311e-03
  -1.5000438e-01   9.2469889e-03  -3.2121819e+00  -8.0292849e-03  -6.7593513e-03   1.7210647e-03
  -9.8169837e-02   3.1721135e-02  -3.4798500e+00  -9.2444063e-03  -7.4794026e-03   9.9966783e-04
  -9.1046664e-02   6.5234503e-02  -3.5817136e+00  -1.1582995e-02  -8.0423608e-03   1.1822705e-03
  -6.8741132e-02   7.7505789e-03  -3.6624369e+00  -1.1100547e-02  -7.9114666e-03   5.8921080e-04
  -8.2214051e-02   5.8102443e-02  -3.7013350e+00  -1.1755179e-02  -8.6572873e-03   8.7704900e-04
  -6.9828475e-02   8.2806633e-02  -3.7239966e+00  -1.2821280e-02  -8.0140391e-03   8.0626081e-04
  -7.3989594e-02   9.6552235e-02  -3.7969336e+00  -1.2734834e-02  -8.5471279e-03   8.4560293e-04
  -8.4053288e-02   5.1988049e-02  -3.8254990e+00  -1.3919884e-02  -6.4454744e-03   2.0221831e-04
  -1.1295128e-01   6.9314052e-02  -3.6750670e+00  -1.0893536e-02  -5.7340842e-03   4.9992385e-04
  -8.1425768e-02   1.1959997e-01  -3.7571107e+00  -1.3145847e-02  -6.7629676e-03   4.7859404e-04
  -9.5126715e-02   7.2277125e-02  -3.7716047e+00  -1.3310073e-02  -6.3079586e-03   7.3459300e-04
  -1.1190391e-01   1.1802413e-01  -3.9227036e+00  -1.5202350e-02  -5.5488442e-03   6.4064890e-04
  -9.0206103e-02   1.0203159e-01  -3.8930105e+00  -1.4866429e-02  -5.4724730e-03   6.2004477e-04
  -1.0743347e-01   1.2350850e-01  -3.8824308e+00  -1.9834742e-02  -6.1343641e-03   1.6835356e-03
  -1.6163401e-01   2.1923594e-02  -4.1147399e+00  -1.1748616e-02  -3.7060026e-03   1.1111615e-03
  -1.3004982e-01   6.2455461e-02  -4.0993598e+00  -1.1549744e-02  -4.5247291e-03   9.1234925e-04
  -1.3108018e-01   4.2038182e-02  -4.0923722e+00  -1.1139518e-02  -4.0631733e-03   8.0894616e-04
  -1.5816351e-01   6.1551289e-02  -4.1388014e+00  -1.2510492e-02  -4.9443938e-03   2.9131059e-03
  -1.4762565e-01   4.2880034e-02  -4.1529394e+00  -1.3529953e-02  -4.8725058e-03   2.9203483e-03
  -1.3750873e-01  -6.3037667e-03  -4.1468588e+00  -1.2222613e-02  -5.1231417e-03   2.9333413e-03
  -1.4899913e-01   1.1418006e-02  -4.1561603e+00  -1.2384215e-02  -5.4113776e-03   3.2156685e-03
  -1.2568404e-01   8.9213479e-02  -4.1183273e+00  -1.6161235e-02  -6.9570361e-03   4.2932784e-03
  -1.6466577e-01   1.0762748e-01  -3.9614490e+00  -1.4824868e-02  -4.3344893e-03   2.4810684e-03
  -1.6104699e-01   9.2394367e-02  -3.9747494e+00  -1.4786008e-02  -4.8663427e-03   3.3098652e-03
  -1.6812267e-01   3.6496352e-02  -4.0115296e+00  -1.4617327e-02  -5.4975891e-03   3.4570651e-03
  -1.4024757e-01  -6.9327436e-03  -4.0306037e+00  -1.6286185e-02  -6.0121081e-03   2.5513849e-03
  -6.7583361e-02  -3.3667238e-02  -3.7010646e+00  -8.6579114e-03  -8.9954678e-03   2.1075820e-03
  -8.6082712e-02  -6.3660836e-02  -3.7516425e+00  -8.1859117e-03  -7.9241284e-03   1.5133865e-03
  -1.7660444e-01   2.0593052e-02  -3.7793926e+00  -1.0151717e-02  -4.9859225e-03   2.8709683e-03
  -1.4047638e-01   2.7602605e-02  -3.8458460e+00  -1.0657344e-02  -6.3796766e-03   2.7991142e-03
  -1.3068849e-01  -2.7026091e-02  -3.8236520e+00  -9.3551721e-03  -6.2366900e-03   2.4864904e-03
  -1.4157059e-01  -2.6667531e-02  -3.7997618e+00  -9.8489497e-03  -5.2610621e-03   2.3551744e-03
  -1.5650144e-01   4.2653621e-02  -3.9272844e+00  -1.1931527e-02  -6.7575525e-03   2.8512758e-03
  -1.4765039e-01  -4.2448781e-03  -3.8990474e+00  -1.1178824e-02  -6.4386703e-03   2.9029466e-03
  -1.3499914e-01  -2.7901698e-02  -3.9189955e+00  -1.0952455e-02  -6.3506214e-03   2.3411412e-03
  -1.2090509e-01  -5.9782879e-03  -3.9842522e+00  -1.1185632e-02  -5.8979850e-03   2.4008459e-03
  -1.0135781e-01  -2.9117022e-02  -3.9770940e+00  -1.2002478e-02  -6.1115551e-03   2.2990028e-03
  -1.3172465e-01  -2.4556414e-02  -3.9786936e+00  -1.2027165e-02  -5.9217772e-03   2.4013659e-03
  -1.2655882e-01  -1.2914176e-03  -3.9794846e+00  -1.2386962e-02  -5.9187926e-03   2.5371985e-03
  -1.2564886e-01  -3.1023210e-02  -3.9648526e+00  -1.1671778e-02  -5.8463196e-03   2.5078524e-03
  -1.6935761e-01  -7.7093922e-02  -4.1053572e+00  -1.1135944e-02  -4.8885812e-03   3.0127708e-03
  -1.3654130e-01  -2.4573662e-02  -3.9891560e+00  -1.0729641e-02  -6.1829419e-03   2.6338767e-03
  -1.5194306e-01   4.6651430e-02  -3.7837198e+00  -7.2401090e-03  -6.1451812e-03   2.4093631e-03
  -1.6411445e-01   1.2927316e-04  -3.9542610e+00  -9.5090103e-03  -6.4464042e-03   1.8845325e-03
  -1.6789709e-01  -5.2964603e-02  -3.8626563e+00  -8.3730818e-03  -6.1166801e-03   2.3739181e-03
  -1.7101963e-01  -4.4563172e-02  -3.8403277e+00  -8.5406310e-03  -5.0007947e-03   2.8107887e-03
  -1.2765274e-01  -2.5485184e-02  -3.9293700e+00  -9.6360019e-03  -7.2564051e-03   2.5903861e-03
  -1.7087944e-01  -4.9888587e-03  -4.1425856e+00  -1.2845216e-02  -6.5781293e-03   3.1494858e-03
  -1.1292017e-01  -5.0137990e-02  -3.9866745e+00  -9.2177112e-03  -6.8503087e-03   2.4640197e-03
  -2.3517311e-01  -1.3476878e-01  -4.0635098e+00  -7.1109628e-03  -4.1486494e-03   3.6884083e-03
  -1.6343091e-01  -2.1337898e-02  -4.1985911e+00  -7.9839946e-03  -6.0335927e-03   2.6737644e-03
  -1.5808615e-01  -1.2251201e-01  -4.0494318e+00  -7.6090980e-03  -5.6263065e-03   2.9392028e-03
  -1.4206595e-01  -6.6849287e-02  -4.1168545e+00  -8.4162502e-03  -5.2849322e-03   2.3889620e-03
  -1.5369032e-01  -1.1107017e-01  -4.0817285e+00  -8.5957479e-03  -5.5064126e-03   2.5811991e-03
  -1.4261579e-01  -8.0997492e-02  -4.0624521e+00  -8.5827708e-03  -5.7666855e-03   2.5920030e-03
  -1.3594420e-01  -9.0346299e-02  -4.0515853e+00  -8.4392770e-03  -5.5452189e-03   2.4530732e-03
  -1.5102435e-01  -1.0874185e-01  -4.0371944e+00  -8.6525914e-03  -5.5268045e-03   2.4282782e-03
  -1.0771936e-01  -8.6553771e-02  -3.6774089e+00  -4.5914218e-03  -6.8127442e-03   1.6316636e-03
  -1.3726042e-01  -2.0663905e-02  -4.1369335e+00  -9.5508784e-03  -6.2850326e-03   2.4293932e-03
  -1.8120658e-01  -1.2709996e-01  -3.9743158e+00  -9.2747219e-03  -4.0191607e-03   3.2511790e-03
  -1.6309174e-01  -9.0034011e-02  -3.9728710e+00  -7.0081185e-03  -4.5064884e-03   2.5481969e-03
  -1.3351135e-01  -4.7413286e-02  -4.0132203e+00  -8.1124957e-03  -5.0489149e-03   2.3007959e-03
  -1.4192484e-01  -5.3102241e-02  -4.0023928e+00  -8.0366755e-03  -5.5798448e-03   2.5124356e-03
  -5.8350802e-02  -1.8999255e-01  -3.4560649e+00  -2.7152252e-03  -1.1686706e-02   2.2848540e-04
  -8.6252072e-02  -1.1048653e-02  -3.5068419e+00  -8.0793090e-03  -1.2628842e-02   1.1275543e-03
  -7.7678603e-02  -5.5965067e-02  -3.4080188e+00  -7.0427329e-03  -1.1340330e-02   1.0092815e-03
  -7.3415574e-02  -7.3524029e-02  -3.3343627e+00  -6.3217239e-03  -1.1347369e-02   1.0681396e-03
  -6.5928012e-02  -7.4502158e-02  -3.5823024e+00  -8.1773134e-03  -1.1819484e-02   8.1777948e-04
  -4.9535529e-02  -8.6880224e-02  -3.5443915e+00  -6.8721908e-03  -9.3193496e-03  -4.3642953e-04
  -6.1218983e-02  -4.9728370e-02  -3.6204280e+00  -7.9967462e-03  -1.0506369e-02   6.1280337e-04
  -4.9191286e-02   2.9230349e-02  -3.6504979e+00  -1.0782861e-02  -1.2582621e-02   1.5518935e-03
  -1.0661246e-01  -4.5417927e-02  -3.6106807e+00  -8.8902043e-03  -1.1389337e-02   2.1972886e-03
  -1.0368826e-01  -1.3066272e-02  -3.6332922e+00  -8.7883225e-03  -1.1067406e-02   1.9235841e-03
  -9.2516167e-02  -2.1197727e-01  -3.9120578e+00  -8.1760353e-04  -1.0335941e-02   1.4180264e-03
  -1.5761155e-01  -8.3450695e-02  -3.9696833e+00  -5.4713973e-03  -8.8159770e-03   2.0671196e-03
  -1.6279608e-01  -1.3507565e-01  -3.7857482e+00  -3.5866605e-03  -8.0156579e-03   1.1295278e-03
  -1.3538005e-01  -1.6840682e-01  -3.9162954e+00  -4.7608977e-03  -8.2577166e-03   1.2795493e-03
  -1.3305763e-01  -1.7984872e-01  -3.8833356e+00  -5.4001755e-03  -8.6196970e-03   1.4820610e-03
  -1.6198754e-01  -1.3821914e-01  -3.8435949e+00  -5.5734479e-03  -8.0132394e-03   2.3904405e-03
  -1.2061399e-01  -1.0608418e-01  -3.8021317e+00  -5.1667226e-03  -8.5962650e-03   2.1249851e-03
  -1.0834867e-01  -1.3870160e-01  -3.7599290e+00  -4.5646087e-03  -8.4056768e-03   2.2542788e-03
  -1.1082981e-01  -1.4377609e-01  -3.7814037e+00  -3.1996339e-03  -7.7808635e-03   1.9685589e-03
  -9.8673496e-02  -1.4690970e-01  -3.7856201e+00  -4.4883417e-03  -8.1830616e-03   1.9915593e-03
  -8.2278284e-02  -1.3926448e-01  -3.8624338e+00  -3.5643101e-03  -7.9478088e-03   1.7070797e-03
  -1.0431340e-01  -1.1224710e-01  -3.8807423e+00  -5.5356622e-03  -8.6010650e-03   1.8818903e-03
  -8.9735496e-02  -2.6317716e-01  -3.3872709e+00   6.6214531e-03  -9.5906940e-03   1.0133977e-05
  -1.5834275e-01   1.0309904e-02  -3.5483219e+00  -5.9334635e-03  -7.0887214e-03   1.3883209e-03
  -1.3501194e-01  -1.2036855e-01  -3.5460985e+00  -5.1285441e-03  -7.6930074e-03   1.7773319e-03
  -1.1438338e-01  -4.2440404e-02  -3.6799740e+00  -7.3048242e-03  -8.7614967e-03   1.5819526e-03
  -1.0243110e-01  -6.1450785e-03  -3.7318876e+00  -8.3129028e-03  -9.0021809e-03   1.6161772e-03
  -9.6585350e-02  -3.9317360e-02  -3.7073684e+00  -8.1007566e-03  -7.9444753e-03   1.4509098e-03
  -8.4624192e-02  -2.6699235e-02  -3.7541079e+00  -7.6949231e-03  -8.7344429e-03   1.2906006e-03
  -8.1697567e-02  -5.0465759e-02  -3.7529712e+00  -9.0342997e-03  -8.5059821e-03   1.1595772e-03
  -9.3619202e-02  -1.1664494e-02  -3.7723697e+00  -9.4143969e-03  -8.7022652e-03   1.2732536e-03
  -7.8891533e-02  -5.5205559e-02  -3.7449554e+00  -8.8180685e-03  -7.9179392e-03   9.8917434e-04
  -7.4989420e-02   1.4173704e-02  -3.7681639e+00  -9.2737675e-03  -7.8796519e-03   9.2958137e-04
