   0.0000000e+00   0.0000000e+00   0.0000000e+00   0.0000000e+00   0.0000000e+00   0.0000000e+00
  -6.3781875e-03   5.7874067e-02   1.5694073e-02  -6.2220179e-04  -8.1042213e-04   5.9138318e-05
  -6.8822259e-02   3.7466076e-02   6.7413391e-01   5.6566162e-03  -1.5413219e-03   7.9306180e-04
  -3.4113285e-02   2.1514175e-02   4.2881005e-01   3.0326511e-03  -2.1971293e-03   1.4162781e-03
  -3.8417491e-02  -2.3819931e-02   4.8181031e-01   6.6123954e-03  -1.2054184e-03   6.8726258e-04
  -3.5586224e-02  -4.0689409e-02   4.1855691e-01   1.2422023e-03  -1.8318549e-03   8.9221772e-04
  -3.6737845e-02  -3.9411664e-02   6.0929108e-01   6.9406763e-03  -1.1646329e-03   8.8576274e-04
  -7.0707538e-02  -1.4196452e-02   8.8937789e-01   7.5479156e-03  -1.8216772e-03   6.7908156e-04
  -3.6982702e-02  -6.9768615e-02   7.1842452e-01   3.0652548e-03  -1.9152747e-03   5.4039193e-04
  -4.2042072e-02  -1.8477608e-02   6.1490548e-01   4.3178210e-03  -1.3149540e-03   7.3575230e-04
  -7.7010082e-02  -5.1948667e-04   9.9391948e-01   9.9921270e-03  -1.1488003e-03   1.3344364e-03
  -6.1876357e-02   5.6619711e-02   7.3365069e-01   2.7900197e-03  -2.7940712e-03   1.2971373e-03
  -7.6017828e-02   7.2382299e-02   7.4445274e-01   1.1947090e-03  -2.1398631e-03   1.5578564e-03
  -5.8927615e-02   1.9658389e-01   9.7340625e-01  -8.6613549e-03  -4.6962624e-03   2.2088959e-03
  -1.0377356e-01   2.3174846e-01   2.1099891e+00  -3.7427701e-03  -5.0220177e-03   2.8945435e-03
  -1.8800237e-01   3.5194164e-01   2.0998523e+00  -4.7019329e-03  -5.7422561e-03   2.4907472e-03
  -1.7839014e-01   3.7448071e-01   1.9722284e+00  -1.0803232e-02  -1.5009925e-03   2.8102209e-03
  -1.7305209e-01   3.7688502e-01   2.0591607e+00  -1.0096768e-02  -3.1984462e-03   2.8639466e-03
  -1.1669241e-01   3.3145118e-01   2.3997891e+00  -8.3411963e-03  -3.1632252e-03   1.6647162e-03
  -1.3869623e-01   2.0588576e-01   3.0119149e+00   3.2095038e-03  -6.8061781e-03   3.7556003e-03
  -1.2726507e-01   2.6140619e-01   2.7370595e+00   1.3755462e-03  -9.6927566e-03   3.9174661e-03
  -1.9555101e-01   3.7582998e-01   2.0267920e+00  -7.4262542e-03  -1.0227130e-02   4.4862164e-03
  -1.7173136e-01   4.0488088e-01   2.1028334e+00  -1.0367999e-02  -9.9542160e-03   3.7247848e-03
  -1.6572828e-01   3.5263700e-01   2.3291392e+00  -8.3840811e-03  -9.3992764e-03   3.3667219e-03
  -1.7761608e-01   3.5187321e-01   2.5371200e+00  -6.5645761e-03  -9.5015485e-03   3.5304721e-03
  -1.6141357e-01   3.1334095e-01   2.7901300e+00  -4.3384334e-03  -9.5760671e-03   3.9694792e-03
  -1.7022519e-01   3.2035622e-01   4.3871901e+00   7.4771277e-03  -1.3463604e-02   2.7449319e-03
  -1.9761953e-01   4.0598149e-01   4.2401618e+00   6.5975045e-03  -1.5153998e-02   5.3989525e-03
  -2.5127353e-01   4.4360413e-01   4.6324025e+00   1.2932254e-02  -1.3447601e-02   4.3019387e-03
  -2.3656044e-01   4.2328381e-01   4.7234710e+00   1.3010325e-02  -1.2793923e-02   4.1120992e-03
  -2.0913401e-01   4.2524606e-01   4.7883037e+00   1.3429654e-02  -1.1828672e-02   3.6580534e-03
  -1.9563463e-01   4.0493961e-01   4.8125462e+00   1.4425695e-02  -1.2264714e-02   3.6038637e-03
  -1.8311848e-01   4.1369952e-01   4.7503978e+00   1.3431595e-02  -1.2968472e-02   3.4741420e-03
  -1.8319945e-01   3.8311468e-01   4.7007210e+00   1.3056142e-02  -1.3004424e-02   3.5684647e-03
  -1.8029614e-01   4.1166851e-01   4.6371769e+00   1.1872785e-02  -1.3121295e-02   3.3077283e-03
  -1.6566922e-01   4.2226963e-01   4.6197026e+00   1.3034437e-02  -1.3914147e-02   3.3755238e-03
  -1.5655784e-01   3.6249911e-01   4.5688421e+00   1.2545672e-02  -1.3593717e-02   2.6877697e-03
  -1.9134086e-01   4.2860941e-01   4.4338751e+00   9.2106529e-03  -1.3601565e-02   2.8944497e-03
  -1.4639949e-01   3.7724163e-01   4.4964828e+00   1.7166137e-02  -1.2183415e-02   3.3205464e-03
  -6.2893808e-02   3.4026164e-01   3.2525194e+00   1.8540281e-04  -1.0445231e-02   2.3565323e-03
  -8.4042600e-02   3.5151389e-01   3.2237717e+00  -1.7231867e-03  -9.9514219e-03   2.3220595e-03
  -6.4214793e-02   3.1084355e-01   3.1115752e+00  -2.7836604e-03  -9.7567250e-03   2.0784567e-03
  -5.7716449e-02   2.5971825e-01   3.0206408e+00  -3.0528851e-03  -1.0494660e-02   1.8644306e-03
  -4.6910385e-02   3.0199278e-01   2.9516466e+00  -6.4233302e-03  -1.0311679e-02   1.7876280e-03
  -4.9064008e-02   2.8718498e-01   2.8986036e+00  -5.3838520e-03  -9.5531593e-03   1.6931193e-03
  -4.4183831e-02   2.6254373e-01   2.9379929e+00  -5.0150513e-03  -9.2613462e-03   1.6514374e-03
  -3.6971202e-02   2.7840577e-01   2.8949238e+00  -4.3222182e-03  -9.8651056e-03   1.4762741e-03
  -3.9097880e-02   2.8072127e-01   2.9153879e+00  -4.1672590e-03  -1.0282650e-02   1.6312617e-03
  -8.6949740e-02   3.6841370e-01   2.7916462e+00  -7.8558975e-03  -8.6643074e-03   1.5115392e-03
  -7.7268549e-02   4.0225730e-01   2.7782639e+00  -7.8219955e-03  -8.4250964e-03   1.3739278e-03
  -7.4150844e-02   3.8737533e-01   2.7659418e+00  -8.2051701e-03  -8.2718678e-03   1.4958689e-03
  -8.7845403e-02   3.5665619e-01   2.7864160e+00  -8.1176701e-03  -8.5323622e-03   1.6110332e-03
  -5.7138417e-02   2.9380709e-01   2.8072988e+00  -7.4457189e-03  -8.3859957e-03   8.7437474e-04
  -7.4517752e-02   3.9275430e-01   2.7874997e+00  -8.5103293e-03  -8.3702810e-03   1.3953808e-03
  -5.0942691e-02   3.0349893e-01   2.8397617e+00  -6.5730599e-03  -8.7506557e-03   1.2025674e-03
  -2.7046086e-02   2.5182035e-01   2.7518472e+00  -6.0953095e-03  -8.8574216e-03   1.1283196e-03
  -3.4935660e-02   2.4884732e-01   2.8449477e+00  -5.0515377e-03  -9.2906678e-03   1.4036648e-03
  -3.9292682e-02   2.4283525e-01   2.8750065e+00  -4.5282803e-03  -9.2939121e-03   1.0818329e-03
  -4.8636983e-02   2.7760702e-01   2.8836822e+00  -5.6967657e-03  -1.0023257e-02   1.5376623e-03
  -3.6679251e-02   2.5389962e-01   2.9121326e+00  -4.0998390e-03  -1.0026101e-02   1.2300586e-03
  -6.7883030e-02   3.2426708e-01   2.8804135e+00  -5.5817786e-03  -9.7366792e-03   1.3627759e-03
  -8.9416542e-02   3.7417832e-01   2.8556225e+00  -7.8531860e-03  -8.6787697e-03   1.3751530e-03
  -8.2016568e-02   3.6919278e-01   2.8828448e+00  -7.4031477e-03  -8.1081795e-03   1.0310036e-03
  -8.0478692e-02   3.4919761e-01   2.8962653e+00  -6.8563061e-03  -8.8790323e-03   1.2932606e-03
  -6.8079819e-02   3.2370442e-01   2.9333083e+00  -5.8160933e-03  -8.7697360e-03   1.1172738e-03
  -5.1543616e-02   3.0561081e-01   2.9746724e+00  -6.1271065e-03  -9.2743823e-03   1.1399415e-03
  -3.4565823e-02   2.5203167e-01   3.1367113e+00  -1.8466804e-03  -1.0919419e-02   8.7609221e-04
  -3.2108751e-02   2.2689581e-01   3.1895653e+00  -1.5019134e-03  -9.7413557e-03   7.2098060e-04
  -4.0773166e-02   2.5735236e-01   3.2131346e+00  -3.3684904e-03  -1.0384207e-02   2.9688349e-04
  -4.1591574e-02   2.8245278e-01   3.1865546e+00  -6.7811039e-04  -1.2000707e-02   1.4656848e-03
  -1.8825664e-02   1.8687357e-01   3.2956838e+00   1.6090360e-03  -1.1907052e-02   8.7895529e-04
  -4.2906441e-02   2.2087257e-01   3.2411845e+00   6.3469720e-04  -1.2333983e-02   1.4062365e-03
  -7.8144552e-02   3.0397530e-01   3.1720542e+00  -4.1580809e-03  -1.3168759e-02   1.2608603e-03
  -7.3014232e-02   3.1057072e-01   3.2072776e+00  -2.9957865e-03  -1.2760157e-02   1.2590054e-03
  -6.9731481e-02   3.1481246e-01   3.1880290e+00  -3.5549526e-03  -1.2218101e-02   1.2093154e-03
  -5.0100522e-02   2.8818561e-01   3.2573807e+00  -2.4490751e-03  -1.2900932e-02   1.2779417e-03
  -5.7827364e-02   2.8651058e-01   3.2528142e+00  -3.1421780e-03  -1.2151911e-02   1.0629506e-03
  -4.3062166e-02   2.9517052e-01   3.2092082e+00  -3.1508862e-03  -1.2033506e-02   7.1511864e-04
  -3.4201009e-02   2.5075997e-01   3.2265677e+00  -1.6426214e-03  -1.2549253e-02   7.9722733e-04
  -3.4104414e-02   2.3970333e-01   3.2193567e+00  -1.2539535e-03  -1.2865408e-02   1.0982830e-03
  -3.5507574e-02   1.9235852e-01   3.2997317e+00   1.4880016e-03  -1.4141357e-02   1.3163775e-03
  -1.7096570e-02   1.8708071e-01   3.2709848e+00   3.1051555e-04  -1.3299167e-02   4.6451503e-04
  -3.0446040e-02   2.3091453e-01   3.3258615e+00   1.6357784e-03  -1.4625663e-02   1.2411492e-03
  -2.3473260e-02   1.8936339e-01   3.3538614e+00   2.2122355e-03  -1.4945595e-02   1.0904056e-03
  -7.0128467e-02   3.5761087e-01   3.2652619e+00  -2.2310431e-03  -1.4008266e-02   1.1687412e-03
  -7.2445544e-02   3.2037415e-01   3.2389599e+00  -2.0427661e-03  -1.3000329e-02   1.2565985e-03
  -6.1109502e-02   3.0387241e-01   3.1760176e+00  -3.1635522e-03  -1.2323698e-02   1.0627471e-03
  -3.8948660e-02   2.4622630e-01   3.2188569e+00  -1.6409957e-03  -1.1832030e-02   7.5671918e-04
  -4.8875783e-02   2.9232541e-01   3.1674380e+00  -2.8477959e-03  -1.3090851e-02   1.0981548e-03
   3.5967689e-03   1.8773260e-01   3.1209609e+00  -1.1307895e-03  -1.2857325e-02   5.6216775e-05
  -1.9963851e-02   2.0909214e-01   3.0733814e+00  -1.5095466e-03  -1.4575401e-02   9.9571115e-04
  -1.6465446e-02   1.8092581e-01   3.1071994e+00  -2.9935693e-04  -1.4971980e-02   6.9129807e-04
   2.2410945e-03   2.1546250e-01   3.0810683e+00  -9.6934547e-04  -1.4928783e-02   6.5779090e-04
  -8.5782245e-03   1.8174834e-01   3.0240567e+00  -9.0895925e-04  -1.4715178e-02   8.5406464e-04
   1.0474650e-03   1.7223275e-01   2.9960528e+00  -1.3300668e-03  -1.4649847e-02   9.8980776e-04
  -4.2977540e-02   2.9551435e-01   2.9480665e+00  -5.1346372e-03  -1.3943039e-02   4.1903546e-04
  -8.1827479e-02   2.8157863e-01   3.1154456e+00  -8.3297081e-04  -9.9129429e-03   7.4357849e-04
  -5.9088275e-02   3.0030289e-01   3.1189429e+00  -2.0843446e-03  -1.0769590e-02   1.0496053e-03
  -6.2436110e-02   2.6802337e-01   3.0545244e+00  -2.7849091e-03  -9.8537294e-03   5.2448939e-04
  -3.6955666e-02   2.6082523e-01   3.0432941e+00  -3.2110820e-03  -1.1125025e-02   6.2570087e-04
  -1.3799240e-02   2.1442103e-01   2.9947468e+00  -2.7136364e-03  -1.2177319e-02   3.4136369e-04
  -2.2936399e-02   1.7043772e-01   3.0520593e+00   1.6578138e-04  -1.2979975e-02   1.2984615e-03
  -1.1138383e-03   1.4607034e-01   3.0229161e+00   2.4982724e-04  -1.2690795e-02   8.2491673e-04
  -7.1408655e-03   1.7403833e-01   3.0755534e+00   8.0648486e-04  -1.2005040e-02   5.8355024e-04
  -1.4968222e-02   1.9656747e-01   3.0208151e+00  -7.2705906e-04  -1.3522127e-02   1.2265223e-03
  -2.2286145e-02   1.6453818e-01   3.0866019e+00   2.7486710e-04  -1.4317779e-02   1.4634393e-03
   2.2879192e-02   1.4256395e-01   3.0693766e+00   2.1733733e-03  -1.2346510e-02   5.6678623e-04
   7.5680263e-03   1.6434759e-01   2.6826607e+00  -2.9537412e-03  -1.4957287e-02   3.1552462e-04
   2.0165587e-03   2.1710904e-01   2.6964191e+00  -5.9821359e-03  -1.6720164e-02   5.6504924e-04
  -1.5269421e-02   2.7144952e-01   2.7325132e+00  -7.0804297e-03  -1.5755699e-02   2.2081064e-04
   3.1842390e-03   2.2279046e-01   2.8348211e+00  -6.4319164e-03  -1.5721355e-02  -1.0585612e-04
   1.0043003e-02   1.9610979e-01   2.8001593e+00  -6.9798815e-03  -1.5431852e-02  -1.5499352e-04
   1.6043528e-02   2.1573523e-01   2.8568449e+00  -5.6662569e-03  -1.5370259e-02  -9.4317516e-05
   1.7773006e-02   1.8018064e-01   2.9385858e+00  -3.5739287e-03  -1.4996596e-02  -3.1290752e-04
   2.1892241e-02   1.9702178e-01   2.9860706e+00  -1.7085725e-03  -1.6006164e-02   4.7921663e-05
   4.9134329e-02   9.8946823e-02   2.9167420e+00   6.2875751e-04  -1.6509214e-02  -2.5172820e-04
   3.7186972e-02   1.4529639e-01   2.9735437e+00   2.8302081e-04  -1.7139612e-02  -1.7327995e-04
   3.3427708e-02   9.9774014e-02   2.9237044e+00   6.3009457e-04  -1.6880652e-02  -1.7121150e-04
   1.3375839e-02   1.5277423e-01   2.9181731e+00  -2.9240943e-04  -1.7154403e-02   6.7707015e-04
   1.5922254e-02   9.9605656e-02   2.9712679e+00   9.0733450e-04  -1.6201316e-02   3.8539039e-04
  -3.7633003e-02   2.5917737e-01   2.9327320e+00  -3.3392766e-03  -1.6005742e-02   8.5371615e-04
  -1.7640217e-02   2.4749852e-01   3.0293400e+00  -2.3099953e-03  -1.6509605e-02   6.2900197e-04
   6.4794445e-04   1.6686335e-01   2.9968880e+00  -2.0171238e-03  -1.5515827e-02  -1.2447114e-04
  -7.6208612e-03   2.1041095e-01   3.0822028e+00  -1.8017494e-03  -1.6095317e-02   2.7512880e-04
  -6.9743290e-03   1.8321584e-01   3.1387025e+00   5.6042292e-04  -1.5893829e-02   2.9469068e-04
   2.3782141e-02   1.3780642e-01   3.0747172e+00   3.5842117e-04  -1.6526044e-02   2.9630129e-04
   3.3296770e-02   1.3447403e-01   3.0800632e+00   2.3396839e-03  -1.7356585e-02   7.8199780e-05
   9.7531160e-03   1.3254003e-01   3.2413558e+00   5.2259682e-03  -1.7103484e-02   5.1168293e-04
   2.3950268e-02   9.0650023e-02   3.2779148e+00   6.0124923e-03  -1.6867837e-02   9.5463512e-04
   1.3908698e-02   8.0138493e-02   3.1162572e+00   5.4334895e-03  -1.7091764e-02   3.8258978e-04
   2.7536192e-02   8.3403532e-02   3.0242191e+00   2.7975121e-03  -1.7964360e-02   1.4053898e-04
   2.2431261e-02   8.4269341e-02   3.0779199e+00   7.3139024e-03  -1.8013480e-02   3.7126603e-04
   1.5304522e-02   2.0037769e-01   2.8917605e+00  -2.0384150e-04  -1.9641993e-02   2.2923821e-04
   2.1427995e-02   1.5471181e-01   2.9404071e+00  -8.2762514e-04  -1.9726825e-02   5.7275882e-05
   9.3822714e-03   1.7749549e-01   2.9395134e+00  -1.0120205e-03  -1.9928760e-02   5.5244784e-04
   4.0212524e-02   1.2622167e-01   2.9970069e+00   1.9683975e-03  -1.8286292e-02   1.8702405e-04
   9.8098981e-03   1.3721364e-01   3.1651631e+00   3.6623238e-03  -1.9106035e-02   7.6205175e-04
   3.7390541e-02   6.4381596e-02   3.0516966e+00   4.4302910e-03  -1.6890189e-02  -8.7868236e-05
   1.8328582e-02   1.1370673e-01   3.0320079e+00   3.6678488e-03  -1.9351779e-02   6.4827129e-04
   1.3993365e-02   9.4504408e-02   3.5034968e+00   1.0204510e-02  -2.0129822e-02   8.1763521e-04
   2.6292119e-02   8.6054253e-02   3.4550940e+00   1.0247929e-02  -2.0641647e-02   5.4490959e-04
   5.4688206e-02   1.1374812e-01   3.4481214e+00   1.6688920e-02  -1.6715631e-02   4.2419913e-04
   2.2941212e-02   7.8823088e-02   2.4678219e+00   4.7913047e-03  -1.7845217e-02   3.5635140e-04
   2.3742748e-02   7.8753662e-02   2.4362812e+00   3.0614262e-03  -1.8413773e-02   2.7731395e-04
   5.5676556e-02   3.2801728e-02   2.5136361e+00  -9.4181636e-04  -1.6863804e-02  -2.7584870e-04
   5.1375134e-03   1.0720979e-01   2.7219002e+00   5.9180063e-03  -2.2703521e-02   1.7505057e-03
  -2.0113159e-02   2.0587928e-01   2.5806999e+00  -6.4339930e-04  -2.1182917e-02   1.3537017e-03
   8.9975301e-03   1.5047389e-01   2.6622164e+00   2.0302851e-03  -2.1048721e-02   1.1601397e-03
   2.3802668e-02   7.7531002e-02   2.6457279e+00   2.4125028e-03  -2.1514477e-02   9.9093471e-04
   1.6852758e-02   4.5860941e-02   2.6512300e+00   3.2427421e-03  -2.0904405e-02   7.9198187e-04
   2.4685372e-04   7.3391867e-02   2.8242695e+00   7.2075148e-03  -1.9502346e-02   1.4241460e-03
  -1.9462215e-02   1.3631617e-01   2.7085487e+00   4.3953966e-03  -1.6157322e-02   1.2970230e-03
   1.2417891e-02   5.7004307e-02   2.7393062e+00   5.6543244e-03  -1.5552382e-02   7.7130569e-04
   7.0433621e-03   9.8786921e-02   2.5469000e+00   2.5048791e-03  -1.6299507e-02   7.3208104e-04
  -1.2091570e-03   9.4322377e-02   2.5033116e+00   1.6546941e-03  -1.6263751e-02   8.9477568e-04
  -5.2249530e-03   3.8375626e-02   2.5445222e+00   5.6724449e-03  -1.5529730e-02   7.9914557e-04
   5.3452273e-03   1.1908309e-01   2.4334172e+00  -5.0369192e-04  -1.4018379e-02  -2.2423668e-04
   5.0962854e-02   3.5671793e-02   2.3137507e+00  -1.8503925e-03  -1.4917538e-02  -6.6519877e-04
   2.9274367e-02   1.3616129e-01   2.2771790e+00  -2.5208202e-03  -1.4462226e-02   1.3731491e-04
   4.1745113e-02   9.1882823e-02   2.2761823e+00  -1.7231096e-03  -1.4858915e-02  -1.0909425e-04
   3.3904866e-03   1.1291431e-01   2.3037868e+00  -1.6582715e-03  -1.5927990e-02   6.6392934e-04
   4.8769840e-02   3.0584211e-02   2.1745213e+00   1.6257452e-03  -1.3337217e-02  -4.1438477e-04
   2.7964480e-02   3.6244653e-02   1.9680773e+00  -3.0401509e-03  -1.5102746e-02  -4.9057011e-07
   3.4883018e-02   2.2991967e-02   1.8680356e+00  -5.3947135e-03  -1.6103932e-02  -4.8967507e-04
   1.2967094e-02   3.8955783e-02   2.2023231e+00   5.0965572e-04  -1.7723293e-02   3.9441276e-04
   2.6411475e-02   4.3336783e-02   2.0428000e+00  -2.0726288e-03  -1.7754044e-02  -7.9799420e-05
   1.9809740e-02   1.9253570e-02   2.1483934e+00  -1.6719784e-03  -1.6759569e-02   1.1617464e-04
   1.5072129e-02   1.7678231e-02   2.0595410e+00  -3.0135879e-03  -1.7982532e-02   1.7386904e-04
  -1.2021667e-02   1.6607994e-01   2.0388339e+00  -6.4712013e-03  -1.8063671e-02   2.2450175e-04
  -1.8960720e-03   1.6774563e-01   2.0827316e+00  -6.9266650e-03  -1.7974793e-02   2.4901250e-04
   5.5405881e-03   1.4430427e-01   2.0715731e+00  -6.4305283e-03  -1.8402981e-02   4.9982510e-04
   1.5234987e-02   1.1269007e-01   2.0290085e+00  -5.8112151e-03  -1.8667764e-02   6.5792481e-04
   2.1530616e-02   1.0450163e-01   2.0793653e+00  -4.4576544e-03  -1.8735941e-02   4.8761866e-04
  -3.0015899e-02   1.6832455e-01   2.1054106e+00  -6.1963650e-03  -1.6280830e-02   1.0300034e-03
   5.1258265e-03   1.1640689e-01   2.0870355e+00  -4.6759056e-03  -1.7011030e-02   4.5856904e-04
   2.0843697e-02   6.6626235e-02   2.0425060e+00  -3.5732247e-03  -1.6201180e-02   5.0141606e-05
   8.3226264e-03   9.1121978e-02   2.0213695e+00  -1.2960576e-03  -1.1821412e-02   4.3864604e-04
  -1.2110841e-02   2.8557986e-01   1.8239144e+00  -1.0088813e-02  -1.4584300e-02   8.0955229e-04
  -3.3895991e-02   1.9680042e-01   2.2064596e+00  -4.3027911e-03  -1.0219654e-02   8.3136089e-04
  -6.0084192e-02   1.4849329e-01   2.3225754e+00   1.8756425e-03  -7.1084577e-03   1.0310297e-03
  -5.9753051e-02   2.5433948e-01   2.2442891e+00  -4.6260608e-03  -1.3014764e-02   1.3730034e-03
  -7.7757752e-02   2.7476004e-01   2.2355125e+00  -6.3504682e-03  -1.3475090e-02   1.2608754e-03
  -6.2485212e-02   2.5618886e-01   2.1934720e+00  -5.5715620e-03  -1.3196480e-02   1.3008027e-03
  -3.5969071e-02   1.7041383e-01   2.1380838e+00  -5.3481784e-03  -1.3924631e-02   7.9104253e-04
   2.9484864e-03   9.0349217e-02   2.1968820e+00  -1.7993660e-03  -1.3056824e-02   2.5371207e-04
  -1.2670760e-01   2.0544872e-01   2.0006779e+00  -4.2279757e-03   2.3835580e-03   9.3387650e-04
  -1.4260392e-01   3.1798494e-01   1.9764862e+00  -9.5457628e-03   1.4676157e-03   2.0401588e-03
  -1.2106880e-01   3.1157622e-01   2.1686990e+00  -6.8166715e-03  -2.0925156e-03   1.6772076e-03
  -7.8941744e-02   2.5810888e-01   2.1983633e+00  -5.7915357e-03  -4.1864910e-03   1.2883651e-03
  -6.3510032e-02   1.7651672e-01   2.1820805e+00  -3.3593881e-03  -6.4702690e-03   1.3523461e-03
  -5.0409488e-02   1.7576990e-01   2.1436360e+00  -3.7936001e-03  -6.1375967e-03   1.0848109e-03
  -9.1129017e-02   2.6794042e-01   2.0299998e+00  -8.3705262e-03  -8.4212193e-03   1.7818208e-03
  -9.0446924e-02   2.8389219e-01   2.2510392e+00  -6.7279647e-03  -9.9063939e-03   1.5827571e-03
  -7.0971258e-02   2.1907973e-01   2.2780115e+00  -5.2630476e-03  -1.1077940e-02   1.3408747e-03
  -3.7477509e-02   1.6410515e-01   2.2620744e+00  -2.2798443e-03  -1.1514248e-02   8.1311373e-04
  -5.5827211e-02   1.7519787e-01   2.1821567e+00  -3.1262834e-03  -9.8573806e-03   4.0736483e-04
  -1.3897470e-01   2.2553295e-01   2.1549457e+00  -1.9603956e-03  -1.8302334e-03   2.2540091e-03
  -9.2828627e-02   2.1109428e-01   2.1834846e+00  -4.4959681e-03  -2.1162657e-03   1.3975064e-03
  -9.9264181e-02   2.2910398e-01   2.2063841e+00  -3.2745242e-03  -6.1355779e-03   1.6049659e-03
  -8.0821307e-02   1.6763968e-01   2.2644087e+00  -1.9674114e-03  -4.3583950e-03   7.7762317e-04
  -9.3927302e-02   2.2541415e-01   2.3797931e+00  -3.7185200e-04  -4.6417483e-03   1.3221391e-03
  -9.1561681e-02   2.2543651e-01   2.4552670e+00   1.0727788e-03  -3.7415475e-03   1.1510412e-03
  -1.7421661e-01   4.1973111e-01   2.5147214e+00  -6.6560995e-03  -1.4819152e-03   2.5169496e-03
  -1.2276262e-01   3.6260816e-01   2.7112323e+00  -5.8775685e-03  -2.5510471e-03   1.6818676e-03
  -1.5023661e-01   4.0567935e-01   4.6412661e+00   1.5362236e-02  -6.4539957e-03   2.1137016e-03
  -1.5502517e-01   4.2720736e-01   4.8817925e+00   1.8684446e-02  -6.9023412e-03   2.3906776e-03
  -1.4354942e-01   4.4941422e-01   5.0351760e+00   2.0835735e-02  -7.2631726e-03   3.2514325e-03
  -1.3796143e-01   4.7187051e-01   5.2091480e+00   2.3150642e-02  -5.9683725e-03   1.9421826e-03
  -1.4795514e-01   4.9178812e-01   5.3355851e+00   2.5219119e-02  -5.7283885e-03   2.1638057e-03
  -1.4236737e-01   4.6593475e-01   5.4138645e+00   2.6578494e-02  -5.5108373e-03   1.9959220e-03
  -1.2807037e-01   4.2162873e-01   5.4600705e+00   2.8217267e-02  -5.7448207e-03   1.6463997e-03
  -1.1358808e-01   4.2763167e-01   5.4424725e+00   2.8245105e-02  -6.0250129e-03   1.5078822e-03
  -1.2766267e-01   4.0268183e-01   5.4996506e+00   2.8870826e-02  -7.0434294e-03   1.8283943e-03
  -1.3219993e-01   4.6008970e-01   5.4958386e+00   2.7527898e-02  -8.6184884e-03   1.9398645e-03
  -1.2981021e-01   4.2232638e-01   5.6062037e+00   2.9956274e-02  -8.1012347e-03   1.7657614e-03
  -1.2907368e-01   4.0610845e-01   5.5916765e+00   3.0216957e-02  -7.1889226e-03   1.8669048e-03
  -1.1642518e-01   3.5407363e-01   5.6418710e+00   3.2914726e-02  -6.8778687e-03   8.3464302e-04
  -1.1228784e-01   3.4061294e-01   5.7037101e+00   3.4189295e-02  -6.3311971e-03   1.3881133e-03
  -1.0914115e-01   3.4596534e-01   5.7010879e+00   3.5552582e-02  -6.1076657e-03   1.3521189e-03
  -1.4461455e-01   3.8266062e-01   5.7626440e+00   3.4980575e-02  -4.1717335e-03   2.1801289e-03
  -1.2851723e-01   3.8940045e-01   5.6609395e+00   3.5857347e-02  -6.9992775e-03   2.3318808e-03
  -1.1810876e-01   3.0222052e-01   5.5842572e+00   3.3940663e-02  -7.3830979e-03   1.8582278e-03
  -1.1294036e-01   2.9987509e-01   5.5820266e+00   3.4642946e-02  -6.6606338e-03   1.8208700e-03
  -1.0575188e-01   2.7525393e-01   5.5449682e+00   3.5839790e-02  -7.6562835e-03   1.6036526e-03
  -1.2657674e-01   2.9109104e-01   5.5226037e+00   3.5170366e-02  -6.2906603e-03   2.0741186e-03
  -1.5263868e-01   4.0609601e-01   5.5313705e+00   3.2770373e-02  -8.0055927e-03   2.4656820e-03
  -1.0914480e-01   3.5030858e-01   5.4731097e+00   3.2458183e-02  -8.8863727e-03   2.2154249e-03
  -1.0426441e-01   3.0212317e-01   5.4541300e+00   3.2423937e-02  -9.0048410e-03   2.0330583e-03
  -1.0580198e-01   3.1883808e-01   5.4850247e+00   3.3986920e-02  -9.8682220e-03   2.1508614e-03
  -1.0029527e-01   3.1553824e-01   5.4842447e+00   3.3172729e-02  -9.3144987e-03   1.9885568e-03
  -9.6593241e-02   2.7623953e-01   5.4575840e+00   3.3750030e-02  -7.9143368e-03   1.6557085e-03
  -9.8636240e-02   2.7493304e-01   5.4110386e+00   3.4509860e-02  -7.9064963e-03   2.0034130e-03
  -1.2595526e-01   2.3658578e-01   5.5080404e+00   3.6251410e-02  -4.7310880e-03   2.0511918e-03
  -1.9753787e-01   3.5159887e-01   5.4653845e+00   3.3676721e-02   2.4489464e-03   2.7476279e-03
  -1.7646642e-01   2.5065193e-01   5.3037337e+00   3.5146561e-02  -1.5900217e-04   2.0479920e-03
  -1.4499578e-01   3.4257270e-01   5.3265435e+00   3.0900211e-02  -4.3485301e-04   1.2059746e-03
  -1.4883050e-01   3.1553168e-01   5.3467421e+00   3.2771013e-02  -2.9313623e-03   1.7134414e-03
  -1.0912359e-01   3.1720565e-01   5.0713379e+00   2.6830321e-02  -9.3764830e-03   1.9358240e-03
  -1.0161485e-01   2.8703593e-01   5.1396206e+00   2.7361406e-02  -9.1999209e-03   1.8922272e-03
  -8.1978346e-02   2.6436600e-01   5.1344629e+00   2.9451636e-02  -1.0017736e-02   2.0717036e-03
  -1.0079525e-01   2.6475812e-01   5.2163063e+00   3.1470677e-02  -9.6289008e-03   2.0195667e-03
  -8.0405189e-02   2.0848761e-01   5.2478099e+00   3.2439026e-02  -9.2248929e-03   1.0368588e-03
  -1.0249984e-01   2.3011605e-01   5.2166549e+00   3.2347401e-02  -9.8414334e-03   1.9767293e-03
  -8.8087846e-02   1.6338588e-01   5.2421842e+00   3.5729641e-02  -7.0878636e-03   1.2292861e-03
  -1.0334274e-01   2.1819038e-01   5.2808832e+00   3.6395117e-02  -8.2392828e-03   1.6803798e-03
  -9.7512934e-02   1.6901406e-01   5.0953061e+00   3.2322386e-02  -8.1183974e-03   1.2107530e-03
  -1.6127486e-01   2.7034968e-01   5.2732100e+00   3.8046270e-02  -2.7850409e-04   2.9419951e-03
  -1.1168364e-01   2.5866362e-01   5.1016624e+00   3.4063495e-02  -4.6758018e-03   1.9974333e-03
  -1.3208758e-01   2.7468360e-01   5.1487371e+00   3.3279335e-02  -5.6789288e-03   1.9451094e-03
  -1.3212641e-01   2.8081734e-01   5.1737559e+00   3.3802828e-02  -5.6460754e-03   1.9986438e-03
  -1.2691535e-01   2.2039259e-01   5.1571721e+00   3.4033934e-02  -5.9258068e-03   1.9451305e-03
  -1.1265095e-01   2.1827061e-01   5.1815700e+00   3.3941553e-02  -6.5121284e-03   1.7638914e-03
  -1.0880196e-01   2.6611110e-01   5.2036291e+00   3.5051962e-02  -7.0770487e-03   1.8430103e-03
  -1.3628329e-01   3.0224905e-01   5.2033886e+00   3.3639772e-02  -5.0405415e-03   2.0886097e-03
  -1.1217264e-01   2.4438546e-01   5.1587077e+00   3.5197927e-02  -6.5242619e-03   1.5537681e-03
  -1.0785459e-01   1.9460288e-01   5.1707245e+00   3.6168534e-02  -4.8501485e-03   1.9596777e-03
  -8.9764466e-02   2.1522915e-01   4.9919842e+00   3.3191601e-02  -7.0332940e-03   1.3847037e-03
  -1.1361276e-01   1.6748129e-01   4.8955079e+00   3.2721271e-02  -3.5424277e-03   1.4771463e-03
  -9.5361513e-02   1.9185798e-01   4.7410183e+00   3.0398287e-02  -5.6906241e-03   1.0274180e-03
  -1.0339517e-01   1.8949329e-01   4.6366350e+00   2.7484435e-02  -5.2051328e-03   1.2353129e-03
  -1.0346425e-01   2.4564107e-01   4.6038313e+00   2.5373367e-02  -7.3329328e-03   2.3512755e-03
  -1.0719374e-01   2.6123998e-01   4.6148580e+00   2.5122040e-02  -6.9310901e-03   2.2546965e-03
  -1.0932579e-01   2.1225646e-01   4.6411049e+00   2.6566907e-02  -7.2980392e-03   1.9598324e-03
  -9.9615615e-02   2.0732420e-01   4.6850092e+00   2.8401554e-02  -6.3805224e-03   1.9260562e-03
  -1.0197766e-01   2.5403248e-01   4.8094755e+00   2.8150492e-02  -5.6486759e-03   5.9836851e-04
  -1.2617886e-01   2.2644780e-01   4.8634609e+00   3.0953429e-02  -7.2013430e-03   2.2079672e-03
  -1.1270262e-01   2.0978282e-01   4.7303123e+00   2.8427877e-02  -7.2127042e-03   1.8993127e-03
  -1.3106067e-01   2.8184742e-01   4.7257745e+00   2.8560696e-02  -3.1811729e-03   1.5679439e-03
  -1.5114077e-01   2.2850423e-01   4.4254503e+00   2.3639205e-02   2.2972388e-03   1.2590261e-03
  -2.1956368e-01   3.4739919e-01   4.4384650e+00   1.7321396e-02   2.6679236e-03   1.9648067e-03
  -1.7900501e-01   3.9322626e-01   5.2722605e+00   2.8077221e-02  -1.5251436e-03   2.3015153e-03
  -1.9507931e-01   4.0962027e-01   5.2768845e+00   2.9061138e-02  -8.4551093e-04   2.2388119e-03
  -1.9086102e-01   3.9933617e-01   5.3513632e+00   2.8931511e-02  -1.3062298e-03   2.1599918e-03
  -1.8701347e-01   3.7833044e-01   5.3693314e+00   2.8783308e-02  -1.7560816e-03   2.4152679e-03
  -1.5910275e-01   3.4873978e-01   5.4063913e+00   3.1154441e-02  -1.3576264e-03   1.8200491e-03
  -1.5662439e-01   3.4455507e-01   5.3983511e+00   3.1094231e-02  -1.7837613e-03   1.8339553e-03
  -1.5538607e-01   3.4088194e-01   5.3934034e+00   3.1443052e-02  -2.9603296e-03   1.7478831e-03
  -1.4241032e-01   2.8223918e-01   5.2954588e+00   3.0668645e-02  -4.1217101e-03   1.6295612e-03
  -1.2101464e-01   2.5078060e-01   5.2798436e+00   3.2228296e-02  -4.3121997e-03   1.2505599e-03
  -1.3435006e-01   2.7398010e-01   5.1831907e+00   3.1654782e-02  -5.5657798e-03   1.9951864e-03
  -1.2341061e-01   2.4905748e-01   5.0976599e+00   3.0629794e-02  -7.6562145e-03   1.8584876e-03
  -1.0238817e-01   1.8437988e-01   5.1302009e+00   3.1365803e-02  -6.7024430e-03   1.4352780e-04
  -1.1790786e-01   2.5399102e-01   5.1372574e+00   3.2441483e-02  -7.4370933e-03   1.9970743e-03
  -1.2158056e-01   3.1220861e-01   4.6515557e+00   2.2038345e-02  -9.5858957e-03   2.0503558e-03
  -9.7320420e-02   2.9070142e-01   4.7117007e+00   2.3823775e-02  -1.1003181e-02   1.5906143e-03
  -8.8540359e-02   2.6660989e-01   4.7103124e+00   2.3429966e-02  -1.1326000e-02   1.4325555e-03
  -5.4854271e-02   1.7608705e-01   4.7711582e+00   2.6242516e-02  -1.1299907e-02   9.1624091e-04
  -8.1430947e-02   2.0186520e-01   4.8902545e+00   3.0532647e-02  -9.7637710e-03   1.1242539e-03
  -8.3652275e-02   2.1225789e-01   4.7211742e+00   2.6444639e-02  -9.9548581e-03   1.1986024e-03
  -8.5283984e-02   1.5952368e-01   4.7273587e+00   2.6580874e-02  -9.8342090e-03   7.2075096e-04
  -1.0444942e-01   2.0239115e-01   4.6247374e+00   2.6934844e-02  -8.9769898e-03   1.6721504e-03
  -9.2658500e-02   1.8024318e-01   4.5995691e+00   2.7794744e-02  -7.6684864e-03   1.3108628e-03
  -9.6098491e-02   1.5971294e-01   4.5796169e+00   2.7215191e-02  -9.0827327e-03   1.4282151e-03
  -9.3822075e-02   1.6946144e-01   4.5099193e+00   2.6254212e-02  -9.2723209e-03   1.5598184e-03
  -1.1516801e-01   2.7178880e-01   4.4876245e+00   2.2293448e-02  -8.3199961e-03   1.4613500e-03
  -1.0142741e-01   2.5624879e-01   4.5916043e+00   2.4697479e-02  -7.9501553e-03   1.2998315e-03
  -9.9648164e-02   2.5709942e-01   4.6477159e+00   2.4880321e-02  -7.9048141e-03   9.5370616e-04
  -1.0488261e-01   2.3647164e-01   4.6216742e+00   2.4954816e-02  -8.8901213e-03   1.0780373e-03
  -8.9759108e-02   2.1618120e-01   4.5867540e+00   2.5570300e-02  -8.9177998e-03   1.1139544e-03
  -7.2837767e-02   1.6823444e-01   4.5640746e+00   2.6911414e-02  -9.3565455e-03   7.9935308e-04
  -8.5132277e-02   1.9350599e-01   4.5616791e+00   2.6764540e-02  -8.4456345e-03   6.8793799e-04
  -6.3469933e-02   2.0365898e-01   4.4704062e+00   2.4208588e-02  -9.0447692e-03   2.7278640e-04
  -1.1007916e-01   2.3881635e-01   4.5644807e+00   2.6269430e-02  -8.0210099e-03   1.4982275e-03
  -7.7729813e-02   1.6040654e-01   4.5559476e+00   2.5988421e-02  -8.4196255e-03   4.4882126e-04
  -6.0773782e-02   1.5106020e-01   4.6195611e+00   2.9100099e-02  -9.4194956e-03   8.4373371e-04
  -5.9858678e-02   1.3673234e-01   4.5088046e+00   2.7098756e-02  -9.2613012e-03   7.3421328e-04
  -9.6339364e-02   2.2531360e-01   4.3861569e+00   2.2164892e-02  -8.5407394e-03   1.0130137e-03
  -1.0122669e-01   2.0548799e-01   4.4719173e+00   2.3746382e-02  -8.9997931e-03   1.0574219e-03
  -9.1591085e-02   2.2461955e-01   4.5861240e+00   2.5918001e-02  -8.4972005e-03   8.1245334e-04
  -7.3704122e-02   1.8443246e-01   4.6057975e+00   2.6899812e-02  -9.4656974e-03   8.0071340e-04
  -7.9447499e-02   1.8230757e-01   4.4953294e+00   2.7864259e-02  -9.9286534e-03   1.0306615e-03
  -7.0346849e-02   1.4776658e-01   4.4730141e+00   2.6273045e-02  -9.7445059e-03   7.3178495e-04
  -6.7488702e-02   1.5821515e-01   4.4903172e+00   2.3541522e-02  -1.3774515e-02   7.1728259e-04
  -3.6199267e-02   1.6364909e-01   4.7032206e+00   3.0531251e-02  -1.4216984e-02   5.9551282e-04
  -5.4823492e-02   1.6244450e-01   4.6429170e+00   2.8432490e-02  -1.3574084e-02   7.8404217e-04
  -4.8452294e-02   8.3156558e-02   4.5314949e+00   2.8756571e-02  -1.3299064e-02   1.7750078e-04
  -3.8711350e-02   8.5613925e-02   4.2583335e+00   2.9736257e-02  -1.1099722e-02   1.9402557e-04
  -3.6531103e-02   1.0873802e-01   4.2419312e+00   2.8503055e-02  -9.4488565e-03  -2.5291546e-04
  -6.4612180e-02   1.3376758e-01   4.2652811e+00   2.4370586e-02  -7.8087284e-03   5.2010583e-05
  -5.6302230e-02   1.5381821e-01   4.2948360e+00   2.3978690e-02  -9.7623739e-03  -3.4323329e-04
  -3.2022088e-02   1.0792347e-01   4.2383935e+00   2.5448697e-02  -1.1039851e-02   4.1652671e-04
  -4.6289950e-02   1.2287369e-01   4.3219799e+00   2.7744703e-02  -1.1521265e-02   8.1584664e-04
  -4.1486572e-02   1.3610029e-01   4.2455531e+00   2.6679538e-02  -1.1404434e-02   6.0757857e-04
  -4.9428491e-02   1.2491877e-01   4.2278331e+00   2.5456826e-02  -1.1831856e-02   5.9614627e-04
  -3.5091136e-02   1.1511988e-01   4.1945125e+00   2.6183929e-02  -1.1608823e-02   5.0394204e-04
  -3.7847489e-02   1.2657668e-01   4.1448048e+00   2.4785168e-02  -1.2478262e-02   6.4162398e-04
  -3.5242394e-02   1.3988026e-01   4.0577441e+00   2.9857446e-02  -1.0732557e-02  -2.4525009e-04
  -2.4214761e-02   7.8518036e-02   3.4989480e+00   1.7610850e-02  -7.8843542e-03  -6.0532973e-04
  -3.3844912e-02   1.4814381e-01   3.6194972e+00   1.8407876e-02  -8.0394529e-03  -1.9252438e-04
  -2.1776446e-02   6.2002861e-02   3.7329535e+00   2.2899634e-02  -7.2366832e-03  -4.8970723e-04
  -3.8566453e-02   1.2696798e-01   3.3838819e+00   1.4941443e-02  -7.3760559e-03   4.5461547e-04
  -4.3264325e-02   1.0986819e-01   3.4967903e+00   1.5940535e-02  -8.5919512e-03   2.5385560e-04
  -4.8204735e-02   1.0286292e-01   3.6053082e+00   1.6749576e-02  -7.5281208e-03   2.0489456e-04
  -3.3418976e-02   1.1833369e-01   3.6106937e+00   1.7021618e-02  -8.6740369e-03   3.9940327e-04
  -3.9061976e-02   9.5889224e-02   3.7600050e+00   1.9042500e-02  -9.1653260e-03   2.3096750e-04
  -2.8076395e-02   1.0604427e-01   3.8574409e+00   2.1909258e-02  -9.9078828e-03   1.4108638e-04
  -2.7595071e-02   4.7317934e-02   3.8181866e+00   2.2167655e-02  -9.4764477e-03  -1.4512357e-04
  -3.5236869e-02   5.7890060e-02   3.9232176e+00   2.5155483e-02  -9.4592647e-03  -1.3333428e-05
  -2.9222325e-02   8.1424108e-02   3.9404829e+00   2.6294008e-02  -9.0322169e-03   1.1236303e-05
   1.0091719e-04   4.6062544e-02   3.9642520e+00   2.6650390e-02  -8.1255193e-03  -6.4385746e-04
  -2.1855309e-02   7.8773171e-02   3.8774697e+00   2.2754809e-02  -1.0290834e-02   2.4523735e-04
  -1.9288668e-02   5.9170451e-02   3.7430138e+00   1.9969765e-02  -1.0671707e-02   9.9979824e-05
  -7.0555223e-02   1.3551980e-01   3.7008454e+00   1.8392852e-02  -9.9156818e-03   1.2607106e-03
  -5.6765373e-02   1.2945591e-01   3.7254158e+00   1.7879946e-02  -9.3236326e-03   5.1346623e-04
  -3.0489187e-02   1.0510615e-01   3.7444827e+00   1.9130226e-02  -9.4228266e-03   4.9603742e-04
  -3.1533377e-02   9.3460425e-02   3.7132762e+00   1.9094048e-02  -9.9320979e-03   6.1027452e-04
  -3.6962612e-02   1.0710673e-01   3.8096630e+00   2.1920614e-02  -9.7209141e-03   4.0329354e-04
  -4.2466115e-02   1.2844461e-01   3.7802405e+00   2.2372427e-02  -9.6583091e-03   6.6808154e-04
  -2.3473492e-02   1.0893232e-01   3.6506639e+00   1.8406429e-02  -8.8083332e-03  -5.6156743e-04
  -1.5337763e-02   1.0388892e-01   3.3541832e+00   1.4768046e-02  -1.0523603e-02  -2.8021868e-04
  -1.9322594e-02   1.0115135e-01   3.4434913e+00   1.6624740e-02  -1.0560533e-02   4.6491634e-04
  -3.4249205e-02   7.0585969e-02   3.5183638e+00   1.8221840e-02  -1.0637904e-02   8.0287666e-04
  -1.8766637e-02   7.3293673e-02   3.3567670e+00   1.6978583e-02  -9.8219197e-03   2.3063262e-04
  -5.8210345e-02   2.1033730e-01   3.4048858e+00   1.4390042e-02  -8.7797782e-03   6.1986876e-04
  -2.5858982e-02   1.2172860e-01   3.5717889e+00   1.7882143e-02  -9.8744005e-03   3.4978467e-04
  -3.0227048e-02   1.1801913e-01   3.5563296e+00   1.7215802e-02  -1.0726143e-02   7.5835194e-04
  -2.1480177e-02   1.1334218e-01   3.5421187e+00   1.8414149e-02  -1.1270301e-02   5.7078477e-04
  -8.7293527e-02   2.1369443e-01   3.6202564e+00   1.7403813e-02  -7.8069798e-03   2.1936091e-03
  -2.0139319e-02   1.1340035e-01   3.2111459e+00   1.5541777e-02  -7.4297111e-03   9.4686006e-04
  -2.1740319e-02   9.1340024e-02   3.2646583e+00   1.6364654e-02  -8.1755590e-03   6.4802160e-04
  -2.1960359e-02   5.1539745e-02   3.1950200e+00   1.5841094e-02  -7.7349360e-03   1.6016645e-04
  -3.5136082e-03   9.4263617e-02   3.2837190e+00   1.4746638e-02  -6.1832331e-03  -4.8673386e-05
  -1.1112860e-01   2.3612038e-01   3.7272398e+00   2.1124073e-02   5.5920870e-03   2.0278171e-03
  -8.9227584e-02   1.8048855e-01   3.9459940e+00   2.2607754e-02   2.4345203e-03   1.1501822e-03
  -1.1928718e-01   2.6002903e-01   3.8413755e+00   1.7223696e-02   1.3224946e-03   2.5124448e-03
  -7.8370410e-02   1.9758155e-01   4.0534131e+00   2.2542748e-02  -3.2335785e-03   1.9949106e-03
  -7.6569780e-02   1.9067216e-01   4.0535505e+00   2.1555850e-02  -2.2675410e-03   1.4805174e-03
  -5.7713060e-02   1.6536573e-01   4.0625072e+00   2.2903675e-02  -2.4419377e-03   1.2334121e-03
  -4.2338072e-02   1.1777273e-01   4.0530097e+00   2.6752128e-02  -2.7632777e-03   1.2148564e-03
  -3.5411807e-02   1.1870734e-01   3.8022300e+00   2.1677959e-02  -5.3760527e-03   9.6182240e-04
  -3.8002699e-02   1.0944592e-01   3.9422215e+00   2.3300104e-02  -5.8823600e-03   1.0364765e-03
  -3.8364348e-02   1.2071931e-01   4.0606647e+00   2.4396400e-02  -3.2096404e-03   1.2840088e-03
  -3.0810548e-02   1.5660592e-01   3.9559419e+00   2.4416102e-02  -6.3602587e-03   2.8139483e-04
  -4.1367492e-02   8.1697803e-02   3.8879911e+00   2.2525287e-02  -8.0235278e-03   7.4217453e-04
  -3.3458449e-02   7.1506562e-02   3.6259670e+00   2.4981215e-02  -2.7976189e-03   4.4811763e-04
  -3.3484440e-02   8.8379919e-02   3.6423357e+00   2.4216080e-02  -4.3266274e-03   3.9423339e-04
  -2.4870008e-02   8.1656572e-02   3.7239571e+00   2.3778503e-02  -7.4139848e-03   5.3801196e-05
  -2.1745795e-02   6.7739755e-02   3.8002939e+00   2.4733687e-02  -7.0434554e-03  -5.2283913e-05
  -2.7256051e-02   9.6831114e-02   3.8031255e+00   2.3990022e-02  -7.0822626e-03   8.5886081e-05
  -2.9572353e-02   6.6764852e-02   3.8430259e+00   2.6039848e-02  -7.2744162e-03   1.7202523e-04
  -2.2056295e-02   9.1061903e-02   3.8076989e+00   2.5632218e-02  -6.1397200e-03  -1.2580102e-04
  -3.0830012e-02   6.9117416e-02   3.7501322e+00   2.4172426e-02  -6.8390645e-03   3.4684214e-05
  -3.4504920e-02   6.1963979e-02   3.7533972e+00   2.4602874e-02  -5.8379465e-03  -2.6075396e-04
   2.6331101e-02   2.4867352e-02   3.6368235e+00   2.1117715e-02  -5.4525693e-03  -2.1713194e-03
  -7.7220820e-02   7.3677342e-02   3.7081136e+00   2.3511304e-02   4.4113266e-03   5.8883001e-04
  -6.7797859e-02   8.7961744e-02   3.6688139e+00   2.3976589e-02   2.2329803e-03   6.6278808e-04
  -5.5829415e-02   9.1651735e-02   3.6846159e+00   2.2762465e-02  -3.2302837e-05   4.4061757e-04
  -5.8188152e-02   6.8828797e-02   3.6871519e+00   2.3118685e-02  -2.3385605e-03   6.4051560e-04
  -2.4860126e-02   7.9740651e-02   3.6543539e+00   2.2241739e-02  -5.8473764e-03   3.6383773e-04
  -3.1294026e-02   1.2250089e-01   3.7247381e+00   1.8793030e-02  -4.1962252e-03   6.9862710e-04
  -4.1748395e-02   1.4475253e-01   3.9190693e+00   2.3177890e-02  -2.3272907e-03   9.7146554e-04
  -4.8538764e-02   1.5112328e-01   3.8929996e+00   2.2257384e-02  -4.0945903e-03   1.4948571e-03
  -1.5006060e-02   1.0036346e-01   3.8845637e+00   2.3371237e-02  -3.2207283e-03   6.9094549e-04
   9.4376289e-03   8.0398391e-04   3.4052280e+00   2.2506562e-02  -3.8740033e-03   3.8531388e-04
   7.8648530e-03   7.3755103e-02   3.0446881e+00   1.3731665e-02  -4.3845250e-03   7.4364065e-05
  -6.9051568e-03   2.3834967e-02   3.0489336e+00   1.4841622e-02  -5.1163781e-03   4.1253914e-05
  -1.1394726e-02   3.5022590e-02   2.9976222e+00   1.3295160e-02  -5.6904483e-03   2.2340545e-04
  -7.1194798e-02   1.1788465e-01   3.0038044e+00   1.6359715e-02   2.3428597e-03   3.5753677e-04
  -4.3026939e-02   5.9573640e-02   3.0540502e+00   1.6787169e-02   3.6124342e-03   8.9285976e-04
  -4.2506358e-02   9.9615118e-02   3.1577928e+00   1.4319184e-02  -2.2547596e-03   1.2269033e-03
  -2.1792372e-02   7.8764491e-02   3.2043281e+00   1.5400306e-02  -3.6686526e-03   9.1485710e-04
  -2.7974556e-02   8.6517244e-02   3.2008253e+00   1.7375467e-02  -3.2300646e-03   9.4531313e-04
  -2.4048532e-02   3.0682715e-02   3.3056467e+00   1.9468918e-02  -3.6377413e-03   6.8548262e-04
  -2.2953620e-02   4.2817318e-02   3.3433293e+00   2.1608349e-02  -1.2155818e-03   8.2684724e-04
  -8.5422672e-03   5.2611412e-02   3.2003107e+00   1.9014268e-02  -5.4660689e-03   4.9072150e-04
  -3.0464193e-02   2.0015404e-02   3.3635988e+00   2.2262964e-02  -7.4181711e-04   3.1297364e-04
  -2.8842663e-02   6.9749193e-02   3.2364042e+00   2.0627058e-02  -2.5256522e-03   1.2407843e-04
  -2.5474463e-02   1.4711537e-02   3.5318057e+00   2.6024367e-02  -3.5697323e-03   1.6813261e-04
  -4.8650381e-02   7.9265842e-02   3.3963206e+00   2.1821738e-02  -3.6592859e-03   7.8704246e-04
  -8.5695909e-02   7.6601875e-02   3.6001044e+00   2.6073320e-02  -2.5188286e-03   1.8783032e-03
  -4.6153678e-02   6.2241861e-02   3.4691280e+00   2.3896308e-02  -3.9106096e-03   1.4992218e-03
  -1.7598112e-02   5.2276405e-02   3.6556659e+00   2.5569168e-02  -5.6350785e-03   5.1381696e-04
  -1.4111135e-02   7.1562569e-02   3.6118225e+00   2.3305654e-02  -7.6127361e-03   5.9474050e-04
  -1.1130597e-02   8.0102059e-02   3.6065766e+00   2.1977035e-02  -7.5576380e-03   5.1829211e-04
  -2.0442484e-02   6.2644782e-02   3.5983907e+00   2.3634828e-02  -7.0211663e-03   4.9701829e-04
  -2.0118452e-02   3.5022557e-02   3.6265660e+00   2.5194104e-02  -7.4201175e-03   5.9622916e-04
  -1.6121065e-02   4.0976136e-02   3.5959269e+00   2.7473299e-02  -4.4540630e-03   7.5105396e-04
  -7.8270826e-03   2.9531652e-02   3.4799441e+00   2.3549319e-02  -4.7313932e-03  -3.1601478e-05
  -2.5087456e-02   2.1345654e-02   3.4461979e+00   2.3074015e-02  -2.2166037e-03   3.6138923e-05
  -3.4536192e-02   3.1605146e-02   3.7088743e+00   2.7404681e-02  -1.6313777e-03   2.3191073e-04
  -3.1734537e-02   1.3528562e-02   3.6012950e+00   2.5546378e-02  -3.4222913e-03  -1.6488327e-04
  -5.6099992e-02   1.9670367e-02   3.6545743e+00   2.5688364e-02  -3.5565580e-03   3.8694448e-04
  -5.0112075e-03   6.5427950e-02   3.9642324e+00   2.2851408e-02  -2.8259903e-03   9.1300765e-04
  -1.4455129e-02   9.7478503e-02   4.2538002e+00   2.8865892e-02  -6.5895002e-03   9.1497364e-04
  -6.8902669e-04   3.8347129e-02   4.2262892e+00   2.9392604e-02  -6.8100294e-03   4.1311998e-04
   9.8565163e-03   2.3009130e-02   4.1371098e+00   3.0239753e-02  -6.7974209e-03   2.0895226e-04
  -1.2520254e-02   2.2215019e-02   4.1453097e+00   3.0451540e-02  -4.1369254e-03   4.8819051e-04
   1.2680828e-04   1.0662419e-01   3.9464649e+00   2.4391746e-02  -4.1001805e-03   1.9752100e-04
  -2.1391067e-02   5.2139861e-02   3.8203532e+00   2.6825986e-02  -1.9921401e-03   4.6216289e-04
  -2.2246607e-02   8.6826541e-03   3.8373260e+00   2.6184922e-02  -3.9103597e-03  -1.4977970e-04
  -3.8385245e-02   1.4777074e-01   3.7539026e+00   2.4037678e-02  -3.6869277e-03   4.1226022e-04
  -4.2614484e-02   4.4114136e-02   3.9153638e+00   2.8138968e-02  -5.3856223e-03   6.3552163e-04
  -6.8371608e-02   1.7248070e-01   3.7747906e+00   2.1920312e-02  -6.8970584e-03   2.3564671e-03
  -1.4921105e-02   6.4324358e-02   3.5515410e+00   2.5375500e-02  -2.6914838e-03   3.1257554e-04
  -2.4815112e-02   4.2882486e-02   3.6825171e+00   2.5573904e-02  -3.9813789e-03   5.7398898e-05
  -3.5587758e-02   7.3776070e-02   4.1297805e+00   2.5919943e-02  -8.5272006e-03   1.5082218e-03
  -3.4269363e-02   1.1533779e-01   4.2109920e+00   2.9405988e-02  -8.9458059e-03   1.5831607e-03
  -4.6106934e-02   8.2970320e-02   4.0922904e+00   2.5371679e-02  -6.9655091e-03   1.4240955e-03
  -4.5540008e-02   6.2917996e-02   3.9961256e+00   2.7492608e-02  -7.8130929e-03   1.9955335e-03
  -3.3845672e-02   1.0566780e-01   3.9302847e+00   2.7117522e-02  -7.8502591e-03   1.6460235e-03
  -2.6058592e-02   4.5449681e-02   3.9568227e+00   2.8374192e-02  -6.7270731e-03   1.2104566e-03
  -1.2300600e-02   2.8224623e-02   3.8598277e+00   3.2601409e-02  -1.0679329e-03   2.1260201e-04
  -3.9783971e-02   6.1844783e-02   3.4319141e+00   2.4277036e-02  -4.3251998e-04   2.4454634e-04
  -4.5131918e-02   3.1768964e-02   3.4739400e+00   2.4217027e-02  -1.0090422e-03   1.4154165e-04
  -3.8103031e-02   7.5575858e-02   3.5869102e+00   2.6991812e-02   7.6213954e-04   2.4143918e-04
  -3.4163298e-02   1.5958222e-02   3.2068212e+00   2.2571788e-02   4.5435189e-04  -8.3969114e-05
  -6.1024023e-02   8.1045404e-02   3.2425091e+00   1.6996766e-02   1.5140385e-03  -1.1882716e-03
  -2.6318491e-03   8.2248521e-02   3.6521180e+00   2.4649154e-02  -6.9521413e-03   4.4482069e-04
  -1.3432030e-02   4.9421772e-02   3.5810375e+00   2.3012210e-02  -7.2174647e-03   3.5790430e-04
   1.5488971e-02   3.2241986e-02   3.4903059e+00   2.1920702e-02  -6.6979468e-03  -5.7148510e-05
   7.0581322e-03  -2.6502077e-02   3.4990687e+00   2.5818949e-02  -4.1914991e-03  -3.7277857e-04
   3.7337009e-03   3.1182072e-02   3.3635306e+00   2.2145926e-02  -4.1929108e-03  -3.6216214e-04
  -6.3421191e-02   3.4887861e-02   3.5563299e+00   2.7588571e-02  -1.6568444e-03   1.1070832e-03
  -2.5532402e-02   1.2890900e-02   3.5132501e+00   2.5498015e-02  -1.6645407e-03  -2.1961021e-04
  -2.7219889e-02   4.5573650e-02   3.5495067e+00   2.6678571e-02  -1.0564881e-03   4.1680628e-04
   1.2876745e-02  -5.9929105e-02   2.9112534e+00   1.8287420e-02  -1.8281806e-05  -1.5256338e-03
  -6.6798200e-03   2.2231722e-02   2.9763357e+00   1.8419138e-02   4.9116252e-05  -1.1500934e-03
  -5.4550196e-02   9.5252193e-02   3.0281992e+00   1.5303087e-02   2.5373814e-03  -1.0601372e-03
  -2.8926471e-02  -9.5084604e-03   3.1058350e+00   1.8245791e-02  -1.3391532e-03  -8.0340191e-04
   3.0433475e-03   3.9699700e-02   3.2755003e+00   1.8529302e-02  -3.5264196e-03  -5.4259578e-04
  -1.1174860e-03   1.2387785e-03   3.2635117e+00   1.8792457e-02  -2.7897934e-03  -4.0588880e-04
  -3.1451865e-02   3.6101007e-02   3.4674430e+00   2.0613580e-02  -1.2596423e-03  -2.1734369e-04
   2.3409387e-03   1.9367928e-02   3.4141213e+00   2.1109047e-02  -2.3533644e-03  -4.3694647e-04
  -8.3112988e-03   1.4998749e-02   3.3566421e+00   2.2169429e-02  -3.7470666e-03  -1.4071715e-04
   2.5064041e-02  -1.0591797e-02   3.4184485e+00   2.3540826e-02   2.2710038e-04  -9.2323689e-04
  -2.4082582e-02   4.4289314e-02   3.3613354e+00   2.3079433e-02  -1.5419686e-03  -4.7306016e-05
  -4.5528946e-02   3.1400271e-02   3.4094787e+00   2.3378193e-02  -8.6588693e-04   5.2743575e-04
  -4.3715317e-02   6.8535465e-02   3.3781189e+00   2.1916114e-02  -2.4708454e-03   5.6778783e-04
  -4.0131395e-03  -2.7754446e-02   3.3568053e+00   2.4379848e-02  -4.0240859e-03  -3.0243839e-04
  -4.8754784e-03   3.8157070e-02   3.0548166e+00   1.8075927e-02  -4.0542073e-03  -3.9767254e-04
  -4.0610012e-05   1.0059661e-02   3.0893346e+00   1.8683633e-02  -4.4259194e-03  -7.5964344e-04
  -6.2812563e-03   5.3026774e-02   3.1542977e+00   1.6191859e-02  -4.8469392e-03  -5.7631576e-04
   5.2537374e-03   2.4970497e-02   3.3612333e+00   2.1160091e-02  -5.7300868e-03  -4.9553170e-04
  -1.6685106e-02   4.9470091e-02   3.4057002e+00   1.9800541e-02  -1.1560693e-03  -4.8087768e-04
  -2.7743372e-03   8.8624509e-02   3.3934861e+00   2.0245963e-02  -2.1434714e-03  -3.3173963e-04
   2.0737259e-02  -5.2036811e-03   3.4234193e+00   2.2756117e-02  -2.5294823e-03  -6.7486777e-04
  -1.3494987e-02   2.9214046e-02   3.3687331e+00   2.2498553e-02  -3.3279760e-03  -8.1492399e-05
   4.0001575e-03  -4.3779703e-03   3.3287353e+00   2.2308296e-02  -3.7840052e-03  -3.1117031e-04
   3.3085398e-02   6.3797880e-02   3.2015368e+00   2.0631091e-02  -6.6193848e-03  -3.6895991e-05
  -4.2895500e-02   4.4476086e-02   3.0716245e+00   1.8836390e-02   1.4900958e-03   1.4773175e-04
  -5.7621171e-02   4.5015242e-02   3.1695041e+00   2.0964562e-02  -5.8449302e-05   6.6111472e-04
  -4.1279093e-02   8.5581314e-02   3.2226189e+00   2.1037349e-02  -1.7053524e-03   9.5153102e-05
  -7.9483088e-02   1.5227309e-01   3.1744489e+00   1.6535939e-02  -1.1656790e-03   9.4494801e-04
  -2.6126554e-02   9.8942012e-02   3.3371316e+00   1.9965743e-02  -2.2206919e-03   4.6365364e-04
  -1.0210518e-01   2.1625698e-01   3.5248933e+00   1.1474397e-02  -8.2291346e-03   1.2889463e-03
  -7.5798319e-02   2.6723136e-01   4.0346348e+00   2.1819671e-02  -1.4910631e-02   9.6643662e-04
  -8.1332974e-02   3.2129191e-01   4.0469696e+00   2.1731273e-02  -1.5168017e-02   8.7753709e-04
  -7.8931311e-02   2.8830103e-01   3.9833603e+00   2.1389415e-02  -1.6380800e-02   1.0975977e-03
  -9.0028289e-02   3.1084222e-01   3.9070181e+00   2.1346844e-02  -1.7626061e-02   1.7280648e-03
  -1.6607966e-02   1.8738172e-01   3.6088831e+00   1.7707617e-02  -1.7876896e-02  -2.2458923e-04
  -4.3100760e-02   1.9080485e-01   3.4959929e+00   1.7027231e-02  -1.7911467e-02   3.3053232e-04
  -1.3473449e-02   1.6763508e-01   3.3453511e+00   1.5289220e-02  -1.8417884e-02  -1.0309547e-04
  -4.0464954e-02   2.2946140e-01   3.3553773e+00   1.3959586e-02  -1.4902311e-02   2.3740192e-04
  -5.3892008e-02   2.3219052e-01   3.6161524e+00   1.9727339e-02  -1.4153868e-02  -2.9486555e-04
  -4.5752751e-02   2.6777936e-01   3.5945739e+00   1.6193036e-02  -1.8240647e-02   5.4811571e-04
  -4.8600939e-02   2.7598794e-01   3.6243186e+00   1.8049587e-02  -1.6399671e-02   5.5404333e-04
  -5.0668222e-02   2.8801256e-01   3.6428254e+00   1.7690707e-02  -1.5546840e-02   6.3919005e-04
  -5.9071279e-02   3.0207128e-01   3.5874746e+00   1.7977043e-02  -1.5286209e-02   6.4521680e-04
  -3.9304024e-02   2.2519437e-01   3.4756521e+00   1.6796170e-02  -1.5089360e-02   3.4603191e-04
  -4.6480362e-02   1.4341113e-01   3.8982555e+00   2.9108451e-02  -1.3111373e-02   6.3283302e-04
  -4.8802719e-02   1.2307425e-01   3.9212145e+00   3.0923587e-02  -1.4737639e-02   1.2835324e-03
  -3.6496041e-02   1.0736873e-01   3.7407063e+00   2.8393054e-02  -1.5553236e-02   1.3316104e-03
   4.3007760e-02   7.7538692e-02   3.0758618e+00   1.8494006e-02  -1.7260736e-02   3.1729154e-04
   3.8865741e-03   1.4748334e-01   3.1275728e+00   1.9230407e-02  -1.4766222e-02   9.9678932e-04
  -2.1728592e-02   1.6980689e-01   2.9663440e+00   1.7213248e-02  -1.3235221e-02   1.5389842e-03
  -6.9980218e-02   3.4987570e-01   2.6575862e+00   1.9332310e-02  -1.1068670e-02   1.5151814e-03
  -6.8603876e-02   3.5271804e-01   1.7662087e+00  -3.4790334e-03  -4.0185119e-03   6.9494497e-04
  -5.6253889e-02   3.2743307e-01   1.7948274e+00  -6.5022877e-03  -8.6233315e-04  -4.4331039e-04
  -7.2800654e-02   4.0303515e-01   2.2395086e+00   9.8593849e-04  -2.9560009e-03   2.5325432e-04
  -1.2680563e-01   4.5103048e-01   2.2144951e+00   9.5639518e-04  -6.8102500e-04   2.8639915e-03
  -1.2435149e-01   4.7524157e-01   1.9405477e+00  -3.5956568e-03  -1.6533372e-03   2.6671769e-03
  -1.0347297e-01   3.9364702e-01   1.9561902e+00  -4.4539152e-03  -2.4339900e-04   1.5444013e-03
  -1.7689826e-01   4.7405940e-01   2.1697596e+00  -4.1483507e-04  -1.1922045e-04   3.6031111e-03
  -9.5083616e-02   4.3753338e-01   2.0838085e+00  -9.4737287e-04  -1.8866294e-03   9.0325089e-04
  -1.7162342e-01   4.5854407e-01   1.9958455e+00  -1.3479088e-03   2.0764447e-03   2.7904181e-03
  -9.2003949e-02   3.9282367e-01   1.9386174e+00  -1.3223632e-03  -4.0622291e-03   1.2140410e-03
  -1.0150373e-01   4.2618245e-01   1.8769735e+00  -2.0143311e-03  -5.0509010e-03   1.8757684e-03
  -3.7769243e-02   4.1167715e-01   1.0817231e+00  -1.8028011e-02  -8.0942838e-03   1.6354863e-05
  -2.4744359e-02   3.7536789e-01   1.5863006e+00  -8.7004660e-03  -1.6346992e-02   2.2942099e-04
  -1.4727190e-02   3.3254933e-01   1.6557509e+00  -6.9539035e-03  -1.5753320e-02   2.6632885e-04
  -1.5150440e-02   3.0659872e-01   1.7212198e+00  -5.9327248e-03  -1.4863797e-02   3.2692230e-04
  -1.6827449e-02   2.9368131e-01   1.7037970e+00  -5.4969338e-03  -1.4318895e-02   3.3276879e-04
  -1.1670540e-02   2.5826275e-01   1.7510952e+00  -4.1308888e-03  -1.4193284e-02   4.2470718e-04
  -8.0900729e-03   2.6665391e-01   1.7558556e+00  -3.8673492e-03  -1.2814765e-02  -2.0098098e-05
  -1.5543792e-02   2.4084552e-01   1.8147669e+00  -1.9396966e-03  -1.2257771e-02  -2.2086883e-05
   2.1274728e-03   2.1122790e-01   1.8921536e+00  -9.7236302e-04  -1.2877659e-02   2.2621665e-04
  -2.8382041e-02   2.5694124e-01   1.9149965e+00  -5.1264718e-04  -1.1677132e-02   6.5162183e-04
  -1.5548542e-02   2.2773484e-01   1.9460246e+00   1.1788766e-03  -1.1058865e-02   2.3576796e-04
  -5.3796325e-03   1.7746241e-01   1.9570754e+00   1.1778358e-03  -1.1682361e-02  -1.5403125e-05
  -3.5516840e-02   2.3993362e-01   1.9207648e+00  -2.6599949e-03  -1.3212444e-02   1.0053346e-03
  -7.7947277e-03   2.4993176e-01   1.9369747e+00  -1.1159286e-03  -1.3305211e-02   4.8830083e-04
   1.6002611e-03   2.3589851e-01   1.9361260e+00  -4.0323824e-03  -1.3252903e-02  -6.8175680e-04
  -8.2245786e-02   2.9158757e-01   2.8437368e+00   8.1474581e-03  -1.6911440e-02   1.9843632e-03
  -6.9754536e-02   2.7518127e-01   2.8620805e+00   9.9333675e-03  -1.6971427e-02   1.7688807e-03
  -5.8759977e-02   2.8162061e-01   2.7704714e+00   8.1234146e-03  -1.6489592e-02   1.4791019e-03
  -5.2453143e-02   2.6150699e-01   2.7299632e+00   8.0080678e-03  -1.4502387e-02   1.2167087e-03
  -7.5604110e-02   2.4959904e-01   2.6446514e+00   9.1152037e-03  -1.1670150e-02   1.0637178e-03
  -4.0951861e-02   2.0801575e-01   2.4343270e+00   7.3618109e-03  -1.2517945e-02   7.5949396e-04
  -4.4726667e-02   2.1081359e-01   2.4113219e+00   6.1000458e-03  -1.1899478e-02   9.4364631e-04
  -2.7660598e-02   1.4633098e-01   2.3566849e+00   6.6538437e-03  -1.3149923e-02   6.8635367e-04
  -2.1789194e-02   1.5523262e-01   2.2771288e+00   5.5553186e-03  -1.3589870e-02   4.5879423e-04
  -3.5317586e-02   2.0897559e-01   2.2711182e+00   3.8161052e-03  -1.3570972e-02   5.4755226e-04
  -4.3974342e-02   2.5596185e-01   2.2473775e+00   1.1882840e-03  -1.3641510e-02   5.0275468e-04
  -7.3817978e-02   2.6110948e-01   2.7249363e+00   8.2014102e-03  -1.5205177e-02   2.2917250e-03
  -5.7599595e-02   2.7619990e-01   2.6238358e+00   7.4723026e-03  -1.5162898e-02   1.6618449e-03
  -2.7252420e-02   2.1196079e-01   2.5126639e+00   7.1017721e-03  -1.5235442e-02   1.3798041e-03
  -4.0895116e-02   1.7159067e-01   2.4254788e+00   6.8371087e-03  -1.2779613e-02   6.9652107e-04
  -8.8759275e-02   2.0698520e-01   2.3410508e+00   7.3692449e-03  -5.9434866e-03   1.8472320e-03
  -7.5313832e-02   1.9078155e-01   2.1950559e+00   4.7893423e-03  -8.4213739e-03   2.0979561e-03
  -4.8055273e-02   1.5040697e-01   2.0741117e+00   5.1709348e-03  -1.0051604e-02   1.2208056e-03
  -2.3331079e-02   8.8293369e-02   1.9977162e+00   5.6573881e-03  -1.0224024e-02   9.6244585e-04
  -8.8860921e-02   2.1178859e-01   1.9832917e+00   3.6528436e-03  -9.9948935e-03   2.0177437e-03
  -3.1652220e-02   2.1711516e-01   1.9108507e+00   1.2918244e-03  -1.3081077e-02   1.2713226e-03
  -2.8380872e-02   2.0007005e-01   1.9376815e+00   6.2719008e-04  -1.2947068e-02   9.1506342e-04
  -6.2042236e-04   1.1366837e-01   1.9779013e+00   3.6017435e-03  -1.3910484e-02   7.0964693e-04
  -9.5198186e-03   1.3039694e-01   1.9759196e+00   3.1570044e-03  -1.2862766e-02   8.9268497e-04
   3.1775611e-05   9.9116436e-02   1.9795710e+00   4.2065301e-03  -1.3405156e-02   5.7265162e-04
   1.5181470e-02   9.6372966e-02   1.9728729e+00   5.7670786e-03  -1.4175052e-02   6.3111872e-04
   1.8021651e-02   9.0679457e-02   1.9237144e+00   4.7274573e-03  -1.3973807e-02   2.2034754e-04
  -1.6451983e-03   5.5673272e-02   1.7540988e+00   4.9937451e-03  -1.4779133e-02   1.1082328e-03
   2.0265622e-02   7.6223295e-02   1.8602418e+00   5.6238270e-03  -1.4321401e-02   9.0982731e-04
   2.4124517e-02   2.2990003e-02   1.8139984e+00   5.6277654e-03  -1.4581168e-02   5.2264708e-04
   1.6174539e-02   3.4757033e-02   1.8870681e+00   7.2931471e-03  -1.5044146e-02   8.8971541e-04
   1.5706238e-02   8.6172231e-02   1.7364131e+00   2.8204901e-03  -1.7411170e-02   1.1429192e-03
  -3.4551326e-04   9.1546918e-02   1.9541717e+00   5.3479410e-03  -1.8222565e-02   1.2638966e-03
  -2.9730238e-02   8.8051979e-02   1.9388142e+00   3.6775135e-03  -1.7311930e-02   9.2903716e-04
   1.1469230e-02   1.3543482e-01   2.2356974e+00   8.1977487e-03  -1.9337113e-02   6.7151820e-04
   3.1016104e-02   1.0022396e-01   2.2460425e+00   9.0422971e-03  -1.9031962e-02   2.8087770e-04
   2.6701698e-02   8.7511429e-02   2.2329145e+00   1.1271043e-02  -1.8618839e-02   5.9934725e-04
   4.3164972e-02   4.9936531e-02   2.0287193e+00   8.7091730e-03  -1.8053249e-02   5.2833067e-04
   3.1123239e-02   2.0433924e-02   1.8874788e+00   7.0053520e-03  -1.8236138e-02   5.6689993e-04
   4.4531324e-02   4.4553633e-02   1.8249079e+00   6.2281960e-03  -1.9061439e-02   7.0176619e-04
   3.7653694e-02   2.0252744e-02   1.7941509e+00   5.2222172e-03  -1.8978876e-02   6.7246285e-04
   4.5012253e-02   1.5986661e-02   1.7969294e+00   5.2506032e-03  -2.0098340e-02  -7.2206425e-06
   5.7306985e-03   8.5354416e-02   1.8408267e+00   3.5350939e-03  -1.9557315e-02   1.4325388e-03
   1.3278612e-02   3.7290745e-02   1.9219542e+00   6.0891545e-03  -1.9507684e-02   1.0763628e-03
  -2.3136888e-02   1.0627849e-01   1.8244916e+00   2.1398043e-03  -1.9011927e-02   1.1653547e-03
   1.8445015e-02   1.0243200e-01   2.2060977e+00   9.5389601e-03  -1.9797325e-02   1.4103964e-03
   2.2550904e-02   4.7375012e-02   2.1417287e+00   9.6633682e-03  -1.8504929e-02   9.0173827e-04
   3.1771328e-02   1.8522930e-02   2.0176686e+00   1.0254622e-02  -1.7912391e-02   9.5272926e-04
   5.6389269e-02   3.0879718e-03   1.7998964e+00   7.4034677e-03  -1.8210403e-02   1.4905229e-04
   5.3577402e-02   9.2574775e-03   1.7250219e+00   5.8848438e-03  -1.9487982e-02   5.5752618e-04
   4.5102541e-02   6.5203906e-02   1.7368878e+00   4.0606871e-03  -2.0599126e-02   1.4046568e-03
   4.2077336e-02   2.3169555e-02   1.8856229e+00   9.1633448e-03  -1.9417435e-02   9.9330000e-04
   4.7357265e-02   2.1622857e-02   1.6733147e+00   5.2951988e-03  -1.7621307e-02   3.6594257e-04
   6.4946424e-02   1.7871890e-02   1.6118833e+00   4.3862186e-03  -1.8520850e-02  -3.7842591e-05
   5.0876726e-02  -1.7472578e-03   1.5492371e+00   3.8161338e-03  -2.1126697e-02   7.5022506e-04
   5.1002094e-02   3.1089821e-02   1.6000537e+00   2.4245698e-03  -2.0939430e-02   7.0841532e-04
   5.9173133e-03   6.1757404e-02   2.0288936e+00   2.9350260e-03  -1.8196355e-02   1.0738944e-03
   6.5746886e-02   1.1345964e-01   2.2000204e+00   9.8835268e-03  -1.9174358e-02   4.9714266e-04
   4.9329835e-02   5.9855998e-02   2.0008544e+00   8.9174810e-03  -1.8931467e-02   1.0142012e-03
   4.3458601e-02   3.1801770e-02   1.8889940e+00   7.8615746e-03  -1.8339125e-02   8.7396345e-04
   6.3340816e-02  -1.9349010e-03   1.7268610e+00   4.7334942e-03  -1.7549345e-02   4.6780102e-04
   7.4744968e-02  -1.6759798e-02   1.3038391e+00   4.3930631e-03  -1.7493200e-02   9.3965918e-05
   5.5123461e-02  -6.3755667e-03   1.2001752e+00   5.4304781e-04  -1.6675518e-02   4.4123485e-04
   4.7879161e-02  -4.6191135e-02   1.2376622e+00   2.2667302e-03  -1.3506071e-02   4.0359665e-04
   5.3670936e-02  -4.2282640e-03   1.2068981e+00   2.1606379e-03  -1.3608075e-02  -3.7950775e-04
   5.8928064e-02   2.5380140e-02   1.0215019e+00  -6.8488078e-04  -1.6222606e-02   2.2087967e-04
   6.8861094e-02  -2.7257269e-02   1.1965353e+00   8.5314148e-04  -1.8056381e-02  -1.0162104e-04
   2.9893842e-02  -1.5314304e-02   1.1896397e+00  -4.4607769e-03  -1.6598331e-02  -2.0725978e-04
   6.4166780e-02   1.2025385e-02   1.7052715e+00   7.6417129e-03  -1.8834328e-02   6.9708674e-04
   5.8144177e-02   1.3876399e-02   1.6779373e+00   6.9193156e-03  -1.8260720e-02   4.1001461e-04
   7.2329665e-02  -7.1473379e-02   1.5494871e+00   6.8201077e-03  -1.8338257e-02   5.5285022e-05
   8.2973705e-02  -7.7034241e-02   1.5766742e+00   8.3313349e-03  -1.6572256e-02  -6.8622762e-04
   9.3138282e-02  -4.4888878e-02   1.2464246e+00   5.0599151e-03  -1.9642917e-02  -3.8748226e-04
   8.4745933e-02  -2.5609595e-02   1.1242323e+00  -7.0506521e-04  -1.9223419e-02  -4.6268221e-04
   6.7674201e-02  -8.2176594e-02   1.1469924e+00   1.8673659e-03  -1.8080739e-02   6.9395856e-05
   7.6290117e-02  -1.0167533e-01   1.1355508e+00   2.8072057e-03  -1.5707624e-02  -1.1363964e-03
   4.5573570e-02   4.1622217e-02   1.1915484e+00   1.0436904e-03  -1.6037112e-02   2.6895599e-05
   6.6263388e-02  -5.8949148e-02   1.2921359e+00   1.9262065e-03  -1.7112403e-02  -1.4838051e-04
   2.9195476e-02   9.2235238e-02   1.2310378e+00  -3.4231374e-03  -1.5970000e-02  -7.7130991e-05
   3.5077086e-02   5.3154651e-02   1.4978194e+00   1.5723609e-03  -1.6567305e-02   5.5306366e-04
   5.3851604e-02   3.1324936e-02   1.5689450e+00   4.3759867e-03  -1.7426432e-02   5.3981643e-04
   4.8063663e-02  -5.2509450e-02   1.4168508e+00   3.5986414e-03  -1.6585854e-02   4.5034507e-04
  -5.4125530e-02   8.7605462e-02   1.7687233e+00   5.1800446e-03   8.8628862e-04   7.8331086e-04
  -7.9353165e-02   7.4571145e-02   1.7401762e+00   7.9927537e-03   1.8984109e-03   1.6991314e-03
  -3.3518441e-02   4.1386930e-02   1.8675767e+00   1.1159044e-02  -2.6294945e-03   1.0834440e-03
  -1.8751469e-02  -3.0918222e-02   1.7739794e+00   1.0229887e-02  -3.4553088e-03   5.4779120e-04
  -5.0973565e-03   1.4803544e-02   1.7498255e+00   9.1987996e-03  -4.8856251e-03   1.8803045e-04
  -6.6212970e-02   3.0922766e-02   1.7344077e+00   1.0717497e-02  -1.1112455e-03   1.2437378e-03
  -9.9710832e-03   9.3846498e-02   2.1584703e+00   1.0790784e-02  -4.9683189e-03   1.0028826e-03
  -2.0369765e-02   9.0689778e-02   2.2454183e+00   1.0948582e-02  -7.0172452e-03   1.4378802e-03
   1.4209255e-02   6.2975938e-02   2.2787869e+00   1.2766848e-02  -7.6854277e-03   8.0206741e-04
   5.2336552e-02   8.4219507e-03   2.2048917e+00   1.3668481e-02  -5.6105781e-03  -8.0698478e-04
   1.8546440e-02   1.0149347e-02   2.2266109e+00   1.6505669e-02  -7.6816252e-03   6.1784657e-04
   1.5764983e-02   1.1720447e-02   2.0989627e+00   1.4434823e-02  -9.0638175e-03   1.2283179e-03
   2.4044244e-02  -1.2041254e-02   2.0529135e+00   1.1677444e-02  -5.5315301e-03  -2.8444863e-04
  -2.1923285e-03   3.5465477e-02   2.0476808e+00   1.5746520e-02  -6.1045318e-03   1.2367037e-03
   5.4783593e-03  -1.6329965e-02   1.9662517e+00   1.3521395e-02  -6.5103178e-03   6.2994981e-04
  -7.2058034e-03   3.2298480e-02   1.9402234e+00   1.3144598e-02  -6.1156036e-03   1.2760135e-03
   3.0433694e-02  -4.2766540e-02   1.7967778e+00   1.2756606e-02  -9.1047801e-03   1.6437827e-04
   2.3613248e-02   2.6447579e-02   1.6481741e+00   1.0076211e-02  -1.0236483e-02   5.6901580e-04
   5.1501441e-02   8.2098676e-03   1.7689242e+00   7.5750648e-03  -1.3148738e-02   1.7741710e-04
   5.8057928e-02  -2.1187613e-03   1.9293950e+00   1.1105724e-02  -1.4746674e-02   1.1985153e-04
   1.3940555e-02   7.3615283e-02   2.1551763e+00   8.5667004e-03  -1.3965414e-02   6.2016726e-04
   3.9972149e-02   8.3646673e-02   2.3012484e+00   1.4091137e-02  -1.4322553e-02   7.7752951e-04
   4.9764462e-02   2.6568824e-02   2.0021666e+00   1.2440166e-02  -1.3347720e-02   4.3401804e-04
   6.2451495e-02   7.3057446e-03   1.8886834e+00   1.1103091e-02  -1.6115182e-02   3.9031241e-04
   5.8217551e-02   4.4292731e-03   1.8365027e+00   9.2322348e-03  -1.5830082e-02   3.2688669e-04
   4.5330773e-02  -9.5080926e-03   1.8288120e+00   9.0346676e-03  -1.5609754e-02   4.1069582e-04
   4.5738491e-02   1.3667683e-02   1.8286153e+00   9.2845662e-03  -1.3999075e-02   4.0046259e-04
   6.6309457e-02  -2.1785355e-02   1.7786717e+00   1.0297054e-02  -1.3074265e-02  -1.6198680e-04
   4.3839670e-02   1.7273446e-02   1.7645807e+00   1.0151987e-02  -1.3269649e-02   5.2656885e-04
   3.6986584e-02   7.7367606e-03   1.6393513e+00   9.4913559e-03  -1.4323421e-02   7.2286304e-04
   1.0962071e-01  -3.6493570e-02   1.4349984e+00   5.5675160e-03  -2.2288821e-02  -3.5073722e-04
   7.8551541e-02   4.2397277e-02   1.3623862e+00   2.8470831e-04  -1.9906914e-02  -8.6759261e-05
   3.0796729e-02   6.3964599e-02   1.5423518e+00   2.3926526e-03  -1.9717223e-02   7.7881928e-04
   7.8853790e-02   4.6213579e-02   1.5844565e+00   5.1842102e-03  -2.0231297e-02   2.8593180e-04
   9.6612521e-02  -4.1973840e-03   1.5562161e+00   5.2612090e-03  -1.8800699e-02  -1.3364852e-04
   9.4418939e-02  -3.8387107e-02   1.4724541e+00   5.8791921e-03  -1.7906080e-02  -3.4924537e-04
   9.1047856e-02   1.1198449e-02   1.3467229e+00   3.3160376e-03  -1.8683360e-02   4.3556862e-04
   7.8675942e-02   6.0876184e-03   1.3456892e+00   3.1460731e-03  -1.8323532e-02   4.5673815e-04
   9.1797139e-02  -1.7904986e-02   1.3331921e+00   3.4691719e-03  -1.6795552e-02  -5.8593036e-04
   8.6590105e-02   4.1140307e-03   1.2601788e+00   4.5279232e-03  -1.7139829e-02  -2.9977286e-04
   7.2178649e-02   2.4694635e-02   1.1407136e+00   1.8484804e-03  -1.6684490e-02  -5.0464273e-04
   1.0872237e-01  -2.6938346e-02   6.6064790e-01  -3.7617522e-03  -2.1256772e-02  -4.1516247e-04
   1.1795391e-01  -5.7776133e-02   8.8753001e-01  -3.1497614e-03  -2.2105051e-02  -2.5406158e-04
   3.7152991e-02   2.7230996e-02   8.2778108e-01  -5.6370879e-03  -2.1819446e-02   1.5257319e-03
   8.0694551e-02   1.3736912e-02   9.5108924e-01  -1.7076477e-03  -1.8259229e-02   1.0050833e-04
   1.3679068e-01   1.1334337e-03   8.6170331e-01  -1.2293139e-03  -1.7474388e-02  -6.3015795e-04
   1.2361634e-01  -9.8686326e-02   8.3595693e-01   5.9126194e-04  -1.4575055e-02  -1.2082880e-03
   9.0770653e-02   1.5492421e-02   6.6118955e-01  -3.8159051e-03  -1.4432701e-02  -2.0456994e-04
   7.1770635e-02  -1.1147839e-01  -3.7988866e-01  -9.8200849e-03  -2.9539005e-03   1.3242008e-03
   5.2984471e-02  -3.9578736e-02  -5.1516514e-01  -6.1522146e-03   3.7423758e-03   1.1956029e-03
   3.5244933e-02  -3.2833022e-03  -4.2995600e-01  -3.1443544e-03   6.1507678e-03   1.1910355e-03
   4.5399292e-02  -3.3705137e-02  -4.4449988e-01  -1.3342305e-03   7.6575615e-03   5.9594215e-04
   4.9698638e-02  -6.0414247e-02  -5.3219292e-01  -2.9688932e-03   8.0655429e-03   1.6961676e-04
   4.4985533e-02  -2.7992983e-02  -5.4861193e-01  -5.3000401e-03   8.4736221e-03  -7.1403088e-05
   6.2210436e-02   1.3366367e-02  -5.6811680e-01  -7.5789526e-03   5.3745129e-03   1.3237511e-03
   7.7590037e-02  -8.0704006e-03  -7.4219979e-02   1.2089968e-03   2.7148665e-03   1.2086087e-03
   7.5637159e-02  -5.4104370e-02  -4.0177880e-03   1.3481292e-03   3.1804483e-03   8.7322167e-04
   6.8883678e-02  -5.0492593e-02  -2.0294426e-03   1.3807242e-03   3.3261743e-03   9.5620155e-04
   7.4263696e-02  -6.5984704e-02   2.4372189e-02   2.5986612e-03   4.0919949e-03   6.1328471e-04
   6.7286456e-02  -4.8279542e-02   1.4377983e-02   2.1779202e-03   4.5756050e-03   7.1617614e-04
   6.5891539e-02  -6.0397563e-02  -2.0015580e-02   2.3793486e-03   5.4864095e-03   7.3244158e-04
   8.2060640e-02  -5.3635621e-02  -2.6312999e-02   1.8632071e-03   5.2814463e-03   2.2768061e-04
   7.1907834e-02  -7.8829311e-02  -3.4361941e-02   2.6813830e-03   5.9708101e-03   6.0620598e-04
   3.2130396e-02  -4.9171335e-02  -1.2514380e-01   2.8927916e-03   9.5479531e-03   1.4762622e-03
   5.5899550e-02  -3.7245447e-02  -1.8043808e-01   1.8597316e-03   8.3110311e-03   8.7863576e-04
   5.6008878e-02  -1.0009690e-01  -1.0639865e-01   1.9812734e-03   6.6484196e-03   6.0823956e-04
   6.2940752e-02  -4.9021710e-02  -1.3744101e-01   1.5851539e-03   5.9896069e-03   5.4026531e-04
   4.0814118e-02   3.4160399e-02  -4.0104819e-01  -5.3910815e-03   3.5611159e-03   1.5172694e-03
   8.8213684e-02  -2.4433960e-02  -5.4765214e-01   6.6488772e-04   5.9892544e-04   8.9316930e-04
   1.2695246e-01  -4.1677161e-03  -8.1134274e-01  -4.5231017e-03  -8.4540172e-04   5.4319792e-04
   1.4481516e-01  -8.5798642e-02  -6.9535907e-01  -4.0668936e-03  -1.4181642e-03   1.9374340e-04
   1.4643536e-01  -5.2536261e-02  -7.1718299e-01  -5.7031545e-03  -1.4734970e-03   1.8827200e-04
   1.5136072e-01  -5.9752743e-02  -7.2226307e-01  -4.6807070e-03  -2.7814182e-03   4.5858099e-04
   1.5117478e-01  -4.4182970e-02  -7.5558641e-01  -3.9099492e-03  -1.1986153e-03   4.2341230e-04
   1.3414807e-01  -4.4185400e-02  -7.6697589e-01  -4.5966923e-03  -5.3234076e-04   3.9915459e-04
   8.8139966e-02  -7.9402138e-02  -6.5195604e-01   2.2321240e-03   5.5116962e-03   9.2321624e-04
   8.3347021e-02  -5.9166223e-02  -7.3746973e-01  -1.4505180e-03   3.6457443e-03   4.4770811e-04
   1.0416395e-01  -8.9769215e-02  -6.1795145e-01  -3.0448371e-03   2.3163690e-04   1.7464463e-04
   1.1796225e-01  -3.7295905e-02  -5.1172165e-01  -1.0494520e-03  -1.7521184e-04   1.8632219e-04
   7.9187272e-02  -2.2756397e-02  -5.7055018e-01  -4.9376999e-03   1.3069995e-03   5.5429992e-04
   3.2793392e-02  -2.5588946e-02  -4.8253782e-01   1.7698229e-03   8.2221406e-03   2.5784013e-04
   9.2078380e-02  -1.6766127e-02  -4.7402713e-01   9.5342395e-04   6.9626224e-03  -5.2900432e-05
   9.3008489e-02  -1.0867948e-01  -4.7299776e-01   9.0759348e-04   6.3841556e-03  -4.4742569e-04
   9.1043312e-02  -6.0430962e-02  -5.5666564e-01   1.2016360e-04   5.9532237e-03   3.7506606e-04
   1.0231742e-01  -7.0679624e-02  -6.5523629e-01   9.6257743e-05   5.2138797e-03   2.0804525e-04
   1.0677545e-01  -6.7271832e-02  -5.9482598e-01   1.0278717e-03   4.1606298e-03   2.4171290e-04
   8.8439815e-02  -5.6496540e-02  -5.9845593e-01   6.6787949e-04   5.0743828e-03   3.3013383e-04
   5.4583791e-02  -8.8692230e-02  -5.8569413e-01  -1.8154753e-03   6.2249778e-03  -5.4812724e-04
   7.1197058e-02  -6.9081357e-02  -5.3868656e-01   2.2398867e-03   8.1290323e-03   3.4263357e-04
   1.0239339e-01  -4.5763964e-02  -5.6620139e-01   9.8762587e-05   2.6578687e-03   3.8763248e-04
   1.0855548e-01  -5.7838731e-02  -4.6632746e-01   6.3485429e-04   2.0410746e-03   2.5887853e-04
   9.0681933e-02  -5.8084563e-02  -5.0017400e-01  -1.0850794e-03   4.3702642e-03   1.6681948e-04
   1.0129532e-01  -7.2869924e-02  -5.0502060e-01   8.5218602e-04   4.8933031e-03   2.7089284e-04
   9.6411647e-02  -6.8661527e-02  -6.0976613e-01  -1.4422948e-03   4.2447287e-03   8.1446306e-04
   7.0009631e-02  -7.8911598e-02  -5.9645675e-01   2.3032466e-03   7.4214922e-03   7.7001857e-04
   7.5870029e-02  -8.0529041e-02  -5.8284094e-01   9.9305895e-04   5.8061702e-03   5.4197290e-04
   9.1035923e-02  -7.7189662e-02  -6.2885644e-01   3.4011076e-04   5.0663699e-03   1.7430530e-05
   9.3350983e-02  -5.6216336e-02  -7.1845766e-01  -5.7317603e-04   4.5679022e-03   2.5189062e-04
   7.9442200e-02  -6.9986257e-02  -7.2498731e-01  -1.3369821e-03   4.4284588e-03   2.6404974e-04
   7.9641048e-02  -7.7778688e-02  -7.4227157e-01  -5.3373963e-05   5.0063158e-03   3.9173215e-04
   5.3137117e-02  -3.3291832e-02  -7.4831439e-01  -7.5030498e-04   6.1516379e-03   8.4175302e-04
   9.7239256e-02  -2.0168916e-02  -6.7141902e-01  -2.8743555e-03   2.2913351e-03   3.7643077e-04
   1.0082318e-01  -4.1225447e-02  -6.1936521e-01  -1.7110816e-03   1.8553404e-03   4.3252248e-04
   6.4111499e-02  -8.3229188e-03  -8.6145925e-01  -5.0850011e-03   6.3584627e-04   9.1759843e-04
   1.1419139e-01  -1.1585831e-02  -8.9889134e-01  -2.2555993e-03   1.6242361e-03   6.8949513e-04
   1.1138963e-01  -8.6686358e-02  -7.8372977e-01   8.8240155e-04   8.0930114e-04   4.2072109e-04
   1.1467085e-01  -9.2628362e-02  -8.2764501e-01   2.9734115e-04   8.1423743e-04   2.8759423e-04
   1.1464670e-01  -4.1311187e-02  -8.6584004e-01  -1.7721361e-03   1.4904783e-04   5.6589838e-04
  -1.2013562e-02  -5.5940254e-02  -1.1012340e+00  -7.6030823e-04   9.7383170e-03   4.4314431e-04
   8.5429882e-02  -1.4431107e-01  -1.7338968e+00  -5.2321445e-03   1.3064317e-03   2.0066812e-04
   1.0679363e-01  -8.4826086e-02  -1.7972544e+00  -7.2166341e-03   7.1742500e-04  -5.5764307e-05
   1.1280059e-01  -9.7296375e-02  -1.7244085e+00  -7.6616437e-03  -3.1528128e-05  -3.4377970e-04
   1.3993762e-01  -7.8824713e-02  -1.6974192e+00  -9.6856051e-03  -2.2171250e-03  -1.0302432e-03
   1.7327197e-01  -1.0447049e-01  -1.5580779e+00  -6.6506475e-03  -2.2928218e-03  -1.2054071e-03
   1.5886040e-01  -3.5290492e-02  -1.5963201e+00  -1.1271380e-02  -5.1025601e-03   4.2432402e-04
   1.8037040e-01  -7.9956587e-03  -1.5184705e+00  -8.3742088e-03  -5.2722187e-03   3.6796013e-04
   1.7874475e-01  -6.1967134e-02  -1.5024382e+00  -8.4452388e-03  -5.1407265e-03   2.3028355e-04
   1.7879515e-01  -5.5020281e-02  -1.5429604e+00  -9.0189146e-03  -3.4287679e-03  -1.3178716e-04
   1.7076016e-01  -1.7429265e-02  -1.5634502e+00  -9.1421149e-03  -4.0010078e-03   1.7110993e-04
   1.5505009e-01  -9.4959659e-02  -1.4923879e+00  -7.5221547e-03  -3.2291595e-03   1.3972208e-04
   1.4607850e-01  -2.4554072e-02  -1.5718929e+00  -8.4049121e-03  -2.6952325e-03   2.6585557e-04
   1.5065301e-01  -6.7640708e-02  -1.5218446e+00  -7.4490766e-03  -2.2721134e-03   9.6711695e-05
   1.3805128e-01  -2.7106161e-02  -1.5543734e+00  -9.4092478e-03  -1.8979669e-03   4.6095507e-04
   1.4668194e-01  -6.5596972e-02  -1.5058497e+00  -7.9195611e-03  -2.0926022e-03   1.4924756e-04
   1.9327901e-01  -6.0527793e-02  -1.3559108e+00  -6.6308546e-03  -6.6679912e-03  -2.8463007e-05
   1.6581162e-01  -2.8803418e-03  -1.2993619e+00  -8.3614387e-03  -5.6478215e-03   2.3678110e-04
   1.7405033e-01  -4.8108128e-02  -1.1541754e+00  -5.8999341e-03  -5.4673073e-03  -8.8283015e-05
   1.7163107e-01  -3.4658128e-02  -1.2417433e+00  -7.7024514e-03  -4.7118461e-03  -6.3030854e-05
   1.7256050e-01  -6.7342425e-02  -1.2708060e+00  -5.9897260e-03  -4.0003689e-03  -2.2490406e-05
   1.7422637e-01  -5.5312117e-02  -1.3337337e+00  -7.0739154e-03  -3.6301815e-03  -2.9158247e-04
   1.7140793e-01  -7.0817391e-02  -1.3451421e+00  -7.0621794e-03  -2.9668797e-03  -2.7820273e-04
   1.7435562e-01  -8.9356557e-02  -1.5303344e+00  -5.5032076e-03  -4.5994738e-03  -3.0283310e-04
   1.4262037e-01  -5.1512089e-02  -1.4235144e+00  -6.9895171e-03  -4.6761960e-03   1.9373280e-04
   1.5934961e-01  -9.5011668e-02  -1.4224969e+00  -5.2140855e-03  -3.6817546e-03  -3.7364245e-04
   1.5713009e-01  -4.7205264e-02  -1.4625468e+00  -7.2841742e-03  -3.8245725e-03  -2.9490206e-04
   1.4395826e-01  -2.9309237e-02  -1.4751123e+00  -7.2070256e-03  -4.1598425e-03  -2.7023064e-04
   1.6045760e-01  -3.1636243e-02  -1.4243731e+00  -6.5885484e-03  -4.7160229e-03  -3.7424464e-04
   1.6092854e-01  -8.9117397e-02  -1.3496898e+00  -6.4984042e-03  -3.8912599e-03  -2.9525514e-04
   1.6265752e-01  -6.8350938e-02  -1.4013897e+00  -6.9064195e-03  -4.4334524e-03  -3.1684169e-04
   1.6001499e-01  -6.2006782e-02  -1.4444276e+00  -7.8806108e-03  -4.2480596e-03  -3.7775209e-04
   1.5506185e-01  -1.0590939e-01  -1.4628678e+00  -6.2573874e-03  -3.1776343e-03  -5.4025191e-04
   1.5288494e-01  -7.3822210e-02  -1.5485087e+00  -7.0204819e-03  -2.8068694e-03  -2.4768339e-04
   1.2904448e-01  -3.1821459e-02  -1.5603274e+00  -8.3938718e-03  -2.2746386e-03   6.4486778e-04
   1.5955443e-01  -4.5254945e-02  -1.6045690e+00  -8.1589883e-03  -3.1153363e-03   3.0415850e-04
   1.9512163e-01  -8.9704214e-02  -1.8819615e+00  -9.4682166e-03  -9.1346321e-03  -3.0059963e-04
   1.6744747e-01  -6.1853420e-02  -1.8411154e+00  -9.7455054e-03  -8.4731550e-03  -7.1054253e-05
   1.5797992e-01  -9.8055439e-02  -1.8288259e+00  -8.9985020e-03  -5.4142602e-03  -1.5599935e-04
   1.6629233e-01  -2.5722949e-02  -2.0157398e+00  -1.2482546e-02  -6.8840841e-03  -2.9104213e-04
   1.1764856e-01   8.0886738e-03  -1.9550233e+00  -1.4699955e-02  -7.6546766e-03   3.8604921e-04
   1.5106550e-01  -2.5605608e-02  -1.6162163e+00  -7.7204337e-03  -6.9307112e-03   3.2461423e-04
   1.6476969e-01  -5.9631922e-02  -1.7262425e+00  -5.7594378e-03  -6.8759145e-03  -3.7438822e-04
   1.6707958e-01  -7.4128607e-02  -1.8994425e+00  -8.4780055e-03  -4.1737175e-03  -5.2692061e-04
   1.4861032e-01  -9.1554609e-02  -1.8302637e+00  -7.7716946e-03  -3.8741261e-03  -5.4548627e-04
   1.4136066e-01  -6.4611019e-02  -1.7744961e+00  -8.2106194e-03  -4.2747615e-03  -3.8697950e-04
   1.3569036e-01  -7.4791269e-02  -1.7310845e+00  -7.3795587e-03  -3.9379835e-03  -4.1854421e-05
   1.3580619e-01  -5.1713305e-02  -1.7025226e+00  -7.9398325e-03  -4.3249000e-03  -1.0189104e-04
   1.3421470e-01  -4.3543430e-02  -1.6254878e+00  -7.8007892e-03  -4.9538168e-03   1.8350398e-04
   1.4973494e-01  -4.3945638e-02  -1.6378541e+00  -8.4010778e-03  -3.5528056e-03  -5.4102463e-04
   1.9353574e-01  -9.5094983e-02  -1.4078466e+00  -5.1652109e-03  -6.3979343e-03  -4.7901698e-04
   1.3995309e-01   4.3711162e-02  -1.3972272e+00  -9.0906209e-03  -4.6834672e-03  -4.3365992e-04
   1.7022150e-01  -6.4627390e-02  -1.5102231e+00  -5.5191578e-03  -9.3433030e-03  -7.1993032e-04
   1.8568031e-01  -5.0918825e-02  -1.7786264e+00  -6.6414042e-03  -7.6840381e-03  -8.5466718e-04
   1.6547998e-01  -6.8104290e-02  -1.6096123e+00  -7.9406951e-03  -7.8950072e-03  -8.9526415e-04
   1.5954507e-01  -4.2162820e-02  -1.5160908e+00  -5.7941084e-03  -8.7054147e-03  -1.2672652e-04
   1.5587611e-01  -9.0461541e-02  -1.7607520e+00  -3.7492412e-03  -2.8284924e-03  -1.0692160e-03
   1.5809241e-01   2.0036154e-02  -1.8429212e+00  -8.1388029e-03  -2.8467239e-03  -1.5668060e-04
   1.5621159e-01  -1.2333917e-01  -1.7233178e+00  -4.3309042e-03  -2.3691558e-03  -1.0625005e-03
   1.4017544e-01  -7.7190380e-02  -1.7460783e+00  -4.2141940e-03  -2.2315755e-03  -7.4625551e-04
   1.7037448e-01  -5.1274553e-02  -1.7397826e+00  -5.0303073e-03  -7.1774087e-03  -2.5313224e-04
   1.5946009e-01  -5.6505666e-02  -1.7199892e+00  -6.1819396e-03  -5.4267908e-03  -3.0441626e-04
   1.7034656e-01  -1.0114121e-01  -1.5600865e+00  -6.4181946e-03  -7.5251427e-03  -7.3351852e-04
   1.8324445e-01  -6.5195545e-02  -1.4549718e+00  -6.0861078e-03  -7.9966433e-03  -9.9721116e-04
   1.7855954e-01  -4.9135878e-02  -1.4526937e+00  -8.4068908e-03  -9.3310603e-03  -2.7563447e-04
   2.0387688e-01  -4.2678554e-02  -1.4396336e+00  -4.5450550e-03  -8.8954077e-03  -1.8451083e-04
   1.9599097e-01  -7.5788134e-02  -1.3893433e+00  -4.8803584e-03  -8.4853361e-03  -3.8148102e-04
   2.0761007e-01  -1.1937130e-01  -1.4132101e+00  -2.7421739e-03  -7.7607318e-03  -1.0059146e-03
   1.9767825e-01  -7.8663049e-02  -1.4765504e+00  -3.3007480e-03  -6.4005389e-03  -5.3484666e-04
   1.7047518e-01  -9.3754260e-02  -1.5079960e+00  -2.3326295e-03  -4.6612751e-03  -4.3915755e-04
   1.4805115e-01  -8.1647605e-02  -1.4195486e+00   2.7451376e-04  -3.0000712e-03  -7.8384648e-05
   1.6593941e-01  -8.7708740e-02  -1.4006770e+00  -1.5899929e-03  -4.2119933e-03  -6.2758853e-04
   1.7215596e-01  -1.3454731e-01  -1.4318444e+00  -2.7499691e-03  -5.1104951e-03  -3.2973458e-04
   2.1046969e-01  -1.0624400e-01  -1.4695565e+00  -4.8201185e-03  -7.8508906e-03  -8.9089920e-04
   2.0278571e-01  -5.8535892e-02  -1.4749267e+00  -4.8784379e-03  -7.4360717e-03  -7.0240379e-04
   1.7734135e-01  -8.6854488e-02  -1.3369385e+00  -5.9383979e-03  -7.0817870e-03  -3.1076523e-05
   1.8125414e-01  -3.0604648e-02  -1.3967712e+00  -4.1236902e-03  -6.7727004e-03  -1.2460183e-04
   1.8447475e-01  -7.1649871e-02  -1.3827102e+00  -3.6620396e-03  -6.7118282e-03  -3.3233672e-04
   1.6172941e-01  -7.9125768e-02  -1.7149090e+00  -5.0721853e-03  -9.4332185e-04  -2.3067391e-04
   1.5128922e-01  -4.1922821e-02  -1.7108377e+00  -6.5336766e-03  -2.2745822e-03  -4.5839644e-05
   1.5552559e-01  -6.6278137e-02  -1.7397323e+00  -5.9841875e-03  -2.3704652e-03  -2.2625060e-04
   1.7112148e-01  -8.9263607e-02  -1.8117237e+00  -5.3427135e-03  -3.1529140e-03  -3.7999672e-04
   1.6601036e-01   3.9691143e-04  -1.7768312e+00  -6.2260325e-03  -2.9945652e-03  -8.5633814e-05
   1.3626672e-01  -1.1005729e-01  -1.7608027e+00  -5.1534146e-03  -1.2012302e-03   5.6423404e-04
   1.5627281e-01  -1.6582914e-02  -1.7637140e+00  -8.9454060e-03  -2.7317686e-03  -6.0074952e-06
   1.7659869e-01   6.8392230e-03  -1.6797189e+00  -8.2993309e-03  -2.0033922e-03  -3.4478095e-04
   1.7913763e-01  -5.2692996e-02  -1.5586083e+00  -6.6607577e-03  -3.1939092e-03  -4.5807009e-04
   1.6780699e-01  -5.4832829e-02  -1.5758238e+00  -5.5615726e-03  -2.4703578e-03  -2.3265151e-04
   1.6868519e-01  -7.6593571e-02  -1.6052127e+00  -6.0544751e-03  -2.0484819e-03  -4.2327861e-04
   1.7847750e-01  -8.2883855e-02  -1.6435621e+00  -5.4268997e-03  -2.1252721e-03  -4.6829914e-04
   1.6315500e-01  -6.7934185e-02  -1.6835637e+00  -7.2689243e-03  -2.0190978e-03  -9.0315384e-05
   1.5709339e-01  -5.7831202e-02  -1.7057920e+00  -6.7290657e-03  -2.2043435e-03  -1.3105285e-04
   1.5977017e-01  -5.1769962e-02  -1.7030530e+00  -7.1844241e-03  -2.0507164e-03  -3.1053067e-04
   1.5120313e-01  -4.4705601e-02  -1.7205214e+00  -7.0302942e-03  -1.5569384e-03  -2.2616834e-04
   1.6466085e-01  -3.6288824e-02  -1.8039362e+00  -6.8524173e-03  -1.5192739e-04  -5.9882363e-04
   2.1820537e-01  -3.3638009e-02  -1.4921939e+00  -1.0232117e-02  -1.2191429e-02  -9.5766864e-04
   1.8897611e-01  -6.6029344e-02  -1.2427586e+00  -5.6985110e-03  -9.8592140e-03  -6.8463845e-04
   1.6922955e-01  -7.3627162e-02  -1.2928033e+00  -6.9170680e-03  -9.6310463e-03  -3.7069069e-04
   1.9018035e-01  -2.6504988e-02  -1.6461432e+00  -9.2158609e-03  -1.3715345e-02  -1.6369518e-03
   1.5753009e-01  -4.3988536e-02  -1.5161344e+00  -7.0541160e-03  -1.0951280e-02  -1.3168244e-03
   1.7059758e-01  -1.0732573e-01  -1.3281709e+00  -4.8115162e-03  -9.2245510e-03  -2.0206794e-03
   1.9177869e-01  -1.2308468e-01  -1.9259519e+00  -6.8722420e-03  -7.1216162e-03  -1.7658814e-03
   1.6658996e-01  -4.6677463e-02  -1.8445333e+00  -7.2045263e-03  -6.4424232e-03  -1.3447537e-03
   1.6241511e-01  -1.0558529e-01  -1.7357261e+00  -6.0888129e-03  -6.3803222e-03  -1.3170704e-03
   1.7018531e-01  -8.6471522e-02  -1.7215714e+00  -6.6944553e-03  -6.4032063e-03  -1.3229640e-03
   1.6376620e-01  -7.0574984e-02  -1.7400645e+00  -6.3504242e-03  -6.0823660e-03  -1.1500698e-03
   1.2298216e-01  -6.3181165e-02  -1.7466712e+00  -9.1475448e-03  -3.5449973e-03  -9.7158963e-04
   1.7531608e-01  -1.3550849e-01  -8.8426951e-01  -3.8041783e-03  -1.2903272e-02  -8.9607627e-04
   1.5116575e-01  -3.6515915e-02  -9.0134850e-01  -3.1501967e-03  -1.0403787e-02  -2.0531805e-04
   1.5824168e-01  -1.4054841e-01  -8.6595080e-01  -1.5742810e-03  -9.1128360e-03  -4.2147440e-04
   1.6979102e-01  -6.6368996e-02  -9.7472148e-01  -2.8527672e-03  -8.8857264e-03  -3.9167813e-04
   1.6751685e-01  -9.4471520e-02  -9.8287121e-01  -2.5533887e-03  -8.6380313e-03  -2.4017371e-04
   1.6559011e-01  -9.0844774e-02  -1.0374396e+00  -3.0635039e-03  -8.8816910e-03  -5.8455270e-05
   1.6880137e-01  -8.4614468e-02  -1.1527850e+00  -3.3301139e-03  -8.4110168e-03  -7.3113467e-04
   1.4847469e-01  -7.1101938e-02  -1.1562735e+00  -4.1875327e-03  -8.3104830e-03  -3.0427386e-04
   1.4011013e-01  -1.1414114e-01  -1.0383504e+00  -1.5575932e-03  -7.2333232e-03  -5.2432204e-04
   1.3976759e-01  -4.6561793e-02  -1.1337938e+00  -3.7245685e-03  -7.8976068e-03  -2.0160820e-06
   1.4404232e-01  -9.1913750e-02  -1.5448458e+00  -6.4771007e-03  -3.5170141e-03  -7.7985396e-04
   1.9013676e-01  -9.6904689e-02  -1.2594891e+00  -2.5231242e-03  -6.0830282e-03  -6.4489989e-04
   1.6811148e-01  -9.6331009e-02  -1.2756362e+00  -5.9590643e-03  -5.6803806e-03  -3.6350560e-04
   1.8105803e-01  -1.1382260e-01  -1.2861717e+00  -4.0932646e-03  -5.6479286e-03  -4.1179667e-04
   1.8673379e-01  -8.3665171e-02  -1.3150173e+00  -5.3122584e-03  -5.5306137e-03  -5.8635535e-04
   1.8736568e-01  -9.9374926e-02  -1.4125940e+00  -5.3432612e-03  -5.1978019e-03  -5.1240804e-04
   1.6753608e-01  -3.3489783e-02  -1.4426228e+00  -6.0367379e-03  -5.4030863e-03   9.9048461e-05
   1.5462113e-01  -7.4393970e-02  -1.4420485e+00  -6.2377472e-03  -4.5090923e-03  -1.4424105e-04
   1.6202625e-01  -7.3895801e-02  -1.4347163e+00  -5.8749835e-03  -4.6996697e-03  -2.4791414e-04
   1.6274355e-01  -5.3573549e-02  -1.4393655e+00  -6.3901207e-03  -5.4015355e-03  -7.5979112e-05
   1.7218037e-01  -7.9831880e-02  -1.3832692e+00  -3.7877901e-03  -4.8537135e-03  -2.8838853e-04
   1.7692734e-01  -1.1055200e-01  -1.4246359e+00  -5.3108020e-03  -5.2302201e-03  -4.5900797e-04
   1.5834593e-01  -2.5416080e-02  -1.4527864e+00  -5.8463223e-03  -5.4732202e-03   7.3907660e-05
   2.1064436e-01  -1.0694264e-01  -1.1610381e+00  -5.4830798e-03  -9.5805815e-03  -8.7599879e-04
   2.0237504e-01  -5.4662557e-02  -1.0980769e+00  -4.1870299e-03  -8.8481315e-03  -7.5243526e-04
   1.8112058e-01  -6.9385623e-02  -1.3636858e+00  -8.5125002e-03  -8.9993246e-03   6.4047648e-05
   1.9088447e-01  -3.3770111e-02  -1.4333589e+00  -6.1824983e-03  -8.7601200e-03   2.1528293e-05
   1.9092022e-01  -8.2619395e-02  -1.4686121e+00  -6.8236509e-03  -7.9883808e-03  -4.4521282e-04
   2.0002517e-01  -7.9890849e-02  -1.5323790e+00  -6.5069457e-03  -7.8048493e-03  -3.4541086e-04
   1.8609814e-01  -7.0754766e-02  -1.6185866e+00  -7.6959476e-03  -8.0105385e-03   2.0860407e-05
   1.8151544e-01  -1.1650467e-01  -1.5962655e+00  -6.8053126e-03  -7.1994793e-03  -2.2150850e-04
   1.7726467e-01  -8.4460325e-02  -1.5885866e+00  -7.2613487e-03  -7.0390229e-03   2.1661328e-04
   2.0172530e-01  -8.7843204e-02  -1.6673273e+00  -7.3612793e-03  -7.6129074e-03  -3.0359281e-04
   1.8652614e-01  -6.9317784e-02  -1.6666572e+00  -7.0710811e-03  -7.2523527e-03  -2.0562809e-05
   2.1686313e-01  -7.1918689e-02  -1.5031445e+00  -8.5210679e-03  -8.1761787e-03  -5.6484186e-04
   2.1539944e-01  -5.1891887e-02  -1.5126370e+00  -7.8160969e-03  -7.9320097e-03  -4.2335735e-04
   1.7001056e-01  -1.3874632e-02  -1.5601650e+00  -1.2844966e-02  -7.8076912e-03  -1.3693457e-04
   1.9012736e-01  -1.3278868e-02  -1.5056330e+00  -6.8131079e-03  -9.0071632e-03   7.7984965e-04
   1.8083438e-01  -1.9429244e-02  -1.4912897e+00  -6.7795736e-03  -8.4232261e-03   5.7828415e-04
   1.8466009e-01  -7.0997074e-02  -1.4205381e+00  -6.6168352e-03  -8.1920997e-03   3.4190579e-05
   1.8193805e-01  -5.2447401e-02  -1.4880033e+00  -7.9977360e-03  -8.4140222e-03   1.9928423e-04
   1.8320030e-01  -8.1752197e-02  -1.4858817e+00  -6.2183955e-03  -7.6995708e-03   2.9767260e-05
   1.6990193e-01  -4.1719391e-02  -1.5103299e+00  -6.5536978e-03  -7.1395136e-03   3.4463111e-04
   1.6808700e-01  -6.1537584e-02  -1.4953884e+00  -6.3231911e-03  -6.9254702e-03   2.5722541e-04
   1.7324615e-01  -7.2158333e-02  -1.5308450e+00  -7.5131964e-03  -6.9130228e-03   3.4919352e-04
   1.7424408e-01   3.1560364e-02  -1.4813932e+00  -9.5978331e-03  -8.6782963e-03   8.3311252e-04
   1.9885725e-01  -3.9632240e-02  -1.6682322e+00  -8.3368553e-03  -8.3346140e-03  -4.5096779e-04
   1.5779783e-01   2.9607160e-02  -1.6042357e+00  -1.5185780e-02  -8.1479220e-03   5.3200598e-05
   1.8511053e-01  -3.9443452e-02  -1.3839776e+00  -4.5988817e-03  -6.7013332e-03  -2.2389009e-05
   1.7321324e-01  -1.7451858e-02  -1.3929055e+00  -7.2263367e-03  -5.5387401e-03  -7.3756642e-04
   1.6478022e-01  -7.8264636e-02  -1.6785255e+00  -5.2756228e-03  -4.7481212e-03   1.8004924e-04
   1.6136456e-01  -9.2331119e-02  -1.6646401e+00  -6.5688838e-03  -5.4038394e-03  -1.2247241e-04
   1.6625670e-01  -8.5249945e-02  -1.6744243e+00  -6.9456365e-03  -5.5204017e-03  -1.5223183e-04
   1.6488943e-01  -5.2785629e-02  -1.7045549e+00  -7.7910570e-03  -4.8267898e-03  -4.0632539e-04
   1.6510950e-01  -7.3459132e-02  -1.6789548e+00  -5.5042116e-03  -4.2944195e-03   4.9640300e-06
   1.6806780e-01  -8.5678648e-02  -1.7379519e+00  -6.6141042e-03  -5.0050761e-03  -4.6737542e-04
   1.8712283e-01  -4.7060454e-02  -1.8317898e+00  -1.0492490e-02  -5.7049954e-03  -9.6009164e-04
   2.0223023e-01  -4.2765359e-02  -1.5438579e+00  -7.2271061e-03  -8.2654201e-03  -5.7496498e-04
   2.0621145e-01  -8.0426646e-02  -1.4956181e+00  -7.2196561e-03  -7.8522028e-03  -7.8310941e-04
   2.0591537e-01  -8.6590173e-02  -1.6399508e+00  -8.3090466e-03  -7.6035326e-03  -8.5652252e-04
   1.8241594e-01  -2.4096758e-02  -1.6536579e+00  -8.4092358e-03  -6.1639543e-03   3.7965470e-04
   1.8104278e-01  -7.9605194e-02  -1.6408511e+00  -7.3795090e-03  -6.0142724e-03  -3.5345913e-04
   1.8847847e-01  -8.0457690e-02  -1.7040573e+00  -7.3637128e-03  -5.7225262e-03   2.3337945e-04
   1.7790506e-01  -6.9341684e-02  -1.7066416e+00  -8.0483461e-03  -5.4534977e-03  -7.3475207e-05
   1.7478748e-01  -9.4755816e-02  -1.7059920e+00  -7.3371776e-03  -4.9688687e-03  -3.2710556e-04
   6.1147854e-02   2.1240342e-04  -1.4659870e+00   1.4707932e-03   4.5153913e-03   9.8525043e-04
   1.3118487e-01   4.9806250e-02  -1.9080854e+00  -1.0459097e-02  -1.4550719e-03   1.0134235e-03
   1.1603651e-01   2.5985318e-02  -1.8547720e+00  -1.1739434e-02   5.8514566e-03   5.2083442e-04
   1.2218972e-01   4.9210298e-02  -1.7739855e+00  -1.2674313e-02   5.3808491e-03   2.7147810e-04
   1.1862732e-01  -2.8391813e-02  -1.4855025e+00  -5.5882543e-03   4.4365695e-03   5.2728534e-05
   1.2295467e-01  -1.5891598e-02  -1.6255250e+00  -1.0752984e-02  -8.8992650e-04   9.1214116e-04
   1.6299446e-01  -2.8649395e-03  -1.6116219e+00  -8.8451245e-03  -1.8283306e-03   5.2856833e-04
   1.6982866e-01  -3.4548799e-02  -1.5169046e+00  -7.4239288e-03  -1.8806279e-03   4.3909440e-04
   1.7093390e-01  -7.6822884e-02  -1.6527535e+00  -3.8082057e-03  -1.5992557e-03   1.2228870e-05
   1.4094772e-01  -3.5845107e-02  -1.6833134e+00  -6.4881225e-03  -7.2111255e-04   4.7209945e-04
   1.4517436e-01  -5.1173097e-02  -1.6539075e+00  -6.4545795e-03  -2.8261898e-04   5.5779654e-04
   1.4887448e-01  -6.8671536e-02  -1.6686419e+00  -3.8692890e-03  -3.4291908e-04   3.3927415e-04
   1.3331869e-01  -4.0824413e-02  -1.6078516e+00  -5.4002055e-03   1.8342981e-04   4.5572991e-04
   1.4269432e-01  -9.7771987e-02  -1.5786975e+00  -4.5687284e-03  -7.2278749e-05   1.4365759e-04
   1.7263045e-01  -8.3659747e-02  -1.4487618e+00  -3.5330018e-03  -2.8690998e-03  -2.3885937e-06
   1.7629392e-01  -6.7920414e-02  -1.3858014e+00  -2.8374929e-03  -2.9836052e-03  -3.5314988e-05
   1.5650678e-01  -5.6671166e-02  -1.3644602e+00  -5.6376156e-03  -3.2190337e-03   6.9088470e-04
   1.3172415e-01  -3.8623780e-02  -1.4790389e+00  -3.9197126e-03  -6.7896578e-04   1.0293752e-03
   1.4262001e-01  -5.3681192e-02  -1.4309385e+00  -4.9146022e-03  -1.4383798e-03   2.7313586e-04
   1.4329985e-01  -4.0139449e-02  -1.5011324e+00  -5.4806543e-03  -9.9741038e-04   6.2202528e-04
   1.4601211e-01  -1.3984228e-01  -1.5383887e+00  -3.3847415e-03  -1.4638990e-03   4.8534718e-04
   1.3946331e-01  -4.2871556e-02  -1.4883247e+00  -3.3396453e-03  -1.6469378e-04   5.5968754e-04
   1.4019922e-01  -6.3513524e-02  -1.4451062e+00  -3.3277697e-03  -6.6378628e-04   2.8412007e-04
   1.3921238e-01  -4.8670777e-02  -1.5283359e+00  -3.8744172e-03  -8.8455148e-04   6.8223365e-04
   1.3797291e-01  -1.0000935e-01  -1.4916142e+00  -4.5771022e-03   5.0771200e-04   4.5936932e-04
   1.4262735e-01  -8.0934749e-02  -1.5523977e+00  -1.6946910e-03   1.7991931e-04   3.3747361e-04
   1.3108294e-01  -1.0427754e-01  -1.4935165e+00  -2.5683364e-03  -2.7946216e-04   3.7052349e-04
   1.8136056e-01  -1.2404725e-01  -1.3812191e+00  -2.4431173e-03  -4.9134749e-03  -3.3769620e-04
   1.5226888e-01   3.1973852e-02  -1.4932660e+00  -6.7874751e-03  -3.3187866e-03   1.0915181e-04
   2.0140985e-01  -1.1174452e-01  -1.3906160e+00  -1.6372344e-03  -5.8466231e-03  -3.5057049e-04
   1.7555604e-01  -4.7106131e-02  -1.5015002e+00  -4.0010975e-03  -3.8062240e-03  -5.3145228e-05
   1.2536872e-01  -1.5624954e-01  -1.8174994e+00  -4.7816496e-04   1.5832776e-03  -1.3966041e-04
   1.0937626e-01  -5.2740350e-02  -1.9181028e+00  -4.2694282e-03   4.8019661e-03   5.1926315e-04
   1.3397455e-01  -1.7216775e-01  -1.8491334e+00  -1.4194592e-02   3.1736872e-03   4.2410265e-04
   5.8714530e-02  -6.8709971e-02  -1.5984012e+00  -8.4146289e-03   7.0427644e-03   4.8601444e-04
   7.2544302e-02  -7.0911490e-02  -1.4511692e+00  -5.9829511e-03   5.4315417e-03   3.4618392e-04
   1.8607790e-01  -1.6859749e-01  -1.3293816e+00  -2.6829029e-03   1.5932782e-03  -1.2037741e-03
   1.4579806e-01  -7.5742987e-02  -1.3531763e+00  -4.0527192e-03   2.7518465e-03  -5.4745967e-04
   1.6937393e-01  -1.7485173e-01  -1.2236547e+00  -3.2475827e-03  -2.7781627e-04  -9.7358522e-04
   1.5687979e-01  -1.1259317e-01  -1.1994000e+00  -3.5937549e-03   5.9359298e-04  -7.9715789e-04
   1.4595656e-01  -6.6779131e-02  -1.1471052e+00  -2.6683979e-03  -1.2123992e-03   6.3341022e-04
   1.5258096e-01  -3.7978021e-02  -1.2831475e+00  -5.6165013e-03   5.2557408e-05   4.9599533e-04
   1.4518487e-01  -6.4833938e-02  -1.2088216e+00  -5.2831230e-03   4.3530407e-04   5.2571707e-04
   1.4647450e-01  -8.4520937e-02  -1.1572108e+00  -4.5868369e-03   3.3124369e-05   3.6200861e-04
   1.4974530e-01  -9.3744818e-02  -1.1529346e+00  -3.9388286e-03   9.1520567e-05   9.5574360e-05
   1.5446600e-01  -8.5428359e-02  -1.1506264e+00  -3.4454479e-03   4.7911275e-04   9.9294579e-05
   1.5002127e-01  -1.0531432e-01  -1.1607246e+00  -2.9516697e-03   1.0737419e-03   2.5080451e-05
   1.3394383e-01  -9.6609000e-02  -1.1789408e+00  -3.1956837e-03   1.3441613e-03   4.2479000e-04
   1.3836312e-01  -1.0156565e-01  -1.1866965e+00  -3.8875886e-03   1.0196100e-03   1.5131176e-04
   1.6042814e-01  -6.0194327e-02  -1.2334511e+00  -5.0061234e-03  -4.3406964e-04   3.0776263e-04
   9.1632521e-02  -1.4762629e-02  -1.8951673e+00  -6.7461916e-03   1.9738547e-03  -4.4508844e-05
   7.5655099e-02  -2.2300574e-02  -2.1137111e+00  -1.0809737e-02   4.4404794e-03   3.6805050e-04
   1.2061351e-01  -4.4874142e-02  -2.1311388e+00  -1.0023638e-02   1.8754308e-03  -1.9074620e-04
   1.4716820e-01  -4.3589881e-02  -1.9793641e+00  -8.0566227e-03   1.3182941e-03  -2.6856134e-04
   1.4303361e-01  -5.8907760e-02  -1.8868407e+00  -8.1681863e-03   1.5164703e-03  -2.5090640e-04
   1.4153477e-01  -5.2902292e-02  -1.8987004e+00  -7.8184853e-03   1.4644757e-03  -1.9587272e-04
   1.4911830e-01  -6.3474366e-02  -1.9882794e+00  -8.0876741e-03   1.3641109e-03  -2.4329256e-04
   1.3964887e-01  -4.6330358e-02  -1.9111548e+00  -6.8356317e-03   1.0228655e-03  -2.1294188e-04
   1.3606599e-01  -1.1046981e-01  -1.9914087e+00  -6.4508071e-03   6.0771430e-04  -5.7293443e-04
   1.2412638e-01  -2.4072802e-02  -1.8557388e+00  -6.0039698e-03   1.1182806e-03   2.1729754e-04
   1.5863212e-01  -9.1788205e-02  -1.7420314e+00  -1.0161599e-02  -1.0474139e-03  -1.0275657e-03
   1.7258028e-01  -7.2306474e-02  -1.3627259e+00  -5.2467580e-03  -4.3107899e-03  -8.4735022e-04
   1.7579501e-01  -1.2545882e-01  -1.2991559e+00  -3.5951092e-03  -3.9755375e-03  -8.2702503e-04
   1.8704261e-01  -1.1263036e-01  -1.3466248e+00  -3.4905347e-03  -4.1604479e-03  -8.9082647e-04
   1.5833268e-01  -7.7876909e-02  -1.4098678e+00  -5.0305484e-03  -2.7264678e-03  -7.4088851e-04
   1.6772232e-01  -1.4106656e-01  -1.4993124e+00  -4.8689938e-03  -1.5151232e-03  -8.6726226e-04
   1.5736564e-01  -9.8281030e-02  -1.4401513e+00  -3.9052746e-03  -1.9311940e-03  -5.2547889e-04
   1.4919316e-01  -1.1341663e-01  -1.4332027e+00  -3.0987292e-03  -1.6395257e-03  -2.0817427e-04
   1.4112253e-01  -1.4484799e-01  -1.5760655e+00  -1.5820329e-03  -8.1974216e-04  -7.2773188e-04
   1.2239772e-01  -6.5033048e-02  -1.6305463e+00  -5.4872962e-03  -1.5363317e-07  -8.3115976e-06
   1.1127458e-01  -8.9508312e-02  -1.5574276e+00  -4.6951528e-03   2.7860913e-04   2.6040317e-05
   1.6634923e-01  -7.2033733e-02  -1.5790292e+00  -6.4618167e-03  -1.3781740e-03  -9.8826452e-04
   1.9332876e-01  -1.1121009e-01  -1.2719534e+00  -4.7106984e-03  -4.8873724e-03  -1.2742758e-03
   1.7667094e-01  -8.9185724e-02  -1.3064444e+00  -4.7752992e-03  -4.8458871e-03  -9.3900121e-04
   1.8457761e-01  -1.4369147e-01  -1.2573396e+00  -3.5024028e-03  -4.3959139e-03  -1.3181194e-03
   1.8553972e-01  -1.5909602e-01  -1.3977936e+00  -2.9135525e-03  -3.7587357e-03  -1.7939573e-03
   1.8717740e-01  -1.2112178e-01  -1.5151931e+00  -4.2042508e-03  -4.4909033e-03  -1.1066975e-03
   1.7189631e-01  -6.2726813e-02  -1.4927359e+00  -4.9168120e-03  -3.7792675e-03  -1.1150870e-03
   1.4889427e-01  -9.3747836e-02  -1.4922027e+00  -5.1103932e-03  -2.0993347e-03  -8.1469987e-04
   1.5024338e-01  -1.2410549e-01  -1.5139600e+00  -3.7825263e-03  -1.5664426e-03  -7.2045746e-04
   1.3960756e-01  -8.3272680e-02  -1.4841097e+00  -3.3487552e-03  -2.3179362e-03  -4.4419476e-04
   1.4791886e-01  -9.7761238e-02  -1.4557993e+00  -4.1903648e-03  -2.6657206e-03  -4.1693024e-04
   1.8278267e-01  -1.4520152e-01  -1.4516390e+00  -4.3710197e-03  -3.2016515e-03  -1.4773828e-03
   2.0677760e-01  -9.5489017e-02  -1.3775723e+00  -4.0226952e-03  -5.7231768e-03  -1.2389445e-03
   1.8958468e-01  -1.1599027e-01  -1.3444547e+00  -4.3024499e-03  -5.5241289e-03  -1.0609517e-03
   1.8182777e-01  -1.6521123e-01  -1.4632939e+00  -1.8382769e-03  -4.1113150e-03  -1.0357310e-03
   1.8405735e-01  -1.2213749e-01  -1.5191033e+00  -3.6999913e-03  -3.7887760e-03  -7.9085573e-04
   1.7545856e-01  -1.8082529e-01  -1.5529078e+00  -6.8575702e-04  -3.4618342e-03  -7.8654653e-04
   1.6451044e-01  -1.2123100e-01  -1.5089586e+00  -2.2879506e-03  -3.1899589e-03  -4.1223288e-04
   1.3715101e-01  -1.1185265e-01  -1.5201372e+00  -4.0236669e-03  -1.4000083e-03  -7.0236802e-04
   1.3318746e-01  -1.2250820e-01  -1.5782098e+00  -3.3547827e-03  -1.0261026e-03  -2.7376971e-04
   1.4048222e-01  -1.0528546e-01  -1.5567519e+00  -3.8233440e-03  -1.4349315e-03  -3.9820013e-04
   1.3047623e-01  -1.0248100e-01  -1.5226746e+00  -3.6445025e-03  -1.4379724e-03  -2.6227484e-04
   1.4180657e-01  -7.1054123e-02  -1.5564285e+00  -4.6946519e-03  -1.4181026e-03  -7.9616780e-04
   1.8564369e-01  -6.6051623e-02  -1.6464633e+00  -6.5961889e-03  -6.0710876e-03  -1.2816917e-03
   1.8390975e-01  -1.1863348e-01  -1.4456137e+00  -4.6270302e-03  -7.4476734e-03  -1.1410455e-03
   1.7816008e-01  -1.0374711e-01  -1.4950235e+00  -4.2386409e-03  -6.4405915e-03  -1.0026917e-03
   1.5535539e-01  -1.1348733e-01  -1.5376768e+00  -4.2728649e-03  -5.3429386e-03  -5.2988265e-04
   1.6700190e-01  -6.6995878e-02  -1.5546984e+00  -6.3002510e-03  -5.4131833e-03  -4.1515577e-04
   1.5007465e-01  -1.2757419e-01  -1.6226033e+00  -4.0031033e-03  -4.0588798e-03  -4.8394079e-04
   1.2012522e-01  -7.0007461e-02  -1.5954860e+00  -3.7332275e-03  -2.6335725e-03   7.5155021e-04
   1.3066476e-01  -1.0469027e-01  -1.4859309e+00  -1.9926111e-03  -2.3111517e-03   3.4271522e-04
   1.3027620e-01  -1.1843784e-01  -1.5320104e+00  -2.8408043e-03  -2.2299357e-03   1.1356713e-04
   1.3833907e-01  -1.4042852e-01  -1.5455263e+00  -1.5812593e-03  -1.8974334e-03  -3.6707583e-04
   9.7962294e-02  -9.0799930e-02  -1.6764239e+00  -3.6671117e-03  -2.6974541e-04   5.5816117e-04
   1.2108703e-01  -1.0769355e-01  -1.5684762e+00  -1.9437834e-03  -8.8539535e-04   3.1655500e-04
   1.3932932e-01  -1.1373193e-01  -1.6117397e+00  -4.7571197e-03  -2.5511199e-03  -2.4095402e-04
   1.7802188e-01  -6.5976606e-02  -1.4328673e+00  -9.9908956e-04  -4.3649668e-03  -7.0309935e-04
   1.5664020e-01  -1.5086704e-01  -1.4336978e+00  -9.3811005e-04  -2.3576314e-03  -9.6698242e-04
   1.4042879e-01  -1.2518852e-01  -1.5624666e+00  -2.8394186e-03  -2.2360591e-03  -6.3156185e-04
   1.1191386e-01  -9.7228200e-02  -1.6002019e+00  -2.8915670e-03  -1.7266008e-04  -3.2234199e-04
   6.3333412e-02  -8.8778822e-02  -1.8219016e+00  -2.0419802e-03   2.7483933e-03   5.4609155e-04
   1.0953129e-01  -8.8356541e-02  -1.9812539e+00  -7.3449346e-03   1.6084407e-03   9.5112247e-04
   1.1195104e-01  -1.1133570e-01  -1.5546449e+00  -9.0708215e-04   3.8793470e-03  -4.0474006e-05
   1.1479262e-01  -1.2501496e-01  -1.5038659e+00  -1.7798254e-03   2.8003455e-03  -1.3009554e-04
   8.5678910e-02  -2.4539095e-02  -1.6025911e+00  -3.7540542e-03   3.8157863e-03   1.0223847e-04
   1.2514817e-01  -1.2754521e-01  -1.6072697e+00  -2.1283869e-03   1.7881522e-03  -4.8868882e-04
   1.3119880e-01  -1.2517543e-01  -1.5750051e+00  -8.7973718e-04   1.2068576e-03  -4.3725784e-04
   1.6540581e-01  -1.0391474e-01  -1.3810006e+00  -2.9246578e-03  -4.4693260e-03  -1.0934332e-03
   1.8462374e-01  -1.0731438e-01  -1.4888934e+00  -2.0501846e-03  -5.1559208e-03  -1.1912938e-03
   1.7359544e-01  -1.4950808e-01  -1.3380347e+00  -2.9310144e-03  -5.8982235e-03  -1.0903943e-03
   1.6210608e-01  -9.3738932e-02  -1.4031579e+00  -2.9102246e-03  -5.8891130e-03  -7.5435340e-04
   1.7017980e-01  -8.7320620e-02  -1.3374539e+00  -2.6736583e-03  -5.8105704e-03  -9.3854265e-04
   1.4836748e-01   3.4128896e-02  -1.3578586e+00  -3.9187135e-03  -5.5613089e-03   2.2942341e-04
   1.5938130e-01  -9.2559243e-02  -1.3806757e+00  -2.1494613e-03  -5.0147846e-03  -4.4733712e-04
   1.7224226e-01  -1.3555199e-01  -1.3988289e+00  -2.8579262e-03  -5.1736506e-03  -8.4171212e-04
   1.4151698e-01  -1.0503226e-01  -1.4059416e+00  -3.4997154e-03  -4.3765023e-03  -5.6156959e-04
   1.5314059e-01  -1.1819292e-01  -1.4446655e+00  -2.2670410e-03  -3.6565572e-03  -6.1334577e-04
   1.1332613e-01  -4.5337755e-02  -1.6333455e+00  -1.3118146e-02  -7.8787085e-03  -3.9125661e-04
   1.1125882e-01  -3.4190701e-02  -1.3602875e+00  -1.4027002e-02   4.3053912e-03  -1.6410521e-04
   2.3823184e-02   1.6386278e-01  -1.4626051e+00  -1.9642020e-02   1.0649722e-02   1.0706983e-03
  -9.4639020e-03   2.4721382e-01  -9.9252705e-01  -1.2898336e-02   7.5733859e-03   2.0281735e-03
  -6.5937308e-03   1.7949761e-01  -1.0009261e+00  -1.1803129e-02   8.2123075e-03   1.1794598e-03
   1.5270649e-03   1.3893002e-01  -9.9679867e-01  -1.1824385e-02   8.4201268e-03   7.6897922e-04
   1.3814701e-02   1.1613663e-01  -9.4223052e-01  -1.0433725e-02   8.3804427e-03   7.2372861e-04
   1.7736438e-02   1.2840965e-01  -1.0207257e+00  -1.1263262e-02   7.8564261e-03   4.0114931e-04
   2.3177277e-02   5.8066207e-02  -1.0261358e+00  -9.6497917e-03   6.0542701e-03   1.1227955e-03
  -1.6116256e-02   1.6332985e-01  -9.7848102e-01  -1.1023372e-02   6.3986069e-03   1.5163574e-03
   4.2964083e-02   7.4834726e-02  -1.0215015e+00  -1.0872455e-02   5.4330518e-03   5.6006989e-04
   4.3156651e-02   6.8313525e-02  -9.9413527e-01  -9.8137944e-03   5.2672897e-03   4.6677826e-04
   4.8253581e-02   6.9117065e-02  -1.0084795e+00  -1.1014491e-02   4.0678072e-03   5.1024155e-04
   5.0222102e-02   7.3387189e-02  -7.9972222e-01  -7.3092755e-03   2.3443276e-03   6.6736847e-04
   5.2310727e-02   5.4177926e-02  -8.0517633e-01  -7.6490719e-03   2.3321408e-03   5.9696572e-04
   5.9525605e-02   8.1650301e-02  -8.2947143e-01  -8.1195377e-03   1.6378777e-03   8.4721745e-04
   7.9856234e-02   4.7085340e-03  -8.3623455e-01  -6.9058402e-03   1.6253346e-03   4.5308305e-04
   7.9756343e-02   7.8029601e-03  -8.7229664e-01  -6.1970059e-03   1.8603331e-03   5.0876311e-04
   1.3199491e-01  -1.5271572e-02  -9.5036438e-01  -3.0792587e-03  -1.7656471e-03  -9.2887273e-04
   1.6343092e-01  -1.4328576e-02  -1.0544686e+00  -8.5238968e-03  -3.6918354e-03  -9.9753186e-04
   1.6633263e-01  -8.3972387e-02  -8.8513299e-01  -4.3170799e-03  -4.9063423e-03  -1.0407768e-03
   1.6316304e-01  -3.8836470e-02  -9.3007099e-01  -5.8038877e-03  -4.4678697e-03  -1.1398985e-03
   1.3921586e-01  -2.5159327e-02  -9.5698823e-01  -6.2179996e-03  -3.9403753e-03  -7.4353892e-04
   1.4055222e-01  -3.5128541e-02  -9.6249788e-01  -8.3453923e-03  -1.6414392e-03  -2.3358218e-03
   1.7482942e-01  -7.3641298e-02  -6.5741653e-01  -3.8803084e-03  -2.9897837e-03  -2.1743649e-03
   2.0076289e-01   3.2265004e-03  -6.2082815e-01  -2.9409403e-03  -7.1782855e-03   2.4452985e-06
   2.0834539e-01  -8.0921949e-02  -5.0753999e-01  -1.9844618e-03  -7.2531522e-03  -5.2846728e-04
   2.0879903e-01  -5.8321146e-02  -6.1038094e-01  -1.8471577e-03  -6.9755492e-03  -4.5446180e-04
   2.0642056e-01  -8.1600931e-02  -7.3510435e-01  -2.9940203e-03  -7.1687563e-03  -5.2990742e-04
   2.0890421e-01  -7.9027636e-02  -7.1278277e-01  -2.2911741e-03  -6.9761821e-03  -4.8890298e-04
   2.1132096e-01  -4.8032227e-02  -7.5778499e-01  -2.5153844e-03  -6.3335641e-03  -6.5144249e-04
   2.0593365e-01  -7.0842359e-02  -7.7839496e-01  -2.2205389e-03  -7.0337549e-03  -3.9046785e-04
   1.8500105e-01  -6.9235245e-02  -7.5966380e-01  -2.7661389e-03  -5.2076871e-03   2.4020162e-04
   1.7126979e-01  -4.6004046e-02  -7.8507004e-01  -2.9613688e-03  -4.3480428e-03   5.3852800e-05
   1.8986959e-01  -6.9728976e-02  -8.1626110e-01  -2.3448682e-03  -4.6830117e-03  -1.9281551e-04
   1.8134401e-01  -8.2911374e-02  -7.9466320e-01  -2.1945745e-03  -5.2418143e-03  -1.2699944e-05
   1.8465404e-01  -7.2439474e-02  -8.1265574e-01  -2.4766804e-03  -5.8551441e-03  -2.6423673e-04
   2.2696163e-01  -5.6901424e-02  -6.4118663e-01  -1.0411438e-03  -7.5394435e-03  -3.5874440e-04
   1.9816213e-01  -4.4868727e-02  -6.3376736e-01  -2.6393518e-03  -5.8974945e-03  -4.8586787e-04
   2.2368350e-01  -7.6643766e-02  -6.2316170e-01   6.4469500e-04  -5.6523258e-03  -5.9539770e-04
   2.0278737e-01  -4.9342617e-02  -7.7253809e-01  -1.9644840e-03  -5.2206092e-03  -4.7288134e-04
   1.9336303e-01  -9.0940261e-02  -7.3227270e-01  -4.5419309e-05  -3.9174715e-03  -2.9877539e-04
   1.7730204e-01  -7.7570101e-02  -7.7078632e-01  -1.1026657e-03  -2.7256160e-03  -5.0646339e-04
   1.7329024e-01  -1.1480388e-01  -9.8301173e-01   3.5172070e-03  -3.3744745e-03  -7.3417808e-04
   2.0569414e-01  -7.4175393e-02  -1.0575170e+00  -6.5296634e-04  -4.8859958e-03  -1.1024631e-03
   1.9383361e-01  -1.0819452e-01  -1.0058176e+00  -1.1702815e-03  -4.9023245e-03  -1.0828218e-03
   2.0071179e-01  -9.5086430e-02  -1.0055687e+00  -1.4797999e-03  -5.5616949e-03  -1.1172941e-03
   2.1412933e-01  -1.5603353e-01  -1.2243577e+00   4.6587181e-03  -4.8752937e-03  -1.3578480e-03
   2.3098765e-01  -5.9394836e-02  -1.6107870e+00  -8.7986047e-03  -3.5692358e-03  -1.9234423e-03
   2.3870990e-01  -8.0927195e-02  -1.4182353e+00  -4.1163454e-03  -6.1955297e-03  -1.8566373e-03
   2.1541582e-01  -9.1497933e-02  -1.4083380e+00  -6.0509530e-03  -5.3346202e-03  -1.8203557e-03
   1.9736004e-01  -9.7383686e-02  -1.3939784e+00  -4.3415121e-03  -4.2887125e-03  -1.4226901e-03
   1.8011658e-01  -9.8207930e-02  -1.4181250e+00  -4.3500879e-03  -4.3842172e-03  -1.1327241e-03
   1.6690027e-01  -6.9494914e-02  -1.3967772e+00  -2.2023992e-03  -1.0170875e-03  -1.2118400e-03
   1.6712497e-01  -1.3952393e-01  -1.3238295e+00   7.5646767e-04  -1.1196072e-03  -1.6060807e-03
   2.0215174e-01  -8.4910408e-02  -1.4489555e+00  -3.5095470e-03  -3.0253606e-03  -1.6546229e-03
   1.8755315e-01  -1.1435024e-01  -1.4536933e+00  -3.1926576e-03  -1.8242802e-03  -1.5998647e-03
   1.7788576e-01  -1.1246614e-01  -1.3859970e+00  -2.5815036e-04  -1.6108502e-03  -1.5011175e-03
   1.7804011e-01  -1.1390790e-01  -1.3119535e+00  -1.1662046e-04  -1.4898814e-03  -1.4557077e-03
   1.9476098e-01  -1.4921567e-01  -1.4121191e+00  -3.2891332e-03  -3.4400102e-03  -1.7958311e-03
   2.3579385e-01  -1.2914815e-01  -1.3229279e+00  -1.3341794e-03  -6.2354103e-03  -2.0891678e-03
   2.2999787e-01  -1.2852384e-01  -1.3165504e+00  -2.5415942e-03  -5.5948719e-03  -1.9136702e-03
   2.2658125e-01  -1.4346056e-01  -1.2887546e+00  -1.9817651e-03  -5.3861330e-03  -1.9534024e-03
   2.0701928e-01  -1.2768729e-01  -1.3173898e+00  -2.4231045e-03  -3.8190691e-03  -1.8958288e-03
   1.8520463e-01  -1.1215526e-01  -1.3032866e+00  -2.8669070e-03  -3.6888529e-03  -1.4705410e-03
   1.8363814e-01  -1.0243062e-01  -1.2954597e+00  -2.4622326e-03  -3.5707222e-03  -1.2536168e-03
   1.7780546e-01  -7.4551055e-02  -1.2903975e+00  -2.2920360e-03  -3.6725140e-03  -9.4903054e-04
   1.8358871e-01  -9.3635142e-02  -1.3092704e+00  -2.0004387e-03  -3.3624589e-03  -9.3153035e-04
   1.8053348e-01  -9.5450775e-02  -1.4095577e+00  -4.3564921e-03  -4.1208685e-03  -3.6562649e-04
   2.0379748e-01  -8.8286942e-02  -1.3309140e+00  -1.0405020e-03  -4.7224753e-03  -1.0913007e-03
   1.8741006e-01  -7.8287784e-02  -1.3627577e+00  -2.8177551e-03  -3.4221166e-03  -8.3990173e-04
   1.7867476e-01  -1.1654580e-01  -1.3550728e+00  -2.8409893e-03  -3.4925475e-03  -1.1645132e-03
   2.3194018e-01  -1.2947548e-01  -1.3216281e+00  -1.2391092e-03  -5.6748054e-03  -2.1701556e-03
   1.8838554e-01  -5.9123801e-02  -1.3790842e+00  -3.9981642e-03  -3.9236331e-03  -1.5008667e-03
   1.8390598e-01  -1.0768984e-01  -1.3695243e+00  -3.3484647e-03  -3.9650075e-03  -1.5273173e-03
   1.9050697e-01  -6.7574447e-02  -1.3943367e+00  -4.2201714e-03  -3.6180734e-03  -1.3381630e-03
   1.9450649e-01  -8.7603665e-02  -1.3930490e+00  -3.6915577e-03  -4.7380772e-03  -1.6167208e-03
   1.9709133e-01  -9.1125108e-02  -1.4019416e+00  -3.2485566e-03  -4.4726760e-03  -1.2085760e-03
   1.9433579e-01  -4.5173182e-02  -1.4787830e+00  -4.5490763e-03  -3.5602523e-03  -1.1409365e-03
   1.7113526e-01  -7.4630938e-02  -1.4787048e+00  -3.2655591e-03  -2.7245211e-03  -1.1276863e-03
   1.5692056e-01  -1.1708801e-01  -1.5454686e+00  -2.4147291e-03  -1.3945894e-03  -1.0283812e-03
   1.3975106e-01  -9.8743328e-02  -1.4607260e+00  -4.4770152e-04  -1.0638181e-03  -1.0668909e-03
   2.0229810e-01  -1.5683972e-01  -1.5164732e+00  -6.7149231e-04  -2.7546074e-03  -2.0245884e-03
   1.6652386e-01  -9.3931188e-02  -1.5086706e+00  -3.9839317e-03  -2.2876430e-03  -1.6334357e-03
   1.9603195e-01  -8.6470031e-02  -1.3986978e+00  -4.0070874e-03  -5.2423040e-03  -1.5099309e-03
   1.9113137e-01  -1.1647559e-01  -1.3818920e+00  -2.8122394e-03  -4.7518013e-03  -1.3009980e-03
   1.9739588e-01  -9.0850508e-02  -1.4376260e+00  -3.1619463e-03  -4.8365769e-03  -1.6013419e-03
   1.9800318e-01  -9.0403750e-02  -1.4910707e+00  -4.1533706e-03  -4.8337214e-03  -1.4749899e-03
   1.8119413e-01  -1.0538936e-01  -1.5127115e+00  -3.4148318e-03  -3.7094189e-03  -1.2568164e-03
   1.7906324e-01  -2.0737325e-02  -1.5801694e+00  -6.0138996e-03  -4.2594495e-03  -8.4418068e-04
   1.9531985e-01  -5.4368677e-02  -1.6391167e+00  -8.0279534e-03  -5.3512907e-03  -2.1244758e-04
   1.6999715e-01  -7.6578304e-02  -1.5750691e+00  -2.8300004e-03  -2.3476443e-03  -9.8488752e-04
   1.6138915e-01  -1.1372906e-01  -1.5919187e+00  -1.2970785e-03  -1.4037021e-03  -1.2574602e-03
   1.5989105e-01  -1.0031567e-01  -1.5492413e+00  -1.9298884e-03  -1.8739333e-03  -9.4920214e-04
   1.2285443e-01   2.6183715e-03  -1.6575362e+00  -7.5766294e-03  -1.3333006e-03  -5.4787234e-04
   2.2994838e-01  -8.2955403e-02  -1.5279427e+00  -5.3021647e-03  -7.5050545e-03  -1.6519607e-03
   2.1666887e-01  -4.2370586e-02  -1.4849702e+00  -5.1926683e-03  -7.1256756e-03  -1.2962331e-03
   2.0853770e-01  -8.2627907e-02  -1.5307728e+00  -5.3690310e-03  -6.6289488e-03  -1.3334187e-03
   1.9772759e-01  -1.1543285e-01  -1.7671872e+00  -4.7007591e-03  -5.7479218e-03  -1.2330149e-03
   1.9371800e-01  -2.6321107e-02  -1.7661022e+00  -6.6980570e-03  -4.7001242e-03  -1.3187614e-03
   1.8076981e-01  -6.4282552e-02  -1.6816583e+00  -5.4227684e-03  -4.7436714e-03  -1.3248470e-03
   1.7993524e-01  -9.1507664e-02  -1.6898209e+00  -4.7015516e-03  -5.0759330e-03  -8.9982498e-04
   1.7772105e-01  -6.9941082e-02  -1.6861613e+00  -4.6297676e-03  -4.4195350e-03  -6.1909284e-04
   7.3408503e-02  -6.6511266e-02  -1.4455950e+00  -3.3495875e-03   7.7482456e-05   3.2584871e-04
   5.3376751e-02  -2.5421707e-02  -1.4214057e+00   1.6992799e-03   8.7689445e-03   1.5598809e-03
   7.4858015e-02  -1.5070934e-02  -1.5202792e+00  -7.3110757e-03   1.0252900e-02   1.4433729e-03
   3.3263323e-02  -4.2957827e-02  -1.5460237e+00  -3.7195242e-03   1.1375540e-02   1.4670753e-03
   6.5878596e-02  -3.3821651e-02  -1.4930064e+00  -4.7978375e-03   8.7369039e-03   8.8657557e-04
   8.4036576e-02  -6.3302030e-02  -1.3519467e+00  -4.1780523e-03   7.6281026e-03   3.9113271e-04
   7.6102729e-02  -9.7125585e-02  -1.3625954e+00  -4.0546675e-03   7.0668638e-03   5.4447846e-04
   8.9449674e-02  -8.0882155e-02  -1.3644290e+00  -4.0880110e-03   7.2156015e-03  -3.6285279e-04
   8.1971871e-02  -1.7686190e-02  -1.3523103e+00  -4.3804350e-03   6.7120054e-03  -3.9838483e-05
   9.3879876e-02  -7.0318354e-02  -1.3469656e+00  -4.6146177e-03   6.6421223e-03  -3.7800452e-04
   2.9719455e-02   6.8715806e-02  -1.4020324e+00  -7.7503416e-03   7.6044023e-03   1.0689046e-03
   9.9181579e-02  -4.2026344e-02  -1.3507595e+00  -2.6247436e-03   8.7119889e-03  -9.0950358e-04
   9.8914865e-02  -5.6176577e-02  -1.2992980e+00  -9.4128779e-04   7.0891909e-03  -4.0402185e-04
   8.1272847e-02   2.1175009e-02  -1.3979187e+00  -2.3406094e-03   7.8045070e-03  -9.1016039e-04
   7.2639497e-02  -7.4417745e-02  -1.2786761e+00  -1.2970789e-03   5.8314769e-03  -6.3630556e-04
   1.0624539e-01  -7.6464688e-02  -1.1645670e+00   7.6943896e-04   3.1596701e-03  -8.1510786e-04
   9.5984434e-02  -1.0784877e-01  -1.1735414e+00  -2.2877763e-04   3.9247010e-03  -5.5369108e-04
   1.0967809e-01  -7.9197273e-02  -1.2325239e+00  -2.4165226e-04   3.6915180e-03  -6.2128207e-04
   1.1603019e-01  -9.6033472e-02  -1.2674156e+00   7.2760928e-05   3.0293704e-03  -4.4847307e-04
   1.0855317e-01  -1.0147721e-01  -1.2883062e+00   6.0998947e-05   4.4351016e-03  -6.2282606e-04
   1.0393646e-01  -6.4284173e-02  -1.3411294e+00  -5.9854199e-04   4.8988967e-03  -3.8066544e-04
   9.5192972e-02  -1.0093095e-01  -1.3335759e+00  -6.0673750e-04   4.7266467e-03  -5.2982912e-04
   1.1537271e-01  -8.1121827e-02  -1.3054471e+00   1.8240521e-04   3.6928572e-03  -4.2667015e-04
   1.0660293e-01  -1.1753540e-01  -1.3565713e+00   5.6151796e-04   4.5885515e-03  -6.2686845e-04
   9.3318571e-02  -4.1734598e-02  -1.3080133e+00  -3.0664299e-04   4.9374294e-03  -1.4517958e-04
   1.2571242e-01  -3.5304124e-02  -1.2900492e+00  -4.9784649e-03   1.9024983e-03   2.9362785e-04
   1.4215025e-01  -6.4547307e-02  -9.3719975e-01   2.4769257e-03  -4.0558540e-04  -3.9216456e-04
   1.3444769e-01  -8.1691620e-02  -1.0004682e+00   1.7278782e-03  -5.3915388e-04  -4.0261436e-04
   1.3215915e-01  -5.7678077e-02  -1.0619610e+00   7.5688041e-04  -1.2961522e-04  -4.5302994e-04
   1.3612748e-01  -9.2679723e-02  -1.0779290e+00   7.8285902e-04  -1.4625063e-04  -4.8004966e-04
   1.4731844e-01  -8.0663427e-02  -1.1028360e+00   6.3072061e-04  -2.3141890e-04  -6.4375182e-04
   1.5444950e-01  -8.4474469e-02  -1.0680855e+00   7.9894778e-04   4.3595535e-04  -9.5782091e-04
   1.6070693e-01  -8.8161044e-02  -1.1192484e+00   9.3772193e-04  -4.6974536e-04  -8.6246259e-04
   1.5089299e-01  -4.0579743e-02  -1.1584503e+00  -7.8126486e-04  -6.6974537e-04  -6.8333065e-04
   1.4071237e-01  -7.8558970e-02  -1.1259218e+00   6.8226835e-04  -6.5354080e-04  -5.2852056e-04
   1.5071221e-01  -6.1008905e-02  -1.2014912e+00  -1.4087290e-04   8.9725254e-04  -5.9845196e-04
   1.6648501e-01  -2.3263428e-02  -1.2074013e+00   8.5497592e-04  -5.6355596e-04  -1.0802274e-03
   1.2168948e-01  -8.9922475e-02  -1.1374241e+00   5.7472986e-03  -5.2296331e-04  -9.0767461e-04
   8.1128292e-02  -4.5406419e-02  -1.4784335e+00  -7.6658315e-04   6.8781918e-03  -3.6726108e-04
   8.5345397e-02  -9.0554027e-02  -1.3934350e+00   1.2667965e-04   5.2935245e-03  -6.4981117e-04
   8.7254548e-02  -7.0839435e-02  -1.3354113e+00  -7.3878201e-04   4.4766742e-03  -4.4064013e-04
   1.1322515e-01  -1.0553760e-01  -1.3988116e+00  -8.9397086e-04   4.4457777e-03  -9.4509841e-04
   1.0473232e-01  -2.8695139e-02  -1.4074738e+00  -1.4591349e-03   4.6281685e-03  -6.8662076e-04
   1.0674035e-01  -9.6846263e-02  -1.3606311e+00   4.7067194e-05   5.0453573e-03  -7.1425422e-04
   1.1540789e-01  -5.2325354e-02  -1.3721799e+00   2.3992714e-03   4.7709057e-03  -9.7859531e-04
   1.0271674e-01  -3.7304477e-02  -1.5970901e+00  -7.0667222e-04   4.8066613e-03  -6.1278287e-04
   1.2025873e-01   1.0432408e-02  -1.4035003e+00  -2.4024643e-03   4.6870315e-03  -3.4729069e-04
   1.0499607e-01  -4.4115756e-02  -1.4462253e+00   3.1980700e-04   4.2550777e-03  -6.3690012e-04
   1.1450399e-01  -7.9284628e-02  -1.5092306e+00  -6.0564085e-04   4.0680130e-03  -2.9237532e-04
   1.6323321e-01  -8.3953951e-02  -1.2858181e+00  -1.0731976e-03  -1.6970314e-03  -8.2911123e-04
   1.7775811e-01  -7.4077262e-02  -1.1870310e+00   1.7060725e-03  -2.9661730e-03  -1.1534167e-03
   1.6296457e-01  -8.2983398e-02  -1.1645789e+00   1.2687196e-04  -2.4795479e-03  -8.9775416e-04
   1.5739009e-01  -7.4835267e-02  -1.2727622e+00   4.8614006e-04  -1.4880446e-03  -8.3361145e-04
   1.4652681e-01  -4.9899501e-02  -1.3438059e+00  -9.7238320e-04  -1.0858125e-03  -5.7294936e-04
   1.3457609e-01  -1.2871632e-01  -1.2424812e+00   1.6992115e-03   6.2470366e-04  -7.2358223e-04
   1.3739766e-01  -8.7951180e-02  -1.3983737e+00  -3.2773184e-04   9.4065003e-04  -5.1896233e-04
   1.3546533e-01  -8.7683889e-02  -1.3395476e+00  -1.7596833e-04  -3.8770284e-04  -2.3635204e-04
   1.2999140e-01  -8.2830469e-02  -1.3077142e+00   2.5137094e-04   2.5284396e-04  -4.0796121e-04
   1.1723131e-01  -3.2012480e-02  -1.3313854e+00   2.9654756e-04  -3.1369179e-05  -2.1639981e-04
   1.2987842e-01  -5.4097664e-02  -1.3625842e+00  -4.2919612e-04  -7.3954882e-05  -1.9710407e-04
   1.5625874e-01  -2.1095186e-02  -1.3481435e+00  -8.6350326e-04  -1.6736519e-03   2.3449618e-04
   2.0625540e-01  -1.0094116e-01  -1.1042257e+00   4.3441115e-03  -3.6235909e-03  -1.5371376e-03
   1.5405985e-01   4.6967099e-02  -1.2251646e+00  -3.9896403e-03  -2.5709830e-03  -5.9700912e-04
   1.5021719e-01  -1.0095409e-01  -1.1984930e+00   1.6169304e-03  -2.1332561e-03  -3.1445366e-05
   1.4876080e-01  -7.9196432e-02  -1.2710739e+00   7.7900029e-04  -1.9570030e-03   4.2076867e-05
   1.6186096e-01  -5.4018428e-02  -1.2926907e+00   5.7548536e-04  -1.6206834e-03   8.5016059e-05
   1.6632075e-01  -5.8746024e-02  -1.3802662e+00  -6.1614631e-04  -1.5513992e-03  -2.2974036e-04
   1.4465224e-01  -3.1291027e-02  -1.3666710e+00   8.8175387e-04  -1.2961799e-03   9.5443584e-05
   1.4234734e-01  -4.5146271e-02  -1.4214243e+00   2.7631119e-04  -3.4591320e-04  -4.0354971e-04
   1.4754661e-01  -2.7096550e-02  -1.4441338e+00  -9.0407811e-04  -1.3356006e-03   2.0442496e-04
   1.5137888e-01  -6.9715723e-02  -1.4238216e+00   4.8679338e-04  -7.2753979e-04  -5.0743351e-05
   1.0780845e-01  -1.5421996e-02  -1.9051393e+00  -6.8600049e-03   1.1895945e-03  -5.8175883e-05
   9.9234439e-02  -5.4024176e-02  -1.5424666e+00   2.5183333e-03   1.9055448e-03   1.5855603e-04
   1.5153262e-01  -1.7365652e-02  -1.4072387e+00   1.4977587e-03  -5.3307441e-03  -7.8947551e-04
   1.4397229e-01  -3.8651346e-02  -1.6869410e+00  -2.6380388e-03  -2.0446111e-03  -7.6962888e-04
   1.4328034e-01  -7.4942756e-02  -1.4149294e+00  -1.2707800e-03  -1.8784971e-03  -8.6103078e-04
   1.5271184e-01  -1.7246905e-01  -1.3315632e+00   7.6188594e-03   7.9885929e-04  -1.1058161e-03
   1.4883804e-01  -7.4854963e-02  -1.9937105e+00  -2.8008178e-03   3.9802736e-03  -1.3189183e-03
   1.3321093e-01  -4.7269929e-02  -1.9691182e+00  -3.5230797e-03   2.5122730e-03  -9.7234891e-04
   1.3003953e-01  -1.5898827e-02  -1.9045153e+00  -4.4588725e-03   3.1723853e-03  -8.1126909e-04
   1.3559524e-01  -9.5565438e-02  -1.8578448e+00  -3.0948477e-03   3.7463549e-03  -1.1481911e-03
   1.4480082e-01  -4.4726015e-02  -1.8011883e+00  -2.8148577e-03   3.4255382e-03  -9.6219513e-04
   1.2900480e-01  -6.1777459e-02  -1.7268831e+00  -1.3163813e-03   3.4873048e-03  -1.1446398e-03
   1.3331653e-01  -5.9223792e-02  -1.7059167e+00  -1.5704275e-03   3.4517773e-03  -9.6378427e-04
   1.2951744e-01  -6.3282868e-02  -1.7108617e+00  -1.5389537e-03   3.5441075e-03  -1.1137110e-03
   1.8856879e-01  -9.7642272e-02  -1.5744197e+00   5.9658076e-04  -1.6957146e-03  -1.5884688e-03
   1.5958728e-01  -6.0779585e-02  -1.4994561e+00  -7.5790458e-04   4.8382153e-04  -1.3201659e-03
   1.6042123e-01  -7.6422268e-02  -1.4882494e+00  -1.0314571e-03   3.1052172e-04  -1.3696962e-03
   1.6246655e-01  -8.3313661e-02  -1.4681839e+00  -7.7249641e-04   4.9814452e-04  -1.5257820e-03
   1.7184596e-01  -6.0711320e-02  -1.4697507e+00  -1.2779255e-03   5.5231651e-04  -1.4331280e-03
   1.5688646e-01  -6.7777660e-02  -1.4572390e+00   1.8912078e-04   6.5540239e-04  -1.2060368e-03
   1.6596897e-01  -5.8077003e-02  -1.5250163e+00  -1.3295732e-03   2.9591229e-04  -1.3704841e-03
   1.6186408e-01  -1.1527861e-01  -1.5114342e+00  -6.2329344e-04   5.0246506e-04  -1.5716070e-03
   1.5934199e-01  -3.0311014e-02  -1.5489576e+00  -1.2098443e-03   1.0109461e-03  -1.0887337e-03
   1.5444924e-01  -1.0025603e-01  -1.5935688e+00   1.9781249e-03   2.1820327e-03  -1.5344230e-03
   1.4352724e-01  -2.8204037e-02  -1.6476805e+00  -7.9664527e-04   1.4490377e-03  -1.0070288e-03
   1.3897947e-01  -8.7626030e-02  -1.6302062e+00  -9.8487372e-04   9.4899916e-04  -8.9373652e-04
   1.7853277e-01  -7.2194794e-02  -1.5218728e+00  -2.5613114e-04  -2.0431450e-03  -1.0306996e-03
   1.7225550e-01  -6.0569057e-02  -1.5157906e+00  -7.4346414e-04  -2.4342963e-03  -9.9772525e-04
   1.7110137e-01  -1.2367614e-01  -1.4605414e+00   7.8494383e-04  -1.4221323e-03  -1.5535038e-03
   1.6814437e-01  -7.6192645e-02  -1.5246991e+00  -6.6270600e-04  -1.0644036e-03  -1.2304504e-03
   1.4371714e-01  -1.4981505e-01  -1.4648684e+00   3.7049805e-03   1.4030590e-03  -1.3896146e-03
   1.0766901e-01  -4.0493358e-02  -1.4864170e+00   2.8837449e-03   3.2368779e-03  -1.1058870e-04
   1.6412099e-01  -1.8681298e-01  -1.3977881e+00   5.6968860e-03  -2.3328431e-04  -1.1709324e-03
   1.4052237e-01  -1.1385299e-01  -1.7763224e+00   1.7603420e-03   3.1714567e-03  -8.5548118e-04
   1.3613858e-01  -8.7930481e-02  -1.6736940e+00   1.6158356e-03   3.0717511e-03  -8.2699942e-04
   1.6693343e-01  -1.4169384e-01  -1.5523560e+00   3.4795507e-03   1.7688195e-03  -1.4940173e-03
   1.2138163e-01  -7.9679417e-02  -1.6077329e+00   5.6085811e-04   2.7066577e-03  -9.9480801e-05
   6.4952311e-02  -4.2534774e-03  -1.1675534e+00  -3.3389884e-03   1.0480645e-02  -9.5786815e-04
   6.0931954e-02   9.8330401e-02  -1.2356853e+00  -3.3043130e-03   1.0833206e-02   4.8750509e-04
   3.4088079e-02   3.2203157e-02  -1.0041236e+00   1.9675118e-03   1.1616106e-02   9.3827801e-04
   6.8556346e-02  -2.2208570e-02  -1.0484399e+00   1.9660269e-03   1.0668242e-02   6.6633153e-04
   8.6641741e-02  -7.7486752e-02  -1.0274775e+00   2.2609907e-03   8.9981922e-03   2.3750955e-04
   8.9342918e-02  -1.0386076e-02  -1.0819221e+00   7.4033002e-04   7.3384732e-03   3.9580951e-04
   1.3388245e-01  -9.7614208e-02  -1.1988786e+00   5.2769353e-03   5.0394912e-03  -7.3898481e-04
   1.3002521e-01  -6.1719068e-02  -1.1330554e+00   2.9405707e-03   5.8339004e-03  -6.4097254e-04
   1.3576516e-01  -1.0308512e-01  -1.1682648e+00   4.3478439e-03   3.6809101e-03  -7.7591806e-04
   1.5541390e-01  -5.0018000e-02  -1.2162031e+00   1.4344140e-03   3.0931027e-03  -6.5329028e-04
   1.4429728e-01  -8.3503368e-02  -1.1788835e+00   2.4003861e-03   3.1930798e-03  -3.8598469e-04
   1.4022091e-01  -5.2331845e-02  -1.1817058e+00   2.3440394e-03   3.4978922e-03  -4.5728460e-04
   1.6276225e-01  -7.5491151e-02  -1.4175543e+00  -2.0982350e-03   1.9012166e-03  -1.0188530e-03
   2.2421160e-01  -7.2850007e-02  -1.2121221e+00  -1.6620033e-04  -4.0500455e-03  -1.8061874e-03
   2.0818523e-01  -9.3085041e-02  -1.0717947e+00   1.1784831e-03  -3.2821555e-03  -1.4786438e-03
   1.9851617e-01  -1.1995059e-01  -1.0440345e+00   1.9992952e-03  -2.9164994e-03  -1.4149712e-03
   1.8866229e-01  -6.4999129e-02  -1.0772395e+00   1.8575163e-03  -2.8960018e-03  -1.2686593e-03
   1.9115737e-01  -7.6928884e-02  -1.1212477e+00   1.3025380e-03  -2.6084479e-03  -1.2726227e-03
   1.9486281e-01  -9.4920819e-02  -1.1249336e+00   5.9497470e-03  -4.5106216e-04  -1.8529157e-03
   1.8881040e-01  -1.1232857e-01  -1.3483202e+00   2.9248684e-03   2.5866478e-04  -1.5663853e-03
   1.3013747e-01   2.0993221e-02  -1.4248064e+00   7.2602512e-04   3.0241913e-03   8.1793207e-05
   1.5191652e-01  -8.7654142e-02  -1.4493684e+00   1.6440475e-03   2.1570294e-03  -1.0303324e-03
   1.4785697e-01  -4.3972756e-02  -1.4521217e+00   5.6069544e-04   2.0804119e-03  -5.9125666e-04
   1.4854220e-01  -8.4642858e-02  -1.3502070e+00   5.5959853e-04   2.0822395e-03  -1.0654270e-03
   1.6893294e-01  -1.7127897e-02  -1.4005662e+00  -1.3596910e-03   1.9102341e-03  -1.2039706e-03
   1.4992500e-01  -7.2730334e-04  -1.5065552e+00  -2.5942554e-03   1.3676073e-03  -1.0778791e-03
   1.7643251e-01  -4.4220487e-02  -1.3734253e+00  -1.3236170e-03  -4.2351312e-04  -1.0834613e-03
   1.9112135e-01  -6.6645584e-02  -1.3331375e+00   5.4836038e-04  -7.9643553e-04  -2.0280043e-03
   2.0660970e-01  -5.8758346e-02  -1.6139255e+00  -6.0062859e-04  -1.0001784e-03  -1.5057273e-03
   1.9217383e-01  -3.8818400e-02  -1.5968132e+00  -3.6424052e-03  -3.2156977e-04  -1.5024890e-03
   1.5259609e-01  -4.9815377e-02  -1.6067630e+00  -1.6147474e-03   4.6041709e-04  -9.8189778e-04
   1.1025296e-01   4.4232072e-02  -1.6470197e+00  -3.7961386e-03   1.4920140e-03   1.6158458e-04
   1.6565996e-01  -5.5289135e-02  -1.5831111e+00   1.1377367e-03   7.1908052e-04  -3.6084348e-04
   1.5385597e-01  -2.8468567e-02  -1.5818656e+00   1.9288333e-05   8.1779318e-04  -7.6044130e-04
   1.5969614e-01  -4.9933458e-02  -1.5793944e+00  -1.1426154e-03   7.2586194e-04  -1.0906309e-03
   1.8379980e-01  -9.1585581e-02  -1.7342666e+00  -7.8568801e-05  -1.7115830e-03  -1.3820667e-03
   2.4540750e-01  -6.2017614e-02  -1.5546938e+00  -1.0559182e-03  -6.3335748e-03  -1.5556893e-03
   2.1368672e-01  -4.4608743e-02  -1.5047255e+00  -1.3597639e-03  -3.7753230e-03  -1.8502695e-03
   2.3607900e-01  -8.0950343e-02  -1.4788698e+00   3.5207762e-05  -3.4198351e-03  -2.0586739e-03
   2.3283028e-01  -5.8884912e-02  -1.5074108e+00  -4.6467777e-04  -3.5099414e-03  -1.8714819e-03
   2.2117793e-01  -6.6225103e-02  -1.5871966e+00  -1.2798173e-03  -3.2347769e-03  -1.8258343e-03
   1.9291053e-01  -6.5513028e-02  -1.5274271e+00  -1.5242361e-04  -1.8738252e-03  -8.9787216e-04
   2.0775510e-01  -2.6112930e-02  -1.5667488e+00  -1.2427073e-03  -2.1277727e-03  -1.4877675e-03
   2.2514872e-01  -8.2721314e-02  -1.5253712e+00   3.2672679e-04  -2.8978493e-03  -1.8169153e-03
   1.8515296e-01  -3.5717545e-02  -1.5615296e+00  -1.8135397e-03  -1.4825302e-03  -1.8521376e-03
   1.6774314e-01  -4.5518639e-02  -1.6135038e+00  -7.2943438e-04  -1.1042780e-03  -4.4932002e-04
   2.2700146e-01  -3.6896195e-02  -1.6481529e+00  -1.9481630e-03  -2.0042945e-03  -1.0468255e-03
   2.3074073e-01  -4.2364891e-02  -1.6304091e+00  -1.5815290e-03  -4.9082221e-03  -1.6396461e-03
   2.1797590e-01  -2.8585785e-02  -1.5920327e+00  -2.5810927e-03  -4.9771983e-03  -1.6288044e-03
   2.3611483e-01  -7.9005615e-02  -1.5593792e+00  -8.1534349e-04  -4.6283045e-03  -1.8836357e-03
   2.3605553e-01  -4.4780189e-02  -1.6506419e+00  -1.8209983e-03  -4.4923701e-03  -1.5231204e-03
   2.1785966e-01  -2.7692263e-02  -1.5903754e+00  -2.5161053e-03  -4.4577367e-03  -1.4349987e-03
   1.8676454e-01  -9.7182520e-02  -1.8551524e+00  -1.0840791e-03  -1.0609769e-04  -1.5965874e-03
   2.1507351e-01  -7.5000585e-02  -1.8580584e+00  -1.6234874e-03  -1.2724824e-03  -1.6290300e-03
   1.8486131e-01  -4.7065235e-02  -1.7950628e+00  -2.1457203e-03  -1.2245041e-03  -1.2554597e-03
   1.8889426e-01  -8.4403454e-02  -1.7826247e+00  -1.5486496e-03   1.3552626e-05  -1.2541053e-03
   1.9732238e-01  -4.1152437e-02  -1.8256611e+00  -2.6470661e-03   1.2413218e-05  -1.5860735e-03
   1.8438212e-01  -2.2440938e-02  -2.0005801e+00  -4.1811826e-03   3.4934008e-04  -1.3625068e-03
   1.8813105e-01  -2.1248560e-02  -1.9714607e+00  -4.2400784e-03  -3.1988966e-04  -1.6920121e-03
   2.6656004e-01  -1.0872654e-01  -1.8275221e+00  -1.9636490e-03  -8.2681420e-03  -2.2742159e-03
   2.6928489e-01  -1.2016110e-03  -2.0785801e+00  -7.6720572e-03  -9.6045014e-03  -1.9036340e-03
   2.5801248e-01  -7.5964963e-02  -1.9887408e+00  -5.2444202e-03  -9.4541721e-03  -2.5069226e-03
   2.5789830e-01  -4.5189538e-02  -2.0299837e+00  -5.8600833e-03  -8.4533358e-03  -2.1517948e-03
   2.4282095e-01  -2.8649520e-02  -2.0201662e+00  -7.0509368e-03  -6.8020816e-03  -1.9320759e-03
   2.4343203e-01  -6.8666804e-02  -1.9871795e+00  -4.5960230e-03  -6.9303103e-03  -1.9843620e-03
   2.2795773e-01  -5.0064984e-02  -1.9750700e+00  -5.5074353e-03  -6.0677157e-03  -1.7403996e-03
   2.0748765e-01  -9.0911636e-02  -1.9502022e+00  -4.7989549e-03  -4.3019228e-03  -8.0546108e-04
   2.1367666e-01  -1.4637239e-01  -1.7877126e+00   3.7465989e-04  -4.3500914e-03  -1.9664269e-03
   1.3866634e-01  -8.0523159e-02  -2.2329033e+00  -1.0186300e-02   4.2500856e-04   7.2369810e-04
   1.5810095e-01   2.2891600e-02  -2.3819533e+00  -4.8409214e-03  -1.3014021e-03  -4.2054485e-04
   1.6052450e-01  -3.5443843e-03  -2.5125987e+00  -1.1247697e-02  -6.4583128e-04  -9.4799601e-04
   1.7039462e-01  -2.8400857e-02  -2.3174734e+00  -9.4307544e-03  -1.2843210e-03  -6.2583444e-04
   1.6992920e-01  -1.2474485e-02  -2.1483842e+00  -8.8611358e-03  -1.8655114e-03  -7.8098406e-04
   1.8150707e-01  -2.5201273e-02  -2.0530682e+00  -7.7702782e-03  -2.5564274e-03  -7.5863558e-04
   1.6994722e-01  -2.6059454e-02  -2.0268184e+00  -6.8216639e-03  -1.8206802e-03  -9.7446522e-04
   1.6734981e-01  -1.3722736e-02  -2.0426971e+00  -5.2567268e-03  -4.8030240e-04  -1.2197739e-03
   1.4124778e-01   8.0963307e-03  -2.0995706e+00  -6.8395261e-03   1.9835549e-03  -7.1788718e-04
   1.6213460e-01  -5.5989750e-02  -1.9644022e+00  -4.1104164e-03   1.6533738e-03  -1.3157844e-03
   1.3761573e-01   1.2181161e-02  -1.9370192e+00  -5.0437171e-03   2.7600816e-03  -6.1789439e-04
   1.4317279e-01  -4.2270033e-02  -1.8964738e+00  -5.0613648e-03   3.0281568e-03  -1.1383520e-03
   1.3468396e-01  -1.2244990e-02  -1.8725011e+00  -4.5988284e-03   2.6894001e-03  -1.0355971e-03
   1.6952002e-01  -1.8993773e-02  -1.7503667e+00  -3.9060046e-03   7.0241913e-04  -1.1463945e-03
   1.8181422e-01  -7.8270221e-02  -1.6334501e+00  -1.7984013e-03  -1.2123982e-03  -1.4070546e-03
   1.7839060e-01  -7.8196967e-02  -1.6234806e+00   1.7017475e-03   2.1109889e-04  -2.0016512e-03
   1.7053712e-01  -1.0546713e-01  -1.5426726e+00   8.3203161e-04  -5.4683768e-04  -1.7222808e-03
   1.7295545e-01  -3.8394889e-02  -1.6256014e+00  -2.4888912e-03  -1.6238085e-04  -1.7131486e-03
   1.7338350e-01  -6.5983807e-02  -1.6625603e+00  -2.5700092e-03  -3.3033165e-04  -1.7679891e-03
   1.5349240e-01  -1.8625859e-02  -1.6661266e+00  -2.4404060e-03   1.0818917e-03  -1.3893070e-03
   1.5365978e-01  -6.4856878e-02  -1.6348021e+00  -1.2066804e-03   1.1826695e-03  -1.1659823e-03
   1.5174958e-01  -1.2495336e-01  -1.7448001e+00   9.2509850e-04   2.4742017e-03  -1.6463676e-03
   1.2304172e-01  -3.5609396e-02  -1.7310470e+00  -2.1994784e-03   2.0482919e-03  -9.1093858e-04
   1.4675904e-01  -1.0958946e-01  -1.6465891e+00  -2.2111165e-04   1.6842243e-03  -1.3276321e-03
   1.5117705e-01  -4.8938624e-02  -1.6416936e+00  -1.1877959e-04   1.4942481e-03  -1.1430697e-03
   1.4168599e-01  -2.1048392e-02  -1.6672463e+00  -1.0730288e-03   1.4026999e-03  -1.0792591e-03
   1.5758054e-01   9.9857646e-03  -1.7005303e+00  -5.9092613e-03  -2.8872559e-03  -8.2416413e-04
   2.1205241e-01  -2.8396243e-02  -1.3276064e+00  -4.2447133e-04  -5.8347875e-03  -1.2320467e-03
   1.9650204e-01  -4.6713297e-02  -1.3256729e+00  -1.3210708e-04  -4.9532852e-03  -9.0529339e-04
   2.0160295e-01  -1.1852978e-01  -1.5989733e+00  -2.1588081e-04  -5.6039693e-03  -1.1641838e-03
   1.8400027e-01  -4.2489418e-02  -1.5471383e+00  -1.2857255e-03  -3.3616533e-03  -9.9288335e-04
   1.7216765e-01  -7.7460185e-02  -1.4329756e+00   5.9433828e-04  -3.5423615e-03  -5.6630026e-04
   1.7757710e-01  -4.7248848e-02  -1.4477595e+00  -1.7810987e-03  -3.9151145e-03  -7.5541217e-04
   1.8248349e-01  -6.6744461e-02  -1.4443971e+00   1.5358420e-04  -3.0991768e-03  -8.6318523e-04
   1.7840642e-01  -3.0716890e-02  -1.4588456e+00  -7.4658131e-04  -2.5621849e-03  -6.6917236e-04
   1.7600108e-01  -3.7184025e-02  -1.4466396e+00   2.1668269e-05  -2.6889483e-03  -8.4455300e-04
   1.6542232e-01  -7.1966438e-02  -1.5200155e+00  -3.5318989e-04  -1.9594914e-03  -8.0935043e-04
   2.0974612e-01  -3.7990436e-02  -1.4083444e+00   7.6942752e-04  -7.1969713e-03  -5.4974703e-04
   2.3757308e-01  -3.5762239e-02  -1.3520903e+00  -3.5064575e-03  -1.3458085e-02  -8.6496600e-04
   2.1183664e-01  -2.5770667e-02  -1.1965187e+00  -2.7899390e-04  -1.1000820e-02  -4.7078681e-04
   2.2520912e-01  -8.3291227e-02  -1.2038905e+00   1.2701275e-04  -9.7269341e-03  -6.8527025e-04
   2.0741354e-01  -4.1842974e-02  -1.2720042e+00  -2.9527280e-04  -9.0408445e-03  -5.9860522e-04
   2.1692366e-01  -1.0586414e-01  -1.6467320e+00   5.9221509e-04  -9.6987383e-03  -5.2595122e-04
   1.9511703e-01  -7.2271442e-03  -1.6455113e+00  -2.7618532e-03  -7.7228661e-03  -4.6545471e-04
   2.2602487e-01  -1.0434439e-01  -2.0122100e+00  -4.8753995e-03  -7.9598821e-03  -1.4109421e-03
   2.2084702e-01  -6.1007512e-02  -1.9342541e+00  -2.4142526e-03  -8.0456014e-03  -1.5114329e-03
   2.1390053e-01  -6.8940410e-02  -1.8372146e+00  -2.7735667e-03  -9.4525407e-03  -1.1342155e-03
   2.2958383e-01  -7.1138663e-02  -1.8461822e+00  -2.1529118e-03  -8.9850342e-03  -1.7150146e-03
   2.1458651e-01  -5.9291358e-02  -1.7496527e+00  -5.9169383e-03  -9.2803734e-03  -1.2189922e-03
   2.2973721e-01  -6.3163841e-02  -1.5650641e+00  -3.7481158e-04  -9.7800237e-03  -1.0897654e-03
   2.3890657e-01  -1.4862095e-01  -1.4854386e+00   2.3717100e-04  -9.6253068e-03  -1.2973941e-03
   2.3558920e-01  -5.5970497e-02  -1.6070871e+00   3.1859614e-05  -7.9003701e-03  -1.2861085e-03
   2.1830698e-01  -3.3831008e-02  -1.6812448e+00  -1.2222231e-03  -7.6428782e-03  -8.4613409e-04
   1.8914771e-01  -1.3244006e-01  -1.7411818e+00   1.9119871e-04  -5.4929592e-03  -9.7070059e-04
   1.5406146e-01  -3.9603377e-02  -1.6722948e+00  -8.9994785e-04  -5.2107637e-03  -8.1841665e-05
   1.6272584e-01  -5.2753531e-02  -1.6440000e+00  -8.3566992e-04  -5.7108952e-03  -2.0456064e-04
   1.8350477e-01  -7.2765451e-02  -1.6266929e+00   4.9324959e-04  -5.5538898e-03  -8.9482077e-04
   1.9093353e-01  -6.8154452e-02  -1.7588574e+00  -1.1522315e-03  -5.7551749e-03  -5.4091124e-04
   1.9221986e-01  -6.1440392e-02  -1.7506157e+00  -1.3677275e-03  -6.2801350e-03  -4.3153814e-04
   1.7612314e-01  -2.5462077e-02  -1.8003363e+00  -2.1978786e-03  -6.3151728e-03  -2.7090705e-04
   2.1370355e-01  -9.4259665e-02  -1.6812004e+00  -2.4354983e-04  -8.2585591e-03  -9.6629830e-04
   2.1544268e-01  -1.2091373e-02  -1.6648099e+00  -1.2582305e-03  -8.6019700e-03  -6.2300951e-04
   2.3210563e-01  -1.4127872e-01  -1.5855065e+00   6.5841790e-05  -9.6284442e-03  -1.0066952e-03
   2.5924250e-01  -6.9228461e-02  -1.7445119e+00  -2.1067736e-03  -1.2124039e-02  -1.4501896e-03
   2.4151072e-01  -3.9737241e-02  -1.6630788e+00  -2.3908116e-03  -1.1184001e-02  -9.2555897e-04
   2.1832007e-01  -1.2707699e-01  -1.5465528e+00  -1.3266390e-04  -1.0937767e-02  -1.0593525e-03
   2.1170254e-01  -3.3770065e-02  -1.7806626e+00  -3.0574683e-03  -8.1711548e-03  -9.1642882e-04
   2.0232243e-01  -6.6000434e-02  -1.7606922e+00  -3.1069250e-03  -7.9066930e-03  -7.5289900e-04
   2.1614236e-01  -7.4145156e-02  -1.6903483e+00  -8.1703444e-05  -8.9369715e-03  -1.1506410e-03
   1.9719332e-01  -1.2023895e-02  -1.7661004e+00  -2.7363979e-03  -8.2264856e-03  -6.8064498e-04
   1.8487576e-01  -4.5872430e-02  -1.7252766e+00  -2.5650549e-03  -7.4893926e-03  -5.7544480e-04
   1.9712469e-01  -5.5180238e-02  -1.7479898e+00  -1.7102518e-03  -8.3789938e-03  -1.1250372e-03
   2.6569001e-01  -9.3199655e-02  -1.6315751e+00  -7.9063173e-04  -1.2833182e-02  -1.8109934e-03
   2.3971596e-01  -6.9808922e-02  -1.5319532e+00  -8.1704083e-05  -1.1518955e-02  -1.5426356e-03
   2.3248160e-01  -1.0963925e-01  -1.5619566e+00  -6.2039154e-04  -1.0974538e-02  -1.2858659e-03
   2.1425551e-01  -6.2524501e-02  -1.6230940e+00  -7.4960334e-04  -9.8061530e-03  -6.9012123e-04
   2.3037448e-01  -1.0155053e-01  -1.6851594e+00  -1.3436789e-03  -1.0004376e-02  -1.0480550e-03
   1.9154733e-01  -5.1070058e-02  -1.7891305e+00  -2.0699190e-03  -6.3694319e-03  -7.6127600e-04
   1.7980761e-01  -2.8788320e-02  -1.8225735e+00  -2.7887835e-03  -3.6648035e-03  -7.5775890e-04
   1.3065070e-01   1.8109118e-02  -1.7511378e+00  -2.1418640e-03  -2.4634948e-03  -1.4899296e-04
   1.6673909e-01  -7.8831294e-02  -1.9472654e+00  -7.1303135e-04  -1.4684421e-03  -5.7682062e-04
   1.6454941e-01  -3.8812028e-02  -1.8914973e+00  -2.1460571e-03  -2.1201043e-03  -8.5972565e-04
   1.6605623e-01  -5.9307014e-02  -1.8483531e+00  -1.6445683e-03  -2.7256553e-03  -8.2476922e-04
   1.6229027e-01  -4.0063195e-02  -1.8476696e+00  -1.7778603e-03  -2.8413615e-03  -7.8159976e-04
   2.6118842e-01  -5.2095784e-02  -1.6911123e+00  -1.9938499e-03  -8.7199836e-03  -2.2518454e-03
   1.9309285e-01   1.7415415e-02  -1.7795050e+00  -2.3309995e-03  -7.3002053e-03  -5.9927657e-04
   1.3909961e-01  -3.5609534e-02  -1.9080243e+00  -1.0024911e-03  -2.7401691e-03  -9.6124036e-05
   1.4809868e-01  -5.5775606e-02  -1.8662082e+00  -1.3675021e-03  -3.1230943e-03  -5.0283941e-04
   1.4605400e-01  -9.0895224e-02  -1.7958956e+00  -1.1633052e-03  -9.1970331e-04  -1.3715520e-03
   1.2795155e-01  -7.0647654e-02  -1.9649581e+00  -9.1095159e-05   1.1106551e-03  -5.3035109e-04
   7.8843797e-02   4.1918353e-02  -1.8313970e+00  -4.8374611e-03   2.0993468e-03   2.8394143e-06
   1.4050159e-01  -7.0871388e-02  -1.6104205e+00   1.3476098e-03  -1.6807605e-03  -7.5032841e-04
   1.5148892e-01  -9.3485787e-02  -1.6582482e+00   4.3835535e-04  -2.9084806e-03  -9.0985269e-04
   1.4874255e-01  -1.1110015e-01  -1.7587649e+00   2.6581938e-03  -2.9830294e-03  -1.0235295e-03
   1.9117427e-01  -1.0499416e-01  -1.6367036e+00   2.6211068e-03  -2.1540065e-03  -1.3062665e-03
   1.5943654e-01  -6.6194782e-02  -1.6694942e+00   2.3964423e-03  -1.9157614e-03  -9.6807875e-04
   1.9254606e-01  -6.8553658e-02  -1.4953661e+00  -1.3866777e-03  -5.2004074e-03  -1.4045988e-03
   1.7593054e-01  -6.9557326e-02  -1.3668022e+00   2.6254112e-03  -6.2279420e-03  -1.0885513e-03
   1.7836618e-01  -1.4307604e-01  -1.2949316e+00   3.2787902e-03  -4.5410679e-03  -1.3950106e-03
   1.7165004e-01  -7.9623172e-02  -1.3867129e+00   2.3870289e-03  -4.5329989e-03  -8.0887237e-04
   1.7064602e-01  -1.1905929e-01  -1.4232417e+00   2.6464355e-03  -4.4136898e-03  -7.5776855e-04
   1.5757502e-01  -6.4686267e-02  -1.4671072e+00   2.8087503e-03  -3.8674557e-03  -1.0620263e-03
   1.6492682e-01  -1.0275599e-01  -1.6684062e+00   1.7887217e-03  -3.3478006e-03  -8.7395055e-04
   1.5327797e-01  -5.2119530e-02  -1.6007556e+00   1.4467537e-03  -3.1698217e-03  -5.4888536e-04
   1.6070984e-01  -1.3449877e-01  -1.9821087e+00   1.3088860e-03  -3.1891063e-03  -1.6464705e-04
   1.4526839e-01  -2.9525795e-02  -1.8930036e+00  -4.0683495e-04  -3.1586530e-03  -2.2282593e-04
   1.3526200e-01  -3.9914033e-02  -1.8630760e+00  -8.8870946e-04  -3.1450655e-03  -3.1934700e-04
   1.4712877e-01  -1.0604020e-01  -1.8289309e+00   3.7881502e-04  -2.6322875e-03  -5.7181723e-04
   1.4821376e-01  -5.5594069e-02  -1.8726450e+00   4.7640774e-04  -2.3038919e-03  -7.0957446e-04
   1.4003748e-01  -5.4187415e-02  -1.8815169e+00  -3.0407945e-04  -1.5174525e-03  -5.0314045e-04
   1.3708960e-01  -2.0189482e-02  -1.9542833e+00  -1.6611904e-03  -3.9728240e-03  -9.4998177e-04
   1.3566916e-01  -2.3108886e-02  -2.1171051e+00  -3.5256120e-03   6.1417925e-03   7.8689983e-05
   1.3548742e-01   1.5837058e-02  -2.1140742e+00  -8.0968961e-03   5.6938595e-03   6.3156777e-04
   9.8097881e-02  -4.0851044e-02  -2.5883760e+00  -1.4969087e-02  -2.7749152e-03   1.5284162e-03
   1.3173846e-01  -8.2488478e-02  -2.6878449e+00  -1.4762217e-02  -8.9641667e-04   9.3678328e-04
   1.2092347e-01   2.1564751e-02  -2.8952422e+00  -1.1769144e-02   4.9551689e-03   4.0788641e-04
   1.3963408e-01   5.2103936e-02  -2.9620218e+00  -1.2969677e-02   2.0744284e-03   2.6640423e-04
   1.2911694e-01   7.7968800e-03  -2.8674375e+00  -1.2049271e-02   2.5167871e-03  -3.5889886e-05
   1.2773287e-01   4.3859024e-04  -2.7671548e+00  -1.0597108e-02   2.3522168e-03  -2.0055683e-04
   1.4319145e-01   8.2384178e-04  -2.7594159e+00  -1.0445504e-02   1.8535005e-03  -2.2211028e-04
   1.2512003e-01   1.2120719e-02  -2.7407344e+00  -1.1094417e-02   1.3523595e-03  -3.2087773e-05
   1.4519897e-01  -2.5896096e-02  -2.6463114e+00  -9.9952896e-03   8.1551085e-04  -7.4524800e-04
   1.4135656e-01   3.0135232e-05  -2.5783321e+00  -9.8213788e-03   1.0657035e-03  -7.6729164e-04
   1.4375244e-01  -1.1694716e-02  -2.5390486e+00  -8.5654651e-03   8.8621969e-04  -6.2550659e-04
   1.5165611e-01  -3.7364879e-02  -2.6348495e+00  -1.3975167e-02  -3.4557899e-03  -1.0055632e-03
   1.7065553e-01   3.6281122e-02  -2.3007351e+00  -1.8221555e-02  -3.8379513e-03  -1.8112760e-03
   9.2676381e-02  -9.6145410e-03  -2.2005684e+00  -1.5350514e-02   4.7814352e-05   8.1371698e-04
   8.7800847e-02   5.3033998e-03  -1.9587697e+00  -6.2175013e-03   7.6794312e-03   4.7113867e-04
   1.1107359e-01   5.8142701e-02  -1.9902161e+00  -8.2412950e-03   6.6676985e-03  -1.5209341e-04
   1.1561853e-01   2.4948750e-03  -1.8790872e+00  -7.0128028e-03   6.4648641e-03  -7.4133162e-04
   1.1118370e-01  -1.0643926e-02  -2.0328098e+00  -7.0044944e-03   7.2658297e-03  -2.1171696e-04
   1.1383177e-01  -1.1291085e-02  -1.8831216e+00  -5.3178137e-03   6.5103875e-03  -4.7035307e-04
   1.1718464e-01  -5.6280551e-02  -1.8422968e+00  -4.7586037e-03   6.6808058e-03  -6.1199448e-04
   1.4549382e-01  -8.1304664e-02  -2.2898588e+00  -7.5866039e-03   4.4597847e-03  -6.6928140e-04
   1.3953842e-01  -2.7327110e-03  -2.1758166e+00  -6.9122923e-03   2.3309281e-03   2.0575923e-04
   1.3331899e-01  -5.5777375e-02  -2.1335368e+00  -5.9577997e-03   4.2287767e-03  -9.6602977e-04
   1.3410377e-01  -4.9698936e-02  -2.1029686e+00  -5.0961384e-03   4.4273596e-03  -7.9224700e-04
   1.0883586e-01  -5.9999292e-02  -1.4558992e+00  -5.6717100e-03   7.7389488e-03  -7.5529069e-04
   2.0569360e-01  -3.5558783e-02  -1.0939541e+00   1.9556348e-03  -6.9171268e-04  -1.4010810e-03
   2.1336354e-01  -6.6845314e-02  -1.0170220e+00   2.5046241e-03  -1.6837647e-03  -1.5432942e-03
   2.1362927e-01  -9.3980286e-02  -1.0046215e+00   3.3308967e-03  -1.2714484e-03  -1.5021441e-03
   2.2744738e-01  -1.1505424e-01  -1.3498581e+00  -5.6695865e-04   1.0186784e-03  -1.8382554e-03
   2.2028441e-01  -7.1378082e-02  -1.2667261e+00  -2.9687667e-04   4.9461142e-04  -1.4674475e-03
   2.1323711e-01  -8.7298962e-02  -1.2599247e+00   1.6837270e-03   4.1072243e-04  -1.4272916e-03
   2.0313558e-01  -4.1849738e-02  -1.2750780e+00   9.6364997e-04  -1.1438098e-04  -1.2259775e-03
   1.9947266e-01  -7.5075907e-02  -1.2301542e+00   1.2120118e-03   1.3117487e-05  -1.3193309e-03
   1.9920319e-01  -4.5750990e-02  -1.2757353e+00   6.1119356e-04   7.3631726e-04  -1.3353092e-03
   1.9993160e-01  -4.5327210e-02  -1.2560470e+00  -4.0472413e-05   7.0277547e-04  -1.4052795e-03
   2.0683129e-01  -7.0660735e-02  -1.3074213e+00   1.0287607e-03   2.4336092e-04  -1.2800102e-03
   1.9322686e-01  -7.8096114e-02  -1.2977057e+00   7.1531506e-04   4.1758867e-04  -1.2633589e-03
   1.9943560e-01  -6.6870622e-02  -1.2446749e+00   2.3221250e-03  -7.1947121e-04  -1.6360566e-03
   1.2025435e-01  -8.3139508e-02  -7.6677131e-01   6.4643018e-03   5.3490653e-03  -1.4889147e-04
   1.3501297e-01  -2.2363433e-02  -8.1062020e-01   5.2822140e-03   2.2953428e-03  -3.5629658e-04
   1.4788742e-01  -6.1054441e-02  -8.2692336e-01   5.5167257e-03   3.0404509e-03  -7.2281188e-04
   1.4752676e-01  -7.2027928e-04  -9.8433637e-01   5.7862615e-03   1.8694269e-03  -7.2251920e-04
   2.1403134e-01  -1.1746266e-01  -1.7401175e+00  -2.5897173e-03  -7.2617993e-03  -2.2665989e-03
   1.8746199e-01  -6.1296462e-02  -1.7213020e+00  -1.4536690e-03  -6.2023262e-03  -1.6347357e-03
   1.6794798e-01  -1.0244450e-01  -1.5020951e+00   6.5842202e-04  -3.1915774e-03  -9.2128191e-04
   1.0687596e-01  -1.3764831e-01  -1.3081600e+00   1.1451928e-02  -5.7354452e-04  -8.5146408e-04
   7.2093249e-02  -7.5457492e-02  -1.6640940e+00   4.3622423e-03   2.6920956e-03   8.7368809e-04
   9.6511762e-02  -2.6410999e-01  -1.6360635e+00   6.4301287e-03   6.1985440e-03   3.0033241e-04
   1.1223992e-01  -2.8248818e-01  -1.3826217e+00   1.0919547e-02   5.4232817e-03   6.5925052e-04
   1.2658798e-01  -2.9745527e-01  -1.4131613e+00   1.0608527e-02   4.1056554e-03   5.2880842e-04
   9.3836873e-02  -2.7914711e-01  -1.4844243e+00   1.0686949e-02   2.7942959e-03   1.6481732e-03
   1.4978010e-01  -2.2500449e-01  -1.9122966e+00   5.6197556e-03   3.5383676e-03  -3.1579757e-04
   1.0139898e-01  -2.7750292e-01  -1.5989837e+00   1.1215284e-02   3.9242399e-03   7.5914612e-04
   1.1200813e-01  -2.7164556e-01  -1.5512387e+00   1.1637136e-02   1.8334120e-03   1.0263529e-03
   2.2035258e-01  -2.3327793e-01  -2.3304405e+00   1.3015811e-03   1.9294361e-04  -1.4844990e-03
   2.1599359e-01  -2.6453167e-01  -2.1664107e+00   5.0633623e-03  -1.7123930e-03  -9.9914856e-04
   1.7516987e-01  -3.2249299e-01  -1.7110760e+00   1.1019490e-02  -1.0123013e-03  -2.3934632e-04
   1.8714510e-01  -2.8218185e-01  -1.7188589e+00   9.4698062e-03  -9.3593876e-04  -5.8237514e-04
   1.7488746e-01  -3.1185576e-01  -1.6827190e+00   9.8177978e-03  -3.0302278e-04   1.6436509e-04
   1.7941095e-01  -3.1538560e-01  -1.5923977e+00   1.1174816e-02  -1.1772835e-04  -5.7364499e-04
   1.3120309e-01  -2.8908019e-01  -1.5293254e+00   9.1428229e-03  -1.0469018e-03   6.0203179e-04
   1.8487276e-01  -3.1838143e-01  -1.8326740e+00   9.4642084e-03  -8.8460663e-04  -1.8195811e-04
   1.8814130e-01  -1.9728063e-01  -1.5155287e+00   7.1343797e-03  -2.0596566e-03   6.8238919e-04
   1.8848756e-01  -1.9936150e-01  -1.9792808e+00   7.7308341e-03  -2.1854767e-03  -9.9783501e-04
   1.6203625e-01  -2.0703497e-01  -2.1189952e+00   2.9682267e-03   1.5210896e-04   4.1106749e-04
   1.7533073e-01  -2.0219932e-01  -1.7524786e+00   7.4470863e-03   2.0125193e-03  -1.7626018e-03
   2.0102128e-01  -2.2819949e-01  -1.9892258e+00   9.0622530e-04   8.5377941e-04  -1.9189902e-03
   1.7427246e-01  -2.3927911e-01  -1.8078133e+00  -7.2247422e-03   9.5696994e-04  -1.8485261e-03
   2.0885049e-01  -1.4621053e-01  -1.4813082e+00   4.0313956e-03  -7.5576946e-04  -1.8233267e-03
   1.8250383e-01  -1.4817188e-01  -1.3796751e+00   4.3555899e-03   9.4721259e-04  -1.4709256e-03
   1.2477105e-01  -1.6394599e-01  -1.1967678e+00   4.1737747e-03   2.6000687e-03  -7.8049138e-04
   1.5449948e-01  -1.5039649e-01  -4.7719555e-01   1.2921726e-03   5.8435964e-03  -9.0724613e-04
   6.1411384e-02  -1.4781585e-01   4.6211230e-01   1.7763991e-02   4.2984975e-03   1.1730824e-03
   1.2281116e-02  -8.8990772e-02   5.0334117e-01   1.9349793e-02   6.2926585e-03   1.5758836e-03
   2.3490512e-05  -7.2666045e-02   4.4573892e-01   1.8842332e-02   9.5323289e-03   1.2096423e-03
  -7.7344160e-03  -1.2834578e-01   5.6885686e-01   1.8665274e-02   1.1027805e-02   6.5952370e-04
  -1.3462525e-02  -1.1178615e-01   7.3577370e-01   2.1862515e-02   1.3916902e-02   1.2981736e-03
  -3.8411256e-02  -4.4922813e-02   7.0517445e-01   2.1933009e-02   1.4931251e-02   6.5958708e-04
  -3.3926764e-02  -7.4420229e-02   7.2749695e-01   1.9269314e-02   1.7938371e-02   8.9662774e-04
   4.0626474e-03  -8.1440916e-02   9.2038499e-01   2.2490047e-02   1.3555912e-02   4.3219488e-04
   2.5943571e-02  -9.3123147e-02   9.1823254e-01   2.3256138e-02   1.1400082e-02  -3.2433617e-05
   7.0164074e-02  -1.6553547e-01   9.0388113e-01   2.3168381e-02   6.2280976e-03  -8.7662568e-04
   8.4240617e-02  -1.1186507e-01   9.8716761e-01   2.4918722e-02   2.7238495e-03  -6.8159198e-04
   8.1663920e-02  -1.7874490e-01   8.5044185e-01   2.8714073e-02   1.1201718e-03  -6.9776316e-04
   1.8720442e-01  -1.1206406e-01   1.9640350e-01   1.4429008e-02  -5.6427803e-03  -2.2095106e-03
   9.6102135e-02  -1.7076424e-01  -2.4894780e-01   1.1551514e-02   7.5710797e-04  -1.5445226e-03
   9.3643320e-02  -8.6944239e-02  -2.5198320e-01   1.5330772e-02   7.4102509e-04  -8.1069673e-04
   1.1602916e-01  -1.1651859e-01  -2.9834863e-01   1.4644631e-02  -4.0528435e-04  -1.0335183e-03
   1.5259444e-01  -1.0268206e-01  -1.1136214e-01   1.2067250e-02  -3.1824383e-03  -2.1407431e-03
   1.9762907e-01  -7.6171225e-02  -1.8097467e-01   1.3754044e-02  -4.0733848e-03  -1.9756709e-03
   2.0764618e-01  -1.2441740e-01  -2.9121298e-01   1.2385672e-02  -4.1422776e-03  -2.4028966e-03
   2.0664725e-01  -1.0484417e-01  -3.4523689e-01   1.3246633e-02  -5.2426841e-03  -1.9416381e-03
   1.9483727e-01  -6.8733457e-02  -3.7643956e-01   1.2416701e-02  -5.2427784e-03  -1.8093598e-03
   1.9596265e-01  -1.0782474e-01  -3.4586411e-01   1.2797754e-02  -4.0969161e-03  -1.8450639e-03
   2.0384243e-01  -7.3478173e-02  -1.3188021e-01   1.2790531e-02  -5.6811264e-03  -2.1005106e-03
   1.9506962e-01  -7.8450824e-02  -8.5750096e-02   1.5846712e-02  -6.0726655e-03  -1.5133581e-03
   2.0310882e-01  -9.7556493e-02  -2.2151678e-01   1.3985928e-02  -6.1728105e-03  -1.9009638e-03
   2.1718546e-01  -1.1798850e-01  -2.5069817e-01   1.3941121e-02  -5.7821497e-03  -2.1378090e-03
   2.1943809e-01  -1.3469047e-01  -2.3908688e-01   1.3651260e-02  -6.1106895e-03  -2.0636470e-03
   2.3679261e-01  -1.5873114e-01  -3.2684931e-01   1.4313812e-02  -8.0729694e-03  -2.0253212e-03
   2.2136744e-01  -9.1432602e-02  -3.1677229e-01   1.2536075e-02  -8.3294959e-03  -1.9771685e-03
   2.1743744e-01  -1.2758011e-01  -2.3488201e-01   1.4491450e-02  -7.8361655e-03  -2.0095895e-03
   2.1320023e-01  -1.0443900e-01  -3.3736858e-01   1.2254115e-02  -7.4355733e-03  -1.8258174e-03
   2.0392931e-01  -1.2918235e-01  -3.8626530e-01   1.2262549e-02  -7.4551844e-03  -1.7240624e-03
   1.9331754e-01  -1.1176715e-01  -4.2538887e-01   1.1994867e-02  -5.7949149e-03  -1.5943289e-03
   2.3982641e-01  -2.0018932e-01  -6.0707592e-01   1.0796096e-02  -5.6717352e-03  -2.3958267e-03
   1.8852816e-01  -8.0033150e-02  -4.2644282e-01   1.4894686e-02  -2.8273599e-03  -1.3907489e-03
   1.7144593e-01  -8.5143935e-02  -3.7137517e-01   1.2222182e-02  -4.2072814e-03  -9.0135069e-04
   2.0484401e-01  -9.6276521e-02  -1.0978780e+00   5.1325964e-03  -5.9218287e-03  -2.0983838e-03
   1.5177920e-01  -1.0397161e-02  -1.0597638e+00   2.9205973e-03  -2.6852334e-03  -2.1118037e-03
   1.1871537e-01  -5.4790302e-02  -7.1560373e-01   1.1317943e-02  -6.3946448e-04   2.9334779e-04
   1.1747403e-01  -7.6157627e-02  -8.1244738e-01   6.5519931e-03   8.2600259e-04  -9.3700207e-05
   1.8212631e-01  -5.1575802e-02  -1.1755213e+00   5.4429550e-03   2.3174253e-03  -1.4702236e-03
   1.7427192e-01  -1.3278204e-02  -1.1072218e+00   5.5925277e-03   2.2352254e-03  -1.4363168e-03
   1.6274996e-01  -9.3289437e-02  -1.0289931e+00   6.9725788e-03   8.3315701e-04  -1.6384314e-03
   1.8265018e-01  -8.2086690e-02  -1.0474083e+00   6.1850974e-03  -9.1181965e-05  -2.0352953e-03
   1.6910082e-01  -8.2997646e-02  -1.0915763e+00   7.1272988e-03   7.4345384e-04  -1.5967592e-03
   1.1092789e-01   1.1896600e-02  -9.5049364e-01   7.6921290e-03   2.4197455e-03  -3.4716687e-04
   1.6798720e-01  -4.9868094e-02  -9.2499272e-01   7.3514269e-03   1.3032826e-03  -1.6261378e-03
   2.2533359e-01  -1.2957793e-01  -8.4734217e-01   9.0556208e-03  -2.6918671e-03  -2.2032401e-03
   1.7862826e-01  -6.1975477e-02  -7.9275020e-01   1.0410644e-02   4.9641255e-04  -2.0555486e-03
   1.6187105e-01  -7.2232432e-02  -8.0821270e-01   9.6087350e-03   9.2345293e-04  -1.6520378e-03
   1.7763986e-01  -5.9289638e-02  -8.8139141e-01   9.2279067e-03   5.6599176e-04  -1.6835518e-03
   1.7776443e-01  -3.5584908e-02  -8.5880346e-01   8.4136107e-03   1.3782636e-03  -1.8107855e-03
   1.7064303e-01  -1.0529477e-01  -8.2704773e-01   1.0825346e-02   2.7544703e-03  -1.7653884e-03
   1.6624323e-01  -2.3842149e-02  -8.7793886e-01   8.8904667e-03   2.3862784e-03  -1.5169658e-03
   1.6805774e-01  -8.3400172e-02  -8.8613612e-01   8.5304730e-03   2.3986849e-03  -1.8879423e-03
   1.6868249e-01  -2.7378939e-02  -8.7340377e-01   8.8852433e-03   2.0765879e-03  -1.6546091e-03
   1.4948641e-01  -5.1631075e-03  -8.9711654e-01   6.3786012e-03   4.0537658e-03  -2.4386598e-03
   1.6344598e-01  -4.4806530e-02  -8.9163958e-01   8.5454740e-03   1.8465545e-03  -1.2911380e-03
   1.6109637e-01  -8.0217462e-02  -9.8246142e-01   9.7637134e-03  -1.5196768e-03  -1.4042557e-03
   1.5028898e-01   4.1523656e-02  -9.3541504e-01   7.5356344e-03   2.1005091e-03  -2.3237596e-03
   8.8676918e-02  -9.0884303e-02  -7.5290181e-01   1.1776372e-02   7.0779771e-03  -6.4691480e-05
   9.3952956e-02  -6.0428962e-02  -1.0642259e+00   4.9105458e-03   5.5676150e-03  -3.7808036e-04
   7.1363802e-02   1.0959840e-01  -1.7797872e+00  -2.9835384e-03   6.4050978e-03  -4.9137185e-04
   5.0166100e-02  -3.7425834e-02  -1.3915100e+00   4.5332080e-03   1.4108903e-02  -1.0390867e-03
   8.9109279e-02  -4.8386993e-02  -1.5678311e+00   2.3197704e-03   1.1809246e-02  -9.4921400e-04
   9.0519783e-02  -1.2414049e-02  -1.6103759e+00   8.4043233e-04   9.6837987e-03  -1.4237813e-03
   1.4043915e-01  -8.4063256e-02  -1.6970955e+00   1.9068757e-03   4.7192362e-03  -1.1883449e-03
   1.2328082e-01  -2.7708627e-02  -1.6530002e+00   6.8715135e-04   5.6001833e-03  -1.2606677e-03
   9.1366806e-02   1.1777288e-03  -1.5041658e+00  -4.2595038e-04   7.5413686e-03  -1.4202891e-03
   1.1493624e-01  -1.4169552e-02  -1.6009425e+00   1.4994334e-03   5.5694488e-03  -1.8889622e-04
   1.1422972e-01  -2.7252927e-02  -1.6297568e+00   1.0420075e-03   5.8366938e-03  -7.9453735e-04
   1.4534883e-01  -6.9292755e-02  -1.6800558e+00   2.5150981e-03   3.0603408e-03  -1.1311836e-03
   8.6186840e-02   8.5976765e-02  -1.7375305e+00  -1.4747974e-03   6.4100795e-03  -7.7692378e-04
   1.1283027e-01  -3.7419778e-02  -1.7133957e+00   2.9101148e-04   5.3498809e-03  -1.4755192e-03
   1.2478471e-01  -4.6103684e-03  -1.7463683e+00   1.2448880e-03   4.6732878e-03  -1.6202494e-03
   1.2788751e-01  -1.9679022e-02  -1.7591336e+00   2.8419942e-04   5.3514167e-03  -1.7965727e-03
   1.2182149e-01  -3.9401515e-02  -1.7934122e+00  -2.9613797e-05   5.1635624e-03  -1.5551000e-03
   1.4346146e-01  -2.3776689e-02  -1.8621928e+00  -4.0290967e-04   4.5685178e-03  -1.8858477e-03
   1.3800684e-01   5.2733849e-03  -1.7663608e+00  -4.7438251e-04   4.7485831e-03  -1.9632769e-03
   1.2704842e-01   2.0837512e-02  -1.7618001e+00  -1.3873397e-03   4.9665103e-03  -1.7042995e-03
   1.4174453e-01   8.1928677e-03  -1.8947965e+00  -2.8383501e-03   5.3570708e-03  -2.0589350e-03
   1.3552684e-01  -7.8208722e-05  -1.8252383e+00  -2.0953429e-03   4.5110109e-03  -2.0627903e-03
   1.2244053e-01   1.3783433e-02  -1.8239827e+00  -1.6203741e-03   4.8742257e-03  -1.3845354e-03
   1.4017620e-01   2.6693483e-02  -1.9043135e+00  -3.1101335e-03   4.8294806e-03  -1.6889958e-03
   1.4470094e-01   7.2439871e-04  -1.8815196e+00  -2.0321550e-03   4.2461271e-03  -1.7265065e-03
   1.5636687e-01   7.4588659e-03  -1.6727243e+00  -8.1758669e-04   9.3968341e-04  -2.1321229e-03
   1.7540879e-01  -3.1457956e-03  -1.5487662e+00   3.7900536e-03   1.4003949e-03  -1.7728192e-03
   1.4945828e-01  -1.7481039e-02  -1.6114342e+00   1.7847959e-03   3.6708448e-03  -1.8834621e-03
   1.4951281e-01  -3.5294734e-02  -1.6375745e+00   1.4049498e-03   3.3862282e-03  -2.0866238e-03
   1.5107109e-01   6.7126657e-03  -1.6554180e+00   1.1323003e-03   3.1339303e-03  -1.9504830e-03
   1.5569499e-01   6.5782442e-03  -1.6478806e+00   9.0718481e-04   2.9854651e-03  -1.9904570e-03
   1.4154067e-01   2.7868271e-02  -1.6532536e+00   7.1691871e-04   3.3072981e-03  -1.6746759e-03
   1.6206599e-01  -8.3080805e-03  -1.6705024e+00   9.9487117e-04   3.1067828e-03  -2.0405926e-03
   1.5006486e-01  -1.4175541e-02  -1.6670886e+00   1.1623597e-03   3.8417530e-03  -1.9698522e-03
   2.0471378e-01  -3.7828886e-02  -1.5948891e+00   1.3034663e-03  -4.3947673e-03  -2.4147231e-03
   2.3048670e-01  -1.3193683e-02  -1.7083266e+00   2.9412627e-03  -4.8937449e-03  -2.2896105e-03
   1.9578306e-01  -9.0451057e-03  -1.5984081e+00   2.9153967e-03  -1.5055642e-03  -1.9958223e-03
   1.0658973e-01  -2.6394120e-02  -1.5952189e+00   1.1489614e-02   6.0784557e-03  -1.0841023e-03
   1.8145841e-01  -4.6557647e-02  -2.3600925e+00  -2.5289951e-03   6.2990443e-03  -1.7455449e-03
   1.6924714e-01  -2.0559218e-02  -2.1575461e+00  -9.8564077e-04   6.5903561e-03  -1.9354753e-03
   1.8219830e-01  -2.5291914e-02  -2.1391784e+00   3.4471209e-04   5.4468795e-03  -2.2142791e-03
   1.7511638e-01   2.9470221e-02  -2.1615502e+00  -2.6665683e-03   4.3512744e-03  -1.2005424e-03
   2.0203236e-01  -3.2266411e-02  -2.0968495e+00  -2.6266128e-04  -1.0167825e-03  -1.5883228e-03
   2.3704621e-01  -7.7307143e-03  -1.9710928e+00   8.3243014e-04  -2.2977479e-03  -1.9067699e-03
   2.0750415e-01  -2.4164363e-02  -1.8288870e+00   2.4061456e-03  -3.1488557e-05  -2.2603206e-03
   2.1341483e-01  -4.1917434e-02  -1.8021289e+00   2.8059324e-03   1.0124802e-03  -2.5200413e-03
   2.0663517e-01  -3.9155767e-02  -1.8460997e+00   1.7369185e-03   1.3684276e-03  -1.8747381e-03
   2.0130726e-01  -1.4106462e-02  -1.8189383e+00   2.1095499e-03   8.0248127e-04  -2.4186006e-03
   1.5312257e-01   8.4277908e-02  -1.8851217e+00  -3.8825279e-03   1.2654981e-03  -1.7417145e-03
