   0.0000000e+00   7.1054274e-15   0.0000000e+00   0.0000000e+00   0.0000000e+00   0.0000000e+00
  -1.4449142e-02   1.0624401e-02  -5.4254640e-03  -1.8432574e-04  -2.0063552e-04   2.6920555e-04
  -4.6900990e-02   2.2468212e-03   4.1900098e-01   8.0876873e-03   1.3354327e-03   2.9563569e-04
  -9.8930120e-03   3.2949298e-02   2.4474660e-01   3.6913315e-03  -2.3415299e-03  -2.1280284e-04
   5.0559019e-04  -8.7937638e-03  -3.7771047e-03  -4.3057503e-04  -2.8336605e-03  -2.9607824e-04
  -2.2031631e-02  -4.0666710e-02  -4.4966567e-01  -2.8093777e-03  -1.5928223e-03   5.9067550e-05
  -7.1948027e-03  -2.5060829e-02  -4.6810729e-01  -4.2145292e-03  -1.1804459e-03   8.8936250e-05
  -2.8366723e-02  -4.9773126e-02  -4.9898092e-01  -6.5153336e-03  -2.8343662e-04   6.0800741e-04
  -7.9450811e-02  -7.2531452e-03   2.7078035e-01   9.9070201e-03   7.3695864e-03   2.7169780e-03
  -6.0768072e-02  -4.7291686e-02  -9.5558079e-02   2.9004931e-03   2.5989610e-03   1.9045743e-03
  -6.2675941e-02  -3.4055484e-02  -1.6292875e-01   1.3200221e-03   1.0512268e-03   1.5342964e-03
  -1.9297493e-01   2.3980587e-01   9.2421678e-02  -1.2204927e-02   3.7900796e-03   5.3061919e-03
  -2.7019639e-01   2.1651027e-01  -9.1177616e-01  -2.1377545e-02   2.1429780e-03   7.1190120e-03
  -2.6029337e-01   1.9746242e-01  -8.7768422e-01  -2.0265484e-02   3.8851475e-03   6.6868383e-03
  -1.5288437e-01   9.8420959e-02   1.5594234e-01  -2.3488615e-02  -2.5709856e-03   2.7748072e-03
  -6.3386721e-02   2.4279155e-01   1.5555537e+00   9.0062854e-03  -2.5814736e-03   1.9120022e-03
  -1.6417113e-02   1.9102962e-01   1.4068368e+00   7.7280760e-03  -3.4762379e-03   5.9994024e-04
  -1.0371551e-02   1.0527808e-01   1.4797937e+00   2.0009458e-03  -2.5269105e-03  -4.1793954e-04
  -4.9541034e-02   1.7277126e-01   1.7999216e+00   2.3111375e-02  -1.5831642e-03   1.1623805e-03
  -5.9136761e-02   7.4443773e-02   9.8921119e-01   8.4996982e-03  -2.1877122e-03   1.3836740e-03
  -6.8684234e-02   7.0934305e-02   7.9325980e-01   3.4175182e-03   6.2491591e-04   2.8033176e-03
  -7.0001009e-02   6.3205283e-02   5.3893616e-01   1.8594553e-03  -4.7474114e-04   2.1724298e-03
  -1.3047014e-02  -9.0060780e-02   3.8801470e-01  -7.0429553e-03   4.6714623e-04  -6.1423137e-04
  -7.8788532e-02   2.0058102e-01   1.6239422e+00   1.4883194e-02  -5.4896642e-03   4.4196068e-04
  -2.6571916e-01  -9.9704842e-02   6.8555196e-01  -4.9509472e-03  -2.0720373e-02   3.6856840e-03
  -2.0325295e-01  -2.1117076e-01   8.8663119e-01  -4.6317790e-03  -7.7080738e-03   2.4739990e-03
  -2.5554033e-01   9.2891341e-02   8.3019067e-01   5.6523588e-03  -6.6272744e-03   2.9340890e-03
  -2.1142327e-01   5.5866084e-02   6.0221861e-01   2.3147036e-03  -7.5631673e-03   2.4007845e-03
  -2.0465991e-01   3.2135364e-02   6.5976946e-01   2.8484515e-03  -6.7598592e-03   2.4649288e-03
  -2.0876893e-01   5.5867412e-02   6.3872373e-01   2.2149301e-03  -6.5998362e-03   2.6323649e-03
  -1.9061310e-01   4.0406516e-02   4.8558918e-01   2.3208124e-03  -7.3879753e-03   2.3416783e-03
  -2.0700443e-01   3.6297834e-02   5.3628511e-01   2.2528124e-03  -8.4073778e-03   2.7062253e-03
  -2.0307416e-01   3.3448109e-02   5.0888849e-01   3.3111510e-03  -9.3328332e-03   2.6322965e-03
  -1.4402224e-01  -3.0519883e-02   2.6739050e-01  -1.4351195e-03  -9.9036837e-03   3.7287248e-04
  -1.5606981e-01  -1.5728177e-03   1.3430216e-01  -3.0776145e-04  -1.6787933e-02   1.0798643e-03
  -1.5307444e-01  -1.6216590e-02   3.9934257e-01   1.7111604e-03  -1.4673755e-02   1.0598841e-03
  -1.3710959e-01   3.0730013e-02   4.6424984e-01   2.7666561e-03  -1.2642997e-02   1.1158353e-03
  -2.0072019e-01   3.8448104e-02   6.6460174e-01   4.1697014e-03  -7.6137731e-03   2.3675219e-03
  -1.5940287e-01   3.3136802e-02   6.1973041e-01   4.5086782e-03  -6.5180456e-03   2.1471481e-03
  -1.5218134e-01   1.7187735e-02   6.1698881e-01   7.1141608e-03  -7.2357504e-03   1.8140513e-03
  -1.0699586e-01  -3.2021219e-02  -1.1068218e-02  -2.7030557e-03  -1.1075905e-02   1.3793593e-03
  -6.3041124e-02  -4.1396997e-02   7.0822849e-02  -3.6143497e-05  -1.1920021e-02   4.2727082e-04
  -5.9904795e-02  -5.0264233e-02  -1.5571404e-02  -2.2196669e-03  -1.5795950e-02   1.6659603e-04
  -3.8264468e-02  -5.1348243e-02   1.4907567e-02  -3.1868203e-04  -1.4742044e-02  -4.8170263e-05
  -5.3237030e-02  -2.0056378e-02   1.1907845e-03  -2.1157582e-03  -1.4052454e-02   3.2616308e-04
  -5.4273519e-02  -6.9143573e-02  -3.9834906e-02  -1.4078534e-03  -1.3902718e-02   3.0180880e-04
  -4.4468889e-02  -6.0572328e-02   2.0111340e-02   1.6746035e-03  -1.3626977e-02   1.5348102e-04
  -3.1081545e-02  -6.2081125e-02   4.3450656e-02  -1.5410096e-04  -1.4541903e-02  -2.2394990e-05
  -3.3656954e-02  -4.2896765e-02   1.7842693e-01   3.5265960e-04  -1.0823514e-02   4.8860476e-05
  -6.4531393e-02  -5.2292654e-02   2.5788611e-02   6.8515575e-04  -8.7936311e-03   7.4264363e-04
  -5.2092781e-02  -5.8351673e-02  -1.2162998e-01  -2.8781312e-03  -9.9517811e-03   2.3192515e-04
  -3.7910868e-02  -4.4479452e-02  -1.0841574e-02  -6.7728116e-04  -1.3290629e-02   1.8085210e-04
  -6.0172140e-02  -8.6768685e-02   6.1746073e-01  -2.5289749e-03  -6.3781639e-03   3.2143826e-04
   1.4813393e-02  -5.3543241e-02   2.0642160e-01   9.7042662e-05   9.9443573e-04   4.7883410e-04
   1.8426250e-02  -6.4636402e-02   1.5125329e-01  -2.4516660e-03   3.9643634e-03   3.8755470e-04
   1.7374914e-02  -6.7062702e-02   2.3834907e-01  -3.2009676e-03   3.7627917e-03   6.1210570e-04
  -1.4436378e-01   1.5961062e-01   1.8440425e+00   1.4681693e-02  -1.7430898e-04   2.1092579e-03
   4.5505112e-02  -8.0735421e-05   5.7926227e-01   8.8595156e-03  -2.9715654e-03  -7.3873163e-05
   4.1031041e-02  -3.0297608e-02   4.3518660e-01   5.9129431e-03  -3.1852853e-03   7.1358030e-05
  -3.1249831e-02  -7.6514718e-03   8.0312557e-01   1.8005257e-03   2.3916928e-04   7.2298973e-04
   2.6967642e-02   2.2053263e-02   6.9329289e-01   1.0136259e-02   1.6514137e-03   1.2140979e-03
   1.6738965e-02   1.8650913e-03   4.9957717e-01   7.0375976e-03  -8.9423000e-04   8.4340116e-04
   1.6062842e-02  -6.7986282e-04   5.1250133e-01   6.0125540e-03  -2.6621055e-03   1.0907296e-03
   2.7345922e-02  -2.6836952e-02   3.5986918e-01   4.2922291e-03  -3.6080503e-03   7.6243710e-04
   2.4705756e-02  -1.0302631e-02   5.3413612e-01   7.2134220e-03  -3.9492958e-03   9.7067349e-04
   3.3386864e-02   4.5553865e-02   5.5010158e-01   8.9388543e-03  -2.5923705e-03   1.0375639e-03
  -3.8064506e-02  -4.2139820e-02   6.5083753e-01   8.2816658e-03  -4.6221757e-03   1.3611382e-03
   3.9761946e-02  -5.9742999e-02   4.4018578e-01   9.2949332e-03  -7.2707323e-03   5.7602002e-04
   6.9223567e-02  -7.0898586e-02   3.2648051e-01   4.2231272e-03  -5.3656724e-03   2.2138628e-04
   6.6800201e-02  -4.1044228e-02   2.9658575e-01   4.7649142e-03  -6.7071995e-03   2.9966338e-04
   2.6560760e-02  -2.0520509e-02   1.1055016e+00   1.2407916e-02  -7.6697570e-03   5.0308798e-04
   7.6531987e-02   6.5251881e-03   6.9813106e-01   8.3261184e-03  -4.8544232e-03   2.1167059e-04
   4.9230116e-02  -2.0280518e-03   5.7816331e-01   4.7221143e-03  -4.4704244e-03   5.5776099e-04
   7.2045832e-02  -2.0744498e-02   4.3830608e-01   2.5836947e-03  -4.8300408e-03   2.9852340e-04
   5.4056222e-02  -2.4021330e-02   4.6890125e-01   2.8779956e-03  -2.8470465e-03   6.4001367e-04
   8.3473066e-02  -8.2846493e-02   5.0900203e-01   4.6381010e-03  -2.1479090e-03  -3.6962578e-05
   1.5365630e-02   1.0381008e-01   1.1136310e+00   2.0368260e-02  -4.8286658e-03   8.0515717e-04
   1.0860759e-02   8.3849201e-03   4.2455482e-01   6.7447139e-03  -3.8900525e-03   9.3855988e-04
  -8.6111374e-03  -8.9194496e-03   6.9134414e-01   7.5454418e-04  -2.8421606e-03   9.2611145e-04
   5.0908909e-02  -7.0826326e-02   9.5468766e-02   2.0066440e-03  -1.2674376e-03   7.0506653e-04
   4.5643276e-02  -1.2407106e-01  -4.6632586e-03  -4.0586874e-03  -7.4817122e-04   8.3979381e-04
   2.2601946e-02   6.0928709e-02   1.0085605e+00   1.9334227e-02  -3.4720388e-03   5.9069294e-04
   3.3037391e-02  -5.7375445e-03   4.1462480e-01   6.3085071e-03  -3.1847064e-03   6.3611559e-04
  -4.6352072e-02  -1.9798571e-02   6.4395699e-01  -9.6448632e-04  -3.9608413e-03   2.2307648e-03
  -4.3624862e-04   1.3504555e-02   6.3008061e-01   7.6432478e-03  -3.9949536e-03   1.5594011e-03
   3.5681246e-02  -5.0563031e-02   5.2245514e-01   2.8074210e-03  -4.0344185e-03   3.0953870e-04
   5.1335122e-02   8.7784380e-02   1.3711339e+00   2.3436718e-02  -4.7540491e-03   5.7112952e-04
   1.1747305e-02  -1.2324818e-02   5.8003836e-01   6.1125724e-03  -5.0570054e-03   1.1107350e-03
  -1.9082052e-03  -7.5058839e-02   8.6882003e-01  -2.3761736e-03  -3.7287017e-03   1.2771170e-03
  -1.5790977e-02  -8.5256841e-03   4.3501672e-01   8.1842190e-03  -4.7703989e-03   1.5199290e-03
   6.3008682e-03  -3.9470283e-02   2.7813862e-01   3.7957284e-03  -4.4047379e-03   1.0611246e-03
   7.8473492e-03  -4.9905212e-02   1.9999622e-01   1.5756399e-03  -4.3058212e-03   9.1017244e-04
  -4.1235377e-02   1.2180721e-01   1.9087987e+00   1.7496500e-02  -1.1609901e-03   2.0753517e-03
  -4.6919715e-04   1.1777346e-02   7.3457330e-01   9.2338475e-03  -3.4288582e-03   1.5357345e-03
   3.9446237e-03  -5.2446598e-03   6.0989215e-01   6.3537193e-03  -2.9096399e-03   1.1419984e-03
  -3.9025109e-03   8.7796176e-03   6.1273992e-01   5.8039784e-03  -4.5002607e-03   1.1405039e-03
   1.8064948e-02  -2.4512289e-02   6.2858510e-01   5.5691624e-03  -3.2691577e-03   9.1313384e-04
  -5.3160429e-02   9.7979167e-02   1.4087259e+00   1.2049086e-02  -5.0178802e-04   1.7643954e-03
   2.4592761e-02  -2.9521067e-02   5.5107948e-01   5.1257975e-03  -1.5037723e-03   1.0404099e-03
  -3.4208706e-02   8.0484605e-02   1.4950355e+00   2.0182911e-02   1.5243966e-03   2.0588508e-03
   4.3760888e-02  -3.3227494e-03   6.2717719e-01   7.2222087e-03  -1.5178449e-03   8.2048717e-04
  -4.6622960e-02   1.1124542e-01   1.6791611e+00   1.3822106e-02  -1.6496548e-03   1.5935372e-03
   5.6893499e-02   2.5224351e-03   7.2356855e-01   6.3239838e-03  -1.5161882e-03   6.3436244e-04
   9.3370926e-02  -6.7496395e-02   5.5992675e-01  -1.9155647e-04  -4.0121218e-04   3.3256417e-04
   4.4455295e-02   5.0197181e-02   1.1937046e+00   1.2785489e-02  -2.4050236e-03   9.2624771e-04
   3.8436118e-02   2.4765099e-02   1.0207216e+00   8.7790636e-03  -7.2608577e-04   5.1314271e-04
   5.9898687e-02  -5.4461034e-02   1.0138402e+00   6.8604498e-03  -7.3453708e-04   1.3142164e-03
   4.0614948e-02   6.3153810e-02   1.0187672e+00   1.7058553e-02  -2.5153741e-03   9.6597117e-04
   6.6165930e-02  -7.4314573e-03   6.3000972e-01   6.0958449e-03  -2.8872862e-04   4.6500925e-04
  -2.2624546e-02   1.1865585e-01   1.6119624e+00   1.4627441e-02  -1.2148318e-03   1.4065767e-03
   4.7534071e-02   9.3231868e-03   7.1029841e-01   8.4907393e-03  -1.9313048e-03   8.7351733e-04
  -2.5855460e-02   9.8780183e-02   1.3850354e+00   1.1454039e-02  -2.5827089e-04   1.5425689e-03
   3.0968952e-02   1.5281921e-02   8.3725393e-01   8.9732873e-03  -1.2575676e-03   6.6883442e-04
   2.8011536e-02  -1.5839293e-04   7.9693952e-01   7.7320186e-03  -1.0520404e-03   8.4353364e-04
   4.9774728e-02  -1.5694798e-02   7.1882031e-01   4.4568011e-03   2.8534486e-04   9.7972508e-04
   4.6308907e-02   6.3936411e-02   1.3002833e+00   1.8489388e-02  -3.0655728e-04   8.9529491e-04
   5.0977881e-02  -3.5691921e-03   8.4627635e-01   8.0950482e-03  -1.9414211e-04   5.7706484e-04
   6.6517804e-02  -7.0266898e-02   8.1924547e-01   5.8362820e-04   4.7150480e-04   6.9790911e-04
   2.5556066e-02   3.1344465e-02   9.1653201e-01   8.5930174e-03  -6.5151421e-04   1.2417302e-03
   4.2512639e-02  -7.8222071e-02   8.6228532e-01   1.4670461e-03  -4.3026864e-04   1.8619764e-03
   3.5019970e-02   4.6851358e-02   9.4908026e-01   1.0501699e-02  -1.6932125e-03   1.0662937e-03
   2.4272984e-02  -2.3065355e-03   7.6193843e-01   6.1123935e-03  -1.2263790e-03   1.0196321e-03
   3.5765135e-02   8.5744178e-04   6.8436051e-01   4.5293891e-03  -2.0971591e-03   9.2894007e-04
   4.4917267e-02  -6.3109366e-03   6.9513234e-01   5.6360749e-03  -1.8296666e-03   7.8221245e-04
   3.0831326e-02  -5.8996600e-03   6.8085291e-01   5.4274453e-03  -1.6965786e-03   1.0885394e-03
  -4.4094806e-03   4.7820377e-02   1.2549369e+00   8.5785782e-03   5.8016915e-04   1.2091221e-03
   6.8510266e-02  -3.6113162e-02   6.5186111e-01   7.4882471e-03  -6.6376998e-04   4.9705245e-04
   6.4681878e-02  -5.1795136e-02   3.2847487e-01   3.7670841e-03  -7.4201681e-04   4.8036983e-04
  -5.7114324e-03   8.0330723e-02   1.7514219e+00   1.9500675e-02   2.1881412e-03   1.6731860e-03
   6.2736393e-02  -1.6356626e-02   6.7938150e-01   8.1806993e-03   3.2195958e-04   9.3396203e-04
   4.7128550e-02  -1.6034669e-02   4.6408885e-01   3.5128611e-03  -1.2860830e-04   1.2042414e-03
   4.5629908e-02  -3.7989960e-02   4.5756548e-01   3.5943068e-03  -2.6018661e-04   1.3782514e-03
   4.0438506e-02  -4.6043660e-02   5.1586595e-01   2.1743672e-03  -2.7249263e-04   7.6253367e-04
   4.6866794e-02  -2.5929748e-02   4.7297848e-01   4.6447385e-03   2.5015605e-04   9.9262601e-04
   4.4509081e-02  -8.5287751e-02   5.7660465e-01  -2.6426032e-03   6.0195138e-04   1.6278852e-03
   5.1449070e-02  -6.7914222e-02   4.2714300e-01   3.5165183e-03   3.9482036e-03   1.1408059e-03
   4.7457417e-02  -8.3006380e-02   4.2704034e-01   1.8765325e-03   4.4460881e-03   1.2836900e-03
   4.0009938e-02   7.5900918e-02   1.2461885e+00   2.2218397e-02   2.4994735e-03   1.0326365e-03
   5.3256071e-02  -3.9430373e-02   4.9521200e-01   5.7702169e-03   1.6411263e-03   8.9146037e-04
   5.5450949e-02  -2.7259891e-02   5.2827212e-01   4.8899285e-03   1.6880461e-03   1.0510225e-03
   5.2303718e-02  -3.1231495e-02   5.1883128e-01   4.2052584e-03   1.6502498e-03   1.0119596e-03
   9.0686339e-02  -1.8385030e-01   5.7276369e-01   4.1109236e-03   2.4190424e-03  -1.8605756e-04
   2.5592645e-02   5.4473429e-02   1.2037655e+00   2.2160113e-02  -8.5897350e-05   8.7051206e-04
   5.8896055e-02  -4.5909336e-02   6.0601402e-01   6.1826807e-03   1.0094395e-03   5.4473569e-04
   4.2872322e-02  -4.9221228e-02   5.3442920e-01   5.5384770e-03   4.7933761e-04   7.4378602e-04
   5.6356821e-02  -1.7022482e-01   6.0183894e-01   1.2424258e-03   1.9793501e-03   9.6187519e-04
   2.3920610e-02   4.9515810e-03   8.0616837e-01   1.0947369e-02   1.6526193e-03   1.3127134e-03
   2.2589669e-02  -2.9277305e-02   7.1857785e-01   8.4119729e-03   1.6244167e-03   1.1855037e-03
   5.2556928e-02  -1.4862938e-01   6.2724393e-01   5.4893462e-03   2.0110757e-03   6.8042877e-04
   7.7842572e-03   1.1537323e-02   8.6306356e-01   1.3603634e-02   6.3644534e-04   1.2397508e-03
   3.7614744e-02  -4.5660686e-02   6.3049477e-01   6.7975423e-03   1.7155756e-03   1.0578569e-03
   1.7406915e-02   1.2751488e-01   1.7695868e+00   2.7551892e-02  -8.3486682e-04   8.5700998e-04
   1.7373185e-02  -6.9802772e-03   6.9839829e-01   6.6154710e-03   4.0426669e-04   9.8135534e-04
   2.0794306e-02  -1.2817608e-01   6.0773336e-01   1.6030470e-03   9.4537385e-04   1.3240215e-03
   4.3267830e-02  -1.0982722e-02   8.1497732e-01   1.0230538e-02   2.6104204e-03   7.6353636e-04
  -5.4553891e-02   7.1235805e-02   1.6139381e+00   1.6057894e-02   1.9266760e-03   1.8926936e-03
   4.0650142e-02  -1.9187553e-02   6.8268755e-01   7.8449295e-03   2.1000854e-03   1.1242609e-03
   1.1115801e-02   1.0552925e-01   1.7176642e+00   2.7079321e-02   9.2168231e-04   8.2570401e-04
   2.9722755e-02  -1.6913722e-02   7.4149274e-01   7.6103268e-03   1.3875572e-03   5.8126767e-04
   2.9616775e-02  -3.0301037e-02   6.3155757e-01   4.8733737e-03   1.2580085e-03   5.7479705e-04
  -2.6172131e-02   1.1121484e-01   1.7020480e+00   1.4303185e-02   2.0741141e-03   1.6390526e-03
   4.6170945e-02  -5.2612859e-02   4.9150084e-01   7.7460288e-03   1.0132716e-03   8.4854121e-04
   5.0952201e-02  -7.0481617e-02   4.9005173e-01   6.0358691e-03   4.9371956e-04   6.5396818e-04
   3.5518591e-03   3.8386467e-02   1.2676168e+00   1.2886857e-02   1.1180351e-03   1.3138950e-03
   3.5769776e-02  -2.4639469e-02   7.6597289e-01   7.7046281e-03   1.0687370e-03   6.3497352e-04
   3.2218233e-02   9.9708617e-02   1.5512543e+00   2.2564136e-02   1.8168322e-03   1.1296268e-03
   3.7338311e-02  -1.0499327e-02   8.1460350e-01   7.9420850e-03   1.3361106e-03   5.0634400e-04
   3.1304664e-02  -3.8182043e-02   7.8969641e-01   5.6879632e-03   1.4739029e-03   8.2239556e-04
  -1.7027482e-02   9.2587686e-02   1.7542977e+00   2.2240257e-02   2.4731717e-03   1.4607811e-03
   5.5823583e-02  -6.3214640e-02   5.7936634e-01   6.6556390e-03   2.0272648e-03   5.5316627e-04
  -6.3474843e-02   7.8125189e-02   1.3358810e+00   1.0528810e-02  -4.6392272e-04   1.7490103e-03
   4.3138800e-02  -2.2824650e-02   7.5594519e-01   8.7505383e-03   1.5670117e-05   9.0739869e-04
   3.8822829e-02  -2.2486987e-02   6.6551838e-01   6.6187543e-03  -3.4283824e-05   1.1716810e-03
   1.7874632e-03   4.3010020e-02   1.3067784e+00   7.2980593e-03   8.0472691e-04   9.9833530e-04
   4.6282865e-02  -2.2638722e-02   7.7572785e-01   1.1335120e-02   1.3116306e-03   1.0162091e-03
   9.9657764e-02  -1.2121521e-01   7.8524738e-01   7.9321630e-03   3.1062286e-03   1.0159671e-04
   6.6322595e-02  -2.0610649e-02   8.8829050e-01   1.3313663e-02   3.8151766e-03   1.1173842e-03
   5.0150882e-02  -2.8206382e-02   7.6780833e-01   8.4399419e-03   2.9881864e-03   1.1174188e-03
   7.8924499e-02  -3.2136812e-02   7.5331316e-01   8.4852345e-03   4.4061806e-03   9.6825209e-04
   4.9412086e-02  -1.4816914e-02   7.3971065e-01   8.6277041e-03   3.9162334e-03   1.2293533e-03
   5.7602384e-02  -3.9318036e-02   6.6614932e-01   8.3900492e-03   2.9794344e-03   9.6619287e-04
   5.5833593e-02  -2.4897871e-02   8.5121070e-01   1.0435033e-02   2.9906218e-03   1.1195471e-03
   7.4864828e-02  -3.8778968e-02   8.9016287e-01   1.0765930e-02   4.3003600e-03   1.0290001e-03
   6.8183533e-02  -3.7261424e-02   8.3887964e-01   8.8175028e-03   3.7779512e-03   8.7549953e-04
   4.4844140e-02  -3.0287707e-02   8.6407023e-01   1.0154160e-02   3.4504327e-03   1.0923812e-03
   5.3438755e-02  -3.7356841e-02   6.8891120e-01   8.1826137e-03   2.1141542e-03   9.7906509e-04
   4.9237142e-02  -4.8165458e-02   6.3481835e-01   8.4701897e-03   2.0313574e-03   7.2067160e-04
   1.4774575e-02  -2.1520492e-01  -4.3449936e-01   7.1645767e-03   3.1849418e-03   1.2633914e-03
  -2.0173270e-01  -9.2798575e-02  -5.6157014e-01  -1.0904154e-02   1.8723046e-03   3.8291416e-03
  -1.5560362e-01  -1.6491684e-01  -1.9605912e+00  -2.1109505e-02   1.6770730e-03   2.7415514e-03
  -1.4960292e-01  -1.8492743e-01  -1.8506150e+00  -1.7449275e-02  -1.5744379e-03   2.9440692e-03
  -1.4321635e-01  -1.9960648e-01  -1.9240689e+00  -1.9056890e-02  -3.5699811e-03   2.5866686e-03
  -1.1410630e-01  -2.1025833e-01  -1.9692893e+00  -1.9716485e-02  -4.1693248e-03   2.1667509e-03
  -1.0196850e-01  -1.9716766e-01  -1.9241848e+00  -1.9144574e-02  -5.0789217e-03   1.8191979e-03
  -1.1497822e-01  -2.0778761e-01  -1.8757051e+00  -1.8657516e-02  -4.7469908e-03   1.9657546e-03
  -1.1704048e-01  -2.0652373e-01  -1.8799394e+00  -1.7990928e-02  -4.6551906e-03   1.8893834e-03
  -1.0551089e-01  -1.7983649e-01  -1.8690474e+00  -1.8729301e-02  -5.3905754e-03   1.7573290e-03
  -9.6380632e-02  -2.0660200e-01  -1.8907885e+00  -1.8522649e-02  -5.7325539e-03   1.5714220e-03
  -9.2772269e-02  -2.0068570e-01  -1.9041905e+00  -1.9255879e-02  -5.4298027e-03   1.3371612e-03
  -9.9545517e-02  -2.2475590e-01  -1.9148332e+00  -1.7456109e-02  -5.2862396e-03   1.4773948e-03
  -1.0104980e-01  -1.9387638e-01  -1.9426490e+00  -1.9089767e-02  -6.0269269e-03   1.4147361e-03
   1.3302763e-02   4.2359968e-02   1.9333777e-01   1.2421278e-02  -4.0889430e-03   1.3904077e-03
   4.8524934e-02  -1.0812521e-01  -6.0330529e-01  -5.0207741e-03  -2.9274663e-03   9.1824255e-04
  -6.1638481e-02   2.1532676e-03   4.5803595e-01  -9.4989526e-04   3.4982017e-04   1.6235580e-03
   3.2293952e-02  -2.7186931e-02   1.0050038e-01   1.9831580e-03  -3.2805719e-03   6.6860566e-04
   3.6274420e-02  -5.1206444e-02  -1.0493559e-01  -2.7278939e-04  -3.5399522e-03   5.1827781e-04
   3.6477268e-02  -7.5699554e-02  -2.2518305e-01  -1.5059822e-03  -4.4262204e-03   4.2914672e-04
   3.2105558e-02  -7.4081799e-02  -3.1627268e-01  -1.2625722e-03  -4.0218701e-03   2.0279839e-04
  -3.0410329e-02  -4.7458201e-02   7.5835784e-01   1.9490543e-03  -4.7739480e-04   1.1968423e-04
   6.9844760e-02  -1.0387347e-01   5.4426867e-02   5.1574343e-03  -3.5418536e-03  -4.5735149e-04
   7.6968622e-02  -1.2208587e-01  -2.6309998e-01  -1.3051539e-03  -1.6649737e-03  -2.6511159e-04
   7.3210211e-02  -1.0833690e-01  -2.8232591e-01  -2.4236646e-03  -2.4593926e-03  -3.4124627e-04
   6.4242177e-02  -2.0951268e-01  -2.4196047e-01  -4.5001005e-03  -1.1467084e-03   7.0720241e-04
   3.4729805e-02  -1.0504129e-01  -1.1654622e-01   2.7079164e-03  -2.0398012e-03   9.7104961e-04
   4.1428623e-02  -9.4818021e-02  -2.1208472e-01  -5.1855165e-04  -1.0496824e-03   9.3334595e-04
   1.7288595e-02  -1.2583753e-01  -1.6488935e-01   1.3126926e-03  -4.9466666e-04   1.0882865e-03
   3.8233399e-02  -1.9417520e-01  -7.3198104e-02  -5.2401452e-04  -1.5567262e-03   9.2737660e-04
   1.2982047e-02  -8.3082932e-02  -1.0271468e-01   5.8359671e-03   7.4309304e-04   1.5838202e-03
   3.4124036e-02  -1.3297201e-01  -3.9731273e-01   8.6661546e-04  -1.3731583e-03   1.1122001e-03
   6.9201843e-03  -7.1729845e-02   5.7888773e-02  -7.1727121e-03  -1.8909351e-03   1.5152462e-03
   6.9501628e-03  -9.5922562e-02  -1.1585949e-01   2.8954386e-03  -1.0355067e-03   1.3054618e-03
   1.4880570e-02  -1.1193669e-01  -2.6601342e-01   2.1988664e-04  -1.9534927e-03   9.6780615e-04
  -4.4381758e-03  -1.0509284e-01  -2.6655286e-01   4.2076214e-04  -1.4962547e-03   1.6091265e-03
   2.5478291e-02  -1.0443649e-01  -1.0061010e-01   2.9189203e-03  -4.4365585e-04   1.1015998e-03
   3.7020978e-02  -1.1677517e-01  -2.5681615e-01  -8.9115570e-04  -7.9323389e-04   8.4591717e-04
  -9.4773642e-03   8.5605335e-03   1.1720560e+00   2.7274475e-02   1.3746780e-03   1.4737918e-03
   1.9208731e-02  -9.2710042e-02  -1.8045020e-01   3.6689194e-03  -1.2912805e-03   1.2064307e-03
   3.9914459e-02   5.4947697e-02   1.0234829e+00   2.9059577e-02   1.4485512e-03   9.5792843e-04
   7.1917471e-02  -2.0361564e-01  -1.5512885e-01  -3.1805605e-03   3.3854274e-04   6.8656872e-04
   7.7162450e-04  -2.6723935e-02   6.0991200e-01   1.0826950e-02   2.1002026e-04   1.8460563e-03
   1.3353930e-02  -8.1588688e-02   2.6924859e-01   3.6134272e-03   1.0779357e-03   1.0377353e-03
   3.9207190e-02  -8.3933879e-02   1.4014617e-01   8.0366140e-03   2.4170495e-04   1.2732351e-03
   2.0369867e-02  -8.8542650e-02  -1.0308387e-01   2.1352910e-03  -1.8331109e-04   1.2635213e-03
   2.5978153e-02  -7.3104855e-03   8.0426591e-01   1.7773982e-02   2.2518641e-03   1.9162176e-03
   5.5734340e-03  -5.4066607e-02  -1.1143400e-01   4.7976436e-04  -1.1148728e-03   1.8088145e-03
   3.3240882e-03  -7.8160977e-02  -5.0080529e-02   1.1934407e-03  -8.5158109e-04   1.7831732e-03
   4.3240728e-02  -1.8191407e-01  -1.2932874e-01  -2.7264145e-03  -2.1643273e-03   6.9436161e-04
   2.3266887e-02  -5.7802754e-02   2.1459694e-01   8.3281862e-03   5.0178425e-04   1.5850311e-03
   2.4982513e-02  -9.1052745e-02  -1.1886024e-02   2.6716775e-03  -2.6937501e-04   1.3997247e-03
   7.2557090e-03  -6.4016798e-02  -1.1134957e-01   1.8985310e-03  -3.3210966e-04   1.7704858e-03
   2.1291664e-02  -8.7414934e-02  -2.4058529e-01   7.3000164e-05  -1.2578367e-03   1.2856995e-03
   2.7220828e-02  -8.4435471e-02  -1.8668934e-01   9.7785357e-04  -1.6131250e-03   9.6370253e-04
   2.3337858e-02  -9.5686315e-02  -2.4161556e-02   1.8581961e-03  -3.8355631e-05   1.3366427e-03
   2.8357822e-02  -7.9563502e-02  -4.0790549e-02   2.7513873e-03  -5.4339468e-04   1.1047082e-03
   2.6777910e-02  -8.0878769e-02  -1.2088271e-01   1.2068237e-03  -6.9642650e-04   1.2305655e-03
   3.3572659e-02  -9.1819100e-02  -1.6843700e-01  -3.0832281e-04  -1.3543066e-03   1.1921052e-03
   2.6071034e-02  -8.9546487e-02  -1.6326159e-01  -1.8411268e-04  -1.1520051e-03   1.3233642e-03
   3.6250510e-02  -9.7356741e-02  -1.6429252e-01  -3.6599295e-04  -1.3054053e-03   1.0603304e-03
   3.9698344e-02  -8.9751582e-02  -1.4790524e-01   4.3569942e-04  -7.9291028e-04   1.1078620e-03
  -4.8676039e-04  -7.2716423e-02   4.1240574e-01   1.1226747e-02   2.0488657e-03   1.0585781e-03
   5.9853668e-02  -1.4369940e-01  -5.9997930e-01  -2.9304801e-03  -6.2437439e-04   8.0623021e-04
   5.1677423e-02  -1.4964408e-01  -6.3647229e-01  -4.6196117e-03   1.5729987e-04   7.6596293e-04
   5.9499571e-02  -1.5832673e-01  -7.0685165e-01  -5.8885189e-03   1.8559260e-04   7.5507007e-04
   5.7383289e-02  -1.5334564e-01  -7.0048777e-01  -5.3345072e-03   1.0228379e-03   5.7576500e-04
   5.5062189e-02  -1.6421533e-01  -6.6009520e-01  -5.6018417e-03   1.4650787e-03   7.3288978e-04
   5.2680574e-02  -1.4270309e-01  -6.6630197e-01  -5.3575329e-03   1.3746248e-03   7.9271790e-04
   5.8306739e-02  -1.5788656e-01  -6.9253497e-01  -4.8371685e-03   1.3680121e-03   7.8758153e-04
  -6.8856702e-02  -1.5046173e-01  -3.7231026e-02   1.1040232e-03  -5.9944687e-04   1.7524807e-03
  -7.6331009e-02  -1.5173549e-01  -7.7674578e-01  -5.9886367e-03   7.6216898e-03   2.8622433e-03
  -6.3560281e-02  -1.5239119e-01  -1.0961853e+00  -1.0344204e-02   2.7040282e-03   2.2746855e-03
  -5.4322859e-02  -1.8991853e-01  -1.1826584e+00  -1.2055719e-02   9.4134906e-04   1.9379644e-03
  -6.0827992e-02  -1.8082691e-01  -1.1792120e+00  -1.2079996e-02   5.8521058e-04   1.8115652e-03
  -3.9573579e-02  -1.8382531e-01  -1.2108107e+00  -1.1804226e-02   3.5765389e-04   1.3385866e-03
  -4.1891701e-02  -1.7622966e-01  -1.2000754e+00  -1.2056333e-02  -8.6921605e-04   1.3488966e-03
  -2.8038386e-02  -1.7124537e-01  -1.1915038e+00  -1.0451019e-02   4.8896294e-04   7.4366608e-04
  -4.9867525e-02  -1.5929554e-01  -1.2073965e+00  -1.0755034e-02  -5.2472987e-04   1.4322827e-03
  -4.3252822e-02  -1.7640415e-01  -1.2482433e+00  -1.1966077e-02  -8.3958749e-04   1.3109629e-03
  -3.9881199e-02  -1.3311391e-01  -6.7967797e-01  -1.1394074e-02   3.9428311e-03   1.3365792e-03
   3.9147996e-04  -1.8211040e-01  -7.1681418e-01  -2.4273539e-03   6.3508982e-03   2.3297267e-03
   4.1923361e-03  -1.7625523e-01  -9.7477249e-01  -6.4051676e-03   3.4675913e-03   1.6019223e-03
   1.4242492e-02  -2.7336697e-01  -1.0609325e+00  -1.0772069e-02   2.0431198e-03   1.3120955e-03
   6.6627902e-02  -1.5006944e-01  -7.7649896e-01  -2.0874772e-03   2.8775593e-03   6.1265929e-04
   7.8200549e-02  -1.7444718e-01  -8.7688265e-01  -6.0132455e-03   4.0199713e-03   6.7052433e-04
  -1.6854100e-02  -4.4671884e-02   3.8788290e-01   1.7214673e-03   4.5007144e-03   1.1633056e-03
   8.5549622e-03  -1.2027763e-01  -9.0644322e-01  -3.7806890e-03   3.2863606e-03   1.7996642e-03
  -1.7743491e-03  -1.5667116e-01  -9.8223086e-01  -5.1613304e-03   1.7069601e-03   1.6622942e-03
   4.1798344e-02  -2.5947645e-02   5.7131926e-01   2.4296067e-02   1.3482895e-03   1.1392144e-03
   2.8936993e-02  -1.4120446e-01  -6.4487916e-01  -1.7520677e-03   9.4566354e-05   1.2818571e-03
  -4.0484731e-03  -8.8032237e-02  -7.1609482e-01  -5.1656481e-03   1.7457416e-03   1.9652840e-03
  -3.2579618e-02   2.5267808e-02   1.0820236e+00   1.2217148e-02   7.7365785e-04   9.6358932e-04
  -1.0395761e-02   1.1096713e-02   5.5002860e-01   7.3913528e-03  -2.4274446e-03   4.4894336e-04
  -1.3088185e-02  -1.2152908e-02   4.6688585e-01   6.0843260e-03  -2.8554620e-03   3.6082739e-04
  -1.7707659e-02  -2.4758599e-02   3.3593754e-01   4.7702226e-03  -1.9032587e-03   6.8018465e-04
  -1.8442951e-02  -4.4597491e-02   2.3477041e-01   3.9007730e-03  -2.2655332e-03   4.2972189e-04
  -1.6097836e-02  -4.9262277e-02   1.8616422e-01   3.2919174e-03  -2.5394616e-03   1.9976456e-04
  -2.0223755e-02  -5.3031999e-02   1.6834553e-01   2.9883514e-03  -2.3728921e-03   3.5228043e-04
  -1.0142600e-02  -4.0648141e-02   1.5568706e-01   1.0740263e-03  -1.9123579e-03  -7.4693132e-05
   1.5554701e-02  -9.2077197e-02   1.8295060e-02   3.6024070e-03   1.1403385e-02   1.7241765e-03
  -1.4545650e-01  -1.2849744e-01   3.4678235e-01   3.8488743e-03   3.3245808e-03   2.5166598e-03
  -2.1837103e-01  -5.2664841e-02  -6.4830773e-01   3.2012096e-04   3.9847859e-03   3.5343812e-03
  -1.1995161e-01  -1.4990906e-01  -1.2635279e+00  -1.2022771e-02   2.4248100e-03   3.0409743e-03
  -1.1248899e-01  -1.5026145e-01  -1.2901289e+00  -1.2583441e-02  -3.3849912e-04   2.6317454e-03
  -7.6621018e-02  -1.8510003e-01  -1.3318592e+00  -1.2909669e-02  -9.8739240e-04   2.1667729e-03
  -7.7582753e-02  -1.7874629e-01  -1.4023738e+00  -1.4244953e-02  -1.0697818e-03   2.1113611e-03
  -8.8281291e-02  -1.8470142e-01  -1.3879651e+00  -1.3154094e-02  -4.8027307e-06   2.2833620e-03
  -7.8444441e-02  -1.6158076e-01  -1.3673279e+00  -1.4773650e-02   9.0183215e-04   2.6778559e-03
  -7.3311960e-02  -1.4165512e-01  -1.3640473e+00  -1.4580796e-02   5.4968469e-04   2.6002347e-03
  -7.4028098e-02  -1.3927535e-01  -1.3793571e+00  -1.4606441e-02  -7.4556066e-04   2.2831493e-03
  -6.9676810e-02  -1.3815772e-01  -1.3832722e+00  -1.4812763e-02  -9.2265454e-04   2.1165694e-03
  -6.7567214e-02  -1.3552728e-01  -1.3263739e+00  -1.4356823e-02  -1.1838561e-03   2.1367490e-03
  -6.2450302e-02  -1.5024831e-01  -1.3216757e+00  -1.4290802e-02  -8.0068291e-04   1.9910682e-03
  -1.1347196e-01  -1.4751708e-01  -1.0088601e+00  -6.3321224e-03   8.4895877e-03   3.2323061e-03
  -6.1007982e-02  -1.8318440e-01  -1.8764449e+00  -1.7746748e-02   5.6517893e-03   2.9602145e-03
  -4.3296426e-02  -2.0656739e-01  -1.9378183e+00  -1.9137813e-02   3.4177970e-03   2.5304233e-03
  -1.6902497e-02  -2.1793123e-01  -1.9788546e+00  -1.9868122e-02   2.3819975e-03   1.8946942e-03
  -2.3864235e-02  -2.0387841e-01  -1.9852778e+00  -1.9700483e-02   1.8826253e-03   1.8762872e-03
  -1.6867928e-02  -2.2057295e-01  -1.9293134e+00  -1.9438661e-02   2.0083479e-03   1.8141376e-03
   4.9742599e-04  -2.4272696e-01  -1.9603562e+00  -2.1244273e-02   3.9466869e-03   1.5807293e-03
  -8.2886495e-03  -2.1535355e-01  -1.6012457e+00  -1.3544028e-02   2.3870363e-03   1.7670975e-03
  -4.3380521e-02  -1.4901396e-01  -1.7221231e+00  -1.6012183e-02   2.7631142e-03   2.5703230e-03
  -3.0045174e-02  -1.9032959e-01  -1.6163498e+00  -1.4945905e-02   1.6082924e-03   2.2952259e-03
  -6.1520920e-02  -1.4872875e-01  -1.1566668e+00  -1.2442023e-02   2.5119534e-03   1.7821881e-03
   2.5673899e-02  -1.6265630e-01  -1.3466971e+00  -1.0487158e-02   2.4915237e-03   1.3586613e-03
  -2.2734897e-02  -1.7559203e-01  -8.5912462e-01  -1.7592600e-02   2.4441522e-03   1.0986913e-03
   3.4751684e-02  -1.3398295e-01  -8.0024641e-01  -1.0959895e-03   1.9355898e-03   1.1916798e-03
   4.1296320e-02  -1.6478519e-01  -8.9223912e-01  -3.3949545e-03   2.4225519e-03   1.3686887e-03
   3.8563620e-02  -1.6388656e-01  -8.9241060e-01  -3.6117468e-03   3.4058440e-03   1.0437847e-03
   2.8042485e-02  -1.6252525e-01  -8.8834277e-01  -3.7113355e-03   2.4396351e-03   1.0752148e-03
   4.2944089e-02  -1.5534609e-01  -9.0113609e-01  -3.8949345e-03   2.5574768e-03   8.6590575e-04
   3.7782869e-02  -1.7509034e-01  -9.3761210e-01  -4.7974474e-03   2.0599119e-03   9.1563145e-04
   3.3656178e-02  -2.4609309e-01  -7.5264205e-01  -1.3933724e-02   5.6727327e-03   6.0312708e-04
   3.6726531e-02  -1.8700348e-01  -9.9329628e-01  -7.2382283e-03   8.4084544e-03   1.5903480e-03
   3.9638241e-02  -2.0117793e-01  -1.0578297e+00  -9.3480893e-03   8.0046181e-03   1.7053260e-03
   3.9971927e-02  -2.0242864e-01  -1.0492614e+00  -9.4353622e-03   7.8122143e-03   1.5429164e-03
   3.6188392e-02  -1.9631124e-01  -1.1026673e+00  -1.0127504e-02   7.0844398e-03   1.2963881e-03
  -1.3968489e-02  -1.4027392e-01  -6.5733764e-02   2.7032737e-03   4.7950489e-03   1.2447686e-03
   6.3743390e-02  -1.6271631e-01  -7.7765379e-01  -4.7735687e-03   8.1748106e-03   8.5035491e-04
   5.7304975e-02  -1.6818996e-01  -8.1125719e-01  -5.9980579e-03   7.3634799e-03   7.7891663e-04
   3.6709722e-02  -1.7558427e-01  -8.3032525e-01  -6.8745402e-03   6.8719568e-03   8.8187860e-04
   5.0348517e-02  -1.7084357e-01  -8.0917404e-01  -6.6690648e-03   6.8003388e-03   7.2198556e-04
   4.2934173e-02  -1.6493676e-01  -8.1082691e-01  -6.7580813e-03   6.7640462e-03   9.6557147e-04
   3.6783428e-02  -1.6514247e-01  -8.3034043e-01  -6.6150378e-03   7.1034080e-03   8.2095486e-04
   4.0677572e-02  -1.8656147e-01  -8.4989206e-01  -6.4657510e-03   7.8168887e-03   1.0823968e-03
   3.8256838e-02  -1.8461846e-01  -7.9872069e-01  -5.5128282e-03   7.9534309e-03   1.1208011e-03
   3.7241176e-02  -1.8326736e-01  -9.1588140e-01  -7.3480931e-03   7.1154367e-03   1.0915454e-03
   5.1126624e-02  -1.7724353e-01  -9.6773403e-01  -7.7984244e-03   7.1555126e-03   7.7568298e-04
   8.8910693e-03  -1.4315537e-01  -6.3700102e-01   2.5938202e-03   7.5829641e-03   1.4834143e-03
   2.6214806e-02  -1.8286523e-01  -1.3300039e+00  -9.8214200e-03   4.4190617e-03   1.1270484e-03
   3.2904628e-02  -2.3264623e-01  -1.4394470e+00  -1.1901593e-02   3.1779612e-03   1.0366785e-03
   4.4805452e-02  -2.1455728e-01  -1.4385291e+00  -1.1722915e-02   3.4520460e-03   8.0777656e-04
   3.6672438e-02  -2.0020893e-01  -1.4131136e+00  -1.1697600e-02   2.9977979e-03   6.6900745e-04
   4.2701482e-02  -2.1575326e-01  -1.3987853e+00  -1.1726534e-02   3.4444205e-03   6.2462338e-04
  -2.3835996e-02  -1.8446019e-01  -6.5314725e-01  -1.1379490e-03   6.5816638e-03   1.4057695e-03
  -1.8276112e-02  -2.6802254e-01  -1.7642013e+00  -8.8192514e-03   9.8889799e-03   2.0783358e-03
   1.8653494e-02  -2.2123459e-01  -1.9353715e+00  -1.6156728e-02   9.0069555e-03   1.6190901e-03
   1.9054390e-02  -2.4946604e-01  -1.9211003e+00  -1.7066784e-02   8.9388085e-03   1.5557783e-03
   3.5213093e-02  -2.2816249e-01  -1.8708669e+00  -1.6206678e-02   8.4015836e-03   1.5014997e-03
   2.2652671e-02  -2.3370446e-01  -1.8298026e+00  -1.5179721e-02   8.5777975e-03   1.7345725e-03
   6.0389101e-03  -1.9252075e-01  -1.5532274e+00  -1.7916996e-02   9.2656170e-03   1.3859852e-03
   1.1725836e-02  -2.2888311e-01  -1.5691409e+00  -7.9150684e-03   7.2485452e-03   1.6382316e-03
   3.0698353e-02  -2.3732294e-01  -1.6312822e+00  -1.0216070e-02   6.6401108e-03   1.4116137e-03
   3.0931174e-02  -2.2470419e-01  -1.6700814e+00  -1.1280398e-02   5.9823874e-03   1.2193454e-03
   2.9329082e-02  -2.4313410e-01  -1.6761909e+00  -1.1925041e-02   5.3675728e-03   1.1215960e-03
   3.8855928e-02  -2.2537116e-01  -1.6658605e+00  -1.2075077e-02   5.2799509e-03   1.0162111e-03
   4.4754503e-02  -2.3075714e-01  -1.5844728e+00  -1.1046938e-02   4.5752148e-03   9.1470424e-04
   2.1658165e-02  -2.1238220e-01  -1.3610253e+00  -6.4468178e-03   5.6391132e-03   1.3748537e-03
   3.4567859e-02  -2.2524958e-01  -1.5676806e+00  -1.1499882e-02   4.9244151e-03   1.2200976e-03
   6.4078327e-02  -3.2213508e-01  -1.5289247e+00  -1.1169630e-02   5.0270229e-03   1.8147915e-04
   4.6563496e-02  -1.9645421e-01  -1.2863552e+00   2.6252029e-04   3.9174793e-03   2.3136220e-04
   5.2500071e-02  -2.5982664e-01  -1.7738616e+00  -1.1906401e-02   4.6563195e-03   5.9456478e-04
   4.6745052e-02  -3.4610443e-01  -1.7771898e+00  -1.9783989e-02   4.9521305e-03   1.0217615e-03
   5.2308867e-02  -1.7535111e-01  -9.2342668e-01   4.1910554e-04   6.5925753e-03   1.2851609e-03
   5.9420954e-02  -2.1966318e-01  -1.0755236e+00  -3.3400826e-03   6.0159621e-03   1.1138220e-03
   5.1903148e-02  -1.9539468e-01  -1.0744794e+00  -3.7119415e-03   5.7122433e-03   1.3877672e-03
   4.3784951e-02  -2.5235514e-01  -1.0394046e+00  -4.4621344e-03   8.0183789e-03   1.4224301e-03
   4.2453701e-02  -1.9380412e-01  -9.4877086e-01  -2.0133260e-03   8.1377391e-03   1.6956159e-03
   4.4244401e-02  -1.8841885e-01  -1.0285431e+00  -4.8669811e-03   7.1989521e-03   1.5525392e-03
   4.7243034e-02  -2.0945802e-01  -9.6766884e-01  -4.7159948e-03   6.4601858e-03   1.4554066e-03
   5.9253556e-02  -1.8645835e-01  -1.0562590e+00  -5.3780195e-03   5.2956989e-03   1.2973983e-03
   5.6019356e-02  -1.9075810e-01  -1.0706726e+00  -5.3919034e-03   4.5500453e-03   1.2283768e-03
   5.1074384e-02  -2.0610022e-01  -1.0192578e+00  -4.7251408e-03   4.2313720e-03   1.2718262e-03
   4.9167148e-02  -1.9605143e-01  -1.0512838e+00  -5.6185094e-03   4.0945826e-03   1.2795939e-03
  -4.5604334e-03  -1.8920435e-01  -9.3462112e-01  -4.9445502e-04   3.1679857e-03   6.9267853e-04
   5.7164021e-02  -2.4379852e-01  -1.6278155e+00  -8.1568139e-03   3.6524723e-03   9.6920605e-04
   5.8350746e-02  -2.4873495e-01  -1.7095607e+00  -1.1251151e-02   4.1204210e-03   8.9563396e-04
   5.7098775e-02  -2.4506980e-01  -1.6948127e+00  -1.1268707e-02   3.9291866e-03   1.0066378e-03
   4.9569433e-02  -2.5167166e-01  -1.7149072e+00  -1.1292088e-02   3.5747957e-03   1.0294348e-03
   6.0368539e-02  -2.4637192e-01  -1.6420850e+00  -1.0965001e-02   4.3571900e-03   7.4906968e-04
   5.8189535e-02  -2.2790029e-01  -1.7271556e+00  -1.1157924e-02   4.0040447e-03   8.3946188e-04
   5.1397403e-02  -2.2193864e-01  -1.6976365e+00  -1.1413580e-02   2.8271527e-03   9.7186931e-04
   5.7765948e-02  -2.0774710e-01  -1.6384307e+00  -1.0706549e-02   2.4726988e-03   7.5723039e-04
   4.6111419e-02  -2.0894705e-01  -1.6362367e+00  -1.0586789e-02   2.6994552e-03   8.8210150e-04
  -6.3398464e-02  -1.8317578e-01  -7.7031142e-01  -1.5633955e-03   4.7765770e-03   1.3941394e-03
   4.1782455e-02  -2.3320682e-01  -1.7318382e+00  -9.4129475e-03   5.2576737e-03   1.1776521e-03
   4.7193364e-02  -2.3774905e-01  -1.6399080e+00  -1.0108655e-02   4.5289594e-03   1.1305598e-03
   6.2867045e-02  -2.1872437e-01  -1.5123567e+00  -8.7472170e-03   3.9389135e-03   9.7060833e-04
   4.8133112e-02  -2.2499094e-01  -1.5609555e+00  -9.9055487e-03   3.9913318e-03   1.1691202e-03
   5.6847411e-02  -2.0598733e-01  -1.5771150e+00  -9.6813143e-03   3.7735865e-03   9.7547194e-04
   5.6804392e-02  -1.7047936e-01  -1.0213690e+00   8.0317926e-04   7.0741487e-03   1.0652356e-03
   5.2269828e-02  -1.9575913e-01  -1.2762381e+00  -6.8183095e-03   5.2032217e-03   1.2097727e-03
   5.8408889e-02  -2.0772692e-01  -1.2941869e+00  -7.5424201e-03   6.0268732e-03   1.1290206e-03
   6.8243309e-02  -1.8905953e-01  -1.1403450e+00  -4.9933678e-03   6.9794778e-03   1.1594679e-03
   7.1520001e-02  -1.7095280e-01  -1.1904829e+00  -6.0171432e-03   7.6019504e-03   1.1403334e-03
   4.5406437e-02  -1.8545948e-01  -1.2383014e+00  -6.2895454e-03   8.3400085e-03   1.5529650e-03
   5.5044331e-02  -2.2041411e-01  -1.2441229e+00  -5.5015391e-03   8.4856862e-03   9.0108056e-04
   4.8600469e-02  -2.1348568e-01  -1.6663183e+00  -8.4594393e-03   5.9205793e-03   1.4637600e-03
   3.9989931e-02  -2.0986684e-01  -1.7284014e+00  -1.0994685e-02   5.5658959e-03   1.3025804e-03
   3.3174927e-02  -2.2816044e-01  -1.7667460e+00  -1.2530615e-02   6.1469127e-03   1.6965970e-03
   2.6868515e-03  -2.1562451e-01  -1.6693105e+00  -9.9384746e-03   7.3232717e-03   2.1367524e-03
   1.6435613e-02  -2.0239197e-01  -1.7251456e+00  -1.1414577e-02   5.9027581e-03   1.7613526e-03
   1.7734887e-02  -2.0966935e-01  -1.7464710e+00  -1.2408900e-02   6.3169940e-03   1.7602319e-03
   1.3517393e-02  -2.2881991e-01  -1.5268226e+00  -8.2698708e-03   6.3675866e-03   1.9249407e-03
   4.1897329e-02  -2.0586807e-01  -1.6204509e+00  -1.0325429e-02   6.3404913e-03   1.5891636e-03
   5.1315789e-02  -2.2175636e-01  -1.6551660e+00  -1.0848146e-02   5.8654326e-03   1.3333382e-03
   4.5895690e-02  -2.0006906e-01  -1.7364790e+00  -1.2019642e-02   5.8532907e-03   1.5486625e-03
   6.2758004e-02  -2.7488835e-01  -1.7578702e+00  -1.7026709e-02   5.9653029e-03   3.4088459e-04
   4.6969419e-02  -2.6812917e-01  -1.9120442e+00  -9.5616865e-03   5.9154019e-03   2.4352194e-04
   2.0442096e-03  -2.9282868e-01  -2.9657099e+00  -2.4744228e-02   4.9827987e-03   1.6488042e-03
   3.8946747e-03  -2.8678344e-01  -2.9324077e+00  -2.5925483e-02   5.1386652e-03   1.2465084e-03
   2.1684222e-02  -3.0148554e-01  -2.7775386e+00  -2.3417983e-02   6.4872668e-03   1.1464848e-03
   2.3394263e-02  -2.8898226e-01  -2.7617460e+00  -2.3256052e-02   5.0277359e-03   1.0630168e-03
   2.2438860e-02  -2.8910445e-01  -2.6663940e+00  -2.2456298e-02   4.8037432e-03   9.6852011e-04
   3.1368819e-02  -2.6944819e-01  -2.5974552e+00  -2.1372901e-02   3.9118034e-03   6.7542268e-04
   2.9243785e-02  -3.4951893e-01  -2.5558158e+00  -1.8357852e-02   4.7863642e-03   7.4836471e-04
   5.4602913e-02  -2.5970795e-01  -2.0331047e+00  -1.2717127e-02   4.6241807e-03   6.6717277e-04
   5.3861416e-02  -2.6517776e-01  -2.0729896e+00  -1.4287391e-02   4.3243352e-03   5.5845551e-04
   4.7416421e-02  -2.8143456e-01  -2.1494918e+00  -1.6167697e-02   3.8445757e-03   7.2625877e-04
   7.5927654e-02  -3.4839749e-01  -2.3852074e+00  -1.2672393e-02   4.5797529e-03   9.1549847e-04
   1.1613706e-01  -3.0789112e-01  -2.5609586e+00  -1.8245406e-02   5.0922856e-03   6.3137652e-04
   1.1300751e-01  -3.0820171e-01  -2.5340490e+00  -1.8481599e-02   5.5153873e-03   6.7713819e-04
   1.0405987e-01  -3.1236716e-01  -2.5720295e+00  -1.9435309e-02   5.9556413e-03   6.2710643e-04
   9.4864098e-02  -3.1585194e-01  -2.6774846e+00  -2.0329288e-02   3.8400365e-03   5.8285017e-04
   1.0206783e-01  -2.9916971e-01  -2.5917425e+00  -2.0663042e-02   4.9227092e-03   3.9166752e-04
   1.0016534e-01  -3.1409122e-01  -2.5479908e+00  -1.9998567e-02   5.9780441e-03   4.6671091e-04
   8.8037287e-02  -3.2046242e-01  -2.5410649e+00  -1.9611765e-02   6.3088997e-03   8.0951004e-04
   9.2212201e-02  -3.1643398e-01  -2.5503409e+00  -1.9584933e-02   6.0792134e-03   6.9605213e-04
   7.3713659e-02  -3.4514084e-01  -2.5452027e+00  -2.2778968e-02   8.0844826e-03   6.7354384e-04
   3.7671208e-02  -2.8114176e-01  -2.2908186e+00  -1.6848443e-02   8.3903086e-03   1.8170813e-03
   5.7628069e-02  -2.7857770e-01  -2.2591915e+00  -1.7123314e-02   7.6989747e-03   1.4394264e-03
   6.2021871e-02  -2.8489919e-01  -2.3088328e+00  -1.7637784e-02   7.2394743e-03   1.2211198e-03
   6.5059537e-02  -2.8303701e-01  -2.3509598e+00  -1.7496617e-02   6.4885415e-03   1.2308149e-03
   4.5859609e-02  -2.9208525e-01  -2.3227627e+00  -1.4549795e-02   7.8570975e-03   1.8150399e-03
   4.3204238e-02  -2.8845395e-01  -2.3471803e+00  -2.8687112e-02   1.1835841e-02   1.2469788e-03
  -6.1000867e-02  -3.0365893e-01  -2.4077690e+00  -2.0852550e-02   2.0083199e-03   1.4147400e-03
  -1.1383774e-01  -1.8624764e-01  -1.6349222e+00  -1.3920064e-02  -1.1456823e-03   2.2263210e-03
  -4.7749825e-02  -1.9278093e-01  -1.9446461e+00  -1.2192316e-02   1.7734529e-04   1.7394105e-03
  -2.2882093e-02  -2.1092741e-01  -1.9680824e+00  -1.3263005e-02  -9.3303927e-06   1.3177029e-03
  -2.2035110e-02  -2.2831993e-01  -2.0129393e+00  -1.3995637e-02  -1.0066399e-03   1.1427428e-03
   4.2001201e-04  -2.2862993e-01  -2.1154420e+00  -1.4054129e-02  -2.6541712e-04   1.1061751e-03
   6.6568621e-04  -2.2396258e-01  -2.0718642e+00  -1.4255789e-02  -1.0342112e-03   1.0948061e-03
  -2.7510071e-04  -2.1487565e-01  -2.0495284e+00  -1.3999277e-02  -7.7690635e-04   9.7391828e-04
   4.1094058e-03  -2.2998943e-01  -2.1140480e+00  -1.4854748e-02  -1.2253678e-03   9.0201416e-04
   7.1028185e-04  -2.2237204e-01  -2.1585096e+00  -1.3811023e-02  -1.3760414e-03   7.3590090e-04
   1.3859521e-03  -2.0996459e-01  -2.1519868e+00  -1.5206201e-02  -1.8387593e-03   8.6648932e-04
  -2.8362727e-03  -2.3608984e-01  -2.1015860e+00  -1.3996424e-02  -6.6455084e-04   8.7325775e-04
   2.0448148e-03  -2.3074603e-01  -2.1134101e+00  -1.4713065e-02  -7.0044572e-04   8.2627477e-04
  -1.5870679e-02  -1.7712808e-01  -1.3290018e+00  -5.2584572e-03   3.7737670e-03   1.5319555e-03
   1.4024088e-02  -1.9433197e-01  -1.6715209e+00  -4.4598468e-03   6.7176060e-04   1.4424957e-03
   2.8953707e-02  -2.0628165e-01  -1.5945916e+00  -6.5876555e-03   1.0468001e-04   1.2475733e-03
   2.7559613e-02  -1.9538133e-01  -1.5767430e+00  -6.6764346e-03  -8.0762738e-04   1.3504368e-03
   4.9191975e-02  -2.0694523e-01  -1.6480866e+00  -7.2467191e-03   3.7676299e-04   1.0994950e-03
   4.9529193e-02  -2.0580550e-01  -1.5777445e+00  -6.4649296e-03   5.2723252e-04   1.2402788e-03
   5.6654909e-02  -2.0578369e-01  -1.5629623e+00  -6.6897286e-03  -6.6011123e-05   1.0993572e-03
   7.3642829e-02  -2.7511022e-01  -1.6023521e+00  -9.4085976e-03  -5.4271185e-04   1.4530737e-04
   1.0024118e-01  -2.3305638e-01  -1.1311218e+00  -2.0461773e-03   2.4468959e-03   1.6484252e-04
   1.0769529e-01  -2.2174911e-01  -1.2579506e+00  -5.2510967e-03   4.1398583e-03   2.1094016e-04
   1.1099032e-01  -2.4897814e-01  -1.3051833e+00  -4.6637053e-03   3.5818837e-03   1.2969483e-04
   9.0895540e-02  -2.6443655e-01  -1.3412469e+00  -6.7657667e-03   3.8712176e-03   6.3632924e-04
   5.8622871e-02  -2.2074023e-01  -1.3324045e+00  -1.4502919e-03   4.3208659e-03   7.0347861e-04
   6.7833101e-02  -2.5441103e-01  -1.5567433e+00  -8.0114205e-03   3.6261935e-03   7.9091608e-04
   6.2630932e-02  -2.1043941e-01  -1.3456845e+00  -2.7685671e-03   3.6667564e-03   9.5176391e-04
   6.0943533e-02  -2.0188913e-01  -1.4653021e+00  -6.0184264e-03   4.0048795e-03   1.0821997e-03
   5.1105318e-02  -2.1328661e-01  -1.4894952e+00  -6.2340946e-03   3.4858528e-03   1.1368253e-03
   6.0437505e-02  -2.0744662e-01  -1.5349269e+00  -6.4979482e-03   2.9368223e-03   1.0467693e-03
   5.6266338e-02  -2.2662528e-01  -1.5782992e+00  -6.2274203e-03   2.7166396e-03   1.0380568e-03
   6.0923503e-02  -2.0753512e-01  -1.5641652e+00  -6.5390249e-03   3.1158535e-03   7.2423659e-04
   6.2054487e-02  -2.2921296e-01  -1.5820946e+00  -5.9087710e-03   4.2115704e-03   1.0090345e-03
   5.0752323e-02  -1.9419058e-01  -1.5664317e+00  -6.7049056e-03   3.9497297e-03   1.0744446e-03
   5.4799091e-02  -2.0667514e-01  -1.5763325e+00  -7.0400605e-03   3.5636926e-03   1.0406156e-03
   1.1299547e-01  -2.5182846e-01  -1.5170227e+00  -2.1269633e-04   8.0802308e-03   1.0105398e-03
   6.7596794e-02  -2.3413562e-01  -2.1011614e+00  -1.4835518e-02   1.1098686e-02   1.5379720e-03
   7.4836835e-02  -2.2812605e-01  -2.1261708e+00  -1.5346824e-02   1.0209505e-02   1.2357287e-03
   7.1417006e-02  -2.9704769e-01  -2.1624278e+00  -1.9862761e-02   8.9184650e-03   1.4163379e-03
   6.4900271e-02  -1.8898168e-01  -1.8471582e+00  -7.0573017e-03   4.5522168e-03   1.0867643e-03
   7.5270645e-02  -2.2102973e-01  -1.9022606e+00  -9.1329777e-03   4.6145359e-03   1.1239328e-03
   7.7710806e-02  -2.1272193e-01  -1.9317342e+00  -9.3214708e-03   4.0191777e-03   7.7590223e-04
   9.3486228e-02  -2.2120889e-01  -1.8919966e+00  -9.4100790e-03   4.7127181e-03   9.6619132e-04
   8.2373510e-02  -2.3781978e-01  -1.8683793e+00  -1.0472842e-02   4.4969058e-03   7.9175645e-04
   7.0380253e-02  -2.0773577e-01  -1.5289158e+00  -5.1323804e-03   6.2283523e-03   1.2044964e-03
   7.9855883e-02  -1.2407428e-01  -1.0425145e+00  -1.6331036e-02  -4.3018775e-03  -4.1867527e-04
   9.1954754e-02  -1.1214385e-01  -2.9186841e-01   2.1116810e-03  -9.9551432e-03  -7.9765330e-04
   7.2761062e-02   1.2946235e-02  -4.7516183e-01   3.2514870e-03  -8.8631928e-03   9.9916632e-05
   7.0585541e-02  -9.4271930e-02  -1.2019886e+00  -9.3022925e-03  -6.5640899e-03   2.5894617e-04
   6.0431376e-02  -1.4396195e-01  -1.6370053e+00  -1.1509417e-02  -4.7129567e-03   7.6902304e-04
   4.2919983e-02  -2.4445014e-01  -2.0339329e+00  -1.0401152e-02   2.5843703e-04   1.0821543e-03
   9.5053590e-02  -1.9433786e-01  -1.7541110e+00  -1.2316837e-02  -6.7688874e-03  -2.5004561e-04
   4.9008431e-02  -1.5826565e-01  -1.5175126e+00  -8.7088203e-03  -7.3072977e-04   3.1241800e-04
   4.6500197e-02  -1.7178061e-01  -1.4543304e+00  -7.5859459e-03  -7.9506856e-04   3.4815075e-04
   6.2718013e-02  -1.6639521e-01  -1.5793852e+00  -8.8101532e-03  -2.5689584e-03  -7.9734884e-04
   8.1260688e-02  -2.0811957e-01  -2.1581824e+00  -8.2984178e-03  -2.5660268e-03   2.9940058e-04
   5.9331657e-05  -1.8888742e-01  -2.3299630e+00  -1.5480969e-02   3.4792320e-03   1.8444635e-03
  -6.0194188e-03  -2.0332730e-01  -2.4239824e+00  -1.3539778e-02   3.9327067e-04   2.0575117e-03
   3.0350104e-02  -2.2623147e-01  -2.4843157e+00  -1.7095957e-02  -3.0228075e-04   3.0271772e-04
   9.2763414e-02  -2.7995264e-01  -2.0851102e+00  -1.3613110e-02  -5.5580292e-03  -1.9941441e-03
   7.6552062e-02  -1.6287833e-01  -2.0005496e+00  -1.1884154e-02  -4.7157003e-03  -8.7112607e-04
   9.3096310e-04  -3.5771191e-01  -3.0886119e+00  -2.7769874e-02   1.2759838e-03   1.3735509e-04
  -2.0090317e-01   2.4264712e-02   1.4897504e+00   2.2799373e-02  -9.5798106e-03   2.6686270e-03
  -1.5001198e-01  -9.4365926e-02  -2.0066780e-01  -2.2545663e-03  -6.1340956e-03   1.8754671e-03
  -1.9592022e-01  -1.9664901e-01  -1.5901526e+00  -1.8989351e-02  -1.4985787e-02   1.9179315e-03
  -1.6080700e-01  -1.5420138e-01  -8.1485226e-01  -4.6360416e-03  -1.1324907e-02   1.7429067e-03
  -1.1813773e-01  -1.4509768e-01  -6.1388431e-01  -8.0443229e-04  -1.1807877e-02   1.3396581e-03
  -8.3427913e-02  -1.7357071e-01  -6.0692710e-01   3.3680704e-04  -1.0177116e-02   6.8908864e-04
  -9.3380055e-02  -1.4590836e-01  -4.2153610e-01   2.2631199e-03  -1.0978650e-02   1.1018055e-03
  -5.7949017e-02   5.5673194e-03  -2.0059995e-01  -1.2125083e-02  -1.3918889e-02   2.1678275e-03
   2.6716700e-02   9.6671290e-02   1.1766793e+00   1.2341308e-02  -1.3054543e-02   9.9181205e-04
   2.3893414e-02   8.5685537e-02   1.1395718e+00   1.2004259e-02  -1.3315880e-02   9.6688533e-04
   1.2784646e-02   6.9233764e-02   1.0849829e+00   1.2736995e-02  -1.3442787e-02   9.2440610e-04
   2.3612817e-02   2.5818387e-02   9.7315465e-01   1.1940462e-02  -1.3400680e-02   8.8515166e-04
   2.1175311e-02   8.6295290e-03   7.8877046e-01   1.1735102e-02  -1.5194516e-02   6.1133255e-04
   2.3357854e-02  -3.4569990e-02   5.2003156e-01   7.5017401e-03  -1.4288477e-02   8.3112100e-04
   2.9203087e-02  -3.2835537e-02   4.7525147e-01   7.7858773e-03  -1.4256191e-02   7.5495962e-04
   3.9683814e-02  -3.6915197e-02   4.3204512e-01   6.6767735e-03  -1.2008327e-02   9.0852461e-04
   3.8575579e-02  -4.3490394e-02   3.4968074e-01   6.4074507e-03  -1.1146735e-02   8.4500264e-04
   4.5639851e-02  -3.3469695e-02   3.5447459e-01   7.0174273e-03  -1.0748370e-02   1.0155594e-03
  -6.4073056e-02  -1.3217424e-01  -1.0556286e-01   1.0742777e-02  -7.9984385e-03   4.8873832e-04
   2.7218230e-02   7.6191709e-02   1.5917296e+00   7.3366168e-03  -1.2060937e-02   4.5168867e-04
   4.6257629e-02   1.7825191e-01   1.4083092e+00   2.6837624e-02  -1.6186168e-02  -1.2418900e-03
   9.0793601e-02  -9.8071228e-02  -1.1823408e+00  -8.5245504e-03  -9.0286595e-03  -3.3042427e-04
   8.7735239e-02  -1.2264950e-01  -1.1574770e+00  -8.3557194e-03  -9.4879369e-03  -3.7019561e-04
   7.6396082e-02  -1.0257089e-01  -1.1435156e+00  -8.0168722e-03  -9.4157391e-03  -3.1123753e-04
   7.9117382e-02  -1.0269404e-01  -1.2244260e+00  -8.2089121e-03  -9.6468480e-03  -2.2969927e-04
   7.8454070e-02  -1.1072732e-01  -1.3420845e+00  -9.7148266e-03  -9.6149306e-03  -3.4541192e-04
   7.0764509e-02  -1.3311158e-01  -1.4338130e+00  -1.1136926e-02  -9.1352898e-03  -2.0915835e-04
   7.0926433e-02  -1.3553135e-01  -1.6172762e+00  -1.1234411e-02  -1.2215408e-02  -4.2143455e-04
   7.6600671e-02  -1.1244629e-01  -1.4709040e+00  -1.0501644e-02  -1.2375004e-02  -4.8339289e-04
   7.1467770e-02  -1.3768467e-01  -1.4840298e+00  -1.0999825e-02  -1.1614698e-02  -2.4557218e-04
   8.4298770e-02  -1.5087987e-01  -1.5105533e+00  -1.1226126e-02  -1.1172069e-02  -5.6754064e-04
   5.5815718e-02  -1.2058408e-01  -1.5443406e+00  -1.2228781e-02  -1.0666507e-02   1.2968484e-04
   7.1527034e-02  -1.3119876e-01  -1.4900293e+00  -1.1453718e-02  -8.6086000e-03  -1.2858829e-04
   7.6765429e-02  -1.2997796e-01  -1.5016310e+00  -1.2279119e-02  -1.0027826e-02  -7.4358951e-04
   7.1462236e-02  -1.1519222e-01  -1.2293943e+00  -7.3505073e-03  -1.1515197e-02  -9.2718677e-04
   8.8635169e-02  -1.2566880e-01  -1.3105811e+00  -7.5102839e-03  -1.0579880e-02  -9.3819114e-04
   7.2862777e-02  -1.3572061e-01  -1.2924540e+00  -7.1598719e-03  -1.2329962e-02  -1.0383777e-03
   7.9558988e-02  -1.1713168e-01  -1.2589884e+00  -5.9981250e-03  -1.0536750e-02  -9.8641323e-04
   7.6025315e-02  -2.2078583e-01  -1.2958115e+00  -2.0891036e-02  -7.9063422e-03  -1.3653314e-03
  -1.1481932e-01  -2.5296714e-02   4.1766143e-01   1.4105487e-02  -9.8063214e-03   1.4344534e-03
  -1.8549204e-02  -9.5167503e-03   3.0227592e-02   9.9989150e-03  -1.1563515e-02   1.6587528e-03
  -3.0549809e-02   1.1913118e-01   3.4163988e-02  -4.4383703e-03  -1.3515156e-02   1.4445375e-03
  -5.5406552e-04   1.1656485e-01   4.7318129e-01   7.7994000e-03  -1.6158855e-02   8.7972881e-04
  -2.1531470e-04   9.2438019e-02   3.3964937e-01   5.4933258e-03  -1.5699004e-02   7.2055366e-04
   3.2608535e-02   2.5151250e-02   2.2374626e-01   5.8858171e-03  -1.4615457e-02   2.0657053e-04
   2.9000995e-02   2.4311980e-02   1.6105344e-01   5.1745275e-03  -1.4067122e-02   4.2805450e-04
   9.8948071e-03   2.8274220e-02  -4.8043836e-02   4.0407364e-03  -1.4305061e-02   7.4504437e-04
   2.2203263e-02   2.0907078e-03   1.2636942e-02   3.7530456e-03  -1.3541316e-02   5.4322133e-04
   2.2716314e-02   7.4405506e-03  -1.0534208e-02   3.1898530e-03  -1.2970850e-02   6.9075676e-04
   3.7005783e-03   1.8757332e-02   1.1033870e-01   3.9568174e-03  -1.4286535e-02   7.0593204e-04
  -6.9225282e-03   5.2935223e-02   7.0031132e-02   4.1630466e-03  -1.2827117e-02   1.3223520e-03
  -7.7306738e-02  -2.3606155e-01  -1.2633874e+00   8.9633509e-03  -9.4617396e-03   1.8492814e-03
  -1.3992373e-02  -9.2108152e-03  -2.7225948e+00  -3.4513088e-02  -1.7235090e-02   9.5400505e-04
  -5.1002348e-02   4.3159825e-02  -1.9164937e-01  -5.5105194e-03  -8.9759636e-03   2.0405848e-03
  -1.1681213e-02   4.4029255e-02  -1.9012781e-01   1.3458005e-03  -9.6728136e-03   1.7007615e-03
  -1.1595095e-02   8.8624748e-03  -2.7427551e-01  -2.1091707e-04  -9.5525719e-03   1.5419411e-03
  -8.4250564e-03  -4.4326818e-02  -6.0356386e-01  -4.1777183e-03  -7.6753454e-03   1.4885695e-03
  -2.8582247e-02   2.4786658e-02  -6.2722858e-01  -2.3706508e-03  -1.0228705e-02   2.3105440e-03
   5.8662798e-03  -9.7348843e-02  -1.7327965e+00  -1.1911255e-02  -1.2874328e-02   8.5898144e-04
   2.8368552e-02  -1.3733951e-01  -1.7611419e+00  -1.2670812e-02  -1.0937819e-02   1.4281666e-05
   3.1565789e-02  -1.3259328e-01  -1.7729924e+00  -1.0689180e-02  -1.0623657e-02  -1.6374145e-04
   2.5218276e-02  -1.4235329e-01  -1.6932290e+00  -1.4654370e-02  -8.6124519e-03   3.5001963e-04
   3.4510091e-02  -9.3245344e-02  -1.0582687e+00  -7.3756658e-04  -6.7270449e-03   5.7381201e-04
   3.9897547e-02  -9.8896343e-02  -1.3594387e+00  -6.3872628e-03  -6.0615135e-03   7.0386605e-04
   2.1706168e-02   2.7546233e-02   5.2649778e-02   2.9541024e-03  -1.2557297e-02   7.2417024e-04
   2.8322249e-03   3.9413119e-02  -3.6861974e-02   4.3692480e-03  -1.4345378e-02   7.4116907e-04
  -3.4722358e-03   2.8515893e-02  -2.3189127e-01   2.7163905e-03  -1.3684029e-02   7.1847741e-04
   1.1153338e-02  -3.4059417e-02  -5.0844955e-01  -1.4035493e-03  -1.2261556e-02   6.1329184e-04
   9.2349119e-03  -2.3978942e-02  -6.3669561e-01  -1.8088116e-03  -1.1857185e-02   6.9489210e-04
   2.1558106e-02  -5.0813400e-02  -9.8982924e-01  -3.6322784e-03  -1.1056173e-02   7.0511085e-04
   1.1837687e-02  -5.5600163e-02  -1.1980501e+00  -6.9917556e-03  -1.0840574e-02   6.6041185e-04
   3.5417083e-02  -8.1853286e-02  -1.2160506e+00  -5.0566850e-03  -1.1920604e-02  -1.6549516e-04
   3.2021890e-02  -1.2152250e-01  -1.5297090e+00  -6.2573249e-03  -1.3333773e-02   2.5635306e-04
   4.6039388e-02  -1.1405078e-01  -1.5473291e+00  -8.5936614e-03  -1.1384859e-02   4.8235613e-04
   5.0157975e-02  -1.2385320e-01  -1.6163930e+00  -9.6233504e-03  -1.0723644e-02   3.3258958e-04
   3.2265146e-02  -7.5495137e-02  -9.4952842e-01  -1.4520698e-02  -1.2758393e-02   2.3876604e-04
  -8.2123198e-03   1.1437811e-02  -1.1239320e+00  -6.3619591e-03  -1.0590130e-02   1.0501153e-03
   3.4155729e-03  -4.7665414e-02  -1.2840550e+00  -7.7317076e-03  -1.0059746e-02   6.5400343e-04
  -2.8100336e-03  -6.7046306e-02  -1.4337805e+00  -9.8313007e-03  -1.0491827e-02   8.9695581e-04
   1.1047191e-02  -8.0639107e-02  -1.6440996e+00  -1.0305989e-02  -9.7880873e-03   6.0798036e-04
   1.9062124e-02  -3.1518707e-01  -1.3598171e+00  -2.1241955e-02  -8.1716107e-03  -1.5530022e-03
  -1.5976144e-01  -1.2008917e-01  -8.5366341e-01   4.0093379e-03  -1.4209478e-02   1.8783446e-03
  -9.5803698e-02  -1.2251483e-01  -1.1600975e+00  -2.9917239e-03  -9.1046849e-03   1.9550870e-03
  -7.3323447e-02  -1.2597039e-01  -1.1118137e+00  -2.9815106e-03  -8.0293504e-03   1.4107681e-03
  -5.3689952e-02  -1.2757454e-01  -1.1431016e+00  -2.7738773e-03  -7.6594974e-03   1.3216707e-03
  -4.2357449e-02  -1.4421916e-01  -1.1726925e+00  -4.0647719e-03  -7.5418880e-03   1.4252368e-03
  -5.0544194e-02  -1.2432187e-01  -1.1805330e+00  -4.1773818e-03  -7.0960513e-03   1.4492825e-03
  -9.8286805e-02  -1.4996641e-03  -1.3886030e+00  -1.5458392e-02  -1.2750844e-02   3.9419739e-03
  -5.9301559e-02   4.4003693e-02  -5.9574804e-01  -3.1504426e-03  -1.4006294e-02   2.8393018e-03
   6.1839658e-02   4.0398950e-03  -5.9584631e-01   1.1723854e-02  -4.1890645e-03  -2.7041255e-04
   4.6079104e-02  -1.5115784e-01  -1.7330219e+00  -9.9444185e-03   2.1879247e-03   2.3698449e-04
   5.6855660e-02  -1.6883550e-01  -1.8337472e+00  -1.0871977e-02   1.5220042e-03   5.5333809e-04
   4.1984304e-02  -1.6121479e-01  -1.7351732e+00  -7.7503298e-03   1.0255346e-03   5.2370385e-04
   4.8479762e-02  -1.4723877e-01  -1.7064333e+00  -8.9321974e-03   7.3213882e-04   3.7047227e-04
   1.3584787e-02  -5.2469747e-02  -6.4059608e-01  -1.6627980e-03  -1.6453120e-03   1.3955751e-03
   4.9388077e-02  -8.5636908e-02  -1.0710557e+00   2.2311756e-03  -5.2849765e-03   1.0838089e-03
   5.0164603e-02  -1.3045438e-01  -1.1460582e+00  -4.2619329e-04  -4.6862785e-03   9.2919692e-04
  -1.5593601e-02  -9.7866544e-02  -8.3744277e-01   6.9182890e-03  -5.3025028e-03   2.2104282e-03
   2.1152006e-02  -1.1994114e-01  -1.4572326e+00  -4.2720723e-03  -4.8540954e-03   1.8478467e-03
   1.8676270e-02  -4.9713620e-02  -8.3871523e-01  -1.0455514e-02  -6.3173995e-03   2.7094856e-03
   3.5586884e-02   2.6258993e-02   3.1344708e-02   9.2855523e-03  -6.6047271e-03   2.3623325e-03
   3.3438544e-02  -3.4764353e-03  -1.7759205e-01   6.4508539e-03  -6.4682665e-03   2.2229393e-03
   3.1266588e-02   1.1235760e-02  -2.8035436e-01   5.2819655e-03  -5.2233921e-03   2.1822935e-03
   3.4403403e-02  -1.2792107e-02  -2.8779766e-01   5.8621525e-03  -6.0847977e-03   2.2609911e-03
   3.7181787e-02  -3.4211416e-02  -5.4368357e-01   2.3969534e-03  -6.4196095e-03   1.9036870e-03
   3.6630059e-02  -3.8074914e-02  -5.6494344e-01   2.6510838e-03  -6.8349187e-03   1.7461340e-03
   3.7787931e-02  -2.1453178e-02  -6.1997659e-01   1.9782328e-03  -5.5610573e-03   2.0221810e-03
   5.5678109e-02  -5.2782587e-02  -8.8448046e-01   1.2167396e-03  -6.0715096e-03   1.6215453e-03
   3.5049741e-02  -4.0602175e-02  -9.3630271e-01  -1.2463456e-03  -6.3751565e-03   1.4566296e-03
   3.7684821e-02  -6.6196657e-02  -9.7473941e-01  -1.4096927e-03  -6.5232406e-03   1.5495989e-03
   4.4117663e-02  -4.5223464e-02  -9.9146814e-01  -1.1373312e-03  -6.4668387e-03   1.3304905e-03
   4.6656650e-02  -4.5445418e-02  -1.0915544e+00   1.0007047e-04  -6.6689176e-03   1.1395721e-03
   5.6724502e-02  -4.9585614e-02  -1.3073898e+00  -5.2424685e-03  -8.7468819e-03   1.0985535e-03
   3.2335806e-02  -7.3815810e-02  -1.4534617e+00  -6.2092344e-03  -7.0230074e-03   1.5062072e-03
   2.8383142e-02  -6.2689825e-02  -1.2982610e+00   2.4273065e-03  -2.3669642e-03   1.9774614e-03
   2.8947001e-02  -1.0056559e-01  -1.7804383e+00  -8.4457419e-03  -3.4357717e-03   1.6357970e-03
   4.2333638e-02  -1.2445518e-01  -1.7911364e+00  -8.7409350e-03  -3.3670136e-03   1.3984853e-03
   3.9002145e-02  -8.5911872e-02  -1.9393007e+00  -1.2433714e-02  -5.7429255e-03   1.6712344e-03
   5.2145223e-02  -1.2067732e-01  -1.9286880e+00  -1.1409439e-02  -4.7584854e-03   1.3776504e-03
   5.7918855e-02  -1.0737052e-01  -1.9448005e+00  -1.0211731e-02  -4.5381142e-03   1.2606775e-03
   7.4884281e-02  -2.3525729e-01  -2.0548397e+00  -1.7497247e-02  -4.9339953e-03  -9.5438332e-04
   1.1412611e-01  -1.0826733e-01  -1.5552419e+00  -4.7231056e-03  -2.5747694e-03  -4.5164059e-04
   1.3252221e-01  -2.1000139e-02  -1.7735790e+00  -1.8343026e-02  -8.0151505e-03   1.6145805e-03
   1.1330464e-01  -6.9704758e-03  -2.9094295e-01   4.3453944e-03  -7.1195330e-03   3.7284696e-04
   1.1930205e-01  -7.9641140e-03  -4.4729745e-01   4.2392414e-03  -5.1668570e-03   4.8811845e-04
   1.1956049e-01  -8.4941349e-02  -8.4994895e-01  -9.1147559e-05  -3.3535540e-03   4.7854871e-04
   1.1183154e-01  -7.8547021e-02  -1.1197943e+00  -2.7218190e-03  -3.6623617e-03   8.1555547e-04
   1.0404013e-01  -8.7746862e-02  -1.3329032e+00  -6.3801056e-03  -3.2219111e-03   1.0664689e-03
   6.4158055e-02  -6.1272472e-02  -1.5054405e+00  -3.7642286e-03  -9.8006881e-04   1.8538124e-03
   5.6277040e-02  -9.9096731e-02  -1.8616365e+00  -9.8996972e-03  -1.2820959e-03   1.9328827e-03
   5.5430217e-02  -1.1809490e-01  -1.8864258e+00  -1.0435453e-02  -8.8416653e-04   1.7659606e-03
   4.7736377e-02  -1.0320042e-01  -1.9235726e+00  -1.0944426e-02  -1.0613201e-03   1.8712079e-03
   5.0197772e-02  -1.0173608e-01  -1.9395248e+00  -1.1432484e-02  -7.5730184e-04   1.8264276e-03
   5.7016121e-02  -1.3031111e-01  -1.8646984e+00  -8.7174665e-03  -1.3351724e-03   1.7189684e-03
   5.3611614e-02  -1.2037945e-01  -1.8256813e+00  -1.5073511e-02   3.5384919e-04   1.5657678e-03
   4.0439371e-02  -9.0127047e-02  -1.1879086e+00  -2.5000006e-03  -3.6630890e-03   2.5993895e-03
   5.8563136e-02  -8.4860295e-02  -1.4166003e+00  -3.1331714e-03  -4.2339766e-03   2.0766054e-03
   6.5052185e-02  -1.0033218e-01  -1.5424271e+00  -6.9811495e-03  -3.6967984e-03   1.7772792e-03
   8.0639394e-02  -1.1408797e-01  -1.5562587e+00  -8.0025862e-03  -3.3426270e-03   1.4516133e-03
   7.9824425e-02  -1.0274455e-01  -1.6931065e+00  -7.1206185e-03  -4.4212278e-03   1.4640076e-03
   8.2145537e-02  -1.2141644e-01  -1.7591660e+00  -8.7911294e-03  -3.6968058e-03   1.5210464e-03
   8.1112293e-02  -1.1298203e-01  -1.7570914e+00  -8.3137082e-03  -3.8998807e-03   1.3643616e-03
   8.4776483e-02  -1.2506936e-01  -1.8471980e+00  -9.3784630e-03  -3.1721744e-03   1.3481014e-03
   7.6429884e-02  -1.2662432e-01  -1.9696949e+00  -1.0507607e-02  -3.2909328e-03   1.3887680e-03
   8.4214606e-02  -1.3763222e-01  -2.0392555e+00  -1.1175757e-02  -3.6276724e-03   1.4288589e-03
   7.5661364e-02  -1.3992860e-01  -2.0786677e+00  -1.2467348e-02  -2.8610635e-03   1.3408138e-03
   4.1288383e-02  -1.1060527e-01  -2.0999581e+00  -1.4368707e-02  -6.8245837e-03   2.5055820e-03
   6.9060431e-02  -1.8877401e-01  -1.7129219e+00  -9.5023149e-03  -3.2325953e-03  -9.0491896e-04
  -4.8628756e-03  -6.7465784e-02  -1.9030131e+00  -1.3089934e-03  -7.8739747e-03   3.1243000e-03
   1.0952500e-02  -1.5857242e-01  -2.5901038e+00  -1.7886840e-02  -6.5412061e-03   2.6781304e-03
   1.6716609e-02  -1.7948637e-01  -2.6555379e+00  -1.8956567e-02  -5.0999413e-03   1.9246275e-03
   2.7853751e-02  -1.3406814e-01  -1.8105927e+00  -2.7868589e-04  -3.1192074e-03   2.2479371e-03
   6.7703610e-02  -1.7428054e-01  -2.6159635e+00  -1.3109203e-02  -5.0968094e-03   1.3189149e-03
   7.4069028e-02  -1.2677090e-01  -2.5764095e+00  -1.2514384e-02  -3.6898250e-03   1.5242418e-03
   4.6702404e-02  -2.1825463e-01  -2.5557769e+00  -1.2984524e-02  -4.4990044e-03   1.4685463e-03
   8.3107670e-02  -2.3373710e-01  -2.6403274e+00  -1.3851390e-02  -5.3414075e-03   9.9735681e-04
   8.6884987e-02  -2.2992894e-01  -2.6643257e+00  -1.4337217e-02  -5.1774116e-03   8.3976250e-04
   9.8343129e-02  -2.2916023e-01  -2.6371472e+00  -1.3439501e-02  -7.8328144e-03   1.6867114e-04
   9.1544637e-02  -1.1510234e-01  -2.7565038e+00  -1.9996950e-02  -1.2415058e-02   2.0303491e-03
   6.8496363e-02  -1.4624267e-01  -2.5857085e+00  -1.6924962e-02  -1.1187580e-02   2.1213169e-03
  -1.0545676e-02  -2.1494351e-02  -2.5703411e+00  -2.1493300e-02  -5.1778038e-03   1.8521537e-03
   3.6128511e-02  -9.6528640e-02  -2.5486666e+00  -1.8610306e-02  -7.5941904e-03   2.0432683e-03
   6.4084086e-02  -1.5291860e-01  -2.6605884e+00  -1.9285120e-02  -7.4999438e-03   1.6361508e-03
   9.8892584e-02  -2.9529522e-01  -2.4095487e+00  -1.1340511e-02  -7.3464617e-03  -1.4565605e-03
   9.7146279e-02  -2.1442131e-01  -2.7479349e+00  -1.4750287e-02  -5.0409390e-03  -1.2044565e-03
   9.6600188e-02  -2.4947299e-01  -2.9012713e+00  -1.7123635e-02  -3.3633162e-03  -8.8904480e-04
   9.3507650e-02  -2.5179925e-01  -3.0017993e+00  -1.8329677e-02  -1.5203614e-03  -7.8510198e-04
   8.5528322e-02  -2.6347548e-01  -2.9891287e+00  -1.7786269e-02  -4.3451099e-04  -4.1911477e-04
   5.8062378e-02  -2.6372843e-01  -3.0134952e+00  -1.8342187e-02  -3.8481868e-04   6.3742876e-05
   7.0835869e-02  -2.5154252e-01  -3.0022774e+00  -1.8315771e-02  -3.7948050e-04  -3.5802458e-04
   1.4956259e-01  -9.4375582e-02  -3.1529735e+00  -2.7439617e-02  -9.4200580e-03   4.0383028e-04
   6.5380559e-03  -1.0023920e-01  -2.4671857e+00  -1.4667345e-02  -8.1328369e-03   1.5104887e-03
   6.7958952e-02  -1.2798619e-01  -2.7380886e+00  -1.7473097e-02  -6.3273817e-03   1.2041019e-03
   7.7103865e-02  -1.6149285e-01  -2.8001281e+00  -1.8905035e-02  -5.7695501e-03   9.8371504e-04
   6.5243599e-02  -1.6164604e-01  -2.8592674e+00  -1.9770062e-02  -5.3753814e-03   1.1215554e-03
   7.2156593e-02  -1.6370650e-01  -2.9250070e+00  -1.8918295e-02  -4.9440170e-03   1.0460575e-03
   7.9618147e-02  -1.9374525e-01  -3.0624161e+00  -2.0731957e-02  -4.3604030e-03   6.4524441e-04
   7.6697268e-02  -1.8380564e-01  -3.0873476e+00  -2.0887229e-02  -4.3001226e-03   5.0017920e-04
   8.3333145e-02  -1.8962320e-01  -3.1030960e+00  -2.1198571e-02  -3.5553774e-03   2.7662131e-04
   7.3785195e-02  -1.8699231e-01  -3.1023093e+00  -2.1315327e-02  -3.0182014e-03   5.7264069e-04
   7.8768050e-02  -2.0472262e-01  -3.1198103e+00  -2.0402484e-02  -3.2796292e-03   1.9899403e-04
   8.1705645e-02  -1.8999120e-01  -3.1087316e+00  -2.1012524e-02  -2.7721958e-03   2.2736961e-04
  -7.1322763e-03  -1.0917302e-01  -3.2417739e+00  -3.7610706e-02   4.7485982e-03   1.7901159e-03
   5.1290574e-02  -3.1803773e-02  -8.3009166e-01   1.5276011e-03   9.2888361e-03   7.9661348e-04
   5.6085746e-02  -4.7618669e-02  -9.4142576e-01   8.0948939e-04   7.8473271e-03   8.6944589e-04
   5.5289247e-02  -7.6856619e-02  -1.2272453e+00  -1.1754582e-03   7.0112966e-03   8.3172051e-04
   6.5171279e-02  -6.9633829e-02  -1.3632671e+00  -3.5552825e-03   7.0538449e-03   9.2798618e-04
   5.5099190e-02  -1.2256784e-01  -1.6189687e+00  -5.6376335e-03   6.0073821e-03   1.5748386e-04
  -4.0463981e-02  -2.6871912e-01  -3.0586000e+00  -1.7544859e-02   1.8306624e-03   1.4225327e-03
   1.3019538e-02  -1.7974611e-01  -2.8548179e+00  -1.2610984e-02   5.2344411e-03   1.6040517e-03
   2.5762160e-02  -1.9432757e-01  -2.9712254e+00  -1.3355278e-02   5.1458267e-03   1.1894991e-03
   2.3882141e-02  -2.1992116e-01  -3.0582284e+00  -1.4337925e-02   4.1360520e-03   1.4624773e-03
  -5.0782195e-03  -2.1888993e-01  -3.1229452e+00  -1.5789542e-02   3.9841191e-03   1.6866805e-03
  -2.5721349e-03  -2.1902445e-01  -3.3068380e+00  -1.7456604e-02   1.8491653e-03   1.5070563e-03
   1.9275730e-03  -2.3108159e-01  -3.3415315e+00  -1.8383654e-02   1.1686186e-03   1.3773423e-03
   1.4675004e-02  -2.4031705e-01  -3.4468741e+00  -1.9021739e-02   1.2808560e-03   1.2533452e-03
   5.9689549e-03  -2.2346161e-01  -3.3833094e+00  -1.8544412e-02   7.9062050e-04   1.3310178e-03
  -3.5236667e-03  -2.3552214e-01  -3.3433039e+00  -1.7170617e-02   2.4376296e-03   1.6485996e-03
   8.0197468e-03  -2.3014724e-01  -3.4036200e+00  -1.8574071e-02   1.8543349e-03   1.3578770e-03
  -7.9416907e-03  -2.2525996e-01  -2.7144328e+00  -1.0726228e-02   1.0041447e-02   2.1028215e-03
  -8.1198222e-02  -2.2595216e-01  -2.4848881e+00  -7.0814239e-03   1.2117594e-03   2.4327055e-03
  -1.9065750e-01  -1.6260881e-01  -2.1954737e+00  -5.0629517e-03  -2.7854180e-03   3.5160079e-03
  -1.1933139e-01  -2.8829770e-01  -3.9544546e+00  -2.6198164e-02   5.1427175e-03   3.3540112e-03
  -8.1594232e-02  -2.6401735e-01  -3.8185933e+00  -2.4805620e-02   4.7113120e-03   2.7112897e-03
  -6.4923681e-02  -2.6301750e-01  -3.5972494e+00  -2.2295511e-02   5.2348561e-03   2.6545321e-03
  -3.8495448e-02  -1.3589999e-01  -3.7760237e+00  -3.3162959e-02  -4.3423724e-03   4.5930393e-03
   2.5356364e-02  -1.0117653e-01  -2.5336074e+00  -1.5890409e-02  -5.2161414e-03   3.0547987e-03
   1.2138280e-02  -1.1701148e-01  -2.6258309e+00  -1.7865936e-02  -4.3576990e-03   3.0073335e-03
   2.1033371e-02  -1.1022809e-01  -2.4555030e+00  -1.4697037e-02  -1.9050917e-03   2.6901834e-03
   1.8313611e-02  -1.2484245e-01  -2.6082489e+00  -1.6665860e-02  -2.5835994e-03   2.6769859e-03
   1.3056249e-02  -1.1705821e-01  -2.5868296e+00  -1.6155546e-02  -2.7547178e-03   2.7367540e-03
   1.1961987e-02  -1.3201806e-01  -2.4452312e+00  -1.5228483e-02  -1.9716062e-03   2.7490227e-03
   1.0465304e-02  -1.0592071e-01  -2.4215894e+00  -1.5302165e-02  -1.7127793e-03   2.8260713e-03
   6.8533542e-03  -9.2132362e-02  -2.0657875e+00  -1.0208140e-02   5.3647038e-04   2.8242629e-03
  -4.2779271e-02  -2.8781493e-01  -2.2222811e+00  -1.1317588e-02   2.9674186e-03   1.7891580e-03
   6.6289631e-04  -1.7364067e-01  -1.3009013e+00  -5.9428101e-04   5.9780525e-03   9.5519889e-04
   5.8174343e-02  -2.1693633e-01  -1.5105672e+00   5.6587828e-03   1.0060032e-03   3.2959238e-04
   2.0266833e-02  -2.2647716e-01  -1.9243047e+00  -6.3555247e-03   4.8169567e-03   9.1537452e-04
  -2.2929965e-02  -4.0366418e-02  -1.9100778e+00  -1.6222735e-02  -2.5665109e-03   3.8245122e-03
  -7.9382619e-04  -3.1803599e-02  -1.4630239e+00  -4.8555410e-03  -2.5575369e-03   3.1736575e-03
  -3.6607102e-03  -5.4882344e-02  -1.5248372e+00  -6.7888012e-03  -1.0179532e-03   2.9424948e-03
   1.0661173e-02  -1.0027311e-01  -1.5666526e+00  -8.5726287e-03  -5.4422176e-04   2.1960727e-03
   2.7298380e-03  -8.0555639e-02  -1.6960309e+00  -7.8092564e-03  -3.0369445e-04   2.7302991e-03
   2.2217316e-02  -1.0398962e-01  -1.7107897e+00  -7.7384937e-03   1.1417635e-03   2.2075520e-03
   6.6861549e-03  -8.4091551e-02  -1.7480491e+00  -7.9794028e-03   8.2487936e-04   2.6892550e-03
   9.1830782e-03  -7.7403049e-02  -1.7818100e+00  -8.6728458e-03   8.0597946e-04   2.7891866e-03
   3.7420830e-03  -6.6553046e-02  -1.8065665e+00  -8.7804132e-03   5.6197167e-04   2.8079535e-03
   4.6312254e-03  -7.9965289e-02  -1.8864346e+00  -9.4089674e-03   5.7597477e-04   2.7266698e-03
   2.8223014e-04  -8.6624690e-02  -1.9091139e+00  -9.7806828e-03   1.4161459e-03   2.9116926e-03
  -1.0147840e-03  -6.2184669e-02  -1.9998662e+00  -1.2128153e-02  -1.5345901e-03   3.5273506e-03
   3.0290310e-02  -8.4288555e-02  -1.9744240e+00  -6.7330484e-03  -1.0260527e-03   2.3602024e-03
   4.0202527e-02  -1.4977115e-01  -2.5039453e+00  -1.5092574e-02  -3.6823166e-04   1.1154971e-03
   5.1792707e-02  -1.2972629e-01  -2.5180688e+00  -1.7358492e-02   2.2251458e-03   1.5700105e-03
   5.8854324e-02  -1.5940464e-01  -2.4254608e+00  -1.4985072e-02   2.5103576e-03   1.3437571e-03
   4.7179251e-02  -1.4687324e-01  -2.4395021e+00  -1.5202892e-02   2.4689196e-03   1.4046669e-03
   4.2150564e-02  -1.5197840e-01  -2.4696235e+00  -1.5504691e-02   2.0318100e-03   1.5506005e-03
   5.4031364e-02  -1.6321901e-01  -2.4048028e+00  -1.3860007e-02   2.9951559e-03   1.0029053e-03
  -7.5132922e-03  -1.4852840e-01  -2.1673199e+00  -6.6275806e-03   1.7534525e-03   2.5486285e-03
   2.9974670e-02  -1.6853510e-01  -2.5674084e+00  -1.2542935e-02   1.4427931e-03   1.9835667e-03
   3.1047532e-02  -1.7905073e-01  -2.5838696e+00  -1.2760330e-02   2.1475019e-03   2.0260857e-03
   3.4530328e-02  -1.6665672e-01  -2.5686553e+00  -1.3094816e-02   1.8479813e-03   1.8817111e-03
   2.6405841e-02  -1.6100166e-01  -2.5719285e+00  -1.3662771e-02   3.1772184e-03   2.0801816e-03
   3.4902377e-02  -1.9626180e-01  -2.5168854e+00  -1.2405638e-02   3.2433269e-03   1.6038442e-03
   3.2531541e-02  -1.6194214e-01  -2.4771353e+00  -1.3214423e-02   4.8301901e-03   1.7267955e-03
   3.6020527e-02  -1.6977999e-01  -2.4213931e+00  -1.2637776e-02   4.6468027e-03   1.5973579e-03
   2.9936654e-02  -1.7110010e-01  -2.4601948e+00  -1.2905372e-02   4.8271264e-03   1.6340668e-03
   4.4354506e-02  -1.9805832e-01  -2.4854355e+00  -1.5412244e-02   4.8812912e-03   9.9621712e-04
   4.0981579e-02  -1.6482358e-01  -2.3639556e+00  -9.6526782e-03   4.1133751e-03   1.5245594e-03
   4.5627627e-02  -1.6819055e-01  -2.3837605e+00  -1.0670578e-02   4.9511758e-03   1.5266244e-03
   5.1751854e-02  -1.7010549e-01  -2.3792991e+00  -1.0725385e-02   4.2357287e-03   1.4806726e-03
   2.8123666e-02  -1.6517875e-01  -2.4375669e+00  -1.0563840e-02   3.5697501e-03   1.7031324e-03
   3.2566112e-02  -1.8191577e-01  -2.3311022e+00   3.0624196e-03   3.5179160e-03   1.3224135e-03
  -1.2035476e-02  -1.9905333e-01  -2.5839388e+00  -1.0414144e-02   7.5781883e-03   2.1803252e-03
  -2.3125777e-03  -2.0499453e-01  -2.4185818e+00  -1.4774823e-02   4.4050617e-03   2.4864300e-03
  -1.0618039e-01  -2.7818469e-01  -2.9415712e+00  -2.7822155e-02   4.6816468e-03   3.0050650e-03
   9.4994820e-02  -1.2877680e-01  -1.4493842e+00   1.4697004e-03  -1.7980199e-03  -5.2801934e-04
   2.5084917e-02  -1.8150235e-01  -1.7941591e+00   4.0574157e-04   5.5559713e-03   6.0416919e-04
   3.4056596e-02  -1.4087734e-01  -1.9175120e+00  -2.6123003e-03   4.2276558e-03   3.8363000e-04
   3.2849808e-02  -1.8276092e-01  -1.9134050e+00  -2.9882694e-03   5.5075650e-03   9.2140684e-04
   2.8484245e-02  -1.8018617e-01  -1.9258700e+00  -3.0404983e-03   4.6740962e-03   8.7030963e-04
   2.8798415e-02  -1.9976866e-01  -1.9615453e+00  -3.3658675e-03   4.3631811e-03   8.6801284e-04
   2.4606896e-02  -1.7864258e-01  -1.9868687e+00  -3.4934266e-03   3.3997373e-03   8.0781293e-04
   2.5687102e-02  -1.7341137e-01  -2.0171226e+00  -4.4984613e-03   3.7278204e-03   8.0985342e-04
   2.5442396e-02  -1.7570231e-01  -2.0257224e+00  -3.7943991e-03   3.8319545e-03   8.5272356e-04
  -4.8450974e-03  -1.7080693e-01  -2.0911748e+00  -4.2067241e-03   4.1657380e-03   1.1407484e-03
   6.6541943e-03  -1.8506950e-01  -2.0547783e+00  -4.0766573e-03   4.4299969e-03   1.1559462e-03
  -1.2004337e-02  -2.1010013e-01  -2.0943000e+00  -2.5962224e-03   4.4147120e-03   1.3827902e-03
   1.0989811e-02  -1.9218424e-01  -2.0691234e+00  -4.3580364e-03   4.6683382e-03   1.3628188e-03
   1.5512292e-02  -1.8763307e-01  -2.0605294e+00  -4.6706564e-03   4.5699872e-03   9.8041849e-04
   1.8510255e-02  -1.9659665e-01  -2.1217973e+00  -5.2623260e-03   4.1161950e-03   9.2743528e-04
   6.4995444e-03  -1.9233290e-01  -2.1227145e+00  -5.5851269e-03   3.3661884e-03   9.4641961e-04
  -1.3546932e-03  -1.6842326e-01  -2.1625382e+00  -6.4067657e-03   4.1706014e-03   1.3875186e-03
  -5.3540104e-03  -1.6437445e-01  -2.1875206e+00  -6.2192457e-03   3.0882828e-03   1.5055104e-03
  -1.3120120e-02  -1.7152147e-01  -2.2155018e+00  -6.9901338e-03   3.0966990e-03   1.6995180e-03
  -1.2325844e-02  -1.7300741e-01  -2.2223740e+00  -6.8568910e-03   2.8641211e-03   1.6708973e-03
   1.1595167e-02  -2.3807368e-01  -2.2723843e+00  -8.6794161e-03   2.5494217e-03   4.9387191e-04
   9.0518389e-02  -2.0396356e-01  -1.8545392e+00   2.8628575e-03   3.6223997e-03  -1.4776608e-04
   7.5336158e-02  -1.2660524e-01  -2.1402440e+00  -1.1573844e-02   2.8673409e-04   1.5109002e-03
   6.2605076e-02  -8.0987312e-02  -1.7269542e+00  -4.2003272e-03   3.8040909e-03   1.9437500e-03
   5.2138491e-02  -9.8411158e-02  -1.7768673e+00  -5.0179736e-03   4.2382573e-03   1.8135247e-03
  -1.4907963e-02  -9.7960440e-02  -2.0928959e+00  -5.7433605e-03   5.4050938e-03   2.8410914e-03
  -3.0612354e-02  -1.0321982e-01  -2.3144049e+00  -1.0709548e-02   3.5499213e-03   2.6701051e-03
  -3.6956879e-04  -1.6195044e-01  -2.2461635e+00  -7.9539847e-03   3.4663172e-03   2.0505245e-03
   1.9566411e-02  -1.3512752e-01  -2.2601178e+00  -8.9712703e-03   4.2655611e-03   1.8612100e-03
   1.3009260e-02  -1.3484166e-01  -2.2746326e+00  -9.5221711e-03   3.9374145e-03   1.8684968e-03
   6.9376928e-03  -1.5753850e-01  -2.2960730e+00  -9.6008109e-03   4.2472132e-03   1.8822024e-03
   8.9636608e-03  -1.3600699e-01  -2.3174027e+00  -9.7927190e-03   4.4410210e-03   1.9590136e-03
   9.8313810e-03  -1.6101431e-01  -2.3172993e+00  -9.9803692e-03   4.6555669e-03   1.6933935e-03
  -1.8665332e-02  -7.3661470e-02  -2.4266237e+00  -1.4352213e-02  -7.0103454e-04   3.6875990e-03
  -1.4867341e-02  -1.0256412e-01  -1.5016440e+00  -1.2413056e-03   6.2931945e-03   2.1945291e-03
  -1.6512854e-02  -1.3154166e-01  -2.4172153e+00  -7.9308255e-03  -2.3320206e-03   2.0305180e-03
  -3.6166551e-03  -1.6542896e-01  -2.4050002e+00  -5.0782924e-03   1.1018502e-03   1.5397169e-03
  -1.5149611e-02  -1.5441164e-01  -2.6446979e+00  -1.1271879e-02   3.8965714e-04   1.7895451e-03
  -1.1332624e-02  -1.7226773e-01  -2.6125986e+00  -1.1891076e-02   6.2630466e-04   1.7095685e-03
   9.8544820e-03  -1.7850734e-01  -2.4356026e+00  -8.9113015e-03   3.6312213e-04   1.3796249e-03
   2.1799098e-02  -1.6693439e-01  -2.5047430e+00  -9.1135951e-03   4.6112795e-04   1.4500692e-03
   1.8610554e-02  -1.7465768e-01  -2.5298661e+00  -1.0647309e-02   2.0303485e-03   1.2379465e-03
   2.4377445e-02  -1.9776153e-01  -2.4333259e+00  -1.4842957e-02   4.4929313e-05  -4.5502086e-04
   8.6329942e-02  -1.8065417e-01  -2.1012913e+00  -2.4253187e-03   5.4779311e-03   7.2620127e-04
   5.0685779e-02  -1.8711767e-01  -2.0919976e+00  -4.7577111e-03   8.0526302e-03   1.3312143e-03
   5.0254047e-02  -1.9447959e-01  -2.1230177e+00  -5.1609760e-03   7.9343612e-03   1.0267322e-03
   5.3118040e-02  -1.9407598e-01  -2.1637462e+00  -6.4973020e-03   7.8833683e-03   1.0838328e-03
   4.8888929e-02  -2.0603203e-01  -2.2656230e+00  -5.5388305e-03   8.5435562e-03   1.1495071e-03
   5.2295637e-02  -1.9063378e-01  -2.1638542e+00  -6.2752832e-03   8.4793891e-03   1.2874787e-03
   6.4093229e-02  -1.9090511e-01  -2.1639615e+00  -4.8588608e-03   8.2197249e-03   1.2004211e-03
   6.8246980e-02  -1.9620597e-01  -2.1264670e+00  -4.8389873e-03   8.0904804e-03   9.0550055e-04
   5.9002317e-02  -1.7794424e-01  -1.9020209e+00   2.2355780e-03   1.0132887e-02   8.5474769e-04
   3.4770089e-02  -1.6034558e-01  -2.3113981e+00  -6.3562324e-03   7.8629202e-03   1.6174167e-03
   3.1368774e-02  -2.0160725e-01  -2.2755246e+00  -6.2358019e-03   9.1414695e-03   1.4554018e-03
   2.8802452e-02  -1.9230303e-01  -2.2988501e+00  -7.1462781e-03   8.5237805e-03   1.5500063e-03
   2.6427268e-02  -1.9178431e-01  -2.3035725e+00  -6.7363358e-03   7.9141820e-03   1.2839821e-03
   2.2497022e-02  -2.0427051e-01  -2.2732765e+00  -5.6028540e-03   9.1947178e-03   1.4598193e-03
   2.7848131e-02  -2.0026044e-01  -2.3611541e+00  -6.0452173e-03   8.7052076e-03   1.4624472e-03
   3.8498644e-02  -1.3385027e-01  -1.9957500e+00  -9.0514781e-03   1.7390453e-03   1.6914219e-03
   3.0533211e-02  -1.1593262e-01  -1.8206426e+00   9.4945577e-05   4.7006746e-03   1.7981496e-03
   4.3114343e-02  -1.7307882e-01  -2.0430729e+00  -4.6532629e-03   5.5338988e-03   1.1796371e-03
   1.2354102e-02  -1.4719705e-01  -2.1456700e+00  -5.5231534e-03   4.7722809e-03   1.6611206e-03
   1.5628089e-02  -1.6748100e-01  -2.2381364e+00  -5.8663117e-03   4.9065286e-03   1.2378140e-03
   1.6166519e-02  -2.0360926e-01  -2.2024246e+00  -3.3090823e-03   5.6136932e-03   8.8341010e-04
  -1.8873944e-02  -2.0079917e-01  -2.7736755e+00  -1.0133418e-02   8.5386737e-03   2.3473223e-03
  -3.3209056e-02  -2.2728122e-01  -2.6110427e+00  -8.9495635e-03   8.9473066e-03   2.1926117e-03
   7.8493429e-05  -2.1454967e-01  -2.4039779e+00  -6.3329855e-03   7.1204001e-03   1.5597272e-03
  -1.6361815e-02  -1.8517109e-01  -2.3486242e+00  -6.3742755e-03   6.2139574e-03   1.7756597e-03
   7.0919886e-03  -1.8842020e-01  -2.3210267e+00  -5.7619290e-03   5.6698791e-03   1.3575643e-03
   1.8026227e-02  -2.3230108e-01  -2.3726554e+00  -7.7680511e-03   4.6639577e-03   1.2574936e-03
  -2.7260564e-01   1.0032894e-01   3.3334824e-02   1.2054182e-02  -1.5859808e-02   1.8333964e-03
  -8.8323436e-02  -2.0171744e-01  -1.8029884e+00  -3.5379835e-03  -6.4652905e-03   1.6546002e-03
  -1.7700292e-01  -1.3235804e-01  -1.4799276e+00   3.5313863e-03  -8.5418725e-03   2.3630978e-03
  -1.5956123e-01  -1.7316024e-01  -2.3253393e+00  -7.8375085e-03  -6.3973636e-03   2.8533087e-03
  -1.4866826e-01  -1.8750280e-01  -2.4001711e+00  -9.1133745e-03  -6.4031396e-03   2.6293263e-03
  -1.2619973e-01  -1.9659434e-01  -2.3926843e+00  -8.7863043e-03  -6.5828916e-03   2.5204486e-03
  -1.2734688e-01  -1.7379488e-01  -2.4495608e+00  -9.2792485e-03  -6.4888427e-03   2.4815812e-03
  -1.1001691e-01  -2.0138384e-01  -2.4770976e+00  -9.7910965e-03  -6.3401071e-03   2.2063516e-03
  -9.0963748e-02  -1.7561557e-01  -2.4620232e+00  -9.4897255e-03  -6.3063779e-03   2.0536740e-03
  -9.1597781e-02  -1.9383537e-01  -2.4717366e+00  -9.5983367e-03  -6.4903005e-03   2.0321914e-03
  -9.3443719e-02  -1.8800083e-01  -2.4978620e+00  -9.0005647e-03  -6.8769651e-03   1.8598502e-03
  -1.1721199e-01  -2.1480999e-01  -2.4937979e+00  -7.6428120e-03  -5.1552686e-03   1.9258807e-03
   4.3576897e-02  -4.7289077e-01  -7.4424267e+00   2.2142123e-02   3.6860572e-03   2.2841389e-05
  -4.9277261e-02  -1.1721937e-01  -1.0722094e+01  -1.1869931e-01   1.5112764e-02   4.8289999e-03
  -1.1973922e-01  -1.3166820e-01  -2.9126294e+00   8.5378860e-03  -1.2837077e-02   1.0456026e-03
   1.1047070e-01  -2.9386505e-01  -5.7856191e+00  -2.1431226e-02   4.6239443e-04  -4.5751402e-04
   1.2125689e-02  -2.1597487e-01  -1.5155964e+00  -4.2958139e-03  -7.7224844e-03   1.0267963e-03
  -3.2846635e-02  -1.6551650e-01  -1.3084212e+00   1.4400219e-02  -1.3240573e-03   1.4206713e-03
  -2.7871016e-02  -1.5113950e-01  -1.3073538e+00   9.9230481e-03  -1.7868990e-03   1.1209370e-03
  -4.0579222e-02  -1.5539334e-01  -1.3978353e+00   8.9537182e-03  -2.6845843e-03   1.1391673e-03
  -3.5340768e-02  -1.5248344e-01  -1.4154983e+00   8.3657881e-03  -2.1076249e-03   1.1329103e-03
  -3.2192017e-02  -1.7619275e-01  -1.4386736e+00   8.3402044e-03  -2.3270020e-03   7.9201535e-04
  -3.3638506e-02  -1.4063823e-01  -1.4461695e+00   8.2959887e-03  -1.8963633e-03   1.0808366e-03
  -2.8321919e-02  -1.3626319e-01  -1.4552947e+00   6.3064319e-03  -2.7129804e-03   6.4941568e-04
   3.2083831e-02  -1.8869000e-01  -1.6232928e+00   6.4654811e-03  -1.5681040e-03   4.0478464e-04
   3.4235383e-02  -1.8333565e-01  -1.6925567e+00   5.1971679e-03  -1.0114939e-03   2.1677270e-04
   3.3637739e-02  -1.6596519e-01  -1.6498570e+00   4.2845723e-03  -9.1930290e-04   2.1481887e-04
   2.1861895e-02  -1.2372151e-01  -1.6176436e+00   1.3357633e-02  -2.0193949e-03   1.7470975e-04
   1.2017237e-02  -3.4576981e-01  -5.8613284e+00  -6.2751565e-02  -4.7196563e-03  -4.1353000e-05
   1.0959501e-02   1.8166433e-02  -3.0948749e+00   4.3631001e-02  -3.7424198e-03  -1.5457692e-04
   8.7865791e-02  -2.5206165e-01  -4.1712559e+00  -2.3057973e-02   1.1626940e-02   5.1123826e-04
   6.8728937e-02  -2.5938505e-01  -3.9010730e+00  -1.6629566e-02   5.5472695e-03   1.9748889e-04
   6.7499404e-02  -2.7653512e-01  -3.8821665e+00  -1.6401019e-02   5.1256249e-03   3.9084644e-04
   6.9674876e-02  -2.7967472e-01  -3.8718042e+00  -1.7537341e-02   5.3451170e-03   9.1292407e-05
   7.0463221e-02  -2.7027166e-01  -3.8494808e+00  -1.7650987e-02   5.7278511e-03   2.2769075e-04
   6.3563779e-02  -2.6587059e-01  -3.8221354e+00  -1.7681541e-02   4.8513272e-03   1.7573452e-04
   7.7887247e-02  -2.7448412e-01  -3.8370563e+00  -1.8193120e-02   4.4883888e-03  -1.4053790e-04
   8.5399731e-02  -2.6125748e-01  -3.8376562e+00  -1.7072112e-02   3.4822603e-03  -1.0698757e-04
   8.7275067e-02  -2.6949747e-01  -3.8216995e+00  -1.7220407e-02   3.3485842e-03  -1.4846941e-04
   8.7552043e-02  -2.6187464e-01  -3.8196124e+00  -1.6980687e-02   3.2158463e-03  -2.6889870e-04
   8.6202204e-02  -2.7002796e-01  -3.8853591e+00  -1.7926333e-02   3.6398758e-03  -1.9336027e-04
   8.8344679e-02  -2.6897697e-01  -3.8908435e+00  -1.7886637e-02   3.3784944e-03  -2.3232100e-04
   8.7721692e-02  -2.5680877e-01  -3.9450765e+00  -1.9366763e-02   3.3942315e-03  -2.6837643e-04
   8.1447471e-02  -2.5930581e-01  -3.9449608e+00  -1.8632790e-02   4.7567884e-03  -6.8603302e-05
   7.3664980e-02  -2.7691609e-01  -3.8930636e+00  -1.8145872e-02   5.0990556e-03  -2.9309530e-05
   1.0150823e-01  -3.5180703e-01  -3.9790360e+00  -2.8981041e-02   3.8016175e-03  -1.1674993e-03
   5.8658016e-02  -1.3322890e-01  -1.8918278e+00  -1.1987583e-02  -6.7290725e-03  -2.1079080e-03
   1.5617528e-01  -1.8926713e-01  -1.1842970e+00   6.6021936e-03  -1.0419757e-02  -3.7541924e-03
   1.0243907e-01  -2.1190914e-01  -1.8732098e+00  -1.5864105e-03  -8.2271455e-03  -2.2429391e-03
   9.3538086e-02  -2.2445308e-01  -1.7800883e+00   1.6584057e-03  -5.5464536e-03  -1.7363810e-03
   8.6423600e-02  -2.1684298e-01  -2.2983605e+00  -9.6972082e-04  -5.9150627e-03  -1.7087915e-03
   7.7172088e-02  -2.3326998e-01  -2.4508756e+00  -4.8421132e-03  -4.9689809e-03  -1.4583170e-03
   9.5163134e-02  -2.4879442e-01  -2.8518077e+00  -8.1030099e-03  -4.3897072e-03  -1.7103833e-03
   9.8273088e-02  -2.3428494e-01  -2.8383457e+00  -8.2877985e-03  -3.4582473e-03  -1.6762979e-03
   1.0647633e-01  -2.6230467e-01  -2.8362180e+00  -6.9343925e-03  -4.4530480e-03  -1.7077697e-03
   6.7078818e-02  -2.2677760e-01  -2.6270768e+00  -3.7869671e-05  -3.0214671e-03  -2.5580280e-04
   7.1952203e-02  -1.9797883e-01  -2.8192321e+00  -5.9087922e-03  -1.0504151e-03  -3.4393078e-04
   1.1919015e-01  -1.3356522e-01  -2.7614377e+00  -1.0782522e-02  -6.6603665e-03  -1.2715038e-04
   4.4988511e-02  -1.7789710e-01  -2.1014707e+00   5.6370979e-03  -4.9448000e-03  -4.9555397e-04
   5.4478142e-02  -1.9480722e-01  -3.0870445e+00  -9.1521416e-03   9.2295425e-04   1.8522023e-04
   1.8033347e-02  -2.4083307e-01  -3.0008918e+00  -6.2615151e-03   6.1737989e-04   7.5740770e-04
   2.8793540e-02  -2.1999906e-01  -2.9622617e+00  -6.8301049e-03   4.3044424e-04   6.2292948e-04
   4.1015870e-02  -2.3089304e-01  -2.9473123e+00  -7.3744980e-03   6.5667059e-04   5.8826659e-04
   4.4726146e-02  -2.3280752e-01  -2.9955746e+00  -7.0523532e-03   7.7836349e-04   2.9949732e-04
   3.2429462e-02  -2.2529687e-01  -3.0138653e+00  -7.5128547e-03   2.8643993e-04   3.6603410e-04
   3.8063797e-02  -2.1996412e-01  -3.0768636e+00  -8.3616729e-03   5.2732919e-04   4.4371206e-04
   3.7034837e-02  -2.2794890e-01  -3.1082186e+00  -8.9605847e-03   4.8328894e-04   1.9100042e-04
   3.3709827e-02  -2.2872866e-01  -3.1196902e+00  -8.7099665e-03   9.8730413e-05   3.8181626e-04
   3.3049322e-02  -2.1328915e-01  -3.1485321e+00  -8.4621365e-03   6.6444359e-05   3.8733784e-04
   2.7002924e-02  -2.4977677e-01  -3.2521052e+00  -9.9584426e-03  -2.0179825e-04   9.2907622e-04
   3.5485861e-02  -1.8270810e-01  -3.2806774e+00  -1.2212050e-02  -2.9028816e-03   6.6541451e-05
   3.4687313e-02  -2.0074867e-01  -3.2307403e+00  -1.0761917e-02  -2.2592614e-03   1.4613556e-05
   3.9330117e-02  -1.9832260e-01  -3.3272123e+00  -8.3720208e-03  -2.0651267e-03   1.6286009e-04
   3.5809136e-02  -1.9943595e-01  -3.2961389e+00  -1.0222502e-02  -1.4346999e-03   3.2383603e-05
   4.5777067e-02  -2.3041525e-01  -3.3123534e+00  -9.5299736e-03  -1.5637846e-03  -6.2324937e-05
   3.9450161e-02  -2.1987234e-01  -3.2021490e+00  -8.7960088e-03  -1.0280885e-03  -2.1593794e-04
  -9.3145066e-03  -2.4142204e-01  -3.1214941e+00  -7.9071580e-03  -3.6455260e-04   1.6457274e-04
   3.2637867e-02  -2.5680732e-01  -3.2021916e+00  -8.3034245e-03  -1.0620542e-04  -1.4625161e-04
   6.9771917e-02  -2.8904474e-01  -3.2312693e+00  -7.5242982e-03   8.8137785e-05  -3.8518750e-04
   6.3711022e-02  -2.5736405e-01  -3.2826931e+00  -9.4587180e-03  -2.7200127e-04  -5.0884023e-04
   5.0915593e-02  -2.4412795e-01  -3.4555803e+00  -1.0165326e-02   7.6800737e-04  -2.7832558e-04
   4.0942768e-02  -2.3639544e-01  -3.3707013e+00  -1.0366017e-02   4.0737556e-04  -3.4253856e-04
   5.0649667e-02  -2.2222943e-01  -3.1371407e+00  -1.0288382e-02  -3.1182382e-03   1.2507377e-04
   4.3232543e-02  -1.9936320e-01  -3.0730101e+00  -9.0429317e-03  -2.4182875e-03   1.5059219e-05
   5.8664690e-02  -2.2876337e-01  -3.1014073e+00  -9.0396941e-03  -1.9866628e-03  -3.9210361e-04
   4.3416290e-02  -2.1446881e-01  -3.1526793e+00  -9.5196597e-03  -2.0663253e-03  -2.1757401e-04
   4.4790076e-02  -2.2356502e-01  -3.1705829e+00  -1.0205997e-02  -2.0322742e-03  -3.8212116e-04
   3.8494460e-02  -2.1450429e-01  -3.2215880e+00  -1.0765571e-02  -1.2865412e-03  -2.2867160e-04
   3.3059409e-02  -2.1268750e-01  -3.2087874e+00  -9.9470847e-03  -1.5611281e-03  -1.5161774e-04
   1.6285482e-02  -2.0830297e-01  -3.1595338e+00  -6.4810182e-03   3.9023133e-04   6.7181174e-04
   2.0485944e-02  -2.5202334e-01  -4.1247833e+00  -1.8008835e-02   3.9715505e-04   3.6329752e-04
   2.1576439e-02  -2.4962505e-01  -4.0707287e+00  -1.7979547e-02   9.6110660e-05   3.4301378e-04
   2.5569851e-02  -2.4711674e-01  -4.0602347e+00  -1.7705812e-02  -3.3695375e-04   1.7065865e-04
   2.0756674e-02  -2.5183711e-01  -4.0440740e+00  -1.8365347e-02  -1.0321881e-03   2.3593677e-04
   1.6456319e-02  -1.9781626e-01  -3.6873127e+00  -1.6981588e-02   9.7891076e-04   1.3582203e-03
   1.8135930e-02  -1.6134672e-01  -3.4443334e+00  -1.1970592e-02  -1.0560151e-03   8.2843894e-04
   3.8996658e-02  -3.3706515e-01  -4.1964948e+00  -1.0739244e-02   1.3485812e-03  -7.9520474e-04
   2.6327526e-02  -1.9160234e-01  -3.9082242e+00  -1.4402059e-02  -2.2528507e-03  -1.4063747e-04
   6.4655087e-02  -3.4462515e-01  -3.8520011e+00  -9.8835008e-03   1.3667864e-03   1.5629073e-03
   3.7733641e-02  -3.3987598e-01  -3.4514255e+00  -4.7065848e-03   4.7687866e-03   1.7894483e-03
   5.4884501e-02  -3.3917603e-01  -3.3989228e+00  -5.1270195e-03   5.1585527e-03   1.4762330e-03
   3.6855819e-02  -3.7126467e-01  -3.3789793e+00  -4.2110260e-03   5.0493639e-03   1.4155635e-03
   1.3851523e-02  -2.9874397e-01  -3.9211030e+00  -6.5946200e-03   5.8888556e-03   7.1499760e-04
   1.6985152e-02  -3.3992987e-01  -4.1675908e+00  -9.5765850e-03   5.5626651e-03   1.2004632e-03
  -1.8230127e-03  -3.6664159e-01  -3.6807694e+00  -5.8098980e-03   6.7017078e-03   2.2671539e-03
   8.9586502e-03  -3.6005940e-01  -3.3978168e+00  -5.3911083e-04   5.1437975e-03   2.7275366e-03
   3.8204618e-02  -3.8013527e-01  -3.5023964e+00  -5.4215667e-03   7.1114400e-03   1.7919948e-03
   5.4838598e-02  -3.1984711e-01  -4.0213896e+00  -7.9917888e-03   6.6873162e-03   6.2055058e-04
   3.5654369e-02  -3.5647230e-01  -3.7491783e+00  -6.0306078e-03   5.7136151e-03   1.9140408e-03
   1.1537462e-02  -3.3213023e-01  -3.5251613e+00  -3.3388113e-03   5.0442611e-03   2.3510992e-03
   7.0901448e-03  -3.4842543e-01  -3.5453616e+00  -4.2948251e-03   4.5274564e-03   1.9159533e-03
   3.8093697e-02  -2.8755600e-01  -3.4762101e+00  -8.4290920e-03   4.6457743e-03   1.0962095e-03
   4.3590585e-02  -3.3409869e-01  -4.0527235e+00  -9.9261758e-03   2.7465542e-03  -1.7608340e-04
   5.7263497e-02  -3.1859381e-01  -4.1805886e+00  -1.0011921e-02   5.9966965e-04   3.5110858e-05
  -8.2589190e-03  -3.7806699e-01  -3.9888770e+00  -2.3493569e-02   6.7667100e-03   2.0778390e-03
   8.3763735e-02  -1.9668522e-01  -2.5944231e+00   2.6156880e-03   2.0654130e-02   1.1168235e-03
  -3.9019455e-03  -2.0787701e-01  -3.2338863e+00  -2.3583663e-03   2.3023123e-02   1.9734640e-03
   5.3196082e-02  -1.9739919e-01  -4.4912878e+00  -1.7800795e-02   2.0690032e-02   3.7117801e-03
   8.4322840e-02  -1.7854124e-01  -4.0920765e+00  -1.5057964e-02   1.1875287e-02   2.4738937e-03
   9.4483519e-02  -2.0411077e-01  -4.2067448e+00  -1.6962753e-02   1.0658924e-02   2.1855353e-03
   8.5173508e-02  -1.9950108e-01  -4.2399798e+00  -1.7982255e-02   9.8558681e-03   2.2199363e-03
   9.8405202e-02  -2.0818533e-01  -4.5476124e+00  -1.9374895e-02   1.0591072e-02   1.6997934e-03
   9.1278179e-02  -1.8136846e-01  -4.5547391e+00  -2.1097644e-02   8.8070550e-03   1.7307149e-03
   6.6263876e-02  -1.8081875e-01  -4.5062406e+00  -2.0726001e-02   1.0929665e-02   2.2462116e-03
   6.9289125e-02  -1.6116108e-01  -4.4764369e+00  -2.0603104e-02   1.1119871e-02   2.1098007e-03
   8.2992391e-02  -1.3878354e-01  -4.5974566e+00  -1.9812496e-02   1.0057019e-02   1.8470084e-03
   8.4055017e-02  -1.9488252e-01  -5.0473753e+00  -2.8129116e-02   6.5967728e-03   1.5245665e-03
   8.6984070e-02  -1.7436896e-01  -4.7165660e+00  -2.1248126e-02   7.1399688e-03   1.5838299e-03
   5.0910325e-02  -1.7737594e-01  -4.8504421e+00  -2.4784924e-02   6.4075215e-03   2.3036188e-03
   6.8181720e-02  -2.5498180e-01  -4.8225145e+00  -2.5655091e-02   7.7282545e-03   2.0157157e-03
   5.6196695e-02  -1.7919542e-01  -4.3667016e+00  -1.9617487e-02   6.8206591e-03   2.6998813e-03
   4.4459740e-02  -1.6222036e-01  -4.3600296e+00  -2.0958270e-02   6.8534775e-03   2.9888272e-03
   4.6196277e-02  -1.6666786e-01  -4.3834279e+00  -1.9940081e-02   5.0458766e-03   2.7396220e-03
   2.5550961e-02  -1.6639102e-01  -4.4519410e+00  -2.0981046e-02   7.8135803e-03   3.5435209e-03
   2.2831406e-02  -1.5903638e-01  -4.3093440e+00  -1.9630819e-02   5.6191583e-03   3.0757509e-03
   3.2222055e-02  -1.7767634e-01  -4.3096817e+00  -1.9057986e-02   5.1210105e-03   2.7918800e-03
   5.4789119e-02  -2.2869348e-01  -4.3560629e+00  -1.8270890e-02   5.0382587e-03   7.8408445e-04
   6.6230263e-02  -2.3189147e-01  -4.1816544e+00  -1.6102014e-02   7.3745332e-03   1.3500435e-03
   5.6829281e-02  -2.6904289e-01  -4.2722925e+00  -1.8353747e-02   7.1230913e-03   8.9631849e-04
   5.5808909e-02  -2.5260055e-01  -4.2847114e+00  -1.9385871e-02   6.7790075e-03   8.4107319e-04
   5.8507901e-02  -2.4295860e-01  -4.3193762e+00  -1.9670763e-02   6.8792022e-03   1.0519915e-03
   7.9213367e-02  -2.5941312e-01  -4.4000516e+00  -1.7766592e-02   7.1766627e-03   5.9368348e-04
   7.3974842e-02  -2.4312808e-01  -4.4112180e+00  -2.0024683e-02   6.9512015e-03   1.0759252e-03
   7.4928400e-02  -2.4416894e-01  -4.4161489e+00  -1.9169255e-02   7.4137806e-03   5.8013591e-04
   5.8387927e-02  -2.6453644e-01  -4.4414163e+00  -2.0630577e-02   8.1010360e-03   1.1377042e-03
   6.4342514e-02  -2.5106940e-01  -4.3923676e+00  -1.8887199e-02   6.6724032e-03   1.1436112e-03
   6.9016603e-02  -2.9626658e-01  -4.3362580e+00  -1.6945983e-02   6.4134072e-03   1.3598542e-03
   4.2508471e-02  -2.6122532e-01  -4.3147403e+00  -1.8827943e-02   5.6188794e-03   1.2593854e-03
   7.0464981e-02  -3.1078906e-01  -4.5106838e+00  -1.6994975e-02   6.3830940e-03   9.2025399e-04
   3.9361560e-02  -2.6141482e-01  -4.6097228e+00  -1.7510623e-02   5.9592535e-03   1.2707583e-03
   3.0523544e-02  -2.5836429e-01  -4.5983882e+00  -2.1417424e-02   5.8762242e-03   1.2923095e-03
   3.3171420e-02  -2.6504711e-01  -4.5705182e+00  -2.0963849e-02   5.8979568e-03   1.2822107e-03
   4.4489486e-02  -2.7960459e-01  -4.6768943e+00  -2.3145307e-02   6.4741080e-03   1.0299893e-03
   2.5638794e-02  -2.3448334e-01  -4.1631169e+00  -1.6595761e-02   6.3495299e-03   1.8155176e-03
   2.2118251e-02  -2.3344637e-01  -4.3331161e+00  -1.9508924e-02   5.1916944e-03   1.6653165e-03
   1.7120348e-02  -2.1780876e-01  -4.3966914e+00  -2.0798300e-02   5.4915488e-03   1.9131990e-03
   2.7759500e-02  -2.6201086e-01  -4.3279862e+00  -1.7900650e-02   9.3760161e-03   1.8966249e-03
   9.0174245e-03  -2.2338171e-01  -4.3572430e+00  -2.0341816e-02   7.3171498e-03   1.9348158e-03
   2.4550704e-02  -2.4208710e-01  -4.3758022e+00  -1.9373763e-02   7.8864569e-03   1.7260683e-03
   4.7418352e-02  -2.6678379e-01  -4.4017088e+00  -2.1433519e-02   1.0423754e-02   7.1798575e-04
   4.4423119e-02  -2.4486360e-01  -4.2392128e+00  -1.6081979e-02   9.1070830e-03   1.6646363e-03
   5.0467151e-02  -2.6632975e-01  -4.2626331e+00  -1.7805293e-02   9.3194910e-03   1.4346744e-03
   4.8612971e-02  -2.6104219e-01  -4.2550532e+00  -1.7972440e-02   8.8906050e-03   1.3765033e-03
   5.2734163e-02  -2.6672027e-01  -4.2792256e+00  -1.8054122e-02   8.6065516e-03   1.4136373e-03
   5.3265852e-02  -2.4828672e-01  -4.3072731e+00  -1.9189795e-02   8.7065193e-03   1.2471298e-03
   4.6811119e-02  -2.6131458e-01  -4.3009378e+00  -1.7866797e-02   8.9976189e-03   1.4407104e-03
   2.7526655e-02  -2.4937164e-01  -4.2651324e+00  -1.7615123e-02   8.5721567e-03   1.7138921e-03
   5.7785086e-02  -3.1766023e-01  -4.2627126e+00  -1.4260321e-02   7.4152266e-03   1.0937001e-03
   4.5758433e-02  -2.4050208e-01  -4.3868049e+00  -1.7965343e-02   6.7425494e-03   1.1400392e-03
   3.9899944e-02  -2.6500065e-01  -4.3635923e+00  -1.8650223e-02   7.6394330e-03   1.2288096e-03
  -6.4380554e-04  -2.7713262e-01  -4.0524793e+00  -1.2698064e-02   1.0807600e-02   2.1337657e-03
   3.1876023e-02  -2.4377545e-01  -4.3856077e+00  -1.8550592e-02   7.9047176e-03   1.5704577e-03
   8.6678516e-03  -2.4392944e-01  -4.0625937e+00  -1.7809043e-02   7.8116248e-03   1.5415912e-03
   5.4339665e-02  -2.5957457e-01  -4.3843725e+00  -1.7006634e-02   7.6406005e-03   1.0581931e-03
   5.4193870e-02  -2.7374809e-01  -4.4658020e+00  -1.9720300e-02   8.7122951e-03   1.2594735e-03
   6.1420635e-02  -2.5976136e-01  -4.4261280e+00  -1.8690702e-02   8.3754560e-03   9.8619364e-04
   4.4281391e-02  -3.0204410e-01  -4.4803226e+00  -1.9589640e-02   8.7182988e-03   1.4250661e-03
   9.8804024e-02  -3.3095401e-01  -4.4939535e+00  -1.3784996e-02   8.0885245e-03   2.1515248e-03
   7.4615215e-02  -2.5309139e-01  -4.6360307e+00  -1.8434187e-02   6.4657403e-03   1.9117167e-03
   6.3049950e-02  -2.4794284e-01  -4.6492394e+00  -1.9969604e-02   6.5253248e-03   2.0979127e-03
   6.7929167e-02  -2.6192377e-01  -4.7080980e+00  -2.0745103e-02   5.3680536e-03   1.5591341e-03
   5.3507212e-02  -2.4452025e-01  -4.7429068e+00  -2.4116615e-02   7.8816492e-03   2.0942873e-03
   2.1897506e-02  -2.3537934e-01  -4.8580357e+00  -2.0381316e-02   9.8442382e-03   3.1268263e-03
   1.7815428e-02  -2.0455819e-01  -4.8574206e+00  -2.0120718e-02   7.2823940e-03   2.7863731e-03
   1.3665975e-02  -2.1140333e-01  -5.1129531e+00  -2.4131345e-02   4.3218481e-03   2.4492961e-03
   2.7715459e-02  -2.1898549e-01  -5.1461378e+00  -2.4991898e-02   4.6484939e-03   2.1467010e-03
   3.4592284e-02  -2.3431853e-01  -5.1378080e+00  -2.4337229e-02   4.5840976e-03   1.8270770e-03
   2.7539338e-02  -2.3671523e-01  -5.0631932e+00  -2.2968217e-02   5.4032920e-03   2.0565908e-03
   5.9557215e-02  -3.2455152e-01  -5.1338115e+00  -2.5259583e-02   3.8830605e-03   1.1561714e-03
   6.6034183e-02  -2.2655710e-01  -4.4505369e+00  -1.6643297e-02   6.5015196e-03   2.0080128e-03
   5.2177901e-02  -2.1591310e-01  -4.5258068e+00  -1.8938837e-02   6.6734001e-03   1.9211956e-03
   4.2357260e-02  -2.3039143e-01  -4.5044550e+00  -1.8403518e-02   6.2109693e-03   1.5725295e-03
   5.0124300e-02  -2.4067501e-01  -4.5856675e+00  -1.9010780e-02   6.3305753e-03   1.4761766e-03
   5.8002513e-02  -2.7890881e-01  -4.1934572e+00  -1.1938180e-02   9.2982182e-03   2.0078813e-03
   5.7938752e-02  -2.2002406e-01  -4.3470360e+00  -1.5257800e-02   7.7290691e-03   1.5134913e-03
   5.7825311e-02  -2.4031085e-01  -4.3073241e+00  -1.5391299e-02   7.8137697e-03   1.5348022e-03
   5.6733675e-02  -2.3323725e-01  -4.4070263e+00  -1.5833200e-02   8.0021739e-03   1.5597517e-03
   4.5401495e-02  -2.3055310e-01  -4.4782369e+00  -1.6847810e-02   8.5293758e-03   1.6046009e-03
   5.5997207e-02  -2.1650375e-01  -4.5704861e+00  -1.9134780e-02   8.2532779e-03   1.4805066e-03
   5.3432026e-02  -2.1933328e-01  -4.5883694e+00  -1.9699303e-02   8.3025442e-03   1.5724675e-03
   4.1121317e-02  -2.4315508e-01  -4.5642654e+00  -1.9392375e-02   1.0025208e-02   2.0612159e-03
   2.9395944e-02  -2.1586353e-01  -4.4748682e+00  -1.7223707e-02   8.2163884e-03   2.1211493e-03
   1.5823678e-02  -2.6674796e-01  -4.6541041e+00  -1.7239916e-02   9.8864965e-03   2.3342138e-03
   4.5217566e-02  -2.7700272e-01  -4.5839270e+00  -1.5854100e-02   8.5969610e-03   2.0761934e-03
   1.8920625e-02  -2.2035324e-01  -4.7016934e+00  -1.7851529e-02   7.0480963e-03   1.9092211e-03
   5.7340849e-02  -2.8356954e-01  -4.6683248e+00  -1.9438475e-02   7.7217005e-03   1.2937179e-03
   4.5015709e-02  -2.7585377e-01  -4.5785304e+00  -1.4475115e-02   1.0234291e-02   2.1752595e-03
   2.4083660e-02  -2.4857979e-01  -4.7021762e+00  -1.7733762e-02   8.6426153e-03   2.3191261e-03
   1.8838289e-02  -2.6451212e-01  -4.7441134e+00  -1.7600540e-02   7.1870134e-03   2.1551776e-03
   2.4208141e-02  -2.3537235e-01  -4.8475721e+00  -2.0577532e-02   6.5081772e-03   2.0786182e-03
   1.5742515e-02  -2.2417472e-01  -4.8397535e+00  -2.0122059e-02   7.5861576e-03   2.4344315e-03
   1.5330620e-02  -2.2027259e-01  -4.7973849e+00  -1.9467813e-02   6.7106894e-03   2.3801168e-03
   6.9776799e-03  -2.2949701e-01  -4.8104307e+00  -2.0359149e-02   6.9584600e-03   2.4910720e-03
   3.3772779e-02  -2.4864317e-01  -4.8155457e+00  -2.0053254e-02   6.3446997e-03   2.0095741e-03
   1.2131321e-02  -2.9524586e-01  -4.8050992e+00  -2.1656895e-02   7.4695397e-03   2.4155889e-03
   5.6073414e-02  -2.4266153e-01  -4.4573254e+00  -1.5343765e-02   6.4028755e-03   1.5634811e-03
   4.7087744e-02  -2.4590472e-01  -4.5767332e+00  -1.8617960e-02   6.6594468e-03   1.6020922e-03
   6.0057254e-02  -2.4344998e-01  -4.5284733e+00  -1.8128418e-02   6.6754277e-03   1.3652574e-03
   4.7086421e-02  -2.5015531e-01  -4.5565986e+00  -1.8730668e-02   6.7452697e-03   1.5393381e-03
   4.9857011e-02  -2.9449143e-01  -4.6134604e+00  -1.8888471e-02   9.1671012e-03   1.1520660e-03
   6.2869367e-03  -2.7084785e-01  -4.1889991e+00  -8.3407728e-03   1.0731558e-02   2.0244608e-03
   1.2944498e-02  -2.5730897e-01  -4.5459204e+00  -1.7238034e-02   8.4232514e-03   1.9218678e-03
   2.7119633e-02  -2.7290891e-01  -4.5559308e+00  -1.5676434e-02   7.6737947e-03   1.2561396e-03
   4.0894276e-02  -2.5003782e-01  -4.7156806e+00  -1.8185662e-02   7.2891166e-03   1.2980564e-03
   1.8858605e-02  -2.6317618e-01  -4.7390679e+00  -1.8825622e-02   7.4895958e-03   1.7090817e-03
   3.0572925e-02  -2.2364306e-01  -4.7396515e+00  -1.8996198e-02   7.7694427e-03   1.5381441e-03
   1.2279950e-02  -2.5214115e-01  -4.7200455e+00  -1.8763389e-02   7.2410613e-03   1.6637043e-03
   1.8592549e-02  -2.3930360e-01  -4.7281664e+00  -1.9434676e-02   6.8871853e-03   1.6499243e-03
   9.3511930e-04  -2.6785304e-01  -4.4172448e+00  -1.5255859e-02   1.1056081e-02   2.2004096e-03
   1.2342372e-02  -2.3405823e-01  -4.6437211e+00  -1.7876747e-02   8.5391153e-03   1.4478414e-03
   3.9255074e-02  -2.5105960e-01  -4.8394881e+00  -2.0369045e-02   5.2640852e-03   1.2087300e-03
   1.9525957e-02  -2.5261107e-01  -4.4547678e+00  -1.4220628e-02   8.4395283e-03   1.6126781e-03
   2.0284443e-02  -2.4403498e-01  -4.5713253e+00  -1.7384826e-02   8.1187301e-03   1.7891426e-03
   8.4601244e-03  -2.5220349e-01  -4.5623948e+00  -1.7484335e-02   8.2841145e-03   1.8880774e-03
   4.9113355e-02  -2.8133677e-01  -4.7206589e+00  -1.3370239e-02   1.1014987e-02   1.5591931e-03
  -6.7671070e-03  -2.4301697e-01  -4.9299478e+00  -1.9713176e-02   1.2649024e-02   2.7841687e-03
   3.3194979e-02  -2.5519836e-01  -4.9261982e+00  -1.8455281e-02   1.0092394e-02   2.2087546e-03
   4.1870966e-02  -2.4388695e-01  -4.9733655e+00  -2.0455673e-02   9.1464982e-03   1.7757419e-03
   4.9937966e-02  -2.7436418e-01  -5.0272471e+00  -1.9949524e-02   8.1438321e-03   1.5758466e-03
   4.7742435e-02  -2.5312154e-01  -5.0061098e+00  -2.0466369e-02   1.0280140e-02   1.9101229e-03
   2.7306896e-02  -2.2932947e-01  -4.9447248e+00  -1.9359540e-02   9.2780856e-03   1.9412045e-03
   1.1954785e-02  -2.4681311e-01  -4.9935572e+00  -1.9541074e-02   9.9702711e-03   2.2189068e-03
   1.8659791e-02  -2.4206341e-01  -4.9612132e+00  -2.0668977e-02   9.1205043e-03   2.1779511e-03
   2.7629974e-02  -2.4829297e-01  -4.9782905e+00  -2.0000467e-02   9.3710853e-03   1.9610327e-03
   3.5082117e-02  -2.5694810e-01  -5.0412234e+00  -2.1191408e-02   8.3387093e-03   1.6290727e-03
   2.7339578e-02  -2.6800997e-01  -5.0771200e+00  -2.0793859e-02   8.6221000e-03   1.8187642e-03
   4.6442647e-02  -2.6455318e-01  -5.0089278e+00  -2.2408142e-02   7.4848757e-03   9.4142414e-04
   5.8155204e-02  -3.4338056e-01  -3.9235503e+00  -7.2853335e-03   7.7031093e-03   1.1365539e-03
   2.7255253e-03  -2.6081169e-01  -4.4961108e+00  -1.4465229e-02   9.1369331e-03   2.2705932e-03
   2.8299409e-03  -2.5188835e-01  -4.7371246e+00  -1.7227549e-02   8.2915181e-03   1.7585424e-03
   2.2626810e-02  -2.7307666e-01  -4.7698962e+00  -1.7016717e-02   6.8894399e-03   1.3879460e-03
   1.5034078e-02  -2.6133090e-01  -4.8488605e+00  -1.9809406e-02   6.5802556e-03   1.8987718e-03
   3.5212116e-02  -2.5564263e-01  -4.8156775e+00  -1.7158836e-02   8.9964553e-03   1.5690297e-03
   9.0471480e-03  -2.4625780e-01  -4.8436967e+00  -1.8967693e-02   8.4227143e-03   2.0144761e-03
   1.4404308e-02  -2.7318903e-01  -4.9192118e+00  -1.7160677e-02   9.8554505e-03   1.7222642e-03
   2.7747552e-02  -2.6160666e-01  -4.8170409e+00  -1.9168782e-02   9.1501078e-03   1.5960060e-03
   3.1276910e-02  -2.7254155e-01  -4.8284835e+00  -1.9161871e-02   9.4162303e-03   6.8249553e-04
   4.1149696e-02  -2.7624730e-01  -4.7376998e+00  -1.7512274e-02   9.9804217e-03   1.1952518e-03
   3.3493755e-02  -2.7824202e-01  -4.8386149e+00  -2.0071280e-02   1.1236001e-02   1.4321591e-03
   4.9022180e-02  -2.7790320e-01  -5.1725809e+00  -2.1493278e-02   8.9539527e-03   1.6352942e-03
   4.8660925e-02  -3.2179683e-01  -5.1467373e+00  -2.1800257e-02   8.9239842e-03   1.4291007e-03
   4.8013958e-02  -2.7668303e-01  -4.7043967e+00  -1.6308861e-02   7.0493972e-03   9.6991240e-04
   6.1711316e-02  -2.9071770e-01  -4.7126445e+00  -1.6331862e-02   7.2967716e-03   6.3192435e-04
   5.4234876e-02  -2.9624391e-01  -4.6426834e+00  -1.5479930e-02   7.6970672e-03   7.4797752e-04
   5.9588295e-02  -3.1346370e-01  -4.6705982e+00  -1.6720745e-02   7.9585266e-03   5.5782936e-04
   4.5288466e-02  -2.9448264e-01  -4.7463354e+00  -1.8669311e-02   8.3949520e-03   7.5852275e-04
   3.7996463e-02  -2.9093212e-01  -4.8208293e+00  -1.8257302e-02   7.5825185e-03   1.1392988e-03
   3.7295380e-02  -2.8218281e-01  -4.8205274e+00  -1.9527323e-02   7.0898490e-03   1.0417763e-03
   4.1258484e-02  -2.6410082e-01  -4.8286969e+00  -2.0100083e-02   6.6631319e-03   8.5644192e-04
   3.6013300e-02  -2.6731335e-01  -4.8259031e+00  -1.6361364e-02   6.7384075e-03   1.0836300e-03
   2.9474656e-02  -2.5385131e-01  -5.0415589e+00  -2.0542561e-02   6.8666317e-03   1.1320627e-03
   3.8904239e-02  -2.6037185e-01  -5.0742828e+00  -2.1066931e-02   6.4971175e-03   8.5146761e-04
   4.1400988e-02  -2.7475838e-01  -5.1284367e+00  -2.2276624e-02   6.9702268e-03   7.9977410e-04
   4.4748190e-02  -2.7226167e-01  -5.1116183e+00  -2.1844854e-02   7.0302510e-03   8.3470306e-04
   5.1823479e-02  -2.7387960e-01  -5.1332347e+00  -2.1808610e-02   6.8316492e-03   6.7159343e-04
   3.6193634e-02  -2.5509851e-01  -5.1848855e+00  -2.2712733e-02   7.0465682e-03   9.7210534e-04
   5.1756133e-02  -2.7061441e-01  -5.1442701e+00  -2.2422943e-02   7.1969696e-03   7.9452293e-04
   5.0391183e-02  -2.5879367e-01  -5.1502675e+00  -2.1994534e-02   6.7641633e-03   7.9518314e-04
   5.0573324e-02  -2.7266259e-01  -5.1168341e+00  -2.1741725e-02   6.5396323e-03   6.1864537e-04
   5.1009272e-02  -2.5871368e-01  -5.1406838e+00  -2.2423784e-02   6.5266927e-03   6.8243695e-04
   3.3495946e-02  -2.9928055e-01  -5.0704461e+00  -1.9498101e-02   6.8649585e-03   1.6184127e-03
   2.1147922e-02  -2.7187393e-01  -5.4620519e+00  -2.3450416e-02   5.4851374e-03   1.3442664e-03
   4.0726548e-02  -2.7230815e-01  -5.4225834e+00  -2.2924105e-02   5.7910051e-03   1.1857952e-03
   3.2688332e-02  -2.8476517e-01  -5.3115979e+00  -2.1529287e-02   6.2667908e-03   1.1209724e-03
   2.9067225e-02  -2.7288084e-01  -4.6428926e+00  -4.0173110e-03   4.7753793e-03   1.0677941e-03
  -4.6356992e-02  -3.3209621e-01  -5.4108014e+00  -8.0772124e-03   8.7680364e-03   2.0352939e-03
  -7.5362998e-02  -2.2278694e-01  -5.0632161e+00  -1.2658351e-02   4.7864335e-03   2.2702276e-03
  -1.8128659e-01   1.6448739e-01  -6.2952888e+00  -4.2511668e-02   1.2725535e-02   2.0723918e-03
   8.2108804e-02  -2.9414725e-01  -4.7382640e+00  -1.4807300e-02   1.2841515e-03  -2.9953063e-05
  -5.5933078e-02  -2.1794961e-01  -3.6570877e+00  -1.5838158e-02  -8.0336529e-03   1.4331335e-03
   4.4898753e-02  -2.6752756e-01  -3.7195902e+00  -9.6115472e-03  -7.8310559e-03  -2.8553168e-05
   4.2344269e-02  -2.7214073e-01  -3.8341981e+00  -1.1678408e-02  -6.6574780e-03   8.2270382e-05
   4.2253888e-02  -2.7384829e-01  -3.8369214e+00  -1.1303376e-02  -6.7573813e-03   1.3243022e-04
   3.8593859e-02  -2.6059062e-01  -3.8606026e+00  -1.1811508e-02  -6.0355091e-03   6.3874010e-05
   4.0643977e-02  -2.6929050e-01  -3.8960321e+00  -1.2485397e-02  -5.8705085e-03   2.4160646e-07
   4.4627898e-02  -2.7104763e-01  -3.9125468e+00  -1.2460241e-02  -5.6396719e-03   1.0830693e-04
   4.0477295e-02  -2.5665352e-01  -3.9660312e+00  -1.3633282e-02  -5.8574361e-03  -4.3152910e-05
   2.3789033e-02  -2.7236279e-01  -3.9821316e+00  -1.3256317e-02  -3.6495046e-03   7.3642083e-04
  -3.4445885e-02  -2.4170589e-01  -4.0179519e+00  -1.3828540e-02   4.0761058e-03   2.1074652e-03
  -4.3147210e-02  -2.7168283e-01  -4.4791255e+00  -2.9495989e-02   4.2113079e-03   1.9535564e-03
  -1.2455393e-01  -1.3000361e-01  -1.9869385e+00  -1.7830359e-02  -2.2538058e-03   2.9364985e-03
  -1.1657645e-02  -1.8417977e-01  -8.3991633e-01   2.4328344e-02  -7.8970852e-03   5.9642618e-04
  -1.2671763e-02  -1.1297018e-01  -1.2906557e+00   1.4652852e-02  -9.8298207e-03   1.0239029e-03
  -2.1815496e-02  -1.3175114e-01  -1.3501203e+00   1.2507205e-02  -1.0555227e-02   1.1468343e-03
  -1.7593884e-02  -1.5142472e-01  -1.3587995e+00   1.1392736e-02  -1.0833683e-02   7.8851272e-04
   5.9540525e-04  -1.4371778e-01  -1.5950382e+00   9.2302510e-03  -1.3510389e-02   6.3217989e-04
   1.8647451e-02  -1.5719214e-01  -1.4786304e+00   1.0654232e-02  -1.0090871e-02   4.4709393e-04
   1.5466674e-02  -1.4968354e-01  -1.5931221e+00   9.6886824e-03  -1.0927658e-02   5.5783938e-04
   8.6055449e-03  -1.5024819e-01  -1.5563725e+00   9.0670745e-03  -1.1805411e-02   2.0086384e-04
   5.4939327e-03  -1.4835638e-01  -1.5817810e+00   1.0066117e-02  -1.1387962e-02   4.7881531e-04
   1.2225019e-02  -1.2336589e-01  -1.6386143e+00   8.1321936e-03  -1.1551521e-02   4.5908004e-04
   9.7300498e-03  -1.4421574e-01  -1.6392197e+00   8.8463863e-03  -1.2022455e-02   5.2326192e-04
   6.5118400e-03  -1.3925086e-01  -1.6569605e+00   8.1402885e-03  -1.2025625e-02   3.5659340e-04
   9.6254294e-03  -1.5033107e-01  -1.6582276e+00   8.2137104e-03  -1.1240632e-02   4.9444835e-04
   1.6115977e-02  -1.4553951e-01  -1.6846650e+00   7.7617310e-03  -1.1363992e-02   5.5933394e-04
   5.8267006e-03  -1.3109361e-01  -1.7041409e+00   6.9072507e-03  -1.1772825e-02   2.1719625e-04
   1.6557094e-03  -1.6527423e-01  -2.1863204e+00   4.0416342e-03  -6.6126321e-03  -4.2454699e-04
  -1.2086492e-01  -1.9597245e-01  -2.4716588e+00   1.3378182e-03  -5.3330577e-03   3.3039664e-03
  -1.0928763e-01  -1.8011361e-01  -2.8747608e+00  -6.7326896e-03  -5.2920560e-03   2.8645274e-03
  -8.6869122e-02  -1.7757977e-01  -2.7853438e+00  -6.5239741e-03  -4.6905874e-03   2.6149809e-03
  -5.9275545e-02  -1.9670707e-01  -2.7359491e+00  -5.3798397e-03  -6.7233767e-04   2.9231911e-03
  -4.9126566e-02  -1.9712207e-01  -2.7033671e+00  -6.1839852e-03  -1.8773227e-03   2.5321157e-03
  -3.4872959e-02  -2.0383150e-01  -2.5680287e+00  -4.5306823e-03  -1.7946798e-03   2.4164445e-03
  -4.4637605e-02  -1.6608953e-01  -2.3564528e+00  -2.7101086e-03  -1.6334174e-03   2.5527769e-03
  -4.4934029e-02  -1.8017940e-01  -2.3711083e+00  -2.3076898e-03  -1.7955512e-03   2.2599828e-03
  -8.1557984e-02  -2.9620893e-01  -4.0069322e+00  -2.0080441e-02   2.7907813e-03   3.2500474e-03
  -2.9869570e-02  -1.1864532e-01  -2.8427119e+00  -1.9005043e-02  -4.0890534e-03   2.1432342e-03
   9.4738297e-02  -3.1278753e-01  -3.4903688e+00  -6.8364759e-03   1.7224325e-03   1.3496693e-03
   7.3144496e-02  -2.7130650e-01  -3.7001232e+00  -1.2459063e-02   1.0084357e-03   1.7519568e-03
   7.9751892e-02  -2.6270729e-01  -3.6697739e+00  -1.3392748e-02   1.5884215e-03   1.5870092e-03
   1.0970823e-01  -2.7673159e-01  -3.6355421e+00  -1.3012096e-02   2.1152016e-03   1.0025998e-03
   1.0332004e-01  -2.7705854e-01  -3.6399223e+00  -1.2890057e-02   1.7786779e-03   1.0453651e-03
   1.0614437e-01  -2.8684335e-01  -3.5965123e+00  -1.2411590e-02   2.0874496e-03   9.2316554e-04
   1.0301254e-01  -2.7496853e-01  -3.6212200e+00  -1.2798515e-02   1.9030294e-03   9.3751846e-04
   1.0911664e-01  -2.6763108e-01  -3.6890301e+00  -1.3772818e-02   6.7802546e-04   8.9650002e-04
   1.1248834e-01  -2.7036330e-01  -3.6466962e+00  -1.3329190e-02   1.1910244e-03   8.8679225e-04
   1.0437049e-01  -2.6610601e-01  -3.6468481e+00  -1.3169293e-02   1.1789552e-03   8.4585228e-04
   1.1034292e-01  -2.6889108e-01  -3.6539446e+00  -1.2844837e-02   1.1860154e-03   7.3403479e-04
   9.7569384e-02  -2.7721002e-01  -3.6662782e+00  -1.3979328e-02   2.8415302e-03   1.2017652e-03
  -1.4283996e-02  -3.3359606e-01  -4.9790994e+00  -1.0145575e-02  -2.4531183e-03   2.4456326e-03
  -1.8060212e-03  -2.9141974e-01  -4.8455941e+00  -5.2138239e-02   1.3002096e-03   5.9985835e-04
  -4.4784914e-03  -1.7718556e-01  -2.9888097e+00  -7.5398751e-05   1.4309422e-02   3.3458150e-03
  -3.4559360e-02  -2.4060083e-01  -4.2903562e+00  -1.6835118e-02   4.5612202e-03   3.6542647e-03
  -1.1089544e-02  -2.9886211e-01  -4.4009341e+00  -1.7108949e-02   1.4554372e-03   1.3519943e-03
   4.6632753e-02  -2.2887283e-01  -3.7277812e+00  -9.1650106e-03   6.2121448e-03   2.3067425e-03
   5.9141079e-02  -2.4406099e-01  -3.8779669e+00  -1.1845814e-02   6.1391242e-03   2.0032037e-03
   8.2289067e-02  -2.7372364e-01  -3.9797399e+00  -1.4020332e-02   5.4228800e-03   1.6393751e-03
   7.3853514e-02  -2.4841941e-01  -4.0532001e+00  -1.5925743e-02   4.7526634e-03   1.7854237e-03
   6.6642805e-02  -2.4339171e-01  -4.0980721e+00  -1.6041067e-02   4.7098676e-03   1.9956797e-03
   7.1512284e-02  -2.4154521e-01  -4.1342698e+00  -1.6696479e-02   3.9562747e-03   1.7642433e-03
   6.1394594e-02  -2.1364673e-01  -4.1753223e+00  -1.8249094e-02   4.2569922e-03   1.9037731e-03
   6.5989665e-02  -2.1319475e-01  -4.1843058e+00  -1.8162182e-02   4.1969406e-03   1.7888894e-03
   5.9181699e-02  -2.1280365e-01  -4.2485448e+00  -1.9204839e-02   3.8823491e-03   2.0550991e-03
   7.2550817e-02  -2.3208984e-01  -4.2454646e+00  -1.8478702e-02   3.8058829e-03   1.7931817e-03
   4.2287861e-02  -2.4235010e-01  -4.2591944e+00  -2.0669343e-02   7.0219749e-03   2.8253904e-03
   3.0328777e-02  -2.3604212e-01  -4.0053868e+00  -1.2819863e-02   6.6827161e-03   2.7898130e-03
   4.1772427e-02  -2.1758609e-01  -4.1234670e+00  -1.4169560e-02   6.1093324e-03   2.5846892e-03
   2.8738899e-02  -2.2257444e-01  -4.2699048e+00  -1.7549062e-02   7.2010994e-03   2.6548085e-03
   3.3312898e-02  -2.2195591e-01  -4.3351192e+00  -1.7701622e-02   4.6230196e-03   2.5225954e-03
   3.3014888e-02  -2.3918303e-01  -4.3902137e+00  -1.7741599e-02   4.4187782e-03   2.7051475e-03
   2.5543435e-02  -2.1778067e-01  -4.4615528e+00  -1.8956582e-02   4.9833842e-03   2.6021996e-03
   5.0086859e-02  -2.3533046e-01  -4.4857189e+00  -1.9546114e-02   3.6967628e-03   2.1829432e-03
   5.5834486e-02  -2.3342974e-01  -4.5233133e+00  -1.9859942e-02   3.1329819e-03   1.9260581e-03
   5.4128264e-02  -2.4183327e-01  -4.5560987e+00  -2.0712200e-02   3.4050193e-03   1.9904382e-03
   6.1916853e-02  -2.4658619e-01  -4.5602558e+00  -2.0544065e-02   2.9883112e-03   1.9060342e-03
   4.5894104e-02  -2.0742857e-01  -4.5513534e+00  -2.0468875e-02   3.4714622e-03   2.2471908e-03
   7.6874405e-02  -2.7551872e-01  -4.2939281e+00  -1.5146432e-02  -5.9686546e-04   1.6956208e-03
   7.6282934e-02  -2.3207447e-01  -4.5009597e+00  -1.8607779e-02  -1.8010061e-04   1.5201065e-03
   7.6650849e-02  -2.4791800e-01  -4.4539204e+00  -1.8636524e-02  -4.4817131e-04   1.3206776e-03
   6.9752905e-02  -2.5300094e-01  -4.4356070e+00  -1.8067017e-02   7.1468114e-05   1.4047446e-03
   6.3071548e-02  -2.4251454e-01  -4.4785064e+00  -1.8916417e-02   7.0839908e-04   1.5778505e-03
   7.9181022e-02  -2.6417362e-01  -4.5009630e+00  -1.8543592e-02   8.9553609e-04   1.1314827e-03
   8.8099573e-02  -2.4018861e-01  -4.5519399e+00  -1.8377236e-02   6.8703397e-04   1.4004744e-03
   7.2919170e-02  -2.7974326e-01  -4.5521882e+00  -1.7519775e-02   8.4253263e-04   1.3051319e-03
   4.3231164e-02  -2.3630631e-01  -4.6184602e+00  -1.6964313e-02   3.6878042e-03   2.1028093e-03
   4.8485900e-02  -2.4868681e-01  -4.7450397e+00  -2.0678389e-02   2.8314187e-03   2.0395348e-03
   5.7699268e-02  -2.5920144e-01  -4.7348256e+00  -2.0129658e-02   2.4115226e-03   1.6978198e-03
   5.7220166e-02  -2.4849698e-01  -4.8046741e+00  -2.0494827e-02   2.2171693e-03   1.6340902e-03
   6.1660425e-02  -2.5027694e-01  -4.8321774e+00  -2.1333755e-02   1.8017251e-03   1.6268498e-03
   6.0960540e-02  -2.5553974e-01  -4.8708415e+00  -2.1616769e-02   1.9275115e-03   1.7796732e-03
   6.3092678e-02  -2.4362862e-01  -4.8708215e+00  -2.2268511e-02   2.0472863e-03   1.9946787e-03
   4.8230488e-02  -2.4577168e-01  -4.6357673e+00  -1.7712456e-02   3.9850472e-03   2.0382731e-03
   5.2217783e-02  -2.2640629e-01  -4.7661777e+00  -2.0596315e-02   2.9936425e-03   1.7474492e-03
   2.9560336e-02  -2.6584973e-01  -4.7311253e+00  -2.0479790e-02   4.1749006e-03   2.0473359e-03
   6.2477093e-02  -2.4244899e-01  -4.5057969e+00  -1.7190952e-02   7.8863904e-04   1.5667789e-03
   7.5122752e-02  -2.5501290e-01  -4.5231506e+00  -1.7974667e-02   1.1152939e-03   1.3330444e-03
   6.5418887e-02  -2.5072544e-01  -4.5389227e+00  -1.8227383e-02   6.8709099e-04   1.3907105e-03
   8.0731281e-02  -2.7197032e-01  -4.5507467e+00  -1.6137848e-02   9.3412761e-04   1.1998737e-03
   5.3417815e-02  -2.1139961e-01  -4.7135583e+00  -1.9603070e-02   2.3392897e-03   1.6409334e-03
   4.8249024e-02  -2.6187111e-01  -4.7012630e+00  -1.9251370e-02   3.3518218e-03   1.8188159e-03
   4.1408891e-02  -2.3584202e-01  -4.6908583e+00  -1.9259487e-02   2.9841962e-03   1.9295915e-03
   5.0359800e-02  -2.6616357e-01  -4.6971155e+00  -1.9111117e-02   2.7704310e-03   1.6146064e-03
   5.0024431e-02  -2.4905834e-01  -4.7100206e+00  -1.9367251e-02   2.4331528e-03   1.6917938e-03
   4.9514599e-02  -2.4498727e-01  -4.7358899e+00  -2.0578852e-02   2.2065852e-03   1.6681840e-03
   6.7869392e-02  -2.5808113e-01  -4.5817662e+00  -1.7745653e-02   1.4889333e-03   1.5706702e-03
   8.3824702e-02  -2.7257616e-01  -4.6267713e+00  -2.0151365e-02   4.4439722e-04   4.5043594e-04
   8.6734872e-02  -2.7951202e-01  -4.5383967e+00  -1.6923375e-02  -8.2504436e-04   9.6136151e-04
   6.3167214e-02  -2.8624177e-01  -4.5655100e+00  -1.7757605e-02   2.0696598e-03   1.3317759e-03
   4.0153052e-02  -2.7408487e-01  -4.6336469e+00  -1.8003911e-02   3.2972060e-03   1.6953683e-03
   5.0690158e-02  -2.9150013e-01  -4.6568894e+00  -1.8947784e-02   2.9928195e-03   1.4638091e-03
   5.0800607e-02  -2.7897202e-01  -4.6723289e+00  -1.9317943e-02   2.6763465e-03   1.3367689e-03
   5.0144421e-02  -2.8951359e-01  -4.7276422e+00  -1.8562354e-02   2.7702314e-03   1.6540014e-03
   3.9291952e-02  -2.5546033e-01  -4.7567797e+00  -1.9322110e-02   2.1565332e-03   1.7034089e-03
   6.1489354e-02  -2.7230647e-01  -4.7647875e+00  -1.9859368e-02   7.6928869e-04   1.3070826e-03
   5.7908121e-02  -2.6046818e-01  -4.7791479e+00  -1.9896943e-02   8.7431779e-04   1.3013610e-03
   6.3416245e-02  -3.2174497e-01  -4.8566041e+00  -2.5910110e-02  -3.5202144e-04   7.5254838e-04
  -4.1863622e-04  -2.8550422e-01  -4.7112107e+00  -9.5780200e-03   7.7216953e-03   2.6956900e-03
  -6.1786556e-02  -1.2536976e-01  -5.2237704e+00  -3.1277546e-02   9.2595980e-03   4.2700145e-03
  -1.6814745e-02  -3.8187274e-01  -3.3357399e+00  -2.8331470e-02  -1.3659974e-02   2.4656688e-03
  -1.6099758e-01   3.2892021e-02  -2.5785012e+00  -3.6678077e-03  -1.5445222e-03   5.4462960e-03
  -8.3110810e-02  -9.9828234e-02  -3.8012346e+00  -1.6924899e-02  -4.4990722e-03   5.2480311e-03
  -6.6272216e-02  -9.4308603e-02  -3.7226410e+00  -1.8052370e-02  -5.4356228e-03   4.9883548e-03
  -5.4800959e-02  -9.6131024e-02  -3.6560123e+00  -1.7181247e-02  -5.3450013e-03   4.6861878e-03
  -4.9053459e-02  -1.1603753e-01  -3.6234156e+00  -1.7009414e-02  -4.9772481e-03   4.3545331e-03
  -4.8579607e-02  -1.1692858e-01  -3.6103128e+00  -1.6590008e-02  -5.0310480e-03   4.2999880e-03
  -4.6466162e-02  -9.5705566e-02  -3.6057418e+00  -1.6318981e-02  -4.9073115e-03   4.1592174e-03
  -4.5317993e-02  -1.0386579e-01  -3.6179157e+00  -1.7251287e-02  -5.1651061e-03   4.1106611e-03
   2.3243162e-02  -2.1150585e-01  -4.0918255e+00  -1.4906899e-02  -9.8146220e-03   2.0799013e-03
   1.8972582e-02  -1.7316391e-01  -4.0699429e+00  -1.5719694e-02  -9.7639384e-03   1.9372491e-03
   3.1068170e-02  -1.8151384e-01  -4.0531977e+00  -1.5626684e-02  -9.5942813e-03   1.8696888e-03
   2.9771751e-02  -1.9061031e-01  -4.0165421e+00  -1.5394578e-02  -9.6777035e-03   1.6074708e-03
   2.3131993e-02  -1.8860368e-01  -4.0332638e+00  -1.5997175e-02  -1.0053894e-02   1.6233220e-03
   2.3106426e-02  -1.9490340e-01  -4.0245900e+00  -1.5260720e-02  -1.0459205e-02   1.7121502e-03
   3.3196049e-02  -1.7739662e-01  -4.0665993e+00  -1.6277291e-02  -1.0155094e-02   1.4007948e-03
   3.5179390e-02  -1.9743502e-01  -4.0833213e+00  -1.6459724e-02  -1.0576556e-02   1.4014829e-03
   3.6194624e-02  -1.9625891e-01  -4.1484719e+00  -1.3336234e-02  -6.8300570e-03   2.3093673e-03
   1.8003067e-02  -1.7845235e-01  -4.1338083e+00  -1.3495950e-02  -4.6829469e-03   2.5971094e-03
   3.6584422e-02  -1.4876428e-01  -4.1380774e+00  -1.6442736e-02  -6.3563957e-03   2.7876982e-03
   3.4426676e-02  -1.4600765e-01  -4.1884098e+00  -1.7078727e-02  -7.0892238e-03   2.7182409e-03
   3.5398285e-02  -1.5255409e-01  -4.2387343e+00  -1.7207987e-02  -7.3016658e-03   2.7335364e-03
   2.5534413e-02  -1.4658359e-01  -4.0524305e+00  -1.5904676e-02  -5.9099150e-03   2.2609914e-03
   1.5543661e-02  -1.7962641e-01  -4.3474711e+00  -1.6128927e-02  -5.4083347e-05   2.8560520e-03
  -2.6438928e-02  -3.1784716e-01  -4.2417468e+00  -2.1088076e-02   2.3518772e-03   2.1915739e-03
  -6.0067335e-02  -1.9777950e-01  -3.3046980e+00  -1.1058003e-02   1.8924041e-03   3.9594637e-03
  -3.5397444e-02  -2.2016520e-01  -2.9330572e+00  -5.5607999e-03   5.0216795e-04   3.6963088e-03
  -3.4913427e-02  -2.1262323e-01  -3.0426196e+00  -8.1610487e-03  -5.9202496e-04   3.2157470e-03
  -1.8746307e-02  -2.1903893e-01  -3.1349184e+00  -9.3834315e-03  -5.5460475e-04   2.6463385e-03
   4.0950579e-02  -2.3755979e-01  -2.9386200e+00   2.2454433e-03  -2.6501556e-03   1.3749853e-03
  -2.8804304e-02  -1.9843831e-01  -3.1902232e+00  -1.5267666e-02  -8.3479617e-04   2.4174451e-03
  -7.5498120e-02  -1.1676461e-01  -2.2721555e+00   8.4876329e-03  -5.6827765e-03   2.7341182e-03
  -2.1706459e-02  -3.2105820e-01  -3.6299594e+00  -2.5020389e-02  -8.7075379e-03   2.5578826e-03
   1.1981816e-01  -2.1074410e-01  -2.5639220e+00  -8.9391900e-04  -6.4748492e-03  -3.7315004e-04
   1.0931318e-01  -2.5641964e-01  -2.6441799e+00  -1.3961066e-03  -5.7408934e-03   1.6409415e-04
   8.5013107e-02  -2.5305615e-01  -2.7649934e+00  -2.6572851e-03  -4.3093392e-03   3.9347115e-04
   8.3911683e-02  -2.4841745e-01  -2.8753835e+00  -3.4764699e-03  -3.4992451e-03   6.0194099e-04
   8.8948232e-02  -2.3992176e-01  -2.9145453e+00  -4.3072254e-03  -3.1658393e-03   6.6115058e-04
   7.1612742e-02  -2.3779916e-01  -2.9266188e+00  -5.1141874e-03  -2.4557743e-03   6.2809644e-04
   9.0545180e-02  -2.4996637e-01  -3.0314772e+00  -6.0983232e-03  -2.6142209e-03   6.3916381e-04
   9.1097261e-02  -2.5240457e-01  -3.0917220e+00  -4.7504457e-03  -2.7812974e-03   5.4142930e-04
   9.3112663e-02  -2.3927191e-01  -3.0006589e+00  -4.3311876e-03  -1.8490458e-03  -3.3838622e-05
   8.4672887e-02  -2.6369604e-01  -3.0071585e+00  -5.3970661e-03  -1.7361052e-03  -8.0479723e-05
   8.5701167e-02  -2.5000313e-01  -3.0509917e+00  -5.0426575e-03  -1.2391849e-03  -9.4673877e-05
   9.8374539e-02  -2.5339480e-01  -3.0621690e+00  -5.4052926e-03  -1.5485838e-03  -3.5332113e-04
   9.4450498e-02  -2.5857360e-01  -3.0745602e+00  -5.1844379e-03  -1.2623512e-03  -3.0834911e-04
   1.0219077e-01  -2.2840257e-01  -3.1830042e+00  -6.8629798e-03  -1.3189947e-03  -1.4859741e-04
   6.3563879e-02  -2.7098456e-01  -3.3398453e+00  -6.3398814e-03   1.4651089e-03   5.5158969e-04
   6.6898037e-02  -2.5001037e-01  -3.3694861e+00  -7.9634352e-03  -9.6154629e-05   4.4875555e-04
   7.9906128e-02  -2.6358762e-01  -3.3566796e+00  -7.5818399e-03  -1.6679408e-04   5.0880852e-04
   5.4163412e-02  -2.5725313e-01  -3.3777895e+00  -8.9204065e-03   1.5804383e-03   7.7903516e-04
   6.3468720e-02  -2.5365550e-01  -3.3830340e+00  -9.1129817e-03   7.2358913e-04   6.2429422e-04
   7.9936695e-02  -2.7537805e-01  -3.3657431e+00  -8.8010326e-03   8.7148153e-04   4.6645274e-04
   8.3672040e-02  -2.6746604e-01  -3.4947330e+00  -1.0733224e-02  -1.3621406e-03   1.3947276e-04
   8.3799481e-02  -2.8587164e-01  -3.4642388e+00  -9.8238871e-03  -1.3540269e-03   2.6168097e-04
   1.0218939e-01  -2.5637708e-01  -3.4655955e+00  -1.0111451e-02  -1.0867726e-03   1.2510163e-04
   9.0653799e-02  -2.7802619e-01  -3.5641869e+00  -1.0836270e-02  -2.0669707e-03   1.6061577e-04
   1.1074817e-01  -2.6489446e-01  -3.1274003e+00  -1.3342195e-03  -1.1176178e-03   1.0752742e-05
   7.3523429e-02  -2.1282268e-01  -3.3963423e+00  -1.0520651e-02   1.5642156e-03   5.6919206e-04
   7.9247032e-02  -3.7207376e-01  -4.2402583e+00  -2.8920706e-02   3.3445088e-03  -8.9468263e-04
   1.4406534e-05  -2.9021995e-01  -3.3748492e+00  -2.5475363e-03   4.7544694e-03   1.9919525e-03
  -6.2777219e-02  -2.9818245e-01  -4.2060017e+00  -1.8874514e-02   6.9433904e-03   2.8980704e-03
  -2.7358818e-02  -2.6174787e-01  -4.7452592e+00  -2.1264575e-02   5.5294402e-03   2.7551230e-03
  -1.9969483e-03  -2.7924402e-01  -4.4317122e+00  -1.9145734e-02   5.6590686e-03   2.1693522e-03
   1.3491789e-02  -2.5615387e-01  -4.2586699e+00  -1.5956526e-02   5.1349261e-03   2.5848546e-03
   5.3176050e-03  -2.8349416e-01  -4.1207385e+00  -1.4643549e-02   5.7567699e-03   2.1032386e-03
   3.9684746e-02  -3.3925746e-01  -4.1971420e+00  -1.4264866e-02   4.1057746e-03   1.5852458e-03
   7.3046499e-02  -3.4235373e-01  -4.2269927e+00  -1.7611699e-02   1.2384260e-02  -3.4946662e-03
   2.7675532e-02  -2.7645738e-01  -4.3940963e+00  -1.6779519e-02   7.9980081e-03   2.5844311e-03
   3.1815407e-02  -2.7097850e-01  -4.3201746e+00  -1.6228810e-02   7.7995373e-03   2.3715889e-03
   2.6453684e-02  -2.5046877e-01  -4.2865226e+00  -1.5561445e-02   6.8298532e-03   2.2034374e-03
   4.2633890e-02  -2.6399572e-01  -4.2883630e+00  -1.6435969e-02   6.3751161e-03   1.6629997e-03
   4.7379126e-02  -2.5413317e-01  -4.3336978e+00  -1.7141517e-02   5.8416515e-03   1.5487889e-03
   4.8644464e-02  -2.4133013e-01  -4.3607296e+00  -1.8037980e-02   5.6537310e-03   1.4816745e-03
   3.9710979e-02  -2.6220053e-01  -4.3154642e+00  -1.6771158e-02   7.6668919e-03   1.8213535e-03
   3.2712544e-02  -2.2901392e-01  -4.3369965e+00  -1.7243701e-02   7.1458672e-03   1.9545188e-03
   4.0997436e-02  -2.3305040e-01  -4.3954418e+00  -1.8069717e-02   5.7774016e-03   1.7662951e-03
   5.9558463e-02  -2.5467299e-01  -4.3474803e+00  -1.7706713e-02   5.9637343e-03   1.4940821e-03
   5.7949884e-02  -2.4438699e-01  -4.3942518e+00  -1.7896786e-02   5.2514436e-03   1.5362931e-03
   6.6857219e-02  -2.9222668e-01  -4.3548439e+00  -1.9063736e-02   4.5226758e-03   8.3600777e-04
   2.5944104e-02  -2.7091959e-01  -4.2564677e+00  -1.5071600e-02   8.9039574e-03   1.9800250e-03
   1.2972453e-02  -2.6385636e-01  -4.1324014e+00  -1.5360201e-02   1.2103058e-02   2.4952829e-03
   3.2282126e-02  -2.5940552e-01  -4.1056905e+00  -1.4295994e-02   1.0956589e-02   1.9890636e-03
   3.2726633e-02  -2.8308281e-01  -4.1990207e+00  -1.5006308e-02   1.0035978e-02   1.9573003e-03
   3.5309481e-02  -2.8449949e-01  -4.2076134e+00  -1.4705570e-02   1.0483283e-02   1.8723364e-03
   3.2696166e-02  -2.6726419e-01  -4.2732667e+00  -1.6473421e-02   1.0061766e-02   2.1499165e-03
   3.4424707e-02  -3.0219168e-01  -3.8875623e+00  -7.6113993e-03   7.7657333e-03   2.1967993e-03
   8.0793004e-02  -2.8913898e-01  -4.2846083e+00  -1.7536977e-02   4.6565933e-03   1.1498843e-03
   3.8885611e-02  -2.6656546e-01  -4.0159434e+00  -1.3157171e-02   8.9127278e-03   1.6714855e-03
   4.9481093e-02  -2.6744460e-01  -3.9855058e+00  -1.3030229e-02   8.1215544e-03   1.4196315e-03
   6.3388039e-02  -2.8047852e-01  -4.0287393e+00  -1.4442098e-02   7.2397359e-03   1.1046536e-03
   6.7157675e-02  -2.7497239e-01  -4.0732900e+00  -1.4407536e-02   7.2566013e-03   1.0428084e-03
   1.6555023e-02  -1.5526896e-01  -4.0809248e+00  -1.3796871e-02   9.4955672e-03   2.9784074e-03
   6.2529952e-02  -2.5427691e-01  -4.2027446e+00  -1.5150906e-02   9.5849324e-03   1.9082915e-03
   6.2510230e-02  -2.7830830e-01  -4.1696548e+00  -1.5292258e-02   9.0783123e-03   1.6369497e-03
   6.7513887e-02  -2.7333591e-01  -4.1494850e+00  -1.3965908e-02   9.6612427e-03   1.4357058e-03
   5.8911284e-02  -2.5864878e-01  -4.2194688e+00  -1.5635393e-02   9.6864194e-03   1.3601619e-03
   5.3738958e-02  -2.5287831e-01  -4.2190991e+00  -1.5337292e-02   9.9195322e-03   1.5495644e-03
   5.9571776e-02  -2.7026686e-01  -4.2165759e+00  -1.5433052e-02   9.4062857e-03   1.3440733e-03
   6.7638842e-02  -2.7068941e-01  -4.2801181e+00  -1.6102200e-02   8.2925950e-03   1.2275518e-03
   7.0009363e-02  -2.7283590e-01  -4.2667429e+00  -1.8217867e-02   8.3830169e-03  -1.2561793e-04
   4.8005581e-02  -2.9397165e-01  -4.1522455e+00  -1.2819364e-02   9.4698304e-03   2.0234496e-03
   3.8510252e-02  -2.4648720e-01  -4.3585237e+00  -1.5545170e-02   1.0770427e-02   2.1325613e-03
   3.7764821e-02  -2.1979724e-01  -4.3617151e+00  -1.7177166e-02   1.0482424e-02   2.0067645e-03
   5.1750726e-02  -2.1827252e-01  -4.3345256e+00  -1.6669076e-02   8.6060752e-03   1.8291776e-03
   6.6162576e-02  -2.3801706e-01  -4.5979183e+00  -1.6752568e-02   7.2182969e-03   1.6156359e-03
   5.0222459e-02  -2.0577528e-01  -4.4807002e+00  -2.0499399e-02   1.1356159e-02   1.7209865e-03
   3.4748921e-02  -2.5468837e-01  -4.6353836e+00  -2.0154256e-02   9.1906327e-03   2.1951183e-03
   3.1180332e-02  -1.8167217e-01  -3.8323511e+00  -1.2485359e-02   4.6633933e-03   2.2963922e-03
   2.0268856e-02  -2.6499895e-01  -4.3203116e+00  -1.3635470e-02   5.8506693e-03   2.5592752e-03
   4.9490830e-02  -2.6195076e-01  -4.1581469e+00  -1.4019772e-02   4.6721115e-03   1.8418852e-03
   7.5733451e-02  -2.7795918e-01  -4.1759553e+00  -1.3549325e-02   3.5928262e-03   1.3363983e-03
   6.8479936e-02  -2.4381794e-01  -4.1563436e+00  -1.4505187e-02   3.6882017e-03   1.4000837e-03
   7.8899773e-02  -2.5306504e-01  -4.1234451e+00  -1.1660803e-02   3.6637131e-03   1.2776215e-03
   1.0145180e-01  -2.7176724e-01  -4.2800381e+00  -1.4805408e-02   2.1558792e-03   7.8649055e-04
   9.3610833e-02  -2.7042650e-01  -4.2506031e+00  -1.5778137e-02   1.8764101e-03   8.6727756e-04
   9.4460168e-02  -2.6544315e-01  -4.2183809e+00  -1.4837382e-02   1.9387631e-03   7.9887128e-04
   8.8447854e-02  -2.6538460e-01  -4.2442973e+00  -1.4920481e-02   1.5444376e-03   8.1247196e-04
   6.8384509e-02  -2.6828288e-01  -4.2404413e+00  -1.4827695e-02   4.3854825e-03   1.4168771e-03
   7.8576782e-02  -2.8368950e-01  -4.3216313e+00  -1.5529073e-02   3.9456764e-03   1.0578177e-03
   8.5620458e-02  -2.7269507e-01  -4.4575991e+00  -1.7159329e-02   1.7288516e-03   7.4573494e-04
   6.0561732e-02  -2.5318607e-01  -4.3589456e+00  -1.6218787e-02   4.7790885e-03   1.2147615e-03
   4.3430683e-02  -2.6333783e-01  -4.2529331e+00  -1.4981783e-02   6.7857313e-03   1.6162362e-03
   4.6463438e-02  -2.7387604e-01  -4.2421407e+00  -1.4976554e-02   5.9520654e-03   1.3857521e-03
   5.5025660e-02  -2.7187173e-01  -4.2534742e+00  -1.4689505e-02   5.8324520e-03   1.2369320e-03
   5.3327228e-02  -2.6885624e-01  -4.3212480e+00  -1.5861786e-02   5.3850429e-03   1.1965439e-03
   5.4580485e-02  -2.5011945e-01  -4.3268898e+00  -1.7197316e-02   7.1638550e-03   1.8182159e-03
   4.1073378e-02  -2.6265541e-01  -5.0316418e+00  -2.5203539e-02   2.1702217e-03   1.9391395e-03
  -6.7453095e-04  -2.5451642e-01  -4.8881243e+00  -2.5152260e-02   3.6731919e-03   2.4491738e-03
   1.1232962e-01  -2.9732678e-01  -3.2637215e+00  -4.9113057e-03   4.5217628e-03   1.3594102e-03
   4.0806926e-02  -2.6430862e-01  -4.0149660e+00  -1.1460497e-02   1.6342934e-03   1.8630430e-03
   5.6627101e-02  -2.6258543e-01  -3.9281216e+00  -1.1286374e-02   2.5030745e-03   1.6233135e-03
   5.8391176e-02  -2.7538408e-01  -3.9555281e+00  -1.1925379e-02   2.8204728e-03   1.7072603e-03
   6.7492987e-02  -2.9015092e-01  -3.9403726e+00  -1.1865431e-02   2.8502775e-03   1.5970138e-03
   6.3631590e-02  -2.4704912e-01  -3.9676370e+00  -1.3202936e-02   2.7291142e-03   1.6357028e-03
   4.9737831e-02  -2.8370382e-01  -3.9144568e+00  -1.1796968e-02   4.9304518e-03   2.5886020e-03
   4.8819505e-02  -2.5988085e-01  -3.9162579e+00  -1.1267561e-02   5.8374626e-03   2.2837666e-03
   4.0594491e-02  -2.5579714e-01  -3.8274986e+00  -1.0818906e-02   5.5778828e-03   2.1518631e-03
   5.6770152e-02  -2.5943442e-01  -3.8395123e+00  -1.1053154e-02   5.5905856e-03   1.9551429e-03
   6.7910686e-02  -2.5057830e-01  -3.8716854e+00  -1.2296976e-02   4.9619621e-03   1.5859796e-03
   5.8367882e-02  -2.5079180e-01  -3.8843279e+00  -1.2760263e-02   5.1963293e-03   1.8515669e-03
   6.3752598e-02  -2.7001080e-01  -3.9088896e+00  -1.2806347e-02   4.9532087e-03   1.8364901e-03
   5.4877869e-02  -2.5418189e-01  -3.8764695e+00  -1.2294153e-02   4.4543685e-03   1.8910487e-03
   5.6726144e-02  -2.8158081e-01  -3.9222663e+00  -1.1851490e-02   5.3655693e-03   2.2481915e-03
   5.5934650e-02  -2.7124421e-01  -3.8988944e+00  -1.2230493e-02   5.0470925e-03   2.0031418e-03
   9.3025719e-02  -2.0095143e-01  -4.0188795e+00  -1.3969401e-02   2.3262489e-03   2.0826966e-04
   3.0048879e-02  -2.6192896e-01  -3.9992699e+00  -1.1528445e-02   7.2844716e-03   2.3421016e-03
  -1.4841025e-02  -2.4083230e-01  -4.0689270e+00  -9.5787522e-03   9.2271057e-03   3.1540095e-03
  -1.1594994e-01  -1.4659779e-01  -5.8681093e+00  -3.2031702e-02   8.1936518e-03   6.9279843e-03
  -2.1601722e-02  -2.7708483e-01  -7.0125631e+00  -3.8146971e-02  -4.3032387e-03   3.4550931e-03
   1.4349492e-02  -3.0827083e-01  -6.5455290e+00  -3.2361703e-02  -2.7694355e-03   2.3693152e-03
   1.9457639e-02  -3.1081633e-01  -6.4022522e+00  -3.0868122e-02  -2.4920073e-03   2.5523973e-03
   4.1437663e-02  -3.2569283e-01  -6.3707151e+00  -3.1127538e-02  -1.7622163e-03   2.1207763e-03
   4.0613283e-02  -3.1920457e-01  -6.2657364e+00  -3.0635399e-02  -1.2581536e-03   1.8643292e-03
   3.9370465e-02  -3.1103197e-01  -6.2168872e+00  -3.0148355e-02  -1.6210454e-03   1.5732530e-03
   4.1450440e-02  -3.1112171e-01  -6.2187499e+00  -3.0580821e-02  -2.0236352e-03   1.4604965e-03
   4.4237845e-02  -3.1595145e-01  -6.1689409e+00  -3.0473540e-02  -1.6490998e-03   1.5369232e-03
   6.1556772e-02  -3.3890860e-01  -6.1855175e+00  -3.3946720e-02  -1.8844030e-03   6.4460125e-04
   5.1773764e-02  -3.0821138e-01  -4.8208232e+00  -1.5091316e-02  -2.1139107e-03   1.3125141e-03
   2.9506100e-02  -2.8400794e-01  -4.7924981e+00  -1.5061542e-02  -6.8705930e-04   2.0040393e-03
   9.0761286e-03  -2.8835765e-01  -4.7769982e+00  -1.5483844e-02  -1.6052037e-04   2.3178486e-03
   1.0471525e-02  -2.8000629e-01  -4.8440027e+00  -1.7121623e-02   1.0278741e-03   2.2280441e-03
   4.4632286e-02  -2.9386137e-01  -5.0829101e+00  -2.0507433e-02  -2.3323939e-03   1.5025707e-03
   2.5979202e-02  -3.1665607e-01  -5.1176607e+00  -2.3202560e-02  -1.0492925e-03   1.8009122e-03
   3.0701642e-02  -3.2308578e-01  -5.7302266e+00  -2.6695646e-02  -7.2305264e-04   1.8646266e-03
   3.2411372e-02  -2.8631505e-01  -5.5778888e+00  -2.5597293e-02  -5.4936109e-04   1.7423110e-03
  -1.0032383e-01  -9.6945388e-02  -5.5868312e+00  -3.3952180e-02   7.8786557e-03  -7.7386406e-04
   2.8169010e-02  -2.7446228e-01  -5.4276394e+00  -2.4714358e-02  -8.5814033e-04   2.1590371e-03
   2.9165621e-02  -2.9886726e-01  -5.3889438e+00  -2.4331646e-02   2.1250687e-06   2.0030377e-03
   4.3730035e-02  -3.0806764e-01  -4.9902715e+00  -1.3737915e-02   8.2873893e-05   1.5430461e-03
  -2.5921948e-02  -2.2485840e-01  -4.8706069e+00  -1.7934321e-02   2.1939771e-03   2.8698216e-03
  -3.0407566e-02  -2.5992022e-01  -4.9213466e+00  -1.5348811e-02   3.0057804e-03   3.0679030e-03
  -9.6797372e-03  -2.6366146e-01  -5.0011957e+00  -1.9209840e-02   4.6088261e-03   3.1302442e-03
   8.5305397e-03  -2.8051219e-01  -5.0088809e+00  -2.0343675e-02   2.6889105e-03   2.6631316e-03
   2.3453699e-02  -2.8506163e-01  -5.0483901e+00  -2.0387624e-02   1.5206686e-03   2.4632641e-03
  -7.6161914e-03  -2.9671371e-01  -5.1343912e+00  -1.9931404e-02   4.9104189e-03   3.3731225e-03
   1.1338791e-02  -2.6988434e-01  -5.1819847e+00  -2.1807610e-02   2.3454449e-03   2.6851974e-03
   1.5920547e-02  -2.8394170e-01  -5.1370527e+00  -2.2409645e-02   5.9876219e-04   2.6486872e-03
   3.4630886e-02  -2.5549995e-01  -5.0036517e+00  -2.0499013e-02   7.6486480e-04   2.3847609e-03
   6.6454158e-02  -3.5765669e-01  -5.1508233e+00  -2.2348803e-02  -4.2321415e-04   1.0896364e-03
   2.9277981e-02  -3.1449801e-01  -4.5803403e+00  -1.5459535e-02   3.2593087e-04   2.0069031e-03
   2.2984401e-02  -2.9225003e-01  -4.9469190e+00  -1.8147682e-02   1.0143605e-03   2.2874284e-03
   2.5880377e-02  -2.8375427e-01  -4.9759128e+00  -1.8596764e-02   1.0899801e-03   2.2887420e-03
   2.6947671e-02  -2.8831183e-01  -4.9873418e+00  -1.9292629e-02   1.4172986e-03   2.2075249e-03
   1.7012302e-02  -2.7945840e-01  -5.0223074e+00  -1.9797571e-02   1.5604088e-03   1.3467853e-03
   3.3514728e-02  -2.5582751e-01  -4.9674251e+00  -1.8929350e-02   1.8732367e-03   1.3123341e-03
   3.4202223e-02  -2.8628551e-01  -4.9252822e+00  -1.8973998e-02   1.9896187e-03   1.5561318e-03
   4.7726452e-02  -2.8008445e-01  -4.8839122e+00  -1.8469062e-02   1.4994141e-03   1.2705565e-03
   2.9983487e-02  -2.6438072e-01  -4.9211995e+00  -1.9342795e-02   2.1475340e-03   1.6888586e-03
   3.0999872e-02  -2.6587181e-01  -4.9345918e+00  -1.9187772e-02   1.8949184e-03   1.3916352e-03
   2.2692260e-02  -2.7729854e-01  -4.9438009e+00  -1.8422119e-02   1.3644195e-03   1.6871911e-03
   2.1298188e-02  -2.6117444e-01  -5.0030176e+00  -1.9435106e-02   1.2847172e-03   1.7101608e-03
   2.7823823e-02  -2.7290822e-01  -4.9826898e+00  -1.9672860e-02   1.3587716e-03   1.5542102e-03
   1.8160974e-02  -2.7174677e-01  -4.9850034e+00  -1.9193362e-02   1.3671509e-03   1.8133593e-03
   6.1581144e-02  -2.5628489e-01  -3.6362773e+00  -1.3791149e-02   3.3986315e-04   7.3301292e-04
  -3.3092831e-02  -2.0088451e-01  -3.6017449e+00  -3.2079612e-02   4.0006438e-04   1.8147560e-03
  -3.2975371e-02  -3.2017325e-02  -1.5731604e+00   6.6896215e-03  -2.1857153e-02   3.8496664e-04
  -6.2745409e-02  -1.5782967e-01  -1.8833873e+00   2.5829713e-02  -1.6449174e-02   2.4791879e-03
  -4.4751859e-02  -1.8642822e-01  -3.4585592e+00  -6.3269917e-03  -1.6797273e-02   2.1189580e-03
  -3.6567328e-02  -2.0495467e-01  -3.3784297e+00  -5.3132885e-03  -1.5777524e-02   1.9713497e-03
  -3.5500847e-02  -2.1901057e-01  -3.3953136e+00  -5.7003553e-03  -1.4824511e-02   1.8748033e-03
  -2.9495675e-02  -2.1788213e-01  -3.3588117e+00  -5.4977448e-03  -1.3961378e-02   1.4735245e-03
  -1.7920538e-02  -2.4246784e-01  -3.4011523e+00  -6.2776803e-03  -1.4253173e-02   1.1941827e-03
  -1.7576357e-02  -2.1561113e-01  -3.3975738e+00  -5.3972635e-03  -1.4445454e-02   1.2001927e-03
  -2.1259809e-02  -2.0941699e-01  -3.4207939e+00  -5.8734850e-03  -1.4292787e-02   1.2226598e-03
   1.2055868e-02  -3.1076780e-01  -3.5166490e+00  -8.1540021e-03  -1.4227724e-02  -6.1363979e-04
   1.2103466e-01  -2.4070206e-01  -3.1625116e+00  -2.6792153e-04  -4.4809905e-03   3.1534464e-05
   1.0655854e-01  -2.2598014e-01  -3.7916726e+00  -9.5384293e-03  -3.2556199e-03   7.0860255e-05
   1.0603993e-01  -2.3777578e-01  -3.6888306e+00  -9.1227068e-03  -3.3775785e-03   2.6838805e-04
   1.0366290e-01  -2.3997183e-01  -3.6972404e+00  -9.1914248e-03  -3.4739340e-03   2.0934704e-04
   9.3131380e-02  -2.3276151e-01  -3.7126117e+00  -9.1561207e-03  -3.5030168e-03   5.0410042e-04
   9.8144564e-02  -2.3794645e-01  -3.7324896e+00  -8.9668205e-03  -2.8552620e-03   4.9205148e-04
   7.8011717e-02  -2.2106523e-01  -3.6807263e+00  -8.6720987e-03  -1.9129022e-03   7.3600426e-04
   7.9702203e-02  -2.4373716e-01  -3.6918745e+00  -8.7483124e-03  -2.0158560e-03   7.1407546e-04
   3.8738664e-02  -2.6483271e-01  -3.9333699e+00  -8.6711555e-03  -1.8937229e-03   1.5698939e-03
   2.9439914e-02  -2.1996797e-01  -3.7937053e+00  -8.9232623e-03   2.4615787e-04   1.7956208e-03
   5.0393674e-02  -2.5583388e-01  -3.7998182e+00  -8.4693079e-03  -5.6880396e-04   1.4624378e-03
   4.7611996e-02  -2.7434893e-01  -3.8124890e+00  -5.9125114e-03   1.0725553e-05   2.1241100e-03
   8.2366637e-02  -2.9037874e-01  -3.8638335e+00  -7.9072853e-03  -2.8103462e-03   8.3728579e-04
   6.0168720e-02  -3.1945523e-01  -3.5940865e+00  -9.6222829e-03   4.9145404e-03   1.8589416e-03
  -6.9719136e-02  -2.9196259e-01  -3.8947665e+00  -9.8724969e-03  -3.2787143e-04   2.9531807e-03
  -2.4897789e-02  -2.7756496e-01  -3.9563596e+00  -1.1801711e-02  -5.2102907e-04   1.8129792e-03
   1.0470172e-01  -2.7492269e-01  -3.5900927e+00  -7.1592914e-03  -6.2537110e-04   3.0383518e-04
   9.4530518e-02  -2.5773101e-01  -3.5796860e+00  -7.9284767e-03  -5.2762721e-05   4.3066906e-04
   9.3709289e-02  -2.7926663e-01  -3.5845004e+00  -7.8689486e-03   3.6742784e-04   4.6998840e-04
   9.8389680e-02  -2.5646827e-01  -3.5813657e+00  -8.2062021e-03   8.2851601e-04   3.5368680e-04
   8.7869203e-02  -2.4720931e-01  -3.5980085e+00  -8.4115931e-03   1.1126957e-03   5.3729028e-04
   8.5410399e-02  -2.6370302e-01  -3.6120522e+00  -8.9984382e-03   9.0041095e-04   6.6232154e-04
   7.9044481e-02  -2.3491122e-01  -3.5657816e+00  -8.8973703e-03   1.9820243e-03   7.9351984e-04
   9.0808094e-02  -2.2143046e-01  -3.5834372e+00  -1.0054574e-02   6.2474650e-04   9.6286898e-04
   9.6336702e-02  -2.3371982e-01  -3.3670094e+00  -5.8806472e-03  -1.0346689e-03   8.2795882e-04
   9.8057211e-02  -2.4603997e-01  -3.3898006e+00  -6.8423951e-03  -7.1361321e-04   8.2997211e-04
   9.9435465e-02  -2.4220896e-01  -3.4033183e+00  -6.9564645e-03  -8.8254069e-04   7.5837613e-04
   8.9874799e-02  -2.1359941e-01  -3.4156051e+00  -8.3301103e-03  -6.4904677e-04   1.0367296e-03
   5.3570787e-02  -2.3108352e-01  -3.5473747e+00  -7.9612135e-03   2.0893466e-03   1.6135013e-03
   4.6884982e-02  -2.1750494e-01  -3.5711433e+00  -8.5413345e-03   1.6553280e-03   1.6490115e-03
  -1.6686676e-01   1.5389272e-01  -3.6944936e+00  -2.2987762e-02   9.2129227e-03   4.1426016e-03
   8.2248191e-02  -2.5190731e-01  -3.6334414e+00  -1.1037521e-02  -4.9507840e-04   9.8189573e-04
   4.3573210e-02  -2.1259769e-01  -3.7417785e+00  -1.1076442e-02  -6.3496476e-04   1.6877779e-03
   3.4014273e-02  -1.6229906e-01  -3.2632323e+00  -7.7078133e-03   2.7156857e-03   1.8108230e-03
   7.7542181e-02  -2.2021739e-01  -3.2697146e+00  -2.7885263e-03   3.0809906e-03   1.4784441e-03
   9.0032636e-02  -2.3490867e-01  -3.4386530e+00  -6.0034648e-03   2.6734498e-03   1.1139182e-03
   8.7311104e-02  -2.4453051e-01  -3.4846899e+00  -6.9445635e-03   2.1278198e-03   1.0947737e-03
   9.2966866e-02  -2.3765965e-01  -3.4726257e+00  -6.7474275e-03   1.3449169e-03   1.1892749e-03
   9.6041074e-02  -2.1332375e-01  -3.4319561e+00  -6.3873849e-03   2.1356521e-03   1.2473745e-03
   5.9971955e-02  -2.2446355e-01  -3.5613076e+00  -7.8883331e-03   2.4609484e-03   1.9139319e-03
   7.9397856e-02  -2.2722166e-01  -3.5962895e+00  -8.8132657e-03   1.5366420e-03   1.2931822e-03
   5.8883319e-02  -2.1093332e-01  -3.4365047e+00  -6.2955536e-03   2.7718031e-03   1.8453141e-03
   6.7202377e-02  -2.1089294e-01  -3.4665357e+00  -7.4829427e-03   3.1084222e-03   1.7908835e-03
   7.9453072e-02  -2.4131670e-01  -3.4102454e+00  -5.9462213e-03   2.9591557e-03   1.5349537e-03
   4.9771466e-02  -2.1319792e-01  -3.4707252e+00  -6.8272337e-03   2.6623147e-03   1.9572628e-03
   1.3718957e-01  -3.3495495e-01  -3.4688825e+00  -1.5636922e-02   5.8966237e-03  -9.3109289e-04
   2.4560200e-02  -2.5699435e-01  -3.0638494e+00  -2.1703248e-03  -6.8852407e-03   1.0033901e-03
   2.0083356e-02  -2.7055328e-01  -3.4177423e+00  -5.1549279e-03  -2.1230278e-03  -5.7366988e-06
   1.6073337e-02  -1.8557262e-01  -2.4841433e+00   4.7314751e-03   2.4538796e-03   1.1744615e-03
   5.5759974e-02  -1.9026422e-01  -2.8643113e+00  -2.0013525e-03   2.3943373e-03   1.0908836e-03
   4.5726350e-02  -2.0393073e-01  -2.8615239e+00  -2.2490721e-03   2.1314648e-03   1.0679880e-03
   5.8775326e-02  -2.1929896e-01  -2.7179311e+00  -1.1411555e-03   1.3927471e-03   1.0013425e-03
   6.5155417e-02  -2.2975757e-01  -2.6929141e+00   2.5764136e-04   8.0742895e-04   7.7728280e-04
   7.0685360e-02  -2.0915201e-01  -2.7483099e+00  -3.7509106e-04   7.4808006e-04   8.3148953e-04
   7.5981831e-02  -2.3439249e-01  -2.8602137e+00  -1.5469811e-03   6.3940145e-04   6.6211668e-04
   7.8065952e-02  -2.2610117e-01  -2.8888387e+00  -1.8658436e-03   9.7972059e-04   5.6737119e-04
   7.0003039e-02  -2.1029039e-01  -2.8987437e+00  -2.5638859e-03   1.3865677e-03   7.3792506e-04
   7.6891765e-02  -2.4440586e-01  -2.9276524e+00  -1.0367854e-03   5.9047651e-04   5.9461176e-04
   8.5659275e-02  -2.2203224e-01  -2.9895162e+00  -2.3463851e-03   1.2177021e-03   4.5158368e-04
   7.3494192e-02  -2.4110496e-01  -2.9916489e+00  -1.8942385e-03   1.5645082e-03   9.1079518e-04
   7.8894196e-02  -2.3479935e-01  -3.0008794e+00  -1.4736996e-03   2.5385419e-03   6.3749191e-04
   8.1121225e-02  -2.2784436e-01  -3.0547559e+00  -2.4998788e-03   2.4174418e-03   5.8168028e-04
   6.1076732e-02  -2.4214832e-01  -3.1528448e+00  -3.8055596e-03   3.1285782e-03   9.1646667e-04
   4.9590772e-02  -2.2787578e-01  -3.1612168e+00  -4.0065913e-03   4.1674236e-03   1.0605310e-03
   5.2563481e-02  -2.3407744e-01  -3.3495893e+00  -6.6487165e-03   3.7832128e-03   1.1146223e-03
   1.0456108e-01  -1.1234310e-01  -3.3308933e+00  -9.0391857e-03  -1.1518389e-03   2.4085401e-03
   6.0263621e-02  -2.0602528e-01  -3.2519271e+00  -5.9864164e-03   5.1127307e-03   3.2080351e-04
   6.2511062e-02  -2.3980716e-01  -3.2474189e+00  -5.3305331e-03   4.7992586e-03   3.7126922e-04
   7.3410948e-02  -2.1402465e-01  -3.2022842e+00  -5.3699283e-03   4.8445109e-03   3.3636415e-04
   7.4651980e-02  -2.1072319e-01  -3.2507138e+00  -6.0569507e-03   3.7171606e-03   2.6290932e-04
   6.6089656e-02  -2.3210146e-01  -3.2621415e+00  -6.0080293e-03   3.5032067e-03   2.7739422e-04
   6.1995453e-02  -2.0997815e-01  -3.2909003e+00  -6.2979655e-03   4.5034342e-03   3.4657631e-04
   4.5225611e-02  -2.1998511e-01  -3.2847367e+00  -6.4308272e-03   5.1967053e-03   5.7578961e-04
   5.2741258e-02  -2.1259884e-01  -3.2967994e+00  -6.1793638e-03   4.8455031e-03   5.9053923e-04
   7.2873414e-02  -2.2641283e-01  -3.2694032e+00  -5.4791725e-03   4.6233682e-03   5.8428635e-05
   2.2379047e-02  -2.1939703e-01  -3.1890411e+00  -3.4111285e-03   6.5646716e-05   8.1126107e-04
   6.6736777e-02  -2.0942048e-01  -3.5763132e+00  -1.0268247e-02   2.5920044e-03   8.5927948e-04
  -3.9483841e-04  -2.1311603e-01  -3.2903611e+00  -4.8676131e-03   5.0144027e-03   1.6762215e-03
   3.2730263e-02  -2.9864962e-01  -3.1941257e+00  -2.2245001e-02   4.4343331e-03  -6.1276528e-04
   3.4376997e-02  -1.6917501e-01  -2.6226121e+00   2.6259403e-03   3.5074380e-03   5.2777383e-04
   3.7082447e-02  -1.7657642e-01  -2.5539351e+00   2.9308639e-03   4.1153224e-03   6.3912521e-04
   5.7205669e-02  -1.8585339e-01  -2.5428404e+00   2.9267300e-03   4.2943063e-03   4.1091474e-04
   5.1673583e-02  -1.7566219e-01  -2.5954788e+00   2.6956803e-03   3.8176453e-03   4.0493885e-04
   5.1572773e-02  -1.9820946e-01  -2.6110297e+00   2.1718822e-03   4.1335412e-03   6.2397517e-04
   5.4497044e-02  -1.8085385e-01  -2.6436499e+00   1.8372943e-03   3.6849713e-03   5.6741105e-04
   5.7219640e-02  -1.9506305e-01  -2.6626032e+00   1.4591379e-03   3.6300663e-03   4.6754387e-04
   4.7734390e-02  -1.9209906e-01  -2.7885246e+00  -2.9827243e-04   4.3316517e-03   8.5823432e-04
   5.1207366e-02  -2.0031213e-01  -2.7055635e+00   2.7245006e-04   3.9117426e-03   7.4352145e-04
   4.9216598e-02  -1.8647808e-01  -2.7429150e+00   4.9834007e-04   3.7818433e-03   9.0072904e-04
   5.4854233e-02  -2.1258085e-01  -2.7455063e+00   2.3250764e-04   3.8094424e-03   7.4986698e-04
   2.8292077e-02  -1.9565119e-01  -2.8971164e+00   1.0574676e-03   4.2463847e-03   1.2735092e-03
   3.3684420e-02  -2.0177854e-01  -3.0870356e+00  -3.6329848e-03   5.1515160e-03   1.0810630e-03
   4.7265897e-02  -2.3172961e-01  -3.0454752e+00  -2.9673804e-03   3.2479641e-03   1.2159721e-03
   7.9814969e-02  -2.3943711e-01  -2.9373345e+00  -2.1108533e-03   3.1427946e-03   6.5015906e-04
   3.1504501e-02  -1.9205647e-01  -2.8795452e+00  -6.9642234e-06   9.3570154e-03   1.7586381e-03
   2.9723961e-02  -2.1159796e-01  -3.2049786e+00  -4.7776770e-03   8.6053668e-03   1.9175850e-03
   5.0090423e-02  -2.3348108e-01  -3.1219330e+00  -5.3032057e-03   7.8727900e-03   1.6233115e-03
   7.1707882e-02  -2.2173350e-01  -3.0086990e+00  -2.4908019e-03   7.7439132e-03   1.0991563e-03
   5.6496007e-02  -2.1828875e-01  -3.0687329e+00  -3.7510504e-03   7.3900843e-03   8.9509185e-04
   2.8348070e-02  -2.2446247e-01  -3.1149938e+00  -3.7872178e-03   7.5767484e-03   1.7054237e-03
   5.4003491e-02  -2.1879951e-01  -3.3458985e+00  -7.0761327e-03   7.8014917e-03   1.3905722e-03
   1.0519951e-01  -2.6702733e-01  -2.7878491e+00   3.7916778e-03   6.3640999e-03   5.5314383e-04
   4.4393641e-02  -1.8111568e-01  -3.0428159e+00  -8.9367186e-04   7.3754248e-03   1.5532078e-03
   5.2974362e-02  -2.0668930e-01  -3.2178460e+00  -6.4041198e-03   6.0988223e-03   8.9842115e-04
   1.9932178e-02  -2.9699429e-01  -3.8460677e+00  -8.8378448e-03   9.7613818e-03   2.3385209e-03
   2.2094547e-02  -2.1729874e-01  -4.2448417e+00  -1.3611079e-02   6.5144793e-03   2.4450573e-03
   3.2746405e-02  -2.4473363e-01  -3.9701218e+00  -1.2993079e-02   5.7692147e-03   1.9711754e-03
   3.8730456e-02  -2.3689943e-01  -3.8447038e+00  -1.1481970e-02   5.1571492e-03   1.8252796e-03
   6.9842946e-02  -2.0126329e-01  -3.8100540e+00  -1.2612559e-02   5.4289202e-03   1.1424877e-03
   6.1197293e-02  -1.8786531e-01  -3.7050526e+00  -1.1763120e-02   5.4398918e-03   6.5249235e-04
   6.2194859e-02  -1.8089427e-01  -3.6249778e+00  -1.0700348e-02   5.3249117e-03   7.7520728e-04
   5.2298037e-02  -2.0646975e-01  -3.6770743e+00  -1.0893304e-02   5.3555487e-03   7.8902319e-04
   7.0429811e-02  -1.9709101e-01  -3.6850495e+00  -1.2254790e-02   5.3022018e-03   7.7141436e-04
   1.2586597e-01  -2.0065358e-01  -3.5091140e+00  -7.2191280e-03   2.0711626e-03  -1.3128706e-04
   8.7634888e-02  -1.9518309e-01  -3.5997701e+00  -1.0249082e-02   6.0153787e-03   5.6483927e-04
   9.0721475e-02  -2.0952441e-01  -3.5739612e+00  -1.0362243e-02   5.9987729e-03   5.2634498e-04
   4.5867778e-02  -2.3113326e-01  -3.6255475e+00  -1.1370810e-02   5.4507272e-03   1.6165835e-03
   7.7878878e-02  -1.9805143e-01  -3.5291866e+00  -8.3578120e-03   5.4667869e-03   1.1540238e-03
   6.9606176e-02  -2.0490967e-01  -3.5300473e+00  -8.9934158e-03   4.7885887e-03   9.1093008e-04
   6.5732988e-02  -2.3878382e-01  -3.0890487e+00   6.3019236e-03   1.3498448e-03   1.1494752e-03
  -4.8892885e-02  -1.1706903e-01  -5.7326666e+00  -7.1270727e-02  -2.8222379e-03   2.7570533e-03
  -6.4903756e-02  -1.6282498e-01  -1.3297228e+00   1.6468130e-02  -8.8516482e-03   3.8367558e-03
   9.4845548e-03  -8.2437457e-02  -1.1500918e+00   2.7089405e-02  -8.5678030e-03   1.4282238e-03
  -2.4284175e-02  -1.3851951e-01  -2.0002950e+00   7.3196623e-03  -1.0655692e-02   1.7478318e-03
  -3.0643878e-02  -1.5035552e-01  -1.9749446e+00   5.8711749e-03  -1.0248707e-02   1.6371247e-03
  -2.8710377e-02  -1.3612121e-01  -1.9820914e+00   9.3198650e-03  -1.0789801e-02   1.7714488e-03
  -1.4840333e-02  -1.5855780e-01  -2.2767278e+00   3.7909900e-03  -1.3732736e-02   1.1447492e-03
  -1.1121909e-02  -2.1844058e-01  -2.4346532e+00   8.3024753e-03  -1.3151125e-02   1.3415072e-03
  -1.3853630e-02  -1.7104294e-01  -2.7889611e+00   1.8323380e-03  -1.3753053e-02   1.3087413e-03
   3.7799911e-03  -1.8311720e-01  -2.8620106e+00  -5.6977635e-04  -1.3687916e-02   1.1319068e-03
   1.6309094e-02  -1.9913840e-01  -2.8617537e+00  -1.5056088e-04  -1.3804638e-02   7.8902157e-04
   3.9721735e-02  -2.0716259e-01  -3.0957215e+00  -3.0564494e-03  -1.4225152e-02   4.6861160e-04
   2.1290369e-02  -1.8290582e-01  -2.9399938e+00  -6.0307864e-04  -1.2091544e-02   7.7267449e-04
  -8.0025948e-03  -2.0723171e-01  -2.9291865e+00  -8.6841210e-04  -8.7954146e-03   1.1794615e-03
  -4.4712742e-02  -2.1780247e-01  -3.5892368e+00  -6.8461640e-03  -7.7047636e-03   2.3094652e-03
   6.0787843e-03  -1.9898334e-01  -3.8222326e+00  -9.7392002e-03  -1.1207694e-02   1.3846399e-03
   3.9109552e-02  -3.3451242e-01  -3.9765627e+00  -1.4635396e-02  -6.8166408e-03   7.9900692e-04
  -1.3566415e-01  -6.7284501e-02  -1.6855047e+00   1.8287015e-02  -1.1210249e-02   2.6902325e-03
  -1.8888334e-01  -3.1718902e-02  -2.6906768e+00   1.1573293e-03  -1.1502496e-02   3.7441093e-03
  -8.4405027e-02  -1.9683730e-01  -4.1150012e+00  -1.2213052e-02  -1.3044188e-02   2.2608977e-03
  -6.8620041e-02  -1.9453407e-01  -4.1329959e+00  -1.2616163e-02  -1.4395807e-02   1.7725780e-03
  -5.0284505e-02  -2.0775482e-01  -4.2732984e+00  -1.3833320e-02  -1.5686575e-02   1.2888811e-03
  -6.8919926e-02  -2.6549859e-01  -4.4899513e+00  -1.2870022e-02  -1.3685752e-02   1.2833407e-03
  -7.7132561e-02  -2.0927837e-01  -4.7116457e+00  -1.8467826e-02  -1.5284348e-02   1.8361173e-03
  -6.0240863e-02  -2.3949079e-01  -4.6708194e+00  -1.7838116e-02  -1.5216947e-02   1.3800121e-03
  -5.8791037e-02  -2.2984576e-01  -4.6532992e+00  -1.7480369e-02  -1.5751238e-02   1.2364752e-03
  -4.1765811e-02  -2.3535006e-01  -4.6852956e+00  -1.8535097e-02  -1.5610155e-02   1.0551310e-03
  -2.6305061e-02  -2.2711742e-01  -4.6543662e+00  -1.6822572e-02  -1.6028662e-02   8.5463123e-04
  -1.9871783e-02  -2.2485378e-01  -4.6448383e+00  -1.6547120e-02  -1.6175747e-02   8.9268485e-04
  -2.0649711e-02  -2.3040185e-01  -4.6531200e+00  -1.6378072e-02  -1.6707155e-02   9.9252537e-04
  -2.9254918e-02  -2.2808169e-01  -4.6717100e+00  -1.7042209e-02  -1.6270246e-02   1.1464928e-03
  -1.9520029e-02  -2.1486886e-01  -4.6758068e+00  -1.6935370e-02  -1.6481544e-02   1.0098394e-03
  -2.0163124e-02  -2.1340183e-01  -4.6478773e+00  -1.6993297e-02  -1.6058318e-02   8.4075328e-04
  -5.4471358e-03  -2.1866194e-01  -4.6363861e+00  -1.7475681e-02  -1.6890635e-02   2.9719039e-04
   5.6539022e-02  -1.8422125e-01  -4.5125930e+00  -1.4734175e-02  -1.5271154e-02  -5.9064551e-04
  -1.5397462e-02  -2.8343366e-01  -4.5288227e+00  -1.7164137e-02  -8.0602627e-03   8.6209254e-04
   1.0119214e-02  -2.1180836e-01  -4.1855152e+00  -8.4585379e-03  -6.8640581e-03   8.3982203e-04
   2.9646119e-02  -2.4481951e-01  -4.4987278e+00  -1.2040848e-02  -9.5902330e-03   3.5971616e-04
   3.6818974e-02  -2.4122774e-01  -4.5721419e+00  -1.3370773e-02  -1.0224363e-02   4.5594186e-05
   2.9456992e-02  -2.5361277e-01  -4.5932644e+00  -1.3324353e-02  -1.0599511e-02   2.7973579e-04
