   0.0000000e+00   0.0000000e+00   0.0000000e+00   0.0000000e+00   0.0000000e+00   0.0000000e+00
  -2.1514316e-02   1.6996449e-02  -1.2880678e-02  -2.8919197e-04  -2.8373836e-04   3.8212184e-04
  -8.1025218e-02   3.3814239e-02   2.6991320e-01   5.8344111e-03  -2.2385826e-04   8.3299605e-04
  -2.7489159e-02   3.9741819e-02   2.2552760e-01   3.5220388e-03  -2.0282287e-03   5.2831826e-05
   2.6188783e-03  -3.8950236e-03  -1.4358277e-02  -6.6602173e-04  -2.8910448e-03  -3.7047704e-04
  -2.5817509e-02  -4.3153372e-02  -4.2218586e-01  -2.7402018e-03  -1.0577620e-03  -3.3285368e-06
  -6.6740800e-03  -3.0911742e-03  -4.5906985e-01  -4.5181136e-03  -7.6215200e-04   8.1735529e-05
  -2.1478425e-02  -6.0296140e-02  -4.6165874e-01  -7.3866093e-03  -1.4989734e-04   4.0241636e-04
  -1.0715241e-01   1.2991841e-02   1.4381596e-01   6.1347263e-03   4.6057490e-03   2.8235390e-03
  -8.9795686e-02  -1.5106732e-02  -1.2761442e-01   7.6113251e-04   1.2968208e-03   2.3018552e-03
  -9.5026251e-02   2.4289385e-03  -1.8861284e-01  -6.2828305e-04  -3.2466273e-04   2.1499035e-03
  -1.1572887e-01   4.2579652e-02   1.0230011e-01  -6.9438549e-03  -2.4165099e-04   2.2952689e-03
  -1.9580794e-01   1.0852539e-01  -4.7017289e-01  -1.2072416e-02  -8.3767050e-04   4.0038079e-03
  -1.8933704e-01   1.1357758e-01  -3.9009055e-01  -1.0423947e-02   1.8535732e-04   3.7248470e-03
  -1.4144271e-01   2.8609855e-02   1.4516769e-01  -1.6560419e-02  -2.1902837e-03   3.0053034e-03
  -8.7779482e-02   1.8487629e-01   1.1799351e+00   5.4414798e-03  -1.8889078e-03   2.3885426e-03
  -2.4852820e-02   1.4122707e-01   1.1850097e+00   5.8817221e-03  -1.4661086e-03   1.2936334e-03
  -3.2369400e-02   6.7024392e-02   1.2260604e+00   2.6020945e-03  -2.9765697e-04   5.3965165e-04
  -7.3672155e-02   1.3189991e-01   1.3722362e+00   1.3157200e-02  -5.1898368e-04   1.5447828e-03
  -9.3302358e-02   8.2680614e-02   9.6755342e-01   7.6772632e-03  -1.8805605e-03   1.7709479e-03
  -9.9134420e-02   5.8394701e-02   7.7510525e-01   3.1380495e-03   3.6628904e-04   2.7370767e-03
  -1.1522428e-01   7.9991093e-02   5.7072668e-01   1.9213803e-03  -4.0335372e-04   2.7232286e-03
  -6.9078721e-02  -7.5880613e-02   4.5877034e-01  -5.9967196e-03   1.3453110e-04   3.4536582e-04
  -1.1267406e-01   1.6000746e-01   1.3752180e+00   1.0124703e-02  -2.5239553e-03   7.2733656e-04
  -2.5856784e-01   4.2157004e-02   7.9133566e-01  -1.4227647e-03  -8.6880163e-03   3.9210796e-03
  -2.6993128e-01  -6.7214043e-02   8.6682459e-01  -8.2658910e-04  -7.2560077e-03   3.3737505e-03
  -3.0412079e-01   1.4920318e-01   8.0404587e-01   4.2153710e-03  -5.6393951e-03   4.0072265e-03
  -2.8781072e-01   1.0420626e-01   5.8328726e-01   1.7752296e-03  -7.6687077e-03   3.8285433e-03
  -2.7581119e-01   7.4246597e-02   6.4209957e-01   2.3833769e-03  -7.2535114e-03   3.6096160e-03
  -2.7977203e-01   9.2136633e-02   6.2103025e-01   2.1015397e-03  -7.0873229e-03   3.5578123e-03
  -2.7847339e-01   7.9872265e-02   4.9139443e-01   1.8120670e-03  -8.0909309e-03   3.6975117e-03
  -2.9032528e-01   7.0705357e-02   5.2345509e-01   2.0520482e-03  -8.6500731e-03   4.1482522e-03
  -2.8904406e-01   7.9720629e-02   4.9068322e-01   2.7761101e-03  -9.6609103e-03   4.0945361e-03
  -2.2074148e-01   1.3461826e-02   2.6285044e-01  -1.5759782e-03  -1.0504063e-02   1.7473689e-03
  -1.8890737e-01   3.1546490e-02   1.9098625e-01  -9.3967669e-05  -1.5932351e-02   1.3569925e-03
  -1.9393388e-01  -3.5769854e-03   3.6997702e-01   6.8625343e-04  -1.5418027e-02   1.4905960e-03
  -1.7837832e-01   3.4526178e-02   4.1740127e-01   1.5436250e-03  -1.3865933e-02   1.2397679e-03
  -2.3925322e-01   3.6981206e-02   5.6276076e-01   3.1482310e-03  -1.0693025e-02   2.5343368e-03
  -2.1477949e-01   4.3589919e-02   5.2182504e-01   2.9910425e-03  -9.0424150e-03   2.4851547e-03
  -2.1025117e-01   3.5875349e-02   5.0339538e-01   5.1665646e-03  -1.0225254e-02   2.3552578e-03
  -1.4708363e-01  -9.2452972e-03  -4.4129865e-02  -3.7986347e-03  -1.1831372e-02   1.8062373e-03
  -9.9841136e-02  -3.2045789e-02   3.9910122e-02  -1.0814007e-03  -1.2628175e-02   8.0323096e-04
  -8.5630750e-02  -3.6241106e-02  -5.1731032e-02  -3.3756018e-03  -1.6742187e-02   3.8231122e-04
  -6.2427212e-02  -5.2926278e-02  -1.2985154e-02  -1.5595700e-03  -1.5704570e-02   1.5099506e-04
  -7.4066950e-02  -6.2219625e-03  -3.1804392e-02  -2.9078720e-03  -1.5173450e-02   4.2093332e-04
  -8.1222043e-02  -6.4563447e-02  -7.1935837e-02  -2.4755335e-03  -1.4659498e-02   6.1770415e-04
  -7.1969073e-02  -3.2208431e-02  -1.8217625e-02  -3.0421921e-04  -1.3992902e-02   4.9048801e-04
  -5.1065390e-02  -6.2924572e-02   1.3147277e-02  -1.1801983e-03  -1.5341722e-02   1.4263164e-04
  -4.6761556e-02  -3.4330184e-02   1.3647277e-01  -1.0058971e-03  -1.1532867e-02  -9.5259508e-06
  -9.7077459e-02  -3.9464016e-02  -1.0181526e-02  -7.5400783e-04  -9.9751410e-03   1.0170456e-03
  -7.6285712e-02  -4.0962844e-02  -1.5301155e-01  -4.0690702e-03  -1.0789348e-02   4.0705602e-04
  -5.7468806e-02  -2.9109811e-02  -3.8419532e-02  -1.7440407e-03  -1.3783028e-02   3.7217011e-04
  -6.3913922e-02  -6.7796704e-02   4.4672673e-01  -3.2043866e-03  -6.4294453e-03   5.0891509e-04
   2.9989096e-02  -3.1499091e-02   1.7594934e-01  -1.3775222e-03  -3.4949119e-04   9.8114394e-05
   1.9049339e-02  -5.1119285e-02   1.3296381e-01  -3.6024809e-03   2.6741180e-03   2.3975080e-04
   1.6412854e-02  -6.5758645e-02   2.1239168e-01  -3.9743363e-03   2.9181269e-03   6.0479619e-04
  -9.5131153e-02   1.3796825e-02   8.5451762e-01   4.8518173e-03  -3.7541812e-03   1.6524482e-03
   4.6444721e-02  -1.1508697e-02   5.6324614e-01   8.4731803e-03  -3.1802176e-03  -1.3291850e-04
   4.3965436e-02  -4.9263820e-02   4.2285126e-01   5.6032216e-03  -3.3757581e-03   6.7376054e-05
  -2.3155738e-02  -7.8080918e-02   5.9405571e-01   1.3311811e-03  -1.1133368e-03   5.7691825e-04
   2.1455244e-02  -9.8763887e-04   6.5959980e-01   9.7404351e-03   8.2070675e-04   1.1041958e-03
   8.9455842e-03  -8.0518852e-03   4.8972836e-01   6.8014906e-03  -1.3396121e-03   8.9719668e-04
   7.4763920e-03  -1.9403507e-02   5.0112044e-01   5.9857486e-03  -2.8571924e-03   1.1516653e-03
   2.3041851e-02  -4.6994919e-02   3.5391588e-01   4.0151881e-03  -3.8276625e-03   8.4085367e-04
   1.7442321e-02  -2.8210981e-02   5.1616249e-01   6.5543557e-03  -4.6097572e-03   9.6131129e-04
   2.9100440e-02   3.7343389e-02   5.2901014e-01   7.9235666e-03  -3.3865767e-03   8.9040203e-04
  -4.8276697e-02  -6.6139910e-02   6.0846684e-01   7.3663810e-03  -5.4818695e-03   1.5361302e-03
   3.9590144e-02  -8.8150485e-02   4.2367740e-01   8.7056847e-03  -7.8442230e-03   5.2754890e-04
   7.1318236e-02  -8.1829771e-02   3.2702017e-01   3.6033778e-03  -5.7904614e-03   1.3540481e-04
   7.6753628e-02  -5.9080657e-02   2.8208735e-01   4.2887733e-03  -7.0446140e-03   1.4269880e-04
  -9.6668630e-03  -1.9882265e-02   7.7199982e-01   7.5222233e-03  -7.7206218e-03   1.0390671e-03
   8.0959384e-02  -1.7590895e-03   6.8118657e-01   8.1364561e-03  -5.1340784e-03   5.9532552e-06
   5.6282773e-02  -1.3419388e-02   5.6788464e-01   4.6775439e-03  -4.7482357e-03   3.8543859e-04
   8.3220371e-02  -3.9704522e-02   4.2616482e-01   2.6129989e-03  -4.9557597e-03   1.2565940e-04
   5.8841749e-02  -4.4013263e-02   4.5473310e-01   2.6596134e-03  -3.1288566e-03   4.9798197e-04
   8.4065904e-02  -9.4971329e-02   4.8733721e-01   4.2971277e-03  -2.5608979e-03  -7.5957393e-06
  -4.7840954e-03   6.8357685e-02   8.9497487e-01   1.5866951e-02  -5.2516299e-03   1.0360514e-03
   5.7576349e-04  -3.1320723e-03   4.1796370e-01   6.6770292e-03  -4.3261527e-03   9.5779235e-04
  -2.1336495e-02  -5.1776451e-02   5.1738206e-01   1.3960955e-03  -4.6755615e-03   1.0516972e-03
   4.4776186e-02  -9.1587100e-02   1.0062426e-01   1.8243741e-03  -1.9175094e-03   6.9793439e-04
   4.6511670e-02  -1.2020333e-01   1.1681053e-02  -3.2757139e-03  -2.0827434e-03   7.4162700e-04
   2.1036450e-02   1.6905215e-02   7.9766155e-01   1.4691646e-02  -3.9941014e-03   6.3973076e-04
   3.4393568e-02  -1.8487301e-02   4.0609013e-01   6.0932040e-03  -3.4406063e-03   6.2587359e-04
  -3.6915343e-02  -7.8276964e-02   4.8418252e-01  -1.1737837e-03  -4.3743422e-03   2.0478779e-03
  -9.1609060e-03  -5.7753878e-03   6.1835690e-01   7.5533780e-03  -4.2154324e-03   1.6398121e-03
   1.8452982e-02  -5.5995588e-02   5.1046312e-01   3.0542079e-03  -4.6714164e-03   6.3370593e-04
   3.6264533e-02   1.0919671e-02   1.0174843e+00   1.5349248e-02  -5.0013538e-03   8.0662932e-04
   6.3031996e-03  -2.6675827e-02   5.6389503e-01   5.6753716e-03  -5.4259745e-03   1.1166301e-03
  -5.8495660e-03  -1.0702999e-01   6.2676972e-01  -1.3153498e-03  -4.4334779e-03   1.4961265e-03
  -2.6292957e-02  -2.2883210e-02   4.2285347e-01   7.8330759e-03  -5.1224171e-03   1.7130360e-03
   4.5888502e-03  -5.4252779e-02   2.6465599e-01   3.2698925e-03  -4.6664245e-03   1.1563032e-03
   7.4594945e-03  -6.6261044e-02   1.8299411e-01   1.0433520e-03  -4.7385504e-03   9.2437251e-04
  -4.1952692e-02   1.4690711e-02   1.0548828e+00   8.2800040e-03  -3.7066092e-03   2.0383002e-03
  -1.4168748e-02  -5.6895072e-03   7.2235531e-01   8.9336898e-03  -3.8472301e-03   1.6683922e-03
  -9.5857858e-03  -1.5540304e-02   6.0131022e-01   6.0556497e-03  -3.3125494e-03   1.3145134e-03
  -1.8158561e-02   3.0248597e-03   5.9846878e-01   5.5154881e-03  -4.8711987e-03   1.3544776e-03
   8.6157963e-03  -5.0971239e-02   6.1122146e-01   5.2187511e-03  -3.4778955e-03   1.1205551e-03
  -4.5436438e-02   2.8837936e-03   9.5259859e-01   8.4207917e-03  -2.6115163e-03   1.8888654e-03
   1.7558794e-02  -4.3760639e-02   5.3215268e-01   4.4359640e-03  -1.7837183e-03   1.1072782e-03
  -3.1972362e-02   5.4132483e-02   1.0669923e+00   1.3559787e-02  -1.9654050e-03   2.0020114e-03
   4.6905714e-02  -1.6214290e-02   6.1776838e-01   7.0478620e-03  -1.8558707e-03   8.3925787e-04
  -1.4965609e-02  -1.3352585e-03   1.0995575e+00   8.0907623e-03  -2.5037312e-03   1.4995943e-03
   6.7540413e-02  -1.4827212e-02   7.1457143e-01   6.1655517e-03  -1.5751529e-03   4.7138084e-04
   9.4978424e-02  -6.8065042e-02   5.5269826e-01   5.8944124e-04  -1.1027301e-03   3.8123220e-04
   4.2318944e-02   2.0602272e-02   1.1525064e+00   1.2188520e-02  -2.3269476e-03   9.6002227e-04
   3.8318887e-02   1.0453811e-02   1.0125744e+00   8.7135290e-03  -8.6960703e-04   6.2196404e-04
   5.4031272e-02  -5.6532036e-02   9.9575914e-01   6.8925209e-03  -1.1920178e-03   1.2859567e-03
   4.9530477e-02   8.4684866e-03   9.1734506e-01   1.4954068e-02  -2.5250199e-03   9.4658754e-04
   7.8487145e-02  -2.6084949e-02   6.2506579e-01   5.9538453e-03  -1.1832595e-04   3.8134294e-04
  -1.3284568e-02   3.9955382e-02   1.1983189e+00   1.0518735e-02  -2.2791534e-03   1.5948868e-03
   5.1584018e-02  -1.7215645e-03   7.0660340e-01   8.3878357e-03  -1.8609302e-03   9.0547144e-04
  -1.7245125e-02   2.7645619e-02   1.0713953e+00   8.1038787e-03  -1.7839263e-03   1.5015714e-03
   3.1090731e-02   4.2251238e-03   8.3234669e-01   8.9720151e-03  -1.4486649e-03   6.9039418e-04
   2.9943125e-02  -1.3520367e-02   7.8703353e-01   7.4267221e-03  -1.4364314e-03   9.1788602e-04
   5.6323743e-02  -4.7879421e-02   7.1144241e-01   4.8057509e-03  -2.0482464e-04   9.2020398e-04
   3.5343412e-02   2.2857399e-02   1.1934458e+00   1.6348334e-02  -4.6159524e-04   1.2275628e-03
   4.9228119e-02  -2.1366444e-02   8.4146863e-01   8.0904345e-03  -1.9355228e-04   6.8649766e-04
   5.2777647e-02  -9.2016087e-02   7.8919753e-01   1.4113449e-03   1.1925925e-04   8.5592305e-04
   1.9682755e-02   1.1188449e-02   9.1492040e-01   8.8839265e-03  -4.4339285e-04   1.3870665e-03
   3.9111989e-02  -8.9685879e-02   8.6438942e-01   2.9928035e-03  -1.6834459e-04   1.8592533e-03
   3.4070377e-02   2.7377431e-02   9.2639105e-01   1.0314956e-02  -1.5307328e-03   1.1085216e-03
   2.5148678e-02  -1.1306613e-02   7.5276212e-01   5.9716840e-03  -1.2607930e-03   1.0301179e-03
   3.6718036e-02  -1.8206178e-02   6.7800134e-01   4.5190799e-03  -1.8245901e-03   1.0364421e-03
   4.4402894e-02  -3.4057980e-02   6.8440645e-01   5.5397230e-03  -1.6329263e-03   8.9953675e-04
   3.1356476e-02  -2.1242400e-02   6.6564314e-01   5.2684464e-03  -1.5897695e-03   1.0904392e-03
  -2.5074012e-03  -5.2170635e-02   9.2691321e-01   7.5338964e-03  -9.2653903e-04   1.4063733e-03
   7.1435768e-02  -6.1796812e-02   6.3988341e-01   7.1799919e-03  -3.6040203e-04   5.0104066e-04
   6.6753173e-02  -7.6977157e-02   3.2647873e-01   3.3734019e-03  -6.0409534e-04   5.9619517e-04
  -1.8665885e-02   7.9304568e-03   1.0434998e+00   1.0539689e-02  -5.9852588e-04   1.8333252e-03
   6.0647088e-02  -3.8327815e-02   6.5964992e-01   7.8920808e-03   3.4029840e-04   1.0462070e-03
   4.6927268e-02  -2.6500162e-02   4.5218126e-01   3.2958747e-03  -1.1418452e-04   1.3079307e-03
   4.3320812e-02  -5.9758509e-02   4.4260058e-01   3.2592956e-03  -1.0182324e-05   1.4837918e-03
   4.6840527e-02  -7.2838918e-02   4.8780119e-01   2.3674701e-03  -2.6216141e-04   7.4817179e-04
   4.9679876e-02  -4.1557224e-02   4.4944468e-01   3.9876824e-03   7.9737614e-06   8.9819179e-04
   5.2620636e-02  -1.2723875e-01   5.0515909e-01  -1.5716234e-03   1.7617889e-04   1.2682081e-03
   4.1534684e-02  -8.8520373e-02   4.0819500e-01   2.6987795e-03   3.9429205e-03   1.3325180e-03
   4.9030044e-02  -9.1193424e-02   4.0523772e-01   1.3298839e-03   4.3808282e-03   1.2231275e-03
   2.1407894e-02   1.8202526e-02   9.3906142e-01   1.5408803e-02   1.0943974e-03   1.3971985e-03
   5.9599420e-02  -4.8916331e-02   4.8136500e-01   5.3585938e-03   1.6097680e-03   8.5889922e-04
   5.9162110e-02  -4.4383208e-02   5.1464948e-01   4.5097100e-03   1.7161807e-03   1.0329665e-03
   5.1387221e-02  -4.9783068e-02   5.0188336e-01   3.8044014e-03   1.6293381e-03   1.1003447e-03
   7.5076683e-02  -1.9156193e-01   5.4404031e-01   3.3582855e-03   1.9093837e-03   3.1175355e-04
   2.2593078e-02  -2.2162335e-02   9.4789412e-01   1.5950713e-02  -2.3328689e-04   1.0738331e-03
   5.6151622e-02  -6.5170056e-02   5.8959488e-01   5.6247649e-03   7.5588095e-04   6.0584428e-04
   4.2496917e-02  -7.4198500e-02   5.1799090e-01   5.0915822e-03   2.0678721e-04   7.9878333e-04
   4.5799185e-02  -1.9165572e-01   5.5602083e-01   1.0513391e-03   1.6065399e-03   1.1676889e-03
   8.0439019e-03  -1.1425239e-02   7.9341812e-01   1.0725830e-02   1.4882544e-03   1.5505319e-03
   9.1447398e-03  -4.4065788e-02   7.0504809e-01   7.9698364e-03   1.3486593e-03   1.4055661e-03
   2.6130764e-02  -1.4380810e-01   5.9822115e-01   4.7984013e-03   1.2213735e-03   1.2242214e-03
  -7.4562546e-03  -1.6489909e-02   7.9613490e-01   1.2136546e-02   4.5214184e-04   1.4975966e-03
   3.4984693e-02  -7.4834920e-02   6.1458681e-01   6.1489562e-03   1.6407490e-03   1.1092471e-03
  -1.0287673e-03   5.3836544e-02   1.2770012e+00   1.7404510e-02  -5.1486745e-04   1.1752979e-03
   9.6490927e-03  -1.9884598e-02   6.8719456e-01   6.3298433e-03   2.6536218e-04   1.0006499e-03
   4.7972177e-03  -1.4221948e-01   5.9754603e-01   2.1881664e-03   5.6534079e-04   1.5558340e-03
   3.7506807e-02  -3.5876488e-02   7.9638741e-01   9.8677455e-03   2.4771809e-03   8.4601712e-04
  -5.4001657e-02   5.7061289e-05   1.0551639e+00   9.2787126e-03   4.6474737e-04   2.1011288e-03
   3.7129976e-02  -3.2420146e-02   6.7271398e-01   7.5639161e-03   2.0558479e-03   1.2825078e-03
  -1.3465712e-03   3.2361448e-02   1.2275167e+00   1.6618771e-02  -1.9205200e-05   1.1288349e-03
   2.2122036e-02  -2.6090564e-02   7.2277997e-01   7.0445434e-03   1.1881678e-03   7.0256497e-04
   2.8354766e-02  -3.9086091e-02   6.1548282e-01   4.5175697e-03   1.0825711e-03   6.7131296e-04
  -2.7679954e-02  -1.6071187e-02   1.0559670e+00   8.8367662e-03  -2.5439228e-04   1.9256129e-03
   4.6977468e-02  -6.9430855e-02   4.7976894e-01   7.2404696e-03   9.5796562e-04   8.7013823e-04
   5.3199800e-02  -9.4126448e-02   4.7415107e-01   5.3794141e-03   5.2360050e-04   6.8459035e-04
  -1.3024007e-02   1.2564373e-02   9.9395940e-01   9.1750541e-03   8.6941639e-05   1.6085976e-03
   3.3847882e-02  -3.8875670e-02   7.5353366e-01   7.5302135e-03   8.9211712e-04   6.8399604e-04
   1.7544591e-02   3.1508458e-02   1.2095772e+00   1.5525467e-02   8.4043614e-04   1.2724630e-03
   3.0051181e-02  -2.2232643e-02   8.0444767e-01   7.8885877e-03   1.2722878e-03   5.7939359e-04
   2.7190101e-02  -5.5621464e-02   7.7860851e-01   5.4865436e-03   1.4671161e-03   9.4003205e-04
  -1.4926322e-02   4.6199707e-02   1.3015250e+00   1.6715242e-02   1.6783042e-04   1.6002392e-03
   5.8173188e-02  -8.9999980e-02   5.6446889e-01   5.9520890e-03   2.1570441e-03   5.5123542e-04
  -2.6523277e-02   3.9655486e-03   1.0063749e+00   6.7141848e-03  -2.9562282e-04   1.5646061e-03
   4.1886518e-02  -4.2538654e-02   7.4542113e-01   8.4007287e-03  -1.1877552e-04   9.3786674e-04
   4.1533528e-02  -3.8947212e-02   6.5411230e-01   6.2848960e-03  -6.3146518e-05   1.2031145e-03
   1.4676751e-02  -3.6437205e-02   1.0049513e+00   5.2702728e-03   8.5255563e-04   1.1351680e-03
   4.3773850e-02  -3.6598985e-02   7.6140321e-01   1.0622872e-02   1.1040841e-03   1.1309029e-03
   9.0117188e-02  -1.3211351e-01   7.6040388e-01   6.9714486e-03   2.5857478e-03   4.2384986e-04
   6.3619315e-02  -4.5914731e-02   8.6872199e-01   1.2788971e-02   3.7011035e-03   1.2322420e-03
   4.6764536e-02  -4.1086245e-02   7.5745324e-01   7.5703363e-03   2.9819776e-03   1.2373671e-03
   7.5598889e-02  -4.9472731e-02   7.3397369e-01   7.7599603e-03   4.1502343e-03   9.6329877e-04
   5.1374661e-02  -2.3082888e-02   7.2007617e-01   8.1018828e-03   3.7956663e-03   1.2564572e-03
   5.6642267e-02  -6.5401246e-02   6.4849934e-01   7.6541156e-03   2.8716742e-03   1.1632975e-03
   4.8806139e-02  -4.8897774e-02   8.2189572e-01   9.7585837e-03   2.8255377e-03   1.3181858e-03
   6.7102176e-02  -6.6459507e-02   8.2610939e-01   9.7476943e-03   3.7475086e-03   1.0740913e-03
   6.2522376e-02  -6.4302459e-02   7.4139665e-01   7.4480914e-03   3.5534716e-03   9.5269677e-04
   3.9518019e-02  -6.4732248e-02   6.6546572e-01   7.3888630e-03   3.1634980e-03   1.1553522e-03
   5.1083167e-02  -6.6569829e-02   4.6720209e-01   5.1193641e-03   2.5636127e-03   1.0075410e-03
   4.1539204e-02  -8.4026161e-02   3.0342454e-01   3.4207030e-03   2.7377295e-03   7.2285255e-04
   6.7730842e-03  -2.1809780e-01  -5.2074460e-01   3.4179292e-03   2.9380569e-03   7.9904985e-04
  -1.5419303e-01  -7.4400086e-02  -7.4528990e-01  -1.4409655e-02   3.6018253e-03   3.1603366e-03
  -1.7283711e-01  -1.2454966e-01  -1.8067962e+00  -2.0383530e-02   1.7540760e-04   2.5497086e-03
  -1.8679611e-01  -1.3955569e-01  -1.8490326e+00  -1.9843721e-02  -1.5271480e-03   3.3301102e-03
  -1.7733090e-01  -1.5574764e-01  -1.9659907e+00  -2.1925563e-02  -3.1519631e-03   2.9957032e-03
  -1.4340270e-01  -1.8930591e-01  -2.0244436e+00  -2.2860328e-02  -3.7824758e-03   2.5005706e-03
  -1.3329043e-01  -1.6502862e-01  -1.9958722e+00  -2.2313824e-02  -4.8908391e-03   2.1869014e-03
  -1.4652712e-01  -1.7524708e-01  -1.9558681e+00  -2.2025599e-02  -4.7651389e-03   2.2483558e-03
  -1.4750328e-01  -1.7556001e-01  -1.9627133e+00  -2.1500958e-02  -4.7683452e-03   2.0509927e-03
  -1.2885859e-01  -1.3395725e-01  -1.9437843e+00  -2.1995095e-02  -5.3445342e-03   1.8972796e-03
  -1.2150509e-01  -1.8668215e-01  -1.9670962e+00  -2.1789955e-02  -5.6694987e-03   1.8022493e-03
  -1.1520957e-01  -1.7092691e-01  -1.9806802e+00  -2.2540712e-02  -5.4171995e-03   1.5103323e-03
  -1.2290300e-01  -2.0399973e-01  -1.9838895e+00  -2.0824506e-02  -5.5019414e-03   1.4795289e-03
  -1.2422375e-01  -1.5351089e-01  -1.9887986e+00  -2.2047672e-02  -6.1098953e-03   1.5242299e-03
   2.4058326e-03  -8.8867235e-02  -5.5982639e-01  -4.8242602e-03  -3.8318718e-03   1.1257308e-03
   3.6581204e-02  -1.3130625e-01  -6.6230052e-01  -6.7082802e-03  -2.7100908e-03   8.4011266e-04
  -5.2214602e-02  -1.1976285e-01  -4.4093760e-01  -1.0735987e-02  -2.9983349e-03   1.1327998e-03
   3.8649049e-02  -7.3470039e-02  -1.7156621e-01  -2.4740068e-03  -3.6008663e-03   2.9554451e-04
   4.4850711e-02  -6.2358640e-02  -2.0070742e-01  -2.1858425e-03  -4.1734319e-03   1.9490089e-04
   4.4748514e-02  -8.9557237e-02  -2.6300932e-01  -2.4524757e-03  -5.0072888e-03   8.1112723e-05
   4.2628102e-02  -7.5608081e-02  -3.4759091e-01  -2.3686103e-03  -4.8968269e-03  -2.3203273e-04
   3.2216797e-03  -1.6336725e-01   1.0448478e-01  -2.1694011e-03  -3.0563738e-03  -2.8105961e-04
   7.7274509e-02  -1.1476010e-01  -4.2185807e-03   3.2584690e-03  -3.7636457e-03  -7.9129374e-04
   9.3518574e-02  -1.3289887e-01  -3.0221272e-01  -2.9722078e-03  -2.1594405e-03  -7.6328874e-04
   8.9967704e-02  -1.1334885e-01  -3.1845430e-01  -3.8895825e-03  -2.9235271e-03  -8.0464006e-04
   7.5024451e-02  -2.4105455e-01  -3.0105923e-01  -6.1360934e-03  -1.8462392e-03   2.9716246e-04
   3.1759663e-02  -1.1694936e-01  -1.4896735e-01   1.4148746e-03  -2.5861652e-03   8.8217491e-04
   4.5455107e-02  -9.6975649e-02  -2.4896892e-01  -2.1671110e-03  -1.8074483e-03   6.5097955e-04
   1.7571328e-02  -1.3043216e-01  -2.0275027e-01  -4.1677190e-04  -1.2225099e-03   8.4819720e-04
   2.6293593e-02  -1.9587835e-01  -1.2301537e-01  -2.3193755e-03  -2.2752803e-03   1.0773768e-03
   5.6067876e-03  -8.9079038e-02  -1.3192072e-01   4.5113443e-03   3.4643951e-04   1.5534531e-03
   3.4293127e-02  -1.4360862e-01  -4.2121958e-01  -6.8566004e-04  -1.8969793e-03   8.8436935e-04
   3.4022558e-02  -1.2864292e-01  -2.0768558e-01  -8.0649284e-03  -1.2921400e-03   1.1463539e-03
   5.3034419e-03  -1.0585456e-01  -1.4692060e-01   1.6474796e-03  -1.7308108e-03   1.0533191e-03
   1.2085952e-02  -1.2573320e-01  -2.9817785e-01  -1.1548357e-03  -2.5973018e-03   8.1912580e-04
  -6.0424674e-03  -1.1108131e-01  -3.0754629e-01  -1.1614288e-03  -2.7340010e-03   1.1878988e-03
   2.8130014e-02  -1.2812135e-01  -1.3274851e-01   1.7174624e-03  -8.5541670e-04   9.4915483e-04
   4.0584590e-02  -1.3143414e-01  -2.9038893e-01  -2.2561192e-03  -1.2744463e-03   6.3319665e-04
  -1.7957294e-02  -3.8406834e-02   4.9906613e-01   1.5092427e-02  -1.9528392e-03   1.6033252e-03
   1.8541544e-02  -1.0120520e-01  -2.0982923e-01   2.5461981e-03  -1.7331633e-03   1.1006558e-03
   1.3498316e-02  -3.4032945e-02   3.7102942e-01   1.4294193e-02  -1.4153393e-04   1.4497296e-03
   6.8907329e-02  -2.2470695e-01  -2.0670107e-01  -3.6023186e-03  -4.3262377e-05   7.2907819e-04
  -6.2031265e-03  -5.4631633e-02   4.2741806e-01   8.0599752e-03  -7.8893684e-04   1.7018375e-03
   6.2658204e-03  -9.3774761e-02   2.2419698e-01   3.4906909e-03  -5.2376717e-04   9.6408618e-04
   3.1661373e-02  -1.1317992e-01   1.0285253e-01   6.8661489e-03   8.3966653e-05   1.3914174e-03
   2.0032654e-02  -9.6384967e-02  -1.3428847e-01   8.5409504e-04  -6.2923773e-04   1.2102574e-03
   5.6628711e-04  -2.2441738e-02   4.4572733e-01   1.1496467e-02  -2.8426543e-04   2.0781219e-03
  -8.6632334e-03  -5.2944998e-02  -1.3772852e-01  -3.6186496e-04  -1.7700589e-03   1.8221786e-03
  -5.2969251e-03  -9.6132716e-02  -7.6532587e-02   3.4869463e-04  -1.3918926e-03   1.8457386e-03
   1.1929961e-02  -1.7151453e-01  -1.5213244e-01  -2.6107209e-03  -2.4587896e-03   1.3878888e-03
   1.3424301e-02  -8.2675280e-02   1.7987516e-01   7.3273666e-03   2.7015345e-04   1.6330584e-03
   1.5239230e-02  -1.0165926e-01  -3.6339347e-02   1.6132215e-03  -4.4443156e-04   1.4658984e-03
  -6.5349361e-03  -7.1617848e-02  -1.2579055e-01   1.1071757e-03  -5.8100039e-04   1.9193144e-03
   1.8078051e-02  -1.0186973e-01  -2.6265601e-01  -8.5046607e-04  -1.4409875e-03   1.3010176e-03
   2.0763681e-02  -8.2997700e-02  -2.1050487e-01   8.6991064e-06  -1.8296057e-03   1.0262517e-03
   1.6858810e-02  -1.1049126e-01  -5.3019201e-02   7.5310193e-04  -4.3373707e-04   1.3549288e-03
   2.1801732e-02  -7.5268858e-02  -7.1250219e-02   1.5826782e-03  -9.6302096e-04   1.1602552e-03
   1.8804139e-02  -8.5740037e-02  -1.5171156e-01   1.2590841e-04  -8.9099668e-04   1.2922104e-03
   2.8663365e-02  -9.5441115e-02  -1.9540178e-01  -1.5047629e-03  -1.5608867e-03   1.2564156e-03
   1.8155116e-02  -9.8393169e-02  -1.9208421e-01  -1.3454291e-03  -1.2406245e-03   1.4460870e-03
   2.9205207e-02  -1.0963483e-01  -1.9176375e-01  -1.2820857e-03  -1.4750969e-03   1.1019925e-03
   3.6349853e-02  -1.0176097e-01  -1.8013918e-01  -7.5095590e-04  -9.1273320e-04   1.1399156e-03
  -1.4212013e-02  -5.2929515e-02   1.2860262e-01   6.4778759e-03   6.8368605e-05   1.2466066e-03
   7.0507231e-02  -1.4622912e-01  -6.4457642e-01  -4.9923587e-03  -8.9816366e-04   5.0224331e-04
   6.3653464e-02  -1.5549534e-01  -6.8300499e-01  -6.6595892e-03  -5.4128287e-06   3.9804883e-04
   7.0639978e-02  -1.7648338e-01  -7.5591206e-01  -7.8668860e-03  -1.7257685e-05   4.3728651e-04
   6.0384315e-02  -1.6203140e-01  -7.5054091e-01  -7.3008962e-03   8.5225802e-04   3.6005125e-04
   6.0947138e-02  -1.7925122e-01  -7.1199695e-01  -7.5515485e-03   1.0693893e-03   4.4004098e-04
   5.3253632e-02  -1.4624349e-01  -7.2052465e-01  -7.2836155e-03   8.2660927e-04   5.7355618e-04
   5.9498519e-02  -1.7302737e-01  -7.4804665e-01  -6.9347418e-03   9.3107699e-04   5.3051630e-04
  -5.2107511e-02  -1.7460252e-01  -4.5933233e-01  -4.9081899e-03  -1.8210604e-03   1.3404882e-03
  -1.1196251e-01  -1.2515666e-01  -8.8742080e-01  -9.3004602e-03   6.4670997e-03   3.3182279e-03
  -9.4529743e-02  -1.2796909e-01  -1.1597987e+00  -1.2955280e-02   3.0358346e-03   2.6640464e-03
  -7.5233929e-02  -1.7782970e-01  -1.2446673e+00  -1.4693959e-02   1.2758290e-03   2.0920688e-03
  -8.3158615e-02  -1.7665502e-01  -1.2408614e+00  -1.4468365e-02   8.6913311e-04   2.0050756e-03
  -6.1484379e-02  -1.8073761e-01  -1.2705622e+00  -1.4197642e-02   6.8164210e-04   1.5784950e-03
  -6.3790363e-02  -1.6210078e-01  -1.2583123e+00  -1.4527529e-02  -5.7495342e-04   1.5884711e-03
  -4.5834068e-02  -1.4432646e-01  -1.2510361e+00  -1.3235011e-02   4.7549238e-04   6.6342866e-04
  -7.0817316e-02  -1.4372054e-01  -1.2667672e+00  -1.3265160e-02  -2.6896445e-04   1.5826560e-03
  -6.2489199e-02  -1.5739576e-01  -1.3037635e+00  -1.4508567e-02  -5.3873803e-04   1.5206481e-03
  -4.3122590e-02  -1.7214477e-01  -9.7616319e-01  -1.3806919e-02   3.0199014e-03   1.3243435e-03
  -6.6455839e-03  -1.8319362e-01  -7.9211016e-01  -5.1388403e-03   5.7932979e-03   2.3570958e-03
  -4.3597623e-04  -1.7097696e-01  -1.0243152e+00  -8.7118162e-03   3.4600581e-03   1.5182651e-03
   1.0174077e-02  -2.7746667e-01  -1.1098346e+00  -1.2682503e-02   2.7041655e-03   1.3693691e-03
   7.7004179e-02  -1.5733152e-01  -8.1771629e-01  -3.8365599e-03   2.8102272e-03   3.1767877e-04
   9.7379098e-02  -1.8596410e-01  -9.2456111e-01  -8.1498933e-03   3.9027951e-03   1.9916690e-04
  -2.4158089e-03  -1.7238249e-01  -3.0572848e-01  -5.4162260e-03   2.3152501e-03   8.5224186e-04
   5.7787219e-03  -1.2056026e-01  -9.2851611e-01  -5.2598970e-03   2.7625519e-03   1.5737968e-03
  -6.9655264e-03  -1.5645110e-01  -9.6861279e-01  -6.2651317e-03   1.0699322e-03   1.4623411e-03
   1.0670583e-02  -7.4898002e-02   8.1266223e-02   1.3438627e-02  -5.4126388e-04   1.5231279e-03
   3.0296932e-02  -1.5558292e-01  -6.6497458e-01  -3.1883369e-03  -1.3393274e-04   1.1488251e-03
   3.6799086e-03  -9.9625794e-02  -7.1329864e-01  -5.9488564e-03   8.8623996e-04   1.3753231e-03
  -3.5424321e-02  -4.1776720e-02   4.7559352e-01   3.9718147e-03  -1.1646925e-03   8.3100751e-04
   9.1781393e-03   3.0400056e-03   4.2861084e-01   5.6033393e-03  -2.5715315e-03   1.0333292e-04
   5.5468943e-03  -2.0548058e-02   3.8332070e-01   4.6863872e-03  -3.2075317e-03  -5.5806132e-05
   1.4912742e-03  -2.1388988e-02   2.8738361e-01   3.7809614e-03  -2.5971330e-03   1.2690233e-04
  -5.7843538e-03  -4.7226552e-02   1.9704184e-01   2.9667502e-03  -3.1352846e-03  -3.0921186e-05
  -3.0989272e-04  -4.8212726e-02   1.4874318e-01   2.4453688e-03  -3.4332637e-03  -3.1960112e-04
  -5.1410224e-03  -5.6318056e-02   1.2500894e-01   2.1213528e-03  -3.1706378e-03  -7.4915392e-05
   7.1350540e-03  -2.5188435e-02   1.1097716e-01   6.7033502e-04  -2.7778798e-03  -6.2023035e-04
   8.5086126e-03  -9.6493377e-02  -8.5782991e-02   1.3937874e-03   8.2921107e-03   8.4229088e-04
  -1.3992978e-01  -1.0052418e-01   1.9939025e-02  -2.0201062e-03   7.4776952e-04   2.1909331e-03
  -2.4419461e-01  -1.8678646e-02  -7.0645777e-01  -3.4408902e-03   3.0189840e-03   3.9518278e-03
  -1.4975298e-01  -1.0464650e-01  -1.2369265e+00  -1.3278171e-02   1.5981806e-03   3.4508959e-03
  -1.4607832e-01  -1.0429172e-01  -1.3078477e+00  -1.4556061e-02  -4.1992320e-04   3.2329410e-03
  -1.0008695e-01  -1.5770861e-01  -1.3709681e+00  -1.5306279e-02  -7.7991556e-04   2.5706942e-03
  -1.0156314e-01  -1.4583614e-01  -1.4565961e+00  -1.6889612e-02  -7.8722891e-04   2.4839414e-03
  -1.1204217e-01  -1.5651394e-01  -1.4523840e+00  -1.5949786e-02   2.6877471e-04   2.5655967e-03
  -8.9750725e-02  -1.3317626e-01  -1.4346880e+00  -1.7451699e-02   8.9841432e-04   2.7450253e-03
  -8.7023710e-02  -1.0629212e-01  -1.4246654e+00  -1.6999422e-02   4.2473620e-04   2.7350892e-03
  -8.8437711e-02  -1.0293635e-01  -1.4399576e+00  -1.7097292e-02  -8.1359560e-04   2.4128491e-03
  -8.3098454e-02  -1.0433555e-01  -1.4436657e+00  -1.7308601e-02  -8.5488023e-04   2.2055548e-03
  -7.9451795e-02  -1.0217228e-01  -1.3859539e+00  -1.6727408e-02  -1.2213028e-03   2.2410045e-03
  -7.6207931e-02  -1.2231851e-01  -1.3816655e+00  -1.6685353e-02  -7.5117344e-04   2.1028748e-03
  -1.1277203e-01  -1.3128550e-01  -1.2355079e+00  -1.0461516e-02   5.5675815e-03   2.6935707e-03
  -6.7446841e-02  -1.4453365e-01  -1.9476993e+00  -2.0866268e-02   5.9654808e-03   2.9932584e-03
  -4.3242613e-02  -1.7249601e-01  -2.0045809e+00  -2.2226175e-02   3.8351736e-03   2.4880487e-03
  -1.4017785e-02  -1.9361470e-01  -2.0467588e+00  -2.2992183e-02   2.5872760e-03   1.7757936e-03
  -2.0835164e-02  -1.8198176e-01  -2.0550604e+00  -2.2753220e-02   2.1037706e-03   1.6930337e-03
  -1.3690554e-02  -2.0437145e-01  -1.9967026e+00  -2.2466357e-02   2.3898920e-03   1.7321314e-03
   7.6307447e-03  -2.2712237e-01  -2.0342665e+00  -2.4267114e-02   3.8656450e-03   1.4153061e-03
  -4.6579728e-03  -2.0612103e-01  -1.6628901e+00  -1.6227609e-02   2.4971518e-03   1.5419068e-03
  -2.0720922e-02  -1.3931704e-01  -1.7830856e+00  -1.8380577e-02   2.2962248e-03   1.8319791e-03
  -2.3793640e-02  -1.7403947e-01  -1.6804781e+00  -1.7776430e-02   1.6888924e-03   2.0154735e-03
  -3.7207802e-02  -1.7215727e-01  -1.4150424e+00  -1.6605089e-02   3.0590100e-03   1.5536076e-03
   5.4474810e-02  -1.6433675e-01  -1.3987402e+00  -1.2740298e-02   2.1452763e-03   7.1563209e-04
   1.0855742e-02  -2.3205523e-01  -1.2056465e+00  -1.7917130e-02   2.6082808e-03   1.0021368e-03
   5.0193707e-02  -1.2017789e-01  -8.7397069e-01  -3.8358990e-03   2.1469178e-03   7.9514567e-04
   5.6313357e-02  -1.5632629e-01  -9.4053735e-01  -5.6608381e-03   2.2109489e-03   8.8678737e-04
   5.0131033e-02  -1.5721482e-01  -9.4207247e-01  -6.0461588e-03   3.2961710e-03   6.4785010e-04
   4.0240813e-02  -1.4949447e-01  -9.3367919e-01  -5.9426641e-03   2.4679248e-03   7.3968733e-04
   5.5633025e-02  -1.4626503e-01  -9.4941096e-01  -6.1492902e-03   2.6059615e-03   5.8816467e-04
   5.0393104e-02  -1.7067091e-01  -9.8469244e-01  -6.9917408e-03   2.1348988e-03   6.0695346e-04
   6.4218201e-02  -2.3612798e-01  -8.7309854e-01  -1.4585794e-02   5.3870506e-03   7.4610921e-05
   5.4680526e-02  -1.6773806e-01  -1.0481918e+00  -9.8815449e-03   8.6111760e-03   1.2240775e-03
   6.1124480e-02  -1.9103197e-01  -1.1129371e+00  -1.2141300e-02   8.2549806e-03   1.2717097e-03
   6.3889649e-02  -2.0545622e-01  -1.1002626e+00  -1.2040648e-02   8.0011225e-03   9.9349863e-04
   5.9054898e-02  -1.9528955e-01  -1.1525953e+00  -1.2599619e-02   7.2250702e-03   7.5206614e-04
   7.0151332e-03  -1.3999407e-01  -4.5361867e-01  -4.3647405e-03   5.3568473e-03   8.3377737e-04
   9.4214547e-02  -1.5454071e-01  -8.2739599e-01  -7.0170253e-03   8.1554947e-03   2.1320719e-04
   8.0157958e-02  -1.5836073e-01  -8.6089420e-01  -8.3342494e-03   7.5816973e-03   3.4762045e-04
   5.6651857e-02  -1.7645114e-01  -8.8254895e-01  -9.1472595e-03   6.8838289e-03   4.1404704e-04
   7.2361425e-02  -1.7288482e-01  -8.5978362e-01  -8.8699820e-03   6.7829214e-03   2.6753104e-04
   6.2899668e-02  -1.6638119e-01  -8.5993501e-01  -8.8725175e-03   6.5939729e-03   4.7872675e-04
   5.3953479e-02  -1.5194501e-01  -8.8485900e-01  -9.0057051e-03   6.8398192e-03   3.3816080e-04
   6.0501951e-02  -1.8862678e-01  -9.0666860e-01  -8.9842198e-03   7.6104504e-03   5.3522569e-04
   5.6539722e-02  -1.9161325e-01  -8.5209402e-01  -7.8536523e-03   7.8233948e-03   6.0676938e-04
   6.1560253e-02  -1.8570323e-01  -9.7048702e-01  -9.6698779e-03   7.0015889e-03   5.6113388e-04
   7.2345875e-02  -1.8219733e-01  -1.0234784e+00  -1.0289599e-02   7.1284933e-03   2.9608839e-04
   1.4041512e-02  -1.4408982e-01  -8.2944086e-01  -2.5336009e-03   6.4531091e-03   1.1401077e-03
   4.6826132e-02  -1.6830151e-01  -1.3880901e+00  -1.2419873e-02   4.3918872e-03   6.3743166e-04
   5.4433497e-02  -2.3558256e-01  -1.4978297e+00  -1.4573468e-02   2.9647670e-03   5.6295748e-04
   6.9214467e-02  -2.2157943e-01  -1.5006343e+00  -1.4378550e-02   3.3305989e-03   2.5495798e-04
   6.0495726e-02  -1.9387871e-01  -1.4757605e+00  -1.4316345e-02   2.7692524e-03   8.6357351e-05
   6.6742242e-02  -2.1367356e-01  -1.4615507e+00  -1.4474492e-02   3.2122044e-03   3.5527359e-05
   2.4628324e-02  -2.4338603e-01  -1.1939871e+00  -7.5643094e-03   5.9257576e-03   3.4356904e-04
  -4.9315303e-03  -2.7361026e-01  -1.8054356e+00  -1.1803111e-02   1.0413993e-02   1.9247685e-03
   3.6359645e-02  -2.0841667e-01  -2.0035087e+00  -1.9405715e-02   9.3497595e-03   1.2126429e-03
   2.9973569e-02  -2.4770535e-01  -1.9901138e+00  -2.0302133e-02   9.2673047e-03   1.3765497e-03
   5.0226415e-02  -2.2658100e-01  -1.9383195e+00  -1.9252541e-02   8.8193799e-03   1.2670648e-03
   3.9446421e-02  -2.3404880e-01  -1.9014300e+00  -1.8379285e-02   8.9661696e-03   1.3387112e-03
   2.0247672e-02  -1.9676392e-01  -1.7159949e+00  -2.0857080e-02   8.6094138e-03   1.1512190e-03
   2.3067015e-02  -2.2205271e-01  -1.6261578e+00  -1.0685017e-02   7.3746732e-03   1.2808420e-03
   4.7269687e-02  -2.2812579e-01  -1.6937194e+00  -1.3188795e-02   6.7809062e-03   9.8424403e-04
   4.2408917e-02  -2.2128142e-01  -1.7313041e+00  -1.4154044e-02   6.1234911e-03   9.0772875e-04
   4.4410918e-02  -2.4718802e-01  -1.7383613e+00  -1.4691346e-02   5.4974802e-03   7.1394304e-04
   5.3821563e-02  -2.2752218e-01  -1.7307133e+00  -1.4894049e-02   5.3628708e-03   6.1115193e-04
   5.9916296e-02  -2.3640643e-01  -1.6463387e+00  -1.3741910e-02   4.6226428e-03   5.5106095e-04
   3.4324548e-02  -2.1115698e-01  -1.4240251e+00  -9.1468173e-03   5.6238524e-03   1.0213147e-03
   5.0862911e-02  -2.1819399e-01  -1.6286023e+00  -1.4312609e-02   4.9585576e-03   8.0965527e-04
   7.6737128e-02  -3.2658663e-01  -1.5939734e+00  -1.3884257e-02   5.0617569e-03  -1.7361711e-04
   6.0372556e-02  -2.0695533e-01  -1.3768720e+00  -2.9158952e-03   3.8132115e-03  -2.2171232e-04
   7.9122146e-02  -2.7032293e-01  -1.7967765e+00  -1.4087227e-02   5.2391967e-03  -4.1305995e-05
   7.2113741e-02  -3.6383096e-01  -1.8053419e+00  -2.1303969e-02   5.0682928e-03   3.8749477e-04
   6.6682935e-02  -1.8038530e-01  -9.7118894e-01  -1.5997294e-03   6.3597138e-03   9.4962719e-04
   7.9295320e-02  -2.3213196e-01  -1.1243361e+00  -5.5726838e-03   5.8341524e-03   6.9818482e-04
   6.5735018e-02  -2.0282777e-01  -1.1223278e+00  -5.8204463e-03   5.4671776e-03   1.0669029e-03
   5.3519091e-02  -2.7229659e-01  -1.0969303e+00  -7.0368717e-03   7.5563727e-03   1.0322805e-03
   5.5043791e-02  -2.0172662e-01  -9.9551298e-01  -4.1507288e-03   8.0618284e-03   1.4336454e-03
   5.7528517e-02  -1.8894468e-01  -1.0793209e+00  -7.2264541e-03   7.1464035e-03   1.2535437e-03
   6.2969590e-02  -2.1887688e-01  -1.0204129e+00  -7.0256489e-03   6.3687558e-03   1.1537250e-03
   7.4159658e-02  -1.8881979e-01  -1.1090515e+00  -7.6086071e-03   5.1720771e-03   9.9614396e-04
   6.7115198e-02  -2.0441742e-01  -1.1231584e+00  -7.6012568e-03   4.3313628e-03   9.7509165e-04
   6.6783943e-02  -2.1794005e-01  -1.0755196e+00  -6.9872215e-03   3.9471041e-03   9.4210323e-04
   6.9409987e-02  -1.9845197e-01  -1.1029400e+00  -7.8471209e-03   3.8494990e-03   8.5810867e-04
   1.9837846e-02  -2.1646799e-01  -1.0705876e+00  -2.9392351e-03   3.2212036e-03   3.6487967e-04
   7.9214734e-02  -2.5239915e-01  -1.6837421e+00  -1.0772624e-02   3.4903112e-03   4.0969858e-04
   8.2721470e-02  -2.5623540e-01  -1.7696387e+00  -1.4078927e-02   3.9870503e-03   3.1343936e-04
   7.9297399e-02  -2.6289521e-01  -1.7583115e+00  -1.4085932e-02   3.8172105e-03   5.0860233e-04
   6.6141994e-02  -2.5678514e-01  -1.7789239e+00  -1.4191231e-02   3.3651024e-03   5.6641167e-04
   7.8001788e-02  -2.6658850e-01  -1.7074454e+00  -1.3746720e-02   4.2867503e-03   3.1919161e-04
   7.7864369e-02  -2.3434180e-01  -1.7869196e+00  -1.3922145e-02   3.9030119e-03   2.8383516e-04
   7.3133088e-02  -2.2370411e-01  -1.7590677e+00  -1.4091523e-02   2.6266215e-03   4.4346049e-04
   7.7630733e-02  -2.0288407e-01  -1.7003630e+00  -1.3405643e-02   2.2347127e-03   2.3633100e-04
   6.8366225e-02  -2.0455951e-01  -1.6956267e+00  -1.3239598e-02   2.4854713e-03   3.1561379e-04
  -2.5124728e-02  -2.2703844e-01  -1.1716633e+00  -8.5148985e-03   2.8743116e-03   6.0380759e-04
   6.4922684e-02  -2.4064078e-01  -1.7924632e+00  -1.2210764e-02   4.9201433e-03   5.3413965e-04
   6.6463530e-02  -2.4374701e-01  -1.6984222e+00  -1.2989300e-02   4.1489761e-03   5.8415730e-04
   8.8228392e-02  -2.3371403e-01  -1.5708498e+00  -1.1266072e-02   3.5977353e-03   3.7716612e-04
   7.5951359e-02  -2.4226771e-01  -1.6220249e+00  -1.2473394e-02   3.6611281e-03   5.0880136e-04
   8.3920086e-02  -2.0763409e-01  -1.6369996e+00  -1.2106180e-02   3.4043957e-03   3.1546821e-04
   8.4284688e-02  -1.9722667e-01  -1.1555014e+00  -3.4947788e-03   6.5784600e-03   4.3645937e-04
   7.2138527e-02  -1.9843144e-01  -1.3353709e+00  -9.4461246e-03   5.0391991e-03   7.2316854e-04
   8.1343426e-02  -2.1148376e-01  -1.3456475e+00  -9.8444042e-03   5.8914997e-03   6.2754780e-04
   9.2015334e-02  -1.9388505e-01  -1.1976434e+00  -7.3185052e-03   6.6775923e-03   5.5056147e-04
   9.9570180e-02  -1.8003668e-01  -1.2464000e+00  -8.3305574e-03   7.1470105e-03   3.8891657e-04
   6.8364000e-02  -1.8397219e-01  -1.2941883e+00  -8.5699321e-03   8.0559534e-03   1.0307666e-03
   7.3085867e-02  -2.1438838e-01  -1.3114124e+00  -8.5059765e-03   7.5382572e-03   6.0468684e-04
   7.2351440e-02  -2.1475056e-01  -1.7223402e+00  -1.0982059e-02   5.6632771e-03   8.8897272e-04
   6.2664475e-02  -2.0587273e-01  -1.7883593e+00  -1.3652622e-02   5.2819508e-03   7.5494318e-04
   5.7366680e-02  -2.3716220e-01  -1.8300117e+00  -1.5209916e-02   5.5108437e-03   9.8104477e-04
   2.0352379e-02  -2.2114918e-01  -1.7329891e+00  -1.2621230e-02   6.9500820e-03   1.6036731e-03
   3.8489569e-02  -1.9675861e-01  -1.7850319e+00  -1.3976430e-02   5.4706004e-03   1.1849557e-03
   4.0165017e-02  -2.2016317e-01  -1.8086676e+00  -1.5115101e-02   5.7284294e-03   1.1166581e-03
   2.8077404e-02  -2.2981273e-01  -1.6456045e+00  -1.1785267e-02   5.6294382e-03   1.5451966e-03
   6.5348809e-02  -2.0258362e-01  -1.6778298e+00  -1.2883336e-02   6.1525928e-03   1.0550017e-03
   7.6585389e-02  -2.3071166e-01  -1.7156638e+00  -1.3464034e-02   5.6578669e-03   7.5418050e-04
   6.9785538e-02  -2.0182702e-01  -1.7983965e+00  -1.4621232e-02   5.7083951e-03   9.9031892e-04
   9.4326547e-02  -2.6470554e-01  -1.8153225e+00  -1.8686711e-02   5.8325208e-03  -4.3967296e-04
   7.4026507e-02  -2.8577342e-01  -2.0884390e+00  -1.5456531e-02   5.8006192e-03  -5.7692187e-04
   2.2350589e-02  -2.8551993e-01  -2.9686552e+00  -2.7277786e-02   5.0755897e-03   1.0820013e-03
   2.1589132e-02  -2.7292624e-01  -2.9764609e+00  -2.9179559e-02   5.2193022e-03   6.6221437e-04
   3.9851112e-02  -2.9881663e-01  -2.8497313e+00  -2.7160188e-02   6.8039442e-03   5.9609367e-04
   4.4703197e-02  -2.8313050e-01  -2.8479882e+00  -2.7150214e-02   5.3523633e-03   4.4914347e-04
   4.0234666e-02  -2.7785102e-01  -2.7526882e+00  -2.6348361e-02   5.0936120e-03   3.8654573e-04
   5.6398340e-02  -2.5380711e-01  -2.6810437e+00  -2.5189958e-02   4.1669600e-03  -3.7289295e-05
   5.5481216e-02  -3.5644576e-01  -2.6461807e+00  -2.2617298e-02   4.6129449e-03  -1.8786880e-04
   7.6858169e-02  -2.5884055e-01  -2.1247605e+00  -1.6495074e-02   4.8247117e-03   9.5251027e-05
   7.9447154e-02  -2.5783493e-01  -2.1587850e+00  -1.7962829e-02   4.4663863e-03  -1.1093040e-04
   7.1892414e-02  -2.7953228e-01  -2.2344444e+00  -1.9772141e-02   3.8904367e-03  -1.4552102e-05
   1.0853665e-01  -3.7004028e-01  -2.5214485e+00  -1.7691864e-02   4.9392068e-03   2.8375435e-04
   1.5679255e-01  -3.1236087e-01  -2.6386852e+00  -2.1795367e-02   5.4736030e-03  -1.0119399e-04
   1.5427197e-01  -3.1479143e-01  -2.6121208e+00  -2.2012561e-02   5.8988118e-03  -8.8513090e-05
   1.3991504e-01  -3.2294901e-01  -2.6504277e+00  -2.2947736e-02   6.3395104e-03  -7.6528254e-05
   1.3492285e-01  -3.3470475e-01  -2.7574654e+00  -2.3801917e-02   4.0155765e-03  -2.0696582e-04
   1.4036836e-01  -3.0099020e-01  -2.6681651e+00  -2.4206598e-02   5.2413160e-03  -3.6414850e-04
   1.3675143e-01  -3.2605422e-01  -2.6236085e+00  -2.3479163e-02   6.3306310e-03  -2.3555702e-04
   1.2796106e-01  -3.4175676e-01  -2.6176941e+00  -2.3104766e-02   6.4910833e-03  -1.0208029e-04
   1.3292734e-01  -3.3510058e-01  -2.6302073e+00  -2.3185906e-02   6.3581833e-03  -1.4737506e-04
   1.1613548e-01  -3.4214952e-01  -2.6298651e+00  -2.6265369e-02   7.8565185e-03  -5.3466777e-04
   5.3417088e-02  -2.7516778e-01  -2.3632276e+00  -2.0205267e-02   8.7615681e-03   1.4906570e-03
   7.9082509e-02  -2.6744697e-01  -2.3272434e+00  -2.0468925e-02   8.0319461e-03   1.0650157e-03
   8.9988990e-02  -2.8319579e-01  -2.3809186e+00  -2.0930313e-02   7.5812718e-03   6.8470026e-04
   9.2783917e-02  -2.9066544e-01  -2.4252017e+00  -2.0821715e-02   6.7796533e-03   6.3982351e-04
   6.9022020e-02  -3.0558740e-01  -2.3955455e+00  -1.7850964e-02   8.2314047e-03   1.3221871e-03
   9.0433195e-02  -2.7438467e-01  -2.4584810e+00  -2.9791157e-02   1.0131940e-02  -2.8392396e-04
  -6.3336606e-02  -2.8934526e-01  -2.4874376e+00  -2.4622855e-02   2.3414358e-03   1.1854979e-03
  -5.6215510e-02  -2.0076487e-01  -1.9381735e+00  -1.8190434e-02   1.1738372e-03   1.8144434e-03
  -5.5754494e-02  -1.5362887e-01  -2.0193610e+00  -1.5194588e-02   7.5380532e-04   1.8155426e-03
  -2.7924029e-02  -1.7362657e-01  -2.0336645e+00  -1.6106880e-02   5.4112626e-04   1.3543398e-03
  -2.8223965e-02  -1.9841862e-01  -2.0792860e+00  -1.6860225e-02  -5.5589366e-04   1.1701881e-03
  -1.5894945e-04  -2.0870709e-01  -2.1794189e+00  -1.6959381e-02   3.1595280e-04   1.1176716e-03
   1.7854685e-04  -1.9542526e-01  -2.1371743e+00  -1.7124878e-02  -5.3064370e-04   1.0363440e-03
  -3.6925684e-03  -1.8941576e-01  -2.1132268e+00  -1.6785462e-02  -1.7858367e-04   9.5297709e-04
   5.0329598e-03  -2.0912605e-01  -2.1809486e+00  -1.7852965e-02  -6.3967819e-04   8.1461776e-04
  -2.8519415e-03  -1.9880980e-01  -2.2210564e+00  -1.6674184e-02  -8.9240743e-04   7.1695065e-04
  -4.3856026e-04  -1.7581712e-01  -2.2146390e+00  -1.8067740e-02  -1.3597710e-03   7.4786227e-04
  -3.8042786e-03  -2.1620644e-01  -2.1658672e+00  -1.6926975e-02  -2.4027142e-04   6.5303992e-04
   3.9869863e-03  -2.0106316e-01  -2.1769122e+00  -1.7735610e-02  -3.4229871e-04   5.4891403e-04
  -5.9311866e-03  -1.9018995e-01  -1.6212135e+00  -1.1128285e-02   2.5757304e-03   1.0419140e-03
   2.5115299e-02  -1.7323135e-01  -1.7106663e+00  -7.0026729e-03   6.3976872e-04   1.1005270e-03
   4.1264469e-02  -1.9291802e-01  -1.6478220e+00  -9.2044598e-03   2.4566108e-04   8.6960927e-04
   3.6907421e-02  -1.8054511e-01  -1.6292272e+00  -9.0309905e-03  -6.7913546e-04   1.0687577e-03
   6.0121108e-02  -2.0034906e-01  -1.7013146e+00  -9.6631487e-03   5.6137527e-04   8.4628157e-04
   6.1388322e-02  -2.0033655e-01  -1.6232500e+00  -8.6877693e-03   6.9426466e-04   9.0265525e-04
   6.9533471e-02  -1.9668026e-01  -1.6147957e+00  -9.0700366e-03   1.0957797e-04   7.8023338e-04
   8.4373788e-02  -2.6414867e-01  -1.6586850e+00  -1.1916767e-02  -1.7060745e-04  -5.2253350e-05
   1.2336679e-01  -2.4093223e-01  -1.2001576e+00  -4.6410684e-03   2.5332340e-03  -3.9171943e-04
   1.3744961e-01  -2.2089818e-01  -1.3101264e+00  -7.5768510e-03   4.1212317e-03  -4.5509174e-04
   1.4298588e-01  -2.6654531e-01  -1.3562154e+00  -7.0506069e-03   3.6507568e-03  -5.0188394e-04
   1.2667013e-01  -2.7649530e-01  -1.3984346e+00  -9.0471100e-03   3.8667383e-03  -2.2539268e-04
   7.6733055e-02  -2.2390050e-01  -1.3781513e+00  -3.4777272e-03   4.1739520e-03   1.4273609e-04
   8.9280473e-02  -2.4923607e-01  -1.6080743e+00  -1.0570563e-02   3.5061255e-03   2.6468698e-04
   8.4571250e-02  -2.1603498e-01  -1.3924717e+00  -4.9096638e-03   3.7270687e-03   4.6367118e-04
   8.4948334e-02  -2.0108571e-01  -1.5170035e+00  -8.3495371e-03   4.0126068e-03   5.4530654e-04
   7.5318888e-02  -2.1556446e-01  -1.5425199e+00  -8.3811526e-03   3.3412475e-03   5.6262648e-04
   8.4457600e-02  -2.1310590e-01  -1.5854597e+00  -8.6805771e-03   2.8018063e-03   4.8741565e-04
   7.6627621e-02  -2.4313403e-01  -1.6303053e+00  -8.5113592e-03   2.5640214e-03   5.7437696e-04
   8.4777173e-02  -2.0393689e-01  -1.6154173e+00  -8.8333492e-03   2.9965053e-03   1.9138076e-04
   8.6933404e-02  -2.4507929e-01  -1.6358919e+00  -8.1820066e-03   4.0997376e-03   3.7330335e-04
   7.2867707e-02  -1.8781209e-01  -1.6195632e+00  -9.0230909e-03   3.7300312e-03   5.3237721e-04
   7.8484769e-02  -2.0125711e-01  -1.6313476e+00  -9.3828545e-03   3.3265437e-03   4.7508283e-04
   1.4924414e-01  -2.5459004e-01  -1.5679832e+00  -2.8135986e-03   7.7535137e-03   2.5560792e-04
   1.1117692e-01  -2.1562664e-01  -2.1169872e+00  -1.6899056e-02   1.1122994e-02   6.3160595e-04
   1.1237508e-01  -2.0917760e-01  -2.1453225e+00  -1.7434950e-02   1.0306898e-02   4.4281940e-04
   1.1470555e-01  -3.0322493e-01  -2.1857169e+00  -2.1835600e-02   9.1098020e-03   5.7966771e-04
   9.2056510e-02  -1.7759794e-01  -1.9025402e+00  -9.5788279e-03   4.3450391e-03   5.8889364e-04
   1.0983015e-01  -2.0611998e-01  -1.9618381e+00  -1.2004121e-02   4.2967102e-03   5.6384365e-04
   1.1286896e-01  -2.0430119e-01  -1.9963037e+00  -1.2246758e-02   3.5533547e-03   2.0211377e-04
   1.2888450e-01  -2.1553603e-01  -1.9607684e+00  -1.2364932e-02   4.3796683e-03   5.1720726e-04
   1.0876199e-01  -2.2239105e-01  -1.9354645e+00  -1.3578277e-02   3.7632254e-03   5.3816399e-04
   9.9374391e-02  -1.9251126e-01  -1.6010040e+00  -8.5015081e-03   5.0330128e-03   7.4620860e-04
   1.0017460e-01  -2.2404399e-01  -1.4841647e+00  -1.7706662e-02   1.7127910e-03  -2.2063978e-04
   1.1904458e-01  -2.3888351e-01  -1.0493671e+00  -6.8793759e-03  -2.4143085e-03  -6.3182251e-04
   9.6157327e-02  -1.4017878e-01  -1.1339591e+00  -6.0179269e-03  -2.1529329e-03  -4.3516853e-04
   8.9836572e-02  -1.5947906e-01  -1.3498494e+00  -1.0097973e-02  -2.8531500e-03  -7.1377998e-04
   5.0615207e-02  -1.9966018e-01  -1.6587096e+00  -1.1673171e-02  -3.0861963e-03  -1.8525790e-04
   3.9650531e-02  -2.6397732e-01  -2.0474380e+00  -1.2055602e-02  -2.0043756e-04   4.8313681e-04
   1.0304647e-01  -2.2793927e-01  -1.8227616e+00  -1.4253899e-02  -6.3574356e-03  -9.7190160e-04
   5.1271964e-02  -1.7674619e-01  -1.5902326e+00  -1.0360414e-02  -1.2080609e-03  -2.2582312e-05
   5.0116632e-02  -1.9297244e-01  -1.5421116e+00  -9.5924397e-03  -1.4704981e-03   5.7733265e-05
   6.7887345e-02  -1.7035019e-01  -1.6310086e+00  -9.9843508e-03  -2.6876830e-03  -9.1023823e-04
   7.7325072e-02  -2.4313506e-01  -2.2108560e+00  -1.0831493e-02  -3.1084771e-03   9.0578684e-06
   4.0548650e-03  -1.8859178e-01  -2.3478982e+00  -1.7251949e-02   1.7979631e-03   1.0035020e-03
  -2.3036657e-02  -2.1750050e-01  -2.3857759e+00  -1.4793835e-02  -1.5493035e-03   1.9221108e-03
   1.7963952e-02  -2.2938853e-01  -2.4127803e+00  -1.7931523e-02  -2.5192431e-03   1.2328540e-04
   8.8853129e-02  -2.8542835e-01  -2.0901914e+00  -1.5247651e-02  -6.0113904e-03  -2.1316487e-03
   4.8466182e-02  -1.5309213e-01  -1.9913317e+00  -1.3343502e-02  -6.1095618e-03  -8.2977072e-04
  -3.7861554e-02  -2.7514946e-01  -2.2644932e+00  -2.3680675e-02  -5.5073454e-03  -4.1853925e-04
  -1.2190477e-01  -1.3716981e-01  -6.0352474e-02   2.2348705e-03  -9.5046953e-03   1.7697928e-03
  -1.6954917e-01  -9.3423281e-02  -4.6748365e-01  -5.1680332e-03  -7.6725960e-03   1.9086208e-03
  -2.3702889e-01  -1.3812681e-01  -1.2780398e+00  -1.3070300e-02  -1.4995558e-02   2.3105904e-03
  -2.0470607e-01  -1.2501230e-01  -8.4077372e-01  -6.8455849e-03  -1.2234840e-02   2.4263786e-03
  -1.7537550e-01  -9.7501930e-02  -6.3403459e-01  -2.8503422e-03  -1.3188079e-02   2.4130162e-03
  -1.4667399e-01  -1.2003590e-01  -5.9245038e-01  -2.3785995e-03  -1.2688906e-02   2.0284179e-03
  -1.5151222e-01  -8.9849198e-02  -4.1936999e-01   3.1583999e-04  -1.3288002e-02   2.4199305e-03
  -1.2648002e-01  -6.8724192e-02  -1.1690796e-01  -7.8340602e-03  -1.1590460e-02   2.3044211e-03
  -2.6918373e-02  -3.3295163e-02   9.5330067e-01   1.1864479e-02  -1.1357823e-02   1.1357539e-03
  -1.9411049e-02   1.6945451e-02   9.8295021e-01   1.1773113e-02  -1.1621107e-02   1.2330115e-03
  -1.9817470e-02   1.3558791e-02   9.7171265e-01   1.2392970e-02  -1.2110745e-02   1.0190850e-03
  -1.9804117e-02  -1.0484938e-02   9.2097904e-01   1.2285868e-02  -1.2324703e-02   1.2519457e-03
  -2.5527434e-02  -2.0876837e-02   7.8400785e-01   1.2520766e-02  -1.4249132e-02   1.0862764e-03
  -2.2290674e-02  -6.3229874e-02   5.3278042e-01   8.4942893e-03  -1.3799297e-02   1.2604070e-03
  -1.3366153e-02  -6.1297359e-02   4.8580340e-01   8.7424481e-03  -1.3757548e-02   1.0947251e-03
  -8.7454697e-03  -6.3093583e-02   4.4059223e-01   7.6022890e-03  -1.1438754e-02   1.2823013e-03
  -6.3913748e-03  -6.1731863e-02   3.5807201e-01   7.2031652e-03  -1.0631890e-02   1.2600348e-03
  -3.6803088e-03  -5.2707082e-02   3.5621834e-01   7.6156731e-03  -1.0433372e-02   1.2392807e-03
  -1.1342739e-01  -1.0959973e-01  -1.2819023e-01   6.9338765e-03  -9.9338886e-03   1.6389483e-03
   3.0378472e-02  -6.5551976e-02   6.2338863e-01   4.3554310e-03  -8.0517874e-03   5.5720770e-04
   6.4932034e-02   1.2678088e-02   4.6220442e-01   1.2172187e-02  -9.7136419e-03  -1.0800080e-03
   8.8169888e-02  -1.1243765e-01  -1.1085965e+00  -7.3928895e-03  -8.7670337e-03  -6.7156424e-04
   9.5062769e-02  -1.5913626e-01  -1.1416703e+00  -7.8906275e-03  -9.1719089e-03  -8.2083877e-04
   8.1295726e-02  -1.2355470e-01  -1.1526700e+00  -8.0016713e-03  -9.3353126e-03  -7.6404207e-04
   8.3586108e-02  -1.2745893e-01  -1.2414139e+00  -8.2844280e-03  -9.7118864e-03  -6.9766482e-04
   8.0961993e-02  -1.3754047e-01  -1.3580423e+00  -9.8766111e-03  -9.6920016e-03  -7.5163800e-04
   7.2897245e-02  -1.5648039e-01  -1.4573875e+00  -1.1620550e-02  -9.2822058e-03  -6.0102028e-04
   7.0472881e-02  -1.6110051e-01  -1.6338846e+00  -1.1724494e-02  -1.2287556e-02  -7.3873413e-04
   8.2355507e-02  -1.2910154e-01  -1.4962193e+00  -1.0985217e-02  -1.2592323e-02  -9.4629498e-04
   7.7032042e-02  -1.6055434e-01  -1.5081513e+00  -1.1510669e-02  -1.1944325e-02  -7.0053121e-04
   9.4607328e-02  -1.8239703e-01  -1.5363732e+00  -1.1775402e-02  -1.1469324e-02  -1.0832511e-03
   6.9981818e-02  -1.4183360e-01  -1.5703427e+00  -1.2722308e-02  -1.0894480e-02  -5.3365639e-04
   7.7265119e-02  -1.5889781e-01  -1.5199460e+00  -1.2191029e-02  -9.0055884e-03  -6.6113785e-04
   8.7231918e-02  -1.5456205e-01  -1.5273148e+00  -1.3168110e-02  -1.0171942e-02  -1.2152107e-03
   8.0598344e-02  -1.4300430e-01  -1.2510027e+00  -7.5903361e-03  -1.2029759e-02  -1.4139039e-03
   1.0042901e-01  -1.5569218e-01  -1.3326155e+00  -7.8587901e-03  -1.0958583e-02  -1.4174214e-03
   7.4376591e-02  -1.6610437e-01  -1.3141237e+00  -7.6481739e-03  -1.2939457e-02  -1.3441285e-03
   8.9872391e-02  -1.3712096e-01  -1.2780178e+00  -6.4252168e-03  -1.1219128e-02  -1.4284574e-03
   7.6961187e-02  -2.2704305e-01  -1.3209374e+00  -1.9700469e-02  -1.0136558e-02  -1.2693860e-03
  -1.0396324e-01  -1.1856029e-02  -2.7846806e-01   2.3846591e-03  -1.5317524e-02   1.7057581e-03
  -4.6009522e-02   2.4410259e-02  -4.9473764e-02   7.0202365e-03  -1.1296098e-02   9.4097347e-04
  -2.9698526e-02  -3.8740308e-02   9.8256402e-03  -2.3913757e-04  -1.1894586e-02   4.4461138e-04
  -7.4819407e-03  -1.9550632e-03   3.4290173e-01   7.6736706e-03  -1.3688518e-02   4.4342536e-04
  -1.2785530e-02   2.7749061e-02   3.0666535e-01   6.5203231e-03  -1.4206641e-02   4.6269522e-04
   1.9204886e-02  -2.3799764e-02   2.2243700e-01   7.1604422e-03  -1.3700912e-02   1.0051539e-04
   1.4434295e-02  -2.1655041e-02   1.7212285e-01   6.7716227e-03  -1.3635391e-02   3.5533419e-04
  -5.7055958e-03   6.6546429e-03  -2.1594780e-02   5.4865134e-03  -1.4111618e-02   6.6559906e-04
   1.2819279e-03  -3.4540095e-02   2.8409140e-02   5.2254511e-03  -1.3279926e-02   5.8526490e-04
   2.8848435e-03  -2.4634649e-02   4.6045921e-03   4.6080060e-03  -1.2667396e-02   6.5921293e-04
  -1.4028278e-02  -2.1335860e-02   1.2111097e-01   5.3342510e-03  -1.4035691e-02   6.2698143e-04
  -1.7239331e-02   2.3290127e-02   8.9242507e-02   5.8325018e-03  -1.2618334e-02   1.0581125e-03
  -1.2091604e-01  -6.0106200e-02  -7.0819520e-01   3.5624163e-03  -9.8854057e-03   2.3044689e-03
  -7.5501146e-02  -2.1595534e-02  -1.2305187e+00  -1.1392543e-02  -1.1555659e-02   1.9432317e-03
  -9.3780063e-02  -1.2156985e-02  -1.9233477e-01  -3.7401787e-03  -9.2849868e-03   1.8680743e-03
  -4.7967856e-02   2.1981780e-02  -1.8454972e-01   2.6920569e-03  -9.3008420e-03   1.8448952e-03
  -4.7832472e-02  -1.3955710e-02  -2.6470683e-01   9.5096065e-04  -9.2078957e-03   1.7457166e-03
  -4.4281270e-02  -7.7889336e-02  -5.9776961e-01  -3.2813261e-03  -7.0830963e-03   1.7262285e-03
  -7.0161893e-02  -1.4364917e-03  -6.1612990e-01  -1.3415866e-03  -9.2783255e-03   2.6733216e-03
  -2.3704618e-02  -1.0879172e-01  -1.4527281e+00  -7.9993595e-03  -1.0045298e-02   9.5153604e-04
   1.4180877e-02  -1.3999169e-01  -1.5391596e+00  -9.7684464e-03  -9.4078441e-03   3.5740475e-04
   1.3787408e-02  -1.3244489e-01  -1.5876404e+00  -9.2285472e-03  -9.6414282e-03   2.6622391e-04
   1.7191765e-02  -1.5878405e-01  -1.5815461e+00  -1.2769010e-02  -8.1808700e-03   3.6614002e-04
   1.6224444e-02  -1.1728380e-01  -1.0836639e+00  -1.7047035e-03  -7.0651862e-03   7.1316721e-04
   2.8219791e-02  -1.0938291e-01  -1.3773328e+00  -7.2218148e-03  -6.2085634e-03   7.2571582e-04
   6.0436134e-03  -1.0462442e-01  -4.0637113e-01  -1.9016507e-03  -9.8767447e-03   4.4651136e-04
  -3.3788611e-03  -6.1595175e-02  -4.0971351e-01   1.7282933e-05  -1.1227588e-02   5.0279999e-04
  -1.5288826e-02  -2.2564339e-02  -4.9923052e-01  -5.6960956e-04  -1.1807124e-02   5.2100308e-04
  -5.8041330e-03  -7.1850985e-02  -6.1818282e-01  -2.1894198e-03  -1.1358200e-02   4.7663547e-04
  -8.1438058e-03  -5.3655243e-02  -7.0150355e-01  -1.9655932e-03  -1.1314187e-02   5.2208423e-04
   6.7025652e-03  -8.8310823e-02  -1.0029863e+00  -3.2844935e-03  -1.0763863e-02   4.2027103e-04
  -7.5259957e-03  -8.2122981e-02  -1.2104988e+00  -6.7704178e-03  -1.0741031e-02   4.3690773e-04
   5.4561147e-03  -9.8900417e-02  -1.2215420e+00  -5.1194523e-03  -1.1312579e-02   3.2595612e-05
   2.1900801e-02  -1.6796100e-01  -1.5403124e+00  -6.2272198e-03  -1.3305200e-02  -1.0454384e-04
   3.8230800e-02  -1.5056285e-01  -1.5666811e+00  -8.9427923e-03  -1.1228688e-02   2.0333990e-04
   4.5783975e-02  -1.5923573e-01  -1.6297384e+00  -9.7969152e-03  -1.0544893e-02  -5.1588933e-05
  -5.7760576e-03  -1.5107676e-01  -1.0337767e+00  -1.2669858e-02  -1.0443747e-02   2.3120718e-04
  -1.4589934e-02  -5.1047136e-02  -1.1149285e+00  -4.4561491e-03  -1.0562060e-02   5.2774040e-04
  -1.2747040e-02  -8.2524010e-02  -1.2891068e+00  -6.8714502e-03  -1.0108118e-02   3.7331527e-04
  -1.8614760e-02  -1.1180307e-01  -1.4426980e+00  -9.1395275e-03  -1.0515114e-02   6.3703766e-04
  -1.0102780e-02  -1.1463234e-01  -1.6472932e+00  -1.0195772e-02  -9.5700069e-03   2.9854369e-04
  -3.4178228e-02  -2.8461859e-01  -1.4178316e+00  -1.7508590e-02  -9.1290830e-03  -1.8220071e-04
  -1.7228427e-01  -1.0297409e-01  -1.0706973e+00  -9.1768146e-04  -1.3888516e-02   1.5737692e-03
  -1.4231482e-01  -9.6535331e-02  -1.2006027e+00  -4.9470898e-03  -9.0897403e-03   1.9491666e-03
  -1.2211825e-01  -1.1156398e-01  -1.1574412e+00  -4.8997895e-03  -8.3463301e-03   1.5965125e-03
  -9.9741763e-02  -1.0641402e-01  -1.1887399e+00  -4.7476750e-03  -7.7163629e-03   1.6885358e-03
  -8.7970028e-02  -1.3417752e-01  -1.2158045e+00  -6.0091092e-03  -7.4723225e-03   1.9155549e-03
  -9.7061188e-02  -1.0678262e-01  -1.2204608e+00  -5.8668837e-03  -7.0168330e-03   1.8904298e-03
  -1.4418250e-01  -1.1018004e-01  -1.3304313e+00  -1.1577630e-02  -7.0129110e-03   2.7278333e-03
  -8.7207291e-02  -6.1678820e-02  -6.9164777e-01  -1.7880057e-03  -8.5032074e-03   2.1509223e-03
   4.8226238e-02  -6.2566049e-02  -9.8157996e-01   4.9314257e-03  -4.4701772e-03  -2.4129919e-04
   3.8846800e-02  -1.5663044e-01  -1.7390856e+00  -1.0693945e-02   2.1606067e-03   3.2028034e-04
   3.7275829e-02  -1.9251160e-01  -1.8183452e+00  -1.1443743e-02   1.3151585e-03   7.4009968e-04
   3.5291983e-02  -1.7414286e-01  -1.7226874e+00  -8.9432809e-03   1.2855158e-03   5.1313028e-04
   3.9497870e-02  -1.5943032e-01  -1.7020541e+00  -9.5531817e-03   9.6977336e-04   3.8032848e-04
  -9.5339878e-03  -1.2794837e-01  -9.8831067e-01  -5.7675653e-03  -2.0230488e-03   1.5630532e-03
   2.7536269e-02  -9.4626991e-02  -1.0818348e+00   1.9239568e-03  -4.8271851e-03   1.1685979e-03
   2.9962901e-02  -1.5636122e-01  -1.1636311e+00  -1.0386020e-03  -4.2237638e-03   1.0239796e-03
  -5.4224291e-02  -1.2076265e-01  -9.0423181e-01   5.4922214e-03  -5.7850227e-03   2.7009333e-03
  -8.5771573e-03  -1.3808440e-01  -1.4560568e+00  -4.8045052e-03  -4.2295429e-03   2.0737973e-03
  -9.7442856e-03  -1.3277833e-01  -9.3901820e-01  -9.8650735e-03  -3.7987021e-03   2.2946159e-03
   1.3994087e-02  -5.1058995e-02  -1.6906032e-01   6.7005811e-03  -4.9574495e-03   2.0831569e-03
   8.2088827e-03  -3.3345376e-02  -2.5214287e-01   5.7878738e-03  -5.5503848e-03   2.3222499e-03
   1.5372122e-02  -2.1820983e-02  -3.1267820e-01   5.5065458e-03  -4.6683682e-03   1.9931274e-03
   1.1552814e-02  -4.2174900e-02  -3.1691423e-01   5.8981726e-03  -5.6773279e-03   2.3977974e-03
   2.0995924e-02  -6.8352227e-02  -5.4566191e-01   2.8908987e-03  -5.9873303e-03   1.8600287e-03
   1.8049243e-02  -7.0073858e-02  -5.6622781e-01   3.1791518e-03  -6.3561151e-03   1.7587737e-03
   2.1649668e-02  -4.5154171e-02  -6.2254324e-01   2.4298381e-03  -5.1484212e-03   1.9285951e-03
   4.7919860e-02  -8.1483054e-02  -8.8171550e-01   1.8051523e-03  -5.5761483e-03   1.5043197e-03
   2.6759262e-02  -6.0599290e-02  -9.4108683e-01  -8.7716189e-04  -6.0066158e-03   1.2284677e-03
   2.5842949e-02  -9.9073374e-02  -9.8023745e-01  -1.1501332e-03  -6.1766663e-03   1.4295474e-03
   3.3734314e-02  -6.3289108e-02  -9.9968048e-01  -9.0245781e-04  -6.0175150e-03   1.1995938e-03
   2.7908696e-02  -6.5171457e-02  -1.0922079e+00   2.1411914e-04  -6.3359110e-03   1.2428076e-03
   4.0943707e-02  -6.2507929e-02  -1.3172372e+00  -5.2712963e-03  -8.2440951e-03   1.1808956e-03
   2.7475544e-02  -9.9723915e-02  -1.4676092e+00  -6.3711297e-03  -6.6848010e-03   1.2454881e-03
   6.9558555e-03  -8.8019052e-02  -1.3378213e+00   1.7189588e-03  -2.1452972e-03   2.0018939e-03
   1.5816733e-02  -1.1294014e-01  -1.7898909e+00  -8.9803927e-03  -3.2386979e-03   1.4661158e-03
   3.3188394e-02  -1.5675595e-01  -1.8094240e+00  -9.3444683e-03  -2.9178889e-03   1.1917678e-03
   2.9745545e-02  -1.0898433e-01  -1.9543960e+00  -1.2753575e-02  -5.2502653e-03   1.4280963e-03
   4.5877256e-02  -1.4141155e-01  -1.9504942e+00  -1.2085714e-02  -4.2816913e-03   1.1405027e-03
   4.8728241e-02  -1.2588046e-01  -1.9689967e+00  -1.0931620e-02  -4.0554795e-03   1.0970841e-03
   7.3827707e-02  -2.6067446e-01  -2.0896151e+00  -1.8625996e-02  -4.4825582e-03  -7.1922937e-04
   1.3067012e-01  -1.1536849e-01  -1.5748533e+00  -5.1883013e-03  -2.2987631e-03  -6.4090507e-04
   1.4170987e-01  -1.5098530e-01  -1.6923907e+00  -1.2991693e-02  -1.9145482e-03   3.3230630e-04
   1.0810889e-01  -1.1984079e-01  -8.8416723e-01  -3.1760252e-03  -2.6942356e-03   2.8007015e-04
   1.2468925e-01  -1.0344676e-01  -9.2486760e-01  -2.6849129e-03  -1.9074622e-03   3.7934760e-04
   1.1871688e-01  -1.2489113e-01  -1.0691238e+00  -3.1462359e-03  -1.5522075e-03   4.5394531e-04
   1.0908924e-01  -1.1838910e-01  -1.1831250e+00  -3.4665111e-03  -1.9628734e-03   6.5859345e-04
   1.0060436e-01  -1.2436621e-01  -1.3450649e+00  -6.4080809e-03  -1.7362354e-03   9.5164772e-04
   4.3226667e-02  -8.7858137e-02  -1.5200300e+00  -3.9320720e-03  -9.9775760e-05   1.9454033e-03
   4.3544584e-02  -1.0986260e-01  -1.8771032e+00  -1.0429564e-02  -4.2870331e-06   1.8781422e-03
   3.9638089e-02  -1.4039443e-01  -1.9029937e+00  -1.1064224e-02   3.5144154e-04   1.8138436e-03
   3.0184276e-02  -1.2077855e-01  -1.9462787e+00  -1.1665706e-02   1.5302827e-04   1.9434448e-03
   3.8188445e-02  -1.1667136e-01  -1.9586279e+00  -1.2064944e-02   5.0673164e-04   1.8208912e-03
   3.9076955e-02  -1.6391061e-01  -1.8833524e+00  -9.2469511e-03  -2.7925205e-04   1.8217086e-03
   2.8055769e-02  -1.4122951e-01  -1.8911874e+00  -1.6501679e-02   7.5105723e-04   1.8295435e-03
   1.5375440e-02  -1.3225919e-01  -1.2103927e+00  -2.7588159e-03  -2.3274592e-03   2.6449431e-03
   4.3663519e-02  -1.2142553e-01  -1.4305120e+00  -3.2700421e-03  -3.1042775e-03   2.1513211e-03
   5.3836158e-02  -1.2332115e-01  -1.5567226e+00  -7.4336801e-03  -2.7294733e-03   1.7376987e-03
   6.9143978e-02  -1.4306791e-01  -1.5722666e+00  -8.3401666e-03  -2.4211642e-03   1.3721834e-03
   6.6630937e-02  -1.2679790e-01  -1.7155299e+00  -7.6856298e-03  -3.3089741e-03   1.4743032e-03
   6.8147849e-02  -1.4177341e-01  -1.7800085e+00  -9.5630438e-03  -2.6476655e-03   1.5914649e-03
   7.1855574e-02  -1.3620467e-01  -1.7791503e+00  -8.9480165e-03  -2.9678596e-03   1.3012311e-03
   7.2936759e-02  -1.4758975e-01  -1.8713465e+00  -1.0129248e-02  -2.0633310e-03   1.3619589e-03
   6.2988633e-02  -1.4762056e-01  -1.9967289e+00  -1.1387977e-02  -2.2706749e-03   1.3946470e-03
   7.5316150e-02  -1.6180483e-01  -2.0675196e+00  -1.2115440e-02  -2.6691245e-03   1.3825145e-03
   6.5219802e-02  -1.6066906e-01  -2.1094554e+00  -1.3537454e-02  -1.9285647e-03   1.3042129e-03
   1.3738983e-02  -1.6489020e-01  -2.1011248e+00  -1.4144125e-02  -3.9927733e-03   2.3644483e-03
   4.3125707e-02  -1.7928493e-01  -1.7587261e+00  -9.5175809e-03  -3.8203937e-03   4.9271985e-04
  -4.2652925e-02  -1.0117132e-01  -2.0445732e+00  -4.9969672e-03  -6.2012106e-03   3.3443195e-03
  -3.5399539e-02  -1.6619536e-01  -2.6212301e+00  -1.9372594e-02  -4.9573295e-03   3.1685175e-03
  -2.1770910e-02  -1.9004847e-01  -2.6965605e+00  -2.0666087e-02  -3.9362080e-03   2.3605392e-03
   5.2240671e-03  -1.6858400e-01  -1.9735027e+00  -4.0812197e-03  -3.1542679e-03   2.3844113e-03
   4.6971771e-02  -1.9210815e-01  -2.6646937e+00  -1.5366681e-02  -4.7809233e-03   1.3039776e-03
   5.4965918e-02  -1.6056775e-01  -2.6265653e+00  -1.4977490e-02  -3.7253413e-03   1.4380455e-03
   3.0664956e-02  -2.4903186e-01  -2.6106400e+00  -1.5308270e-02  -4.1298463e-03   1.4605140e-03
   7.5070409e-02  -2.6512432e-01  -2.6927182e+00  -1.6187638e-02  -4.8211299e-03   9.2443384e-04
   8.0807385e-02  -2.5624928e-01  -2.7193093e+00  -1.6722048e-02  -4.7067790e-03   7.3566382e-04
   1.0286099e-01  -2.5714345e-01  -2.6919992e+00  -1.5758405e-02  -7.8061576e-03  -1.2886520e-04
   8.0080837e-02  -2.0320229e-01  -2.7376186e+00  -1.8957510e-02  -7.8111375e-03   7.0477007e-04
   4.9008171e-02  -2.1732655e-01  -2.5961638e+00  -1.6993226e-02  -8.3727192e-03   1.0987791e-03
   5.5018229e-02  -1.8348559e-01  -2.5760732e+00  -1.8752056e-02  -6.6086896e-03   5.4407168e-04
   4.6701320e-02  -1.7685287e-01  -2.5640048e+00  -1.8002330e-02  -6.7012518e-03   8.9114522e-04
   6.8151902e-02  -1.9832958e-01  -2.6961595e+00  -1.9900223e-02  -6.9266276e-03   8.5941564e-04
   9.5137413e-02  -3.1312402e-01  -2.6345122e+00  -1.5797647e-02  -6.9371240e-03  -1.2829958e-03
   1.2090474e-01  -2.1522548e-01  -2.8090292e+00  -1.7016678e-02  -5.5429794e-03  -1.5755572e-03
   1.2275499e-01  -2.5317419e-01  -2.9681831e+00  -1.9790341e-02  -4.0399961e-03  -1.2039739e-03
   1.1111368e-01  -2.5607245e-01  -3.0743493e+00  -2.1308639e-02  -2.2785229e-03  -8.6715087e-04
   1.1232289e-01  -2.6126502e-01  -3.0730451e+00  -2.1306446e-02  -1.9579041e-03  -6.8958508e-04
   7.3328282e-02  -2.4971192e-01  -3.1021730e+00  -2.2002967e-02  -2.0572445e-03   1.6625464e-04
   9.0728209e-02  -2.3165473e-01  -3.0897389e+00  -2.1908083e-02  -1.9810950e-03  -2.9627655e-04
   1.0912287e-01  -1.8197246e-01  -3.1412423e+00  -2.6543616e-02  -4.8569517e-03   6.0535557e-04
  -5.7783695e-03  -1.3950720e-01  -2.5593195e+00  -1.6011844e-02  -7.2333605e-03   1.2558134e-03
   5.7860635e-02  -1.4467210e-01  -2.7735977e+00  -1.8697074e-02  -5.5238680e-03   9.2177096e-04
   7.0395765e-02  -1.8500288e-01  -2.8369875e+00  -2.0268724e-02  -4.9727593e-03   7.4251832e-04
   5.3588689e-02  -1.8312358e-01  -2.9003472e+00  -2.1175741e-02  -4.6417627e-03   9.1767100e-04
   6.6431447e-02  -1.8618273e-01  -2.9667256e+00  -2.0383179e-02  -4.0418714e-03   7.5665876e-04
   7.2264618e-02  -2.1960549e-01  -3.1052432e+00  -2.2511462e-02  -3.4007496e-03   4.8149104e-04
   7.4395674e-02  -2.0435350e-01  -3.1286273e+00  -2.2570797e-02  -3.4312843e-03   2.1161669e-04
   7.8956669e-02  -2.0910999e-01  -3.1398573e+00  -2.2884528e-02  -2.5690043e-03   2.7829798e-05
   7.3076411e-02  -2.0905481e-01  -3.1387346e+00  -2.2990546e-02  -2.0004271e-03   2.9456380e-04
   7.4672662e-02  -2.2644281e-01  -3.1483403e+00  -2.2097189e-02  -2.2709744e-03  -1.5663285e-05
   8.0455515e-02  -2.1028772e-01  -3.1327600e+00  -2.2503577e-02  -1.6901351e-03  -5.3535007e-05
   7.8740378e-02  -2.5854609e-01  -3.2161452e+00  -3.0976790e-02   3.0289703e-04  -6.4108571e-04
   4.2561785e-02  -1.2798723e-01  -1.5802811e+00  -7.4951031e-03   4.5454248e-03   3.1905522e-04
   5.2952672e-02  -1.1826332e-01  -1.6100253e+00  -7.4609765e-03   4.2909471e-03   5.2163083e-04
   5.2650961e-02  -1.3023973e-01  -1.6934419e+00  -7.4526590e-03   4.2608171e-03   5.9223854e-04
   6.7159616e-02  -1.1139767e-01  -1.7514408e+00  -8.2083779e-03   5.0030587e-03   4.6052037e-04
   5.7862426e-02  -1.4221227e-01  -1.8740353e+00  -8.6921872e-03   4.3947434e-03  -1.7655182e-04
  -6.2005117e-02  -2.6491442e-01  -3.0560006e+00  -1.7998755e-02   2.1603219e-03   1.6410913e-03
   3.5260255e-03  -1.8078121e-01  -2.9007129e+00  -1.4578858e-02   5.5439876e-03   1.6140815e-03
   1.9339710e-02  -1.8933954e-01  -3.0198677e+00  -1.5805086e-02   5.3387605e-03   1.1630643e-03
   2.0315919e-02  -2.3459855e-01  -3.1149367e+00  -1.6688087e-02   4.2364143e-03   1.2425948e-03
  -1.3042768e-02  -2.2788601e-01  -3.1822387e+00  -1.8347665e-02   3.7216184e-03   1.3700076e-03
  -1.0807455e-02  -2.3025882e-01  -3.3676928e+00  -1.9986661e-02   1.7460909e-03   1.3634139e-03
  -8.4696607e-05  -2.4281795e-01  -3.4008827e+00  -2.1001806e-02   1.1424236e-03   1.1338288e-03
   1.0365830e-02  -2.5524645e-01  -3.5001993e+00  -2.1646621e-02   1.2667637e-03   1.0629950e-03
   1.8608351e-03  -2.2956836e-01  -3.4441065e+00  -2.1127424e-02   7.6711635e-04   1.1496424e-03
  -8.4569148e-03  -2.4883795e-01  -3.4062309e+00  -1.9819136e-02   2.1761791e-03   1.4619692e-03
   1.8211830e-03  -2.4001514e-01  -3.4659942e+00  -2.1235056e-02   1.6937066e-03   1.1750061e-03
   1.7523801e-02  -2.3568138e-01  -3.0676548e+00  -1.5238325e-02   4.4382815e-03   6.0958041e-04
  -6.1068283e-02  -2.2112392e-01  -2.7579160e+00  -1.3347219e-02   5.6066279e-04   1.8637562e-03
  -1.4364077e-01  -1.7878030e-01  -2.6631544e+00  -1.3566030e-02  -9.9786714e-04   2.9291135e-03
  -1.1076104e-01  -2.5768599e-01  -3.8471440e+00  -2.5884343e-02   1.2935803e-03   2.9091889e-03
  -8.7897886e-02  -2.2902663e-01  -3.7735697e+00  -2.5778597e-02   1.8014414e-03   2.8969931e-03
  -8.3836543e-02  -2.1809327e-01  -3.6010509e+00  -2.4700465e-02   2.7999228e-03   3.2353765e-03
  -7.0663894e-02  -2.2003761e-01  -3.6709176e+00  -3.0889516e-02  -1.2871533e-03   3.7272995e-03
  -1.0933766e-02  -1.5720314e-01  -2.5515681e+00  -1.5813405e-02  -2.3174281e-03   2.8024415e-03
  -1.8007665e-02  -1.5470647e-01  -2.6400012e+00  -1.8154811e-02  -2.0748914e-03   2.9687538e-03
  -6.7468303e-03  -1.2946593e-01  -2.4878952e+00  -1.5310741e-02  -6.1548408e-04   2.7804984e-03
  -5.0416543e-03  -1.4418560e-01  -2.6413921e+00  -1.7610865e-02  -1.5093475e-03   2.8332083e-03
  -3.1005186e-03  -1.2708312e-01  -2.6164821e+00  -1.7055924e-02  -1.7365345e-03   2.7763503e-03
  -1.0158873e-02  -1.4529718e-01  -2.4749373e+00  -1.6075917e-02  -8.1254447e-04   2.9128929e-03
  -1.4580743e-02  -1.1102346e-01  -2.4501008e+00  -1.6128946e-02  -3.8999576e-04   3.0634380e-03
  -1.8938606e-02  -9.5776841e-02  -2.0959312e+00  -1.1715035e-02   1.1420576e-03   2.7932839e-03
  -4.5198041e-02  -1.8060087e-01  -2.3025887e+00  -1.5742041e-02   4.7843875e-04   3.1786807e-03
  -2.5802197e-02  -4.3094021e-02  -1.5537232e+00  -5.9089389e-03   1.4178605e-03   2.7582688e-03
   4.4492929e-02  -9.5681060e-02  -1.6983791e+00  -1.4051609e-03  -7.0749041e-04   1.7879404e-03
  -5.5156988e-03  -1.1243491e-01  -2.0286199e+00  -1.1655752e-02   1.3193543e-03   2.7179810e-03
  -5.6032772e-02  -6.0390287e-02  -1.9268640e+00  -1.6374998e-02  -8.1981819e-04   3.8729050e-03
  -2.4478389e-02  -4.9583880e-02  -1.4731419e+00  -4.8738957e-03  -1.5160729e-03   3.3098343e-03
  -2.1931259e-02  -7.0989824e-02  -1.5365032e+00  -6.7567717e-03  -1.9384233e-04   2.9690302e-03
  -1.6407198e-02  -1.1989928e-01  -1.5768027e+00  -8.3672978e-03   1.6024189e-04   2.3606369e-03
  -1.8247841e-02  -1.1133496e-01  -1.7113960e+00  -7.9198113e-03   5.5034988e-04   2.8315617e-03
  -1.1996793e-03  -1.2257375e-01  -1.7302829e+00  -8.2696799e-03   1.6445280e-03   2.3177077e-03
  -1.2522124e-02  -1.0381260e-01  -1.7660306e+00  -8.2956946e-03   1.5723157e-03   2.7596423e-03
  -1.2863950e-02  -8.8754265e-02  -1.8007898e+00  -8.9744450e-03   1.6832606e-03   2.9549738e-03
  -1.5903197e-02  -8.0065987e-02  -1.8227859e+00  -8.9901043e-03   1.3551525e-03   2.8867691e-03
  -1.4007175e-02  -9.7063196e-02  -1.9021510e+00  -9.6242624e-03   1.4123137e-03   2.7588594e-03
  -2.4584255e-02  -1.0493293e-01  -1.9312370e+00  -1.0199987e-02   2.0802768e-03   2.9581949e-03
  -3.2296362e-02  -9.8410252e-02  -2.0037457e+00  -1.1683356e-02   5.8648352e-04   3.4067515e-03
   1.3602293e-02  -1.0665057e-01  -2.0018576e+00  -7.1944148e-03  -6.0843614e-04   2.2686114e-03
   3.7855665e-02  -1.8222469e-01  -2.4857902e+00  -1.5262764e-02   9.4032368e-04   1.0744294e-03
   5.3659312e-02  -1.4483479e-01  -2.5507338e+00  -1.8562847e-02   2.7336912e-03   1.3762267e-03
   5.9322226e-02  -1.9037432e-01  -2.4629697e+00  -1.6212322e-02   2.9723826e-03   1.1317409e-03
   5.0450855e-02  -1.7192741e-01  -2.4786329e+00  -1.6395255e-02   2.9611033e-03   1.1079256e-03
   4.2605430e-02  -1.7793124e-01  -2.5067690e+00  -1.6718753e-02   2.3895640e-03   1.2997309e-03
   5.5136376e-02  -1.7927329e-01  -2.4415003e+00  -1.5124290e-02   3.2736636e-03   8.0626513e-04
  -2.1747966e-02  -1.7577764e-01  -2.2904620e+00  -9.1649277e-03   1.0738409e-03   2.6680597e-03
   2.1540246e-02  -1.7080326e-01  -2.6030002e+00  -1.4089946e-02   1.6715928e-03   1.9401371e-03
   2.2407477e-02  -1.9013524e-01  -2.6227029e+00  -1.4445149e-02   2.5166093e-03   2.0344065e-03
   2.7993200e-02  -1.8148939e-01  -2.6088499e+00  -1.4646278e-02   2.1227316e-03   1.8065019e-03
   1.7542708e-02  -1.7163510e-01  -2.6096353e+00  -1.5111846e-02   3.5785102e-03   2.0527846e-03
   2.7406195e-02  -2.1854328e-01  -2.5613873e+00  -1.4139215e-02   3.5291612e-03   1.5523766e-03
   2.7654547e-02  -1.7609200e-01  -2.5201144e+00  -1.4867413e-02   4.9630763e-03   1.6461155e-03
   3.2143809e-02  -1.8513897e-01  -2.4655177e+00  -1.4330841e-02   4.7788667e-03   1.4346871e-03
   2.5523465e-02  -1.8823965e-01  -2.5028648e+00  -1.4562889e-02   5.0088710e-03   1.5052060e-03
   3.7815619e-02  -2.1345003e-01  -2.5279586e+00  -1.6771618e-02   5.1463753e-03   9.9300425e-04
   3.6192561e-02  -1.8269375e-01  -2.4043033e+00  -1.1306907e-02   4.2866799e-03   1.4529714e-03
   4.1267047e-02  -1.8716834e-01  -2.4247463e+00  -1.2332044e-02   5.1462441e-03   1.4678510e-03
   5.0872884e-02  -1.8796477e-01  -2.4232972e+00  -1.2390538e-02   4.4020893e-03   1.3742585e-03
   2.4056800e-02  -1.8666543e-01  -2.4832584e+00  -1.2100510e-02   3.5451356e-03   1.5972842e-03
   3.0482717e-02  -2.1723650e-01  -2.4644831e+00  -2.1169369e-03   3.7349325e-03   1.1498999e-03
  -2.3517439e-02  -1.8309394e-01  -2.6207197e+00  -1.2461265e-02   7.5787218e-03   2.2230718e-03
  -2.2977584e-02  -2.2071173e-01  -2.4593086e+00  -1.6123264e-02   4.6242381e-03   2.2875427e-03
  -5.3944677e-02  -2.5952806e-01  -2.6262583e+00  -2.1595954e-02   4.8107412e-03   1.7206295e-03
   8.9817887e-02  -1.0867101e-01  -1.5909630e+00  -1.7552210e-03   2.9988899e-04  -7.5438945e-04
   2.4832830e-02  -1.6270714e-01  -1.8365036e+00  -1.2956121e-03   5.3163399e-03   4.0502707e-04
   2.5950572e-02  -1.1404930e-01  -1.9621827e+00  -4.2384235e-03   4.2399260e-03   3.6649150e-04
   2.8396401e-02  -1.7069105e-01  -1.9593102e+00  -4.9066472e-03   5.3950344e-03   8.7060451e-04
   2.2557091e-02  -1.6854558e-01  -1.9677906e+00  -4.8252353e-03   4.4302874e-03   8.2637418e-04
   2.3328179e-02  -1.9413846e-01  -2.0053857e+00  -5.2689093e-03   4.1486266e-03   8.0709221e-04
   1.9801628e-02  -1.6736508e-01  -2.0304795e+00  -5.2646637e-03   3.0328305e-03   6.9644455e-04
   2.5664153e-02  -1.5600091e-01  -2.0619814e+00  -6.3637258e-03   3.3844818e-03   5.7299952e-04
   2.3264932e-02  -1.5813644e-01  -2.0698939e+00  -5.6295226e-03   3.4765356e-03   7.0630294e-04
  -1.3240133e-02  -1.5056675e-01  -2.1399699e+00  -6.2908235e-03   3.7737303e-03   9.6693572e-04
  -4.1124630e-05  -1.7102749e-01  -2.1059023e+00  -6.2731063e-03   4.0740671e-03   1.0326920e-03
  -2.2352876e-02  -2.0398688e-01  -2.1362280e+00  -4.8224191e-03   4.1226473e-03   1.3464629e-03
   3.5023208e-03  -1.7533363e-01  -2.1147264e+00  -6.3516852e-03   4.2593731e-03   1.2370091e-03
   1.1057485e-02  -1.7159351e-01  -2.1085506e+00  -6.7964698e-03   4.2093995e-03   7.4537895e-04
   1.1101124e-02  -1.8627012e-01  -2.1706189e+00  -7.4037329e-03   3.8083448e-03   8.4586340e-04
  -3.2013578e-03  -1.8701161e-01  -2.1744571e+00  -7.7447502e-03   2.9401227e-03   8.1148401e-04
  -1.6192509e-03  -1.7107696e-01  -2.2114363e+00  -8.2203108e-03   3.4920827e-03   1.0930145e-03
  -7.5067718e-03  -1.6337197e-01  -2.2350203e+00  -7.9543300e-03   2.2453617e-03   1.2383704e-03
  -1.3480605e-02  -1.7502727e-01  -2.2619758e+00  -8.8064475e-03   2.3429517e-03   1.3832635e-03
  -1.9069865e-02  -1.7037976e-01  -2.2725563e+00  -8.7422839e-03   2.0546166e-03   1.5074231e-03
   6.7379939e-03  -2.4604346e-01  -2.3140364e+00  -1.0895945e-02   1.8977739e-03   5.0988651e-04
   9.8925064e-02  -2.1305140e-01  -1.9721028e+00  -1.2160708e-03   3.2103515e-03  -3.3512423e-04
   3.9501555e-02  -1.7795722e-01  -2.1403550e+00  -1.1450392e-02   2.5125118e-03   1.6009361e-03
   5.1784851e-02  -1.1106677e-01  -1.7486231e+00  -4.5813383e-03   5.0363498e-03   1.5180848e-03
   3.9112585e-02  -1.1038657e-01  -1.8011891e+00  -5.6786852e-03   4.7187895e-03   1.7037245e-03
  -3.7481378e-02  -1.0955457e-01  -2.1336705e+00  -6.7953265e-03   5.0399505e-03   2.8311582e-03
  -5.4566903e-02  -1.0674714e-01  -2.3470326e+00  -1.1821922e-02   3.4327447e-03   2.7083330e-03
  -2.4279344e-02  -1.7487679e-01  -2.2877808e+00  -9.5766828e-03   3.2354541e-03   2.1872001e-03
   3.2599274e-03  -1.4584238e-01  -2.2962644e+00  -1.0410184e-02   4.3900957e-03   1.8855060e-03
  -2.0911981e-03  -1.3730661e-01  -2.3119755e+00  -1.0956455e-02   4.0149584e-03   1.8840775e-03
  -9.2737771e-03  -1.7297108e-01  -2.3329230e+00  -1.1092498e-02   4.2627293e-03   1.8902284e-03
  -7.8630910e-03  -1.4455132e-01  -2.3562817e+00  -1.1267439e-02   4.4686589e-03   2.0132252e-03
  -7.4590991e-03  -1.8026334e-01  -2.3575208e+00  -1.1538649e-02   4.6891278e-03   1.7269792e-03
  -6.1742402e-02  -1.3044680e-01  -2.4217735e+00  -1.3748274e-02   2.6023357e-03   3.0592680e-03
  -3.3051713e-02  -1.2033224e-01  -1.8132680e+00  -4.5868096e-03   3.1354288e-03   2.3232649e-03
  -4.0146320e-02  -1.2156335e-01  -2.4548583e+00  -9.4790842e-03  -2.6647280e-03   2.0604970e-03
  -2.6371149e-02  -1.6325899e-01  -2.4427484e+00  -7.0615632e-03   8.1025544e-04   1.6007345e-03
  -3.8808441e-02  -1.4606714e-01  -2.6899097e+00  -1.3157185e-02   2.6893238e-04   1.8051506e-03
  -3.5402782e-02  -1.6915552e-01  -2.6601493e+00  -1.3861604e-02   4.9204175e-04   1.7446836e-03
  -8.3469959e-03  -1.8414100e-01  -2.4826662e+00  -1.0865791e-02   3.1998695e-04   1.3456700e-03
   4.3182381e-03  -1.6628336e-01  -2.5408732e+00  -1.0970002e-02   4.5062596e-04   1.4771347e-03
   2.5746543e-03  -1.6791394e-01  -2.5774375e+00  -1.2609849e-02   2.0984835e-03   1.2295370e-03
   1.4134423e-02  -1.8967444e-01  -2.4993443e+00  -1.6500014e-02   8.1043980e-04  -2.4394072e-04
   8.7392360e-02  -1.6127025e-01  -2.1730705e+00  -5.1987163e-03   4.6325467e-03   3.3645670e-04
   6.0564162e-02  -1.6706525e-01  -2.1372019e+00  -6.7203613e-03   7.6308686e-03   1.0003449e-03
   5.9999303e-02  -1.8209752e-01  -2.1708824e+00  -7.0457101e-03   7.4468569e-03   6.4637981e-04
   6.5978137e-02  -1.8135757e-01  -2.2122079e+00  -8.4974686e-03   7.4997251e-03   6.7763274e-04
   6.1614289e-02  -1.9330269e-01  -2.3094891e+00  -7.5090930e-03   8.0207467e-03   7.7655489e-04
   5.8474404e-02  -1.8298966e-01  -2.2122687e+00  -8.4176305e-03   8.1760622e-03   1.0025057e-03
   7.9141127e-02  -1.7681586e-01  -2.2118298e+00  -6.9172820e-03   7.9650315e-03   8.0835800e-04
   8.2079317e-02  -1.8659262e-01  -2.1754910e+00  -6.8140986e-03   7.8294551e-03   5.4300001e-04
   5.9747573e-02  -1.9262386e-01  -2.0072461e+00  -7.5874424e-04   8.7861652e-03   5.4300439e-04
   4.0202442e-02  -1.3457434e-01  -2.3562636e+00  -8.5379345e-03   7.5475445e-03   1.3416820e-03
   3.2181603e-02  -1.9531942e-01  -2.3215845e+00  -8.5261784e-03   8.8997343e-03   1.2975013e-03
   2.8872142e-02  -1.7557489e-01  -2.3517373e+00  -9.4778521e-03   8.2610275e-03   1.3729729e-03
   2.6741719e-02  -1.7341444e-01  -2.3564955e+00  -9.0082157e-03   7.6079822e-03   1.0773801e-03
   2.3698398e-02  -1.9686708e-01  -2.3276429e+00  -8.0223018e-03   8.6245580e-03   1.0600771e-03
   3.6255776e-02  -1.8209143e-01  -2.4086329e+00  -8.5453739e-03   8.2708856e-03   1.0884721e-03
   1.1965672e-02  -1.9724216e-01  -2.0086811e+00  -9.2169355e-03   3.9334677e-03   1.3177039e-03
   1.4875745e-02  -1.2863592e-01  -1.8630985e+00  -8.3016032e-04   4.8674787e-03   1.6340178e-03
   3.5367462e-02  -1.8820603e-01  -2.0798298e+00  -6.1250283e-03   5.2817817e-03   1.1547580e-03
   1.1458192e-03  -1.7172804e-01  -2.1734287e+00  -6.3223451e-03   4.9051598e-03   1.5979819e-03
   1.1898710e-02  -1.7917147e-01  -2.2751884e+00  -7.2309164e-03   4.5125308e-03   1.1329455e-03
   2.3719073e-02  -1.8915468e-01  -2.2531698e+00  -5.6764920e-03   4.9194584e-03   3.1141073e-04
  -1.8718252e-02  -1.6580909e-01  -2.8257741e+00  -1.3222573e-02   7.4765354e-03   2.0418005e-03
  -3.8138183e-02  -2.0759086e-01  -2.6702039e+00  -1.1644756e-02   8.6671218e-03   2.0119089e-03
  -3.7001046e-03  -2.0561640e-01  -2.4605181e+00  -8.8188392e-03   6.8300463e-03   1.4469585e-03
  -2.2067388e-02  -1.6112958e-01  -2.4063654e+00  -8.7582376e-03   5.8574814e-03   1.6173884e-03
  -2.7757536e-03  -1.6592177e-01  -2.3736185e+00  -8.0283706e-03   5.1088666e-03   1.2614581e-03
   7.9716093e-03  -2.0702367e-01  -2.4218278e+00  -9.5403785e-03   4.3605053e-03   1.1964897e-03
  -1.1915522e-01  -1.7827428e-01  -1.6613132e+00  -3.1382136e-03  -4.8445452e-03   1.5933603e-03
  -9.4662610e-02  -1.7620514e-01  -2.1214961e+00  -9.5041967e-03  -4.8574845e-03   1.6734360e-03
  -1.8623579e-01  -1.4363400e-01  -1.9245236e+00  -5.3160851e-03  -6.5203312e-03   2.8452565e-03
  -2.1597697e-01  -1.1765582e-01  -2.3958325e+00  -1.0484301e-02  -6.8669422e-03   3.4290479e-03
  -2.0283687e-01  -1.4320919e-01  -2.4636603e+00  -1.1687813e-02  -6.9789593e-03   3.1306045e-03
  -1.7916265e-01  -1.6524315e-01  -2.4591545e+00  -1.1371095e-02  -7.1133460e-03   3.0542593e-03
  -1.7961065e-01  -1.2220713e-01  -2.5150706e+00  -1.1809698e-02  -7.0512874e-03   2.9695200e-03
  -1.5701079e-01  -1.6933411e-01  -2.5402464e+00  -1.2333797e-02  -6.8870172e-03   2.5700950e-03
  -1.3138289e-01  -1.3564918e-01  -2.5239208e+00  -1.2015256e-02  -6.7141371e-03   2.3574717e-03
  -1.3673108e-01  -1.5723493e-01  -2.5310760e+00  -1.2092279e-02  -7.0932145e-03   2.3886392e-03
  -1.3611475e-01  -1.4587611e-01  -2.5599452e+00  -1.1533341e-02  -7.5119584e-03   2.1155094e-03
  -1.5815173e-01  -1.7955179e-01  -2.5525296e+00  -1.0591868e-02  -5.8295062e-03   2.0572547e-03
  -1.7525605e-01  -1.7280027e-01  -3.0086716e+00  -3.7478701e-03  -6.0011384e-03   3.6592787e-03
  -1.3116671e-01  -3.8386050e-01  -2.9578755e+00  -1.2323722e-02  -4.7681728e-03   1.8911948e-03
  -2.0786184e-01  -6.5472646e-02  -2.3677344e+00   1.8400244e-03  -1.0398007e-02   2.9446925e-03
  -6.7957663e-02  -1.3110034e-01  -2.9428888e+00  -8.8714205e-03  -6.2861547e-03   1.0880363e-03
  -8.7494651e-02  -1.7891646e-01  -1.7217036e+00  -5.8154439e-03  -8.2565772e-03   2.1667769e-03
  -7.1983488e-02  -1.4871709e-01  -1.3833983e+00   1.1698256e-02  -2.4298107e-03   1.7590434e-03
  -6.7114295e-02  -1.3269238e-01  -1.3570907e+00   7.9850789e-03  -3.0161969e-03   1.3610832e-03
  -7.9716121e-02  -1.3747949e-01  -1.4380767e+00   7.2254305e-03  -3.7670360e-03   1.4227437e-03
  -7.2328710e-02  -1.2882912e-01  -1.4532074e+00   6.8516022e-03  -3.2742782e-03   1.3990112e-03
  -7.0146087e-02  -1.5541576e-01  -1.4840772e+00   6.4619112e-03  -3.5948528e-03   9.9180430e-04
  -7.1754148e-02  -1.2072511e-01  -1.4886538e+00   6.6775123e-03  -3.1170526e-03   1.3230200e-03
  -6.1172821e-02  -1.1039955e-01  -1.5007888e+00   5.2401899e-03  -3.4008279e-03   8.8942651e-04
   1.7281379e-02  -1.8632285e-01  -1.6842000e+00   4.3562735e-03  -2.4658598e-03   3.2804293e-04
   2.1253643e-02  -1.6058040e-01  -1.7784534e+00   2.9078186e-03  -1.6264086e-03   3.9362799e-05
   2.2030790e-02  -1.5053653e-01  -1.8001761e+00   1.5237298e-03  -1.0374114e-03   1.8626927e-04
   9.1833938e-03  -9.9742649e-02  -1.8531391e+00   8.7889163e-03  -1.3458448e-03   1.1516934e-04
   3.4124673e-02  -3.9199494e-01  -3.9318646e+00  -2.6262631e-02   1.9519847e-03  -3.6529176e-05
   1.0461683e-02  -1.2939515e-01  -3.0203245e+00   6.7090944e-03  -5.8985434e-03   4.4677848e-04
   1.2261814e-01  -2.8218745e-01  -3.9358908e+00  -1.9906166e-02   8.9863014e-03  -4.7482096e-04
   8.1937945e-02  -2.3115695e-01  -3.9548644e+00  -1.9823999e-02   5.4720359e-03  -2.4002893e-04
   7.4915476e-02  -2.5826887e-01  -3.9508477e+00  -1.9961973e-02   5.1523806e-03   6.7721411e-05
   7.8474739e-02  -2.6339440e-01  -3.9483657e+00  -2.1151237e-02   5.4799521e-03  -3.2145608e-04
   7.7632603e-02  -2.4311697e-01  -3.9149428e+00  -2.1318592e-02   5.8789999e-03  -2.3460501e-04
   7.2782816e-02  -2.4425338e-01  -3.9006874e+00  -2.1393985e-02   4.9073277e-03  -2.8826498e-04
   9.2065409e-02  -2.5666732e-01  -3.9149156e+00  -2.1918598e-02   4.5890022e-03  -7.7031582e-04
   9.8438239e-02  -2.3856320e-01  -3.9141357e+00  -2.0597854e-02   3.4816713e-03  -6.5729640e-04
   1.0438879e-01  -2.4689221e-01  -3.8971648e+00  -2.0799982e-02   3.3278984e-03  -7.7466223e-04
   1.0278794e-01  -2.3791555e-01  -3.8968918e+00  -2.0540874e-02   3.2340986e-03  -8.2998242e-04
   1.0259966e-01  -2.5501404e-01  -3.9623465e+00  -2.1566135e-02   3.6673563e-03  -8.5352482e-04
   1.0661028e-01  -2.5615687e-01  -3.9658519e+00  -2.1492338e-02   3.4456816e-03  -8.3669545e-04
   1.0355649e-01  -2.3382020e-01  -4.0167954e+00  -2.2880310e-02   3.4003937e-03  -8.3949591e-04
   1.0307071e-01  -2.4020853e-01  -4.0115503e+00  -2.2218556e-02   4.3932162e-03  -8.9260919e-04
   9.6704985e-02  -2.5985089e-01  -3.9430145e+00  -2.1402858e-02   4.5475777e-03  -8.4434629e-04
   1.2655026e-01  -3.2716101e-01  -3.9877394e+00  -3.0751623e-02   2.8339632e-03  -1.8841398e-03
   9.8197262e-02  -2.6609656e-01  -2.6619725e+00  -1.6809523e-02  -2.3783996e-03  -1.8567408e-03
   2.0875560e-01  -2.7206176e-01  -2.2053375e+00  -7.4763262e-03  -3.1371465e-03  -3.7757791e-03
   1.4248159e-01  -2.5126061e-01  -2.2772522e+00  -7.6561081e-03  -5.4395943e-03  -2.7635589e-03
   1.2420485e-01  -2.4238853e-01  -2.1482533e+00  -4.3734965e-03  -4.4237755e-03  -2.3532370e-03
   1.0739969e-01  -2.3786489e-01  -2.3899059e+00  -3.3702391e-03  -6.5436224e-03  -2.3402433e-03
   9.7863479e-02  -2.5377775e-01  -2.5003028e+00  -6.2991019e-03  -6.0121863e-03  -2.0802931e-03
   1.2208497e-01  -2.7124258e-01  -2.9036969e+00  -9.7927551e-03  -5.5786319e-03  -2.4936233e-03
   1.2627421e-01  -2.4628079e-01  -2.8883035e+00  -9.9973388e-03  -4.5220264e-03  -2.3994204e-03
   1.2756158e-01  -2.7361269e-01  -2.8899667e+00  -8.8396660e-03  -5.5072250e-03  -2.3459014e-03
   7.8906013e-02  -2.5157622e-01  -2.6896975e+00  -2.0821288e-03  -3.6350238e-03  -6.7716092e-04
   8.5573619e-02  -1.7438361e-01  -2.8643497e+00  -7.6117772e-03  -1.9918924e-03  -8.2053937e-04
   1.0503983e-01  -2.0279586e-01  -2.7561040e+00  -1.0105294e-02  -3.9941549e-03  -1.4421108e-03
   4.2688143e-02  -1.6243893e-01  -2.1674879e+00   3.6779381e-03  -6.0162092e-03  -6.8890367e-04
   5.9622881e-02  -1.7710104e-01  -3.1246178e+00  -1.0934873e-02   9.9335099e-05  -9.5596021e-05
   1.7101759e-02  -2.4779268e-01  -3.0483767e+00  -8.4864512e-03  -3.3449258e-04   4.3478560e-04
   2.3916754e-02  -2.0426020e-01  -3.0166465e+00  -9.1173289e-03  -4.7834898e-04   4.4085650e-04
   4.1016796e-02  -2.2270786e-01  -2.9995799e+00  -9.5379861e-03  -2.4772780e-04   3.1222827e-04
   4.3918802e-02  -2.2659260e-01  -3.0484679e+00  -9.2016470e-03  -9.6321179e-05   1.3714723e-05
   3.2453047e-02  -2.1633250e-01  -3.0683248e+00  -9.7224665e-03  -5.3441867e-04   4.2296823e-05
   4.1922892e-02  -2.0697278e-01  -3.1345105e+00  -1.0666248e-02  -3.7868518e-04  -4.4778508e-06
   3.7275493e-02  -2.1490800e-01  -3.1640168e+00  -1.1190730e-02  -4.5906599e-04  -1.4610245e-04
   3.5461654e-02  -2.2410707e-01  -3.1771613e+00  -1.0994580e-02  -7.8714563e-04  -3.5762809e-05
   3.1466216e-02  -1.9570031e-01  -3.2077736e+00  -1.0868726e-02  -8.5955602e-04  -2.8523382e-05
   2.6445881e-02  -2.4773823e-01  -3.3029815e+00  -1.1975237e-02  -8.3034098e-04   6.6956562e-04
   7.3732213e-04  -2.1222645e-01  -3.3092812e+00  -1.3208346e-02  -2.0205366e-03   8.9586231e-05
   3.1102058e-03  -2.2944303e-01  -3.2646799e+00  -1.1994178e-02  -1.7576078e-03   8.6162516e-05
   1.7115701e-02  -1.9291028e-01  -3.3641500e+00  -1.0276439e-02  -2.2621635e-03   2.7595737e-04
   1.5186648e-02  -2.0366805e-01  -3.3415642e+00  -1.2174105e-02  -1.5686730e-03   9.3499437e-05
   2.5189275e-02  -2.4525452e-01  -3.3607953e+00  -1.1708583e-02  -1.8969720e-03   9.5076033e-05
   1.5277561e-02  -2.2455202e-01  -3.2531844e+00  -1.1033188e-02  -1.4187402e-03  -1.3263335e-04
  -2.2268578e-02  -2.4963026e-01  -3.1838529e+00  -1.0408409e-02  -1.0903691e-03   5.3843457e-05
   1.2045167e-02  -2.6534598e-01  -3.2557010e+00  -1.0828949e-02  -4.4271661e-04  -1.0045376e-04
   5.9429831e-02  -3.1406995e-01  -3.2862707e+00  -1.0077400e-02  -2.6344319e-04  -4.6279820e-04
   5.4687026e-02  -2.7044689e-01  -3.3378395e+00  -1.1936803e-02  -5.5382531e-04  -6.5197542e-04
   4.0071082e-02  -2.5276076e-01  -3.5125766e+00  -1.2752924e-02   5.1503986e-04  -3.8714497e-04
   2.6565158e-02  -2.3702608e-01  -3.4256011e+00  -1.2813710e-02   1.0002654e-04  -4.1676511e-04
   1.9663622e-02  -2.4046017e-01  -3.1853945e+00  -1.2233892e-02  -3.0244241e-03   3.5185692e-04
   2.3463532e-02  -2.0163299e-01  -3.1175252e+00  -1.0893846e-02  -2.6069299e-03   5.4770061e-05
   4.2799206e-02  -2.4551667e-01  -3.1496510e+00  -1.1030764e-02  -2.2479573e-03  -3.7559693e-04
   2.5635380e-02  -2.2144973e-01  -3.2044674e+00  -1.1586849e-02  -2.3085758e-03  -2.2117647e-04
   2.7684406e-02  -2.3361422e-01  -3.2205991e+00  -1.2259376e-02  -2.3032458e-03  -4.0934220e-04
   1.8389454e-02  -2.1861758e-01  -3.2743682e+00  -1.2839885e-02  -1.5820043e-03  -2.0848581e-04
   1.0304703e-02  -2.1953590e-01  -3.2608796e+00  -1.1968129e-02  -1.8804644e-03  -6.3132919e-05
  -2.0606383e-03  -1.9541426e-01  -3.2217211e+00  -9.2029701e-03  -8.7026931e-04   6.1116103e-04
  -4.7031147e-03  -2.5250886e-01  -4.1146531e+00  -1.9864624e-02   1.8687636e-05   4.5629019e-04
  -1.4901313e-04  -2.4549918e-01  -4.0980278e+00  -2.0291348e-02  -1.1949412e-04   4.4905521e-04
   3.9921837e-03  -2.4975314e-01  -4.0952165e+00  -2.0144617e-02  -4.0927031e-04   1.8672516e-04
  -1.2902355e-03  -2.6242263e-01  -4.0924527e+00  -2.0923374e-02  -1.0268533e-03   3.2290467e-04
  -2.8391808e-02  -2.3917606e-01  -3.7425783e+00  -1.8866709e-02   2.3091261e-03   1.5457165e-03
  -2.4545217e-02  -1.7375364e-01  -3.4883756e+00  -1.3309701e-02  -3.9255510e-04   1.1058301e-03
   2.2408090e-02  -3.3749632e-01  -4.0902187e+00  -1.4602674e-02  -4.4601372e-05  -8.3882131e-04
  -8.0769096e-03  -2.2065365e-01  -3.8627887e+00  -1.4262555e-02  -8.2542448e-04   3.2499614e-04
   4.2794219e-02  -3.6716664e-01  -3.9171281e+00  -1.3873921e-02   2.2800468e-03   1.3143182e-03
   3.1977782e-02  -3.4927342e-01  -3.5442218e+00  -9.2231729e-03   4.5890236e-03   1.5137231e-03
   3.8555251e-02  -3.4167943e-01  -3.4891436e+00  -9.4876658e-03   4.7744589e-03   1.2265762e-03
   2.8312846e-02  -3.7452452e-01  -3.4742019e+00  -9.1091603e-03   4.5991641e-03   1.1480588e-03
   3.5022209e-02  -3.3341641e-01  -3.9058604e+00  -1.0614572e-02   5.4414066e-03  -1.2866640e-04
   2.4885480e-02  -3.5902972e-01  -4.1522550e+00  -1.3866026e-02   5.3644048e-03   7.1469315e-04
  -2.6079471e-04  -3.6456797e-01  -3.7619005e+00  -1.0705541e-02   6.4702754e-03   1.6176735e-03
   1.6562920e-02  -3.4364138e-01  -3.4913137e+00  -6.3308653e-03   5.3203120e-03   1.5996478e-03
   2.8751104e-02  -3.6363050e-01  -3.5942304e+00  -1.0544342e-02   6.9636960e-03   1.2506997e-03
   4.5407145e-02  -3.3915711e-01  -4.0645439e+00  -1.2279907e-02   6.2331627e-03   6.0559503e-04
   3.8474986e-02  -3.5691357e-01  -3.8306292e+00  -1.0964991e-02   5.6994075e-03   1.3068460e-03
   1.2559635e-02  -3.1450454e-01  -3.6186458e+00  -9.0395789e-03   5.1947837e-03   1.9221576e-03
   1.8052501e-02  -3.2067109e-01  -3.6518336e+00  -9.9565084e-03   4.8305138e-03   9.8392374e-04
   4.3751241e-02  -2.8495000e-01  -3.5939988e+00  -1.2645823e-02   5.4346589e-03   5.7733860e-04
   4.0571752e-02  -3.4306141e-01  -4.1164740e+00  -1.4235982e-02   2.8779996e-03  -3.9253787e-04
   4.7448175e-02  -3.1555443e-01  -4.2186955e+00  -1.3756331e-02   1.6146419e-03   6.2330489e-05
   6.4244553e-03  -3.9854169e-01  -4.0632328e+00  -2.2867906e-02   4.9942438e-03   1.3616499e-03
   1.1068637e-01  -2.1235977e-01  -3.2281135e+00  -6.8561477e-03   1.5939498e-02   4.1138708e-04
   9.4055426e-03  -1.4533722e-01  -3.5393266e+00  -7.9175916e-03   1.8146557e-02   1.7027338e-03
   6.7554013e-02  -2.5571351e-01  -4.3960931e+00  -1.7656294e-02   1.8334804e-02   2.6688721e-03
   7.1603837e-02  -1.8819799e-01  -4.1245693e+00  -1.6351737e-02   1.4383630e-02   2.2773313e-03
   8.7467592e-02  -2.1688166e-01  -4.2371410e+00  -1.8364522e-02   1.2727879e-02   2.1272679e-03
   7.7692744e-02  -2.2066724e-01  -4.2744405e+00  -1.9478598e-02   1.1810226e-02   2.2971313e-03
   1.0003509e-01  -2.1903659e-01  -4.5755618e+00  -2.0876748e-02   1.2386796e-02   1.6814680e-03
   9.5833848e-02  -1.8510599e-01  -4.5984559e+00  -2.3013764e-02   1.0368089e-02   1.6294375e-03
   6.7969699e-02  -1.9040667e-01  -4.5531677e+00  -2.2795447e-02   1.2512617e-02   2.1107420e-03
   7.3783251e-02  -1.5860731e-01  -4.5193372e+00  -2.2551985e-02   1.2747650e-02   1.9513781e-03
   8.8163096e-02  -1.3789947e-01  -4.6300581e+00  -2.1888178e-02   1.1504259e-02   1.7220157e-03
   8.2634649e-02  -2.1316423e-01  -4.9766175e+00  -2.8490763e-02   9.1287620e-03   1.3856872e-03
   8.9107902e-02  -1.6805313e-01  -4.7553453e+00  -2.3767721e-02   7.8486745e-03   1.4673776e-03
   5.2617048e-02  -1.9905834e-01  -4.8733813e+00  -2.6457312e-02   7.8616055e-03   2.0255150e-03
   6.9301439e-02  -2.6299310e-01  -4.8569353e+00  -2.8261762e-02   8.5922178e-03   1.8924521e-03
   5.6848226e-02  -1.8605888e-01  -4.4198343e+00  -2.1879375e-02   7.8059317e-03   2.5763903e-03
   4.8178256e-02  -1.6208736e-01  -4.4110607e+00  -2.3189319e-02   7.7614197e-03   2.7320463e-03
   4.7416161e-02  -1.7272449e-01  -4.4326187e+00  -2.1977067e-02   5.7153085e-03   2.4741089e-03
   1.4905714e-02  -1.7620763e-01  -4.5054668e+00  -2.3239117e-02   8.4866325e-03   3.4523428e-03
   1.6317092e-02  -1.5786945e-01  -4.3600796e+00  -2.1653635e-02   6.2771227e-03   2.8733456e-03
   2.3558629e-02  -1.9080752e-01  -4.3578097e+00  -2.0957524e-02   5.8557789e-03   2.6925182e-03
   5.1777913e-02  -2.2307200e-01  -4.4095678e+00  -2.0740846e-02   5.7828256e-03   7.1358402e-04
   8.1231292e-02  -2.4171790e-01  -4.2542976e+00  -1.8911496e-02   7.5688067e-03   9.0643297e-04
   7.6256304e-02  -2.7878717e-01  -4.3408239e+00  -2.1327015e-02   7.1897257e-03   3.7330543e-04
   7.7212411e-02  -2.6613702e-01  -4.3530328e+00  -2.2281252e-02   6.5197762e-03   2.0512499e-04
   7.9386389e-02  -2.5468005e-01  -4.3920157e+00  -2.2636116e-02   6.8296485e-03   5.1017902e-04
   9.9440975e-02  -2.8140621e-01  -4.4478608e+00  -2.0796904e-02   6.9711778e-03   1.4072670e-04
   9.9554792e-02  -2.5456002e-01  -4.4809950e+00  -2.2948349e-02   6.9940033e-03   4.8024033e-04
   9.3927578e-02  -2.4389651e-01  -4.4789938e+00  -2.2267653e-02   7.1214752e-03   5.9434615e-05
   8.2366334e-02  -2.6714936e-01  -4.5173736e+00  -2.3836948e-02   7.6631902e-03   3.8700443e-04
   8.2240391e-02  -2.5416530e-01  -4.4661760e+00  -2.2225582e-02   6.4560373e-03   5.6905223e-04
   8.1499118e-02  -3.1046362e-01  -4.4112547e+00  -2.0590117e-02   6.3617254e-03   8.4045418e-04
   6.1455366e-02  -2.6734403e-01  -4.3923873e+00  -2.2299726e-02   5.5149313e-03   6.6204140e-04
   9.5730438e-02  -3.3535911e-01  -4.5827434e+00  -2.0393596e-02   5.7608060e-03   1.0273949e-04
   5.4656311e-02  -2.7343309e-01  -4.6600237e+00  -2.1236967e-02   5.1521236e-03   5.9033759e-04
   5.2604595e-02  -2.6516534e-01  -4.6744171e+00  -2.4690518e-02   5.3960667e-03   5.9112134e-04
   5.4052972e-02  -2.7587670e-01  -4.6441679e+00  -2.4139133e-02   5.4454331e-03   5.6824472e-04
   6.8032338e-02  -2.7650097e-01  -4.7451507e+00  -2.6658272e-02   5.8447432e-03   2.2378824e-04
   4.5117825e-02  -2.5189529e-01  -4.2409740e+00  -1.9344841e-02   5.2934169e-03   1.0230463e-03
   3.6985710e-02  -2.3187526e-01  -4.4029071e+00  -2.2377153e-02   4.4200439e-03   1.0271076e-03
   3.2208696e-02  -2.1919327e-01  -4.4707919e+00  -2.3787932e-02   4.7647787e-03   1.1986490e-03
   4.5575465e-02  -2.6557868e-01  -4.4030535e+00  -2.0934257e-02   8.7466951e-03   1.4124299e-03
   2.0500684e-02  -2.1830726e-01  -4.4271523e+00  -2.3117049e-02   6.9200842e-03   1.2748710e-03
   3.6402890e-02  -2.4433215e-01  -4.4416677e+00  -2.2221733e-02   7.5271278e-03   1.2737833e-03
   6.2648022e-02  -2.7883555e-01  -4.4998997e+00  -2.4854125e-02   9.4904840e-03   2.7199232e-04
   6.1360206e-02  -2.4427775e-01  -4.3043075e+00  -1.8903932e-02   8.9720359e-03   1.1501391e-03
   6.7762548e-02  -2.6800471e-01  -4.3287900e+00  -2.0864981e-02   9.1625489e-03   9.3071446e-04
   6.6157212e-02  -2.6774242e-01  -4.3226167e+00  -2.0959961e-02   8.8224860e-03   8.6695824e-04
   7.1853859e-02  -2.8679761e-01  -4.3417228e+00  -2.0794555e-02   8.5455897e-03   9.2307703e-04
   7.0182026e-02  -2.5374068e-01  -4.3774377e+00  -2.2107660e-02   8.6350121e-03   7.5855018e-04
   5.9302649e-02  -2.7465757e-01  -4.3718462e+00  -2.0901722e-02   8.7755130e-03   9.2919363e-04
   3.5901334e-02  -2.5355572e-01  -4.3351049e+00  -2.0536047e-02   8.5013410e-03   1.3624900e-03
   6.2589574e-02  -3.2231207e-01  -4.3890749e+00  -1.8243192e-02   7.5136931e-03   7.5794684e-04
   5.9758497e-02  -2.2540237e-01  -4.4540222e+00  -2.0986995e-02   6.5631012e-03   6.4444547e-04
   5.0002299e-02  -2.6665684e-01  -4.4320970e+00  -2.1779857e-02   7.4655727e-03   7.9361946e-04
   1.1192516e-02  -2.7987854e-01  -4.2121146e+00  -1.7003214e-02   9.5777430e-03   1.7596813e-03
   3.5472215e-02  -2.3557512e-01  -4.4547297e+00  -2.1608345e-02   7.8941371e-03   1.2862156e-03
   3.0561283e-02  -2.7493451e-01  -4.2804919e+00  -2.1902728e-02   8.3542283e-03   1.0903603e-03
   6.6460440e-02  -2.5492485e-01  -4.4572894e+00  -2.0135512e-02   7.5103134e-03   5.6795348e-04
   7.1697728e-02  -2.8076669e-01  -4.5365181e+00  -2.3004790e-02   8.7387540e-03   7.2683676e-04
   8.0639599e-02  -2.6313068e-01  -4.5016879e+00  -2.1907817e-02   8.3936895e-03   4.3616697e-04
   6.2570185e-02  -3.2087953e-01  -4.5549217e+00  -2.2676765e-02   8.5159153e-03   8.2988052e-04
   9.0014529e-02  -3.6659453e-01  -4.5850036e+00  -1.6954357e-02   8.3343029e-03   2.1301325e-03
   6.8605301e-02  -2.6463819e-01  -4.6974699e+00  -2.1372571e-02   6.8069887e-03   1.8666067e-03
   6.0459010e-02  -2.5709505e-01  -4.7134365e+00  -2.2969291e-02   6.8753857e-03   1.9647406e-03
   7.6192072e-02  -2.8016061e-01  -4.7749143e+00  -2.3635826e-02   5.5603953e-03   1.1717134e-03
   5.3077032e-02  -2.5857647e-01  -4.8060433e+00  -2.6744530e-02   7.5661065e-03   1.8056525e-03
   3.2491142e-02  -2.2783304e-01  -4.9237653e+00  -2.3135255e-02   9.9674532e-03   2.6966046e-03
   2.2117749e-02  -1.8632876e-01  -4.9180475e+00  -2.2685359e-02   7.5415145e-03   2.4965288e-03
   1.7334547e-02  -2.1113629e-01  -5.1720272e+00  -2.6838261e-02   4.4523121e-03   2.1017887e-03
   3.6793370e-02  -2.1932275e-01  -5.1970901e+00  -2.7645562e-02   4.7264969e-03   1.7010937e-03
   4.3224818e-02  -2.4151792e-01  -5.1913633e+00  -2.6972199e-02   4.6816998e-03   1.4262036e-03
   3.6586056e-02  -2.4601176e-01  -5.1355378e+00  -2.6022981e-02   5.3689435e-03   1.6137504e-03
   6.5892383e-02  -3.1517514e-01  -5.1881475e+00  -2.8416743e-02   4.4098914e-03   8.4752823e-04
   7.2816198e-02  -2.3673693e-01  -4.5295583e+00  -1.9402535e-02   6.1549565e-03   1.5974699e-03
   6.4304017e-02  -2.0757217e-01  -4.5985911e+00  -2.1726970e-02   6.3690789e-03   1.4434482e-03
   5.2433034e-02  -2.3178752e-01  -4.5711847e+00  -2.1041958e-02   5.8960731e-03   1.0752963e-03
   6.2463604e-02  -2.5649807e-01  -4.6537362e+00  -2.1687092e-02   6.0271496e-03   9.2256363e-04
   6.8408978e-02  -2.5702545e-01  -4.3867753e+00  -1.6705498e-02   9.0148992e-03   1.6605831e-03
   6.2664234e-02  -2.0932416e-01  -4.4134420e+00  -1.7985175e-02   7.7090945e-03   1.2087050e-03
   6.7342118e-02  -2.3940581e-01  -4.3717382e+00  -1.8043770e-02   7.7518031e-03   1.1414164e-03
   6.5073277e-02  -2.3968790e-01  -4.4674489e+00  -1.8420112e-02   7.9055169e-03   1.1587367e-03
   5.1701982e-02  -2.2492987e-01  -4.5438574e+00  -1.9562606e-02   8.3601195e-03   1.2256838e-03
   6.7606556e-02  -2.1328570e-01  -4.6334026e+00  -2.1873195e-02   8.2236868e-03   9.9388015e-04
   6.5255818e-02  -2.1332129e-01  -4.6541446e+00  -2.2559525e-02   8.3222393e-03   1.1066089e-03
   5.0681478e-02  -2.3151033e-01  -4.6332270e+00  -2.2513386e-02   9.7134912e-03   1.5234895e-03
   3.4245588e-02  -2.1684987e-01  -4.5422223e+00  -1.9950601e-02   8.1013745e-03   1.7625340e-03
   2.0238999e-02  -2.6376585e-01  -4.7134579e+00  -1.9836013e-02   9.6843086e-03   2.0861625e-03
   4.3016470e-02  -2.7328415e-01  -4.6878476e+00  -1.9164718e-02   8.5346865e-03   2.0371878e-03
   2.3330605e-02  -2.0025813e-01  -4.7532938e+00  -2.0799243e-02   7.1741451e-03   1.7314762e-03
   5.9907054e-02  -2.6997564e-01  -4.7393755e+00  -2.2574869e-02   7.2815542e-03   1.1154993e-03
   5.4998932e-02  -2.8655504e-01  -4.6436571e+00  -1.7344141e-02   1.0309764e-02   1.7706475e-03
   2.5450160e-02  -2.4325779e-01  -4.7700310e+00  -2.0786641e-02   8.5432607e-03   1.9578467e-03
   2.1220852e-02  -2.7399536e-01  -4.8143654e+00  -2.0664172e-02   7.0041191e-03   1.7413650e-03
   2.5172972e-02  -2.3302557e-01  -4.9195465e+00  -2.3540110e-02   6.3617307e-03   1.6947699e-03
   1.5926055e-02  -2.2841030e-01  -4.9124921e+00  -2.3101944e-02   7.1225660e-03   2.0759331e-03
   1.2174950e-02  -2.1172823e-01  -4.8660176e+00  -2.2402953e-02   6.5209136e-03   2.0504291e-03
   3.4982480e-03  -2.2377058e-01  -4.8804921e+00  -2.3363759e-02   6.8538755e-03   2.2410506e-03
   3.4240365e-02  -2.5262885e-01  -4.8878276e+00  -2.3049341e-02   6.2538135e-03   1.6968502e-03
   1.8379132e-02  -2.8590758e-01  -4.8847591e+00  -2.4858226e-02   6.9473986e-03   1.8778607e-03
   5.9622750e-02  -2.4800841e-01  -4.5280776e+00  -1.8344910e-02   6.5240984e-03   1.2544270e-03
   5.3617036e-02  -2.3979339e-01  -4.6441468e+00  -2.1739610e-02   6.7003474e-03   1.2250490e-03
   6.5962921e-02  -2.4792164e-01  -4.5994452e+00  -2.1232859e-02   6.6851459e-03   1.0016181e-03
   5.3296172e-02  -2.5232178e-01  -4.6252493e+00  -2.1795741e-02   6.7172200e-03   1.1850789e-03
   5.4871487e-02  -3.0564332e-01  -4.6870360e+00  -2.2246019e-02   8.9947908e-03   7.4063249e-04
   1.3086004e-02  -2.5941475e-01  -4.3812588e+00  -1.4113732e-02   9.9736860e-03   1.7449550e-03
   1.3048408e-02  -2.4161798e-01  -4.6139659e+00  -2.0269141e-02   8.3817756e-03   1.7192606e-03
   2.8598762e-02  -2.6369849e-01  -4.6207817e+00  -1.8976892e-02   7.4763809e-03   9.9774836e-04
   4.5184963e-02  -2.4215088e-01  -4.7856311e+00  -2.1220928e-02   7.3953102e-03   9.6797077e-04
   2.2918902e-02  -2.5644071e-01  -4.8092527e+00  -2.2016086e-02   7.3367003e-03   1.3900469e-03
   3.2055448e-02  -2.0846963e-01  -4.8138957e+00  -2.2143228e-02   7.6165252e-03   1.2188267e-03
   1.4185301e-02  -2.3932004e-01  -4.7918070e+00  -2.1823338e-02   7.1375380e-03   1.3319852e-03
   1.9461350e-02  -2.1954716e-01  -4.8005861e+00  -2.2546440e-02   6.7216184e-03   1.3771478e-03
   7.5716685e-03  -2.6579278e-01  -4.4974157e+00  -1.8522120e-02   1.0760863e-02   1.8890127e-03
   1.1459337e-02  -2.0779211e-01  -4.7098206e+00  -2.0601909e-02   8.5701637e-03   1.2293556e-03
   4.5933467e-02  -2.4261511e-01  -4.9085932e+00  -2.3426981e-02   5.1367481e-03   8.0878900e-04
   3.2086184e-02  -2.5619398e-01  -4.5585245e+00  -1.8010041e-02   8.4055179e-03   1.1865342e-03
   2.3882094e-02  -2.3202575e-01  -4.6375586e+00  -2.0225824e-02   7.9718520e-03   1.5014320e-03
   1.0562061e-02  -2.4848740e-01  -4.6355672e+00  -2.0453711e-02   8.1942318e-03   1.6303155e-03
   5.8824657e-02  -2.8395740e-01  -4.8223000e+00  -1.6600813e-02   1.0400854e-02   1.2615601e-03
   8.0452036e-03  -2.2092682e-01  -5.0085590e+00  -2.3403631e-02   1.1754157e-02   2.1915159e-03
   4.2124650e-02  -2.4103509e-01  -4.9927008e+00  -2.1515394e-02   1.0313342e-02   1.8782698e-03
   5.3169148e-02  -2.2540776e-01  -5.0411975e+00  -2.3561186e-02   9.3459545e-03   1.4254517e-03
   5.6486673e-02  -2.7385796e-01  -5.0929454e+00  -2.3181552e-02   8.4989780e-03   1.3058224e-03
   6.0899308e-02  -2.3686311e-01  -5.0704432e+00  -2.3627648e-02   1.0255399e-02   1.3681460e-03
   3.5848004e-02  -2.1432973e-01  -5.0154884e+00  -2.2377157e-02   9.5237245e-03   1.5763824e-03
   1.4939199e-02  -2.4329548e-01  -5.0639885e+00  -2.2705548e-02   1.0059585e-02   1.8605665e-03
   2.6767291e-02  -2.2258398e-01  -5.0377402e+00  -2.4053385e-02   9.1349019e-03   1.7985478e-03
   3.7521700e-02  -2.4883338e-01  -5.0457361e+00  -2.3040295e-02   9.5659702e-03   1.6417531e-03
   4.6609664e-02  -2.4790182e-01  -5.1132510e+00  -2.4382887e-02   8.5899576e-03   1.2442626e-03
   3.4554595e-02  -2.6763488e-01  -5.1523171e+00  -2.4017154e-02   8.7169738e-03   1.5069502e-03
   5.6094026e-02  -2.3842457e-01  -5.1016352e+00  -2.6104972e-02   7.8664950e-03   5.7992871e-04
   5.7330168e-02  -2.8201782e-01  -4.4363657e+00  -1.7011401e-02   8.9581390e-03   8.9005524e-04
   1.3197305e-02  -2.2957781e-01  -4.6266488e+00  -1.8397814e-02   8.9231852e-03   1.8378028e-03
   8.6854798e-03  -2.2894737e-01  -4.8161716e+00  -2.0384404e-02   8.0924038e-03   1.3488628e-03
   3.3110862e-02  -2.5909491e-01  -4.8428819e+00  -2.0089055e-02   6.7237752e-03   9.4789208e-04
   2.3512579e-02  -2.4388480e-01  -4.9294156e+00  -2.2950477e-02   6.1416539e-03   1.2975213e-03
   4.8065224e-02  -2.4246839e-01  -4.8995686e+00  -2.0591629e-02   9.1272488e-03   1.0746628e-03
   1.9925453e-02  -2.3154561e-01  -4.9189666e+00  -2.2177032e-02   8.1969131e-03   1.4758043e-03
   2.5525379e-02  -2.6087133e-01  -4.9704008e+00  -2.0382336e-02   9.7373423e-03   1.3679490e-03
   3.6390318e-02  -2.5434293e-01  -4.8896194e+00  -2.2417139e-02   9.3340808e-03   1.3177960e-03
   4.3843089e-02  -2.4422437e-01  -4.9004814e+00  -2.2404829e-02   9.2805832e-03   3.5565047e-04
   6.4139830e-02  -2.5895888e-01  -4.8210764e+00  -2.0933070e-02   1.0038106e-02   6.9321996e-04
   6.2011377e-02  -2.6024721e-01  -4.9091198e+00  -2.2975848e-02   1.0662786e-02   6.0094571e-04
   5.0342740e-02  -2.9259031e-01  -5.1886730e+00  -2.4252365e-02   9.0194750e-03   1.4955085e-03
   5.9454955e-02  -3.0350411e-01  -5.1397075e+00  -2.5272331e-02   8.8354548e-03   1.1194276e-03
   5.1445737e-02  -2.6711234e-01  -4.7705702e+00  -1.9379641e-02   7.1319239e-03   6.9591513e-04
   6.2790476e-02  -2.8237701e-01  -4.7809838e+00  -1.9584059e-02   7.1997965e-03   3.6257201e-04
   5.3794925e-02  -2.9459080e-01  -4.7137385e+00  -1.8846648e-02   7.8853067e-03   4.7821019e-04
   6.8386598e-02  -3.2387536e-01  -4.7410850e+00  -1.9971584e-02   8.0084162e-03   1.3913749e-04
   5.3461372e-02  -3.0040960e-01  -4.8262225e+00  -2.2067797e-02   8.0937149e-03   4.3991347e-04
   4.6881236e-02  -2.8863089e-01  -4.8965001e+00  -2.1553432e-02   7.5599695e-03   6.4773498e-04
   4.6550185e-02  -2.7423620e-01  -4.8947685e+00  -2.2875506e-02   7.1458769e-03   5.9665457e-04
   4.9788356e-02  -2.5850833e-01  -4.9038471e+00  -2.3376224e-02   6.7238013e-03   4.1232811e-04
   4.4122059e-02  -2.5473648e-01  -4.9291981e+00  -2.0295532e-02   6.8910136e-03   8.0431572e-04
   3.7632515e-02  -2.3700870e-01  -5.1158661e+00  -2.3799423e-02   6.9572303e-03   7.2897075e-04
   4.6608025e-02  -2.4591506e-01  -5.1468992e+00  -2.4310065e-02   6.6170400e-03   4.3648641e-04
   4.9607820e-02  -2.7213863e-01  -5.2032402e+00  -2.5599198e-02   7.0980900e-03   3.9619148e-04
   5.3431705e-02  -2.6328918e-01  -5.1843785e+00  -2.5160866e-02   7.1469797e-03   4.6574556e-04
   6.3087605e-02  -2.7453899e-01  -5.2089591e+00  -2.5084648e-02   7.0798588e-03   3.0071343e-04
   4.9396076e-02  -2.4487351e-01  -5.2640611e+00  -2.6142448e-02   7.2247766e-03   4.6250447e-04
   6.4997467e-02  -2.6210725e-01  -5.2233926e+00  -2.5831667e-02   7.3692598e-03   2.6961792e-04
   6.1673153e-02  -2.3878900e-01  -5.2253696e+00  -2.5307268e-02   6.9538635e-03   3.6144872e-04
   6.2577075e-02  -2.6274627e-01  -5.1911861e+00  -2.5064965e-02   6.6527055e-03   1.9894855e-04
   5.9408472e-02  -2.4521446e-01  -5.2175079e+00  -2.5691181e-02   6.6100060e-03   2.8615848e-04
   4.4983744e-02  -2.9058209e-01  -5.1674869e+00  -2.3008892e-02   6.7328399e-03   1.0803189e-03
   2.6456367e-02  -2.3305975e-01  -5.5237360e+00  -2.6695272e-02   5.5247304e-03   1.0484719e-03
   4.9130293e-02  -2.3613152e-01  -5.4893626e+00  -2.6316434e-02   5.8066429e-03   7.5208650e-04
   4.2255203e-02  -2.5406395e-01  -5.3816961e+00  -2.4745622e-02   6.1904338e-03   7.1551128e-04
   4.0512378e-02  -2.6509263e-01  -4.9075020e+00  -1.2123162e-02   4.9265371e-03   5.8387191e-04
  -4.1716144e-02  -2.1835790e-01  -5.2083653e+00  -1.5205466e-02   7.6675811e-03   1.9523817e-03
  -5.1349209e-02  -1.6394216e-01  -5.1280985e+00  -1.7821073e-02   3.4966202e-03   1.5719314e-03
   4.4979867e-02  -1.8393983e-01  -5.6175134e+00  -3.0253275e-02   4.2674226e-03  -1.0500649e-03
   8.6436124e-02  -2.7721148e-01  -4.8290823e+00  -1.8567088e-02   1.4594686e-03  -3.8763498e-04
  -4.4707201e-02  -2.5694831e-01  -4.2007872e+00  -2.2396260e-02  -4.7353036e-03   1.1765392e-03
   3.3251211e-02  -2.5213992e-01  -3.9106706e+00  -1.3730063e-02  -6.0765537e-03  -2.7514323e-04
   2.2202007e-02  -2.4717670e-01  -3.9443161e+00  -1.5038297e-02  -6.5348994e-03  -1.0049910e-04
   2.3843371e-02  -2.5829086e-01  -3.9274899e+00  -1.4611023e-02  -7.2908191e-03  -8.0976190e-05
   2.1965704e-02  -2.3624388e-01  -3.9373230e+00  -1.4833142e-02  -6.8304425e-03  -1.1545324e-04
   2.6340766e-02  -2.5319572e-01  -3.9711909e+00  -1.5622174e-02  -6.6782781e-03  -2.7830246e-04
   2.9090461e-02  -2.5819934e-01  -3.9837461e+00  -1.5535034e-02  -6.3795320e-03  -1.2672681e-04
   2.2408793e-02  -2.4517668e-01  -3.9924381e+00  -1.6142287e-02  -6.4716827e-03  -3.1193156e-04
   1.1283249e-02  -2.5677468e-01  -3.9176020e+00  -1.4969985e-02  -4.8727623e-03   1.9311908e-04
  -2.2166268e-02  -2.2926974e-01  -3.8018324e+00  -1.3963544e-02  -1.8637412e-03   1.1863375e-03
  -9.6129943e-03  -2.6733658e-01  -3.8174915e+00  -2.1731869e-02  -5.2789913e-03   6.8319692e-05
  -3.3530172e-02  -1.2593398e-01  -2.3744874e+00  -1.5955020e-02  -4.3905356e-03   1.5175911e-03
  -4.2377310e-02  -1.4891202e-01  -1.6048868e+00   9.3732500e-03  -1.2633044e-02   7.0846701e-04
  -4.2808368e-02  -9.6048145e-02  -1.4624056e+00   1.1339703e-02  -1.2024226e-02   1.0871894e-03
  -4.8241755e-02  -1.0232779e-01  -1.4352097e+00   1.0662291e-02  -1.2188637e-02   1.1153006e-03
  -3.9512775e-02  -1.2585698e-01  -1.4120546e+00   9.9258212e-03  -1.2476015e-02   6.7681062e-04
  -1.1335324e-02  -1.2050491e-01  -1.6267700e+00   8.2681127e-03  -1.4906744e-02   4.3266797e-04
   7.9717565e-03  -1.4432453e-01  -1.5097164e+00   9.5348993e-03  -1.1466893e-02   1.5595431e-04
   4.6746214e-04  -1.3108852e-01  -1.6252096e+00   8.5454891e-03  -1.2290009e-02   3.4789521e-04
  -9.3705360e-03  -1.3236491e-01  -1.5905045e+00   7.8866505e-03  -1.3185125e-02  -1.6848508e-05
  -9.7179890e-03  -1.3658964e-01  -1.6178904e+00   9.0198409e-03  -1.2713793e-02   2.3580694e-04
  -8.1869618e-05  -9.8319990e-02  -1.6758414e+00   7.0143117e-03  -1.3047963e-02   9.7225829e-05
  -5.7048436e-03  -1.2288475e-01  -1.6732843e+00   7.6219822e-03  -1.3354303e-02   3.0976886e-04
  -7.3016307e-03  -1.1468196e-01  -1.6950578e+00   6.8495969e-03  -1.3407261e-02   9.2358989e-05
  -9.7469011e-03  -1.2985281e-01  -1.6950427e+00   6.8963814e-03  -1.2532352e-02   3.8312721e-04
  -2.2440829e-03  -1.2828799e-01  -1.7231526e+00   6.4641636e-03  -1.2646265e-02   4.4228046e-04
  -7.5410849e-03  -1.0554419e-01  -1.7432475e+00   5.6723353e-03  -1.3229660e-02  -1.0423686e-04
  -3.7316464e-02  -1.6785990e-01  -2.2077818e+00   2.4331695e-03  -8.7197789e-03   1.4698602e-04
  -1.8415170e-01  -1.5378489e-01  -2.4945490e+00  -7.4604559e-05  -6.4300748e-03   3.8890583e-03
  -1.5830993e-01  -1.2654529e-01  -2.8835552e+00  -8.2207680e-03  -6.2383470e-03   3.3727414e-03
  -1.3511667e-01  -1.4162527e-01  -2.8306537e+00  -8.5053961e-03  -5.4567196e-03   2.9645702e-03
  -1.0148319e-01  -1.6709269e-01  -2.7915360e+00  -7.7696910e-03  -9.7189941e-04   3.4043262e-03
  -9.0178657e-02  -1.5995336e-01  -2.7603258e+00  -8.7145449e-03  -2.1751696e-03   2.9349483e-03
  -7.1649919e-02  -1.7432454e-01  -2.6233011e+00  -7.0056795e-03  -2.0282751e-03   2.7702701e-03
  -7.8652687e-02  -1.2119635e-01  -2.4386589e+00  -5.2191675e-03  -1.9033785e-03   2.8555065e-03
  -7.9635731e-02  -1.4713516e-01  -2.4751579e+00  -5.0933463e-03  -2.1560552e-03   2.6177504e-03
  -7.5631123e-02  -2.5283768e-01  -3.8194546e+00  -1.8483634e-02   5.9228481e-04   2.6756870e-03
  -6.9401582e-02  -1.5303442e-01  -3.0528508e+00  -1.7716142e-02  -1.2069986e-03   2.2694040e-03
   8.3546729e-02  -3.4312225e-01  -3.5506842e+00  -9.7104014e-03   2.2796290e-03   1.3959312e-03
   6.5091213e-02  -2.6100924e-01  -3.7683326e+00  -1.5446537e-02   1.6743378e-03   1.7638812e-03
   7.4516173e-02  -2.5393930e-01  -3.7420612e+00  -1.6413350e-02   2.3299281e-03   1.5482426e-03
   1.0914737e-01  -2.7571487e-01  -3.7029579e+00  -1.5986539e-02   2.9165650e-03   9.4121494e-04
   1.0264867e-01  -2.7633060e-01  -3.7040161e+00  -1.5806148e-02   2.5053537e-03   9.6907053e-04
   1.0975860e-01  -2.9501538e-01  -3.6576299e+00  -1.5190333e-02   2.8560969e-03   7.6206576e-04
   1.0421249e-01  -2.7597674e-01  -3.6852295e+00  -1.5606543e-02   2.6536110e-03   7.6211839e-04
   1.1315339e-01  -2.7701004e-01  -3.7578896e+00  -1.6772484e-02   1.3895803e-03   7.3592674e-04
   1.1596915e-01  -2.7224027e-01  -3.7100419e+00  -1.6152332e-02   1.9457484e-03   7.3560622e-04
   1.0402985e-01  -2.6668381e-01  -3.7077519e+00  -1.5921800e-02   1.9621453e-03   7.5584903e-04
   1.1032059e-01  -2.7108121e-01  -3.7190924e+00  -1.5654185e-02   1.8897321e-03   6.1592418e-04
   1.0474521e-01  -2.9376587e-01  -3.7360295e+00  -1.6872330e-02   3.2506400e-03   7.6756256e-04
   2.8756218e-02  -3.2337039e-01  -4.2989821e+00  -1.0554847e-02   2.3305362e-03   1.6001796e-03
   1.8691182e-02  -3.3424479e-01  -4.5225513e+00  -3.7240603e-02   2.9446552e-03   8.9402108e-04
   3.8675084e-02  -2.5054511e-01  -3.4002072e+00  -6.6024521e-03   8.2385169e-03   2.0506793e-03
  -4.1266994e-02  -2.7083143e-01  -4.3361928e+00  -1.9183217e-02   4.6600425e-03   3.6540712e-03
  -1.3103212e-02  -3.1033637e-01  -4.4501485e+00  -2.0457021e-02   1.6923781e-03   1.3130642e-03
   4.9451791e-02  -2.5787676e-01  -3.7961836e+00  -1.1706434e-02   6.0154397e-03   2.0488256e-03
   6.0611879e-02  -2.5906136e-01  -3.9422010e+00  -1.4590733e-02   5.7312887e-03   1.7054318e-03
   8.5417540e-02  -3.0776202e-01  -4.0438999e+00  -1.6893208e-02   5.0615765e-03   1.2423150e-03
   8.1436178e-02  -2.7729308e-01  -4.1218271e+00  -1.8681628e-02   4.4401747e-03   1.2986418e-03
   7.4017898e-02  -2.7255493e-01  -4.1666854e+00  -1.8680181e-02   4.4823359e-03   1.5065847e-03
   8.2605812e-02  -2.7138025e-01  -4.2015386e+00  -1.9296422e-02   3.6333198e-03   1.2297129e-03
   7.3081655e-02  -2.3326186e-01  -4.2433970e+00  -2.0940312e-02   3.9065696e-03   1.3652061e-03
   7.8087631e-02  -2.3768232e-01  -4.2530563e+00  -2.0802014e-02   3.9127130e-03   1.3062890e-03
   7.1579685e-02  -2.3166270e-01  -4.3160075e+00  -2.1897850e-02   3.7016013e-03   1.5301586e-03
   8.2249137e-02  -2.6554007e-01  -4.3130208e+00  -2.1074496e-02   3.3782435e-03   1.2582648e-03
   5.6415656e-02  -2.6752586e-01  -4.3356169e+00  -2.3298790e-02   5.8663727e-03   2.0491310e-03
   2.7852234e-02  -2.5382662e-01  -4.0825758e+00  -1.5662516e-02   6.2510989e-03   2.5499773e-03
   4.4250607e-02  -2.2889140e-01  -4.1918324e+00  -1.6904332e-02   5.7552903e-03   2.1546428e-03
   2.8229045e-02  -2.3573402e-01  -4.3389737e+00  -2.0368140e-02   6.9313201e-03   2.3066244e-03
   3.6019646e-02  -2.2865277e-01  -4.4053507e+00  -2.0448084e-02   4.3787237e-03   2.0951696e-03
   3.7668738e-02  -2.5581977e-01  -4.4641638e+00  -2.0721117e-02   3.8990163e-03   2.1410149e-03
   2.9536227e-02  -2.2815603e-01  -4.5336023e+00  -2.1917799e-02   4.7734951e-03   2.2139894e-03
   5.5662849e-02  -2.5182734e-01  -4.5542471e+00  -2.2480751e-02   3.4658941e-03   1.7753101e-03
   6.4834192e-02  -2.5065566e-01  -4.5961759e+00  -2.2836145e-02   2.8834686e-03   1.4283069e-03
   6.1681829e-02  -2.6844271e-01  -4.6318865e+00  -2.3736639e-02   3.1325274e-03   1.4878012e-03
   7.5381574e-02  -2.7785867e-01  -4.6354446e+00  -2.3578549e-02   2.7051546e-03   1.3300659e-03
   5.3846726e-02  -2.2227548e-01  -4.6266941e+00  -2.3370080e-02   3.2148373e-03   1.7234412e-03
   6.9553096e-02  -2.9760003e-01  -4.3834503e+00  -1.8444632e-02  -6.7942471e-04   1.4928173e-03
   8.4299587e-02  -2.3566300e-01  -4.5755791e+00  -2.1702067e-02  -6.9006363e-04   9.9314835e-04
   8.4813111e-02  -2.6508641e-01  -4.5293076e+00  -2.1765093e-02  -1.0240183e-03   8.0537207e-04
   7.2262247e-02  -2.7511745e-01  -4.5111143e+00  -2.1135017e-02  -4.6657701e-04   9.0534949e-04
   6.8580610e-02  -2.5906634e-01  -4.5531779e+00  -2.1926972e-02   1.9783747e-04   1.0481934e-03
   8.4458996e-02  -2.6989650e-01  -4.5787289e+00  -2.1997324e-02   1.4379332e-04   6.2815571e-04
   9.3255536e-02  -2.5648558e-01  -4.6330820e+00  -2.1545691e-02   2.2621384e-04   1.0140358e-03
   7.7183061e-02  -2.7715934e-01  -4.6298551e+00  -2.1139567e-02   2.8776142e-04   9.0090370e-04
   4.7644690e-02  -2.4693551e-01  -4.6913367e+00  -1.9952319e-02   3.2798319e-03   1.6322718e-03
   5.3188091e-02  -2.5213366e-01  -4.8208618e+00  -2.3970650e-02   2.3961562e-03   1.5802063e-03
   6.7808349e-02  -2.8159620e-01  -4.8094112e+00  -2.3208210e-02   1.9292259e-03   1.1022756e-03
   6.3078828e-02  -2.6343041e-01  -4.8815467e+00  -2.3592367e-02   1.7211366e-03   1.1383495e-03
   6.9028741e-02  -2.6424143e-01  -4.9081430e+00  -2.4456931e-02   1.1809620e-03   1.0573675e-03
   6.8363594e-02  -2.6653855e-01  -4.9512995e+00  -2.4893522e-02   1.4520176e-03   1.2051970e-03
   7.9248329e-02  -2.4750915e-01  -4.9437042e+00  -2.5324726e-02   1.6115386e-03   1.1438181e-03
   5.2004731e-02  -2.5545902e-01  -4.7147019e+00  -2.0822505e-02   3.5855719e-03   1.6541981e-03
   6.0077648e-02  -2.2042065e-01  -4.8414809e+00  -2.3791494e-02   2.5138399e-03   1.1768782e-03
   2.9203744e-02  -2.6518060e-01  -4.8117124e+00  -2.4347728e-02   3.4133043e-03   1.5412183e-03
   7.0827952e-02  -2.4935952e-01  -4.5813183e+00  -2.0306440e-02   1.9063940e-04   1.0077633e-03
   8.8989922e-02  -2.5311259e-01  -4.5967682e+00  -2.1238803e-02   5.0894815e-04   6.7466574e-04
   7.7208752e-02  -2.6161926e-01  -4.6172527e+00  -2.1474146e-02  -2.5061985e-05   7.6613194e-04
   9.0595031e-02  -2.9968140e-01  -4.6502583e+00  -1.9591868e-02   3.6190198e-04   6.2480767e-04
   6.2965972e-02  -2.0743872e-01  -4.7898419e+00  -2.2735437e-02   1.6930783e-03   1.0059512e-03
   6.1624792e-02  -2.7397823e-01  -4.7798455e+00  -2.2635873e-02   2.6595006e-03   1.1368634e-03
   4.9298796e-02  -2.3962557e-01  -4.7697155e+00  -2.2442907e-02   2.2620221e-03   1.3616058e-03
   6.2094727e-02  -2.8810614e-01  -4.7747347e+00  -2.2292499e-02   1.9946852e-03   9.8560047e-04
   6.1932256e-02  -2.5475718e-01  -4.7914546e+00  -2.2604402e-02   1.7104543e-03   1.0892413e-03
   6.2694913e-02  -2.4608140e-01  -4.8199439e+00  -2.3906737e-02   1.3567937e-03   9.6370718e-04
   7.9226266e-02  -2.6422543e-01  -4.6628402e+00  -2.1108722e-02   8.6652783e-04   9.5754531e-04
   9.7822961e-02  -2.6498593e-01  -4.7058588e+00  -2.3593070e-02   1.0618162e-04  -2.4231435e-04
   1.0216564e-01  -2.8150843e-01  -4.6254167e+00  -2.0537563e-02  -1.4706223e-03   2.8415057e-04
   8.2728146e-02  -2.8191010e-01  -4.6508376e+00  -2.1375431e-02   1.1775450e-03   4.7293705e-04
   5.1793202e-02  -2.7842627e-01  -4.7135356e+00  -2.1322916e-02   2.5182138e-03   1.0694095e-03
   6.6084711e-02  -3.0220644e-01  -4.7390507e+00  -2.2398271e-02   2.2379896e-03   7.2712285e-04
   6.5244928e-02  -2.8547489e-01  -4.7569572e+00  -2.2735573e-02   1.8301039e-03   6.6281067e-04
   6.6953241e-02  -3.0067632e-01  -4.8132160e+00  -2.2141806e-02   2.0396785e-03   8.6864225e-04
   5.5726693e-02  -2.4494611e-01  -4.8358514e+00  -2.2760929e-02   1.5369778e-03   9.5602695e-04
   6.8836846e-02  -2.7218553e-01  -4.8290734e+00  -2.3091874e-02   3.1814106e-04   7.0999662e-04
   6.3190997e-02  -2.5762221e-01  -4.8218716e+00  -2.2860561e-02   7.6854098e-04   7.3766551e-04
   5.5965721e-02  -3.2354793e-01  -4.8719805e+00  -2.8379183e-02   1.0044716e-04   6.4361056e-04
  -2.1904028e-02  -2.3171032e-01  -4.6567288e+00  -1.5201321e-02   3.6790511e-03   2.3865057e-03
  -1.4869712e-03  -1.5842769e-01  -4.9466829e+00  -3.0183657e-02   2.9529680e-03   2.4482083e-03
  -2.2077305e-02  -2.1871370e-01  -3.8557071e+00  -2.4509280e-02  -6.9120490e-03   2.7649052e-03
  -1.2473088e-01  -6.5841260e-02  -3.3700692e+00  -1.2739676e-02  -3.8756085e-03   4.4369389e-03
  -1.4181915e-01  -1.3762781e-01  -3.8705006e+00  -1.8145282e-02  -2.8290123e-03   5.3438517e-03
  -1.3058501e-01  -1.1839211e-01  -3.7771365e+00  -1.8915861e-02  -4.2097525e-03   5.3081967e-03
  -1.1077650e-01  -1.0112769e-01  -3.7126781e+00  -1.8220648e-02  -4.7859581e-03   5.2394239e-03
  -1.0619807e-01  -1.2836320e-01  -3.6812077e+00  -1.8174227e-02  -4.5800375e-03   5.0305227e-03
  -1.0184839e-01  -1.2780126e-01  -3.6663623e+00  -1.7647397e-02  -4.5166627e-03   4.9497009e-03
  -1.0074056e-01  -1.0401246e-01  -3.6550108e+00  -1.7287856e-02  -4.3087560e-03   4.7744155e-03
  -9.4751454e-02  -1.0862786e-01  -3.6678727e+00  -1.8231856e-02  -4.6117530e-03   4.6541013e-03
  -1.7155037e-02  -2.4927065e-01  -4.1191782e+00  -1.5960063e-02  -9.8466616e-03   2.3723943e-03
  -4.3874686e-03  -1.8903283e-01  -4.1147204e+00  -1.7093852e-02  -9.9067751e-03   1.8264004e-03
   3.3538609e-03  -2.0459184e-01  -4.0984057e+00  -1.7120658e-02  -9.4954736e-03   1.9279497e-03
   3.8322071e-03  -2.2121542e-01  -4.0604022e+00  -1.6736668e-02  -9.6916870e-03   1.6189434e-03
  -5.2173485e-03  -2.1698653e-01  -4.0783656e+00  -1.7346168e-02  -1.0100831e-02   1.6212379e-03
  -3.4263223e-03  -2.2755337e-01  -4.0724288e+00  -1.6677170e-02  -1.0563252e-02   1.6947051e-03
   1.1789138e-02  -2.0304062e-01  -4.1146343e+00  -1.7699775e-02  -1.0278793e-02   1.2908332e-03
   1.0526503e-02  -2.3408516e-01  -4.1325672e+00  -1.7948701e-02  -1.0616858e-02   1.3625129e-03
  -3.1432908e-05  -2.3101297e-01  -4.1772564e+00  -1.4787329e-02  -7.1528190e-03   2.4528867e-03
  -2.2419107e-02  -1.8495052e-01  -4.1586259e+00  -1.4904480e-02  -4.6786385e-03   2.9475493e-03
   7.7792116e-03  -1.5867255e-01  -4.1817263e+00  -1.8060525e-02  -5.9497936e-03   2.9281635e-03
   7.7775137e-03  -1.5629897e-01  -4.2268047e+00  -1.8538595e-02  -6.6593143e-03   2.7538688e-03
   6.7533526e-04  -1.7153616e-01  -4.2721333e+00  -1.8729634e-02  -6.8704825e-03   2.7344826e-03
   8.4576960e-04  -1.5013368e-01  -4.1105716e+00  -1.8068383e-02  -6.0820872e-03   2.0990686e-03
   3.7589380e-03  -1.8674140e-01  -4.3248354e+00  -1.7813537e-02  -1.3057003e-03   2.6552693e-03
  -4.7509876e-03  -3.2196197e-01  -4.1218662e+00  -2.1054076e-02  -3.5467733e-04   1.5303120e-03
  -7.6887015e-02  -1.5181240e-01  -3.4159440e+00  -1.4158511e-02   7.6143264e-04   3.8705062e-03
  -5.0566343e-02  -1.8303528e-01  -3.0862955e+00  -8.7872215e-03  -1.0343584e-03   3.6751568e-03
  -5.5655660e-02  -1.7990990e-01  -3.1419095e+00  -1.0783891e-02  -1.3051678e-03   3.3256749e-03
  -4.6065851e-02  -1.9628429e-01  -3.2076859e+00  -1.1814651e-02  -7.2945218e-04   2.8452339e-03
   4.3492377e-02  -2.2338972e-01  -3.0842648e+00  -2.0227577e-03  -2.6075863e-03   1.3395713e-03
  -4.4572689e-02  -1.7157045e-01  -3.2989404e+00  -1.5198874e-02  -7.2925555e-04   2.1667707e-03
  -5.2512634e-02  -1.1133586e-01  -2.6772811e+00   1.1915069e-03  -4.7558802e-03   2.7538524e-03
  -3.1227624e-02  -3.2457654e-01  -3.4786284e+00  -2.1333286e-02  -5.2309001e-03   2.8124663e-03
   1.0821312e-01  -2.2798703e-01  -2.6339452e+00  -2.7429962e-03  -5.1221607e-03  -4.3352921e-04
   9.8410775e-02  -2.7494599e-01  -2.6902359e+00  -3.1321332e-03  -5.5172379e-03   1.8208528e-05
   7.4595322e-02  -2.6860985e-01  -2.8105852e+00  -4.4406208e-03  -4.3617229e-03   2.6678303e-04
   7.4688480e-02  -2.6682482e-01  -2.9254464e+00  -5.3247648e-03  -3.5161578e-03   4.5110164e-04
   8.0935435e-02  -2.5366124e-01  -2.9647742e+00  -6.2583399e-03  -3.1893986e-03   4.8203705e-04
   5.6593948e-02  -2.4766245e-01  -2.9780282e+00  -7.1277997e-03  -2.5191570e-03   5.6799094e-04
   8.2191887e-02  -2.6066179e-01  -3.0846876e+00  -8.2771713e-03  -2.6496234e-03   5.1634670e-04
   7.8846397e-02  -2.6787576e-01  -3.1293178e+00  -6.7636524e-03  -2.5215527e-03   5.4705359e-04
   9.1945943e-02  -2.3631085e-01  -3.0522193e+00  -6.4658352e-03  -2.0220745e-03  -2.0223711e-04
   8.7670197e-02  -2.6973772e-01  -3.0646922e+00  -7.7730432e-03  -2.0032929e-03  -3.2162575e-04
   8.5465608e-02  -2.5405088e-01  -3.1095150e+00  -7.3508376e-03  -1.4099316e-03  -2.6426792e-04
   9.9230772e-02  -2.5945754e-01  -3.1190004e+00  -7.7105701e-03  -1.7564910e-03  -6.5389370e-04
   9.3652973e-02  -2.7532545e-01  -3.1310649e+00  -7.4603360e-03  -1.5023572e-03  -5.5131525e-04
   1.0805927e-01  -2.3977923e-01  -3.2451211e+00  -9.2336757e-03  -1.6505720e-03  -5.5184130e-04
   6.1396599e-02  -2.8550564e-01  -3.4044119e+00  -9.0465381e-03   1.2465592e-03   3.0612808e-04
   6.2454491e-02  -2.4700867e-01  -3.4313460e+00  -1.0707965e-02  -2.6284082e-04   2.2309374e-04
   7.8940940e-02  -2.7780888e-01  -3.4195322e+00  -1.0206369e-02  -3.3233616e-04   2.4670124e-04
   4.7387885e-02  -2.7160659e-01  -3.4476179e+00  -1.1804639e-02   1.4245237e-03   5.6529462e-04
   5.6030571e-02  -2.6242070e-01  -3.4488511e+00  -1.1889065e-02   5.7158383e-04   4.2234230e-04
   7.4172366e-02  -2.9685997e-01  -3.4332061e+00  -1.1638841e-02   7.7868304e-04   3.2854382e-04
   8.0894015e-02  -2.8346503e-01  -3.5639462e+00  -1.3602656e-02  -1.6081321e-03  -1.7024112e-04
   8.1173903e-02  -3.0646652e-01  -3.5339091e+00  -1.2702021e-02  -1.6250130e-03   1.7394260e-06
   1.0140857e-01  -2.6434792e-01  -3.5349589e+00  -1.2854349e-02  -1.1909488e-03  -1.2987578e-04
   8.4515773e-02  -2.9892525e-01  -3.6394223e+00  -1.3899852e-02  -2.1297614e-03   1.4572707e-06
   1.1463216e-01  -2.8120731e-01  -3.3445653e+00  -7.5627160e-03   3.4294117e-04  -2.1899516e-04
   7.1962504e-02  -2.0676319e-01  -3.5070741e+00  -1.3657437e-02   1.9245338e-03   3.9224939e-04
   1.0433400e-01  -3.8333256e-01  -4.2613750e+00  -2.8164346e-02   3.7931024e-03  -1.3957725e-03
   2.8542256e-03  -2.5606325e-01  -3.6817501e+00  -9.5865710e-03   2.8318973e-03   1.5431864e-03
  -7.2738501e-02  -3.1933618e-01  -4.2621767e+00  -2.1895924e-02   5.9760301e-03   2.5765353e-03
  -2.7395809e-02  -2.4388212e-01  -4.7173474e+00  -2.3278675e-02   4.0779483e-03   2.4010492e-03
  -1.2355182e-02  -2.6070058e-01  -4.5119618e+00  -2.2895125e-02   5.6089824e-03   1.9633840e-03
   2.2019518e-03  -2.4435746e-01  -4.3428122e+00  -2.0025985e-02   5.5189694e-03   2.3489790e-03
  -6.8770376e-03  -2.6715668e-01  -4.2086742e+00  -1.8573050e-02   5.9380701e-03   1.9624489e-03
   3.3781697e-02  -3.3645318e-01  -4.2809577e+00  -1.8329009e-02   4.5548042e-03   1.4393230e-03
   6.7433412e-02  -3.2499743e-01  -4.3180231e+00  -2.0066531e-02   9.7671618e-03  -4.1409445e-04
   5.0995923e-02  -2.7793294e-01  -4.4756887e+00  -2.0388018e-02   7.9415976e-03   1.7946100e-03
   4.7549132e-02  -2.6463196e-01  -4.4009609e+00  -1.9857354e-02   7.8527375e-03   1.7810821e-03
   3.7863120e-02  -2.3958012e-01  -4.3659866e+00  -1.9024033e-02   6.8914948e-03   1.7121967e-03
   5.9512158e-02  -2.6082402e-01  -4.3706320e+00  -2.0026963e-02   6.3463934e-03   1.1152167e-03
   6.3477560e-02  -2.3875450e-01  -4.4132537e+00  -2.0600430e-02   5.8439190e-03   1.0663610e-03
   6.8144278e-02  -2.3071329e-01  -4.4391441e+00  -2.1404405e-02   5.6991361e-03   8.8345148e-04
   5.6616785e-02  -2.5991662e-01  -4.3975610e+00  -2.0235108e-02   7.5762265e-03   1.1545148e-03
   4.9868743e-02  -2.1588186e-01  -4.4165505e+00  -2.0621621e-02   7.1509231e-03   1.3854814e-03
   5.2092652e-02  -2.1891985e-01  -4.4744871e+00  -2.1478658e-02   5.6390247e-03   1.3595421e-03
   7.8247741e-02  -2.4670859e-01  -4.4271948e+00  -2.1120159e-02   5.8873647e-03   9.5074286e-04
   7.6245780e-02  -2.3535579e-01  -4.4720326e+00  -2.1257211e-02   5.2593701e-03   1.0209119e-03
   7.7672557e-02  -2.8271483e-01  -4.4498131e+00  -2.3046554e-02   4.4618120e-03   4.3088030e-04
   3.8937942e-02  -2.5152683e-01  -4.3397080e+00  -1.8659088e-02   9.0523907e-03   1.4400932e-03
   1.8069363e-02  -2.4054862e-01  -4.2198021e+00  -1.9107365e-02   1.2167679e-02   2.0471604e-03
   3.7610059e-02  -2.3761235e-01  -4.1850920e+00  -1.7786195e-02   1.1212543e-02   1.6347698e-03
   3.7524056e-02  -2.7406503e-01  -4.2765410e+00  -1.8458436e-02   1.0314799e-02   1.6744772e-03
   4.4383599e-02  -2.7735880e-01  -4.2866328e+00  -1.8151824e-02   1.0586083e-02   1.4275589e-03
   4.3712231e-02  -2.4788707e-01  -4.3506540e+00  -1.9996797e-02   1.0299368e-02   1.6850723e-03
   4.0442157e-02  -2.6733980e-01  -4.0826658e+00  -1.3112266e-02   7.2404394e-03   1.9183105e-03
   1.0009705e-01  -2.6298764e-01  -4.3690367e+00  -2.1111106e-02   4.6205662e-03   5.2556041e-04
   5.3365639e-02  -2.4408304e-01  -4.0929319e+00  -1.6522183e-02   8.8979436e-03   1.2092847e-03
   6.3722185e-02  -2.4786255e-01  -4.0634127e+00  -1.6297157e-02   8.1092155e-03   9.2369315e-04
   8.2603684e-02  -2.5913009e-01  -4.1075266e+00  -1.7813924e-02   7.1236098e-03   4.1592306e-04
   8.9802622e-02  -2.6695771e-01  -4.1484413e+00  -1.7574630e-02   7.2584511e-03   4.4104358e-04
   5.8564189e-02  -1.8794019e-01  -4.1386022e+00  -1.6423923e-02   8.7575264e-03   1.0862036e-03
   7.8618880e-02  -2.3960657e-01  -4.2770757e+00  -1.8413907e-02   9.7458756e-03   1.4315116e-03
   7.6094321e-02  -2.6552560e-01  -4.2451139e+00  -1.8784059e-02   9.2055528e-03   1.1571642e-03
   8.2324566e-02  -2.7462977e-01  -4.2214756e+00  -1.7112337e-02   1.0032054e-02   9.8579806e-04
   7.4143231e-02  -2.4137128e-01  -4.2968426e+00  -1.9059671e-02   9.5750267e-03   9.5026394e-04
   6.7518755e-02  -2.4265448e-01  -4.2932776e+00  -1.8605467e-02   1.0072822e-02   1.0663940e-03
   7.0049137e-02  -2.5940007e-01  -4.2926909e+00  -1.8764497e-02   9.6998020e-03   9.6786580e-04
   8.0201718e-02  -2.5952139e-01  -4.3512716e+00  -1.9348892e-02   8.5471093e-03   7.9642246e-04
   9.9785834e-02  -2.8207439e-01  -4.3315425e+00  -2.0445501e-02   7.7045722e-03   3.3906002e-04
   6.6999310e-02  -2.9294170e-01  -4.2178706e+00  -1.5724918e-02   9.8253732e-03   1.2543626e-03
   4.5247934e-02  -2.1620234e-01  -4.4238677e+00  -1.8525054e-02   1.1189816e-02   1.9147662e-03
   6.5171932e-02  -2.2368150e-01  -4.4212693e+00  -1.9966707e-02   1.0817248e-02   1.4014840e-03
   6.7838099e-02  -1.9819385e-01  -4.4023541e+00  -1.9410202e-02   8.6670900e-03   1.4060080e-03
   7.9864669e-02  -2.3252375e-01  -4.6171224e+00  -1.9201819e-02   7.1359532e-03   1.0958066e-03
   6.2998136e-02  -1.9612532e-01  -4.5599765e+00  -2.3263577e-02   1.0630386e-02   1.4687494e-03
   4.2876985e-02  -2.3476061e-01  -4.6683186e+00  -2.2576836e-02   8.8169656e-03   1.9796689e-03
   4.1685433e-02  -1.9172060e-01  -4.0765484e+00  -1.5906914e-02   5.7910782e-03   1.8999086e-03
   1.9482288e-02  -2.4498113e-01  -4.4199380e+00  -1.7329120e-02   6.0532107e-03   2.4311191e-03
   5.0076212e-02  -2.4248613e-01  -4.2316089e+00  -1.7146765e-02   4.8977266e-03   1.6561404e-03
   7.9423042e-02  -2.6622281e-01  -4.2525956e+00  -1.6785839e-02   3.8764903e-03   1.1338074e-03
   7.3388965e-02  -2.2054641e-01  -4.2327289e+00  -1.7577259e-02   3.8604285e-03   1.1600888e-03
   8.9253347e-02  -2.2733932e-01  -4.1997873e+00  -1.4783849e-02   3.7991638e-03   9.2944796e-04
   1.2360839e-01  -2.6282601e-01  -4.3571115e+00  -1.8054897e-02   2.1901577e-03   1.7489029e-04
   1.0896510e-01  -2.5947092e-01  -4.3297152e+00  -1.9111370e-02   1.8450225e-03   3.8629186e-04
   1.1017995e-01  -2.5102243e-01  -4.3004722e+00  -1.8119039e-02   1.9473604e-03   2.4914502e-04
   1.0554139e-01  -2.5912872e-01  -4.3257480e+00  -1.8167074e-02   1.4077897e-03   1.9411497e-04
   8.3047737e-02  -2.5530838e-01  -4.3148752e+00  -1.8031775e-02   4.3995375e-03   8.3873115e-04
   9.5369628e-02  -2.7512440e-01  -4.3976540e+00  -1.8844504e-02   3.9260096e-03   5.4475112e-04
   1.0328356e-01  -2.6479457e-01  -4.5398192e+00  -2.0672059e-02   1.4817134e-03  -1.2523615e-05
   7.7854704e-02  -2.3479690e-01  -4.4375710e+00  -1.9602695e-02   4.8086825e-03   6.8721897e-04
   4.9902369e-02  -2.5149947e-01  -4.3290552e+00  -1.8319286e-02   6.8156433e-03   1.2352969e-03
   5.3984291e-02  -2.6337889e-01  -4.3195327e+00  -1.8335244e-02   5.9209965e-03   1.0046858e-03
   6.7263374e-02  -2.6466121e-01  -4.3354983e+00  -1.8020584e-02   5.9672743e-03   7.6688534e-04
   6.5824384e-02  -2.6142705e-01  -4.4017606e+00  -1.9202274e-02   5.3797610e-03   7.3094960e-04
   7.2777352e-02  -2.4468659e-01  -4.4020368e+00  -2.0246464e-02   6.7037165e-03   1.0421722e-03
   4.3188346e-02  -2.7621861e-01  -4.6902812e+00  -2.1544906e-02   3.8478422e-03   1.4959545e-03
   9.5980311e-03  -2.6475127e-01  -4.6627306e+00  -2.3287474e-02   2.4974112e-03   2.0567826e-03
   1.2432080e-01  -2.5373202e-01  -3.6007534e+00  -1.0616291e-02   5.4703772e-03   9.4668308e-04
   4.1691459e-02  -2.3281544e-01  -4.0813478e+00  -1.4407184e-02   1.6023079e-03   1.6089646e-03
   5.6317461e-02  -2.3548747e-01  -4.0001687e+00  -1.4377558e-02   2.4081849e-03   1.3932307e-03
   5.6959208e-02  -2.6185978e-01  -4.0241884e+00  -1.4867934e-02   2.8268641e-03   1.5828162e-03
   7.0519588e-02  -2.9105832e-01  -4.0146441e+00  -1.4926877e-02   2.9240843e-03   1.3712056e-03
   6.3244276e-02  -2.2843665e-01  -4.0395090e+00  -1.6138719e-02   2.7752202e-03   1.4857207e-03
   6.0231512e-02  -2.5755477e-01  -3.9935650e+00  -1.5216207e-02   4.2508765e-03   2.0689400e-03
   4.7131438e-02  -2.3880174e-01  -3.9893769e+00  -1.4345805e-02   5.9058218e-03   2.1439488e-03
   4.1340393e-02  -2.3007900e-01  -3.8969920e+00  -1.3828373e-02   5.7902643e-03   2.0053796e-03
   6.1086733e-02  -2.4029283e-01  -3.9113570e+00  -1.4068420e-02   5.7263349e-03   1.7518210e-03
   7.2134812e-02  -2.3118822e-01  -3.9436706e+00  -1.5297688e-02   5.1900757e-03   1.4181094e-03
   5.7042040e-02  -2.3443523e-01  -3.9558925e+00  -1.5693801e-02   5.5537889e-03   1.8438300e-03
   6.3124901e-02  -2.5771925e-01  -3.9951245e+00  -1.5934389e-02   5.2238725e-03   1.7407253e-03
   5.6449318e-02  -2.3461875e-01  -3.9994130e+00  -1.5660210e-02   4.8291202e-03   1.7647184e-03
   5.8377997e-02  -2.8011119e-01  -4.0805738e+00  -1.5668050e-02   5.4050983e-03   2.1014817e-03
   5.8729767e-02  -2.6731032e-01  -4.1371985e+00  -1.6710275e-02   5.0965899e-03   1.8244101e-03
   7.3544797e-02  -2.3161344e-01  -4.2699562e+00  -1.7323209e-02   4.1582586e-03   8.8567817e-04
   4.0494178e-02  -2.6005872e-01  -4.3572543e+00  -1.7510603e-02   5.6915686e-03   1.9662050e-03
   1.2786397e-02  -2.1618864e-01  -4.5200715e+00  -1.6177578e-02   6.2167349e-03   2.5090259e-03
  -4.5828036e-02  -2.6380735e-01  -5.6680198e+00  -3.0719008e-02   4.5084613e-03   4.3569583e-03
  -4.8931639e-02  -2.8855412e-01  -6.2199106e+00  -3.2468998e-02  -1.2622024e-03   3.6766059e-03
  -2.0387102e-02  -3.0868931e-01  -6.2197945e+00  -3.2358667e-02  -1.2470646e-03   2.5062652e-03
  -9.5483024e-03  -3.1686136e-01  -6.2355200e+00  -3.2358339e-02  -1.7992172e-03   2.4789012e-03
   2.1795789e-02  -3.3848978e-01  -6.2656398e+00  -3.3245436e-02  -1.2351047e-03   1.8596032e-03
   3.1504445e-02  -3.3180099e-01  -6.2487968e+00  -3.3528507e-02  -1.2156942e-03   1.5104326e-03
   3.8287218e-02  -3.2157923e-01  -6.2375341e+00  -3.3464226e-02  -1.7664363e-03   1.1010182e-03
   3.4118387e-02  -3.1840651e-01  -6.2410877e+00  -3.3850428e-02  -2.0634323e-03   1.0637584e-03
   4.0221480e-02  -3.2113583e-01  -6.2186895e+00  -3.4040946e-02  -1.9772198e-03   1.1144601e-03
   5.8087544e-02  -3.4189091e-01  -6.2307552e+00  -3.7024768e-02  -2.0183646e-03   3.5123458e-04
   6.5464117e-02  -2.8094544e-01  -5.2507941e+00  -2.4238442e-02  -2.4284251e-03   7.7467788e-04
   4.1297685e-02  -2.3872332e-01  -5.2022264e+00  -2.3061657e-02  -1.8156212e-03   1.3777271e-03
   1.5763271e-02  -2.6669363e-01  -5.1467544e+00  -2.3072275e-02  -1.8192680e-03   1.6543919e-03
   1.7468361e-02  -2.5032947e-01  -5.1453801e+00  -2.3748002e-02  -1.2332744e-03   1.7216744e-03
   3.5684040e-02  -2.8104680e-01  -5.2385015e+00  -2.5200098e-02  -3.0081916e-03   1.1891421e-03
   2.7659172e-02  -3.0037294e-01  -5.2546552e+00  -2.7441994e-02  -2.1988936e-03   1.1006782e-03
   2.6977874e-02  -3.1820553e-01  -5.8101462e+00  -3.0645374e-02  -1.0412988e-03   1.4393420e-03
   2.7786032e-02  -2.5939122e-01  -5.6674224e+00  -2.9607011e-02  -9.8175737e-04   1.3436410e-03
   2.3386992e-02  -2.7314334e-01  -5.6361267e+00  -3.1950482e-02   3.9742284e-04   9.3104711e-04
   3.2660640e-02  -2.6637289e-01  -5.5189560e+00  -2.8598426e-02  -1.4634086e-03   1.5849346e-03
   2.6368970e-02  -3.0079223e-01  -5.4743487e+00  -2.7969346e-02  -7.5962837e-04   1.5519214e-03
   4.2335995e-02  -3.1734614e-01  -5.1664467e+00  -1.9515771e-02  -4.1029110e-04   1.2172776e-03
  -2.1495102e-02  -2.0237963e-01  -4.9752305e+00  -2.1737395e-02   1.2981747e-03   2.4549169e-03
  -3.9467263e-02  -2.6423869e-01  -5.0632414e+00  -2.0085476e-02   2.2042939e-03   2.8371304e-03
  -1.3231701e-02  -2.4588252e-01  -5.0959376e+00  -2.2922675e-02   4.0265350e-03   2.8667791e-03
   4.4541222e-03  -2.7181758e-01  -5.0954054e+00  -2.3976052e-02   2.2458108e-03   2.4429364e-03
   1.9516072e-02  -2.8633395e-01  -5.1294353e+00  -2.3817766e-02   1.0351889e-03   2.1950315e-03
  -2.2620549e-02  -2.9702100e-01  -5.2092952e+00  -2.3258731e-02   4.3656996e-03   3.3928484e-03
   3.4649894e-03  -2.5141323e-01  -5.2679483e+00  -2.5559686e-02   1.8651867e-03   2.4439675e-03
   5.9841836e-03  -2.7772881e-01  -5.2081349e+00  -2.6171453e-02   6.6566816e-04   2.5268099e-03
   3.2371219e-02  -2.3088915e-01  -5.0891733e+00  -2.4076417e-02   2.5384993e-04   2.0742465e-03
   5.5080624e-02  -3.5020881e-01  -5.2276598e+00  -2.5727679e-02  -6.0656944e-04   9.8826521e-04
   2.9398343e-02  -2.9902523e-01  -4.7260776e+00  -1.9309175e-02   2.2233029e-04   1.6031043e-03
   1.8789616e-02  -2.8164341e-01  -5.0269527e+00  -2.1592618e-02   3.0575523e-04   2.0063285e-03
   2.1411437e-02  -2.7093849e-01  -5.0592134e+00  -2.2042990e-02   2.6653708e-04   1.9881446e-03
   2.8687884e-02  -2.8101779e-01  -5.0685410e+00  -2.2712301e-02   6.8044987e-04   1.7812442e-03
   1.3072166e-02  -2.8561773e-01  -5.0895842e+00  -2.2815981e-02   1.0569269e-03   1.1563445e-03
   3.4007411e-02  -2.5422272e-01  -5.0478607e+00  -2.2123248e-02   1.1205584e-03   9.9970271e-04
   3.1917453e-02  -2.8215044e-01  -5.0052248e+00  -2.2401063e-02   1.2239065e-03   1.2534650e-03
   4.8171604e-02  -2.9355778e-01  -4.9614488e+00  -2.1575317e-02   8.3568708e-04   9.8934055e-04
   2.7113440e-02  -2.6549787e-01  -5.0025247e+00  -2.2657323e-02   1.5061278e-03   1.3296120e-03
   2.8819421e-02  -2.7212126e-01  -5.0093497e+00  -2.2334549e-02   1.2231247e-03   1.0942583e-03
   1.8993607e-02  -2.7986967e-01  -5.0162958e+00  -2.1685416e-02   4.5255998e-04   1.3949862e-03
   2.1342799e-02  -2.5433624e-01  -5.0483213e+00  -2.2413758e-02  -6.0964589e-05   1.3515180e-03
   3.3269804e-02  -2.6547204e-01  -5.0007752e+00  -2.2396864e-02  -2.9189374e-04   1.0625539e-03
   1.6789592e-02  -2.6721989e-01  -4.9624147e+00  -2.1605629e-02  -1.0438077e-03   1.3599887e-03
   5.6046138e-02  -2.2228821e-01  -4.0308447e+00  -1.8372042e-02  -3.7717853e-03   2.5696542e-04
  -4.4525009e-02  -1.9920868e-01  -4.1255568e+00  -2.9451155e-02  -6.4551154e-03   1.7311648e-03
  -2.8018744e-02  -1.7839959e-01  -3.2131828e+00  -8.8191363e-03  -1.7921821e-02   9.1994888e-04
  -5.3500468e-02  -2.0175609e-01  -3.1097677e+00   8.4561690e-04  -1.8639264e-02   2.2117441e-03
  -8.6990311e-02  -1.3627603e-01  -3.5579712e+00  -9.1825859e-03  -1.7945400e-02   2.4181019e-03
  -8.1154107e-02  -1.6633974e-01  -3.4550768e+00  -7.8138532e-03  -1.7181730e-02   2.2988313e-03
  -8.1860040e-02  -1.9389116e-01  -3.4606598e+00  -7.9918636e-03  -1.6027675e-02   2.2562380e-03
  -6.8386917e-02  -1.9345557e-01  -3.4212330e+00  -7.7276256e-03  -1.5327603e-02   1.6271866e-03
  -5.3157772e-02  -2.3147000e-01  -3.4638804e+00  -8.6286981e-03  -1.5621843e-02   1.2045330e-03
  -5.0934029e-02  -1.9079326e-01  -3.4622572e+00  -7.7483303e-03  -1.5772114e-02   1.2054240e-03
  -5.4526595e-02  -1.7871061e-01  -3.4878492e+00  -8.3298739e-03  -1.5677322e-02   1.1534615e-03
  -1.3735838e-02  -3.0182932e-01  -3.5785028e+00  -1.0596885e-02  -1.5431086e-02  -7.1268049e-04
   1.2221816e-01  -2.4994348e-01  -3.2828061e+00  -3.8694512e-03  -5.2145929e-03  -1.8431323e-04
   1.0938172e-01  -2.1828121e-01  -3.8162493e+00  -1.1312144e-02  -4.2441827e-03  -3.5386391e-04
   1.1637057e-01  -2.2663364e-01  -3.7409023e+00  -1.1416848e-02  -4.1038552e-03  -1.5921758e-04
   1.1221469e-01  -2.3749164e-01  -3.7530340e+00  -1.1438068e-02  -4.1440667e-03  -2.5441704e-04
   9.9303825e-02  -2.3758466e-01  -3.7731470e+00  -1.1472423e-02  -4.0908987e-03   1.5204320e-04
   1.0514606e-01  -2.4027216e-01  -3.7920483e+00  -1.1353644e-02  -3.5571419e-03   3.0034294e-05
   8.3351803e-02  -2.1055193e-01  -3.7412559e+00  -1.0977524e-02  -2.5443113e-03   3.4042985e-04
   8.3788182e-02  -2.4197806e-01  -3.7521629e+00  -1.1130232e-02  -2.7170057e-03   3.8979922e-04
   2.9277037e-02  -2.6110876e-01  -3.9631915e+00  -1.0886938e-02  -2.4517240e-03   1.3198777e-03
   1.6113028e-02  -2.0314777e-01  -3.8569678e+00  -1.1572205e-02  -3.3439588e-04   1.7219796e-03
   3.7594464e-02  -2.5092871e-01  -3.8618578e+00  -1.1288623e-02  -1.2139658e-03   1.3497380e-03
   4.1688092e-02  -2.5897692e-01  -3.8932085e+00  -9.8271468e-03  -1.3651242e-03   1.6529650e-03
   7.9091879e-02  -2.9391277e-01  -3.9291100e+00  -1.0852832e-02  -3.4313746e-03   5.2268132e-04
   6.2244251e-02  -3.1597478e-01  -3.6941146e+00  -1.2962901e-02   3.6633502e-03   1.5396659e-03
  -8.6668255e-02  -2.6271502e-01  -3.9360205e+00  -1.2329031e-02  -3.8176724e-04   2.8479709e-03
  -3.7347037e-02  -2.4694274e-01  -4.0037300e+00  -1.4681301e-02  -2.5328495e-04   1.9073061e-03
   1.1641676e-01  -2.6577114e-01  -3.6558503e+00  -9.9284613e-03  -1.0393188e-03  -1.9308625e-04
   1.0429976e-01  -2.4741535e-01  -3.6463805e+00  -1.0646360e-02  -5.3971160e-04  -2.4434645e-05
   1.0116873e-01  -2.8259969e-01  -3.6512660e+00  -1.0590541e-02  -1.2219886e-04   2.8696937e-05
   1.0600896e-01  -2.4662071e-01  -3.6467162e+00  -1.0831773e-02   4.6174016e-04  -4.4726630e-05
   9.3408813e-02  -2.3018964e-01  -3.6670497e+00  -1.1228341e-02   7.1715771e-04   1.5554891e-04
   9.4846067e-02  -2.5516558e-01  -3.6807905e+00  -1.1806881e-02   5.0037710e-04   2.0345384e-04
   8.2964393e-02  -2.1652166e-01  -3.6340353e+00  -1.1630128e-02   1.5108614e-03   4.5057948e-04
   8.5890767e-02  -1.9942859e-01  -3.6489892e+00  -1.2770436e-02   3.2983388e-04   8.9365608e-04
   9.9367780e-02  -2.2791106e-01  -3.4259568e+00  -8.2099880e-03  -1.4631292e-03   5.7644069e-04
   1.0060333e-01  -2.4332422e-01  -3.4450163e+00  -9.1977011e-03  -1.1568478e-03   5.6663112e-04
   9.8872170e-02  -2.3980365e-01  -3.4660652e+00  -9.4009827e-03  -1.2228688e-03   5.1335499e-04
   8.7500663e-02  -2.0642841e-01  -3.4787357e+00  -1.0648994e-02  -1.1567864e-03   8.0117415e-04
   3.7171980e-02  -2.2237538e-01  -3.6082601e+00  -1.0449927e-02   1.6458439e-03   1.6278213e-03
   3.2277362e-02  -2.0125032e-01  -3.6313759e+00  -1.1064304e-02   1.3244368e-03   1.6313644e-03
   5.8805032e-02  -1.6387043e-01  -3.6626236e+00  -1.5041914e-02   1.9414966e-03   4.3636551e-04
   8.2663295e-02  -2.6212515e-01  -3.6930053e+00  -1.3613474e-02  -8.6459027e-04   7.4853870e-04
   3.2575057e-02  -1.9611525e-01  -3.8018860e+00  -1.3658635e-02  -9.0388548e-04   1.6569309e-03
   2.3173846e-02  -1.5783637e-01  -3.4226175e+00  -1.0230138e-02   1.8397807e-03   1.8971744e-03
   7.6981288e-02  -2.0787694e-01  -3.3261721e+00  -4.9249933e-03   2.8824090e-03   1.3715064e-03
   8.8872109e-02  -2.2920475e-01  -3.4926105e+00  -8.2241621e-03   2.5196689e-03   9.8511046e-04
   8.3774758e-02  -2.5040975e-01  -3.5425364e+00  -9.2133496e-03   1.9118502e-03   9.7005483e-04
   9.2804972e-02  -2.3990398e-01  -3.5274088e+00  -8.9644418e-03   1.1846550e-03   9.8673729e-04
   9.3601298e-02  -2.0370277e-01  -3.4883802e+00  -8.7227305e-03   1.9088412e-03   1.0656233e-03
   4.8216264e-02  -2.1522422e-01  -3.6213495e+00  -1.0335094e-02   2.3026140e-03   2.0078326e-03
   7.6214272e-02  -2.1168779e-01  -3.6585660e+00  -1.1385577e-02   1.2824229e-03   1.1187646e-03
   4.6835935e-02  -1.9307896e-01  -3.4989169e+00  -8.8017977e-03   2.5299904e-03   1.8784913e-03
   5.8058749e-02  -1.9356217e-01  -3.5254137e+00  -9.9030198e-03   2.9602485e-03   1.7583071e-03
   6.9831164e-02  -2.4289611e-01  -3.4691634e+00  -8.2806187e-03   2.8266306e-03   1.5204516e-03
   3.3405992e-02  -1.9593596e-01  -3.5283784e+00  -9.1737470e-03   2.3672785e-03   2.0269333e-03
   1.3995409e-01  -3.0005426e-01  -3.5362165e+00  -1.6361838e-02   5.5578088e-03  -9.1744973e-04
   2.6062866e-02  -2.0704605e-01  -3.2384536e+00  -6.0705673e-03  -4.7408365e-03   1.1421565e-03
   5.2362677e-03  -2.5294110e-01  -3.4338483e+00  -7.3690629e-03  -1.4957293e-03   3.7392136e-04
  -3.7562990e-04  -1.7194266e-01  -2.6563076e+00   1.3420156e-03   4.2648099e-04   1.4668068e-03
   4.5017820e-02  -1.6752446e-01  -2.9195760e+00  -3.9552146e-03   2.1069814e-03   1.1780239e-03
   3.2343601e-02  -1.9384411e-01  -2.9124816e+00  -4.2081609e-03   1.7125639e-03   1.1204829e-03
   4.7307736e-02  -2.1234024e-01  -2.7771750e+00  -3.2970033e-03   9.0101452e-04   9.7436905e-04
   6.2431649e-02  -2.3307714e-01  -2.7465503e+00  -1.6826256e-03   1.7658113e-04   5.2467385e-04
   6.3505859e-02  -2.0172889e-01  -2.7993854e+00  -2.2334371e-03   6.8177140e-05   7.3509952e-04
   7.4546053e-02  -2.4320007e-01  -2.9114913e+00  -3.5497968e-03   1.5362792e-04   4.4135702e-04
   7.5634600e-02  -2.2655616e-01  -2.9433248e+00  -3.7993163e-03   3.2943617e-04   3.2610154e-04
   6.4931811e-02  -1.9976360e-01  -2.9506971e+00  -4.4988524e-03   7.7635811e-04   5.4292798e-04
   7.4473295e-02  -2.4491902e-01  -2.9848173e+00  -3.1589135e-03  -1.9374453e-04   3.2345516e-04
   8.7775286e-02  -2.1796763e-01  -3.0480589e+00  -4.4439804e-03   5.8840281e-04   1.0750211e-04
   6.9134475e-02  -2.4813305e-01  -3.0486712e+00  -4.0891102e-03   8.6619449e-04   6.7418736e-04
   7.4975487e-02  -2.3632230e-01  -3.0581022e+00  -3.6152334e-03   1.9310339e-03   3.3815926e-04
   8.1101574e-02  -2.2638979e-01  -3.1119784e+00  -4.5846042e-03   1.7628781e-03   2.9073680e-04
   5.2743574e-02  -2.4263039e-01  -3.2111632e+00  -6.0450681e-03   2.5169729e-03   7.5283548e-04
   3.8217995e-02  -2.1988826e-01  -3.2207476e+00  -6.2472893e-03   3.6457688e-03   1.0060638e-03
   3.8915312e-02  -2.2113614e-01  -3.3988408e+00  -8.9193071e-03   3.4002330e-03   1.1092050e-03
   8.1063814e-02  -1.7367157e-01  -3.3444057e+00  -9.4010327e-03   1.0219493e-03   7.1877361e-04
   3.4824096e-02  -2.0519183e-01  -3.3074668e+00  -8.1796259e-03   4.8094594e-03   6.5920603e-04
   4.6232944e-02  -2.5090057e-01  -3.3060206e+00  -7.7117441e-03   4.5702761e-03   4.9221245e-04
   6.0714406e-02  -2.0834893e-01  -3.2621951e+00  -7.6482197e-03   4.3974989e-03   3.7621634e-04
   6.5640461e-02  -2.0540600e-01  -3.3081388e+00  -8.2987175e-03   3.2523214e-03   1.8630954e-04
   5.4351494e-02  -2.3409278e-01  -3.3224826e+00  -8.3348605e-03   2.9274694e-03   1.6418765e-04
   4.5168088e-02  -2.0611341e-01  -3.3529311e+00  -8.6418308e-03   4.0025005e-03   3.4533236e-04
   2.8644105e-02  -2.1548008e-01  -3.3480838e+00  -8.8292482e-03   4.7135479e-03   5.5078720e-04
   3.8037344e-02  -2.0743699e-01  -3.3571046e+00  -8.5035626e-03   4.4390443e-03   5.3790036e-04
   5.7608769e-02  -2.2013228e-01  -3.3290697e+00  -7.8597344e-03   4.3188160e-03   1.1150508e-04
  -5.1627759e-03  -2.1404358e-01  -3.2767613e+00  -6.1233391e-03  -2.0963557e-04   9.9704844e-04
   6.3001856e-02  -1.8897508e-01  -3.6376899e+00  -1.2893416e-02   1.9832862e-03   5.7480963e-04
  -1.8775976e-02  -1.9693107e-01  -3.3497652e+00  -7.2574280e-03   4.5490844e-03   1.6603666e-03
   2.1738671e-02  -2.4992724e-01  -3.3316168e+00  -1.9790893e-02   4.3310572e-03  -6.2464436e-04
   1.7385457e-02  -1.5586416e-01  -2.6871989e+00   7.8030284e-04   2.8326343e-03   5.3420509e-04
   2.4591160e-02  -1.5903318e-01  -2.6089054e+00   1.1406962e-03   3.4574723e-03   5.7299774e-04
   4.7225702e-02  -1.7398959e-01  -2.5903636e+00   1.3205882e-03   3.8002056e-03   3.4883488e-04
   3.6111307e-02  -1.6116814e-01  -2.6427676e+00   1.1815730e-03   3.2942151e-03   4.4508023e-04
   3.8897223e-02  -1.9598066e-01  -2.6584235e+00   5.9602073e-04   3.6538919e-03   5.9309641e-04
   4.2721616e-02  -1.6767034e-01  -2.6916668e+00   1.6681359e-04   3.1267325e-03   5.0930688e-04
   4.9035927e-02  -1.8925658e-01  -2.7119737e+00  -2.6735735e-04   3.0277991e-03   3.0795568e-04
   3.3077364e-02  -1.7350414e-01  -2.8411994e+00  -2.1487252e-03   3.8760114e-03   9.0987624e-04
   3.7219536e-02  -1.8938462e-01  -2.7550298e+00  -1.5359650e-03   3.3440919e-03   7.7332851e-04
   3.5762968e-02  -1.7347800e-01  -2.7927794e+00  -1.2752658e-03   3.2823199e-03   8.7481466e-04
   4.2742772e-02  -2.0563117e-01  -2.7971024e+00  -1.6540316e-03   3.3520899e-03   7.8009183e-04
   9.1282800e-03  -1.7714144e-01  -2.9435054e+00  -8.6926097e-04   3.7049310e-03   1.2634188e-03
   1.9508583e-02  -1.7760749e-01  -3.1355780e+00  -5.6173359e-03   4.7422295e-03   1.0049799e-03
   2.8746493e-02  -2.2682933e-01  -3.0935704e+00  -5.3662593e-03   3.0526783e-03   1.3207040e-03
   7.7998341e-02  -2.3733077e-01  -2.9901666e+00  -4.1645794e-03   2.7541608e-03   3.9081157e-04
   2.4247787e-02  -1.7685059e-01  -2.9303227e+00  -2.0561749e-03   9.1447853e-03   1.6378790e-03
   1.5168695e-02  -1.8220417e-01  -3.2502871e+00  -6.8268597e-03   8.4995779e-03   1.9437422e-03
   3.7528266e-02  -2.2177193e-01  -3.1748642e+00  -7.6510067e-03   7.8392263e-03   1.7176912e-03
   6.4105196e-02  -2.0627889e-01  -3.0622964e+00  -4.5838186e-03   7.6591938e-03   1.0776868e-03
   4.8260819e-02  -1.9508118e-01  -3.1246091e+00  -5.8784916e-03   7.2709429e-03   8.3308370e-04
   1.9281277e-02  -2.1634898e-01  -3.1705839e+00  -5.9230187e-03   7.2571628e-03   1.7011262e-03
   4.7712052e-02  -1.9776439e-01  -3.4077441e+00  -9.6259117e-03   7.7947638e-03   1.2820698e-03
   1.0304315e-01  -2.2011019e-01  -3.0523929e+00  -2.7102397e-03   7.4203452e-03   4.9985443e-04
   4.2489994e-02  -1.5971681e-01  -3.1591243e+00  -4.4215735e-03   7.1050217e-03   1.3576722e-03
   4.9602846e-02  -1.8146183e-01  -3.2879801e+00  -8.7244390e-03   6.1328521e-03   7.8467461e-04
   1.2660294e-02  -2.9590041e-01  -3.9024413e+00  -1.0987009e-02   9.3572597e-03   2.5049929e-03
   1.8137430e-02  -1.8341330e-01  -4.2680112e+00  -1.5753077e-02   6.4463472e-03   2.3928489e-03
   2.3093907e-02  -2.3443921e-01  -4.0319910e+00  -1.5729120e-02   5.7160652e-03   2.0016005e-03
   3.1133898e-02  -2.2394857e-01  -3.9118684e+00  -1.4147250e-02   4.9914737e-03   1.7596806e-03
   5.5366502e-02  -2.2019535e-01  -3.8702442e+00  -1.4915756e-02   5.6648367e-03   1.3022099e-03
   4.4535555e-02  -1.8492038e-01  -3.7609864e+00  -1.3961175e-02   5.7232878e-03   8.9720106e-04
   4.5908418e-02  -1.7721478e-01  -3.6777090e+00  -1.2829633e-02   5.4132330e-03   9.5602205e-04
   2.9604367e-02  -2.1579105e-01  -3.7329771e+00  -1.2976812e-02   5.5140333e-03   1.0523615e-03
   5.8099029e-02  -1.9732526e-01  -3.7447789e+00  -1.4581533e-02   5.4443245e-03   8.7636813e-04
   1.2194112e-01  -2.0365251e-01  -3.5694654e+00  -9.6834080e-03   1.7661688e-03  -2.6204560e-04
   8.3960188e-02  -1.9220632e-01  -3.6587775e+00  -1.2528557e-02   6.0716309e-03   5.5969176e-04
   8.6327996e-02  -2.1567711e-01  -3.6287909e+00  -1.2585665e-02   5.9887331e-03   5.6413153e-04
   2.8424332e-02  -2.3017490e-01  -3.6784780e+00  -1.3926519e-02   5.1304655e-03   1.7173150e-03
   6.5821504e-02  -1.8648385e-01  -3.5596895e+00  -1.0265903e-02   5.0183699e-03   1.2559467e-03
   6.2307175e-02  -1.9746628e-01  -3.5361989e+00  -1.0724718e-02   3.8245611e-03   8.9952589e-04
   4.8770404e-02  -2.2487424e-01  -3.0515171e+00   2.5569412e-03  -1.4753166e-03   1.1546560e-03
   6.5780974e-02  -3.5570173e-01  -3.4260921e+00  -2.1699906e-02  -5.2464091e-03   7.0502607e-04
   1.0159826e-02  -2.0423967e-01  -1.8964536e+00   6.6598563e-03  -7.7018110e-03   2.5790267e-03
  -2.6203846e-02  -1.3593997e-01  -1.7500848e+00   1.2783124e-02  -1.0581590e-02   1.7381018e-03
  -6.1669278e-02  -1.0892999e-01  -2.0678165e+00   5.7384953e-03  -1.2130623e-02   1.9243393e-03
  -6.9150600e-02  -1.2518160e-01  -2.0344546e+00   4.4552619e-03  -1.1576761e-02   1.9025622e-03
  -6.4699033e-02  -1.1748152e-01  -2.0367332e+00   7.9030607e-03  -1.2236472e-02   1.9041267e-03
  -4.7423108e-02  -1.3092628e-01  -2.3256749e+00   2.2788884e-03  -1.5203127e-02   1.1227278e-03
  -4.5106043e-02  -2.1892727e-01  -2.4721970e+00   7.1837000e-03  -1.4580356e-02   1.4542578e-03
  -4.6932859e-02  -1.4087160e-01  -2.8400295e+00   1.2941986e-04  -1.5197244e-02   1.2635195e-03
  -2.2824830e-02  -1.5687291e-01  -2.9139083e+00  -2.4001306e-03  -1.5099991e-02   1.0043049e-03
  -8.5686858e-03  -1.8655969e-01  -2.9166864e+00  -2.0418146e-03  -1.5289677e-02   6.1722168e-04
   2.3143407e-02  -1.9939760e-01  -3.1543772e+00  -5.0532310e-03  -1.5711252e-02   1.0899755e-04
  -1.9418897e-03  -1.5989211e-01  -2.9946792e+00  -2.4573999e-03  -1.3457213e-02   6.5188960e-04
  -1.8351250e-02  -1.9539682e-01  -2.9915198e+00  -2.6799702e-03  -1.1015382e-02   4.8671470e-04
  -9.0089499e-02  -1.8999258e-01  -3.6447797e+00  -9.1777241e-03  -8.9610097e-03   2.5466076e-03
  -2.6612288e-02  -1.6045492e-01  -3.8783592e+00  -1.2192801e-02  -1.2318888e-02   1.3904307e-03
   3.1105918e-02  -3.2154987e-01  -4.0082867e+00  -1.5742853e-02  -9.3770265e-03   2.0501476e-05
  -1.3370630e-01  -1.5661560e-01  -2.8807083e+00  -1.0941652e-03  -1.7113851e-02   2.1044327e-03
  -1.3634364e-01  -4.8569433e-02  -3.5018716e+00  -9.1260266e-03  -1.2682214e-02   3.1246703e-03
  -1.4888684e-01  -1.4960203e-01  -4.1897964e+00  -1.4834508e-02  -1.4080898e-02   2.9142418e-03
  -1.2921886e-01  -1.4643254e-01  -4.2099491e+00  -1.5310145e-02  -1.5502460e-02   2.3650969e-03
  -1.0502396e-01  -1.7283598e-01  -4.3538369e+00  -1.6627227e-02  -1.7056646e-02   1.6625774e-03
  -1.4623223e-01  -2.6859118e-01  -4.5493323e+00  -1.5141570e-02  -1.5289347e-02   2.2713323e-03
  -1.4606535e-01  -1.6151668e-01  -4.7930668e+00  -2.1471835e-02  -1.6487781e-02   2.4889095e-03
  -1.2081871e-01  -2.0862576e-01  -4.7525260e+00  -2.1029220e-02  -1.6452052e-02   1.9119444e-03
  -1.2093641e-01  -1.9618271e-01  -4.7369215e+00  -2.0538782e-02  -1.7094390e-02   1.7488730e-03
  -9.3954991e-02  -2.1004568e-01  -4.7704945e+00  -2.1774845e-02  -1.6926569e-02   1.3907061e-03
  -7.7751536e-02  -1.9854081e-01  -4.7388423e+00  -1.9956589e-02  -1.7465358e-02   1.1130093e-03
  -6.5493110e-02  -1.9603157e-01  -4.7300764e+00  -1.9719075e-02  -1.7597787e-02   1.0792068e-03
  -6.9180802e-02  -2.0402494e-01  -4.7397264e+00  -1.9557595e-02  -1.8255730e-02   1.2162190e-03
  -7.9835613e-02  -1.9908262e-01  -4.7547290e+00  -2.0155611e-02  -1.7777392e-02   1.4030403e-03
  -7.0395085e-02  -1.7459925e-01  -4.7613681e+00  -2.0149733e-02  -1.7928837e-02   1.3269401e-03
  -6.8423725e-02  -1.7986290e-01  -4.7310338e+00  -2.0209796e-02  -1.7416187e-02   1.0748111e-03
  -5.8667625e-02  -1.6922520e-01  -4.7204550e+00  -2.0556131e-02  -1.8304754e-02   7.5977124e-04
   1.5272219e-02  -1.9972862e-01  -4.6002297e+00  -1.7458472e-02  -1.5972766e-02  -3.0151965e-04
  -4.5720414e-02  -2.6205105e-01  -4.6132031e+00  -1.9325498e-02  -9.3622985e-03   1.0391977e-03
  -7.0516450e-03  -1.8740422e-01  -4.2967839e+00  -1.1531810e-02  -8.6635560e-03   7.4469832e-04
   6.7334891e-03  -2.2622781e-01  -4.5708881e+00  -1.4710489e-02  -1.0874098e-02   3.1601220e-04
   1.5851022e-02  -2.2597364e-01  -4.6479789e+00  -1.6168286e-02  -1.1557847e-02  -7.9568161e-05
   7.9338223e-03  -2.4945572e-01  -4.6700277e+00  -1.5978618e-02  -1.1967023e-02   2.0763092e-04
